k4_temp10_1	k4_temp10_2	k4_temp10_3	k4_temp14_1	k4_temp14_2	k4_temp14_3	k4_temp20_1	k4_temp20_2	k4_temp20_3	k4_temp26_1	k4_temp26_2	k4_temp26_3
4.83901282360692	4.23127664045743	4.83602778807376	4.62898599969386	4.84706100235096	4.68675745622589	4.82390730943812	4.38875124670698	4.63930405383766	4.58544522519856	4.84106461757704	4.94237643986064
4.51983533973559	4.23127664045743	4.5772935196736	4.74087887976475	4.79815140187002	4.99795914452018	4.86719140716692	4.86025569764486	4.97214792620421	4.57791155251315	4.96073484823966	4.71805914159969
8.948335098821	8.8675860211788	9.01489699076713	8.88302404764677	8.82662910244615	8.84700240301306	8.79244253989677	8.78970241781955	8.83287619913761	8.97704684789273	8.70789241852758	8.93151544722887
8.67209603429567	8.72173515471535	8.54307780433568	8.75893369992212	8.68584473074458	8.6538235668638	8.74681992277098	8.66885916589972	8.78260653187021	8.26785465574267	8.89746067338894	8.57464465536015
9.46335485733483	9.45086607851291	9.44413086576168	9.41161438840584	9.41082928080299	9.42772498094958	9.37740504061793	9.40157528706457	9.41033376682102	9.55746768207186	9.44987386025257	9.40704470686408
4.67595454165287	4.68499460790033	4.91968571712067	4.81434104170577	4.90595469140453	5.10179495550472	4.82390730943812	4.76072002409394	4.92048580638172	4.63710734502105	5.16143219847679	4.69083767286467
4.79427450884163	4.57807940398382	4.56435446396609	4.3612902164902	4.87090774430533	4.76475996822716	4.53277236809635	4.61287455612255	4.75337582054646	4.45169383630973	4.92439300117594	4.93078846558542
9.88006582280397	9.85491960934264	9.82962104486363	9.89123242846748	9.82204911434289	9.80685130171619	9.7051843466084	9.73144223157169	9.70947596103075	9.70827322000622	9.707357790009	9.68997867013558
3.73632715963235	3.79517752565075	4.42815008036779	4.19835164536399	4.47932921785047	4.53178279624954	3.84571167975646	4.2752931969237	4.2780378109998	3.88312577383924	3.83324511311774	3.90732949276143
8.97614085738617	9.04589393430052	8.9915257188808	9.07353338124517	9.00221654446293	9.02264400870317	8.97169333361118	8.93064502553625	8.99328834092593	9.07796608133691	8.92024666098577	8.9198395511001
4.60000568841957	4.7629971199016	4.94984768763093	4.52027974025135	4.79815140187002	4.77736000500679	4.58555978245579	4.58139632464938	4.50544830710288	4.74867557406686	5.15517320800511	4.95387207869847
8.85815787287362	8.8491832397935	8.87453735118036	8.86584890383864	8.84480502841059	8.75444078501258	8.71459595278524	8.75073186947843	8.71001945135208	8.68172113625521	8.57177800243091	8.68567596774889
4.2485333179182	4.39421521158363	4.3992952176956	4.67478968930698	4.84706100235096	4.50172556239336	4.73323695049805	4.76072002409394	4.57392804498564	4.62983934455701	5.19232620642257	4.89545539247314
4.99541438094949	4.70771468440041	4.97939196324494	4.88424305493593	5.01698600379327	5.15103847452458	4.92977594454494	4.85148548801712	4.77846680150929	4.62983934455701	4.84884196816876	5.33414415981663
4.60000568841957	4.35157087417514	4.75862328438816	4.46920555565708	4.97359340827989	4.83876054967093	4.36172682676013	4.53832760275749	4.57392804498564	4.18039181449234	4.53850184755661	4.70451260976175
4.3447486331775	4.16714630303771	4.61542864856037	4.66347437607915	4.58402659651717	4.65979040862562	4.32079656270525	4.53832760275749	4.49539464243895	4.5082773646761	4.55761067050432	4.82208220614292
9.00464864572249	9.03020622199788	8.86797068057652	8.95498048152389	8.91458499654797	8.8626072916253	8.76362075360944	8.734724815561	8.76073920895995	8.63574738101691	8.74587415254215	8.82521509562789
6.40550266425659	6.54691847249736	6.52148265670509	6.7542744731338	6.50622444491353	6.59008143681421	7.27197643445856	7.07136231143478	7.19816066321935	6.88922597337566	7.47207448581763	6.96527684197072
9.64242918181818	9.67385959774601	9.67833121838974	9.69611672193135	9.62885782996498	9.65851387554641	9.5941729127605	9.56573100568325	9.60523442680334	9.79713076589125	9.60745921995488	9.51381055573715
4.56047732423293	4.6734989690625	4.65258164697783	4.70821269084443	4.94017040674244	4.97626407342087	4.66128710861903	4.49393348339904	4.80312885574356	4.37552215582432	4.82538299534477	4.90732949276143
4.83901282360692	4.84726603679921	5.10978860050062	4.81434104170577	5.19755824943509	5.21727217292466	4.88133558948719	5.00963332168308	4.93543614784769	4.88312577383924	5.12986211947592	5.2894751104829
5.01504318769842	4.79517752565075	5.3846484417312	4.81434104170577	5.34956134288015	5.20799435933665	4.96340672242622	4.94514459523137	4.92798034292864	4.98347629917171	5.53850184755661	5.53118100687619
7.012604142247	7.01605371453982	7.00115977832718	6.86954654372923	7.03292754766229	7.08921688942526	6.96340672242622	7.01356973624225	7.08035714316011	6.59293976174548	7.13464189758925	7.1186992125011
4.53351027663267	4.77380387485819	4.99875728811187	4.67478968930698	4.9845645261009	5.0816170735671	4.61970800486764	4.77005788867328	4.92048580638172	4.52404468053442	4.80153625339041	4.96527684197071
9.45484599958678	9.42367667465556	9.42725704719728	9.36784098470398	9.49667646141437	9.4465840082009	9.41283116770813	9.47550076530205	9.38978844528633	9.20291269049275	9.44571300644628	9.4241920134785
4.95533694157415	4.97450122509531	5.25375437488025	4.99671778419434	5.2620985016298	5.17027469338749	4.93656511020758	4.84266163763011	4.82737640199023	4.8708474440608	5.20450092036867	5.32532030942963
7.79569378592697	7.68642514350677	7.73427946540841	7.67760470491403	7.6799510165157	7.61135005356786	7.61442533678695	7.76656326837541	7.61745333261601	7.55603049612446	7.95983737073582	7.78555633011781
4.67595454165287	4.71894193982367	5.09186669250335	4.59365292658158	5.08991752624712	4.78985094918999	4.89534244748106	4.8068164386834	4.84331794585926	4.97776264797732	5.18004787664413	4.85923520456039
4.73632715963235	4.57807940398382	5.01786611105958	4.67478968930698	4.78566045768682	4.71322966758707	4.79431252724982	4.92019823810114	4.81125673662696	4.65153441565633	4.96073484823966	4.91910666053779
4.72445305934406	4.62657792167501	5.20456682525271	4.67478968930698	5.01698600379327	4.97626407342087	4.65306660181407	4.74186099684263	4.87468211676859	4.5082773646761	4.84884196816876	5.11614350759734
7.56214614459355	7.43903371542548	7.69475110122177	7.92390314202071	8.10130228972675	8.07014175423464	8.35477406611836	8.35424453831852	8.31709058756357	8.65958668795106	7.9399502820875	8.22807456581876
5.13650670018408	4.8574618039051	5.51140558401714	5.52653873072304	5.57679502728609	5.60429529603391	5.77550267747506	5.86462089020626	5.73640274194274	5.61519256859261	6.03419701018068	6.05874119655242
5.42764164152584	5.4081544025415	5.46342555511532	5.10105444400908	5.45587024502649	5.46325141457873	5.16763977464383	5.15926940058421	5.26626064322345	5.22448439867551	5.59508537592298	5.36890957797731
4.47801516404096	4.35157087417514	4.83602778807376	4.61730419464622	4.54008324892957	4.81451300342426	4.47797989525598	4.40082407900756	4.37991742501901	4.8013826243977	4.77728870714373	4.64901749717004
4.49209034925268	4.5278936468156	4.44236393958749	4.10105444400908	4.54008324892957	4.48645880574005	4.34140684238053	4.42467082096192	4.36894630719801	4.38418701695145	4.59508537592298	4.60594877527816
8.53351027663266	8.57267459954301	8.44853873671545	8.54746456957759	8.54286927176041	8.57121066271464	8.62759591429795	8.51976515173106	8.60172421815952	8.77609300523694	8.72700827474065	8.66134077562017
7.95660636096171	8.04978935239955	8.08961071856299	8.09474986715487	8.02895864545935	8.06757924016681	8.15750539751011	8.14139190985396	8.15889054570679	8.20566505070604	8.33897038402897	8.17011751569976
4.86087225757066	4.74113768593786	5.09186669250335	4.96019190816923	5.08991752624712	4.85073319133701	4.91610100764786	4.90332441953674	5.11031036526174	4.79489859082751	5.19232620642257	4.9878194106218
8.58858803098988	8.69852776355402	8.55620822526446	8.82707453161356	8.70338277355684	8.73357831297887	8.71558308593418	8.70094780357657	8.72515464492108	9.00750999137137	8.83128359678446	8.72142599269809
4.36017867374711	4.60253244770836	4.74721852111591	4.52027974025135	4.5251329074636	5.21727217292466	4.37178049142405	4.82485036151366	4.63930405383766	4.76866704925433	5.07786748183766	4.93078846558542
9.22291493974939	9.27614587756787	9.27326745424265	9.24464529763793	9.21104970207123	9.2282126387553	9.13738890293248	9.14767426210561	9.19350430078813	9.48076804541377	9.25256415421977	9.09423525658764
5.13650670018408	5.00233543329204	5.21288209346472	5.35426978881243	5.4239861840067	5.34126089020012	5.81288028728909	5.92438603506457	5.90157734383165	6.09587974726996	6.1676641521883	6.12125039803043
4.68823287143131	4.7629971199016	4.99875728811187	4.95091409458122	5.00625959720021	4.95423776709087	4.96340672242622	5.03309229450707	5.06344376022376	4.76866704925433	5.35407727641918	5.07462423815908
4.39055232279062	4.38014002637191	4.68880183489058	4.66347437607915	5.01698600379327	4.8976542387245	4.62812024468384	4.87763777587309	4.66644018377518	4.20015506931376	4.65841131129181	4.53118100687618
9.62097311788301	9.64177407930121	9.4888995096002	9.56998626187032	9.56313735153295	9.52572789292064	9.42072140005141	9.53113722455101	9.45964461748975	9.05237138038278	9.45943027656541	9.34564416219994
4.73632715963235	4.60253244770836	4.49785905217919	4.85469877932191	4.94017040674244	5.00868555111324	4.5147384452661	4.8068164386834	4.78673441749289	4.34921087870848	5.19232620642257	5.17626450003491
4.05351733551305	4.15065818024914	4.10978860050062	4.60552702686987	4.46373236279946	4.57572614383714	4.83121211006135	4.56002267385681	4.79495492429786	4.5082773646761	5.14888694515767	4.77100802154865
8.19145222271093	8.15995592483123	8.13844505912368	8.18060124322657	8.05781350813154	8.11426430746694	8.16547410742571	8.17517189517684	8.18727234707662	7.78266191830861	8.33758915363062	8.07330730968708
8.31040880970231	8.30855679878771	8.22834521085253	8.25127403610383	8.35591217503253	8.27616586197823	8.18413609454002	8.20129261547992	8.30562919627274	7.90285783896343	8.20070734721023	8.21857530489288
4.26502144070676	4.24687349550845	4.64030331719939	4.27470253149411	4.51002601507339	4.45543191011943	4.19054017675391	4.42467082096192	4.58345081910414	4.51618256276144	4.83324511311774	4.82208220614292
4.21498075820716	4.84726603679921	4.65258164697783	4.64057397396907	4.73458627309255	4.78985094918999	4.5941729127605	4.62321650034401	4.72784072843932	4.56272514869847	4.88711198509648	5.08511661197672
5.97049674874515	5.96038011685066	6.14062600442321	6.02793651480506	6.30649262098826	6.0917412908408	6.36676241665743	6.21844733651899	6.2780378109998	6.23170390518859	6.34585676961421	6.44419770528155
4.39055232279062	4.51506960645802	4.97939196324494	4.68601694473023	4.87090774430533	4.97626407342087	4.72541744603875	4.95336510203633	4.97214792620421	4.55507157615504	5.33205097008919	5.30750903331317
8.80699801646228	8.79252307220477	8.86467610266408	8.98597034936034	8.9203099843816	8.88315466902939	8.90748787734315	8.92543108765709	8.9195462459181	9.09191811080101	8.80303827855564	8.99409655630796
4.39055232279062	4.19956778073009	4.91968571712067	4.70821269084443	4.88268491208168	4.76475996822716	4.4015278348181	4.41279672067363	4.77846680150929	4.60039556666453	5.05115014346188	4.95387207869847
4.28132325303587	4.32242452851562	4.72413490800287	4.5816802849155	4.43202350307212	4.77736000500679	4.46864203067664	4.33942353434341	4.50544830710288	4.53186418499371	4.66723516167881	4.77100802154865
4.82795763509792	4.60253244770836	5.31683305750363	4.76225253055732	5.1593389272046	5.179797467506	4.89534244748106	4.8068164386834	5.01500340516601	4.53964153558543	5.12986211947592	5.33414415981663
5.10937057024657	5.01149543257752	5.32452744929363	5.34012560649216	5.37479863437917	5.56122657414203	5.22422330301019	5.45971776806112	5.35789111868902	5.37117013128462	5.64507351175465	5.71805914159969
9.45888276745228	9.49724832937077	9.36938657914471	9.48375386422624	9.35802292162834	9.38153449253861	9.33563989916165	9.31451136605481	9.39351502841974	9.06151632615851	9.40935971192037	9.23574692406539
4.29744291839914	4.56569567952798	4.87846305439416	4.74087887976475	5.07972175914124	4.71322966758707	4.5941729127605	4.42467082096192	4.8824177655482	4.77526978407858	4.92439300117594	4.73147965736202
4.03440851256534	4.02964277928777	4.3992952176956	4.44297401408391	4.54008324892957	4.83876054967093	4.27867108703257	4.23540046980019	4.02202383284378	3.82066168689259	4.07786748183766	4.40285690990065
2.19790724484823	2.75210880375887	3.16225602039475	3.06710711208574	3.14962377237139	3.01933279531275	2.90229520812283	2.74186099684262	2.33552330566056	2.64433891425213	3.19232620642257	1.88348275080707
4.72445305934406	4.42196020206653	4.8888796703395	5.14239523938998	5.00625959720021	4.94309720948567	4.81656533409695	4.8158615782864	4.93543614784769	4.54737718436504	5.19842640595899	5.03187459069974
4.36017867374711	4.36592616715221	4.44236393958749	4.19835164536399	4.46373236279946	4.92055464083458	4.35160260948642	4.2488209855625	4.35789111868902	3.84597277542178	4.36496559256192	4.35163158654547
3.99541438094948	3.73008249742887	4.09186669250336	4.04982912065391	4.04869486352061	4.30690938540934	3.7868179907029	4.07889598412019	4.19350430078814	3.5082773646761	3.81747779725943	3.95387207869847
9.19575877826965	9.14077844952248	9.14985841526253	9.17712426950498	9.1946085550097	9.1916132177532	9.14656755102522	9.10449698732408	9.14448748057982	8.80944689939666	9.21770041812353	9.063391840822
8.19683341149691	8.19454970596347	8.12749060223408	8.29867117932044	8.23593934116295	8.35393472023523	8.31884916752872	8.19350593668631	8.33974377197876	8.22146557555918	8.44025371986616	8.3613759052919
4.4055026642566	4.35157087417514	4.53812292239292	4.83466102608537	4.73458627309255	4.96529295559986	5.03474550414648	5.04852233507668	4.92798034292864	4.83968651257434	5.37037908874828	5.24337869589345
8.10822874585702	8.30762752658754	8.18779111250189	8.29500951481447	8.27890678931636	8.17027469338749	8.20326368437455	8.15035834667682	8.24015792732871	8.58826024080561	8.14652251680945	8.1276086940908
4.72445305934406	4.48907439792507	4.75862328438816	4.55743273866882	4.99545284224363	4.81451300342426	4.47797989525598	4.7131020038612	4.64840626094492	4.43511095211413	4.63161125194809	4.74477647997547
5.45664151324839	5.1085941206826	5.45643912479921	5.19048952759102	5.54008324892957	5.59008143681421	5.17913541348166	5.33942353434342	5.31280322916048	4.80783764653501	5.12986211947592	5.31644215808318
4.99541438094949	4.97450122509531	5.22937021625329	5.14239523938998	5.66126959544963	5.56122657414203	5.38176457999668	5.28183604279047	5.52039864856884	5.81426391569444	5.31530770625461	5.73814338764303
4.53351027663267	4.36592616715221	4.80336159915344	4.34721503127848	4.73458627309255	4.81451300342426	4.48725770884399	4.52735648493649	4.65745140054792	4.49233582080708	4.82538299534477	4.90732949276143
4.94514117446826	4.81623914117858	5.11866675184707	4.66347437607915	5.10004174352083	5.26278683217703	5.10272229796249	5.05617590762011	5.10370763043749	5.02838872104728	5.05115014346188	5.37747159148073
8.95470181277635	8.88700178904642	9.00774607133913	8.85904518471233	8.88561424312035	8.872917560403	8.7283547291183	8.7851041827209	8.77846680150929	8.90774897300847	8.88474962163939	8.80710736217539
8.9830093600587	9.06581639184126	9.04023392408803	9.28350654332755	9.02962088785835	9.04170060834121	9.03553623863648	8.98878906789024	9.08790395221345	9.44679065552775	9.07372537436732	9.00034650849797
4.43494644214908	3.97450122509532	4.55129831114065	4.62898599969386	4.36643516144454	4.57572614383714	4.22422330301019	4.32682349756378	4.20588802524397	4.29510347336903	4.33205097008918	4.83457315032612
5.09099204093172	4.38014002637191	4.79230641064445	4.48214461136459	4.79815140187002	4.99795914452018	4.90229520812283	4.87763777587309	4.81933908292482	4.60781303822701	5.03078234576792	5.05340775224938
9.18713277325405	9.19555471822346	9.12804030505684	9.27656047771469	9.10633348938856	9.13092877771543	9.07491503764321	9.079365534992	9.08371615525002	8.96806925177347	8.95624186721528	9.07330730968708
4.3447486331775	4.29267718512157	4.44236393958749	4.61730419464622	4.84706100235096	4.57572614383714	4.63648371761847	4.74186099684263	4.76178806036266	4.75537022664087	4.96789463981252	5.10587517214351
4.18062925341639	4.24687349550845	4.67682919322451	4.79373076203049	5.06945342368741	4.70005427883934	4.97003981475867	5.11598530285542	5.31851688035487	5.7181591475438	5.73174792323354	5.69083767286467
8.52839735323901	8.60933584274653	8.50380131729453	8.6391305570994	8.52794792307065	8.54381689588239	8.50791717941008	8.54037543140635	8.5029414514923	8.37497887016892	8.65064592131243	8.41330369733576
4.37544543040041	4.08275411574733	4.73572288227808	4.50767970347172	4.83498817005039	4.8626072916253	4.34140684238053	4.20817900106516	4.62092552452281	4.22930141497328	4.28696308056065	4.5464477635295
4.47801516404096	4.50213055075052	4.75862328438816	5.0057065674216	4.77306042090718	5.07142130646121	4.86006697273353	4.84266163763011	4.80312885574356	4.72158191318459	5.48959224707566	5.2894751104829
10.6323369045897	10.6686216381661	10.5515032248603	10.606819847194	10.6509768404418	10.6531827962377	10.7222286263215	10.6534895114578	10.7221941652982	10.3525261502728	10.7124287795564	10.6650610379313
10.1379061522687	10.2261219610718	10.2332075135973	10.0708592469469	10.1949037959891	10.1924955101306	10.1505877298014	10.0628396379011	10.154504845093	10.0441935878246	10.3098592565472	10.1896963748404
4.14543982495409	4.42196020206653	4.65258164697783	4.10105444400908	4.76034936915763	4.57572614383714	4.36172682676013	4.42467082096192	4.44404776243873	4.27660712975164	4.68472258840766	4.46844525152822
4.50602954021056	4.29267718512157	4.24567202858239	4.3186458790817	4.9625382197709	4.9871523895636	4.08449853934358	4.5163012964275	4.54497667128951	3.68698325166062	3.55761067050432	4.62044834497327
4.14543982495409	4.27757029273136	4.24567202858239	4.24464529763793	4.36643516144454	4.63230967220351	4.03474550414648	4.16635882537053	4.02202383284378	4.01170997990066	4.39714599831107	4.40285690990065
9.116202603729	9.09734602366093	9.17773744783797	9.16363403576432	9.21920054319209	9.1606886445583	9.31201250893581	9.23624291948304	9.24391592643431	9.47925234395316	9.45720610141147	9.28265384462689
2.26502144070677	2.35157087417514	2.81433271697445	2.67478968930698	2.89436671712932	2.88606626444929	2.72541744603875	3.04852233507668	2.09041080782403	2.08794556572774	3.06457065922419	3.10587517214352
5.02475834253163	4.98383908967465	5.35490109833715	5.15052312027338	5.46373236279946	5.01933279531275	4.94332247638288	5.07136231143479	5.19970945031484	5.02285053750586	5.57177800243091	5.29852025008591
7.4727013641445	7.49887757295543	7.56435446396609	7.54206842901665	7.60728194881747	7.47490177431765	7.65923636905427	7.52045692591881	7.55590163335579	7.58168330640236	7.69122610824532	7.43397303427109
4.70040758537741	4.47589900917734	4.79230641064445	4.69715750233543	5.17857514606752	5.05081102678592	4.55940749459982	4.65380482017743	4.93543614784769	4.83968651257434	4.40771524002126	5.16641671407857
4.92453089479297	4.74113768593786	4.82522103311718	4.92271720275057	4.92885509351461	5.38308106589474	5.37178049142405	5.32048197068996	5.33552330566056	5.89832818048291	5.59045392719133	5.73147965736202
9.57046141280556	9.50213055075052	9.49103778632318	9.34278822497951	9.42297836346911	9.39641570439635	9.31233879979797	9.36159833177978	9.30814416771931	9.30483404614064	9.19461680501049	9.33139249954914
5.11847277735382	5.17532023448341	5.29350055367301	5.20617114982329	5.34956134288015	5.39130157269971	5.36676241665743	5.47121340689896	5.56914298242026	5.12460403630659	5.64953315994535	5.46844525152822
7.67132309292123	7.69070825909473	7.7197653083751	7.70269568587686	7.61436267488813	7.75682869459094	7.84751392239045	7.77933570226129	7.87274170619916	8.30369267342218	7.87953876539168	7.83146053845878
9.84827519428882	9.82827658084332	9.73536216342612	9.84001075752793	9.83081469036153	9.79528191300405	9.82733604045282	9.78596746889858	9.81176321198441	9.66404082869467	9.76140942513523	9.77100802154865
9.21551106331914	9.12187136367455	9.10700293630073	8.95149570919941	9.11821273560726	9.13582965730187	9.05204232762751	9.00864753753753	9.04201932372175	8.91112545494703	8.92485297090433	9.063391840822
4.65107987301384	4.56569567952798	5.01786611105958	4.67478968930698	4.83498817005039	5.17027469338749	4.79431252724982	4.78855423229066	4.71056273700749	4.58544522519856	5.49950771594075	4.998959968227
4.58694953559412	4.54060469856516	4.83602778807376	4.75160528635781	5.02763324799278	4.8976542387245	4.69370858631141	4.75132132609169	4.79495492429786	4.63710734502105	4.72753567194663	4.84695687478195
4.23185457677156	4.50213055075052	3.89922161456096	4.5816802849155	4.49475925842008	4.2894219586805	4.9500483395712	4.89481291968122	4.98657499683949	4.93712066347997	5.68906152413199	5.4604079324628
9.69889135293003	9.66916437879861	9.68207945391171	9.61253130938408	9.59659527002022	9.62666310906236	9.56845091605318	9.58272172211595	9.48812504967976	9.44238942901964	9.57646969775563	9.56108495217442
4.03440851256534	4.33707130448002	4.62791959274356	4.22937854098462	4.56952702682206	4.60429529603391	4.26794468043951	4.47121340689896	4.73640274194274	4.65153441565633	4.48959224707566	4.71805914159969
4.53351027663267	4.21550932459911	4.96961094245236	4.33300117205878	4.46373236279946	4.78985094918999	4.47797989525598	4.35191447852661	4.63014405455219	4.54737718436504	4.74431138469745	4.91910666053779
4.68823287143131	4.55320473534479	4.56435446396609	4.55743273866882	4.85903364401704	4.96529295559986	4.70965013018044	4.47121340689896	4.6116477109348	4.34033272736203	4.57646969775563	5.03187459069974
9.41569188506913	9.38587464194317	9.31006663619809	9.25174635401307	9.28668413990808	9.30201243355781	9.18911950205428	9.19913386146215	9.16127713854367	8.89492157903966	9.24374255196152	9.25446070137539
3.99541438094948	4.08275411574733	4.01786611105958	4.21394850041501	4.38311390259117	4.21727217292466	4.10874608559026	4.07889598412019	4.32420799243273	3.47621615544379	4.05115014346188	4.04268134565632
5.2568009339018	5.16714630303771	5.51813144720545	5.59365292658158	5.85903364401704	5.71322966758707	5.87781252292349	5.75602832876922	5.90917049315388	5.53964153558543	5.68906152413199	5.74477647997547
4.9854989120844	5.10003210717917	5.17932953375369	5.03234169392506	5.35802292162834	5.3327493903446	4.89534244748106	5.18742044089837	5.19350430078813	4.67290806644889	4.88711198509648	5.14651715664086
9.8359121047135	9.84502607510131	9.81364946096315	9.74859653648547	9.77740410708153	9.70665701366359	9.6635907115866	9.70673381782847	9.63644779663686	9.73476895657374	9.50351648960728	9.66353032686894
4.97551482351178	4.96510252709306	4.99875728811187	4.88424305493593	5.21629481201668	5.37481344991114	5.00921041203934	5.11598530285542	5.12342586505199	5.17540840697808	5.42862422978424	5.30750903331317
9.51682658986325	9.40424759847871	9.62207792580324	9.47082929813675	9.48368562289461	9.54289475136977	9.61574781835438	9.60702446684142	9.59114205550016	10.0777991703584	9.56589184558812	9.50064407391637
5.58037688167064	5.69639937117258	5.77556314680987	5.59365292658158	5.76671889403336	5.61135005356786	5.88485007366342	5.72755316015874	5.8862700910438	5.77526978407858	6.10084604561575	5.90732949276143
4.53351027663267	4.33707130448002	4.21288209346472	4.16664278563666	4.72153012026711	4.87438445940165	4.5147384452661	4.65380482017743	4.40161249611833	4.05576515997859	4.11703807911833	4.5464477635295
4.82795763509792	4.59035773376225	4.94984768763093	4.88424305493593	4.87090774430533	4.93186995406242	5.18484906467605	5.07889598412019	5.29552523772864	4.96048465654548	5.47960815850304	5.36890957797731
3.63847983623421	3.8574618039051	3.85740143886633	3.6520696128069	3.94017040674245	3.95423776709086	3.69370858631141	3.74186099684262	4.02202383284378	3.7284031790406	4.2983678438329	3.7579518687232
4.07237636276437	3.81623914117859	4.07371934579309	3.62898599969385	4.49475925842008	4.30690938540934	3.83121211006135	4.23540046980019	4.26626064322345	3.807837646535	4.1676641521883	4.50015411125556
7.32128966035351	7.31504499815002	7.53977644124543	7.34190123138201	7.50241283096352	7.50551714155574	7.65820990509003	7.51074177108559	7.59291114835321	7.8708474440608	7.68472258840765	7.63301701847633
9.38301865010522	9.46385398277334	9.3661283537604	9.49177331256236	9.39138151857477	9.33807495948127	9.52631734595906	9.41837487573824	9.4893919608838	9.5478592879755	9.52369864847157	9.37960417877355
4.70040758537741	4.44918167080156	4.5772935196736	4.3612902164902	4.83498817005039	4.56122657414202	4.84571167975646	4.76072002409394	4.74491424179826	4.8013826243977	5.37037908874828	4.53118100687618
4.37544543040041	3.61460528000893	3.79230641064444	4.15052312027338	4.51002601507339	4.65979040862562	4.12071872725633	4.32682349756378	4.23034106896851	3.3042634726545	3.14257317122547	4.10587517214351
4.19790724484823	4.10003210717917	4.24567202858239	4.13422130794428	4.51002601507339	4.45543191011943	4.09667325328969	4.16635882537053	4.15570226807575	3.95467903486428	4.33205097008918	4.50015411125556
4.09099204093171	4.32242452851562	4.01786611105958	3.97857043748408	4.55488025085765	4.48645880574005	4.31037994675991	4.35191447852661	4.25438654293516	3.76866704925433	3.87953876539168	4.53118100687618
5.52668901077665	5.85746180390509	5.84675419466682	6.09264220419288	6.23937842512972	6.33701141719876	6.98975804937317	7.06947273023357	7.0651440492136	7.72158191318459	7.36089209797549	7.40285690990065
5.5934923814609	5.56569567952798	5.80336159915344	5.56960745261492	5.956978694429	5.80838690062741	5.74101430108977	5.8158615782864	5.8785551259158	5.64072766069975	6.23746111914307	5.88348275080707
4.36017867374711	3.87763968584272	4.45643912479921	4.22937854098462	4.54008324892957	4.59008143681421	3.99627135633185	4.26211780817596	4.31280322916048	4.2672692651723	4.32091041248398	4.46844525152822
8.87503958949725	8.86947642770509	8.81296588121054	8.76820725369494	8.8597786453457	8.85890712278271	8.97293223024454	8.92543108765709	8.88000482797135	8.33475600978459	9.03334410147071	8.89471000623032
3.91411427884764	3.955642197844	4.30909740872402	4.19835164536399	4.3324878295212	4.25379804894978	4.37178049142405	4.19437320154013	4.18101335660493	4.08794556572774	4.93173497651711	4.62044834497327
4.49209034925268	4.39421521158363	4.96961094245236	4.74087887976475	4.82281345610429	4.96529295559986	4.69370858631141	4.82485036151366	4.90537891399151	4.68698325166062	5.14257317122547	4.87140991850649
4.36017867374711	4.65022918973966	4.64030331719939	4.52027974025135	4.74752532880004	4.90914987756233	4.53277236809635	4.8068164386834	4.63014405455219	5.14514096730928	4.71907409319843	4.93078846558542
4.61294474412707	4.83699770134538	4.97939196324494	4.78331414608515	5.07972175914124	5.32418737684117	4.75644434165938	4.74186099684263	4.78673441749289	4.56272514869847	4.82538299534477	5.020986274557
8.82030775192948	8.96863421806332	8.7797672149841	9.12908898292688	8.79737387825061	8.83424506854844	8.8685233306721	8.81416992864069	8.92611035557559	9.17447209864394	9.04015329424495	8.83922951275734
7.97049674874515	8.11498244864515	7.94860344862246	8.22361159776573	8.12132266360801	8.07780209988293	8.20255975899298	8.19697187238545	8.27583690280653	7.6843545931	8.29907765690546	8.18238540459571
4.53351027663267	4.56569567952798	5.05534081647824	4.77282177226751	4.72153012026711	4.87438445940165	4.73323695049805	4.59196556635956	5.08371615525002	4.57791155251315	5.73174792323354	4.95387207869847
7.3505542548587	7.26230353607805	7.31103521296551	7.43634092175146	7.35802292162834	7.38925083313495	7.59524594742573	7.52183947996893	7.70729994999849	7.4193894557353	7.4808599547125	7.60047364521201
3.82795763509793	3.70771468440041	4.09186669250336	4.08418062544469	4.49475925842008	4.27171995694704	3.77171109831269	4.00172812359774	4.14287822771816	4.12976574142237	4.26387946744761	4.53118100687618
4.63847983623421	4.61460528000893	4.41379478739072	4.50767970347172	4.61259574871394	4.82668771737036	4.62812024468384	4.66385848484135	4.65745140054792	4.4183352393633	4.76089426889306	4.87140991850649
9.11222118378197	9.13555128785893	9.06800116533501	9.20079979636872	9.19991367043323	9.17861055255556	9.20923322330301	9.14453650561435	9.23299064738246	8.91971851050575	9.23040817681191	9.0987730564583
4.71248041767798	4.79517752565075	5.03672513831089	4.89395820976914	4.97359340827989	5.10179495550472	4.66128710861903	4.8158615782864	4.84331794585926	4.84597277542178	5.14888694515767	5.14651715664086
9.23185457677156	9.31827818832545	9.20404552622595	9.370452986095	9.38000129072384	9.26837651387267	9.48378551693718	9.42282192279668	9.43256780498351	9.61840928127616	9.27402402485315	9.47294664376317
7.72146920090524	7.7978271040647	7.78813877642922	7.76886737497889	7.76034936915763	7.84026257483616	7.75067739844049	7.65632481215594	7.72569226186074	7.83653307953547	7.84884196816876	7.6873985888979
9.35969897464347	9.36324540755606	9.33122654278082	9.48294946217536	9.32764927258482	9.3570858573618	9.36298737296605	9.35035901202457	9.37957583746186	9.19585493188014	9.40376084273263	9.24454923960139
4.05351733551305	3.99311690326266	4.35490109833715	3.96019190816923	4.44796504694114	4.19865649475731	4.19054017675391	4.37657653276088	4.12993917201067	4.04487684383586	4.42862422978424	4.64901749717004
8.09214758367742	8.10324881986272	7.99635079040478	8.06065208994844	8.1422942305729	8.11302221092798	8.07837243654674	8.11048232717803	8.08287713513862	8.05576515997859	8.14415420704495	8.16270639474019
8.82239810975602	8.89877389893207	8.8333336789045	8.87630103380713	8.87680834574501	8.77814386541232	8.71014547612209	8.75778950299512	8.80159976705681	8.92195178500881	8.67272278731724	8.80631489028461
9.73743536225314	9.79152639165329	9.72304374820733	9.60884908420778	9.77819246504699	9.74043198401994	9.6881877427504	9.75485301706195	9.67565157936115	9.68785840791487	9.51425430130993	9.74146374593464
4.83901282360692	4.57807940398382	4.80336159915344	4.68601694473023	5.00625959720021	5.00868555111324	5.20185548998174	5.15214496615083	5.15570226807575	4.6586942072292	5.2812267110115	5.33414415981663
9.75395705365414	9.83021916871432	9.57809837048437	9.81434104170578	9.7467200287284	9.77028602985975	9.80964813190095	9.72425419906015	9.77846680150929	9.44342622032613	9.73908989857472	9.67616460848582
4.03440851256534	4.50213055075052	4.42815008036779	4.52027974025135	4.64061012488353	4.72628582041252	4.29988757294226	4.52735648493649	4.58345081910414	4.3042634726545	5.03078234576792	4.79677111761374
4.86087225757066	4.57807940398382	5.17081803389817	5.20617114982329	5.12007949675738	5.13154229889878	4.81656533409695	5.04852233507668	4.84331794585926	4.94884995606208	5.4389661740057	5.28037290337565
5.05351733551305	5.10003210717917	5.24567202858239	5.09264220419288	5.39960202537974	5.17027469338749	5.27331785253836	5.3456825248151	5.28971961604744	5.09851480743793	5.55285714053368	5.59130199931376
4.96546115884786	4.68499460790033	5.18779111250189	4.85469877932191	5.30649262098826	5.30690938540934	5.02840397727266	5.12329010347865	5.02901026315989	4.90737332008592	4.90214019432881	5.12633927470323
8.97614085738617	8.86316541571255	8.9659258956445	8.87262068731918	8.82967437015392	8.88096710979162	8.73713086660254	8.79771423157614	8.80414734857858	8.53283864976625	8.82538299534477	8.70025309960853
9.22344233695536	9.21451812219606	9.14769139263821	9.11876923190823	9.18155777074138	9.18748870390201	9.16944201727781	9.10772294787162	9.14649652566273	9.32100124911009	9.18043316040684	8.98642077256666
5.01504318769842	4.69639937117258	5.15364289009004	5.05849398178103	5.04869486352061	5.14132331969136	4.94332247638288	4.92019823810114	5.07699029206171	4.98916741124957	5.2463210960633	5.15650124521348
4.56047732423293	4.39421521158363	5.07371934579309	4.70821269084443	5.04869486352061	4.53178279624954	4.685671267246	4.64368060290372	4.60230984635546	4.08794556572774	4.90214019432881	4.87140991850649
4.58694953559412	4.29267718512157	4.41379478739072	4.38903520697311	4.78566045768682	4.43966459426111	4.37178049142405	4.13778967317376	4.23034106896851	4.28588494333965	4.22854639433532	4.33414415981663
4.14543982495409	4.23127664045743	4.30909740872402	4.74087887976475	4.62667093392566	4.9871523895636	4.74874994986938	4.2752931969237	4.84331794585926	4.90737332008592	5.21657375266925	5.08511661197672
4.56047732423293	4.04756468728504	4.83602778807376	4.19835164536399	4.62667093392566	4.39130157269971	4.19054017675391	4.5163012964275	4.43355538862109	4.36680493872322	4.64060003517535	4.87140991850649
4.78286974556938	4.6384520219633	4.95976315649601	4.59365292658158	4.92885509351461	4.82668771737036	4.38176457999667	4.61287455612255	4.8824177655482	4.44342622032613	5.02392867472685	5.11614350759734
8.47092573925464	8.48579181393577	8.29545940671106	8.64417621064927	8.51287063322974	8.58650598259038	8.72149174282495	8.63092459547927	8.70348401530213	8.51421032042984	8.87097110222556	8.82990171060222
4.2485333179182	4.21550932459911	4.49785905217919	4.71918380866543	4.54008324892957	4.59008143681421	4.39168004886175	4.59196556635956	4.45446437838407	4.4183352393633	4.74431138469745	4.80948216936329
10.3220285566774	10.3479596206228	10.3266841236207	10.2811949020048	10.2877917753106	10.2669811224873	10.1514998465675	10.1906837199212	10.1798367668639	10.2825575930615	10.1790842168388	10.1820799753491
4.28132325303587	4.18344811536681	4.35490109833715	4.50767970347172	4.39960202537974	4.60429529603391	4.31037994675991	4.20817900106516	4.47507465805935	4.23888746380248	4.45943027656541	4.71805914159969
9.73669665509881	9.71544279903267	9.68544455984792	9.67443742583535	9.65613239699759	9.63707033212553	9.53249231470503	9.56506060834735	9.5733307793837	9.70870445451576	9.40508017985329	9.65122581696581
4.56047732423293	4.54060469856516	4.73572288227808	4.45614940283164	4.90595469140453	4.90914987756233	4.57689492132867	4.72275217389492	4.81125673662696	4.34921087870848	4.55761067050432	4.60594877527816
4.18062925341639	4.29267718512157	4.61542864856037	4.3612902164902	4.66809086130564	4.63230967220351	4.12071872725633	4.47121340689896	4.44404776243873	4.36680493872322	4.1676641521883	4.40285690990065
4.46380130482126	4.59035773376225	5.05534081647824	4.75160528635781	4.84706100235096	4.92055464083458	4.78681799070289	4.66385848484135	4.59291114835322	4.53964153558543	4.85657761694837	4.82208220614292
9.79036428211631	9.74594781913219	9.65487224556575	9.65600017757868	9.67360948964188	9.67670379156196	9.65743957756035	9.62868065206805	9.65038973671374	9.37361976027953	9.55731403329943	9.60184437694542
5.44944601184419	5.26995710862148	5.22937021625329	5.21394850041501	5.59838188949424	5.67333694046356	5.33628181020267	5.35811962805332	5.4229861469109	5.24365670795035	5.51425430130993	5.38598309133625
9.1144976261334	9.19706092511951	9.26878780414772	9.06119111294776	9.1231854076252	9.17206500804234	8.9799326195171	8.96560869779108	9.01324294730157	9.35031681593465	8.99749621962566	9.00932668378526
5.20646925835165	4.99311690326266	4.80336159915344	4.95091409458122	5.19755824943509	5.27171995694704	5.22422330301019	5.26211780817596	5.16207179295147	5.34033272736202	5.57646969775563	5.32532030942963
9.01626116585509	9.03358226497583	9.13680718378309	9.01741998798539	9.25021508638995	9.32847473524427	9.4884132515897	9.43424708054501	9.49728504896524	9.58003437728397	9.42016646687695	9.65826981040824
9.63054856259799	9.68248775228975	9.50971920738925	9.61693760970183	9.62535720333779	9.61530324689782	9.70344391291413	9.55327794422346	9.65095594356594	9.22538881519717	9.68879072262188	9.6168370914209
4.94514117446826	4.7629971199016	5.02732644030865	4.85469877932191	4.97359340827989	4.95423776709087	4.66128710861903	4.78855423229066	4.60230984635546	4.51618256276144	5.07123438950521	5.17626450003491
4.21498075820716	4.32242452851562	4.45643912479921	4.06710711208574	4.72153012026711	4.7520489164776	4.15605180036861	4.2752931969237	4.4123389027114	4.21965124493956	4.4389661740057	4.51575096630658
3.82795763509793	4.01149543257752	4.24567202858239	4.44297401408391	4.38311390259117	4.12169451294243	4.35160260948642	4.62321650034401	4.68425145989164	4.73519234470324	5.14888694515767	4.77100802154865
4.32915177812648	4.30762752658754	4.45643912479921	4.34721503127848	4.56952702682206	4.19865649475731	3.91610100764786	4.23540046980019	4.52534786454058	3.83337273864214	4.59508537592298	4.60594877527816
9.27472284189906	9.31689342254239	9.15580099825745	9.35734543038729	9.22441615657211	9.32418737684117	9.26356419464236	9.30008028671956	9.28644365769066	8.94665796520096	9.22518911929266	9.22689057310488
9.03139976269301	8.9597887271966	8.94486428011667	8.78853185535617	8.93876083648777	8.89042266949343	8.8188637176337	8.88087372872335	8.8452983099875	8.74615704847953	8.83128359678446	8.82834119661461
8.52326624513586	8.6391909182872	8.53812292239292	8.58543241977661	8.61436267488812	8.67502134817491	8.73567187941511	8.73054568361479	8.77015153329729	8.30255039700392	8.7211941450728	8.85157350285233
9.28233602600893	9.23812102149948	9.20821065374082	9.22793896490553	9.12937724133947	9.18453538651266	9.07222020956514	9.1196423264635	9.10370763043749	8.80380664351889	9.22032588753036	9.08053558509011
7.96040793112157	7.97684136354983	8.0997349358367	8.18159312710263	8.2174578068728	8.24248273572194	8.5665373458463	8.55124836118174	8.59526656935134	8.31336567976176	8.64730505905324	8.5709167591234
8.94514117446826	8.9437288763005	8.94424014208362	8.88667798385298	8.79737387825061	8.82365365728072	8.74923205347984	8.79142298456002	8.68203703882619	8.67467499262308	8.84787208911315	8.79836613716911
8.98238630021706	8.99138185189191	8.89922161456096	8.93335572319691	8.99341753265487	8.99189030857027	9.09553622837265	9.00716759720509	9.0702329258864	8.84126064807245	9.16416199123236	9.04335408758546
4.23185457677156	3.91716805002937	3.95976315649601	4.08418062544469	4.73458627309255	4.56122657414202	3.99627135633185	4.26211780817596	4.28971961604743	3.60039556666452	3.37577234751851	4.14651715664086
9.77281608090546	9.78285952846673	9.66210190747796	9.74792707241736	9.70338277355684	9.71076843007079	9.63752575091829	9.65538033091705	9.67398114879141	9.43589254764072	9.57880983621015	9.5657751222379
4.99541438094949	4.81623914117858	4.83602778807376	4.81434104170577	5.18809792018603	5.34126089020012	4.84571167975646	4.97774926066329	5.19970945031484	4.44342622032613	4.90214019432881	5.17626450003491
9.87604623801412	9.90677350805344	9.86994382203871	9.87538182699624	9.91422642936807	9.85556883735749	9.83325993871021	9.81360560434603	9.82512042804987	9.8128606132443	9.86571014978541	9.84116523697219
4.63847983623421	4.56569567952798	4.74721852111591	4.52027974025135	4.82281345610429	4.8976542387245	4.88133558948719	4.91178599828494	4.57392804498564	4.39280014725616	4.88711198509648	5.04268134565632
4.32915177812648	4.38014002637191	4.47037831575708	4.54515440889039	4.83498817005039	4.57572614383714	4.37178049142405	4.45971776806112	4.2780378109998	4.36680493872322	4.45943027656541	4.80948216936329
4.14543982495409	4.24687349550845	4.3846484417312	4.60552702686987	4.62667093392566	4.60429529603391	4.4015278348181	4.35191447852661	4.24241390126908	4.64433891425213	4.63161125194809	4.74477647997547
4.32915177812648	4.27757029273136	4.76993859761599	4.34721503127848	4.64061012488353	4.39130157269971	4.43067418047762	4.59196556635956	4.36894630719801	4.17040772591971	4.64953315994535	4.82208220614292
4.42029966618467	4.32242452851562	4.51140558401714	4.52027974025135	4.78566045768682	4.60429529603391	4.24624960934019	4.61287455612255	4.47507465805935	4.72158191318459	4.76911477569802	4.74477647997547
5.24021804970619	4.96510252709306	5.33218102183706	5.28212000305659	5.48706486663008	5.23565070223952	4.79431252724982	5.03309229450707	4.95023314977577	5.12460403630659	4.93173497651711	5.47643804228175
4.16314182668755	4.33707130448002	4.14497802896292	4.44297401408391	4.74752532880004	4.73922487612002	4.60273492626392	4.36429820298245	4.47507465805935	3.93122006204028	4.14257317122547	4.20541084569443
9.18496818914073	9.12820129722619	9.1745479954537	9.16513919504627	9.08291568349397	9.14679614200485	9.07645268238337	9.06852701073665	9.06003715878051	9.22870016677084	9.08199773098238	9.14149908187424
9.60891374111096	9.63919091828721	9.4178466718978	9.53121521793251	9.50670018936662	9.48885491165688	9.43697220437799	9.40943944563097	9.43026081070865	9.11747640202438	9.40078791543723	9.31254072040085
4.43494644214908	4.27757029273136	4.52482609977946	4.53277068443455	4.84706100235096	4.68675745622589	4.31037994675991	4.57074908044987	4.59291114835322	3.90737332008592	4.22854639433532	4.43602377383584
8.89504030318537	8.63029908711408	8.8427411321602	8.57867153504316	8.68500424424199	8.73034175516403	8.66946104006474	8.65758315941486	8.69252539792554	8.85223176589346	8.69446690715408	8.80075536494271
7.01016096631867	6.98151028361468	6.91968571712067	7.28765818659802	7.12752247994294	7.13399377789287	7.27599695273424	7.3826767322973	7.40295766641708	7.09059514414169	7.31390362337893	7.19817927646335
8.24542070605086	8.36860195470298	8.31876050607474	8.53043685533425	8.26659989386474	8.35288280984164	8.4173884897274	8.40906593234969	8.38537185511112	8.33475600978459	8.4739615953619	8.22333275369169
8.1565290036159	8.07731203067909	8.24059747167654	8.01686435730612	8.10507733341813	8.06244051686784	8.04577654127078	8.16015748620222	8.03596302380165	7.82464593422156	8.12105785057067	8.1186992125011
4.2485333179182	4.33707130448002	4.5772935196736	4.75160528635781	4.61259574871394	4.8626072916253	4.54170549286636	4.36429820298245	4.63930405383766	4.32241081936476	4.77728870714373	4.60594877527816
4.29744291839914	3.8574618039051	4.53812292239292	4.24464529763793	4.44796504694114	4.16068864455829	4.08449853934358	4.13778967317376	3.92048580638171	3.919345961752	4.32091041248398	4.5615546559197
5.39055232279062	5.22341452268445	5.27773323781469	5.14239523938998	5.3324878295212	5.40760338502881	5.25713792548293	5.28183604279047	5.28389053724524	5.06117865616495	5.32091041248398	5.41122038283527
9.82170166028998	9.79119401173226	9.78430783985113	9.78364080634713	9.69922634590261	9.75802116886262	9.66282325255216	9.66854713063498	9.67870902110844	9.80924584092781	9.55017638093753	9.65607225470399
6.92193378330694	7.04310503909434	7.01786611105958	7.48696699482143	7.5731656038854	7.5520897795699	8.12740992985529	8.05522142856387	8.0744599873367	8.40189560319158	7.96521388021637	8.15650124521348
4.07237636276437	3.77380387485818	4.65258164697783	4.52027974025135	4.36643516144454	4.43966459426111	4.23527849151919	4.30128840545664	4.21816635502241	4.19030728335742	4.5093555018971	4.2619943740608
6.96546115884786	7.04533658639292	7.20039114928152	7.61142762830955	7.37062295840797	7.48837600873434	8.14363673226027	8.06473792112354	8.11688301918522	8.42779556861236	8.50689985017078	8.28151382478022
6.14543982495409	6.19956778073009	6.293500553673	6.5726351453125	6.23018925367506	6.31988723940755	6.24624960934019	6.36429820298244	6.26033580926634	6.24365670795036	6.27546744172282	6.47244718208572
4.54705680847061	4.42196020206653	4.83602778807376	5.38214882138786	4.9513976621657	5.04039441084058	6.00921041203934	5.9492607037036	6.00085922284574	6.26960940362683	6.41034549606592	5.95387207869847
4.89305266331981	4.78453028145124	4.9398635990583	5.0411119035528	5.11009540818475	5.10179495550472	4.82390730943812	4.94514459523137	4.86690476617687	4.80783764653501	4.91701347081034	5.2339799978912
9.3524842819571	9.44622921682968	9.30229452290484	9.56733250595553	9.43152248030588	9.43370713896471	9.50220805030996	9.53079393007208	9.60844463252756	9.30768353361821	9.59624091866869	9.4583915868643
4.21498075820716	3.99311690326266	3.85740143886633	4.08418062544469	4.66809086130564	4.65979040862562	4.29988757294226	4.42467082096192	4.48527042516524	3.55507157615504	3.99618368424395	4.36890957797731
4.16314182668755	3.93653337489629	3.97939196324494	3.78331414608515	4.44796504694114	4.39130157269971	4.33113850692671	3.90332441953674	4.15570226807575	3.55507157615504	3.96789463981252	4.020986274557
4.23185457677156	4.19956778073009	4.45643912479921	5.0411119035528	4.81053512632585	4.88606626444929	5.41617461078251	5.26211780817596	5.51543239567549	5.13490904469833	5.41297096547275	5.11614350759734
6.01504318769842	6.20756057148362	6.16654337879785	6.22553647469022	6.08991752624713	6.20799435933665	6.20467050558879	6.04852233507668	6.2181663550224	6.17040772591971	6.4260271182982	6.2292575876488
8.3687860942862	8.47424359299928	8.33789467303146	8.38989369854315	8.28889856097352	8.24361826906737	8.34332404537483	8.24798585092796	8.2795032200043	8.18225616328621	8.30968315706073	8.14776895285032
4.86087225757066	4.71894193982367	4.90948995001479	5.24464529763793	5.34104984302463	5.34972246894831	5.38176457999668	5.30128840545664	5.58345081910415	5.16035406125579	5.55285714053368	5.31644215808318
4.03440851256534	3.83699770134538	4.47037831575708	3.62898599969385	4.54008324892957	4.50172556239336	4.15605180036861	4.18043401058226	4.54497667128951	3.7948985908275	4.02392867472686	4.12633927470323
7.86222753718267	8.01719103824152	7.74435318742152	7.90481012501261	7.76830689093655	7.79605609871669	8.00113711150366	7.9107310110051	7.92517445217535	7.87161790872044	8.45115171245381	8.18848044974455
4.61294474412707	4.70771468440041	5.01786611105958	4.49496865172217	5.00625959720021	5.0917412908408	4.84571167975646	4.61287455612255	4.73640274194274	4.49233582080708	4.54808789638581	4.89545539247314
10.1036523897885	10.0674642447227	10.0662812823089	10.0146396921916	10.0332577971867	10.0498376577795	9.99667746331296	10.0258022585766	9.97328025107271	10.0664036804249	9.82316403303977	10.0308572948243
9.20112395753177	9.26613539766908	9.07029115794421	9.21443319554502	9.23479115563407	9.27171995694704	9.25917036776444	9.20946654692562	9.2181663550224	8.74026333425066	9.21582215325611	9.16394422839904
4.58694953559412	4.21550932459911	4.81433271697445	4.3612902164902	4.49475925842008	4.80223467364582	4.5147384452661	4.58139632464938	4.57392804498564	4.5082773646761	4.78541658802713	4.57650499738568
6.16753359580471	6.09141897687447	6.42815008036779	6.49815692935322	6.39138151857477	6.53178279624954	6.89010579911491	6.79314150178631	6.95390880791916	6.62983934455701	7.06957134028256	7.09812567253858
4.50602954021056	3.81623914117859	4.47037831575708	4.18258432950568	4.47932921785047	4.47102876517045	4.29988757294226	4.52735648493649	4.34675056108382	4.02285053750585	4.71907409319843	4.2619943740608
4.44944601184419	4.35157087417514	3.91968571712067	4.27470253149411	4.62667093392566	4.34126089020012	4.39168004886175	4.35191447852661	4.47507465805935	4.3042634726545	4.25219766239997	4.57650499738568
8.55964218959839	8.61159653013659	8.56597820644576	8.67126317804021	8.59032462041754	8.53734947212408	8.60059918191993	8.56405442787586	8.58522936263027	8.9249241168166	8.54987821104066	8.5577927371235
9.46692257486465	9.45212809495807	9.51477243511554	9.53510074422646	9.51759923477819	9.55666540992265	9.58231655507071	9.55090981957726	9.63129224008107	9.51001033190055	9.51058176209917	9.51138136667882
4.2485333179182	4.15065818024914	4.45643912479921	4.21394850041501	4.36643516144454	4.76475996822716	4.27867108703257	4.2752931969237	4.18101335660493	3.96626700913949	4.45943027656541	4.31644215808317
8.70343527807498	8.70982646088027	8.70289148981071	8.65135381272231	8.81745454026564	8.77892730015375	8.85738621313738	8.89801061964027	8.85712374538429	8.397622530713	8.82192979988991	8.80472863939266
8.99108474628033	9.08546747942263	9.01549130387167	8.95149570919941	9.06945342368741	9.01866963968587	8.9276477614759	8.99527310146044	8.90347938107603	9.00294616336994	8.88522240389526	8.93731815003761
8.90362190503	8.90000749887118	9.03555364410045	8.95440027035947	8.97703085341549	8.95076557518406	8.93147623353478	8.94514459523137	8.9460868095856	9.27747946377452	9.05451699456027	8.89545539247314
7.43676687777344	7.35157087417513	7.51645291875446	7.69715750233544	7.7329607010435	7.83424506854844	8.50392316250826	8.42614823536742	8.54741160020656	8.50728616227305	8.60717265822171	8.80631489028461
8.69281043753785	8.8149317599918	8.64568794903605	9.02462378076423	8.7643336164866	8.68925996342905	8.76743362676607	8.73948618965472	8.77015153329729	8.85457190434797	8.68960297470727	8.60503769533573
8.27421386498749	8.42024168484024	8.25677361917904	8.56733250595553	8.30867686825014	8.21727217292466	8.35540752168985	8.26377132702848	8.35233159334711	8.4439443367048	8.42147089286174	8.28606850903966
5.24853331791819	5.29267718512157	5.47729772969688	5.89395820976914	6.12007949675738	6.0456121201116	6.41860134817704	6.50795395371397	6.50544830710287	6.76037090769923	6.44667426914095	6.79995939524478
6.12751791695683	6.12977945057322	6.09186669250335	5.98312871944639	6.02231944809631	6.14618907486318	5.97334495948234	6.01356973624225	6.05319972872696	5.4098736606151	5.97501907424591	6.15151783769923
8.67749505972865	8.71404076292534	8.58852077509685	8.54900262413786	8.70089035420807	8.69009316878914	8.73907389052034	8.72994767529912	8.6897726876058	8.21662228090254	8.60085385638259	8.65958673888023
4.68823287143131	4.54060469856516	4.83602778807376	4.76225253055732	4.76034936915763	4.67333694046356	4.53277236809635	4.83378348628367	4.60230984635546	4.40136216075958	4.72753567194663	4.66309268238176
4.67595454165287	4.42196020206653	4.71245310295523	4.41625667570813	5.08991752624712	5.02990203702294	4.48725770884399	4.90332441953674	4.43355538862109	4.21965124493956	4.32091041248398	4.69083767286467
2.97551482351178	3.10003210717917	3.01786611105958	3.10105444400908	3.91745033024236	3.71322966758707	3.35160260948642	3.49393348339904	3.37991742501901	2.90737332008592	3.01012287520182	3.22451966864213
10.1789987822982	10.1329305876998	10.2535024857411	10.1324270702987	10.0678423737814	10.0835207840358	9.9913891349521	9.99178532035016	10.0283567206613	10.2030657372272	9.92001595897186	10.0237160673126
5.0817142273437	4.92688320486257	5.23754414769899	5.15860546657124	5.28002040962707	5.26278683217703	4.99627135633184	5.06378909172999	5.04288243774145	4.91337206070736	5.38649875411156	5.15650124521348
4.62576878448465	4.82665575712392	5.01786611105958	4.70821269084443	5.22557262560469	5.23565070223952	5.20748003917562	5.18043401058226	5.13642320558087	5.08794556572774	5.50444001148298	5.5540209832343
4.90362190502999	4.8574618039051	5.22114970944832	4.99671778419434	5.24395115491954	5.02990203702294	4.90229520812283	4.83378348628367	4.93543614784769	4.89530048778534	5.19842640595899	5.20541084569443
4.54705680847061	4.26230353607805	4.5772935196736	4.24464529763793	4.44796504694114	4.8976542387245	4.46864203067664	4.19437320154013	4.70184551990638	3.93122006204028	4.52885167752289	4.60594877527816
5.40550266425659	5.34433930494406	5.48418411528211	5.63479162137506	5.79815140187002	5.77736000500679	6.07222020956514	6.06378909172999	6.16207179295148	5.7181591475438	6.07123438950521	6.22451966864213
5.44944601184419	5.10003210717917	5.70657653661856	5.13422130794428	5.56222222619882	5.66657957428825	5.4015278348181	5.53832760275749	5.43355538862109	5.19523957889965	5.55761067050431	5.59130199931376
8.08751984902491	8.10538931734868	8.06341024645413	8.34190123138201	8.28002040962707	8.21958233361186	8.46864203067664	8.38115409886742	8.46029084148303	8.20015506931376	8.67600537130655	8.43191937550311
4.23185457677156	4.60253244770836	4.3846484417312	3.82453680881166	4.69505790890591	4.68675745622589	4.05983648510931	4.59196556635956	4.64840626094492	3.28588494333964	3.33205097008918	4.40285690990065
4.60000568841957	4.78453028145124	5.09186669250335	4.99671778419434	4.82281345610429	5.3327493903446	4.79431252724982	4.77933570226129	5.13642320558087	5.06657191493517	5.41297096547275	5.27121290409017
3.50602954021056	3.23127664045743	3.93986359905831	3.06710711208574	3.69505790890591	3.68675745622588	3.44978300342532	3.72275217389492	3.58345081910414	3.12976574142236	3.86427200873837	3.5615546559197
5.13650670018408	4.84726603679921	5.29350055367301	4.90360837980286	4.90595469140453	5.43966459426111	5.00921041203934	4.84266163763011	5.28971961604744	5.33139960259202	5.49455849996901	5.34291436944437
4.58694953559412	4.23127664045743	4.85740143886633	4.59365292658158	5.2530533620268	4.8626072916253	4.35160260948642	4.75132132609169	4.87468211676859	4.74194971087855	4.46955449383912	4.77100802154865
3.19790724484823	3.38014002637191	3.38464844173121	3.6520696128069	3.66809086130565	4.04039441084058	3.54170549286637	3.42467082096192	3.44404776243872	3.08794556572774	3.90959599924786	3.62044834497327
4.68823287143131	4.47589900917734	5.04606300289023	4.33300117205878	4.94017040674244	4.81451300342426	4.27867108703257	4.57074908044987	4.69307531027865	4.54737718436504	4.81747779725943	4.90732949276143
4.37544543040041	4.08275411574733	4.27773323781469	4.40271014387018	4.46373236279946	4.47102876517045	3.95674299214521	4.38875124670698	4.21816635502241	4.16035406125579	4.1551732080051	4.22451966864213
9.02717694333427	9.04533658639292	8.92728553297884	8.83403033971865	8.95767480785186	8.85964791614476	8.80872332735589	8.91494633917826	8.70947596103075	8.37280367934466	8.81797314320108	8.79117462110482
9.59593831882138	9.51386148772094	9.65792073067444	9.37566284444724	9.4681360478764	9.43121758693901	9.30153204484138	9.36968283481909	9.30922067196591	9.45246650170759	9.26714800386594	9.42780326703088
6.38301865010522	6.4081544025415	6.56110148617101	6.75160528635781	6.77306042090718	6.9871523895636	7.20467050558879	7.24715023257799	7.3199417644617	7.55985981500408	7.66723516167882	7.62044834497327
4.62576878448465	4.51506960645802	4.61542864856037	4.3186458790817	4.82281345610429	4.57572614383714	4.46864203067664	4.49393348339904	4.31280322916048	4.05576515997859	4.89464565778189	4.40285690990065
4.56047732423293	4.6384520219633	5.18779111250189	4.84471469074929	4.89436671712932	5.19865649475731	4.83848011052539	4.7131020038612	5.01500340516601	4.83968651257434	5.26968508912881	5.17626450003491
4.43494644214908	4.39421521158363	4.82522103311718	4.95091409458122	4.88268491208168	5.02990203702294	4.95674299214521	4.94514459523137	5.08371615525002	5.00610727367128	5.55285714053368	5.04268134565632
4.94514117446826	4.21550932459911	5.12749060223408	4.88424305493593	5.04869486352061	5.30690938540934	4.84571167975646	4.77933570226129	4.81933908292482	4.61519256859261	5.01012287520182	5.32532030942963
4.91411427884764	4.48907439792507	4.64030331719939	4.61730419464622	4.9625382197709	4.87438445940165	4.73323695049805	4.47121340689896	4.71056273700749	4.4098736606151	4.76911477569802	4.70451260976175
8.46825819758701	8.20157013364124	8.45556343734235	8.34012560649216	8.38103957435331	8.45641166909826	8.96797024756846	9.00271864546355	8.97757499858854	9.2976856069743	8.98519920114351	9.10135969102102
4.53351027663267	4.46260218656388	4.30909740872402	4.71918380866543	4.62667093392566	4.73922487612002	4.4015278348181	4.30128840545664	4.64840626094492	4.4762161554438	4.67600537130655	4.5615546559197
5.83349581863935	5.4081544025415	5.81433271697444	5.73548562099454	6.01698600379327	6.1606886445583	5.89185346140119	5.92856171103576	5.91295213369631	5.4802629885065	5.56707099975338	5.53883457941962
7.9742619402017	7.90000749887118	8.0214210082362	7.9024056327212	7.98593006812513	8.0816170735671	7.95172491737859	8.00667394620254	7.99908140987783	8.16035406125579	8.12506645287427	8.10587517214352
4.28132325303587	4.10003210717917	4.22937021625329	4.16664278563666	4.74752532880004	4.48645880574005	4.35160260948642	4.40082407900756	4.11688301918522	4.24841023792098	4.33205097008918	4.2619943740608
9.08403928028995	8.99080303742442	9.04780714379283	8.95787804233098	8.94368831885104	8.89259594890147	8.82619403529472	8.89801061964027	8.86739208083812	8.99801507200377	8.87240258411005	8.87821331354466
5.02475834253163	4.61460528000893	4.95976315649601	5.07566912558917	5.2620985016298	5.29819216830823	5.00275538990204	5.22185393796224	5.51543239567549	5.15022984398208	5.36496559256192	5.24337869589345
4.86087225757066	4.9365333748963	5.02732644030865	5.06710711208574	5.14962377237139	5.21727217292466	5.14436999532098	5.30128840545664	5.19970945031484	5.2672692651723	5.51425430130993	5.35163158654547
4.19790724484823	3.81623914117859	4.21288209346472	4.10105444400908	4.54008324892957	4.42372305039209	4.12071872725633	4.37657653276088	4.09041080782403	3.47621615544379	4.33205097008918	4.33414415981663
5.03440851256535	5.21550932459911	5.54472565721716	5.28949953342219	5.37479863437917	5.36649818169914	4.99627135633184	5.04082794328668	5.16207179295147	4.84597277542178	5.3918321984146	5.43602377383585
9.15376468960502	9.13921228865846	9.08055137927552	9.04438703558566	9.05716408428943	9.08352078403583	8.98075396599011	8.99427745266944	9.02639431495287	8.80703234646336	9.009255610348	9.04805451775517
8.86425807241004	8.92324768414607	8.73283460295325	9.03234169392506	8.82815253980089	8.82895908237517	8.76362075360944	8.760134395898	8.76126372997677	8.56891391764486	8.79148258872648	8.67616460848582
4.29744291839914	4.48907439792507	5.00834333694107	4.70821269084443	4.84706100235096	4.70005427883934	4.55940749459982	4.43644798873828	4.53519565049693	4.56272514869847	4.64953315994535	4.59130199931376
9.34135120005612	9.3320532297134	9.30861255069866	9.31503462552933	9.304852262607	9.27561087253461	9.2869959516835	9.27159976427979	9.2784043028196	9.42175862976796	9.3754358588777	9.24630327634133
7.84313677603164	7.74113768593786	7.95357397908921	7.89758459217509	7.97083754298939	8.04170060834121	8.03948342315314	8.04179198945745	8.05148529591571	8.40402740267942	8.27834995025594	8.13772403818286
8.44764151499744	8.47672600549743	8.51056264210541	8.51241762247838	8.60816894241497	8.5511729094781	8.4762336432281	8.49040697213227	8.47443502380331	8.69918739124775	8.38315531103719	8.53692498941099
3.99541438094948	4.24687349550845	4.293500553673	4.08418062544469	4.65441592440857	4.70005427883934	4.31037994675991	4.31411244581423	4.32420799243273	4.06657191493517	4.4182076138389	4.70451260976175
8.57625371498622	8.50131799367982	8.40837451160646	8.37696237467253	8.47835933879486	8.4912470445891	8.42223381767697	8.43351269771373	8.38332885966815	7.90887534525115	8.51058176209917	8.34727956200577
4.31338446226816	3.83699770134538	3.97939196324494	3.864614248187	4.34956134288014	4.71322966758707	3.9832152035064	4.42467082096192	4.19350430078814	3.4599143431147	3.76911477569802	3.90732949276143
6.11392885220887	6.01149543257752	6.28563843590003	6.16664278563665	6.28446631465826	6.21727217292466	6.31819945121921	6.31730072344527	6.4229861469109	6.05305077528156	6.53609534984951	6.6525491881403
8.71248041767799	8.8925900273087	8.83938836504378	8.93453295299776	8.89072630378996	8.92268303321602	9.05711331717493	8.9420497888085	8.99373478841235	9.29539060543105	9.1758029503638	8.91323009420112
5.10937057024657	5.07403689864623	5.25375437488025	4.98767264459134	5.27108728485706	5.3327493903446	5.21866377766829	5.20129261547992	5.40698566821719	5.07194508703403	5.38649875411156	5.21499689452363
7.07938542128373	7.15686332977585	7.01786611105958	7.02793651480506	7.04083274574764	7.21727217292467	7.45333790060195	7.42467082096193	7.48527042516524	6.97202627842817	7.37172929478122	7.28720493685807
4.36017867374711	3.75210880375887	3.81433271697445	3.80407270625195	4.24395115491954	4.53178279624954	3.80176833216887	4.00172812359774	4.23034106896851	3.68698325166062	3.98210849903222	3.998959968227
9.25163922878601	9.31087736393479	9.2154708166443	9.32134839946153	9.30922241374383	9.30690938540934	9.30448737883671	9.27815934382529	9.29443846175191	8.74783655395546	9.32160922336754	9.18055185843801
4.53351027663267	4.39421521158363	4.75862328438816	4.66347437607915	4.91745033024236	4.77736000500679	4.29988757294226	4.65380482017743	4.49539464243895	4.36680493872322	4.63161125194809	4.77100802154865
4.05351733551305	3.68499460790033	4.01786611105958	4.11773318515571	4.41590383770884	4.45543191011943	3.86006697273353	3.86897291474596	4.03596302380165	4.10900718125557	4.10409902341083	4.10587517214351
8.99603184085229	8.96922199360247	8.84073040703905	8.95323914752746	8.85604978557821	8.86556060901465	8.82847714234011	8.85806813840709	8.89824273270988	8.45940193144499	9.07081880688938	8.82677899284432
8.6440058978668	8.68642514350677	8.59410180736015	8.78069819787814	8.7288887394329	8.75682869459093	8.79244253989677	8.76714629325337	8.87322705356821	8.39280014725616	8.82489018746948	8.81185307382604
5.50602954021056	5.54060469856516	5.59648708490691	5.66347437607915	5.81668735330744	5.90341350801319	5.84210042620409	5.8862509061778	5.90917049315388	5.63347792162036	6.07455474779682	6.16641671407857
9.72184252088168	9.70559981222952	9.71611383833955	9.52263004493769	9.62360369957785	9.62709824555816	9.45835905741478	9.56338325082682	9.46125963505557	9.36324846863136	9.31565851356111	9.4303772106947
9.96703666958747	9.95830919159273	9.90789033233135	10.0973801231995	9.87386106169468	9.87255060248651	9.8691888315869	9.92464736919098	9.90466688220562	9.77732695687956	9.83618239619729	9.79637208703703
6.56381303679619	6.52469830765579	6.63412474227028	6.76225253055732	6.74107030666275	6.8537108911369	7.09059873888	7.07889598412019	7.10039489639665	6.80622659662902	7.19079711773582	7.27580017358583
5.13650670018408	5.20756057148362	5.45643912479921	5.23703211352805	5.51759923477819	5.42372305039209	5.64893871619139	5.50516073882229	5.44404776243873	5.47215793886945	6.11058305698104	5.50797361571486
4.60000568841957	4.29267718512157	4.47037831575708	4.60552702686987	4.56952702682206	4.78985094918999	4.44026022930682	4.2752931969237	4.47507465805935	4.7284031790406	5.00317011456006	5.29852025008591
11.015195491213	11.0100680108316	10.9745097418652	11.0038852478758	10.9471976736364	10.9601213822252	10.9382574213	10.9091470821643	10.9266949870383	10.8838897108658	10.9083172718405	10.841358666622
4.66357081719704	4.79517752565075	4.75862328438816	4.56960745261492	4.87090774430533	4.71322966758707	4.5237835848691	4.68375804227906	4.48527042516524	4.65153441565633	4.88711198509648	5.06405499644889
4.32915177812648	4.29267718512157	4.72413490800287	4.56960745261492	4.79815140187002	4.85073319133701	4.83121211006135	4.78855423229066	4.86690476617687	5.12976574142237	4.94630777760438	5.19576067566071
9.11563450171697	9.12556719928631	9.1025346554052	9.17762149337372	9.09814885668787	9.11736487827328	9.15895753154402	9.12146736787183	9.1468979991705	9.25580641448554	9.15674050315207	9.08707546501477
9.13314246615071	9.19655903085775	9.15580099825745	9.09632859615526	9.21046573321448	9.08352078403583	9.08143873959452	9.03793193353358	9.0672665963684	8.87469565930828	9.27040915189979	9.04671309967537
4.75978613245634	4.7629971199016	5.10978860050062	4.67478968930698	4.77306042090718	4.72628582041252	4.62812024468384	4.84266163763011	4.60230984635546	4.70092244261849	5.11058305698103	5.13646349197694
5.24021804970619	5.37305060158559	5.52482609977946	5.31141430985063	5.73458627309255	5.48645880574005	5.4015278348181	5.20129261547992	5.24241390126908	5.4183352393633	5.8015362533904	5.76449471458998
5.5402994422953	5.38719478390586	5.68282793384595	5.14239523938998	5.61965050624789	5.60429529603391	5.31037994675991	5.38875124670698	5.44926547170975	5.26257756984758	5.49950771594075	5.70451260976175
4.46380130482126	4.21550932459911	4.52482609977946	4.28949953342219	4.3324878295212	4.48645880574005	4.57689492132867	4.32682349756378	4.28971961604743	4.4183352393633	5.0645706592242	4.59130199931376
9.85679876298423	9.92142648250609	9.83063452930354	9.937178213058	9.87090774430533	9.8889719956247	9.82687934686215	9.80227251353845	9.83586727493097	9.65578982598788	9.85994896392947	9.69598097614063
9.69357195512792	9.6999449493663	9.65334558400436	9.66418418915171	9.68794380726924	9.71977251345385	9.65409673041256	9.59163644692369	9.62410104265326	10.094395408143	9.58726115947647	9.6713853101985
4.36017867374711	4.29267718512157	4.74721852111591	4.6520696128069	4.83498817005039	4.80223467364582	5.26255142166929	5.29483338331934	5.35233159334712	5.83020545956346	5.63611264418303	5.88348275080707
5.0817142273437	5.27757029273136	5.40656321815964	5.83969661598267	5.61259574871394	5.51683245478357	6.05672387324197	5.92438603506457	6.08035714316011	5.83653307953547	6.39979557672501	6.020986274557
4.3447486331775	4.39421521158363	4.74721852111591	4.54515440889039	4.77306042090718	5.20799435933665	4.4210240104439	4.52735648493649	4.55469182612272	4.56272514869847	4.8719255812818	4.84695687478195
5.92971113389865	5.83699770134538	5.9247567066681	6.17463557639019	5.91171396069322	6.1167452969707	6.4039793138122	6.53559263503625	6.71490167273182	6.56272514869847	6.8055381839479	6.72813621428764
9.13482556380327	9.07894681277004	9.0559187035442	8.82960779835908	8.99613064119474	8.92197391791991	8.88572735860434	8.9342836025996	8.87807156799577	8.48580891371792	9.00360564514174	8.85080509002942
8.83349581863935	8.83570900537681	8.7321116287257	8.82199461424921	8.83498817005039	8.93257422307366	8.96548284170937	8.91547239024732	8.93217897333522	8.45683713958569	9.06331777591412	8.89917655791221
4.31338446226816	3.97450122509532	4.16225602039475	4.22937854098462	4.58402659651717	4.30690938540934	3.99627135633185	3.96966691436543	4.28971961604743	3.55507157615504	3.4389661740057	4.04268134565632
9.24749652661171	9.29923703097115	9.10923189779608	9.32089833081308	9.21338321659678	9.22188880099503	9.33210427403243	9.18872663839899	9.27436776312673	8.85145087545984	9.4142819106251	9.15650124521348
4.72445305934406	4.62657792167501	4.68880183489058	4.40271014387018	4.88268491208168	4.94309720948567	4.60273492626392	4.57074908044987	4.62092552452281	4.32241081936476	5.04439277728657	4.74477647997547
9.06650935573237	9.03863156251503	9.14497802896292	8.86708250377775	8.92102401312218	8.94099874360167	8.78352684855988	8.91494633917826	8.82286092086774	8.95867290817114	8.99267774074241	8.86837585841686
5.10021057096109	5.08275411574734	5.07371934579309	5.60552702686987	5.16898909723832	5.0816170735671	5.62392025615455	5.46547703734981	5.67537330854519	5.3042634726545	5.93173497651711	5.73147965736202
8.99356041405367	9.03751102262111	8.94673507576359	9.01129624911724	9.02364973407428	8.98307889497718	9.00558301653485	8.93376436738043	9.00662203140902	8.71171949227118	9.22219830186313	9.00794875145426
4.26502144070676	4.11710562053812	4.3992952176956	4.27470253149411	4.54008324892957	4.65979040862562	4.19054017675391	4.2752931969237	4.21816635502241	4.27660712975164	4.21657375266925	4.41953565104728
9.33404393283425	9.33570446871612	9.22320923162662	9.32897816236652	9.26097095562408	9.30310208243204	9.23940244394392	9.25797570070563	9.32207645541722	9.15181644376906	9.23412454939993	9.24337869589345
9.13930424816344	9.09573196974555	9.19515450091538	9.25080156351376	9.07523835252026	9.16548963082212	9.02999197417585	9.080304178513	9.09707453810504	9.15688186934898	9.0299274153483	9.00173171747706
8.68670378274456	8.77447661678732	8.52399096514492	8.87262068731918	8.56587924980691	8.6682718853807	8.66946104006474	8.77817923322871	8.69087440208537	8.04214187611461	8.84495853368153	8.6095873523415
8.93744678267826	8.98616414262089	8.83938836504378	8.96307903148795	8.75154510025239	8.8633461879492	8.8756062294198	8.90120124764377	8.88675090925885	8.56272514869847	9.03717822608616	8.70536300474121
3.82795763509793	3.43563513896361	3.83602778807376	3.62898599969385	3.9625382197709	3.81451300342426	3.72541744603875	3.64368060290372	3.35789111868902	3.34033272736202	3.63161125194809	4.12633927470323
4.53351027663267	4.42196020206653	4.85740143886633	4.10105444400908	4.62667093392566	4.37481344991114	4.61970800486764	4.60245794017721	4.50544830710288	4.45169383630973	4.80153625339041	4.94237643986064
9.20112395753177	9.32242452851562	9.14769139263821	9.21443319554502	9.19696879282183	9.15767989468596	9.22734114679013	9.18698477879604	9.24241390126908	9.45888933771393	9.23968121966976	9.08446306947816
3.99541438094948	4.04756468728504	3.4978590521792	4.08418062544469	4.12999496562246	4.14132331969136	4.70170137706495	4.58139632464938	4.64840626094492	4.83968651257434	5.09758571645216	5.15650124521348
9.83556716865905	9.80739123926005	9.80404974371258	9.79599940571626	9.78173475447302	9.7948946642993	9.71780166909126	9.6972814863788	9.70293805690739	9.85535110773764	9.71482462019707	9.73189704346095
9.28081659981173	9.23470288983242	9.33456446041136	9.03453924962931	9.23249203954448	9.20333298196679	9.17877755783282	9.25090670956449	9.12342586505199	8.86776146418706	9.02091992485451	9.35326021705622
9.08925698956097	9.07184933940847	8.91395946688288	9.05470950695352	8.97908939603475	9.04300562429712	9.11960050342496	9.11827202871202	9.12668619421558	8.90285783896343	9.18235803733134	9.03119647315922
6.3601786737471	6.0652666890185	6.293500553673	6.28949953342219	6.7215301202671	6.51683245478357	6.72541744603875	6.66885916589972	6.71922759813461	6.55507157615504	6.83716016312113	7.02644070464911
4.60000568841957	4.56569567952798	5.04606300289023	4.70821269084443	4.79815140187002	4.72628582041252	4.66128710861903	4.56002267385681	4.58345081910414	4.70092244261849	5.02392867472685	5.17626450003491
8.01504318769841	8.00348361882092	7.89147211495602	7.9751422496352	7.95419087705738	8.09803303670853	8.23665445255901	8.33706939451039	8.31137127366735	7.95249588936689	8.41100231148401	8.33084153714379
4.96546115884786	4.47589900917734	4.55129831114065	4.6520696128069	5.06945342368741	5.00868555111324	4.65306660181407	4.8862509061778	4.99373478841236	4.19030728335742	4.33205097008918	4.83457315032612
9.47889889763116	9.45044516091959	9.57406961879931	9.44957674890815	9.54657561944023	9.48885491165688	9.46776349921284	9.48899395043176	9.47315490389599	9.80904475443493	9.42081882729544	9.50553457026344
5.83349581863935	5.52149587561745	5.58371978883303	5.55743273866882	5.90017233881052	5.99795914452018	5.64479898583047	5.77933570226129	5.8824177655482	5.15530083352951	5.48460883956141	5.67703187333964
9.26962497425938	9.24881129974994	9.21908724299143	9.15961258356913	9.14718472691997	9.14861581225772	9.18163792068483	9.10680198069008	9.12831359996163	8.98703587423406	9.06998728234711	9.14212729657647
9.56131197571175	9.57846468774652	9.57164695653245	9.54013633412376	9.51334419142893	9.5215211005772	9.45658887922841	9.42651735268833	9.46738026626936	9.4306738946691	9.50074237159239	9.37853827917509
5.23185457677156	5.10003210717917	5.27773323781469	4.70821269084443	5.03820248970297	5.10179495550472	4.9832152035064	4.99377937048224	5.04976882332669	5.23888746380248	5.4182076138389	5.37747159148073
4.14543982495409	4.13397943910251	4.36985143980312	4.08418062544469	4.65441592440857	4.45543191011943	4.34140684238053	4.28834934974915	4.46480632260553	4.25787056717005	4.71056259334291	4.50015411125556
4.75978613245634	4.62657792167501	4.87846305439416	4.33300117205878	5.21629481201668	4.96529295559986	4.81656533409695	4.94514459523137	4.60230984635546	4.29510347336903	4.60430390595235	4.85923520456039
9.25215623113553	9.15531454268036	9.22629301272428	9.05957343940034	9.06105624953023	9.12045879976976	9.03355858919604	9.14722642878185	9.01015696742783	9.00715943978639	9.13781964125484	9.14212729657647
4.23185457677156	3.97450122509532	4.62791959274356	4.11773318515571	4.65441592440857	4.45543191011943	4.08449853934358	4.22185393796224	4.24241390126908	4.28588494333965	4.73594791176283	4.83457315032612
9.68057116972324	9.64066757659513	9.74757628802187	9.53858879303583	9.59838188949424	9.52105292110177	9.40336683448188	9.44376019415815	9.42165953068787	9.68632653590349	9.36157181296611	9.4205716977998
9.83003694611011	9.82957193001307	9.79991594420557	9.69438041766486	9.78840210783626	9.76238516103925	9.7111356580696	9.70642986859299	9.68009662825676	9.7873649181421	9.61117935204328	9.7268804227902
8.77353652788217	8.78252514556087	8.65792073067445	8.66701995427287	8.69922634590261	8.66149069761545	8.54781508638585	8.55057119851224	8.58048169881169	8.01450319479234	8.60315480589886	8.53978842741529
4.10937057024657	4.44918167080156	4.42815008036779	4.3612902164902	4.69505790890591	4.83876054967093	3.99627135633185	4.58139632464938	4.39080574116175	4.12976574142237	4.25219766239997	4.51575096630658
9.67595454165287	9.72487107078353	9.58171465294265	9.64776947537327	9.59659527002022	9.61354760927211	9.5917556627548	9.54139825671746	9.58077888596712	9.39172631390484	9.5019759715315	9.49130620933704
5.98051550457014	5.79517752565075	5.91968571712067	5.90840936606668	6.10507733341813	6.03515776247444	6.14436999532098	6.21844733651899	6.1684133198253	5.84597277542178	6.46955449383911	6.4236753814082
9.19199124571024	9.20905430246181	9.02791565617997	9.1555798904028	9.1557034064881	9.20216528053445	9.1751941107821	9.09524000952088	9.16959925909545	8.76701163307627	9.20904007998384	9.15836559400736
4.78286974556938	4.61460528000893	4.78116585303925	4.5816802849155	4.69505790890591	4.82668771737036	4.5941729127605	4.79771423157614	4.60230984635546	4.33139960259202	4.75262665290946	4.96527684197071
9.207535946046	9.21104354102707	9.20143620187404	9.07246432225525	9.21513087888305	9.22534160290055	9.05516504538541	9.05378852491266	9.05362801878232	8.88541637242716	8.98828329616019	9.03119647315922
5.05351733551305	4.77380387485819	5.12749060223408	4.864614248187	5.2530533620268	4.96529295559986	4.89534244748106	4.78855423229066	4.94285361941017	4.83968651257434	5.37037908874828	5.05340775224938
8.97801733071495	9.02964277928777	8.94111539526776	8.9933324990097	8.99883865708301	8.93327814845522	8.98198510960705	8.91547239024732	8.96487992574017	9.19123337413976	9.09921680203109	8.97377163613617
13.2900351298411	13.2405575953617	13.3221874081645	13.2443783268983	13.2098815278852	13.1888525712063	13.2266272358275	13.2219071023365	13.2119443251641	13.2977035223091	13.1254667011889	13.1759194264736
5.99046516497775	5.85746180390509	6.27376433561174	5.69715750233544	6.12007949675738	5.92622339092127	5.96007870470846	6.00568613716642	5.97937949543529	5.74531656197695	6.2609678720277	6.02644070464911
12.3668777672343	12.3677105768304	12.3796367787003	12.2375091163563	12.2867533920401	12.2393554026519	12.1515910265353	12.2033404441288	12.1341976044874	11.8887978951249	11.9917450406017	12.1035385624241
5.67595454165287	5.55320473534479	5.68880183489058	5.69715750233544	5.92316398143675	6.02462709498227	5.5984602711636	5.52183947996892	5.56434199615644	5.28588494333965	5.59045392719133	5.71130177542439
5.58037688167064	5.26230353607805	5.67080540559674	5.33300117205877	5.49475925842008	5.92622339092127	5.44978300342532	5.52183947996892	5.54497667128951	5.63347792162036	5.5240022778615	5.64901749717004
9.98269786377316	9.87450543511859	9.91841517979427	10.0907954698662	9.93310874290826	9.9871523895636	9.84368146202356	9.88033490703982	9.92727938168355	9.86001751086005	9.79022094016257	9.69982645609193
4.54705680847061	4.54060469856516	4.84675419466682	4.40271014387018	5.07972175914124	4.76475996822716	4.61970800486764	4.78855423229066	4.95757512511694	4.34033272736203	4.4182076138389	4.84695687478195
4.01504318769842	3.91716805002937	4.21288209346472	3.88424305493593	4.04869486352061	4.30690938540934	3.75644434165938	3.86897291474596	4.15570226807575	3.74194971087855	3.87953876539168	4.06405499644889
8.32915177812648	8.31504499815002	8.5643544639661	8.47245121516074	8.46666964587901	8.4603240648272	8.43846769019749	8.40307653073893	8.49223844988527	8.93011100750196	8.344482119638	8.66571656011181
9.88106897155748	9.88948812320922	9.8888796703395	9.81944793213886	9.76473143671272	9.80992086679095	9.68667838424389	9.69115017650909	9.70811633880131	9.9928900398259	9.66641021452536	9.77789634124757
4.32915177812648	4.02964277928777	3.93986359905831	4.40271014387018	4.83498817005039	4.48645880574005	4.20185548998174	4.49393348339904	4.45446437838407	3.71472824214353	3.47960815850305	4.40285690990065
4.3447486331775	4.47589900917734	4.3992952176956	4.38903520697311	4.56952702682206	4.47102876517045	4.31037994675991	4.33942353434341	4.44404776243873	4.17040772591971	4.49950771594075	4.38598309133625
8.85747847797484	8.86316541571255	8.86467610266408	8.83339937752146	8.865724846616	8.81221876221844	8.71212516087992	8.75602832876922	8.69087440208537	8.95213171038202	8.83960168518106	8.80155089572707
3.87167901252724	3.43563513896361	3.91968571712067	3.78331414608515	4.29772241136052	4.40760338502881	4.14436999532098	3.8158615782864	4.24241390126908	3.39280014725616	3.4182076138389	4.24337869589345
9.62656651469071	9.61985554069613	9.64760617168387	9.39160915063693	9.55763787203664	9.48213576093115	9.39044433568909	9.41911700283325	9.36894630719801	9.28038344028016	9.34345027190712	9.42831842327305
4.80558982206947	5.04756468728504	5.18779111250189	4.84471469074929	5.05911147946595	5.15103847452458	5.00275538990204	4.92856171103576	4.99373478841236	4.81426391569444	4.93903977714034	5.29852025008591
6.38679040399442	6.45254852189996	6.54801572715135	6.81434104170578	6.48706486663008	6.6148645377441	6.86541359419901	6.66636099204452	6.74066476879691	6.7267008838096	6.97856814132698	6.87745896317929
9.54156886168287	9.49480100895203	9.52649492014008	9.48736813344236	9.48223494902589	9.4222194598017	9.40091431363476	9.42614823536742	9.3958814883027	9.55387202919902	9.4142819106251	9.40180805849793
9.35296638556757	9.35157087417514	9.47037831575708	9.36784098470398	9.30266221278851	9.35656114557537	9.22941597223052	9.25215669812576	9.19622233827255	9.42596091212273	9.16571955687989	9.23927429756071
3.93487283901444	3.87763968584272	4.19620335231809	3.97857043748408	4.12999496562246	4.27171995694704	3.99627135633185	4.31411244581423	4.23034106896851	4.20993609010635	4.58580756233497	4.80948216936329
4.28132325303587	4.23127664045743	4.52482609977946	4.22937854098462	4.55488025085765	4.50172556239336	4.49647623887337	4.42467082096192	4.28971961604743	4.02285053750585	4.59508537592298	4.62044834497327
9.116202603729	9.08329719689092	9.09130302965544	8.85220922729622	9.05391257279163	9.08668806311452	8.93698837412169	8.93584018794128	8.9228320339941	8.56415568430491	8.99004268057444	8.9815148337676
8.88173735009197	8.94671644216599	8.78952932597387	8.85780469018974	8.88926756247165	8.94589042437735	8.94374376271699	8.86353082967772	8.95253153331253	8.49733650186544	8.93036119919614	8.76612580016891
9.46290827165075	9.55281264537339	9.48418411528212	9.53199316081515	9.50479626953781	9.45396102294948	9.45835905741478	9.44558246930366	9.45996776566915	9.78960877090263	9.44282536946133	9.36568567710302
6.60972084325278	6.74663367369272	6.55784115700742	6.7542744731338	6.70504199747853	6.7520489164776	6.96007870470846	7.0618895588145	6.99908140987783	6.64253441740537	7.14099040086278	7.04537043318397
4.86087225757066	4.89753924328043	5.13626081186181	5.02351784353806	4.9625382197709	5.14132331969136	5.1962089268406	5.19437320154013	5.30130759032265	5.00610727367128	5.28696308056065	5.30750903331317
9.9610405533816	9.96804620295801	9.90532724919504	9.94945903138083	9.85754248621928	9.8765820151059	9.89577797806275	9.856699227553	9.83112853685134	9.80723371362691	9.82168282650218	9.77425368105231
5.3447486331775	5.23127664045743	5.39199041707237	5.25221851734273	5.68163739314359	5.59008143681421	5.04734554092611	5.26211780817596	5.40698566821719	5.18535806738568	5.42342532310992	5.65607225470399
9.0869403370505	9.12503980208033	9.14334755784469	9.02517643161982	9.03028282640673	9.00801748208492	8.947109631939	9.03066637323445	9.01895659849596	9.03871585920918	8.9530884341764	9.05874119655242
4.2485333179182	4.30762752658754	4.47037831575708	4.59365292658158	4.51002601507339	4.77736000500679	4.71755532826578	4.28834934974915	4.64840626094492	4.82066168689259	5.09104287058539	5.08511661197672
4.94514117446826	4.81623914117858	4.98910711807815	5.14239523938998	5.1593389272046	5.0917412908408	5.0536045313978	5.2421263329885	5.04288243774145	4.94884995606208	5.43380446888992	5.49229199348259
9.27980275926341	9.29830173431545	9.32500698894933	9.27748855432495	9.34211653071898	9.33061364600061	9.23424565884826	9.18349473768456	9.26033580926634	9.64117956204749	9.2463210960633	9.39707876802433
9.53265938009317	9.57460721207701	9.54225317153765	9.57452423166449	9.46715861217445	9.54427774720108	9.51218424859854	9.44849333039887	9.50795081430604	9.60202140041724	9.48367253122726	9.49426154333236
3.61294474412707	3.29267718512157	3.65258164697783	3.55743273866883	3.9625382197709	4.10179495550473	3.48725770884399	3.70338684902799	3.50544830710288	3.00048272447741	3.45943027656541	3.40285690990065
4.79427450884163	4.48907439792507	4.60282861178073	4.44297401408391	4.87090774430533	4.85073319133701	4.25713792548293	4.63348483579783	4.69307531027865	4.49233582080708	4.48959224707566	4.67703187333964
8.74443427953564	8.84470579648064	8.69697576633629	8.81049897541138	8.71578068750198	8.6884262765865	8.79524661277348	8.68437550218186	8.78415587339112	8.7682533732541	8.94676081420439	8.79836613716911
9.92128377426648	9.89475739874031	9.93075544728954	9.81402126002633	9.86201134381693	9.81565875732237	9.70791507880969	9.72365357663645	9.69225036312519	9.97615159807134	9.65868787508847	9.75384747039047
7.48330946371048	7.60404708831035	7.55947224258635	7.62023352568489	7.60550632392762	7.46519968636825	7.67758892094813	7.62964276950344	7.70621071246778	7.3414454887291	8.01445139642333	7.66659012661799
4.50602954021056	4.55320473534479	4.72413490800287	4.67478968930698	4.77306042090718	4.63230967220351	4.4210240104439	4.67384257341397	4.49539464243895	4.21965124493956	4.48959224707566	4.5615546559197
4.74810432740871	4.55320473534479	5.10978860050062	4.83466102608537	5.00625959720021	4.94309720948567	4.78681799070289	4.8158615782864	5.10370763043749	4.6586942072292	5.10409902341084	5.22451966864213
7.12977036868821	7.11498244864514	7.24769686405988	7.27097944545139	7.38103957435331	7.37066180664067	7.49187433691436	7.5586762481493	7.63014405455219	7.71472824214352	7.24484820666442	7.44623397243806
2.61294474412707	2.40815440254151	3.16225602039475	2.88424305493593	2.74752532880005	2.78985094918999	2.92977594454494	2.77933570226129	2.62092552452281	3.00048272447741	2.83324511311774	3.020986274557
9.9527947470117	9.98790547661731	9.86005101728028	9.98937293358117	9.91709247459352	9.9472850064491	9.92338195398922	9.89694550697404	9.94700924890148	9.80441201245185	9.89394104480529	9.86875546506051
5.84998394142792	5.84726603679921	5.86797068057652	6.59663062638147	6.36643516144454	6.43171584114562	7.05204232762751	7.11231898565765	7.14126717781218	6.61150752178475	6.87573719523182	6.88047400093473
8.02112282181512	8.18446088833988	8.23550500242539	8.18357485137149	8.1833443902154	8.24928256782728	8.20326368437455	8.05522142856387	8.24616603613019	8.59200507104814	8.38716651392024	8.18969637484045
3.71248041767799	3.8574618039051	3.89922161456096	3.88424305493593	4.65441592440857	4.179797467506	4.46864203067664	4.32682349756378	4.53519565049693	4.37552215582432	4.47960815850304	4.79677111761374
8.24126008300602	8.37659966866666	8.19095145339522	8.37349435607732	8.28668413990808	8.30146730034109	8.45747423982134	8.41354172200229	8.46930771484047	8.64749136291905	8.3588510294329	8.36890957797731
4.62576878448465	4.42196020206653	5.08282155290035	4.50767970347172	4.84706100235096	5.06115297100738	4.39168004886175	4.33942353434341	4.81933908292482	4.75537022664087	4.57646969775563	4.70451260976175
3.78286974556938	3.51506960645801	3.99875728811187	3.10105444400908	4.18809792018603	3.93186995406241	3.87428083195324	3.53832760275749	3.46480632260553	3.08794556572774	3.59508537592297	3.88348275080707
9.7329974350185	9.74354475723543	9.76429203447485	9.76125768277105	9.63757241424515	9.66573267374096	9.6517779058455	9.58998972257998	9.61976905549023	9.68654547437282	9.58929373811321	9.65475211274131
4.39055232279062	4.26230353607805	4.70067593517888	4.42967719147045	4.72153012026711	4.80223467364582	4.55058364421282	4.42467082096192	4.48527042516524	4.67290806644889	4.97501907424591	4.90732949276143
9.27319537215246	9.27329282118474	9.2144358847198	9.2945511526054	9.23364205558058	9.19748500054687	9.12146372858499	9.15971351172852	9.10536114929	9.23170390518858	9.17077006305612	9.02507902919089
9.16808162811553	9.18850488549623	9.13953594389467	9.05416805637824	9.13677253326561	9.0449609375048	9.10536080040562	9.03938066507713	9.09749000104265	9.29682540917029	9.09880920348596	8.98502077726913
4.39055232279062	4.54060469856516	4.01786611105958	4.44297401408391	4.92885509351461	4.67333694046356	4.31037994675991	4.49393348339904	4.55469182612272	3.75537022664087	3.81747779725943	4.53118100687618
4.95533694157415	5.09141897687446	5.28563843590003	5.21394850041501	5.47155186725875	5.52432699133049	5.21866377766829	5.51074177108559	5.45446437838407	5.04487684383585	5.49950771594075	5.53883457941962
9.25215623113553	9.24007060968926	9.22834521085252	9.18010504544322	9.1767826069582	9.21842771567037	9.07491503764321	9.14139190985396	9.11154502091337	9.20810719270416	9.15164055616028	9.10587517214351
3.8930526633198	3.91716805002937	4.01786611105958	3.55743273866883	4.28002040962707	4.51683245478357	3.61124642611944	3.74186099684262	3.96487992574017	3.35803472909548	3.66723516167882	3.33414415981663
9.38396251343027	9.44157740407896	9.44280587404979	9.53820164824862	9.41387615636186	9.48549924797878	9.37115418577458	9.32761423205378	9.38537185511112	9.75098036657648	9.35202653685442	9.33249379352697
9.25628559364238	9.34660306665267	9.20352403876648	9.29500951481447	9.29882160763533	9.33754328634428	9.36927363581348	9.33353096642021	9.3840101796529	9.08030080968975	9.42797539008772	9.36514765918111
4.87167901252724	4.51506960645802	4.60282861178073	4.71918380866543	4.91745033024236	5.14132331969136	4.58555978245579	4.85148548801712	5.01500340516601	4.19030728335742	4.67600537130655	4.998959968227
5.86087225757066	5.80047182532026	5.89405990944518	6.29317519156559	6.41995067077154	6.55025545632102	6.5984602711636	6.4740730610382	6.6597038522793	7.1011450634826	6.49455849996901	6.89247153403432
8.71398244284322	8.71474195129438	8.79577026594802	8.72599863022175	8.68584473074458	8.69425199277281	8.59738962544404	8.56673601794325	8.58996145392782	8.90097220931205	8.76192439749155	8.62044834497327
9.67941839695644	9.64324809735116	9.73932511895828	9.66311933853807	9.6933871559214	9.63317641602104	9.75979777676918	9.76335241314014	9.78183123671091	9.94629230937822	9.83813726782552	9.84502891105672
3.68823287143131	3.75210880375887	4.14497802896292	3.84471469074929	4.12999496562246	3.93186995406241	3.94332247638288	4.28834934974915	3.87468211676859	3.84597277542178	4.02392867472686	3.90732949276143
4.43494644214908	4.69639937117258	5.14497802896292	4.864614248187	5.17857514606752	5.05081102678592	4.99627135633184	4.8068164386834	5.07699029206171	4.78184243800206	5.37037908874828	5.29852025008591
5.75395705365414	5.8675860211788	5.9247567066681	6.06710711208574	6.03820248970297	6.20799435933665	6.41860134817704	6.43644798873828	6.28680802062753	6.57033833280835	6.21356500279691	6.41953565104728
4.23185457677156	4.02964277928777	4.33979420594694	4.04982912065391	4.22557262560469	4.37481344991114	3.92977594454493	4.31411244581423	4.21816635502241	4.27660712975164	4.1551732080051	4.35163158654547
5.27319537215246	5.11710562053811	5.55129831114065	5.53897583396126	5.53262744401052	5.53920026781203	5.67758892094814	5.86462089020626	5.85515955850378	5.58919736005966	5.96073484823966	5.95387207869847
4.21498075820716	3.77380387485818	4.66475636092393	3.92271720275057	4.54008324892957	4.32418737684118	4.12071872725633	3.83378348628367	4.21816635502241	4.06657191493517	4.4182076138389	4.63480363795034
7.58694953559412	7.57653723917541	7.49785905217919	7.83339937752146	7.74591427889407	7.76475996822716	7.91953191304814	7.84597690919447	7.92142475535134	7.53964153558543	7.98564019000248	7.84541470997355
9.59593831882138	9.68105330520077	9.51435200817365	9.55513849746301	9.56998235112468	9.66657957428825	9.61944433036432	9.47157117380492	9.58434036493906	9.34671941586765	9.54090433777191	9.4967197055234
5.09099204093172	4.8574618039051	5.29350055367301	4.79373076203049	5.2620985016298	5.04039441084058	4.90921462206262	5.2752931969237	5.09707453810504	4.67290806644889	5.36496559256192	4.96527684197071
4.65107987301384	4.21550932459911	4.68880183489058	4.28949953342219	4.94017040674244	4.95423776709087	4.58555978245579	4.57074908044987	4.86690476617687	4.27660712975164	4.83324511311774	4.79677111761374
8.29644069880977	8.3694927821724	8.43438588216396	8.75093721732948	8.66553666463808	8.67838427520088	9.12666799358752	9.13010492503496	9.15729728763113	9.30054923443472	9.14809923285807	9.21021183195825
7.92453089479298	7.74937383603763	7.88368076366518	7.75294049704163	7.91745033024236	7.92904943500004	7.86541359419901	8.01061843270865	7.86592964275963	8.04896959846974	7.78440310358721	8.01825130683576
8.69281043753785	8.59112167078878	8.88693227516297	8.57414661223009	8.70089035420807	8.65893951208612	8.56489512023825	8.75778950299512	8.58877988544172	8.88770333994579	8.50259237617274	8.63033293390512
8.85611872760002	8.69213314320155	8.81706250973002	8.74692229347421	8.85231126303817	8.73600097524573	8.69370858631141	8.75602832876922	8.6415849950889	8.63165978018138	8.99486995365608	8.79197545101209
5.75395705365414	5.64435262340298	5.89405990944518	5.97399770769426	6.00625959720022	6.06115297100738	5.95339954907084	6.01749543945605	5.95023314977577	5.99483616133626	6.66282998255881	6.47643804228175
9.16149146039788	9.12556719928631	9.12858979850888	9.07353338124517	9.04017563116516	9.02132043517832	8.92380910278313	8.98277782985638	8.88289986915866	9.00013046100577	8.92485297090433	9.02371606731258
9.06885902244213	9.1329305876998	9.06742809877697	9.0006572698824	9.02364973407428	9.00801748208492	9.02522273002798	8.98327972411814	8.98881625104338	9.22357941482509	8.97501907424591	8.85464306792708
4.03440851256534	3.87763968584272	3.5772935196736	3.76225253055732	4.24395115491954	4.32418737684118	4.03474550414648	4.09384632558617	4.12993917201067	3.08794556572774	3.35407727641918	3.7579518687232
9.85611872760002	9.80508845339063	9.86335616200395	9.76225253055732	9.73864220784406	9.75921265829653	9.67961375642563	9.68159484913816	9.69114969929848	9.8633137713754	9.75133054731434	9.6718204466943
4.94514117446826	4.69639937117258	4.94984768763093	4.5816802849155	5.05911147946595	5.10179495550472	4.66946104006474	4.7131020038612	4.72784072843932	4.27660712975164	4.54808789638581	4.85923520456039
9.80382764395751	9.78018229264227	9.80301740374661	9.70235017155576	9.69464040201806	9.69383664944451	9.65769639910814	9.67104152510273	9.63958936878785	9.47190392090226	9.84325623845054	9.64990123076024
9.86561017657732	9.82762846985268	9.74793396622895	9.83087276559566	9.79698495924545	9.78829548268794	9.6600057380393	9.68653453311099	9.71381816157245	9.59060189858458	9.66778486450158	9.66002544803395
9.58325610295022	9.59607742557106	9.61110978686454	9.6297129813373	9.52278285800946	9.51259960566137	9.47594239561615	9.48970063427684	9.50200025647737	9.66270602979524	9.43574227313141	9.46844525152822
10.2616875070337	10.2329907822675	10.2504763807178	10.12574315402	10.1919486637783	10.1213856838626	10.0355362386365	10.102188305377	9.99618778312184	10.2732582877635	9.91307768794811	10.0584084333077
9.4280992767528	9.42110119933744	9.38234639075466	9.23129574397891	9.32333466737755	9.28446518519672	9.24624960934019	9.27938595155758	9.25438654293515	9.43354648959947	9.22444199600259	9.30133526569297
5.01504318769842	5.00233543329204	5.25375437488025	5.23703211352805	5.55488025085765	5.19865649475731	5.18484906467605	5.15926940058421	5.09041080782403	5.0004827244774	5.01012287520182	5.05340775224938
8.82518055042735	8.8542833601412	8.70141483150278	8.85158616745458	8.77858648253978	8.82441277071097	8.71656954412023	8.71189118126315	8.70621071246778	8.3150659687516	8.71907409319843	8.63122818372652
5.00526216690583	5.09141897687446	5.43527451480117	5.18258432950568	5.28889856097352	5.21727217292466	5.10272229796249	5.04852233507668	5.06344376022376	4.8769996710424	5.55285714053368	5.37747159148073
4.70040758537741	4.79517752565075	5.14497802896292	4.88424305493593	5.20695694743734	5.29819216830823	4.74101430108977	4.85148548801712	4.90537891399151	4.74867557406686	4.96789463981252	5.13646349197694
8.92971113389865	9.01149543257752	8.88368076366518	9.05525075439595	8.92885509351461	8.98375860996779	8.97293223024454	8.93220553952387	8.98208201581511	8.52844836561136	9.08075989732353	8.88573520253845
4.66357081719704	4.54060469856516	4.74721852111591	4.44297401408391	5.07972175914124	5.12169451294243	4.74874994986938	5.00963332168308	4.81125673662696	4.35803472909548	4.65841131129181	5.09553322792206
4.91411427884764	4.59035773376225	4.85740143886633	4.78331414608515	4.9625382197709	4.97626407342087	4.88133558948719	4.97774926066329	4.71056273700749	4.66581864166258	5.07123438950521	5.10587517214351
4.68823287143131	4.36592616715221	4.59011756003118	4.30414630938659	4.79815140187002	4.45543191011943	4.44978300342532	4.6936058282354	4.53519565049693	4.14003407687619	3.96789463981252	4.36890957797731
4.80558982206947	4.56569567952798	4.82522103311718	4.66347437607915	4.92885509351461	4.9871523895636	4.4015278348181	4.61287455612255	4.78673441749289	4.62983934455701	5.30403659391959	5.04268134565632
10.1914522227109	10.2334801632223	10.1969894907669	10.4149920780749	10.3381123787151	10.3209634759669	10.4537816474781	10.4358980763852	10.4451907499114	10.4524665017076	10.4465141031635	10.4044287586571
4.89305266331981	4.99311690326266	4.86797068057652	4.96019190816923	5.2620985016298	5.45543191011943	5.12666799358752	5.16635882537054	5.23639011364131	4.68698325166062	5.14888694515767	5.16641671407857
8.92647566485726	8.9785939797292	8.91650727335678	8.86584890383864	8.88999711750155	8.92126445390715	8.81149596441855	8.90491475044283	8.89728856928827	8.53624410246406	8.94540127739178	8.88798414304201
8.09099204093171	8.05975811019585	8.01549130387167	7.87691351313744	8.04738748233382	7.99930431481894	8.02999197417585	7.98878906789024	8.04546868589306	7.82703121176831	8.11219952218195	8.08119090876292
3.87167901252724	3.40815440254151	3.5772935196736	3.71918380866543	4.44796504694114	4.35813470876451	4.12071872725633	3.85148548801713	4.06344376022376	3.15022984398208	3.14257317122547	3.67703187333964
5.92453089479297	5.65022918973965	5.93986359905831	6.24084372747807	5.97908939603474	6.13644109831162	6.40642663423094	6.50795395371397	6.59761815103074	6.39494541908771	6.85077977241025	6.76122700075607
3.80558982206947	4.02964277928777	3.99875728811187	3.78331414608515	4.29772241136052	4.43966459426111	4.10874608559026	4.2488209855625	4.15570226807575	2.78184243800206	3.09104287058539	3.70451260976174
6.37164386024056	6.33707130448002	6.53812292239292	6.53277068443455	6.39960202537974	6.40760338502881	6.72345592970547	6.62835980361996	6.60230984635546	6.29510347336902	6.94267835420368	6.52348661508619
9.23708742632752	9.3320532297134	9.1455211101065	9.42842430816037	9.30101749092211	9.37014201018725	9.4595379706905	9.38115409886742	9.43059060726762	9.11324800636272	9.49765374904493	9.39918258909111
4.10937057024657	3.99311690326266	4.27773323781469	3.99671778419434	4.44796504694114	4.30690938540934	4.02203445239692	4.06378909172998	4.1684133198253	3.96626700913949	4.65841131129181	4.10587517214351
4.21498075820716	4.29267718512157	4.56435446396609	4.27470253149411	4.54008324892957	4.61837048124563	4.37178049142405	4.5163012964275	4.35789111868902	4.21965124493956	4.74431138469745	4.10587517214351
4.80558982206947	4.6384520219633	5.08282155290035	4.50767970347172	5.06945342368741	5.06115297100738	4.89534244748106	4.62321650034401	4.80312885574356	4.5082773646761	5.00317011456006	5.29852025008591
8.10365238978848	8.09141897687447	8.18673612522205	7.93099837783437	8.14106901178089	8.04300562429712	7.92722174787738	7.89801061964027	7.97937949543528	8.19092474326023	7.8015362533904	8.06272838022586
4.46380130482126	4.26230353607805	4.45643912479921	4.06710711208574	4.39960202537974	4.70005427883934	4.17913541348166	4.26211780817596	4.2780378109998	4.09851480743793	5.05787600665019	4.75795186872321
7.12073938432576	7.16509556347295	7.23550500242539	7.41625667570813	7.38931905211788	7.33701141719875	7.85828035325952	7.83266986597296	7.90822353214785	7.77609300523694	8.05030720155014	7.95530261430491
3.82795763509793	3.77380387485818	3.95976315649601	3.99671778419434	3.64061012488353	4.10179495550473	4.00921041203935	4.18043401058226	4.15570226807575	4.0004827244774	4.4389661740057	4.22451966864213
9.37591992310026	9.37438252509077	9.2216648656905	9.4647308176979	9.39086617831536	9.38873769244276	9.55748188361965	9.46870655128838	9.54406251239893	9.04692467248471	9.55017638093753	9.56436967152676
9.54705680847061	9.56375108421957	9.46647151169429	9.48013051772337	9.46569121583751	9.43569569205816	9.4970504458624	9.41911700283325	9.48081864059416	8.9951897197355	9.54210408423681	9.37747159148073
9.59226785596012	9.59302974544979	9.64376717250297	9.56543397292607	9.54750072049205	9.56713461060193	9.37490794775585	9.45610651450875	9.4322384601491	9.57389322998498	9.50351648960728	9.4122624161351
4.75978613245634	4.5278936468156	5.02732644030865	4.6520696128069	4.90595469140453	5.01933279531275	4.80176833216887	4.92856171103576	4.77015153329729	4.60039556666453	5.09758571645216	4.96527684197071
7.59675271062448	7.66336459192879	7.66475636092393	7.50292617350109	7.52325317424538	7.58292164524134	7.53724584467566	7.39932048841717	7.54375766400035	7.17165952212918	7.74326859821123	7.53501286846721
4.49209034925268	4.48907439792507	4.61542864856037	4.61730419464622	4.68163739314359	4.60429529603391	4.4015278348181	4.47121340689896	4.60230984635546	4.72158191318459	5.01012287520182	4.70451260976175
8.99788263654023	9.03582857923407	8.96469545203824	9.026281098627	8.99545284224363	8.9680435666159	8.97334495948234	8.9492607037036	9.03335966362294	8.96734862486494	9.06665638322618	9.02644070464911
9.17191203631528	9.24881129974994	9.16761323056426	9.20519602640605	9.08163896213553	9.20391647845235	9.17483527604803	9.09291645443513	9.13965432684388	9.32775466128256	9.11703807911833	9.07066984087045
9.23028101358242	9.26565697118786	9.19515450091538	9.257402140574	9.26940614847624	9.30853801592008	9.28964979476964	9.19956587076045	9.19699798078633	8.99165023061741	9.17425623883437	9.19212515494421
8.88173735009197	8.88513422238965	8.7950781598945	8.90900836754545	9.00289117390749	9.00868555111324	8.99789509881151	8.97573291506479	8.99015933418853	8.67025361300292	8.96118337771347	9.00449815176843
4.18062925341639	4.59035773376225	4.62791959274356	4.46920555565708	4.5251329074636	4.65979040862562	4.61124642611944	4.60245794017721	4.4123389027114	4.40136216075958	4.67600537130655	4.66309268238176
3.91411427884764	3.91716805002937	4.19620335231809	4.68601694473023	4.28002040962707	4.40760338502881	4.80918580373135	4.72275217389492	4.63014405455219	4.74867557406686	5.12986211947592	5.16641671407857
8.71847915829943	8.7438882969539	8.6403033171994	8.73548562099454	8.73864220784406	8.65808811339461	8.75644434165937	8.70703770304094	8.74119663794243	8.84597277542177	8.84252606802201	8.6787648405641
4.67595454165287	4.7629971199016	5.06455934650762	4.61730419464622	4.82281345610429	4.93186995406242	4.685671267246	4.77933570226129	4.77846680150929	4.49233582080708	4.84106461757704	4.90732949276143
4.57377414684639	4.27757029273136	4.3992952176956	4.10105444400908	4.81053512632585	4.16068864455829	4.25713792548293	4.41279672067363	4.34675056108382	4.16035406125579	4.8719255812818	4.70451260976175
5.04399456139455	5.09141897687446	5.54472565721716	4.96941043819861	5.41590383770884	5.35813470876451	5.06604163463602	5.26872054300021	5.30706685961133	5.21480184527817	5.4182076138389	5.44419770528154
4.66357081719704	4.73008249742887	5.16225602039475	4.85469877932191	4.91745033024236	5.15103847452458	5.06604163463602	4.99377937048224	5.09707453810504	4.76866704925433	5.3918321984146	5.39444467008445
8.95533694157415	9.03863156251503	8.86797068057652	9.04384169630837	9.00693233912935	9.01135473788923	9.03869484973046	8.98628742855891	8.98926408436713	8.66270602979524	9.04735302023818	8.94669804581073
8.86019414003014	9.00290964028107	8.82522103311718	9.0073857470962	8.98182955837966	8.94169857143052	9.0512605909295	9.12146736787183	9.05619509248612	8.807837646535	9.1057227658905	8.97659215519855
6.236042373735	6.12977945057322	6.28563843590003	6.37522940744807	6.2530533620268	6.36649818169914	6.62812024468383	6.41279672067363	6.55711042692537	6.69745025071169	6.92990298256822	6.58021850018474
8.74516903638416	8.67422013630616	8.87453735118036	8.63696272041669	8.86052326215753	8.77422029747622	8.59148682924226	8.63220528357126	8.64954000956192	8.66359603293321	8.4260271182982	8.70281031453075
10.0828772221998	10.0117807475277	10.0654205713114	9.87169913184812	9.90775693403851	9.96426012292894	9.81702530382534	9.89240998484829	9.84999080847983	9.9795505959579	9.79022094016257	9.85808854000866
4.70040758537741	4.82665575712392	4.99875728811187	5.0057065674216	5.28002040962707	4.97626407342087	4.92977594454494	4.95336510203633	4.6116477109348	5.14514096730928	5.18620010362573	5.2894751104829
4.18062925341639	4.32242452851562	4.75862328438816	4.97857043748408	4.76034936915763	4.56122657414202	4.96340672242622	5.02531494391535	4.87468211676859	5.2050538687266	5.30968315706073	5.39444467008445
3.73632715963235	3.73008249742887	4.01786611105958	3.80407270625195	4.31520983808937	4.25379804894978	3.81656533409694	3.77933570226129	3.96487992574017	3.71472824214353	3.92439300117594	4.10587517214351
4.57377414684639	4.38014002637191	4.70067593517888	4.55743273866882	4.66809086130564	4.57572614383714	4.66128710861903	4.44812979378591	4.4123389027114	4.50032861156061	4.8719255812818	4.79677111761374
9.05173659670533	9.09895827382786	9.20143620187404	9.10576486189505	9.08355362073226	8.95423776709087	8.96755597763284	8.96306650322863	8.96897268037405	9.41543216595166	8.82538299534477	9.03255238965084
5.15431797630055	4.81623914117858	5.14497802896292	4.68601694473023	5.43202350307212	5.3327493903446	4.98975804937317	5.29483338331934	5.02202383284378	4.85223176589346	5.29267673175504	5.03187459069974
4.12751791695683	4.13397943910251	4.42815008036779	4.66347437607915	4.24395115491954	4.47102876517045	4.14436999532098	4.33942353434341	4.19350430078814	4.24841023792098	4.4182076138389	4.06405499644889
9.95152196788998	9.91655867513503	9.92285717375261	9.85189773101067	9.80164508186822	9.85408267184786	9.79571342883996	9.77557378346509	9.78363961107003	9.95231381136565	9.68363581243092	9.77789634124757
4.73632715963235	4.97450122509531	5.10085547573061	4.87446203414335	5.24395115491954	5.29819216830823	5.28931833123208	5.41874598700482	5.51044898816124	5.29510347336903	5.71056259334291	5.59864397465493
3.53351027663266	3.54060469856515	3.72413490800287	4.06710711208574	4.22557262560469	4.179797467506	4.74874994986938	4.7131020038612	4.74491424179826	4.91934596175199	4.98210849903222	5.2619943740608
9.00096202947221	8.99715726008874	9.06685480449528	8.99389726513196	8.95558545912913	8.9776296154451	8.92508979087512	8.9640839186734	8.99551919809054	9.22870016677084	8.94676081420439	9.00518893226566
7.57377414684639	7.6115965301366	7.53148983006047	7.77150484379551	7.69505790890591	7.75045213154327	7.87074047424798	7.80113429253985	7.80821414490334	7.74615704847953	7.85077977241025	7.73980452201295
9.62656651469071	9.59873887454991	9.53729545174168	9.65457212001007	9.6183303642852	9.6555308984724	9.64090717057347	9.59623730061169	9.57512183490969	9.35059316782533	9.5823129420371	9.57975483473293
5.02475834253163	5.04756468728504	5.15364289009004	5.38903520697311	5.34104984302463	5.35813470876451	5.9500483395712	5.74186099684263	5.8862700910438	5.71128915817675	6.15830609749007	6.20541084569443
4.94514117446826	4.89753924328043	5.36985143980312	5.17463557639019	5.44001629382565	5.54657979817762	5.37178049142405	5.47692705809335	5.51543239567549	5.5357581010982	5.82538299534477	5.75795186872321
4.51983533973559	4.39421521158363	4.52482609977946	4.21394850041501	4.78566045768682	4.45543191011943	4.54170549286636	4.5163012964275	4.47507465805935	4.54737718436504	4.47960815850304	4.79677111761374
4.05351733551305	4.19956778073009	4.3992952176956	3.92271720275057	4.65441592440857	4.63230967220351	4.05983648510931	4.15214496615084	3.93543614784768	3.64433891425212	3.87953876539168	4.24337869589345
5.50602954021056	5.42196020206653	5.71830582920067	5.75160528635781	5.9625382197709	5.8566824576682	5.9057590634264	5.88195076874417	5.98657499683949	5.70784185655828	6.01704228914161	6.38598309133625
8.94194016352362	8.94969783409474	8.93861071574822	8.90300713160042	8.87901486420861	8.89693271080704	8.86674715926783	8.78855423229067	8.85220825497017	8.83297720881351	8.81201773725873	8.82990171060222
8.77928718837482	8.80574676736094	8.65563497095538	8.87200638241703	8.66383135115243	8.69342118650689	8.63856703211895	8.66260560153127	8.71164869493674	8.29510347336903	8.74118076131878	8.45232558616495
8.98612062941395	8.9645130704798	8.91459684044787	8.82072183512749	8.90017233881053	8.88606626444929	8.70667447761458	8.7891284392797	8.83387391359016	8.70135587961766	8.84690155759933	8.82364950128989
9.97582787440611	9.97654905374418	9.92032056643384	9.99728122690445	9.98729431885647	9.98816896861275	10.0238287254629	10.0177404415864	10.0165420455627	9.8664092694993	9.85633650471569	9.93804184959675
4.12751791695683	4.08275411574733	4.12749060223407	4.08418062544469	4.46373236279946	4.40760338502881	4.17913541348166	4.48261817017121	4.4123389027114	4.07729832152823	4.27546744172281	4.64901749717004
4.62576878448465	4.69639937117258	4.94984768763093	5.03234169392506	5.11009540818475	5.06115297100738	5.24624960934019	5.42467082096192	5.57869728913351	5.69048069589685	5.97146125483272	5.86533540409681
4.29744291839914	4.19956778073009	4.73572288227808	4.38903520697311	4.65441592440857	4.48645880574005	4.53277236809635	4.43644798873828	4.55469182612272	4.27660712975164	4.73594791176283	4.83457315032612
4.83901282360692	4.955642197844	5.10978860050062	5.23703211352805	5.1593389272046	5.21727217292466	5.29988757294227	5.22864310362488	5.51044898816124	5.34477863239322	5.22257249329069	5.64192807238372
3.71248041767799	3.73008249742887	4.33979420594694	4.03234169392507	4.04869486352061	4.39130157269971	4.13259282754462	4.04852233507668	4.02202383284378	3.7948985908275	4.47960815850304	4.70451260976175
4.58694953559412	4.38014002637191	4.82522103311718	4.41625667570813	4.85903364401704	4.78985094918999	4.5147384452661	4.6936058282354	4.4229861469109	4.24841023792098	4.54808789638581	5.09553322792206
9.33745859724702	9.34343280473146	9.17028439415069	9.29821397917689	9.28224507474158	9.28280913560885	9.4052034929615	9.37428229155507	9.44893991714651	8.95103862152491	9.47333283307656	9.43089144881845
4.10937057024657	4.16714630303771	4.21288209346472	4.19835164536399	4.38311390259117	4.60429529603391	3.97003981475867	4.52735648493649	4.56434199615644	3.76866704925433	3.59508537592297	4.51575096630658
4.60000568841957	4.73008249742887	4.53812292239292	4.46920555565708	4.89436671712932	5.22649070295404	4.72541744603875	4.53832760275749	4.52534786454058	4.08794556572774	3.96789463981252	4.75795186872321
9.40503780359818	9.40685330967633	9.3846484417312	9.34500332604555	9.42750802194963	9.43966459426111	9.41222243561434	9.35346826978169	9.38366955988012	9.47824099092129	9.40639831154927	9.32255175160266
7.4566415132484	7.63549264648275	7.48246559805582	7.68741422817204	7.50241283096352	7.53920026781202	7.68264569107755	7.58272172211594	7.76073920895994	7.52600353357247	7.63498861215041	7.55967492270148
4.75978613245634	4.78453028145124	4.84675419466682	4.95091409458122	5.16898909723832	5.19865649475731	4.66946104006474	4.73233822272412	5.08371615525002	4.57791155251315	5.17386930171501	4.95387207869847
4.43494644214908	4.33707130448002	4.3992952176956	4.49496865172217	5.21629481201668	4.88606626444929	4.54170549286636	4.45971776806112	4.5154323956755	4.2672692651723	3.93903977714034	4.71805914159969
8.17845488218205	8.22931512412414	8.14606398689216	8.26444083582176	8.1312296212741	8.2287861609417	8.22352953284011	8.11231898565764	8.2795032200043	8.57460315948715	8.24337381201296	8.25387955532891
5.3524842819571	5.30762752658754	5.52482609977946	5.30414630938659	5.67488002696828	5.72628582041252	5.43547516674144	5.58139632464938	5.58345081910415	5.31789533824227	5.56234858951098	5.45232558616495
10.030194503608	10.0594821283603	9.95419409302134	10.0218573464728	10.0296208878583	9.99290355574353	10.0551650453854	10.0299378006876	9.99172468585511	9.96102773768907	9.83300006937347	9.97975866186372
9.88707326016314	9.98296622787075	9.75649174737265	9.86461424818699	9.84405225247862	9.87841075795552	9.89990897414528	9.88839617800936	9.88723156728125	9.69549346413063	9.78059618333561	9.89247153403432
8.85339537607705	8.91716805002936	8.70141483150278	8.83906812760815	8.78330631785379	8.86112836269939	8.81794480356385	8.8905382645809	8.8901121573382	8.46196217176356	8.85077977241025	8.74146374593464
5.00526216690583	4.65022918973966	5.14497802896292	4.73007212480817	5.04869486352061	5.17027469338749	5.15605180036861	5.13778967317376	4.99373478841236	5.06657191493517	5.38114551961735	5.41953565104728
8.9798913665371	9.05201059231623	8.91204565491854	9.11202159034646	8.99883865708301	8.9776296154451	9.05047843041108	9.02580225857659	9.05790394082436	9.09587974726996	8.93219261174406	9.04738396462161
4.66357081719704	4.38014002637191	4.60282861178073	4.59365292658158	4.59838188949424	4.47102876517045	4.66946104006474	4.19437320154013	4.40161249611833	4.70092244261849	4.58580756233497	4.67703187333964
5.73040232567525	5.75756323385097	5.82522103311718	6.25599027123194	6.17857514606752	6.02990203702294	6.78117142756175	6.81811403001778	6.79700275294672	7.02146266338162	6.8352039661558	6.93659408726663
3.93487283901444	4.13397943910251	4.45643912479921	5.16664278563666	4.56952702682206	4.65979040862562	5.30514329839376	5.3456825248151	5.44926547170975	5.95467903486428	5.54330283382043	5.75137921479972
6.8196102923844	6.82665575712391	7.19410488643409	6.92034239556266	7.2139660059567	7.23565070223952	7.30120330038493	7.27693169231946	7.32846164182638	7.49733650186544	7.33758915363061	7.41122038283528
8.74075487167316	8.91655867513503	8.65105255829109	8.97628588428953	8.71906888275082	8.77971030969313	8.68365492164749	8.65632481215594	8.7496799849347	8.499830357354	8.84398603951536	8.53978842741529
9.29342985589252	9.35021771318093	9.41018353383834	9.1711441778716	9.28779177531058	9.24191463370992	9.15641533698157	9.2227043329417	9.11852151458097	9.20810719270416	9.17541642791249	9.15214170583474
5.06297766476212	4.99311690326266	5.03672513831089	5.01463969219161	5.38311390259117	5.43171584114562	4.90921462206262	5.30771467461608	5.31280322916048	4.81426391569444	4.65841131129181	5.27121290409017
9.78143779007625	9.7462907871692	9.89082444040378	9.68321831137756	9.64277600885269	9.70830298650715	9.53445154777095	9.54480244668977	9.61397276388104	9.82464593422155	9.57734769456185	9.62584833271586
4.46380130482126	4.18344811536681	4.3992952176956	4.24464529763793	4.91745033024236	4.93186995406242	4.27867108703257	4.5163012964275	4.44404776243873	4.20015506931376	4.18004787664413	4.66309268238176
5.11847277735382	5.07403689864623	5.22114970944832	5.30414630938659	5.41590383770884	5.38308106589474	5.33628181020267	5.30771467461608	5.40161249611833	5.23888746380248	5.53368483125883	5.50015411125556
9.21815966887467	9.16868244697083	9.23346297088717	9.06172993463129	9.16658259953123	9.16848215427816	9.10686635237204	9.1606013240894	9.0651440492136	8.83258157051653	9.10084604561575	9.11614350759734
8.97112496344739	8.94910204839935	9.03027011617359	9.12445422778317	9.20754233800772	9.15948589747664	9.25476311829503	9.19956587076045	9.27289712585271	9.51839811739327	9.14415420704495	9.24922194017492
5.96546115884786	5.96038011685066	6.15364289009004	6.17064471619415	6.43202350307212	6.35813470876451	6.62392025615456	6.55462941508659	6.8512231439446	6.34033272736203	6.77320753033191	6.56904919246663
9.41891887644052	9.45296882635767	9.35396153787353	9.43176291547243	9.42448983038671	9.40608289125636	9.42826768277052	9.35502038939443	9.40127600747753	9.46783353896498	9.4951780812716	9.32365981236442
6.95533694157415	7.08492521478897	6.81433271697444	7.16664278563665	7.11259791538793	7.04821391529988	7.32984981095813	7.17341358290449	7.33552330566056	7.1011450634826	7.4389661740057	7.1738088483086
4.56047732423293	4.21550932459911	4.53812292239292	4.28949953342219	4.65441592440857	4.92055464083458	4.41130885561069	4.67384257341397	4.4229861469109	4.16035406125579	4.62256611234508	4.70451260976175
5.77713337602024	5.87763968584273	5.69475110122177	5.77282177226751	6.01163276929907	5.95423776709087	6.00275538990204	5.78855423229066	6.06003715878051	6.1878347976779	6.31530770625461	5.87140991850649
8.98363215093429	9.02625749410314	9.03027011617359	9.09790559945408	8.93664389547567	8.98171850351297	8.97375757067946	8.9107310110051	8.94146574528593	9.06825318192523	8.97368591994723	8.92495938678323
7.84861710566402	7.96628071829034	7.88237810439754	7.96711132210902	8.01698600379327	8.07269972483541	8.34140684238053	8.18916177489479	8.36066286793907	8.63846602825525	8.739612898414	8.47244718208572
4.26502144070676	4.11710562053812	4.26179169394566	4.81434104170577	5.18809792018603	4.99795914452018	5.62392025615455	5.77933570226129	5.77846680150929	5.96626700913949	6.1676641521883	6.20541084569443
2.50602954021056	2.46260218656388	2.76993859761599	3.90360837980286	3.46373236279946	3.32418737684117	4.02203445239692	4.09384632558617	4.30130759032264	5.37986109154866	5.19842640595899	4.90732949276143
9.77137410673155	9.7748128701488	9.73355721505996	9.90631090018268	9.70794105551915	9.72303284261743	9.67378467762343	9.64495002229129	9.71760689580253	9.79286633941259	9.66034614543299	9.60366999571594
4.19790724484823	3.68499460790033	4.22937021625329	3.74087887976476	4.38311390259117	4.60429529603391	4.09667325328969	4.23540046980019	3.71056273700749	2.85846371960497	3.06457065922419	4.06405499644889
8.76486732778997	8.73631146146752	8.82250664842014	8.73074992375928	8.69672672926653	8.73438631918364	8.64945534826169	8.71974342402258	8.71164869493674	8.59667248062181	8.61517494917141	8.70281031453075
7.7495697364132	7.78986372575428	7.86533562040855	7.95207708943734	7.83650281065239	7.84774933289818	7.92380910278313	7.71189118126315	7.82135261436247	8.16350336405819	8.11864733197999	7.84232542605031
7.63054856259799	7.65899939936738	7.60282861178073	7.64920427911251	7.75715402999782	7.66149069761545	7.86006697273354	7.73948618965472	7.90157734383165	7.86389468341904	8.11462082911264	7.86685643221966
8.48154685501122	8.56880159039581	8.36239563488407	8.63985244605161	8.52701019470427	8.47490177431765	8.574176444849	8.49604525987889	8.550449493603	8.83732208422612	8.43315795530487	8.57371358398812
10.0623882081489	10.1013732758552	9.98516822336391	9.96279057901455	9.95732679312556	9.95873915932581	10.0333606750671	9.98528555696247	10.0128024969727	9.81185741798734	9.92783920483919	9.95744576157828
2.89305266331981	2.91716805002936	2.5772935196736	2.80407270625195	3.06945342368741	2.83876054967093	2.41130885561069	2.8862509061778	2.4229861469109	1.52404468053441	2.1676641521883	2.14651715664086
4.66357081719704	4.66191099478729	4.96961094245236	4.78331414608515	4.89436671712932	4.88606626444929	4.57689492132867	4.91178599828494	4.77846680150929	4.54737718436504	4.8719255812818	5.020986274557
4.28132325303587	4.24687349550845	4.49785905217919	4.5816802849155	4.49475925842008	4.64611547172854	4.25713792548293	4.22185393796224	4.1684133198253	4.16035406125579	4.62256611234508	4.5615546559197
9.50732946074382	9.53267342492894	9.53812292239292	9.41836187824262	9.32117251629337	9.25323438610186	9.16655734740218	9.2188736018614	9.2000963874342	9.37443537984759	9.14770521536528	9.27293483989144
9.71435770491865	9.71614330647099	9.761106103756	9.61693760970183	9.60994129526796	9.63534100013436	9.49417712278378	9.56002267385681	9.50544830710287	9.80642807628033	9.47081504004504	9.51332504503396
9.05173659670533	9.11763592565009	9.09355636090757	9.30049853237145	9.19873644063237	9.14618907486318	9.15350447588636	9.0788959841202	9.19738564571971	9.2065813384732	9.25036380548482	9.10458647617494
8.3961768719845	8.31966162622039	8.62791959274356	8.26631203587772	8.38621981345899	8.35288280984164	8.26052374032231	8.3940455463765	8.21893029204893	8.62024418777582	8.0959527847092	8.39865692137136
4.89305266331981	4.7629971199016	5.17081803389817	5.17463557639019	5.28002040962707	5.31557424653646	4.88835601716495	5.04852233507668	5.07699029206171	5.36680493872322	5.34860214635303	5.50797361571486
5.32915177812648	5.62060402063037	5.68880183489058	5.5816802849155	5.65441592440857	5.76475996822716	5.86719140716692	5.77933570226129	5.91295213369631	5.92232366155189	6.16455154032097	6.2197661386715
6.31734247583684	6.02059763968477	4.01786611105958	5.10941791694371	4.91745033024236	5.07142130646121	5.69771051686891	5.91599824957185	4.60230984635546	4.18039181449234	3.4389661740057	3.95387207869847
5.65107987301384	5.01149543257752	3.05534081647824	4.41625667570813	4.29772241136052	4.12169451294243	4.79431252724982	5.24882098556251	4.07699029206171	3.2672692651723	2.73594791176283	3.1860455208275
9.86965890245498	9.80508845339063	9.86731236660621	9.79891100113617	9.84405225247862	9.85779521903527	9.94752981398387	10.0292088600198	9.9003872958875	9.963559416776	9.8856950312675	10.0399872364871
9.74406676073582	9.73907128065612	9.8050813455019	9.69958307400953	9.74389793329556	9.75005265901105	9.72173741247917	9.68190407538324	9.72219416529818	9.98863482216795	9.72066442410453	9.64192807238373
5.00526216690583	5.09141897687446	5.03672513831089	5.01463969219161	5.48706486663008	5.34972246894831	5.76027620325041	5.89481291968122	5.41767234701443	5.50032861156061	5.6270957708256	5.75795186872321
9.42443412383612	9.28703062198043	9.42233545909367	9.47972736135889	9.51948634432246	9.51259960566137	9.61706908874703	9.6794284076099	9.48590527447841	9.63574738101691	9.43606498760337	9.70748680174022
5.5934923814609	5.23909614491673	5.61542864856037	5.98312871944639	6.01698600379327	6.19396479943259	6.64893871619139	6.65632481215594	6.60230984635546	6.39065168067759	6.18926640667351	6.72142599269809
5.18929411454352	4.97450122509531	5.17932953375369	4.90360837980286	5.34956134288015	5.54657979817762	5.55500231547982	5.60767564944823	5.19350430078813	5.91037580824744	6.06122721614983	6.09033432124774
9.27472284189906	9.2973658309152	9.35255104888301	9.18406985739484	9.26097095562408	9.27116325424251	9.13554614493397	9.16680075983283	9.14488951347664	9.08163324574927	9.08858163306911	9.21678720917847
5.42029966618467	5.26230353607805	5.79230641064445	5.60552702686987	5.87680834574501	5.63230967220351	5.92977594454494	6.09012323954345	5.87468211676859	5.87392683699278	5.95714158351565	6.2197661386715
6.80276930300709	6.74937383603763	6.91968571712067	7.07993115244333	7.18572311299813	7.32418737684118	7.73907389052033	7.82485036151366	7.69087440208537	7.97847809309036	7.55642375555387	7.91617136951324
6.33306682812986	6.19555471822346	6.51813144720545	6.44627915880758	6.63016837816189	6.59008143681421	7.01883911323712	6.96357530063856	7.0514852959157	6.8769996710424	6.95714158351565	7.21260634709863
8.23917526321996	8.20556652135153	8.41289282109632	8.56124838501069	8.50050324095488	8.55300606733705	9.22422330301019	9.30530817690898	9.2633012677429	9.34227949686923	8.98960303557915	9.23868700056873
5.81121437126334	5.52149587561745	6.04140162552037	5.87936083355618	6.19755824943509	6.31124832113368	6.56599014498979	6.66885916589972	6.43355538862109	6.25314815692765	6.15517320800511	6.43602377383585
8.5820228545142	8.52229715030669	8.69771655969833	8.80149416215017	8.94087467575369	8.95631707810306	9.28799171500905	9.38609679326101	8.98567751933566	9.14035378768989	8.88569503126751	9.11358326727878
7.87167901252724	7.60253244770836	7.83737295837251	7.42800643848594	7.62316499042412	7.58292164524134	8.18769742698508	8.25631552210943	7.81732273732631	7.64614115688611	7.91330950204692	8.0372880868861
5.74222776107204	5.69070825909472	6.11866675184707	6.05849398178103	6.28002040962707	6.12169451294243	6.88309390175955	7.03696530365428	6.69965796066861	7.01031134184551	6.80153625339041	7.36676111139873
8.73706605595626	8.65535162235224	8.70951781193068	8.70683541623779	8.73458627309255	8.73761382621403	9.15459673716823	9.27118879859096	8.99730140343255	8.8827436535772	9.08981277668604	9.19212515494421
4.10937057024657	4.27757029273136	3.95976315649601	4.30414630938659	4.08991752624712	4.35813470876451	4.9500483395712	4.66385848484135	4.83536919274377	4.79489859082751	5.3757723475185	5.10587517214351
6.6289570621157	6.50861458432072	6.67080540559675	6.53277068443455	6.96807640331232	6.8114532036752	6.87251173910018	7.06947273023357	6.79495492429786	6.64614115688611	6.81152034196303	7.09033432124774
4.36017867374711	4.19956778073009	4.293500553673	4.85469877932191	4.88268491208168	5.04039441084058	5.75644434165938	5.77470425352964	5.75758807183337	5.86466886913168	5.79752319088378	5.94237643986064
5.83349581863935	5.90247153882266	5.95481394052428	6.53587659530238	6.34104984302463	6.44756979234646	7.27599695273424	7.39329040632215	7.2181663550224	7.49833456142852	7.1676641521883	7.34291436944436
5.89834696298932	5.62060402063037	5.85740143886633	6.29684150876336	6.47932921785047	6.43569569205816	7.27599695273424	7.28509637195405	7.2181663550224	7.09059514414169	6.87953876539168	7.41538400777681
4.91411427884764	4.96510252709306	5.14497802896292	4.83466102608537	5.2620985016298	5.22649070295404	5.09059873888	5.02531494391535	4.8901121573382	4.83968651257434	5.18620010362573	5.44419770528154
5.04399456139455	4.92688320486257	5.36239563488407	5.03234169392506	5.49475925842008	5.36649818169914	5.36172682676013	5.37045042996404	5.16841331982531	5.19030728335742	5.24042049462362	5.49229199348259
4.87167901252724	4.94611942372549	5.04606300289023	4.92271720275057	5.23479115563407	5.0816170735671	5.17339904393251	5.3826767322973	5.22426655455882	5.11422489052659	5.29267673175504	5.62764384637748
4.82795763509792	4.6734989690625	4.90948995001479	4.56960745261492	5.17857514606752	4.95423776709087	4.70965013018044	4.87763777587309	4.95023314977577	4.78838528386883	5.11058305698103	5.35163158654547
5.39804685933755	5.17532023448341	5.53148983006047	5.54515440889039	5.64752953882333	5.77107374215936	6.22144621833962	6.2752931969237	6.15570226807575	6.17040772591971	6.21957624083077	6.40704470686408
9.19522116132999	9.17888181812481	9.2123637909476	9.06119111294776	9.0460789153136	9.0585744269056	9.04184656052162	9.08685763902668	8.92517445217535	8.83099793145424	8.91793797903864	9.03458387795773
9.17682195043909	9.04366324960271	9.12087777916242	9.04711064417424	9.02962088785835	8.95493120379775	9.01041751993927	9.06331444292134	8.96077552740743	8.82583906595674	8.90494063850977	8.94813570914932
4.9854989120844	4.81623914117858	4.96961094245236	4.93217753199963	5.02763324799278	5.06115297100738	4.72541744603875	4.93687697924777	4.72784072843932	4.78184243800206	5.10409902341084	5.13646349197694
4.66357081719704	4.04756468728504	4.56435446396609	4.69715750233543	5.03820248970297	4.93186995406242	5.04105927807869	5.22185393796224	4.85908526171758	5.09851480743793	5.0844702166619	5.69083767286467
9.3687860942862	9.30390444054482	9.47686623723339	9.29775663409749	9.33195101275561	9.31178977170895	9.20220766746204	9.29321510492096	9.19505809204322	9.46247367506297	9.0959527847092	9.2996469155402
4.87167901252724	4.50213055075052	4.66475636092393	5.02351784353806	5.44001629382565	5.27171995694704	5.79431252724982	5.98578657972871	5.43881111407258	5.74194971087855	5.51425430130993	6.05874119655242
4.80558982206947	4.68499460790033	4.98910711807815	5.20617114982329	5.34104984302463	5.14132331969136	5.91953191304814	6.10864332751425	5.70184551990638	6.11942379720091	5.82538299534477	6.04805451775517
6.51294895415035	6.4150738164813	6.5643544639661	7.12393833468242	7.06945342368741	7.21031941228289	7.76600497996747	7.87547643458363	7.82235832722361	7.7436341185899	7.77932497430024	8.03593661602297
5.91411427884764	5.62060402063037	5.79784459418588	5.93217753199963	6.12504574965073	5.94867824174897	6.54615139789755	6.60506915363375	6.35511403401844	6.9356477740811	6.97679469913576	7.33853592893379
5.02475834253163	5.20756057148362	5.24567202858239	4.54515440889039	5.11009540818475	5.0917412908408	4.77171109831269	4.97774926066329	4.56434199615644	4.38418701695145	4.52885167752289	4.95387207869847
10.2731953721525	10.1872423536568	10.2466848015555	10.2503289361415	10.2780710096034	10.2608253158437	10.3473100539913	10.4642191602961	10.2183573772062	10.3014072154537	10.1148224213775	10.3278074770542
9.95533694157415	9.85205427564825	9.93358827363182	10.0079450396176	9.95174710991862	9.95423776709087	9.91974607396902	10.0236080451637	9.91554627341444	10.1203965099297	9.86475154839407	9.9787039316784
6.63531255715553	6.51184570558373	6.73283460295325	6.55437293891976	6.96253821977089	6.70335942356301	6.77550267747506	6.96763923301846	6.6775979736597	6.67996282398285	6.69122610824531	6.7180591415997
7.38301865010522	7.15272953026884	7.44236393958748	7.51084004436505	7.60372851095971	7.61837048124563	8.03078531763322	8.14767426210561	7.96851850280352	7.53186418499371	7.44667426914096	7.89545539247314
5.8824054191203	5.82665575712392	6.14497802896292	5.87446203414335	6.20695694743734	6.24928256782728	6.24897940209576	6.24547754248814	6.05319972872696	5.92529522808318	6.1457335121188	6.27580017358583
5.96040793112157	5.66771661646849	6.14931696468725	6.17861542730273	6.37479863437917	6.31988723940755	6.49417712278378	6.52460061964598	6.57153749756065	6.31336567976176	6.59045392719133	6.58392246894816
6.46022585059743	6.26230353607805	6.54142806711659	6.6577832640013	6.77937419483939	6.88606626444929	6.9683843985806	7.10311222154102	7.09374652038728	6.97633069248418	6.973241261278	7.26661100213116
5.39804685933755	5.11710562053811	5.48418411528211	5.53897583396126	5.56952702682205	5.56849457460606	6.20185548998174	6.21160990646543	5.93171306180497	6.00891134654798	6.01358673050539	6.34291436944437
6.24438167464773	6.20356971128758	6.50803085723648	6.48536132404813	6.62667093392566	6.62535691156174	6.99627135633185	7.10126379714865	6.81732273732631	6.95613263200578	6.71056259334291	7.05874119655242
5.99541438094948	6.15065818024914	6.36985143980312	6.0411119035528	6.44796504694114	6.34972246894831	6.35667359903384	6.46260027659425	6.47507465805936	6.62983934455701	6.59277151008473	6.77749205511885
9.7796458446951	9.76908587706022	9.82826862382164	9.73007212480817	9.63583370353047	9.65851387554641	9.63830678226871	9.73918906370559	9.550449493603	9.70178918643602	9.52733799042475	9.61999743231422
5.33697128258578	5.36592616715221	5.75862328438816	5.48857088052402	5.76034936915763	5.80223467364582	5.67353070437378	5.74659891584929	5.67537330854519	5.69396968197672	5.95714158351565	5.91910666053779
6.01016096631867	6.07403689864623	6.3052139742368	6.12600080113931	6.24850943688185	6.2894219586805	6.07529960249712	6.2752931969237	6.02901026315989	5.85535110773764	5.98210849903223	6.14149908187424
4.70040758537741	4.7629971199016	4.94984768763093	4.73007212480817	4.91745033024236	5.1606886445583	5.00921041203934	5.13778967317376	4.92048580638172	5.08263176583127	5.32649144474728	5.51575096630658
5.21498075820717	4.65022918973966	5.59648708490691	5.53277068443455	5.58402659651717	5.46325141457873	5.42585716417985	5.74659891584929	5.45964461748975	5.26257756984758	5.39714599831107	5.73814338764303
6.12751791695683	6.14650653697867	6.18779111250189	6.85966503221527	6.84706100235096	6.71322966758707	7.66844182770099	7.76656326837541	7.57153749756065	7.79001636944776	7.6584113112918	7.88948149142851
6.07705284997384	5.94611942372549	6.12749060223408	6.17064471619415	6.43602543362961	6.41970998788546	6.57689492132866	6.59459582240424	6.52781612013133	6.51223537824478	6.57177800243091	6.78394707725616
4.95533694157415	4.87763968584273	5.24567202858239	5.17463557639019	5.40777595682544	5.39130157269971	5.72541744603875	5.94101670960869	5.53519565049693	5.69048069589685	5.81747779725943	6.04268134565632
4.56047732423293	4.43563513896361	4.85740143886633	4.78331414608515	5.06945342368741	4.97626407342087	4.61970800486764	4.84266163763011	4.81125673662696	4.83337273864214	5.19232620642257	5.36890957797731
4.80558982206947	4.38014002637191	5.10085547573061	5.18258432950568	5.19755824943509	5.06115297100738	5.66537986325292	5.61287455612255	5.57392804498564	5.94884995606208	6.10409902341083	6.10071346702774
7.90098684486202	7.77649296238582	8.0214210082362	8.37262604726936	8.46373236279945	8.41870497562546	9.05983648510931	9.09431103650688	8.94146574528593	8.80421025103051	8.74951404104212	8.94381841403454
6.75687453703643	6.59645793329867	6.92222343992258	6.76225253055732	7.035567429535	6.99795914452018	7.22699505226024	7.36737759591442	7.11031036526173	6.54930463293615	6.80353860630155	6.93948816053581
9.64203473341083	9.5796199220596	9.70878305508216	9.49815692935322	9.53075745665748	9.53781239368778	9.43786968188182	9.51872686810159	9.35372348447379	9.49183479804084	9.39814016054696	9.44674259047291
5.8824054191203	5.68499460790033	6.00834333694107	6.20226669536738	6.37479863437917	6.18453538651266	6.74488731023698	6.9492607037036	6.56914298242026	6.57602197131193	6.50689985017078	6.83767906119394
4.68823287143131	4.61460528000893	5.10978860050062	4.94157623000188	5.43202350307212	5.06115297100738	4.98975804937317	5.12329010347865	4.79495492429786	4.68698325166062	4.69338744953478	5.11614350759734
4.63847983623421	4.71894193982367	5.09186669250335	4.85469877932191	5.07972175914124	4.94309720948567	5.15605180036861	5.16635882537054	5.32420799243273	5.12460403630659	5.26968508912881	5.57650499738568
4.29744291839914	4.21550932459911	4.48418411528212	4.38903520697311	4.65441592440857	4.56122657414202	4.22422330301019	4.50516073882229	4.28971961604743	4.44342622032613	4.66723516167881	4.84695687478195
6.80276930300709	6.69639937117257	6.90692970969622	7.32763466230896	7.41590383770884	7.33701141719875	7.97169333361118	7.99377937048224	7.88819240317483	8.17478426894503	7.81450214469357	8.24688748167059
6.15431797630054	6.10003210717917	5.96961094245235	6.721913601421	6.7378319325962	6.64954637712881	7.59524594742573	7.70094780357657	7.48399988783884	7.7181591475438	7.51669747723826	7.7180591415997
4.77137410673155	4.75210880375886	5.05534081647824	4.41625667570813	5.05911147946595	4.78985094918999	4.56817770422756	5.11598530285542	4.58345081910414	5.04487684383585	5.13623164435165	5.35163158654547
9.2128575863142	9.0663658852933	9.11201326561513	8.98369749337092	9.03886050341604	8.98171850351297	8.90748787734315	9.04900187473238	8.80719852005261	8.65824775974276	8.7301697698865	8.88948149142851
4.95533694157415	4.92688320486257	5.05534081647824	4.87446203414335	5.02763324799278	4.9871523895636	4.88835601716495	4.90332441953674	4.87468211676859	5.17540840697808	5.14257317122547	5.44419770528154
4.37544543040041	3.99311690326266	3.81433271697445	4.67478968930698	4.49475925842008	4.68675745622589	4.90921462206262	5.00172812359773	4.95023314977577	5.02838872104728	5.25219766239997	5.1860455208275
4.60000568841957	4.08275411574733	4.81433271697445	4.25975219002813	4.54008324892957	4.81451300342426	4.70170137706495	4.93687697924777	4.82737640199023	4.77526978407858	4.89464565778189	5.28037290337565
9.57831677130932	9.51828631914156	9.56760012346975	9.41667796204223	9.44051437601284	9.45396102294948	9.37584486414827	9.49569351172626	9.23639011364131	9.34061099817799	9.28266294312702	9.3407268102066
2.93487283901443	3.13397943910251	3.12749060223407	2.84471469074929	3.26209850162981	3.51683245478357	3.5941729127605	3.5163012964275	3.40161249611833	3.44342622032613	3.03760361162393	3.29852025008591
5.17191203631528	5.35876637557934	5.44941869712144	5.57565649728773	5.59122209792137	5.59720587124759	5.83121211006135	5.82036297052134	5.98657499683949	5.6729080664489	5.95714158351565	5.998959968227
5.73632715963235	5.77380387485819	5.95976315649601	5.88424305493593	6.04345821515447	5.98171850351298	6.03790584503981	6.13055810394269	6.00794864763206	5.771972193978	5.90214019432881	6.0372880868861
8.97238057278765	8.83377380047109	9.00714855837101	8.65635697121	8.83195410996075	8.87804519478597	8.92594295177573	9.01455216395532	8.70784426052782	8.97776264797732	8.51364286030019	8.87065200147257
5.18929411454352	5.24687349550844	5.51813144720545	5.13422130794428	5.48706486663008	5.43966459426111	5.55940749459982	5.62835980361997	5.39080574116175	5.31789533824227	5.73594791176283	5.85923520456039
9.70002867663173	9.71052970000747	9.77661531292498	9.63116584655665	9.76473143671272	9.76949788723382	9.67124293094608	9.70946648314469	9.63243951253985	9.86718210735943	9.48460883956141	9.72310647633701
7.44944601184419	7.18749494842952	7.54142806711659	7.71096330186047	7.99273845754659	7.71977251345384	8.68113052023194	8.82260841072699	8.47635307643356	8.53672994016553	8.70949511638641	8.73731210266417
4.73632715963235	4.65022918973966	4.97939196324494	4.87446203414335	5.21629481201668	4.92055464083458	5.17339904393251	5.32048197068996	4.84331794585926	4.93122006204029	5.35407727641918	5.46844525152822
10.8241377639411	10.7145666861492	10.8219971322429	10.6769014657868	10.6606284451357	10.6963269176823	10.6268090612428	10.7046048271847	10.5417745777212	10.653663689805	10.4312166744008	10.5958951106142
6.28940559933372	6.19153046166467	6.13626081186181	6.93217753199964	6.91458499654797	6.91771189106575	7.9905738226722	7.91809977221714	8.04719027922491	8.4685976108555	8.38516230654874	8.32199740191634
7.63054856259799	7.47755252802985	7.65868184651425	7.82960779835908	7.81668735330744	7.84026257483616	8.32855996282493	8.49181861122815	8.20742854331975	8.15149926336965	8.37644508944764	8.38173361833489
10.2048677465784	10.1276748622483	10.2725218111693	10.0484705227186	10.0742758071443	10.0472387918826	9.99931437589685	10.0748986193764	9.92330082198877	10.1579875644035	9.9220909501994	9.99409655630796
6.94769687937202	6.82665575712391	7.05995744454861	7.56353293820524	7.44598196066203	7.61310836584022	8.58501975061685	8.65254317161352	8.31280322916048	8.27486087772376	8.35953170651129	8.59222179216665
4.87167901252724	4.78453028145124	4.71245310295523	4.64057397396907	4.83498817005039	4.8626072916253	4.85290718116067	4.99377937048224	4.85908526171758	5.18039181449234	5.45434139989261	5.74477647997547
5.84450881136177	5.61460528000893	5.9745097418652	6.11358154188524	6.05911147946595	6.23565070223952	6.41617461078251	6.53832760275749	6.54253762583809	6.49033068491669	6.7233110860849	6.82521509562789
4.29744291839914	3.79517752565075	4.293500553673	4.11773318515571	4.72153012026711	4.27171995694704	3.81656533409694	4.26211780817596	4.21816635502241	3.97776264797732	4.21657375266925	4.10587517214351
4.43494644214908	4.15065818024914	4.27773323781469	4.10105444400908	4.20695694743734	4.76475996822716	4.5237835848691	4.36429820298245	4.48527042516524	4.34033272736203	4.97501907424591	4.84695687478195
4.03440851256534	4.04756468728504	3.95976315649601	3.62898599969385	4.26209850162981	4.2894219586805	3.91610100764786	4.09384632558617	4.00794864763206	3.5082773646761	3.71907409319843	3.80948216936329
9.01808620726341	8.99138185189191	8.9866844558113	8.96653597014092	8.90739666557844	8.91700032752931	8.82161695328016	8.89160811634731	8.86641728685448	8.94336372163644	8.85946782500859	8.76531048788901
4.77137410673155	4.70771468440041	4.85740143886633	5.19048952759102	5.22557262560469	5.20799435933665	5.02203445239693	5.07889598412019	5.16207179295147	5.40136216075958	5.2983678438329	4.95387207869847
4.31338446226816	4.36592616715221	4.33979420594694	4.15052312027338	4.5251329074636	4.42372305039209	4.27867108703257	3.96966691436543	4.28971961604743	4.02285053750585	4.65841131129181	4.5464477635295
4.49209034925268	4.55320473534479	5.08282155290035	5.11773318515571	4.89436671712932	5.01933279531275	5.07837243654674	5.24882098556251	5.18727234707662	5.54351454473264	5.50444001148298	5.77100802154865
4.82795763509792	4.96510252709306	5.10085547573061	5.20617114982329	5.36643516144454	5.23565070223952	5.17913541348166	5.33313727149598	5.30706685961133	5.23888746380248	5.33758915363061	5.33414415981663
4.28132325303587	4.08275411574733	4.52482609977946	4.28949953342219	4.73458627309255	4.65979040862562	4.47797989525598	4.50516073882229	4.50544830710288	4.27660712975164	4.2983678438329	4.5615546559197
3.12751791695683	2.70771468440041	3.62791959274356	3.06710711208574	3.49475925842008	3.88606626444929	2.9832152035064	3.40082407900755	3.26626064322345	3.08794556572774	3.47960815850305	3.73147965736202
7.67441237684446	7.65754139515952	7.53812292239292	7.25221851734273	7.09751734210529	7.0585744269056	6.92636934310169	6.86897291474596	6.92984790958541	5.96914951767261	6.47960815850305	6.6168370914209
5.07237636276437	5.08275411574734	5.39199041707237	5.16664278563666	5.34104984302463	5.38308106589474	5.32079656270525	5.11598530285542	5.37444229495286	4.97202627842817	5.27546744172282	5.40285690990065
8.95787466437605	8.89692151899744	8.82995895212384	8.8384393653228	8.84706100235096	8.82061320296067	8.85425235145942	8.89267717533723	8.84331794585926	8.63665416611332	8.85223141939594	8.81815650292912
4.71248041767798	4.5278936468156	4.80336159915344	4.33300117205878	4.88268491208168	4.87438445940165	4.66946104006474	4.74186099684263	4.74491424179826	4.12976574142237	4.66723516167881	4.66309268238176
7.76123972959784	7.92324768414607	7.8333336789045	8.09264220419288	8.00625959720022	7.98443800486657	8.16330518437993	8.03889791618828	8.1509066014741	8.00961151401666	8.08364652549429	8.04133491994881
8.04040725318679	7.98267515654102	8.03672513831089	7.99446181025397	8.12999496562246	8.0765281968943	8.1132474778252	7.95131436247157	8.09124545930284	8.3161983824996	8.1930901434491	8.07066984087045
4.03440851256534	4.29267718512157	3.95976315649601	4.24464529763793	4.51002601507339	4.57572614383714	4.02203445239692	4.19437320154013	4.35789111868902	3.919345961752	4.03760361162393	4.40285690990065
8.66590087698895	8.72382652262093	8.75720260968853	8.71439420726074	8.67233783240583	8.78205679170819	8.66077469694933	8.67259833440551	8.68867013115864	8.95358787506874	8.80003266280002	8.61502806918902
4.32915177812648	4.02964277928777	4.27773323781469	4.13422130794428	4.59838188949424	4.68675745622589	4.04734554092611	4.36429820298245	4.15570226807575	3.78184243800206	3.4389661740057	4.40285690990065
9.12695425410891	9.06965845813565	9.14931696468725	9.03508811592503	9.11883525774892	9.05534475230655	8.99627135633184	9.06188955881451	9.02857460105756	9.25314815692765	9.05913362263064	9.02576002757072
3.68823287143131	3.61460528000893	3.52482609977946	3.60552702686987	4.12999496562246	4.16068864455829	3.80176833216887	4.06378909172998	3.95023314977577	3.49233582080707	3.4182076138389	3.59130199931376
9.10193250676235	9.10056872427329	9.04489906975659	9.18901059866511	9.10382008275827	9.12847208058558	9.2669349789816	9.1948066385393	9.21893029204893	9.26257756984758	9.13384636680489	9.12379708014078
4.46380130482126	4.40815440254151	4.66475636092393	4.53277068443455	4.5251329074636	4.83876054967093	4.50563623815884	4.78855423229066	4.56434199615644	4.61519256859261	4.70200057983949	4.67703187333964
9.89834696298932	9.88513422238964	9.86005101728028	9.9471278734656	9.88231832713729	9.8537108911369	9.92038836605096	9.99527310146044	9.92517445217535	9.92918614367075	9.91539415447161	9.85655823486291
4.28132325303587	4.27757029273136	4.27773323781469	4.08418062544469	4.26209850162981	4.48645880574005	4.17913541348166	4.48261817017121	4.12993917201067	3.93122006204028	4.4389661740057	3.93078846558543
9.48726747727916	9.56024419380461	9.44324767317769	9.50688853534612	9.51618228094922	9.45347039378614	9.5285658483287	9.53764434674619	9.50168638830667	9.37470715060113	9.43218764137463	9.39970806534565
4.61294474412707	4.15065818024914	4.60282861178073	4.22937854098462	4.47932921785047	4.83876054967093	4.4015278348181	4.49393348339904	4.25438654293516	3.94299722981664	4.44923450945952	4.40285690990065
5.10021057096109	5.16714630303771	5.16225602039475	5.65778326400129	5.65441592440857	5.67333694046356	5.87074047424799	5.79314150178632	5.82336333948361	5.66226082224939	5.89464565778189	5.82834119661461
9.72594267748455	9.70559981222952	9.74399462024162	9.71233664326916	9.71906888275082	9.65851387554641	9.60912325422647	9.61222571642603	9.63014405455219	9.63642752326612	9.59854923122655	9.61140320537027
3.61294474412707	3.32242452851562	3.99875728811187	3.74087887976476	4.00625959720022	4.16068864455829	3.88835601716496	4.06378909172998	3.67537330854519	3.6729080664489	3.73594791176283	3.64901749717004
7.07471650121888	7.18951411606616	7.2876079857498	7.35074672224873	7.34956134288014	7.37066180664067	7.49532713881987	7.51907304567755	7.65067286791686	7.74783655395546	7.19690377252911	7.46844525152822
9.28638002316528	9.35921490505315	9.16171920362916	9.36958284430693	9.28224507474158	9.35865884865797	9.46365659717705	9.35657084095783	9.42099576484184	9.38580590065327	9.49021396440521	9.37693795173324
3.8930526633198	3.56569567952799	3.91968571712067	4.28949953342219	4.41590383770884	4.10179495550473	3.91610100764786	4.01749543945605	4.49539464243895	3.71472824214353	4.02392867472686	4.24337869589345
9.33550835018979	9.3792557511123	9.31200313989943	9.34809876486868	9.36800701020096	9.37584949666367	9.34683231403185	9.22185393796224	9.33728333398778	9.2259914447134	9.35851057042462	9.26257226112676
4.8824054191203	4.6734989690625	4.65258164697783	4.68601694473023	5.28889856097352	5.30690938540934	4.83848011052539	4.8158615782864	4.83536919274377	4.36680493872322	4.53850184755661	4.62044834497327
4.07237636276437	3.70771468440041	4.12749060223407	4.11773318515571	4.11009540818476	4.39130157269971	4.17913541348166	4.10864332751425	4.14287822771816	3.64433891425212	4.46955449383912	4.38598309133625
8.96672170505377	8.97450122509531	8.89922161456096	8.89153554750229	8.89145512170941	8.84849587627365	8.74971399604016	8.85697311365555	8.72998600027088	8.29625165889791	8.90214019432881	8.6718204466943
8.81471861160872	8.76164056593152	8.74291838368228	8.73413415013141	8.72316861566286	8.71732242222095	8.81011031195965	8.76072002409394	8.73853532923556	8.39387318192139	8.88190966985442	8.70791118622361
4.73632715963235	4.74113768593786	4.91968571712067	4.69715750233543	5.07972175914124	4.99795914452018	4.91610100764786	4.72275217389492	5.11031036526174	4.56272514869847	5.36496559256192	5.010015156736
9.48463000846253	9.57576553814557	9.37402845908517	9.56048606264638	9.46128005039377	9.41769926276432	9.51983331238886	9.4740730610382	9.44828858754588	9.00153899911218	9.55226184651208	9.33414415981663
5.02475834253163	5.01149543257752	5.33218102183706	5.22937854098462	5.37479863437917	5.39130157269971	5.37178049142405	5.13055810394269	5.16841331982531	4.95467903486428	5.67600537130655	5.08511661197672
9.3153648263964	9.22980575328748	9.13680718378309	9.27748855432495	9.27723474542718	9.23622127572565	9.24624960934019	9.32879952176106	9.2937134893543	9.07596187396542	9.32823109893238	9.08053558509011
6.57707929157006	6.35517311085533	6.52816181234272	6.84471469074929	6.76671889403336	6.78049289449175	7.20467050558879	7.2720106129344	7.23488022858367	6.81426391569444	7.12346434827777	7.13898348395546
6.27319537215246	6.46260218656388	6.48074503131534	6.52653873072304	6.67148943776751	6.50172556239336	6.82390730943812	6.78855423229066	6.73426699759876	6.919345961752	7.12986211947592	6.82834119661461
8.20219460325132	8.27851912212491	8.24971886164509	8.40949930953282	8.31412306211264	8.29381372779765	8.36739063135966	8.28753679267845	8.3163769120403	8.3042634726545	8.3918321984146	8.25620273625103
4.95533694157415	4.91716805002936	5.2697844846992	5.17463557639019	5.20695694743734	5.15103847452458	5.07222020956514	5.23540046980019	5.00794864763206	5.10377053288942	5.26968508912881	5.40285690990065
3.93487283901444	4.04756468728504	4.59011756003118	4.15052312027338	4.5251329074636	4.37481344991114	4.07222020956514	4.2752931969237	4.49539464243895	4.09851480743793	4.60430390595235	4.33414415981663
9.02354751993358	9.13083059454751	9.03438119784259	9.13217056837952	9.15205870128845	9.17146848331154	9.25984721274092	9.12374542778127	9.22160089053365	9.16884145170129	9.34516960835288	9.29626427614554
7.17409628357716	7.19153046166467	7.28563843590004	7.44462753293642	7.42398618400669	7.39947550414541	7.63126223149572	7.65128041876189	7.72138570630202	7.43719426661461	7.81648659485638	7.5876169525059
9.42901411193938	9.44833872888983	9.4155970300247	9.4330129040337	9.46666964587901	9.43966459426111	9.41100420033749	9.35424453831852	9.3840101796529	9.4903306849167	9.27546744172282	9.42470846060801
9.45259846051111	9.4458069440209	9.43394136050249	9.40610872033204	9.36013058459033	9.32793951170228	9.36330233749975	9.34919131059224	9.42066376736232	9.31421607474122	9.3608920979755	9.30245973577397
2.61294474412707	2.35157087417514	2.35490109833715	2.67478968930698	2.84706100235096	3.21727217292466	3.13259282754462	3.16635882537053	2.8901121573382	2.24841023792099	2.30968315706073	2.43602377383585
9.74920352368351	9.85619126657869	9.6835760256651	9.88941237560931	9.82472254072968	9.88570263620769	9.88023555509086	9.78424037965694	9.877587847944	10.040943695434	9.86714685865855	9.7730374142604
4.05351733551305	4.11710562053812	3.99875728811187	4.52027974025135	4.3324878295212	4.42372305039209	4.94332247638288	5.02531494391535	5.18727234707662	5.73857498409789	5.53850184755661	5.49229199348259
8.69204851777317	8.7998110993912	8.59728130185011	8.78135262975186	8.66809086130564	8.66149069761545	8.70020609791134	8.61870101922151	8.68092855237836	8.39922641641559	8.75728301534068	8.5709167591234
8.53605995925369	8.62284713335106	8.50464821784183	8.71027614059914	8.64752953882333	8.57392164699039	8.6107159260065	8.65443523095473	8.62554215259318	8.74699704561586	8.71748200728271	8.48240370911815
9.46290827165075	9.48002925832207	9.447658239257	9.51202338964607	9.48947377525602	9.40810986038626	9.40703781621038	9.3612122231087	9.46061384496382	9.67710098806591	9.42667683460771	9.38013683340056
5.15431797630055	4.99311690326266	5.3992952176956	5.43634092175146	5.51002601507339	5.49411237828348	5.27331785253836	5.22864310362488	5.36894630719801	5.4183352393633	5.8055381839479	5.4604079324628
5.45664151324839	5.50861458432072	5.55129831114065	5.38903520697311	5.69505790890591	5.66657957428825	5.37678117248242	5.45393541546712	5.59291114835321	5.281253494608	5.45943027656541	5.66309268238177
6.96546115884786	6.94850601656237	7.08735121138086	7.03234169392507	7.1593389272046	7.01933279531275	7.25442354078589	7.33156141657045	7.32420799243273	6.86001751086006	7.31951177442884	7.37105484980886
8.82030775192948	8.86189989366571	8.66702772592875	8.65421488463845	8.81515175439622	8.78907342557058	8.75788248270642	8.75249951728897	8.74066476879691	8.20993609010635	8.60372947033223	8.71468441481904
7.78572939970862	7.82275833456212	7.77556314680987	7.9262720999272	7.85754248621928	7.96253709030936	8.39044433568909	8.43277794086521	8.35789111868901	8.16350336405819	8.44539244316513	8.41017759634904
4.26502144070676	3.93653337489629	4.33979420594694	4.22937854098462	4.73458627309255	4.64611547172854	4.685671267246	4.63348483579783	5.04976882332669	4.93712066347997	5.14257317122547	5.21499689452363
9.03980850030794	9.00233543329204	9.16547273307829	8.82580622819923	9.16356882145407	9.09803303670853	8.98485369890215	8.91547239024732	8.95940479567402	9.27486087772376	8.88994172456052	9.0547429629332
4.77137410673155	4.80574676736094	4.83602778807376	4.90360837980286	4.99545284224363	5.0917412908408	4.58555978245579	4.78855423229066	4.77015153329729	4.76866704925433	4.60430390595235	4.93078846558542
9.56963203937605	9.59112167078878	9.52566075125827	9.58505764511782	9.48610017582791	9.52992245422401	9.46834924629392	9.4740730610382	9.52039864856884	9.33503535822982	9.48772548592555	9.43397303427108
4.71248041767798	4.24687349550845	4.61542864856037	4.53277068443455	4.85903364401704	4.88606626444929	4.60273492626392	4.57074908044987	4.58345081910414	4.22930141497328	4.36496559256192	4.67703187333964
9.67711008439858	9.68928196630343	9.58532189342953	9.83055662775263	9.64580279410386	9.64396700514996	9.6422056091823	9.64399806248051	9.65350112806768	9.58614949420981	9.60344216672859	9.48834480896593
8.74956973641321	8.80179237007232	8.97328660059575	8.94040473579144	8.93381646675904	8.97967550807	8.99789509881151	8.93480265100991	9.03985927684288	9.26199003367946	8.99793346619391	8.95530261430491
9.75066781717728	9.78986372575429	9.81022831864171	9.77643713933775	9.75435229093272	9.74605183825269	9.64868033076205	9.63763556025697	9.63816222944811	9.94042917693609	9.61260762167868	9.69083767286467
8.792853834142	8.88264036690109	8.70510364721969	8.90781011578148	8.81053512632585	8.82820235797235	8.8040903913228	8.82932383809296	8.82737640199024	8.51470363383553	8.72911670776611	8.70195841309419
5.86087225757066	5.57190082905469	3.5772935196736	4.85469877932191	4.47932921785047	4.48645880574005	5.28931833123208	5.43057142240161	4.55469182612272	3.807837646535	3.49950771594074	3.90732949276143
9.42351637886822	9.5206941556519	9.39015842312348	9.40949930953282	9.38518525261087	9.38411119449323	9.41647817628408	9.32206996759315	9.35372348447379	9.64276010298125	9.38148067934494	9.23633541888933
8.41199503476725	8.61008979888644	8.52982678083783	8.55743273866882	8.56130652001709	8.53920026781202	8.60166744930742	8.54242035739138	8.56974198389903	8.88121415961906	8.44859487520347	8.53213992684561
4.12751791695683	4.54060469856516	4.3846484417312	4.96941043819861	4.69505790890591	4.97626407342087	5.28400453133561	5.29483338331934	5.21204025222556	5.91337206070736	5.79752319088378	5.6132167757422
9.39524096858425	9.3366158364286	9.28514562802474	9.33523133951615	9.3463754121613	9.29655180992697	9.31201250893581	9.29442898386585	9.24691529350402	9.43693401676438	9.20222597370928	9.16826830155098
4.56047732423293	4.81623914117858	4.82522103311718	4.92271720275057	5.02763324799278	5.04039441084058	5.67758892094814	5.66385848484135	5.58818873811081	6.58356549198033	6.27257916239799	6.24337869589345
3.29744291839914	3.29267718512157	3.5772935196736	3.53277068443455	3.87090774430534	4.0816170735671	3.61124642611944	3.90332441953674	3.58345081910414	3.17040772591972	3.55761067050432	3.67703187333964
9.31239325986511	9.29830173431545	9.28859175328938	9.14748052854976	9.24052296707066	9.19337726326447	9.21692202321203	9.23540046980019	9.22844552929115	9.00189091887021	9.30155925606414	9.17257945322706
9.73964921697026	9.79617168788664	9.72921610333649	9.75760402697925	9.72807296613388	9.77304114331096	9.68138315923809	9.68560962975147	9.72246355098487	9.90342304760568	9.74326859821123	9.67746531033881
5.3601786737471	5.06526668901849	5.54472565721716	5.28949953342219	5.65441592440857	5.76475996822716	5.66946104006474	5.71793515759714	5.63473132404784	5.56272514869847	5.69338744953478	5.96527684197071
8.77569571268165	8.77850649382347	8.98547159736165	8.87200638241703	8.84254552122847	8.91343723596543	8.78069988153994	8.78740513223717	8.85663294931189	9.18907157018475	8.92116910030165	8.84155207034115
7.34280822260806	7.30576718456201	7.23754414769899	7.26162947726881	7.09498851579455	7.24020898420182	7.24488277357628	7.22355422695208	7.33552330566056	6.81426391569444	7.53006148475596	7.03998723648706
6.09560866900209	6.29642931998268	6.31297041787123	6.79891100113616	6.78879334717178	6.86850789306498	6.92807364931394	6.95949988820844	7.02552127708001	6.76203395692188	7.16143219847678	7.02371606731258
9.2568009339018	9.25412687951976	9.18303758253125	9.20128892844355	9.29000449819969	9.28611933600765	9.19762264085954	9.12374542778127	9.20125657651232	8.87507991687903	9.14375911049561	9.14149908187424
4.26502144070676	4.42196020206653	4.53812292239292	4.52027974025135	4.72153012026711	4.7520489164776	4.70170137706495	4.8158615782864	4.62092552452281	4.48429850174166	4.46955449383912	4.71805914159969
8.74956973641321	8.83699770134538	8.68282793384595	8.70545682555392	8.7108342996592	8.65979040862561	8.5936360959949	8.61546700073907	8.61745333261601	8.47063315975176	8.39382716767588	8.62584833271586
4.28132325303587	3.955642197844	4.17932953375369	3.864614248187	4.88268491208168	4.83876054967093	4.35160260948642	4.19437320154013	4.19350430078814	3.85846371960498	3.98210849903222	4.10587517214351
5.32128966035351	5.4150738164813	5.60282861178073	5.40949930953282	5.4239861840067	5.75841844135333	5.51019452012115	5.25548471584352	5.52039864856884	5.73857498409789	5.8055381839479	5.71130177542439
9.33257802750147	9.34886328181165	9.36099337165277	9.37826073537893	9.37844246286727	9.35551114913827	9.36141151804051	9.29442898386585	9.37066605354647	9.71987154541948	9.344482119638	9.37693795173324
9.05233042056261	8.95801310230675	9.1455211101065	9.06549606217976	9.21920054319209	9.22476670947159	9.0617784628435	9.14633034487672	9.08706736474966	9.15909241269188	8.83862557212562	9.16456274718275
4.12751791695683	3.99311690326266	4.10978860050062	3.90360837980286	4.49475925842008	4.71322966758707	4.09667325328969	4.16635882537053	4.57392804498564	3.55507157615504	3.99618368424395	4.20541084569443
9.63847983623421	9.72591486321364	9.72304374820733	9.63261725014073	9.66681432822644	9.62840286814071	9.70865892777739	9.61934695388235	9.66391774401302	10.022330241158	9.721988362016	9.53883457941962
4.46380130482126	4.21550932459911	4.56435446396609	4.49496865172217	4.65441592440857	4.83876054967093	4.72541744603875	4.62321650034401	4.68425145989164	4.60781303822701	4.67600537130655	4.79677111761374
9.38160169627625	9.4750715385261	9.34925453519601	9.42800643848594	9.40522657457362	9.41820220683108	9.55417484482858	9.53696076699359	9.52256602000046	9.3957490743165	9.54210408423681	9.49376940788809
3.93487283901444	3.83699770134538	3.4978590521792	3.78331414608515	4.06945342368741	4.27171995694704	3.7868179907029	4.15214496615084	4.46480632260553	3.62983934455701	3.83324511311774	4.24337869589345
8.10594238239769	8.16612129763694	8.14497802896292	8.10314986201127	8.1809617389044	8.1582821468512	8.25306443089651	8.16015748620222	8.16524604074662	8.37823551949962	8.18620010362573	8.20420809861277
6.68823287143131	6.9365333748963	6.76993859761599	6.78592535954169	6.8074491464521	6.69009316878914	7.00113711150366	6.67880882630732	6.94285361941017	7.44135189208827	6.90400776098558	6.71130177542439
5.91411427884764	5.60858149238116	3.55129831114065	4.59365292658158	4.68163739314359	4.63230967220351	5.33113850692671	5.47692705809335	4.28971961604743	3.4599143431147	2.98210849903223	3.59130199931376
5.81121437126334	5.59035773376225	3.72413490800287	4.71918380866543	4.62667093392566	4.65979040862562	5.22976148655162	5.61805479522823	4.19350430078814	3.94299722981664	2.8015362533904	3.59130199931376
4.91411427884764	4.94611942372549	5.22937021625329	5.19048952759102	5.1593389272046	5.179797467506	4.91610100764786	4.77933570226129	4.98657499683949	5.31336567976176	5.21054996504148	5.17626450003491
8.69813263871802	8.74937383603763	8.63412474227027	8.79891100113617	8.6170090132166	8.63490834304883	8.57308761835136	8.66197875162313	8.65914106895214	8.33419715057137	8.76911477569803	8.47743403475548
5.33697128258578	5.25460914428805	5.44236393958749	5.69159797699354	5.70835473151937	5.72628582041252	6.13259282754463	6.32998383845711	6.16207179295148	6.03665633703089	6.34035029330767	6.53883457941962
5.01504318769842	4.47589900917734	5.05534081647824	4.79373076203049	5.12999496562246	5.1606886445583	4.80918580373135	4.68375804227906	4.92798034292864	4.56272514869847	4.82538299534477	4.95387207869847
4.56047732423293	4.39421521158363	4.98910711807815	4.73007212480817	4.81053512632585	4.70005427883934	4.61124642611944	4.74186099684263	4.53519565049693	4.49233582080708	4.97501907424591	4.9878194106218
4.87167901252724	4.42196020206653	4.94984768763093	4.98767264459134	5.21629481201668	5.07142130646121	4.90921462206262	4.8862509061778	4.8824177655482	5.0394017137697	5.39714599831107	5.37747159148073
4.78286974556938	4.40815440254151	4.68880183489058	4.53277068443455	5.03820248970297	5.18925779675507	4.54170549286636	4.62321650034401	4.81933908292482	4.27660712975164	4.51913652268968	4.74477647997547
8.48154685501122	8.60404708831036	8.46080960690831	8.41794108341948	8.37792247906605	8.36858149619963	8.39599672884487	8.40607433969476	8.39824407282561	8.38742296980171	8.64283850737135	8.41642303917994
4.4055026642566	4.47589900917734	4.80336159915344	4.48214461136459	4.59838188949424	5.00868555111324	4.56817770422756	4.8068164386834	4.76178806036266	4.58544522519856	5.07786748183766	4.77100802154865
8.81401844414005	8.85936551437383	8.67005066059345	8.86214176250748	8.6875242362205	8.69009316878914	8.79384525759686	8.73114344415406	8.76858707078263	8.90172675694478	8.67928050333941	8.67703187333964
4.21498075820716	4.29267718512157	4.36985143980312	4.37522940744807	4.84706100235096	4.81451300342426	4.29988757294226	4.61287455612255	4.67537330854518	4.3042634726545	4.56707099975338	4.63480363795034
4.9854989120844	4.61460528000893	4.73572288227808	4.56960745261492	5.05911147946595	5.25379804894978	5.00921041203934	4.94514459523137	5.08371615525002	4.74194971087855	5.00317011456006	4.97659215519855
9.64558089260935	9.55398859575032	9.67908164495589	9.3933225653762	9.58357568385812	9.61310836584022	9.56544273650632	9.54310135577121	9.53120309115654	9.6506369381525	9.33239773010549	9.62225058760726
3.23185457677156	3.32242452851562	2.9398635990583	2.80407270625195	3.46373236279946	3.42372305039209	3.31037994675991	3.44812979378592	3.26626064322345	2.12976574142237	2.39714599831107	2.78394707725615
8.9730079679012	8.99196043423008	8.94548814825218	8.99050534732918	8.88780734469427	8.91058041316877	8.92124431092382	8.97674144012571	8.90917049315388	8.93712066347997	8.8875839939477	8.86533540409681
4.62576878448465	4.47589900917734	4.67682919322451	4.55743273866882	4.77306042090718	4.93186995406242	4.48725770884399	4.26211780817596	4.60230984635546	4.44342622032613	4.54808789638581	4.57650499738568
8.79640290122308	8.90247153882266	8.83938836504378	8.91915352442749	8.85679632895368	8.84924203353925	8.78540842044822	8.75485301706195	8.80973624285451	8.83297720881351	8.85368160719527	8.74477647997548
2.93487283901443	2.40815440254151	2.9398635990583	2.80407270625195	3.02763324799278	2.63230967220351	2.78681799070289	2.70338684902799	2.65745140054792	2.52404468053441	3.11703807911833	2.5615546559197
9.59919313134887	9.64066757659513	9.62480698087623	9.64381639145775	9.56176444575998	9.63620592524473	9.47797989525598	9.48190800769519	9.53120309115654	9.73201390093934	9.45402274830857	9.4833955929942
4.50602954021056	4.44918167080156	4.94984768763093	4.44297401408391	4.54008324892957	4.56122657414202	4.57689492132867	4.56002267385681	4.59291114835322	4.5082773646761	4.80952904414393	4.5615546559197
4.68823287143131	4.39421521158363	4.52482609977946	4.48214461136459	4.79815140187002	4.88606626444929	4.14436999532098	4.63348483579783	4.54497667128951	4.5082773646761	4.60430390595235	4.67703187333964
12.5804283467573	12.5656470965763	12.568916589748	12.4412668355306	12.4825372930639	12.4681778879611	12.4596116207934	12.5089128736834	12.4525169832075	12.3512147661004	12.386248264478	12.4450252854711
5.78286974556938	5.59035773376225	5.88368076366518	6.12600080113931	5.77937419483939	6.11177904407735	7.11922756945858	7.13055810394268	7.06853862734652	7.52991327862355	7.5811461849651	7.56343194316038
4.37544543040041	4.21550932459911	4.36985143980312	4.73007212480817	4.68163739314359	4.73922487612002	4.45924333267439	4.64368060290372	4.79495492429786	4.69396968197672	4.62256611234508	4.73147965736202
7.51811682250929	7.55946372581647	7.80885758690829	7.58618167715044	7.7997051931251	7.73922487612002	7.74874994986938	7.7131020038612	7.77015153329728	8.08728241010085	7.9068045858503	7.89097728735399
4.46380130482126	4.24687349550845	4.76993859761599	4.40271014387018	4.64061012488353	4.77736000500679	4.33113850692671	4.2488209855625	4.28971961604743	4.16035406125579	4.21657375266925	4.66309268238176
9.44899509918514	9.41593641443876	9.45687676928638	9.49377122873942	9.33302444661532	9.40354516845446	9.27900500557147	9.27693169231945	9.32385295489165	9.41886244384236	9.40210997284098	9.29400476896342
3.84998394142792	3.77380387485818	3.7472185211159	4.16664278563666	4.62667093392566	4.23565070223952	3.90229520812284	3.85148548801713	3.99373478841236	3.93122006204028	3.39714599831107	3.83457315032612
4.14543982495409	4.21550932459911	4.26179169394566	4.21394850041501	4.29772241136052	4.47102876517045	4.17913541348166	4.22185393796224	4.36894630719801	4.0004827244774	4.27546744172281	4.10587517214351
9.32915177812648	9.34524523592572	9.26529398985197	9.45409866326688	9.25475365101664	9.27227644491571	9.32112087315753	9.21844733651899	9.29805786917183	9.73899725690667	9.10815495816235	9.20240209582209
4.03440851256534	3.63845202196329	4.10978860050062	3.53277068443455	4.34956134288014	4.53178279624954	3.94332247638288	4.12329010347865	4.19350430078814	3.53964153558543	3.93903977714034	3.80948216936329
6.95787466437605	6.9365333748963	7.03672513831089	7.24654233281053	7.18572311299813	7.36858149619962	7.93402291564513	7.92334022491302	7.95757512511694	7.87238796213659	8.04693050008847	8.10973436759915
9.79782008703535	9.77817110034506	9.82589883206828	9.73919565119802	9.72316861566286	9.68675745622588	9.6286443845773	9.61287455612255	9.66082876075024	9.80198901111383	9.6330194463409	9.71890159128255
4.78286974556938	4.62657792167501	4.91968571712067	4.61730419464622	4.65441592440857	4.9871523895636	5.15605180036861	4.82485036151366	5.00794864763206	4.72158191318459	4.89464565778189	5.19576067566071
4.63847983623421	4.5278936468156	4.68880183489058	4.55743273866882	4.87090774430533	4.94309720948567	4.56817770422756	4.64368060290372	4.66644018377518	4.24841023792098	3.93903977714034	4.75795186872321
4.58694953559412	4.54060469856516	4.78116585303925	4.82453680881166	4.94017040674244	4.9871523895636	4.92295467868893	5.09384632558617	5.28389053724524	5.21965124493956	5.05115014346188	5.29852025008591
5.68823287143131	5.60858149238116	5.87322640602801	5.58767902553694	5.70172163918692	5.64611547172854	5.70965013018044	5.6936058282354	5.74915123468473	5.55507157615504	5.97856814132698	5.57650499738568
7.19790724484822	7.15686332977585	7.29741560367639	7.16463764974628	7.34743817098718	7.26278683217704	7.5877178906232	7.58669062431889	7.60815309063693	7.83574364310489	7.99355502568333	7.89396423467539
4.74810432740871	4.71894193982367	4.78116585303925	5.37522940744807	5.03820248970297	5.32418737684117	5.87428083195323	5.74659891584929	5.7235405910057	6.25314815692765	6.27546744172282	6.2339799978912
8.12977036868821	8.12662141565831	7.96961094245236	8.13422130794428	8.14474155099165	8.14982765192653	8.21238359586822	8.29644984852026	8.2795032200043	8.29280435727944	8.35339402040789	8.38916200200376
9.07530094321225	9.04812117525371	9.03672513831089	8.97742861309453	9.02630663176975	8.94309720948567	8.92977594454494	8.94359802187523	8.85220825497017	9.04862897869696	9.02907197800281	8.96953049136436
8.12073938432577	8.00348361882092	8.06226023041803	7.94157623000188	8.02763324799278	7.91343723596543	7.99301837853676	7.95438937970867	8.01236191213472	7.75620487811968	8.3757723475185	8.0693492961184
4.54705680847061	4.27757029273136	5.11866675184707	4.74087887976475	4.81053512632585	4.76475996822716	4.39168004886175	4.44812979378591	4.81933908292482	4.12976574142237	4.77728870714373	4.77100802154865
4.4055026642566	4.27757029273136	4.33979420594694	3.90360837980286	4.59838188949424	4.70005427883934	4.02203445239692	4.31411244581423	4.31280322916048	3.6729080664489	4.0645706592242	4.40285690990065
9.54789925815347	9.68212927420594	9.44368933705405	9.68006334587092	9.6257952464688	9.6699622136829	9.71780166909126	9.6871508060981	9.75258465242085	9.38391702630017	9.82538299534477	9.62988510058137
5.81681707749272	5.7356206809703	5.76993859761599	5.68601694473023	6.06429171857163	6.15587162826052	5.88485007366342	5.8905382645809	6.00794864763206	5.83020545956346	6.15830609749007	6.14149908187424
5.10937057024657	5.07403689864623	5.34736742565174	5.69159797699354	5.46373236279946	5.74565114527945	5.45452092243199	5.55462941508659	5.65293591942543	5.63710734502105	5.98210849903223	5.93078846558542
10.1167704821228	10.1313558794763	10.1042118829232	10.0174199879854	10.0001907612503	10.0459376012277	9.93444692594675	9.95080122177938	9.94700924890148	10.1147130846684	9.83984561028789	9.92969730578989
4.58694953559412	4.24687349550845	4.62791959274356	4.5816802849155	4.74752532880004	4.68675745622589	4.78681799070289	4.89481291968122	4.99373478841236	4.81426391569444	4.70200057983949	5.09553322792206
4.62576878448465	4.42196020206653	4.87846305439416	4.69715750233543	4.81053512632585	5.00868555111324	4.54170549286636	4.75132132609169	4.46480632260553	4.48429850174166	5.03760361162393	4.75795186872321
4.67595454165287	4.62657792167501	5.00834333694107	4.75160528635781	5.00625959720021	4.87438445940165	4.66128710861903	4.60245794017721	4.72784072843932	4.4267474791795	4.64060003517535	4.62044834497327
4.61294474412707	4.55320473534479	4.99875728811187	4.98767264459134	4.9513976621657	4.94309720948567	5.15605180036861	5.3456825248151	5.44404776243873	5.19030728335742	5.67162693079597	5.60594877527816
10.0837488535067	10.1171056205381	10.1668109161266	10.0457494826044	10.0997264348012	10.0242967698427	9.86985402565427	9.90623868835431	9.93148004960372	10.2081071927042	9.7739736309115	10.0332298703117
8.85203177007678	8.95623528933884	8.85408260823113	8.97170589618627	8.7809483303375	8.88679324609273	8.81426328312041	8.79485797437534	8.88338181171898	9.15877682808144	8.99004268057444	8.81264251025662
4.50602954021056	4.19956778073009	4.35490109833715	4.77282177226751	4.79815140187002	4.70005427883934	4.86006697273353	4.86025569764486	5.0702329258864	5.22448439867551	5.51425430130993	5.3602964476726
9.5947158684947	9.5707393946373	9.57326251665748	9.60737355859627	9.61612743968419	9.61618026518676	9.56050669087463	9.6167614782067	9.60201706197275	9.62413563253033	9.47144490036541	9.59818619421609
5.51294895415035	5.40120164189974	5.46342555511532	5.92271720275057	5.91745033024236	5.9871523895636	6.29461263090159	6.51074177108559	6.40161249611833	6.49233582080708	6.689061524132	6.7011060083185
9.05943730705687	8.99830957248298	9.0017597762734	9.05470950695352	8.90451127453486	9.02858510855095	8.91438249042156	8.89587960737558	8.89442228680726	9.04351000807195	9.00317011456005	8.92349842965494
4.71248041767798	4.51506960645802	4.97939196324494	4.85469877932191	5.16898909723832	4.92055464083458	4.84571167975646	4.76072002409394	5.03596302380165	4.40136216075958	5.21657375266925	4.96527684197071
4.62576878448465	4.61460528000893	4.82522103311718	4.75160528635781	4.91745033024236	5.23565070223952	4.61124642611944	4.85148548801712	4.72784072843932	4.69396968197672	4.91701347081034	4.74477647997547
8.59756664296816	8.61385368059579	8.52566075125828	8.73953245405724	8.66809086130564	8.74885357731779	8.84526076709741	8.84983512172746	8.84579297655874	8.4340681656279	8.98916325656618	8.88348275080707
5.05351733551305	4.90738702923678	5.13626081186181	4.75160528635781	4.85903364401704	5.29819216830823	4.58555978245579	5.07136231143479	4.87468211676859	4.4183352393633	4.92439300117594	4.77100802154865
4.21498075820716	4.42196020206653	4.68880183489058	4.25975219002813	4.34956134288014	4.54657979817762	4.37178049142405	4.36429820298245	4.33552330566056	4.18039181449234	4.95353934683545	4.62044834497327
9.35825891958374	9.41464232401782	9.26479418210719	9.53858879303583	9.35432708601658	9.3638898008749	9.50506543892651	9.41874598700482	9.52070847248089	9.1178011504874	9.59941389714449	9.43755991776897
4.46380130482126	4.29267718512157	4.51140558401714	4.25975219002813	4.91745033024236	4.94309720948567	4.5237835848691	4.63348483579783	4.81125673662696	3.22930141497329	4.02392867472686	4.45232558616495
4.53351027663267	4.5278936468156	4.71245310295523	4.61730419464622	4.76034936915763	4.65979040862562	4.41130885561069	4.62321650034401	4.55469182612272	4.14003407687619	4.56707099975338	4.33414415981663
4.47801516404096	4.51506960645802	4.80336159915344	4.54515440889039	4.38311390259117	4.64611547172854	4.55940749459982	4.56002267385681	4.63930405383766	4.19030728335742	4.96073484823966	4.40285690990065
4.53351027663267	4.39421521158363	4.52482609977946	4.52027974025135	4.83498817005039	4.81451300342426	4.54170549286636	4.64368060290372	4.57392804498564	4.23888746380248	4.58580756233497	4.69083767286467
4.4055026642566	4.46260218656388	4.35490109833715	4.3612902164902	4.64061012488353	4.43966459426111	4.32079656270525	4.41279672067363	4.2780378109998	4.2672692651723	4.01012287520182	4.59130199931376
4.63847983623421	4.21550932459911	4.51140558401714	4.78331414608515	5.12999496562246	5.05081102678592	4.55940749459982	4.42467082096192	4.56434199615644	4.02285053750585	4.25219766239997	4.51575096630658
4.26502144070676	4.0652666890185	4.41379478739072	4.24464529763793	4.08991752624712	4.45543191011943	4.38176457999667	4.33942353434341	4.40161249611833	4.06657191493517	4.47960815850304	4.5464477635295
10.0886781750935	10.0470079845805	10.1111794181547	9.95527049962535	10.0143118694949	9.98749132884412	9.89490678537874	9.9428241130283	9.91483924324057	10.0352816870547	9.91423638613977	9.91910666053779
3.93487283901444	4.02964277928777	4.56435446396609	4.30414630938659	4.54008324892957	4.01933279531275	4.39168004886175	3.8158615782864	4.03596302380165	4.23888746380248	4.72753567194663	4.59130199931376
5.83349581863935	5.69070825909472	5.86797068057652	5.85966503221526	5.9513976621657	5.94309720948567	6.19337733605743	6.14856951192701	6.1493044968776	5.88312577383924	6.27257916239799	6.37747159148073
7.73040232567525	7.71193515071861	7.87322640602801	7.86090392884862	7.90739666557843	7.97762961544509	8.09439830663029	7.99278268993076	8.11852151458098	8.48379467947675	8.1457335121188	8.21140958631587
8.95660636096171	8.8726216110761	8.89017647495795	8.71576428812429	8.87459844736925	8.90556732036777	8.82069979174839	8.82820676870623	8.79495492429786	8.95285997644539	8.90260731268837	8.85617540481133
4.2485333179182	3.97450122509532	3.97939196324494	4.08418062544469	4.3324878295212	4.35813470876451	3.88835601716496	4.16635882537053	4.00794864763206	3.98916741124957	3.89464565778189	4.38598309133625
4.51983533973559	4.5278936468156	4.82522103311718	4.66347437607915	4.55488025085765	4.90914987756233	4.48725770884399	4.78855423229066	4.58345081910414	4.7284031790406	4.99618368424395	4.97659215519855
4.50602954021056	4.62657792167501	4.91968571712067	4.68601694473023	4.83498817005039	5.07142130646121	4.49647623887337	4.52735648493649	4.73640274194274	4.49233582080708	4.99618368424395	4.91910666053779
10.0141290288078	10.0234303424226	10.0364323539282	9.99812597858715	9.89799796757619	9.91557614672176	9.83052885405005	9.88410243959922	9.84331794585926	9.67202379118929	9.92829807731154	9.79237569932673
10.0295914962676	10.054228417566	10.0443167508623	9.97313870496517	9.9478985213747	9.94414529891854	9.84210042620408	9.896412655614	9.85343869857643	10.1022942943014	9.79097806169182	9.84309836742475
4.66357081719704	4.55320473534479	4.72413490800287	4.13422130794428	4.94017040674244	4.78985094918999	4.32079656270525	4.30128840545664	4.5154323956755	4.27660712975164	4.83324511311774	4.80948216936329
8.2568009339018	8.37748557292593	8.14931696468725	8.42465911670383	8.29110958828887	8.2287861609417	8.25849320509494	8.3028976583183	8.33199679439379	7.84518848888934	8.2812267110115	8.24805518310292
4.09099204093171	3.81623914117859	3.93986359905831	3.62898599969385	3.94017040674245	4.30690938540934	4.00921041203935	4.18043401058226	3.95023314977577	3.28588494333964	3.28696308056065	4.020986274557
9.01077214829811	9.04254661251841	8.90564788372039	9.03289139674783	8.9008964015815	8.91129514939388	8.90662372934434	8.96611659958858	8.91531063518755	8.87891687403669	8.92531279402883	8.84695687478195
4.62576878448465	4.55320473534479	4.8888796703395	4.95091409458122	4.9625382197709	4.88606626444929	4.26794468043951	4.59196556635956	4.70184551990638	4.80783764653501	4.98916325656617	4.75795186872321
4.01504318769842	4.15065818024914	4.47037831575708	4.21394850041501	4.24395115491954	4.64611547172854	4.33113850692671	4.06378909172998	4.48527042516524	4.17040772591971	4.63161125194809	4.69083767286467
4.9854989120844	4.73008249742887	4.99875728811187	4.85469877932191	5.2620985016298	5.11177904407735	4.86719140716692	4.62321650034401	5.08371615525002	4.82703121176832	4.93173497651711	5.07462423815908
5.84998394142792	5.74113768593786	5.96469545203824	6.09685445547979	6.0329275476623	5.99256588574997	5.97003981475867	6.15926940058421	6.17787364907437	5.73857498409789	6.14257317122547	6.27121290409017
4.92453089479297	4.83699770134538	5.19620335231809	5.0411119035528	5.18809792018603	5.01933279531275	4.83848011052539	4.94514459523137	4.77015153329729	4.83337273864214	5.21054996504148	5.17626450003491
4.71248041767798	4.5278936468156	4.86797068057652	4.04982912065391	4.58402659651717	4.81451300342426	4.46864203067664	4.64368060290372	4.57392804498564	4.34921087870848	4.35407727641918	4.74477647997547
4.71248041767798	4.71894193982367	5.14497802896292	4.49496865172217	5.1593389272046	5.06115297100738	4.44978300342532	4.61287455612255	4.72784072843932	4.65153441565633	5.0844702166619	5.10587517214351
8.80065028910219	8.93231936593891	8.79784459418588	8.88971587724942	8.79425958661302	8.80223467364582	8.7825851415807	8.77933570226129	8.82084949490108	8.79327301877846	8.7301697698865	8.74394900932423
4.49209034925268	4.26230353607805	4.49785905217919	4.60552702686987	4.66809086130564	4.40760338502881	4.4210240104439	4.43644798873828	4.55469182612272	4.37552215582432	4.97501907424591	4.60594877527816
4.84998394142792	4.68499460790033	4.85740143886633	4.6520696128069	5.05911147946595	5.0917412908408	4.87428083195324	4.86025569764486	4.63930405383766	4.61519256859261	4.69338744953478	4.66309268238176
8.13874517238009	8.1075266437261	8.0737193457931	8.14748052854976	8.20929708589186	8.1774226603181	8.24966104398933	8.32444869037587	8.25736424273505	8.07328525902161	8.30049623621434	8.31532853777247
8.94129910817386	8.96510252709307	8.9310704806003	8.82834172101509	8.92601234374578	8.95770162239444	8.91738855350832	8.84376757485628	8.84480347374842	8.63074984950417	9.03802887177171	8.88648523896859
4.50602954021056	4.48907439792507	4.80336159915344	4.27470253149411	4.65441592440857	4.60429529603391	4.50563623815884	4.50516073882229	4.65745140054792	4.65153441565633	5.04439277728657	4.64901749717004
4.67595454165287	4.6384520219633	4.97939196324494	4.67478968930698	4.91745033024236	5.00868555111324	4.88133558948719	4.86897291474596	4.95757512511694	4.68698325166062	5.24042049462362	5.27121290409017
4.3447486331775	4.30762752658754	4.68880183489058	4.46920555565708	4.62667093392566	4.90914987756233	4.53277236809635	4.48261817017121	4.6116477109348	4.29510347336903	4.81747779725943	4.60594877527816
5.10021057096109	4.74113768593786	5.43527451480117	4.90360837980286	5.39960202537974	5.07142130646121	5.24624960934019	5.12329010347865	5.12993917201067	4.7284031790406	5.42342532310992	5.35163158654547
7.95914185377758	8.01832746605994	8.00115977832718	7.81178080138721	7.94017040674244	7.94449449292747	7.846613082498	7.83600815139818	7.68092855237835	7.33251927283905	7.88899909464074	7.80472863939265
4.66357081719704	4.44918167080156	4.76993859761599	4.52027974025135	4.9513976621657	4.82668771737036	4.56817770422756	4.8158615782864	4.66644018377518	4.34921087870848	4.97501907424591	4.998959968227
8.85271373418349	8.85936551437383	8.79991594420557	8.91080388120706	8.90017233881053	8.92975508189152	9.00032729108336	8.88893199790071	9.00130333399004	9.20810719270416	9.11582996038125	9.08315509564343
5.10937057024657	5.16714630303771	5.26179169394567	5.26724672657506	5.47932921785048	5.52432699133049	5.24624960934019	5.28183604279047	5.63473132404784	5.12976574142237	5.39714599831107	5.48438679539725
9.00587542729376	9.03133244769199	8.90050916042142	8.99446181025398	9.11634355584993	9.10116864985526	9.29229876506334	9.26129033752473	9.2995030934759	9.21995379187176	9.3608920979755	9.3613759052919
4.84998394142792	4.56569567952798	4.85740143886633	4.81434104170577	5.03820248970297	5.35813470876451	5.04734554092611	4.95336510203633	5.00794864763206	4.67996282398285	5.04439277728657	5.07462423815908
9.46201468534725	9.4398821100638	9.43394136050249	9.41709912539098	9.48658260186179	9.51024264542322	9.57036195148943	9.53319527774009	9.58315418189926	9.59387384726914	9.55820376199916	9.56249360488932
4.60000568841957	4.19956778073009	4.74721852111591	4.75160528635781	5.03820248970297	4.63230967220351	4.38176457999667	4.41279672067363	4.40161249611833	4.25787056717005	4.51913652268968	4.66309268238176
4.05351733551305	4.04756468728504	4.52482609977946	3.99671778419434	4.56952702682206	4.45543191011943	4.15605180036861	4.40082407900756	4.1684133198253	3.70092244261849	3.96789463981252	4.31644215808317
4.29744291839914	4.44918167080156	4.65258164697783	4.0146396921916	4.70835473151937	4.92055464083458	4.49647623887337	4.47121340689896	4.46480632260553	4.35803472909548	4.74431138469745	4.78394707725616
9.61294474412707	9.65717666376057	9.61582063200005	9.67161621732764	9.58267343552297	9.53873779143657	9.50706224899046	9.52770059824543	9.60464998480998	9.7993594926107	9.48554454062603	9.49327710450816
4.56047732423293	4.21550932459911	4.79230641064445	4.6520696128069	4.55488025085765	4.61837048124563	4.55940749459982	4.54921591890023	4.45446437838407	4.38418701695145	4.89464565778189	5.05340775224938
9.4467384194807	9.4725862751365	9.48074503131534	9.46024215746552	9.45291086954594	9.41769926276432	9.42977221418323	9.45502137339637	9.36066286793907	9.58144786045473	9.53850184755661	9.36890957797731
5.28940559933372	4.99311690326266	5.44236393958749	5.69715750233544	5.96807640331233	5.99795914452018	6.59202444618192	6.79542967838158	6.85319269379438	6.54930463293615	6.44923450945952	6.72813621428764
4.32915177812648	4.40815440254151	4.80336159915344	4.54515440889039	4.51002601507339	4.78985094918999	4.29988757294226	4.19437320154013	4.40161249611833	4.45169383630973	4.69338744953478	4.67703187333964
8.79072019553637	8.76435239951361	8.78535365000268	8.75627312740065	8.82204911434289	8.83273676204316	8.77218559101254	8.63604054070159	8.78570355282532	8.77320967371725	8.62596468880695	8.80948216936329
4.18062925341639	4.18344811536681	4.3992952176956	4.18258432950568	4.47932921785047	3.78985094918999	4.21308274540499	4.04852233507668	4.4123389027114	4.20993609010635	4.76089426889306	4.38598309133625
8.91802932885102	8.93653337489629	8.9024383272445	8.99050534732918	8.99205906264782	8.92975508189152	9.0512605909295	8.99924883953528	9.07319316883801	9.14545954852751	8.93721704153352	8.97659215519855
4.39055232279062	4.29267718512157	5.03672513831089	4.60552702686987	4.74752532880004	4.76475996822716	4.83848011052539	4.43644798873828	4.55469182612272	4.74194971087855	4.91701347081034	4.84695687478195
4.32915177812648	4.51506960645802	4.95976315649601	4.75160528635781	4.87090774430533	4.92055464083458	4.77171109831269	4.98578657972871	5.00085922284574	4.80783764653501	5.38114551961735	5.29852025008591
4.01504318769842	4.24687349550845	4.48418411528212	4.03234169392507	4.47932921785047	4.50172556239336	4.13259282754462	4.38875124670698	4.55469182612272	4.33139960259202	4.59508537592298	4.71805914159969
4.66357081719704	4.29267718512157	4.44236393958749	4.38903520697311	5.08991752624712	4.51683245478357	4.34140684238053	4.52735648493649	4.52534786454058	3.93122006204028	3.98210849903222	4.51575096630658
5.14543982495409	5.07403689864623	5.09186669250335	5.24464529763793	5.48706486663008	5.20799435933665	5.08449853934358	5.07889598412019	5.18727234707662	4.86466886913168	5.41297096547275	5.41953565104728
8.63293252630358	8.75824358993097	8.68058132808562	8.63189173086927	8.76671889403336	8.76238516103925	8.65615478360164	8.63476325417204	8.68646248720699	8.58074129197719	8.59624091866869	8.58392246894816
5.90362190502999	5.92688320486257	6.01311258108894	5.44957674890815	5.59838188949424	5.53920026781203	5.46864203067664	5.5437820328496	5.50043023233625	5.49633775136457	5.83716016312113	5.59864397465493
7.23185457677156	7.32976650385679	7.37911733575797	7.4789207104903	7.62316499042412	7.62012026319559	7.89969184794412	7.73472481556099	7.8996727956463	8.25551129429613	7.87001599127317	7.94813570914932
3.80558982206947	3.99311690326266	3.7472185211159	3.80407270625195	4.55488025085765	4.59008143681421	3.99627135633185	4.38875124670698	4.23034106896851	3.5082773646761	3.39714599831107	4.04268134565632
4.44944601184419	4.26230353607805	4.72413490800287	4.59365292658158	4.69505790890591	4.7520489164776	4.66946104006474	4.60245794017721	4.58345081910414	4.32241081936476	4.93903977714034	4.69083767286467
9.83003694611011	9.80146234718608	9.81603944264479	9.75460777451934	9.73092615686076	9.66149069761545	9.62890638313262	9.652858687206	9.67509498404526	9.24157210333826	9.48336029336415	9.666590126618
4.50602954021056	4.08275411574733	4.03672513831089	4.13422130794428	4.90595469140453	4.99795914452018	4.38176457999667	4.38875124670698	4.70184551990638	4.51618256276144	4.24042049462362	4.69083767286467
4.29744291839914	4.35157087417514	4.36985143980312	4.16664278563666	4.39960202537974	4.80223467364582	4.17913541348166	4.16635882537053	4.46480632260553	4.34921087870848	4.56707099975338	4.53118100687618
9.94194016352362	9.86442982862511	9.97083720265444	9.89728274155345	9.85642310555465	9.8522228094775	9.79734609658938	9.82513036055207	9.84579297655874	9.87450349213638	9.83593785088933	9.73398216456519
4.56047732423293	4.44918167080156	4.75862328438816	4.50767970347172	4.65441592440857	5.0816170735671	4.34140684238053	4.74186099684263	4.52534786454058	4.24841023792098	4.5093555018971	4.50015411125556
9.68517307168225	9.73181546465332	9.61425205881929	9.70649089204728	9.59659527002022	9.68132041963233	9.52716094507142	9.58801116907094	9.57392804498564	9.63370502827818	9.43961009057112	9.46994727669346
5.33697128258578	4.91716805002936	5.12749060223408	5.03234169392506	5.44796504694114	5.3327493903446	4.97003981475867	4.75132132609169	5.11688301918522	4.93122006204029	4.98916325656617	5.53118100687619
4.19790724484823	4.01149543257752	4.60282861178073	4.25975219002813	4.47932921785047	4.57572614383714	4.23527849151919	4.07889598412019	3.99373478841236	4.08794556572774	4.28696308056065	4.22451966864213
4.80558982206947	4.74113768593786	4.92980993439438	4.91319442863206	5.11009540818475	4.94309720948567	4.69370858631141	4.86025569764486	4.95023314977577	4.54737718436504	4.90959599924786	4.60594877527816
9.15154941847358	9.03807140135835	9.0997349358367	9.1444315065465	9.13922923039546	9.08352078403583	9.02323088235428	9.03696530365428	9.01280249697274	9.23170390518858	8.95218618584125	8.98572094473781
4.44944601184419	4.61460528000893	5.04606300289023	4.83466102608537	4.85903364401704	4.72628582041252	4.41130885561069	4.68375804227906	4.70184551990638	4.53964153558543	4.90214019432881	4.82208220614292
8.99911518257068	9.04477902308515	9.00595278951607	9.31954728182324	9.16537784368594	9.13031499551477	9.40275409502018	9.41428633881412	9.3863922689513	9.127509767482	9.32440108692074	9.3613759052919
10.0098552782063	10.014630797923	10.0642721572878	10.0892106710534	10.006596007378	10.0146842917347	9.92530312840466	9.92229365610333	9.93868598519494	10.104262276929	9.97123859952848	9.93296831244822
4.75978613245634	4.6384520219633	4.87846305439416	4.45614940283164	4.9513976621657	5.19865649475731	4.79431252724982	4.70338684902799	4.8901121573382	4.76866704925433	5.03760361162393	4.80948216936329
5.00526216690583	5.14234291203714	5.49103778632318	5.14239523938998	5.34956134288015	5.58292164524134	5.18484906467605	5.28834934974914	5.09707453810504	5.17540840697808	5.46450126611283	5.53118100687619
7.26091704237402	7.36055965740239	7.34169124111953	7.32584138048591	7.33033936294262	7.51118589164243	7.42344261124654	7.45393541546712	7.50544830710287	7.22327762734551	7.70521729252303	7.51962397545379
5.64479361016641	5.45590753398987	6.00834333694107	5.79373076203049	6.19283583919269	5.97078894335472	5.94332247638289	6.10864332751425	5.97937949543529	5.91337206070736	5.92806865931934	6.10071346702774
4.79427450884163	4.6384520219633	5.09186669250335	4.96941043819861	4.88268491208168	4.83876054967093	4.93656511020758	4.94514459523137	5.04976882332669	5.00610727367128	5.30968315706073	5.36890957797731
7.94769687937202	7.97684136354983	8.06914661600327	8.1280603233176	7.9845645261009	7.99121441488684	8.06294239597713	8.01356973624225	8.12179293330903	8.38688414811818	8.33205097008919	8.14024183121438
4.47801516404096	4.18344811536681	4.52482609977946	4.48214461136459	4.56952702682206	4.48645880574005	4.29988757294226	4.2752931969237	4.44404776243873	4.16035406125579	4.36496559256192	4.50015411125556
8.69281043753785	8.86063326053703	8.77275361322305	8.93981863176514	8.84405225247862	8.78517950946609	8.92167209299987	8.79600115592556	8.86641728685448	9.06421484467432	8.95938842253214	8.81579594329549
9.47136985039895	9.4696813797825	9.33408808760172	9.51123460064835	9.43001836718174	9.46665916554268	9.60246813106374	9.49428566087934	9.5076382381937	9.22267386293373	9.59826089405343	9.50797361571486
8.90362190503	9.0046308912797	8.8313097902758	9.0017808642078	8.9797749246962	8.99324114672222	9.03908919032082	9.02580225857659	9.010598226046	8.56033776599103	9.07331050878836	8.94741705656117
4.60000568841957	4.6384520219633	4.5772935196736	4.41625667570813	4.82281345610429	4.7520489164776	4.44978300342532	4.61287455612255	4.49539464243895	4.19030728335742	4.75262665290946	4.9878194106218
8.96798115082637	8.98383908967465	8.92412380688129	8.98426604314809	8.97152700299815	8.97558081740957	8.87118349437764	8.88517707282648	8.92611035557559	8.7284031790406	8.99662132873112	8.876704218176
4.93487283901443	4.54060469856516	5.35490109833715	4.97857043748408	5.14962377237139	5.26278683217703	4.83848011052539	4.97774926066329	4.90537891399151	4.84597277542178	5.14257317122547	5.17626450003491
9.65538584431508	9.63586290056945	9.67080540559674	9.58580709710397	9.63583370353047	9.67460043058159	9.55885758224672	9.57774519065192	9.54680325314257	9.4680882745604	9.28302177786109	9.55354881990464
8.36401053533813	8.43222853752036	8.3772689113656	8.49417048017158	8.5731656038854	8.57121066271464	8.59094901188621	8.52804462949563	8.62554215259318	8.56367899669414	8.60946355991927	8.70621289875159
4.03440851256534	4.11710562053812	4.03672513831089	3.864614248187	4.08991752624712	4.35813470876451	4.22422330301019	4.01749543945605	4.32420799243273	3.6729080664489	3.99618368424395	4.04268134565632
8.88040028322992	8.83506422545953	8.8474219544755	8.81689674660953	8.78173475447302	8.78595913393299	8.7574032616288	8.76072002409394	8.72300217150294	8.81386311140213	8.83128359678446	8.75137921479972
4.58694953559412	4.39421521158363	4.67682919322451	4.70821269084443	5.02763324799278	4.51683245478357	4.58555978245579	4.62321650034401	4.47507465805935	4.17040772591971	4.90959599924786	4.31644215808317
8.74883721797102	8.80311170719297	8.60203744365513	8.76556374394773	8.75074204148359	8.7921810089819	8.8729542157302	8.87547643458362	8.92189400077453	8.37443537984759	8.87287942927747	8.86305085090225
7.08403928028995	6.99773353133303	7.22114970944832	7.28396842744896	7.41387615636186	7.49792399223351	7.63230804164727	7.5893305061916	7.55711042692537	7.20871708281719	7.74743522938433	7.82677899284432
8.69357195512792	8.74800440542613	8.64415153244686	8.83276813925241	8.70504199747853	8.67586281512259	8.67149730722126	8.65443523095473	8.6974670793958	8.50728616227305	8.67491200631227	8.60047364521201
8.61776712758391	8.80311170719297	8.48932741855807	8.76490210897127	8.50717577698948	8.62448545575699	8.65872322836208	8.64558431337246	8.58463675837429	7.96337872981466	8.72172367161238	8.53501286846721
7.53521056562251	7.65608191598509	7.53646750621486	7.58318231008073	7.60728194881747	7.53549629904861	7.51133184382284	7.45971776806113	7.54619464944618	7.37986109154866	7.4325111518684	7.44623397243806
4.63847983623421	4.29267718512157	4.90948995001479	4.52027974025135	4.99545284224363	4.8626072916253	4.87428083195324	4.86897291474596	4.85908526171758	4.67290806644889	4.96789463981252	4.90732949276143
3.71248041767799	3.87763968584272	4.47037831575708	3.88424305493593	3.84706100235096	4.0816170735671	3.99627135633185	3.623216500344	4.15570226807575	3.75537022664087	4.24042049462362	4.04268134565632
8.73040232567525	8.70982646088027	8.65334558400436	8.80084880537766	8.71165987624304	8.695912171369	8.7825851415807	8.79428604372726	8.77171430114198	8.10245839542663	8.88569503126751	8.64724840431699
6.35633660745271	6.4725862751365	6.67682919322451	7.08841761833115	6.92885509351461	6.88606626444929	7.53947739197425	7.55192520615822	7.58107601191624	7.3099590783185	7.8719255812818	7.78555633011781
7.58530917721287	7.60404708831035	7.72994052968407	7.66347437607915	7.74752532880005	7.78517950946609	7.74971399604016	7.65128041876189	7.80108971046996	8.12847704545379	7.93356464707419	7.77587377672047
5.28940559933372	5.15892579623274	5.30909740872402	5.3612902164902	5.31520983808937	5.60429529603391	5.43547516674144	5.45971776806112	5.53028016008281	5.33587307917133	5.81350889505648	5.67703187333964
4.39055232279062	4.13397943910251	4.36985143980312	4.04982912065391	4.49475925842008	4.7520489164776	4.17913541348166	4.44812979378591	4.52534786454058	3.83337273864214	4.21657375266925	4.35163158654547
4.68823287143131	4.24687349550845	4.91968571712067	4.44297401408391	5.12007949675738	5.02990203702294	4.35160260948642	4.8068164386834	4.63014405455219	4.33139960259202	4.72753567194663	4.41953565104728
4.29744291839914	4.18344811536681	4.22937021625329	4.21394850041501	4.43202350307212	4.77736000500679	4.29988757294226	4.54921591890023	4.26626064322345	3.97776264797732	4.34310615859818	4.66309268238176
4.29744291839914	4.24687349550845	4.42815008036779	4.41625667570813	4.31520983808937	4.77736000500679	4.21308274540499	4.36429820298245	4.40161249611833	4.45169383630973	4.45943027656541	4.41953565104728
10.4460607266596	10.3944340504223	10.3600577717232	10.4367563846891	10.4272567470137	10.4371853101986	10.4399616274138	10.4435778399848	10.4229861469109	10.4086797609223	10.4511517124538	10.3734644737091
3.95533694157415	3.87763968584272	4.16225602039475	4.08418062544469	4.55488025085765	4.48645880574005	3.9832152035064	4.31411244581423	4.06344376022376	3.55507157615504	3.4182076138389	3.95387207869847
9.53052994053183	9.59645793329867	9.55987972600691	9.73784765293047	9.56176444575998	9.52105292110177	9.61654072578895	9.57940594258032	9.6136823370978	9.91804128298777	9.7369960011957	9.49426154333236
4.44944601184419	4.44918167080156	4.75862328438816	4.33300117205878	5.05911147946595	4.81451300342426	4.25713792548293	4.59196556635956	4.39080574116175	4.17040772591971	4.82538299534477	4.93078846558542
8.50429448883981	8.5872979340132	8.58131329112593	8.51635403703756	8.55395987121502	8.45739076315748	8.44740819623742	8.49040697213227	8.46029084148303	8.91860057550917	8.51669747723826	8.38704350670254
4.57377414684639	4.82665575712392	5.30909740872402	4.59365292658158	5.00625959720021	4.9871523895636	4.77928431801749	4.7131020038612	4.91295213369631	4.78184243800206	5.2638794674476	5.24337869589345
9.06768466743964	9.04589393430052	9.15849410159855	9.19344284498037	9.12566533095331	9.16608863230088	9.11399634627746	9.12146736787183	9.18805281506476	9.43171913654846	9.06415315233635	9.17319428172172
10.0253633729623	10.0658163918413	10.1134019412839	10.0201949360248	10.0269700923659	10.0110213594843	9.9124467084885	9.89401238602105	9.93171306180497	10.3729397248953	9.91284583659511	9.96917649920435
4.87167901252724	5.01149543257752	4.94984768763093	5.04982912065391	5.45587024502649	5.43966459426111	5.18484906467605	5.30771467461608	5.0702329258864	4.82703121176832	5.0844702166619	5.1860455208275
8.67980275690034	8.62359406323619	8.79646204013576	8.74020582398353	8.89654656399211	8.86556060901465	8.97458243922159	8.84763169244708	9.01720096087025	9.12589619496072	8.91284583659511	9.09163580536026
3.56047732423293	3.81623914117859	4.16225602039475	3.92271720275057	4.34956134288014	4.23565070223952	3.92977594454493	3.96966691436543	3.69307531027865	3.44342622032613	3.80153625339041	4.06405499644889
4.3447486331775	3.89753924328043	4.80336159915344	4.48214461136459	4.39960202537974	4.40760338502881	4.17913541348166	4.13778967317376	4.4123389027114	4.34921087870848	4.64060003517535	4.62044834497327
9.95533694157415	9.95475210318899	9.89986553112638	9.92479195714743	9.87016846935147	9.87365119634094	9.84051765584139	9.8586153392636	9.88024630341604	9.86466886913169	9.68227619020148	9.81382585553764
4.4055026642566	4.38014002637191	4.60282861178073	4.33300117205878	4.83498817005039	4.53178279624954	4.31037994675991	4.38875124670698	4.64840626094492	4.2672692651723	4.95353934683545	4.70451260976175
8.61776712758391	8.73077593413575	8.50210602327938	8.82326627148526	8.75715402999782	8.77028602985975	8.5500303575173	8.56069541578595	8.54862752530247	8.13875452464962	8.21582215325611	8.29400476896342
9.23080572536885	9.1397345312129	9.09299335795764	9.05849398178103	9.11945751138845	9.02792619324336	9.02323088235428	8.99078726078708	9.03985927684288	8.74909490121438	9.27690941589672	9.0134526018716
4.78286974556938	4.56569567952798	4.84675419466682	4.87446203414335	4.97359340827989	4.94309720948567	4.56817770422756	4.85148548801712	4.73640274194274	4.56272514869847	5.00317011456006	4.94237643986064
5.60000568841957	5.24687349550844	3.91968571712067	4.59365292658158	4.72153012026711	4.43966459426111	5.01563668119878	5.33942353434342	4.18101335660493	3.47621615544379	3.14257317122547	3.70451260976174
5.17191203631528	4.89753924328043	5.10085547573061	5.0057065674216	5.12007949675738	5.0816170735671	5.09667325328968	5.07889598412019	4.97214792620421	4.90737332008592	5.37037908874828	5.19576067566071
5.32915177812648	5.01149543257752	5.53812292239292	5.43634092175146	5.83498817005039	5.71977251345385	5.34140684238053	5.56539584595566	5.30130759032265	5.31336567976176	5.69770044240587	5.73147965736202
9.09214758367743	9.07130193092499	8.99031692531122	9.0454770961142	9.01163276929907	8.97558081740957	8.99708345601042	9.0160245522861	9.02289898909803	8.54399794062957	8.97723826410186	8.92349842965494
9.26911419534065	9.29267718512157	9.26928623049259	9.27934291838602	9.27052712370039	9.27616586197823	9.21727054236843	9.20473991709839	9.20280204537022	9.42254749065021	9.10815495816235	9.09553322792206
3.91411427884764	3.89753924328043	4.14497802896292	3.78331414608515	3.9625382197709	4.19865649475731	3.70965013018043	3.8862509061778	3.77846680150929	3.919345961752	4.07786748183766	4.14651715664086
7.87973128482197	7.88513422238965	7.7950781598945	7.82834172101509	7.86646640152355	7.86703500366611	7.89708378147749	7.89160811634731	7.96487992574017	7.60225351288511	7.90027020697577	7.96101061399969
5.81681707749272	5.62657792167501	5.71830582920067	5.84471469074929	5.92316398143675	5.89187188613049	5.99301837853676	6.13778967317376	5.90917049315388	5.78184243800206	6.29552509406407	6.33414415981663
4.8824054191203	4.69639937117258	4.98910711807815	4.73007212480817	5.00625959720021	5.17027469338749	4.75644434165938	4.78855423229066	4.92048580638172	4.74194971087855	4.71907409319843	4.70451260976175
3.87167901252724	3.59035773376225	3.85740143886633	3.90360837980286	3.9625382197709	4.04039441084058	3.91610100764786	4.04852233507668	3.90537891399151	3.83337273864214	4.19232620642257	4.08511661197672
4.09099204093171	4.32242452851562	4.72413490800287	4.75160528635781	4.70835473151937	4.64611547172854	4.44026022930682	4.37657653276088	4.55469182612272	4.7284031790406	4.88711198509648	4.73147965736202
5.09099204093172	4.84726603679921	5.24567202858239	4.87446203414335	5.24395115491954	5.22649070295404	5.17339904393251	5.35811962805332	5.11688301918522	5.1400340768762	5.75676638327038	5.86533540409681
4.23185457677156	4.33707130448002	4.78116585303925	4.28949953342219	4.68163739314359	4.43966459426111	4.02203445239692	4.62321650034401	4.24241390126908	3.97776264797732	4.45943027656541	4.67703187333964
3.97551482351178	3.81623914117859	4.16225602039475	4.11773318515571	4.39960202537974	4.45543191011943	4.14436999532098	3.96966691436543	4.24241390126908	4.08794556572774	4.21657375266925	4.08511661197672
9.43449097409765	9.50091154346136	9.40520325415551	9.38774651100453	9.53169275331318	9.45445148531724	9.46424401373276	9.47514397167073	9.40732082794477	9.26551166693556	9.35339402040789	9.38810314321062
7.62736380404004	7.73008249742887	7.67833121838974	7.4740713108289	7.58582883915115	7.50740920089695	7.33499770238234	7.14856951192701	7.43881111407258	7.01589777686409	6.59739553661018	6.78394707725616
9.76160290015756	9.7978271040647	9.75826824684708	9.8277082654436	9.72439626716869	9.75005265901105	9.75668413141159	9.76889395553964	9.75495685636594	9.8718104606114	9.78718847443044	9.62180023797323
4.86087225757066	4.50213055075052	5.10085547573061	4.64057397396907	5.10004174352083	5.13154229889878	4.77171109831269	4.67384257341397	4.71056273700749	4.91337206070736	4.90959599924786	5.08511661197672
8.74001786269627	8.83828524720584	8.90115250270226	9.0687163649474	8.91315019280873	8.91486352875672	9.06952033836249	8.96560869779108	9.03031646066051	9.2971121987629	9.01012287520182	9.05407551205806
7.55880657124842	7.5949352998688	7.72994052968407	7.62023352568489	7.61789004838345	7.68675745622589	7.73128604412789	7.72395391910468	7.72998600027088	7.84988782542516	7.52642901525604	7.70621289875159
4.05351733551305	3.87763968584272	4.36985143980312	4.03234169392507	4.47932921785047	4.37481344991114	4.56817770422756	4.43644798873828	4.46480632260553	4.20993609010635	4.83324511311774	4.89545539247314
8.4566415132484	8.55946372581647	8.32548636926306	8.52809924471065	8.33141399616988	8.31233101915139	8.36235723753743	8.3826767322973	8.36412008272767	8.13233968508619	8.44795495723295	8.21619068444767
8.58858803098988	8.66844067923947	8.50549462152753	8.66134283906364	8.54379675172863	8.52619455798726	8.53445154777095	8.49463775241028	8.52719945201299	8.36132980865707	8.63891889879453	8.45738235629436
4.21498075820716	4.38014002637191	4.71245310295523	4.54515440889039	4.44796504694114	4.93186995406242	4.58555978245579	4.52735648493649	4.56434199615644	4.32241081936476	4.84106461757704	4.22451966864213
7.62417199955032	7.71754330176852	7.61542864856037	7.73007212480817	7.74913458166171	7.70994708359777	7.74874994986938	7.6936058282354	7.66644018377518	7.49933193100912	7.78440310358721	7.7214259926981
4.97551482351178	5.09141897687446	5.33979420594694	5.0057065674216	5.20695694743734	5.52432699133049	5.38176457999668	5.20817900106516	5.36342930223045	5.27660712975164	5.7233110860849	5.48438679539725
5.5934923814609	5.48250174400159	5.76429203447485	5.53277068443455	5.85903364401704	5.97626407342087	5.53277236809636	5.72275217389492	5.78260653187021	5.17040772591971	5.63611264418303	5.77100802154865
8.81821436093452	8.82015419118196	8.76711807855361	8.83969661598267	8.67741774977018	8.80069250883741	8.75644434165937	8.70764528150471	8.82135261436247	8.47215793886945	8.8258756349401	8.64370369727358
8.87906197604593	8.93593212669385	8.9037230067959	8.91379144707256	8.95767480785186	8.97078894335472	9.0512605909295	8.93480265100991	9.03422797243091	8.87200298680651	8.92760971385948	8.89097728735399
4.58694953559412	4.13397943910251	4.293500553673	4.15052312027338	4.44796504694114	4.82668771737036	4.19054017675391	4.38875124670698	4.54497667128951	4.31336567976176	4.34310615859818	4.14651715664086
6.23185457677156	6.45590753398987	6.15795588296113	6.15860546657124	6.14962377237139	6.31988723940755	6.27867108703257	6.126928680542	6.1903916889208	5.90737332008592	6.32649144474728	6.12125039803043
8.67364067581462	8.75142554774757	8.65715921308438	8.86090392884863	8.66809086130564	8.69258990152804	8.67353070437378	8.64177437707137	8.66026641615498	8.45580994478196	8.96387163012028	8.53692498941099
3.8930526633198	3.79517752565075	4.21288209346472	3.76225253055732	4.47932921785047	4.0816170735671	4.13259282754462	4.41279672067363	4.07699029206171	3.76866704925433	4.1551732080051	3.998959968227
4.18062925341639	3.61460528000893	4.51140558401714	4.06710711208574	4.81053512632585	4.34126089020012	4.34140684238053	4.65380482017743	4.30130759032264	4.03390572601485	4.42862422978424	4.35163158654547
5.13650670018408	4.955642197844	5.3013200581323	5.25221851734273	5.27108728485706	5.48645880574005	5.15605180036861	5.13055810394269	5.08371615525002	5.25787056717005	5.47960815850304	5.52348661508619
8.86358154482864	8.9341268771892	8.8810742678507	9.03837693583156	8.9513976621657	8.97010308879419	9.03118182582341	8.97320851364924	8.97260096280422	9.24037954692326	9.08405842986279	8.97659215519855
9.10879977101424	9.12081366931568	9.03496754007415	9.15961258356913	9.17558634234497	9.0809819447693	9.16944201727781	9.15660185891658	9.16959925909545	8.95213171038202	9.10653395232789	9.01756675401586
4.72445305934406	4.32242452851562	4.90948995001479	4.61730419464622	5.18809792018603	5.11177904407735	4.36172682676013	4.95336510203633	4.63930405383766	4.4183352393633	4.27546744172281	4.70451260976175
4.97551482351178	4.87763968584273	4.81433271697445	4.87446203414335	5.16898909723832	5.3327493903446	4.80918580373135	5.08639052066712	5.06344376022376	4.60781303822701	4.78541658802713	5.25271656047279
3.97551482351178	3.68499460790033	3.97939196324494	4.21394850041501	4.41590383770884	4.32418737684118	4.13259282754462	4.00172812359774	3.99373478841236	3.5082773646761	3.28696308056065	4.1860455208275
8.06179851059685	8.20157013364124	8.17614360303484	8.13011690961154	8.28113317099414	8.30908048445096	8.69069983643908	8.58801116907094	8.72676689508801	8.92046331952636	8.81201773725873	8.72646158259539
6.00526216690583	6.05644283863149	6.40293379475895	6.44957674890815	6.2620985016298	6.29819216830823	6.57689492132866	6.63604054070159	6.50043023233625	6.37986109154866	6.71482462019707	6.73147965736202
4.3447486331775	4.32242452851562	4.61542864856037	4.44297401408391	4.84706100235096	4.45543191011943	4.44978300342532	4.47121340689896	4.43355538862109	4.44342622032613	4.35407727641918	4.66309268238176
7.70040758537741	7.83570900537681	7.5964870849069	7.70821269084443	7.66809086130564	7.8640847060308	7.80362627838945	7.69115017650909	7.88915259957693	7.38418701695145	8.08034704997749	7.77425368105231
4.93487283901443	4.74113768593786	5.00834333694107	5.08418062544468	5.13984275157881	5.14132331969136	4.73323695049805	5.00172812359773	5.04976882332669	4.70092244261849	5.14257317122547	5.13646349197694
10.0463811542314	10.0163381295316	10.1128466314076	9.92834175194445	9.8289136556407	9.85110574009076	9.84526076709741	9.86271274344038	9.80134476130434	10.0638778057659	9.81871584336723	9.82834119661461
4.16314182668755	4.13397943910251	4.12749060223407	4.10105444400908	4.70835473151937	4.67333694046356	4.26794468043951	4.41279672067363	4.26626064322345	4.21965124493956	4.33205097008918	4.5464477635295
7.05351733551305	7.07184933940846	7.1644012922263	7.27284218946858	7.1928358391927	7.26278683217704	7.60699695311808	7.64368060290372	7.64044497524223	7.57033833280835	7.89933430357552	7.80472863939265
5.01504318769842	4.75210880375886	5.10978860050062	4.85469877932191	5.44001629382565	5.01933279531275	4.77171109831269	5.02531494391535	4.95023314977577	4.83968651257434	5.42342532310992	5.4604079324628
4.28132325303587	3.93653337489629	4.01786611105958	3.88424305493593	4.38311390259117	4.19865649475731	3.99627135633185	4.16635882537053	4.02202383284378	3.84597277542178	3.86427200873837	4.2619943740608
10.5692171737971	10.5532047353448	10.6136634039151	10.531020666649	10.4887515249076	10.4569012991864	10.3844050302891	10.4079448119403	10.3977381303197	10.6362008448084	10.2989002363751	10.3854525912233
4.05351733551305	4.16714630303771	4.59011756003118	3.94157623000188	4.54008324892957	4.50172556239336	4.29988757294226	4.45971776806112	4.26626064322345	4.01170997990066	4.01012287520182	4.5464477635295
9.35103700374756	9.28844433599937	9.33979420594694	9.32628990995972	9.28057689759574	9.30908048445097	9.2500017442013	9.27856832895656	9.28717229156518	9.39494541908772	9.28373917968636	9.22689057310488
4.43494644214908	4.13397943910251	4.70067593517888	4.48214461136459	4.41590383770884	4.65979040862562	4.4210240104439	4.54921591890023	4.56434199615644	4.55507157615504	5.11703807911833	4.63480363795034
8.36496691259615	8.32518214969461	8.35958974413078	8.19147463861659	8.31085781354966	8.27616586197823	8.2373419412739	8.24715023257799	8.22502726907204	8.15972337488907	8.15674050315207	8.24337869589345
9.06533308576025	9.19505229960759	9.05186862457144	9.02130342247262	9.07267013637095	9.01002076179707	9.01563668119878	8.96204836977714	8.99685605845575	9.19800660273519	9.04566219667413	8.864574288257
4.16314182668755	4.10003210717917	3.85740143886633	4.19835164536399	4.58402659651717	4.70005427883934	3.9832152035064	4.01749543945605	4.4123389027114	3.4267474791795	3.55761067050432	4.08511661197672
4.43494644214908	4.27757029273136	4.47037831575708	4.6520696128069	4.84706100235096	4.63230967220351	4.50563623815884	4.49393348339904	4.48527042516524	4.36680493872322	4.68472258840766	4.69083767286467
9.44266747921313	9.46468791056586	9.34311238230248	9.45614940283164	9.37166801100049	9.42372305039209	9.41587098139258	9.35385645626079	9.38673224657533	9.21722858267271	9.48117273412639	9.30470605003221
9.17518716834814	9.0762211459081	9.13023702423404	9.04493216880238	9.09118694563469	9.06822029551657	9.03711640860923	9.02141048945943	9.02595786205561	8.68172113625521	8.92898611247642	8.91175720480224
6.44944601184419	6.47589900917734	6.49785905217919	6.69715750233544	6.70835473151937	6.85964791614476	7.4884132515897	7.44376019415815	7.50168638830667	7.32241081936476	7.90587291320514	7.59497765745716
9.58078855096745	9.55868283538285	9.42904256108965	9.66489365316448	9.45142890224471	9.52245700397745	9.44055876940946	9.43277794086521	9.47922538251849	9.34227949686923	9.51088816436026	9.39127739100577
4.14543982495409	3.81623914117859	4.51140558401714	4.3186458790817	4.56952702682206	4.43966459426111	4.32079656270525	4.26211780817596	4.60230984635546	4.17040772591971	4.72753567194663	4.79677111761374
4.14543982495409	3.97450122509532	4.07371934579309	4.08418062544469	4.31520983808937	4.06115297100738	3.88835601716496	3.85148548801713	3.93543614784768	3.3042634726545	4.02392867472686	3.95387207869847
9.8777224262367	9.90400942942867	9.77871734589649	9.88667798385299	9.87607208901003	9.90950764446829	9.86719140716692	9.82652954118825	9.88121180122078	9.48807157086343	9.82833631273412	9.84502891105672
4.2485333179182	4.18344811536681	4.47037831575708	4.54515440889039	4.47932921785047	4.2894219586805	4.24624960934019	4.57074908044987	3.96487992574017	4.5082773646761	4.49950771594075	4.63480363795034
4.49209034925268	4.46260218656388	4.70067593517888	4.75160528635781	4.66809086130564	5.07142130646121	4.98975804937317	5.06378909172999	5.06344376022376	4.98347629917171	5.00317011456006	5.04268134565632
5.14543982495409	4.99311690326266	5.39199041707237	5.28212000305659	5.47155186725875	5.47876441395005	5.2517040394323	5.14498517457797	5.23034106896851	4.81426391569444	5.51425430130993	5.60594877527816
10.4022454897441	10.3445658410269	10.3665942652907	10.251982454994	10.2727664645317	10.3041909089297	10.2148291383563	10.2598411208876	10.1614758431843	10.2240319777109	10.0450276265997	10.2463032763413
9.45034741458572	9.46176705192934	9.54554887837553	9.53082608912614	9.47203918192	9.40912227800037	9.37146737258595	9.30931677921258	9.39756944338105	9.86098778128528	9.38181576122796	9.34346074136564
5.39804685933755	5.54691847249736	5.77556314680987	5.65778326400129	5.59122209792137	5.67333694046356	5.790570125564	5.77470425352964	5.83536919274377	5.63710734502105	6.08117262656133	6.03187459069974
9.41338246398868	9.49643301709087	9.38418832530539	9.49456962114546	9.40522657457362	9.43370713896471	9.46012706626459	9.38533748006406	9.43157954484151	9.25787056717005	9.41657320215295	9.38704350670254
4.56047732423293	4.55320473534479	5.33218102183706	4.70821269084443	4.99545284224363	5.179797467506	4.66946104006474	4.78855423229066	4.75337582054646	4.8708474440608	5.2983678438329	5.16641671407857
4.49209034925268	4.68499460790033	4.83602778807376	5.07566912558917	4.99545284224363	5.0816170735671	4.99627135633184	4.92019823810114	4.93543614784769	4.83337273864214	5.2638794674476	5.30750903331317
3.91411427884764	3.79517752565075	3.4978590521792	3.78331414608515	4.47932921785047	4.40760338502881	3.94332247638288	4.20817900106516	4.07699029206171	3.2672692651723	3.53850184755661	4.04268134565632
4.23185457677156	4.27757029273136	4.76993859761599	4.3612902164902	4.54008324892957	4.51683245478357	4.22422330301019	4.30128840545664	4.30130759032264	3.95467903486428	4.34310615859818	4.50015411125556
8.96986826037064	8.89630353010776	8.95852744332334	8.97971135888865	8.97634401929593	8.9680435666159	8.81057234400231	8.78222282558001	8.87807156799577	8.56606086126173	9.00186273337327	8.8812267768667
4.87167901252724	5.07403689864623	5.27773323781469	5.11773318515571	5.21629481201668	5.35813470876451	5.14436999532098	4.95336510203633	5.12993917201067	4.99483616133626	5.51913652268968	5.21499689452363
8.76703951646766	8.94013561157649	8.80404974371258	8.95556045943758	8.81515175439622	8.84774933289819	8.73713086660254	8.7572026837717	8.83984575395245	9.01240879078421	8.9123820220787	8.71637276497181
7.14321172406197	7.27567075981587	7.31490303040523	7.51714003272079	7.43802224369356	7.44756979234645	7.48494384300574	7.40831861555448	7.5154323956755	7.18659696401904	7.65951724851798	7.47643804228175
4.82795763509792	4.59035773376225	4.92980993439438	4.69715750233543	4.92885509351461	4.99795914452018	4.62812024468384	4.75132132609169	4.72784072843932	4.55507157615504	4.80952904414393	4.94237643986064
4.84998394142792	4.8574618039051	5.36985143980312	4.92271720275057	5.23479115563407	5.19865649475731	4.95674299214521	4.66385848484135	4.89776572988163	4.8769996710424	4.98210849903222	5.10587517214351
8.74369914828871	8.87638680253264	8.7797672149841	8.87139181583015	8.74107030666275	8.71158930920582	8.87251173910018	8.78222282558001	8.80618217972111	8.88960638077164	8.9440404581987	8.78475192806692
9.7949843219142	9.71719343028848	9.81535699464678	9.61913572344482	9.714133775176	9.67712409601967	9.54920002941329	9.59163644692369	9.57153749756065	9.89131697386685	9.45656999247661	9.60822396111619
4.46380130482126	4.6734989690625	4.68880183489058	4.59365292658158	4.83498817005039	5.07142130646121	4.46864203067664	4.58139632464938	4.71056273700749	4.09851480743793	4.1551732080051	4.93078846558542
8.87705218462609	8.9873252654529	8.88952821835712	8.82960779835908	8.83347193760301	8.90053674725762	8.88748032970809	8.83822939131485	8.94931277013314	8.84283306789121	8.83030183761701	8.88423395886408
4.51983533973559	4.35157087417514	4.82522103311718	4.76225253055732	4.82281345610429	4.8976542387245	4.80918580373135	4.95336510203633	4.95757512511694	5.03390572601485	5.42342532310992	5.32532030942963
5.26502144070676	4.90738702923678	5.25375437488025	5.27470253149411	5.47155186725875	5.37481344991114	5.18484906467605	5.17341358290448	5.29552523772864	5.21965124493956	5.36496559256192	5.42780326703088
1.80558982206947	1.79517752565075	1.93986359905831	1.92271720275057	2.69505790890591	2.32418737684118	1.95674299214521	2.58139632464938	2.33552330566056	1.64433891425212	2.0645706592242	2.14651715664086
9.00096202947221	9.03020622199788	9.05765097716544	8.99220230307185	9.01832121447709	9.0371237337633	9.06681540512434	9.0905891510737	9.04245094527796	9.18968955907443	9.13503949854007	9.05874119655242
9.44989678361505	9.55006502781422	9.42859638974208	9.53510074422646	9.51192305024599	9.56350175998005	9.53808307946513	9.45284863949039	9.45511292640168	9.31194723992585	9.39449154486509	9.51138136667882
8.69509378548094	8.85237292723229	8.79022409846064	8.95556045943758	8.71495746634362	8.74163808277283	8.70816307108205	8.75132132609169	8.74119663794243	9.04487684383585	8.64563172226303	8.62584833271586
6.59022466762699	6.68212927420594	6.63412474227028	6.66063162631032	6.69505790890591	6.71322966758707	6.72933249604214	6.67384257341397	6.75126507395065	6.36461737948546	6.47710130289247	6.656072254704
4.93487283901443	5.13397943910251	5.33979420594694	5.20617114982329	5.27108728485706	5.24475290934677	4.95674299214521	5.04082794328668	5.05662249436775	4.8013826243977	5.34860214635303	5.69769134390573
5.06297766476212	5.04756468728504	5.30909740872402	5.19048952759102	5.34956134288015	5.28059810829349	5.35160260948642	5.22185393796224	5.15570226807575	5.16035406125579	5.74847500963899	5.72478500478801
8.7864434284492	8.7998110993912	8.63102550361139	8.99840745259856	8.86349789216164	8.76555070271715	8.84886412842339	8.80397816304654	8.88482667417414	8.9382243445545	8.88852754861893	8.85999914158692
3.58694953559413	3.23127664045743	3.91968571712067	3.16664278563666	3.49475925842008	3.60429529603391	3.37178049142406	3.47121340689895	3.71056273700749	2.93122006204029	3.45943027656541	3.59130199931376
9.8359121047135	9.80837702340561	9.78046670350248	9.59141561151822	9.65913131872665	9.64095376661276	9.57444852312249	9.61870101922151	9.59908594548118	9.61955637129514	9.54957997950659	9.57882705653961
7.65107987301384	7.77245744915067	7.69029145303107	7.80664664991577	7.84555741176057	7.75364393603298	7.71656954412022	7.72755316015874	7.75020854146778	8.17540840697808	7.66723516167882	7.79995939524478
5.39055232279062	5.15065818024914	5.26179169394567	5.34012560649216	5.57679502728609	5.63230967220351	5.56817770422756	5.66385848484135	5.59291114835321	5.54737718436504	5.92439300117594	6.00449815176843
4.78286974556938	4.69639937117258	5.31683305750363	4.73007212480817	5.22557262560469	5.15103847452458	4.76409791420281	5.04082794328668	4.97214792620421	4.74194971087855	4.90959599924786	4.998959968227
4.53351027663267	4.11710562053812	4.44236393958749	4.5816802849155	5.00625959720021	4.93186995406242	4.62812024468384	4.6936058282354	4.77846680150929	4.25787056717005	4.30968315706073	4.70451260976175
9.68479014001686	9.65608191598509	9.68507104656664	9.6264386752116	9.58131900415368	9.61705675065776	9.59926273435712	9.56002267385681	9.56404140337676	9.70287188445374	9.48803678057362	9.58807809843947
5.21498075820717	4.96510252709306	5.30909740872402	5.14239523938998	5.73458627309255	5.47876441395005	5.2517040394323	5.28834934974914	5.51543239567549	5.6729080664489	5.70200057983949	5.73814338764303
4.37544543040041	4.46260218656388	4.9398635990583	4.40271014387018	4.64061012488353	4.83876054967093	4.33113850692671	4.42467082096192	4.66644018377518	4.60039556666453	4.88711198509648	4.83457315032612
5.58037688167064	5.65608191598509	5.76429203447485	5.62315692089166	5.61259574871394	5.77736000500679	5.54170549286636	5.56539584595566	5.51044898816124	5.56653676264849	5.99618368424395	5.85310910176355
7.60972084325278	7.61910667224387	7.66324012847655	7.72735774011114	7.72807296613388	7.75045213154327	7.68869051154479	7.77238294161952	7.70838836577315	7.64794115093232	7.81846831912524	7.68911915563837
4.71248041767798	4.81623914117858	5.10085547573061	4.52027974025135	4.84706100235096	4.92055464083458	4.53277236809635	4.47121340689896	4.64840626094492	4.58544522519856	5.16143219847679	4.71805914159969
7.76414253750048	7.94253211551774	7.91587074343651	8.14137602702623	7.91027629735463	7.94449449292747	7.87339655669362	7.82597003176069	7.93822217067852	8.19092474326023	8.04608508837902	7.90880690716694
4.91411427884764	4.79517752565075	4.92980993439438	4.59365292658158	5.2620985016298	5.0917412908408	4.88133558948719	4.98578657972871	4.60230984635546	4.51618256276144	4.97501907424591	5.21499689452363
5.41292013581908	5.34433930494406	5.5772935196736	5.29684150876336	5.45587024502649	5.30690938540934	5.40642663423094	5.30128840545664	5.28389053724524	5.33139960259202	5.67162693079597	5.46844525152822
5.36783224629054	5.17532023448341	5.29350055367301	5.19835164536399	5.24395115491954	5.34972246894831	5.32079656270525	5.35191447852661	5.33552330566056	4.91337206070736	5.16143219847679	5.30750903331317
5.03440851256535	4.84726603679921	5.18779111250189	5.32584138048591	5.28889856097352	5.32418737684117	5.67758892094814	5.6936058282354	5.84727595942794	6.37117013128461	6.21657375266925	6.53501286846721
4.29744291839914	4.13397943910251	4.51140558401714	4.16664278563666	4.9625382197709	4.87438445940165	4.27867108703257	4.30128840545664	4.23034106896851	4.06657191493517	4.3757723475185	4.50015411125556
8.74956973641321	8.8682164319561	8.64184383527518	8.87997201553562	8.68416326780262	8.77892730015375	8.71706252039049	8.66573577208202	8.72246355098487	8.96698817638314	8.66668524932571	8.65783056697635
3.93487283901444	3.83699770134538	4.14497802896292	3.97857043748408	4.62667093392566	4.57572614383714	3.97003981475867	4.40082407900756	4.32420799243273	4.35803472909548	4.2983678438329	4.41953565104728
4.05351733551305	4.30762752658754	4.56435446396609	4.46920555565708	4.65441592440857	4.71322966758707	4.28931833123208	4.62321650034401	4.43355538862109	4.4098736606151	4.64060003517535	4.59130199931376
3.93487283901444	4.02964277928777	4.19620335231809	3.96019190816923	4.11009540818476	4.23565070223952	4.35160260948642	4.06378909172998	3.8901121573382	3.6586942072292	4.74431138469745	4.38598309133625
4.63847983623421	4.24687349550845	4.65258164697783	4.46920555565708	4.82281345610429	4.80223467364582	4.66946104006474	4.67384257341397	4.65745140054792	4.53964153558543	4.68472258840766	4.74477647997547
7.80276930300709	7.90000749887118	7.8387168756014	7.89999712625048	7.83498817005039	7.9077179220692	8.010819664901	7.91599824957185	7.92798034292864	7.70005517776467	8.09186235089194	7.95958572989286
7.31338446226817	7.38014002637191	7.35865323319825	7.57414661223009	7.4696009608886	7.38719717436697	8.02919819421585	8.01160287153285	8.05576756394812	7.66670672728058	8.4389661740057	8.10200562568186
9.66162622188862	9.62022982920281	9.6914076581474	9.56277182236543	9.61436267488813	9.63317641602104	9.53612877528893	9.62996333278459	9.56344002986205	9.74636709361944	9.55701733508946	9.59681198070604
4.42029966618467	4.33707130448002	4.60282861178073	4.49496865172217	4.66809086130564	4.68675745622589	4.4210240104439	4.33942353434341	4.2780378109998	4.36680493872322	4.71056259334291	4.59130199931376
4.53351027663267	4.40815440254151	4.82522103311718	4.89395820976914	4.94017040674244	4.93186995406242	4.72541744603875	4.50516073882229	4.60230984635546	4.58544522519856	4.89464565778189	4.97659215519855
9.64282352240855	9.59531610890912	9.56922021913791	9.61913572344482	9.56724824725984	9.53966259598162	9.53445154777095	9.50411188741958	9.52132792076902	9.54472273091906	9.52157145160673	9.52733894058179
4.54705680847061	4.40815440254151	4.52482609977946	4.33300117205878	4.90595469140453	4.67333694046356	4.5941729127605	4.61287455612255	4.68425145989164	4.34921087870848	4.69338744953478	4.94237643986064
8.60244061733663	8.6524267454439	8.55375535693617	8.80342850215958	8.60461769129041	8.59097391753607	8.66282325255216	8.66573577208202	8.71652541521149	8.47114159853795	8.75883180243617	8.51186753181935
4.32915177812648	4.40815440254151	4.72413490800287	4.52027974025135	4.87090774430533	4.78985094918999	4.33113850692671	4.53832760275749	4.4229861469109	4.70784185655829	5.03078234576792	4.60594877527816
8.2474965266117	8.35427339455496	8.34169124111954	8.39674330210837	8.44001629382565	8.36858149619963	8.42162904087461	8.41428633881412	8.42629736030131	8.67643975741915	8.36902761788516	8.4226415619151
3.8930526633198	3.10003210717917	3.05534081647824	3.16664278563666	3.7215301202671	4.179797467506	3.62812024468384	3.8158615782864	3.40161249611833	2.49233582080707	3.03760361162393	3.97659215519854
9.13201930919177	9.06581639184126	9.09299335795764	8.94683621369692	9.03226682173323	8.97558081740957	8.97705421887973	8.99427745266944	8.95436760742721	9.09785649346762	9.05535748106286	9.12379708014078
5.06297766476212	5.05644283863149	5.13626081186181	4.864614248187	5.2620985016298	5.54657979817762	5.26794468043951	5.15214496615083	5.28971961604744	5.05576515997859	5.29267673175504	5.14651715664086
4.97551482351178	4.6734989690625	4.73572288227808	4.60552702686987	5.1593389272046	5.35813470876451	4.74101430108977	4.74186099684263	4.8901121573382	4.45169383630973	4.44923450945952	4.93078846558542
4.03440851256534	3.63845202196329	4.07371934579309	4.03234169392507	4.22557262560469	4.47102876517045	3.95674299214521	4.26211780817596	4.4229861469109	3.49233582080707	4.1551732080051	4.33414415981663
4.42029966618467	4.32242452851562	5.09186669250335	4.94157623000188	4.89436671712932	4.97626407342087	4.69370858631141	4.96153903348204	4.8901121573382	4.49233582080708	5.07123438950521	5.20541084569443
4.91411427884764	4.79517752565075	5.14497802896292	5.17463557639019	5.3324878295212	5.07142130646121	5.48262626011234	5.37657653276088	5.27216124466313	5.38418701695145	5.34860214635303	5.41122038283527
8.16424102296235	8.05422841756605	7.99031692531122	8.12187291551663	8.12875925244979	8.1167452969707	8.17627007978727	8.11323643881473	8.18805281506476	7.98703587423406	8.21507016207886	8.24805518310292
4.36017867374711	4.01149543257752	4.45643912479921	3.99671778419434	4.44796504694114	4.7520489164776	4.23527849151919	4.20817900106516	4.23034106896851	4.15022984398208	4.32091041248398	4.64901749717004
7.24645898968033	7.30762752658754	7.18568036590608	7.37696237467253	7.45980665958565	7.48261673944565	7.83303254568572	7.75485301706194	7.74703429367263	7.4599143431147	8.05871453910093	7.81422008836995
7.85951570360057	7.91228582864961	7.8427411321602	7.8384393653228	7.88415032108618	7.84924203353925	7.84300408739297	7.80340983724015	7.75863921580766	7.97633069248418	7.85077977241025	7.73481536992527
4.82795763509792	4.92688320486257	5.31683305750363	5.71370867859928	5.4239861840067	5.53920026781203	6.00275538990204	6.05617590762011	6.1588905457068	5.81746634773278	6.07123438950521	6.22451966864213
9.11563450171697	9.14806480360098	9.04431675086235	9.42465911670383	9.13492726116469	9.21031941228289	9.3876601050902	9.35618338425055	9.41167083368307	9.17790226246664	9.29481353052763	9.30918821298776
4.4055026642566	4.15065818024914	4.47037831575708	4.28949953342219	4.44796504694114	4.61837048124563	4.56817770422756	4.53832760275749	4.55469182612272	4.4267474791795	4.30968315706073	4.24337869589345
5.04399456139455	4.7629971199016	4.96961094245236	4.49496865172217	4.99545284224363	5.02990203702294	4.74101430108977	4.77933570226129	4.71922759813461	4.4267474791795	4.87953876539168	4.75795186872321
4.3447486331775	4.50213055075052	4.67682919322451	4.91319442863206	4.76034936915763	4.82668771737036	5.25713792548293	5.22864310362488	4.97214792620421	4.90134953245815	4.98210849903222	5.15650124521348
8.59267614662108	8.62732292300367	8.74650272103132	8.66347437607915	8.80513032188504	8.82213423108352	9.01523587690647	8.98327972411814	9.04331380118939	9.21722858267271	8.984316818828	9.00794875145426
8.74956973641321	8.91899463188242	8.77205037409584	8.92981825912571	8.74993853545286	8.83575179979859	8.8502130719914	8.79542967838159	8.81580862659693	8.80057371210239	8.8169822811835	8.70536300474121
8.85203177007678	8.91533915262717	8.97328660059575	9.10576486189505	9.08100017751544	8.99324114672222	9.16619635777416	9.14274043312481	9.14046097771247	9.10998694023441	9.18158839471992	9.16270639474019
8.41845831936051	8.48907439792507	8.36426320154084	8.5779183661193	8.35485564254966	8.45347039378614	8.36235723753743	8.24296486543924	8.3661904419075	8.54254726676084	8.25585839778429	8.33963178545506
6.44221444261311	6.4081544025415	6.72122331258296	6.75160528635781	6.8530597429724	6.96253709030936	7.50335168496429	7.39781532913522	7.51418815666703	7.69396968197672	7.44410947728165	7.7214259926981
4.53351027663267	4.44918167080156	4.8888796703395	4.70821269084443	4.81053512632585	4.81451300342426	4.63648371761847	4.60245794017721	4.73640274194274	4.52404468053442	4.88711198509648	4.89545539247314
5.68823287143131	5.43563513896361	3.52482609977946	4.71918380866543	4.43202350307212	4.21727217292466	5.15022272156642	5.35811962805332	4.07699029206171	3.70092244261849	3.16766415218831	3.36890957797731
5.21498075820717	4.9365333748963	5.04606300289023	5.03234169392506	5.28002040962707	5.21727217292466	5.02203445239693	4.99377937048224	4.99373478841236	4.78838528386883	5.03078234576792	5.30750903331317
9.59878668113041	9.61385368059579	9.59728130185011	9.52027974025136	9.51948634432246	9.55300606733705	9.51104759694164	9.54480244668977	9.49822932414298	9.71687351397508	9.58755170323757	9.59360038285051
10.2956885769537	10.2179843552986	10.2270629291568	10.241795059554	10.21075774719	10.1158154258197	10.053994818169	10.0549827100987	10.0666301600486	10.186596964019	9.9537647503264	10.1291938992178
4.66357081719704	4.26230353607805	4.65258164697783	4.24464529763793	4.85903364401704	4.71322966758707	4.27867108703257	4.42467082096192	4.46480632260553	4.32241081936476	3.98210849903222	4.62044834497327
4.23185457677156	4.50213055075052	4.33979420594694	4.6520696128069	4.81053512632585	4.76475996822716	4.74874994986938	4.54921591890023	4.69307531027865	4.57791155251315	4.79349893432499	4.79677111761374
4.29744291839914	4.33707130448002	4.80336159915344	4.62898599969386	4.68163739314359	4.60429529603391	4.61124642611944	4.58139632464938	4.78673441749289	4.62983934455701	5.07786748183766	4.78394707725616
4.19790724484823	3.8574618039051	4.55129831114065	4.3186458790817	4.62667093392566	4.70005427883934	4.44026022930682	4.41279672067363	4.46480632260553	4.4267474791795	4.8719255812818	5.010015156736
4.44944601184419	4.38014002637191	4.70067593517888	4.42967719147045	4.76034936915763	4.81451300342426	4.38176457999667	4.50516073882229	4.4229861469109	4.4762161554438	4.72753567194663	4.70451260976175
5.01504318769842	4.90738702923678	5.02732644030865	5.22937854098462	5.23479115563407	5.15103847452458	5.27331785253836	5.12329010347865	5.18727234707662	4.98347629917171	5.47459008373642	5.37747159148073
8.65967900194004	8.66844067923947	8.54965795275939	8.91379144707256	8.76592423962556	8.80454483433302	8.85693893517972	8.94565975147355	8.91200765245741	8.48278650680058	9.03887901619282	8.72897280175144
5.58694953559412	5.45590753398987	5.68282793384595	6.09264220419288	6.05911147946595	6.0816170735671	6.83666654015346	6.83155538539155	6.9129521336963	6.32015484542439	6.94630777760438	6.79677111761374
8.11051149165114	8.10324881986272	8.20248049800425	8.07139447048884	8.2057854532269	8.21264072419302	8.18484906467605	8.19697187238545	8.16683054946261	8.1011450634826	8.30615664579396	8.24571883434797
6.09560866900209	6.01149543257752	6.23346297088717	5.82960779835908	6.14962377237139	6.17504393753536	6.07837243654674	6.075134065324	6.11031036526173	6.33363807478802	5.94267835420369	5.9934004428851
4.71248041767798	4.6384520219633	4.96961094245236	4.27470253149411	4.99545284224363	4.96529295559986	4.80176833216887	4.64368060290372	4.87468211676859	4.7284031790406	5.01012287520182	4.97659215519855
4.74810432740871	4.36592616715221	5.11866675184707	4.864614248187	5.2620985016298	5.1606886445583	4.77171109831269	5.04852233507668	4.77015153329729	4.81426391569444	5.2983678438329	5.30750903331317
4.56047732423293	4.51506960645802	4.33979420594694	4.90360837980286	5.05911147946595	5.02990203702294	5.16185742204982	5.26211780817596	5.09041080782403	4.97776264797732	5.00317011456006	5.12633927470323
8.60325134792323	8.62135211244951	8.48932741855807	8.57263514531249	8.56679205910081	8.54197201706208	8.56817770422755	8.47692705809335	8.60815309063693	8.28934879864322	8.67818961856842	8.57836294360626
6.97801733071495	6.955642197844	6.99635079040478	7.13626913659314	7.07459672696337	7.11922202726291	7.28799171500905	7.25714585021344	7.33833832126762	7.10377053288942	7.30827358680606	7.09553322792206
5.31338446226816	5.21550932459911	5.52482609977946	5.57565649728773	5.84706100235096	5.68675745622588	5.91953191304814	5.86897291474596	6.05319972872696	6.28125349460801	6.23152409413522	6.29852025008591
4.67595454165287	4.65022918973966	4.8888796703395	5.15052312027338	5.19755824943509	5.28059810829349	5.26794468043951	5.25548471584352	5.16841331982531	4.97202627842817	5.40771524002126	5.39444467008445
8.58858803098988	8.62732292300367	8.53646750621485	8.8478421470811	8.72644003439091	8.80300513830546	8.85514843536455	8.8158615782864	8.8403422932934	8.55555111581074	9.04904186449412	8.75384747039047
4.78286974556938	4.66191099478729	4.94984768763093	4.67478968930698	5.11009540818475	5.0917412908408	4.86719140716692	4.8862509061778	4.80312885574356	4.5082773646761	4.90214019432881	5.08511661197672
9.03621075519933	8.89939083075284	8.9927335004841	8.89999712625048	8.97152700299815	8.96115718103066	8.92722174787738	8.98878906789024	8.91011683299817	9.02492984851805	8.89652294502256	8.93441971603229
5.46380130482126	5.14234291203714	5.49785905217919	5.65778326400129	5.60550632392762	5.6529691427696	5.4015278348181	5.49955803259292	5.50544830710287	5.3042634726545	5.79349893432499	5.79037334641559
9.33648380326339	9.39027042548072	9.31151925760716	9.33790299776279	9.30922241374383	9.29161951438474	9.25340432842214	9.2678968518326	9.24091031067869	9.01136044748444	9.24962960951942	9.10587517214351
4.32915177812648	4.39421521158363	4.65258164697783	4.33300117205878	4.64061012488353	4.71322966758707	4.44978300342532	4.85148548801712	4.67537330854518	4.16035406125579	4.65841131129181	4.73147965736202
4.66357081719704	4.69639937117258	4.42815008036779	4.71918380866543	4.49475925842008	4.7520489164776	5.1905401767539	5.26872054300021	4.77846680150929	4.68698325166062	5.14257317122547	4.16641671407857
4.46380130482126	4.24687349550845	4.70067593517888	4.42967719147045	4.94017040674244	4.43966459426111	4.57689492132867	4.56002267385681	4.50544830710288	4.44342622032613	4.81747779725943	4.5464477635295
4.03440851256534	4.15065818024914	4.73572288227808	4.70821269084443	4.73458627309255	4.42372305039209	4.45924333267439	4.42467082096192	4.81933908292482	4.68698325166062	5.12346434827777	4.85923520456039
9.85747847797484	9.80179237007232	9.70657653661856	9.68671575561379	9.74873243669997	9.74404725957686	9.65795317494594	9.69115017650909	9.70047868414247	9.78879322817832	9.59912573274906	9.73398216456519
4.73632715963235	4.70771468440041	4.9398635990583	5.0411119035528	5.31520983808937	5.0816170735671	5.1962089268406	5.10864332751425	5.21204025222556	5.37986109154866	5.79752319088378	5.65607225470399
7.50776250743502	7.6115965301366	7.46690612385028	7.85469877932192	7.51948634432246	7.66996221368291	7.74392003226518	7.58272172211594	7.72569226186074	7.33698928428766	7.80253777723548	7.66659012661799
4.3447486331775	4.55320473534479	4.52482609977946	4.49496865172217	4.46373236279946	4.53178279624954	4.73323695049805	4.58139632464938	4.72784072843932	4.53186418499371	5.22257249329069	4.59130199931376
4.19790724484823	4.19956778073009	4.16225602039475	4.0146396921916	4.54008324892957	4.65979040862562	4.07222020956514	4.48261817017121	4.39080574116175	4.01170997990066	4.07786748183766	4.63480363795034
8.84656442088677	8.91838602818603	8.85408260823113	8.89939437084548	8.87827973296168	8.84326194190587	8.73907389052034	8.75837608362564	8.76493004717454	8.83455867791229	8.69068526661166	8.79357577845393
3.73632715963235	3.0652666890185	3.32452744929363	3.37522940744808	3.84706100235096	4.14132331969136	3.44978300342532	3.85148548801713	3.74491424179826	3.06657191493517	2.66723516167881	3.1860455208275
4.81681707749272	4.94611942372549	4.98910711807815	4.96941043819861	5.04869486352061	4.99795914452018	5.04734554092611	4.8158615782864	5.01500340516601	4.8708474440608	5.42342532310992	5.06405499644889
7.620973117883	7.74251364697768	7.76570574849379	7.8181729032968	7.91315019280874	7.93889722095638	8.09135945339321	7.99477536295597	8.06344376022376	8.61978567989309	8.15830609749007	8.25852218215399
6.32128966035351	6.21946733816779	6.29741560367639	6.08841761833115	6.29331723224053	6.37481344991114	6.24624960934019	6.2752931969237	6.33270278659818	6.28588494333964	6.45179021436328	6.51962397545379
3.91411427884764	4.23127664045743	4.22937021625329	4.61730419464622	4.92885509351461	4.9871523895636	4.81656533409695	4.89481291968122	5.13642320558087	4.79489859082751	5.10409902341084	5.41122038283527
8.85679876298423	8.8491832397935	8.8810742678507	8.82834172101509	8.80667661896864	8.8190905695308	8.72884369541375	8.73948618965472	8.78208971472663	9.13169662956367	8.88569503126751	8.74146374593464
4.29744291839914	4.27757029273136	4.48418411528212	4.44297401408391	4.44796504694114	4.23565070223952	4.21308274540499	4.33942353434341	4.20588802524397	3.8708474440608	4.21657375266925	4.10587517214351
4.65107987301384	4.46260218656388	5.21288209346472	5.02351784353806	5.00625959720021	5.06115297100738	4.63648371761847	4.68375804227906	4.75337582054646	4.88922597337566	4.90959599924786	4.9878194106218
7.44944601184419	7.4725862751365	7.62480698087623	7.24274576472244	7.55488025085765	7.63404263942796	7.60593262622298	7.60506915363375	7.59761815103074	7.89908411188134	7.63611264418303	7.86533540409681
3.97551482351178	3.61460528000893	4.07371934579309	3.5816802849155	4.59838188949424	4.42372305039209	4.13259282754462	3.96966691436543	4.2780378109998	3.28588494333964	3.53850184755661	4.2619943740608
8.83901282360692	8.90000749887118	8.76852902736132	8.82960779835908	8.92387659940179	8.94169857143052	8.86496879843755	8.78452837148161	8.84826376846406	8.41569632324269	8.87287942927747	8.75877134902976
5.91933198811865	5.82665575712392	6.20039114928152	5.89879136350509	6.14962377237139	6.07142130646121	5.9057590634264	6.02141048945943	5.68425145989164	5.90737332008592	5.61802218720014	6.25271656047279
8.61133369422108	8.65022918973965	8.75506897108289	8.52965807256722	8.61347948230414	8.61837048124563	8.685671267246	8.61157658478813	8.64783905235067	9.01833505638336	8.70521729252303	8.59497765745715
4.2485333179182	3.8574618039051	4.35490109833715	4.19835164536399	4.54008324892957	4.65979040862562	4.09667325328969	4.5163012964275	4.49539464243895	3.44342622032613	3.55761067050432	4.22451966864213
4.56047732423293	4.77380387485819	4.9398635990583	4.56960745261492	4.82281345610429	4.80223467364582	4.69370858631141	4.7131020038612	4.83536919274377	4.44342622032613	4.92439300117594	4.62044834497327
8.55964218959839	8.56647278433583	8.54965795275939	8.70200457446682	8.67148943776751	8.61310836584022	8.70419007017974	8.60702446684142	8.63473132404784	8.42096933730318	8.97989679379929	8.64015025941582
4.32915177812648	4.26230353607805	4.12749060223407	3.88424305493593	4.54008324892957	4.35813470876451	3.92977594454493	4.06378909172998	4.1684133198253	3.74194971087855	4.12986211947592	4.16641671407857
8.80770159854932	8.90124004490163	8.79646204013576	9.12238954758693	8.96461753078309	9.02065819277932	9.0856442932417	9.01896482852304	9.1608796471399	9.56344059381152	8.90540685116236	9.07264839437949
4.84998394142792	4.79517752565075	4.90948995001479	4.69715750233543	5.06945342368741	5.02990203702294	4.83848011052539	5.00172812359773	4.76178806036266	4.70784185655829	5.19232620642257	4.88348275080707
4.2485333179182	4.01149543257752	4.12749060223407	4.03234169392507	4.62667093392566	4.54657979817762	3.94332247638288	4.13778967317376	4.1684133198253	3.4599143431147	3.81747779725943	3.998959968227
9.61736587739613	9.50740104573166	9.60401455105088	9.5737688939295	9.53589410084407	9.55025545632102	9.44681388313287	9.49111296433666	9.45186726689803	9.68895160721011	9.42732625844982	9.46994727669346
4.72445305934406	4.62657792167501	4.94984768763093	4.89395820976914	5.11009540818475	5.0917412908408	4.90921462206262	5.21503267210622	5.07699029206171	4.80783764653501	5.07786748183766	5.41953565104728
9.68440710668369	9.62769527944937	9.62636412624152	9.54977103696076	9.54240530808351	9.58740067721805	9.45865387606113	9.51872686810159	9.468986652184	9.12718719732059	9.60286738782024	9.47344593258659
4.47801516404096	3.99311690326266	4.30909740872402	4.18258432950568	4.91745033024236	4.78985094918999	4.55058364421282	4.86897291474596	4.43355538862109	4.23888746380248	4.10409902341083	4.78394707725616
8.92777072332922	8.9341268771892	8.96161474396842	8.96711132210902	8.95488833660245	8.98579583559352	8.96838439858061	8.88033490703982	8.9870235263133	9.260814243035	8.93676099757812	8.92057206954229
7.60810618719069	7.65462095885681	7.5496579527594	7.8484668256104	7.63191392591372	7.68341401315151	7.96340672242622	7.82372982161974	7.86104411475563	7.52893683524219	8.20450092036867	7.80155089572707
5.39804685933755	5.42196020206653	5.91459684044787	5.56960745261492	5.67488002696828	5.80223467364582	5.84931391643666	5.81134609716391	5.63473132404784	5.81105435921855	6.15203350047454	5.9934004428851
3.8930526633198	3.70771468440041	4.22937021625329	4.16664278563666	3.98456452610089	3.95423776709086	3.81656533409694	4.06378909172998	4.10370763043749	3.64433891425212	4.64060003517535	3.88348275080707
8.47447480633571	8.48661316040879	8.3992952176956	8.52653873072304	8.48223494902589	8.45543191011943	8.37678117248242	8.31968731628215	8.30778515439385	8.52649283153914	8.27040915189979	8.4267724023633
6.41661461937682	6.35517311085533	6.40656321815964	6.55437293891976	6.51759923477819	6.44756979234646	6.5237835848691	6.50236210546962	6.56674448637175	6.78838528386883	6.81747779725943	6.55779273712351
5.95533694157415	5.81623914117858	6.10978860050062	5.82453680881166	6.16417208094055	6.32847473524427	6.19337733605743	6.25548471584352	6.26033580926634	6.1553008335295	6.21957624083077	6.46844525152822
8.95152196788998	8.96215283266767	8.86071265225674	8.84659197798996	8.80048146166192	8.78283810504485	8.8045543549997	8.79428604372726	8.76493004717454	8.87661592452042	8.80303827855564	8.83301768382408
4.46380130482126	4.43563513896361	4.60282861178073	4.76225253055732	4.9845645261009	4.73922487612002	4.60273492626392	4.72275217389492	4.46480632260553	4.52404468053442	4.86427200873837	4.95387207869847
9.51079020013258	9.53267342492894	9.43349670183327	9.56201030477537	9.40522657457362	9.46276393525634	9.41678167792417	9.36545374572815	9.40228523804747	8.97740479232848	9.47459008373642	9.28720493685808
4.56047732423293	4.56569567952798	5.00834333694107	4.59365292658158	5.12999496562246	5.21727217292466	4.80176833216887	4.90332441953674	4.90537891399151	5.15530083352951	5.01704228914161	5.07462423815908
3.97551482351178	3.75210880375887	4.03672513831089	4.03234169392507	4.22557262560469	4.14132331969136	3.69370858631141	3.66385848484136	3.96487992574017	3.807837646535	3.80153625339041	4.14651715664086
5.12751791695683	4.955642197844	5.14497802896292	5.06710711208574	5.56952702682205	5.46325141457873	5.21866377766829	5.26872054300021	5.11031036526174	4.69396968197672	5.03078234576792	5.19576067566071
3.99541438094948	4.51506960645802	4.36985143980312	4.64057397396907	4.87090774430533	4.73922487612002	4.53277236809635	4.58139632464938	4.35789111868902	4.3042634726545	5.04439277728657	4.71805914159969
4.53351027663267	4.73008249742887	5.19620335231809	4.69715750233543	5.08991752624712	4.99795914452018	4.77928431801749	4.8862509061778	4.81125673662696	4.92529522808318	4.66723516167881	5.19576067566071
5.03440851256535	4.80574676736094	4.95976315649601	5.25221851734273	5.34956134288015	5.61837048124563	6.21308274540499	6.32048197068995	6.28680802062753	6.85690825310293	6.5019759715315	6.83457315032612
9.6542127624988	9.57035204195921	9.67945671191261	9.35602810108479	9.46128005039377	9.42822444262703	9.39445653969369	9.47657061706846	9.09749000104265	9.46375164045869	9.25146439933926	9.38810314321062
8.79072019553637	8.80245218944851	8.7678237254451	9.01853060777918	8.92885509351461	8.89693271080704	8.98567224930192	8.94049989246511	9.00085922284574	9.10377053288942	8.97546318539021	8.94309760710429
4.94514117446826	4.81623914117858	4.9398635990583	5.08418062544468	5.03820248970297	4.99795914452018	4.66128710861903	5.01749543945605	4.93543614784769	4.8769996710424	5.16143219847679	5.04268134565632
9.25215623113553	9.19856556114071	9.21857116534654	9.31864587908171	9.24280933052999	9.2509775298874	9.21727054236843	9.21588709620042	9.25364115669234	9.2672692651723	9.23523759693428	9.1651810009059
4.05351733551305	4.23127664045743	4.14497802896292	3.97857043748408	4.20695694743734	4.35813470876451	3.80176833216887	4.03309229450707	4.33552330566056	3.58544522519856	3.30968315706073	4.04268134565632
5.92971113389865	5.8925900273087	6.11423450553181	6.57867153504316	6.45587024502649	6.52432699133049	6.96340672242622	6.95336510203633	6.95390880791916	7.11292223125896	7.00317011456006	7.10587517214352
3.84998394142792	3.97450122509532	3.85740143886633	4.48214461136459	4.43202350307212	4.50172556239336	4.17913541348166	4.30128840545664	4.45446437838407	4.22930141497328	4.27546744172281	4.62044834497327
4.86087225757066	4.82665575712392	5.12749060223408	5.27470253149411	5.16898909723832	5.43966459426111	5.2517040394323	5.12329010347865	5.31280322916048	5.2672692651723	5.73174792323354	5.53118100687619
4.46380130482126	4.02964277928777	4.47037831575708	4.34721503127848	4.46373236279946	4.60429529603391	4.4015278348181	4.30128840545664	4.18101335660493	4.12976574142237	4.55761067050432	4.84695687478195
4.63847983623421	4.48907439792507	5.03672513831089	4.55743273866882	4.9513976621657	4.94309720948567	4.67758892094814	4.49393348339904	4.72784072843932	4.88312577383924	4.5093555018971	4.69083767286467
6.59022466762699	6.44242430462625	6.72704063917828	6.61730419464621	6.83498817005039	6.87731379044033	6.94332247638288	6.99577066830133	6.94654810296791	6.52795973053779	6.5093555018971	6.7742536810523
6.36401053533813	6.33342352746488	6.38096339492334	6.16664278563665	6.45980665958566	6.53178279624954	6.18769742698508	6.46547703734981	6.33833832126762	5.69745025071169	6.25219766239997	6.51186753181935
9.5873593339326	9.5872979340132	9.68394992615725	9.58393273664688	9.54426026821162	9.55483689885292	9.44562452194359	9.48368275886117	9.45284173167057	9.65355170105733	9.45656999247661	9.41901734853016
4.61294474412707	4.60253244770836	4.76993859761599	4.66347437607915	4.99545284224363	4.80223467364582	4.48725770884399	4.54921591890023	4.71922759813461	4.34033272736203	4.57646969775563	4.69083767286467
7.64006087205369	7.69923653047611	7.8427411321602	7.68741422817204	7.96253821977089	7.91628841286355	7.80083846101783	7.71914092034254	7.77431515823882	7.9597602301979	7.51669747723826	7.77910852031977
9.97049674874515	9.9241574235609	9.88628255885346	9.83655143261166	9.76632162154265	9.82175412436524	9.72786559704348	9.74541589401925	9.72192472930134	9.76742566523319	9.80278804959987	9.70833544590639
9.18388467798136	9.21649984646493	9.10365302370996	9.1736388958387	9.14106901178089	9.17444864351376	9.15859463504082	9.11002279698116	9.12301780535732	9.43041246583067	9.05577754076619	9.14589085099139
8.74296364226161	8.82405864563788	8.81228197740968	8.91558102146894	8.85081313721207	8.8838831189519	8.80130347151046	8.71067934159434	8.82336333948361	9.15814545168585	8.85029556531026	8.85387628872174
9.40503780359818	9.43648553394308	9.3577161139442	9.44380101040399	9.32657183038322	9.36962202638602	9.26255142166929	9.2307581824979	9.28826455284705	9.4353715310078	9.29232029073015	9.22748269092189
3.39055232279062	3.63845202196329	3.79230641064444	3.42967719147045	4.11009540818476	4.01933279531275	3.44978300342532	3.85148548801713	3.63930405383767	2.78184243800206	3.78541658802713	3.59130199931376
9.23499656358345	9.25605497207656	9.36706002640556	9.25032893614151	9.29331723224053	9.27672063800541	9.38827928752068	9.24086761977134	9.35650324456477	9.87853363720594	9.42537710925774	9.43909442779581
9.4566415132484	9.50213055075052	9.25072879871181	9.50767970347172	9.47350013904827	9.52805971020683	9.64038746774332	9.59196556635957	9.61135681567403	9.21510541077974	9.66200251190757	9.55543654675675
8.58694953559412	8.66626739983142	8.53232063632638	8.71302282403876	8.60016629917242	8.59186584649239	8.61283675702554	8.57940594258032	8.6180326119014	8.24959617719113	8.83960168518106	8.51089503765318
9.10537022492801	9.18091306807794	9.12308542311407	9.23464473082061	9.11384754304586	9.11612544946776	9.01923891787897	9.00963332168308	9.06641795220223	8.69614602126542	9.15908825800849	8.95815943710156
4.03440851256534	4.19956778073009	4.49785905217919	4.96941043819861	4.38311390259117	4.54657979817762	4.77171109831269	4.78855423229066	4.87468211676859	4.63710734502105	5.25805038864541	5.10587517214351
4.54705680847061	4.61460528000893	5.05534081647824	4.92271720275057	5.11009540818475	5.14132331969136	4.66946104006474	4.92856171103576	4.81933908292482	4.74194971087855	5.10409902341084	5.2339799978912
8.66977596672375	8.68212927420594	8.58291806886747	8.69438041766486	8.7182475362778	8.71650479961994	8.83121211006135	8.66323217919188	8.78621907723348	8.29280435727944	8.90307427985247	8.82051320648758
9.42305728736366	9.45590753398987	9.30764234552364	9.62169596376338	9.51570965357697	9.52105292110177	9.70617793827363	9.59656537225401	9.66195279278286	9.35775979912021	9.65647387881143	9.60047364521201
9.381129068904	9.3398010972356	9.23550500242539	9.27004717075602	9.304852262607	9.32579662970283	9.37958645701501	9.34451103060465	9.37889241961825	9.02076822532205	9.47772842528482	9.43397303427108
6.02959149626757	5.96510252709307	6.18356652664016	5.99220230307185	6.17857514606752	6.0816170735671	6.12666799358752	6.03309229450707	5.98657499683949	6.09851480743793	5.82143581082811	6.09033432124774
5.45664151324839	5.23909614491673	5.86269573853584	5.81434104170578	5.87090774430533	5.88023718564709	5.8275643330462	5.92438603506457	5.90537891399151	5.89530048778534	6.10084604561575	6.11101847541947
9.7499358562073	9.79716516551632	9.81774415162358	9.72633852774738	9.77306042090719	9.7238467749611	9.67860169392121	9.67570692220785	9.67119279260666	9.93232826466108	9.62681308344527	9.67746531033881
4.54705680847061	4.24687349550845	4.293500553673	4.44297401408391	4.84706100235096	4.80223467364582	4.95674299214521	4.96153903348204	5.14287822771816	4.8013826243977	4.98916325656617	5.28037290337565
4.56047732423293	4.66191099478729	4.8888796703395	4.77282177226751	5.12007949675738	5.21727217292466	4.80918580373135	4.92019823810114	4.97937949543529	4.63710734502105	5.01012287520182	5.04268134565632
4.54705680847061	4.11710562053812	4.48418411528212	4.21394850041501	4.85903364401704	4.92055464083458	4.39168004886175	4.47121340689896	4.68425145989164	4.4762161554438	4.77728870714373	4.41953565104728
7.25473846744491	7.30203928832526	7.21288209346472	7.39075167956213	7.31303546685503	7.29600460907046	7.36927363581348	7.36429820298244	7.47763036296311	6.87546407213117	7.24926237137543	7.32973898069663
9.3109051782057	9.38807420791413	9.40701625475965	9.38128570736817	9.33033936294263	9.37170083804381	9.40306049728127	9.34724303880271	9.40832584020477	9.69875330216943	9.32718755817014	9.37587007970752
4.50602954021056	4.77380387485819	4.72413490800287	4.53277068443455	4.79815140187002	5.00868555111324	4.70170137706495	4.72275217389492	4.78673441749289	4.39280014725616	4.76089426889306	4.9878194106218
4.18062925341639	4.01149543257752	4.03672513831089	4.10105444400908	3.9625382197709	4.54657979817762	3.97003981475867	4.01749543945605	4.19350430078814	3.94299722981664	3.95353934683546	4.40285690990065
4.32915177812648	4.04756468728504	4.47037831575708	4.15052312027338	4.49475925842008	4.32418737684118	4.15605180036861	4.33942353434341	4.19350430078814	4.12976574142237	4.5093555018971	4.63480363795034
9.13426474939741	9.09141897687446	9.09749124169723	9.02683311510241	9.01564955623046	9.00801748208492	8.92636934310169	8.96662432264182	8.95161261924268	8.89530048778534	9.04566219667413	8.95315627861388
7.96546115884786	8.07731203067909	7.86928640801919	8.27841603429317	8.23479115563407	8.24701951631871	8.35857063420644	8.38571718661735	8.36342930223045	7.96482359226982	8.30191342202662	8.17994015817831
4.61294474412707	4.32242452851562	4.75862328438816	4.79373076203049	4.64061012488353	5.10179495550472	4.97003981475867	4.91178599828494	5.11031036526174	5.37986109154866	5.66723516167881	5.48438679539725
9.0558882399758	9.13188097321851	9.11700625478186	9.15204201324493	9.08163896213553	9.14193243730264	9.03790584503981	9.04612224295619	9.11524266080397	9.21631903443986	9.00621607113903	8.9954877763202
5.54705680847061	5.46260218656388	5.90436491783692	5.94625271721136	5.78566045768682	5.91486352875672	5.77550267747506	5.94514459523137	5.82737640199024	5.91337206070736	5.96789463981252	6.11614350759734
5.13650670018408	5.51506960645802	5.46342555511532	5.63479162137506	5.80435655139672	5.88023718564709	5.92295467868893	5.94101670960869	5.97214792620421	6.44549757034583	6.18926640667351	6.14651715664086
9.38207416886632	9.3402555609473	9.50380131729453	9.2129786213594	9.36170931359072	9.33488197763741	9.16330518437993	9.17341358290449	9.20858285332203	9.589899800246	9.09431800261825	9.23574692406539
4.60000568841957	4.43563513896361	4.68880183489058	4.49496865172217	4.54008324892957	4.81451300342426	4.67758892094814	4.54921591890023	4.81933908292482	4.48429850174166	5.21657375266925	5.1860455208275
4.10937057024657	4.04756468728504	4.44236393958749	4.22937854098462	4.38311390259117	4.67333694046356	4.21308274540499	4.23540046980019	4.49539464243895	3.74194971087855	4.20450092036868	4.35163158654547
8.47889889763116	8.45758411179725	8.63257595517478	8.38473506953948	8.60639440954562	8.62709824555816	8.5158721938831	8.47550076530205	8.49854394524136	8.76742566523319	8.41755407134035	8.61502806918902
9.49646083136178	9.57190082905469	9.49189221041738	9.52692901749422	9.45142890224471	9.47490177431765	9.4103946967201	9.31331427426364	9.37649790447787	9.81266002999185	9.3757723475185	9.37426678814682
8.73632715963235	8.58346403582047	8.95914543221302	8.63043959683536	8.86794836882479	8.80069250883741	8.66384644056731	8.7683116366454	8.65914106895214	8.98596892358204	8.67272278731724	8.8384544952577
8.99232311119833	8.95326739065609	8.99635079040478	8.88302404764677	8.93310874290826	8.93116534108583	8.88441123106205	8.94153334167899	8.91766528731934	8.88998668788888	8.93721704153352	8.91837339747708
5.28132325303587	5.51506960645802	5.5772935196736	5.78331414608515	5.87680834574501	5.94309720948567	6.164751495319	6.14498517457797	6.30419009885577	5.97489731428293	5.88333034455405	6.17626450003491
8.17845488218205	8.16612129763694	8.36519607906503	8.00682623766863	8.32926392864692	8.26390650242407	8.2373419412739	8.20731999833607	8.1794443569496	8.4583765617921	7.97768169273326	8.16146749810683
8.89039820987383	8.86126671610852	8.8440800603685	8.86090392884863	8.81515175439622	8.83273676204316	8.79103845702109	8.81021501514526	8.83387391359016	8.91037580824744	8.57529820354519	8.81815650292912
8.92841781687713	8.92264087234285	8.8888796703395	8.99050534732918	8.92316398143675	8.98918483184512	9.00235099044855	8.92490865598711	8.9571173446781	9.33503535822982	9.02221015750055	8.96811400127424
5.83901282360692	5.75756323385097	5.81978714706655	5.71918380866543	6.02231944809631	5.96529295559986	6.2972525127743	6.20817900106516	6.15250692891594	6.62253454393378	6.47960815850305	6.80948216936329
9.89404682555569	9.77414028503597	9.71171983989452	9.65956414935382	9.70130605657109	9.76198897950693	9.69320756354517	9.68591799675935	9.59585482421816	9.23679595152021	9.64591074654412	9.68653753543104
4.50602954021056	4.39421521158363	4.52482609977946	4.54515440889039	5.04869486352061	5.00868555111324	4.34140684238053	4.73233822272412	4.58345081910414	4.24841023792098	4.22854639433532	4.5464477635295
5.07237636276437	5.02964277928778	5.31683305750363	5.46269224869841	5.35802292162834	5.56849457460606	5.9799326195171	6.00963332168308	6.10701277516116	5.87084744406081	6.18004787664413	6.32973898069663
13.5817400865423	13.5358015701402	13.6227850515758	13.5231925706654	13.5093436582958	13.4850492354854	13.5103011823138	13.5201110802883	13.5047828483211	13.598927840224	13.4000230479749	13.4698847235233
13.0828772221998	13.0832632603081	13.078633137735	12.9912126548106	13.0145209648242	12.9864318790918	12.9996943024366	13.0553407729856	12.991557050821	12.8104266583755	12.8696875257914	12.9923120927974
4.83901282360692	4.24687349550845	4.84675419466682	4.42967719147045	5.11009540818475	5.13154229889878	4.82390730943812	4.6936058282354	4.58345081910414	4.57033833280835	4.75262665290946	5.09553322792206
4.84998394142792	4.91716805002936	5.13626081186181	5.06710711208574	5.04869486352061	5.21727217292466	5.23527849151919	5.20129261547992	5.28389053724524	5.34921087870848	5.86042994244397	5.62044834497327
8.99170406161111	8.98848545453101	8.87584710618715	8.93158807538637	8.93240067170833	8.94449449292748	8.91695949921791	8.97169174984293	8.93217897333522	8.79854944484046	9.05745655758752	8.93224206272692
4.73632715963235	4.75210880375886	4.90948995001479	4.77282177226751	4.9625382197709	5.26278683217703	4.82390730943812	4.5163012964275	4.85908526171758	4.21965124493956	4.72753567194663	4.64901749717004
3.95533694157415	4.10003210717917	3.85740143886633	4.49496865172217	4.18809792018603	4.57572614383714	4.49647623887337	4.41279672067363	4.40161249611833	4.43511095211413	4.89464565778189	4.80948216936329
3.75978613245634	3.59035773376225	3.95976315649601	3.82453680881166	4.44796504694114	4.51683245478357	4.05983648510931	4.01749543945605	3.99373478841236	3.04487684383586	2.66723516167881	3.83457315032612
3.16314182668755	3.02964277928777	2.97939196324494	3.28949953342219	3.22557262560469	3.6323096722035	3.44978300342532	2.98578657972871	3.35789111868902	2.7284031790406	3.63161125194809	3.73147965736202
8.54199175338776	8.63029908711408	8.75079220399573	8.71027614059914	8.57679502728609	8.58561073276898	8.69870926736978	8.72755316015874	8.75390302502552	8.97310358653615	8.820941652563	8.83379562670671
6.50255734830375	6.30017172166849	6.43882358188224	6.04982912065391	6.53636016288685	6.39539432733359	6.50335168496429	6.53010709595252	6.32704515173626	6.08794556572774	6.48710269504997	6.37319693638041
7.14988572998529	7.26804751861286	7.09186669250336	7.33656778707896	7.18572311299813	7.12908664717246	7.36801857262785	7.13778967317376	7.27510251997525	6.97058861508958	7.48460883956141	7.11614350759735
8.27319537215246	8.36324540755606	8.1252896940408	8.50847043796172	8.2174578068728	8.35498586420951	8.51133184382285	8.42171144548138	8.51853830654332	8.3014072154537	8.40837325373433	8.29174171745485
4.3447486331775	4.02964277928777	4.5772935196736	4.41625667570813	4.9845645261009	4.57572614383714	4.37178049142405	4.52735648493649	4.59291114835322	3.7284031790406	4.25219766239997	4.71805914159969
3.97551482351178	4.23127664045743	4.19620335231809	4.53277068443455	4.20695694743734	4.57572614383714	4.54170549286636	4.35191447852661	4.70184551990638	4.65153441565633	5.15517320800511	5.12633927470323
9.40503780359818	9.45674606644062	9.43260697313353	9.42340186604396	9.38000129072384	9.36649818169914	9.31396914807961	9.27159976427979	9.35163514388107	9.53186418499371	9.24078999009007	9.25097030844491
4.28132325303587	3.89753924328043	4.14497802896292	3.94157623000188	4.39960202537974	4.34126089020012	4.20185548998174	4.00172812359774	4.04976882332668	3.6729080664489	4.24042049462362	4.08511661197672
3.66357081719703	3.73008249742887	4.21288209346472	3.55743273866883	4.36643516144454	4.16068864455829	3.83121211006135	3.85148548801713	4.03596302380165	3.58544522519856	4.01012287520182	4.06405499644889
9.07120486855392	9.13868985698848	8.98000108085622	8.95845685679848	9.0269700923659	9.10179495550473	8.89229004637679	8.87439454848801	8.92048580638172	8.54496424678819	9.06540531070301	8.97377163613617
4.67595454165287	4.40815440254151	4.70067593517888	4.61730419464622	4.62667093392566	4.82668771737036	4.50563623815884	4.62321650034401	4.57392804498564	4.57791155251315	4.90959599924786	4.77100802154865
4.92453089479297	4.57807940398382	5.01786611105958	4.84471469074929	5.10004174352083	5.06115297100738	4.80176833216887	4.75132132609169	4.77015153329729	4.62253454393378	5.34860214635303	5.11614350759734
9.10651431304577	9.20106980589532	9.19252903150855	9.16011587854751	9.19637909526983	9.16489038053691	9.24454086220109	9.1178149734125	9.2181663550224	9.46961574430699	9.27690941589672	9.13835389850322
4.10937057024657	4.29267718512157	4.44236393958749	4.22937854098462	4.88268491208168	5.00868555111324	4.54170549286636	4.62321650034401	4.75337582054646	4.05576515997859	4.01012287520182	4.35163158654547
7.78430028117582	7.79650292311732	7.93986359905831	7.78853185535617	7.97083754298939	7.8889719956247	8.07067804475674	7.98678810357378	8.08706736474966	8.499830357354	8.18081834130377	8.12379708014078
5.48506992157491	5.48250174400159	5.63412474227027	5.54515440889039	5.59838188949424	5.52432699133049	5.52828497710404	5.56539584595566	5.45446437838407	4.98347629917171	5.45943027656541	5.32532030942963
9.28537008609857	9.31319420246208	9.25274655434266	9.20665846448454	9.32711065206675	9.34761172235251	9.55334689930176	9.47657061706846	9.5154323956755	9.13875452464962	9.51913652268968	9.58946065248959
4.23185457677156	4.39421521158363	4.56435446396609	4.16664278563666	4.89436671712932	4.64611547172854	4.54170549286636	4.44812979378591	4.75337582054646	3.85846371960498	4.38649875411156	4.60594877527816
9.18117233455997	9.15117629662781	9.1252896940408	9.01575245355868	9.11758994473168	9.09426128281932	8.99505234904268	8.96966691436544	8.9289144284523	8.68084224799111	9.06289990623969	9.00794875145426
4.23185457677156	4.24687349550845	4.42815008036779	3.96019190816923	4.64061012488353	4.59008143681421	3.88835601716496	4.19437320154013	4.31280322916048	3.75537022664087	3.99618368424395	4.31644215808317
7.49209034925268	7.4288138731076	7.43171669538798	7.52809924471066	7.70172163918692	7.67502134817491	7.95841181250583	7.98878906789024	7.99997059020853	7.58638417416817	7.90214019432881	8.09293611643602
5.17191203631528	4.91716805002936	5.30909740872402	4.67478968930698	5.28002040962707	5.19865649475731	5.29461263090159	4.91178599828494	5.04288243774145	4.93712066347997	5.30403659391959	5.53118100687619
4.61294474412707	4.38014002637191	4.59011756003118	4.37522940744807	4.65441592440857	4.78985094918999	4.4210240104439	4.38875124670698	4.53519565049693	4.34921087870848	4.60430390595235	4.70451260976175
9.76305466887468	9.77750007938372	9.73932511895828	9.78657742510799	9.75795352851697	9.70377203476013	9.60086632293373	9.65789757481131	9.68701471498058	9.78879322817832	9.52551946702318	9.63970546365436
5.73632715963235	5.56569567952798	5.85740143886633	5.98767264459134	5.96807640331233	6.00333231661904	6.49417712278378	6.51352421175692	6.50043023233625	6.37986109154866	6.76911477569802	6.73481536992527
3.16314182668755	3.16714630303771	3.38464844173121	3.37522940744808	3.74752532880005	3.45543191011943	3.31037994675991	3.22185393796224	3.06344376022376	3.20993609010635	3.55761067050432	2.93078846558542
8.66434792200489	8.80706249480361	8.59011756003118	8.93570922296989	8.78644431809235	8.78205679170819	8.96215961526812	8.90967525168913	8.95986185097355	8.67423346391547	8.80353860630155	8.75549063120693
5.46380130482126	5.59035773376225	5.9247567066681	5.92271720275057	5.76034936915763	5.64611547172854	5.83848011052539	5.76539651130341	5.90157734383165	5.72499657759735	6.45688808200297	6.020986274557
5.68210676863446	5.61460528000893	5.83063452930355	6.17064471619415	6.28002040962707	6.51683245478357	7.33756477608614	7.32048197068996	7.28096714203847	7.37225936881532	7.33482271933924	7.73481536992527
9.08055029421007	9.01719103824152	9.17508006075234	8.85718404271151	9.04148956116572	9.07461523081394	8.87251173910018	8.99028797196365	8.95253153331253	9.09125677911815	8.9156255966861	8.95387207869847
8.73410819732736	8.78586549213506	8.6563972933197	8.83024042061912	8.87090774430533	8.77343430179299	8.85872721559572	8.81304105922402	8.87903852181273	9.07896714188885	8.9634239357673	8.85310910176355
9.262970701142	9.25412687951976	9.07600028704433	9.17214258278403	9.27556076143637	9.27394462206155	9.30383116093097	9.30611078891349	9.27216124466313	8.70654699181237	9.12786586200937	9.2792310789861
9.78072127899081	9.86790126100107	9.61817029870981	9.81242128754241	9.74066590720926	9.68884318022786	9.77052418336224	9.68283135664123	9.72111611926192	9.41675246900061	9.75262665290946	9.62405058165347
9.17245840823656	9.09195880664349	9.24820262919771	9.10576486189505	9.13246322121321	9.17027469338749	9.08335187479185	9.05808297338477	9.09873567247496	9.41490370622382	9.16338257736095	9.10973436759915
9.03741100072687	9.1085941206826	9.02023701552232	9.15052312027338	9.1312296212741	9.11177904407735	9.06449284754053	9.1422910654087	9.09790534437096	8.78102249194936	9.08940251220413	9.0372880868861
8.44402573605994	8.49234952995793	8.49955934116903	8.46024215746552	8.52607185643321	8.51683245478357	8.50335168496429	8.47121340689895	8.54009444990976	8.91037580824744	8.36157181296611	8.56061509545609
7.85679876298423	7.96510252709307	8.01311258108894	8.12496993647173	8.12380578821566	8.1939647994326	8.43667292109906	8.49674849900609	8.49665518864487	8.40402740267942	8.57001467561833	8.59955909998906
9.04399456139454	8.94552215812355	9.15418271985907	8.98937293358117	9.23018925367506	9.22649070295404	9.18413609454002	9.20215521343739	9.17905184027165	9.3156322867337	9.07289552387513	9.17871597902901
4.19790724484823	4.39421521158363	4.36985143980312	4.41625667570813	4.44796504694114	4.80223467364582	4.45924333267439	4.2488209855625	4.46480632260553	4.4599143431147	4.65841131129181	4.84695687478195
7.56047732423293	7.69497869647295	7.74004448822817	7.80278401028337	7.77622076180051	7.7488535773178	7.91781748023688	7.96153903348204	7.98836827866254	7.53770112501599	8.11945128577115	7.88348275080707
4.28132325303587	4.73008249742887	4.97939196324494	4.48214461136459	4.72153012026711	4.87438445940165	4.61124642611944	4.67384257341397	4.58345081910414	4.4183352393633	4.74431138469745	4.71805914159969
6.35633660745271	6.32610018665902	6.74148215156677	6.57565649728773	6.76353764678868	6.84774933289819	6.75836154465367	6.83600815139818	6.76388347836485	6.81105435921855	6.88522240389526	6.98221670439242
5.3601786737471	5.11710562053811	5.60914238571293	5.79891100113617	5.89436671712932	5.7520489164776	6.71163049430867	6.6960573072295	6.87079868228137	7.12331071928507	6.81152034196303	7.10071346702774
6.25267304827912	6.0608615098985	6.30909740872402	6.95556045943759	6.97083754298939	6.9514606824203	7.890979894895	7.99178532035016	7.96670036136454	8.37660811375357	8.14809923285807	8.36460944054368
5.75978613245634	5.5278936468156	5.68282793384595	6.25975219002814	6.23937842512972	6.15587162826052	6.82024099224034	6.86679854351162	6.98118173806927	6.78675235212587	6.74431138469746	6.98221670439242
5.3524842819571	5.28514351243616	5.21288209346472	5.18258432950568	5.35802292162834	5.65979040862561	5.54170549286636	5.63348483579783	5.49034141471267	5.34477863239322	5.28696308056065	5.17626450003491
9.30044540656066	9.29173762465796	9.20195844442848	9.25269052619395	9.2541871106438	9.15767989468596	9.11810818879395	9.13236939738951	9.09915065738819	9.26609777096186	9.20752861306624	9.0719891779911
9.69128619540886	9.60707160732352	9.78779092952195	9.58655615996653	9.69714363290789	9.70170779769185	9.65100413535718	9.60702446684142	9.62410104265326	10.0583052657599	9.62199890375084	9.66309268238177
8.94450154021221	8.94552215812355	9.0143024327365	8.95207708943734	9.01965519056926	9.00868555111324	8.88748032970809	8.88839617800935	8.8785551259158	9.15688186934898	8.88663982176682	8.88873301149427
3.75978613245634	3.75210880375887	3.81433271697445	4.10105444400908	4.29772241136052	3.88606626444929	4.07222020956514	3.98578657972871	3.95023314977577	3.61519256859261	4.10409902341083	4.33414415981663
4.84998394142792	4.47589900917734	4.82522103311718	4.71918380866543	5.19755824943509	5.15103847452458	4.74101430108977	4.78855423229066	4.94285361941017	4.4098736606151	4.76911477569802	4.97659215519855
5.22344233695536	5.17532023448341	5.10085547573061	5.20617114982329	5.53262744401052	5.38308106589474	5.91953191304814	6.00172812359774	5.87079868228136	5.55122950986064	6.00665068329502	6.03187459069974
4.49209034925268	3.955642197844	4.42815008036779	4.56960745261492	4.66809086130564	4.68675745622589	4.24624960934019	4.35191447852661	4.4123389027114	4.45169383630973	4.76911477569802	4.66309268238176
9.12356764447659	9.18142043401983	9.11312431306387	9.17164346669502	9.08419127600934	9.12416276853318	9.21552710404038	9.12919813993855	9.1676221516997	9.06556221347726	9.21957624083077	9.08968313864093
4.74810432740871	4.80574676736094	5.04606300289023	4.78331414608515	5.24395115491954	5.19865649475731	4.81656533409695	4.85148548801712	4.92048580638172	4.8708474440608	5.11703807911833	5.15650124521348
5.00526216690583	4.60253244770836	5.19620335231809	4.85469877932191	5.36643516144454	5.21727217292466	5.09059873888	5.04852233507668	5.05662249436775	4.74194971087855	5.34860214635303	5.43602377383585
4.21498075820716	3.68499460790033	4.42815008036779	3.864614248187	4.22557262560469	4.19865649475731	4.03474550414648	4.19437320154013	3.99373478841236	3.4599143431147	3.4182076138389	4.08511661197672
4.66357081719704	4.97450122509531	5.02732644030865	5.08418062544468	5.2620985016298	5.0917412908408	5.09059873888	4.94514459523137	5.20588802524396	4.85846371960497	5.19842640595899	5.2619943740608
8.89172604709677	8.91777716764064	8.90179555822479	8.89939437084548	8.91601837474923	8.92834344279564	8.83166743436397	8.75837608362564	8.77587342486112	8.40562418761374	8.77065091963115	8.76938244949961
5.3524842819571	5.45590753398987	5.67682919322451	5.61730419464622	5.65441592440857	5.77736000500679	5.49187433691436	5.57608252475291	5.54984242646133	5.36680493872322	5.98210849903223	5.67007911269787
5.93487283901443	6.39771265581986	6.28957485045921	6.27841603429317	6.34104984302463	6.31124832113368	6.37178049142405	6.1978370568437	6.40698566821719	6.06926100246281	6.79349893432499	6.22451966864213
3.97551482351178	3.29267718512157	3.76993859761599	3.55743273866883	4.36643516144454	3.73922487612002	3.20185548998174	3.68375804227905	3.90537891399151	3.19030728335741	3.55761067050432	3.70451260976174
7.89966750774137	7.94611942372549	7.94111539526777	7.94858528852124	8.04869486352061	8.02726697685497	8.1884086397384	7.98076850496209	8.10453462675757	7.84754007056874	8.20222597370928	8.03051803672965
3.42029966618467	3.51506960645801	3.16225602039475	2.88424305493593	3.84706100235096	3.2894219586805	3.37178049142406	3.37657653276088	3.48527042516525	2.58544522519856	2.95353934683545	3.40285690990065
5.24853331791819	5.06526668901849	5.48418411528211	5.29684150876336	5.37479863437917	5.44756979234646	5.22422330301019	5.14498517457797	5.41233890271139	5.10377053288942	5.42342532310992	5.64192807238372
9.53648446861114	9.56219351857204	9.56881536574929	9.48937215521326	9.44895556880696	9.45297959771375	9.4173884897274	9.46439892417903	9.3952057529082	9.52232849963933	9.49672587140062	9.39602570590393
9.01930162017514	9.03189523101915	9.0196446545857	8.99728122690445	8.89944791246294	9.00467248860662	8.79804524612615	8.86897291474596	8.80669043938495	9.03631279731242	8.74483249542766	8.89991964061774
4.47801516404096	4.69639937117258	4.49785905217919	4.52027974025135	5.11009540818475	4.61837048124563	4.69370858631141	4.53832760275749	4.55469182612272	4.62983934455701	5.15517320800511	5.17626450003491
4.47801516404096	4.51506960645802	4.79230641064445	4.77282177226751	4.78566045768682	4.51683245478357	4.61970800486764	4.44812979378591	4.75337582054646	4.09851480743793	4.89464565778189	4.80948216936329
9.22344233695536	9.31550732631962	9.10923189779608	9.33567695960955	9.17019084244808	9.22649070295404	9.13222323742069	9.17121267471121	9.17038934402258	8.70048887536027	9.02864406904494	8.94813570914932
7.75833106925596	7.86126671610852	7.67382044335217	8.25410562688699	7.97083754298939	8.02858510855095	8.09287968013123	8.08171099972725	8.16999435564479	8.29337947988657	8.18850044167496	8.14651715664086
4.90362190502999	4.80574676736094	5.21288209346472	4.96019190816923	5.27108728485706	5.46325141457873	5.12666799358752	5.29483338331934	5.34114785485444	5.31336567976176	5.50935550189709	5.47643804228175
9.45753843279291	9.48414771684515	9.43216190293383	9.49696215078316	9.37219025355494	9.38719717436697	9.34108706070109	9.32405250884355	9.34360171652882	9.60896858097272	9.31425477222838	9.33359424746353
9.98487692671547	10.0029096402811	9.95015857978619	9.85407679395299	9.85940619277079	9.84513338469118	9.77857601506198	9.78337605908737	9.76126372997677	9.90849998554021	9.66723516167881	9.81066810863343
4.43494644214908	4.32242452851562	4.81433271697445	4.83466102608537	4.83498817005039	4.83876054967093	4.55058364421282	4.66385848484135	4.59291114835322	4.53964153558543	4.95353934683545	4.89545539247314
4.42029966618467	4.59035773376225	5.07371934579309	4.49496865172217	4.83498817005039	4.95423776709087	4.60273492626392	4.57074908044987	4.71922759813461	4.75537022664087	5.1676641521883	5.12633927470323
4.2485333179182	4.50213055075052	4.68880183489058	4.5816802849155	4.84706100235096	5.02990203702294	5.34140684238053	5.25548471584352	5.38537185511112	5.72158191318458	5.70628793824259	5.85923520456039
4.62576878448465	4.04756468728504	4.41379478739072	4.46920555565708	4.78566045768682	4.57572614383714	4.12071872725633	4.44812979378591	4.68425145989164	3.68698325166062	4.26387946744761	4.10587517214351
8.64321775524087	8.72452297208697	8.57245496273721	8.62825865153583	8.69255105329534	8.74885357731779	8.69571093922256	8.56338325082682	8.63186599035345	8.1571978687021	8.6567508142266	8.57743426958585
7.3271902617932	7.36235071292838	7.31103521296551	7.34190123138201	7.55488025085765	7.68006280365187	8.00679316203365	8.00073692119469	7.97667190307179	7.55890343774606	7.91423638613977	7.96669611905605
7.42764164152584	7.37837093351885	7.43527451480116	7.69576962821119	7.58402659651717	7.68173938145926	8.10874608559026	8.09755982838523	8.11031036526173	8.29625165889791	8.28624728047606	8.3052670825265
7.54705680847062	7.48743403954382	7.77275361322305	7.52341262973632	7.76830689093655	7.88751986159079	7.81380243180172	7.81134609716391	7.91106255249509	7.8915069146269	7.79852750351807	7.84695687478195
4.19790724484823	4.46260218656388	4.62791959274356	4.85469877932191	4.56952702682206	4.77736000500679	4.75644434165938	4.77005788867328	4.92048580638172	4.44342622032613	5.10409902341084	5.20541084569443
8.10135875648997	8.01035360818797	8.12968815793832	7.95671971626242	8.09372243845056	8.0390870296538	7.93232562716596	7.93376436738043	8.010598226046	7.78184243800206	7.93903977714034	7.96243409220189
5.52668901077665	5.45590753398987	5.66475636092394	5.20617114982329	5.57679502728609	5.60429529603391	5.49647623887337	5.52735648493649	5.39621923734812	5.4098736606151	5.71056259334291	5.64192807238372
4.81681707749272	4.35157087417514	4.89922161456096	4.60552702686987	4.9845645261009	5.13154229889878	4.66128710861903	4.72275217389492	4.77015153329729	4.18039181449234	4.30968315706073	5.03187459069974
4.70040758537741	4.55320473534479	4.96961094245236	4.42967719147045	4.77306042090718	4.61837048124563	4.77928431801749	4.72275217389492	4.63930405383766	4.89530048778534	5.27546744172282	5.03187459069974
4.2485333179182	4.11710562053812	4.5772935196736	4.3186458790817	4.81053512632585	4.60429529603391	4.37178049142405	4.26211780817596	4.26626064322345	4.19030728335742	4.56707099975338	4.78394707725616
4.42029966618467	4.57807940398382	4.83602778807376	4.59365292658158	4.79815140187002	4.37481344991114	4.38176457999667	4.41279672067363	4.67537330854518	4.83968651257434	5.30403659391959	4.90732949276143
9.21445025809423	9.2184788523183	9.20143620187404	9.27004717075602	9.19637909526983	9.2373617461731	9.17698694690308	9.14543370405178	9.15010577156684	9.2930919472417	9.26133214296535	9.21081083343702
4.44944601184419	4.30762752658754	4.61542864856037	4.54515440889039	4.9513976621657	4.78985094918999	4.50563623815884	4.48261817017121	4.77846680150929	4.50032861156061	4.54808789638581	4.5464477635295
4.90362190502999	4.94611942372549	4.90948995001479	4.74087887976475	4.79815140187002	5.179797467506	4.55058364421282	4.72275217389492	4.84331794585926	4.54737718436504	4.93173497651711	4.69083767286467
5.03440851256535	4.92688320486257	5.43527451480117	5.02351784353806	5.47932921785048	5.38308106589474	5.33113850692671	5.26211780817596	5.30706685961133	5.00610727367128	5.48460883956141	5.56904919246663
5.56047732423293	5.44242430462625	5.67080540559674	5.59960219291276	5.74752532880005	5.9871523895636	6.12963345206408	6.11231898565765	6.06684233668563	6.07462418722991	6.48211066570621	6.44419770528155
8.88640734967779	8.95445528289356	8.93044034517168	8.99220230307185	8.9138677730478	8.89042266949343	8.9721064173766	8.92281703540923	9.01368326320332	9.18194560574742	8.96967904949071	8.89843309227304
4.2485333179182	3.91716805002937	3.85740143886633	3.60552702686987	4.54008324892957	4.57572614383714	3.7868179907029	3.68375804227905	4.11688301918522	3.70092244261849	3.68472258840765	4.08511661197672
9.20165937970934	9.30203928832526	9.27326745424265	9.28212000305659	9.25021508638995	9.25661306455683	9.24727388701253	9.0887246014883	9.25140268449634	9.5481002793802	9.2815859031062	9.17073339406168
9.70381329328502	9.67277744114504	9.67983168138603	9.74457508429028	9.59346335212526	9.64997466718417	9.48899067606844	9.49252391314437	9.53856536122302	9.62207676349493	9.45561530288125	9.54692225622935
4.23185457677156	3.99311690326266	4.52482609977946	3.92271720275057	4.31520983808937	4.57572614383714	4.07222020956514	4.33942353434341	4.47507465805935	3.93122006204028	4.30968315706073	4.28037290337565
9.29543778250876	9.36592616715221	9.17028439415069	9.46350802199744	9.33516892124412	9.33381607803895	9.39075336322393	9.38191561645749	9.4229861469109	8.93380454521035	9.45465998111084	9.35163158654547
