k4_temp10_1	k4_temp10_2	k4_temp10_3	k4_temp14_1	k4_temp14_2	k4_temp14_3	k4_temp20_1	k4_temp20_2	k4_temp20_3	k4_temp26_1	k4_temp26_2	k4_temp26_3
5.18174080629974	4.61584572590498	5.03972846380711	4.83591309429518	4.9190040167725	4.74123782726237	4.75615576499897	4.30474226964017	4.55956325030795	4.56176905314918	4.61339689491045	4.6901645308223
4.86256332242841	4.61584572590498	4.78099419540695	4.94780597436608	4.87009441629155	5.05243951555667	4.79943986272777	4.77624672057804	4.89240712267449	4.55423538046377	4.73306712557306	4.46584723256136
9.29106308151382	9.25215510662635	9.21859766650048	9.0899511422481	8.89857211686768	8.90148277404955	8.72469099545763	8.70569344075274	8.75313539560789	8.95337067584335	8.48022469586099	8.67930353819053
9.01482401698849	9.1063042401629	8.74677848006903	8.96586079452345	8.75778774516611	8.70830393790028	8.67906837833183	8.58485018883291	8.7028657283405	8.2441784836933	8.66979295072235	8.32243274632181
9.80608284002765	9.83543516396046	9.64783154149503	9.61854148300717	9.48277229522453	9.48220535198607	9.30965349617878	9.31756630999776	9.3305929632913	9.53379151002249	9.22220613758597	9.15483279782574
5.01868252434569	5.06956369334788	5.12338639285402	5.0212681363071	4.97789770582607	5.15627532654121	4.75615576499897	4.67671104702713	4.840745002852	4.61343117297167	4.93376447581019	4.43862576382633
5.13700249153445	4.96264848943137	4.76805513969945	4.56821731109152	4.94285075872687	4.81924033926364	4.46502082365721	4.52886557905574	4.67363501701674	4.42801766426035	4.69672527850934	4.67857655654709
10.2227938054968	10.2394886947902	10.033321720597	10.0981595230688	9.89399212876442	9.86133167275267	9.63743280216925	9.64743325450488	9.62973515750104	9.68459704795685	9.4796900673424	9.43776676109724
4.07905514232517	4.17974661109831	4.63185075610114	4.40527873996532	4.55127223227201	4.58626316728602	3.77796013531731	4.19128421985689	4.19829700747008	3.85944960178987	3.60557739045115	3.6551175837231
9.31886884007899	9.43046301974808	9.19522639461415	9.2804604758465	9.07415955888447	9.07712437973965	8.90394178917203	8.84663604846944	8.91354753739621	9.05428990928753	8.69257893831918	8.66762764206177
4.9427336711124	5.14756620534915	5.15354836336428	4.72720683485268	4.87009441629155	4.83184037604327	4.51780823801665	4.49738734758257	4.42570750357316	4.72499940201748	4.92750548533851	4.70166016966013
9.20088585556644	9.23375232524105	9.07823802691371	9.07277599843996	8.91674804283213	8.80892115604907	8.64684440834609	8.66672289241162	8.63027864782236	8.65804496420583	8.34411027976431	8.43346405871056
4.59126130061102	4.77878429703118	4.60299589342895	4.88171678390831	4.9190040167725	4.55620593342985	4.6654854060589	4.67671104702713	4.49418724145592	4.60616317250764	4.96465848375598	4.64324348343481
5.33814236364231	5.09228376984797	5.18309263897829	5.09117014953725	5.08892901821481	5.20551884556106	4.86202440010579	4.76747651095031	4.69872599797957	4.60616317250764	4.62117424550217	5.0819322507783
4.9427336711124	4.73613995962269	4.96232396012151	4.67613265025841	5.04553642270143	4.89324092070741	4.29397528232098	4.45431862569068	4.49418724145592	4.15671564244296	4.31083412489002	4.45230070072341
4.68747661587032	4.55171538848526	4.81912932429372	4.87040147068047	4.6559696109387	4.7142707796621	4.2530450182661	4.45431862569068	4.41565383890923	4.48460119262672	4.32994294783772	4.56987029710459
9.34737662841531	9.41477530744543	9.07167135630987	9.16190757612521	8.98652801096951	8.91708766266178	8.6958692091703	8.65071583849419	8.68099840543023	8.61207120896754	8.51820642987555	8.57300318658955
6.74823064694942	6.93148755794491	6.72518333243844	6.96120156773512	6.57816745933507	6.64456180785069	7.20422489001941	6.98735333436797	7.11841985968963	6.86554980132629	7.24440676315104	6.71306493293238
9.98515716451101	10.0584286831936	9.88203189412309	9.90304381653268	9.70080084438652	9.71299424658289	9.52642136832135	9.48172202861643	9.52549362327363	9.77345459384187	9.37979149728828	9.26159864669881
4.90320530692576	5.05806805451005	4.85628232271119	4.91513978544576	5.01211342116398	5.03074444445735	4.59353556417989	4.40992450633223	4.72338805221384	4.35184598377495	4.59771527267818	4.6551175837231
5.18174080629974	5.23183512224676	5.31348927623397	5.0212681363071	5.26950126385663	5.27175254396114	4.81358404504804	4.92562434461627	4.85569534431797	4.85944960178987	4.90219439680932	5.03726320144457
5.35777117039124	5.17974661109831	5.58834911746455	5.0212681363071	5.42150435730168	5.26247473037313	4.89565517798707	4.86113561816456	4.84823953939893	4.95980012712234	5.31083412489002	5.27896909783785
7.35533212493982	7.40062279998738	7.20486045406053	7.07647363833056	7.10487056208383	7.14369726046174	6.89565517798707	6.92956075917544	7.00061633963039	6.5692635896961	6.90697417492266	6.86648730346276
4.87623825932549	5.15837296030574	5.20245796384522	4.88171678390831	5.05650754052243	5.13609744460358	4.55195646042849	4.68604891160647	4.840745002852	4.50036850848504	4.57386853072381	4.71306493293238
9.79757398227961	9.80824576010311	9.63095772293063	9.5747680793053	9.56861947583591	9.50106437923739	9.34507962326899	9.39149178823524	9.31004764175661	9.17923651844338	9.21804528377969	9.17198010444016
5.29806492426697	5.35907031054287	5.4574550506136	5.20364487879567	5.33404151605134	5.22475506442398	4.86881356576843	4.7586526605633	4.74763559846052	4.84717127201143	4.97683319770208	5.07310840039129
8.13842176861979	8.07099422895432	7.93798014114176	7.88453179951536	7.75189403093724	7.66583042460435	7.5466737923478	7.6825542913086	7.53771252908629	7.53235432407509	7.73216964806923	7.53334442107947
5.01868252434569	5.10351102527122	5.29556736823671	4.8005800211829	5.16186054066866	4.84433132022647	4.82759090304191	4.72280746161659	4.76357714232954	4.95408647592794	4.95238015397754	4.60702329552205
5.07905514232517	4.96264848943137	5.22156678679293	4.88171678390831	4.85760347210835	4.76771003862356	4.72656098281067	4.83618926103433	4.73151593309724	4.62785824360695	4.73306712557306	4.66689475149946
5.06718104203689	5.01114700712256	5.40826750098607	4.88171678390831	5.08892901821481	5.03074444445735	4.58531505737492	4.65785201977581	4.79494131323887	4.48460119262672	4.62117424550217	4.86393159855901
7.90487412728637	7.82360280087303	7.89845177695512	8.13083023662203	8.17324530414829	8.12462212527112	8.28702252167922	8.27023556125171	8.23734978403386	8.63591051590169	7.7122825594209	7.97586265678043
5.47923468287691	5.24203088935265	5.71510625975049	5.73346582532436	5.64873804170763	5.65877566707039	5.70775113303591	5.78061191313945	5.65666193841303	5.59151639654324	5.80652928751409	5.80652928751409
5.77036962421867	5.79272348798906	5.66712623084867	5.3079815386104	5.52781325944802	5.51773178561521	5.09988823020468	5.0752604235174	5.18651983969373	5.20080822662613	5.36741765325638	5.11669766893897
4.82074314673378	4.73613995962269	5.03972846380711	4.82423128924755	4.61202626335111	4.86899337446074	4.41022835081683	4.31681510194075	4.3001766214893	4.77770645234833	4.54962098447713	4.39680558813171
4.83481833194551	4.91246273226315	4.64606461532084	4.30798153861041	4.61202626335111	4.54093917677654	4.27365529794139	4.34066184389511	4.28920550366829	4.36051084490208	4.36741765325639	4.35373686623983
8.87623825932549	8.95724368499057	8.6522394124488	8.75439166417891	8.61481228618194	8.62569103375113	8.5598443698588	8.43575617466425	8.5219834146298	8.75241683318756	8.49934055207406	8.40912886658184
8.29933434365454	8.4343584378471	8.29331139429634	8.30167696175619	8.10090165988089	8.1220596112033	8.08975385307097	8.05738293278715	8.07914974217708	8.18198887865667	8.11130266136238	7.91790560666143
5.20360024026348	5.12570677138542	5.29556736823671	5.16711900277055	5.16186054066866	4.90521356237349	4.84834946320871	4.81931544246993	5.03056956173202	4.77122241877813	4.96465848375598	4.73560750158347
8.9313160136827	9.08309684900157	8.75990890099781	9.03400162621489	8.77532578797838	8.78805868401536	8.64783154149503	8.61693882650976	8.64541384139137	8.98383381932199	8.60361587411786	8.46921408365976
4.70290665643993	4.98710153315591	4.95091919684926	4.72720683485268	4.59707592188513	5.27175254396114	4.3040289469849	4.74084138444684	4.55956325030795	4.74499087720495	4.85019975917106	4.67857655654709
9.56564292244221	9.66071496301542	9.476968129976	9.45157239223925	9.28299271649276	9.28269300979179	9.06963735849334	9.0636652850388	9.11376349725842	9.4570918733644	9.02489643155318	8.84202334754931
5.47923468287691	5.38690451873959	5.41658276919807	5.56119688341375	5.49592919842824	5.3957412612366	5.74512874284994	5.84037705799776	5.82183654030194	6.07220357522058	5.93999642952171	5.8690384889921
5.03096085412413	5.14756620534915	5.20245796384522	5.15784118918254	5.07820261162175	5.00871813812735	4.89565517798707	4.94908331744026	4.98370295669404	4.74499087720495	5.12640955375259	4.82241232912074
4.73328030548345	4.76470911181946	4.89250251062394	4.87040147068047	5.08892901821481	4.95213460976098	4.56036870024469	4.79362879880628	4.58669938024546	4.17647889726439	4.43074358862521	4.27896909783785
9.96370110057583	10.0263431647488	9.69260018533355	9.77691335647165	9.63508036595449	9.58020826395712	9.35296985561227	9.4471282474842	9.37990381396003	9.0286952083334	9.23176255389882	9.0934322531616
5.07905514232517	4.98710153315591	4.70155972791254	5.06162587392324	5.01211342116398	5.06316592214973	4.44698690082695	4.72280746161659	4.70699361396317	4.3255347066591	4.96465848375598	4.92405259099658
4.39624531820588	4.53522726569669	4.31348927623397	4.81245412147119	4.53567537722099	4.63020651487362	4.7634605656222	4.47601369679	4.71521412076814	4.48460119262672	4.92121922249108	4.51879611251032
8.53418020540375	8.54452501027878	8.34214573485703	8.3875283378279	8.12975652255308	8.16874467850342	8.09772256298656	8.09116291811003	8.1075315435469	7.75898574625923	8.10992143096402	7.82109540064875
8.65313679239513	8.69312588423526	8.43204588658588	8.45820113070516	8.42785518945407	8.33064623301472	8.11638455010087	8.11728363841311	8.22588839274302	7.87918166691405	7.97303962454363	7.96636339585454
4.60774942339959	4.631442580956	4.84400399293275	4.48162962609544	4.58196902949493	4.50991228115591	4.12278863231476	4.34066184389511	4.50371001557443	4.49250639071207	4.60557739045115	4.56987029710459
4.55770874089999	5.23183512224676	4.85628232271119	4.84750106857039	4.80652928751409	4.84433132022647	4.52642136832135	4.5392075232772	4.6480999249096	4.5390489766491	4.65944426242988	4.83290470293838
6.31322473143798	6.34494920229821	6.34432668015656	6.23486360940639	6.3784356354098	6.14622166187729	6.29901087221828	6.13443835945218	6.19829700747008	6.20802773313921	6.11818904694762	6.19198579624321
4.73328030548345	4.89963869190557	5.18309263897829	4.89294403933156	4.94285075872687	5.03074444445735	4.6576659015996	4.86935612496952	4.89240712267449	4.53139540410566	5.10438324742259	5.05529712427483
9.1497259991551	9.17709215765233	9.06837677839744	9.19289744396166	8.99225299880314	8.93763504006587	8.83973633290401	8.84142211059028	8.83980544238839	9.06824193875163	8.57537055588904	8.74188464726963
4.73328030548345	4.58413686617764	5.12338639285402	4.91513978544576	4.95462792650322	4.81924033926364	4.33377629037895	4.32878774360682	4.69872599797957	4.57671939461515	4.82348242079528	4.70166016966013
4.62405123572869	4.70699361396317	4.92783558373622	4.78860737951683	4.50396651749365	4.83184037604327	4.40089048623749	4.2554145572766	4.42570750357316	4.50818801294434	4.43956743901222	4.51879611251032
5.17068561779074	4.98710153315591	5.52053373323698	4.96917962515865	5.23128194162614	5.23427783854249	4.82759090304191	4.72280746161659	4.93526260163629	4.51596536353606	4.90219439680932	5.0819322507783
5.45209855293939	5.39606451802507	5.52822812502698	5.54705270109348	5.4467416488007	5.61570694517851	5.15647175857105	5.37570879099431	5.2781503151593	5.34749395923524	5.41740578908806	5.46584723256136
9.80161075014511	9.88181741481832	9.57308725487806	9.69068095882757	9.42996593604988	9.43601486357509	9.2678883547225	9.230502388988	9.31377422489002	9.03784015410914	9.18169198925378	8.98353501502705
4.64017090109196	4.95026476497554	5.08216373012751	4.94780597436608	5.15166477356277	4.76771003862356	4.52642136832135	4.34066184389511	4.80267696201848	4.7515936120292	4.69672527850934	4.47926774832368
4.37713649525817	4.41421186473532	4.60299589342895	4.64990110868523	4.61202626335111	4.89324092070741	4.21091954259342	4.15139149273338	3.94228302931406	3.79698551484322	3.85019975917106	4.15064500086231
2.54063522754105	3.13667788920642	3.3659566961281	3.27403420668707	3.22156678679293	3.07381316634924	2.83454366368368	2.65785201977581	2.25578250213084	2.62066274220275	2.96465848375597	1.63127084176873
5.06718104203689	4.80652928751409	5.09258034607285	5.3493223339913	5.07820261162175	4.99757758052215	4.7488137896578	4.73185260121959	4.85569534431797	4.52370101231566	4.97075868329239	4.7796626816614
4.70290665643993	4.75049525259976	4.64606461532084	4.40527873996532	4.53567537722099	4.97503501187107	4.28385106504728	4.16481200849569	4.2781503151593	3.8222966033724	4.13729786989533	4.09941967750714
4.33814236364231	4.11465158287642	4.29556736823671	4.25675621525523	4.12063787794214	4.36138975644583	3.71906644626375	3.99488700705338	4.11376349725842	3.48460119262673	3.58981007459284	3.70166016966013
9.53848676096247	9.52534753497003	9.35355909099588	9.3840513641063	9.26655156943124	9.24609358878968	9.07881600658608	9.02048801025727	9.0647466770501	8.78577072734729	8.99003269545694	8.81117993178367
8.53956139418973	8.57911879141102	8.33119127796743	8.50559827392176	8.30788235558449	8.40841509127171	8.25109762308957	8.1094969596195	8.26000296844904	8.1977894035098	8.21258599719956	8.10916399625357
4.74823064694942	4.73613995962269	4.74182359812627	5.0415881206867	4.80652928751409	5.01977332663635	4.96699395970733	4.96451335800987	4.84823953939893	4.81601034052497	5.14271136608169	4.99116678685512
8.45095672854984	8.69219661203509	8.39149178823524	8.50193660941579	8.35084980373789	8.22475506442398	8.1355121399354	8.06634936961001	8.16041712379899	8.56458406875624	7.91885479414285	7.87539678505246
5.06718104203689	4.87364348337262	4.96232396012151	4.76435983327015	5.06739585666517	4.86899337446074	4.41022835081683	4.62909302679439	4.5686654574152	4.41143478006475	4.4039435292815	4.49256457093714
5.79936949594122	5.49316320613015	5.66013980053256	5.39741662219235	5.61202626335111	5.64456180785069	5.11138386904251	5.2554145572766	5.23306242563076	4.78416147448563	4.90219439680932	5.06423024904484
5.33814236364231	5.35907031054287	5.43307089198664	5.3493223339913	5.73321260987117	5.61570694517851	5.31401303555753	5.19782706572366	5.44065784503913	5.79058774364506	5.08763998358801	5.48593147860469
4.87623825932549	4.75049525259976	5.00706227488679	4.5541421258798	4.80652928751409	4.86899337446074	4.41950616440484	4.44334750786968	4.5777105970182	4.4686596487577	4.59771527267818	4.6551175837231
5.28786915716109	5.20080822662613	5.32236742758042	4.87040147068047	5.17198475794237	5.31726720321352	5.03497075352334	4.9721669305533	5.02396682690777	5.00471254899791	4.82348242079528	5.1252596824424
9.29742979546918	9.27157087449397	9.21144674707248	9.06597227931365	8.95755725754189	8.92739793143948	8.66060318467916	8.70109520565409	8.69872599797957	8.88407280095909	8.65708189897279	8.55489545313705
9.32573734275153	9.45038547728881	9.24393459982138	9.49043363792888	9.10156390227989	9.09618097937769	8.96778469419733	8.90478009082343	9.00816314868374	9.42311448347837	8.84605765170072	8.74813459945963
4.7776744248419	4.35907031054287	4.754998986874	4.83591309429518	4.43837817586608	4.63020651487362	4.15647175857104	4.24281452049697	4.12614722171425	4.27142730131966	4.10438324742259	4.58236124128778
5.43372002362454	4.76470911181946	4.9960070863778	4.68907170596591	4.87009441629155	5.05243951555667	4.83454366368368	4.79362879880628	4.7395982793951	4.58413686617764	4.80311462310132	4.80119584321104
9.52986075594688	9.58012380367102	9.33174098079019	9.48348757231602	9.17827650381009	9.18540914875192	9.00716349320406	8.99535655792519	9.0039753517203	8.9443930797241	8.72857414454868	8.82109540064875
4.68747661587032	4.67724627056912	4.64606461532084	4.82423128924755	4.9190040167725	4.63020651487362	4.56873217317932	4.65785201977581	4.68204725683294	4.73169405459149	4.74022691714593	4.85366326310518
4.52335723610921	4.631442580956	4.88052986895786	5.00065785663181	5.14139643810895	4.75453464987582	4.90228827031952	5.03197632578861	5.23877607682515	5.69448297549442	5.50408020056695	5.43862576382634
8.87112533593184	8.99390492819408	8.70750199302788	8.84605765170072	8.59989093749219	8.59829726691888	8.44016563497093	8.45636645433954	8.42320064796258	8.35130269811954	8.42297819864583	8.16109178829743
4.71817341309324	4.46732320119489	4.93942355801143	4.71460679807305	4.90693118447192	4.91708766266178	4.27365529794139	4.12417002399835	4.54118472099309	4.20562524292391	4.05929535789405	4.29423585449116
4.82074314673378	4.88669963619807	4.96232396012151	5.21263366202292	4.84500343532872	5.12590167749769	4.79231542829439	4.7586526605633	4.72338805221384	4.69790574113521	5.26192452440907	5.03726320144457
10.9750648872825	11.0531907236137	10.7552039005937	10.8137469417953	10.7229198548633	10.7076631672742	10.6544770818823	10.569480534391	10.6424533617685	10.3288499782235	10.4847610568898	10.4128491288929
10.4806341349615	10.6106910465193	10.4369081893306	10.2777863415482	10.2668468104107	10.2469758811671	10.0828361853622	9.97883066083431	10.0747640415633	10.0205174157752	10.0821915338806	9.93748446580211
4.48816780764691	4.80652928751409	4.85628232271119	4.30798153861041	4.83229238357917	4.63020651487362	4.29397528232098	4.34066184389511	4.36430695890901	4.25293095770226	4.45705486574106	4.21623334248989
4.84875752290338	4.67724627056912	4.44937270431574	4.52557297368303	5.03448123419243	5.04163276060009	4.01674699490443	4.43229231936068	4.46523586775979	3.66330707961124	3.32994294783772	4.36823643593494
4.48816780764691	4.66213937817891	4.44937270431574	4.45157239223925	4.43837817586608	4.68679004323999	3.96699395970733	4.08234984830372	3.94228302931406	3.98803380785128	4.16947827564448	4.15064500086231
9.45893058642182	9.48191510910848	9.38143812357132	9.37056113036564	9.29114355761363	9.21516901559478	9.24426096449666	9.15223394241623	9.1641751229046	9.45557617190379	9.22953837874488	9.03044193558855
2.60774942339959	2.73613995962269	3.0180333927078	2.88171678390831	2.96630973155085	2.94054663548577	2.6576659015996	2.96451335800987	2.01067000429431	2.06426939367837	2.8369029365576	2.85366326310518
5.36748632522445	5.3684081751222	5.5586017740705	5.3574502148747	5.53567537722099	5.07381316634924	4.87557093194374	4.98735333436798	5.11996864678512	4.99917436545648	5.34411027976431	5.04630834104758
7.81542934683732	7.88344665840298	7.76805513969945	7.74899552361797	7.67922496323901	7.52938214535413	7.59148482461512	7.436447948852	7.47616082982607	7.55800713435299	7.46355838557872	7.18176112523275
5.04313556807024	4.86046809462489	4.9960070863778	4.90408459693676	5.25051816048906	5.10529139782241	4.49165595016068	4.56979584311062	4.85569534431797	4.81601034052497	4.18004751735466	4.91420480504023
5.2672588774858	5.12570677138542	5.02892170885053	5.12964429735189	5.00079810793615	5.43756143693123	5.3040289469849	5.23647299362314	5.25578250213084	5.87465200843354	5.36278620452474	5.47926774832368
9.91318939549838	9.88669963619807	9.69473846205653	9.54971531958083	9.49492137789065	9.45089607543284	9.24458725535882	9.27758935471297	9.22840336418959	9.28115787409126	8.9669490823439	9.07918059051081
5.46120076004664	5.55988931993096	5.49720122940636	5.41309824442462	5.42150435730168	5.4457819437362	5.29901087221828	5.38720442983215	5.48940217889054	5.10092786425721	5.42186543727876	5.21623334248989
8.01405107561405	8.07527734454228	7.92346598410845	7.90962278047819	7.68630568930967	7.81130906562742	7.7797623779513	7.69532672519447	7.79300090266944	8.2800165013728	7.65187104272509	7.57924862942045
10.1910031769816	10.2128456662909	9.93906283915947	10.0469378521293	9.90275770478307	9.84976228404054	9.75958449601367	9.70195849183177	9.73202240845469	9.64036465664529	9.53374170246864	9.51879611251032
9.55823904601197	9.50644044912211	9.31070361203408	9.15842280380074	9.1901557500288	9.19031002833836	8.98429078318837	8.92463856047072	8.96227852019203	8.88744928289765	8.69718524823774	8.81117993178367
4.99380785570666	4.95026476497554	5.22156678679293	4.88171678390831	4.90693118447192	5.22475506442398	4.72656098281067	4.70454525522385	4.63082193347777	4.56176905314918	5.27183999327415	4.74674805918867
4.92967751828695	4.92517378401271	5.03972846380711	4.95853238095914	5.09957626241432	4.95213460976098	4.62595704187227	4.66731234902488	4.71521412076814	4.61343117297167	4.49986794928004	4.59474496574362
4.57458255946439	4.88669963619807	4.10292229029431	4.78860737951683	4.56670227284162	4.34390232971698	4.88229679513205	4.81080394261441	4.90683419330977	4.9134444914306	5.4613938014654	5.20819602342447
10.0416193356229	10.0537334642462	9.88578012964506	9.8194584039854	9.66853828444176	9.68114348009885	9.50069937161403	9.49871274504913	9.40838424615004	9.41871325697027	9.34880197508904	9.30887304313609
4.37713649525817	4.72164038992757	4.83162026847692	4.43630563558594	4.64147004124359	4.65877566707039	4.20019313600037	4.38720442983215	4.65666193841303	4.62785824360695	4.26192452440907	4.46584723256136
4.87623825932549	4.60007841004666	5.17331161818571	4.5399282666601	4.53567537722099	4.84433132022647	4.41022835081683	4.2679055014598	4.55040325102247	4.52370101231566	4.51664366203086	4.66689475149946
5.03096085412413	4.93777382079234	4.76805513969945	4.76435983327015	4.93097665843858	5.01977332663635	4.64189858574129	4.38720442983215	4.53190690740508	4.31665655531265	4.34880197508904	4.7796626816614
9.75841986776195	9.77044372739072	9.51376731193144	9.4586734486144	9.35862715432961	9.3564928045943	9.12136795761513	9.11512488439534	9.08153633501396	8.87124540699029	9.01607482929493	9.00224879233705
4.33814236364231	4.46732320119489	4.22156678679293	4.42087559501634	4.45505691701271	4.27175254396114	4.04099454115111	3.99488700705338	4.24446718890301	3.45253998339442	3.82348242079528	3.79046943661799
5.59952891659462	5.55171538848526	5.7218321229388	5.8005800211829	5.93097665843857	5.76771003862356	5.81006097848434	5.67201935170241	5.82942968962417	5.51596536353606	5.4613938014654	5.49256457093714
5.32822689477722	5.48460119262672	5.38303020948705	5.23926878852639	5.42996593604988	5.38722976138108	4.82759090304191	5.10341146383155	5.11376349725842	4.64923189439952	4.65944426242988	4.89430524760252
10.1786400874063	10.2295951605489	10.0173501366965	9.9555236310868	9.84934712150307	9.76113738470007	9.59583916714745	9.62272484076166	9.55670699310714	9.71109278452437	9.27584876694069	9.4113184178306
5.3182428062046	5.34967161254061	5.20245796384522	5.09117014953725	5.28823782643822	5.42929382094763	4.9414588676002	5.03197632578861	5.04368506152228	5.1517322349287	5.20095650711764	5.05529712427483
9.85955457255607	9.78881668392626	9.82577860153659	9.67775639273808	9.55562863731615	9.59737512240625	9.54799627391523	9.52301548977461	9.51140125197044	10.0541229983091	9.33822412292152	9.24843216487804
5.92310486436346	6.08096845662013	5.97926382254322	5.8005800211829	5.83866190845489	5.66583042460434	5.81709852922427	5.64354418309193	5.80652928751409	5.7515936120292	5.87317832294915	5.6551175837231
4.87623825932549	4.72164038992757	4.41658276919807	4.37356988023798	4.79347313468864	4.92886483043814	4.44698690082695	4.56979584311062	4.32187169258861	4.03208898792921	3.88937035645174	4.29423585449116
5.17068561779074	4.9749268192098	5.15354836336428	5.09117014953725	4.94285075872687	4.9863503250989	5.1170975202369	4.99488700705338	5.21578443419893	4.93680848449611	5.25194043583645	5.11669766893897
3.98120781892703	4.24203088935265	4.06110211459969	3.85899670740823	4.01211342116398	4.00871813812735	3.62595704187226	3.65785201977581	3.94228302931406	3.70472700699122	4.0707001211663	3.50573995968487
4.41510434545719	4.20080822662614	4.27742002152645	3.83591309429518	4.56670227284162	4.36138975644583	3.7634605656222	4.15139149273338	4.18651983969373	3.78416147448563	3.93999642952171	4.24794220221722
7.66401764304633	7.69961408359757	7.74347711697878	7.54882832598334	7.57435584538505	7.55999751259222	7.59045836065088	7.42673279401878	7.51317034482349	7.84717127201143	7.45705486574106	7.38080510943799
9.72574663279804	9.84842306822089	9.56982902949375	9.69870040716369	9.46332453299631	9.39255533051775	9.45856580151991	9.33436589867143	9.40965115735408	9.52418311592613	9.29603092580498	9.12739226973521
5.04313556807024	4.83375075624911	4.78099419540695	4.56821731109152	4.90693118447192	4.61570694517851	4.77796013531731	4.67671104702713	4.66517343826854	4.77770645234833	5.14271136608169	4.27896909783785
4.71817341309324	3.99917436545648	3.99600708637779	4.35745021487471	4.58196902949493	4.7142707796621	4.05296718281718	4.24281452049697	4.15060026543879	3.28058730060513	2.91490544855888	3.85366326310518
4.54063522754105	4.48460119262672	4.44937270431574	4.3411484025456	4.58196902949493	4.50991228115591	4.02892170885054	4.08234984830372	4.07596146454603	3.9310028628149	4.10438324742259	4.24794220221722
4.43372002362454	4.70699361396317	4.22156678679293	4.18549753208541	4.62682326527919	4.54093917677654	4.24262840232076	4.2679055014598	4.17464573940544	3.74499087720495	3.65187104272509	4.27896909783785
5.86941699346947	6.24203088935265	6.05045487040017	6.2995692987942	6.31132143955126	6.39149178823524	6.92200650493402	6.98546375316675	6.98540324568388	7.69790574113521	7.1332243753089	7.15064500086231
5.93622036415372	5.95026476497554	6.00706227488679	5.77653454721625	6.02892170885053	5.8628672716639	5.67326275665062	5.73185260121959	5.79881432238608	5.61705148865037	6.00979339647648	5.63127084176873
4.70290665643993	4.26220877129027	4.66013980053256	4.43630563558594	4.61202626335111	4.64456180785069	3.9285198118927	4.17810883110915	4.23306242563076	4.24359309312293	4.09324268981739	4.21623334248989
9.21776757219008	9.25404551315264	9.01666655694389	8.97513434829627	8.93172165976723	8.9133874938192	8.90518068580539	8.84142211059028	8.80026402444163	8.31107983773522	8.80567637880412	8.64249809719199
4.25684226154046	4.34021128329155	4.51279808445738	4.40527873996532	4.40443084394274	4.30827841998626	4.3040289469849	4.11036422447332	4.10127255307522	4.06426939367836	4.70406725385051	4.36823643593494
4.83481833194551	4.77878429703118	5.17331161818571	4.94780597436608	4.89475647052582	5.01977332663635	4.62595704187227	4.74084138444684	4.82563811046179	4.66330707961125	4.91490544855888	4.61919800946816
4.70290665643993	5.03479827518721	4.84400399293275	4.72720683485268	4.81946834322158	4.96363024859882	4.46502082365721	4.72280746161659	4.55040325102247	5.12146479525991	4.49140637053184	4.67857655654709
4.95567272681989	5.22156678679293	5.18309263897829	4.99024124068648	5.15166477356277	5.37866774787766	4.68869279722023	4.65785201977581	4.70699361396317	4.5390489766491	4.59771527267818	4.76877436551867
9.1630357346223	9.35320330351087	8.98346789071745	9.3360160775282	8.86931689267215	8.88872543958492	8.80077178623295	8.73016095157388	8.84636955204588	9.15079592659456	8.81248557157836	8.587017603719
8.31322473143798	8.4995515340927	8.15230412435581	8.43053869236705	8.19326567802954	8.13228247091941	8.13480821455384	8.11296289531864	8.19609609927681	7.66067842105063	8.07140993423887	7.93017349555737
4.87623825932549	4.95026476497554	5.25904149221159	4.97974886686883	4.79347313468864	4.92886483043814	4.6654854060589	4.50795658929275	5.0039753517203	4.55423538046377	5.50408020056695	4.70166016966013
7.69328223755153	7.6468726215256	7.51473588869886	7.64326801635279	7.42996593604987	7.44373120417143	7.52749440298658	7.43783050290212	7.62755914646877	7.39571328368593	7.25319223204591	7.34826173617367
4.17068561779075	4.09228376984796	4.29556736823671	4.29110772004601	4.56670227284162	4.32620032798352	3.70395955387354	3.91771914653093	4.06313742418845	4.10608956937299	4.03621174478101	4.27896909783785
4.98120781892703	4.99917436545648	4.61749546312407	4.71460679807305	4.68453876313548	4.88116808840685	4.56036870024469	4.57984950777454	4.5777105970182	4.39465906731392	4.53322654622647	4.61919800946816
9.45494916647479	9.52012037330648	9.27170184106836	9.40772689097004	9.27185668485476	9.23309092359204	9.14148167886386	9.06052752854754	9.15324984385274	8.89604233845637	9.00274045414532	8.84656114741997
5.05520840037081	5.17974661109831	5.24042581404424	5.10088530437047	5.04553642270143	5.15627532654121	4.59353556417989	4.73185260121959	4.76357714232954	4.8222966033724	4.92121922249108	4.89430524760252
9.57458255946439	9.702847273773	9.4077462019593	9.57738008069633	9.45194430514537	9.32285688490915	9.41603397249803	9.33881294572986	9.35282700145379	9.59473310922678	9.04635630218655	9.22073473472483
8.06419718359806	8.18239618951225	7.99183945216257	7.97579446958021	7.83229238357916	7.89474294587265	7.68292585400134	7.57231583508913	7.64595145833103	7.81285690748609	7.62117424550217	7.43518667985957
9.70242695733629	9.74781449300361	9.53492721851417	9.68987655677668	9.39959228700636	9.41156622839828	9.2952358285269	9.26635003495776	9.29983503393214	9.17217875983076	9.17609312006604	8.99233733056305
4.39624531820588	4.37768598871021	4.5586017740705	4.16711900277056	4.51990806136268	4.2531368657938	4.12278863231476	4.29256755569407	4.05019836848095	4.02120067178648	4.20095650711764	4.39680558813171
8.43487556637025	8.48781790531027	8.20005146613813	8.26757918454977	8.21423724499444	8.16750258196447	8.01062089210759	8.02647335011122	8.0031363316089	8.03208898792922	7.91648648437836	7.91049448570186
9.16512609244885	9.28334298437962	9.03703435463785	9.08322812840845	8.94875136016655	8.83262423644881	8.64239393168294	8.67378052592831	8.7218589635271	8.89827561295944	8.44505506465065	8.55410298124627
10.080163344946	10.1760954771008	9.92674442394068	9.8157761788091	9.85013547946853	9.79491235505642	9.62043619831126	9.67084403999513	9.59591077583143	9.66418223586549	9.28658657864334	9.4892518368963
5.18174080629974	4.96264848943137	5.00706227488679	4.89294403933156	5.07820261162175	5.06316592214973	5.13410394554259	5.06813598908402	5.07596146454603	4.63501803517982	5.05355898834491	5.0819322507783
10.096685036347	10.2147882541619	9.78179904621772	10.0212681363071	9.81866304314994	9.82476640089623	9.7418965874618	9.64024522199334	9.69872599797957	9.41975004827676	9.51142217590812	9.42395269944748
4.37713649525817	4.88669963619807	4.63185075610114	4.72720683485268	4.71255313930507	4.780766191449	4.23213602850312	4.44334750786968	4.50371001557443	4.28058730060513	4.80311462310132	4.5445592085754
5.20360024026348	4.96264848943137	5.37451870963153	5.41309824442462	5.19202251117892	5.18602266993526	4.7488137896578	4.96451335800987	4.76357714232954	4.92517378401271	5.2112984513391	5.02816099433732
5.39624531820588	5.48460119262672	5.44937270431574	5.2995692987942	5.47154503980128	5.22475506442398	5.20556630809921	5.26167354774828	5.20997881251772	5.07483863538855	5.32518941786709	5.33909009027542
5.30818914154068	5.06956369334788	5.39149178823524	5.06162587392324	5.3784356354098	5.36138975644582	4.96065243283351	5.03928112641184	4.94926945963017	4.88369714803654	4.67447247166222	4.87412736566489
9.31886884007899	9.2477345011601	9.16962657137785	9.0795477819205	8.90161738457546	8.93544748082811	8.66937932216339	8.71370525450933	8.72440654504886	8.50916247771687	8.59771527267818	8.4480411905702
9.56617031964819	9.59908720764361	9.35139206837156	9.32569632650956	9.25350078516292	9.2419690749385	9.10169047283867	9.02371397080481	9.06675572213301	9.29732507706072	8.95276543774025	8.73420886352832
5.35777117039124	5.08096845662013	5.35734356582339	5.26542107638236	5.12063787794215	5.19580369072785	4.87557093194374	4.83618926103433	4.99724948853199	4.96549123920019	5.01865337339671	4.90428933617515
4.90320530692576	4.77878429703118	5.27742002152645	4.91513978544576	5.12063787794215	4.58626316728602	4.61791972280685	4.55967162583691	4.52256904282575	4.06426939367836	4.67447247166222	4.61919800946816
4.92967751828695	4.67724627056912	4.61749546312407	4.59596230157443	4.85760347210835	4.4941449652976	4.3040289469849	4.05378069610695	4.15060026543879	4.26220877129027	4.00087867166873	4.0819322507783
4.48816780764691	4.61584572590498	4.51279808445738	4.94780597436608	4.6986139483472	5.04163276060009	4.68099840543023	4.19128421985689	4.76357714232954	4.88369714803654	4.98890603000265	4.83290470293838
4.90320530692576	4.43213377273259	5.03972846380711	4.40527873996532	4.6986139483472	4.44578194373619	4.12278863231476	4.43229231936068	4.35381458509137	4.34312876667384	4.41293231250875	4.61919800946816
5.12559772826221	5.02302110741085	5.16346383222936	4.8005800211829	5.00079810793615	4.88116808840685	4.31401303555752	4.52886557905574	4.80267696201848	4.41975004827675	4.79626095206026	4.86393159855901
8.81365372194747	8.87036089938332	8.49916008244441	8.85110330525059	8.58481364765127	8.64098635362686	8.6537401983858	8.54691561841246	8.62374321177241	8.49053414838046	8.64330337955897	8.57768980156389
4.59126130061102	4.60007841004666	4.70155972791254	4.92611090326676	4.61202626335111	4.64456180785069	4.32392850442261	4.50795658929275	4.37472357485435	4.39465906731392	4.51664366203086	4.55727026032495
10.6647565393702	10.7325287060703	10.530384799354	10.4881219966061	10.3597347897321	10.3214614935238	10.0837483021283	10.1066747428544	10.1000959633341	10.2588814210121	9.95141649417223	9.92986806631077
4.62405123572869	4.56801720081436	4.5586017740705	4.71460679807305	4.47154503980128	4.65877566707039	4.24262840232076	4.12417002399835	4.39533385452964	4.21521129175311	4.23176255389882	4.46584723256136
10.0794246377916	10.1000118844802	9.88914523558127	9.88136452043668	9.72807541141912	9.69155070316202	9.46474077026588	9.48105163128054	9.49358997585398	9.68502828246638	9.17741245718669	9.39901390792748
4.90320530692576	4.92517378401271	4.93942355801143	4.66307649743296	4.97789770582607	4.96363024859882	4.50914337688952	4.63874319682811	4.73151593309724	4.3255347066591	4.32994294783772	4.35373686623983
4.52335723610921	4.67724627056912	4.81912932429372	4.56821731109152	4.74003387572718	4.68679004323999	4.05296718281718	4.38720442983215	4.36430695890901	4.34312876667384	3.93999642952171	4.15064500086231
4.80652928751409	4.9749268192098	5.25904149221159	4.95853238095914	4.9190040167725	4.97503501187107	4.71906644626375	4.57984950777454	4.5131703448235	4.51596536353606	4.62890989428177	4.56987029710459
10.1330922648091	10.1305169045797	9.8585729212991	9.86292727218	9.74555250406341	9.73118416259844	9.5896880331212	9.54467167500124	9.57064893318402	9.34994358823015	9.32964631063283	9.34963246790709
5.79217399453702	5.65452619406904	5.43307089198664	5.42087559501634	5.67032490391578	5.72781731150004	5.26853026576352	5.27411065098651	5.34324534338118	5.21998053590098	5.28658657864334	5.13377118229791
9.45722560882623	9.58163001056706	9.47248847988107	9.26811820754908	9.19512842204673	9.22654537907882	8.91218107507795	8.88159972072427	8.93350214377185	9.32664064388527	8.76982849695907	8.75711477474693
5.54919724104447	5.37768598871021	5.00706227488679	5.15784118918254	5.26950126385663	5.32620032798352	5.15647175857105	5.17810883110915	5.08233098942176	5.31665655531265	5.34880197508904	5.07310840039129
9.35898914854791	9.41815135042338	9.34050785951644	9.22434708258671	9.32215810081148	9.38295510628076	9.42066170715055	9.3502381034782	9.41754424543552	9.55635820523459	9.19249874421036	9.40605790136991
9.97327654529081	10.0670568377373	9.7134198831226	9.82386470430315	9.69730021775933	9.6697836179343	9.63569236847498	9.46926896715665	9.57121514003622	9.20171264314779	9.46112299995529	9.36462518238256
5.28786915716109	5.14756620534915	5.231027116042	5.06162587392324	5.04553642270143	5.00871813812735	4.59353556417989	4.70454525522385	4.52256904282575	4.49250639071207	4.84356666683862	4.92405259099658
4.55770874089999	4.70699361396317	4.66013980053256	4.27403420668706	4.79347313468864	4.80652928751409	4.08830025592947	4.19128421985689	4.33259809918168	4.19597507289019	4.2112984513391	4.26353905726825
4.17068561779075	4.39606451802507	4.44937270431574	4.64990110868523	4.45505691701271	4.17617488397892	4.28385106504728	4.5392075232772	4.60451065636192	4.71151617265386	4.92121922249108	4.51879611251032
4.67187976081931	4.69219661203509	4.66013980053256	4.5541421258798	4.64147004124359	4.2531368657938	3.84834946320871	4.15139149273338	4.44560706101086	3.80969656659277	4.36741765325639	4.35373686623983
9.61745082459188	9.70146250798994	9.3595016739908	9.56427252498862	9.29635917099365	9.37866774787766	9.19581265020321	9.21607130965275	9.20670285416094	8.92298179315158	8.99752139662607	8.97467866406654
9.37412774538583	9.34435781264415	9.14856495585002	8.9954589499575	9.01070385090931	8.94490304052991	8.75111217319456	8.79686475165654	8.76555750645778	8.72248087643016	8.60361587411786	8.57612928757627
8.86599422782869	9.02376000373475	8.74182359812627	8.79235951437793	8.68630568930966	8.7295017192114	8.66792033497596	8.64653670654798	8.69041072976757	8.27887422495455	8.49352642240621	8.59936159381399
9.62506400870176	9.62269010694703	9.41191132947417	9.43486605950685	9.201320255761	9.23901575754915	9.00446866512599	9.03563334939669	9.02396682690777	8.78013047146952	8.99265816486376	8.82832367605177
8.3031359138144	8.36141044899738	8.30343561157005	8.38852022170395	8.28940082129433	8.29696310675843	8.49878580140715	8.46723938411493	8.51552576582163	8.28968950771238	8.41963733638664	8.31870485008506
9.28786915716108	9.32829796174805	9.14794081781698	9.09360507845431	8.86931689267215	8.87813402831721	8.68148050904069	8.70741400749321	8.60229623529648	8.65099882057371	8.62020436644655	8.54615422813078
9.32511428290989	9.37595093733946	9.10292229029431	9.14028281779824	9.06536054707641	9.04637067960675	9.0277846839335	8.92315862013828	8.99049212235668	8.81758447602308	8.93649426856576	8.79114217854712
4.57458255946439	4.30173713547692	4.16346383222936	4.29110772004601	4.80652928751409	4.61570694517851	3.9285198118927	4.17810883110915	4.20997881251772	3.57671939461515	3.14810462485191	3.89430524760252
10.1155440635983	10.1674286139143	9.86580258321131	9.95485416701869	9.77532578797838	9.76524880110727	9.56977420647914	9.57137135385024	9.59424034526169	9.41221637559135	9.35114211354355	9.31356321319956
5.33814236364231	5.20080822662613	5.03972846380711	5.0212681363071	5.26004093460756	5.3957412612366	4.77796013531731	4.89374028359648	5.11996864678512	4.41975004827675	4.67447247166222	4.92405259099658
10.2187742207069	10.291342593501	10.0736444977721	10.0823089215976	9.98616944378961	9.91004920839397	9.76550839427106	9.72959662727922	9.74537962452015	9.78918444119492	9.63804242711881	9.58895332793385
4.98120781892703	4.95026476497554	4.95091919684926	4.72720683485268	4.89475647052582	4.95213460976098	4.81358404504804	4.82777702121813	4.49418724145592	4.36912397520679	4.65944426242988	4.79046943661799
4.67187976081931	4.76470911181946	4.67407899149044	4.75208150349171	4.90693118447192	4.63020651487362	4.3040289469849	4.37570879099431	4.19829700747008	4.34312876667384	4.23176255389882	4.55727026032495
4.48816780764691	4.631442580956	4.58834911746455	4.81245412147119	4.6986139483472	4.65877566707039	4.33377629037895	4.2679055014598	4.16267309773936	4.62066274220275	4.4039435292815	4.49256457093714
4.67187976081931	4.66213937817891	4.97363927334935	4.5541421258798	4.71255313930507	4.44578194373619	4.36292263603847	4.50795658929275	4.28920550366829	4.14673155387034	4.42186543727876	4.56987029710459
4.7630276488775	4.70699361396317	4.71510625975049	4.72720683485268	4.85760347210835	4.65877566707039	4.17849806490104	4.52886557905574	4.39533385452964	4.69790574113521	4.54144705303143	4.49256457093714
5.58294603239902	5.34967161254061	5.53588169757042	5.48904709765792	5.55900788105162	5.290131073276	4.72656098281067	4.94908331744026	4.87049234624605	5.10092786425721	4.70406725385051	5.22422613324342
4.50586980938038	4.72164038992757	4.34867870469627	4.64990110868523	4.81946834322158	4.7937052471565	4.53498338182477	4.28028922591564	4.39533385452964	3.90754388999091	3.91490544855888	3.9531989366561
9.52769617183355	9.51277038267374	9.37824867118706	9.37206628964759	9.15485869791551	9.20127651304133	9.00870113794423	8.98451803366984	8.98029635525079	9.20502399472146	8.85433000831579	8.8892871728359
9.95164172380378	10.0237600037348	9.62154734763115	9.73814231253384	9.57864320378815	9.54333528269336	9.36922065993884	9.32543046856416	9.35052000717894	9.09380022997501	9.17312019277063	9.06032881136251
4.7776744248419	4.66213937817891	4.72852677551281	4.73969777903588	4.9190040167725	4.74123782726237	4.24262840232076	4.48674010338306	4.5131703448235	3.88369714803654	4.00087867166873	4.18381186479751
9.2377682858782	9.01486817256163	9.04644180789355	8.78559862964449	8.75694725866352	8.78482212620052	8.60170949562559	8.57357418234805	8.61278459439583	8.82855559384408	8.46679918448749	8.54854345590437
7.35288894901149	7.36607936906223	7.12338639285403	7.49458528119935	7.19946549436448	7.18847414892936	7.20824540829509	7.29866775523049	7.32321686288736	7.06691897209231	7.08623590071233	6.94596736742502
8.58814868874368	8.75317104015053	8.5224611818081	8.73736394993557	8.33854290828628	8.40736318087813	8.34963694528825	8.32505695528288	8.30563105158141	8.31107983773522	8.24629387269531	7.97112084465336
8.49925698630872	8.46188111612664	8.4442981474099	8.22379145190745	8.17702034783967	8.11692088790432	7.97802499683163	8.07614850913541	7.95622222027193	7.80096976217219	7.89339012790408	7.86648730346276
4.59126130061102	4.72164038992757	4.78099419540695	4.95853238095914	4.68453876313548	4.91708766266178	4.47395394842721	4.28028922591564	4.55956325030795	4.29873464731539	4.54962098447713	4.35373686623983
4.64017090109196	4.24203088935265	4.74182359812627	4.45157239223925	4.51990806136268	4.21516901559477	4.01674699490443	4.05378069610695	3.840745002852	3.89566978970262	4.09324268981739	4.30934274688137
5.73328030548345	5.60798360813201	5.48143391354804	5.3493223339913	5.40443084394274	5.46208375606529	5.18938638104378	5.19782706572366	5.20414973371552	5.03750248411558	5.09324268981739	5.15900847379694
10.1644296429828	10.1757630971798	9.98800851558448	9.99056790094846	9.77116936032415	9.81250153989911	9.59507170811301	9.58453815356817	9.59896821757873	9.78556966887843	9.32250865827093	9.40386034566566
7.26466176599976	7.42767412454189	7.22156678679293	7.69389408942275	7.64510861830693	7.60657015060639	8.05965838541615	7.97121245149706	7.99471918380698	8.37821943114221	7.73754615754978	7.90428933617515
4.41510434545719	4.15837296030573	4.85628232271119	4.72720683485268	4.43837817586608	4.4941449652976	4.16752694708004	4.21727942838983	4.13842555149269	4.16663111130805	4.2816877792305	4.00978246502246
7.30818914154069	7.42990567184048	7.40409182501487	7.81835472291088	7.44256597282951	7.54285637977083	8.07588518782112	7.98072894405673	8.0371422156555	8.40411939656299	8.27923212750419	8.02930191574188
6.48816780764691	6.58413686617764	6.49720122940636	6.77956223991382	6.3021322680966	6.37436761044403	6.17849806490104	6.28028922591563	6.18059500573662	6.21998053590098	6.04779971905622	6.22023527304738
4.88978479116343	4.80652928751409	5.03972846380711	5.58907591598919	5.02334067658724	5.09487478187707	5.9414588676002	5.86525172663679	5.92111841931602	6.24593323157745	6.18267777339933	5.70166016966013
5.23578064601263	5.16909936689879	5.14356427479165	5.24803899815412	5.18203842260629	5.15627532654121	4.75615576499897	4.86113561816456	4.78716396264716	4.78416147448563	4.68934574814374	4.98176808885286
9.69521226464993	9.83079830227723	9.50599519863819	9.77425960055686	9.50346549472741	9.48818751000119	9.43445650587081	9.44678495300527	9.52870382899785	9.28400736156884	9.36857319600209	9.20617967782597
4.55770874089999	4.37768598871021	4.06110211459969	4.29110772004601	4.74003387572718	4.7142707796621	4.23213602850312	4.34066184389511	4.40552962163552	3.53139540410567	3.76851596157735	4.11669766893898
4.50586980938038	4.32110246034384	4.1830926389783	3.99024124068647	4.51990806136268	4.44578194373619	4.26338696248756	3.81931544246993	4.07596146454603	3.53139540410567	3.74022691714593	3.76877436551866
4.57458255946439	4.58413686617764	4.66013980053256	5.24803899815412	4.88247814074738	4.94054663548577	5.34842306634336	5.17810883110915	5.43569159214578	5.11123287264895	5.18530324280616	4.86393159855901
6.35777117039124	6.59212965693117	6.3702440545312	6.43246356929155	6.16186054066866	6.26247473037314	6.13691896114964	5.96451335800986	6.13842555149269	6.14673155387034	6.1983593956316	5.97704567861046
8.71151407697903	8.85881267844683	8.54159534876481	8.59682079314447	8.36084157539506	8.29809864010386	8.27557250093568	8.16397687386115	8.19976241647458	8.15857999123683	8.08201543439414	7.89555704381198
5.20360024026348	5.10351102527122	5.11319062574814	5.45157239223925	5.41299285744616	5.4042028399848	5.31401303555753	5.21727942838983	5.50371001557443	5.13667788920641	5.32518941786709	5.06423024904484
4.37713649525817	4.22156678679293	4.67407899149044	3.83591309429518	4.61202626335111	4.55620593342985	4.08830025592947	4.09642503351545	4.46523586775979	3.77122241877813	3.79626095206026	3.8741273656649
8.20495551987549	8.40176012368907	7.94805386315487	8.11173721961394	7.84024990535809	7.85053646975317	7.93338556706451	7.82672203393829	7.84543364864563	7.84794173667107	8.22348398978722	7.93626854070622
4.95567272681989	5.09228376984797	5.22156678679293	4.70189574632349	5.07820261162175	5.14622166187729	4.77796013531731	4.52886557905574	4.65666193841303	4.4686596487577	4.32042017371922	4.64324348343481
10.4463803724813	10.4520333301703	10.2699819580422	10.2215667867929	10.1052008116082	10.104318028816	9.92892591887382	9.94179328150978	9.89353944754299	10.0427275083756	9.59549631037318	9.77864538578597
9.54385194022459	9.65070448311663	9.27399183367756	9.42136029014634	9.30673417005561	9.32620032798352	9.19141882332529	9.12545756985881	9.13842555149269	8.71658716220129	8.98815443058952	8.91173231936071
4.92967751828695	4.60007841004666	5.0180333927078	4.56821731109152	4.56670227284162	4.8567150446823	4.44698690082695	4.49738734758257	4.49418724145592	4.48460119262672	4.55774886536053	4.32429308834734
6.51026157849753	6.47598806232202	6.63185075610114	6.70508402395454	6.46332453299631	6.58626316728603	6.82235425467576	6.7091325247195	6.87416800438945	6.60616317250764	6.84190361761597	6.84591376350024
4.84875752290338	4.20080822662614	4.67407899149044	4.389511424107	4.55127223227201	4.52550913620693	4.23213602850312	4.44334750786968	4.2670097575541	3.99917436545648	4.49140637053184	4.00978246502246
4.79217399453701	4.73613995962269	4.12338639285402	4.48162962609544	4.6986139483472	4.3957412612366	4.32392850442261	4.2679055014598	4.39533385452964	4.28058730060513	4.02452993973338	4.32429308834734
8.90237017229121	8.99616561558414	8.76967888217911	8.87819027264153	8.66226763483907	8.59182984316057	8.53284763748078	8.48004545080905	8.50548855910055	8.90124794476722	8.32221048837406	8.30558082808517
9.80965055755748	9.83669718040562	9.71847311084889	9.74202783882779	9.58954224919973	9.61114578095914	9.51456501063156	9.46690084251045	9.55155143655135	9.48633415985118	9.28291403943258	9.25916945764048
4.59126130061102	4.53522726569669	4.66013980053256	4.42087559501634	4.43837817586608	4.81924033926364	4.21091954259342	4.19128421985689	4.10127255307522	3.94259083709011	4.23176255389882	4.06423024904484
9.0461632607678	9.09439554632782	8.90659216554406	8.85828090732364	8.88939755468718	8.83340767119023	8.78963466869823	8.81400164257346	8.77738294185457	8.37394635866363	8.59426207722331	8.55251673035432
9.33381272897316	9.47003656487018	9.21919197960502	9.15842280380074	9.14139643810895	9.07315001072235	8.85989621703675	8.91126412439363	8.82373857754631	8.97926999132056	8.65755468122867	8.68510624099927
9.24634988772282	9.28457658431873	9.2392543198338	9.16132736496079	9.04897386783703	9.00524594622055	8.86372468909563	8.86113561816456	8.86634600605588	9.25380329172515	8.82684927189368	8.64324348343481
7.77949486046627	7.73613995962268	7.72015359448781	7.90408459693676	7.80490371546504	7.88872543958492	8.43617161806911	8.34213925830061	8.46767079667685	8.48360999022367	8.37950493555511	8.55410298124627
9.03553842023068	9.19950084543935	8.8493886247694	9.23155087536555	8.83627663090814	8.74374033446554	8.69968208232692	8.65547721258791	8.69041072976757	8.8308957322986	8.46193525204067	8.35282578629739
8.61694184768031	8.80481077028779	8.46047429491239	8.77425960055686	8.38061988267167	8.27175254396114	8.2876559772507	8.17976234996167	8.2725907898174	8.42026816465542	8.19380317019515	8.03385660000132
5.59126130061102	5.67724627056912	5.68099840543023	6.10088530437047	6.19202251117891	6.10009249114809	6.3508498037379	6.42394497664716	6.42570750357316	6.73669473564986	6.21900654647436	6.54774748620645
6.47024589964965	6.51434853602078	6.29556736823671	6.19005581404771	6.09426246251785	6.20066944589966	5.90559341504319	5.92956075917544	5.97345892519724	5.38619748856573	5.74735135157931	5.89930592866089
9.02022304242148	9.0986098483729	8.7922214508302	8.75592971873918	8.7728333686296	8.74457353982562	8.67132234608119	8.64593869823231	8.61003188407609	8.19294610885316	8.373186133716	8.4073748298419
5.03096085412413	4.92517378401271	5.03972846380711	4.96917962515865	4.83229238357917	4.72781731150005	4.46502082365721	4.74977450921685	4.52256904282575	4.37768598871021	4.49986794928004	4.41088077334343
5.01868252434569	4.80652928751409	4.91615377868858	4.62318377030945	5.16186054066866	5.08438240805943	4.41950616440484	4.81931544246993	4.35381458509137	4.19597507289019	4.09324268981739	4.43862576382633
3.3182428062046	3.48460119262672	3.22156678679293	3.3079815386104	3.98939334466389	3.76771003862356	3.28385106504728	3.40992450633223	3.3001766214893	2.88369714803654	2.78245515253523	2.9723077596038
10.521726764991	10.5174996731474	10.4572031614744	10.3393541649001	10.139785388203	10.1380011550723	9.92363759051295	9.90777634328334	9.94861591713161	10.1793895651778	9.69234823630527	9.77150415827424
5.42444221003653	5.31145229031013	5.44124482343234	5.36553256117256	5.3519634240486	5.31726720321352	4.92851981189269	4.97978011466318	4.96314163421173	4.88969588865799	5.15883103144497	4.90428933617515
4.96849676717748	5.21122484257147	5.22156678679293	4.91513978544576	5.29751564002623	5.290131073276	5.13972849473647	5.09642503351545	5.05668240205115	5.06426939367836	5.27677228881638	5.30180907419596
5.24634988772282	5.24203088935265	5.42485038518167	5.20364487879567	5.31589416934108	5.08438240805943	4.83454366368368	4.74977450921685	4.85569534431797	4.87162431573597	4.97075868329239	4.95319893665609
4.88978479116343	4.6468726215256	4.78099419540695	4.45157239223925	4.51990806136268	4.95213460976098	4.40089048623749	4.11036422447332	4.62210471637666	3.90754388999091	4.3011839548563	4.35373686623983
5.74823064694942	5.72890839039161	5.68788479101547	5.84171871597639	5.87009441629155	5.83184037604327	6.004468665126	5.97978011466318	6.08233098942176	5.69448297549442	5.84356666683861	5.9723077596038
5.79217399453702	5.48460119262672	5.91027721235191	5.3411484025456	5.63416524062036	5.72105994532474	5.33377629037895	5.45431862569068	5.35381458509137	5.17156340685028	5.32994294783772	5.33909009027542
8.43024783171773	8.48995840279623	8.26711092218748	8.54882832598333	8.35196342404861	8.27406270464835	8.40089048623749	8.29714512180061	8.38055003795332	8.17647889726439	8.44833764863995	8.17970746646477
4.57458255946439	4.98710153315591	4.58834911746455	4.03146390341299	4.76700092332745	4.74123782726237	3.99208494067016	4.50795658929275	4.5686654574152	3.26220877129027	3.10438324742259	4.15064500086231
4.9427336711124	5.16909936689879	5.29556736823671	5.20364487879567	4.89475647052582	5.38722976138108	4.72656098281067	4.69532672519448	5.05668240205115	5.0428957428858	5.18530324280616	5.01900099505184
3.84875752290338	3.61584572590498	4.14356427479166	3.27403420668707	3.76700092332745	3.74123782726236	3.38203145898617	3.63874319682811	3.50371001557443	3.10608956937299	3.63660428607177	3.30934274688137
5.47923468287691	5.23183512224676	5.49720122940636	5.11053547440419	4.97789770582607	5.4941449652976	4.9414588676002	4.7586526605633	5.20997881251772	5.30772343054264	5.26689077730242	5.09070246040603
4.92967751828695	4.61584572590498	5.06110211459968	4.8005800211829	5.32499637644834	4.91708766266178	4.28385106504728	4.66731234902488	4.79494131323887	4.71827353882917	4.24188677117252	4.51879611251032
3.54063522754105	3.76470911181946	3.58834911746456	3.85899670740823	3.74003387572718	4.09487478187707	3.47395394842722	3.34066184389511	3.36430695890901	3.06426939367836	3.68192827658126	3.36823643593494
5.03096085412413	4.86046809462489	5.24976367862358	4.5399282666601	5.01211342116398	4.86899337446074	4.21091954259342	4.48674010338306	4.61333450674893	4.52370101231566	4.58981007459283	4.6551175837231
4.71817341309324	4.46732320119489	4.48143391354804	4.6096372384715	4.53567537722099	4.52550913620693	3.88899144770606	4.30474226964017	4.13842555149269	4.13667788920642	3.92750548533851	3.9723077596038
9.3699049260271	9.42990567184047	9.13098620871219	9.04095743431998	9.02961782227339	8.91412828718124	8.74097178291674	8.83093736211145	8.62973515750104	8.34912750729528	8.59030542053448	8.53896271206649
9.93866630151421	9.89843057316849	9.8616214064078	9.58258993904857	9.54007906229793	9.4856979579755	9.23378050040223	9.28567385775228	9.2294798684362	9.42879032965822	9.03948028119935	9.17559135799254
6.72574663279804	6.79272348798906	6.76480216190436	6.95853238095913	6.84500343532872	7.04163276060009	7.13691896114964	7.16314125551118	7.24020096093198	7.53618364295471	7.43956743901222	7.36823643593494
4.96849676717748	4.89963869190557	4.81912932429372	4.52557297368303	4.89475647052582	4.63020651487362	4.40089048623749	4.40992450633223	4.23306242563076	4.03208898792921	4.66697793511529	4.15064500086231
4.90320530692576	5.02302110741085	5.39149178823524	5.05164178535062	4.96630973155086	5.2531368657938	4.77072856608624	4.62909302679439	4.93526260163629	4.81601034052497	5.04201736646222	4.92405259099658
4.7776744248419	4.77878429703118	5.02892170885053	5.15784118918254	4.95462792650322	5.08438240805943	4.88899144770606	4.86113561816456	5.0039753517203	4.9824311016219	5.32518941786709	4.79046943661799
5.28786915716109	4.60007841004666	5.33119127796743	5.09117014953725	5.12063787794215	5.36138975644582	4.77796013531731	4.69532672519448	4.7395982793951	4.59151639654323	4.78245515253523	5.07310840039129
5.25684226154046	4.87364348337262	4.84400399293275	4.82423128924755	5.03448123419243	4.92886483043814	4.6654854060589	4.38720442983215	4.63082193347777	4.38619748856573	4.54144705303143	4.45230070072341
8.81098618027983	8.58613921908879	8.6592641130757	8.54705270109348	8.45298258877485	8.51089204013475	8.90021870312931	8.91870966839674	8.89783419505882	9.27400943492493	8.75753147847691	8.84914778198269
4.87623825932549	4.84717127201143	4.51279808445738	4.92611090326676	4.6986139483472	4.7937052471565	4.33377629037895	4.21727942838983	4.5686654574152	4.45253998339442	4.44833764863995	4.30934274688137
6.17622380133218	5.79272348798906	6.0180333927078	5.94241271559586	6.08892901821481	6.21516901559478	5.82410191696204	5.84455273396895	5.83321133016659	5.45658681645712	5.33940327708679	5.28662267038129
8.31698992289452	8.28457658431873	8.22512168396955	8.10933272732253	8.05787308254667	8.13609744460358	7.88397337293944	7.92266496913573	7.91934060634812	8.13667788920642	7.89739873020767	7.85366326310518
4.62405123572869	4.48460119262672	4.43307089198664	4.37356988023798	4.81946834322158	4.54093917677654	4.28385106504728	4.31681510194075	4.0371422156555	4.22473406587161	4.10438324742259	4.00978246502246
9.42676726298277	9.37537212287197	9.25150781952618	9.16480513693231	9.01563133327258	8.94707631993796	8.75844249085558	8.81400164257346	8.7876512773084	8.97433889995439	8.64473486144345	8.62600140450633
5.36748632522445	4.99917436545648	5.16346383222936	5.28259622019049	5.33404151605134	5.35267253934472	4.93500384546289	5.13784496089543	5.43569159214578	5.12655367193271	5.13729786989532	4.99116678685512
5.20360024026348	5.32110246034385	5.231027116042	5.27403420668706	5.22156678679293	5.27175254396114	5.07661845088183	5.21727942838983	5.11996864678512	5.24359309312293	5.28658657864334	5.09941967750714
4.54063522754105	4.20080822662614	4.41658276919807	4.30798153861041	4.61202626335111	4.47820342142857	4.05296718281718	4.29256755569407	4.01067000429432	3.45253998339442	4.10438324742259	4.0819322507783
5.37713649525817	5.60007841004666	5.74842633295052	5.49642662802351	5.4467416488007	5.42097855273562	4.92851981189269	4.95681896621987	5.08233098942176	4.8222966033724	5.16416447574801	5.18381186479751
9.49649267229785	9.52378137410602	9.28425205500887	9.25131413018698	9.12910709871096	9.13800115507232	8.91300242155097	8.91026847560263	8.94665351142316	8.78335617441399	8.78158788768141	8.79584260871684
9.20698605510286	9.30781676959362	8.9365352786866	9.23926878852639	8.90009555422243	8.88343945341166	8.6958692091703	8.67612541883119	8.68152292644705	8.54523774559549	8.56381486605989	8.42395269944748
4.64017090109196	4.87364348337262	5.21204401267442	4.91513978544576	4.9190040167725	4.75453464987582	4.49165595016068	4.35243901167147	4.45545484696721	4.5390489766491	4.42186543727876	4.33909009027542
9.68407918274895	9.71662231516095	9.51231322643201	9.52196172013065	9.37679527702854	9.3300912435711	9.21924440724435	9.18759078721298	9.19866349928989	9.39808245771858	9.14776813621111	8.99409136730299
8.18586475872447	8.12570677138541	8.15727465482256	8.10451168677642	8.04278055741092	8.09618097937769	7.97173187871399	7.95778301239064	7.97174449238599	8.38035123063004	8.05068222758934	7.88551212914452
8.79036949769027	8.86129509094498	8.71426331783876	8.71934471707971	8.68011195683651	8.60565328051459	8.40848209878896	8.40639799506546	8.39469422027359	8.67551121919837	8.1554875883706	8.28471308037266
4.33814236364231	4.631442580956	4.49720122940635	4.29110772004601	4.7263589388301	4.75453464987582	4.24262840232076	4.23010346874742	4.24446718890301	4.0428957428858	4.19053989117231	4.45230070072341
8.91898169767905	8.88588707912737	8.61207518733981	8.58388946927385	8.5503023532164	8.54572741562558	8.35448227323782	8.34950372064692	8.30358805613843	7.88519917320178	8.28291403943258	8.09506765296743
4.65611244496099	4.22156678679293	4.1830926389783	4.07154134278832	4.42150435730168	4.76771003862356	3.91546365906725	4.34066184389511	4.11376349725842	3.43623817106533	3.54144705303143	3.6551175837231
6.4566568349017	6.39606451802507	6.48933911163339	6.37356988023798	6.3564093290798	6.27175254396115	6.25044790678006	6.23329174637846	6.34324534338118	6.02937460323218	6.30842762718292	6.40033727910196
9.05520840037081	9.27715911275625	9.04308904077713	9.14146004759909	8.96266931821149	8.97716340425251	8.98936177273579	8.85804081174169	8.91399398488264	9.27171443338168	8.94813522769721	8.66101818516278
5.45209855293939	5.45860598409378	5.4574550506136	5.19459973919266	5.34303029927859	5.38722976138108	5.15091223322915	5.11728363841311	5.32724486468747	5.04826891498465	5.15883103144497	4.96278498548529
7.42211340397656	7.5414324152234	7.22156678679293	7.23486360940639	7.11277576016918	7.27175254396115	7.3855863561628	7.34066184389512	7.40552962163552	6.94835010637879	7.14406157211462	7.03499302781974
4.70290665643993	4.13667788920642	4.0180333927078	4.01099980085328	4.31589416934108	4.58626316728602	3.73401678772972	3.91771914653093	4.15060026543879	3.66330707961124	3.75444077636563	3.74674805918867
9.59436721147884	9.69544644938235	9.41917149237766	9.52827549406285	9.38116542816537	9.36138975644582	9.23673583439756	9.19415036675848	9.21469765822219	8.72416038190609	9.09394150070094	8.92833994939968
4.87623825932549	4.77878429703118	4.96232396012151	4.87040147068047	4.9893933446639	4.83184037604327	4.23213602850312	4.56979584311062	4.41565383890923	4.34312876667384	4.4039435292815	4.51879611251032
4.39624531820588	4.06956369334788	4.22156678679293	4.32466027975703	4.48784685213038	4.50991228115591	3.79231542829439	3.78496393767915	3.95622222027193	4.08533100920619	3.87643130074424	3.85366326310518
9.33875982354511	9.35379107905002	9.0444310827724	9.16016624212879	8.92799279999975	8.92004098005113	8.76072559790096	8.77405916134028	8.81850192918016	8.43572575939562	8.84315108422278	8.57456708380599
8.98673388055963	9.07099422895432	8.7978024830935	8.98762529247946	8.80083175385444	8.81130906562742	8.72469099545763	8.68313731618656	8.79348625003849	8.36912397520679	8.59722246480289	8.5596411647877
5.84875752290338	5.92517378401271	5.80018776064026	5.87040147068047	5.88863036772898	5.95789387904967	5.77434888176494	5.80224192911099	5.82942968962417	5.60980174957098	5.84688702513023	5.91420480504023
10.0645705035745	10.0901688976771	9.9198145140729	9.72955713953902	9.69554671399938	9.68157861659465	9.39060751297563	9.47937427376001	9.38151883152585	9.33957229658198	9.08799079089452	9.17816530165637
10.3097646522803	10.3428782770403	10.1115910080647	10.3043072178009	9.94580407611621	9.92703097352299	9.80143728714775	9.84063839212417	9.8249260786759	9.75365078483019	9.6085146735307	9.54416017799869
6.90654101948902	6.90926739310334	6.83782541800363	6.96917962515864	6.81301332108428	6.90819126217339	7.02284719444085	6.99488700705338	7.02065409286693	6.78255042457965	6.96312939506923	7.02358826454749
5.47923468287691	5.59212965693117	5.66013980053256	5.44395920812938	5.58954224919973	5.47820342142857	5.58118717175224	5.42115176175548	5.36430695890901	5.44848176682007	5.88291533431444	5.25576170667652
4.9427336711124	4.67724627056912	4.67407899149044	4.81245412147119	4.64147004124359	4.84433132022647	4.37250868486767	4.19128421985689	4.39533385452964	4.70472700699122	4.77550239189346	5.04630834104758
11.3579234739059	11.3946370962792	11.1782104175985	11.2108123424772	11.019140688058	11.0146017532617	10.8705058768609	10.8251381050975	10.8469541835086	10.8602135388164	10.6806495491739	10.5891467575837
5.00629879988986	5.17974661109831	4.96232396012151	4.77653454721625	4.94285075872687	4.76771003862356	4.45603204042995	4.59974906521225	4.40552962163552	4.62785824360695	4.65944426242988	4.81184308741055
4.67187976081931	4.67724627056912	4.92783558373622	4.77653454721625	4.87009441629155	4.90521356237349	4.7634605656222	4.70454525522385	4.78716396264716	5.10608956937299	4.71864005493779	4.94354876662238
9.4583624844098	9.51013628473386	9.30623533113856	9.38454858797505	9.17009187110941	9.17184524930977	9.09120598710488	9.03745839080502	9.06715719564079	9.23213024243616	8.92907278048547	8.83486355597644
9.47587044884353	9.5811281163053	9.3595016739908	9.30325569075658	9.28240874763602	9.13800115507232	9.01368719515538	8.95392295646677	8.98752579283869	8.8510194872589	9.04274142923319	8.79450119063704
5.10251411514917	5.14756620534915	5.31348927623397	4.88171678390831	4.84500343532872	4.780766191449	4.56036870024469	4.7586526605633	4.52256904282575	4.67724627056912	4.88291533431444	4.8842515829386
5.58294603239902	5.75761968703314	5.72852677551281	5.51834140445195	5.80652928751409	5.54093917677654	5.33377629037895	5.11728363841311	5.16267309773936	5.39465906731392	5.57386853072381	5.51228280555165
5.88302742498813	5.77176386935341	5.8865286095793	5.3493223339913	5.69159352066943	5.65877566707039	5.24262840232076	5.30474226964017	5.36952466818003	5.23890139779821	5.27183999327415	5.45230070072341
4.80652928751409	4.60007841004666	4.72852677551281	4.49642662802351	4.40443084394274	4.54093917677654	4.50914337688952	4.24281452049697	4.20997881251772	4.39465906731392	4.8369029365576	4.33909009027542
10.1995267456771	10.3059955679536	10.0343352050369	10.1441053076593	9.94285075872687	9.94345236666118	9.759127802423	9.71826353647163	9.75612647140125	9.63211365393851	9.63228124126288	9.4437690671023
10.0362999378207	10.0845140348139	9.85704625973771	9.87111128375304	9.75988682169077	9.77425288449033	9.58634518597341	9.50762746985688	9.54436023912355	10.0707192360936	9.35959343680987	9.41917340116016
4.70290665643993	4.67724627056912	4.95091919684926	4.85899670740822	4.90693118447192	4.8567150446823	5.19479987723015	5.21082440625253	5.2725907898174	5.80652928751409	5.40844492151644	5.63127084176873
5.42444221003653	5.66213937817891	5.61026389389299	6.04662371058399	5.68453876313547	5.57131282582005	5.98897232880283	5.84037705799776	6.00061633963039	5.8128569074861	6.17212785405842	5.76877436551867
4.68747661587032	4.77878429703118	4.95091919684926	4.75208150349171	4.84500343532872	5.26247473037313	4.35327246600475	4.44334750786968	4.474951022593	4.5390489766491	4.64425785861521	4.59474496574362
6.27243911659148	6.22156678679293	6.12845738240145	6.38156267099151	5.98365697511475	6.17122566800718	6.33622776937305	6.45158365796944	6.63516086920211	6.5390489766491	6.5778704612813	6.47592430524931
9.47755354649609	9.46351589821759	9.25961937927756	9.03653489296041	9.06807365561627	8.9764542889564	8.8179758141652	8.85027462553279	8.79833076446606	8.46213274166855	8.77593792247515	8.59859318099109
9.17622380133217	9.22027809082436	8.93581230445905	9.02892170885054	8.90693118447192	8.98705459411014	8.89773129727022	8.83146341318051	8.85243816980551	8.43316096753631	8.83565005324752	8.64696464887388
4.65611244496099	4.35907031054287	4.3659566961281	4.43630563558594	4.6559696109387	4.36138975644583	3.9285198118927	3.88565793729862	4.20997881251772	3.53139540410567	3.2112984513391	3.79046943661799
9.59022450930453	9.6838061164187	9.31293257352944	9.52782542541441	9.28532623101831	9.27636917203152	9.26435272959328	9.10471766133218	9.19462695959701	8.82777470341046	9.1866141879585	8.90428933617515
5.06718104203689	5.01114700712256	4.89250251062394	4.6096372384715	4.95462792650322	4.99757758052215	4.53498338182477	4.48674010338306	4.54118472099309	4.29873464731539	4.81672505461998	4.49256457093714
9.4092373384252	9.42320064796258	9.34867870469627	9.07400959837907	8.99296702754372	8.99547911463816	8.71577530412074	8.83093736211145	8.74312011733802	8.93499673612176	8.76501001807582	8.61616394937852
5.44293855365392	5.46732320119489	5.27742002152645	5.81245412147119	5.24093211165986	5.13609744460358	5.5561687117154	5.381468060283	5.59563250501547	5.28058730060513	5.70406725385051	5.47926774832368
9.33628839674649	9.42208010806867	9.15043575149694	9.21822334371856	9.09559274849582	9.03755926601366	8.93783147209571	8.84975539031362	8.92688122787931	8.68804332022181	8.99453057919653	8.75573684241592
4.60774942339959	4.50167470598567	4.60299589342895	4.48162962609544	4.61202626335111	4.7142707796621	4.12278863231476	4.19128421985689	4.13842555149269	4.25293095770226	3.98890603000265	4.16732374200894
9.67677191552708	9.72027355416367	9.42690990735997	9.53590525696785	9.33291397004561	9.35758245346852	9.17165089950477	9.17396672363881	9.2423356518875	9.12814027171968	9.00645682673333	8.99116678685511
9.48203223085626	9.4803010551931	9.39885517664873	9.45772865811509	9.1471813669418	9.2199700018586	8.9622404297367	8.99629520144619	9.01733373457532	9.13320569729961	8.8022596926817	8.74951980843872
9.02943176543739	9.15904570223487	8.72769164087827	9.0795477819205	8.63782226422844	8.72275225641719	8.60170949562559	8.6941702561619	8.61113359855566	8.01846570406524	8.61729081101494	8.35737544330317
9.28017476537108	9.37073322806845	9.04308904077713	9.17000612608928	8.82348811467392	8.91782655898569	8.80785468498065	8.81719227057696	8.80701010572913	8.5390489766491	8.80951050341957	8.45315109570288
4.17068561779075	3.82020422441116	4.03972846380711	3.83591309429518	4.03448123419243	3.86899337446074	3.6576659015996	3.55967162583691	3.2781503151593	3.31665655531265	3.4039435292815	3.8741273656649
4.87623825932549	4.80652928751409	5.06110211459968	4.30798153861041	4.6986139483472	4.42929382094762	4.55195646042849	4.5184489631104	4.42570750357316	4.42801766426035	4.57386853072381	4.6901645308223
9.54385194022459	9.70699361396317	9.35139206837156	9.42136029014634	9.26891180724337	9.21216026572244	9.15958960235098	9.10297580172923	9.16267309773936	9.43521316566456	9.01201349700316	8.83225116043983
4.33814236364231	4.43213377273259	3.70155972791255	4.29110772004601	4.201937980044	4.19580369072784	4.6339498326258	4.49738734758257	4.5686654574152	4.81601034052497	4.86991799378557	4.90428933617515
10.1782951513519	10.1919603247076	10.0077504194459	10.0029265003176	9.85367776889455	9.84937503533578	9.65005012465211	9.61327250931199	9.62319725337767	9.83167493568827	9.48715689753048	9.47968513442261
9.62354458250456	9.61927197527997	9.53826513614472	9.24146634423063	9.30443505396602	9.25781335300327	9.11102601339367	9.16689773249767	9.04368506152228	8.84408529213769	8.79325220218792	9.10104830801788
9.43198497225379	9.45641842485602	9.11766014261624	9.26163660155484	9.05103241045628	9.0974859953336	9.05184895898581	9.03426305164521	9.04694539068586	8.87918166691405	8.95469031466474	8.77898456412089
6.70290665643993	6.44983577446605	6.49720122940636	6.49642662802351	6.79347313468864	6.57131282582005	6.65766590159961	6.58485018883291	6.6394867946049	6.53139540410566	6.60949244045454	6.77422879561077
4.9427336711124	4.95026476497554	5.24976367862358	4.91513978544576	4.87009441629155	4.780766191449	4.59353556417989	4.47601369679	4.50371001557443	4.67724627056912	4.79626095206026	4.92405259099658
8.35777117039124	8.38805270426847	8.09517279068937	8.18206934423653	8.02613389147891	8.15251340774501	8.16890290811986	8.25306041744358	8.23163047013763	7.92881971731751	8.18333458881741	8.07862962810546
5.30818914154068	4.86046809462489	4.754998986874	4.85899670740822	5.14139643810895	5.06316592214973	4.58531505737492	4.80224192911099	4.91399398488264	4.16663111130805	4.10438324742259	4.58236124128778
9.82162688032399	9.83501424636714	9.77777029453266	9.65650384350948	9.61851863386176	9.54333528269336	9.40001195477369	9.40498497336495	9.39341410036627	9.78536858238555	9.19315110462884	9.25332266122511
6.17622380133218	5.906064961065	5.78742046456638	5.76435983327015	5.97211535323206	6.05243951555667	5.57704744139132	5.69532672519448	5.80267696201848	5.13162466148013	5.25694111689481	5.42481996430131
9.6123529569522	9.63338038519749	9.42278791872478	9.36653967817045	9.21912774134151	9.2030961832942	9.11388637624568	9.02279300362327	9.04857279643191	8.96335970218469	8.84231955968052	8.88991538753814
9.90403995840457	9.96303377319408	9.77534763226581	9.74706342872508	9.58528720585046	9.57600147161368	9.38883733478927	9.34250837562152	9.38763946273964	9.40699772261972	9.27307464892579	9.12632637013675
5.57458255946439	5.48460119262672	5.48143391354804	4.91513978544576	5.11014550412451	5.15627532654121	4.91546365906725	4.90977039341543	4.97002801979697	5.2152112917531	5.1905398911723	5.1252596824424
4.48816780764691	4.51854852455006	4.57355211553647	4.29110772004601	4.7263589388301	4.50991228115591	4.27365529794139	4.20434037268234	4.38506551907581	4.23419439512068	4.48289487067632	4.24794220221722
5.10251411514917	5.01114700712256	5.08216373012751	4.5399282666601	5.28823782643822	5.01977332663635	4.7488137896578	4.86113561816456	4.52256904282575	4.27142730131966	4.37663618328576	4.60702329552205
9.59488421382836	9.53988362812791	9.42999368845763	9.26650053400166	9.13299926395177	9.17493917080625	8.96580704475689	9.06321745171504	8.93041616389811	8.98348326773701	8.91015191858824	8.88991538753814
4.57458255946439	4.35907031054287	4.83162026847692	4.32466027975703	4.7263589388301	4.50991228115591	4.01674699490443	4.13784496089543	4.16267309773936	4.26220877129027	4.50828018909623	4.58236124128778
10.0232991524161	10.0252366620427	9.95127696375522	9.74551588763715	9.67032490391577	9.57553329213825	9.33561529004274	9.35975121709134	9.34191872715815	9.66265036385411	9.13390409029951	9.16835978876147
10.1727649288029	10.2141410154606	10.0036166199389	9.90130751226619	9.8603451222578	9.81686553207574	9.64338411363045	9.62242089152618	9.60035582472704	9.76368874609272	9.38351162937668	9.47466851375187
9.116264510575	9.16709423100842	8.8616214064078	8.87394704887419	8.77116936032415	8.71597106865194	8.4800635419467	8.46656222144543	8.50074089528198	7.99082702274296	8.37548708323227	8.28757651837695
4.45209855293939	4.83375075624911	4.63185075610114	4.56821731109152	4.76700092332745	4.89324092070741	3.9285198118927	4.49738734758257	4.31106493763203	4.10608956937299	4.02452993973338	4.26353905726825
10.0186825243457	10.1094401562311	9.785415328676	9.8546965699746	9.66853828444176	9.66802798030859	9.52400411831566	9.45738927965065	9.5010380824374	9.36805014185547	9.2743082488649	9.2390943002987
6.32324348726297	6.1797466110983	6.12338639285403	6.11533646066801	6.17702034783967	6.08963813351092	6.07661845088183	6.13443835945218	6.08867251629558	5.8222966033724	6.24188677117252	6.17146347236987
9.53471922840307	9.59362338790936	9.23161633191332	9.36250698500412	9.22764642090964	9.25664565157094	9.10744256634295	9.01123103245407	9.08985845556573	8.74333546102689	8.98137235731725	8.90615368496902
5.12559772826221	4.99917436545648	4.9848665287726	4.78860737951683	4.76700092332745	4.88116808840685	4.52642136832135	4.71370525450933	4.52256904282575	4.30772343054264	4.52495893024286	4.71306493293238
9.55026392873883	9.59561262647463	9.40513687760739	9.27939141685657	9.28707389330458	9.27982197393703	8.98741350094626	8.96977954784585	8.9738872152526	8.86174020037779	8.7606155734936	8.77898456412089
5.39624531820588	5.15837296030574	5.33119127796743	5.07154134278832	5.32499637644834	5.01977332663635	4.82759090304191	4.70454525522385	4.86311281588045	4.81601034052497	5.14271136608169	4.80119584321104
9.32074531340777	9.41421186473533	9.14481607100111	9.20025959361103	9.07078167150455	8.98775851949171	8.9142335651679	8.83146341318051	8.88513912221045	9.16755720209039	8.8715490793645	8.72155972709784
13.6327631125339	13.6251266808092	13.5258880838978	13.4513054214997	13.2818245423068	13.2433329422428	13.1588756913883	13.1378981252696	13.1322035216343	13.2740273502598	12.8977989785223	12.9237075174352
6.33319314767057	6.24203088935265	6.47746501134509	5.90408459693676	6.19202251117891	5.98070376195776	5.89232716026932	5.92167716009961	5.89963869190557	5.72164038992757	6.03330014936111	5.77422879561078
12.7096057499271	12.7522796622779	12.5833374544337	12.4444362109576	12.3586964064617	12.2938357736884	12.0838394820962	12.119331467062	12.0544568009577	11.8651217230755	11.7640773179351	11.8513266533857
6.01868252434569	5.93777382079234	5.89250251062394	5.90408459693676	5.99510699585829	6.07910746601875	5.53070872672445	5.43783050290211	5.48460119262672	5.26220877129027	5.36278620452474	5.45908986638605
5.92310486436346	5.6468726215256	5.87450608133009	5.5399282666601	5.56670227284162	5.98070376195776	5.38203145898618	5.43783050290211	5.46523586775979	5.60980174957098	5.2963345551949	5.39680558813171
10.325425846466	10.2590745205661	10.1221158555276	10.2977225644676	10.0050517573298	10.0416327606001	9.77592991758442	9.79632592997301	9.84753857815383	9.83634133881068	9.56255321749598	9.44761454705359
4.88978479116343	4.92517378401271	5.05045487040017	4.6096372384715	5.15166477356277	4.81924033926364	4.55195646042849	4.70454525522385	4.87783432158722	4.31665655531265	4.19053989117231	4.59474496574362
4.35777117039124	4.30173713547692	4.41658276919807	4.09117014953726	4.12063787794214	4.36138975644583	3.68869279722023	3.78496393767915	4.07596146454603	3.71827353882917	3.65187104272509	3.81184308741055
8.6718797608193	8.69961408359757	8.76805513969945	8.67937830976206	8.53861266030055	8.51480443586369	8.37071614575834	8.31906755367212	8.41249764635555	8.90643483545259	8.1168143969714	8.41350465107347
10.2237969542503	10.2740572086568	10.0925803460729	10.0263750267402	9.83667445113426	9.86440123782744	9.61892683980474	9.60714119944228	9.62837553527159	9.96921386777652	9.43874249185876	9.52568443220924
4.67187976081931	4.41421186473532	4.14356427479166	4.6096372384715	4.90693118447192	4.54093917677654	4.13410394554259	4.40992450633223	4.37472357485435	3.69105207009415	3.25194043583645	4.15064500086231
4.68747661587032	4.86046809462489	4.60299589342895	4.59596230157443	4.64147004124359	4.52550913620693	4.24262840232076	4.2554145572766	4.36430695890901	4.14673155387034	4.27183999327415	4.13377118229791
9.20020646066767	9.2477345011601	9.06837677839744	9.04032647212279	8.93766786103753	8.86669913325492	8.64437361644077	8.67201935170241	8.61113359855566	8.92845553833265	8.61193396251446	8.54933898668873
4.21440699522006	3.82020422441116	4.12338639285402	3.99024124068647	4.36966542578206	4.46208375606529	4.07661845088183	3.73185260121959	4.16267309773936	3.36912397520678	3.1905398911723	3.99116678685511
9.96929449738353	10.0044246261437	9.85130684741722	9.59853624523825	9.62958088645818	9.53661613196764	9.32269279124994	9.33510802576644	9.28920550366829	9.25670726823079	9.11578254924053	9.17610651423472
5.14831780476229	5.43213377273259	5.39149178823524	5.05164178535062	5.13105449388749	5.20551884556106	4.93500384546289	4.84455273396895	4.91399398488264	4.79058774364506	4.71137205447375	5.04630834104758
6.72951838668725	6.83711760734751	6.7517164028847	7.0212681363071	6.55900788105162	6.66934490878058	6.79766204975986	6.58235201497771	6.66092396526719	6.70302471176022	6.75090041866038	6.62524705414096
9.88429684437569	9.87937009439958	9.73019559587343	9.69429522804369	9.55417796344742	9.47669983083818	9.33316276919561	9.34213925830061	9.31614068477298	9.53019585714964	9.1866141879585	9.1495961494596
9.69569436826039	9.73613995962269	9.67407899149044	9.5747680793053	9.37460522721004	9.41104151661185	9.16166442779137	9.16814772105895	9.11648153474283	9.40228474007335	8.93805183421329	8.98706238852238
4.27760082170726	4.26220877129027	4.39990402805144	4.18549753208541	4.201937980044	4.32620032798352	3.9285198118927	4.23010346874742	4.15060026543879	4.18625991805698	4.35813983966837	4.55727026032495
4.62405123572869	4.61584572590498	4.72852677551281	4.43630563558594	4.62682326527919	4.55620593342985	4.42872469443422	4.34066184389511	4.20997881251772	3.99917436545648	4.36741765325639	4.36823643593494
9.45893058642182	9.46786628233847	9.29500370538879	9.05913632189754	9.12585558721317	9.141168434151	8.86923682968254	8.85183121087447	8.84309123046439	8.54047951225554	8.76237495790785	8.72930292472926
9.2244653327848	9.33128552761355	8.99323000170722	9.06473178479106	8.96121057689319	9.00037079541383	8.87599221827784	8.77952185261091	8.87279072978281	8.47366032981607	8.70269347652954	8.51391389113057
9.80563625434358	9.93738173082094	9.68788479101547	9.73892025541647	9.57673928395935	9.50844139398596	9.39060751297563	9.36157349223685	9.38022696213943	9.76593259885326	9.21515764679474	9.11347376806469
6.95244882594561	7.13120275914027	6.76154183274078	6.96120156773512	6.77698501190007	6.80652928751409	6.89232716026931	6.97788058174769	6.91934060634812	6.618858245356	6.91332267819618	6.79315852414563
5.20360024026348	5.28210832872798	5.33996148759516	5.23044493813938	5.03448123419243	5.19580369072785	5.12845738240145	5.11036422447332	5.22156678679293	4.9824311016219	5.05929535789405	5.05529712427483
10.3037685360744	10.3526152884056	10.1090279249284	10.1563861259822	9.92948550064082	9.93106238614238	9.82802643362361	9.77269025048618	9.75138773332163	9.78355754157753	9.59401510383559	9.52204177201397
5.68747661587032	5.61584572590498	5.59569109280572	5.45914561194406	5.75358040756513	5.64456180785069	4.97959399648696	5.17810883110915	5.32724486468747	5.16168189533631	5.19575760044332	5.40386034566566
9.42966831974333	9.50960888752788	9.34704823357804	9.23210352622115	9.10222584082827	9.0624978531214	8.87935808749985	8.94665739616764	8.93921579496624	9.01503968715981	8.72542071150981	8.80652928751408
4.59126130061102	4.69219661203509	4.67407899149044	4.8005800211829	4.58196902949493	4.83184037604327	4.64980378382663	4.20434037268234	4.5686654574152	4.79698551484321	4.86337514791879	4.83290470293838
5.28786915716109	5.20080822662613	5.19280779381151	5.3493223339913	5.23128194162614	5.14622166187729	4.98585298695865	5.15811735592169	4.96314163421173	4.92517378401271	5.20613674622332	5.24008008444425
9.62253074195623	9.682870819763	9.52870766468268	9.48441564892627	9.41405954514052	9.38509401703709	9.16649411440912	9.09948576061775	9.18059500573662	9.61750338999811	9.01865337339671	9.14486685898599
9.875387362786	9.95917629752456	9.745953847271	9.78145132626582	9.53910162659599	9.59875811823757	9.44443270415939	9.36448435333206	9.42821001077633	9.57834522836787	9.25600480856067	9.24204963429403
3.95567272681989	3.67724627056912	3.85628232271118	3.76435983327015	4.03448123419243	4.15627532654121	3.41950616440484	3.61937787196118	3.42570750357316	2.97680655242803	3.23176255389882	3.15064500086231
5.13700249153445	4.87364348337262	4.80652928751409	4.64990110868523	4.94285075872687	4.90521356237349	4.18938638104378	4.54947585873102	4.61333450674893	4.4686596487577	4.26192452440907	4.42481996430131
9.08716226222846	9.22927488192819	8.90067644206964	9.01742607001271	8.78772370192352	8.74290664762299	8.72749506833433	8.60036652511505	8.7044150698614	8.74457720120473	8.7190930915378	8.54615422813078
10.2640117569593	10.2793264841879	10.1344561230229	10.0209483546277	9.93395435823847	9.87013912835886	9.64016353437054	9.63964459956964	9.61250955959547	9.95247542602196	9.43102015242188	9.50163556135213
7.8260374464033	7.9886161737579	7.7631729183197	7.82716062028622	7.67744933834916	7.51968005740473	7.60983737650899	7.54563379243663	7.62646990893806	7.31776931667973	7.78678367375674	7.41437821757966
4.84875752290338	4.93777382079234	4.92783558373622	4.88171678390831	4.84500343532872	4.68679004323999	4.35327246600475	4.58983359634716	4.41565383890923	4.19597507289019	4.26192452440907	4.30934274688137
5.09083231010153	4.93777382079234	5.31348927623397	5.0415881206867	5.07820261162175	4.99757758052215	4.71906644626375	4.73185260121959	5.02396682690777	4.63501803517982	4.87643130074424	4.9723077596038
7.47249835138103	7.49955153409269	7.45139753979323	7.47790654005271	7.45298258877485	7.42514217767716	7.42412279247521	7.47466727108249	7.55040325102247	7.69105207009415	7.01718048399783	7.19402206339973
2.95567272681989	2.79272348798906	3.3659566961281	3.09117014953726	2.81946834322158	2.84433132022647	2.86202440010579	2.69532672519448	2.54118472099309	2.97680655242803	2.60557739045115	2.76877436551867
10.2955227297045	10.3724745620649	10.0637516930136	10.1963000281825	9.98903548901506	10.0017653774856	9.85563040955007	9.81293652990722	9.86726844537177	9.78073584040247	9.6662733221387	9.61654355602218
6.19271192412075	6.23183512224676	6.07167135630987	6.80355772098279	6.43837817586608	6.4861962121821	6.98429078318836	7.02831000859084	7.06152637428246	6.58783134973538	6.64806947256522	6.6282620918964
8.36385080450795	8.56902997378743	8.43920567815874	8.39050194597282	8.25528740463693	8.30376293886377	8.1355121399354	7.97121245149706	8.16642523260047	8.56832889899876	8.15949879125364	7.93748446580212
4.05520840037081	4.24203088935265	4.10292229029431	4.09117014953726	4.7263589388301	4.23427783854248	4.40089048623749	4.24281452049697	4.45545484696721	4.35184598377495	4.25194043583645	4.5445592085754
8.58398806569884	8.76116875411421	8.39465212912857	8.58042145067865	8.35862715432961	8.35594767137758	8.38972269538219	8.32953274493548	8.38956691131075	8.62381519086967	8.1311833067663	8.11669766893897
4.96849676717748	4.80652928751409	5.2865222286337	4.71460679807305	4.9190040167725	5.11563334204387	4.32392850442261	4.2554145572766	4.7395982793951	4.73169405459149	4.34880197508904	4.45230070072341
4.1255977282622	3.89963869190556	4.20245796384522	3.3079815386104	4.26004093460756	3.98635032509889	3.80652928751409	3.45431862569068	3.38506551907582	3.06426939367836	3.36741765325638	3.63127084176874
10.0757254177113	10.128113842683	9.9679927102082	9.96818477737237	9.70951542866669	9.72021304477744	9.58402636140635	9.50598074551317	9.54002825196051	9.66286930232345	9.36162601544662	9.40254020370297
4.73328030548345	4.6468726215256	4.90437661091223	4.63660428607178	4.79347313468864	4.8567150446823	4.48283209977367	4.34066184389511	4.40552962163552	4.64923189439952	4.74735135157931	4.6551175837231
9.61592335484529	9.65786190663229	9.41813656045315	9.50147824720673	9.30558507000211	9.25196537158336	9.05371218414585	9.07570453466171	9.02562034576028	9.20802773313921	8.94310234038953	8.77286712015255
9.51080961080835	9.57307397094378	9.34323661962802	9.26109515097957	9.20871554768715	9.09944130854128	9.03760925596647	8.95537168801032	9.01774919751293	9.27314923712091	8.87114148081937	8.73280886823079
4.73328030548345	4.92517378401271	4.22156678679293	4.64990110868523	5.00079810793615	4.72781731150005	4.24262840232076	4.40992450633223	4.474951022593	3.73169405459149	3.58981007459284	4.27896909783785
5.29806492426697	5.47598806232202	5.48933911163339	5.42087559501634	5.54349488168029	5.57880736236698	5.15091223322915	5.42673279401878	5.37472357485435	5.02120067178648	5.27183999327415	5.28662267038129
9.59488421382836	9.62463969513681	9.43204588658588	9.38703214004454	9.24872562137973	9.27290808670685	9.00716349320406	9.05738293278715	9.03180421738366	9.18443102065478	8.92397283349368	8.85366326310518
4.23578064601263	4.30173713547692	4.22156678679293	3.76435983327015	4.3519634240486	4.57131282582006	3.54349488168029	3.65785201977581	3.88513912221046	3.33435855704611	3.43956743901222	3.0819322507783
9.7266904961231	9.82614648952651	9.64650654978314	9.74512874284994	9.48581917078339	9.53997961901526	9.30340264133544	9.24360525498697	9.30563105158141	9.7273041945271	9.12435881418783	9.08028188448863
9.5990135763352	9.73117215210023	9.40722471449984	9.50193660941579	9.37076462205687	9.39202365738076	9.30152209137433	9.2495219893534	9.30426937612318	9.05662463764038	9.20030766742113	9.11293575014277
5.21440699522006	4.89963869190557	4.80652928751409	4.92611090326676	4.9893933446639	5.19580369072785	4.51780823801665	4.76747651095031	4.93526260163629	4.16663111130805	4.44833764863995	4.74674805918867
6.20360024026348	6.18504091076782	6.09776058517853	6.50010228616691	6.49189368519308	6.6047358273575	6.53070872672445	6.39006408397138	6.57996304874958	7.07746889143322	6.26689077730242	6.64025962499598
9.05671042553604	9.09931103674193	8.99947094168137	8.93292572482307	8.75778774516611	8.74873236380929	8.52963808100489	8.48272704087644	8.5102206503981	8.87729603726267	8.53425667482495	8.36823643593494
10.0221463796493	10.0278171827987	9.94302579469163	9.87004643313939	9.76533017034293	9.68765678705752	9.69204623233004	9.67934343607333	9.70209043318119	9.92261613732885	9.61046954515892	9.59281700201838
4.03096085412413	4.13667788920642	4.34867870469627	4.05164178535062	4.201937980044	3.98635032509889	3.87557093194374	4.20434037268234	3.79494131323887	3.8222966033724	3.79626095206026	3.6551175837231
4.7776744248419	5.08096845662013	5.34867870469627	5.07154134278832	5.25051816048906	5.10529139782241	4.92851981189269	4.72280746161659	4.99724948853199	4.75816626595268	5.14271136608169	5.04630834104758
6.09668503634697	6.25215510662635	6.12845738240145	6.27403420668707	6.11014550412451	6.26247473037314	6.3508498037379	6.35243901167147	6.20706721709781	6.54666216075897	5.98589728013032	6.16732374200894
4.57458255946439	4.41421186473532	4.54349488168029	4.25675621525523	4.29751564002623	4.42929382094762	3.86202440010579	4.23010346874742	4.13842555149269	4.25293095770226	3.92750548533851	4.09941967750714
5.61592335484529	5.50167470598566	5.754998986874	5.74590292856259	5.60457045843206	5.59368063884851	5.60983737650899	5.78061191313945	5.77541875497406	5.56552118801029	5.73306712557306	5.70166016966013
4.55770874089999	4.15837296030573	4.86845703665729	4.12964429735189	4.61202626335111	4.37866774787766	4.05296718281718	3.74977450921685	4.13842555149269	4.0428957428858	4.19053989117231	4.38259172891201
7.92967751828695	7.96110632462296	7.70155972791254	8.04032647212278	7.8178572933156	7.81924033926364	7.85178036860899	7.76196793212766	7.84168395182162	7.51596536353606	7.75797246733589	7.59320280093521
9.93866630151421	10.0656223906483	9.718052683907	9.76206559206433	9.64192536554621	9.72105994532474	9.55169278592517	9.38756219673811	9.50459956140935	9.32304324381827	9.31323661510532	9.24450779648507
5.43372002362454	5.24203088935265	5.49720122940636	5.00065785663181	5.33404151605134	5.09487478187707	4.84146307762347	5.19128421985689	5.01733373457532	4.64923189439952	5.13729786989532	4.71306493293238
4.99380785570666	4.60007841004666	4.89250251062394	4.49642662802351	5.01211342116398	5.00871813812735	4.51780823801665	4.48674010338306	4.78716396264716	4.25293095770226	4.60557739045115	4.5445592085754
8.63916868150259	8.75406186761995	8.63808655789731	8.95786431193081	8.73747967905962	8.73286464623736	9.05891644914837	9.04609594796815	9.07755648410141	9.27687306238535	8.92043151019147	8.95799992291992
8.2672588774858	8.13394292148518	8.08738143939853	7.95986759164295	7.98939334466389	7.98352980603652	7.79766204975986	7.92660945564184	7.78618883922991	8.02529342642036	7.55673538092062	7.76603939779743
9.03553842023068	8.97569075623633	9.09063295089632	8.78107370683142	8.7728333686296	8.7134198831226	8.49714357579911	8.67378052592831	8.509039081912	8.86402716789641	8.27492465350615	8.37812102486678
9.19884671029285	9.0767022286491	9.02076318546337	8.95384938807554	8.9242542774597	8.79048134628222	8.62595704187227	8.67201935170241	8.56184419155919	8.607983608132	8.76720223098948	8.53976354197375
6.09668503634697	6.02892170885053	6.09776058517853	6.18092480229558	6.07820261162175	6.11563334204386	5.88564800463169	5.93348646238924	5.87049234624605	5.97115998928688	6.43516225989222	6.22422613324342
9.50421944309071	9.51013628473386	9.33229047424223	9.2804604758465	9.1121186455867	9.0758008062148	8.85605755834398	8.89876885278957	8.80315906562894	8.9764542889564	8.69718524823774	8.77150415827424
9.41158700513495	9.51749967314735	9.27112877451032	9.20758436448372	9.09559274849582	9.0624978531214	8.95747118558883	8.89927074705133	8.90907544751366	9.19990324277572	8.74735135157931	8.60243115888875
4.37713649525817	4.26220877129027	3.78099419540695	3.96917962515864	4.31589416934108	4.37866774787766	3.96699395970733	4.00983734851936	4.05019836848095	3.06426939367836	3.12640955375259	3.50573995968487
10.1988467102928	10.1896575388382	10.0670568377373	9.96917962515865	9.8105852222656	9.81369302933301	9.61186221198648	9.59758587207135	9.61140889576876	9.83963759932603	9.52366282464775	9.41960853765596
5.28786915716109	5.08096845662013	5.15354836336428	4.78860737951683	5.13105449388749	5.15627532654121	4.60170949562559	4.62909302679439	4.6480999249096	4.25293095770226	4.32042017371922	4.60702329552205
10.1465556266503	10.1647513780898	10.00671807948	9.90927726615708	9.7665834164396	9.74831702048099	9.58994485466899	9.58703254803592	9.55984856525813	9.44822774885289	9.61558851578394	9.39768932172191
10.2083381592701	10.2121975553002	9.9516346419623	10.037799860197	9.86892797366699	9.84277585372443	9.59225419360015	9.60252555604418	9.63407735804274	9.56692572653521	9.44011714183498	9.40781353899562
9.92598408564304	9.98064651101861	9.81481046259789	9.83664007593863	9.594725872431	9.56707997669786	9.408190851177	9.40569165721003	9.42225945294765	9.63902985774586	9.20807455046482	9.21623334248989
10.6044154897265	10.6175598677151	10.4541770564512	10.3326702486213	10.2638916781998	10.1758660548991	9.96778469419734	10.0181793283101	9.91644697959212	10.2495821157141	9.68540996528152	9.80619652426941
9.77082725944562	9.80567028478499	9.58604706648801	9.43822283858023	9.39527768179909	9.3389455562332	9.17849806490104	9.19537697449077	9.17464573940544	9.4098703175501	8.99677427333599	9.04912335665463
5.35777117039124	5.38690451873959	5.4574550506136	5.44395920812938	5.62682326527919	5.2531368657938	5.1170975202369	5.0752604235174	5.01067000429431	4.97680655242802	4.78245515253523	4.80119584321104
9.16790853312017	9.23885244558875	8.90511550723613	9.05851326205591	8.85052949696132	8.87889314174745	8.64881799968108	8.62788220419634	8.62646990893806	8.29138979670222	8.49140637053184	8.37901627468818
5.34799014959865	5.47598806232202	5.63897519053452	5.389511424107	5.36084157539506	5.27175254396114	5.03497075352334	4.96451335800987	4.98370295669404	4.85332349899303	5.32518941786709	5.1252596824424
5.04313556807024	5.17974661109831	5.34867870469627	5.09117014953725	5.27889996185888	5.35267253934472	4.67326275665062	4.76747651095031	4.82563811046179	4.72499940201748	4.74022691714593	4.8842515829386
9.27243911659148	9.39606451802507	9.08738143939853	9.26217784899728	9.00079810793614	9.03823898100428	8.90518068580539	8.84819656245706	8.90234121228539	8.50477219356198	8.85309217465693	8.63352329350011
5.00629879988986	4.92517378401271	4.95091919684926	4.64990110868523	5.15166477356277	5.17617488397891	4.68099840543023	4.92562434461627	4.73151593309724	4.33435855704611	4.43074358862521	4.84332131888372
5.25684226154046	4.9749268192098	5.06110211459968	4.99024124068648	5.03448123419243	5.03074444445735	4.81358404504804	4.89374028359648	4.63082193347777	4.6421424696132	4.84356666683862	4.85366326310518
5.03096085412413	4.75049525259976	4.79381823576453	4.51107340398791	4.87009441629155	4.50991228115591	4.38203145898617	4.60959685116859	4.45545484696721	4.11635790482682	3.74022691714593	4.11669766893898
5.14831780476229	4.95026476497554	5.02892170885053	4.87040147068047	5.00079810793615	5.04163276060009	4.33377629037895	4.52886557905574	4.70699361396317	4.60616317250764	5.07636887125299	4.79046943661799
10.5341802054038	10.6180492486699	10.4006901665002	10.6219191726762	10.4100553931366	10.3754438470034	10.386030103039	10.3518890993184	10.3654499463817	10.4287903296582	10.2188463804969	10.1522168496187
5.23578064601263	5.37768598871021	5.07167135630987	5.16711900277055	5.33404151605134	5.50991228115591	5.05891644914837	5.08234984830372	5.15664931011159	4.66330707961125	4.92121922249108	4.91420480504023
9.26920364755008	9.36316306517675	9.12020794909013	9.07277599843996	8.96194013192309	8.97574482494363	8.7437444199794	8.82090577337602	8.81754776575855	8.51256793041468	8.71773355472518	8.63577223400367
8.43372002362454	8.4443271956434	8.21919197960502	8.08384060773877	8.11933049675536	8.05378468585542	7.9622404297367	7.90478009082342	7.96572788236334	7.80335503971894	7.88453179951536	7.82897899972458
4.21440699522006	3.79272348798906	3.78099419540695	3.92611090326675	4.51990806136268	4.41261507980099	4.05296718281718	3.76747651095032	3.98370295669404	3.12655367193271	2.91490544855888	3.42481996430131
6.2672588774858	6.0347982751872	6.14356427479166	6.4477708220794	6.05103241045628	6.1909214693481	6.33867508979179	6.42394497664716	6.51787734750102	6.37126924703834	6.62311204974366	6.50901509171774
4.14831780476229	4.41421186473532	4.20245796384522	3.99024124068647	4.36966542578206	4.4941449652976	4.04099454115111	4.16481200849569	4.07596146454603	2.75816626595269	2.86337514791879	3.45230070072341
6.71437184293338	6.72164038992757	6.74182359812627	6.73969777903588	6.47154503980128	6.4620837560653	6.65570438526632	6.54435082655315	6.52256904282574	6.27142730131965	6.71501063153709	6.27127470604785
9.57981540902034	9.71662231516095	9.34922178583985	9.63535140276169	9.37296050534364	9.42462238122373	9.39178642625136	9.29714512180061	9.3508498037379	9.08957183431334	9.26998602637833	9.14697068005277
4.45209855293939	4.37768598871021	4.48143391354804	4.20364487879567	4.51990806136268	4.36138975644583	3.95428290795777	3.97978011466317	4.08867251629558	3.94259083709011	4.43074358862521	3.85366326310518
4.55770874089999	4.67724627056912	4.76805513969945	4.48162962609544	4.61202626335111	4.67285085228212	4.3040289469849	4.43229231936068	4.2781503151593	4.19597507289019	4.51664366203086	3.85366326310518
5.14831780476229	5.02302110741085	5.2865222286337	4.71460679807305	5.14139643810895	5.11563334204387	4.82759090304191	4.5392075232772	4.72338805221384	4.48460119262672	4.77550239189346	5.04630834104758
8.44638037248131	8.47598806232202	8.3904368009554	8.13792547243569	8.21301202620242	8.0974859953336	7.85947020343823	7.81400164257346	7.89963869190557	8.16724857121085	7.57386853072381	7.81051647118752
4.80652928751409	4.6468726215256	4.66013980053256	4.27403420668706	4.47154503980128	4.75453464987582	4.11138386904251	4.17810883110915	4.19829700747008	4.07483863538855	4.8302082839836	4.50573995968487
7.46346736701859	7.5496646489205	7.43920567815874	7.62318377030945	7.46126206653941	7.39149178823524	7.79052880882037	7.74866088890615	7.82848272861813	7.75241683318757	7.82263947888355	7.70309070526657
4.17068561779075	4.15837296030573	4.16346383222936	4.20364487879567	3.71255313930507	4.15627532654121	3.9414588676002	4.09642503351545	4.07596146454603	3.97680655242803	4.2112984513391	3.9723077596038
9.71864790579309	9.75895161053832	9.42536554142385	9.67165791229922	9.46280919273689	9.44321806347924	9.48973033918051	9.38469757422157	9.46432170886921	9.02324850043534	9.32250865827093	9.31215776248842
9.88978479116344	9.94832016966712	9.67017218742764	9.68705761232469	9.53763423025905	9.49017606309465	9.42929890142325	9.33510802576644	9.40107783706444	8.97151354768613	9.31443636157021	9.1252596824424
9.93499583865294	9.97759883089734	9.84746784823632	9.77236106752739	9.61944373491359	9.62161498163841	9.30715640331671	9.37209753744194	9.35249765661938	9.5502170579356	9.27584876694069	9.16005050709676
5.10251411514917	4.91246273226315	5.231027116042	4.85899670740822	4.97789770582607	5.07381316634924	4.73401678772972	4.84455273396895	4.69041072976757	4.57671939461515	4.86991799378557	4.71306493293238
7.93948069331731	8.04793367737634	7.86845703665729	7.70985326810241	7.59519618866691	7.63740201627783	7.46949430023651	7.31531151135036	7.46401686047064	7.1479833500798	7.51560087554463	7.28280095942888
4.83481833194551	4.87364348337262	4.81912932429372	4.82423128924755	4.75358040756512	4.65877566707039	4.33377629037895	4.38720442983215	4.52256904282575	4.69790574113521	4.78245515253523	4.45230070072341
9.34061061923306	9.42039766468162	9.16839612777159	9.23320819322833	9.06739585666517	9.02252393765239	8.90559341504319	8.86525172663679	8.95361886009322	8.94367245281556	8.83898866055958	8.77422879561078
9.51464001900811	9.63338038519749	9.37131390629761	9.41212312100737	9.15358197655706	9.25839684948884	9.10708373160888	9.00890747736832	9.05991352331416	9.30407848923318	8.88937035645174	8.81845793183212
9.57300899627524	9.65022605663541	9.39885517664873	9.46432923517533	9.34134916289778	9.36301838695657	9.22189825033049	9.11555689369364	9.11725717725662	8.96797405856804	8.94658851616778	8.93991324590587
9.2244653327848	9.2697033078372	8.99877883562785	9.11593546214678	9.07483418832903	9.06316592214973	8.93014355437236	8.89172393799798	8.91041853065881	8.64657744095354	8.73351565504687	8.7522862427301
4.52335723610921	4.9749268192098	4.83162026847692	4.67613265025841	4.59707592188513	4.7142707796621	4.54349488168029	4.5184489631104	4.33259809918168	4.37768598871021	4.44833764863995	4.41088077334343
4.25684226154046	4.30173713547692	4.39990402805144	4.89294403933156	4.3519634240486	4.46208375606529	4.7414342592922	4.63874319682811	4.55040325102247	4.72499940201748	4.90219439680932	4.91420480504023
9.06120714099225	9.12845738240145	8.84400399293275	8.94241271559586	8.8105852222656	8.7125684844311	8.68869279722023	8.62302872597413	8.66145583441271	8.8222966033724	8.61485834535542	8.42655293152576
5.01868252434569	5.14756620534915	5.26826002224097	4.82423128924755	4.89475647052582	4.9863503250989	4.61791972280685	4.69532672519448	4.69872599797957	4.4686596487577	4.61339689491045	4.6551175837231
4.91650212953922	4.66213937817891	4.60299589342895	4.30798153861041	4.88247814074738	4.21516901559477	4.18938638104378	4.32878774360682	4.2670097575541	4.13667788920642	4.64425785861521	4.45230070072341
5.38672254408737	5.47598806232202	5.74842633295052	5.17633753279993	5.48784685213038	5.412615079801	4.99829009019687	5.1847115659334	5.22732605608162	5.19112567322879	5.1905398911723	5.19198579624321
5.00629879988986	5.11465158287642	5.3659566961281	5.06162587392324	4.9893933446639	5.20551884556106	4.99829009019687	4.90977039341543	5.01733373457532	4.74499087720495	5.16416447574801	5.14223276104611
9.29806492426697	9.42320064796258	9.07167135630987	9.25076879090969	9.07887535355089	9.06583510892571	8.97094330529131	8.9022784514921	8.90952328083741	8.63902985774587	8.81968529757159	8.6944861367724
9.20292212272296	9.38747872572862	9.02892170885053	9.21431284169752	9.0537725728012	8.996178942467	8.98350904649035	9.03745839080502	8.9764542889564	8.78416147448563	8.87805504322391	8.72438024616021
6.57877035642782	6.51434853602078	6.48933911163339	6.5821565020494	6.32499637644833	6.42097855273562	6.56036870024468	6.32878774360682	6.47736962339565	6.67377407866232	6.70223525990162	6.3280065911464
9.08789701907698	9.05878922175371	9.07823802691371	8.84388981501801	8.93246627657906	8.82870066851271	8.52373528480311	8.54819630650445	8.5697992060322	8.63991986088383	8.19835939563161	8.45059840549241
10.4256052048926	10.3963498329752	10.2691212470447	10.0786262264494	9.97969994846005	10.0187404939654	9.74927375938619	9.80840100778148	9.77025000495011	9.95587442390853	9.56255321749598	9.60587663097032
5.04313556807024	5.21122484257147	5.20245796384522	5.21263366202292	5.3519634240486	5.03074444445735	4.86202440010579	4.86935612496952	4.53190690740508	5.12146479525991	4.95853238095914	5.03726320144457
4.52335723610921	4.70699361396317	4.96232396012151	5.18549753208541	4.83229238357917	4.61570694517851	4.89565517798707	4.94130596684854	4.79494131323887	5.18137769667723	5.08201543439413	5.14223276104611
4.07905514232517	4.11465158287642	4.22156678679293	4.01099980085328	4.38715285251091	4.30827841998626	3.7488137896578	3.69532672519448	3.88513912221046	3.69105207009415	3.69672527850934	3.85366326310518
4.91650212953922	4.76470911181946	4.90437661091223	4.76435983327015	4.74003387572718	4.63020651487362	4.59353556417989	4.3641208167191	4.33259809918168	4.47665243951123	4.64425785861521	4.5445592085754
9.39446457939816	9.48352735927541	9.40513687760739	9.31269195649637	9.1554966351538	9.00871813812735	8.89980443319369	8.87905752616182	8.88923187684433	9.39175599390229	8.59771527267818	8.78034048061251
5.49704595899337	5.20080822662613	5.34867870469627	4.89294403933156	5.50396651749365	5.38722976138108	4.92200650493402	5.21082440625253	4.94228302931406	4.82855559384408	5.06500900908845	4.7796626816614
4.47024589964965	4.51854852455006	4.63185075610114	4.87040147068047	4.31589416934108	4.52550913620693	4.07661845088183	4.2554145572766	4.11376349725842	4.22473406587161	4.19053989117231	3.81184308741055
10.2942499505828	10.3011277605826	10.126557849486	10.058824825612	9.87358809628975	9.90856304288435	9.72796188440081	9.69156480639828	9.70389880754031	9.92863763931628	9.45596808976432	9.52568443220924
5.07905514232517	5.35907031054287	5.30455615146396	5.08138912874467	5.31589416934108	5.35267253934472	5.22156678679293	5.33473700993801	5.43070818463152	5.27142730131965	5.48289487067632	5.34643206561659
3.87623825932548	3.92517378401271	3.92783558373622	4.27403420668706	4.29751564002623	4.23427783854248	4.68099840543023	4.62909302679439	4.66517343826854	4.89566978970262	4.75444077636563	5.00978246502246
9.34369001216503	9.3817263455363	9.27055548022863	9.20082435973329	9.02752847355067	9.03210998648158	8.85733824643597	8.88007494160659	8.91577839456082	9.20502399472146	8.7190930915378	8.75297702322732
7.91650212953921	7.99616561558415	7.73519050579382	7.97843193839684	7.76700092332745	7.80493250257975	7.80298892980884	7.71712531547304	7.72847334137363	7.72248087643016	7.62311204974366	7.48759261297462
9.96929449738353	9.98330795999746	9.74099612747503	9.86149921461139	9.69027337870674	9.71001126950888	9.57315562613432	9.51222832354487	9.49538103137997	9.32691699577595	9.35464521937051	9.3275429256946
5.36748632522445	5.43213377273259	5.35734356582339	5.59596230157443	5.41299285744616	5.412615079801	5.88229679513205	5.65785201977581	5.80652928751409	5.68761298612738	5.93063837482347	5.95319893665609
5.28786915716109	5.28210832872798	5.57355211553647	5.38156267099151	5.51195930824719	5.60106016921411	5.3040289469849	5.39291808102654	5.43569159214578	5.51208192904883	5.59771527267818	5.50573995968487
4.86256332242841	4.77878429703118	4.72852677551281	4.42087559501634	4.85760347210835	4.50991228115591	4.47395394842721	4.43229231936068	4.39533385452964	4.52370101231566	4.25194043583645	4.5445592085754
4.39624531820588	4.58413686617764	4.60299589342895	4.12964429735189	4.7263589388301	4.68679004323999	3.99208494067016	4.06813598908403	3.85569534431797	3.62066274220275	3.65187104272509	3.99116678685511
5.84875752290338	5.80652928751409	5.92200650493402	5.95853238095914	6.03448123419243	5.91116282870468	5.83800751898725	5.79794179167736	5.90683419330977	5.68416568450891	5.78937456647502	6.13377118229792
9.28466814621645	9.33426691954229	9.14231139148157	9.10993422620174	8.95095787863015	8.95141308184353	8.79899561482868	8.70454525522386	8.77246745144046	8.80930103676414	8.58435001459213	8.57768980156389
9.12201517106764	9.19031585280849	8.85933564668874	9.07893347701836	8.73577436557396	8.74790155754338	8.5708154876798	8.57859662446446	8.63190789140702	8.27142730131965	8.51351303865219	8.20011367712661
9.32884861210677	9.34908215592735	9.11829751618123	9.02764892972882	8.97211535323206	8.94054663548577	8.63892293317543	8.70511946221288	8.75413311006044	8.67767970756829	8.61923383493273	8.57143759225155
10.3185558570989	10.3611181391917	10.1240212421672	10.2042083215058	10.059237333278	10.0426493396492	9.95607718102371	9.93373146451956	9.93680124203295	9.84273309744993	9.62866878204909	9.68582994055841
4.47024589964965	4.46732320119489	4.33119127796742	4.29110772004601	4.53567537722099	4.46208375606529	4.11138386904251	4.3986091931044	4.33259809918168	4.05362214947886	4.04779971905622	4.39680558813171
4.96849676717748	5.08096845662013	5.15354836336428	5.23926878852639	5.18203842260629	5.11563334204387	5.17849806490104	5.34066184389511	5.4989564856038	5.66680452384747	5.74379353216612	5.61312349505847
4.64017090109196	4.58413686617764	4.93942355801143	4.59596230157443	4.7263589388301	4.54093917677654	4.46502082365721	4.35243901167147	4.474951022593	4.25293095770226	4.50828018909623	4.58236124128778
5.18174080629974	5.34021128329155	5.31348927623397	5.44395920812938	5.23128194162614	5.27175254396114	5.23213602850312	5.14463412655807	5.43070818463152	5.32110246034384	4.9949047706241	5.38971616334539
4.05520840037081	4.11465158287642	4.54349488168029	4.23926878852639	4.12063787794214	4.44578194373619	4.06484128310548	3.96451335800987	3.94228302931406	3.77122241877813	4.25194043583645	4.45230070072341
4.92967751828695	4.76470911181946	5.02892170885053	4.62318377030945	4.93097665843858	4.84433132022647	4.44698690082695	4.60959685116859	4.34324534338119	4.22473406587161	4.32042017371922	4.84332131888372
9.68018657993984	9.72800189017901	9.37398506988404	9.50514107377822	9.35418808916312	9.33728950664533	9.33745194852235	9.29027331448825	9.36919911361679	8.92736244947554	9.24566511040996	9.17867953978011
4.45209855293939	4.55171538848526	4.41658276919807	4.40527873996532	4.45505691701271	4.65877566707039	3.90228827031952	4.44334750786968	4.48460119262672	3.74499087720495	3.36741765325638	4.26353905726825
4.9427336711124	5.11465158287642	4.74182359812627	4.67613265025841	4.96630973155086	5.28097107399052	4.6576659015996	4.45431862569068	4.44560706101086	4.06426939367836	3.74022691714593	4.50573995968487
9.74776578629101	9.79142239512388	9.58834911746455	9.55193042064687	9.49945103637116	9.4941449652976	9.34447089117519	9.26945929271488	9.3039287563504	9.45456481887191	9.17873058888267	9.07033984256433
7.79936949594122	8.02006173193031	7.68616627378917	7.89434132277336	7.57435584538505	7.59368063884851	7.61489414663841	7.49871274504913	7.68099840543023	7.50232736152309	7.40732088948382	7.30746301366315
5.10251411514917	5.16909936689879	5.05045487040017	5.15784118918254	5.24093211165986	5.2531368657938	4.60170949562559	4.64832924565731	5.0039753517203	4.55423538046377	4.94620157904841	4.70166016966013
4.7776744248419	4.72164038992757	4.60299589342895	4.70189574632349	5.28823782643822	4.94054663548577	4.47395394842721	4.37570879099431	4.43569159214578	4.24359309312293	3.71137205447375	4.46584723256136
8.52118286487488	8.61388420957169	8.34976466262552	8.47136793042309	8.20317263569564	8.28326653197819	8.15577798840096	8.02831000859083	8.19976241647458	8.55092698743777	8.01570608934637	8.00166764629057
5.69521226464993	5.69219661203509	5.72852677551281	5.51107340398791	5.74682304138982	5.780766191449	5.36772362230229	5.49738734758257	5.50371001557443	5.2942191661929	5.33468086684438	5.20011367712661
10.3729224863008	10.4440512138079	10.1578947687547	10.2287844410742	10.1015639022799	10.04738392678	9.98741350094626	9.94592882362078	9.9119838823254	9.93735156563969	9.60533234670688	9.72754675282538
10.229801242856	10.3675353133183	9.960192423106	10.0715413427883	9.91599526690016	9.932891128992	9.83215742970613	9.80438720094255	9.80749076375153	9.67181729208126	9.55292846066901	9.64025962499599
9.19612335876988	9.30173713547691	8.90511550723613	9.04599522220948	8.85524933227533	8.91560873373587	8.75019325912471	8.80652928751408	8.81037135380848	8.43828599971418	8.62311204974366	8.4892518368963
5.34799014959865	5.03479827518721	5.34867870469627	4.93699921940949	5.12063787794215	5.22475506442398	5.08830025592947	5.05378069610695	4.91399398488264	5.0428957428858	5.15347779695076	5.16732374200894
9.32261934922992	9.43657967776378	9.11574633065189	9.31894868494778	9.07078167150455	9.03210998648158	8.98272688597193	8.94179328150978	8.97816313729465	9.07220357522058	8.70452488907747	8.79517205558327
5.00629879988986	4.76470911181946	4.80652928751409	4.8005800211829	4.67032490391577	4.52550913620693	4.60170949562559	4.11036422447332	4.32187169258861	4.67724627056912	4.35813983966837	4.42481996430131
6.07313030836807	6.14213231929853	6.02892170885053	6.46291736583326	6.25051816048906	6.08438240805943	6.7134198831226	6.73410505295097	6.717261949417	6.99778649133224	6.60753624348921	6.68438217822829
4.27760082170726	4.51854852455006	4.66013980053256	5.37356988023798	4.64147004124359	4.7142707796621	5.23739175395461	5.26167354774828	5.36952466818003	5.9310028628149	5.31563511115384	5.49916730576139
7.16233827507722	7.21122484257147	7.39780556216744	7.12726949016399	7.28590902037824	7.290131073276	7.23345175594579	7.19292271525264	7.24872083829666	7.47366032981607	7.10992143096402	7.15900847379694
9.08348285436599	9.30112776058258	8.85475323402444	9.18321297889086	8.79101189717235	8.83419068072961	8.61590337720834	8.57231583508913	8.66993918140498	8.47615418530463	8.61631831684877	8.28757651837695
9.63615783858534	9.73478679862848	9.61388420957169	9.37807127247292	9.35973478973211	9.2963950047464	9.08866379254242	9.13869535587489	9.03878071105126	9.18443102065478	8.94774870524589	8.89992979679641
5.40570564745494	5.37768598871021	5.24042581404424	5.22156678679293	5.45505691701271	5.4861962121821	4.84146307762347	5.22370569754926	5.23306242563076	4.79058774364506	4.43074358862521	5.01900099505184
10.1241657727691	10.1308598726168	10.0945251161371	9.89014540597889	9.71471902327423	9.76278335754363	9.46670000333181	9.46079346962296	9.53423196035133	9.80096976217218	9.34967997189526	9.37363642367753
4.80652928751409	4.56801720081436	4.60299589342895	4.45157239223925	4.9893933446639	4.9863503250989	4.21091954259342	4.43229231936068	4.36430695890901	4.17647889726439	3.95238015397754	4.41088077334343
5.46120076004664	5.45860598409378	5.42485038518167	5.51107340398791	5.48784685213038	5.43756143693123	5.26853026576352	5.22370569754926	5.32187169258862	5.2152112917531	5.30601710859224	5.24794220221723
9.5608876515675	9.55325153241838	9.43716364662052	9.26865702923261	9.23852561395276	9.22296252531465	9.03911480793289	9.07659234702258	8.98540324568388	8.80890539846716	8.87317832294915	8.86393159855901
9.31385294614021	9.3336711338469	9.23397079190694	9.3313813223845	9.27948535242925	9.21396626851312	9.18701157385588	9.11555689369364	9.19315632232299	9.4947219453439	8.91648648437836	8.99701003113658
6.30818914154068	6.34494920229821	6.3573435658234	6.37757181079548	6.50396651749365	6.412615079801	6.55616871171541	6.47062043801978	6.77148234041488	6.31665655531265	6.54553980766532	6.31683728342829
9.76164685913334	9.83753791180522	9.55766221360689	9.63869001007375	9.49643284480825	9.46056326229284	9.36051613833138	9.27101141232762	9.32153520394782	9.44415736691561	9.267510358605	9.07144790332608
7.29806492426697	7.46949430023652	7.0180333927078	7.37356988023798	7.18454092980946	7.10269428633636	7.26209826651898	7.08940460583768	7.25578250213084	7.07746889143322	7.2112984513391	6.92159693927027
4.90320530692576	4.60007841004666	4.74182359812627	4.49642662802351	4.7263589388301	4.97503501187107	4.34355731117154	4.58983359634716	4.34324534338119	4.13667788920642	4.39489838967849	4.45230070072341
6.11986135871306	6.26220877129028	5.89845177695512	5.97974886686883	6.0835757837206	6.00871813812735	5.9350038454629	5.70454525522385	5.98029635525079	6.16415862562852	6.08763998358801	5.61919800946816
9.32636013362711	9.41082657955069	9.23397079190694	9.30483269405541	9.00858690989721	9.03619887454946	8.90600602624031	8.82672203393829	8.86172494175621	9.04457700987585	8.74601819728064	8.67274747774489
8.19134508835684	8.3508498037379	8.08607878013089	8.17403841671034	8.08892901821481	8.1271800958719	8.27365529794138	8.10515279782798	8.28092206440935	8.61478985620588	8.51194517574741	8.22023527304738
4.60774942339959	4.50167470598567	4.46549236967902	5.0212681363071	5.26004093460756	5.05243951555667	5.5561687117154	5.69532672519448	5.69872599797957	5.94259083709011	5.93999642952171	5.95319893665609
2.84875752290338	2.84717127201143	2.97363927334934	4.11053547440419	3.53567537722099	3.37866774787766	3.95428290795777	4.00983734851936	4.22156678679293	5.35618491949929	4.97075868329239	4.6551175837231
10.1141020894244	10.1593819555964	9.93725789079332	10.113237994784	9.77988406994068	9.77751321365392	9.60603313318428	9.56094104522448	9.63786609227281	9.76919016736322	9.43267842276639	9.35145808667761
4.54063522754105	4.06956369334788	4.43307089198664	3.94780597436608	4.45505691701271	4.65877566707039	4.02892170885054	4.15139149273338	3.63082193347777	2.8347875475556	2.8369029365576	3.81184308741055
9.10759531048279	9.12088054691507	9.0262073241535	8.9376770183606	8.76866974368807	8.78886669022012	8.58170380382254	8.63573444695577	8.63190789140702	8.57299630857243	8.38750722650482	8.45059840549241
8.09229771910603	8.17443281120184	8.0690362961419	8.15900418403866	7.90844582507392	7.90222970393467	7.85605755834398	7.62788220419634	7.74161181083275	8.13982719200882	7.8909796093134	7.59011351701197
7.97327654529081	8.04356848481493	7.80652928751408	7.85613137371383	7.82909704441936	7.71597106865194	7.79231542829439	7.65547721258791	7.82183654030193	7.84021851136966	7.88695310644604	7.61464452318132
8.82427483770404	8.95337067584336	8.56609631061742	8.84677954065293	8.59895320912581	8.52938214535414	8.50642490040985	8.41203628281208	8.47070869007328	8.81364591217674	8.20549023263828	8.32150167494978
10.4051161908417	10.4859423613027	10.1888688990973	10.1697176736159	10.0292698075471	10.0132195303623	9.96560913062791	9.90127657989566	9.93306169344302	9.78818124593797	9.7001714821726	9.70523385253995
3.23578064601263	3.30173713547691	2.78099419540695	3.01099980085327	3.14139643810895	2.89324092070742	2.34355731117154	2.80224192911099	2.34324534338118	1.50036850848504	1.93999642952171	1.89430524760253
5.00629879988986	5.04648008023484	5.17331161818571	4.99024124068648	4.96630973155086	4.94054663548577	4.50914337688952	4.82777702121813	4.69872599797957	4.52370101231566	4.64425785861521	4.76877436551867
4.62405123572869	4.631442580956	4.70155972791254	4.78860737951683	4.56670227284162	4.70059584276502	4.18938638104378	4.13784496089543	4.08867251629558	4.13667788920642	4.39489838967849	4.30934274688137
9.85005744343664	9.91724251037649	9.74182359812627	9.62528897284394	9.39311553071491	9.30771475713835	9.09880580296304	9.13486462479459	9.12035558390449	9.35075920779822	8.92003749269868	9.0207229308531
10.0570856876115	10.1007123919185	9.96480677948935	9.82386470430315	9.6818843096895	9.68982137117085	9.42642557834463	9.47601369679	9.42570750357316	9.78275190423095	9.24314731737844	9.26111313599563
9.39446457939816	9.50220501109764	9.29725703664092	9.50742562697277	9.27067945505391	9.20066944589966	9.08575293144721	8.99488700705339	9.11764484219	9.18290516642382	9.02269608281823	8.85237456713661
8.73890485467732	8.70423071166795	8.83162026847691	8.47323913047904	8.45816282788053	8.40736318087813	8.19277219588316	8.31003656930969	8.13918948851921	8.59656801572645	7.8682850620426	8.14644501233303
5.23578064601263	5.14756620534915	5.37451870963153	5.38156267099151	5.3519634240486	5.37005461757295	4.82060447272581	4.96451335800987	4.99724948853199	5.34312876667384	5.12093442368644	5.25576170667652
5.6718797608193	6.00517310607793	5.89250251062394	5.78860737951683	5.7263589388301	5.81924033926364	5.79943986272777	5.69532672519448	5.83321133016659	5.89864748950252	5.93688381765437	5.96755422963316
6.66007045852967	6.40516672513232	4.22156678679293	5.31634501154503	4.9893933446639	5.12590167749769	5.62995897242976	5.83198927250504	4.52256904282575	4.15671564244296	3.2112984513391	3.70166016966013
5.99380785570666	5.39606451802507	3.25904149221159	4.62318377030945	4.36966542578206	4.17617488397892	4.72656098281067	5.1648120084957	3.99724948853199	3.24359309312293	2.50828018909623	2.93383361178916
10.2123868851478	10.1896575388382	10.0710130423396	10.0058380957375	9.91599526690016	9.91227559007175	9.87977826954472	9.94519988295303	9.82064649235778	9.93988324472662	9.65802730860091	9.78777532744872
10.0867947434286	10.1236403661037	10.0087820212353	9.90651016861085	9.81584094771709	9.80453303004754	9.65398586804002	9.59789509831643	9.64245336176846	9.96495865011857	9.49299670143793	9.38971616334539
5.34799014959865	5.47598806232202	5.24042581404424	5.22156678679293	5.55900788105162	5.4042028399848	5.69252465881126	5.81080394261441	5.33793154348471	5.47665243951123	5.39942804815901	5.50573995968487
9.76716210652894	9.67159970742798	9.62603613482702	9.68665445596021	9.59142935874399	9.56707997669786	9.54931754430788	9.59541943054309	9.40616447094869	9.61207120896754	9.20839726493678	9.45527489270189
5.93622036415372	5.62366523036428	5.81912932429372	6.19005581404771	6.08892901821481	6.24844517046908	6.58118717175224	6.57231583508913	6.52256904282574	6.36697550862821	5.96159868400692	6.46921408365975
5.53202209723634	5.35907031054287	5.38303020948705	5.11053547440419	5.42150435730168	5.60106016921411	5.48725077104067	5.52366667238142	5.11376349725842	5.88669963619807	5.83355949348323	5.8381224122094
9.61745082459188	9.68193491636275	9.55625172461636	9.39099695199616	9.33291397004561	9.32564362527899	9.06779460049482	9.08279178276602	9.06514870994692	9.05795707369989	8.86091391040251	8.96457530014014
5.7630276488775	5.6468726215256	5.9960070863778	5.81245412147119	5.94875136016655	5.68679004323999	5.86202440010579	6.00611426247664	5.79494131323887	5.8502506649434	5.72947386084905	5.96755422963316
7.14549728569991	7.13394292148518	7.12338639285403	7.28685824704465	7.25766612741966	7.37866774787766	7.67132234608119	7.74084138444684	7.61113359855566	7.95480192104099	7.32875603288728	7.66395946047491
6.67579481082269	6.58012380367101	6.7218321229388	6.6532062534089	6.70211139258342	6.64456180785069	6.95108756879797	6.87956632357174	6.97174449238598	6.85332349899303	6.72947386084905	6.9603944380603
8.58190324591278	8.59013560679908	8.61659349682967	8.76817547961201	8.57244625537642	8.60748643837354	9.15647175857104	9.22129919984217	9.18356046421319	9.31860332481985	8.76193531291256	8.98647509153039
6.15394235395617	5.906064961065	6.24510230125372	6.08628792815751	6.26950126385663	6.36572869217016	6.49823860055064	6.58485018883291	6.35381458509137	6.22947198487828	5.92750548533851	6.18381186479751
8.92475083720702	8.90686623575424	8.90141723543168	9.00842125675149	9.01281769017523	9.01079744913955	9.2202401705699	9.30208781619419	8.90593671580594	9.11667761564051	8.65802730860091	8.86137135824044
8.21440699522006	7.98710153315591	8.04107363410587	7.63493353308726	7.69510800484566	7.63740201627783	8.11994588254593	8.17230654504262	7.73758193379659	7.62246498483674	7.68564177938033	7.78507617784777
6.08495574376486	6.07527734454228	6.32236742758042	6.26542107638236	6.3519634240486	6.17617488397891	6.8153423573204	6.95295632658747	6.61991715713889	6.98663516979614	6.57386853072381	7.11454920236039
9.07979403864908	9.03992070779979	8.91321848766404	8.91376251083911	8.80652928751409	8.79209419725052	9.08684519272908	9.18717982152415	8.91756059990283	8.85906748152783	8.86214505401944	8.93991324590587
4.45209855293939	4.66213937817891	4.16346383222936	4.51107340398791	4.16186054066866	4.41261507980099	4.88229679513205	4.57984950777454	4.75562838921405	4.77122241877813	5.14810462485191	4.85366326310518
6.97168504480853	6.89318366976827	6.8745060813301	6.73969777903588	7.04001941773386	6.86593357471168	6.80476019466104	6.98546375316675	6.71521412076814	6.62246498483674	6.58385261929644	6.8381224122094
4.70290665643993	4.58413686617764	4.49720122940635	5.06162587392324	4.95462792650322	5.09487478187707	5.68869279722023	5.69069527646283	5.67784726830366	5.84099269708231	5.56985546821719	5.6901645308223
6.17622380133218	6.28704062427021	6.15851461625763	6.7428036899037	6.41299285744616	6.50205016338294	7.20824540829509	7.30928142925534	7.13842555149268	7.47465838937914	6.93999642952171	7.09070246040603
6.24107494568214	6.00517310607793	6.06110211459968	6.50376860336468	6.55127223227201	6.49017606309465	7.20824540829509	7.20108739488724	7.13842555149268	7.06691897209231	6.65187104272509	7.16317209873848
5.25684226154046	5.34967161254061	5.34867870469627	5.0415881206867	5.33404151605134	5.28097107399052	5.02284719444085	4.94130596684854	4.81037135380848	4.81601034052497	4.95853238095914	5.19198579624321
5.38672254408737	5.31145229031013	5.56609631061742	5.23926878852639	5.56670227284162	5.42097855273562	5.29397528232098	5.28644145289723	5.08867251629559	5.16663111130804	5.01275277195702	5.24008008444425
5.21440699522006	5.33068850917304	5.24976367862358	5.12964429735189	5.30673417005561	5.13609744460358	5.10564749949336	5.29866775523049	5.1445257510291	5.09054871847722	5.06500900908845	5.37543193733914
5.17068561779074	5.05806805451005	5.11319062574814	4.77653454721625	5.25051816048906	5.00871813812735	4.64189858574129	4.79362879880628	4.87049234624605	4.76470911181946	4.88291533431444	5.09941967750714
5.74077484203037	5.55988931993096	5.73519050579382	5.75208150349171	5.71947255324486	5.82555411319584	6.15369467390047	6.19128421985689	6.07596146454603	6.14673155387034	5.99190851816418	6.15483279782575
9.53794914402281	9.56345090357236	9.41606446668095	9.26811820754908	9.11802192973514	9.11305479794209	8.97409501608248	9.00284866195986	8.84543364864563	8.80732175940486	8.69027025637204	8.78237196891939
9.51954993313191	9.42823233505026	9.32457845489577	9.25403773877557	9.10156390227989	9.00941157483424	8.94266597550012	8.97930546585452	8.88103472387772	8.80216289390736	8.67727291584317	8.69592380011099
5.32822689477722	5.20080822662613	5.17331161818571	5.13910462660095	5.09957626241432	5.11563334204387	4.6576659015996	4.85286800218096	4.6480999249096	4.75816626595268	4.87643130074424	4.8842515829386
5.00629879988986	4.43213377273259	4.76805513969945	4.90408459693676	5.11014550412451	4.9863503250989	4.97330773363954	5.13784496089543	4.77934445818786	5.07483863538855	4.85680249399531	5.43862576382634
9.71151407697903	9.68847352599238	9.68056691296675	9.50468372869882	9.40389402717715	9.36627014274544	9.13445612302289	9.20920612785415	9.1153172885135	9.4387975030136	8.8682850620426	9.04743500650186
5.21440699522006	4.88669963619807	4.86845703665729	5.23044493813938	5.51195930824719	5.32620032798352	5.72656098281067	5.9017776026619	5.35907031054287	5.71827353882917	5.28658657864334	5.80652928751409
5.14831780476229	5.06956369334788	5.19280779381151	5.41309824442462	5.41299285744616	5.19580369072785	5.85178036860899	6.02463435044744	5.62210471637666	6.09574762515153	5.59771527267818	5.79584260871684
6.85567693684317	6.79964290192885	6.76805513969945	7.33086542928374	7.14139643810895	7.26479978331938	7.69825343552832	7.79146745751682	7.74261752369389	7.71995794654052	7.55165725163365	7.78372470698464
6.25684226154046	6.00517310607793	6.00154526991923	6.13910462660096	6.19698876407226	6.00315861278545	6.47839985345841	6.52106017656693	6.27537323048872	6.91197160203172	6.74912697646916	7.08632401989545
5.36748632522445	5.59212965693117	5.44937270431574	4.75208150349171	5.18203842260629	5.14622166187729	4.70395955387354	4.89374028359648	4.48460119262672	4.36051084490208	4.3011839548563	4.70166016966013
10.6159233548453	10.5718114391043	10.4503854772888	10.4572560307428	10.3500140240249	10.3153056868802	10.2795585095521	10.3802101832293	10.1386165736765	10.2777310434043	9.88715469871087	10.0755955680158
10.298064924267	10.2366233610958	10.1372889493652	10.2148721342189	10.0236901243402	10.0087181381274	9.85199452952987	9.93959906809687	9.83580546988472	10.0967203378803	9.63708382572748	9.72649202264007
6.97804053984835	6.89641479103128	6.9365352786866	6.76130003352109	7.03448123419243	6.7578397945995	6.70775113303591	6.88363025595164	6.59785717012998	6.65628665193347	6.46355838557872	6.46584723256136
7.72574663279804	7.53729861571639	7.64606461532084	7.71776713896638	7.67567152538125	7.67285085228212	7.96303377319408	8.0636652850388	7.8887776992738	7.50818801294434	7.21900654647437	7.64324348343481
6.22513340181312	6.21122484257147	6.34867870469627	6.08138912874467	6.27889996185888	6.30376293886377	6.18122785765662	6.16146856542133	5.97345892519724	5.90161905603381	5.91806578945221	6.02358826454749
6.30313591381439	6.05228570191604	6.3530176404206	6.38554252190406	6.4467416488007	6.37436761044403	6.42642557834463	6.44059164257917	6.49179669403093	6.28968950771239	6.36278620452473	6.33171055990982
6.80295383329026	6.6468726215256	6.74512874284994	6.86471035860262	6.85131720926092	6.94054663548577	6.90063285414145	7.01910324447421	7.01400571685757	6.95265452043481	6.7455735386114	7.01439909309283
5.74077484203037	5.50167470598566	5.68788479101547	5.74590292856259	5.64147004124359	5.62297494564255	6.13410394554259	6.12760092939862	5.85197225827525	5.98523517449861	5.7859190078388	6.09070246040603
6.58710965734055	6.58813879673514	6.71173153296983	6.69228841864945	6.6986139483472	6.67983728259822	6.9285198118927	7.01725482008184	6.73758193379659	6.9324564599564	6.48289487067632	6.80652928751409
6.33814236364231	6.53522726569669	6.57355211553647	6.24803899815412	6.51990806136267	6.4042028399848	6.2889220545947	6.37859129952744	6.39533385452964	6.60616317250764	6.36510378741814	6.52528014608052
10.1223738273879	10.1536549625078	10.031969299555	9.9369992194095	9.707776717952	9.71299424658289	9.57055523782957	9.65518008663878	9.47070869007328	9.67811301438664	9.29967026775816	9.36778552327589
5.6796992652786	5.75049525259976	5.96232396012151	5.69549797512534	5.83229238357917	5.8567150446823	5.60577915993463	5.66258993878248	5.59563250501547	5.67029350992735	5.72947386084905	5.66689475149945
6.35288894901149	6.45860598409378	6.50891464997015	6.33292789574064	6.32045245130339	6.34390232971698	6.00754805805797	6.19128421985689	5.94926945963017	5.83167493568826	5.75444077636563	5.8892871728359
5.04313556807024	5.14756620534915	5.15354836336428	4.93699921940949	4.9893933446639	5.21516901559478	4.9414588676002	5.05378069610695	4.840745002852	5.0589555937819	5.09882372208069	5.26353905726825
5.55770874089999	5.03479827518721	5.80018776064026	5.73969777903588	5.6559696109387	5.51773178561521	5.3581056197407	5.66258993878248	5.37990381396003	5.23890139779821	5.16947827564448	5.48593147860469
6.47024589964965	6.53107562242623	6.39149178823524	7.06659212681659	6.9190040167725	6.76771003862356	7.60069028326184	7.6825542913086	7.49179669403093	7.76634019739838	7.43074358862521	7.63726958239018
6.41978083266666	6.33068850917304	6.33119127796743	6.37757181079548	6.50796844805115	6.47419035892195	6.50914337688952	6.51058684533743	6.44807531660161	6.4885592061954	6.34411027976431	6.53173516821782
5.29806492426697	5.26220877129028	5.44937270431574	5.38156267099151	5.47971897124698	5.4457819437362	5.65766590159961	5.85700773254188	5.45545484696721	5.66680452384747	5.58981007459283	5.79046943661799
4.90320530692576	4.82020422441116	5.06110211459968	4.99024124068648	5.14139643810895	5.03074444445735	4.55195646042849	4.7586526605633	4.73151593309724	4.80969656659277	4.96465848375598	5.11669766893897
5.14831780476229	4.76470911181946	5.30455615146396	5.389511424107	5.26950126385663	5.11563334204387	5.59762831881377	5.52886557905574	5.49418724145592	5.9251737840127	5.87643130074424	5.8485015579894
8.24371482755485	8.16106204783338	8.22512168396955	8.57955314187068	8.53567537722099	8.47318534666195	8.99208494067016	9.01030205944007	8.86172494175621	8.78053407898114	8.52184631837553	8.69160650499621
7.09960251972926	6.98102701874622	7.12592411565593	6.96917962515864	7.10751044395654	7.05243951555667	7.1592435078211	7.28336861884761	7.03056956173201	6.52562846088677	6.57587088363495	6.68727625149748
9.98476271610366	9.96418900750715	9.91248373081551	9.70508402395454	9.60270047107901	9.59229276472427	9.37011813744268	9.43471789103478	9.27398268094407	9.46815862599146	9.17047243788036	9.19453068143457
6.22513340181312	6.06956369334788	6.21204401267442	6.4091937899687	6.4467416488007	6.23901575754915	6.67713576579783	6.86525172663679	6.48940217889055	6.55234579926256	6.27923212750419	6.5854671521556
5.03096085412413	4.99917436545648	5.31348927623397	5.14850332460321	5.50396651749365	5.11563334204387	4.92200650493402	5.03928112641184	4.71521412076814	4.66330707961125	4.46571972686819	4.86393159855901
4.98120781892703	5.10351102527122	5.29556736823671	5.06162587392324	5.15166477356277	4.99757758052215	5.08830025592947	5.08234984830372	5.24446718890301	5.10092786425721	5.04201736646222	5.32429308834734
4.64017090109196	4.60007841004666	4.68788479101547	4.59596230157443	4.7263589388301	4.61570694517851	4.15647175857104	4.42115176175548	4.20997881251772	4.41975004827675	4.43956743901222	4.59474496574362
7.14549728569991	7.08096845662013	7.11063038542957	7.53456175691029	7.48784685213037	7.39149178823524	7.90394178917203	7.90977039341543	7.80845159964512	8.15110809689566	7.58683442202697	7.99467557263225
6.49704595899337	6.48460119262672	6.17331161818571	6.92884069602233	6.80977494701774	6.70402674816529	7.52749440298658	7.61693882650976	7.40425908430912	7.69448297549442	7.28902975457166	7.46584723256136
5.11410208942438	5.13667788920642	5.25904149221159	4.62318377030945	5.13105449388749	4.84433132022647	4.50042615978841	5.03197632578861	4.50371001557443	5.02120067178648	4.90856392168505	5.09941967750714
9.55558556900702	9.45093497074085	9.31571394134848	9.19062458797224	9.11080351783757	9.03619887454946	8.83973633290401	8.96499289766557	8.72745771652289	8.63457158769339	8.50250204721991	8.63726958239018
5.29806492426697	5.31145229031013	5.25904149221159	5.08138912874467	5.09957626241432	5.04163276060009	4.82060447272581	4.81931544246993	4.79494131323887	5.1517322349287	4.91490544855888	5.19198579624321
4.71817341309324	4.37768598871021	4.0180333927078	4.88171678390831	4.56670227284162	4.74123782726237	4.84146307762347	4.91771914653092	4.87049234624605	5.00471254899791	5.02452993973338	4.93383361178916
4.9427336711124	4.46732320119489	5.0180333927078	4.46667928462946	4.61202626335111	4.86899337446074	4.6339498326258	4.85286800218096	4.74763559846052	4.7515936120292	4.66697793511529	5.02816099433732
9.92104475400214	9.90285540458911	9.7713007992031	9.62360505664356	9.51245739043438	9.50844139398596	9.30809331970913	9.41168453465944	9.15664931011159	9.31693482612861	9.05499522046043	9.08851490116827
3.27760082170726	3.51854852455006	3.33119127796743	3.05164178535062	3.33404151605134	3.57131282582005	3.52642136832135	3.43229231936068	3.32187169258862	3.41975004827675	2.80993588895734	3.04630834104758
5.51464001900811	5.74333546102689	5.65311937285479	5.78258359188905	5.66316511234291	5.65168624228407	5.7634605656222	5.73635399345453	5.90683419330977	5.64923189439952	5.72947386084905	5.74674805918867
6.07905514232518	6.15837296030574	6.16346383222936	6.09117014953725	6.115401229576	6.03619887454946	5.97015430060066	6.04654912687588	5.92820784410234	5.74829602192862	5.67447247166222	5.78507617784777
9.31510855548047	9.21834288591864	9.21084923410436	8.86328406581132	8.90389712438229	8.93252556582246	8.85819140733658	8.93054318688851	8.6281034569981	8.95408647592794	8.2859751376336	8.61844009243424
5.53202209723634	5.631442580956	5.7218321229388	5.3411484025456	5.55900788105162	5.4941449652976	5.49165595016068	5.54435082655316	5.31106493763203	5.2942191661929	5.50828018909623	5.60702329552206
10.0427566593246	10.095098785455	9.98031598865833	9.83809294115798	9.83667445113426	9.8239782582703	9.60349138650694	9.62545750607788	9.55269870901013	9.84350593531006	9.25694111689482	9.47089456729868
7.79217399453701	7.57206403387707	7.74512874284994	7.91789039646179	8.06468147196813	7.77425288449033	8.61337897579279	8.73859943366018	8.39661227290385	8.51305376811615	8.48182739371982	8.48510019362584
5.07905514232517	5.03479827518721	5.18309263897829	5.08138912874467	5.28823782643822	4.97503501187107	5.10564749949336	5.23647299362314	4.76357714232954	4.90754388999091	5.12640955375259	5.21623334248989
11.1668657466339	11.0991357715967	11.0256978079762	10.8838285603882	10.7325714595573	10.7508072887188	10.5590575168036	10.6205958501179	10.4620337741915	10.6299875177556	10.2035489517342	10.3436832015759
6.63213358202655	6.57609954711222	6.33996148759516	7.13910462660096	6.98652801096951	6.97219226210224	7.92282227823305	7.83409079515033	7.96744947569519	8.44492143880612	8.15749458388215	8.06978549287801
7.97327654529081	7.8621216134774	7.8623825222476	8.03653489296041	7.88863036772898	7.89474294587265	8.26080841838578	8.40780963416134	8.12768773979003	8.12782309132027	8.14877736678104	8.12952170929656
10.5475957292713	10.5122439476959	10.4762224869027	10.2553976173199	10.1462188215658	10.1017191629191	9.9315628314577	9.99088964230956	9.84356001845905	10.1343113923541	9.69442322753281	9.74188464726963
7.29042486206485	7.21122484257147	7.26365812028196	7.77046003280657	7.51792497508357	7.66758873687671	8.5172682061777	8.56853419454671	8.23306242563076	8.25118470567439	8.1318639838447	8.34000988312831
5.21440699522006	5.16909936689879	4.91615377868858	4.84750106857039	4.90693118447192	4.91708766266178	4.78515563672152	4.90977039341543	4.77934445818786	5.15671564244296	5.22667367722602	5.49256457093714
6.18723679405459	5.99917436545648	6.17821041759855	6.32050863648657	6.13105449388749	6.290131073276	6.34842306634336	6.45431862569068	6.46279682230838	6.46665451286732	6.49564336341831	6.57300318658956
4.64017090109196	4.17974661109831	4.49720122940635	4.32466027975703	4.79347313468864	4.32620032798352	3.7488137896578	4.17810883110915	4.13842555149269	3.95408647592794	3.98890603000265	3.85366326310518
4.7776744248419	4.53522726569669	4.48143391354804	4.30798153861041	4.27889996185888	4.81924033926364	4.45603204042995	4.28028922591564	4.40552962163552	4.31665655531265	4.74735135157931	4.59474496574362
4.37713649525817	4.43213377273259	4.16346383222936	3.83591309429518	4.33404151605135	4.34390232971698	3.84834946320871	4.00983734851936	3.92820784410234	3.48460119262673	3.49140637053184	3.55727026032495
9.36081418995624	9.37595093733946	9.19038513154465	9.17346306474224	8.97933967999997	8.9714806985658	8.75386540884101	8.80759913928049	8.78667648332477	8.91968754958707	8.63180010234199	8.51309857885067
5.11410208942438	5.09228376984797	5.06110211459968	5.39741662219235	5.29751564002623	5.26247473037313	4.95428290795778	4.99488700705338	5.08233098942176	5.37768598871021	5.0707001211663	4.70166016966013
4.65611244496099	4.75049525259976	4.54349488168029	4.35745021487471	4.59707592188513	4.47820342142857	4.21091954259342	3.88565793729862	4.20997881251772	3.99917436545648	4.43074358862521	4.29423585449116
4.83481833194551	4.93777382079234	5.2865222286337	5.32466027975703	4.96630973155086	5.07381316634924	5.01062089210759	5.1648120084957	5.1075315435469	5.51983837268326	5.27677228881638	5.51879611251032
5.17068561779074	5.34967161254061	5.30455615146396	5.41309824442462	5.43837817586608	5.290131073276	5.11138386904251	5.24912829442917	5.22732605608162	5.2152112917531	5.10992143096402	5.0819322507783
4.62405123572869	4.46732320119489	4.72852677551281	4.49642662802351	4.80652928751409	4.7142707796621	4.41022835081683	4.42115176175548	4.42570750357316	4.25293095770226	4.0707001211663	4.30934274688137
3.47024589964965	3.09228376984796	3.83162026847692	3.27403420668707	3.56670227284162	3.94054663548578	2.91546365906725	3.31681510194074	3.18651983969373	3.06426939367836	3.25194043583645	3.47926774832368
8.01714035953729	8.04211048060708	7.74182359812627	7.45914561194405	7.16946035652683	7.11305479794208	6.85861779866255	6.78496393767915	6.85010710605569	5.94547334562324	6.25194043583645	6.36462518238256
5.41510434545719	5.46732320119489	5.59569109280572	5.37356988023798	5.41299285744616	5.43756143693123	5.2530450182661	5.03197632578861	5.29470149142314	4.9483501063788	5.04779971905622	5.15064500086231
9.30060264706887	9.28149060444499	9.0336596278572	9.04536645992413	8.9190040167725	8.87509357399716	8.78650080702027	8.80866819827042	8.76357714232954	8.61297799406394	8.62456369672935	8.56594459389079
5.05520840037081	4.91246273226315	5.00706227488679	4.5399282666601	4.95462792650322	4.92886483043814	4.60170949562559	4.65785201977581	4.66517343826854	4.10608956937299	4.43956743901222	4.41088077334343
8.10396771229066	8.30781676959362	8.03703435463786	8.2995692987942	8.07820261162176	8.03891837590305	8.09555363994079	7.95488893912147	8.07116579794438	7.98593534196728	7.85597880282769	7.78912301091047
8.38313523587961	8.36724424198857	8.24042581404425	8.2013889048553	8.201937980044	8.13100856793078	8.04549593338605	7.86730538540476	8.01150465577312	8.29252221045023	7.96542242078251	7.81845793183212
4.37713649525817	4.67724627056912	4.16346383222936	4.45157239223925	4.58196902949493	4.63020651487362	3.95428290795777	4.11036422447332	4.2781503151593	3.89566978970262	3.80993588895733	4.15064500086231
9.00862885968177	9.10839560806848	8.96090328542188	8.92132130186206	8.74428084682736	8.83653716274467	8.59302315251018	8.5885893573387	8.60892932762893	8.92991170301937	8.57236494013342	8.36281616015069
4.67187976081931	4.41421186473532	4.48143391354804	4.3411484025456	4.67032490391577	4.74123782726237	3.97959399648696	4.28028922591564	4.07596146454603	3.75816626595269	3.2112984513391	4.15064500086231
9.46968223680174	9.45422754358321	9.3530176404206	9.24201521052635	9.19077827217045	9.10982512334304	8.9285198118927	8.97788058174769	8.94883379752784	9.22947198487827	8.83146589996405	8.77354811853238
4.03096085412413	3.99917436545648	3.72852677551281	3.81245412147119	4.201937980044	4.21516901559477	3.73401678772972	3.97978011466317	3.87049234624606	3.4686596487577	3.1905398911723	3.33909009027543
9.44466048945518	9.48513780972084	9.24859974548995	9.39593769326643	9.17576309717981	9.18295245162207	9.19918343454245	9.11079766147249	9.13918948851921	9.23890139779821	8.90617864413829	8.87158517110244
4.80652928751409	4.79272348798906	4.86845703665729	4.73969777903588	4.59707592188513	4.89324092070741	4.4378846937197	4.70454525522385	4.48460119262672	4.59151639654323	4.47433285717289	4.42481996430131
10.2410749456821	10.2697033078372	10.0637516930136	10.1540549680669	9.95426134155883	9.90819126217339	9.85263682161181	9.91126412439363	9.84543364864563	9.90550997162138	9.68772643180502	9.60434632582457
4.62405123572869	4.66213937817891	4.48143391354804	4.29110772004601	4.33404151605135	4.54093917677654	4.11138386904251	4.3986091931044	4.05019836848095	3.90754388999091	4.2112984513391	3.67857655654709
9.82999545997198	9.94481327925216	9.64694834891104	9.71381562994744	9.58812529537076	9.50795076482262	9.46081430388955	9.45363536967938	9.42194558477696	9.35103097855176	9.20451991870804	9.14749615630731
4.95567272681989	4.53522726569669	4.80652928751409	4.43630563558594	4.55127223227201	4.89324092070741	4.33377629037895	4.40992450633223	4.17464573940544	3.91932105776727	4.22156678679293	4.15064500086231
5.44293855365392	5.55171538848526	5.3659566961281	5.86471035860262	5.7263589388301	5.72781731150004	5.80298892980884	5.70913252471951	5.7436225359539	5.63858465020001	5.66697793511529	5.57612928757627
10.0686706601774	10.0901688976771	9.94769529597497	9.91926373787048	9.79101189717236	9.71299424658289	9.54137170978732	9.52821673935922	9.55040325102247	9.61275135121674	9.37088150855995	9.35919129633193
3.95567272681989	3.70699361396317	4.20245796384522	3.94780597436608	4.07820261162175	4.21516901559477	3.82060447272581	3.97978011466317	3.59563250501547	3.64923189439952	3.50828018909624	3.3968055881317
7.41744448391171	7.57408320151371	7.49130866148315	7.55767381685005	7.42150435730168	7.42514217767716	7.42757559438073	7.43506406861074	7.57093206438714	7.72416038190609	6.96923604986252	7.21623334248989
9.62910800585811	9.7437839905007	9.36541987936251	9.57650993890826	9.35418808916312	9.41313921969446	9.3959050527379	9.27256186389102	9.34125496131213	9.3621297286039	9.26254624173862	9.12472604269491
4.23578064601263	3.95026476497554	4.12338639285402	4.49642662802351	4.48784685213038	4.15627532654121	3.84834946320871	3.93348646238924	4.41565383890923	3.69105207009415	3.79626095206026	3.99116678685511
9.67823633288261	9.76382483655985	9.51570381563279	9.55502585947	9.4399500246225	9.43032986770015	9.2790807695927	9.13784496089543	9.25754253045806	9.20231527266403	9.13084284775803	9.01036035208843
5.22513340181312	5.05806805451005	4.85628232271119	4.89294403933156	5.36084157539506	5.36138975644582	4.77072856608624	4.73185260121959	4.75562838921405	4.34312876667384	4.31083412489002	4.36823643593494
4.41510434545719	4.09228376984796	4.33119127796742	4.32466027975703	4.1820384226063	4.44578194373619	4.11138386904251	4.02463435044744	4.06313742418845	3.62066274220275	4.24188677117252	4.13377118229791
9.3094496877466	9.35907031054287	9.10292229029431	9.09846264210361	8.96339813613095	8.90297624731013	8.68196245160101	8.77296413658874	8.65024519674116	8.27257548684853	8.67447247166221	8.41960853765596
9.15744659430155	9.14620965137907	8.94661905941564	8.94106124473273	8.79511163008439	8.77180279325744	8.7423587675205	8.67671104702713	8.65879452570584	8.37019700987201	8.65424194718783	8.45569927718528
5.07905514232517	5.12570677138542	5.12338639285402	4.90408459693676	5.15166477356277	5.05243951555667	4.84834946320871	4.63874319682811	5.03056956173202	4.5390489766491	5.13729786989532	4.75780324769766
9.82735799115535	9.96033462359312	9.57772913481852	9.7674131572477	9.53322306481531	9.4721796338008	9.45208176794971	9.39006408397139	9.36854778401616	8.97786282706281	9.32459412384548	9.0819322507783
5.36748632522445	5.39606451802507	5.53588169757042	5.43630563558594	5.4467416488007	5.4457819437362	5.3040289469849	5.04654912687588	5.08867251629559	4.9310028628149	5.44833764863995	4.83290470293838
9.65809280908923	9.61437483873503	9.34050785951644	9.48441564892627	9.34917775984872	9.29070164676214	9.17849806490104	9.24479054469425	9.21397268582458	9.05228570191604	9.10056337626579	8.82832367605177
6.91980727426289	6.73974219630288	6.73186248807607	7.05164178535061	6.83866190845489	6.83497326552824	7.13691896114964	7.18800163586759	7.15513942505396	6.79058774364506	6.89579662561117	6.88677157491712
6.61592335484529	6.84717127201143	6.6844457070487	6.73346582532437	6.74343245218904	6.55620593342985	6.75615576499897	6.70454525522385	6.65452619406904	6.89566978970262	6.90219439680932	6.57612928757627
8.54492258594415	8.66308820757246	8.45341953737844	8.61642640413414	8.38606607653418	8.34829409883414	8.29963908692051	8.20352781561164	8.23663610851058	8.28058730060513	8.16416447574801	8.0039908272127
5.29806492426697	5.30173713547691	5.47348516043255	5.38156267099151	5.27889996185888	5.20551884556106	5.004468665126	5.15139149273338	4.92820784410234	5.08009436084005	5.04201736646222	5.15064500086231
4.27760082170726	4.43213377273259	4.79381823576453	4.35745021487471	4.59707592188513	4.42929382094762	4.004468665126	4.19128421985689	4.41565383890923	4.07483863538855	4.37663618328576	4.0819322507783
9.3662755026264	9.51539967999507	9.23808187357594	9.33909766298084	9.22400171570998	9.22594885434802	9.19209566830177	9.03973645071446	9.14186008700394	9.14516527965191	9.11750188568629	9.04405236710721
7.51682426626998	7.57609954711222	7.48933911163339	7.65155462753774	7.49592919842823	7.45395587518189	7.56351068705657	7.56727144169507	7.64164490277231	7.41351809456524	7.58881887218978	7.33540504346757
9.7717420946322	9.83290781433738	9.61929770575805	9.63993999863503	9.53861266030055	9.4941449652976	9.34325265589834	9.27023556125171	9.30426937612318	9.46665451286732	9.04779971905622	9.17249655156968
9.79532644320394	9.83037602946846	9.63764203623584	9.61303581493337	9.43207359901187	9.38241988273876	9.2955507930606	9.26518233352543	9.34092296383261	9.29053990269185	9.1332243753089	9.05024782673563
2.95567272681989	2.73613995962269	2.5586017740705	2.88171678390831	2.9190040167725	3.27175254396115	3.06484128310548	3.08234984830372	2.81037135380848	2.22473406587161	2.08201543439414	2.18381186479751
10.0919315063763	10.2407603520262	9.88727670139845	10.0963394702106	9.89666555515121	9.94018300724418	9.81248401065171	9.70023140259013	9.79784704441429	10.0172675233846	9.63947913599196	9.52082550522206
4.39624531820588	4.50167470598567	4.20245796384522	4.72720683485268	4.40443084394274	4.47820342142857	4.87557093194374	4.94130596684854	5.1075315435469	5.71489881204852	5.31083412489002	5.24008008444425
9.034776500466	9.18438018483875	8.80098197758346	8.98827972435319	8.74003387572718	8.71597106865194	8.63245455347219	8.5346920421547	8.60118774884864	8.37555024436622	8.52961529267409	8.31870485008506
8.87878794194651	9.00741621879861	8.70834889357518	8.91720323520046	8.71947255324486	8.62840201802687	8.54296438156735	8.57042625388791	8.54580134906346	8.72332087356649	8.48981428461611	8.23019180007981
9.80563625434358	9.86459834376962	9.65135891499035	9.71895048424739	9.56141678967755	9.46259023142275	9.33928627177123	9.27720324604189	9.3808730414341	9.65342481601654	9.19900911194112	9.12792492436223
5.49704595899337	5.37768598871021	5.60299589342895	5.64326801635278	5.58196902949493	5.54859274931997	5.20556630809921	5.14463412655807	5.28920550366829	5.39465906731392	5.57787046128131	5.20819602342447
5.79936949594122	5.89318366976827	5.754998986874	5.59596230157443	5.76700092332745	5.72105994532474	5.30902962804327	5.36992643840031	5.5131703448235	5.25757732255863	5.23176255389882	5.41088077334343
7.30818914154069	7.33307510200992	7.29105188711421	7.23926878852639	7.23128194162614	7.07381316634923	7.18667199634674	7.24755243950364	7.24446718890301	6.83634133881068	7.09184405176225	7.11884294077053
9.1630357346223	9.24646897911326	8.8707284016621	8.86114197923978	8.88709476881775	8.84355379660706	8.69013093826727	8.66849054022216	8.66092396526719	8.18625991805698	8.37606174766563	8.4624725057807
8.12845738240145	8.20732742000968	7.97926382254322	8.13319919452852	7.92948550064082	8.01701746134584	8.32269279124994	8.3487689637984	8.2781503151593	8.13982719200882	8.21772472049853	8.15796568731071
4.60774942339959	4.32110246034384	4.54349488168029	4.43630563558594	4.80652928751409	4.70059584276502	4.61791972280685	4.54947585873102	4.97002801979697	4.9134444914306	4.91490544855888	4.96278498548529
9.38253648300076	9.38690451873959	9.36917340881165	9.03273332280055	9.23551183587561	9.15251340774501	8.917102154463	8.83146341318051	8.8796639921443	9.25118470567439	8.66227400189392	8.80253105389486
5.11410208942438	5.19031585280849	5.03972846380711	5.11053547440419	5.06739585666517	5.14622166187729	4.51780823801665	4.70454525522385	4.69041072976757	4.74499087720495	4.37663618328576	4.67857655654709
9.91236002206888	9.97569075623633	9.72936142699163	9.79198473971914	9.55804319024945	9.5844028252605	9.40059770185477	9.39006408397139	9.44065784503913	9.31135918618045	9.26005776325896	9.18176112523275
5.05520840037081	4.631442580956	4.81912932429372	4.73969777903588	4.93097665843858	4.94054663548577	4.53498338182477	4.48674010338306	4.50371001557443	4.20562524292391	4.13729786989533	4.42481996430131
10.0198380670914	10.073851051751	9.78902256916288	10.037483722354	9.71774580852539	9.69844737618645	9.57445406474315	9.5599890854137	9.57376032453796	9.56247332216043	9.375774444062	9.23613289992759
9.09229771910603	9.18636145551987	9.17698727632911	9.14733183039276	9.00575948118058	9.03415587910649	8.93014355437236	8.8507936739431	8.96011847331316	9.23831386163008	8.77026574352731	8.70309070526657
10.0933957998701	10.1744328112018	10.0139289943751	9.98336423393907	9.82629530535426	9.80053220928918	9.5809287863229	9.55362658319016	9.55842142591839	9.91675300488672	9.38493989901209	9.43862576382634
9.13558181683483	9.26720945234865	8.90880432295304	9.1147372103828	8.88247814074738	8.88268272900884	8.73633884688366	8.74531486102615	8.74763559846052	8.49102746178615	8.50144898509951	8.44974650405585
6.20360024026348	5.95646991450224	3.78099419540695	5.06162587392324	4.55127223227201	4.54093917677654	5.22156678679293	5.3465624453348	4.474951022593	3.78416147448563	3.27183999327415	3.6551175837231
9.76624436156104	9.90526324109945	9.59385909885683	9.61642640413414	9.4571282670324	9.43859156552972	9.34872663184493	9.23806099052634	9.27398268094407	9.61908393093188	9.15381295667834	8.984123509851
8.75472301746008	8.99465888433399	8.73352745657118	8.76435983327015	8.63324953443862	8.59368063884851	8.53391590486827	8.45841138032456	8.49000118036932	8.85753798756969	8.22092715253688	8.27992801780728
4.47024589964965	4.92517378401271	4.58834911746455	5.17633753279993	4.76700092332745	5.03074444445735	5.21625298689646	5.21082440625253	5.13229944869584	5.88969588865799	5.56985546821719	5.36100486670386
9.73796895127708	9.72118492187615	9.48884630375809	9.54215843411748	9.41831842658283	9.35103218096346	9.24426096449666	9.21042000679904	9.1671744899743	9.413257844715	8.97455825104269	8.91605639251264
4.90320530692576	5.20080822662613	5.02892170885053	5.12964429735189	5.09957626241432	5.09487478187707	5.60983737650899	5.57984950777454	5.50844793458109	6.55988931993096	6.0449114397314	5.99116678685512
3.64017090109197	3.67724627056912	3.78099419540695	3.73969777903587	3.94285075872687	4.13609744460358	3.54349488168029	3.81931544246993	3.50371001557443	3.14673155387034	3.32994294783772	3.42481996430131
9.65512124255794	9.682870819763	9.49229242902273	9.35440762315109	9.3124659814922	9.24785763430095	9.14917047877288	9.15139149273338	9.14870472576144	8.97821474682083	9.07389153339755	8.92036754418872
10.0823771996631	10.1807407733342	9.93291677906985	9.96453112158058	9.80001598055541	9.82752151434744	9.61363161479894	9.60160065268466	9.64272274745515	9.8797468755563	9.51560087554463	9.42525340130048
5.70290665643993	5.44983577446605	5.74842633295052	5.49642662802351	5.7263589388301	5.81924033926364	5.60170949562559	5.63392618053033	5.55499052051812	5.5390489766491	5.46571972686819	5.71306493293238
9.11842369537447	9.16307557927103	9.189172273095	9.07893347701836	8.91448853565001	8.96791760700191	8.71294833710079	8.70339615517036	8.77689214578217	9.16539539813538	8.69350137763506	8.58934016130281
7.68553620530088	7.69033627000957	7.44124482343234	7.46855657187013	7.16693153021608	7.29468935523831	7.17713122913714	7.13954524988527	7.25578250213084	6.79058774364506	7.30239376208936	6.78777532744873
6.43833665169491	6.68099840543023	6.51667109360458	7.00583809573749	6.86073636159332	6.92298826410147	6.86032210487479	6.87549091114163	6.94578047355029	6.73835778487251	6.93376447581019	6.77150415827424
9.59952891659462	9.63869596496732	9.38673825826461	9.40821602304487	9.36194751262123	9.34059970704414	9.12987109642039	9.03973645071446	9.1215157729826	8.85140374482966	8.91609138782902	8.8892871728359
4.60774942339959	4.80652928751409	4.74182359812627	4.72720683485268	4.79347313468864	4.80652928751409	4.6339498326258	4.73185260121959	4.54118472099309	4.46062232969228	4.24188677117252	4.46584723256136
9.09229771910603	9.22156678679293	8.8865286095793	8.91238392015525	8.78277731408074	8.7142707796621	8.52588455155576	8.53145802367226	8.53771252908629	8.44695698770238	8.16615944500928	8.37363642367753
4.62405123572869	4.34021128329155	4.38303020948705	4.07154134278832	4.95462792650322	4.89324092070741	4.28385106504728	4.11036422447332	4.11376349725842	3.8347875475556	3.75444077636563	3.85366326310518
5.66401764304633	5.79964290192885	5.80652928751409	5.61642640413414	5.49592919842824	5.81289881238981	5.442442975682	5.17147573877671	5.44065784503913	5.71489881204852	5.57787046128131	5.45908986638605
9.6753060101943	9.7334323672592	9.56469404738612	9.58518782998025	9.45038547728881	9.40999152017475	9.29365997360136	9.21042000679904	9.29092525001675	9.6961953733701	9.1168143969714	9.12472604269491
9.39505840325543	9.3425821877543	9.34922178583985	9.27242315678108	9.29114355761363	9.27924708050807	8.99402691840435	9.06232136780991	9.00732656121994	9.1354162406425	8.61095784945903	8.91235083814441
4.47024589964965	4.37768598871021	4.31348927623397	4.11053547440419	4.56670227284162	4.76771003862356	4.02892170885054	4.08234984830372	4.49418724145592	3.53139540410567	3.76851596157735	3.9531989366561
9.98120781892703	10.1104839486612	9.92674442394068	9.83954434474205	9.73875734264797	9.6828832391772	9.64090738333824	9.53533797681554	9.5841769404833	9.99865406910863	9.4943206393494	9.28662267038129
4.80652928751409	4.60007841004666	4.76805513969945	4.70189574632349	4.7263589388301	4.89324092070741	4.6576659015996	4.5392075232772	4.60451065636192	4.58413686617764	4.44833764863995	4.5445592085754
9.72432967896907	9.85964062397365	9.55295521092936	9.63493353308726	9.47716958899515	9.47268257786756	9.48642330038943	9.45295178992678	9.44282521647074	9.37207290226712	9.31443636157021	9.24155749884975
4.27760082170726	4.22156678679293	3.70155972791255	3.99024124068647	4.14139643810895	4.32620032798352	3.71906644626375	4.06813598908403	4.38506551907581	3.60616317250764	3.60557739045115	3.99116678685511
8.44867036509051	8.5506903830845	8.34867870469627	8.3100769566126	8.25290475332594	8.21276251788768	8.18531288645736	8.07614850913541	8.0855052372169	8.35455934745025	7.95853238095914	7.95199618957444
7.03096085412414	7.32110246034385	6.97363927334934	6.99285245414302	6.87939216087364	6.74457353982562	6.93338556706451	6.59479984924051	6.86311281588045	7.4176757200389	6.67634003831898	6.45908986638605
6.25684226154046	5.99315057782871	3.754998986874	4.8005800211829	4.75358040756512	4.68679004323999	5.26338696248756	5.39291808102654	4.20997881251772	3.43623817106533	2.75444077636563	3.33909009027543
6.15394235395617	5.97492681920981	3.92783558373622	4.92611090326676	4.6986139483472	4.7142707796621	5.16200994211247	5.53404581816141	4.11376349725842	3.91932105776727	2.57386853072381	3.33909009027543
5.25684226154046	5.33068850917304	5.43307089198664	5.39741662219235	5.23128194162614	5.23427783854249	4.84834946320871	4.69532672519448	4.90683419330977	5.28968950771238	4.98288224237488	4.92405259099658
9.04086062141084	9.13394292148518	8.83782541800363	9.00583809573749	8.68895202763813	8.68938871408531	8.50533607391221	8.57796977455632	8.57940026542242	8.310520978522	8.54144705303143	8.22522212571714
5.6796992652786	5.6391782297356	5.64606461532084	5.89852507159486	5.7802977459409	5.780766191449	6.06484128310548	6.2459748613903	6.08233098942176	6.01298016498151	6.11268257064108	6.28662267038129
5.35777117039124	4.86046809462489	5.25904149221159	5.00065785663181	5.201937980044	5.21516901559478	4.7414342592922	4.59974906521225	4.84823953939893	4.5390489766491	4.59771527267818	4.70166016966013
4.90320530692576	4.77878429703118	5.19280779381151	4.93699921940949	4.88247814074738	4.75453464987582	4.54349488168029	4.65785201977581	4.45545484696721	4.4686596487577	4.74735135157931	4.73560750158347
5.21440699522006	4.80652928751409	5.15354836336428	5.19459973919266	5.28823782643822	5.12590167749769	4.84146307762347	4.80224192911099	4.80267696201848	5.01572554172033	5.16947827564448	5.1252596824424
5.12559772826221	4.79272348798906	4.89250251062394	4.73969777903588	5.11014550412451	5.24373816779155	4.47395394842721	4.5392075232772	4.7395982793951	4.25293095770226	4.29146880002308	4.49256457093714
8.82427483770404	8.98861617375791	8.66451028264166	8.6248681780208	8.44986549348758	8.42306186723611	8.32824518440573	8.32206536262795	8.31850326929589	8.36374679775234	8.41517078470475	8.1642111301416
4.74823064694942	4.86046809462489	5.00706227488679	4.68907170596591	4.67032490391577	5.06316592214973	4.50042615978841	4.72280746161659	4.68204725683294	4.56176905314918	4.85019975917106	4.51879611251032
9.15674642683287	9.24393459982138	8.8737513363268	9.0690688571088	8.75946725064204	8.74457353982562	8.72609371315771	8.64713446708725	8.68884626725291	8.8780505848954	8.45161278067281	8.4248199643013
4.55770874089999	4.67724627056912	4.57355211553647	4.58215650204939	4.9190040167725	4.86899337446074	4.23213602850312	4.52886557905574	4.59563250501547	4.28058730060513	4.33940327708679	4.38259172891201
5.32822689477722	4.99917436545648	4.93942355801143	4.77653454721625	5.13105449388749	5.30827841998626	4.9414588676002	4.86113561816456	5.0039753517203	4.71827353882917	4.77550239189346	4.72438024616021
9.98830887530218	9.93855768119787	9.88278232068924	9.60024965997753	9.65551869827965	9.6675887368767	9.49769119206717	9.4590923787044	9.45146228762682	9.62696076610312	9.10473000743889	9.37003867856892
3.57458255946439	3.70699361396317	3.14356427479166	3.01099980085327	3.53567537722099	3.47820342142857	3.24262840232076	3.36412081671911	3.18651983969373	2.10608956937299	2.16947827564448	2.53173516821782
9.31573595059403	9.37652951967763	9.14918882398553	9.19743244193051	8.95975035911581	8.96506078420526	8.85349276648467	8.89273246305889	8.82942968962417	8.9134444914306	8.65991627128111	8.61312349505847
4.96849676717748	4.86046809462489	4.88052986895786	4.76435983327015	4.84500343532872	4.9863503250989	4.41950616440484	4.17810883110915	4.52256904282575	4.41975004827675	4.32042017371922	4.32429308834734
9.1391308839159	9.28704062427021	9.04308904077713	9.12608061902881	8.92873934337522	8.90372240457574	8.71765687600907	8.67084403999513	8.72999543932479	8.80930103676414	8.62601388452868	8.49256457093714
3.27760082170726	2.79272348798906	3.14356427479166	3.01099980085327	3.09957626241432	2.68679004323999	2.71906644626375	2.61937787196118	2.57771059701821	2.50036850848504	2.88937035645174	2.30934274688137
9.9419211140417	10.0252366620427	9.82850765660958	9.85074348605908	9.63370746018152	9.69068629628122	9.41022835081683	9.39789903062838	9.45146228762682	9.70833772888997	9.22635502564198	9.23118368395586
4.84875752290338	4.83375075624911	5.15354836336428	4.64990110868523	4.61202626335111	4.61570694517851	4.50914337688952	4.47601369679	4.5131703448235	4.48460119262672	4.58186132147734	4.30934274688137
5.03096085412413	4.77878429703118	4.72852677551281	4.68907170596591	4.87009441629155	4.94054663548577	4.07661845088183	4.54947585873102	4.46523586775979	4.48460119262672	4.37663618328576	4.42481996430131
12.9231563294501	12.9502161820239	12.7726172654813	12.6481939301319	12.5544803074854	12.5226582589975	12.3918600763543	12.4249038966166	12.3727761796778	12.327538594051	12.1585805418114	12.1928133764328
6.12559772826221	5.97492681920981	6.08738143939853	6.33292789574064	5.85131720926092	6.16625941511383	7.05147602501943	7.04654912687587	6.9887978238168	7.50623710657417	7.35347846229851	7.31122003412204
4.71817341309324	4.60007841004666	4.57355211553647	4.93699921940949	4.75358040756512	4.7937052471565	4.39149178823524	4.55967162583691	4.71521412076814	4.67029350992735	4.39489838967849	4.47926774832368
7.86084480520211	7.94403281126402	8.01255826264165	7.79310877175177	7.87164820754663	7.7937052471565	7.68099840543023	7.62909302679439	7.69041072976757	8.06360623805148	7.6791368631837	7.63876537831565
4.80652928751409	4.631442580956	4.97363927334935	4.6096372384715	4.71255313930507	4.83184037604327	4.26338696248756	4.16481200849569	4.20997881251772	4.13667788920642	3.98890603000265	4.41088077334343
9.79172308187796	9.80050549988632	9.66057744501973	9.70069832334075	9.40496746103685	9.45802553949094	9.21125346113232	9.19292271525264	9.24411215136193	9.39518627179298	9.17444225017439	9.04179285992508
4.19271192412074	4.15837296030573	3.95091919684926	4.37356988023798	4.6986139483472	4.290131073276	3.83454366368369	3.76747651095032	3.91399398488264	3.90754388999091	3.16947827564448	3.58236124128779
4.48816780764691	4.60007841004666	4.46549236967902	4.42087559501634	4.36966542578206	4.52550913620693	4.11138386904251	4.13784496089543	4.28920550366829	3.97680655242803	4.04779971905622	3.85366326310518
9.6718797608193	9.72981432137327	9.46899466558533	9.6610257578682	9.32669666543818	9.32675681595219	9.25336932871838	9.13443835945218	9.21831706564211	9.7153210848573	8.88048723549575	8.95019018678376
4.37713649525817	4.02302110741085	4.31348927623397	3.73969777903587	4.42150435730168	4.58626316728602	3.87557093194374	4.03928112641184	4.11376349725842	3.51596536353606	3.71137205447375	3.55727026032495
7.30060264706887	7.32110246034385	7.24042581404425	7.45346942741185	7.25766612741966	7.42306186723611	7.86627137120598	7.83933124784621	7.87783432158722	7.84871179008721	7.81926277742187	7.85752245856082
10.1405480697282	10.1627401857926	10.0295995078016	9.94612274579935	9.79511163008439	9.74123782726237	9.56089284013815	9.52886557905574	9.58108795722053	9.77831283906446	9.40535172367431	9.46668968224421
5.12559772826221	5.01114700712256	5.12338639285402	4.82423128924755	4.7263589388301	5.04163276060009	5.08830025592947	4.74084138444684	4.92820784410234	4.69790574113521	4.66697793511529	4.94354876662238
4.98120781892703	4.91246273226315	4.89250251062394	4.76435983327015	4.94285075872687	4.99757758052215	4.50042615978841	4.55967162583691	4.58669938024546	4.22473406587161	3.71137205447375	4.50573995968487
4.92967751828695	4.92517378401271	4.9848665287726	5.03146390341299	5.01211342116398	5.04163276060009	4.85520313424978	5.00983734851936	5.20414973371552	5.19597507289019	4.82348242079528	5.04630834104758
6.03096085412413	5.99315057782871	6.07692708176136	5.79460612013827	5.77366465360846	5.70059584276502	5.64189858574129	5.60959685116859	5.66941043115502	5.53139540410566	5.75090041866038	5.32429308834734
7.54063522754105	7.5414324152234	7.50111627940974	7.3715647443476	7.41938118540872	7.31726720321352	7.51996634618405	7.50268164725208	7.52841228710721	7.81206747105551	7.76588730301674	7.64175232563705
5.09083231010153	5.10351102527122	4.9848665287726	5.5821565020494	5.11014550412451	5.37866774787766	5.80652928751409	5.66258993878248	5.64379978747598	6.22947198487828	6.04779971905622	5.98176808885287
8.47249835138103	8.51119050110586	8.17331161818571	8.3411484025456	8.21668456541319	8.20430802296301	8.14463205142908	8.21244087145345	8.19976241647458	8.26912818523007	8.12572629774129	8.13695009296542
9.41802892590507	9.43269026070126	9.24042581404424	9.18435570769586	9.09824964619129	8.99757758052215	8.86202440010579	8.85958904480842	8.77246745144046	9.02495280664759	8.80140425533622	8.71731858232603
8.46346736701859	8.38805270426847	8.26596090615138	8.14850332460321	8.09957626241432	7.96791760700191	7.92526683409761	7.87038040264186	7.932621108605	7.73252870607031	8.14810462485191	7.81713738708007
4.88978479116343	4.66213937817891	5.32236742758042	4.94780597436608	4.88247814074738	4.81924033926364	4.32392850442261	4.3641208167191	4.7395982793951	4.10608956937299	4.54962098447713	4.51879611251032
4.74823064694942	4.66213937817891	4.54349488168029	4.11053547440419	4.67032490391577	4.75453464987582	3.95428290795777	4.23010346874742	4.23306242563076	3.64923189439952	3.8369029365576	4.15064500086231
9.89062724084629	10.0666983596535	9.64739001278741	9.88699044047224	9.69773826089033	9.72444258471939	9.65005012465211	9.60314182903129	9.67284384889114	9.3602408542508	9.59771527267818	9.37767319154303
6.15954506018554	6.12018976641785	5.97363927334934	5.89294403933156	6.13623473299317	6.210351999297	5.81709852922427	5.80652928751409	5.92820784410234	5.80652928751409	5.93063837482347	5.8892871728359
5.45209855293939	5.45860598409378	5.55106810138509	5.89852507159486	5.53567537722099	5.80013151631593	5.38676937799284	5.47062043801978	5.57319511589571	5.61343117297167	5.75444077636563	5.67857655654709
10.4594984648157	10.5159249649238	10.3079125586565	10.2243470825867	10.0721337756718	10.1004179722642	9.8666953815076	9.86679224471257	9.86726844537177	10.091036912619	9.61217788762129	9.67748539675155
4.92967751828695	4.631442580956	4.83162026847692	4.78860737951683	4.81946834322158	4.74123782726237	4.71906644626375	4.81080394261441	4.91399398488264	4.79058774364506	4.47433285717289	4.84332131888372
4.96849676717748	4.80652928751409	5.08216373012751	4.90408459693676	4.88247814074738	5.06316592214973	4.47395394842721	4.66731234902488	4.38506551907581	4.46062232969228	4.80993588895734	4.50573995968487
5.01868252434569	5.01114700712256	5.21204401267442	4.95853238095914	5.07820261162175	4.92886483043814	4.59353556417989	4.5184489631104	4.6480999249096	4.40307130713012	4.41293231250875	4.36823643593494
4.95567272681989	4.93777382079234	5.20245796384522	5.19459973919266	5.02334067658724	4.99757758052215	5.08830025592947	5.26167354774828	5.36430695890901	5.16663111130804	5.44395920812938	5.35373686623982
10.4264768361995	10.5016747059857	10.3705115918599	10.2526765772057	10.1716694492227	10.0787771408792	9.80210248121512	9.8222297112875	9.85173924607401	10.1844310206548	9.5463059082449	9.78101796127341
9.1947597527696	9.34080437478639	9.05778328396449	9.17863299078759	8.85289134475904	8.94127361712922	8.74651173868126	8.71084899730853	8.80364100818926	9.13510065603206	8.76237495790785	8.56043060121828
4.84875752290338	4.58413686617764	4.5586017740705	4.97974886686883	4.87009441629155	4.75453464987582	4.79231542829439	4.77624672057804	4.99049212235668	5.20080822662613	5.28658657864334	5.10808453863427
9.93744385118752	9.95530848008485	9.77696319239083	9.8143006531976	9.68807045410573	9.67066063622325	9.49275514643548	9.53275250113989	9.52227625844303	9.60045946048095	9.24377717769881	9.34597428517775
5.85567693684317	5.78577072734729	5.66712623084867	6.12964429735189	5.9893933446639	6.04163276060009	6.22686108646244	6.42673279401878	6.32187169258862	6.46865964875771	6.4613938014654	6.44889409928016
9.40216528974969	9.38287865793053	9.20546045200675	9.26163660155484	8.9764542889564	9.08306547958743	8.84663094598241	8.81187063030877	8.81468148327755	9.01983383602257	8.77550239189346	8.67128652061661
5.05520840037081	4.89963869190557	5.18309263897829	5.06162587392324	5.24093211165986	4.97503501187107	4.77796013531731	4.67671104702713	4.95622222027193	4.37768598871021	4.98890603000265	4.71306493293238
4.96849676717748	4.99917436545648	5.02892170885053	4.95853238095914	4.9893933446639	5.290131073276	4.54349488168029	4.76747651095031	4.6480999249096	4.67029350992735	4.68934574814374	4.49256457093714
8.94029462566098	8.99842276604335	8.72936142699163	8.94645954865856	8.74003387572718	8.80333394835428	8.77750922265826	8.76582614466065	8.76605217302902	8.41039199357852	8.76149553389958	8.63127084176873
5.39624531820588	5.29195611468433	5.33996148759516	4.95853238095914	4.93097665843858	5.35267253934472	4.51780823801665	4.98735333436798	4.79494131323887	4.39465906731392	4.69672527850934	4.51879611251032
4.55770874089999	4.80652928751409	4.89250251062394	4.46667928462946	4.42150435730168	4.6010601692141	4.3040289469849	4.28028922591564	4.25578250213084	4.15671564244296	4.72587162416886	4.36823643593494
9.70098690227656	9.79921140946537	9.46849485784054	9.74551588763715	9.42627010043812	9.41837017191139	9.43731389448737	9.33473700993801	9.44096766895117	9.09412497843803	9.37174617447789	9.18534800873064
4.80652928751409	4.67724627056912	4.71510625975049	4.46667928462946	4.9893933446639	4.99757758052215	4.45603204042995	4.54947585873102	4.73151593309724	3.20562524292391	3.79626095206026	4.20011367712661
4.87623825932549	4.91246273226315	4.91615377868858	4.82423128924755	4.83229238357917	4.7142707796621	4.34355731117154	4.5392075232772	4.474951022593	4.11635790482682	4.33940327708679	4.0819322507783
4.82074314673378	4.89963869190557	5.00706227488679	4.75208150349171	4.45505691701271	4.70059584276502	4.49165595016068	4.47601369679	4.55956325030795	4.16663111130805	4.73306712557306	4.15064500086231
4.87623825932549	4.77878429703118	4.72852677551281	4.72720683485268	4.90693118447192	4.86899337446074	4.47395394842721	4.55967162583691	4.49418724145592	4.21521129175311	4.35813983966837	4.43862576382633
4.74823064694942	4.84717127201143	4.5586017740705	4.56821731109152	4.71255313930507	4.4941449652976	4.2530450182661	4.32878774360682	4.19829700747008	4.24359309312293	3.78245515253523	4.33909009027542
4.98120781892703	4.60007841004666	4.71510625975049	4.99024124068648	5.201937980044	5.10529139782241	4.49165595016068	4.34066184389511	4.48460119262672	3.99917436545648	4.02452993973338	4.26353905726825
4.60774942339959	4.44983577446605	4.61749546312407	4.45157239223925	4.16186054066866	4.50991228115591	4.31401303555752	4.2554145572766	4.32187169258861	4.0428957428858	4.25194043583645	4.29423585449116
10.4314061577863	10.4315770700281	10.3148800938881	10.1621975942267	10.0862548839165	10.0419716998806	9.82715524093959	9.85881513596149	9.83509843971086	10.0116055150053	9.68656866347317	9.66689475149945
4.27760082170726	4.41421186473532	4.76805513969945	4.51107340398791	4.61202626335111	4.07381316634924	4.32392850442261	3.73185260121959	3.95622222027193	4.21521129175311	4.49986794928004	4.33909009027542
6.17622380133218	6.07527734454228	6.07167135630987	6.06659212681659	6.02334067658723	5.99757758052215	6.12562579161829	6.0645605348602	6.06956369334788	5.85944960178987	6.0449114397314	6.1252596824424
8.07313030836807	8.09650423616616	8.07692708176137	8.06783102344995	7.97933967999997	8.03210998648158	8.02664676219114	7.90877371286395	8.03878071105126	8.46011850742738	7.9180657894522	7.95919767727754
9.29933434365454	9.25719069652365	9.0938771506913	8.92269138272561	8.94654146179078	8.96004769140425	8.75294824730924	8.74419779163942	8.71521412076814	8.92918380439601	8.67493959002177	8.603963495773
4.59126130061102	4.35907031054287	4.1830926389783	4.29110772004601	4.40443084394274	4.41261507980099	3.82060447272581	4.08234984830372	3.92820784410234	3.9654912392002	3.6669779351153	4.13377118229791
4.86256332242841	4.91246273226315	5.02892170885053	4.87040147068047	4.62682326527919	4.96363024859882	4.41950616440484	4.70454525522385	4.50371001557443	4.70472700699122	4.76851596157735	4.72438024616021
4.84875752290338	5.01114700712256	5.12338639285402	4.89294403933156	4.90693118447192	5.12590167749769	4.42872469443422	4.44334750786968	4.65666193841303	4.4686596487577	4.76851596157735	4.66689475149946
10.3568570115006	10.4079994278702	10.2401330296615	10.2050530731885	9.96994098199772	9.97005651775825	9.7627773096109	9.80009346253241	9.76357714232954	9.64834761913992	9.70063035464494	9.5401637902884
10.3723194789604	10.4387975030136	10.2480174265957	10.1800657995665	10.0198415357962	9.99862566995502	9.77434888176494	9.81240367854719	9.77369789504671	10.078618122252	9.56331033902523	9.59088645838641
5.00629879988986	4.93777382079234	4.92783558373622	4.3411484025456	5.01211342116398	4.84433132022647	4.2530450182661	4.21727942838983	4.43569159214578	4.25293095770226	4.60557739045115	4.55727026032495
8.59952891659462	8.76205465837348	8.3530176404206	8.63158621130515	8.36305260271041	8.28326653197819	8.19074166065579	8.21888868125149	8.25225599086407	7.82151231683996	8.05355898834491	7.99584327406459
4.43372002362454	4.20080822662614	4.14356427479166	3.83591309429518	4.01211342116398	4.36138975644583	3.9414588676002	4.09642503351545	3.87049234624606	3.26220877129027	3.05929535789406	3.76877436551866
9.35350013099093	9.42711569796596	9.10934855945374	9.23981849134915	8.97283941600304	8.96577552043037	8.83887218490519	8.88210762252177	8.83556983165783	8.85524070198732	8.69764507136223	8.59474496574362
4.96849676717748	4.93777382079234	5.09258034607285	5.15784118918254	5.03448123419243	4.94054663548577	4.20019313600037	4.50795658929275	4.62210471637666	4.78416147448563	4.76149553389958	4.50573995968487
4.35777117039124	4.53522726569669	4.67407899149044	4.42087559501634	4.31589416934108	4.70059584276502	4.26338696248756	3.97978011466317	4.40552962163552	4.14673155387034	4.4039435292815	4.43862576382633
5.32822689477722	5.11465158287642	5.20245796384522	5.06162587392324	5.33404151605134	5.16625941511383	4.79943986272777	4.5392075232772	5.0039753517203	4.80335503971894	4.70406725385051	4.82241232912074
6.19271192412075	6.12570677138541	6.16839612777159	6.30378155008112	6.10487056208383	6.04704625678645	5.90228827031952	6.0752604235174	6.09813284554465	5.71489881204852	5.91490544855888	6.01900099505184
5.2672588774858	5.22156678679293	5.39990402805144	5.24803899815412	5.26004093460756	5.07381316634924	4.77072856608624	4.86113561816456	4.69041072976757	4.80969656659277	4.98288224237488	4.92405259099658
5.05520840037081	4.91246273226315	5.07167135630987	4.25675621525523	4.6559696109387	4.86899337446074	4.40089048623749	4.55967162583691	4.49418724145592	4.3255347066591	4.12640955375259	4.49256457093714
5.05520840037081	5.10351102527122	5.34867870469627	4.70189574632349	5.23128194162614	5.11563334204387	4.38203145898617	4.52886557905574	4.6480999249096	4.62785824360695	4.85680249399531	4.85366326310518
9.14337827179501	9.31688845138646	9.00154526991923	9.09664297185074	8.86620260103455	8.8567150446823	8.71483359714155	8.69532672519447	8.74110869137137	8.76959684672909	8.50250204721991	8.4917371002859
4.83481833194551	4.6468726215256	4.70155972791254	4.81245412147119	4.74003387572718	4.46208375606529	4.35327246600475	4.35243901167147	4.474951022593	4.35184598377495	4.74735135157931	4.35373686623983
5.19271192412074	5.06956369334788	5.06110211459968	4.85899670740822	5.13105449388749	5.14622166187729	4.80652928751409	4.77624672057804	4.55956325030795	4.59151639654323	4.46571972686819	4.41088077334343
8.48147315507291	8.49209572917365	8.27742002152645	8.35440762315108	8.2812401003134	8.23190303135458	8.18190949955018	8.24043971330906	8.17762343920533	8.04960908697223	8.07282851354775	8.06311662873413
9.28402709086669	9.34967161254062	9.13477115633365	9.03526881561642	8.99795535816732	9.01218199343093	8.84963700906918	8.75975859778947	8.7650626702187	8.6070736774548	8.81036114910511	8.63427332993026
4.84875752290338	4.87364348337262	5.00706227488679	4.48162962609544	4.7263589388301	4.65877566707039	4.4378846937197	4.42115176175548	4.5777105970182	4.62785824360695	4.81672505461998	4.39680558813171
5.01868252434569	5.02302110741085	5.18309263897829	4.88171678390831	4.9893933446639	5.06316592214973	4.81358404504804	4.78496393767915	4.87783432158722	4.66330707961125	5.01275277195702	5.01900099505184
4.68747661587032	4.69219661203509	4.89250251062394	4.67613265025841	4.6986139483472	4.96363024859882	4.46502082365721	4.3986091931044	4.53190690740508	4.27142730131966	4.58981007459283	4.35373686623983
5.44293855365392	5.12570677138542	5.63897519053452	5.11053547440419	5.47154503980128	5.12590167749769	5.17849806490104	5.03928112641184	5.05019836848095	4.70472700699122	5.19575760044332	5.09941967750714
8.3018698364704	8.40289655150749	8.20486045406053	8.01870789598854	8.01211342116398	7.99897486396396	7.77886153805885	7.75199917433137	7.60118774884864	7.30884310078968	7.66133137197415	7.55251673035432
5.00629879988986	4.83375075624911	4.97363927334935	4.72720683485268	5.02334067658724	4.88116808840685	4.50042615978841	4.73185260121959	4.58669938024546	4.3255347066591	4.74735135157931	4.74674805918867
9.19544171687632	9.24393459982138	9.00361661993892	9.11773097580839	8.97211535323206	8.98423545292801	8.93257574664421	8.8049230208339	8.92156253046033	9.18443102065478	8.88816223771466	8.8309431866051
5.45209855293939	5.55171538848526	5.46549236967902	5.47417382117639	5.55127223227201	5.57880736236698	5.17849806490104	5.19782706572366	5.55499052051812	5.10608956937299	5.16947827564448	5.23217488635891
9.34860340998659	9.41590153313954	9.10420983615477	9.2013889048553	9.18828657027147	9.15564902089174	9.2245472206242	9.17728136045791	9.21976228994618	9.19627761982238	9.1332243753089	9.10916399625357
5.19271192412074	4.95026476497554	5.06110211459968	5.0212681363071	5.11014550412451	5.412615079801	4.97959399648696	4.86935612496952	4.92820784410234	4.65628665193347	4.81672505461998	4.82241232912074
9.80474266804007	9.82445119551135	9.63764203623584	9.6240262199923	9.55852561628333	9.5647230164597	9.50261040705028	9.44918630067328	9.50341337836954	9.57019767521977	9.33053603933256	9.31028169585098
4.9427336711124	4.58413686617764	4.95091919684926	4.95853238095914	5.11014550412451	4.68679004323999	4.31401303555752	4.32878774360682	4.32187169258861	4.23419439512068	4.29146880002308	4.41088077334343
4.39624531820588	4.43213377273259	4.72852677551281	4.20364487879567	4.64147004124359	4.50991228115591	4.08830025592947	4.31681510194075	4.08867251629558	3.67724627056912	3.74022691714593	4.06423024904484
4.64017090109196	4.83375075624911	4.85628232271119	4.22156678679293	4.7802977459409	4.97503501187107	4.42872469443422	4.38720442983215	4.38506551907581	4.33435855704611	4.51664366203086	4.53173516821782
9.95567272681989	10.0417457492081	9.8195213077334	9.87854331192896	9.6546164499445	9.59321816247305	9.43931070455131	9.44369162117862	9.52490918128026	9.77568332056133	9.25787681795943	9.24106519546982
4.90320530692576	4.60007841004666	4.9960070863778	4.85899670740822	4.62682326527919	4.67285085228212	4.49165595016068	4.46520694183342	4.37472357485435	4.36051084490208	4.66697793511529	4.80119584321104
9.78946640217352	9.85715536058405	9.6844457070487	9.66716925206685	9.52485388396748	9.4721796338008	9.36202066974408	9.37101239632956	9.28092206440935	9.55777168840535	9.31083412489002	9.11669766893897
5.63213358202655	5.37768598871021	5.64606461532084	5.90408459693676	6.04001941773386	6.05243951555667	6.52427290174278	6.71142070131477	6.77345189026466	6.52562846088677	6.22156678679293	6.47592430524931
4.67187976081931	4.79272348798906	5.00706227488679	4.75208150349171	4.58196902949493	4.84433132022647	4.23213602850312	4.11036422447332	4.32187169258861	4.42801766426035	4.46571972686819	4.42481996430131
9.13344817822919	9.14892148496116	8.98905432573603	8.96320022200198	8.89399212876442	8.88721713307965	8.70443404657339	8.55203156363478	8.7059627492956	8.74953350166788	8.39829696614036	8.55727026032496
4.52335723610921	4.56801720081436	4.60299589342895	4.389511424107	4.55127223227201	3.84433132022647	4.14533120096584	3.96451335800987	4.33259809918168	4.18625991805698	4.53322654622647	4.13377118229791
9.26075731154384	9.32110246034384	9.10613900297785	9.19743244193051	9.06400207706936	8.98423545292801	8.98350904649035	8.91523986246847	8.9934523653083	9.12178337647814	8.70954931886693	8.72438024616021
4.73328030548345	4.67724627056912	5.24042581404424	4.81245412147119	4.81946834322158	4.81924033926364	4.77072856608624	4.35243901167147	4.474951022593	4.71827353882917	4.68934574814374	4.59474496574362
4.67187976081931	4.89963869190557	5.16346383222936	4.95853238095914	4.94285075872687	4.97503501187107	4.70395955387354	4.9017776026619	4.92111841931602	4.78416147448563	5.15347779695076	5.04630834104758
4.35777117039124	4.631442580956	4.68788479101547	4.23926878852639	4.55127223227201	4.55620593342985	4.06484128310548	4.30474226964017	4.474951022593	4.30772343054264	4.36741765325639	4.46584723256136
5.00629879988986	4.67724627056912	4.64606461532084	4.59596230157443	5.16186054066866	4.57131282582006	4.27365529794139	4.44334750786968	4.44560706101086	3.90754388999091	3.75444077636563	4.26353905726825
5.48816780764691	5.45860598409378	5.29556736823671	5.45157239223925	5.55900788105162	5.26247473037313	5.01674699490443	4.99488700705338	5.1075315435469	4.84099269708231	5.18530324280616	5.16732374200894
8.97566050899641	9.14281267537852	8.88428200381897	8.83881882547059	8.83866190845489	8.81686553207574	8.58840323916249	8.55075427710523	8.60672168367728	8.55706511992781	8.36857319600209	8.33171055990982
6.24634988772282	6.31145229031013	6.2168132568223	5.65650384350948	5.67032490391578	5.59368063884851	5.40089048623749	5.45977305578279	5.42068942880653	5.4726615793152	5.60949244045453	5.34643206561659
7.57458255946439	7.71433558930434	7.58281801149132	7.68584780509162	7.69510800484566	7.67460063423208	7.83194030350497	7.65071583849418	7.81993199211658	8.23183512224676	7.64234826860658	7.69592380011099
4.14831780476229	4.37768598871021	3.95091919684926	4.01099980085328	4.62682326527919	4.64456180785069	3.9285198118927	4.30474226964017	4.15060026543879	3.48460119262673	3.16947827564448	3.79046943661799
4.79217399453701	4.6468726215256	4.92783558373622	4.8005800211829	4.76700092332745	4.80652928751409	4.60170949562559	4.5184489631104	4.50371001557443	4.29873464731539	4.71137205447375	4.43862576382633
10.1727649288029	10.1860314326336	10.0197401183781	9.96153486912066	9.80286917128229	9.71597106865194	9.56115483869347	9.56884971013919	9.59535418051554	9.21789593128888	9.25569257069755	9.41437821757966
4.84875752290338	4.46732320119489	4.24042581404424	4.3411484025456	4.97789770582607	5.05243951555667	4.31401303555752	4.30474226964017	4.62210471637666	4.49250639071207	4.01275277195702	4.43862576382633
4.64017090109196	4.73613995962269	4.57355211553647	4.37356988023798	4.47154503980128	4.8567150446823	4.11138386904251	4.08234984830372	4.38506551907581	4.3255347066591	4.33940327708679	4.27896909783785
10.2846681462164	10.2489989140727	10.1745378783878	10.1042098361548	9.92836611997619	9.90670318051398	9.72959455215023	9.74112138348526	9.76605217302902	9.85082732008701	9.60827012822273	9.48177025552685
4.90320530692576	4.83375075624911	4.96232396012151	4.71460679807305	4.7263589388301	5.13609744460358	4.27365529794139	4.65785201977581	4.44560706101086	4.22473406587161	4.2816877792305	4.24794220221722
10.0279010543751	10.1163845501009	9.81795273455264	9.91341798664861	9.66853828444176	9.73580079066881	9.45940940063227	9.50400219200413	9.49418724145592	9.61002885622881	9.21194236790453	9.21773536765512
5.6796992652786	5.30173713547691	5.33119127796743	5.23926878852639	5.51990806136267	5.38722976138108	4.90228827031952	4.66731234902488	5.0371422156555	4.90754388999091	4.76149553389958	5.27896909783785
4.54063522754105	4.39606451802507	4.80652928751409	4.46667928462946	4.55127223227201	4.63020651487362	4.16752694708004	3.99488700705338	3.91399398488264	4.06426939367836	4.05929535789405	3.9723077596038
5.14831780476229	5.12570677138542	5.13351061012773	5.12012152323338	5.18203842260629	4.99757758052215	4.62595704187227	4.77624672057804	4.87049234624605	4.52370101231566	4.68192827658126	4.35373686623983
9.4942774011664	9.42264048680591	9.30343561157005	9.35135860114782	9.211172244817	9.13800115507232	8.95547933791513	8.95295632658746	8.93306169344302	9.20802773313921	8.72451846317466	8.73350903569947
4.79217399453701	4.99917436545648	5.24976367862358	5.0415881206867	4.93097665843858	4.780766191449	4.34355731117154	4.59974906521225	4.62210471637666	4.51596536353606	4.67447247166222	4.56987029710459
9.34184316526351	9.42934810853271	9.20965346524943	9.52647437642456	9.23732085810748	9.18479536655126	9.33500255058104	9.33027736174731	9.30665146542158	9.10383359543262	9.09673336425414	9.10916399625357
10.3525832608991	10.3991998833705	10.2679728330212	10.2961377656547	10.0785390217995	10.0691646627712	9.85755158396551	9.83828467903652	9.85894518166523	10.0805861048797	9.74357087686189	9.68075640340988
5.10251411514917	5.02302110741085	5.08216373012751	4.66307649743296	5.02334067658724	5.2531368657938	4.72656098281067	4.61937787196118	4.81037135380848	4.74499087720495	4.80993588895734	4.55727026032495
5.34799014959865	5.52691199748469	5.69473846205653	5.3493223339913	5.42150435730168	5.63740201627783	5.1170975202369	5.20434037268233	5.01733373457532	5.1517322349287	5.23683354344624	5.27896909783785
7.60364502506685	7.74512874284995	7.54539191685289	7.53276847508723	7.40228237736416	7.56566626267891	7.35569106680739	7.36992643840031	7.42570750357316	7.19960145529614	7.47754956985644	7.26741206641545
5.98752159285923	5.84047661943743	6.21204401267442	6.00065785663181	6.26477885361423	6.0252693143912	5.87557093194374	6.02463435044744	5.89963869190557	5.88969588865799	5.70040093665274	5.8485015579894
5.13700249153445	5.02302110741085	5.29556736823671	5.17633753279993	4.95462792650322	4.89324092070741	4.86881356576843	4.86113561816456	4.97002801979697	4.9824311016219	5.08201543439413	5.11669766893897
8.29042486206484	8.36141044899738	8.27284729173662	8.33498741791893	8.05650754052243	8.04569478592332	7.99519085153798	7.92956075917544	8.04205212977931	8.3632079760688	8.10438324742259	7.88802992217604
4.82074314673378	4.56801720081436	4.72852677551281	4.68907170596591	4.64147004124359	4.54093917677654	4.23213602850312	4.19128421985689	4.36430695890901	4.13667788920642	4.13729786989533	4.24794220221722
9.03553842023068	9.24520234598459	8.9764542889564	9.14674572636647	8.91599526690016	8.83965988050257	8.85392054856072	8.71199217885875	8.78667648332477	9.04053867262495	8.73172069986555	8.56358403425716
9.81409783309177	9.85425046523006	9.53778876333507	9.71816169524967	9.50196138160328	9.52113953657917	9.53471658662459	9.41027668381253	9.42789743466398	9.19899769088436	9.37059317138684	9.25576170667652
9.24634988772282	9.38919997672725	9.03501046600915	9.20870795880912	9.05171793911774	9.04772151775871	8.97133764588168	8.94179328150978	8.93085742251629	8.53666159394165	8.84564278612176	8.69520514752283
4.9427336711124	5.02302110741085	4.78099419540695	4.62318377030945	4.89475647052582	4.80652928751409	4.38203145898617	4.52886557905574	4.41565383890923	4.16663111130805	4.52495893024286	4.73560750158347
9.3107091335192	9.3684081751222	9.12782448261464	9.19119313774941	9.04347001741969	9.03006118844605	8.8034319499385	8.80116809575967	8.84636955204588	8.70472700699122	8.76895360606452	8.62449230913767
5.27760082170726	4.92517378401271	5.5586017740705	5.18549753208541	5.22156678679293	5.31726720321352	4.77072856608624	4.89374028359648	4.82563811046179	4.8222966033724	4.91490544855888	4.92405259099658
9.9981138270079	10.020431986017	9.87450608133009	9.79273419170529	9.707776717952	9.72908080161807	9.49110603780758	9.49373621358511	9.46706244961285	9.44441210251102	9.0553540551945	9.30133691086631
8.70673851803095	8.81679762296791	8.58096958709895	8.70109757477291	8.64510861830694	8.62569103375113	8.52319746744706	8.44403565242882	8.54580134906346	8.54000282464476	8.38179583725267	8.45400098971325
4.37713649525817	4.50167470598567	4.24042581404424	4.07154134278832	4.16186054066866	4.41261507980099	4.15647175857104	3.93348646238924	4.24446718890301	3.64923189439952	3.76851596157735	3.79046943661799
9.22312826592275	9.21963331090708	9.05112263020885	9.02382384121086	8.85367776889455	8.84043950496947	8.68965171718965	8.67671104702713	8.64326136797322	8.79018693935275	8.60361587411786	8.49916730576139
4.92967751828695	4.77878429703118	4.88052986895786	4.91513978544576	5.09957626241432	4.57131282582006	4.51780823801665	4.5392075232772	4.39533385452964	4.14673155387034	4.68192827658126	4.06423024904484
9.09156520066384	9.18768079264052	8.80573811938848	8.97249083854905	8.82268505590513	8.84666138001838	8.80520267129106	8.79146745751681	8.84215319724481	8.35075920779822	8.64521170661087	8.61083894186392
7.42676726298278	7.38230261678058	7.42485038518168	7.49089552205028	7.4858191707834	7.55240436326999	7.56455649720812	7.50532152912478	7.47736962339565	7.18504091076782	7.51976750671774	7.57456708380599
9.03629993782074	9.13257349087368	8.84785220818022	9.03969523385374	8.77698501190007	8.73034318615907	8.60374576278211	8.57042625388791	8.61772627586608	8.48360999022367	8.44724428364568	8.34826173617367
8.96049511027674	9.18768079264052	8.69302809429142	8.97182920357259	8.57911879141101	8.67896582679348	8.59097168392293	8.56157533630565	8.50489595484457	7.93970255776529	8.49405594894579	8.28280095942888
7.87793854831533	8.04065100143264	7.74016818194821	7.79010940468206	7.67922496323901	7.58997667008509	7.44358029938369	7.37570879099432	7.46645384591646	7.35618491949929	7.2048434292018	7.19402206339973
4.98120781892703	4.67724627056912	5.11319062574814	4.72720683485268	5.06739585666517	4.91708766266178	4.80652928751409	4.78496393767915	4.77934445818786	4.64923189439952	4.74022691714593	4.6551175837231
4.05520840037081	4.26220877129027	4.67407899149044	4.09117014953726	3.9190040167725	4.13609744460358	3.9285198118927	3.53920752327719	4.07596146454603	3.73169405459149	4.01275277195702	3.79046943661799
9.07313030836807	9.09439554632782	8.85704625973771	9.00777589997899	8.78360289066458	8.75039254240549	8.71483359714155	8.71027706666045	8.69197349761226	8.07878222337726	8.65802730860091	8.39503649527865
6.69906459014553	6.85715536058405	6.88052986895786	7.29534471293247	7.00079810793615	6.94054663548577	7.4717258475351	7.4679162290914	7.50133520838652	7.28628290626913	7.64425785861521	7.53334442107947
7.92803715990569	7.9886161737579	7.93364120541742	7.87040147068047	7.81946834322158	7.83965988050257	7.68196245160101	7.56727144169507	7.72134890694024	8.10480087340442	7.70589692440759	7.52366186768213
5.63213358202655	5.54349488168029	5.51279808445737	5.56821731109153	5.3871528525109	5.65877566707039	5.36772362230229	5.37570879099431	5.45053935655309	5.31219690712195	5.58584117238989	5.42481996430131
4.73328030548345	4.51854852455006	4.57355211553647	4.25675621525523	4.56670227284162	4.80652928751409	4.11138386904251	4.3641208167191	4.44560706101086	3.80969656659277	3.98890603000265	4.09941967750714
5.03096085412413	4.631442580956	5.12338639285402	4.64990110868523	5.19202251117892	5.08438240805943	4.28385106504728	4.72280746161659	4.55040325102247	4.30772343054264	4.49986794928004	4.16732374200894
4.64017090109196	4.56801720081436	4.43307089198664	4.42087559501634	4.50396651749365	4.83184037604327	4.23213602850312	4.46520694183342	4.18651983969373	3.95408647592794	4.11543843593159	4.41088077334343
4.64017090109196	4.631442580956	4.63185075610114	4.62318377030945	4.38715285251091	4.83184037604327	4.14533120096584	4.28028922591564	4.32187169258861	4.42801766426035	4.23176255389882	4.16732374200894
10.7887887093524	10.7790031358698	10.5637584474565	10.6436834792904	10.4991997614353	10.4916656812351	10.3722100829747	10.3595688629179	10.3432453433812	10.3850035888729	10.2234839897872	10.1212525646708
4.29806492426697	4.26220877129027	4.3659566961281	4.29110772004601	4.62682326527919	4.54093917677654	3.91546365906725	4.23010346874742	3.98370295669404	3.53139540410567	3.1905398911723	3.70166016966013
9.87325792322465	9.98102701874622	9.76358040174026	9.9447747475318	9.63370746018152	9.57553329213825	9.54878918134981	9.49539696551351	9.53394153356808	9.8943651109384	9.5093282785291	9.24204963429403
4.79217399453701	4.83375075624911	4.96232396012151	4.5399282666601	5.13105449388749	4.86899337446074	4.18938638104378	4.50795658929275	4.31106493763203	4.14673155387034	4.59771527267818	4.67857655654709
8.84702247153263	8.97186701946075	8.78501396685928	8.72328113163888	8.62590288563656	8.51187113419397	8.37965665179827	8.40639799506546	8.38055003795332	8.8949244034598	8.28902975457167	8.13483159766421
4.91650212953922	5.21122484257147	5.51279808445737	4.8005800211829	5.07820261162175	5.04163276060009	4.71153277357834	4.62909302679439	4.83321133016659	4.75816626595268	5.03621174478101	4.99116678685512
9.41041265013247	9.43046301974808	9.3621947773319	9.40036993958169	9.19760834537484	9.22056900333737	9.04624480183831	9.03745839080502	9.10831201153504	9.40804296449909	8.83648542966976	8.92098237268339
10.3680913556552	10.4503854772888	10.3171026170172	10.2271220306261	10.0989131067874	10.0655017305208	9.84469516404935	9.81000340895424	9.85197225827525	10.3492635528459	9.68517811392851	9.71696459016601
5.21440699522006	5.39606451802507	5.15354836336428	5.25675621525523	5.52781325944802	5.4941449652976	5.1170975202369	5.22370569754926	4.99049212235668	4.80335503971894	4.85680249399531	4.93383361178916
9.02253073959317	9.00816314868374	9.00016271586911	8.94713291858485	8.96848957841365	8.92004098005113	8.90683089478244	8.76362271538026	8.93746015734054	9.10222002291134	8.68517811392852	8.83942389632192
3.90320530692576	4.20080822662614	4.3659566961281	4.12964429735189	4.42150435730168	4.290131073276	3.86202440010579	3.88565793729862	3.61333450674893	3.41975004827675	3.57386853072381	3.81184308741055
4.68747661587032	4.28210832872798	5.00706227488679	4.68907170596591	4.47154503980128	4.46208375606529	4.11138386904251	4.05378069610695	4.33259809918168	4.3255347066591	4.41293231250875	4.36823643593494
10.298064924267	10.3393211886365	10.1035662068597	10.1317190517488	9.94211148377301	9.92813156737743	9.77276611140225	9.77460636219679	9.80050549988632	9.84099269708231	9.45460846753488	9.5616139464993
4.74823064694942	4.76470911181946	4.80652928751409	4.5399282666601	4.90693118447192	4.58626316728602	4.24262840232076	4.30474226964017	4.5686654574152	4.24359309312293	4.72587162416886	4.45230070072341
8.96049511027674	9.1153450195833	8.70580669901273	9.03019336608658	8.82909704441936	8.82476640089624	8.48227881307815	8.47668643871913	8.46888672177275	8.11507835260025	7.98815443058951	8.04179285992508
9.57353370806167	9.52430361666045	9.29669403369099	9.26542107638236	9.19140052580998	9.08240656427984	8.95547933791513	8.90677828372027	8.96011847331316	8.72541872916501	9.04924169323013	8.76124069283326
5.12559772826221	4.95026476497554	5.05045487040017	5.08138912874467	5.04553642270143	4.99757758052215	4.50042615978841	4.76747651095031	4.65666193841303	4.5390489766491	4.77550239189346	4.6901645308223
5.9427336711124	5.631442580956	4.12338639285402	4.8005800211829	4.79347313468864	4.4941449652976	4.94788513675963	5.2554145572766	4.10127255307522	3.45253998339442	2.91490544855888	3.45230070072341
5.51464001900811	5.28210832872798	5.30455615146396	5.21263366202292	5.19202251117892	5.13609744460358	5.02892170885053	4.99488700705338	4.89240712267449	4.88369714803654	5.14271136608169	4.94354876662238
5.6718797608193	5.39606451802507	5.74182359812627	5.64326801635278	5.90693118447192	5.77425288449033	5.27365529794139	5.48138686888885	5.22156678679293	5.28968950771238	5.47003271973927	5.47926774832368
9.43487556637025	9.45587101637254	9.19401760104457	9.25240419071552	9.0835757837206	9.03006118844605	8.92933191157127	8.93201557521929	8.94315818556831	8.52032176858019	8.74957054143527	8.67128652061661
9.61184217803347	9.67724627056912	9.47298690622594	9.48627001298734	9.34247013812192	9.33064623301471	9.14951899792928	9.12073094003158	9.1230612418405	9.39887131860084	8.88048723549575	8.84332131888372
4.25684226154046	4.28210832872798	4.34867870469627	3.99024124068647	4.03448123419243	4.2531368657938	3.64189858574128	3.80224192911099	3.69872599797957	3.89566978970262	3.85019975917106	3.89430524760252
8.22245926751479	8.2697033078372	7.99877883562785	8.03526881561642	7.93840941594509	7.9215153747026	7.82933223703834	7.8075991392805	7.88513912221045	7.57857734083573	7.67260248430917	7.70879870496135
6.15954506018554	6.01114700712256	5.92200650493402	6.05164178535062	5.99510699585829	5.94635225716698	5.92526683409761	6.05378069610695	5.82942968962417	5.75816626595269	6.06785737139748	6.0819322507783
5.22513340181312	5.08096845662013	5.19280779381151	4.93699921940949	5.07820261162175	5.22475506442398	4.68869279722023	4.70454525522385	4.840745002852	4.71827353882917	4.49140637053184	4.45230070072341
4.21440699522006	3.9749268192098	4.06110211459969	4.11053547440419	4.03448123419243	4.09487478187707	3.84834946320871	3.96451335800987	3.82563811046179	3.80969656659277	3.96465848375598	3.83290470293838
4.43372002362454	4.70699361396317	4.92783558373622	4.95853238095914	4.7802977459409	4.70059584276502	4.37250868486767	4.29256755569407	4.474951022593	4.70472700699122	4.65944426242988	4.47926774832368
5.43372002362454	5.23183512224676	5.44937270431574	5.08138912874467	5.31589416934108	5.28097107399052	5.10564749949336	5.27411065098651	5.0371422156555	5.11635790482682	5.52909866060379	5.61312349505847
4.57458255946439	4.72164038992757	4.9848665287726	4.49642662802351	4.75358040756512	4.4941449652976	3.95428290795777	4.5392075232772	4.16267309773936	3.95408647592794	4.23176255389882	4.42481996430131
4.3182428062046	4.20080822662614	4.3659566961281	4.32466027975703	4.47154503980128	4.50991228115591	4.07661845088183	3.88565793729862	4.16267309773936	4.06426939367836	3.98890603000265	3.83290470293838
9.77721895679048	9.88548062890891	9.60890392988886	9.59467360560586	9.60363576773471	9.50893185635373	9.39649246929361	9.39113499460392	9.32758002441505	9.24183549488619	9.12572629774129	9.13589123417228
7.97009178673286	8.11465158287642	7.88203189412309	7.68099840543023	7.65777185357269	7.56188957193343	7.26724615794319	7.0645605348602	7.35907031054287	6.99222160481472	6.36972781394359	6.53173516821782
10.1043308828504	10.1823961895123	9.96196892258043	10.0346353600449	9.79633928159023	9.80453303004754	9.68893258697244	9.68488497847283	9.67521605283622	9.84813428856203	9.55952075176384	9.3695883289349
5.20360024026348	4.88669963619807	5.30455615146396	4.84750106857039	5.17198475794237	5.18602266993526	4.70395955387354	4.58983359634716	4.63082193347777	4.88969588865799	4.68192827658126	4.83290470293838
9.08274584538909	9.22285433265339	9.10485317843562	9.27564345954872	8.98509320723027	8.96934389979321	9.00176879392334	8.88159972072427	8.95057565713079	9.27343602671353	8.78245515253523	8.80186360301972
7.90153455394125	7.97950438531635	7.93364120541742	7.82716062028622	7.68983306280499	7.74123782726237	7.66353449968874	7.63994494203786	7.65024519674116	7.82621165337578	7.29876129258944	7.45400098971325
4.39624531820588	4.26220877129027	4.57355211553647	4.23926878852639	4.55127223227201	4.42929382094762	4.50042615978841	4.35243901167147	4.38506551907581	4.18625991805698	4.60557739045115	4.64324348343481
8.79936949594122	8.94403281126402	8.52918704499641	8.73502633931198	8.40335701059142	8.36681139018787	8.29460569309828	8.29866775523049	8.28437927919795	8.10866351303682	8.22028723456636	7.96397877540934
8.9313160136827	9.05300976468702	8.70919529726088	8.86826993366496	8.61573976615017	8.58067492902375	8.4667000033318	8.41062877534347	8.44745864848327	8.33765363660769	8.41125117612793	8.20517044725603
4.55770874089999	4.76470911181946	4.91615377868858	4.75208150349171	4.51990806136268	4.9863503250989	4.51780823801665	4.44334750786968	4.48460119262672	4.29873464731539	4.61339689491045	3.9723077596038
7.96689998224315	8.10211238721607	7.81912932429372	7.9369992194095	7.82107759608324	7.76442745463426	7.68099840543023	7.60959685116859	7.58669938024546	7.47565575895975	7.55673538092062	7.46921408365976
5.3182428062046	5.47598806232202	5.54349488168029	5.21263366202292	5.27889996185888	5.57880736236698	5.31401303555753	5.12417002399835	5.28368849870073	5.25293095770226	5.49564336341831	5.23217488635891
5.93622036415372	5.86707082944914	5.9679927102082	5.73969777903588	5.93097665843857	6.03074444445735	5.46502082365721	5.63874319682811	5.7028657283405	5.14673155387034	5.40844492151644	5.51879611251032
9.16094234362735	9.20472327662952	8.97081875428696	9.04662371058399	8.74936076419172	8.8551728798739	8.68869279722023	8.6236363044379	8.74161181083275	8.44848176682007	8.5982079122735	8.39149178823524
9.22178995873875	9.3205012121414	9.10742368252925	9.12071854167389	9.02961782227339	9.0252693143912	8.98350904649035	8.8507936739431	8.95448716890119	8.84832681475714	8.69994199119289	8.63876537831566
4.92967751828695	4.51854852455006	4.49720122940635	4.35745021487471	4.51990806136268	4.88116808840685	4.12278863231476	4.30474226964017	4.46523586775979	4.28968950771238	4.11543843593159	3.89430524760252
6.57458255946439	6.84047661943742	6.36165655869448	6.36553256117256	6.22156678679293	6.37436761044403	6.21091954259342	6.04291970347519	6.11065088539108	5.88369714803654	6.09882372208069	5.8690384889921
9.01636865850745	9.13599463319512	8.86085988881773	9.06783102344995	8.74003387572718	8.74707027256452	8.60577915993463	8.55776540000456	8.58052561262526	8.43213377273259	8.73620390745368	8.28471308037266
4.23578064601263	4.17974661109831	4.41658276919807	3.96917962515864	4.55127223227201	4.13609744460358	4.06484128310548	4.32878774360682	3.99724948853199	3.74499087720495	3.92750548533851	3.74674805918867
4.52335723610921	3.99917436545648	4.71510625975049	4.27403420668706	4.88247814074738	4.3957412612366	4.27365529794139	4.56979584311062	4.22156678679293	4.01022955396548	4.20095650711764	4.09941967750714
5.47923468287691	5.34021128329155	5.50502073386566	5.45914561194406	5.34303029927859	5.54093917677654	5.08830025592947	5.04654912687588	5.0039753517203	5.23419439512068	5.25194043583645	5.27127470604785
9.20630952752147	9.31869596263675	9.08477494358405	9.24530403043288	9.02334067658723	9.02458345983068	8.96343028138426	8.88919953658243	8.89286015927451	9.21670337487389	8.8563907071962	8.72438024616021
9.45152775370706	9.50538275476323	9.2386682158075	9.36653967817045	9.24752935676651	9.13546231580579	9.10169047283867	9.07259288184977	9.08985845556573	8.92845553833265	8.8788662296613	8.76535484497752
5.06718104203689	4.70699361396317	5.11319062574814	4.82423128924755	5.26004093460756	5.16625941511383	4.29397528232098	4.86935612496952	4.55956325030795	4.39465906731392	4.04779971905622	4.45230070072341
5.3182428062046	5.26220877129028	5.0180333927078	5.08138912874467	5.24093211165986	5.38722976138108	4.7414342592922	5.00238154360031	4.98370295669404	4.58413686617764	4.55774886536053	5.00050465143445
4.3182428062046	4.06956369334788	4.1830926389783	4.42087559501634	4.48784685213038	4.37866774787766	4.06484128310548	3.91771914653093	3.91399398488264	3.48460119262673	3.05929535789406	3.93383361178916
8.40452649328968	8.58613921908879	8.3798442787682	8.33704400421287	8.35307618541568	8.36356085548745	8.62294829199993	8.50400219200413	8.64702609155829	8.89678714747699	8.58435001459213	8.47424967355706
6.34799014959865	6.44101192407904	6.6066344704923	6.65650384350948	6.33404151605134	6.35267253934471	6.50914337688952	6.55203156363478	6.42068942880653	6.35618491949928	6.48715689753048	6.47926774832369
4.68747661587032	4.70699361396317	4.81912932429372	4.64990110868523	4.9190040167725	4.50991228115591	4.38203145898617	4.38720442983215	4.35381458509137	4.41975004827675	4.12640955375259	4.41088077334343
8.04313556807023	8.22027809082436	7.80018776064026	7.91513978544575	7.74003387572718	7.91856507706728	7.7358747339503	7.60714119944228	7.80941179604721	7.36051084490208	7.85267932731089	7.52204177201397
5.27760082170726	5.12570677138542	5.21204401267442	5.29110772004601	5.21178576600034	5.19580369072785	4.6654854060589	4.91771914653092	4.97002801979697	4.67724627056912	4.91490544855888	4.8842515829386
10.3891091369242	10.4009072149791	10.3165473071409	10.1352688465458	9.90085667006224	9.90558611112724	9.77750922265827	9.77870376637357	9.72160395777462	10.0402016337165	9.59104812070064	9.57612928757627
4.50586980938038	4.51854852455006	4.33119127796742	4.30798153861041	4.7802977459409	4.72781731150005	4.20019313600037	4.32878774360682	4.18651983969373	4.19597507289019	4.10438324742259	4.29423585449116
7.39624531820587	7.45641842485601	7.36810196795966	7.47976928406991	7.26477885361423	7.31726720321352	7.53924540867894	7.55967162583691	7.56070417171251	7.54666216075897	7.67166658090892	7.55251673035432
5.35777117039124	5.13667788920642	5.31348927623397	5.06162587392324	5.51195930824719	5.07381316634924	4.70395955387354	4.94130596684854	4.87049234624605	4.81601034052497	5.19575760044332	5.20819602342447
4.62405123572869	4.32110246034384	4.22156678679293	4.09117014953726	4.45505691701271	4.2531368657938	3.9285198118927	4.08234984830372	3.94228302931406	3.8222966033724	3.63660428607177	4.00978246502246
10.9119451564899	10.9377738207923	10.8173640796485	10.7379477612503	10.5606945393291	10.5113816702229	10.31665348585	10.3239358348735	10.31799732679	10.6125246727591	10.0712325137085	10.133240682185
4.39624531820588	4.55171538848526	4.79381823576453	4.1485033246032	4.61202626335111	4.55620593342985	4.23213602850312	4.37570879099431	4.18651983969373	3.98803380785128	3.78245515253523	4.29423585449116
9.69376498644038	9.67301342144692	9.54349488168029	9.53321700456104	9.35251991201727	9.36356085548745	9.18225019976215	9.19455935188975	9.20743148803546	9.37126924703834	9.05607145701977	8.97467866406654
4.7776744248419	4.51854852455006	4.90437661091223	4.68907170596591	4.48784685213038	4.7142707796621	4.35327246600475	4.46520694183342	4.48460119262672	4.53139540410566	4.88937035645174	4.38259172891201
8.70769489528898	8.70975123514216	8.56329041986413	8.39840173321791	8.3828008279712	8.33064623301472	8.16959039683475	8.16314125551118	8.14528646554232	8.1360472028397	7.92907278048547	7.99116678685512
9.40806106845307	9.57962138505514	9.25556930030479	9.22823051707394	9.14461315079249	9.06450113283355	8.94788513675963	8.87803939271033	8.91711525492603	9.17433043068581	8.81799447400754	8.61236237921867
4.50586980938038	4.48460119262672	4.06110211459969	4.40527873996532	4.6559696109387	4.75453464987582	3.91546365906725	3.93348646238924	4.33259809918168	3.40307130713013	3.32994294783772	3.83290470293838
4.7776744248419	4.66213937817891	4.67407899149044	4.85899670740822	4.9190040167725	4.68679004323999	4.4378846937197	4.40992450633223	4.40552962163552	4.34312876667384	4.45705486574106	4.43862576382633
9.78539546190595	9.84925699601341	9.54681305803583	9.66307649743296	9.44361102542203	9.47820342142857	9.34811943695343	9.26984747919398	9.30699144304561	9.19355241062333	9.25350501145979	9.05249414099387
9.51791515104097	9.46079023135566	9.33393769996739	9.2518592634037	9.16312996005623	9.12270066655305	8.96936486417008	8.93740151239262	8.9462170585259	8.65804496420583	8.70131838980982	8.65954529576391
6.79217399453701	6.86046809462489	6.70155972791254	6.90408459693676	6.78029774594091	6.91412828718124	7.42066170715055	7.35975121709134	7.42194558477696	7.29873464731539	7.67820519053854	7.34276574841882
9.92351653366028	9.9432519208304	9.632743236823	9.8718207477658	9.52337191666625	9.57693737501393	9.37280722497032	9.3487689637984	9.39948457898877	9.31860332481985	9.28322044169366	9.13906548196743
4.48816780764691	4.20080822662614	4.71510625975049	4.52557297368303	4.64147004124359	4.4941449652976	4.2530450182661	4.17810883110915	4.52256904282575	4.14673155387034	4.49986794928004	4.5445592085754
4.48816780764691	4.35907031054287	4.27742002152645	4.29110772004601	4.38715285251091	4.11563334204387	3.82060447272581	3.76747651095032	3.85569534431797	3.28058730060513	3.79626095206026	3.70166016966013
10.2204504089295	10.2885785148762	9.98241802162984	10.0936050784543	9.94801510343157	9.96398801550477	9.79943986272777	9.74252056412144	9.80147099769106	9.46439539881406	9.60066859006753	9.59281700201838
4.59126130061102	4.56801720081436	4.67407899149044	4.75208150349171	4.55127223227201	4.34390232971698	4.17849806490104	4.48674010338306	3.88513912221046	4.48460119262672	4.27183999327415	4.38259172891201
4.83481833194551	4.84717127201143	4.90437661091223	4.95853238095914	4.74003387572718	5.12590167749769	4.92200650493402	4.97978011466318	4.98370295669404	4.95980012712234	4.77550239189346	4.79046943661799
5.48816780764691	5.37768598871021	5.59569109280572	5.48904709765792	5.54349488168029	5.53324478498654	5.18395249499315	5.06097619751116	5.15060026543879	4.79058774364506	5.28658657864334	5.35373686623982
10.744973472437	10.7291349264745	10.570294941024	10.4589095495954	10.3447094789532	10.3586712799662	10.1470775939171	10.1758321438208	10.0817350396546	10.2003558056615	9.81735990393314	9.994091367303
9.79307539727855	9.84633613737689	9.74924955410888	9.73775318372746	9.54398219634153	9.46360264903685	9.3037158281468	9.22530780214577	9.31782863985134	9.83731160923591	9.15414803856137	9.09124883232731
5.74077484203037	5.93148755794491	5.97926382254322	5.86471035860262	5.66316511234291	5.72781731150004	5.72281858112485	5.69069527646283	5.75562838921405	5.61343117297167	5.85350490389473	5.7796626816614
9.7561104466815	9.88100210253842	9.58788900103874	9.70149671574679	9.47716958899515	9.48818751000119	9.39237552182544	9.30132850299725	9.35183874131179	9.23419439512068	9.18890547948635	9.13483159766421
4.90320530692576	4.93777382079234	5.53588169757042	4.91513978544576	5.06739585666517	5.23427783854249	4.60170949562559	4.70454525522385	4.67363501701674	4.84717127201143	5.0707001211663	4.91420480504023
4.83481833194551	5.06956369334788	5.03972846380711	5.28259622019049	5.06739585666517	5.13609744460358	4.92851981189269	4.83618926103433	4.85569534431797	4.80969656659277	5.03621174478101	5.05529712427483
4.25684226154046	4.17974661109831	3.70155972791255	3.99024124068647	4.55127223227201	4.46208375606529	3.87557093194374	4.12417002399835	3.99724948853199	3.24359309312293	3.31083412489002	3.79046943661799
4.57458255946439	4.66213937817891	4.97363927334935	4.56821731109152	4.61202626335111	4.57131282582006	4.15647175857104	4.21727942838983	4.22156678679293	3.9310028628149	4.11543843593159	4.24794220221722
9.31259624306346	9.28087261555531	9.16222811905669	9.18663845348998	9.04828703371747	9.02252393765239	8.74282079956316	8.6982138485132	8.79833076446606	8.54238468921235	8.77419501070668	8.62901486782836
5.21440699522006	5.45860598409378	5.48143391354804	5.32466027975703	5.28823782643822	5.412615079801	5.07661845088183	4.86935612496952	5.05019836848095	4.97115998928689	5.29146880002309	4.96278498548529
9.10976749916049	9.32470469702404	9.00775041944594	9.16248755403891	8.88709476881775	8.90222970393467	8.66937932216339	8.67319370670489	8.76010495042274	8.98873261873483	8.6847142994121	8.46416085593347
7.4859397067548	7.66023984526343	7.51860370613858	7.72406712732211	7.5099652581151	7.50205016338294	7.41719229856659	7.32430963848767	7.43569159214578	7.16292079196967	7.43184952585138	7.22422613324342
5.17068561779074	4.9749268192098	5.13351061012773	4.90408459693676	5.00079810793615	5.05243951555667	4.56036870024469	4.66731234902488	4.6480999249096	4.53139540410566	4.58186132147734	4.6901645308223
5.19271192412074	5.24203088935265	5.57355211553647	5.12964429735189	5.30673417005561	5.2531368657938	4.88899144770606	4.57984950777454	4.81802492635191	4.85332349899303	4.75444077636563	4.85366326310518
9.08642713098153	9.2609558879802	8.98346789071745	9.07831891043148	8.81301332108428	8.7660696802423	8.80476019466103	8.6982138485132	8.7264413761914	8.86593020872226	8.71637273553211	8.53254001902859
10.137712304607	10.101762515736	10.0190576703801	9.82606281804614	9.78607678959754	9.73160446705615	9.48144848497414	9.50762746985688	9.49179669403093	9.86764080181748	9.22890226981002	9.35601205207785
4.80652928751409	5.05806805451005	4.89250251062394	4.8005800211829	4.90693118447192	5.12590167749769	4.40089048623749	4.49738734758257	4.63082193347777	4.07483863538855	3.92750548533851	4.67857655654709
9.21978016731891	9.37189435090045	9.09322889409047	9.03653489296041	8.90541495202454	8.95501711829411	8.81972878526894	8.75422041424804	8.86957196660342	8.81915689584183	8.60263411495042	8.63202204982574
4.86256332242841	4.73613995962269	5.02892170885053	4.96917962515865	4.89475647052582	4.95213460976098	4.7414342592922	4.86935612496952	4.87783432158722	5.01022955396548	5.19575760044332	5.07310840039129
5.60774942339959	5.29195611468433	5.4574550506136	5.48162962609543	5.54349488168029	5.42929382094763	5.1170975202369	5.08940460583767	5.21578443419893	5.19597507289019	5.13729786989532	5.17559135799254
2.14831780476229	2.1797466110983	2.14356427479166	2.12964429735189	2.76700092332745	2.37866774787766	1.88899144770606	2.49738734758257	2.25578250213084	1.62066274220275	1.8369029365576	1.89430524760253
9.34369001216503	9.41477530744543	9.26135165289879	9.19912939767318	9.09026422889863	9.09160410479978	8.99906386068519	9.00658017400689	8.96271014174825	9.16601338702505	8.90737177587347	8.80652928751408
9.79262476630787	9.93463411326177	9.63229706547543	9.74202783882779	9.58386606466752	9.61798213101654	9.47033153502598	9.36883966242358	9.37537212287197	9.28827106787647	9.1668238221985	9.25916945764048
9.03782176817377	9.23694201267985	8.99392477419399	9.16248755403891	8.78690048076515	8.79611845380931	8.6404115266429	8.66731234902488	8.66145583441271	9.02120067178648	8.41796399959643	8.37363642367753
6.93295265031981	7.06669835965349	6.83782541800363	6.86755872091164	6.76700092332745	6.76771003862356	6.66158095160299	6.58983359634716	6.67152427042093	6.34094120743608	6.24943358022588	6.40386034566566
5.27760082170726	5.51854852455006	5.54349488168029	5.41309824442462	5.34303029927859	5.29923328038325	4.88899144770606	4.95681896621987	4.97688169083803	4.77770645234833	5.12093442368644	5.4454794348674
5.40570564745494	5.43213377273259	5.51279808445737	5.39741662219235	5.42150435730168	5.33507847932998	5.28385106504727	5.13784496089543	5.07596146454603	5.13667788920641	5.5208072869724	5.47257309574967
9.12917141114203	9.18438018483875	8.83472617934474	9.20533454719988	8.93544090658317	8.82003107375364	8.78111258398424	8.71996918597973	8.80508587064442	8.91454817250512	8.66085982595234	8.60778723254858
3.92967751828695	3.61584572590498	4.12338639285402	3.37356988023798	3.56670227284162	3.65877566707039	3.30402894698491	3.38720442983214	3.63082193347777	2.90754388999092	3.23176255389882	3.33909009027543
10.1786400874063	10.1929461088532	9.98416737923583	9.79834270611954	9.73107433314819	9.69543413764924	9.50669697868334	9.5346920421547	9.51934514195146	9.59588019924577	9.32191225684	9.32661514750128
7.99380785570667	8.15702653459822	7.89399212876442	8.0135737445171	7.91750042618211	7.80812430706947	7.64881799968108	7.64354418309193	7.67046773793806	8.1517322349287	7.43956743901222	7.54774748620645
5.73328030548345	5.53522726569669	5.46549236967902	5.54705270109348	5.64873804170763	5.68679004323999	5.50042615978841	5.57984950777454	5.5131703448235	5.52370101231566	5.69672527850934	5.7522862427301
5.12559772826221	5.08096845662013	5.52053373323698	4.93699921940949	5.29751564002623	5.20551884556106	4.69634636976367	4.95681896621987	4.89240712267449	4.71827353882917	4.68192827658126	4.74674805918867
4.87623825932549	4.50167470598567	4.64606461532084	4.78860737951683	5.07820261162175	4.9863503250989	4.56036870024469	4.60959685116859	4.69872599797957	4.23419439512068	4.08201543439414	4.45230070072341
10.0275181227097	10.0406510014326	9.88877172229999	9.83336576981293	9.65326201857521	9.67153712169424	9.53151118991797	9.47601369679	9.48430059984704	9.67919571240436	9.26036905790703	9.33586618940114
5.55770874089999	5.34967161254061	5.51279808445737	5.3493223339913	5.80652928751409	5.53324478498654	5.18395249499315	5.20434037268233	5.43569159214578	5.64923189439952	5.47433285717289	5.48593147860469
4.71817341309324	4.84717127201143	5.14356427479165	4.6096372384715	4.71255313930507	4.89324092070741	4.26338696248756	4.34066184389511	4.58669938024546	4.57671939461515	4.65944426242988	4.58236124128778
5.92310486436346	6.04065100143264	5.9679927102082	5.83008401549298	5.68453876313547	5.83184037604327	5.47395394842721	5.48138686888885	5.43070818463152	5.54286059059912	5.76851596157735	5.60089719272521
7.95244882594561	8.00367575769142	7.8669408042099	7.93428483471246	7.80001598055541	7.80493250257975	7.62093896710565	7.68837396455271	7.62864756224343	7.62426497888295	7.59080059645865	7.43690724660004
5.05520840037081	5.20080822662613	5.30455615146396	4.72720683485268	4.9190040167725	4.97503501187107	4.46502082365721	4.38720442983215	4.5686654574152	4.56176905314918	4.93376447581019	4.46584723256136
8.1068705201933	8.32710120096529	8.11957141916986	8.34830312162755	7.98221931177616	7.99897486396396	7.80564501225447	7.74196105469388	7.85848136714881	8.16724857121085	7.81841736571242	7.6565949981286
5.25684226154046	5.17974661109831	5.13351061012773	4.8005800211829	5.33404151605134	5.14622166187729	4.81358404504804	4.9017776026619	4.52256904282575	4.49250639071207	4.74735135157931	4.96278498548529
5.7556481185119	5.72890839039161	5.78099419540695	5.50376860336468	5.52781325944802	5.36138975644582	5.33867508979179	5.21727942838983	5.20414973371552	5.30772343054264	5.44395920812938	5.21623334248989
5.71056022898336	5.55988931993096	5.49720122940636	5.40527873996532	5.31589416934108	5.4042028399848	5.2530450182661	5.2679055014598	5.25578250213084	4.88969588865799	4.93376447581019	5.05529712427483
5.37713649525817	5.23183512224676	5.39149178823524	5.53276847508723	5.36084157539506	5.37866774787766	5.60983737650899	5.60959685116859	5.76753515589822	6.34749395923524	5.98890603000265	6.28280095942888
4.64017090109196	4.51854852455006	4.71510625975049	4.37356988023798	5.03448123419243	4.92886483043814	4.21091954259342	4.21727942838983	4.15060026543879	4.0428957428858	4.14810462485191	4.24794220221722
9.09229771910603	9.25278551740365	8.84554451100853	9.08689911013695	8.75610628222415	8.83340767119023	8.64931097595134	8.58172679501521	8.64272274745515	8.94331200433377	8.43901752665912	8.40561865793802
4.27760082170726	4.22156678679293	4.34867870469627	4.18549753208541	4.6986139483472	4.63020651487362	3.90228827031952	4.31681510194075	4.24446718890301	4.33435855704611	4.0707001211663	4.16732374200894
4.39624531820588	4.69219661203509	4.76805513969945	4.67613265025841	4.7263589388301	4.76771003862356	4.22156678679293	4.5392075232772	4.35381458509137	4.38619748856573	4.41293231250875	4.33909009027542
4.27760082170726	4.41421186473532	4.39990402805144	4.16711900277056	4.1820384226063	4.290131073276	4.28385106504728	3.97978011466317	3.81037135380848	3.63501803517982	4.51664366203086	4.13377118229791
4.98120781892703	4.631442580956	4.85628232271119	4.67613265025841	4.89475647052582	4.8567150446823	4.60170949562559	4.58983359634716	4.5777105970182	4.51596536353606	4.45705486574106	4.49256457093714
8.14549728569991	8.28457658431873	8.04241755133475	8.10692422085181	7.90693118447192	7.96219829310568	7.94306812046185	7.83198927250504	7.84823953939893	7.67637900571529	7.86419462822534	7.70737382085452
7.65611244496099	7.76470911181946	7.56235390893161	7.78107370683142	7.54154397531013	7.44167754540345	7.9614466497767	7.92759389446604	7.97602676041841	7.64303055523121	8.2112984513391	7.84979371664353
10.0043542045814	10.0047989146504	9.89510833388075	9.76969891696676	9.68630568930966	9.68765678705752	9.46837723084978	9.54595435571778	9.48369922633233	9.72269092157006	9.32934961242286	9.3446000716677
4.7630276488775	4.72164038992757	4.80652928751409	4.70189574632349	4.74003387572718	4.74123782726237	4.35327246600475	4.2554145572766	4.19829700747008	4.34312876667384	4.48289487067632	4.33909009027542
4.87623825932549	4.79272348798906	5.02892170885053	5.10088530437047	5.01211342116398	4.9863503250989	4.6576659015996	4.42115176175548	4.52256904282575	4.56176905314918	4.66697793511529	4.72438024616021
9.98555150510138	9.97988519435667	9.77292089487126	9.82606281804614	9.63919126168137	9.59414296701811	9.46670000333181	9.42010291035277	9.4415871172393	9.52104655886968	9.29390372894014	9.27512703154346
4.88978479116343	4.79272348798906	4.72852677551281	4.5399282666601	4.97789770582607	4.72781731150005	4.52642136832135	4.52886557905574	4.60451065636192	4.3255347066591	4.46571972686819	4.6901645308223
8.94516860002945	9.03699583089145	8.75745603266953	9.0103555967609	8.67656070571195	8.64545428857256	8.59507170811301	8.58172679501521	8.63678461168177	8.44746542648858	8.53116407976957	8.25965562278102
4.67187976081931	4.79272348798906	4.92783558373622	4.72720683485268	4.94285075872687	4.84433132022647	4.26338696248756	4.45431862569068	4.34324534338119	4.68416568450891	4.80311462310132	4.35373686623983
8.59022450930453	8.73884248000251	8.54539191685289	8.60367039670969	8.51195930824718	8.42306186723611	8.35387749643546	8.33027736174731	8.3465565567716	8.65276358536978	8.14135989521856	8.17042965287676
4.23578064601263	3.48460119262672	3.25904149221159	3.37356988023798	3.79347313468864	4.23427783854248	3.56036870024469	3.73185260121959	3.32187169258862	2.4686596487577	2.80993588895734	3.72438024616021
9.47474729188459	9.45038547728881	9.29669403369099	9.15376330829825	9.10420983615477	9.03006118844605	8.90930267444058	8.91026847560263	8.87462680389749	9.07418032141825	8.82768975839627	8.87158517110244
5.40570564745494	5.44101192407904	5.33996148759516	5.07154134278832	5.33404151605134	5.60106016921411	5.20019313600037	5.06813598908402	5.20997881251772	5.03208898792922	5.06500900908845	4.89430524760252
5.3182428062046	5.05806805451005	4.93942355801143	4.81245412147119	5.23128194162614	5.412615079801	4.67326275665062	4.65785201977581	4.81037135380848	4.42801766426035	4.22156678679293	4.67857655654709
4.37713649525817	4.02302110741085	4.27742002152645	4.23926878852639	4.29751564002623	4.52550913620693	3.88899144770606	4.17810883110915	4.34324534338119	3.4686596487577	3.92750548533851	4.0819322507783
4.7630276488775	4.70699361396317	5.29556736823671	5.14850332460321	4.96630973155086	5.03074444445735	4.62595704187227	4.87753005641523	4.81037135380848	4.4686596487577	4.84356666683862	4.95319893665609
5.25684226154046	5.17974661109831	5.34867870469627	5.38156267099151	5.40443084394274	5.12590167749769	5.41487471567319	5.29256755569407	5.19242044113341	5.36051084490208	5.12093442368644	5.15900847379694
8.50696900565518	8.4387975030136	8.19401760104457	8.32880001011796	8.20070226687133	8.17122566800718	8.10851853534812	8.02922746174791	8.10831201153504	7.96335970218468	7.98740243941226	7.99584327406459
4.70290665643993	4.39606451802507	4.66013980053256	4.20364487879567	4.51990806136268	4.80652928751409	4.16752694708004	4.12417002399835	4.15060026543879	4.12655367193271	4.09324268981739	4.39680558813171
7.58918697237316	7.69219661203509	7.38938104163943	7.58388946927385	7.53174967400719	7.53709711048214	7.76528100124657	7.67084403999513	7.66729349014291	7.43623817106532	7.83104681643434	7.56200817933162
8.20224368629339	8.29685491409717	8.04644180789355	8.04536645992413	7.95609333550772	7.90372240457574	7.77525254295382	7.71940086017334	7.67889841227795	7.95265452043481	7.62311204974366	7.48260346088694
5.17068561779074	5.31145229031013	5.52053373323698	5.92063577320061	5.49592919842824	5.59368063884851	5.9350038454629	5.9721669305533	6.07914974217708	5.79379017568341	5.84356666683861	5.9723077596038
9.4583624844098	9.53263388904853	9.24801742659571	9.63158621130515	9.20687027558623	9.26479978331938	9.31990856065105	9.27217440718374	9.33193003015335	9.15422609041726	9.06714580786103	9.05697630394943
4.74823064694942	4.53522726569669	4.67407899149044	4.49642662802351	4.51990806136268	4.67285085228212	4.50042615978841	4.45431862569068	4.474951022593	4.40307130713012	4.08201543439414	3.99116678685511
5.38672254408737	5.14756620534915	5.17331161818571	4.70189574632349	5.06739585666517	5.08438240805943	4.67326275665062	4.69532672519448	4.6394867946049	4.40307130713012	4.65187104272508	4.50573995968487
4.68747661587032	4.88669963619807	4.88052986895786	5.12012152323338	4.83229238357917	4.88116808840685	5.18938638104378	5.14463412655807	4.89240712267449	4.87767336040878	4.75444077636563	4.90428933617515
8.93540412931391	9.01189200845122	8.95020339676467	8.87040147068047	8.87707333630658	8.87661460212001	8.94748433246732	8.89927074705133	8.96357299765967	9.19355241062333	8.7566490961614	8.75573684241592
9.09229771910603	9.30356371732997	8.97575104982919	9.13674535372704	8.82188154987439	8.89023217083508	8.78246152755226	8.71142070131478	8.73606782306722	8.77689754005302	8.5893145585169	8.45315109570288
9.1947597527696	9.29990823807472	9.17698727632911	9.31269195649637	9.15294319193698	9.04772151775871	9.09844481333501	9.058731456058	9.06072017418275	9.08631076818503	8.95392067205332	8.91049448570186
8.76118630205333	8.87364348337262	8.56796387727419	8.78484546072062	8.4267986569712	8.50795076482262	8.29460569309828	8.15895588837243	8.28644963837778	8.51887109471147	8.02819067511769	8.08741987641673
6.78494242530594	6.79272348798906	6.92492398831631	6.95853238095913	6.92500275739394	7.01701746134584	7.43560014052514	7.31380635206841	7.43444735313731	7.67029350992735	7.21644175461506	7.46921408365976
4.87623825932549	4.83375075624911	5.09258034607285	4.91513978544576	4.88247814074738	4.86899337446074	4.56873217317932	4.5184489631104	4.65666193841303	4.50036850848504	4.65944426242988	4.64324348343481
6.03096085412413	5.82020422441116	3.72852677551281	4.92611090326676	4.50396651749365	4.27175254396114	5.08247117712727	5.27411065098651	3.99724948853199	3.67724627056912	2.93999642952171	3.11669766893897
5.55770874089999	5.32110246034385	5.24976367862358	5.23926878852639	5.3519634240486	5.27175254396114	4.95428290795778	4.90977039341543	4.91399398488264	4.76470911181946	4.80311462310132	5.05529712427483
9.94151466382324	9.99842276604334	9.80098197758346	9.72720683485268	9.59142935874399	9.60748643837354	9.44329605250249	9.46079346962296	9.41848852061326	9.6931973419257	9.35988398057098	9.34138847381218
10.6384165596465	10.6025534407461	10.4307636048901	10.4487221541553	10.2827007616115	10.1702957968561	9.98624327372983	9.9709737330319	9.98688935651887	10.1629207919697	9.7260970276598	9.87698199017942
5.00629879988986	4.6468726215256	4.85628232271119	4.45157239223925	4.93097665843858	4.76771003862356	4.21091954259342	4.34066184389511	4.38506551907581	4.29873464731539	3.75444077636563	4.36823643593494
4.57458255946439	4.88669963619807	4.54349488168029	4.85899670740822	4.88247814074738	4.81924033926364	4.68099840543023	4.46520694183342	4.61333450674893	4.55423538046377	4.56583121165839	4.5445592085754
4.64017090109196	4.72164038992757	5.00706227488679	4.83591309429518	4.75358040756512	4.65877566707039	4.54349488168029	4.49738734758257	4.70699361396317	4.60616317250764	4.85019975917106	4.53173516821782
4.54063522754105	4.24203088935265	4.754998986874	4.52557297368303	4.6986139483472	4.75453464987582	4.37250868486767	4.32878774360682	4.38506551907581	4.40307130713012	4.64425785861521	4.75780324769766
4.79217399453701	4.76470911181946	4.90437661091223	4.63660428607178	4.83229238357917	4.86899337446074	4.31401303555752	4.42115176175548	4.34324534338119	4.45253998339442	4.49986794928004	4.45230070072341
5.35777117039124	5.29195611468433	5.231027116042	5.43630563558594	5.30673417005561	5.20551884556106	5.20556630809921	5.03928112641184	5.1075315435469	4.95980012712234	5.24692236106982	5.1252596824424
9.00240698463287	9.05300976468702	8.75335862849275	9.12071854167389	8.83786725404709	8.85902520536951	8.78918739074057	8.86165077440674	8.83226684892769	8.45911033475121	8.81121129352623	8.47676089271311
5.92967751828695	5.84047661943743	5.8865286095793	6.2995692987942	6.13105449388749	6.13609744460358	6.76891499571431	6.74754640832474	6.83321133016659	6.29647867337502	6.71864005493779	6.54455920857541
8.45323947434396	8.48781790531027	8.4061811737376	8.27832156509016	8.27772846764844	8.2671210952295	8.1170975202369	8.11296289531864	8.08708974593289	8.07746889143322	8.07848892312736	7.99350692530963
6.43833665169491	6.39606451802507	6.43716364662052	6.03653489296041	6.22156678679293	6.22952430857185	6.01062089210759	5.99112508825718	6.03056956173202	6.30996190273864	5.71501063153709	5.74118853384677
5.05520840037081	5.02302110741085	5.17331161818571	4.48162962609544	5.06739585666517	5.01977332663635	4.73401678772972	4.55967162583691	4.79494131323887	4.70472700699122	4.78245515253523	4.72438024616021
5.09083231010153	4.75049525259976	5.32236742758042	5.07154134278832	5.33404151605134	5.21516901559478	4.70395955387354	4.96451335800987	4.69041072976757	4.79058774364506	5.0707001211663	5.05529712427483
4.90320530692576	4.89963869190557	4.54349488168029	5.11053547440419	5.13105449388749	5.08438240805943	5.09410587761067	5.17810883110915	5.01067000429431	4.95408647592794	4.77550239189346	4.87412736566489
8.94597933061605	9.00592119789707	8.69302809429142	8.77956223991382	8.63873507352235	8.59645238809856	8.50042615978841	8.39291808102654	8.52841228710721	8.26567262659385	8.45052189590183	8.32615103456792
7.32074531340777	7.34021128329155	7.20005146613813	7.34319623119446	7.14653974138491	7.17370239829939	7.2202401705699	7.17313687314663	7.2585975177379	7.08009436084005	7.08060586413947	6.84332131888372
5.65611244496099	5.60007841004666	5.72852677551281	5.78258359188905	5.9190040167725	5.74123782726237	5.85178036860899	5.78496393767915	5.97345892519724	6.25757732255863	6.00385637146863	6.04630834104758
5.01868252434569	5.03479827518721	5.09258034607285	5.3574502148747	5.26950126385663	5.33507847932998	5.20019313600037	5.17147573877671	5.08867251629559	4.9483501063788	5.18004751735466	5.14223276104611
8.9313160136827	9.01189200845122	8.74016818194821	9.05476924168242	8.79838304881245	8.85748550934194	8.78739689092541	8.73185260121959	8.76060148976369	8.53187494376136	8.82137414182753	8.50163556135214
5.12559772826221	5.04648008023484	5.15354836336428	4.88171678390831	5.18203842260629	5.14622166187729	4.79943986272777	4.80224192911099	4.72338805221384	4.48460119262672	4.67447247166222	4.83290470293838
9.37893873789216	9.28395991620039	9.19643417621745	9.10692422085181	9.04347001741969	9.01563755206715	8.85947020343823	8.90478009082343	8.83037602946846	9.00125367646867	8.66885522235596	8.68220780699396
5.80652928751409	5.52691199748469	5.70155972791254	5.86471035860262	5.67744933834916	5.70744951380608	5.33377629037895	5.41554905552611	5.42570750357316	5.28058730060513	5.56583121165839	5.53816143737725
9.67921178595621	9.77483951092827	9.51521993334051	9.54483009236411	9.38116542816537	9.34609988542123	9.18565278398299	9.18388787476579	9.16116950714897	8.98768427543506	9.02196188685282	8.85366326310518
4.67187976081931	4.77878429703118	4.85628232271119	4.5399282666601	4.71255313930507	4.76771003862356	4.38203145898617	4.76747651095031	4.59563250501547	4.13667788920642	4.43074358862521	4.47926774832368
5.00629879988986	5.08096845662013	4.63185075610114	4.92611090326676	4.56670227284162	4.80652928751409	5.12278863231476	5.1847115659334	4.69872599797957	4.66330707961125	4.91490544855888	3.91420480504023
4.80652928751409	4.631442580956	4.90437661091223	4.63660428607178	5.01211342116398	4.4941449652976	4.50914337688952	4.47601369679	4.42570750357316	4.41975004827675	4.58981007459283	4.29423585449116
4.37713649525817	4.53522726569669	4.93942355801143	4.91513978544576	4.80652928751409	4.47820342142857	4.39149178823524	4.34066184389511	4.7395982793951	4.66330707961125	4.89579662561117	4.60702329552205
10.2002064606677	10.1863614555199	9.91027721235191	9.89364285021511	9.8206754511215	9.79852763061334	9.59020163050679	9.60714119944228	9.62073788061275	9.76511705612894	9.37145801008247	9.48177025552685
5.07905514232517	5.09228376984797	5.14356427479165	5.24803899815412	5.3871528525109	5.13609744460358	5.12845738240145	5.02463435044744	5.13229944869584	5.35618491949929	5.56985546821719	5.40386034566566
7.85049049012784	7.99616561558415	7.67060679958363	8.06162587392324	7.591429358744	7.72444258471939	7.67616848782603	7.49871274504913	7.64595145833103	7.31331311223828	7.57487005456888	7.41437821757966
4.68747661587032	4.93777382079234	4.72852677551281	4.70189574632349	4.53567537722099	4.58626316728602	4.6654854060589	4.49738734758257	4.6480999249096	4.50818801294434	4.9949047706241	4.33909009027542
4.54063522754105	4.58413686617764	4.3659566961281	4.22156678679293	4.61202626335111	4.7142707796621	4.004468665126	4.3986091931044	4.31106493763203	3.98803380785128	3.85019975917106	4.38259172891201
9.1892924035796	9.30295511363359	9.05778328396449	9.1063214654468	8.95022274738322	8.89774231294236	8.67132234608119	8.67436710655883	8.68518924364482	8.81088250586291	8.46301754394506	8.5413638694156
4.07905514232517	3.44983577446605	3.52822812502699	3.5821565020494	3.9190040167725	4.19580369072784	3.38203145898617	3.76747651095032	3.66517343826854	3.04289574288579	2.43956743901222	2.93383361178916
5.15954506018554	5.33068850917304	5.19280779381151	5.17633753279993	5.12063787794215	5.05243951555667	4.97959399648696	4.73185260121959	4.93526260163629	4.84717127201143	5.19575760044332	4.81184308741055
7.96370110057583	8.12708273242523	7.96940642422715	8.02509999789813	7.98509320723027	7.99337759199287	8.02360790895406	7.91076638588916	7.98370295669404	8.59610950784371	7.93063837482347	8.00631027311566
6.66401764304633	6.60403642361534	6.50111627940974	6.29534471293248	6.36526024666206	6.42929382094763	6.17849806490104	6.19128421985689	6.25296198306846	6.26220877129027	6.22412249169669	6.26741206641545
4.25684226154046	4.61584572590498	4.43307089198664	4.82423128924755	5.00079810793615	5.04163276060009	4.7488137896578	4.81080394261441	5.05668240205115	4.77122241877813	4.87643130074424	5.15900847379694
9.19952674567705	9.23375232524105	9.08477494358405	9.03526881561642	8.87861963339018	8.87357094056729	8.6610921509746	8.65547721258791	8.70234891119691	9.1080204575143	8.65802730860091	8.4892518368963
4.64017090109196	4.66213937817891	4.68788479101547	4.64990110868523	4.51990806136268	4.290131073276	4.14533120096584	4.2554145572766	4.12614722171425	3.84717127201143	3.98890603000265	3.85366326310518
4.99380785570666	4.84717127201143	5.41658276919807	5.23044493813938	5.07820261162175	5.11563334204387	4.56873217317932	4.59974906521225	4.67363501701674	4.86554980132628	4.68192827658126	4.73560750158347
7.79217399453701	7.85715536058406	7.82850765660958	7.44967285932377	7.62682326527919	7.68852301046445	7.53818108178383	7.52106017656694	7.51787734750103	7.87540793983196	7.40844492151644	7.61312349505847
4.3182428062046	3.99917436545648	4.27742002152645	3.78860737951683	4.67032490391577	4.47820342142857	4.06484128310548	3.88565793729862	4.19829700747008	3.26220877129027	3.31083412489002	4.00978246502246
9.18174080629974	9.28457658431873	8.97222970309467	9.03653489296041	8.99581961382333	8.996178942467	8.7972172539984	8.7005193944148	8.76852296493434	8.39202015119331	8.64521170661087	8.50655943999142
6.26205997081148	6.21122484257147	6.40409182501487	6.10571845810641	6.22156678679293	6.12590167749769	5.83800751898725	5.93740151239262	5.60451065636192	5.88369714803654	5.39035446453354	6.00050465143445
8.95406167691391	9.0347982751872	8.95876964681624	8.73658516716854	8.68542249672567	8.67285085228212	8.61791972280685	8.52756760772132	8.56809824882095	8.99465888433399	8.47754956985644	8.34276574841882
4.59126130061102	4.24203088935265	4.5586017740705	4.40527873996532	4.61202626335111	4.7142707796621	4.02892170885054	4.43229231936068	4.41565383890923	3.41975004827675	3.32994294783772	3.9723077596038
4.90320530692576	5.15837296030574	5.14356427479165	4.77653454721625	4.89475647052582	4.8567150446823	4.62595704187227	4.62909302679439	4.75562838921405	4.41975004827675	4.69672527850934	4.36823643593494
8.90237017229121	8.95104186978338	8.75335862849275	8.90893166906814	8.74343245218904	8.6675887368767	8.63643852574059	8.52301548977461	8.55499052051812	8.3972931652538	8.7522290711327	8.38793835037749
4.67187976081931	4.6468726215256	4.33119127796742	4.09117014953726	4.61202626335111	4.41261507980099	3.86202440010579	3.97978011466317	4.08867251629558	3.71827353882917	3.90219439680932	3.91420480504023
9.15042958124214	9.28580913034918	9.00016271586911	9.32931664218825	9.03656054520462	9.0751385638158	9.01789274880255	8.93495585145623	9.08113884361018	9.53976442176214	8.67773912849576	8.82043648534116
5.19271192412074	5.17974661109831	5.11319062574814	4.90408459693676	5.14139643810895	5.08438240805943	4.77072856608624	4.91771914653092	4.68204725683294	4.68416568450891	4.96465848375598	4.63127084176873
4.59126130061102	4.39606451802507	4.33119127796742	4.23926878852639	4.6986139483472	4.6010601692141	3.87557093194374	4.05378069610695	4.08867251629558	3.43623817106533	3.58981007459284	3.74674805918867
9.96009386008895	9.89197013117922	9.80771522678423	9.78069598853082	9.60783711526561	9.6047358273575	9.37906233869372	9.40710398726985	9.37212646336831	9.66527543516073	9.19965853578323	9.21773536765512
5.06718104203689	5.01114700712256	5.15354836336428	5.10088530437047	5.18203842260629	5.14622166187729	4.84146307762347	5.13102369503941	4.99724948853199	4.78416147448563	4.85019975917106	5.16732374200894
10.0271350893765	10.0122643648969	9.83006480197487	9.75669813156208	9.61434832250504	9.64188104825454	9.39090233162198	9.43471789103478	9.38924584865428	9.10351102527122	9.37519966515364	9.22123402354825
4.82074314673378	4.37768598871021	4.51279808445738	4.389511424107	4.9893933446639	4.84433132022647	4.48283209977367	4.78496393767915	4.35381458509137	4.21521129175311	3.87643130074424	4.53173516821782
9.27049870602204	9.31869596263675	9.16531541970177	9.17403841671034	9.02683135102399	9.04027620663	8.90063285414146	8.79632592997301	8.90728272278358	9.23713807098563	8.70909327491153	8.66836016050395
7.95083416988351	8.03919004430436	7.75335862849275	8.05539392021173	7.70385694033525	7.737894384188	7.89565517798707	7.73972084455293	7.78130331122591	7.50526066319282	7.97683319770208	7.54933898668874
5.74077484203037	5.80652928751409	6.11829751618122	5.77653454721625	5.74682304138982	5.8567150446823	5.78156237199751	5.7273371200971	5.55499052051812	5.78737818716917	5.92436577780794	5.74118853384677
4.23578064601263	4.09228376984796	4.43307089198664	4.37356988023798	4.05650754052243	4.00871813812735	3.7488137896578	3.97978011466317	4.02396682690777	3.62066274220275	4.41293231250875	3.63127084176874
8.81720278902854	8.87118224585634	8.60299589342895	8.73346582532436	8.55417796344742	8.50991228115591	8.30902962804327	8.23567833921534	8.22804435086413	8.50281665948976	8.04274142923319	8.17456049332497
6.75934260206964	6.73974219630288	6.61026389389299	6.76130003352109	6.58954224919973	6.50205016338294	6.45603204042995	6.41835312840281	6.48700368284203	6.76470911181946	6.58981007459283	6.30558082808517
6.29806492426697	6.20080822662613	6.31348927623397	6.03146390341299	6.23611509536208	6.38295510628076	6.12562579161829	6.17147573877671	6.18059500573662	6.13162466148013	5.99190851816418	6.21623334248989
9.29424995058281	9.34672191811522	9.06441332799009	9.05351907259129	8.87242447608346	8.83731847608134	8.73680281056056	8.71027706666045	8.68518924364482	8.85293975247104	8.57537055588904	8.58080577478574
4.80652928751409	4.82020422441116	4.80652928751409	4.96917962515865	5.05650754052243	4.7937052471565	4.53498338182477	4.63874319682811	4.38506551907581	4.50036850848504	4.63660428607177	4.70166016966013
9.85351818282541	9.91724251037649	9.63719737756662	9.76893739937669	9.47716958899515	9.51724430629282	9.34903013348502	9.28144476866134	9.32254443451775	8.95372862027911	9.24692236106982	9.03499302781974
4.90320530692576	4.95026476497554	5.21204401267442	4.8005800211829	5.201937980044	5.27175254396114	4.73401678772972	4.81931544246993	4.82563811046179	5.13162466148013	4.78937456647502	4.82241232912074
4.3182428062046	4.13667788920642	4.24042581404424	4.23926878852639	4.29751564002623	4.19580369072784	3.62595704187226	3.57984950777454	3.88513912221046	3.78416147448563	3.57386853072381	3.89430524760252
5.47024589964965	5.34021128329155	5.34867870469627	5.27403420668706	5.64147004124359	5.51773178561521	5.15091223322915	5.1847115659334	5.03056956173202	4.67029350992735	4.80311462310132	4.94354876662238
4.33814236364231	4.89963869190557	4.57355211553647	4.84750106857039	4.94285075872687	4.7937052471565	4.46502082365721	4.49738734758257	4.2781503151593	4.28058730060513	4.81672505461998	4.46584723256136
4.87623825932549	5.11465158287642	5.39990402805144	4.90408459693676	5.16186054066866	5.05243951555667	4.71153277357834	4.80224192911099	4.73151593309724	4.90161905603381	4.43956743901222	4.94354876662238
5.37713649525817	5.19031585280849	5.16346383222936	5.45914561194406	5.42150435730168	5.67285085228212	6.14533120096585	6.23647299362314	6.20706721709781	6.83323208105356	6.27430824886491	6.58236124128779
9.99694074519163	9.95492112740676	9.88315738764596	9.56295519568611	9.53322306481531	9.48270481366351	9.32670499525454	9.39256164000165	9.01774919751293	9.44007546840932	9.02379667667267	9.13589123417228
9.13344817822919	9.18702127489606	8.97152440117845	9.22545770238051	9.00079810793614	8.95141308184353	8.91792070486277	8.85649091539829	8.92111841931602	9.08009436084005	8.74779546272362	8.69088569806596
5.28786915716109	5.20080822662613	5.14356427479165	5.29110772004601	5.11014550412451	5.05243951555667	4.59353556417989	4.93348646238924	4.85569534431797	4.85332349899303	4.93376447581019	4.79046943661799
9.59488421382836	9.58313464658826	9.4222718410799	9.52557297368303	9.31475234495153	9.30545790092388	9.14951899792928	9.13187811913361	9.17390035316262	9.24359309312293	9.00756987426769	8.91296909186756
4.39624531820588	4.61584572590498	4.34867870469627	4.18549753208541	4.27889996185888	4.41261507980099	3.73401678772972	3.94908331744026	4.25578250213084	3.56176905314918	3.08201543439413	3.79046943661799
6.27243911659148	6.27715911275625	6.31793518126516	6.78559862964449	6.52781325944802	6.57880736236698	6.89565517798707	6.86935612496952	6.87416800438945	7.08924605920958	6.77550239189346	6.85366326310518
4.19271192412074	4.35907031054287	4.06110211459969	4.68907170596591	4.50396651749365	4.55620593342985	4.11138386904251	4.21727942838983	4.37472357485435	4.20562524292391	4.04779971905622	4.36823643593494
5.20360024026348	5.21122484257147	5.33119127796743	5.48162962609543	5.24093211165986	5.4941449652976	5.18395249499315	5.03928112641184	5.23306242563076	5.24359309312293	5.50408020056695	5.27896909783785
4.80652928751409	4.41421186473532	4.67407899149044	4.5541421258798	4.53567537722099	4.65877566707039	4.33377629037895	4.21727942838983	4.10127255307522	4.10608956937299	4.32994294783772	4.59474496574362
4.98120781892703	4.87364348337262	5.24042581404424	4.76435983327015	5.02334067658724	4.99757758052215	4.60983737650899	4.40992450633223	4.6480999249096	4.85944960178987	4.2816877792305	4.43862576382633
6.93295265031981	6.8269933900738	6.93074131491163	6.82423128924754	6.90693118447192	6.93179416147681	6.87557093194373	6.91176169123452	6.86680729943819	6.50428355848842	6.2816877792305	6.52204177201397
6.70673851803096	6.71799261291243	6.58466407065669	6.37356988023798	6.53174967400719	6.58626316728603	6.11994588254593	6.381468060283	6.2585975177379	5.67377407866231	6.02452993973338	6.25965562278102
9.93008731662542	9.97186701946075	9.8876506018906	9.7908598312482	9.61620328263316	9.60931726988941	9.37787297750444	9.39967378179436	9.37310092814085	9.62987552900795	9.22890226981002	9.16680543949182
4.95567272681989	4.98710153315591	4.97363927334935	4.87040147068047	5.06739585666517	4.8567150446823	4.41950616440484	4.46520694183342	4.6394867946049	4.31665655531265	4.34880197508904	4.43862576382633
7.98278885474652	8.08380561592366	8.04644180789355	7.89434132277336	8.03448123419243	7.97076878390003	7.73308691657868	7.63513194327573	7.6945743547091	7.93608405814853	7.28902975457166	7.52689661128143
10.313224731438	10.3087265090085	10.0899832345868	10.043478527213	9.83826463596419	9.87623449540173	9.66011405260433	9.66140691695244	9.64218392577162	9.74374949318382	9.57512032693327	9.45612353686806
9.52661266067418	9.60106893191248	9.30735369944331	9.38056599044003	9.21301202620242	9.22892901455024	9.09084309060167	9.02601381991435	9.04327700182761	9.4067362937813	8.8281098180996	8.89367894195306
9.08569162495444	9.20862773108543	9.01598265314304	9.12250811607026	8.92275615163361	8.93836348998838	8.73355192707131	8.62667036452753	8.7436225359539	9.13446927963647	8.62262784264367	8.60166437968341
9.74776578629101	9.82105461939063	9.56141678967755	9.65072810500532	9.39851484480476	9.4241023974225	9.19479987723015	9.14674920543109	9.20852374931733	9.41169535895842	9.06465256806356	8.97527078188355
3.73328030548344	4.02302110741085	3.99600708637779	3.63660428607177	4.1820384226063	4.07381316634924	3.38203145898617	3.76747651095032	3.55956325030795	2.75816626595269	3.55774886536053	3.33909009027543
9.57772454627627	9.64062405752411	9.57076070213891	9.45725603074284	9.36526024666206	9.33120100904189	9.32052774308153	9.15685864270452	9.27676244103506	9.85485746515656	9.19770938659115	9.18688251875748
9.79936949594122	9.88669963619807	9.45442947444516	9.71460679807305	9.54544315346981	9.58254008124331	9.57263592330417	9.50795658929276	9.53161601214431	9.19142923873036	9.43433478924098	9.30322463771842
8.92967751828695	9.05083648527897	8.73602131205973	8.91994991864009	8.67210931359396	8.64634621752887	8.54508521258639	8.49539696551351	8.53829180837168	8.22592000514175	8.61193396251446	8.25868312861484
9.44809820762083	9.56548215352549	9.32678609884742	9.44157182542193	9.1857905574674	9.17060582050425	8.95148737343982	8.92562434461627	8.98667714867251	8.67246984921605	8.93142053534189	8.70594752806323
4.37713649525817	4.58413686617764	4.70155972791254	5.17633753279993	4.45505691701271	4.6010601692141	4.70395955387354	4.70454525522385	4.79494131323887	4.61343117297167	5.03038266597881	4.85366326310518
4.88978479116343	4.99917436545648	5.25904149221159	5.12964429735189	5.18203842260629	5.19580369072785	4.60170949562559	4.84455273396895	4.7395982793951	4.71827353882917	4.87643130074424	4.98176808885286
9.01250394941657	9.06669835965349	8.78661874460083	8.90130751226619	8.79019055069934	8.77098517065642	8.7634605656222	8.57922320212507	8.70647827370376	8.26912818523007	8.67540655718587	8.56830129744925
9.76578527005649	9.84047661943742	9.51134302125699	9.8286230583647	9.58765266799851	9.57553329213825	9.63842639383448	9.51255639518719	9.58221198925315	9.33408362707083	9.42880615614484	9.34826173617367
9.72385705159682	9.72437018268315	9.43920567815874	9.47697426535734	9.37679527702854	9.38027700073932	9.31183491257586	9.26050205353784	9.29915161608853	8.99709205327267	9.25006070261822	9.18176112523275
6.37231947896039	6.34967161254062	6.38726720237351	6.19912939767317	6.25051816048906	6.13609744460358	6.05891644914837	5.94908331744026	5.90683419330977	6.07483863538855	5.59376808816151	5.8381224122094
5.79936949594122	5.62366523036428	6.06639641426919	6.0212681363071	5.94285075872687	5.93471755668357	5.75981278860706	5.84037705799776	5.82563811046179	5.87162431573597	5.87317832294915	5.85880656638114
10.0926638389001	10.1817342509639	10.0214448273569	9.93326562234871	9.84500343532872	9.77832714599759	9.61085014948206	9.59169794514104	9.59145198907695	9.9086520926117	9.39914536077868	9.42525340130048
4.88978479116343	4.631442580956	4.49720122940635	4.64990110868523	4.9190040167725	4.8567150446823	4.88899144770606	4.87753005641523	5.06313742418845	4.77770645234833	4.76149553389958	5.02816099433732
4.90320530692576	5.04648008023484	5.09258034607285	4.97974886686883	5.19202251117892	5.27175254396114	4.7414342592922	4.83618926103433	4.89963869190557	4.61343117297167	4.78245515253523	4.79046943661799
4.88978479116343	4.50167470598567	4.68788479101547	4.42087559501634	4.93097665843858	4.97503501187107	4.32392850442261	4.38720442983215	4.60451065636192	4.45253998339442	4.54962098447713	4.16732374200894
7.59746645013773	7.68660837377281	7.41658276919807	7.59767877416345	7.38497848127657	7.35048498010695	7.30152209137433	7.28028922591563	7.39788955943339	6.8517879000818	7.02159464870883	7.0775270716583
9.65363316089853	9.77264329336168	9.61071693049301	9.58821280196949	9.40228237736416	9.42618120908029	9.33530895284212	9.2632340617359	9.32858503667505	9.67507713012005	9.09951983550355	9.12365817066918
4.84875752290338	5.15837296030574	4.92783558373622	4.73969777903588	4.87009441629155	5.06316592214973	4.6339498326258	4.63874319682811	4.70699361396317	4.36912397520679	4.53322654622647	4.73560750158347
4.52335723610921	4.39606451802507	4.24042581404424	4.30798153861041	4.03448123419243	4.6010601692141	3.90228827031952	3.93348646238924	4.11376349725842	3.91932105776727	3.72587162416886	4.15064500086231
4.67187976081931	4.43213377273259	4.67407899149044	4.35745021487471	4.56670227284162	4.37866774787766	4.08830025592947	4.2554145572766	4.11376349725842	4.10608956937299	4.2816877792305	4.38259172891201
9.47699273209024	9.47598806232202	9.30119191743058	9.23376020970374	9.087592570652	9.0624978531214	8.85861779866254	8.88261534557501	8.87187181571296	8.87162431573597	8.81799447400754	8.70094436957554
8.30818914154068	8.46188111612664	8.07298708375254	8.4853431288945	8.3067341700556	8.3014998873552	8.29081908976729	8.30170820955054	8.28368849870073	7.94114742022044	8.07424569936002	7.92772824913998
4.95567272681989	4.70699361396317	4.96232396012151	5.00065785663181	4.71255313930507	5.15627532654121	4.90228827031952	4.82777702121813	5.03056956173202	5.35618491949929	5.43956743901222	5.23217488635891
9.39861622266862	9.51645005866606	9.32070693051521	9.35896910784626	9.15358197655706	9.19641280833913	8.97015430060066	8.96211326588938	9.03550185727425	9.19264286239048	8.77854834847243	8.74327586728186
5.88978479116344	5.84717127201143	6.10806559357027	6.15317981181268	5.85760347210836	5.96934389979321	5.70775113303591	5.86113561816456	5.74763559846052	5.88969588865799	5.74022691714593	5.86393159855901
5.47923468287691	5.89963869190557	5.66712623084867	5.84171871597639	5.87629956581826	5.93471755668357	5.85520313424978	5.85700773254188	5.89240712267449	6.42182139829645	5.96159868400692	5.89430524760252
9.72480215155914	9.72482464639485	9.70750199302788	9.41990571596072	9.43365232801226	9.3893623486739	9.09555363994079	9.08940460583767	9.12884204979231	9.56622362819663	8.86665027995166	8.98353501502705
4.9427336711124	4.82020422441116	4.89250251062394	4.70189574632349	4.61202626335111	4.86899337446074	4.60983737650899	4.46520694183342	4.7395982793951	4.46062232969228	4.98890603000265	4.93383361178916
4.45209855293939	4.43213377273259	4.64606461532084	4.43630563558594	4.45505691701271	4.72781731150005	4.14533120096584	4.15139149273338	4.41565383890923	3.71827353882917	3.97683319770208	4.09941967750714
8.82162688032398	8.84215319724481	8.83627663090814	8.5916621641408	8.67833742396716	8.68157861659465	8.44812064944395	8.39149178823524	8.41880314171164	8.74374949318381	8.18988634867375	8.36281616015069
9.8391888140546	9.95646991450224	9.69559288615073	9.73385611209555	9.52337191666625	9.52938214535414	9.34264315228095	9.22930529719683	9.29675710094815	9.78898385794248	9.14810462485191	9.12205487910848
9.07905514232518	8.96803312126802	9.16284610794637	8.83736669143668	8.93989138324632	8.8551728798739	8.59609489612816	8.68430265957859	8.57940026542242	8.96229275153266	8.44505506465065	8.58624258621936
9.33505109389116	9.33783647610364	9.20005146613813	9.0899511422481	9.00505175732979	8.98564571212231	8.8166596866229	8.85752436461218	8.83792448378962	8.8663105158395	8.70954931886693	8.66616148843874
5.62405123572869	5.89963869190557	5.78099419540695	5.99024124068647	5.94875136016655	5.99757758052215	6.09699995087985	6.06097619751116	6.22444929532605	5.95122114223355	5.65566262188746	5.92405259099658
8.52118286487488	8.5506903830845	8.56889675479838	8.21375333226995	8.40120694306845	8.31838687346055	8.16959039683475	8.12331102126926	8.09970355341988	8.43470038974273	7.75001397006666	7.9092555890685
9.23312619256665	9.24583580155608	9.04778073610185	9.06783102344995	8.88709476881775	8.88721713307965	8.72328691258194	8.72620603807845	8.75413311006044	8.88669963619807	8.34763048087859	8.56594459389079
9.27114579956996	9.3072099577904	9.09258034607285	9.19743244193051	8.99510699585829	9.0436652028816	8.9345994460094	8.8408996789203	8.87737654114838	9.31135918618045	8.79454243483396	8.71590209223591
6.18174080629974	6.14213231929853	6.02348782279991	5.92611090326676	6.09426246251785	6.01977332663635	6.22950096833515	6.12417002399835	6.07276612538623	6.59885837188441	6.25194043583645	6.55727026032495
10.2367748082485	10.1587093704835	9.91542051562787	9.86649124395515	9.77324907099263	9.81646935054341	9.62545601910602	9.60190901969254	9.51611402068845	9.21311977947083	9.41824302387752	9.43432562639271
4.84875752290338	4.77878429703118	4.72852677551281	4.75208150349171	5.12063787794215	5.06316592214973	4.27365529794139	4.64832924565731	4.50371001557443	4.22473406587161	4.00087867166873	4.29423585449116
5.41510434545719	5.41421186473533	5.52053373323698	5.66961934329974	5.42996593604988	5.62297494564255	5.91218107507795	5.92562434461627	6.02727197163144	5.84717127201143	5.95238015397754	6.0775270716583
13.9244680692352	13.9203706555877	13.8264857273092	13.7301196652667	13.5812866727173	13.5395296065219	13.4425496378747	13.4361021032214	13.4250420447914	13.5752516681746	13.1723553253083	13.2176728144849
13.4256052048926	13.4678323457556	13.2823338134683	13.1981397494119	13.0864639792458	13.0409122501283	12.9319427579974	12.9713317959188	12.9118162472913	12.7867504863261	12.6420198031248	12.740100183759
5.18174080629974	4.631442580956	5.05045487040017	4.63660428607178	5.18203842260629	5.18602266993526	4.75615576499897	4.60959685116859	4.50371001557443	4.54666216075897	4.52495893024286	4.84332131888372
5.19271192412074	5.30173713547691	5.33996148759516	5.27403420668706	5.12063787794215	5.27175254396114	5.16752694708004	5.11728363841311	5.20414973371552	5.3255347066591	5.63276221977738	5.36823643593494
9.33443204430393	9.37305453997857	9.0795477819205	9.1385151699877	9.00434368612987	8.99897486396396	8.84920795477876	8.88768277277611	8.85243816980551	8.77487327279109	8.82978883492093	8.68003015368859
5.07905514232517	5.13667788920642	5.11319062574814	4.97974886686883	5.03448123419243	5.31726720321352	4.75615576499897	4.43229231936068	4.77934445818786	4.19597507289019	4.49986794928004	4.39680558813171
4.29806492426697	4.48460119262672	4.06110211459969	4.70189574632349	4.26004093460756	4.63020651487362	4.42872469443422	4.32878774360682	4.32187169258861	4.41143478006475	4.66697793511529	4.55727026032495
4.10251411514917	3.9749268192098	4.16346383222936	4.03146390341299	4.51990806136268	4.57131282582006	3.99208494067016	3.93348646238924	3.91399398488264	3.02120067178648	2.43956743901222	3.58236124128779
3.50586980938037	3.41421186473533	3.18309263897829	3.49642662802351	3.29751564002623	3.68679004323998	3.38203145898617	2.9017776026619	3.2781503151593	2.70472700699123	3.4039435292815	3.47926774832368
8.88471973608058	9.01486817256163	8.95449287972908	8.91720323520046	8.64873804170763	8.64009110380547	8.63095772293063	8.64354418309193	8.6741622214958	8.94942741448677	8.5932739298964	8.58158371766838
6.84528533099658	6.68474080711604	6.64252425761559	6.25675621525523	6.60830317730839	6.44987469837008	6.43560014052514	6.44609811888571	6.24730434820654	6.06426939367837	6.25943497238337	6.12098502734207
7.49261371267811	7.65261660406041	7.29556736823671	7.54349488168029	7.25766612741966	7.18356701820894	7.30026702818871	7.05378069610695	7.19536171644554	6.9469124430402	7.25694111689481	6.86393159855901
8.61592335484529	8.74781449300361	8.32899036977416	8.71539753256305	8.28940082129433	8.409466235246	8.4435802993837	8.33770246841457	8.4387975030136	8.27773104340433	8.18070553106773	8.03952980841651
4.68747661587032	4.41421186473532	4.78099419540695	4.62318377030945	5.05650754052243	4.63020651487362	4.3040289469849	4.44334750786968	4.5131703448235	3.70472700699122	4.02452993973338	4.46584723256136
4.3182428062046	4.61584572590498	4.39990402805144	4.73969777903588	4.27889996185888	4.63020651487362	4.47395394842721	4.2679055014598	4.62210471637666	4.62785824360695	4.92750548533851	4.87412736566489
9.74776578629101	9.84131515188817	9.63630764886688	9.63032896064529	9.45194430514537	9.42097855273562	9.24621760364046	9.18759078721298	9.27189434035136	9.50818801294434	9.01312226742348	8.99875839940658
4.62405123572869	4.28210832872798	4.34867870469627	4.1485033246032	4.47154503980128	4.3957412612366	4.13410394554259	3.91771914653093	3.97002801979696	3.64923189439952	4.01275277195702	3.83290470293838
4.00629879988986	4.11465158287642	4.41658276919807	3.76435983327015	4.43837817586608	4.21516901559477	3.7634605656222	3.76747651095032	3.95622222027193	3.56176905314918	3.78245515253523	3.81184308741055
9.41393285124675	9.52325894243603	9.18370175658957	9.16538395139981	9.09891310678743	9.15627532654121	8.82453850193764	8.7903855714212	8.840745002852	8.52128807473882	8.83773758803642	8.72155972709784
5.01868252434569	4.79272348798906	4.90437661091223	4.82423128924755	4.6986139483472	4.88116808840685	4.4378846937197	4.5392075232772	4.49418724145592	4.55423538046377	4.68192827658126	4.51879611251032
5.2672588774858	4.96264848943137	5.22156678679293	5.05164178535062	5.17198475794237	5.11563334204387	4.73401678772972	4.66731234902488	4.69041072976757	4.5988583718844	5.12093442368644	4.86393159855901
9.44924229573859	9.58563889134287	9.39622970724191	9.36704297314883	9.26832210969136	9.21937075157339	9.17678931776194	9.03380599634569	9.13842555149269	9.44593957225762	9.04924169323013	8.88614198946489
4.45209855293939	4.67724627056912	4.64606461532084	4.43630563558594	4.95462792650322	5.06316592214973	4.47395394842721	4.5392075232772	4.67363501701674	4.03208898792921	3.78245515253523	4.09941967750714
8.12702826386865	8.18107200856487	8.14356427479166	7.99545894995749	8.04278055741092	7.94345236666118	8.00292650031759	7.90277912650697	8.00732656121994	8.47615418530463	7.95315061863718	7.87158517110244
5.82779790426774	5.86707082944914	5.83782541800362	5.75208150349171	5.67032490391578	5.57880736236698	5.4605334326649	5.48138686888885	5.37472357485435	4.95980012712234	5.23176255389882	5.07310840039129
9.62809806879139	9.69776328790963	9.45644723007601	9.41358555908586	9.39905366648829	9.40209209338899	9.48559535486261	9.39256164000165	9.43569159214578	9.11507835260025	9.29146880002309	9.33724874345125
4.57458255946439	4.77878429703118	4.76805513969945	4.37356988023798	4.96630973155086	4.70059584276502	4.47395394842721	4.3641208167191	4.67363501701674	3.8347875475556	4.15883103144497	4.35373686623983
9.5239003172528	9.53574538207536	9.32899036977416	9.22267954816	9.18953295915322	9.1487416538558	8.92730080460354	8.88565793729863	8.84917362492258	8.65716607594174	8.83523218357309	8.75573684241592
4.57458255946439	4.631442580956	4.63185075610114	4.16711900277056	4.71255313930507	4.64456180785069	3.82060447272581	4.11036422447332	4.23306242563076	3.73169405459149	3.76851596157735	4.06423024904484
7.83481833194551	7.81338295855515	7.63541737112133	7.73502633931198	7.77366465360846	7.7295017192114	7.89066026806668	7.90478009082342	7.92022978667881	7.5627080021188	7.67447247166221	7.84072420739768
5.51464001900811	5.30173713547691	5.51279808445737	4.88171678390831	5.3519634240486	5.2531368657938	5.22686108646244	4.82777702121813	4.96314163421173	4.9134444914306	5.07636887125299	5.27896909783785
4.95567272681989	4.76470911181946	4.79381823576453	4.58215650204939	4.7263589388301	4.84433132022647	4.35327246600475	4.30474226964017	4.45545484696721	4.3255347066591	4.37663618328576	4.45230070072341
10.1057826515675	10.1620691648313	9.94302579469163	9.99350451970932	9.82989654293851	9.75825240579661	9.53311477849458	9.5738885977445	9.60727391145086	9.76511705612894	9.29785174435659	9.38749355461602
6.07905514232518	5.95026476497554	6.06110211459968	6.19459973919266	6.04001941773386	6.05781268765552	6.42642557834463	6.42951523469011	6.42068942880653	6.35618491949928	6.54144705303143	6.48260346088694
3.50586980938037	3.55171538848526	3.58834911746456	3.5821565020494	3.81946834322159	3.50991228115591	3.24262840232076	3.13784496089543	2.98370295669404	3.18625991805698	3.32994294783772	2.67857655654709
9.00707590469771	9.19163158025116	8.79381823576453	9.14263631757121	8.85838733251388	8.83653716274467	8.89440807082897	8.82566627462232	8.88012104744383	8.65055729186609	8.57587088363496	8.50327872216859
5.80652928751409	5.97492681920981	6.12845738240145	6.12964429735189	5.83229238357917	5.70059584276502	5.77072856608624	5.6813875342366	5.82183654030194	5.70132040554798	6.22922035933637	5.76877436551867
6.02483475132729	5.99917436545648	6.0343352050369	6.37757181079548	6.3519634240486	6.57131282582005	7.269813231647	7.23647299362314	7.20122633850875	7.34858319676595	7.10715499667264	7.48260346088694
9.42327827690289	9.40176012368907	9.37878073648569	9.06411113731283	9.11343257558726	9.12909560185043	8.80476019466103	8.90627899489684	8.87279072978281	9.06758060706878	8.6879578740195	8.70166016966013
9.07683618002018	9.17043457758261	8.86009796905305	9.03716751522044	8.94285075872687	8.82791467282947	8.79097567115657	8.72903208215721	8.79929771828301	9.05529096983948	8.73575621310071	8.60089719272521
9.60569868383482	9.63869596496732	9.27970096277768	9.37906967738535	9.3475037758579	9.32842499309804	9.23607961649182	9.22210181184668	9.19242044113341	8.682870819763	8.90019813934278	9.02701916994777
10.1234492616836	10.2524703464486	9.82187097444316	10.0193483821437	9.81260892163079	9.74332355126434	9.7027726389231	9.59882237957442	9.64137531573221	9.39307629695123	9.52495893024287	9.37183867261513
9.51518639092938	9.47652789209104	9.45190330493106	9.31269195649637	9.20440623563474	9.22475506442398	9.0156003303527	8.97407399631796	9.01899486894524	9.39122753417444	8.93571485469436	8.85752245856082
9.3801389834197	9.49316320613015	9.22393769125567	9.3574502148747	9.20317263569564	9.16625941511383	8.99674130310139	9.05828208834189	9.01816454084124	8.75734631989999	8.86173478953754	8.78507617784777
8.78675371875276	8.87691861540548	8.70326001690238	8.66716925206685	8.59801487085475	8.57131282582005	8.43560014052514	8.38720442983214	8.46035364638005	8.88669963619807	8.13390409029951	8.30840318641776
8.19952674567706	8.34967161254062	8.2168132568223	8.33189703107306	8.19574880263719	8.24844517046908	8.36892137665992	8.41273952193928	8.41691438511515	8.38035123063004	8.34234695295174	8.34734719095072
9.38672254408737	9.3300912435711	9.35788339559242	9.1963000281825	9.3021322680966	9.28097107399053	9.11638455010087	9.11814623637058	9.09931103674193	9.29195611468433	8.84522780120854	8.92650406999067
4.54063522754105	4.77878429703118	4.57355211553647	4.62318377030945	4.51990806136268	4.8567150446823	4.39149178823524	4.16481200849569	4.38506551907581	4.43623817106533	4.43074358862521	4.59474496574362
7.90320530692576	8.0795477819205	7.94374516396152	8.0097111048847	7.84816377622205	7.80333394835428	7.85006593579774	7.87753005641523	7.90862747513282	7.51402495296662	7.89178356310455	7.63127084176873
4.62405123572869	5.11465158287642	5.18309263897829	4.68907170596591	4.79347313468864	4.92886483043814	4.54349488168029	4.58983359634716	4.50371001557443	4.39465906731392	4.51664366203086	4.46584723256136
6.69906459014553	6.71066927210657	6.94518282730012	6.78258359188905	6.83548066121021	6.90222970393467	6.69061000021453	6.75199917433137	6.68414267483513	6.78737818716918	6.65755468122866	6.73000479535409
5.70290665643993	5.50167470598566	5.81284306144629	6.00583809573749	5.96630973155086	5.80652928751409	6.64387894986953	6.61204833016269	6.79105787875165	7.0996345472357	6.58385261929644	6.8485015579894
6.59540103097194	6.44543059534605	6.51279808445737	7.16248755403891	7.04278055741092	7.00594105345678	7.82322835045585	7.90777634328334	7.88695955783482	8.3529319417042	7.92043151019147	8.11239753150535
6.10251411514917	5.91246273226315	5.8865286095793	6.46667928462946	6.31132143955126	6.210351999297	6.75248944780119	6.78278956644481	6.90144093453955	6.7630761800765	6.51664366203086	6.73000479535409
5.69521226464993	5.66971259788371	5.41658276919807	5.389511424107	5.42996593604988	5.7142707796621	5.47395394842721	5.54947585873102	5.41060061118295	5.32110246034384	5.05929535789405	4.92405259099658
9.64317338925349	9.67630671010551	9.40565912016183	9.45961762079528	9.32613012506534	9.21216026572244	9.0503566443548	9.0483604203227	9.01940985385847	9.24242159891248	8.97986089039965	8.81977726895277
10.0340141781017	9.99164069277107	9.9914916052553	9.79348325456785	9.76908664732943	9.75618816872834	9.58325259091803	9.52301548977461	9.54436023912355	10.0346290937105	9.39433118108424	9.41088077334343
9.28722952290503	9.3300912435711	9.21800310846985	9.15900418403866	9.0915982049908	9.06316592214973	8.81972878526894	8.80438720094254	8.79881432238608	9.13320569729961	8.65897209910023	8.63652110245593
4.10251411514917	4.13667788920642	4.0180333927078	4.30798153861041	4.36966542578206	3.94054663548578	4.004468665126	3.9017776026619	3.87049234624606	3.59151639654323	3.87643130074424	4.0819322507783
5.19271192412074	4.86046809462489	5.02892170885053	4.92611090326676	5.26950126385663	5.20551884556106	4.67326275665062	4.70454525522385	4.86311281588045	4.38619748856573	4.54144705303143	4.72438024616021
5.56617031964819	5.55988931993096	5.30455615146396	5.41309824442462	5.60457045843206	5.43756143693123	5.85178036860899	5.91771914653092	5.79105787875165	5.52755333781127	5.77898296062842	5.7796626816614
4.83481833194551	4.34021128329155	4.63185075610114	4.77653454721625	4.74003387572718	4.74123782726237	4.17849806490104	4.2679055014598	4.33259809918168	4.42801766426035	4.54144705303143	4.41088077334343
9.46629562716941	9.56598951946738	9.31682498879723	9.37857056129635	9.15613429043087	9.17864313956966	9.14777555960123	9.04518916287174	9.08788134816998	9.04188604142789	8.99190851816418	8.83747122960259
5.09083231010153	5.19031585280849	5.24976367862358	4.99024124068648	5.31589416934108	5.2531368657938	4.7488137896578	4.76747651095031	4.840745002852	4.84717127201143	4.88937035645174	4.90428933617515
5.34799014959865	4.98710153315591	5.39990402805144	5.06162587392324	5.43837817586608	5.27175254396114	5.02284719444085	4.96451335800987	4.97688169083803	4.71827353882917	5.12093442368644	5.18381186479751
4.55770874089999	4.06956369334788	4.63185075610114	4.07154134278832	4.29751564002623	4.2531368657938	3.96699395970733	4.11036422447332	3.91399398488264	3.43623817106533	3.1905398911723	3.83290470293838
5.00629879988986	5.35907031054287	5.231027116042	5.29110772004601	5.33404151605134	5.14622166187729	5.02284719444085	4.86113561816456	5.12614722171425	4.8347875475556	4.97075868329239	5.00978246502246
9.2344540297896	9.3023462530882	9.10549623395814	9.1063214654468	8.98796138917076	8.98282381383212	8.76391588992483	8.67436710655883	8.69613262133141	8.38194801556437	8.54298319696456	8.51717054046128
5.69521226464993	5.84047661943743	5.88052986895786	5.82423128924755	5.7263589388301	5.83184037604327	5.42412279247521	5.4920735476861	5.47010162293161	5.34312876667384	5.75444077636563	5.41786720365954
6.27760082170726	6.78228174126741	6.49327552619256	6.4853431288945	6.41299285744616	6.36572869217016	6.3040289469849	6.11382807977689	6.32724486468747	6.04558483041344	6.5658312116584	5.9723077596038
4.3182428062046	3.67724627056912	3.97363927334935	3.76435983327015	4.43837817586608	3.7937052471565	3.13410394554259	3.59974906521224	3.82563811046179	3.16663111130804	3.32994294783772	3.45230070072341
8.24239549043419	8.33068850917304	8.14481607100112	8.15551238312257	8.12063787794215	8.08174734789146	8.12065709529925	7.89675952789528	8.02479382322786	7.82386389851936	7.97455825104269	7.77830612769132
3.7630276488775	3.89963869190556	3.3659566961281	3.09117014953726	3.9190040167725	3.34390232971698	3.30402894698491	3.29256755569407	3.40552962163553	2.56176905314918	2.72587162416886	3.15064500086231
5.59126130061102	5.44983577446605	5.68788479101547	5.50376860336468	5.4467416488007	5.50205016338294	5.15647175857105	5.06097619751116	5.33259809918167	5.08009436084005	5.19575760044332	5.38971616334539
9.87921245130396	9.94676260401959	9.77251604148264	9.69629924981458	9.52089858322849	9.50745996875023	9.34963694528825	9.38038994711222	9.31546494937848	9.49865232758996	9.26905814873403	9.14381379686559
9.36202960286796	9.4164643164667	9.22334533031905	9.20420832150577	8.97139092688448	9.0591528596431	8.730293701687	8.78496393767915	8.72694963585523	9.01263662526304	8.51716477276107	8.64770773157941
4.82074314673378	5.08096845662013	4.70155972791254	4.72720683485268	5.18203842260629	4.67285085228212	4.62595704187227	4.45431862569068	4.474951022593	4.60616317250764	4.92750548533851	4.92405259099658
4.82074314673378	4.89963869190557	4.9960070863778	4.97974886686883	4.85760347210835	4.57131282582006	4.55195646042849	4.3641208167191	4.67363501701674	4.07483863538855	4.66697793511529	4.55727026032495
9.56617031964819	9.70007641176717	9.31293257352944	9.54260405421087	9.24213385686961	9.28097107399053	9.06447169298154	9.0872036976444	9.09064854049286	8.67681270331089	8.80097634637835	8.69592380011099
8.10105905194878	8.24583580155607	7.87752111908553	8.46103272148832	8.04278055741092	8.08306547958743	8.02512813569209	7.99770202266044	8.09025355211507	8.2697033078372	7.96083271900836	7.89430524760253
5.24634988772282	5.19031585280849	5.41658276919807	5.16711900277055	5.34303029927859	5.51773178561521	5.05891644914837	5.21082440625253	5.26140705132472	5.28968950771238	5.2816877792305	5.22422613324342
9.80026641548574	9.8687168022927	9.63586257866718	9.70388924538448	9.44413326797647	9.44167754540346	9.27333551626194	9.24004353177674	9.2638609129991	9.58529240892335	9.08658704956179	9.0813823384252
10.3276049094083	10.3874787257286	10.1538592555195	10.0610038885543	9.93134920719233	9.89961375572766	9.71082447062284	9.69936708202056	9.68152292644705	9.88482381349083	9.43956743901222	9.5584561995951
4.7776744248419	4.70699361396317	5.0180333927078	5.0415881206867	4.90693118447192	4.89324092070741	4.48283209977367	4.57984950777454	4.5131703448235	4.51596536353606	4.72587162416886	4.64324348343481
4.7630276488775	4.9749268192098	5.27742002152645	4.70189574632349	4.90693118447192	5.00871813812735	4.53498338182477	4.48674010338306	4.6394867946049	4.73169405459149	4.93999642952171	4.87412736566489
4.59126130061102	4.88669963619807	4.89250251062394	4.78860737951683	4.9190040167725	5.08438240805943	5.27365529794139	5.17147573877671	5.30563105158141	5.69790574113521	5.47862021557599	5.60702329552206
4.96849676717748	4.43213377273259	4.61749546312407	4.67613265025841	4.85760347210835	4.63020651487362	4.05296718281718	4.3641208167191	4.60451065636192	3.66330707961124	4.03621174478101	3.85366326310518
8.9859457379337	9.10909205753452	8.77615563847057	8.83518574613715	8.76449406771687	8.80333394835428	8.62795939478342	8.47937427376001	8.55212518682374	8.13352169665273	8.42908309156	8.32522236054752
7.66991824448602	7.74691979837593	7.51473588869886	7.54882832598334	7.62682326527919	7.73454317468835	7.9390416175945	7.91672794412788	7.89693109954207	7.53522726569669	7.68656866347317	7.71448421001772
7.77036962421867	7.7629400189664	7.63897519053452	7.90269672281252	7.65596961093871	7.73621975249574	8.04099454115111	8.01355085131842	8.03056956173201	8.27257548684853	8.05857955780946	8.05305517348816
7.88978479116344	7.87200312499137	7.9764542889564	7.73033972433764	7.84024990535809	7.94200023262727	7.74605088736257	7.7273371200971	7.83132174896537	7.86783074257752	7.57085978085147	7.59474496574362
4.54063522754105	4.84717127201143	4.83162026847692	5.06162587392324	4.64147004124359	4.83184037604327	4.68869279722023	4.68604891160647	4.840745002852	4.41975004827675	4.87643130074424	4.95319893665609
8.4440867391828	8.39492269363552	8.33338883367167	8.16364681086375	8.16566545287209	8.09356740069028	7.86457408272681	7.84975539031362	7.93085742251629	7.75816626595269	7.71137205447374	7.71022218316355
5.86941699346947	5.84047661943743	5.86845703665729	5.41309824442462	5.64873804170763	5.65877566707039	5.42872469443422	5.44334750786968	5.3164784338184	5.38619748856573	5.48289487067632	5.38971616334539
5.15954506018554	4.73613995962269	5.10292229029431	4.81245412147119	5.05650754052243	5.18602266993526	4.59353556417989	4.63874319682811	4.69041072976757	4.15671564244296	4.08201543439414	4.7796626816614
5.04313556807024	4.93777382079234	5.17331161818571	4.63660428607178	4.84500343532872	4.67285085228212	4.71153277357834	4.63874319682811	4.55956325030795	4.87162431573597	5.04779971905622	4.7796626816614
4.59126130061102	4.50167470598567	4.78099419540695	4.52557297368303	4.88247814074738	4.65877566707039	4.3040289469849	4.17810883110915	4.18651983969373	4.16663111130805	4.33940327708679	4.53173516821782
4.7630276488775	4.96264848943137	5.03972846380711	4.8005800211829	4.87009441629155	4.42929382094762	4.31401303555752	4.32878774360682	4.59563250501547	4.81601034052497	5.07636887125299	4.6551175837231
9.55717824078705	9.60304793776585	9.40513687760739	9.47697426535734	9.26832210969136	9.29184211720958	9.10923540246393	9.06142472698497	9.07036496803712	9.26941577519232	9.03366442029876	8.95859892439868
4.79217399453701	4.69219661203509	4.81912932429372	4.75208150349171	5.02334067658724	4.84433132022647	4.4378846937197	4.3986091931044	4.69872599797957	4.47665243951123	4.32042017371922	4.29423585449116
5.24634988772282	5.33068850917304	5.11319062574814	4.94780597436608	4.87009441629155	5.23427783854249	4.48283209977367	4.63874319682811	4.76357714232954	4.52370101231566	4.70406725385051	4.43862576382633
5.37713649525817	5.31145229031013	5.63897519053452	5.23044493813938	5.55127223227201	5.43756143693123	5.26338696248756	5.17810883110915	5.22732605608162	4.9824311016219	5.25694111689481	5.31683728342829
5.90320530692576	5.8269933900738	5.87450608133009	5.80652928751409	5.81946834322159	6.04163276060009	6.06188190762493	6.02831000859083	5.98710153315591	6.05094801518053	6.25444294303961	6.19198579624321
9.22913533237062	9.33902436834111	9.13414102090503	9.19912939767318	8.98581078746933	8.94490304052991	8.90435487293746	8.83880805834242	8.9339424596736	9.15826943369804	8.74201132682411	8.6462211832347
4.59126130061102	4.30173713547692	4.06110211459969	3.81245412147119	4.61202626335111	4.63020651487362	3.71906644626375	3.59974906521224	4.0371422156555	3.67724627056912	3.45705486574106	3.83290470293838
9.54438736240216	9.68660837377281	9.476968129976	9.48904709765792	9.32215810081148	9.31109343559331	9.17952234257338	9.00471562442149	9.17166188096662	9.52442410733083	9.0539181804396	8.91852148502335
10.0465412759778	10.0573465265926	9.88353235711939	9.95150217889161	9.66540636654679	9.70445503822066	9.4212391316293	9.40851493607756	9.4588245576933	9.59840059144556	9.22794758021465	9.29471034719101
4.57458255946439	4.37768598871021	4.72852677551281	4.12964429735189	4.38715285251091	4.63020651487362	4.004468665126	4.2554145572766	4.39533385452964	3.90754388999091	4.08201543439414	4.02816099433731
9.63816576520159	9.75049525259976	9.37398506988404	9.67043511659876	9.40711193566565	9.38829644907544	9.32300181878478	9.29790663939068	9.34324534338118	8.91012837316097	9.22699225844425	9.09941967750714
