k4_temp10_1	k4_temp10_2	k4_temp10_3	k4_temp14_1	k4_temp14_2	k4_temp14_3	k4_temp20_1	k4_temp20_2	k4_temp20_3	k4_temp26_1	k4_temp26_2	k4_temp26_3
4.9552232060519	4.46066868861183	4.81212665382776	4.73469672206326	4.68501904962111	4.51108040638206	4.83847091102418	4.34138572695076	4.57856838994824	4.73813725367087	4.67027385973514	4.7417641092716
4.64378927039123	4.46066868861183	4.55079755751283	4.84391806997255	4.6341167808092	4.83534442643807	4.88147525731231	4.81759118668978	4.91494257705308	4.73087478195217	4.79392971853607	4.50678720337694
8.96484942888372	8.87589989626343	9.03290544401547	8.88716620323513	8.82672217527446	8.84594683418622	8.78135691910481	8.78621540259848	8.81661973639866	8.97164777588614	8.66588671946063	8.92046788469178
8.69531218582736	8.73700379499155	8.55635441590243	8.76603861198509	8.68020198573289	8.64465953930411	8.73602916761184	8.66416731541208	8.76581688296809	8.28798544362334	8.86176856264319	8.54663851385147
9.46737432002432	9.43136677745368	9.46644407557623	9.40313602609568	9.43472375832311	9.4510445722194	9.36253872181208	9.40418878635143	9.4002021185407	9.53117432677189	9.43257992196249	9.41859439993482
4.79612087253176	4.89275152968713	4.89662358240467	4.91562626393847	4.74631217739259	4.94353862576961	4.83847091102418	4.71706311937363	4.86273250199343	4.78793961432632	5.00131131264874	4.47827216442607
4.91157028519675	4.790934479499	4.53772873691895	4.47339239016465	4.70983735231248	4.59235698381527	4.54921761729768	4.56774359777504	4.69385006097755	4.60920071505233	4.75637750288316	4.72962547189549
9.87397548259669	9.81615338515924	9.85580030877217	9.87130280117514	9.86269745473054	9.84608428281559	9.68819954231055	9.7373445808498	9.70251717001099	9.67655109053712	9.69863937789547	9.7149734477277
3.87928974118808	4.04536456129666	4.40015836906638	4.31434410797242	4.30230518646815	4.34960086388285	3.86659750245886	4.22679647408014	4.21347036996971	4.06110025379335	3.62888883314826	3.65753150228756
8.99198059339742	9.04570535960457	9.00929978327502	9.07312697385552	9.00946337711719	9.02896079359734	8.95944918877887	8.92856324082364	8.97873329255983	9.06893406762808	8.8853134396716	8.90823714739619
4.72201461044688	4.96703456323432	4.92708804521147	4.6285859116617	4.6341167808092	4.6054858925992	4.60166385889411	4.53595152102872	4.4432928997399	4.89549155373029	4.99484386591853	4.7538060234099
8.87685998788959	8.85837463467976	8.89113814740222	8.87040112974635	8.84563862235744	8.74950004907964	8.70401346584701	8.74685630884623	8.69245990622701	8.68695334886041	8.52523900010364	8.66294605876573
4.37906929270838	4.61583768297576	4.3710141229909	4.77940681188841	4.68501904962111	4.31828201231946	4.74838656784673	4.71706311937363	4.51249896923935	4.78093325102575	5.0332342483963	4.69261336333303
5.10783031340753	4.91438822011606	4.95692861830305	4.98385931059642	4.86186711250097	4.99484908467683	4.94365530169142	4.80873353603669	4.7192071698978	4.78093325102575	4.6783102357101	5.1521487179413
4.72201461044688	4.57522680179977	4.73394586577854	4.57873116414587	4.81670662172718	4.66946365427378	4.37927756825817	4.49245339398431	4.51249896923935	4.34766516088756	4.35763420857958	4.49259693734948
4.47295033324605	4.39959634768692	4.58931514094488	4.76836166082986	4.41126813158302	4.48298144807681	4.33861184247339	4.49245339398431	4.43313260069425	4.66374732089317	4.37737945264897	4.6157534669578
9.01979675577478	9.03076570151719	8.88450562011733	8.95740461960108	8.9182615565235	8.86220671999103	8.75272141222862	8.73068966088637	8.74371762388965	8.64263458015851	8.70513343865148	8.80911611686843
6.48370851876478	6.66589125746797	6.5144848316699	6.80924223039328	6.4117799048674	6.49429421475616	7.27071780800882	7.05074304656599	7.16456555966856	6.95898533512808	7.38890975581062	6.86079318596782
9.64210413170523	9.64372705464227	9.70299320719058	9.6808456384616	9.66163519716097	9.69152056435309	9.57790559156104	9.56998117558149	9.59716999600716	9.76220989746044	9.59541367669453	9.53043378556359
4.68344524183241	4.88180404987491	4.62684074418971	4.81203181248525	4.78192190477937	4.81273872976392	4.67690174829642	4.447616654953	4.74413080267014	4.53577110131793	4.65406995961908	4.70505172349364
4.9552232060519	5.04728519389076	5.08863299433038	4.91562626393847	5.04979620816415	5.06386286613831	4.89552802371798	4.96845814030676	4.87784141453492	5.0251017470841	4.96868978923686	5.10535698550217
5.12698290670452	4.99768047576322	5.36624938571987	4.91562626393847	5.20799219109388	5.05419562703088	4.97706871894705	4.90332644628598	4.87030652948198	5.12183980335711	5.39093930138544	5.35854879955888
7.07608113961099	7.11265621450214	6.99897260165704	6.92176208794589	6.95994187422625	7.01438030202403	6.96414242705922	6.99237426598646	7.0455125543773	6.67336498467513	7.04023894391557	7.02150622148377
4.65713244036084	4.97732600796321	4.97648815666112	4.77940681188841	4.82812472334733	4.92251380052148	4.63559137636078	4.72649408462992	4.86273250199343	4.67894703692577	4.6294289997108	4.76575274355565
9.45907189522821	9.40547387545546	9.44940103066346	9.36040774747898	9.52406851316175	9.47069518537763	9.39773588467268	9.47885131876334	9.37943888267008	9.18938278543593	9.42828049053404	9.43655655035265
5.06872519068874	5.1684532885853	5.23404259141058	5.09364861557769	5.11696595058894	5.0148927216293	4.95040058798555	4.79982170981352	4.76863553096819	5.01326541884257	5.04581444232026	5.14290555623202
7.8401722864811	7.75106159491106	7.73944469489871	7.71052721310654	7.63332628578014	7.55842940322728	7.61095341310313	7.75287531838741	7.5883054645811	7.60178589079095	7.89291762887827	7.72005253684248
4.79612087253176	4.9250801141314	5.07053134876899	4.70020725438082	4.93777000118342	4.61850112975083	4.90944435334443	4.76361912591446	4.7847461591195	5.11633183507358	5.02054698770509	4.65467198407853
4.85502879359008	4.790934479499	4.99578862066012	4.77940681188841	4.62111693226667	4.5386637582681	4.80906740423234	4.87813136818569	4.75234489207368	4.80184733196254	4.79392971853607	4.71738854488791
4.84344277022666	4.83712038972436	5.18436174328176	4.77940681188841	4.86186711250097	4.81273872976392	4.66873437182666	4.69801606324387	4.81644299469239	4.66374732089317	4.6783102357101	4.92378862650548
7.61229073223571	7.51546680084663	7.69951990350724	7.95094507769004	8.07184419560419	8.03647835611681	8.34651716054748	8.3464159069791	8.29536343511837	8.66561570764205	7.87236819889687	8.18359933699166
5.2454995992787	5.0569947851659	5.49427776653649	5.61081966250914	5.44448379955142	5.46713083824314	5.78391597931795	5.83197013331099	5.68730347574468	5.73081523041492	5.90314363740412	5.91117876614805
5.52957133106462	5.5814281108263	5.44581654927445	5.19549415404357	5.31863231616016	5.3201668026184	5.1799817831416	5.11958612564162	5.21217480608927	5.35417197117394	5.44940734941533	5.1885661964633
4.60298369178767	4.57522680179977	4.81212665382776	4.72329382947074	4.36553445006847	4.64419834525334	4.4947792762059	4.3535789281912	4.31643057201462	4.94630122895617	4.60437388668606	4.43446468473156
4.61671739966854	4.74314178426815	4.41451477808788	4.21936995525554	4.36553445006847	4.30237445117237	4.3590889149032	4.37766342769713	4.30534308882789	4.54412404038364	4.41610225660947	4.38934932764831
8.56008864996885	8.59505105608171	8.46086722257309	8.55961847655912	8.53140143992685	8.55857905383267	8.61757572130559	8.51358679932088	8.58301603762438	8.77792797148344	8.68563923103893	8.63745445292396
7.99718096996507	8.09709911378721	8.09833954038442	8.11771270037718	7.99655313636179	8.03380828347794	8.15052346813461	8.13144108841057	8.13548544156792	8.22803457150087	8.28467770236491	8.12288815503056
4.97655230943372	4.94621747638942	5.07053134876899	5.05799482410765	4.93777000118342	4.68193883375823	4.93006874790728	4.86108931373418	5.05457043859659	4.94005061091195	5.0332342483963	4.78936654005559
8.61383016581379	8.71490302705536	8.56961652090603	8.83255252672464	8.69845456111454	8.72776189885611	8.70499421901034	8.6965758842536	8.70775563150881	9.00101429168988	8.79338745236077	8.70039493280864
4.48800602640997	4.81422150219503	4.72242672493163	4.6285859116617	4.34997500381154	5.06386286613831	4.38926625462009	4.78183285114059	4.57856838994824	4.91476336566409	4.91496346536665	4.72962547189549
9.23276770267988	9.26497794951492	9.29386708683158	9.24015345614748	9.22680478700176	9.24315792968445	9.1240738434534	9.14775630924907	9.18107284673344	9.45723576249863	9.22869879785878	9.09092017538589
5.2454995992787	5.19496024801761	5.19276040473815	5.44266377961058	5.28544923903653	5.19305586674732	5.82105201218471	5.89233115053365	5.8542300051283	6.1941983884656	6.04105591496284	5.97665841870771
4.80810131839485	4.96703456323432	4.97648815666112	5.04893852575255	4.85070369210053	4.7897878946425	4.97706871894705	4.99215100453409	5.00720674203842	4.91476336566409	5.2003724527906	4.88029635219919
4.51764278194568	4.60243366009957	4.6634241818384	4.76836166082986	4.86186711250097	4.73082933796629	4.64394924664334	4.83514656827193	4.6059923397539	4.3667169680477	4.48153726813278	4.31102857835279
9.62116861221284	9.61317150480337	9.51166170101838	9.55772664419176	9.59323714388106	9.5531610433321	9.40557512129279	9.53504248642295	9.45003598566648	9.04426073768797	9.44245461560753	9.35427608780607
4.85502879359008	4.81422150219503	4.47056644728948	4.95502042823392	4.78192190477937	4.84652106157037	4.53130025034262	4.76361912591446	4.72756247650449	4.51040699088787	5.0332342483963	4.98676658180282
4.18878458283314	4.38389444595569	4.07860406414339	4.71179785101105	4.28607288645709	4.39538868277797	4.84572849965489	4.51436476997741	4.73587017426816	4.66374732089317	4.98834823850356	4.56225222581369
8.22632924856878	8.20201249395613	8.14766363713733	8.20151430606002	8.02658359994824	8.08245290260677	8.15844067511503	8.16555786802668	8.16416827504316	7.82025892020308	8.28325046995995	8.02147750661315
8.34239983603673	8.34352747112853	8.23846539121166	8.27049972938345	8.33682736243779	8.25115008804589	8.17698204708302	8.19193901797319	8.28378047836711	7.93612796720178	8.1418098022733	8.17364866908528
4.39515739801398	4.47552182189255	4.61443927589911	4.38887205552294	4.33425262845379	4.27004523741088	4.20919732255459	4.37766342769713	4.5221227468391	4.6713679436522	4.66219392595413	4.6157534669578
4.34633074989028	5.04728519389076	4.62684074418971	4.74600802416823	4.5679618901481	4.61850112975083	4.61022132128062	4.57818865358052	4.66804413043987	4.71623506599711	4.71785483910327	4.89128732594163
6.05925625897438	6.10732144694058	6.12980859461104	6.1002461727703	6.2039106339724	5.97503681620432	6.37135432051521	6.18932431140841	6.23468340726077	6.32513307952412	6.22518325404944	6.31495225343731
4.51764278194568	4.73092924654787	4.95692861830305	4.79036600759302	4.70983735231248	4.81273872976392	4.74061760198596	4.91162891345158	4.91494257705308	4.70885701063623	5.17761255828411	5.12424788433454
8.82694131807376	8.80441625536867	8.88117800111302	8.98765457951348	8.92421979103752	8.88361654985145	8.89565870174511	8.92329731877379	8.90420905064634	9.08238384486591	8.76420142118701	8.98602286191764
4.51764278194568	4.4304718368639	4.89662358240467	4.81203181248525	4.72209434386629	4.59235698381527	4.41882133659235	4.36567093987325	4.7192071698978	4.75254940516928	4.88735630355674	4.7538060234099
4.41106371292842	4.54747027297967	4.69911160787422	4.68852046912714	4.25307214865329	4.6054858925992	4.48550176360814	4.2915662058471	4.4432928997399	4.68648505090133	4.49065499767583	4.56225222581369
4.944436226892	4.81422150219503	5.29775388573827	4.86478140772762	5.01001975947401	5.02481520320283	4.90944435334443	4.76361912591446	4.95825260345155	4.69398242848559	4.96868978923686	5.1521487179413
5.21902181756761	5.20368346111368	5.30552544404637	5.42885730097569	5.23425769691147	5.42225435644806	5.23619960390612	5.4230300330694	5.30477716190137	5.49557723645357	5.50106034475008	5.55430742458302
9.46301072728006	9.4755373330944	9.39095018372691	9.47355311413186	9.37976596960156	9.40291529135788	9.3210435145604	9.31625681784369	9.38320499187698	9.05307647907184	9.39071644616014	9.23915650860542
4.42679229993502	4.77914126161934	4.85498750047155	4.84391806997255	4.92715883951241	4.5386637582681	4.61022132128062	4.37766342769713	4.82426069177501	4.92112841189447	4.75637750288316	4.52084546501699
4.17013935803763	4.26864955372463	4.3710141229909	4.55312592164478	4.36553445006847	4.66946365427378	4.29675862989795	4.18650600720903	3.95474097478086	4.00088478069974	3.88165837256079	4.17660649190291
2.37819335134025	3.05203361755671	3.12156874594175	3.21010894429283	2.91842506148492	2.77366751941561	2.92927846916729	2.67807559909005	2.25035254831039	2.86690787128241	2.96662406278457	1.53751111546831
4.84344277022666	4.64225967895935	4.86550858393099	5.23584790481202	4.85070369210053	4.77817972498722	4.83117638794116	4.77275444765847	4.87784141453492	4.70143960546071	5.03953761564441	4.83551523203611
4.48800602640997	4.58889757575866	4.41451477808788	4.31434410797242	4.28607288645709	4.75469095802951	4.36921878527827	4.20006032862809	4.29417064325584	4.02528470783869	4.17831831250711	4.12294692985054
4.13209126100553	3.9833735299683	4.06050241858201	4.16936767753781	3.85412598548926	4.11528865111043	3.80808445191282	4.02844113548573	4.12804025350582	3.69974582760242	3.61259638537199	3.70628580220382
9.20627037541077	9.13606539348688	9.16922038721508	9.17424454665986	9.20969379694924	9.20502229021889	9.13319316860395	9.10414854701752	9.13153612870765	8.81008117526047	9.19267392179629	9.05861107368032
8.23157988461561	8.23495670226993	8.13659931876434	8.3167652278306	8.21196661158916	8.33218320438854	8.31082444982044	8.1840747041849	8.31825689095643	8.24326630105407	8.38933428910184	8.32323518560363
4.53223041396077	4.57522680179977	4.51123412104664	4.93546109241039	4.5679618901481	4.80130711193226	5.04794642770959	5.00773488618914	4.87030652948198	4.98322623435729	5.21721719849223	5.05707005909462
8.14512485212575	8.34264251042343	8.19750457863987	8.31319098849848	8.2566846337067	8.14081425984437	8.19598601251289	8.14049692268946	8.21761478718828	8.59685690608271	8.08582034106735	8.07835930481552
4.84344277022666	4.70617359576206	4.73394586577854	4.66485185247453	4.83945664979442	4.64419834525334	4.4947792762059	4.66897033642813	4.58776713978489	4.5932147899247	4.45384463032542	4.53477415558238
5.55786763841896	5.29615208706997	5.43876005253644	5.28279390334854	5.40627631488397	5.45232036868446	5.1914031239879	5.30153643792402	5.25921104683186	4.95252387993575	4.96868978923686	5.13360551316968
5.10783031340753	5.1684532885853	5.20941388575908	5.23584790481202	5.53240001915143	5.42225435644806	5.39272266862724	5.24337478571556	5.4690083309269	5.92272030629248	5.16031165849365	5.5753460784411
4.65713244036084	4.58889757575866	4.77913285797928	4.45965326127707	4.5679618901481	4.64419834525334	4.50399712593065	4.48137289157249	4.59690821682974	4.64837964879807	4.65406995961908	4.70505172349364
5.05877678255433	5.01773778741475	5.09760018403687	4.76836166082986	4.94830669794866	5.11128795069215	5.11548387758636	5.01546476662704	5.04789767174232	5.16513544511247	4.88735630355674	5.19753507874237
8.97106168032543	8.89438984099535	9.02568280851576	8.86375985486541	8.88811048057614	8.87294975040336	8.71768331720063	8.78157132202875	8.76163324447991	8.90484452101583	8.84863416813546	8.79014789991673
8.99868245968654	9.0646778329759	9.05849647967181	9.27808685846018	9.03798422456658	9.04881727201524	9.02287946779152	8.98728699277378	9.07435244609263	9.42448150791038	9.04390377584605	8.99256981321824
4.56095985790072	4.21613737411873	4.52454164484831	4.73469672206326	4.18481161567765	4.39538868277797	4.24266274985003	4.2788405437766	4.14055532616599	4.45824737134256	4.14430746547825	4.62883798357165
5.2010891687894	4.60243366009957	4.76796679775653	4.59136128953143	4.6341167808092	4.83534442643807	4.91635217727946	4.83514656827193	4.76051296392825	4.75969985883195	4.86631015447033	4.85807165418585
9.19785364545083	9.18822970590593	9.14718346470532	9.27130663572909	9.11782224053798	9.14179069083604	9.06200375587317	9.07876652827326	9.07012023118262	8.96299335982101	8.92250746958515	9.06899772781923
4.47295033324605	4.51914140445241	4.41451477808788	4.72329382947074	4.68501904962111	4.39538868277797	4.65225866523179	4.69801606324387	4.70235152537222	4.90194520880869	4.80132796763174	4.91303233747947
4.31281264515714	4.47552182189255	4.6513314673849	4.89550807120363	4.91647215292365	4.52493534778113	4.98365894063569	5.07587047541323	5.26498529997418	5.83007516628291	5.59062145554716	5.52579238563216
8.55509977094172	8.62996414142854	8.51668402771476	8.64909586518496	8.51587216766591	8.53003546524807	8.49867048754768	8.5344025682677	8.48318552970065	8.39125334629784	8.60673362234291	8.37763059781216
4.50290239708012	4.31922832467366	4.71081579713444	4.61628671085549	4.67245434761901	4.69431133570426	4.3590889149032	4.15901313411324	4.55999492841953	4.39481408878745	4.09771791960454	4.32702081465937
4.60298369178767	4.71860717787944	4.73394586577854	5.10242278440348	4.60800354649189	4.9118900778565	4.87439686913843	4.79982170981352	4.74413080267014	4.86937322418106	5.34040076212138	5.10535698550217
10.6079957550877	10.5910547768416	10.5849221947553	10.5698049969424	10.725397242188	10.7279395652138	10.6986705164124	10.6685848861023	10.7259767887946	10.2976118773711	10.7371843500263	10.7363919453352
10.1255603613396	10.1696552921983	10.2634343180252	10.0466408854442	10.2507429314122	10.2479154618725	10.130724218434	10.07204609623	10.1522662612298	10.0003788267408	10.3212072116924	10.2384378483007
4.27847694557477	4.64225967895935	4.62684074418971	4.21936995525554	4.59477462279029	4.39538868277797	4.37927756825817	4.37766342769713	4.38124110905392	4.44041686847497	4.50872484477481	4.24531160603316
4.63031841264503	4.51914140445241	4.21585025763897	4.43176622047894	4.80520102422245	4.82408407041241	4.10384104772298	4.47020748026841	4.4832405222583	3.87201856951534	3.34407435984311	4.40453792010273
4.27847694557477	4.50475487041108	4.21585025763897	4.35953246220729	4.18481161567765	4.45434723945418	4.0544095736535	4.11677600156144	3.95474097478086	4.18505562045016	4.21157048965626	4.17660649190291
9.12864430905174	9.09470400313504	9.1973790166619	9.1610764030583	9.2352877085897	9.17279969374887	9.29756883160587	9.23720801669529	9.23201916422699	9.45577462402722	9.44015636409367	9.2882924564081
2.44367929320998	2.67059497286664	2.77015614400102	2.82715841431233	2.65276835780497	2.63480727969918	2.75354389387379	2.98779442203531	2.0026402601953	2.33054385244786	2.83461360523029	2.8179918950673
5.13646236267541	5.17734588563133	5.33620370829567	5.24378172602717	5.32681475127259	4.857615211559	4.95711428031707	5.03080258241217	5.1449177367122	5.15979662790841	5.42532372168605	5.11483195213995
7.52501596691805	7.57245705875547	7.56781552747991	7.57822697438949	7.55769654474948	7.41625386490707	7.65547482512901	7.50431523858091	7.52610091607502	7.62651523820595	7.61536024336182	7.35176192500475
4.81998066224389	4.69362646337832	4.76796679775653	4.80124057545945	5.0300396977654	4.89041470547463	4.57568059709132	4.60908194606152	4.87784141453492	4.98322623435729	4.2224917409425	4.97645082687943
5.03866652779422	4.94621747638942	4.80121151868017	5.02141485730604	4.77014558458966	5.23663139605924	5.38280310867618	5.28240602248503	5.28217210424697	6.00375838308096	5.44462164985386	5.56836568622307
9.57188236896537	9.48018675021228	9.51382142236933	9.3359531424655	9.44736781727284	9.41842112491151	9.29789301360256	9.36381325154473	9.29692864355074	9.28763512447871	9.16882150680623	9.33934718299355
5.22790319650521	5.35969642715299	5.27418738185565	5.29810111428571	5.20799219109388	5.24519694915147	5.37781746645913	5.43464028609432	5.51826967246418	5.25788715269988	5.50566852193765	5.29283182723925
7.7188189443411	7.75514047404897	7.72478497639779	7.73501912679569	7.5650657528045	7.71001434233537	7.84253551316001	7.76577509640331	7.84630155905865	8.32253334618296	7.80994467103096	7.7681381233181
9.84295612485406	9.79078080510974	9.76059611159322	9.82130408866868	9.87182015666236	9.8340292823625	9.80956175193035	9.79241344744688	9.80588933259909	9.63391099926096	9.7544912077459	9.79985333184411
9.22554345130773	9.11805987473772	9.12593511364664	8.95400304900789	9.13018546940024	9.14689727918786	9.03927887552043	9.00734345597215	9.02798114143329	8.90809945464667	8.8900731631695	9.05861107368032
4.7718496869251	4.77914126161934	4.99578862066012	4.77940681188841	4.67245434761901	5.0148927216293	4.80906740423234	4.74517484108575	4.65058287966975	4.73813725367087	5.35064646659723	4.80103649942255
4.70927521226096	4.75524672113886	4.81212665382776	4.85438837501408	4.87294814528431	4.73082933796629	4.70911368124676	4.70757071417107	4.73587017426816	4.78793961432632	4.55296382203435	4.64181018535299
4.36279519362671	4.71860717787944	3.86592531660206	4.68852046912714	4.31836387566474	4.09706720982388	4.96379667326999	4.85249295224978	4.92952266868206	5.07715290132783	5.54651338196199	5.28441257299393
9.69719647704247	9.63925572291675	9.70677903350492	9.59925589460852	9.62805820036034	9.65833289869938	9.55234983987241	9.58714129340018	9.47881849609155	9.42023871898425	9.56339204558243	9.57995467177695
4.17013935803763	4.56141863082619	4.60193135593526	4.34463021160098	4.3961778223795	4.42515699217144	4.28610154963616	4.42467005401741	4.67669695709916	4.80184733196254	4.30709566931552	4.50678720337694
4.65713244036084	4.44565322279153	4.94704950433578	4.44577876933455	4.28607288645709	4.61850112975083	4.4947792762059	4.30418168764267	4.56931123495955	4.70143960546071	4.57029825145523	4.71738854488791
4.80810131839485	4.76724593668697	4.53772873691895	4.66485185247453	4.69747947903544	4.80130711193226	4.72495219259118	4.42467005401741	4.55061870952871	4.50184843973223	4.39686658155312	4.83551523203611
9.42086769663112	9.36947439810427	9.33103532521378	9.24708496911222	9.30552071288035	9.32005538571413	9.1754701001633	9.19972897275378	9.14850386649175	8.89247889407488	9.21958339131862	9.2587595687528
4.13209126100553	4.31922832467366	3.98575969047314	4.32956857561271	4.20216987984137	4.02188902006662	4.12793187853948	4.02844113548573	4.26013025629288	3.66883877402577	3.85405121075087	3.79931530517267
5.36287538089584	5.35191226215349	5.50107108293717	5.67633145316886	5.73822134385094	5.58063760433979	5.88556458130374	5.7222948788346	5.86190369133039	5.65798392177634	5.54651338196199	5.58229437678846
5.09815540321299	5.28799834535078	5.15887134874819	5.12842197592129	5.21679851033956	5.18418710650702	4.90944435334443	5.14801783836091	5.13864677215134	4.82245156324365	4.71785483910327	4.95560563807038
9.83089297554708	9.8067316150509	9.83966854697177	9.73207245539579	9.81623352661865	9.741684455139	9.64687473302223	9.71238981848731	9.62871443102981	9.70209302015405	9.48800912406621	9.68726827333849
5.08841353809004	5.15950275890249	4.97648815666112	4.98385931059642	5.06929613324555	5.22801675643497	5.02257637262943	5.07587047541323	5.06782504817992	5.30686264189289	5.27740219935587	5.12424788433454
9.51954877765189	9.38697125700887	9.64617575425993	9.46093713241307	9.51054840365518	9.57104846085531	9.59934105539135	9.61168634213067	9.58292815370499	10.0327746584863	9.55246189706679	9.51664162961419
5.6786010695519	5.85592838171859	5.76108454708484	5.67633145316886	5.64214551880295	5.47448171108389	5.89255664732615	5.69353580618464	5.83876039567834	5.88512990518522	5.97201242514978	5.75257194469972
4.65713244036084	4.56141863082619	4.18273147455117	4.28339232267659	4.55437380530923	4.70658283650802	4.53130025034262	4.60908194606152	4.33835575229007	4.22752487983248	3.92213355021915	4.32702081465937
4.944436226892	4.80262732835007	4.92708804521147	4.98385931059642	4.70983735231248	4.76648121847303	5.19707984702075	5.03841136756264	5.24174979606174	5.09967582553222	5.33008415255227	5.1885661964633
3.78381628657551	4.10467887069933	3.82368572928499	3.78110499663033	3.74118003996387	3.7478140485708	3.71557682719067	3.68804583116696	3.95474097478086	3.91194744136164	4.109502519576	3.50105542051179
4.20718607221257	4.06542187294819	4.04217307339851	3.75857252327522	4.31836387566474	4.11528865111043	3.8521916455988	4.18650600720903	4.20156828744375	3.988522386645	3.97444572935111	4.27852727778894
7.37727765453845	7.39739037217092	7.54299101348524	7.38283892897473	7.4485548634726	7.44815427685703	7.65445499535117	7.49450322139935	7.56350297318332	7.90526989871482	7.6086401231924	7.56026452336917
9.38898714530852	9.44373536537645	9.38765928182769	9.48138109171368	9.41448365799522	9.35763159454965	9.51048858519095	9.42115587082298	9.4800988448129	9.52191182051487	9.5088634516045	9.38984989187941
4.81998066224389	4.66818311685087	4.55079755751283	4.47339239016465	4.67245434761901	4.38028051037636	4.86013435651494	4.71706311937363	4.68529873433659	4.94630122895617	5.21721719849223	4.31102857835279
4.50290239708012	3.87340273806098	3.75793786756954	4.26765752723913	4.33425262845379	4.48298144807681	4.13982713927513	4.2788405437766	4.16526773155473	3.50307613104154	2.91521399813287	3.86551211627338
4.32967145614426	4.33568243088422	4.21585025763897	4.25174493374059	4.33425262845379	4.27004523741088	4.11593707471602	4.11677600156144	4.08983727282863	4.13007770427131	4.14430746547825	4.27852727778894
4.22535011638739	4.54747027297967	3.98575969047314	4.09981035252197	4.38093430944877	4.30237445117237	4.32826255063715	4.30418168764267	4.18956824428935	3.95076187237334	3.67672429980751	4.31102857835279
5.62621571728031	6.00931069963246	5.83298956499069	6.16340696198101	6.134062080619	6.230601873092	6.99032344153429	7.04883462580167	7.03013810246619	7.76137770405331	7.27402442822302	7.31916715552116
5.69139837488902	5.73145717608591	5.78916178816627	5.65286008415868	5.84015685826613	5.67978895243237	5.7496505063426	5.78272467973538	5.83096360162885	5.75543109733752	6.11317747637961	5.72759200029264
4.48800602640997	4.12389458878876	4.42873112234946	4.34463021160098	4.36553445006847	4.41034652261277	4.01618408987127	4.21348972364889	4.24860452818633	4.43141515307634	4.13279587056809	4.24531160603316
8.89333213807085	8.87770016048323	8.82894918145857	8.7750907522315	8.86122229236951	8.858351240831	8.96068007824248	8.92329731877379	8.86424823591287	8.35247844882292	9.002177600908	8.88191344099539
4.05276357642049	4.19817762233594	4.27991172649013	4.31434410797242	4.14948120614625	4.05994802758965	4.38926625462009	4.14506968756294	4.11541682389023	4.25854683902936	4.76396400339444	4.40453792010273
4.61671739966854	4.61583768297576	4.94704950433578	4.84391806997255	4.65978361312315	4.80130711193226	4.70911368124676	4.78183285114059	4.84746537806741	4.8360200628061	4.98182418374459	4.66742524312448
4.48800602640997	4.85964386869964	4.61443927589911	4.6285859116617	4.58142810711407	4.74280749297919	4.54921761729768	4.76361912591446	4.56931123495955	5.27768478485408	4.54422042962066	4.72962547189549
4.73463975240189	5.037506494623	4.95692861830305	4.88534016030991	4.92715883951241	5.17526571236674	4.771443966252	4.69801606324387	4.72756247650449	4.71623506599711	4.65406995961908	4.82410950070171
8.83992814674625	8.97212970228471	8.79541756812624	9.12735614103526	8.7962750386896	8.83265402532849	8.85694598862582	8.81092686018085	8.91084278265531	9.1619660124236	9.00921357447952	8.82379650219995
8.01073436377838	8.15918353685524	7.95591811837781	8.24349775392415	8.09268023685167	8.0444602359342	8.1952866367038	8.18757519606733	8.25367219238476	7.72549051190056	8.24345634426228	8.13573901672057
4.65713244036084	4.77914126161934	5.0336391572832	4.87509830032377	4.55437380530923	4.70658283650802	4.74838656784673	4.54662614053163	5.02769415660052	4.73087478195217	5.59062145554716	4.7538060234099
7.40583226224988	7.34716383848754	7.31195575539602	7.4750237960704	7.29828223997056	7.32700782430327	7.59189798293446	7.50571157701577	7.67910504178609	7.470063723811	7.39798782556238	7.52617468180853
3.96869717449001	3.96207230564949	4.06050241858201	4.20289901262887	4.31836387566474	4.0786221869945	3.79307519757289	3.95050389348498	4.07687721404788	4.29886155084867	4.07386550461448	4.31102857835279
4.75955533897751	4.82571865252755	4.38565910785822	4.61628671085549	4.44100124431648	4.65688407876858	4.64394924664334	4.61923584809536	4.59690821682974	4.57704297778188	4.58743343014796	4.66742524312448
9.12475948212541	9.1310874842472	9.08654219664274	9.19735480135062	9.21521505266818	9.19147385315373	9.19545382349613	9.14458726859739	9.22097800599916	8.91638317303721	9.20580491356714	9.0956736125102
4.83176059619265	4.99768047576322	5.01483678377913	4.99334250832409	4.81670662172718	4.94353862576961	4.67690174829642	4.77275444765847	4.7847461591195	4.98928620112944	4.98834823850356	4.95560563807038
9.24149045563672	9.30510121956261	9.22395093693138	9.36295738524402	9.40263977843961	9.28500763711364	9.4682316455873	9.42564725597265	9.42267198244354	9.58992211940835	9.2508733914752	9.48762801145326
7.76774846022707	7.85715145485316	7.79384415718966	7.79961091380285	7.71700021723679	7.79695026342717	7.74632485779704	7.64153775917563	7.69769243204704	7.87219080007108	7.77822551412769	7.61723031804671
9.36623322727115	9.34792421806522	9.3524074430224	9.47276791782443	9.34815484145476	9.3774404529315	9.34821423765041	9.35246187316317	9.3691179546303	9.18257909559409	9.3849311061145	9.24837711212282
4.18878458283314	4.23386538069608	4.32617477810868	4.08187062531961	4.26966318074758	4.00249197028936	4.20919732255459	4.32908962828114	4.06380092000476	4.21702852681146	4.24409710655001	4.43446468473156
8.12943383417911	8.14800941543129	8.00414431491747	8.0844290349211	8.11450622456282	8.08115867049889	8.07190195504691	8.10022333002196	8.05866579334324	8.08353085299549	8.08337315452636	8.1151248559636
8.8419677905111	8.90560060858631	8.84952124637366	8.88060370673747	8.87894581452035	8.7741980389275	8.69959175326405	8.753984308607	8.78501157025784	8.91853605299309	8.62954576041888	8.7893177695864
9.73480537217517	9.75578301508443	9.74815415584819	9.59566158550855	9.81705400375777	9.77687709090217	9.67131278998383	9.76098877730449	9.66833402940653	9.65687118119581	9.49910455958416	9.76890510571754
4.9552232060519	4.790934479499	4.77913285797928	4.79036600759302	4.85070369210053	4.84652106157037	5.21397635731771	5.11239065894352	5.10044379147415	4.80874938173043	5.12509559254106	5.1521487179413
9.75092623168686	9.79263076245455	9.60175513105111	9.79624725787867	9.78429932169327	9.80798422586668	9.79198816291289	9.73008488198594	9.77223976312543	9.42123818735194	9.7314283272819	9.70050293881258
4.17013935803763	4.71860717787944	4.40015836906638	4.6285859116617	4.47015697841287	4.55226792804253	4.31783799056279	4.48137289157249	4.5221227468391	4.46707762433229	4.86631015447033	4.58923958990274
4.97655230943372	4.790934479499	5.15027448765483	5.29810111428571	4.96916082661877	4.97453457957632	4.83117638794116	5.00773488618914	4.7847461591195	5.08845995689223	5.28808858298942	5.09582223949972
5.16452363523514	5.28799834535078	5.22587918782595	5.18728276319297	5.26007162431515	5.0148927216293	5.28497684819563	5.30785783198327	5.23588259694593	5.23273709711169	5.40577269872737	5.42152675485621
5.0786037848577	4.89275152968713	5.16741778807892	4.95502042823392	5.1631687691569	5.15726249718212	5.04164588704946	5.08324810659395	4.97240802544591	5.04847641787453	4.7333835642388	4.93446889871961
8.99198059339742	8.87169008332634	8.98344322119868	8.87701123147066	8.82989151286751	8.88133717033897	8.72640273322748	8.79430709599758	8.78758617275052	8.54343040956021	8.78729033084253	8.67821589915589
9.23328230472988	9.20628885730149	9.16703163167215	9.1172827823405	9.19611129939252	9.2007246546582	9.15591979384275	9.10740667114039	9.13356648276469	9.3032203322836	9.15416547460273	8.97798232323501
5.12698290670452	4.90361246725202	5.1329270955285	5.15394985695117	4.89486785030477	4.98472614743008	4.95711428031707	4.87813136818569	5.02089695541889	5.12732604389865	5.08902744284756	4.96606417274052
4.68344524183241	4.61583768297576	5.0522020035855	4.81203181248525	4.89486785030477	4.34960086388285	4.70112830854745	4.598856787992	4.5411818027146	4.25854683902936	4.7333835642388	4.66742524312448
4.70927521226096	4.51914140445241	4.38565910785822	4.50047494677016	4.62111693226667	4.25361610666376	4.38926625462009	4.08792200828703	4.16526773155473	4.44936069462829	4.03735566022307	4.10462849673522
4.27847694557477	4.46066868861183	4.27991172649013	4.84391806997255	4.45564987882135	4.82408407041241	4.76379930443909	4.22679647408014	4.7847461591195	5.04847641787453	5.05828936142104	4.89128732594163
4.68344524183241	4.28571687192803	4.81212665382776	4.31434410797242	4.45564987882135	4.20322310307978	4.20919732255459	4.47020748026841	4.37063744767775	4.52736769101513	4.46313278581227	4.66742524312448
4.90044221228862	4.84842828439887	4.93710295562158	4.70020725438082	4.77014558458966	4.65688407876858	4.39918581457115	4.56774359777504	4.82426069177501	4.60123072089818	4.85922822127918	4.92378862650548
8.4990224727726	8.51231119665475	8.30625267065502	8.65402104971369	8.50018060092051	8.57451637711048	8.7108646873893	8.6258545285208	8.68585515195275	8.5254726722624	8.83439675385382	8.81402544082306
4.37906929270838	4.44565322279153	4.47056644728948	4.82274098607808	4.36553445006847	4.41034652261277	4.40903719831386	4.54662614053163	4.39176820903051	4.57704297778188	4.57029825145523	4.60255467364319
10.3052157817434	10.2856832343701	10.3578483984446	10.2519546082141	10.3474153402302	10.3255275218567	10.1316304400563	10.2011648134175	10.1778668665013	10.2301620837359	10.1860766971499	10.2304595158208
4.41106371292842	4.41512082300257	4.32617477810868	4.61628671085549	4.21932975949966	4.42515699217144	4.32826255063715	4.15901313411324	4.41259709202146	4.40405505417356	4.27592915157821	4.50678720337694
9.7340845867564	9.68332739900201	9.71017788785363	9.6596839529296	9.69002098091652	9.66917695294143	9.51662364421272	9.56930409422857	9.5649279619563	9.67696680124827	9.3862943838804	9.67437905040294
4.68344524183241	4.75524672113886	4.71081579713444	4.56598673742988	4.74631217739259	4.74280749297919	4.59305500002903	4.67871672089666	4.75234489207368	4.51040699088787	4.37737945264897	4.38934932764831
4.31281264515714	4.51914140445241	4.58931514094488	4.47339239016465	4.49875733128332	4.45434723945418	4.13982713927513	4.42467005401741	4.38124110905392	4.52736769101513	3.97444572935111	4.17660649190291
4.58911467426167	4.80262732835007	5.0336391572832	4.85438837501408	4.68501904962111	4.75469095802951	4.8016213059689	4.61923584809536	4.53168341724675	4.69398242848559	4.68630352099022	4.6157534669578
9.78645018628712	9.71237781511391	9.67929896596587	9.6416869087472	9.70821012290669	9.71047398110353	9.64076335467291	9.63355844454992	9.64280424655406	9.35394465562567	9.54359839994376	9.6226509934293
5.55084670669727	5.44982062849005	5.20941388575908	5.30569277440075	5.46695015078145	5.53907042602861	5.34753386061235	5.32041893602714	5.37056262175382	5.37265410594472	5.3658841883607	5.20645104695382
9.12698069582825	9.18966409070351	9.28934251063858	9.06107938710248	9.1353607373493	9.18465356696265	8.96763522297751	8.96387550900512	8.99889954784006	9.33148058247914	8.96513580203121	9.00197672842165
5.31376479948874	5.18618129516265	4.77913285797928	5.04893852575255	5.04979620816415	5.12059603306619	5.23619960390612	5.2234599557258	5.10688087483424	5.46584993302298	5.43017167435898	5.14290555623202
9.03112754516496	9.03398076097301	9.15603826584627	9.01835333281854	9.26756584211384	9.34762841197828	9.47282947051537	9.43718632519524	9.48807565108024	9.55292865465499	9.40188312109348	9.68175777597192
9.63051174756537	9.65194378352675	9.53269019810307	9.60355699097581	9.65799194847697	9.64649621942894	9.68647035729325	9.55740395420889	9.6433764588898	9.21104980321438	9.6794539326059	9.63835616501313
5.05877678255433	4.96703456323432	5.00534382689077	4.95502042823392	4.81670662172718	4.7897878946425	4.67690174829642	4.74517484108575	4.5411818027146	4.6713679436522	4.90810945727848	4.98676658180282
4.34633074989028	4.54747027297967	4.42873112234946	4.18623314308087	4.55437380530923	4.57911240033618	4.17493184957924	4.22679647408014	4.34919592871466	4.38551131046443	4.25478349018356	4.2948652988421
3.96869717449001	4.25136754664711	4.21585025763897	4.55312592164478	4.20216987984137	3.92229959809641	4.36921878527827	4.57818865358052	4.62399253150259	4.88249370048937	4.98834823850356	4.56225222581369
4.45773187267812	4.53337885255716	4.42873112234946	4.45965326127707	4.3961778223795	4.00249197028936	3.9365318938512	4.18650600720903	4.4634035222046	4.0131382535676	4.41610225660947	4.38934932764831
9.28331869603034	9.3037824850696	9.17522256795999	9.35016278293076	9.24071581578498	9.34316109665351	9.24943364583843	9.30168185729835	9.27499796665786	8.94235284759183	9.20041203485285	9.22987930188819
9.04589886529829	8.96370600056106	8.9621703801991	8.79493008774375	8.94342236526593	8.89118961624822	8.80760733291401	8.87829571263075	8.8291736025989	8.74906966446621	8.79338745236077	8.81239077086556
8.55009314838338	8.65839560499353	8.55134984179458	8.59667981391434	8.60580761762	8.66674707302504	8.72495317568717	8.72646886202478	8.75322978022057	8.32143219001001	8.67963146124291	8.83672708143482
9.29074717707947	9.22876627393569	9.22815783621932	9.22384600049438	9.14180483791571	9.19764737517935	9.05932634486226	9.11944488870305	9.09032374632442	8.80464396017176	9.19538683270537	9.07656949246835
8.00089031043049	8.02762958307729	8.10856529272637	8.20248250791383	8.19273210512738	8.21605315143291	8.55691178329297	8.54538390367631	8.57648989564371	8.33185813873893	8.60328149235613	8.54273346716091
8.96173299216234	8.94841194896875	8.96153998272929	8.89073289878685	8.7962750386896	8.82161805179454	8.7384257083679	8.78795312378865	8.66418069772093	8.68016085587711	8.81052842596598	8.78099128996455
8.99807451586707	8.99379263599614	8.91606996753698	8.93629616970518	9.00030587715953	8.99691624238893	9.08249166883738	9.00584876029114	9.05649399169535	8.84074967649111	9.13735239262883	9.0376211219775
4.36279519362671	4.16153807907653	3.92707402543459	4.20289901262887	4.5679618901481	4.38028051037636	4.01618408987127	4.21348972364889	4.2252760783004	3.78854791187852	3.15617989463459	3.9080854168643
9.76932772106629	9.74752942334336	9.68660113365267	9.73141897531868	9.73919642593004	9.74596844350562	9.62097823399874	9.66052432539341	9.66664588138381	9.41397571563324	9.56581012256535	9.58486771975934
5.10783031340753	5.01773778741475	4.81212665382776	4.91562626393847	5.03995044745971	5.19305586674732	4.86013435651494	4.93625618779905	5.1449177367122	4.60123072089818	4.7333835642388	4.98676658180282
9.8700534167428	9.86553467812866	9.89652748026448	9.85583064551371	9.95863024546354	9.89684668079889	9.81544736316874	9.82032714151892	9.8193882222258	9.77737349379801	9.86226567771027	9.87334443366377
4.75955533897751	4.77914126161934	4.72242672493163	4.6285859116617	4.65978361312315	4.73082933796629	4.89552802371798	4.86963525638623	4.51249896923935	4.55242711085929	4.71785483910327	4.84683552637875
4.45773187267812	4.60243366009957	4.44281010848031	4.6528666776571	4.67245434761901	4.39538868277797	4.38926625462009	4.41305980099249	4.21347036996971	4.52736769101513	4.27592915157821	4.60255467364319
4.27847694557477	4.47552182189255	4.35622045553288	4.71179785101105	4.45564987882135	4.42515699217144	4.41882133659235	4.30418168764267	4.17746861457621	4.79491085786391	4.45384463032542	4.53477415558238
4.45773187267812	4.50475487041108	4.74537465949278	4.45965326127707	4.47015697841287	4.20322310307978	4.44777930516614	4.54662614053163	4.30534308882789	4.3380404845944	4.47236342913178	4.6157534669578
4.54666842660047	4.54747027297967	4.48424883634951	4.6285859116617	4.62111693226667	4.42515699217144	4.26454669694761	4.56774359777504	4.41259709202146	4.86937322418106	4.59592772169497	4.53477415558238
5.34669481318473	5.15950275890249	5.31325577373452	5.37223662779694	5.35109786482009	5.08301281301366	4.80906740423234	4.99215100453409	4.89279536113984	5.25788715269988	4.76396400339444	5.30120443717744
4.2957494799718	4.56141863082619	4.11414640492706	4.55312592164478	4.58142810711407	4.5657500856826	4.6187279972412	4.3166888807053	4.41259709202146	4.10746321943791	3.94851909093873	3.96977774704934
9.19574157619925	9.12408797119645	9.19415757748234	9.16254562545644	9.09345034956136	9.1583240694317	9.06353146259097	9.06781994141571	9.04619008299555	9.2142419510762	9.0524516440659	9.14042998810515
9.60940180734873	9.6107115194601	9.43989627936708	9.51988128999179	9.53450062648317	9.51474036122857	9.4217208942993	9.41213135240383	9.42034051899089	9.1070220757712	9.38185916519962	9.31959956313
4.56095985790072	4.50475487041108	4.49780394552749	4.64077862454464	4.68501904962111	4.51108040638206	4.32826255063715	4.52519812133356	4.53168341724675	4.08447492458378	4.03735566022307	4.21134945254901
8.91284761549226	8.64992777265862	8.8590230463213	8.59008035072081	8.67932725624283	8.72438949026175	8.65917026665459	8.65277888452567	8.67478030179663	8.85132585045363	8.65201407018487	8.78349405437045
7.07369723744583	7.07975995549185	6.91668144277864	7.32989098034514	7.0583907804501	7.06103664871575	7.27471234108812	7.3651613444534	7.37153474609925	7.15310551644925	7.22547099811921	7.10476319566698
8.27898840536246	8.40070942869326	8.3297874551175	8.54299731263615	8.2438763323843	8.33108714127001	8.40872689799853	8.40178388303154	8.36436892920331	8.35247844882292	8.42416480851926	8.1786321929034
8.19225329986217	8.12330939832156	8.25084052910412	8.04168676947887	8.07577304161532	8.02845386819822	8.03951673179929	8.15039376191008	8.01125408660964	7.8607315742375	8.05950757175622	8.06902644268985
4.37906929270838	4.56141863082619	4.55079755751283	4.85438837501408	4.44100124431648	4.69431133570426	4.55809300597857	4.3166888807053	4.57856838994824	4.48457169366025	4.60437388668606	4.38934932764831
4.42679229993502	4.10467887069933	4.51123412104664	4.35953246220729	4.26966318074758	3.96293046339041	4.10384104772298	4.08792200828703	3.8521259833479	4.09601656902852	4.13279587056809	4.34284558991769
5.49338183434768	5.40549738320179	5.25826193668735	5.23584790481202	5.19022307096175	5.26218301124196	5.26890149437012	5.24337478571556	5.22999169191073	5.19674499153081	5.16610096337396	5.23288762012752
9.81702728997106	9.75546648439597	9.81003266079005	9.76628001523661	9.7348706576622	9.79520456148197	9.64611223418753	9.67382240116025	9.67142389996673	9.77388884788701	9.53622302740753	9.6794557919345
6.98761052949786	7.1384176213828	7.01584648103409	7.52444113108361	7.52219023630418	7.49668174761036	8.12062251187949	8.04441146742383	8.05015936890622	8.41720111712619	7.89847320350604	8.10862483635876
4.20718607221257	4.02501009349664	4.62684074418971	4.6285859116617	4.18481161567765	4.25361610666376	4.25364648706225	4.25305086087505	4.15296388627816	4.35722368768018	4.32751714117292	4.0290501372003
7.03008188966171	7.14054275938913	7.20020205012174	7.64593016722785	7.31139562574534	7.4302936647651	8.13674443809232	8.05402284162288	8.09303236143304	8.44216872246801	8.45820007496141	8.23957804136006
6.22995505037878	6.33510366579703	6.28421631204263	6.63193968705532	6.12449852518316	6.21275892769808	6.25162040505978	6.33662934485912	6.21679364891586	6.33665559923548	6.15244960306008	6.34454415162817
4.67035032049973	4.64225967895935	4.81212665382776	5.46987717794626	4.79360657952533	4.87956086409501	6.01611322668552	5.91745382539185	5.95456491924331	6.36167403662251	6.29181978352056	5.80132624461599
5.00795198804531	4.98754093566682	4.91700382691158	5.13698278976737	4.95876996765922	4.94353862576961	4.83847091102418	4.90332644628598	4.80858315348661	4.95252387993575	4.74875219657387	5.04722473288425
9.35919356986599	9.42695102027955	9.32318526593891	9.55513624882565	9.45626003736274	9.45727782441423	9.48653511143824	9.5346957692184	9.60041425083825	9.29038203466221	9.58382174884288	9.4723812950309
4.34633074989028	4.23386538069608	3.82368572928499	4.20289901262887	4.49875733128332	4.48298144807681	4.31783799056279	4.37766342769713	4.42290100072126	3.74485551734548	3.79725408850748	4.14104597525722
4.2957494799718	4.17997998613612	3.94689968811607	3.90921596152186	4.26966318074758	4.20322310307978	4.34888694520001	3.85111908165727	4.08983727282863	3.74485551734548	3.76802287482588	3.77658927949562
4.36279519362671	4.4304718368639	4.42873112234946	5.13698278976737	4.64700504129272	4.71875497184256	5.42691030236217	5.2234599557258	5.46398940337964	5.26782119617789	5.26122760162378	4.92378862650548
6.10272195910652	6.34271532763262	6.15598589252392	6.29312827529376	5.97851186599892	6.09616947310257	6.21031003312414	6.01770511826605	6.17417692356921	6.26604347117591	6.30802368363662	6.08979813386859
8.39936083237842	8.50131364207315	8.34911351729881	8.4058097363183	8.26708348877399	8.21723634748019	8.33514114295907	8.23909779581507	8.25737739644424	8.20546836907187	8.25441506158447	8.09947758353087
4.97655230943372	4.9250801141314	4.88632556266228	5.33565666099533	5.19913391686187	5.20187261049941	5.39272266862724	5.26302109295196	5.53272926548463	5.29235023013609	5.40577269872737	5.13360551316968
4.17013935803763	4.08519058015643	4.44281010848031	3.75857252327522	4.36553445006847	4.31828201231946	4.17493184957924	4.13099151963625	4.4832405222583	3.9760491176212	3.82592312847332	3.88694867751353
7.90509186588409	8.06605522042974	7.74961944556661	7.93230792176056	7.7252819432923	7.75088827148369	7.99516581318161	7.89848044686912	7.89929043393267	7.90601262779724	8.40059524034403	8.14212369976315
4.73463975240189	4.91438822011606	4.99578862066012	4.6038791456507	4.85070369210053	4.93306297013262	4.86013435651494	4.56774359777504	4.67669695709916	4.64837964879807	4.36753952165467	4.69261336333303
10.092137627596	10.0185630239662	10.0948339952168	9.99176361760248	10.0825111731786	10.0992697107859	9.9778086964602	10.0346394456381	9.96911950517404	10.0217893891737	9.81830255859789	10.0720507000661
9.21150539033995	9.25544481019585	9.08885515542795	9.21066269219834	9.25151351165618	9.28849141735296	9.24506821690488	9.2101646774893	9.20599647950579	8.74338811514855	9.19073310114315	9.16394173295782
4.70927521226096	4.44565322279153	4.79021400437499	4.47339239016465	4.31836387566474	4.63140464675076	4.53130025034262	4.53595152102872	4.51249896923935	4.66374732089317	4.6127724673966	4.35850637491724
6.25151280541254	6.2321118387548	6.42021622944034	6.5592396981749	6.29225806354872	6.43354855602624	6.89131525831309	6.76974831087669	6.91772304251093	6.70893623760725	6.97300120565886	6.99995502235123
4.63031841264503	4.06542187294819	4.44281010848031	4.29895324941318	4.30230518646815	4.28629675245501	4.31783799056279	4.48137289157249	4.28291192311868	4.19579513461766	4.54422042962066	4.0290501372003
4.57510765429526	4.57522680179977	3.88659465221769	4.38887205552294	4.45564987882135	4.15108202067563	4.40903719831386	4.30418168764267	4.41259709202146	4.46707762433229	4.06179463596559	4.35850637491724
8.58558657796348	8.63211703000774	8.57948448454652	8.68046129405577	8.58079020798374	8.52329657884045	8.59075347274894	8.55831764982736	8.5663462291024	8.92140138529435	8.50260983412871	8.52898578873247
9.4708554813461	9.43256861579872	9.53779410429745	9.52367404623234	9.54584371932952	9.5853971269106	9.56612586324137	9.55501221881038	9.62350419196728	9.48542537033912	9.49530970611415	9.52788916090386
4.37906929270838	4.38389444595569	4.42873112234946	4.32956857561271	4.18481161567765	4.59235698381527	4.29675862989795	4.22679647408014	4.11541682389023	4.14124852877682	4.27592915157821	4.08608529196359
8.72589110985558	8.72566295633189	8.71777086167201	8.66102728078646	8.81717382432185	8.77501435743817	8.84588085190713	8.89560346232719	8.84112446469672	8.41308186887591	8.78372212639256	8.78765613970118
9.00656192938621	9.08339187641621	9.03350571744466	8.95400304900789	9.07943961218565	9.02481960502668	8.91568828960449	8.99383567366347	8.88797177230275	8.99661475468137	8.84912269644824	8.92654633322158
8.92122101954422	8.90677538544041	9.05376926148297	8.95683826144308	8.98325157404981	8.95406534577383	8.91949201768971	8.94320737459363	8.93103111729724	9.26126526622943	9.02405565916688	8.88269424815736
7.4899532852378	7.43217454519947	7.51943358101549	7.72961317182357	7.68849568370888	7.79068017925679	8.49470228456001	8.41903650057477	8.52812735187642	8.51879777345947	8.56181247819038	8.7893177695864
8.71552403801796	8.82575640537057	8.65999363058047	9.02538512927301	8.76188865504733	8.68158333772413	8.75650964222956	8.73549850698482	8.75322978022057	8.85358174741829	8.64698814401651	8.57847583780981
8.30708301497894	8.44988676552173	8.26717890606061	8.57901205003762	8.28766760117195	8.18978440435339	8.34714652200316	8.25504065677576	8.33097822528685	8.45773615902392	8.36992589830089	8.24434916522303
5.35480834511038	5.47145731891898	5.45982784692643	5.96946670711214	6.00990269143427	5.92697142676352	6.42285820945484	6.48171737676463	6.46450593703094	6.83476885939793	6.32935848975438	6.68761981760425
6.21246794485229	6.26864312834461	6.08056027895598	6.05650819942636	5.9081597160863	6.03176998313219	5.98047957778273	5.98240403390955	6.00746057567607	5.53288749652378	5.84199477482098	6.00836417380491
8.70058022578723	8.72967630323779	8.60225313104485	8.56111980883446	8.69586059595359	8.68245151591775	8.72833319909812	8.72586489142743	8.67199839480356	8.23859735777262	8.55528322806959	8.63561706397013
4.80810131839485	4.75524672113886	4.81212665382776	4.86478140772762	4.59477462279029	4.49709657995693	4.54921761729768	4.79085504123773	4.5411818027146	4.56068090466216	4.55296382203435	4.44920872585806
4.79612087253176	4.64225967895935	4.6873126468193	4.52704648112897	4.93777000118342	4.86862808499382	4.50399712593065	4.86108931373418	4.37063744767775	4.38551131046443	4.13279587056809	4.47827216442607
3.13693543328604	3.38336651641765	2.97573076028615	3.2432457564675	3.71753430517842	3.4966899121964	3.37568193122219	3.43764642287609	3.30582405336909	3.12047343129303	2.77835243270798	2.94227440428442
10.1656560452253	10.0809076642452	10.2839328270277	10.1067387276847	10.1185047899177	10.1343666473989	9.97255454733733	10.000283350643	10.0247801443643	10.1535318160072	9.91838014691158	10.0645701198433
5.19203644375066	5.12310589010227	5.2176697929926	5.25167109983149	5.13561803053907	5.11128795069215	5.00972094392735	5.02315385594934	4.98642733550582	5.05425921279147	5.23387373080642	4.96606417274052
4.74715266938836	5.02765769655438	4.99578862066012	4.81203181248525	5.07895194226055	5.08301281301366	5.21956455422928	5.14096175171316	5.08096024524345	5.22254833232011	5.35574303270024	5.38247413664587
5.01826480993621	5.0569947851659	5.20111093606526	5.09364861557769	5.09807924713225	4.86862808499382	4.91635217727946	4.79085504123773	4.87784141453492	5.03683818950853	5.03953761564441	5.01729796825542
4.67035032049973	4.49021609508784	4.55079755751283	4.35953246220729	4.26966318074758	4.73082933796629	4.48550176360814	4.14506968756294	4.64177320324293	4.10746321943791	4.34766263873729	4.38934932764831
5.50796946636277	5.52065597780101	5.46678329559194	5.71648792866333	5.6748586456247	5.64745973867089	6.07871578269401	6.03312408802625	6.11748739347976	5.83007516628291	5.94141455008434	6.08483506790267
5.55084670669727	5.28799834535078	5.69140607499608	5.22786913252863	5.42931727537227	5.53202942720561	5.41235819064843	5.50242362606122	5.38124396632328	5.32597992123899	5.41068454545483	5.42152675485621
8.12491837275449	8.15004784525205	8.07187630556992	8.35896312776277	8.25784362498557	8.19219153136968	8.45964917983248	8.37359376209177	8.44008254520108	8.22272294121071	8.63293767117259	8.39713089712392
4.36279519362671	4.81422150219503	4.35622045553288	3.9494544001477	4.52682306669139	4.51108040638206	4.0793383879445	4.54662614053163	4.58776713978489	3.48535920133753	3.11100237267238	4.17660649190291
4.72201461044688	4.98754093566682	5.07053134876899	5.09364861557769	4.65978361312315	5.18418710650702	4.80906740423234	4.73586440017258	5.08096024524345	5.201944101039	5.26122760162378	5.08622695502195
3.65457936024303	3.50835277414527	3.9069748967246	3.21010894429283	3.48608120187589	3.46910656031036	3.47322777094623	3.66874648881975	3.51151622819357	3.33486005755791	3.66094908240701	3.29532536871161
5.2454995992787	5.04728519389076	5.27418738185565	5.00276227281643	4.74631217739259	5.29558995273545	5.02257637262943	4.79982170981352	5.23588259694593	5.45723838740494	5.34553241652824	5.16133568987057
4.70927521226096	4.46066868861183	4.83371465947197	4.70020725438082	5.10755229513099	4.69431133570426	4.36921878527827	4.70757071417107	4.81644299469239	4.88900781157308	4.2863905568478	4.56225222581369
3.35393240374225	3.650117745633	3.34619152534591	3.78110499663033	3.45801546646782	3.83758701802332	3.56455615192249	3.36769319562021	3.37063459040839	3.29454534573861	3.70778259262675	3.35701769889665
4.80810131839485	4.69362646337832	5.02426829715043	4.44577876933455	4.78192190477937	4.64419834525334	4.29675862989795	4.52519812133356	4.63290997222325	4.70143960546071	4.64590147817785	4.70505172349364
4.50290239708012	4.31922832467366	4.24823300650037	4.5138233835923	4.28607288645709	4.28629675245501	3.97691120327129	4.34138572695076	4.15296388627816	4.32834873684534	3.96153877311266	3.98979462549051
9.04177849553873	9.04517458832226	8.94441533703345	8.83934225933815	8.96310692709446	8.85912312813959	8.79753248145849	8.91270803491936	8.69191065136547	8.38915645909506	8.77963369288551	8.77345803146608
9.59674118109938	9.49135830818081	9.6823780241189	9.3680428540539	9.49436530995363	9.45468377631502	9.28715610428044	9.37197835895557	9.29801656575971	9.42995303210344	9.24376836397088	9.44033941147267
6.46176998810252	6.53374402529287	6.55450099561063	6.80663677259015	6.68948727612289	6.90803176255579	7.20384688718023	7.22828361407931	7.28763833443191	7.60547735990919	7.59057027609342	7.54709858372098
4.74715266938836	4.73092924654787	4.58931514094488	4.43176622047894	4.65978361312315	4.39538868277797	4.48550176360814	4.447616654953	4.24860452818633	4.22752487983248	4.72563942145664	4.17660649190291
4.68344524183241	4.84842828439887	5.16741778807892	4.94527471777534	4.73425208743598	5.04446581636105	4.85294952597121	4.66897033642813	4.95825260345155	4.98322623435729	5.11316957587043	4.98676658180282
4.56095985790072	4.61583768297576	4.80121151868017	5.04893852575255	4.72209434386629	4.86862808499382	4.97044805732737	4.90332644628598	5.02769415660052	5.14365609656932	5.40577269872737	4.84683552637875
5.05877678255433	4.44565322279153	5.10651252820339	4.98385931059642	4.89486785030477	5.15726249718212	4.86013435651494	4.73586440017258	4.76051296392825	4.76681373712417	4.84496261831971	5.14290555623202
5.02850262882249	4.70617359576206	4.61443927589911	4.72329382947074	4.80520102422245	4.70658283650802	4.74838656784673	4.42467005401741	4.65058287966975	4.56888600323303	4.59592772169497	4.49259693734948
8.49641964819358	8.24164236727383	8.46796237343216	8.35722989733982	8.36297849886486	8.43896150492905	8.95575016558461	9.00135545146824	8.96285328636395	9.28074401844767	8.95242923020727	9.09838316451952
4.65713244036084	4.68096368759168	4.27991172649013	4.82274098607808	4.45564987882135	4.5657500856826	4.41882133659235	4.25305086087505	4.58776713978489	4.63284026731653	4.49971729994914	4.34284558991769
5.92557910125475	5.5814281108263	5.80024293456197	5.81477777836466	5.90260897731647	6.0468781555338	5.89951477114687	5.89654845896336	5.86572544191374	5.60074291372282	5.42045995184751	5.36656607156259
8.0144082081223	7.95445947097384	8.02946596021331	7.92996083864912	7.95177149454661	8.04843533873655	7.94607297727858	7.99537995539662	7.97398128716006	8.18435471000834	8.06364968093156	8.05559300109772
4.41106371292842	4.33568243088422	4.19938495557209	4.28339232267659	4.58142810711407	4.30237445117237	4.36921878527827	4.3535789281912	4.05060628685094	4.41323502264406	4.14430746547825	4.0290501372003
9.09726129831722	8.99324142176721	9.06614565066832	8.96023299882235	8.94855060244953	8.89345411655161	8.81489027366218	8.89560346232719	8.85150171144199	8.99186117524083	8.83587591137533	8.86463282182414
5.13646236267541	4.82571865252755	4.93710295562158	5.17071493043996	5.11696595058894	5.14817938495224	5.01616307024228	5.18279464538173	5.46398940337964	5.28259046956584	5.21162340531297	5.05707005909462
4.97655230943372	5.13229590060269	5.00534382689077	5.16235734186891	4.99990879111593	5.06386286613831	5.1568623997986	5.26302109295196	5.1449177367122	5.39541664636709	5.3658841883607	5.17046715105662
4.32967145614426	4.06542187294819	4.18273147455117	4.21936995525554	4.36553445006847	4.23700543488623	4.13982713927513	4.32908962828114	4.02385329748636	3.66883877402577	4.14430746547825	4.10462849673522
5.14587841043963	5.3979691372581	5.52793200442447	5.37943996596249	5.23425769691147	5.21935246443499	5.00972094392735	4.9999637795273	5.10688087483424	4.98928620112944	5.23938480596695	5.2588696737551
9.16529510313066	9.13457391357147	9.09921827580269	9.04467652055103	9.06664958218324	9.09239280132716	8.9684512609684	8.99283009802297	9.01219040571757	8.80775354262714	8.97728684035289	9.04254491762864
8.88281219080471	8.92890738373283	8.74801427220584	9.03291877107345	8.82830768030797	8.82714616598525	8.75272141222862	8.75635258063631	8.74424770824842	8.57820702166606	8.75226086803566	8.6529827176065
4.42679229993502	4.70617359576206	4.98617034330479	4.81203181248525	4.68501904962111	4.52493534778113	4.57568059709132	4.38955801656942	4.47335575888631	4.71623506599711	4.47236342913178	4.37400653365012
9.34833058708161	9.31821941069879	9.32956665679239	9.30886218243871	9.32442903877823	9.29254564963249	9.2727139600141	9.27291737744018	9.26687334221947	9.40035059769785	9.35566275604355	9.25021450107665
7.88646426468896	7.80316521978911	7.9609384979476	7.92525490430872	7.93606407179206	8.00684342594354	8.03326428702249	8.03084813369287	8.02694099599229	8.41925617501587	8.22203829941914	8.08895533229641
8.47630314585996	8.50367768300141	8.52351316138013	8.52540830340195	8.59936154093572	8.53770023902615	8.46719172668407	8.48393591185813	8.45437674805485	8.70379084475542	8.33033421246776	8.50712640103259
4.13209126100553	4.47552182189255	4.26415845166866	4.20289901262887	4.48452525195582	4.52493534778113	4.32826255063715	4.26600275989116	4.26013025629288	4.23794260774825	4.23333356424389	4.49259693734948
8.60179509200436	8.52709702471587	8.42030019325447	8.39318715816582	8.46426325199316	8.47525905510858	8.41354090988642	8.42647438831979	8.36230426469108	7.94192885224903	8.46200461330828	8.30846898096635
4.4423470868436	4.08519058015643	3.94689968811607	3.98857495854742	4.16725032627838	4.5386637582681	4.003212320867	4.37766342769713	4.12804025350582	3.65312380259718	3.56262262888911	3.65753150228756
6.19920856369209	6.15599937558024	6.27627534563939	6.23564072025267	6.18098693484752	6.10583671221001	6.32310522461009	6.28916328954394	6.38116914039935	6.15291119551267	6.42175774785473	6.53320464485012
8.73471680580066	8.89971160922635	8.85563665453753	8.93744529220132	8.89343081613047	8.92480407151192	9.04431709052233	8.9400817122325	8.97918447529984	9.27853163353287	9.14938105498449	8.90131360764332
5.21902181756761	5.26324269456498	5.23404259141058	5.08481943592978	5.1263209536073	5.18418710650702	5.23067601058788	5.16202832174246	5.3543924336845	5.20712384696601	5.23387373080642	5.02733954824547
7.14124224153648	7.24675145200132	7.01584648103409	7.07637037155834	6.96816914482333	7.1478105582817	7.45090710852792	7.40757412392787	7.45472055665784	7.03880495284363	7.28522255887412	7.19801937513668
4.48800602640997	4.00434953202328	3.78018507418801	3.92947889443268	4.05733738231675	4.34960086388285	3.82293816713999	3.95050389348498	4.16526773155473	3.87201856951534	3.78271012794602	3.75351627821647
9.2607951132454	9.29805329671522	9.23549081078971	9.3150252099596	9.3289772380219	9.32515788146889	9.29009233752084	9.27954235751607	9.28307756775745	8.750688710253	9.3000434194423	9.18133856124995
4.65713244036084	4.61583768297576	4.73394586577854	4.76836166082986	4.75827616999392	4.6054858925992	4.31783799056279	4.60908194606152	4.43313260069425	4.52736769101513	4.45384463032542	4.56225222581369
4.18878458283314	3.94043561522057	3.98575969047314	4.23565047809408	4.23629573806291	4.27004523741088	3.88086001508235	3.81642508439154	3.96882801202753	4.2788502678493	3.9087635580605	3.86551211627338
9.011389002756	8.97268945028478	8.85699215577829	8.955704861349	8.85734151190147	8.86528399946988	8.81715862465352	8.85526274528638	8.88267958132806	8.47263730343615	9.04090040486851	8.81075433082654
8.66790354272642	8.70337750937762	8.60789013509109	8.78728346511443	8.72499968760431	8.75198818840706	8.78135691910481	8.76343438823562	8.85739857291914	8.40843308402229	8.78678110995521	8.7951191288348
5.60605746504703	5.70756263560543	5.58021254385889	5.74448585961789	5.69414978628981	5.77880419200927	5.8500832970774	5.8538158055616	5.86190369133039	5.74844233803902	5.944845493217	6.02397104808551
9.71959082791112	9.67395376602349	9.74115474639814	9.51150109488076	9.65616700370388	9.65878629954747	9.44296952098363	9.56761001306429	9.45166813294623	9.34394671498948	9.29389452069351	9.44303566950877
9.95883633422383	9.91461292972605	9.93485455345969	10.0725285545275	9.91662031743716	9.91454123592346	9.85114404236717	9.9324760185296	9.89977838733074	9.74311899600033	9.83175449954855	9.82642270333517
6.63817813165197	6.64473064086728	6.62825659684734	6.8170298053037	6.65619382496847	6.76898921121455	7.09051238294775	7.05835183171646	7.06576283841715	6.87897381200212	7.09826441888066	7.18607265499093
5.2454995992787	5.39039941316605	5.43876005253644	5.32822524775585	5.38287626006752	5.27897928095793	5.65817001938729	5.46892608079533	5.39184762769945	5.5929296337695	5.98207372858224	5.33423858803595
4.72201461044688	4.51914140445241	4.44281010848031	4.71179785101105	4.3961778223795	4.61850112975083	4.45730339796273	4.22679647408014	4.41259709202146	4.87594893465239	4.83777829533951	5.11483195213995
10.9815658296036	10.9162195914678	11.0121710145878	10.9573901430494	11.0336866645242	11.047761544163	10.9133030857609	10.9267914221209	10.9326466523136	10.809847143263	10.9395969267255	10.9210672763394
4.78403758896602	4.99768047576322	4.73394586577854	4.67673588537064	4.70983735231248	4.5386637582681	4.54028692988828	4.63933380873895	4.42290100072126	4.80184733196254	4.71785483910327	4.86922485778496
4.45773187267812	4.51914140445241	4.69911160787422	4.67673588537064	4.6341167808092	4.68193883375823	4.84572849965489	4.74517484108575	4.80858315348661	5.26286304413942	4.77902215297437	5.00718922000702
9.12808998973286	9.12157947780805	9.12142202067396	9.17472989891036	9.10930415063824	9.12765746236657	9.14550307087041	9.12128812619776	9.13397221450871	9.24037241435069	9.12968373119926	9.08342014893369
9.14517319435892	9.18918612881066	9.17522256795999	9.09537793474583	9.22619702616479	9.09239280132716	9.06848529418667	9.03691982419252	9.05349619974802	8.87298107725064	9.24713812484265	9.04113975506496
4.87791862950369	4.96703456323432	5.08863299433038	4.77940681188841	4.60800354649189	4.55226792804253	4.64394924664334	4.79982170981352	4.5411818027146	4.84945746370475	4.94876863577637	4.9450742210377
5.34669481318473	5.54799820251771	5.50783287571447	5.40083150954532	5.6087037549636	5.34434829724406	5.41235819064843	5.16202832174246	5.18807513322173	5.54104447107264	5.66273409251666	5.60294962627364
5.63949594683311	5.56146793243842	5.66741929914423	5.23584790481202	5.48908529064369	5.46713083824314	5.32179940469324	5.35135595902767	5.39712067870114	5.390893845068	5.35064646659723	5.54011715855557
4.58911467426167	4.44565322279153	4.49780394552749	4.40331576717445	4.14948120614625	4.30237445117237	4.59305500002903	4.2788405437766	4.2252760783004	4.57704297778188	4.90122379084203	4.37400653365012
9.851272903696	9.87948893889419	9.85682395737678	9.91615159334625	9.91354667638998	9.93165189808952	9.809108010017	9.80888105716583	9.83024905573872	9.62595702033048	9.85631261502473	9.72126098464185
9.69200613287169	9.66856855012472	9.67775699362226	9.6496755204868	9.72312844736505	9.75535046289861	9.6374421128341	9.59614490008316	9.61623672096987	10.0487734564936	9.57454291793739	9.69549652721344
4.48800602640997	4.51914140445241	4.72242672493163	4.75722919541836	4.67245434761901	4.63140464675076	5.27428000234057	5.25650171274589	5.29915866935027	5.93808797838758	5.49180103465236	5.72759200029264
5.19203644375066	5.45707078487765	5.38838394391117	5.91650065235235	5.48174310913198	5.37599684515716	6.06331960145409	5.89233115053365	6.03490603573177	5.94418781348958	6.28091849813691	5.87162972190779
4.47295033324605	4.61583768297576	4.72242672493163	4.6528666776571	4.60800354649189	5.05419562703088	4.43819150558973	4.48137289157249	4.4930587210624	4.71623506599711	4.70216265070017	4.64181018535299
6.01946014179242	5.98982240908957	5.91177435873923	6.24344267672304	5.79304795486757	6.00109033663868	6.4083306794321	6.50963162215399	6.67618087368781	6.64423805257861	6.70017440054864	6.6123835832003
9.14681545846753	9.07718214179001	9.07433856068614	8.83502530969693	9.00312952280076	8.92406519191953	8.87403882441472	8.93223809534474	8.86229447077931	8.49809367378056	8.9714487025311	8.83592215346459
8.85279625846075	8.84554290680949	8.74728404732024	8.82759389645745	8.83542180688101	8.93511043265011	8.95327883619261	8.91323933083966	8.91697576732236	8.4701648402538	9.03314955136048	8.88659224420124
4.4423470868436	4.21613737411873	4.13159767612874	4.34463021160098	4.41126813158302	4.11528865111043	4.01618408987127	3.91812302655597	4.2252760783004	3.74485551734548	3.22147839737769	3.79931530517267
9.25675291695146	9.28696802238425	9.12818642924122	9.31458588706074	9.22923337326065	9.23656865613145	9.3175307406924	9.1892179872614	9.26279398889308	8.85057307090953	9.39580257914954	9.15614505756485
4.84344277022666	4.83712038972436	4.6634241818384	4.5138233835923	4.72209434386629	4.77817972498722	4.6187279972412	4.52519812133356	4.55999492841953	4.48457169366025	4.88037388267384	4.53477415558238
9.08015666634074	9.03878928737647	9.16429105586198	8.87160527649854	8.92496291064052	8.94388856270599	8.77249885118222	8.91270803491936	8.80649823089309	8.95393527055689	8.96015684326157	8.85432788865256
5.2100840485448	5.27154423914023	5.0522020035855	5.68792204979909	5.02006309543069	4.92251380052148	5.63331325730896	5.42884672360949	5.62562673252387	5.43107911762304	5.79726909620031	5.56836568622307
9.00897753511343	9.0377221794027	8.96405993792496	9.01237580312227	9.03176979484225	8.98773497987801	8.99311983773582	8.93171368322994	8.99220840707965	8.71587180885608	9.19732160797126	9.00053331644147
4.39515739801398	4.3519418093718	4.3710141229909	4.38887205552294	4.36553445006847	4.48298144807681	4.20919732255459	4.22679647408014	4.15296388627816	4.44041686847497	4.02498426861517	4.19407781051826
9.3412006010869	9.3216965437086	9.24330683379564	9.32247280616219	9.27875992551828	9.32119077134247	9.22542805606102	9.25915747879035	9.3110087043179	9.14012592729274	9.2096450602891	9.24715094391895
9.15118548570113	9.09316691390461	9.21497074414868	9.24616273624306	9.08546022980697	9.17780219587112	9.01737103672124	9.079714530288	9.08362029997447	9.14500900511594	8.99864712173719	8.99402084763443
8.70956553645661	8.78723032867492	8.53707615613393	8.87701123147066	8.55534888738833	8.65971430931844	8.65917026665459	8.774577329183	8.67311179463829	8.07039798700709	8.80751783430032	8.58324169552291
8.95422527360835	8.98882372842029	8.85563665453753	8.9653098101961	8.74857911081351	8.8629766306355	8.86398310956522	8.89882590163235	8.87106586963733	8.57224103916011	9.0061394213996	8.68356862811081
3.96869717449001	3.70296662452919	3.80209772364078	3.75857252327522	3.76445915940695	3.60222449918165	3.74708074792987	3.58888655591508	3.28356412461031	3.53784694644147	3.42053953751955	3.88694867751353
4.65713244036084	4.64225967895935	4.83371465947197	4.21936995525554	4.45564987882135	4.18604291036327	4.63559137636078	4.55722312575127	4.4432928997399	4.60920071505233	4.6294289997108	4.7417641092716
9.21150539033995	9.3090498453125	9.16703163167215	9.21066269219834	9.21215019525124	9.16966465507253	9.213444712831	9.18745876091396	9.23050120780384	9.43614465560471	9.21538679597796	9.0806836117833
4.13209126100553	4.28571687192803	3.46053751710251	4.20289901262887	3.93873840536044	3.94275230135838	4.71705481342715	4.53595152102872	4.58776713978489	4.98322623435729	4.93533841761496	4.96606417274052
9.83055640796817	9.77089136194093	9.82997255482709	9.77834354314395	9.82074061266073	9.83362577934023	9.70073531719677	9.70284324509941	9.69590992148564	9.81833439394026	9.70635489155593	9.75888379142608
9.28926461360161	9.2255111327514	9.35577883639582	9.03506385837455	9.24912072528967	9.21723397801158	9.16519499743669	9.25201800816698	9.11025112276202	8.86629650279902	8.98933963593657	9.36225405927383
9.10235242101704	9.07042310495529	8.93095562475095	9.05475253464449	8.98539398553417	9.05017706451001	9.10640041296799	9.11806092876497	9.11354603266767	8.90012946049253	9.15615445973183	9.02488577502439
6.43948413121397	6.20720659882985	6.28421631204263	6.35556416475053	6.63585753494023	6.41797069122885	6.72769131009813	6.64422685125825	6.68055268209904	6.63685999721773	6.73284955267294	6.9248635689305
4.72201461044688	4.77914126161934	5.02426829715043	4.81203181248525	4.6341167808092	4.55226792804253	4.67690174829642	4.51436476997741	4.5221227468391	4.84945746370475	4.85922822127918	4.98676658180282
8.05420006391052	8.05300142676923	7.89821381855454	8.00096081055685	7.91873918964702	8.065540342988	8.2291609712894	8.32906952300125	8.28958345921267	7.98397912191476	8.35910865984882	8.29124981752674
5.0786037848577	4.69362646337832	4.52454164484831	4.75722919541836	4.91647215292365	4.84652106157037	4.66873437182666	4.84384557348468	4.93675840071774	4.35722368768018	4.14430746547825	4.62883798357165
9.48254124717356	9.43096593093087	9.59768597529667	9.4401920048251	9.5760006559383	9.51474036122857	9.45231318050183	9.49247903408025	9.4636895691774	9.7736950002076	9.40255720843625	9.52176452342948
5.92557910125475	5.6893649994056	5.56731720546401	5.64097605126257	5.78103610578639	5.87731827250976	5.65405704470786	5.74583463224949	5.83486721042054	5.28747891106202	5.33525138175737	5.51133053145977
9.27834450749033	9.23894679604367	9.2391435060242	9.1571509662563	9.16033783366645	9.16022011824366	9.16803687334613	9.10647652170232	9.11519069952311	8.9812772121957	9.04004118632419	9.14108805570901
9.56295490588544	9.55288096369065	9.59523901631907	9.52858940738627	9.54141531757934	9.54877767573439	9.44121078371723	9.42937953015794	9.4578536827491	9.40894492637563	9.48514261379338	9.38873334049625
5.33853424602871	5.28799834535078	5.25826193668735	4.81203181248525	4.88394799761146	4.94353862576961	4.99674917492308	4.95244612153312	4.99338676166817	5.3680565474643	5.26663865704975	5.19753507874237
4.27847694557477	4.36801101532849	4.34127505550549	4.20289901262887	4.48452525195582	4.27004523741088	4.3590889149032	4.23998279977929	4.40221984527618	4.42235479416719	4.53542545347254	4.27852727778894
4.87791862950369	4.83712038972436	4.85498750047155	4.44577876933455	5.06929613324555	4.80130711193226	4.83117638794116	4.90332644628598	4.5411818027146	4.45824737134256	4.42562781063701	4.65467198407853
9.26129957262801	9.1499083463353	9.24642154191864	9.0595003368071	9.07070032149413	9.1308812476477	9.02091460018803	9.14730401092315	8.99578083646325	9.00067635943848	9.11013270824058	9.14108805570901
4.36279519362671	4.21613737411873	4.60193135593526	4.23565047809408	4.48452525195582	4.27004523741088	4.10384104772298	4.17282441330482	4.17746861457621	4.44936069462829	4.56165623227833	4.62883798357165
9.67932075884044	9.61211776466697	9.77293273079183	9.52707881508172	9.62991761004345	9.54828984496572	9.38833272081333	9.44679428675888	9.41164800933319	9.6553944542893	9.34133696679621	9.43276419647206
9.8251603538587	9.79201438673889	9.82579729773341	9.67915078985062	9.82767960643337	9.79975172719448	9.69411238957721	9.7120828388074	9.67282622479614	9.75279560564701	9.59925770812739	9.75362877983136
8.79429163691465	8.79489507071401	8.67234909393192	8.6763193806556	8.6941287928467	8.65264848902174	8.53831052852782	8.54469998953784	8.56154820909901	8.04375425693982	8.55766081092304	8.51012591024426
4.24328276516561	4.66818311685087	4.40015836906638	4.47339239016465	4.52682306669139	4.66946365427378	4.01618408987127	4.53595152102872	4.32743437528554	4.29886155084867	4.06179463596559	4.2948652988421
9.67481613454177	9.69230609223627	9.60540768095371	9.63365272115148	9.62805820036034	9.64466689093977	9.57550396459492	9.54540582346145	9.57245506702107	9.37139940035883	9.48641729889295	9.50686002764445
6.0690319502893	5.94999639022979	5.90665251259166	5.98357283047463	5.99428931198432	5.91607825952811	6.15039925385468	6.18932431140841	6.12389618187662	5.95328769442019	6.35300074245953	6.29345470419384
9.20259424676136	9.20108557481479	9.04605467271487	9.15321455687036	9.16920358012594	9.21601726365907	9.16163471072724	9.09479927499729	9.15691425577032	8.76917351515942	9.18372515029113	9.15809800062581
4.90044221228862	4.82571865252755	4.75671451227686	4.68852046912714	4.52682306669139	4.65688407876858	4.61022132128062	4.75442616768993	4.5411818027146	4.49323689411419	4.57889046044674	4.76575274355565
9.21776181793684	9.20297995835816	9.22131544384772	9.07208343950552	9.23105223856753	9.24016638541267	9.04238141069772	9.0529345094676	9.03971296433447	8.88331586070639	8.95561604129471	9.02488577502439
5.16452363523514	4.97732600796321	5.10651252820339	4.96469915733546	5.10755229513099	4.80130711193226	4.90944435334443	4.74517484108575	4.88533755964783	4.98322623435729	5.21721719849223	4.85807165418585
8.9938115417051	9.03022912605747	8.95838389804576	8.99484095194133	9.00594786830628	8.93584390448728	8.96967444752446	8.91323933083966	8.95002356298872	9.17812390703103	9.07024419787392	8.96473209704328
13.201215702965	13.0403503198677	13.383393376304	13.1443896547004	13.388556478483	13.3700411530055	13.1868828322034	13.2626101964324	13.2421345301538	13.1367672620202	13.2305887235828	13.3665668799182
6.07874022250714	6.00931069963246	6.26428216082828	5.77736477424749	6.00990269143427	5.80257149343146	5.96729906474959	5.97444183352133	5.93285736670357	5.85625495435038	6.13746712385062	5.87734334772443
12.3004550127571	12.2091242132257	12.4313899723792	12.1615602532757	12.4278183809199	12.3806899364527	12.1187947388269	12.2338881922566	12.1529566687892	11.7785801335088	12.0591083578737	12.2432262399919
5.77185992493376	5.71956185115354	5.67345311202538	5.77736477424749	5.80496447080838	5.90510557941959	5.60801782391674	5.48577111286194	5.51341776445004	5.41336218791904	5.44462164985386	5.5472289468723
5.6786010695519	5.44253200955441	5.65527619779854	5.42190296812259	5.35910574048024	5.80257149343146	5.4603014790584	5.48577111286194	5.49384704090383	5.74844233803902	5.37595682217599	5.48198490593765
9.97411757299806	9.83480527874364	9.94548495388305	10.0661011150682	9.97828185966938	10.0339533007709	9.82580153065597	9.88772175084689	9.922630726706	9.82283281351856	9.7842622929551	9.72528920265108
4.67035032049973	4.75524672113886	4.8229606348037	4.5138233835923	4.92715883951241	4.59235698381527	4.63559137636078	4.74517484108575	4.90021520927936	4.50184843973223	4.23333356424389	4.64181018535299
4.15124385430251	4.16153807907653	4.18273147455117	4.00773511180839	3.85412598548926	4.11528865111043	3.77790711219592	3.81642508439154	4.08983727282863	3.92500631828233	3.67672429980751	3.82170463657887
8.36068808228613	8.34970628663749	8.57784445766689	8.48639612608057	8.4520972991888	8.44303811895409	8.42966986051961	8.39573476569673	8.4723690065075	8.92640155566058	8.29037300683992	8.64203817566258
9.87495429401087	9.84907353105383	9.91565323486591	9.80123221721096	9.80304454802683	9.84928268934231	9.66981318668162	9.69665080464737	9.70114312692302	9.95092212985896	9.65632803961018	9.80706898601885
4.45773187267812	4.26864955372463	3.9069748967246	4.5138233835923	4.67245434761901	4.30237445117237	4.22043950326163	4.447616654953	4.39176820903051	3.89876478177221	3.26347396694054	4.17660649190291
4.47295033324605	4.69362646337832	4.3710141229909	4.50047494677016	4.3961778223795	4.28629675245501	4.32826255063715	4.2915662058471	4.38124110905392	4.3380404845944	4.31734137379136	4.15893082574774
8.87619707575485	8.87169008332634	8.88117800111302	8.83872636186895	8.86741075296814	8.80970319020706	8.70155864303037	8.75220557506534	8.67311179463829	8.94762954612027	8.80198257546339	8.78432738895367
4.0113578298726	3.70296662452919	3.88659465221769	3.90921596152186	4.11329938001861	4.22020916517027	4.16332554574252	3.76278421558156	4.17746861457621	3.58842561756853	3.20002847143802	4.00954983788853
9.6266263079137	9.59229813166791	9.6719600211363	9.38360842940694	9.58751360533455	9.50773918190456	9.37549374201619	9.42190539709735	9.35837568205552	9.26406470391735	9.32261188613047	9.44087904805343
4.92261107820331	5.2380327863946	5.16741778807892	4.94527471777534	4.90570885860879	4.99484908467683	5.01616307024228	4.88657822688644	4.93675840071774	4.95871881300174	4.77151209108036	5.11483195213995
6.46545023566826	6.57602125166665	6.54128400042732	6.86787466151455	6.39183972963559	6.52011755774965	6.86678264272124	6.64170377002995	6.70221722651167	6.80231090608919	6.87896713671643	6.76880218215038
9.54369077851144	9.47320671091183	9.54963415330591	9.47708108977465	9.5090386266278	9.44530796317431	9.38589605096637	9.42900673265169	9.38559655166082	9.52770811203311	9.39580257914954	9.41310890487994
9.35966397718602	9.33680637413261	9.49295475941523	9.36040774747898	9.32214976224609	9.37689371697331	9.21550612837176	9.2532804594043	9.18381971313312	9.40440160416308	9.1389618331448	9.24285150366952
4.07301851424687	4.12389458878876	4.16588546347397	4.09981035252197	3.93873840536044	4.0786221869945	4.01618408987127	4.26600275989116	4.16526773155473	4.37614588669767	4.40651544457888	4.60255467364319
4.41106371292842	4.46066868861183	4.49780394552749	4.34463021160098	4.38093430944877	4.31828201231946	4.51315607525506	4.37766342769713	4.2252760783004	4.19579513461766	4.41610225660947	4.40453792010273
9.12864430905174	9.08132508182237	9.11007775373366	8.85708711140965	9.06326559804356	9.09569302329036	8.92496853250754	8.93381020020352	8.90752968949484	8.57362007762093	8.95743402217016	8.97284325313899
8.89986740464675	8.95125705548798	8.8052775826456	8.86254897814344	8.89191264297057	8.94898556613758	8.93168026004045	8.86077990085674	8.93754419710654	8.50920628596881	8.89576484351576	8.74721888501833
9.46693856893212	9.52845211550014	9.50689901633987	9.5206406588648	9.53251913741008	9.47838184180773	9.44296952098363	9.4486347304105	9.45036256132307	9.75495868305889	9.42529668053131	9.37526997993065
6.68297217122178	6.85608322192721	6.55120796883348	6.80924223039328	6.61869765528195	6.66306009247956	6.96083591880567	7.04117584840367	6.96337476851454	6.72117430679051	7.0467988846798	6.94469284235271
4.97655230943372	5.0951611684941	5.1153706936512	5.11980880203205	4.80520102422245	4.98472614743008	5.20836628873823	5.15503991963985	5.24759347928635	5.14365609656932	5.1310230124104	5.12424788433454
9.95298568947902	9.92388564060855	9.93226576534154	9.92813919729208	9.89963689276577	9.91874186243559	9.87756133930883	9.86385041815029	9.8254600561453	9.77194915416425	9.8167720203391	9.80325322580534
5.44868938564805	5.4129846030784	5.37366499321917	5.34304906401192	5.55359763890563	5.45232036868446	5.06046502861262	5.2234599557258	5.3543924336845	5.31645412938356	5.27203014261228	5.48937490711016
9.10009197269173	9.12107722905555	9.16264423286274	9.02592458514664	9.03867313172582	9.01372033540225	8.93502437515844	9.02958182457104	9.00467380098238	9.03109679488496	8.91924901116626	9.0537394297663
4.37906929270838	4.53337885255716	4.44281010848031	4.70020725438082	4.33425262845379	4.6054858925992	4.73280629822758	4.23998279977929	4.58776713978489	4.96488627399048	4.92857766165938	4.89128732594163
5.05877678255433	5.01773778741475	4.96674120574584	5.23584790481202	5.01001975947401	4.93306297013262	5.06668356631542	5.20326916089116	4.98642733550582	5.08845995689223	5.28275496680572	5.31781177164633
9.28827536978571	9.28607732449428	9.34612551371973	9.27221255376669	9.36321152266407	9.34985710104546	9.22030460002004	9.18393392328265	9.24861320485243	9.61187270407456	9.22224781407101	9.40815487747687
9.53499744938772	9.5492074282209	9.56555044310661	9.56215626632122	9.49334805169845	9.57248950634077	9.49644683210131	9.45157461346638	9.49885454306	9.57412417778849	9.46750426081072	9.50995579976497
3.75890069999989	3.56682548998584	3.61681181400272	3.68872765368649	3.76445915940695	3.90156477969792	3.51046027187457	3.64918808716965	3.43268638109437	3.21023103616584	3.24262405877235	3.12908627069682
4.91157028519675	4.70617359576206	4.57658873927603	4.55312592164478	4.70983735231248	4.68193883375823	4.27536464031404	4.58855936672186	4.63290997222325	4.64837964879807	4.30709566931552	4.46381031025369
8.76589543669023	8.8541106941568	8.71179580981986	8.81637272520732	8.71135758919362	8.68071465783838	8.78414286884927	8.67983835316794	8.76738265760872	8.77037055454514	8.91271064922384	8.78099128996455
9.91419344749868	9.8540915459998	9.95794898105951	9.79593511124304	9.90428781995554	9.85526142120767	9.69091262539108	9.72947827121729	9.68510886848006	9.9347862470122	9.64834850694167	9.78187730749887
7.53536670393634	7.67261166194471	7.56288434264279	7.65452581674797	7.5558485775904	7.4061445430115	7.67370876180154	7.61458969036559	7.6780042512372	7.39492562322402	7.9493505797598	7.5954330330363
4.63031841264503	4.76724593668697	4.69911160787422	4.77940681188841	4.60800354649189	4.45434723945418	4.43819150558973	4.62931948034813	4.43313260069425	4.38551131046443	4.30709566931552	4.34284558991769
4.86652023611616	4.76724593668697	5.08863299433038	4.93546109241039	4.85070369210053	4.77817972498722	4.8016213059689	4.77275444765847	5.04789767174232	4.80874938173043	4.94206865086636	5.03731484669659
7.19040480237225	7.20686762238867	7.24798219061105	7.31361045750658	7.32223663404936	7.3076385448723	7.48919447822829	7.54291561632386	7.60113079089612	7.7547707549352	7.15411568434229	7.36460550566562
2.78316164759789	2.7244803674266	3.12156874594175	3.03161091302035	2.49994437748307	2.53455343760744	2.95658159357925	2.71592393601875	2.53878189112847	3.21023103616584	2.5955837403424	2.72906905828954
9.94493993418536	9.94279794296405	9.88653546125778	9.9671001230979	9.96161305871611	9.99241253025424	9.90498690671024	9.90449796231739	9.94256985912845	9.76922903001787	9.89143680530879	9.90224575549398
5.94166720656036	5.99960110835733	5.85441882955638	6.6553622567883	6.26629534530865	6.32928140595192	7.05220516740826	7.09210806833596	7.1070686324476	6.69126433308005	6.77271139641825	6.7719604951669
8.06013220034251	8.22534896068884	8.24569698783437	8.20441691692799	8.15722884426012	8.22313839864435	8.19598601251289	8.04441146742383	8.22368662110778	8.60046692802863	8.33447900883509	8.14339740588858
3.85602154379066	4.10467887069933	3.86592531660206	4.00773511180839	4.48452525195582	3.98284135713113	4.48550176360814	4.2788405437766	4.47335575888631	4.53577110131793	4.2967790597464	4.58923958990274
8.27492872297528	8.40832577898023	8.20069661437139	8.38980194129319	8.26477884806485	8.27751352508799	8.44855356803934	8.40630429734571	8.4491950561939	8.65395579624935	8.30522047450906	8.33112686008154
4.74715266938836	4.64225967895935	5.06139549609237	4.61628671085549	4.68501904962111	4.90119074087092	4.40903719831386	4.2915662058471	4.76051296392825	4.90194520880869	4.39686658155312	4.49259693734948
3.92470315988662	3.77861333208129	3.96645922647413	3.2432457564675	3.99920858264421	3.72450737240133	3.89498200805549	3.48248316190739	3.39161332663066	3.29454534573861	3.3827971638036	3.63255155788048
9.73047511326061	9.71008934102618	9.78981611829901	9.74443130666953	9.67070482985581	9.69904236327188	9.63513827516863	9.59448175751558	9.61185878650422	9.65560551130068	9.57664319179427	9.67807291653372
4.51764278194568	4.49021609508784	4.67541736664952	4.54014657132479	4.55437380530923	4.63140464675076	4.56691377653716	4.37766342769713	4.42290100072126	4.82245156324365	4.80868968201512	4.70505172349364
9.28182828414722	9.26226093851639	9.23444549960519	9.28886776884244	9.25031759512365	9.21114053431972	9.1082515958319	9.15991559298475	9.09199480325547	9.21713755939637	9.14418054689795	9.01847762876547
9.1792646991462	9.18151603800545	9.15879439250251	9.05422401163552	9.14950142782578	9.05221444973328	9.09225274322747	9.03838299992578	9.08404016952747	9.27991478648007	9.06982302422142	8.97651579985126
4.51764278194568	4.75524672113886	3.98575969047314	4.55312592164478	4.77014558458966	4.49709657995693	4.32826255063715	4.447616654953	4.4930587210624	3.93794371551794	3.61259638537199	4.31102857835279
5.06872519068874	5.27979592428823	5.26624641545241	5.30569277440075	5.3349528369255	5.38380595622749	5.23067601058788	5.47456275724552	5.40237472767603	5.18103002010221	5.35064646659723	5.36656607156259
9.26129957262801	9.23062289779547	9.24849432139864	9.17715415418435	9.19114158653201	9.23296229574413	9.06200375587317	9.14141132048748	9.09824426422852	9.19439029332463	9.12441392999961	9.1031132223038
4.0322129356433	4.16153807907653	3.98575969047314	3.68872765368649	4.09487616572357	4.33402299908547	3.63364763197487	3.68804583116696	3.89699096976109	3.55491170254677	3.45734990486997	3.05710827552914
9.38990810961491	9.42252102496592	9.46510579561497	9.52670091368648	9.4378947692741	9.51124384743978	9.35632826715587	9.32949032245754	9.37497544784883	9.71772084360503	9.33147378437777	9.34050081070481
9.26532875288747	9.33207545196896	9.2234242195106	9.28931518728652	9.31815268367695	9.35707760504625	9.35445987146361	9.33546604803874	9.37359932975447	9.07118474924665	9.4099521212165	9.37470639527807
4.98709688227459	4.73092924654787	4.57658873927603	4.82274098607808	4.75827616999392	4.98472614743008	4.60166385889411	4.80873353603669	4.95825260345155	4.35722368768018	4.49971729994914	4.80103649942255
5.95229136183572	5.95503823606102	5.88076970548	6.35915206361077	6.32199117628219	6.45279658468809	6.60155467797282	6.4474986837259	6.62039759652346	7.16327565444799	6.3788375093341	6.78452815369331
8.73618239041207	8.73034405608066	8.81158111257105	8.73388989346178	8.68020198573289	8.68678490173914	8.58756466010497	8.56102597597005	8.57112851141453	8.89831171069281	8.72171823849847	8.59461880492706
9.67819595343333	9.61457523565054	9.76459881132974	9.64863609403473	9.72879356819214	9.66511959420175	9.7424599979017	9.76957291433409	9.77563988327175	9.90600184812344	9.83377447835778	9.87739171039546
3.83236226599285	4.00434953202328	4.11414640492706	3.9691505189873	3.93873840536044	3.72450737240133	3.96357742626098	4.23998279977929	3.80583647604686	4.02528470783869	3.82592312847332	3.65753150228756
4.56095985790072	4.90361246725202	5.12417533511405	4.96469915733546	5.0300396977654	4.89041470547463	5.00972094392735	4.76361912591446	5.02089695541889	4.92746446009159	5.21721719849223	5.11483195213995
5.84797002207886	6.01895215286373	5.91177435873923	6.13848154065695	5.92468986242695	6.09616947310257	6.42285820945484	6.40949848072324	6.24354663828044	6.65157717342923	6.08848549766084	6.28911825293043
4.36279519362671	4.26864955372463	4.31091637974935	4.16936767753781	4.03821007744505	4.18604291036327	3.95011844763533	4.26600275989116	4.15296388627816	4.44041686847497	3.96153877311266	4.12294692985054
5.37887207453922	5.30425772383836	5.5345705750353	5.62295981994279	5.39851674656882	5.39930352132663	5.68663505368937	5.83197013331099	5.80731988869485	5.70575581057076	5.82723481134194	5.80132624461599
4.34633074989028	4.02501009349664	4.63913755749202	4.045290658518	4.36553445006847	4.13329186629506	4.13982713927513	3.78088480916082	4.15296388627816	4.23794260774825	4.23333356424389	4.41957537977755
7.63649236946697	7.64641359480893	7.50065323785043	7.86260216308091	7.70197701447711	7.71827852203035	7.91408804103349	7.8330807316355	7.89550096587938	7.58598690835785	7.91957981343526	7.78275540015
9.59674118109938	9.65057773673545	9.5373694609231	9.54323338205587	9.60036102152081	9.69992481149238	9.60301367630468	9.47488254832701	9.57605432088613	9.32801268344259	9.52664217798378	9.51253077436709
5.2010891687894	5.0569947851659	5.27418738185565	4.89550807120363	5.11696595058894	4.87956086409501	4.92322687003711	5.23676670615705	5.04119422539236	4.82245156324365	5.21162340531297	4.76575274355565
4.7718496869251	4.44565322279153	4.6634241818384	4.40331576717445	4.78192190477937	4.7897878946425	4.60166385889411	4.52519812133356	4.80858315348661	4.44041686847497	4.66219392595413	4.58923958990274
8.32877060475059	8.40155777786944	8.44657243003136	8.75823305182122	8.65906653114242	8.67025115503234	9.11342222491018	9.13001180181039	9.14448180321629	9.28350455959574	9.12075466259616	9.21240798327284
7.96588368500023	7.81100863660306	7.89034432834554	7.78406430283715	7.88050176444042	7.88946384959276	7.86031949677733	7.99936376934861	7.83941724334124	8.0769799215532	7.71164050718095	7.96380523032761
8.71552403801796	8.61261849560436	8.90365737921213	8.58566346406533	8.69586059595359	8.64999022042371	8.5552801716287	8.753984308607	8.56993441060025	8.88552050080945	8.45374914014211	8.60497311171148
8.87487031421262	8.70881332832674	8.83308689477947	8.7543139874898	8.85345067498148	8.73028624957604	8.68326109747109	8.75220557506534	8.62329959862749	8.63869412684908	8.96242206802977	8.77429691698768
5.84797002207886	5.80636343552137	5.88076970548	6.04759519789569	5.89144555691604	5.94316458694261	5.96066307746963	5.98636887729546	5.90340187978537	6.09679222073806	6.55271328926813	6.34872465838352
9.17283441514221	9.12157947780805	9.14773846898883	9.07312697385552	9.04896898779836	9.0275816646011	8.91187444072307	8.98121582130166	8.86717398340851	8.99390041339766	8.8900731631695	9.0170498986372
9.08244932790957	9.12859174977861	9.0859633828402	9.00199083804075	9.03176979484225	9.01372033540225	9.01263261689434	8.98172271956569	8.97421376937255	9.20930553855374	8.94191005323857	8.83994251292094
4.17013935803763	4.12389458878876	3.54076862732585	3.88865720893958	4.05733738231675	4.13329186629506	4.0544095736535	4.04354053532574	4.06380092000476	3.29454534573861	3.13376226717887	3.50105542051179
9.85060936661462	9.76869838230987	9.88987375304714	9.74540240166782	9.77589239532246	9.79644606230997	9.662794218584	9.68700020844498	9.68399653044195	9.82601041357763	9.74407665196381	9.69595234149178
5.05877678255433	4.90361246725202	4.92708804521147	4.68852046912714	4.90570885860879	4.94353862576961	4.68502285043025	4.66897033642813	4.66804413043987	4.44041686847497	4.36753952165467	4.65467198407853
9.7995869142122	9.74497984906094	9.82892986159567	9.68693025948191	9.73009787387186	9.72832597092561	9.64101851634555	9.67634166531973	9.63188932432439	9.44869073323282	9.83906393677454	9.67299151956787
9.85987054404565	9.79016359869902	9.77329399612869	9.81238427361527	9.83661213921441	9.82674960469572	9.64331292968216	9.69198914221341	9.7069054261837	9.56311576096916	9.65774847243143	9.68359684188596
9.5843666478029	9.56965385421827	9.63509761662153	9.6160273403777	9.55123853303774	9.53948171136423	9.46043921550403	9.49319276372727	9.49284087052876	9.63262425112867	9.41797768102077	9.48291271206358
10.246338663143	10.1761965799367	10.2808763734085	10.1002143952623	10.2476674016044	10.1738208827025	10.0164163218476	10.1117870790525	9.99227000638898	10.2211975395421	9.91121079612746	10.1009110747447
9.43297407323532	9.4030212093227	9.40403996838273	9.2271226337779	9.3436644511854	9.30177161185134	9.23223096722803	9.28078119481212	9.24260083751698	9.41171411217813	9.19964002855227	9.30786162273568
5.12698290670452	5.19496024801761	5.23404259141058	5.32822524775585	5.42167617426427	5.04446581636105	5.19707984702075	5.11958612564162	5.03445981613188	5.13823402274734	4.84496261831971	4.85807165418585
8.8446827265351	8.86323156045257	8.716279394061	8.85647892762094	8.77672220944248	8.82240902813505	8.70597430157317	8.70762836995542	8.68861076988273	8.33349721986416	8.67744080084411	8.60591090400243
5.11743918274483	5.27979592428823	5.4173831841423	5.27507744820122	5.14485789432749	5.06386286613831	5.11548387758636	5.00773488618914	5.00720674203842	5.01919617483989	5.40577269872737	5.19753507874237
4.81998066224389	4.99768047576322	5.12417533511405	4.98385931059642	5.05957782664986	5.14817938495224	4.75611365228652	4.80873353603669	4.84746537806741	4.89549155373029	4.80132796763174	4.9450742210377
8.94667729899843	9.01294711897994	8.90037325853252	9.05528085937059	8.93311304385166	8.98844322512101	8.96068007824248	8.93013931349788	8.96740810735277	8.53919816907893	9.05117258424216	8.8725121526468
4.78403758896602	4.75524672113886	4.72242672493163	4.55312592164478	4.92715883951241	4.9642734441681	4.76379930443909	4.96845814030676	4.75234489207368	4.51891319583752	4.48153726813278	4.90219894178091
5.02850262882249	4.80262732835007	4.83371465947197	4.88534016030991	4.80520102422245	4.81273872976392	4.89552802371798	4.93625618779905	4.65058287966975	4.81561734716307	4.90810945727848	4.91303233747947
4.80810131839485	4.58889757575866	4.56375020927587	4.41761283962752	4.6341167808092	4.27004523741088	4.46676462500231	4.64927977940672	4.47335575888631	4.30876024155976	3.76802287482588	4.14104597525722
4.92261107820331	4.77914126161934	4.80121151868017	4.76836166082986	4.77014558458966	4.82408407041241	4.41882133659235	4.56774359777504	4.72756247650449	4.78093325102575	5.14866516071629	4.84683552637875
10.1778073533728	10.1766626252081	10.2268530671723	10.3825572695057	10.399786098856	10.3817757223319	10.4319585495715	10.448824013924	10.4460353315177	10.3939545253942	10.4624133606576	10.4633743624964
5.00795198804531	5.18618129516265	4.8443898993694	5.05799482410765	5.11696595058894	5.31201908348257	5.13927480868584	5.12674623363835	5.18198745417817	4.8360200628061	4.98834823850356	4.97645082687943
8.9435203255019	8.98161454182342	8.9335289829981	8.87040112974635	8.89267192143288	8.9233259489735	8.80028719856317	8.90257642891614	8.88171529755433	8.54671327104623	8.91130583291151	8.87486796330057
8.1283063259954	8.10659252048408	8.02347678725767	7.90507736384501	8.01573279841691	7.96266759692296	8.02383418266516	7.97731676069687	8.02086057068326	7.86303098535449	8.05035421591841	8.02973573606097
4.0113578298726	3.67679628189317	3.54076862732585	3.84661678729003	4.26966318074758	4.16866409830308	4.13982713927513	3.79876330395979	3.99660022339289	3.35458748298434	2.91521399813287	3.41629008904761
6.01440558019623	5.8119597831662	5.92703275709856	6.30807005515694	5.86316839108767	6.02161284651334	6.4107621824618	6.48171737676463	6.55765338212699	6.48249814268992	6.74692276431342	6.64704685116159
3.94687202580131	4.26864955372463	3.96645922647413	3.90921596152186	4.11329938001861	4.25361610666376	4.12793187853948	4.20006032862809	4.08983727282863	2.99946147351009	2.86196747604765	3.44507671614339
6.4506711614187	6.46605045975933	6.53129198142061	6.59302702212071	6.30081348913065	6.30415685731366	6.72574247133118	6.6033237009376	6.56239484000565	6.38625035792405	6.84188203690221	6.39800898977505
9.2465963513038	9.31821941069879	9.16483958352844	9.41954459554776	9.32043803134375	9.39104462270593	9.4441408147708	9.38356399416868	9.4206738135432	9.10294589603914	9.48195112438534	9.41035867258613
4.24328276516561	4.23386538069608	4.24823300650037	4.11752441678965	4.26966318074758	4.11528865111043	4.04178067528651	4.01318362387242	4.10268314458556	4.14124852877682	4.48153726813278	3.86551211627338
4.34633074989028	4.51914140445241	4.53772873691895	4.38887205552294	4.36553445006847	4.43982296704067	4.38926625462009	4.47020748026841	4.29417064325584	4.38551131046443	4.57029825145523	3.86551211627338
4.92261107820331	4.84842828439887	5.06139549609237	4.61628671085549	4.91647215292365	4.90119074087092	4.90944435334443	4.57818865358052	4.74413080267014	4.66374732089317	4.83777829533951	5.11483195213995
8.14065952279198	8.13674366768794	8.19643901096626	7.95787090906386	8.11323108807241	8.00820321843831	7.92172817533794	7.88563323025027	7.95407040399463	8.21382489311154	7.72934427812839	8.0103958640838
4.58911467426167	4.49021609508784	4.42873112234946	4.18623314308087	4.21932975949966	4.52493534778113	4.19786626993182	4.21348972364889	4.21347036996971	4.26873560382094	4.89430617224274	4.54857564171788
7.18159291824818	7.25459113916268	7.23566805764738	7.45541907749309	7.33085343317775	7.27257571916369	7.85323235901508	7.81964101410481	7.88215972365584	7.81392647819269	7.98640056580399	7.89786520200305
3.96869717449001	4.02501009349664	3.92707402543459	4.11752441678965	3.42941511359737	3.90156477969792	4.02903951857335	4.13099151963625	4.08983727282863	4.17423252945658	4.25478349018356	3.98979462549051
9.38206064014745	9.35853027233482	9.24174697952136	9.45498425808087	9.41394732181263	9.41042083726603	9.54145170189637	9.47198936485918	9.53534926055203	9.03901010314072	9.53622302740753	9.58339548171951
9.54904558250974	9.53886896489277	9.48900877428724	9.47001627792981	9.49182087089832	9.45934984472913	9.48141084134094	9.42190539709735	9.47143459144175	8.98913753143515	9.52788188211603	9.3876159635667
9.59315976714526	9.56675149993659	9.66808252090062	9.5532830447934	9.57696344733212	9.59630576020768	9.36005776802561	9.45926370278867	9.42233914440699	9.54700857948824	9.48800912406621	9.42406005590459
4.87791862950369	4.74314178426815	5.00534382689077	4.75722919541836	4.74631217739259	4.857615211559	4.81647502119607	4.88657822688644	4.71080370563847	4.75254940516928	4.93533841761496	4.76575274355565
7.64605771018162	7.72910066464697	7.66922434805297	7.5400192715856	7.47024428120316	7.5288077452656	7.53427274331323	7.38197104268441	7.51382814148218	7.23125169788188	7.66913601328589	7.4576031944725
4.61671739966854	4.70617359576206	4.58931514094488	4.72329382947074	4.51285577409012	4.42515699217144	4.41882133659235	4.42467005401741	4.5411818027146	4.86937322418106	4.84496261831971	4.49259693734948
9.01319489638674	9.03611996179003	8.9822004375594	9.02700287734395	9.00242410905642	8.97206856095846	8.96109013995098	8.94736452162259	9.01922963248817	8.96229867440508	9.03659935129891	9.01990401134268
9.18300217801334	9.23894679604367	9.18715326431995	9.20164606787349	9.09212161219392	9.21784196608881	9.16127819519442	9.09245255352809	9.12665171203649	9.30973063170266	9.08865901424847	9.06623492590101
9.23995506858165	9.25498919704388	9.21497074414868	9.25260571923752	9.28753878385732	9.326854871866	9.27535065092506	9.20016528928505	9.18460358251369	8.98572545863983	9.14778283008403	9.1934618233662
8.89986740464675	8.89261132754678	8.81088206543424	8.91253012667729	9.01016549222338	9.01441644585714	8.98548160814673	8.97410066707464	8.97557109795413	8.67589863932086	8.92761355754909	8.99691874349528
4.31281264515714	4.80262732835007	4.60193135593526	4.57873116414587	4.34997500381154	4.48298144807681	4.62718448603095	4.55722312575127	4.34919592871466	4.56068090466216	4.49971729994914	4.44920872585806
4.05276357642049	4.16153807907653	4.16588546347397	4.79036600759302	4.09487616572357	4.22020916517027	4.82384455255731	4.67871672089666	4.56931123495955	4.89549155373029	4.96868978923686	4.97645082687943
8.74057001129023	8.75810058490076	8.65455499664705	8.74315037472877	8.73515053050696	8.64910308525458	8.74559138247634	8.70272650142896	8.72396777422825	8.84529217429244	8.80500435514626	8.65570651328833
4.79612087253176	4.96703456323432	5.04295013930668	4.72329382947074	4.65978361312315	4.76648121847303	4.70112830854745	4.73586440017258	4.7192071698978	4.64837964879807	4.67027385973514	4.70505172349364
4.69641947092922	4.50475487041108	4.3710141229909	4.21936995525554	4.64700504129272	3.96293046339041	4.27536464031404	4.36567093987325	4.28291192311868	4.32834873684534	4.70216265070017	4.49259693734948
5.15523189264051	5.27979592428823	5.52793200442447	5.06699325434658	5.27703760287841	5.21063794437478	5.0790402867403	5.23012852134859	5.25341383437213	5.34483797524003	5.26663865704975	5.26743203223122
4.78403758896602	4.93568944443487	5.14162660631572	4.95502042823392	4.75827616999392	4.99484908467683	5.0790402867403	4.95244612153312	5.04119422539236	4.91476336566409	5.23938480596695	5.21531472179588
8.97168140029675	9.03878928737647	8.88450562011733	9.04414420168592	9.01437130205241	9.017197668668	9.02601766432101	8.98476041151775	8.97466635264881	8.66862275783792	9.01665308801513	8.93637196371674
8.87884685327533	9.00477073233773	8.84132723942811	9.00855866747013	8.98824578720292	8.94461776500041	9.03850219130079	9.12128812619776	9.04230726575337	8.80852985309876	9.07696684346346	8.96768664779542
6.31835949547147	6.26864312834461	6.27627534563939	6.43924716934624	6.14829415994649	6.26132631050668	6.6310229547555	6.38561140402708	6.5167160120906	6.7741132521031	6.82868118032879	6.45743678660293
8.76661236764136	8.6917544867843	8.89113814740222	8.64697978733995	8.86199724625883	8.7701097837548	8.58170001453652	8.62714798537028	8.63133898810984	8.66948072219195	8.37463386924835	8.68089463349688
10.0718664852595	9.9655347434142	10.0939646522088	9.85223587766287	9.95189717082984	10.0101001576602	9.79931765509849	9.89991721998347	9.84452239080951	9.93806288605054	9.7842622929551	9.89107193580407
4.81998066224389	5.02765769655438	4.97648815666112	5.10242278440348	5.13561803053907	4.81273872976392	4.94365530169142	4.91162891345158	4.55061870952871	5.27768478485408	5.02690411517727	5.10535698550217
4.31281264515714	4.54747027297967	4.73394586577854	5.07593455131001	4.59477462279029	4.38028051037636	4.97706871894705	4.98429611195203	4.81644299469239	5.33544091128777	5.15449978316688	5.21531472179588
3.87928974118808	3.9833735299683	3.98575969047314	3.92947889443268	4.13149927712321	4.05994802758965	3.83763953388507	3.72589416809566	3.89699096976109	3.89876478177221	3.72307241007729	3.86551211627338
4.69641947092922	4.60243366009957	4.67541736664952	4.66485185247453	4.49875733128332	4.39538868277797	4.67690174829642	4.40135629192445	4.34919592871466	4.65608471102004	4.70216265070017	4.58923958990274
9.06574230844633	9.09623937462711	9.22131544384772	9.10458890208063	9.09411427755238	8.95768327892926	8.95533857313604	8.96130796817289	8.95415972750093	9.39425187713169	8.78729033084253	9.02630612496763
5.26287875695865	5.01773778741475	5.12417533511405	4.79036600759302	5.29381401346879	5.18418710650702	5.00324973342213	5.25650171274589	4.96534749342639	4.99531987729063	5.13692695728809	4.83551523203611
4.26098984004828	4.36801101532849	4.40015836906638	4.76836166082986	4.05733738231675	4.28629675245501	4.16332554574252	4.2915662058471	4.12804025350582	4.41323502264406	4.23333356424389	3.82170463657887
9.94369803389122	9.87485324846617	9.94997149628868	9.83290725113554	9.84146212392309	9.89529813520693	9.77814352187147	9.78191613455748	9.77746743818722	9.91180658503117	9.67412733765262	9.80706898601885
4.85502879359008	5.1684532885853	5.0796102798757	4.97431181951193	5.09807924713225	5.14817938495224	5.30087391346038	5.38164975384737	5.45895313926067	5.4222488646333	5.5687305462784	5.42921762248968
3.68139338795883	3.80293080667229	3.68908267768723	4.18623314308087	4.03821007744505	3.98284135713113	4.76379930443909	4.66897033642813	4.68529873433659	5.06001806231927	4.81601522075188	5.07657035840638
9.01619958032816	8.99929264913452	9.08538433903018	8.99539223381992	8.96093245440852	8.98205697312565	8.91314685154102	8.96233552748576	8.98098781135255	9.2142419510762	8.91271064922384	8.99764235003454
7.62363662813522	7.67980111554118	7.53462129645522	7.80218541093831	7.64904866113789	7.70337013041187	7.86561194842312	7.7877910236859	7.7810895849808	7.78506817117546	7.78022785711928	7.6721265926959
9.6266263079137	9.57218839443638	9.56054300268493	9.64029294719722	9.65067882289762	9.68841238025854	9.62433779904519	9.60079162535018	9.56673801434611	9.33174698611443	9.56942989965698	9.59951175128453
5.13646236267541	5.2380327863946	5.1329270955285	5.4765991455582	5.19913391686187	5.21063794437478	5.95733352732608	5.70798629532079	5.83876039567834	5.82345248627418	6.0313861893844	6.0648181894615
5.05877678255433	5.0951611684941	5.35130398569247	5.267318477935	5.3021324454227	5.40699279896388	5.38280310867618	5.44041090371713	5.46398940337964	5.65424028513156	5.68737505242494	5.59609586292396
4.64378927039123	4.61583768297576	4.49780394552749	4.32956857561271	4.62111693226667	4.27004523741088	4.55809300597857	4.47020748026841	4.41259709202146	4.70143960546071	4.2967790597464	4.58923958990274
4.18878458283314	4.4304718368639	4.3710141229909	4.045290658518	4.48452525195582	4.45434723945418	4.0793383879445	4.10242042686661	3.86723489588938	3.83090936457316	3.67672429980751	4.00954983788853
5.60605746504703	5.59457559342592	5.70325299983464	5.83051257380211	5.84594288903795	5.73011165975033	5.91333049923676	5.84947279475979	5.94012918732759	5.82012928236616	5.88541757678879	6.2539712681599
8.95860964077649	8.95409628246898	8.95585409927018	8.9066721750487	8.88124223066091	8.89797290903385	8.85518129687656	8.7850557693934	8.83615683804187	8.83276442867591	8.77347994159555	8.81402544082306
8.79990278093443	8.81700939071394	8.67004041048821	8.87641159359024	8.65729174000526	8.68591922333891	8.62847593119095	8.65785140155557	8.69410643041413	8.31425334450556	8.70028373359784	8.41850681543039
9.00171824669899	8.96820506785506	8.93159939049093	8.82635150595704	8.90326170023289	8.88665035612933	8.69614318832647	8.78563570135937	8.81762803312816	8.7058812707822	8.80952557081002	8.80747612514117
9.96741425608305	9.93198304073055	9.94740944951219	9.97481959958186	10.0346750570278	10.0350125495525	10.0047844760403	10.0264972504615	10.0128401566939	9.82899447839155	9.85257984252157	9.97482464434994
4.26098984004828	4.31922832467366	4.0964835980164	4.20289901262887	4.28607288645709	4.22020916517027	4.19786626993182	4.43618852542627	4.34919592871466	4.24828287972161	4.08583941744835	4.43446468473156
4.74715266938836	4.90361246725202	4.92708804521147	5.12842197592129	4.95876996765922	4.90119074087092	5.2580835510037	5.38763365977404	5.52792531710973	5.80339309756327	5.83831846190205	5.70858228765241
4.42679229993502	4.4304718368639	4.71081579713444	4.50047494677016	4.48452525195582	4.30237445117237	4.54921761729768	4.38955801656942	4.4930587210624	4.44041686847497	4.56165623227833	4.62883798357165
4.9552232060519	5.15049353680251	5.08863299433038	5.32822524775585	5.01001975947401	5.06386286613831	5.31137484461888	5.18965150060163	5.45895313926067	5.47013579211208	5.0644878906556	5.47455859011726
3.85602154379066	3.9833735299683	4.31091637974935	4.15229777713326	3.85412598548926	4.20322310307978	4.1516244955203	3.99776465411222	3.95474097478086	3.9760491176212	4.2967790597464	4.49259693734948
4.70927521226096	4.60243366009957	4.80121151868017	4.52704648112897	4.69747947903544	4.61850112975083	4.53130025034262	4.64927977940672	4.35995610310829	4.41323502264406	4.36753952165467	4.90219894178091
9.34453242250528	9.32905636108836	9.1898512168195	9.29244314249484	9.30090079192094	9.30004605149298	9.39015750870115	9.37662367334263	9.43921774571945	8.94657580682972	9.45682019805351	9.44357434434191
4.24328276516561	4.39959634768692	4.18273147455117	4.31434410797242	4.20216987984137	4.42515699217144	3.99012208657961	4.48137289157249	4.50281124580451	3.95076187237334	3.3827971638036	4.2948652988421
4.72201461044688	4.93568944443487	4.51123412104664	4.57873116414587	4.73425208743598	5.07346833332815	4.74061760198596	4.49245339398431	4.4634035222046	4.25854683902936	3.76802287482588	4.54857564171788
9.41047209327245	9.38945271725086	9.4063651064678	9.33811535621882	9.45208202248683	9.46348533702222	9.39713108690325	9.35560213094172	9.37325509719172	9.45479967819425	9.38765641607484	9.33008632074903
7.50934574322297	7.70255776743157	7.48510540385032	7.72010252613725	7.4485548634726	7.48325121347002	7.67873284928761	7.56720082924635	7.73311110524412	7.57283985405185	7.5572497522403	7.48343719497938
4.87791862950369	4.98754093566682	4.8229606348037	5.04893852575255	5.02006309543069	5.04446581636105	4.68502285043025	4.68839834485739	5.02769415660052	4.73087478195217	5.01416263476455	4.7538060234099
4.56095985790072	4.56141863082619	4.3710141229909	4.6038791456507	5.06929613324555	4.71875497184256	4.55809300597857	4.41305980099249	4.45338288473412	4.43141515307634	3.7382069982745	4.50678720337694
8.21364723583739	8.26806436325743	8.1553589746005	8.28335216120872	8.10299082244773	8.20178167873113	8.21612087984214	8.10207830041286	8.25737739644424	8.58369145929772	8.18589727764599	8.21063058531155
5.45623736025798	5.48569476702373	5.50783287571447	5.39373703841556	5.5465649650311	5.59424177411422	5.44608611601114	5.54592175310562	5.53272926548463	5.44422025640599	5.41558026129372	5.27594615181214
10.0204618993428	10.0109615275231	9.98162269133303	9.99880894460488	10.0787260893821	10.0399458655148	10.0359182647538	10.0388162200637	9.98775957119788	9.92020682301937	9.82846618503453	10.0185238487639
9.8808129128853	9.93809421777718	9.78193760266203	9.84532015127565	9.88559704174572	9.92064736465608	9.88166563616077	9.89586339455883	9.88215814441353	9.66423138678917	9.77431698270878	9.92708881731156
8.87221303377824	8.92311765140936	8.716279394061	8.84425976600545	8.78163433964881	8.86066571473003	8.80669435791991	8.88805660615371	8.8744627688571	8.47510537892643	8.81353294992515	8.72138488451146
5.11743918274483	4.85964386869964	5.12417533511405	4.83336933494906	4.89486785030477	5.0148927216293	5.16846870363532	5.09789224036394	4.93675840071774	5.201944101039	5.22834220634058	5.24159803172434
8.99564011164237	9.05153035037628	8.92902261930003	9.1106962461273	9.00594786830628	8.98205697312565	9.03772508599995	9.02466921356119	9.04403423902338	9.08620286833786	8.89765725142856	9.04184249966185
4.78403758896602	4.60243366009957	4.57658873927603	4.70020725438082	4.42620828596594	4.28629675245501	4.68502285043025	4.14506968756294	4.33835575229007	4.84945746370475	4.40651544457888	4.46381031025369
5.82498675412114	5.91417570153747	5.81124044886716	6.32285496304309	6.0707815625809	5.91060193106552	6.78308494550159	6.79496982101018	6.75915276054081	7.08646170176165	6.73082820438614	6.83074742041539
4.07301851424687	4.36801101532849	4.42873112234946	5.25951652146463	4.3961778223795	4.48298144807681	5.31659660154974	5.30785783198327	5.39712067870114	6.05808069085281	5.39590018494234	5.58921087503212
6.88776950342664	6.93228952548751	7.19385274278307	6.97134514811855	7.14835617691489	7.16696050515704	7.29975577643523	7.25836200188599	7.29624857803471	7.54520479267806	7.24994537715409	7.32792806253969
8.7623052947491	8.92253733399961	8.66541204112721	8.97820133880555	8.71477975164878	8.77583023289943	8.67327241110916	8.65150799125254	8.73254109999858	8.51161036638383	8.80651295112569	8.51012591024426
9.30157186013759	9.33551773738299	9.432156288231	9.16840723450555	9.30667347541468	9.25743505006617	9.14297730688243	9.22353444730415	9.10529475420629	9.19439029332463	9.14898165936707	9.15157835191047
5.17375444793204	5.18618129516265	5.01483678377913	5.11114262366228	5.24291174465687	5.28730755988023	4.92322687003711	5.2695114335063	5.25921104683186	4.95871881300174	4.48153726813278	5.08622695502195
9.77774025940268	9.71270442903371	9.9176175088934	9.66825518779414	9.67612042861141	9.74339951579334	9.5185702144694	9.54884395399782	9.60600101642	9.788734560819	9.56429928415376	9.64779562248777
4.58911467426167	4.41512082300257	4.3710141229909	4.35953246220729	4.75827616999392	4.76648121847303	4.29675862989795	4.47020748026841	4.38124110905392	4.3667169680477	3.98724189489923	4.44920872585806
5.22790319650521	5.26324269456498	5.20111093606526	5.39373703841556	5.27703760287841	5.23663139605924	5.34753386061235	5.2695114335063	5.3489622709356	5.3680565474643	5.38596185391282	5.32604749899502
9.22812779918267	9.16263881433419	9.25366340709139	9.06160534398661	9.18052601178134	9.18092032704608	9.0937485645918	9.16081225704091	9.05135113975724	8.83238303276682	9.07192770356736	9.11386951132981
8.98708638979865	8.95352890626965	9.0484327454234	9.12283204438403	9.22315452638571	9.17154646274635	9.240689452132	9.20016528928505	9.26130775327739	9.4935112080795	9.11667824733222	9.25327186046123
6.0543428372597	6.10732144694058	6.14295602571548	6.23954710151171	6.33455587828429	6.25261179044647	6.62685011136505	6.52885820331943	6.81394824112678	6.42985142631373	6.6667669715135	6.44573671091133
9.42401639813395	9.43336925769035	9.37537044579369	9.42280349093531	9.44894086417127	9.42849408078472	9.41307263128535	9.35716972554721	9.39104828790386	9.44476687896702	9.47939300426706	9.33124703680329
7.02020329549274	7.17824364024259	6.81027186474896	7.21176491904071	7.04285816130356	6.97165627537423	7.32821714042981	7.15381179289599	7.30338514153802	7.16327565444799	7.35469876860115	7.07923467937543
4.68344524183241	4.44565322279153	4.51123412104664	4.40331576717445	4.48452525195582	4.75469095802951	4.42853914122007	4.62931948034813	4.35995610310829	4.32834873684534	4.44449824150849	4.49259693734948
5.87058406490251	6.0285264177219	5.67946204313327	5.85122249911181	5.89703764206617	5.83176174071419	6.00969992429836	5.75514507316266	6.01437052705898	6.28284319437448	6.19361675129951	5.71494546433056
8.99929014106533	9.02700526510113	9.0484327454234	9.09691728582738	8.94121917612929	8.98631748755189	8.96150008438172	8.90845067894603	8.92636103959292	9.05957081809104	8.94053249811225	8.91360027880352
7.8918116363313	8.01757251252964	7.88902860479905	7.99312162785983	7.98409270694747	8.03914369458184	8.33323633112753	8.17968723009214	8.3393978656981	8.645255360156	8.69866365287351	8.43958459404034
4.39515739801398	4.3519418093718	4.23213158600081	4.91562626393847	5.03995044745971	4.83534442643807	5.63331325730896	5.74583463224949	5.72981368854333	6.06925151535833	6.04105591496284	6.0648181894615
2.67884030784102	2.77633185865855	2.72531679911881	4.02663807402839	3.24533102164159	3.09131802022336	4.04178067528651	4.04354053532574	4.23698696064082	5.50395533512624	5.03953761564441	4.70505172349364
9.76792073055225	9.73986646256892	9.75877306152591	9.88602126229709	9.74394042079984	9.75874764061665	9.65700281396881	9.64999002417002	9.71073434569403	9.75809898396699	9.65006200613391	9.62456336600764
4.32967145614426	3.94043561522057	4.19938495557209	3.86779387118451	4.20216987984137	4.42515699217144	4.11593707471602	4.18650600720903	3.63997636102423	3.07332450339315	2.83461360523029	3.82170463657887
8.7858327598316	8.75088504388579	8.83858563235645	8.73852774605931	8.69152733716754	8.72860382018894	8.63929387455737	8.71555890139749	8.69410643041413	8.60496631782745	8.57008128618283	8.68089463349688
7.7951672501156	7.84956780295522	7.87181520292792	7.97844634953879	7.79625629195016	7.80475126951967	7.91833758666699	7.69765813787851	7.79436740786122	8.18739064261269	8.05701677062017	7.77951931277135
7.67903364276136	7.72494362230103	7.60667552983698	7.68280487022579	7.7136746940009	7.61067464295006	7.85500743130669	7.7255282749079	7.87544304241935	7.89856742707367	8.05285616470114	7.80521603778028
8.50938591019637	8.59136272783395	8.37386019758736	8.64980051846005	8.51489623449719	8.45822771097876	8.56450150968393	8.4896304146421	8.5311974667458	8.83695289506183	8.38200219944331	8.54566319776188
10.0518745541048	10.0508551339578	10.0129074590664	9.94115244354465	10.0034865984147	10.0043474579807	10.014254819263	9.9937187831059	10.0090609445121	9.77640641207225	9.92646394670856	9.99515063452111
3.0564738832413	3.20922216460996	2.53073969713886	2.95335469564464	2.83498842329264	2.58551596213041	2.4414654331079	2.82390510933086	2.33874306581724	1.78694255705352	1.90783554373939	1.81304497445214
4.78403758896602	4.87076863755619	4.94704950433578	4.88534016030991	4.73425208743598	4.71875497184256	4.59305500002903	4.86963525638623	4.7192071698978	4.70143960546071	4.70216265070017	4.82410950070171
4.41106371292842	4.47552182189255	4.47056644728948	4.68852046912714	4.31836387566474	4.46873252148337	4.27536464031404	4.17282441330482	4.10268314458556	4.32834873684534	4.44449824150849	4.34284558991769
9.51028205788435	9.50927321536594	9.56137877198156	9.40972241420643	9.34141421003404	9.26922993600258	9.15305376800953	9.21966552294595	9.18773485246944	9.35473091410725	9.12034752231421	9.27811160241772
9.71228760067596	9.68399450338373	9.78659823610341	9.60355699097581	9.64194796756455	9.66737503423546	9.47855608896872	9.56421593036198	9.49632549296752	9.7711725185591	9.45421854969141	9.52992520328439
9.06574230844633	9.11402639970229	9.11235368348761	9.29467315015146	9.21398986032992	9.15769152134727	9.1400852591073	9.07829229587029	9.18499535922241	9.19291936756744	9.22642516630501	9.10176328721774
8.42608708385431	8.35410277502008	8.64204707668319	8.28517868486411	8.3683697905719	8.33108714127001	8.25287598836231	8.38661374032431	8.1961620005991	8.62768947872333	8.03356637934633	8.36228780381398
5.00795198804531	4.96703456323432	5.15027448765483	5.267318477935	5.13561803053907	5.16629105585643	4.90250307734708	5.00773488618914	5.02089695541889	5.49136918430588	5.19471497300947	5.33423858803595
5.43347092508012	5.78374726315467	5.67345311202538	5.66464466791518	5.52526711677132	5.63433082988697	5.87501211136839	5.74583463224949	5.86572544191374	6.02689006266369	6.0378396372684	6.07985564913632
6.39768718005651	6.16466755226525	3.98575969047314	5.20365794236097	4.75827616999392	4.9118900778565	5.70662660079909	5.88385973687296	4.5411818027146	4.34766516088756	3.22147839737769	3.70628580220382
5.7475887393271	5.20368346111368	3.01358129690924	4.52704648112897	4.11329938001861	3.92229959809641	4.80906740423234	5.210030560705	4.01029043677337	3.46741365978559	2.49504604666661	2.90197195645492
9.86382104399695	9.76869838230987	9.89386963414916	9.78118562189039	9.88559704174572	9.89916651227851	9.92897869556152	10.0380800116883	9.89545340950054	9.9226473654397	9.88291615752484	10.0816144985762
9.74127588664676	9.70582917808671	9.83101450247873	9.68422922860663	9.7813622488298	9.78690158262447	9.70464562330077	9.68731251774748	9.71537027014912	9.94682009368241	9.71238919067449	9.66463947494159
5.11743918274483	5.27979592428823	5.01483678377913	5.11114262366228	5.35109786482009	5.20187261049941	5.76878791601841	5.86246318432669	5.36519246093967	5.62008620431079	5.48248385349094	5.59609586292396
9.42939784040149	9.27534366484389	9.44443008429636	9.46962274724654	9.54780771323573	9.53948171136423	9.60065378622061	9.6848121669919	9.47657517680314	9.60663607344926	9.41831114352817	9.73331356961909
5.69139837488902	5.42043124161823	5.59934407113186	6.05650819942636	5.90260897731647	6.08155103861065	6.65170687344337	6.63156752709872	6.56239484000565	6.47835897245076	6.0633776345385	6.60535449039647
5.29700634094453	5.1684532885853	5.15887134874819	5.00276227281643	5.20799219109388	5.40699279896388	5.56484074334297	5.57246308887154	5.13864677215134	6.01537231423658	5.93107408689163	5.94427320311748
9.28331869603034	9.28518604879181	9.37394581110756	9.18102430307397	9.27875992551828	9.2879113476948	9.12224299546877	9.16707350259745	9.13194242577388	9.07246921959774	9.05925482362265	9.21929582387308
5.52240747900247	5.44253200955441	5.77799572794351	5.68792204979909	5.75672022007385	5.49632108552587	5.9371921557475	6.05972079340496	5.82704951333791	5.98023545151817	5.82352187260282	6.07985564913632
6.87133709241011	6.85869272213649	6.91668144277864	7.12712359556427	7.1189626158294	7.25921340451013	7.73479634504203	7.81174354737133	7.66250527599277	8.00902600510317	7.47606828580354	7.85687443180282
6.41303004466253	6.33128196250623	6.51110001312415	6.50860055096613	6.54077354508885	6.49429421475616	7.01921655023828	6.94188137425724	7.01633447734676	6.9471991614214	6.85682696540868	7.11987584389021
8.2728944828928	8.24544819089073	8.42486381655477	8.573073192355	8.48730933802148	8.5396103415709	9.21034702013045	9.30696187076622	9.25161011651962	9.32373259489802	8.9569797347575	9.24223629819456
5.90383822290594	5.6893649994056	6.02958910133934	5.95521785495185	6.09053807297966	6.20375740079836	6.56929441096329	6.64422685125825	6.3918504849688	6.34580537022308	6.02814895872439	6.30638989496118
8.60742426674055	8.54707580944373	8.71254403254681	8.80758290907749	8.94562232628546	8.95984986662182	9.27370328757594	9.38855596837245	8.97104174664845	9.12907590971534	8.84961106471898	9.11118760782497
7.9143140394806	7.67116924559473	7.84357210530648	7.46688830527053	7.57422669109013	7.5288077452656	8.18052036211673	8.24751051575135	7.79029478785913	7.6886527023266	7.84484014520463	7.98374664237699
5.83652529324945	5.85050864511583	6.10762911422386	6.13007405573921	6.17635989535457	6.00624729023979	6.88434867987368	7.01600309263516	6.66077547890837	7.07571181114868	6.69603918532253	7.28135607668982
8.758705973197	8.67378570066366	8.72446363871392	8.71518421656548	8.7309293494101	8.73196679810262	9.1411704609451	9.27250231432805	8.98278891968875	8.88073935574388	9.060526970592	9.1934618233662
4.24328276516561	4.50475487041108	3.92707402543459	4.41761283962752	3.89702813636792	4.16866409830308	4.96379667326999	4.61923584809536	4.77671309740589	4.94005061091195	5.22279008024631	4.91303233747947
6.70174170118688	6.62941385517141	6.66530512798552	6.59302702212071	6.89244857332004	6.72495780608399	6.87383491127599	7.04883462580167	6.75708321155921	6.72465120903585	6.70635579489165	6.99179342432356
4.48800602640997	4.4304718368639	4.26415845166866	4.95502042823392	4.72209434386629	4.87956086409501	5.76498082030809	5.74115700689913	5.70871350823181	5.97131075667524	5.65858737459082	5.78928433047768
5.92557910125475	6.05217418650038	5.94213303449537	6.59605877687808	6.23987578167738	6.34580080846009	7.27471234108812	7.37588083927146	7.18478344221473	7.54616692358726	7.07436100776871	7.25637613228273
5.98885689538997	5.78374726315467	5.84374358965896	6.36273084454795	6.38378891609915	6.33342830651406	7.27471234108812	7.26660808527137	7.18478344221473	7.15310551644925	6.7766395782251	7.33228954385947
5.02850262882249	5.15950275890249	5.12417533511405	4.93546109241039	5.11696595058894	5.07346833332815	5.10343867483559	4.98429611195203	4.832036694275	4.98322623435729	5.02690411517727	5.26743203223122
5.15523189264051	5.12310589010227	5.34377340702641	5.12842197592129	5.35910574048024	5.21935246443499	5.37281442231425	5.3328726788946	5.11328966323109	5.32122518097093	5.08293032132932	5.31781177164633
4.98709688227459	5.14142484745959	5.02426829715043	5.02141485730604	5.08854605239418	4.92251380052148	5.18570382943234	5.34522088029957	5.16973530634023	5.24788164066888	5.13692695728809	5.45959557453143
4.944436226892	4.88180404987491	4.88632556266228	4.67673588537064	5.0300396977654	4.7897878946425	4.72495219259118	4.83514656827193	4.89279536113984	4.93377177327753	4.94876863577637	5.17046715105662
5.50069454633617	5.35969642715299	5.51456343608125	5.62899087644514	5.5181001669955	5.64090961719433	6.22697732199515	6.24673693823396	6.11105031011968	6.26604347117591	6.09469694053529	6.27603373631657
9.2057458015675	9.17235183780166	9.2323526249492	9.06107938710248	9.05511278275154	9.0663993496427	9.02914900514536	9.08633333032391	8.9098969525782	8.83085640234594	8.88292786685797	9.02843415004823
9.18779297296787	9.04358104306668	9.13994910633875	9.04733510080237	9.03798422456658	8.95840582184174	8.99792309503916	9.06255540308956	8.94587563127853	8.82588324830266	8.86949764869655	8.9378779451352
5.09815540321299	5.01773778741475	4.94704950433578	5.03064931361455	4.87294814528431	4.90119074087092	4.74061760198596	4.8949764002523	4.66804413043987	4.92746446009159	4.94206865086636	4.9450742210377
4.78403758896602	4.28571687192803	4.53772873691895	4.80124057545945	4.88394799761146	4.76648121847303	5.05421939479941	5.18279464538173	4.80068071130746	5.23273709711169	4.92178610488699	5.52579238563216
9.37509988478042	9.29141287080059	9.49950774780309	9.29199671689564	9.35263184254206	9.33024311635181	9.18847367484789	9.29474822804396	9.18264311830444	9.43959996216164	9.0668714721522	9.30609304181018
4.98709688227459	4.71860717787944	4.63913755749202	5.11980880203205	5.3021324454227	5.12059603306619	5.80260425828843	5.95434387287774	5.38655543672477	5.85300930486383	5.3658841883607	5.91117876614805
4.92261107820331	4.89275152968713	4.96674120574584	5.29810111428571	5.19913391686187	4.98472614743008	5.92701433292132	6.07842553095091	5.65237972188845	6.21689488775715	5.68737505242494	5.8999842540104
6.58854805984982	6.54033349330651	6.55778659729292	7.17008007106832	6.99795588255465	7.14056596353498	7.76155337492765	7.86287437413895	7.79538378783457	7.78263606299439	7.7063932503268	7.9823309493195
6.00424168122449	5.78374726315467	5.78358945354104	6.00677351240259	6.01507127873164	5.82596886071135	6.54958388458886	6.5798008377658	6.31257714067598	7.00373602032937	6.87713462986844	7.25178962731055
5.13646236267541	5.39039941316605	5.22587918782595	4.6528666776571	4.95876996765922	4.93306297013262	4.78661205162897	4.93625618779905	4.50281124580451	4.54412404038364	4.34766263873729	4.7538060234099
10.2575673365492	10.1326296233088	10.2770467687634	10.221825592016	10.3372985324006	10.3191133323327	10.3261750975322	10.4774274656142	10.2167960464154	10.24833314787	10.1196746566268	10.3831120206427
9.94742045269875	9.81342468228181	9.96081021761941	9.98522880522251	9.99767958850886	9.99965712500096	9.90137452591325	10.0324233554082	9.91077317100526	10.0738385574432	9.86127515001063	10.0174189975668
6.70794300589458	6.63249090337175	6.72795641183187	6.6141135054721	6.88668475385344	6.61232691428406	6.77745283337403	6.94598582498612	6.63848151223593	6.75725534662268	6.58205515055595	6.60182764578911
7.43750904050452	7.24281476894358	7.44460156864883	7.547744192442	7.55399833320689	7.56574450525575	8.02462239862798	8.13778607717216	7.943094214042	7.57848953077358	7.36266358256025	7.83517402695128
5.97330210848139	5.97997361102095	6.13420426530103	5.95043601829997	6.10031969146536	6.13919070650097	6.25433255476638	6.21662401480416	6.00746057567607	6.02975465723727	6.01839487289053	6.13855243378485
6.04941220562649	5.82861333794315	6.13858671590883	6.24732750550634	6.27499956172697	6.21275892769808	6.49794552680047	6.49853001381929	6.53129610371957	6.40385515215744	6.47792674265971	6.46131676878132
6.5371040687494	6.39484792402098	6.53463027320997	6.71505482618873	6.69605828497911	6.80270266398595	6.96908793176615	7.08280951064441	7.05904394628369	7.04295441442137	6.87346284443305	7.17644681207604
5.50069454633617	5.30425772383836	5.46678329559194	5.62295981994279	5.436919687195	5.42982742284482	6.20751321137379	6.18241871059041	5.8846853581562	6.11036072030051	5.8818469304515	6.20885591107665
6.32649647704175	6.33891476795553	6.50089812504354	6.54674959819846	6.53713360845236	6.53105033685084	6.99679465203952	7.08094265703187	6.77968826921361	7.02348345395861	6.60203563908426	6.95869898735413
6.08356936580953	6.28852627488883	6.36133291587946	6.1131069885554	6.35114691037857	6.2438464565711	6.36133070839233	6.43591151295848	6.43381012931251	6.70893623760725	6.48032151286647	6.66408482450562
9.77599178831452	9.73441255590862	9.85443432439397	9.71399032888926	9.66889528082423	9.69152056435309	9.62175421742956	9.74516865069793	9.54180398539133	9.6703004724929	9.51262400217919	9.64166668600479
5.44110072095149	5.54121349022523	5.74397479596552	5.57375832515392	5.63551648760579	5.67337849282245	5.68260306596101	5.71277145247951	5.62562673252387	5.80675648535434	5.82352187260282	5.76490876609399
6.09795818504383	6.21555860903155	6.29604720568351	6.19596909569804	6.14356510681756	6.18101490196726	6.08177527306005	6.24673693823396	5.98301454409144	5.96232842077725	5.84932031355775	5.9978693244869
4.81998066224389	4.96703456323432	4.92708804521147	4.83336933494906	4.75827616999392	5.00490430946211	5.02257637262943	5.09789224036394	4.86273250199343	5.21742582128487	5.17186787243474	5.34238552004818
5.32206980229228	4.85964386869964	5.58021254385889	5.61690282333267	5.45200999639852	5.3201668026184	5.43653027600379	5.71277145247951	5.40760991108438	5.390893845068	5.24487558246213	5.5753460784411
6.21246794485229	6.28457259893117	6.17744671826591	6.9121165054365	6.76650277925212	6.62261145041148	7.66462078755301	7.75287531838741	7.5419026223651	7.82734862208355	7.58145254655036	7.82891624480754
6.16322720821491	6.09374076192615	6.11654145839038	6.23954710151171	6.33872085495556	6.31677162085506	6.5801287081412	6.56922308499331	6.48711099468534	6.59556583846534	6.45862881449191	6.67084659072278
5.06872519068874	5.07621050325533	5.22587918782595	5.267318477935	5.26857857697082	5.24519694915147	5.73415445604205	5.90912763676257	5.48396227753183	5.80339309756327	5.67920657098371	5.89435574758483
4.68344524183241	4.65528253899577	4.83371465947197	4.88534016030991	4.91647215292365	4.81273872976392	4.63559137636078	4.79982170981352	4.75234489207368	4.97713974685835	5.0332342483963	5.1885661964633
4.92261107820331	4.60243366009957	5.0796102798757	5.27507744820122	5.04979620816415	4.90119074087092	5.67450490491588	5.57771382985195	5.52310548788488	6.05246145018298	5.97537374367223	5.95514556820087
7.9429108360309	7.83683461221087	8.02946596021331	8.38895436405372	8.44904034571909	8.39967211650855	9.04702265822492	9.09386103990675	8.92636103959292	8.80503303841567	8.70889455397574	8.93335549120155
6.82655577695169	6.71306847438315	6.91924461622536	6.8170298053037	6.96268930980935	6.91929211858146	7.22602714704841	7.3497096721302	7.07578347588764	6.631300655343	6.69810822678321	6.83377902068652
9.64171925299002	9.55398111171192	9.73375044322725	9.48761229453902	9.55953803170583	9.5657527770743	9.42261257127505	9.52250839583957	9.34299139817823	9.467904128557	9.37912322658699	9.46017873575415
5.97330210848139	5.8450674441537	5.99619927349178	6.27041408059627	6.27499956172697	6.07172583696427	6.74703533772253	6.92742405746876	6.52887619110971	6.65705620943401	6.39158988934969	6.72713193042312
4.80810131839485	4.82571865252755	5.08863299433038	5.03982361017165	5.29381401346879	4.90119074087092	5.00324973342213	5.08324810659395	4.73587017426816	4.8360200628061	4.51767828990592	4.92378862650548
4.75955533897751	4.9250801141314	5.07053134876899	4.95502042823392	4.92715883951241	4.77817972498722	5.16846870363532	5.12674623363835	5.2707367749384	5.25788715269988	5.11316957587043	5.40602659612332
4.42679229993502	4.44565322279153	4.45675436540496	4.50047494677016	4.48452525195582	4.38028051037636	4.24266274985003	4.45895584871841	4.2252760783004	4.60123072089818	4.49065499767583	4.64181018535299
6.87133709241011	6.80824429618515	6.90379750624626	7.36891298566885	7.35852133250941	7.27257571916369	7.96591233472279	7.98235681776386	7.86191613413988	8.19826545176927	7.74274199964472	8.2033062467663
6.23861780936065	6.24031425981735	5.95707843452276	6.77765400042055	6.65282351350349	6.55625512732218	7.59189798293446	7.68660565217669	7.4534365433536	7.75807815286441	7.43501892010179	7.64934786699519
4.88922546854224	4.95666544648984	5.0336391572832	4.52704648112897	4.90570885860879	4.61850112975083	4.58439412357427	5.07587047541323	4.5221227468391	5.18103002010221	4.9752714517297	5.17046715105662
9.22295435016936	9.06520112433517	9.13099569120395	8.98543598978185	9.04760027929226	8.98631748755189	8.89565870174511	9.04810013527414	8.79066970653167	8.66432497884984	8.68890602007403	8.87643646601362
5.06872519068874	5.12310589010227	5.0336391572832	4.97431181951193	4.87294814528431	4.82408407041241	4.90250307734708	4.86108931373418	4.81644299469239	5.30686264189289	4.98182418374459	5.26743203223122
4.50290239708012	4.23386538069608	3.78018507418801	4.77940681188841	4.31836387566474	4.51108040638206	4.92322687003711	4.96047412556189	4.89279536113984	5.16513544511247	5.09509972877145	4.99701239886709
4.72201461044688	4.31922832467366	4.79021400437499	4.37427866543785	4.36553445006847	4.64419834525334	4.71705481342715	4.8949764002523	4.76863553096819	4.92112841189447	4.72563942145664	5.09582223949972
9.5795471490281	9.4955721455615	9.5911515978501	9.40807870285451	9.46561827966904	9.47838184180773	9.36098862899065	9.49924539155567	9.22441352876027	9.32212415966811	9.25980002972392	9.34912506215826
3.09727946184486	3.41569510086192	3.08645466782942	2.99302632019926	3.03548222095794	3.29204915301378	3.61668446722454	3.46023724819149	3.32774923364454	3.63722922760743	2.80674841760701	3.01979150972779
5.28004596840533	5.53439510676613	5.43166921747961	5.65876470304335	5.45949865594821	5.4597438430321	5.83926535371097	5.78727095189557	5.94012918732759	5.7864530565344	5.82352187260282	5.84855672062864
5.83076784599209	5.92964192242978	5.94713188580856	5.95998350938446	5.9301597159343	5.86039594933681	6.04462319691458	6.10055880278626	5.96172953814581	5.881951023404	5.76668865704466	5.88870619996483
8.9883115368665	8.84369998038003	9.0250793031318	8.66591098485666	8.83226413352536	8.87829261132264	8.91399449833822	9.01330695288566	8.69026164420072	8.97233780823658	8.46516766166898	8.85671219452978
5.29700634094453	5.42783773635911	5.50107108293717	5.22786913252863	5.35109786482009	5.29558995273545	5.56921745114741	5.59335346886069	5.33804089393107	5.44422025640599	5.5949613250842	5.70219220528462
9.69830620819343	9.67864857661096	9.8022629860484	9.61744551727589	9.80304454802683	9.80716300186348	9.6544774949712	9.71514972911092	9.62466363299278	9.82973949524279	9.46847175298083	9.74967549460789
7.50232481150127	7.27592242993108	7.54465920339696	7.74308934682357	7.9588572704495	7.67140277075522	8.67076432526838	8.81944947589192	8.4563151445461	8.54718161931595	8.66754279532039	8.71703595423441
4.85502879359008	4.85964386869964	4.95692861830305	4.97431181951193	5.06929613324555	4.75469095802951	5.18570382943234	5.28240602248503	4.7847461591195	5.07146471272867	5.2003724527906	5.29283182723925
10.7951433438412	10.6348089772268	10.858128866651	10.6382133607411	10.7354420712556	10.7728946113708	10.6038676619087	10.7202098333896	10.5436435774981	10.587908915166	10.4466064496103	10.6639392378521
6.37042807865028	6.32744959894139	6.12539962383819	6.98289771119064	6.8367778268925	6.83567657926285	7.98467079642752	7.90592267634056	8.02260042412688	8.4815019521197	8.33240805115109	8.2819854070369
7.67903364276136	7.55214887909613	7.66308891276236	7.85890111090889	7.77563351592082	7.79695026342717	8.32047248282942	8.48536162532341	8.18453825835757	8.17581867162331	8.32340050632542	8.34456030167368
10.1908974039187	10.0759025532557	10.3031428959429	10.024786709945	10.1252003333529	10.0965617604918	9.98042856629321	10.0842253085492	9.91860996834364	10.1100763900904	9.92052424591452	10.0335430831237
7.01274858843935	6.93228952548751	7.05835994556816	7.59917900122358	7.38982489428187	7.5602615186283	8.57527473358409	8.64768864687628	8.29103060276844	8.29473945207544	8.30592382160072	8.56505092008718
4.98709688227459	4.98754093566682	4.6873126468193	4.74600802416823	4.67245434761901	4.69431133570426	4.86728335234343	4.95244612153312	4.80068071130746	5.31166665417831	5.30397588220141	5.58229437678846
5.93632490833783	5.77803456699412	5.96202636365291	6.18384635620912	5.94645072342429	6.12498665908535	6.42044715641825	6.51239385813814	6.50198864431688	6.57444968138699	6.61520872156016	6.71407567445627
4.42679229993502	4.04536456129666	4.26415845166866	4.23565047809408	4.55437380530923	4.0786221869945	3.83763953388507	4.21348972364889	4.15296388627816	4.15233034178283	4.02498426861517	3.86551211627338
4.56095985790072	4.38389444595569	4.24823300650037	4.21936995525554	4.01883596183435	4.59235698381527	4.54028692988828	4.3166888807053	4.42290100072126	4.50184843973223	4.80868968201512	4.64181018535299
4.17013935803763	4.28571687192803	3.92707402543459	3.75857252327522	4.07622408577345	4.09706720982388	3.9365318938512	4.04354053532574	3.94051650085475	3.69974582760242	3.5109153368148	3.55503445243711
9.03290830933931	8.99379263599614	9.00440996751618	8.96868421166899	8.91078035954536	8.91888284081145	8.81034277399667	8.88913712459052	8.8505165782878	8.93917719187638	8.82251035892157	8.74636482891854
4.88922546854224	4.91438822011606	4.83371465947197	5.28279390334854	5.07895194226055	5.05419562703088	5.0353175293426	5.03841136756264	5.10688087483424	5.52468239795292	5.14280761238187	4.7538060234099
4.4423470868436	4.58889757575866	4.31091637974935	4.26765752723913	4.34997500381154	4.23700543488623	4.29675862989795	3.91812302655597	4.2252760783004	4.19579513461766	4.48153726813278	4.32702081465937
4.61671739966854	4.76724593668697	5.06139549609237	5.21177467688212	4.73425208743598	4.857615211559	5.09129139287866	5.210030560705	5.13234871910659	5.66171750837778	5.35574303270024	5.60977244701977
4.944436226892	5.15950275890249	5.0796102798757	5.29810111428571	5.22555348049315	5.08301281301366	5.1914031239879	5.2951874995771	5.25341383437213	5.3680565474643	5.18333519154236	5.1521487179413
4.41106371292842	4.31922832467366	4.49780394552749	4.40331576717445	4.5679618901481	4.48298144807681	4.4947792762059	4.45895584871841	4.4432928997399	4.44041686847497	4.109502519576	4.34284558991769
3.28525078764629	3.00975639118293	3.59190242574827	3.21010894429283	3.27762201084924	3.67678112577088	3.00967546681091	3.34360869611428	3.19096176879822	3.29454534573861	3.26347396694054	3.47332524381091
7.72183327930896	7.72355514169053	7.54132091160759	7.295297461588	7.0271631773429	6.98245165749931	6.92734442572265	6.84633578062227	6.89340694181036	6.07203025788868	6.36338924535813	6.49579550139488
5.18292512461456	5.27154423914023	5.37366499321917	5.25951652146463	5.19913391686187	5.23663139605924	5.33214869652948	5.07587047541323	5.32150388852486	5.11080196626213	5.11914451025422	5.22412671310899
8.97415755553873	8.90383655769492	8.84611267469372	8.84364601592343	8.84798650888312	8.81844997791287	8.84276724483456	8.89021684234667	8.82717223370161	8.64350872234554	8.81503294414841	8.80172209828322
4.83176059619265	4.74314178426815	4.77913285797928	4.44577876933455	4.72209434386629	4.70658283650802	4.68502285043025	4.69801606324387	4.68529873433659	4.29886155084867	4.49065499767583	4.44920872585806
7.80655411820711	7.97659146926627	7.83949231618668	8.11565535955709	7.97292928654704	7.94717729076499	8.15628577013544	8.02792520584155	8.12741681548185	8.03903866936737	8.02085025902618	7.98798578184202
8.07894877313521	8.0331851969845	8.04492357434009	8.01981910118679	8.10170586462244	8.04313286233761	8.10655159384379	7.93946842376817	8.06712287629374	8.33458886840826	8.13393890683399	8.01871470469493
4.17013935803763	4.51914140445241	3.92707402543459	4.35953246220729	4.33425262845379	4.39538868277797	4.04178067528651	4.14506968756294	4.29417064325584	4.09601656902852	3.84005351041286	4.17660649190291
8.68926732890742	8.73899543793103	8.77262666397946	8.72256253539657	8.66614479116794	8.7782752057894	8.65054006464246	8.66794376429565	8.67088414407088	8.94903329105274	8.76109570311971	8.58894095643855
4.45773187267812	4.26864955372463	4.24823300650037	4.25174493374059	4.42620828596594	4.51108040638206	4.06692817455653	4.3166888807053	4.08983727282863	3.96346296680084	3.22147839737769	4.17660649190291
9.1391351142052	9.06833669385249	9.16867350646978	9.0355996200477	9.13083335425483	9.06303411317917	8.98386836015168	9.06111631255751	9.01439381706748	9.23780985009533	9.02882604446359	9.01919098833895
3.83236226599285	3.87340273806098	3.4877750153405	3.73567365222301	3.93873840536044	3.96293046339041	3.82293816713999	4.01318362387242	3.88218884249432	3.68437815550732	3.20002847143802	3.32648631244405
9.11472041815983	9.09777303221575	9.06320841176059	9.18584708018783	9.11520643303453	9.13923087667901	9.25278264430655	9.19535860641414	9.20676851924463	9.246899818231	9.10602710351633	9.12188678333353
4.58911467426167	4.62911219635973	4.63913755749202	4.64077862454464	4.34997500381154	4.66946365427378	4.52225687212831	4.74517484108575	4.50281124580451	4.76681373712417	4.52657828131478	4.46381031025369
9.89181310499798	9.84492724201334	9.88653546125778	9.92586369763983	9.92542214764515	9.89491074942963	9.90201266676773	10.0038059057404	9.92050347122372	9.88951147883696	9.91360441278351	9.88946891021928
4.41106371292842	4.50475487041108	4.24823300650037	4.20289901262887	4.07622408577345	4.30237445117237	4.19786626993182	4.43618852542627	4.06380092000476	4.10746321943791	4.25478349018356	3.68210525068942
9.49070679714925	9.53552929734032	9.46555202551548	9.49613542644297	9.5443690361592	9.47787061905141	9.51272255516162	9.54161448613658	9.49252367330947	9.35499290151949	9.41430466192344	9.41090911958852
4.73463975240189	4.38389444595569	4.57658873927603	4.34463021160098	4.30230518646815	4.66946365427378	4.41882133659235	4.447616654953	4.18956824428935	4.11881642676105	4.26539381350264	4.17660649190291
5.2100840485448	5.35191226215349	5.14162660631572	5.73893062740068	5.52526711677132	5.53907042602861	5.87853824031095	5.75977807879979	5.7751864224848	5.77618909722664	5.7589445142625	5.66983010724731
9.72359151082951	9.67395376602349	9.76931514271546	9.69667829618187	9.75552161646428	9.69152056435309	9.59275930678821	9.61693944938073	9.62234382818717	9.60729173159315	9.58620693996471	9.63266405949536
3.75890069999989	3.5951543585131	3.96645922647413	3.86779387118451	3.80996182728504	3.96293046339041	3.908966223291	4.01318362387242	3.60441369523282	3.8584500699529	3.52835113947248	3.38694446352548
7.13668659389667	7.27784531540544	7.28829357815409	7.39147322665989	7.28947592072488	7.3076385448723	7.49262496417117	7.50291756073248	7.62187734350252	7.78668721696225	7.10457445637857	7.38787226965141
9.29469306303272	9.34408590638841	9.1812001266002	9.36210801878831	9.30090079192094	9.37907946872222	9.44823282197327	9.35873563547252	9.41097720324234	9.36569211314341	9.47426355702774	9.38705696514037
4.0322129356433	3.82682534715278	3.88659465221769	4.40331576717445	4.23629573806291	3.90156477969792	3.9365318938512	3.96642841314163	4.43313260069425	3.89876478177221	3.82592312847332	4.00954983788853
9.34262949028971	9.36317112302991	9.33299124997555	9.34113688895994	9.39015682856112	9.39699167434117	9.33216359121984	9.22267557368938	9.32637687492955	9.21163073896793	9.33817376928778	9.26725659161788
4.99756305607939	4.88180404987491	4.62684074418971	4.79036600759302	5.14485789432749	5.15726249718212	4.85294952597121	4.77275444765847	4.77671309740589	4.52736769101513	4.35763420857958	4.40453792010273
4.20718607221257	3.96207230564949	4.0964835980164	4.23565047809408	3.91802810284372	4.20322310307978	4.19786626993182	4.05848506679709	4.07687721404788	3.83090936457316	4.2863905568478	4.15893082574774
8.98278995862618	8.97771694645156	8.91606996753698	8.89547448421209	8.89418932745108	8.84750299426355	8.7389045360631	8.85415680288394	8.71263823071921	8.31536019706997	8.86660393546225	8.64843212028569
8.83447460426593	8.77500635316604	8.75819918246783	8.74183117131532	8.7190465153249	8.71082368584176	8.79891050177834	8.75694404768128	8.72127823830096	8.40946749104192	8.84569963149273	8.68623789974093
4.85502879359008	4.94621747638942	4.89662358240467	4.80124057545945	4.92715883951241	4.83534442643807	4.93006874790728	4.67871672089666	5.05457043859659	4.71623506599711	5.21162340531297	4.81261703293497
9.48813331582537	9.55031052057013	9.39563861675723	9.54845326983596	9.4872299863484	9.44059803608227	9.50404645887602	9.47740937995664	9.43855950777927	8.99525824623559	9.53837794960658	9.34222960276563
5.13646236267541	5.20368346111368	5.31325577373452	5.32075441038902	5.23425769691147	5.24519694915147	5.38280310867618	5.09058857070935	5.11328966323109	5.09407919756206	5.533022392755	4.89128732594163
9.32297466747151	9.22084751168434	9.15603826584627	9.27221255376669	9.29568633244693	9.25150271995024	9.23223096722803	9.33068742977827	9.28234490592659	9.0670020087291	9.30688583718737	9.07656949246835
6.65112253451395	6.48328909805113	6.52123097209313	6.89752311535142	6.68288738361845	6.69269797364854	7.20384688718023	7.25339185819739	7.20167459178757	6.88672179958324	7.02868912528693	7.04275440600464
6.35461112694122	6.58559551652481	6.47333865147914	6.58694386129718	6.58377810171896	6.40222970446284	6.82554461913634	6.76511530523957	6.69575159723402	6.98802104890077	7.03529997484859	6.71735032845339
8.23681100877781	8.31492211360894	8.26005339685587	8.42494724763734	8.29333568312855	8.26953870266871	8.35905218308631	8.27904306963367	8.29464218998235	8.3230835974953	8.33930008438454	8.213064164305
5.06872519068874	5.11385399354309	5.25023346608179	5.267318477935	5.05957782664986	4.99484908467683	5.08517892863793	5.19647623928594	4.95112301950028	5.23780362429525	5.11316957587043	5.22412671310899
4.07301851424687	4.28571687192803	4.56375020927587	4.26765752723913	4.34997500381154	4.18604291036327	4.09164207458184	4.22679647408014	4.43313260069425	4.26873560382094	4.42562781063701	4.10462849673522
9.03823712538897	9.12659189287942	9.05258505684345	9.13036415116622	9.16541038283975	9.18403200379462	9.24574068733349	9.12358889889319	9.20946744348198	9.15653806036269	9.32438848523612	9.30254965864323
7.23365532856285	7.27976551340796	7.28630427582638	7.48311255777399	7.36693296866753	7.33766166408086	7.62768148850415	7.63644307200874	7.69334019892649	7.48722758808642	7.74479254210437	7.51270703622106
9.43386671365338	9.42895994218619	9.43762407599269	9.42402363501818	9.4928391640043	9.46348533702222	9.39592072525878	9.35638613905602	9.37359932975447	9.46645416125925	9.25236488147767	9.43709753916399
9.45687888358028	9.42654888316351	9.45615238048017	9.39776181025835	9.38195950268303	9.34707072304572	9.34852716652236	9.35128252947656	9.41064168442536	9.29667941405977	9.34063461383475	9.30903952788367
2.78316164759789	2.67059497286664	2.30611691773472	2.82715841431233	2.60353531999012	2.97991517399493	3.15808764146422	3.10680576948453	2.81082365698395	2.48523203606256	2.05458450474929	2.11630901013685
9.74628802685775	9.81736440458287	9.70829061427193	9.86952620353721	9.86547980149377	9.92824531108359	9.86211936928492	9.79066913872469	9.87241213878732	9.99724592562322	9.86375023630577	9.80197916174643
4.18878458283314	4.3519418093718	3.96645922647413	4.6285859116617	4.14948120614625	4.23700543488623	4.95711428031707	4.98429611195203	5.13234871910659	5.84975606320783	5.39093930138544	5.31781177164633
8.71478060314877	8.81135675964338	8.61110151650932	8.78792227190283	8.66172479054532	8.65264848902174	8.68971661470527	8.61350908037094	8.66306045409092	8.41462801708827	8.71692227468432	8.54273346716091
8.56257647487341	8.64283115849623	8.51753942176852	8.71854279087595	8.640325761442	8.5614038285451	8.600804830842	8.64959957048822	8.60708659742371	8.74987942296	8.67579569035921	8.45001425743979
9.46693856893212	9.45913933770238	9.47000682485409	9.5011476819824	9.51657237613762	9.43060612960488	9.39197997645116	9.36342329328059	9.45101549326982	9.64650101239746	9.40861031722571	9.39040785837213
5.26287875695865	5.18618129516265	5.38104305317788	5.52277539849432	5.37499449326929	5.35232311966333	5.28497684819563	5.18965150060163	5.31594960747341	5.54104447107264	5.66686930774278	5.28441257299393
5.55786763841896	5.67709794070485	5.5345705750353	5.4765991455582	5.56756493150689	5.53202942720561	5.38777146960305	5.41719002907809	5.54228993589227	5.40889746442563	5.30923424438407	5.49672894706415
7.03008188966171	7.04832946673263	7.08602844257553	7.08067037349738	7.09150348910501	6.94156290370238	7.2532783612497	7.31353639716606	7.29194981222946	6.93082833364631	7.23126592916031	7.285853854499
8.83992814674625	8.87048490654103	8.68154742260583	8.66382004231828	8.81477721866183	8.78558635476147	8.7470202286079	8.74864158051568	8.72343026380272	8.23215185986067	8.5582546146087	8.69333299365749
7.83044964571465	7.88089386242309	7.78114240745881	7.95325747482847	7.81815316313477	7.92435711059133	8.38195688796011	8.42573230577497	8.33659671783794	8.18739064261269	8.39464415805719	8.37435594381504
4.39515739801398	4.17997998613612	4.31091637974935	4.34463021160098	4.5679618901481	4.46873252148337	4.70112830854745	4.58855936672186	4.99338676166817	5.07715290132783	4.98182418374459	5.02733954824547
9.05410359897058	9.00422390588388	9.18499129993413	8.83131450507051	9.17738944676518	9.10751418905969	8.9725244967083	8.91323933083966	8.94449036085343	9.25874094536619	8.85399919452623	9.04955119920105
4.88922546854224	5.00774573284767	4.81212665382776	5.00276227281643	4.83945664979442	4.93306297013262	4.60166385889411	4.74517484108575	4.71080370563847	4.91476336566409	4.42562781063701	4.72962547189549
9.57107311692118	9.56493441007092	9.54879161860263	9.57243818608885	9.51306132997767	9.55753166650597	9.45289514181404	9.47740937995664	9.51143440550901	9.31674923443203	9.47169219954137	9.44680236741692
4.83176059619265	4.47552182189255	4.58931514094488	4.64077862454464	4.69747947903544	4.71875497184256	4.6187279972412	4.52519812133356	4.5221227468391	4.39481408878745	4.17831831250711	4.46381031025369
9.67594364272547	9.65841402165826	9.6090510982036	9.81207568381654	9.6792705307381	9.6763631058578	9.62562784565579	9.649028573099	9.64594863893841	9.55882363650315	9.59126283513774	9.50375790087262
8.7709063025176	8.81324355524387	8.99087774614602	8.94317688147626	8.93827655269412	8.98418873973267	8.98548160814673	8.93276231878816	9.02579818397692	9.24633343248757	8.96558761113699	8.94538542320914
9.7477167952038	9.75419963188836	9.83621309425283	9.75924834154874	9.79224253649256	9.78273283203144	9.63206072016502	9.6426026352517	9.63044704800464	9.90034977969386	9.60073354641555	9.71587327045649
8.81314028701957	8.89023638927665	8.72000520465321	8.91136048413423	8.80997250055472	8.82635767894883	8.79292948876714	8.82623185762723	8.8110616055503	8.52594822712215	8.68781788562198	8.68000224951561
5.95229136183572	5.73736643873184	3.54076862732585	4.95502042823392	4.30230518646815	4.30237445117237	5.30087391346038	5.39359309157947	4.4930587210624	3.988522386645	3.2840362809855	3.65753150228756
9.42850236079617	9.49786516658973	9.4119303470788	9.40107144642538	9.40803494460105	9.40560014740373	9.40135932209993	9.32389078039353	9.34299139817823	9.61339634789492	9.36190889981744	9.23977296883358
8.44152148301869	8.63068214585939	8.54297049881501	8.56934864762669	8.55058985605957	8.52522505954171	8.5918148357684	8.53646788263938	8.55069458319988	8.87926492128426	8.39795324739178	8.50211395123562
4.26098984004828	4.75524672113886	4.35622045553288	5.06699325434658	4.52682306669139	4.81273872976392	5.29559445742816	5.25650171274589	5.1573793255033	6.01826070608222	5.65858737459082	5.44448292630821
9.40091293875941	9.32256445368513	9.30586438598928	9.32857668369725	9.36764391887838	9.31436555870755	9.29756883160587	9.29597420964364	9.23505034413945	9.41497969342366	9.17668409957471	9.16847128702245
4.68344524183241	5.01773778741475	4.80121151868017	5.02141485730604	4.87294814528431	4.87956086409501	5.68663505368937	5.62920608017228	5.53751743731758	6.66432817462302	6.14946512932429	6.1045902803007
3.45105324753302	3.56682548998584	3.54076862732585	3.66465442575659	3.66909548749699	3.88053995444979	3.63364763197487	3.85111908165727	3.51151622819357	3.37403899130366	3.34407435984311	3.41629008904761
9.32007519396012	9.28607732449428	9.30934507220361	9.14530857377087	9.25747884777947	9.20686037950492	9.2030929295692	9.23635716759359	9.21638468002808	8.99559749740785	9.27932568611711	9.17298730557983
9.73696551667901	9.76020680461485	9.75438841309603	9.74086488483712	9.76489254299531	9.81085498202579	9.66455218548784	9.69105501735274	9.71564251308012	9.86467581575843	9.73574619889762	9.70186545030536
5.46374507881196	5.25489068436328	5.52793200442447	5.37943996596249	5.52526711677132	5.63433082988697	5.67855970448633	5.68382190990539	5.58455367806016	5.68023655928786	5.55098338271179	5.81327296476174
8.79639843784485	8.79106804470979	9.00318494539381	8.87641159359024	8.84328705863916	8.91517019259072	8.76969015526271	8.7838952125457	8.84062846298663	9.1760399247902	8.88626660091451	8.82622942823391
7.39827415608176	7.38855496263961	7.23772765336657	7.30448372730567	7.02453132193246	7.17171011574479	7.24379925741098	7.20445235080122	7.30338514153802	6.88672179958324	7.44882801713012	6.93905383495798
6.18133284549007	6.427346451127	6.30388143814965	6.85281302552627	6.70586119114251	6.78440730022389	6.92903771675511	6.93776532901939	6.99009507066118	6.83637204133198	7.06792149826046	6.92200945622504
9.26583159050385	9.2440089072531	9.202732306036	9.19783225500526	9.30897634876062	9.3034951937338	9.18391828194148	9.12358889889319	9.18890734711464	8.87335150212266	9.11626999205564	9.14042998810515
4.39515739801398	4.64225967895935	4.51123412104664	4.6285859116617	4.55437380530923	4.57911240033618	4.71705481342715	4.77275444765847	4.55999492841953	4.64063166121695	4.2863905568478	4.50678720337694
8.7709063025176	8.84677015248927	8.69750608970518	8.71383854083874	8.70620967628603	8.65087683236357	8.58383539026447	8.61024281797369	8.59891198322662	8.48346422429536	8.34136149628221	8.60027540128169
4.41106371292842	4.19817762233594	4.1488424185612	3.98857495854742	4.72209434386629	4.66946365427378	4.36921878527827	4.14506968756294	4.12804025350582	4.0373259966839	3.78271012794602	3.86551211627338
5.42579954973445	5.58801757883994	5.58661766946301	5.49657465127322	5.28544923903653	5.62772312474028	5.52032254730512	5.21676072992341	5.4690083309269	5.84975606320783	5.66686930774278	5.5472289468723
9.33977026000658	9.33422789083496	9.38247280134299	9.37057871825813	9.40101744102925	9.37579964814739	9.34664856770524	9.29597420964364	9.36011366892568	9.68773189355517	9.32367809964578	9.38705696514037
9.06632172557412	8.96201504472033	9.16483958352844	9.06528155222239	9.2352877085897	9.23956736149541	9.04895208467359	9.14639899285351	9.07350698534831	9.14713997219947	8.80097395287206	9.16458964389095
4.26098984004828	4.23386538069608	4.07860406414339	4.02663807402839	4.31836387566474	4.5386637582681	4.11593707471602	4.11677600156144	4.51249896923935	3.74485551734548	3.79725408850748	3.96977774704934
9.63825060098752	9.69330011237887	9.74815415584819	9.61886226743651	9.70113811394347	9.66014568215748	9.69165166675434	9.62413168722717	9.656475738915	9.97930252790589	9.71375722246097	9.55664695638692
4.58911467426167	4.44565322279153	4.53772873691895	4.6038791456507	4.48452525195582	4.66946365427378	4.74061760198596	4.57818865358052	4.62399253150259	4.75969985883195	4.49971729994914	4.58923958990274
9.38760456812215	9.45441802224122	9.37061623691492	9.41913670284661	9.42889278739394	9.44112209064587	9.53816603697964	9.54092409093519	9.51362476520612	9.37527734740281	9.52788188211603	9.50944027793552
4.07301851424687	4.08519058015643	3.46053751710251	3.90921596152186	3.87573028810815	4.0786221869945	3.80808445191282	4.10242042686661	4.40221984527618	3.816931757735	3.62888883314826	4.00954983788853
8.14289395801049	8.20788387659763	8.154262125675	8.12591213862621	8.15474911929151	8.12831834000576	8.24546488954196	8.15039376191008	8.14190834628439	8.39439276111576	8.12681939359486	8.15859872998464
6.75957942319886	7.03692772953582	6.76543251986674	6.84013742652912	6.72527706247514	6.59850382377436	7.00162895912553	6.65427571208921	6.90655059693888	7.49123554525157	6.80192351598811	6.59474916807838
6.00424168122449	5.77229801817082	3.51451271466132	4.70020725438082	4.51285577409012	4.45434723945418	5.34242379925609	5.44041090371713	4.2252760783004	3.65312380259718	2.74940503514016	3.32648631244405
5.90383822290594	5.75494324281664	3.68908267768723	4.82274098607808	4.45564987882135	4.48298144807681	5.24170199335905	5.58294571714373	4.12804025350582	4.11881642676105	2.56281881409907	3.32648631244405
5.02850262882249	5.14142484745959	5.20941388575908	5.28279390334854	5.01001975947401	5.02481520320283	4.93006874790728	4.73586440017258	4.92952266868206	5.43985365886668	5.05206495098729	4.98676658180282
8.72071711755419	8.76332455106962	8.64831445722131	8.80506142310235	8.6085617727069	8.62495037079632	8.56341972043086	8.65721830180836	8.6410418813155	8.35193970770684	8.72914809291843	8.44480842305208
5.44110072095149	5.43520451780065	5.42454370827486	5.77193798702748	5.58140349146974	5.59424177411422	6.13869820363248	6.3019728581559	6.11748739347976	6.13710693255737	6.21949338403848	6.41408629276867
5.12698290670452	4.69362646337832	5.0336391572832	4.89550807120363	4.97948027017594	5.00490430946211	4.82384455255731	4.63933380873895	4.87030652948198	4.71623506599711	4.65406995961908	4.7538060234099
4.68344524183241	4.61583768297576	4.96674120574584	4.83336933494906	4.64700504129272	4.52493534778113	4.62718448603095	4.69801606324387	4.47335575888631	4.64837964879807	4.80868968201512	4.78936654005559
4.98709688227459	4.64225967895935	4.92708804521147	5.08481943592978	5.06929613324555	4.9118900778565	4.92322687003711	4.84384557348468	4.82426069177501	5.17575198654248	5.24487558246213	5.19753507874237
4.90044221228862	4.62911219635973	4.6634241818384	4.64077862454464	4.88394799761146	5.03467261885558	4.55809300597857	4.57818865358052	4.76051296392825	4.44041686847497	4.33762391977074	4.53477415558238
8.50938591019637	8.62492757641128	8.47326115646645	8.43318746740881	8.35973440730278	8.34744476187272	8.38747339518859	8.39876246350356	8.37737767633499	8.40324947692651	8.59866618175595	8.38089817147079
4.53223041396077	4.69362646337832	4.77913285797928	4.59136128953143	4.42620828596594	4.84652106157037	4.58439412357427	4.76361912591446	4.70235152537222	4.73813725367087	4.91496346536665	4.56225222581369
8.83379142352352	8.86807137680808	8.68460067407125	8.86678249938468	8.68194991739387	8.68245151591775	8.78275057083568	8.72707258237536	8.75164872420508	8.89903909573752	8.63632188178176	8.65389119507802
4.34633074989028	4.51914140445241	4.34127505550549	4.48699877177016	4.68501904962111	4.64419834525334	4.31783799056279	4.56774359777504	4.61502021387834	4.46707762433229	4.38715485904165	4.41957537977755
5.09815540321299	4.82571865252755	4.71081579713444	4.67673588537064	4.90570885860879	5.10192187366134	5.02257637262943	4.90332644628598	5.02769415660052	4.88900781157308	4.83777829533951	4.77760576297109
9.64517937900605	9.52957199175871	9.70375115973236	9.3852809349965	9.61450817197887	9.64420921077168	9.54936110262899	9.54712590280801	9.52235344561847	9.6209896287624	9.31119123839839	9.64402691173576
3.38705614122471	3.5951543585131	2.89694596653761	2.95335469564464	3.24533102164159	3.19503158881454	3.33472569658107	3.39138605984755	3.19096176879822	2.37085856426716	2.14496030404454	2.48076570589844
8.98892371078008	8.9943436291646	8.96280050506459	8.99208130077233	8.8903929331979	8.91219345795374	8.90932622548787	8.97511924736447	8.89372324726697	8.93315887449084	8.85156293947654	8.85114295127066
4.74715266938836	4.69362646337832	4.6513314673849	4.66485185247453	4.60800354649189	4.76648121847303	4.50399712593065	4.21348972364889	4.5411818027146	4.60123072089818	4.36753952165467	4.35850637491724
8.81660325037017	8.90912192990008	8.85563665453753	8.92243305981035	8.85811847084622	8.84828047061937	8.77436826219684	8.75101854522758	8.79323434573779	8.83276442867591	8.81653143058698	8.72485504040671
3.09727946184486	2.7244803674266	2.89694596653761	2.95335469564464	2.79146441565331	2.37039954731079	2.81454759785673	2.63921785509274	2.57569517953869	2.75094405034427	2.88882845741329	2.24780514750553
9.5999170287907	9.61211776466697	9.64893217883572	9.6297940202817	9.59180830336668	9.66827626357927	9.46246354648632	9.48532244285012	9.52235344561847	9.69943714240839	9.43686698912024	9.49857349706312
4.63031841264503	4.66818311685087	4.92708804521147	4.55312592164478	4.36553445006847	4.38028051037636	4.59305500002903	4.51436476997741	4.53168341724675	4.66374732089317	4.63768799110215	4.34284558991769
4.80810131839485	4.61583768297576	4.49780394552749	4.59136128953143	4.6341167808092	4.71875497184256	4.16332554574252	4.58855936672186	4.4832405222583	4.66374732089317	4.42562781063701	4.46381031025369
12.5088246528608	12.3976223110338	12.6225680574377	12.3604530936516	12.6315788831722	12.619116981538	12.4248245510306	12.5425072498502	12.4746523079349	12.2243506876521	12.4667505482334	12.600940487657
5.87618126469062	5.75494324281664	5.87028646797157	6.19596909569804	5.65531642016362	5.99591563101084	7.1189561812161	7.11052903486317	7.03356868525537	7.57660885411947	7.50161409802069	7.48737274988156
4.50290239708012	4.44565322279153	4.34127505550549	4.83336933494906	4.51285577409012	4.5657500856826	4.47616381076276	4.598856787992	4.73587017426816	4.84275499206359	4.44449824150849	4.52084546501699
7.56932960322731	7.63015421632135	7.81477075517259	7.62128698338003	7.75795947086405	7.69167162389768	7.74440986660734	7.69888103265886	7.74262326157504	8.11391352917776	7.83811858217038	7.83048312128628
4.58911467426167	4.47552182189255	4.74537465949278	4.5138233835923	4.47015697841287	4.6054858925992	4.34888694520001	4.20006032862809	4.2252760783004	4.32834873684534	4.02498426861517	4.44920872585806
9.45336294321462	9.3981027024689	9.47931780687756	9.48333130604126	9.35374901009897	9.42584983999656	9.26477466055302	9.27830246603981	9.31280404626713	9.39755867014072	9.3832252538479	9.30018277918
3.99018910175635	4.02501009349664	3.71239779474464	4.28339232267659	4.45564987882135	4.04103896694196	3.92281532322338	3.79876330395979	3.92615188207222	4.10746321943791	3.1782653968504	3.58131776236558
4.27847694557477	4.44565322279153	4.23213158600081	4.32956857561271	4.11329938001861	4.28629675245501	4.19786626993182	4.17282441330482	4.30534308882789	4.17423252945658	4.08583941744835	3.86551211627338
9.33642713468813	9.33078236815853	9.28581365712317	9.4446059548555	9.272289316327	9.28907126326197	9.30661832714031	9.21923500763915	9.28673536448966	9.70616910798907	9.07948004012464	9.20422712674793
4.17013935803763	3.8961123699323	4.07860406414339	3.66465442575659	4.16725032627838	4.34960086388285	3.96357742626098	4.07327787451703	4.12804025350582	3.72998093519484	3.7382069982745	3.55503445243711
7.02267945073473	7.03692772953582	7.0348946441531	7.28975680050933	7.1189626158294	7.30547091580102	7.92848538616582	7.911215377566	7.93203476521594	7.90675496044032	7.98291140298676	8.05963558637508
9.79372510631372	9.74306455862926	9.85204076616456	9.72289602377667	9.7597883801404	9.72094963674051	9.61215426922459	9.6175947581596	9.65335399229365	9.76689325310978	9.62182518879248	9.74527079248549
4.90044221228862	4.83712038972436	4.89662358240467	4.72329382947074	4.48452525195582	4.82408407041241	5.16846870363532	4.78183285114059	4.95112301950028	4.86937322418106	4.72563942145664	5.00718922000702
4.75955533897751	4.74314178426815	4.6634241818384	4.66485185247453	4.70983735231248	4.77817972498722	4.58439412357427	4.598856787992	4.6059923397539	4.41323502264406	3.7382069982745	4.54857564171788
4.70927521226096	4.75524672113886	4.75671451227686	4.92557859893573	4.78192190477937	4.82408407041241	4.93687812267216	5.05351076740266	5.22999169191073	5.34951280375518	4.88735630355674	5.11483195213995
5.78384037079685	5.77229801817082	5.85972726431151	5.67050018379803	5.57450015458618	5.51070636755506	5.71848904664726	5.65925001148364	5.70018718561264	5.67285850392698	5.84566204391056	5.40602659612332
7.25688861335026	7.24675145200132	7.29819955599616	7.20980765737625	7.28726624684968	7.19523564283554	7.58441858106172	7.57120930232535	7.57890657941206	7.87142978217314	7.927758253453	7.83361200900512
4.86652023611616	4.9250801141314	4.75671451227686	5.4631229705582	4.88394799761146	5.17526571236674	5.88205571616766	5.71277145247951	5.6743049021639	6.34580537022308	6.15244960306008	6.09474495409034
8.16614385477425	8.17026751036983	7.97713629489673	8.15624172889275	8.11705325337923	8.1195089774125	8.20504698068759	8.28804499071074	8.25737739644424	8.31203699316194	8.29958171929203	8.35234168377769
9.08873496157746	9.04782639660964	9.05495250452707	8.97931678404477	9.03453493950446	8.94607510927399	8.91780271791576	8.94164538154221	8.83615683804187	9.04065305687435	8.99776319397153	8.96028941213375
8.15733197065019	8.05300142676923	8.07071475610328	7.96819620653577	7.99517373973081	7.87319634651903	7.98709955277075	7.94257409964076	7.98740264931175	7.7947542939529	8.3227053586639	8.01733140736415
4.67035032049973	4.50475487041108	5.09760018403687	4.84391806997255	4.64700504129272	4.59235698381527	4.40903719831386	4.40135629192445	4.76051296392825	4.29886155084867	4.60437388668606	4.56225222581369
4.53223041396077	4.50475487041108	4.31091637974935	4.02663807402839	4.42620828596594	4.52493534778113	4.04178067528651	4.26600275989116	4.24860452818633	3.8584500699529	3.86791869803616	4.17660649190291
9.54986759356499	9.65160239914254	9.46599811880803	9.66517554961676	9.658447838302	9.7034494332723	9.70073531719677	9.69261155958522	9.7460830945401	9.36387123544639	9.82059542364839	9.6520242184552
5.90930500217308	5.89327945922518	5.75540358967976	5.76649020638106	5.95184201513132	6.04185895053541	5.89255664732615	5.85814590992297	5.96172953814581	5.93808797838758	6.0313861893844	5.9978693244869
5.21902181756761	5.26324269456498	5.32859448093285	5.77193798702748	5.32681475127259	5.61441993614624	5.46500877620305	5.51888797124252	5.60295136081806	5.75194110761707	5.84932031355775	5.77714569310158
10.1049374625796	10.0794080445433	10.1331449991766	9.99447753160657	10.0480969245343	10.0952059538606	9.91598036413915	9.95889063109801	9.94256985912845	10.0683597270043	9.8355397173244	9.96608356597552
4.70927521226096	4.47552182189255	4.60193135593526	4.68852046912714	4.58142810711407	4.51108040638206	4.8016213059689	4.85249295224978	4.93675840071774	4.95871881300174	4.52657828131478	4.90219894178091
4.74715266938836	4.64225967895935	4.85498750047155	4.80124057545945	4.64700504129272	4.84652106157037	4.55809300597857	4.70757071417107	4.40221984527618	4.64063166121695	4.87335860321873	4.54857564171788
4.79612087253176	4.83712038972436	4.98617034330479	4.85438837501408	4.85070369210053	4.70658283650802	4.67690174829642	4.55722312575127	4.66804413043987	4.58515238952662	4.46313278581227	4.40453792010273
4.73463975240189	4.76724593668697	4.97648815666112	5.08481943592978	4.79360657952533	4.77817972498722	5.16846870363532	5.30785783198327	5.39184762769945	5.32122518097093	5.52849812787688	5.43686954885439
10.072716969965	10.0658372961712	10.1963718337137	10.0221306368436	10.1516878670413	10.0726567735502	9.8518049371882	9.91388379887276	9.92687594908879	10.1583917866154	9.76747386556157	10.0745360208655
8.87088251015168	8.96032200513805	8.87047826526397	8.9737307015878	8.77918028332389	8.88740785198838	8.80303663168038	8.79142236124962	8.86766103770158	9.14683574816375	8.95743402217016	8.79594607945919
4.63031841264503	4.4304718368639	4.32617477810868	4.87509830032377	4.6341167808092	4.52493534778113	4.87439686913843	4.81759118668978	5.01406791711325	5.35417197117394	5.3658841883607	5.17954376830123
9.59554838857601	9.54552404411881	9.5968707787838	9.59422128925323	9.64838614704032	9.64741004954855	9.5444569593806	9.62152043375901	9.59391850613649	9.59544233056848	9.45486938756821	9.61881897304746
5.61280900744782	5.57480688621767	5.44581654927445	5.99753905609408	5.79901803480942	5.8660579164841	6.29967084935454	6.48453298932243	6.35956878958112	6.57638263537958	6.57981847476785	6.58406889586425
9.07325619226756	9.00039001456599	9.01963647731474	9.05475253464449	8.90777741228995	9.03515126425563	8.90250875393296	8.89345120337565	8.87881861379475	9.03571836154773	8.97099866656296	8.91206989666933
4.83176059619265	4.73092924654787	4.95692861830305	4.95502042823392	5.02006309543069	4.75469095802951	4.86013435651494	4.71706311937363	4.97943453067306	4.56068090466216	5.05828936142104	4.76575274355565
4.74715266938836	4.82571865252755	4.80121151868017	4.85438837501408	4.75827616999392	5.08301281301366	4.62718448603095	4.80873353603669	4.66804413043987	4.84275499206359	4.74875219657387	4.53477415558238
8.62259094815736	8.63426655031138	8.53876268841565	8.74710058640973	8.66172479054532	8.74367832478909	8.83383377439455	8.84694764351976	8.82967351586035	8.44821551535779	8.95652530886368	8.87015266391089
5.16452363523514	5.10453937178259	5.1153706936512	4.85438837501408	4.69747947903544	5.14817938495224	4.60166385889411	5.03080258241217	4.81644299469239	4.57704297778188	4.75637750288316	4.56225222581369
4.34633074989028	4.64225967895935	4.6634241818384	4.37427866543785	4.16725032627838	4.36501895289218	4.38926625462009	4.3166888807053	4.27156558560144	4.34766516088756	4.78649457028982	4.40453792010273
9.36482810931177	9.39687031956627	9.28530883684141	9.52707881508172	9.37591955875493	9.38452998412231	9.48937403233514	9.42153068215501	9.51174751557415	9.1073351337745	9.58710040366129	9.45055970041206
4.58911467426167	4.51914140445241	4.48424883634951	4.37427866543785	4.75827616999392	4.77817972498722	4.54028692988828	4.58855936672186	4.75234489207368	3.4308125954967	3.82592312847332	4.22842593060606
4.65713244036084	4.74314178426815	4.6873126468193	4.72329382947074	4.59477462279029	4.48298144807681	4.42853914122007	4.57818865358052	4.4930587210624	4.30876024155976	4.38715485904165	4.10462849673522
4.60298369178767	4.73092924654787	4.77913285797928	4.6528666776571	4.20216987984137	4.46873252148337	4.57568059709132	4.51436476997741	4.57856838994824	4.35722368768018	4.79392971853607	4.17660649190291
4.65713244036084	4.61583768297576	4.49780394552749	4.6285859116617	4.67245434761901	4.64419834525334	4.55809300597857	4.598856787992	4.51249896923935	4.40405505417356	4.40651544457888	4.47827216442607
4.53223041396077	4.68096368759168	4.32617477810868	4.47339239016465	4.47015697841287	4.25361610666376	4.33861184247339	4.36567093987325	4.21347036996971	4.43141515307634	3.81165752551385	4.37400653365012
4.75955533897751	4.44565322279153	4.48424883634951	4.88534016030991	4.97948027017594	4.89041470547463	4.57568059709132	4.37766342769713	4.50281124580451	4.19579513461766	4.06179463596559	4.2948652988421
4.39515739801398	4.30257476989672	4.38565910785822	4.35953246220729	3.89702813636792	4.27004523741088	4.39918581457115	4.2915662058471	4.33835575229007	4.23794260774825	4.2967790597464	4.32702081465937
10.077526701539	9.99908220188228	10.1401824113326	9.93381191207605	10.0627933530621	10.0343064666366	9.87669577727027	9.95083398872138	9.91005864170268	9.99178774109054	9.91240808486993	9.95498965091832
4.07301851424687	4.26864955372463	4.53772873691895	4.41761283962752	4.36553445006847	3.81564136548731	4.40903719831386	3.76278421558156	3.96882801202753	4.40405505417356	4.55296382203435	4.37400653365012
5.92557910125475	5.85050864511583	5.85441882955638	5.93599230664846	5.83434844434082	5.82015357105891	6.19908985299564	6.11874978868822	6.10458468084203	5.98910324037485	6.14946512932429	6.24505529994846
7.77646485892514	7.77535518075705	7.87978512468548	7.88945002120816	7.87003849472986	7.94008312705395	8.08782424759324	7.98135020007597	8.09468823556076	8.49615194896423	8.08500505850226	8.1661424339764
8.97292002236707	8.88069536866136	8.90693411486036	8.72389990448177	8.8766458807637	8.90696994636716	8.80943154021374	8.82510365079947	8.77829624885026	8.94833159569287	8.86708661124212	8.84154766679289
4.37906929270838	4.21613737411873	3.94689968811607	4.20289901262887	4.14948120614625	4.16866409830308	3.908966223291	4.11677600156144	3.94051650085475	4.1633245506079	3.69233432865078	4.15893082574774
4.64378927039123	4.74314178426815	4.80121151868017	4.76836166082986	4.38093430944877	4.74280749297919	4.50399712593065	4.74517484108575	4.5221227468391	4.87594893465239	4.83055918131334	4.77760576297109
4.63031841264503	4.83712038972436	4.89662358240467	4.79036600759302	4.67245434761901	4.9118900778565	4.51315607525506	4.48137289157249	4.67669695709916	4.64837964879807	4.83055918131334	4.71738854488791
10.0047861881849	9.97662883802972	10.0646857140172	9.97564418214131	9.94174060587516	9.9593727277296	9.81273392990733	9.89152684658027	9.83777875234713	9.64160658702666	9.92693810197118	9.82223640639686
10.0198735215318	10.0059583351237	10.0726491830178	9.95125349969716	9.99367420129075	9.98914103712307	9.82423071330173	9.90395979830564	9.84800685101671	10.0563879945457	9.78504463048715	9.87536942690306
4.78403758896602	4.76724593668697	4.69911160787422	4.25174493374059	4.78192190477937	4.61850112975083	4.33861184247339	4.25305086087505	4.45338288473412	4.44041686847497	4.66219392595413	4.60255467364319
8.29009253810185	8.40916943970502	8.1586445762828	8.43974510226592	8.26938459746532	8.20178167873113	8.25085857678046	8.29455708666885	8.31042774490927	7.88053462761325	8.22501087095865	8.204529437629
4.22535011638739	4.06542187294819	3.9069748967246	3.75857252327522	3.74118003996387	4.11528865111043	4.02903951857335	4.13099151963625	3.88218884249432	3.48535920133753	3.06441282679868	3.77658927949562
9.02577169637529	9.04251765180062	8.92256068530118	9.03345534930089	8.9040152626714	8.91293819440715	8.89480013886092	8.9643884747014	8.8999285148316	8.87705033455233	8.89054830074583	8.83189107017732
4.74715266938836	4.76724593668697	4.86550858393099	5.04893852575255	4.80520102422245	4.71875497184256	4.28610154963616	4.54662614053163	4.64177320324293	4.95252387993575	4.82330493764023	4.54857564171788
4.15124385430251	4.38389444595569	4.44281010848031	4.32956857561271	4.05733738231675	4.46873252148337	4.34888694520001	4.01318362387242	4.42290100072126	4.3380404845944	4.45384463032542	4.47827216442607
5.09815540321299	4.93568944443487	4.97648815666112	4.95502042823392	5.11696595058894	4.95394178493914	4.88147525731231	4.57818865358052	5.02769415660052	4.97102650548224	4.76396400339444	4.88029635219919
5.94166720656036	5.89853339085598	5.95211364699845	6.16751864239355	5.91920000941075	5.8716986379261	5.97719579469177	6.12955635771853	6.13345685228426	5.84975606320783	6.01512927655045	6.13374717622803
5.03866652779422	5.037506494623	5.17591439366095	5.13698278976737	5.03995044745971	4.857615211559	4.85294952597121	4.90332644628598	4.71080370563847	4.97713974685835	5.05206495098729	4.98676658180282
4.83176059619265	4.74314178426815	4.8443898993694	4.16936767753781	4.41126813158302	4.64419834525334	4.48550176360814	4.598856787992	4.51249896923935	4.51040699088787	4.16706735998474	4.53477415558238
4.83176059619265	4.9250801141314	5.12417533511405	4.6038791456507	5.01001975947401	4.90119074087092	4.46676462500231	4.56774359777504	4.66804413043987	4.80184733196254	4.92178610488699	4.91303233747947
8.82074759259452	8.93754649067514	8.81367624410199	8.89369826004444	8.79303386500311	8.79930003103753	8.77156323059268	8.77574532848022	8.80446547069941	8.79448953019222	8.68890602007403	8.72398824816708
4.61671739966854	4.49021609508784	4.47056644728948	4.71179785101105	4.49875733128332	4.22020916517027	4.43819150558973	4.38955801656942	4.4930587210624	4.53577110131793	4.80868968201512	4.38934932764831
4.96592815415835	4.89275152968713	4.83371465947197	4.75722919541836	4.90570885860879	4.93306297013262	4.88851886211157	4.81759118668978	4.57856838994824	4.76681373712417	4.51767828990592	4.44920872585806
8.17490092122406	8.15208325517567	8.08228879414645	8.16918437498283	8.18423890115544	8.14826225443865	8.24208349922107	8.31632298751754	8.2350036016998	8.10042025463555	8.24492216948669	8.27499963699372
8.95798413803698	8.96876641676876	8.94823824363036	8.83378946096392	8.93015447515605	8.96129252556216	8.90549538839528	8.84081960179815	8.82867351787002	8.63781695231746	9.00701839791865	8.87329783097402
4.63031841264503	4.70617359576206	4.77913285797928	4.38887205552294	4.48452525195582	4.42515699217144	4.52225687212831	4.45895584871841	4.59690821682974	4.80184733196254	4.88037388267384	4.43446468473156
4.79612087253176	4.84842828439887	4.95692861830305	4.77940681188841	4.75827616999392	4.84652106157037	4.89552802371798	4.82639531646845	4.90021520927936	4.8360200628061	5.08293032132932	5.08622695502195
4.47295033324605	4.53337885255716	4.6634241818384	4.57873116414587	4.45564987882135	4.74280749297919	4.54921761729768	4.43618852542627	4.55061870952871	4.45824737134256	4.64590147817785	4.38934932764831
5.2100840485448	4.94621747638942	5.4173831841423	5.00276227281643	5.26007162431515	4.9118900778565	5.2580835510037	5.08324810659395	5.07440743865029	4.87594893465239	5.27203014261228	5.17046715105662
7.99965494932259	8.06713745872686	8.00900153184402	7.84149974777293	7.90414749922587	7.90555719600421	7.84164049552726	7.82301258301047	7.65245393544539	7.38632073777658	7.81972007742363	7.74013591849509
4.78403758896602	4.66818311685087	4.74537465949278	4.6285859116617	4.79360657952533	4.65688407876858	4.58439412357427	4.77275444765847	4.6059923397539	4.51040699088787	4.80868968201512	4.80103649942255
8.87154792916293	8.86807137680808	8.81576836754643	8.91428277101164	8.90326170023289	8.93217296126994	8.98789808080496	8.88643432462194	8.98683329679732	9.19439029332463	9.08741065900473	9.07931348274262
5.21902181756761	5.35191226215349	5.24216051618779	5.35771846270805	5.34304705128365	5.38380595622749	5.2580835510037	5.24337478571556	5.58455367806016	5.26286304413942	5.24487558246213	5.30953091679929
9.02099377446264	9.03183822416897	8.91737042610499	8.99594329997483	9.12824013577391	9.11078141594999	9.27798250053715	9.26250516330778	9.28819591759226	9.20581043261261	9.34063461383475	9.37075540680972
4.96592815415835	4.77914126161934	4.83371465947197	4.91562626393847	4.88394799761146	5.21063794437478	5.06046502861262	4.91162891345158	4.95112301950028	4.82925236004118	4.88037388267384	4.88029635219919
9.4660666618791	9.42090656949559	9.45615238048017	9.40848981059086	9.51356341094781	9.53702582043985	9.55424852400774	9.53712105887996	9.5748555565738	9.56626992438705	9.5445177611404	9.58143026398046
4.72201461044688	4.4304718368639	4.72242672493163	4.85438837501408	4.88394799761146	4.45434723945418	4.39918581457115	4.36567093987325	4.33835575229007	4.42235479416719	4.33762391977074	4.44920872585806
4.18878458283314	4.28571687192803	4.49780394552749	4.11752441678965	4.3961778223795	4.27004523741088	4.17493184957924	4.3535789281912	4.10268314458556	3.885455970414	3.76802287482588	4.08608529196359
4.42679229993502	4.66818311685087	4.62684074418971	4.13501842487423	4.54066162665424	4.75469095802951	4.51315607525506	4.42467005401741	4.40221984527618	4.51891319583752	4.57029825145523	4.57580614831061
9.6133350144119	9.62783963110793	9.63985570649404	9.6569301030354	9.61356916436402	9.56671701732575	9.49135793672422	9.53157159615554	9.59657935511889	9.76435839334613	9.46943861765624	9.50892458019008
4.68344524183241	4.44565322279153	4.76796679775653	4.75722919541836	4.38093430944877	4.43982296704067	4.57568059709132	4.50345026916592	4.39176820903051	4.54412404038364	4.72563942145664	4.85807165418585
9.45116101269823	9.45205126636366	9.50342544204009	9.45060276820791	9.47851982946584	9.44059803608227	9.41456743869196	9.45816774256757	9.35000438434363	9.55429125454234	9.52415967260889	9.37864708128763
5.39468902624828	5.18618129516265	5.42454370827486	5.77736477424749	5.85170670850454	5.87731827250976	6.59516044866727	6.77205930112365	6.81593868104377	6.631300655343	6.33200399911436	6.6123835832003
4.45773187267812	4.62911219635973	4.77913285797928	4.6528666776571	4.33425262845379	4.61850112975083	4.31783799056279	4.14506968756294	4.33835575229007	4.60920071505233	4.51767828990592	4.46381031025369
8.81105841250834	8.77758887544365	8.80106002911162	8.76344156276425	8.82195558991504	8.83108240939813	8.76123089383759	8.63102148090428	8.7689467525337	8.77514843559281	8.58123037909828	8.79263555846753
4.31281264515714	4.41512082300257	4.3710141229909	4.29895324941318	4.30230518646815	3.57652728367914	4.23159419529453	3.99776465411222	4.34919592871466	4.37614588669767	4.58743343014796	4.15893082574774
8.9352789056109	8.94155955846895	8.91931894040746	8.99208130077233	8.9988920605511	8.93217296126994	9.03850219130079	8.9978510507696	9.05948563251903	9.13399787078719	8.90284902031845	8.96768664779542
4.51764278194568	4.51914140445241	5.01483678377913	4.71179785101105	4.58142810711407	4.59235698381527	4.85294952597121	4.38955801656942	4.4930587210624	4.88900781157308	4.74875219657387	4.64181018535299
4.45773187267812	4.73092924654787	4.93710295562158	4.85438837501408	4.70983735231248	4.75469095802951	4.78661205162897	4.94437364080083	4.94395840059778	4.95252387993575	5.22834220634058	5.11483195213995
4.15124385430251	4.47552182189255	4.45675436540496	4.15229777713326	4.30230518646815	4.31828201231946	4.1516244955203	4.34138572695076	4.4930587210624	4.49323689411419	4.41610225660947	4.50678720337694
4.78403758896602	4.51914140445241	4.41451477808788	4.50047494677016	4.93777000118342	4.33402299908547	4.3590889149032	4.48137289157249	4.4634035222046	4.10746321943791	3.78271012794602	4.2948652988421
5.25421599797678	5.26324269456498	5.07053134876899	5.33565666099533	5.35109786482009	5.05419562703088	5.09737790177906	5.03841136756264	5.13234871910659	5.00730926338449	5.26122760162378	5.24159803172434
8.65709882165042	8.77177135885965	8.69523695289252	8.64202987173091	8.76437111324945	8.75777788112279	8.64595001046898	8.6297314595316	8.66865308470249	8.58960862818414	8.55051665603702	8.55635721119349
5.99400386233821	6.07542180456884	6.00101634805625	5.53569520967295	5.46695015078145	5.39930352132663	5.47903861766423	5.5079324380872	5.44882811931522	5.61623900912229	5.69954445986707	5.42921762248968
7.29001235083271	7.41140989634039	7.38072066904494	7.51658695823766	7.57422669109013	7.56756773228394	7.89437620516577	7.72071942880946	7.87351829360815	8.27608642475665	7.80010474003667	7.89035772392911
3.94687202580131	4.23386538069608	3.71239779474464	3.92947889443268	4.38093430944877	4.41034652261277	4.01618408987127	4.34138572695076	4.16526773155473	3.69974582760242	3.1782653968504	3.79931530517267
4.57510765429526	4.49021609508784	4.69911160787422	4.70020725438082	4.52682306669139	4.57911240033618	4.68502285043025	4.55722312575127	4.5221227468391	4.48457169366025	4.77151209108036	4.47827216442607
9.8251603538587	9.76524518366373	9.84208249761285	9.73794017030531	9.76786197803308	9.69462233509344	9.61241457444501	9.65797754030936	9.66777153055205	9.22665051714874	9.46718162383659	9.69047347544847
4.63031841264503	4.31922832467366	4.00480785359215	4.25174493374059	4.74631217739259	4.83534442643807	4.39918581457115	4.34138572695076	4.64177320324293	4.6713679436522	4.04962522852345	4.47827216442607
4.42679229993502	4.57522680179977	4.34127505550549	4.28339232267659	4.21932975949966	4.63140464675076	4.19786626993182	4.11677600156144	4.40221984527618	4.51040699088787	4.38715485904165	4.31102857835279
9.93434869317849	9.825210118332	9.99843271355073	9.87720865818859	9.89847190644542	9.89336020725971	9.77976563745095	9.83196680221896	9.84028003450588	9.83679732110072	9.83150180963641	9.76106799794644
4.68344524183241	4.66818311685087	4.73394586577854	4.61628671085549	4.48452525195582	4.92251380052148	4.3590889149032	4.69801606324387	4.4634035222046	4.41323502264406	4.32751714117292	4.27852727778894
9.68381101429717	9.6989193490348	9.63827140220235	9.6909721169541	9.62805820036034	9.7152843868099	9.51132673199913	9.59248347736888	9.56553156246698	9.6046672423593	9.42197431647927	9.48448611379692
5.44110072095149	5.11385399354309	5.10651252820339	5.12842197592129	5.31040504556307	5.18418710650702	4.98365894063569	4.70757071417107	5.06121280549646	5.07146471272867	4.82330493764023	5.35854879955888
4.32967145614426	4.25136754664711	4.57658873927603	4.37427866543785	4.30230518646815	4.39538868277797	4.25364648706225	4.02844113548573	3.92615188207222	4.25854683902936	4.09771791960454	3.98979462549051
4.92261107820331	4.94621747638942	4.90684933474662	5.01211944704937	4.95876996765922	4.77817972498722	4.70911368124676	4.81759118668978	4.89279536113984	4.70143960546071	4.74108768543262	4.38934932764831
9.16313357657605	9.0382558369923	9.11859422291335	9.14233234961085	9.15205821537799	9.09239280132716	9.01065364282286	9.03594355678898	8.9984544258666	9.21713755939637	8.91831671336657	8.97724923943293
4.57510765429526	4.82571865252755	5.02426829715043	4.93546109241039	4.69747947903544	4.55226792804253	4.42853914122007	4.63933380873895	4.64177320324293	4.69398242848559	4.7333835642388	4.6157534669578
9.01439753968253	9.04464361191096	9.0238715419945	9.313267095448	9.17927217193627	9.14115114583577	9.3877239415762	9.41702657023687	9.37600668472743	9.11669425505508	9.30292826627024	9.37075540680972
10.0006161228228	9.96824889176264	10.0928047208212	10.0645541545968	10.0547631323338	10.0626408227657	9.90689566429505	9.93009883837623	9.93415831457022	10.0582851327375	9.97130876226569	9.96951001159382
4.87791862950369	4.84842828439887	4.85498750047155	4.56598673742988	4.79360657952533	5.04446581636105	4.80906740423234	4.65915831924656	4.832036694275	4.91476336566409	4.87335860321873	4.60255467364319
5.11743918274483	5.32829159817091	5.4737057016214	5.23584790481202	5.20799219109388	5.44486005312221	5.19707984702075	5.2499530318562	5.04119422539236	5.30686264189289	5.31447412370899	5.35854879955888
7.31836973348012	7.44073470651848	7.34291923071621	7.36716251988612	7.26947080147926	7.45406096618728	7.42120503679065	7.43713049323191	7.47511245567647	7.28101162839127	7.62981740533037	7.44148301785897
5.7414549871732	5.62690417787019	5.99619927349178	5.87163226999167	6.08562326293756	5.84900763350284	5.95065113437315	6.07842553095091	5.93285736670357	6.01826070608222	5.79348067196801	5.95514556820087
4.91157028519675	4.84842828439887	5.07053134876899	5.06699325434658	4.72209434386629	4.66946365427378	4.95040058798555	4.90332644628598	4.99338676166817	5.14365609656932	5.15449978316688	5.1885661964633
7.98848764084135	8.02762958307729	8.0776702047688	8.15022784271029	7.95035031779383	7.95423813277637	8.05657164108143	8.00234449806337	8.09799435265255	8.40273005201897	8.2775278367017	8.09159277140974
4.60298369178767	4.41512082300257	4.49780394552749	4.59136128953143	4.3961778223795	4.30237445117237	4.31783799056279	4.22679647408014	4.38124110905392	4.32834873684534	4.17831831250711	4.27852727778894
8.71552403801796	8.8692786716548	8.78833362744276	8.94260477115318	8.84485517693022	8.78152899602179	8.90975124274593	8.7925769405852	8.8505165782878	9.05567785495075	8.92575882121886	8.79924936433363
9.47519486176171	9.44928488828819	9.35529768607653	9.50037772595399	9.45469464386503	9.49161297428354	9.58614719665775	9.49782350410908	9.49853865160329	9.20843258517821	9.58590899969528	9.52431947286028
8.92122101954422	9.00640990705652	8.8474770603072	9.00308760565139	8.98610744391168	8.99832378041354	9.02640945623059	9.02466921356119	8.99622677529918	8.56993959866508	9.04347509313048	8.93712514201708
4.72201461044688	4.84842828439887	4.55079755751283	4.52704648112897	4.65978361312315	4.57911240033618	4.46676462500231	4.56774359777504	4.43313260069425	4.35722368768018	4.57889046044674	4.78936654005559
8.98401884905089	8.9866095434976	8.9412219022056	8.98599096497756	8.9775234865028	8.97992217915674	8.8595889593051	8.88264196207329	8.91084278265531	8.73195490781539	8.96423177281423	8.86305201390975
5.04875756664887	4.75524672113886	5.33620370829567	5.07593455131001	4.99990879111593	5.11128795069215	4.85294952597121	4.93625618779905	4.84746537806741	4.98928620112944	4.98182418374459	4.98676658180282
9.65474645329224	9.60754219522386	9.69539191854647	9.57316974430836	9.66889528082423	9.70828233397314	9.54281850918244	9.58211514476252	9.53811907101347	9.44501244446139	9.26017081548212	9.57206042083467
8.39470113301574	8.46130203609338	8.38888263712037	8.50759682623755	8.56293210111969	8.55857905383267	8.58116567317253	8.52194882540024	8.60708659742371	8.57316055005231	8.56417967858159	8.68445890927256
4.17013935803763	4.3519418093718	4.00480785359215	3.98857495854742	3.89702813636792	4.16866409830308	4.24266274985003	3.96642841314163	4.26013025629288	3.8584500699529	3.79725408850748	3.79931530517267
8.89856277629378	8.84492887263294	8.86375081227682	8.82261774449215	8.77999874784522	8.78234134432606	8.74654410480605	8.75694404768128	8.70558032784123	8.81433841022843	8.79338745236077	8.73177153865037
4.70927521226096	4.61583768297576	4.6513314673849	4.81203181248525	4.87294814528431	4.33402299908547	4.60166385889411	4.57818865358052	4.41259709202146	4.3380404845944	4.74108768543262	4.08608529196359
8.77019155566696	8.81449998098041	8.61590535732846	8.77251035839751	8.74774333393292	8.78882437540055	8.86134823622714	8.87284460621586	8.90658170700843	8.39072942081649	8.8363686379153	8.84874983560294
7.14578319351322	7.09520961247837	7.22116879643923	7.32628931715203	7.35641103964311	7.44024241385396	7.62872053943206	7.57387550443298	7.52732253073613	7.26697524172284	7.67344141449691	7.76323410962046
8.71626708046968	8.76202042050454	8.65844180537658	8.83811019491933	8.70018138491294	8.66762385957685	8.66119337311929	8.64959957048822	8.67977439730354	8.51879777345947	8.63180789155571	8.57369490301462
8.6423013498744	8.81449998098041	8.50206497125833	8.77186452048622	8.49425372561717	8.61408999483768	8.64850185499608	8.64066040720357	8.56574733937833	7.99447019635766	8.68017862371304	8.50512341567859
7.58600863593461	7.72216525644588	7.53964889337625	7.61835922860223	7.55769654474948	7.47939177489187	7.50852622842992	7.44297049722323	7.51629097485958	7.43195832170774	7.3480287613525	7.36460550566562
4.75955533897751	4.51914140445241	4.88632556266228	4.6285859116617	4.83945664979442	4.69431133570426	4.88851886211157	4.82639531646845	4.80068071130746	4.82245156324365	4.80132796763174	4.70505172349364
3.85602154379066	4.12389458878876	4.44281010848031	4.00773511180839	3.64427718480562	3.88053995444979	4.01618408987127	3.5682184215036	4.08983727282863	3.93794371551794	4.04962522852345	3.79931530517267
8.75220391132715	8.72566295633189	8.66772806343528	8.80695296071499	8.70706888839944	8.68851476441619	8.77156323059268	8.79084472832024	8.75480912359154	8.12854320169397	8.84961106471898	8.62269240901913
6.43573527708861	6.59510352296396	6.67138932775887	7.13540744027956	6.85162931422067	6.80270266398595	7.53648986779595	7.53609726487737	7.55154230715106	7.36457267656984	7.80207792911775	7.72005253684248
7.63489180773444	7.67261166194471	7.73506224429091	7.69673425719397	7.70365370156057	7.7395551499501	7.74536768200703	7.63644307200874	7.77388958510076	8.15362521917356	7.86576988971682	7.70990986636585
5.39468902624828	5.34408374269814	5.28994065667711	5.4495165889527	5.17224114193871	5.46713083824314	5.44608611601114	5.4230300330694	5.47899465087699	5.46155082550759	5.67510548412456	5.51133053145977
4.51764278194568	4.36801101532849	4.34127505550549	4.16936767753781	4.31836387566474	4.57911240033618	4.19786626993182	4.40135629192445	4.4634035222046	4.0131382535676	4.02498426861517	4.12294692985054
4.80810131839485	4.47552182189255	4.89662358240467	4.55312592164478	4.96916082661877	4.86862808499382	4.36921878527827	4.76361912591446	4.56931123495955	4.49323689411419	4.55296382203435	4.19407781051826
4.42679229993502	4.41512082300257	4.19938495557209	4.32956857561271	4.25307214865329	4.6054858925992	4.31783799056279	4.50345026916592	4.20156828744375	4.15233034178283	4.15573084806652	4.44920872585806
4.42679229993502	4.47552182189255	4.40015836906638	4.52704648112897	4.13149927712321	4.6054858925992	4.23159419529453	4.3166888807053	4.33835575229007	4.60920071505233	4.27592915157821	4.19407781051826
10.4262388137491	10.3299415734839	10.391556748534	10.4038019358616	10.492562374957	10.5028758339438	10.4182278503138	10.456580346549	10.4235952149815	10.3517440418908	10.4672054259558	10.4309386478783
4.09298613828674	4.12389458878876	4.13159767612874	4.20289901262887	4.38093430944877	4.30237445117237	4.003212320867	4.26600275989116	3.99660022339289	3.74485551734548	3.20002847143802	3.70628580220382
9.53291967204798	9.57001621778286	9.58335377306009	9.72158021004779	9.59180830336668	9.54828984496572	9.60012883814945	9.58379245477307	9.60570750921967	9.87876781649605	9.72926469245635	9.50995579976497
4.57510765429526	4.66818311685087	4.73394586577854	4.44577876933455	4.90570885860879	4.64419834525334	4.27536464031404	4.54662614053163	4.32743437528554	4.3380404845944	4.65406995961908	4.72962547189549
8.53158166487267	8.60897709022023	8.59497336372036	8.52925073290961	8.54294389108517	8.4399816953316	8.43855258276419	8.48393591185813	8.44008254520108	8.91530548203111	8.46832401290766	8.35012251711114
4.69641947092922	5.02765769655438	5.28994065667711	4.70020725438082	4.85070369210053	4.82408407041241	4.79413632450955	4.66897033642813	4.85511892326822	4.92746446009159	5.10717059742034	5.05707005909462
9.08130346387227	9.04570535960457	9.17794268024648	9.19017350307114	9.13794169737839	9.17842633974576	9.10083247630604	9.12128812619776	9.1755635397251	9.40995254110819	9.03401275007198	9.17363135086056
10.0157479765046	10.0169937474425	10.142427223991	9.9971862255382	10.075967295538	10.0588241431609	9.89412233729713	9.9015355974678	9.9271114327383	10.3172905937906	9.91097122294363	10.0074388193941
4.98709688227459	5.20368346111368	4.92708804521147	5.14549187632585	5.31863231616016	5.29558995273545	5.19707984702075	5.2695114335063	5.01406791711325	4.97102650548224	4.92178610488699	4.99701239886709
8.70283193603877	8.64354247171282	8.81227982451383	8.74775787908952	8.89948820458697	8.86528399946988	8.96231962167808	8.84472224553809	9.00289954215346	9.11513876873503	8.87766613013777	9.08819719766117
3.70770618943041	4.06542187294819	4.13159767612874	4.045290658518	4.16725032627838	4.04103896694196	3.95011844763533	3.91812302655597	3.62230345357773	3.63722922760743	3.59612390690494	3.82170463657887
4.47295033324605	4.14284525402753	4.77913285797928	4.59136128953143	4.21932975949966	4.22020916517027	4.19786626993182	4.08792200828703	4.34919592871466	4.51040699088787	4.46313278581227	4.40453792010273
9.94742045269875	9.91122545783	9.92674927208367	9.90406106921956	9.91277728199589	9.91568802593493	9.82265817261489	9.86578563393933	9.87509879121689	9.82731672983824	9.67272243307865	9.84470587877581
4.53223041396077	4.60243366009957	4.57658873927603	4.44577876933455	4.67245434761901	4.34960086388285	4.32826255063715	4.34138572695076	4.58776713978489	4.43141515307634	4.78649457028982	4.49259693734948
8.6423013498744	8.74561347311278	8.51497173171428	8.82883519185813	8.7544165588164	8.76601037979499	8.54051148203863	8.55492514760736	8.52935617370452	8.16353272446561	8.15742800833728	8.25266255797391
9.24046705036292	9.13507125346727	9.1117850342204	9.05844665210333	9.13148095966802	9.03446469173835	9.01065364282286	8.98930510811754	9.02579818397692	8.75190175888967	9.25385488073526	9.00629871104812
4.90044221228862	4.77914126161934	4.8229606348037	4.97431181951193	4.81670662172718	4.77817972498722	4.58439412357427	4.80873353603669	4.67669695709916	4.71623506599711	4.83777829533951	4.7417641092716
5.69775366284888	5.42783773635911	3.88659465221769	4.70020725438082	4.55437380530923	4.25361610666376	5.02896110787341	5.30153643792402	4.11541682389023	3.66883877402577	2.91521399813287	3.44507671614339
5.28004596840533	5.0951611684941	5.0796102798757	5.10242278440348	4.96916082661877	4.92251380052148	5.1094739287721	5.03841136756264	4.91494257705308	5.04847641787453	5.21721719849223	5.00718922000702
5.43347092508012	5.20368346111368	5.52126305123363	5.52277539849432	5.71319621243451	5.58745507861185	5.35262576895928	5.52976174592599	5.24759347928635	5.43985365886668	5.55544002021071	5.56836568622307
9.10517288658111	9.06990179914476	9.00807886679912	9.04574055501108	9.01926323651267	8.97992217915674	8.98467521111151	9.01479402126981	9.00865800662387	8.55418798261652	8.94420315341863	8.91206989666933
9.27784612055217	9.28072097678525	9.28984593566647	9.27402264340006	9.28870542970251	9.29312393411758	9.20343919619542	9.20539092206575	9.19046920801681	9.40111106076634	9.07948004012464	9.09227982660524
4.05276357642049	4.14284525402753	4.11414640492706	3.90921596152186	3.76445915940695	4.00249197028936	3.73141533853509	3.83387534140777	3.70860065125227	4.09601656902852	3.88165837256079	3.9080854168643
7.92217095601915	7.94029541308022	7.80085313524726	7.85766526217588	7.82744065538999	7.8248464340638	7.89178499501335	7.8791668925136	7.93941704434319	7.64634494797262	7.831366575201	7.90384444710598
5.90930500217308	5.78943630419093	5.70325299983464	5.92139891656338	5.80496447080838	5.76677812386626	6.00002584465859	6.10786247244085	5.86190369133039	5.89146595338234	6.17317527737403	6.19966893914739
4.99756305607939	4.90361246725202	4.96674120574584	4.83336933494906	4.85070369210053	5.0148927216293	4.771443966252	4.74517484108575	4.86273250199343	4.88900781157308	4.54422042962066	4.49259693734948
4.0113578298726	3.85031141388351	3.82368572928499	4.02663807402839	3.76445915940695	3.83758701802332	3.9365318938512	3.99776465411222	3.83685885942188	4.0131382535676	3.99992915559044	3.84376710473555
4.22535011638739	4.54747027297967	4.69911160787422	4.85438837501408	4.54066162665424	4.46873252148337	4.45730339796273	4.32908962828114	4.4930587210624	4.87594893465239	4.71785483910327	4.52084546501699
5.2010891687894	5.04728519389076	5.22587918782595	4.97431181951193	5.09807924713225	5.07346833332815	5.18570382943234	5.32041893602714	5.06121280549646	5.27276173485052	5.61647315771739	5.70858228765241
4.36279519362671	4.56141863082619	4.75671451227686	4.40331576717445	4.51285577409012	4.25361610666376	4.04178067528651	4.57818865358052	4.17746861457621	4.15233034178283	4.27592915157821	4.46381031025369
4.11267448568805	4.06542187294819	4.13159767612874	4.23565047809408	4.21932975949966	4.27004523741088	4.16332554574252	3.91812302655597	4.17746861457621	4.25854683902936	4.02498426861517	3.84376710473555
9.43921070194583	9.47902587017096	9.42712606167092	9.37983801339056	9.56051143409143	9.47889289076742	9.44881644197005	9.47849096781672	9.39715722287209	9.24972829220527	9.33288681209789	9.39875272898656
7.6759261494639	7.79263718783457	7.68293534681661	7.51185334187858	7.53536939538926	7.45012575320579	7.33333176028044	7.12872002076513	7.40776847401582	7.08109714284876	6.48509954302449	6.67084659072278
9.75838658270892	9.76178328378629	9.78373191852567	9.80929532843978	9.76106604845793	9.78690158262447	9.73936647648847	9.77516970719739	9.74848045931056	9.83420123468916	9.78112883067033	9.64355516138751
4.97655230943372	4.71860717787944	5.0796102798757	4.74600802416823	4.94830669794866	4.97453457957632	4.78661205162897	4.62931948034813	4.65058287966975	5.05425921279147	4.74108768543262	4.89128732594163
8.76158616630838	8.84799630290279	8.91802022042065	9.06842496768131	8.91676829620429	8.91665635237609	9.05664392332122	8.96387550900512	9.01615415173679	9.28019125207561	8.97818298954316	9.04885203091268
7.60903218010451	7.66393436080256	7.73506224429091	7.65452581674797	7.56873683807393	7.63700194459713	7.72705883263741	7.70984114401579	7.70203171207368	7.88506479505126	7.4450745678964	7.63693868806648
4.18878458283314	4.12389458878876	4.34127505550549	4.15229777713326	4.30230518646815	4.18604291036327	4.58439412357427	4.38955801656942	4.40221984527618	4.37614588669767	4.66219392595413	4.69261336333303
8.48508479562497	8.58247013078792	8.33658077151818	8.54071551433912	8.3113310820837	8.28883323595939	8.35405132082294	8.3751315765303	8.34289174949982	8.15734880954724	8.39729201689386	8.17115073094903
8.61383016581379	8.68625061784272	8.51839431397769	8.67077781112056	8.53236670715856	8.51167345005471	8.52503336041331	8.48820887399738	8.50770082315616	8.3780956306184	8.59461603025172	8.42380388439494
4.34633074989028	4.60243366009957	4.6873126468193	4.6528666776571	4.26966318074758	4.76648121847303	4.60166385889411	4.48137289157249	4.50281124580451	4.48457169366025	4.67027385973514	3.98979462549051
7.67281178117566	7.78069591225261	7.61940193150583	7.76174193131318	7.70532851838478	7.66116492981879	7.74440986660734	7.67919047563746	7.63781189569048	7.54712838935232	7.71164050718095	7.65287471160256
5.08841353809004	5.27979592428823	5.32094530993633	5.10242278440348	5.05957782664986	5.38380595622749	5.39272266862724	5.16898336619015	5.31037408628979	5.40441836176572	5.5819036287543	5.30953091679929
5.69139837488902	5.65223026729701	5.74970039755108	5.61690282333267	5.73822134385094	5.85471257583561	5.54275447135377	5.68868695297358	5.73399732703151	5.30204197788516	5.49180103465236	5.60977244701977
8.83788554340053	8.83072980970517	8.78264157438957	8.84487324871647	8.67143167383883	8.79769313564084	8.74559138247634	8.70334013759101	8.80497392650674	8.48493411364175	8.7877993778453	8.6189792567129
8.89725693771025	8.94098698023722	8.92061650392039	8.91719900634843	8.96310692709446	8.97492917171792	9.03850219130079	8.93276231878816	9.02010715102971	8.870385336938	8.89292171970461	8.87800334249236
4.70927521226096	4.36801101532849	4.26415845166866	4.26765752723913	4.26966318074758	4.65688407876858	4.20919732255459	4.34138572695076	4.4832405222583	4.47585216557593	4.15573084806652	3.9080854168643
6.31427329843071	6.57922009233676	6.14731227329096	6.22779529861953	6.04065065593142	6.21275892769808	6.28383233801012	6.09689319319196	6.14610766495372	6.01247791116529	6.2051729652406	5.97665841870771
8.69681935287937	8.7652784287829	8.6715799391351	8.8655742199962	8.66172479054532	8.68505304613231	8.66321362812926	8.63681248495336	8.64217916453443	8.46917462292911	8.93039134245179	8.50712640103259
4.0322129356433	4.04536456129666	4.18273147455117	3.88865720893958	4.30230518646815	3.88053995444979	4.1516244955203	4.36567093987325	4.01029043677337	3.95076187237334	3.96153877311266	3.75351627821647
4.31281264515714	3.87340273806098	4.48424883634951	4.18623314308087	4.64700504129272	4.15108202067563	4.3590889149032	4.60908194606152	4.23698696064082	4.20645235284895	4.24409710655001	4.12294692985054
5.2454995992787	5.15049353680251	5.28208530757926	5.34304906401192	5.1263209536073	5.34434829724406	5.16846870363532	5.09058857070935	5.02769415660052	5.38635628745794	5.33008415255227	5.35048876856897
8.88215207642352	8.93926781240436	8.89774062235349	9.03880991674392	8.95657403878733	8.97421452920364	9.01855319818395	8.97155109679112	8.95782649337635	9.22550089098385	9.05458097471377	8.96768664779542
9.12142107607355	9.11705261556712	9.05317727946031	9.1571509662563	9.18989658386763	9.08974739721206	9.15591979384275	9.15677291627214	9.15691425577032	8.94762954612027	9.07780504654043	9.01060836861236
4.84344277022666	4.54747027297967	4.88632556266228	4.72329382947074	5.03995044745971	4.95394178493914	4.37927756825817	4.91162891345158	4.57856838994824	4.57704297778188	4.08583941744835	4.49259693734948
5.08841353809004	5.07621050325533	4.79021400437499	4.97431181951193	5.02006309543069	5.18418710650702	4.82384455255731	5.04598062637825	5.00720674203842	4.75969985883195	4.6127724673966	5.06685166106436
4.11267448568805	3.94043561522057	3.94689968811607	4.32956857561271	4.23629573806291	4.13329186629506	4.1516244955203	3.95050389348498	3.92615188207222	3.69974582760242	3.06441282679868	3.949492177661
8.09982105837019	8.24164236727383	8.18574025711353	8.1522353263587	8.25900172232583	8.2854462638158	8.68027179358829	8.58251324529197	8.70938498203719	8.9171011700453	8.77347994159555	8.70566981505176
6.09317823514684	6.19880350567943	6.39474705146356	6.51181940846099	6.15770781540444	6.19015323102393	6.5801287081412	6.61108101675045	6.45943463796074	6.46795682841698	6.60643961313835	6.61588590742916
4.47295033324605	4.54747027297967	4.58931514094488	4.55312592164478	4.68501904962111	4.27004523741088	4.46676462500231	4.42467005401741	4.37063744767775	4.60123072089818	4.16706735998474	4.44920872585806
7.74719781944989	7.89322699234292	7.60027040423286	7.74040440884936	7.62098292572982	7.82177230108968	7.79893152140733	7.67671034049354	7.86288651488302	7.4361285202559	8.01744089417108	7.70821278339317
5.04875756664887	4.94621747638942	4.98617034330479	5.17902321141691	4.98972927329645	4.98472614743008	4.74838656784673	4.96047412556189	4.99338676166817	4.84945746370475	4.98182418374459	4.9450742210377
10.0362558464836	9.96987481082478	10.1418663449507	9.90752610982166	9.86984167024193	9.89219625017448	9.82737062845063	9.86992389018667	9.79536037842762	10.0193544422305	9.81370622155549	9.85991099207164
4.2957494799718	4.36801101532849	4.0964835980164	4.21936995525554	4.54066162665424	4.49709657995693	4.28610154963616	4.36567093987325	4.20156828744375	4.38551131046443	4.14430746547825	4.32702081465937
7.11600174003914	7.16579127602215	7.16385125330267	7.31542872701791	7.12636512775306	7.19523564283554	7.60357304016204	7.62876748422273	7.61154096849353	7.61557866671998	7.83039950145115	7.74013591849509
5.12698290670452	4.95666544648984	5.08863299433038	4.95502042823392	5.3021324454227	4.857615211559	4.78661205162897	4.98429611195203	4.89279536113984	4.98322623435729	5.27203014261228	5.28441257299393
4.41106371292842	4.17997998613612	3.98575969047314	4.00773511180839	4.20216987984137	4.00249197028936	4.01618408987127	4.11677600156144	3.95474097478086	4.02528470783869	3.66094908240701	4.0290501372003
10.5464073687763	10.4811414234864	10.6477057739063	10.4958155825641	10.5565625647786	10.5234193788185	10.3630303235845	10.4205920489453	10.3980794048315	10.5710747065122	10.3098832003364	10.4434964433886
4.18878458283314	4.39959634768692	4.56375020927587	4.06369941138361	4.36553445006847	4.31828201231946	4.31783799056279	4.41305980099249	4.20156828744375	4.18505562045016	3.81165752551385	4.32702081465937
9.35778140399725	9.27668996720264	9.36106103068427	9.31984873793545	9.29916465012733	9.3274201098875	9.23595885149393	9.27995542032401	9.27573432880116	9.37450262256218	9.26091211044175	9.22987930188819
4.56095985790072	4.36801101532849	4.67541736664952	4.59136128953143	4.23629573806291	4.48298144807681	4.43819150558973	4.50345026916592	4.50281124580451	4.70885701063623	4.95543864302502	4.41957537977755
8.39563430765522	8.35936005738075	8.37102616675159	8.21212809042321	8.28993740225003	8.25115008804589	8.22984401666438	8.23825384615622	8.20232364532269	8.18374672740903	8.0963786383934	8.19963072271287
9.07900893379277	9.18775124466231	9.0702478637541	9.02214404719593	9.08278737974249	9.01580770046868	9.00310852409775	8.9602796836946	8.98233885115215	9.18465330951143	9.01490595141536	8.85034566703778
4.2957494799718	4.33568243088422	3.82368572928499	4.31434410797242	4.41126813158302	4.52493534778113	4.003212320867	3.96642841314163	4.34919592871466	3.62115089623588	3.34407435984311	3.84376710473555
4.56095985790072	4.50475487041108	4.44281010848031	4.75722919541836	4.68501904962111	4.45434723945418	4.52225687212831	4.447616654953	4.42290100072126	4.52736769101513	4.50872484477481	4.47827216442607
9.44718883729917	9.44452952808478	9.36441248479883	9.44660773137008	9.39396698536031	9.4468746652447	9.40075605159764	9.35599418773011	9.37635026833047	9.2031833268752	9.4649212077354	9.31139258749236
9.18619785223957	9.07458644585986	9.14940221462579	9.04520863827543	9.10205859834607	9.07645009245797	9.02444942489511	9.02023365748671	9.01174932357452	8.68695334886041	8.89434395940522	8.8997707262144
6.52658575909927	6.59825829231145	6.49062430766345	6.75348897303553	6.62214535628524	6.77517543599621	7.48575576240321	7.42685382260505	7.47131063601842	7.3765761735325	7.83715588008131	7.52041752349983
9.58195896096948	9.53404239086709	9.45120445135002	9.65036804547783	9.47697748405317	9.5497528625999	9.42528427883754	9.43570253785188	9.46982443444459	9.32373259489802	9.49562631313098	9.40207781773909
4.27847694557477	4.06542187294819	4.48424883634951	4.43176622047894	4.3961778223795	4.25361610666376	4.33861184247339	4.21348972364889	4.5411818027146	4.3380404845944	4.55296382203435	4.58923958990274
4.27847694557477	4.21613737411873	4.04217307339851	4.20289901262887	4.13149927712321	3.85921689479923	3.908966223291	3.79876330395979	3.86723489588938	3.50307613104154	3.82592312847332	3.70628580220382
9.87168893905075	9.86290240206546	9.80438610016183	9.86685709757489	9.9189214261285	9.95304950709665	9.84915952759272	9.83337993301081	9.87607452959209	9.46427637193838	9.82364710154748	9.87739171039546
4.37906929270838	4.41512082300257	4.44281010848031	4.6528666776571	4.30230518646815	4.09706720982388	4.26454669694761	4.52519812133356	3.89699096976109	4.66374732089317	4.31734137379136	4.41957537977755
4.61671739966854	4.68096368759168	4.67541736664952	4.85438837501408	4.49875733128332	4.9118900778565	5.00324973342213	5.02315385594934	5.00720674203842	5.12183980335711	4.83777829533951	4.84683552637875
5.25421599797678	5.18618129516265	5.37366499321917	5.37223662779694	5.3349528369255	5.33633094223745	5.26350272831808	5.10515948258705	5.17587425020026	4.95871881300174	5.3658841883607	5.43686954885439
10.3834865760005	10.2824512840508	10.3981587961391	10.2234396317811	10.3317778702707	10.3642991461476	10.1945504253898	10.2710117297214	10.1593111973424	10.1737433031422	10.0475553397316	10.2977347222827
9.45468245016213	9.44174794792131	9.56887920235829	9.51950145194744	9.49842746495679	9.43166104228007	9.35663942979516	9.31101043976509	9.38730241006618	9.82376815565738	9.36225514163368	9.35198891033074
5.50069454633617	5.71357534300141	5.76108454708484	5.73893062740068	5.45949865594821	5.53907042602861	5.79888604429089	5.74115700689913	5.78731961605141	5.75194110761707	5.95168378104794	5.88303545324219
9.41861430429448	9.47476089823499	9.40590037556648	9.48411063618892	9.42889278739394	9.45727782441423	9.44472610293422	9.38778908464671	9.42167324030191	9.24236226062094	9.39817018235437	9.39764273831722
4.68344524183241	4.76724593668697	5.31325577373452	4.81203181248525	4.83945664979442	5.02481520320283	4.68502285043025	4.74517484108575	4.69385006097755	5.01326541884257	5.14280761238187	4.97645082687943
4.61671739966854	4.89275152968713	4.81212665382776	5.17071493043996	4.83945664979442	4.92251380052148	5.00972094392735	4.87813136818569	4.87784141453492	4.97713974685835	5.10717059742034	5.12424788433454
4.05276357642049	4.04536456129666	3.46053751710251	3.90921596152186	4.30230518646815	4.22020916517027	3.96357742626098	4.15901313411324	4.01029043677337	3.46741365978559	3.32432911577371	3.79931530517267
4.36279519362671	4.50475487041108	4.74537465949278	4.47339239016465	4.36553445006847	4.33402299908547	4.24266274985003	4.25305086087505	4.23698696064082	4.13007770427131	4.15573084806652	4.27852727778894
8.98586017552939	8.90324803704032	8.9759705703157	8.98154502745409	8.9825367570274	8.97206856095846	8.79936954764048	8.77866123708847	8.86229447077931	8.57545667105228	8.96964774292442	8.86778948558984
4.98709688227459	5.26324269456498	5.25826193668735	5.21177467688212	5.06929613324555	5.21063794437478	5.1568623997986	4.91162891345158	5.07440743865029	5.13279072744731	5.3709290125766	5.02733954824547
8.78795224915361	8.94499002578718	8.81994362464011	8.9579707500774	8.81477721866183	8.84672511559137	8.72640273322748	8.75339163865973	8.8236632139266	9.00573674163918	8.87718686823584	8.695101574583
7.20352005772765	7.35989365838531	7.31586236290682	7.55389376352812	7.3815408836007	7.38777465453178	7.48230877711326	7.39105888323754	7.4852024406707	7.24565141416965	7.58259531711849	7.39624487958961
4.944436226892	4.80262732835007	4.90684933474662	4.80124057545945	4.77014558458966	4.83534442643807	4.64394924664334	4.70757071417107	4.66804413043987	4.70885701063623	4.63768799110215	4.7417641092716
4.96592815415835	5.0569947851659	5.35130398569247	5.02141485730604	5.08854605239418	5.04446581636105	4.97044805732737	4.61923584809536	4.83977144457832	5.01919617483989	4.81601522075188	4.91303233747947
8.76517814042396	8.88428102040644	8.79541756812624	8.87581170027302	8.73767755459947	8.70484993202341	8.86090861938815	8.77866123708847	8.7896425863675	8.88735503500736	8.90989969150892	8.76673013063428
9.79095813954157	9.68499455300728	9.84139320539151	9.60570262299203	9.75038544340379	9.71091192735585	9.53322337452243	9.59614490008316	9.56311565965615	9.85300554259631	9.4394990694917	9.62933373685106
4.58911467426167	4.88180404987491	4.6634241818384	4.70020725438082	4.67245434761901	4.9118900778565	4.48550176360814	4.53595152102872	4.65058287966975	4.26873560382094	3.96153877311266	4.72962547189549
8.89529590573473	8.98992948417185	8.90627935693934	8.83502530969693	8.83384380029623	8.90172822075565	8.87578046581039	8.83522620128152	8.93429129405548	8.84226549154447	8.79237299561314	8.87093956954094
4.64378927039123	4.57522680179977	4.80121151868017	4.86478140772762	4.65978361312315	4.73082933796629	4.82384455255731	4.91162891345158	4.90021520927936	5.1704538461397	5.27203014261228	5.14290555623202
5.37089645041599	5.10453937178259	5.23404259141058	5.36499625431097	5.3349528369255	5.22801675643497	5.19707984702075	5.13387132874216	5.24174979606174	5.34951280375518	5.21162340531297	5.25025852664833
1.99539392099731	2.14073273236352	1.88691703635063	2.09304226094192	2.44533933706039	2.04934417415167	1.98983749515912	2.51601105687489	2.25035254831039	1.90290637799166	1.80130851242443	1.81304497445214
9.01619958032816	9.03076570151719	9.07608820715859	8.99373774033702	9.02622418141997	9.04404828840831	9.05395647246136	9.09010204641204	9.02841734099159	9.17663566700269	9.10725997261468	9.0537394297663
9.45424275192582	9.52583551557167	9.45075380538114	9.52367404623234	9.53993627645444	9.592520424873	9.52217827504423	9.4559733460003	9.4454562291124	9.29449225390972	9.37535309342123	9.52788916090386
8.71775198977626	8.8614122247899	8.80597932295714	8.9579707500774	8.71050082847011	8.73615996818677	8.6976221607971	8.74745164247873	8.72396777422825	9.03703599326522	8.60155242492882	8.60027540128169
6.6639489912912	6.79465465574284	6.62825659684734	6.71783518156548	6.60830679632239	6.62261145041148	6.73158105656197	6.64925994450196	6.71292996399967	6.45326186722477	6.3607988986888	6.53689512831625
5.04875756664887	5.32032692979505	5.32094530993633	5.29810111428571	5.1263209536073	5.09249707476094	4.97044805732737	4.9999637795273	5.00031312629892	4.94630122895617	5.19471497300947	5.53297174463717
5.17375444793204	5.2380327863946	5.28994065667711	5.28279390334854	5.20799219109388	5.12984683457066	5.36275563933435	5.18279464538173	5.10044379147415	5.29235023013609	5.60790563911772	5.56135290227785
8.80688540384337	8.81135675964338	8.64518413651428	8.99979473694714	8.86509306823645	8.76107629275981	8.83741384667039	8.80063348031846	8.86912122511731	8.93422282469479	8.85253791932367	8.84555310838588
3.73353615985897	3.50835277414527	3.88659465221769	3.30726812388855	3.27762201084924	3.38318314609975	3.39572940056402	3.41469982194049	3.63997636102423	3.14346172614717	3.24262405877235	3.32648631244405
9.83089297554708	9.77183013987097	9.80615300195312	9.57864435094736	9.69314208430927	9.67322339011005	9.55830868353192	9.62347931244785	9.59095630070321	9.59102791589959	9.53560676277158	9.59853988486624
7.69906684413111	7.832991528734	7.69501552981618	7.83648817828141	7.80567979439266	7.70669590721193	7.71243744751708	7.71347627033847	7.72246874403085	8.19886712176515	7.59057027609342	7.73514003881033
5.49338183434768	5.33621036042226	5.24216051618779	5.42885730097569	5.44448379955142	5.49632108552587	5.57793097763036	5.62920608017228	5.54228993589227	5.66544109875146	5.78968259568902	5.85435807987703
4.90044221228862	4.90361246725202	5.29775388573827	4.83336933494906	5.07895194226055	4.99484908467683	4.7790480726391	4.9999637795273	4.91494257705308	4.88900781157308	4.74108768543262	4.80103649942255
4.65713244036084	4.3519418093718	4.41451477808788	4.68852046912714	4.85070369210053	4.76648121847303	4.64394924664334	4.64927977940672	4.7192071698978	4.42235479416719	4.12119469036102	4.49259693734948
9.68343737291685	9.62679708537902	9.70980062863373	9.61283121093416	9.61215955093498	9.64832332448579	9.58296251689786	9.56421593036198	9.55554005800953	9.67134419499876	9.47201386188658	9.60823053832356
5.32206980229228	5.15950275890249	5.28994065667711	5.23584790481202	5.6087037549636	5.33633094223745	5.26350272831808	5.2499530318562	5.46398940337964	5.7864530565344	5.55988337412064	5.5753460784411
4.50290239708012	4.68096368759168	4.91700382691158	4.5138233835923	4.47015697841287	4.66946365427378	4.34888694520001	4.37766342769713	4.6059923397539	4.75254940516928	4.71785483910327	4.62883798357165
5.6786010695519	5.81753342751275	5.74970039755108	5.70513101597583	5.48174310913198	5.64745973867089	5.55162986003465	5.52976174592599	5.45895313926067	5.68391096082753	5.86386427411921	5.69577498872774
7.65871122362378	7.68695314338984	7.66769290941623	7.75909235472558	7.68340881336432	7.70337013041187	7.68473860119796	7.75875301512437	7.68020500186296	7.69038789927506	7.74684026788393	7.61903264649928
4.83176059619265	5.01773778741475	5.0796102798757	4.6285859116617	4.68501904962111	4.75469095802951	4.54921761729768	4.42467005401741	4.58776713978489	4.73813725367087	5.00131131264874	4.50678720337694
7.80938650123934	7.99495634016295	7.92285713917672	8.16322562332417	7.87303544807459	7.90555719600421	7.86825086422027	7.81287438099057	7.91247654330543	8.21382489311154	7.98203783476187	7.84916000857675
5.02850262882249	4.99768047576322	4.90684933474662	4.70020725438082	5.11696595058894	4.93306297013262	4.89552802371798	4.94437364080083	4.5411818027146	4.6713679436522	4.80868968201512	5.02733954824547
5.51520698303637	5.52065597780101	5.56082648769981	5.38660664575991	5.31863231616016	5.15726249718212	5.41722532840572	5.26302109295196	5.22999169191073	5.45723838740494	5.52849812787688	5.29283182723925
5.47121296843299	5.35969642715299	5.27418738185565	5.29046830676046	5.09807924713225	5.20187261049941	5.33214869652948	5.31415191971958	5.28217210424697	5.05425921279147	5.00131131264874	5.12424788433454
5.14587841043963	5.04728519389076	5.16741778807892	5.41491412231004	5.14485789432749	5.17526571236674	5.68663505368937	5.65925001148364	5.79935267207843	6.45957872974432	6.0915944542269	6.41008297326642
4.42679229993502	4.36801101532849	4.48424883634951	4.28339232267659	4.80520102422245	4.70658283650802	4.29675862989795	4.25305086087505	4.16526773155473	4.23794260774825	4.18948498744045	4.27852727778894
8.7709063025176	8.8765002464793	8.65611096447106	8.88418704083597	8.67845201685505	8.77501435743817	8.70646409166585	8.66101278063315	8.70503599443459	8.96195120153037	8.62330714166422	8.6337774383889
4.07301851424687	4.08519058015643	4.11414640492706	4.09981035252197	4.45564987882135	4.39538868277797	3.99012208657961	4.3535789281912	4.26013025629288	4.51891319583752	4.109502519576	4.19407781051826
4.18878458283314	4.53337885255716	4.53772873691895	4.57873116414587	4.48452525195582	4.5386637582681	4.30733705940429	4.57818865358052	4.37063744767775	4.56888600323303	4.46313278581227	4.37400653365012
4.07301851424687	4.26864955372463	4.16588546347397	4.08187062531961	3.91802810284372	4.04103896694196	4.36921878527827	4.01318362387242	3.82143017562947	3.84474788843968	4.57029825145523	4.15893082574774
4.75955533897751	4.47552182189255	4.62684074418971	4.57873116414587	4.65978361312315	4.63140464675076	4.68502285043025	4.62931948034813	4.59690821682974	4.69398242848559	4.50872484477481	4.53477415558238
7.84707614481211	7.95445947097384	7.84492950058744	7.92760983720011	7.79467994206551	7.86723697102169	8.00478578682324	7.90380020102678	7.90212608541856	7.74062589896284	8.02933971325118	7.90235185219119
7.36956424404961	7.45938140349927	7.36005133342932	7.60953926527729	7.41440617662274	7.32486796557828	8.02304553302089	8.00035802325636	8.03126868398044	7.70847794289724	8.38800386140701	8.05153957293224
9.66083543339248	9.59265457256941	9.71620078964966	9.55068445521034	9.6465494824355	9.66511959420175	9.52023660182114	9.63485391389088	9.55493230601543	9.71327364158549	9.54329182017237	9.61737945660742
4.54666842660047	4.56141863082619	4.57658873927603	4.6038791456507	4.49875733128332	4.51108040638206	4.43819150558973	4.2915662058471	4.21347036996971	4.52736769101513	4.53542545347254	4.37400653365012
4.65713244036084	4.62911219635973	4.80121151868017	4.99334250832409	4.78192190477937	4.76648121847303	4.74061760198596	4.45895584871841	4.5411818027146	4.73813725367087	4.72563942145664	4.77760576297109
9.6424889052192	9.56892884024517	9.59278794134461	9.60570262299203	9.59751552516592	9.56768063947443	9.5185702144694	9.50774770040836	9.5123735340521	9.51888817482866	9.50666540825067	9.54460504224862
4.67035032049973	4.62911219635973	4.49780394552749	4.44577876933455	4.74631217739259	4.49709657995693	4.61022132128062	4.56774359777504	4.62399253150259	4.51040699088787	4.51767828990592	4.7417641092716
8.62734667528908	8.67100029383598	8.56713905293252	8.80947106516936	8.59566560521792	8.57917184846985	8.65257538013145	8.66101278063315	8.69903487571341	8.4839543600445	8.71852264427776	8.48087820751333
4.45773187267812	4.62911219635973	4.69911160787422	4.6285859116617	4.70983735231248	4.61850112975083	4.34888694520001	4.49245339398431	4.35995610310829	4.85612778907541	4.86631015447033	4.38934932764831
8.28101386454945	8.38706411283291	8.3529481609032	8.41249580011041	8.4243580398692	8.34744476187272	8.4129400418448	8.40705633815996	8.40572851152737	8.68186209177582	8.31573599518416	8.3874121997819
4.0322129356433	3.38336651641765	3.01358129690924	3.30726812388855	3.51363194049372	3.98284135713113	3.65041239258725	3.76278421558156	3.32774923364454	2.72037666221657	2.80674841760701	3.730085541765
9.14407728625211	9.0646778329759	9.1117850342204	8.94945480269377	9.04073795872171	8.97992217915674	8.96477542586354	8.99283009802297	8.93939974557556	9.08810845462426	9.02492413815044	9.12188678333353
5.17375444793204	5.24648759121287	5.1153706936512	4.96469915733546	5.11696595058894	5.40699279896388	5.27963840369224	5.11239065894352	5.23588259694593	5.19152637312323	5.13692695728809	4.95560563807038
5.08841353809004	4.88180404987491	4.71081579713444	4.71179785101105	5.01001975947401	5.21063794437478	4.75611365228652	4.69801606324387	4.832036694275	4.60920071505233	4.26539381350264	4.72962547189549
4.17013935803763	3.8961123699323	4.04217307339851	4.15229777713326	4.03821007744505	4.28629675245501	3.97691120327129	4.21348972364889	4.35995610310829	3.68437815550732	3.96153877311266	4.10462849673522
4.54666842660047	4.54747027297967	5.07053134876899	5.03982361017165	4.73425208743598	4.81273872976392	4.70911368124676	4.91988434089078	4.832036694275	4.64837964879807	4.90810945727848	5.01729796825542
5.02850262882249	4.99768047576322	5.12417533511405	5.267318477935	5.19022307096175	4.9118900778565	5.49293246498417	5.33905986035806	5.21813799236815	5.50812553367439	5.19471497300947	5.23288762012752
8.19977821831138	8.10132650619062	7.99804993661214	8.144188164228	8.10041980619074	8.08503802878207	8.16916687153161	8.10300490079084	8.16495702107957	8.01727571890495	8.15665097202409	8.204529437629
4.48800602640997	4.25136754664711	4.42873112234946	4.11752441678965	4.26966318074758	4.57911240033618	4.25364648706225	4.15901313411324	4.16526773155473	4.31858897627509	4.13279587056809	4.43446468473156
7.3042624468452	7.39032659595686	7.18534373332683	7.41706295937778	7.40421283722015	7.4242926567938	7.82814773170639	7.74104831315066	7.71926082851728	7.50912977576018	7.99508791051216	7.75007840322736
7.90244582395442	7.96615231982491	7.84899411613432	7.8675218171354	7.84584505081285	7.80630662454768	7.8380548258843	7.79008925609496	7.73098883847532	8.00695590771212	7.78022785711928	7.66690035499738
4.944436226892	5.12310589010227	5.29775388573827	5.79352077791704	5.28544923903653	5.39930352132663	6.00969992429836	6.02543499870396	6.11427240427687	5.92580745555961	5.94141455008434	6.08483506790267
9.12808998973286	9.14300430443427	9.06262025283082	9.41586930105396	9.14758097589838	9.22451365567837	9.372727506306	9.35834431573195	9.40155336702736	9.16527269547092	9.27235529356556	9.31608774382305
4.53223041396077	4.38389444595569	4.44281010848031	4.40331576717445	4.26966318074758	4.43982296704067	4.58439412357427	4.49245339398431	4.4930587210624	4.58515238952662	4.12119469036102	4.00954983788853
5.15523189264051	4.96703456323432	4.94704950433578	4.6038791456507	4.83945664979442	4.86862808499382	4.75611365228652	4.73586440017258	4.65933964480799	4.58515238952662	4.71002939261337	4.54857564171788
4.47295033324605	4.71860717787944	4.6513314673849	5.01211944704937	4.59477462279029	4.65688407876858	5.26890149437012	5.18965150060163	4.91494257705308	5.0426694776061	4.81601522075188	4.96606417274052
8.61781909988589	8.64709352421221	8.7618194668859	8.67285845598201	8.80434749430203	8.82003484943602	9.00271031026207	8.98172271956569	9.02928934880032	9.2031833268752	8.95151746006685	9.00053331644147
8.7709063025176	8.9248571343771	8.78762333557945	8.93284316542294	8.7469070915681	8.83422399988421	8.83875407181925	8.79199976527749	8.7993711363316	8.80152740945855	8.77860983011648	8.68356862811081
8.87088251015168	8.92137596330733	8.99087774614602	9.10458890208063	9.0914568022972	8.99832378041354	9.15269511151016	9.1427732888483	9.12746691866256	9.09980222342172	9.15535918410181	9.16264507716968
8.44782796220312	8.51543725362833	8.37574649393975	8.58934516430845	8.33572778485132	8.43589677297972	8.35405132082294	8.23402674993578	8.34498406798289	8.55278953084079	8.19879766370507	8.30045778038222
6.51952963459036	6.53374402529287	6.71622867264108	6.80663677259015	6.77274591975302	6.88238326451964	7.50059764650272	7.3804508766151	7.48394500461799	7.73475947193584	7.36001337007004	7.65287471160256
4.65713244036084	4.66818311685087	4.86550858393099	4.81203181248525	4.64700504129272	4.64419834525334	4.65225866523179	4.55722312575127	4.67669695709916	4.67894703692577	4.71785483910327	4.69261336333303
5.78384037079685	5.60759845346233	3.4877750153405	4.82274098607808	4.25307214865329	4.02188902006662	5.16267729902014	5.32041893602714	4.01029043677337	3.885455970414	2.94114063654526	3.09352575405113
5.32206980229228	5.13229590060269	5.02426829715043	5.12842197592129	5.13561803053907	5.06386286613831	5.0353175293426	4.95244612153312	4.93675840071774	4.93377177327753	4.86631015447033	5.12424788433454
9.59952043943969	9.58658246477795	9.6211304466963	9.50920690560191	9.54780771323573	9.58158418764259	9.49531752678996	9.54884395399782	9.48902994173026	9.68484178676584	9.57484313828542	9.61401524291138
10.2795148348875	10.1619057207148	10.2572281099763	10.2134954685695	10.2672428021497	10.1680168195059	10.0347556008867	10.064110833034	10.0634595317	10.1376558940419	9.95325294489426	10.1750602816529
4.78403758896602	4.49021609508784	4.62684074418971	4.35953246220729	4.69747947903544	4.5386637582681	4.29675862989795	4.37766342769713	4.40221984527618	4.48457169366025	3.78271012794602	4.40453792010273
4.36279519362671	4.71860717787944	4.31091637974935	4.75722919541836	4.64700504129272	4.59235698381527	4.76379930443909	4.50345026916592	4.63290997222325	4.73087478195217	4.621123996988	4.58923958990274
4.42679229993502	4.56141863082619	4.77913285797928	4.73469672206326	4.51285577409012	4.42515699217144	4.62718448603095	4.53595152102872	4.72756247650449	4.78093325102575	4.91496346536665	4.57580614831061
4.32967145614426	4.10467887069933	4.52454164484831	4.43176622047894	4.45564987882135	4.52493534778113	4.45730339796273	4.36567093987325	4.40221984527618	4.58515238952662	4.70216265070017	4.81261703293497
4.57510765429526	4.60243366009957	4.67541736664952	4.54014657132479	4.59477462279029	4.64419834525334	4.39918581457115	4.45895584871841	4.35995610310829	4.63284026731653	4.55296382203435	4.49259693734948
5.12698290670452	5.10453937178259	5.00534382689077	5.32075441038902	5.08854605239418	4.99484908467683	5.28497684819563	5.08324810659395	5.13234871910659	5.12183980335711	5.32489895033983	5.19753507874237
8.68319640244304	8.68625061784272	8.5630005561753	8.91719900634843	8.76354408313919	8.80170715805382	8.84543646477218	8.9437276670631	8.89659049895355	8.49518006899891	9.00789685647861	8.7083003678976
5.68501426466296	5.62690417787019	5.66741929914423	6.16340696198101	5.94645072342429	5.96448764659317	6.83822138508144	6.80854518981645	6.87633196055926	6.41039991799441	6.8456323385861	6.68428003231491
8.14735221634377	8.14800941543129	8.21234128296392	8.09491493251917	8.18058419802716	8.18495855590559	8.17769040918901	8.18757519606733	8.14350966112161	8.12727714773874	8.25077109953268	8.20208206506439
6.18133284549007	6.15599937558024	6.22357661653044	5.90665271333281	6.04065065593142	6.0618359953686	6.08482824693475	6.0445821736399	6.06517695724211	6.42339777123532	5.80857694409635	5.84273300541269
4.83176059619265	4.84842828439887	4.94704950433578	4.38887205552294	4.83945664979442	4.80130711193226	4.81647502119607	4.598856787992	4.81644299469239	4.87594893465239	4.84496261831971	4.77760576297109
4.86652023611616	4.58889757575866	5.09760018403687	4.96469915733546	5.11696595058894	5.00490430946211	4.78661205162897	5.00773488618914	4.71080370563847	4.95871881300174	5.14280761238187	5.12424788433454
4.68344524183241	4.73092924654787	4.31091637974935	5.00276227281643	4.90570885860879	4.86862808499382	5.17423680273631	5.2234599557258	5.03445981613188	5.11633183507358	4.83777829533951	4.93446889871961
8.6281377367834	8.64140742629922	8.50206497125833	8.58418808463139	8.55629888623509	8.52811314976814	8.55854153979861	8.47032159994787	8.58951309805759	8.30870582947647	8.63519466499223	8.55053349597754
7.0423334369011	7.05512536573565	6.99411538473049	7.18211646520383	7.00330873359738	7.04564487089863	7.28662957946378	7.23837889034234	7.3062300146606	7.16580661087676	7.21965345265579	6.99723938419307
5.41808613924561	5.3979691372581	5.50783287571447	5.65876470304335	5.72576091443662	5.55305425245375	5.92701433292132	5.83636554854536	6.00746057567607	6.37289895771638	6.10704271820288	6.16235217334603
4.79612087253176	4.85964386869964	4.86550858393099	5.24378172602717	5.04979620816415	5.12984683457066	5.27963840369224	5.21676072992341	5.11328966323109	5.11080196626213	5.25579683374836	5.21531472179588
8.61383016581379	8.64709352421221	8.54967782356323	8.85282429873362	8.72245121775252	8.8001028350622	8.84365753721864	8.81263537596612	8.82416501982133	8.56532526074342	9.01839817938575	8.73435708629279
4.90044221228862	4.87076863755619	4.92708804521147	4.77940681188841	4.95876996765922	4.93306297013262	4.88147525731231	4.84384557348468	4.74413080267014	4.66374732089317	4.7333835642388	4.89128732594163
9.05059313856752	8.90618812257737	9.0105196776357	8.90373403598815	8.9775234865028	8.96489312728467	8.91526502939403	8.98728699277378	8.89467962448246	9.01780705999218	8.86079960314654	8.92351016499118
5.56485372666367	5.32829159817091	5.48059537747647	5.73893062740068	5.4743648479594	5.51784771352943	5.41235819064843	5.46326751428458	5.45389941838542	5.43107911762304	5.65442908979386	5.63005801640811
9.3435812779474	9.37366057272363	9.33250251486155	9.33118455396268	9.3289772380219	9.30922623575145	9.23933944431637	9.26917754609652	9.22898166935182	9.00472613713272	9.22566651787483	9.1031132223038
4.45773187267812	4.61583768297576	4.62684074418971	4.44577876933455	4.47015697841287	4.5386637582681	4.46676462500231	4.80873353603669	4.61502021387834	4.32834873684534	4.48153726813278	4.52084546501699
4.78403758896602	4.90361246725202	4.40015836906638	4.82274098607808	4.31836387566474	4.57911240033618	5.20273417661067	5.23012852134859	4.7192071698978	4.8360200628061	4.98182418374459	3.92893060567335
4.58911467426167	4.47552182189255	4.67541736664952	4.54014657132479	4.78192190477937	4.25361610666376	4.59305500002903	4.51436476997741	4.4432928997399	4.60123072089818	4.64590147817785	4.32702081465937
4.17013935803763	4.38389444595569	4.71081579713444	4.81203181248525	4.5679618901481	4.23700543488623	4.47616381076276	4.37766342769713	4.76051296392825	4.8360200628061	4.9620789396752	4.65467198407853
9.85193612815685	9.76555946971043	9.73152179574402	9.67166912774703	9.78639371891837	9.78064411347883	9.64127363260364	9.69665080464737	9.69342446333763	9.75417249865481	9.58680264192393	9.76106799794644
4.85502879359008	4.91438822011606	4.91700382691158	5.13698278976737	5.17224114193871	4.92251380052148	5.20836628873823	5.068455298874	5.1573793255033	5.50395533512624	5.65858737459082	5.48937490711016
7.55922649364847	7.67980111554118	7.46938988476423	7.88339302459804	7.46632398360473	7.61950174112892	7.73961116546552	7.56720082924635	7.69769243204704	7.39062983548806	7.73037915781807	7.5954330330363
4.47295033324605	4.76724593668697	4.49780394552749	4.6038791456507	4.28607288645709	4.34960086388285	4.74838656784673	4.53595152102872	4.66804413043987	4.68648505090133	5.0644878906556	4.37400653365012
4.32967145614426	4.4304718368639	4.13159767612874	4.13501842487423	4.36553445006847	4.48298144807681	4.09164207458184	4.43618852542627	4.32743437528554	4.18505562045016	3.88165837256079	4.41957537977755
8.86554780403387	8.92427755139143	8.87047826526397	8.90314567185138	8.88047714879609	8.84204937154028	8.72833319909812	8.75457673758254	8.74795291230791	8.83428896724872	8.64810648175322	8.77597329234356
3.87928974118808	3.35025885543015	3.28546758367241	3.51087457298213	3.64427718480562	3.94275230135838	3.47322777094623	3.79876330395979	3.67469221569107	3.2739411144575	2.4240448120641	2.90197195645492
4.93356594977107	5.14142484745959	4.96674120574584	5.06699325434658	4.89486785030477	4.83534442643807	5.06046502861262	4.77275444765847	4.95825260345155	5.01326541884257	5.27203014261228	4.86922485778496
7.66969050740884	7.80447556938502	7.77118614998319	7.847739233128	7.87602643138879	7.89972498500098	8.08480503490813	7.98336274051369	8.039026297975	8.62724747643969	8.09799637499613	8.21549383079034
6.40153860213645	6.3540543310358	6.28817062580918	6.15928324149152	6.19019845531742	6.26999060250666	6.25162040505978	6.24673693823396	6.28992818794209	6.37736368120978	6.33464482200712	6.39396279665288
4.05276357642049	4.46066868861183	4.19938495557209	4.72329382947074	4.77014558458966	4.82408407041241	4.83117638794116	4.85249295224978	5.08096024524345	4.94005061091195	4.94206865086636	5.23288762012752
8.875533851294	8.85837463467976	8.89774062235349	8.83378946096392	8.80595679041238	8.81686343370179	8.71816912323554	8.73549850698482	8.76529458419384	9.12073039635402	8.84961106471898	8.72138488451146
4.42679229993502	4.50475487041108	4.45675436540496	4.55312592164478	4.26966318074758	4.04103896694196	4.23159419529453	4.2915662058471	4.14055532616599	4.04926392555182	4.02498426861517	3.86551211627338
4.7718496869251	4.68096368759168	5.19276040473815	5.11980880203205	4.85070369210053	4.90119074087092	4.65225866523179	4.63933380873895	4.69385006097755	5.03098234854658	4.74108768543262	4.78936654005559
7.50232481150127	7.54741943743053	7.62887431846176	7.28605087852621	7.50315990389528	7.58207448419324	7.60251559216699	7.58977106984271	7.56825990077252	7.93249008865937	7.55841122026409	7.80362273006457
4.11267448568805	3.87340273806098	4.04217307339851	3.7123962703391	4.42620828596594	4.23700543488623	4.1516244955203	3.91812302655597	4.21347036996971	3.48535920133753	3.32432911577371	4.0290501372003
8.8581794156599	8.90677538544041	8.78406667350436	8.83502530969693	8.92793171660471	8.94461776500041	8.85341442985187	8.78098976981777	8.83217051426608	8.43050503186395	8.8363686379153	8.7395149487342
6.0093328039243	5.97997361102095	6.19017311993476	5.97418446543025	6.04065065593142	5.95386392392819	5.91333049923676	5.99032296125597	5.63459905014812	6.01247791116529	5.47310807332075	6.11437188227044
8.63602399770126	8.6689075265659	8.7704716272612	8.54223712393165	8.60488844212315	8.60771835132744	8.67527572477179	8.60631361367284	8.62961998966421	9.01144967052641	8.66312249813623	8.56793774470591
4.37906929270838	4.10467887069933	4.32617477810868	4.31434410797242	4.36553445006847	4.48298144807681	4.11593707471602	4.47020748026841	4.43313260069425	3.63722922760743	3.34407435984311	3.98979462549051
4.68344524183241	4.97732600796321	4.91700382691158	4.67673588537064	4.65978361312315	4.63140464675076	4.70911368124676	4.66897033642813	4.77671309740589	4.60123072089818	4.75637750288316	4.40453792010273
8.58558657796348	8.58914496876133	8.5630005561753	8.71046871501232	8.66526183134996	8.60223536469999	8.69367483797946	8.60171611005376	8.61637323399674	8.4355882252924	8.94695022569437	8.6152569587021
4.45773187267812	4.49021609508784	4.0964835980164	4.00773511180839	4.36553445006847	4.16866409830308	3.95011844763533	4.01318362387242	4.10268314458556	3.92500631828233	3.935384696431	3.92893060567335
8.82762783059265	8.90794915864051	8.81227982451383	9.12081666008172	8.97033250950481	9.02689162534158	9.07266366672686	9.01776361274319	9.14810215908798	9.53693222260821	8.8699793886048	9.06830750071047
4.96592815415835	4.99768047576322	4.88632556266228	4.80124057545945	4.91647215292365	4.86862808499382	4.85294952597121	4.96047412556189	4.70235152537222	4.85612778907541	5.0332342483963	4.68007177908656
4.37906929270838	4.25136754664711	4.0964835980164	4.15229777713326	4.45564987882135	4.36501895289218	3.96357742626098	4.08792200828703	4.10268314458556	3.65312380259718	3.61259638537199	3.75351627821647
9.61764888679839	9.48520592645994	9.62793122318324	9.56141896287983	9.56488395235547	9.57871812290317	9.43149896484806	9.49461917504556	9.4421761444607	9.65792502694888	9.40928137018915	9.48448611379692
4.84344277022666	4.83712038972436	4.92708804521147	4.99334250832409	4.95876996765922	4.93306297013262	4.92322687003711	5.17590536992207	5.02089695541889	4.95252387993575	4.91496346536665	5.24159803172434
9.68306363233531	9.59976403964787	9.65050494070318	9.53799407397359	9.57166043832005	9.61742247158443	9.44326243417404	9.52250839583957	9.4594771068259	9.11638329693779	9.5906689131645	9.48815102659202
4.60298369178767	4.23386538069608	4.27991172649013	4.29895324941318	4.75827616999392	4.61850112975083	4.56691377653716	4.82639531646845	4.37063744767775	4.40405505417356	3.9087635580605	4.57580614831061
8.94478396462813	8.93926781240436	8.97908883328342	8.96924582664787	8.9602069298101	8.99056596094156	8.95616163987832	8.87775151876998	8.9724020300742	9.24519996855052	8.90237778777679	8.90900447527679
7.6571357406478	7.72077396372227	7.55297162598832	7.8773098637745	7.58333207452672	7.63351816435781	7.9576792811153	7.81061183543462	7.83447989689337	7.57566756124173	8.14572972073786	7.73680716774759
5.50069454633617	5.59457559342592	5.90151259992998	5.65286008415868	5.5465649650311	5.67337849282245	5.85725016546983	5.77816417821816	5.58455367806016	5.91962628905693	6.02490468294313	5.84273300541269
4.0322129356433	3.96207230564949	4.19938495557209	4.28339232267659	3.78738285853182	3.7478140485708	3.83763953388507	4.01318362387242	4.03729115309679	3.83090936457316	4.46313278581227	3.63255155788048
8.50248543612319	8.51309337797229	8.41112984373883	8.53919225887326	8.4682967618123	8.43794062169765	8.3683820317713	8.3115141414191	8.28595930369823	8.53731303131313	8.21383303203678	8.39173933868197
6.49455088732412	6.48328909805113	6.39841287409816	6.6141135054721	6.42361812488302	6.34580080846009	6.52736063800045	6.47606977649554	6.52645225536813	6.86177475985903	6.71251166378958	6.43394534632031
6.04446424309074	5.97005370188132	6.09866192451736	5.90170279772377	6.0557916897216	6.2217068737632	6.19908985299564	6.22673096200032	6.21679364891586	6.25148040435276	6.09469694053529	6.34035204844533
8.96795898148922	8.96595737582464	8.87717480153825	8.85160397843119	8.79950923084416	8.77908931385179	8.79339045377908	8.79084472832024	8.74795291230791	8.87483221578266	8.76420142118701	8.81728948578169
4.58911467426167	4.65528253899577	4.57658873927603	4.86478140772762	4.82812472334733	4.5657500856826	4.6187279972412	4.67871672089666	4.40221984527618	4.67894703692577	4.69425417521288	4.7538060234099
9.51365883645616	9.50927321536594	9.45570326236019	9.54994111946288	9.42889278739394	9.48755424620074	9.40166086216464	9.36770710486492	9.39206822289665	8.97199283485672	9.45811932156328	9.29305981754885
4.68344524183241	4.77914126161934	4.98617034330479	4.70020725438082	4.97948027017594	5.06386286613831	4.81647502119607	4.86108931373418	4.84746537806741	5.28747891106202	4.85211248398293	4.88029635219919
4.11267448568805	4.00434953202328	4.00480785359215	4.15229777713326	4.03821007744505	3.94275230135838	3.71557682719067	3.60926561601846	3.89699096976109	3.988522386645	3.59612390690494	3.9080854168643
5.23672889245029	5.15049353680251	5.12417533511405	5.16235734186891	5.436919687195	5.3201668026184	5.23067601058788	5.23012852134859	5.05457043859659	4.84275499206359	4.86631015447033	5.00718922000702
4.13209126100553	4.73092924654787	4.34127505550549	4.74600802416823	4.70983735231248	4.5657500856826	4.54921761729768	4.53595152102872	4.29417064325584	4.46707762433229	4.88037388267384	4.50678720337694
4.65713244036084	4.93568944443487	5.17591439366095	4.80124057545945	4.93777000118342	4.83534442643807	4.79413632450955	4.84384557348468	4.75234489207368	5.06575316394651	4.49065499767583	5.00718922000702
5.14587841043963	5.00774573284767	4.93710295562158	5.34304906401192	5.20799219109388	5.48179681311237	6.2186679034067	6.29237625456194	6.24354663828044	6.92783100452542	6.38650202047537	6.72387842598382
9.65360183155244	9.54515516199895	9.7041299882094	9.34887690592082	9.4872299863484	9.45156499822441	9.37948001456076	9.47993183720015	9.08404016952747	9.44083192271149	9.2275624155399	9.39875272898656
8.81105841250834	8.81387191173649	8.78335429816447	9.01943743567491	8.93311304385166	8.89797290903385	8.97333775669737	8.93851636306286	8.98638447517988	9.09380959745826	8.94236895554575	8.93260043136653
5.05877678255433	5.01773778741475	4.91700382691158	5.17902321141691	4.88394799761146	4.83534442643807	4.67690174829642	4.97639864521855	4.87784141453492	5.01919617483989	5.00131131264874	4.84683552637875
9.26129957262801	9.19109697953198	9.23862225267264	9.31238721441914	9.25985836194978	9.26687835085277	9.20343919619542	9.21664924113043	9.24184754532108	9.2514226195301	9.21079517797489	9.16523727716778
4.18878458283314	4.46066868861183	4.11414640492706	4.09981035252197	4.01883596183435	4.16866409830308	3.82293816713999	3.98218077245718	4.27156558560144	3.77413576038012	3.08788959755515	3.79931530517267
6.01946014179242	6.04276386582665	6.10315241721973	6.63783195314473	6.35937418097565	6.42577980229918	6.96414242705922	6.93156937760541	6.91772304251093	7.17462886177113	6.90438848095124	7.00807277989164
3.99018910175635	4.21613737411873	3.82368572928499	4.59136128953143	4.25307214865329	4.31828201231946	4.19786626993182	4.25305086087505	4.39176820903051	4.39481408878745	4.08583941744835	4.40453792010273
4.97655230943372	5.02765769655438	5.10651252820339	5.36499625431097	5.02006309543069	5.29558995273545	5.26350272831808	5.08324810659395	5.25921104683186	5.39541664636709	5.59062145554716	5.35854879955888
4.58911467426167	4.26864955372463	4.44281010848031	4.45965326127707	4.28607288645709	4.42515699217144	4.41882133659235	4.25305086087505	4.11541682389023	4.29886155084867	4.37737945264897	4.64181018535299
4.75955533897751	4.70617359576206	5.01483678377913	4.66485185247453	4.79360657952533	4.77817972498722	4.69309819963329	4.447616654953	4.66804413043987	5.0251017470841	4.32751714117292	4.47827216442607
6.6639489912912	6.56637979843538	6.7221043407987	6.67554222704681	6.75393807725001	6.79358281498019	6.94418798842923	6.97439773720742	6.91028426610536	6.61072413755684	6.39412732678465	6.66069256218708
6.44322302821173	6.46257662365538	6.37255631202182	6.23564072025267	6.36347097240465	6.43354855602624	6.19344665400457	6.4388169556864	6.29562349601507	5.81011175881235	6.12840482157731	6.38583776510117
9.58837033051343	9.5612930046868	9.70866826458602	9.57134013570894	9.57359097298294	9.58349186619869	9.43031729067372	9.4871148886971	9.44316094491201	9.62379946455525	9.4394990694917	9.43113598418129
4.73463975240189	4.81422150219503	4.74537465949278	4.76836166082986	4.83945664979442	4.63140464675076	4.50399712593065	4.50345026916592	4.65933964480799	4.50184843973223	4.39686658155312	4.47827216442607
7.68831517457583	7.76326208260835	7.84899411613432	7.72010252613725	7.92742661866894	7.87616719827739	7.79616172210624	7.70498015853902	7.74683104808215	7.99098195732363	7.43501892010179	7.71329832569654
9.96221246858238	9.88208965752216	9.91303007713009	9.81792735790644	9.80469951995213	9.86161263424855	9.71073420051387	9.75145756395492	9.71509797637435	9.73357413606772	9.79724795113851	9.73420254154377
9.19468435204734	9.20817608486081	9.12255160501637	9.1708423890824	9.15397295288791	9.18713725278244	9.14514251982027	9.10972945027929	9.10983873497459	9.408692908585	9.02535818798117	9.14503045506224
8.76446047847005	8.83444808382085	8.82825841883424	8.91894585322226	8.85189151271551	8.88437557561888	8.79016058122427	8.70640444796387	8.80700597842138	9.14622710037557	8.81303261626275	8.83913929619814
9.41047209327245	9.41767195600113	9.37916267624566	9.43455416670532	9.34703350224864	9.39050281318467	9.2484274185649	9.23166859560954	9.27683817517268	9.41347345482107	9.26977901618524	9.23049955727485
3.54190372954367	3.8961123699323	3.75793786756954	3.56402237253675	3.91802810284372	3.81564136548731	3.47322777094623	3.79876330395979	3.56796187130271	2.99946147351009	3.57946737459074	3.32648631244405
9.2445562148712	9.2458450604795	9.38860029815276	9.24570139322799	9.31242404976392	9.29370199622833	9.37334268687007	9.24187882631875	9.34580064184645	9.84068238696595	9.40726730440234	9.45216713069482
9.46082384802697	9.48018675021228	9.2711023926979	9.49690770479568	9.49994794420289	9.55559073595813	9.62382145513028	9.59647730091619	9.60335732210956	9.20113658599986	9.65177353804765	9.57403785288437
8.61223142186897	8.68418096927585	8.54548936500616	8.72122389504778	8.59103285508401	8.58010121511488	8.60291195462064	8.57382222269616	8.59949740664856	8.27038424303444	8.80198257546339	8.47985950020926
9.1180747340252	9.17428622945829	9.14217889059747	9.2303916608755	9.1256424307536	9.12636600996715	9.00668747899655	9.00833906861441	9.05263855442167	8.70085895955081	9.13210967824906	8.94837800285704
4.17013935803763	4.4304718368639	4.47056644728948	5.06699325434658	4.20216987984137	4.36501895289218	4.78661205162897	4.74517484108575	4.81644299469239	4.78793961432632	5.10114738060766	4.91303233747947
4.67035032049973	4.82571865252755	5.0336391572832	5.02141485730604	4.95876996765922	4.98472614743008	4.68502285043025	4.88657822688644	4.76051296392825	4.88900781157308	4.94206865086636	5.04722473288425
8.69304840529323	8.69928648467598	8.59659423566584	8.70302659106258	8.71392494198879	8.70997174447554	8.81987591587922	8.65848422634087	8.76946774486111	8.31203699316194	8.86756913079096	8.8041907929161
9.42805440728655	9.43616783573646	9.3285867214974	9.60820173552169	9.54387715306645	9.54828984496572	9.68918671224783	9.60112296794291	9.65448994639299	9.33865562938456	9.64606077331315	9.6212151242207
9.38714340713781	9.32559782824336	9.25572591802135	9.26494883919259	9.32442903877823	9.34483789604707	9.36470603939663	9.34655558601132	9.36842728810259	9.01379524901673	9.46136218586821	9.44680236741692
6.11691731192384	6.11181867336906	6.1731797643275	6.0653651439729	6.0707815625809	5.96448764659317	6.13281166274193	6.00212123661101	5.94012918732759	6.19673859040244	5.68329640656163	5.94427320311748
5.55786763841896	5.42043124161823	5.84909098549024	5.89175046272651	5.75057921712798	5.75465507025567	5.83564115281105	5.89233115053365	5.85807189671293	6.00083968279928	5.97201242514978	5.96594027287092
9.74700259230056	9.76115290917226	9.84380430299898	9.7103458744497	9.81171287056939	9.75959573683123	9.66178869718724	9.68105357751672	9.6638279504472	9.89254048816373	9.61541212240463	9.70186545030536
4.67035032049973	4.47552182189255	4.26415845166866	4.55312592164478	4.68501904962111	4.63140464675076	4.97044805732737	4.91988434089078	5.0874837326934	4.94630122895617	4.82330493764023	5.09582223949972
4.68344524183241	4.87076863755619	4.86550858393099	4.87509830032377	4.96916082661877	5.06386286613831	4.82384455255731	4.87813136818569	4.92225084805805	4.78793961432632	4.84496261831971	4.84683552637875
4.67035032049973	4.3519418093718	4.45675436540496	4.32956857561271	4.69747947903544	4.75469095802951	4.40903719831386	4.42467005401741	4.62399253150259	4.63284026731653	4.60437388668606	4.19407781051826
7.31234105663359	7.38500482772587	7.21281826511212	7.43052303356498	7.25146191239649	7.22984769758313	7.36738616335144	7.34659957693604	7.44699945999351	6.94571884177788	7.15867686321865	7.24257464614724
9.31862321457187	9.37156907978333	9.42895724473156	9.37353146661749	9.35095453111026	9.392668880563	9.38802836351475	9.34931483296515	9.39817289481336	9.66737387552645	9.3058075412032	9.38593834759976
4.63031841264503	4.97732600796321	4.69911160787422	4.64077862454464	4.6341167808092	4.84652106157037	4.71705481342715	4.67871672089666	4.72756247650449	4.55242711085929	4.58743343014796	4.78936654005559
4.31281264515714	4.25136754664711	4.00480785359215	4.21936995525554	3.76445915940695	4.36501895289218	3.99012208657961	3.96642841314163	4.12804025350582	4.11881642676105	3.75318947748396	4.17660649190291
4.45773187267812	4.28571687192803	4.44281010848031	4.26765752723913	4.31836387566474	4.13329186629506	4.17493184957924	4.2915662058471	4.12804025350582	4.29886155084867	4.32751714117292	4.41957537977755
9.14626824995059	9.0890595821545	9.11632802692201	9.02754171398373	9.02344367483422	9.01372033540225	8.91441813383481	8.96490125987131	8.93661553655748	8.89284416267154	9.01490595141536	8.94313709317129
8.00582094206371	8.12330939832156	7.87580561271169	8.29699369061952	8.21077164684068	8.22078035816011	8.35028919086192	8.37820234488555	8.34219364222637	7.99586304592202	8.24638655480397	8.13317757165251
4.73463975240189	4.54747027297967	4.73394586577854	4.89550807120363	4.47015697841287	4.94353862576961	4.98365894063569	4.86963525638623	5.05457043859659	5.50395533512624	5.52396009048169	5.30953091679929
9.06979322891697	9.12759218520402	9.13603875471046	9.14976114936423	9.09212161219392	9.15325621633699	9.02523375908283	9.04519179290085	9.10198112320555	9.20230652102051	8.97414606900848	8.9874801930126
5.64608937290174	5.63327960205825	5.89117806208148	6.02051264129018	5.66185879708217	5.79073481416102	5.78391597931795	5.91329667836289	5.77924204961372	6.01826070608222	5.83463306043761	5.97130884771157
5.2454995992787	5.68324516101443	5.44581654927445	5.71648792866333	5.68131660451458	5.75465507025567	5.93041497672824	5.90912763676257	5.92554909569861	6.5312304919918	6.0633776345385	6.00312585927647
9.38806557807947	9.32603062126856	9.52671295790174	9.20924284713683	9.38360255204693	9.35430459097737	9.14982262419153	9.17375225704981	9.19631133021594	9.56243893712234	9.06518224349199	9.23915650860542
4.72201461044688	4.65528253899577	4.6634241818384	4.6038791456507	4.36553445006847	4.64419834525334	4.69309819963329	4.50345026916592	4.76051296392825	4.64063166121695	5.05828936142104	4.99701239886709
4.24328276516561	4.28571687192803	4.41451477808788	4.34463021160098	4.20216987984137	4.49709657995693	4.23159419529453	4.18650600720903	4.43313260069425	3.92500631828233	4.0125093495144	4.12294692985054
8.50680219477155	8.48544855299771	8.64675013744816	8.40077427371525	8.59751471028809	8.61681245347578	8.50657408760118	8.46888108668643	8.47874138121766	8.76957264277696	8.36587862667522	8.58894095643855
9.49967711175022	9.54663009659811	9.51468441542312	9.51569742602312	9.47697748405317	9.50020155705045	9.39531516095223	9.31504779076954	9.36600737549273	9.77718013124312	9.35601045146976	9.38425886726944
8.75798500319809	8.60532600795685	8.97659475697281	8.64061240856053	8.86972486561817	8.79769313564084	8.65359195513313	8.76461135037172	8.6410418813155	8.98024867017388	8.62954576041888	8.82298465569729
9.00777025039783	8.95749562798995	9.01417324510446	8.88716620323513	8.93753999485388	8.93364241446658	8.87273120319681	8.93956011600525	8.90230814162513	8.88772165163629	8.90284902031845	8.90670132182868
5.38680276533042	5.68324516101443	5.56082648769981	5.86146435909795	5.75672022007385	5.82015357105891	6.17064902524366	6.11512971466396	6.2611130798455	6.07757114240416	5.74725234347749	6.0342868030089
8.21364723583739	8.20788387659763	8.37668872722749	8.03188831799039	8.30909341680036	8.23837615602086	8.22984401666438	8.19802649523523	8.1562572571929	8.47164884555959	7.91135625767589	8.11382708668817
8.90831814376329	8.86988192147664	8.86037540254712	8.8655742199962	8.81477721866183	8.83108240939813	8.77996191102167	8.80693251528003	8.81762803312816	8.90737679410883	8.52887644184272	8.80172209828322
8.94541535907339	8.92832950719554	8.90562430467893	8.99208130077233	8.92719006525488	8.99409720640017	8.98990870070581	8.92276967833881	8.94217864796587	9.31674923443203	8.99067283990062	8.95880561012121
5.9309622584539	5.91417570153747	5.80575206675269	5.79886518486612	5.9081597160863	5.84328095800395	6.30229366928543	6.17895359826707	6.1078210795355	6.70189439889827	6.36338924535813	6.69759511605535
9.88761729297329	9.73922594906214	9.73671668084947	9.64516578784071	9.73703509962159	9.7993389163995	9.67630016694419	9.69136645885125	9.58769090849227	9.22204629966396	9.63514583494536	9.7113687895408
4.63031841264503	4.61583768297576	4.49780394552749	4.6528666776571	4.89486785030477	4.84652106157037	4.3590889149032	4.68839834485739	4.5221227468391	4.41323502264406	4.03735566022307	4.32702081465937
5.18292512461456	5.2209654681912	5.29775388573827	5.54849756639741	5.21679851033956	5.42982742284482	5.98702466080926	5.97842837238368	6.06184439119065	5.97726691213332	6.05385208051096	6.19505442494115
13.4858436209977	13.3215158556996	13.6870056924955	13.4165469850081	13.7002192545281	13.678670330478	13.4687233525732	13.5637873372506	13.5380790505669	13.4271479543056	13.5142891949789	13.6745014729106
12.9990836424655	12.8905564213407	13.1373965170996	12.8972685158731	13.1852365617715	13.1591240859185	12.9614165994805	13.0943831621217	13.0194097140763	12.6670316375421	12.9662907990109	13.1742344851306
4.9552232060519	4.47552182189255	4.8229606348037	4.54014657132479	4.95876996765922	4.97453457957632	4.83847091102418	4.64927977940672	4.5221227468391	4.72357418684773	4.57889046044674	4.90219894178091
4.96592815415835	5.11385399354309	5.1153706936512	5.16235734186891	4.89486785030477	5.06386286613831	5.24718334111834	5.16202832174246	5.22999169191073	5.47440848417862	5.72358924134984	5.45205814130881
9.0071662195402	8.99103435069473	8.89246103785054	8.93457072590237	8.93680307551285	8.9475310420759	8.90506910714536	8.97001921049765	8.91697576732236	8.79957601279523	9.02709312461356	8.92122902911903
4.85502879359008	4.95666544648984	4.88632556266228	4.87509830032377	4.80520102422245	5.11128795069215	4.83847091102418	4.47020748026841	4.80068071130746	4.38551131046443	4.55296382203435	4.43446468473156
4.09298613828674	4.33568243088422	3.82368572928499	4.6038791456507	3.99920858264421	4.39538868277797	4.51315607525506	4.36567093987325	4.33835575229007	4.5932147899247	4.72563942145664	4.60255467364319
3.90217957710169	3.85031141388351	3.92707402543459	3.9494544001477	4.26966318074758	4.33402299908547	4.0793383879445	3.96642841314163	3.92615188207222	3.25302703352071	2.4240448120641	3.58131776236558
3.3200104275698	3.31633363925806	2.93687075792908	3.42719156838641	2.99746821262955	3.41237339338248	3.47322777094623	2.92443317664701	3.28356412461031	2.94794594807089	3.42053953751955	3.47332524381091
8.56836435806083	8.64992777265862	8.7661519687755	8.71854279087595	8.56670939399793	8.57358355021089	8.68822945839796	8.72344650241538	8.73680893184286	8.96784646604996	8.78270106872723	8.81810439668219
6.57840856420813	6.43091039981073	6.43099677475634	6.12161607511389	6.4431434081885	6.29143533851006	6.50706079244664	6.50409139097253	6.28421054527051	6.18654982561087	6.37113338814029	6.24057751229218
7.21003214594299	7.35263392446786	7.09058920914296	7.37763282492764	7.1189626158294	7.05592354684582	7.36613921182236	7.11783270451776	7.24232350166276	7.03741904323838	7.4018615673691	7.01882906891765
8.30608923174522	8.39560830359866	8.13437633781645	8.52155536107815	8.19273210512738	8.3332784689182	8.502063082486	8.41455547486389	8.49894781308558	8.3203301612885	8.3563920410868	8.25029196575706
4.47295033324605	4.26864955372463	4.55079755751283	4.52704648112897	4.82812472334733	4.39538868277797	4.38926625462009	4.48137289157249	4.53168341724675	3.91194744136164	4.06179463596559	4.50678720337694
4.11267448568805	4.46066868861183	4.16588546347397	4.64077862454464	4.01883596183435	4.39538868277797	4.55809300597857	4.30418168764267	4.64177320324293	4.80184733196254	4.99484386591853	4.93446889871961
9.41047209327245	9.4369663835341	9.45480461063344	9.41464206826092	9.40263977843961	9.38724784872175	9.29951282470532	9.27291737744018	9.34088090756208	9.50649251735508	9.21653249410003	9.25510331157817
4.41106371292842	4.14284525402753	4.11414640492706	4.06369941138361	4.21932975949966	4.15108202067563	4.22043950326163	3.95050389348498	3.98278024302264	3.8584500699529	4.04962522852345	3.84376710473555
3.80829853656401	3.9833735299683	4.18273147455117	3.68872765368649	4.18481161567765	3.96293046339041	3.8521916455988	3.79876330395979	3.96882801202753	3.77413576038012	3.81165752551385	3.82170463657887
9.08473826157178	9.13407639357792	8.99765956546026	8.96079799363068	9.03522543072252	9.11143401005638	8.88055909657831	8.87175193346479	8.90515857657553	8.55511950319641	9.03530661168925	8.96473209704328
4.79612087253176	4.62911219635973	4.67541736664952	4.72329382947074	4.45564987882135	4.65688407876858	4.52225687212831	4.57818865358052	4.51249896923935	4.73087478195217	4.74108768543262	4.56225222581369
5.03866652779422	4.790934479499	4.99578862066012	4.94527471777534	4.94830669794866	4.90119074087092	4.81647502119607	4.70757071417107	4.71080370563847	4.77389141231676	5.19471497300947	4.92378862650548
9.11919106548109	9.19348181166551	9.21231894409247	9.15764224466383	9.21153647232129	9.17717779274669	9.23053326397107	9.11759931651804	9.20599647950579	9.44648492757806	9.25385488073526	9.13713534492462
4.24328276516561	4.51914140445241	4.41451477808788	4.34463021160098	4.72209434386629	4.84652106157037	4.55809300597857	4.57818865358052	4.69385006097755	4.22752487983248	3.81165752551385	4.12294692985054
7.82905519895168	7.85589041626333	7.94709061747253	7.81880588895571	7.93606407179206	7.84770420594613	8.064257293234	7.97529584630181	8.06290046670278	8.51161036638383	8.12125839117932	8.07436656212745
5.58560634662078	5.65223026729701	5.61822766666035	5.62899087644514	5.46695015078145	5.38380595622749	5.53829608302434	5.52976174592599	5.40237472767603	5.12183980335711	5.30923424438407	5.14290555623202
9.29370762799626	9.300259658916	9.27314038425911	9.20307358907113	9.34759427653236	9.36756865203767	9.5373434425856	9.47993183720015	9.50641547796175	9.12753421775636	9.50414938380005	9.60967879164797
4.36279519362671	4.61583768297576	4.53772873691895	4.28339232267659	4.73425208743598	4.46873252148337	4.55809300597857	4.40135629192445	4.69385006097755	4.0373259966839	4.20056863800056	4.38934932764831
9.19203781264757	9.14596742876148	9.14440526800344	9.01672561211231	9.12953730486299	9.10358412015332	8.98265723148454	8.96797418694053	8.91367659698326	8.68610609926139	9.03271776449776	9.00053331644147
4.36279519362671	4.47552182189255	4.40015836906638	4.08187062531961	4.47015697841287	4.41034652261277	3.908966223291	4.14506968756294	4.24860452818633	3.93794371551794	3.79725408850748	4.08608529196359
7.54393455687454	7.50573428236398	7.43384754398056	7.56459131555108	7.65598388421718	7.62477322695335	7.9527166540267	7.97731676069687	7.97487989859852	7.63104688175196	7.83329884265638	8.0420390786008
5.28004596840533	5.11385399354309	5.28994065667711	4.77940681188841	5.13561803053907	5.04446581636105	5.30613399529846	4.86963525638623	4.98642733550582	5.07715290132783	5.14866516071629	5.35854879955888
4.73463975240189	4.60243366009957	4.56375020927587	4.48699877177016	4.48452525195582	4.61850112975083	4.43819150558973	4.34138572695076	4.47335575888631	4.51040699088787	4.42562781063701	4.49259693734948
9.75980313014126	9.74242553468883	9.76459881132974	9.7691465198717	9.79599049521164	9.73867838257513	9.58455574124746	9.6630666667935	9.67981768833579	9.75417249865481	9.51074491268696	9.66231124735375
5.83076784599209	5.73145717608591	5.84374358965896	6.06094363471782	5.85170670850454	5.88291697730721	6.49794552680047	6.48734317157299	6.45943463796074	6.46795682841698	6.6625379073067	6.6193801337913
3.3200104275698	3.44728043322036	3.34619152534591	3.51087457298213	3.54068624229858	3.22807139133918	3.33472569658107	3.1628541812279	2.98599370474737	3.41214439340692	3.34407435984311	2.63458502948333
8.68775205008285	8.81826237889669	8.60386593002381	8.93859347778542	8.78490018786887	8.7782752057894	8.94997708824886	8.90738439346466	8.94495226391851	8.67973522154363	8.76471841239494	8.73607833047472
5.56485372666367	5.75494324281664	5.91177435873923	5.99753905609408	5.63551648760579	5.51070636755506	5.8464863800273	5.7317564643228	5.8542300051283	5.8366664590648	6.33991247460166	5.87162972190779
5.77786289305894	5.77803456699412	5.81670823662884	6.23954710151171	6.17635989535457	6.41797069122885	7.33588224261224	7.30234648663886	7.24825032694924	7.42463024964122	7.24708680651189	7.66690035499738
9.0938569583458	9.0183711348963	9.1946949788267	8.86194314912102	9.05033644975738	9.08311344778515	8.86090861938815	8.98880084126868	8.93754419710654	9.08174632013608	8.88053847039657	8.94388690823423
8.7558198750213	8.79807613591645	8.67081037813029	8.83564282759364	8.87280481157448	8.76929079680974	8.84721318727087	8.80978673567411	8.86327168060996	9.06989909149503	8.92992873759684	8.83833565234599
9.27185167334435	9.2440089072531	9.09462154098524	9.16938180170077	9.29394414722665	9.29080946021855	9.2894403608472	9.30777248499868	9.26056406695025	8.71088551068974	9.09984741745357	9.28470704018693
9.77704113155513	9.82851601862962	9.64222893784719	9.79437333938408	9.77799854397361	9.7231229066007	9.7531170781635	9.68824904421482	9.71428078979748	9.39552465124247	9.74541592447606	9.64591244189722
9.18353529443406	9.08957367063465	9.26855088840611	9.10458890208063	9.14501654636429	9.18278810591607	9.07038606451201	9.05727177458761	9.08529905319706	9.3937424411649	9.1365470203061	9.10715580758117
9.05176426500121	9.10541574493624	9.03829902350614	9.14827852117933	9.14373268726323	9.12183716922591	9.05164892590618	9.14231944083178	9.08445991820253	8.78268000403537	9.06010304221345	9.03126686358308
8.47277508914579	8.5185562139852	8.51239950910683	8.47447856941987	8.51391966657514	8.50191838337224	8.4941345005588	8.46455098232506	8.52073259208856	8.90737679410883	8.30803187399034	8.53194226615735
7.899794798892	8.01645050230219	8.02107420843022	8.14721124132642	8.09526452858641	8.16549873075403	8.4278866912758	8.49034066522661	8.47683259148912	8.41925617501587	8.52341694552792	8.57273689840037
9.05818810224852	8.95011971978796	9.17358805996052	8.99097592430986	9.24672411962966	9.24136371761493	9.1705189011391	9.2027804483094	9.16646709592502	9.29804464453534	9.0430462871062	9.17941544044533
4.32967145614426	4.61583768297576	4.34127505550549	4.52704648112897	4.26966318074758	4.63140464675076	4.47616381076276	4.20006032862809	4.40221984527618	4.61712529588793	4.48153726813278	4.64181018535299
7.61066239903841	7.75920727952599	7.74526753472986	7.83271776226503	7.73351824001317	7.70170447871741	7.91238468885171	7.94979503712152	7.96315452691878	7.58411634967131	8.05784750016695	7.82263244270481
4.41106371292842	4.93568944443487	4.95692861830305	4.59136128953143	4.55437380530923	4.70658283650802	4.62718448603095	4.62931948034813	4.5221227468391	4.57704297778188	4.57029825145523	4.50678720337694
6.43573527708861	6.4556024896589	6.73669068610673	6.63488890183139	6.67957652642858	6.76277742344798	6.76042248619571	6.81304235093355	6.72568220575557	6.88362778234768	6.78251251083651	6.87853803439901
5.46374507881196	5.30425772383836	5.5929947637932	5.87668882673823	5.77499395225148	5.62108624640787	6.7139934654492	6.67169616436915	6.83373140777592	7.18464337974134	6.70635579489165	7.00266578940696
6.33458669409195	6.2030114766478	6.29996958686409	7.00572235250132	6.89532220697656	6.87084193719082	7.88572055874067	7.98034288648918	7.94125678845195	8.39282393954638	8.0874495697903	8.32662237916586
5.85365768190569	5.69545769873472	5.66741929914423	6.32652706301394	6.134062080619	6.04185895053541	6.8219019978817	6.8441397304021	6.94528524350319	6.86020061122037	6.63690843706696	6.87853803439901
5.45623736025798	5.46428288252628	5.19276040473815	5.27507744820122	5.21679851033956	5.52495529414849	5.55162986003465	5.59852959879877	5.4386322944594	5.47013579211208	5.1310230124104	4.98676658180282
9.3084172068986	9.27982621840314	9.22184292393628	9.2480065984258	9.27169969404289	9.16966465507253	9.10491774338424	9.13229885147985	9.08571843965551	9.25029329736185	9.18216334382756	9.06761695821348
9.68977582784939	9.58012378846769	9.81355068212402	9.57390092269492	9.7327030910562	9.7365275015379	9.63436950567191	9.61168634213067	9.61623672096987	10.0139825053433	9.61043760600868	9.68680983188848
8.96110887603946	8.95011971978796	9.03230492320387	8.95457054832683	9.02761250618574	9.01441644585714	8.87578046581039	8.88589316248192	8.86278315756543	9.14500900511594	8.85058732155356	8.87565241814734
3.90217957710169	4.00434953202328	3.78018507418801	4.21936995525554	4.11329938001861	3.67678112577088	4.09164207458184	3.93440340872392	3.88218884249432	3.80281224383342	3.9087635580605	4.10462849673522
4.96592815415835	4.69362646337832	4.80121151868017	4.82274098607808	5.04979620816415	4.99484908467683	4.75611365228652	4.74517484108575	4.88533755964783	4.56888600323303	4.59592772169497	4.77760576297109
5.33032609512187	5.35969642715299	5.0796102798757	5.29810111428571	5.39851674656882	5.23663139605924	5.92701433292132	5.9704443576388	5.82312488913039	5.66915474628186	5.87467987754507	5.88303545324219
4.61671739966854	4.19817762233594	4.40015836906638	4.67673588537064	4.49875733128332	4.51108040638206	4.26454669694761	4.30418168764267	4.34919592871466	4.60920071505233	4.59592772169497	4.44920872585806
9.13583066693169	9.17476940211921	9.13211788126999	9.16889460240828	9.09477791209454	9.13474068622585	9.20170702596373	9.12909597585612	9.15491617814811	9.05697672048881	9.19461221895288	9.0861517397874
4.86652023611616	5.00774573284767	5.02426829715043	4.88534016030991	5.09807924713225	5.04446581636105	4.83117638794116	4.80873353603669	4.86273250199343	5.01326541884257	4.95543864302502	4.96606417274052
5.11743918274483	4.81422150219503	5.17591439366095	4.95502042823392	5.22555348049315	5.06386286613831	5.10343867483559	5.00773488618914	5.00031312629892	4.88900781157308	5.19471497300947	5.2588696737551
4.34633074989028	3.94043561522057	4.40015836906638	3.98857495854742	4.03821007744505	4.00249197028936	4.0544095736535	4.14506968756294	3.92615188207222	3.65312380259718	3.20002847143802	3.84376710473555
4.78403758896602	5.1684532885853	5.00534382689077	5.17902321141691	5.11696595058894	4.93306297013262	5.10343867483559	4.90332644628598	5.15116184481151	5.00132748997465	5.03953761564441	5.07657035840638
8.90961376639695	8.92369772380437	8.91866972510212	8.90314567185138	8.91975333322566	8.93070207025194	8.82032829735443	8.75457673758254	8.75901236113397	8.42079547807702	8.73073539826781	8.75063029104562
5.45623736025798	5.62690417787019	5.66136039757189	5.69941802825878	5.52526711677132	5.64745973867089	5.50212077011612	5.54055497339098	5.4987644047986	5.49136918430588	5.84932031355775	5.50404737409431
6.02449661905087	6.52380018371501	6.28025123822537	6.34474529304345	6.23987578167738	6.20375740079836	6.37633996273227	6.16850854246159	6.36499895233003	6.16853787872199	6.68773418259973	6.08483506790267
4.11267448568805	3.56682548998584	3.73534572930579	3.68872765368649	4.18481161567765	3.52377623961091	3.22690264920554	3.62936357666204	3.83685885942188	3.39322219438943	3.34407435984311	3.44507671614339
7.94162350727899	7.99837259085929	7.94835496785878	7.97503791816724	8.01709344475127	7.99180395943105	8.18122697819823	7.96921623089494	8.08055299555087	7.88280155586378	8.14337900676884	7.97665487793953
3.57092937419846	3.77861333208129	3.12156874594175	3.03161091302035	3.64427718480562	3.05509336375219	3.39572940056402	3.31911939620423	3.41229448207574	2.81013426708937	2.71988438467809	3.12908627069682
5.35480834511038	5.25489068436328	5.46678329559194	5.38660664575991	5.23425769691147	5.3038269623884	5.23619960390612	5.10515948258705	5.35980244736018	5.23780362429525	5.27203014261228	5.47455859011726
9.53872973763359	9.53738567033881	9.59237902770962	9.47903726392012	9.47440338239885	9.47735922238022	9.40226375205462	9.46763878970785	9.38491364906625	9.49730010243391	9.48099234368998	9.40705177361157
9.03409423518208	9.03237417168783	9.03770072182303	8.99869540079382	8.90250775940499	9.01023493968259	8.78692341422614	8.8662762447761	8.79015623689694	9.02878023962801	8.70405708905012	8.88737063836131
4.60298369178767	4.90361246725202	4.47056644728948	4.6285859116617	4.95876996765922	4.43982296704067	4.70911368124676	4.49245339398431	4.4930587210624	4.78093325102575	4.99484386591853	4.98676658180282
4.60298369178767	4.73092924654787	4.76796679775653	4.87509830032377	4.62111693226667	4.33402299908547	4.63559137636078	4.40135629192445	4.69385006097755	4.26873560382094	4.72563942145664	4.60255467364319
9.23328230472988	9.30246248357767	9.12818642924122	9.32901166425387	9.18428126124333	9.24136371761493	9.1189415643917	9.17152940529107	9.15771272074796	8.70504547738338	8.9973210334661	8.9378779451352
7.80371602472137	7.91756600701007	7.6783793335311	8.27326371366796	7.93606407179206	7.99317741818394	8.08631543619888	8.07116514575933	8.14670702427305	8.31259141221405	8.12919634461631	8.09816630168863
5.01826480993621	5.00774573284767	5.19276040473815	5.05799482410765	5.1263209536073	5.3201668026184	5.13927480868584	5.25650171274589	5.28785631032674	5.43985365886668	5.36082223397878	5.30120443717744
9.46169900745342	9.46306141129698	9.45435507685578	9.48644604226459	9.39451050505031	9.40881565772167	9.32645547029984	9.32589308804031	9.33276227351283	9.58082127021813	9.29244402762542	9.34165355845587
9.97624376980851	9.9570866468043	9.97754670621737	9.83503428720422	9.90157653019765	9.88597321204867	9.76111686969985	9.78979620067845	9.75485422689395	9.86956999150866	9.65718046170514	9.84139807504021
4.56095985790072	4.54747027297967	4.79021400437499	4.93546109241039	4.67245434761901	4.66946365427378	4.56691377653716	4.61923584809536	4.53168341724675	4.69398242848559	4.78649457028982	4.69261336333303
4.54666842660047	4.80262732835007	5.0522020035855	4.6038791456507	4.67245434761901	4.7897878946425	4.6187279972412	4.52519812133356	4.65933964480799	4.90194520880869	5.00775082215698	4.93446889871961
4.37906929270838	4.71860717787944	4.6634241818384	4.68852046912714	4.68501904962111	4.86862808499382	5.35262576895928	5.21676072992341	5.33254937326673	5.83337471747181	5.56431352339325	5.70219220528462
4.74715266938836	4.28571687192803	4.38565910785822	4.57873116414587	4.62111693226667	4.39538868277797	4.13982713927513	4.40135629192445	4.62399253150259	3.87201856951534	4.07386550461448	3.86551211627338
8.66713452118744	8.73965867784116	8.58602619577466	8.63848353507743	8.68718153637042	8.74367832478909	8.68525050888314	8.55763978098738	8.6134775090871	8.18131213567347	8.61304183928216	8.54956069116226
7.38303510179582	7.44244035719957	7.31195575539602	7.38283892897473	7.50315990389528	7.63002629170647	8.00078530783156	7.98938373687159	7.95133409350224	7.60455541080431	7.8457978992582	7.90980012862029
7.48104943586862	7.45769666822114	7.43744104451626	7.72825843430602	7.53349372602952	7.63177324193267	8.10207929476381	8.08717199091718	8.08638999453316	8.31536019706997	8.23019865095516	8.2644600591688
7.59756747770574	7.56155919976987	7.77830469725578	7.56001659726423	7.7252819432923	7.84619112026181	7.80904190485494	7.79810464237198	7.88502885612533	7.92518565919113	7.72623532156233	7.78437084897123
4.32967145614426	4.68096368759168	4.60193135593526	4.95502042823392	4.3961778223795	4.6054858925992	4.771443966252	4.72649408462992	4.86273250199343	4.60123072089818	4.94206865086636	5.01729796825542
8.13842153521074	8.05954382697568	8.13881891360133	7.9829781299287	8.06395552705198	8.00412014530662	7.92679906750981	7.92174345115302	7.98562025665366	7.81946893996384	7.87142736949795	7.90533556930723
5.62621571728031	5.62690417787019	5.64916648767901	5.29810111428571	5.44448379955142	5.46713083824314	5.50669292931115	5.4913431236494	5.34351180846567	5.53288749652378	5.5687305462784	5.47455859011726
4.93356594977107	4.57522680179977	4.87595424678904	4.71179785101105	4.82812472334733	4.97453457957632	4.67690174829642	4.67871672089666	4.71080370563847	4.34766516088756	4.12119469036102	4.83551523203611
4.81998066224389	4.76724593668697	4.94704950433578	4.54014657132479	4.60800354649189	4.43982296704067	4.79413632450955	4.67871672089666	4.57856838994824	5.03683818950853	5.11914451025422	4.83551523203611
4.37906929270838	4.3519418093718	4.55079755751283	4.43176622047894	4.64700504129272	4.42515699217144	4.38926625462009	4.21348972364889	4.20156828744375	4.35722368768018	4.38715485904165	4.57580614831061
4.54666842660047	4.790934479499	4.81212665382776	4.70020725438082	4.6341167808092	4.18604291036327	4.39918581457115	4.36567093987325	4.61502021387834	4.98322623435729	5.14866516071629	4.70505172349364
9.22450838222279	9.21006072362981	9.22131544384772	9.26494883919259	9.21153647232129	9.2526910603287	9.16341595948672	9.14549341231146	9.13721401020277	9.27631572360576	9.23775880528325	9.21303544943438
4.57510765429526	4.53337885255716	4.58931514094488	4.6528666776571	4.79360657952533	4.61850112975083	4.52225687212831	4.43618852542627	4.7192071698978	4.65608471102004	4.36753952165467	4.32702081465937
5.01826480993621	5.14142484745959	4.88632556266228	4.84391806997255	4.6341167808092	5.02481520320283	4.56691377653716	4.67871672089666	4.7847461591195	4.70143960546071	4.76396400339444	4.47827216442607
5.14587841043963	5.12310589010227	5.4173831841423	5.11980880203205	5.34304705128365	5.23663139605924	5.34242379925609	5.2234599557258	5.25341383437213	5.14365609656932	5.33525138175737	5.39821648970525
5.65918429423441	5.61406388396881	5.65527619779854	5.68213867599976	5.62216997192957	5.8660579164841	6.13575795502756	6.08213783625904	6.02124788421043	6.17370799684626	6.36597509879594	6.31495225343731
8.90442410561734	8.95862687667235	8.94760178861752	8.99373774033702	8.91751511200044	8.89118961624822	8.95985960272363	8.92065720381836	8.99934453396063	9.16917048443148	8.93639217846331	8.88581344891043
4.37906929270838	4.16153807907653	3.82368572928499	3.73567365222301	4.36553445006847	4.39538868277797	3.80808445191282	3.62936357666204	4.05060628685094	3.885455970414	3.47541975196894	3.84376710473555
9.21202782266813	9.289636656659	9.29386708683158	9.2767334229491	9.26756584211384	9.27275043058694	9.23324862484429	9.08821890683455	9.23958533072799	9.52214413658887	9.25868711878525	9.17105352127455
9.70199900646043	9.64269649968921	9.7045087182255	9.72814701859379	9.62479868228989	9.68262293257348	9.47340316301544	9.49604419134033	9.52979380373968	9.59345757774387	9.43851258387076	9.56511896138769
4.36279519362671	4.23386538069608	4.49780394552749	4.045290658518	4.13149927712321	4.39538868277797	4.09164207458184	4.2915662058471	4.41259709202146	4.10746321943791	4.12119469036102	4.04830201829363
9.30353107255141	9.3504771480915	9.1898512168195	9.45379065760748	9.35598085462319	9.35319395147323	9.37580077226097	9.38433310426585	9.41298869633592	8.92996213152699	9.43752544502013	9.36054803588096
