k4_temp10_1	k4_temp10_2	k4_temp10_3	k4_temp14_1	k4_temp14_2	k4_temp14_3	k4_temp20_1	k4_temp20_2	k4_temp20_3	k4_temp26_1	k4_temp26_2	k4_temp26_3
5.68822223566302	5.42719420002975	5.60845571152373	5.55167601789195	5.53726772859754	5.4324283787476	5.62363341747477	5.35232767554607	5.48058007320091	5.56345290222139	5.56441134724101	5.58664857034283
5.51565956494712	5.42719420002975	5.45884234518476	5.61228434567167	5.50647849381013	5.62946852677751	5.64873431101148	5.61592159520108	5.67641139040481	5.55962177224665	5.63585125373697	5.44764009613483
9.04647164418281	8.95871674382808	9.10556607135428	8.96308616932655	8.91315987289364	8.92867759860331	8.86568572838445	8.8711832249753	8.90168431392904	9.04900237838209	8.73315808732983	8.98092709399581
8.78291537509036	8.82021235158532	8.65322235712266	8.84464464792812	8.77753587774954	8.7425924993996	8.82212277614435	8.75557946207447	8.85349630417269	8.37915013936498	8.91460921036432	8.63779990766779
9.54325854082188	9.51879159439358	9.52170136714495	9.47221885535416	9.48047290665123	9.49286417672358	9.42910798849063	9.46214411676749	9.45963560748755	9.60847321988222	9.44846725495293	9.44257756066963
5.59786318172926	5.64527385831551	5.65924684268659	5.65325083270862	5.57485703775417	5.69865033843545	5.62363341747477	5.55710815292073	5.64479481304409	5.58999100257764	5.7609893584012	5.43133911844462
5.66297520926168	5.59066306385608	5.45166082702559	5.41550290037596	5.55242060291158	5.4803330353714	5.46315204187358	5.47285798696854	5.54558291358227	5.49690560934344	5.61390220936923	5.57926575082089
9.94920218948048	9.91133342099298	9.89826195941751	9.939264800462	9.8832316247056	9.8642169111121	9.74804113981563	9.78383986960504	9.75128870139995	9.75504435419659	9.69939494629345	9.71913806819563
5.1667767964663	5.25078372469875	5.37782045179074	5.33872420409339	5.31551498364698	5.34027263956585	5.14271546536379	5.29464303713827	5.28955325292801	5.24847870774468	5.06064013571688	5.01680596601086
9.07312478184643	9.12895376166499	9.08302217502062	9.14578012219269	9.08295720291196	9.09861979018359	9.03742203665464	9.0065238608907	9.05590141557163	9.14567260168983	8.93648662971401	8.96965092114239
5.55734392596043	5.68637012910932	5.67784369178177	5.49487397289375	5.50647849381013	5.48816557768424	5.49116283959808	5.45540435618935	5.40715766361798	5.64888462320304	5.75698768518861	5.59399397653562
8.96018242845939	8.94120243571799	8.97037537161255	8.94666545487445	8.93070430488632	8.83940075291039	8.79139153531928	8.83385664512995	8.78404044747706	8.7678737438926	8.603534037876	8.74419979963342
5.3828978029225	5.50139958019957	5.3625906741581	5.57622427562097	5.53726772859754	5.32286999351495	5.57208846900998	5.55710815292073	5.4443332366529	5.58622946224513	5.78083350002722	5.55688897059463
5.77916261494634	5.65713508185777	5.69620483298961	5.69309079252769	5.64723188671991	5.73204045457635	5.68558866664338	5.61067245008894	5.56017860816343	5.58622946224513	5.56898099498069	5.84865813729783
5.55734392596043	5.48153525700388	5.56250469704843	5.46889645400364	5.61871419284147	5.52670609893889	5.3757212813567	5.43180135649617	5.4443332366529	5.37146291690732	5.39466375500673	5.43951249810274
5.42851482629403	5.39924098026484	5.48017603150194	5.57012607202397	5.37633844410512	5.41610213002235	5.3555557189253	5.43180135649617	5.40176826836548	5.52467827257121	5.4049175248669	5.51107189060868
9.10047277701998	9.11393849082514	8.96406259596471	9.03197373659709	8.99813010445883	8.94374849345743	8.83815787048995	8.81853727787121	8.83255644675745	8.7243693117396	8.76943063489071	8.87838386260319
6.76944244004724	6.89143621129196	6.82997132499785	7.03287193014511	6.78171427538012	6.84844518539744	7.46048492056397	7.28441958649538	7.38575070867329	7.15234192884858	7.58385185745739	7.15127444604648
9.71733257935476	9.73504675453666	9.75020151703013	9.74877808297798	9.69372225085031	9.71868500819736	9.63980928633166	9.62200579676052	9.64948674015529	9.84160134810544	9.60190552063688	9.54679372553446
5.53665153520605	5.63930663493059	5.50120050214209	5.59436645070246	5.59695149386367	5.61522675895015	5.53219013873662	5.40780808678429	5.57462881928068	5.46039821924562	5.55522861127142	5.56438634099127
5.68822223566302	5.73195257965194	5.77894057414489	5.65325083270862	5.76903915548141	5.77752987343471	5.65700556788992	5.70729281162368	5.65389874151787	5.72271892752986	5.74086948348849	5.81760005364071
5.79086767107023	5.70363208718375	5.96213975413198	5.65325083270862	5.87537202036227	5.77111822469822	5.7056652981067	5.66739302892213	5.64935392757725	5.77984988722154	6.01338185055575	5.9891073795967
7.27210801832111	7.27750544729078	7.23829967815826	7.12953927784514	7.23895750255613	7.28464910046166	7.19195379972223	7.23399996750834	7.28220118837968	6.90852898313701	7.2844078453928	7.28689671334717
5.52269070768831	5.69214700166012	5.70831755606383	5.57622427562097	5.62589640347366	5.68507574748055	5.50954063254644	5.56255453311936	5.64479481304409	5.53251659632107	5.54134452474037	5.60130234492915
9.53500262148339	9.49249501142034	9.50527416307715	9.42980836541587	9.56435352933371	9.5112874178161	9.4634811042715	9.53407680539364	9.43966232894912	9.26573901189498	9.44442199002417	9.45930284706761
5.75546474666674	5.80309409188505	5.87343696554342	5.75893756334976	5.81377308850655	5.74518389680015	5.68962631541506	5.60540422369179	5.58893640492815	5.71584702123861	5.78869562555442	5.84249960361075
7.96586825458208	7.86278659780298	7.89566946762468	7.83774413387872	7.82648452667851	7.75879556948636	7.76652477521183	7.90879776191276	7.76196262898502	7.72974129667831	8.02911589104832	7.89347888195733
5.59786318172926	5.66302947776496	5.76740667192248	5.53298814322517	5.69582583258143	5.49595605151214	5.66522987335635	5.58413771069657	5.5983969326721	5.77655091992515	5.7729284491273	5.53416138947126
5.63078487739852	5.59066306385608	5.72032982382052	5.57622427562097	5.49867795117729	5.44857298404483	5.60665463988015	5.65214266958139	5.57941372305757	5.59748492378123	5.63585125373697	5.57184513672733
5.62426009769471	5.61518893224983	5.8407850988864	5.57622427562097	5.64723188671991	5.61522675895015	5.52768845047084	5.54615362451988	5.6171347199358	5.52467827257121	5.56898099498069	5.69992815384434
7.75460384996699	7.64284382712479	7.85939777263888	8.06228525347635	8.22041993703237	8.186808321697	8.45058022792402	8.45674233633816	8.41093428787008	8.74691886899732	8.01071574112386	8.30808538542793
5.86472717170133	5.73755082493614	6.05048580888809	6.0970483044326	6.04047274756757	6.05601183134039	6.24527491601426	6.29705360972125	6.19315501019914	6.17778696293972	6.37656053706219	6.39068906047012
6.05153522792253	6.06605585154577	6.01676720767888	5.82191987644847	5.95172053171241	5.95209440432642	5.83161729442108	5.80248287644755	5.86467419916416	5.9240072017241	6.05311041960729	5.87303352566151
5.49435925959944	5.48153525700388	5.60845571152373	5.54547345112619	5.35058255210717	5.51141257503432	5.43458975332556	5.35859790619934	5.34112556202815	5.67745746641386	5.52732620132616	5.40653908965394
5.50149417700032	5.56571504308078	5.38537584488131	5.2950683030448	5.35058255210717	5.31408984894545	5.36567350948379	5.37105771576988	5.33548490272326	5.46450026401418	5.42521026837038	5.38130793026571
8.65161822679775	8.67942395040096	8.5633733107693	8.64393544434613	8.64032168590435	8.66330387313921	8.70858413023286	8.61355542151531	8.68070610235425	8.85740472033898	8.75140834797523	8.72085062104988
8.11323303219064	8.19279473959555	8.22515332623114	8.21992343554205	8.15226534085479	8.18439346990075	8.2657967913404	8.25656886084992	8.26227494855989	8.32135706158357	8.38326964283244	8.25334208473268
5.7006826386586	5.67474680939068	5.76740667192248	5.73731958510361	5.69582583258143	5.53429279788319	5.67747944980618	5.64188584923362	5.76311815414718	5.67391652684986	5.78083350002722	5.61580944255075
8.70371955490703	8.79824031793559	8.66572422805031	8.90962619575825	8.79440428723129	8.8193071514472	8.79233246680802	8.78623557923734	8.79851023773827	9.07815278037226	8.85115038536426	8.77852999369326
5.43598018659997	5.60297787644573	5.55581972336081	5.49487397289375	5.34189472225497	5.77752987343471	5.38071920992354	5.59480997117401	5.48058007320091	5.65966558260078	5.70808471482403	5.57926575082089
9.31055357870132	9.35010271280079	9.35560407637388	9.31067058083122	9.28573748681669	9.29831948910259	9.19692598995364	9.21589508009584	9.24926150543381	9.53409790658384	9.25701153379896	9.1383902232196
5.86472717170133	5.81902656570774	5.84627848645909	5.98219595228771	5.92865482025715	5.86443317492488	6.2724791749113	6.34215518256771	6.31595441303892	6.52142438951528	6.47982866495696	6.44051229953455
5.60450762147066	5.68637012910932	5.70831755606383	5.73186428784878	5.64015490678602	5.60084364406194	5.7056652981067	5.72197635916582	5.73335765950373	5.65966558260078	5.88719762647423	5.67242770024201
5.45079666130891	5.49480832091758	5.52192454660171	5.57012607202397	5.64723188671991	5.56424874351379	5.51409892265311	5.62636318851766	5.49584140061356	5.38017164411292	5.46005373387801	5.33825639612741
9.69644427737417	9.7038696323187	9.56530945668853	9.62598189582483	9.62936867542098	9.58866204279822	9.47114020586775	9.58827775124724	9.5076054190516	9.1211286910901	9.45775941806816	9.38272895842197
5.63078487739852	5.60297787644573	5.41521019841829	5.67615050133429	5.59695149386367	5.63653726458237	5.45369361686678	5.58413771069657	5.5650113671526	5.44802203347792	5.78083350002722	5.74022396375932
5.29535173393093	5.39216773919842	5.21782106729445	5.53924423584024	5.30661418667912	5.3659917271723	5.62784721081706	5.44365084957878	5.56982806891237	5.52467827257121	5.75297492274579	5.47970269042301
8.33064787850008	8.29427563385022	8.27087699389831	8.29966509500568	8.17942555829564	8.2284268457037	8.27322955206072	8.28821730608639	8.28887188450459	7.93338418676288	8.3819686921897	8.16217972925313
8.44173297413072	8.43209210812053	8.35530299830047	8.3655565082536	8.46177323067704	8.38173741564758	8.29064716860253	8.31272162477485	8.40013148212495	8.04265108996161	8.25341267777818	8.29910452580786
5.39060089551761	5.43409917950608	5.49422615223335	5.37412772656413	5.33315460538818	5.29636873021761	5.29332244974802	5.37105771576988	5.44956713083296	5.52860273074498	5.55982724974574	5.51107189060868
5.36736790185349	5.73195257965194	5.50120050214209	5.55785216205161	5.46704937278693	5.49595605151214	5.49577916529878	5.47862950939767	5.5308387912122	5.55192900534852	5.59161562114103	5.67935191185605
6.43422498830972	6.44397107567026	6.52168329422103	6.45617150096749	6.61456521697857	6.43457544273427	6.69678502054524	6.57051819659159	6.60866458309713	6.62422491235603	6.62098229987683	6.70459504874804
5.45079666130891	5.55941036892798	5.69620483298961	5.58229693227234	5.55242060291158	5.61522675895015	5.56770915917122	5.67244101623588	5.67641139040481	5.54806726066024	5.87247297824254	5.83010336620884
8.91133395078415	8.8873465102636	8.96089581977108	9.06168646890736	9.00366679513672	8.96360121408998	8.97580583739131	9.0015079183859	8.9849250111331	9.1590593223946	8.82410218173028	9.04141827921583
5.45079666130891	5.41328488788779	5.65924684268659	5.59436645070246	5.55993806245028	5.4803330353714	5.39561057531763	5.36484117648183	5.56017860816343	5.5710849214762	5.69140977862815	5.59399397653562
5.39826332659738	5.46813961715275	5.54235658677118	5.52670494152775	5.28864730156633	5.48816557768424	5.42977422749481	5.32697245755054	5.40715766361798	5.53641992603788	5.46496376079265	5.47970269042301
5.68195160882411	5.60297787644573	5.91585751692538	5.62410770990932	5.74284236961521	5.7517111532867	5.66522987335635	5.58413771069657	5.70297274657202	5.54031277618148	5.74086948348849	5.84865813729783
5.84801410463304	5.8242986602901	5.92107370509955	5.97297157388176	5.89335182659049	6.0239951283418	5.8677175589851	6.00424451561378	5.92611937403008	6.01644109105768	6.08859375649538	6.12729244644696
9.53891920985793	9.56368788645224	9.44897462870247	9.54219794240608	9.4289342795676	9.44776485652813	9.38861694859705	9.3775581908645	9.44328456363857	9.12989613536129	9.40909250665854	9.27577540974765
5.40588552057563	5.58446619741628	5.63407380278756	5.61228434567167	5.6889828428085	5.44857298404483	5.49577916529878	5.37105771576988	5.6217815556299	5.66324148206757	5.61390220936923	5.45572241965661
5.28712500836382	5.3416659491666	5.3625906741581	5.45573113765983	5.35058255210717	5.52670609893889	5.33510615622938	5.27489432895246	5.16794114031948	5.22451576909785	5.16673416985464	5.26660418115005
4.75531708258837	4.94777933583781	4.8438357513749	4.92725177263884	4.70766607722832	4.65768374828851	4.82918202185688	4.72598563199005	4.62941062670928	4.88297693016234	4.82963917507817	4.40283334806805
5.62426009769471	5.51449290753264	5.64040818166877	5.84737473560412	5.64015490678602	5.59359820330581	5.61940733558101	5.58948366332661	5.65389874151787	5.54419520259038	5.78476989941091	5.64439509931019
5.43598018659997	5.48818697135108	5.38537584488131	5.33872420409339	5.30661418667912	5.57899775279607	5.37070608752133	5.28150710005379	5.32982225019745	5.23414839544239	5.30445282141506	5.2387967091297
5.27053049083594	5.2271464530304	5.20933939541589	5.27273834119835	5.08523622632814	5.21383546815476	5.11901525294365	5.20009613718884	5.24813630234674	5.11411963108705	5.05415190521903	5.03844495575201
9.28435201500814	9.21991722345379	9.23599500494124	9.24551989854008	9.26974258480051	9.26270634008301	9.2057812896617	9.17415397202129	9.20183907638178	8.88911842214745	9.22326536631905	9.10849957766493
8.33565973960179	8.32626601735768	8.26061175085136	8.40986748939567	8.34777070268471	8.45569429083826	8.41681130532298	8.30541392706474	8.43230023647691	8.33602379812657	8.47885971898129	8.43444357066252
5.45814854377791	5.48153525700388	5.43719026450671	5.66474591095095	5.46704937278693	5.60805304422653	5.74887808944357	5.73168333455322	5.64935392757725	5.69852324602175	5.89814361956211	5.78586099539869
8.25330272028587	8.43122711755315	8.3171786089965	8.40644087665425	8.38854541738394	8.28136115468167	8.30851486732399	8.26496493584091	8.33851835784339	8.67951219057789	8.20273410011463	8.21326922338931
5.62426009769471	5.54671816709863	5.56250469704843	5.51405626884776	5.63304319274175	5.51141257503432	5.43458975332556	5.52956506498007	5.48568504453459	5.48887189004286	5.44522315672137	5.46375996745232
6.07087740978524	5.88105864415521	6.0118854494261	5.8773411802834	6.0133181074771	6.0454181524613	5.83890973683186	5.92180062865964	5.89572288607987	5.68098977210847	5.74086948348849	5.83631475494574
5.77916261494634	5.80309409188505	5.85720310716688	5.84737473560412	6.10363626815667	6.0239951283418	5.97091043491942	5.88311081884773	6.03821974147305	6.31611331001759	5.86133033686329	6.14241937131757
5.52269070768831	5.48818697135108	5.58894051779492	5.40868842333794	5.46704937278693	5.51141257503432	5.4393893512723	5.42584012547189	5.49077211218231	5.51679734918641	5.55522861127142	5.56438634099127
5.749479180957	5.71502682167505	5.78467325289619	5.57012607202397	5.70263664729325	5.80916900680346	5.79083865781045	5.73651253278076	5.75890391841233	5.80597446141711	5.69140977862815	5.87906376303491
9.05257255698778	8.97720676555785	9.09866693168789	8.94016297808738	8.97012338194743	8.95370900080597	8.80450906002506	8.86677675713555	8.84953112076962	8.98279141147759	8.90241102313241	8.86094319878635
9.07971183534887	9.14803229492916	9.13002054611274	9.34821540826805	9.10951789852949	9.11709750886622	9.09879784803707	9.06250601609249	9.14716244936528	9.50118910356876	9.08419254721423	9.04746429084912
5.47274147619241	5.31947282880527	5.44444358517345	5.55167601789195	5.25203299789843	5.3659917271723	5.30913251793583	5.32056387953116	5.25412576465633	5.4229483965227	5.2879348823827	5.51880931114628
5.83676387412984	5.49480832091758	5.58237662310241	5.47543457800191	5.50647849381013	5.62946852677751	5.66932458459416	5.62636318851766	5.5841828840186	5.57488591601284	5.67877638655034	5.65847919677189
9.27603288094824	9.27254011620016	9.21488210899695	9.34150212995213	9.18394997282781	9.20371185354978	9.13670651643631	9.14987778781255	9.14311867899909	9.04041674233702	8.97107438593787	9.11810659433629
5.42851482629403	5.45461912910824	5.38537584488131	5.54547345112619	5.53726772859754	5.3659917271723	5.51864292996896	5.54615362451988	5.55046448987314	5.65248719703284	5.64020144774132	5.69310183021512
5.35167009136774	5.43409917950608	5.51504938526159	5.64166382546249	5.6821073737884	5.44052313532389	5.70964744670869	5.77457708798676	5.89955754920702	6.24860424487984	6.15095938048848	6.10687384409242
8.64678710341553	8.71397516604411	8.61585889755082	8.73075283194857	8.62603380739552	8.63705339923878	8.59508024278964	8.63314639689842	8.58676890415966	8.47910348893883	8.67857030998472	8.48382750549026
5.44340733595824	5.36352501230953	5.54910378220326	5.48842307850879	5.52963149037865	5.54184000800363	5.36567350948379	5.26157782199651	5.47031591505762	5.39313755628761	5.2656147428163	5.34696942260634
5.49435925959944	5.55307815707275	5.56250469704843	5.76429200518399	5.49083522765124	5.67824044994832	5.6445809083964	5.60540422369179	5.57462881928068	5.63438408214955	5.97942025143735	5.81760005364071
10.6883021081063	10.7095405510042	10.6085873973568	10.642279613833	10.7008728339919	10.6989955675774	10.7473836514322	10.6907480538149	10.7474795884407	10.385370623092	10.687496009651	10.679667265868
10.2017516236225	10.2744017242605	10.2946958212893	10.1151389143011	10.2502155367509	10.2437661984129	10.184176190792	10.1086768602403	10.1876431697442	10.082949004398	10.290371360823	10.2102007284128
5.3358007251403	5.51449290753264	5.50120050214209	5.2950683030448	5.48294986705479	5.3659917271723	5.3757212813567	5.37105771576988	5.37451699378267	5.41449331033233	5.47473423926434	5.3028719899858
5.5085941659383	5.45461912910824	5.28394975445759	5.39496272842821	5.61149620957931	5.62236513818342	5.24483313940705	5.41985430557584	5.42851731726511	5.17537159369792	4.95319449739074	5.3897671397038
5.3358007251403	5.44781133966048	5.28394975445759	5.36006973269494	5.25203299789843	5.39959012896265	5.22275194480639	5.24137145883416	5.16794114031948	5.29984643368744	5.3207850580699	5.26660418115005
9.20769430697972	9.17824894308261	9.262987826506	9.23251621389174	9.29366892771963	9.23263431633295	9.36572634646002	9.30164486622003	9.29808720828434	9.53262935584123	9.4555965936138	9.32139912534707
4.76715069982812	4.8686893927231	4.74199505225964	4.82892206496133	4.62458112614815	4.61565538394052	4.78479586551439	4.810414735475	4.58283310821936	4.78181535391312	4.79121833174556	4.70172277585454
5.79668490277229	5.80842442318654	5.94175242332501	5.85241242755515	5.95742995740808	5.64357168654247	5.6936527412364	5.74612288523715	5.82086464331625	5.8027345538667	6.03668926365671	5.82386520941543
7.67459279902119	7.69565919135061	7.7403433132679	7.71570057744922	7.75934613801607	7.63339953882483	7.80712165812708	7.68432824050117	7.70604973243806	7.75262623335045	7.78227789745825	7.57050700835006
5.61112173848904	5.54033015544302	5.58237662310241	5.58834425412393	5.75600000238588	5.66447233516592	5.47722505021468	5.49580755755335	5.65389874151787	5.69852324602175	5.32618858251413	5.73358537220743
5.73743331338021	5.67474680939068	5.60197979939333	5.71537400864721	5.58962403232685	5.89424753900369	5.96425522417778	5.90901861993018	5.91100094315887	6.37625227649715	6.04984107032038	6.13739462712101
9.64730210744979	9.56841637017276	9.56739317575225	9.40555386407106	9.49233668372973	9.46229079173574	9.36604238251962	9.42328693864121	9.36037119473394	9.36397015391634	9.20093623004652	9.36884682222449
5.85360659770098	5.92098381285333	5.90009517456438	5.88719368108898	5.87537202036227	5.90013740652471	5.9609161026171	6.01223626346823	6.0726034760701	5.86308600249949	6.09177675563076	5.94378902647601
7.85295668111735	7.86663055193041	7.88234158177699	7.86046059372593	7.76587655313104	7.89350841092533	7.97894127050708	7.92053698471753	7.99607918102941	8.41253360642203	7.95493930257209	7.9361010902766
9.91813037585215	9.88535669309549	9.80597600233313	9.88919975501849	9.89184135268397	9.85285629531735	9.86736624509273	9.83718168976151	9.85134397761685	9.71200964683061	9.75220945815427	9.7985565081107
9.30340824651014	9.20177184548232	9.19453456883287	9.02863422987385	9.19548648773847	9.20847367032815	9.11468300453065	9.0816451538829	9.10287813439944	8.98601417867955	8.94091093796733	9.10849957766493
5.58448221821312	5.58446619741628	5.72032982382052	5.57622427562097	5.52963149037865	5.74518389680015	5.60665463988015	5.57338629046692	5.52092542187667	5.56345290222139	5.98627665777246	5.62300889527935
5.55047922380288	5.57199241685514	5.60845571152373	5.61820808552064	5.65427446872651	5.56424874351379	5.5500584172166	5.55164123495614	5.56982806891237	5.58999100257764	5.49887633745479	5.52650566697626
5.37515361769096	5.55307815707275	5.12168620285022	5.52670494152775	5.32436157259978	5.20436903370112	5.69766800607252	5.6367300830031	5.68531939996312	5.75324526560015	6.12011278508422	5.93802310153576
9.77233939946072	9.7304832415741	9.75386567404142	9.66737038415816	9.66212308775835	9.6874744514303	9.61476164354365	9.63857866861578	9.53533140282346	9.49692808796036	9.57169703920555	9.59299674813806
5.28712500836382	5.47485289962746	5.48721810383603	5.35298936273929	5.36780381129461	5.38288812653418	5.32994845357719	5.39566105014921	5.53577017605087	5.59748492378123	5.36870790432616	5.44764009613483
5.52269070768831	5.42025620791981	5.69011027503962	5.40184180030726	5.30661418667912	5.49595605151214	5.43458975332556	5.33335288311643	5.4754570724074	5.54419520259038	5.50842177275071	5.57184513672733
5.60450762147066	5.57824272453511	5.45166082702559	5.51405626884776	5.54486396113634	5.60805304422653	5.55891065033937	5.39566105014921	5.4651564727141	5.44387306662958	5.41509936391787	5.64439509931019
9.49703126530233	9.45596164800973	9.39132988609505	9.31752852333589	9.35938169619618	9.37020318708366	9.24685989622277	9.26569649863477	9.21807669357855	8.97055112865754	9.24847024293113	9.29397237026681
5.27053049083594	5.36352501230953	5.17490921827272	5.34587429967082	5.26127341826023	5.16587484144981	5.25574921735133	5.20009613718884	5.31270061320969	5.10365559213119	5.15464650105205	5.0807821001035
5.94026660690598	5.91605299436841	6.0552392158307	6.14302165469773	6.25508031477951	6.13807830033435	6.32019254667087	6.21630316756961	6.32168582689603	6.12684433170697	6.12011278508422	6.14742671332493
5.77327440936844	5.875989649205	5.82417872903516	5.78023754507614	5.88139014328562	5.85839588395378	5.66522987335635	5.82079231600433	5.81681541640374	5.60865365181713	5.59161562114103	5.72021619405602
9.90605103610047	9.90168590868331	9.88261585139821	9.79995215091401	9.83939498663181	9.76588639314677	9.70746458888937	9.75968230995415	9.67995147178088	9.78083960155844	9.50064838335491	9.6932350314063
5.76736216081466	5.7977440623824	5.70831755606383	5.69309079252769	5.78196193593846	5.888333601389	5.73331312153991	5.77457708798676	5.77151000790061	5.89386716155113	5.93758507205415	5.83010336620884
9.59517348461178	9.47371397648551	9.69523607007341	9.5296527618116	9.55165298106151	9.60545751374919	9.66082752890763	9.66229203628197	9.63573758522384	10.1158485698374	9.56138955270595	9.53393179767793
6.15485157526395	6.2576122710742	6.24196213629082	6.14302165469773	6.18377884497126	6.06127971274082	6.32539808652006	6.19539045955056	6.30442294031126	6.28855992019086	6.42785766630771	6.27187844264313
5.52269070768831	5.47485289962746	5.26769750682285	5.32431753287668	5.45903328912189	5.54934813620976	5.45369361686678	5.49580755755335	5.35234157525809	5.31808433096127	5.18467942387758	5.34696942260634
5.68195160882411	5.59683354932319	5.67784369178177	5.69309079252769	5.55242060291158	5.58631636150457	5.84254222686444	5.75090425028249	5.88415754958804	5.76660867840041	5.97253119381766	5.87303352566151
5.13047970078803	5.274042748584	5.10350372572645	5.11440606681625	5.03230640202642	5.03323506514192	5.08272539114907	5.0533871135801	5.16794114031948	5.19028999257151	5.2712270002675	4.94989265082137
5.30353213867725	5.25857816447905	5.20080796226739	5.10601849487531	5.32436157259978	5.21383546815476	5.13682649474684	5.27489432895246	5.2837083272575	5.21967541731647	5.20826713961502	5.32067193911132
7.54038902193138	7.53426033769479	7.71801002746999	7.53765860977829	7.66292614649437	7.66145064305772	7.80619040103829	7.67553818318267	7.73964254815615	8.01347073082674	7.77634909122662	7.75256864562225
9.4653691311604	9.53135872776412	9.44580668727239	9.54998364362426	9.46148676578605	9.40536361208455	9.57375830985864	9.47848207441207	9.536565089406	9.59914947279447	9.52029423214595	9.41582265341554
5.61112173848904	5.52746907677578	5.45884234518476	5.41550290037596	5.52963149037865	5.35746921330246	5.63623821500353	5.55710815292073	5.54068484605395	5.67745746641386	5.89814361956211	5.33825639612741
5.44340733595824	5.1868764738003	5.07579706014021	5.31706025320184	5.33315460538818	5.41610213002235	5.26117666567128	5.32056387953116	5.2660311483294	5.05017691772216	4.81439173073282	5.11174641167129
5.35954021044732	5.37073884584758	5.28394975445759	5.30976653274611	5.33315460538818	5.29636873021761	5.25030142590191	5.24137145883416	5.23001840347955	5.27672231328189	5.2879348823827	5.32067193911132
5.31166673769533	5.46813961715275	5.17490921827272	5.24242108866083	5.35921871278022	5.31408984894545	5.35047026234422	5.33335288311643	5.2778397950251	5.2050569269442	5.07993321683985	5.33825639612741
6.11813042403339	6.3701219059094	6.29518837421552	6.50502030076215	6.55927354692963	6.63523051778645	7.21458777200411	7.28276700249253	7.26890464109072	7.87818307009094	7.48432281956496	7.54224484273592
6.16388796477442	6.16915654769996	6.26266637928117	6.12647270442443	6.33185236236793	6.21100255773861	6.22034547208954	6.26060205947304	6.29862251496554	6.19520110678429	6.53468287590015	6.25341567782752
5.43598018659997	5.2817137620524	5.39289211858577	5.35298936273929	5.35058255210717	5.37446450709903	5.20596814940525	5.28808991335299	5.30694825764981	5.41024722335475	5.28238690668685	5.3028719899858
8.97631847327599	8.96051649288128	8.91122873511294	8.8534798252303	8.94516343375078	8.94017443835274	9.03861205229388	9.0015079183859	8.94692361418434	8.44151497299609	9.04527323724641	8.94539236624609
5.23676195475171	5.31199912090811	5.31591883623221	5.33872420409339	5.23337403972589	5.1852492753686	5.38071920992354	5.25487353117467	5.24212205803519	5.33161403609346	5.61831869431176	5.3897671397038
5.50149417700032	5.50139958019957	5.69011027503962	5.61228434567167	5.52195482504031	5.60805304422653	5.5500584172166	5.59480997117401	5.63563332180938	5.61605193855662	5.74895100967326	5.5417769032769
5.43598018659997	5.62729795725597	5.49422615223335	5.49487397289375	5.47502140581175	5.57164200580136	5.46315204187358	5.58413771069657	5.4754570724074	5.87547713861818	5.49407995726126	5.57926575082089
5.56417627653735	5.7263326100755	5.69620483298961	5.63583538868794	5.6889828428085	5.85233330423557	5.58514757269098	5.54615362451988	5.5650113671526	5.55192900534852	5.55522861127142	5.63730137758791
8.92403480026495	9.05507441866419	8.8793793769058	9.19923727750754	8.88493735819506	8.91636098362671	8.93846743507877	8.89464013532983	8.99123737627115	9.23837379390709	9.05183313494883	8.89188751913226
8.12601775066359	8.25277417996075	8.09370120876668	8.33973957080838	8.23931566502472	8.19402872189577	8.30785703142888	8.30866636291996	8.37207436442986	7.84465077427087	8.34572498736793	8.26491948390687
5.52269070768831	5.58446619741628	5.74405953786141	5.6299834135176	5.45903328912189	5.54934813620976	5.57208846900998	5.46124559534767	5.74618712037545	5.55962177224665	6.15095938048848	5.59399397653562
7.56620160310649	7.4884311375416	7.51190895106615	7.62131830719814	7.53113235097481	7.55519338285121	7.74918566880701	7.68557960355648	7.84396268002277	7.60860514260861	7.5917504542229	7.7226568222682
5.2021903260094	5.21918118031499	5.20933939541589	5.28766304676839	5.32436157259978	5.19484057326277	5.11302940968224	5.16478195478864	5.2239285769358	5.34945978687628	5.25432478853449	5.33825639612741
5.57774512687954	5.60909626505861	5.37022553257453	5.48842307850879	5.39325864705155	5.51907949790641	5.51409892265311	5.50148865892472	5.49077211218231	5.48079342641056	5.51790479178077	5.5417769032769
9.20386202971249	9.21489968990249	9.15683773064603	9.26835206724232	9.27490316743104	9.25005997491086	9.26629167193338	9.21286029616853	9.28750108731937	8.99421758134366	9.2355627401592	9.14278950829226
5.61770580704069	5.70363208718375	5.73224328237407	5.69869381670565	5.61871419284147	5.69865033843545	5.53219013873662	5.58948366332661	5.5983969326721	5.70200461642517	5.75297492274579	5.72021619405602
9.31918274565275	9.39071544120769	9.28847471826845	9.43233791091612	9.45037949767305	9.33742872869979	9.53240045963079	9.48280779565252	9.48125945028607	9.66765168806096	9.27779640131179	9.5068839752326
7.89837415135039	7.96313980326705	7.94522161234129	7.9205470664023	7.90105781388669	7.97120888112846	7.89032418292296	7.80783512906151	7.86080318797427	7.9822543835691	7.92666734778614	7.8026731939959
9.4427847998674	9.43410739068567	9.41188453527195	9.54141705641846	9.39931060969127	9.42390774037912	9.41512611232311	9.41236791158163	9.42973703281833	9.25894621449082	9.40365355877009	9.28433381961951
5.29535173393093	5.32690827907573	5.33944223515322	5.23474193065427	5.29765851795742	5.1560900013489	5.29332244974802	5.34603025220042	5.21781313570755	5.31354627800793	5.33693569357055	5.40653908965394
8.23839421997829	8.24196296674339	8.13811492337327	8.18834755095791	8.2591248805217	8.22725425431212	8.1921386751022	8.22765113071824	8.19120719633145	8.18280592640911	8.20052187254316	8.24635079114124
8.9260300162451	8.98842333658305	8.93078336003726	8.95665744490499	8.96161424167814	8.86224319224828	8.78714973321005	8.84061338720745	8.87169484091984	8.9963499503704	8.69960990369307	8.86018010552906
9.80992133447203	9.84954548347096	9.79392487590934	9.66378695055805	9.84016885591165	9.79901884278008	9.73145669635493	9.80673717888937	9.71823711348272	9.73517787558776	9.51109994440347	9.76958933645755
5.68822223566302	5.59066306385608	5.58894051779492	5.58229693227234	5.64015490678602	5.63653726458237	5.85338531849649	5.79786910423375	5.79227928754921	5.60121740435006	5.83878435499415	5.84865813729783
9.82603825534734	9.88725029319241	9.65229811631737	9.86412495900228	9.80928091388384	9.8283171255001	9.85007329050541	9.77681113759337	9.81875718185289	9.4979318126454	9.73039528943206	9.70560759955117
5.28712500836382	5.55307815707275	5.37782045179074	5.49487397289375	5.40998389097765	5.45657841762267	5.34536693340631	5.42584012547189	5.44956713083296	5.42715753837579	5.67877638655034	5.49547209542896
5.7006826386586	5.59066306385608	5.81860066549783	5.88719368108898	5.71616294717467	5.71877663632571	5.61940733558101	5.73168333455322	5.5983969326721	5.7599423877927	5.94464215084797	5.8113076649691
5.81399765194916	5.875989649205	5.86804588633739	5.81677474599014	5.91111098180021	5.74518389680015	5.89945539195305	5.9260363293481	5.88028180656062	5.84744639294439	6.02341676613782	6.03304902166752
5.76142567285881	5.64527385831551	5.82973538061642	5.67615050133429	5.84490021470846	5.84013142767876	5.74500250313983	5.77926556408573	5.71171938935813	5.7363656889442	5.60057142255939	5.7067224578513
9.07312478184643	8.95450857790749	9.05834359229144	8.95313875661736	8.91609880063701	8.96148715644852	8.81287920942546	8.87886230764117	8.87413659014978	8.62726528280612	8.84549801419632	8.75819390508449
9.31106260798227	9.29077616281486	9.23389756458838	9.18930146112957	9.25704956678292	9.25869450807787	9.22785851975123	9.17727118704821	9.20378173643855	9.37957477317417	9.18722200061528	9.03399413543644
5.79086767107023	5.65121660759813	5.80737964029243	5.79600938771211	5.66825775960087	5.72542372957245	5.6936527412364	5.65214266958139	5.74192324949952	5.78314135498755	5.8158816317389	5.72691620956109
5.53665153520605	5.50139958019957	5.75578015772123	5.59436645070246	5.66825775960087	5.34027263956585	5.54561194925554	5.490104116143	5.45997861557949	5.33161403609346	5.60057142255939	5.5417769032769
5.55047922380288	5.45461912910824	5.37022553257453	5.42903660700007	5.49867795117729	5.28742644669025	5.38071920992354	5.22774279843997	5.2660311483294	5.41872701084563	5.23722370810914	5.22940806974737
5.3358007251403	5.42719420002975	5.31591883623221	5.61228434567167	5.40164535941425	5.62236513818342	5.58080759728215	5.29464303713827	5.5983969326721	5.7363656889442	5.79651528773068	5.67935191185605
5.53665153520605	5.34898892580531	5.60845571152373	5.33872420409339	5.40164535941425	5.26026458914122	5.29332244974802	5.41985430557584	5.36900481019195	5.45628454317504	5.45018354540071	5.5417769032769
5.65659410244978	5.62125609240585	5.68398996717379	5.53298814322517	5.58962403232685	5.51907949790641	5.38569999094693	5.47285798696854	5.6217815556299	5.49289431190172	5.67454065358325	5.69992815384434
8.59254885478898	8.597748084502	8.41853498692373	8.73553999217971	8.61160302085353	8.67796984356536	8.7979652054874	8.71937815166405	8.77779440689285	8.6097301206204	8.88919336275289	8.8828991391696
5.3828978029225	5.42025620791981	5.41521019841829	5.60036372895829	5.35058255210717	5.37446450709903	5.39066374095955	5.46124559534767	5.38000832801747	5.48079342641056	5.50842177275071	5.50329296712176
10.3826251163778	10.393986520875	10.3867782256974	10.3216249824766	10.3418592530781	10.3172486238557	10.185072060966	10.2343601911782	10.2125559694711	10.316636789139	10.16171264829	10.2026953226425
5.39826332659738	5.40627992013465	5.33944223515322	5.48842307850879	5.27045545943643	5.38288812653418	5.35047026234422	5.26157782199651	5.39092907125532	5.3974339179692	5.35290869566693	5.44764009613483
9.80920083102904	9.77548152185012	9.75715547745667	9.72765185713012	9.72044722067707	9.69767095986473	9.57976561778281	9.62135198488393	9.61836480699484	9.75546408721204	9.40493515711933	9.68118757178867
5.53665153520605	5.57199241685514	5.54910378220326	5.46232872979715	5.57485703775417	5.57164200580136	5.48653177460583	5.53511569865458	5.57941372305757	5.44802203347792	5.4049175248669	5.38130793026571
5.35167009136774	5.45461912910824	5.48017603150194	5.41550290037596	5.42651859099748	5.39959012896265	5.26117666567128	5.39566105014921	5.37451699378267	5.45628454317504	5.20826713961502	5.26660418115005
5.48718907023495	5.59683354932319	5.74405953786141	5.61820808552064	5.53726772859754	5.57899775279607	5.60237868192075	5.50148865892472	5.45478221247741	5.54031277618148	5.57353628333669	5.51107189060868
9.86156934428763	9.80516431178484	9.72727364487952	9.70969138728904	9.73757745971735	9.73651547284799	9.70146631171355	9.68343113487889	9.69356409873287	9.4304038878236	9.55303240954873	9.63285962489402
6.06606606259679	5.97887899804182	5.85720310716688	5.89209489136112	6.05652413684452	6.10784654079055	5.94071789595285	5.93447071264372	5.97054932608077	5.93588960168313	5.99650071697821	5.88506897793723
9.20605314874618	9.27398821432681	9.35125691570855	9.13391470164429	9.20031650453923	9.24369497836416	9.04533699643234	9.04017747591383	9.07513075767347	9.40788562859699	9.01075667187064	9.05615293043488
5.90837416613269	5.81373520030937	5.58894051779492	5.73186428784878	5.76903915548141	5.81541469790168	5.8677175589851	5.86998088656125	5.79639762893517	5.99671980463869	6.03998844432194	5.84249960361075
9.11161913324328	9.1171692303523	9.22336437893773	9.0918666729055	9.32385959052494	9.39600139125668	9.53689881916338	9.49392291260729	9.54425182119933	9.63037857596756	9.41959228796112	9.6880841481893
9.70576532389814	9.74343396417634	9.58560128394944	9.67165878871731	9.69029290430476	9.67634629949937	9.74634269334931	9.60986205195289	9.69411699718853	9.28737961419692	9.68126340124735	9.6475287464651
5.749479180957	5.68637012910932	5.7262988029424	5.67615050133429	5.61871419284147	5.60084364406194	5.53219013873662	5.57338629046692	5.45997861557949	5.52860273074498	5.70393394264242	5.74022396375932
5.36736790185349	5.46813961715275	5.39289211858577	5.28021985542808	5.45903328912189	5.47245797027796	5.27733844610756	5.29464303713827	5.3579172615319	5.38882844051261	5.34227957244333	5.32949077975019
5.2021903260094	5.33430585877815	5.28394975445759	5.45573113765983	5.26127341826023	5.11627913304435	5.37070608752133	5.47862950939767	5.5059271312898	5.64165249168715	5.75297492274579	5.47970269042301
5.4210108621681	5.46139512362017	5.39289211858577	5.40868842333794	5.36780381129461	5.1560900013489	5.1718080461601	5.27489432895246	5.41787678609738	5.22934006000327	5.42521026837038	5.38130793026571
9.36058777397354	9.38937994220306	9.24174729261281	9.41964559804573	9.29874478205321	9.39182082301604	9.31882589965383	9.36355207180184	9.33931820625181	9.01994974364447	9.23051180349629	9.26716592767186
9.12615540672295	9.04662711164477	9.03805181850748	8.87285299915276	9.02151569205388	8.97062578399667	8.89094227868534	8.95867098475238	8.9136026679577	8.82897190956811	8.85115038536426	8.88139561654586
8.64193974887607	8.74214894436411	8.64850608494969	8.67985952173063	8.70886564486883	8.76296640520499	8.8114875523228	8.81453889422647	8.84156791072357	8.41146869016534	8.74585633183901	8.9037855765362
9.3679454617236	9.31348651475702	9.29251116088299	9.2945407921732	9.20633137495881	9.2558220683317	9.1341110665586	9.18879080320499	9.16242623364391	8.88375299875853	9.22580576152626	9.12511130369629
8.11673102287563	8.12594324983835	8.23462450826383	8.30058834930887	8.33025158173663	8.34976701414964	8.65061510763833	8.6434871538377	8.6745556546791	8.42155380017127	8.67538774021277	8.63423352216185
9.0434114859044	9.0312961921979	9.03745065965198	8.96658070994308	8.88493735819506	8.90613833980996	8.82442444397019	8.87283218690797	8.75730598243418	8.76120123910456	8.86704621724542	8.85252689203391
9.07911425348562	9.07680871229572	8.9941151267659	9.01125588305949	9.07443238434375	9.0688160859015	9.15657314756857	9.08021849250187	9.13010191859044	8.91940100566979	9.17149486297439	9.08909147313308
5.37515361769096	5.29693535426795	5.14854102516542	5.28766304676839	5.46704937278693	5.35746921330246	5.20596814940525	5.28808991335299	5.29537475984953	5.14506785501747	4.88908660493967	5.1320293706025
9.84444074562295	9.84110347984463	9.73433872922607	9.7992990535634	9.76676926800214	9.7699188041126	9.68205173145155	9.70950365312707	9.71660530857651	9.49063893798285	9.57397762534851	9.59758248616302
5.77916261494634	5.71502682167505	5.60845571152373	5.65325083270862	5.76253425587904	5.86443317492488	5.63623821500353	5.68748028977765	5.82086464331625	5.49289431190172	5.60057142255939	5.74022396375932
9.94527263799285	9.96192445922068	9.93777856847265	9.92376783664362	9.97381573435388	9.91207315656859	9.87315892380515	9.86423648530973	9.86442100158105	9.85693814220319	9.85424742299583	9.86738890047413
5.57774512687954	5.58446619741628	5.55581972336081	5.49487397289375	5.52195482504031	5.56424874351379	5.65700556788992	5.64702333522214	5.4443332366529	5.46859074270404	5.59161562114103	5.65145426114631
5.4210108621681	5.49480832091758	5.40036967343659	5.50769031917781	5.52963149037865	5.3659917271723	5.38071920992354	5.38954919827866	5.28955325292801	5.45628454317504	5.35290869566693	5.50329296712176
5.3358007251403	5.43409917950608	5.35491545700042	5.53924423584024	5.40164535941425	5.38288812653418	5.39561057531763	5.33335288311643	5.27194746616635	5.59374280640955	5.44522315672137	5.46375996745232
5.4210108621681	5.44781133966048	5.56915898616029	5.40868842333794	5.40998389097765	5.26026458914122	5.41035072070784	5.46124559534767	5.33548490272326	5.36708888506178	5.45512703307587	5.51107189060868
5.46546335879224	5.46813961715275	5.42257393968733	5.49487397289375	5.49867795117729	5.38288812653418	5.3195777740249	5.47285798696854	5.39092907125532	5.63438408214955	5.52262314792384	5.46375996745232
5.92971370716597	5.7977440623824	5.92627115680806	5.93547440927375	5.97442427535421	5.79026861663869	5.60665463988015	5.72197635916582	5.66294582299668	5.86308600249949	5.61831869431176	5.94953206412229
5.34375708521554	5.47485289962746	5.23463740786969	5.45573113765983	5.47502140581175	5.46453992075124	5.50038084473292	5.33970540084524	5.39092907125532	5.26736863264734	5.19652110091657	5.16193345681495
9.27394558045491	9.20784569734547	9.25989892081559	9.23396686917375	9.16121588717064	9.21913063980562	9.13818753699857	9.13941258626381	9.12026169410376	9.29056892704367	9.09217025396246	9.18423186840642
9.68470763980166	9.70136046279931	9.49611507978925	9.58829411291058	9.57415501114479	9.55260154804295	9.48691882289417	9.46979152701214	9.47901534486159	9.18359556474527	9.40076579318623	9.35048934319667
5.47274147619241	5.44781133966048	5.42990050461363	5.50129630294431	5.53726772859754	5.4324283787476	5.35047026234422	5.44953950445945	5.45478221247741	5.25795435888037	5.23722370810914	5.28485123948397
8.99544648710029	8.7337544268606	8.93981893572917	8.6734588498057	8.77672767978177	8.8161908381758	8.74840164535234	8.7448141242532	8.76732387145364	8.92985151207469	8.72034708960523	8.85482712175272
7.27001547351745	7.24834193688263	7.16755449015301	7.48989569645907	7.32327508951074	7.32466597020126	7.46403171535122	7.56020929236304	7.56809915321264	7.32285899699283	7.44250626012531	7.35779759357476
8.38096991852509	8.48806451189112	8.44052763143661	8.62784098802728	8.37686024010783	8.45469264605175	8.50955578040147	8.50857418855917	8.47539285202915	8.44151497299609	8.51075517891672	8.30360194314398
8.29815301119164	8.2180898599623	8.36683375829788	8.14788044607349	8.22398178677084	8.17955160765475	8.16188053392587	8.27414453620448	8.14746935034823	7.97145619573905	8.17896030125069	8.20487894506735
5.3828978029225	5.47485289962746	5.45884234518476	5.61820808552064	5.39325864705155	5.54184000800363	5.46785823003947	5.33970540084524	5.48058007320091	5.43553937162195	5.52732620132616	5.38130793026571
5.40588552057563	5.274042748584	5.43719026450671	5.36006973269494	5.29765851795742	5.13632068650254	5.24483313940705	5.22774279843997	5.12285509048043	5.26266911856832	5.28238690668685	5.35563048235163
6.0269879563848	5.9502209795991	5.88949074642868	5.84737473560412	5.86326017450674	5.91184570713245	5.88895326237858	5.88311081884773	5.87639565609697	5.82526309651328	5.86505409062119	5.90293653683695
9.89216969032268	9.84922170280919	9.85388144743493	9.83414994683563	9.76269331041599	9.81627922116413	9.70671616665423	9.72236532329182	9.72122397059951	9.85341332524467	9.54607935490462	9.68593250737347
7.19479696754529	7.30041927959673	7.25287061710918	7.66641903738882	7.72791657105978	7.70421723146245	8.23775056271844	8.17605241678019	8.1833528419816	8.50429536477354	8.03409365724043	8.24049872383091
5.30353213867725	5.24294726213761	5.50120050214209	5.49487397289375	5.25203299789843	5.28742644669025	5.3143645345622	5.30766127157187	5.26009064683842	5.37582381052648	5.37914599891054	5.19123527189872
7.23182143620857	7.30231244619149	7.41342906968738	7.77801220191478	7.54258671575639	7.64573904350323	8.25286750550247	8.18492885745477	8.22297036574441	8.52856387194995	8.54196076670744	8.35866785037932
6.56622721069032	6.62119612854843	6.64354955785155	6.88318283548677	6.55173878522684	6.62102187217757	6.60127666030021	6.68751165682668	6.59452693061401	6.63338354334543	6.56479019172641	6.72819587898418
5.52968792304375	5.51449290753264	5.60845571152373	6.00047010190731	5.60424209719446	5.65753889873799	6.41846496140042	6.36106168953821	6.39147398173511	6.65333040135253	6.67294478097631	6.30811113730751
5.71917453834824	5.69790092740276	5.6716712284947	5.78551393893697	5.70941558689379	5.69865033843545	5.62363341747477	5.66739302892213	5.61247293629563	5.68098977210847	5.60947222416109	5.77942882515005
9.43579995232843	9.51430584428047	9.38378226194841	9.62340138628721	9.50068155486584	9.49870749801451	9.55031035072593	9.58794314985844	9.65261921877613	9.36672004285437	9.59096807038542	9.49267520497017
5.36736790185349	5.32690827907573	5.10350372572645	5.28766304676839	5.42651859099748	5.41610213002235	5.34536693340631	5.37105771576988	5.39635878736074	5.12967599728731	5.13016569590791	5.24812510152961
5.34375708521554	5.30448676240348	5.15738362544634	5.16374114900404	5.29765851795742	5.26026458914122	5.36062342708532	5.12124142162739	5.23001840347955	5.12967599728731	5.11776912566425	5.07031260724644
5.37515361769096	5.41328488788779	5.39289211858577	5.78551393893697	5.51423730448368	5.55681758318528	5.99396548200818	5.86998088656125	6.03473597758959	5.8692948316427	5.92693449220692	5.69992815384434
6.46746103501507	6.62724830949864	6.54215721023646	6.60700464965191	6.43782352522775	6.5289035325427	6.56871552007617	6.43727968045753	6.56099077379697	6.57753982399435	6.68564844504299	6.52761834917868
8.49646416325733	8.58691442076562	8.45860217763994	8.4954112972916	8.39803612411054	8.35084418635357	8.43981188274904	8.35659308297895	8.37552531848293	8.29964925991302	8.35570026755799	8.23226574847099
5.7006826386586	5.66302947776496	5.65299446521068	5.91153540074303	5.8693287674621	5.8704453865757	5.97091043491942	5.89612269744072	6.08276118311629	5.88470136124398	6.02341676613782	5.83631475494574
5.28712500836382	5.26633102644459	5.40036967343659	5.10601849487531	5.35058255210717	5.32286999351495	5.27733844610756	5.24813817248156	5.42851731726511	5.21481889820986	5.14245757496054	5.121923218629
8.02663179280736	8.16288583513843	7.90492627909187	8.04476000290293	7.90845505348667	7.93000161323614	8.12052326668962	8.04177947362786	8.04457495589603	8.01417240343313	8.48916734993908	8.27067353277288
5.56417627653735	5.65713508185777	5.72032982382052	5.48194336595095	5.64015490678602	5.69187894401288	5.63623821500353	5.47285798696854	5.53577017605087	5.51679734918641	5.39979969436467	5.55688897059463
10.168148514418	10.1189718559326	10.1304917085767	10.0600450521454	10.0909325075963	10.1031783537714	10.0331570129389	10.0723014507728	10.0096376182792	10.1046906841935	9.81260503097706	10.0538002912003
9.28952721890887	9.34045961550612	9.15905015738685	9.28150585154369	9.30884322894138	9.34068566228059	9.3145749565418	9.27570308722159	9.27314099214798	8.82337763973762	9.22144805573215	9.20601731949008
5.55047922380288	5.42025620791981	5.59547482176937	5.41550290037596	5.32436157259978	5.50370490394835	5.45369361686678	5.45540435618935	5.4443332366529	5.52467827257121	5.53201405042265	5.36424018758954
6.58317478245264	6.54011913665236	6.75300315932612	6.8227906085563	6.68514137098177	6.7988089943428	7.12930550595628	7.04417059671109	7.17223248878403	6.93840084986036	7.22761069171416	7.26861360200478
5.5085941659383	5.25857816447905	5.40036967343659	5.33153873164015	5.31551498364698	5.3052563107727	5.34536693340631	5.42584012547189	5.32413743343952	5.30442741857918	5.49407995726126	5.19123527189872
5.47998326034205	5.48153525700388	5.13069297911175	5.37412772656413	5.40164535941425	5.23258542792171	5.39066374095955	5.33335288311643	5.39092907125532	5.42715753837579	5.24864675359419	5.36424018758954
8.6763245396936	8.71610738904676	8.67503004941131	8.76125385846694	8.68580365382014	8.63085894988093	8.68293810805842	8.65567131064591	8.66499854503684	8.99918821541033	8.58273406086072	8.62168128899349
9.54672063289449	9.52001256407171	9.5905275069406	9.59206979681157	9.58481411171722	9.61893337041722	9.62826231175646	9.60755304361275	9.67491848072044	9.56243985893356	9.50752507502443	9.54442052182123
5.3828978029225	5.39216773919842	5.39289211858577	5.34587429967082	5.25203299789843	5.4803330353714	5.33510615622938	5.29464303713827	5.24212205803519	5.2813766721845	5.35290869566693	5.21995840623341
8.81269655462593	8.80893521937954	8.80574493269813	8.7423513559049	8.90430699819778	8.86299841338144	8.927802905484	8.97514013681702	8.92495239970955	8.50029410611278	8.84219054223781	8.85865270712451
9.08745795917838	9.16686182690704	9.10613951323298	9.02863422987385	9.14815158886555	9.09476708847745	8.99514076868088	9.06875412793942	8.9694790090843	9.07378393357765	8.90286465177831	8.98653230244831
9.00365718088921	8.98959897143681	9.12550214982406	9.03141768866454	9.05856068675116	9.02899279828853	8.9988138243895	9.02047642987602	9.01045445037611	9.3375814257582	9.06567466521401	8.94611170584599
7.64259813023964	7.56612673938947	7.69684909623606	7.855443306614	7.87561971090996	7.96559460250863	8.59130079624448	8.52474673163186	8.62901853332816	8.60321569547748	8.63718441013171	8.86018010552906
8.8025963358968	8.90863360053437	8.75106292110764	9.09878341460325	8.85308799250151	8.77665812784521	8.84179814636902	8.82309333189472	8.84156791072357	8.93208109179331	8.71570714106376	8.66689099014595
8.40786915799546	8.53632609527102	8.3820661448831	8.66272755509279	8.41683228126615	8.32586346168175	8.45117611934388	8.37144389209124	8.44418098428967	8.54370924223561	8.46110435162712	8.36298365785054
5.93499977804619	5.9929978898345	6.02648157181553	6.3567736679882	6.4621405358534	6.39755171882439	6.73837162305104	6.80497203519134	6.79330378844265	7.04521844876536	6.70241468056734	7.00709976932799
6.552524512246	6.56870217868959	6.48337709110639	6.42266321018293	6.38368918345564	6.47857494483828	6.39141706338818	6.41030204764732	6.43178422803448	6.04140822761021	6.33147876755792	6.46479408719728
8.78804368169882	8.81292545642507	8.69651302135462	8.64538971316507	8.79200655552965	8.77745949122485	8.81473266658317	8.81396679093216	8.76469432141314	8.33152681473284	8.63117402488963	8.71916827365941
5.60450762147066	5.57199241685514	5.60845571152373	5.62410770990932	5.48294986705479	5.42428821340851	5.46315204187358	5.60011677741959	5.45997861557949	5.47266971999451	5.49887633745479	5.41485294301214
5.59786318172926	5.51449290753264	5.53557784627756	5.44244526049893	5.69582583258143	5.65057212279035	5.4393893512723	5.64188584923362	5.36900481019195	5.38882844051261	5.28238690668685	5.43133911844462
4.92349110431847	5.03191428734159	4.79944592923842	4.93673019491085	5.0214857368144	4.9222992420991	4.96145436447298	4.95770105365693	4.91206656708717	4.94282137669408	4.77556295567535	4.74173945524699
10.2420834424381	10.1830640264082	10.3146804830251	10.1755223251255	10.1249893471124	10.1363543754135	10.0279735007756	10.0389073833794	10.063693425613	10.2386209720762	9.90743701069493	10.0467750365831
5.83110579798938	5.77614402571763	5.86263465048027	5.85743264639807	5.82630437335289	5.80916900680346	5.72546745175807	5.74132568103245	5.72041352950741	5.73975738072733	5.90900743726832	5.72691620956109
5.57097657756355	5.72069074760476	5.72032982382052	5.59436645070246	5.78838032964434	5.79026861663869	5.85698170597996	5.81623662022602	5.77985350510096	5.8411429228441	5.98969271288319	6.00574231821474
5.72528640938312	5.73755082493614	5.8517511038988	5.75893756334976	5.80113238093493	5.65057212279035	5.66932458459416	5.60011677741959	5.65389874151787	5.72955838213697	5.78476989941091	5.75995907248874
5.52968792304375	5.44097145721061	5.45884234518476	5.36006973269494	5.29765851795742	5.56424874351379	5.42977422749481	5.25487353117467	5.51594320690367	5.26736863264734	5.38950957898081	5.38130793026571
6.03685691570957	6.02541573076418	6.03131439623588	6.17153420229897	6.20793889217446	6.18710087657204	6.46638205373706	6.44910992527729	6.51669616283485	6.24860424487984	6.40499905182552	6.52377087009278
6.06606606259679	5.875989649205	6.1910274177671	5.8423194488898	6.02967199131331	6.10274588574109	5.98412970503859	6.05928107608067	5.9778234510021	5.9059986146483	6.02674632618381	6.03304902166752
8.23410620090159	8.24393467677761	8.20066290901592	8.45036437098272	8.38960302848993	8.3280529500451	8.55793970509497	8.482171012207	8.54630996766319	8.31624517793766	8.7027395464638	8.501552274509
5.37515361769096	5.60297787644573	5.35491545700042	5.17982133956475	5.4428670148041	5.4324283787476	5.23383446511809	5.46124559534767	5.48568504453459	5.04471946111602	4.87444993971054	5.26660418115005
5.55734392596043	5.69790092740276	5.76740667192248	5.75893756334976	5.52195482504031	5.85839588395378	5.60665463988015	5.56798052853775	5.77985350510096	5.82845302892705	5.92693449220692	5.80498780644254
5.08379723050489	5.06780350093011	5.13964436279861	4.92725177263884	4.92030723218232	4.91072725244786	4.99435864292505	5.0456488551304	4.98576800582009	5.00030809926997	5.07353054161894	4.86773997637345
5.86472717170133	5.73195257965194	5.90009517456438	5.7042752510429	5.57485703775417	5.93498187245419	5.73331312153991	5.60540422369179	5.88028180656062	5.9910354111768	5.98285251671249	5.85479057825882
5.55047922380288	5.42719420002975	5.62132136554657	5.53298814322517	5.80746653145233	5.54184000800363	5.37070608752133	5.55164123495614	5.6171347199358	5.64527306964843	5.35819422288313	5.47970269042301
4.98568930660877	5.11145617322978	4.91841450267837	5.11440606681625	4.90861956039515	5.07534886582879	5.02653677816221	4.93276541724329	4.93457044904638	4.98899058917474	5.09265473730364	4.89168754259171
5.60450762147066	5.54033015544302	5.73816346164375	5.40184180030726	5.59695149386367	5.51141257503432	5.33510615622938	5.44953950445945	5.51094381611131	5.54419520259038	5.55061533973232	5.56438634099127
5.44340733595824	5.36352501230953	5.30002222884042	5.43575642162897	5.30661418667912	5.3052563107727	5.18898838057855	5.35232767554607	5.26009064683842	5.36270163609649	5.20240597918978	5.17176645365276
9.12209999138632	9.12842018422344	9.0211239565479	8.91626744799856	9.03982029147594	8.94088995802661	8.88124645797599	8.99142341235483	8.78352097564142	8.47706900809671	8.8384012665792	8.84560411691212
9.6720824186108	9.57977996311237	9.7302526352754	9.43738373545733	9.53645425258652	9.49627565631093	9.35557646523822	9.4311425490995	9.36141582273416	9.50668474371001	9.27113560126692	9.46282584496492
6.75156045530556	6.78174828822143	6.86290520108186	7.03064849775501	7.01060515259685	7.19394128590277	7.40128494970878	7.43931458608457	7.4938413378626	7.73315464384428	7.76041880919909	7.74100983124867
5.57097657756355	5.55941036892798	5.48017603150194	5.39496272842821	5.52195482504031	5.3659917271723	5.42977422749481	5.40780808678429	5.30694825764981	5.31808433096127	5.59610043907905	5.26660418115005
5.53665153520605	5.62125609240585	5.82973538061642	5.67045942837364	5.56741674201974	5.76467805824282	5.63204878654941	5.52956506498007	5.70297274657202	5.69852324602175	5.83119030527499	5.74022396375932
5.47274147619241	5.50139958019957	5.60197979939333	5.73186428784878	5.55993806245028	5.65057212279035	5.70167217137885	5.66739302892213	5.74618712037545	5.79297109894533	6.02341676613782	5.65145426114631
5.749479180957	5.42025620791981	5.79038332291338	5.69309079252769	5.66825775960087	5.84013142767876	5.63623821500353	5.56798052853775	5.5841828840186	5.57867696997833	5.66603185243486	5.84249960361075
5.73137259634798	5.54671816709863	5.49422615223335	5.54547345112619	5.61149620957931	5.54934813620976	5.57208846900998	5.39566105014921	5.52092542187667	5.47673726002694	5.52262314792384	5.43951249810274
8.59003436413459	8.33276513602992	8.57003937734197	8.44869950108977	8.4857089960067	8.55343840264285	9.03384608906026	9.075930024256	9.04076603350783	9.35707241278536	8.99892373173126	9.14529737572205
5.52269070768831	5.53391387534229	5.31591883623221	5.60036372895829	5.40164535941425	5.46453992075124	5.39561057531763	5.30766127157187	5.48568504453459	5.50887336302771	5.46985722567488	5.35563048235163
6.33367815857304	6.06605585154577	6.27086574180644	6.24236975165341	6.37943976946059	6.49034583315904	6.33058494262104	6.34532349525176	6.32454303229711	6.0874237828398	6.03338254010585	5.99467364168552
8.12948492151446	8.05584331757389	8.16147555270084	8.04255430402707	8.11182391807107	8.19762541751095	8.07485563250505	8.13083215598592	8.11315331658005	8.2793621121884	8.18270087582591	8.19280756077611
5.39826332659738	5.37073884584758	5.27584635147301	5.32431753287668	5.47502140581175	5.31408984894545	5.37070608752133	5.35859790619934	5.21167186511984	5.40171760037291	5.2879348823827	5.19123527189872
9.17674722049757	9.07625549330842	9.13733289246021	9.03475076621693	9.02628367401103	8.97272650293463	8.89795308213186	8.97514013681702	8.93481069778116	9.06906417927964	8.89056633597057	8.92947547158005
5.79668490277229	5.60909626505861	5.68398996717379	5.80642929811335	5.81377308850655	5.8339916986821	5.72939559944122	5.84335818219977	6.03473597758959	5.87855841669094	5.89450414688454	5.78586099539869
5.7006826386586	5.78157432043116	5.7262988029424	5.80122871742824	5.7362184492303	5.77752987343471	5.81692126155216	5.89612269744072	5.82086464331625	5.95060667502406	5.99650071697821	5.86089714595086
5.35954021044732	5.25857816447905	5.26769750682285	5.2950683030448	5.35058255210717	5.27842878750365	5.26117666567128	5.34603025220042	5.19931096368188	5.10365559213119	5.2879348823827	5.22940806974737
5.80247885388399	5.94538896270207	6.07409813244689	5.94021504713621	5.89335182659049	5.88239539675337	5.72546745175807	5.72683797936588	5.79639762893517	5.70200461642517	5.91261066045993	5.92058616577185
9.24386868062144	9.21841379477701	9.16896430611347	9.11776619668579	9.13622870092301	9.15767304563359	9.04612610945204	9.06779463941956	9.08780939368971	8.88682139779514	9.02207582430389	9.09364343896281
8.96601221615699	9.01175592459665	8.83440583952727	9.1061953151166	8.91463008509506	8.9112587157231	8.83815787048995	8.84285862103603	8.83305856299631	8.66126101825431	8.81304276629372	8.73507192041312
5.40588552057563	5.54671816709863	5.7143361430224	5.59436645070246	5.53726772859754	5.44052313532389	5.47722505021468	5.37724775054379	5.4232068039293	5.55192900534852	5.45512703307587	5.37279913986069
9.42502373930109	9.40400287553737	9.38991771095993	9.37870039713259	9.3770867093176	9.34447614869044	9.34150275017235	9.33592244180776	9.33152114831605	9.4769600799777	9.37614693637154	9.28603942612349
8.0091718616333	7.91197658646917	8.09831989372225	8.03813276530361	8.09765619861329	8.16002002655557	8.15604443536249	8.1635329393468	8.16193000963905	8.50629184062407	8.32624166967486	8.22279874873442
8.57060961927169	8.58924277806816	8.62228735609196	8.61082077039499	8.70292191589647	8.64410035688796	8.56511441159406	8.5856733153103	8.55972049605689	8.78442123476867	8.42492436643691	8.60173302888268
5.27053049083594	5.43409917950608	5.30799227671746	5.28766304676839	5.41827478886722	5.44052313532389	5.35047026234422	5.31412690123418	5.31270061320969	5.32260825031453	5.33157207870425	5.43951249810274
8.69204246926789	8.61232199657803	8.52529176018842	8.4832645908476	8.57859614419135	8.58673676253053	8.51412568295584	8.53172212171419	8.47346176700043	8.04814296439447	8.54545131965557	8.42105296342202
5.41346789529641	5.26633102644459	5.15738362544634	5.19572571547588	5.242733456904	5.44857298404483	5.20033022481126	5.37105771576988	5.24813630234674	5.09839523460168	5.03451203515246	5.01680596601086
6.54216150350063	6.48119823663407	6.63721858513953	6.56153866075424	6.59636882775181	6.53649309250644	6.65809847668984	6.64955717655488	6.72571887414673	6.48950485494899	6.77554319871878	6.8804035401929
8.82129796183812	8.98253074968078	8.93659843649702	9.01238340569775	8.9750639694526	9.00181985019217	9.11956460181825	9.01749793184465	9.05633153056649	9.35485815235455	9.18274599926178	8.96326912867633
5.84801410463304	5.86067526130858	5.87343696554342	5.75356324875606	5.82005229064685	5.85839588395378	5.86414778244673	5.82986092021364	5.95956909681903	5.83163594719155	5.90900743726832	5.7664781217766
7.32950047261437	7.39748458523362	7.25287061710918	7.26433610473583	7.245980584069	7.39943708508511	7.62160245672412	7.59791412009387	7.64216425318134	7.22201252503444	7.49398839184396	7.43770439325017
5.43598018659997	5.23506832470427	5.08509130969405	5.17180346168662	5.18565133355769	5.34027263956585	5.12497658316139	5.16478195478864	5.2660311483294	5.17537159369792	5.12398060752523	5.05976731918352
9.33828685772146	9.38357845167946	9.29954787508057	9.38480792074873	9.38134631056124	9.37497634716795	9.35843834406536	9.34228459743789	9.34707335241359	8.83056629630076	9.32391912996102	9.22214320745081
5.52269070768831	5.50139958019957	5.56250469704843	5.57012607202397	5.58225933977813	5.48816557768424	5.34536693340631	5.49580755755335	5.40176826836548	5.45628454317504	5.44522315672137	5.47970269042301
5.29535173393093	5.21117203216449	5.17490921827272	5.30243600626749	5.27957984911614	5.29636873021761	5.14858070150948	5.10643357463041	5.17426945885797	5.34056432316388	5.17872223584846	5.11174641167129
9.0922042153429	9.05563581780584	8.93788749896595	9.03030494947056	8.94156221388616	8.94660137647722	8.90013699005087	8.93676592820542	8.96444615948656	8.5582162166811	9.08138989542114	8.87989052544896
8.75624938340541	8.78678944306027	8.70183415261531	8.86538453398787	8.81895028117093	8.84170133995146	8.86568572838445	8.849573434172	8.94041391403412	8.49577938645272	8.84502598216555	8.86551330195389
6.10411594220201	6.15247558066438	6.11109380269989	6.19156143174055	6.22224344663293	6.28493564324778	6.29387981949033	6.31332337245345	6.32168582689603	6.19024700535133	6.40755683008956	6.47678363403884
9.7947146791261	9.76590747383934	9.78714631815707	9.5799526618694	9.68857516934082	9.68790074784836	9.50769207993724	9.61971615772824	9.50917726555932	9.42038031787445	9.31814875746399	9.4653370153925
10.034283925496	10.0122481897665	9.97498634020776	10.1411435085739	9.93413574452351	9.92876135451273	9.90830315808008	9.97304190314008	9.94235046129865	9.82229837250058	9.82534409387158	9.82343429239639
6.89693268102313	6.87372383394158	6.9240028457012	7.03952175375648	6.98285061470599	7.07646552632098	7.30173302198447	7.29101106558826	7.29974149355704	7.08315453522126	7.33368184971667	7.42743968856088
5.86472717170133	5.94054075396729	6.0118854494261	5.90669970342849	5.99677720623713	5.92346003170861	6.15461225511518	6.03594993954871	5.98506118235902	6.08208556928783	6.43539753858812	5.97227891949903
5.55734392596043	5.45461912910824	5.40036967343659	5.53924423584024	5.36780381129461	5.49595605151214	5.41523102302471	5.29464303713827	5.39092907125532	5.63802284430447	5.66175863811087	5.82386520941543
11.0666483271913	11.0466479924025	11.0270463047251	11.0346066365216	10.9943825929678	11.0031460909106	10.9609914209425	10.9436414425198	10.9498205827204	10.9090557443001	10.8812311445473	10.854222023577
5.59118814125444	5.70363208718375	5.56250469704843	5.52039439600002	5.55242060291158	5.44857298404483	5.45843053730108	5.51278453316867	5.39635878736074	5.59748492378123	5.59161562114103	5.66547023507403
5.4210108621681	5.45461912910824	5.54235658677118	5.52039439600002	5.50647849381013	5.53429279788319	5.62784721081706	5.57338629046692	5.61247293629563	5.8661937465116	5.62711148932257	5.75341054156786
9.20714746163842	9.20531803254096	9.1902140635921	9.24599927288767	9.17600307841776	9.1905352347612	9.21773793093778	9.1905549163727	9.2041699547503	9.31668627150226	9.16432349250678	9.13144984351682
9.22400402206155	9.27350567643106	9.24174729261281	9.16770489192203	9.28516928333631	9.15767304563359	9.14299038103687	9.10988606689756	9.12723877944032	8.95126113668075	9.27429455067137	9.09234434212199
5.6437469540198	5.68637012910932	5.77894057414489	5.57622427562097	5.49083522765124	5.45657841762267	5.51409892265311	5.60540422369179	5.45997861557949	5.62341264843007	5.72866199990741	5.71348504003008
5.92971370716597	6.04361913324185	6.05997705070233	5.95434446907436	6.15920815901261	5.96900689285204	5.98412970503859	5.82986092021364	5.84889644453196	6.04689843322439	6.20193385600885	6.1623455187041
6.12739851411007	6.05263563289708	6.17364240114171	5.84737473560412	6.07239932896677	6.05601183134039	5.92366795317345	5.95534403746421	5.98866651359084	5.94767521216002	5.98627665777246	6.11711918711061
5.48718907023495	5.42025620791981	5.42990050461363	5.3811060052565	5.23337403972589	5.31408984894545	5.48653177460583	5.32056387953116	5.29537475984953	5.48079342641056	5.69977124163671	5.37279913986069
9.92645969678674	9.9762285294949	9.89925490956106	9.98420672501569	9.93123331691354	9.94490208149631	9.86691968956916	9.853141271369	9.87494425135678	9.70398603933492	9.84860708823027	9.72501797820295
9.76715475577067	9.7604079276252	9.72578183981624	9.71766303105813	9.75163035655564	9.77875063404176	9.69820680203198	9.64727607174477	9.66789895921551	10.1321020361574	9.58221466045871	9.70092703824667
5.43598018659997	5.45461912910824	5.55581972336081	5.56400210667279	5.52963149037865	5.50370490394835	5.89246244754362	5.89179839101696	5.92235454951606	6.32744063049344	6.08220666229029	6.25341567782752
5.83110579798938	5.98360062313877	5.97724389984785	6.31720722106353	6.06712693752044	5.99125364468547	6.45455094600486	6.34215518256771	6.45283183323879	6.33194681478436	6.66441316261963	6.36081182834945
5.42851482629403	5.50139958019957	5.55581972336081	5.50769031917781	5.49083522765124	5.77111822469822	5.40545395270672	5.42584012547189	5.43380846749981	5.55192900534852	5.58260413919028	5.52650566697626
6.40402598387655	6.35561716871934	6.35426215359362	6.5676841192979	6.29623176186016	6.4547414812385	6.72661143535949	6.82781288197164	6.96799896101091	6.88417835679734	7.00067707400577	6.94514100926489
9.2256248985528	9.16061258186278	9.14516649897595	8.91204473515449	9.07706077444847	9.00113392589012	8.95494827449864	9.01002467342395	8.9450666950277	8.58302119356885	9.01663694627388	8.90304481565018
8.93662481718328	8.92838560619608	8.83371352453449	8.90477692010371	8.92122756270344	9.01138870575169	9.03145719048473	8.99192931526732	8.99707423142612	8.55580849437789	9.07415797698063	8.94970303387025
5.41346789529641	5.31947282880527	5.24297319272713	5.35298936273929	5.37633844410512	5.21383546815476	5.20596814940525	5.15041270723307	5.29537475984953	5.12967599728731	4.91077020201288	5.0807821001035
9.33428590805156	9.37235574075572	9.19668997921723	9.38437252546308	9.28800806557925	9.29216432743961	9.38519083412437	9.25562002092602	9.32760676038973	8.92910755251155	9.41387460946573	9.19879199216982
5.62426009769471	5.61518893224983	5.52192454660171	5.43575642162897	5.55993806245028	5.59359820330581	5.50038084473292	5.44953950445945	5.47031591505762	5.43553937162195	5.68721087788361	5.46375996745232
9.15989125252075	9.12200181514959	9.23127146886615	8.94784458118898	9.00435738989125	9.01954037091195	8.85716766187786	8.99142341235483	8.89207823172974	9.03143314905011	9.00611958414184	8.91998682711116
5.84239991956663	5.86579808373069	5.75578015772123	6.15122563602553	5.74943612987257	5.68507574748055	6.13696133344876	6.00824590882103	6.14871472149069	5.97384696747845	6.29878777094774	6.13739462712101
9.0898330389998	9.12092930543484	9.03985379360558	9.08598803335056	9.10372924510978	9.06028050116516	9.06998903815619	9.00952507712791	9.06874941173922	8.79630059036609	9.22761759475695	9.05481961771505
5.39060089551761	5.3779170131914	5.3625906741581	5.37412772656413	5.35058255210717	5.41610213002235	5.29332244974802	5.29464303713827	5.26009064683842	5.41449331033233	5.23147834754224	5.27575635091636
9.41795215920185	9.40752562020668	9.30704932001294	9.3921896075068	9.33433374457764	9.37126525486877	9.29545510686408	9.32271121675041	9.37389271496216	9.21658950012803	9.23915975631566	9.28319562737818
9.22993835420957	9.17670143662092	9.27985959669114	9.3166160123004	9.15376506571398	9.23730177656792	9.09346368973874	9.1507842280096	9.15601904858979	9.22145895953842	9.04198206943562	9.04880441516021
8.79679287668483	8.87021542924502	8.63505897894226	8.95313875661736	8.66236703597819	8.75647800454957	8.74840164535234	8.86014171814075	8.76574671660098	8.17026909200775	8.86425376621052	8.67124800491016
9.03604051459479	9.07182208807229	8.93659843649702	9.03973598908603	8.84076753413827	8.94446224325221	8.94525159528777	8.97820728252812	8.9534040745806	8.6554255188661	9.04896684906772	8.7631007716665
5.2021903260094	5.12855726406481	5.09432661958778	5.10601849487531	5.04304731783963	4.96769096820418	5.0949227836285	5.01427824323017	4.90448752211422	5.06103088434459	4.98080725410853	5.121923218629
5.52269070768831	5.51449290753264	5.62132136554657	5.2950683030448	5.40164535941425	5.25109664140691	5.50954063254644	5.46706341024693	5.40715766361798	5.49690560934344	5.54134452474037	5.58664857034283
9.28952721890887	9.39471453677471	9.23389756458838	9.28150585154369	9.27203845628324	9.22970946712169	9.28379347121031	9.2539337444721	9.29663166357286	9.51290448380014	9.24453852117577	9.12891776832802
5.27053049083594	5.34898892580531	4.95938081640817	5.28766304676839	5.1262372853761	5.12633440322871	5.55449129008679	5.45540435618935	5.48568504453459	5.69852324602175	5.72046613456739	5.72691620956109
9.90571405093374	9.86500211694983	9.87321346737141	9.84621478831957	9.84364613994703	9.85247606311926	9.76035554931467	9.75044316317344	9.74489879231724	9.89838756450388	9.70668816775328	9.76021200419366
9.36647692295062	9.31019677121339	9.41512776088441	9.10830602591159	9.30660523023247	9.27410762674082	9.23687218467142	9.3158579267063	9.18147881272195	8.94465070580695	9.03330686290581	9.39014899365234
9.18176584677147	9.15381187984703	9.00829643108217	9.12768509087411	9.06055422393633	9.11836315336522	9.17976992853102	9.18746630130711	9.1846299237944	8.97812355724488	9.18908291049592	9.07732004217218
6.73345425347091	6.52074464314242	6.64354955785155	6.6568597670315	6.96593810783625	6.78612868193226	6.99030012804258	6.9389921580692	6.97165078111531	6.87802598478517	7.02754210063215	7.2051402195673
5.55734392596043	5.58446619741628	5.73816346164375	5.59436645070246	5.50647849381013	5.45657841762267	5.53219013873662	5.44365084957878	5.44956713083296	5.62341264843007	5.67454065358325	5.74022396375932
8.16708385459828	8.15032607074626	8.04069599361281	8.10941020632653	8.08204017754199	8.21310832094551	8.33974339192059	8.44052612673202	8.40554299535845	8.08801262313415	8.4512139419935	8.40544623941261
5.76142567285881	5.54033015544302	5.44444358517345	5.56400210667279	5.6821073737884	5.63653726458237	5.52768845047084	5.63155590655222	5.68975294687555	5.37582381052648	5.2879348823827	5.51880931114628
9.55834423515896	9.51838437477062	9.64836634056169	9.50903127687092	9.61316113857145	9.55260154804295	9.51682949159072	9.54721687108828	9.52075600789372	9.85321724934566	9.42022618907776	9.53870885459114
6.33367815857304	6.13983732687885	6.10193324061838	6.11812665380257	6.28718771955562	6.35955430334945	6.1516853587451	6.2335022434541	6.3015256376743	5.88163314834247	5.97597982340959	6.09655539095496
9.35566171967372	9.32377714236685	9.30305340370597	9.22864065362333	9.22363401839824	9.22089917319852	9.23963432860331	9.17638124122766	9.18620290218853	9.0585580213546	9.0805881367609	9.18484148300515
9.63840577194828	9.64241125925759	9.64600212156684	9.59696345975147	9.58065253299669	9.58454692210609	9.50597235380007	9.48640268219554	9.51513471267129	9.48558780377671	9.49794855624791	9.41478364367038
5.92440825356491	5.875989649205	5.88949074642868	5.59436645070246	5.66128298415266	5.69865033843545	5.71757904888467	5.69742042447557	5.72474110656055	5.93292813746827	5.93049340356422	5.87906376303491
5.3358007251403	5.38505986308096	5.34719945495933	5.28766304676839	5.41827478886722	5.29636873021761	5.36567350948379	5.30116673613576	5.38547896903947	5.40598867766195	5.48926766324695	5.32067193911132
5.6437469540198	5.61518893224983	5.63407380278756	5.40184180030726	5.78196193593846	5.60805304422653	5.61940733558101	5.66739302892213	5.45997861557949	5.4229483965227	5.43023942583636	5.53416138947126
9.33878619719004	9.23387418821734	9.3100390109695	9.13235981889558	9.14000447885756	9.19354050567531	9.09689505465989	9.21546193017356	9.07215630833256	9.07781718451913	9.14604595629158	9.18484148300515
5.37515361769096	5.31947282880527	5.48721810383603	5.30243600626749	5.41827478886722	5.29636873021761	5.24483313940705	5.26825132813499	5.27194746616635	5.41872701084563	5.50365690817471	5.51880931114628
9.75448536017377	9.70279480826883	9.81792729791786	9.59545948449531	9.6638725884344	9.58408896108203	9.4542956369212	9.50317968975441	9.47064940118791	9.73368745452825	9.36268917561107	9.45577122528942
9.90031155582616	9.88661936927566	9.86916504002198	9.747085776428	9.85019156361846	9.82056224203025	9.75384925155889	9.75938519464906	9.72257959141964	9.83208163835178	9.60553298840697	9.75529517951326
8.87942714098508	8.87785436636205	8.76274841126586	8.75722411828382	8.79040585110499	8.7499602926773	8.63286534382549	8.64284302330608	8.66047908191733	8.14486382602924	8.6333625175814	8.60446954135894
5.31975603759343	5.52746907677578	5.37782045179074	5.41550290037596	5.4428670148041	5.52670609893889	5.20596814940525	5.45540435618935	5.34674439716502	5.34945978687628	5.24864675359419	5.32949077975019
9.74998711216845	9.78465385515067	9.65582757633772	9.70167545186047	9.66212308775835	9.67462663193848	9.63745491178985	9.59827987724273	9.62562890476365	9.44790914251844	9.49914910318938	9.52481158011489
6.44167713319673	6.32616347201733	6.35039814975597	6.36737911382471	6.45003319105767	6.38919377956264	6.52186044244147	6.57051819659159	6.52168539552262	6.33867985393212	6.72104691023987	6.68749800191335
9.28071829498709	9.28552096976346	9.11812944042741	9.22475465457287	9.2319133285559	9.27297154400372	9.23341205162127	9.16521035109432	9.22612748128176	8.8487762131021	9.21488671810869	9.20060171916146
5.65659410244978	5.60909626505861	5.5757828697506	5.52670494152775	5.4428670148041	5.51907949790641	5.49577916529878	5.578771968528	5.45997861557949	5.43971220202301	5.5131710335081	5.60130234492915
9.29571305846755	9.2874341645818	9.28594619482575	9.14475221156181	9.28970865765211	9.29552494327842	9.11768901857815	9.12518612169949	9.11407729662426	8.96148420313141	9.00189107757959	9.07732004217218
5.81399765194916	5.69214700166012	5.79038332291338	5.68181930475237	5.80746653145233	5.60805304422653	5.66522987335635	5.57338629046692	5.65842934391616	5.69852324602175	5.89814361956211	5.65847919677189
9.07492423559448	9.11339933017352	9.0344411023044	9.06874906545564	9.07968438487543	9.01206977308644	9.04730897031084	8.99192931526732	9.02854235677921	9.25449883611217	9.10878121228644	9.02176252215581
13.3296433476487	13.2642759691043	13.363943588996	13.2632423609935	13.2476121781517	13.222588914673	13.2373833358619	13.2449592889137	13.223745627121	13.308757935022	13.0867039144964	13.1779873158966
6.44909103686677	6.3701219059094	6.62766978541572	6.21523352405035	6.4621405358534	6.30284274709286	6.38145456109585	6.40423799153064	6.37502963528675	6.26754457836677	6.55328459852213	6.36511801300328
12.4092594599114	12.3943339058956	12.4238297698725	12.2595956328442	12.32671987549	12.2754429388991	12.1657692954099	12.2293591625816	12.1492541955961	11.905264637056	11.9568131194392	12.108558397163
6.22128660551758	6.16084012199023	6.17800829440055	6.21523352405035	6.30521955959079	6.38078721362829	6.11909226453587	6.04766255426655	6.0692016565296	5.9622734875253	6.04984107032038	6.12221476393033
6.15485157526395	5.97414191166626	6.16487086065796	5.96833723380651	5.98004497239578	6.30284274709286	6.01665883599756	6.04766255426655	6.055513789086	6.19024700535133	6.00327682979012	6.07569493779251
10.0496166282562	9.93043703559141	9.98530964588609	10.1346861711969	9.99238385777886	10.0414684458274	9.88335087690217	9.92960169818319	9.96451903440197	9.90294144800605	9.78037983029738	9.72878530503092
5.52968792304375	5.57199241685514	5.61490281556846	5.43575642162897	5.6889828428085	5.4803330353714	5.50954063254644	5.57338629046692	5.66744826616854	5.44387306662958	5.33157207870425	5.52650566697626
5.27885143821003	5.29693535426795	5.26769750682285	5.20361315653321	5.08523622632814	5.21383546815476	5.10701885280454	5.10643357463041	5.23001840347955	5.19522898239289	5.07993321683985	5.09117686928986
8.4592901779416	8.43813256546205	8.67348324136973	8.57311270312449	8.5674238929331	8.55717639830125	8.52944310783814	8.50290619271498	8.57661012245465	9.00414178323812	8.38846174684991	8.72504792709469
9.95018290727902	9.9450551327938	9.95634339288143	9.8691126666926	9.82695628892925	9.86723136060857	9.72998416884674	9.74445086900298	9.74995980221684	10.0327548264615	9.6594151974602	9.80531193352941
5.4210108621681	5.3416659491666	5.13964436279861	5.43575642162897	5.52963149037865	5.31408984894545	5.29861161251618	5.40780808678429	5.38000832801747	5.18533417412089	4.92504908070046	5.26660418115005
5.42851482629403	5.54033015544302	5.3625906741581	5.42903660700007	5.36780381129461	5.3052563107727	5.35047026234422	5.32697245755054	5.37451699378267	5.36708888506178	5.37393633241897	5.25739400945803
8.95953321776442	8.95450857790749	8.96089581977108	8.9156649594616	8.95090675375744	8.89510452813242	8.78903651839201	8.83892716590325	8.76574671660098	9.02518080674338	8.85912019292842	8.85559305075896
5.21957888861893	5.12855726406481	5.13069297911175	5.16374114900404	5.21447248194044	5.26937506757889	5.27197113226048	5.08393553907525	5.27194746616635	5.07716169250676	4.90357805161874	5.18153343425903
9.70188887039995	9.68258303077295	9.72017379199064	9.45283152140179	9.62398636844485	9.5460326535781	9.44175677887525	9.47920392923295	9.41940865172362	9.34038202596202	9.3451044357685	9.46332842884217
5.66932833424368	5.84519709576138	5.82973538061642	5.67045942837364	5.6751991170191	5.73204045457635	5.72939559944122	5.65724397957739	5.68975294687555	5.68451348576197	5.62272176065318	5.82386520941543
6.75455620619993	6.8165981909341	6.85201049652334	7.08308790195456	6.76551783808795	6.86963573969704	7.10830729429062	6.93689246765829	6.9897725932908	7.01749759773659	7.14873796871944	7.07442344092209
9.61921416235297	9.56131782031065	9.60195703206707	9.5457067083371	9.55023488264426	9.48748692856324	9.45191566973987	9.48604359636087	9.44558489602074	9.60498387213488	9.41387460946573	9.4374707728957
9.43626666237482	9.42283728800647	9.54726414087596	9.42980836541587	9.37495218328351	9.42339583127515	9.28579931506885	9.3170696988139	9.25189265812091	9.48102661311408	9.17300009364959	9.27920486838953
5.24527792180677	5.2817137620524	5.25950271177371	5.24242108866083	5.1262372853761	5.19484057326277	5.20596814940525	5.31412690123418	5.2660311483294	5.38450649516876	5.42016362151039	5.50329296712176
5.39826332659738	5.42719420002975	5.42990050461363	5.35298936273929	5.35921871278022	5.32286999351495	5.44417312574824	5.37105771576988	5.29537475984953	5.30442741857918	5.42521026837038	5.3897671397038
9.20769430697972	9.16478175140205	9.17935585366692	8.93363106209429	9.13307465332849	9.16074748122089	9.00410289486163	9.0115224251498	8.98808464594307	8.65677426896234	9.00358396767231	9.02924971145796
8.98272269687855	9.03414756957133	8.88874162240991	8.93897755448824	8.97365409856375	9.02427432572444	9.01058601460944	8.94201166367407	9.01665633871504	8.59385805234773	8.94620226090491	8.82150149312861
9.54282519457498	9.61753196446421	9.56071465365819	9.58905004059891	9.57229318885857	9.51849547761111	9.50769207993724	9.50495305019238	9.50791992538498	9.83426879327506	9.44161476271562	9.40225680952687
6.9344051020876	7.05305473856169	6.860189222116	7.03287193014511	6.95169141236376	6.98786940496872	7.18909943396957	7.27613767963009	7.21137276469907	6.94871167752897	7.28996654388593	7.22186618880716
5.7006826386586	5.75972986815838	5.79607096119806	5.77494185253805	5.61149620957931	5.72542372957245	5.84977997260133	5.82533371963588	5.88802294060154	5.79297109894533	5.8425664914537	5.83010336620884
10.0284145044658	10.0217609312535	9.97247255677455	9.99622448000896	9.91809964600736	9.93272357298988	9.93432381161199	9.90644212550199	9.87030390555845	9.85145136605089	9.81115575937034	9.80173947249835
5.99697051026421	5.95503691214663	5.96719201131333	5.91635499174495	6.11900528751938	6.0454181524613	5.7565982832292	5.86998088656125	5.95956909681903	5.89994560085739	5.93404358263901	6.08093833007507
9.17953750116912	9.20481196773224	9.22969351393604	9.09931410069966	9.11015965091004	9.08444263392364	9.01381668247065	9.10287749427463	9.08063851820862	9.108041157566	8.96804290966999	9.10399431635766
5.3828978029225	5.46139512362017	5.40036967343659	5.53298814322517	5.33315460538818	5.48816557768424	5.56331657970313	5.30116673613576	5.48568504453459	5.68802864890065	5.71635074374542	5.67935191185605
5.749479180957	5.71502682167505	5.70227385592123	5.84737473560412	5.74284236961521	5.69187894401288	5.76044300001756	5.85673074574078	5.72041352950741	5.7599423877927	5.94111791412211	5.9609501972799
9.36549706599491	9.37145414118329	9.40584199070303	9.3423990406454	9.41341872290924	9.39808714140453	9.29046880071273	9.2505552672424	9.31400202434467	9.68978154677236	9.25096668047118	9.43285915735826
9.61055597205237	9.63866913690353	9.61732510687792	9.63039491637949	9.53549899467367	9.60681077780174	9.56001158912638	9.50778590075984	9.55464048391643	9.65173084167294	9.48133892076225	9.52769788216498
5.1212621922613	5.08542190061197	5.0187508222632	5.08056192206172	5.04304731783963	5.10615392495217	5.00731525070839	5.03786928138446	4.95673261156439	4.96608862617654	4.91792709843434	4.80609591198622
5.66297520926168	5.54671816709863	5.4730996050719	5.45573113765983	5.55242060291158	5.53429279788319	5.324772369705	5.48437815925755	5.51094381611131	5.51679734918641	5.36870790432616	5.42311944152782
8.8517052879705	8.93694279768635	8.80008555915181	8.89380608722911	8.80633353599576	8.77585631911574	8.86836522940431	8.77039930274185	8.8549804429139	8.84995587073843	8.96196078102911	8.85252689203391
9.98951093702807	9.95019706102245	9.99741543841681	9.86381265399495	9.92249083436938	9.87286653298649	9.75070609385648	9.7762238612961	9.7344544470246	10.0163867639091	9.65187840801787	9.78172975078942
7.68405449138244	7.7890866808555	7.73590422190066	7.78594497970187	7.75770890605189	7.62452055727951	7.8237823261713	7.78349753529923	7.84296591462914	7.54010535587003	8.07974298814712	7.78348371502123
5.5085941659383	5.57824272453511	5.54235658677118	5.57622427562097	5.49083522765124	5.39959012896265	5.40545395270672	5.50714759366177	5.40176826836548	5.38882844051261	5.36870790432616	5.35563048235163
5.63728040954194	5.57824272453511	5.77894057414489	5.66474591095095	5.64015490678602	5.59359820330581	5.60237868192075	5.58948366332661	5.75890391841233	5.60121740435006	5.72456986474247	5.77296795273033
7.37304617364775	7.36161873592859	7.45543196747862	7.47525303932411	7.55206305765087	7.53827420822969	7.65612253502347	7.71896263261473	7.77351775733682	7.87200321732548	7.38132903117012	7.58165869877545
4.83621062035141	4.87881306810204	4.8438357513749	4.87891406310187	4.58120621613084	4.58695312708932	4.83645049306824	4.73561067251627	4.69223235953304	4.96608862617654	4.72756657971974	4.67442489624919
10.020343772483	10.0411673525741	9.92808150863244	10.0352983884964	9.97663382949001	10.0022434519994	9.96134835279997	9.94588224829523	9.98386710402816	9.84870013305869	9.8818929122237	9.89447521299681
6.34564320730418	6.36288773677599	6.31117898946492	6.90276498285749	6.66432827904598	6.71432380219995	7.26831529229059	7.32030577987359	7.33561316219481	6.9235421726432	7.06043524333231	7.07705216296968
8.17269615006979	8.31693048393114	8.36204046881465	8.30243308748341	8.29794562902724	8.35621801763685	8.30851486732399	8.17605241678019	8.3441655011225	8.68304663237311	8.42870947526737	8.27182159403966
5.1577870511295	5.274042748584	5.12168620285022	5.20361315653321	5.41827478886722	5.14623891477076	5.42977422749481	5.32056387953116	5.4232068039293	5.46039821924562	5.36346057988054	5.49547209542896
8.3770859024898	8.4955316039515	8.32014728641785	8.48000812392183	8.39593246663057	8.40577711307281	8.54738899706203	8.51281062082123	8.55485835008665	8.73547540092051	8.40200278572077	8.44160275100191
5.57097657756355	5.51449290753264	5.76160508383717	5.48842307850879	5.53726772859754	5.67137274831038	5.39066374095955	5.32697245755054	5.5841828840186	5.65248719703284	5.41509936391787	5.43951249810274
5.18459133278239	5.15383796150615	5.16617281113773	4.93673019491085	5.15624754567511	5.02251364674861	5.1544223920824	4.97409115913588	4.94199529692778	4.98899058917474	4.96706620941545	5.00586480123735
9.8055929065304	9.80282540943552	9.83428686064843	9.81230515579724	9.70226012273674	9.72576062324759	9.69594589672841	9.64566939231492	9.66367079398983	9.73390046611318	9.58419588428523	9.68463998091876
5.45079666130891	5.44097145721061	5.52876726587928	5.4491034062415	5.45903328912189	5.50370490394835	5.47254920030003	5.37105771576988	5.39635878736074	5.60865365181713	5.64453862060917	5.56438634099127
9.35911172292603	9.34735411276174	9.29854472901022	9.35889209871701	9.30772466354061	9.26841824577951	9.18156656677417	9.2275412404499	9.16402359379761	9.29346219700499	9.17788127579595	9.07139811337524
9.25766578828655	9.26576304000392	9.22600489358527	9.12716474042132	9.21351627426059	9.12025954076491	9.16604186607425	9.11128370511559	9.15642033235394	9.35624246332045	9.10838792774165	9.03264017700256
5.45079666130891	5.57199241685514	5.17490921827272	5.45573113765983	5.58962403232685	5.42428821340851	5.35047026234422	5.40780808678429	5.43380846749981	5.20015125656524	5.05415190521903	5.33825639612741
5.75546474666674	5.87090283749284	5.89480267408026	5.89209489136112	5.96311694007894	5.99676228344778	5.86414778244673	6.03986469306174	5.99226288152792	5.81565090458432	5.98627665777246	5.99467364168552
9.33878619719004	9.31536300574537	9.3120287019466	9.24839375832672	9.252406095733	9.28879586531322	9.13670651643631	9.20981911515358	9.16999799248035	9.27073929905198	9.15939614577342	9.14967568135352
5.22819580710161	5.29693535426795	5.17490921827272	5.08056192206172	5.20492875644043	5.33159738172739	5.05177738963667	5.0533871135801	5.14234897095174	5.06642769260244	4.99442004364808	4.78069187411584
9.46628347333685	9.50980610346275	9.52041126134518	9.59508324558007	9.48344800949845	9.54932083943017	9.42304555442831	9.3902787699202	9.43536974815526	9.79662855689773	9.35342583597128	9.36991943407802
9.34277470342175	9.41804253698518	9.28796936797289	9.35933525074196	9.3712091467833	9.40484507949233	9.42122184548044	9.39602398126034	9.43404638046428	9.14791236535203	9.42718078064002	9.40173249028562
5.70687287396757	5.55941036892798	5.4730996050719	5.60036372895829	5.58225933977813	5.72542372957245	5.49116283959808	5.61067245008894	5.70297274657202	5.37582381052648	5.46985722567488	5.62300889527935
6.35356521971548	6.32987818195114	6.33092161269626	6.65973950886013	6.70905016948891	6.81450437970243	6.88489349360249	6.77707737705704	6.92155430713314	7.33189151288019	6.74147128751666	7.08751944172861
8.82272655740511	8.81358942433555	8.89472828552797	8.81328836685354	8.77753587774954	8.78145964515185	8.67989073771874	8.65822333747485	8.6695038953734	8.97632419969809	8.78477145257627	8.68165146890602
9.75336211234205	9.70530148658385	9.80985344233941	9.71662574596688	9.75696755444133	9.6938557092758	9.80136186616728	9.8150521636865	9.82204918350652	9.98719871281113	9.82725723774152	9.87118143603658
5.1487414176393	5.23506832470427	5.23463740786969	5.18779526572289	5.1262372853761	5.02251364674861	5.18328411887087	5.30116673613576	5.10309659960792	5.23414839544239	5.14245757496054	5.01680596601086
5.47274147619241	5.65121660759813	5.8017363426887	5.68181930475237	5.75600000238588	5.66447233516592	5.72546745175807	5.58413771069657	5.74192324949952	5.66680857727316	5.89814361956211	5.82386520941543
6.27649282811841	6.37732003818303	6.35426215359362	6.48567853581038	6.39636295315078	6.5289035325427	6.73837162305104	6.74623739480392	6.6156818519073	6.89030462359318	6.51583848151935	6.68405416871486
5.37515361769096	5.3416659491666	5.33164335781921	5.27273834119835	5.17591595643267	5.25109664140691	5.17755739941312	5.31412690123418	5.26009064683842	5.41449331033233	5.20240597918978	5.2387967091297
5.95074309377727	5.88610994632788	6.07877468371215	6.10551655107717	6.00782546351279	6.00771702382168	6.1749362781136	6.29705360972125	6.28108023751182	6.16016049464182	6.32066372825902	6.30811113730751
5.36736790185349	5.24294726213761	5.5081414743881	5.21926084632803	5.35058255210717	5.22324067260294	5.26117666567128	5.09147357250386	5.26009064683842	5.32260825031453	5.33157207870425	5.39817733910468
7.77688290093203	7.76457502955629	7.6800021898503	7.97938472298437	7.8876464633906	7.90088125923577	8.04516688249634	7.98192206153926	8.04110242638124	7.71514381678384	8.05301758071848	7.94907670704386
9.6720824186108	9.74203947756597	9.59011763020863	9.6115456350401	9.63606844453173	9.72659077173827	9.66442947740232	9.53025065868787	9.62910272293603	9.40441046020201	9.5370484434154	9.53009873076835
5.83676387412984	5.73755082493614	5.90009517456438	5.64166382546249	5.81377308850655	5.65753889873799	5.67340775521091	5.87874739704345	5.75467738214095	5.60865365181713	5.89450414688454	5.60130234492915
5.58448221821312	5.42025620791981	5.52192454660171	5.3811060052565	5.59695149386367	5.60084364406194	5.49116283959808	5.44953950445945	5.61247293629563	5.41449331033233	5.55982724974574	5.49547209542896
8.42865799000976	8.4888960997388	8.5499480640374	8.83702833599102	8.75801306637882	8.76619969597661	9.18658528369358	9.1989051218728	9.21422713759343	9.35983546789255	9.15597502095686	9.25095612507084
8.08374854350447	7.91939762574155	8.03347920087644	7.90606171323838	8.04761428214939	8.05422570024874	7.99537631531695	8.13450239007618	7.98978840529851	8.17655112533749	7.86747605862864	8.11049858520301
8.8025963358968	8.69680298295897	8.98229407670667	8.66917590532127	8.79200655552965	8.74750853974891	8.64905770607807	8.84061338720745	8.66837887604382	8.96366546754387	8.53787775310065	8.69112252367225
8.95823391932336	8.79218941275956	8.91516092044025	8.833205049463	8.93795198265047	8.82163997706668	8.771488882884	8.83892716590325	8.71869940431948	8.72050489094304	9.00822919905461	8.84637495654806
6.27649282811841	6.22207756016839	6.33092161269626	6.41586727580589	6.37090326593369	6.40999867173282	6.37644743264131	6.4133245583069	6.35280861667842	6.44651073210702	6.88057147453153	6.73153615904271
9.25131428373918	9.20531803254096	9.21541371440139	9.14578012219269	9.11975183807308	9.09733669907846	8.99145833800597	9.05671441254065	8.94970451940436	9.07108882203058	8.94091093796733	9.07007882167941
9.16215012580661	9.21238436420962	9.15628409344058	9.07577725728564	9.10372924510978	9.08444263392364	9.08887580459765	9.0571979351481	9.05159319841038	9.28563701280753	8.98913068659515	8.9067448226243
5.28712500836382	5.2817137620524	4.98936793509222	5.15563391049415	5.18565133355769	5.22324067260294	5.22275194480639	5.20705723661029	5.21781313570755	4.98899058917474	4.88178660403189	4.94989265082137
9.92579511790441	9.86275831231558	9.9313211093061	9.81327590309919	9.80135514152488	9.81744857933349	9.72309243127355	9.73511334543161	9.73337894451539	9.90615844064148	9.7423578393198	9.70135317185428
5.749479180957	5.65121660759813	5.67784369178177	5.52670494152775	5.6751991170191	5.69865033843545	5.536677894391	5.52956506498007	5.5308387912122	5.41449331033233	5.39979969436467	5.53416138947126
9.87471414045327	9.83849597076185	9.87220242507133	9.75485400263694	9.75819641658645	9.75331381010451	9.701716738468	9.72480221832472	9.68301856737857	9.52551021091174	9.83226720322495	9.67989078544949
9.93507147889333	9.88472494034848	9.81827731223114	9.8802723597324	9.85861826833871	9.84599673607931	9.70396862529864	9.73994025830626	9.7555329717353	9.64063984340663	9.66075691935455	9.68980315340597
9.65974546607074	9.65950109655564	9.68452480156289	9.68409431589881	9.58988423748607	9.57582070664731	9.52477752815517	9.54790514942396	9.54884427866232	9.71071154885573	9.43472956795008	9.50248931350929
10.3233042506887	10.2811385077402	10.3117003748232	10.168964603968	10.2473013018033	10.1736629745617	10.0712570464745	10.1473403085997	10.032115981874	10.3075060612447	9.90063906737942	10.0809092603221
9.50906048066841	9.49000495444166	9.46157728760343	9.29778120866808	9.39510379539009	9.35310290303624	9.30207682024402	9.34347438451869	9.30823511038026	9.48836811579736	9.22978879543576	9.33958069605956
5.79086767107023	5.81902656570774	5.87343696554342	5.90669970342849	6.02424121603894	5.76467805824282	5.84254222686444	5.80248287644755	5.75043847358654	5.78970192729292	5.66603185243486	5.65847919677189
8.92868601934901	8.94605524359198	8.80433216913175	8.93303578252864	8.86682390108535	8.90687093561059	8.79327278505122	8.79669734558157	8.78040021073266	8.42313976169547	8.74383210802891	8.69198045369906
5.78502697160518	5.87090283749284	5.99714053540275	5.87238966213254	5.83252956908705	5.77752987343471	5.79083865781045	5.73168333455322	5.73335765950373	5.71928705000501	6.02341676613782	5.87906376303491
5.61112173848904	5.70363208718375	5.8017363426887	5.69309079252769	5.77551496279136	5.8339916986821	5.57645458876749	5.61067245008894	5.63563332180938	5.64888462320304	5.64020144774132	5.71348504003008
9.02863169177073	9.09603893503133	8.97916710900432	9.12820525372135	9.01193219476882	9.06093888043522	9.03861205229388	9.00802524940024	9.04510665465782	8.62313143706564	9.0909764065217	8.93673219936778
5.59118814125444	5.57199241685514	5.55581972336081	5.45573113765983	5.6889828428085	5.71209889589661	5.58080759728215	5.70729281162368	5.57941372305757	5.45215917002903	5.46005373387801	5.68624318497383
5.73137259634798	5.59683354932319	5.62132136554657	5.63583538868794	5.61149620957931	5.61522675895015	5.65700556788992	5.68748028977765	5.52092542187667	5.60494029739436	5.70393394264242	5.69310183021512
5.60450762147066	5.48818697135108	5.46598848958482	5.388050900572	5.50647849381013	5.29636873021761	5.42009496936148	5.51839964687967	5.4232068039293	5.35388716768424	5.11776912566425	5.24812510152961
5.66932833424368	5.58446619741628	5.60197979939333	5.57012607202397	5.58962403232685	5.62236513818342	5.39561057531763	5.47285798696854	5.5650113671526	5.58622946224513	5.85385396373888	5.65145426114631
10.2543104836365	10.2816185049581	10.2590423693886	10.4532454051985	10.3915381095718	10.3705352354906	10.48248979904	10.4759223830185	10.4739289210737	10.4836463902361	10.425007611461	10.4220303119975
5.71917453834824	5.81373520030937	5.62771161214726	5.73731958510361	5.81377308850655	5.94641268641152	5.80580049348914	5.80708199165673	5.84492498497793	5.61605193855662	5.75297492274579	5.73358537220743
9.02553341811678	9.06458862140388	9.01074857833884	8.94666545487445	8.97435920622498	9.00044767532612	8.88389724132711	8.98177739751703	8.96352920670736	8.63047232754587	8.96065412522532	8.93890211933508
8.23732340931604	8.20195215147567	8.15594770608488	8.01918858802927	8.16960816680803	8.12014534471878	8.14724578712735	8.11419958276087	8.15632362811231	7.97362230760074	8.17069674295969	8.16958991880322
5.21957888861893	5.12003183107407	4.98936793509222	5.13928265116491	5.29765851795742	5.24187050026043	5.26117666567128	5.09897278632386	5.18684410065251	5.00593408172664	4.81439173073282	4.91524878427042
6.40020633804249	6.22606927687269	6.365792555026	6.61889103159588	6.34933873153648	6.4706740640088	6.72857812949255	6.80497203519134	6.86965687757854	6.75081453867114	7.03914014786187	6.97363412565421
5.19341744847438	5.3416659491666	5.16617281113773	5.16374114900404	5.21447248194044	5.28742644669025	5.25574921735133	5.28150710005379	5.23001840347955	4.91320574966764	4.79898365548568	4.92688834337181
6.7425357320651	6.7264348212191	6.84378517883479	6.85078427955161	6.69201294184939	6.69410472095113	6.98865966925091	6.90502507284894	6.8735657612504	6.6730055156925	7.11781768437527	6.77102822569895
9.32423472089169	9.40400287553737	9.23179707055479	9.48851595259017	9.37334921373531	9.43664679004781	9.50883742624364	9.44229116618438	9.47933614514147	9.17953505939357	9.49494281088849	9.43491058433357
5.31975603759343	5.32690827907573	5.30002222884042	5.25005989319392	5.29765851795742	5.21383546815476	5.2171788441397	5.19310155797891	5.23608282736952	5.2813766721845	5.46005373387801	5.11174641167129
5.36736790185349	5.45461912910824	5.45166082702559	5.37412772656413	5.35058255210717	5.39126314913052	5.38071920992354	5.41985430557584	5.32982225019745	5.38882844051261	5.50842177275071	5.11174641167129
5.66932833424368	5.62125609240585	5.76160508383717	5.48842307850879	5.6821073737884	5.67137274831038	5.66522987335635	5.47862950939767	5.57462881928068	5.52467827257121	5.66175863811087	5.82386520941543
8.24905884422443	8.23107013450122	8.31618769094996	8.06880273133742	8.25796713061066	8.16124852680215	8.05225383366099	8.0300049910304	8.09484716236903	8.30768491819408	7.88319285305709	8.15223990365186
5.48718907023495	5.44097145721061	5.39289211858577	5.28021985542808	5.27045545943643	5.44052313532389	5.28801396182481	5.28808991335299	5.28955325292801	5.33609607446912	5.69559654332294	5.47175323015519
7.36522587207201	7.40455202715412	7.44459199505354	7.60347441760118	7.55959958174485	7.50769701133801	7.98882474362654	7.96964673596456	8.02888233647486	7.92743675964314	8.11305653077599	8.05155977151182
5.2021903260094	5.24294726213761	5.14854102516542	5.25005989319392	4.8968375788412	5.10615392495217	5.21158430044694	5.24813817248156	5.23001840347955	5.29525095834257	5.34227957244333	5.17176645365276
9.4584930314516	9.44486163041909	9.30555214806165	9.52373444457901	9.46098374077171	9.45479563886825	9.60408376830359	9.52746161931905	9.58982867124477	9.11590791548362	9.54607935490462	9.59620829457854
9.62454807139098	9.62813926020994	9.54345848002678	9.53868062219403	9.53406492082527	9.50065002433992	9.54529562519224	9.47920392923295	9.52821715936531	9.06636022833032	9.53821690375023	9.41374388512237
9.66851157761326	9.65654345544257	9.71642294599379	9.62155533520896	9.61406634989555	9.62918028368708	9.42668607097484	9.51519577630769	9.48093907742923	9.62441640705491	9.50064838335491	9.447666335808
5.6437469540198	5.56571504308078	5.7262988029424	5.56400210667279	5.57485703775417	5.64357168654247	5.61091801928166	5.65724397957739	5.5553296850553	5.5710849214762	5.72046613456739	5.60130234492915
7.78569909368304	7.84211075647609	7.83192953126204	7.6806720457755	7.68204205923155	7.73259102527834	7.69688732843418	7.5751396055776	7.69504436589496	7.39250533696801	7.82980578291929	7.6626577514935
5.50149417700032	5.54671816709863	5.48017603150194	5.54547345112619	5.43471582627639	5.38288812653418	5.39561057531763	5.39566105014921	5.45997861557949	5.63438408214955	5.66603185243486	5.43951249810274
9.09398004365058	9.11931904447294	9.05715782619692	9.10037488764391	9.07640412569695	9.04571962096764	9.03900850615064	9.02443821958215	9.09452604947461	9.03972767918737	9.07737663917541	9.07271619977446
9.26135796058285	9.32377714236685	9.25318351759723	9.27259316220927	9.15997675265449	9.27467533280714	9.23306558146212	9.16296575613743	9.19716599189406	9.38609497852398	9.1259804477206	9.11555097174189
9.31766369700909	9.33999880877904	9.27985959669114	9.32299150247458	9.3425494328767	9.37656389771814	9.34407184008303	9.26611482843908	9.25264353551676	9.06297314764005	9.18125090759984	9.2333839673541
8.98272269687855	8.97542772937366	8.8940643261488	8.98794533071886	9.08361087655029	9.08509008139451	9.06259855674154	9.04992802572207	9.05288701490319	8.75701519860194	8.97582530230148	9.05148093515989
5.35167009136774	5.59683354932319	5.48721810383603	5.46889645400364	5.34189472225497	5.41610213002235	5.50496797005231	5.46706341024693	5.3579172615319	5.47266971999451	5.46985722567488	5.41485294301214
5.23676195475171	5.29693535426795	5.25950271177371	5.58229693227234	5.20492875644043	5.26937506757889	5.61516889357742	5.53511569865458	5.4754570724074	5.64888462320304	5.74086948348849	5.73358537220743
8.82700387630955	8.8412037015775	8.74592060656217	8.82231705813633	8.82834095899883	8.74669036204734	8.83130749786643	8.79205703451969	8.81385421896067	8.92388906636008	8.86192258794333	8.7375670746122
5.59786318172926	5.68637012910932	5.74993170575757	5.54547345112619	5.52195482504031	5.58631636150457	5.54561194925554	5.56798052853775	5.56017860816343	5.51679734918641	5.56441134724101	5.56438634099127
5.54358186376683	5.44781133966048	5.3625906741581	5.2950683030448	5.51423730448368	5.13632068650254	5.324772369705	5.36484117648183	5.32413743343952	5.36270163609649	5.58260413919028	5.43951249810274
5.80824970935545	5.87090283749284	6.07409813244689	5.74275440961634	5.92283047685558	5.87643272575056	5.76810194342529	5.87437077954805	5.89187803458327	5.91802920779732	5.93049340356422	5.92642185710363
5.59118814125444	5.66889998961999	5.81300102491629	5.67615050133429	5.58225933977813	5.73204045457635	5.76810194342529	5.69742042447557	5.75467738214095	5.65966558260078	5.91261066045993	5.89104937653108
9.05318123173458	9.12200181514959	8.96406259596471	9.117242255839	9.08752671113212	9.08767696969895	9.10183710722833	9.06009567272836	9.05202459950492	8.74987093718363	9.05877049921698	8.99559457479375
8.96212830959575	9.08782877667331	8.92299328540397	9.08223457079248	9.06320799581523	9.02021760191604	9.11393052138252	9.1905549163727	9.11655423768824	8.88758747899447	9.11505922840067	9.02448963417227
6.63610817193369	6.56870217868959	6.63721858513953	6.7244365331165	6.5705025032433	6.65976417680108	6.90937661820189	6.72692628624588	6.8359970346333	6.99350898155012	7.10683718819251	6.81892129067344
8.85240486573206	8.77524695845526	8.97037537161255	8.72869631944302	8.94588260031381	8.85846114533318	8.67428712002156	8.72059961122319	8.72628758668703	8.75071327699637	8.46541017753286	8.76064942439683
10.1477754217965	10.064506201488	10.1296458518618	9.92016785039981	9.96745482144671	10.0189429079997	9.85728516129322	9.94143647668509	9.88877640390392	10.0197102100675	9.78037983029738	9.88400198986948
5.61112173848904	5.72069074760476	5.70831755606383	5.76429200518399	5.82630437335289	5.61522675895015	5.68558866664338	5.67244101623588	5.4651564727141	5.87547713861818	5.77688636941836	5.81760005364071
5.35167009136774	5.46813961715275	5.56250469704843	5.74816891389495	5.48294986705479	5.35746921330246	5.7056652981067	5.7170983648168	5.6171347199358	5.91202641410524	5.85759697774281	5.89104937653108
5.1667767964663	5.2271464530304	5.17490921827272	5.17180346168662	5.22395397635191	5.1852492753686	5.13091359849856	5.06874140671808	5.14234897095174	5.18533417412089	5.09897406334274	5.11174641167129
5.54358186376683	5.49480832091758	5.52876726587928	5.51405626884776	5.42651859099748	5.3659917271723	5.53219013873662	5.38341150443607	5.3579172615319	5.52074316460423	5.58260413919028	5.49547209542896
9.14569259771917	9.17979479144385	9.28594619482575	9.17678468715179	9.16183505555935	9.03235371285695	9.03344821388559	9.03772950712312	9.03248270147078	9.47083870769991	8.84549801419632	9.07863273187754
5.87576295043846	5.71502682167505	5.8017363426887	5.58229693227234	5.93445581259131	5.85839588395378	5.72152862091886	5.89179839101696	5.70735267023908	5.7054776395156	5.84633877107981	5.64439509931019
5.32780053667951	5.38505986308096	5.37782045179074	5.57012607202397	5.18565133355769	5.3052563107727	5.27197113226048	5.32697245755054	5.24813630234674	5.40171760037291	5.33157207870425	5.09117686928986
10.0190981043185	9.97147624653887	9.98966701154775	9.90081472220329	9.86319399149823	9.91061284476372	9.83645308852887	9.8270102243754	9.82381869332232	9.99308375546756	9.67623038282698	9.80531193352941
5.63078487739852	5.80309409188505	5.77318510756228	5.68746601151892	5.80113238093493	5.8339916986821	5.90988185207422	5.97592048819409	6.03124380216913	5.96807180090634	6.13561834293183	6.0384490391767
5.0932542316928	5.16216819411226	5.0475531037773	5.28021985542808	5.17591595643267	5.14623891477076	5.58080759728215	5.52956506498007	5.54068484605395	5.74314114760367	5.64886284972144	5.7986402380077
9.09693490876858	9.08232926620265	9.15573024370122	9.06929091278466	9.03779787785942	9.05500262302814	8.99268685951452	9.0387091931226	9.05805070942585	9.29056892704367	8.96196078102911	9.05214929004315
7.76504355972696	7.7958222263615	7.71048812367776	7.92294721738124	7.84047374072272	7.88758288811904	8.00027054614072	7.94059155684751	7.93658204226079	7.90036575127358	7.9284506665995	7.85109622167675
9.70188887039995	9.66208406805498	9.61248969280506	9.7083005069999	9.68340965919176	9.71576140326265	9.685347903247	9.65176527847377	9.62011152898598	9.4081526028442	9.57739175932296	9.61125288797926
5.79668490277229	5.84519709576138	5.80737964029243	6.00500279429037	5.8693287674621	5.87643272575056	6.37393734676208	6.20588463067759	6.30442294031126	6.24383012544497	6.47251772259237	6.50827765226854
5.749479180957	5.75972986815838	5.95198199947073	5.86742114513079	5.94023363980989	6.01316343876064	5.96425522417778	6.01621564013359	6.03473597758959	6.124249468255	6.2195041423908	6.15738966899374
5.51565956494712	5.50139958019957	5.42990050461363	5.34587429967082	5.49867795117729	5.29636873021761	5.46785823003947	5.41985430557584	5.39092907125532	5.54419520259038	5.36346057988054	5.49547209542896
5.29535173393093	5.41328488788779	5.3625906741581	5.21926084632803	5.41827478886722	5.39959012896265	5.23383446511809	5.23457309918313	5.12938210376564	5.16029861749066	5.07993321683985	5.18153343425903
6.10411594220201	6.07493397305576	6.19964214848548	6.25384540225246	6.33624383172534	6.24844176290278	6.34090313582433	6.31008403993287	6.3805319044089	6.24143713944849	6.36344656421871	6.65620380739612
9.04034482305527	9.03699332274929	9.03202892815919	8.98220223609521	8.9637462362562	8.97691878679543	8.93676639882044	8.87008286907394	8.92023419060492	8.91151314775285	8.83269862727755	8.8828991391696
8.8849081610015	8.89990633186312	8.76056457892987	8.95255147334262	8.75637417801182	8.78066050112139	8.71901317194676	8.74960863833188	8.78559774170975	8.40452750980563	8.76494612449042	8.52099440285558
9.08269603754608	9.05113849614281	9.00890985873283	8.9035620501975	8.98419470030954	8.96641514757059	8.78384191019701	8.87063315192579	8.90264141378552	8.78647639026457	8.86611600063147	8.87687562472255
10.0428903060557	10.0300691446971	9.98717870002058	10.0430429356582	10.0456899685767	10.0424688720074	10.0597760233443	10.0643859489461	10.0520944846448	9.90917965962739	9.84507064825705	9.96253710796691
5.32780053667951	5.36352501230953	5.2262535504972	5.28766304676839	5.30661418667912	5.26937506757889	5.28801396182481	5.40174727541639	5.3579172615319	5.32711812323548	5.25998072826686	5.40653908965394
5.57097657756355	5.65121660759813	5.67784369178177	5.78023754507614	5.70941558689379	5.67137274831038	5.88190926041498	5.98000089034158	6.07938320219916	6.22941242099621	6.32878258618269	6.23941216983713
5.40588552057563	5.41328488788779	5.54910378220326	5.42903660700007	5.41827478886722	5.31408984894545	5.46315204187358	5.37724775054379	5.43380846749981	5.41449331033233	5.50365690817471	5.51880931114628
5.68822223566302	5.79237418906474	5.77894057414489	5.90669970342849	5.74284236961521	5.77752987343471	5.91679132088406	5.8478294450905	6.03124380216913	5.99955364662908	5.80040933741812	6.07043246484387
5.1577870511295	5.2271464530304	5.33164335781921	5.26521811032058	5.08523622632814	5.26026458914122	5.26658392110767	5.18607317803203	5.16794114031948	5.21481889820986	5.36346057988054	5.43951249810274
5.55047922380288	5.49480832091758	5.60197979939333	5.44244526049893	5.54486396113634	5.49595605151214	5.45369361686678	5.51839964687967	5.36347161933981	5.40171760037291	5.39979969436467	5.68624318497383
9.42125654382171	9.41498301419677	9.25577006544705	9.36243350941673	9.35505665116086	9.35148931090072	9.45607803936169	9.43561233929305	9.4971880592016	9.02413611034615	9.4712805713661	9.46583872539871
5.31975603759343	5.39924098026484	5.26769750682285	5.33872420409339	5.26127341826023	5.38288812653418	5.19467035855255	5.42584012547189	5.43908039450547	5.2050569269442	4.96706620941545	5.32949077975019
5.55734392596043	5.66889998961999	5.43719026450671	5.46889645400364	5.56741674201974	5.78391325499307	5.56770915917122	5.43180135649617	5.41787678609738	5.33161403609346	5.11776912566425	5.47175323015519
9.48670444662069	9.47623228538774	9.46381622349542	9.4076978427448	9.49676056856703	9.5045272481342	9.46289025500672	9.41538832034389	9.43371534878535	9.53164949088796	9.40621561801545	9.36023709791541
7.66028291451176	7.81716709984348	7.66607055101772	7.84662085649754	7.66292614649437	7.69236978633064	7.82837635449044	7.74079652113564	7.89294296749198	7.70301048778439	7.73108915593211	7.68523535000848
5.6437469540198	5.69790092740276	5.61490281556846	5.73186428784878	5.74943612987257	5.76467805824282	5.536677894391	5.54064516516049	5.74618712037545	5.55962177224665	5.76895968021978	5.59399397653562
5.47274147619241	5.47485289962746	5.3625906741581	5.48194336595095	5.78196193593846	5.55681758318528	5.46785823003947	5.38954919827866	5.41252712082939	5.41024722335475	5.10526608201982	5.44764009613483
8.31854790185809	8.35847276266328	8.27801945569951	8.37785643864314	8.24867153533677	8.33677782896183	8.32746279863546	8.22936831192067	8.37552531848293	8.66662676441374	8.29340384642187	8.33249834267216
6.00201687655645	6.00233450279587	6.05997705070233	5.9496499770158	6.11390041020125	6.14801669721375	6.00697667502481	6.08981505754004	6.08276118311629	5.9824667180236	6.03006823918759	5.93223410668112
10.0961381316944	10.1111615031907	10.0204141159456	10.0671157688397	10.0873518227686	10.0471283766945	10.0905101435547	10.0763622474089	10.0277359759819	10.0016011902464	9.8222298140197	10.0035440729367
9.95605325517285	10.0363401651162	9.82665228134388	9.91324266659718	9.90484531395806	9.93452099040295	9.93836740154964	9.93750232760712	9.92526212474085	9.74260697245403	9.77096786135057	9.91776562859945
8.95563180685332	9.0059580578165	8.80433216913175	8.92107832023169	8.8713736294887	8.94231993369288	8.89006352802507	8.96795800401603	8.95663342172311	8.56061992772174	8.86983327397675	8.79778661406229
5.78502697160518	5.62729795725597	5.8017363426887	5.60633629330724	5.66825775960087	5.74518389680015	5.82428792751146	5.78859721434106	5.68975294687555	5.82845302892705	5.90539521936595	5.90884369838982
9.07672144778764	9.13481012618485	9.00645458167938	9.1828062924218	9.07968438487543	9.05500262302814	9.11317764556209	9.09818612620112	9.11820317239631	9.16286139586905	8.94796173155586	9.09299403676104
5.59118814125444	5.49480832091758	5.4730996050719	5.53298814322517	5.38482319734306	5.3052563107727	5.536677894391	5.25487353117467	5.35234157525809	5.62341264843007	5.42016362151039	5.42311944152782
6.25972977423873	6.29988965709302	6.2790188512584	6.63068038925579	6.50958005202397	6.38499661021282	7.03708022418615	7.06547079043623	7.03759477557066	7.26390849852944	7.02587760398801	7.12610932878255
5.24527792180677	5.38505986308096	5.39289211858577	5.86243551253473	5.36780381129461	5.41610213002235	5.92023372213365	5.9260363293481	5.98866651359084	6.41712030380783	6.01673456388671	6.15241677300638
7.10843294510078	7.11898206738425	7.40785919376742	7.17252690049159	7.4008413446607	7.41599709713634	7.48629456793452	7.46577464517624	7.50144143842966	7.67754787809073	7.46356598862297	7.5498357029822
8.84820230186938	9.00537698761044	8.75618697262908	9.0523982895309	8.80949808087009	8.86375323939848	8.76191405749796	8.74361300210759	8.82197143654489	8.59620315909562	8.86332174685235	8.60446954135894
9.37866931270387	9.42153120815518	9.48865775863081	9.23975494799292	9.36046093459742	9.31165847218893	9.21528435669927	9.28852638695874	9.17673920394215	9.27073929905198	9.18237237157197	9.19456044686042
5.81972286227428	5.81373520030937	5.73224328237407	5.76962672014844	5.89929579433008	5.92923242068406	5.67340775521091	5.90043412030759	5.89572288607987	5.68451348576197	5.46005373387801	5.80498780644254
9.85285567454046	9.80549813137331	9.95825032746398	9.73620775272403	9.70735869799554	9.76750071026235	9.58167180019513	9.60159856882468	9.65801389544666	9.86843170234667	9.57255268153062	9.65634707357701
5.48718907023495	5.40627992013465	5.3625906741581	5.36006973269494	5.58225933977813	5.58631636150457	5.33510615622938	5.41985430557584	5.37451699378267	5.38017164411292	5.21410477108938	5.41485294301214
5.85360659770098	5.86067526130858	5.8517511038988	5.9496499770158	5.92283047685558	5.89424753900369	5.94071789595285	5.90043412030759	5.95589042268653	5.93292813746827	6.01002134792644	5.96662564739751
9.305964215199	9.24671443283709	9.3169909573733	9.13443262373071	9.24248881615979	9.24021128985968	9.16749309206869	9.22840019071906	9.125190195721	8.9111364576545	9.11035327926994	9.15963362292991
9.06831523716427	9.03642462098462	9.1204019818481	9.19477462585024	9.28232490438024	9.23146508809433	9.31031145121336	9.26611482843908	9.32618070931592	9.57057264479018	9.15216423232884	9.2888776304363
6.43048445190971	6.44397107567026	6.5319565252727	6.56461465829972	6.71917685419028	6.65279698274166	6.9059043452669	6.84358917791859	7.08388341887066	6.70810584854207	6.97330261808505	6.80946891644652
9.50015959443025	9.5208259701791	9.43397876739042	9.49175339678453	9.4938128197589	9.47172909368893	9.47846657918095	9.41689615677585	9.45082906656836	9.5215673169814	9.49253369772402	9.36131612748625
7.22319485031774	7.33597155939533	7.07687717327478	7.38413295613113	7.30993220065408	7.24812254509241	7.51165073741262	7.37406857850942	7.50774442407024	7.33189151288019	7.55412979746625	7.33601289379843
5.53665153520605	5.42025620791981	5.43719026450671	5.3811060052565	5.41827478886722	5.57899775279607	5.40054060821664	5.50714759366177	5.36347161933981	5.36270163609649	5.44024575174564	5.43951249810274
6.29306368567232	6.38448249029327	6.1823610425372	6.26900590154724	6.3751778216332	6.32491904542714	6.41358467375851	6.24032497946313	6.43707494511991	6.59076447090142	6.5965266656044	6.24409509639192
9.08030916979806	9.11016012817772	9.1204019818481	9.16922216494623	9.01946743771347	9.0589628406117	9.03940485109572	8.98736979011338	9.00600815084361	9.13635636026494	8.98784841823742	8.97459509455566
8.01418200889158	8.11628884768431	8.03227288504646	8.10201524289512	8.14100528773954	8.18921913866687	8.43800931897618	8.30133804505908	8.45204747831887	8.72693985385821	8.76344818478333	8.54017802469981
5.39060089551761	5.3779170131914	5.29200821616935	5.65325083270862	5.76253425587904	5.62946852677751	6.13696133344876	6.2335022434541	6.22408194252996	6.42557875259424	6.47982866495696	6.50827765226854
4.81355098144994	4.88886707010436	4.73022934002083	5.21145804915903	4.82407771980631	4.76420541501543	5.2171788441397	5.20705723661029	5.30117303361859	6.0220267076912	5.78476989941091	5.56438634099127
9.84303347322521	9.83326677170988	9.80421007873917	9.9540103707476	9.77123956102383	9.78194885095644	9.71740662906274	9.6993169976391	9.75923649335298	9.83744420220841	9.65349675213132	9.63464566442188
5.35954021044732	5.21117203216449	5.27584635147301	5.14748124702248	5.26127341826023	5.38288812653418	5.25030142590191	5.27489432895246	5.03522900972713	4.93104713416146	4.79121833174556	5.09117686928986
8.87116637043436	8.83402232071842	8.92038721865142	8.81780977504044	8.78800145968159	8.82008517916886	8.72936736885662	8.80420616449008	8.78559774170975	8.68745254338688	8.6447979566246	8.76064942439683
7.92388943951322	7.95594090567804	8.01649830881339	8.08818037224357	7.97196577110661	7.97819614956967	8.04910837406764	7.8586446629953	7.94867934945359	8.28227779871623	8.17671129298561	7.94620330348596
7.81613838294447	7.83820083698538	7.77537284624495	7.81207697185671	7.89808826733633	7.80511135692658	7.99046542744416	7.88393909617567	8.02273326173899	8.00714027539258	8.17295513827055	7.96903189558938
8.60256322300493	8.67577681892411	8.48176559014756	8.7314376852298	8.62513609952163	8.57110825883917	8.65786083580299	8.59102590025509	8.63190709973813	8.9156502607099	8.47215061979196	8.63690913741409
10.1276885464446	10.1521614970722	10.0508174917073	10.0092729280977	10.0162048130703	10.0135112497241	10.0691234344045	10.032528284672	10.0484235819677	9.85595988990495	9.9151028216627	9.98160833364394
4.90215503773131	4.98577311742767	4.68219846342827	4.85912199438681	4.68049060271298	4.60137433199535	4.71558601465248	4.76411201846082	4.64763578314046	4.70797408798098	4.58236862698488	4.45171956365994
5.59118814125444	5.63331473591595	5.69011027503962	5.63583538868794	5.56741674201974	5.55681758318528	5.48653177460583	5.64702333522214	5.56017860816343	5.54419520259038	5.58260413919028	5.63730137758791
5.39826332659738	5.43409917950608	5.41521019841829	5.52670494152775	5.32436157259978	5.40786961074141	5.324772369705	5.26825132813499	5.23608282736952	5.36270163609649	5.44024575174564	5.35563048235163
9.58594877873253	9.59800883257015	9.61329672142972	9.47875980191409	9.39299577933038	9.32268085054729	9.2250737167379	9.28481522041137	9.25564314322429	9.43119226424811	9.15559439472821	9.31194267155471
9.78741669027412	9.77616295738336	9.83116850524399	9.67165878871731	9.67519292163604	9.69597653841723	9.54250211636882	9.61643892853605	9.55220281408549	9.85066583469911	9.46883158654616	9.54631939699272
9.14569259771917	9.1977083583614	9.18153404308845	9.36464248482656	9.27375796546545	9.21854064659136	9.21247515296851	9.14942435406426	9.25301882771677	9.26927042448276	9.25488094697889	9.14842609210336
8.52219137614116	8.44243174727622	8.73409746197004	8.37960504315622	8.49064602219365	8.45469264605175	8.36209550336781	8.49436222962584	8.31857746248257	8.70971575979229	8.15554975845049	8.46988944046552
5.71917453834824	5.68637012910932	5.81860066549783	5.86742114513079	5.82630437335289	5.84624522371785	5.66112355635326	5.73168333455322	5.74192324949952	6.01364017318969	5.88353048590012	5.97227891949903
5.98682465478718	6.20599954270028	6.17800829440055	6.13477085623602	6.09847674542319	6.17742844320806	6.31234890946582	6.2335022434541	6.32454303229711	6.39360096041073	6.47739579274725	6.51991311603603
6.69965817823583	6.48786494205338	5.17490921827272	5.82704678444869	5.58225933977813	5.67824044994832	6.18928047382992	6.33579764126994	5.45997861557949	5.37146291690732	4.91077020201288	5.03844495575201
6.2038669796891	5.8242986602901	4.81067033537504	5.44244526049893	5.21447248194044	5.11627913304435	5.60665463988015	5.86116095128482	5.19309088986231	5.03924148740654	4.70296550245686	4.72852162109931
9.93902887580978	9.86275831231558	9.93519905213623	9.84905753356422	9.90484531395806	9.91426085652367	9.9849981560638	10.0756464662829	9.9381556621534	10.0040759993905	9.87381673199453	10.0627827841106
9.81638972435124	9.79847164810471	9.87422380163679	9.75215675246668	9.80651184367139	9.80845918438009	9.76419733269841	9.73541550107687	9.76372088286791	10.0285933678063	9.71239280309508	9.67208549372905
5.78502697160518	5.87090283749284	5.73224328237407	5.76962672014844	5.97442427535421	5.8704453865757	6.23424820900244	6.31978033568873	5.96689850161646	6.10068373338436	6.07579123264943	6.15738966899374
9.50550671313311	9.36059076834467	9.50048380052004	9.53828927898183	9.58665985604065	9.57582070664731	9.6621149716624	9.73299648216028	9.53316990960088	9.68450125615186	9.4350432452204	9.73629057395833
6.16388796477442	5.95983686676912	6.12472674172448	6.42266321018293	6.37943976946059	6.51744389827542	6.92661381425953	6.92846303546777	6.8735657612504	6.74744394311239	6.49674500839239	6.93937427834414
5.89758521085641	5.80309409188505	5.82417872903516	5.7042752510429	5.87537202036227	6.01316343876064	6.0888108233086	6.10857649822489	5.81681541640374	6.38495265551862	6.39729843705759	6.41581542944515
9.36058777397354	9.37055197782571	9.4326077464928	9.25221668809013	9.33433374457764	9.34014335034779	9.19514838899737	9.2343985662901	9.20222781771396	9.14919067089109	9.09852080949256	9.25734599934413
6.04665899066819	5.97414191166626	6.25442023687173	6.15122563602553	6.26892805938968	6.07696919371725	6.35878457047767	6.46958257990168	6.29571354879644	6.35869276493998	6.31794727451883	6.51991311603603
7.09431147843616	7.05530152138034	7.16755449015301	7.3090574827381	7.37544631021228	7.49606144631119	7.87973990651658	7.96243760575501	7.82893841729217	8.11180953166715	7.6598843174208	8.01500515589697
6.7120393643926	6.61816050110005	6.82719262417221	6.78107854412705	6.88727993980645	6.84844518539744	7.23963382329169	7.19059501312396	7.25698177040905	7.14210868804412	7.13026538965871	7.37071230875992
8.37513996660897	8.33646581663527	8.52957302028615	8.65697139307873	8.59977078919112	8.64585673142145	9.28077946682744	9.36862553614311	9.3168768599553	9.40012180655995	9.00316093133702	9.27863385776161
6.31756907887763	6.13983732687885	6.44402743385186	6.34608980994171	6.52505323525646	6.61386478556306	6.85819252148506	6.9389921580692	6.73434200782555	6.64066886073812	6.47007249687683	6.69778049982026
8.69750353893854	8.63202964641981	8.80079419605836	8.88521516611786	9.02356104264075	9.03436650993992	9.3424666950787	9.44709560709228	9.04856977349347	9.20557275103559	8.90331813784069	9.15715057361414
8.03528316540863	7.78773579078471	7.99064629336488	7.61391014835447	7.7739982306908	7.73259102527834	8.29397273871873	8.36442834884267	7.94496789162829	7.81032067727713	7.98609686035694	8.12835471008335
6.26813560345418	6.25370683648246	6.50439719975056	6.47917330262495	6.5927018780915	6.45874112981792	7.12333712087043	7.25437964903203	6.95514435290323	7.25443892700409	6.99728351934522	7.50953068652077
8.84469078994989	8.75741317691844	8.81208530511314	8.79505969442914	8.82443560187405	8.82319310124515	9.2135292454742	9.33552387399776	9.05976784215216	8.95893521959405	9.09970843293176	9.2333839673541
5.31975603759343	5.44781133966048	5.14854102516542	5.388050900572	5.10588108089737	5.24187050026043	5.69766800607252	5.50148865892472	5.59367438755238	5.67391652684986	5.90177396187005	5.69310183021512
6.95017168552512	6.8609377665235	6.95488221360549	6.85078427955161	7.18150765456157	7.03954119459341	7.11433801676848	7.28276700249253	7.03585154698834	6.9516441533266	7.00575249553714	7.26169728273852
5.43598018659997	5.41328488788779	5.30799227671746	5.67615050133429	5.55993806245028	5.65753889873799	6.2314783384683	6.23007876074729	6.2087011830068	6.35205254316656	6.19898459942261	6.2991377666537
6.33367815857304	6.40223481347368	6.37723167705356	6.8533024504731	6.64321085124964	6.72764761225885	7.46403171535122	7.56972825599015	7.40343626275883	7.67843341937848	7.31335505028546	7.48796056018521
6.38095516447303	6.20599954270028	6.30320579795476	6.66261351999519	6.75898805262568	6.7176662971364	7.46403171535122	7.47303937758699	7.40343626275883	7.32285899699283	7.06368370818621	7.55361621257187
5.73137259634798	5.7977440623824	5.8017363426887	5.66474591095095	5.81377308850655	5.78391325499307	5.78329935525055	5.7170983648168	5.62641353850471	5.69852324602175	5.77688636941836	5.92642185710363
5.80824970935545	5.77614402571763	5.94687625232405	5.78023754507614	5.98004497239578	5.88239539675337	5.95756925637515	5.94285621375168	5.80050428843541	5.9029752726817	5.81202903330769	5.9609501972799
5.70687287396757	5.78698432470343	5.73816346164375	5.71537400864721	5.79477039528217	5.68507574748055	5.83526810799926	5.95119339440154	5.83694922525762	5.8568504233835	5.84633877107981	6.05984971926818
5.68195160882411	5.63930663493059	5.65299446521068	5.52039439600002	5.75600000238588	5.60084364406194	5.55891065033937	5.62636318851766	5.66294582299668	5.6703669112833	5.72866199990741	5.86089714595086
6.03193085344789	5.92098381285333	6.06469941495012	6.10973214945231	6.09329874724594	6.18227274924017	6.58182819037829	6.61583664853516	6.5116896385713	6.57753982399435	6.52057267668869	6.67367311963318
9.2838334721389	9.25651436248773	9.29653634195249	9.13391470164429	9.12547668721247	9.13346491319571	9.10486997743861	9.15711341346948	8.99033729895709	8.90962871299194	8.93426937738907	9.08059952973258
9.2660911974493	9.12681826686274	9.20795335429419	9.12038305063545	9.10951789852949	9.03302495727434	9.07463728005365	9.13438052791043	9.02459122101438	8.90471763246942	8.92178939742949	8.99698373207312
5.77327440936844	5.71502682167505	5.69011027503962	5.72089165647192	5.65427446872651	5.67137274831038	5.56770915917122	5.66232739114819	5.5308387912122	5.66680857727316	5.72456986474247	5.71348504003008
5.59118814125444	5.34898892580531	5.45166082702559	5.58834425412393	5.66128298415266	5.58631636150457	5.75274333118332	5.84335818219977	5.60779610867002	5.84744639294439	5.71222362608311	6.10687384409242
9.45158400294097	9.37685530644132	9.55358468539096	9.3619913081833	9.40350519311476	9.3797337676874	9.25950326999638	9.35689050675184	9.2507656087745	9.51637586147789	9.10563193003022	9.33793726158915
5.70687287396757	5.55307815707275	5.5081414743881	5.77494185253805	5.94023363980989	5.81541469790168	6.25894104845538	6.38896556271832	5.98144684316365	6.26519056565777	5.99650071697821	6.39068906047012
5.66932833424368	5.64527385831551	5.70227385592123	5.88719368108898	5.8693287674621	5.72542372957245	6.35114817667686	6.48403029527365	6.16792807137716	6.53907395253195	6.2195041423908	6.38221555932208
6.85567417302181	6.78716486327786	6.86561608069775	7.34708331518026	7.2714434099254	7.39317776283723	7.90431685617627	8.00916558150393	7.94960572420884	7.89808674091161	7.86282070451229	8.12708657492416
6.39253661997452	6.20599954270028	6.25854918883817	6.38488369479767	6.46615387420962	6.32053068239994	6.84193166424685	6.88556145219557	6.67062538523777	7.19132435194932	7.14720758420829	7.48400384493662
5.79668490277229	5.94054075396729	5.86804588633739	5.50769031917781	5.70941558689379	5.69187894401288	5.59378873328204	5.68748028977765	5.43908039450547	5.46450026401418	5.38950957898081	5.59399397653562
10.3346143009556	10.2362812265412	10.3079665620181	10.2912899995382	10.3322650259717	10.311173800511	10.3776182514615	10.5038597436164	10.2504529674978	10.3351479636314	10.0985620261262	10.346396240471
10.0228318868332	9.9085391701426	10.0001947160546	10.0534873353791	10.0107160371939	10.009082919941	9.95778817390834	10.0701469809578	9.95301541735876	10.1575738312368	9.85330889719597	10.0025070422239
6.95538918111576	6.86350405428662	7.0073810737647	6.86831993866775	7.17661533499754	6.94572792606052	7.03231060141543	7.19411584852143	6.93657977988559	6.97920955596713	6.9043185880868	6.93648225200078
7.59490836583023	7.3939378435177	7.6298441365012	7.68774610450559	7.75606981440662	7.76527302199569	8.14798106055866	8.26245123935988	8.08476322294056	7.70822298292472	7.56104326724352	7.99567994414009
6.36928013148186	6.34830983420091	6.52511582886279	6.34251089817064	6.53272811488454	6.56274685685707	6.60342152457101	6.59202175171753	6.43178422803448	6.39575497279776	6.46271188907274	6.56553980045685
6.42673420623845	6.23797871086324	6.52854022640026	6.57074707143708	6.67129935716624	6.62102187217757	6.79952457170199	6.81871985431283	6.84796678342927	6.6871481859271	6.82039699350985	6.82205838122377
6.81320193125098	6.66891799041312	6.84653216103864	6.95293908039783	7.01609259911035	7.10482911663296	7.19622479275684	7.31222782185234	7.29391837766109	7.2256516428574	7.14414193898428	7.4191750341916
6.03193085344789	5.88610994632788	6.03131439623588	6.10551655107717	6.03508245147631	6.02938070592467	6.56651845495519	6.56509191220381	6.33874493211128	6.45686408459324	6.36080942707766	6.62061819438569
6.64259049552263	6.62422538914068	6.81882429247023	6.81247501260922	6.88428274566375	6.87862305802786	7.22019124019433	7.31060679073908	7.05491225283682	7.20859004179485	6.92053304253997	7.23369574718612
6.45278377032824	6.58434060193521	6.7053781593351	6.46607429337951	6.73256957404449	6.64579601507825	6.68872616148328	6.76765811105896	6.76832865924437	6.93840084986036	6.8223159047276	6.98767254078548
9.85110660730652	9.82768990154073	9.89693696193053	9.78188336101496	9.70055658568366	9.71868500819736	9.68281305516502	9.79141588448556	9.59605464690616	9.74873366108396	9.5238376395937	9.65062129584565
5.99190647760567	6.03908971627158	6.22939572545631	6.07134189169993	6.17889800199867	6.20625373271854	6.17205028055394	6.20936582628366	6.14871472149069	6.23182538067094	6.31794727451883	6.28102212968013
6.46380567431039	6.52723172353742	6.65299428388332	6.5304129553682	6.56676920863711	6.59581535297353	6.4687366929534	6.61583664853516	6.41311264173525	6.3453816674526	6.33685608600207	6.45674541820193
5.61112173848904	5.68637012910932	5.67784369178177	5.60633629330724	5.58225933977813	5.73862708650072	5.73331312153991	5.78859721434106	5.64479481304409	5.83798086377404	5.86876828815857	5.97791018576632
5.91373862765478	5.62729795725597	6.11109380269989	6.10128862677842	6.04584302895273	5.95209440432642	6.00048570769402	6.20936582628366	5.99585033050852	5.94767521216002	5.9162049334911	6.14241937131757
6.552524512246	6.58122643317208	6.55899988862208	7.12120399704047	7.07511667167559	6.95425520506405	7.81547603716842	7.90879776191276	7.72023236780272	7.94004587120487	7.75238723076764	7.99011058042604
6.51415775040503	6.43364949343447	6.51133647915265	6.56461465829972	6.7225366964468	6.70424964679368	6.86714782244981	6.87682601091775	6.81175567693157	6.84371118501077	6.80495320138026	6.99324990541154
5.75546474666674	5.7486828074018	5.86804588633739	5.86742114513079	5.91698259419344	5.90013740652471	6.2091261979585	6.35478696578172	6.04862096568773	6.22941242099621	6.21367107735737	6.37796010154804
5.53665153520605	5.5209955064085	5.62132136554657	5.63583538868794	5.6821073737884	5.61522675895015	5.50954063254644	5.60540422369179	5.57941372305757	5.69503348824626	5.78083350002722	5.87303352566151
5.66932833424368	5.49480832091758	5.77318510756228	5.87238966213254	5.76903915548141	5.67137274831038	6.16626094419899	6.11229975142119	6.07599731219518	6.41287243737453	6.43037533158696	6.42409471444755
8.06214033891095	7.94386235121408	8.16147555270084	8.47919285746979	8.56461726015271	8.51743593055516	9.12218632878309	9.1643129321205	9.00600815084361	8.88413690570292	8.77290897604698	8.99281224113239
7.05596458910681	6.93112381384435	7.16975001781323	7.03952175375648	7.24130232871088	7.20351140409368	7.42088381313499	7.54650092361766	7.3084323527301	6.87339444003337	6.99898129381837	7.12864567482044
9.71694849463915	9.64353200584861	9.77997641861722	9.55618209401072	9.59768500681275	9.60048465714812	9.48779037336363	9.57618294197192	9.40462088700541	9.5448218443729	9.39819402896304	9.48130582511244
6.36928013148186	6.24979082078271	6.41841695853572	6.58898962686852	6.67129935716624	6.50975332340272	7.00660299928724	7.17820401506651	6.84597870351065	6.89488232484906	6.75157615961515	7.039807175652
5.60450762147066	5.60909626505861	5.77894057414489	5.72638836362722	5.93445581259131	5.67137274831038	5.72152862091886	5.77926556408573	5.56982806891237	5.61605193855662	5.47959491119984	5.69992815384434
5.57774512687954	5.66302947776496	5.76740667192248	5.67615050133429	5.6889828428085	5.59359820330581	5.82428792751146	5.80708199165673	5.90338207765398	5.86308600249949	5.83119030527499	6.02218812420695
5.40588552057563	5.42025620791981	5.40780890388413	5.42903660700007	5.41827478886722	5.35746921330246	5.30913251793583	5.41384369433592	5.29537475984953	5.49289431190172	5.46496376079265	5.52650566697626
7.09431147843616	7.01200295630869	7.1565264790133	7.52507559830854	7.58382496453967	7.50769701133801	8.09329649037976	8.11883900668067	8.01035593609294	8.29272575271485	7.89509712239066	8.32588112352268
6.57303011974175	6.54651998163094	6.38858095130835	7.00596202078884	6.98004558661667	6.89937843536975	7.74918566880701	7.84862487410329	7.64101782078453	7.87509645201673	7.62402032151039	7.83098725916071
5.65018476729327	5.68057012674938	5.74405953786141	5.44244526049893	5.6751991170191	5.49595605151214	5.48188587641287	5.77457708798676	5.44956713083296	5.81565090458432	5.74491588406213	5.86089714595086
9.30084774159272	9.1485586695145	9.19937972178488	9.05950638836881	9.11847655853572	9.0589628406117	8.97580583739131	9.12056685184526	8.87706124485009	8.74565184552549	8.75442773944366	8.94034692166877
5.75546474666674	5.77614402571763	5.74405953786141	5.68746601151892	5.65427446872651	5.62236513818342	5.66112355635326	5.64188584923362	5.6171347199358	5.89386716155113	5.74895100967326	5.92642185710363
5.44340733595824	5.32690827907573	5.08509130969405	5.57622427562097	5.32436157259978	5.4324283787476	5.67340775521091	5.70236502895938	5.66294582299668	5.80597446141711	5.81972400440727	5.74683226215349
5.55734392596043	5.36352501230953	5.59547482176937	5.36711574405782	5.35058255210717	5.51141257503432	5.55449129008679	5.66232739114819	5.58893640492815	5.66324148206757	5.59610043907905	5.8113076649691
9.65494140515324	9.58406698508908	9.6420531265816	9.47712734332553	9.50946500493817	9.51849547761111	9.42759476655789	9.55374229572036	9.2907947554454	9.39851026902736	9.28616632557162	9.37793870480808
4.91286204489179	5.04096980424285	4.83286398593039	4.86905154094526	4.74750725504804	4.83930119351069	5.04550810621017	4.96591912493609	4.91960647264005	5.09311580412009	4.78341157780222	4.7678225437191
5.88671521325745	6.03454606998132	6.00698715951945	6.1306277333711	6.05119344334804	6.05072469157253	6.28589166684597	6.26395408792029	6.3805319044089	6.21728683076335	6.31794727451883	6.34345760635729
6.26393879965953	6.31120840338102	6.38102468183104	6.34965987988195	6.40056295934158	6.34666316689575	6.44022452731212	6.50117896254546	6.39691410320449	6.28623991562352	6.27657558656583	6.37369207425126
9.0695191272715	8.92654530043863	9.09809051141698	8.74710024940642	8.91829907436944	8.95866358562641	8.99350529307199	9.08733773357979	8.78196143697477	9.04968702715675	8.54835367686662	8.92218205966801
5.89758521085641	5.96462094884126	6.0552392158307	5.8423194488898	5.97442427535421	5.93498187245419	6.09186766309901	6.12341233128448	5.94850489377591	5.9824667180236	6.15400815083694	6.23471402220841
9.77344797463058	9.77070243965872	9.84635012744673	9.68550871797972	9.82695628892925	9.82754351025039	9.71492753468595	9.76235359780713	9.67603844150154	9.90993397684389	9.48224984844272	9.7515965330903
7.65387713141075	7.42381091189262	7.71950971468894	7.86795396548921	8.11821808874038	7.85909950422772	8.75951038963198	8.90273387456629	8.56153958480715	8.63092989542009	8.73468779077826	8.79379595811487
5.63078487739852	5.62729795725597	5.69620483298961	5.68746601151892	5.78196193593846	5.57899775279607	5.83526810799926	5.90901861993018	5.5983969326721	5.7498850536132	5.88719762647423	5.94378902647601
10.8776946700949	10.7548410796134	10.8760234796697	10.7114286210509	10.7104271375509	10.7417114034405	10.6531529891925	10.7412712865715	10.569233849896	10.6818179324335	10.4099268932321	10.6112448155132
6.67773235134146	6.61511848000584	6.51824258376181	7.18257608210471	7.13434720341418	7.13264611634496	8.11075053520748	8.04860381059341	8.15792767547297	8.56685089927219	8.42681816208238	8.39705310879482
7.81613838294447	7.67680919295962	7.82637257600938	7.97592131698811	7.95349042871513	7.97120888112846	8.4259343303317	8.58701332432178	8.30778038142122	8.27116670474854	8.41859370143676	8.45379358605414
10.2674842562633	10.1779163804565	10.3334128807171	10.0931933363219	10.1313259784133	10.1006191011737	10.0357418017649	10.1205238904025	9.96061808742345	10.1944159860968	9.90947016323187	10.0176426211436
7.21669090680818	7.11898206738425	7.28967695387505	7.73495141199431	7.6112811713013	7.76041766052313	8.66814915833026	8.74000362434799	8.4068927082698	8.38567202225131	8.40264443805125	8.65462088213465
5.70687287396757	5.69790092740276	5.53557784627756	5.55785216205161	5.52963149037865	5.54184000800363	5.64041556590826	5.69742042447557	5.60779610867002	5.89690957269575	5.95516364447452	6.14742671332493
6.34166585523909	6.20195194048871	6.39234431917153	6.52094294012938	6.4130902189918	6.55155362116858	6.73641823057118	6.83007721957918	6.82392722763347	6.82624303935769	6.9312423881034	7.02898683595654
5.40588552057563	5.25078372469875	5.30799227671746	5.30243600626749	5.45903328912189	5.19484057326277	5.13091359849856	5.28808991335299	5.26009064683842	5.28601617019535	5.23147834754224	5.11174641167129
5.47274147619241	5.39216773919842	5.30002222884042	5.2950683030448	5.1661149878852	5.4803330353714	5.45843053730108	5.33970540084524	5.39635878736074	5.44387306662958	5.64453862060917	5.52650566697626
5.28712500836382	5.34898892580531	5.14854102516542	5.10601849487531	5.19532198419919	5.20436903370112	5.1718080461601	5.20705723661029	5.16158517438319	5.11411963108705	5.01460386568164	4.97253990665924
9.11337123886347	9.07680871229572	9.07835392321142	9.04304992679545	8.99117922737156	8.99632330302117	8.89357532387627	8.96898621454818	8.93387470908671	9.0168019775758	8.87816228574625	8.8207172453014
5.65018476729327	5.65713508185777	5.62132136554657	5.8773411802834	5.78838032964434	5.77111822469822	5.74111651696363	5.75090425028249	5.79639762893517	6.03589710159843	5.85010124494793	5.59399397653562
5.41346789529641	5.48818697135108	5.33164335781921	5.31706025320184	5.34189472225497	5.27842878750365	5.33510615622938	5.15041270723307	5.29537475984953	5.30442741857918	5.46005373387801	5.34696942260634
5.50149417700032	5.57824272453511	5.76160508383717	5.83215559817954	5.56741674201974	5.64357168654247	5.77572058839278	5.86116095128482	5.81275483140518	6.1294345466669	5.98969271288319	6.16728443835633
5.68195160882411	5.7977440623824	5.77318510756228	5.88719368108898	5.88738334371709	5.79026861663869	5.83890973683186	5.91755249231209	5.89187803458327	5.93292813746827	5.87616820926905	5.84865813729783
5.39826332659738	5.36352501230953	5.42990050461363	5.3811060052565	5.46704937278693	5.41610213002235	5.43458975332556	5.41384369433592	5.40715766361798	5.41449331033233	5.2712270002675	5.35563048235163
4.96524978564746	4.93812425793405	5.00902217630257	4.92725177263884	4.83645869373292	5.00083129232416	4.85087991160037	4.92435795373289	4.87377178553972	4.98899058917474	4.92504908070046	4.93843582264942
7.85575032540921	7.83689517265545	7.71650878007975	7.45880725574894	7.29646481019189	7.25734120806912	7.16024096687007	7.1090171281503	7.15145222466753	6.42768565010006	6.72925135824593	6.84998964184555
5.82542551882018	5.86579808373069	5.96719201131333	5.86243551253473	5.8693287674621	5.89424753900369	5.93051205865889	5.77457708798676	5.93735542634645	5.77324441896957	5.83499231022696	5.89700516244947
9.05561336605985	8.98665808615395	8.92754260575631	8.92047783775729	8.93288243367311	8.90320423100906	8.92480265643991	8.97001369282687	8.91170233510617	8.72522666808232	8.87122478598316	8.87158434105677
5.61770580704069	5.56571504308078	5.58894051779492	5.40184180030726	5.55993806245028	5.54934813620976	5.536677894391	5.54615362451988	5.54068484605395	5.34945978687628	5.46496376079265	5.41485294301214
7.93449919045327	8.07701200089615	7.98691504600887	8.21797005842134	8.13092204588168	8.10617990266257	8.27120622981197	8.1608360028667	8.2547990628065	8.14037154770965	8.14408424936897	8.13215244199027
8.19051019168087	8.13127902486953	8.17574961980081	8.12721317803854	8.24750536382537	8.19282782824512	8.22456633762951	8.07939621114236	8.19901902662141	8.42419610170849	8.24628095278311	8.15970118491088
5.28712500836382	5.45461912910824	5.14854102516542	5.36006973269494	5.33315460538818	5.3659917271723	5.2171788441397	5.25487353117467	5.32982225019745	5.26266911856832	5.14856480016575	5.26660418115005
8.77703204546691	8.82219331584701	8.85774904010094	8.80224844999088	8.76455006649869	8.86601535088155	8.7401355088412	8.75915013151069	8.7636411580237	9.02657255959149	8.82122527983528	8.67645911387435
5.4210108621681	5.3416659491666	5.30002222884042	5.30976653274611	5.38482319734306	5.4324283787476	5.22830376491738	5.33970540084524	5.23001840347955	5.20994610427558	4.91077020201288	5.26660418115005
9.2180451797246	9.15171289046775	9.23547093065009	9.10883322147395	9.19609112487393	9.13033172246944	9.06103783020962	9.13300509683524	9.08991170956413	9.31412420333569	9.07012452517745	9.07205730709927
5.1487414176393	5.1868764738003	4.96944517644385	5.09758232250482	5.1262372853761	5.13632068650254	5.12497658316139	5.19310155797891	5.13587997834525	5.1088970127561	4.90357805161874	4.87976283025967
9.19396060414462	9.1813389852539	9.13452483583048	9.25698114900218	9.18150943346577	9.20132503845547	9.32208735402498	9.26150651567617	9.27388089462364	9.32321318267737	9.14220881606336	9.16705723249939
5.48718907023495	5.50796102000775	5.5081414743881	5.50129630294431	5.34189472225497	5.52670609893889	5.44894118014922	5.57338629046692	5.43908039450547	5.57867696997833	5.48443935003391	5.42311944152782
9.96707693820804	9.94080679973432	9.92808150863244	9.9939430886129	9.94244784496919	9.91024753573831	9.958417079501	10.0423306354189	9.96245514115691	9.97048325893798	9.90290860938596	9.88249958930101
5.39826332659738	5.44781133966048	5.30002222884042	5.28766304676839	5.19532198419919	5.31408984894545	5.28801396182481	5.40174727541639	5.21781313570755	5.26736863264734	5.34227957244333	5.02766561977885
9.56646803016204	9.6247382698941	9.52084142480586	9.56466171242235	9.58342825218401	9.51801605906514	9.57594568070336	9.59462047755522	9.54853856921598	9.43145496068375	9.43127460928704	9.43542298562907
5.56417627653735	5.39216773919842	5.4730996050719	5.35298936273929	5.31551498364698	5.52670609893889	5.39561057531763	5.40780808678429	5.2778397950251	5.27205299867487	5.34760385907585	5.26660418115005
5.84239991956663	5.91605299436841	5.81300102491629	6.18757811993811	6.09847674542319	6.10784654079055	6.31496818821453	6.24372430862604	6.257354330223	6.20996235137826	6.27096878780959	6.2109914660128
9.79871289265805	9.76590747383934	9.81442247643952	9.76458947873043	9.78215372939293	9.71868500819736	9.65437302536046	9.66736840253047	9.67379764985503	9.68516235031851	9.59321841992999	9.64221176157563
5.1212621922613	5.09415181344201	5.16617281113773	5.14748124702248	5.06429449762924	5.13632068650254	5.16024072375464	5.19310155797891	5.02126770550496	5.17036460000606	5.02127018103448	4.90351568301041
7.3254758419059	7.42554904267112	7.49098822637659	7.54546764016923	7.52344528623673	7.53827420822969	7.65922016015878	7.68307579137624	7.79222881017617	7.90188309427635	7.33905432675522	7.6018823050859
9.3718542728324	9.43021615620257	9.24747673659392	9.43149522177233	9.35505665116086	9.42544237877832	9.51283899298086	9.41840241897036	9.47000385321116	9.44218453697652	9.4877033692387	9.41322372470986
5.22819580710161	5.17045100357297	5.13069297911175	5.3811060052565	5.27957984911614	5.10615392495217	5.1718080461601	5.17191370905622	5.40176826836548	5.18533417412089	5.14245757496054	5.18153343425903
9.41936925086674	9.44956821826032	9.39321063865007	9.41069407033433	9.43867519079538	9.44221653313348	9.39946440648164	9.28770250787594	9.38865562385123	9.28796001390845	9.35971815496004	9.30186193317194
5.71303676640476	5.63930663493059	5.50120050214209	5.58229693227234	5.83252956908705	5.84013142767876	5.63204878654941	5.58948366332661	5.59367438755238	5.45628454317504	5.39466375500673	5.3897671397038
5.30353213867725	5.21918118031499	5.2262535504972	5.30243600626749	5.11609476365558	5.26026458914122	5.28801396182481	5.21398517267923	5.2239285769358	5.16029861749066	5.35819422288313	5.25739400945803
9.06409369310557	9.06067860398248	8.9941151267659	8.97122696972198	8.97576838858292	8.93011972371276	8.82488433723822	8.93571448846384	8.8031305906984	8.40559755960909	8.91910101307213	8.73090371687399
8.91870069531842	8.85803711564142	8.84406352852014	8.82103069915668	8.81344402603185	8.80365783498843	8.88257245843488	8.84341938397592	8.81130819422991	8.49678387905054	8.89968625197474	8.76554796104566
5.63078487739852	5.67474680939068	5.65924684268659	5.58834425412393	5.6889828428085	5.62946852677751	5.67747944980618	5.53511569865458	5.76311815414718	5.55192900534852	5.89450414688454	5.63017275742229
9.5639075596765	9.63979279312433	9.45348822645457	9.61674451827887	9.52975412653531	9.4830724057724	9.5674510822378	9.53268665307519	9.49655427998997	9.07243700712575	9.54811079297928	9.37152685813239
5.79668490277229	5.8242986602901	5.92627115680806	5.90184779211808	5.89335182659049	5.90013740652471	5.96425522417778	5.78393890719467	5.80050428843541	5.76327936935755	6.11072900492538	5.67935191185605
9.39988080497869	9.30548408680849	9.22336437893773	9.3423990406454	9.35017542692981	9.30611554251244	9.30207682024402	9.39142964392397	9.34637005918108	9.14375003289707	9.33034117528647	9.12511130369629
6.90773869649591	6.74046308615986	6.83551273560251	7.10861012992651	7.00509676797421	7.01257619341446	7.40128494970878	7.46139818751296	7.41823353001188	7.0898251620341	7.27462831034338	7.30495112186131
6.66505221086122	6.82452241739474	6.79626869457459	6.84573472389903	6.92276919537153	6.77333603005236	7.07313301946036	7.04026384011535	6.98435989448258	7.17761206701035	7.28022472721279	7.03169953371208
8.34065425176528	8.40415191396941	8.37542175438343	8.51383987364543	8.42201027204632	8.3985029918353	8.46245154580851	8.39382024910139	8.41026147696533	8.4130657699499	8.43311292181226	8.33469735551248
5.75546474666674	5.77069328834479	5.88415924890596	5.86742114513079	5.77551496279136	5.73204045457635	5.77191627678904	5.85228693817862	5.69857953857821	5.85058786355169	5.83119030527499	5.89700516244947
5.24527792180677	5.34898892580531	5.46598848958482	5.31706025320184	5.34189472225497	5.25109664140691	5.23934420425598	5.29464303713827	5.40176826836548	5.33609607446912	5.43023942583636	5.22940806974737
9.11861482498945	9.21036894145183	9.12437033623187	9.20220472825246	9.22837086893736	9.24311494745591	9.31522976359358	9.19275702877089	9.27646756914788	9.2329584796828	9.34677255993789	9.33464476579331
7.41152441887933	7.42728508266914	7.48923106566972	7.62868863033766	7.5911978470368	7.56450791505467	7.78176433170197	7.8032309333631	7.85685836075834	7.62431503266814	7.89691986298702	7.7108549199427
9.50994755645988	9.51634655075782	9.49392574853621	9.4929655678613	9.53502112842627	9.5045272481342	9.46170783005813	9.41614243554518	9.43404638046428	9.54336417457314	9.27919476508617	9.45980665949097
9.53282213599645	9.51389735637128	9.51178094773815	9.46688241350072	9.43099047032877	9.39547948222837	9.4154315114463	9.41123362606544	9.46968097087152	9.37302496689654	9.36202947733417	9.34067527992884
4.83621062035141	4.8686893927231	4.63254121044341	4.82892206496133	4.61026462362009	4.72516146197446	4.89333250969368	4.84642976500794	4.7608798815453	4.80776936480831	4.60905764845216	4.51447937938558
9.82140072049159	9.91257357521691	9.75532873510511	9.93748516133118	9.88585742008338	9.94168835008518	9.91911244927059	9.83549141767469	9.91581209753955	10.0797682466875	9.85565406792963	9.80054668363438
5.29535173393093	5.3779170131914	5.16617281113773	5.49487397289375	5.23337403972589	5.27842878750365	5.6936527412364	5.7170983648168	5.81275483140518	6.26283271273437	6.01338185055575	5.9609501972799
8.80187217883823	8.89426793876794	8.70486601104326	8.86600838482343	8.76046791360491	8.7499602926773	8.77767861730334	8.70772241782051	8.75624741007192	8.50179587877254	8.78033444567499	8.63423352216185
8.65402773570002	8.72672149192247	8.61666402299275	8.79833175158744	8.74071117937483	8.66590284211438	8.69254586925023	8.74180944191695	8.70340225179827	8.82976932317639	8.74231207424571	8.54967502604103
9.54282519457498	9.54701507361429	9.52513601992219	9.56964906930249	9.55731147675459	9.47370826111603	9.45785824246762	9.42291179291426	9.50854873244427	9.7247124489348	9.42591880043513	9.41634187782392
5.87576295043846	5.81373520030937	5.97222668601228	6.03634005268444	5.99122127150504	5.97460073639042	5.89945539195305	5.8478294450905	5.93361976220603	6.04689843322439	6.20487710781554	5.93802310153576
6.07087740978524	6.13135003037675	6.07877468371215	6.00500279429037	6.12916128962448	6.10274588574109	5.967586656534	6.00023202276683	6.08949356454087	5.95936559281587	5.95865387383751	6.08616277923149
7.23182143620857	7.22058054048083	7.31370320156923	7.26811626909887	7.35176834933661	7.22246336292841	7.44501394704055	7.5144685704801	7.49764639113508	7.12791846734521	7.44748920882044	7.5134181240763
8.92403480026495	8.95330398689873	8.77145083479702	8.74506692302465	8.90208526563472	8.87278048230276	8.83268017694587	8.83554879949519	8.81334537332022	8.32532048759967	8.6339091224599	8.77205357877878
7.95678917523489	7.9857022202806	7.93363843535115	8.06446101870577	7.99160125145194	8.08562215549702	8.48415925936018	8.53102609829205	8.44943007623352	8.28227779871623	8.4837195431037	8.48085209140683
5.39060089551761	5.30448676240348	5.33164335781921	5.35298936273929	5.46704937278693	5.40786961074141	5.54561194925554	5.48437815925755	5.72474110656055	5.75324526560015	5.74895100967326	5.7664781217766
9.13423219865116	9.08727976801189	9.25111093535221	8.9084154040121	9.23955894818153	9.17176151668641	9.05006521342121	8.99192931526732	9.02327176751386	9.33505622896086	8.90739311089992	9.10012143464455
5.65018476729327	5.70934065972865	5.60845571152373	5.7042752510429	5.63304319274175	5.69187894401288	5.49116283959808	5.57338629046692	5.5553296850553	5.65966558260078	5.43023942583636	5.57926575082089
9.64649561273011	9.65469184598468	9.60114363346146	9.64063977100914	9.55401338527162	9.59276545917592	9.51739866286663	9.53268665307519	9.56676743172143	9.39312543931967	9.48528212684549	9.46884532707083
5.61770580704069	5.43409917950608	5.48017603150194	5.50129630294431	5.54486396113634	5.55681758318528	5.50038084473292	5.44953950445945	5.44956713083296	5.39313755628761	5.30445282141506	5.42311944152782
9.7511129897059	9.75003943077099	9.65934842297388	9.87996353104731	9.71032456707765	9.70442881510863	9.68661365909893	9.6983873615595	9.69660242145173	9.63631620705491	9.59798878985209	9.52191949217438
8.85659522371228	8.89614985254191	9.06543779577079	9.01800783913286	9.01673190070125	9.056984090624	9.06259855674154	9.01052409677984	9.1007946416385	9.32264679590112	9.01117748720154	9.00390952575959
9.82282924268918	9.84792585302839	9.87926488705466	9.82711864471935	9.81677028031848	9.80453321304354	9.69292583425663	9.69217443199979	9.68162524127571	9.98146898689663	9.60692574334426	9.71997952395052
8.89784273470088	8.9730522635607	8.80786148759517	8.98679853923447	8.89763151025529	8.91052834509693	8.87681763410241	8.9091763325042	8.89640888530926	8.61019431311855	8.75342197755353	8.75983138222063
6.35356521971548	6.1732968892038	4.98936793509222	5.67615050133429	5.31551498364698	5.31408984894545	5.90988185207422	5.98406981552517	5.43380846749981	5.21967541731647	4.93213648379884	5.01680596601086
9.50461690178785	9.58640000255797	9.46917553583768	9.4701687129993	9.45543885909704	9.45027978527595	9.4670211273976	9.38489585233409	9.40462088700541	9.69131799821941	9.38201579775674	9.27634755259842
8.53706227986196	8.71468625722619	8.64061120918737	8.6533620950041	8.65798483125578	8.63263150800013	8.68395246952043	8.63509094266078	8.65025822930579	8.95747663308304	8.48674864159449	8.59716060914979
5.32780053667951	5.57199241685514	5.35491545700042	5.74275440961634	5.4428670148041	5.61522675895015	5.90641470597838	5.89179839101696	5.82892927495337	6.3871195893337	6.19898459942261	6.04918896263796
9.47721061782079	9.40840496401808	9.36713287154292	9.39824041225197	9.41757254707244	9.36488108877194	9.36572634646002	9.3580683143379	9.30099389969495	9.49164704613933	9.208295404238	9.21021544359958
5.53665153520605	5.71502682167505	5.60197979939333	5.71537400864721	5.65427446872651	5.65753889873799	6.1749362781136	6.14901429122857	6.08613129172312	6.90096343625263	6.56249639311124	6.53909967964638
5.01582126838667	5.08542190061197	4.98936793509222	5.0719765423585	4.99960040950504	5.09595780834267	5.05177738963667	5.12124142162739	4.98576800582009	5.0115384374337	4.95319449739074	4.91524878427042
9.39700662696943	9.37145414118329	9.37047815608286	9.2169511141329	9.31442308429082	9.264422287502	9.27372220639072	9.30082844664903	9.28309780050928	9.07277385664471	9.30447967271805	9.21440138732426
9.81208068836147	9.8540707994848	9.79996302210317	9.80874015024998	9.79098611076157	9.83102151675419	9.72481845449084	9.73903644141936	9.76398423690785	9.94531721446059	9.73447879246829	9.70688148525612
6.00704569899181	5.85553424227605	6.07409813244689	5.94021504713621	6.09847674542319	6.17742844320806	6.16915851027954	6.18835178228881	6.11940731199873	6.1423164715927	6.12322722745803	6.31702913469651
8.88148496436678	8.87403995348213	9.07718449629384	8.95255147334262	8.92852288281664	8.99287729670838	8.85446726432582	8.86898167332265	8.92448127253416	9.25241869184035	8.93737257742246	8.89412589171254
7.55936326584016	7.52618256527874	7.44640432068752	7.46705357320068	7.29420797714888	7.42010757994194	7.43661421526441	7.4183938198605	7.50774442407024	7.0898251620341	7.63607429203932	7.21710708503909
6.52822748613363	6.6950844028844	6.65925662790499	7.07015555369897	7.02428485609356	7.0894271950469	7.16169767552054	7.18706556863776	7.23435740789778	7.04659061597522	7.30788587184154	7.20273489461515
9.34327249229718	9.32889506131558	9.26812135159115	9.26882391615027	9.36261699243505	9.3547146925003	9.25507361837082	9.19275702877089	9.25676639021147	8.95162749628119	9.15178259927132	9.18423186840642
5.39060089551761	5.51449290753264	5.43719026450671	5.49487397289375	5.45903328912189	5.47245797027796	5.55449129008679	5.58948366332661	5.47031591505762	5.51284076819313	5.35819422288313	5.44764009613483
8.85659522371228	8.9296111738869	8.78655490197319	8.79374879094571	8.80157366605257	8.74832625373771	8.6763273181955	8.70463940458554	8.69569242184605	8.56876272012052	8.434996006924	8.68682520449735
5.39826332659738	5.31199912090811	5.25126144906666	5.19572571547588	5.55993806245028	5.52670609893889	5.37070608752133	5.25487353117467	5.24813630234674	5.23894087979871	5.12398060752523	5.11174641167129
5.9817249167129	6.07050172524532	6.11565241250527	6.01851626731146	5.92865482025715	6.17256784991009	6.05788168845634	5.86557763755901	6.03821974147305	6.26283271273437	6.20487710781554	6.12221476393033
9.4165336742579	9.42022394485834	9.44081439653806	9.43990004535791	9.44885822303587	9.42237146783769	9.41359814624318	9.3580683143379	9.4210795288815	9.76633450263643	9.3461055416997	9.41322372470986
9.14626323493762	9.04493169890403	9.23179707055479	9.13805288174126	9.29366892771963	9.29496538396893	9.1240560783598	9.2145952400032	9.14635460150494	9.22358419082397	8.85818485032762	9.20661779993123
5.32780053667951	5.32690827907573	5.21782106729445	5.21145804915903	5.32436157259978	5.44857298404483	5.25030142590191	5.24137145883416	5.4443332366529	5.12967599728731	5.13016569590791	5.16193345681495
9.71348712307461	9.78566941291679	9.79392487590934	9.6869217347768	9.73091666683154	9.68917888184711	9.75143204597277	9.67431936887595	9.70677552894094	10.061553705754	9.71368617133399	9.57124635664267
5.48718907023495	5.42025620791981	5.45166082702559	5.48194336595095	5.41827478886722	5.52670609893889	5.56770915917122	5.47862950939767	5.5059271312898	5.57488591601284	5.46985722567488	5.49547209542896
9.46399653046403	9.5422158072454	9.4294036218709	9.48811076078485	9.47500256597101	9.48356357588472	9.60086493397743	9.59395413377666	9.56887920697314	9.45179929983516	9.53821690375023	9.52721723263904
5.24527792180677	5.26633102644459	4.95938081640817	5.16374114900404	5.09559524083292	5.19484057326277	5.11901525294365	5.23457309918313	5.38547896903947	5.15523938978265	5.06064013571688	5.18153343425903
8.25118234256195	8.29997278172075	8.27700126616213	8.22771060586566	8.29569074120109	8.27001775277163	8.35510779494333	8.27414453620448	8.26822789277512	8.48214984135042	8.23983212149299	8.28552754552177
6.99899269905268	7.21053491766287	7.03894887113737	7.05928938461052	7.04053120664948	6.93427930372467	7.22437961168341	6.94736051544651	7.16267875688296	7.62798675504489	7.08462239640614	6.93068076158372
6.39253661997452	6.1978929732464	4.97944057320244	5.53298814322517	5.43471582627639	5.39959012896265	5.93732394270831	6.01621564013359	5.29537475984953	5.09839523460168	4.76767202050991	4.87976283025967
6.31756907887763	6.18564723990604	5.0475531037773	5.60036372895829	5.40164535941425	5.41610213002235	5.87127855222827	6.11601344213689	5.24813630234674	5.27205299867487	4.71941202099672	4.87976283025967
5.73137259634798	5.78698432470343	5.85720310716688	5.8773411802834	5.74284236961521	5.7517111532867	5.67747944980618	5.56798052853775	5.68531939996312	5.97959917080632	5.79261073597571	5.74022396375932
8.80765528364205	8.84640416346527	8.74002114511303	8.88275119210792	8.71140548066035	8.72442233642826	8.65682795696581	8.74901019466759	8.73544847487364	8.44099320160522	8.79164645504412	8.54493433938016
5.99190647760567	5.96938926270164	6.00207222590849	6.2113149973223	6.13924645276653	6.14801669721375	6.51276074199604	6.65977629828952	6.51669616283485	6.47735082546421	6.61656651019012	6.78395582846203
5.79086767107023	5.54033015544302	5.74405953786141	5.64166382546249	5.72287901984549	5.73862708650072	5.61516889357742	5.51278453316867	5.64935392757725	5.55192900534852	5.55522861127142	5.59399397653562
5.53665153520605	5.50139958019957	5.70227385592123	5.60633629330724	5.51423730448368	5.44052313532389	5.50496797005231	5.54615362451988	5.4232068039293	5.51679734918641	5.64453862060917	5.61580944255075
5.70687287396757	5.51449290753264	5.67784369178177	5.75356324875606	5.78196193593846	5.67824044994832	5.67340775521091	5.63155590655222	5.6217815556299	5.81243260475607	5.9162049334911	5.87906376303491
5.65659410244978	5.50796102000775	5.52192454660171	5.50129630294431	5.66128298415266	5.75820912019447	5.46785823003947	5.47862950939767	5.5841828840186	5.41449331033233	5.38433703712536	5.46375996745232
8.60256322300493	8.70898769039483	8.57501879313668	8.52177945995218	8.48273865101141	8.46964479047948	8.48939049586634	8.50574297392809	8.48756340080717	8.49074640664409	8.67113336391763	8.48679679622447
5.45814854377791	5.54033015544302	5.58894051779492	5.47543457800191	5.38482319734306	5.63653726458237	5.48188587641287	5.58413771069657	5.55046448987314	5.56345290222139	5.70808471482403	5.47970269042301
8.91803254342962	8.9508917834575	8.77434001703079	8.94312228288214	8.77915091677033	8.77745949122485	8.8670261009392	8.81511077075425	8.84006990332917	8.97704421203098	8.70586241520603	8.73590411803098
5.36736790185349	5.45461912910824	5.34719945495933	5.42228553008234	5.53726772859754	5.51141257503432	5.34536693340631	5.47285798696854	5.50089303301136	5.42715753837579	5.41001737299492	5.39817733910468
5.77327440936844	5.60909626505861	5.54910378220326	5.52039439600002	5.6751991170191	5.80289625321508	5.73331312153991	5.66739302892213	5.74618712037545	5.64527306964843	5.66175863811087	5.60857404545382
9.72040158154248	9.61867219791578	9.75093509329782	9.45449168778136	9.64937536091188	9.67419639457903	9.61183309732009	9.59994017728191	9.57729553207696	9.69897580675495	9.3343825244254	9.6528262081151
4.99580264067425	5.09415181344201	4.77673543848275	4.85912199438681	4.82407771980631	4.80223510692986	4.94808198365815	4.94112472850615	4.87377178553972	4.78834714378543	4.6265847506899	4.60387219380845
9.07012069581852	9.07736171923365	9.03865272697931	9.06603677211051	8.97224284859266	8.99011455322283	8.98899815223085	9.05089946613276	8.97494944128366	9.01083739400127	8.90513065804574	8.91705464489168
5.57097657756355	5.54033015544302	5.51504938526159	5.51405626884776	5.49083522765124	5.58631636150457	5.4393893512723	5.28808991335299	5.45997861557949	5.49289431190172	5.39979969436467	5.36424018758954
8.90122738424708	8.99194737112981	8.93659843649702	8.99765642945602	8.94228317732803	8.93084024606881	8.85896512306267	8.83780192250822	8.87949393644068	8.91151314775285	8.87261495720414	8.80097121046499
4.91286204489179	4.87881306810204	4.77673543848275	4.85912199438681	4.66671166113624	4.54282095313561	4.79974139275091	4.71629694506259	4.70099123048393	4.85833522824366	4.8067079802669	4.54488447340443
9.67524909681149	9.70279480826883	9.69790150747653	9.69782594242366	9.62802497996786	9.69682399789579	9.52675771451052	9.54031596760313	9.57729553207696	9.77815680113805	9.4525012090634	9.51708642488004
5.5085941659383	5.52746907677578	5.67784369178177	5.45573113765983	5.35058255210717	5.35746921330246	5.48653177460583	5.44365084957878	5.45478221247741	5.52467827257121	5.54598734216961	5.35563048235163
5.60450762147066	5.50139958019957	5.42990050461363	5.47543457800191	5.50647849381013	5.55681758318528	5.27197113226048	5.48437815925755	5.42851731726511	5.52467827257121	5.43023942583636	5.42311944152782
12.6220032159222	12.5914505640666	12.6124853434012	12.4625091535143	12.5219037874845	12.50355064167	12.4725384501837	12.5338140897401	12.4663495985967	12.3653031118339	12.3496335723966	12.4488594926726
6.29717688237159	6.18564723990604	6.32305689909119	6.5304129553682	6.19349137087188	6.45073072911445	7.32662288585416	7.33632731486473	7.27187003313983	7.70648757572652	7.68225135940159	7.68867768662159
5.44340733595824	5.42025620791981	5.34719945495933	5.60633629330724	5.43471582627639	5.46453992075124	5.42494266833616	5.490104116143	5.56982806891237	5.61973696683688	5.44024575174564	5.45572241965661
7.71515278822109	7.74938810504252	7.96432264401111	7.75529624311234	7.93767053145919	7.87715430892179	7.88856551946715	7.85975369022238	7.90158553193603	8.21184566397208	7.98009090599425	7.99150493793032
5.48718907023495	5.43409917950608	5.56915898616029	5.43575642162897	5.40998389097765	5.48816557768424	5.36062342708532	5.28150710005379	5.29537475984953	5.36270163609649	5.23147834754224	5.41485294301214
9.52932649000851	9.48501191021269	9.53411327175073	9.55192352163004	9.40455193621959	9.46925131021504	9.33376791701127	9.34109382835793	9.37561711411337	9.47415767465151	9.4020499582083	9.33244558679127
5.21091059867552	5.24294726213761	5.0570287285544	5.32431753287668	5.40164535941425	5.1755943126546	5.16603588100645	5.09897278632386	5.15520132049357	5.26736863264734	4.89635030251274	4.98373303258225
5.3358007251403	5.42025620791981	5.29200821616935	5.34587429967082	5.21447248194044	5.3052563107727	5.28801396182481	5.26825132813499	5.33548490272326	5.29525095834257	5.25998072826686	5.11174641167129
9.41321844232804	9.41673210732344	9.3478667115969	9.51341816245855	9.32827903241917	9.34122777043911	9.37454929219261	9.28440227867797	9.35058468519964	9.78495726992539	9.11740645925527	9.24336778642733
5.28712500836382	5.19502017303188	5.21782106729445	5.0719765423585	5.242733456904	5.34027263956585	5.18328411887087	5.22088025740261	5.24813630234674	5.12450899224505	5.10526608201982	4.97253990665924
7.22535633513828	7.21053491766287	7.26934497000784	7.4538367530927	7.37544631021228	7.53638199692246	8.05852425662496	8.05345865155621	8.07460831435797	8.01487373499353	8.10991674418722	8.19643959198887
9.868848373638	9.83653724156264	9.89461528415307	9.79078177389576	9.7861751526111	9.74637236638529	9.67339520065004	9.66800169424549	9.70375857747979	9.84633775029917	9.62683374842353	9.74747577425184
5.65659410244978	5.61518893224983	5.65924684268659	5.54547345112619	5.41827478886722	5.62236513818342	5.82428792751146	5.59480997117401	5.69857953857821	5.63438408214955	5.59610043907905	5.75341054156786
5.57774512687954	5.56571504308078	5.52192454660171	5.51405626884776	5.55242060291158	5.59359820330581	5.48188587641287	5.490104116143	5.49584140061356	5.40171760037291	5.10526608201982	5.47175323015519
5.55047922380288	5.57199241685514	5.5757828697506	5.65900977208663	5.59695149386367	5.62236513818342	5.68153973244091	5.76041987732039	5.87639565609697	5.92102129195562	5.69140977862815	5.82386520941543
6.22991832560737	6.1978929732464	6.31514914986733	6.1389021409079	6.13421266438503	6.08733507268883	6.1978191669715	6.17060368045885	6.20250276189369	6.13717746603547	6.33416992795275	6.02218812420695
7.43225818233035	7.39748458523362	7.49974208062109	7.38239008807891	7.52151710521036	7.44048619911115	7.74238601414319	7.74440359914951	7.75350039880285	7.9815370129728	8.0603555569715	7.99428961719495
5.63728040954194	5.66302947776496	5.5757828697506	5.99592316155508	5.66128298415266	5.85233330423557	6.31758272825417	6.20936582628366	6.18374641986031	6.64066886073812	6.56479019172641	6.5314556078129
8.27329240262294	8.2635049880501	8.11322932582503	8.25654381516224	8.261437597135	8.26202397394105	8.31703955218515	8.40221787087592	8.37552531848293	8.40238502650252	8.39685926837554	8.46085762712498
9.16834385300217	9.13108610026218	9.12663307622012	9.05349412519704	9.10630484773287	9.02157111098911	8.99718250953267	9.01898794948186	8.92023419060492	9.11754143820296	9.04115810306078	9.01766216440582
8.26490942400344	8.15032607074626	8.19958862046826	8.0785240807075	8.151018554403	8.03960412647708	8.11301166297745	8.0822495907913	8.12550294189259	7.90944596789259	8.41795910452099	8.15846031432221
5.52968792304375	5.44781133966048	5.78467325289619	5.61228434567167	5.51423730448368	5.4803330353714	5.39066374095955	5.38341150443607	5.5841828840186	5.34945978687628	5.52732620132616	5.47970269042301
5.45814854377791	5.44781133966048	5.33164335781921	5.21145804915903	5.38482319734306	5.44052313532389	5.2171788441397	5.31412690123418	5.30694825764981	5.17036460000606	5.16070288825964	5.26660418115005
9.62536692529337	9.74308546886612	9.52127146004699	9.73313347230885	9.69072201867699	9.72990659720313	9.76035554931467	9.74054248848788	9.79343781801247	9.44035829772973	9.814776212303	9.66029780363252
6.32161321474787	6.28465876655009	6.23778545977514	6.20738581953206	6.41724195140743	6.48643285055932	6.32539808652006	6.31655546027949	6.39691410320449	6.32744063049344	6.47251772259237	6.45674541820193
5.84801410463304	5.86067526130858	5.93661038431664	6.2113149973223	5.95742995740808	6.1627973617686	6.01987187406849	6.07080700109998	6.13250622109017	6.19272617826323	6.33685608600207	6.29010833201267
10.1810156345158	10.1815216602445	10.1677762764009	10.0627686611253	10.0583818413846	10.0993377703903	9.9721840922707	9.99869313747832	9.98386710402816	10.1520053068257	9.82892916004744	9.95433699263964
5.55047922380288	5.43409917950608	5.48721810383603	5.52670494152775	5.47502140581175	5.4324283787476	5.60237868192075	5.6367300830031	5.68975294687555	5.68451348576197	5.48443935003391	5.68624318497383
5.57097657756355	5.51449290753264	5.63407380278756	5.58834425412393	5.51423730448368	5.63653726458237	5.46785823003947	5.55164123495614	5.38547896903947	5.51284076819313	5.68299977081797	5.47175323015519
5.59786318172926	5.61518893224983	5.7143361430224	5.61820808552064	5.64015490678602	5.54934813620976	5.53219013873662	5.46706341024693	5.5308387912122	5.48483828222837	5.45018354540071	5.3897671397038
5.56417627653735	5.57824272453511	5.70831755606383	5.75356324875606	5.60424209719446	5.59359820330581	5.82428792751146	5.9260363293481	5.98506118235902	5.9029752726817	6.1075874964969	6.04382896999657
10.1486300694691	10.1675656575683	10.2293449992812	10.0905266155553	10.1563978012729	10.0780298403188	9.90895400440872	9.95499239509309	9.96863798434717	10.2435664259169	9.76449253165933	10.0561344611618
8.95432898859237	9.04323429149733	8.95071517144906	9.04800660447415	8.86910055871819	8.96711777423638	8.8865431633408	8.8761244676406	8.95016748292614	9.2232807779555	9.00358396767231	8.86627358038169
5.5085941659383	5.41328488788779	5.33944223515322	5.6299834135176	5.50647849381013	5.44052313532389	5.6445809083964	5.61592159520108	5.73764678730875	5.9240072017241	5.99650071697821	5.86697805708296
9.67089312002027	9.63491728299539	9.64757869796307	9.66235108124329	9.68125189285075	9.67720536522232	9.60702807095419	9.67179561786922	9.64634744539375	9.67321605744678	9.46944422258756	9.62928089894702
6.1088025445031	6.0615962681236	6.01676720767888	6.37790728824783	6.30073264761698	6.35097300294336	6.63940516555005	6.80727244747599	6.70831657837062	6.82783981402125	6.90250568980505	6.92193457952704
9.15309333479119	9.08343084663132	9.09289233931682	9.12768509087411	8.98838947277045	9.10437962073085	8.98241707329156	8.97309174455286	8.96077484652908	9.11263531097351	9.0162177205533	8.9731842016267
5.61770580704069	5.55941036892798	5.69620483298961	5.67615050133429	5.74943612987257	5.57899775279607	5.63623821500353	5.55710815292073	5.71607298299428	5.47266971999451	5.79651528773068	5.60130234492915
5.57097657756355	5.60909626505861	5.60197979939333	5.61820808552064	5.58225933977813	5.79026861663869	5.50496797005231	5.61067245008894	5.5308387912122	5.61973696683688	5.60947222416109	5.46375996745232
8.7122230830377	8.71823646558498	8.63664751188054	8.82616926793691	8.76046791360491	8.83401840724782	8.91619597690672	8.9288613888604	8.9140773603309	8.53444547036161	9.00273777092501	8.93455901091132
5.81399765194916	5.76522195438162	5.79607096119806	5.61820808552064	5.54486396113634	5.8339916986821	5.49116283959808	5.74612288523715	5.6171347199358	5.48079342641056	5.61390220936923	5.47970269042301
5.36736790185349	5.51449290753264	5.52192454660171	5.36711574405782	5.242733456904	5.34889638201238	5.38071920992354	5.33970540084524	5.31843027944985	5.37146291690732	5.63148796052236	5.3897671397038
9.44139053306597	9.48376094445438	9.34738174574397	9.59545948449531	9.4253288790991	9.43054608247589	9.5530887960067	9.4788430469692	9.56706930321707	9.183907438472	9.59406139688827	9.47234512819507
5.48718907023495	5.45461912910824	5.42257393968733	5.36711574405782	5.58225933977813	5.59359820330581	5.45843053730108	5.48437815925755	5.57941372305757	5.02822337387	5.14245757496054	5.29388955432673
5.52269070768831	5.56571504308078	5.53557784627756	5.54547345112619	5.48294986705479	5.41610213002235	5.40054060821664	5.47862950939767	5.43380846749981	5.35388716768424	5.41001737299492	5.22940806974737
5.49435925959944	5.55941036892798	5.58894051779492	5.50769031917781	5.26127341826023	5.40786961074141	5.47722505021468	5.44365084957878	5.48058007320091	5.37582381052648	5.63585125373697	5.26660418115005
5.52269070768831	5.50139958019957	5.42990050461363	5.49487397289375	5.52963149037865	5.51141257503432	5.46785823003947	5.490104116143	5.4443332366529	5.3974339179692	5.42016362151039	5.43133911844462
5.45814854377791	5.53391387534229	5.33944223515322	5.41550290037596	5.40998389097765	5.28742644669025	5.3555557189253	5.36484117648183	5.28955325292801	5.41024722335475	5.13632461217991	5.37279913986069
5.57774512687954	5.42025620791981	5.42257393968733	5.63583538868794	5.72287901984549	5.66447233516592	5.47722505021468	5.37105771576988	5.43908039450547	5.30442741857918	5.24864675359419	5.32949077975019
5.39060089551761	5.35627515868048	5.37022553257453	5.36006973269494	5.10588108089737	5.29636873021761	5.38569999094693	5.32697245755054	5.35234157525809	5.32260825031453	5.36346057988054	5.34696942260634
10.1534635329909	10.0989576546056	10.1746269462993	10.0019122249118	10.072281009678	10.0418019983079	9.93347108347317	9.99086838421543	9.95232227476467	10.0742270505699	9.90177428466198	9.94393083843677
5.24527792180677	5.3416659491666	5.45166082702559	5.388050900572	5.35058255210717	5.06493399571379	5.39066374095955	5.08393553907525	5.17426945885797	5.3974339179692	5.49887633745479	5.37279913986069
6.33367815857304	6.25370683648246	6.31117898946492	6.33172067191287	6.32744750728541	6.31612895296095	6.55990713707469	6.51531563696818	6.50666570261476	6.36530261275612	6.56249639311124	6.64915648359527
7.90648045813125	7.88569820799151	8.02380031746502	8.00453216424867	8.03820369967167	8.09978701394492	8.20703307504727	8.1179123145196	8.22450204546217	8.58112818554783	8.20199706772704	8.29233200520299
9.05439781139724	8.96351109455779	8.98541428180796	8.80355165686942	8.95947909194262	8.98526698542044	8.89269817596077	8.90810458530377	8.86532688521486	9.02587685098691	8.91954942515269	8.90822217263911
5.3828978029225	5.31947282880527	5.15738362544634	5.28766304676839	5.23337403972589	5.24187050026043	5.16024072375464	5.24137145883416	5.16158517438319	5.29064090123493	5.0863078680871	5.25739400945803
5.51565956494712	5.56571504308078	5.60197979939333	5.57012607202397	5.35921871278022	5.57164200580136	5.4393893512723	5.57338629046692	5.44956713083296	5.63802284430447	5.65747278278723	5.60857404545382
5.5085941659383	5.61518893224983	5.65924684268659	5.58229693227234	5.52963149037865	5.67824044994832	5.44417312574824	5.42584012547189	5.53577017605087	5.51679734918641	5.65747278278723	5.57184513672733
10.0803989766757	10.0758971920596	10.1011630397075	10.0438702481595	9.95786055605607	9.97105814505637	9.87048826957588	9.93329404340794	9.88224086002596	9.71977380240921	9.91555248575338	9.81951396781665
10.0955473083329	10.1060213533438	10.1089089835389	10.0194030676882	10.0069303539887	9.99915508126058	9.88180456455282	9.94535992684617	9.8921535844801	10.1398391342108	9.78112027194844	9.86928641445979
5.59118814125444	5.57824272453511	5.54235658677118	5.30976653274611	5.59695149386367	5.49595605151214	5.3555557189253	5.30766127157187	5.41252712082939	5.41449331033233	5.55982724974574	5.50329296712176
8.39159736379832	8.49635890037972	8.28106972032619	8.52809982114877	8.40013671891143	8.33677782896183	8.36019311843796	8.40829467855568	8.42499132351595	7.99012201072677	8.32894471645026	8.32698610303366
5.31166673769533	5.25857816447905	5.13964436279861	5.10601849487531	5.03230640202642	5.21383546815476	5.21158430044694	5.24813817248156	5.13587997834525	5.04471946111602	4.85966515384676	5.07031260724644
9.10635001329648	9.12574933296231	9.00029804614704	9.10672328237936	8.98489467655757	8.99080573522738	8.97497729870628	9.04066657163946	8.98085242936263	8.95528598473092	8.94135262349989	8.89933529550208
5.57097657756355	5.57824272453511	5.64040818166877	5.73186428784878	5.61149620957931	5.55681758318528	5.32994845357719	5.46124559534767	5.51594320690367	5.68098977210847	5.6531742117743	5.47175323015519
5.27885143821003	5.39216773919842	5.40036967343659	5.34587429967082	5.18565133355769	5.40786961074141	5.36062342708532	5.19310155797891	5.39635878736074	5.36708888506178	5.44522315672137	5.43133911844462
5.77327440936844	5.66889998961999	5.70831755606383	5.67615050133429	5.81377308850655	5.7053902255002	5.64873431101148	5.47862950939767	5.74618712037545	5.69153530275176	5.61831869431176	5.67242770024201
6.34564320730418	6.28848156363096	6.38480775598819	6.50821890001029	6.39215070286908	6.35527002313774	6.38893287005611	6.52373171015801	6.5291370825658	6.26283271273437	6.46024999580669	6.56179214236747
5.73743331338021	5.7263326100755	5.8352707834487	5.78551393893697	5.76253425587904	5.64357168654247	5.63204878654941	5.66739302892213	5.5553296850553	5.69503348824626	5.79261073597571	5.74022396375932
5.61770580704069	5.56571504308078	5.62771161214726	5.27273834119835	5.37633844410512	5.51141257503432	5.42977422749481	5.490104116143	5.4443332366529	5.44802203347792	5.2989676818232	5.46375996745232
5.61770580704069	5.66302947776496	5.8017363426887	5.48194336595095	5.74284236961521	5.67137274831038	5.42009496936148	5.47285798696854	5.5308387912122	5.59748492378123	5.71222362608311	5.69310183021512
8.90527851040378	9.02040927114232	8.89671833230882	8.96948637529017	8.88193419691635	8.88547315553999	8.85626809082989	8.86124967912595	8.89014931637085	8.87373539262793	8.75442773944366	8.80017572011642
5.50149417700032	5.44097145721061	5.41521019841829	5.53924423584024	5.42651859099748	5.26937506757889	5.40545395270672	5.37724775054379	5.43380846749981	5.46039821924562	5.64453862060917	5.38130793026571
5.69446583525945	5.64527385831551	5.62132136554657	5.56400210667279	5.6751991170191	5.69187894401288	5.65287584171439	5.61592159520108	5.48058007320091	5.57867696997833	5.47959491119984	5.41485294301214
8.28162695750857	8.24590369609906	8.21029568114249	8.26886146605047	8.32251956481933	8.28812463513936	8.35192034194031	8.42861698092221	8.35469468866506	8.19894264028053	8.34705901613465	8.39072606405158
9.03973070750162	9.05170142861179	9.02476811305855	8.91083597223867	9.00918231950244	9.03570681631244	8.98529998981421	8.92303707803938	8.91312781935155	8.71964472330645	9.04978636911665	8.93745586870333
5.5085941659383	5.54671816709863	5.58894051779492	5.37412772656413	5.41827478886722	5.38288812653418	5.44894118014922	5.41384369433592	5.49077211218231	5.59748492378123	5.68721087788361	5.40653908965394
5.59786318172926	5.62125609240585	5.69620483298961	5.57622427562097	5.58225933977813	5.63653726458237	5.65700556788992	5.62115179613147	5.66744826616854	5.61605193855662	5.81202903330769	5.80498780644254
5.42851482629403	5.46139512362017	5.52192454660171	5.46889645400364	5.40164535941425	5.57164200580136	5.46315204187358	5.40174727541639	5.4651564727141	5.4229483965227	5.55061533973232	5.38130793026571
5.84239991956663	5.67474680939068	5.99714053540275	5.7042752510429	5.91111098180021	5.67824044994832	5.88190926041498	5.77926556408573	5.77568776634064	5.63802284430447	5.93404358263901	5.86089714595086
8.11556596796124	8.16392756389057	8.1425938237653	7.95964792215065	8.06889646989312	8.06870059364568	7.97811458381054	7.97272537136051	7.81984819514967	7.53228961619952	7.96366188137344	7.9112686054547
5.59118814125444	5.52746907677578	5.56915898616029	5.49487397289375	5.60424209719446	5.51907949790641	5.48188587641287	5.58948366332661	5.49584140061356	5.44802203347792	5.64453862060917	5.62300889527935
8.95498054477928	8.9508917834575	8.89870563793992	8.98966381061564	8.98419470030954	9.00866121680129	9.06493648544086	8.9664143129573	9.06362393478118	9.27073929905198	9.12481426353077	9.12765006232138
5.84801410463304	5.91605299436841	5.87880803723526	5.92594628022795	5.96878165498681	5.99676228344778	5.88190926041498	5.88311081884773	6.11940731199873	5.8661937465116	5.9162049334911	5.95525239494137
9.1016501411772	9.11501620804432	8.99535383220876	9.06983255669072	9.19367105446196	9.17480610782409	9.34663636331589	9.32592506437005	9.35198682894795	9.28214548290866	9.36202947733417	9.39805691050913
5.69446583525945	5.58446619741628	5.62132136554657	5.65325083270862	5.66128298415266	5.87643272575056	5.7565982832292	5.67244101623588	5.69857953857821	5.61235751614996	5.68721087788361	5.67242770024201
9.541958111397	9.50816634822942	9.51178094773815	9.47753563117499	9.55448500305109	9.57351553478628	9.61662217350213	9.59028373157368	9.62794571266847	9.64381740988118	9.5538991899631	9.59437400066577
5.55734392596043	5.41328488788779	5.55581972336081	5.61820808552064	5.66128298415266	5.39959012896265	5.38569999094693	5.36484117648183	5.35234157525809	5.40598867766195	5.38433703712536	5.41485294301214
5.29535173393093	5.34898892580531	5.42990050461363	5.25005989319392	5.36780381129461	5.29636873021761	5.27733844610756	5.35859790619934	5.23608282736952	5.18036141292123	5.11776912566425	5.21995840623341
5.40588552057563	5.52746907677578	5.50120050214209	5.2576587629824	5.4509726680662	5.57899775279607	5.44417312574824	5.39566105014921	5.38547896903947	5.45215917002903	5.50842177275071	5.48760882310916
9.68863047062656	9.71883369157689	9.68912508631289	9.7249032194133	9.64849204145779	9.60139008875708	9.55503052885897	9.58492824013082	9.64891646714369	9.84377412947844	9.4831602013322	9.52673642292932
5.53665153520605	5.42025620791981	5.58237662310241	5.56400210667279	5.35921871278022	5.39126314913052	5.47722505021468	5.43773819866511	5.38000832801747	5.46450026401418	5.59610043907905	5.65847919677189
9.52713740237892	9.53981017390903	9.55736376336159	9.51937886301332	9.52157620399232	9.4830724057724	9.47992739987258	9.51413954985144	9.41136139397477	9.63175096907531	9.53470867990298	9.40539872973496
5.96114426333147	5.81373520030937	6.00207222590849	6.21523352405035	6.34062199633139	6.35955430334945	6.8795926558944	7.04612001736988	7.08556963280141	6.87339444003337	6.70449683943923	6.94514100926489
5.4210108621681	5.50796102000775	5.58894051779492	5.50769031917781	5.33315460538818	5.49595605151214	5.34536693340631	5.25487353117467	5.35234157525809	5.49690560934344	5.47959491119984	5.42311944152782
8.89580812710182	8.86060952769266	8.88473666825503	8.8421103420091	8.90874022575329	8.91490503308645	8.84633561293171	8.7242577976059	8.85646305652804	8.85466487958643	8.65506678211151	8.86323005989933
5.35167009136774	5.40627992013465	5.3625906741581	5.33153873164015	5.31551498364698	4.95647472697334	5.30388158933845	5.18607317803203	5.3579172615319	5.38450649516876	5.51790479178077	5.25739400945803
9.01744662953491	9.02442980621947	8.99720989856291	9.06603677211051	9.07311639146399	9.00866121680129	9.11393052138252	9.07258571372162	9.13295938706872	9.21047947253499	8.95278924119647	9.02448963417227
5.45079666130891	5.45461912910824	5.73224328237407	5.53924423584024	5.47502140581175	5.4803330353714	5.63204878654941	5.37724775054379	5.43380846749981	5.64527306964843	5.60947222416109	5.52650566697626
5.4210108621681	5.55941036892798	5.68398996717379	5.61820808552064	5.55242060291158	5.57899775279607	5.59378873328204	5.69245888339776	5.69417296575669	5.68098977210847	5.90539521936595	5.82386520941543
5.27885143821003	5.43409917950608	5.40780890388413	5.26521811032058	5.31551498364698	5.32286999351495	5.26658392110767	5.35232767554607	5.43380846749981	5.43971220202301	5.42521026837038	5.44764009613483
5.59118814125444	5.45461912910824	5.38537584488131	5.42903660700007	5.69582583258143	5.33159738172739	5.36567350948379	5.42584012547189	5.41787678609738	5.26736863264734	5.12398060752523	5.32949077975019
5.87025557983718	5.86067526130858	5.76740667192248	5.91153540074303	5.97442427535421	5.77111822469822	5.77951493057094	5.75090425028249	5.81275483140518	5.71239880257076	5.92693449220692	5.90884369838982
8.74574470119832	8.85481513731614	8.78440683484833	8.7238863599341	8.85538641128842	8.84705515308161	8.73574007010232	8.72303943244995	8.76153252214852	8.67241722516428	8.62678705546011	8.64667749275899
6.38482597302808	6.41977167014012	6.42210350937224	6.04517024821985	6.05652413684452	6.00771702382168	6.02946838432013	6.06313326676604	6.02423405396745	6.09804145274267	6.22820984194215	6.0384490391767
7.46189440475253	7.547091459283	7.57291077435874	7.65923939267126	7.7739982306908	7.76688785217676	8.02689604591059	7.87957179366941	8.02097155940791	8.36766542322624	7.94616367523319	8.04485989489374
5.19341744847438	5.32690827907573	5.0570287285544	5.17180346168662	5.35921871278022	5.37446450709903	5.20596814940525	5.35232767554607	5.2660311483294	5.11411963108705	4.89635030251274	5.0807821001035
5.47998326034205	5.44097145721061	5.54235658677118	5.53298814322517	5.4428670148041	5.47245797027796	5.536677894391	5.46706341024693	5.44956713083296	5.43553937162195	5.62272176065318	5.43133911844462
9.90031155582616	9.8592252677745	9.88495690400585	9.80581676091651	9.79378511211813	9.72160270055026	9.67365054725991	9.70704075759163	9.71769338356323	9.30296902934486	9.48103515034528	9.6962312425131
5.5085941659383	5.36352501230953	5.18359347168778	5.30976653274611	5.57485703775417	5.62946852677751	5.38569999094693	5.35232767554607	5.51594320690367	5.52860273074498	5.24294645145089	5.43133911844462
5.40588552057563	5.48153525700388	5.34719945495933	5.32431753287668	5.27045545943643	5.50370490394835	5.28801396182481	5.24137145883416	5.38547896903947	5.44802203347792	5.41001737299492	5.33825639612741
10.009721151617	9.92060869681796	10.0367490505522	9.9451811261007	9.91699975737773	9.90878537393459	9.83804875374502	9.87552121172762	9.88466488521568	9.91708038838081	9.82510477240866	9.76225574586671
5.53665153520605	5.52746907677578	5.56250469704843	5.48842307850879	5.41827478886722	5.68507574748055	5.36567350948379	5.54615362451988	5.41787678609738	5.40171760037291	5.37914599891054	5.32067193911132
9.75896962666152	9.7914107760579	9.6875932873268	9.7588904463673	9.66212308775835	9.74104157683649	9.5745789626109	9.64373901217376	9.61894728266583	9.68251615411418	9.43848920151003	9.50395568864368
5.99190647760567	5.77069328834479	5.79038332291338	5.78023754507614	5.94598848565874	5.85839588395378	5.70964744670869	5.55164123495614	5.76732016047205	5.7498850536132	5.6531742117743	5.9891073795967
5.35954021044732	5.33430585877815	5.4730996050719	5.36711574405782	5.31551498364698	5.3659917271723	5.3143645345622	5.20009613718884	5.15520132049357	5.33161403609346	5.2656147428163	5.17176645365276
5.66932833424368	5.67474680939068	5.66547235413856	5.70983526062209	5.70941558689379	5.59359820330581	5.5500584172166	5.61592159520108	5.66294582299668	5.54419520259038	5.60502865627852	5.38130793026571
9.24173428868615	9.12146565995265	9.18750716274099	9.21401387025531	9.21590331128218	9.15767304563359	9.08695987153268	9.10895355532918	9.07470621160089	9.29346219700499	8.9671756023701	9.0333173150482
5.47998326034205	5.60909626505861	5.73816346164375	5.66474591095095	5.54486396113634	5.45657841762267	5.40054060821664	5.51278453316867	5.51594320690367	5.54031277618148	5.60057142255939	5.51107189060868
9.09516271601364	9.12788640937333	9.09693697952378	9.38306555067417	9.24131758285815	9.20311551986075	9.45370101309354	9.47450540397042	9.43636147792145	9.19323243849962	9.32662663408456	9.39805691050913
10.0762126353128	10.0672927959825	10.1285172709176	10.1331321000846	10.0646861517738	10.0685668163239	9.96322960266036	9.97073386318118	9.97570428134808	10.1417669427365	9.95764389006259	9.95755128637082
5.6437469540198	5.62125609240585	5.63407380278756	5.46232872979715	5.60424209719446	5.76467805824282	5.60665463988015	5.52399310228897	5.62641353850471	5.65966558260078	5.68299977081797	5.50329296712176
5.78502697160518	5.90115891684539	6.03613112610452	5.84737473560412	5.87537202036227	6.04009207148097	5.84254222686444	5.88746112404606	5.75467738214095	5.89386716155113	5.96213570337513	5.9891073795967
7.48733608273841	7.57398459509152	7.53933968743267	7.52349497958996	7.50599820534172	7.6666500579275	7.59488987506555	7.62425547657298	7.66038437965955	7.43713648694076	7.79504068414485	7.6485862032006
6.19947907534667	6.09689370492451	6.41841695853572	6.2840090267758	6.5212004497283	6.33800474035729	6.36890405607378	6.48403029527365	6.37502963528675	6.3871195893337	6.29602984558633	6.42409471444755
5.66297520926168	5.62125609240585	5.76740667192248	5.74275440961634	5.55993806245028	5.52670609893889	5.68962631541506	5.66739302892213	5.72474110656055	5.79297109894533	5.85759697774281	5.87303352566151
8.10503792395118	8.12594324983835	8.20602238653323	8.25082308376756	8.11054167661869	8.11254459206651	8.1778091453555	8.13724895195691	8.2275605356427	8.49024214170321	8.37675312761078	8.22517132833201
5.49435925959944	5.40627992013465	5.42990050461363	5.47543457800191	5.36780381129461	5.31408984894545	5.34536693340631	5.29464303713827	5.37451699378267	5.36270163609649	5.30445282141506	5.32067193911132
8.8025963358968	8.95209838930993	8.8726546667802	9.01744638144794	8.92997753060833	8.86902599289322	8.98940847463067	8.87722022716951	8.93387470908671	9.13248369761566	8.97409950591568	8.86931069406229
9.55103659752823	9.53699852254278	9.41466488907075	9.56888290491787	9.49921243350776	9.53090476768469	9.64788951553844	9.55237097269688	9.55433600033734	9.28476492217917	9.59293731811981	9.54109146454993
9.00365718088921	9.08947455028423	8.92883978113191	9.07685548521513	9.06121812466889	9.07012478222962	9.1022165648507	9.09818612620112	9.07258160529739	8.65317479638659	9.08379250156137	8.99628932062726
5.55734392596043	5.62125609240585	5.45884234518476	5.44244526049893	5.52195482504031	5.47245797027796	5.42009496936148	5.47285798696854	5.40176826836548	5.37582381052648	5.5131710335081	5.61580944255075
9.06530110952767	9.06960026620805	9.01808011238559	9.06005171741536	9.05323108127581	9.05301843034942	8.94101523496502	8.9628059309206	8.99123737627115	8.81212360204375	9.00991467280571	8.92801973577455
5.74346877196064	5.57199241685514	5.94175242332501	5.74816891389495	5.7362184492303	5.80916900680346	5.63204878654941	5.68748028977765	5.63563332180938	5.70200461642517	5.74895100967326	5.74022396375932
9.7299503502517	9.69812796207766	9.74284516600278	9.64136877007388	9.70055658568366	9.73445344946734	9.6054228326199	9.63372402560371	9.59250023713885	9.52181406379922	9.28651402085428	9.58562911380075
8.4919816977011	8.54754485315698	8.49583734127101	8.59359737146559	8.66935099564681	8.66330387313921	8.67377661938186	8.62142376223427	8.70340225179827	8.65632482567555	8.63936381184025	8.7639169627506
5.28712500836382	5.3779170131914	5.18359347168778	5.19572571547588	5.10588108089737	5.24187050026043	5.30913251793583	5.17191370905622	5.31270061320969	5.17036460000606	5.13016569590791	5.0807821001035
8.98144412434607	8.92777243172793	8.94431559162397	8.89991129055076	8.86985864695695	8.86977767280207	8.83222276234771	8.84341938397592	8.79645198851972	8.89332015864167	8.85115038536426	8.80731939270269
5.55047922380288	5.50139958019957	5.51504938526159	5.59436645070246	5.65427446872651	5.33159738172739	5.49116283959808	5.47862950939767	5.39092907125532	5.36708888506178	5.60502865627852	5.21995840623341
8.85589767533862	8.89740309936637	8.70940188618908	8.85096100489827	8.83999400097425	8.87577705507536	8.94271127208766	8.95348558098522	8.98718259900083	8.47859513761224	8.891023703517	8.91485159087336
7.33351391186827	7.26202493664421	7.43184158910002	7.48665458752993	7.58197584321907	7.65448881990999	7.78271148126373	7.74680331842203	7.70714566689378	7.42452494144766	7.8336173730878	7.93174982520559
8.80332012966868	8.84510580428747	8.74959555764135	8.91506221922404	8.79600056413145	8.7637754074512	8.750339755264	8.74180944191695	8.77204501803272	8.60321569547748	8.7016970863271	8.66252077796734
8.73136489897502	8.89740309936637	8.60210257362371	8.85033061211837	8.60615404587293	8.71441403417258	8.73818363350164	8.73336288847796	8.66443438575049	8.09797574062541	8.74636194435403	8.59990579949348
7.73045417722475	7.83558832585133	7.71500596926944	7.75260011460598	7.75934613801607	7.68896685949752	7.6735884717718	7.62946653745899	7.69725216397508	7.57381011876363	7.54834316476862	7.58165869877545
5.57774512687954	5.45461912910824	5.65299446521068	5.49487397289375	5.63304319274175	5.54184000800363	5.65287584171439	5.62115179613147	5.60779610867002	5.60865365181713	5.64020144774132	5.56438634099127
5.1577870511295	5.2817137620524	5.40036967343659	5.20361315653321	4.98853330698462	5.09595780834267	5.20596814940525	5.00632894777033	5.23001840347955	5.20015125656524	5.24294645145089	5.0807821001035
8.83834845044855	8.80893521937954	8.75837743606817	8.88459956700389	8.8023680690192	8.78305660651548	8.85626809082989	8.87557627563805	8.84306436437075	8.22584639972641	8.90331813784069	8.70733659227943
6.7304143579858	6.83240339277149	6.95996516775958	7.31637815827037	7.14690800297591	7.10482911663296	7.69889565026686	7.71283857207496	7.72889136303224	7.51256305176312	7.94792307556955	7.89347888195733
7.77540828454351	7.7890866808555	7.89168401161511	7.82496762103244	7.8891427837788	7.91987620178558	7.88944511912251	7.8032309333631	7.93002585393299	8.24987653257182	8.00481159729545	7.88450109293582
5.96114426333147	5.9111053159663	5.91062245711499	5.98678617763495	5.85104611488894	6.05601183134039	6.00697667502481	6.00424451561378	6.04516219563091	5.9938804000952	6.21074569435698	6.09655539095496
5.45079666130891	5.38505986308096	5.34719945495933	5.27273834119835	5.32436157259978	5.47245797027796	5.28801396182481	5.38341150443607	5.41787678609738	5.22934006000327	5.23147834754224	5.2387967091297
5.60450762147066	5.43409917950608	5.65924684268659	5.45573113765983	5.71616294717467	5.65057212279035	5.37070608752133	5.58413771069657	5.4754570724074	5.43971220202301	5.49887633745479	5.27575635091636
5.40588552057563	5.40627992013465	5.27584635147301	5.34587429967082	5.28864730156633	5.48816557768424	5.34536693340631	5.43773819866511	5.2837083272575	5.28601617019535	5.29346175449143	5.41485294301214
5.40588552057563	5.43409917950608	5.37782045179074	5.44244526049893	5.22395397635191	5.48816557768424	5.30388158933845	5.33970540084524	5.35234157525809	5.49690560934344	5.35290869566693	5.27575635091636
10.504687625472	10.439649660343	10.4196752869211	10.4746740429196	10.4795985074849	10.4853436754383	10.4688709523207	10.4834973576128	10.4520304760315	10.4405750108237	10.4295799686324	10.3914587558519
5.2537442883501	5.2817137620524	5.24297319272713	5.28766304676839	5.35921871278022	5.31408984894545	5.20033022481126	5.31412690123418	5.18684410065251	5.12967599728731	4.90357805161874	5.03844495575201
9.60848681693715	9.65987037573273	9.63452012586763	9.78946694867648	9.62802497996786	9.58408896108203	9.66160013241772	9.63534405567547	9.65773046743832	9.95959539858623	9.72834919544928	9.52769788216498
5.47998326034205	5.52746907677578	5.56250469704843	5.40184180030726	5.6751991170191	5.51141257503432	5.324772369705	5.46124559534767	5.34674439716502	5.36708888506178	5.55522861127142	5.57926575082089
8.62402546863356	8.69319957390059	8.68964260316127	8.61453793543288	8.65094550037593	8.55437380985575	8.53788304319157	8.5856733153103	8.54630996766319	8.99315021381186	8.55125020739991	8.45884285633695
5.54358186376683	5.72069074760476	5.91062245711499	5.53298814322517	5.64015490678602	5.62236513818342	5.5980900713053	5.52956506498007	5.64022130803229	5.66680857727316	5.82737828785405	5.78586099539869
9.16102113124768	9.12895376166499	9.24435440628218	9.26125575254022	9.20272546270448	9.23788414881577	9.17436655060559	9.1905549163727	9.24398476067774	9.48659944637307	9.07496331595984	9.21499838908469
10.0914047561233	10.1173593863066	10.1768123080572	10.0654871380435	10.0847420950909	10.0649610936739	9.95064135085871	9.9430071373591	9.96886647045989	10.4054349153188	9.90041191669222	9.99314006817012
5.70687287396757	5.8242986602901	5.67784369178177	5.79077117376808	5.95172053171241	5.93498187245419	5.84254222686444	5.90043412030759	5.73764678730875	5.69153530275176	5.71222362608311	5.74683226215349
8.79023595950706	8.7274263301357	8.89539193949387	8.82681030411669	8.98068971591872	8.94660137647722	9.04019721449011	8.9267461770815	9.07894606103254	9.19168245131432	8.92937939458817	9.13587031004546
5.10265021131458	5.25857816447905	5.24297319272713	5.21926084632803	5.242733456904	5.1755943126546	5.17755739941312	5.15041270723307	5.02826507490782	5.09311580412009	5.0476346510024	5.09117686928986
5.42851482629403	5.28934449131182	5.58894051779492	5.47543457800191	5.27045545943643	5.26937506757889	5.28801396182481	5.22774279843997	5.3579172615319	5.44802203347792	5.45018354540071	5.3897671397038
10.0228318868332	10.0087734004222	9.96711617943425	9.97208802080973	9.9305067967385	9.92984303917926	9.88025659307356	9.90831935442308	9.91841703167652	9.90748100250976	9.67490298087683	9.84055827759009
5.45814854377791	5.49480832091758	5.4730996050719	5.40184180030726	5.52963149037865	5.34027263956585	5.35047026234422	5.35232767554607	5.48568504453459	5.41024722335475	5.63148796052236	5.43951249810274
8.73136489897502	8.82877695485801	8.61424729755695	8.9059907678967	8.84617068500156	8.85466915816058	8.63496492069939	8.65247491608859	8.63017465395587	8.25937763582627	8.2675712398006	8.37050539635506
9.31817022428895	9.218915111764	9.18098980395586	9.13132229865048	9.19669550871857	9.103740773929	9.08695987153268	9.06443139563414	9.1007946416385	8.83176093114361	9.28059177481617	9.06014549143912
5.65659410244978	5.58446619741628	5.61490281556846	5.68746601151892	5.61871419284147	5.59359820330581	5.48188587641287	5.61067245008894	5.53577017605087	5.55192900534852	5.66175863811087	5.58664857034283
6.16838506725249	5.96462094884126	5.13069297911175	5.53298814322517	5.45903328912189	5.28742644669025	5.73722007516343	5.92180062865964	5.24212205803519	5.10365559213119	4.81439173073282	4.92688834337181
5.88671521325745	5.75972986815838	5.77318510756228	5.76429200518399	5.71616294717467	5.68507574748055	5.78707391395545	5.75090425028249	5.67641139040481	5.7363656889442	5.89814361956211	5.75341054156786
5.98682465478718	5.8242986602901	6.06940640903551	6.03634005268444	6.23640783062329	6.14305603812574	5.94410390642187	6.07844023124786	5.88802294060154	5.97959917080632	6.12633497587153	6.13739462712101
9.18454644754785	9.15328741872049	9.08185652738923	9.11881350790885	9.09208179236963	9.05301843034942	9.06181840451938	9.08875737589409	9.08443930336426	8.63777605681697	8.99126527125305	8.9731842016267
9.35516818790668	9.36603267952129	9.35174058091163	9.34419119100191	9.34364133163377	9.34501683470545	9.27405905036043	9.27112534771021	9.25826269380956	9.47772342854447	9.11740645925527	9.13964853123561
5.23676195475171	5.28934449131182	5.23463740786969	5.16374114900404	5.04304731783963	5.1560900013489	5.08883685778394	5.11385632560408	5.06275663337189	5.26266911856832	5.16673416985464	5.1320293706025
8.04265756498826	8.04231181901075	7.95161675849967	7.97476499852141	7.99993534477978	7.99620626674182	8.0244957458983	8.02408152199917	8.08138618811086	7.77100855475806	7.97405984850837	8.05689736376159
6.32161321474787	6.21003584322107	6.19964214848548	6.32084927145797	6.30521955959079	6.27589819563314	6.4062331945281	6.50685024403253	6.32168582689603	6.29318878650987	6.58074559129602	6.61339463432258
5.71303676640476	5.65121660759813	5.70227385592123	5.60633629330724	5.64015490678602	5.74518389680015	5.58514757269098	5.57338629046692	5.64479481304409	5.64527306964843	5.49407995726126	5.43951249810274
5.21957888861893	5.17868692228371	5.10350372572645	5.21145804915903	5.04304731783963	5.07534886582879	5.1718080461601	5.18607317803203	5.11629867835064	5.22934006000327	5.21991906028039	5.10149796399455
5.31166673769533	5.46813961715275	5.54235658677118	5.61820808552064	5.4509726680662	5.40786961074141	5.41523102302471	5.34603025220042	5.43380846749981	5.63802284430447	5.59161562114103	5.45572241965661
5.83676387412984	5.73195257965194	5.86804588633739	5.68746601151892	5.80113238093493	5.78391325499307	5.83526810799926	5.93447071264372	5.76732016047205	5.872389286277	6.16915630495619	6.23941216983713
5.37515361769096	5.47485289962746	5.5757828697506	5.3811060052565	5.43471582627639	5.28742644669025	5.2171788441397	5.47862950939767	5.27194746616635	5.28601617019535	5.35290869566693	5.42311944152782
5.26216162454057	5.25857816447905	5.24297319272713	5.30243600626749	5.27045545943643	5.29636873021761	5.27197113226048	5.15041270723307	5.27194746616635	5.33161403609346	5.23147834754224	5.10149796399455
9.51525858763062	9.56723570133753	9.48381181143431	9.44908914746146	9.59859997755283	9.51897473689878	9.51340974042171	9.53372939287168	9.4567060626752	9.32604178607818	9.35475281722998	9.42410790331462
7.81326691006911	7.90202212273804	7.84435498581372	7.6549143972513	7.73957567802004	7.66318586368507	7.51621346560654	7.35217295083205	7.60030788936484	7.25918147872029	6.82614609357623	6.99324990541154
9.83349830963138	9.85568354995492	9.82839096400806	9.87718109397265	9.78737939700536	9.80845918438009	9.79832064283262	9.82047404281721	9.7957580280517	9.91445161662189	9.77741425767927	9.65238549516076
5.7006826386586	5.55307815707275	5.77318510756228	5.55785216205161	5.70263664729325	5.71877663632571	5.59378873328204	5.50714759366177	5.52092542187667	5.73975738072733	5.60502865627852	5.67935191185605
8.8475006828778	8.93083570139043	8.99597278634034	9.14114874607976	8.99674260548414	8.99425668708077	9.13151093913619	9.04017747591383	9.09159135938804	9.35651916619424	9.02291075792442	9.09947494240156
7.75160715069541	7.78096230537953	7.89168401161511	7.78594497970187	7.76913071149378	7.82849689702705	7.87264034358401	7.86969676475767	7.86473726022663	7.99439543106275	7.63279681819882	7.82004215357375
5.29535173393093	5.2817137620524	5.34719945495933	5.26521811032058	5.31551498364698	5.25109664140691	5.48188587641287	5.37724775054379	5.38547896903947	5.38450649516876	5.55982724974574	5.55688897059463
8.57908731286311	8.66698590361387	8.44687951043458	8.62563231310604	8.43845606158607	8.41610550796881	8.45771473324472	8.48361063119209	8.45531256788406	8.25344678199882	8.4861433304341	8.2968505492196
8.70371955490703	8.76978308243277	8.61746869940014	8.75183356324388	8.64120999773468	8.62017762471651	8.62020331303358	8.58968961449223	8.60980756587906	8.4663406619912	8.6674004659829	8.52581427367773
5.36736790185349	5.49480832091758	5.53557784627756	5.50769031917781	5.29765851795742	5.58631636150457	5.49116283959808	5.42584012547189	5.43908039450547	5.43553937162195	5.56441134724101	5.17176645365276
7.81038971177733	7.89074064819989	7.78686290660476	7.88528863981068	7.89063755413445	7.84998667507609	7.88856551946715	7.8419061520299	7.80661594543797	7.67931841758533	7.86747605862864	7.83409924426077
5.76736216081466	5.87090283749284	5.93145000577865	5.76429200518399	5.77551496279136	5.99676228344778	5.97091043491942	5.83437400600291	5.9298744281156	5.95645184156698	6.14484248482972	5.95525239494137
6.16388796477442	6.11422449950925	6.23359667957022	6.10128862677842	6.25508031477951	6.34234043844572	6.07342894050798	6.19187540479115	6.2271385526898	5.89081834061051	6.08220666229029	6.16728443835633
8.92203682124959	8.91359701097191	8.86725223960994	8.92167855288712	8.76943345278898	8.88398568255567	8.83130749786643	8.79263789023493	8.89063178703432	8.57019492511005	8.84596989184245	8.70393821376892
8.98016441773578	9.02385612957399	8.99844595091347	8.99252340292616	9.03982029147594	9.04837800766896	9.11393052138252	9.01052409677984	9.09536343709425	8.94869401133552	8.94355902517668	8.94179027860204
5.55047922380288	5.38505986308096	5.30799227671746	5.31706025320184	5.29765851795742	5.51907949790641	5.29332244974802	5.35232767554607	5.42851731726511	5.43135450680836	5.29346175449143	5.1320293706025
6.63285606693097	6.81924443470952	6.53536476364794	6.55536694438253	6.48605501394309	6.62102187217757	6.6268071737351	6.49833495066376	6.53901324413651	6.38278246712518	6.6054676073658	6.44051229953455
8.78438246653776	8.84834951410004	8.76202083437146	8.94193928925899	8.76046791360491	8.77986091420502	8.75227526517206	8.72972774445418	8.73652241229014	8.55484427930169	8.97841013236259	8.60173302888268
5.22819580710161	5.25078372469875	5.26769750682285	5.15563391049415	5.31551498364698	5.09595780834267	5.26658392110767	5.36484117648183	5.19309088986231	5.2050569269442	5.20240597918978	5.05976731918352
5.35167009136774	5.1868764738003	5.42257393968733	5.28021985542808	5.51423730448368	5.23258542792171	5.36567350948379	5.49580755755335	5.30117303361859	5.30899400347859	5.33693569357055	5.2387967091297
5.86472717170133	5.79237418906474	5.90536838903427	5.91635499174495	5.82005229064685	5.96900689285204	5.82428792751146	5.78393890719467	5.74618712037545	5.94473779761422	5.97253119381766	5.98351961638935
8.96536562403779	9.02213372971238	8.97666064603518	9.1119923557368	9.0337445257967	9.04771387006777	9.09460838506338	9.04749655916897	9.03597621844292	9.30182001693932	9.09415780701279	9.02448963417227
9.20056909906596	9.20075704615186	9.12493635401447	9.22864065362333	9.25124288903771	9.15520877134301	9.22785851975123	9.22453088094217	9.22612748128176	9.02518080674338	9.11584206306831	9.06412703420496
5.62426009769471	5.46813961715275	5.65299446521068	5.54547345112619	5.76253425587904	5.7053902255002	5.3757212813567	5.67244101623588	5.48058007320091	5.48079342641056	5.25998072826686	5.43951249810274
5.76736216081466	5.7486828074018	5.59547482176937	5.68746601151892	5.74943612987257	5.85839588395378	5.61516889357742	5.75566988002839	5.73335765950373	5.57488591601284	5.53201405042265	5.79226471646204
5.26216162454057	5.21117203216449	5.15738362544634	5.34587429967082	5.27957984911614	5.22324067260294	5.26658392110767	5.16478195478864	5.15520132049357	5.11411963108705	4.85966515384676	5.15203355295805
8.21029156260035	8.33276513602992	8.30624089979954	8.25273251554457	8.39065986492472	8.41301474526508	8.76862310129149	8.67847865666138	8.80005200000559	8.99492872125533	8.83269862727755	8.78336829766217
6.46014104141632	6.5142282995903	6.73236021082768	6.7837211483287	6.57794026905853	6.6030622151825	6.86714782244981	6.91145507156157	6.78917114962463	6.73898287291111	6.92411165818963	6.9480157598128
5.42851482629403	5.46813961715275	5.48017603150194	5.45573113765983	5.53726772859754	5.29636873021761	5.42009496936148	5.39566105014921	5.36900481019195	5.49289431190172	5.2989676818232	5.41485294301214
7.87928043566427	7.99743697145883	7.76959332429653	7.86546049605682	7.81550948430846	7.99345006897548	7.93871616860773	7.83965960818009	8.01124356042428	7.57761244431218	8.14101133051747	7.88299934913607
5.74346877196064	5.67474680939068	5.7143361430224	5.81161126352266	5.72956409260827	5.72542372957245	5.57208846900998	5.70236502895938	5.72474110656055	5.62341264843007	5.74895100967326	5.71348504003008
10.1119995839097	10.0689621728231	10.1762662778809	9.97556090758318	9.8899740385237	9.90768777928001	9.8848955336743	9.9123337815053	9.8411458438282	10.1022177252289	9.80825284125513	9.85480232394563
5.34375708521554	5.38505986308096	5.2262535504972	5.2950683030448	5.4509726680662	5.42428821340851	5.32994845357719	5.36484117648183	5.2837083272575	5.38882844051261	5.2879348823827	5.34696942260634
7.30722481959718	7.32483884530291	7.38157838306105	7.47688735711572	7.38183708305951	7.44048619911115	7.75980652401019	7.79629697726719	7.78290361092338	7.74249992971335	7.97319620738079	7.9112686054547
5.79086767107023	5.68057012674938	5.77894057414489	5.67615050133429	5.94023363980989	5.64357168654247	5.59378873328204	5.7170983648168	5.66294582299668	5.69852324602175	5.93404358263901	5.93802310153576
5.39826332659738	5.30448676240348	5.17490921827272	5.20361315653321	5.26127341826023	5.1560900013489	5.20596814940525	5.24137145883416	5.16794114031948	5.23414839544239	5.07353054161894	5.19123527189872
10.6260466027384	10.5958348589082	10.6699938989967	10.5675407419115	10.5403831975958	10.5048308637467	10.4141425140589	10.4483552171048	10.4271362749132	10.6646015308915	10.2795825301285	10.4032938361664
5.29535173393093	5.39924098026484	5.46598848958482	5.2270219938773	5.35058255210717	5.32286999351495	5.34536693340631	5.38954919827866	5.2837083272575	5.29984643368744	5.13632461217991	5.34696942260634
9.43439891564471	9.3619531717192	9.42020957364158	9.3895886167624	9.35343141069886	9.37709269327035	9.30570584964018	9.34268130216251	9.34002494464463	9.45102210707038	9.28720916013963	9.26716592767186
5.47274147619241	5.38505986308096	5.52876726587928	5.47543457800191	5.27957984911614	5.41610213002235	5.40545395270672	5.43773819866511	5.43908039450547	5.54806726066024	5.73274260514851	5.39817733910468
8.49287930557633	8.44757391279334	8.4791117894028	8.3097885446111	8.41890570802969	8.38173741564758	8.34038685256973	8.35580721110516	8.32430303837488	8.27877826718253	8.21228141795318	8.32256109852171
9.15876048823989	9.27205709364879	9.1412550124368	9.09559519222829	9.1512728831582	9.08638410534223	9.07965603305758	9.03674915542564	9.05933875052923	9.26101697534596	9.05714117671654	8.91632066726623
5.34375708521554	5.37073884584758	5.10350372572645	5.33872420409339	5.37633844410512	5.44052313532389	5.20033022481126	5.17191370905622	5.3579172615319	5.08781716318181	4.95319449739074	5.10149796399455
5.47274147619241	5.44781133966048	5.40036967343659	5.56400210667279	5.53726772859754	5.39959012896265	5.44894118014922	5.40780808678429	5.39635878736074	5.45628454317504	5.47473423926434	5.43133911844462
9.52318865477065	9.53216576378693	9.42343415945844	9.51540780023028	9.44224743347072	9.48895543952637	9.46643172642053	9.4157654272166	9.43669190307596	9.27952127911622	9.47890696466405	9.34286195946973
9.26451517658649	9.15800071955256	9.21700735634196	9.11828994732973	9.16924442367842	9.14282386521142	9.10031827793718	9.09395081229813	9.08738856265516	8.7678737438926	8.9448812483647	8.96184711085505
6.80455548136762	6.83502085452546	6.81040717878445	6.98544520798229	6.9545520207184	7.08166416813921	7.65301824641126	7.61509059423046	7.65698558280308	7.5234460150725	7.97923086816485	7.71761067843004
9.65734543522091	9.62322414135945	9.50701217705586	9.71835414035747	9.52012821685438	9.58546240827509	9.49040187019568	9.49249350668754	9.52666593160506	9.40012180655995	9.50782331936636	9.4272026462
5.3358007251403	5.25857816447905	5.42257393968733	5.39496272842821	5.36780381129461	5.28742644669025	5.3555557189253	5.28808991335299	5.45997861557949	5.36708888506178	5.49887633745479	5.49547209542896
5.3358007251403	5.31947282880527	5.20080796226739	5.28766304676839	5.22395397635191	5.08568979245654	5.16024072375464	5.09897278632386	5.12938210376564	5.05017691772216	5.14245757496054	5.03844495575201
9.94691125202417	9.95922658534618	9.84840802593224	9.93481157975465	9.93630873975702	9.96509113868943	9.90634885555148	9.87689137885967	9.919363115527	9.5411749047017	9.81766604733377	9.87118143603658
5.3828978029225	5.40627992013465	5.40036967343659	5.50769031917781	5.31551498364698	5.20436903370112	5.3195777740249	5.44953950445945	5.14234897095174	5.52467827257121	5.37393633241897	5.39817733910468
5.50149417700032	5.53391387534229	5.52876726587928	5.61820808552064	5.42651859099748	5.67824044994832	5.72152862091886	5.74132568103245	5.73335765950373	5.77984988722154	5.66175863811087	5.65145426114631
5.87025557983718	5.81373520030937	5.96719201131333	5.93547440927375	5.96311694007894	5.96339133582503	5.88543554714933	5.79324058162557	5.84094259858407	5.68451348576197	5.99650071697821	6.04382896999657
10.4615492220173	10.3906529978392	10.4261197037275	10.2929147891227	10.3270298878978	10.3539760919312	10.2472976643282	10.3024249277716	10.1944981081431	10.2591901176031	10.0300304790494	10.2660005581857
9.53063835000567	9.5293391604326	9.62053973613897	9.58791600048618	9.54026897180726	9.47469682760818	9.42334928191957	9.3725160965741	9.44722574792691	9.90388836717416	9.38234114665978	9.38060192014559
6.03193085344789	6.1566639004773	6.24196213629082	6.18757811993811	6.05119344334804	6.10784654079055	6.25621813950749	6.23007876074729	6.26629724900085	6.19272617826323	6.4126588427996	6.36941140307536
9.4947925841494	9.56289829693515	9.46336871419524	9.55269874308295	9.47500256597101	9.49870749801451	9.50940975860302	9.44635750291291	9.48029811820976	9.31867585037615	9.41610084448385	9.42307484538858
5.53665153520605	5.57824272453511	5.92627115680806	5.59436645070246	5.63304319274175	5.7517111532867	5.536677894391	5.57338629046692	5.54558291358227	5.71584702123861	5.85010124494793	5.73358537220743
5.50149417700032	5.64527385831551	5.60845571152373	5.80642929811335	5.63304319274175	5.68507574748055	5.72546745175807	5.65214266958139	5.65389874151787	5.69503348824626	5.82737828785405	5.83010336620884
5.23676195475171	5.25078372469875	4.95938081640817	5.16374114900404	5.31551498364698	5.26937506757889	5.18328411887087	5.26157782199651	5.19309088986231	5.03924148740654	4.94620886883128	5.0807821001035
5.37515361769096	5.44781133966048	5.56915898616029	5.41550290037596	5.35058255210717	5.33159738172739	5.30913251793583	5.30766127157187	5.30117303361859	5.27672231328189	5.29346175449143	5.32067193911132
9.06711034164197	8.98606918905527	9.05121433317849	9.05568330267223	9.05789556175384	9.04571962096764	8.88301418790704	8.86401586483075	8.9450666950277	8.65857064335736	9.01495931200064	8.93238254410483
5.70687287396757	5.86067526130858	5.88949074642868	5.83215559817954	5.78196193593846	5.87643272575056	5.81692126155216	5.67244101623588	5.77568776634064	5.78642535712143	5.99989274115941	5.7664781217766
8.87323600151439	9.02786708404083	8.90267205588481	9.03252957030697	8.90208526563472	8.92939884134424	8.81287920942546	8.84005153238349	8.90837071779585	9.08284294413564	8.92893402776056	8.77367541001665
7.38469774387098	7.50002559742326	7.51536644230935	7.69338048904475	7.60401044129306	7.60839941062247	7.64990726559967	7.5832187731654	7.66940889591858	7.40539854956051	7.75339362611317	7.60916663889942
5.68195160882411	5.59683354932319	5.66547235413856	5.58834425412393	5.58962403232685	5.62946852677751	5.51409892265311	5.55164123495614	5.5308387912122	5.54806726066024	5.54598734216961	5.58664857034283
5.69446583525945	5.73755082493614	5.95198199947073	5.71537400864721	5.79477039528217	5.76467805824282	5.70167217137885	5.50148865892472	5.63103076278591	5.71928705000501	5.64886284972144	5.69310183021512
8.85100537082909	8.96709643119719	8.8793793769058	8.95196395091348	8.83067910915049	8.79814022436159	8.94228744968702	8.86401586483075	8.87608701853666	8.96548067212183	8.95934628495597	8.83942252845086
9.86607973877535	9.77718450757289	9.88428841937154	9.67379822030425	9.77731317833536	9.73692752409867	9.59602317699594	9.64727607174477	9.61661596765884	9.93349531348304	9.45497804776999	9.63910111374711
5.48718907023495	5.63930663493059	5.52192454660171	5.53298814322517	5.52963149037865	5.67824044994832	5.42977422749481	5.45540435618935	5.52092542187667	5.33609607446912	5.20240597918978	5.57926575082089
8.97824272701842	9.07293171722494	8.98479078039213	8.91204473515449	8.91976406155956	8.98040307517462	8.95662802093921	8.91772176911814	9.01355872700911	8.92089857768056	8.85020985997266	8.93528377083672
5.51565956494712	5.48153525700388	5.60197979939333	5.62410770990932	5.52195482504031	5.56424874351379	5.61516889357742	5.67244101623588	5.66744826616854	5.80920713433815	5.93404358263901	5.84249960361075
5.94551433292365	5.76522195438162	5.87343696554342	5.93071818780127	5.96311694007894	5.888333601389	5.84254222686444	5.81166654236999	5.88415754958804	5.92102129195562	5.89450414688454	5.91472684339565
4.69467104812228	4.78507229490281	4.5547579364645	4.69033512419248	4.56645873762453	4.46619375527874	4.63464733818577	4.68684058684934	4.62941062670928	4.72167960083747	4.56430290325159	4.45171956365994
9.09693490876858	9.11393849082514	9.1468396094817	9.06766475991718	9.09856420472886	9.11265898913441	9.12890611727936	9.16071766363494	9.10329447213833	9.25301332487499	9.14336103006894	9.10399431635766
9.53020119586728	9.61486790996421	9.50657786981005	9.59206979681157	9.57926266820541	9.62562438864862	9.58520518528516	9.5120247742968	9.50319511630292	9.37083507359491	9.39465035105824	9.54442052182123
8.80476662880905	8.94423735291985	8.88940803525179	9.03252957030697	8.8055413140491	8.82706861276174	8.78526047735867	8.83442091712987	8.81385421896067	9.11394524370845	8.67379381885205	8.68682520449735
6.9184644344837	7.00038941114145	6.9240028457012	6.9552853757486	6.94307542090479	6.95425520506405	6.99357546394665	6.94318239999405	6.99874890352865	6.72705346539525	6.72720461204396	6.8834099885868
5.74346877196064	5.89615996186756	5.93145000577865	5.88719368108898	5.82005229064685	5.79659620241825	5.70167217137885	5.72683797936588	5.72905579112806	5.67745746641386	5.88353048590012	6.11200558970504
5.81972286227428	5.84519709576138	5.91062245711499	5.8773411802834	5.87537202036227	5.82163355822401	5.95085224671094	5.84335818219977	5.79227928754921	5.88470136124398	6.16311607612599	6.1323523596234
8.89173028391654	8.89426793876794	8.73706234367716	9.07361838099374	8.94875568711626	8.85010557862416	8.91964481225735	8.88486733000598	8.95155548280265	9.01189176097132	8.90603606497274	8.91190894284593
5.11198594460631	5.06780350093011	5.13069297911175	4.95550433374195	4.83645869373292	4.87545067866422	4.96809487077279	4.94943642961219	5.03522900972713	4.94867306527004	4.91792709843434	4.87976283025967
9.90605103610047	9.86596268025437	9.85012070185388	9.64682455314257	9.72338633194638	9.70147614767194	9.620600962326	9.67368884489145	9.64348760122112	9.66876628014382	9.54549841826186	9.61034554675996
7.8346649570891	7.94021898074886	7.85531072195295	7.95496447095105	7.98041371617706	7.89054869114202	7.85923377510104	7.87299595562458	7.88327901399636	8.29330398224904	7.76041880919909	7.90684169371806
6.0269879563848	5.90614066230174	5.87880803723526	5.97297157388176	6.04047274756757	6.07696919371725	6.09796202499936	6.14901429122857	6.08949356454087	6.13202012972305	6.29326664722384	6.34781573984561
5.65659410244978	5.65121660759813	5.91585751692538	5.60633629330724	5.78838032964434	5.73204045457635	5.58947459243795	5.72683797936588	5.67641139040481	5.64527306964843	5.60502865627852	5.62300889527935
5.52269070768831	5.3779170131914	5.38537584488131	5.52670494152775	5.64015490678602	5.58631636150457	5.51409892265311	5.51839964687967	5.56017860816343	5.40598867766195	5.276817666794	5.43951249810274
9.7585964696842	9.71776996222117	9.7567903139787	9.68090683217718	9.64716604740826	9.67806391971953	9.64476705103426	9.61643892853605	9.60930623218647	9.74978736208312	9.48558500445676	9.61939338216312
5.91373862765478	5.7977440623824	5.91062245711499	5.84737473560412	6.15920815901261	5.96339133582503	5.88543554714933	5.88746112404606	6.03473597758959	6.21728683076335	6.1294360589743	6.14241937131757
5.44340733595824	5.53391387534229	5.6716712284947	5.43575642162897	5.40998389097765	5.52670609893889	5.36062342708532	5.37105771576988	5.49584140061356	5.5710849214762	5.59161562114103	5.51880931114628
6.15485157526395	6.23005000079633	6.23359667957022	6.16344497667324	6.06712693752044	6.18710087657204	6.07960134098618	6.07844023124786	6.03124380216913	6.1448791408802	6.34755106383947	6.23000055442655
7.79737085093436	7.80252647837502	7.83054229738566	7.88282497095226	7.87108370957518	7.88758288811904	7.83386995171048	7.91414561455157	7.8449587573627	7.81193566737009	7.89874030402653	7.80426085774593
5.61770580704069	5.71502682167505	5.77318510756228	5.49487397289375	5.53726772859754	5.57899775279607	5.46315204187358	5.39566105014921	5.48568504453459	5.56345290222139	5.7609893584012	5.44764009613483
7.93713948359495	8.09460049935355	8.06331391625737	8.2631894601512	8.0408987060965	8.06870059364568	8.00271145039019	7.96346968928817	8.05666341720843	8.30768491819408	8.10913072883734	8.00813296830847
5.73137259634798	5.70363208718375	5.66547235413856	5.53298814322517	5.81377308850655	5.69187894401288	5.65700556788992	5.69245888339776	5.45997861557949	5.52860273074498	5.64453862060917	5.7664781217766
6.04176625716749	6.02541573076418	6.09733110493419	5.9449402028812	5.95172053171241	5.84013142767876	5.98741573371758	5.89612269744072	5.87639565609697	5.9910354111768	6.1075874964969	5.94378902647601
6.01205709881313	5.92098381285333	5.90009517456438	5.88227581514015	5.80113238093493	5.8704453865757	5.93051205865889	5.93025966675852	5.91100094315887	5.73975738072733	5.7609893584012	5.83010336620884
5.80247885388399	5.73195257965194	5.82973538061642	5.96368800031161	5.83252956908705	5.85233330423557	6.1749362781136	6.17060368045885	6.27518517418386	6.7321781404133	6.51820751850392	6.78073476188487
5.40588552057563	5.38505986308096	5.42257393968733	5.32431753287668	5.61149620957931	5.54934813620976	5.33510615622938	5.30766127157187	5.2660311483294	5.32260825031453	5.30991732855706	5.32067193911132
8.85659522371228	8.95931690966622	8.74739171045483	8.96016757247238	8.77591902883314	8.86299841338144	8.79374271445543	8.75259713892193	8.79593696709373	9.03938302416112	8.69385453375458	8.7174839622889
5.24527792180677	5.26633102644459	5.23463740786969	5.24242108866083	5.40164535941425	5.3659917271723	5.19467035855255	5.35859790619934	5.31270061320969	5.45215917002903	5.2712270002675	5.27575635091636
5.29535173393093	5.46139512362017	5.45166082702559	5.46889645400364	5.41827478886722	5.44857298404483	5.34024560688187	5.47862950939767	5.36900481019195	5.47673726002694	5.45018354540071	5.37279913986069
5.24527792180677	5.3416659491666	5.25950271177371	5.23474193065427	5.11609476365558	5.1755943126546	5.37070608752133	5.19310155797891	5.10971260377084	5.16534031421466	5.50842177275071	5.25739400945803
5.57774512687954	5.43409917950608	5.50120050214209	5.46889645400364	5.52195482504031	5.50370490394835	5.536677894391	5.50714759366177	5.49077211218231	5.54031277618148	5.47473423926434	5.46375996745232
7.97231851335649	8.05584331757389	7.99188790144383	8.04034522827865	7.97055295911833	8.03425023982112	8.12948587540871	8.04665729126907	8.04717387973363	7.85878248916959	8.15173803618351	8.05556481561959
7.53342697287118	7.59112273015761	7.55454339194444	7.74448137236474	7.63287612043313	7.55332324028604	8.14651013882142	8.13541849172703	8.16592127267241	7.8287848244174	8.47764220093575	8.18916636388839
9.73602856108223	9.68294644963165	9.76298555806458	9.61896688886389	9.67952335317027	9.6938557092758	9.58330366868669	9.68468342610797	9.60871985026482	9.79213503113837	9.55274336698148	9.62793658475342
5.46546335879224	5.47485289962746	5.4730996050719	5.48194336595095	5.42651859099748	5.4324283787476	5.40545395270672	5.32697245755054	5.28955325292801	5.45628454317504	5.48926766324695	5.37279913986069
5.52269070768831	5.50796102000775	5.60197979939333	5.69869381670565	5.59695149386367	5.58631636150457	5.56770915917122	5.41384369433592	5.45997861557949	5.56345290222139	5.59610043907905	5.60857404545382
9.71771656184533	9.65876225451769	9.64363402190922	9.67379822030425	9.63339226925233	9.60229495248613	9.58167180019513	9.56194297349098	9.56767285678595	9.59610623489379	9.51822321832521	9.56001200317301
5.52968792304375	5.50796102000775	5.42990050461363	5.40184180030726	5.57485703775417	5.42428821340851	5.49577916529878	5.47285798696854	5.5059271312898	5.44802203347792	5.47959491119984	5.58664857034283
8.71684033324218	8.75464984673952	8.6633883640211	8.88706038904366	8.69951447321403	8.68225514456901	8.74208474714024	8.75259713892193	8.79025956431849	8.56924027976606	8.7818149646316	8.57779662005549
5.4210108621681	5.50796102000775	5.54235658677118	5.49487397289375	5.55242060291158	5.49595605151214	5.36062342708532	5.43180135649617	5.36347161933981	5.6270790304187	5.67877638655034	5.38130793026571
8.38290801275096	8.47469350565239	8.46219007401009	8.50184796875024	8.54196545733287	8.46964479047948	8.51355523608505	8.51351548507956	8.51410788600651	8.76287226053875	8.41159773668645	8.49271710808909
5.22819580710161	5.03191428734159	4.81067033537504	4.95550433374195	4.9319020742591	5.14623891477076	5.05801981225415	5.08393553907525	4.91960647264005	4.85210932159443	4.78341157780222	5.04914514140098
9.22292242517744	9.14803229492916	9.18098980395586	9.02416949585947	9.1120831970682	9.05301843034942	9.04257169700433	9.06779463941956	9.01842342112819	9.16475868183042	9.06648475217283	9.16705723249939
5.81972286227428	5.85037489732319	5.79607096119806	5.68181930475237	5.81377308850655	6.01316343876064	5.89596314378644	5.79786910423375	5.88028180656062	5.82206611907304	5.84633877107981	5.72021619405602
5.76736216081466	5.63930663493059	5.54910378220326	5.53924423584024	5.74284236961521	5.87643272575056	5.57645458876749	5.54615362451988	5.62641353850471	5.49690560934344	5.34760385907585	5.57926575082089
5.28712500836382	5.19502017303188	5.20080796226739	5.26521811032058	5.17591595643267	5.3052563107727	5.18898838057855	5.28808991335299	5.36347161933981	5.1088970127561	5.20240597918978	5.22940806974737
5.46546335879224	5.46813961715275	5.76740667192248	5.72638836362722	5.56741674201974	5.61522675895015	5.5500584172166	5.67747147515217	5.62641353850471	5.51679734918641	5.70393394264242	5.75995907248874
5.73137259634798	5.70363208718375	5.8017363426887	5.86742114513079	5.86326017450674	5.67824044994832	6.03900164194463	5.94703080940334	5.86859190894272	6.02481144799769	5.88353048590012	5.90293653683695
8.30532406144128	8.19687187726135	8.13249667568547	8.2450795802376	8.24633824901247	8.23076917352659	8.28330382125194	8.23022613676259	8.28960373491329	8.11965541125848	8.26686660172736	8.32698610303366
5.43598018659997	5.33430585877815	5.39289211858577	5.25005989319392	5.29765851795742	5.47245797027796	5.3143645345622	5.26157782199651	5.2660311483294	5.35830109040996	5.28238690668685	5.40653908965394
7.47467130626016	7.5278017409137	7.40039909612091	7.56864435349703	7.62391746408577	7.64046359891648	7.96565710985717	7.89804222696028	7.88036716194823	7.64439486823959	8.12087623556579	7.92008189173787
8.02415041468335	8.06702343219797	7.99560632829791	7.98398970410811	8.01646049866229	7.97958955221446	7.97480309263325	7.94268644109338	7.89101534761161	8.10984137756594	7.9284506665995	7.84648050216177
5.68195160882411	5.77614402571763	5.91585751692538	6.22692577031007	5.92865482025715	6.00771702382168	6.41358467375851	6.44320691163955	6.51419506962818	6.31838588810629	6.40499905182552	6.52377087009278
9.20714746163842	9.22691258312257	9.13396256805981	9.48486512305429	9.21172340112613	9.28090540024116	9.43905564378695	9.41802600082675	9.46093572040849	9.24167317399344	9.29794120843964	9.34722540086288
5.45814854377791	5.39216773919842	5.40036967343659	5.3811060052565	5.29765851795742	5.39126314913052	5.48188587641287	5.43180135649617	5.43380846749981	5.48483828222837	5.276817666794	5.18153343425903
5.80824970935545	5.68637012910932	5.69011027503962	5.48194336595095	5.63304319274175	5.65057212279035	5.57645458876749	5.56798052853775	5.52589057803857	5.48483828222837	5.58711688326763	5.47175323015519
5.42851482629403	5.55307815707275	5.51504938526159	5.70983526062209	5.48294986705479	5.51907949790641	5.88895326237858	5.8478294450905	5.67641139040481	5.73296603518904	5.64886284972144	5.72691620956109
8.70759100908707	8.7309453654457	8.84749709581554	8.75385738231582	8.89241802582448	8.90467203128672	9.07927059434635	9.0571979351481	9.10412678735791	9.27952127911622	8.99807479646245	9.05481961771505
8.85659522371228	9.00769986559439	8.87198046864104	9.00786801848106	8.83922005286207	8.91781546638841	8.92093600300701	8.87667245143172	8.88531571512165	8.88067806009723	8.83745239060182	8.7631007716665
8.95432898859237	9.00421414464749	9.06543779577079	9.17678468715179	9.15935678607003	9.07012478222962	9.2247252381075	9.21112326349204	9.19794589119585	9.17640379869701	9.18833883455275	9.20481560831228
8.54314132053932	8.60082853414697	8.48353208274835	8.67274590805899	8.46076723796893	8.55062853680278	8.45771473324472	8.35187141827464	8.45726808084597	8.63640942091381	8.30511956888267	8.41379082836532
6.79876228260786	6.78174828822143	6.99752737582525	7.03064849775501	7.08036472802635	7.17217366820127	7.66642219858378	7.57378866928758	7.6682839129294	7.85330325561537	7.55874245531193	7.83409924426077
5.52269070768831	5.52746907677578	5.64040818166877	5.59436645070246	5.51423730448368	5.51141257503432	5.51864292996896	5.46706341024693	5.53577017605087	5.53251659632107	5.59161562114103	5.55688897059463
6.22991832560737	6.08375792252874	4.96944517644385	5.60036372895829	5.28864730156633	5.16587484144981	5.82060928054408	5.93447071264372	5.19309088986231	5.18036141292123	4.8220353250583	4.79344902644853
5.91373862765478	5.78157432043116	5.73816346164375	5.78023754507614	5.82630437335289	5.77752987343471	5.74111651696363	5.69742042447557	5.68975294687555	5.6703669112833	5.67877638655034	5.83010336620884
9.6748536419423	9.67675584434351	9.67102290682897	9.57766932549803	9.58665985604065	9.61535209826581	9.55890617208262	9.60159856882468	9.54517148292866	9.76341590022594	9.58249785906336	9.62479497174261
10.3567253094591	10.2664213460039	10.2886460388348	10.2829049115318	10.265851484471	10.1681736529288	10.0893621749946	10.1009589673248	10.1012797978107	10.2224681085341	9.94051258528794	10.1505960930446
5.59118814125444	5.44097145721061	5.50120050214209	5.36006973269494	5.54486396113634	5.44857298404483	5.33510615622938	5.37105771576988	5.38547896903947	5.43553937162195	5.12398060752523	5.3897671397038
5.37515361769096	5.55307815707275	5.33164335781921	5.56400210667279	5.51423730448368	5.4803330353714	5.58080759728215	5.43773819866511	5.51094381611131	5.55962177224665	5.53668679270635	5.49547209542896
5.40588552057563	5.47485289962746	5.58894051779492	5.55167601789195	5.43471582627639	5.38288812653418	5.50496797005231	5.45540435618935	5.5650113671526	5.58622946224513	5.70808471482403	5.48760882310916
5.35954021044732	5.274042748584	5.44444358517345	5.39496272842821	5.40164535941425	5.44052313532389	5.41523102302471	5.36484117648183	5.38547896903947	5.48483828222837	5.58260413919028	5.63017275742229
5.47998326034205	5.49480832091758	5.52876726587928	5.4491034062415	5.48294986705479	5.51141257503432	5.38569999094693	5.41384369433592	5.36347161933981	5.50887336302771	5.49887633745479	5.43951249810274
5.79086767107023	5.76522195438162	5.7262988029424	5.90184779211808	5.79477039528217	5.73204045457635	5.89945539195305	5.77926556408573	5.81275483140518	5.77984988722154	5.96907432357332	5.87906376303491
8.77112462663379	8.76978308243277	8.6594868337303	8.99252340292616	8.85462067845668	8.88770149352615	8.92737468027278	9.02097224894577	8.97767689875281	8.58018074933622	9.05060542392108	8.78578137880393
6.15937682999716	6.09689370492451	6.17364240114171	6.50502030076215	6.4130902189918	6.4264295484453	7.08392925132257	7.07695795695887	7.13688861373715	6.69241618358635	7.12093968828144	7.00434040582321
8.25541998655353	8.24196296674339	8.33098047561573	8.19828944631421	8.31919311694116	8.3214744921751	8.29131289610507	8.30866636291996	8.26971229913174	8.22463432314863	8.35238283109181	8.32477529713352
6.52822748613363	6.48119823663407	6.59537666133166	6.30989546831195	6.48605501394309	6.50202158662047	6.47108750068549	6.45791946771227	6.47614955448548	6.70289487710548	6.30703010897114	6.33908628954869
5.61770580704069	5.62125609240585	5.69011027503962	5.37412772656413	5.63304319274175	5.60805304422653	5.61091801928166	5.490104116143	5.6171347199358	5.63802284430447	5.66603185243486	5.60857404545382
5.63728040954194	5.48818697135108	5.78467325289619	5.68181930475237	5.81377308850655	5.73862708650072	5.59378873328204	5.73168333455322	5.5553296850553	5.68451348576197	5.85010124494793	5.83010336620884
5.53665153520605	5.55941036892798	5.33164335781921	5.7042752510429	5.6751991170191	5.65057212279035	5.82795724980561	5.86998088656125	5.75043847358654	5.77655091992515	5.66175863811087	5.7067224578513
8.71760844039902	8.72531078165645	8.60210257362371	8.6677454271608	8.66324188196884	8.63528626868194	8.65217082989572	8.57288077124871	8.68683044259462	8.39916532457377	8.70482220981842	8.64135749929652
7.24253266699065	7.22657452558207	7.23410939186844	7.3577663311604	7.27602513764344	7.31144990807269	7.47462009811392	7.44818861782438	7.51025793061224	7.33414083695995	7.43750604727837	7.26631184271397
5.97660713696651	5.94538896270207	6.05997705070233	6.1306277333711	6.24577422492325	6.11799418884197	6.35114817667686	6.30032224816269	6.43178422803448	6.66230687685938	6.52999477379213	6.584133610748
5.59786318172926	5.62729795725597	5.64040818166877	5.85241242755515	5.76903915548141	5.82163355822401	5.89596314378644	5.86557763755901	5.80050428843541	5.77324441896957	5.92336680563078	5.89104937653108
8.70371955490703	8.7309453654457	8.64693056203889	8.92945893806491	8.81659303025059	8.88621631733975	8.92566050728185	8.89626251964888	8.90884713440618	8.64866279073289	9.06039798377083	8.80969277828016
5.65659410244978	5.63331473591595	5.67784369178177	5.57622427562097	5.70941558689379	5.69187894401288	5.64873431101148	5.63155590655222	5.57462881928068	5.52467827257121	5.60057142255939	5.67935191185605
9.13077625151714	8.98901127375624	9.08418688164401	8.97932209302032	9.05323108127581	9.03905214487709	8.99473207355263	9.06250601609249	8.9758591667957	9.09483381592907	8.91370916924251	8.98373242029885
6.07567280276771	5.90115891684539	6.04093186799505	6.18757811993811	6.0618352539316	6.09249028035842	5.98412970503859	6.03202456129287	6.02774317459776	5.97384696747845	6.1960293135545	6.18200076151823
9.42031320595001	9.46020824833018	9.39274068031409	9.4008258659126	9.38134631056124	9.36007435630881	9.30899706460398	9.3323313614159	9.29517464890966	9.08183919180019	9.25417005160228	9.14967568135352
5.4210108621681	5.50139958019957	5.50120050214209	5.40184180030726	5.40998389097765	5.44857298404483	5.42009496936148	5.61067245008894	5.50089303301136	5.36270163609649	5.46005373387801	5.45572241965661
5.59118814125444	5.65121660759813	5.37782045179074	5.60036372895829	5.32436157259978	5.47245797027796	5.84616562369979	5.87437077954805	5.56017860816343	5.61605193855662	5.74895100967326	5.14206583330427
5.48718907023495	5.43409917950608	5.52876726587928	5.4491034062415	5.59695149386367	5.28742644669025	5.48653177460583	5.44365084957878	5.40715766361798	5.49289431190172	5.55061533973232	5.34696942260634
5.28712500836382	5.39216773919842	5.54910378220326	5.59436645070246	5.46704937278693	5.27842878750365	5.42494266833616	5.37105771576988	5.5841828840186	5.61605193855662	5.73681174500768	5.53416138947126
9.92712396967462	9.85954681140283	9.77781848196546	9.73961595415086	9.81125557226216	9.80256621377852	9.70196712176094	9.74445086900298	9.7424952610475	9.8334738477971	9.5937804592929	9.76225574586671
5.63078487739852	5.65713508185777	5.6716712284947	5.78551393893697	5.85104611488894	5.68507574748055	5.84977997260133	5.76987338093148	5.82892927495337	6.0220267076912	6.19898459942261	6.08093833007507
7.70589346494701	7.7958222263615	7.65200310200781	7.99885519904965	7.67858522059201	7.81294872245573	7.88415946045037	7.74079652113564	7.86080318797427	7.53620277704386	7.88411206088282	7.78348371502123
5.42851482629403	5.57824272453511	5.42990050461363	5.48194336595095	5.30661418667912	5.34027263956585	5.57208846900998	5.45540435618935	5.5308387912122	5.53641992603788	5.80040933741812	5.37279913986069
5.35954021044732	5.41328488788779	5.24297319272713	5.2576587629824	5.35058255210717	5.41610213002235	5.23934420425598	5.40174727541639	5.34674439716502	5.29984643368744	5.16673416985464	5.39817733910468
8.9491059190678	9.00711949662032	8.95071517144906	8.97874537381401	8.96303592139431	8.92506596667727	8.81473266658317	8.84117502331457	8.83656849223123	8.91301892541766	8.71673953105779	8.84791540139106
5.1667767964663	5.02280215137755	4.89749198821195	5.01937385653763	4.98853330698462	5.12633440322871	4.99435864292505	5.09897278632386	5.04905783031708	4.98329872431187	4.68633237219083	4.72852162109931
5.67565372070895	5.78698432470343	5.70227385592123	5.74275440961634	5.66825775960087	5.62946852677751	5.7565982832292	5.58948366332661	5.70297274657202	5.71584702123861	5.93404358263901	5.66547023507403
7.80750676519669	7.9132160797791	7.92456457052959	7.96548093989575	8.04358868832104	8.06345378158705	8.20420787504121	8.11976510406126	8.17307784149908	8.70928251185232	8.21374464510263	8.33689302197845
6.70276344049103	6.63627929289718	6.64670466751728	6.50181460349083	6.6036749157372	6.66669792120694	6.60127666030021	6.61583664853516	6.65254212855053	6.66588190315134	6.70657600056516	6.76777815995433
5.23676195475171	5.42719420002975	5.27584635147301	5.54547345112619	5.58962403232685	5.62236513818342	5.61940733558101	5.6367300830031	5.77985350510096	5.67391652684986	5.72456986474247	5.90293653683695
8.95888371480683	8.94120243571799	8.97666064603518	8.91083597223867	8.89390951615682	8.90173493593877	8.80497534443789	8.82309333189472	8.85300125179924	9.19725462927788	8.90331813784069	8.79778661406229
5.40588552057563	5.44781133966048	5.40780890388413	5.45573113765983	5.29765851795742	5.1755943126546	5.30388158933845	5.32697245755054	5.25412576465633	5.24371761644267	5.23147834754224	5.11174641167129
5.58448221821312	5.53391387534229	5.84627848645909	5.77494185253805	5.64015490678602	5.67137274831038	5.51864292996896	5.51278453316867	5.54558291358227	5.72614269220105	5.60502865627852	5.61580944255075
7.65387713141075	7.67242400224604	7.79542080718712	7.45051354866808	7.71109557864163	7.77974184790256	7.75884421543438	7.7611184292309	7.74392069389657	8.03920802347968	7.7321105097396	7.96761564096116
5.26216162454057	5.1868764738003	5.20080796226739	5.08909698852163	5.38482319734306	5.27842878750365	5.26658392110767	5.15041270723307	5.28955325292801	5.04471946111602	4.94620886883128	5.19123527189872
8.94189318397486	8.98959897143681	8.86860474408675	8.91204473515449	9.00711646801903	9.02021760191604	8.93506335464677	8.86622500117439	8.91644848229588	8.51722334795016	8.891023703517	8.81442786867114
6.39637656798513	6.34830983420091	6.5690120279434	6.36031747221684	6.48605501394309	6.41823746676778	6.34090313582433	6.41634075930825	6.15514758358288	6.38278246712518	6.06934721564543	6.54670351318357
8.72526710461279	8.75257387030976	8.85570447077998	8.62710513866819	8.70801803839822	8.70854363525837	8.76383411270007	8.70093107151595	8.72466490395794	9.08851772090755	8.73060497191529	8.65725898981019
5.3828978029225	5.274042748584	5.33944223515322	5.33872420409339	5.35058255210717	5.41610213002235	5.25030142590191	5.41985430557584	5.40176826836548	5.09311580412009	4.95319449739074	5.17176645365276
5.53665153520605	5.69214700166012	5.6716712284947	5.52039439600002	5.52195482504031	5.50370490394835	5.5500584172166	5.52956506498007	5.59367438755238	5.49289431190172	5.61390220936923	5.3897671397038
8.6763245396936	8.67358410653197	8.6594868337303	8.79046631174894	8.76373455939086	8.70349278361301	8.78147452770773	8.69659260181987	8.71216333150399	8.52216496680841	8.99382261104936	8.70053181171417
5.4210108621681	5.44097145721061	5.2262535504972	5.20361315653321	5.35058255210717	5.24187050026043	5.17755739941312	5.19310155797891	5.23608282736952	5.19522898239289	5.19061231363345	5.14206583330427
8.91200521132122	8.99077364909995	8.89539193949387	9.19278678562709	9.04654126846875	9.09669472535849	9.14704187512311	9.09159247666213	9.21769219986833	9.61427011073411	8.92223697486434	9.11746811296193
5.69446583525945	5.70363208718375	5.65299446521068	5.58834425412393	5.6821073737884	5.65057212279035	5.63204878654941	5.70236502895938	5.55046448987314	5.6270790304187	5.78083350002722	5.54935262645023
5.3828978029225	5.33430585877815	5.2262535504972	5.26521811032058	5.40164535941425	5.34889638201238	5.18328411887087	5.22774279843997	5.23608282736952	5.09839523460168	5.05415190521903	5.05976731918352
9.69293330046509	9.57352146600286	9.67759675337761	9.62966034972185	9.60271018015434	9.61266029811997	9.49647704222772	9.54928072180919	9.50003662530667	9.73624152017124	9.42654992852217	9.50395568864368
5.62426009769471	5.61518893224983	5.67784369178177	5.69869381670565	5.70941558689379	5.69187894401288	5.67340775521091	5.8388730644515	5.74192324949952	5.68098977210847	5.70808471482403	5.90884369838982
9.75822321616524	9.69019566833543	9.69942240651098	9.60632794970864	9.60908064437399	9.64902051540792	9.50797850176867	9.57618294197192	9.51669838182279	9.1929225742504	9.59742838785333	9.50737144567605
5.49435925959944	5.32690827907573	5.31591883623221	5.33153873164015	5.58225933977813	5.49595605151214	5.47254920030003	5.62115179613147	5.36900481019195	5.3974339179692	5.17872223584846	5.48760882310916
9.02677352610803	9.02213372971238	9.05418914025566	9.04360151044894	9.03712310950302	9.06291221750799	9.03424385454109	8.9581532822287	9.04986630292887	9.32151335485717	8.95235104355323	8.97035826981242
7.79591703370757	7.83428029442971	7.72698486121568	7.99315581059952	7.78207445317611	7.82540063563027	8.0856414208234	7.96140478348414	7.98527814320284	7.70561908887812	8.25696536478797	7.90831884052606
6.03193085344789	6.07493397305576	6.34652378599119	6.12647270442443	6.11390041020125	6.20625373271854	6.29918083054246	6.25724223902944	6.11940731199873	6.31383715256962	6.46762312543827	6.33908628954869
5.22819580710161	5.21918118031499	5.27584635147301	5.32431753287668	5.05370963951122	5.03323506514192	5.13091359849856	5.19310155797891	5.2055045478098	5.16029861749066	5.45018354540071	5.00586480123735
8.59589470669826	8.59851881371862	8.5166909390456	8.62415798252651	8.58230108548836	8.55250238858852	8.47129137102023	8.42412558603179	8.40216317882948	8.62129036359634	8.3187820737397	8.49665052956958
6.77830107148194	6.74046308615986	6.73532733188719	6.86831993866775	6.79134564903974	6.72764761225885	6.82364663284503	6.80036018669729	6.84398788242216	7.06836974161403	7.01081013587238	6.79995425670423
6.42297420083454	6.3409653600963	6.49742442571729	6.30622567253113	6.49786541970063	6.62814366760253	6.55990713707469	6.60000375993333	6.59452693061401	6.5661072358229	6.52057267668869	6.72484785469283
9.0495253254242	9.0488845672425	8.95708649025997	8.92826468328278	8.88793428128073	8.86676860055957	8.87726112876834	8.87557627563805	8.83656849223123	8.95309200509447	8.82410218173028	8.88590149204937
5.48718907023495	5.5209955064085	5.4730996050719	5.62410770990932	5.62589640347366	5.46453992075124	5.50038084473292	5.53511569865458	5.38547896903947	5.53251659632107	5.57807730183984	5.59399397653562
9.58931004560419	9.59800883257015	9.51134807389334	9.61822647897554	9.47500256597101	9.52709788035421	9.46731573761461	9.42703304055174	9.45181022993457	9.04934474338142	9.47250350663344	9.32582786451358
5.53665153520605	5.58446619741628	5.7143361430224	5.53298814322517	5.72287901984549	5.77752987343471	5.61091801928166	5.64188584923362	5.63563332180938	5.88163314834247	5.67029249979548	5.67242770024201
5.26216162454057	5.23506832470427	5.18359347168778	5.26521811032058	5.17591595643267	5.12633440322871	5.08272539114907	5.02218442496697	5.14234897095174	5.21967541731647	5.0476346510024	5.1320293706025
5.85917756521095	5.79237418906474	5.8017363426887	5.80122871742824	6.03508245147631	5.95209440432642	5.86414778244673	5.87437077954805	5.76311815414718	5.61973696683688	5.67877638655034	5.75341054156786
5.27053049083594	5.55941036892798	5.34719945495933	5.55785216205161	5.55242060291158	5.46453992075124	5.46315204187358	5.45540435618935	5.32982225019745	5.42715753837579	5.68721087788361	5.44764009613483
5.52269070768831	5.66889998961999	5.8352707834487	5.58834425412393	5.69582583258143	5.62946852677751	5.5980900713053	5.63155590655222	5.57941372305757	5.74651702638124	5.46496376079265	5.75341054156786
5.80247885388399	5.70934065972865	5.68398996717379	5.91635499174495	5.87537202036227	6.06652847522239	6.57528673508065	6.65211874388622	6.6156818519073	7.12532337270477	6.74754269196756	7.03710968457526
9.72880782934964	9.63454156041882	9.75130174160379	9.41837020379027	9.52975412653531	9.49335202511495	9.44564951195139	9.53511854129296	9.15642033235394	9.51761361777819	9.25594663368654	9.42410790331462
8.89580812710182	8.89677661203216	8.8679286503345	9.09293294773638	9.01193219476882	8.97691878679543	9.05085174527778	9.01600637378602	9.06319598864648	9.17043561527825	8.98955785625423	8.99211581851847
5.749479180957	5.71502682167505	5.6716712284947	5.81161126352266	5.66128298415266	5.62946852677751	5.53219013873662	5.71220388608489	5.65389874151787	5.71928705000501	5.7609893584012	5.65145426114631
9.33878619719004	9.2754348604304	9.30255313509056	9.38219357591024	9.3166489979046	9.32048310139676	9.27405905036043	9.28192214314674	9.30751262261694	9.32773628999328	9.24023711471792	9.20721803055135
5.29535173393093	5.42719420002975	5.23463740786969	5.24242108866083	5.1661149878852	5.24187050026043	5.12497658316139	5.17901067180175	5.31843027944985	5.13995530161522	4.86707624658448	5.0807821001035
6.40402598387655	6.39516003550239	6.50091501973298	6.88810332765027	6.73921964256131	6.79248275723095	7.19195379972223	7.18175516750646	7.17223248878403	7.34198597967012	7.16999471152006	7.27549693734964
5.21091059867552	5.31947282880527	5.10350372572645	5.47543457800191	5.28864730156633	5.32286999351495	5.28801396182481	5.30766127157187	5.38000832801747	5.39313755628761	5.25998072826686	5.3897671397038
5.7006826386586	5.72069074760476	5.79038332291338	5.93071818780127	5.74943612987257	5.93498187245419	5.88543554714933	5.77926556408573	5.89572288607987	5.95060667502406	6.15095938048848	5.9891073795967
5.48718907023495	5.3416659491666	5.40036967343659	5.40868842333794	5.30661418667912	5.38288812653418	5.39561057531763	5.30766127157187	5.24212205803519	5.34945978687628	5.4049175248669	5.52650566697626
5.57774512687954	5.54671816709863	5.73224328237407	5.51405626884776	5.60424209719446	5.59359820330581	5.54115180297683	5.40780808678429	5.5308387912122	5.72271892752986	5.37914599891054	5.43133911844462
6.9184644344837	6.80863023645133	7.00246263190681	6.91968416539898	7.06456297184365	7.09714869733965	7.1747423193489	7.21852412135382	7.16587036522805	6.8562838548476	6.75358867647179	6.98487575739024
6.73648776317578	6.72361274079725	6.71442830769173	6.56153866075424	6.74253322789219	6.7988089943428	6.55548272046718	6.77001869400505	6.65708421404403	6.23423431903111	6.54633699424015	6.76125600087961
9.66373666638494	9.65098148262503	9.75569426866148	9.63954558127207	9.61089562231377	9.61714384556748	9.49532183719322	9.54204429050982	9.50098489886499	9.70180981494315	9.45497804776999	9.45425502265801
5.56417627653735	5.60297787644573	5.56915898616029	5.57012607202397	5.63304319274175	5.50370490394835	5.4393893512723	5.43773819866511	5.52589057803857	5.44387306662958	5.41509936391787	5.43133911844462
7.82471867575989	7.8742878762148	7.99560632829791	7.84662085649754	8.08986931375875	8.0422736386875	7.93616447464303	7.86528607688136	7.90541011848878	8.09466233940573	7.62402032151039	7.88749989993376
10.0376711290837	9.97889482546928	9.95379688626454	9.88582000131559	9.8285170036564	9.87885322133929	9.77017971350056	9.79750606273217	9.76345748074642	9.8126500069655	9.79267118410876	9.73712208771877
9.27290079667699	9.29268240605034	9.19129540348315	9.2421598108335	9.21769100082681	9.24601277287898	9.2173876756964	9.17949365287027	9.18108443947948	9.48533478225027	9.06688962514568	9.18849377117508
8.85030511397842	8.91730839523241	8.91057232769788	8.99423644171028	8.93650535685676	8.96430521215124	8.87415379942686	8.79553866622492	8.89256005788884	9.22267376072517	8.86936913824175	8.90600557994201
9.48670444662069	9.50488123606708	9.43762846624127	9.50342860613398	9.39826005554438	9.43613938191119	9.3178460238975	9.29632986204769	9.34108440352572	9.49013461962464	9.29552481126357	9.26774149429184
5.04534297536386	5.19502017303188	5.07579706014021	5.03711991624174	5.11609476365558	5.06493399571379	4.99435864292505	5.09897278632386	5.00717138148294	4.91320574966764	5.04108811485814	4.87976283025967
9.32221605314145	9.33075163063879	9.44671252343097	9.31615954025939	9.36584504981553	9.34555731816597	9.43965633322047	9.30612693428442	9.40732087000841	9.921014586723	9.42465571538697	9.47384244790883
9.53674464020569	9.56841637017276	9.33373609062261	9.56543012117588	9.54169689508425	9.59094315927772	9.68484128980257	9.64759719302952	9.65546103663637	9.27747692661976	9.65511328293039	9.58747455270684
8.70216805980574	8.76772878245707	8.64298421125291	8.8009440649068	8.69524382193588	8.68311067952395	8.69456042891764	8.67028419880041	8.69624449237035	8.36216421305127	8.85912019292842	8.57686801102619
9.19726863539121	9.25846638562856	9.21008882511684	9.30101436341641	9.19124691777316	9.18933137138349	9.08312035553418	9.08259547832043	9.12641969497871	8.7815390900542	9.16659198915569	9.00667056093292
5.28712500836382	5.41328488788779	5.41521019841829	5.74275440961634	5.26127341826023	5.34889638201238	5.59378873328204	5.57338629046692	5.6171347199358	5.58999100257764	5.82355620526856	5.69310183021512
5.52968792304375	5.60909626505861	5.74405953786141	5.71537400864721	5.70941558689379	5.72542372957245	5.536677894391	5.65724397957739	5.5841828840186	5.64527306964843	5.72456986474247	5.77942882515005
8.78071193696425	8.78272616092749	8.69117219258821	8.7832184619464	8.80870759513611	8.80287089562355	8.90275332340059	8.75020683387345	8.85695692269042	8.40238502650252	8.91999769790953	8.8738544106611
9.50417179023136	9.52366928552086	9.3889754923583	9.67629022060448	9.58296600301752	9.58408896108203	9.74901078367016	9.65208540221196	9.7048563808353	9.41507664927181	9.64971778811429	9.63151864274277
9.46353870654876	9.41147845351743	9.31897109046155	9.33520809396336	9.3770867093176	9.39338995605191	9.43122383630437	9.40668754506309	9.42907291230239	9.09084792150229	9.4755563172269	9.46884532707083
6.47837194961182	6.44739528150168	6.55564702729734	6.42942732845227	6.50958005202397	6.4264295484453	6.50818930560642	6.42535176604427	6.3805319044089	6.52339613502692	6.21659055211185	6.41581542944515
6.07087740978524	5.95983686676912	6.30719789226667	6.29885800592905	6.26432687032641	6.26680388122509	6.28321910759992	6.34215518256771	6.31882296128738	6.37406897159147	6.42785766630771	6.43232682656522
9.82211515839911	9.85503866609012	9.88662676171564	9.7782422878877	9.83513126968183	9.78274729862729	9.7221052043733	9.72936033174962	9.7138815255194	9.97355327264798	9.62077984007928	9.70688148525612
5.52968792304375	5.43409917950608	5.30799227671746	5.45573113765983	5.53726772859754	5.50370490394835	5.70167217137885	5.67747147515217	5.78400729289821	5.67745746641386	5.6531742117743	5.8113076649691
5.53665153520605	5.63331473591595	5.64040818166877	5.6299834135176	5.71616294717467	5.77752987343471	5.61516889357742	5.65214266958139	5.68087224229896	5.58999100257764	5.66603185243486	5.65145426114631
5.52968792304375	5.3779170131914	5.40780890388413	5.34587429967082	5.54486396113634	5.57899775279607	5.39066374095955	5.39566105014921	5.5059271312898	5.50887336302771	5.52732620132616	5.27575635091636
7.48192192472745	7.52293875380251	7.42450474578382	7.58085473602457	7.49031060956368	7.47052454303369	7.54664022832574	7.543743554441	7.63527195747462	7.14082441690545	7.38522952815509	7.47605772110542
9.39556738790317	9.45808651062877	9.48557585791182	9.44283020403663	9.40193365312218	9.43816794460111	9.45399835564185	9.4093411662077	9.45768323871949	9.74577919752941	9.32932906668777	9.41218284093169
5.5085941659383	5.69214700166012	5.54235658677118	5.50129630294431	5.50647849381013	5.63653726458237	5.55449129008679	5.53511569865458	5.5650113671526	5.46859074270404	5.51790479178077	5.61580944255075
5.35167009136774	5.33430585877815	5.18359347168778	5.2950683030448	5.04304731783963	5.34889638201238	5.19467035855255	5.17191370905622	5.24813630234674	5.27205299867487	5.1115310261633	5.26660418115005
5.4210108621681	5.34898892580531	5.40036967343659	5.31706025320184	5.32436157259978	5.22324067260294	5.27733844610756	5.32697245755054	5.24813630234674	5.34945978687628	5.37914599891054	5.39817733910468
9.22508480869815	9.17256661933875	9.18533797940811	9.10090498877849	9.09597473387333	9.08444263392364	8.99391433581385	9.0411555016168	9.01577198522509	8.97091262315928	9.05714117671654	9.00183527630566
8.12138185812612	8.2180898599623	8.02015393215936	8.39091960794799	8.34668196759346	8.35407088629244	8.45415189044129	8.48648556703111	8.45466014081223	8.09929897360705	8.34839181261928	8.26261142383422
5.56417627653735	5.46813961715275	5.56250469704843	5.64166382546249	5.40998389097765	5.69865033843545	5.70964744670869	5.64702333522214	5.76311815414718	6.0220267076912	6.10443914805785	5.95525239494137
9.14968232666222	9.21137700475916	9.20420865771199	9.22134579802645	9.15997675265449	9.2144039246416	9.10107789244823	9.11778817420709	9.17357079243843	9.2786454827377	9.01914974568121	9.04276402862921
6.13201037614083	6.10124591571685	6.33874375578959	6.39528555193075	6.19832327256119	6.2939169295743	6.24527491601426	6.35792773350382	6.2603414554795	6.3871195893337	6.32608136508805	6.43642535993863
5.86472717170133	6.13559990623798	6.01676720767888	6.17153420229897	6.21272282240254	6.26680388122509	6.35369812781431	6.35478696578172	6.36950633403192	6.79065969782667	6.49674500839239	6.46077535770958
9.464454209143	9.41191698943969	9.5798326832285	9.28010224010463	9.43253069253729	9.40224961734763	9.22193437473968	9.24079784252732	9.26386005153548	9.63995802482485	9.10405470725493	9.27577540974765
5.55734392596043	5.5209955064085	5.52192454660171	5.48194336595095	5.35058255210717	5.51141257503432	5.54115180297683	5.43773819866511	5.5841828840186	5.51284076819313	5.79651528773068	5.74683226215349
5.31975603759343	5.34898892580531	5.38537584488131	5.35298936273929	5.26127341826023	5.42428821340851	5.30388158933845	5.27489432895246	5.40176826836548	5.19522898239289	5.22571019166075	5.2387967091297
8.60006613988107	8.57129526830428	8.73854250287004	8.49056487900401	8.7012192004796	8.71692262590994	8.60260956388211	8.57152756588039	8.58259453536694	8.84916953949384	8.45740338852316	8.67645911387435
9.57539405980406	9.63604386399273	9.56822582144488	9.58412941590144	9.52012821685438	9.53896120341472	9.46111625397721	9.37639619367876	9.42674608007275	9.85674254480178	9.37647361130202	9.41062010584881
8.84398746081228	8.68958714266465	9.05180978549663	8.72250913534403	8.95305461806166	8.88398568255567	8.74305837962428	8.85068953762535	8.73544847487364	9.05753722443737	8.69960990369307	8.89114062255826
9.08864598782693	9.04040083379204	9.08767537062827	8.96308616932655	9.01604720525359	9.01002560580733	8.95368718001851	9.01700091714028	8.98311639390093	8.96584343914243	8.95278924119647	8.96823518256408
5.95595302566606	6.13559990623798	6.09733110493419	6.2765269318228	6.26892805938968	6.31612895296095	6.5376482761705	6.51249934776129	6.62961492935326	6.43189025025302	6.26251759572911	6.48472174018357
8.31854790185809	8.29997278172075	8.48441451866766	8.13861679108589	8.43641056012823	8.37009702487223	8.34038685256973	8.31837991115994	8.28153289098446	8.55725360986073	8.04564209623923	8.24518227495494
8.99100591337856	8.95270131403196	8.9411051252691	8.94193928925899	8.90208526563472	8.91490503308645	8.86434410942643	8.89084746205387	8.90264141378552	8.98529863005839	8.60687893020414	8.87158434105677
9.02739318061022	9.01117718526743	8.98416700940741	9.06603677211051	9.00642719298956	9.06619512655557	9.06688186949754	9.00100536367465	9.0210699932622	9.39312543931967	9.03454937639253	9.01629278475661
6.3376775258821	6.29988965709302	6.27494804558828	6.23080226294246	6.38368918345564	6.33365599469954	6.64149418852058	6.56237110651924	6.50917985461077	6.93247571694681	6.72925135824593	7.0153463548633
9.96287194060831	9.8326117871428	9.78284865573854	9.71316273283625	9.76473272863201	9.82017340148946	9.73635429494242	9.73933777663194	9.64033521111441	9.29836747896783	9.63941042238158	9.71576732883366
5.5085941659383	5.50139958019957	5.42990050461363	5.50769031917781	5.66825775960087	5.63653726458237	5.36567350948379	5.54064516516049	5.44956713083296	5.40171760037291	5.23722370810914	5.34696942260634
5.82542551882018	5.83478559304496	5.91585751692538	6.0539468585913	5.88139014328562	6.02938070592467	6.39637267366402	6.40727320091528	6.47357720435088	6.35648274631354	6.48951938875194	6.60976926115199
13.6207811719285	13.5588724349215	13.6640436008903	13.5414949470511	13.5466062627586	13.518316506645	13.5205046038237	13.5426226590598	13.5160450671966	13.609364880369	13.3607035449841	13.4714586458205
13.1229636384504	13.1073845310325	13.1208757342176	13.0106895206094	13.0526136027736	13.0205487926538	13.0109776255922	13.0787471595012	13.0038425133963	12.8227966081427	12.831547658856	12.9947435551093
5.68822223566302	5.43409917950608	5.61490281556846	5.4491034062415	5.70941558689379	5.71877663632571	5.62363341747477	5.51839964687967	5.44956713083296	5.55578049117907	5.5131710335081	5.68624318497383
5.69446583525945	5.77069328834479	5.79607096119806	5.80122871742824	5.66825775960087	5.77752987343471	5.87483080515564	5.82986092021364	5.87639565609697	6.00238194776083	6.24546550578488	6.05452916397483
9.08805209578771	9.07404049360924	8.97163461891605	9.00956294519002	9.01536218471194	9.02292335146669	8.98488849712158	9.04603570988399	8.99707423142612	8.87875289012623	9.06850798181389	8.98162893711887
5.63078487739852	5.68057012674938	5.65299446521068	5.6299834135176	5.61149620957931	5.80916900680346	5.62363341747477	5.41985430557584	5.60779610867002	5.38882844051261	5.49887633745479	5.40653908965394
5.2537442883501	5.37073884584758	5.10350372572645	5.48194336595095	5.15624754567511	5.3659917271723	5.44417312574824	5.36484117648183	5.35234157525809	5.48887189004286	5.59610043907905	5.50329296712176
5.17571133423821	5.17868692228371	5.14854102516542	5.17982133956475	5.29765851795742	5.33159738172739	5.23383446511809	5.17191370905622	5.15520132049357	4.97758455819314	4.68633237219083	4.98373303258225
4.97550534900916	5.01363269130556	4.78813474119378	4.99234299586215	4.73434687850194	4.8873044587189	4.99435864292505	4.79206908801371	4.90448752211422	4.90118920371151	4.98080725410853	4.93843582264942
8.6596343235997	8.7337544268606	8.85160661937973	8.79833175158744	8.67283033881142	8.67711125388505	8.77625257218299	8.81167610648829	8.82601298363372	9.04523099155865	8.84124415592564	8.88665110506358
6.84727908325319	6.69796273121099	6.7617605942889	6.47263864416151	6.80725653931126	6.68388802433658	6.80698975665586	6.82327352602784	6.6479857132816	6.51549295333206	6.73537424866754	6.64561988408801
7.39048844362548	7.49341160220237	7.3176689775546	7.53295282806879	7.37544631021228	7.3202740487356	7.54552467681861	7.34268646045739	7.45392357720783	7.22079744400821	7.59512237772792	7.28462394977837
8.40691705662606	8.48306489434833	8.25854990919666	8.60709400386039	8.33025158173663	8.45669524073906	8.59831190716042	8.52054525287956	8.60157954017314	8.41040298734031	8.44873070974766	8.36836032645136
5.42851482629403	5.3416659491666	5.45884234518476	5.44244526049893	5.62589640347366	5.3659917271723	5.38071920992354	5.42584012547189	5.45478221247741	5.19028999257151	5.24864675359419	5.44764009613483
5.26216162454057	5.42719420002975	5.25950271177371	5.50129630294431	5.1661149878852	5.3659917271723	5.46785823003947	5.33335288311643	5.51594320690367	5.59748492378123	5.75698768518861	5.7067224578513
9.48670444662069	9.52448063316229	9.51048193637145	9.48364612399515	9.45037949767305	9.43309117979993	9.36762152521627	9.33592244180776	9.40259257863376	9.58363232305132	9.24561187197642	9.2905778768402
5.39826332659738	5.28934449131182	5.23463740786969	5.2270219938773	5.27045545943643	5.23258542792171	5.29861161251618	5.16478195478864	5.18057036748163	5.17036460000606	5.24294645145089	5.10149796399455
5.13963920285738	5.2271464530304	5.26769750682285	5.08056192206172	5.25203299789843	5.13632068650254	5.13682649474684	5.09897278632386	5.17426945885797	5.13995530161522	5.13632461217991	5.09117686928986
9.16440546794777	9.21791230353393	9.07191031330356	9.03530553128461	9.10694803059402	9.17541425581699	8.96123726513256	8.95244626005806	8.98582847023834	8.63868642878284	9.07617048217111	9.02176252215581
5.59786318172926	5.50796102000775	5.52876726587928	5.54547345112619	5.40164535941425	5.51907949790641	5.44894118014922	5.47862950939767	5.4443332366529	5.55962177224665	5.60502865627852	5.47970269042301
5.73743331338021	5.59066306385608	5.72032982382052	5.67045942837364	5.70263664729325	5.67137274831038	5.61091801928166	5.55164123495614	5.5553296850553	5.58245813498474	5.88353048590012	5.69992815384434
9.19836962908004	9.27784271844865	9.27731591594494	9.22912566837643	9.27146483083667	9.23671916914611	9.30042423893663	9.18702453032481	9.27314099214798	9.52329365914721	9.28059177481617	9.18117992562615
5.31975603759343	5.45461912910824	5.38537584488131	5.35298936273929	5.55993806245028	5.63653726458237	5.46785823003947	5.47862950939767	5.54558291358227	5.31808433096127	5.13632461217991	5.2387967091297
7.95548748795463	7.96194247836788	8.08558276379791	7.93845163528027	8.09765619861329	8.01671162754107	8.18499169883799	8.11233962825471	8.19511839818957	8.59620315909562	8.23479636077795	8.20967936235888
6.0899643033811	6.11422449950925	6.13823234062081	6.10973214945231	6.05652413684452	5.99676228344778	6.0703328327216	6.07844023124786	5.99226288152792	5.77984988722154	5.95865387383751	5.84249960361075
9.37087806243788	9.38581255585665	9.33569338957514	9.27400409455861	9.39878542824075	9.41466547067176	9.60005910203407	9.53511854129296	9.56192887782599	9.20403597198217	9.51585269934827	9.62074567671455
5.37515361769096	5.50139958019957	5.45166082702559	5.32431753287668	5.56741674201974	5.40786961074141	5.46785823003947	5.38341150443607	5.54558291358227	5.23894087979871	5.31536135681785	5.38130793026571
9.27028552230786	9.22990024236634	9.21222113979366	9.0902657816276	9.1948815970998	9.16809950606014	9.05986617633094	9.04408560704769	8.99393424397653	8.76704136643209	9.0737551388514	9.05481961771505
5.37515361769096	5.43409917950608	5.37782045179074	5.23474193065427	5.40998389097765	5.37446450709903	5.16024072375464	5.25487353117467	5.30694825764981	5.20015125656524	5.13016569590791	5.21995840623341
7.69189212001674	7.63385023337113	7.6202422773893	7.70318803421692	7.846647901075	7.81763079068301	8.08102880892167	8.11419958276087	8.11397992149953	7.75682464348036	7.97578558156895	8.18063433238244
5.88671521325745	5.77069328834479	5.91062245711499	5.57622427562097	5.82630437335289	5.76467805824282	5.91334071057359	5.64702333522214	5.72041352950741	5.75324526560015	5.85385396373888	5.9891073795967
5.56417627653735	5.49480832091758	5.46598848958482	5.42228553008234	5.41827478886722	5.49595605151214	5.40545395270672	5.35232767554607	5.4232068039293	5.44802203347792	5.43023942583636	5.43951249810274
9.83491490917835	9.83588374042618	9.80985344233941	9.83701654080847	9.82030435072279	9.76305698440561	9.64632912802639	9.7119623513619	9.72933865435519	9.8334738477971	9.5220670237194	9.66990984195919
6.26393879965953	6.16915654769996	6.30320579795476	6.42604922772862	6.34062199633139	6.36382591877839	6.79952457170199	6.8095692006941	6.78917114962463	6.73898287291111	6.96984402396824	6.95088479750462
4.97550534900916	5.04996939433258	4.91841450267837	5.01937385653763	4.94340553253075	4.81469514347907	4.94808198365815	4.86410992617616	4.81033279723027	5.02268292234943	4.95319449739074	4.64660936942767
8.77555745681744	8.901156321303	8.69803534816132	9.01351004785682	8.87439883044769	8.86601535088155	9.02826582687153	8.98635460248495	9.02371171943783	8.76078318116888	8.82458110815081	8.81127286907019
6.07567280276771	6.18564723990604	6.35426215359362	6.37790728824783	6.17889800199867	6.08733507268883	6.29122200469673	6.22320737425567	6.31595441303892	6.2533626474396	6.71072536398577	6.36081182834945
6.22560890857602	6.20195194048871	6.28307822328954	6.56461465829972	6.5927018780915	6.78612868193226	7.5184894314786	7.50457677105267	7.45913672259231	7.56713184681716	7.46110426468687	7.84648050216177
9.17339174474273	9.10148653213494	9.2604141979104	8.93838447724345	9.12102599135383	9.14902960766504	8.94228744968702	9.06395029158194	9.01665633871504	9.15842466820841	8.93204871231739	9.00252702419326
8.84187541387969	8.88102535829022	8.761292890383	8.91264873705611	8.95591347216941	8.85770354478968	8.92908681903741	8.8935575313594	8.94599545335202	9.14663292619904	8.97797964881875	8.90526595829248
9.34923260045185	9.32889506131558	9.16456642642809	9.24071737421512	9.34854467533121	9.34285287379886	9.35780286141524	9.36940448800482	9.3254671548447	8.79139685221705	9.13643390265001	9.31806862647245
9.85215630208319	9.92399474563335	9.69141973963919	9.86225011407977	9.80334067036064	9.74841743667356	9.81183994763827	9.73632158850591	9.76266698571697	9.47211613718749	9.74362463319054	9.6545877149022
9.2618846432822	9.17308412001881	9.33128572686778	9.17678468715179	9.20932943259493	9.24195418559227	9.14483337979299	9.1293308571086	9.15762351440359	9.47032741903656	9.17074165831719	9.15341796843106
9.13192915395841	9.18903525946706	9.11071886145637	9.21988239028192	9.20813095704353	9.18510992118434	9.12666966357443	9.21068867835166	9.15682150453628	8.86208951907916	9.09931266706585	9.08321776305694
8.56720454466292	8.60390242088304	8.61182651724488	8.56160539233315	8.62423783274575	8.61121571471069	8.59076006620988	8.56746031804033	8.62206228720576	8.98529863005839	8.40456768469334	8.62438026164573
8.02166476201816	8.11521213794149	8.1537306240084	8.24795418984346	8.24166032614776	8.30378387613376	8.52774918006855	8.59169357930989	8.58080181635882	8.50629184062407	8.60185867924027	8.66164514479821
9.13825370180361	9.03300769476979	9.24018076002899	9.06495042544877	9.3043637544996	9.2966434112489	9.24204687419257	9.26862226322036	9.23527370516228	9.37439196416199	9.08339234495295	9.22036031727635
5.35954021044732	5.50139958019957	5.34719945495933	5.44244526049893	5.29765851795742	5.50370490394835	5.42494266833616	5.28150710005379	5.38547896903947	5.50090584340278	5.46005373387801	5.52650566697626
7.7531062782255	7.87046429336364	7.90096634339451	7.95144187963016	7.91581456510687	7.88609769756969	8.04358726626586	8.08888561475288	8.10319694387622	7.71341671759435	8.17746135197604	7.98451963708848
5.39826332659738	5.66889998961999	5.69620483298961	5.47543457800191	5.45903328912189	5.54934813620976	5.50496797005231	5.50714759366177	5.44956713083296	5.48079342641056	5.50842177275071	5.44764009613483
6.7304143579858	6.71795198099425	7.01472745917524	6.88564517768653	7.00233467385286	7.07124809504777	7.01790644625256	7.0807667886158	7.00944731814486	7.08716060917445	7.06854274015474	7.16616558662456
6.00704569899181	5.88610994632788	6.12019669565754	6.28773559885257	6.28264438623553	6.16769085968649	6.97877757711922	6.96188942783071	7.10065757258634	7.35089994990541	7.00575249553714	7.27091169645262
6.6490438542672	6.51749014573111	6.65612885016308	7.20246696252073	7.18394761018913	7.16239279273633	8.01887946901434	8.11698502681367	8.08307569349273	8.4806274691497	8.20420703640398	8.43751614161961
6.28065338844774	6.14406236493321	6.17364240114171	6.6336127533802	6.55927354692963	6.48643285055932	7.07003349290078	7.10715087565351	7.19584378115634	7.06701813041202	6.94891663457047	7.16616558662456
6.00201687655645	5.98830688728421	5.84627848645909	5.87238966213254	5.88139014328562	6.09762717492603	6.07960134098618	6.12709762636654	6.01719016841044	5.99955364662908	5.8425664914537	5.74022396375932
9.38545231159539	9.3651271185906	9.2864522541558	9.31844045758425	9.32772734196543	9.22970946712169	9.1783310053083	9.2010945354691	9.15802435221249	9.32660684188	9.21342458186138	9.11682934890507
9.76492704925813	9.67017200281246	9.85729182092113	9.64209740096502	9.7606510052036	9.76103257544444	9.69519147358566	9.66229203628197	9.66789895921551	10.096762248307	9.61608435867326	9.69280649283827
9.0427986745844	9.03300769476979	9.10499240146162	9.02919135140126	9.09985719937703	9.08509008139451	8.95662802093921	8.96589938201146	8.94553114892443	9.22145895953842	8.9042246825732	8.93962470135787
5.17571133423821	5.23506832470427	5.08509130969405	5.2950683030448	5.21447248194044	5.00083129232416	5.23934420425598	5.15761506912556	5.13587997834525	5.15016250980429	5.17872223584846	5.22940806974737
5.69446583525945	5.54033015544302	5.60197979939333	5.60036372895829	5.76903915548141	5.73204045457635	5.57645458876749	5.57338629046692	5.65842934391616	5.47673726002694	5.52262314792384	5.60857404545382
5.91908327499837	5.92098381285333	5.77318510756228	5.88719368108898	6.00782546351279	5.89424753900369	6.35114817667686	6.40119639274585	6.29279871563744	6.13460109737524	6.35552067048382	6.36941140307536
5.50149417700032	5.31199912090811	5.37782045179074	5.52039439600002	5.42651859099748	5.4324283787476	5.3195777740249	5.33335288311643	5.3579172615319	5.49690560934344	5.52262314792384	5.41485294301214
9.21478449874304	9.2589539790228	9.20045421630257	9.24023624135632	9.16245395833934	9.19713858694112	9.2723740435113	9.19802842528114	9.22421469793433	9.13377574052402	9.22508039065472	9.13397748259602
5.63728040954194	5.70934065972865	5.73816346164375	5.63583538868794	5.80113238093493	5.76467805824282	5.61940733558101	5.61067245008894	5.64479481304409	5.71584702123861	5.73274260514851	5.72691620956109
5.78502697160518	5.60297787644573	5.8352707834487	5.67615050133429	5.88738334371709	5.77752987343471	5.78329935525055	5.73168333455322	5.72905579112806	5.64527306964843	5.88353048590012	5.92058616577185
5.36736790185349	5.21117203216449	5.37782045179074	5.19572571547588	5.17591595643267	5.1560900013489	5.22275194480639	5.25487353117467	5.15520132049357	5.09839523460168	4.90357805161874	5.10149796399455
5.59118814125444	5.80309409188505	5.7262988029424	5.81161126352266	5.81377308850655	5.69187894401288	5.78329935525055	5.66739302892213	5.82490257529112	5.70894235506698	5.78476989941091	5.7986402380077
8.99227604397193	9.00653889409037	8.99659147504921	8.97874537381401	8.99951627035609	9.00729553629327	8.9031889180589	8.84117502331457	8.84704733578578	8.50778738664381	8.79311541733455	8.82463422843723
6.00201687655645	6.09689370492451	6.16926328329114	6.15938332739815	6.09847674542319	6.18710087657204	6.04532241539236	6.08603338154456	6.05894792051936	6.01364017318969	6.33685608600207	6.09136842132333
6.40783555879362	6.77358513737232	6.64038754048572	6.64818592794879	6.64321085124964	6.61386478556306	6.70079764837839	6.55417780376527	6.71268685177864	6.50155748231817	6.99047238448447	6.52377087009278
5.26216162454057	5.08542190061197	5.06644312111546	5.08056192206172	5.25203299789843	4.93378022047428	4.91410491644541	5.03004795332311	5.11629867835064	5.01712133028779	4.95319449739074	4.92688834337181
8.06093034220239	8.09787460701447	8.08674534201491	8.08496878330334	8.17083899995919	8.14643703604888	8.29463693393523	8.10674533599409	8.21143064525338	7.99226030292196	8.2548348024662	8.12200285939929
5.05505211920508	5.15383796150615	4.8438357513749	4.87891406310187	4.98853330698462	4.75130607347396	4.96809487077279	4.9159017866881	4.94938255967541	4.87070802766199	4.75973832043396	4.80609591198622
5.93499977804619	5.85553424227605	6.03131439623588	5.9449402028812	5.89335182659049	5.94070856805945	5.8677175589851	5.79324058162557	5.96323844077004	5.85058786355169	5.93404358263901	6.07043246484387
9.6142729893393	9.62662869866327	9.64323896045124	9.54765234173941	9.51771167078086	9.51753648115499	9.46790477762844	9.52326792468741	9.44492803236981	9.57438403231361	9.49403986481061	9.43183234897957
9.11453812828162	9.11555476491255	9.110147237185	9.07253773021443	8.98349438429194	9.0812010311582	8.871039763288	8.94723839522849	8.87657421392405	9.10573858323527	8.76843528093311	8.95042022797221
5.49435925959944	5.65121660759813	5.41521019841829	5.49487397289375	5.70941558689379	5.39126314913052	5.5500584172166	5.43180135649617	5.43380846749981	5.58622946224513	5.75698768518861	5.74022396375932
5.49435925959944	5.55941036892798	5.58237662310241	5.6299834135176	5.49867795117729	5.33159738172739	5.50954063254644	5.38341150443607	5.54558291358227	5.33609607446912	5.59610043907905	5.50329296712176
9.31106260798227	9.38804320581479	9.19668997921723	9.3986716430792	9.24599682191312	9.2966434112489	9.19194317756721	9.23866790267487	9.22689188511387	8.78565467932777	9.04074594334108	8.99698373207312
7.93185405729753	8.02062399600353	7.84022504447553	8.36820104900708	8.09765619861329	8.14767715070771	8.20562116652452	8.20077012585059	8.27267653823575	8.40292094565905	8.24198493604516	8.2310857648611
5.72528640938312	5.70934065972865	5.84627848645909	5.73731958510361	5.82005229064685	5.95209440432642	5.80580049348914	5.89179839101696	5.91479538550294	5.97959917080632	5.99310072004163	5.94953206412229
9.53761486142499	9.55100230277667	9.51004867253828	9.55502191126197	9.44275703257791	9.45329192434557	9.39389590109268	9.38682062928117	9.39479087219056	9.65847940626357	9.31678766209313	9.37099124908049
10.0517502618293	10.0558333945752	10.0164538543246	9.90294415946685	9.91993093237611	9.90181979645701	9.81970655505021	9.83464553843473	9.80192707402816	9.95027567020798	9.66022038032294	9.83745990542542
5.47274147619241	5.46813961715275	5.59547482176937	5.66474591095095	5.52963149037865	5.52670609893889	5.47254920030003	5.50148865892472	5.45478221247741	5.54031277618148	5.63148796052236	5.55688897059463
5.46546335879224	5.59683354932319	5.75578015772123	5.48194336595095	5.52963149037865	5.60084364406194	5.50038084473292	5.44953950445945	5.52589057803857	5.65248719703284	5.76498000327917	5.7067224578513
5.3828978029225	5.55307815707275	5.52192454660171	5.52670494152775	5.53726772859754	5.65057212279035	5.94410390642187	5.86557763755901	5.94479794303947	6.25098540431089	6.13253050523278	6.23471402220841
5.57097657756355	5.34898892580531	5.37022553257453	5.46889645400364	5.49867795117729	5.3659917271723	5.26117666567128	5.38341150443607	5.5059271312898	5.17537159369792	5.25432478853449	5.11174641167129
8.75550158012471	8.82285303330213	8.68120075145205	8.72044083035722	8.7839852148636	8.83401840724782	8.77339624644021	8.65503259799297	8.70943120462563	8.27644052178752	8.6843868503795	8.64046892344421
7.54558860587092	7.57555104490546	7.51190895106615	7.53765860977829	7.71109557864163	7.82229771625709	8.1257582184143	8.12530924057461	8.09233277665412	7.73230206368045	7.98695281676769	8.06221528408894
7.63448738431928	7.58957310095122	7.62345000093312	7.85418625427792	7.73791584759127	7.82385000997947	8.22037774454804	8.21557329749469	8.21682733535589	8.40559755960909	8.33366289737748	8.38118316883996
7.741069422874	7.68553979860633	7.93105171974762	7.6989929598327	7.90845505348667	8.0153536321397	7.94803396258208	7.9499946775619	8.03150965353847	8.03229714475664	7.88043171101354	7.95051126594844
5.35954021044732	5.53391387534229	5.48721810383603	5.67615050133429	5.36780381129461	5.48816557768424	5.58514757269098	5.56255453311936	5.64479481304409	5.49289431190172	5.72456986474247	5.75995907248874
8.24693221607547	8.15661961887529	8.26267065034834	8.09245140143605	8.21326975034451	8.15755988369865	8.05695920363935	8.06311960273142	8.12386241949169	7.93264209757234	8.00987376965139	8.0582286824163
6.11813042403339	6.09689370492451	6.16046505232128	5.88719368108898	6.04047274756757	6.05601183134039	6.04847247323964	6.05154577501737	5.95220237093766	6.04140822761021	6.13561834293183	6.07043246484387
5.67565372070895	5.48153525700388	5.64671498983169	5.53924423584024	5.62589640347366	5.71877663632571	5.53219013873662	5.53511569865458	5.5553296850553	5.37146291690732	5.276817666794	5.64439509931019
5.61112173848904	5.57824272453511	5.69011027503962	5.4491034062415	5.49083522765124	5.39126314913052	5.5980900713053	5.53511569865458	5.48058007320091	5.72955838213697	5.83499231022696	5.64439509931019
5.3828978029225	5.3779170131914	5.45884234518476	5.39496272842821	5.51423730448368	5.38288812653418	5.38071920992354	5.28808991335299	5.2837083272575	5.37582381052648	5.41001737299492	5.48760882310916
5.46546335879224	5.59066306385608	5.60845571152373	5.53298814322517	5.50647849381013	5.25109664140691	5.38569999094693	5.36484117648183	5.50089303301136	5.69852324602175	5.85385396373888	5.56438634099127
9.30238458979194	9.29458613394552	9.28594619482575	9.33520809396336	9.27146483083667	9.30722583341513	9.23514315545501	9.21372802887707	9.20727194628799	9.35264048831977	9.26550255596896	9.25153819359675
5.47998326034205	5.46139512362017	5.48017603150194	5.50769031917781	5.60424209719446	5.49595605151214	5.44894118014922	5.40174727541639	5.56017860816343	5.52074316460423	5.39979969436467	5.34696942260634
5.72528640938312	5.78698432470343	5.65299446521068	5.61228434567167	5.50647849381013	5.7517111532867	5.47254920030003	5.53511569865458	5.5983969326721	5.54419520259038	5.61831869431176	5.43133911844462
5.80247885388399	5.77614402571763	5.99714053540275	5.77494185253805	5.96878165498681	5.89424753900369	5.93732394270831	5.86998088656125	5.89187803458327	5.79297109894533	5.97597982340959	6.01672693882807
6.14119020236692	6.08814978807133	6.16487086065796	6.14712946434528	6.16908660078329	6.35097300294336	6.51047683211751	6.48690258029808	6.442346358502	6.50555278181794	6.73129520763598	6.70459504874804
8.98718879882456	9.04153488472584	9.02416139248559	9.06766475991718	8.99743652176639	8.97062578399667	9.03781881760583	8.99899339244942	9.07555517885505	9.24556273839875	8.98399476115297	8.94898548307446
5.3828978029225	5.29693535426795	5.10350372572645	5.09758232250482	5.35058255210717	5.3659917271723	5.11901525294365	5.03004795332311	5.21167186511984	5.18036141292123	5.00117907857951	5.10149796399455
9.29004371974966	9.37505716379748	9.35560407637388	9.3468752493218	9.32385959052494	9.32597120971439	9.30306746117465	9.15891666406597	9.30534298595631	9.59938330234392	9.28512273667901	9.21260889838374
9.77713708519235	9.73399491664845	9.75166829675435	9.79602912471128	9.65905634737063	9.71031608278728	9.53746012920107	9.55065498389628	9.58447065224246	9.6712153558858	9.45404973148568	9.57915142449119
5.37515361769096	5.32690827907573	5.42990050461363	5.21926084632803	5.22395397635191	5.3659917271723	5.23934420425598	5.32697245755054	5.39092907125532	5.26736863264734	5.276817666794	5.20087282276677
9.38061056868193	9.43669572854943	9.25577006544705	9.52254786218284	9.40664314685021	9.40121012369467	9.44205659306258	9.44303135311567	9.47193963123553	9.00766966199353	9.4531208174957	9.38856219554183
