ostta01g00010	AT2G31590.1	7.9
ostta01g00020	AT1G07110.1	2.46e-101
ostta01g00030	AT2G41451.1	7.42e-55
ostta01g00040	AT1G79750.1	1.10e-147
ostta01g00050	AT1G79610.1	7.74e-80
ostta01g00060	AT2G01670.1	2.59e-31
ostta01g00080	AT1G28540.1	0.029
ostta01g00090	AT2G21790.1	0.0
ostta01g00100	AT3G15080.1	5.00e-15
ostta01g00110	AT5G05510.1	5.2
ostta01g00120	AT3G01060.1	2.08e-103
ostta01g00130	AT1G75270.1	6.70e-18
ostta01g00140	AT3G48420.1	1.17e-94
ostta01g00150	AT4G27490.6	0.62
ostta01g00160	AT1G04200.3	1.37e-42
ostta01g00170	AT5G42830.1	1.6
ostta01g00180	AT2G19190.1	1.8
ostta01g00190	AT2G04030.1	0.0
ostta01g00200	AT2G41160.1	1.23e-11
ostta01g00210	AT5G20180.4	4.12e-16
ostta01g00220	AT1G73640.1	1.4
ostta01g00230	AT5G58575.2	1.4
ostta01g00240	AT4G36400.2	1.20e-166
ostta01g00250	AT5G07370.4	8.58e-16
ostta01g00260	AT1G62740.1	5.28e-20
ostta01g00260	AT1G62740.1	7.67e-13
ostta01g00260	AT1G62740.1	5.68e-07
ostta01g00270	AT2G43560.2	2.52e-53
ostta01g00280	AT3G59990.4	0.0
ostta01g00290	AT1G36070.5	1.9
ostta01g00300	AT3G04240.2	2.2
ostta01g00310	AT1G04900.1	2.89e-76
ostta01g00320	AT3G06810.1	0.0
ostta01g00330	AT1G04210.1	1.2
ostta01g00340	AT3G22590.1	0.53
ostta01g00350	AT3G62590.1	4.9
ostta01g00360	AT2G45240.1	3.06e-122
ostta01g00370	AT5G20090.4	1.84e-43
ostta01g00380	AT3G49400.2	0.17
ostta01g00390	AT5G02080.7	9.47e-49
ostta01g00400	AT1G20200.1	7.76e-140
ostta01g00410	AT1G48160.2	1.19e-16
ostta01g00420	AT2G33820.1	8.29e-36
ostta01g00430	AT2G15480.2	1.5
ostta01g00440	AT4G01840.1	8.12e-04
ostta01g00450	AT4G22240.1	1.5
ostta01g00460	AT1G49040.3	6.46e-30
ostta01g00460	AT1G49040.3	5.5
ostta01g00470	AT1G08125.1	2.04e-05
ostta01g00480	AT5G47320.1	0.008
ostta01g00485	AT1G61580.1	1.08e-176
ostta01g00490	AT2G46820.2	5.19e-21
ostta01g00500	AT5G57250.1	2.2
ostta01g00510	AT5G18810.2	2.1
ostta01g00520	AT5G58270.1	9.44e-162
ostta01g00530	AT5G11760.1	0.14
ostta01g00540	AT5G11960.1	0.44
ostta01g00550	AT3G08920.1	2.26e-04
ostta01g00560	AT4G15930.1	5.60e-38
ostta01g00570	AT4G01560.1	6.87e-80
ostta01g00570	AT4G01560.1	2.62e-09
ostta01g00580	AT1G71140.1	2.44e-54
ostta01g00590	AT2G37770.2	1.89e-80
ostta01g00600	AT1G21770.1	1.3
ostta01g00610	AT5G62930.1	5.11e-18
ostta01g00620	AT2G26970.2	1.7
ostta01g00630	AT4G30490.1	1.69e-72
ostta01g00640	AT1G45221.1	4.8
ostta01g00650	AT2G03670.1	4.45e-163
ostta01g00660	AT5G45160.1	4.4
ostta01g00670	AT3G11630.1	1.88e-23
ostta01g00680	AT1G10095.2	6.03e-17
ostta01g00690	AT5G55830.1	4.66e-06
ostta01g00720	AT5G15450.1	0.0
ostta01g00730	AT5G40270.1	2.97e-120
ostta01g00740	AT3G08650.2	1.65e-61
ostta01g00750	AT2G32410.1	7.30e-61
ostta01g00760	AT4G17740.2	1.05e-115
ostta01g00770	AT4G13630.2	5.4
ostta01g00780	AT2G35660.1	5.11e-19
ostta01g00790	AT2G46210.1	3.90e-06
ostta01g00800	AT5G65205.1	7.54e-19
ostta01g00810	AT5G03940.1	7.80e-161
ostta01g00820	AT1G72270.1	3.69e-33
ostta01g00820	AT1G72270.1	7.87e-30
ostta01g00820	AT1G72270.1	0.41
ostta01g00830	AT4G32260.1	6.72e-26
ostta01g00840	AT5G61940.1	0.52
ostta01g00850	AT3G06250.3	5.1
ostta01g00860	AT3G59980.1	5.59e-17
ostta01g00870	AT2G35340.1	0.16
ostta01g00880	AT5G20350.1	0.005
ostta01g00880	AT5G20350.1	7.4
ostta01g00890	AT1G10130.1	1.97e-111
ostta01g00910	AT3G57000.1	5.15e-46
ostta01g00920	AT3G52090.1	1.29e-12
ostta01g00930	AT5G41040.2	5.93e-11
ostta01g00940	AT5G11050.1	3.4
ostta01g00950	AT2G27840.4	0.48
ostta01g00960	AT3G19830.4	7.2
ostta01g00970	AT1G71350.1	3.76e-58
ostta01g00980	AT1G15690.1	0.0
ostta01g00990	AT3G02950.2	1.02e-08
ostta01g01000	AT1G78770.1	2.51e-114
ostta01g01020	AT5G52650.1	1.53e-42
ostta01g01030	AT1G70820.2	3.04e-162
ostta01g01040	AT3G58470.1	1.05e-04
ostta01g01050	AT1G51130.1	2.29e-17
ostta01g01060	AT1G32340.1	0.17
ostta01g01070	AT4G10360.3	5.03e-04
ostta01g01080	AT5G02850.1	3.61e-11
ostta01g01085	AT1G08600.1	1.4
ostta01g01090	AT2G26810.2	2.27e-11
ostta01g01100	AT1G01260.3	3.0
ostta01g01110	AT4G23470.2	0.037
ostta01g01120	AT1G30130.3	9.15e-51
ostta01g01130	AT5G18630.2	3.24e-27
ostta01g01140	AT4G14147.3	1.74e-52
ostta01g01150	AT1G02960.2	0.009
ostta01g01160	AT5G63290.1	2.18e-116
ostta01g01170	AT4G39680.2	2.54e-04
ostta01g01180	AT5G23240.1	2.77e-46
ostta01g01190	AT4G14145.1	3.47e-04
ostta01g01200	AT1G72020.1	1.23e-10
ostta01g01210	AT4G31720.3	5.65e-20
ostta01g01220	AT2G31890.1	1.12e-07
ostta01g01230	AT3G07630.3	2.15e-113
ostta01g01240	AT2G15680.1	0.92
ostta01g01250	AT3G28925.1	0.50
ostta01g01260	AT1G71500.1	2.3
ostta01g01270	AT2G31970.1	0.0
ostta01g01280	AT5G61670.2	0.27
ostta01g01290	AT1G62780.1	1.49e-15
ostta01g01295	AT4G14870.1	4.35e-15
ostta01g01300	AT1G53590.1	2.5
ostta01g01310	AT1G03740.1	4.3
ostta01g01320	AT5G02270.1	1.07e-103
ostta01g01330	AT1G78220.1	2.0
ostta01g01340	AT4G03560.1	7.44e-10
ostta01g01340	AT4G03560.1	1.03e-04
ostta01g01340	AT4G03560.1	0.003
ostta01g01340	AT4G03560.1	3.3
ostta01g01350	AT4G38170.1	0.079
ostta01g01370	AT5G19680.1	5.82e-08
ostta01g01370	AT5G19680.1	3.10e-06
ostta01g01370	AT5G19680.1	3.90e-05
ostta01g01370	AT5G19680.1	8.50e-04
ostta01g01370	AT5G19680.1	0.002
ostta01g01370	AT5G19680.1	0.53
ostta01g01380	AT1G51610.1	4.30e-88
ostta01g01390	AT1G04160.2	0.57
ostta01g01390	AT1G04160.2	4.7
ostta01g01400	AT5G10690.2	1.5
ostta01g01410	AT5G54130.2	1.40e-77
ostta01g01420	AT2G39670.1	9.93e-137
ostta01g01430	AT4G31180.2	2.7
ostta01g01440	AT2G35610.1	8.83e-14
ostta01g01440	AT2G35610.1	1.99e-09
ostta01g01450	AT5G13280.1	3.72e-175
ostta01g01460	AT1G25350.1	1.59e-166
ostta01g01470	AT2G37410.2	4.85e-57
ostta01g01480	AT4G11370.1	4.31e-04
ostta01g01490	AT2G40930.2	3.79e-20
ostta01g01490	AT2G40930.2	0.099
ostta01g01490	AT2G40930.2	0.53
ostta01g01500	AT2G36530.1	0.0
ostta01g01510	AT2G45790.1	3.48e-119
ostta01g01520	AT5G43680.2	4.81e-04
ostta01g01530	AT1G71220.3	0.0
ostta01g01540	AT5G13940.2	3.6
ostta01g01550	AT5G04430.1	5.27e-71
ostta01g01550	AT5G04430.1	1.00e-07
ostta01g01560	AT1G42970.1	0.0
ostta01g01570	AT1G22180.4	1.93e-19
ostta01g01580	AT1G03760.1	4.96e-04
ostta01g01590	AT1G75330.1	5.54e-153
ostta01g01600	AT5G57870.2	4.70e-30
ostta01g01610	AT1G49350.1	1.34e-19
ostta01g01620	AT4G29090.1	5.8
ostta01g01630	AT3G54870.1	0.89
ostta01g01640	AT5G04250.2	1.29e-24
ostta01g01650	AT1G61390.1	0.51
ostta01g01660	AT5G63600.1	0.79
ostta01g01670	AT1G03330.1	4.57e-52
ostta01g01680	AT4G13730.3	2.29e-74
ostta01g01690	AT5G13410.1	3.34e-64
ostta01g01700	AT3G04610.4	6.05e-18
ostta01g01700	AT3G04610.4	0.19
ostta01g01710	AT2G32640.1	8.73e-152
ostta01g01720	AT4G21710.1	0.0
ostta01g01730	AT3G25700.2	0.75
ostta01g01740	AT2G28450.2	7.00e-04
ostta01g01740	AT2G28450.2	0.17
ostta01g01750	AT4G38890.1	1.53e-150
ostta01g01750	AT4G38890.1	1.62e-12
ostta01g01760	AT1G10520.2	4.2
ostta01g01770	AT1G75340.1	2.77e-08
ostta01g01780	AT2G41860.1	1.53e-51
ostta01g01790	AT5G46840.2	3.85e-43
ostta01g01800	AT5G28750.1	3.12e-26
ostta01g01810	AT1G73320.1	2.07e-13
ostta01g01820	AT4G28030.1	9.88e-08
ostta01g01830	AT3G08530.1	0.0
ostta01g01850	AT3G63520.1	7.97e-37
ostta01g01855	AT4G32770.1	7.28e-68
ostta01g01860	AT3G21300.1	1.44e-91
ostta01g01870	AT5G58730.1	1.9
ostta01g01880	AT3G48210.1	2.26e-09
ostta01g01890	AT5G38840.1	4.54e-60
ostta01g01900	AT1G70505.2	0.41
ostta01g01910	AT3G54460.2	0.67
ostta01g01920	AT2G40270.1	0.001
ostta01g01930	AT2G44850.3	1.7
ostta01g01940	AT3G07670.2	2.03e-06
ostta01g01950	AT1G07360.1	3.35e-05
ostta01g01960	AT3G45560.1	0.14
ostta01g01970	AT3G58490.2	4.9
ostta01g01980	AT1G09795.1	3.18e-144
ostta01g01990	AT1G05620.1	6.08e-17
ostta01g02000	AT1G54130.1	0.94
ostta01g02010	AT1G43900.1	1.98e-40
ostta01g02020	AT5G10190.1	8.74e-05
ostta01g02030	AT1G79280.1	0.16
ostta01g02040	AT3G18890.1	6.1
ostta01g02050	AT1G22200.1	1.09e-97
ostta01g02060	AT5G13940.2	0.26
ostta01g02070	AT5G02390.2	1.3
ostta01g02080	AT1G14345.1	8.86e-23
ostta01g02090	AT2G20330.1	1.8
ostta01g02100	AT5G06210.1	0.001
ostta01g02110	AT2G35610.1	0.006
ostta01g02120	AT1G18340.1	1.91e-48
ostta01g02130	AT2G23840.1	2.03e-41
ostta01g02140	AT1G35860.1	0.40
ostta01g02150	AT5G13800.3	0.013
ostta01g02160	AT1G71840.1	1.21e-04
ostta01g02160	AT1G71840.1	0.11
ostta01g02160	AT1G71840.1	2.4
ostta01g02170	AT5G23140.1	1.39e-92
ostta01g02180	AT4G35470.2	1.14e-15
ostta01g02180	AT4G35470.2	8.10e-11
ostta01g02180	AT4G35470.2	1.18e-09
ostta01g02190	AT1G65020.1	0.93
ostta01g02200	AT5G10710.2	3.5
ostta01g02210	AT5G23860.2	0.0
ostta01g02220	AT1G24360.1	7.07e-106
ostta01g02230	AT1G67120.1	0.33
ostta01g02240	AT3G15180.1	0.033
ostta01g02250	AT5G49530.1	1.58e-21
ostta01g02250	AT5G49530.1	0.006
ostta01g02260	AT4G22000.1	0.044
ostta01g02270	AT1G13180.1	0.0
ostta01g02280	AT4G16535.1	2.73e-06
ostta01g02290	AT1G33420.1	5.18e-06
ostta01g02300	AT2G31890.1	1.52e-14
ostta01g02310	AT1G68100.1	1.7
ostta01g02320	AT5G45590.1	4.60e-06
ostta01g02330	AT4G28020.1	4.33e-76
ostta01g02340	AT3G30390.3	2.98e-13
ostta01g02350	AT4G00800.1	2.74e-76
ostta01g02360	AT1G48950.1	0.74
ostta01g02370	AT1G48550.1	1.09e-35
ostta01g02380	AT5G46030.3	2.55e-23
ostta01g02390	AT1G69740.3	8.33e-151
ostta01g02400	AT5G59850.1	3.33e-76
ostta01g02410	AT4G38740.1	1.80e-27
ostta01g02420	AT1G27770.2	4.2
ostta01g02430	AT5G61460.1	0.002
ostta01g02440	AT1G78580.4	0.0
ostta01g02450	AT1G80770.3	6.25e-93
ostta01g02460	AT2G30170.1	2.02e-52
ostta01g02470	AT3G05290.1	4.87e-57
ostta01g02480	AT1G14810.1	1.73e-160
ostta01g02490	AT1G52360.4	0.0
ostta01g02500	AT1G55140.1	1.71e-15
ostta01g02510	AT5G47730.4	1.86e-18
ostta01g02520	AT5G23880.1	2.71e-177
ostta01g02530	AT1G55830.2	1.32e-21
ostta01g02560	AT3G17740.1	4.59e-61
ostta01g02570	AT4G09150.2	4.8
ostta01g02580	AT5G44635.1	0.0
ostta01g02590	AT5G06970.1	6.54e-37
ostta01g02600	AT4G39210.2	1.2
ostta01g02610	AT2G40550.1	8.36e-91
ostta01g02615	AT3G54826.1	5.71e-22
ostta01g02617	AT3G10140.1	1.1
ostta01g02620	AT1G05730.1	2.38e-07
ostta01g02630	AT3G07180.1	8.12e-45
ostta01g02640	AT3G15450.2	0.001
ostta01g02650	AT4G16760.1	6.76e-171
ostta01g02660	AT5G45170.1	7.08e-15
ostta01g02670	AT5G50360.1	9.2
ostta01g02680	AT1G14650.3	1.51e-124
ostta01g02690	AT3G07370.1	1.11e-70
ostta01g02700	AT2G25610.2	7.52e-74
ostta01g02710	AT5G11640.1	5.80e-30
ostta01g02720	AT1G03350.1	4.35e-20
ostta01g02730	AT2G35840.4	2.76e-27
ostta01g02740	AT4G22220.1	1.91e-69
ostta01g02750	AT1G05790.2	4.18e-09
ostta01g02760	AT5G54670.2	7.47e-04
ostta01g02770	AT2G22570.1	0.25
ostta01g02780	AT4G19910.1	2.05e-06
ostta01g02800	AT4G27980.3	0.27
ostta01g02810	AT2G05940.1	2.9
ostta01g02820	AT1G76370.1	7.9
ostta01g02825	AT5G46870.2	1.26e-12
ostta01g02830	AT3G46220.2	2.69e-22
ostta01g02840	AT1G79280.2	0.025
ostta01g02845	AT5G22130.3	6.05e-100
ostta01g02847	AT1G09640.1	0.002
ostta01g02850	AT1G78290.3	6.72e-112
ostta01g02860	AT1G07150.2	7.4
ostta01g02870	AT5G04900.1	1.27e-70
ostta01g02880	AT1G77620.1	0.12
ostta01g02890	AT4G06599.1	1.26e-93
ostta01g02895	AT4G15520.1	4.23e-65
ostta01g02910	AT1G21610.1	6.58e-10
ostta01g02920	AT3G01770.2	7.58e-22
ostta01g02930	AT3G46960.3	0.0
ostta01g02940	AT4G13670.1	0.002
ostta01g02940	AT4G13670.1	3.2
ostta01g02950	AT3G26500.1	6.96e-04
ostta01g02950	AT3G26500.1	0.012
ostta01g02950	AT3G26500.1	0.026
ostta01g02950	AT3G26500.1	9.8
ostta01g02950	AT3G26500.1	10.0
ostta01g02960	AT1G18440.1	6.60e-52
ostta01g02970	AT3G10070.1	1.77e-22
ostta01g02980	AT1G78190.1	1.32e-48
ostta01g02990	AT1G32850.1	7.83e-154
ostta01g03000	AT5G63580.2	0.97
ostta01g03010	AT5G40840.6	0.14
ostta01g03020	AT4G16800.1	2.88e-13
ostta01g03030	AT5G06580.1	1.49e-19
ostta01g03040	AT2G01140.1	4.00e-168
ostta01g03050	AT5G04360.2	0.0
ostta01g03060	AT2G32520.1	2.45e-53
ostta01g03070	AT3G12050.1	1.18e-94
ostta01g03080	AT3G24506.1	0.11
ostta01g03090	AT1G11780.1	2.25e-68
ostta01g03100	AT3G62310.1	0.0
ostta01g03110	AT4G31300.3	2.49e-64
ostta01g03120	AT4G36940.1	0.0
ostta01g03130	AT4G21070.1	3.11e-06
ostta01g03140	AT1G80230.1	6.96e-07
ostta01g03150	AT3G60770.1	2.30e-80
ostta01g03160	AT5G49880.1	3.66e-23
ostta01g03170	AT3G63540.1	2.57e-15
ostta01g03180	AT5G49970.1	1.09e-30
ostta01g03190	AT1G13950.1	2.89e-67
ostta01g03200	AT1G56500.3	1.89e-13
ostta01g03200	AT1G56500.3	8.29e-06
ostta01g03200	AT1G56500.3	3.68e-05
ostta01g03200	AT1G56500.3	0.012
ostta01g03200	AT1G56500.3	2.4
ostta01g03210	AT1G27970.1	3.18e-33
ostta01g03220	AT1G68310.2	1.26e-53
ostta01g03230	AT2G28605.1	1.60e-19
ostta01g03240	AT5G09390.2	1.16e-26
ostta01g03250	AT4G32060.1	3.38e-69
ostta01g03260	AT5G12290.4	4.95e-35
ostta01g03270	AT3G20810.1	1.03e-05
ostta01g03280	AT1G36180.1	0.0
ostta01g03290	AT5G08720.1	6.20e-33
ostta01g03290	AT5G08720.1	0.013
ostta01g03300	AT1G71500.1	7.84e-04
ostta01g03310	AT3G51850.1	0.016
ostta01g03320	AT3G13772.1	0.0
ostta01g03330	AT5G18900.1	5.61e-89
ostta01g03340	AT2G26990.1	0.0
ostta01g03350	AT2G22120.1	1.37e-06
ostta01g03360	AT5G39600.1	7.82e-15
ostta01g03370	AT2G46420.2	3.06e-24
ostta01g03380	AT4G25180.1	6.49e-10
ostta01g03390	AT2G40490.1	1.41e-122
ostta01g03400	AT1G55535.1	5.92e-08
ostta01g03410	AT5G37530.2	8.31e-119
ostta01g03420	AT1G15690.1	3.55e-165
ostta01g03430	AT5G51040.1	4.20e-29
ostta01g03440	AT5G20070.1	1.33e-19
ostta01g03450	AT3G08920.1	7.81e-07
ostta01g03460	AT4G24730.2	1.46e-31
ostta01g03470	AT3G06290.2	4.51e-62
ostta01g03470	AT3G06290.2	5.50e-05
ostta01g03480	AT1G63980.2	3.82e-23
ostta01g03490	AT2G38560.1	1.63e-07
ostta01g03495	AT1G34065.1	5.89e-82
ostta01g03495	AT1G34065.1	6.60e-08
ostta01g03495	AT1G34065.1	2.33e-06
ostta01g03495	AT1G34065.1	4.8
ostta01g03500	AT1G09300.1	2.77e-84
ostta01g03510	AT1G51760.1	0.17
ostta01g03520	AT1G64030.1	0.88
ostta01g03530	AT4G39460.3	9.69e-27
ostta01g03540	AT5G24650.1	2.67e-44
ostta01g03550	AT2G35020.1	2.1
ostta01g03560	AT2G41520.3	1.47e-41
ostta01g03570	AT1G80930.1	0.0
ostta01g03580	AT5G10800.3	3.70e-47
ostta01g03590	AT5G22820.3	0.65
ostta01g03600	AT3G12670.1	0.0
ostta01g03610	AT3G01310.2	5.9
ostta01g03620	AT5G43830.1	1.21e-04
ostta01g03630	AT1G10390.3	2.57e-36
ostta01g03630	AT1G10390.3	3.23e-07
ostta01g03630	AT1G10390.3	0.011
ostta01g03640	AT4G08390.5	7.81e-83
ostta01g03650	AT4G23420.4	2.78e-15
ostta01g03660	AT3G01720.1	1.98e-63
ostta01g03660	AT3G01720.1	4.46e-63
ostta01g03670	AT2G24740.1	0.63
ostta01g03680	AT5G60590.2	3.56e-58
ostta01g03690	AT4G39820.1	0.65
ostta01g03700	AT3G24495.1	2.1
ostta01g03710	AT5G46840.1	4.9
ostta01g03720	AT1G20910.2	6.02e-08
ostta01g03730	AT1G36370.1	3.0
ostta01g03740	AT2G44870.1	0.001
ostta01g03750	AT5G58740.1	4.50e-06
ostta01g03760	AT5G03340.1	0.0
ostta01g03770	AT2G33040.1	1.11e-89
ostta01g03780	AT5G08630.3	4.33e-05
ostta01g03790	AT4G33650.1	0.0
ostta01g03800	AT1G71440.1	1.70e-78
ostta01g03810	AT2G40690.3	2.47e-82
ostta01g03820	AT4G16515.1	3.1
ostta01g03830	AT5G41840.1	4.2
ostta01g03840	AT4G11830.1	1.2
ostta01g03850	AT1G80920.1	1.81e-09
ostta01g03860	AT4G03115.1	2.52e-54
ostta01g03860	AT4G03115.1	2.00e-08
ostta01g03870	AT2G41450.1	6.0
ostta01g03880	AT5G11260.1	5.83e-21
ostta01g03890	AT5G10980.1	1.53e-44
ostta01g03900	AT2G40650.1	9.37e-86
ostta01g03910	AT3G43810.1	2.62e-96
ostta01g03920	AT1G67700.5	2.25e-19
ostta01g03930	AT5G05490.2	2.04e-14
ostta01g03940	AT1G29990.1	3.20e-26
ostta01g03950	AT5G55580.2	5.18e-47
ostta01g03960	AT1G53800.1	2.46e-12
ostta01g03970	AT1G10450.2	4.62e-125
ostta01g03970	AT1G10450.2	1.21e-46
ostta01g03980	AT1G15215.1	0.31
ostta01g03990	AT1G20810.1	4.48e-17
ostta01g03990	AT1G20810.1	9.33e-08
ostta01g04000	AT1G25290.2	2.42e-05
ostta01g04010	AT2G28450.1	1.19e-101
ostta01g04020	AT4G05040.7	0.95
ostta01g04030	ATCG01310.1	1.40e-76
ostta01g04040	AT5G20490.1	0.059
ostta01g04050	AT1G08680.4	1.2
ostta01g04060	AT2G30000.1	6.53e-67
ostta01g04070	AT2G47410.6	1.78e-38
ostta01g04070	AT2G47410.6	1.81e-20
ostta01g04070	AT2G47410.6	0.053
ostta01g04070	AT2G47410.6	1.5
ostta01g04080	AT1G57600.4	0.31
ostta01g04090	AT5G15802.1	0.72
ostta01g04100	AT1G21650.2	0.0
ostta01g04100	AT1G21650.2	1.45e-11
ostta01g04110	AT5G23080.1	4.25e-44
ostta01g04120	AT1G67120.2	0.0
ostta01g04120	AT1G67120.2	0.0
ostta01g04120	AT1G67120.2	1.24e-144
ostta01g04120	AT1G67120.2	2.20e-93
ostta01g04120	AT1G67120.2	2.54e-49
ostta01g04120	AT1G67120.2	5.26e-34
ostta01g04120	AT1G67120.2	6.60e-34
ostta01g04120	AT1G67120.2	1.81e-30
ostta01g04120	AT1G67120.2	3.25e-24
ostta01g04120	AT1G67120.2	2.22e-16
ostta01g04120	AT1G67120.2	9.76e-16
ostta01g04120	AT1G67120.2	1.10e-10
ostta01g04120	AT1G67120.2	3.79e-06
ostta01g04120	AT1G67120.2	1.23e-05
ostta01g04120	AT1G67120.2	0.007
ostta01g04120	AT1G67120.2	0.009
ostta01g04120	AT1G67120.2	0.061
ostta01g04120	AT1G67120.2	0.53
ostta01g04120	AT1G67120.2	1.5
ostta01g04130	AT1G17520.2	4.05e-11
ostta01g04140	AT4G01150.1	0.001
ostta01g04150	AT5G64050.1	0.0
ostta01g04160	AT5G16060.1	6.31e-14
ostta01g04170	AT1G73060.1	1.79e-90
ostta01g04180	AT5G49630.1	6.9
ostta01g04190	AT4G01860.2	3.82e-46
ostta01g04190	AT4G01860.2	3.52e-12
ostta01g04190	AT4G01860.2	0.91
ostta01g04200	AT5G60460.2	4.79e-16
ostta01g04210	AT3G22845.1	5.30e-05
ostta01g04230	AT1G44170.2	3.29e-93
ostta01g04240	AT3G06670.2	2.6
ostta01g04250	AT5G57300.4	1.54e-95
ostta01g04260	AT5G52280.1	0.51
ostta01g04270	AT5G10270.1	2.64e-170
ostta01g04275	AT1G51160.3	6.46e-31
ostta01g04280	AT5G41080.2	3.39e-47
ostta01g04290	AT3G47610.1	2.51e-15
ostta01g04300	AT4G32500.1	1.35e-09
ostta01g04310	AT5G50840.2	0.018
ostta01g04320	AT5G23860.2	0.0
ostta01g04330	AT2G38270.1	1.39e-67
ostta01g04340	AT5G26710.1	0.0
ostta01g04350	AT3G43220.2	2.0
ostta01g04360	AT5G13800.2	1.23e-77
ostta01g04370	AT1G22100.1	2.28e-10
ostta01g04380	AT4G13290.1	3.2
ostta01g04390	AT1G51450.1	7.76e-37
ostta01g04400	AT2G35080.2	0.060
ostta01g04410	AT4G30930.1	6.66e-28
ostta01g04420	AT1G05060.1	0.040
ostta01g04430	AT5G55180.1	1.6
ostta01g04440	AT3G51890.1	0.81
ostta01g04450	AT4G05000.3	1.35e-54
ostta01g04460	AT5G60390.3	1.36e-11
ostta01g04470	AT3G45330.1	5.11e-04
ostta01g04480	AT4G32810.1	1.10e-22
ostta01g04490	AT5G36160.1	1.76e-88
ostta01g04500	AT4G10050.1	4.33e-06
ostta01g04510	AT5G23070.1	2.56e-44
ostta01g04520	AT1G65280.2	1.41e-41
ostta01g04520	AT1G65280.2	1.4
ostta01g04530	AT4G26860.1	2.29e-105
ostta01g04540	AT5G22875.3	7.14e-09
ostta01g04550	AT5G50960.1	8.02e-142
ostta01g04560	AT3G48990.1	1.04e-63
ostta01g04570	AT5G15920.1	7.2
ostta01g04580	AT1G10010.1	3.9
ostta01g04585	AT1G51830.2	0.65
ostta01g04590	AT5G06710.1	0.47
ostta01g04600	AT4G01830.1	0.0
ostta01g04600	AT4G01830.1	2.57e-88
ostta01g04600	AT4G01830.1	3.44e-17
ostta01g04610	AT1G65470.2	3.17e-11
ostta01g04620	AT4G24520.1	1.89e-174
ostta01g04630	AT3G16770.1	1.78e-24
ostta01g04640	AT5G37210.1	0.48
ostta01g04650	AT4G08850.1	3.69e-30
ostta01g04650	AT4G08850.1	1.12e-23
ostta01g04650	AT4G08850.1	1.49e-22
ostta01g04650	AT4G08850.1	6.04e-19
ostta01g04650	AT4G08850.1	7.32e-16
ostta01g04650	AT4G08850.1	7.48e-09
ostta01g04660	AT1G07670.2	0.0
ostta01g04670	AT1G02890.1	2.7
ostta01g04680	AT1G56440.2	2.80e-25
ostta01g04690	AT1G12230.2	8.4
ostta01g04700	AT2G25970.1	4.18e-04
ostta01g04700	AT2G25970.1	0.023
ostta01g04710	AT3G20810.1	1.24e-31
ostta01g04720	AT5G25820.1	2.85e-17
ostta01g04730	AT2G42210.5	1.77e-17
ostta01g04740	AT1G29630.2	1.99e-102
ostta01g04750	AT1G34300.1	0.065
ostta01g04760	AT3G17450.2	0.52
ostta01g04770	AT4G20380.8	9.08e-13
ostta01g04770	AT4G20380.8	8.59e-04
ostta01g04770	AT4G20380.8	0.10
ostta01g04780	AT1G06780.1	3.9
ostta01g04790	AT2G47980.1	1.30e-70
ostta01g04800	AT4G00525.1	0.011
ostta01g04810	AT3G61870.1	4.20e-78
ostta01g04820	AT2G28190.1	0.014
ostta01g04820	AT2G28190.1	0.77
ostta01g04830	AT5G51220.2	1.56e-41
ostta01g04840	AT4G32720.2	1.39e-23
ostta01g04850	AT1G79730.1	6.07e-35
ostta01g04860	AT3G54900.1	1.19e-55
ostta01g04870	AT2G06025.6	2.07e-10
ostta01g04880	AT3G53270.9	1.95e-04
ostta01g04890	AT3G20810.1	1.52e-71
ostta01g04900	AT4G01610.2	4.45e-27
ostta01g04910	AT2G35710.4	0.002
ostta01g04920	AT2G30950.4	0.0
ostta01g04930	AT1G47278.3	2.95e-07
ostta01g04940	AT5G01530.1	9.30e-27
ostta01g04950	AT1G53750.1	0.0
ostta01g04960	AT1G72170.1	3.5
ostta01g04970	AT4G39160.3	2.06e-17
ostta01g04980	AT4G34910.1	8.66e-127
ostta01g04990	AT5G65380.1	2.3
ostta01g05000	AT5G27660.1	6.49e-48
ostta01g05005	AT5G66140.1	3.12e-113
ostta01g05020	AT5G16570.1	0.001
ostta01g05030	AT5G24360.1	5.61e-23
ostta01g05040	AT5G26667.4	7.70e-82
ostta01g05050	AT4G30240.1	2.2
ostta01g05060	AT4G04830.1	5.09e-45
ostta01g05070	AT5G63860.1	8.89e-36
ostta01g05070	AT5G63860.1	1.47e-18
ostta01g05070	AT5G63860.1	2.55e-11
ostta01g05080	AT5G18900.1	1.02e-60
ostta01g05090	AT4G21540.1	3.30e-16
ostta01g05100	AT3G12370.1	2.4
ostta01g05110	AT2G32230.2	1.17e-61
ostta01g05120	AT1G24310.1	3.31e-11
ostta01g05150	AT4G26160.1	0.49
ostta01g05155	AT2G43180.2	1.11e-106
ostta01g05160	AT4G37940.3	5.26e-20
ostta01g05170	AT5G09850.5	4.85e-04
ostta01g05180	AT5G04810.1	1.88e-35
ostta01g05180	AT5G04810.1	1.25e-24
ostta01g05180	AT5G04810.1	1.04e-09
ostta01g05180	AT5G04810.1	0.029
ostta01g05180	AT5G04810.1	4.2
ostta01g05190	AT1G03140.1	3.81e-64
ostta01g05200	AT5G44785.1	8.82e-12
ostta01g05200	AT5G44785.1	2.67e-09
ostta01g05200	AT5G44785.1	2.51e-08
ostta01g05210	AT2G25290.4	4.20e-46
ostta01g05220	AT1G17600.1	5.3
ostta01g05230	AT5G15550.3	3.04e-75
ostta01g05240	AT1G50030.1	0.0
ostta01g05250	AT5G62810.1	8.04e-08
ostta01g05260	AT1G74040.1	0.0
ostta01g05270	AT1G17700.1	0.94
ostta01g05280	AT5G13480.3	5.33e-99
ostta01g05280	AT5G13480.3	2.69e-16
ostta01g05290	AT5G66530.3	1.15e-76
ostta01g05310	AT1G49490.2	8.88e-07
ostta01g05310	AT1G49490.2	1.17e-05
ostta01g05310	AT1G49490.2	3.29e-05
ostta01g05320	AT1G21720.1	1.02e-77
ostta01g05330	AT5G67490.1	1.92e-09
ostta01g05340	AT5G53350.1	1.57e-149
ostta01g05350	AT4G25960.1	0.98
ostta01g05360	AT3G18760.1	1.86e-16
ostta01g05380	AT4G20760.1	1.72e-81
ostta01g05390	AT1G55805.1	1.22e-20
ostta01g05400	AT3G09790.2	6.3
ostta01g05410	AT5G59900.1	1.30e-11
ostta01g05410	AT5G59900.1	0.030
ostta01g05410	AT5G59900.1	5.2
ostta01g05420	AT3G44600.1	0.0
ostta01g05430	AT2G35210.1	1.36e-32
ostta01g05440	AT5G47690.1	7.68e-83
ostta01g05450	AT1G54320.1	2.91e-66
ostta01g05460	AT1G03280.3	2.02e-35
ostta01g05470	AT3G10530.1	1.24e-128
ostta01g05480	AT1G61570.1	5.40e-19
ostta01g05490	AT1G12580.1	1.63e-30
ostta01g05500	AT2G02480.2	1.8
ostta01g05510	AT4G24204.1	2.05e-08
ostta01g05520	AT3G59650.1	7.10e-17
ostta01g05540	AT2G02050.1	3.72e-31
ostta01g05550	AT4G15110.1	0.0
ostta01g05560	AT1G59900.1	2.23e-179
ostta01g05570	AT4G13590.1	0.002
ostta01g05580	AT4G31390.1	0.0
ostta01g05590	AT1G14660.1	1.77e-99
ostta01g05600	AT2G46520.1	0.0
ostta01g05610	AT3G02450.1	1.51e-114
ostta01g05620	AT1G08490.1	3.47e-13
ostta01g05630	AT2G25170.4	1.30e-139
ostta01g05630	AT2G25170.4	0.079
ostta01g05640	AT1G78915.1	1.55e-15
ostta01g05650	AT4G16520.2	9.55e-67
ostta01g05660	AT3G04500.1	2.79e-47
ostta01g05670	AT1G71800.1	7.95e-38
ostta01g05670	AT1G71800.1	0.062
ostta01g05680	AT3G53640.1	1.13e-154
ostta01g05690	AT5G45930.1	2.60e-146
ostta01g05700	AT5G63890.1	0.0
ostta01g05710	AT3G57340.2	7.40e-36
ostta01g05720	AT1G10150.1	3.00e-07
ostta01g05730	AT5G61220.3	1.7
ostta01g05740	AT3G51480.3	1.4
ostta01g05750	AT2G42770.1	3.60e-32
ostta01g05760	AT4G10100.3	1.43e-13
ostta01g05770	AT4G36880.1	5.53e-31
ostta01g05780	AT5G11980.2	3.71e-116
ostta01g05790	AT3G51620.2	4.59e-77
ostta01g05810	AT5G55910.2	9.7
ostta01g05820	AT5G17900.1	6.00e-57
ostta01g05830	AT5G14740.9	2.57e-30
ostta01g05840	AT5G40820.2	0.22
ostta01g05850	AT4G21470.1	1.78e-92
ostta01g05860	AT2G40800.1	1.23e-13
ostta01g05870	AT1G80410.1	4.07e-148
ostta01g05880	AT1G17730.1	1.40e-76
ostta01g05890	AT4G23430.2	5.60e-45
ostta01g05900	AT5G64730.1	1.85e-73
ostta01g05910	AT4G09750.1	4.62e-58
ostta01g05920	AT4G34570.4	0.0
ostta01g05930	AT4G27760.1	9.66e-47
ostta01g05940	AT4G00850.2	1.9
ostta01g05950	AT4G09750.1	5.14e-40
ostta01g05960	AT5G48060.1	1.96e-06
ostta01g05960	AT5G48060.1	0.003
ostta01g05960	AT5G48060.1	1.5
ostta01g05960	AT5G48060.1	2.2
ostta01g05970	AT5G18400.3	3.29e-18
ostta01g05980	AT1G76450.1	2.62e-17
ostta01g05990	AT5G49555.1	2.84e-09
ostta01g06000	AT3G54210.1	1.12e-49
ostta01g06010	AT5G14520.1	7.92e-137
ostta01g06020	AT2G33735.2	1.4
ostta01g06030	AT1G70210.1	9.43e-10
ostta01g06040	AT4G38350.2	0.001
ostta01g06050	AT5G58340.2	3.98e-09
ostta01g06060	AT1G40087.1	1.2
ostta01g06070	AT1G19870.1	0.67
ostta01g06080	AT4G39520.1	5.91e-175
ostta01g06090	AT1G08125.2	2.87e-07
ostta01g06100	AT1G32080.1	3.67e-92
ostta01g06110	AT4G22120.6	4.31e-17
ostta01g06110	AT4G22120.6	2.34e-09
ostta01g06120	AT5G45140.2	0.0
ostta01g06130	AT2G42810.3	0.003
ostta01g06140	AT1G30520.2	1.20e-69
ostta01g06150	AT2G26760.1	1.15e-81
ostta01g06160	AT4G32910.1	3.36e-25
ostta01g06170	AT5G48810.1	2.45e-28
ostta01g06180	AT4G35940.1	1.4
ostta01g06190	AT1G69520.2	0.013
ostta01g06200	AT4G04605.1	0.24
ostta01g06210	AT1G08125.1	1.18e-16
ostta01g06220	AT3G14120.1	6.98e-38
ostta01g06220	AT3G14120.1	0.37
ostta01g06230	AT5G24460.1	1.63e-16
ostta01g06240	AT4G35450.4	2.69e-94
ostta01g06250	AT2G18460.1	2.5
ostta01g06260	AT1G72030.1	1.05e-08
ostta01g06270	AT4G13720.2	3.12e-85
ostta01g06280	AT1G24490.2	1.4
ostta01g06290	AT4G21470.1	1.70e-21
ostta01g06310	AT3G04280.3	1.04e-04
ostta01g06320	AT1G19450.1	3.5
ostta01g06330	AT5G15920.1	5.90e-165
ostta01g06340	AT5G59970.2	4.29e-68
ostta01g06350	AT5G59970.2	4.29e-68
ostta01g06360	AT1G08260.2	1.1
ostta01g06370	AT4G29520.1	9.49e-43
ostta01g06380	AT5G63860.1	4.32e-36
ostta01g06380	AT5G63860.1	3.78e-26
ostta01g06380	AT5G63860.1	7.03e-12
ostta01g06390	AT2G35040.2	0.0
ostta01g06400	AT2G18770.2	3.0
ostta01g06410	AT4G10260.1	3.5
ostta01g06420	AT1G03110.1	9.86e-38
ostta01g06430	AT1G60550.1	5.54e-140
ostta01g06440	AT5G15680.1	1.6
ostta01g06450	AT3G07400.1	1.10e-19
ostta01g06460	AT2G38740.1	1.93e-36
ostta01g06465	AT1G02330.1	8.24e-05
ostta01g06470	AT5G24850.1	1.55e-129
ostta01g06490	AT4G26690.1	0.29
ostta01g06500	AT5G59740.1	2.56e-101
ostta01g06510	AT1G08400.1	0.12
ostta01g06520	AT5G46380.1	0.68
ostta01g06530	AT2G27285.1	9.42e-31
ostta01g06540	AT4G23650.1	2.25e-08
ostta01g06545	AT4G34390.1	5.0
ostta01g06550	AT1G09010.1	7.6
ostta01g06555	AT5G58210.4	0.48
ostta01g06560	AT4G16765.6	2.70e-13
ostta01g06570	AT2G38880.9	0.010
ostta01g06580	AT3G16330.1	5.9
ostta01g06590	AT2G07020.1	0.69
ostta01g06600	AT4G27190.1	5.1
ostta01g06610	AT4G03280.1	6.88e-71
ostta01g06620	AT5G52210.2	3.74e-29
ostta01g06630	AT5G05820.1	6.06e-113
ostta01g06640	AT4G03560.1	1.65e-13
ostta01g06640	AT4G03560.1	7.65e-07
ostta01g06640	AT4G03560.1	1.65e-05
ostta01g06640	AT4G03560.1	1.8
ostta01g06640	AT4G03560.1	4.4
ostta01g06640	AT4G03560.1	5.4
ostta01g06650	AT5G03170.1	0.12
ostta01g06660	AT3G25110.1	5.65e-53
ostta01g06670	AT4G01935.1	1.65e-08
ostta01g06680	AT3G10420.2	2.84e-152
ostta10g00010	AT3G11964.2	0.0
ostta10g00010	AT3G11964.2	6.74e-75
ostta10g00020	AT5G62600.1	1.25e-04
ostta10g00030	AT5G15860.1	4.12e-85
ostta10g00040	AT1G56290.1	1.00e-104
ostta10g00050	AT1G04690.1	8.57e-18
ostta10g00070	AT1G79590.2	1.91e-11
ostta10g00080	AT1G70070.1	0.0
ostta10g00090	AT1G69070.2	1.00e-59
ostta10g00100	AT2G31170.1	0.0
ostta10g00110	AT5G49940.1	2.98e-72
ostta10g00120	AT1G36050.2	7.10e-60
ostta10g00130	AT5G42470.1	1.2
ostta10g00140	AT1G79190.1	8.00e-42
ostta10g00150	AT1G31970.1	3.55e-157
ostta10g00160	AT5G51540.1	1.20e-140
ostta10g00170	AT3G20810.1	2.39e-05
ostta10g00180	AT1G63490.2	1.39e-15
ostta10g00190	AT3G47550.1	0.090
ostta10g00200	AT4G35760.1	1.03e-67
ostta10g00210	AT1G01410.1	3.0
ostta10g00220	AT4G29830.1	2.40e-73
ostta10g00230	AT4G39960.2	3.67e-149
ostta10g00240	AT1G80810.3	0.48
ostta10g00250	AT1G34360.3	5.36e-19
ostta10g00260	AT1G69830.1	0.0
ostta10g00260	AT1G69830.1	5.66e-09
ostta10g00260	AT1G69830.1	0.026
ostta10g00270	AT3G01770.1	3.52e-07
ostta10g00280	AT4G21140.1	9.47e-07
ostta10g00290	AT1G19920.1	8.15e-31
ostta10g00300	AT2G33210.1	0.0
ostta10g00310	AT5G52800.3	2.54e-54
ostta10g00320	AT3G18600.1	0.0
ostta10g00330	AT1G01170.2	2.02e-07
ostta10g00340	AT1G08840.2	1.72e-137
ostta10g00350	AT4G16710.4	6.77e-39
ostta10g00360	AT3G48425.1	2.34e-50
ostta10g00370	AT4G33120.1	2.59e-109
ostta10g00380	AT2G22870.1	1.64e-49
ostta10g00390	AT4G11790.1	1.59e-06
ostta10g00390	AT4G11790.1	3.38e-06
ostta10g00400	AT3G62410.1	0.034
ostta10g00400	AT3G62410.1	1.4
ostta10g00410	AT5G47680.1	3.88e-39
ostta10g00420	AT2G04030.1	1.67e-102
ostta10g00430	AT2G38560.1	2.27e-49
ostta10g00440	AT4G14490.1	2.18e-13
ostta10g00450	AT4G38350.1	1.50e-08
ostta10g00450	AT4G38350.1	1.53e-04
ostta10g00500	AT5G01260.2	7.32e-10
ostta10g00510	AT1G45233.2	1.59e-22
ostta10g00520	AT1G67440.1	1.45e-99
ostta10g00530	AT5G19760.1	6.58e-111
ostta10g00540	AT1G48900.1	7.84e-172
ostta10g00540	AT1G48900.1	2.03e-11
ostta10g00545	AT1G43560.1	4.45e-11
ostta10g00550	AT4G36195.2	5.03e-41
ostta10g00560	AT2G42490.1	0.096
ostta10g00565	AT3G56510.5	3.62e-50
ostta10g00570	AT4G35987.1	2.93e-08
ostta10g00580	AT2G43360.1	2.41e-135
ostta10g00590	AT2G36000.1	1.5
ostta10g00600	AT5G23300.1	4.6
ostta10g00610	AT5G53400.1	1.83e-04
ostta10g00620	AT5G47570.1	1.12e-08
ostta10g00630	AT2G27600.1	0.0
ostta10g00640	AT1G08130.1	0.0
ostta10g00650	AT5G44750.1	2.49e-69
ostta10g00660	AT5G17010.4	1.8
ostta10g00670	AT1G02970.1	8.10e-41
ostta10g00680	AT4G05190.2	9.38e-127
ostta10g00680	AT4G05190.2	0.12
ostta10g00690	AT5G53580.1	3.80e-119
ostta10g00700	AT1G61620.1	8.5
ostta10g00710	AT4G27540.1	1.35e-04
ostta10g00720	AT3G05800.1	0.053
ostta10g00730	AT2G22260.9	0.004
ostta10g00740	AT3G52200.1	2.34e-67
ostta10g00750	AT1G65130.5	4.9
ostta10g00760	AT4G25434.11	0.001
ostta10g00770	AT5G04620.2	2.26e-105
ostta10g00780	AT3G24200.2	4.30e-80
ostta10g00790	AT5G13740.1	3.85e-07
ostta10g00800	AT1G09575.2	5.58e-29
ostta10g00810	AT1G15470.1	4.39e-129
ostta10g00820	AT3G50920.2	8.85e-26
ostta10g00830	AT1G20260.1	0.0
ostta10g00840	AT5G42300.1	7.01e-44
ostta10g00850	AT3G46200.2	6.70e-44
ostta10g00860	AT5G20350.1	1.77e-18
ostta10g00870	AT2G18470.3	0.061
ostta10g00880	AT4G24170.2	1.4
ostta10g00890	AT1G25580.1	0.56
ostta10g00900	AT5G17550.2	0.79
ostta10g00910	AT4G37630.2	2.66e-04
ostta10g00920	AT1G77760.1	0.0
ostta10g00930	AT2G15620.1	0.0
ostta10g00940	AT5G50200.3	4.67e-04
ostta10g00950	AT5G60770.1	5.23e-167
ostta10g00960	AT1G80310.1	1.63e-83
ostta10g00970	AT2G31955.5	1.37e-153
ostta10g00980	AT1G63670.4	0.89
ostta10g00990	AT5G55130.1	2.02e-75
ostta10g01000	AT5G48810.1	1.78e-09
ostta10g01010	AT1G34480.1	6.3
ostta10g01020	AT2G38910.1	5.97e-37
ostta10g01030	AT3G58580.1	1.73e-177
ostta10g01040	AT5G07010.1	0.29
ostta10g01050	AT4G32830.1	7.21e-150
ostta10g01060	AT1G08620.3	0.69
ostta10g01070	AT5G42140.2	9.63e-60
ostta10g01070	AT5G42140.2	1.64e-07
ostta10g01070	AT5G42140.2	0.51
ostta10g01080	AT3G26085.3	0.12
ostta10g01090	AT5G65440.2	1.4
ostta10g01100	AT2G29960.3	2.85e-43
ostta10g01110	AT1G13980.2	0.0
ostta10g01120	AT5G42270.1	1.09e-99
ostta10g01130	AT5G47610.1	7.2
ostta10g01140	AT1G10580.1	0.0
ostta10g01150	AT3G20390.1	1.44e-05
ostta10g01160	AT3G54940.2	1.14e-121
ostta10g01170	AT4G00585.1	2.15e-11
ostta10g01180	AT3G14290.1	1.38e-114
ostta10g01190	AT5G03415.1	9.29e-48
ostta10g01200	AT1G32430.1	0.88
ostta10g01210	AT1G08420.1	0.0
ostta10g01220	AT1G64330.1	0.31
ostta10g01230	AT3G51390.2	5.29e-24
ostta10g01240	AT1G13310.1	5.41e-07
ostta10g01250	AT4G15070.1	0.44
ostta10g01260	AT1G53580.1	2.28e-93
ostta10g01270	AT1G54250.1	1.36e-45
ostta10g01280	AT5G56000.1	0.0
ostta10g01290	AT2G29900.1	5.52e-76
ostta10g01300	AT5G52570.2	8.1
ostta10g01310	AT3G51030.1	3.83e-23
ostta10g01320	AT1G32160.1	4.23e-54
ostta10g01330	AT1G77810.2	3.1
ostta10g01340	AT4G17895.1	1.90e-11
ostta10g01350	AT2G34980.1	2.72e-11
ostta10g01360	AT4G35800.2	0.0
ostta10g01370	AT5G50950.2	0.0
ostta10g01380	AT5G41970.1	2.55e-111
ostta10g01390	AT5G50970.1	0.22
ostta10g01400	AT3G23150.2	2.2
ostta10g01420	AT3G08970.2	1.40e-21
ostta10g01430	AT3G07560.1	3.46e-17
ostta10g01440	AT5G43930.3	9.76e-59
ostta10g01440	AT5G43930.3	6.02e-48
ostta10g01450	AT2G20030.1	3.10e-11
ostta10g01460	AT1G77000.4	4.30e-06
ostta10g01460	AT1G77000.4	7.1
ostta10g01470	AT1G18270.3	3.98e-14
ostta10g01480	AT1G80920.1	4.52e-04
ostta10g01490	AT4G34200.1	1.44e-30
ostta10g01500	AT5G01590.1	7.13e-09
ostta10g01510	AT3G03210.1	8.35e-14
ostta10g01520	AT3G14650.1	0.73
ostta10g01530	AT2G17890.1	3.37e-35
ostta10g01540	AT5G63570.2	1.9
ostta10g01550	AT2G01320.8	2.23e-114
ostta10g01560	AT1G17130.1	1.64e-83
ostta10g01570	AT3G13050.4	3.54e-100
ostta10g01580	AT3G13350.1	5.22e-05
ostta10g01590	AT5G61880.2	4.32e-29
ostta10g01600	AT5G58450.2	1.44e-18
ostta10g01610	AT1G68830.1	1.25e-131
ostta10g01620	AT1G23465.1	7.58e-33
ostta10g01630	AT5G55490.8	2.1
ostta10g01640	AT5G01500.1	5.45e-70
ostta10g01640	AT5G01500.1	1.19e-15
ostta10g01650	AT5G65530.1	1.5
ostta10g01660	AT1G79610.1	2.6
ostta10g01670	AT5G45120.1	2.2
ostta10g01680	AT5G13490.2	3.97e-88
ostta10g01690	AT3G16170.1	3.63e-116
ostta10g01700	AT5G58870.1	0.0
ostta10g01705	AT5G66960.1	2.2
ostta10g01710	AT1G28090.4	3.0
ostta10g01720	AT3G16090.1	2.58e-116
ostta10g01730	AT1G70040.1	2.0
ostta10g01740	AT4G38890.1	1.27e-144
ostta10g01740	AT4G38890.1	5.59e-14
ostta10g01745	AT3G14110.2	2.61e-21
ostta10g01750	AT1G63270.1	2.9
ostta10g01760	AT1G15520.1	5.05e-97
ostta10g01760	AT1G15520.1	7.59e-51
ostta10g01790	AT5G43810.4	1.3
ostta10g01800	AT5G06140.1	6.87e-16
ostta10g01810	AT5G39900.1	0.0
ostta10g01820	AT5G16620.1	2.57e-46
ostta10g01830	AT2G42810.5	1.23e-56
ostta10g01840	AT3G04710.3	7.35e-07
ostta10g01840	AT3G04710.3	0.002
ostta10g01850	AT5G59180.1	1.26e-66
ostta10g01860	AT5G55550.8	0.025
ostta10g01870	AT2G20360.1	1.49e-89
ostta10g01880	AT1G49430.1	6.6
ostta10g01890	AT1G09020.1	1.03e-94
ostta10g01900	AT5G17270.1	6.52e-94
ostta10g01910	AT3G02540.3	2.71e-77
ostta10g01920	AT5G11290.2	1.3
ostta10g01930	AT2G34630.2	0.023
ostta10g01940	AT2G34460.1	7.03e-40
ostta10g01950	AT2G33730.1	0.0
ostta10g01960	AT5G52370.1	0.004
ostta10g01980	AT4G25700.1	1.26e-73
ostta10g01990	AT3G26820.1	0.88
ostta10g02000	AT2G26470.2	4.62e-19
ostta10g02010	AT1G08125.2	8.83e-06
ostta10g02015	AT5G56710.1	7.63e-44
ostta10g02020	AT1G66560.1	1.4
ostta10g02025	AT5G62300.2	0.53
ostta10g02030	AT5G42370.1	7.36e-53
ostta10g02040	AT3G03980.1	2.73e-20
ostta10g02050	AT1G71696.2	5.00e-65
ostta10g02060	AT5G49150.3	2.51e-05
ostta10g02060	AT5G49150.3	6.31e-04
ostta10g02060	AT5G49150.3	0.002
ostta10g02060	AT5G49150.3	1.1
ostta10g02070	AT4G18770.1	9.36e-47
ostta10g02080	AT3G05480.1	1.83e-26
ostta10g02100	AT3G18524.1	0.0
ostta10g02120	AT5G09680.2	2.45e-04
ostta10g02130	AT4G02220.1	6.95e-41
ostta10g02140	AT1G14850.1	8.33e-152
ostta10g02160	AT1G07140.1	4.17e-33
ostta10g02170	AT3G51100.3	1.51e-06
ostta10g02180	AT5G62290.2	4.44e-04
ostta10g02190	AT1G74920.1	0.0
ostta10g02200	AT4G39660.1	2.06e-20
ostta10g02210	AT1G64880.1	1.04e-36
ostta10g02220	AT2G34090.1	6.45e-26
ostta10g02220	AT2G34090.1	2.24e-13
ostta10g02230	AT5G16000.1	2.5
ostta10g02240	AT1G66070.2	1.08e-18
ostta10g02250	AT5G06350.2	2.03e-12
ostta10g02255	AT5G46290.1	4.22e-06
ostta10g02260	AT1G03600.1	0.37
ostta10g02270	AT4G26555.1	4.45e-31
ostta10g02280	AT5G55820.10	0.23
ostta10g02290	AT2G19680.2	3.42e-15
ostta10g02300	AT2G45680.1	3.8
ostta10g02310	AT5G25150.1	1.97e-157
ostta10g02320	AT2G38770.1	3.1
ostta10g02330	AT1G76220.1	0.13
ostta10g02340	AT2G29650.1	8.53e-76
ostta10g02350	AT1G73360.1	1.1
ostta10g02360	AT1G20760.1	0.003
ostta10g02370	AT3G50040.4	0.41
ostta10g02380	AT2G47410.2	0.048
ostta10g02390	AT1G80220.1	1.9
ostta10g02400	AT4G18810.2	8.53e-20
ostta10g02410	AT3G16630.2	6.25e-45
ostta10g02420	AT1G51300.3	1.87e-06
ostta10g02435	AT3G59380.1	1.34e-23
ostta10g02440	AT3G63530.2	1.99e-27
ostta10g02450	AT4G37110.4	1.38e-22
ostta10g02460	AT1G25220.1	6.05e-89
ostta10g02470	AT5G19370.1	1.92e-12
ostta10g02490	AT4G05090.2	3.44e-30
ostta10g02500	AT2G46180.1	1.2
ostta10g02510	AT3G50370.2	0.47
ostta10g02520	AT3G01160.1	4.69e-47
ostta10g02530	AT1G64150.1	5.64e-49
ostta10g02540	AT3G57050.5	9.46e-25
ostta10g02550	AT3G54380.3	1.17e-06
ostta10g02560	AT4G20960.1	1.6
ostta10g02570	AT3G55610.1	6.52e-175
ostta10g02580	AT2G46210.1	7.35e-20
ostta10g02590	AT4G35410.2	1.02e-63
ostta10g02600	AT1G68040.1	3.8
ostta10g02610	AT4G14910.1	2.45e-47
ostta10g02610	AT4G14910.1	9.31e-27
ostta10g02620	AT1G31970.1	2.0
ostta10g02630	AT4G30920.1	5.44e-41
ostta10g02640	AT4G16410.1	0.002
ostta10g02650	AT2G18500.1	1.2
ostta10g02660	AT4G38800.1	1.14e-62
ostta10g02670	AT1G47750.1	5.16e-15
ostta10g02680	AT1G09060.2	0.023
ostta10g02690	AT5G47010.1	2.10e-04
ostta10g02700	AT3G06483.1	8.12e-162
ostta10g02710	AT1G79090.3	1.79e-40
ostta10g02720	AT5G49930.1	1.25e-133
ostta10g02730	AT2G13600.1	1.3
ostta10g02740	AT2G31432.2	4.8
ostta10g02750	AT2G16600.1	2.64e-74
ostta10g02760	AT2G30105.1	9.82e-23
ostta10g02770	AT1G79050.1	4.57e-142
ostta10g02780	AT1G11860.2	4.78e-154
ostta10g02790	AT1G02970.1	3.70e-62
ostta10g02800	AT4G14965.1	9.52e-29
ostta10g02810	AT2G25910.2	1.04e-15
ostta10g02820	AT1G65070.1	5.19e-81
ostta10g02830	AT1G05460.2	2.02e-83
ostta10g02840	AT2G34750.1	1.11e-44
ostta10g02850	AT3G24020.1	0.71
ostta10g02860	AT4G14210.3	0.0
ostta10g02870	AT4G31400.1	3.18e-21
ostta10g02880	AT2G24765.1	4.40e-99
ostta10g02890	AT4G35480.1	1.21e-09
ostta10g02900	AT5G09410.2	3.20e-40
ostta10g02900	AT5G09410.2	7.34e-15
ostta10g02900	AT5G09410.2	2.51e-04
ostta10g02910	AT2G18290.1	2.12e-58
ostta10g02920	AT4G34700.1	3.11e-24
ostta10g02930	AT2G21440.1	2.75e-99
ostta10g02930	AT2G21440.1	7.75e-10
ostta10g02930	AT2G21440.1	3.94e-06
ostta10g02930	AT2G21440.1	3.84e-04
ostta10g02930	AT2G21440.1	4.55e-04
ostta10g02930	AT2G21440.1	5.82e-04
ostta10g02940	AT5G43710.2	2.75e-176
ostta10g02950	AT2G25190.1	2.00e-28
ostta10g02960	AT2G19790.1	6.73e-61
ostta10g02970	AT1G15020.3	3.13e-44
ostta10g02980	AT3G46610.2	0.59
ostta10g02990	AT1G24440.2	2.27e-09
ostta10g03000	AT5G07810.1	1.85e-97
ostta10g03000	AT5G07810.1	8.10e-33
ostta10g03010	AT1G78900.2	0.0
ostta10g03020	AT3G51450.1	2.3
ostta10g03030	ATCG01280.1	0.90
ostta10g03040	AT4G04700.1	3.3
ostta10g03050	AT3G24100.1	5.12e-05
ostta10g03060	AT5G48730.1	0.24
ostta10g03070	AT1G02130.1	2.65e-07
ostta10g03080	ATCG00660.1	0.28
ostta10g03090	AT2G41450.1	0.14
ostta10g03100	AT1G59640.2	0.38
ostta10g03110	AT3G02600.2	2.3
ostta10g03120	AT4G36950.1	1.6
ostta10g03130	AT4G19720.1	8.61e-04
ostta10g03135	AT2G27020.1	3.06e-95
ostta10g03140	AT4G37200.1	3.05e-49
ostta10g03150	AT2G17730.1	5.38e-18
ostta10g03160	AT5G12410.1	0.15
ostta10g03170	AT3G43790.4	2.83e-16
ostta10g03180	AT1G21210.1	0.82
ostta10g03185	AT3G13020.1	1.8
ostta10g03190	AT3G02640.1	6.0
ostta10g03200	AT2G26080.1	0.0
ostta10g03220	AT4G18372.2	3.86e-07
ostta10g03230	AT1G20575.1	0.001
ostta10g03240	AT5G53170.1	0.0
ostta10g03250	AT1G50510.1	1.25e-113
ostta10g03260	AT3G58750.1	5.8
ostta10g03270	AT5G61560.2	1.5
ostta10g03280	AT3G51110.1	7.0
ostta10g03290	AT3G06980.1	3.67e-118
ostta10g03300	AT1G06110.1	4.37e-08
ostta10g03310	AT2G45200.1	3.77e-31
ostta10g03320	AT1G15190.1	3.7
ostta10g03330	AT5G60410.4	1.7
ostta10g03340	AT2G21370.1	1.43e-107
ostta10g03350	AT2G22240.3	4.3
ostta10g03360	AT4G05420.1	0.0
ostta10g03365	AT4G26160.1	2.28e-47
ostta10g03370	AT3G63510.1	4.68e-52
ostta10g03380	AT1G29260.1	7.09e-128
ostta10g03390	AT5G03300.1	2.26e-144
ostta10g03400	AT5G58470.2	6.39e-24
ostta10g03410	AT2G32950.2	5.05e-86
ostta10g03420	AT1G42970.1	0.0
ostta10g03430	AT4G33030.1	0.0
ostta10g03435	AT1G30110.2	2.19e-11
ostta10g03440	AT3G62030.1	7.19e-80
ostta10g03450	AT1G36160.2	0.0
ostta10g03450	AT1G36160.2	9.30e-171
ostta10g03470	AT3G57170.2	8.40e-06
ostta10g03480	AT3G48390.1	2.0
ostta10g03490	AT5G35980.2	1.37e-110
ostta10g03500	AT3G26070.1	6.40e-24
ostta10g03510	AT5G10770.1	0.50
ostta10g03520	AT1G56260.2	1.53e-05
ostta10g03530	AT2G40116.1	1.6
ostta10g03540	AT5G67100.2	0.11
ostta10g03550	AT1G69750.5	2.67e-22
ostta10g03560	AT5G05550.1	8.0
ostta10g03570	AT3G01460.1	4.0
ostta11g00010	AT1G08030.2	2.85e-41
ostta11g00010	AT1G08030.2	0.001
ostta11g00020	AT5G57990.1	9.36e-80
ostta11g00040	AT1G03160.1	1.06e-126
ostta11g00050	AT1G63970.1	1.08e-85
ostta11g00060	AT5G10860.1	2.42e-24
ostta11g00070	AT3G02730.1	8.79e-18
ostta11g00080	AT4G26900.1	0.0
ostta11g00090	AT5G30490.3	8.54e-14
ostta11g00100	AT5G51140.1	2.21e-82
ostta11g00110	AT5G12210.1	8.44e-122
ostta11g00120	AT5G45360.1	0.029
ostta11g00130	AT1G72560.7	3.95e-106
ostta11g00140	AT2G38360.1	1.67e-30
ostta11g00150	AT4G34120.1	3.38e-24
ostta11g00150	AT4G34120.1	0.14
ostta11g00160	AT3G16810.1	1.19e-97
ostta11g00170	AT1G74700.1	6.89e-100
ostta11g00180	AT1G67170.2	2.93e-05
ostta11g00180	AT1G67170.2	2.16e-04
ostta11g00180	AT1G67170.2	2.82e-04
ostta11g00180	AT1G67170.2	0.001
ostta11g00180	AT1G67170.2	0.008
ostta11g00180	AT1G67170.2	0.066
ostta11g00180	AT1G67170.2	0.097
ostta11g00180	AT1G67170.2	0.16
ostta11g00180	AT1G67170.2	0.43
ostta11g00180	AT1G67170.2	1.5
ostta11g00180	AT1G67170.2	1.5
ostta11g00180	AT1G67170.2	1.5
ostta11g00180	AT1G67170.2	1.5
ostta11g00180	AT1G67170.2	1.5
ostta11g00180	AT1G67170.2	3.1
ostta11g00180	AT1G67170.2	6.2
ostta11g00190	AT5G27790.1	0.034
ostta11g00200	AT5G57790.3	0.083
ostta11g00210	AT4G32900.2	1.33e-27
ostta11g00220	AT1G80070.1	0.0
ostta11g00230	AT4G15030.3	2.76e-04
ostta11g00240	AT4G37435.1	0.61
ostta11g00250	AT4G37435.1	0.61
ostta11g00260	AT3G29320.1	0.0
ostta11g00270	AT1G48630.1	3.31e-04
ostta11g00280	AT5G51300.3	1.71e-79
ostta11g00290	AT2G45700.1	7.64e-89
ostta11g00300	AT1G51100.1	0.95
ostta11g00310	AT1G17840.1	0.026
ostta11g00320	AT3G05270.3	6.4
ostta11g00330	AT4G11960.1	4.75e-16
ostta11g00340	AT1G56170.2	1.78e-57
ostta11g00360	AT2G40910.1	3.9
ostta11g00370	AT3G20490.1	0.019
ostta11g00380	AT1G61700.1	1.39e-39
ostta11g00390	AT5G20920.3	1.0
ostta11g00400	AT3G07930.4	2.20e-22
ostta11g00410	AT5G65930.3	0.0
ostta11g00420	AT3G18290.1	6.33e-168
ostta11g00420	AT3G18290.1	1.33e-25
ostta11g00420	AT3G18290.1	1.12e-19
ostta11g00420	AT3G18290.1	9.96e-09
ostta11g00430	AT5G35970.1	3.55e-108
ostta11g00440	AT1G26120.1	0.082
ostta11g00450	AT4G14880.5	3.9
ostta11g00460	AT3G54280.2	0.0
ostta11g00460	AT3G54280.2	4.55e-34
ostta11g00470	AT3G17880.2	5.66e-27
ostta11g00480	AT5G02130.1	3.38e-08
ostta11g00490	AT5G26160.3	0.81
ostta11g00500	AT5G40500.2	3.48e-13
ostta11g00510	AT3G18770.1	0.002
ostta11g00520	AT2G01110.1	8.54e-117
ostta11g00530	AT5G59980.1	8.98e-21
ostta11g00540	AT5G16290.2	1.24e-114
ostta11g00550	AT3G23820.1	1.2
ostta11g00560	AT4G27180.2	0.21
ostta11g00570	AT1G26760.1	1.49e-30
ostta11g00580	AT4G18370.1	0.014
ostta11g00590	AT1G09800.2	1.24e-47
ostta11g00600	AT2G43235.1	1.10e-08
ostta11g00610	AT1G01760.3	2.05e-19
ostta11g00620	AT3G32930.2	0.10
ostta11g00630	AT4G00020.1	1.73e-45
ostta11g00640	AT3G03890.1	1.24e-51
ostta11g00660	AT1G63380.4	4.34e-04
ostta11g00670	AT1G31600.4	6.83e-58
ostta11g00680	AT5G19620.1	2.90e-90
ostta11g00690	AT1G58290.1	3.96e-170
ostta11g00700	AT5G35220.1	5.27e-98
ostta11g00710	AT4G15420.2	0.98
ostta11g00720	AT5G59740.1	6.52e-50
ostta11g00730	AT2G04660.1	7.27e-136
ostta11g00750	AT2G31270.1	0.43
ostta11g00760	AT3G22590.1	5.25e-46
ostta11g00770	AT5G57800.1	0.0
ostta11g00780	AT5G54600.1	3.46e-37
ostta11g00790	AT5G05670.2	1.31e-31
ostta11g00800	AT3G01850.2	9.44e-75
ostta11g00810	AT3G11950.5	0.002
ostta11g00810	AT3G11950.5	1.7
ostta11g00820	AT5G67320.1	0.0
ostta11g00830	AT1G80680.1	3.47e-22
ostta11g00840	AT2G20050.1	8.23e-148
ostta11g00850	AT2G26650.1	4.49e-26
ostta11g00860	AT5G03905.1	7.58e-30
ostta11g00870	AT1G27450.4	1.17e-37
ostta11g00880	AT1G30070.2	0.059
ostta11g00890	AT5G49470.1	2.68e-76
ostta11g00900	AT5G21990.1	2.89e-31
ostta11g00900	AT5G21990.1	0.011
ostta11g00900	AT5G21990.1	7.1
ostta11g00910	AT1G44900.2	0.0
ostta11g00920	AT3G59290.1	2.2
ostta11g00930	AT2G26200.2	3.68e-36
ostta11g00940	AT1G67320.2	1.37e-76
ostta11g00950	AT1G04600.1	1.3
ostta11g00960	AT3G46970.1	0.0
ostta11g00970	AT2G20930.1	1.45e-05
ostta11g00980	AT3G13490.1	0.0
ostta11g00985	AT4G25660.1	2.20e-46
ostta11g00990	AT1G76570.1	2.21e-78
ostta11g01000	AT3G25230.1	3.72e-122
ostta11g01000	AT3G25230.1	3.93e-14
ostta11g01010	AT5G57160.2	0.91
ostta11g01020	AT3G44970.1	9.8
ostta11g01030	AT1G55930.1	1.19e-126
ostta11g01040	AT4G22300.1	0.048
ostta11g01045	AT4G01995.1	2.10e-25
ostta11g01050	AT4G36040.1	2.40e-05
ostta11g01060	AT1G28420.1	3.41e-09
ostta11g01070	AT2G36070.1	2.08e-60
ostta11g01080	AT3G07670.2	2.17e-15
ostta11g01090	AT4G27510.2	6.3
ostta11g01100	AT1G70310.1	4.93e-124
ostta11g01110	AT4G39850.3	1.33e-64
ostta11g01110	AT4G39850.3	7.22e-50
ostta11g01120	AT2G38780.1	5.23e-24
ostta11g01130	AT1G19140.1	2.12e-19
ostta11g01140	AT3G03410.1	3.58e-08
ostta11g01140	AT3G03410.1	0.004
ostta11g01150	AT1G07615.1	7.27e-61
ostta11g01160	AT1G15110.4	8.66e-88
ostta11g01170	AT1G17820.1	1.18e-19
ostta11g01180	AT4G10760.1	3.62e-32
ostta11g01190	AT1G71360.2	2.4
ostta11g01200	AT5G10800.3	4.12e-30
ostta11g01210	AT1G20960.2	0.0
ostta11g01230	AT1G09935.1	0.004
ostta11g01240	AT4G02720.1	2.96e-36
ostta11g01250	AT1G18160.1	1.53e-60
ostta11g01260	AT5G62640.3	1.89e-05
ostta11g01260	AT5G62640.3	0.007
ostta11g01270	AT2G23530.1	0.051
ostta11g01275	AT5G51700.1	6.38e-44
ostta11g01280	AT2G02765.3	7.47e-25
ostta11g01290	AT4G15180.1	4.53e-85
ostta11g01300	AT4G13870.2	1.14e-26
ostta11g01310	AT3G53640.1	0.26
ostta11g01320	AT1G27840.1	5.00e-64
ostta11g01325	AT5G48680.1	3.22e-09
ostta11g01330	AT5G12410.1	2.48e-04
ostta11g01340	AT1G11680.1	0.0
ostta11g01350	AT3G49080.1	9.96e-44
ostta11g01360	AT3G02660.2	3.6
ostta11g01370	AT3G11670.1	2.45e-151
ostta11g01380	AT1G11060.1	3.21e-04
ostta11g01380	AT1G11060.1	2.5
ostta11g01390	AT5G65450.1	0.84
ostta11g01400	AT1G67630.1	6.54e-72
ostta11g01410	AT5G05320.1	0.064
ostta11g01420	AT5G06260.1	1.01e-06
ostta11g01440	AT4G15850.1	1.5
ostta11g01450	AT4G22350.1	1.92e-121
ostta11g01455	AT1G06200.1	8.43e-22
ostta11g01460	AT1G71990.1	9.34e-11
ostta11g01470	AT5G19540.2	2.21e-13
ostta11g01480	AT1G56420.1	5.02e-12
ostta11g01490	AT3G54140.2	4.30e-12
ostta11g01500	AT4G22260.1	2.94e-101
ostta11g01510	AT4G27640.1	4.1
ostta11g01520	AT1G53280.1	7.01e-49
ostta11g01520	AT1G53280.1	4.01e-48
ostta11g01530	AT5G67500.3	8.24e-07
ostta11g01540	AT3G55480.2	1.86e-112
ostta11g01550	AT1G28140.1	4.12e-47
ostta11g01560	AT1G24610.1	9.77e-07
ostta11g01570	AT4G36020.3	4.94e-19
ostta11g01570	AT4G36020.3	3.84e-15
ostta11g01570	AT4G36020.3	3.80e-13
ostta11g01570	AT4G36020.3	3.48e-06
ostta11g01580	AT1G48430.1	1.07e-133
ostta11g01590	AT5G20165.1	5.2
ostta11g01600	AT5G57160.1	3.13e-131
ostta11g01610	AT1G22800.1	3.26e-08
ostta11g01620	AT3G21280.1	0.13
ostta11g01630	AT2G35610.1	1.14e-50
ostta11g01640	AT3G50690.1	6.74e-15
ostta11g01650	AT1G75810.1	5.9
ostta11g01660	AT2G20060.1	5.58e-58
ostta11g01670	AT5G17770.1	5.81e-54
ostta11g01680	AT5G18740.1	0.95
ostta11g01690	AT5G44740.2	2.15e-75
ostta11g01690	AT5G44740.2	0.004
ostta11g01700	AT2G22250.1	1.35e-71
ostta11g01710	AT5G17650.1	6.14e-05
ostta11g01710	AT5G17650.1	0.033
ostta11g01710	AT5G17650.1	0.033
ostta11g01710	AT5G17650.1	0.60
ostta11g01720	AT3G22880.1	1.87e-111
ostta11g01730	AT1G08370.1	3.85e-31
ostta11g01730	AT1G08370.1	1.1
ostta11g01740	AT1G17745.1	3.51e-24
ostta11g01750	AT5G11900.1	5.08e-27
ostta11g01760	AT2G16440.1	0.0
ostta11g01770	AT3G04710.3	0.011
ostta11g01770	AT3G04710.3	0.013
ostta11g01770	AT3G04710.3	0.30
ostta11g01780	AT3G60240.2	2.6
ostta11g01790	AT5G41970.1	2.5
ostta11g01800	AT3G61570.1	5.0
ostta11g01810	AT1G51310.1	2.37e-147
ostta11g01820	AT2G01120.1	1.10e-40
ostta11g01830	AT2G47490.1	1.45e-75
ostta11g01840	AT1G08260.1	0.0
ostta11g01860	AT5G20380.1	1.37e-05
ostta11g01870	AT4G25840.1	2.1
ostta11g01880	AT3G29680.1	0.41
ostta11g01890	AT3G04210.2	0.84
ostta11g01895	AT3G18760.1	0.051
ostta11g01900	AT5G28300.1	1.8
ostta11g01910	AT1G58060.1	0.0
ostta11g01915	AT5G65460.1	0.35
ostta11g01920	AT1G53520.1	2.03e-16
ostta11g01930	AT1G48520.1	1.13e-106
ostta11g01940	AT1G71500.1	4.41e-10
ostta11g01950	AT4G24450.3	0.001
ostta11g01960	AT4G30820.3	3.16e-13
ostta11g01970	AT2G14825.1	2.63e-08
ostta11g01980	AT4G23940.1	1.61e-107
ostta11g01990	AT2G24640.1	1.40e-72
ostta11g02000	AT3G58620.2	5.39e-09
ostta11g02000	AT3G58620.2	0.008
ostta11g02010	AT2G28620.1	7.20e-81
ostta11g02020	AT5G56680.1	0.0
ostta11g02030	AT1G17950.1	2.9
ostta11g02040	AT5G47490.2	1.64e-58
ostta11g02050	AT2G16940.1	7.17e-10
ostta11g02060	AT4G01000.2	7.25e-14
ostta11g02060	AT4G01000.2	3.85e-08
ostta11g02070	AT1G12600.1	2.11e-11
ostta11g02080	AT5G04900.1	4.30e-25
ostta11g02090	AT4G30210.2	3.94e-103
ostta11g02090	AT4G30210.2	0.001
ostta11g02095	AT5G36890.2	1.82e-111
ostta11g02100	AT3G19970.5	2.47e-14
ostta11g02110	AT2G40840.1	0.0
ostta11g02120	AT3G12080.1	8.18e-163
ostta11g02140	AT3G46980.1	4.40e-135
ostta11g02150	AT5G10980.1	3.83e-94
ostta11g02160	AT5G59970.2	4.29e-68
ostta11g02170	AT5G53400.1	8.53e-11
ostta11g02180	AT1G11960.3	0.34
ostta11g02190	AT4G29490.1	3.29e-157
ostta11g02200	AT4G23540.1	0.40
ostta11g02210	AT4G20910.2	0.018
ostta11g02220	AT1G76050.2	1.09e-12
ostta11g02230	AT3G26680.3	2.15e-52
ostta11g02240	AT4G38470.2	3.01e-52
ostta11g02250	AT2G42005.1	0.13
ostta11g02260	AT1G02910.1	3.65e-48
ostta11g02270	AT4G02405.1	3.66e-10
ostta11g02280	AT2G35660.1	2.24e-27
ostta11g02290	AT3G62140.1	1.54e-08
ostta11g02300	AT4G33520.2	0.0
ostta11g02310	AT2G21385.1	1.42e-26
ostta11g02320	AT1G55920.1	2.34e-74
ostta11g02330	AT4G00450.3	0.008
ostta11g02340	AT3G17970.1	6.38e-93
ostta11g02350	AT1G26370.1	0.0
ostta11g02360	AT4G23620.1	7.51e-25
ostta11g02370	AT2G31510.1	2.41e-99
ostta11g02380	AT3G02080.1	2.19e-24
ostta11g02400	AT3G06700.3	5.05e-20
ostta11g02410	AT2G26590.4	2.12e-31
ostta11g02420	AT2G20330.1	0.008
ostta11g02420	AT2G20330.1	0.044
ostta11g02440	AT2G35800.1	7.77e-147
ostta11g02450	AT4G31770.2	4.89e-132
ostta11g02460	AT3G44340.4	0.0
ostta11g02470	AT1G08960.1	1.80e-17
ostta11g02480	AT3G23900.2	6.35e-35
ostta11g02490	AT5G49520.1	1.32e-17
ostta11g02500	AT3G59540.1	4.15e-32
ostta11g02505	AT1G17410.1	3.42e-12
ostta11g02510	AT4G20130.1	3.96e-14
ostta11g02520	AT4G38260.1	7.92e-10
ostta11g02540	AT1G05630.1	1.21e-14
ostta11g02550	AT5G01340.1	3.02e-26
ostta11g02550	AT5G01340.1	8.87e-06
ostta11g02550	AT5G01340.1	0.004
ostta11g02560	AT4G31180.2	0.0
ostta11g02570	AT4G21540.2	2.75e-16
ostta11g02575	AT4G12750.1	3.1
ostta11g02580	AT3G46120.1	0.088
ostta11g02590	AT3G55060.3	1.6
ostta11g02600	AT2G44580.2	1.5
ostta11g02610	AT3G61460.1	1.03e-05
ostta11g02620	AT5G60580.3	6.73e-05
ostta11g02630	AT4G28030.1	5.24e-05
ostta11g02640	AT2G40700.1	1.05e-121
ostta11g02650	AT4G13590.2	8.42e-78
ostta11g02660	AT5G25640.1	1.77e-53
ostta11g02670	AT2G30390.1	3.17e-174
ostta11g02680	AT2G25870.1	1.23e-102
ostta11g02690	AT5G19660.1	1.18e-06
ostta11g02700	AT4G18370.1	8.52e-16
ostta11g02710	AT2G25730.3	8.8
ostta11g02730	AT4G27650.3	3.19e-123
ostta11g02740	AT3G58730.1	4.27e-83
ostta11g02750	AT1G14270.4	4.66e-17
ostta11g02760	AT1G68830.1	3.33e-21
ostta11g02770	AT4G31530.1	5.89e-61
ostta11g02780	AT5G42740.2	0.0
ostta11g02790	AT1G65230.1	3.67e-31
ostta11g02800	AT1G10350.1	2.26e-10
ostta11g02810	AT4G21070.1	0.18
ostta11g02820	AT1G48030.5	0.0
ostta11g02830	AT4G18593.2	6.56e-28
ostta11g02850	AT5G53470.1	0.051
ostta11g02860	AT5G63010.1	2.42e-46
ostta11g02870	AT3G06380.2	1.27e-36
ostta11g02880	AT1G04430.3	0.51
ostta11g02890	AT5G58270.1	4.44e-161
ostta11g02900	AT1G75210.3	1.56e-179
ostta11g02910	AT3G07750.2	8.78e-40
ostta11g02920	AT3G24350.1	3.23e-71
ostta11g02930	AT2G28000.1	1.4
ostta11g02940	AT1G58220.1	0.056
ostta11g02950	AT3G01980.5	2.7
ostta11g02960	AT3G13440.3	1.40e-42
ostta11g02970	AT2G03890.2	6.4
ostta11g02980	AT4G33585.1	0.007
ostta11g02990	AT3G11950.5	0.004
ostta11g03000	AT2G41040.1	0.033
ostta11g03010	AT1G01010.1	0.37
ostta11g03020	AT1G68090.1	8.54e-19
ostta11g03020	AT1G68090.1	3.46e-14
ostta11g03030	AT4G04460.2	4.80e-105
ostta11g03030	AT4G04460.2	1.54e-35
ostta11g03040	AT3G05870.6	3.76e-31
ostta11g03050	AT4G23882.1	0.012
ostta11g03050	AT4G23882.1	0.049
ostta11g03050	AT4G23882.1	0.15
ostta11g03050	AT4G23882.1	0.15
ostta11g03070	AT1G17520.2	8.04e-09
ostta11g03080	AT2G03000.1	5.0
ostta11g03090	AT1G07780.9	9.05e-56
ostta11g03100	AT1G53760.1	2.80e-06
ostta11g03110	AT5G63310.1	7.69e-67
ostta11g03120	AT3G55960.1	0.40
ostta11g03130	AT5G48570.1	6.41e-13
ostta11g03140	AT1G50250.1	1.6
ostta11g03150	AT5G04120.1	1.9
ostta11g03160	AT5G19600.1	1.31e-10
ostta11g03170	AT3G51350.1	3.0
ostta11g03180	AT3G58060.2	0.060
ostta11g03190	AT2G35020.1	2.23e-112
ostta11g03200	AT3G45630.2	4.25e-73
ostta11g03210	AT5G25757.1	7.82e-123
ostta11g03220	AT2G17510.1	0.0
ostta11g03230	AT3G50100.2	3.15e-05
ostta11g03240	AT4G17740.2	0.10
ostta11g03250	AT3G01340.2	9.49e-97
ostta11g03260	AT4G25350.1	7.75e-37
ostta11g03270	AT3G56330.1	7.22e-49
ostta11g03280	AT3G46100.1	2.71e-146
ostta11g03290	AT4G28650.1	2.30e-51
ostta11g03290	AT4G28650.1	7.50e-32
ostta11g03290	AT4G28650.1	5.97e-19
ostta11g03290	AT4G28650.1	7.10e-12
ostta11g03300	AT4G08370.1	0.066
ostta11g03300	AT4G08370.1	3.0
ostta12g00010	AT1G67620.1	3.47e-10
ostta12g00020	AT1G60450.1	2.2
ostta12g00030	AT2G21870.1	2.65e-11
ostta12g00040	AT5G51300.3	1.69e-75
ostta12g00050	AT1G71230.1	7.17e-06
ostta12g00060	AT5G03880.1	1.85e-75
ostta12g00060	AT5G03880.1	1.26e-11
ostta12g00070	AT1G31660.1	1.10e-113
ostta12g00080	AT5G22640.3	1.67e-06
ostta12g00090	AT2G21800.1	3.29e-05
ostta12g00100	AT1G09625.1	5.1
ostta12g00110	AT2G42120.2	1.59e-90
ostta12g00120	AT5G58230.1	0.0
ostta12g00130	AT4G09620.2	3.18e-18
ostta12g00140	AT5G04590.1	0.0
ostta12g00150	AT1G72590.1	1.33e-36
ostta12g00160	AT1G79930.1	0.0
ostta12g00170	AT4G11290.1	6.1
ostta12g00180	AT4G29140.1	1.67e-55
ostta12g00190	AT1G65980.1	1.43e-48
ostta12g00200	AT2G16570.1	4.49e-88
ostta12g00210	AT2G10940.2	2.27e-06
ostta12g00210	AT2G10940.2	2.53e-06
ostta12g00210	AT2G10940.2	3.69e-06
ostta12g00210	AT2G10940.2	1.38e-05
ostta12g00210	AT2G10940.2	6.75e-05
ostta12g00210	AT2G10940.2	0.041
ostta12g00210	AT2G10940.2	0.44
ostta12g00220	AT4G33300.2	0.007
ostta12g00230	AT4G26850.1	2.49e-29
ostta12g00240	AT5G23300.1	8.81e-135
ostta12g00250	AT3G22840.1	0.044
ostta12g00260	AT3G13222.1	0.60
ostta12g00270	AT5G58770.1	1.33e-70
ostta12g00280	AT3G52400.1	0.055
ostta12g00290	AT1G17650.2	7.06e-59
ostta12g00300	AT3G24300.1	3.69e-70
ostta12g00310	AT5G19630.1	9.50e-23
ostta12g00320	AT4G09020.1	0.0
ostta12g00330	AT5G49510.2	1.43e-33
ostta12g00340	AT5G07470.1	1.36e-30
ostta12g00350	AT3G01540.1	3.15e-166
ostta12g00360	AT5G55610.1	3.07e-11
ostta12g00370	AT3G59040.1	7.65e-13
ostta12g00370	AT3G59040.1	1.43e-07
ostta12g00370	AT3G59040.1	0.004
ostta12g00370	AT3G59040.1	0.008
ostta12g00380	AT5G48880.1	2.1
ostta12g00390	AT3G56220.2	0.77
ostta12g00400	AT2G40860.1	2.70e-130
ostta12g00410	AT5G25530.2	4.33e-92
ostta12g00420	ATCG00220.1	6.53e-08
ostta12g00430	AT3G50370.2	0.048
ostta12g00430	AT3G50370.2	0.38
ostta12g00440	AT5G37510.2	0.0
ostta12g00450	AT5G04060.1	1.6
ostta12g00460	AT4G00030.1	0.019
ostta12g00470	AT3G63190.1	2.7
ostta12g00480	AT5G37770.2	3.68e-05
ostta12g00480	AT5G37770.2	4.2
ostta12g00490	AT3G62790.1	1.77e-15
ostta12g00500	AT5G63610.1	9.01e-85
ostta12g00510	AT3G13445.1	3.56e-111
ostta12g00520	AT1G67740.1	4.14e-09
ostta12g00520	AT1G67740.1	4.07e-08
ostta12g00520	AT1G67740.1	0.011
ostta12g00530	AT1G31730.1	0.0
ostta12g00540	AT5G24840.1	2.1
ostta12g00550	ATCG00210.1	1.96e-08
ostta12g00560	AT2G20635.1	2.43e-60
ostta12g00560	AT2G20635.1	2.91e-14
ostta12g00570	AT5G39550.1	0.002
ostta12g00570	AT5G39550.1	0.94
ostta12g00580	AT4G19150.1	2.83e-23
ostta12g00590	AT5G60990.1	0.0
ostta12g00600	AT4G19570.1	0.95
ostta12g00610	AT3G17910.1	7.67e-21
ostta12g00620	AT3G52140.1	5.8
ostta12g00630	AT5G47430.3	1.54e-30
ostta12g00640	AT4G08790.1	1.34e-87
ostta12g00645	AT3G21990.1	1.2
ostta12g00650	AT3G24800.1	1.85e-17
ostta12g00655	AT1G52500.2	1.87e-66
ostta12g00660	AT4G27500.2	0.72
ostta12g00670	AT5G38360.1	4.76e-71
ostta12g00680	AT4G17420.1	1.63e-20
ostta12g00770	AT5G18590.2	1.0
ostta12g00780	AT1G35190.1	3.4
ostta12g00790	AT3G46530.1	8.4
ostta12g00800	AT2G32730.1	0.0
ostta12g00810	AT2G15240.1	5.21e-79
ostta12g00820	AT5G51340.1	3.72e-18
ostta12g00820	AT5G51340.1	8.12e-08
ostta12g00830	AT3G07200.3	6.36e-14
ostta12g00850	AT3G63460.1	0.0
ostta12g00860	AT4G36390.1	2.49e-135
ostta12g00870	AT3G63460.3	2.55e-20
ostta12g00880	AT1G13190.1	8.77e-28
ostta12g00890	AT2G21150.1	4.32e-51
ostta12g00900	AT1G22940.1	1.83e-98
ostta12g00920	AT5G16210.1	2.1
ostta12g00065	AT3G51480.2	3.04e-04
ostta12g00930	AT5G27410.1	7.82e-14
ostta12g00940	AT5G32470.1	8.59e-16
ostta12g00950	AT5G08300.1	0.47
ostta12g00960	AT3G24030.1	0.064
ostta12g00980	AT3G20670.1	1.60e-68
ostta12g00990	AT2G28720.1	4.40e-59
ostta12g01000	AT5G27600.1	0.0
ostta12g01010	AT3G49910.1	2.17e-56
ostta12g01020	AT3G09660.3	0.0
ostta12g01030	AT2G26540.1	3.17e-57
ostta12g01040	AT2G47400.1	0.24
ostta12g01050	AT1G15130.1	2.77e-86
ostta12g01060	AT4G38600.3	1.38e-131
ostta12g01060	AT4G38600.3	1.82e-91
ostta12g01070	AT5G13120.1	4.89e-74
ostta12g01080	AT1G60095.2	2.0
ostta12g01090	AT4G36390.1	1.40e-43
ostta12g01110	AT1G53840.1	3.4
ostta12g01120	AT2G25260.1	1.37e-44
ostta12g01130	AT5G46860.1	1.19e-53
ostta12g01140	AT1G17580.1	0.87
ostta12g01150	AT5G05710.1	5.41e-38
ostta12g01160	AT5G15220.2	1.76e-34
ostta12g01170	AT4G05320.6	0.0
ostta12g01170	AT4G05320.6	0.0
ostta12g01180	AT5G59140.1	6.06e-08
ostta12g01200	AT5G02130.1	5.4
ostta12g01210	AT3G11880.1	6.7
ostta12g01220	AT5G64940.2	0.0
ostta12g01230	AT3G27060.1	1.61e-168
ostta12g01240	AT5G05370.1	4.42e-16
ostta12g01250	AT5G11850.1	2.52e-117
ostta12g01250	AT5G11850.1	1.13e-26
ostta12g01255	AT1G20480.1	5.1
ostta12g01260	AT3G25420.1	7.12e-50
ostta12g01270	AT2G35630.1	0.0
ostta12g01280	AT4G36810.1	1.95e-121
ostta12g01290	AT1G09830.1	0.0
ostta12g01300	AT5G38640.1	5.8
ostta12g01310	AT4G38062.1	2.6
ostta12g01320	AT4G14960.2	0.0
ostta12g01330	AT2G39910.1	2.88e-04
ostta12g01340	AT3G51520.1	1.63e-27
ostta12g01350	AT5G02720.2	8.0
ostta12g01360	AT1G10570.3	4.05e-35
ostta12g01370	AT1G36160.2	0.043
ostta12g01380	AT2G43360.1	0.009
ostta12g01390	AT1G44446.4	1.96e-74
ostta12g01400	AT5G25960.1	0.35
ostta12g01410	AT2G42510.2	0.79
ostta12g01420	AT5G59570.2	1.46e-25
ostta12g01430	AT3G58180.1	0.77
ostta12g01440	AT5G38390.1	0.016
ostta12g01450	AT5G09830.1	4.01e-18
ostta12g01460	AT1G56310.2	1.37e-11
ostta12g01470	AT3G52570.1	1.29e-48
ostta12g01480	AT1G72830.3	1.3
ostta12g01485	AT5G46580.1	0.89
ostta12g01490	AT5G50230.1	5.66e-70
ostta12g01500	AT5G15610.2	2.07e-33
ostta12g01510	AT3G01810.3	1.2
ostta12g01520	AT1G07745.2	2.21e-38
ostta12g01530	AT3G10050.1	1.46e-158
ostta12g01540	AT1G21270.1	2.5
ostta12g01550	AT1G69210.1	9.62e-28
ostta12g01560	AT1G34065.2	1.26e-21
ostta12g01560	AT1G34065.2	1.00e-11
ostta12g01570	AT3G12210.2	7.93e-24
ostta12g01580	AT5G10930.1	2.98e-44
ostta12g01590	AT4G33640.1	4.31e-22
ostta12g01600	AT5G38520.1	4.31e-74
ostta12g01610	AT5G17560.1	1.18e-28
ostta12g01620	AT1G01350.1	7.41e-80
ostta12g01630	AT1G17890.1	5.31e-52
ostta12g01640	AT4G32920.3	1.8
ostta12g01650	AT4G04670.1	1.58e-06
ostta12g01650	AT4G04670.1	1.1
ostta12g01660	AT5G42970.1	3.04e-74
ostta12g01670	AT3G18630.1	2.03e-89
ostta12g01680	AT5G45360.1	9.70e-35
ostta12g01690	AT1G79920.1	5.4
ostta12g01700	AT3G19010.4	2.11e-31
ostta12g01710	AT3G62910.1	1.45e-158
ostta12g01720	AT1G11160.3	1.60e-04
ostta12g01730	AT5G43310.1	3.1
ostta12g01740	AT3G14080.2	1.26e-36
ostta12g01750	AT5G43060.1	3.59e-90
ostta12g01760	AT2G21580.2	2.44e-23
ostta12g01770	AT4G28550.3	1.50e-26
ostta12g01780	AT5G62840.1	1.17e-24
ostta12g01790	AT3G22660.1	1.23e-51
ostta12g01800	AT1G52590.1	2.97e-38
ostta12g01810	AT1G62620.1	6.81e-120
ostta12g01820	AT5G16300.1	1.61e-37
ostta12g01820	AT5G16300.1	3.07e-24
ostta12g01830	AT1G58280.1	2.50e-06
ostta12g01840	AT5G47690.3	0.63
ostta12g01850	AT1G72280.1	3.11e-49
ostta12g01860	AT4G37930.1	0.22
ostta12g01870	AT1G06110.1	1.07e-07
ostta12g01880	AT5G63980.1	2.09e-98
ostta12g01890	AT4G37750.1	5.0
ostta12g01900	AT1G57770.1	5.76e-138
ostta12g01910	AT4G16660.2	7.62e-18
ostta12g01930	AT2G24210.1	2.2
ostta12g01940	AT3G13940.1	6.92e-05
ostta12g01950	AT1G49880.1	1.66e-46
ostta12g01960	AT1G50030.2	2.73e-36
ostta12g01965	AT3G48190.3	0.0
ostta12g01965	AT3G48190.3	3.70e-26
ostta12g01970	AT1G03600.1	6.79e-09
ostta12g01980	AT5G04400.1	4.2
ostta12g01990	AT5G38690.2	1.6
ostta12g01995	AT2G41880.4	3.87e-73
ostta12g02000	AT2G06530.2	3.03e-71
ostta12g02010	AT4G28450.1	0.0
ostta12g02020	AT3G01310.3	2.1
ostta12g02040	AT5G55310.1	0.0
ostta12g02050	AT2G21070.2	9.65e-77
ostta12g02060	AT4G22720.2	3.3
ostta12g02065	AT4G10710.2	0.0
ostta12g02070	AT5G08290.1	4.76e-88
ostta12g02080	AT2G45280.1	1.95e-80
ostta12g02090	AT5G35604.1	2.5
ostta12g02100	AT4G01995.3	4.00e-23
ostta12g02110	AT1G06720.2	0.0
ostta12g02120	AT3G55250.1	1.5
ostta12g02130	AT1G49030.1	0.14
ostta12g02140	AT1G19860.2	4.49e-04
ostta12g02150	AT3G50370.1	0.36
ostta12g02150	AT3G50370.1	1.8
ostta12g02150	AT3G50370.1	4.5
ostta12g02160	AT1G69340.2	1.00e-59
ostta12g02170	AT1G55790.1	1.14e-23
ostta12g02180	AT1G54780.1	5.71e-63
ostta12g02190	AT1G27750.1	0.66
ostta12g02200	AT1G19800.6	4.96e-97
ostta12g02210	AT5G56930.1	0.014
ostta12g02210	AT5G56930.1	1.5
ostta12g02220	AT5G55570.1	3.21e-22
ostta12g02230	AT1G60230.1	3.25e-120
ostta12g02240	AT2G03430.1	3.90e-13
ostta12g02240	AT2G03430.1	3.97e-13
ostta12g02240	AT2G03430.1	1.94e-12
ostta12g02240	AT2G03430.1	1.57e-11
ostta12g02240	AT2G03430.1	1.48e-10
ostta12g02250	AT3G28030.4	2.22e-81
ostta12g02250	AT3G28030.4	5.49e-14
ostta12g02270	AT1G67890.1	2.6
ostta12g02280	AT3G45590.2	1.00e-15
ostta12g02290	AT5G04710.1	0.0
ostta12g02300	AT1G54130.1	2.39e-27
ostta12g02300	AT1G54130.1	2.22e-21
ostta12g02310	AT5G65110.2	4.92e-23
ostta12g02320	AT1G53720.1	1.41e-131
ostta12g02330	AT3G27080.1	2.10e-49
ostta12g02340	AT2G25100.2	5.87e-11
ostta12g02350	AT2G47870.1	3.1
ostta12g02360	AT5G50780.2	1.54e-54
ostta12g02370	AT2G28550.1	4.1
ostta12g02380	AT3G12810.2	0.083
ostta12g02390	AT3G13226.1	1.15e-05
ostta12g02400	AT1G70290.1	0.0
ostta12g02410	AT1G65820.1	1.42e-20
ostta12g02420	AT4G37610.1	1.4
ostta12g02430	AT5G57170.1	4.41e-15
ostta12g02440	AT3G07100.1	0.0
ostta12g02450	AT5G48760.2	1.32e-73
ostta12g02460	AT2G40490.1	5.25e-175
ostta12g02470	AT3G06035.1	0.86
ostta12g02480	AT2G32275.1	5.6
ostta12g02485	AT1G63160.1	3.72e-146
ostta12g02490	AT1G79690.2	4.70e-24
ostta12g02500	AT3G07480.1	7.04e-04
ostta12g02510	AT5G60410.3	6.36e-24
ostta12g02520	AT1G01790.2	0.0
ostta12g02530	AT3G26730.8	2.16e-55
ostta12g02540	AT1G10200.1	2.55e-17
ostta12g02550	AT2G23070.1	0.0
ostta12g02560	AT5G43100.2	2.00e-26
ostta12g02570	AT2G47960.1	4.61e-51
ostta12g02580	AT2G39290.1	1.84e-54
ostta12g02590	AT1G08720.1	2.67e-20
ostta12g02600	AT4G30260.3	1.83e-43
ostta12g02610	AT3G06350.1	6.87e-134
ostta12g02620	AT5G19430.6	1.59e-16
ostta12g02630	AT5G45370.1	5.51e-08
ostta12g02640	AT5G56260.5	0.43
ostta12g02650	AT2G13560.1	0.0
ostta12g02660	AT3G54950.1	1.8
ostta12g02665	AT3G62940.4	0.12
ostta12g02670	AT2G11000.1	1.13e-38
ostta12g02680	AT5G09500.1	5.46e-58
ostta12g02690	AT5G47860.1	2.88e-78
ostta12g02700	AT2G42960.2	0.064
ostta12g02710	AT3G48850.1	1.59e-25
ostta12g02720	AT3G54960.1	0.43
ostta12g02730	AT2G42005.1	2.6
ostta12g02740	AT2G46210.1	2.08e-19
ostta12g02750	AT1G28040.1	3.2
ostta12g02760	AT3G63490.1	6.49e-55
ostta12g02770	AT1G10630.2	1.16e-128
ostta12g02780	AT4G28610.1	5.79e-18
ostta12g02780	AT4G28610.1	8.53e-05
ostta12g02790	AT1G04020.1	0.002
ostta12g02800	AT4G19645.5	1.31e-05
ostta12g02805	AT4G10360.3	0.004
ostta12g02810	AT2G37770.2	2.33e-45
ostta12g02820	AT2G42270.1	0.013
ostta12g02830	AT5G20920.2	6.47e-69
ostta12g02840	AT3G06400.3	3.09e-134
ostta12g02850	AT5G19510.1	1.2
ostta12g02860	AT1G34065.2	1.9
ostta12g02870	AT4G24770.2	3.32e-04
ostta12g02880	AT5G11860.5	6.41e-41
ostta12g02890	AT4G38890.1	3.10e-37
ostta12g02900	AT1G03190.2	0.0
ostta12g02920	AT3G05560.3	9.41e-46
ostta12g02930	AT3G48195.1	1.16e-05
ostta12g02940	AT5G10470.2	4.0
ostta12g02950	AT3G42060.1	0.45
ostta12g02960	AT1G53310.3	0.0
ostta12g02970	AT5G10920.1	2.32e-115
ostta12g02980	AT5G35080.1	3.29e-26
ostta12g02990	AT3G11540.1	0.0
ostta12g02990	AT3G11540.1	7.85e-21
ostta12g02990	AT3G11540.1	3.78e-16
ostta12g03000	AT2G28000.1	0.0
ostta12g03010	AT5G10070.2	2.81e-78
ostta12g03030	AT3G19760.1	0.0
ostta12g03040	AT5G12860.1	0.060
ostta12g03050	AT2G35170.1	7.20e-15
ostta12g03050	AT2G35170.1	1.48e-10
ostta12g03050	AT2G35170.1	2.82e-09
ostta12g03050	AT2G35170.1	0.006
ostta12g03060	AT3G59760.1	3.11e-167
ostta12g03070	AT5G58510.1	1.04e-32
ostta12g03070	AT5G58510.1	8.64e-16
ostta12g03080	AT1G67080.1	0.027
ostta12g03100	AT5G56940.1	4.39e-37
ostta12g03110	AT3G54860.1	1.78e-79
ostta12g03120	AT1G54440.4	5.90e-80
ostta12g03130	AT4G24610.3	1.14e-52
ostta12g03140	AT1G75690.1	0.002
ostta12g03140	AT1G75690.1	0.17
ostta12g03150	AT2G29210.1	3.40e-17
ostta12g03160	AT5G51540.1	0.089
ostta12g03170	AT1G73600.2	2.70e-13
ostta12g03180	AT1G73110.1	3.34e-97
ostta12g03190	AT5G61810.1	1.35e-54
ostta12g03190	AT5G61810.1	0.50
ostta12g03200	AT1G71270.1	2.88e-82
ostta13g00010	AT5G37190.1	7.5
ostta13g00020	AT5G10790.2	6.30e-48
ostta13g00030	AT1G05910.1	0.0
ostta13g00040	AT3G09890.1	1.52e-26
ostta13g00050	AT3G14270.2	8.1
ostta13g00060	AT1G48870.3	2.71e-05
ostta13g00060	AT1G48870.3	2.1
ostta13g00070	AT3G27160.1	2.75e-13
ostta13g00080	AT1G63830.3	2.68e-45
ostta13g00090	AT3G03060.1	0.0
ostta13g00100	AT5G14800.1	6.69e-76
ostta13g00110	AT3G09230.1	1.19e-38
ostta13g00120	AT3G23890.1	0.0
ostta13g00130	AT5G52820.1	0.0
ostta13g00140	AT3G28940.1	4.9
ostta13g00150	AT5G47010.1	1.57e-77
ostta13g00160	AT1G19690.1	3.92e-31
ostta13g00170	AT1G51110.1	1.27e-16
ostta13g00180	AT5G46850.1	0.057
ostta13g00190	AT2G46580.1	9.98e-24
ostta13g00200	AT3G18290.1	0.57
ostta13g00210	AT4G22720.2	3.36e-169
ostta13g00220	AT5G09320.1	0.39
ostta13g00230	AT3G11700.1	0.028
ostta13g00240	AT5G54590.1	5.9
ostta13g00250	AT5G55630.2	0.033
ostta13g00260	AT3G12270.1	4.00e-91
ostta13g00270	AT1G21700.1	6.82e-33
ostta13g00290	AT5G57040.1	2.66e-56
ostta13g00300	AT1G09280.1	4.37e-33
ostta13g00310	AT1G13120.1	6.96e-37
ostta13g00320	AT3G56040.1	0.0
ostta13g00330	AT1G48300.1	6.32e-04
ostta13g00340	AT2G34180.1	3.2
ostta13g00350	AT4G35450.4	2.70e-32
ostta13g00360	AT3G19170.1	0.0
ostta13g00370	AT5G53490.3	5.59e-15
ostta13g00380	AT5G19690.2	1.4
ostta13g00390	AT5G11560.1	8.40e-109
ostta13g00400	AT1G65440.3	1.24e-162
ostta13g00400	AT1G65440.3	4.89e-04
ostta13g00410	AT1G63990.1	2.89e-52
ostta13g00420	AT3G29240.2	2.02e-28
ostta13g00430	AT4G31670.1	0.013
ostta13g00440	AT2G31820.1	0.004
ostta13g00450	AT1G61560.1	3.03e-33
ostta13g00460	AT5G01660.2	1.87e-23
ostta13g00460	AT5G01660.2	7.13e-16
ostta13g00460	AT5G01660.2	9.25e-15
ostta13g00470	AT2G34410.2	3.68e-158
ostta13g00480	AT5G37500.1	4.47e-64
ostta13g00490	AT5G01460.1	1.63e-133
ostta13g00500	AT1G07040.1	4.64e-38
ostta13g00510	AT4G30640.1	2.6
ostta13g00520	AT1G68370.1	1.02e-63
ostta13g00530	AT4G33460.1	4.59e-77
ostta13g00540	AT1G04950.3	8.85e-102
ostta13g00550	AT1G60410.1	3.6
ostta13g00560	AT5G04240.1	1.4
ostta13g00570	AT1G26940.1	1.74e-59
ostta13g00580	AT2G41490.1	6.87e-129
ostta13g00590	AT5G65400.1	1.43e-22
ostta13g00600	AT3G04970.1	1.84e-35
ostta13g00610	AT4G21310.2	3.5
ostta13g00620	AT5G37500.1	6.05e-42
ostta13g00630	AT2G21170.3	1.73e-51
ostta13g00640	AT1G75010.1	8.07e-12
ostta13g00650	AT2G20050.1	0.005
ostta13g00660	AT2G16050.1	0.007
ostta13g00670	AT5G08180.2	5.71e-37
ostta13g00680	AT5G49060.2	8.31e-05
ostta13g00690	AT1G58215.1	0.40
ostta13g00700	AT5G02390.3	1.5
ostta13g00710	AT4G27890.1	4.74e-08
ostta13g00720	AT4G33480.1	3.49e-18
ostta13g00730	AT3G07080.1	4.68e-43
ostta13g00740	AT1G72740.2	3.93e-16
ostta13g00750	AT5G39980.1	6.1
ostta13g00760	AT5G03860.2	1.2
ostta13g00770	AT5G59880.2	3.0
ostta13g00780	AT1G20080.5	1.67e-05
ostta13g00800	AT2G23930.1	1.16e-26
ostta13g00810	AT4G16680.2	1.42e-83
ostta13g00820	AT5G21326.1	9.28e-89
ostta13g00825	AT2G45990.2	4.51e-41
ostta13g00830	AT5G58270.1	0.0
ostta13g00840	AT5G64740.1	1.3
ostta13g00850	AT1G77680.1	2.77e-123
ostta13g00850	AT1G77680.1	4.34e-09
ostta13g00860	AT3G02470.4	6.67e-66
ostta13g00880	AT5G60390.3	4.35e-108
ostta13g00885	AT4G04330.1	4.56e-18
ostta13g00890	AT2G18850.2	5.30e-16
ostta13g00900	AT3G16565.6	6.58e-52
ostta13g00910	AT1G18660.4	0.48
ostta13g00920	AT1G50730.3	6.27e-79
ostta13g00930	AT4G34930.1	2.70e-06
ostta13g00940	AT3G24320.1	8.5
ostta13g00950	AT3G19280.1	1.57e-08
ostta13g00960	AT2G05620.2	7.21e-27
ostta13g00970	AT3G07300.2	1.50e-35
ostta13g00970	AT3G07300.2	0.025
ostta13g00980	AT4G33550.2	0.29
ostta13g00990	AT5G11800.1	0.96
ostta13g01000	AT3G52730.1	3.06e-12
ostta13g01010	AT5G35200.2	1.28e-42
ostta13g01020	AT2G29650.1	3.06e-64
ostta13g01030	AT1G65900.1	2.90e-05
ostta13g01040	AT2G46210.1	2.13e-21
ostta13g01050	AT5G41140.1	0.12
ostta13g01060	AT5G23120.2	8.22e-143
ostta13g01070	AT3G51520.1	1.75e-30
ostta13g01080	AT1G32400.3	1.35e-15
ostta13g01090	AT5G20930.1	9.62e-180
ostta13g01100	AT4G25340.1	9.93e-31
ostta13g01100	AT4G25340.1	0.14
ostta13g01110	AT5G15802.1	7.37e-04
ostta13g01120	AT2G19480.3	3.61e-79
ostta13g01125	AT1G67470.1	0.030
ostta13g01130	AT3G08720.4	1.55e-59
ostta13g01140	AT2G24490.2	1.48e-23
ostta13g01150	AT1G54960.2	5.40e-91
ostta13g01160	AT5G37780.1	0.55
ostta13g01170	AT5G55190.1	2.97e-132
ostta13g01180	AT5G24300.2	0.0
ostta13g01190	AT5G45940.1	2.47e-35
ostta13g01200	AT1G11720.2	0.0
ostta13g01210	AT5G39530.1	3.41e-11
ostta13g01220	AT1G48980.3	0.097
ostta13g01230	AT3G49180.1	8.82e-34
ostta13g01240	AT3G16840.1	2.46e-118
ostta13g01250	AT1G48270.2	0.32
ostta13g01260	AT3G56580.3	0.37
ostta13g01270	AT3G21290.1	5.6
ostta13g01280	AT1G06070.1	1.19e-14
ostta13g01290	AT4G03420.1	1.12e-40
ostta13g01300	AT1G14260.3	1.92e-09
ostta13g01310	AT1G20700.3	6.68e-22
ostta13g01320	AT1G22700.3	2.33e-56
ostta13g01330	AT2G36145.1	7.86e-08
ostta13g01335	AT5G04250.2	1.23e-42
ostta13g01340	AT4G33380.1	2.74e-05
ostta13g01340	AT4G33380.1	0.001
ostta13g01340	AT4G33380.1	0.019
ostta13g01340	AT4G33380.1	1.3
ostta13g01350	AT4G27780.1	1.84e-24
ostta13g01360	AT1G65950.1	1.02e-67
ostta13g01370	AT5G18640.5	1.21e-18
ostta13g01375	AT5G60730.1	2.7
ostta13g01380	AT1G53670.1	2.31e-46
ostta13g01390	AT5G47010.1	1.24e-73
ostta13g01400	AT5G14120.1	7.3
ostta13g01410	AT2G25605.1	0.025
ostta13g01420	AT1G78560.1	3.56e-09
ostta13g01430	AT5G05240.2	0.076
ostta13g01440	AT1G26520.1	2.35e-86
ostta13g01450	AT2G03430.1	5.05e-29
ostta13g01460	AT1G10760.3	0.0
ostta13g01470	AT2G18450.1	7.33e-20
ostta13g01480	AT3G55510.1	0.16
ostta13g01490	AT5G57590.1	8.57e-165
ostta13g01500	AT1G02090.1	7.31e-27
ostta13g01510	AT1G48630.1	6.10e-169
ostta13g01520	AT4G16420.3	3.63e-105
ostta13g01530	AT5G48830.1	1.13e-18
ostta13g01540	AT3G63480.2	6.0
ostta13g01550	AT2G46210.1	6.53e-11
ostta13g01560	AT4G11910.1	3.56e-26
ostta13g01570	AT5G41480.1	7.79e-97
ostta13g01580	AT4G17300.2	0.0
ostta13g01590	AT5G04920.1	2.03e-54
ostta13g01600	AT2G04520.1	1.55e-63
ostta13g01610	AT5G13390.1	1.92e-74
ostta13g01620	AT5G62000.4	3.2
ostta13g01630	AT1G48240.1	3.02e-32
ostta13g01640	AT3G45620.1	4.85e-41
ostta13g01650	AT3G09360.2	1.60e-84
ostta13g01650	AT3G09360.2	1.97e-11
ostta13g01660	AT1G73940.1	0.88
ostta13g01670	AT5G23630.1	0.0
ostta13g01670	AT5G23630.1	2.58e-39
ostta13g01680	AT1G12370.2	6.38e-136
ostta13g01690	AT3G29360.2	0.0
ostta13g01700	AT3G55010.2	3.77e-19
ostta13g01710	AT2G36895.3	0.97
ostta13g01720	AT5G65290.1	3.43e-70
ostta13g01730	AT5G60335.3	5.94e-18
ostta13g01740	AT5G17520.1	0.25
ostta13g01750	AT3G17930.1	5.06e-35
ostta13g01760	AT1G52510.1	1.5
ostta13g01770	AT3G06910.1	8.01e-18
ostta13g01790	AT2G18900.1	0.16
ostta13g01800	AT1G02630.1	2.85e-21
ostta13g01810	AT2G22400.1	9.42e-174
ostta13g01815	AT3G04340.1	0.95
ostta13g01820	AT5G24470.1	1.60e-14
ostta13g01820	AT5G24470.1	1.54e-09
ostta13g01830	AT2G43190.5	0.92
ostta13g01840	AT3G45300.1	8.08e-31
ostta13g01850	AT3G61570.1	2.36e-25
ostta13g01860	AT1G54370.1	0.069
ostta13g01870	AT1G17160.1	7.22e-52
ostta13g01880	AT4G32830.1	1.82e-44
ostta13g01890	AT3G19440.1	2.68e-14
ostta13g01900	AT2G20990.1	5.53e-33
ostta13g01900	AT2G20990.1	0.30
ostta13g01905	AT2G16530.5	0.32
ostta13g01910	AT5G38660.1	1.77e-64
ostta13g01920	AT2G13810.1	0.37
ostta13g01930	AT3G04480.1	0.22
ostta13g01940	AT5G14720.2	1.46e-139
ostta13g01950	AT3G29170.2	1.57e-04
ostta13g01960	AT3G24530.1	1.28e-06
ostta13g01960	AT3G24530.1	0.90
ostta13g01970	AT1G10290.1	0.084
ostta13g01980	AT3G55830.1	5.78e-55
ostta13g01990	AT5G20910.1	2.71e-12
ostta13g02000	AT1G72570.1	3.95e-14
ostta13g02000	AT1G72570.1	2.95e-07
ostta13g02010	AT1G55350.6	1.2
ostta13g02020	AT1G55350.6	4.09e-35
ostta13g02030	AT5G52560.1	0.0
ostta13g02040	AT5G41880.1	1.03e-109
ostta13g02050	AT1G42430.2	1.68e-71
ostta13g02060	AT4G16630.1	6.98e-176
ostta13g02060	AT4G16630.1	9.0
ostta13g02070	AT4G09810.2	0.055
ostta13g02080	AT5G39270.1	2.09e-11
ostta13g02090	AT4G32360.1	4.43e-107
ostta13g02100	AT5G59420.1	0.47
ostta13g02110	AT1G01510.1	0.008
ostta13g02120	AT2G39810.1	9.82e-29
ostta13g02130	AT4G00740.2	3.6
ostta13g02140	AT5G15390.1	1.60e-40
ostta13g02150	AT1G63490.2	2.07e-114
ostta13g02150	AT1G63490.2	4.86e-09
ostta13g02150	AT1G63490.2	3.0
ostta13g02160	AT3G19590.1	1.62e-61
ostta13g02165	AT5G11500.1	0.15
ostta13g02170	AT4G14690.1	5.69e-07
ostta13g02180	AT1G68760.1	0.004
ostta13g02190	AT4G24050.2	2.12e-27
ostta13g02200	AT4G22930.2	4.73e-134
ostta13g02210	AT1G24190.2	4.1
ostta13g02220	AT2G46910.1	2.49e-40
ostta13g02230	AT3G02530.1	0.0
ostta13g02240	AT1G04130.1	0.033
ostta13g02250	AT5G66380.1	2.37e-69
ostta13g02250	AT5G66380.1	4.10e-09
ostta13g02260	AT5G60390.3	4.35e-108
ostta13g02270	AT3G05350.1	0.0
ostta13g02280	AT4G09140.1	0.0
ostta13g02290	AT5G27380.1	4.2
ostta13g02300	AT1G36310.2	7.38e-36
ostta13g02300	AT1G36310.2	1.18e-04
ostta13g02310	AT5G53400.1	0.063
ostta13g02320	AT5G56750.1	1.38e-45
ostta13g02330	AT4G15570.4	2.44e-49
ostta13g02340	AT1G49040.1	1.46e-15
ostta13g02350	AT3G05230.1	2.27e-28
ostta13g02360	AT3G05510.2	1.71e-40
ostta13g02370	AT4G22910.1	0.0
ostta13g02370	AT4G22910.1	1.27e-08
ostta13g02380	AT1G53650.2	8.38e-39
ostta13g02380	AT1G53650.2	3.07e-12
ostta13g02390	AT2G32340.1	0.13
ostta13g02400	AT1G71440.1	3.7
ostta13g02410	AT5G63080.1	3.79e-09
ostta13g02420	AT3G21390.1	2.04e-85
ostta13g02420	AT3G21390.1	7.69e-16
ostta13g02420	AT3G21390.1	2.57e-08
ostta13g02420	AT3G21390.1	0.003
ostta13g02430	AT5G54400.1	0.47
ostta13g02440	AT1G31800.1	0.0
ostta13g02450	AT3G06270.1	8.05e-40
ostta13g02460	AT3G57290.1	1.37e-111
ostta13g02470	AT5G14610.1	0.004
ostta13g02480	AT1G54560.2	0.038
ostta13g02490	AT1G30960.1	2.13e-60
ostta13g02500	AT1G63770.6	0.0
ostta13g02510	AT1G67710.1	3.1
ostta13g02520	AT1G55150.1	3.94e-173
ostta13g02530	AT5G10480.1	3.05e-55
ostta13g02550	AT5G45680.1	2.95e-31
ostta13g02560	AT4G22120.6	0.034
ostta13g02570	AT4G32990.2	1.5
ostta13g02580	AT3G19630.1	0.32
ostta13g02600	AT5G22780.2	0.0
ostta13g02610	AT4G04860.1	4.67e-86
ostta13g02620	AT5G50310.1	3.09e-105
ostta13g02630	AT3G17205.3	1.27e-132
ostta13g02640	AT1G73960.1	6.65e-63
ostta13g02650	AT4G20080.1	1.39e-04
ostta13g02660	AT2G35350.1	1.7
ostta13g02670	AT4G30150.1	3.19e-09
ostta13g02680	AT5G49560.1	6.10e-08
ostta13g02690	AT1G14250.1	1.19e-12
ostta13g02700	AT1G35190.1	1.94e-44
ostta13g02710	AT5G64320.1	4.10e-25
ostta13g02710	AT5G64320.1	3.17e-20
ostta13g02710	AT5G64320.1	9.23e-14
ostta13g02710	AT5G64320.1	2.43e-13
ostta13g02710	AT5G64320.1	6.37e-11
ostta13g02710	AT5G64320.1	7.15e-10
ostta13g02720	AT3G08720.4	6.78e-45
ostta13g02730	AT1G05120.1	2.97e-144
ostta13g02730	AT1G05120.1	3.10e-37
ostta13g02740	AT3G52680.1	1.6
ostta13g02750	AT5G04290.2	6.6
ostta13g02760	AT4G37110.2	2.24e-57
ostta13g02770	AT2G44820.1	1.5
ostta13g02780	AT4G27640.1	1.80e-145
ostta13g02790	AT5G13300.1	1.43e-71
ostta13g02800	AT4G19210.1	0.0
ostta13g02810	AT5G55860.1	0.84
ostta13g02820	AT4G08270.1	6.0
ostta13g02830	AT3G14840.2	0.10
ostta13g02840	AT3G52180.4	1.95e-15
ostta13g02850	AT2G40730.1	3.89e-163
ostta13g02865	AT3G43240.1	1.02e-09
ostta13g02870	AT5G49840.2	5.83e-20
ostta13g02870	AT5G49840.2	2.36e-13
ostta13g02880	AT5G56040.2	5.3
ostta13g02890	AT1G29320.1	5.06e-31
ostta13g02895	AT5G21222.4	3.24e-49
ostta13g02895	AT5G21222.4	4.92e-21
ostta13g02895	AT5G21222.4	1.76e-10
ostta13g02895	AT5G21222.4	1.72e-09
ostta13g02895	AT5G21222.4	2.94e-05
ostta13g02900	AT3G06030.1	2.9
ostta13g02910	AT3G22840.1	1.86e-13
ostta13g02920	AT4G19645.5	3.46e-10
ostta13g02930	AT1G10840.1	6.28e-113
ostta13g02940	AT1G65930.1	1.24e-44
ostta13g02950	AT1G55860.1	1.49e-135
ostta13g02950	AT1G55860.1	6.02e-38
ostta13g02950	AT1G55860.1	2.79e-06
ostta13g02950	AT1G55860.1	4.7
ostta13g02960	AT1G54350.1	1.66e-20
ostta13g02970	AT5G26360.1	0.0
ostta13g02980	AT1G28320.1	4.2
ostta13g02985	AT2G31060.2	0.0
ostta13g02990	AT1G79810.1	5.82e-42
ostta13g03000	AT1G24050.1	2.15e-14
ostta13g03010	AT1G76710.2	2.77e-42
ostta13g03020	AT5G13430.1	2.07e-101
ostta13g03030	AT4G40042.1	2.99e-13
ostta13g03040	AT5G26860.1	0.0
ostta13g03050	AT5G11340.1	2.15e-39
ostta13g03060	AT5G17230.4	1.93e-45
ostta13g03070	AT1G67660.2	2.95e-49
ostta13g03080	AT5G56130.1	1.97e-11
ostta13g03090	AT3G19630.1	0.22
ostta14g00010	AT2G21045.1	0.78
ostta14g00020	AT4G34100.2	5.67e-07
ostta14g00030	AT4G31300.3	3.71e-70
ostta14g00040	AT2G31800.1	9.12e-07
ostta14g00050	AT3G61680.3	7.26e-43
ostta14g00050	AT3G61680.3	5.24e-04
ostta14g00055	AT5G48270.1	0.26
ostta14g00060	AT4G27780.1	2.67e-09
ostta14g00060	AT4G27780.1	0.002
ostta14g00066	AT1G33350.2	0.54
ostta14g00070	AT3G20290.3	3.9
ostta14g00075	AT2G32040.1	1.0
ostta14g00080	AT5G66760.1	0.0
ostta14g00090	AT1G72440.1	2.50e-139
ostta14g00100	AT5G67630.1	0.0
ostta14g00110	AT2G40010.1	4.92e-102
ostta14g00120	AT2G26780.2	2.8
ostta14g00130	AT1G09932.1	1.91e-11
ostta14g00140	AT1G63780.1	4.18e-130
ostta14g00150	AT3G50820.1	1.68e-112
ostta14g00160	AT4G24490.2	4.78e-39
ostta14g00160	AT4G24490.2	1.3
ostta14g00170	AT1G32070.3	8.54e-51
ostta14g00180	AT3G04730.1	4.0
ostta14g00185	AT3G17670.2	1.64e-04
ostta14g00200	AT1G14030.1	1.17e-59
ostta14g00210	AT1G01510.1	0.054
ostta14g00220	AT3G18520.1	0.59
ostta14g00230	AT4G00290.1	2.90e-17
ostta14g00240	AT1G11630.1	7.7
ostta14g00250	AT1G35910.1	3.97e-72
ostta14g00260	AT1G72830.2	3.81e-07
ostta14g00270	AT3G27325.1	4.75e-14
ostta14g00280	AT2G18790.2	7.8
ostta14g00290	AT2G24990.1	6.79e-125
ostta14g00300	AT2G41500.2	8.97e-98
ostta14g00310	AT5G58120.1	9.1
ostta14g00310	AT4G20970.1	4.8
ostta14g00320	AT1G61040.3	2.57e-27
ostta14g00330	AT1G21190.1	3.02e-47
ostta14g00340	AT5G40850.1	1.30e-102
ostta14g00350	AT3G18430.3	1.32e-34
ostta14g00360	AT4G04610.1	1.09e-161
ostta14g00370	AT1G32490.1	0.0
ostta14g00380	AT2G24710.2	5.6
ostta14g00390	AT3G56680.1	0.063
ostta14g00400	AT5G20510.1	3.88e-51
ostta14g00410	AT5G49760.1	4.0
ostta14g00420	AT1G68760.1	1.14e-04
ostta14g00430	AT2G45300.3	6.1
ostta14g00440	AT5G18790.1	7.51e-17
ostta14g00450	AT4G19003.6	1.79e-10
ostta14g00460	ATCG01040.1	1.67e-67
ostta14g00470	AT5G11960.1	1.76e-29
ostta14g00480	AT4G05190.1	0.097
ostta14g00490	AT1G01680.1	2.7
ostta14g00500	AT3G21110.3	2.48e-139
ostta14g00510	AT5G23700.2	1.16e-15
ostta14g00520	AT4G25130.1	8.70e-43
ostta14g00525	AT4G25130.1	1.23e-47
ostta14g00530	AT2G37975.2	5.11e-19
ostta14g00540	AT5G66280.1	6.80e-124
ostta14g00550	AT2G17500.4	0.002
ostta14g00550	AT2G17500.4	6.1
ostta14g00560	AT3G17900.2	1.5
ostta14g00570	AT1G75140.1	4.02e-18
ostta14g00580	AT3G13235.3	0.002
ostta14g00590	AT5G50430.2	1.36e-44
ostta14g00600	AT3G10840.3	3.62e-22
ostta14g00610	AT2G24270.2	1.2
ostta14g00620	AT5G15750.1	3.82e-76
ostta14g00630	AT5G17220.1	0.011
ostta14g00640	AT5G47730.4	0.038
ostta14g00645	AT1G45110.1	1.22e-93
ostta14g00650	AT3G51850.1	0.25
ostta14g00660	AT4G27960.1	2.05e-89
ostta14g00670	AT1G12250.2	1.90e-49
ostta14g00680	AT2G02570.4	1.15e-14
ostta14g00690	AT5G66470.2	1.33e-97
ostta14g00700	AT3G10230.1	1.58e-119
ostta14g00700	AT3G10230.1	4.09e-79
ostta14g00710	AT5G02530.1	6.75e-18
ostta14g00715	AT3G61130.1	2.6
ostta14g00720	AT1G03860.3	1.70e-127
ostta14g00730	AT4G14000.1	2.74e-32
ostta14g00740	AT1G07010.1	5.77e-67
ostta14g00750	AT3G21540.1	0.0
ostta14g00760	AT1G03060.4	8.9
ostta14g00770	AT5G35210.1	5.2
ostta14g00780	AT5G20600.1	3.05e-26
ostta14g00790	AT3G56900.1	1.19e-32
ostta14g00795	AT1G72640.1	4.12e-27
ostta14g00800	AT2G26350.3	1.64e-37
ostta14g00810	AT3G21640.1	1.68e-39
ostta14g00820	AT3G48560.1	3.00e-07
ostta14g00820	AT3G48560.1	4.95e-06
ostta14g00830	AT5G14250.1	6.45e-19
ostta14g00840	AT5G03880.1	2.46e-98
ostta14g00850	AT2G44580.2	1.82e-51
ostta14g00860	AT1G65660.1	2.38e-176
ostta14g00870	AT4G19006.1	6.54e-101
ostta14g00880	AT1G07210.1	5.89e-12
ostta14g00890	AT1G26660.1	8.96e-07
ostta14g00900	AT5G45680.1	1.39e-11
ostta14g00910	AT1G70410.2	1.1
ostta14g00920	AT1G31360.7	1.00e-04
ostta14g00930	AT1G36280.1	0.0
ostta14g00940	AT3G57660.1	0.0
ostta14g00950	AT1G76040.3	1.55e-15
ostta14g00960	AT5G44200.2	2.08e-61
ostta14g00970	AT5G50130.1	0.18
ostta14g00980	AT2G31450.2	1.03e-78
ostta14g00990	AT2G22870.1	3.33e-61
ostta14g01000	AT1G48380.1	3.50e-25
ostta14g01010	AT3G54050.2	1.92e-115
ostta14g01020	AT3G54780.4	0.24
ostta14g01030	AT1G48310.1	4.90e-145
ostta14g01040	AT5G50920.1	0.0
ostta14g01050	AT2G16440.1	0.0
ostta14g01060	AT1G32990.1	1.17e-71
ostta14g01070	ATCG00640.1	6.68e-16
ostta14g01075	AT1G69550.1	1.3
ostta14g01080	AT3G46100.1	1.47e-125
ostta14g01090	AT3G50685.1	2.27e-26
ostta14g01100	AT1G20410.1	2.23e-52
ostta14g01105	AT1G72190.1	7.33e-74
ostta14g01110	AT1G08410.1	3.16e-137
ostta14g01120	AT2G18740.1	1.60e-41
ostta14g01130	AT1G50500.4	5.61e-34
ostta14g01140	AT4G12490.1	0.003
ostta14g01150	AT3G55760.3	8.88e-60
ostta14g01155	AT4G25840.1	2.02e-04
ostta14g01157	AT1G67120.1	2.0
ostta14g01157	AT1G67120.1	6.0
ostta14g01160	AT3G28730.1	2.20e-115
ostta14g01170	AT5G20720.4	6.21e-40
ostta14g00065	AT4G10340.1	6.24e-57
ostta14g01180	AT5G19930.2	4.72e-65
ostta14g01190	AT5G14710.1	9.72e-14
ostta14g01200	AT5G66055.1	0.003
ostta14g01210	AT1G57770.1	1.79e-172
ostta14g01220	AT5G24490.1	8.11e-15
ostta14g01230	AT1G24240.2	5.0
ostta14g01240	AT1G50500.4	1.46e-169
ostta14g01245	AT2G46580.1	0.001
ostta14g01250	AT2G28840.2	5.06e-12
ostta14g01260	AT1G14610.1	5.9
ostta14g01270	AT5G11200.1	0.0
ostta14g01280	AT4G01610.1	2.54e-32
ostta14g01290	AT5G39410.1	1.62e-17
ostta14g01300	AT3G11220.1	2.87e-10
ostta14g01310	AT2G41450.2	5.2
ostta14g01320	AT5G45280.2	3.42e-23
ostta14g01330	AT1G10040.2	2.05e-34
ostta14g01340	AT2G35930.1	1.38e-06
ostta14g01345	AT3G03773.1	0.002
ostta14g01350	AT4G15900.1	2.73e-08
ostta14g01350	AT4G15900.1	0.032
ostta14g01355	AT1G09150.1	5.11e-77
ostta14g01360	AT4G39220.2	1.95e-65
ostta14g01365	AT1G23900.3	9.2
ostta14g01370	AT5G19500.1	4.91e-85
ostta14g01380	AT5G04220.1	1.83e-06
ostta14g01385	AT2G35500.1	1.9
ostta14g01387	AT4G04870.1	2.17e-29
ostta14g01388	AT1G17110.3	4.5
ostta14g01390	AT1G78320.1	5.12e-14
ostta14g01400	AT3G19510.2	2.34e-39
ostta14g01410	AT4G02020.1	2.40e-69
ostta14g01410	AT4G02020.1	0.008
ostta14g01420	AT2G04270.6	3.61e-42
ostta14g01420	AT2G04270.6	0.025
ostta14g01430	AT2G22650.1	8.69e-42
ostta14g01435	AT3G04590.2	4.63e-04
ostta14g01440	AT1G07510.1	0.0
ostta14g01450	AT5G22010.2	0.008
ostta14g01460	AT1G68890.2	0.81
ostta14g01470	AT4G27180.2	0.010
ostta14g01470	AT4G27180.2	5.2
ostta14g01480	AT1G72560.7	0.36
ostta14g01485	AT4G35450.3	7.23e-05
ostta14g01490	AT4G13000.1	1.5
ostta14g01500	AT5G53470.1	8.22e-12
ostta14g01510	AT4G37680.4	1.67e-46
ostta14g01510	AT4G37680.4	5.53e-05
ostta14g01520	AT1G56070.3	0.0
ostta14g01530	AT3G54710.1	0.29
ostta14g01540	AT3G02260.2	8.33e-10
ostta14g01550	AT1G07980.1	5.45e-11
ostta14g01555	AT1G11720.1	0.040
ostta14g01570	AT1G67300.3	7.76e-75
ostta14g01580	AT1G55790.1	0.41
ostta14g01590	AT2G18650.1	0.73
ostta14g01600	AT1G10170.4	0.004
ostta14g01600	AT1G10170.4	0.010
ostta14g01600	AT1G10170.4	7.0
ostta14g01610	AT5G57850.2	1.68e-39
ostta14g01620	AT3G56570.1	3.08e-20
ostta14g01620	AT3G56570.1	0.058
ostta14g01630	AT2G23520.1	5.0
ostta14g01635	AT2G26610.1	0.017
ostta14g01640	AT3G01150.2	0.41
ostta14g01650	AT5G42620.2	0.038
ostta14g01650	AT5G42620.2	0.16
ostta14g01650	AT5G42620.2	0.16
ostta14g01650	AT5G42620.2	0.43
ostta14g01650	AT5G42620.2	3.8
ostta14g01660	AT3G54620.2	0.27
ostta14g01665	AT4G37880.1	2.0
ostta14g01670	AT1G23010.1	4.43e-08
ostta14g01680	AT2G01320.4	6.53e-79
ostta14g01690	AT1G53660.1	9.95e-33
ostta14g01695	AT1G80190.6	1.16e-27
ostta14g01700	AT1G16710.2	3.3
ostta14g01710	AT1G04350.1	1.5
ostta14g01720	AT5G01920.2	6.68e-36
ostta14g01730	AT2G16405.1	6.82e-06
ostta14g01740	AT2G16950.2	0.0
ostta14g01750	AT2G19940.3	2.39e-23
ostta14g01760	AT2G43500.9	1.13e-05
ostta14g01770	AT5G62890.4	0.97
ostta14g01780	AT2G15025.1	2.7
ostta14g01790	AT1G31430.2	1.9
ostta14g01790	AT1G31430.2	3.1
ostta14g01790	AT1G31430.2	4.7
ostta14g01790	AT1G31430.2	6.2
ostta14g01790	AT1G31430.2	6.2
ostta14g01800	AT3G27000.1	9.09e-53
ostta14g01810	AT5G05450.1	6.27e-171
ostta14g01820	AT4G09360.1	0.89
ostta14g01830	AT2G22480.1	2.63e-171
ostta14g01840	AT3G11710.1	0.0
ostta14g01850	AT1G75350.1	1.32e-26
ostta14g01860	AT1G80040.4	4.94e-12
ostta14g01870	AT2G22260.5	2.31e-15
ostta14g01880	AT3G25980.1	2.35e-55
ostta14g01890	AT2G03140.9	0.32
ostta14g01900	AT2G41220.1	0.0
ostta14g01910	AT1G50630.1	5.1
ostta14g01920	AT1G75510.1	5.32e-30
ostta14g01930	AT2G43210.3	2.5
ostta14g01940	AT5G64390.3	0.033
ostta14g01950	AT4G11630.1	2.54e-28
ostta14g01960	AT1G66520.1	4.82e-101
ostta14g01970	AT2G18990.1	1.70e-09
ostta14g01980	AT1G22800.1	1.14e-90
ostta14g01990	AT5G54680.1	9.08e-21
ostta14g02000	AT5G05050.1	0.45
ostta14g02010	AT5G56090.1	7.81e-139
ostta14g02020	AT5G49570.1	8.33e-76
ostta14g02030	AT1G52380.4	7.28e-19
ostta14g02040	AT4G40000.1	6.45e-90
ostta14g02050	AT5G27270.5	1.2
ostta14g02070	AT2G45300.4	0.0
ostta14g02080	AT3G46560.1	7.63e-35
ostta14g02090	AT1G72570.1	9.52e-34
ostta14g02090	AT1G72570.1	5.63e-08
ostta14g02100	AT2G34660.2	4.5
ostta14g02110	AT3G62550.1	0.91
ostta14g02120	AT5G66550.2	3.12e-10
ostta14g02130	AT5G54310.1	1.76e-36
ostta14g02140	AT1G43560.1	1.40e-11
ostta14g02150	AT2G34970.1	1.34e-07
ostta14g02170	AT4G23160.1	8.8
ostta14g02180	AT2G39930.1	0.0
ostta14g02190	AT2G45480.2	4.9
ostta14g02197	AT2G44050.1	1.44e-04
ostta14g02200	AT4G23660.5	2.59e-107
ostta14g02210	AT2G05120.1	1.73e-23
ostta14g02220	AT1G30480.1	2.12e-48
ostta14g02230	AT2G27070.1	2.3
ostta14g02235	AT2G27290.1	4.83e-41
ostta14g02240	AT1G63680.3	8.20e-94
ostta14g02250	AT3G48210.1	0.10
ostta14g02260	AT3G02090.1	0.0
ostta14g02270	AT1G76200.1	1.78e-08
ostta14g02280	AT4G17550.1	2.67e-179
ostta14g02290	AT5G28400.1	0.91
ostta14g02300	AT1G16740.1	5.05e-42
ostta14g02310	AT5G59240.1	1.19e-99
ostta14g02320	AT3G07790.1	1.0
ostta14g02330	AT4G16845.1	1.19e-15
ostta14g02340	AT2G39970.1	2.48e-66
ostta14g02340	AT2G39970.1	0.039
ostta14g02345	AT5G38895.1	3.80e-15
ostta14g02350	AT1G60600.2	3.92e-59
ostta14g02370	AT5G48810.1	1.44e-11
ostta14g02380	AT1G13030.1	0.94
ostta14g02390	AT5G17670.1	2.16e-21
ostta14g02400	AT4G02080.1	3.97e-122
ostta14g02410	AT2G15080.2	7.4
ostta14g02420	AT4G37930.1	0.0
ostta14g02430	AT2G32900.1	8.61e-24
ostta14g02440	AT1G71770.2	0.074
ostta14g02460	AT2G38360.1	1.9
ostta14g02470	AT3G57560.1	7.10e-109
ostta14g02475	AT1G09280.1	2.52e-31
ostta14g02480	AT5G16630.2	7.33e-53
ostta14g02480	AT5G16630.2	1.53e-05
ostta14g02490	AT3G18140.2	1.87e-04
ostta14g02495	AT2G45700.1	0.20
ostta14g02500	AT5G51410.5	1.90e-28
ostta14g02510	AT1G02145.3	2.16e-108
ostta14g02520	AT1G04290.1	1.4
ostta14g02530	AT3G20770.1	5.7
ostta14g02540	AT4G04850.1	1.84e-95
ostta14g02550	AT4G02800.1	0.33
ostta14g02560	AT1G17910.1	3.8
ostta14g02570	AT4G32990.1	6.01e-58
ostta14g02570	AT4G32990.1	8.13e-07
ostta14g02570	AT4G32990.1	5.70e-06
ostta14g02580	AT4G19350.1	0.013
ostta14g02590	AT2G30650.1	4.64e-46
ostta14g02600	AT3G25680.1	1.5
ostta14g02610	AT4G30480.2	4.65e-38
ostta14g02620	AT4G17650.1	3.35e-18
ostta14g02630	AT1G06680.1	6.55e-77
ostta14g02635	AT1G51310.1	3.44e-53
ostta14g02650	AT3G23080.3	5.81e-06
ostta14g02660	AT1G62850.3	1.65e-39
ostta14g02670	AT3G55100.2	1.2
ostta14g02680	AT2G24630.2	8.18e-29
ostta14g02690	AT3G49600.2	2.4
ostta14g02695	AT1G11240.1	0.008
ostta14g02700	AT1G15690.1	1.1
ostta14g02710	AT1G50000.1	2.13e-35
ostta14g02720	AT2G01970.1	0.0
ostta14g02730	AT1G60730.1	3.7
ostta14g02750	AT4G03430.3	0.0
ostta14g02760	AT2G38130.2	2.96e-57
ostta14g02770	AT4G09800.1	1.71e-83
ostta14g02775	AT4G39540.2	3.37e-29
ostta14g02780	AT4G38350.1	1.39e-19
ostta14g02780	AT4G38350.1	1.98e-11
ostta14g02790	AT1G26670.1	4.29e-04
ostta14g02795	AT3G60810.1	9.00e-46
ostta14g02800	AT4G35780.1	5.30e-52
ostta14g02810	AT5G48120.3	2.87e-19
ostta14g02810	AT5G48120.3	9.79e-09
ostta14g02820	AT5G17160.1	0.61
ostta14g02830	AT5G22950.1	2.34e-28
ostta14g02840	AT1G73750.1	8.34e-38
ostta14g02850	AT5G14580.1	3.5
ostta14g02860	AT3G17940.1	4.09e-58
ostta14g02870	AT1G11890.1	1.55e-81
ostta14g02880	AT5G27490.1	6.74e-37
ostta14g02890	AT3G02780.1	6.54e-55
ostta14g02900	AT4G23940.1	1.2
ostta14g02910	AT5G16800.1	0.19
ostta14g02920	AT3G27000.1	0.0
ostta14g02930	AT5G08540.1	9.48e-35
ostta14g02935	AT2G32600.1	3.12e-94
ostta14g02940	AT5G57390.1	0.056
ostta14g02945	AT1G14400.2	2.03e-90
ostta14g02950	AT4G12740.2	3.10e-72
ostta14g02960	AT5G11860.5	1.73e-76
ostta14g02970	AT1G80560.1	9.76e-177
ostta14g02980	AT4G01840.1	1.08e-17
ostta14g02990	AT2G25170.4	0.48
ostta14g03000	AT3G01460.1	7.6
ostta14g03010	AT3G06190.1	2.60e-70
ostta14g03020	AT4G10550.4	0.93
ostta14g03030	AT4G19970.1	0.002
ostta14g03040	AT1G30410.3	0.14
ostta14g03050	AT1G80600.1	7.80e-157
ostta14g03060	AT1G76590.1	2.13e-28
ostta14g03070	AT1G15490.2	1.3
ostta14g03080	AT4G34830.1	8.21e-34
ostta14g03080	AT4G34830.1	3.54e-17
ostta14g03080	AT4G34830.1	2.77e-13
ostta14g03080	AT4G34830.1	2.24e-09
ostta14g03080	AT4G34830.1	0.064
ostta14g03080	AT4G34830.1	6.4
ostta15g00010	AT1G48270.2	1.09e-06
ostta15g00020	AT3G21820.1	2.89e-98
ostta15g00030	AT2G40360.2	0.078
ostta15g00035	AT4G18460.1	4.36e-40
ostta15g00040	AT1G11390.1	1.46e-76
ostta15g00045	AT3G60245.1	3.52e-48
ostta15g00050	AT5G17240.2	4.04e-23
ostta15g00060	AT3G20330.2	1.28e-151
ostta15g00070	AT5G11100.1	9.84e-10
ostta15g00080	AT5G59610.2	7.01e-08
ostta15g00090	AT1G79230.3	8.64e-83
ostta15g00100	AT3G21550.1	2.7
ostta15g00110	AT1G10210.3	1.25e-136
ostta15g00120	AT4G31050.1	6.09e-55
ostta15g00130	AT3G59220.1	2.06e-36
ostta15g00140	AT3G11325.2	0.32
ostta15g00150	AT4G09320.1	2.88e-76
ostta15g00160	AT2G02590.1	1.5
ostta15g00170	AT3G10330.1	8.88e-70
ostta15g00180	AT2G47650.1	0.0
ostta15g00190	AT4G21120.1	4.09e-98
ostta15g00195	AT2G19220.1	5.2
ostta15g00200	AT1G48170.1	6.89e-12
ostta15g00210	AT1G71430.1	0.003
ostta15g00220	AT1G16445.1	7.16e-21
ostta15g00230	AT1G02010.5	1.23e-98
ostta15g00240	AT3G26980.1	0.99
ostta15g00250	AT3G11830.1	0.0
ostta15g00270	AT2G42690.1	0.42
ostta15g00280	AT5G15890.1	0.25
ostta15g00290	AT1G15350.6	5.22e-11
ostta15g00300	AT4G10070.1	1.31e-08
ostta15g00300	AT4G10070.1	0.022
ostta15g00310	AT5G56360.1	1.81e-26
ostta15g00320	AT3G15352.2	1.05e-11
ostta15g00330	AT3G44880.1	5.58e-74
ostta15g00340	AT1G17450.2	0.42
ostta15g00350	AT1G64040.1	4.03e-173
ostta15g00370	AT2G07280.1	0.051
ostta15g00375	AT2G39250.2	1.42e-06
ostta15g00380	AT3G58830.1	6.36e-55
ostta15g00390	AT5G13650.1	0.0
ostta15g00400	AT3G06540.1	1.14e-47
ostta15g00405	AT4G33060.1	2.79e-100
ostta15g00410	AT5G50320.1	0.0
ostta15g00420	AT3G26340.1	1.26e-127
ostta15g00430	AT5G61140.2	6.1
ostta15g00440	AT5G63440.2	8.86e-31
ostta15g00450	AT2G17510.1	1.67e-124
ostta15g00460	AT1G69880.1	0.050
ostta15g00470	AT5G50460.1	2.02e-28
ostta15g00480	AT2G33240.8	1.82e-08
ostta15g00480	AT2G33240.8	7.95e-05
ostta15g00480	AT2G33240.8	2.9
ostta15g00485	AT5G08530.1	0.0
ostta15g00490	AT1G60200.4	4.46e-17
ostta15g00500	AT5G42910.1	7.7
ostta15g00510	AT5G20470.1	0.062
ostta15g00530	AT1G08750.3	2.51e-94
ostta15g00540	AT1G68820.3	5.9
ostta15g00560	AT4G08550.2	9.11e-49
ostta15g00570	AT4G11860.1	5.85e-22
ostta15g00570	AT4G11860.1	3.52e-14
ostta15g00575	AT3G49980.2	0.21
ostta15g00580	AT2G46090.1	0.31
ostta15g00590	AT3G11950.5	5.98e-05
ostta15g00590	AT3G11950.5	0.008
ostta15g00600	AT2G16390.1	0.65
ostta15g00610	AT1G15500.1	2.64e-92
ostta15g00620	AT5G52520.1	0.0
ostta15g00630	AT1G33410.2	2.81e-24
ostta15g00630	AT1G33410.2	0.50
ostta15g00640	AT3G54540.2	5.96e-44
ostta15g00640	AT3G54540.2	1.15e-16
ostta15g00640	AT3G54540.2	1.16e-12
ostta15g00640	AT3G54540.2	0.002
ostta15g00640	AT3G54540.2	0.007
ostta15g00650	AT5G40650.1	5.40e-123
ostta15g00660	AT3G50370.1	0.57
ostta15g00670	AT3G54180.1	5.03e-158
ostta15g00680	AT4G15110.1	1.20e-169
ostta15g00690	AT1G17460.1	1.29e-12
ostta15g00690	AT1G17460.1	1.41e-08
ostta15g00700	AT3G20440.2	1.9
ostta15g00720	AT1G02850.3	1.4
ostta15g00730	AT1G10270.1	0.14
ostta15g00730	AT1G10270.1	3.8
ostta15g00740	AT3G56990.1	6.55e-171
ostta15g00750	AT1G55000.3	1.4
ostta15g00760	AT1G17070.1	1.10e-131
ostta15g00765	AT5G62030.1	7.76e-149
ostta15g00770	AT3G23255.2	8.04e-17
ostta15g00780	AT1G61040.3	0.93
ostta15g00790	AT1G44910.1	1.11e-33
ostta15g00790	AT1G44910.1	9.60e-20
ostta15g00800	AT2G36660.1	7.30e-27
ostta15g00800	AT2G36660.1	1.33e-15
ostta15g00800	AT2G36660.1	3.35e-13
ostta15g00810	AT1G01630.1	2.7
ostta15g00820	AT4G27630.6	2.18e-63
ostta15g00830	AT3G01120.1	1.03e-51
ostta15g00840	AT1G28420.1	9.03e-09
ostta15g00850	AT1G20480.1	0.46
ostta15g00860	AT2G01640.2	9.42e-07
ostta15g00870	AT5G23200.1	1.64e-37
ostta15g00880	AT3G55850.6	1.24e-74
ostta15g00890	AT1G21640.1	1.72e-107
ostta15g00890	AT1G21640.1	8.41e-16
ostta15g00900	AT3G63140.1	9.83e-129
ostta15g00910	AT1G17450.1	1.3
ostta15g00920	AT3G20810.1	6.71e-10
ostta15g00930	AT2G33800.1	5.89e-61
ostta15g00940	AT3G27610.1	1.69e-45
ostta15g00950	AT3G05090.3	3.84e-99
ostta15g00955	AT3G17390.1	0.0
ostta15g00960	AT5G49730.1	0.57
ostta15g00970	AT3G08980.4	0.004
ostta15g00980	AT3G51980.1	1.07e-13
ostta15g00990	AT1G52230.1	4.08e-22
ostta15g01000	AT1G04400.2	6.26e-48
ostta15g01010	AT2G42910.1	7.90e-142
ostta15g01020	AT4G18230.3	6.97e-40
ostta15g01030	AT1G68100.1	2.05e-31
ostta15g01050	AT1G78130.1	1.20e-10
ostta15g01060	AT2G36270.3	3.28e-04
ostta15g01070	AT3G55220.1	6.2
ostta15g01075	AT4G40045.1	0.13
ostta15g01080	AT5G47240.1	4.13e-65
ostta15g01090	AT4G19130.1	8.41e-109
ostta15g01100	AT3G46450.3	5.59e-08
ostta15g01105	AT4G04330.1	5.48e-04
ostta15g01110	AT5G01220.1	1.18e-114
ostta15g01120	AT3G23633.2	0.004
ostta15g01130	AT5G66930.2	8.11e-29
ostta15g01140	AT2G46210.1	4.59e-113
ostta15g01150	AT3G51130.1	0.17
ostta15g01160	AT5G39740.2	1.74e-107
ostta15g01170	AT5G53070.1	1.38e-13
ostta15g01180	AT1G70600.1	2.13e-70
ostta15g01190	AT4G14276.1	2.8
ostta15g01200	AT3G51850.1	1.25e-93
ostta15g01210	AT3G12290.1	4.03e-141
ostta15g01220	AT4G32700.2	4.36e-79
ostta15g01230	AT5G11450.2	8.43e-36
ostta15g01240	AT3G58560.1	3.54e-18
ostta15g01240	AT3G58560.1	1.6
ostta15g01250	AT1G15960.1	1.40e-125
ostta15g01260	AT3G21430.4	2.62e-30
ostta15g01265	AT1G33980.1	6.73e-06
ostta15g01270	AT1G08520.1	1.76e-64
ostta15g01270	AT1G08520.1	3.75e-55
ostta15g01280	AT1G50900.1	8.49e-41
ostta15g01290	AT1G49490.1	2.3
ostta15g01300	AT2G47990.1	1.05e-78
ostta15g01310	AT3G43700.2	0.016
ostta15g01325	AT2G06040.1	1.8
ostta15g01330	AT5G10190.1	6.07e-14
ostta15g01340	AT2G41530.1	1.50e-82
ostta15g01350	AT5G43940.1	9.61e-176
ostta15g01360	AT1G12400.2	1.84e-10
ostta15g01370	AT1G56345.1	4.63e-32
ostta15g01380	AT5G05200.1	1.10e-159
ostta15g01390	AT5G14105.1	1.82e-09
ostta15g01400	AT2G32295.2	1.59e-63
ostta15g01410	AT5G67560.1	1.20e-68
ostta15g01420	AT5G18700.1	5.53e-155
ostta15g01430	AT4G32730.5	1.32e-13
ostta15g01430	AT4G32730.5	2.24e-07
ostta15g01440	AT3G56660.1	0.020
ostta15g01450	AT3G43240.1	1.46e-11
ostta15g01460	AT5G61780.1	4.21e-175
ostta15g01470	AT5G46290.1	1.03e-167
ostta15g01480	AT4G37270.1	1.86e-108
ostta15g01490	AT4G25420.1	0.59
ostta15g01495	AT5G40080.1	4.26e-08
ostta15g01500	AT5G46850.3	0.15
ostta15g01510	AT5G58840.2	0.11
ostta15g01520	AT1G48090.6	1.17e-41
ostta15g01520	AT1G48090.6	4.13e-24
ostta15g01520	AT1G48090.6	2.28e-20
ostta15g01520	AT1G48090.6	1.68e-04
ostta15g01520	AT1G48090.6	1.80e-04
ostta15g01520	AT1G48090.6	0.030
ostta15g01530	AT4G36520.1	0.82
ostta15g01540	AT3G26290.2	0.11
ostta15g01550	AT3G09080.3	3.2
ostta15g01560	AT2G34357.1	1.60e-117
ostta15g01570	AT4G36580.1	0.037
ostta15g01580	AT3G58000.1	0.61
ostta15g01590	AT1G55480.1	5.82e-06
ostta15g01610	AT2G37990.1	2.96e-37
ostta15g01620	AT2G42270.1	1.9
ostta15g01630	AT4G32850.3	1.06e-138
ostta15g01640	AT4G33380.1	2.76e-16
ostta15g01650	AT2G17020.1	0.001
ostta15g01660	AT4G03115.1	2.00e-29
ostta15g01670	AT4G23250.3	1.3
ostta15g01680	AT2G35035.1	8.94e-39
ostta15g01690	AT2G34470.1	8.53e-110
ostta15g01700	AT1G67550.1	0.0
ostta15g01710	AT5G45380.1	0.0
ostta15g01720	AT1G21840.2	1.30e-21
ostta15g01730	AT1G64550.1	1.25e-160
ostta15g01735	AT4G17410.5	5.2
ostta15g01740	AT3G53090.2	1.40e-132
ostta15g01750	AT5G17930.1	6.80e-94
ostta15g01760	AT4G21460.1	3.08e-15
ostta15g01770	AT5G46110.4	5.41e-108
ostta15g01780	AT3G01060.1	2.44e-89
ostta15g01790	AT3G27120.1	2.33e-27
ostta15g01800	AT5G46290.1	0.012
ostta15g01810	AT3G27120.1	6.76e-98
ostta15g01820	AT5G60160.1	0.0
ostta15g01830	AT5G25780.1	0.0
ostta15g01840	AT5G27990.2	1.23e-17
ostta15g01850	AT5G18660.1	3.38e-142
ostta15g01860	AT4G26750.1	1.03e-35
ostta15g01860	AT4G26750.1	0.065
ostta15g01870	AT3G05670.3	2.33e-27
ostta15g01880	AT1G15470.2	0.53
ostta15g01890	AT1G62640.2	3.98e-120
ostta15g01900	AT1G04190.1	2.63e-22
ostta15g01910	AT5G07120.3	0.65
ostta15g01920	AT5G57240.5	2.87e-22
ostta15g01930	AT3G15660.2	5.29e-50
ostta15g01940	AT3G11290.2	7.9
ostta15g01950	AT5G56510.6	1.14e-112
ostta15g01960	AT1G67960.1	2.05e-55
ostta15g01970	AT5G07120.2	8.44e-75
ostta15g01980	AT3G62720.2	2.31e-07
ostta15g01990	AT4G04780.1	8.25e-12
ostta15g02000	AT5G47890.1	1.51e-25
ostta15g02010	AT5G28060.1	3.27e-56
ostta15g02020	AT1G29310.2	0.0
ostta15g02030	AT3G24315.1	5.66e-22
ostta15g02040	AT2G39410.2	3.0
ostta15g02050	AT3G14172.1	0.90
ostta15g02060	AT1G49450.1	1.03e-08
ostta15g02060	AT1G49450.1	0.035
ostta15g02060	AT1G49450.1	1.4
ostta15g02070	AT3G02870.1	2.01e-43
ostta15g02080	AT5G13470.1	1.20e-04
ostta15g02090	AT4G29590.1	7.49e-107
ostta15g02100	AT1G60690.1	5.1
ostta15g02110	AT2G37870.1	0.54
ostta15g02120	AT5G22080.1	2.92e-46
ostta15g02130	AT3G06670.1	8.11e-132
ostta15g02140	AT4G01180.1	0.50
ostta15g02150	AT4G27120.3	2.18e-08
ostta15g02160	AT1G64680.1	1.21e-46
ostta15g02170	AT5G41020.1	7.58e-25
ostta15g02180	AT2G26650.1	1.21e-17
ostta15g02190	AT5G19620.1	2.3
ostta15g02200	AT1G05190.1	5.90e-67
ostta15g02207	AT1G69800.2	0.14
ostta15g02210	AT5G26760.1	0.007
ostta15g02220	AT5G67270.1	4.97e-71
ostta15g02230	AT2G17900.1	1.34e-08
ostta15g02235	AT5G18900.1	2.72e-62
ostta15g02240	AT2G18915.2	3.2
ostta15g02250	AT2G35660.3	3.05e-10
ostta15g02260	AT4G04710.1	0.074
ostta15g02270	AT2G20830.6	3.7
ostta15g02280	AT3G19840.1	0.54
ostta15g02290	AT2G27710.4	1.52e-20
ostta15g02300	AT3G19770.1	1.58e-68
ostta15g02300	AT3G19770.1	1.77e-05
ostta15g02310	AT5G12130.2	3.40e-90
ostta15g02320	AT2G19870.1	1.17e-69
ostta15g02325	AT1G33680.1	2.03e-14
ostta15g02325	AT1G33680.1	2.21e-10
ostta15g02325	AT1G33680.1	0.002
ostta15g02330	AT2G02955.1	5.34e-18
ostta15g02340	AT4G30990.1	1.3
ostta15g02350	AT1G73980.3	0.0
ostta15g02360	AT1G79850.1	8.59e-12
ostta15g02370	AT3G04490.4	1.07e-144
ostta15g02380	AT2G32160.2	0.26
ostta15g02385	AT1G69526.2	2.31e-51
ostta15g02390	AT1G14030.1	1.53e-06
ostta15g02400	AT2G37290.1	1.6
ostta15g02410	AT3G57890.1	8.34e-46
ostta15g02420	AT1G01940.1	1.52e-69
ostta15g02430	AT2G31170.3	0.067
ostta15g02440	AT1G15140.1	3.36e-04
ostta15g02450	AT3G54540.2	0.0
ostta15g02455	AT4G14605.2	6.18e-11
ostta15g02455	AT4G14605.2	0.007
ostta15g02460	AT5G17250.1	7.53e-102
ostta15g02470	AT1G56300.2	7.05e-05
ostta15g02475	AT1G21630.2	0.18
ostta15g02480	AT1G54310.2	5.9
ostta15g02490	AT4G32510.1	0.31
ostta15g02500	AT1G33270.1	1.57e-15
ostta15g02510	AT3G03940.1	4.5
ostta15g02520	AT5G51820.1	0.0
ostta15g02530	AT4G09550.2	4.12e-13
ostta15g02540	AT1G59620.2	7.5
ostta15g02550	AT4G13010.1	1.74e-29
ostta15g02555	AT1G30910.1	4.57e-37
ostta15g02560	AT5G36790.3	4.27e-54
ostta15g02570	AT5G37630.1	3.27e-81
ostta15g02580	AT2G32450.1	2.56e-04
ostta15g02590	AT4G11390.2	0.34
ostta15g02620	AT5G40660.1	2.20e-43
ostta15g02630	AT1G11740.1	7.88e-08
ostta15g02640	AT1G12244.1	7.90e-05
ostta15g02650	AT5G49990.4	0.92
ostta15g02660	AT5G61330.3	2.15e-40
ostta15g02670	AT1G03130.1	3.35e-78
ostta15g02680	AT3G56940.1	0.0
ostta15g02690	AT4G39050.1	6.4
ostta15g02700	AT5G13190.1	0.035
ostta15g02710	AT1G10870.2	0.22
ostta15g02720	AT4G00234.1	7.5
ostta15g02730	AT1G04190.1	2.05e-05
ostta15g02740	AT5G08390.1	1.92e-12
ostta15g02740	AT5G08390.1	9.2
ostta15g02750	AT1G20693.3	3.02e-08
ostta15g02750	AT1G20693.3	9.9
ostta15g02760	AT2G42680.1	4.97e-41
ostta15g02770	AT3G62450.1	1.50e-06
ostta15g02780	AT3G28970.1	2.40e-06
ostta15g02790	AT5G05600.1	5.5
ostta15g02795	AT5G57950.1	6.69e-26
ostta15g02800	AT5G22320.1	8.07e-21
ostta15g02805	AT2G02180.1	8.76e-29
ostta15g02810	AT3G55610.2	4.28e-23
ostta15g02820	AT2G37560.1	4.98e-83
ostta15g02830	AT1G52510.1	9.21e-18
ostta15g02840	AT3G16620.1	6.75e-110
ostta15g02840	AT3G16620.1	1.12e-61
ostta15g02850	AT1G14000.1	2.18e-81
ostta15g02860	AT5G57300.4	0.042
ostta15g02870	AT3G53020.1	8.46e-47
ostta15g02875	AT4G08280.3	9.07e-10
ostta15g02880	AT2G31450.1	5.15e-32
ostta15g02890	AT3G19830.4	2.65e-14
ostta15g02900	AT1G32470.1	6.33e-49
ostta15g02905	AT1G05205.1	1.13e-21
ostta15g02910	AT2G34180.1	3.9
ostta15g02920	AT3G05610.1	2.6
ostta15g02930	AT1G50380.2	7.19e-147
ostta16g00010	AT5G42825.1	0.93
ostta16g00020	AT1G79350.1	1.30e-101
ostta16g00020	AT1G79350.1	3.69e-99
ostta16g00030	AT5G64240.2	1.99e-12
ostta16g00040	AT1G64400.1	7.70e-48
ostta16g00050	AT1G24610.1	2.64e-61
ostta16g00060	AT4G32390.1	1.09e-107
ostta16g00070	AT3G61110.1	2.56e-53
ostta16g00080	AT5G11100.1	0.75
ostta16g00080	AT5G11100.1	8.9
ostta16g00090	AT2G04620.1	0.61
ostta16g00100	AT5G38720.2	3.73e-20
ostta16g00110	AT5G06850.1	1.1
ostta16g00120	AT3G13170.1	0.41
ostta16g00130	AT5G47950.1	5.9
ostta16g00150	AT1G19250.1	6.1
ostta16g00160	AT5G21930.2	0.019
ostta16g00170	AT5G58070.1	7.08e-05
ostta16g00180	AT3G02280.3	6.85e-160
ostta16g00190	AT2G30900.2	4.7
ostta16g00200	AT1G47550.2	4.22e-07
ostta16g00210	AT2G32590.1	8.25e-92
ostta16g00220	AT2G25290.4	2.16e-41
ostta16g00230	AT1G76380.2	0.016
ostta16g00240	AT1G67580.2	2.49e-142
ostta16g00250	AT1G27900.1	0.0
ostta16g00260	AT1G04190.1	2.58e-04
ostta16g00270	AT1G14650.3	2.75e-12
ostta16g00270	AT1G14650.3	2.56e-06
ostta16g00280	AT5G46290.1	4.3
ostta16g00290	AT5G09650.1	1.62e-98
ostta16g00300	AT2G27100.1	3.75e-30
ostta16g00310	AT2G40030.2	2.3
ostta16g00320	AT1G18170.1	2.84e-15
ostta16g00330	AT1G07320.4	2.74e-57
ostta16g00340	AT2G45830.4	0.49
ostta16g00350	AT4G03470.1	2.8
ostta16g00360	AT3G24010.1	3.05e-27
ostta16g00370	AT1G29260.1	0.76
ostta16g00380	AT1G64970.1	8.42e-112
ostta16g00390	AT3G59810.3	4.30e-41
ostta16g00400	AT5G16210.1	2.86e-12
ostta16g00400	AT5G16210.1	5.30e-07
ostta16g00405	AT4G36420.1	3.53e-28
ostta16g00410	AT4G15980.1	1.3
ostta16g00420	AT2G04700.3	4.82e-69
ostta16g00430	AT3G12110.1	0.0
ostta16g00440	AT1G69830.1	5.51e-137
ostta16g00450	AT5G01530.1	5.66e-27
ostta16g00460	AT1G17600.1	3.2
ostta16g00470	AT3G55040.1	1.48e-11
ostta16g00480	AT5G56350.1	0.0
ostta16g00490	AT3G01720.1	2.8
ostta16g00500	AT4G38910.2	3.4
ostta16g00510	AT5G24750.1	1.2
ostta16g00515	AT2G30350.2	3.26e-25
ostta16g00520	AT3G55410.2	1.23e-167
ostta16g00520	AT3G55410.2	1.54e-44
ostta16g00530	AT3G04400.1	1.01e-72
ostta16g00540	AT1G14270.1	4.38e-09
ostta16g00545	AT1G47830.1	7.72e-79
ostta16g00550	AT5G08570.3	0.0
ostta16g00560	AT3G59890.2	8.11e-108
ostta16g00570	AT5G50345.1	5.7
ostta16g00580	AT1G77020.1	7.60e-11
ostta16g00590	AT4G14210.3	0.0
ostta16g00600	AT1G50240.3	1.67e-105
ostta16g00600	AT1G50240.3	8.73e-49
ostta16g00610	AT4G25730.1	1.39e-157
ostta16g00620	AT4G37280.1	1.11e-13
ostta16g00630	AT4G08540.1	1.07e-06
ostta16g00640	AT2G27490.4	6.52e-28
ostta16g00650	AT4G28660.1	4.29e-43
ostta16g00660	AT1G08550.3	5.74e-78
ostta16g00670	AT5G67030.2	2.62e-101
ostta16g00680	AT2G38170.2	3.6
ostta16g00690	AT3G54350.5	1.16e-21
ostta16g00690	AT3G54350.5	0.085
ostta16g00700	AT1G17690.1	8.80e-132
ostta16g00710	AT2G22250.1	2.41e-161
ostta16g00730	AT1G24040.3	6.17e-12
ostta16g00740	AT5G09900.1	1.67e-139
ostta16g00760	AT1G11870.4	0.008
ostta16g00765	AT1G31340.1	1.46e-43
ostta16g00765	AT1G31340.1	1.22e-25
ostta16g00770	AT5G53700.2	0.045
ostta16g00780	AT4G05420.1	5.43e-33
ostta16g00790	AT4G38190.1	3.2
ostta16g00800	AT1G33050.5	1.8
ostta16g00810	AT3G18190.1	0.38
ostta16g00820	AT4G35335.1	5.40e-17
ostta16g00830	AT5G64580.1	5.16e-81
ostta16g00840	AT2G30550.2	1.5
ostta16g00850	AT5G49800.1	4.78e-04
ostta16g00860	AT3G56630.1	6.6
ostta16g00870	AT3G58180.1	2.80e-63
ostta16g00870	AT3G58180.1	1.24e-16
ostta16g00880	AT5G12190.1	3.50e-57
ostta16g00890	AT1G54490.2	0.72
ostta16g00900	AT3G50370.2	0.030
ostta16g00900	AT3G50370.2	9.6
ostta16g00910	AT3G51520.1	1.69e-69
ostta16g00920	AT4G26570.1	3.28e-41
ostta16g00930	AT4G22260.1	2.41e-73
ostta16g00940	AT5G40530.2	0.007
ostta16g00950	AT4G36150.1	4.1
ostta16g00960	AT1G61850.2	0.43
ostta16g00970	AT1G62320.1	0.15
ostta16g00980	AT5G51140.2	2.44e-10
ostta16g00990	AT2G03820.1	2.78e-161
ostta16g01010	AT1G53000.1	2.68e-30
ostta16g01020	AT1G34065.1	4.38e-19
ostta16g01030	AT3G06810.1	0.001
ostta16g01040	AT3G21160.1	2.99e-103
ostta16g01050	AT5G40440.5	5.44e-25
ostta16g01060	AT3G20670.1	5.45e-70
ostta16g01070	AT5G16690.1	6.88e-14
ostta16g01070	AT5G16690.1	1.89e-10
ostta16g01080	AT1G68830.1	0.87
ostta16g01090	AT4G18770.1	1.14e-31
ostta16g01095	AT5G64840.1	3.68e-33
ostta16g01095	AT5G64840.1	6.66e-07
ostta16g01100	AT5G06060.1	2.81e-71
ostta16g01110	AT3G19900.1	1.10e-08
ostta16g01120	AT5G51170.4	3.18e-09
ostta16g01130	AT2G15730.2	3.5
ostta16g01140	AT2G18900.1	0.33
ostta16g01145	AT5G60790.1	4.75e-30
ostta16g01145	AT5G60790.1	3.53e-08
ostta16g01150	AT2G18250.1	3.35e-17
ostta16g01160	AT4G00840.1	5.3
ostta16g01170	AT2G17250.1	3.28e-98
ostta16g01180	AT5G42820.2	8.17e-87
ostta16g01190	AT1G79020.1	4.27e-55
ostta16g01200	AT1G79950.5	8.42e-169
ostta16g01210	AT5G18230.1	4.16e-22
ostta16g01220	AT4G04360.1	4.2
ostta16g01230	AT5G26040.2	1.42e-32
ostta16g01240	AT3G24320.2	2.21e-34
ostta16g01250	AT3G48780.2	3.27e-135
ostta16g01250	AT3G48780.2	1.17e-29
ostta16g01255	AT3G26070.1	0.055
ostta16g01260	AT3G09580.1	2.18e-130
ostta16g01270	AT2G44750.1	5.64e-37
ostta16g01280	AT1G02140.1	1.54e-78
ostta16g01290	AT3G16260.2	1.04e-48
ostta16g01295	AT3G12690.3	8.7
ostta16g01300	AT1G05500.1	1.11e-43
ostta16g01310	AT3G63460.1	4.14e-07
ostta16g01320	AT4G11270.2	8.65e-20
ostta16g01320	AT4G11270.2	5.36e-10
ostta16g01320	AT4G11270.2	0.49
ostta16g01330	AT3G26300.1	1.7
ostta16g01340	AT4G16110.1	2.04e-92
ostta16g01355	AT1G19870.2	2.8
ostta16g01360	AT3G10730.1	3.9
ostta16g01370	AT1G63660.1	0.0
ostta16g01380	AT1G65560.1	4.2
ostta16g01390	AT5G18070.1	1.17e-124
ostta16g01400	AT5G18620.2	1.5
ostta16g01410	AT3G09630.2	1.10e-163
ostta16g01420	AT1G61240.8	0.97
ostta16g01430	AT5G04560.2	1.6
ostta16g01440	AT1G79600.1	2.04e-59
ostta16g01450	AT2G42910.1	1.63e-147
ostta16g01460	AT3G13310.1	6.27e-10
ostta16g01465	AT1G51170.1	0.39
ostta16g01470	AT5G43860.1	1.04e-07
ostta16g01480	AT4G31790.2	1.43e-109
ostta16g01490	AT5G64816.4	3.01e-29
ostta16g01500	AT5G09350.1	5.20e-137
ostta16g01500	AT5G09350.1	2.85e-12
ostta16g01510	AT1G30870.1	3.4
ostta16g01520	AT2G35530.1	0.41
ostta16g01530	AT3G01800.1	3.1
ostta16g01540	AT3G62040.1	1.89e-25
ostta16g01550	AT1G50170.1	1.19e-53
ostta16g01560	AT1G11720.2	0.0
ostta16g01560	AT1G11720.2	9.48e-19
ostta16g01560	AT1G11720.2	1.15e-09
ostta16g01570	AT5G14260.3	8.80e-06
ostta16g01580	AT5G09290.1	4.18e-09
ostta16g01590	AT1G49380.1	6.71e-144
ostta16g01595	AT2G25740.1	4.61e-04
ostta16g01597	AT3G21910.1	0.23
ostta16g01600	AT3G51830.1	5.6
ostta16g01610	AT1G68730.1	1.93e-16
ostta16g01620	AT4G05180.2	1.29e-12
ostta16g01630	AT1G04300.5	0.026
ostta16g01635	AT4G17860.1	2.6
ostta16g01640	AT3G17920.2	4.30e-06
ostta16g01650	AT5G37590.2	1.28e-52
ostta16g01660	AT2G15910.3	2.22e-24
ostta16g01670	AT1G09690.1	1.90e-59
ostta16g01680	AT3G54010.1	5.52e-06
ostta16g01690	AT5G24420.1	7.39e-52
ostta16g01700	AT1G14980.1	1.76e-28
ostta16g01710	AT5G19330.1	2.85e-105
ostta16g01720	ATCG00050.1	1.95e-19
ostta16g01730	AT5G27700.1	4.24e-37
ostta16g01740	AT1G60995.1	5.4
ostta16g01750	AT1G29630.2	7.71e-81
ostta16g01760	AT5G61770.1	4.24e-95
ostta16g01770	AT5G24510.1	2.84e-25
ostta16g01780	AT3G18680.1	3.58e-110
ostta16g01790	AT5G01500.1	2.86e-93
ostta16g01795	AT4G37830.1	1.02e-11
ostta16g01810	AT5G17670.1	1.33e-26
ostta16g01820	AT1G28210.2	3.13e-14
ostta16g01830	AT5G16780.3	1.04e-45
ostta16g01840	AT1G05500.1	3.0
ostta16g01850	AT5G04520.1	9.70e-93
ostta16g01860	AT2G31320.1	1.7
ostta16g01870	AT4G04330.1	1.97e-04
ostta16g01880	AT5G27790.1	0.92
ostta16g01885	AT5G26040.2	1.91e-24
ostta16g01890	AT3G42850.1	4.25e-49
ostta16g01900	AT3G01060.1	1.06e-49
ostta16g01910	AT2G26930.1	1.24e-107
ostta16g01920	AT4G15510.5	1.82e-49
ostta16g01930	AT3G02510.2	3.42e-17
ostta16g01930	AT3G02510.2	0.015
ostta16g01930	AT3G02510.2	0.085
ostta16g01930	AT3G02510.2	8.1
ostta16g01940	AT4G02070.2	3.12e-76
ostta16g01950	AT3G02510.3	1.46e-40
ostta16g01950	AT3G02510.3	1.58e-14
ostta16g01960	AT1G42470.1	8.28e-62
ostta16g01970	AT1G19600.1	8.55e-50
ostta16g01980	AT3G16870.1	0.24
ostta16g01990	AT1G18260.1	2.19e-76
ostta16g02000	AT5G20165.1	2.94e-24
ostta16g02010	AT1G76630.1	1.01e-37
ostta16g02015	AT4G37640.1	6.10e-144
ostta16g02020	AT1G16570.1	7.49e-105
ostta16g02025	AT3G61800.2	0.18
ostta16g02030	AT3G24000.1	0.88
ostta16g02040	AT2G39190.2	2.47e-77
ostta16g02045	AT1G21710.1	3.13e-74
ostta16g02050	AT3G09790.2	0.44
ostta16g02060	AT1G28560.1	7.08e-29
ostta16g02065	AT4G12590.1	5.20e-61
ostta16g02070	AT1G08190.1	1.53e-92
ostta16g02075	AT1G01920.3	4.34e-25
ostta16g02080	AT3G48560.1	0.0
ostta16g02090	AT5G19750.1	9.49e-10
ostta16g02100	AT3G12280.2	2.82e-72
ostta16g02105	AT1G10050.3	1.0
ostta16g02110	AT1G15660.1	4.82e-12
ostta16g02120	AT2G29210.1	0.049
ostta16g02120	AT2G29210.1	3.0
ostta16g02130	AT5G11700.2	0.055
ostta16g02140	AT5G35930.4	2.18e-19
ostta16g02150	AT4G24450.3	3.66e-106
ostta16g02160	AT2G10450.1	3.0
ostta16g02170	AT1G63940.3	7.37e-05
ostta16g02180	AT4G21090.3	5.40e-45
ostta16g02190	AT2G48020.4	1.4
ostta16g02195	AT2G22830.1	1.3
ostta16g02200	AT2G04550.1	2.03e-12
ostta16g02210	AT4G24380.1	5.0
ostta16g02220	AT3G04780.1	1.03e-21
ostta16g02230	AT5G46630.1	3.86e-145
ostta16g02240	AT5G60070.1	1.79e-05
ostta16g02245	AT3G22630.1	1.54e-60
ostta16g02250	AT1G73820.2	5.10e-51
ostta16g02260	AT2G39570.1	4.92e-44
ostta16g02260	AT2G39570.1	2.60e-08
ostta16g02270	AT1G61670.2	5.10e-122
ostta16g02280	AT1G69420.2	1.27e-30
ostta16g02290	AT2G15270.2	0.019
ostta16g02300	AT3G12750.1	1.83e-15
ostta16g02310	AT2G40100.1	2.17e-78
ostta16g02330	AT4G13870.2	9.73e-14
ostta16g02340	AT4G38640.1	2.53e-33
ostta16g02345	AT5G11230.1	2.07e-23
ostta16g02347	AT1G59990.2	1.68e-98
ostta16g02350	AT2G43220.1	2.8
ostta16g02360	AT1G67350.2	0.42
ostta16g02370	AT4G31880.2	9.47e-09
ostta16g02375	AT2G30320.1	4.01e-56
ostta16g02380	AT2G02955.1	0.34
ostta16g02390	AT5G06160.1	1.26e-121
ostta16g02400	AT1G18660.3	1.43e-11
ostta16g02410	AT3G55490.1	4.76e-08
ostta16g02415	AT4G39970.1	2.16e-14
ostta16g02420	AT3G03500.1	9.11e-16
ostta16g02430	AT3G61320.1	4.07e-07
ostta16g02440	AT5G22620.5	0.20
ostta16g02450	AT5G58780.1	2.54e-47
ostta16g02460	AT4G09670.1	0.89
ostta16g02470	AT4G28740.1	1.05e-49
ostta16g02480	AT3G01180.1	0.0
ostta16g02490	AT2G31660.1	0.0
ostta16g02500	AT4G36210.1	1.51e-32
ostta16g02500	AT4G36210.1	0.068
ostta16g02510	AT3G05420.1	1.17e-30
ostta16g02510	AT3G05420.1	3.04e-08
ostta16g02510	AT3G05420.1	0.003
ostta16g02520	AT5G27630.4	1.46e-47
ostta16g02530	AT4G17680.2	0.90
ostta16g02535	AT1G80130.1	0.041
ostta16g02540	AT5G58140.7	0.0
ostta16g02540	AT5G58140.7	1.17e-32
ostta16g02540	AT5G58140.7	1.07e-21
ostta16g02550	AT3G03790.2	3.43e-63
ostta16g02550	AT3G03790.2	0.042
ostta16g02560	AT4G24830.1	3.06e-159
ostta16g02570	AT1G53590.1	3.33e-08
ostta16g02575	AT5G27400.1	2.21e-19
ostta16g02580	AT1G60660.1	6.74e-25
ostta16g02590	AT1G16720.1	1.25e-123
ostta16g02600	AT3G04830.1	1.97e-29
ostta16g02610	AT3G03100.1	7.03e-20
ostta16g02620	AT1G16010.3	1.04e-73
ostta16g02630	AT4G20350.7	4.35e-12
ostta16g02640	AT3G20040.1	0.099
ostta16g02650	AT2G02160.1	0.024
ostta16g02660	AT3G11900.2	2.04e-16
ostta16g02670	AT3G17630.2	0.91
ostta16g02675	AT1G64670.1	0.011
ostta16g02677	AT1G11720.2	0.65
ostta16g02680	AT1G67930.1	3.59e-96
ostta16g02685	AT5G50930.1	0.060
ostta16g02690	AT3G44880.1	7.06e-45
ostta16g02700	AT1G33670.1	1.3
ostta16g02710	AT5G19660.1	0.0
ostta16g02730	AT4G21540.3	2.1
ostta17g00010	AT2G26140.1	0.0
ostta17g00020	AT1G78570.1	2.25e-23
ostta17g00025	AT1G10040.1	0.016
ostta17g00030	AT4G24520.2	4.69e-32
ostta17g00040	AT3G51740.1	5.76e-20
ostta17g00040	AT3G51740.1	1.55e-11
ostta17g00040	AT3G51740.1	1.32e-06
ostta17g00050	AT4G24190.2	0.0
ostta17g00060	AT3G11620.8	2.18e-24
ostta17g00065	AT1G61290.2	5.59e-76
ostta17g00067	AT1G54140.1	2.67e-17
ostta17g00070	AT2G18040.1	3.94e-48
ostta17g00080	AT1G10820.1	1.2
ostta17g00090	AT3G03420.1	2.48e-44
ostta17g00100	AT3G59400.1	1.60e-37
ostta17g00110	AT4G00290.1	0.48
ostta17g00120	AT1G68080.4	8.28e-04
ostta17g00130	AT3G14930.2	2.70e-167
ostta17g00140	AT3G09250.3	1.11e-23
ostta17g00150	AT1G18170.1	6.86e-34
ostta17g00160	AT4G19560.1	0.21
ostta17g00165	AT2G31040.1	3.45e-18
ostta17g00170	AT1G11670.1	3.33e-23
ostta17g00180	AT5G24740.6	4.6
ostta17g00190	AT2G10940.2	1.18e-07
ostta17g00190	AT2G10940.2	7.12e-07
ostta17g00190	AT2G10940.2	1.28e-06
ostta17g00190	AT2G10940.2	1.55e-06
ostta17g00190	AT2G10940.2	1.55e-06
ostta17g00190	AT2G10940.2	6.38e-06
ostta17g00190	AT2G10940.2	1.66e-05
ostta17g00190	AT2G10940.2	1.27e-04
ostta17g00190	AT2G10940.2	0.001
ostta17g00190	AT2G10940.2	0.034
ostta17g00200	AT2G43760.3	1.56e-23
ostta17g00210	AT2G39140.1	1.81e-13
ostta17g00220	AT4G01270.1	9.81e-06
ostta17g00240	AT5G15450.1	0.002
ostta17g00250	AT4G04940.1	3.08e-175
ostta17g00260	AT5G64350.1	1.03e-31
ostta17g00270	AT1G79890.1	1.30e-164
ostta17g00275	AT4G21270.1	0.64
ostta17g00280	AT3G62940.5	1.31e-49
ostta17g00290	AT5G46580.1	2.2
ostta17g00300	AT3G45770.1	4.35e-41
ostta17g00310	AT1G60950.1	2.23e-51
ostta17g00320	AT2G19210.1	1.2
ostta17g00330	AT3G43300.3	3.60e-99
ostta17g00340	AT3G50370.2	0.15
ostta17g00350	AT2G02740.1	4.07e-22
ostta17g00360	AT2G16930.4	2.12e-24
ostta17g00370	AT1G66440.1	0.51
ostta17g00370	AT1G66440.1	2.2
ostta17g00370	AT1G66440.1	4.0
ostta17g00370	AT1G66440.1	5.3
ostta17g00380	AT5G60070.1	3.73e-09
ostta17g00380	AT5G60070.1	3.48e-04
ostta17g00380	AT5G60070.1	0.026
ostta17g00380	AT5G60070.1	0.49
ostta17g00390	AT1G56345.1	2.58e-11
ostta17g00400	AT1G77760.1	1.9
ostta17g00410	AT3G48540.1	1.28e-77
ostta17g00420	AT1G76560.1	0.002
ostta17g00420	AT1G76560.1	9.5
ostta17g00430	AT1G01090.1	9.17e-65
ostta17g00450	AT1G75430.1	7.21e-14
ostta17g00460	AT2G03430.1	3.65e-06
ostta17g00460	AT2G03430.1	1.43e-04
ostta17g00460	AT2G03430.1	0.024
ostta17g00470	AT1G12600.1	3.92e-31
ostta17g00480	AT1G18770.1	5.12e-11
ostta17g00490	AT4G24610.2	0.96
ostta17g00500	AT1G63080.3	6.98e-44
ostta17g00500	AT1G63080.3	3.40e-41
ostta17g00500	AT1G63080.3	2.34e-30
ostta17g00500	AT1G63080.3	3.13e-24
ostta17g00510	AT1G69520.1	6.23e-06
ostta17g00520	AT5G13500.3	8.96e-96
ostta17g00530	AT5G41060.1	2.22e-62
ostta17g00540	AT5G19150.2	1.70e-30
ostta17g00550	AT1G30580.1	0.0
ostta17g00560	AT5G28080.2	1.92e-12
ostta17g00570	AT1G30380.1	1.12e-07
ostta17g00580	AT3G53410.1	7.94e-36
ostta17g00590	AT3G20740.1	6.08e-60
ostta17g00600	AT4G31140.1	2.9
ostta17g00610	AT1G53160.2	0.003
ostta17g00620	AT3G56570.1	9.82e-22
ostta17g00620	AT3G56570.1	1.34e-05
ostta17g00630	AT1G67170.2	1.8
ostta17g00640	AT1G25260.1	5.95e-61
ostta17g00650	AT3G60340.2	2.98e-22
ostta17g00660	AT4G36820.1	0.40
ostta17g00670	AT4G24530.1	0.15
ostta17g00680	AT3G19440.1	2.74e-33
ostta17g00690	AT5G43920.1	1.57e-08
ostta17g00690	AT5G43920.1	0.59
ostta17g00700	AT4G13240.1	0.21
ostta17g00720	AT1G79870.1	3.03e-33
ostta17g00730	AT3G26110.1	0.50
ostta17g00740	AT4G14500.1	1.49e-41
ostta17g00750	AT5G18240.5	0.59
ostta17g00760	AT5G19175.1	1.6
ostta17g00770	AT3G08720.4	1.11e-53
ostta17g00780	AT3G19080.1	6.00e-11
ostta17g00780	AT3G19080.1	4.17e-08
ostta17g00780	AT3G19080.1	2.15e-06
ostta17g00780	AT3G19080.1	0.16
ostta17g00790	AT5G03760.1	4.52e-122
ostta17g00795	AT3G07080.1	0.12
ostta17g00800	AT1G53540.1	2.70e-17
ostta17g00810	AT5G19980.1	2.22e-41
ostta17g00820	AT4G14320.1	1.78e-50
ostta17g00830	AT2G41020.2	0.33
ostta17g00840	AT1G14620.1	2.83e-24
ostta17g00850	AT3G61420.2	5.61e-50
ostta17g00860	AT1G02475.1	5.50e-35
ostta17g00870	AT2G35610.1	2.11e-38
ostta17g00880	AT4G34220.1	2.8
ostta17g00890	AT3G42660.1	2.22e-134
ostta17g00890	AT3G42660.1	0.010
ostta17g00900	AT4G28710.1	0.96
ostta17g00910	AT5G63000.1	3.98e-15
ostta17g00920	AT1G21370.2	1.63e-62
ostta17g00930	AT4G15370.2	6.2
ostta17g00940	AT4G02900.2	1.49e-22
ostta17g00950	AT5G60750.1	8.72e-43
ostta17g00960	AT1G26110.2	2.84e-23
ostta17g00960	AT1G26110.2	3.00e-10
ostta17g00970	AT1G79010.1	5.50e-108
ostta17g00980	AT3G50860.1	5.42e-53
ostta17g00990	AT4G28060.1	2.04e-31
ostta17g01000	AT1G27480.1	0.45
ostta17g01010	AT5G24400.1	3.37e-34
ostta17g01020	AT1G79510.2	1.25e-22
ostta17g01030	AT3G03070.1	2.3
ostta17g01035	AT5G45040.1	5.34e-34
ostta17g01040	AT4G32770.1	3.6
ostta17g01050	AT5G46040.1	3.6
ostta17g01060	AT5G35690.1	6.59e-04
ostta17g01070	AT3G51870.1	2.22e-09
ostta17g01080	AT2G47760.5	2.24e-118
ostta17g01090	AT2G27170.2	2.2
ostta17g01100	AT4G37970.1	1.04e-86
ostta17g01110	AT3G16380.1	2.08e-06
ostta17g01110	AT3G16380.1	3.45e-04
ostta17g01110	AT3G16380.1	0.017
ostta17g01120	AT1G32520.1	5.95e-18
ostta17g01130	AT2G04550.3	1.36e-13
ostta17g01140	AT2G24330.1	0.47
ostta17g01150	AT5G60620.1	2.07e-127
ostta17g01160	AT3G27740.1	0.0
ostta17g01170	AT2G21530.1	1.36e-05
ostta17g01180	AT5G03900.2	1.31e-20
ostta17g01180	AT5G03900.2	0.003
ostta17g01190	AT5G62210.1	0.70
ostta17g01200	AT4G24550.2	2.61e-126
ostta17g01210	AT2G28315.2	2.39e-96
ostta17g01220	AT5G61400.1	4.7
ostta17g01230	AT1G27320.1	5.87e-36
ostta17g01240	AT1G20760.1	1.7
ostta17g01250	AT1G28550.1	4.17e-06
ostta17g01255	AT5G51010.1	0.66
ostta17g01260	AT4G24090.1	3.03e-27
ostta17g01270	AT5G58420.1	3.37e-131
ostta17g01280	AT1G12230.1	6.31e-30
ostta17g01290	AT5G11650.1	2.81e-37
ostta17g01300	AT4G10070.1	5.76e-06
ostta17g01310	AT2G38025.1	2.85e-45
ostta17g01320	AT1G74530.3	0.005
ostta17g01330	AT1G72416.4	0.78
ostta17g01340	AT2G21340.1	8.72e-53
ostta17g01350	AT1G59359.1	2.26e-106
ostta17g01355	AT3G14140.1	0.10
ostta17g01360	AT3G24430.1	0.0
ostta17g01365	AT1G67390.1	0.32
ostta17g01370	AT3G03120.1	1.57e-99
ostta17g01380	AT3G02810.1	6.04e-12
ostta17g01390	AT1G12410.1	7.37e-77
ostta17g01400	AT1G78510.2	1.49e-133
ostta17g01410	AT5G01220.1	6.90e-29
ostta17g01420	AT1G19670.1	0.38
ostta17g01430	AT2G21940.5	0.001
ostta17g01440	AT5G30495.2	2.56e-22
ostta17g01450	AT3G13330.1	8.4
ostta17g01460	AT1G10620.1	6.3
ostta17g01470	AT4G23882.1	5.67e-04
ostta17g01480	AT1G16960.1	2.59e-12
ostta17g01490	AT2G28390.1	6.60e-26
ostta17g01500	AT1G51710.1	4.31e-119
ostta17g01510	AT1G13160.1	1.73e-120
ostta17g01520	AT2G18465.1	1.75e-09
ostta17g01530	AT3G43190.2	9.4
ostta17g01540	AT5G15680.1	0.88
ostta17g01550	AT3G26410.1	4.78e-110
ostta17g01560	AT5G08490.4	1.3
ostta17g01570	AT1G53300.1	3.71e-27
ostta17g01580	AT5G09570.1	1.29e-06
ostta17g01590	AT5G59190.1	1.6
ostta17g01600	AT3G23620.1	2.51e-74
ostta17g01610	AT3G10690.1	0.0
ostta17g01620	AT5G12220.1	3.40e-19
ostta17g01620	AT5G12220.1	3.1
ostta17g01630	AT5G12000.1	0.75
ostta17g01640	AT5G13680.1	6.00e-91
ostta17g01650	AT5G40810.1	6.67e-130
ostta17g01660	AT5G45600.2	2.50e-40
ostta17g01670	ATCG00640.1	5.1
ostta17g01680	AT1G78680.1	0.24
ostta17g01690	AT5G04440.1	7.20e-04
ostta17g01700	AT2G47700.1	0.010
ostta17g01710	AT3G15520.3	4.69e-87
ostta17g01720	AT1G48950.1	1.06e-09
ostta17g01720	AT1G48950.1	0.006
ostta17g01730	AT5G15400.1	0.0
ostta17g01740	AT4G15020.2	1.6
ostta17g01750	AT2G38730.1	3.63e-96
ostta17g01760	AT1G54290.1	5.21e-31
ostta17g01770	AT5G39880.1	1.3
ostta17g01780	AT4G35640.1	1.48e-104
ostta17g01790	AT5G06130.2	1.81e-87
ostta17g01800	AT5G50210.1	0.0
ostta17g01810	AT3G10060.1	5.82e-31
ostta17g01820	AT3G01610.2	0.0
ostta17g01820	AT3G01610.2	1.32e-35
ostta17g01820	AT3G01610.2	2.10e-35
ostta17g01830	AT5G66750.1	0.0
ostta17g01835	AT1G69390.1	2.43e-18
ostta17g01840	AT4G11485.1	3.0
ostta17g01850	AT4G00340.2	0.25
ostta17g01860	AT3G44990.1	0.004
ostta17g01870	AT1G77940.1	5.56e-56
ostta17g01880	AT5G19850.1	2.88e-118
ostta17g01885	AT3G48530.1	0.61
ostta17g01890	AT5G58410.2	3.08e-56
ostta17g01890	AT5G58410.2	7.84e-25
ostta17g01895	AT2G32460.2	5.8
ostta17g01900	AT2G23530.1	1.2
ostta17g01910	AT5G20660.1	4.62e-45
ostta17g01920	AT3G54110.1	4.64e-05
ostta17g01930	AT3G12120.2	7.12e-69
ostta17g01940	AT3G13530.1	2.56e-92
ostta17g01940	AT3G13530.1	8.30e-36
ostta17g01950	AT3G23510.1	0.0
ostta17g01960	AT1G28710.4	0.005
ostta17g01970	AT2G41600.6	3.3
ostta17g01980	AT1G62430.1	1.8
ostta17g01990	AT1G61250.1	1.00e-43
ostta17g02000	AT1G77300.1	3.95e-76
ostta17g02005	AT5G38620.1	0.49
ostta17g02007	AT1G56300.1	3.88e-14
ostta17g02008	AT5G59740.1	1.34e-106
ostta17g02010	AT3G15850.1	1.11e-118
ostta17g02020	AT4G28830.4	4.96e-60
ostta17g02030	AT3G12580.1	0.0
ostta17g02060	AT5G07170.1	2.2
ostta17g02070	AT4G29160.3	7.13e-48
ostta17g02075	AT3G26400.1	0.005
ostta17g02075	AT3G26400.1	0.029
ostta17g02080	AT5G04040.2	2.83e-131
ostta17g02090	AT2G42790.1	0.0
ostta17g02100	AT1G56590.1	0.81
ostta17g02110	AT5G51110.1	7.73e-12
ostta17g02120	AT3G16260.1	2.36e-134
ostta17g02130	AT1G06690.1	9.33e-43
ostta17g02140	AT5G62560.1	1.23e-04
ostta17g02150	AT4G11440.2	7.14e-09
ostta17g02160	AT3G01540.4	1.51e-132
ostta17g02170	AT1G68890.2	0.0
ostta17g02180	AT1G72760.1	1.1
ostta17g02185	AT3G02710.1	6.09e-94
ostta17g02190	AT5G42540.2	6.31e-14
ostta17g02190	AT5G42540.2	0.089
ostta17g02200	AT2G39140.2	1.61e-16
ostta17g02210	AT1G06720.1	0.45
ostta17g02220	AT5G06360.1	1.05e-143
ostta17g02230	AT5G22790.1	9.11e-36
ostta17g02240	AT5G64670.1	6.09e-50
ostta17g02250	AT5G24000.1	2.30e-25
ostta17g02260	AT4G15790.1	3.05e-12
ostta17g02270	AT1G59790.2	0.85
ostta17g02280	AT1G21740.1	6.9
ostta17g02290	AT5G44520.1	1.56e-21
ostta17g02300	AT5G35560.2	1.13e-61
ostta17g02300	AT5G35560.2	3.89e-27
ostta17g02305	AT3G46940.1	3.91e-69
ostta17g02310	AT4G15420.2	0.019
ostta17g02320	AT5G40870.1	0.0
ostta17g02325	AT1G31500.2	5.90e-44
ostta17g02330	AT2G31470.1	1.2
ostta17g02340	AT1G44790.1	7.77e-52
ostta17g02350	AT3G14130.3	7.09e-69
ostta17g02360	AT5G60540.1	1.33e-70
ostta17g02365	AT4G39170.2	2.02e-09
ostta17g02370	AT4G39170.2	4.80e-13
ostta17g02380	AT2G35000.1	3.0
ostta17g02390	AT4G00030.1	1.79e-30
ostta17g02410	AT1G31780.1	3.86e-109
ostta18g00010	AT4G00780.1	1.6
ostta18g00020	AT4G24240.1	1.6
ostta18g00030	AT5G65930.3	3.7
ostta18g00040	AT2G02800.2	2.0
ostta18g00050	AT3G07670.1	4.65e-12
ostta18g00060	AT3G26060.2	1.00e-19
ostta18g00070	AT4G00560.1	1.22e-40
ostta18g00080	AT5G24350.3	5.13e-48
ostta18g00090	AT2G17050.1	0.34
ostta18g00100	AT5G19500.1	9.74e-49
ostta18g00110	AT3G02720.1	0.026
ostta18g00120	AT1G60990.3	6.13e-14
ostta18g00130	AT1G07160.1	3.2
ostta18g00140	AT1G25682.2	7.32e-66
ostta18g00150	AT2G45000.1	0.42
ostta18g00160	AT5G48240.1	5.41e-14
ostta18g00170	AT5G06770.6	1.97e-18
ostta18g00180	AT3G05210.1	6.63e-17
ostta18g00190	AT1G28100.6	7.36e-52
ostta18g00200	AT2G41680.1	0.0
ostta18g00210	AT3G03750.2	2.95e-19
ostta18g00235	AT4G24500.2	2.3
ostta18g00240	AT3G21640.1	0.002
ostta18g00245	AT2G14110.1	3.07e-16
ostta18g00250	AT3G09080.4	2.16e-11
ostta18g00250	AT3G09080.4	3.77e-05
ostta18g00250	AT3G09080.4	0.029
ostta18g00250	AT3G09080.4	0.29
ostta18g00250	AT3G09080.4	4.3
ostta18g00250	AT3G09080.4	5.5
ostta18g00250	AT3G09080.4	6.3
ostta18g00260	AT1G03210.1	1.39e-21
ostta18g00270	AT5G49880.1	0.84
ostta18g00275	AT2G24681.1	1.1
ostta18g00280	AT5G24840.1	0.006
ostta18g00290	AT1G04730.1	8.60e-70
ostta18g00300	AT1G03650.1	0.005
ostta18g00310	AT5G21160.1	1.10e-78
ostta18g00320	AT2G31890.1	9.04e-10
ostta18g00320	AT2G31890.1	9.85e-05
ostta18g00320	AT2G31890.1	0.53
ostta18g00330	AT5G04740.1	4.24e-43
ostta18g00340	AT4G33970.1	4.88e-05
ostta18g00350	AT1G15460.4	4.2
ostta18g00360	AT5G47560.1	1.60e-05
ostta18g00360	AT5G47560.1	4.8
ostta18g00370	AT3G10410.1	2.52e-122
ostta18g00380	AT3G31350.1	0.94
ostta18g00385	AT4G19970.1	0.004
ostta18g00390	AT5G11840.1	5.2
ostta18g00400	AT1G07180.1	5.43e-04
ostta18g00410	AT2G47130.1	5.3
ostta18g00420	AT1G14310.1	9.93e-27
ostta18g00430	AT4G10070.1	2.51e-13
ostta18g00430	AT4G10070.1	7.69e-08
ostta18g00440	AT2G21840.1	0.97
ostta18g00450	AT3G57360.1	1.95e-09
ostta18g00450	AT3G57360.1	0.008
ostta18g00460	AT5G64730.1	0.16
ostta18g00470	AT4G37910.2	1.2
ostta18g00480	AT1G72550.1	0.0
ostta18g00490	AT3G24870.4	8.72e-12
ostta18g00490	AT3G24870.4	1.93e-10
ostta18g00500	AT5G37210.1	4.2
ostta18g00505	AT5G23020.1	0.12
ostta18g00510	AT5G20980.2	1.7
ostta18g00520	AT1G76950.1	3.3
ostta18g00530	AT3G05430.1	8.98e-09
ostta18g00540	AT1G51070.2	0.78
ostta18g00550	AT1G79230.3	1.16e-17
ostta18g00555	AT4G39330.1	1.14e-57
ostta18g00560	AT3G09920.4	3.60e-27
ostta18g00570	AT3G16920.2	2.4
ostta18g00580	AT2G17190.1	7.17e-74
ostta18g00590	AT3G25920.1	5.62e-60
ostta18g00600	AT3G03940.1	6.7
ostta18g00610	AT3G15150.1	5.62e-07
ostta18g00620	AT5G64290.1	0.0
ostta18g00630	ATCG00810.1	3.88e-27
ostta18g00640	AT2G43780.3	3.30e-08
ostta18g00650	AT1G07000.1	3.9
ostta18g00660	AT2G44920.2	6.80e-21
ostta18g00670	AT3G23510.1	2.84e-05
ostta18g00680	AT1G20370.1	1.27e-45
ostta18g00680	AT1G20370.1	1.51e-26
ostta18g00690	AT4G03560.1	8.57e-11
ostta18g00690	AT4G03560.1	1.36e-06
ostta18g00690	AT4G03560.1	4.2
ostta18g00695	AT4G26440.1	0.78
ostta18g00710	AT4G03560.1	2.31e-06
ostta18g00710	AT4G03560.1	0.007
ostta18g00720	AT3G43810.2	4.28e-54
ostta18g00730	AT2G19470.1	5.40e-42
ostta18g00740	AT3G51050.1	1.78e-42
ostta18g00750	AT2G25970.1	2.40e-15
ostta18g00760	AT3G62200.1	0.002
ostta18g00770	AT2G17972.1	1.11e-09
ostta18g00780	AT4G32560.4	5.45e-24
ostta18g00790	AT5G55940.1	6.04e-07
ostta18g00800	AT4G30010.1	1.38e-08
ostta18g00810	AT1G12640.1	6.34e-85
ostta18g00820	AT1G60950.1	1.38e-17
ostta18g00830	AT2G41460.4	1.72e-53
ostta18g00840	AT1G27120.2	5.5
ostta18g00850	AT4G38225.2	2.10e-15
ostta18g00860	AT3G56290.1	1.55e-12
ostta18g00870	AT1G02640.1	0.18
ostta18g00880	AT2G40190.1	0.006
ostta18g00890	AT5G53570.1	0.54
ostta18g00900	AT2G28880.1	3.12e-165
ostta18g00910	AT5G19980.1	4.50e-32
ostta18g00920	AT5G38480.1	5.28e-119
ostta18g00930	AT1G19880.1	4.07e-113
ostta18g00940	AT1G50480.1	0.0
ostta18g00950	AT2G42700.2	4.08e-07
ostta18g00950	AT2G42700.2	3.54e-04
ostta18g00960	AT5G19820.1	0.0
ostta18g00970	AT5G20320.3	0.27
ostta18g00980	AT1G01930.1	7.42e-51
ostta18g01000	AT2G21960.1	5.36e-63
ostta18g01010	AT3G14390.1	2.81e-25
ostta18g01020	AT2G44578.1	2.6
ostta18g01030	AT1G31410.1	3.76e-54
ostta18g01040	AT3G16060.1	1.18e-158
ostta18g01050	AT5G01960.1	3.46e-45
ostta18g01060	AT5G28840.2	0.0
ostta18g01080	AT1G53200.2	0.58
ostta18g01090	AT2G13360.3	1.47e-05
ostta18g01100	AT1G54310.2	1.53e-99
ostta18g01110	AT3G19980.1	0.0
ostta18g01120	AT1G61030.1	0.19
ostta18g01130	AT5G16280.2	2.49e-85
ostta18g01140	AT1G62620.2	9.38e-31
ostta18g01150	AT5G43100.2	4.10e-53
ostta18g01160	AT5G23690.1	1.01e-32
ostta18g01170	AT2G32295.2	2.1
ostta18g01180	AT1G28710.4	7.38e-06
ostta18g01190	AT5G64610.1	4.80e-82
ostta18g01200	AT1G18160.1	1.21e-44
ostta18g01210	AT4G04330.1	9.81e-13
ostta18g01220	AT5G23710.1	3.78e-28
ostta18g01230	AT1G61520.3	2.68e-89
ostta18g01240	AT1G56440.2	0.46
ostta18g01250	AT4G05390.1	5.62e-150
ostta18g01260	AT5G67370.1	1.88e-41
ostta18g01270	AT1G55325.2	0.19
ostta18g01280	AT1G77390.1	3.60e-16
ostta18g01290	AT5G28820.1	0.19
ostta18g01300	AT3G15380.1	4.36e-123
ostta18g01310	AT2G41700.1	1.02e-95
ostta18g01310	AT2G41700.1	1.45e-75
ostta18g01310	AT2G41700.1	2.66e-54
ostta18g01310	AT2G41700.1	1.42e-53
ostta18g01310	AT2G41700.1	0.18
ostta18g01310	AT2G41700.1	1.6
ostta18g01320	AT5G50950.2	2.75e-99
ostta18g01330	AT5G52970.2	1.31e-62
ostta18g01340	AT3G60210.1	3.01e-07
ostta18g01350	AT3G48850.1	1.63e-65
ostta18g01360	AT2G32150.1	5.05e-22
ostta18g01370	AT1G27510.1	5.46e-36
ostta18g01370	AT1G27510.1	4.99e-17
ostta18g01380	AT1G65290.1	1.52e-32
ostta18g01390	AT1G18480.1	2.39e-19
ostta18g01400	AT2G32760.3	4.40e-25
ostta18g01410	AT2G23820.2	1.74e-46
ostta18g01420	AT1G11670.1	4.08e-09
ostta18g01430	AT5G25770.1	9.28e-14
ostta18g01440	AT5G08020.1	1.54e-106
ostta18g01450	AT3G19740.1	0.49
ostta18g01460	AT4G39880.1	3.92e-09
ostta18g01470	AT3G04240.2	0.007
ostta18g01480	AT5G17290.1	0.004
ostta18g01490	AT1G19485.2	4.36e-12
ostta18g01490	AT1G19485.2	0.005
ostta18g01500	AT1G02100.3	1.48e-60
ostta18g01510	AT3G21580.1	3.43e-64
ostta18g01520	AT4G29590.1	1.14e-04
ostta18g01530	AT2G02340.1	0.078
ostta18g01540	AT2G38570.1	4.50e-27
ostta18g01550	AT4G35250.1	7.44e-152
ostta18g01560	AT1G02890.2	4.3
ostta18g01570	AT1G77390.1	9.08e-14
ostta18g01580	AT5G64520.5	3.82e-15
ostta18g01590	AT3G05000.1	1.68e-11
ostta18g01600	AT3G30380.2	1.26e-17
ostta18g01610	AT2G26670.1	5.40e-78
ostta18g01620	AT1G06670.2	1.45e-110
ostta18g01630	AT5G16730.1	0.11
ostta18g01640	AT4G27940.1	1.12e-50
ostta18g01640	AT4G27940.1	8.0
ostta18g01650	AT3G50590.2	3.23e-16
ostta18g01660	AT1G78280.1	4.34e-47
ostta18g01670	AT5G03700.1	0.95
ostta18g01680	AT3G57000.1	6.03e-83
ostta18g01690	AT4G32160.1	0.18
ostta18g01700	AT5G23040.2	1.57e-40
ostta18g01710	AT1G49340.2	0.35
ostta18g01720	AT5G35980.2	2.37e-51
ostta18g01730	AT2G36570.1	3.8
ostta18g01735	AT3G26360.2	0.002
ostta18g01740	AT4G21030.1	0.70
ostta18g01750	AT1G77670.1	3.14e-10
ostta18g01760	AT5G46880.3	0.012
ostta18g01770	AT3G44150.1	4.42e-10
ostta18g01780	AT5G65960.1	0.51
ostta18g01800	AT1G69530.4	5.8
ostta18g01810	AT3G13225.3	5.41e-12
ostta18g01810	AT3G13225.3	3.8
ostta18g01820	AT5G12410.1	3.91e-23
ostta18g01830	AT3G18980.2	5.8
ostta18g01840	AT5G15020.2	1.1
ostta18g01850	AT5G51510.1	5.42e-04
ostta18g01860	AT1G03475.1	1.15e-75
ostta18g01865	AT2G35360.1	1.85e-15
ostta18g01870	AT1G28340.1	4.1
ostta18g01880	AT5G38410.3	1.40e-44
ostta18g01890	AT5G38410.3	5.29e-43
ostta18g01890	AT5G38410.3	1.93e-42
ostta18g01900	AT4G25190.2	4.3
ostta18g01910	AT1G51560.1	1.55e-77
ostta18g01920	AT5G16300.1	5.4
ostta18g01930	AT5G48810.1	2.42e-10
ostta18g01940	AT5G09550.1	0.0
ostta18g01945	AT1G53540.1	1.22e-14
ostta18g01947	AT4G34900.2	0.38
ostta18g01950	AT5G11050.1	3.12e-21
ostta18g01960	AT2G20030.1	1.2
ostta18g01970	AT1G67080.1	4.23e-10
ostta18g01980	AT5G51870.5	0.21
ostta19g00010	AT5G53540.1	0.40
ostta19g00020	AT5G17930.1	0.029
ostta19g00030	AT5G25180.1	0.33
ostta19g00040	AT5G15160.1	0.26
ostta19g00050	AT5G43900.3	1.5
ostta19g00070	AT2G32680.1	5.6
ostta19g00080	AT5G16730.1	2.5
ostta19g00090	AT5G32613.1	0.41
ostta19g00100	AT2G19880.2	1.0
ostta19g00110	AT1G78570.1	0.0
ostta19g00120	AT2G42470.1	1.2
ostta19g00130	AT3G44480.2	0.066
ostta19g00140	AT5G11230.1	9.59e-31
ostta19g00165	AT1G25320.1	3.0
ostta19g00170	AT4G32520.2	0.0
ostta19g00180	AT1G64570.1	0.19
ostta19g00190	AT1G72770.5	1.9
ostta19g00200	AT4G37000.1	2.9
ostta19g00210	AT4G04880.1	0.22
ostta19g00220	AT2G17250.1	2.4
ostta19g00230	AT2G39230.1	0.025
ostta19g00035	AT1G15940.1	0.035
ostta19g00240	AT5G49990.4	0.081
ostta19g00250	AT4G38430.1	0.79
ostta19g00260	AT4G37050.1	1.3
ostta19g00270	AT2G26680.1	6.53e-04
ostta19g00060	AT5G61950.1	2.5
ostta19g00280	AT1G03680.1	0.32
ostta19g00290	AT4G20140.1	9.9
ostta19g00300	AT1G18750.4	6.4
ostta19g00310	AT3G26330.1	0.33
ostta19g00320	AT1G76690.1	3.3
ostta19g00330	AT1G61240.7	0.48
ostta19g00340	AT1G17110.3	6.0
ostta19g00350	AT5G23940.1	0.13
ostta19g00360	AT1G51020.1	7.1
ostta19g00370	AT5G19980.1	4.43e-21
ostta19g00380	AT3G15605.3	2.8
ostta19g00385	AT2G13770.1	1.99e-05
ostta19g00390	AT2G40270.1	0.74
ostta19g00395	AT4G23160.3	1.48e-23
ostta19g00400	AT5G11230.1	1.02e-27
ostta19g00410	AT2G41770.1	3.4
ostta19g00420	AT1G76340.1	1.82e-21
ostta19g00430	AT5G13810.1	1.8
ostta19g00440	AT5G07210.1	1.9
ostta19g00450	AT3G05660.1	5.22e-11
ostta19g00450	AT3G05660.1	7.10e-08
ostta19g00450	AT3G05660.1	2.53e-07
ostta19g00450	AT3G05660.1	3.86e-06
ostta19g00450	AT3G05660.1	2.13e-05
ostta19g00450	AT3G05660.1	2.99e-05
ostta19g00450	AT3G05660.1	1.64e-04
ostta19g00450	AT3G05660.1	0.003
ostta19g00450	AT3G05660.1	0.003
ostta19g00450	AT3G05660.1	0.007
ostta19g00450	AT3G05660.1	0.024
ostta19g00450	AT3G05660.1	0.17
ostta19g00450	AT3G05660.1	0.17
ostta19g00450	AT3G05660.1	0.23
ostta19g00460	AT5G62165.9	0.096
ostta19g00470	AT2G38740.1	2.50e-13
ostta19g00480	AT5G37570.2	2.0
ostta19g00490	AT5G11230.1	1.12e-29
ostta19g00515	AT4G23160.3	8.97e-34
ostta19g00520	AT5G61940.1	3.0
ostta19g00530	AT1G18390.1	0.52
ostta19g00540	AT1G76710.3	3.4
ostta19g00550	AT5G37250.1	2.3
ostta19g00555	AT5G14890.1	0.090
ostta19g00560	AT1G54385.3	0.13
ostta19g00570	AT1G75420.2	2.2
ostta19g00580	AT3G53090.2	2.4
ostta19g00590	AT1G13195.2	0.93
ostta19g00600	AT2G30460.6	5.06e-23
ostta19g00610	AT3G16260.1	1.5
ostta19g00045	AT1G77600.2	1.43e-06
ostta19g00620	AT3G13225.2	0.86
ostta19g00630	AT3G62720.2	1.28e-05
ostta19g00640	AT4G23882.1	1.24e-05
ostta19g00640	AT4G23882.1	6.99e-04
ostta19g00640	AT4G23882.1	2.1
ostta19g00650	AT3G57510.1	4.6
ostta19g00075	AT5G64430.1	2.3
ostta19g00660	AT4G12490.1	0.088
ostta19g00670	AT4G12490.1	0.016
ostta02g00020	AT1G60560.1	3.15e-11
ostta02g00030	AT1G49710.1	1.16e-06
ostta02g00035	AT5G14890.1	0.18
ostta02g00037	AT3G55350.1	7.75e-09
ostta02g00040	AT5G55500.1	2.0
ostta02g00050	AT1G64790.3	0.27
ostta02g00080	AT3G09370.3	0.13
ostta02g00087	AT5G64150.1	1.02e-17
ostta02g00093	AT4G24440.2	2.00e-31
ostta02g00100	AT1G52740.1	3.50e-66
ostta02g00110	AT3G22110.1	4.43e-87
ostta02g00130	AT3G24170.3	0.0
ostta02g00150	AT1G44110.1	8.47e-51
ostta02g00160	AT5G46290.1	6.80e-06
ostta02g00160	AT5G46290.1	4.76e-05
ostta02g00160	AT5G46290.1	6.16e-05
ostta02g00160	AT5G46290.1	0.13
ostta02g00170	AT5G46290.1	2.99e-06
ostta02g00180	AT5G46290.1	3.07e-06
ostta02g00190	AT1G29820.2	8.3
ostta02g00195	AT3G25670.1	0.27
ostta02g00200	AT3G06460.1	8.42e-16
ostta02g00210	AT1G67140.3	0.003
ostta02g00220	AT4G30250.1	6.7
ostta02g00230	AT4G32820.1	0.42
ostta02g00240	AT2G32070.1	1.64e-96
ostta02g00250	AT2G44860.2	1.39e-65
ostta02g00260	AT4G37100.1	1.7
ostta02g00270	AT1G24706.6	1.46e-81
ostta02g00270	AT1G24706.6	0.10
ostta02g00275	AT1G25320.1	3.0
ostta02g00277	AT3G55350.1	4.34e-09
ostta02g00290	AT5G57940.3	2.3
ostta02g00300	AT5G51940.1	2.06e-39
ostta02g00310	AT3G47700.1	0.014
ostta02g00320	AT1G29810.2	3.03e-14
ostta02g00330	AT1G78930.1	0.40
ostta02g00340	AT1G32200.2	2.09e-78
ostta02g00350	AT1G71090.1	0.77
ostta02g00360	AT1G03000.1	1.83e-59
ostta02g00360	AT1G03000.1	0.27
ostta02g00370	AT4G30600.2	2.81e-97
ostta02g00380	AT4G17040.1	7.08e-89
ostta02g00390	AT2G45000.1	1.69e-12
ostta02g00400	AT2G37070.1	0.81
ostta02g00410	AT5G14050.1	3.57e-36
ostta02g00420	AT3G45490.1	2.0
ostta02g00430	AT2G40360.2	6.53e-100
ostta02g00440	AT3G22980.3	2.6
ostta02g00460	AT5G01920.2	3.80e-44
ostta02g00470	AT3G21820.1	0.31
ostta02g00480	AT5G20570.1	1.68e-31
ostta02g00490	AT3G12530.4	9.99e-21
ostta02g00500	AT5G22010.2	2.36e-89
ostta02g00510	AT2G42270.1	0.58
ostta02g00520	AT4G28030.1	8.10e-08
ostta02g00530	AT2G37090.1	1.5
ostta02g00540	AT2G35810.2	1.98e-27
ostta02g00555	AT1G77470.1	2.07e-106
ostta02g00562	AT3G55620.1	9.74e-126
ostta02g00580	AT4G12800.1	9.48e-51
ostta02g00600	AT3G49000.1	2.73e-09
ostta02g00600	AT3G49000.1	0.019
ostta02g00610	AT5G08680.1	0.0
ostta02g00630	AT5G58130.1	6.05e-11
ostta02g00640	AT3G57150.1	0.0
ostta02g00650	AT3G49660.1	2.86e-36
ostta02g00650	AT3G49660.1	5.75e-13
ostta02g00650	AT3G49660.1	2.78e-10
ostta02g00650	AT3G49660.1	1.34e-08
ostta02g00650	AT3G49660.1	2.27e-08
ostta02g00660	AT1G79990.1	0.63
ostta02g00670	AT3G46740.1	7.92e-164
ostta02g00680	AT1G12650.4	1.34e-07
ostta02g00690	AT5G46280.1	0.0
ostta02g00700	AT1G28170.1	0.48
ostta02g00710	AT5G46290.3	4.41e-10
ostta02g00710	AT5G46290.3	5.43e-10
ostta02g00710	AT5G46290.3	5.67e-06
ostta02g00720	AT5G46290.3	4.93e-13
ostta02g00730	AT3G63520.1	4.12e-57
ostta02g00740	AT5G06240.1	2.06e-04
ostta02g00750	AT5G63890.1	8.65e-25
ostta02g00760	AT5G66055.1	0.10
ostta02g00770	AT1G28170.1	0.28
ostta02g00780	AT2G37090.1	7.3
ostta02g00790	AT1G05520.1	0.67
ostta02g00800	AT5G46290.1	1.89e-17
ostta02g00800	AT5G46290.1	2.54e-04
ostta02g00800	AT5G46290.1	3.49e-04
ostta02g00800	AT5G46290.1	0.001
ostta02g00800	AT5G46290.1	0.002
ostta02g00800	AT5G46290.1	0.016
ostta02g00810	AT1G79470.1	2.42e-164
ostta02g00820	AT2G27080.2	5.0
ostta02g00860	AT1G78800.1	3.72e-115
ostta02g00870	AT1G53990.1	0.15
ostta02g00880	AT2G15430.1	8.31e-83
ostta02g00890	AT2G37600.2	1.28e-38
ostta02g00900	AT3G25660.1	1.58e-127
ostta02g00910	AT2G24350.1	5.7
ostta02g00920	AT4G30110.2	1.01e-147
ostta02g00930	AT5G05700.2	4.04e-63
ostta02g00930	AT5G05700.2	0.19
ostta02g00940	AT1G32380.1	9.24e-166
ostta02g00950	AT1G48520.1	0.0
ostta02g00960	AT4G28200.1	3.71e-23
ostta02g00970	AT4G22970.2	3.16e-42
ostta02g00980	AT3G53500.2	9.70e-05
ostta02g00990	AT3G49100.2	2.4
ostta02g01010	AT2G24090.1	1.16e-11
ostta02g01020	AT5G42020.1	0.0
ostta02g01030	AT4G30990.3	4.10e-30
ostta02g01040	AT5G64150.1	2.48e-71
ostta02g01050	AT1G29630.1	3.17e-05
ostta02g01060	AT1G05500.1	7.81e-37
ostta02g01070	AT4G08960.1	3.26e-55
ostta02g01080	AT5G09770.1	9.71e-10
ostta02g01090	AT5G41790.2	1.4
ostta02g01100	AT4G17550.1	4.81e-16
ostta02g01120	AT1G23280.1	3.40e-69
ostta02g01130	AT3G12810.2	8.60e-141
ostta02g01130	AT3G12810.2	5.99e-86
ostta02g01130	AT3G12810.2	1.65e-12
ostta02g01130	AT3G12810.2	5.9
ostta02g01140	AT4G26300.4	8.95e-160
ostta02g01160	AT1G77180.3	4.62e-47
ostta02g01170	AT4G17020.1	5.00e-62
ostta02g01180	AT1G31500.2	8.93e-16
ostta02g01190	AT4G23100.3	2.23e-175
ostta02g01200	AT4G02200.2	0.72
ostta02g01210	AT5G20160.1	6.63e-71
ostta02g01230	AT1G78010.1	7.97e-142
ostta02g01240	AT5G02790.1	9.90e-16
ostta02g01245	AT5G47480.2	2.5
ostta02g01247	AT1G61470.1	3.1
ostta02g01250	AT4G26500.1	3.76e-35
ostta02g01260	AT5G08565.1	7.24e-26
ostta02g01270	AT1G09130.2	1.26e-92
ostta02g01290	AT3G61770.1	6.66e-48
ostta02g01300	AT4G03490.3	0.25
ostta02g01310	AT3G04760.1	0.69
ostta02g01320	AT5G49910.1	5.20e-109
ostta02g01330	AT5G18180.1	1.57e-40
ostta02g01350	AT5G47080.1	1.43e-104
ostta02g01360	AT1G56050.1	3.88e-146
ostta02g01370	AT4G33945.1	2.70e-09
ostta02g01390	AT2G40290.1	4.98e-122
ostta02g01400	AT3G09800.3	1.62e-30
ostta02g01410	AT3G56650.1	2.90e-44
ostta02g01420	AT4G03240.1	4.67e-19
ostta02g01430	AT1G30550.1	1.05e-45
ostta02g01440	AT4G24810.6	7.25e-48
ostta02g01460	AT1G47250.1	1.30e-52
ostta02g01480	AT4G14540.1	2.18e-60
ostta02g01490	AT1G09630.1	4.66e-97
ostta02g01500	AT5G09860.1	2.6
ostta02g01510	AT3G44680.1	0.0
ostta02g01520	AT5G05620.1	0.0
ostta02g01530	AT3G02160.2	1.2
ostta02g01550	AT1G55460.1	4.60e-49
ostta02g01550	AT1G55460.1	2.55e-04
ostta02g01560	AT1G60560.1	3.97e-04
ostta02g01580	AT1G56700.4	2.5
ostta02g01590	AT5G59230.1	1.29e-15
ostta02g01600	AT4G38920.1	6.56e-40
ostta02g01610	AT5G51710.2	1.69e-144
ostta02g01640	AT2G47450.1	2.19e-35
ostta02g01660	AT2G30260.1	1.25e-48
ostta02g01670	AT2G38695.1	8.56e-09
ostta02g01680	AT2G03690.1	2.30e-43
ostta02g01690	AT5G10330.2	5.05e-144
ostta02g01710	AT5G53040.1	4.88e-12
ostta02g01720	AT2G24990.1	0.20
ostta02g01725	AT4G19070.2	4.10e-04
ostta02g01730	AT4G15560.1	0.0
ostta02g01750	AT1G23230.3	4.8
ostta02g01770	AT3G16980.1	2.04e-36
ostta02g01780	AT5G41010.1	2.56e-18
ostta02g01790	AT3G58140.1	9.38e-169
ostta02g01810	AT1G71697.1	1.99e-04
ostta02g01820	AT5G15170.1	0.47
ostta02g01840	AT5G46290.1	0.0
ostta02g01850	AT5G23070.1	1.24e-38
ostta02g01860	AT5G15540.1	2.09e-117
ostta02g01870	AT1G68580.4	3.20e-05
ostta02g01880	AT5G60070.1	0.16
ostta02g01890	AT4G26550.1	5.55e-29
ostta02g01900	AT3G48190.3	2.39e-16
ostta02g01910	AT4G24280.1	0.0
ostta02g01920	AT3G25040.1	9.61e-111
ostta02g01930	AT4G31780.2	1.24e-118
ostta02g01950	AT1G47870.1	5.35e-28
ostta02g01960	AT1G17880.1	1.59e-49
ostta02g01970	AT4G10320.1	0.0
ostta02g01980	AT1G15710.1	8.59e-121
ostta02g01990	AT1G64940.1	0.30
ostta02g02000	AT2G25710.5	4.47e-60
ostta02g02010	AT4G02060.2	0.0
ostta02g02020	AT4G01395.1	1.56e-13
ostta02g02030	AT1G16280.1	1.12e-115
ostta02g02050	AT1G79990.1	1.2
ostta02g02060	AT1G61240.7	0.48
ostta02g02065	AT2G27410.1	0.47
ostta02g02067	AT1G62710.1	0.40
ostta02g02070	AT3G07250.1	6.5
ostta02g02080	AT4G03430.3	2.8
ostta02g02090	AT5G55220.1	1.41e-94
ostta02g02100	AT2G47610.1	1.4
ostta02g02110	AT3G09350.1	2.53e-20
ostta02g02120	AT4G02485.2	1.73e-23
ostta02g02130	AT1G32340.1	9.42e-93
ostta02g02140	AT5G09790.2	2.71e-12
ostta02g02150	AT1G19130.1	2.13e-05
ostta02g02180	AT1G04620.1	9.99e-27
ostta02g02200	AT4G18040.1	1.04e-70
ostta02g02210	AT5G52910.2	1.53e-15
ostta02g02240	AT1G27980.1	1.10e-136
ostta02g02260	AT3G03260.1	0.30
ostta02g02270	AT3G02660.2	9.65e-180
ostta02g02280	AT1G77090.1	6.86e-51
ostta02g02290	AT1G29940.1	0.0
ostta02g02300	AT1G09830.1	2.6
ostta02g02310	AT1G02560.1	1.81e-102
ostta02g02320	AT2G30570.1	2.45e-08
ostta02g02330	AT4G27800.1	7.69e-44
ostta02g02340	AT2G03667.1	5.55e-96
ostta02g02355	AT3G52760.1	0.64
ostta02g02360	AT5G40580.2	1.01e-90
ostta02g02370	AT5G36880.2	0.0
ostta02g02380	AT5G45930.1	3.79e-168
ostta02g02400	AT3G28710.1	5.02e-103
ostta02g02420	AT4G34450.1	0.0
ostta02g02430	AT2G34660.3	0.25
ostta02g02440	AT2G28305.3	1.38e-66
ostta02g02450	AT5G08060.1	1.57e-07
ostta02g02460	AT3G26570.2	4.13e-32
ostta02g02460	AT3G26570.2	5.96e-28
ostta02g02460	AT3G26570.2	4.77e-04
ostta02g02460	AT3G26570.2	0.20
ostta02g02470	AT5G58040.2	1.56e-15
ostta02g02475	AT1G64280.1	1.8
ostta02g02477	AT3G52760.1	0.54
ostta02g02480	AT4G30100.2	9.41e-100
ostta02g02490	AT1G15440.2	3.34e-48
ostta02g02490	AT1G15440.2	4.6
ostta02g02490	AT1G15440.2	5.6
ostta02g02500	AT5G67030.2	9.99e-50
ostta02g02510	AT1G74470.1	0.0
ostta02g02520	AT3G61530.2	3.09e-124
ostta02g02530	AT4G03120.1	5.41e-20
ostta02g02540	AT1G01510.1	5.7
ostta02g02550	AT4G19600.1	3.24e-59
ostta02g02560	AT2G06520.1	4.46e-05
ostta02g02570	AT3G56150.2	5.32e-146
ostta02g02580	AT4G38130.1	0.0
ostta02g02600	AT3G63460.2	0.23
ostta02g02610	AT4G24270.4	1.5
ostta02g02615	AT3G43590.1	0.024
ostta02g02630	AT1G72040.1	3.82e-57
ostta02g02650	AT4G13430.1	1.36e-16
ostta02g02660	AT5G20520.1	4.47e-18
ostta02g02670	AT4G21800.2	4.37e-87
ostta02g02680	AT4G23460.1	0.0
ostta02g02700	AT3G16780.1	1.71e-103
ostta02g02710	AT2G18950.1	1.84e-63
ostta02g02715	AT5G41280.1	6.5
ostta02g02720	AT1G15140.1	6.30e-23
ostta02g02730	AT3G61320.1	6.26e-06
ostta02g02740	AT3G15080.1	3.17e-41
ostta02g02750	AT3G61620.2	2.68e-38
ostta02g02760	AT4G17620.2	2.40e-43
ostta02g02770	AT5G37310.2	0.71
ostta02g02780	AT3G16260.1	9.83e-08
ostta02g02780	AT3G16260.1	4.77e-05
ostta02g02780	AT3G16260.1	0.002
ostta02g02790	AT3G62190.3	2.74e-05
ostta02g02800	AT3G56340.1	1.13e-38
ostta02g02810	AT1G73320.1	6.14e-06
ostta02g02820	AT1G69680.1	9.52e-15
ostta02g02830	AT3G54010.2	7.33e-51
ostta02g02840	AT5G15770.1	1.89e-41
ostta02g02850	AT3G01800.1	1.2
ostta02g02860	AT3G12780.1	1.46e-37
ostta02g02870	AT1G79530.1	3.56e-83
ostta02g02880	AT2G32190.2	0.43
ostta02g02890	AT3G06170.1	1.26e-76
ostta02g02900	AT3G45880.2	4.72e-47
ostta02g02910	AT4G28540.1	2.99e-25
ostta02g02920	AT5G09860.1	1.81e-45
ostta02g02930	AT5G18440.2	6.45e-09
ostta02g02940	AT5G51160.1	1.8
ostta02g02970	AT2G22300.2	0.72
ostta02g02980	AT3G61390.1	0.14
ostta02g02990	AT5G18630.3	0.62
ostta02g03000	AT1G79150.1	1.27e-82
ostta02g03010	AT4G29110.1	8.6
ostta02g03020	AT3G59500.2	6.89e-52
ostta02g03030	AT2G21060.1	1.01e-12
ostta02g03040	AT1G04290.1	8.49e-16
ostta02g03050	AT1G01040.1	0.013
ostta02g03060	AT3G29240.2	1.39e-17
ostta02g03070	AT5G10170.1	0.0
ostta02g03080	AT1G03400.1	5.6
ostta02g03090	AT3G11920.1	3.13e-29
ostta02g03100	AT4G25000.1	1.22e-04
ostta02g03110	AT5G09250.1	2.17e-13
ostta02g03110	AT5G09250.1	9.54e-12
ostta02g03120	AT5G42150.1	8.11e-76
ostta02g03130	AT5G19460.1	0.33
ostta02g03140	AT3G15190.1	6.07e-17
ostta02g03150	AT4G35987.1	0.15
ostta02g03160	AT1G48540.3	0.44
ostta02g03170	AT5G64250.2	1.29e-19
ostta02g03180	AT5G14580.1	1.01e-179
ostta02g03190	AT1G51600.2	0.65
ostta02g03200	AT1G11880.1	1.60e-39
ostta02g03210	AT5G03500.7	0.004
ostta02g03220	AT1G50030.1	0.64
ostta02g03230	AT5G26160.3	0.50
ostta02g03240	AT1G50680.1	0.94
ostta02g03250	AT5G06600.2	0.0
ostta02g03260	AT3G11510.1	1.01e-76
ostta02g03270	AT1G50180.1	0.11
ostta02g03280	AT5G50260.1	1.13e-44
ostta02g03290	AT3G56160.3	4.47e-45
ostta02g03300	AT3G56000.1	0.085
ostta02g03310	AT4G37460.2	0.001
ostta02g03320	AT3G51960.1	1.1
ostta02g03330	AT3G47470.1	5.34e-76
ostta02g03340	AT2G46340.2	1.8
ostta02g03350	AT4G38630.1	2.80e-89
ostta02g03355	AT5G08410.2	2.14e-05
ostta02g03360	AT5G64860.1	1.16e-167
ostta02g03370	AT3G08730.2	4.55e-56
ostta02g03380	AT1G09960.1	0.002
ostta02g03390	AT1G73430.2	1.16e-174
ostta02g03400	AT3G56090.1	5.92e-68
ostta02g03410	AT3G56690.1	1.87e-176
ostta02g03420	AT3G15220.1	6.28e-96
ostta02g03430	AT5G63960.1	0.0
ostta02g03440	AT5G49300.1	4.25e-12
ostta02g03450	AT5G64630.1	9.04e-93
ostta02g03460	AT4G28680.1	3.99e-37
ostta02g03465	AT4G20770.1	0.069
ostta02g03470	AT4G21530.1	6.36e-10
ostta02g03480	AT4G24750.1	0.076
ostta02g03490	AT5G17020.1	0.0
ostta02g03500	AT1G03530.1	6.94e-18
ostta02g03510	AT4G11390.1	0.19
ostta02g03520	AT2G32450.1	2.56e-04
ostta02g03530	AT1G24330.2	2.1
ostta02g03540	AT1G29850.3	1.54e-22
ostta02g03550	AT3G21070.2	1.56e-75
ostta02g03560	AT4G24570.1	7.25e-86
ostta02g03560	AT4G24570.1	0.012
ostta02g03570	AT5G40280.1	1.91e-86
ostta02g03580	AT5G46840.2	2.6
ostta02g03590	AT1G19990.1	7.93e-16
ostta02g03600	AT2G38580.3	0.57
ostta02g03610	AT3G57060.3	0.0
ostta02g03620	AT4G28220.1	1.43e-105
ostta02g03630	AT1G72320.3	1.75e-62
ostta02g03640	AT1G48850.1	0.0
ostta02g03650	AT4G24970.1	9.6
ostta02g03660	AT5G08335.2	4.56e-47
ostta02g03670	AT2G18760.7	0.0
ostta02g03680	AT4G32850.4	1.9
ostta02g03690	AT4G16545.1	0.38
ostta02g03700	AT3G24890.2	0.81
ostta02g03710	AT4G11640.1	3.26e-22
ostta02g03720	AT2G25760.1	0.0
ostta02g03730	AT1G54130.1	3.2
ostta02g03740	AT2G13690.1	0.78
ostta02g03750	AT4G25315.2	1.46e-10
ostta02g03760	AT5G42770.3	1.73e-47
ostta02g03770	AT1G03750.1	1.46e-16
ostta02g03780	AT5G57015.1	0.0
ostta02g03790	AT1G16810.3	4.12e-10
ostta02g03800	AT5G53310.1	7.13e-26
ostta02g03810	AT3G59980.1	2.42e-52
ostta02g03820	AT4G31000.2	1.5
ostta02g03830	AT4G17830.1	4.24e-147
ostta02g03840	AT5G60040.1	0.0
ostta02g03850	AT1G49940.2	0.13
ostta02g03860	AT2G20260.1	5.81e-24
ostta02g03870	AT2G17340.1	1.12e-94
ostta02g03880	AT5G24020.1	7.53e-91
ostta02g03890	AT2G17520.1	1.39e-111
ostta02g03890	AT2G17520.1	1.2
ostta02g03900	AT5G23535.2	1.52e-31
ostta02g03910	AT5G55400.3	1.1
ostta02g03920	AT5G64930.1	0.001
ostta02g03930	AT1G34000.1	1.37e-27
ostta02g03940	AT1G20120.1	0.17
ostta02g03940	AT1G20120.1	0.30
ostta02g03940	AT1G20120.1	0.41
ostta02g03940	AT1G20120.1	1.1
ostta02g03950	AT4G33210.1	4.66e-14
ostta02g03950	AT4G33210.1	5.55e-05
ostta02g03950	AT4G33210.1	0.002
ostta02g03957	AT3G10940.1	1.16e-60
ostta02g03960	AT4G21660.1	1.58e-146
ostta02g03970	AT5G18580.1	9.9
ostta02g03980	AT3G53580.1	6.93e-132
ostta02g03990	AT2G20580.1	0.54
ostta02g04000	AT5G16260.1	1.35e-52
ostta02g04010	AT1G07840.2	4.47e-47
ostta02g04020	AT1G29150.2	3.95e-150
ostta02g04030	AT1G50920.1	0.0
ostta02g04040	AT2G28840.1	0.70
ostta02g04050	AT4G14790.2	9.22e-149
ostta02g04060	AT1G07670.2	0.10
ostta02g04070	AT4G39850.2	1.81e-86
ostta02g04070	AT4G39850.2	1.19e-84
ostta02g04080	AT5G53480.1	0.0
ostta02g04090	AT2G30800.1	0.0
ostta02g04100	AT3G08840.2	1.73e-26
ostta02g04110	AT4G23950.1	4.5
ostta02g04115	AT4G00900.2	0.059
ostta02g04120	AT3G63190.1	1.21e-66
ostta02g04130	AT1G04130.1	1.16e-52
ostta02g04140	AT3G04950.1	1.54e-04
ostta02g04150	AT4G36390.1	2.28e-155
ostta02g04160	AT5G53460.3	3.7
ostta02g04170	AT2G20680.1	4.4
ostta02g04180	AT3G13235.3	6.88e-87
ostta02g04190	AT3G04710.1	0.008
ostta02g04190	AT3G04710.1	0.12
ostta02g04190	AT3G04710.1	0.14
ostta02g04200	AT1G66120.1	7.20e-58
ostta02g04210	AT3G04710.3	0.14
ostta02g04220	AT4G13920.1	2.34e-05
ostta02g04230	AT1G16800.1	3.62e-63
ostta02g04240	AT4G23430.2	3.30e-47
ostta02g04250	AT5G39510.1	0.053
ostta02g04260	AT3G16270.3	4.06e-14
ostta02g04260	AT3G16270.3	0.017
ostta02g04270	AT2G24940.1	3.92e-09
ostta02g04280	AT3G04890.1	2.58e-12
ostta02g04290	AT2G39990.1	7.32e-47
ostta02g04300	AT1G18790.1	9.89e-23
ostta02g04310	AT1G59725.1	1.37e-08
ostta02g04320	AT5G58060.1	2.38e-84
ostta02g04325	AT2G14110.1	3.87e-04
ostta02g04330	AT2G20020.1	0.39
ostta02g04340	AT1G67730.1	4.44e-24
ostta02g04350	AT5G08305.1	3.7
ostta02g04360	AT4G15530.6	0.0
ostta02g04390	AT4G16720.1	6.02e-109
ostta02g04400	AT3G57630.2	5.14e-10
ostta02g04400	AT3G57630.2	7.9
ostta02g04410	AT4G27180.2	2.1
ostta02g04420	AT3G21465.2	3.4
ostta02g04430	AT1G55480.1	5.01e-50
ostta02g04440	AT1G64970.1	1.91e-49
ostta02g04450	AT1G32220.1	7.14e-05
ostta02g04460	AT2G04540.1	2.52e-120
ostta02g04470	AT2G38280.2	0.0
ostta02g04480	AT3G58480.1	3.9
ostta02g04490	AT5G64890.1	5.7
ostta02g04500	AT4G32400.1	2.29e-51
ostta02g04500	AT4G32400.1	9.45e-15
ostta02g04500	AT4G32400.1	5.4
ostta02g04520	AT5G22620.5	2.9
ostta02g04530	AT5G38730.1	0.34
ostta02g04540	AT3G02570.1	4.04e-106
ostta02g04550	AT4G23510.3	0.96
ostta02g04560	AT2G43030.1	8.64e-74
ostta02g04570	AT4G17090.1	1.81e-102
ostta02g04580	AT3G13225.2	0.21
ostta02g04590	AT2G17660.1	6.9
ostta02g04600	AT3G48110.1	0.0
ostta02g04610	AT3G14050.1	5.21e-96
ostta02g04630	AT2G46100.1	0.10
ostta02g04620	AT2G35610.1	5.95e-35
ostta02g04640	AT4G11655.2	0.15
ostta02g04650	AT3G44890.1	4.11e-22
ostta02g04660	AT1G77240.1	5.30e-32
ostta02g04670	AT3G13290.1	7.99e-34
ostta02g04670	AT3G13290.1	2.24e-29
ostta02g04680	AT5G30510.1	4.39e-82
ostta02g04700	AT3G26070.1	2.17e-54
ostta02g04710	AT5G08470.3	4.99e-79
ostta02g04710	AT5G08470.3	0.003
ostta02g04720	AT3G52040.1	0.005
ostta02g04730	AT1G31830.1	10.0
ostta02g04740	AT1G63420.1	1.2
ostta02g04750	AT4G22030.1	6.0
ostta02g04760	AT5G46800.3	7.70e-32
ostta02g04760	AT5G46800.3	1.83e-10
ostta02g04760	AT5G46800.3	0.010
ostta02g04760	AT5G46800.3	0.029
ostta02g04760	AT5G46800.3	0.20
ostta02g04770	AT1G49120.1	0.39
ostta02g04780	AT4G05200.1	2.2
ostta02g04790	AT5G18900.1	7.47e-81
ostta02g04800	AT3G54890.1	2.61e-50
ostta02g04810	AT3G10900.1	2.62e-41
ostta02g04815	AT2G31600.6	3.8
ostta02g04817	AT5G52660.2	1.25e-19
ostta02g04820	AT4G26910.2	4.43e-140
ostta02g04820	AT4G26910.2	9.20e-12
ostta02g04830	AT1G11390.1	8.62e-69
ostta02g04840	AT2G39230.1	0.20
ostta02g04850	AT4G19490.2	4.6
ostta02g04860	AT1G15730.1	2.64e-103
ostta02g04870	AT1G76050.2	4.89e-97
ostta02g04880	AT4G31040.1	2.74e-16
ostta02g04890	AT5G26240.2	5.45e-49
ostta02g04890	AT5G26240.2	3.57e-14
ostta02g04900	AT5G51130.1	5.05e-45
ostta02g04905	AT1G11750.1	4.1
ostta02g04910	AT3G04460.1	1.00e-53
ostta02g04920	AT3G62400.1	1.25e-07
ostta02g04930	AT2G31410.1	0.47
ostta02g04940	AT3G54960.1	0.97
ostta02g04950	AT1G32130.1	1.40e-55
ostta02g04960	AT1G68370.1	0.59
ostta02g04970	AT1G08110.3	4.12e-14
ostta02g04980	AT3G05410.2	2.23e-43
ostta02g04990	AT4G11120.1	3.37e-54
ostta02g05000	AT1G13220.3	0.059
ostta02g05010	AT4G02680.1	3.6
ostta02g05020	AT1G33810.1	4.59e-11
ostta02g05030	AT3G16010.1	2.34e-36
ostta02g05030	AT3G16010.1	3.90e-17
ostta02g05030	AT3G16010.1	1.24e-12
ostta02g05030	AT3G16010.1	6.36e-09
ostta02g05030	AT3G16010.1	4.77e-05
ostta02g05040	AT1G05870.9	0.79
ostta02g05060	AT1G03310.2	1.18e-25
ostta02g05060	AT1G03310.2	0.21
ostta02g05070	AT1G64790.3	3.89e-61
ostta02g05070	AT1G64790.3	5.42e-07
ostta02g05070	AT1G64790.3	0.023
ostta02g05070	AT1G64790.3	4.2
ostta02g05080	AT3G09100.2	3.29e-137
ostta02g05090	AT3G15930.1	0.23
ostta02g05100	AT3G21300.1	0.090
ostta02g05105	AT3G50370.2	0.70
ostta02g05110	AT1G03060.3	2.9
ostta02g05115	AT4G10130.5	5.57e-12
ostta02g05120	AT2G02700.1	5.1
ostta02g05130	AT4G28706.1	4.43e-51
ostta02g05140	AT2G45310.1	8.93e-150
ostta02g05150	AT5G06260.2	0.32
ostta02g05160	AT4G15940.1	3.49e-22
ostta02g05170	AT4G19100.1	3.24e-27
ostta02g05180	AT2G24680.1	7.1
ostta02g05190	AT3G52250.2	9.47e-17
ostta02g05190	AT3G52250.2	1.93e-05
ostta02g05190	AT3G52250.2	0.021
ostta02g05190	AT3G52250.2	0.43
ostta02g05200	AT1G15390.1	9.55e-59
ostta02g05210	AT4G04885.1	3.47e-26
ostta02g05210	AT4G04885.1	1.04e-19
ostta02g05220	AT2G35790.1	1.30e-17
ostta02g05225	AT3G13660.1	7.5
ostta02g05230	AT3G12260.1	1.26e-11
ostta02g05240	AT3G27860.2	4.0
ostta02g05250	AT4G20280.1	1.05e-18
ostta02g05260	AT2G17760.1	3.7
ostta02g05270	AT1G54520.1	1.15e-55
ostta02g05280	AT2G39140.1	2.37e-24
ostta02g05290	AT2G16070.2	0.060
ostta02g05300	AT5G09930.1	6.9
ostta02g05310	AT5G27030.1	2.9
ostta02g05320	AT1G01670.2	1.0
ostta02g05330	AT2G26680.1	2.77e-05
ostta02g05340	AT1G08380.1	1.97e-21
ostta02g05350	AT2G26420.1	3.36e-15
ostta02g05360	AT5G42420.1	3.44e-77
ostta02g05370	AT4G35490.2	3.31e-49
ostta02g05380	AT5G41760.2	5.50e-47
ostta02g05390	AT2G18900.1	7.03e-55
ostta02g05400	AT3G62840.1	2.45e-56
ostta02g05410	AT5G56180.2	0.25
ostta02g05420	AT3G49710.1	3.4
ostta02g05430	AT1G06670.1	4.0
ostta02g05440	AT3G61800.2	1.2
ostta02g05450	AT5G53770.1	1.7
ostta02g05460	AT3G10180.1	0.26
ostta02g05470	AT4G10050.1	2.79e-59
ostta02g05480	AT5G13510.1	8.36e-26
ostta02g05490	AT1G50310.1	3.53e-05
ostta02g05500	AT5G15050.1	4.9
ostta02g05510	AT3G12120.2	1.10e-71
ostta02g05520	AT1G01290.2	1.46e-59
ostta02g05530	AT1G58060.1	5.57e-118
ostta02g05530	AT1G58060.1	5.03e-56
ostta02g05530	AT1G58060.1	0.87
ostta02g05540	AT3G03260.1	0.26
ostta02g05550	AT1G26570.1	1.21e-22
ostta20g00010	AT1G07710.2	8.46e-17
ostta20g00010	AT1G07710.2	4.12e-09
ostta20g00010	AT1G07710.2	5.16e-08
ostta20g00010	AT1G07710.2	4.19e-06
ostta20g00010	AT1G07710.2	6.54e-06
ostta20g00020	AT1G73320.1	4.10e-18
ostta20g00030	AT2G30200.1	1.89e-70
ostta20g00035	AT5G63700.2	1.0
ostta20g00035	AT5G63700.2	5.8
ostta20g00050	AT3G08950.1	1.08e-69
ostta20g00060	AT1G32330.1	1.02e-39
ostta20g00070	AT5G17850.2	0.087
ostta20g00080	AT3G48730.1	0.0
ostta20g00090	AT1G01950.1	2.1
ostta20g00100	AT3G10900.1	1.31e-52
ostta20g00110	AT3G51800.3	9.06e-113
ostta20g00120	AT5G28500.1	9.04e-16
ostta20g00130	AT4G34670.1	2.36e-136
ostta20g00140	AT1G51980.1	9.41e-121
ostta20g00150	AT5G24150.1	0.90
ostta20g00160	AT2G45740.3	1.84e-09
ostta20g00170	AT1G33540.2	3.8
ostta20g00180	AT2G38490.1	1.56e-15
ostta20g00190	AT1G31790.1	4.4
ostta20g00200	AT4G13510.1	1.16e-145
ostta20g00210	AT5G10460.1	1.47e-46
ostta20g00220	AT1G36030.1	5.6
ostta20g00230	AT1G53490.1	0.068
ostta20g00240	AT5G10860.1	0.011
ostta20g00250	AT4G38600.3	0.17
ostta20g00260	AT3G56190.1	2.13e-64
ostta20g00270	AT2G36130.1	8.02e-28
ostta20g00280	AT1G12250.2	1.32e-23
ostta20g00290	AT2G18960.1	5.46e-76
ostta20g00300	AT3G17465.1	3.85e-72
ostta20g00310	AT2G31040.1	3.36e-04
ostta20g00320	AT4G38570.4	8.95e-51
ostta20g00330	AT5G19910.2	2.61e-23
ostta20g00340	AT3G19800.2	0.007
ostta20g00350	AT2G44330.1	0.12
ostta20g00360	AT4G12130.1	2.91e-24
ostta20g00370	AT5G61150.2	7.17e-21
ostta20g00380	AT1G03650.1	1.7
ostta20g00390	AT3G44810.1	0.59
ostta20g00400	AT1G02910.1	3.1
ostta20g00410	AT2G29220.1	1.5
ostta20g00420	AT4G02580.1	3.48e-94
ostta20g00430	AT3G48000.1	1.3
ostta20g00440	AT2G28190.1	3.91e-64
ostta20g00450	AT2G22650.1	2.9
ostta20g00460	AT5G52140.1	1.25e-04
ostta20g00470	AT1G12520.2	3.53e-36
ostta20g00480	AT1G63830.5	0.003
ostta20g00490	AT1G27680.1	0.0
ostta20g00500	AT5G59250.1	4.13e-22
ostta20g00510	AT5G22140.1	6.18e-29
ostta20g00530	AT5G51080.2	7.8
ostta20g00540	AT4G25230.3	0.015
ostta20g00550	AT4G36390.1	3.08e-168
ostta20g00560	AT2G42520.3	2.37e-31
ostta20g00570	AT4G11630.1	6.33e-13
ostta20g00580	AT5G42190.1	4.32e-59
ostta20g00590	AT5G58240.2	1.8
ostta20g00600	AT3G06950.1	6.17e-54
ostta20g00610	AT1G06660.1	0.15
ostta20g00620	AT3G61320.1	1.19e-06
ostta20g00630	AT1G60430.3	2.15e-23
ostta20g00640	AT2G26980.1	9.58e-52
ostta20g00650	AT3G12180.1	7.11e-12
ostta20g00660	AT5G51545.1	1.86e-06
ostta20g00670	AT2G03470.1	0.012
ostta20g00680	AT1G62830.1	3.12e-132
ostta20g00690	AT5G45650.2	3.0
ostta20g00695	AT5G17670.1	1.32e-64
ostta20g00700	AT1G26761.1	1.18e-61
ostta20g00710	AT1G48760.3	1.09e-121
ostta20g00720	AT5G53470.1	0.88
ostta20g00730	AT3G22980.3	0.0
ostta20g00740	AT5G63860.1	7.08e-21
ostta20g00740	AT5G63860.1	2.44e-20
ostta20g00740	AT5G63860.1	2.70e-20
ostta20g00740	AT5G63860.1	1.03e-13
ostta20g00740	AT5G63860.1	7.54e-11
ostta20g00750	AT5G47400.1	1.09e-33
ostta20g00770	AT2G14825.1	2.50e-08
ostta20g00780	AT4G05150.1	1.3
ostta20g00790	AT5G60550.1	4.09e-31
ostta20g00800	AT2G20110.3	1.96e-54
ostta20g00800	AT2G20110.3	3.42e-06
ostta20g00810	AT1G12970.1	3.89e-26
ostta20g00810	AT1G12970.1	2.05e-18
ostta20g00810	AT1G12970.1	1.66e-09
ostta20g00820	AT2G26210.3	3.57e-16
ostta20g00830	AT5G09550.1	0.28
ostta20g00840	AT1G14290.2	4.30e-10
ostta20g00850	AT5G42520.1	0.41
ostta20g00860	AT5G50340.2	7.67e-126
ostta20g00870	AT3G21640.1	1.92e-11
ostta20g00880	AT3G57470.2	4.6
ostta20g00890	AT5G50680.1	1.19e-37
ostta20g00895	AT2G43235.1	2.03e-05
ostta20g00900	AT5G18650.1	1.8
ostta20g00910	AT5G63060.1	4.69e-33
ostta20g00920	AT4G02530.1	1.05e-07
ostta20g00930	AT5G39790.3	4.43e-27
ostta20g00940	AT5G47110.1	0.96
ostta20g00950	AT5G28740.1	0.0
ostta20g00960	AT3G13800.3	2.0
ostta20g00970	AT3G14850.1	1.3
ostta03g00020	AT2G13980.1	4.1
ostta03g00030	AT5G09850.3	2.9
ostta03g00040	AT2G34660.2	0.0
ostta03g00050	AT1G11000.2	6.4
ostta03g00060	AT4G26600.3	0.0
ostta03g00070	AT3G10220.1	2.16e-67
ostta03g00080	AT2G14255.1	0.67
ostta03g00090	AT4G22830.1	2.89e-27
ostta03g00100	AT4G28860.2	1.6
ostta03g00110	AT5G19840.1	0.072
ostta03g00120	AT4G19970.1	0.046
ostta03g00130	AT1G72416.3	7.5
ostta03g00140	AT5G59420.1	6.87e-106
ostta03g00150	AT1G80050.2	0.90
ostta03g00160	AT1G04420.1	7.02e-89
ostta03g00170	AT3G04680.3	2.16e-139
ostta03g00180	AT5G09660.2	1.97e-153
ostta03g00190	AT2G26900.1	1.28e-80
ostta03g00200	AT2G47790.1	1.24e-30
ostta03g00210	AT4G33210.1	7.4
ostta03g00220	AT5G01410.2	2.56e-164
ostta03g00230	AT1G67120.2	2.39e-04
ostta03g00230	AT1G67120.2	0.005
ostta03g00230	AT1G67120.2	0.17
ostta03g00230	AT1G67120.2	1.7
ostta03g00240	AT1G63830.5	0.002
ostta03g00240	AT1G63830.5	0.066
ostta03g00240	AT1G63830.5	0.16
ostta03g00240	AT1G63830.5	0.67
ostta03g00240	AT1G63830.5	1.3
ostta03g00240	AT1G63830.5	1.6
ostta03g00240	AT1G63830.5	2.0
ostta03g00240	AT1G63830.5	2.2
ostta03g00240	AT1G63830.5	2.5
ostta03g00240	AT1G63830.5	2.7
ostta03g00250	AT3G02830.2	1.8
ostta03g00260	AT1G28510.1	2.13e-09
ostta03g00270	AT5G64270.1	0.0
ostta03g00280	AT5G66410.1	8.21e-65
ostta03g00290	AT5G06140.1	1.27e-34
ostta03g00300	AT3G12400.1	5.97e-37
ostta03g00310	AT5G20500.1	0.84
ostta03g00320	AT3G19560.1	0.008
ostta03g00330	AT3G54750.2	3.88e-19
ostta03g00340	AT5G38865.4	0.83
ostta03g00350	AT3G54050.2	2.67e-177
ostta03g00360	AT3G23700.1	2.15e-45
ostta03g00370	AT1G27350.1	9.13e-18
ostta03g00380	AT5G16150.3	1.06e-29
ostta03g00390	AT5G20110.1	0.68
ostta03g00400	AT4G36690.4	3.49e-121
ostta03g00410	AT4G19185.1	0.046
ostta03g00420	AT1G17330.1	1.20e-54
ostta03g00430	AT4G26160.1	1.61e-10
ostta03g00440	AT3G08840.7	0.007
ostta03g00450	AT1G79470.1	1.7
ostta03g00460	AT5G39910.1	1.6
ostta03g00470	AT3G50370.2	0.074
ostta03g00470	AT3G50370.2	6.3
ostta03g00480	AT5G67530.1	1.34e-147
ostta03g00490	AT1G20580.1	4.88e-48
ostta03g00500	AT1G11755.1	6.26e-04
ostta03g00510	AT2G17780.7	0.20
ostta03g00520	AT1G80860.2	0.15
ostta03g00530	AT3G50370.1	0.088
ostta03g00530	AT3G50370.1	7.5
ostta03g00540	AT5G14100.1	4.55e-56
ostta03g00550	AT3G52155.3	6.54e-26
ostta03g00560	AT5G16020.1	5.9
ostta03g00570	AT4G38930.4	9.21e-18
ostta03g00580	AT4G00026.1	2.53e-30
ostta03g00590	AT1G05030.1	7.36e-04
ostta03g00600	AT2G36720.2	2.4
ostta03g00610	AT2G38050.1	8.83e-33
ostta03g00620	AT5G33320.1	7.87e-118
ostta03g00630	AT2G10553.1	0.47
ostta03g00640	AT3G27925.2	8.77e-137
ostta03g00650	AT2G35660.1	3.07e-15
ostta03g00655	AT1G13580.3	1.65e-26
ostta03g00660	AT2G36460.1	2.58e-135
ostta03g00670	AT2G33730.1	3.7
ostta03g00680	AT1G19730.1	6.96e-24
ostta03g00690	AT3G05060.1	0.0
ostta03g00700	AT2G43080.1	3.45e-25
ostta03g00710	AT2G26780.2	0.0
ostta03g00710	AT2G26780.2	3.92e-12
ostta03g00720	AT1G71390.1	0.47
ostta03g00730	AT5G04120.1	2.68e-29
ostta03g00740	AT1G10510.1	6.10e-137
ostta03g00740	AT1G10510.1	2.55e-33
ostta03g00740	AT1G10510.1	1.95e-21
ostta03g00750	AT3G07670.2	6.41e-15
ostta03g00760	AT5G41315.3	3.09e-06
ostta03g00770	AT3G60240.4	4.12e-93
ostta03g00770	AT3G60240.4	0.007
ostta03g00780	AT5G14580.1	2.95e-133
ostta03g00790	AT4G21670.1	9.84e-34
ostta03g00800	AT3G26390.1	1.8
ostta03g00810	AT5G51290.2	4.9
ostta03g00820	AT1G80460.1	5.13e-171
ostta03g00830	AT4G33680.1	2.09e-173
ostta03g00840	AT1G72650.1	1.60e-19
ostta03g00840	AT1G72650.1	4.0
ostta03g00850	AT5G27820.1	9.39e-14
ostta03g00860	AT3G55340.1	0.001
ostta03g00860	AT3G55340.1	0.015
ostta03g00870	AT5G03650.1	0.0
ostta03g00880	AT2G07050.1	0.0
ostta03g00887	AT1G27385.2	3.88e-15
ostta03g00890	AT5G17780.2	7.4
ostta03g00900	AT3G06580.1	6.3
ostta03g00910	AT1G02630.1	6.8
ostta03g00920	AT4G13930.1	0.0
ostta03g00930	AT3G47930.2	8.02e-11
ostta03g00940	AT5G18525.1	8.00e-68
ostta03g00940	AT5G18525.1	6.01e-11
ostta03g00950	AT5G35460.2	2.52e-38
ostta03g00960	AT3G04710.1	2.10e-16
ostta03g00960	AT3G04710.1	2.47e-10
ostta03g00960	AT3G04710.1	1.87e-09
ostta03g00960	AT3G04710.1	1.8
ostta03g00970	AT2G29530.2	8.09e-31
ostta03g00980	AT5G20380.1	8.86e-141
ostta03g00990	AT5G58300.3	0.78
ostta03g01000	AT1G25375.1	1.40e-07
ostta03g01010	AT3G18370.1	8.1
ostta03g01020	AT5G62300.2	1.49e-64
ostta03g01030	AT3G25860.1	1.70e-120
ostta03g01040	AT5G54390.1	5.19e-104
ostta03g01050	AT5G50280.1	2.9
ostta03g01060	AT5G59210.1	0.91
ostta03g01070	AT2G29540.2	1.57e-19
ostta03g01080	AT4G04330.1	7.57e-13
ostta03g01090	AT5G53430.1	5.28e-48
ostta03g01090	AT5G53430.1	1.87e-36
ostta03g01090	AT5G53430.1	3.00e-22
ostta03g01090	AT5G53430.1	0.001
ostta03g01090	AT5G53430.1	1.0
ostta03g01100	AT4G17570.3	4.89e-10
ostta03g01110	AT2G37290.1	8.93e-33
ostta03g01120	AT4G02120.2	0.45
ostta03g01130	ATCG00120.1	1.74e-26
ostta03g01140	AT3G15080.1	2.16e-57
ostta03g01150	AT5G19990.3	0.0
ostta03g01160	AT3G54470.1	0.0
ostta03g01170	AT3G13120.3	3.13e-44
ostta03g01180	AT4G33950.1	4.54e-132
ostta03g01190	AT4G10070.1	1.25e-05
ostta03g01200	AT4G13330.4	1.09e-07
ostta03g01210	AT2G43940.1	1.14e-37
ostta03g01220	AT2G07698.1	0.17
ostta03g01240	AT2G42465.1	0.96
ostta03g01250	AT4G10930.2	0.008
ostta03g01260	AT5G24970.3	3.73e-123
ostta03g01270	AT4G27700.1	6.61e-12
ostta03g01280	AT2G30160.1	1.18e-23
ostta03g01280	AT2G30160.1	9.29e-12
ostta03g01280	AT2G30160.1	5.47e-09
ostta03g01290	AT3G27580.2	8.6
ostta03g01300	AT3G17470.2	2.10e-79
ostta03g01310	AT1G17790.1	0.064
ostta03g01320	AT5G10240.1	0.0
ostta03g01330	AT2G24210.1	0.66
ostta03g01340	AT2G29710.1	0.52
ostta03g01350	AT3G10460.1	3.4
ostta03g01360	AT3G10800.1	0.034
ostta03g01370	AT3G45770.1	4.21e-60
ostta03g01380	AT5G63830.1	3.28e-31
ostta03g01390	AT1G71110.1	2.46e-15
ostta03g01400	AT3G01790.2	1.38e-43
ostta03g01410	AT1G12230.2	3.33e-04
ostta03g01420	AT5G11110.1	0.29
ostta03g01430	AT4G13235.1	1.6
ostta03g01440	AT1G18060.1	7.19e-23
ostta03g01450	AT3G29050.2	0.064
ostta03g01460	AT3G49180.1	4.13e-04
ostta03g01470	AT1G24510.1	0.0
ostta03g01490	AT5G47910.1	0.12
ostta03g01500	AT4G00231.1	6.22e-14
ostta03g01510	AT4G04910.1	0.0
ostta03g01520	AT5G19750.1	1.76e-54
ostta03g01525	AT1G71010.1	0.23
ostta03g01530	AT3G14172.1	0.068
ostta03g01540	AT5G65250.1	3.45e-04
ostta03g01550	AT5G07020.1	0.003
ostta03g01560	AT5G58240.1	1.51e-52
ostta03g01570	AT1G34220.2	3.93e-24
ostta03g01580	AT3G10370.1	0.0
ostta03g01590	AT1G18260.1	2.39e-14
ostta03g01590	AT1G18260.1	9.66e-11
ostta03g01590	AT1G18260.1	1.30e-04
ostta03g01590	AT1G18260.1	0.49
ostta03g01600	AT2G01250.1	7.35e-116
ostta03g01610	AT3G12140.2	1.91e-18
ostta03g01620	AT3G26400.1	9.7
ostta03g01630	AT5G57030.1	3.3
ostta03g01635	AT1G76300.1	2.89e-06
ostta03g01640	AT5G60790.1	1.92e-51
ostta03g01640	AT5G60790.1	3.36e-16
ostta03g01650	AT5G20140.1	0.086
ostta03g01660	AT5G54140.1	0.51
ostta03g01670	AT2G33340.2	5.57e-142
ostta03g01680	AT1G10930.1	3.60e-144
ostta03g01690	AT1G30630.1	2.21e-55
ostta03g01700	AT4G01880.3	0.24
ostta03g01710	AT5G17630.1	2.94e-127
ostta03g01720	AT5G62710.2	9.5
ostta03g01730	AT1G72100.1	0.86
ostta03g01740	AT5G11350.2	2.5
ostta03g01750	AT5G05920.2	6.0
ostta03g01760	AT1G40083.1	0.24
ostta03g01770	AT1G22850.2	1.09e-22
ostta03g01780	AT5G04130.1	0.0
ostta03g01790	AT1G03340.1	0.35
ostta03g01800	AT5G08660.2	1.1
ostta03g01810	AT5G43970.1	9.37e-14
ostta03g01820	AT4G17520.1	1.08e-11
ostta03g01830	AT2G43770.1	1.20e-06
ostta03g01830	AT2G43770.1	0.063
ostta03g01830	AT2G43770.1	2.5
ostta03g01840	AT2G35035.1	2.08e-30
ostta03g01850	AT5G10200.3	1.1
ostta03g01860	AT4G27680.1	1.37e-149
ostta03g01870	AT1G73060.1	0.033
ostta03g01880	AT3G49640.1	6.67e-110
ostta03g01890	AT1G60490.1	0.0
ostta03g01900	AT1G53490.1	2.19e-14
ostta03g01910	AT1G17530.2	1.39e-33
ostta03g01920	AT3G02730.1	1.12e-06
ostta03g01930	AT1G18700.2	2.05e-10
ostta03g01940	AT1G33520.1	4.34e-29
ostta03g01950	AT1G29760.1	8.76e-15
ostta03g01960	AT3G12760.1	8.51e-61
ostta03g01970	AT1G64650.1	0.0
ostta03g01980	AT5G47110.1	3.27e-52
ostta03g01990	AT1G56310.2	6.99e-24
ostta03g02000	AT3G24560.2	6.24e-05
ostta03g02010	AT1G76065.1	1.32e-04
ostta03g02020	AT5G50330.1	5.87e-34
ostta03g02030	AT4G27500.2	9.16e-05
ostta03g02040	AT4G18050.2	1.5
ostta03g02050	AT4G35760.1	1.95e-17
ostta03g02060	AT4G30990.1	0.20
ostta03g02070	AT4G26410.1	3.64e-15
ostta03g02080	AT1G77090.1	2.39e-11
ostta03g02090	AT4G09850.1	0.78
ostta03g02100	AT1G17220.1	0.0
ostta03g02110	AT2G27230.2	6.1
ostta03g02120	AT3G02930.2	0.66
ostta03g02130	AT1G15080.1	1.77e-47
ostta03g02140	AT1G17460.3	2.46e-09
ostta03g02150	AT3G46210.7	1.25e-15
ostta03g02160	AT5G16770.2	0.19
ostta03g02170	AT1G50120.1	1.10e-06
ostta03g02180	AT4G24840.1	2.04e-110
ostta03g02190	AT4G04720.2	0.029
ostta03g02200	AT5G04510.2	6.40e-67
ostta03g02210	AT2G34260.1	4.65e-74
ostta03g02220	AT5G57390.2	3.40e-59
ostta03g02230	AT2G28800.1	1.31e-112
ostta03g02240	AT4G10080.1	0.25
ostta03g02250	AT5G65750.1	0.0
ostta03g02260	AT3G48500.2	2.8
ostta03g02270	AT5G27620.1	2.94e-47
ostta03g02275	AT2G44525.1	1.96e-29
ostta03g02280	AT5G59250.1	5.30e-113
ostta03g02290	AT5G12030.1	0.010
ostta03g02300	AT5G65720.3	0.0
ostta03g02310	AT3G07030.1	7.24e-06
ostta03g02320	AT5G14850.3	1.14e-08
ostta03g02330	AT5G07910.1	1.32e-36
ostta03g02340	AT3G09720.2	2.44e-145
ostta03g02350	AT4G31160.1	0.64
ostta03g02360	AT2G02560.2	0.0
ostta03g02370	AT1G17850.2	6.28e-100
ostta03g02380	AT2G23350.1	1.11e-18
ostta03g02380	AT2G23350.1	1.39e-17
ostta03g02380	AT2G23350.1	2.31e-13
ostta03g02390	AT4G17190.1	3.22e-119
ostta03g02400	AT1G61000.1	1.46e-09
ostta03g02410	AT2G43970.1	1.52e-27
ostta03g02420	AT3G59980.1	2.80e-40
ostta03g02430	AT5G19680.1	1.45e-04
ostta03g02440	AT5G41610.3	0.49
ostta03g02450	AT4G17270.1	2.90e-74
ostta03g02470	AT3G58610.3	0.0
ostta03g02480	AT3G59410.5	0.003
ostta03g02490	AT4G32570.2	0.54
ostta03g02500	AT5G46800.3	3.14e-44
ostta03g02500	AT5G46800.3	2.06e-12
ostta03g02500	AT5G46800.3	6.26e-09
ostta03g02500	AT5G46800.3	6.85e-09
ostta03g02510	AT1G51730.1	9.41e-29
ostta03g02520	AT3G09340.1	3.75e-07
ostta03g02530	AT1G60080.1	3.62e-41
ostta03g02540	AT3G16310.1	7.97e-13
ostta03g02550	AT1G06390.2	0.53
ostta03g02560	AT3G03070.1	1.71e-09
ostta03g02570	AT5G36880.2	0.0
ostta03g02580	AT5G21222.4	1.29e-15
ostta03g02580	AT5G21222.4	1.82e-06
ostta03g02580	AT5G21222.4	1.8
ostta03g02590	AT5G19760.1	3.98e-21
ostta03g02600	AT1G73240.1	1.36e-08
ostta03g02610	AT3G21300.1	1.18e-10
ostta03g02620	AT5G10620.2	2.87e-50
ostta03g02630	AT2G41460.4	7.81e-60
ostta03g02640	AT2G27320.1	3.8
ostta03g02650	AT3G15460.1	3.27e-84
ostta03g02660	AT1G79710.2	0.50
ostta03g02670	AT5G25270.1	2.02e-09
ostta03g02680	AT1G18600.1	1.10e-36
ostta03g02690	AT2G31490.1	3.95e-14
ostta03g02700	AT1G23770.1	9.20e-05
ostta03g02710	AT4G33970.1	0.28
ostta03g02710	AT4G33970.1	0.71
ostta03g02710	AT4G33970.1	3.9
ostta03g02710	AT4G33970.1	8.2
ostta03g02710	AT4G33970.1	9.6
ostta03g02720	AT5G14430.1	0.057
ostta03g02730	AT1G16310.1	2.22e-109
ostta03g02740	AT3G56660.1	6.46e-14
ostta03g02750	AT1G66810.3	1.69e-25
ostta03g02750	AT1G66810.3	0.13
ostta03g02750	AT1G66810.3	0.31
ostta03g02760	AT4G29910.1	1.14e-37
ostta03g02770	AT5G10360.1	2.48e-121
ostta03g02780	AT2G07815.1	4.7
ostta03g02790	AT1G26830.1	0.0
ostta03g02800	AT2G27610.1	0.12
ostta03g02810	AT5G27330.1	0.087
ostta03g02820	AT4G13430.1	4.03e-60
ostta03g02825	AT3G11630.1	4.71e-79
ostta03g02830	AT1G17290.1	0.0
ostta03g02840	AT1G22660.4	8.24e-114
ostta03g02850	AT2G47300.4	5.54e-20
ostta03g02860	AT1G14610.1	0.0
ostta03g02870	AT1G69060.1	2.06e-09
ostta03g02880	AT2G20140.1	0.0
ostta03g02890	AT2G37660.1	0.003
ostta03g02910	AT3G50370.2	2.7
ostta03g02920	AT5G15860.1	5.49e-25
ostta03g02925	AT2G20890.1	3.12e-55
ostta03g02930	AT3G12930.1	1.8
ostta03g02940	AT1G67600.1	2.76e-56
ostta03g02950	AT4G16570.1	1.02e-18
ostta03g02950	AT4G16570.1	0.001
ostta03g02960	AT2G33450.1	2.43e-22
ostta03g02970	AT4G23710.1	8.28e-12
ostta03g02980	AT1G49010.1	1.24e-54
ostta03g03000	AT1G72090.1	0.0
ostta03g03010	AT5G13830.1	3.54e-41
ostta03g03015	AT3G08740.1	9.29e-65
ostta03g03020	AT5G04040.2	0.56
ostta03g03030	AT5G15070.3	0.0
ostta03g03030	AT5G15070.3	3.0
ostta03g03040	AT2G46210.1	1.23e-06
ostta03g03050	AT1G08490.1	0.0
ostta03g03060	AT1G77800.1	3.87e-18
ostta03g03060	AT1G77800.1	1.63e-08
ostta03g03070	AT2G27760.1	1.82e-61
ostta03g03080	AT1G18180.2	6.91e-42
ostta03g03090	AT3G55760.3	9.90e-59
ostta03g03100	AT5G18570.1	9.17e-116
ostta03g03110	AT5G12330.2	0.61
ostta03g03120	AT2G35530.1	1.86e-12
ostta03g03130	AT3G20050.1	0.0
ostta03g03140	AT1G75200.1	0.0
ostta03g03150	AT3G29200.1	0.13
ostta03g03160	AT1G03475.1	5.58e-162
ostta03g03170	AT3G60600.3	4.72e-33
ostta03g03180	AT3G23920.1	1.11e-160
ostta03g03190	AT3G52600.1	0.34
ostta03g03200	AT3G06910.1	3.29e-51
ostta03g03210	AT5G03555.1	2.23e-21
ostta03g03220	AT2G35120.1	2.2
ostta03g03230	AT1G51470.1	2.0
ostta03g03240	AT3G04770.2	2.74e-119
ostta03g03250	AT5G02280.1	5.32e-45
ostta03g03260	AT4G35630.1	7.88e-146
ostta03g03270	AT4G21770.1	1.56e-35
ostta03g03280	AT4G17370.2	1.4
ostta03g03290	AT2G36300.1	1.45e-42
ostta03g03300	AT4G31985.1	4.05e-23
ostta03g03310	AT5G64130.1	1.03e-04
ostta03g03320	AT1G58030.1	4.6
ostta03g03330	AT5G41740.3	0.51
ostta03g03340	AT2G36130.1	3.22e-75
ostta03g03350	AT4G20410.1	2.09e-41
ostta03g03360	AT5G43010.1	0.0
ostta03g03370	AT1G65610.1	3.4
ostta03g03380	AT3G02260.4	2.95e-113
ostta03g03380	AT3G02260.4	1.27e-71
ostta03g03380	AT3G02260.4	1.46e-37
ostta03g03390	AT4G20400.1	1.10e-115
ostta03g03400	AT5G50915.2	0.63
ostta03g03410	AT4G38230.2	0.0
ostta03g03420	AT3G25220.1	5.23e-17
ostta03g03430	AT5G20510.1	0.003
ostta03g03440	AT2G26390.1	1.6
ostta03g03450	AT1G04340.1	2.38e-14
ostta03g03460	AT5G61790.1	6.04e-121
ostta03g03470	AT4G26230.1	0.20
ostta03g03480	AT2G31050.1	5.1
ostta03g03490	AT2G37970.1	4.07e-34
ostta03g03500	AT5G13410.1	6.32e-37
ostta03g03510	AT2G34460.1	3.31e-10
ostta03g03520	AT3G03960.1	0.0
ostta03g03530	AT2G22430.1	3.4
ostta03g03540	AT4G38000.1	8.0
ostta03g03550	AT1G10510.1	2.18e-25
ostta03g03550	AT1G10510.1	3.78e-25
ostta03g03550	AT1G10510.1	1.81e-23
ostta03g03550	AT1G10510.1	5.91e-22
ostta03g03550	AT1G10510.1	5.14e-09
ostta03g03560	AT1G73280.2	0.052
ostta03g03570	AT5G10250.2	3.7
ostta03g03580	AT2G37550.2	1.03e-36
ostta03g03590	AT1G59725.1	4.92e-20
ostta03g03600	AT4G16310.5	2.60e-130
ostta03g03610	AT4G16440.1	2.53e-117
ostta03g03620	AT3G14680.1	7.87e-45
ostta03g03640	AT3G09320.1	9.44e-64
ostta03g03650	AT3G04240.1	4.81e-13
ostta03g03650	AT3G04240.1	0.022
ostta03g03650	AT3G04240.1	0.023
ostta03g03660	AT2G40140.2	0.002
ostta03g03670	AT1G21760.1	6.25e-40
ostta03g03680	AT5G56900.2	9.42e-72
ostta03g03690	AT1G80950.1	1.3
ostta03g03700	AT2G21770.1	1.2
ostta03g03710	AT5G22150.1	7.4
ostta03g03720	AT3G53470.1	0.001
ostta03g03730	AT2G39250.2	2.06e-09
ostta03g03740	AT5G25080.1	1.25e-09
ostta03g03750	AT1G06570.1	7.95e-148
ostta03g03760	AT4G32630.2	1.55e-26
ostta03g03770	AT5G47090.2	1.44e-09
ostta03g03780	AT3G54670.1	0.0
ostta03g03790	AT4G35380.2	9.6
ostta03g03800	AT3G20680.1	6.53e-15
ostta03g03810	AT3G50050.1	4.7
ostta03g03820	AT1G16210.1	4.13e-19
ostta03g03825	AT3G16190.1	1.37e-07
ostta03g03830	AT5G13710.2	2.58e-132
ostta03g03840	AT3G50370.1	0.049
ostta03g03850	AT5G24670.5	3.38e-27
ostta03g03850	AT5G24670.5	0.014
ostta03g03860	AT3G23940.1	0.0
ostta03g03870	AT2G45240.1	7.22e-135
ostta03g03880	AT2G04790.15	2.35e-13
ostta03g03890	AT5G06550.1	3.35e-121
ostta03g03900	AT2G44990.1	4.04e-19
ostta03g03910	AT1G08940.1	1.62e-66
ostta03g03920	AT1G48530.1	3.7
ostta03g03930	AT1G02280.2	9.45e-66
ostta03g03940	AT1G47490.1	1.29e-42
ostta03g03940	AT1G47490.1	2.15e-19
ostta03g03940	AT1G47490.1	1.98e-08
ostta03g03940	AT1G47490.1	0.002
ostta03g03950	AT2G45310.1	8.31e-41
ostta03g03960	AT4G07950.1	1.01e-23
ostta03g03970	AT5G08390.1	2.07e-04
ostta03g03980	AT3G13330.1	2.76e-75
ostta03g03980	AT3G13330.1	2.35e-28
ostta03g03990	AT1G03365.2	0.75
ostta03g04000	AT3G20710.1	1.8
ostta03g04010	AT5G10160.1	1.73e-70
ostta03g04020	AT3G52940.1	1.58e-73
ostta03g04025	AT3G44510.3	2.96e-07
ostta03g04030	AT5G63920.1	0.0
ostta03g04040	AT5G57210.2	4.04e-22
ostta03g04050	AT4G21070.1	6.3
ostta03g04060	AT5G26180.5	1.07e-91
ostta03g04070	AT2G16460.2	3.5
ostta03g04080	AT5G19050.1	4.40e-32
ostta03g04090	AT4G16310.5	0.99
ostta03g04100	AT1G47330.1	2.0
ostta03g04110	AT1G08930.2	2.0
ostta03g04120	AT3G08860.1	0.62
ostta03g04130	AT1G24610.1	6.11e-10
ostta03g04140	AT4G29380.1	3.84e-73
ostta03g04140	AT4G29380.1	1.10e-55
ostta03g04140	AT4G29380.1	1.36e-43
ostta03g04150	AT2G01350.4	4.67e-120
ostta03g04160	AT2G35770.1	3.2
ostta03g04170	AT2G33540.2	7.65e-69
ostta03g04180	AT1G69700.1	4.28e-06
ostta03g04180	AT1G69700.1	0.001
ostta03g04190	AT4G17070.1	1.34e-17
ostta03g04200	AT1G30825.1	7.32e-55
ostta03g04210	AT3G55360.1	1.92e-118
ostta03g04220	AT5G56740.1	1.61e-32
ostta03g04230	AT5G41360.2	0.0
ostta03g04240	AT1G78070.2	3.3
ostta03g04250	AT5G55040.2	2.02e-13
ostta03g04260	ATCG00380.1	0.059
ostta03g04270	AT3G15880.4	0.91
ostta03g04280	AT3G20000.1	1.51e-118
ostta03g04290	AT1G26910.1	5.41e-112
ostta03g04300	AT1G56310.2	2.70e-19
ostta03g04310	AT2G02410.1	8.63e-16
ostta03g04320	AT4G01100.1	1.96e-122
ostta03g04330	AT4G34870.1	6.07e-81
ostta03g04335	AT2G35555.1	0.42
ostta03g04340	AT4G14210.3	2.54e-12
ostta03g04345	AT3G50370.1	0.005
ostta03g04350	AT5G61640.2	0.052
ostta03g04360	AT1G31812.1	0.18
ostta03g04370	AT3G21480.1	0.017
ostta03g04380	AT1G33040.1	5.73e-40
ostta03g04390	AT4G24350.3	1.0
ostta03g04400	AT5G47420.1	3.1
ostta03g04410	AT5G56130.1	3.33e-68
ostta03g04420	AT5G59190.1	4.5
ostta03g04430	AT1G71840.1	5.18e-92
ostta03g04430	AT1G71840.1	5.94e-12
ostta03g04430	AT1G71840.1	0.12
ostta03g04440	AT3G20970.1	7.25e-84
ostta03g04450	AT5G50210.1	1.5
ostta03g04460	AT4G35760.1	5.98e-06
ostta03g04470	AT3G48200.1	5.6
ostta03g04500	AT3G21280.2	6.0
ostta03g04510	AT2G42740.1	1.50e-96
ostta03g04520	AT1G09000.2	2.8
ostta03g04530	AT4G27720.1	1.88e-55
ostta03g04540	AT5G01530.1	6.69e-27
ostta03g04550	AT5G01530.1	6.69e-27
ostta03g04560	AT5G14260.3	4.50e-22
ostta03g04570	AT2G35450.1	6.44e-10
ostta03g04580	AT2G35450.1	3.75e-12
ostta03g04590	AT5G19210.2	3.22e-22
ostta03g04610	AT1G78620.1	1.30e-69
ostta03g04620	AT3G06860.1	0.0
ostta03g04630	AT2G34090.2	9.4
ostta03g04635	AT3G13410.1	0.003
ostta03g04640	AT2G41380.1	0.48
ostta03g04650	AT5G04250.2	6.22e-53
ostta03g04660	AT3G08505.3	1.59e-40
ostta03g04660	AT3G08505.3	0.005
ostta03g04670	AT3G25900.1	9.98e-11
ostta03g04670	AT3G25900.1	9.98e-11
ostta03g04680	AT1G55900.1	1.91e-67
ostta03g04690	AT4G16360.1	2.09e-66
ostta03g04700	AT3G63340.7	1.38e-74
ostta03g04710	AT1G25270.1	3.3
ostta03g04720	AT2G37540.1	6.32e-40
ostta03g04730	AT2G35920.2	0.0
ostta03g04740	AT3G05625.1	7.80e-42
ostta03g04750	AT3G10670.1	5.62e-110
ostta03g04760	AT2G05590.2	5.90e-26
ostta03g04770	AT3G24315.1	2.1
ostta03g04780	AT3G60630.1	0.59
ostta03g04790	AT1G76810.1	0.0
ostta03g04800	AT5G03160.1	9.01e-11
ostta03g04810	AT2G24060.1	1.94e-43
ostta03g04820	AT1G49900.1	0.32
ostta03g04830	AT5G67270.1	5.06e-12
ostta03g04840	AT3G25940.1	5.21e-11
ostta03g04860	AT3G22104.1	1.4
ostta03g04870	AT1G09580.1	2.35e-38
ostta03g04880	AT2G18240.2	1.4
ostta03g04890	AT3G45100.3	1.81e-136
ostta03g04900	AT1G10130.1	0.0
ostta03g04920	AT1G19150.1	5.45e-28
ostta03g04930	AT3G07670.1	5.14e-16
ostta03g04940	AT4G00830.6	1.65e-24
ostta03g04950	AT2G42220.1	0.10
ostta03g04960	AT1G51460.1	3.7
ostta03g04970	AT3G02320.1	7.94e-73
ostta03g04980	AT1G55250.3	9.28e-05
ostta03g04980	AT1G55250.3	0.14
ostta03g05000	AT1G15730.1	5.57e-10
ostta03g05010	AT5G57450.2	9.83e-44
ostta03g05020	AT5G19180.1	1.12e-163
ostta03g05030	AT2G35610.1	1.46e-92
ostta03g05040	AT4G02790.1	7.90e-38
ostta03g05050	AT5G67290.1	8.77e-55
ostta03g05060	AT5G53000.1	1.95e-18
ostta03g05070	AT1G02170.1	0.82
ostta03g05080	AT3G19630.1	1.37e-88
ostta03g05090	AT1G48090.6	4.59e-78
ostta03g05090	AT1G48090.6	1.75e-73
ostta03g05090	AT1G48090.6	1.32e-64
ostta03g05090	AT1G48090.6	1.85e-04
ostta03g05090	AT1G48090.6	0.009
ostta03g05100	AT5G59610.4	1.47e-35
ostta03g05110	AT5G46300.1	0.39
ostta03g05120	AT3G24320.1	0.0
ostta03g05130	AT5G35640.1	9.6
ostta03g05140	AT1G64550.1	1.62e-132
ostta03g05140	AT1G64550.1	3.00e-09
ostta03g05145	AT2G31170.1	1.23e-54
ostta03g05145	AT2G31170.1	9.87e-17
ostta03g05150	AT5G26680.1	1.2
ostta03g05160	AT3G48770.2	0.39
ostta03g05170	AT3G06580.1	0.66
ostta03g05180	AT1G14330.1	5.81e-08
ostta03g05180	AT1G14330.1	1.8
ostta03g05190	AT2G30170.1	1.99e-53
ostta03g05200	AT3G05130.1	3.5
ostta03g05205	AT3G48530.1	1.50e-07
ostta03g05210	AT4G03260.4	9.33e-09
ostta03g05210	AT4G03260.4	0.006
ostta03g05220	AT1G10865.1	5.67e-19
ostta03g05230	AT4G28030.1	1.42e-10
ostta03g05240	AT1G67170.2	0.062
ostta03g05250	AT2G18320.1	5.4
ostta03g05260	AT3G44830.1	0.49
ostta03g05270	AT1G79280.1	0.64
ostta03g05280	AT5G48790.1	6.72e-49
ostta03g05290	AT4G31040.1	1.66e-30
ostta03g05300	AT5G05010.2	2.57e-87
ostta03g05300	AT5G05010.2	1.20e-67
ostta03g05310	AT1G66345.1	0.61
ostta03g05320	AT4G20330.1	6.07e-18
ostta03g05330	AT2G21860.1	8.67e-04
ostta03g05340	AT5G10890.2	6.8
ostta03g05350	AT5G01920.2	0.014
ostta03g05360	AT1G19370.1	0.41
ostta03g05370	AT2G40430.3	6.39e-08
ostta03g05380	AT1G78010.1	5.96e-52
ostta03g05390	AT1G79940.3	1.39e-113
ostta03g05400	AT5G10370.1	0.21
ostta03g05410	AT5G60670.1	7.19e-90
ostta03g05420	AT5G01920.2	5.69e-63
ostta03g05430	AT5G64970.1	2.47e-66
ostta03g05435	AT2G34300.3	0.042
ostta03g05440	AT1G16040.2	1.33e-07
ostta03g05450	AT1G79350.1	4.30e-99
ostta03g05450	AT1G79350.1	4.33e-83
ostta03g05460	AT4G28740.1	2.12e-08
ostta03g05470	AT5G50870.1	2.2
ostta03g05480	AT5G60340.1	1.90e-37
ostta03g05490	AT3G10850.1	7.27e-55
ostta03g05500	AT3G55800.1	1.61e-74
ostta03g05510	AT3G56010.1	0.84
ostta03g05520	AT5G47820.2	0.70
ostta03g05530	AT4G39100.1	2.05e-53
ostta03g05540	AT5G62560.1	5.80e-06
ostta03g05540	AT5G62560.1	3.0
ostta03g05550	AT1G09610.1	6.9
ostta03g05560	AT5G24740.5	4.06e-05
ostta03g05560	AT5G24740.5	6.46e-04
ostta03g05560	AT5G24740.5	0.025
ostta03g05570	AT4G31530.1	2.5
ostta03g05580	AT3G27180.1	2.41e-63
ostta03g05590	AT1G13560.1	4.38e-25
ostta03g05600	AT5G51880.1	2.05e-09
ostta03g05610	AT1G67080.1	8.82e-16
ostta03g05620	AT1G12370.2	6.60e-173
ostta03g05630	AT2G44990.3	4.15e-21
ostta03g05640	AT5G16150.3	2.22e-101
ostta03g05650	AT3G01740.1	2.85e-09
ostta03g05660	AT1G55140.1	2.5
ostta03g05670	AT2G03120.1	3.29e-21
ostta03g05670	AT2G03120.1	0.16
ostta03g05675	AT4G28710.1	0.21
ostta03g05680	AT1G21660.1	1.40e-28
ostta03g05690	AT5G16860.1	0.026
ostta03g05700	AT1G70320.1	0.91
ostta03g05710	AT4G35560.2	7.93e-08
ostta03g05710	AT4G35560.2	3.61e-04
ostta03g05715	AT1G49880.1	2.26e-23
ostta03g05720	AT5G63860.1	6.06e-35
ostta03g05720	AT5G63860.1	3.03e-20
ostta03g05720	AT5G63860.1	1.21e-15
ostta03g05720	AT5G63860.1	3.40e-06
ostta03g05720	AT5G63860.1	0.003
ostta03g05730	AT3G56200.1	1.68e-20
ostta03g05740	AT1G16870.1	1.72e-20
ostta03g05750	AT5G14660.3	2.65e-65
ostta03g05760	AT5G14320.1	2.03e-43
ostta03g05770	AT2G31900.4	1.4
ostta03g05780	AT5G33280.1	4.20e-70
ostta03g05790	AT3G48140.1	7.35e-15
ostta03g05800	AT3G07670.1	2.26e-09
ostta03g05810	AT5G39770.1	4.68e-18
ostta03g05820	AT3G13782.2	6.6
ostta03g05830	AT3G01060.1	4.51e-08
ostta03g05840	AT1G49940.1	2.0
ostta03g05850	AT2G47470.2	3.90e-21
ostta03g05860	AT4G24630.1	2.85e-18
ostta03g05870	AT3G03610.3	3.50e-58
ostta03g05880	AT4G28360.1	3.37e-27
ostta03g05885	AT3G55080.4	5.38e-06
ostta03g05890	AT3G10300.3	4.3
ostta03g05900	AT1G65420.1	3.23e-04
ostta03g05910	AT5G62530.1	0.0
ostta03g05920	AT5G08300.1	0.0
ostta03g05930	AT1G32220.1	1.26e-16
ostta03g05940	AT1G73603.1	0.062
ostta03g05950	AT1G21190.1	8.08e-04
ostta03g05960	AT4G29330.2	2.30e-59
ostta03g05970	AT5G52980.1	0.002
ostta03g05980	AT5G08110.2	0.43
ostta03g05990	AT4G33050.3	1.2
ostta03g06000	AT5G59120.1	2.0
ostta03g06010	AT1G69020.2	4.97e-09
ostta03g06020	AT5G40850.1	0.52
ostta03g06030	AT1G48090.6	0.001
ostta04g00010	AT1G26890.1	1.6
ostta04g00015	AT1G68300.1	2.40e-09
ostta04g00020	AT4G20350.7	6.14e-20
ostta04g00030	AT3G54230.2	1.42e-13
ostta04g00040	AT3G19670.3	3.53e-06
ostta04g00040	AT3G19670.3	8.35e-04
ostta04g00050	AT5G52180.1	0.036
ostta04g00060	AT2G44140.4	5.75e-52
ostta04g00070	AT1G71500.1	4.52e-39
ostta04g00080	AT5G61060.1	1.13e-30
ostta04g00090	AT4G29060.1	1.26e-159
ostta04g00090	AT4G29060.1	9.22e-74
ostta04g00090	AT4G29060.1	8.16e-24
ostta04g00100	AT5G21920.1	3.31e-39
ostta04g00110	AT3G48750.1	3.64e-146
ostta04g00120	AT3G61140.1	1.26e-94
ostta04g00125	AT3G28480.1	2.12e-75
ostta04g00130	AT1G55480.1	0.79
ostta04g00150	AT1G14930.1	2.7
ostta04g00160	AT3G61780.1	0.037
ostta04g00170	AT5G42480.2	1.32e-51
ostta04g00170	AT5G42480.2	0.58
ostta04g00180	AT1G73320.1	6.71e-14
ostta04g00190	AT4G12620.1	1.10e-06
ostta04g00200	AT2G39810.1	0.47
ostta04g00220	AT5G13530.1	0.47
ostta04g00230	AT4G00290.1	3.43e-13
ostta04g00240	AT3G59050.1	9.45e-21
ostta04g00250	AT3G09320.1	8.77e-27
ostta04g00260	AT1G01750.1	1.75e-34
ostta04g00270	AT1G11890.1	2.5
ostta04g00280	AT2G03430.1	2.10e-08
ostta04g00280	AT2G03430.1	7.41e-08
ostta04g00280	AT2G03430.1	4.39e-07
ostta04g00290	AT2G02700.1	7.3
ostta04g00300	AT4G02610.1	4.52e-105
ostta04g00310	AT1G49975.1	0.001
ostta04g00320	AT4G17150.4	2.9
ostta04g00330	AT4G18375.3	0.11
ostta04g00340	AT5G09470.1	0.031
ostta04g00350	AT3G02450.1	1.96e-10
ostta04g00360	AT2G20180.6	1.6
ostta04g00365	AT5G60640.3	4.14e-16
ostta04g00365	AT5G60640.3	1.54e-07
ostta04g00370	AT2G40140.2	2.03e-73
ostta04g00380	AT2G22480.1	7.55e-150
ostta04g00390	AT5G49010.1	9.53e-23
ostta04g00400	AT5G49030.3	0.0
ostta04g00420	AT3G03773.3	3.90e-19
ostta04g00430	AT5G14640.2	5.32e-171
ostta04g00440	AT2G34460.1	2.10e-16
ostta04g00450	AT2G07690.1	0.0
ostta04g00460	AT2G28620.1	1.41e-163
ostta04g00470	AT5G46210.1	0.0
ostta04g00480	AT1G31360.8	1.21e-81
ostta04g00490	AT2G23530.1	3.04e-23
ostta04g00500	AT3G57880.4	4.86e-47
ostta04g00510	AT1G17720.2	0.0
ostta04g00520	AT2G03980.4	4.0
ostta04g00530	AT5G45160.1	2.03e-166
ostta04g00540	AT2G04360.1	3.88e-13
ostta04g00550	AT1G23360.1	9.72e-11
ostta04g00560	AT5G62410.1	0.0
ostta04g00570	AT4G11690.1	9.53e-25
ostta04g00570	AT4G11690.1	1.05e-04
ostta04g00580	AT1G67170.2	2.6
ostta04g00590	AT5G07590.4	5.7
ostta04g00600	AT5G44500.2	1.62e-41
ostta04g00610	AT2G01320.4	0.0
ostta04g00620	AT4G12400.1	1.74e-18
ostta04g00620	AT4G12400.1	3.09e-11
ostta04g00620	AT4G12400.1	2.07e-09
ostta04g00620	AT4G12400.1	2.90e-08
ostta04g00630	AT4G27690.1	1.49e-122
ostta04g00640	AT3G28480.1	3.22e-15
ostta04g00650	AT5G52540.1	9.10e-51
ostta04g00660	AT3G28345.1	6.5
ostta04g00670	AT5G13520.1	1.4
ostta04g00680	AT2G45490.1	9.53e-49
ostta04g00690	AT1G23740.1	3.94e-09
ostta04g00700	AT1G20720.1	4.77e-103
ostta04g00710	AT4G38020.1	0.001
ostta04g00720	AT5G65490.1	2.71e-40
ostta04g00730	AT3G05610.1	0.37
ostta04g00740	AT1G77140.1	1.33e-175
ostta04g00750	AT4G32180.1	0.0
ostta04g00760	AT1G58210.1	0.39
ostta04g00760	AT1G58210.1	2.9
ostta04g00760	AT1G58210.1	9.2
ostta04g00770	AT4G02400.1	3.73e-33
ostta04g00780	AT1G15150.1	6.51e-39
ostta04g00790	AT5G55260.2	0.34
ostta04g00800	AT3G04240.2	2.89e-08
ostta04g00800	AT3G04240.2	4.93e-05
ostta04g00810	AT3G28760.1	1.07e-76
ostta04g00815	AT5G61830.2	5.1
ostta04g00820	AT4G40000.1	1.93e-134
ostta04g00830	AT1G46696.1	0.27
ostta04g00840	AT5G11490.2	0.0
ostta04g00850	AT5G66720.2	2.96e-33
ostta04g00860	AT5G66530.3	2.35e-75
ostta04g00870	AT1G06900.1	2.41e-157
ostta04g00880	AT5G64840.1	0.0
ostta04g00890	AT4G35820.1	4.91e-04
ostta04g00900	AT2G38330.1	1.64e-35
ostta04g00910	AT3G05040.1	2.44e-75
ostta04g00920	AT5G65860.1	0.15
ostta04g00930	AT1G22850.1	6.05e-07
ostta04g00940	AT5G10940.2	5.3
ostta04g00950	AT1G08530.1	4.77e-12
ostta04g00960	AT1G67170.2	0.14
ostta04g00960	AT1G67170.2	6.3
ostta04g00970	AT5G26742.1	2.62e-52
ostta04g00990	AT3G04710.2	4.15e-04
ostta04g01000	AT1G16900.1	3.34e-78
ostta04g01010	AT5G16580.1	0.95
ostta04g01020	AT2G21380.2	1.2
ostta04g01030	AT2G17590.1	2.7
ostta04g01040	AT5G52950.1	0.51
ostta04g01050	AT2G29680.2	2.09e-95
ostta04g01060	AT1G48960.1	0.002
ostta04g01070	AT5G65840.1	0.010
ostta04g01080	AT3G62550.1	1.33e-05
ostta04g01090	AT5G12320.1	1.07e-14
ostta04g01090	AT5G12320.1	6.35e-08
ostta04g01090	AT5G12320.1	0.002
ostta04g01090	AT5G12320.1	0.65
ostta04g01100	AT1G31860.1	2.24e-93
ostta04g01110	AT1G68720.1	1.90e-33
ostta04g01120	AT3G48500.1	7.60e-09
ostta04g01130	AT1G76990.5	0.044
ostta04g01140	AT3G04080.1	2.72e-87
ostta04g01150	AT5G53620.3	0.093
ostta04g01160	AT1G59660.1	1.13e-06
ostta04g01170	AT3G04710.3	2.16e-11
ostta04g01170	AT3G04710.3	3.51e-05
ostta04g01170	AT3G04710.3	0.002
ostta04g01180	AT3G01380.2	2.06e-176
ostta04g01190	AT2G26460.1	1.51e-22
ostta04g01200	AT1G50575.1	1.14e-88
ostta04g01210	AT1G01500.1	2.05e-08
ostta04g01220	AT3G20800.1	7.96e-137
ostta04g01230	AT5G17270.2	0.043
ostta04g01240	AT3G43710.1	9.2
ostta04g01250	AT2G06210.1	6.17e-98
ostta04g01260	AT1G74340.2	0.015
ostta04g01270	AT5G35530.1	2.31e-131
ostta04g01280	AT1G79830.3	2.07e-38
ostta04g01290	AT1G07130.1	1.14e-17
ostta04g01300	AT2G10440.1	0.069
ostta04g01310	AT4G18100.1	3.01e-61
ostta04g01320	AT1G25490.1	5.39e-13
ostta04g01320	AT1G25490.1	2.60e-11
ostta04g01320	AT1G25490.1	4.86e-11
ostta04g01320	AT1G25490.1	4.05e-05
ostta04g01320	AT1G25490.1	0.004
ostta04g01330	AT4G26780.1	6.87e-45
ostta04g01340	AT4G00240.1	1.9
ostta04g01350	AT3G46960.3	0.38
ostta04g01360	AT1G60170.1	1.01e-137
ostta04g01380	AT5G42070.1	4.74e-20
ostta04g01390	AT3G20660.1	2.06e-86
ostta04g01400	AT3G10920.1	3.52e-85
ostta04g01410	AT5G12320.1	1.50e-18
ostta04g01410	AT5G12320.1	1.43e-04
ostta04g01420	AT5G07630.2	2.36e-76
ostta04g01440	AT2G42310.1	7.94e-17
ostta04g01450	AT1G03910.1	2.22e-82
ostta04g01460	AT1G63690.1	2.78e-74
ostta04g01470	AT5G09530.1	0.12
ostta04g01480	AT3G06580.1	7.52e-150
ostta04g01490	AT1G32150.1	1.51e-08
ostta04g01500	AT4G29840.1	0.0
ostta04g01510	AT4G13500.1	1.52e-11
ostta04g01520	AT1G27700.1	6.4
ostta04g01530	AT1G18070.2	0.0
ostta04g01540	AT5G08710.1	1.03e-60
ostta04g01550	AT5G05970.2	1.28e-25
ostta04g01550	AT5G05970.2	0.018
ostta04g01560	AT1G72070.1	0.004
ostta04g01570	AT1G62020.1	0.0
ostta04g01580	AT5G62850.1	1.04e-17
ostta04g01590	AT4G21192.2	1.79e-14
ostta04g01600	AT3G18030.1	3.61e-58
ostta04g01610	AT1G11870.1	0.0
ostta04g01630	AT1G02790.1	5.8
ostta04g01640	AT3G10010.2	1.3
ostta04g01650	AT2G39260.1	7.89e-98
ostta04g01650	AT2G39260.1	9.07e-51
ostta04g01660	AT1G09620.1	0.0
ostta04g01670	AT5G37370.1	6.63e-54
ostta04g01680	AT1G73450.1	3.23e-130
ostta04g01690	AT1G03150.1	3.47e-71
ostta04g01700	AT4G38090.1	2.81e-44
ostta04g01710	AT1G77320.2	1.36e-19
ostta04g01710	AT1G77320.2	4.07e-08
ostta04g01710	AT1G77320.2	2.71e-04
ostta04g01710	AT1G77320.2	7.6
ostta04g01720	AT3G11950.5	4.51e-32
ostta04g01730	AT1G12910.1	0.0
ostta04g01745	AT4G28320.1	1.50e-54
ostta04g01750	AT3G51850.1	4.38e-05
ostta04g01750	AT3G51850.1	2.5
ostta04g01760	AT4G10450.1	3.04e-62
ostta04g01770	AT4G19610.1	0.0
ostta04g01770	AT4G19610.1	1.34e-05
ostta04g01770	AT4G19610.1	0.40
ostta04g01780	AT1G18335.3	1.55e-23
ostta04g01790	AT1G31330.1	1.00e-61
ostta04g01800	AT5G53430.1	0.056
ostta04g01810	AT1G52280.1	4.50e-98
ostta04g01820	AT4G14690.1	2.59e-09
ostta04g01820	AT4G14690.1	8.9
ostta04g01830	AT3G01460.1	9.31e-19
ostta04g01830	AT3G01460.1	2.51e-05
ostta04g01830	AT3G01460.1	4.91e-04
ostta04g01830	AT3G01460.1	0.012
ostta04g01840	AT1G06530.1	0.11
ostta04g01845	AT2G32340.1	1.18e-13
ostta04g01845	AT2G32340.1	0.013
ostta04g01850	AT5G47480.1	1.2
ostta04g01860	AT2G18020.1	9.26e-141
ostta04g01870	AT1G73875.1	1.33e-36
ostta04g01880	AT2G47410.2	0.076
ostta04g01890	AT5G44320.1	3.9
ostta04g01900	AT5G47010.1	1.09e-38
ostta04g01910	AT1G13220.2	0.47
ostta04g01920	AT2G31650.1	2.82e-19
ostta04g01930	AT2G22310.1	9.71e-128
ostta04g01940	AT4G16070.1	2.76e-42
ostta04g01940	AT4G16070.1	0.001
ostta04g01950	AT3G52370.2	0.053
ostta04g01960	AT3G57570.1	8.52e-17
ostta04g01970	AT1G31600.2	1.15e-05
ostta04g01980	AT3G46970.1	0.0
ostta04g01990	AT3G53760.1	1.24e-80
ostta04g01995	AT5G56660.1	1.57e-95
ostta04g02000	AT4G22666.1	0.080
ostta04g02010	AT1G08300.3	4.4
ostta04g02020	AT4G38890.1	8.73e-17
ostta04g02030	AT1G10510.1	5.60e-19
ostta04g02030	AT1G10510.1	3.85e-15
ostta04g02030	AT1G10510.1	3.87e-11
ostta04g02030	AT1G10510.1	2.17e-08
ostta04g02040	AT2G39190.2	1.04e-71
ostta04g02050	AT4G25540.1	0.0
ostta04g02060	AT5G65860.3	3.99e-85
ostta04g02070	AT3G23750.1	1.3
ostta04g02080	AT4G34640.1	1.30e-149
ostta04g02090	AT5G13630.1	0.0
ostta04g02100	AT5G63950.1	3.16e-159
ostta04g02105	AT4G27490.4	1.05e-27
ostta04g02110	AT4G19040.1	1.1
ostta04g02120	AT2G21680.1	1.6
ostta04g02130	AT4G02900.2	3.90e-22
ostta04g02140	AT3G26560.1	0.0
ostta04g02150	AT2G37440.3	1.96e-65
ostta04g02160	AT3G29100.3	1.81e-51
ostta04g02170	AT5G59400.1	2.31e-05
ostta04g02180	AT3G07590.2	3.18e-46
ostta04g02190	AT1G30814.2	1.7
ostta04g02200	AT4G08370.1	0.19
ostta04g02200	AT4G08370.1	0.41
ostta04g02200	AT4G08370.1	9.4
ostta04g02210	AT1G70320.1	7.69e-24
ostta04g02220	AT1G12680.1	0.48
ostta04g02230	AT2G26920.1	1.4
ostta04g02240	AT5G07920.3	1.63e-58
ostta04g02250	AT2G21510.5	4.74e-11
ostta04g02260	AT1G66670.1	0.075
ostta04g02270	AT3G08720.4	4.32e-51
ostta04g02280	AT2G19385.1	1.60e-27
ostta04g02290	AT1G19360.2	1.66e-60
ostta04g02290	AT1G19360.2	4.51e-06
ostta04g02300	AT3G43230.1	1.13e-12
ostta04g02310	AT5G19840.1	1.60e-14
ostta04g02320	AT5G44650.1	4.30e-22
ostta04g02330	AT3G01720.1	6.31e-42
ostta04g02330	AT3G01720.1	4.11e-38
ostta04g02340	AT3G28040.1	0.83
ostta04g02350	AT1G67120.2	3.66e-04
ostta04g02350	AT1G67120.2	0.002
ostta04g02360	AT4G36850.1	2.80e-39
ostta04g02370	AT1G35340.1	1.37e-14
ostta04g02380	AT1G66740.1	1.41e-74
ostta04g02390	AT5G63840.1	9.70e-23
ostta04g02400	AT1G75170.2	5.19e-61
ostta04g02410	AT4G05440.1	2.86e-68
ostta04g02420	AT5G49010.2	2.8
ostta04g02430	AT5G01660.2	4.1
ostta04g02440	AT3G12980.2	3.1
ostta04g02450	AT3G45650.1	3.8
ostta04g02460	AT3G19240.1	1.2
ostta04g02480	AT5G54830.1	1.15e-15
ostta04g02490	AT5G12860.1	0.0
ostta04g02500	AT3G63540.1	1.60e-18
ostta04g02510	AT2G39730.3	0.0
ostta04g02520	AT5G04850.1	8.01e-61
ostta04g02530	AT2G33540.2	4.94e-65
ostta04g02540	AT2G21470.1	3.26e-178
ostta04g02550	AT2G35120.1	0.22
ostta04g02560	AT1G71340.1	7.07e-12
ostta04g02570	AT3G05760.1	2.93e-31
ostta04g02580	AT1G22840.1	1.03e-60
ostta04g02590	AT1G18450.1	9.97e-154
ostta04g02600	AT1G13330.1	1.68e-23
ostta04g02610	AT4G31480.9	0.0
ostta04g02620	AT4G25130.1	1.58e-06
ostta04g02630	AT3G47450.1	1.98e-84
ostta04g02640	AT2G06025.6	1.22e-05
ostta04g02650	AT3G55400.1	3.90e-107
ostta04g02660	AT3G47930.1	2.47e-170
ostta04g02670	AT1G08125.1	7.42e-07
ostta04g02680	AT2G32450.1	0.80
ostta04g02690	AT3G60370.1	2.35e-64
ostta04g02700	AT2G19270.1	0.002
ostta04g02710	AT3G06730.1	1.36e-35
ostta04g02720	AT4G36530.1	1.81e-65
ostta04g02730	AT3G30823.1	4.1
ostta04g02740	AT1G32060.1	0.0
ostta04g02750	AT4G02620.1	9.23e-41
ostta04g02760	AT1G04945.3	3.09e-25
ostta04g02770	AT5G62190.1	4.59e-163
ostta04g02780	AT2G18710.1	1.14e-162
ostta04g02790	AT3G19190.3	2.45e-33
ostta04g02800	AT3G56240.3	3.49e-07
ostta04g02810	AT3G28460.3	3.31e-48
ostta04g02820	AT1G73110.1	1.84e-96
ostta04g02830	AT4G03560.1	8.81e-11
ostta04g02830	AT4G03560.1	4.23e-09
ostta04g02830	AT4G03560.1	3.17e-07
ostta04g02830	AT4G03560.1	7.77e-04
ostta04g02840	AT5G54830.1	1.65e-09
ostta04g02850	AT2G34140.1	1.77e-23
ostta04g02860	AT4G38760.1	3.88e-34
ostta04g02860	AT4G38760.1	1.5
ostta04g02870	AT5G67540.3	0.38
ostta04g02880	AT5G51880.1	2.69e-06
ostta04g02890	AT3G05100.1	0.037
ostta04g02900	AT4G24270.2	7.64e-27
ostta04g02900	AT4G24270.2	2.60e-17
ostta04g02910	AT5G38710.2	5.36e-15
ostta04g02920	AT4G03560.1	0.17
ostta04g02930	AT4G28190.1	2.9
ostta04g02940	AT2G26910.1	1.5
ostta04g02950	AT3G16250.1	2.85e-14
ostta04g02960	AT1G26180.1	7.84e-29
ostta04g02970	AT2G27530.2	1.43e-104
ostta04g02980	AT1G14270.1	1.87e-51
ostta04g02990	AT3G44020.1	2.24e-12
ostta04g03000	AT2G36360.2	9.18e-50
ostta04g03010	AT1G15460.2	6.16e-32
ostta04g03010	AT1G15460.2	6.65e-08
ostta04g03020	AT2G29120.1	1.8
ostta04g03030	AT5G08415.1	1.02e-143
ostta04g03040	AT1G21170.1	9.9
ostta04g03050	AT2G20650.2	1.38e-82
ostta04g03060	AT1G73260.1	0.099
ostta04g03070	AT5G08720.1	4.03e-05
ostta04g03070	AT5G08720.1	5.5
ostta04g03080	AT2G47470.4	5.44e-28
ostta04g03080	AT2G47470.4	6.36e-24
ostta04g03090	AT2G43640.2	4.24e-12
ostta04g03100	AT1G79280.1	8.40e-61
ostta04g03110	AT4G05190.2	1.08e-118
ostta04g03120	AT3G24820.1	9.4
ostta04g03130	AT4G24970.1	3.7
ostta04g03140	AT3G63520.1	4.3
ostta04g03150	AT3G01890.1	7.34e-31
ostta04g03160	AT3G21060.1	1.50e-44
ostta04g03170	AT2G34630.2	1.01e-114
ostta04g03180	AT1G73090.1	3.80e-04
ostta04g03190	AT4G01800.3	0.0
ostta04g03200	AT2G11000.1	1.5
ostta04g03210	AT3G18790.1	6.59e-78
ostta04g03220	AT1G34180.2	0.004
ostta04g03230	AT3G63000.1	3.60e-91
ostta04g03240	AT1G55480.1	1.9
ostta04g03250	AT1G80410.1	1.8
ostta04g03255	AT5G10190.3	2.6
ostta04g03260	AT4G36800.2	1.67e-85
ostta04g03270	AT5G62790.1	0.0
ostta04g03280	AT5G21950.7	0.020
ostta04g03290	AT3G47460.1	2.0
ostta04g03300	AT2G23940.3	1.66e-26
ostta04g03310	AT4G15760.1	1.63e-04
ostta04g03320	AT1G09770.1	1.3
ostta04g03330	AT4G22690.1	8.3
ostta04g03340	AT3G16170.1	1.16e-13
ostta04g03350	AT4G07940.1	0.22
ostta04g03360	AT2G03420.1	4.91e-07
ostta04g03370	AT3G12170.1	7.33e-66
ostta04g03380	AT5G16750.1	6.16e-08
ostta04g03380	AT5G16750.1	0.062
ostta04g03380	AT5G16750.1	9.1
ostta04g03390	AT5G04770.2	10.0
ostta04g03400	AT3G29320.1	1.5
ostta04g03410	AT5G01350.1	4.76e-09
ostta04g03420	AT5G45000.1	0.73
ostta04g03430	AT4G37010.1	1.72e-08
ostta04g03430	AT4G37010.1	0.083
ostta04g03440	AT1G58230.2	0.0
ostta04g03450	AT5G19900.5	0.16
ostta04g03455	AT1G17680.3	6.65e-15
ostta04g03460	AT1G16710.8	0.0
ostta04g03460	AT1G16710.8	2.19e-17
ostta04g03460	AT1G16710.8	1.78e-04
ostta04g03460	AT1G16710.8	0.24
ostta04g03460	AT1G16710.8	2.4
ostta04g03470	AT2G45150.3	2.16e-61
ostta04g03480	AT1G69520.1	3.84e-13
ostta04g03490	AT5G16850.1	5.35e-79
ostta04g03500	AT3G47120.1	4.46e-18
ostta04g03510	AT2G43710.2	1.00e-141
ostta04g03520	AT5G63400.1	1.66e-77
ostta04g03530	AT5G06680.1	0.0
ostta04g03540	AT1G51500.1	1.07e-58
ostta04g03550	AT1G79750.1	2.09e-156
ostta04g03560	AT2G36990.1	2.46e-31
ostta04g03570	AT4G22760.1	7.3
ostta04g03580	AT1G45010.4	0.36
ostta04g03590	AT5G22750.1	2.9
ostta04g03600	AT4G05410.1	3.3
ostta04g03610	AT2G33470.2	1.01e-15
ostta04g03620	AT3G02380.1	4.85e-17
ostta04g03620	AT3G02380.1	4.31e-06
ostta04g03630	AT1G12270.1	7.46e-09
ostta04g03630	AT1G12270.1	0.038
ostta04g03640	AT3G24240.1	2.3
ostta04g03650	AT2G42060.1	1.4
ostta04g03660	AT3G04710.1	1.28e-44
ostta04g03670	AT5G55260.1	0.0
ostta04g03680	AT3G62000.1	1.44e-77
ostta04g03690	AT3G16190.1	2.6
ostta04g03700	AT1G63110.2	7.28e-16
ostta04g03710	AT3G24190.1	8.03e-108
ostta04g03720	AT4G05520.1	3.83e-11
ostta04g03730	AT5G07110.1	4.50e-06
ostta04g03740	AT1G02260.2	1.51e-12
ostta04g03740	AT1G02260.2	6.77e-07
ostta04g03740	AT1G02260.2	9.4
ostta04g03750	AT2G04845.1	6.01e-40
ostta04g03760	AT4G08790.1	2.22e-05
ostta04g03770	AT5G58740.1	4.31e-41
ostta04g03780	AT1G19090.1	1.3
ostta04g03790	AT1G04635.1	4.45e-12
ostta04g03800	AT1G16780.3	0.0
ostta04g03810	AT5G62740.1	9.72e-108
ostta04g03820	AT4G34090.1	1.81e-38
ostta04g03830	AT1G53840.1	1.8
ostta04g03840	AT2G36740.2	6.27e-31
ostta04g03850	AT1G30240.1	2.58e-21
ostta04g03860	AT2G30410.3	1.32e-15
ostta04g03870	AT1G06470.4	6.52e-39
ostta04g03880	AT5G56580.1	1.45e-73
ostta04g03890	AT1G73970.1	1.25e-04
ostta04g03900	AT5G08740.1	9.11e-96
ostta04g03910	AT1G05860.3	9.86e-14
ostta04g03920	AT1G44350.1	6.6
ostta04g03930	AT2G40690.3	2.21e-149
ostta04g03940	AT2G36390.1	0.0
ostta04g03950	AT5G20650.1	1.57e-04
ostta04g03960	AT3G14390.1	6.77e-15
ostta04g03970	AT3G07910.1	9.04e-17
ostta04g03980	AT4G20960.1	2.86e-52
ostta04g03990	AT1G03080.3	0.25
ostta04g04000	AT5G26570.1	0.0
ostta04g04010	AT4G07410.1	4.17e-81
ostta04g04020	AT3G27280.2	5.27e-121
ostta04g04030	AT3G06010.1	0.24
ostta04g04040	AT5G09590.1	0.0
ostta04g04050	AT5G64420.1	6.75e-41
ostta04g04060	AT1G74250.1	0.11
ostta04g04065	AT1G05385.2	6.12e-09
ostta04g04070	AT3G07060.1	0.84
ostta04g04080	AT5G64290.1	1.18e-158
ostta04g04090	AT1G55620.1	6.04e-55
ostta04g04100	AT3G04710.1	0.006
ostta04g04100	AT3G04710.1	0.042
ostta04g04110	AT1G60070.1	0.0
ostta04g04120	AT5G19485.1	3.23e-37
ostta04g04140	AT5G04440.1	6.14e-09
ostta04g04150	AT2G26500.2	3.26e-04
ostta04g04160	AT5G53110.1	2.14e-14
ostta04g04170	AT1G69620.1	2.96e-35
ostta04g04180	AT2G37160.1	5.96e-61
ostta04g04190	AT5G39670.1	0.002
ostta04g04200	AT5G36290.2	5.59e-75
ostta04g04210	AT5G27720.1	2.5
ostta04g04220	AT1G47290.1	2.57e-50
ostta04g04230	AT4G31460.1	2.39e-36
ostta04g04240	AT5G56930.1	0.018
ostta04g04250	AT5G54240.1	1.1
ostta04g04260	AT1G01960.1	0.0
ostta04g04265	AT1G80500.2	5.66e-18
ostta04g04270	AT3G01660.1	1.58e-89
ostta04g04280	AT1G54115.1	1.60e-46
ostta04g04290	AT1G70510.2	2.06e-31
ostta04g04300	AT1G80980.2	3.65e-04
ostta04g04310	AT1G02870.1	3.24e-14
ostta04g04320	AT4G33925.1	4.11e-21
ostta04g04330	AT3G20630.1	0.0
ostta04g04340	AT5G35100.3	2.47e-32
ostta04g04350	AT1G04390.1	0.70
ostta04g04360	AT2G34570.1	8.07e-25
ostta04g04370	AT3G04340.1	0.71
ostta04g04380	AT5G45680.1	1.54e-18
ostta04g04390	AT2G20420.1	1.41e-179
ostta04g04400	AT1G01420.2	5.0
ostta04g04410	AT5G06620.1	1.68e-32
ostta04g04420	AT3G52930.1	4.18e-86
ostta04g04430	AT4G23430.2	8.46e-35
ostta04g04440	AT5G59560.2	8.20e-11
ostta04g04450	AT3G10670.1	1.7
ostta04g04460	AT5G52500.1	0.99
ostta04g04470	AT5G17660.1	7.85e-54
ostta04g04480	AT3G49650.1	0.0
ostta04g04490	AT5G55100.2	0.60
ostta04g04500	AT4G23040.1	3.09e-18
ostta04g04510	AT4G37030.1	0.49
ostta04g04520	AT3G13050.4	9.61e-31
ostta04g04530	AT4G39050.1	0.22
ostta04g04540	AT2G36480.2	4.9
ostta04g04550	AT1G08600.4	2.9
ostta04g04560	AT5G08450.3	2.25e-70
ostta04g04570	AT5G08400.2	2.53e-34
ostta04g04580	AT4G33270.1	9.09e-164
ostta04g04590	AT4G23882.1	6.00e-06
ostta04g04590	AT4G23882.1	3.7
ostta04g04600	AT2G21140.1	1.17e-04
ostta04g04600	AT2G21140.1	4.54e-04
ostta04g04600	AT2G21140.1	0.010
ostta04g04600	AT2G21140.1	3.7
ostta04g04630	AT5G60760.2	1.8
ostta04g04640	AT3G25100.1	5.12e-102
ostta04g04650	AT3G61710.1	7.62e-78
ostta04g04660	AT1G06950.1	0.64
ostta04g04670	AT3G57500.1	0.27
ostta04g04680	AT4G21820.2	2.00e-33
ostta04g04680	AT4G21820.2	9.36e-06
ostta04g04680	AT4G21820.2	1.14e-05
ostta04g04680	AT4G21820.2	2.18e-04
ostta04g04680	AT4G21820.2	0.51
ostta04g04690	AT5G50375.1	2.30e-64
ostta04g04700	AT1G43260.1	0.29
ostta04g04710	AT5G20170.1	3.8
ostta04g04720	AT2G18915.1	1.1
ostta04g04730	AT5G59300.1	3.89e-84
ostta04g04740	AT1G50200.1	0.0
ostta04g04750	AT3G49680.1	1.75e-139
ostta04g04760	AT5G22330.1	0.0
ostta04g04770	AT1G01520.1	4.78e-33
ostta04g04780	AT1G09330.1	2.62e-39
ostta04g04790	AT4G17140.1	3.82e-04
ostta04g04790	AT4G17140.1	0.007
ostta04g04790	AT4G17140.1	0.46
ostta04g04820	AT3G19720.2	0.0
ostta04g04830	AT3G16950.2	0.0
ostta04g04840	AT1G71060.1	0.33
ostta04g04850	AT3G10440.1	0.78
ostta04g04860	AT1G55350.5	0.021
ostta04g04870	AT3G27830.2	6.74e-22
ostta04g04880	AT5G04910.1	1.7
ostta04g04890	AT5G61950.1	0.065
ostta04g04900	AT2G40570.1	2.50e-65
ostta04g04910	AT3G22320.1	1.86e-81
ostta04g04920	AT3G48470.2	1.19e-17
ostta04g04930	AT1G48920.1	5.94e-12
ostta04g04940	AT2G44520.1	9.44e-85
ostta04g04950	AT1G22870.2	0.57
ostta04g04960	AT2G36920.1	0.21
ostta04g04970	AT3G02820.1	1.16e-20
ostta04g04980	AT1G07010.1	6.40e-84
ostta04g04990	AT1G09500.2	5.8
ostta04g05000	AT5G57370.1	2.32e-11
ostta04g05010	AT4G11140.1	2.69e-25
ostta04g05020	AT2G01830.6	2.0
ostta04g05030	AT5G04800.4	1.43e-64
ostta04g05040	AT1G18160.1	2.13e-54
ostta04g05050	AT2G04160.1	4.8
ostta04g05060	AT5G23550.1	3.06e-31
ostta04g05070	AT5G23090.4	2.09e-28
ostta04g05080	AT3G09100.2	1.33e-17
ostta04g05090	AT3G08610.1	2.42e-07
ostta04g05100	AT5G03730.2	0.31
ostta04g05110	AT5G56200.1	0.11
ostta04g05120	AT2G46890.1	5.89e-11
ostta04g05130	AT4G12490.1	0.54
ostta04g05130	AT4G12490.1	2.3
ostta04g05130	AT4G12490.1	2.7
ostta04g05140	AT4G10160.1	1.02e-17
ostta04g05150	AT1G78290.3	3.28e-42
ostta04g05160	AT3G13940.1	4.9
ostta04g05170	AT4G17970.1	0.51
ostta04g05180	AT5G07570.3	3.4
ostta04g05190	AT5G46390.2	2.36e-102
ostta04g05200	AT5G04530.1	1.8
ostta04g05210	AT4G36050.2	6.00e-29
ostta04g05210	AT4G36050.2	0.001
ostta04g05220	AT4G14700.1	3.23e-134
ostta04g05230	AT1G51150.1	2.1
ostta04g05240	AT3G14010.5	2.19e-19
ostta04g05240	AT3G14010.5	5.24e-05
ostta04g05250	AT5G53920.1	3.96e-44
ostta04g05260	AT3G25230.1	2.17e-09
ostta04g05270	AT3G58580.1	8.0
ostta04g05280	AT2G42520.3	0.0
ostta04g05300	AT5G55120.1	1.67e-50
ostta04g05310	AT1G80490.3	0.64
ostta04g05320	AT1G08960.1	1.35e-17
ostta04g05330	AT4G28470.1	0.32
ostta04g05340	AT2G36850.1	0.71
ostta04g05350	AT5G26800.1	0.001
ostta04g05360	AT5G15330.1	5.44e-24
ostta04g05370	AT1G22930.2	1.51e-25
ostta04g05380	AT3G48990.1	3.33e-47
ostta04g05390	AT1G64220.1	2.09e-07
ostta04g05400	AT5G03900.2	3.03e-112
ostta04g05410	AT5G10630.1	2.23e-106
ostta04g05420	AT5G06420.2	4.34e-04
ostta04g05430	AT3G01060.1	8.44e-53
ostta04g05440	AT4G09510.1	0.60
ostta04g05450	AT5G07660.1	0.31
ostta04g05460	AT5G14200.1	2.0
ostta04g05470	AT5G05130.1	3.50e-11
ostta04g05470	AT5G05130.1	0.003
ostta04g05470	AT5G05130.1	0.004
ostta04g05480	AT1G52320.1	0.23
ostta04g05490	AT5G20840.1	5.33e-06
ostta04g05500	AT5G35360.2	0.12
ostta04g05510	AT3G04710.1	8.16e-19
ostta04g05510	AT3G04710.1	6.89e-18
ostta04g05510	AT3G04710.1	5.16e-15
ostta04g05510	AT3G04710.1	5.89e-14
ostta04g05510	AT3G04710.1	7.34e-14
ostta04g05510	AT3G04710.1	4.01e-08
ostta04g05530	AT5G06440.1	7.62e-10
ostta04g05540	AT5G27400.1	2.68e-10
ostta04g05550	AT3G60740.1	2.20e-14
ostta04g05560	AT3G04710.3	2.7
ostta04g05570	AT2G41540.4	6.8
ostta04g05580	AT4G34220.1	4.4
ostta04g05590	AT5G53430.1	1.5
ostta04g05600	AT3G06010.1	7.31e-06
ostta05g00010	AT4G26190.5	6.38e-33
ostta05g00020	AT5G45920.4	1.87e-37
ostta05g00030	AT1G50500.2	0.70
ostta05g00040	AT4G28720.1	4.12e-04
ostta05g00050	AT1G13040.2	9.45e-15
ostta05g00050	AT1G13040.2	7.51e-04
ostta05g00050	AT1G13040.2	0.003
ostta05g00050	AT1G13040.2	0.008
ostta05g00060	AT5G65400.1	3.12e-09
ostta05g00070	AT4G00060.4	8.42e-12
ostta05g00075	AT3G19380.1	4.54e-11
ostta05g00080	AT5G06140.1	6.89e-25
ostta05g00090	AT3G07270.2	4.07e-56
ostta05g00100	AT2G46210.1	4.90e-23
ostta05g00110	AT4G15000.1	3.51e-58
ostta05g00130	AT1G55690.3	0.42
ostta05g00140	AT3G03650.1	1.1
ostta05g00150	AT5G27740.1	5.91e-154
ostta05g00160	AT5G51660.4	4.9
ostta05g00170	AT3G29760.5	4.73e-31
ostta05g00180	AT5G66130.1	2.04e-50
ostta05g00190	AT5G01660.2	5.75e-11
ostta05g00190	AT5G01660.2	0.056
ostta05g00190	AT5G01660.2	1.5
ostta05g00210	AT3G51670.1	2.7
ostta05g00220	AT1G17650.2	2.83e-116
ostta05g00225	AT1G24460.1	0.18
ostta05g00230	AT1G09480.2	2.8
ostta05g00240	AT3G07090.2	1.56e-51
ostta05g00250	AT1G77590.1	1.33e-174
ostta05g00260	AT1G67120.1	1.6
ostta05g00270	AT3G15620.1	0.0
ostta05g00280	AT3G62600.1	9.98e-106
ostta05g00290	AT3G52810.1	2.2
ostta05g00300	AT3G03180.1	3.32e-41
ostta05g00310	AT1G04020.2	3.59e-30
ostta05g00310	AT1G04020.2	0.022
ostta05g00320	AT4G21960.1	1.2
ostta05g00330	AT4G32700.2	7.17e-54
ostta05g00340	AT4G33670.1	1.71e-20
ostta05g00350	AT4G12790.6	6.33e-109
ostta05g00360	AT5G57280.1	2.35e-106
ostta05g00370	AT5G46110.3	1.49e-05
ostta05g00380	AT1G73720.1	0.0
ostta05g00390	AT1G19970.1	4.33e-101
ostta05g00400	AT2G19570.1	3.04e-52
ostta05g00410	AT3G01480.1	1.13e-121
ostta05g00420	AT3G49410.4	1.46e-04
ostta05g00430	AT1G07830.1	1.82e-23
ostta05g00440	AT2G27450.2	0.24
ostta05g00450	AT4G18905.1	1.58e-103
ostta05g00460	AT1G09770.1	0.0
ostta05g00470	AT2G38290.1	7.95e-50
ostta05g00480	AT5G55820.3	0.70
ostta05g00490	AT3G55400.1	7.33e-103
ostta05g00500	AT5G02820.1	0.0
ostta05g00510	AT1G78790.4	4.85e-09
ostta05g00520	AT4G21860.4	1.6
ostta05g00530	AT5G54190.1	6.56e-51
ostta05g00540	AT4G01320.1	0.29
ostta05g00550	AT5G63400.1	4.25e-120
ostta05g00560	AT3G17040.2	4.29e-99
ostta05g00570	AT1G24120.1	5.25e-08
ostta05g00580	AT2G31020.1	0.99
ostta05g00590	AT1G73885.1	1.94e-04
ostta05g00600	AT3G05740.2	1.04e-135
ostta05g00610	AT1G54115.1	7.85e-34
ostta05g00620	AT3G19210.3	0.80
ostta05g00630	AT2G24580.1	1.23e-04
ostta05g00640	AT2G38770.1	0.0
ostta05g00650	AT3G22380.1	5.5
ostta05g00660	AT1G30460.3	5.31e-46
ostta05g00670	AT2G37550.2	5.95e-70
ostta05g00670	AT2G37550.2	3.72e-07
ostta05g00680	AT2G16380.2	2.13e-30
ostta05g00690	AT2G20490.3	1.60e-26
ostta05g00700	AT3G17300.3	1.78e-16
ostta05g00710	AT5G18760.1	8.33e-08
ostta05g00720	AT5G02620.4	2.88e-20
ostta05g00730	AT1G56000.1	5.54e-26
ostta05g00740	AT3G44530.4	0.46
ostta05g00750	AT2G39340.1	7.90e-42
ostta05g00760	AT5G38730.1	1.4
ostta05g00770	AT1G13150.1	1.3
ostta05g00780	AT3G58800.1	3.48e-29
ostta05g00790	AT3G58160.4	1.1
ostta05g00790	AT3G58160.4	4.1
ostta05g00800	AT1G55670.1	5.38e-33
ostta05g00810	AT2G38150.1	0.16
ostta05g00820	AT1G07747.1	0.006
ostta05g00830	AT5G01210.1	2.4
ostta05g00840	AT1G63940.1	5.75e-117
ostta05g00850	AT2G38330.1	1.28e-18
ostta05g00860	AT2G18390.1	5.61e-80
ostta05g00870	AT5G48580.1	1.03e-22
ostta05g00880	AT5G58730.1	6.99e-06
ostta05g00890	AT2G17280.2	3.68e-58
ostta05g00900	AT1G17270.2	1.5
ostta05g00910	AT4G08320.1	2.00e-11
ostta05g00920	AT4G15030.3	5.21e-32
ostta05g00930	AT3G02580.1	2.30e-32
ostta05g00940	AT3G15360.1	5.33e-46
ostta05g00950	AT5G24840.1	2.73e-99
ostta05g00960	AT4G22310.1	2.87e-41
ostta05g00970	AT1G77600.1	0.019
ostta05g00980	AT3G15390.1	0.99
ostta05g00990	AT5G19855.1	1.72e-13
ostta05g01010	AT2G31400.1	1.10e-36
ostta05g01010	AT2G31400.1	1.57e-12
ostta05g01020	AT1G56500.3	1.63e-12
ostta05g01030	AT5G13630.1	0.0
ostta05g01040	AT5G60010.1	6.2
ostta05g01050	AT2G30890.1	0.055
ostta05g01055	AT2G25740.1	0.84
ostta05g01060	AT5G47510.3	4.05e-19
ostta05g01070	AT2G40490.1	5.92e-49
ostta05g01080	AT1G42440.1	1.16e-148
ostta05g01090	AT1G75690.1	9.05e-05
ostta05g01100	AT5G59410.1	0.16
ostta05g01110	AT3G06520.2	8.83e-04
ostta05g01120	AT4G09150.1	0.23
ostta05g01130	AT1G26740.1	1.41e-09
ostta05g01140	AT2G28800.1	3.57e-74
ostta05g01150	AT4G08670.1	1.1
ostta05g01160	AT1G50020.1	3.39e-12
ostta05g01170	AT3G15090.1	2.65e-44
ostta05g01180	AT2G27680.1	3.96e-68
ostta05g01190	AT1G69880.1	1.62e-15
ostta05g01210	AT4G31570.3	1.01e-05
ostta05g01220	AT3G49660.1	3.23e-11
ostta05g01220	AT3G49660.1	1.23e-10
ostta05g01220	AT3G49660.1	4.00e-10
ostta05g01220	AT3G49660.1	8.32e-07
ostta05g01220	AT3G49660.1	1.04e-04
ostta05g01220	AT3G49660.1	0.60
ostta05g01230	AT5G08280.1	2.59e-136
ostta05g01240	AT3G22845.1	7.54e-13
ostta05g01250	AT1G10170.2	0.004
ostta05g01260	AT1G13420.1	7.79e-16
ostta05g01270	AT2G22260.9	0.64
ostta05g01280	AT4G33450.1	4.64e-22
ostta05g01290	AT2G16595.1	1.85e-13
ostta05g01300	AT2G30970.2	0.0
ostta05g01310	AT1G67370.1	1.39e-26
ostta05g01320	AT3G02060.3	1.35e-178
ostta05g01330	AT3G47120.1	1.60e-08
ostta05g01330	AT3G47120.1	0.011
ostta05g01340	AT5G15480.1	3.5
ostta05g01350	AT3G60880.1	5.85e-137
ostta05g01360	AT1G17745.2	4.04e-27
ostta05g01370	AT4G36020.2	1.15e-21
ostta05g01380	AT3G10010.2	5.27e-46
ostta05g01380	AT3G10010.2	1.12e-14
ostta05g01380	AT3G10010.2	0.005
ostta05g01390	AT1G21730.1	9.7
ostta05g01400	AT4G32160.1	7.40e-08
ostta05g01400	AT4G32160.1	2.16e-04
ostta05g01410	AT4G02930.1	1.03e-29
ostta05g01420	AT5G27238.1	1.6
ostta05g01430	AT5G64380.1	1.33e-84
ostta05g01440	AT5G37500.4	3.31e-18
ostta05g01450	AT5G66540.2	2.48e-38
ostta05g01460	AT3G55170.5	6.69e-44
ostta05g01470	AT5G48030.1	6.42e-59
ostta05g01480	AT2G25830.1	1.34e-54
ostta05g01490	AT5G52790.1	3.56e-55
ostta05g01495	AT3G19220.1	0.77
ostta05g01500	AT3G48280.1	0.11
ostta05g01510	AT3G22840.1	0.010
ostta05g01520	AT2G01590.1	1.7
ostta05g01530	AT2G15790.1	2.6
ostta05g01550	AT3G56840.1	6.33e-90
ostta05g01560	AT3G50210.4	4.82e-37
ostta05g01570	AT5G15930.1	8.81e-33
ostta05g01580	AT2G35210.1	2.1
ostta05g01590	AT2G02090.1	4.01e-156
ostta05g01600	AT5G19560.5	6.89e-08
ostta05g01610	AT1G21170.2	1.16e-04
ostta05g01620	AT5G44370.1	2.74e-98
ostta05g01630	AT5G33320.1	5.60e-82
ostta05g01640	AT5G55550.9	2.29e-21
ostta05g01640	AT5G55550.9	1.73e-13
ostta05g01650	AT1G67890.1	1.19e-20
ostta05g01660	AT3G26120.1	6.38e-46
ostta05g01670	AT5G43020.1	0.87
ostta05g01680	AT2G14050.1	9.78e-136
ostta05g01680	AT2G14050.1	3.91e-22
ostta05g01690	AT1G70320.1	1.32e-28
ostta05g01700	AT5G61530.4	0.67
ostta05g01710	AT5G65010.2	1.59e-135
ostta05g01720	AT4G26485.1	2.43e-20
ostta05g01730	AT4G15420.2	6.3
ostta05g01740	AT1G79790.4	2.73e-06
ostta05g01750	AT3G55060.2	2.0
ostta05g01760	AT2G44350.4	0.0
ostta05g01770	AT3G18100.2	9.34e-46
ostta05g01770	AT3G18100.2	3.15e-08
ostta05g01770	AT3G18100.2	6.75e-06
ostta05g01780	AT3G54890.1	4.91e-11
ostta05g01790	AT3G61460.1	2.7
ostta05g01800	AT2G02020.2	0.66
ostta05g01810	AT5G56260.5	2.14e-43
ostta05g01820	AT5G66120.2	9.65e-177
ostta05g01830	AT1G60200.1	0.18
ostta05g01840	AT1G52600.1	2.21e-54
ostta05g01850	AT5G05080.4	3.02e-72
ostta05g01860	AT1G66670.1	1.68e-75
ostta05g01870	AT4G30920.1	4.13e-162
ostta05g01880	AT5G08710.1	9.64e-20
ostta05g01880	AT5G08710.1	8.03e-09
ostta05g01890	AT2G34160.1	1.13e-05
ostta05g01900	AT1G48175.4	3.02e-51
ostta05g01910	AT5G42950.1	4.31e-04
ostta05g01920	AT4G34870.1	5.93e-36
ostta05g01930	AT5G40200.1	0.0
ostta05g01940	AT1G59890.2	1.38e-14
ostta05g01940	AT1G59890.2	0.015
ostta05g01950	AT5G59613.2	8.73e-05
ostta05g01960	AT5G03530.2	2.13e-81
ostta05g01970	AT5G13450.1	1.90e-33
ostta05g01980	AT1G48400.1	1.75e-13
ostta05g01980	AT1G48400.1	7.46e-12
ostta05g02000	AT5G07290.1	0.21
ostta05g02010	AT3G20540.1	0.62
ostta05g02020	AT3G45640.1	3.18e-41
ostta05g02030	AT3G61580.1	1.14e-05
ostta05g02050	AT1G59660.1	6.07e-09
ostta05g02050	AT1G59660.1	7.61e-06
ostta05g02050	AT1G59660.1	6.79e-04
ostta05g02060	AT2G43770.1	7.48e-07
ostta05g02070	AT1G44920.1	8.99e-29
ostta05g02080	AT2G22360.1	1.47e-08
ostta05g02090	AT1G61850.2	1.78e-28
ostta05g02100	AT2G43770.1	2.32e-06
ostta05g02100	AT2G43770.1	0.011
ostta05g02110	AT1G55480.1	1.63e-12
ostta05g02120	AT5G26742.1	1.20e-156
ostta05g02130	AT2G36310.1	1.31e-72
ostta05g02140	AT1G25290.2	6.70e-46
ostta05g02150	AT2G46100.1	3.21e-37
ostta05g02160	AT2G47210.3	7.16e-67
ostta05g02170	AT5G40550.2	2.81e-21
ostta05g02180	AT1G50320.1	1.00e-32
ostta05g02190	AT2G45050.1	1.04e-11
ostta05g02200	AT5G25370.3	1.5
ostta05g02210	AT3G47560.2	0.073
ostta05g02220	AT1G77720.1	2.37e-95
ostta05g02230	AT3G10110.1	1.41e-24
ostta05g02235	AT2G32170.1	4.22e-74
ostta05g02240	AT4G21270.1	1.4
ostta05g02250	AT2G03430.1	3.43e-12
ostta05g02250	AT2G03430.1	5.28e-11
ostta05g02250	AT2G03430.1	0.25
ostta05g02250	AT2G03430.1	2.9
ostta05g02260	AT5G39220.1	0.73
ostta05g02270	AT5G12920.5	7.63e-29
ostta05g02280	AT5G59840.1	6.71e-103
ostta05g02290	AT1G27385.3	7.7
ostta05g02300	AT5G47880.2	0.0
ostta05g02310	AT1G21760.1	0.002
ostta05g02320	AT1G34350.1	1.73e-20
ostta05g02330	AT4G24800.4	7.64e-68
ostta05g02330	AT4G24800.4	1.64e-52
ostta05g02330	AT4G24800.4	1.58e-13
ostta05g02330	AT4G24800.4	1.40e-06
ostta05g02340	AT1G26550.1	7.82e-15
ostta05g02350	AT5G16810.1	1.60e-04
ostta05g02360	AT1G12370.2	1.69e-69
ostta05g02370	AT4G24710.3	9.84e-101
ostta05g02380	AT5G66990.1	8.06e-14
ostta05g02390	AT5G60790.1	0.0
ostta05g02390	AT5G60790.1	1.21e-11
ostta05g02400	AT4G09980.1	5.3
ostta05g02410	AT1G78140.1	1.37e-26
ostta05g02418	AT2G21280.1	4.02e-112
ostta05g02420	AT3G53570.5	1.34e-54
ostta05g02422	AT1G65650.1	1.09e-92
ostta05g02426	AT3G19020.2	6.96e-05
ostta05g02426	AT3G19020.2	0.010
ostta05g02426	AT3G19020.2	0.29
ostta05g02426	AT3G19020.2	0.34
ostta05g02426	AT3G19020.2	1.3
ostta05g02430	AT4G35780.1	8.52e-126
ostta05g02440	AT5G52860.1	2.8
ostta05g02450	AT3G03060.1	0.001
ostta05g02460	AT1G73660.1	7.33e-73
ostta05g02470	AT2G20000.1	0.061
ostta05g02480	AT1G08410.1	3.17e-42
ostta05g02490	AT4G23890.1	0.047
ostta05g02500	AT5G23590.2	1.29e-28
ostta05g02510	AT1G16890.2	6.27e-73
ostta05g02520	AT5G65000.1	4.78e-29
ostta05g02530	AT3G07140.2	3.85e-57
ostta05g02540	AT5G56290.1	1.77e-117
ostta05g02540	AT5G56290.1	1.6
ostta05g02550	AT5G57020.1	2.82e-156
ostta05g02560	AT3G05940.1	3.23e-92
ostta05g02570	AT2G43945.1	3.36e-85
ostta05g02580	AT3G27530.1	4.87e-99
ostta05g02590	AT1G18480.1	1.93e-88
ostta05g02600	AT2G01180.7	2.9
ostta05g02610	AT4G39120.1	2.18e-91
ostta05g02620	AT5G50870.1	6.59e-73
ostta05g02630	AT4G27900.2	3.2
ostta05g02640	AT4G25120.1	2.13e-64
ostta05g02650	AT5G60640.2	6.26e-47
ostta05g02660	AT3G08630.1	0.34
ostta05g02665	AT5G39830.1	2.72e-85
ostta05g02670	AT3G09070.1	0.17
ostta05g02680	AT5G46070.1	0.032
ostta05g02690	AT5G04600.1	1.95e-46
ostta05g02700	AT2G31260.1	2.07e-145
ostta05g02710	AT1G68650.1	1.76e-52
ostta05g02720	AT1G69240.1	1.0
ostta05g02730	AT5G40200.1	2.1
ostta05g02740	AT4G11640.1	5.33e-51
ostta05g02750	AT2G28540.2	0.24
ostta05g02760	AT3G50670.1	1.14e-49
ostta05g02770	AT1G32410.5	0.82
ostta05g02780	AT1G06120.1	2.0
ostta05g02790	AT1G61780.1	3.38e-12
ostta05g02800	AT1G66380.2	0.033
ostta05g02810	AT1G64590.1	0.11
ostta05g02820	AT5G19690.1	1.04e-108
ostta05g02830	AT1G20760.1	9.85e-15
ostta05g02830	AT1G20760.1	3.45e-12
ostta05g02830	AT1G20760.1	0.002
ostta05g02830	AT1G20760.1	0.049
ostta05g02830	AT1G20760.1	1.8
ostta05g02840	AT5G06930.3	3.08e-09
ostta05g02845	AT1G73480.1	2.15e-24
ostta05g02850	AT1G60130.1	0.80
ostta05g02860	AT1G30070.1	2.7
ostta05g02870	ATCG01120.1	1.79e-13
ostta05g02880	AT3G12930.1	2.22e-26
ostta05g02890	AT4G28020.3	1.81e-69
ostta05g02900	AT3G13930.1	1.43e-135
ostta05g02910	AT1G80680.1	0.004
ostta05g02920	AT3G10730.1	9.81e-34
ostta05g02930	AT3G50360.1	3.21e-67
ostta05g02940	AT3G20780.1	0.0
ostta05g02950	AT1G56450.1	9.62e-78
ostta05g02960	AT4G27070.1	4.3
ostta05g02970	AT2G45270.1	3.34e-136
ostta05g02975	AT3G56120.1	3.61e-105
ostta05g02980	AT1G24340.1	1.97e-130
ostta05g02990	AT1G04640.2	2.21e-52
ostta05g03000	AT4G11410.1	1.40e-49
ostta05g03010	AT1G05270.1	1.60e-21
ostta05g03020	AT5G11720.1	1.67e-20
ostta05g03030	AT4G07390.2	0.005
ostta05g03040	AT5G53140.2	5.68e-37
ostta05g03050	AT4G36040.1	0.003
ostta05g03060	AT1G35420.1	3.69e-05
ostta05g03070	AT5G07340.1	0.24
ostta05g03080	AT1G17650.1	0.021
ostta05g03080	AT1G17650.1	7.2
ostta05g03090	AT3G07670.1	6.75e-14
ostta05g03100	AT1G69440.1	2.9
ostta05g03110	AT5G37055.1	1.15e-30
ostta05g03120	AT2G26580.2	7.80e-05
ostta05g03130	AT3G59760.3	8.96e-61
ostta05g03140	AT4G18530.2	4.7
ostta05g03150	AT2G43800.1	2.7
ostta05g03160	AT5G54800.1	4.3
ostta05g03170	AT3G20390.1	1.60e-06
ostta05g03180	AT5G11850.1	9.64e-48
ostta05g03190	AT5G39510.1	6.2
ostta05g03200	AT3G20550.1	1.11e-51
ostta05g03210	AT4G09730.1	6.09e-121
ostta05g03220	AT5G13240.1	1.00e-50
ostta05g03230	AT4G23920.1	0.13
ostta05g03240	AT5G27310.1	0.56
ostta05g03250	AT3G45880.1	3.66e-11
ostta05g03260	AT2G31890.1	7.06e-11
ostta05g03260	AT2G31890.1	0.75
ostta05g03270	AT5G56730.1	0.0
ostta05g03280	AT4G34120.1	2.21e-04
ostta05g03290	AT5G48310.1	2.5
ostta05g03300	AT2G39810.1	4.1
ostta05g03310	AT3G23980.1	2.69e-07
ostta05g03320	AT3G15470.1	3.13e-73
ostta05g03320	AT3G15470.1	6.7
ostta05g03330	AT2G05210.3	7.47e-13
ostta05g03340	AT1G80720.2	4.88e-18
ostta05g03350	AT5G44800.1	0.68
ostta05g03360	AT5G14540.1	2.65e-04
ostta05g03370	AT5G47950.1	0.072
ostta05g03380	AT1G64830.1	0.026
ostta05g03390	AT3G19100.1	2.55e-43
ostta05g03400	AT3G28490.1	1.77e-68
ostta05g03405	AT3G57810.4	9.92e-38
ostta05g03410	AT1G10490.2	0.0
ostta05g03420	AT5G01230.1	1.27e-139
ostta05g03430	AT5G46720.1	2.17e-08
ostta05g03460	AT5G09680.2	4.85e-29
ostta05g03470	AT5G54090.1	1.82e-88
ostta05g03480	AT4G13860.1	1.96e-12
ostta05g03500	AT1G53270.1	5.78e-58
ostta05g03510	AT4G27640.1	1.80e-09
ostta05g03520	AT1G26550.1	8.04e-13
ostta05g03530	AT5G17230.4	3.64e-137
ostta05g03540	AT2G01810.1	6.34e-67
ostta05g03550	AT2G39670.1	2.18e-106
ostta05g03560	AT1G55040.1	9.99e-05
ostta05g03560	AT1G55040.1	0.077
ostta05g03570	AT5G47820.2	1.59e-83
ostta05g03580	AT1G02680.1	4.78e-31
ostta05g03590	AT2G45730.1	1.13e-69
ostta05g03600	AT3G14590.2	8.97e-08
ostta05g03610	AT2G36900.1	1.08e-35
ostta05g03620	AT3G63130.2	2.09e-76
ostta05g03630	AT4G04740.7	1.9
ostta05g03640	AT3G29100.5	7.04e-41
ostta05g03650	AT2G21080.1	3.9
ostta05g03660	AT5G12430.1	3.75e-19
ostta05g03660	AT5G12430.1	7.66e-09
ostta05g03660	AT5G12430.1	0.14
ostta05g03670	AT2G44510.1	3.63e-34
ostta05g03680	AT1G49590.1	8.24e-13
ostta05g03680	AT1G49590.1	2.1
ostta05g03690	ATCG00220.1	0.36
ostta05g03700	AT1G31163.1	4.0
ostta05g03710	AT2G20920.1	1.21e-40
ostta05g03720	AT3G61800.2	6.12e-17
ostta05g03730	AT5G10480.1	1.94e-37
ostta05g03740	AT1G63440.1	0.0
ostta05g03740	AT1G63440.1	7.66e-15
ostta05g03740	AT1G63440.1	5.56e-06
ostta05g03750	AT5G46420.1	1.45e-24
ostta05g03760	AT1G33390.2	0.0
ostta05g03770	AT5G10980.1	3.83e-94
ostta05g03780	AT1G26760.1	6.04e-06
ostta05g03790	AT1G09450.1	2.42e-78
ostta05g03800	AT3G18110.1	0.37
ostta05g03810	AT4G37190.1	4.82e-35
ostta05g03820	AT1G29070.1	2.62e-05
ostta05g03830	AT1G45474.2	2.29e-43
ostta05g03840	AT4G12610.2	1.01e-15
ostta05g03850	AT5G52240.2	2.60e-34
ostta05g03860	AT5G40850.1	5.19e-29
ostta05g03870	AT2G09990.1	9.66e-78
ostta05g03880	AT1G02110.1	1.0
ostta05g03890	AT3G43790.5	8.31e-04
ostta05g03900	AT5G11270.1	2.88e-07
ostta05g03910	AT3G20500.1	2.56e-71
ostta05g03920	AT1G78280.1	6.14e-07
ostta05g03930	AT1G33840.1	0.23
ostta05g03940	AT4G12190.1	0.12
ostta05g03950	AT3G23180.2	4.4
ostta05g03960	AT3G42050.1	9.38e-53
ostta05g03970	AT5G04560.2	1.7
ostta05g03980	AT5G10690.2	2.29e-11
ostta05g03990	AT2G26910.1	1.5
ostta05g04000	AT3G16250.1	2.85e-14
ostta05g04010	AT1G26180.1	2.01e-26
ostta05g04020	AT2G27530.2	2.23e-23
ostta05g04030	AT5G10690.2	1.50e-07
ostta05g04030	AT5G10690.2	5.4
ostta05g04040	AT5G19390.4	0.001
ostta05g04050	AT5G39940.1	8.83e-21
ostta05g04060	AT5G52880.1	0.37
ostta05g04070	AT3G24090.1	0.0
ostta05g04080	AT4G18465.1	0.0
ostta05g04090	AT3G10730.1	2.6
ostta05g04100	AT4G16340.2	9.34e-41
ostta05g04100	AT4G16340.2	1.47e-24
ostta05g04110	AT3G27730.7	3.43e-145
ostta05g04120	AT1G33270.1	3.41e-12
ostta05g04130	AT3G04790.1	2.31e-79
ostta05g04140	AT3G06450.4	4.67e-49
ostta05g04150	AT2G24420.2	4.83e-04
ostta05g04160	AT2G20820.1	1.41e-11
ostta05g04170	AT2G18510.1	4.40e-119
ostta05g04180	AT4G15770.1	6.02e-77
ostta05g04190	AT1G52530.2	2.70e-31
ostta05g04200	AT1G27880.1	2.12e-136
ostta05g04210	AT3G60470.1	4.0
ostta05g04220	AT3G52220.1	3.20e-23
ostta05g04230	AT2G46770.1	1.6
ostta05g04240	AT5G04540.1	4.9
ostta05g04250	AT3G50370.2	0.036
ostta05g04260	AT5G47680.1	1.04e-10
ostta05g04270	AT2G44980.1	0.27
ostta05g04280	AT1G20400.1	0.59
ostta05g04290	AT3G54460.2	9.14e-96
ostta05g04290	AT3G54460.2	1.30e-25
ostta05g04300	AT4G12520.1	3.6
ostta05g04310	AT2G30330.1	7.43e-15
ostta05g04320	AT1G71230.1	1.69e-126
ostta05g04330	AT4G24040.1	2.82e-99
ostta05g04340	AT2G47730.2	6.12e-12
ostta05g04350	AT1G23160.1	8.0
ostta05g04360	AT1G76240.1	0.57
ostta05g04365	AT4G26630.2	1.9
ostta05g04370	AT3G16340.1	2.34e-62
ostta05g04370	AT3G16340.1	1.70e-29
ostta05g04380	AT3G09150.1	8.45e-04
ostta05g04390	AT2G17020.3	1.3
ostta05g04400	AT4G16660.1	7.29e-61
ostta05g04410	AT2G29390.2	2.23e-70
ostta05g04415	AT1G78995.1	2.50e-14
ostta05g04420	AT1G26640.1	2.12e-31
ostta05g04430	AT5G43560.2	2.12e-127
ostta05g04440	AT1G20540.1	5.38e-23
ostta05g04450	AT5G54610.1	4.80e-07
ostta05g04460	AT2G20560.1	1.40e-53
ostta05g04470	AT1G29480.1	0.74
ostta05g04480	AT5G24630.5	6.56e-09
ostta05g04490	AT1G77420.1	7.51e-07
ostta05g04500	AT3G09740.1	5.46e-58
ostta05g04510	AT5G12920.5	0.45
ostta05g04520	AT1G70320.1	0.74
ostta05g04530	AT5G58250.1	3.54e-36
ostta05g04540	AT3G25805.1	2.15e-28
ostta05g04550	AT2G32920.1	2.34e-05
ostta05g04560	AT1G79040.1	3.79e-11
ostta05g04570	AT1G73150.2	5.64e-22
ostta05g04580	AT2G42810.2	3.52e-15
ostta05g04590	AT1G24280.1	0.0
ostta05g04600	AT5G61510.2	5.63e-48
ostta05g04610	AT5G12320.1	1.26e-07
ostta05g04620	AT1G78570.1	2.90e-122
ostta05g04630	AT5G44320.1	1.9
ostta05g04640	AT5G51230.3	8.40e-06
ostta05g04650	AT2G48060.2	9.39e-11
ostta05g04650	AT2G48060.2	0.061
ostta05g04660	AT3G16240.1	3.3
ostta05g04670	AT1G33230.1	4.83e-60
ostta05g04680	AT3G10630.1	0.010
ostta05g04690	AT5G11390.1	1.8
ostta05g04700	AT5G15450.1	0.0
ostta05g04710	AT3G52180.4	1.0
ostta05g04720	AT3G53220.1	5.24e-19
ostta05g04730	AT3G02870.1	1.84e-86
ostta05g04740	AT1G50950.1	1.12e-40
ostta05g04750	AT2G30720.1	5.46e-72
ostta05g04760	AT1G65920.2	6.8
ostta05g04770	AT4G23010.1	7.74e-34
ostta05g04780	AT5G20380.1	3.02e-97
ostta05g04790	AT5G51010.1	4.97e-08
ostta05g04800	AT4G02930.1	0.0
ostta05g04810	AT1G34770.3	1.43e-33
ostta05g04820	AT5G51260.2	0.74
ostta05g04830	AT1G09420.2	0.33
ostta05g04840	AT4G30910.1	0.62
ostta05g04850	AT5G66040.1	6.74e-06
ostta05g04860	AT4G24930.1	9.47e-15
ostta05g04870	AT1G05460.2	2.00e-93
ostta05g04880	AT2G21340.1	1.86e-42
ostta05g04885	AT3G12550.3	3.8
ostta05g04890	AT5G05680.1	1.53e-26
ostta05g04900	AT5G09850.5	1.1
ostta05g04910	AT3G49010.7	2.31e-71
ostta05g04920	AT3G24190.1	0.0
ostta05g04930	AT5G56150.1	1.07e-68
ostta05g04940	AT3G58660.1	1.64e-56
ostta05g04950	AT1G03360.1	1.32e-71
ostta05g04960	AT1G08520.1	8.34e-145
ostta05g04970	AT3G62600.1	0.008
ostta05g04980	AT4G02260.3	1.42e-137
ostta05g04990	AT3G55340.1	5.80e-21
ostta05g05000	AT1G31230.1	2.32e-86
ostta05g05010	AT5G08110.2	1.78e-93
ostta05g05020	AT2G26870.1	1.3
ostta06g00010	AT3G44250.1	2.2
ostta06g00020	AT3G60740.1	0.0
ostta06g00030	AT4G14455.1	1.68e-08
ostta06g00040	AT5G14470.1	4.68e-66
ostta06g00050	AT3G07940.2	3.1
ostta06g00055	AT5G13590.5	3.2
ostta06g00060	AT3G06010.1	3.07e-07
ostta06g00075	AT3G01328.1	6.2
ostta06g00080	AT1G02660.1	2.4
ostta06g00090	AT1G06790.1	3.58e-39
ostta06g00100	AT4G23800.2	1.22e-11
ostta06g00100	AT4G23800.2	1.07e-05
ostta06g00100	AT4G23800.2	1.20e-05
ostta06g00110	AT1G20300.1	4.63e-20
ostta06g00110	AT1G20300.1	7.41e-13
ostta06g00110	AT1G20300.1	4.20e-11
ostta06g00110	AT1G20300.1	2.86e-06
ostta06g00110	AT1G20300.1	0.011
ostta06g00120	AT1G06590.1	1.8
ostta06g00130	AT1G08680.3	0.61
ostta06g00135	AT2G13370.3	1.6
ostta06g00140	AT1G63480.7	2.6
ostta06g00150	AT5G43330.1	5.80e-140
ostta06g00160	AT5G05520.1	4.05e-55
ostta06g00170	AT3G27520.1	0.34
ostta06g00180	AT5G22370.3	1.33e-112
ostta06g00190	AT1G16470.2	6.55e-131
ostta06g00200	AT5G44170.1	1.48e-10
ostta06g00210	AT3G43790.3	6.53e-06
ostta06g00220	AT1G21065.1	8.72e-10
ostta06g00230	AT1G04530.1	0.091
ostta06g00240	AT3G20430.1	2.32e-11
ostta06g00250	AT5G64040.1	4.80e-21
ostta06g00260	AT4G04460.1	0.78
ostta06g00270	AT4G37900.2	8.8
ostta06g00280	AT3G21600.2	2.1
ostta06g00290	AT5G03620.1	0.23
ostta06g00310	AT1G07705.2	6.03e-50
ostta06g00320	AT5G20140.1	3.49e-82
ostta06g00330	AT3G18524.1	2.71e-49
ostta06g00340	AT1G18660.3	0.027
ostta06g00350	AT5G35590.1	2.73e-122
ostta06g00360	AT2G20000.1	3.51e-159
ostta06g00370	AT3G26440.3	0.61
ostta06g00380	AT1G21380.1	1.67e-17
ostta06g00380	AT1G21380.1	0.006
ostta06g00390	AT4G26170.1	3.5
ostta06g00400	AT5G67250.1	0.12
ostta06g00410	AT2G23370.2	1.30e-18
ostta06g00420	AT2G40770.3	1.23e-101
ostta06g00420	AT2G40770.3	5.69e-54
ostta06g00430	AT5G23230.1	8.32e-07
ostta06g00440	AT1G21065.1	2.00e-31
ostta06g00440	AT1G21065.1	3.05e-23
ostta06g00440	AT1G21065.1	1.82e-13
ostta06g00450	AT3G49070.2	6.5
ostta06g00460	AT4G04350.1	0.0
ostta06g00470	AT5G03660.2	0.59
ostta06g00480	AT1G08980.1	1.48e-75
ostta06g00490	AT2G46280.2	1.28e-141
ostta06g00500	AT5G05600.2	2.5
ostta06g00510	AT2G31830.2	0.28
ostta06g00520	AT3G57610.1	0.0
ostta06g00530	AT1G08640.1	2.98e-19
ostta06g00540	AT1G55480.1	7.12e-04
ostta06g00550	AT1G69990.1	7.3
ostta06g00560	AT3G49601.1	5.45e-13
ostta06g00570	AT4G03410.1	1.37e-06
ostta06g00580	AT5G19530.2	8.51e-80
ostta06g00590	AT1G77620.1	4.19e-25
ostta06g00610	AT4G30510.1	2.98e-44
ostta06g00620	AT5G48030.1	4.29e-12
ostta06g00630	AT3G63520.1	4.2
ostta06g00640	AT5G49580.3	0.003
ostta06g00650	AT4G12400.2	0.0
ostta06g00660	AT1G70430.1	1.1
ostta06g00670	AT2G19540.1	1.22e-133
ostta06g00680	AT1G54210.3	5.56e-16
ostta06g00690	AT5G45020.2	7.86e-108
ostta06g00700	AT3G12780.1	0.0
ostta06g00710	AT5G47020.1	0.63
ostta06g00710	AT5G47020.1	1.7
ostta06g00720	AT5G15270.3	2.17e-52
ostta06g00720	AT5G15270.3	1.44e-29
ostta06g00720	AT5G15270.3	6.01e-05
ostta06g00720	AT5G15270.3	2.88e-04
ostta06g00720	AT5G15270.3	0.068
ostta06g00730	AT5G02120.1	1.99e-14
ostta06g00740	AT3G62770.1	1.82e-112
ostta06g00765	AT5G14850.1	1.46e-112
ostta06g00770	AT2G20290.1	0.69
ostta06g00780	AT5G08110.3	0.0
ostta06g00790	AT1G68830.1	1.68e-66
ostta06g00830	AT1G11720.1	0.013
ostta06g00840	AT5G27630.4	1.7
ostta06g00850	AT3G27530.1	6.03e-05
ostta06g00860	AT1G16030.1	0.0
ostta06g00870	AT1G09932.3	2.82e-18
ostta06g00880	AT5G59750.1	3.04e-44
ostta06g00890	AT1G26760.1	2.55e-06
ostta06g00900	AT3G45890.1	9.69e-24
ostta06g00920	AT1G61620.1	1.26e-31
ostta06g00930	AT3G21800.1	0.31
ostta06g00940	AT1G01140.2	5.12e-24
ostta06g00945	AT1G51770.2	9.8
ostta06g00950	AT3G26900.3	2.7
ostta06g00960	AT1G04600.1	2.0
ostta06g00970	AT4G26430.1	9.59e-20
ostta06g00980	AT3G08850.1	0.0
ostta06g00980	AT3G08850.1	2.24e-47
ostta06g00990	AT4G38120.1	1.32e-51
ostta06g01000	AT2G17020.1	0.53
ostta06g01010	AT1G55930.1	1.3
ostta06g01020	AT3G18190.1	0.0
ostta06g01030	AT1G78630.1	9.91e-53
ostta06g01040	AT2G13440.1	0.0
ostta06g01050	AT3G10650.2	0.045
ostta06g01060	AT1G55740.1	1.2
ostta06g01070	AT1G08540.1	4.47e-88
ostta06g01080	AT5G57360.1	3.15e-17
ostta06g01090	AT3G28700.1	5.69e-117
ostta06g01100	AT4G34830.1	3.07e-45
ostta06g01110	AT1G72570.1	5.50e-12
ostta06g01110	AT1G72570.1	0.002
ostta06g01120	AT1G25210.2	6.16e-52
ostta06g01130	AT4G00660.2	2.23e-70
ostta06g01140	AT3G04560.1	4.71e-21
ostta06g01150	AT2G32060.3	1.92e-44
ostta06g01170	AT5G60070.1	6.13e-10
ostta06g01170	AT5G60070.1	0.48
ostta06g01180	AT5G04550.2	1.8
ostta06g01190	AT1G02120.2	6.11e-54
ostta06g01200	AT3G26085.4	3.07e-29
ostta06g01210	AT1G04980.1	8.38e-15
ostta06g01210	AT1G04980.1	7.92e-14
ostta06g01220	AT5G47390.1	2.29e-39
ostta06g01230	AT3G22790.3	0.79
ostta06g01240	AT2G42410.3	0.058
ostta06g01250	AT5G10780.1	1.81e-15
ostta06g01260	AT3G57870.1	1.50e-66
ostta06g01270	AT1G68210.1	0.48
ostta06g01280	AT1G65040.2	0.28
ostta06g01290	AT2G48060.3	2.60e-74
ostta06g01290	AT2G48060.3	3.35e-15
ostta06g01300	AT5G24000.1	3.78e-44
ostta06g01310	AT5G48600.2	0.0
ostta06g01320	AT4G10760.1	1.99e-09
ostta06g01330	AT5G20930.1	2.2
ostta06g01340	AT3G11945.1	7.00e-127
ostta06g01350	AT1G32550.1	2.08e-38
ostta06g01360	AT5G67470.1	2.90e-49
ostta06g01370	AT1G61850.1	3.34e-137
ostta06g01370	AT1G61850.1	2.77e-07
ostta06g01380	AT1G80660.4	1.91e-179
ostta06g01390	AT1G19360.2	0.23
ostta06g01400	AT5G62050.1	1.04e-52
ostta06g01410	AT3G20320.1	8.15e-93
ostta06g01420	AT3G15750.2	7.30e-08
ostta06g01430	AT5G27380.1	5.81e-126
ostta06g01440	AT1G50660.1	0.009
ostta06g01450	AT5G23290.1	7.14e-27
ostta06g01460	AT3G25470.1	6.22e-94
ostta06g01470	ATCG00170.1	4.5
ostta06g01480	AT1G43860.1	8.68e-76
ostta06g01490	AT5G27720.1	1.51e-47
ostta06g01500	AT2G45540.6	0.0
ostta06g01500	AT2G45540.6	1.31e-92
ostta06g01500	AT2G45540.6	1.66e-12
ostta06g01500	AT2G45540.6	0.080
ostta06g01510	AT1G18610.2	3.54e-22
ostta06g01520	AT1G02305.1	1.50e-35
ostta06g01530	AT4G30800.1	4.71e-70
ostta06g01540	AT4G35230.1	8.6
ostta06g01550	AT3G55130.1	3.70e-67
ostta06g01560	AT3G60360.1	4.27e-44
ostta06g01570	AT4G07990.2	0.040
ostta06g01580	AT5G49960.1	1.92e-37
ostta06g01580	AT5G49960.1	0.003
ostta06g01590	AT2G38580.1	0.23
ostta06g01600	AT5G36170.1	6.85e-124
ostta06g01610	AT3G51270.4	1.52e-128
ostta06g01620	AT3G61960.1	1.86e-99
ostta06g01630	AT2G32480.1	1.05e-109
ostta06g01640	AT5G65220.1	1.87e-13
ostta06g01650	AT5G61410.2	6.07e-130
ostta06g01660	AT2G13440.1	1.43e-130
ostta06g01670	AT1G04980.1	8.73e-20
ostta06g01670	AT1G04980.1	4.39e-14
ostta06g01680	AT3G52115.1	2.3
ostta06g01690	AT1G48450.1	5.43e-05
ostta06g01700	AT1G80670.1	5.08e-145
ostta06g01710	AT5G17990.1	1.34e-123
ostta06g01720	AT2G29580.1	2.61e-97
ostta06g01730	AT4G19490.2	1.14e-38
ostta06g01730	AT4G19490.2	8.67e-36
ostta06g01740	AT3G23150.1	1.6
ostta06g01750	AT5G19280.2	4.41e-47
ostta06g01760	AT3G01850.2	1.08e-85
ostta06g01770	AT1G66080.1	2.13e-32
ostta06g01780	AT5G50100.1	3.93e-45
ostta06g01790	AT3G04600.3	0.0
ostta06g01800	AT3G18880.2	9.66e-20
ostta06g01810	AT5G57960.1	2.42e-135
ostta06g01820	AT3G59310.1	8.45e-44
ostta06g01830	AT3G07050.1	1.15e-129
ostta06g01840	AT3G19000.2	0.007
ostta06g01850	AT5G01960.1	1.69e-04
ostta06g01860	AT5G02960.1	6.14e-85
ostta06g01870	AT1G80380.3	1.45e-78
ostta06g01880	AT5G01260.2	8.05e-07
ostta06g01890	AT3G61080.1	2.96e-66
ostta06g01900	AT2G15180.1	0.13
ostta06g01910	AT2G25950.2	7.74e-49
ostta06g01920	AT1G75125.1	1.51e-16
ostta06g01930	AT5G25800.2	8.89e-72
ostta06g01940	AT4G00660.2	0.0
ostta06g01950	AT5G02320.2	5.35e-06
ostta06g01955	AT3G18140.1	4.56e-168
ostta06g01960	AT3G11450.1	3.74e-45
ostta06g01970	AT1G19360.2	1.76e-56
ostta06g01970	AT1G19360.2	1.46e-40
ostta06g01980	AT4G28405.1	0.94
ostta06g01990	AT2G24270.2	0.0
ostta06g02000	AT5G04080.1	1.6
ostta06g02010	AT1G53120.1	3.68e-56
ostta06g02020	AT2G17320.1	4.41e-42
ostta06g02030	AT3G17000.1	7.82e-56
ostta06g02040	AT3G26560.1	2.59e-06
ostta06g02050	AT1G42480.1	6.51e-17
ostta06g02060	AT4G03560.1	1.83e-11
ostta06g02060	AT4G03560.1	1.76e-08
ostta06g02060	AT4G03560.1	1.06e-06
ostta06g02060	AT4G03560.1	6.36e-04
ostta06g02070	AT4G25130.1	0.002
ostta06g02080	AT3G55220.1	0.0
ostta06g02090	AT5G13610.1	3.02e-65
ostta06g02100	AT3G50370.2	0.029
ostta06g02100	AT3G50370.2	0.22
ostta06g02110	AT5G37830.1	0.0
ostta06g02120	AT2G21130.1	4.65e-78
ostta06g02130	AT2G46230.1	1.26e-84
ostta06g02140	AT2G16950.2	3.2
ostta06g02150	AT1G05055.1	2.13e-118
ostta06g02160	AT4G19640.1	6.48e-47
ostta06g02170	AT4G29860.1	4.38e-39
ostta06g02180	AT3G25240.1	9.27e-15
ostta06g02190	AT5G16650.1	1.77e-23
ostta06g02200	AT3G04770.2	3.9
ostta06g02210	AT1G67220.1	0.80
ostta06g02220	AT2G47020.1	2.30e-104
ostta06g02230	AT3G13660.1	3.4
ostta06g02240	AT4G31210.3	0.0
ostta06g02250	AT5G50650.1	2.60e-25
ostta06g02260	AT4G15802.1	1.98e-13
ostta06g02270	AT1G53240.1	2.13e-158
ostta06g02280	AT5G53920.1	2.78e-04
ostta06g02290	AT1G15730.1	9.06e-92
ostta06g02300	AT2G16770.2	8.71e-07
ostta06g02310	AT1G68100.1	9.05e-08
ostta06g02320	AT5G20250.3	4.88e-120
ostta06g02320	AT5G20250.3	1.40e-36
ostta06g02330	AT2G25140.1	0.48
ostta06g02340	AT3G09600.6	3.29e-29
ostta06g02350	AT5G37380.9	4.2
ostta06g02360	AT2G41460.3	0.16
ostta06g02370	AT5G66595.1	0.89
ostta06g02380	AT1G14060.1	2.76e-17
ostta06g02390	AT1G27595.1	9.78e-70
ostta06g02390	AT1G27595.1	2.7
ostta06g02400	AT4G14342.1	3.26e-46
ostta06g02410	AT4G38910.2	0.42
ostta06g02420	AT4G35080.1	0.50
ostta06g02430	AT1G71820.1	6.21e-47
ostta06g02440	AT2G25660.4	9.59e-132
ostta06g02440	AT2G25660.4	4.06e-68
ostta06g02440	AT2G25660.4	5.1
ostta06g02450	AT5G04070.1	1.01e-11
ostta06g02460	AT2G25840.2	4.95e-150
ostta06g02470	AT3G20920.1	6.57e-27
ostta06g02480	AT1G14570.2	0.018
ostta06g02490	AT3G24255.8	0.002
ostta06g02500	AT3G12300.1	2.33e-05
ostta06g02510	AT1G29040.1	2.75e-29
ostta06g02520	AT4G36860.1	1.60e-74
ostta06g02530	AT3G62120.3	0.0
ostta06g02540	AT3G60830.1	3.51e-47
ostta06g02550	AT3G52050.8	8.03e-58
ostta06g02560	AT3G28980.4	0.80
ostta06g02570	AT1G67140.2	6.56e-28
ostta06g02570	AT1G67140.2	2.41e-22
ostta06g02590	AT4G35540.1	2.03e-15
ostta06g02600	AT1G77670.1	1.09e-65
ostta06g02605	AT3G26710.1	2.87e-55
ostta06g02610	AT5G39500.2	2.4
ostta06g02615	AT3G07525.2	6.50e-06
ostta06g02620	AT5G43822.1	0.001
ostta06g02630	AT5G61220.3	6.92e-09
ostta06g02640	AT4G02070.1	0.0
ostta06g02650	AT5G50850.1	0.0
ostta06g02660	AT5G38650.1	2.00e-21
ostta06g02670	AT5G59590.1	0.085
ostta06g02680	AT2G33610.1	1.6
ostta06g02685	AT3G55580.1	2.00e-18
ostta06g02685	AT3G55580.1	1.03e-05
ostta06g02685	AT3G55580.1	0.003
ostta06g02685	AT3G55580.1	0.58
ostta06g02690	AT3G59770.3	6.66e-93
ostta06g02690	AT3G59770.3	1.31e-13
ostta06g02700	AT5G05560.3	0.0
ostta06g02710	AT1G74070.1	1.21e-37
ostta06g02720	AT3G02180.2	6.27e-08
ostta06g02730	AT1G21980.1	1.15e-07
ostta06g02740	AT3G14890.1	7.04e-30
ostta06g02750	AT5G10350.1	2.08e-50
ostta06g02760	AT4G12280.1	3.4
ostta06g02770	AT2G31350.2	5.67e-60
ostta06g02780	AT4G38440.1	3.14e-22
ostta06g02780	AT4G38440.1	2.44e-07
ostta06g02790	AT5G49400.1	5.87e-06
ostta06g02800	AT1G58060.1	0.0
ostta06g02810	AT1G17350.5	2.50e-21
ostta06g02820	AT3G26500.1	1.60e-13
ostta06g02830	AT3G18200.2	0.36
ostta06g02840	AT1G57770.1	5.44e-106
ostta06g02850	AT1G76080.1	5.79e-21
ostta06g02860	AT5G53490.3	1.65e-60
ostta06g02870	AT1G20630.1	2.1
ostta06g02880	AT1G51510.1	1.12e-35
ostta06g02890	AT1G07370.1	6.79e-134
ostta06g02900	AT1G69190.1	8.72e-139
ostta06g02910	AT3G59390.2	3.81e-18
ostta06g02920	AT2G33840.1	0.0
ostta06g02930	AT1G09935.1	1.70e-17
ostta06g02940	AT1G32900.1	5.46e-175
ostta06g02960	AT5G16270.1	6.26e-51
ostta06g02960	AT5G16270.1	3.17e-04
ostta06g02970	AT1G31220.1	1.14e-82
ostta06g02980	AT2G40780.1	6.77e-15
ostta06g02990	AT4G35020.3	5.15e-65
ostta06g03000	AT4G04880.1	2.15e-67
ostta06g03010	AT1G59760.1	0.0
ostta06g03020	AT1G67430.1	3.42e-74
ostta06g03030	AT1G71750.1	1.1
ostta06g03040	AT5G51200.2	8.53e-66
ostta06g03050	AT4G24760.1	2.06e-15
ostta06g03060	AT4G36020.2	2.73e-22
ostta06g03070	AT2G01490.2	0.47
ostta06g03080	AT1G47380.1	1.05e-37
ostta06g03090	AT2G44130.1	4.1
ostta06g03100	AT2G36850.1	0.11
ostta06g03110	AT2G32150.1	1.83e-23
ostta06g03120	AT3G25610.1	5.0
ostta06g03130	ATCG01270.1	0.002
ostta06g03140	AT3G24190.1	5.48e-130
ostta06g03150	AT5G53770.1	1.64e-21
ostta06g03160	AT1G11720.1	4.86e-177
ostta06g03160	AT1G11720.1	1.14e-06
ostta06g03170	AT3G54300.3	5.94e-82
ostta06g03180	AT3G08680.2	4.2
ostta06g03190	AT5G52440.1	9.84e-30
ostta06g03200	AT5G04040.2	5.24e-61
ostta06g03210	AT5G37570.2	3.6
ostta06g03220	AT4G14890.1	1.36e-33
ostta06g03230	AT5G05590.3	4.8
ostta06g03240	AT5G45900.1	1.00e-172
ostta06g03250	AT2G07040.1	0.89
ostta06g03260	AT2G42450.1	8.59e-09
ostta06g03270	AT1G22410.1	0.0
ostta06g03280	AT1G33290.1	6.10e-159
ostta06g03290	AT5G13950.4	1.9
ostta06g03300	AT1G67600.1	3.10e-30
ostta06g03310	AT5G26980.3	4.15e-56
ostta06g03320	AT5G20490.2	0.0
ostta06g03325	AT2G32000.1	0.0
ostta06g03332	AT2G20450.1	1.09e-37
ostta06g03340	AT3G56370.1	2.69e-46
ostta06g03340	AT3G56370.1	6.28e-32
ostta06g03350	AT4G08350.1	4.02e-159
ostta06g03360	AT1G31200.1	5.2
ostta06g03370	AT4G01690.1	6.56e-170
ostta06g03380	AT1G54490.1	2.91e-137
ostta06g03390	ATCG00520.1	3.74e-61
ostta06g03400	AT1G51805.1	2.0
ostta06g03410	AT1G53580.1	4.8
ostta06g03420	AT5G35400.1	8.16e-23
ostta06g03425	AT5G08320.1	1.59e-19
ostta06g03430	AT1G73190.1	3.8
ostta06g03440	AT3G25610.1	0.0
ostta06g03450	AT3G19170.1	1.39e-130
ostta06g03460	AT3G57180.1	2.23e-98
ostta06g03465	AT1G09430.1	5.7
ostta06g03470	AT1G72340.1	2.3
ostta06g03480	AT1G30680.1	0.0
ostta06g03490	AT4G15410.1	1.1
ostta06g03500	AT2G23090.1	1.85e-23
ostta06g03510	AT2G20860.3	4.16e-135
ostta06g03520	AT3G01175.1	6.8
ostta06g03530	AT3G23610.2	9.99e-40
ostta06g03540	AT2G20840.3	0.014
ostta06g03550	AT4G39920.1	4.01e-31
ostta06g03560	AT5G67100.2	5.8
ostta06g03570	AT3G20810.2	0.24
ostta06g03580	AT5G63700.2	0.50
ostta06g03590	AT4G07410.2	7.2
ostta06g03620	AT1G64550.1	3.44e-39
ostta06g03620	AT1G64550.1	5.11e-12
ostta06g03620	AT1G64550.1	3.25e-09
ostta06g03620	AT1G64550.1	6.47e-04
ostta06g03630	AT2G13370.3	9.52e-136
ostta06g03640	AT2G39130.2	1.31e-54
ostta06g03660	AT1G66750.1	0.027
ostta06g03670	AT5G25480.1	5.28e-72
ostta06g03680	AT5G17170.1	1.17e-73
ostta06g03690	AT5G01310.1	1.70e-26
ostta06g03700	AT1G11000.2	0.55
ostta06g03710	AT4G22830.1	1.46e-28
ostta06g03720	AT1G08320.5	3.9
ostta06g03730	AT1G28060.3	2.42e-85
ostta06g03730	AT1G28060.3	0.002
ostta06g03740	AT3G01090.2	0.0
ostta06g03750	AT1G79750.1	3.45e-164
ostta06g03760	AT1G65270.3	2.27e-09
ostta06g03770	AT1G42960.1	1.01e-17
ostta06g03780	AT5G08650.1	0.0
ostta06g03790	AT2G25970.1	0.007
ostta06g03790	AT2G25970.1	0.58
ostta06g03790	AT2G25970.1	1.2
ostta06g03790	AT2G25970.1	5.5
ostta06g03800	AT2G32040.1	0.32
ostta06g03810	AT5G61500.1	6.37e-93
ostta06g03820	AT1G74260.1	0.0
ostta06g03830	AT1G54560.2	0.085
ostta06g03840	AT5G23060.1	2.38e-28
ostta06g03850	AT3G52390.1	6.90e-103
ostta06g03860	AT4G39960.2	1.59e-08
ostta06g03870	AT3G26810.1	0.62
ostta06g03880	AT2G17640.1	6.27e-07
ostta06g03890	AT1G77030.1	0.0
ostta06g03900	AT3G11270.1	9.83e-131
ostta06g03910	AT1G75660.1	5.80e-157
ostta06g03910	AT1G75660.1	2.53e-85
ostta06g03920	AT1G60130.2	6.7
ostta06g03930	AT1G15200.3	5.1
ostta06g03940	AT3G42170.1	5.79e-08
ostta06g03950	AT4G02390.1	0.008
ostta06g03960	AT2G34880.1	2.7
ostta06g03970	AT2G36780.1	0.52
ostta06g03980	AT3G47120.1	8.81e-13
ostta06g03980	AT3G47120.1	6.51e-10
ostta06g03980	AT3G47120.1	2.32e-04
ostta06g03980	AT3G47120.1	0.005
ostta06g03990	AT4G02460.2	5.21e-98
ostta06g03990	AT4G02460.2	1.59e-27
ostta06g04000	AT5G41190.1	4.63e-67
ostta06g04010	AT1G04170.2	0.0
ostta06g04020	AT3G51120.1	0.20
ostta06g04030	AT1G78560.1	6.47e-95
ostta06g04040	AT3G19950.1	6.48e-12
ostta06g04050	AT1G27410.1	4.72e-37
ostta06g04060	AT3G05530.1	0.0
ostta06g04070	AT3G11400.1	1.09e-86
ostta06g04080	AT5G43040.1	5.4
ostta06g04090	AT1G72250.1	2.1
ostta06g04100	AT1G71710.1	2.0
ostta06g04110	AT5G03555.1	9.53e-128
ostta06g04120	AT4G39970.1	7.41e-74
ostta06g04130	AT5G11180.1	1.1
ostta06g04140	AT1G16020.3	5.27e-06
ostta06g04150	AT3G30380.1	1.41e-53
ostta06g04160	AT1G07030.1	2.12e-75
ostta06g04170	AT4G04910.1	6.19e-141
ostta06g04180	AT5G50400.1	6.84e-70
ostta06g04190	AT4G27990.1	3.47e-23
ostta06g04200	AT5G48220.4	6.58e-120
ostta06g04210	AT4G34150.1	1.97e-22
ostta06g04220	AT2G17980.1	8.51e-176
ostta06g04230	AT2G34900.2	1.73e-27
ostta06g04240	AT3G62870.1	2.61e-134
ostta06g04250	AT2G05210.3	7.3
ostta06g04260	AT1G20450.1	2.4
ostta06g04270	AT5G03555.1	4.51e-13
ostta06g04280	AT2G25880.4	0.82
ostta06g04290	AT1G06590.1	1.09e-21
ostta06g04290	AT1G06590.1	2.95e-06
ostta06g04300	AT1G58250.1	7.91e-17
ostta06g04300	AT1G58250.1	1.53e-08
ostta06g04300	AT1G58250.1	0.26
ostta06g04310	AT3G09430.3	0.029
ostta06g04320	AT1G04850.1	5.52e-64
ostta06g04330	AT2G24420.2	0.21
ostta06g04340	AT4G15180.1	1.04e-82
ostta06g04345	AT4G18600.3	4.1
ostta06g04347	AT3G18940.1	6.37e-09
ostta06g04350	AT5G19470.1	1.16e-79
ostta06g04360	AT1G24560.1	5.0
ostta06g04370	AT4G01840.1	2.07e-28
ostta06g04380	AT5G27410.3	2.8
ostta06g04390	AT5G45760.1	1.78e-08
ostta06g04400	AT3G55160.3	3.27e-116
ostta06g04420	AT3G61680.3	4.15e-07
ostta06g04430	AT5G13780.1	8.77e-65
ostta06g04440	AT5G14610.2	2.30e-37
ostta06g04440	AT5G14610.2	1.08e-06
ostta06g04450	AT2G33150.1	4.97e-176
ostta06g04460	AT1G19800.6	0.006
ostta06g04470	AT1G65440.2	0.41
ostta06g04480	AT5G20040.1	6.73e-80
ostta06g04490	AT5G64830.2	3.69e-18
ostta06g04500	AT5G12200.1	1.9
ostta06g04510	AT5G43530.1	0.002
ostta06g04520	AT3G14110.2	1.40e-27
ostta06g04530	AT3G57280.1	2.48e-25
ostta06g04540	AT1G22882.1	2.63e-08
ostta06g04550	AT4G32540.2	0.28
ostta06g04560	AT5G04170.1	2.51e-09
ostta06g04570	AT1G55880.1	3.40e-148
ostta06g04580	AT5G59250.1	7.66e-52
ostta06g04590	AT1G04420.1	4.36e-96
ostta06g04600	AT1G44575.3	2.98e-06
ostta06g04600	AT1G44575.3	0.011
ostta06g04600	AT1G44575.3	2.7
ostta06g04610	AT2G39140.1	2.20e-68
ostta06g04620	AT2G45720.5	0.12
ostta06g04630	AT5G47780.1	0.089
ostta07g00010	AT5G27630.2	4.53e-36
ostta07g00015	AT4G17910.3	5.15e-64
ostta07g00020	AT5G54260.1	1.20e-156
ostta07g00030	AT4G16570.1	6.00e-22
ostta07g00030	AT4G16570.1	2.53e-16
ostta07g00040	AT5G16470.2	9.54e-27
ostta07g00050	AT2G37270.2	4.76e-124
ostta07g00060	AT2G36230.1	3.08e-106
ostta07g00070	AT1G73180.2	3.09e-104
ostta07g00080	AT1G64530.2	5.33e-32
ostta07g00080	AT1G64530.2	0.006
ostta07g00090	AT1G62830.1	2.12e-30
ostta07g00090	AT1G62830.1	3.75e-10
ostta07g00100	AT5G20860.2	4.1
ostta07g00110	AT5G66170.3	0.16
ostta07g00120	AT2G29940.1	0.0
ostta07g00130	AT3G20060.1	1.01e-72
ostta07g00140	AT1G20816.1	2.68e-28
ostta07g00150	AT4G13720.1	2.02e-04
ostta07g00160	AT4G02570.4	0.0
ostta07g00170	AT2G34480.1	5.88e-75
ostta07g00190	AT1G63240.1	1.2
ostta07g00200	AT5G37450.1	0.15
ostta07g00210	AT1G63980.1	3.23e-06
ostta07g00220	AT5G54670.3	4.1
ostta07g00230	AT2G17850.1	1.15e-06
ostta07g00240	AT3G10113.1	0.11
ostta07g00250	AT4G13720.2	2.57e-22
ostta07g00260	AT4G04610.1	0.002
ostta07g00270	AT4G31160.1	6.86e-61
ostta07g00280	AT2G04842.2	0.0
ostta07g00290	AT3G25580.2	1.98e-58
ostta07g00320	AT5G44600.1	9.32e-19
ostta07g00330	AT2G24720.1	0.63
ostta07g00335	AT1G17190.1	7.9
ostta07g00340	AT2G19950.2	4.38e-04
ostta07g00350	AT1G49980.3	2.03e-15
ostta07g00360	AT1G64185.1	8.03e-24
ostta07g00370	AT1G06220.3	0.0
ostta07g00380	AT4G15110.1	3.98e-33
ostta07g00385	AT1G04620.1	0.0
ostta07g00390	AT2G03270.1	0.0
ostta07g00400	AT1G03080.3	1.2
ostta07g00410	AT3G17611.1	0.16
ostta07g00420	AT5G17660.1	2.65e-15
ostta07g00430	AT1G77290.3	2.5
ostta07g00440	AT5G51660.1	0.0
ostta07g00450	AT2G32040.1	1.38e-154
ostta07g00470	AT3G46770.1	0.73
ostta07g00480	AT4G20760.1	5.29e-30
ostta07g00490	AT5G24800.1	3.38e-09
ostta07g00500	AT3G51440.1	2.0
ostta07g00510	AT1G05270.1	0.004
ostta07g00520	AT3G27530.1	1.2
ostta07g00530	AT5G63320.3	5.40e-12
ostta07g00540	AT4G22080.1	0.64
ostta07g00550	AT4G16450.2	1.04e-06
ostta07g00560	AT3G53940.1	2.57e-87
ostta07g00560	AT3G53940.1	1.20e-14
ostta07g00560	AT3G53940.1	1.41e-14
ostta07g00570	AT5G58900.1	5.7
ostta07g00590	AT5G17760.1	1.43e-20
ostta07g00600	AT5G12130.2	7.54e-17
ostta07g00610	AT2G29040.1	0.71
ostta07g00620	AT2G37070.1	1.3
ostta07g00630	AT4G04910.1	1.1
ostta07g00640	ATCG00730.1	4.33e-83
ostta07g00650	AT4G39820.1	3.52e-19
ostta07g00655	AT2G01770.1	5.69e-28
ostta07g00670	AT4G27340.1	1.2
ostta07g00680	AT5G42870.1	5.49e-84
ostta07g00680	AT5G42870.1	4.69e-11
ostta07g00690	AT4G36210.3	2.2
ostta07g00700	AT5G58560.1	3.98e-58
ostta07g00710	AT1G60640.2	0.016
ostta07g00720	AT4G16141.1	8.79e-06
ostta07g00730	AT1G65950.1	1.06e-81
ostta07g00740	AT4G17170.1	6.50e-106
ostta07g00750	AT2G36930.1	9.24e-08
ostta07g00750	AT2G36930.1	0.002
ostta07g00760	AT5G40820.4	4.2
ostta07g00770	AT5G47200.1	3.10e-117
ostta07g00780	AT1G04870.2	2.17e-118
ostta07g00790	AT4G23570.2	4.31e-43
ostta07g00800	AT5G23540.1	2.55e-169
ostta07g00810	AT1G80090.1	0.099
ostta07g00820	AT5G27630.1	0.25
ostta07g00830	AT5G23110.1	0.39
ostta07g00840	AT1G11800.1	6.28e-55
ostta07g00850	AT3G55320.1	1.3
ostta07g00860	AT4G30845.1	3.83e-05
ostta07g00870	AT4G00850.1	5.24e-26
ostta07g00880	AT4G22340.1	6.19e-83
ostta07g00890	AT1G10510.1	5.69e-25
ostta07g00890	AT1G10510.1	1.03e-22
ostta07g00890	AT1G10510.1	4.04e-20
ostta07g00890	AT1G10510.1	1.34e-19
ostta07g00890	AT1G10510.1	1.28e-10
ostta07g00890	AT1G10510.1	2.99e-10
ostta07g00890	AT1G10510.1	2.84e-04
ostta07g00900	AT2G24700.1	3.6
ostta07g00910	AT1G23410.1	5.23e-81
ostta07g00920	AT5G47620.4	3.09e-14
ostta07g00920	AT5G47620.4	5.06e-05
ostta07g00930	AT2G27050.1	0.94
ostta07g00940	AT2G30105.1	1.19e-25
ostta07g00950	AT2G39780.1	5.79e-09
ostta07g00960	AT4G17280.1	4.70e-07
ostta07g00970	AT2G02750.1	0.035
ostta07g00980	AT5G24930.1	1.54e-12
ostta07g00980	AT5G24930.1	1.54e-06
ostta07g00980	AT5G24930.1	2.84e-05
ostta07g00990	AT3G62810.2	1.04e-10
ostta07g01000	AT3G62550.1	0.004
ostta07g01010	AT3G09690.2	1.4
ostta07g01020	AT4G34270.1	1.66e-38
ostta07g01030	AT4G34270.1	3.33e-06
ostta07g01040	AT1G79750.1	6.97e-146
ostta07g01050	AT5G07740.1	5.34e-28
ostta07g01050	AT5G07740.1	0.022
ostta07g01060	AT1G74870.1	2.4
ostta07g01070	AT5G03770.2	1.0
ostta07g01080	AT4G01970.2	0.43
ostta07g01090	AT5G61070.1	3.50e-76
ostta07g01100	AT1G23360.1	4.16e-17
ostta07g01110	AT5G05730.1	0.0
ostta07g01120	AT5G53770.1	1.34e-89
ostta07g01130	AT5G60230.2	0.15
ostta07g01140	AT2G17650.1	3.6
ostta07g01150	AT1G64550.1	6.27e-113
ostta07g01160	AT4G32200.1	3.9
ostta07g01170	AT1G80640.2	1.1
ostta07g01175	AT1G62390.1	3.4
ostta07g01180	AT2G28890.1	3.8
ostta07g01190	AT5G14530.1	8.54e-65
ostta07g01200	AT4G25630.1	8.44e-142
ostta07g01205	AT3G20390.1	3.09e-44
ostta07g01210	AT3G08040.2	4.75e-05
ostta07g01220	AT3G07890.5	2.44e-54
ostta07g01230	AT1G01220.6	7.92e-32
ostta07g01230	AT1G01220.6	0.045
ostta07g01250	AT4G31950.1	1.2
ostta07g01260	AT5G26830.1	0.0
ostta07g01270	AT2G41040.1	1.69e-67
ostta07g01280	AT5G27290.1	1.28e-76
ostta07g01285	AT5G27290.2	1.20e-15
ostta07g01290	AT3G50685.1	0.27
ostta07g01290	AT3G50685.1	0.94
ostta07g01300	AT4G15830.1	9.56e-06
ostta07g01310	AT3G11540.2	4.53e-10
ostta07g01320	AT1G35180.1	3.61e-35
ostta07g01330	AT3G20810.1	1.82e-41
ostta07g01340	AT5G59440.2	9.77e-75
ostta07g01350	AT4G09650.1	1.31e-45
ostta07g01360	AT3G47630.6	1.35e-39
ostta07g01370	AT5G46930.1	6.9
ostta07g01380	AT1G49980.8	1.32e-122
ostta07g01400	AT1G18040.1	4.93e-136
ostta07g01410	AT2G25310.1	6.03e-16
ostta07g01420	AT2G19520.1	1.46e-111
ostta07g01430	AT3G09850.1	6.30e-12
ostta07g01430	AT3G09850.1	3.14e-06
ostta07g01435	AT1G07960.4	0.057
ostta07g01440	AT5G25480.1	5.09e-49
ostta07g01450	AT1G08830.2	5.05e-16
ostta07g01460	AT1G74100.1	1.23e-07
ostta07g01470	AT5G61510.2	1.95e-23
ostta07g01480	AT2G18910.1	0.023
ostta07g01490	AT1G17700.1	0.51
ostta07g01500	AT2G25110.1	4.40e-61
ostta07g01510	AT2G34780.1	2.3
ostta07g01520	AT2G13540.1	1.82e-73
ostta07g01530	AT5G40950.1	2.12e-25
ostta07g01540	AT3G12290.1	4.56e-145
ostta07g01550	AT4G23730.1	5.89e-12
ostta07g01560	AT2G35500.1	7.01e-26
ostta07g01570	AT2G38920.4	2.9
ostta07g01575	AT1G76060.1	7.63e-28
ostta07g01580	AT1G30400.2	0.0
ostta07g01590	AT1G49350.1	1.90e-26
ostta07g01600	AT3G63070.1	1.7
ostta07g01610	AT2G36250.4	2.40e-137
ostta07g01620	AT3G28740.1	1.6
ostta07g01630	AT5G64160.1	8.0
ostta07g01640	AT1G06490.2	7.63e-117
ostta07g01640	AT1G06490.2	4.08e-98
ostta07g01640	AT1G06490.2	1.72e-07
ostta07g01640	AT1G06490.2	4.35e-06
ostta07g01640	AT1G06490.2	0.87
ostta07g01640	AT1G06490.2	3.0
ostta07g01650	AT3G48350.1	9.71e-29
ostta07g01660	AT1G22850.2	1.05e-59
ostta07g01670	AT1G14360.1	5.70e-33
ostta07g01680	AT3G48350.1	1.98e-27
ostta07g01690	AT3G57090.2	6.36e-09
ostta07g01700	AT5G60790.1	0.0
ostta07g01700	AT5G60790.1	1.58e-39
ostta07g01700	AT5G60790.1	6.73e-25
ostta07g01700	AT5G60790.1	9.87e-12
ostta07g01700	AT5G60790.1	1.06e-09
ostta07g01710	AT2G32440.2	1.80e-26
ostta07g01720	AT3G58670.4	8.41e-20
ostta07g01730	AT5G52380.1	3.17e-25
ostta07g01730	AT5G52380.1	0.041
ostta07g01740	AT5G54190.1	2.06e-110
ostta07g01750	AT2G43080.1	3.26e-16
ostta07g01750	AT2G43080.1	7.4
ostta07g01760	AT4G30930.1	3.82e-07
ostta07g01770	AT1G35580.2	3.7
ostta07g01780	AT3G10405.1	1.50e-20
ostta07g01790	AT1G55150.1	5.48e-78
ostta07g01800	AT2G42500.1	3.03e-169
ostta07g01810	AT4G05410.1	2.63e-89
ostta07g01820	AT3G24190.1	2.80e-105
ostta07g01830	AT1G66510.4	3.02e-24
ostta07g01840	AT2G46890.1	0.58
ostta07g01850	AT1G66960.2	0.023
ostta07g01860	AT1G55535.3	1.43e-05
ostta07g01870	AT2G27970.1	8.99e-43
ostta07g01880	AT5G22800.2	0.0
ostta07g01890	AT1G36320.1	1.09e-59
ostta07g01895	AT5G27830.5	3.45e-16
ostta07g01900	AT1G70480.1	4.30e-05
ostta07g01910	AT3G06270.1	3.36e-50
ostta07g01920	AT3G25800.3	1.27e-179
ostta07g01920	AT3G25800.3	1.30e-16
ostta07g01920	AT3G25800.3	5.20e-09
ostta07g01920	AT3G25800.3	0.063
ostta07g01930	AT3G25800.2	2.25e-53
ostta07g01940	AT3G52090.1	1.84e-38
ostta07g01950	AT1G76130.2	6.39e-149
ostta07g01960	AT5G19940.1	2.71e-23
ostta07g01970	AT5G55855.2	0.049
ostta07g01975	AT1G19910.1	2.51e-89
ostta07g01980	AT2G46560.3	1.55e-35
ostta07g01980	AT2G46560.3	2.38e-29
ostta07g01990	AT1G51650.1	4.25e-17
ostta07g02000	AT5G09570.1	8.26e-14
ostta07g02010	AT5G50920.1	0.0
ostta07g02020	AT5G43280.1	2.68e-70
ostta07g02040	AT4G37910.2	1.6
ostta07g02050	AT1G48620.1	4.8
ostta07g02060	AT1G32810.2	0.24
ostta07g02070	AT1G04230.2	5.24e-28
ostta07g02080	AT1G71240.2	2.9
ostta07g02090	AT4G22830.2	1.04e-30
ostta07g02100	AT1G06720.3	0.77
ostta07g02110	ATCG00490.1	2.83e-17
ostta07g02120	AT2G46500.2	4.05e-83
ostta07g02130	AT5G48470.1	3.37e-18
ostta07g02140	AT2G25620.2	1.95e-90
ostta07g02150	AT1G31812.1	3.84e-21
ostta07g02160	AT1G27880.1	0.054
ostta07g02170	AT5G38890.1	9.80e-43
ostta07g02180	AT2G38290.1	1.14e-52
ostta07g02190	AT1G30850.1	4.8
ostta07g02200	AT1G34630.1	5.92e-67
ostta07g02210	AT1G80480.1	3.33e-22
ostta07g02220	AT5G06690.1	4.48e-23
ostta07g02230	AT1G56440.1	4.09e-06
ostta07g02240	AT1G64790.3	0.0
ostta07g02250	AT1G49820.1	5.65e-125
ostta07g02260	AT2G04270.1	3.92e-18
ostta07g02270	AT3G44480.4	0.24
ostta07g02280	AT2G41540.4	2.8
ostta07g02290	AT4G10020.1	0.38
ostta07g02300	AT1G76050.2	1.03e-21
ostta07g02310	AT3G13470.1	0.0
ostta07g02320	AT5G13480.2	4.50e-16
ostta07g02320	AT5G13480.2	9.6
ostta07g02330	AT5G08630.3	5.55e-08
ostta07g02340	AT3G55330.1	6.15e-53
ostta07g02350	AT1G12770.2	4.76e-115
ostta07g02360	AT5G63770.2	1.92e-76
ostta07g02370	AT3G12050.1	6.57e-19
ostta07g02380	AT2G34090.5	3.5
ostta07g02390	AT3G04740.1	3.58e-19
ostta07g02400	ATCG00720.1	3.57e-99
ostta07g02410	ATCG00560.1	1.70e-17
ostta07g02420	ATCG00580.1	2.16e-43
ostta07g02430	AT4G15260.1	2.1
ostta07g02440	AT5G01240.1	0.35
ostta07g02450	AT1G44446.4	8.31e-55
ostta07g02460	AT5G15910.2	0.86
ostta07g02470	AT1G19740.1	6.03e-08
ostta07g02480	AT1G30100.1	1.4
ostta07g02490	AT1G72920.1	0.61
ostta07g02500	AT5G24690.1	6.07e-82
ostta07g02510	AT3G47390.2	3.40e-153
ostta07g02520	AT3G48150.1	1.24e-152
ostta07g02530	AT5G01530.1	6.09e-27
ostta07g02540	AT4G02110.1	2.14e-24
ostta07g02540	AT4G02110.1	2.78e-09
ostta07g02550	AT5G02320.3	0.11
ostta07g02570	AT5G07660.1	6.27e-126
ostta07g02580	AT1G13560.1	7.10e-23
ostta07g02590	AT4G25080.6	4.13e-102
ostta07g02600	AT1G53470.1	3.53e-26
ostta07g02610	AT1G09815.1	2.07e-14
ostta07g02620	AT3G43790.4	1.21e-41
ostta07g02630	AT3G59630.2	4.45e-88
ostta07g02640	AT5G62440.1	6.55e-25
ostta07g02650	AT2G25420.2	4.8
ostta07g02660	AT5G21140.1	2.34e-11
ostta07g02670	AT5G14600.1	7.13e-81
ostta07g02675	AT3G57620.1	2.7
ostta07g02680	AT5G11430.3	1.50e-29
ostta07g02690	AT5G55290.3	7.56e-08
ostta07g02700	AT5G10260.1	2.66e-105
ostta07g02710	AT4G18590.1	5.20e-12
ostta07g02720	AT1G32500.1	5.61e-106
ostta07g02725	AT3G08720.4	1.10e-139
ostta07g02730	AT2G01910.2	0.14
ostta07g02740	AT2G31750.1	2.4
ostta07g02750	AT3G01800.1	8.59e-35
ostta07g02760	AT4G10840.1	5.50e-07
ostta07g02770	AT1G79600.1	0.0
ostta07g02780	AT1G29880.1	0.0
ostta07g02790	AT5G26742.3	1.95e-05
ostta07g02800	AT1G21810.2	0.62
ostta07g02805	AT4G20130.3	2.84e-11
ostta07g02810	AT5G54810.1	0.0
ostta07g02820	AT3G53110.1	2.00e-150
ostta07g02830	AT4G02405.2	9.3
ostta07g02840	AT3G26990.2	1.70e-30
ostta07g02850	AT4G14600.1	1.42e-13
ostta07g02855	AT4G32930.1	4.68e-04
ostta07g02860	AT2G29650.2	0.33
ostta07g02870	AT5G44450.1	1.10e-73
ostta07g02880	AT5G44090.1	1.19e-172
ostta07g02890	AT5G50100.1	7.40e-20
ostta07g02900	AT3G13230.2	9.86e-92
ostta07g02910	AT3G19780.2	9.76e-06
ostta07g02920	AT4G19540.1	1.30e-86
ostta07g02930	AT1G18030.2	0.72
ostta07g02940	AT1G80745.1	0.039
ostta07g02950	AT2G07340.1	5.15e-18
ostta07g02960	AT4G20110.2	0.016
ostta07g02970	AT3G57880.4	4.57e-18
ostta07g02980	AT5G57860.4	2.5
ostta07g02990	AT1G59520.3	4.85e-05
ostta07g03000	AT3G52155.2	3.15e-23
ostta07g03010	AT5G13830.1	0.51
ostta07g03020	AT1G55803.1	6.86e-16
ostta07g03030	AT5G48870.1	2.27e-43
ostta07g03040	AT4G32010.2	0.025
ostta07g03050	AT3G27970.1	1.31e-49
ostta07g03060	AT5G51430.1	1.02e-90
ostta07g03070	AT5G48300.1	0.0
ostta07g03080	AT3G63480.2	3.63e-47
ostta07g03090	AT3G02220.1	5.41e-10
ostta07g03100	AT1G70610.1	2.79e-89
ostta07g03110	AT3G11670.1	9.69e-139
ostta07g03120	AT1G75310.1	0.073
ostta07g03130	AT1G15730.1	5.11e-102
ostta07g03140	AT3G04150.1	0.37
ostta07g03150	AT2G01300.1	0.51
ostta07g03160	AT4G39690.1	1.05e-26
ostta07g03170	AT2G35450.1	1.64e-34
ostta07g03180	AT1G73280.2	1.0
ostta07g03190	AT4G34730.3	3.85e-10
ostta07g03200	AT1G60620.1	2.08e-95
ostta07g03210	AT1G35530.4	1.19e-111
ostta07g03220	AT4G23540.1	5.0
ostta07g03230	AT3G52300.1	4.95e-15
ostta07g03240	AT1G77550.1	1.21e-10
ostta07g03250	AT5G35970.1	0.31
ostta07g03260	AT1G20925.1	3.51e-22
ostta07g03270	AT4G35560.1	0.020
ostta07g03280	AT1G02410.3	5.09e-76
ostta07g03290	AT1G04020.1	7.63e-07
ostta07g03300	AT3G63460.2	0.23
ostta07g03310	AT1G34120.5	1.7
ostta07g03320	AT2G29960.3	2.00e-66
ostta07g03330	AT1G75850.1	0.0
ostta07g03340	AT4G30580.1	3.70e-78
ostta07g03350	AT5G24900.2	1.46e-24
ostta07g03360	AT5G10190.2	5.2
ostta07g03370	AT5G11500.2	2.62e-77
ostta07g03380	AT3G13920.1	0.0
ostta07g03400	AT2G20690.1	1.05e-32
ostta07g03410	AT4G36240.1	1.48e-13
ostta07g03420	AT1G02080.3	0.0
ostta07g03420	AT1G02080.3	9.70e-160
ostta07g03430	AT4G03165.1	2.9
ostta07g03440	AT4G39210.2	1.02e-73
ostta07g03450	AT4G32390.1	9.73e-30
ostta07g03460	AT2G27470.1	1.08e-21
ostta07g03470	AT3G19340.1	9.64e-45
ostta07g03480	AT5G22100.1	4.95e-104
ostta07g03490	AT3G53900.1	6.93e-93
ostta07g03500	AT5G57345.1	3.34e-04
ostta07g03510	AT5G40820.2	0.0
ostta07g03520	AT5G01340.1	1.27e-133
ostta07g03520	AT5G01340.1	3.01e-08
ostta07g03520	AT5G01340.1	0.002
ostta07g03530	AT5G21930.2	0.0
ostta07g03540	AT2G37290.3	3.42e-24
ostta07g03550	AT1G55880.1	2.61e-44
ostta07g03560	AT5G41770.1	0.0
ostta07g03565	AT2G14120.4	3.5
ostta07g03570	AT2G02500.2	1.56e-89
ostta07g03580	AT4G34100.2	0.75
ostta07g03590	AT1G15780.3	0.57
ostta07g03600	AT5G48390.1	0.046
ostta07g03610	AT3G43810.4	5.40e-21
ostta07g03610	AT3G43810.4	3.72e-11
ostta07g03610	AT3G43810.4	1.68e-05
ostta07g03610	AT3G43810.4	0.11
ostta07g03620	AT4G31880.1	1.47e-10
ostta07g03630	AT2G01490.2	5.40e-75
ostta07g03635	AT5G05920.2	3.21e-91
ostta07g03640	AT3G54440.1	0.0
ostta07g03650	AT5G03850.1	2.70e-29
ostta07g03660	AT4G15850.1	5.62e-50
ostta07g03670	AT1G60780.1	6.34e-125
ostta07g03680	AT1G60670.1	0.002
ostta07g03690	AT2G37090.1	0.40
ostta07g03700	AT5G05920.1	4.57e-99
ostta07g03710	AT5G02330.1	3.0
ostta07g03720	AT1G09280.1	1.48e-24
ostta07g03730	AT5G35170.2	4.74e-65
ostta07g03740	AT1G65030.1	3.09e-45
ostta07g03750	AT3G20810.1	7.00e-11
ostta07g03760	AT4G32700.2	2.9
ostta07g03770	AT3G46920.1	0.78
ostta07g03780	AT3G28740.1	0.90
ostta07g03790	AT4G03150.1	4.4
ostta07g03800	AT5G27560.4	1.72e-50
ostta07g03810	AT3G58460.1	6.24e-37
ostta07g03820	AT4G34110.1	0.0
ostta07g03830	AT3G07790.1	9.08e-21
ostta07g03840	AT2G38150.1	0.10
ostta07g03850	AT3G24460.2	2.60e-46
ostta07g03860	AT1G66950.1	3.5
ostta07g03870	AT2G37520.1	5.2
ostta07g03880	AT2G05990.2	1.48e-168
ostta07g03885	AT5G55140.1	8.07e-08
ostta07g03890	AT1G18640.2	3.60e-81
ostta07g03900	AT2G46020.4	0.0
ostta07g03910	AT3G44530.2	0.0
ostta07g03920	AT3G13740.2	9.15e-24
ostta07g03930	AT1G72810.1	2.3
ostta07g03940	AT1G72390.2	0.037
ostta07g03950	AT5G42620.2	5.93e-05
ostta07g03950	AT5G42620.2	0.002
ostta07g03950	AT5G42620.2	0.055
ostta07g03950	AT5G42620.2	2.7
ostta07g03960	AT3G60290.1	1.1
ostta07g03980	AT1G45332.1	0.0
ostta07g03990	AT2G33255.1	2.07e-53
ostta07g04000	AT1G36730.1	3.85e-88
ostta07g04010	AT3G06960.1	3.83e-09
ostta07g04020	AT5G18570.1	6.47e-49
ostta07g04030	AT1G54460.1	2.3
ostta07g04040	AT1G63810.2	1.47e-122
ostta07g04050	AT3G47120.2	2.87e-50
ostta07g04060	AT5G22620.6	1.09e-79
ostta07g04070	AT4G24680.4	0.91
ostta07g04080	AT4G38050.1	0.056
ostta07g04090	AT5G48790.3	0.23
ostta07g04100	AT1G53710.1	2.79e-68
ostta07g04110	AT3G58310.1	3.9
ostta07g04120	AT1G77740.2	3.10e-138
ostta07g04120	AT1G77740.2	4.97e-06
ostta07g04130	AT5G06240.1	2.47e-09
ostta07g04140	AT1G12840.1	2.62e-94
ostta07g04150	AT5G61970.1	2.63e-50
ostta07g04160	AT1G16080.1	1.25e-101
ostta07g04170	AT4G22150.1	0.33
ostta07g04180	AT3G16080.1	2.57e-44
ostta07g04190	AT3G54110.1	1.80e-126
ostta07g04200	AT1G49380.1	3.1
ostta07g04210	AT1G80260.1	2.00e-28
ostta07g04210	AT1G80260.1	8.61e-10
ostta07g04220	AT5G52110.2	1.26e-09
ostta07g04230	AT5G39410.1	2.53e-13
ostta07g04230	AT5G39410.1	0.012
ostta07g04240	AT5G58890.1	5.8
ostta07g04250	AT1G74150.4	3.16e-09
ostta07g04260	AT3G02360.2	0.0
ostta07g04270	AT1G67580.2	3.60e-113
ostta07g04280	AT1G18410.4	1.5
ostta07g04290	AT3G06400.2	0.0
ostta07g04300	AT1G72660.3	0.0
ostta07g04310	AT4G00830.5	9.20e-08
ostta07g04310	AT4G00830.5	2.0
ostta07g04310	AT4G00830.5	3.1
ostta07g04320	AT1G32150.1	1.03e-05
ostta07g04330	AT4G11420.1	0.0
ostta07g04340	AT1G13960.2	2.00e-14
ostta07g04340	AT1G13960.2	3.42e-07
ostta07g04350	AT3G21650.2	0.0
ostta07g04360	AT2G39080.1	2.52e-82
ostta07g04370	AT2G45290.2	0.0
ostta07g04380	AT1G06050.1	1.77e-12
ostta07g04390	AT2G45770.1	5.90e-110
ostta07g04400	AT4G02560.2	0.002
ostta07g04400	AT4G02560.2	0.42
ostta07g04400	AT4G02560.2	4.7
ostta07g04410	AT1G06950.1	1.34e-158
ostta07g04420	AT1G50520.1	0.87
ostta07g04430	AT5G02310.2	0.15
ostta07g04440	AT1G64070.1	1.4
ostta07g04450	AT1G48350.1	5.55e-36
ostta07g04460	AT5G10740.2	2.38e-26
ostta07g04470	AT1G54500.1	7.86e-29
ostta07g04480	AT5G49060.2	1.93e-06
ostta07g04490	AT5G48150.4	2.5
ostta07g04500	AT1G23360.1	1.05e-77
ostta07g04510	AT3G45040.1	1.34e-22
ostta07g04520	AT2G02790.1	1.6
ostta07g04530	AT1G62750.1	0.0
ostta07g04540	AT4G22300.1	6.07e-33
ostta07g04550	AT1G79710.2	3.12e-16
ostta07g04560	AT1G79710.2	6.91e-16
ostta07g04560	AT1G79710.2	7.12e-11
ostta07g04570	AT1G20575.1	4.04e-92
ostta07g04580	AT4G02110.1	2.45e-21
ostta07g04590	AT5G58020.1	1.66e-31
ostta07g04600	AT5G14110.1	3.9
ostta07g04610	AT2G18850.1	1.30e-17
ostta07g04620	AT5G06460.1	0.0
ostta07g04630	AT1G27940.2	5.2
ostta07g04640	AT1G55920.1	1.93e-99
ostta07g04650	AT3G54360.2	1.7
ostta07g04660	AT5G08420.1	6.41e-129
ostta07g04670	AT1G64970.1	1.97e-42
ostta07g04680	AT3G25220.1	0.002
ostta07g04690	AT1G13060.1	0.024
ostta07g04700	AT5G02860.5	2.96e-13
ostta07g04700	AT5G02860.5	1.38e-09
ostta07g04700	AT5G02860.5	7.03e-07
ostta07g04700	AT5G02860.5	4.18e-06
ostta07g04700	AT5G02860.5	4.52e-06
ostta07g04700	AT5G02860.5	0.024
ostta07g04700	AT5G02860.5	3.7
ostta07g04710	AT3G57900.1	0.41
ostta07g04720	AT3G04650.1	1.32e-43
ostta07g04730	AT3G26070.1	3.04e-04
ostta07g04740	AT1G54110.3	1.42e-08
ostta07g04750	AT1G48050.2	8.18e-24
ostta07g04760	AT1G67340.1	0.98
ostta08g00010	AT2G14720.2	1.04e-156
ostta08g00020	AT3G52850.1	0.013
ostta08g00050	AT2G22780.1	6.90e-135
ostta08g00060	AT5G47840.1	2.00e-89
ostta08g00070	AT2G26830.1	1.08e-48
ostta08g00080	AT3G59660.2	1.3
ostta08g00090	AT3G57480.2	5.7
ostta08g00100	AT4G39640.2	0.16
ostta08g00110	AT1G77090.1	8.93e-04
ostta08g00120	AT4G01180.1	2.0
ostta08g00130	AT5G17070.1	0.001
ostta08g00140	AT3G07950.1	1.17e-35
ostta08g00150	AT4G04770.1	0.0
ostta08g00160	AT3G48260.1	4.23e-113
ostta08g00170	AT1G65700.2	2.01e-33
ostta08g00180	AT1G63860.6	6.4
ostta08g00190	AT4G32320.1	9.87e-69
ostta08g00200	AT5G10980.1	8.33e-95
ostta08g00210	AT1G54290.1	1.71e-04
ostta08g00220	AT5G42760.1	1.94e-18
ostta08g00230	AT3G61320.1	7.35e-25
ostta08g00240	AT1G20720.1	1.04e-160
ostta08g00250	AT3G22290.2	3.48e-57
ostta08g00260	AT4G20760.1	1.60e-13
ostta08g00270	AT1G64680.1	3.27e-41
ostta08g00280	AT3G16600.1	4.7
ostta08g00290	AT5G40220.1	1.6
ostta08g00300	AT5G22830.2	1.17e-50
ostta08g00310	AT4G37210.1	2.39e-15
ostta08g00320	AT1G31500.7	0.43
ostta08g00330	AT5G63870.2	4.70e-97
ostta08g00340	AT1G74530.3	8.99e-32
ostta08g00350	AT1G64550.1	6.69e-16
ostta08g00350	AT1G64550.1	2.39e-06
ostta08g00360	AT4G03740.1	0.49
ostta08g00370	AT5G52770.1	1.3
ostta08g00380	AT2G44150.1	2.7
ostta08g00390	AT4G23160.3	6.44e-47
ostta08g00400	AT3G10400.1	0.75
ostta08g00410	AT4G20980.4	6.12e-114
ostta08g00420	AT2G39090.1	1.82e-49
ostta08g00430	AT1G18790.1	0.27
ostta08g00440	AT1G79440.1	8.28e-173
ostta08g00450	AT5G36120.1	7.28e-39
ostta08g00460	AT3G18040.4	0.0
ostta08g00470	AT4G11600.1	2.31e-30
ostta08g00480	AT1G56110.1	0.0
ostta08g00490	AT1G49540.2	1.33e-102
ostta08g00500	AT5G24540.2	7.9
ostta08g00510	AT1G07960.4	7.75e-20
ostta08g00520	AT1G05640.1	8.89e-16
ostta08g00530	AT4G32920.3	0.68
ostta08g00540	AT5G15270.2	9.94e-08
ostta08g00540	AT5G15270.2	0.66
ostta08g00540	AT5G15270.2	2.6
ostta08g00550	AT5G42320.1	2.40e-87
ostta08g00560	AT3G27060.1	4.27e-177
ostta08g00570	AT5G56670.1	1.46e-20
ostta08g00580	AT1G80620.1	1.29e-24
ostta08g00590	AT2G26840.1	4.50e-33
ostta08g00600	AT1G31730.1	0.47
ostta08g00610	AT5G43310.1	0.74
ostta08g00620	AT2G01090.4	3.37e-17
ostta08g00630	AT1G04630.1	1.16e-40
ostta08g00640	AT4G27040.6	4.48e-54
ostta08g00650	AT5G62950.7	6.07e-13
ostta08g00660	AT2G47330.1	6.95e-127
ostta08g00670	AT2G20690.1	0.82
ostta08g00680	AT1G65920.1	0.014
ostta08g00680	AT1G65920.1	1.4
ostta08g00690	AT1G48630.1	0.87
ostta08g00700	AT3G48330.2	6.17e-77
ostta08g00710	AT5G67100.2	0.0
ostta08g00720	AT1G59840.2	2.52e-44
ostta08g00730	AT5G65687.1	3.27e-96
ostta08g00740	AT4G21520.1	4.81e-39
ostta08g00750	AT2G07775.1	1.9
ostta08g00755	AT1G78300.1	1.09e-43
ostta08g00760	AT3G47350.1	0.43
ostta08g00770	AT5G10700.1	2.28e-33
ostta08g00780	AT4G24810.2	1.94e-49
ostta08g00790	AT1G80260.1	0.001
ostta08g00800	AT3G06530.3	1.08e-71
ostta08g00800	AT3G06530.3	8.27e-56
ostta08g00810	AT5G07880.2	0.53
ostta08g00820	AT4G31170.8	5.87e-23
ostta08g00830	AT1G10760.3	0.0
ostta08g00840	AT3G45300.1	5.40e-23
ostta08g00850	AT5G60790.1	2.00e-76
ostta08g00850	AT5G60790.1	2.07e-11
ostta08g00850	AT5G60790.1	2.16e-06
ostta08g00860	AT5G14760.1	1.06e-167
ostta08g00865	AT4G36020.2	5.45e-20
ostta08g00870	AT3G61480.1	7.15e-69
ostta08g00880	AT3G48710.1	1.08e-23
ostta08g00890	AT3G50370.1	2.8
ostta08g00900	AT3G44050.1	2.94e-86
ostta08g00910	AT1G16980.2	2.7
ostta08g00920	AT2G19560.1	2.15e-86
ostta08g00930	AT5G58330.2	8.67e-177
ostta08g00940	AT5G13710.2	1.55e-17
ostta08g00950	AT1G14650.3	0.81
ostta08g00960	AT3G17668.1	2.17e-09
ostta08g00970	AT4G11970.4	0.023
ostta08g00980	AT5G35360.1	2.79e-121
ostta08g00990	AT2G23090.1	0.087
ostta08g01000	AT5G67220.1	3.53e-109
ostta08g01020	AT1G77122.1	2.4
ostta08g01030	AT1G02160.1	4.45e-04
ostta08g01040	AT5G14460.1	3.33e-71
ostta08g01050	AT4G13750.1	4.16e-08
ostta08g01070	AT1G26170.1	3.27e-164
ostta08g01080	AT1G65540.3	4.31e-128
ostta08g01090	AT2G25470.1	0.34
ostta08g01100	AT3G51820.1	9.02e-154
ostta08g01110	AT1G67320.2	1.02e-18
ostta08g01120	AT3G33520.1	0.16
ostta08g01130	AT5G07840.1	2.25e-14
ostta08g01140	AT1G77490.2	4.61e-05
ostta08g01150	AT1G30810.3	5.19e-84
ostta08g01155	AT2G24765.1	0.99
ostta08g01160	AT4G15955.1	0.009
ostta08g01170	AT4G16260.2	1.1
ostta08g01180	AT4G34350.1	3.03e-175
ostta08g01190	AT3G06480.2	7.10e-05
ostta08g01200	AT5G62270.1	1.34e-14
ostta08g01210	AT5G41150.1	0.0
ostta08g01220	AT1G24610.1	1.46e-13
ostta08g01240	AT1G63830.5	0.031
ostta08g01240	AT1G63830.5	0.085
ostta08g01250	AT4G17070.1	4.83e-05
ostta08g01260	AT5G04420.3	0.027
ostta08g01270	AT2G34970.1	6.52e-140
ostta08g01280	AT2G17930.1	0.0
ostta08g01290	AT2G40116.1	2.26e-62
ostta08g01300	AT2G21530.1	1.60e-19
ostta08g01310	AT5G26570.1	0.0
ostta08g01320	AT3G02690.1	1.77e-119
ostta08g01330	AT1G20696.5	0.002
ostta08g01340	AT5G54910.1	0.0
ostta08g01350	AT2G35720.1	3.56e-64
ostta08g01360	AT3G33520.1	1.46e-74
ostta08g01370	AT5G64250.1	1.5
ostta08g01380	AT4G38350.1	1.93e-05
ostta08g01390	AT1G53520.1	3.38e-15
ostta08g01395	AT4G33865.1	4.03e-22
ostta08g01400	AT5G16750.1	3.39e-152
ostta08g01400	AT5G16750.1	4.29e-05
ostta08g01410	AT5G41060.2	1.4
ostta08g01420	AT4G40000.1	5.01e-52
ostta08g01430	AT3G13882.1	1.49e-09
ostta08g01440	AT3G61320.1	0.001
ostta08g01470	AT4G24880.1	2.57e-57
ostta08g01480	AT5G10910.1	6.27e-21
ostta08g01490	AT3G47650.1	7.12e-13
ostta08g01500	AT3G05345.1	1.28e-12
ostta08g01510	AT5G35690.1	7.73e-40
ostta08g01520	AT4G19120.2	5.2
ostta08g01530	AT4G38020.1	1.32e-52
ostta08g01540	AT5G54290.1	1.75e-67
ostta08g01550	AT1G56590.1	1.14e-74
ostta08g01560	AT1G31800.1	1.03e-54
ostta08g01570	AT4G10960.1	7.40e-165
ostta08g01580	AT5G40530.1	1.01e-76
ostta08g01590	AT1G17240.1	9.8
ostta08g01600	AT2G07215.1	4.7
ostta08g01610	AT5G64300.1	0.0
ostta08g01620	AT2G18520.1	0.59
ostta08g01630	AT1G67120.1	0.30
ostta08g01640	AT5G65950.1	1.12e-37
ostta08g01640	AT5G65950.1	1.21e-22
ostta08g01650	AT2G17265.1	1.66e-15
ostta08g01660	AT1G06240.1	4.83e-80
ostta08g01670	AT2G20330.1	1.40e-121
ostta08g01680	AT3G27310.1	1.23e-11
ostta08g01690	AT2G18220.1	2.22e-137
ostta08g01700	AT5G54880.1	6.71e-12
ostta08g01700	AT5G54880.1	0.26
ostta08g01710	AT4G23882.1	2.3
ostta08g01730	AT3G52440.2	2.40e-20
ostta08g01740	AT4G26300.4	2.85e-04
ostta08g01740	AT4G26300.4	5.72e-04
ostta08g01750	AT3G52590.1	4.76e-83
ostta08g01760	AT3G58580.1	2.56e-09
ostta08g01770	AT1G07080.1	0.002
ostta08g01780	AT2G02765.2	3.54e-04
ostta08g01790	AT1G64107.1	9.1
ostta08g01800	AT5G20850.1	2.80e-150
ostta08g01810	AT3G26580.1	1.34e-19
ostta08g01820	AT3G50100.1	5.02e-41
ostta08g01830	AT5G44710.1	5.18e-17
ostta08g01840	AT5G55160.1	1.26e-24
ostta08g01850	AT1G17760.1	2.10e-79
ostta08g01860	AT4G35520.1	3.09e-32
ostta08g01860	AT4G35520.1	2.17e-05
ostta08g01870	AT2G43260.2	1.4
ostta08g01880	AT5G58620.1	6.22e-04
ostta08g01890	AT3G63490.1	5.53e-95
ostta08g01895	AT5G08340.2	3.10e-42
ostta08g01900	AT3G10180.2	4.33e-131
ostta08g01900	AT3G10180.2	0.50
ostta08g01910	AT3G20670.1	1.60e-68
ostta08g01920	AT2G28720.1	4.40e-59
ostta08g01930	AT2G27460.1	1.12e-45
ostta08g01940	AT3G54610.1	6.27e-145
ostta08g01950	AT1G05830.4	3.95e-35
ostta08g01950	AT1G05830.4	3.00e-08
ostta08g01960	AT3G29180.3	4.80e-22
ostta08g01970	AT2G31890.1	1.71e-24
ostta08g01980	AT5G55125.2	1.9
ostta08g01990	AT5G43930.3	2.2
ostta08g02000	AT5G23395.1	1.80e-13
ostta08g02010	AT5G27470.1	0.0
ostta08g02020	AT3G17265.1	1.2
ostta08g02030	AT2G42590.3	6.8
ostta08g02040	AT5G61140.2	0.0
ostta08g02050	AT1G76700.1	1.22e-07
ostta08g02060	AT3G20050.1	0.13
ostta08g02070	AT3G19900.1	1.19e-12
ostta08g02080	AT1G18260.1	4.54e-26
ostta08g02090	AT4G02950.1	1.2
ostta08g02100	AT3G59780.1	4.37e-17
ostta08g02110	AT1G28760.1	1.72e-11
ostta08g02110	AT1G28760.1	5.2
ostta08g02120	AT4G15900.1	0.0
ostta08g02130	AT2G03430.1	4.50e-12
ostta08g02130	AT2G03430.1	1.41e-06
ostta08g02130	AT2G03430.1	7.0
ostta08g02140	AT1G76140.1	0.50
ostta08g02150	AT3G27700.2	2.2
ostta08g02170	AT4G31420.1	8.36e-10
ostta08g02170	AT4G31420.1	0.097
ostta08g02180	AT1G52980.1	0.0
ostta08g02190	AT2G38470.1	1.21e-11
ostta08g02190	AT2G38470.1	6.52e-07
ostta08g02200	AT2G47840.1	8.66e-36
ostta08g02210	AT2G19770.1	2.60e-21
ostta08g02220	AT1G31300.3	0.004
ostta08g02230	AT5G55280.1	3.58e-141
ostta08g02240	AT5G65780.1	1.01e-53
ostta08g02250	AT3G08640.1	6.27e-18
ostta08g02260	AT3G56570.2	7.29e-14
ostta08g02260	AT3G56570.2	1.75e-08
ostta08g02270	AT1G19485.2	8.4
ostta08g02280	AT3G03540.1	1.1
ostta08g02290	AT5G26680.2	3.22e-153
ostta08g02295	AT1G49975.1	0.012
ostta08g02300	AT1G65410.1	5.39e-121
ostta08g02310	AT2G15630.1	0.43
ostta08g02320	AT2G37010.2	5.5
ostta08g02330	AT3G20440.1	1.9
ostta08g02350	AT5G45100.1	3.3
ostta08g02360	AT5G36790.3	4.56e-144
ostta08g02370	AT2G26430.4	3.05e-58
ostta08g02380	AT2G26280.3	1.08e-51
ostta08g02390	AT5G44750.1	0.14
ostta08g02400	AT1G67050.1	0.24
ostta08g02410	AT1G27752.1	1.70e-07
ostta08g02410	AT1G27752.1	0.13
ostta08g02420	AT1G14300.1	1.09e-45
ostta08g02430	AT1G20330.1	8.05e-92
ostta08g02440	AT5G17710.3	4.72e-46
ostta08g02450	AT3G20870.3	5.54e-38
ostta08g02460	AT5G12350.1	3.38e-31
ostta08g02460	AT5G12350.1	1.92e-24
ostta08g02460	AT5G12350.1	9.44e-13
ostta08g02460	AT5G12350.1	3.38e-11
ostta08g02460	AT5G12350.1	3.92e-08
ostta08g02470	AT3G08590.2	0.0
ostta08g02480	AT1G19570.1	4.88e-18
ostta08g02490	AT5G58030.1	7.63e-59
ostta08g02500	AT1G08720.1	0.73
ostta08g02510	AT1G29900.1	0.0
ostta08g02520	AT3G11830.1	2.9
ostta08g02530	AT2G35830.1	0.73
ostta08g02540	AT2G44200.1	1.78e-22
ostta08g02550	AT1G06040.1	5.09e-14
ostta08g02550	AT1G06040.1	5.55e-07
ostta08g02560	AT2G15900.1	3.90e-24
ostta08g02560	AT2G15900.1	2.65e-20
ostta08g02570	AT5G45130.1	9.97e-94
ostta08g02580	AT1G26665.1	4.40e-05
ostta08g02590	AT3G51520.1	2.67e-24
ostta08g02600	AT5G20890.1	0.0
ostta08g02610	AT1G69710.1	1.9
ostta08g02620	AT1G77000.4	0.010
ostta08g02630	AT3G04520.3	1.40e-118
ostta08g02640	ATCG00490.1	5.33e-10
ostta08g02650	AT5G13570.1	1.78e-45
ostta08g02660	AT4G11280.1	6.77e-66
ostta08g02670	AT3G57680.1	1.34e-06
ostta08g02680	AT2G03870.2	1.09e-41
ostta08g02690	AT2G37500.1	3.22e-164
ostta08g02700	AT2G23470.1	2.73e-58
ostta08g02710	AT4G29650.1	0.97
ostta08g02720	AT5G62420.1	1.42e-29
ostta08g02730	AT3G14110.2	1.64e-28
ostta08g02740	AT1G65260.2	1.58e-96
ostta08g02750	AT2G46900.1	2.05e-43
ostta08g02760	AT5G42270.1	6.18e-101
ostta08g02770	AT1G76050.2	1.71e-15
ostta08g02780	AT4G01100.2	5.32e-48
ostta08g02780	AT4G01100.2	6.13e-32
ostta08g02780	AT4G01100.2	1.52e-17
ostta08g02780	AT4G01100.2	4.65e-13
ostta08g02780	AT4G01100.2	0.005
ostta08g02780	AT4G01100.2	0.34
ostta08g02790	AT3G17040.2	8.25e-16
ostta08g02790	AT3G17040.2	3.75e-13
ostta08g02790	AT3G17040.2	4.50e-10
ostta08g02790	AT3G17040.2	1.67e-07
ostta08g02790	AT3G17040.2	8.12e-04
ostta08g02800	AT2G42005.1	1.0
ostta08g02810	AT3G14660.3	9.5
ostta08g02820	AT5G63840.2	0.0
ostta08g02830	AT5G38640.1	2.06e-65
ostta08g02840	AT1G27385.4	1.3
ostta08g02850	AT5G19500.1	2.35e-31
ostta08g02860	AT3G11180.1	0.49
ostta08g02870	AT3G01920.1	9.06e-56
ostta08g02880	AT3G09850.1	8.04e-14
ostta08g02880	AT3G09850.1	2.39e-10
ostta08g02890	AT2G16710.1	9.53e-49
ostta08g02900	AT4G05190.2	3.80e-108
ostta08g02910	AT3G50370.2	1.9
ostta08g02920	AT1G69370.1	8.21e-87
ostta08g02930	AT2G47420.1	2.86e-131
ostta08g02940	AT3G48160.1	1.25e-51
ostta08g02950	AT3G25150.2	1.96e-30
ostta08g02960	AT4G01150.1	5.48e-38
ostta08g02970	AT3G20870.2	8.62e-37
ostta08g02980	AT1G72050.4	1.25e-15
ostta08g02980	AT1G72050.4	0.004
ostta08g02980	AT1G72050.4	3.0
ostta08g02990	AT2G16940.1	4.64e-66
ostta08g03000	AT4G39850.3	5.5
ostta08g03010	AT4G21520.1	1.1
ostta08g03020	AT5G22260.1	1.8
ostta08g03030	AT1G55350.6	6.89e-46
ostta08g03040	AT4G37670.2	2.52e-97
ostta08g03050	AT1G03030.1	3.19e-43
ostta08g03060	AT2G31530.1	4.06e-55
ostta08g03070	AT5G47010.1	1.88e-82
ostta08g03080	AT1G01760.2	1.41e-18
ostta08g03090	AT1G15420.1	3.98e-10
ostta08g03100	AT3G15120.2	2.56e-84
ostta08g03100	AT3G15120.2	1.25e-20
ostta08g03100	AT3G15120.2	8.30e-06
ostta08g03110	AT5G63880.1	4.72e-05
ostta08g03120	AT5G41540.1	0.73
ostta08g03130	AT5G50870.1	1.0
ostta08g03150	AT3G52330.1	0.42
ostta08g03160	AT5G05620.1	2.1
ostta08g03170	AT3G24080.4	2.67e-28
ostta08g03180	AT1G58440.1	3.78e-179
ostta08g03190	AT5G54750.1	1.08e-46
ostta08g03200	AT3G11560.4	1.20e-15
ostta08g03210	AT3G61540.1	7.63e-110
ostta08g03220	AT3G62020.1	0.089
ostta08g03230	AT3G58570.1	1.06e-105
ostta08g03240	AT1G07070.1	3.97e-44
ostta08g03250	AT1G62730.1	4.32e-62
ostta08g03260	AT1G01320.1	4.03e-08
ostta08g03260	AT1G01320.1	1.78e-04
ostta08g03270	AT3G14075.3	1.28e-18
ostta08g03280	AT4G24100.3	0.84
ostta08g03290	AT3G51325.1	0.22
ostta08g03300	AT5G22480.1	4.1
ostta08g03310	AT5G13010.1	0.0
ostta08g03320	AT3G23660.1	0.0
ostta08g03330	AT4G28070.2	4.74e-37
ostta08g03340	AT1G03600.1	7.83e-28
ostta08g03350	AT5G58110.1	4.56e-18
ostta08g03360	AT5G06370.1	2.0
ostta08g03370	AT3G27400.1	0.35
ostta08g03380	AT5G58000.1	3.50e-06
ostta08g03390	AT5G19840.1	3.60e-11
ostta08g03395	AT3G48430.1	2.2
ostta08g03400	AT1G75810.1	1.6
ostta08g03410	AT5G51880.1	1.69e-30
ostta08g03420	AT4G39380.4	8.56e-11
ostta08g03430	AT4G32190.1	0.062
ostta08g03440	AT3G60500.3	2.05e-42
ostta08g03460	AT5G51080.3	1.79e-27
ostta08g03470	AT1G68710.3	3.9
ostta08g03480	AT5G06580.1	1.86e-80
ostta08g03490	AT4G21210.1	4.04e-61
ostta08g03500	AT5G22060.1	1.34e-161
ostta08g03510	AT3G05625.1	4.4
ostta08g03515	AT5G09310.1	1.19e-08
ostta08g03520	AT4G37040.1	3.00e-110
ostta08g03530	AT1G16970.1	4.60e-40
ostta08g03540	AT5G47690.3	1.7
ostta08g03550	AT5G50810.1	6.06e-18
ostta08g03560	AT3G23470.3	2.53e-04
ostta08g03570	AT3G51090.1	1.25e-31
ostta08g03580	AT4G30720.1	1.53e-170
ostta08g03590	AT3G63510.1	2.63e-102
ostta08g03610	AT4G33760.1	0.0
ostta08g03615	AT3G47980.1	1.15e-10
ostta08g03620	AT1G73600.1	0.005
ostta08g03630	AT5G57240.5	1.04e-24
ostta08g03640	AT1G79540.1	1.3
ostta08g03650	AT3G52640.1	3.41e-46
ostta08g03660	AT5G16710.1	0.11
ostta08g03670	AT3G01540.4	1.07e-93
ostta08g03680	AT5G22110.1	8.19e-130
ostta08g03690	AT1G01760.4	9.32e-19
ostta08g03700	AT4G27080.1	5.36e-115
ostta08g03710	AT1G50010.1	0.0
ostta08g03720	AT5G10910.1	7.39e-76
ostta08g03730	AT1G80710.1	5.29e-38
ostta08g03740	AT1G28490.1	4.1
ostta08g03750	AT5G41950.1	2.31e-23
ostta08g03760	AT1G16510.1	2.6
ostta08g03770	AT5G16715.1	0.0
ostta08g03780	AT5G35410.1	6.1
ostta08g03790	AT5G60100.2	3.67e-05
ostta08g03800	AT5G04440.1	3.24e-30
ostta08g03810	AT2G26070.1	3.8
ostta08g03820	AT1G53100.2	2.3
ostta08g03830	AT5G27395.2	2.52e-28
ostta08g03840	AT4G25550.1	5.88e-71
ostta08g03850	AT5G41950.1	0.061
ostta08g03860	AT5G63840.1	1.55e-21
ostta08g03870	AT5G53540.1	0.11
ostta08g03880	AT1G74150.1	5.99e-22
ostta08g03880	AT1G74150.1	1.12e-18
ostta08g03880	AT1G74150.1	1.01e-11
ostta08g03880	AT1G74150.1	2.19e-05
ostta08g03890	AT4G30190.1	2.2
ostta08g03900	AT4G31880.2	0.002
ostta08g03910	AT2G45310.1	7.46e-16
ostta08g03920	AT4G25220.1	0.051
ostta08g03930	AT4G02850.1	2.9
ostta08g03940	AT5G24840.1	0.97
ostta08g03950	AT5G63700.1	0.44
ostta08g03950	AT5G63700.1	0.78
ostta08g03960	AT4G01050.1	0.46
ostta08g03970	AT1G59540.1	7.25e-61
ostta08g03980	AT5G52840.1	3.74e-23
ostta08g03990	AT3G19210.1	0.0
ostta08g04000	AT2G47840.1	2.16e-31
ostta08g04020	AT3G22840.1	0.75
ostta08g04030	AT3G60820.3	1.32e-103
ostta08g04040	AT4G39080.1	0.0
ostta08g04060	AT1G26520.1	0.89
ostta08g04070	AT3G63520.1	4.34e-67
ostta08g04080	AT3G13200.1	4.40e-30
ostta08g04090	AT2G16600.1	1.18e-79
ostta08g04100	AT1G79610.1	6.06e-68
ostta08g04110	AT1G67120.2	0.38
ostta08g04120	AT4G27780.2	0.59
ostta08g04130	AT5G06930.3	0.15
ostta08g04140	AT4G01270.1	0.21
ostta08g04150	AT3G55280.2	7.95e-46
ostta08g04160	AT1G07710.2	0.082
ostta08g04170	AT5G57390.2	9.90e-50
ostta08g04170	AT5G57390.2	1.75e-06
ostta08g04180	AT4G17000.1	0.090
ostta08g04190	AT3G49660.1	1.39e-20
ostta08g04190	AT3G49660.1	3.47e-13
ostta08g04190	AT3G49660.1	1.93e-09
ostta08g04190	AT3G49660.1	5.17e-04
ostta08g04200	AT5G02310.2	2.1
ostta08g04210	AT5G58370.3	1.29e-48
ostta08g04220	AT1G64860.2	0.22
ostta08g04230	AT5G06060.1	1.72e-25
ostta08g04240	AT1G03430.1	1.73e-10
ostta08g04250	AT3G43590.1	2.22e-36
ostta08g04250	AT3G43590.1	0.008
ostta08g04250	AT3G43590.1	0.55
ostta08g04260	AT4G15570.3	7.00e-178
ostta08g04270	AT3G49830.1	0.44
ostta08g04280	AT4G21660.2	3.0
ostta08g04290	AT1G69800.3	0.89
ostta08g04300	AT2G34460.1	3.90e-20
ostta08g04310	AT1G54570.1	1.10e-106
ostta09g00010	AT1G66720.1	1.7
ostta09g00020	AT1G71020.1	3.83e-07
ostta09g00030	AT1G66950.1	3.14e-59
ostta09g00030	AT1G66950.1	2.82e-23
ostta09g00040	AT1G64520.1	3.34e-47
ostta09g00050	AT1G32350.1	1.08e-60
ostta09g00060	AT5G18520.1	7.10e-114
ostta09g00070	AT5G09920.1	1.87e-25
ostta09g00080	AT5G40820.4	0.78
ostta09g00090	AT4G14180.2	1.2
ostta09g00100	AT3G53520.1	1.36e-173
ostta09g00110	AT5G06290.1	7.06e-105
ostta09g00120	AT2G21170.3	1.94e-110
ostta09g00130	AT1G03905.1	9.05e-107
ostta09g00140	AT3G18080.1	1.2
ostta09g00150	AT1G74520.2	8.39e-12
ostta09g00160	AT1G43670.1	4.39e-90
ostta09g00170	AT5G42390.1	0.0
ostta09g00180	AT3G07930.4	9.50e-13
ostta09g00200	AT2G17480.1	0.76
ostta09g00210	AT1G01340.2	1.2
ostta09g00220	AT1G31870.2	5.7
ostta09g00230	AT4G33470.1	6.38e-125
ostta09g00240	AT5G07740.2	0.76
ostta09g00250	AT4G12760.1	1.09e-07
ostta09g00260	AT1G23900.2	1.1
ostta09g00270	AT3G03790.2	0.064
ostta09g00280	AT2G40190.1	1.01e-113
ostta09g00290	AT5G26880.1	5.38e-56
ostta09g00300	AT5G43050.1	5.05e-24
ostta09g00310	AT5G03600.2	0.44
ostta09g00320	AT1G55940.2	1.6
ostta09g00330	AT1G18180.2	6.06e-18
ostta09g00340	AT2G46550.3	0.30
ostta09g00350	AT4G33470.1	3.76e-29
ostta09g00360	AT1G30580.1	1.08e-149
ostta09g00370	AT1G64600.1	6.79e-23
ostta09g00370	AT1G64600.1	0.028
ostta09g00380	AT5G08250.2	4.3
ostta09g00390	AT1G23010.1	0.94
ostta09g00400	AT2G47390.1	0.0
ostta09g00410	AT2G30280.1	4.52e-05
ostta09g00420	AT3G58130.2	4.72e-46
ostta09g00430	AT3G49660.1	1.72e-27
ostta09g00430	AT3G49660.1	1.91e-22
ostta09g00430	AT3G49660.1	4.82e-18
ostta09g00430	AT3G49660.1	3.65e-12
ostta09g00440	AT3G15620.1	0.15
ostta09g00450	AT5G11510.5	9.13e-77
ostta09g00460	AT1G76870.3	0.34
ostta09g00470	AT2G20560.1	1.14e-13
ostta09g00480	AT5G06440.3	2.47e-04
ostta09g00490	AT1G04940.1	4.26e-13
ostta09g00500	AT4G09010.2	3.39e-18
ostta09g00510	AT3G57870.1	7.32e-69
ostta09g00520	AT3G09090.1	1.47e-69
ostta09g00520	AT3G09090.1	1.06e-08
ostta09g00520	AT3G09090.1	0.001
ostta09g00520	AT3G09090.1	0.003
ostta09g00520	AT3G09090.1	3.9
ostta09g00550	AT2G17695.2	4.74e-43
ostta09g00560	AT5G12430.1	3.41e-23
ostta09g00560	AT5G12430.1	5.16e-05
ostta09g00570	AT4G15310.1	0.40
ostta09g00580	AT5G47030.1	7.58e-55
ostta09g00590	AT5G41790.2	1.4
ostta09g00600	AT2G10940.2	4.57e-05
ostta09g00600	AT2G10940.2	7.42e-04
ostta09g00610	AT2G26810.2	2.46e-09
ostta09g00620	AT3G58340.2	1.2
ostta09g00630	AT5G19490.1	4.25e-19
ostta09g00640	AT4G32660.3	8.02e-112
ostta09g00650	AT3G55020.3	1.1
ostta09g00655	AT4G28820.1	3.83e-26
ostta09g00660	AT2G27900.2	7.73e-35
ostta09g00660	AT2G27900.2	2.96e-18
ostta09g00660	AT2G27900.2	9.87e-09
ostta09g00670	AT4G21902.1	3.7
ostta09g00680	AT1G30490.1	0.001
ostta09g00690	AT2G15790.1	1.87e-07
ostta09g00700	AT1G04580.1	0.90
ostta09g00710	AT3G10800.1	6.4
ostta09g00720	AT5G47690.1	1.5
ostta09g00730	AT1G53540.1	4.57e-10
ostta09g00740	AT1G20920.2	0.0
ostta09g00740	AT1G20920.2	3.18e-26
ostta09g00750	AT2G21270.5	9.53e-95
ostta09g00760	AT5G39710.1	7.52e-08
ostta09g00760	AT5G39710.1	1.18e-04
ostta09g00760	AT5G39710.1	0.053
ostta09g00770	AT5G13550.1	8.07e-23
ostta09g00780	AT1G05510.1	0.035
ostta09g00785	AT2G34310.5	0.71
ostta09g00792	AT2G37690.1	0.0
ostta09g00800	AT4G35780.1	8.17e-79
ostta09g00810	AT4G14350.3	3.69e-179
ostta09g00820	AT1G01860.1	3.28e-58
ostta09g00830	AT1G68890.2	0.97
ostta09g00840	AT4G21060.2	4.1
ostta09g00850	AT5G53350.1	1.5
ostta09g00860	AT4G21110.2	1.57e-37
ostta09g00870	AT1G10510.1	4.68e-12
ostta09g00870	AT1G10510.1	6.25e-11
ostta09g00870	AT1G10510.1	5.66e-06
ostta09g00870	AT1G10510.1	0.072
ostta09g00880	AT2G30920.2	2.99e-74
ostta09g00890	AT3G45300.1	6.9
ostta09g00910	AT4G29750.1	3.2
ostta09g00920	AT3G06310.3	6.95e-28
ostta09g00930	AT4G11160.2	4.75e-161
ostta09g00940	AT3G56160.3	6.98e-09
ostta09g00950	AT5G17870.1	0.22
ostta09g00960	AT5G60600.1	0.0
ostta09g00970	AT3G01120.1	0.0
ostta09g00975	AT3G53330.1	7.2
ostta09g00980	AT1G50450.1	1.53e-107
ostta09g00990	AT1G21690.1	2.79e-128
ostta09g01000	AT2G21280.1	2.2
ostta09g01010	AT1G72760.1	4.7
ostta09g01020	AT2G41020.1	1.11e-28
ostta09g01040	AT1G62740.1	6.50e-08
ostta09g01040	AT1G62740.1	1.60e-06
ostta09g01060	AT4G38430.1	7.0
ostta09g01070	AT2G20580.1	0.0
ostta09g01080	AT4G04640.1	3.24e-146
ostta09g01090	AT4G25720.1	1.06e-47
ostta09g01100	AT3G66658.2	0.0
ostta09g01110	AT5G25265.1	3.81e-33
ostta09g01120	AT5G50250.1	5.14e-46
ostta09g01120	AT5G50250.1	2.21e-17
ostta09g01130	AT5G24750.1	2.5
ostta09g01140	AT3G58530.1	8.37e-04
ostta09g01150	AT5G44800.1	3.40e-30
ostta09g01160	AT2G21860.1	4.40e-105
ostta09g01170	AT5G24270.4	9.11e-10
ostta09g01180	AT4G18930.1	9.90e-05
ostta09g01190	AT2G31890.1	4.12e-04
ostta09g01200	AT4G28470.1	9.24e-28
ostta09g01210	AT3G04820.1	3.49e-120
ostta09g01220	AT3G30230.1	0.17
ostta09g01230	AT1G73990.1	1.60e-12
ostta09g01240	AT4G38350.1	4.96e-04
ostta09g01240	AT4G38350.1	0.011
ostta09g01250	AT4G10030.1	1.10e-51
ostta09g01260	AT4G10030.1	2.56e-60
ostta09g01270	AT2G39180.1	0.59
ostta09g01280	AT5G64813.3	4.30e-27
ostta09g01290	AT1G33270.1	1.03e-32
ostta09g01300	AT3G27670.1	2.13e-18
ostta09g01310	AT3G19210.3	6.20e-94
ostta09g01320	AT5G40710.1	1.86e-27
ostta09g01330	AT5G15680.1	1.07e-15
ostta09g01330	AT5G15680.1	6.53e-13
ostta09g01340	AT3G09310.1	1.36e-33
ostta09g01350	AT2G44735.1	6.1
ostta09g01360	AT3G55610.2	1.22e-25
ostta09g01370	AT3G22480.2	4.94e-19
ostta09g01380	AT4G34870.1	2.61e-69
ostta09g01410	AT1G09740.2	2.71e-05
ostta09g01420	AT4G31230.1	1.61e-04
ostta09g01430	AT5G26110.3	3.67e-66
ostta09g01440	AT3G08010.1	1.06e-83
ostta09g01450	AT5G19130.2	6.61e-36
ostta09g01460	AT3G50790.2	2.23e-91
ostta09g01470	AT1G75060.1	9.21e-34
ostta09g01480	AT1G09760.1	9.56e-60
ostta09g01490	AT5G64620.1	8.8
ostta09g01495	AT3G54130.1	1.27e-42
ostta09g01500	AT4G20150.1	3.25e-07
ostta09g01510	AT5G57660.1	2.73e-14
ostta09g01520	AT3G10350.1	1.16e-133
ostta09g01530	AT4G11150.1	1.01e-57
ostta09g01540	AT4G14385.9	1.69e-13
ostta09g01550	AT2G44970.3	1.07e-47
ostta09g01560	AT5G08550.1	2.92e-49
ostta09g01580	AT2G20830.4	3.24e-44
ostta09g01590	AT1G07890.6	4.49e-65
ostta09g01600	AT1G21980.1	3.8
ostta09g01615	AT3G55100.2	3.41e-56
ostta09g01630	AT1G61100.1	0.28
ostta09g01640	AT5G64610.1	2.06e-119
ostta09g01650	AT1G47740.3	0.069
ostta09g01660	AT1G77030.1	1.0
ostta09g01670	AT1G49830.2	7.7
ostta09g01680	AT3G03330.1	1.03e-39
ostta09g01690	AT3G24160.1	0.54
ostta09g01700	AT1G12470.1	7.98e-105
ostta09g01710	AT4G24730.2	3.97e-43
ostta09g01730	AT3G09790.2	0.016
ostta09g01730	AT3G09790.2	8.1
ostta09g01740	AT1G13820.1	2.45e-84
ostta09g01750	AT3G61030.1	2.3
ostta09g01760	AT1G67660.2	7.12e-10
ostta09g01770	AT4G32820.2	9.57e-27
ostta09g01770	AT4G32820.2	7.97e-16
ostta09g01780	AT5G08610.1	1.87e-134
ostta09g01790	AT5G05980.2	8.93e-110
ostta09g01800	AT3G60800.1	1.26e-79
ostta09g01810	AT3G23530.1	0.18
ostta09g01820	AT1G51470.1	1.8
ostta09g01830	AT2G25870.1	2.06e-26
ostta09g01840	AT4G10180.1	2.43e-49
ostta09g01850	AT2G28360.1	0.77
ostta09g01860	AT4G39280.1	0.0
ostta09g01870	AT1G30620.3	6.48e-118
ostta09g01880	AT5G35735.1	1.02e-10
ostta09g01890	AT1G19230.2	9.52e-16
ostta09g01900	AT1G13870.1	0.008
ostta09g01910	AT3G56960.2	9.74e-28
ostta09g01910	AT3G56960.2	5.39e-21
ostta09g01910	AT3G56960.2	5.64e-20
ostta09g01910	AT3G56960.2	3.62e-16
ostta09g01910	AT3G56960.2	6.62e-12
ostta09g01920	AT4G31250.1	0.73
ostta09g01930	AT1G55090.1	0.0
ostta09g01940	AT2G32240.1	0.54
ostta09g01950	AT2G31720.1	2.0
ostta09g01960	AT1G48430.1	0.28
ostta09g01970	AT5G17600.1	5.2
ostta09g01980	AT3G05150.2	1.21e-32
ostta09g01990	AT5G23575.1	1.32e-145
ostta09g02010	AT1G48420.3	1.05e-44
ostta09g02020	AT3G52210.1	2.7
ostta09g02030	AT5G15740.1	0.48
ostta09g02050	AT4G34580.2	9.33e-13
ostta09g02060	AT5G63540.1	1.36e-06
ostta09g02080	AT3G18165.1	0.071
ostta09g02090	AT1G16650.1	1.5
ostta09g02100	AT1G71750.1	1.02e-23
ostta09g02110	AT4G04950.1	2.14e-98
ostta09g02110	AT4G04950.1	1.46e-88
ostta09g02110	AT4G04950.1	8.14e-43
ostta09g02120	AT4G19985.6	0.002
ostta09g02130	AT3G57330.1	0.0
ostta09g02140	AT1G68080.4	3.3
ostta09g02145	AT1G50670.3	5.45e-73
ostta09g02150	AT2G27170.2	0.0
ostta09g02160	AT5G55760.1	6.93e-18
ostta09g02170	AT4G24820.2	1.56e-129
ostta09g02180	AT4G15520.1	3.17e-05
ostta09g02190	AT2G01830.5	2.28e-43
ostta09g02190	AT2G01830.5	3.11e-14
ostta09g02200	AT5G14880.1	5.9
ostta09g02210	AT1G10450.3	0.026
ostta09g02220	AT5G05190.1	0.47
ostta09g02230	AT1G63440.1	2.4
ostta09g02240	AT1G16240.4	3.33e-06
ostta09g02250	AT1G61010.5	0.0
ostta09g02260	AT2G37420.2	2.61e-52
ostta09g02270	AT1G51740.2	2.14e-33
ostta09g02275	AT5G51140.1	4.95e-13
ostta09g02280	AT3G54870.1	0.40
ostta09g02290	AT3G27640.1	1.09e-33
ostta09g02290	AT3G27640.1	0.74
ostta09g02300	AT4G33470.1	1.95e-21
ostta09g02310	AT3G49200.1	3.42e-15
ostta09g02320	AT5G58290.1	0.0
ostta09g02330	AT3G15680.2	1.65e-20
ostta09g02340	AT4G04670.1	6.83e-88
ostta09g02340	AT4G04670.1	2.27e-30
ostta09g02350	AT2G21730.1	1.66e-68
ostta09g02360	AT2G37250.1	3.40e-78
ostta09g02365	AT2G14860.1	1.29e-15
ostta09g02370	AT3G43920.5	6.5
ostta09g02380	AT1G26220.1	2.27e-27
ostta09g02390	AT2G39445.3	1.11e-06
ostta09g02400	AT2G38670.1	4.64e-121
ostta09g02410	AT5G25450.1	1.78e-34
ostta09g02420	AT5G61920.6	0.087
ostta09g02430	AT3G20475.1	3.85e-70
ostta09g02440	AT2G15290.1	8.45e-45
ostta09g02450	AT3G53030.1	9.98e-146
ostta09g02460	AT2G36305.1	1.16e-17
ostta09g02470	AT4G17760.1	4.65e-15
ostta09g02480	AT5G44800.1	0.70
ostta09g02490	AT1G68760.1	1.55e-15
ostta09g02500	AT2G20280.1	0.15
ostta09g02510	AT5G11230.1	2.31e-32
ostta09g02520	AT1G49970.1	1.73e-57
ostta09g02530	AT3G06470.1	9.21e-20
ostta09g02540	AT3G53130.1	4.46e-167
ostta09g02550	AT5G15200.1	1.95e-105
ostta09g02560	AT1G50590.1	4.00e-89
ostta09g02570	AT5G06410.1	6.07e-30
ostta09g02580	AT5G11390.1	0.087
ostta09g02590	AT3G57050.4	2.69e-172
ostta09g02600	AT5G39630.1	3.5
ostta09g02610	AT3G23810.1	0.0
ostta09g02620	AT2G40660.1	3.62e-59
ostta09g02630	AT5G48840.1	1.17e-99
ostta09g02640	AT5G43670.1	9.68e-14
ostta09g02650	AT5G19080.1	2.35e-06
ostta09g02660	AT5G18640.4	2.4
ostta09g02670	AT4G14160.2	0.0
ostta09g02680	AT1G55480.1	0.011
ostta09g02690	AT3G11750.1	1.75e-26
ostta09g02700	AT5G15640.1	3.28e-79
ostta09g02710	AT5G05110.1	1.6
ostta09g02720	AT5G64560.1	0.007
ostta09g02730	AT3G13180.1	2.02e-28
ostta09g02740	AT5G12370.2	1.45e-10
ostta09g02740	AT5G12370.2	1.89e-08
ostta09g02750	AT5G45570.2	1.1
ostta09g02760	AT1G38065.2	2.5
ostta09g02770	AT2G26200.1	2.09e-04
ostta09g02780	AT5G57110.3	0.18
ostta09g02790	AT3G20540.2	0.0
ostta09g02800	AT5G47010.1	0.0
ostta09g02810	AT1G74100.1	0.048
ostta09g02820	AT2G13100.4	4.15e-40
ostta09g02830	AT2G24640.1	3.36e-07
ostta09g02840	AT2G39740.3	3.38e-37
ostta09g02850	AT5G42270.1	0.0
ostta09g02860	AT1G50250.1	3.18e-24
ostta09g02870	AT5G65683.1	2.2
ostta09g02880	AT1G14390.1	0.74
ostta09g02890	AT1G11020.1	6.03e-06
ostta09g02900	AT5G17610.1	3.92e-10
ostta09g02910	AT2G48070.2	8.64e-57
ostta09g02920	AT5G04990.1	0.49
ostta09g02930	AT2G06990.1	0.0
ostta09g02940	AT5G66750.1	0.78
ostta09g02955	AT5G45390.1	2.40e-37
ostta09g02960	AT4G38640.1	3.16e-46
ostta09g02970	AT4G13970.2	0.28
ostta09g02980	AT5G65620.1	2.15e-61
ostta09g02990	AT1G67140.3	0.22
ostta09g03000	AT5G13050.1	2.63e-23
ostta09g03010	AT2G26200.2	1.29e-76
ostta09g03020	AT2G14750.1	2.71e-90
ostta09g03030	AT1G08060.3	2.0
ostta09g03040	AT5G66090.1	0.32
ostta09g03050	AT2G01440.1	5.20e-109
ostta09g03060	AT2G30200.1	2.98e-126
ostta09g03070	AT3G49870.2	4.6
ostta09g03080	AT4G01940.1	2.83e-40
ostta09g03090	AT5G20350.1	8.34e-105
ostta09g03090	AT5G20350.1	7.96e-04
ostta09g03100	AT5G41310.1	0.69
ostta09g03110	AT3G01510.1	1.5
ostta09g03120	AT2G26000.3	1.70e-78
ostta09g03130	AT5G05210.1	1.10e-20
ostta09g03140	AT5G17410.2	9.24e-126
ostta09g03150	AT3G05590.1	9.17e-101
ostta09g03160	AT5G17520.2	3.43e-40
ostta09g03170	AT3G07670.1	2.09e-64
ostta09g03180	AT1G48830.2	2.70e-85
ostta09g03190	AT5G64840.1	1.20e-69
ostta09g03190	AT5G64840.1	1.95e-28
ostta09g03200	AT5G66130.1	0.048
ostta09g03210	AT5G13640.1	5.60e-88
ostta09g03220	AT4G27030.1	3.25e-61
ostta09g03225	AT2G03430.1	9.73e-07
ostta09g03225	AT2G03430.1	0.013
ostta09g03225	AT2G03430.1	3.0
ostta09g03230	AT2G03120.1	1.04e-70
ostta09g03235	AT5G42560.1	3.38e-29
ostta09g03240	AT2G42810.3	2.54e-08
ostta09g03250	AT1G24620.1	7.18e-08
ostta09g03260	AT1G64350.1	1.54e-11
ostta09g03270	AT1G71150.2	3.85e-07
ostta09g03280	AT4G25220.1	0.003
ostta09g03290	AT2G31720.1	0.71
ostta09g03300	AT3G47420.3	5.70e-23
ostta09g03310	AT2G31060.3	0.70
ostta09g03330	AT5G17090.1	0.86
ostta09g03340	AT3G04480.1	2.24e-88
ostta09g03350	AT3G03500.1	2.31e-26
ostta09g03360	AT2G44950.1	1.43e-18
ostta09g03370	AT5G24840.1	1.1
ostta09g03380	AT3G23840.1	9.7
ostta09g03390	AT2G18900.1	0.31
ostta09g03400	AT3G55970.2	1.8
ostta09g03410	AT1G67120.1	1.1
ostta09g03420	AT3G20200.3	4.46e-07
ostta09g03430	AT4G32272.1	5.31e-39
ostta09g03440	AT4G29960.1	9.23e-07
ostta09g03450	AT1G05490.1	0.55
ostta09g03460	AT3G58720.2	0.003
ostta09g03465	AT3G06720.2	0.0
ostta09g03470	AT5G65660.1	1.5
ostta09g03480	AT3G62000.1	2.21e-06
ostta09g03490	AT5G04870.1	3.06e-139
ostta09g03500	AT5G41790.2	3.39e-08
ostta09g03500	AT5G41790.2	1.40e-04
ostta09g03510	AT4G31120.1	9.38e-154
ostta09g03520	AT5G47860.1	4.00e-16
ostta09g03530	AT3G19210.3	4.17e-114
ostta09g03540	AT1G20120.1	0.010
ostta09g03540	AT1G20120.1	0.084
ostta09g03540	AT1G20120.1	4.8
ostta09g03550	AT4G18810.2	4.97e-04
ostta09g03555	AT2G28560.1	3.41e-51
ostta09g03560	AT4G31390.1	3.21e-168
ostta09g03570	AT5G63420.1	0.0
ostta09g03575	AT1G05350.1	1.34e-11
ostta09g03580	AT5G15810.1	2.28e-150
ostta09g03590	AT3G26820.2	0.87
ostta09g03600	AT4G19710.2	0.0
ostta09g03610	AT4G38380.5	3.24e-07
ostta09g03620	AT1G04420.1	7.18e-54
ostta09g03630	AT5G65720.3	3.39e-59
ostta09g03640	AT5G15380.1	2.4
ostta09g03650	AT5G67170.2	4.19e-39
ostta09g03660	AT2G43770.1	9.81e-81
ostta09g03670	AT1G09070.1	2.42e-05
ostta09g03670	AT1G09070.1	7.9
ostta09g03680	AT5G13030.1	3.38e-70
ostta09g03690	AT1G49140.2	4.07e-18
ostta09g03700	AT4G03560.1	0.004
ostta09g03705	AT5G64610.1	0.0
ostta09g03710	AT1G05340.1	1.2
ostta09g03720	AT4G16210.1	5.92e-47
ostta09g03730	AT3G25520.3	5.6
ostta09g03740	AT4G38090.3	1.31e-04
ostta09g03750	AT3G59100.1	2.9
ostta09g03760	AT3G18480.1	3.51e-14
ostta09g03760	AT3G18480.1	6.45e-08
ostta09g03765	AT4G15530.6	0.0
ostta09g03770	AT5G49890.1	1.71e-91
ostta09g03780	AT2G25070.2	1.65e-87
ostta09g03790	AT2G27220.3	1.44e-13
ostta09g03800	AT2G37290.3	1.65e-10
ostta09g03810	AT4G30220.1	2.80e-40
ostta09g03820	AT5G53400.1	2.92e-60
ostta09g03830	AT2G20190.1	1.16e-32
ostta09g03830	AT2G20190.1	1.41e-12
ostta09g03830	AT2G20190.1	0.093
ostta09g03840	AT4G04210.1	8.42e-62
ostta09g03850	AT5G42950.1	6.33e-08
ostta09g03850	AT5G42950.1	7.83e-04
ostta09g03860	AT5G13580.1	0.041
ostta09g03870	AT5G49910.1	5.08e-88
ostta09g03880	AT4G32700.2	3.82e-127
ostta09g03880	AT4G32700.2	1.88e-54
ostta09g03890	AT2G17520.1	1.17e-15
ostta09g03900	AT1G80810.1	1.82e-09
ostta09g03910	AT4G17510.1	3.30e-55
ostta09g03920	AT1G72030.1	8.00e-04
ostta09g03930	AT1G14030.1	2.28e-08
ostta09g03940	AT2G36060.3	1.68e-37
ostta09g03950	AT5G45130.1	1.74e-46
ostta09g03960	AT3G54480.5	0.99
ostta09g03970	AT5G02390.3	5.0
ostta09g03980	AT2G41770.1	1.96e-55
ostta09g03990	AT3G61610.2	1.91e-57
ostta09g04000	AT5G15700.1	0.0
ostta09g04010	AT1G74050.1	6.57e-59
ostta09g04020	AT1G31870.2	5.73e-43
ostta09g04030	AT3G26070.1	3.97e-09
ostta09g04040	AT5G25400.1	9.93e-102
ostta09g04050	AT1G07880.2	2.34e-161
ostta09g04060	AT5G11670.1	0.68
ostta09g04070	AT1G05210.1	7.20e-11
ostta09g04080	AT4G09940.1	2.5
ostta09g04090	AT5G01780.4	9.41e-21
ostta09g04100	AT1G28490.1	1.19e-45
ostta09g04110	AT3G29010.3	2.75e-49
ostta09g04120	AT5G57960.1	0.32
ostta09g04130	AT3G61175.1	0.14
ostta09g04140	AT1G22882.1	0.39
ostta09g04150	AT1G74310.1	0.008
ostta09g04160	AT1G06680.1	0.013
ostta09g04170	AT1G06730.1	1.28e-74
ostta09g04180	AT5G11710.3	2.50e-30
ostta09g04185	AT4G21980.1	0.043
ostta09g04190	AT3G17850.1	1.82e-93
ostta09g04190	AT3G17850.1	3.8
ostta09g04200	AT4G28030.1	1.88e-17
ostta09g04210	AT5G05710.1	1.71e-21
ostta09g04220	AT4G14770.1	9.08e-35
ostta09g04220	AT4G14770.1	1.39e-08
ostta09g04230	AT1G61960.1	2.8
ostta09g04240	AT1G76100.1	5.11e-38
ostta09g04250	AT5G02250.1	2.95e-85
ostta09g04260	AT2G20980.1	1.27e-19
ostta09g04270	AT1G65080.1	9.87e-19
ostta09g04280	AT1G10520.1	1.45e-41
ostta09g04290	AT1G60160.1	1.4
ostta09g04300	AT5G37000.1	2.4
ostta09g04310	AT4G38930.3	6.6
ostta09g04315	AT2G47220.1	2.4
ostta09g04320	AT4G27010.2	9.8
ostta09g04340	AT5G48570.1	8.72e-14
ostta09g04350	AT1G32750.1	1.67e-59
ostta09g04350	AT1G32750.1	0.16
ostta09g04360	AT3G56490.1	1.65e-55
ostta09g04370	AT1G64260.2	2.5
ostta09g04380	AT3G20650.1	9.76e-88
ostta09g04390	AT1G13870.1	1.98e-64
ostta09g04400	AT2G34860.2	4.52e-36
ostta09g04410	AT5G54500.1	3.85e-16
ostta09g04420	AT3G61470.1	4.54e-78
ostta09g04430	AT3G14205.2	5.8
ostta09g04440	AT5G53470.1	8.22e-12
ostta09g04450	AT4G37680.4	1.42e-46
ostta09g04460	AT5G61540.1	1.9
ostta09g04470	AT5G12320.1	1.08e-11
ostta09g04470	AT5G12320.1	3.05e-05
ostta09g04480	AT1G54380.1	2.29e-22
ostta09g04490	AT4G10790.1	4.08e-53
ostta09g04500	AT4G29170.1	2.51e-40
ostta09g04510	AT1G67840.1	4.00e-08
ostta09g04520	AT1G69210.2	0.51
ostta09g04530	AT3G04710.3	5.27e-08
