ZT8_1	ZT8_2	ZT16_1	ZT16_2	t10C_1	t10C_2	t10C_3	t14C_1	t14C_2	t14C_3	t20C_1	t20C_2	t20C_3	t26C_1	t26C_2	t26C_3
181.957263926169	295.427811567716	302.729146508636	315.754776080751	171.016056907775	159.479517338888	141.514854880303	158.104145540302	159.813223817433	119.354323661786	198.034190516808	180.301399680477	185.438254577729	300.906053097923	299.200549194367	211.597823124862
176.191468752051	180.991261897896	163.512205748218	151.917868382002	263.268247786428	255.282640676233	245.806761134104	260.069015097199	273.576278127915	292.369352576372	304.814009893659	299.099937484704	303.563213043924	431.161108112051	420.325721832832	367.911114202011
11.6445449368335	11.6100112276655	12.6476324938996	8.92759230800399	21.2540867794479	19.6629461046777	15.9419663084318	21.4989326087606	16.7751435310535	10.7277526297358	20.0678248887234	18.008315248474	20.5701659437438	16.971328271487	11.2274566300691	17.1327524961074
15.1927265824447	15.0203719794151	13.4796062434638	15.0934974364515	20.8105666309929	18.2632251468268	19.4133322184715	22.3955062019867	24.5110312241663	10.7277526297358	19.4322307257659	19.0469909888388	19.4438254577729	11.8250113840079	9.82368807300078	18.4408135093053
548.750541541224	571.667032459435	631.636102169704	632.858468400911	653.713818476369	681.730959168118	726.817333103519	597.547466256536	629.123743866275	642.568447246861	763.712995548934	738.589610126569	814.499415992458	1308.87432623177	1299.28537692289	830.092672198602
56.8838609183759	71.4807888694919	68.9445228810807	69.7058000027013	90.886750086893	89.6489939972189	84.4637107935633	88.8642121361587	93.8306523173534	134.409178922091	110.322196028681	108.113435725122	106.17204287753	114.573889930574	120.520865716101	100.194626834174
112.32419913105	99.1426038559054	98.3409286990177	95.2502641062697	87.3385888992525	80.9396191483693	77.5209789734839	81.44710331947	82.7577150311332	126.534331555162	90.6187769769998	99.8040298022037	103.07460654111	130.545218202061	134.157474556194	121.341613214207
22.289089873667	20.3253775932478	21.7993437391063	21.2594025648991	35.594571579495	28.6833700552719	32.3932221429678	35.1105498877388	34.8255481483167	31.1097105206108	35.322084799702	38.6519955882248	42.3930128594293	27.9737988585114	27.2705258537069	37.8437185384075
28.0548850477851	29.7986019036634	26.5138616533038	23.9019333342338	53.1875374682125	48.9015616686727	45.8258989252953	52.3084615396214	56.6680545759293	56.1239315685028	49.9407505477233	61.6326963437965	61.9631788031731	59.9164554014855	49.9313611320952	65.749020153296
16.9668174052502	19.5675196484145	14.5889045762161	14.5062683765994	21.1062467299629	21.9958143677624	23.3374849863424	23.7811199369725	27.6963967448598	31.8045499941633	22.6102015405531	28.0055692494854	28.0321716633008	16.4389506624375	20.8532981642518	29.9953524592201
103.897267722724	104.068680497322	96.122332033513	109.637376072647	158.893172850003	160.412664644122	178.341519317246	155.862711557237	170.127740741583	215.010557854187	157.356164087531	149.53063087217	158.265290353682	351.659385160648	370.191130508964	152.081047024357
236.510556727441	221.915590918891	202.060322811361	268.482836762653	184.469501410912	217.334650263389	219.24326547467	169.555835526509	176.953524000212	153.633071023712	134.474774221063	124.342744168323	125.319831139034	333.913464858996	337.302838600507	165.379667325203
207.68158085685	182.128048815146	228.960807380606	213.870534196403	312.942504413395	294.163778394312	289.274299485906	279.915894183613	294.35699604863	354.904905196102	403.96669931502	395.566946871087	408.8760484822	498.240686852296	488.909842763884	387.532029399979
70.6330647951191	69.2072150349922	67.2805753819522	60.0165205151408	88.2256291961626	76.4294071730722	73.8986841108338	88.375171994399	94.7407567518373	102.678176296524	90.6187769769998	93.5719753600147	90.4032760739375	63.9980170708655	69.5841209310515	89.5121285597245
4782.17476746105	5307.52132972239	5750.21593407218	6196.85381050001	6812.73028002236	7223.24909340851	7440.74086102553	6071.45527966311	5975.68392831411	5001.5280779999	6164.9921923613	5902.75555675292	5965.81762858021	7565.90836539134	7579.3448245159	6049.91014536482
28.4984077534865	28.2828860139969	40.6574153958961	30.9486820524595	40.1776131135307	41.9029568794186	41.4489592995931	46.7252532545316	47.5670102310907	68.399428934598	34.6864906367446	48.9089185243274	41.6890500556975	40.395943069668	37.2974441184805	48.9622371505897
21.4020444622642	18.0518037587481	19.8580716567898	20.965788034973	33.6726509361897	31.7938610727182	31.7895063325261	38.3300641543235	39.6794384655639	14.8967894710511	40.4068381033616	37.2238164452232	36.0573476258432	29.2160132796271	29.4764478719571	32.8294846544822
125.629880302092	98.3847459110722	110.265885776105	99.9480965850869	169.389816363439	146.726504167358	150.872449942149	162.994546957899	163.90869377261	147.611128919589	180.873148116957	180.431234148023	178.539419101158	207.030134702183	196.32436779779	192.630938433492
16.9668174052502	17.2939458139148	13.2022816602757	15.6807264963037	12.3836838103466	10.9535712558281	13.2252451614442	14.7746306595648	13.438093937946	7.02194210412216	16.2542599109787	18.657487586202	18.7398626540411	17.8586242865696	22.8586818172065	12.1185186121821
149.580106409968	208.65307688431	222.58234196728	210.640774367217	228.525836157448	220.445141280835	242.939111034506	271.602211773698	297.087309352081	281.715147315233	501.212606247509	460.873684046525	489.26860066837	539.943599561179	546.464353603684	421.541615743125
16.0797719938475	16.5360878690816	14.5889045762161	13.9190393167472	29.5331295506091	24.6397317325917	24.9977034650571	31.8502822760075	32.2469189172791	44.5432736759602	30.8729256589999	30.732093067943	27.0466237380763	15.3741954443383	13.6339170136148	26.2891795884927
5.43522705701396	7.06286355866597	5.15986874782127	5.11060341896503	9.42688282064622	7.53203113663718	7.1880870570273	10.8623095254872	8.88757176552676	1	10.5339124443617	9.56907485800978	9.30676108403514	7.74344971462786	6.61507422827322	6.88627455939055
220.543739322191	207.137360994643	258.634537781731	242.057529069307	305.550501939144	290.431189173376	276.29440956141	259.824495026319	261.289868262383	369.959760456408	342.949659671105	321.820969305184	358.61310429575	708.174924020842	747.804872360339	437.674368239232
11.2010222311321	11.2310822552488	12.0929833275234	10.1020504277083	19.6278462351127	20.1295197572946	16.2438242136526	19.5427720417218	15.5616709517417	10.2645263140341	21.9746073775957	20.605004599386	18.5990700932948	15.5516546473548	14.8371472053876	19.5308643536369
19.6279536394586	21.8410934829143	24.017940404611	25.3700059838641	36.9251320248602	39.5700886163338	31.034861569474	36.4961636227246	39.5277543931499	40.6058499924957	46.762779732936	32.030437743399	38.8731988407704	23.1824003770653	22.8586818172065	38.2797388761401
354.931119149714	303.385319988465	362.076607310886	320.746223089494	478.375519787134	438.957135256436	452.126639352551	494.808283141853	499.433861952326	369.959760456408	629.602627164913	617.324217438976	628.653235807265	1045.34740975224	1043.39842280586	767.959774071702
90.1480638459805	83.9854449592405	104.442069529156	89.3779735077482	75.2157048414807	80.4730454957524	91.5573715662531	92.8172866153829	94.2857045345953	142.747252604722	102.059471910234	105.776415309301	111.099782503652	235.955984793876	246.659497486953	153.607118206422
15.1927265824447	12.3678691724987	9.87438666201871	13.9190393167472	20.9584066804779	15.7748323328698	17.6021847871464	23.1698197597729	26.331240093134	21.1503447330241	25.1525781923829	22.6823560801157	21.5557138689683	17.8586242865696	14.2355321095012	19.3128541847706
19.1844309337572	16.1571588966649	15.4208783257804	17.4424136758601	28.941769352669	31.1717628692289	24.5449166072258	31.6465155502743	27.2413445276179	25.7826078900412	31.5085198219574	28.3950726521222	29.299304710018	15.9065730533879	14.6366088400921	24.1090778998296
91.9221546687861	79.438297290241	91.9624632856917	80.569537609966	129.177322903514	116.865790399874	114.800430268258	119.714494412166	123.864098655321	74.4213710387202	130.025615080361	132.522315623696	137.568783923968	164.262466775201	164.639306081105	161.455484285609
17.4103401109516	14.6414430069984	14.03425540984	10.1020504277083	26.4284885114237	19.9739952064223	23.3374849863424	25.6150204685714	24.3593471517523	14.2019499974986	27.6949548442127	28.9144105223046	24.2307725231491	17.1487874745035	21.8559899907291	22.8010168866317
1230.00141749857	1395.45861849317	1395.94265343607	1453.51107954429	1504.82898336164	1624.36526200521	1785.43300671302	1431.40166130196	1516.02051527079	1200.52454450956	1412.65463592849	1273.24794747936	1367.53259460415	1909.21881003667	1901.70262627049	1325.19376569401
132.282720887613	101.416177690405	129.955931182459	120.794728209838	166.433015373739	163.67868021244	152.834526326084	166.295567914777	172.099633682965	142.978865762572	212.017262101872	229.768331815352	216.975788184914	396.734022726845	363.372826088918	300.109951684586
99.4620406657098	78.6804393454078	91.4078141193156	84.9737555588571	78.6160259796362	84.2056347166879	91.859229471474	103.453909698656	100.20138335874	143.210478920423	120.491702636	113.176979959401	127.854097232469	226.373187830984	233.022888646861	152.953087699823
227.196579907712	213.958082498142	198.455103229916	199.777036759952	307.176742483479	286.232026299824	284.142715097151	284.765542256064	277.520064010679	304.644849942467	311.169951523233	319.354114421818	347.349699436041	539.233762749113	527.814285631206	432.660134355307
155.789424289787	113.541904807737	123.022816602757	126.079789748507	231.630477196633	231.487384392769	215.017254801578	259.498468265146	250.065246903749	274.071913106155	373.458179493063	361.290647439048	381.280706575914	531.780476222419	489.310919494475	448.574876682548
64.867269621001	46.8504056624114	66.448601632388	49.7400119677282	88.2256291961626	81.5617173518586	77.3700500208735	91.7984529867169	86.8531849863105	66.0832973560895	101.423877747276	108.502939127759	106.17204287753	124.866523705533	117.312251871374	112.185186121821
34.7077256333061	35.8614654623293	32.6150024834416	25.9572350437163	40.3254531630157	40.1921868198231	38.7322381526055	45.4618995549857	40.8929110448757	52.8813473585909	49.3051563847658	50.4669321348746	54.9235507658552	57.9644041683037	60.9609712233462	52.8864201901834
65.3107923267024	56.7025589452436	46.758556226034	54.1442299166194	93.9913911260784	74.5631125626045	77.3700500208735	97.0556345106336	100.808119648396	124.218199976653	107.144225213893	111.359297413762	122.7855650456	148.291138503714	144.184392820967	120.469572538742
17.4103401109516	11.2310822552488	11.8156587443353	8.63397777807792	19.0364860371726	14.9972095785082	15.7910373558213	16.3232577751371	18.5953524000212	2.15806578925426	19.4322307257659	19.1768254563844	23.9491874016564	20.343053128801	22.0565283560246	19.5308643536369
11.2010222311321	15.7782299242483	12.9249570770876	12.1573521371908	19.6278462351127	20.1295197572946	16.6966110714839	21.4989326087606	22.6908223551986	10.4961394718849	26.4237665182978	19.5663288590212	19.0214477755339	19.8106755197514	17.4441459542287	21.7109660423001
395.735208074242	407.21185843062	467.459948922358	460.506739334305	691.11735099608	632.429676541594	679.274713031236	535.439368253054	571.028744131722	592.771618308927	799.941862837508	787.796873326353	820.412703543805	1223.16153117479	1298.8843001923	929.505309201642
35.5947710447089	33.9668206002462	35.1109237321344	31.2422965823856	38.4035325197104	38.7924658619723	34.8080853847345	47.6625801929043	46.0501695069509	42.2271420974517	48.6695622218084	49.687925329601	56.7538540555579	68.7894155523116	69.1830442004606	62.6968777891676
9.42693140832652	17.2939458139148	9.59706207883062	10.9828940174865	21.2540867794479	18.1077005959545	18.5077585028089	23.9033799724124	20.8706134862309	30.1832578892074	23.2457957035106	22.5525216125701	22.2596766727001	17.6811650835531	18.0457610501151	19.5308643536369
24.0631806964726	23.7357383449974	18.7487733240374	18.6168717955644	35.594571579495	30.705189216612	38.7322381526055	34.0509629139261	33.157023351763	25.7826078900412	36.5932731256169	38.0028232504968	35.9165550650968	23.3598595800818	23.0592201825019	42.4219320846002
52.0051111556605	54.0500561383273	50.9184249738552	48.5655538480239	76.1027451383909	70.2084251381797	69.8236023903524	71.9515739003026	73.3533025414666	94.5717157717443	91.8899653029146	79.6796873326353	83.7860257188587	92.9238671625587	88.2341889035304	77.9575896098098
79.0599962034456	82.469729069574	72.5497424625258	63.2462803443276	113.062757509646	107.067743694918	103.329829869866	109.240884709479	108.847375486337	135.104018395643	129.390020917404	130.964302013148	134.048969905309	170.828457286812	165.842536272878	138.782426723512
1485.02697327687	1639.8678057019	1847.14975028308	1939.73674110186	2045.92356447682	2110.84605713381	2340.09690755632	1970.16088414056	1956.20769341615	1756.16451019376	2094.64717278182	2009.53921293047	2098.80915512074	2740.61517616907	2742.96106868499	2019.12013319549
129.621584653405	147.645512325233	144.099484925052	128.722320517842	188.165502648037	167.411269433376	164.003268819256	182.88217938946	179.380469158836	197.871184173224	224.093551198063	227.301476931986	222.889075736261	279.078571126891	275.938098820092	252.147714533997
47.5698840986465	40.4086131313288	39.5481170631438	33.8848273517203	48.0131357362368	40.65876047244	40.5433855839305	48.151620334664	50.2973235345423	49.4071499908281	48.0339680588509	55.6603108366987	64.0750672143685	61.6910474316507	59.9582793968688	48.9622371505897
601.973266225391	705.807888694919	751.717646690145	806.091041057294	808.058830138732	815.63759746918	886.802022870566	677.627789469686	754.41478768022	627.976818302257	1036.38289145768	979.432547423662	1036.10690660723	1557.84958806395	1517.47111836436	1107.61961716542
58.6579517411814	65.0389963384093	73.3817162120901	73.2291743618141	50.8220966764522	44.5468742442479	47.0333305461787	59.3180369048437	66.9825715000796	63.3039394618793	74.7289229030636	76.823329046632	82.8004777936341	135.336616683508	137.366088400921	95.3984031191151
28.9419304591879	28.6618149864135	22.6313174886706	23.3147042743816	38.8470526681655	34.2822538866752	30.2802168064218	43.7910124039734	39.5277543931499	19.0658263123665	41.042432266319	48.2597461865994	42.5338054201757	54.2377609049568	57.5518190133232	58.118664242975
12.5315903482363	10.094295337999	11.2610095779591	9.80843589778221	16.5232051959272	14.9972095785082	13.527103066665	17.5051047843897	22.6908223551986	7.48516841982386	14.3474774221063	17.0994739756547	17.7543147288166	13.2446850081401	12.6312251871374	15.8246914829095
16.5232946995488	11.9889402000821	12.0929833275234	9.51482136785614	26.2806484619387	25.7284035886979	25.4504903228883	29.6496016380889	30.2750259758974	31.5729368363125	23.881389866468	27.6160658468486	27.328208859569	22.8274819710323	24.4629887395703	29.7773422903538
98.5749952543071	88.9115216006566	80.0375062086041	91.7268897471568	61.1709001404037	54.500445500076	58.3530019919603	63.5563848000944	64.70731041387	49.638763148679	81.7204586955955	83.9642247616402	100.399547886929	123.091931675367	121.92463427317	75.1234574145476
96.8009044315015	72.2386468143252	73.104391628902	60.897364104919	112.027877163251	103.335154473983	100.613108722878	122.934008678751	118.10010390359	143.905318393976	138.923933361766	143.817914300163	155.167854017262	149.533352924829	141.777932437422	164.725636818604
43.578179747334	34.3457495726629	35.6655728985106	32.4167547020899	48.7523359836619	47.5018407108219	41.4489592995931	50.1892875919961	51.965848331096	34.8155210462244	56.9322863402552	57.6078278498828	55.2051358873479	70.9189259885099	62.7658165110054	58.118664242975
30.2724985762921	14.6414430069984	21.5220191559183	23.0210897444555	31.3072101444294	29.7720419113781	29.978358901201	40.3269780665089	38.0109136690102	30.1832578892074	33.4153023108297	37.2238164452232	34.790214579126	19.8106755197514	23.6608352783884	35.445606680878
20.9585217565628	29.4196729312467	23.1859666550468	22.7274752145295	34.8553713320699	33.6601556831859	30.8839326168635	40.3269780665089	41.9546995517736	45.2381131495128	40.4068381033616	42.0276917444105	39.9995393267412	26.0217476253297	22.0565283560246	34.7915761742791
73.2942010293275	71.1018598970753	73.104391628902	68.2377273530709	89.1126694930727	68.8087041803289	68.0124549590273	85.0333976923744	80.7858220897515	66.778136829642	106.508631050936	86.1714107099154	93.5007124103574	93.4562447716082	96.0551851500538	95.3984031191151
2067.3722858628	2453.04938050797	2791.43995603851	2934.79638302133	3065.57638577501	3369.50624734345	3485.19487101159	2757.71927909941	2772.874739293	2034.79513908833	2823.03808353106	2701.03758707835	2785.87685156297	3455.24338671661	3398.3204464706	2788.26000895586
8.53988599692373	11.9889402000821	12.6476324938996	11.5701230773387	16.8188852948973	14.6861604767636	15.1873215453797	12.6962100570861	16.1684072413976	19.5290526280682	23.2457957035106	19.30665992393	15.3608411961285	16.971328271487	20.2516830683653	19.5308643536369
681.807353251642	772.499387840245	764.197252933609	794.052845330325	608.622603383438	607.545748402024	710.517006221593	583.813588942118	636.707947486974	537.416073582574	700.789173416147	667.829825314216	745.511061226742	1141.70775699021	1164.92467217492	690.348153955293
56.8838609183759	58.5972038073267	64.2300049668833	60.0165205151408	50.9699367259372	43.613726939014	39.3359539630472	48.2331270249573	41.0445951172897	28.3303526264006	62.6526338068722	61.3730274087053	68.0172589152665	60.6262922135516	66.7765838169149	54.8485117099802
42.2476116302298	33.9668206002462	41.4893891454604	36.2337435911288	59.9881797445235	52.3231017878636	52.164914934933	61.6817309233489	63.1904696897302	68.8626552502997	71.5509520882764	63.0608754867981	63.089519289144	68.9668747553281	70.1857360269379	70.9812642060876
29.3854531648893	28.6618149864135	27.9004845692442	22.4338606846034	44.4649745485963	40.9698095741847	39.4868829156576	46.6844999093849	47.1119580138488	42.2271420974517	34.0508964737871	49.5580908620554	46.7575822425664	34.8947077761558	34.0888302737529	49.180247319456
172.64328710644	187.811983401395	183.47957573776	192.4366735118	160.075893245883	161.501336500228	151.17430784737	172.408569686773	178.318680651938	183.742781544322	234.89865196834	241.453433894456	271.462509193754	464.34597907614	453.815628837176	273.512711082896
28.0548850477851	23.3568093725808	23.1859666550468	22.1402461546773	36.6294519258902	38.4814167602276	39.0340960578263	44.6468326520529	44.5333287828112	60.9878078833707	47.3983738958935	42.0276917444105	45.0680715136101	52.9955464838411	52.3378215156409	46.7821354619265
21.4020444622642	16.5360878690816	17.6394749912851	23.9019333342338	29.8288096495792	25.4173544869533	24.9977034650571	28.3454945933963	29.0615533965856	52.64973420074	37.2288672885744	30.8619275354886	33.3822889716624	24.2471555951645	22.2570667213201	32.6114744856159
1081.4213110886	1470.86548400408	1663.00622704619	1796.74646502787	1156.36998672544	1209.27023572701	1270.91620726409	1111.08036844936	1094.64216210477	899.427439303456	1222.61198120421	1030.19782423399	1056.52182791545	1560.5114761092	1516.46842653788	1102.82339345036
487.544408154431	597.813131556182	740.90198794581	746.193676952375	706.344876093037	712.991393893453	685.462800088263	779.877932442609	823.734408773407	655.075557770807	1145.0694933234	1030.71716210418	1087.77777640114	2042.84558990811	2032.45364044313	1405.42150783681
16.0797719938475	13.5046560897486	14.8662291594042	10.9828940174865	23.7673676206933	20.9071425116562	16.2438242136526	26.5115940617975	20.5672453414029	32.7310026255668	16.8898540739361	20.2155011967492	21.4149213082219	15.1967362413218	12.8317635524329	19.3128541847706
10.3139768197293	13.1257271173319	10.983684994771	8.63397777807792	17.7059255918074	16.0858814346144	15.1873215453797	20.317085599508	22.0840860655427	4.70581052561364	15.6186657480212	20.2155011967492	23.5268097194173	15.9065730533879	15.438762301274	16.6967321583748
332.754983864644	328.394632167963	377.329459386231	356.860810270401	664.801822187746	621.542957980532	590.377559943698	515.34796909576	577.702843317937	519.350247270207	890.196233977466	836.095295253317	876.166557599363	1698.75219525907	1667.47381560537	1142.0652238463
63.5367015038968	80.9540131799075	63.6753558005071	55.3186880363236	95.6176316704137	92.1373868111759	97.7454586232804	92.8172866153829	89.4318142173481	117.269805241128	109.686601865723	97.8565127890196	105.749665195291	116.525941163756	122.526249369056	112.185186121821
224.535443673503	221.536661946475	258.634537781731	250.572350437163	526.867056018221	556.533695715905	583.585757076228	456.826165465183	511.720271817858	494.799252538017	630.873815490828	541.111384989707	541.925018387508	1060.07652360261	1029.96235233107	728.935953844631
17.4103401109516	8.19965047591584	12.6476324938996	15.3871119663776	18.7408059382026	15.7748323328698	18.8096164080298	21.5804392990539	23.7526108620964	23.003249995831	21.3390132146382	26.7072245740293	22.4004692334465	36.4918406033045	36.6958290225941	26.7251999262254
78.1729507920429	64.2811383935761	65.8939524660118	57.0803752158801	93.2521908786533	82.1838155553478	83.5581370779008	99.3378218388455	97.3193859828749	97.5826868238054	112.228978517553	106.944925517212	103.356191662602	129.835381389995	140.574702245649	127.227887773597
185.505445571781	173.033753477147	168.504048245603	165.130522228675	252.919444322476	249.994805946575	281.727851855385	278.897060554947	286.166056138275	237.708647323571	372.186991167148	345.840345801121	366.919865379785	602.054320616962	595.796791466371	473.210025764442
16.0797719938475	11.2310822552488	12.3703079107115	13.038195726969	21.697606927903	21.8402898168901	18.8096164080298	25.6965271588646	21.4773497758868	11.4225921032884	23.2457957035106	21.6436803397508	24.6531502053882	11.6475521809914	10.0242264382963	18.0047931715727
46.6828386872438	38.8928972416623	30.396405817937	30.3614529926074	60.1360197940085	51.7010035843743	47.3351884513995	58.0139298601512	52.2692164759239	70.2523341974048	60.7458513179998	56.569152109518	57.598609420036	55.4799753260724	55.9475120909594	67.4931015042266
94.5832909029945	110.510473028404	127.182685350578	158.671002570302	133.464684338579	156.369026321442	155.098460615241	108.466571151693	97.4710700552888	130.008528922925	80.4492703696806	85.5222383721874	84.2084034010977	68.257037943262	74.3970416981428	64.8769794778308
33.8206802219033	27.9039570415803	25.1272387373634	24.4891623940859	37.5164922228003	32.727008377952	33.1478669060199	33.4396627367265	35.1289162931446	28.0987394685497	39.1356497774467	32.6796100811271	33.241496410916	29.0385540766106	31.6823698902073	37.4076982006749
43.578179747334	38.8928972416623	40.6574153958961	37.4082017108331	47.4217755382967	46.4131688547157	44.4675383518015	45.2988861743991	48.0220624483326	47.0910184123196	51.8475330365956	47.4807393813258	48.16550785003	41.9930758968167	40.1049812326171	46.3461151241939
289.733281411609	267.765996581303	275.551337356204	266.721149583097	574.323711902913	858.562373509939	592.490565280243	472.842230107813	472.88914927988	453.572110440565	332.144558900829	336.622098605383	371.284434762922	586.970288360557	611.839860690008	450.100947864612
78.1729507920429	86.2590187937403	87.5252699546824	75.8717051311488	112.323557262221	103.335154473983	108.763272163841	112.501152321211	112.336109151859	118.427871030382	118.584920147127	129.536122870147	136.160858316504	141.015311180036	133.756397825603	143.360640269705
445.8532738185	468.219422989697	488.259292661465	520.110488909298	307.472422582449	308.627561625437	328.968614022447	369.858526922251	407.66499814187	495.030865695868	559.051675076637	520.07820124732	561.776769452745	905.332098572199	875.146734322964	598.129852524841
79.503518909147	73.3754337315751	82.810752040485	85.8545991486353	98.8701127590842	96.8031233373454	84.4637107935633	87.356338365733	86.7015009138965	100.825271033717	105.873036887978	99.4145263995669	101.807473494393	112.621838697393	109.691793990146	98.4505454832435
33.3771575162019	27.146099096747	24.8499141541753	23.6083188043077	50.2307364785121	42.0584814302909	47.4861174040099	47.4588134671711	50.2973235345423	35.7419736776278	56.2966921772977	54.7514695638795	57.598609420036	50.3336584385933	50.5329762279816	57.9006540741086
43.1346570416326	40.4086131313288	35.1109237321344	32.710369232016	51.2656168249073	47.1907916090772	52.4667728401539	62.9858379680415	60.4601563862787	27.4038999949972	59.4746629920849	69.9421022667151	67.031710990042	71.628762800576	91.041726017667	80.3557014673392
156.232946995489	151.813731021816	139.93961617723	140.466901714885	197.922945914048	202.559817930519	179.096164080298	207.456446512885	219.273380203712	260.638349950805	292.10212663451	278.586091612499	314.685825342886	438.259476232711	444.590864033585	350.906321030438
224.535443673503	230.630957284474	289.417566515608	243.819216248863	209.010949625425	201.782195176157	192.377911910015	203.136591927341	209.717283641631	221.495726274011	330.873370574914	300.917620030342	312.99631461393	463.458683061058	451.00809172304	353.304432887968
32.9336348105005	27.146099096747	26.5138616533038	26.5444641035684	51.4134568743923	57.4554119666499	42.505461967866	57.5248897183915	64.1005741242141	30.6464842049091	62.0170396439147	60.4641861358861	53.0932474761526	48.559066408428	49.9313611320952	62.260857451435
86.5998822003694	86.2590187937403	81.4241291245445	75.2844760712967	150.761970128327	145.326783209507	136.081412586328	150.524023343027	146.768393589831	145.989836814634	143.373092502468	159.26821593809	161.785104372341	184.137897513051	172.259763962333	181.076399483578
13.4186357596391	11.6100112276655	15.1435537425923	11.8637376072647	23.6195275712083	23.0844862238686	20.1679769815236	24.0256400078524	27.0896604552039	17.9077605231122	27.0593606812552	24.3702041582085	25.9202832521054	20.8754307378505	21.4549132601382	27.5972406016906
27.6113623420837	22.5989514277475	30.9510549843131	23.6083188043077	43.7257743011712	40.3477113706954	40.0905987260993	44.402312581173	40.5895429000478	24.1613157850852	39.1356497774467	51.6354423427851	47.1799599248055	44.6549639420645	39.3028277714352	59.2087150873065
12.5315903482363	13.5046560897486	14.3115799930281	11.2765085474126	23.6195275712083	16.5524550872314	14.2817478297171	23.9848866627057	23.1458745724405	29.0251920999531	22.6102015405531	23.2016939502981	22.5412617941928	15.5516546473548	18.4468377807061	20.1848948602359
307.474189639664	294.669953622883	290.804189431548	300.486820524595	529.232496809981	523.562490930975	517.026088975032	495.460336664199	531.135833086847	485.766339381834	645.492481238849	617.064548503885	654.840652106088	1105.68353877785	1098.94754999271	840.775170473052
6.32227246841675	7.4417925310826	6.54649166376169	5.40421794889111	10.6096032165264	9.08727664536032	8.69737658313152	13.0222368182592	13.741462082774	13.2754973660952	8.62712995548934	10.3480816632834	11.1370643737378	12.889766602107	13.2328402830238	14.5166304697116
76.3988599692373	84.7433029040738	75.6003128775948	70.5866435924795	124.446441319993	113.444250280683	99.8584639598263	127.335369954588	124.319150872563	111.247863137006	149.729034132042	135.248839442153	140.384635138895	158.583772278672	155.815618008105	145.976762296101
23.1761352850698	13.8835850621652	12.0929833275234	13.9190393167472	16.5232051959272	18.7297987994438	18.6586874554194	21.9879727505203	24.3593471517523	21.6135710487259	30.2373314960425	19.8259977941124	21.4149213082219	10.7602561659087	13.0323019177283	19.9668846913695
24.0631806964726	19.5675196484145	18.1941241576612	17.7360282057862	34.1161710846448	26.3505017921872	26.05420613333	34.173222949366	34.3704959310748	61.2194210412216	30.8729256589999	38.1326577180424	33.8046666539015	20.5205123318175	20.0511447030699	37.4076982006749
10.3139768197293	10.094295337999	11.2610095779591	8.92759230800399	12.3836838103466	14.8416850276359	11.4140977301191	16.0787377042573	15.4099868793277	6.3271026305696	11.8051007702766	13.5939433519235	14.5160858316504	8.63074572971047	8.82099624652342	12.1185186121821
12.5315903482363	11.6100112276655	14.8662291594042	11.5701230773387	19.4800061856277	12.6643413154235	14.1308188771067	19.6650320771617	15.5616709517417	9.33807368263068	16.2542599109787	19.8259977941124	19.0214477755339	15.7291138503714	13.4333786483193	18.4408135093053
16.5232946995488	23.3568093725808	18.4714487408493	18.9104863254905	29.2374494516391	25.5728790378256	29.978358901201	34.2139762945127	31.3368144827952	23.6980894693835	28.9661431701276	31.2514309381254	29.4400972707644	21.5852675499166	23.2597585477974	19.3128541847706
74.6247691464317	50.260766414161	76.432286627159	66.4760401735144	86.3037085528573	84.0501101658156	79.1811974521985	89.1087322070386	90.4936027242459	111.942702610558	108.415413539808	106.425587647029	102.370643737378	117.235777975822	119.518173889624	107.824982744495
12.0880676425349	12.3678691724987	10.983684994771	10.3956649576344	24.2108877691484	19.5074215538054	21.2244796497965	27.4896743453169	19.6571409069191	4.70581052561364	25.7881723553404	25.9282177687557	25.9202832521054	19.2782979107018	20.6527597989563	27.8152507705569
203.689876505538	231.00988625689	154.637819086199	172.470885476827	70.7805033569301	65.387164061138	63.6355153333251	136.138092506263	165.122166351922	161.971144706342	256.508853508893	265.083306987756	260.621482016285	327.170015144368	312.235542938573	187.398694380701
52.8921565670633	62.7654225039096	55.3556183048646	54.7314589764715	68.8585827136248	66.6313604681165	66.0503785750918	72.9704075289686	72.4431981069828	75.1162105122727	82.9916470215104	79.9393562677265	83.7860257188587	114.041512321525	108.488563798373	89.2941183908582
339.407824450165	359.845736878542	390.363714796071	367.724547877666	655.044378921735	726.055456166727	722.440393477817	416.847133876328	432.692870090176	432.263699918287	440.831160766552	372.196742712878	439.005656481921	1096.81057862703	1197.21134898749	625.817143970863
236.510556727441	276.481362946885	303.838444841388	321.03983761942	275.68681194317	264.303064626827	278.105556992735	329.512715227076	390.828066103919	339.155210462244	534.263502721296	480.998026516093	534.744597789444	779.336064430468	811.97714925489	542.101239126198
231.631806964726	235.178104953473	262.239757363176	267.014764113023	217.881352594526	198.205130506094	199.169714777484	193.478049127587	193.183719748508	202.966673645943	291.466532471552	286.765663067872	302.577665118699	407.20411570482	397.063271458558	306.214236412843
14.3056811710419	15.7782299242483	17.9167995744732	17.7360282057862	25.8371283134836	20.9071425116562	22.7337691759008	26.4300873715042	26.482924165548	34.5839078883736	27.0593606812552	27.6160658468486	26.4834534950908	14.4868994292557	13.0323019177283	18.6588236781716
32.9336348105005	30.17753087608	32.6150024834416	26.2508495736423	49.787216330057	41.7474323285462	44.3166093991911	48.1108669895174	46.9602739414348	75.5794368279744	61.3814454809573	49.038752991873	51.5445293079426	44.6549639420645	50.7335145932771	59.6447354250392
39.5864753960214	29.4196729312467	34.5562745657582	28.3061512831249	44.4649745485963	48.4349880160557	43.2601067309181	47.4180601220245	48.3254305931606	27.1722868371463	50.5763447106807	45.2735534330505	50.6997739434645	37.7340550244202	38.5006743102533	44.384023604397
2547.26385343171	3227.20127115513	3097.05164671178	3494.1320625305	2026.40867794479	2255.32836489419	2422.20225777639	2302.09688035996	2172.96423289572	1395.07959710428	1999.94364250116	1753.375808463	1778.08370174053	2481.70219896797	2561.67438645789	1734.83487299382
785.591666385769	964.616376855473	976.90520823887	1082.0886991878	819.738194048048	885.468120810849	894.046612595866	815.129575994454	875.610361538987	573.316113049456	901.001334747742	775.46259890952	778.315727880644	1049.60643062463	1085.51147951791	782.348445216879
109.663062896842	112.784046862904	125.241413268262	119.91388462006	149.579249732446	130.085377224021	114.649501315648	138.501786524768	141.156082910514	132.324660501433	161.169729065276	170.693649082103	171.640583624586	237.020740011975	232.62181191627	206.36557907207
119.864085127974	108.236899193904	104.996718695532	103.765085474126	167.763575819104	156.057977219697	144.835291837732	157.981885504862	171.796265538137	191.849242069102	223.457957035106	217.304222930974	239.361805343585	278.013815908792	261.699874884114	211.815833293728
1171.45642034598	1429.18329703825	1296.66045265473	1316.39309406881	1304.21003621046	1408.1861362927	1529.00471622791	1434.82494229428	1514.04862232941	1304.05562606889	1638.29056377838	1505.13230651581	1594.20861740579	1862.01466203427	1871.22079474557	1469.08047714578
147.806015587162	135.519785207901	146.872730756932	130.190393167472	170.424696709834	171.765956857801	165.814416250581	191.847915321721	190.756774589884	223.117018378967	299.093662427042	285.077814989779	305.534308894373	440.211527465893	414.309570873968	346.546117653112
48.4569295100493	51.3975533314109	49.2544774747267	47.6847102582457	61.1709001404037	63.0542957980532	62.5790126650521	79.287176026698	64.2522581966281	98.7407526130597	58.8390688291275	71.7597848123535	77.0279828030335	36.4918406033045	41.1076730590944	62.260857451435
44.4652251587368	35.8614654623293	38.9934678967676	35.9401290612028	44.1692944496262	36.4595975988876	38.8831671052159	49.4557273793565	41.6513314069456	72.1052394602116	32.7797081478723	50.337097667329	45.6312417565956	25.4893700162801	22.658143451911	34.7915761742791
56.4403382126745	60.4918486694099	66.448601632388	62.6590512844755	80.8336267219115	72.6968179521367	70.2763892481836	85.1149043826677	83.819503538031	107.773665769243	91.2543711399572	103.569229361026	111.522160185891	107.12060340388	110.493947451328	100.41263700304
26.2807942249796	29.0407439588301	21.7993437391063	20.3785589751209	38.1078524207404	27.750222750038	33.2987958586303	35.3550699586186	37.4041773793543	54.7342526213977	33.4153023108297	38.1326577180424	35.2125922613651	20.8754307378505	19.4495296071834	33.9195354988138
27.6113623420837	29.0407439588301	23.4632912382349	17.1487991459341	38.1078524207404	35.9930239462706	34.3552985269032	41.9571118723745	43.9265924931553	31.8045499941633	37.8644614515318	42.2873606795017	34.5086294576333	21.5852675499166	19.6500679724789	41.3318812402686
24.0631806964726	19.1885906759979	15.6982029089685	14.5062683765994	18.2972857897475	19.0408479011884	16.0928952610422	24.8814602559318	21.4773497758868	18.3709868388139	23.881389866468	26.5773901064837	25.2163204483736	26.3766660313627	23.2597585477974	19.0948440159043
75.5118145578345	72.6175757867418	73.104391628902	72.0547162421098	82.9033874147018	83.4280119623264	86.1239292722779	87.926885197786	90.6452867966599	71.1787868288082	123.034079287829	102.660388088207	111.662952746638	176.862070189374	190.909831934812	142.270589425373
62.2061333867926	53.6711271659106	50.6411003906671	55.6123025662497	72.1110638022953	67.0979341207334	66.9559522907544	74.1115011930745	76.9937202794021	70.9471736709574	99.517095258404	86.950417515189	88.2913876627421	91.681652741443	82.2180379446663	91.910240417254
16.9668174052502	17.2939458139148	13.2022816602757	12.4509666671169	15.9318449979872	16.5524550872314	17.7531137397568	21.6211926442005	20.112193124161	11.1909789454375	16.2542599109787	22.9420250152069	18.5990700932948	15.1967362413218	17.0430692236378	19.7488745225032
71.5201102065219	57.0814879176603	53.414346222548	49.7400119677282	81.1293068208816	75.1852107660937	73.2949683003921	86.6227781530934	80.6341380173375	84.149123668456	86.8052119992551	105.257077439119	105.327287513051	125.753819720615	116.510098410192	104.990850549233
91.0351092573833	74.8911496212416	83.088076623673	73.2291743618141	113.506277658101	105.20144908445	117.969938273077	116.413473455288	118.706840193246	167.761473652614	142.73749833951	142.13006622207	152.633587923828	156.63172104549	148.395698492172	135.94829452825
488.874976271535	514.827686596941	572.84329053383	577.658936774809	307.472422582449	288.098320910291	259.994082679484	224.898878235647	245.211356586502	230.991865745896	457.356609003446	424.520033133756	476.456477640452	589.987094811838	577.948876955074	415.873351352601
12.0880676425349	8.95750842074909	12.3703079107115	8.34036324815184	21.549766878418	19.1963724520607	19.4133322184715	18.3609250324692	19.6571409069191	13.0438842082443	21.3390132146382	22.4226871450245	24.0899799624028	15.9065730533879	17.6446843195242	19.0948440159043
14.3056811710419	13.8835850621652	18.4714487408493	9.80843589778221	20.2192064330528	19.5074215538054	18.5077585028089	17.5458581295364	17.0785116758815	19.9922789437699	16.2542599109787	21.903349274842	18.8806552147875	14.6643586322722	12.2301484565464	19.3128541847706
67.084883149508	77.5436524281579	72.2724178793377	75.8717051311488	54.8137780125478	55.9001664579268	50.0519095983871	62.9450846228948	62.2803652552464	71.4103999866591	72.1865462512338	80.0691907352721	92.6559570458792	83.1636109966499	88.033650538235	72.2893252192855
28.9419304591879	18.4307327311647	28.1778091524323	24.4891623940859	32.1942504413395	26.9725999956764	28.6199983277072	34.0917162590728	37.2524933069403	10.0329131561832	34.0508964737871	36.1851407048583	34.6494220183796	24.424614798181	24.0619120089793	38.0617287072738
322.11043892781	340.899288257711	433.349025190224	402.371062408943	554.069625123465	511.276051412062	544.193300444908	426.994716817842	464.698209369525	371.117826245662	745.916358986126	691.32986393997	725.377725040013	1032.74780633806	1011.71336108918	748.5568690426
315.45759834229	334.836424699045	358.194063146253	358.035268390106	562.792188043081	522.940392727485	536.344994909166	443.907355053698	442.704018869499	487.38763148679	653.119611194339	644.849124558644	661.457902461167	912.607925895876	885.975806048919	685.769940409101
154.458856172683	160.150168414982	150.755274921566	165.424136758601	152.536050722147	136.617408360658	129.138680766248	147.956562598789	145.099868793277	167.761473652614	205.661320472297	197.05004599386	210.780915512074	228.147779861149	245.255728929885	188.924765562765
24.9502261078754	13.8835850621652	18.7487733240374	22.7274752145295	24.2108877691484	21.8402898168901	23.3374849863424	26.0633072651844	19.5054568345051	24.6245421007869	18.7966365628085	21.5138458722052	20.1477882615047	15.5516546473548	13.4333786483193	25.6351490818938
140.70965229594	118.089052476737	146.872730756932	129.60316410762	219.951113287317	207.225554456688	198.565998967042	205.011245804087	204.256657034728	185.82729996498	278.119055049446	265.083306987756	284.415424782419	359.290130890359	344.321681385848	327.797243130609
122.968744067884	124.909773980236	117.199000355807	124.905331628803	254.693524916297	239.419136487257	239.467745124467	247.55773813718	256.891030162378	143.442092078274	320.703863967595	310.395536161171	308.490952670046	307.649502812551	307.823698902073	263.920263652778
246.268056252872	234.041318036223	258.911862364919	271.71259659184	155.788531810817	151.858814346144	162.946766150983	141.1507539593	142.976291779482	124.681426292355	123.669673450787	149.011293001987	140.666220260387	180.588713452721	195.121137606017	136.820335203715
1517.84765349877	1824.78514424121	1865.1758481903	2060.70592743141	2739.44123661105	3072.6098797282	3197.37335838351	2373.08920760541	2578.71912660311	1939.60213121163	2668.5887019324	2442.27749325997	2450.50897186514	2897.13419322965	2945.50481763342	2222.9596410855
276.427600240567	282.923155477968	309.107611921962	272.887054711544	553.182584826555	518.430180752188	495.745106656963	475.287430816612	503.377647835089	445.697263073636	697.61120260136	619.141899984615	682.999164255359	1133.72209285446	1121.80892363639	803.277421428045
25.8372715192782	21.083235538081	29.2871074851846	21.8466316247512	33.5248108867047	35.2154011919091	33.2987958586303	37.922530702857	37.5558614517683	20.4555052594716	31.5085198219574	45.9227257707785	40.281124448234	25.4893700162801	24.4629887395703	39.587799889338
51.5615884499591	44.5768318279117	40.1027662295199	35.9401290612028	61.1709001404037	56.6777892122884	53.0704886505955	67.6317193147586	70.6229892380151	74.652984196571	63.2882279698296	64.2293856947085	71.2554878124328	59.9164554014855	62.56527814571	69.2371828551571
54.6662473898689	54.0500561383273	60.9021099686263	52.676157266989	74.0329844456006	72.5412934012644	61.2206520915583	71.4625337585429	69.4095166587033	75.5794368279744	84.8984295103827	83.7045558265489	89.5585207094593	76.2427020790055	71.7900429493017	86.2419760267298
6.76579517411814	7.82072150349922	12.9249570770876	9.51482136785614	9.2790427711612	7.37650658576487	7.94273182007941	12.1256632250331	11.6178850689783	23.4664763115327	13.0762890961915	10.477916130829	12.9673676634405	10.9377153689253	7.21668932415964	11.9005084433158
13.8621584653405	11.2310822552488	14.3115799930281	11.8637376072647	21.1062467299629	18.8853233503161	16.0928952610422	22.7622863083065	22.3874542103706	16.5180815760071	21.3390132146382	20.9945080020228	20.1477882615047	14.8418178352888	14.0349937442057	20.6209151979685
5.43522705701396	5.16821869658286	4.05057041506893	4.52337435911289	6.32224178146077	6.44335928053099	6.13158438875434	8.86539561330178	6.30894253448917	6.55871578842045	6.72034746661701	6.84255103955212	8.32121315881063	6.32377609049568	5.41184403650039	6.66826439052423
168.651582755128	166.591960946064	157.133740334892	141.641359834589	259.276566450332	225.110877807004	223.469276147762	237.573168576253	222.762113869233	256.932539425192	297.822474101127	283.649635846777	285.823350389883	297.889246646642	286.165555450162	275.474802602693
66.1978377381052	61.2497066142431	55.3556183048646	50.6208555575065	97.0960321652639	85.6053556745388	77.0681921156526	94.2029003503687	93.3756001001115	80.2116999849915	94.4323419547444	104.218401698754	112.507708111116	95.0533775987569	94.0498014970991	103.900799704901
129.621584653405	102.931893580072	106.937990777848	96.424722225974	181.069180272756	171.143858654311	164.757913582308	174.772263705279	169.2176363071	165.213728916254	195.491813864978	196.271039188587	204.445250278488	240.215005666272	238.637962875135	229.4746569719
87.9304503174736	85.501160848907	88.0799191210586	63.8335094041798	163.476214384038	161.501336500228	152.532668420864	159.978799417048	147.678498024315	151.548552603054	175.15280065034	180.431234148023	177.553871175933	191.413724836729	192.514138857176	211.379812955996
331.867938453241	358.708949961292	412.827006034306	414.115643605986	357.442359308387	358.395417904577	378.624239431276	347.403433746451	365.496826010785	418.598523605087	524.093996113977	512.67763659722	547.134343135124	859.015246584886	838.849290204483	577.636896651407
33.3771575162019	21.4621645104977	22.9086420718587	24.1955478641598	27.1676887588488	25.1063053852087	20.9226217445757	26.226320645771	28.7581852517576	47.0910184123196	24.5169840294255	26.3177211713925	31.4111931212134	39.5086470545854	40.1049812326171	29.1233117837548
591.772243994259	645.17925310826	644.670357579544	668.09221199204	569.740670368877	586.394409483389	816.921917811941	723.516056104804	730.752072383639	859.126749837408	744.009576497253	690.550857134696	775.35908410497	1135.49668488463	1179.36343447619	681.191726862908
388.63884478302	469.735138879363	494.637758074791	575.3100205354	303.037221097899	271.612718517826	259.843153726874	199.183517448117	213.509385451981	243.267363111991	374.09377365602	297.022586003974	348.616832482759	724.146252292329	758.032328990408	468.413802049383
4.99170435131256	11.2310822552488	9.04241291245445	9.22120683793007	7.50496217734094	4.57706467006322	8.24458972530025	7.96882202007567	7.52241511380098	1.23161315785085	7.9915357925319	6.97238550709773	5.22377682239075	5.79139848144611	6.01345913238681	6.66826439052423
1097.83165119955	1423.499362452	1460.2819567357	1451.16216330488	1336.14348689923	1317.35979858326	1527.49542670181	1130.88649419063	1125.43402880481	1067.81020506103	1274.09510840376	1230.92191105949	1279.11486645544	1662.19559943767	1687.52765213492	1246.05607439553
87.9304503174736	77.9225814005745	68.3898737147045	64.714352993958	140.117486565405	127.752508960936	120.082943609623	134.181931939224	143.734712141552	101.983336822972	150.364628295	148.62178959935	137.568783923968	201.706358611687	189.706601743039	174.972114755321
30.2724985762921	24.8725252622473	27.345835402868	26.2508495736423	47.2739354888117	42.0584814302909	44.9203252096328	51.2488745658088	44.0782765655692	45.0064999916619	40.4068381033616	46.442063640961	49.9958111397327	37.5565958214036	42.9125183467537	47.4361659685254
22.7326125793684	12.7467981449153	14.3115799930281	19.7913299152687	37.3686521733153	33.5046311323136	33.2987958586303	39.9601979601891	37.1008092345263	25.0877684164886	34.6864906367446	36.3149751724039	34.3678368968869	35.0721669791723	39.7039045020261	39.8058100582044
13.8621584653405	15.0203719794151	10.706360411583	12.7445811970429	18.1494457402625	18.7297987994438	16.6966110714839	20.1133188737748	21.3256657034728	27.1722868371463	20.7034190516808	20.7348390669316	19.7254105792656	12.1799297900409	12.2301484565464	21.7109660423001
24.0631806964726	17.6728747863314	17.6394749912851	15.3871119663776	27.4633688578188	29.3054682587611	29.2237141381489	31.2389820988079	32.853655206935	30.8780973627599	26.4237665182978	30.732093067943	28.5953419062862	17.8586242865696	16.0403773971604	28.6872914460222
226.75305720201	196.527349766978	188.194093651957	183.334623084092	336.596912330999	302.0955304888	322.629598012809	347.688707162478	342.44084700386	281.02030784168	351.212383789552	347.917697281851	347.631284557534	323.088453474988	321.259769376869	336.299639716395
41.8040889245284	51.0186243589943	63.398031217319	54.4378444465454	71.2240235053851	67.5645077733503	68.616170769469	74.6412946799809	73.2016184690527	57.2819973577571	77.9068937178508	89.9366102687379	80.6885893824388	95.763214410823	99.0632606294859	104.5548302115
3077.71700945058	3870.24373734614	3849.15591631786	4498.00014034775	3190.94474773831	3456.75552038281	3491.38295806862	3071.72380345428	3187.73067734523	2483.42982584543	3317.53034231195	3005.2397445377	3194.4568628489	4093.20922156101	4159.9651578628	3081.04766574332
306.587144228262	377.276469609707	443.610034768183	472.544935061274	224.829834920322	225.577451459621	215.922828517241	247.06869799542	256.891030162378	192.312468384804	350.576789626595	315.978418265632	336.508672258572	506.22635098804	498.736222663362	383.389836191519
407.266798422478	666.778204536007	448.601877265569	494.56602480573	626.215569272155	664.467734021291	879.557433145266	475.409690852052	547.366028835142	1220.90650240044	548.24657430636	540.721881587071	540.094715097806	501.61241170961	486.102305649747	409.769066624344
20.5149990508614	24.8725252622473	14.5889045762161	17.7360282057862	31.0115300454593	33.193582030569	36.0155170056179	34.4584963653925	34.3704959310748	35.2787473619261	26.4237665182978	27.486231379303	30.7072303174816	15.9065730533879	18.0457610501151	29.3413219526212
57.7709063297786	55.1868430555771	52.8596970561718	40.931576069946	74.7721846930257	69.897376036435	67.2578101959752	74.2745145736611	70.6229892380151	46.6277920966179	90.6187769769998	82.7957145537297	80.8293819431851	78.1947533121873	80.0121159264161	92.3462607549867
64.4237469152996	55.5657720279938	55.0782937216765	52.3825427370629	71.3718635548702	66.3203113663718	59.8622915180645	80.7950497971237	89.88686643459	54.7342526213977	95.0679361177019	86.1714107099154	96.4573561860309	119.187829209004	108.689102163669	95.1803929502488
93.6962454915917	81.3329421523241	78.6508832926637	71.7611017121838	126.072681864328	119.820756866448	116.611577699583	143.147667871485	134.633667796713	187.216978912085	162.440917391191	166.409111653098	178.117041418919	187.864540776398	182.888297322993	174.100074079855
38.6994299846186	35.4825364899127	32.0603533170655	32.1231401721638	52.8918573692425	55.4335928053099	52.7686307453747	59.1142701791105	63.6455219069722	86.4652552469645	66.4661987846168	66.5664061105294	63.089519289144	73.0484364247081	72.7927347757791	72.2893252192855
181.957263926169	151.055873076983	188.471418235145	176.875103425718	227.786635910023	243.151725708193	219.545123379891	204.033165520567	202.284764093346	144.831771025379	259.68682432368	237.688234335634	242.600034240751	400.638125193209	395.258426170898	323.219029584416
1103.59744637367	1131.7240536912	1208.19391061773	1245.04476329677	1149.12582430068	1152.34825010774	1366.15237636127	1081.33042649232	1200.51764464972	1018.47660243879	1434.26483746904	1317.13199750977	1379.07758458535	1870.35524457605	1867.00948907437	1285.51591496034
471.134068043479	459.504056624114	523.756839309539	462.268426513862	657.114139614525	582.195246609837	665.540178343688	543.916064043556	592.719566486921	558.0296446313	657.568770335041	608.884977048512	663.147413190123	985.011280726617	983.236913217223	714.329272530588
30.7160212819935	21.083235538081	22.0766683222944	21.5530170948252	34.2640111341298	34.4377784375475	29.0727851855385	36.6184236581645	39.9828066103919	7.71678157767472	37.2288672885744	39.3011679259528	39.0139914015167	27.7963396554949	31.4818315249118	41.5498914091349
280.862827297581	287.470303146967	326.856385245999	308.708027362525	695.55255248063	661.357243003845	700.555695349305	606.553955533944	671.898652287017	534.868328846214	832.357165148338	825.578703382123	834.91433730068	1505.49912317408	1463.72683646517	1089.96079348725
416.580775242208	404.559355623704	460.249509759468	508.953136772108	379.174846582685	362.59458077813	430.091012271429	360.077724087057	400.232478593585	299.317747311898	468.161709773722	412.445427652015	425.067192968031	839.494734253069	832.030985784437	547.987513685588
4173.21809253303	4603.09236999989	5455.97455130962	5737.3470711657	7514.52699492776	7502.10461312257	7483.90654147211	4756.71161188731	5318.13347439952	4432.91777547606	7275.37519504796	6682.93087223444	6970.37254950548	10866.2946230926	10828.4674190331	7959.02519412716
29.3854531648893	21.083235538081	29.0097829019965	19.4977153853426	33.8204909856747	28.6833700552719	28.7709272803176	36.903697074191	31.9435507724511	37.5948789404347	35.322084799702	37.0939819776776	33.8046666539015	41.9930758968167	39.1022894061397	40.0238202270707
37.3688618675144	27.9039570415803	34.0016253993821	29.4806094028292	59.5446595960685	49.3681353212896	50.5046964562184	50.1892875919961	52.11753240351	33.1942289412685	60.1102571550424	60.8536895385229	57.4578168592897	55.3025161230559	53.1399749768228	61.606826944836
125.186357596391	113.541904807737	126.90536076739	118.152197440503	171.016056907775	154.347207160102	140.45835221203	162.179480054966	161.785116758815	211.999586802126	194.220625539063	221.458925892433	221.621942689543	269.140855757966	243.450883642226	236.014962037889
16.0797719938475	13.5046560897486	15.4208783257804	16.855184616008	20.2192064330528	21.3737161642731	18.9605453606402	23.1290664146262	25.4211356586502	23.003249995831	21.9746073775957	24.3702041582085	22.4004692334465	13.7770626171896	11.2274566300691	21.0569355357011
2072.25103562552	2582.64308907445	2426.48080456299	2432.12830778789	1967.86401834872	2176.78846670367	2609.2032300607	2141.65096051763	2216.19419353371	1804.34004702674	2041.2572630934	1862.6964301364	1908.17602787017	2420.47877392727	2429.31906536287	1702.35135783273
58.21442903548	48.7450505244945	60.3474608022501	50.0336264976543	70.9283434064151	63.0542957980532	57.7492861815186	75.8638950343801	73.5049866138806	83.6858973527543	86.1696178362976	78.5111771247248	89.6993132702057	90.4394383203273	84.4239599629165	96.2704437945804
1295.64277794237	1646.6885272054	1382.63107344304	1607.07147869562	1371.18157862718	1554.2236895618	1795.69617549053	1532.46995726563	1535.28439246737	1185.00646293356	1226.42554618195	1118.61509663255	1130.71950742878	1481.54213076685	1493.4065145289	958.500661660863
25.8372715192782	18.4307327311647	29.2871074851846	25.6636205137902	27.0198487093638	25.7284035886979	23.4884139389529	34.4584963653925	31.9435507724511	11.8858184189901	41.6780264292765	35.7956373022215	32.1151559249452	35.2496261821888	34.6904453696393	37.1896880318086
16.5232946995488	12.3678691724987	17.6394749912851	15.9743410262298	20.5148865320228	23.2400107747409	24.8467745124467	27.2859076195837	26.9379763827899	9.10646052477983	18.7966365628085	25.2790454310277	22.1188841119537	14.8418178352888	12.8317635524329	26.0711694196264
185.505445571781	168.107676835731	209.270761974252	183.041008554166	240.94440031419	224.79982870526	201.43364906664	225.95846520946	249.155142469265	240.488005217781	299.093662427042	311.823715304173	329.750629342747	564.965347186509	548.670275621935	412.385188650739
97.6879498429043	98.7636748834888	81.9787782909207	92.3141188070089	157.710452454123	174.876447875247	250.636487617638	202.729058475875	211.234124365771	168.224699968315	162.440917391191	154.853844041539	172.626131549811	144.741954443383	146.590853204513	131.370080982057
21.4020444622642	16.5360878690816	20.9673699895421	20.6721735050469	31.3072101444294	28.9944191570165	29.0727851855385	30.5869285764616	27.6963967448598	14.2019499974986	30.2373314960425	32.9392790162183	28.8769270277789	20.5205123318175	22.4576050866155	28.2512711082896
109.219540191141	115.057620697404	120.804219937253	119.326655560208	126.959722161238	135.839785606296	149.514089368655	118.491894057767	121.892205713939	129.545302607223	121.762890961915	145.116258975619	151.648039998603	166.037058805366	160.026923679309	132.024111488656
726.159623821782	931.27062728281	999.923148643481	1090.01629149581	865.71644943789	884.84602260736	934.042785037628	778.084785256157	802.043586418208	690.975597237689	960.747186065742	886.600903128556	951.772162720157	1378.08341540821	1374.88834063928	987.496014120083
666.284058552094	1030.17108908355	1037.91661654025	1164.3007675671	451.616470830345	465.862882557346	457.861939551747	450.183370206281	561.472647569642	337.533918357288	651.212828705466	496.707997089111	550.090986910797	1117.75076458298	1135.24499411119	607.940310123825
97.6879498429043	94.595456186906	88.6345682874347	92.607733336935	126.664042062268	111.266906568471	105.744693111633	117.432307083954	119.010208338073	132.093047343582	124.940861776702	130.185295207875	140.666220260387	136.578831104623	134.558551286785	129.625999631127
169.095105460829	149.1612282149	149.368652005625	144.283890603924	242.570640858525	229.621089782301	202.641080687524	205.785559361873	206.380234048524	225.433149957476	260.322418486638	277.807084807225	270.617753829276	485.463624235106	476.075387384974	374.451419268
91.4786319630847	79.8172262626577	93.3490862016322	71.7611017121838	141.1523669118	128.68565626617	126.12010171404	131.695977885279	134.026931507057	130.240142080776	147.82225164317	157.19086445736	152.633587923828	194.253072084993	172.259763962333	195.029050291022
31.6030666933963	31.6932467657465	29.2871074851846	31.2422965823856	52.4483372207874	49.2126107704173	50.2028385509975	61.8039909587889	51.662480186268	66.5465236717912	60.1102571550424	58.1271657200652	56.7538540555579	27.2639620464453	29.6769862372525	48.3082066439907
23.1761352850698	27.5250280691636	19.0260979072255	21.2594025648991	37.0729720743452	30.3941401148673	36.6192328160596	41.7125918014947	36.9491251621124	54.7342526213977	39.1356497774467	42.6768640821385	37.6060657940531	21.7627267529331	25.6662189313431	36.5356575252096
23.1761352850698	18.4307327311647	21.7993437391063	22.7274752145295	29.2374494516391	29.3054682587611	28.6199983277072	29.405081567209	31.1851304103813	21.8451842065767	34.6864906367446	39.1713334584072	39.0139914015167	37.7340550244202	41.3082114243899	31.7394338101506
21.8455671679656	19.1885906759979	13.7569308266519	17.1487991459341	29.9766496990642	24.795256283464	23.4884139389529	30.6276819216083	28.7581852517576	27.635513152848	22.6102015405531	29.5635828600326	29.4400972707644	12.889766602107	12.4306868218419	25.4171389130275
6.76579517411814	7.4417925310826	5.99184249738552	8.34036324815184	9.87040296910128	9.55385029797726	12.0178135405608	12.818470092526	11.4662009965644	19.760665785919	9.89831828140423	14.3729501571971	12.9673676634405	7.21107210557829	7.61776605475058	10.3744372612516
17.853862816653	13.1257271173319	17.9167995744732	12.1573521371908	25.2457681155435	22.7734371221239	24.9977034650571	29.0790548060359	19.2020886896771	20.4555052594716	22.6102015405531	27.2265624442118	22.6820543549392	16.0840322564044	12.6312251871374	26.9432100950917
352.269982915505	405.696142540954	420.314769780384	426.741068392807	247.449362491531	244.706971216916	281.576922902774	316.186371364124	361.401356055607	300.939039416854	455.449826514573	417.249302951202	482.932935434784	739.40774375175	754.82371514568	461.001456307928
60.8755652696884	54.4289851107439	50.6411003906671	53.2633863268411	58.0662591012183	58.0775101701392	52.9195596979851	60.0923504626299	62.2803652552464	73.0316920916151	82.356052858553	68.2542541886222	77.1687753637798	93.4562447716082	92.0444178441444	74.0334065702161
1535.14503902113	1696.70715156439	1761.45645407796	1794.10393425853	1504.2376231637	1628.25337577702	1852.14360376682	1603.70680458196	1564.25605029844	1290.8536760714	1347.18843714387	1324.66239662742	1363.59040290326	1605.23119526936	1659.25174262826	1254.34046081245
32.9336348105005	27.146099096747	27.9004845692442	24.1955478641598	45.6476949444765	40.0366622689508	46.7314726409578	51.330381256102	51.2074279690261	47.3226315701705	46.1271855699786	49.4282563945098	53.2340400368989	24.9569924072305	28.0726793148888	45.4740744487286
24.506703402174	19.5675196484145	21.5220191559183	11.8637376072647	27.9068890062739	24.795256283464	19.7151901236923	26.226320645771	27.9997648896878	20.4555052594716	37.8644614515318	23.2016939502981	28.1729642240471	12.889766602107	13.0323019177283	24.7631084064285
96.8009044315015	105.963325359405	128.291983683331	128.13509145799	131.986283843729	117.487888603363	124.007096377494	137.360692860662	143.127975851896	178.647292071604	189.771466398361	206.657796592235	219.650846839094	310.843768466848	321.259769376869	234.488890855825
283.523963531789	321.95283963688	309.38493650515	331.022731636907	90.5910699879229	102.402007168749	216.375615375072	108.955611293453	95.1958089690792	109.858184189901	86.1696178362976	90.7156170740115	77.7319456067653	155.921884233424	151.002697241013	80.1376912984729
469.803499926375	436.3893893067	474.670388085248	573.254718825918	407.560136083809	408.474323285462	430.39287017665	400.464289127378	423.591825745338	342.861020987858	464.983738958935	452.174774720969	462.377221565816	931.063683009594	907.834487866126	603.580106746499
14.7492038767433	18.8096617035813	17.9167995744732	12.7445811970429	24.6544079176034	21.0626670625285	17.451255834536	21.2951658830274	18.5953524000212	16.9813078917088	21.9746073775957	25.9282177687557	26.2018683735981	34.5397893701228	29.0753711413661	26.2891795884927
21.4020444622642	24.114667317414	17.0848258249089	17.4424136758601	21.697606927903	17.6411269433376	20.318905934134	22.1917394762535	20.8706134862309	30.8780973627599	20.7034190516808	22.8121905476613	24.9347353268809	34.7172485731393	37.4979824837759	28.0332609394233
3322.98506570345	3754.67040075907	4272.07590567969	4454.25157538876	4635.63771130594	4932.06140995758	5458.13813953502	4173.8165162549	4132.87413255671	3754.52283613091	4312.87080150331	4125.19186158607	4184.51015001729	5397.88928213848	5369.0109622292	4220.58681840756
5.87874976271535	5.54714766899948	8.2104391628902	7.45951965837362	8.39200247425107	8.77622754361569	8.24458972530025	10.6992961449006	6.46062660690314	25.7826078900412	11.1695066073191	8.53039911764496	9.58834620552785	8.63074572971047	8.219381150637	9.93841692351898
5.87874976271535	10.094295337999	9.31973749564254	6.87229059852147	11.7923236124066	9.24280119623264	10.0557371566253	14.0410704469252	9.64599212759664	5.8638763148679	9.26272411844679	8.40056465009935	10.2923090092596	9.34058254177656	8.82099624652342	9.06637624805371
112.767721836752	96.4901010489891	88.0799191210586	83.5056829092267	133.760364437549	110.489283814109	113.592998647375	129.169270486187	125.229255307046	133.019499974986	148.457845806127	157.061029989814	162.770652297566	225.663351018917	225.803507496224	177.806246950583
65.3107923267024	50.6396953865777	46.4812316428459	47.3910957283197	82.0163471177917	74.2520634608598	78.5774816417568	83.5662772670953	77.29708842423	56.5871578842045	82.9916470215104	80.3288596703633	87.869009980503	93.8111631776413	96.0551851500538	94.9623827813825
99.0185179600085	87.7747346834067	93.6264107848203	85.8545991486353	119.567719686987	109.089562856258	111.479993310829	136.423365922289	124.774203089805	138.114989447705	124.940861776702	134.339998169334	138.131954166953	171.183375692845	162.633922428151	149.464924997962
9.42693140832652	7.4417925310826	5.71451791419744	10.6892794875604	12.8272039588017	10.6425221540835	11.1122398248983	13.266756889139	11.3145169241504	21.381957890875	12.440694933234	12.5552676115586	13.2489527849332	5.08156166938002	5.61238240179586	8.63035591032108
3113.19882590669	3246.52664874838	3450.08584111021	3971.25567366037	4445.07188751974	5198.31944105099	5595.18162850529	4608.8584756953	4347.05204280525	2638.84225476336	3814.56497774467	3358.77899966438	3246.26852520356	4804.82062565726	4878.69465908177	3732.24404014701
58.21442903548	48.3661215520779	44.2626349773412	53.5570008567672	62.7971406847389	60.8769520858408	53.9760623662581	60.7444039849762	59.5500519517948	75.1162105122727	67.1017929475743	65.0083924999822	70.6923175694473	47.8492295963619	54.1426668033001	74.687437076815
56.4403382126745	55.9447010004104	51.7503987234195	52.3825427370629	37.0729720743452	37.5482694549938	34.3552985269032	44.0762858199999	48.4771146655745	85.0755762998594	49.3051563847658	55.2708074340619	51.2629441864499	99.48985767417	99.4643373600769	62.6968777891676
7.20931787981954	8.95750842074909	12.0929833275234	8.63397777807792	14.1577644041669	10.6425221540835	10.659452967067	14.3263438629517	12.6796735758762	17.9077605231122	9.26272411844679	9.30940592291858	14.0937081494113	7.38853130859481	6.41453586297775	11.9005084433158
21.8455671679656	26.3882411519138	19.5807470736017	14.2126538466733	30.8636899959743	29.4609928096334	34.0534406216824	32.9913759401134	30.1233419034834	21.6135710487259	35.322084799702	30.3425896653062	38.8731988407704	39.5086470545854	38.5006743102533	33.0474948233485
11.6445449368335	16.1571588966649	13.4796062434638	14.7998829065255	22.1411270763581	18.8853233503161	18.9605453606402	23.3735864855061	27.5447126724458	29.256805257804	29.601737333085	25.9282177687557	23.9491874016564	12.3573889930574	15.0376855706831	21.9289762111664
12.5315903482363	15.0203719794151	14.03425540984	10.9828940174865	20.6627265815078	18.4187496976992	19.5642611710819	22.5585195825733	18.5953524000212	25.7826078900412	15.6186657480212	20.9945080020228	20.0069957007584	10.5827969628922	11.2274566300691	17.3507626649737
15.1927265824447	15.0203719794151	12.6476324938996	17.4424136758601	17.8537656412924	15.7748323328698	18.5077585028089	20.8061257412677	19.960509051747	24.6245421007869	15.6186657480212	23.0718594827525	22.9636394764319	12.889766602107	12.2301484565464	17.5687728338401
34.2642029276047	33.208962655413	36.2202220648867	29.1869948729031	47.4217755382967	35.3709257427814	38.8831671052159	52.6344883007946	40.2861747552198	21.6135710487259	49.9407505477233	55.0111384989707	53.9380028406307	37.5565958214036	40.1049812326171	48.7442269817233
47.5698840986465	49.5029084693278	48.1451791419744	38.8762743604635	70.48482325796	69.5863269346904	56.9946414184665	68.8543196691578	66.2241511380098	65.8516841982386	74.7289229030636	79.4200183975441	82.2373075506487	64.7078538829316	61.9636630498236	74.687437076815
13.4186357596391	21.8410934829143	17.0848258249089	12.1573521371908	28.793929303184	28.5278455043996	25.7523482281092	28.2232345579564	26.17955602072	28.3303526264006	27.0593606812552	28.6547415872134	31.9743633641988	15.7291138503714	15.0376855706831	23.4550473932306
16.9668174052502	18.0518037587481	16.2528520753447	13.3318102568951	17.5580855423224	14.2195868241467	14.7345346875484	19.8280454577483	22.3874542103706	15.128402628902	18.7966365628085	19.0469909888388	20.2885808222511	12.7123073990905	9.82368807300078	14.9526508074443
16.5232946995488	11.9889402000821	13.7569308266519	12.1573521371908	20.8105666309929	21.8402898168901	20.6207638393548	25.3705003976915	19.5054568345051	25.3193815743395	22.6102015405531	23.3315284178437	20.8517510652365	11.2926337749583	13.6339170136148	20.4029050291022
295.499076585727	277.239220891718	295.241382762558	298.137904285187	465.365595432452	448.599657410519	445.183907532472	392.68040020437	411.608784024634	391.268170978686	526.636372765807	526.959428027237	562.762317377969	885.279208631332	861.10904875228	641.513876129238
19.6279536394586	20.7043065656644	16.8075012417208	14.5062683765994	28.350409154729	25.7284035886979	27.8653535646551	28.6715213545695	24.3593471517523	22.3084105222784	25.7881723553404	31.7707688083078	31.270400560467	11.8250113840079	16.2409157624559	20.6209151979685
29.8289758705907	29.0407439588301	24.8499141541753	23.9019333342338	60.4316998929786	49.3681353212896	54.2779202714789	54.3868821421001	49.3872191000584	56.1239315685028	60.7458513179998	60.2045172007948	57.0354391770506	32.942656542974	36.8963673878895	50.7063185015202
33.3771575162019	38.5139682692457	40.9347399790842	28.893380342977	64.4233812290742	61.1880011875855	61.9752968546104	68.9358263594511	72.4431981069828	68.399428934598	62.0170396439147	76.3039911764496	71.5370729339255	56.8996489502046	57.5518190133232	75.5594777522803
82.6081778490568	70.7229309246587	86.138647038742	73.8164034216663	147.805169138626	141.438669437699	133.36469143934	145.307595164257	142.976291779482	98.9723657709105	140.19512168768	149.920134274806	156.575779624726	161.778037932969	148.796775222763	181.730429990176
25.3937488135768	15.3993009518317	16.8075012417208	16.2679555561558	31.0115300454593	26.9725999956764	28.6199983277072	30.546175231315	32.853655206935	22.3084105222784	35.9576789626595	32.030437743399	34.6494220183796	25.4893700162801	26.468372392525	27.3792304328243
72.8506783236261	72.6175757867418	81.1468045413564	74.1100179515924	109.218916223036	101.935433516132	99.8584639598263	103.820689804976	109.909163993235	126.07110523946	107.144225213893	127.06926798678	116.731484933506	118.300533193921	119.317635524329	120.905592876474
295.055553880025	326.121058333463	357.639413979877	361.558642749219	371.487164009464	318.581132881265	377.114949905171	279.426854041854	311.193928086581	225.201536799625	351.212383789552	329.870706293012	343.970677978129	494.868961994982	511.570678042272	341.095863431454
688.903716542865	835.401597261405	900.363623278958	980.791686363308	735.173685742616	819.525711240988	849.824429481013	759.908793320755	736.971119352612	523.750897269374	683.628131016296	574.738512084018	555.159519097666	988.737923989964	1007.30151705268	629.087296503858
67.084883149508	68.449357090159	68.9445228810807	61.1909786348451	65.6061016249543	67.5645077733503	66.6540943855335	71.7070538294227	75.4768795552623	68.6310420924489	77.9068937178508	79.6796873326353	79.984626578707	124.866523705533	117.713328601965	105.862891224698
12.0880676425349	10.4732243104156	13.2022816602757	8.34036324815184	13.2707241072568	14.0640622732744	14.1308188771067	17.2198313683633	12.3763054310482	18.3709868388139	15.6186657480212	11.9060952738306	11.5594420559769	12.0024705870244	9.42261134240983	12.5545389499148
22.7326125793684	19.9464486208312	17.6394749912851	18.0296427357123	29.0896094021541	23.3955353256132	23.3374849863424	26.7153607875307	25.1177675138222	12.8122710503935	34.0508964737871	29.9530862626694	28.3137567847935	25.8442884223132	23.8613736436838	23.019027055498
62.649656092494	58.9761327797434	65.0619787164475	50.6208555575065	55.5529782599729	59.7882802297346	57.7492861815186	61.5187175427624	66.0724670655958	96.1930078767003	60.1102571550424	65.397895902619	65.060615139593	71.983681206609	72.5921964104836	59.4267252561729
7958.68438569444	8769.03749274825	9641.3571607842	10549.6892166541	13410.0924882914	14403.8176071832	15495.3662749859	12084.8558761209	12003.4572819731	8816.19678780344	11631.7375879583	10553.6858531715	10488.3562648747	13289.8549586893	13364.0745098291	10790.1052470251
5.43522705701396	4.03143177933299	5.43719333100935	5.69783247881718	6.47008183094579	5.66573652616942	5.37693962570224	8.09108205551559	6.00557438966121	1.69483947355256	4.17797081478723	6.84255103955212	7.33566523358612	2.77459203016523	3.20592201825019	3.6161220263958
157.119992406891	158.634452525315	151.58724867113	161.900762399488	97.983072462174	95.5589269303668	84.1618528883425	108.670337877426	117.038315396692	164.518889442702	172.61042399851	161.735070821456	185.438254577729	289.016286495816	282.555864874843	179.332318132647
20.07147634516	16.5360878690816	17.6394749912851	14.7998829065255	20.8105666309929	21.3737161642731	16.6966110714839	18.4831850679091	22.3874542103706	16.749694733858	18.161042399851	26.5773901064837	23.5268097194173	23.5373187830984	20.6527597989563	27.5972406016906
11.2010222311321	18.4307327311647	16.2528520753447	14.5062683765994	14.4534445031369	23.3955353256132	14.8854636401588	20.1133188737748	18.2919842551933	15.3600157867528	20.0678248887234	21.6436803397508	26.6242460558372	19.4557571137183	15.8398390318649	21.4929558734338
107.445449368335	101.795106662822	86.6932962051181	91.1396606873046	105.52291498591	104.423826330089	100.160321865047	114.009026091636	106.420430327713	126.07110523946	126.212050102617	150.049968742352	177.553871175933	252.637149877429	260.897721422932	200.915324850412
9.42693140832652	4.03143177933299	8.2104391628902	5.99144700874325	9.2790427711612	9.55385029797726	7.48994496224814	10.3732693837275	7.52241511380098	11.6542052611392	4.81356497774467	6.97238550709773	6.77249499060069	4.72664326334697	5.21130567120492	8.8483660791874
11.6445449368335	15.0203719794151	17.0848258249089	13.038195726969	19.6278462351127	21.2181916134008	20.318905934134	21.4174259184673	20.5672453414029	21.381957890875	22.6102015405531	26.1878867038469	21.6965064297147	13.0672258051235	14.4360704747966	22.364996548899
15.6362492881461	19.9464486208312	20.690045406354	17.7360282057862	32.3420904908245	28.8388946061442	29.978358901201	37.1074637999242	38.3142818138381	39.2161710453906	39.7712439404041	33.7182858214919	32.1151559249452	23.0049411740488	19.248991241888	26.0711694196264
80.8340870262512	72.9965047591584	72.2724178793377	71.4674871822577	74.9200247425107	64.4540167559041	74.2005420160546	92.9395466508228	82.4543468863052	110.784636821304	105.237442725021	106.555422114575	107.439175924247	79.2595085302864	87.8331121729395	79.483660791874
102.123176899918	102.931893580072	113.87110535755	103.765085474126	170.276856660349	169.433088594716	151.476165752591	150.48326999788	161.633432686401	192.775694700506	206.296914635255	193.80418430522	180.36972239086	259.558058795073	258.491261039386	246.915470481205
193.488854274406	179.096617035813	197.90045406354	173.938958126457	278.791452982355	271.301669416082	249.881842854586	259.009428123386	261.441552334797	287.968702577206	313.712328175063	311.304377433991	320.599112894233	463.636142264074	461.436086718404	388.622080244311
40.4735208074242	39.6507551864956	41.4893891454604	38.2890453006114	66.7888220208345	63.6763940015425	69.0689576273003	72.1960939711824	65.6174148483538	70.7155605131065	74.7289229030636	83.5747213590033	83.3636480366196	87.2451726660299	84.223421597621	75.9954980900129
39.5864753960214	26.3882411519138	35.1109237321344	27.7189222232727	36.7772919753752	32.5714838270797	32.5441510955782	41.2643050048816	36.1907048000425	29.4884184156548	44.2204030811063	40.3398436663176	40.281124448234	38.2664326334697	40.1049812326171	47.2181557996591
33.8206802219033	27.5250280691636	22.6313174886706	23.0210897444555	34.8553713320699	27.750222750038	27.4125667068238	35.4773299940586	34.5221800034887	55.4290920949503	32.7797081478723	41.1188504715912	44.223316149132	40.5734022726845	37.8990592143669	40.0238202270707
48.9004522157507	54.4289851107439	54.5236445553003	54.7314589764715	72.2589038517803	70.363949689052	67.7105970538065	71.3810270682496	71.6847777449129	98.7407526130597	68.3729812734892	84.8730660344594	91.8112016814011	119.720206818054	127.940785232034	91.2562099106551
2237.68500485214	2615.23098070228	2677.18222776502	2822.04840352972	2693.01946107275	2975.87360908562	3268.76275296824	2884.46218250546	2611.63457031694	2038.2693364561	2244.01180107682	2169.88478034929	2196.51919227871	2465.55341149346	2423.30291440401	2050.07757717451
20.9585217565628	16.5360878690816	12.6476324938996	16.5615700860819	28.350409154729	21.3737161642731	24.3939876546154	25.4112537428382	24.2076630793384	22.7716368379801	21.9746073775957	25.0193764959365	25.0755278876273	17.8586242865696	18.847914511297	29.1233117837548
35.1512483390075	31.6932467657465	27.6231599860561	27.4253076933466	56.292178507398	45.3244969986095	48.5426200722829	52.7567483362345	60.3084723138647	26.4774473635937	51.8475330365956	60.0746827332492	55.0643433266016	46.7844743782628	48.3270542097315	57.2466235675097
31.6030666933963	30.5564598484966	36.7748712312629	28.5997658130509	60.4316998929786	54.6559700509483	47.3351884513995	59.1550235242572	57.2747908655852	53.3445736742926	59.4746629920849	58.1271657200652	54.2195879621234	46.0746375661967	44.9179019997084	58.118664242975
10.3139768197293	7.06286355866597	7.37846541332595	6.28506153866933	14.4534445031369	14.2195868241467	12.0178135405608	15.7527109430842	12.8313576482901	23.9297026272344	13.0762890961915	14.7624535598339	12.8265751026941	9.51804174479308	11.8290717259555	14.9526508074443
14.3056811710419	15.0203719794151	9.59706207883062	12.7445811970429	20.0713663835678	24.6397317325917	22.8846981285112	26.0225539200378	25.8761878758921	3.54774473635937	26.4237665182978	25.9282177687557	24.3715650838955	18.7459203016523	16.6419924930468	24.3270880686959
15.6362492881461	20.3253775932478	19.5807470736017	19.7913299152687	31.3072101444294	26.1949772413148	28.4690693750968	36.903697074191	37.4041773793543	32.0361631520142	31.5085198219574	31.7707688083078	30.4256451959889	28.1512580615279	25.2651422007521	38.0617287072738
11.2010222311321	13.5046560897486	9.87438666201871	9.51482136785614	14.4534445031369	16.863504188976	15.4891794506005	18.3201716873226	16.3200913138116	7.25355526197301	19.4322307257659	18.1381497160196	19.3030328970266	18.3910018956192	14.0349937442057	23.6730575620969
167.764537343725	141.582648766567	179.319706989938	173.058114536679	248.632082887411	228.998991578812	238.411242456194	257.379294317521	255.07082129341	307.192594678827	315.619110663935	330.51987863074	341.436411884694	473.573857632999	475.674310654383	398.868558181028
159.337605935398	140.824790821734	138.275668678102	127.547862398138	153.423091019057	188.562608352011	203.697583355797	244.093703799716	244.604620296846	286.34741047225	248.881723553404	228.080483737259	244.993507773439	336.397893701228	344.321681385848	226.858534945504
3747.43629505969	4347.31531361867	4205.51800571455	4814.81021813798	4177.18571785288	4945.59204588348	5162.92110822904	4057.79174262241	4055.97030784283	2555.6931310949	2947.61453947072	2701.81659388363	2598.05957552732	4314.85576612865	4430.69195101169	2768.20307342016
55.9968155069731	50.260766414161	49.2544774747267	44.4549504290589	77.5811456332411	67.408983222478	67.4087391485856	86.9488049142666	73.2016184690527	80.906539458544	84.8984295103827	83.5747213590033	87.7282174197567	115.28372674264	105.480488318941	94.9623827813825
568.709063297787	652.757832556592	666.578999651403	678.955949599304	322.552107629921	341.443241859495	380.888173720432	369.247226745051	420.103092079816	388.720426242327	585.111035757892	528.387607170238	586.556260144104	893.974709579141	874.344580861782	604.452147421964
29.3854531648893	32.8300336829964	27.345835402868	33.003983761942	45.7955349939615	33.6601556831859	46.1277568305161	46.8475132899715	44.6850128552251	73.7265315651676	57.5678805032126	49.4282563945098	53.9380028406307	65.5951498980142	64.7712001639602	48.3082066439907
837.483822952832	877.841642172066	903.414193694027	955.540836789666	819.146833850108	909.107852543441	1074.85949782315	808.242260664672	832.380400901003	705.567226182293	766.890966363721	702.625462616437	737.345092703454	1342.05919719586	1337.98928142491	743.978655496407
117.202948893766	114.29976275257	143.544835758675	115.803281201095	151.205490276782	143.149439497295	137.741631065042	153.009977396972	175.891735493315	140.431121026213	206.932508798212	186.143950720029	182.481610802056	326.992555941352	320.257077550392	253.019755209462
65.7543150324038	59.35506175216	68.1125491315165	65.5951965837362	34.4118511836148	36.4595975988876	33.902511669072	38.3300641543235	44.9883810000531	46.396178938767	61.3814454809573	60.3343516683404	61.118423438695	63.6430986648324	56.1480504562549	45.9100947864612
125.186357596391	110.889402000821	120.249570770876	131.071236757251	40.6211332619857	39.8811377180785	45.5240410200745	82.6697036738692	85.4880283345847	70.4839473552557	77.9068937178508	55.5304763691531	55.2051358873479	84.2283662147491	83.4212681364391	45.6920846175949
211.673285208163	236.314891870723	236.448571126684	232.661864111672	298.897699712318	279.23342151057	288.217796817633	267.200850497861	279.795325096888	339.155210462244	394.432786870659	383.622175856891	399.724532033687	619.445322512581	599.406482041689	472.11997492011
63.5367015038968	50.6396953865777	60.3474608022501	60.0165205151408	65.7539416744394	74.5631125626045	76.0116894473797	80.7542964519771	78.6622450759558	33.1942289412685	102.059471910234	97.5968438539284	104.200947027081	110.492328261194	113.702561296055	99.3225861587088
356.705209972519	364.771813519958	435.844946438917	387.103106852787	622.815248134	578.618181939774	604.564881489077	476.265511100131	496.400180504046	415.355939395175	755.450271430487	716.517750643817	805.207106983198	1232.56686893467	1193.20058168158	916.206688900797
17.4103401109516	16.5360878690816	16.8075012417208	15.3871119663776	20.6627265815078	18.5742742485715	17.1493979293151	22.47701289228	23.9042949345104	17.4445342074105	23.881389866468	17.8784807809284	17.895107289563	9.87296015082613	10.8263798994781	19.3128541847706
1140.85335365259	1236.30845007819	1323.28361264079	1356.91189919861	1614.52630007952	1732.2993003106	1863.01048835477	1569.06646120732	1597.32317808469	1508.80165760905	1777.48568546606	1707.5442414194	1814.54897497384	2414.09024261867	2447.76859497006	1777.12884575388
33.3771575162019	34.3457495726629	35.1109237321344	31.8295256422377	44.4649745485963	39.1035149637169	39.0340960578263	48.3553870603972	49.3872191000584	41.5323026238991	44.8559972440637	43.1962019523209	49.2918483360009	31.5229829188419	38.5006743102533	43.9480032666644
7.65284058552094	7.82072150349922	8.76508832926637	4.52337435911289	11.0531233649815	10.4869976032111	6.88622915180645	11.5143630478335	7.52241511380098	1.23161315785085	9.26272411844679	8.91990252028177	9.44755364478149	4.72664326334697	5.41184403650039	10.3744372612516
22.289089873667	21.4621645104977	17.9167995744732	12.4509666671169	27.3155288083338	29.9275664622504	25.6014192754988	31.4835021696877	31.1851304103813	31.1097105206108	25.1525781923829	31.6409343407622	28.3137567847935	18.2135426926027	19.6500679724789	23.8910677309632
53.7792019784661	40.0296841589122	47.035880809222	42.9868777794285	36.0380917279501	38.170367658483	32.6950800481886	42.4461520141342	54.5444775621336	38.5213315718381	54.3899096884254	47.2210704462346	42.674597980922	115.993563554707	117.111713506078	68.3651421796918
119.420562422273	89.2904505730732	99.172902448582	91.7268897471568	139.96964651592	119.665232315575	112.385567026491	137.482952896102	125.38093937946	177.489226282349	152.271410783872	142.389735157161	153.478343288306	200.286684987555	196.524906163085	184.782572354305
1551.55537913208	1842.97373491721	1757.57390991333	2028.11471460961	1279.81642804543	1364.3282129467	1558.13400408172	1377.93327246957	1384.8137926327	1096.06701031883	1679.60418437061	1461.63775988803	1546.05756163054	2102.82680052769	2144.95566337389	1549.74423962631
127.847493830599	115.43654966982	117.753649522184	109.343761542721	122.228840577718	101.002286210898	110.121632737335	123.952842307417	135.088720013955	128.61884997582	130.661209243319	154.204671703811	165.023333269507	245.183863350735	239.640654701612	182.602470665642
41.360566218827	23.3568093725808	32.0603533170655	32.1231401721638	42.247373806321	32.727008377952	30.8839326168635	38.9821176766697	43.0164880586714	36.4368131511804	47.3983738958935	44.1050432251401	38.8731988407704	24.2471555951645	22.0565283560246	36.7536676940759
118.977039716571	112.405117890487	118.030974105372	110.811834192352	124.889961468448	110.800332915854	110.574419595166	121.140861492299	120.678733134627	173.320189441034	157.991758250489	149.920134274806	168.261562166674	155.034588218342	163.034999158742	146.412782633833
63.5367015038968	65.7968542832426	61.1794345518144	66.1824256435884	65.1625814764993	62.8987712471809	63.9373732385459	48.4776470958372	58.9433156621389	76.7375026172287	69.0085754364466	65.7873993052558	70.1291473264619	49.6238216265272	53.7415900727092	52.668410021317
115.872380776661	98.7636748834888	117.753649522184	110.518219662426	182.251900668636	168.499941289482	153.740100041747	178.684584839356	183.779307258841	128.61884997582	192.313843050191	199.776569812318	200.080680895351	187.687081573382	181.28399040063	206.147568903204
24.506703402174	19.1885906759979	23.1859666550468	17.1487991459341	34.5596912330998	32.2604347253351	28.1672114698759	36.8629437290444	39.8311225379779	31.8045499941633	38.5000556144893	39.1713334584072	28.1729642240471	19.2782979107018	21.4549132601382	30.2133626280864
35.5947710447089	45.3346897727449	40.380090812708	32.4167547020899	29.8288096495792	22.6179125712516	18.6586874554194	25.8187871943046	37.4041773793543	58.2084499891605	72.8221404141913	79.9393562677265	77.8727381675116	48.0266887993785	41.5087497896854	27.3792304328243
21.8455671679656	13.1257271173319	12.3703079107115	12.4509666671169	21.2540867794479	17.330077841593	20.6207638393548	23.1290664146262	23.4492427172685	36.6684263090312	21.3390132146382	21.6436803397508	24.2307725231491	17.1487874745035	16.4414541277514	23.8910677309632
10.7574995254307	10.4732243104156	15.9755274921566	10.1020504277083	22.1411270763581	21.2181916134008	19.8661190763027	21.4174259184673	26.7862923103759	31.8045499941633	24.5169840294255	20.7348390669316	26.3426609343445	12.1799297900409	17.8452226848197	24.1090778998296
22.7326125793684	18.8096617035813	14.3115799930281	15.3871119663776	27.7590489567889	23.2400107747409	22.1300533654591	26.5931007520908	25.8761878758921	38.0581052561364	42.9492147551914	30.2127551977606	29.8624749530034	34.7172485731393	39.5033661367307	30.8673931346854
53.3356792727647	51.0186243589943	54.2463199721122	47.6847102582457	76.3984252373609	81.4061928009863	107.404911590347	124.64564917491	142.217871417412	183.04794207077	147.186657480212	125.511254376233	151.929625120096	152.905077782143	144.986546282149	90.1661590663235
36.925339161813	29.7986019036634	28.7324583188085	29.7742239327552	45.7955349939615	38.9479904128446	41.9017461574243	49.4964807245032	46.3535376517789	54.0394131478452	44.8559972440637	50.7266010699658	45.9128268780883	33.2975749490071	31.0807547943208	38.2797388761401
262.678396363823	293.533166705633	299.955900676755	261.436088044427	248.779922936896	245.795643073022	274.936048987916	294.750111816991	256.284293872722	340.081663093648	395.703975196573	403.227180456277	453.366497678049	661.680612830513	690.049823155243	465.361659685254
956.347908080806	1036.23395264221	967.476172410475	1009.85952482599	711.223597726043	724.18916155626	809.828257039251	630.679935860755	713.460088128446	764.860194592111	825.365629355806	771.178061480515	824.777272926942	1280.30339454611	1315.52898451182	766.433702889638
36.4818164561117	41.5454000485787	45.3719333100935	40.0507324801678	38.1078524207404	36.3040730480153	37.2229486265013	40.8567715534152	41.0445951172897	27.635513152848	53.7543155254679	44.3647121602313	48.0247152892837	51.0434952506593	43.1130567120492	42.4219320846002
204.576921916941	179.854474980646	208.716112807875	203.887640178917	312.942504413395	290.586713724248	267.087743452174	271.113171631939	261.744920479625	271.292555211945	306.720792382531	309.356860420806	302.859250240192	344.915935446021	350.538370710008	327.797243130609
1370.59811520591	1372.34395117576	1543.20200710894	1584.16954536139	1851.95741955247	1897.15532423525	1795.54524653792	1377.15895891178	1532.25071101909	1284.13689449372	2066.6810296117	1883.85944834633	1925.49351284197	3702.79897492466	3675.86554403953	2487.62398608921
98.1314725486057	88.53259262824	82.2561028741088	72.9355598318881	100.348513253934	92.1373868111759	90.802726803201	110.911771860492	98.6845426346007	186.290526280682	119.220514310085	118.240524193679	131.092326129635	131.255055014128	131.349937442057	122.867684396271
1452.64981576067	1698.22286745406	1715.69789785193	1786.46995648045	1708.70041160148	1535.56074345712	937.514150947668	2079.70587589473	2312.665263589	1921.07307858357	2541.46986934091	2384.37132073463	2391.09451123018	3275.47721406087	3305.87226006938	2423.74700661138
67.5284058552094	70.3440019522421	67.0032507987641	66.1824256435884	89.7040296910128	80.9396191483693	85.3692845092258	98.1559748295929	82.6060309587192	99.6672052444631	119.856108473042	95.77916130829	106.735213120515	103.926337749583	96.8573386112357	111.531155615223
36.4818164561117	34.7246785450795	24.017940404611	28.0125367531988	27.6112089073038	29.7720419113781	26.6579219437717	33.8879495333396	40.7412269724618	34.5839078883736	34.6864906367446	37.7431543154056	34.0862517753942	59.9164554014855	62.56527814571	50.0522879949212
98.1314725486057	84.7433029040738	82.5334274572969	88.49712991797	57.3270588537931	59.1661820262454	57.7492861815186	79.4909427524312	71.078041455257	153.16984470801	103.966254399106	108.502939127759	117.435447737238	263.462161261437	250.269188062272	150.77298601116
36.925339161813	39.271826214079	41.4893891454604	40.63796154002	56.8835387053381	48.2794634651834	47.6370463566204	55.6094824964994	52.11753240351	112.637542084111	56.9322863402552	67.2155784482574	62.3855564854122	71.2738443945429	72.1911196798927	73.3793760636171
15.1927265824447	18.0518037587481	18.1941241576612	16.2679555561558	23.9152076701783	22.4623880203793	20.1679769815236	25.4520070879848	24.9660834414082	15.5916289446037	29.601737333085	26.8370590415749	26.6242460558372	26.0217476253297	23.8613736436838	27.161220263958
167.321014638023	154.466233828732	170.167995744732	154.26678462141	183.286781015031	165.544974822908	158.117039667449	169.841108942535	176.49847178297	241.646071007035	215.830827079616	214.577699112516	229.224740969847	314.925330136228	304.81562342264	258.47000943112
87.4869276117722	93.8375982420727	79.4828570422279	92.3141188070089	91.7737903838031	89.0268957937297	82.0488475517966	99.9491220160452	95.1958089690792	72.5684657759134	129.390020917404	111.229462946217	122.926357606346	167.279273226482	168.650073387015	139.872477567844
13.8621584653405	13.8835850621652	17.6394749912851	11.8637376072647	23.9152076701783	17.9521760450822	22.8846981285112	27.0413875487038	20.4155612689889	6.09548947271875	24.5169840294255	24.2403696906629	24.2307725231491	15.5516546473548	16.0403773971604	21.9289762111664
15.1927265824447	7.4417925310826	12.0929833275234	10.3956649576344	21.845446977388	18.1077005959545	20.318905934134	22.5585195825733	19.3537727620911	13.9703368396477	22.6102015405531	20.3453356642948	21.837298990461	16.616409865454	16.2409157624559	20.4029050291022
102.123176899918	82.469729069574	84.4746995396135	85.2673700887832	70.336983208475	58.0775101701392	63.3336574281042	76.3936885212865	74.7184591931924	85.0755762998594	91.8899653029146	89.2874379310099	98.2876594757335	136.75629030764	130.146707250284	114.583297979351
87.0434049060708	102.552964607655	93.6264107848203	94.0758059865654	98.5744326601141	85.2943065727941	86.5767161301092	81.1618299034435	87.6116053483804	113.332381557663	113.500166843468	110.450456140943	135.034517830533	205.61046107805	215.776589231451	145.540741958368
240.502261078754	306.037822795382	237.280544876248	290.797541037035	143.074287555106	135.995310157168	165.814416250581	182.515399283141	214.722858031292	240.25639205993	232.991869479467	244.958964518188	272.729642240471	413.592647013415	424.336489138742	245.825419636874
276.871122946268	405.696142540954	448.601877265569	459.038666684675	132.577644041669	125.886214350468	107.706769495568	112.86793242753	127.959568610498	76.5058894593778	142.101904176553	92.2736306845587	94.3454677748355	232.406800733545	217.58143451911	121.995643720806
1972.90194954841	2222.66056527866	2370.18391417581	2633.25426078725	2232.49770692691	2605.10307980602	2675.00825339884	2173.15329631598	2304.77769182347	1836.76588912585	2230.66432365472	1797.64936189605	1853.54851430058	3199.87959357583	3313.49271795061	2106.97823124862
87.0434049060708	77.5436524281579	80.5921553749803	74.1100179515924	136.42148532828	135.684261055424	124.459883235325	133.163098310558	137.515665172579	100.130431560165	137.652745035851	133.431156896515	143.341278914568	196.560041724208	206.351286062564	185.436602860904
396.622253485645	370.834677078624	367.34577439146	343.354541893802	445.998548949914	477.993797525387	512.951007254551	481.604199314341	498.82712566267	440.601773600918	466.890521447807	442.69685859014	449.84668365939	904.2673433541	890.187111720124	539.921137437535
157.119992406891	152.192659994233	151.864573254318	164.836907698749	73.1459441486904	71.7636706469028	68.7670997220794	89.9237991099714	91.2520230863158	54.7342526213977	135.110368384021	142.13006622207	157.56132754995	159.648527496771	155.414541277514	128.317938617929
23.6196579907712	21.8410934829143	29.0097829019965	22.7274752145295	18.8886459876876	16.5524550872314	18.6586874554194	21.7842060247871	23.1458745724405	39.4477842032415	27.0593606812552	21.5138458722052	22.6820543549392	52.285709671775	49.3297460362088	38.2797388761401
195.262945097211	207.137360994643	209.270761974252	211.815232486921	192.600704132588	175.809595180481	185.887966947767	201.954744918088	213.206017307153	228.907347325239	259.68682432368	286.765663067872	314.685825342886	486.350920250189	494.123840261566	369.873205721808
85.2693140832652	78.3015103729912	76.9869357935352	75.8717051311488	102.418273946725	93.2260586672821	99.2547481493847	107.977531009934	112.487793224272	177.257613124499	145.27987499134	141.740562819433	147.424263176213	187.332163167349	182.487220592402	154.261148713021
48.4569295100493	48.7450505244945	45.9265824764697	47.3910957283197	38.2556924702254	34.7488275392921	37.2229486265013	37.7187639771238	40.7412269724618	52.1865078850383	51.2119388736382	48.0000772515082	53.2340400368989	52.8180872808246	54.1426668033001	48.7442269817233
238.728170255948	190.464486208312	230.902079462922	207.998243597882	233.404557790454	223.555632298281	242.335395224065	256.197447308268	268.570703738254	331.511976253166	309.898763197318	337.01160200802	350.165550650968	553.607958193451	588.978487046325	391.456212439573
208.125103562552	172.275895532314	197.90045406354	181.279321374609	228.082316008993	215.468355652921	213.055178417643	237.858441992279	230.801369707174	214.547331538486	267.313954279169	277.807084807225	296.805170128099	464.34597907614	445.192479129471	354.612493901166
52.4486338613619	51.3975533314109	43.1533366445889	47.9783247881718	51.7091369733623	49.057086219545	45.8258989252953	52.5937349556479	49.8422713173003	46.396178938767	63.2882279698296	73.4476328904463	76.8871902422871	77.8398349061543	73.9959649675519	67.9291218419592
16.9668174052502	18.0518037587481	15.4208783257804	12.7445811970429	22.5846472248131	21.3737161642731	21.9791244128486	26.8376208229706	23.7526108620964	19.760665785919	30.2373314960425	26.1878867038469	29.5808898315107	12.0024705870244	10.8263798994781	24.5450982375622
12.0880676425349	16.5360878690816	17.9167995744732	11.2765085474126	26.4284885114237	21.9958143677624	22.2809823180695	25.9002938845979	22.9941905000265	23.2348631536818	27.0593606812552	23.3315284178437	26.7650386165836	18.9233795046688	14.2355321095012	23.2370372243643
28.0548850477851	40.7875421037455	32.8923270666297	29.7742239327552	46.3868951919016	45.7910706512264	40.0905987260993	46.9290199802648	46.3535376517789	84.149123668456	44.2204030811063	48.2597461865994	48.7286780930154	28.1512580615279	24.4629887395703	43.5119829289317
28.4984077534865	27.146099096747	26.5138616533038	22.4338606846034	36.3337718269201	35.3709257427814	36.3173749108387	38.2078041188835	36.0390207276285	27.8671263106989	42.9492147551914	38.6519955882248	38.3100285977849	23.7147779861149	26.468372392525	34.7915761742791
17.853862816653	12.3678691724987	17.362150408097	12.7445811970429	15.044804701077	16.0858814346144	14.583605734938	20.5208523252412	18.7470364724352	27.8671263106989	19.4322307257659	18.657487586202	19.3030328970266	13.4221442111566	10.4253031688872	14.9526508074443
13.4186357596391	11.9889402000821	14.5889045762161	13.9190393167472	21.697606927903	14.9972095785082	20.6207638393548	22.47701289228	19.6571409069191	15.3600157867528	15.6186657480212	24.2403696906629	26.0610758128518	16.0840322564044	15.0376855706831	18.4408135093053
213.89089873667	226.083809615474	232.011377795674	254.389339326202	227.195275712083	228.065844273578	222.412773479489	218.622863083065	243.846199934776	239.793165744229	295.915691612254	297.282254939065	323.837341791399	388.038521779036	385.833123002011	292.479595774265
8.53988599692373	10.4732243104156	7.65578999651403	5.11060341896503	11.2009634144665	9.70937484884958	11.4140977301191	12.0034031895932	11.0111487793224	23.003249995831	14.9830715850638	9.69890932555538	11.8410271774696	7.38853130859481	5.41184403650039	8.41234574145476
455.167250638229	511.796254817608	467.737273505546	479.004454719648	332.753071044388	331.178621501922	342.552219757385	379.150289615685	416.766042486709	425.546918340612	542.526226839743	524.49257314387	571.773041265736	877.293544495588	883.569345665373	565.64633736376
992.716769948321	1087.38936391846	926.432134098638	1008.09783764643	744.487608860172	829.479282496816	877.142569903499	843.249384145636	969.351118290824	869.317728782845	832.992759311296	755.727759842589	811.261187095292	1322.00630725499	1363.05657708685	766.433702889638
128.734539242002	116.194407614653	113.87110535755	136.649912825846	131.690603744759	145.948881412997	154.343815852189	116.780253561608	137.212297027751	81.3697657742457	114.135761006425	102.530553620661	110.536612260667	147.936220097681	145.989238108626	107.170952237896
145.144879352954	143.098364656234	145.76343242418	189.206913682613	192.009343934648	234.442350859343	218.488620711618	112.378892285771	188.784881648503	125.376265765908	142.101904176553	130.834467545603	112.930085793355	177.926825407473	173.864070884697	129.625999631127
627.697583156072	662.609985839424	699.580625050785	771.444526526018	674.115745305302	680.486762761139	732.703562255325	627.460421594171	701.173678262914	638.631023563396	845.069048407487	777.150446987613	838.715736440832	1673.02061082168	1677.50073387015	1002.75672594072
1415.83743118745	1579.23917011524	1823.57716071209	1857.81828725249	1373.69485946842	1340.99953031586	1377.77390571227	1182.76550256231	1342.94898864645	1212.80004187566	1972.61309349399	1814.78751161207	1986.3158990844	2796.86974352531	2872.70939103116	1972.02993672037
71.0765875008205	50.6396953865777	90.5758403697513	86.1482136785614	26.1328084124536	25.8839281395702	26.9597798489926	72.6443807677955	67.2859396449076	63.5355526197301	62.6526338068722	55.0111384989707	55.0643433266016	90.9718159293769	79.0094240999387	47.2181557996591
142.927265824447	124.909773980236	134.115799930281	134.594611116364	302.741540998929	290.120140071632	280.973207092333	279.549114077293	291.778366817592	231.9183183773	383.627686100382	354.798924061767	343.125922613651	440.921364277959	436.36879105647	411.513147975274
254.251464955497	294.291024650466	294.96405817937	331.903575226685	87.4864289487375	95.2478778286222	99.7075350072159	201.832484882648	215.78464653819	162.434371022044	176.423988976255	151.478147885354	145.59395988651	218.210064492224	202.139980391359	111.09513527749
445.8532738185	536.426638024689	604.180968434084	653.411485495736	196.592385468683	194.783590386903	197.962283156601	302.289480669119	310.132139579683	334.059720989526	442.737943255424	448.799078564784	471.387945453583	539.588681155146	544.057893220139	376.84953112553
319.892825399303	294.669953622883	338.226693156711	325.444055568312	441.119827316909	416.250550829078	417.111122346933	417.865967504994	440.125389638461	506.148297272709	619.433120557594	625.76345782944	684.266297302077	1013.58221241228	1006.69990195679	779.514313021617
43.1346570416326	40.7875421037455	45.0946087269054	41.5188051297982	85.7123483549172	74.7186371134768	72.2384656321191	85.4001777986942	79.5723495104397	88.0865473519204	93.1611536288295	83.5747213590033	81.3925521861706	72.1611404096255	70.9878894881198	94.9623827813825
19.6279536394586	18.4307327311647	20.690045406354	21.5530170948252	31.1593700949444	36.1485484971429	30.8839326168635	40.0009513053358	39.376070320736	33.6574552569702	30.2373314960425	34.8867960294023	33.1007038501697	20.8754307378505	23.2597585477974	38.4977490450065
13.8621584653405	5.9260766414161	11.8156587443353	12.1573521371908	18.1494457402625	15.7748323328698	12.7724583036129	14.8968906950047	17.8369320379514	5.16903684131534	20.0678248887234	16.8398050405635	15.3608411961285	15.9065730533879	9.62314970770531	14.080610131979
66.1978377381052	72.6175757867418	68.9445228810807	62.3654367545494	119.567719686987	103.957252677472	106.348408922074	113.84601271105	113.54958173117	94.5717157717443	146.551063317255	112.91731102431	112.789293232608	154.324751406275	138.368780227398	140.308497905576
20.07147634516	19.1885906759979	15.4208783257804	16.2679555561558	25.0979280660585	22.306863469507	19.8661190763027	25.2889937073982	20.5672453414029	19.760665785919	21.9746073775957	24.3702041582085	23.9491874016564	27.7963396554949	24.8640654701612	27.8152507705569
47.1263613929451	39.6507551864956	48.4225037251625	43.5741068392807	93.4000309281383	83.1169628605817	94.1231637606303	90.8203727031975	95.8025452587351	105.457534190734	94.4323419547444	106.815091049666	95.7533933822991	140.128015164954	123.528941195534	122.213653889672
360.696914323832	349.614654623293	385.371872298685	370.073464117075	557.76562636059	565.243070564755	618.601274081846	564.863283448929	632.460793459383	644.421352509668	846.975830896359	734.694576100201	808.304543319618	1526.61676833304	1527.49803662913	1005.15483779825
78.1729507920429	77.1647234557413	74.4910145448424	71.1738726523316	100.200673204449	87.3161257341342	87.0295029879405	111.645332073131	106.420430327713	138.114989447705	137.652745035851	126.290261181507	123.207942727839	189.28421440053	185.495296071834	164.071606312005
192.158286157302	184.022693677229	177.65575949081	173.645343596531	372.817724454829	356.062549641493	331.232548311603	347.810967197918	353.817152434909	250.447371005368	412.229423433467	404.91502853437	399.020569229955	623.171965775928	610.43609213294	521.608283252764
13.8621584653405	11.6100112276655	12.6476324938996	12.1573521371908	21.2540867794479	16.863504188976	15.3382504979901	24.5554334947587	26.482924165548	17.2129210495597	21.9746073775957	22.2928526774788	24.5123576446418	12.534848196074	11.4279949953646	17.1327524961074
29.3854531648893	26.7671701243304	27.9004845692442	22.7274752145295	38.6992126186804	36.9261712515045	36.0155170056179	43.3019722622137	43.6232243483273	46.1645657809162	39.7712439404041	38.3923266531336	44.5049012706247	20.343053128801	23.6608352783884	36.5356575252096
17.4103401109516	15.7782299242483	21.5220191559183	20.965788034973	28.0547290557589	24.3286826308471	26.2051350859405	30.9537086827814	29.0615533965856	26.4774473635937	26.4237665182978	30.3425896653062	29.299304710018	19.1008387076853	14.4360704747966	23.2370372243643
29.8289758705907	26.3882411519138	33.724300816194	29.7742239327552	41.0646534104408	42.3695305320355	35.4118011951762	43.3019722622137	45.443433217295	38.2897184139872	41.6780264292765	42.6768640821385	43.9417310276393	24.424614798181	27.4710642190023	39.8058100582044
49.3439749214521	41.9243290209953	44.8172841437174	40.63796154002	66.7888220208345	51.7010035843743	54.8816360819206	61.559470887909	63.3421537621442	79.2852473535881	71.5509520882764	64.8785580324365	68.8620142797447	36.8467590093375	38.0995975796624	61.606826944836
54.6662473898689	57.4604168900769	49.8091266411029	50.9144700874325	52.7440173197575	48.7460371178004	53.3723465558164	61.1926907815892	65.0106785586979	60.9878078833707	69.6441695994041	75.6548188387216	71.9594506161646	80.5017229514021	85.4266517893938	69.0191726862908
23.1761352850698	16.1571588966649	18.1941241576612	18.3232572656384	31.7507302928844	29.3054682587611	33.4497248112407	34.6622630911257	30.4267100483114	41.5323026238991	38.5000556144893	30.6022586003974	31.5519856819597	30.2807684977262	29.6769862372525	32.3934643167496
39.14295269032	20.7043065656644	24.2952649877991	25.3700059838641	47.4217755382967	47.8128898125665	43.8638225413598	45.2581328292525	45.746801362123	30.1832578892074	44.8559972440637	47.8702427839626	48.5878855322691	36.314381400288	35.2920604655258	40.8958609025359
11.6445449368335	20.7043065656644	15.4208783257804	15.3871119663776	25.3936081650285	19.81847065555	20.9226217445757	30.4646685410217	18.7470364724352	10.7277526297358	21.9746073775957	25.5387143661189	22.1188841119537	14.3094402262392	14.2355321095012	25.8531592507601
49.7874976271535	38.1350392968291	40.380090812708	36.5273581210549	69.89346306002	57.2998874157776	61.6734389493896	71.0550003070765	64.858994486284	49.638763148679	63.2882279698296	68.7735920588046	66.4685407470566	43.0578311149158	45.9205938261858	55.0665218788465
80.3905643205498	86.6379477661569	76.7096112103471	77.3397777807792	134.795244783944	123.397821536511	116.309719794362	143.514447977805	135.847140376025	118.196257872531	133.203585895149	131.22397094824	135.879273195011	91.1492751323934	95.253031688872	133.768192839587
1119.12074107322	1096.86258822887	1191.27711104326	1153.73064448977	2474.65970798338	2788.77757438623	2883.29020800123	2089.73119880081	2132.76795370602	1809.43553649945	1957.35883358302	1811.28198098834	1971.95505788827	3404.6675138569	3514.83323670726	2381.45303385131
391.299981017228	489.060516472611	412.827006034306	431.438900871624	228.082316008993	226.044025112238	255.01342724334	458.823079377369	665.376237173216	528.383160426391	1067.52700544259	976.706023605205	1013.01692664482	1640.90049507568	1592.87354371546	1130.51068489639
420.128956887819	505.733391258942	332.957526076137	394.149855571013	132.134123893214	145.48230776038	197.056709440938	293.323744736858	391.434802393575	285.189344682996	503.119388736382	465.937228280803	457.027104257454	901.250536902819	930.094246413923	503.51343923686
63.5367015038968	79.8172262626577	74.2136899616543	60.603749574993	104.488034639515	90.1155676498359	92.3120163293052	108.75184456772	126.746096031186	137.420149974152	152.271410783872	149.270961937078	163.333822540551	191.768643242762	177.874838190607	141.180538581042
13.4186357596391	19.5675196484145	17.9167995744732	18.6168717955644	36.4816118764051	29.1499437078888	25.7523482281092	35.6810967197918	29.6682896862415	43.385207886706	33.4153023108297	33.1989479513095	38.4508211585313	24.424614798181	24.2624503742748	29.7773422903538
20.07147634516	18.0518037587481	15.1435537425923	13.3318102568951	17.5580855423224	21.8402898168901	21.6772665076278	19.3797586611352	20.5672453414029	32.7310026255668	20.0678248887234	20.3453356642948	24.2307725231491	14.3094402262392	18.847914511297	18.4408135093053
25.8372715192782	18.8096617035813	13.2022816602757	14.7998829065255	27.6112089073038	26.8170754448041	20.4698348867444	32.6245958337937	22.6908223551986	46.1645657809162	21.9746073775957	29.8232517951238	25.4979055698663	16.971328271487	18.847914511297	22.5830067177653
32.0465893990977	31.6932467657465	28.7324583188085	23.3147042743816	34.7075312825849	29.1499437078888	31.7895063325261	41.3050583500283	34.9772322207307	39.9110105189432	34.6864906367446	37.7431543154056	35.9165550650968	20.5205123318175	25.2651422007521	32.6114744856159
15.6362492881461	11.6100112276655	14.5889045762161	13.6254247868212	18.1494457402625	16.863504188976	13.527103066665	20.3578389446546	20.5672453414029	16.0548552603054	13.7118832591489	20.0856667292036	19.5846180185193	11.8250113840079	10.8263798994781	18.876833847038
28.0548850477851	25.2514542346639	25.1272387373634	28.3061512831249	30.7158499464893	29.7720419113781	26.6579219437717	42.4053986689876	43.7749084207413	10.0329131561832	48.6695622218084	38.6519955882248	39.7179542052485	24.9569924072305	23.8613736436838	26.9432100950917
64.867269621001	60.1129196969932	57.2968903871812	65.0079675238841	69.7456230105349	65.8537377137549	69.0689576273003	74.519034644541	78.6622450759558	163.824049969149	93.796747791787	93.7018098275604	99.1324148402117	106.055848185781	108.087487067782	101.720698016238
22.7326125793684	20.7043065656644	21.7993437391063	21.5530170948252	27.1676887588488	23.0844862238686	23.4884139389529	28.834534735156	31.1851304103813	31.3413236784616	35.9576789626595	29.8232517951238	29.8624749530034	19.1008387076853	18.0457610501151	29.5593321214875
20.9585217565628	17.2939458139148	16.8075012417208	14.2126538466733	18.1494457402625	20.1295197572946	18.9605453606402	19.4612653514285	23.2975586448545	30.1832578892074	14.9830715850638	19.955832261658	21.2741287474756	19.8106755197514	27.8721409495933	18.6588236781716
271.10532777215	281.407439588301	314.931428168912	302.248507704152	349.163316537225	340.354570003389	305.423697415221	314.433977522819	309.525403290028	334.986173620929	461.805768144148	453.213450461334	511.936202948534	713.143781705305	709.502044588903	502.423388392528
30.7160212819935	25.2514542346639	23.7406158214229	22.1402461546773	40.6211332619857	34.1267293358029	33.2987958586303	38.2485574640302	41.4996473345316	48.4806973594247	43.5848089181488	44.3647121602313	41.8298426164439	29.2160132796271	27.2705258537069	33.7015253299475
5.43522705701396	5.9260766414161	5.15986874782127	5.40421794889111	10.0182430185863	8.46517844187107	7.48994496224814	11.0253229060738	8.43251954828483	4.93742368346449	9.89831828140423	8.01106124746255	9.58834620552785	10.0504193538426	9.02153461181889	7.32229489712318
16.9668174052502	12.7467981449153	12.0929833275234	12.7445811970429	18.0016056907775	21.3737161642731	19.7151901236923	21.1321525024408	20.5672453414029	32.4993894677159	27.0593606812552	23.8508662880261	24.5123576446418	17.6811650835531	14.4360704747966	21.0569355357011
3.21761352850698	5.9260766414161	4.88254416463318	5.69783247881718	6.76576192991583	6.5988838314033	5.07508172048139	7.39827518802269	5.24715402759133	4.24258420991193	7.35594162957445	9.17957145537297	7.0540801120934	4.37172485731393	3.80753711413661	5.57821354619265
1962.70092731727	2168.09479325067	2203.51183967977	2590.09292488812	3321.48751143358	3952.25673946201	4136.30237257295	3109.0538676086	2616.79182877902	1636.88373390057	1933.84184955359	1816.47535969016	1743.44873179693	1773.28506052601	1790.2032951662	1618.63545298807
13.8621584653405	16.9150168414982	12.3703079107115	13.038195726969	22.2889671258431	17.330077841593	17.1493979293151	20.5616056703878	21.4773497758868	56.1239315685028	21.9746073775957	23.4613628853893	22.4004692334465	18.5684610986357	13.6339170136148	23.019027055498
32.9336348105005	27.5250280691636	32.3376779002536	27.4253076933466	49.343696181602	41.4363832268016	37.2229486265013	50.0670275565562	52.5725846207519	46.8594052544687	41.042432266319	46.8315670435978	52.107699550928	35.7820037912384	34.6904453696393	48.7442269817233
34.7077256333061	47.229334634828	58.1288641367454	39.1698888903896	79.9465864250014	71.9191951977751	68.7670997220794	77.3310154596592	70.4713051656011	65.3884578825369	72.8221404141913	80.3288596703633	83.0820629151269	72.1611404096255	65.1722768945511	89.2941183908582
63.0931787981954	74.8911496212416	68.9445228810807	56.1995316261019	95.4697916209287	79.5398981905185	86.8785740353301	101.090215680151	104.75190553116	55.4290920949503	101.423877747276	96.6880025811092	98.2876594757335	66.6599051161133	75.1991951593247	94.9623827813825
862.764617177812	1020.69786477313	1083.67517276628	1270.00199834049	798.153546823235	823.880398665413	859.031095590248	720.744828634833	842.54323375274	711.357555128564	984.264170095168	899.584349883116	937.411321524029	1522.71266586668	1520.47919384379	1008.20698016238
1036.18199510706	1272.30670245777	1268.09602058636	1350.15876501031	975.709446254746	1033.99406689391	1030.18452785047	907.39514940645	986.188050328775	906.375834038981	1160.32375323438	992.156325243131	1072.14980215829	1425.99740022268	1429.23423763435	1035.45825127067
176.634991457753	173.79161142198	185.420847820076	171.590041887049	227.490955811053	194.317016734286	206.867091360615	225.71394513858	220.031800565782	228.675734167388	235.534246131297	242.492109634821	254.426609343445	298.954001864741	291.98116804373	244.735368792542
35.1512483390075	32.8300336829964	30.396405817937	28.0125367531988	43.7257743011712	37.5482694549938	38.7322381526055	48.1108669895174	40.4378588276338	34.5839078883736	44.8559972440637	46.8315670435978	46.0536194388346	32.4102789339245	33.8882919084574	41.3318812402686
18.7409082280558	17.2939458139148	18.4714487408493	20.6721735050469	28.941769352669	25.261829936081	28.9218562329281	30.423915195875	32.2469189172791	19.2974394702173	28.9661431701276	30.3425896653062	31.8335708034525	19.2782979107018	21.4549132601382	29.9953524592201
17243.3887068475	21568.8792520094	19780.8985713069	20759.2536512435	14237.5532452591	16637.7722559132	18513.6434692891	15340.0293197089	14927.4711458973	10238.0699638498	10725.380311581	10036.5551689374	9817.0573352361	11567.6133934139	11730.8900628628	8736.23144613557
161.555219463905	199.558781546311	194.017909898907	180.398477784831	99.7571530559943	106.134596389684	121.592233135727	83.7292906476819	113.852949875998	95.9613947188494	96.9747186065742	104.478070633845	113.211670914848	107.12060340388	103.475104665986	96.9244743011793
19.6279536394586	14.2625140345818	17.0848258249089	12.7445811970429	20.5148865320228	16.0858814346144	20.4698348867444	26.8783741681172	21.4773497758868	12.1174315768409	23.2457957035106	23.3315284178437	21.6965064297147	26.3766660313627	19.4495296071834	28.0332609394233
198.811126742822	225.325951670641	179.319706989938	199.1898077001	149.727089781931	124.486493392617	130.798899244963	182.556152628287	187.874777214019	303.255170995362	278.754649212403	286.895497535417	315.248995585872	625.12401700911	601.010788964053	363.986931162417
222.317830144996	233.662389063807	245.045633205514	250.865964967089	151.944690524207	132.107196385361	154.94753166263	166.947621437124	166.335638931234	193.470534174058	259.051230160723	253.268370441106	270.617753829276	344.028639430938	347.931371961167	260.432100950917
200.585217565628	202.211284353227	211.766683222944	222.972584624112	177.37317903563	175.809595180481	203.848512308407	206.804392990539	205.47012961404	218.021528906249	223.457957035106	229.508662880261	260.762274577031	526.989077740973	539.646049183638	375.977490450065
18.7409082280558	14.2625140345818	19.8580716567898	20.965788034973	27.0198487093638	23.3955353256132	29.3746430907593	30.423915195875	24.8143993689943	19.9922789437699	27.6949548442127	30.6022586003974	28.0321716633008	22.2951043619827	26.067295661934	29.1233117837548
40.0299981017228	38.8928972416623	28.4551337356204	32.710369232016	63.536340932164	59.0106574753731	59.4095046602333	65.5125453671332	63.1904696897302	65.8516841982386	68.3729812734892	65.9172337728014	60.5552531957095	49.9787400325602	51.1345913238681	58.5546845807076
161.111696758204	187.433054428979	199.28707697948	202.713182059213	276.86953233905	286.076501748951	274.332333177474	234.149887583935	257.34608237962	205.051192066601	310.534357360276	302.086130238253	310.321255959749	558.576815877914	539.445510818343	394.290344634835
71.0765875008205	64.6600673659927	71.9950932961496	68.824956412923	131.838443794244	125.886214350468	124.308954282715	124.604895829763	132.965143000159	110.784636821304	175.15280065034	156.541692119632	151.225662316364	285.467102435486	290.176322756071	214.431955320124
112.32419913105	134.761927263068	129.678606599271	162.781605989267	126.072681864328	144.393635904273	151.928952610422	122.241201811258	110.364216210477	111.479476294857	95.7035302806593	76.174156708904	73.3673762236281	146.694005676565	141.978470802717	75.5594777522803
69.3024966780149	74.1332916764083	74.2136899616543	76.1653196610749	117.941479142652	109.400611958003	112.687424931712	125.134689316669	127.049464176014	141.357573657616	121.762890961915	139.533376871158	128.558060036201	160.358364308837	146.590853204513	157.313291077149
13.4186357596391	19.9464486208312	21.5220191559183	18.0296427357123	29.9766496990642	31.3272874201012	31.034861569474	32.2985690726205	34.5221800034887	3.54774473635937	32.7797081478723	35.9254717697671	35.2125922613651	38.0889734304532	29.0753711413661	43.9480032666644
152.684765349877	180.233403953063	190.135365734274	176.581488895792	191.417983736708	175.343021527864	169.13485320801	147.263755731296	141.459451055342	102.678176296524	200.576567168638	193.414680902583	204.867627960727	297.889246646642	290.577399486662	200.47930451268
28.4984077534865	13.8835850621652	26.2365370701157	20.0849444451948	21.697606927903	19.0408479011884	18.6586874554194	25.9818005748911	21.6290338483008	16.5180815760071	18.161042399851	22.5525216125701	16.346389121353	13.2446850081401	10.4253031688872	19.5308643536369
36.0382937504103	40.7875421037455	37.6068449808272	25.076391453938	58.2140991507033	53.1007245422252	45.2221831148536	52.3492148847681	59.0949997345529	71.8736263023608	45.4915914070212	61.1133584736141	63.089519289144	37.5565958214036	35.4925988308212	51.1423388392528
85.2693140832652	77.5436524281579	103.610095779591	87.6162863281918	82.1641871672767	80.3175209448801	78.7284105943673	95.2624873241814	103.841801096676	85.0755762998594	133.203585895149	114.994662505039	115.04197420455	157.341557857556	163.436075889333	144.014670776304
137.161470650328	147.266583352817	125.241413268262	142.815817954294	155.788531810817	150.459093388294	141.062068022472	155.862711557237	155.566069789842	203.198286803794	204.390132146382	211.591506358968	231.477421941788	360.532345311475	350.137293979417	290.517504254468
206.794535445448	209.032005856726	197.345804897164	200.070651289878	180.182139975846	167.255744882504	165.361629392749	204.888985768647	206.683602193352	261.79641574006	273.034301745786	277.287746937043	297.50913293183	430.628730503001	414.911185969855	298.801890671388
23.1761352850698	16.1571588966649	17.362150408097	17.1487991459341	29.8288096495792	27.283649097421	30.7330036642531	28.5492613191295	30.8817622655533	9.80129999833239	32.1441139849148	31.5110998732166	33.6638740931551	21.5852675499166	21.6554516254336	29.1233117837548
99.4620406657098	85.1222318764904	95.2903582839488	104.93954359383	70.6326633074451	82.8059137588371	82.6525633622382	66.6536390312392	65.3140467035259	54.5026394635469	56.2966921772977	53.1934559533323	50.9813590649572	91.1492751323934	98.662183898895	48.526216812857
43.1346570416326	48.7450505244945	43.707985810965	42.1060341896503	69.5977829610499	56.3667401105437	58.3530019919603	64.738231809347	60.4601563862787	40.3742368346449	60.7458513179998	77.3426669168144	73.5081687843745	66.8373643191298	67.7792756433923	71.6352947126866
25.8372715192782	25.6303832070805	24.5725895709872	19.2041008554166	27.1676887588488	29.6165173605058	28.3181404224864	30.5054218861683	31.0334463379673	42.2271420974517	28.3305490071701	29.3039139249414	27.7505865418081	20.1655939257844	23.4602969130929	29.9953524592201
487.544408154431	542.868430555771	606.954214265965	677.487876949674	390.115010244576	346.731076589154	369.266644369429	326.007927544465	362.766512707333	379.919126243994	474.517651403297	429.973080770671	474.063004107764	715.805669750553	746.601642168566	477.788239310634
548.307018835522	706.186817667336	744.507207527255	771.738141055944	449.69455018704	414.073207116866	420.733417209583	409.470778404786	467.883574890219	440.370160443067	586.382224083807	565.390430420735	593.314303059929	927.159580543231	884.973114222442	648.708211701827
280.419304591879	219.642017084392	271.114144025194	234.717165821155	416.13485895394	380.635428679318	380.888173720432	411.671459042705	417.524462848779	401.922376239825	459.263391492318	493.20246646538	516.300772331671	725.743385119478	733.366110059065	636.935662583046
36.4818164561117	40.0296841589122	35.3882483153225	38.2890453006114	51.2656168249073	54.033871847459	50.0519095983871	56.1800293285524	62.2803652552464	32.2677763098651	65.8306046216594	64.4890546297997	58.5841573452605	111.912001885327	105.881565049532	94.9623827813825
49.7874976271535	54.4289851107439	51.1957495570433	54.1442299166194	35.594571579495	33.9712047849305	34.8080853847345	43.0982055364805	37.4041773793543	58.4400631470114	51.8475330365956	53.3232904208779	62.5263490461586	61.5135882286342	67.1776605475058	52.8864201901834
43.1346570416326	26.7671701243304	26.5138616533038	24.4891623940859	33.0812907382496	26.3505017921872	28.9218562329281	33.4396627367265	32.0952348448651	35.7419736776278	26.4237665182978	34.2376236916743	34.3678368968869	13.7770626171896	12.029610091251	24.9811185752948
40.4735208074242	36.9982523795792	40.380090812708	35.6465145312767	54.8137780125478	53.1007245422252	49.1463358827246	56.6690694703121	53.7860572000637	67.9362026188963	63.9238221327871	59.2956759279756	62.8079341676513	61.5135882286342	66.9771221822104	63.5689184646329
13.4186357596391	14.2625140345818	15.1435537425923	12.1573521371908	25.0979280660585	21.9958143677624	23.7902718441737	22.6807796180132	22.5391382827846	48.9439236751264	23.881389866468	25.2790454310277	25.4979055698663	18.9233795046688	19.0484528765925	25.1991287441611
24.9502261078754	24.114667317414	24.2952649877991	26.5444641035684	44.9084946970513	40.5032359215677	42.2036040626452	45.543406245279	42.5614358414295	77.6639552486321	53.7543155254679	53.5829593559691	54.0787954013771	43.9451271299984	49.1292076709133	51.1423388392528
192.601808863003	167.728747863314	193.185936149343	170.709198297271	152.388210672662	139.883423928976	133.817478297171	159.367499239848	139.790926258788	240.719618375632	132.567991732191	167.188118458371	172.485338989064	105.168552170699	93.6487247665082	139.436457230111
163.772832992412	156.739807663232	159.075012417208	161.01991880971	141.1523669118	131.329573630999	116.007861889141	157.452092017956	141.459451055342	205.282805224452	142.73749833951	159.138381470544	156.998157306965	90.7943567263604	88.2341889035304	127.009877604731
15.1927265824447	16.9150168414982	18.4714487408493	15.6807264963037	25.3936081650285	26.6615508939318	18.6586874554194	25.2889937073982	28.4548171069297	29.256805257804	21.9746073775957	24.8895420283909	19.0214477755339	12.7123073990905	14.0349937442057	19.5308643536369
129.178061947703	121.499413228486	119.417597021312	119.033041030282	164.215414631464	161.6568610511	142.722286501186	167.151388162857	155.86943793467	194.165373647611	178.330771465127	191.207494954308	210.076952708342	196.205123318175	203.543748948427	195.465070628754
161.998742169607	211.305579691226	229.238131963794	215.63222137596	124.742121418963	117.643413154235	103.178900917256	130.758650946906	141.459451055342	174.94148154599	194.856219702021	194.193687707857	210.640122951327	419.803719118993	397.263809823853	248.223531494403
915.543819156278	1052.52789845613	1056.22003903066	1076.21640858928	1118.52293405728	1050.01309563376	1147.15446612354	1082.1047400501	1081.29396373234	1197.74518661535	1502.90900706844	1461.50792542049	1639.26223684462	1995.4639827027	2003.57611584059	1445.97139924595
16.5232946995488	18.4307327311647	19.8580716567898	17.1487991459341	22.2889671258431	21.6847652660177	21.6772665076278	26.2670739909176	26.0278719483061	37.8264920982855	21.9746073775957	29.433748392487	28.7361344670326	31.1680645128088	30.0780629678435	31.957443979017
93.2527227858903	96.4901010489891	104.996718695532	89.9652025676003	88.2256291961626	82.4948646570925	82.3507054570174	101.660762512204	110.060848065649	90.1710657725781	118.584920147127	118.50019312877	131.092326129635	213.596125213794	190.709293569517	148.37487415363
422.790093122027	413.653650961703	468.846571838299	472.544935061274	454.12975167159	401.009144843591	436.731886186288	430.41799781016	457.569057966068	465.84760780666	679.814566038551	636.669553103271	700.739026909401	1039.84617445872	1063.65279770071	738.528401274749
89.7045411402791	81.7118711247408	86.9706207883062	68.824956412923	107.149155530245	98.6694179478131	90.9536557558114	117.228540358221	124.167466800149	188.838271017041	152.907004946829	167.058283990826	159.532423400399	235.601066387843	225.803507496224	186.962674042968
475.125772394792	570.151316569768	517.378373896213	544.774109423089	719.502640497204	810.816336392138	884.839946486631	587.970430147075	595.146511645545	492.483120959508	558.416080913679	523.453897403505	557.552992630354	637.191242814233	643.324384041398	454.243141073072
105.227835839828	111.268330973237	98.8955778653939	99.6544820551608	152.979570870602	147.970700574337	143.778789169459	152.317170529479	140.701030693272	116.806578925426	173.246018161468	168.616297601373	187.550142988925	196.737500927224	187.099602994198	183.038491003374
1335.1162987498	1559.15593457715	1582.30477333846	1679.30065305744	1563.96500315565	1671.48920091952	1860.29376720779	1466.77556488925	1489.62748667076	1305.21369185815	1502.90900706844	1430.99682554727	1466.93214249108	1888.63354248675	1908.32039232524	1435.2889009715
195.706467802913	179.854474980646	211.212034056568	178.636790605275	242.12712071007	226.8216478666	223.620205100372	259.579974955439	261.896604552039	269.671263106989	384.263280263339	368.821046556693	378.887233043226	586.970288360557	577.146723493892	452.717069891008
16.9668174052502	11.6100112276655	11.5383341611472	12.1573521371908	16.8188852948973	19.1963724520607	22.5828402232903	22.0694794408136	20.5672453414029	13.9703368396477	19.4322307257659	23.7210318204805	20.8517510652365	23.8922371891314	21.0538365295472	26.9432100950917
47.1263613929451	33.208962655413	43.1533366445889	37.4082017108331	58.6576192991583	57.7664610683946	61.0697231389479	64.0861782870008	61.5219448931765	93.41364998249	67.7373871105317	76.174156708904	76.0424348778089	78.0172941091708	76.2018869858021	79.7016709607403
23.1761352850698	29.0407439588301	25.4045633205514	22.1402461546773	29.8288096495792	28.5278455043996	23.9412007967841	34.295482984806	27.3930286000319	31.5729368363125	28.3305490071701	36.8343130425864	34.5086294576333	32.942656542974	39.3028277714352	30.2133626280864
9.87045411402791	7.4417925310826	4.32789499825702	3.93614529926074	7.2092820783709	5.97678562791404	7.48994496224814	8.94690230359506	6.30894253448917	18.3709868388139	9.89831828140423	7.36188890973453	6.63170242985433	7.03361290256177	4.40915221002303	8.19433557258845
113.211244542453	105.205467414571	109.433912026541	100.241711115013	132.281963942699	137.550555665892	142.722286501186	141.395274030179	155.414385717428	159.191786812132	145.27987499134	156.02235424945	157.702120110697	224.953514206851	226.605660957406	195.247060459888
357.592255383922	470.871925796613	496.856354740295	505.136147883069	387.010369205391	382.968296942403	387.52904763529	460.045679731768	492.304710548869	349.577802565533	687.441695994041	626.282795699623	671.172589152665	933.548111851826	858.301511638144	718.689475907914
91041.5752312084	107099.969047945	100264.097832071	120878.872210735	126606.339657339	152152.223363893	158778.710933022	122129.565148481	106816.16537356	67881.7210766121	76073.9941760507	71066.6748178909	68699.4628831388	77258.0414924461	77996.7874910986	65136.7701928649
20.9585217565628	30.5564598484966	17.362150408097	21.8466316247512	24.2108877691484	18.2632251468268	21.375408602407	27.0821408938505	26.482924165548	16.5180815760071	29.601737333085	26.0580522363013	29.5808898315107	41.1057798817341	42.7119799814582	34.5735660054128
2404.89306490156	2722.08895092377	2485.27361619886	2972.08542832194	2964.15811182828	3537.62828683642	3755.65955408947	2927.90524843178	2586.30333022381	2049.84999434864	1888.71466398361	1689.10774702793	1685.72378189092	1939.56433375249	1991.34327555756	1462.10415174205
55.5532928012717	63.5232804487428	55.6329428880527	52.3825427370629	37.0729720743452	44.0803005916309	45.2221831148536	49.6187407599431	44.0782765655692	95.9613947188494	43.5848089181488	41.8978572768649	37.7468583547995	65.0627722889646	51.7362064197545	36.5356575252096
27.6113623420837	25.2514542346639	32.0603533170655	28.5997658130509	25.0979280660585	26.8170754448041	29.0727851855385	30.7091886119015	25.7245038034781	11.1909789454375	21.3390132146382	21.6436803397508	18.7398626540411	21.7627267529331	20.4522214336608	17.7867830027064
43.1346570416326	40.4086131313288	42.3213628950246	40.0507324801678	37.5164922228003	32.8825329288243	31.9404352851365	41.5088250757615	35.1289162931446	33.889068414821	42.9492147551914	36.4448096399495	43.3785607846538	34.0074117610732	28.2732176801842	33.2655049922149
28.9419304591879	28.2828860139969	31.7830287338774	23.3147042743816	24.9500880165735	21.3737161642731	24.5449166072258	29.8533683638221	28.6065011793437	12.8122710503935	30.8729256589999	25.5387143661189	25.6386981306127	20.8754307378505	22.4576050866155	18.876833847038
143.370788530148	141.961577738984	144.654134091428	148.394494022889	141.44804701077	148.592798777826	148.457586700382	181.863345760794	158.448067165707	123.523360503101	147.82225164317	162.643912094275	143.059693793075	101.441908907352	91.8438794788489	138.346406385779
257.799646601108	233.662389063807	235.893921960308	263.197775223984	225.716875217232	217.801223916006	227.091571010412	302.900780846319	245.51472473133	197.871184173224	242.525781923829	239.765585816363	214.441522091479	159.648527496771	144.585469551558	211.815833293728
24.0631806964726	24.4935962898306	24.5725895709872	21.8466316247512	29.3852895011241	28.6833700552719	29.2237141381489	38.2485574640302	40.8929110448757	30.1832578892074	27.6949548442127	29.8232517951238	27.8913791025544	23.8922371891314	21.0538365295472	30.6493829658191
354.044073738311	482.997652913945	378.438757718983	426.447453862881	536.476659234747	623.875826243617	637.92018001598	399.934495640472	437.243392262595	400.069470977018	334.686935552659	318.055769746362	328.201911174537	287.419153668667	293.184398235503	268.49847719897
48.4569295100493	51.3975533314109	45.6492578932816	46.2166376086154	53.9267377156376	60.8769520858408	62.2771547598313	39.9194446150425	53.7860572000637	29.7200315735057	47.3983738958935	43.1962019523209	41.4074649342048	44.8324231450811	45.3189787302994	45.9100947864612
66.1978377381052	79.0593683178244	76.7096112103471	88.49712991797	63.9798610806191	65.0761149593933	62.1262258072209	59.3587902499904	63.9488900518001	42.9219815710043	81.0848645326381	70.0719367342607	73.7897539058672	124.689064502516	120.520865716101	89.2941183908582
699.548261479698	714.523255060502	755.32286627159	867.162863281918	767.254976480866	897.287986677145	947.173603914735	519.871590407038	637.011315631802	503.368939378499	487.865128825403	490.475942646922	481.665802388067	462.039009436925	446.395709321244	465.579669854121
226.75305720201	201.074497435977	204.833568643242	232.368249581746	179.442939728421	213.757585593325	235.845450261816	151.013063484787	180.745625810562	133.482726290687	132.567991732191	131.353805415785	124.193490653063	202.948573032803	218.985203076178	117.199420005747
358.922823501026	432.979028554951	374.833538137538	446.413241897854	452.503511127255	516.874935243465	536.797781766998	341.208925284162	383.698914700462	309.508726257335	277.483460886489	262.226948701753	263.718918352705	297.711787443626	290.176322756071	234.270880686959
162.885787581009	138.551216987234	150.755274921566	198.896193170174	130.507883348879	163.212106559823	178.190590364635	113.72375267561	149.043654676041	89.7078394568764	107.779819376851	99.2846919320213	98.4284520364799	199.931766581522	198.730828181336	104.118809873768
91.4786319630847	82.0908000971574	99.172902448582	89.3779735077482	120.306919934412	111.577955670215	109.216059021672	120.285041244219	133.268511144987	83.2226710370525	154.813787435702	130.055460740329	128.98043771844	162.310415542019	170.454918674674	154.261148713021
77.7294280863415	79.8172262626577	78.3735587094756	94.3694205164915	43.8736143506562	40.5032359215677	45.2221831148536	35.884863445525	47.4153261586767	26.014221047892	55.0255038513828	47.6105738488714	44.7864863921174	86.0029582449143	93.0471096706218	52.668410021317
550.524632364029	591.750267997516	617.7698730103	692.462217975904	676.037665948608	782.04429448076	820.39328372198	444.233381814871	580.433156621389	464.226315701704	440.195566603595	451.136098980605	436.33059782774	396.911481929862	412.9058023169	413.039219157338
1236.65425808409	1358.32357919634	1407.03563676359	1666.08799921076	957.820800267058	939.746189065287	923.628687307509	737.249933419222	832.077032756175	650.44329461379	1195.28143219704	980.990561034209	1068.06681789665	2087.03293145922	2112.06737146544	1446.40741958368
101906.550952775	126486.354205752	109738.337567525	131905.565882109	129756.367591717	155913.740151291	162565.065567159	121889.568698912	109283.610179518	73725.3210491891	77854.9290206574	74363.4316178089	73066.4257398086	82511.0113609382	83516.2049191259	65049.3481151495
339.407824450165	548.173436169604	585.87754594367	602.028942758673	220.394633435772	234.597875410215	255.919000959003	220.98655710157	255.677557583066	97.5826868238054	221.551174546233	172.641166095287	156.294194503233	375.793836770896	357.757751860645	174.318084248722
20.9585217565628	22.5989514277475	22.9086420718587	16.2679555561558	19.3321661361427	23.0844862238686	23.9412007967841	26.8376208229706	24.5110312241663	9.80129999833239	20.7034190516808	22.5525216125701	21.837298990461	37.2016774153706	35.8936755614122	22.364996548899
605.964970576704	640.253176466844	765.029226683173	873.915997470217	613.944845164899	679.553615455906	773.303450507529	556.264327622988	660.522346855968	473.722455173589	906.721682214359	777.929453792887	829.282634870826	1257.94353496603	1241.1292509872	825.950478990142
3738.12231823996	4169.97655452769	4147.27984324505	4811.58045830879	5334.32978517215	6356.35524684623	6647.45828610515	5333.8197325089	4277.73242171206	2899.63867050342	3117.95377514331	3245.30367502952	3110.82608176556	2983.91174350473	3044.97184681997	2834.47816475552
589.554630465752	598.949918473432	623.871013840438	726.521503447328	423.822541527161	467.729177167814	508.87592553407	514.981188989441	570.270323769653	413.503034132368	475.788839729211	425.688543341667	446.045284519238	935.855081491041	934.305552085128	471.901964751244
196.149990508614	204.10592921531	196.791155730788	202.713182059213	270.216730112224	305.050496955374	328.817685069836	255.545393785922	213.661069524395	233.307997324405	151.635816620914	164.980932510096	163.896992783536	142.789903210201	143.18170099449	133.114162332988
136.274425238926	145.75086746315	117.753649522184	146.339192313406	145.144048247896	176.898267036587	186.793540663429	105.899110407455	142.672923634654	46.396178938767	97.6103127695316	82.7957145537297	70.551525008701	181.830927873836	169.853303578788	100.848657340773
675.154512666121	670.188565287757	623.316364674062	719.474754729102	598.865160117426	623.253728040128	621.619853134055	558.954048402666	585.135362866222	524.214123585075	572.399152498743	568.376623174284	574.870477602156	893.974709579141	874.344580861782	556.271900102508
245.381010841469	246.167045153555	231.456728629298	240.883070949602	256.319765460632	240.818857445108	223.318347195151	254.037520015496	233.228314865798	308.582273625932	260.958012649595	285.207649457324	294.411696595411	369.227846259284	374.402436180169	335.42759904093
74.1812464407303	77.1647234557413	69.2218474642688	75.8717051311488	79.5030662765463	64.4540167559041	70.1254602955732	90.1275658357046	80.7858220897515	124.913039450206	88.7119944881274	98.5056851267477	99.2732074009581	122.027176457268	104.076719761873	95.6164132879814
148.249538292863	159.771239442565	142.435537425923	141.347745304663	139.230446268495	119.509707764703	121.894091040948	157.452092017956	139.942610331202	165.908568389807	159.262946576404	174.848352043562	174.878812521752	177.216988595407	172.460302327629	144.886711451769
183.287832043274	232.14667317414	191.521988650214	203.887640178917	191.861503885163	163.67868021244	173.209934928491	185.245873407965	181.655730245046	252.068663110324	202.48334965751	230.677173088171	232.603762427759	245.538781756768	234.42665720393	209.635731605065
488.431453565834	511.417325845192	480.21687974901	521.578561558929	489.463523498511	451.243574775349	446.391339153355	540.044496254625	466.670102310907	620.333584093179	513.924489506658	593.954013280768	617.812208629795	705.335576772578	685.637979118742	619.712859242607
219.656693910788	231.767744201724	212.875981555697	237.653311120415	209.602309823365	191.673099369457	179.85080884335	222.535184217142	209.413915496803	239.098326270676	236.169840294255	253.528039376197	252.737098614489	264.526916479536	255.082108829363	237.541033219954
193.045331568704	185.917338539312	166.840100746475	193.023902571652	164.658934779919	142.682865844678	154.94753166263	195.026676243159	171.947949610551	208.757002592214	219.008797894404	203.411934903595	214.441522091479	230.454749500364	216.979819423224	213.123894306926
65.7543150324038	60.8707776418265	60.3474608022501	68.824956412923	58.3619392001883	49.057086219545	50.8065543614392	61.7632376136422	47.7186943035047	82.5278315635	59.4746629920849	65.9172337728014	68.8620142797447	67.0148235221464	59.156125935687	55.2845320477128
105.671358545529	97.2479589938223	91.4078141193156	92.3141188070089	99.6093130065093	93.6926323198991	88.2369346088239	105.491576955988	95.9542293311491	96.1930078767003	109.686601865723	117.980855258588	127.854097232469	120.962421239169	120.520865716101	111.967175952955
37.8123845732158	42.6821869658286	38.9934678967676	38.5826598305374	45.2041747960214	40.65876047244	40.8452434891514	42.9759455010406	41.3479632621177	55.6607052528011	48.0339680588509	47.8702427839626	45.4904491958492	62.7558026497498	60.5598944927553	58.3366744118413
32.4901121047991	26.7671701243304	34.0016253993821	33.8848273517203	36.1859317774351	29.1499437078888	31.9404352851365	37.5965039416839	35.7356525828005	42.4587552553026	33.4153023108297	43.4558708874121	46.4759971210737	45.5422599571472	50.3324378626862	42.6399422534665
5415.96871390834	5894.10337902333	5837.29585319324	6698.93465667359	7273.54771426717	8559.98260815605	9076.50884941728	7065.91840793145	6148.90713901087	4069.51673080807	4584.26950908614	4478.34161331011	4332.20154624022	5084.14141120527	5166.86829001136	4185.70519138895
146.031924764356	135.519785207901	129.123957432895	163.075220519193	134.795244783944	141.905243090316	146.948297174278	86.337504737067	133.571879289815	101.52011050727	112.228978517553	103.828898296117	99.6955850831971	223.00146297367	228.20996787977	103.464779367169
233.405897787531	292.7753087608	241.717738207257	270.538138472136	300.671780306138	347.81974844526	368.964786464209	238.836522275799	254.615769076168	231.455092061598	198.669784679765	187.182626460394	187.268557867432	210.579318762513	210.161515003178	147.720843647031
40.9170435131256	41.5454000485787	29.2871074851846	32.4167547020899	34.5596912330998	40.1921868198231	31.7895063325261	42.7721787753074	50.9040598241982	29.4884184156548	76.635705391936	61.8923652788877	59.2881201489923	166.746895617432	163.034999158742	96.052433625714
36.0382937504103	27.146099096747	30.1190812347489	31.2422965823856	50.3785765279971	55.7446419070545	63.1827284754938	57.2803696475117	59.7017360242088	41.0690763081974	48.0339680588509	42.2873606795017	40.8442946912194	90.4394383203273	92.8465713053263	45.6920846175949
1235.76721267269	1245.40274541619	1416.1873480088	1565.08460091619	1932.08672637335	1910.99700926289	2012.88293829692	1778.49790191591	1922.38214526784	1515.51843918672	2813.50417108669	2692.59834668789	2691.40504330216	4835.16614937309	4745.13610779499	3732.02602997814
161.555219463905	171.518037587481	190.135365734274	202.125952999361	244.7882416008	217.956748466878	227.695286820854	235.617008009214	249.155142469265	197.871184173224	365.831049537573	376.481280141883	365.089562090082	572.951011322252	550.074044179003	479.314310492699
12.0880676425349	13.5046560897486	14.8662291594042	18.0296427357123	22.8803273237832	21.9958143677624	21.375408602407	26.3078273360643	24.8143993689943	29.0251920999531	27.6949548442127	24.2403696906629	22.8228469156855	37.0242182123541	30.4791396984344	35.0095863431454
608.182584105211	598.949918473432	722.875890038584	752.359582080823	978.074887046506	891.689102845742	929.062129601484	958.255324149458	1052.01893775644	704.409160393038	1643.37531708204	1531.8782068302	1479.46268039751	2713.9962957166	2629.65689229305	2049.64155683678
29.3854531648893	27.9039570415803	25.6818879037395	21.8466316247512	33.9683310351598	34.7488275392921	34.5062274795137	34.2547296396593	38.1625977414242	23.6980894693835	37.2288672885744	35.9254717697671	33.241496410916	86.7127950569804	87.8331121729395	41.7679015780012
385.977708548811	334.836424699045	346.823755235541	393.562626511161	435.058385288023	420.605238253503	429.336367508377	359.54793060015	400.232478593585	303.486784153213	454.178638188658	441.268679447139	439.287241603413	786.611891754145	781.495317729978	510.053744302849
112.32419913105	110.131544055988	112.761807024798	103.765085474126	162.145653938673	142.993914946423	130.195183434521	152.846964016386	161.330064541573	108.700118400646	207.56810296117	205.748955319416	190.084409082359	328.057311159451	326.674305239847	246.479450143473
11177.7721836752	11964.92444611	13244.9127947302	15973.0431989186	15305.6976027884	16713.6682367388	17076.7998404379	14651.7868268724	15355.675282322	9044.56736144438	16155.2612457264	14571.8029547728	13815.8476455542	19882.8192691591	19749.0155224716	16494.1233052435
1001.14370135665	1120.73511349112	1056.22003903066	1197.18559491882	1451.902245646	1663.09087517242	1740.00339197728	1144.049824673	1194.45028175316	892.710657725781	901.6369289107	946.973930537261	946.281252851049	988.560464786948	1031.36612088814	879.580980531256
216.108512265177	228.736312422391	222.027692800903	243.819216248863	216.255112050191	203.181916134008	197.056709440938	221.47559724333	265.840390434802	159.191786812132	415.407394248254	359.472964893409	353.544572108881	1021.390417345	1021.74027935395	634.973571063249
23.1761352850698	19.9464486208312	19.0260979072255	16.2679555561558	16.6710452454123	17.330077841593	18.3568295501985	24.7184468753453	24.6627152965803	13.7387236817969	33.4153023108297	38.911664523316	37.0428955510677	45.1873415511141	45.7200554608903	29.9953524592201
45.795793275841	48.7450505244945	52.5823724729837	46.8038666684675	70.9283434064151	60.0993293314793	61.6734389493896	66.2053522346261	77.29708842423	83.2226710370525	100.788283584319	91.8841272819219	85.6163290085613	154.679669812309	146.390314839217	114.365287810485
36.0382937504103	35.8614654623293	34.8335991489463	30.0678384626813	55.4051382104879	45.6355461003541	45.8258989252953	52.3899682299147	58.7916315897249	57.9768368313097	54.3899096884254	53.0636214857867	59.0065350274996	79.9693453423525	76.2018869858021	67.0570811664939
656.526559026663	650.105329749676	697.639352968469	841.618399178349	563.531388290506	535.537881348143	618.752203034457	582.917015348892	623.9664854042	412.576581500964	686.170507668126	621.478920400435	635.41127872309	1263.97714786859	1307.7079882653	813.959919702495
75.9553372635359	68.8282860625756	71.7177687129616	84.0929119690789	47.4217755382967	41.9029568794186	45.2221831148536	53.0827750974076	55.7579501414454	62.6090999883267	52.483127199553	59.6851793306124	61.8223862424268	113.331675509459	103.475104665986	71.6352947126866
264.452487186629	225.704880643058	243.659010289574	282.282719669179	212.411270763581	210.491570025007	234.788947593543	182.596905973434	223.217166086475	168.456313126166	250.152911879318	217.43405739852	224.156208782978	404.542227659572	431.355331924083	285.939290708276
133.613289004717	124.530845007819	142.990186592299	148.100879492963	89.4083495920428	80.784094597497	88.2369346088239	98.0744681392997	103.841801096676	111.711089452707	114.771355169383	112.138304219036	118.702580783955	233.826474357678	223.597585477974	137.256355541448
48.4569295100493	46.0925477175782	41.4893891454604	52.676157266989	30.8636899959743	32.8825329288243	35.5627301477866	34.5807564008325	40.4378588276338	22.0767973644276	39.7712439404041	36.3149751724039	29.299304710018	73.9357324397908	80.0121159264161	46.1281049553275
97.2444271372029	99.5215328283221	106.937990777848	114.922437611317	156.232051959272	172.699104163035	180.756382559012	114.416559543103	142.52123956224	116.806578925426	125.576455939659	121.616220349865	113.070878354101	127.883330156814	121.523557542579	109.787074264292
291.950894940116	289.36494800905	284.703048601411	351.575748731732	272.286490805014	260.41495085502	286.255720433697	236.921115053907	278.73353658999	228.212507851686	319.43267564168	286.765663067872	283.711461978687	591.761686842003	620.663548763009	404.754832740418
19.6279536394586	16.9150168414982	18.1941241576612	17.7360282057862	18.1494457402625	17.6411269433376	16.9984689767047	17.4235980940965	21.3256657034728	13.2754973660952	28.9661431701276	26.1878867038469	27.1874162988226	75.710324469956	79.6110391958251	36.5356575252096
139.379084178835	130.972637538902	130.233255765647	148.100879492963	142.03940720871	167.72231853512	176.681300838531	164.665434108912	160.723328251917	84.6123499841577	141.466310013595	136.287515182518	133.626592223069	298.244165052675	304.013469961459	154.261148713021
119.864085127974	115.815478642237	118.30829868856	142.522203424368	104.488034639515	111.266906568471	113.291140742154	90.2905792162912	121.133785351869	114.258834189067	119.856108473042	96.9476715162004	97.302111550509	225.308432612884	246.057882391067	111.09513527749
67.5284058552094	69.9650729798255	61.1794345518144	80.2759230800399	56.440018556883	60.2548538823516	68.3143128642482	43.83176574912	67.1342555724936	38.9845578875398	65.1950104587019	52.0249457454219	49.9958111397327	92.2140303504926	87.4320354423485	59.8627455939055
436.095774293069	424.263662189368	430.021130191967	502.78723164366	531.893617700712	618.121417861341	688.934165998303	569.22389137962	572.697268928276	371.349439403513	483.415969684701	420.884668042479	410.565559211156	876.051330074473	910.040409884376	449.010897020281
298.160212819935	286.333516229717	288.308268182856	259.674400864871	329.500589955717	309.871758032415	311.913642377469	356.613689749592	352.755363928011	372.044278877065	443.373537418382	427.116722484668	442.947848182819	597.440381338532	566.317651767936	458.821354619265
114.985335365259	132.109424456152	108.324613693789	119.326655560208	66.9366620703195	56.8333137631607	60.1641494232854	80.2652563102174	80.4824539449235	119.354323661786	108.415413539808	113.436648894492	126.305379064259	148.46859770673	149.398390318649	105.426870886966
58.6579517411814	49.8818374417444	74.4910145448424	72.0547162421098	128.881642804544	122.153625129533	111.329064358218	73.2964342901417	79.8757176552676	57.7452236734588	107.779819376851	104.3482361663	104.904909830812	208.627267529331	206.150747697268	142.924619931972
55.5532928012717	46.4714766899948	57.5742149703693	55.0250735063976	77.8768257322111	66.4758359172441	72.8421814425608	71.1772603425164	71.5330936724989	121.670455240294	87.4408061622125	88.5084311257362	83.3636480366196	95.763214410823	86.0282668852802	98.8865658209762
169.53862816653	144.993009518317	154.915143669387	173.351729066605	140.708846763345	159.946090991505	168.229279492347	124.930922590936	150.560495400181	141.357573657616	110.322196028681	103.179725958389	96.87973386827	210.046941153464	214.172282309087	107.170952237896
65.7543150324038	43.4400449106618	55.6329428880527	54.4378444465454	102.86179409518	98.0473197443239	106.046551016854	82.465936948136	103.083380734606	57.7452236734588	96.3391244436168	96.6880025811092	97.7244892327481	192.655939257844	198.329751450745	99.9766166653077
252.477374132691	237.072749815556	226.187561548725	279.346574369918	224.238474722382	273.479013128294	293.953097016829	242.95261013561	265.537022289974	186.290526280682	236.169840294255	218.992071009067	200.080680895351	474.106235242049	498.335145932771	218.356138359718
36.925339161813	29.7986019036634	35.1109237321344	30.6550675225335	45.3520148455064	48.4349880160557	43.561964636139	49.3334673439166	58.488263444897	30.4148710470582	70.915357925319	57.867496784974	50.5589813827181	88.4873870871456	89.4374190953033	70.545243868355
42.6911343359312	32.4511047105797	27.6231599860561	30.3614529926074	52.4483372207874	60.8769520858408	59.8622915180645	52.5937349556479	57.5781590104131	45.2381131495128	51.8475330365956	45.5332223681417	45.4904491958492	95.0533775987569	94.6514165929855	42.4219320846002
2294.45591118192	2885.02840906292	2743.74012773016	3298.87840012966	2140.8368762462	2310.38405590299	2200.18576848646	1593.43696160501	1685.14825601238	1440.2441628852	2313.92715900214	1852.56934166784	2095.71171878432	3500.49548348582	3569.17913370234	2696.69573803201
67.084883149508	51.7764823038275	56.1875920544288	67.0632692333666	104.93155478797	112.044529322832	119.02644094135	91.0241394289307	107.937271051853	63.0723263040284	109.686601865723	96.5581681135636	107.157590802754	204.900624265984	198.53028981604	103.028759029436
238.284647550247	329.152490112796	303.283795675012	348.933217962397	420.570060438491	501.166955605361	554.305540269807	393.943753903916	341.834110714204	234.69767627151	287.01737333085	260.53910062366	254.145024221952	220.517034131438	228.611044610361	211.815833293728
68.4154512666122	55.5657720279938	72.5497424625258	53.5570008567672	67.8237023672297	51.0789053808851	60.6169362811166	65.6755587477198	67.7409918621495	74.652984196571	77.2712995548934	73.1879639553551	79.1398712142288	88.3099278841291	82.0174995793708	80.1376912984729
66.1978377381052	72.6175757867418	56.1875920544288	53.5570008567672	74.1808244950856	66.1647868154995	75.5589025895484	84.177577444295	85.0329761173428	85.7704157734119	105.873036887978	108.373104660213	117.294655176492	180.411254249704	168.650073387015	107.170952237896
45.3522705701396	33.9668206002462	37.3295203976391	30.3614529926074	43.1344141032311	34.9043520901644	35.4118011951762	36.0886301712582	44.3816447103972	45.4697263073636	56.9322863402552	46.9614015111434	49.8550185789863	54.2377609049568	62.9663548763009	43.5119829289317
829.056891544506	1008.5721376558	891.48923661694	937.043121404323	603.004681503007	631.963102888977	762.738423824799	763.087554242193	932.1885205494	599.720013044453	950.577679458423	854.791458579884	846.88170496412	1632.91483093994	1704.77395155033	900.727966911289
150.910674527072	146.129796435567	171.277294077484	148.981723082741	175.59909844181	169.433088594716	152.079881563032	176.891437652904	166.639007076062	229.602186798791	188.500278072446	221.329091424888	220.495602203573	281.917918375155	266.512795651205	267.190416185773
131.839198181912	136.277643152735	130.233255765647	136.35629829592	162.884854186098	160.412664644122	171.096929591945	173.427403315439	194.700560472648	240.488005217781	245.703752738616	210.552830618603	217.679750988645	357.69299806321	356.755060034168	238.413073895419
99.4620406657098	98.0058169386556	93.3490862016322	94.0758059865654	98.2787525611441	89.182420344602	86.7276450827196	99.1340551131123	102.47664444495	106.152373664287	132.567991732191	139.403542403613	137.709576484714	243.054352914537	249.266496235795	179.332318132647
20.9585217565628	9.71536636558234	15.1435537425923	13.3318102568951	17.7059255918074	14.9972095785082	15.1873215453797	18.6869517936423	16.6234594586395	7.02194210412216	18.161042399851	18.657487586202	19.7254105792656	26.1992068283462	22.658143451911	27.3792304328243
97.6879498429043	104.068680497322	109.711236609729	113.16075043176	100.496353303419	94.3147305233883	89.5952951823177	87.926885197786	93.9823363897674	121.207228924592	128.754426754446	124.862082038505	137.85036904546	215.725635649992	223.998662208565	155.133189388486
27.1678396363823	21.4621645104977	21.7993437391063	21.2594025648991	38.1078524207404	36.9261712515045	33.902511669072	40.8975248985619	31.1851304103813	27.4038999949972	39.7712439404041	44.4945466277769	46.0536194388346	35.4270853852054	34.0888302737529	42.8579524223328
29.3854531648893	33.208962655413	29.8417566515608	31.2422965823856	49.787216330057	42.2140059811632	40.2415276787097	50.4745610080226	43.6232243483273	14.6651763132003	46.1271855699786	49.5580908620554	48.8694706537618	39.6861062576019	40.3055195979126	49.180247319456
183.287832043274	186.296267511729	206.220191559183	188.619684622761	227.047435662598	207.692128109305	197.207638393548	216.992729277199	204.256657034728	293.527418365626	296.551285775212	295.464572393427	320.176735211994	526.456700131923	520.193827749978	380.555703996257
61.7626106810912	68.8282860625756	66.448601632388	59.7229059852148	79.7987463755164	69.2752778329458	74.6533288738859	88.945718826452	92.0104434483857	51.0284420957841	128.118832591489	126.420095649052	133.908177344562	176.152233377308	169.452226848197	132.460131826389
41.360566218827	30.9353888209132	35.1109237321344	38.5826598305374	48.1609757857218	49.5236598721619	46.1277568305161	49.4964807245032	59.2466838069668	74.1897578808693	58.8390688291275	56.569152109518	54.5011730836161	75.3554060639229	72.9932731410745	69.6732031928897
21.8455671679656	21.4621645104977	18.1941241576612	17.4424136758601	37.9600123712553	27.750222750038	29.978358901201	33.4396627367265	32.3986029896931	41.9955289396008	43.5848089181488	39.4310023934984	35.3533848221114	29.5709316856601	29.6769862372525	30.6493829658191
21.8455671679656	23.3568093725808	21.7993437391063	24.1955478641598	38.1078524207404	33.3491065814413	30.5820747116427	40.5714981373887	35.2806003655586	29.256805257804	38.5000556144893	41.1188504715912	39.2955765230094	39.5086470545854	39.5033661367307	46.3461151241939
24.9502261078754	22.2200224553309	20.690045406354	16.5615700860819	17.4102454928374	20.5960934099115	15.6401084032109	21.9879727505203	19.0504046172632	26.9406736792955	14.9830715850638	25.4088798985733	23.5268097194173	22.4725635649992	24.6635271048657	21.7109660423001
24.506703402174	24.4935962898306	25.9592124869276	22.7274752145295	37.3686521733153	28.0612718517826	33.1478669060199	36.8629437290444	31.3368144827952	24.8561552586378	35.322084799702	38.1326577180424	46.0536194388346	41.1057798817341	40.506057963208	43.0759625911991
385.977708548811	370.076819133791	352.924896065679	342.473698304024	454.12975167159	438.801610705564	391.755058308382	412.486525945638	402.659423752209	482.523755171922	618.161932231679	599.926398787865	666.526434648035	1135.85160329066	1100.35131854978	817.884102742088
84.3822686718624	77.9225814005745	91.6851387025037	82.0376102595963	91.6259503343181	79.5398981905185	82.6525633622382	93.3063267571426	95.3474930414932	98.7407526130597	98.2459069324891	127.328936921871	132.218666615606	139.063259946855	132.152090903239	116.545389499148
77.7294280863415	66.1757832556592	73.104391628902	61.1909786348451	92.6608306807132	89.4934694463466	84.010923935732	94.9364605630083	93.8306523173534	130.240142080776	110.957790191638	108.502939127759	122.081602241868	130.190299796028	121.122480811988	120.905592876474
700.878829596802	915.734539413729	817.166248322533	935.281434224767	485.176162063445	467.418128066069	446.240410200745	430.17347773928	449.984854345369	444.307584126531	715.407839164168	662.766281079937	728.897539058672	1228.30784806227	1239.72548243013	791.504872309264
397.952821602749	428.431880885951	478.552932249882	466.085415402901	379.0270065332	349.686043055728	361.418338833687	387.21945195472	372.92934555907	479.512784119861	608.628019787317	604.470605151962	651.180045526682	1042.50806250397	994.46706167377	728.935953844631
17168.4333695839	19469.2338158489	20977.2768231803	22350.3507889129	24679.4959403862	26375.0088614779	27825.3561295417	23165.0383679703	21661.0304884986	18067.2895386822	22574.7622915966	21706.7262842739	22232.9900972144	26198.2373861111	26484.4975976507	21789.5903070063
191.271240745899	195.390562849728	211.766683222944	194.198360691357	298.306339514378	270.679571212592	273.577688414422	295.72819210051	305.278249262436	258.090605214446	328.330993923084	349.865214295035	343.407507735143	373.841785537714	379.816972043147	339.56979224939
16.5232946995488	18.8096617035813	15.9755274921566	16.5615700860819	25.6892882639986	21.8402898168901	23.6393428915633	24.636940185052	29.5166056138275	22.7716368379801	26.4237665182978	25.9282177687557	27.0466237380763	24.9569924072305	24.6635271048657	23.6730575620969
29.8289758705907	34.7246785450795	28.4551337356204	31.2422965823856	22.5846472248131	18.4187496976992	21.8281954602382	20.3578389446546	25.4211356586502	25.0877684164886	17.5254482368936	18.7873220537476	18.4582775325484	29.5709316856601	29.0753711413661	21.0569355357011
2141.88410042064	2120.72867169859	2208.78100676034	2443.28565992508	2447.30929882865	2794.22093366676	3092.9305231771	2711.26046563224	2637.42086262732	1910.18726016458	2193.79986220319	2028.1055417895	1932.95551856153	2543.81292002375	2572.10238145325	1916.00132332173
104.340790428425	94.2165272144893	75.6003128775948	79.3950794902617	121.341800280807	114.532922136789	113.291140742154	133.122344965411	142.976291779482	162.665984179895	128.754426754446	147.972617261622	152.915173045321	183.073142294952	174.866762711174	161.673494454475
40.4735208074242	45.7136187451616	33.724300816194	33.2975982918681	33.9683310351598	34.1267293358029	49.297264835335	47.132786705998	40.5895429000478	54.0394131478452	24.5169840294255	31.7707688083078	32.1151559249452	24.6020740011975	26.2678340272295	25.4171389130275
8769.00036901089	9881.19402679104	10487.7517886742	11450.4985944672	13679.7527385521	14950.7974526012	16172.4335563963	13144.9726434205	12623.390085929	9452.20651926188	11948.8990752741	11041.2142788052	11122.6267510371	13713.2726170867	13603.7178563572	11221.7653813804
74.6247691464317	74.1332916764083	67.0032507987641	66.7696547034405	89.9997097899829	76.7404562748169	79.9358422152506	94.6919404921284	96.560965620805	68.8626552502997	104.601848562064	101.751546815388	105.468080073798	122.559554066318	111.697177643101	103.464779367169
41.360566218827	35.1036075174961	33.1696516498178	30.6550675225335	38.6992126186804	37.0816958023768	35.1099432899553	41.1827983145884	36.3423888724564	13.0438842082443	37.8644614515318	38.7818300557704	40.703502130473	30.1033092947097	33.0861384472756	38.4977490450065
23.6196579907712	19.1885906759979	21.5220191559183	17.7360282057862	23.4716875217232	17.330077841593	21.2244796497965	23.6181065563859	18.8987205448492	24.8561552586378	21.3390132146382	23.0718594827525	21.6965064297147	19.6332163167349	18.847914511297	20.4029050291022
1044.16540380968	1136.65013033262	1088.11236609729	1191.90053338016	772.281538163356	818.125990283137	894.952186311529	966.283733143347	947.356927790797	918.882944562927	1040.19645643542	915.943492793862	958.811790757475	1280.83577215516	1297.68107000052	936.699644774231
2042.97853704923	2151.42191846434	2145.55100179346	2614.75654540191	2462.24114382664	2874.47160191687	3074.0644041008	2633.78835650847	2643.18485737905	1459.46805498682	2094.64717278182	1844.00026680983	1691.07389919928	2461.6493090271	2474.03912082376	1965.48963165438
747.89223640115	863.442341220235	849.613224555539	899.16684704386	632.720531449496	642.694296899167	627.355153333251	627.012134797558	678.269383328404	708.809810392204	934.052231221529	886.860572063647	1000.34559617765	1610.20005295383	1641.20328975167	1060.74743085916
93.6962454915917	105.963325359405	97.5089549494534	98.1864094055304	114.393317955011	105.82354728794	96.2361690971762	115.842926623235	122.953994220837	88.3181605097713	151.000222457957	145.895265780893	138.835916970685	181.476009467803	183.48991241888	157.967321583748
268.444191537942	334.836424699045	376.220161053478	412.647570956355	160.815093493308	152.791961651378	143.326002311628	207.293433132298	230.953053779588	227.517668378133	435.110813299935	394.008933260539	429.290969790422	646.419121371092	672.00137027865	423.503707262922
63.5367015038968	70.7229309246587	80.3148307917922	65.0079675238841	49.787216330057	48.7460371178004	40.5433855839305	54.8759222838598	57.4264749379991	47.5542447280213	64.5594162957445	65.6575648377102	71.1146952516864	113.154216306442	108.889640528964	77.5215692720771
47.5698840986465	51.7764823038275	40.9347399790842	42.1060341896503	52.0048170723324	43.1471532863971	42.0526751100348	55.079689009593	57.2747908655852	65.8516841982386	44.8559972440637	49.9475942646922	53.2340400368989	27.6188804524784	26.067295661934	42.6399422534665
204.576921916941	186.296267511729	178.210408657186	204.768483768695	196.740225518168	170.832809552567	169.436711113231	190.666068312469	174.071526624347	246.741560479754	219.644392057361	227.431311399531	252.033135810757	302.325726722055	296.794088810822	272.204650069698
101.236131488515	80.5750842074909	83.088076623673	78.2206213705574	98.8701127590842	88.0937484884958	78.4265526891464	97.3001545815135	114.763054310482	106.847213137839	140.19512168768	133.690825831606	144.608411961285	297.711787443626	287.168247276639	197.863182486284
1948.95172344053	2277.22633730666	2272.28833631041	2594.20352830708	819.590353998563	888.112038175678	1055.2387339838	1005.85523128074	1004.84519123569	955.941049819064	1611.59560893417	1512.66270563345	1545.3535988268	1957.48771325716	1881.04717464505	1433.9808399583
95.9138590200987	81.3329421523241	91.6851387025037	79.9823085501138	98.7222727095991	91.670813158559	107.103053685127	114.253546162516	119.465260555315	143.442092078274	131.296803406276	147.583113858985	149.254566465915	268.608478148916	251.271879888749	178.678287626048
81.721132437654	85.1222318764904	73.104391628902	64.1271239341059	82.7555473652168	76.7404562748169	73.8986841108338	88.5789387201322	80.9375061621654	100.130431560165	94.4323419547444	92.7929685547411	94.4862603355819	124.689064502516	118.716020428442	98.0145251455109
1260.60448419196	1546.27234951499	1714.31127493599	1720.99391630694	1381.97390223958	1419.3839039555	1364.49215788255	1291.16940065237	1336.42657353265	1297.10723133337	1995.49448336046	1822.05824179462	2009.12429392531	3370.2404284717	3353.800929375	2460.37271498092
428.112365590444	507.249107148609	552.043946794724	558.280377799688	516.81393265324	513.14234602253	537.401497577439	581.694414994492	608.798078162803	629.134884091511	889.560639814508	825.448868914577	898.270989636541	1200.26929398566	1176.75643572735	877.400878842593
46.2393159815424	65.7968542832426	62.5660574677548	67.6504982932187	44.6128145980813	50.3012826265235	45.2221831148536	60.540637259243	51.965848331096	71.6420131445099	75.3645170660211	75.2653154360848	75.9016423170626	63.820557867849	66.5760454516194	65.3129998155634
1559.98231054041	1876.31948448987	1966.95397022033	2028.40832913954	1829.04221188229	1918.46218770476	2082.46118545033	1882.21516531411	1795.57426072975	1603.99466548575	1926.85031376106	1865.81245735749	1989.55412798156	2364.57912497706	2387.40654701612	1855.39449637689
126.960448419196	127.562276787152	108.047289110601	115.509666671169	111.880037113766	103.335154473983	112.838353884323	125.623729458429	136.757244810509	146.221449972484	142.73749833951	137.066521987792	152.352002802335	176.152233377308	172.660840692924	136.602325034849
384.203617726006	467.461565044863	415.877576449375	396.498771810421	405.638215440503	391.366622689508	457.258223741305	401.116342649725	448.46801362123	506.37991043056	404.602293477978	401.409497910639	459.702162911635	721.306905044065	727.951574196087	443.778652967489
271.10532777215	309.069254574715	259.466511531295	268.189222232727	228.969356305903	194.628065836031	185.586109042546	207.619459893472	216.391382827846	259.711897319402	295.280097449297	281.442449898502	320.176735211994	376.858591988995	385.632584636716	267.190416185773
159.337605935398	187.811983401395	174.327864492553	170.709198297271	123.411560973598	119.354183213831	117.668080367856	139.072333356821	124.774203089805	246.509947321903	182.144336442872	193.025177499946	214.863899773718	233.826474357678	220.589509998542	207.455629916402
4040.60480352831	4982.02134241651	4312.56529482515	4573.16546000882	3322.81807187894	3606.99223652547	4241.04706568458	3798.80423421551	3693.14200662859	3474.27091513138	3526.64082192495	3464.59409071404	3623.5925880038	3743.25967321243	3914.90727547173	2990.35543549493
160.224651346801	194.632704904895	175.437162825305	181.866550434461	145.291888297381	131.174049080127	132.157259818457	142.821641110312	153.59417684846	162.897597337746	217.737609568489	215.226871450245	236.82753925015	434.177914563331	401.475115495058	275.692812771559
39.5864753960214	33.5878916278296	23.1859666550468	26.5444641035684	30.8636899959743	26.6615508939318	26.9597798489926	34.173222949366	29.0615533965856	31.5729368363125	28.9661431701276	36.5746441074951	37.8876509155459	40.750861475701	39.5033661367307	27.8152507705569
38.2559072789172	27.9039570415803	29.8417566515608	30.6550675225335	31.6028902433994	27.5946981991657	30.2802168064218	36.1701368615515	30.2750259758974	43.8484342024077	37.8644614515318	36.8343130425864	36.1981401865896	26.7315844373958	27.2705258537069	30.4313727969527
19.6279536394586	14.2625140345818	17.0848258249089	18.9104863254905	23.7673676206933	19.5074215538054	21.9791244128486	24.8814602559318	22.5391382827846	30.8780973627599	21.9746073775957	21.3840114046596	25.6386981306127	13.9545218202061	13.4333786483193	21.2749457045674
217.439080382281	227.220596532724	218.14514863627	205.649327358473	339.997233469154	445.800215494818	356.588612350154	299.803526615174	290.109842021039	270.366102580541	288.288561656765	289.75185582142	313.981862539154	437.017261811596	457.024242681904	393.200293790504
40.9170435131256	40.0296841589122	38.4388187303914	35.6465145312767	56.144338457913	47.3463161599495	48.6935490248933	64.5752184287605	57.8815271552411	75.5794368279744	57.5678805032126	66.4365716429838	60.6960457564559	51.2209544536759	45.9205938261858	58.9907049184402
294.168508468623	436.3893893067	461.081483509032	500.731929934178	215.663751852251	226.8216478666	215.62097061202	206.885899680832	223.672218303717	82.2962184056491	245.703752738616	189.000309006033	188.817276035642	362.661855747673	356.353983303577	234.270880686959
141.153175001641	104.068680497322	117.753649522184	102.003398294569	180.921340223271	183.741347274969	164.908842534918	179.214378326263	187.571409069191	145.989836814634	199.94097300568	182.378751161207	199.658303213112	309.069176436683	324.468383221597	252.801745040596
4.10465893990977	7.06286355866597	3.77324583188085	5.40421794889111	4.99168133609558	4.26601556831859	5.22601067309181	8.94690230359506	6.76399475173109	12.5806578925426	7.35594162957445	6.06354423427851	5.92773962612254	5.96885768446263	5.61238240179586	7.32229489712318
511.494634262306	502.323030507193	606.122240516401	633.152082930837	741.826487969442	691.684530423946	670.369904827221	499.291151107984	522.944893176492	427.399823603419	859.052119992551	790.653231612356	817.737644889624	1229.7275216864	1237.11848368129	905.306180457481
13.4186357596391	11.6100112276655	14.5889045762161	10.1020504277083	23.3238474722382	19.351897002933	19.1114743132506	25.3297470525449	22.2357701379567	19.760665785919	20.7034190516808	26.3177211713925	24.6531502053882	23.5373187830984	23.6608352783884	23.4550473932306
42.6911343359312	48.7450505244945	46.2039070596578	36.2337435911288	62.6493006352539	57.4554119666499	54.2779202714789	65.7978187831597	65.0106785586979	61.9142605147741	76.635705391936	77.2128324492688	74.2121315881063	78.7271309212369	62.9663548763009	85.3699353512645
845.910754361159	956.658868434724	1090.3309627628	1127.59895132635	1178.84167424717	1149.70433274291	1129.34484971551	883.676702531105	969.351118290824	820.447352476315	1270.28154342602	1190.8030605879	1256.44726417528	1650.48329203858	1665.66897031772	1281.59173192074
34.2642029276047	31.3143177933299	36.2202220648867	31.2422965823856	50.8220966764522	48.590512566928	44.1656804465807	49.2519606536233	44.8366969276391	30.6464842049091	49.3051563847658	55.91997977179	50.2773962612254	55.6574345290889	61.7631246845281	53.5404506967823
310.578848579574	302.627462043632	325.747086913247	311.937787191712	443.485268108669	380.324379577574	383.90675277264	365.37565895612	356.850833883188	414.892713079473	508.839736202999	465.028387007984	491.802866761805	591.229309232954	597.60163675403	487.598696909619
10.3139768197293	10.8521532828322	12.9249570770876	11.5701230773387	24.0630477196633	20.5960934099115	19.4133322184715	21.7842060247871	20.112193124161	14.8967894710511	20.0678248887234	22.0331837423876	20.4293733829974	11.4700929779748	10.6258415341827	16.9147423272411
1746.26184693499	2075.2571950086	2089.80876057265	2314.68249581746	2185.48457119068	2302.91887746112	2414.50488119326	1970.64992428232	1936.64044807475	1617.4282286411	2167.10490735897	2067.7050543909	2115.98584753179	2675.66510786503	2671.97048737039	2164.96893616706
36.925339161813	32.8300336829964	37.8841695640153	37.7018162407592	25.9849683629686	26.1949772413148	24.8467745124467	30.4646685410217	29.9716578310695	65.6200710403878	39.7712439404041	29.433748392487	32.6783261679306	42.3479943028497	46.5222089220722	29.7773422903538
5.87874976271535	11.6100112276655	9.87438666201871	10.1020504277083	11.7923236124066	11.7311940101897	9.45202134618363	13.266756889139	14.044830227602	7.02194210412216	16.2542599109787	12.425433144013	15.5016337568749	16.971328271487	15.8398390318649	16.6967321583748
28.0548850477851	24.8725252622473	30.396405817937	21.8466316247512	33.8204909856747	33.9712047849305	30.4311457590323	36.9444504193377	36.6457570172844	26.7090605214446	41.6780264292765	35.9254717697671	36.1981401865896	48.0266887993785	50.7335145932771	45.038054110996
32.4901121047991	34.7246785450795	24.5725895709872	28.5997658130509	34.8553713320699	29.4609928096334	28.3181404224864	34.5400030556858	36.0390207276285	19.5290526280682	41.042432266319	36.8343130425864	36.3389327473359	31.1680645128088	35.8936755614122	38.4977490450065
316.344643753692	306.037822795382	374.55621355435	347.465145312767	559.983227102866	557.777892122884	570.304009246511	441.910441141513	465.911681948837	454.96178938767	593.373759876339	549.161121977535	549.527816667812	882.7947797891	869.53166009469	663.532903184736
147.362492881461	114.29976275257	135.502422846221	110.811834192352	168.059255918074	158.546370033654	156.154963283514	167.069881472563	169.672688524342	211.073134170723	204.390132146382	202.632928098321	192.337090054301	294.517521789328	283.157479970729	242.555267103879
280.419304591879	280.270652671051	293.854759846617	365.375631638258	273.912731349349	289.031468215525	313.573860856184	205.785559361873	249.306826541679	167.761473652614	228.542710338765	194.583191110494	191.069957007584	445.535303556389	476.476464115565	217.266087515386
414.363161713701	479.587292162195	460.804158925844	482.527829078761	565.009788785356	566.642791522606	598.37679443205	473.37202359472	538.11330041789	368.801694667153	677.272189386721	620.440244660071	665.96326440505	941.356316784553	944.733547080492	674.869431965785
352.713505621207	322.331768609297	423.642664778641	439.366493179628	496.707685923277	483.748205907662	516.724231069812	407.799891253774	438.305180769493	262.954481529314	566.043210869169	515.274325948132	531.506368892278	800.453709589434	772.070014561091	579.162967833472
431.660547236055	481.860865996695	519.596970561718	560.629294039097	659.62742045577	710.347476528624	843.032626613544	629.457335506356	665.982973462872	467.237286753766	639.136539609275	604.860108554598	589.512903919778	1037.36174561649	1000.48321263263	617.314747385077
150.023629115669	126.804418842319	144.099484925052	144.57750513385	255.876245312177	227.443746070089	246.259547991936	221.801624004503	234.290103372695	199.49247627818	294.008909123382	290.271193691603	285.119387586151	485.996001844156	487.506074206816	401.70269037629
11.6445449368335	17.6728747863314	20.4127208231659	15.3871119663776	24.2108877691484	21.9958143677624	24.243058702005	20.3578389446546	20.5672453414029	24.1613157850852	22.6102015405531	24.2403696906629	20.8517510652365	32.7651973399575	33.286676812571	25.4171389130275
89.2610184345777	69.5861440074088	82.810752040485	74.4036324815184	98.4265926106291	91.9818622603036	91.5573715662531	103.698429769536	108.392323269095	101.52011050727	95.0679361177019	119.279199934044	114.478803961565	151.307944954995	150.802158875718	137.256355541448
1047.27006274959	1169.99587990528	1374.31133594739	1324.32068637681	1309.82795809089	1345.04316863854	1507.1200180994	954.302249670234	1033.05842870469	759.069865645839	1410.11225927666	1290.38609719538	1358.09949303415	2705.30079476879	2713.88300571715	1953.7170825356
130.065107359106	98.7636748834888	124.13211493551	111.105448722278	162.589174087128	145.48230776038	149.966876226486	174.772263705279	179.683837303664	203.198286803794	225.364739523978	225.873297788984	225.282549268949	334.268383265029	323.265153029824	285.72128053941
311.909416696678	294.669953622883	353.202220648867	346.584301722989	383.16652791878	383.279346044148	414.092543294725	369.287980090198	418.73793542809	388.952039400178	579.390688291275	552.017480263538	568.957190050809	956.262889837941	933.904475354537	629.741327010457
703.983488536712	767.573311198829	857.932962051181	921.481551318241	986.501769867152	1014.70902258574	1063.9926132352	782.975186673754	838.599447869976	716.916270916984	1135.53558087904	1043.96027779383	1107.48873490563	1667.51937552816	1629.77260292983	1198.09383724494
61.3190879753898	53.292198193494	53.6916708057361	55.3186880363236	83.0512274641869	73.7854898082429	76.7663342104318	79.6947094781644	78.2071928587139	111.942702610558	76.0001112289785	87.9890932555538	92.9375421673719	80.3242637483856	87.2314970770531	99.3225861587088
215.221466853774	215.094869415392	193.463260732531	193.317517101578	184.913021559367	177.209316138332	185.435180089936	221.190323827303	219.880116493368	259.711897319402	264.77157762734	269.757347819398	283.99304710018	490.432481919569	461.436086718404	340.441832924855
29.8289758705907	36.9982523795792	34.5562745657582	35.9401290612028	44.6128145980813	44.7023987951202	43.2601067309181	46.1954597676252	47.1119580138488	59.8297420941165	53.1187213625105	57.4779933823372	58.8657424667532	92.0365711474761	78.4078090040523	75.341467583414
396.178730779944	333.320708809379	316.872700251228	292.559228216591	653.270298327914	576.440838227561	587.358980891489	583.976602322704	583.92189028691	757.448573540883	671.551841920104	684.83814056269	708.060240068211	811.278720973442	805.76045993073	713.02121151739
87.0434049060708	101.795106662822	100.282200781334	90.8460461573786	147.953009188111	134.75111375019	137.137915254601	130.025090734266	129.779777479466	161.27630523279	185.322307257659	171.991993757559	186.142217381461	287.064235262634	271.125178053001	244.517358623676
1202.94653245078	1351.12392872043	1467.49239589859	1489.33205219527	1432.38735911398	1523.11877938734	1819.69387895558	1356.2932461967	1396.34178213617	1229.24457608307	1513.07851367576	1424.37526770244	1492.97876622916	2090.58211551955	2076.97315753873	1593.56428356844
62.649656092494	65.417925310826	67.2805753819522	67.9441128231448	147.213808940686	144.549160455146	144.986220790342	143.147667871485	135.998824448439	99.6672052444631	131.932397569234	148.751624066896	137.85036904546	186.26740794925	191.711985395994	179.332318132647
67.084883149508	65.417925310826	62.5660574677548	55.0250735063976	107.29699557973	100.691237109153	101.21682453332	113.397725914437	112.7911613691	100.825271033717	131.932397569234	115.514000375222	121.096054316644	145.984168864499	145.38762301274	141.616558918774
24.0631806964726	22.5989514277475	23.1859666550468	19.2041008554166	37.6643322722853	35.0598766410367	30.8839326168635	41.1827983145884	41.1962791897037	8.41162105122727	34.6864906367446	38.5221611206792	36.1981401865896	19.4557571137183	17.2436075889333	32.6114744856159
83.4952232604596	73.7543627039917	87.2479453714943	81.4503811997442	128.733802755058	110.022710161492	116.762506652194	115.802173278089	116.886631324278	168.919539441868	118.584920147127	114.08582123222	118.984165905448	166.037058805366	173.061917423515	158.403341921481
86.5998822003694	70.7229309246587	81.1468045413564	81.4503811997442	78.1725058311812	78.29570178354	76.1626183999901	80.1022429296308	88.9767620001062	82.9910578792017	110.957790191638	97.9863472565652	108.706308970964	136.22391269859	124.331094656715	123.303704734004
12.5315903482363	13.5046560897486	14.03425540984	12.7445811970429	26.8720086598787	25.5728790378256	24.9977034650571	34.6215097459791	31.9435507724511	17.4445342074105	24.5169840294255	28.3950726521222	25.2163204483736	14.1319810232227	12.4306868218419	27.3792304328243
38.6994299846186	32.8300336829964	37.6068449808272	37.4082017108331	70.336983208475	66.6313604681165	62.880870570273	63.3526180743612	66.2241511380098	45.0064999916619	65.8306046216594	69.0332609938958	68.4396365975056	52.285709671775	44.9179019997084	71.6352947126866
17.853862816653	15.3993009518317	18.7487733240374	14.5062683765994	29.9766496990642	30.5496646657396	30.7330036642531	31.8095289308608	35.4322844379726	15.128402628902	35.322084799702	32.2901066784903	34.2270443361406	22.6500227680157	24.8640654701612	33.2655049922149
17.4103401109516	15.7782299242483	11.5383341611472	13.6254247868212	37.8121723217703	31.0162383183566	28.6199983277072	36.1701368615515	38.6176499586661	16.9813078917088	30.2373314960425	34.6271270943111	31.5519856819597	16.4389506624375	21.0538365295472	33.7015253299475
346.060665035686	331.426063947296	398.406127708525	389.158408562269	552.295544529645	700.238380721923	556.116687701132	429.154644110614	416.310990269467	366.022336772943	517.102460321445	471.779779320355	506.445293079426	829.379559681127	811.576072524299	721.30559793431
23.1761352850698	22.2200224553309	17.362150408097	13.9190393167472	37.0729720743452	32.1049101744628	34.6571564321241	40.0009513053358	29.8199737586555	38.5213315718381	42.3136205922339	36.964147510132	28.8769270277789	27.9737988585114	23.4602969130929	34.1375456676801
21.8455671679656	20.7043065656644	21.2446945727302	14.2126538466733	30.5680098970043	21.0626670625285	25.7523482281092	31.6465155502743	25.2694515862362	34.5839078883736	25.1525781923829	28.9144105223046	30.1440600744962	22.6500227680157	22.0565283560246	32.8294846544822
25.3937488135768	28.2828860139969	24.2952649877991	27.7189222232727	49.639376280572	50.7678562791404	49.1463358827246	51.5749013269819	54.6961616345476	41.3006894660483	51.8475330365956	53.1934559533323	53.7972102798843	33.8299525580567	30.4791396984344	54.1944812033813
16.5232946995488	15.3993009518317	13.7569308266519	15.0934974364515	22.5846472248131	15.3082586802529	19.1114743132506	20.765372396121	17.3818798207094	9.10646052477983	17.5254482368936	20.4751701318404	18.1766924110557	12.7123073990905	12.029610091251	21.4929558734338
38.6994299846186	40.4086131313288	36.4975466480748	39.7571179502417	67.5280222682596	64.1429676541594	57.2964993236874	69.1395930851843	61.5219448931765	70.9471736709574	60.1102571550424	72.4089571500815	78.5767009712434	48.559066408428	50.1318994973907	69.4551930240234
21.4020444622642	21.8410934829143	17.9167995744732	17.7360282057862	32.0464103918545	30.705189216612	31.4876484273052	34.0102095687795	34.9772322207307	26.2458342057429	34.0508964737871	37.3536509127688	35.9165550650968	25.8442884223132	27.2705258537069	32.8294846544822
96.8009044315015	96.4901010489891	99.172902448582	103.4714709442	175.746938491295	165.70049937378	151.476165752591	171.389736058107	182.565834679529	186.522139438533	189.771466398361	190.947826019217	180.36972239086	193.188316866894	188.302833185971	210.289762111664
75.0682918521331	68.8282860625756	63.398031217319	69.7058000027013	101.531233649815	94.159205972516	96.9908138602283	99.5008352194321	97.0160178380469	103.836242085778	91.2543711399572	111.748800816399	108.002346167232	117.058318772806	114.504714757237	111.749165784089
61.3190879753898	51.7764823038275	49.8091266411029	48.2719393180979	53.7788976661526	56.0556910087991	50.8065543614392	51.900928088155	60.0051041690367	66.3149105139403	55.6610980143403	57.0884899797004	61.118423438695	80.146804545369	78.0067322734613	60.9527964382371
41.8040889245284	54.0500561383273	56.742241220805	42.1060341896503	76.841945385816	71.7636706469028	70.8801050586253	75.9861550698201	82.6060309587192	72.8000789337642	82.9916470215104	87.3399209178258	75.7608497563162	112.26692029136	107.485871971896	94.9623827813825
888.932456814194	946.427786179475	1060.65723236167	1121.13943166797	1289.86955141042	1366.66108120979	1510.13859715161	1143.47927784094	1192.47838881178	1047.1966340123	1363.0782912178	1238.32247570959	1273.34237146484	1843.20398651452	1833.51958207003	1368.79579946727
74.6247691464317	51.3975533314109	62.8433820509429	57.0803752158801	91.6259503343181	88.2492730393681	89.5952951823177	89.964552455118	87.0048690587245	160.349852601386	112.228978517553	111.229462946217	115.605144447536	127.350952547764	117.111713506078	120.469572538742
1060.13222121493	1163.93301634662	1224.27873644264	1262.95524962227	1468.75601128729	1517.83094465768	1626.95760647207	1332.33027925048	1341.28046384989	1006.6643313884	1542.3158451718	1479.29524747423	1582.80441998534	2219.59495611256	2251.44153534579	1641.52652071903
16.9668174052502	21.083235538081	22.6313174886706	19.2041008554166	33.3769708372197	26.8170754448041	28.3181404224864	33.3581560464332	29.3649215414135	25.3193815743395	35.9576789626595	31.381265405671	29.299304710018	32.942656542974	27.0699874884114	31.957443979017
27.6113623420837	30.17753087608	33.4469762330059	24.1955478641598	48.7523359836619	39.7256131672062	43.8638225413598	48.2738803701039	46.3535376517789	51.7232815693366	35.322084799702	55.0111384989707	51.2629441864499	45.8971783631802	46.5222089220722	49.3982574883223
406.379753011076	380.30790138904	398.683452291713	367.724547877666	801.849548060361	771.624149572315	737.98607559669	747.682789776763	762.150675373332	658.54975513857	889.560639814508	910.10094175431	916.010852290582	1088.82491449128	1062.04849077834	983.571831080489
184.174877454676	182.506977787563	173.773215326177	172.470885476827	226.751755563628	224.644304154387	226.48785519997	238.836522275799	210.324019931287	255.774473635937	255.873259345935	277.936919274771	298.776265978548	420.336096728043	399.068655111512	349.162239679508
205.907490034045	182.885906759979	193.740585315719	198.015349580395	313.38602456185	296.496646657396	280.973207092333	269.931324622686	262.655024914109	319.00486572922	372.822585330105	385.829361805167	409.861596407424	671.263409793406	641.920615484329	510.053744302849
25.8372715192782	29.4196729312467	23.1859666550468	26.2508495736423	46.2390551424165	38.0148431076107	38.4303802473846	36.455410277578	38.4659658862521	51.0284420957841	48.6695622218084	44.8840500304137	49.9958111397327	63.820557867849	60.9609712233462	48.526216812857
67.084883149508	51.3975533314109	56.4649166376169	48.85916837795	52.1526571218174	48.590512566928	50.2028385509975	70.0769200235571	70.1679370207731	91.0975184039815	88.7119944881274	81.3675354107281	90.5440686346839	83.6959886056995	88.6352656341214	60.2987659316381
48.0134068043479	51.7764823038275	47.8678545587863	44.1613358991328	102.86179409518	92.7594850146652	89.1425083244864	97.0963878557803	92.7688638104556	120.975615766741	96.9747186065742	103.958732763663	103.496984223349	83.1636109966499	76.2018869858021	105.862891224698
42.2476116302298	47.6082636072447	37.6068449808272	32.4167547020899	77.4333055837561	74.7186371134768	67.4087391485856	81.7731300806431	80.9375061621654	80.6749263006932	87.4408061622125	73.7073018255375	80.2662117001997	56.1898121381385	44.7173636344129	79.7016709607403
1206.05119139069	1413.26828019676	1528.22647961678	1557.15700860819	1804.50076366778	1834.47893023371	2064.34971113708	1712.72200284923	1767.51270733317	1610.24822074772	2205.87615129938	2123.27420650042	2344.06979594089	3599.69517797206	3659.82247481589	2466.91302004691
5574.30631984374	6694.78029773965	7088.0297233715	7890.71603364353	7573.36733462279	8275.83925371233	8620.55248358119	7265.03925231794	6663.26782856666	5565.50611736673	6927.70518791024	6330.81979625077	6565.87552248119	7796.25041090678	7845.65977362828	6544.79322869136
2326.38954599242	2806.21118280026	2937.86733596182	3284.49128816328	2312.33133364882	2520.65324868236	2626.10727275307	2324.75574026149	2189.49779678885	1537.7533023404	2228.75754116584	2031.74090688077	2118.94249130747	2597.93797694379	2713.28139062126	2102.83603804016
77.7294280863415	80.1961552350743	80.0375062086041	69.9994145326273	101.826913748785	101.002286210898	96.5380270023971	101.864529237937	109.454111775993	82.9910578792017	114.771355169383	127.458771389417	127.43171955023	172.425590113961	165.040382811696	140.962528412175
51.1180657442577	53.292198193494	42.8760120614008	47.6847102582457	76.1027451383909	68.1866059768396	73.4458972530025	74.967321441154	79.1172972931977	54.5026394635469	75.3645170660211	85.5222383721874	87.1650471767713	96.8279696289222	97.0578769765312	86.4599861955961
84.8257913775638	69.2072150349922	72.2724178793377	72.9355598318881	119.567719686987	102.402007168749	108.1595563534	117.880593880567	113.54958173117	98.7407526130597	138.923933361766	130.055460740329	140.243842578148	141.370229586069	141.176317341535	138.128396216913
14.3056811710419	12.7467981449153	12.0929833275234	11.8637376072647	19.4800061856277	17.4856023924653	14.4326767823275	19.0944852451088	17.0785116758815	32.2677763098651	18.161042399851	20.605004599386	22.6820543549392	10.0504193538426	12.029610091251	16.4787219895085
15.1927265824447	14.2625140345818	5.43719333100935	9.80843589778221	13.8620843051969	14.5306359258913	13.8289609718859	13.7150436857521	17.0785116758815	40.6058499924957	11.8051007702766	15.2817914300163	13.952915588665	10.2278785568592	9.82368807300078	14.9526508074443
175.304423340648	189.706628263478	189.303391984709	190.087757272391	189.052542944947	179.542184401416	205.357801834511	229.626266272658	221.700325362335	256.46931310949	306.085198219574	280.403774158137	324.822889716624	543.315324418493	544.258431585434	381.863765009455
69.7460193837163	51.7764823038275	60.9021099686263	53.8506153866933	65.9017817239244	58.5440838227561	61.824367902	61.7632376136422	60.9152086035206	50.5652157800824	68.3729812734892	74.875812033448	73.5081687843745	81.9213965755343	88.8358039994168	71.8533048815529
35.5947710447089	33.208962655413	30.396405817937	29.1869948729031	45.7955349939615	43.3026778372694	37.5248065317221	47.0105266705581	52.2692164759239	47.5542447280213	52.483127199553	61.1133584736141	50.8405665042108	51.7533320627254	48.126515844436	57.9006540741086
87.4869276117722	66.1757832556592	80.5921553749803	62.9526658144016	128.438122656088	119.354183213831	111.93278016866	126.601809741949	112.032741007031	121.438842082443	115.40694933234	131.094136480694	128.839645157693	68.9668747553281	69.1830442004606	122.649674227405
31.6030666933963	24.4935962898306	24.8499141541753	25.3700059838641	35.74241162898	34.4377784375475	37.2229486265013	44.972859413226	35.8873366552145	43.8484342024077	32.1441139849148	39.1713334584072	40.281124448234	22.8274819710323	25.8667572966386	35.445606680878
26.7243169306809	22.5989514277475	17.362150408097	19.7913299152687	33.3769708372197	29.9275664622504	25.7523482281092	34.5400030556858	29.6682896862415	49.638763148679	32.7797081478723	33.0691134837639	38.4508211585313	21.7627267529331	20.2516830683653	27.3792304328243
6.76579517411814	4.78928972416623	5.15986874782127	4.81698888903896	6.02656168249073	7.22098203489256	6.73530019919603	7.88731532978239	6.91567882414507	13.7387236817969	3.54237665182978	6.06354423427851	6.91328755134705	3.48442884223132	4.40915221002303	6.88627455939055
17.4103401109516	17.2939458139148	17.362150408097	18.9104863254905	25.6892882639986	23.2400107747409	22.2809823180695	25.4520070879848	24.6627152965803	32.2677763098651	27.6949548442127	24.1105352231173	26.6242460558372	10.7602561659087	13.0323019177283	22.364996548899
11.2010222311321	13.8835850621652	12.6476324938996	13.6254247868212	17.8537656412924	16.7079796381037	17.1493979293151	21.9472194053736	24.0559790069244	19.5290526280682	16.2542599109787	22.2928526774788	20.4293733829974	11.1151745719418	9.42261134240983	20.8389253668348
55.5532928012717	44.1979028554951	58.1288641367454	52.676157266989	58.2140991507033	53.1007245422252	50.5046964562184	65.3495319865467	68.3477281518054	106.615599979989	110.957790191638	112.787476556764	128.698852596947	109.959950652145	112.098254373692	80.3557014673392
64.867269621001	58.9761327797434	54.2463199721122	54.7314589764715	99.9049931054793	89.8045185480912	92.1610873766948	97.9929614490064	96.8643337656329	96.8878473502528	86.1696178362976	103.049891490844	100.962718129914	61.5135882286342	55.1453586297775	93.2183014304519
28.0548850477851	29.7986019036634	30.1190812347489	22.4338606846034	63.388500882679	59.943804780607	51.5611991244913	58.9920101436706	62.7354174724883	66.5465236717912	55.6610980143403	64.6188890973453	58.1617796630214	55.6574345290889	54.7442818991866	67.2750913353603
12.9751130539377	10.8521532828322	13.4796062434638	10.3956649576344	21.1062467299629	20.5960934099115	17.3003268819256	22.3139995116934	22.3874542103706	22.5400236801293	20.0678248887234	26.9668935091205	20.9925436259829	15.5516546473548	17.0430692236378	26.7251999262254
63.9802242095982	59.7339907245766	53.1370216393599	55.0250735063976	135.534445031369	121.064953273426	117.517151415246	120.203534553926	126.442727886358	73.7265315651676	142.73749833951	124.862082038505	121.800017120375	119.720206818054	108.087487067782	138.782426723512
5.43522705701396	7.4417925310826	5.71451791419744	5.99144700874325	11.4966435134365	11.420144908445	9.15016344096278	12.3294299507663	9.49430805518267	7.25355526197301	11.8051007702766	12.0359297413762	11.2778569344842	10.2278785568592	9.02153461181889	13.2085694565137
27.1678396363823	18.0518037587481	23.7406158214229	18.9104863254905	20.2192064330528	18.5742742485715	17.451255834536	21.1729058475875	22.6908223551986	32.0361631520142	23.2457957035106	23.2016939502981	20.0069957007584	26.3766660313627	28.8748327760706	30.6493829658191
80.3905643205498	81.7118711247408	89.7438666201871	85.8545991486353	134.943084833429	130.70747542751	133.666549344561	139.113086701967	137.212297027751	89.0129999833239	174.517206487383	159.008547002999	169.387902652644	237.553117621025	222.193816920906	206.583589240937
146.918970175759	132.488353428568	150.477950338378	150.156181202445	301.115300454593	284.054682587611	267.087743452174	259.009428123386	253.857348714098	206.672484171557	345.492036322935	327.663520344736	348.898417604251	394.249593884614	386.635276463193	373.143358254802
129.621584653405	115.43654966982	123.854790352321	123.143644449247	181.956220569666	164.767352068547	168.832995302789	165.602761047284	167.094059293304	149.000807866695	185.322307257659	206.138458722052	216.412617941928	297.711787443626	303.411854865572	251.711694196264
165.546923815218	152.571588966649	172.941241576612	166.598594878306	191.270143687222	181.097429910139	169.738569018452	182.352385902554	204.560025179556	225.896376273178	304.178415730701	262.746286571935	276.812626502116	459.199662188661	438.173636344129	369.437185384075
4.54818164561117	2.89464486208312	5.15986874782127	5.69783247881718	6.61792188043081	6.75440838227561	7.79180286746899	8.9876556487417	8.28083547587086	1.4632263157017	8.62712995548934	8.40056465009935	9.16596852328878	9.6955009478096	7.01615095886417	7.10428472825687
7.65284058552094	5.54714766899948	6.26916708057361	5.11060341896503	10.7574432660114	9.24280119623264	9.3010923935732	10.6177894546074	9.03925583794074	14.8967894710511	10.5339124443617	12.425433144013	12.404197420455	10.4053377598757	11.0269182647736	9.93841692351898
16.5232946995488	22.5989514277475	20.9673699895421	13.6254247868212	37.5164922228003	35.2154011919091	37.6757354843325	37.3519838708041	35.5839685103866	24.1613157850852	33.4153023108297	39.1713334584072	41.2666723734585	22.8274819710323	24.8640654701612	36.5356575252096
126.516925713495	108.994757138738	131.065229515212	112.279906841982	207.532549130575	212.668913737219	226.789713105191	181.781839070501	181.504046172632	270.829328896243	200.576567168638	185.754447317393	186.705387624447	283.337591999287	299.200549194367	229.910677309632
114.098289953856	93.4586692696561	93.9037353680083	87.0290572683396	139.526126367465	136.461883809785	138.194417922873	146.978482315269	132.510090782917	141.820799973318	157.356164087531	162.124574224093	173.752472035782	257.783466764908	269.520871130637	210.50777228053
248.042147075677	264.73456480197	290.804189431548	252.627652146645	323.439147926832	284.365731689356	322.327740107588	272.947072163538	305.733301479678	321.55261046558	364.559861211659	313.641397849811	342.281167249172	774.544665949022	810.372842332526	423.721717431788
967.435975723341	1116.56689479454	1217.34562186294	1215.97692483409	1480.43537519661	1446.9117494599	1578.35848373152	1190.75315821105	1237.52855831873	1104.86831031716	1497.18865960183	1420.73990261117	1512.5489321729	1888.1011648777	1946.42268173138	1450.54961279214
166.433969226621	144.6140805459	164.62150408097	161.900762399488	229.856396602813	196.649884997371	247.91976647065	240.670422807398	242.48104328305	241.646071007035	240.618999434957	212.630182099332	230.773459138057	226.018269424951	224.800815669747	206.801599409803
23.6196579907712	23.3568093725808	20.690045406354	20.965788034973	27.1676887588488	21.6847652660177	28.9218562329281	32.1763090371806	28.7581852517576	45.9329526230653	28.9661431701276	32.8094445486727	30.848022878228	32.0553605278914	32.4845233513891	31.5214236412843
104.784313134127	98.7636748834888	95.5676828671368	99.9480965850869	211.672070516155	189.340231106372	172.002503307608	152.846964016386	155.717753862256	133.019499974986	153.542599109787	167.317952925917	166.994429119956	144.032117631317	151.002697241013	179.550328301513
39.5864753960214	41.9243290209953	32.6150024834416	31.5359111123117	49.491536231087	49.2126107704173	46.2786857831266	54.63140221298	57.2747908655852	55.1974789370994	44.8559972440637	53.5829593559691	51.8261144294353	22.6500227680157	23.0592201825019	52.8864201901834
9.87045411402791	8.57857944833247	9.87438666201871	5.99144700874325	12.5315238598317	9.39832574710495	11.1122398248983	14.1225771372185	10.7077806344945	8.18000789337642	13.0762890961915	12.0359297413762	12.1226122989623	6.14631688747915	7.81830442004606	9.28438641692003
21.4020444622642	15.7782299242483	12.9249570770876	14.7998829065255	19.6278462351127	19.81847065555	17.9040426923673	22.2324928214001	26.7862923103759	34.3522947305227	23.2457957035106	20.4751701318404	20.7109585044902	10.5827969628922	11.62853336066	21.0569355357011
10.7574995254307	8.57857944833247	6.54649166376169	5.40421794889111	16.0796850474722	11.7311940101897	13.3761741140546	15.9564776688174	15.7133550241557	22.3084105222784	14.9830715850638	14.2431156896515	16.346389121353	8.27582732367742	10.2247648035917	10.3744372612516
57.3273836240773	44.1979028554951	41.4893891454604	36.820972650981	46.0912150929315	41.5919077776739	41.2980303469826	47.8255935734909	49.5389031724724	114.258834189067	49.9407505477233	52.0249457454219	56.6130614948115	73.0484364247081	71.9905813145972	56.3745828920444
100.349086077113	90.4272374903231	102.223472863651	100.241711115013	152.240370623177	141.905243090316	136.685128396769	127.824410096348	123.409046438079	176.794386808797	135.110368384021	139.922880273795	149.113773905169	176.684610986357	171.457610501151	155.351199557352
20.07147634516	10.4732243104156	19.0260979072255	15.6807264963037	27.4633688578188	27.4391736482934	23.9412007967841	30.2201484701418	33.7637596414189	26.4774473635937	34.0508964737871	33.1989479513095	30.9888154389743	22.2951043619827	26.468372392525	34.1375456676801
63.5367015038968	51.7764823038275	64.2300049668833	49.7400119677282	82.1641871672767	78.1401772326677	69.2198865799107	83.6477839573886	86.8531849863105	87.6233210362187	82.9916470215104	86.5609141125522	86.6018769337858	66.6599051161133	67.9798140086877	92.7822810927193
22.289089873667	15.7782299242483	14.03425540984	14.2126538466733	18.2972857897475	18.1077005959545	20.1679769815236	23.9441333175591	19.2020886896771	30.1832578892074	30.8729256589999	25.6685488336645	23.386017158671	26.1992068283462	25.2651422007521	26.2891795884927
151.797719938475	116.57333658707	125.796062434638	104.645929063904	192.305024033618	172.38805506129	164.757913582308	193.355789092147	195.307296762303	156.644042075773	212.652856264829	229.378828412715	229.365533530593	266.301508509701	259.895029596455	259.996080613184
337.633733627359	319.300336829964	372.060292305657	355.099123090845	808.354510237702	715.946360360027	703.423345448903	607.654295852903	576.489370738626	607.13163409568	794.857109533849	770.918392545424	831.676108403514	990.51251602013	1009.70797743623	805.893543454441
167.764537343725	175.686256284063	192.908611566155	177.755947015496	251.884563976081	229.932138884046	206.565233455395	209.005073628457	227.919372331308	249.752531531815	307.356386545489	302.865137043526	312.714729492437	491.142318731635	514.378215156409	336.735660054128
566.047927063578	617.896367094263	696.807379218904	710.959933361246	554.80882537089	544.558305298737	608.941821114779	532.09759395103	578.006211462765	645.11619198322	763.077401385977	683.150292484597	744.103135619279	1038.42650083459	1054.82910962771	755.533194446322
24.9502261078754	22.2200224553309	23.4632912382349	17.7360282057862	23.0281673732682	18.7297987994438	24.243058702005	30.6276819216083	27.8480808172738	10.0329131561832	34.6864906367446	27.0967279766661	24.9347353268809	20.697971534834	19.4495296071834	26.7251999262254
48.9004522157507	42.6821869658286	55.0782937216765	48.2719393180979	88.3734692456476	71.7636706469028	72.3893945847296	84.055317408855	82.4543468863052	67.2413631453437	89.3475886510849	88.1189277230994	84.6307810833368	68.7894155523116	72.7927347757791	97.1424844700456
63.5367015038968	43.4400449106618	46.758556226034	47.3910957283197	84.233947860067	75.6517844187107	73.7477551582234	90.4535925968777	84.1228716828589	81.1381526163949	79.8136762067232	90.8454515415571	90.9664463169229	95.763214410823	87.632573807644	98.2325353143772
36.4818164561117	22.5989514277475	26.2365370701157	26.8380786334945	50.8220966764522	45.6355461003541	49.7500516931663	47.703333538051	49.8422713173003	24.3929289429361	50.5763447106807	51.3757734076939	57.4578168592897	45.1873415511141	40.3055195979126	57.6826439052423
233.405897787531	227.978454477557	208.993437391063	211.815232486921	301.706660652533	284.365731689356	255.315285148561	282.035068131239	278.73353658999	278.009336789619	348.034412974765	360.771309568865	378.605647921733	743.666764624147	736.173647173201	535.124913722476
135.830902533224	132.867282400985	147.427379923309	123.143644449247	154.310131315967	145.015734107763	161.588405577489	134.548712045544	134.026931507057	229.37057364094	168.161264857808	172.121828225104	186.423802502954	300.55113469189	286.165555450162	202.22338586361
933.284727384334	1031.3078760008	1024.60503654722	1095.5949675644	672.933024909422	636.317790313402	755.041047241668	667.683973253906	681.151380704269	693.291728816197	918.797971310551	861.932354294892	934.877055430594	1190.50903781975	1181.76989485974	833.144814562731
73.7377237350289	84.3643739316571	80.8694799581684	81.1567666698181	78.7638660291212	77.9846526817954	74.2005420160546	92.4097531639165	92.3138115932137	112.637542084111	105.873036887978	108.632773595305	114.760389083057	161.068201120903	164.43876771581	130.716050475458
55.5532928012717	72.9965047591584	63.398031217319	56.786760685954	75.9549050889058	76.7404562748169	72.3893945847296	90.8203727031975	88.0666575656223	149.464034182396	111.593384354595	99.6741953346581	107.579968484993	104.991092967682	118.515482063147	101.066667509639
21.8455671679656	18.8096617035813	18.1941241576612	15.3871119663776	27.7590489567889	21.8402898168901	23.9412007967841	27.245154274437	24.2076630793384	23.4664763115327	27.6949548442127	23.7210318204805	27.8913791025544	17.3262466775201	15.6393006665695	24.9811185752948
334.52907468745	396.222918230538	476.888984750753	475.481080360535	471.131357362368	481.415337644578	491.06630912604	541.226343263878	604.854292280039	681.942684081506	697.61120260136	626.282795699623	708.904995432689	1048.54167540653	1082.10232730789	656.338567612148
193.488854274406	212.063437636059	225.35558779916	227.083188043077	134.351724635489	132.262720936233	155.249389567851	128.761737034721	128.869673044982	112.174315768409	129.390020917404	140.96155601416	119.406543587687	113.509134712475	110.694485816623	112.621206459554
203.246353799836	196.906278739394	216.481201137142	208.585472657734	266.668568924583	274.5676849844	250.485558665027	283.216915140491	289.958157948625	221.727339431862	391.254816055871	391.282409442082	386.912409005768	626.366231430225	609.232861941167	464.271608840923
26.2807942249796	17.6728747863314	17.6394749912851	20.6721735050469	20.9584066804779	20.5960934099115	16.6966110714839	24.4739268044654	24.6627152965803	31.1097105206108	21.9746073775957	22.5525216125701	23.5268097194173	17.1487874745035	17.4441459542287	21.4929558734338
25.8372715192782	21.4621645104977	21.7993437391063	18.9104863254905	29.5331295506091	26.1949772413148	28.3181404224864	36.5776703130179	34.9772322207307	40.8374631503466	29.601737333085	32.6796100811271	38.3100285977849	23.5373187830984	24.4629887395703	31.7394338101506
156.67646970119	140.066932876901	145.486107840992	149.568952142593	195.113984973833	173.321202366524	172.908077023271	196.045509871825	198.340978210583	146.453063130335	260.958012649595	244.699295583096	254.567401904191	320.249106226724	328.479150527506	291.171534761067
38.2559072789172	35.8614654623293	29.8417566515608	33.8848273517203	46.2390551424165	38.7924658619723	38.8831671052159	48.5591537861304	44.0782765655692	23.4664763115327	55.0255038513828	54.6216350963339	50.6997739434645	63.9980170708655	63.5679699721873	58.5546845807076
72.8506783236261	73.3754337315751	83.9200503732373	74.1100179515924	120.159079884927	110.955857466726	98.9528902441638	111.645332073131	112.184425079445	160.349852601386	138.923933361766	136.417349650064	133.767384783816	146.694005676565	132.152090903239	143.360640269705
137.60499335603	131.730495483735	134.670449096657	126.373404278433	167.024375571679	159.63504188976	154.645673757409	170.411655774588	170.734477031239	149.000807866695	193.585031376106	205.61912085187	204.72683539998	288.30644968375	284.761786893093	244.953378961408
15.6362492881461	11.9889402000821	13.4796062434638	9.80843589778221	17.4102454928374	14.2195868241467	12.0178135405608	19.7872921126017	19.808824979333	27.635513152848	16.8898540739361	15.8011293001987	15.7832188783676	15.9065730533879	13.2328402830238	17.5687728338401
107.001926662634	79.0593683178244	90.5758403697513	91.1396606873046	146.178928594291	132.72929458885	162.343050340541	138.583293215061	151.015547617422	113.795607873365	163.076511554148	139.663211338704	138.272746727699	319.361810211641	329.481842353984	148.37487415363
15.6362492881461	15.7782299242483	17.362150408097	16.2679555561558	29.6809696000941	24.9507808343363	27.7144246120447	29.1605614963292	33.6120755690049	32.9626157834176	27.6949548442127	29.6934173275782	24.7939427661345	17.6811650835531	15.0376855706831	29.1233117837548
19.6279536394586	22.2200224553309	21.2446945727302	14.7998829065255	33.8204909856747	28.3723209535272	26.6579219437717	29.7718616735288	34.9772322207307	31.3413236784616	32.7797081478723	32.6796100811271	36.1981401865896	28.3287172645445	22.4576050866155	26.9432100950917
17.4103401109516	19.1885906759979	15.1435537425923	13.6254247868212	25.8371283134836	23.0844862238686	18.2059005975881	28.7122746997161	26.17955602072	27.635513152848	21.9746073775957	22.4226871450245	25.35711300912	23.5373187830984	19.248991241888	26.507189757359
21.8455671679656	17.2939458139148	22.3539929054825	20.0849444451948	27.6112089073038	24.6397317325917	24.9977034650571	28.7530280448627	29.6682896862415	54.5026394635469	26.4237665182978	29.5635828600326	30.4256451959889	18.0360834895862	20.0511447030699	23.2370372243643
77.2859053806401	71.8597178419086	71.1631195465854	72.9355598318881	101.38339360033	91.3597640568144	93.2175900449678	100.315902122365	101.869908155294	120.975615766741	112.228978517553	109.671449335669	110.677404821413	134.804239074458	125.534324848488	115.019318317084
20.9585217565628	23.3568093725808	23.1859666550468	20.6721735050469	25.5414482145135	23.2400107747409	27.7144246120447	30.9129553376347	32.853655206935	20.4555052594716	32.7797081478723	26.9668935091205	25.7794906913591	14.1319810232227	13.2328402830238	21.2749457045674
107.888972074036	72.2386468143252	95.0130337007607	76.1653196610749	145.439728346866	130.70747542751	130.647970292352	145.959648686603	155.86943793467	143.905318393976	142.101904176553	154.724009573994	154.463891213531	204.013328250902	196.123829432494	188.706755393899
313.239984813783	352.646086402626	353.756869815244	350.107676082102	510.308970475899	520.607524464401	507.366636007965	514.451395502534	515.209005483379	532.783810425557	765.619778037806	669.647507859854	762.265375955559	1218.54759189636	1206.83719052167	843.609302668314
240.945783784455	202.96914229806	242.82703654001	225.615115393446	342.806194409369	334.133587968496	325.346319159797	342.757552399734	352.148627638355	370.65459992996	458.62779732936	426.727219082031	438.583278799681	646.419121371092	607.829093384099	513.977927342443
12.0880676425349	10.4732243104156	12.9249570770876	12.1573521371908	17.8537656412924	16.5524550872314	16.0928952610422	17.7903782004162	18.2919842551933	42.4587552553026	22.6102015405531	22.4226871450245	23.386017158671	23.7147779861149	23.0592201825019	25.4171389130275
1443.33583894094	1804.70190870313	1933.67502023776	2094.76521290283	1904.58847716914	1962.94220925424	1988.28151902143	1565.11338672809	1719.27717230552	1368.90731026713	2039.35048060453	1926.70482263638	2013.91124099068	2631.47776631391	2676.58286977219	2013.8878891427
138.935561473134	259.050630215721	279.156556937649	271.71259659184	78.6160259796362	89.8045185480912	71.9366077268983	93.1840667217027	89.1284460725202	70.2523341974048	116.042543495298	67.2155784482574	76.464812560048	141.192770383053	140.173625515058	95.8344234568477
89.7045411402791	81.7118711247408	83.3654012068611	78.2206213705574	121.637480379777	102.713056270493	98.0473165285013	120.488807969952	112.184425079445	87.3917078783679	132.567991732191	119.40903440159	114.056426279326	130.190299796028	139.371472053876	119.815542032143
144.701356647252	119.604768366403	119.140272438124	114.628823081391	184.469501410912	188.096034699394	168.9839242554	187.731827461911	184.689411693325	175.173094703841	193.585031376106	204.061107241323	209.936160147596	259.558058795073	235.028272299816	239.50312473975
14.7492038767433	13.5046560897486	17.0848258249089	12.7445811970429	23.7673676206933	19.1963724520607	18.3568295501985	25.4927604331314	23.4492427172685	34.5839078883736	26.4237665182978	20.4751701318404	26.9058311773299	19.6332163167349	24.0619120089793	23.6730575620969
2510.0079461528	3162.40441687189	3022.45133383418	3248.37670098238	3318.08719029542	3511.03358863725	3806.37168216657	3107.79051390906	3041.50723153815	2867.2128284043	3277.48791004563	3178.69859317863	3378.89511742663	3826.66549863019	3902.47389682341	3013.9005337325
39.14295269032	38.5139682692457	44.5399595605293	44.1613358991328	57.9184190517332	49.057086219545	53.0704886505955	59.0327634888173	60.6118404586926	37.5948789404347	65.8306046216594	64.748723564891	64.3566523358612	76.7750796880551	68.9825058351651	75.9954980900129
1147.06267153241	1296.55815669244	1308.86273431501	1380.10744706277	1168.78855088218	1108.49032676175	1157.87042175888	1083.57186047538	1159.56294509795	931.390055086874	1536.59549770519	1450.21232674402	1474.39414821064	2110.63500546042	2157.7901187528	1541.24184304053
71.5201102065219	68.0704281177423	65.6166278828237	64.4207384640319	93.5478709776234	90.5821413024528	83.4072081252904	101.864529237937	103.690117024262	135.567244711345	110.957790191638	108.632773595305	115.464351886789	150.598108142928	141.978470802717	145.104721620635
74.1812464407303	58.9761327797434	58.6835133031216	52.676157266989	95.9133117693837	96.4920742356007	103.027971964645	115.761419932942	114.30800209324	71.4103999866591	112.228978517553	121.486385882319	120.673676634405	145.806709661482	151.403773971604	128.753958955662
12.0880676425349	8.95750842074909	8.76508832926637	5.69783247881718	18.2972857897475	16.3969305363591	13.9798899244963	18.7684584839356	18.4436683276073	39.9110105189432	20.7034190516808	20.4751701318404	20.0069957007584	25.3119108132636	24.2624503742748	21.4929558734338
92.3656773744875	93.0797402972395	82.810752040485	74.1100179515924	113.654117707586	105.512498186195	101.367753485931	126.398043016215	117.645051686348	156.412428917922	162.440917391191	147.193610456349	148.832188783676	169.053865256647	153.409157624559	163.417575805406
16.5232946995488	15.3993009518317	13.7569308266519	12.4509666671169	30.7158499464893	26.8170754448041	21.6772665076278	26.5523474069441	20.112193124161	7.25355526197301	30.8729256589999	26.9668935091205	26.9058311773299	18.5684610986357	17.4441459542287	25.6351490818938
8.98340870262512	7.82072150349922	15.1435537425923	11.8637376072647	19.4800061856277	18.2632251468268	16.8475400240943	19.9910588383349	21.1739816310588	28.7935789421023	21.9746073775957	20.7348390669316	21.6965064297147	28.1512580615279	28.6742944107752	24.7631084064285
322.997484339213	338.625714423211	361.244633561322	366.843704287888	493.011684686151	495.257022672214	497.858111993509	450.713163693187	457.569057966068	478.123105172756	641.678916261105	621.219251465344	641.042981152945	1169.92377026983	1152.09021679601	788.888750282868
20.07147634516	13.1257271173319	19.3034224904136	23.9019333342338	22.8803273237832	20.4405688590392	23.6393428915633	20.6023590155345	24.6627152965803	9.10646052477983	20.7034190516808	21.254176937114	22.9636394764319	41.9930758968167	41.9098265202763	27.8152507705569
51.5615884499591	47.9871925796613	44.8172841437174	47.0974811983936	67.6758623177446	55.1225437035652	55.4853518923623	59.3587902499904	59.3983678793808	62.145873672625	72.8221404141913	73.7073018255375	69.8475622049692	74.4681100488403	71.3889662187108	70.9812642060876
104.784313134127	92.7008113248228	88.0799191210586	92.0205042770829	91.7737903838031	76.4294071730722	73.2949683003921	86.215244701627	83.819503538031	98.0459131395071	103.966254399106	102.400719153116	111.803745307384	137.466127119706	139.572010419171	115.455338654816
1213.59107738762	1387.50111007242	1480.80397589162	1510.17868382002	989.606410906338	1022.01867647674	1109.57315692355	1007.77063850263	1039.88421196332	1071.05278927094	1214.98485124872	1172.62623513152	1234.90600238108	1690.58907192031	1687.32711376963	1240.16979983614
1807.91150302749	2025.61749962202	2060.13503017153	2169.63691803398	2855.79135555576	2808.99576599963	3185.6009000799	2297.85853246471	2581.75280805139	1696.17670231039	2580.24111328131	2254.14734978639	2445.44043967827	4348.7504739048	4338.24376461047	2732.01338538835
33.3771575162019	35.8614654623293	41.2120645622723	31.5359111123117	61.3187401898887	54.033871847459	59.7113625654541	61.9670043393754	58.7916315897249	23.9297026272344	56.2966921772977	68.3840886561678	67.4540886722811	68.6119563492951	71.7900429493017	70.7632540372213
35.5947710447089	31.3143177933299	38.4388187303914	34.7656709414985	69.0064227631098	63.9874431032871	58.3530019919603	66.3276122700661	73.9600388311225	63.5355526197301	76.635705391936	72.6686260851727	77.0279828030335	76.7750796880551	80.8142693875979	77.5215692720771
19.6279536394586	8.95750842074909	13.2022816602757	13.038195726969	19.7756862845977	21.0626670625285	17.3003268819256	22.1917394762535	26.482924165548	4.70581052561364	19.4322307257659	18.1381497160196	21.1333361867292	14.4868994292557	14.0349937442057	14.7346406385779
121.194653245078	95.3533141317392	107.215315361036	101.122554704791	167.615735769619	146.88202871823	153.589171089137	160.753112974834	153.59417684846	201.808607856689	191.042654724276	186.014116252484	181.636855437578	233.471555951644	229.613736436838	203.313436707942
8.53988599692373	7.82072150349922	10.706360411583	10.3956649576344	10.7574432660114	9.70937484884958	9.15016344096278	12.6962100570861	14.044830227602	4.24258420991193	9.26272411844679	10.477916130829	11.1370643737378	6.5012352935122	5.21130567120492	11.0284677678506
91.4786319630847	88.1536636558234	81.1468045413564	77.9270068406313	223.351434425472	182.030577215373	135.326767823275	192.662982224654	189.08824979333	253.921568373131	150.364628295	147.193610456349	159.391630839653	355.740946830029	397.063271458558	218.79215869745
32.4901121047991	22.5989514277475	22.3539929054825	23.9019333342338	45.4998548949914	41.4363832268016	40.5433855839305	44.4838192714663	44.9883810000531	39.4477842032415	42.9492147551914	49.4282563945098	50.6997739434645	53.1730056868576	59.7577410315734	49.180247319456
42.6911343359312	47.6082636072447	40.1027662295199	34.4720564115724	51.7091369733623	56.0556910087991	51.1084122666601	59.3587902499904	61.6736289655905	69.5574947238523	74.0933287401062	62.6713720841613	64.6382374573539	79.436967733303	82.2180379446663	71.6352947126866
1120.89483189602	1354.15536049976	1400.65717135026	1464.66843168148	1335.99564684974	1322.8031578638	1457.9171795484	1173.22921979799	1158.04610437381	1011.75982086112	1386.59527524723	1351.66796587691	1465.94659456586	1842.67160890547	1884.05525012448	1360.29340288148
124.299312184988	128.699063704402	139.662291594042	133.126538466733	141.004526862315	132.107196385361	135.477696775886	163.320573719072	171.492897393309	156.412428917922	196.127408027936	211.202002956331	234.434065717462	289.903582510899	265.109027094137	231.872768829429
299.934303642741	293.91209567805	343.218535654096	307.239954712895	458.712793205626	481.726386746322	521.252099648124	454.951511588438	468.338627107461	523.750897269374	485.322752173573	477.492495892362	509.683521976592	1054.75274751211	1084.30824932614	712.803201348524
130.952152770509	102.174035635238	138.830317844478	111.69267778213	185.800061856277	176.276168833098	171.247858544556	205.255765874966	189.543302010572	200.187315751733	222.822362872148	234.312538179448	225.564134390441	316.522462963377	285.563940354275	242.119246766146
2195.55034781051	2412.50398045939	2421.21163748241	2659.97318301052	3396.14673642352	3085.67394200147	3830.36938563162	2979.86576349375	3138.43335381068	2538.09053109824	3321.97950145265	2934.22029079026	3151.51513182126	6063.71621185647	6235.93831540153	3842.55718559336
213.447376030969	201.074497435977	227.851509047853	200.070651289878	331.866030747478	371.770529279596	321.271237439315	294.953878542724	290.716578310695	311.361631520142	294.64450328634	286.246325197689	294.552489156157	516.341525559981	533.83043659007	427.645900471382
22.289089873667	19.9464486208312	20.4127208231659	19.4977153853426	30.4201698475193	25.4173544869533	26.5069929911613	34.3769896750993	33.9154437138328	81.8329920899474	29.601737333085	29.8232517951238	29.4400972707644	24.9569924072305	19.4495296071834	26.2891795884927
65.3107923267024	65.417925310826	63.9526803836952	67.6504982932187	131.986283843729	116.554741298129	115.706003983921	122.078188430671	111.577688789789	106.152373664287	136.381556709936	148.232286196713	128.558060036201	159.825986699788	151.203235606309	161.237474116743
134.50033441612	109.373686111154	112.207157858422	110.518219662426	150.614130078842	131.640622732744	137.892560017653	160.549346249101	148.133550241557	147.611128919589	182.144336442872	187.31246092794	191.492334689823	264.704375682552	244.253037103408	208.981701098466
60.8755652696884	72.2386468143252	85.8613224555539	81.4503811997442	70.7805033569301	69.7418514855627	66.8050233381439	76.6789619373129	80.9375061621654	72.1052394602116	94.4323419547444	97.2073404512916	111.381367625145	151.485404158011	141.978470802717	109.351053926559
1138.63574012408	1351.88178666526	1430.0535771682	1507.53615305068	1573.2789262732	1625.29840931045	1783.32000137647	1330.98541886064	1440.63353128105	1456.2254707769	1596.34134902319	1384.51608616594	1476.22445150034	1962.27911173861	1933.18714962188	1467.11838562598
24.9502261078754	24.8725252622473	24.5725895709872	22.4338606846034	33.0812907382496	26.9725999956764	27.4125667068238	28.4677546288363	30.1233419034834	19.5290526280682	36.5932731256169	36.0553062373127	29.299304710018	23.8922371891314	26.8694491231159	31.5214236412843
783.374052857262	855.484832799486	1014.89867613564	1027.18278209163	1424.99535663973	1410.51900455578	1605.07290834356	1118.25295719517	1228.12414582907	1160.68708135922	1407.56988262483	1294.93030355948	1340.50042294085	2070.88414398472	2061.73224177627	1387.10865365204
39.14295269032	22.2200224553309	31.7830287338774	29.4806094028292	28.0547290557589	24.9507808343363	23.4884139389529	35.6810967197918	34.3704959310748	45.0064999916619	26.4237665182978	28.9144105223046	30.2848526352425	19.8106755197514	19.4495296071834	25.4171389130275
741.682918521331	907.398102020563	828.813880816433	877.145757299404	461.521754145842	419.983140050014	427.676149029663	512.902768386962	585.590415083464	630.292949880766	848.247019222274	802.208499223914	899.538122683258	1163.89015736727	1198.01350244867	779.950333359349
83.938745966161	84.3643739316571	81.4241291245445	84.9737555588571	45.9433750434465	41.9029568794186	39.1850250104367	54.0201020357804	53.9377412724777	81.8329920899474	76.0001112289785	77.8620047869968	76.7463976815407	78.1947533121873	78.0067322734613	67.0570811664939
1934.75899685809	2074.12040809135	2361.30952751379	2375.75431804208	2835.24158867734	2897.95580909859	3143.49172230159	2471.26401606366	2532.60716858926	2037.34288382469	2711.8091050135	2603.14239854897	2680.98639380693	3666.06491990024	3655.2100924141	2781.93771405873
17.4103401109516	24.4935962898306	19.3034224904136	20.3785589751209	19.3321661361427	17.7966514942099	15.3382504979901	21.9472194053736	16.6234594586395	30.1832578892074	23.2457957035106	21.7735148072964	19.866203140012	20.1655939257844	22.8586818172065	19.3128541847706
28.9419304591879	37.7561103244125	21.7993437391063	18.9104863254905	29.9766496990642	30.705189216612	27.7144246120447	34.7845231265657	36.3423888724564	16.9813078917088	30.2373314960425	36.0553062373127	36.6205178688286	28.3287172645445	33.0861384472756	31.0854033035517
36.0382937504103	33.208962655413	34.2789499825701	29.1869948729031	47.4217755382967	45.3244969986095	39.3359539630472	45.9509396967454	45.443433217295	21.8451842065767	58.8390688291275	52.0249457454219	53.5156251583916	54.2377609049568	45.7200554608903	43.2939727600654
24.506703402174	21.083235538081	24.8499141541753	23.3147042743816	34.8553713320699	33.3491065814413	36.6192328160596	40.5714981373887	37.1008092345263	37.8264920982855	34.6864906367446	38.911664523316	40.5627095697267	34.8947077761558	34.8909837349348	41.5498914091349
15.1927265824447	26.3882411519138	26.7911862364919	23.9019333342338	41.9516937073509	37.8593185567384	35.2608722425658	43.7910124039734	37.4041773793543	35.2787473619261	41.6780264292765	38.1326577180424	37.4652732333068	26.9090436404123	27.8721409495933	39.587799889338
9.42693140832652	13.1257271173319	13.7569308266519	15.6807264963037	18.0016056907775	13.5974886206574	15.1873215453797	17.9126382358562	12.0729372862203	6.09548947271875	14.3474774221063	14.7624535598339	11.4186494952305	10.7602561659087	10.4253031688872	14.5166304697116
32.4901121047991	25.6303832070805	25.6818879037395	21.2594025648991	28.2025691052439	27.283649097421	28.0162825172655	30.7499419570482	33.6120755690049	36.4368131511804	26.4237665182978	29.0442449898502	30.4256451959889	17.6811650835531	18.2462994154106	23.8910677309632
123.412266773585	144.993009518317	124.686764101886	133.713767526585	175.00773824387	166.944695780759	166.569061013633	179.092118290823	183.020886896771	213.620878907082	251.424100205233	224.055615243345	259.213556408821	354.321273205896	351.942139267076	284.413219526212
19.6279536394586	19.5675196484145	20.690045406354	20.3785589751209	37.9600123712553	38.170367658483	33.6006537638511	39.9194446150425	36.4940729448704	40.3742368346449	33.4153023108297	43.0663674847753	47.0391673640591	40.2184838666515	37.8990592143669	42.4219320846002
148.693060998565	141.582648766567	133.006501597528	121.088342739764	114.097637856041	117.643413154235	119.781085704402	138.909319976234	137.515665172579	190.227949964146	168.796859020765	147.063775988803	169.95107289563	217.145309274124	196.32436779779	160.583443610144
1402.97527272211	1467.83405222475	1793.62610572778	1831.09936502922	2108.01638526052	1977.09494338362	1925.6460036881	1439.63383702159	1665.8843788158	1432.60092867612	2638.08018211044	2418.64762016667	2522.45397040653	4074.75346444729	4040.4442921467	2912.74381537852
477.786908629	495.123380031277	537.068419302567	560.042064979244	611.283724274168	622.476105285766	609.09275006739	488.043227847511	502.770911545433	492.94634727521	696.975608438402	635.630877362906	698.908723619698	1257.58861656	1286.85199827457	873.040675465266
50.2310203328549	54.8079140831605	57.5742149703693	63.2462803443276	62.944980734224	71.2970969942859	80.5395580256923	49.0889472730368	65.4657307759399	45.0064999916619	56.2966921772977	49.1685874594186	45.6312417565956	67.0148235221464	70.3862743922334	49.6162676571886
187.723059100288	155.224091773566	202.060322811361	190.381371802318	320.038826788676	312.049101744628	301.197686742129	271.194678322232	280.857113603786	308.813886783783	412.229423433467	376.87078354452	403.525931173838	494.159125182916	492.720071704498	421.105595405392
63.5367015038968	74.5122206488249	85.5839978723658	73.5227888917402	49.9350563795421	46.2576443038433	46.1277568305161	56.1800293285524	52.4209005483379	105.689147348585	55.6610980143403	75.6548188387216	77.8727381675116	91.1492751323934	95.253031688872	67.2750913353603
32.4901121047991	25.6303832070805	28.4551337356204	23.0210897444555	42.838734004261	35.681974844526	31.9404352851365	40.0417046504824	37.7075455241822	38.0581052561364	37.8644614515318	43.7155398225033	42.9561831024148	29.9258500916932	24.0619120089793	38.0617287072738
52.0051111556605	40.7875421037455	37.6068449808272	41.2251905998721	59.5446595960685	61.1880011875855	60.013220470675	66.898159102119	70.6229892380151	77.6639552486321	70.2797637623615	71.8896192798991	79.984626578707	88.1324686811126	84.8250366935074	81.4457523116708
389.082367488721	574.319535266351	386.758495214626	481.059756429131	217.733512545041	213.291011940708	261.201514300367	249.065611907606	289.806473876211	330.585523621763	374.729367818978	342.854153047572	385.926861080543	771.882777903774	781.094240999387	436.366307226034
2635.52487186629	3226.82234218271	3145.58344876969	3647.69246168184	2462.98034407406	2677.57752051252	2747.90693750968	2396.35936768414	2420.05758685809	1782.56841018876	2393.37642937182	2125.22172351361	2193.28096338154	3050.99132224497	3093.70266958677	2166.71301751799
660.961786083677	777.046535509245	875.127086208843	910.617813710977	789.726664002589	773.645968733655	740.702796743678	598.240273124029	653.848247669753	522.129605164418	733.204475726977	711.843709812175	754.521785114509	1247.47344198805	1240.32709752602	915.116638056466
20.07147634516	16.5360878690816	17.9167995744732	16.5615700860819	24.3587278186334	22.7734371221239	20.7716927919653	23.1290664146262	19.960509051747	22.7716368379801	13.7118832591489	21.5138458722052	26.4834534950908	18.0360834895862	20.8532981642518	22.5830067177653
67.9719285609108	60.1129196969932	51.1957495570433	51.2080846173586	102.27043389724	99.602565253047	90.1990109927593	102.394322724844	100.95980372081	140.894347341915	81.7204586955955	108.373104660213	103.778569344842	89.0197646961952	84.0228832323255	108.69702341996
3533.65835091162	4423.85896604683	4518.6174601339	4902.60096258588	4950.38917665955	4864.563754879	4951.77150352706	4320.32479205707	4052.17820603248	3744.33185718547	5198.88906466599	5065.06357214869	5599.33459295744	6319.08000499725	6351.84949054231	5215.58522911343
581.127699057426	628.506378321928	653.544744241563	649.300882076771	742.270008117897	801.018289687183	817.978420480214	670.984994210783	760.027098359537	568.452236734588	1011.59471910234	975.927016799931	1055.95865767246	1863.61179486142	1868.41325763144	1202.2360304534
1571.07037818294	2021.44928092544	1667.4434203772	1817.88671118254	1213.28840577718	1218.75723333022	1339.28702279661	1290.63960716546	1268.32042501877	1043.49082348669	1424.09533086172	1322.06570727651	1416.80999086538	1546.49219907089	1551.96371719518	1165.61032208386
879.618479994465	1002.13034512472	1020.16784321621	1029.23808380111	991.084811401188	1010.97643336481	1016.90278002075	936.533791186298	957.216392497706	1059.00890506269	1288.71377415178	1272.85844407672	1401.60439430477	1661.30830342258	1679.5061175231	1306.88091150924
20.5149990508614	27.5250280691636	22.0766683222944	18.9104863254905	28.2025691052439	24.3286826308471	24.5449166072258	29.6496016380889	27.0896604552039	18.1393736809631	39.1356497774467	37.8729887829512	35.4941773828578	37.2016774153706	37.8990592143669	37.8437185384075
169.53862816653	182.885906759979	179.04238240675	174.819801716236	209.15878967491	198.982753260456	178.039661412025	224.002304642421	220.183484638196	250.91059732107	328.330993923084	316.238087200723	342.421959809919	410.220922156101	416.314954526923	319.948877051421
74.6247691464317	51.0186243589943	62.0114083013786	54.1442299166194	80.2422665239715	74.8741616643491	82.199776504407	86.215244701627	87.7632894207944	66.5465236717912	82.9916470215104	89.5471068661011	88.8545579057275	86.3578766509473	89.4374190953033	96.9244743011793
23.6196579907712	9.33643739316571	14.5889045762161	13.3318102568951	21.993287026873	20.5960934099115	20.6207638393548	29.6496016380889	29.0615533965856	16.2864684181562	21.3390132146382	28.784576054759	25.2163204483736	15.7291138503714	14.4360704747966	23.4550473932306
126.073403007794	135.898714180318	151.58724867113	140.466901714885	198.957826260444	193.383869429052	180.756382559012	202.973578546754	209.565599569217	199.26086312033	252.059694368191	252.619198103378	253.300268857474	490.964859528619	460.232856526631	344.148005795582
125.186357596391	113.541904807737	103.887420362779	104.058700004052	144.700528099441	136.306359258913	129.138680766248	157.941132159716	165.577218569164	155.94920260222	169.432453183723	167.707456328554	159.814008521892	270.737988585114	252.274571715227	202.877416370209
489.318498977237	475.798002438029	537.345743885756	475.481080360535	848.419163648142	905.219738771633	823.411862774189	753.388258097292	789.90886062509	695.144634079004	935.323419547444	876.993152530182	865.46632298264	1790.14368481258	1722.22078933104	1310.15106404223
11.6445449368335	13.8835850621652	11.5383341611472	13.038195726969	17.7059255918074	20.2850443081669	17.3003268819256	24.6776935301986	20.263877196575	37.3632657825838	18.161042399851	22.5525216125701	21.9780915512074	18.7459203016523	16.4414541277514	23.8910677309632
36.925339161813	37.7561103244125	40.380090812708	41.5188051297982	53.7788976661526	58.8551329245008	52.9195596979851	51.4118879463953	49.5389031724724	86.6968684048153	56.2966921772977	49.8177597971466	50.4181888219717	67.5472011311959	65.5733536251421	58.3366744118413
20.5149990508614	25.6303832070805	21.2446945727302	16.2679555561558	37.2208121238302	38.0148431076107	36.1664459582283	36.6184236581645	38.6176499586661	49.8703763065298	39.7712439404041	43.4558708874121	44.3641087098783	37.3791366183871	28.6742944107752	45.038054110996
85.2693140832652	83.9854449592405	79.4828570422279	88.790744447896	128.733802755058	117.487888603363	105.442835206412	109.485404780359	117.948419831176	133.019499974986	161.805323228234	140.182549208886	142.918901232329	193.720694475943	188.302833185971	166.469718169534
12.0880676425349	13.1257271173319	18.7487733240374	13.9190393167472	25.0979280660585	19.351897002933	22.1300533654591	24.7999535656385	23.6009267896825	23.003249995831	24.5169840294255	24.8895420283909	26.9058311773299	16.2614914594209	16.2409157624559	24.9811185752948
28.4984077534865	15.3993009518317	16.8075012417208	17.1487991459341	26.2806484619387	23.2400107747409	23.4884139389529	30.9129553376347	31.6401826276232	17.9077605231122	25.7881723553404	25.9282177687557	23.6676022801637	23.8922371891314	22.0565283560246	32.1754541478833
20.5149990508614	21.8410934829143	24.5725895709872	24.1955478641598	48.7523359836619	51.0789053808851	42.505461967866	49.29271399877	46.8085898690208	18.1393736809631	41.042432266319	54.4918006287883	44.0825235883856	33.8299525580567	34.4899070043439	58.3366744118413
30.2724985762921	16.9150168414982	27.9004845692442	21.5530170948252	29.0896094021541	26.3505017921872	26.05420613333	32.6245958337937	25.7245038034781	23.9297026272344	28.9661431701276	31.9006032758534	33.9454592146478	35.7820037912384	33.8882919084574	36.3176473563433
60.432042563987	53.6711271659106	52.5823724729837	51.7953136772108	64.4233812290742	66.4758359172441	58.5039309445707	72.5628740775022	81.3925583794074	87.6233210362187	100.788283584319	86.8205830476434	92.5151644851329	128.770626171896	115.507406583715	97.7965149766446
344.730096918582	331.047134974879	363.740554810015	357.74165386018	613.649165065929	604.746306486323	580.71810697663	565.189310210103	587.865676169674	566.36771831393	868.586032436913	809.219560471377	848.712008253823	1344.01124842904	1270.40785232034	930.377349877108
8.09636329122233	19.9464486208312	13.2022816602757	10.6892794875604	13.2707241072568	11.1090958067004	14.1308188771067	15.997231013964	16.3200913138116	9.56968684048153	13.7118832591489	14.1132812221059	19.3030328970266	19.9881347227679	24.2624503742748	17.1327524961074
19.6279536394586	17.2939458139148	18.4714487408493	17.1487991459341	37.2208121238302	32.2604347253351	30.5820747116427	37.1889704902175	36.0390207276285	39.9110105189432	33.4153023108297	39.560836861044	36.9021029903214	30.2807684977262	26.468372392525	35.2275965120117
23.6196579907712	20.3253775932478	21.7993437391063	23.9019333342338	37.2208121238302	34.4377784375475	34.5062274795137	42.6906720850141	32.853655206935	64.9252315668352	28.9661431701276	40.0801747312264	38.4508211585313	24.424614798181	23.4602969130929	35.2275965120117
193.932376980107	218.126301194725	217.313174886706	230.900176932116	161.258613641763	169.433088594716	182.265672085117	190.951341728495	191.666879024368	167.066634179061	222.822362872148	231.975517763627	263.859710913451	386.441388951887	420.726798563423	265.010314497109
16.5232946995488	7.82072150349922	10.1517112452068	11.2765085474126	18.0016056907775	13.2864395189128	14.2817478297171	16.2417510848439	17.3818798207094	27.635513152848	13.0762890961915	16.9696395081091	15.3608411961285	11.1151745719418	11.2274566300691	13.8625999631127
31.6030666933963	24.114667317414	28.4551337356204	28.0125367531988	35.74241162898	35.8374993953983	30.5820747116427	37.5557505965373	39.8311225379779	22.3084105222784	34.6864906367446	38.0028232504968	41.5482574949512	21.5852675499166	20.6527597989563	32.6114744856159
68.8589739723135	51.7764823038275	53.6916708057361	50.0336264976543	98.5744326601141	87.4716502850065	93.5194479501886	98.2374815198862	97.3193859828749	103.141402612226	96.3391244436168	99.5443608671125	104.904909830812	80.5017229514021	75.3997335246202	98.0145251455109
18.2973855223544	13.1257271173319	13.2022816602757	12.7445811970429	19.4800061856277	18.7297987994438	17.9040426923673	25.0037202913717	20.4155612689889	20.9187315751733	19.4322307257659	18.657487586202	21.4149213082219	12.889766602107	16.6419924930468	23.019027055498
15.6362492881461	14.6414430069984	18.1941241576612	16.5615700860819	22.1411270763581	21.0626670625285	20.9226217445757	25.1259803268117	24.6627152965803	22.3084105222784	23.2457957035106	22.4226871450245	24.7939427661345	12.0024705870244	13.8344553789102	18.4408135093053
935.502340912841	1074.12684988388	1197.10092729021	1264.71693680182	1792.37787961	1682.53144403146	1567.79345704879	1173.71825993975	1310.79196529468	1230.63425503017	2188.71510889953	1960.33194973069	2129.64272592419	3235.19397497612	3307.27602862645	2438.57169809429
70.1895420894177	90.0483085179065	70.6084703802092	77.0461632508531	85.8601884044023	78.29570178354	79.0302684995881	85.0333976923744	74.4150910483645	73.4949184073168	110.322196028681	102.660388088207	111.240575064399	116.525941163756	126.135939944375	108.261003082228
54.2227246841675	47.9871925796613	43.707985810965	37.7018162407592	74.0329844456006	68.1866059768396	66.9559522907544	80.2652563102174	70.4713051656011	98.9723657709105	84.8984295103827	78.3813426571792	87.7282174197567	99.3123984711535	95.8546467847584	94.5263624436498
249.816237898483	235.55703392589	246.986905287831	225.027886333594	332.457390945418	307.538889769331	303.159763126065	316.879178231617	335.918431890059	244.657042059097	457.356609003446	467.105738488714	479.413121416125	755.556531226254	765.45224850634	599.873933875772
142.927265824447	119.604768366403	116.367026606243	117.271353850725	197.331585716108	176.120644282225	160.531902909216	185.082860027379	186.964672779535	171.698897336078	245.703752738616	238.726910075999	233.870895474477	284.047428811353	279.347251030115	268.934497536703
240.945783784455	288.986019036634	273.055416107511	270.24452394221	346.05867549804	339.421422698155	330.779761453772	305.712761661437	331.822961934882	309.508726257335	413.500611759382	436.724473083043	443.229433304311	789.806157408443	774.677013309932	535.560934060208
15.1927265824447	15.3993009518317	14.3115799930281	13.6254247868212	22.5846472248131	20.7516179607839	23.7902718441737	26.226320645771	23.7526108620964	11.4225921032884	30.8729256589999	25.5387143661189	29.299304710018	30.6356869037593	29.2759095066616	29.5593321214875
1394.10481860808	1569.3870168324	1482.46792339075	1717.1769274179	1891.43071276497	2102.75878048845	2280.02718441737	1984.05777483557	1922.83719748508	1477.99710761488	1717.73983414806	1585.62967639408	1591.95593643385	2300.69381189112	2318.82242608507	1670.95789351599
216.99555767658	221.157732974058	252.256072368405	232.661864111672	354.929078467141	331.956244256284	320.365663723653	313.415143894152	320.143288359006	303.718397311064	447.822696559084	416.470296145929	433.373954052066	598.150218150598	590.983870699279	501.333337548197
12.0880676425349	12.3678691724987	13.4796062434638	11.8637376072647	23.1760074227532	21.9958143677624	21.9791244128486	20.3985922898013	20.263877196575	35.0471342040753	21.3390132146382	23.5911973529349	27.1874162988226	15.0192770383053	14.2355321095012	24.3270880686959
7.20931787981954	18.8096617035813	13.4796062434638	12.1573521371908	20.5148865320228	20.7516179607839	18.2059005975881	22.8437929985998	22.9941905000265	46.1645657809162	27.0593606812552	22.1630182099332	18.1766924110557	12.1799297900409	14.0349937442057	19.5308643536369
16.5232946995488	18.4307327311647	17.362150408097	14.5062683765994	26.2806484619387	30.238615563995	26.6579219437717	31.8095289308608	31.9435507724511	12.8122710503935	36.5932731256169	33.1989479513095	23.2452245979246	15.5516546473548	19.248991241888	26.2891795884927
34.7077256333061	39.271826214079	37.3295203976391	38.8762743604635	18.5929658887175	20.2850443081669	18.3568295501985	24.1886533884389	24.5110312241663	18.8342131545156	34.0508964737871	40.8591815365	37.4652732333068	32.0553605278914	37.6985208490714	34.1375456676801
89.2610184345777	77.5436524281579	72.8270670457139	77.3397777807792	130.951403497334	142.060767641189	146.948297174278	122.037435085525	139.639242186374	119.585936819636	130.661209243319	135.63834284479	130.106778204411	243.40927132057	235.228810665112	169.08584019593
170.869196283635	146.8876543804	147.427379923309	126.373404278433	186.095741955247	175.498546078736	180.152666748571	207.089666406565	205.166761469212	245.815107848351	224.093551198063	214.837368047608	218.66529891387	297.711787443626	297.195165541413	246.261439974606
130.952152770509	113.920833780154	120.249570770876	104.352314533978	167.911415868589	152.169863447889	152.683597373474	167.762688340056	174.981631058831	148.305968393142	206.932508798212	203.54176937114	215.990240259689	292.92038896218	281.35263468307	236.232972206756
197.480558625718	177.959830118563	217.867824053082	196.547276930765	175.59909844181	189.962329309861	193.434414578288	234.883447796575	260.379763827899	248.36285258471	363.288672885744	317.276762941088	346.364151510817	512.614882296634	492.519533339202	312.972551647699
90.5915865516819	79.0593683178244	81.1468045413564	74.1100179515924	92.6608306807132	87.4716502850065	86.8785740353301	99.8268619806052	100.20138335874	98.0459131395071	128.754426754446	138.494701130793	136.724028559489	186.444867152266	173.262455788811	162.327524961074
33.8206802219033	26.3882411519138	24.5725895709872	24.782776924012	32.0464103918545	27.4391736482934	28.9218562329281	36.4146569324313	38.6176499586661	19.9922789437699	33.4153023108297	33.5884513539463	40.281124448234	27.2639620464453	26.6689107578204	31.957443979017
18.7409082280558	12.7467981449153	18.7487733240374	17.4424136758601	24.3587278186334	20.5960934099115	22.1300533654591	26.8783741681172	22.5391382827846	33.1942289412685	21.9746073775957	26.1878867038469	27.8913791025544	16.4389506624375	12.6312251871374	19.3128541847706
228.527148024816	214.337011470559	265.567652361433	251.746808556867	135.238764932399	127.908033511808	131.553544008015	157.207571947076	170.582792958825	185.364073649278	248.881723553404	218.083229736248	236.82753925015	583.598563503243	599.607020406985	298.801890671388
72.8506783236261	62.7654225039096	65.6166278828237	62.6590512844755	104.488034639515	98.3583688460685	97.1417428128387	110.504238409025	96.257597475977	154.327910497264	107.144225213893	111.748800816399	100.962718129914	64.3529354768985	63.1668932415964	96.706464132313
17.4103401109516	22.2200224553309	17.6394749912851	12.7445811970429	24.0630477196633	18.4187496976992	22.2809823180695	25.1259803268117	18.5953524000212	45.2381131495128	27.6949548442127	20.3453356642948	21.5557138689683	15.3741954443383	11.2274566300691	18.222803340439
72.8506783236261	69.2072150349922	68.1125491315165	72.641945301962	116.758758746772	112.977676628066	104.83911939597	105.573083646282	103.99348516909	106.152373664287	116.678137658255	116.812345050678	113.915633718579	130.367758999045	137.165550035626	130.498040306592
28.0548850477851	22.2200224553309	21.7993437391063	21.5530170948252	44.4649745485963	39.7256131672062	45.5240410200745	44.402312581173	45.291749144881	71.1787868288082	46.1271855699786	47.8702427839626	46.4759971210737	39.1537286485523	40.3055195979126	55.7205523854455
107.888972074036	95.7322431041558	111.375184108858	110.224605132499	172.64229745211	161.6568610511	166.569061013633	191.603395250842	182.565834679529	186.753752596384	190.407060561319	206.527962124689	218.806091474616	218.38752369524	198.129213085449	225.550473932306
12.0880676425349	13.8835850621652	9.59706207883062	7.7531341882997	19.7756862845977	15.9303568837421	12.9233872562233	15.0191507304446	17.2301957482955	33.6574552569702	13.7118832591489	17.3591429107459	20.1477882615047	12.534848196074	16.0403773971604	18.4408135093053
29.8289758705907	32.4511047105797	35.6655728985106	36.2337435911288	41.3603335094108	32.4159592762074	33.2987958586303	44.0762858199999	42.5614358414295	26.9406736792955	37.2288672885744	42.6768640821385	43.6601459061466	32.587738136941	31.0807547943208	35.0095863431454
67.9719285609108	59.35506175216	66.1712770491999	56.786760685954	70.48482325796	61.4990502893301	67.2578101959752	67.468705934172	60.1567882414507	76.9691157750795	69.6441695994041	67.345412915803	64.7790300181003	67.1922827251629	71.7900429493017	62.4788676203013
7211.34862658759	7836.11436265852	8841.55306286976	9710.83250465526	13500.2749184773	14646.5914310949	15584.1124991208	11689.7929482694	11474.0798692483	8149.15089319298	10952.2874277568	10125.3619447386	9962.49605048709	12373.2781751089	12465.6626333054	10498.407641082
649.873718441142	697.092522329337	767.525147931866	880.962746188443	645.434775705208	719.52342503009	748.85296018464	729.343784460774	724.533025414666	420.683042025744	688.077290156998	616.155707231066	591.624792330973	1042.33060330095	1093.53301412973	684.02585905817
341.181915272971	353.782873319876	342.109237321344	347.758759842693	380.357566978565	402.564390352314	360.965551975856	327.475047969744	345.171160307312	308.813886783783	436.38200162585	406.862545547554	480.821047023589	822.813569169516	861.710663848167	560.414093310968
67.5284058552094	61.2497066142431	52.0277233066076	53.2633863268411	49.0480160826319	45.3244969986095	45.0712541622432	49.4964807245032	51.5107961138541	42.9219815710043	41.042432266319	58.2570001876108	68.580429158252	70.7414667854933	78.0067322734613	58.3366744118413
464.037704752257	686.482511101672	742.843260028126	760.287174388827	383.018687869295	340.043520901644	378.171452573444	366.435245929933	388.704489090123	303.486784153213	500.577012084552	472.81845506072	499.405665042108	794.952474295922	778.086165519955	530.328690007417
295.942599291428	296.943527457383	326.579060662811	310.176100012156	385.679808760026	383.745919696764	371.077791800754	335.910990415098	329.396016776258	309.277113099484	399.517540174318	412.185758716924	444.355773790282	751.297510353857	709.502044588903	600.309954213504
52.0051111556605	39.6507551864956	44.5399595605293	36.2337435911288	71.2240235053851	63.9874431032871	64.9938759068189	75.8231416892335	73.6566706862946	37.131652624733	82.356052858553	78.121673722088	75.6200571955699	96.8279696289222	91.041726017667	92.7822810927193
28.0548850477851	32.8300336829964	30.396405817937	29.4806094028292	52.1526571218174	49.2126107704173	39.9396697734888	48.5999071312771	48.4771146655745	57.7452236734588	54.3899096884254	54.3619661612427	56.7538540555579	38.2664326334697	40.1049812326171	55.2845320477128
802.889051908123	972.194956303806	940.853012424419	1014.85097183473	995.815692984709	1087.65003694486	1272.72735469541	997.093262074207	1011.67097449432	1083.09667347918	1087.86601865723	1027.34146594799	1128.32603389609	1582.33895808023	1568.80893988	1133.78083742938
9.42693140832652	7.82072150349922	7.65578999651403	11.2765085474126	6.91360197940085	6.13231017878636	4.92415276787097	7.8058086394891	6.00557438966121	1	7.35594162957445	8.79006805273616	7.47645779433248	10.4053377598757	9.02153461181889	5.79622371505897
14.3056811710419	10.094295337999	14.5889045762161	10.9828940174865	16.5232051959272	18.8853233503161	16.8475400240943	20.765372396121	19.808824979333	15.3600157867528	20.0678248887234	23.2016939502981	26.6242460558372	24.779533204214	29.0753711413661	24.9811185752948
128.734539242002	130.214779594069	124.686764101886	119.033041030282	128.881642804544	111.266906568471	116.913435604804	120.244287899073	125.684307524288	107.542052611392	172.61042399851	160.696395081091	165.023333269507	247.313373786933	250.870803158158	171.48395205346
107.001926662634	89.2904505730732	107.492639944224	107.582074363165	59.1011394476134	62.432197594564	57.1455703710769	80.5505297262439	74.1117229035365	104.067855243629	80.4492703696806	78.9006805273616	91.1072388776693	148.291138503714	150.401082145127	106.516921731297
12.0880676425349	3.27357383449974	10.4290358283949	6.28506153866933	8.53984252373609	7.6875556875095	8.99923448835236	9.6804625162346	9.64599212759664	2.38967894710511	9.26272411844679	11.2569229361026	11.4186494952305	8.80820493272699	9.22207297711436	12.3365287810485
123.855789479287	133.246211373402	135.779747429409	124.905331628803	164.067574581979	155.280354465335	164.154197771866	158.796952407795	162.088484903643	210.14668153932	215.195232916659	203.671603838686	215.427070016704	239.505168854206	236.63257922218	205.929558734338
1044.16540380968	1123.76654527045	1334.6539205515	1335.18442398408	1782.02907614605	1689.99662247333	1698.3470010568	1283.79304518083	1421.06628593965	1303.59239975319	2157.57099491461	1982.92314708363	2112.46603351313	3058.44460877167	3051.79015124002	2221.21555973457
381.542481491798	477.313718327696	483.822099330455	482.821443608687	467.878876273697	483.437156805918	501.329477903549	495.623350044786	547.972765124798	569.841915681693	658.839958660956	623.036934010983	664.696131358333	808.616832928194	822.405144250254	592.461588134317
16.9668174052502	9.71536636558234	12.0929833275234	15.0934974364515	13.5664042062268	13.7530131715297	13.0743162088338	15.8342176333774	13.1347257931181	8.18000789337642	17.5254482368936	16.0607982352899	20.0069957007584	15.5516546473548	14.0349937442057	13.6445897942464
21.8455671679656	17.6728747863314	19.5807470736017	17.4424136758601	28.350409154729	22.6179125712516	23.4884139389529	25.7372805040113	26.17955602072	62.145873672625	30.8729256589999	30.732093067943	30.5664377567352	27.7963396554949	27.2705258537069	30.8673931346854
24.506703402174	24.4935962898306	27.345835402868	22.7274752145295	20.6627265815078	24.1731580799748	21.2244796497965	29.0790548060359	24.5110312241663	11.1909789454375	30.8729256589999	28.2652381845766	31.6927782427061	35.4270853852054	35.0915221002303	31.303413472418
50.6745430385563	34.3457495726629	46.2039070596578	46.8038666684675	89.5561896415278	85.7608802254111	82.0488475517966	87.4785984011729	92.9205478828696	56.3555447263537	95.0679361177019	96.8178370486548	89.417728148713	125.576360517599	115.306868218419	125.2657962538
24.0631806964726	19.5675196484145	21.7993437391063	24.4891623940859	44.4649745485963	40.3477113706954	37.2229486265013	40.9382782437085	40.5895429000478	7.48516841982386	36.5932731256169	47.3509049137802	45.6312417565956	47.8492295963619	50.1318994973907	53.9764710345149
42.2476116302298	36.240394434746	44.8172841437174	37.7018162407592	72.8502640497204	63.2098203489256	58.5039309445707	65.8385721283064	73.2016184690527	58.9032894627131	65.1950104587019	79.5498528650896	63.6526895321294	89.1972238992117	96.8573386112357	82.7538133248687
27.6113623420837	26.0093121794971	34.8335991489463	30.3614529926074	61.3187401898887	54.033871847459	50.2028385509975	55.0389356644464	50.9040598241982	53.8077999899943	51.8475330365956	54.1022972261515	52.6708697939135	45.3648007541306	40.907134693799	62.0428472825687
34.2642029276047	41.5454000485787	28.4551337356204	27.4253076933466	34.2640111341298	32.727008377952	28.1672114698759	40.7752648631219	42.2580676966015	12.1174315768409	64.5594162957445	66.9559095131662	71.6778654946718	73.2258956277247	69.1830442004606	55.0665218788465
32.9336348105005	44.9557608003283	39.5481170631438	34.1784418816463	56.7356986558531	44.7023987951202	45.5240410200745	56.3430427091389	66.5275192828377	92.0239710353849	63.2882279698296	60.4641861358861	63.9342746536221	45.5422599571472	48.126515844436	50.7063185015202
259.130214718212	231.00988625689	240.885764457693	226.495958983225	320.778027036101	294.008253843439	272.672114698759	327.475047969744	341.985794786618	324.33196835979	383.627686100382	381.155320973525	376.77534463203	667.714225733075	664.982527493309	543.845320477128
27.1678396363823	32.4511047105797	48.6998283083505	40.3443470100939	45.2041747960214	48.2794634651834	45.6749699726849	50.4745610080226	53.3310049828218	22.0767973644276	67.1017929475743	51.2459389401483	52.107699550928	78.7271309212369	70.7873511228243	59.6447354250392
272.879418594956	258.292772270887	266.954275277373	336.601407705502	235.178638384274	295.096925699546	292.141949585504	268.871737648873	246.576513238227	167.066634179061	188.500278072446	165.630104847824	158.687668035921	362.129478138623	363.172287723623	189.578796069364
128.734539242002	112.405117890487	121.636193686817	112.867135901834	189.939583241857	184.51897002933	177.435945601583	189.851001409536	189.391617938158	266.660292054928	224.729145361021	227.820814802168	226.40888975492	332.138872828831	350.738909075304	268.280467030104
59.1014744468828	49.8818374417444	57.8515395535573	61.7782076946973	80.6857866724265	77.5180790291784	67.5596681011961	80.5505297262439	80.9375061621654	105.920760506436	104.601848562064	88.6382655932818	94.4862603355819	104.1037969526	101.068644282441	108.261003082228
1283.66766488844	1457.98189894192	1466.38309756584	1543.35712570167	1531.44019226894	1592.01615542377	1767.92524821021	1445.90985217417	1527.39682070184	1212.10520240211	1534.68871521631	1448.00514079574	1473.12701516392	2001.32013640224	2047.89509457089	1481.07103643342
46.6828386872438	39.271826214079	40.6574153958961	35.9401290612028	60.2838598434936	60.5659029840962	52.3158438875434	60.2961171883631	61.0668926759346	72.5684657759134	64.5594162957445	74.2266396957199	79.7030414572143	97.7152656440048	93.6487247665082	85.5879455201308
19.1844309337572	20.3253775932478	19.0260979072255	18.3232572656384	31.6028902433994	28.2167964026549	29.6765009959802	35.6810967197918	28.7581852517576	26.9406736792955	28.3305490071701	37.2238164452232	34.5086294576333	17.5037058805366	21.0538365295472	30.8673931346854
17.4103401109516	11.9889402000821	20.1353962399778	15.9743410262298	25.6892882639986	26.9725999956764	22.2809823180695	27.8972077967833	24.6627152965803	25.3193815743395	23.881389866468	30.082920730215	21.5557138689683	16.7938690684705	14.2355321095012	24.7631084064285
25.8372715192782	18.8096617035813	26.7911862364919	24.4891623940859	25.8371283134836	23.2400107747409	22.7337691759008	28.2232345579564	29.5166056138275	32.7310026255668	25.7881723553404	29.5635828600326	27.0466237380763	16.616409865454	17.4441459542287	19.3128541847706
201.915785682732	229.494170367224	255.306642783474	233.54270770145	344.28459490422	348.130797547005	405.036806138099	319.894925772468	342.895899221102	333.364881515973	389.348033566999	374.144259726062	430.698895397885	546.50959007279	546.464353603684	376.631520956664
30.7160212819935	21.083235538081	20.9673699895421	22.1402461546773	36.3337718269201	32.1049101744628	31.1857905220844	41.0605382791484	33.6120755690049	59.1349026205639	39.1356497774467	43.8453742900489	37.0428955510677	30.1033092947097	26.067295661934	37.1896880318086
17.853862816653	16.1571588966649	13.7569308266519	13.3318102568951	25.3936081650285	24.4842071817194	22.2809823180695	28.4677546288363	29.8199737586555	37.131652624733	27.0593606812552	25.2790454310277	23.1044320371782	17.5037058805366	18.0457610501151	18.0047931715727
1976.89365389972	2307.9195840724	2185.48574177254	2271.81477444825	2051.68932640673	2271.65844273578	2531.47481946633	2035.40698972034	1959.69642708167	1692.93411810048	1683.41774934836	1684.95304406647	1722.47064024572	1969.7323982653	2022.62726054366	1549.52622945745
33.8206802219033	27.9039570415803	30.1190812347489	29.7742239327552	37.3686521733153	37.5482694549938	33.1478669060199	40.082457995629	41.0445951172897	32.7310026255668	37.8644614515318	40.7293470689544	40.281124448234	24.6020740011975	25.4656805660476	40.6778507336696
34.2642029276047	30.17753087608	28.7324583188085	33.003983761942	40.6211332619857	36.1485484971429	38.4303802473846	41.9978652175212	40.2861747552198	31.3413236784616	39.7712439404041	42.8066985496841	43.0969756631611	26.1992068283462	26.6689107578204	43.7299930977981
1451.31924764356	1645.55174028815	1788.35693864721	1811.13357699424	1346.34445031369	1355.61883809785	1410.0727015709	1265.57629990028	1373.43748720166	1417.31446025796	2010.11314910848	1963.96731482197	2089.23526098999	3329.24735257488	3308.47925881822	2239.96443425707
568.709063297787	564.467381983519	608.063512598717	636.381842760024	585.70739571326	594.637210679622	611.054826451325	571.465325362685	608.343025945561	568.91546305029	791.043544556104	770.399054675242	800.842537600061	1362.28954633974	1359.84796324212	956.756580309932
16.9668174052502	13.8835850621652	17.6394749912851	10.3956649576344	19.4800061856277	14.375111375019	14.583605734938	20.887632431561	17.9886161103653	23.6980894693835	14.3474774221063	20.4751701318404	21.837298990461	14.1319810232227	13.2328402830238	16.0427016517758
63.9802242095982	62.7654225039096	71.4404441297735	56.1995316261019	85.7123483549172	87.9382239376235	88.3878635614343	84.0960707540017	95.9542293311491	68.1678157767471	100.788283584319	93.5719753600147	100.117962765436	107.12060340388	100.66756755185	102.156718353971
355.818164561117	345.446435926711	358.194063146253	336.601407705502	533.815538344017	596.50350529009	531.515268425633	466.036421468324	472.282412990224	372.739118350618	522.187213625105	523.453897403505	578.953461863801	905.687016978232	841.857365683915	675.087442134651
133.169766299016	130.972637538902	111.652508692046	103.4714709442	103.896674441575	101.15781076177	88.5387925140447	116.984020287341	122.953994220837	117.73303155683	172.61042399851	164.591429107459	176.286738129216	331.606495219781	312.837158034459	194.811040122155
20.07147634516	22.9778804001642	27.345835402868	18.9104863254905	32.0464103918545	26.0394526904425	26.6579219437717	32.5430891435004	33.7637596414189	28.0987394685497	30.8729256589999	34.3674581592199	39.7179542052485	33.4750341520236	38.3001359449578	31.957443979017
1468.17311046022	1564.8398691634	1776.98663073649	1829.33767784966	2282.46764365285	2318.31580799748	2435.03121874827	1809.47044422736	1955.44927305408	1853.90526280682	2474.73248223038	2282.45126371133	2351.3910090997	3523.74263908099	3506.41062536485	2549.75688421611
922.6401824475	1061.24326482171	1146.35052856679	1099.70557098337	713.293358418833	634.918069355551	763.945855445683	706.807184594681	810.537894473391	634.693599879932	888.925045651551	926.330250197511	947.689178458513	1577.90247800482	1574.42401410828	911.846485523471
178.409082280558	184.022693677229	183.47957573776	175.700645306014	93.8435510765934	94.159205972516	95.0287374762928	113.519985949877	116.128210962208	133.482726290687	127.483238428532	113.566483362038	135.879273195011	332.493791234864	371.193822335442	181.51241982131
573.587813060502	678.146073708506	702.631195465854	727.695961567033	566.488189280207	530.405571169356	617.544771413573	555.693780790935	673.718861155984	579.80128146928	650.577234542509	549.29095644508	647.660231508023	1221.56439834764	1201.4226546587	588.537405094723
92.3656773744875	84.7433029040738	80.0375062086041	74.1100179515924	120.602600033382	113.755299382428	113.291140742154	131.084677708079	127.201148248428	174.478255230288	142.101904176553	129.406288402601	143.200486353822	213.951043619827	218.383587980292	184.564562185439
177.522036869155	196.527349766978	185.975496986452	167.479438468084	310.13354347318	270.679571212592	275.086977940526	298.947706367095	293.295207541732	331.743589411017	357.568325419127	377.519955882248	359.880237342467	526.811618537956	501.142683046908	437.456358070366
206.794535445448	169.244463752981	194.572559065283	188.619684622761	354.929078467141	338.332750842049	339.382711752566	308.076455679942	331.671277862468	274.303526264006	400.788728500233	411.147082976559	380.999121454421	605.426045474276	596.197868196962	491.08685961148
149.580106409968	144.993009518317	147.982029089685	149.568952142593	264.303128132823	245.173544869533	231.166652730893	241.85226981665	246.424829165813	260.869963108656	345.492036322935	329.481202890375	330.876969828717	467.007867121388	460.032318161336	407.152944597948
178.85260498626	194.253775932478	190.69001490065	185.389924793574	285.000735060726	269.746423907358	253.353208764625	319.487392321002	332.429698224538	330.585523621763	491.04309964019	493.072631997834	489.831770911356	791.403290235591	773.072706387568	605.978218604029
1518.73469891018	1561.05057943924	1857.13343527785	1837.26527015767	1964.31585716108	1993.11397212347	2140.71976115795	1601.70989066978	1654.81144152958	1722.58060230538	2230.02872949176	2069.13323353391	2182.29914364333	3290.20632791124	3325.72555823363	2425.49108796231
349.165323975596	372.350392968291	414.768278116622	396.205157280495	378.73132643423	362.905629879874	366.549923222442	416.358093734568	466.518418238493	528.383160426391	749.72992396387	712.88238555254	802.81363345051	1439.66175885495	1442.26923137856	938.879746462894
96.3573817258001	108.236899193904	88.9118928706228	101.416169234717	116.463078647802	105.82354728794	90.6517978505906	97.2594012363668	102.021592227708	142.28402628902	94.4323419547444	111.878635283945	114.478803961565	161.955497135986	165.441459542287	130.716050475458
308.804757756769	332.183921892129	298.291953177627	318.397306850086	485.02832201396	436.313217891607	413.488827484283	377.194129048646	416.007622124639	353.051999933295	466.25492728485	452.304609188515	553.610800929456	851.739419261209	835.44013799446	545.807411996925
262.234873658122	247.682761043222	300.787874426319	276.116814540731	292.688417633947	272.856914924805	274.332333177474	346.303093427492	362.766512707333	383.393323611757	481.509187195828	494.890314543473	516.582357453164	782.707789287782	738.379569191451	532.726801864946
103.010222311321	104.068680497322	99.172902448582	95.5438786361957	115.871718449862	105.512498186195	107.404911590347	138.787059940794	142.217871417412	159.886626285685	194.856219702021	176.795869056746	199.517510652365	233.294096748628	227.006737687997	181.294409652444
749.222804518255	1021.07679374555	1020.72249238259	1128.47979491612	653.713818476369	665.867454979142	686.972089614368	612.5446972705	637.769735993872	483.913434119027	739.560417356551	657.443067910567	715.803830909261	1202.57626362487	1235.71471512422	752.69906225106
321.223393516408	440.557608003283	466.073326006418	451.698303436523	269.921050013254	245.484593971277	243.090039987117	294.505591746111	289.503105731383	332.67004204242	344.856442159978	340.906636034388	354.670912594852	576.677654585599	586.772565028074	395.1623853103
5345.89212640752	6549.27157233167	6112.40183971582	7221.86213447193	1778.33307490893	2113.95654815126	3295.47717758029	1727.88224724378	1977.74683169894	1947.94020489426	2417.52900756421	2581.84954587149	2515.41434236921	1720.04729962105	1656.84528224471	1340.01845717692
406.823275716777	496.260166948527	499.629600572176	511.595667541442	343.397554607309	345.175831080431	377.265878857782	401.605382791484	412.518888459117	452.414044651311	632.145003816743	576.426360162111	643.718039807125	1088.82491449128	1083.10501913437	774.282068968825
39.5864753960214	42.3032579934119	43.9853103941531	44.4549504290589	57.3270588537931	57.7664610683946	59.8622915180645	60.7851573301228	69.1061485138753	56.8187710420554	58.8390688291275	73.5774673579919	65.3422002610857	82.4537741845838	87.2314970770531	85.5879455201308
115.872380776661	143.098364656234	104.719394112344	118.44581197043	116.463078647802	123.242296985639	131.251686102794	109.200131364333	124.167466800149	126.997557870864	116.678137658255	109.541614868124	117.153862615746	158.938690684705	164.639306081105	109.351053926559
8403.09413680724	9169.94434556503	8837.11586953875	11742.6450517437	11068.3061044487	13942.9983629486	13985.7748909765	11274.5978679154	11330.1316845275	5827.69221205389	8587.87714155508	7256.15004644828	6497.73192307995	10982.1754826624	10988.2964961736	7746.90129982023
168.208060049426	183.264835732396	199.564401562669	181.279321374609	133.021164190124	126.04173890134	122.195948946169	140.17267367578	158.144699020879	199.724089436031	187.864683909489	172.900835030378	180.510514951607	283.69251040532	270.72410132241	191.976907926893
15.1927265824447	19.1885906759979	14.03425540984	14.7998829065255	17.4102454928374	20.1295197572946	19.4133322184715	24.7592002204919	28.3031330345157	23.9297026272344	23.2457957035106	20.4751701318404	25.2163204483736	13.0672258051235	11.62853336066	16.0427016517758
89.2610184345777	94.595456186906	96.9543057830773	73.5227888917402	121.046120181837	119.354183213831	123.252451614442	132.185018027038	122.195573858767	114.953673662619	138.288339198808	153.295830430992	155.449439138755	164.972303587267	157.821001661059	169.521860533663
49.7874976271535	47.6082636072447	48.1451791419744	37.7018162407592	58.3619392001883	52.4786263387359	50.2028385509975	61.6409775782023	58.9433156621389	56.1239315685028	59.4746629920849	69.5525988640782	75.0568869525844	62.5783434467333	65.1722768945511	67.9291218419592
736.360646052914	772.878316812662	677.11733381255	790.235856441286	1308.64523769501	1723.43440091088	2645.57710763981	2044.82101244921	1605.66580206745	1051.36567085362	534.263502721296	476.194151216906	477.582818126423	819.264385109185	849.477823565143	502.205378223662
15.6362492881461	18.0518037587481	18.1941241576612	13.6254247868212	28.2025691052439	24.9507808343363	24.5449166072258	27.7749477613434	19.5054568345051	26.2458342057429	21.3390132146382	28.6547415872134	30.7072303174816	12.534848196074	13.6339170136148	25.1991287441611
108.332494779738	105.584396386988	102.500797446839	99.6544820551608	133.021164190124	114.688446687661	107.706769495568	132.674058168798	130.993250058778	125.144652608057	142.101904176553	157.580367859997	148.832188783676	202.06127701772	201.738903660768	170.611911377994
48.4569295100493	55.1868430555771	62.2887328845667	45.9230230786893	71.5197036043552	65.387164061138	67.5596681011961	78.1053290174454	71.8364618173269	80.4433131428423	76.635705391936	87.3399209178258	90.6848611954302	82.6312333876004	86.4293436158712	85.1519251823982
9.87045411402791	10.4732243104156	12.6476324938996	12.7445811970429	9.72256291961626	12.0422431119343	10.9613108722878	12.2071699153264	11.9212532138063	6.79032894627131	13.0762890961915	13.7237778194691	14.0937081494113	14.3094402262392	15.0376855706831	13.42657962538
12.5315903482363	19.1885906759979	12.6476324938996	14.5062683765994	18.2972857897475	20.9071425116562	14.583605734938	21.5396859539072	19.2020886896771	15.5916289446037	21.9746073775957	19.8259977941124	17.6135221680703	17.3262466775201	21.0538365295472	17.3507626649737
27.6113623420837	24.114667317414	26.2365370701157	21.8466316247512	36.0380917279501	29.9275664622504	28.4690693750968	33.1951426658467	36.0390207276285	84.8439631420085	41.6780264292765	33.7182858214919	37.6060657940531	30.1033092947097	30.6796780637299	38.9337693827391
124.299312184988	101.416177690405	115.257728273491	95.2502641062697	151.353330326267	170.832809552567	151.627094705201	138.664799905354	142.672923634654	116.343352609724	123.034079287829	124.862082038505	120.955261755897	171.893212504911	180.682375304743	139.000436892378
69.3024966780149	74.5122206488249	70.0538212138331	71.4674871822577	43.4300942022011	45.0134478968648	50.2028385509975	37.2704771805108	44.6850128552251	48.017471043723	46.1271855699786	35.1464649644935	34.6494220183796	29.2160132796271	32.6850617166846	30.6493829658191
17.4103401109516	13.5046560897486	12.3703079107115	14.7998829065255	26.8720086598787	20.5960934099115	21.8281954602382	26.8783741681172	29.2132374689996	36.9000394668821	23.2457957035106	24.5000386257541	26.7650386165836	31.1680645128088	32.0834466207982	25.4171389130275
171.756241695037	150.676944104566	167.394749912851	150.156181202445	287.957536050426	271.923767619571	299.084681405583	272.661798747511	273.576278127915	266.197065739226	297.186879938169	263.265624442118	293.144563548693	487.060757062255	501.142683046908	325.181121104213
780.269393917352	876.3259262824	972.46801490786	980.791686363308	901.93726156172	919.994571104503	1027.92059356131	827.274072848153	950.238925166663	823.458323528376	1280.45105003334	1155.09858201286	1206.60669767107	2134.76945707067	2174.43480307233	1331.73407076
349.608846681297	346.58322284396	363.185905643638	373.890453006114	593.690758385451	572.397199904881	604.112094631246	559.809868650746	556.012020962739	462.836636754599	737.653634867679	728.981859528194	721.435533339115	1017.84123328467	1023.34458627632	825.514458652409
105.227835839828	78.6804393454078	89.7438666201871	79.1014649603356	126.368361963298	115.155020340278	102.575185106814	127.661396715761	133.268511144987	144.136931551827	154.178193272744	139.533376871158	145.734752447256	258.848221983007	258.892337769977	228.384606127568
83.938745966161	65.7968542832426	62.8433820509429	56.4931461560279	76.2505851878759	65.6982131628826	60.1641494232854	82.7512103641625	82.6060309587192	99.8988184023139	101.423877747276	95.0001545030164	100.821925569168	112.976757103426	119.518173889624	112.621206459554
242.719874607261	284.438871367634	283.31642568547	323.975982918681	374.443964999164	433.669300526777	471.596474239295	300.537086827814	319.53655206935	242.80413679629	212.017262101872	222.497601632798	226.127304633427	227.970320658132	226.405122592111	184.128541847706
167.764537343725	173.412682449564	171.554618660672	199.483422230026	127.994602507633	140.194473030721	158.871684430501	120.937094766565	139.942610331202	179.573744703007	136.381556709936	113.306814426946	116.309107251267	238.085495230074	259.895029596455	110.441104770891
94.1397681972931	93.0797402972395	93.6264107848203	99.6544820551608	120.602600033382	133.195868241467	120.686659420065	122.322708501551	133.723563362229	136.725310500599	109.686601865723	116.552676115586	122.644772484854	208.804726732348	213.971743943792	146.848802971566
41.360566218827	33.9668206002462	34.5562745657582	30.9486820524595	34.7075312825849	35.9930239462706	33.2987958586303	42.5276587044275	44.8366969276391	75.3478236701236	42.9492147551914	43.1962019523209	40.1403318874876	21.052889940867	18.6473761460016	34.5735660054128
20.5149990508614	20.7043065656644	20.690045406354	18.3232572656384	26.1328084124536	21.5292407151454	23.0356270811216	27.245154274437	29.6682896862415	23.6980894693835	25.1525781923829	28.3950726521222	28.5953419062862	25.8442884223132	25.6662189313431	24.5450982375622
506.17236179389	528.848058576356	621.375092591745	616.416054725051	610.544524026743	602.56896277411	697.688045249707	627.990215081077	627.910271286964	596.940655150243	801.848645326381	796.236113716817	827.311539020377	1230.25989929545	1241.1292509872	859.088024657822
121.194653245078	122.636200145736	117.476324938996	120.501113679912	150.318449979872	128.841180817042	133.817478297171	157.452092017956	176.043419565728	152.011778918756	212.652856264829	201.594252357956	192.900260297286	347.755282694285	357.356675130054	264.792304328243
16.9668174052502	16.5360878690816	16.8075012417208	18.0296427357123	24.0630477196633	24.4842071817194	20.7716927919653	27.6526877259034	28.1514489621017	39.2161710453906	24.5169840294255	22.0331837423876	23.2452245979246	13.9545218202061	13.6339170136148	28.9053016148885
84.3822686718624	80.1961552350743	81.1468045413564	81.1567666698181	157.119092256183	140.972095785083	138.345346875484	160.019552762194	153.897544993288	155.254363128668	158.627352413446	166.668780588189	152.070417680842	160.890741917887	156.0161563734	174.100074079855
7.65284058552094	7.82072150349922	10.1517112452068	7.45951965837362	16.2275250969572	15.3082586802529	13.2252451614442	18.4016783776158	15.5616709517417	12.1174315768409	14.3474774221063	14.8922880273795	15.5016337568749	13.9545218202061	13.0323019177283	17.3507626649737
198.811126742822	205.24271613256	230.070105713358	214.16414872633	224.829834920322	200.382474218306	195.396490962223	237.043375089347	234.745155589937	193.007307858357	295.915691612254	293.90655878288	308.913330352286	576.322736179566	575.341878206233	432.224114017574
58.6579517411814	51.3975533314109	53.6916708057361	55.6123025662497	112.175717212736	109.711661059747	99.2547481493847	96.7296077494605	100.656435575982	70.2523341974048	117.313731821212	113.306814426946	111.94453786813	137.466127119706	122.726787734352	154.697169050753
304.369530699755	294.669953622883	323.80581483093	325.737670098238	496.707685923277	493.079678960001	547.211879497117	423.85670924155	424.956982397063	444.07597096868	553.33132761002	482.166536724004	513.203335995251	641.805182092663	618.056550014168	518.338130719769
83.0517005547582	74.1332916764083	69.776496630645	69.1185709428491	112.471397311706	92.7594850146652	100.160321865047	105.002536814229	98.6845426346007	88.3181605097713	121.127296798957	108.243270192668	111.240575064399	169.231324459663	169.051150117606	144.23268094517
26.7243169306809	19.1885906759979	20.1353962399778	12.4509666671169	32.0464103918545	29.4609928096334	32.9969379534094	33.1136359755534	29.2132374689996	21.6135710487259	27.6949548442127	32.4199411460359	33.1007038501697	18.7459203016523	21.4549132601382	29.5593321214875
10.7574995254307	12.3678691724987	12.9249570770876	11.8637376072647	22.1411270763581	19.1963724520607	22.4319112706799	22.2732461665468	22.5391382827846	26.4774473635937	26.4237665182978	28.3950726521222	21.4149213082219	11.1151745719418	10.0242264382963	18.4408135093053
266.226578009435	277.997078836552	257.802564032166	247.342590607976	852.706525083208	1204.60449920084	1887.15912077244	1264.92424637793	1048.53020409092	933.706186665382	488.50072298836	492.423459660106	496.308228705688	917.044405971289	923.275941993877	644.784028662233
12.9751130539377	10.094295337999	10.1517112452068	11.5701230773387	19.1843260866576	16.2414059854868	18.2059005975881	18.3609250324692	17.2301957482955	11.1909789454375	20.0678248887234	18.657487586202	18.8806552147875	12.889766602107	15.6393006665695	18.0047931715727
32.4901121047991	28.6618149864135	26.5138616533038	28.5997658130509	35.74241162898	32.4159592762074	37.0720196738908	40.7752648631219	33.4603914965909	45.9329526230653	37.8644614515318	45.4033879005961	43.3785607846538	38.7988102425193	37.6985208490714	36.9716778629422
26.2807942249796	18.8096617035813	18.1941241576612	19.2041008554166	33.5248108867047	31.3272874201012	28.9218562329281	33.9694562236328	36.3423888724564	26.014221047892	34.0508964737871	32.5497756135815	33.3822889716624	21.052889940867	22.8586818172065	33.9195354988138
28.9419304591879	23.3568093725808	23.7406158214229	20.965788034973	27.9068890062739	25.5728790378256	23.186556033732	36.9444504193377	33.157023351763	20.2238921016207	60.1102571550424	70.3316056693519	66.8909184292957	56.7221897471881	62.164201415119	43.2939727600654
393.961117251437	464.809062237947	496.856354740295	522.753019678633	778.047300093272	719.056851377473	789.452848436844	677.505529434246	710.578090752581	743.088557754131	904.814899725487	885.172723985555	944.732534682839	1229.7275216864	1233.10771637538	914.244597381
228.527148024816	242.377755429389	255.029318200285	253.80211026635	366.164922228003	359.328565209811	341.646646041722	335.014416821872	354.878940941806	300.244199943301	496.763447106807	471.64994485281	507.008463322412	790.515994220509	743.794105054429	564.992306857161
167.321014638023	155.981949718399	179.874356156315	160.726304279784	163.476214384038	148.592798777826	148.155728795161	162.953793612753	162.240168976057	157.570494707176	203.754537983425	218.342898671339	220.636394764319	334.978220077095	334.896378216961	254.32781622266
9.87045411402791	5.9260766414161	6.82381624694978	7.7531341882997	11.0531233649815	6.44335928053099	8.24458972530025	10.2917626934342	9.19093991035471	48.017471043723	8.62712995548934	11.127088468557	9.72913876627421	7.92090891764438	6.41453586297775	8.63035591032108
471.577590749181	445.483684644699	482.990125580891	513.357354720999	432.692944496262	455.598262199774	494.084888178248	448.512483055268	449.984854345369	386.86752097952	500.577012084552	495.409652413655	485.607994088965	814.650445830756	811.776610889594	548.859554361054
172.64328710644	146.129796435567	157.965714084456	155.734857271041	228.673676206933	241.129906546853	207.018020313226	190.258534861002	201.222975586449	209.683455223618	199.94097300568	210.812499553694	216.694203063421	337.462648919327	352.744292728258	284.631229695078
869.417457763333	959.31137124164	1151.06504648099	1167.82414192622	1633.59766646309	1484.70421532187	1552.70056178775	1223.88562781527	1230.7027750601	1039.78501296107	1671.97705441512	1595.75676486264	1678.26177617137	2129.97805858922	2124.30021174846	1718.26610015998
339.851347155866	366.666458382042	374.001564387974	372.128765826557	218.177032693496	209.713947270645	242.637253129285	254.852586918429	269.329124100324	256.006086793788	396.975163522488	357.785116815316	389.446675099202	678.006859508033	688.445516232879	423.721717431788
27.1678396363823	18.4307327311647	19.5807470736017	17.1487991459341	32.0464103918545	27.283649097421	28.4690693750968	29.6088482929422	33.4603914965909	30.1832578892074	25.7881723553404	31.381265405671	30.5664377567352	19.1008387076853	24.8640654701612	30.6493829658191
20.9585217565628	10.094295337999	15.4208783257804	19.2041008554166	20.9584066804779	17.0190287398483	18.5077585028089	17.7903782004162	25.1177675138222	19.5290526280682	21.3390132146382	23.5911973529349	23.1044320371782	16.971328271487	11.62853336066	17.1327524961074
23.1761352850698	24.114667317414	22.9086420718587	23.3147042743816	16.3753651464422	16.7079796381037	15.0363925927692	19.3797586611352	16.9268276034675	2.15806578925426	23.881389866468	20.4751701318404	16.346389121353	20.697971534834	20.4522214336608	18.876833847038
1046.38301733819	1256.77061458869	1377.63923094565	1435.6005932188	1570.46996533299	1633.38568595581	1667.8593526295	1252.37221607277	1292.89324474984	1075.4534392701	1488.29034132042	1389.96913380286	1426.10229987464	1763.16988595407	1809.65551659986	1489.79144318808
14.3056811710419	22.5989514277475	17.6394749912851	15.9743410262298	21.2540867794479	16.0858814346144	20.7716927919653	22.1917394762535	19.3537727620911	20.6871184173224	20.0678248887234	16.5801361054723	17.4727296073239	17.5037058805366	15.2382239359785	21.7109660423001
226.309534496309	306.416751767798	316.318051084852	319.865379499716	141.891567159225	152.325387998761	116.762506652194	117.065526977635	126.746096031186	59.5981289362656	135.110368384021	106.165918711938	102.652228858871	212.176451589662	207.955592984927	158.185331752614
494.640771445653	626.990662432262	656.317990073444	668.973055581818	550.817144034794	563.065726852542	487.44401426339	508.908940562591	511.41690367303	564.978039366825	762.441807223019	714.310564695541	757.19684376869	1250.66770764235	1212.05118801936	945.202041360017
113.211244542453	109.373686111154	115.812377439867	106.114001713534	165.989495225284	157.61322272842	153.740100041747	175.139043811598	167.70079558296	147.84274207744	227.907116175808	217.953395268702	219.087676596109	282.095377578172	291.580091313139	254.109806053794
304.813053405456	353.40394434746	372.892266055221	380.349972664487	397.211332619857	402.097816699697	388.283692398343	386.771165158107	380.96860139701	392.657849925791	513.288895343701	459.185835968432	502.643893939274	730.534783600924	733.56664842436	517.902110382037
17.4103401109516	12.3678691724987	12.9249570770876	14.5062683765994	19.6278462351127	21.3737161642731	19.7151901236923	22.2732461665468	26.9379763827899	11.8858184189901	27.0593606812552	22.5525216125701	25.9202832521054	20.1655939257844	15.6393006665695	23.4550473932306
59.1014744468828	62.7654225039096	63.9526803836952	62.9526658144016	112.767077410676	102.868580821366	98.3491744337221	112.664165701797	114.156318020826	88.781386825473	135.745962546978	126.679764584143	130.52915588665	132.319810232227	126.737555040261	126.355847098132
35.5947710447089	19.9464486208312	28.4551337356204	25.3700059838641	34.1161710846448	35.9930239462706	29.8274299485906	34.3362363299526	35.4322844379726	34.8155210462244	41.042432266319	44.7542155628681	42.8153905416684	43.5902087239654	42.9125183467537	36.099637187477
22.7326125793684	25.6303832070805	22.3539929054825	15.0934974364515	20.8105666309929	24.3286826308471	17.7531137397568	23.3328331403595	21.6290338483008	2.38967894710511	21.3390132146382	26.5773901064837	27.8913791025544	26.1992068283462	27.0699874884114	23.4550473932306
802.445529202422	936.95456186906	1002.14174530899	1050.96555901564	1048.15107050241	1062.29953515267	1131.75971295728	978.142956581019	969.502802363238	922.588755088541	1047.82358639091	1031.23649997436	1108.19269770936	1289.70873230599	1282.03907750748	1024.55774282736
140.70965229594	133.246211373402	147.427379923309	144.871119663776	111.880037113766	103.957252677472	119.630156751792	124.89016924579	120.830417207041	143.905318393976	150.364628295	160.436726146	157.842912671443	208.627267529331	209.1588231767	158.621352090347
1108.03267343068	1164.69087429145	1412.30480384416	1393.32010090944	1386.40910372414	1351.26415067343	1510.59138400944	1215.65345209564	1311.09533343951	1103.01540505435	1669.43467776329	1554.0799007805	1586.0426488825	2426.68984603285	2343.889721747	1697.11911377994
88.8174957288764	91.1850954351564	98.3409286990177	97.8927948756043	74.6243446435406	74.4075880117322	82.0488475517966	99.6638486000187	90.6452867966599	157.338881549325	98.2459069324891	107.464263387394	115.323559326043	137.821045525739	136.96501167033	102.592738691704
18.7409082280558	16.1571588966649	17.362150408097	13.6254247868212	18.0016056907775	17.7966514942099	15.3382504979901	21.2544125378807	24.8143993689943	48.9439236751264	21.3390132146382	19.6961633265668	24.0899799624028	13.0672258051235	14.2355321095012	16.6967321583748
15.6362492881461	13.8835850621652	20.690045406354	13.3318102568951	23.0281673732682	20.7516179607839	24.5449166072258	19.6650320771617	22.0840860655427	17.6761473652614	19.4322307257659	19.955832261658	26.3426609343445	23.8922371891314	25.6662189313431	16.9147423272411
30.7160212819935	29.7986019036634	32.8923270666297	31.5359111123117	42.9865740537461	41.2808586759293	41.5998882522035	48.1923736798107	51.5107961138541	52.64973420074	49.3051563847658	50.7266010699658	52.9524549154062	61.1586698226011	63.5679699721873	60.7347862693708
55.9968155069731	50.260766414161	55.0782937216765	49.7400119677282	61.1709001404037	54.033871847459	59.7113625654541	69.0988397400377	73.8083547587086	37.5948789404347	66.4661987846168	67.994585253531	69.2843919619838	105.523470576732	83.0201914058482	104.5548302115
158.450560523995	136.656572125151	137.16637034535	137.530756415624	220.985993633712	213.913110144198	218.488620711618	242.667336719583	253.857348714098	265.038999949972	298.458068264084	279.105429482681	290.751090016005	554.317795005517	533.228821494183	416.963402196932
17.853862816653	13.5046560897486	17.362150408097	13.3318102568951	24.3587278186334	22.306863469507	22.1300533654591	30.3016551604351	24.9660834414082	7.94839473552557	30.2373314960425	23.0718594827525	32.6783261679306	26.1992068283462	33.8882919084574	34.3555558365464
16.0797719938475	11.2310822552488	14.5889045762161	10.3956649576344	20.6627265815078	19.9739952064223	15.9419663084318	23.6996132466792	23.7526108620964	31.8045499941633	17.5254482368936	23.5911973529349	20.4293733829974	14.8418178352888	11.2274566300691	26.2891795884927
189.497149923093	169.244463752981	175.714487408493	176.287874365866	334.822831737178	301.47343228531	290.330802154179	280.812467776839	299.969306727947	233.076384166554	360.110702070956	366.743695075963	379.87278096845	430.096352893951	435.165560864697	410.859117468675
73.2942010293275	56.7025589452436	57.8515395535573	57.3739897458062	112.767077410676	101.15781076177	99.7075350072159	114.09053278193	107.633902907025	143.673705236125	112.228978517553	121.616220349865	107.439175924247	109.782491449128	106.082103414827	121.12360304534
14.7492038767433	13.8835850621652	18.7487733240374	17.4424136758601	26.1328084124536	23.8621089782301	17.9040426923673	26.2670739909176	21.6290338483008	18.1393736809631	20.0678248887234	22.6823560801157	23.2452245979246	21.4078083469001	21.2543748948427	20.1848948602359
16.9668174052502	15.0203719794151	18.4714487408493	13.9190393167472	21.549766878418	18.7297987994438	15.9419663084318	22.5585195825733	22.5391382827846	24.6245421007869	20.0678248887234	21.254176937114	23.9491874016564	25.8442884223132	24.6635271048657	22.1469863800327
129.621584653405	87.0168767385735	91.9624632856917	94.6630350464175	110.105956519946	106.290120940557	100.914966628099	175.587330608211	175.891735493315	197.176344699672	226.635927849893	247.815322804191	257.664838240611	338.704863340442	333.492609659893	259.560060275452
18.2973855223544	13.8835850621652	17.9167995744732	14.7998829065255	25.8371283134836	22.306863469507	23.4884139389529	27.6526877259034	25.5728197310641	13.7387236817969	18.7966365628085	26.7072245740293	26.7650386165836	14.1319810232227	15.6393006665695	26.507189757359
24.506703402174	20.7043065656644	18.1941241576612	19.7913299152687	40.0297730640456	37.5482694549938	38.1285223421638	45.6249129355723	42.8648039862574	53.5761868321435	41.042432266319	39.560836861044	43.0969756631611	27.0865028434288	32.4845233513891	35.445606680878
199.254649448524	198.421994629061	203.72427031049	206.530170948252	239.170319720369	221.533813136941	249.278127044144	242.015283197237	269.632492245152	335.449399936631	313.712328175063	302.865137043526	334.959954090362	391.055328230316	395.458964536194	300.327961853453
229.414193436219	199.179852573894	225.632912382349	208.87908718766	365.573562030063	337.555128087687	309.649708088313	347.199667020718	344.109371800414	371.349439403513	400.153134337276	400.890160040456	401.977213005628	541.008354779278	540.44820264482	495.22905281994
334.972597393151	320.81605271963	359.858010645381	347.465145312767	461.078233997387	456.220360403263	451.221065636889	487.880214466924	517.635950642003	509.622494640472	754.81467726753	704.31331069453	756.633673525705	1140.28808336607	1114.99061921635	870.206543270004
167.321014638023	150.29801513215	175.159838242117	165.424136758601	171.16389695726	164.767352068547	154.79660271002	177.013697688344	171.492897393309	166.371794705509	212.017262101872	207.6964723326	214.159936969986	310.843768466848	295.590858619049	257.597968755655
67.9719285609108	76.0279365384914	69.2218474642688	61.4845931647712	103.15747419415	95.2478778286222	94.1231637606303	106.591917274948	107.482218834611	58.4400631470114	117.313731821212	110.969794011126	113.49325603634	173.49034533206	184.292065880062	151.209006348892
799.340870262512	920.281687082728	1057.6066619466	1070.34411799076	1482.06161574094	1486.57050993234	1516.17575525603	1143.4385244958	1188.68628700143	1031.67855243629	1461.59538647621	1422.29791622171	1500.29997938797	2217.8203640824	2222.96508747383	1628.44591058705
1174.11755658019	1321.94639784435	1451.40757007368	1507.53615305068	1810.26652559769	1797.61961167697	1949.64370715316	1446.39889231593	1493.57127255353	1222.06456818969	1775.57890297719	1708.19341375713	1741.33684338573	2188.00721797562	2160.39711750164	1760.99609325777
687.129625720059	838.811958013154	774.735587094756	821.946225673302	833.33947860067	800.396191483693	813.14869399668	781.711832974208	816.453573297536	797.749263006932	937.230202036317	855.700299852703	907.563298645801	1464.32858807424	1446.07946031917	961.116783687258
7.65284058552094	7.82072150349922	5.43719333100935	3.64253076933466	6.91360197940085	6.75440838227561	8.24458972530025	9.55820248079468	7.52241511380098	8.87484736692898	7.9915357925319	9.17957145537297	7.47645779433248	8.0983681206609	5.81292076709133	8.19433557258845
18.7409082280558	12.3678691724987	15.1435537425923	14.2126538466733	21.549766878418	20.1295197572946	18.8096164080298	23.3328331403595	25.2694515862362	5.8638763148679	21.3390132146382	24.1105352231173	23.5268097194173	15.3741954443383	16.4414541277514	24.7631084064285
45.3522705701396	35.1036075174961	47.035880809222	34.1784418816463	49.787216330057	47.8128898125665	46.429614735737	52.3084615396214	59.7017360242088	68.8626552502997	64.5594162957445	56.9586555121548	55.3459284480943	67.5472011311959	72.9932731410745	61.3888167759697
397.065776191346	442.831181837783	453.039070596578	455.808906855488	530.858737354317	528.694801109761	575.133735730045	507.971613624218	525.068470190288	472.101163068633	714.136650838253	699.639269862888	764.518056927501	1071.25645339265	1069.46841029428	773.41002829336
132.282720887613	128.320134731985	155.747117418951	150.156181202445	185.504381757307	175.498546078736	190.56676447869	177.461984484957	177.560260289868	195.091826279014	231.085086990595	211.721340826513	234.574858278208	454.053345301182	451.609706818926	289.427453410137
133.169766299016	141.582648766567	171.277294077484	141.934974364515	174.7120581449	167.100220331631	165.210700440139	162.097973364673	168.45921594503	151.548552603054	213.924044590744	222.367767165253	226.268097194173	295.227358601394	284.561248527798	242.337256935013
22.289089873667	16.1571588966649	21.7993437391063	18.9104863254905	20.6627265815078	15.7748323328698	19.262403265861	22.6400262728665	22.0840860655427	23.6980894693835	29.601737333085	20.2155011967492	22.4004692334465	16.971328271487	18.4468377807061	22.1469863800327
122.081698656481	98.3847459110722	104.719394112344	102.590627354422	136.12580522931	115.466069442023	117.215293510025	127.131603228855	126.746096031186	167.761473652614	152.907004946829	154.983678509085	164.741748148015	175.619855768258	182.086143861811	166.033697831802
561.169177300863	609.559929701097	625.812285922755	648.713653016919	611.727244422623	592.615391518282	652.560288419191	594.613225405978	608.191341873147	569.610302523842	762.441807223019	710.80503407181	751.846726460329	1574.35329394449	1597.48592611725	987.932034457815
20.5149990508614	18.8096617035813	16.8075012417208	14.7998829065255	33.6726509361897	28.5278455043996	28.4690693750968	30.2201484701418	27.5447126724458	24.8561552586378	30.8729256589999	42.8066985496841	42.8153905416684	30.8131461067758	30.4791396984344	35.6636168497443
150.46715182137	152.950517939066	139.93961617723	140.466901714885	201.914627250144	190.895476615095	172.75714807066	191.644148595988	195.762348979545	244.193815743395	230.449492827638	258.46174914293	281.458781006746	418.561504697877	425.339180965219	336.299639716395
50.2310203328549	50.260766414161	63.6753558005071	56.4931461560279	55.9964984084279	49.5236598721619	45.9768278779057	52.7567483362345	47.1119580138488	23.003249995831	46.1271855699786	55.91997977179	67.031710990042	38.6213510395028	42.9125183467537	42.8579524223328
493.753726034251	530.363774466023	608.895486348281	613.186294895864	745.818169305538	699.616282518434	733.609135970988	586.666323102383	609.8598666697	691.20721039554	782.1452262747	732.747059087017	809.853261487828	1273.7374040345	1311.31767884062	858.65200432009
30.2724985762921	29.4196729312467	30.9510549843131	27.1316931634206	29.9766496990642	27.9057473009103	23.0356270811216	34.3769896750993	37.4041773793543	16.2864684181562	30.8729256589999	37.2238164452232	40.4219170089803	33.1201157459906	28.2732176801842	33.2655049922149
106.558403956932	81.7118711247408	86.6932962051181	88.2035153880439	145.587568396351	129.152229918787	125.214527998377	134.915492151863	142.52123956224	154.791136812966	164.347699880063	167.317952925917	173.611679475035	176.152233377308	171.457610501151	165.815687662935
30.7160212819935	34.7246785450795	30.6737304011251	23.3147042743816	30.8636899959743	29.1499437078888	33.4497248112407	39.1043777121096	34.3704959310748	35.0471342040753	25.7881723553404	33.5884513539463	36.4797253080823	21.4078083469001	22.0565283560246	37.1896880318086
25.3937488135768	21.083235538081	19.0260979072255	20.965788034973	22.2889671258431	21.5292407151454	19.5642611710819	21.7842060247871	24.8143993689943	11.6542052611392	28.9661431701276	29.1740794573958	28.7361344670326	29.3934724826436	25.8667572966386	36.5356575252096
1057.02756227502	1332.1774800996	1196.54627812383	1316.68670859874	1215.65384656894	1278.32313631431	1440.86220790342	1301.64301035506	1240.86560791184	1146.79029188817	1274.73070256672	1340.89170507062	1358.38107815564	1469.29744575871	1523.88834605382	1250.85229811059
537.662473898689	580.0034698526	724.817162120901	678.368720539452	569.740670368877	556.378171165033	552.494392838482	482.378512872127	502.770911545433	546.912213054459	660.11114698687	692.368539680335	725.51851760076	1149.87088032897	1146.67568093303	850.36761790317
93.2527227858903	90.0483085179065	93.9037353680083	95.2502641062697	102.122593847755	85.2943065727941	90.6517978505906	97.58542799754	104.75190553116	96.1930078767003	116.678137658255	121.875889284956	122.503979924107	170.296079677762	169.051150117606	137.692375879181
2709.59316371842	3152.55226358906	3130.88524586072	3300.64008730922	2077.11781491816	2189.23043077346	2498.11952093943	2201.23235112202	2100.0041940646	1454.14095235625	1928.12150208697	1811.15214652079	1763.86365310515	2669.45403575945	2769.63267126929	1789.3374152104
