Orthogroup	ostreococcus_tauri	arabidopsis_thaliana
OG0000000	ostta02g05030, ostta13g02710	AT1G03510, AT1G03540, AT1G05750, AT1G06140, AT1G06143, AT1G08070, AT1G09190, AT1G09410, AT1G10330, AT1G11290, AT1G14470, AT1G15510, AT1G16480, AT1G18485, AT1G20230, AT1G26900, AT1G28690, AT1G31920, AT1G43980, AT1G50270, AT1G53600, AT1G56570, AT1G56690, AT1G68930, AT1G69350, AT1G74600, AT1G77150, AT1G77170, AT2G01510, AT2G02750, AT2G02980, AT2G03380, AT2G03880, AT2G04860, AT2G20540, AT2G22070, AT2G22410, AT2G27610, AT2G29760, AT2G33680, AT2G33760, AT2G34400, AT2G35030, AT2G39620, AT2G40720, AT2G42920, AT3G01580, AT3G02010, AT3G02330, AT3G03580, AT3G05240, AT3G05340, AT3G08820, AT3G09040, AT3G11460, AT3G12770, AT3G13770, AT3G14730, AT3G15130, AT3G15930, AT3G16610, AT3G20730, AT3G22690, AT3G23330, AT3G24000, AT3G25060, AT3G25970, AT3G26782, AT3G47840, AT3G49142, AT3G49170, AT3G50420, AT3G53360, AT3G56550, AT3G57430, AT3G61170, AT3G62890, AT3G63370, AT4G02750, AT4G13650, AT4G14170, AT4G14820, AT4G14850, AT4G15720, AT4G18520, AT4G18750, AT4G19191, AT4G20770, AT4G21065, AT4G21300, AT4G25270, AT4G30700, AT4G32430, AT4G33170, AT4G33990, AT4G37170, AT4G37380, AT4G38010, AT4G39530, AT4G39952, AT5G03800, AT5G04780, AT5G06540, AT5G08510, AT5G09950, AT5G13230, AT5G13270, AT5G16860, AT5G27110, AT5G39350, AT5G39680, AT5G40410, AT5G43790, AT5G48910, AT5G50390, AT5G52630, AT5G52850, AT5G56310, AT5G59200, AT5G59600, AT5G61800, AT5G65570, AT5G66520
OG0000001	ostta04g04160, ostta04g05140, ostta06g04040, ostta08g02800, ostta10g01450, ostta10g02440, ostta10g02890, ostta10g03150, ostta17g00480	AT1G04360, AT1G15100, AT1G20823, AT1G22500, AT1G22670, AT1G23980, AT1G24580, AT1G28040, AT1G32361, AT1G33480, AT1G35330, AT1G35625, AT1G35630, AT1G49200, AT1G49210, AT1G49220, AT1G49230, AT1G51930, AT1G53010, AT1G53820, AT1G57730, AT1G63840, AT1G67856, AT1G70910, AT1G71980, AT1G72200, AT1G72220, AT1G72310, AT1G74410, AT1G76410, AT2G01150, AT2G04240, AT2G17450, AT2G17730, AT2G18650, AT2G18670, AT2G20030, AT2G25410, AT2G27940, AT2G28920, AT2G34000, AT2G34990, AT2G35000, AT2G35420, AT2G35910, AT2G37580, AT2G42350, AT2G42360, AT2G44578, AT2G44581, AT2G46160, AT2G46493, AT2G46494, AT2G46495, AT2G47560, AT3G03550, AT3G05200, AT3G10910, AT3G11110, AT3G14320, AT3G16720, AT3G18773, AT3G18930, AT3G19140, AT3G20395, AT3G43430, AT3G48030, AT3G51325, AT3G55530, AT3G60220, AT3G60966, AT3G61460, AT3G61550, AT3G62690, AT4G00305, AT4G09100, AT4G09110, AT4G09120, AT4G09130, AT4G09560, AT4G10150, AT4G10160, AT4G11360, AT4G11370, AT4G15975, AT4G17245, AT4G17905, AT4G17920, AT4G18110, AT4G24015, AT4G28890, AT4G30370, AT4G30400, AT4G33565, AT4G35480, AT4G35840, AT4G38140, AT4G40070, AT5G01880, AT5G05280, AT5G05810, AT5G06490, AT5G07040, AT5G10380, AT5G17600, AT5G20885, AT5G27420, AT5G36001, AT5G40250, AT5G41400, AT5G41430, AT5G41440, AT5G41450, AT5G42200, AT5G43420, AT5G45290, AT5G46650, AT5G47610, AT5G53110, AT5G57750, AT5G58580, AT5G66070, AT5G66160
OG0000002	ostta01g04630, ostta04g05010	AT1G01250, AT1G03800, AT1G04370, AT1G06160, AT1G12610, AT1G12630, AT1G12890, AT1G12980, AT1G15360, AT1G19210, AT1G21910, AT1G22190, AT1G22810, AT1G22985, AT1G24590, AT1G28160, AT1G28360, AT1G28370, AT1G33760, AT1G36060, AT1G43160, AT1G44830, AT1G46768, AT1G49120, AT1G50640, AT1G53170, AT1G53910, AT1G63030, AT1G64380, AT1G71130, AT1G71450, AT1G71520, AT1G72360, AT1G74930, AT1G75490, AT1G77200, AT1G77640, AT1G78080, AT1G80580, AT2G20880, AT2G22200, AT2G23340, AT2G25820, AT2G31230, AT2G33710, AT2G35700, AT2G36450, AT2G38340, AT2G40220, AT2G40340, AT2G40350, AT2G44840, AT2G44940, AT2G46310, AT2G47520, AT3G11020, AT3G14230, AT3G15210, AT3G16280, AT3G16770, AT3G20310, AT3G23220, AT3G23230, AT3G23240, AT3G50260, AT3G57600, AT3G60490, AT3G61630, AT4G06746, AT4G11140, AT4G13620, AT4G16750, AT4G17490, AT4G17500, AT4G18450, AT4G23750, AT4G25470, AT4G25480, AT4G25490, AT4G27950, AT4G28140, AT4G31060, AT4G32800, AT4G34410, AT4G36900, AT4G39780, AT5G05410, AT5G07310, AT5G07580, AT5G11190, AT5G11590, AT5G13330, AT5G13910, AT5G18450, AT5G18560, AT5G19790, AT5G21960, AT5G25190, AT5G25390, AT5G25810, AT5G43410, AT5G44210, AT5G47220, AT5G47230, AT5G50080, AT5G51190, AT5G51990, AT5G52020, AT5G53290, AT5G61590, AT5G61600, AT5G61890, AT5G64750, AT5G65130, AT5G67190
OG0000003	ostta05g01280, ostta05g01770, ostta09g00450, ostta10g02070, ostta13g00110, ostta15g01430, ostta16g01090, ostta18g01950	AT1G06180, AT1G08810, AT1G09540, AT1G14350, AT1G16490, AT1G17950, AT1G18570, AT1G18710, AT1G22640, AT1G25340, AT1G26780, AT1G34670, AT1G35515, AT1G43330, AT1G48000, AT1G56160, AT1G57560, AT1G63910, AT1G66230, AT1G68320, AT1G69560, AT1G73410, AT1G74080, AT1G74430, AT1G74650, AT1G79180, AT2G02820, AT2G13960, AT2G16720, AT2G23290, AT2G25230, AT2G26950, AT2G26960, AT2G31180, AT2G32460, AT2G36890, AT2G39880, AT2G47190, AT2G47460, AT3G01140, AT3G01530, AT3G02940, AT3G06490, AT3G08500, AT3G09230, AT3G09370, AT3G11440, AT3G12720, AT3G12820, AT3G13540, AT3G13890, AT3G18100, AT3G23250, AT3G24310, AT3G27785, AT3G27810, AT3G27920, AT3G28470, AT3G28910, AT3G29020, AT3G30210, AT3G46130, AT3G47600, AT3G48920, AT3G49690, AT3G50060, AT3G53200, AT3G55730, AT3G60460, AT3G61250, AT3G62610, AT4G00540, AT4G01680, AT4G05100, AT4G09460, AT4G12350, AT4G13480, AT4G17785, AT4G18770, AT4G21440, AT4G22680, AT4G25560, AT4G26930, AT4G28110, AT4G32730, AT4G33450, AT4G34990, AT4G37260, AT4G37780, AT4G38620, AT5G02320, AT5G06100, AT5G07690, AT5G07700, AT5G10280, AT5G11050, AT5G11510, AT5G12870, AT5G14340, AT5G14750, AT5G15310, AT5G16600, AT5G16770, AT5G17800, AT5G23000, AT5G26660, AT5G35550, AT5G39700, AT5G40330, AT5G40350, AT5G40360, AT5G40430, AT5G49330, AT5G49620, AT5G52260, AT5G52600, AT5G54230, AT5G55020, AT5G56110, AT5G57620, AT5G58850, AT5G59780, AT5G60890, AT5G61420, AT5G62320, AT5G62470, AT5G65230, AT5G65790, AT5G67300
OG0000004		AT2G06105, ATMG00850, ATMG00860
OG0000005		AT1G05240, AT1G05250, AT1G05260, AT1G14540, AT1G14550, AT1G24110, AT1G34510, AT1G44970, AT1G49570, AT1G71695, AT1G77100, AT2G18140, AT2G18150, AT2G18980, AT2G22420, AT2G24800, AT2G34060, AT2G35380, AT2G38380, AT2G38390, AT2G39040, AT2G41480, AT3G01190, AT3G03670, AT3G17070, AT3G21770, AT3G28200, AT3G32980, AT3G42570, AT3G49110, AT3G49120, AT3G49960, AT3G50990, AT4G08770, AT4G08780, AT4G11290, AT4G16270, AT4G17690, AT4G25980, AT4G26010, AT4G30170, AT4G31760, AT4G33420, AT4G33870, AT4G36430, AT4G37520, AT4G37530, AT5G05340, AT5G06720, AT5G06730, AT5G14130, AT5G15180, AT5G17820, AT5G19880, AT5G19890, AT5G22410, AT5G39580, AT5G40150, AT5G42180, AT5G47000, AT5G51890, AT5G58390, AT5G58400, AT5G64100, AT5G64110, AT5G64120, AT5G66390, AT5G67400
OG0000006		AT1G01280, AT1G11610, AT1G33720, AT1G33730, AT1G74540, AT1G74550, AT2G02580, AT2G24180, AT2G25160, AT2G30750, AT2G30770, AT2G40890, AT2G42250, AT2G45550, AT2G45560, AT2G45570, AT2G45580, AT3G25180, AT3G26290, AT3G26300, AT3G26310, AT3G26320, AT3G26330, AT3G48270, AT3G48280, AT3G48290, AT3G48300, AT3G48310, AT3G48320, AT3G52970, AT3G61035, AT3G61040, AT4G12310, AT4G12330, AT4G12334, AT4G13290, AT4G13310, AT4G13770, AT4G20235, AT4G20240, AT4G22690, AT4G22710, AT4G31500, AT4G31940, AT4G31950, AT4G31970, AT4G36220, AT4G37430, AT5G04330, AT5G06900, AT5G06905, AT5G07990, AT5G24950, AT5G24960, AT5G25120, AT5G25130, AT5G25140, AT5G25180, AT5G42590, AT5G44620, AT5G57260
OG0000007		AT1G02335, AT1G09560, AT1G10460, AT1G18970, AT1G18980, AT1G72610, AT1G74820, AT3G04150, AT3G04170, AT3G04180, AT3G04190, AT3G04200, AT3G05930, AT3G05950, AT3G10080, AT3G62020, AT4G14630, AT5G20630, AT5G26700, AT5G38910, AT5G38930, AT5G38940, AT5G38950, AT5G38960, AT5G39100, AT5G39110, AT5G39120, AT5G39130, AT5G39150, AT5G39160, AT5G39180, AT5G39190
OG0000008		AT1G05530, AT1G05560, AT1G05675, AT1G05680, AT1G22340, AT1G22360, AT1G22370, AT1G22380, AT1G22400, AT1G24100, AT1G30530, AT1G78270, AT2G23210, AT2G23250, AT2G23260, AT2G26480, AT2G28080, AT2G30140, AT2G30150, AT2G31750, AT2G31790, AT2G36970, AT2G43820, AT2G43840, AT3G02100, AT3G11340, AT3G21560, AT3G46650, AT3G46660, AT3G46670, AT3G46680, AT3G46690, AT3G46700, AT3G46720, AT3G55700, AT3G55710, AT4G14090, AT4G15480, AT4G15490, AT4G15500, AT5G05860, AT5G05870, AT5G05880, AT5G05890, AT5G05900, AT5G17030, AT5G17040, AT5G17050, AT5G37950, AT5G38010, AT5G38040, AT5G59580, AT5G59590
OG0000009		AT1G01900, AT1G04110, AT1G20150, AT1G20160, AT1G30600, AT1G32940, AT1G32950, AT1G32960, AT1G32970, AT1G32980, AT1G62340, AT1G66210, AT1G66220, AT2G04160, AT2G05920, AT2G19170, AT3G14067, AT3G14240, AT3G46840, AT3G46850, AT4G00230, AT4G10510, AT4G10520, AT4G10530, AT4G10540, AT4G10550, AT4G15040, AT4G20430, AT4G21323, AT4G21326, AT4G21630, AT4G21640, AT4G21650, AT4G26330, AT4G30020, AT4G34980, AT5G03620, AT5G11940, AT5G44530, AT5G45640, AT5G45650, AT5G51750, AT5G58820, AT5G58830, AT5G58840, AT5G59090, AT5G59100, AT5G59110, AT5G59120, AT5G59130, AT5G59190, AT5G59810, AT5G67090, AT5G67360
OG0000010	ostta08g00390, ostta19g00395	ATMG00300, ATMG00710, ATMG00820
OG0000011	ostta13g02080	AT1G12560, AT1G20190, AT1G26770, AT1G62980, AT1G65680, AT1G65681, AT1G69530, AT2G03090, AT2G20750, AT2G28950, AT2G37640, AT2G39700, AT2G40610, AT2G45110, AT3G03220, AT3G15370, AT3G29030, AT3G55500, AT3G60570, AT4G01630, AT4G28250, AT4G38210, AT5G02260, AT5G05290, AT5G39260, AT5G39270, AT5G39280, AT5G39290, AT5G39300, AT5G39310, AT5G56320
OG0000012		AT1G07570, AT1G07870, AT1G14370, AT1G20650, AT1G24030, AT1G26970, AT1G54820, AT1G61590, AT1G61860, AT1G69790, AT1G72540, AT1G74490, AT1G76360, AT1G76370, AT1G80640, AT2G02800, AT2G05940, AT2G07180, AT2G17220, AT2G20300, AT2G25220, AT2G26290, AT2G28590, AT2G28930, AT2G28940, AT2G39110, AT2G39660, AT3G01300, AT3G02810, AT3G07070, AT3G09830, AT3G20530, AT3G24790, AT3G26940, AT3G28690, AT3G55450, AT3G58690, AT4G02010, AT4G13190, AT4G17660, AT4G32000, AT4G35600, AT5G01020, AT5G02290, AT5G02800, AT5G03320, AT5G11020, AT5G13160, AT5G15080, AT5G16500, AT5G18610, AT5G35580, AT5G47070, AT5G56460, AT5G56890
OG0000013		AT1G02340, AT1G03040, AT1G05805, AT1G09530, AT1G10100, AT1G10120, AT1G18400, AT1G25330, AT1G26260, AT1G27740, AT1G35460, AT1G51140, AT1G59640, AT1G66470, AT1G68920, AT1G69010, AT1G73830, AT2G14760, AT2G18300, AT2G20180, AT2G24260, AT2G42280, AT2G42300, AT2G43010, AT2G43140, AT2G46970, AT3G07340, AT3G21330, AT3G23690, AT3G42310, AT3G50330, AT3G57800, AT3G59060, AT3G62090, AT4G00050, AT4G00120, AT4G02590, AT4G09180, AT4G28790, AT4G28800, AT4G28811, AT4G28815, AT4G30980, AT4G33880, AT4G34530, AT4G36540, AT4G36930, AT5G01305, AT5G08130, AT5G09750, AT5G37800, AT5G38860, AT5G43175, AT5G48560, AT5G50915, AT5G58010, AT5G61270, AT5G62610, AT5G67060, AT5G67110
OG0000014	ostta07g04340, ostta08g02190, ostta11g02490	AT1G13960, AT1G18860, AT1G29280, AT1G29860, AT1G30650, AT1G55600, AT1G62300, AT1G64000, AT1G68150, AT1G69310, AT1G69810, AT1G80840, AT2G03340, AT2G04880, AT2G21900, AT2G23320, AT2G24570, AT2G25000, AT2G30250, AT2G30590, AT2G34830, AT2G37260, AT2G38470, AT2G44745, AT2G46130, AT2G47260, AT3G01080, AT3G01970, AT3G04670, AT3G58710, AT3G62340, AT4G01250, AT4G01720, AT4G04450, AT4G18170, AT4G22070, AT4G23550, AT4G24240, AT4G26440, AT4G26640, AT4G30935, AT4G31550, AT4G31800, AT4G39410, AT5G07100, AT5G13080, AT5G15130, AT5G26170, AT5G28650, AT5G41570, AT5G43290, AT5G46350, AT5G49520, AT5G52830, AT5G56270, AT5G64810
OG0000015		AT1G06990, AT1G20120, AT1G20130, AT1G20132, AT1G20135, AT1G23500, AT1G29660, AT1G29670, AT1G33811, AT1G58430, AT1G58525, AT1G58725, AT1G59030, AT1G59406, AT1G71120, AT1G71250, AT1G71691, AT1G73610, AT1G74460, AT1G75880, AT1G75890, AT1G75900, AT1G75910, AT1G75920, AT1G75930, AT2G04570, AT2G23540, AT2G24560, AT2G30220, AT2G30310, AT2G31540, AT2G31550, AT2G40250, AT2G42990, AT3G04290, AT3G14820, AT3G16370, AT3G43550, AT3G43570, AT3G50400, AT3G53100, AT4G10950, AT4G16220, AT4G16230, AT4G18970, AT4G26790, AT4G28780, AT5G03810, AT5G03820, AT5G08460, AT5G15720, AT5G18430, AT5G22810, AT5G33370, AT5G37690, AT5G41890, AT5G42170, AT5G45670, AT5G45950, AT5G45960, AT5G55050, AT5G63170
OG0000016		AT1G01720, AT1G12260, AT1G26870, AT1G32510, AT1G32770, AT1G32870, AT1G33060, AT1G33280, AT1G34180, AT1G34190, AT1G52880, AT1G52890, AT1G54330, AT1G61110, AT1G62700, AT1G65910, AT1G69490, AT1G71930, AT1G76420, AT1G77450, AT1G79580, AT2G02450, AT2G17040, AT2G18060, AT2G24430, AT2G43000, AT2G46770, AT3G03200, AT3G04060, AT3G04070, AT3G10480, AT3G10490, AT3G10500, AT3G12910, AT3G12977, AT3G15170, AT3G15500, AT3G15510, AT3G17730, AT3G18400, AT3G29035, AT3G49530, AT3G61910, AT4G10350, AT4G17980, AT4G35580, AT4G36160, AT5G04400, AT5G04410, AT5G07680, AT5G08790, AT5G09330, AT5G13180, AT5G17260, AT5G18270, AT5G39610, AT5G39820, AT5G46590, AT5G53950, AT5G61430, AT5G62380, AT5G63790, AT5G64060, AT5G66300
OG0000017	ostta01g00580, ostta04g00780, ostta12g00180	AT1G11670, AT1G12950, AT1G15150, AT1G15160, AT1G15170, AT1G15180, AT1G23300, AT1G33080, AT1G33090, AT1G33100, AT1G33110, AT1G47530, AT1G58340, AT1G61890, AT1G64820, AT1G66760, AT1G66780, AT1G71140, AT1G71870, AT1G73700, AT2G04040, AT2G04050, AT2G04066, AT2G04070, AT2G04080, AT2G04090, AT2G04100, AT2G34360, AT2G38510, AT3G03620, AT3G21690, AT3G23550, AT3G23560, AT3G26590, AT3G59030, AT4G00350, AT4G21903, AT4G21910, AT4G23030, AT4G25640, AT4G29140, AT5G10420, AT5G17700, AT5G19700, AT5G38030, AT5G44050, AT5G49130, AT5G52050, AT5G52450, AT5G65380
OG0000018		AT1G17800, AT1G22480, AT1G48940, AT1G72230, AT1G79800, AT2G02850, AT2G23990, AT2G25060, AT2G26720, AT2G27035, AT2G31050, AT2G32300, AT2G44790, AT3G01070, AT3G17675, AT3G18590, AT3G20570, AT3G27200, AT3G28958, AT3G53330, AT3G60270, AT3G60280, AT4G01380, AT4G12880, AT4G27520, AT4G28365, AT4G30590, AT4G31840, AT4G32490, AT5G07475, AT5G14345, AT5G15350, AT5G20230, AT5G25090, AT5G26330, AT5G53870, AT5G57920
OG0000019		AT1G01430, AT1G29050, AT1G48880, AT1G60790, AT1G70230, AT1G73140, AT1G78710, AT2G14530, AT2G30010, AT2G30900, AT2G31110, AT2G34070, AT2G37720, AT2G38320, AT2G40150, AT2G40160, AT2G40320, AT2G42570, AT3G02440, AT3G06080, AT3G11030, AT3G11570, AT3G12060, AT3G14850, AT3G28150, AT3G54260, AT3G55990, AT3G62390, AT4G01080, AT4G11090, AT4G23790, AT4G25360, AT5G01360, AT5G01620, AT5G06230, AT5G06700, AT5G15890, AT5G15900, AT5G19160, AT5G20590, AT5G20680, AT5G49340, AT5G51640, AT5G58600, AT5G64020, AT5G64470
OG0000020	ostta07g01710	AT1G05160, AT1G12740, AT1G55940, AT1G73340, AT1G78490, AT2G29090, AT2G32440, AT2G42850, AT3G13730, AT3G19270, AT3G30180, AT3G44970, AT3G50660, AT4G19230, AT4G36380, AT5G05690, AT5G14400, AT5G36110, AT5G36130, AT5G36140, AT5G38970, AT5G45340, AT5G48000
OG0000021	ostta11g01490	AT1G12110, AT1G22540, AT1G22550, AT1G22570, AT1G32450, AT1G62200, AT1G68570, AT1G72120, AT1G72125, AT1G72130, AT1G72140, AT2G02020, AT2G02040, AT2G26690, AT2G37900, AT2G40460, AT3G21670, AT3G53960, AT3G54140, AT3G54450, AT4G21680, AT5G01180, AT5G13400, AT5G19640, AT5G46040, AT5G46050
OG0000022		AT1G07460, AT1G15530, AT1G24159, AT1G53060, AT1G53070, AT1G53080, AT1G70110, AT1G70130, AT2G37710, AT2G43690, AT2G43700, AT3G08870, AT3G15356, AT3G16530, AT3G45330, AT3G45390, AT3G45410, AT3G45420, AT3G45430, AT3G45440, AT3G53380, AT3G53810, AT3G55550, AT3G59700, AT3G59730, AT3G59740, AT3G59750, AT4G02410, AT4G02420, AT4G04960, AT4G28350, AT4G29050, AT5G01540, AT5G01550, AT5G01560, AT5G03140, AT5G03350, AT5G10530, AT5G42120, AT5G55830, AT5G59260, AT5G59270, AT5G60270, AT5G60280, AT5G60300, AT5G60310, AT5G60320, AT5G65600
OG0000023		AT1G10550, AT1G11545, AT1G14720, AT1G32170, AT1G65310, AT2G01850, AT2G06850, AT2G14620, AT2G18800, AT2G36870, AT3G23730, AT3G25050, AT3G44990, AT3G48580, AT4G03210, AT4G13080, AT4G13090, AT4G14130, AT4G18990, AT4G25810, AT4G25820, AT4G28850, AT4G30270, AT4G30280, AT4G30290, AT4G37800, AT5G13870, AT5G48070, AT5G57530, AT5G57540, AT5G57550, AT5G57560, AT5G65730
OG0000024	ostta01g05160	AT1G22130, AT1G24260, AT1G26310, AT1G69120, AT1G77950, AT1G77980, AT2G03710, AT2G14210, AT2G22540, AT2G22630, AT2G24840, AT2G34440, AT2G42830, AT2G45650, AT2G45660, AT3G02310, AT3G30260, AT3G57230, AT3G57390, AT3G58780, AT3G61120, AT3G66656, AT4G09960, AT4G11880, AT4G18960, AT4G22950, AT4G24540, AT4G36590, AT4G37940, AT5G10140, AT5G13790, AT5G15800, AT5G20240, AT5G23260, AT5G51860, AT5G51870, AT5G60440, AT5G60910, AT5G62165
OG0000025		
OG0000026	ostta01g00930	AT1G03390, AT1G24430, AT1G27620, AT1G65450, AT2G19070, AT2G23510, AT2G25150, AT2G40230, AT3G03480, AT3G47170, AT3G48720, AT5G07080, AT5G17540, AT5G41040, AT5G48930, AT5G57840, AT5G63560
OG0000027		AT1G19190, AT1G47480, AT1G49640, AT1G49650, AT1G49660, AT1G68620, AT2G03550, AT2G45600, AT2G45610, AT3G05120, AT3G27320, AT3G48690, AT3G48700, AT3G63010, AT5G06570, AT5G14310, AT5G16080, AT5G23530, AT5G27320, AT5G62180
OG0000028		AT1G09390, AT1G28570, AT1G28580, AT1G28590, AT1G28600, AT1G28610, AT1G28640, AT1G28650, AT1G28660, AT1G28670, AT1G31550, AT1G54790, AT1G56670, AT1G67830, AT2G27360, AT3G05180, AT3G26430, AT3G27950, AT3G48460, AT3G62280, AT4G01130, AT5G03980, AT5G14450, AT5G45910
OG0000029		AT1G01620, AT1G17810, AT1G31885, AT1G52180, AT1G73190, AT1G80760, AT2G16850, AT2G25810, AT2G29870, AT2G34390, AT2G36830, AT2G37170, AT2G37180, AT2G39010, AT2G45960, AT3G06100, AT3G16240, AT3G26520, AT3G47440, AT3G53420, AT3G54820, AT3G61430, AT4G00430, AT4G01470, AT4G10380, AT4G17340, AT4G18910, AT4G19030, AT4G23400, AT4G35100, AT5G37810, AT5G37820, AT5G47450, AT5G60660
OG0000030		AT1G11820, AT1G30080, AT1G32860, AT1G66250, AT2G01630, AT2G05790, AT2G16230, AT2G26600, AT2G27500, AT2G39640, AT3G07320, AT3G13560, AT3G15800, AT3G23770, AT3G46570, AT3G55430, AT3G57240, AT3G57260, AT3G57270, AT3G61810, AT4G14080, AT4G16260, AT4G18340, AT4G26830, AT4G29360, AT4G34480, AT5G24318, AT5G42100, AT5G42720, AT5G55180, AT5G56590
OG0000031	ostta09g00730, ostta17g00800, ostta18g01945	AT1G07400, AT1G53540, AT1G54050, AT1G59860, AT2G19310, AT2G29500, AT3G46230, AT4G10250, AT5G04890, AT5G12020, AT5G12030, AT5G37670, AT5G59720
OG0000032		AT1G34300, AT2G19130, AT4G00340, AT4G32300, AT5G20050, AT5G24080, AT5G35370
OG0000033	ostta11g02095	AT1G02850, AT1G26560, AT1G45191, AT1G47600, AT1G51470, AT1G51490, AT1G52400, AT1G60090, AT1G60260, AT1G60270, AT1G61810, AT1G61820, AT1G66270, AT1G66280, AT1G75940, AT2G25630, AT2G32860, AT2G44450, AT2G44460, AT2G44470, AT2G44480, AT2G44490, AT3G03640, AT3G09260, AT3G18070, AT3G18080, AT3G21370, AT3G60120, AT3G60130, AT3G60140, AT3G62740, AT3G62750, AT4G21760, AT4G22100, AT4G27820, AT4G27830, AT5G16580, AT5G24540, AT5G24550, AT5G28510, AT5G36890, AT5G42260, AT5G44640, AT5G48175, AT5G54570
OG0000034	ostta07g00120	AT1G15210, AT1G15520, AT1G59870, AT1G66950, AT2G26910, AT2G29940, AT2G36380, AT2G37280, AT3G16340, AT3G30842, AT3G53480, AT4G15215, AT4G15230, AT4G15233, AT4G15236
OG0000035	ostta05g03480, ostta09g01120, ostta15g00800	AT1G18630, AT1G60000, AT1G60650, AT1G73530, AT1G74230, AT2G21660, AT2G21690, AT2G27330, AT2G35410, AT2G37220, AT2G37510, AT3G08000, AT3G23830, AT3G26420, AT3G46020, AT3G52150, AT3G52380, AT3G53460, AT4G13850, AT4G13860, AT4G20030, AT4G24770, AT4G39260, AT5G04280, AT5G06210, AT5G19030, AT5G50250, AT5G54580, AT5G59860, AT5G59865, AT5G61030
OG0000036		AT1G21100, AT1G21110, AT1G21120, AT1G21130, AT1G33030, AT1G51990, AT1G62900, AT1G63140, AT1G76790, AT1G77520, AT1G77530, AT3G53140, AT4G35150, AT4G35160, AT5G37170, AT5G53810, AT5G54160
OG0000037	ostta03g03410, ostta09g03490	AT1G08650, AT1G12580, AT1G12680, AT1G18890, AT1G35670, AT1G50700, AT1G61950, AT1G74740, AT1G76040, AT2G17290, AT2G17890, AT2G35890, AT2G38910, AT2G41860, AT3G04530, AT3G10660, AT3G20410, AT3G51850, AT3G57530, AT4G04710, AT4G04720, AT4G04740, AT4G09570, AT4G21940, AT4G23650, AT4G35310, AT4G36070, AT5G04870, AT5G12180, AT5G12480, AT5G19360, AT5G19450, AT5G23580, AT5G66210
OG0000038		AT1G01300, AT1G25510, AT1G31450, AT1G64830, AT1G79720, AT2G03200, AT2G35615, AT2G42980, AT3G12700, AT3G18490, AT3G20015, AT3G25700, AT3G59080, AT3G61820, AT5G10760, AT5G10770, AT5G33340
OG0000039	ostta01g05400, ostta07g00910, ostta08g01750, ostta12g01170, ostta16g00765	AT1G11970, AT1G11980, AT1G23410, AT1G31340, AT1G53930, AT1G53945, AT1G53950, AT1G53980, AT1G55060, AT1G65350, AT2G35635, AT2G36170, AT2G47110, AT3G09790, AT3G52590, AT3G62250, AT4G02890, AT4G05050, AT4G05320, AT5G03240, AT5G09340, AT5G20620, AT5G37640
OG0000040	ostta01g04600, ostta07g03100	AT1G02520, AT1G02530, AT1G10680, AT1G27940, AT1G28010, AT1G70610, AT2G36910, AT2G39480, AT2G47000, AT3G28345, AT3G28360, AT3G28380, AT3G28390, AT3G28415, AT3G28860, AT3G55320, AT3G62150, AT4G01820, AT4G01830, AT4G18050, AT4G25960, AT5G39040, AT5G46540
OG0000041		AT1G17060, AT1G67110, AT1G75130, AT2G26710, AT2G46950, AT2G46960, AT3G14610, AT3G14620, AT3G14630, AT3G14640, AT3G14650, AT3G14660, AT3G14680, AT3G14690, AT4G27710, AT5G24900, AT5G24910, AT5G38450
OG0000042	ostta12g01260	AT1G11080, AT1G28110, AT1G33540, AT1G43780, AT1G61130, AT1G73270, AT1G73280, AT1G73290, AT1G73300, AT1G73310, AT2G05850, AT2G12480, AT2G22920, AT2G22970, AT2G22980, AT2G22990, AT2G23000, AT2G23010, AT2G24000, AT2G24010, AT2G33530, AT2G35770, AT2G35780, AT3G02110, AT3G07990, AT3G10450, AT3G12203, AT3G12220, AT3G12230, AT3G12240, AT3G17180, AT3G25420, AT3G52000, AT3G52010, AT3G52020, AT3G56540, AT3G63470, AT4G12910, AT4G15100, AT4G30610, AT4G30810, AT5G08260, AT5G09640, AT5G23210, AT5G36180, AT5G42230, AT5G42240
OG0000043		AT1G01600, AT1G13140, AT1G13150, AT1G24540, AT1G34540, AT1G47620, AT1G57750, AT1G63710, AT1G65340, AT1G66030, AT1G69500, AT2G21910, AT2G23180, AT2G27690, AT2G44890, AT2G45510, AT2G45970, AT3G01900, AT3G26125, AT3G48520, AT3G56630, AT4G00360, AT4G32170, AT4G39480, AT4G39490, AT4G39500, AT4G39510, AT5G02900, AT5G08250, AT5G23190, AT5G51900, AT5G52320, AT5G58860, AT5G63450
OG0000044	ostta14g01390	AT1G10360, AT1G10370, AT1G17170, AT1G17180, AT1G17190, AT1G27130, AT1G27140, AT1G53680, AT1G59670, AT1G59700, AT1G69920, AT1G69930, AT1G74590, AT1G78320, AT1G78340, AT1G78360, AT1G78370, AT1G78380, AT2G29420, AT2G29440, AT2G29450, AT2G29460, AT2G29470, AT2G29480, AT2G29490, AT3G09270, AT3G43800, AT5G62480
OG0000045	ostta03g00040, ostta07g01580	AT1G04120, AT1G30400, AT1G30410, AT1G30420, AT2G07680, AT2G34660, AT2G47800, AT3G13080, AT3G13090, AT3G13100, AT3G21250, AT3G59140, AT3G60160, AT3G60970, AT3G62700
OG0000046	ostta12g02780	AT1G14600, AT1G32240, AT1G69580, AT1G79430, AT2G01060, AT2G02060, AT2G06020, AT2G20400, AT2G38300, AT2G40260, AT2G42660, AT3G04030, AT3G04450, AT3G12730, AT3G13040, AT3G24120, AT4G04555, AT4G04580, AT4G04605, AT4G13640, AT4G17695, AT4G28610, AT5G06800, AT5G16560, AT5G18240, AT5G29000, AT5G42630, AT5G45580
OG0000047		
OG0000048	ostta07g03080, ostta08g00900, ostta08g01900, ostta09g02260, ostta11g02010	AT1G20060, AT1G21730, AT1G59540, AT2G21380, AT3G10180, AT3G12020, AT3G17360, AT3G19050, AT3G23670, AT3G44050, AT3G63480, AT4G14150, AT4G39050, AT5G06670
OG0000049		
OG0000050	ostta13g01990	AT1G14200, AT1G18760, AT1G18770, AT1G18780, AT1G21960, AT1G26800, AT1G49850, AT1G50350, AT1G55530, AT1G60360, AT1G68180, AT1G74620, AT2G03000, AT2G15580, AT2G29840, AT2G39720, AT2G40830, AT2G44330, AT3G02340, AT3G10815, AT3G13228, AT3G13430, AT3G19950, AT3G30460, AT3G46620, AT3G56580, AT3G58720, AT3G60080, AT4G26400, AT5G01980, AT5G08139, AT5G15820, AT5G20910, AT5G53910, AT5G56340, AT5G59550, AT5G60820, AT5G64920
OG0000051		
OG0000052	ostta13g01150, ostta17g01940	AT1G05100, AT1G07150, AT1G09000, AT1G53570, AT1G54960, AT1G63700, AT2G30040, AT2G32510, AT3G06030, AT3G50310, AT4G08470, AT4G08480, AT4G08500, AT4G26890, AT4G36950, AT5G55090, AT5G66850, AT5G67080
OG0000053		AT1G18140, AT2G29130, AT2G30210, AT2G38080, AT2G40370, AT2G46570, AT3G09220, AT4G39830, AT5G01040, AT5G01050, AT5G01190, AT5G03260, AT5G05390, AT5G07130, AT5G09360, AT5G21100, AT5G21105, AT5G48100, AT5G58910, AT5G60020
OG0000054	ostta03g02220, ostta03g03730, ostta06g01110, ostta08g04170, ostta13g02000, ostta14g02090	AT1G16060, AT1G51190, AT1G72570, AT1G79700, AT2G28550, AT2G39250, AT2G41710, AT3G20840, AT3G54320, AT3G54990, AT4G36920, AT4G37750, AT5G10510, AT5G17430, AT5G57390, AT5G60120, AT5G65510, AT5G67180
OG0000055	ostta11g00990, ostta14g00065	AT1G29910, AT1G29920, AT1G29930, AT1G76570, AT2G05070, AT2G05100, AT2G34420, AT2G34430, AT3G27690, AT4G10340, AT5G54270
OG0000056	ostta04g00015, ostta09g01410	AT1G09740, AT1G11360, AT1G68300, AT2G21620, AT2G47710, AT3G01520, AT3G03270, AT3G11930, AT3G17020, AT3G25930, AT3G53990, AT3G58450, AT3G62550, AT4G27320, AT5G14680, AT5G49050, AT5G54430
OG0000057		AT1G05310, AT1G11370, AT1G69940, AT2G19150, AT2G21610, AT2G36700, AT2G36710, AT2G47280, AT3G17060, AT3G24130, AT3G29090, AT5G07410, AT5G07420, AT5G07430, AT5G18990, AT5G19730, AT5G26810, AT5G47500, AT5G55590, AT5G61680
OG0000058		AT1G09480, AT1G09490, AT1G09500, AT1G09510, AT1G15950, AT1G25460, AT1G51410, AT1G66800, AT1G68540, AT1G76470, AT1G80820, AT2G02400, AT2G33590, AT2G33600, AT2G45400, AT4G35420, AT5G19440, AT5G42800, AT5G58490
OG0000059	ostta04g03620, ostta07g00980, ostta08g02550, ostta09g01510	AT1G06040, AT1G07050, AT1G25440, AT1G49130, AT1G60250, AT1G68190, AT1G68520, AT1G73870, AT1G75540, AT1G78600, AT2G21320, AT2G24790, AT2G31380, AT2G47890, AT3G02380, AT3G21150, AT3G21890, AT4G10240, AT4G15248, AT4G27310, AT4G38960, AT4G39070, AT5G14370, AT5G15840, AT5G15850, AT5G24930, AT5G54470, AT5G57660
OG0000060		AT1G05700, AT1G07550, AT1G07560, AT1G49100, AT1G51790, AT1G51800, AT1G51805, AT1G51810, AT1G51820, AT1G51830, AT1G51840, AT1G51850, AT1G51860, AT1G51870, AT1G51880, AT1G51890, AT1G51910, AT1G67720, AT2G04300, AT2G14440, AT2G14510, AT2G19190, AT2G19210, AT2G19230, AT2G28960, AT2G28970, AT2G28990, AT2G29000, AT2G37050, AT3G05990, AT3G19230, AT3G21340, AT3G45920, AT3G46330, AT3G46340, AT3G46350, AT3G46355, AT3G46370, AT3G46400, AT3G46410, AT3G46420, AT4G00280, AT4G20450, AT4G29180, AT4G29450, AT4G29990, AT5G16900, AT5G59616, AT5G59650, AT5G59660, AT5G59670, AT5G59680
OG0000061	ostta12g00370	
OG0000062	ostta04g02800	AT1G06330, AT1G22990, AT1G23000, AT1G29100, AT1G30473, AT1G56210, AT1G66240, AT1G71050, AT2G18196, AT2G28660, AT2G37390, AT3G05220, AT3G06130, AT3G21490, AT3G24450, AT3G48970, AT3G53530, AT3G56240, AT3G56891, AT4G08570, AT4G10465, AT4G35060, AT4G38580, AT4G39700, AT5G02600, AT5G05365, AT5G17450, AT5G19090, AT5G27690, AT5G37860, AT5G66110
OG0000063		AT1G17345, AT1G19830, AT1G72430, AT1G75580, AT2G16580, AT2G18010, AT2G21200, AT2G21210, AT2G21220, AT2G24400, AT2G28085, AT2G36210, AT2G45210, AT2G46690, AT3G03820, AT3G03830, AT3G03840, AT3G03847, AT3G03850, AT3G12955, AT3G20220, AT3G43120, AT3G51200, AT3G60690, AT3G61900, AT4G00880, AT4G13790, AT4G31320, AT4G34760, AT4G34770, AT4G34780, AT4G34790, AT4G34800, AT4G34810, AT4G36110, AT4G38825, AT4G38840, AT4G38850, AT4G38860, AT5G18010, AT5G18020, AT5G18030, AT5G18050, AT5G18060, AT5G18080, AT5G20810, AT5G20820, AT5G53590, AT5G66260
OG0000064		
OG0000065		AT1G02800, AT1G19940, AT1G22880, AT1G23210, AT1G48930, AT1G64390, AT1G65610, AT1G70710, AT1G71380, AT1G75680, AT2G32990, AT2G44540, AT2G44550, AT2G44560, AT2G44570, AT3G43860, AT4G02290, AT4G09740, AT4G11050, AT4G23560, AT4G24260, AT4G38990, AT4G39000, AT4G39010, AT5G49720
OG0000066		AT1G10480, AT1G13400, AT1G24625, AT1G66140, AT1G67030, AT1G68360, AT1G68480, AT1G80730, AT2G37740, AT2G41940, AT2G42410, AT3G09290, AT3G23130, AT3G23140, AT3G53820, AT3G58070, AT4G17810, AT5G01860, AT5G05120, AT5G06070, AT5G06650, AT5G10970, AT5G14010, AT5G25160, AT5G27880, AT5G43540, AT5G48890, AT5G57520
OG0000067	ostta04g01580	AT1G21460, AT1G66770, AT2G39060, AT3G14770, AT3G16690, AT3G28007, AT3G48740, AT4G10850, AT4G15920, AT4G25010, AT5G13170, AT5G23660, AT5G40260, AT5G50790, AT5G50800, AT5G53190, AT5G62850
OG0000068	ostta12g02630	AT1G09380, AT1G21890, AT1G25270, AT1G43650, AT1G44800, AT1G68170, AT1G75500, AT2G37450, AT2G37460, AT2G39510, AT2G40900, AT3G18200, AT3G30340, AT3G45870, AT3G53210, AT3G56620, AT4G08290, AT4G08300, AT4G19185, AT4G24980, AT4G28040, AT4G30420, AT5G07050, AT5G13670, AT5G45370
OG0000069		AT1G02065, AT1G20980, AT1G27360, AT1G27370, AT1G53160, AT1G69170, AT1G76580, AT2G33810, AT2G42200, AT2G47070, AT3G15270, AT3G57920, AT3G60030, AT5G18830, AT5G43270, AT5G50570, AT5G50670
OG0000070	ostta01g03890, ostta05g03770, ostta08g00200, ostta11g02150	AT1G01370, AT1G09200, AT1G13370, AT1G19890, AT1G75600, AT3G27360, AT4G40030, AT4G40040, AT5G10390, AT5G10400, AT5G10980, AT5G12910, AT5G65350, AT5G65360
OG0000071		AT1G01390, AT1G01420, AT1G07240, AT1G07250, AT1G07260, AT2G18560, AT2G18570, AT2G29710, AT2G29730, AT2G29740, AT2G29750, AT3G16520, AT3G21750, AT3G21760, AT3G21780, AT3G21790, AT3G21800, AT3G50740, AT4G01070, AT4G15260, AT4G15270, AT4G15280, AT4G36770, AT5G26310, AT5G66690
OG0000072	ostta04g02850, ostta08g01730	AT1G07640, AT1G21340, AT1G26790, AT1G28310, AT1G29160, AT1G47655, AT1G51700, AT1G64620, AT1G69570, AT2G28510, AT2G28810, AT2G34140, AT2G37590, AT2G46590, AT3G21270, AT3G45610, AT3G47500, AT3G50410, AT3G52440, AT3G55370, AT3G61850, AT4G00940, AT4G24060, AT4G38000, AT5G02460, AT5G39660, AT5G60200, AT5G60850, AT5G62430, AT5G62940, AT5G65590, AT5G66940
OG0000073		AT1G02730, AT1G32180, AT1G55850, AT2G21770, AT2G25540, AT2G33100, AT3G03050, AT4G18780, AT4G23990, AT4G24000, AT4G24010, AT4G32410, AT4G38190, AT4G39350, AT5G05170, AT5G09870, AT5G16910, AT5G17420, AT5G44030, AT5G64740
OG0000074	ostta01g03910, ostta18g00720	AT1G05990, AT1G18210, AT1G18530, AT1G24620, AT1G32250, AT1G66400, AT1G66410, AT1G73630, AT2G27030, AT2G36180, AT2G41090, AT2G41100, AT2G41110, AT2G43290, AT3G03000, AT3G03400, AT3G03410, AT3G07490, AT3G22930, AT3G25600, AT3G43810, AT3G51920, AT3G56800, AT3G59440, AT4G03290, AT4G12860, AT4G14640, AT5G17470, AT5G21274, AT5G37770, AT5G37780
OG0000075	ostta12g01750	AT1G06260, AT1G09850, AT1G20850, AT1G29080, AT1G29090, AT1G29110, AT1G47128, AT2G27420, AT2G34080, AT3G19390, AT3G19400, AT3G43960, AT3G48340, AT3G48350, AT3G49340, AT4G11310, AT4G11320, AT4G23520, AT4G35350, AT4G36880, AT5G43060, AT5G45890, AT5G50260
OG0000076		
OG0000077	ostta08g01920, ostta12g00990	AT1G07790, AT1G08170, AT2G28720, AT2G37470, AT3G09480, AT3G45980, AT3G46030, AT3G53650, AT5G02570, AT5G22880, AT5G59910
OG0000078	ostta01g04920, ostta01g05610, ostta08g02760, ostta09g02850, ostta09g02860, ostta10g01120, ostta10g01700, ostta10g03240, ostta11g01980, ostta16g00830, ostta17g00010	AT1G06430, AT1G50250, AT1G79560, AT2G26140, AT2G30950, AT3G02450, AT3G16290, AT3G47060, AT4G23940, AT5G15250, AT5G42270, AT5G53170, AT5G58870
OG0000079	ostta16g02540	AT1G16440, AT1G51170, AT1G53700, AT1G79250, AT2G02710, AT2G26700, AT2G34650, AT2G36350, AT2G44830, AT3G12690, AT3G14370, AT3G20830, AT3G25250, AT3G27580, AT3G44610, AT3G45780, AT3G52890, AT4G13000, AT4G26610, AT5G03640, AT5G40030, AT5G47750, AT5G55910, AT5G58140
OG0000080		AT1G03010, AT1G30440, AT1G67900, AT2G14820, AT2G23050, AT2G30520, AT2G47860, AT3G08570, AT3G08660, AT3G26490, AT3G44820, AT3G49970, AT3G50840, AT4G31820, AT4G37590, AT5G03250, AT5G10250, AT5G13600, AT5G47800, AT5G48130, AT5G48800, AT5G64330, AT5G66560, AT5G67385, AT5G67440
OG0000081	ostta02g03440, ostta03g01100, ostta05g02190, ostta07g00720, ostta07g03410	AT1G08000, AT1G08010, AT2G18380, AT2G28340, AT2G45050, AT3G06740, AT3G16870, AT3G20750, AT3G24050, AT3G45170, AT3G50870, AT3G51080, AT3G54810, AT3G60530, AT4G16141, AT4G26150, AT4G32890, AT4G34680, AT4G36240, AT4G36620, AT5G25830, AT5G26930, AT5G49300, AT5G56860, AT5G66320
OG0000082		AT1G06280, AT1G07900, AT1G16530, AT1G31320, AT1G65620, AT2G28500, AT2G30130, AT2G30340, AT2G31310, AT2G40470, AT2G42430, AT2G42440, AT2G45410, AT2G45420, AT3G03760, AT3G11090, AT3G13850, AT3G26620, AT3G26660, AT3G27650, AT3G50510, AT3G58190, AT4G00210, AT4G00220, AT5G06080, AT5G15060, AT5G63090, AT5G66870
OG0000083		
OG0000084		
OG0000085		AT1G01310, AT1G50050, AT1G50060, AT2G14580, AT2G14610, AT2G19970, AT2G19980, AT2G19990, AT3G09590, AT3G19690, AT4G07820, AT4G25780, AT4G25790, AT4G30320, AT4G31470, AT4G33710, AT4G33720, AT4G33730, AT5G02730, AT5G26130, AT5G57625, AT5G66590
OG0000086	ostta01g05630, ostta07g03900, ostta07g04290, ostta09g01150, ostta12g02840, ostta17g01830	AT2G25170, AT2G28290, AT2G44980, AT2G46020, AT3G06010, AT3G06400, AT4G31900, AT5G18620, AT5G19310, AT5G44800, AT5G66750
OG0000087	ostta08g01910, ostta12g00980, ostta16g01060	AT1G08880, AT1G51060, AT1G54690, AT3G20670, AT4G27230, AT5G02560, AT5G27670, AT5G54640, AT5G59870
OG0000088		AT1G31120, AT1G60160, AT1G70300, AT2G30070, AT2G35060, AT2G40540, AT3G02050, AT4G13420, AT4G19960, AT4G23640, AT4G33530, AT5G09400, AT5G14880
OG0000089		AT1G01120, AT1G04220, AT1G07720, AT1G19440, AT1G25450, AT1G68530, AT1G71160, AT2G15090, AT2G16280, AT2G26250, AT2G26640, AT2G28630, AT4G34510, AT4G34520, AT5G04530, AT5G43760
OG0000090		
OG0000091		AT1G15125, AT1G19640, AT1G66690, AT1G66700, AT1G66720, AT1G68040, AT2G14060, AT3G11480, AT3G21950, AT3G44840, AT3G44860, AT3G44870, AT4G26420, AT4G26460, AT4G36470, AT5G04370, AT5G04380, AT5G37970, AT5G37990, AT5G38020, AT5G38100, AT5G38780, AT5G55250, AT5G56300, AT5G66430
OG0000092	ostta04g03110, ostta08g02900, ostta10g00680	AT1G09170, AT1G18410, AT1G55550, AT1G63640, AT1G72250, AT1G73860, AT2G22610, AT2G47500, AT3G10310, AT3G44730, AT4G05190, AT4G21270, AT4G27180, AT5G27000, AT5G27550, AT5G27950, AT5G41310, AT5G54670
OG0000093	ostta13g00820, ostta13g02895	AT1G01140, AT1G29230, AT1G30270, AT1G48260, AT2G25090, AT2G26980, AT2G30360, AT2G34180, AT2G38490, AT3G17510, AT3G23000, AT4G14580, AT4G18700, AT4G24400, AT4G30960, AT5G01810, AT5G01820, AT5G07070, AT5G10930, AT5G21222, AT5G21326, AT5G25110, AT5G25630, AT5G35410, AT5G45810, AT5G45820, AT5G57630, AT5G58380
OG0000094		AT1G22900, AT1G55210, AT1G58170, AT1G65870, AT2G21100, AT2G21110, AT3G13650, AT3G13660, AT3G13662, AT3G58090, AT4G38700, AT5G42500, AT5G42510, AT5G49040
OG0000095	ostta01g06340, ostta01g06350, ostta11g02160	AT1G07660, AT1G07820, AT2G28740, AT3G45930, AT3G46320, AT3G53730, AT5G59690, AT5G59970
OG0000096	ostta01g03850, ostta03g05100, ostta06g00620, ostta06g03860, ostta10g01480, ostta15g00080	AT1G72070, AT1G80920, AT2G17880, AT3G13310, AT4G13830, AT4G36040, AT5G18140, AT5G59610
OG0000097		AT1G30570, AT1G79620, AT2G21480, AT2G23200, AT2G39360, AT3G04690, AT3G46290, AT3G51550, AT4G39110, AT5G24010, AT5G28680, AT5G38990, AT5G39000, AT5G49750, AT5G49760, AT5G49770, AT5G49780, AT5G54380, AT5G59700, AT5G61350
OG0000098		AT1G18940, AT1G74780, AT1G80530, AT2G16660, AT2G28120, AT2G34350, AT2G34355, AT2G39210, AT3G01930, AT4G34950, AT5G14120, AT5G50520, AT5G50630
OG0000099		
OG0000100		AT1G15670, AT1G16250, AT1G22040, AT1G27420, AT1G30090, AT1G55270, AT1G67480, AT1G80440, AT2G24540, AT2G44130, AT3G59940, AT3G61350, AT3G63220
OG0000101		AT1G03020, AT1G06830, AT1G28480, AT1G77370, AT2G20270, AT2G30540, AT2G47870, AT2G47880, AT3G02000, AT3G21460, AT3G62930, AT3G62950, AT3G62960, AT4G15660, AT4G15670, AT4G15680, AT4G15690, AT4G15700, AT4G28730, AT5G14070, AT5G18600, AT5G20500, AT5G40370, AT5G63030
OG0000102	ostta20g00060	AT1G32330, AT1G46264, AT1G67970, AT1G77570, AT2G26150, AT2G41690, AT3G02990, AT3G22830, AT3G24520, AT3G51910, AT3G63350, AT4G11660, AT4G13980, AT4G17750, AT4G18870, AT4G18880, AT4G19630, AT4G36990, AT5G03720, AT5G16820, AT5G43840, AT5G45710, AT5G54070, AT5G62020
OG0000103		AT1G02360, AT1G05850, AT1G56680, AT2G43570, AT2G43580, AT2G43590, AT2G43600, AT2G43610, AT2G43620, AT3G12500, AT3G16920, AT3G47540, AT3G54420, AT4G01700
OG0000104		AT1G21150, AT5G07900, AT5G54180, AT5G64950
OG0000105	ostta01g02920, ostta03g04250, ostta05g04570, ostta06g04230, ostta07g00530, ostta10g00270	AT1G06230, AT1G17790, AT1G20670, AT1G58025, AT1G73150, AT1G76380, AT2G34900, AT3G01770, AT3G27260, AT3G52280, AT5G10550, AT5G14270, AT5G46550, AT5G55040, AT5G63320, AT5G65630
OG0000106		AT1G10280, AT1G10880, AT1G11940, AT1G51770, AT1G62305, AT1G68380, AT1G68390, AT1G73810, AT2G19160, AT3G21310, AT3G52060, AT4G25870, AT4G30060, AT4G31350, AT4G32290, AT5G11730, AT5G14550, AT5G16170, AT5G22070, AT5G25330, AT5G25970, AT5G57270
OG0000107	ostta05g02845, ostta17g01290	AT1G11090, AT1G18360, AT1G52760, AT1G73480, AT1G77420, AT2G39400, AT2G39410, AT2G39420, AT2G47630, AT3G55180, AT3G55190, AT3G62860, AT5G11650, AT5G14980, AT5G16120, AT5G19290
OG0000108		AT1G02810, AT1G11580, AT1G23200, AT1G53830, AT1G53840, AT2G26440, AT2G26450, AT2G43050, AT2G45220, AT2G47550, AT3G05610, AT3G05620, AT3G06830, AT3G10710, AT3G10720, AT3G14300, AT3G14310, AT3G43270, AT3G47400, AT3G49220, AT3G59010, AT3G60730, AT4G00190, AT4G02300, AT4G02320, AT4G02330, AT4G15980, AT4G33220, AT4G33230, AT5G04960, AT5G04970, AT5G09760, AT5G27870, AT5G49180, AT5G51490, AT5G51500, AT5G53370, AT5G64640
OG0000109		AT1G02050, AT4G00040, AT4G34850, AT5G13930
OG0000110	ostta13g00480, ostta13g00620	AT2G25600, AT2G26650, AT3G02850, AT4G18290, AT4G22200, AT4G32500, AT4G32650, AT5G37500, AT5G46240
OG0000111		AT1G19220, AT1G19850, AT1G30330, AT1G34170, AT1G34310, AT1G34390, AT1G34410, AT1G35240, AT1G35520, AT1G35540, AT1G43950, AT1G59750, AT1G77850, AT2G28350, AT2G33860, AT2G46530, AT3G61830, AT4G23980, AT4G30080, AT5G20730, AT5G37020, AT5G60450, AT5G62000, ATMG00940
OG0000112		AT1G14490, AT1G20900, AT1G63470, AT1G63480, AT1G76500, AT2G33620, AT2G35270, AT2G36560, AT2G42940, AT2G45430, AT2G45850, AT3G04570, AT3G04590, AT3G55560, AT3G60870, AT3G61310, AT4G00200, AT4G12050, AT4G12080, AT4G14465, AT4G17800, AT4G17950, AT4G22770, AT4G22810, AT4G25320, AT4G35390, AT5G28590, AT5G46640, AT5G49700, AT5G51590, AT5G62260
OG0000113	ostta01g00590, ostta12g02810	AT1G59950, AT1G59960, AT2G21250, AT2G21260, AT2G37760, AT2G37770, AT2G37790, AT3G53880, AT5G01670, AT5G62420
OG0000114		AT1G07000, AT1G07725, AT1G51640, AT1G54090, AT1G72470, AT2G28640, AT2G28650, AT2G39380, AT3G09520, AT3G09530, AT3G14090, AT3G29400, AT3G55150, AT4G31540, AT5G03540, AT5G13150, AT5G13990, AT5G50380, AT5G52340, AT5G52350, AT5G58430, AT5G59730, AT5G61010
OG0000115	ostta01g02410, ostta03g04330, ostta06g02120, ostta09g01380, ostta10g01100, ostta10g02750, ostta10g03440, ostta12g01070, ostta17g01750	AT2G16600, AT2G21130, AT2G29960, AT2G38730, AT3G55920, AT3G56070, AT3G62030, AT4G34870, AT4G34960, AT4G38740, AT5G13120, AT5G58710
OG0000116	ostta05g00075, ostta09g00020, ostta09g00430	AT1G49780, AT1G66160, AT2G35930, AT3G02840, AT3G11840, AT3G18710, AT3G19380, AT3G49810, AT3G52450, AT4G21350, AT5G09800, AT5G37490, AT5G64660, AT5G65920
OG0000117	ostta07g00590	AT1G43910, AT2G18190, AT2G18193, AT2G46620, AT3G28510, AT3G28520, AT3G28540, AT3G28560, AT3G28570, AT3G28580, AT3G28600, AT3G28610, AT3G29800, AT3G50930, AT3G50940, AT4G05340, AT4G05380, AT4G25835, AT4G30250, AT5G17730, AT5G17740, AT5G17750, AT5G17760, AT5G40000, AT5G40010, AT5G57480
OG0000118	ostta02g01020, ostta06g00860, ostta17g02030	AT1G09080, AT1G16030, AT1G56410, AT3G09440, AT3G12580, AT5G02490, AT5G02500, AT5G28540, AT5G42020
OG0000119	ostta14g03010	AT2G39760, AT3G03740, AT3G06190, AT3G43700, AT5G19000, AT5G21010
OG0000120		AT1G26360, AT1G33990, AT1G69240, AT2G23550, AT2G23560, AT2G23570, AT2G23580, AT2G23590, AT2G23600, AT2G23610, AT2G23620, AT3G10870, AT3G29770, AT3G50440, AT4G09900, AT4G16690, AT4G37140, AT4G37150, AT5G10300, AT5G58310
OG0000121	ostta04g05040, ostta05g02460, ostta05g03180, ostta11g00890, ostta11g01250, ostta12g01250, ostta14g02800, ostta18g01200	AT1G08720, AT1G18160, AT1G67890, AT1G73660, AT2G31010, AT2G42640, AT3G06620, AT3G06630, AT3G06640, AT3G58640, AT4G23050, AT4G24480, AT5G03730, AT5G11850, AT5G49470
OG0000122		
OG0000123		AT1G17010, AT1G17020, AT1G78550, AT2G06960, AT2G36690, AT3G21420, AT4G10490, AT4G10500, AT4G25300, AT4G25310, AT5G24530
OG0000124		AT2G34930
OG0000125		AT1G05200, AT1G42540, AT2G17260, AT2G24710, AT2G24720, AT2G29100, AT2G29110, AT2G29120, AT2G32390, AT2G32400, AT3G04110, AT3G07520, AT3G51480, AT4G31710, AT4G35290, AT5G11180, AT5G11210, AT5G27100, AT5G48400, AT5G48410
OG0000126	ostta03g00680, ostta10g01310, ostta11g00070, ostta14g02140, ostta17g01570	AT1G11530, AT1G19730, AT1G31020, AT1G45145, AT1G59730, AT1G69880, AT2G35010, AT2G40790, AT3G02730, AT3G08710, AT3G51030, AT3G56420, AT5G16400, AT5G39950, AT5G42980
OG0000127	ostta05g01640, ostta07g00920	AT1G17640, AT1G58470, AT2G33410, AT3G07810, AT3G13224, AT4G14300, AT4G26650, AT4G36960, AT5G40490, AT5G47620, AT5G55550
OG0000128		AT1G54890, AT3G19430, AT4G27400, AT5G54370, AT5G60520, AT5G60530
OG0000129		AT1G05800, AT1G06250, AT1G06800, AT1G30370, AT1G51440, AT2G30550, AT2G31100, AT2G31690, AT2G42690, AT2G44810, AT4G16820, AT4G18550
OG0000130	ostta01g06110, ostta04g02130, ostta17g00940	AT1G10090, AT1G11960, AT1G30360, AT1G32090, AT1G58520, AT1G62320, AT1G69450, AT3G01100, AT3G21620, AT3G54510, AT4G02900, AT4G04340, AT4G15430, AT4G22120
OG0000131		AT3G30730
OG0000132	ostta01g03100, ostta04g02140, ostta05g04080, ostta08g03310, ostta11g02350, ostta14g00370, ostta16g00250	AT1G26370, AT1G27900, AT1G32490, AT2G35340, AT2G47250, AT3G26560, AT3G62310, AT4G16680, AT4G18465, AT5G13010, AT5G14900
OG0000133		AT1G01660, AT1G01670, AT1G01680, AT1G16760, AT1G17540, AT1G56030, AT1G56040, AT1G72760, AT1G78940, AT2G07020, AT2G19410, AT2G24370, AT2G45910, AT2G45920, AT3G20200, AT3G49060, AT4G25160, AT4G31230, AT5G12000, AT5G26150, AT5G35380, AT5G51270, AT5G57035, AT5G61550, AT5G61560, AT5G65500
OG0000134		AT1G34210, AT1G60800, AT1G71830, AT1G73066, AT2G13790, AT2G13800, AT2G23950, AT3G25560, AT3G43740, AT4G30520, AT4G33430, AT5G10290, AT5G16000, AT5G21090, AT5G45780, AT5G63710, AT5G65240
OG0000135		AT1G17420, AT1G55020, AT1G67560, AT1G72520, AT3G22400, AT3G45140
OG0000136		AT1G14430, AT1G19900, AT1G67290, AT1G75620, AT3G53950, AT3G57620, AT5G19580
OG0000137	ostta01g00720, ostta05g04700, ostta07g02010, ostta14g01040	AT1G74310, AT2G25140, AT3G45450, AT3G48870, AT4G14670, AT5G15450, AT5G50920, AT5G51070
OG0000138		AT1G18250, AT1G19320, AT1G20030, AT1G73620, AT1G75030, AT1G75040, AT1G75050, AT1G75800, AT1G77700, AT2G17860, AT2G24810, AT2G28790, AT4G11650, AT4G18253, AT4G24180, AT4G36000, AT4G36010, AT4G38660, AT4G38670, AT5G02140, AT5G24620, AT5G40020
OG0000139	ostta05g04340	AT1G02920, AT1G02930, AT1G02940, AT1G02950, AT1G49860, AT2G02930, AT2G30860, AT2G30870, AT2G47730, AT3G03190, AT3G62760, AT4G02520, AT5G17220
OG0000140	ostta10g02880, ostta12g02770, ostta17g01370	AT1G10630, AT1G23490, AT1G70490, AT2G15310, AT2G24765, AT2G47170, AT3G03120, AT3G22950, AT3G62290, AT5G14670, AT5G17060
OG0000141	ostta06g04460, ostta14g00070	
OG0000142		AT1G08470, AT1G74000, AT1G74010, AT1G74020, AT2G41290, AT2G41300, AT3G51420, AT3G51430, AT3G51440, AT3G51450, AT3G57010, AT3G57020, AT3G57030, AT3G59530, AT5G22020
OG0000143		AT1G31280, AT1G31290, AT1G48410, AT1G69440, AT2G27040, AT2G27880, AT2G32940, AT5G21030, AT5G21150, AT5G43810
OG0000144		AT1G01800, AT2G24190, AT3G59710, AT3G61220, AT5G51030, AT5G61830
OG0000145	ostta07g01640	AT1G05570, AT1G06490, AT2G13680, AT2G31960, AT2G36850, AT3G07160, AT3G14570, AT3G32050, AT3G59100, AT4G03550, AT4G04970, AT5G13000, AT5G36870
OG0000146		AT1G12090, AT1G12100, AT1G62500, AT1G62510, AT2G10940, AT2G45180, AT3G22120, AT4G00165, AT4G12470, AT4G12480, AT4G12490, AT4G12500, AT4G12510, AT4G12520, AT4G12530, AT4G12545, AT4G12550, AT4G15160, AT4G22460, AT4G22490, AT5G46890, AT5G46900
OG0000147		
OG0000148	ostta12g02130	AT1G14870, AT1G14880, AT1G49030, AT1G52200, AT1G58320, AT1G68610, AT1G68630, AT2G40935, AT3G18450, AT3G18460, AT3G18470, AT5G35525
OG0000149		
OG0000150	ostta09g02190	AT1G04310, AT1G66340, AT2G40940, AT3G04580, AT3G23150
OG0000151		
OG0000152		
OG0000153	ostta03g02980, ostta06g01220	AT1G19000, AT1G49010, AT1G70000, AT1G74840, AT2G38090, AT3G10580, AT3G10585, AT3G10590, AT3G10595, AT3G11280, AT3G16350, AT4G09450, AT5G01200, AT5G04760, AT5G05790, AT5G08520, AT5G23650, AT5G47390, AT5G56840, AT5G58900, AT5G61620
OG0000154		AT1G12240, AT1G55120, AT1G62660, AT2G36190, AT3G13784, AT3G13790, AT3G52600, AT5G11920
OG0000155		AT1G36095, AT1G43260, AT3G17450, AT3G22220, AT4G15020, AT5G31412, AT5G33406
OG0000156		AT2G26560, AT2G39220, AT3G54950, AT3G63200, AT4G29800, AT4G37050, AT4G37060, AT4G37070, AT5G43590
OG0000157	ostta04g01820, ostta13g02170, ostta13g02910	AT3G22840, AT4G14690
OG0000158		
OG0000159		AT1G02040, AT1G27730, AT1G49900, AT2G17180, AT2G26940, AT2G28200, AT2G28710, AT2G37430, AT2G45120, AT3G10470, AT3G19580, AT3G46070, AT3G46080, AT3G46090, AT3G49930, AT3G53600, AT3G60580, AT4G35280, AT4G35610, AT4G35700, AT5G03510, AT5G04340, AT5G04390, AT5G43170, AT5G56200, AT5G59820, AT5G61470, AT5G67450
OG0000160	ostta06g03440	AT1G13210, AT1G17500, AT1G26130, AT1G54280, AT1G59820, AT1G68710, AT1G72700, AT3G13900, AT3G25610, AT3G27870, AT5G04930, AT5G44240
OG0000161		
OG0000162	ostta02g01490	AT1G01200, AT1G05810, AT1G06400, AT1G07410, AT1G09630, AT1G16920, AT1G28550, AT2G31680, AT2G33870, AT2G43130, AT3G07410, AT3G12160, AT3G15060, AT3G46830, AT4G18430, AT4G18800, AT4G39990, AT5G45750, AT5G47520, AT5G47960, AT5G59150, AT5G60860, AT5G65270
OG0000163	ostta13g00450	AT1G11000, AT1G11310, AT1G26700, AT1G42560, AT1G61560, AT2G17430, AT2G17480, AT2G33670, AT2G39200, AT2G44110, AT3G45290, AT4G02600, AT4G24250, AT5G53760, AT5G65970
OG0000164		
OG0000165		AT1G08065, AT1G08080, AT2G28210, AT3G52720, AT4G20990, AT4G21000, AT5G04180, AT5G56330
OG0000166	ostta06g03320	AT1G04160, AT1G04600, AT1G08730, AT1G17580, AT1G42680, AT1G50360, AT1G54560, AT2G20290, AT2G31900, AT2G33240, AT3G19960, AT3G58160, AT4G27370, AT4G28710, AT4G33200, AT5G20450, AT5G20470, AT5G20490, AT5G43900, AT5G54280
OG0000167	ostta04g00370	AT1G03790, AT2G19810, AT2G25900, AT2G40140, AT2G41900, AT3G55980, AT4G29190, AT5G07500, AT5G12850, AT5G44260, AT5G58620
OG0000168		AT1G63450, AT1G68470, AT2G20370, AT2G29040, AT2G31990, AT2G32740, AT2G32750, AT4G13990, AT4G22580, AT5G41250, AT5G62220
OG0000169	ostta08g03790, ostta12g01420, ostta16g01340	AT1G49190, AT1G67710, AT2G01760, AT2G25180, AT2G40970, AT3G10760, AT3G16857, AT3G46640, AT3G62670, AT4G16110, AT4G31920, AT5G05090, AT5G49240, AT5G58080, AT5G59570
OG0000170		AT1G35140, AT2G17230, AT2G35150, AT3G02970, AT4G08950, AT5G09440, AT5G51550, AT5G64260
OG0000171		AT1G02460, AT1G05650, AT1G05660, AT1G10640, AT1G23460, AT1G48100, AT1G56710, AT1G60590, AT1G65570, AT1G70500, AT1G80140, AT1G80170, AT2G41850, AT2G43860, AT2G43870, AT2G43880, AT2G43890, AT3G07970, AT3G15720, AT3G26610, AT3G57510, AT3G59850, AT4G01890, AT4G35670, AT5G14650, AT5G17200, AT5G27530, AT5G44830, AT5G44840
OG0000172		
OG0000173		AT1G14080, AT1G14100, AT1G14110, AT1G74420, AT2G03210, AT2G03220, AT2G15350, AT2G15360, AT2G15370, AT2G15390
OG0000174	ostta04g02150	AT1G05470, AT1G34120, AT1G47510, AT1G71710, AT2G01900, AT2G32010, AT2G37440, AT3G63240, AT4G18010, AT5G04980, AT5G65090
OG0000175		AT1G04100, AT1G04240, AT1G04250, AT1G04550, AT1G15580, AT1G51950, AT1G52830, AT1G80390, AT2G22670, AT2G33310, AT2G46990, AT3G04730, AT3G15540, AT3G16500, AT3G17600, AT3G23030, AT3G23050, AT3G62100, AT4G14550, AT4G14560, AT4G28640, AT4G29080, AT4G32280, AT5G25890, AT5G43700, AT5G65670
OG0000176		AT1G32300, AT2G46740, AT2G46750, AT2G46760, AT5G11540, AT5G56470, AT5G56490
OG0000177		
OG0000178	ostta06g02180	AT1G12030, AT1G62420, AT1G77145, AT1G77160, AT2G20670, AT2G38820, AT2G39650, AT3G07350, AT3G22970, AT3G25240, AT3G54550, AT4G14620, AT4G32480
OG0000179		AT1G23160, AT1G28130, AT1G48660, AT1G48670, AT1G48690, AT1G59500, AT2G14960, AT2G23170, AT2G46370, AT2G47750, AT4G03400, AT4G27260, AT4G37390, AT5G13320, AT5G13350, AT5G13360, AT5G13370, AT5G13380, AT5G51470, AT5G54510
OG0000180		AT1G01340, AT1G15990, AT1G19780, AT2G23980, AT2G24610, AT2G28260, AT2G46430, AT2G46440, AT2G46450, AT3G17690, AT3G17700, AT3G48010, AT4G01010, AT4G30360, AT4G30560, AT5G14870, AT5G15410, AT5G53130, AT5G54250, AT5G57940
OG0000181		AT1G10560, AT1G23030, AT1G29340, AT1G60190, AT1G71020, AT2G28830, AT3G07360, AT3G46510, AT3G54850, AT5G01830, AT5G18320, AT5G18330, AT5G18340, AT5G42340
OG0000182	ostta14g03060	AT1G21000, AT1G31040, AT1G32700, AT1G43000, AT1G76590, AT2G01818, AT2G12646, AT2G27930, AT3G50808, AT3G60670, AT4G17900, AT5G46710
OG0000183		AT1G01110, AT1G17480, AT1G18840, AT1G72670, AT1G74690, AT2G26180, AT2G26410, AT2G33990, AT3G09710, AT3G15050, AT3G22190, AT3G49260, AT3G49380, AT3G52290, AT4G00820, AT4G10640, AT5G03040, AT5G13460
OG0000184		AT1G52340, AT2G47120, AT2G47130, AT2G47140, AT2G47150, AT3G26760, AT3G26770, AT3G29250, AT3G29260, AT3G42960, AT3G51680, AT4G03140
OG0000185		AT1G10750, AT1G23340, AT1G55360, AT1G70550, AT2G17750, AT2G19360, AT2G44210, AT2G44220, AT2G44240, AT2G44250, AT3G13510, AT3G48230, AT5G18460, AT5G19170, AT5G25950, AT5G25960, AT5G50150, AT5G56530
OG0000186		AT2G38870, AT2G38900, AT3G46860, AT5G43570, AT5G43580
OG0000187	ostta09g02130, ostta16g02015	AT1G27770, AT2G22950, AT2G41560, AT3G21180, AT3G22910, AT3G57330, AT3G63380, AT4G29900, AT4G37640, AT5G57110
OG0000188	ostta01g00650, ostta01g03760, ostta02g00360, ostta02g03410, ostta17g01820	AT2G03670, AT2G37910, AT3G01610, AT3G09840, AT3G53230, AT3G56690, AT5G03340
OG0000189	ostta04g02840, ostta09g01880	AT2G04850, AT3G07390, AT3G07570, AT3G25290, AT3G59070, AT3G61750, AT4G12980, AT4G17280, AT5G35735, AT5G47530, AT5G48750
OG0000190	ostta06g02540, ostta14g01800, ostta14g02920, ostta16g00430	AT1G49240, AT2G37620, AT2G42090, AT2G42100, AT2G42170, AT3G12110, AT3G18780, AT3G27000, AT3G46520, AT3G53750, AT3G60830, AT5G09810, AT5G59370
OG0000191	ostta02g01060, ostta13g01900, ostta16g01300, ostta16g02570	AT1G05500, AT1G20080, AT2G20990, AT2G21010, AT2G21040, AT3G60950, AT3G61030, AT3G61050, AT5G04220, AT5G11100
OG0000192		AT2G03360, AT2G03370, AT2G41640, AT3G10320, AT3G18170, AT3G18180, AT3G57380
OG0000193		ATMG00810
OG0000194	ostta18g01140	AT1G04180, AT1G04610, AT1G21430, AT1G48910, AT2G33230, AT4G13260, AT4G28720, AT4G32540, AT5G11320, AT5G25620, AT5G43890
OG0000195	ostta05g04930, ostta14g00660	AT1G36340, AT1G64230, AT2G16740, AT3G08690, AT3G08700, AT3G13550, AT3G24515, AT4G27960, AT5G41700, AT5G53300, AT5G56150
OG0000196		AT1G19200, AT1G22160, AT1G53885, AT1G53903, AT1G74940, AT1G78020, AT2G44670, AT3G63210, AT3G63230, AT4G17670, AT4G39795, AT5G20700, AT5G47060, AT5G49120, AT5G65040
OG0000197		
OG0000198		AT1G06920, AT2G18500, AT2G30400, AT2G36026, AT2G36050, AT3G52525, AT3G52540, AT3G52550, AT4G04025, AT4G18830, AT5G01840, AT5G04820, AT5G19650, AT5G22240, AT5G58360
OG0000199	ostta13g01280	AT1G06070, AT1G06850, AT1G35490, AT1G43700, AT2G12900, AT2G12940, AT2G13150, AT2G21230, AT2G21235, AT2G31370, AT2G40620, AT2G42380, AT3G58120, AT4G38900, AT5G07160
OG0000200		AT1G11260, AT1G34580, AT1G50310, AT1G77210, AT3G05960, AT3G19930, AT3G19940, AT4G02050, AT4G21480, AT5G23270, AT5G26250, AT5G26340, AT5G61520
OG0000201		AT1G09400, AT1G17990, AT1G18020, AT1G76680, AT1G76690, AT2G06050
OG0000202	ostta09g02350, ostta17g01100, ostta18g00555	AT1G72680, AT2G21730, AT2G21890, AT3G19450, AT4G34230, AT4G37970, AT4G37980, AT4G37990, AT4G39330
OG0000203	ostta05g03910	AT1G52940, AT1G56360, AT2G16430, AT2G18130, AT2G27190, AT2G32770, AT3G07130, AT3G20500, AT3G46120, AT3G52780, AT3G52810, AT3G52820, AT4G13700, AT4G36350, AT5G34850
OG0000204		AT1G18100, AT1G65480, AT2G27550, AT4G20370, AT5G03840, AT5G62040
OG0000205		AT1G20480, AT1G20490, AT1G20500, AT1G20510, AT1G51680, AT1G62940, AT1G65060, AT3G21230, AT3G21240, AT4G05160, AT4G19010, AT5G38120, AT5G63380
OG0000206		AT1G17600, AT1G17610, AT1G17615, AT1G27170, AT1G27180, AT1G31540, AT1G52900, AT1G61105, AT1G72840, AT1G72850, AT1G72860, AT1G72870, AT1G72890, AT1G72900, AT1G72910, AT1G72920, AT1G72930, AT1G72940, AT1G72950, AT2G20142, AT4G09360, AT4G09420, AT4G09430, AT4G09435, AT5G17680, AT5G36930, AT5G40090, AT5G40100, AT5G46260, AT5G46270, AT5G48770, AT5G48780
OG0000207		AT1G09155, AT1G12710, AT1G33920, AT1G56240, AT1G56250, AT1G63090, AT1G80110, AT2G02230, AT2G02240, AT2G02250, AT2G02280, AT2G02300, AT2G02310, AT2G02320, AT2G02340, AT2G02350, AT2G02360, AT3G53000, AT3G61060, AT4G19840, AT4G19850, AT5G24560, AT5G52120
OG0000208		AT1G20860, AT1G76430, AT2G32830, AT2G38940, AT3G54700, AT4G08878, AT4G08895, AT5G43340, AT5G43350, AT5G43360, AT5G43370
OG0000209		AT1G26960, AT1G27045, AT1G69780, AT2G18550, AT2G22430, AT2G36610, AT2G46680, AT3G01220, AT3G01470, AT3G61890, AT4G36740, AT4G40060, AT5G03790, AT5G15150, AT5G53980, AT5G65310, AT5G66700
OG0000210	ostta01g02210, ostta01g04320	AT1G20010, AT1G75780, AT2G29550, AT4G20890, AT5G12250, AT5G23860, AT5G44340, AT5G62690, AT5G62700
OG0000211		
OG0000212	ostta20g00580	AT1G10230, AT1G20140, AT1G75950, AT2G03160, AT2G03170, AT2G03190, AT2G20160, AT2G25700, AT3G21830, AT3G21840, AT3G21850, AT3G21860, AT3G25650, AT3G53060, AT3G60010, AT3G60020, AT4G34210, AT4G34470, AT5G42190
OG0000213		AT1G18690, AT1G74380, AT2G22900, AT3G62720, AT4G02500, AT4G37690, AT4G38310, AT5G07720
OG0000214		AT1G04540, AT1G07310, AT1G09070, AT2G13350, AT2G33320, AT3G04360, AT3G05440, AT3G16510, AT3G62780, AT4G01200, AT4G15740, AT4G15755, AT5G23950
OG0000215		AT1G01980, AT1G11770, AT1G26380, AT1G26390, AT1G26400, AT1G26410, AT1G26420, AT1G30700, AT1G30710, AT1G30720, AT1G30730, AT1G30740, AT1G30760, AT1G34575, AT2G34790, AT2G34810, AT4G20800, AT4G20820, AT4G20830, AT4G20840, AT4G20860, AT5G44360, AT5G44380, AT5G44390, AT5G44400, AT5G44410, AT5G44440
OG0000216	ostta02g02480, ostta08g04260, ostta13g02330	AT1G16800, AT1G65780, AT1G65810, AT2G19120, AT4G05540, AT4G15570, AT4G30100, AT5G37030, AT5G37140, AT5G37150, AT5G37160, AT5G37165, AT5G52090
OG0000217	ostta07g00490	AT1G13600, AT1G59530, AT1G68880, AT1G75390, AT2G04038, AT2G18160, AT2G22850, AT3G30530, AT3G49760, AT3G54620, AT3G62420, AT4G02640, AT4G34590, AT4G37730, AT5G08141, AT5G15830, AT5G24800, AT5G28770, AT5G38800, AT5G49450, AT5G60830
OG0000218	ostta04g03660, ostta16g02240	AT3G04710
OG0000219		AT1G03870, AT2G04780, AT2G20520, AT2G24450, AT2G45470, AT3G12660, AT3G46550, AT3G60900, AT4G12730, AT4G31370, AT5G03170, AT5G44130, AT5G55730, AT5G60490
OG0000220		AT1G10470, AT1G19050, AT1G59940, AT1G74890, AT2G07440, AT2G40670, AT2G41310, AT2G46790, AT3G48100, AT3G56380, AT3G57040, AT5G02810, AT5G24470, AT5G60100, AT5G62920
OG0000221	ostta02g00730, ostta08g04070	AT1G30100, AT1G78390, AT3G14440, AT3G24220, AT3G63520, AT4G18350, AT4G19170
OG0000222		AT1G06000, AT1G10400, AT1G51210, AT1G73880, AT2G15480, AT2G15490, AT2G16890, AT2G36750, AT2G36760, AT2G36770, AT2G36780, AT2G36790, AT2G36800, AT3G53150, AT3G53160, AT4G34131, AT4G34135, AT4G34138, AT5G03490, AT5G14860
OG0000223		AT1G54510, AT3G04810, AT3G12200, AT3G20860, AT3G44200, AT3G63280, AT5G28290
OG0000224		AT1G04680, AT1G11920, AT1G14420, AT1G30350, AT1G67750, AT2G02720, AT3G01270, AT3G07010, AT3G24230, AT3G24670, AT3G27400, AT3G53190, AT3G54920, AT4G13210, AT4G13710, AT4G22080, AT4G22090, AT4G24780, AT5G04310, AT5G09280, AT5G15110, AT5G48900, AT5G55720, AT5G63180
OG0000225		AT1G09460, AT1G13830, AT1G18650, AT1G26450, AT1G29380, AT1G66852, AT1G66855, AT1G66870, AT1G69295, AT1G78520, AT1G79480, AT2G03505, AT2G04910, AT2G29735, AT2G30933, AT2G42930, AT2G43660, AT2G43670, AT3G28250, AT3G58100, AT4G05430, AT4G09090, AT4G09462, AT4G09464, AT4G09465, AT4G09466, AT4G09467, AT4G13600, AT4G16165, AT5G08000, AT5G35740, AT5G53600, AT5G53610, AT5G61130, AT5G63225, AT5G63230, AT5G63240, AT5G63250
OG0000226		AT1G05300, AT1G10970, AT1G31260, AT1G60960, AT2G04032, AT2G30080, AT2G32270, AT3G12750, AT4G19680, AT4G19690, AT4G33020, AT5G62160
OG0000227	ostta01g05890, ostta02g04240, ostta03g04720, ostta04g04430, ostta05g03000	AT1G64590, AT2G37540, AT4G11410, AT4G23420, AT4G23430, AT4G24050, AT5G02540, AT5G50130
OG0000228		AT1G01040, AT3G03300, AT3G20420, AT3G43920, AT4G15417, AT5G20320, AT5G45150
OG0000229		AT1G17970, AT1G36950, AT1G45180, AT1G53190, AT1G73760, AT2G15530, AT2G37150, AT3G15070, AT3G19910, AT3G47180, AT3G63530, AT4G00070, AT4G31450, AT4G34040, AT5G07225, AT5G10650, AT5G24870, AT5G42940, AT5G52140, AT5G52150, AT5G52155, AT5G67120
OG0000230		AT1G10620, AT1G23540, AT1G26150, AT1G49270, AT1G52290, AT1G52540, AT1G68690, AT1G70450, AT1G70460, AT2G18470, AT3G15890, AT3G18810, AT3G24540, AT3G24550, AT4G32710, AT4G34440, AT5G38560
OG0000231		AT1G03103, AT1G36150, AT1G55260, AT1G73890, AT2G13820, AT2G27130, AT2G44290, AT2G44300, AT2G48130, AT3G22570, AT3G22580, AT3G22600, AT3G43720, AT3G58550, AT4G08670, AT4G14815, AT5G09370, AT5G64080
OG0000232	ostta04g03880, ostta16g01050	AT1G18350, AT1G51660, AT1G73500, AT3G06230, AT3G21220, AT4G26070, AT4G29810, AT5G40440, AT5G56580
OG0000233	ostta01g01700, ostta06g00720, ostta08g00540	AT1G14170, AT1G51580, AT2G03110, AT2G22600, AT3G04610, AT4G18375, AT4G26000, AT5G09560, AT5G15270, AT5G46190, AT5G53060, AT5G64390
OG0000234		AT1G05170, AT1G11730, AT1G22015, AT1G32930, AT1G33430, AT1G53290, AT1G77810, AT2G25300, AT2G26100, AT2G32430, AT3G14960, AT4G26940, AT4G32120, AT5G53340
OG0000235	ostta14g02680, ostta17g00790	AT1G23480, AT1G24070, AT2G24630, AT2G35650, AT3G07330, AT3G28180, AT3G56000, AT4G07960, AT4G13410, AT4G16590, AT4G31590, AT5G03760, AT5G16190, AT5G22740
OG0000236		
OG0000237		AT2G26740, AT2G26750, AT3G05600, AT3G51000, AT4G02340, AT4G15955, AT4G15960
OG0000238	ostta04g00500	AT1G04150, AT1G22610, AT1G51570, AT1G74720, AT3G03680, AT3G57880, AT3G61300, AT3G61720, AT4G00700, AT4G11610, AT4G20080, AT5G03435, AT5G06850, AT5G12970, AT5G17980, AT5G44760, AT5G48060
OG0000239	ostta01g00190, ostta10g01280, ostta17g00050	AT2G04030, AT3G07770, AT4G24190, AT5G52640, AT5G56000, AT5G56010, AT5G56030
OG0000240	ostta07g04380	AT1G06050, AT2G28320, AT3G54800, AT4G19040, AT5G10750, AT5G24990, AT5G25010, AT5G25020, AT5G35180, AT5G45560
OG0000241		
OG0000242		AT3G07040, AT3G50950
OG0000243		AT1G10810, AT1G60680, AT1G60690, AT1G60710, AT1G60730, AT1G60750
OG0000244		AT1G12570, AT1G14185, AT1G14190, AT1G72970, AT1G73050, AT3G56060, AT5G51930, AT5G51950
OG0000245	ostta16g00030	AT1G02170, AT1G16420, AT1G79310, AT1G79320, AT1G79330, AT1G79340, AT4G25110, AT5G04200, AT5G64240
OG0000246		AT1G12440, AT1G51200, AT2G27580, AT2G36320, AT3G12630, AT3G52800, AT4G12040, AT4G14225, AT4G22820, AT4G25380
OG0000247	ostta01g03330, ostta01g05080, ostta02g04790, ostta03g00700, ostta04g00125, ostta05g03400, ostta15g02235	AT1G20270, AT2G17720, AT2G43080, AT3G06300, AT3G28480, AT3G28490, AT4G35810, AT5G18900, AT5G66060
OG0000248	ostta03g03390, ostta08g01150, ostta13g02150	AT1G08620, AT1G30810, AT1G63490, AT2G34880, AT2G38950, AT4G20400, AT5G04240, AT5G46910
OG0000249		AT1G54540, AT1G65690, AT2G27080, AT2G27270, AT2G35460, AT2G35960, AT2G35970, AT2G35980, AT3G11650, AT3G11660, AT3G44220, AT3G52470, AT4G01410, AT4G09590, AT5G05657, AT5G06320, AT5G06330, AT5G21130, AT5G22200, AT5G22870, AT5G36970, AT5G53730
OG0000250		AT1G05380, AT2G27980, AT2G36720, AT2G37520, AT3G14980, AT3G53680, AT4G14920, AT5G36670, AT5G36740, AT5G58610, AT5G63900
OG0000251		AT1G17770, AT1G73100, AT2G05900, AT2G22740, AT2G24740, AT2G33290, AT2G35160, AT4G13460, AT5G04940, AT5G13960, AT5G47150, AT5G47160
OG0000252		AT1G18520, AT1G63260, AT2G03840, AT2G19580, AT2G23810, AT3G12090, AT3G45600, AT4G23410, AT4G28050, AT4G30430, AT5G23030, AT5G46700, AT5G60220
OG0000253	ostta09g01615	AT1G17840, AT1G51460, AT1G51500, AT2G28070, AT3G21080, AT3G21090
OG0000254		
OG0000255		AT1G07650, AT1G16670, AT1G53420, AT1G53430, AT1G53440, AT1G56120, AT1G56130, AT1G56140, AT1G56145, AT3G09010
OG0000256		AT1G27340, AT1G30950, AT5G15710, AT5G49610
OG0000257		AT1G09157, AT3G02430, AT3G21520, AT3G21550, AT4G18425, AT4G24310, AT4G28485, AT5G27370, AT5G39650, AT5G46090
OG0000258		AT2G37040, AT3G10340, AT3G53260, AT5G04230
OG0000259		AT1G52570, AT1G55180, AT2G42010, AT3G15730, AT4G00240, AT4G11830, AT4G11840, AT4G11850, AT4G35790, AT5G25370
OG0000260	ostta07g02310, ostta10g00300, ostta12g03000	AT1G26230, AT1G55490, AT2G28000, AT2G33210, AT3G13470, AT3G13860, AT3G23990, AT5G18820, AT5G56500
OG0000261		AT1G48370, AT1G65730, AT3G17650, AT3G27020, AT4G24120, AT5G24380, AT5G41000, AT5G45450, AT5G53550
OG0000262		AT1G05230, AT1G17920, AT1G34650, AT1G73360, AT1G79840, AT2G32370, AT3G03260, AT3G61150, AT4G00730, AT4G04890, AT4G17710, AT4G21750, AT4G25530, AT4G26920, AT5G07260, AT5G17320, AT5G46880, AT5G52170
OG0000263		AT1G32760, AT1G64500, AT2G41330, AT3G11773, AT3G28850, AT3G57070, AT4G10630, AT5G01420, AT5G03870, AT5G06470, AT5G13810, AT5G39865, AT5G58530
OG0000264	ostta01g00040, ostta04g03550, ostta06g03750, ostta07g01040, ostta12g02650	AT1G79750, AT2G13560, AT2G19900, AT4G00570, AT5G11670, AT5G25880
OG0000265	ostta02g04810, ostta04g01745, ostta20g00100	AT1G02310, AT2G20680, AT3G10890, AT3G10900, AT3G30540, AT4G28320, AT5G01930, AT5G66460
OG0000266		
OG0000267		AT1G16260, AT1G21210, AT1G21230, AT1G21240, AT1G21250, AT1G21270, AT1G22720, AT3G25490
OG0000268	ostta01g03040, ostta03g00660	AT2G01140, AT2G21330, AT2G36460, AT3G52930, AT4G26520, AT4G26530, AT4G38970, AT5G03690
OG0000269	ostta05g00680, ostta17g02365, ostta17g02370, ostta17g02380	AT1G19650, AT1G55690, AT1G75370, AT2G16380, AT2G18180, AT2G21520, AT2G21540, AT3G24840, AT4G34580, AT4G36490, AT4G39170, AT4G39180, AT5G47510, AT5G56160
OG0000270	ostta05g03780, ostta11g00570, ostta11g03130	AT1G26760
OG0000271	ostta02g04090, ostta02g05530, ostta03g04730, ostta06g02800, ostta11g01910, ostta18g01620	AT1G06670, AT1G48650, AT1G58050, AT1G58060, AT2G01130, AT2G30800, AT2G35920, AT5G04895
OG0000272		AT1G31310, AT2G33550, AT2G35640
OG0000273	ostta01g04130, ostta01g06050, ostta03g00840, ostta03g02140, ostta11g03070, ostta13g00740, ostta15g00690	AT1G06910, AT1G15720, AT1G17460, AT1G17520, AT1G49950, AT1G54260, AT1G72650, AT1G72740, AT2G37025, AT3G49850, AT5G58340, AT5G67580
OG0000274		AT1G65985, AT1G67150, AT2G28580, AT2G36430, AT2G44930, AT3G44695, AT3G44700, AT3G44710, AT3G47200, AT3G47210, AT3G47250, AT3G50120, AT3G50130, AT3G50140, AT3G50150, AT3G50160, AT3G50170, AT3G50180, AT3G50190, AT3G50200, AT3G60470, AT5G11290, AT5G22540, AT5G22550, AT5G22560
OG0000275		AT1G19540, AT1G32100, AT1G75280, AT1G75290, AT1G75300, AT4G13660, AT4G34540, AT4G39230
OG0000276		
OG0000277		
OG0000278	ostta06g00100, ostta08g01330, ostta15g02750, ostta17g00780	AT1G20693, AT1G20696, AT2G17560, AT2G34450, AT3G51880, AT4G11080, AT4G23800, AT4G35570, AT5G05330, AT5G23405, AT5G23420
OG0000279	ostta03g01130	AT2G07698, ATCG00120, ATMG01190
OG0000280	ostta03g03150, ostta03g04770	
OG0000281		AT1G09260, AT2G05230, AT2G05250, AT2G25560, AT3G04960, AT3G04980, AT3G05110, AT3G06340, AT4G19570, AT4G19580, AT4G19590, AT4G27980, AT5G18750, AT5G27240, AT5G35753, AT5G37380, AT5G37440, AT5G37750, AT5G37760, AT5G53150, AT5G62780
OG0000282	ostta08g03710, ostta12g01320	AT1G04820, AT1G50010, AT1G64740, AT4G14960, AT5G19770, AT5G19780
OG0000283	ostta06g04210	AT1G63220, AT3G55470, AT4G00467, AT4G34150
OG0000284		
OG0000285		AT1G10610, AT1G12860, AT2G16910, AT2G28160, AT3G26744, AT4G21330, AT4G29930, AT5G57150
OG0000286	ostta05g01260	AT1G13420, AT1G13430, AT1G18590, AT1G28170, AT1G74090, AT1G74100, AT2G03750, AT2G03760, AT2G03770, AT2G14920, AT2G27570, AT3G45070, AT3G45080, AT4G26280, AT5G07000, AT5G07010, AT5G43690
OG0000287		AT1G03660, AT1G03670, AT4G03440, AT4G03450, AT4G03460, AT4G03470, AT4G03480, AT4G03490, AT4G03495, AT4G03500, AT4G03505, AT4G05040, AT4G14390, AT4G14400
OG0000288	ostta01g05070, ostta01g06380, ostta04g01540, ostta06g02685, ostta20g00740	AT1G27060, AT3G53830, AT3G55580, AT5G08710, AT5G60870, AT5G63860
OG0000289	ostta04g04290	AT1G23380, AT1G62360, AT1G62990, AT1G70510, AT4G08150, AT4G32040, AT5G11060, AT5G25220
OG0000290		AT1G66910, AT1G66920, AT1G66930, AT1G66940, AT1G67000, AT1G70250, AT4G18250, AT5G38240, AT5G38250, AT5G38260, AT5G38280
OG0000291	ostta02g01710, ostta02g04300, ostta05g02380, ostta14g01760	AT1G06500, AT1G18790, AT1G74480, AT4G35590, AT5G53040, AT5G66990
OG0000292		AT1G17240, AT1G17250, AT1G72300, AT2G02220, AT5G53890
OG0000293	ostta06g01380, ostta20g00290	AT1G17260, AT1G80660, AT2G07560, AT2G18960, AT2G24520, AT3G42640, AT3G47950, AT3G60330, AT4G11730, AT4G30190, AT5G57350, AT5G62670
OG0000294	ostta06g03640	AT2G39130, AT2G41190, AT3G09330, AT3G09340, AT3G28960, AT3G54830, AT5G02170, AT5G02180, AT5G15240, AT5G16740
OG0000295	ostta18g01880, ostta18g01890	AT1G67090, AT5G38410, AT5G38420, AT5G38430
OG0000296		
OG0000297	ostta09g00770, ostta11g03160	AT1G22150, AT1G23090, AT1G77990, AT1G78000, AT3G12520, AT3G15990, AT3G51895, AT4G02700, AT4G08620, AT5G10180, AT5G13550, AT5G19600
OG0000298	ostta01g06210, ostta04g00180, ostta10g00570, ostta20g00020	AT1G08125, AT1G73320, AT3G50850, AT5G44170, AT5G49560
OG0000299	ostta06g04180	AT1G13750, AT1G13900, AT2G03450, AT4G24890, AT5G50400
OG0000300	ostta13g00880, ostta13g02260	AT1G07920, AT1G07930, AT1G07940, AT1G35550, AT5G60390
OG0000301		AT1G64090, AT1G68230, AT2G01240, AT2G15280, AT2G23640, AT2G46170, AT3G10260, AT3G10915, AT3G18260, AT3G19460, AT3G54120, AT3G61560, AT4G01230, AT4G11220, AT4G23630, AT5G41600
OG0000302	ostta06g03170	AT1G04750, AT1G04760, AT2G25340, AT2G32670, AT2G33110, AT2G33120, AT3G24890, AT3G54300, AT4G15780, AT4G32150, AT5G11150, AT5G22360
OG0000303		AT1G31740, AT1G45130, AT1G77410, AT2G04060, AT2G04062, AT2G16730, AT2G28470, AT2G32810, AT3G13750, AT3G52840, AT3G53050, AT3G53065, AT3G53070, AT3G53075, AT3G53080, AT4G26140, AT4G35010, AT4G36360, AT4G38590, AT5G20710, AT5G56870, AT5G63800, AT5G63810
OG0000304	ostta04g00190	
OG0000305		AT2G32910, AT2G35140, AT3G11000, AT3G27090, AT5G01660, AT5G42050, AT5G61910
OG0000306	ostta08g00440, ostta10g02190	AT1G23800, AT1G74920, AT1G79440, AT3G24503, AT3G48000, AT3G48170
OG0000307		AT1G03880, AT1G03890, AT1G07750, AT2G28680, AT4G28520, AT5G44120
OG0000308		AT1G03840, AT1G14580, AT1G25250, AT1G55110, AT1G68130, AT2G01940, AT2G02070, AT2G02080, AT3G13810, AT3G45260, AT3G50700, AT4G02670, AT5G03150, AT5G44160, AT5G60470, AT5G66730
OG0000309		AT3G57630
OG0000310		AT1G01610, AT1G02390, AT1G06520, AT2G38110, AT3G11325, AT3G11430, AT4G00400, AT4G01950, AT5G06090
OG0000311		AT1G17380, AT1G19180, AT1G48500, AT1G70700, AT1G72450, AT1G74950, AT3G17860, AT3G43440, AT4G14713, AT4G14720, AT5G20900
OG0000312		AT1G14440, AT1G14687, AT1G18835, AT1G69600, AT1G74660, AT1G75240, AT2G02540, AT2G18350, AT3G28917, AT3G28920, AT3G50890, AT4G24660, AT5G15210, AT5G39760, AT5G42780, AT5G60480, AT5G65410
OG0000313	ostta04g03670, ostta07g01800, ostta18g01110	AT1G10430, AT1G50370, AT1G59830, AT1G69960, AT2G42500, AT3G19980, AT3G58500, AT4G26720, AT5G55260
OG0000314	ostta16g02620	AT1G16010, AT1G80900, AT2G03620, AT3G19640, AT3G58970, AT4G28580, AT5G09690, AT5G09720, AT5G64560
OG0000315		AT1G66610, AT1G66620, AT1G66630, AT1G66650, AT1G66660, AT2G41980, AT3G13672, AT3G58040, AT3G61790, AT4G27880, AT5G37870, AT5G37890, AT5G37900, AT5G37910, AT5G37930, AT5G53360, AT5G62800
OG0000316		
OG0000317		AT1G02150, AT1G02370, AT1G05005, AT1G07590, AT1G11470, AT1G15480, AT1G28000, AT1G28020, AT1G43010, AT1G60770, AT1G80270, AT2G20710, AT2G20720, AT3G11350, AT3G11380, AT3G15590, AT4G01990, AT4G02820, AT4G21705, AT5G09450, AT5G27460
OG0000318	ostta07g00370, ostta14g01520, ostta20g00730	AT1G06220, AT1G56070, AT3G12915, AT3G22980, AT5G25230
OG0000319		
OG0000320		
OG0000321		AT5G07610
OG0000322	ostta11g02870	AT1G25280, AT1G43640, AT1G47270, AT1G53320, AT1G61940, AT1G76900, AT2G18280, AT2G47900, AT3G06380, AT5G18680
OG0000323	ostta02g04570, ostta03g03180	AT2G32290, AT2G45880, AT3G23920, AT4G00490, AT4G15210, AT4G17090, AT5G18670, AT5G45300, AT5G55700
OG0000324	ostta01g02010	AT1G07160, AT1G43900, AT1G67820, AT2G05050, AT2G30020, AT2G40180, AT3G27140, AT4G08260, AT4G31750, AT5G10740, AT5G24940, AT5G53140
OG0000325		
OG0000326		
OG0000327		AT1G05580, AT1G06970, AT1G16380, AT1G64170, AT1G79400, AT2G13620, AT2G30240, AT2G31910, AT3G17630, AT3G53720, AT4G23700, AT5G01680, AT5G01690, AT5G37060, AT5G41610, AT5G58460
OG0000328		AT2G15050, AT2G15325, AT2G18370, AT2G38530, AT2G38540, AT3G08770, AT3G51590, AT3G51600, AT4G33355, AT5G01870, AT5G59310, AT5G59320, AT5G59330
OG0000329	ostta11g00020, ostta11g01990	AT1G17110, AT2G24640, AT3G14400, AT4G17895, AT4G24560, AT4G31670, AT5G46740, AT5G57990, AT5G65450
OG0000330		AT1G43760, ATMG01250
OG0000331		AT1G09790, AT3G02210, AT3G16860, AT3G20580, AT3G29810, AT4G16120, AT4G27110, AT5G15630, AT5G49270, AT5G60920, AT5G60950
OG0000332	ostta01g06030, ostta18g01570	AT1G70210, AT2G22490, AT3G50070, AT4G03270, AT4G34160, AT4G37630, AT5G02110, AT5G10440, AT5G65420, AT5G67260
OG0000333	ostta15g00330, ostta16g02690	AT3G44880, AT4G25650
OG0000334	ostta03g01570	AT1G13340, AT1G25420, AT1G34220, AT1G51900, AT1G52315, AT1G79910, AT2G14830, AT2G19710, AT3G15490, AT4G29440, AT4G32350, AT4G35730
OG0000335		AT3G11980, AT3G44540, AT3G44550, AT3G44560, AT3G56700, AT3G60060, AT4G33790, AT5G22420, AT5G22500
OG0000336		AT1G10540, AT1G49960, AT1G60030, AT1G65550, AT2G05760, AT2G26510, AT2G27810, AT2G34190, AT4G38050, AT5G25420, AT5G49990, AT5G62890
OG0000337	ostta02g03100, ostta07g01950, ostta10g00260, ostta16g00440	AT1G69830, AT1G76130, AT4G25000
OG0000338	ostta14g01320	AT1G09550, AT1G57590, AT2G46930, AT3G05910, AT3G09405, AT3G09410, AT3G62060, AT4G19410, AT4G19420, AT5G23870, AT5G26670, AT5G45280
OG0000339	ostta09g03790, ostta17g00450	AT1G19700, AT1G75410, AT1G75430, AT2G16400, AT2G23760, AT2G27220, AT2G27990, AT2G35940, AT4G32980, AT4G34610, AT4G36870, AT5G02030, AT5G41410
OG0000340	ostta03g00980, ostta05g04780, ostta11g02140, ostta13g01020	AT2G29650, AT2G38060, AT3G46980, AT4G00370, AT5G20380
OG0000341	ostta05g02280, ostta07g00770	AT1G02130, AT3G09900, AT3G11730, AT3G46060, AT3G53610, AT4G17530, AT5G03520, AT5G47200, AT5G59840
OG0000342	ostta01g05580, ostta03g01260, ostta04g02040, ostta07g02770, ostta09g03560	AT1G71810, AT1G79600, AT2G39190, AT4G31390, AT5G24970
OG0000343	ostta04g00690, ostta15g02550	AT1G23740, AT4G13010
OG0000344	ostta07g01790, ostta08g03670, ostta10g00150, ostta12g00350, ostta13g02520, ostta17g02160	AT1G31970, AT1G55150, AT3G01540, AT3G06480, AT5G14610, AT5G63120
OG0000345	ostta13g01010	AT1G03050, AT1G05020, AT1G14910, AT2G01600, AT2G25430, AT4G02650, AT4G25940, AT4G32285, AT5G35200, AT5G57200
OG0000346		AT1G07430, AT1G17545, AT1G17550, AT1G72770, AT2G29380, AT3G11410, AT4G11040, AT4G26080, AT5G51760, AT5G57050, AT5G59220
OG0000347	ostta01g02170, ostta02g02310, ostta05g01860, ostta09g02955	AT1G02560, AT1G11750, AT1G66670, AT5G23140, AT5G45390
OG0000348	ostta04g00380, ostta14g01830	AT2G22480, AT4G26270, AT4G29220, AT4G32840, AT5G47810, AT5G56630, AT5G61580
OG0000349		AT1G48480, AT1G68400, AT2G26730, AT2G36570, AT3G02880, AT3G08680, AT3G17840, AT4G23740, AT5G05160, AT5G16590, AT5G53320, AT5G58300
OG0000350		AT1G02813, AT1G02816, AT1G55265, AT1G61667, AT3G07460, AT3G07470, AT4G02360, AT4G02370, AT5G16380, AT5G19590, AT5G19860, AT5G54530
OG0000351	ostta08g00160	AT1G49160, AT1G64630, AT3G04910, AT3G18750, AT3G22420, AT3G48260, AT3G51630, AT5G41990, AT5G55560, AT5G58350
OG0000352		ATMG00240
OG0000353		AT1G08310, AT1G74280, AT1G74290, AT1G74300, AT2G36290, AT3G03230, AT3G03240, AT3G09690, AT3G44510, AT3G48410, AT3G54240, AT5G02970, AT5G22460
OG0000354	ostta01g03320	AT1G55130, AT2G24170, AT3G13772, AT4G12650, AT5G10840, AT5G25100, AT5G35160
OG0000355		AT1G53270, AT2G13610, AT2G37360, AT2G39350, AT3G53510, AT3G55090, AT3G55100, AT3G55110, AT3G55130, AT4G25750, AT5G13580, AT5G19410, AT5G52860
OG0000356		AT2G07656, AT4G29090, AT5G42905
OG0000357		
OG0000358		AT4G03625, AT4G03630, AT4G03635, AT4G05460, AT4G05470, AT4G05475, AT4G05490, AT4G05497, AT4G08980, AT4G30640, AT5G52480, AT5G57900
OG0000359		
OG0000360		AT1G12040, AT1G49490, AT1G49750, AT1G62440, AT2G15880, AT2G19780, AT3G19020, AT3G19320, AT3G22800, AT3G24480, AT4G06744, AT4G13340, AT4G18670, AT4G28380, AT4G29240, AT4G33970, AT5G25550
OG0000361	ostta02g01480	AT1G09030, AT1G21970, AT2G13570, AT2G37060, AT2G38880, AT2G47810, AT3G53340, AT4G14540, AT5G47640, AT5G47670
OG0000362	ostta01g02850, ostta03g01180	AT1G10940, AT1G60940, AT2G23030, AT3G50500, AT4G11373, AT4G33950, AT4G40010, AT5G08590, AT5G63650, AT5G66880
OG0000363		AT2G16520, AT2G19610, AT2G21420, AT2G22940, AT2G25360, AT2G25370, AT2G26130, AT2G26135, AT3G14250, AT3G43180, AT3G43750, AT3G45460, AT3G45470, AT3G45480, AT3G45490, AT3G45500, AT3G45510, AT3G45525, AT3G45540, AT3G45555, AT3G45560, AT3G45570, AT3G45580, AT3G53690, AT4G19670, AT5G07640, AT5G37560, AT5G60250
OG0000364		AT1G03590, AT1G16220, AT1G79630, AT3G02750, AT3G05640, AT3G16800, AT4G03415, AT4G32950, AT5G01700, AT5G26010, AT5G27930, AT5G36250
OG0000365	ostta07g04120	AT1G01460, AT1G10900, AT1G21980, AT1G60890, AT1G77740, AT2G26420, AT2G41210, AT3G07960, AT3G09920, AT3G56960, AT4G01190
OG0000366		AT1G23760, AT1G49320, AT1G60390, AT1G70370, AT5G25610
OG0000367		AT1G19310, AT1G74990, AT2G23780, AT2G42030, AT2G44410, AT3G58030, AT4G03510, AT4G27470, AT4G28270
OG0000368	ostta01g04030	AT2G44065, ATCG00830, ATCG01310
OG0000369		AT1G11145, AT3G09110, AT3G09120, AT3G09140, AT5G01120, AT5G01130, AT5G01140, AT5G01150, AT5G37320, AT5G43240
OG0000370	ostta16g00920	AT1G64480, AT4G01420, AT4G16350, AT4G17615, AT4G26560, AT4G26570, AT4G33000, AT5G24270, AT5G47100, AT5G55990
OG0000371	ostta02g04817, ostta04g04770, ostta06g02340	AT1G01060, AT1G01520, AT1G18330, AT2G46830, AT3G09600, AT3G10113, AT4G01280, AT5G02840, AT5G17300, AT5G37260, AT5G52660
OG0000372		AT1G14690, AT1G27920, AT2G01910, AT2G38720, AT3G60840, AT4G26760, AT5G51600, AT5G55230, AT5G62250
OG0000373	ostta09g01890	AT1G09090, AT1G19230, AT1G64060, AT3G45810, AT4G11230, AT4G25090, AT5G07390, AT5G47910, AT5G51060, AT5G60010
OG0000374		AT1G14590, AT1G28695, AT1G28700, AT1G28710, AT2G02061, AT4G15970, AT4G19970, AT4G19975, AT5G40900, AT5G44820
OG0000375	ostta07g02620, ostta10g03170	AT3G43790, AT5G13740, AT5G13750
OG0000376		AT1G03520, AT1G53100, AT1G71070, AT2G37585, AT3G03690, AT3G15350, AT3G24040, AT4G03340, AT4G27480, AT5G15050, AT5G39990
OG0000377		AT1G12820, AT2G39940, AT3G26810, AT3G62980, AT4G03190, AT4G24390, AT5G49980
OG0000378		AT1G19170, AT2G23900, AT3G06770, AT3G16850, AT3G42950, AT3G48950, AT3G61490, AT3G62110, AT4G23500, AT4G23820, AT4G33440, AT5G41870, AT5G49215
OG0000379		AT1G04990, AT1G29560, AT1G29570, AT1G29600, AT1G48195, AT2G32930, AT2G47850, AT3G02830, AT3G06410, AT3G12680, AT3G48440, AT5G16540, AT5G18550, AT5G63260
OG0000380	ostta15g01250	AT1G15960, AT1G47240, AT1G80830, AT2G23150, AT4G18790, AT5G67330
OG0000381		AT1G01570, AT1G05280, AT1G07850, AT1G33250, AT2G37730, AT3G11420, AT4G00295, AT4G11350, AT4G15240, AT4G23490, AT5G12460, AT5G41460
OG0000382		AT1G10010, AT1G44100, AT1G58360, AT1G77380, AT5G09220, AT5G23810, AT5G49630, AT5G63850
OG0000383		AT1G08050, AT2G22680, AT2G38970, AT3G54780, AT4G37890, AT5G49665, AT5G60710, AT5G65683
OG0000384		AT1G33840, AT1G80120, AT2G14560, AT3G10986, AT3G11740, AT3G16900, AT3G56180, AT5G01750
OG0000385		AT1G12420, AT1G69040, AT1G76990, AT2G03730, AT3G01990, AT4G22780, AT5G25320, AT5G65890
OG0000386	ostta04g01940	AT2G42450, AT3G14075, AT4G16070
OG0000387	ostta04g00110, ostta15g00670	AT1G20930, AT1G76540, AT3G48750, AT3G54180, AT4G28980
OG0000388		AT1G20560, AT1G21530, AT1G21540, AT1G65880, AT1G65890, AT1G66120, AT1G68270, AT1G75960, AT1G76290, AT1G77240, AT2G17650, AT3G16910, AT5G16340, AT5G16370
OG0000389	ostta17g01230	AT1G27320, AT2G01830, AT5G35750
OG0000390	ostta14g01380	AT1G23140, AT1G48590, AT1G66360, AT1G70790, AT1G70800, AT1G70810, AT1G73580, AT2G01540, AT3G07940, AT3G17980, AT4G05330, AT4G21160, AT5G37740, AT5G47710
OG0000391		AT1G08430, AT1G08440, AT1G18420, AT1G25480, AT1G68600, AT2G17470, AT2G27240, AT3G11680, AT3G18440, AT4G00910, AT4G17585, AT4G17970, AT5G46600, AT5G46610
OG0000392	ostta05g01600	AT1G01700, AT1G31650, AT1G52240, AT1G79860, AT2G45890, AT3G16130, AT3G24620, AT3G55660, AT4G00460, AT4G13240, AT4G38430, AT5G02010, AT5G05940, AT5G19560
OG0000393		
OG0000394		
OG0000395	ostta02g02440	AT2G28305, AT2G35990, AT2G37210, AT3G53450, AT4G35190, AT5G03270, AT5G06300, AT5G11950, AT5G26140
OG0000396	ostta12g01000	AT1G49430, AT1G64400, AT2G47240, AT3G05970, AT4G11030, AT4G23850, AT5G27600
OG0000397	ostta06g00380	AT1G06210, AT1G21380, AT1G76970, AT2G38410, AT3G08790, AT4G32760, AT5G01760, AT5G16880, AT5G63640
OG0000398	ostta10g00950	AT1G08090, AT1G08100, AT1G12940, AT3G45060, AT5G14570, AT5G60770, AT5G60780
OG0000399	ostta11g00340, ostta14g01550	AT1G07980, AT1G08970, AT1G54830, AT1G56170, AT3G48590, AT5G27910, AT5G38140, AT5G43250, AT5G50470, AT5G50480, AT5G50490, AT5G63470
OG0000400		AT1G04890, AT1G08800, AT1G18265, AT1G18990, AT1G70750, AT1G74830, AT2G24140, AT2G30690, AT3G54740, AT4G13160, AT4G13630, AT4G30830, AT5G16720, AT5G57830
OG0000401	ostta01g03640, ostta09g01590	AT1G07890, AT1G77490, AT3G09640, AT4G08390, AT4G35000, AT4G35970
OG0000402		AT1G11100, AT1G50410, AT1G61140, AT3G16600, AT3G20010, AT5G05130, AT5G22750, AT5G43530
OG0000403		AT1G73805, AT2G18750, AT2G24300, AT4G25800, AT4G31000, AT5G26920, AT5G57580, AT5G62570
OG0000404		AT1G03970, AT1G45249, AT1G49720, AT2G17770, AT2G36270, AT2G41070, AT3G19290, AT3G44460, AT3G56850, AT4G34000, AT4G35900, AT5G42910, AT5G44080
OG0000405	ostta01g06170, ostta10g01000, ostta16g02580	AT1G26340, AT1G60660, AT2G32720, AT2G46650, AT5G48810, AT5G53560
OG0000406	ostta02g02460	AT3G26570
OG0000407		AT1G47710, AT1G51330, AT1G62160, AT1G62170, AT1G63280, AT1G64010, AT1G64030, AT2G14540, AT2G25240, AT2G26390, AT2G35555, AT2G35580, AT3G45220
OG0000408	ostta02g03780, ostta18g00730	AT1G03930, AT1G04440, AT1G72710, AT2G19470, AT3G23340, AT4G08800, AT4G14340, AT4G26100, AT4G28540, AT4G28860, AT4G28880, AT5G43320, AT5G44100, AT5G57015
OG0000409		AT3G12620, AT3G17090, AT3G51370, AT3G55050, AT4G33920, AT4G38520, AT5G02760, AT5G06750, AT5G66080
OG0000410		AT1G78130, AT2G18590, AT4G36790, AT5G10190
OG0000411	ostta03g04800, ostta09g00470, ostta12g00410, ostta18g00410	AT1G10350, AT1G11040, AT1G59725, AT2G20550, AT2G20560, AT3G08910, AT3G47940, AT4G28480, AT5G01390, AT5G25530
OG0000412		AT1G08320, AT1G22070, AT1G68640, AT1G77920, AT3G12250, AT5G06839, AT5G06950, AT5G06960, AT5G10030, AT5G65210
OG0000413	ostta18g00920	AT1G22300, AT1G26480, AT1G34760, AT1G35160, AT1G78300, AT2G42590, AT3G02520, AT4G09000, AT5G10450, AT5G16050, AT5G38480, AT5G65430
OG0000414	ostta09g04050, ostta15g00110	AT1G01560, AT1G07880, AT1G10210, AT1G59580, AT2G18170, AT2G43790, AT2G46070, AT3G45640, AT3G59790, AT4G01370, AT4G11330, AT4G36450
OG0000415	ostta01g04720	AT3G07620, AT3G42180, AT4G16745, AT4G32790, AT4G38040, AT5G03795, AT5G11130, AT5G11610, AT5G19670, AT5G20260, AT5G25310, AT5G25820, AT5G33290, AT5G37000
OG0000416	ostta15g01350	AT1G22430, AT1G22440, AT1G32780, AT1G64710, AT1G77120, AT4G22110, AT5G24760, AT5G42250, AT5G43940
OG0000417	ostta14g02345	AT1G69085, AT3G02290, AT4G00335, AT4G14220, AT4G23450, AT5G05910, AT5G15790, AT5G22000, AT5G38895, AT5G41350
OG0000418		AT1G14020, AT2G03280, AT2G37980, AT3G02250, AT3G54100, AT5G01100, AT5G15740, AT5G35570, AT5G63390
OG0000419	ostta04g00430	AT1G06390, AT1G09840, AT1G57870, AT2G30980, AT3G05840, AT3G61160, AT4G00720, AT4G18710, AT5G14640, AT5G26751
OG0000420		
OG0000421		
OG0000422	ostta08g00460	AT1G18150, AT1G53510, AT1G73670, AT2G01450, AT2G42880, AT3G14720, AT3G18040, AT4G01595, AT5G19010
OG0000423		AT1G01030, AT1G13260, AT1G25560, AT1G50680, AT1G51120, AT1G68840, AT2G36080, AT2G46870, AT3G11580, AT3G25730, AT3G61970, AT4G01500, AT5G06250
OG0000424	ostta05g01490	AT1G03270, AT1G47330, AT2G14520, AT4G14230, AT4G14240, AT4G33700, AT5G52790
OG0000425		
OG0000426		
OG0000427		AT1G11700, AT1G29640, AT1G61930, AT2G28400, AT2G34340, AT3G15040, AT3G45210, AT4G04630, AT4G18980, AT4G21930, AT4G21970, AT4G26950, AT5G03230, AT5G45630, AT5G60680
OG0000428	ostta06g01360, ostta07g01050	AT1G31810, AT1G42980, AT2G25050, AT3G32400, AT3G32410, AT3G32420, AT5G07650, AT5G07740, AT5G07760, AT5G07770, AT5G07780, AT5G58160
OG0000429	ostta13g01880	
OG0000430	ostta02g05510, ostta17g01930	AT2G29980, AT3G11170, AT3G12120, AT5G05580
OG0000431		AT1G08590, AT1G28440, AT1G75820, AT3G49670, AT4G20270, AT4G28490, AT4G28650, AT5G61480, AT5G65700, AT5G65710
OG0000432		AT1G04580, AT2G27150, AT3G43600, AT4G34890, AT4G34900, AT5G20960
OG0000433		AT1G17430, AT1G72620, AT1G78210, AT2G18360, AT4G33180, AT4G36610, AT4G39955, AT5G09430, AT5G21950
OG0000434		AT1G04040, AT2G38600, AT2G39920, AT4G25150, AT4G29260, AT4G29270, AT5G24770, AT5G24780, AT5G44020, AT5G51260
OG0000435	ostta13g03010, ostta17g02000	AT1G76710, AT1G77300, AT2G44150, AT3G59960, AT4G30860
OG0000436	ostta04g04380, ostta05g00870, ostta13g01100, ostta13g02550, ostta14g00900	AT3G25220, AT4G25340, AT4G39710, AT5G05420, AT5G45680, AT5G48580
OG0000437		AT1G09810, AT1G27960, AT1G48110, AT1G55500, AT1G79270, AT3G03950, AT3G13060, AT3G13460, AT3G17330, AT5G58190, AT5G61020
OG0000438	ostta04g03810	AT1G69840, AT3G01290, AT5G51570, AT5G62740
OG0000439		AT2G40110, AT3G08990, AT3G11230, AT3G55890, AT4G27740, AT4G27745, AT5G53940
OG0000440	ostta06g03160, ostta13g01200, ostta16g01560	AT1G11720, AT4G18240, AT5G65685
OG0000441		AT1G70920, AT2G01430, AT2G22800, AT2G44910, AT3G60390, AT4G16780, AT4G17460, AT4G37790, AT5G06710, AT5G47370
OG0000442	ostta12g03060	AT2G43750, AT3G03630, AT3G04940, AT3G22460, AT3G59760, AT3G61440, AT4G14880, AT5G28020, AT5G28030
OG0000443	ostta03g00400	AT1G60830, AT1G60900, AT2G33435, AT4G36690
OG0000444	ostta11g01300, ostta16g02330	AT2G36110, AT3G12410, AT3G12420, AT3G12430, AT3G12440, AT3G12460, AT3G12470, AT3G62320, AT4G13870, AT4G13885, AT5G48350
OG0000445	ostta09g00150	AT1G69700, AT1G74520, AT2G42820, AT4G24960, AT4G36720, AT5G50720, AT5G62490
OG0000446	ostta14g00400	AT1G14510, AT2G02470, AT3G11200, AT3G42790, AT5G05610, AT5G20510, AT5G26210
OG0000447		
OG0000448		ATMG00580
OG0000449		AT1G23080, AT1G70940, AT1G73590, AT1G77110, AT2G01420, AT5G15100, AT5G16530, AT5G57090
OG0000450	ostta03g01680, ostta05g00600	AT1G10930, AT1G31360, AT1G60930, AT3G05740, AT4G35740
OG0000451	ostta07g02600	AT1G49260, AT1G53470, AT1G78610, AT2G17000, AT2G17010, AT3G14810, AT5G12080, AT5G19520
OG0000452		ATCG01110, ATMG00510
OG0000453	ostta07g03260	AT1G20925, AT1G71090, AT1G76520, AT1G76530, AT2G17500, AT5G01990, AT5G65980
OG0000454	ostta03g00760	AT1G01260, AT1G32640, AT1G63650, AT2G46510, AT4G00480, AT4G09820, AT4G16430, AT4G17880, AT5G41315, AT5G46760, AT5G46830
OG0000455	ostta17g00065	AT1G08560, AT1G11250, AT1G61290, AT3G03800, AT3G11820, AT3G52400, AT4G03330, AT5G08080
OG0000456		AT2G06200, AT2G22840, AT2G36400, AT2G45480, AT3G13960, AT3G52910, AT4G24150, AT4G37740, AT5G53660
OG0000457	ostta05g02650	AT1G21750, AT1G52260, AT1G77510, AT3G16110, AT3G54960, AT5G60640
OG0000458		AT1G19260, AT1G41920, AT1G42710, AT2G06541, AT3G29450, AT3G29763, AT3G29765, AT3G31402, AT4G09660
OG0000459	ostta14g00250	AT1G22210, AT1G35910, AT1G78090, AT2G22190, AT4G12430, AT4G22590, AT4G39770, AT5G10100, AT5G51460, AT5G65140
OG0000460		AT1G01540, AT1G09440, AT1G56720, AT2G42960, AT3G17420, AT3G59110, AT4G01330, AT4G02630, AT4G34500, AT5G18500
OG0000461		AT1G10650, AT1G32740, AT1G45976, AT1G60610, AT1G79110, AT2G12290, AT3G12920, AT4G17680, AT4G19700, AT4G35070, AT5G45100, AT5G47050
OG0000462		AT1G09310, AT1G30020, AT1G56580, AT4G24130, AT5G46230, AT5G49600
OG0000463	ostta04g01410	AT2G28840, AT5G07270, AT5G57740
OG0000464		
OG0000465		AT2G01170
OG0000466	ostta09g04220, ostta20g00800	AT2G20110, AT3G04850, AT3G16160, AT3G22760, AT3G22780, AT4G14770, AT4G29000, AT5G25790
OG0000467		AT1G10050, AT1G58370, AT2G14690, AT4G08160, AT4G33810, AT4G33820, AT4G33830, AT4G33840, AT4G33860, AT4G38300, AT4G38650
OG0000468		AT4G19080, AT4G19090, AT5G45460, AT5G45470, AT5G45480, AT5G45530, AT5G45540
OG0000469	ostta08g00470	AT1G63460, AT2G25080, AT2G31570, AT2G43350, AT2G48150, AT3G63080, AT4G11600, AT4G31870
OG0000470		AT1G03740, AT1G09600, AT1G18670, AT1G33770, AT1G53050, AT1G54610, AT1G57700, AT1G71530, AT1G74330, AT3G01085, AT3G05050, AT4G10010, AT4G22940, AT5G39420, AT5G44290, AT5G50860
OG0000471	ostta01g00490, ostta08g02960	AT1G52220, AT2G46820, AT4G01150, AT4G38100
OG0000472		AT1G12760, AT1G63170, AT1G68070, AT1G80400, AT2G01735, AT3G61180, AT4G11680, AT4G26580, AT4G32600, AT5G55970
OG0000473		AT1G26810, AT1G27120, AT1G74800, AT3G06440, AT4G21060, AT5G62620
OG0000474	ostta16g01100	AT1G07440, AT1G07450, AT2G29150, AT2G29170, AT2G29260, AT2G29290, AT2G29300, AT2G29310, AT2G29320, AT2G29330, AT2G29340, AT2G29350, AT2G29360, AT2G29370, AT2G30670, AT5G06060
OG0000475		AT1G12750, AT1G52580, AT1G63120, AT1G77860, AT2G29050, AT3G53780, AT4G23070, AT5G07250
OG0000476		AT1G64760, AT2G19440, AT3G04010, AT3G24330, AT4G17180, AT4G31140, AT5G18220, AT5G20870, AT5G58090, AT5G58480, AT5G64790
OG0000477		
OG0000478		ATCG00340, ATCG00350
OG0000479		AT1G06020, AT1G06030, AT1G50390, AT1G66430, AT1G69200, AT2G31390, AT3G54090, AT3G59480, AT4G10260, AT5G51830
OG0000480		AT1G04560, AT1G29520, AT5G18970, AT5G46530
OG0000481	ostta07g04350	AT1G13460, AT3G09880, AT3G21650, AT3G26020, AT3G26030, AT3G54930, AT4G15415, AT5G03470, AT5G25510
OG0000482	ostta05g01930	AT1G65630, AT1G65640, AT2G47940, AT5G36950, AT5G40200, AT5G40560
OG0000483		AT1G53023, AT1G53025, AT2G16920, AT2G33770, AT3G15355
OG0000484		
OG0000485		AT1G01640, AT1G21780, AT1G55760, AT2G05330, AT2G40440, AT2G40450, AT3G29740, AT3G56230, AT4G04090, AT4G08455, AT5G48510
OG0000486		
OG0000487		AT2G16120, AT2G16130, AT2G18480, AT2G20780, AT3G18830, AT4G36670
OG0000488		AT1G24545, AT1G67800, AT1G79380, AT3G01650, AT5G14420, AT5G63970
OG0000489	ostta04g00260	AT1G01750, AT2G16700, AT2G31200, AT3G45990, AT3G46000, AT3G46010, AT4G00680, AT4G25590, AT4G34970, AT5G52360, AT5G59880, AT5G59890
OG0000490		AT1G47840, AT1G47845, AT1G50460, AT2G19860, AT3G20040, AT4G29130, AT4G37840
OG0000491	ostta01g00420, ostta02g04760, ostta03g02500	AT1G79900, AT2G33820, AT5G46800
OG0000492		AT1G11540, AT1G61740, AT2G25737, AT2G36630, AT4G21250, AT4G21260
OG0000493	ostta09g03770	AT3G27170, AT5G26240, AT5G33280, AT5G40890, AT5G49890
OG0000494		AT1G06760, AT2G18050, AT2G30620
OG0000495		AT1G34270, AT1G67410, AT1G74680, AT2G35100, AT3G03650, AT3G45400, AT5G44930
OG0000496	ostta03g00180, ostta06g02270, ostta08g00050	AT1G53240, AT2G22780, AT3G15020, AT3G47520, AT5G09660
OG0000497		AT1G01360, AT1G73000, AT2G26040, AT2G38310, AT2G40330, AT4G01026, AT4G17870, AT4G18620, AT4G27920, AT5G05440, AT5G45860, AT5G45870, AT5G46790, AT5G53160
OG0000498	ostta03g00920, ostta14g02420, ostta19g00170	AT1G22020, AT1G36370, AT4G13890, AT4G13930, AT4G32520, AT4G37930, AT5G26780
OG0000499		
OG0000500		AT1G19070
OG0000501		
OG0000502		AT3G45860, AT4G00970, AT4G05200, AT4G21230, AT4G21400, AT4G21410, AT4G23130, AT4G23140, AT4G23150, AT4G23160, AT4G23170, AT4G23180, AT4G23230, AT4G23270, AT4G23280, AT4G23310, AT4G38830
OG0000503		AT1G23240, AT1G23250, AT1G70670, AT1G70680, AT2G33380, AT4G26740, AT5G29560, AT5G55240
OG0000504	ostta07g02110, ostta08g02640	AT2G07732, ATCG00490, ATMG00280
OG0000505		AT1G22650, AT1G35580, AT1G56560, AT1G72000, AT3G05820, AT3G06500, AT4G09510, AT4G34860, AT5G22510
OG0000506		AT1G57550, AT2G24040, AT2G38905, AT3G05880, AT3G05890, AT4G28088, AT4G30650, AT4G30660
OG0000507	ostta07g03070, ostta20g00490	AT1G05610, AT1G27680, AT2G21590, AT4G39210, AT5G19220, AT5G48300
OG0000508		AT1G26850, AT1G31850, AT1G33170, AT2G43200, AT2G45750, AT4G00750, AT4G10440, AT4G18030, AT4G19120
OG0000509		
OG0000510	ostta11g03020	AT1G35720, AT1G68090, AT2G38760, AT5G10220, AT5G10230, AT5G12380, AT5G65020
OG0000511	ostta10g01680	AT3G08580, AT4G28390, AT5G13490, AT5G17400, AT5G56450
OG0000512		
OG0000513		AT1G48470, AT1G66200, AT3G17820, AT5G16570, AT5G35630, AT5G37600
OG0000514		AT2G15230, AT5G14180
OG0000515		
OG0000516		AT5G23960
OG0000517		
OG0000518		AT1G75450, AT2G19500, AT2G41510, AT3G63440, AT4G29740, AT5G21482, AT5G56970
OG0000519	ostta02g03330, ostta09g04420	AT1G19150, AT1G45474, AT3G47470, AT3G61470
OG0000520	ostta05g00710, ostta13g01300	AT1G02610, AT1G14260, AT2G01275, AT2G02960, AT3G47550, AT4G02075, AT5G38070, AT5G62460
OG0000521	ostta10g03410	AT1G53090, AT2G32950, AT2G46340, AT3G15354, AT4G11110, AT5G23730, AT5G52250
OG0000522		AT1G62350, AT3G06430, AT3G46870, AT3G53170, AT4G39620, AT5G09315, AT5G48730
OG0000523	ostta01g06150	AT1G16330, AT1G20590, AT1G20610, AT1G34460, AT1G76310, AT2G17620, AT2G26760, AT3G11520, AT3G27185, AT4G35620, AT4G37490, AT5G06150
OG0000524	ostta03g00640, ostta05g02665, ostta11g02700	AT3G27925, AT4G18370, AT5G39830
OG0000525		
OG0000526		AT1G76220, AT2G17043, AT2G17070, AT2G17080, AT3G51400, AT3G51410, AT4G35200, AT4G35210, AT4G35660, AT4G35680, AT4G35720
OG0000527	ostta15g00190	AT1G17120, AT2G34960, AT3G10600, AT4G21120, AT5G04770
OG0000528	ostta13g01290	AT1G03610, AT1G15030, AT1G17830, AT1G73210, AT2G01260, AT4G03420, AT4G16100, AT4G28150, AT5G08360, AT5G23380, AT5G49220
OG0000529	ostta09g02310	AT1G72110, AT2G38995, AT2G43255, AT3G49190, AT3G49200, AT3G49210, AT5G12420, AT5G16350, AT5G22490, AT5G37300, AT5G53380, AT5G53390
OG0000530	ostta06g01580	AT5G02940, AT5G43745, AT5G49960
OG0000531	ostta01g01720, ostta01g06120	AT3G18090, AT3G23780, AT4G21710, AT5G45140
OG0000532	ostta03g00880	AT1G66960, AT1G78500, AT1G78950, AT1G78955, AT1G78960, AT1G78970, AT2G07050, AT3G29255, AT3G45130, AT4G15340, AT4G15370, AT5G36150, AT5G42600, AT5G48010
OG0000533	ostta01g05830	AT1G23730, AT1G58180, AT1G70410, AT3G01500, AT4G33580, AT5G14740
OG0000534	ostta03g00650, ostta11g02280	AT2G29720, AT2G35660, AT4G15760, AT4G15765, AT4G38540, AT5G05320
OG0000535		AT1G66550, AT1G66560, AT1G66600, AT1G80590, AT2G40740, AT2G40750, AT2G46400, AT3G56390, AT3G56400, AT4G11070, AT4G23810, AT5G01900, AT5G22570, AT5G24110
OG0000536		AT1G32127, AT1G49470, AT1G55230, AT1G55240, AT5G13890, AT5G19870
OG0000537	ostta03g00190, ostta06g04030	AT1G78560, AT2G26900, AT3G25410, AT4G12030, AT4G22840
OG0000538	ostta02g03620	AT1G07180, AT2G20800, AT2G29990, AT4G05020, AT4G21490, AT4G28220
OG0000539		
OG0000540		
OG0000541	ostta02g01290, ostta03g02940, ostta06g03300	AT1G24350, AT1G67600, AT3G12685, AT3G21610, AT3G61770
OG0000542	ostta12g01810	AT1G12130, AT1G12140, AT1G12160, AT1G12200, AT1G62540, AT1G62560, AT1G62570, AT1G62580, AT1G62600, AT1G62620, AT1G63340, AT1G63370, AT1G63390, AT1G65860, AT5G07800, AT5G61290
OG0000543		AT1G28200, AT2G22475, AT4G01600, AT4G40100, AT5G08350, AT5G13200, AT5G23350, AT5G23360, AT5G23370
OG0000544	ostta01g00560	AT1G23220, AT1G52245, AT3G16120, AT4G15930, AT4G27360, AT5G20110
OG0000545		AT2G46260, AT3G61600, AT4G01160
OG0000546	ostta13g01310	AT1G20700, AT1G20710, AT1G46480, AT2G01500, AT2G17950, AT2G28610, AT3G11260, AT3G18010, AT4G35550, AT5G05770, AT5G46010, AT5G59340
OG0000547		AT2G36325, AT3G09930, AT5G03590, AT5G03600, AT5G03610
OG0000548		AT1G18390, AT1G25390, AT1G66880, AT1G69910, AT2G23450, AT5G38210, AT5G66790
OG0000549		AT1G16750, AT1G21060, AT1G43020, AT1G76620, AT2G23700, AT3G13000, AT3G18900, AT4G33130, AT5G47380, AT5G66600
OG0000550	ostta02g00610	AT5G08670, AT5G08680, AT5G08690, ATCG00480
OG0000551		AT1G52640, AT1G71060, AT1G77360, AT3G04130, AT3G15200, AT3G22670, AT3G62470, AT3G62540, AT5G14820, AT5G15010
OG0000552	ostta12g02400	AT1G06410, AT1G23870, AT1G60140, AT1G68020, AT1G70290, AT2G18700, AT4G17770
OG0000553		AT1G10588, AT1G22690, AT1G74670, AT1G75750, AT2G14900, AT2G18420, AT2G30810, AT2G39540, AT3G02885, AT3G10185, AT4G09600, AT4G09610, AT5G15230, AT5G59845
OG0000554	ostta06g04530	AT1G50740, AT2G26240, AT3G20510, AT3G43520, AT3G57280
OG0000555		
OG0000556		AT2G40880, AT3G12490, AT4G16500, AT5G05110, AT5G12140, AT5G47550
OG0000557		AT1G02720, AT1G13250, AT1G19300, AT1G24170, AT1G70090, AT2G46480, AT3G06260, AT3G28340, AT3G50760, AT3G62660, AT4G02130
OG0000558		AT1G03070, AT3G63310, AT4G02690, AT4G14730, AT4G15470
OG0000559		AT1G13790, AT1G15910, AT1G80790, AT2G16490, AT3G12550, AT3G29375, AT3G48670, AT4G00380, AT4G01180, AT4G01780, AT5G59390
OG0000560	ostta08g00010, ostta08g00020	AT1G30900, AT2G14720, AT2G14740, AT2G30290, AT2G34940, AT3G52850, AT4G20110
OG0000561		
OG0000562	ostta06g02190	AT1G56300, AT1G71000, AT2G33735, AT2G41000, AT5G16650
OG0000563		
OG0000564		
OG0000565	ostta09g03030, ostta11g01530	AT3G01280, AT3G49920, AT5G15090, AT5G37610, AT5G57490, AT5G67500
OG0000566		AT2G07675, ATCG00905, ATCG01230, ATMG00980
OG0000567		AT1G19835, AT1G21810, AT1G47900, AT1G77580, AT2G23360, AT2G24470, AT3G05270, AT3G19370, AT4G36120
OG0000568	ostta12g01770	AT2G20440, AT2G43490, AT3G49350, AT3G59570, AT4G27100, AT4G28550, AT5G24390, AT5G41940, AT5G53570, AT5G54780
OG0000569	ostta12g02880, ostta14g02960	AT1G29770, AT1G29780, AT4G18140, AT5G11860, AT5G45700, AT5G46410
OG0000570		AT1G47980, AT3G62730
OG0000571		AT1G04700, AT1G16270, AT1G79570, AT2G35050, AT3G24715, AT3G46920, AT5G57610
OG0000572		
OG0000573		
OG0000574		AT1G09060, AT1G11950, AT1G62310, AT3G07610, AT4G00990, AT4G21430
OG0000575		AT3G19184, AT5G42700, AT5G58280
OG0000576		AT1G19250, AT5G45180
OG0000577		AT1G62400, AT2G24360, AT3G46930, AT4G31170
OG0000578	ostta05g04590	AT1G09420, AT1G24280, AT3G27300, AT5G13110, AT5G35790, AT5G40760
OG0000579	ostta01g02930, ostta06g03010, ostta09g02930	AT1G59760, AT2G06990, AT3G46960
OG0000580	ostta05g02430, ostta09g00800	AT2G17700, AT4G35780, AT4G38470
OG0000581	ostta08g00230	AT2G45870, AT3G61320
OG0000582	ostta15g02850	AT1G14000, AT2G31800, AT2G43850, AT3G58760, AT3G59830, AT4G18950
OG0000583		AT1G12480, AT1G62262, AT1G62280, AT4G27970, AT5G24030
OG0000584		AT1G24150, AT1G59910, AT1G70140, AT2G43800, AT3G05470, AT3G07540, AT3G25500, AT4G15200, AT5G48360, AT5G54650, AT5G67470
OG0000585		ATCG00890, ATCG01250
OG0000586		AT1G24577, AT1G52342, AT1G67910, AT3G13227, AT3G56500, AT5G20370, AT5G55980
OG0000587	ostta06g03080	AT1G09160, AT1G47380, AT1G68410
OG0000588		AT1G13440, AT1G16300, AT1G79530, AT3G04120
OG0000589		
OG0000590		
OG0000591		
OG0000592	ostta04g01995	AT1G44350, AT1G51760, AT1G51780, AT3G02875, AT5G54140, AT5G56650, AT5G56660
OG0000593		ATCG01010, ATMG00513
OG0000594	ostta01g02460, ostta03g05190	AT2G30170, AT4G16580, AT4G33500, AT5G66720
OG0000595		AT2G44740, AT2G45080, AT3G05327, AT3G21870, AT3G60550, AT3G63120, AT5G07450, AT5G61650
OG0000596		AT1G09930, AT4G10770, AT4G16370, AT4G26590, AT4G27730, AT5G53510, AT5G53520, AT5G55930, AT5G64410
OG0000597		AT1G77690, AT2G21050, AT2G38120, AT5G01240
OG0000598	ostta05g00940, ostta05g02180	AT1G03680, AT1G50320, AT2G15570, AT3G15360, AT4G03520
OG0000599		AT1G28240, AT1G34550, AT1G53040, AT2G02910, AT4G09630, AT4G38500, AT5G42660
OG0000600	ostta02g03370, ostta04g02270, ostta07g02725	AT3G08720, AT3G08730
OG0000601		
OG0000602		ATMG01360
OG0000603	ostta03g05860, ostta17g00530	AT2G40990, AT3G26935, AT3G48760, AT3G56920, AT3G56930, AT4G24630, AT5G05070, AT5G41060, AT5G50020
OG0000604	ostta04g03010, ostta05g04140	AT1G15460, AT1G74810, AT2G47160, AT3G06450, AT3G62270, AT4G32510, AT5G25430
OG0000605		AT1G08660, AT3G48820
OG0000606	ostta04g03680	AT1G24735, AT1G67980, AT1G67990, AT3G61990, AT3G62000, AT4G26220, AT4G34050
OG0000607	ostta04g00490, ostta10g02450, ostta13g02760	AT1G67270, AT1G67780, AT2G23530, AT4G37110, AT5G38690
OG0000608		
OG0000609		AT2G39980, AT3G50270, AT3G50280, AT3G50290, AT3G50300, AT5G01210, AT5G07850, AT5G07860, AT5G07870, AT5G23940, AT5G38130, AT5G42830, AT5G67150, AT5G67160
OG0000610	ostta04g04280, ostta05g00610	AT1G08960, AT1G54115, AT3G14070, AT5G17850, AT5G17860
OG0000611		AT1G26320, AT1G65560, AT3G03080, AT3G59845, AT5G16960, AT5G16970, AT5G16980, AT5G16990, AT5G17000, AT5G37940, AT5G37960, AT5G37980, AT5G38000
OG0000612		AT3G47000, AT3G47010, AT3G47040, AT3G47050, AT3G62710, AT5G04885, AT5G20940, AT5G20950
OG0000613		AT1G76190
OG0000614		AT1G05490, AT2G16390, AT2G21450, AT2G21455, AT3G24340, AT3G42670, AT5G20420
OG0000615		AT2G24280, AT5G22860, AT5G65760
OG0000616	ostta03g03940	AT1G11650, AT1G47490, AT1G47500, AT1G49600, AT3G19130, AT4G27000, AT5G19350, AT5G54900
OG0000617	ostta02g03250	AT3G11910, AT5G06600
OG0000618		AT3G19120, AT3G55350, AT3G63270, AT4G29780, AT5G12010
OG0000619		AT1G01580, AT1G01590, AT1G23020, AT5G23980, AT5G23990, AT5G49730, AT5G49740, AT5G50160
OG0000620	ostta02g00150	AT1G15570, AT1G44110, AT1G47220, AT1G47230, AT1G77390, AT1G80370, AT5G11300, AT5G25380, AT5G43080
OG0000621	ostta03g02130	AT1G15080, AT2G01180, AT3G02600, AT3G18220
OG0000622		AT1G34470, AT1G71900, AT2G21120, AT3G23870, AT4G09640, AT4G13800, AT4G38730
OG0000623	ostta01g05550, ostta09g02540, ostta13g02440, ostta15g00680	AT1G31800, AT3G53130, AT4G15110
OG0000624	ostta10g02590, ostta10g02960, ostta16g00545	AT1G47830, AT2G17380, AT2G19790, AT4G35410
OG0000625	ostta04g04260, ostta17g00330	AT1G01960, AT3G43300, AT3G60860, AT4G35380, AT4G38200
OG0000626		AT1G30490, AT1G52150, AT2G34710, AT4G32880, AT5G60690
OG0000627	ostta07g02120	AT1G13640, AT1G26270, AT1G64460, AT2G03890, AT2G40850, AT2G46500, AT3G56600, AT5G24240
OG0000628	ostta06g01880, ostta10g00500	AT5G01260
OG0000629		AT1G25580, AT1G28470, AT3G01600, AT4G28500, AT4G29230, AT5G14490, AT5G16610, AT5G56620
OG0000630		AT1G34490, AT1G34500, AT1G34520, AT3G51970, AT5G51420, AT5G55320, AT5G55330, AT5G55340, AT5G55350, AT5G55360, AT5G55370, AT5G55380
OG0000631	ostta05g00470, ostta07g02180	AT2G38290
OG0000632		AT3G18215, AT4G31330, AT5G10580, AT5G24600, AT5G24790, AT5G43180, AT5G46060
OG0000633		AT1G80133, AT2G30370, AT3G13898, AT3G22820, AT4G14723, AT4G37810, AT5G10310
OG0000634	ostta10g02900	AT1G67310, AT2G22300, AT3G16940, AT4G16150, AT5G09410, AT5G64220
OG0000635	ostta02g02550, ostta17g01240	AT1G27630, AT1G35440, AT4G19560, AT4G19600, AT5G45190
OG0000636		AT1G11600, AT1G64900, AT1G64930, AT1G64940, AT1G64950, AT2G12190, AT3G03470, AT3G10560, AT3G10570, AT5G04630, AT5G04660, AT5G61320
OG0000637	ostta04g01400	AT3G10920, AT3G56350, AT4G00651, AT4G25100, AT5G23310, AT5G51100
OG0000638	ostta09g04040, ostta16g00060	AT1G48230, AT1G53660, AT2G25520, AT3G14410, AT3G17430, AT4G32390, AT5G11230, AT5G25400
OG0000639		AT2G05260, AT4G10955, AT5G24180, AT5G24190, AT5G24200, AT5G24210, AT5G24220, AT5G24230, AT5G50890
OG0000640	ostta03g03170	AT1G08820, AT1G51270, AT2G23830, AT2G45140, AT3G60600, AT4G00170, AT5G47180
OG0000641	ostta01g02340	AT1G80510, AT2G40420, AT3G30390, AT3G56200, AT5G38820
OG0000642	ostta07g04640, ostta11g02320, ostta17g01780	AT1G55920, AT2G17640, AT3G13110, AT4G35640, AT5G56760
OG0000643	ostta07g03240	
OG0000644	ostta05g00820	
OG0000645		AT1G02640, AT1G78060, AT3G19620, AT5G09700, AT5G09730, AT5G10560, AT5G49360, AT5G64570
OG0000646		AT1G34260, AT1G71010, AT3G14270, AT4G33240
OG0000647	ostta01g06660	AT1G08510, AT3G25110, AT4G13050
OG0000648	ostta02g01910, ostta04g04040	AT4G24280, AT4G37910, AT5G09590, AT5G49910
OG0000649	ostta11g00140	AT1G04260, AT1G08770, AT1G17700, AT1G55190, AT1G55640, AT2G38360, AT2G40380, AT3G13710, AT3G13720, AT3G56110, AT4G00005, AT4G29658, AT5G01640, AT5G05380, AT5G07110, AT5G56230
OG0000650		
OG0000651		
OG0000652		AT1G14460, AT2G02480, AT4G18820, AT4G24790, AT5G45720
OG0000653	ostta05g03340	AT1G15870, AT1G80720, AT2G39790, AT2G39795, AT2G41600, AT2G46190, AT3G55605, AT4G31930, AT5G02050, AT5G05990
OG0000654	ostta15g00955	AT1G02500, AT2G36880, AT3G17390, AT4G01850
OG0000655	ostta09g02750	AT3G51780, AT5G07220, AT5G14360, AT5G40630, AT5G52060, AT5G62100
OG0000656	ostta02g01510, ostta02g02580	AT3G44490, AT3G44660, AT3G44680, AT4G38130, AT5G35600, AT5G63110
OG0000657	ostta10g01070	AT1G65920, AT1G69710, AT1G76950, AT3G23270, AT3G47660, AT4G14368, AT5G12350, AT5G19420, AT5G42140
OG0000658	ostta07g02140	AT1G48040, AT2G25620, AT2G33700, AT3G17250, AT3G51470, AT3G62260
OG0000659		AT2G34200, AT2G37950, AT3G06330, AT3G09760, AT5G01070, AT5G03180, AT5G05830, AT5G18760, AT5G59000, AT5G60580
OG0000660	ostta07g01900	AT1G23510, AT1G23520, AT1G23560, AT1G23570, AT1G23580, AT1G23590, AT1G23600, AT1G23610, AT1G23640, AT1G23645, AT1G23660, AT1G23670, AT1G23680, AT1G23690, AT1G70480, AT2G27670
OG0000661		
OG0000662		
OG0000663	ostta03g03120, ostta04g01490	AT1G32150, AT2G35530, AT2G46270, AT4G01120, AT4G36730
OG0000664		AT3G47680
OG0000665		
OG0000666	ostta11g00770	AT1G02190, AT1G02205, AT2G37700, AT5G57800
OG0000667	ostta07g00080	AT1G20640, AT1G64530, AT1G76350, AT2G17150, AT2G43500, AT3G59580, AT4G24020, AT4G35270, AT4G38340
OG0000668		AT1G35560, AT1G58100, AT1G69690, AT1G72010, AT2G37000, AT2G45680, AT3G27010, AT3G45150, AT3G47620, AT5G08330, AT5G23280, AT5G41030, AT5G51910
OG0000669	ostta12g02360	AT1G19100, AT4G24970, AT4G36270, AT4G36280, AT4G36290, AT5G13130, AT5G50780
OG0000670	ostta17g00580	AT3G06140, AT3G09770, AT3G53410, AT5G03200, AT5G19080
OG0000671	ostta04g02770, ostta05g02120	AT3G22310, AT3G22330, AT5G26742, AT5G62190
OG0000672	ostta15g01090, ostta18g01440	AT2G06510, AT4G19130, AT5G08020, AT5G45400, AT5G61000
OG0000673	ostta12g02960	AT1G53310, AT1G68750, AT2G42600, AT3G14940
OG0000674	ostta07g00450	AT1G79710, AT2G32040, AT5G10820, AT5G25040, AT5G25050
OG0000675	ostta08g04240	AT1G03430, AT1G80100, AT3G16360, AT3G21510, AT3G29350, AT4G04402, AT5G19710, AT5G39340
OG0000676	ostta02g03460	AT2G20340, AT4G28680
OG0000677	ostta16g02280	AT1G69420, AT2G33640, AT3G22180, AT4G01730, AT4G15080
OG0000678		AT1G31820, AT1G31830, AT3G13620, AT3G19553, AT5G05630
OG0000679		AT1G28220, AT1G28230, AT1G44750, AT2G33750, AT4G08700, AT4G18190, AT4G18195, AT4G18197, AT4G18205, AT4G18210, AT4G18220, AT5G41160
OG0000680		AT1G71110, AT1G80540, AT2G12400, AT2G25270, AT5G67550
OG0000681	ostta03g04170, ostta04g02530	AT1G20320, AT1G43600, AT1G43610, AT2G02290, AT2G04930, AT2G33540, AT3G17550, AT3G19595, AT3G19600, AT5G23470, AT5G54210, AT5G58003
OG0000682	ostta08g02590, ostta12g01340, ostta13g01070, ostta16g00910	AT3G51520
OG0000683		AT2G29140, AT2G29190, AT2G29200, AT3G10360, AT3G20250, AT4G25880
OG0000684	ostta06g03530, ostta11g02830	AT3G06110, AT3G23610, AT4G18593
OG0000685		AT3G56310, AT5G08370, AT5G08380
OG0000686		AT3G17365, AT3G60910, AT4G34360
OG0000687		AT2G33570, AT3G07380, AT3G60990, AT4G20170, AT5G44670, AT5G48190
OG0000688		AT1G24400, AT1G25530, AT1G48640, AT1G61270, AT1G67640, AT1G71680, AT3G01760, AT4G35180, AT5G40780
OG0000689		AT1G24130, AT1G24530, AT1G47610, AT1G49450, AT2G26490, AT3G18950, AT3G50390, AT3G51930, AT4G34380, AT5G50120
OG0000690		AT1G27200, AT3G27330, AT4G37420, AT5G40720
OG0000691		AT1G30210, AT1G53230, AT1G67260, AT1G68800, AT2G31070, AT3G02150, AT3G15030, AT3G18550, AT4G18390, AT5G08070, AT5G60970
OG0000692	ostta12g00300, ostta20g00200	AT1G64780, AT3G24290, AT3G24300, AT4G13510, AT4G28700
OG0000693		AT3G24530
OG0000694		
OG0000695	ostta01g01230	AT1G08250, AT1G11790, AT2G27820, AT3G07630, AT3G44720, AT5G22630
OG0000696	ostta15g01630	AT1G17980, AT2G25850, AT3G06560, AT4G32850, AT5G02670
OG0000697	ostta09g04410	AT4G27270, AT4G36750, AT5G54500, AT5G58800
OG0000698		AT3G01940, AT3G01950, AT3G27027, AT3G27030, AT3G48660, AT5G08391, AT5G14110, AT5G40960, AT5G40980, AT5G50560, AT5G50660, AT5G63500
OG0000699		AT1G31760, AT1G49520, AT2G14880, AT2G35605, AT3G03590, AT3G19080, AT3G48600, AT4G22360, AT4G26810, AT4G34290
OG0000700	ostta06g00610, ostta06g00740	AT2G40810, AT2G47720, AT3G56440, AT3G62770, AT4G30510, AT5G05150
OG0000701		AT1G62710, AT2G25940, AT3G20210, AT4G32940
OG0000702	ostta02g00380, ostta02g01270, ostta09g02520	AT1G09130, AT1G49970, AT4G17040
OG0000703	ostta03g00350, ostta09g00160, ostta14g01010	AT1G43670, AT3G54050, AT5G64380
OG0000704		
OG0000705	ostta05g02870, ostta08g00580	AT1G15810, AT1G80620, ATCG01120
OG0000706		AT5G24090
OG0000707	ostta17g00740	AT1G55960, AT1G64720, AT3G13062, AT3G23080, AT4G14500, AT5G54170
OG0000708	ostta09g02840	AT2G39740, AT2G45620, AT3G45750, AT3G45760
OG0000709		AT1G63850, AT2G13690, AT2G24692, AT3G50780, AT5G60050
OG0000710		AT1G27440, AT2G28110, AT5G22940, AT5G61840
OG0000711		AT1G06700, AT1G48210, AT1G48220, AT2G30730, AT2G30740, AT2G41970, AT2G43230, AT2G47060, AT3G17410, AT3G59350, AT3G62220
OG0000712		AT1G19350, AT1G75080, AT1G78700, AT3G50750, AT4G18890, AT4G36780
OG0000713	ostta05g03740	AT1G63440, AT5G44790
OG0000714	ostta04g03560, ostta06g01070	AT1G08540, AT1G64860, AT2G36990, AT5G13730
OG0000715		
OG0000716		AT1G01050, AT2G18230, AT2G46860, AT3G53620, AT4G01480
OG0000717		AT1G02900, AT1G28270, AT2G33775, AT3G05490, AT3G16570, AT3G23805, AT4G13950, AT4G15800, AT5G67070
OG0000718	ostta04g00900, ostta05g00850	AT1G51340, AT2G38330, AT3G08040, AT4G38380
OG0000719	ostta04g03510	AT1G43800, AT2G43710, AT3G02630, AT5G16240
OG0000720		AT1G09700, AT2G28380, AT3G26932, AT3G62800, AT5G41070
OG0000721	ostta08g02660	AT1G01480, AT1G62960, AT2G22810, AT3G49700, AT3G61510, AT4G08040, AT4G11280, AT4G26200, AT4G37770, AT5G51690, AT5G65800
OG0000722	ostta01g02590	AT1G04470, AT2G20010, AT2G25800, AT2G33420, AT4G11670, AT5G06970
OG0000723	ostta03g00290, ostta05g00080, ostta15g01970	AT5G06140, AT5G07120, AT5G37050, AT5G58440
OG0000724		AT1G56230, AT2G22660, AT4G37682, AT4G37900
OG0000725	ostta03g04940	AT2G44710, AT3G52660, AT4G00830, AT5G28390
OG0000726		
OG0000727	ostta02g04340	AT1G24470, AT1G67730
OG0000728	ostta08g01840	AT1G68185, AT2G32765, AT4G26840, AT5G48700, AT5G48710, AT5G55160, AT5G55170, AT5G55855, AT5G55856
OG0000729	ostta03g00655	AT1G13580, AT1G26200, AT3G19260, AT3G25540
OG0000730	ostta01g04660, ostta03g04900	AT1G07670, AT1G07810, AT1G10130, AT4G00900
OG0000731	ostta13g01940	AT1G23700, AT1G70430, AT1G79640, AT4G10730, AT4G14480, AT4G24100, AT5G14720
OG0000732	ostta05g03320	AT1G48870, AT1G64610, AT2G37670, AT3G15470, AT5G02430, AT5G24320, AT5G42010, AT5G53500, AT5G54200
OG0000733		AT1G13170, AT1G77730, AT2G31020, AT2G31030, AT2G31035, AT4G08180, AT4G12460, AT4G22540
OG0000734	ostta05g01300	AT1G62800, AT2G30970, AT4G31990, AT5G11520, AT5G19550
OG0000735	ostta17g00310	AT1G10960, AT1G60950, AT2G27510, AT5G10000
OG0000736	ostta04g05360	AT2G26660, AT2G45130, AT5G15330, AT5G20150
OG0000737	ostta11g03030	AT1G11910, AT1G62290, AT1G69100, AT4G04460, AT4G22050
OG0000738		
OG0000739		
OG0000740		ATCG00190
OG0000741		AT3G47740, AT3G47750, AT3G47760, AT3G47770, AT3G47780, AT3G47790, AT5G61700, AT5G61740
OG0000742		AT1G19510, AT1G75250, AT2G18328, AT2G21650, AT4G36570, AT4G39250, AT5G47290
OG0000743		AT1G21140, AT1G76800, AT3G25190, AT3G43630, AT3G43660
OG0000744	ostta03g04980, ostta09g03360	AT1G55250, AT2G44950
OG0000745	ostta12g01360	AT1G09730, AT1G10570, AT1G60220, AT2G10625, AT4G33620
OG0000746		
OG0000747	ostta04g04020, ostta14g00720	AT1G03860, AT2G20530, AT3G27280, AT4G28510, AT5G14300, AT5G40770, AT5G44140
OG0000748		AT5G55150
OG0000749		AT1G49890, AT2G20616, AT2G20815, AT2G24070, AT2G44190, AT3G19570, AT3G60000, AT4G25190, AT4G30710, AT4G30740, AT5G43155, AT5G43160
OG0000750		AT1G79120, AT3G63090, AT4G01037, AT4G08940, AT5G21970, AT5G62990
OG0000751	ostta02g01840, ostta15g01470	AT1G74960, AT5G46290
OG0000752		AT1G23010, AT1G71040
OG0000753		AT4G33070, AT5G01320, AT5G01330, AT5G54960
OG0000754	ostta07g03820	AT1G22760, AT1G34140, AT1G49760, AT1G71770, AT2G23350, AT2G36660, AT4G34110
OG0000755	ostta01g01340, ostta01g06640, ostta04g02830, ostta06g02060, ostta18g00690, ostta18g00710	
OG0000756		
OG0000757		AT1G31770, AT1G71960, AT3G13220, AT3G25620, AT3G52310, AT4G27420, AT5G06530
OG0000758	ostta02g03720	AT2G25760, AT3G03940, AT3G13670, AT5G18190
OG0000759		AT4G10890, AT5G41980
OG0000760		
OG0000761		AT3G47350, AT3G47360, AT4G10020, AT5G50590, AT5G50600, AT5G50690, AT5G50700, AT5G50770
OG0000762	ostta14g00260	AT1G17590, AT1G30500, AT1G54160, AT1G72830, AT2G34720, AT3G05690, AT3G14020, AT3G20910, AT5G06510, AT5G12840
OG0000763	ostta01g05440	AT1G15940, AT1G77600, AT1G80810, AT4G31880, AT5G47690
OG0000764		AT1G23060, AT1G54460, AT1G70950, AT2G25480, AT2G35880, AT3G04630, AT3G23090, AT4G32330, AT5G28646
OG0000765	ostta14g02860	AT3G01260, AT3G17940, AT3G47800, AT5G15140
OG0000766	ostta04g03500	AT1G55310, AT3G13570, AT3G55460, AT5G18810
OG0000767	ostta06g02990	AT1G20090, AT1G75840, AT2G17800, AT2G44690, AT3G48040, AT3G51300, AT4G28950, AT4G35020, AT4G35950, AT5G45970, AT5G62880
OG0000768		AT1G80950, AT2G45670
OG0000769	ostta09g04180	AT1G08670, AT2G43160, AT3G23350, AT3G46540, AT3G59290, AT5G11710
OG0000770		AT2G22590, AT5G49690, AT5G65550
OG0000771	ostta02g05060, ostta12g00320, ostta14g02180	AT1G03310, AT2G39930, AT4G09020
OG0000772	ostta12g00270, ostta16g02450	AT2G17570, AT2G23400, AT2G23410, AT5G58770, AT5G58780, AT5G58782, AT5G58784, AT5G60500, AT5G60510
OG0000773		AT5G43150
OG0000774		
OG0000775	ostta08g00270, ostta11g01045, ostta15g02160	AT1G03055, AT1G64680, AT4G01995
OG0000776	ostta11g03110, ostta15g00150	AT4G09320, AT4G11010, AT4G23900, AT5G63310
OG0000777		AT3G23570, AT3G23600
OG0000778	ostta03g00870, ostta04g03940	AT2G36390, AT3G20440, AT5G03650
OG0000779	ostta04g01390	AT1G16370, AT1G16390, AT1G73220, AT1G79360, AT1G79410, AT3G20660
OG0000780		
OG0000781		ATCG00680
OG0000782		AT1G14210, AT1G14220, AT1G26820, AT2G02990, AT2G39780
OG0000783		AT1G07090, AT1G16910, AT1G78815, AT2G31160, AT2G42610, AT3G04510, AT4G18610, AT5G28490, AT5G58500
OG0000784		ATCG00020
OG0000785	ostta17g01990	AT1G03550, AT1G11180, AT1G32050, AT1G61250, AT2G20840
OG0000786	ostta01g01600, ostta03g00770	AT1G62410, AT2G24050, AT4G30680, AT5G57870
OG0000787	ostta03g01090	AT3G61740, AT4G27910, AT5G42400, AT5G53430
OG0000788		AT1G21850, AT1G21860, AT1G41830, AT1G75790, AT1G76160, AT2G23630, AT4G12420, AT4G22010, AT4G25240, AT4G28090, AT4G37160, AT4G38420, AT5G48450, AT5G51480, AT5G66920
OG0000789	ostta05g01570, ostta07g01220, ostta07g03540	AT3G02460, AT3G07890, AT5G15930
OG0000790	ostta07g02760	AT1G27500, AT2G31240, AT3G27960, AT4G10840
OG0000791	ostta14g01900	AT2G41220, AT5G04140, AT5G53460
OG0000792		AT1G14330, AT1G26930, AT1G74510, AT2G02870, AT3G27150, AT5G40680, AT5G60570
OG0000793		
OG0000794		AT1G07220, AT1G63420, AT2G45830, AT2G45840, AT3G48980, AT3G61270, AT3G61280, AT3G61290, AT5G23850
OG0000795		AT2G40640, AT3G12940, AT3G19895, AT5G05230
OG0000796	ostta05g04620, ostta19g00110	AT1G53500, AT1G63000, AT1G78570, AT3G14790
OG0000797		AT1G54095, AT1G72510, AT1G79770, AT2G09970, AT2G25780, AT3G22540, AT4G14819, AT5G20670, AT5G25840
OG0000798	ostta06g03050, ostta06g04150, ostta18g01600	AT1G13610, AT1G32190, AT1G66900, AT2G24320, AT3G01690, AT3G30380, AT4G24760, AT4G31020, AT5G14390, AT5G38220
OG0000799		AT1G18290, AT3G03280, AT5G17350
OG0000800		AT1G36070, AT1G55680, AT1G78070, AT3G13340, AT5G56190
OG0000801	ostta02g02890, ostta07g03850	AT1G16180, AT2G33205, AT3G06170, AT3G24460, AT4G13345
OG0000802		
OG0000803	ostta14g00710	AT1G66260, AT5G02530, AT5G37720, AT5G59950
OG0000804		AT3G03990, AT3G24420, AT4G37470
OG0000805		AT1G01630, AT1G14820
OG0000806	ostta07g03380, ostta12g03030	AT1G51380, AT1G54270, AT1G72730, AT3G13920, AT3G19760
OG0000807		AT2G17820, AT2G47430
OG0000808		AT2G07815, ATMG00180
OG0000809	ostta01g01180	AT2G42750, AT5G23240
OG0000810		AT1G68560, AT3G45940, AT5G11720
OG0000811	ostta03g05680	AT1G21660, AT1G30280, AT1G75100, AT1G75310, AT4G12770, AT4G12780, AT4G36520
OG0000812		ATMG00270
OG0000813	ostta15g00350	AT1G64040, AT2G29400, AT2G39840, AT3G05580, AT3G46820, AT4G11240, AT5G27840, AT5G43380, AT5G59160
OG0000814	ostta07g01720	AT1G18490, AT2G42670, AT3G58670, AT5G15120, AT5G39890
OG0000815		AT1G28300, AT3G24650, AT3G26790
OG0000816	ostta04g00870	AT1G06900, AT2G41790, AT3G57470, AT5G01440
OG0000817	ostta03g02730	AT1G16310, AT1G79520, AT2G39450, AT3G58060
OG0000818	ostta13g00270	AT1G21700, AT2G33610, AT2G47620, AT4G34430
OG0000819		AT2G29890, AT2G41740, AT3G57410, AT4G30160, AT5G57320
OG0000820		
OG0000821		
OG0000822		
OG0000823	ostta09g00100, ostta15g00180	AT2G28760, AT2G47650, AT3G46440, AT3G53520, AT3G62830, AT5G59290
OG0000824	ostta13g01180, ostta16g02480	AT3G01180, AT5G24300
OG0000825		AT1G22490, AT1G72210, AT2G46810, AT3G06120, AT3G24140, AT3G61950, AT4G01460, AT5G46690, AT5G53210, AT5G65320
OG0000826	ostta18g01350	AT2G17270, AT3G48850, AT5G14040
OG0000827	ostta08g02950	AT1G13730, AT1G69250, AT2G03640, AT3G07250, AT3G24463, AT3G25150, AT3G55540, AT5G43960, AT5G48650, AT5G60980
OG0000828	ostta13g00260	AT2G19670, AT3G12270, AT3G20020, AT4G29510
OG0000829		AT1G19580, AT1G47260, AT3G48680, AT5G63510, AT5G66510
OG0000830	ostta02g05140	AT1G02000, AT2G45310, AT3G23820, AT4G00110, AT4G12250, AT4G30440
OG0000831		AT1G14700, AT1G25230, AT2G01880, AT2G01890, AT3G17790
OG0000832	ostta05g03010	AT1G05270, AT2G32340, AT5G52030
OG0000833		AT2G39050
OG0000834	ostta09g03235	AT1G19950, AT1G75700, AT2G36020, AT5G42560
OG0000835		AT1G55170, AT1G67170, AT2G30120, AT3G14750, AT5G61920
OG0000836	ostta01g01500	AT1G74030, AT2G29560, AT2G36530
OG0000837	ostta03g01960, ostta15g02780	AT1G15860, AT3G12760, AT3G28970
OG0000838	ostta12g03190	AT3G20240, AT4G32400
OG0000839	ostta04g02510, ostta04g02820, ostta12g03180	AT1G73110, AT2G39730
OG0000840	ostta14g00880	AT1G07210, ATCG00650
OG0000841	ostta13g01840	AT3G45300, AT3G51840
OG0000842	ostta05g02250, ostta15g02630	AT1G04780, AT1G11740, AT1G62045, AT1G62050, AT3G04470, AT3G24210
OG0000843		AT5G57700
OG0000844		
OG0000845		
OG0000846	ostta02g04880, ostta03g05290	AT4G31040, ATCG00530
OG0000847		AT1G05710, AT1G27660, AT1G31050, AT1G49830, AT1G61660, AT2G20100, AT2G31730, AT3G19500, AT3G20640, AT4G05170, AT4G21340, AT4G29100
OG0000848	ostta01g02825	AT1G14340, AT1G67950, AT3G01210, AT4G17720, AT5G16840, AT5G32450, AT5G46870
OG0000849	ostta06g01400, ostta09g04270	AT1G44890, AT1G65080, AT2G46470, AT3G44370, AT3G49155, AT5G62050
OG0000850	ostta14g01330	AT1G10040, AT1G29120, AT4G25770, AT5G51180
OG0000851		AT1G45201, AT1G56630, AT3G14360, AT5G42930, AT5G67050
OG0000852		AT2G24550, AT3G03170, AT3G43850, AT4G26288, AT4G31510, AT5G21940, AT5G24890, AT5G56550
OG0000853		AT1G55720, AT1G55730, AT2G38170, AT3G13320, AT3G51860, AT5G01490
OG0000854		AT1G68140, AT1G77770, AT3G24740, AT3G25910, AT4G08460, AT4G31410
OG0000855	ostta09g00810	AT1G03920, AT1G30640, AT2G19400, AT2G20470, AT3G23310, AT4G14350, AT4G33080, AT5G09890
OG0000856	ostta06g03380, ostta06g03910	AT1G54490, AT1G75660, AT5G42540
OG0000857	ostta04g01980, ostta11g00260, ostta11g00960	AT3G29320, AT3G46970
OG0000858	ostta08g00980	AT1G03090, AT5G35360
OG0000859		
OG0000860		
OG0000861		
OG0000862		AT1G29300, AT1G53380, AT2G30380, AT2G32130, AT2G45260, AT3G14870, AT3G60680, AT4G33320, AT4G34080, AT4G36100, AT5G58960
OG0000863		AT3G15450, AT3G22850, AT4G27450, AT5G19140, AT5G43830
OG0000864	ostta02g02830, ostta11g01000	AT1G58450, AT3G25230, AT3G54010, AT5G48570
OG0000865	ostta09g04450, ostta14g01510	AT2G24150, AT2G40710, AT4G30850, AT4G37680, AT4G38290, AT4G38320, AT4G38330, AT5G20270
OG0000866	ostta10g02950	AT1G47740, AT1G80690, AT2G25190, AT4G17486, AT4G31980, AT5G25170, AT5G47310
OG0000867	ostta04g04580	AT4G33260, AT4G33270, AT5G26900, AT5G26955, AT5G27080, AT5G27570, AT5G27945
OG0000868	ostta11g03260	AT1G14040, AT1G26730, AT1G35350, AT1G68740, AT1G69480, AT2G03240, AT2G03250, AT2G03260, AT3G23430, AT3G29060, AT4G25350
OG0000869	ostta01g05060, ostta13g01380	AT1G53670, AT4G04800, AT4G04810, AT4G04830, AT4G04840, AT4G21830, AT4G21840, AT4G21850, AT4G21860
OG0000870	ostta08g02250, ostta17g02230	AT2G37860, AT3G08630, AT3G08640, AT5G22790
OG0000871	ostta03g02920, ostta10g00030	AT1G26120, AT3G02410, AT5G15860
OG0000872		
OG0000873		AT4G31380, AT5G10625, AT5G24860
OG0000874	ostta05g04410, ostta20g00840	AT1G07420, AT2G29390, AT4G12110, AT4G22755, AT4G22756
OG0000875		AT1G29980, AT1G80240, AT2G34510, AT2G41800, AT2G41810, AT3G08030, AT4G32460, AT5G11420, AT5G14150, AT5G25460
OG0000876		AT1G01490, AT3G05920, AT5G23760, AT5G26690, AT5G52740, AT5G52750, AT5G52760, AT5G52770
OG0000877	ostta04g02400	AT1G22180, AT1G75170, AT4G08690, AT4G36640
OG0000878		AT5G28910, AT5G28960
OG0000879		
OG0000880	ostta05g02420, ostta09g00640	AT1G36627, AT3G53570, AT4G24740, AT4G32660
OG0000881	ostta05g00840	AT1G63940, AT3G09940, AT3G27820, AT3G52880, AT5G03630
OG0000882		AT2G07751, ATCG00440, ATMG00990
OG0000883		AT1G25300, AT1G70640, AT2G01190, AT3G18230, AT3G26510, AT3G48240, AT4G05150, AT5G09620, AT5G16220, AT5G49920, AT5G63130, AT5G64430
OG0000884	ostta01g03930, ostta06g02960	AT3G59550, AT4G05360, AT5G05490, AT5G16270, AT5G40840
OG0000885	ostta01g03490, ostta07g02680, ostta10g00430	AT2G25640, AT2G38560, AT2G42725, AT3G29639, AT4G18720, AT5G11430, AT5G25520, AT5G42325
OG0000886		AT1G06770, AT1G28080, AT2G30580, AT3G23060, AT5G13250
OG0000887		AT1G48990, AT2G25890, AT3G01570, AT3G18570, AT3G27660, AT4G25140, AT5G07510, AT5G07520, AT5G07530, AT5G07540, AT5G07550, AT5G07560, AT5G07571, AT5G07600, AT5G40420, AT5G51210, AT5G61610
OG0000888		
OG0000889	ostta09g02120, ostta09g02380, ostta14g00170	AT1G26220, AT1G32070, AT4G19985
OG0000890		
OG0000891	ostta01g05040	AT3G60180, AT3G60961, AT4G25280, AT5G26667
OG0000892	ostta03g05640, ostta09g01980, ostta14g01570	AT1G05030, AT1G67300, AT1G79820, AT5G16150
OG0000893		AT1G13195, AT1G24440, AT3G47160, AT5G01520, AT5G58787
OG0000894	ostta03g01220, ostta04g01950, ostta08g03780, ostta10g03320, ostta13g00230	
OG0000895		
OG0000896		AT3G06060, AT5G19200
OG0000897		AT1G16510, AT1G56150, AT1G79130, AT3G12830
OG0000898	ostta03g02790, ostta04g00470	AT1G26830, AT1G69670, AT5G46210
OG0000899	ostta08g03320, ostta09g02640, ostta09g02670	AT1G05520, AT2G21630, AT3G23660, AT4G14160, AT5G43670
OG0000900	ostta05g03730, ostta13g02530	AT5G10480, AT5G59770
OG0000901	ostta06g02520	AT1G19270, AT2G39830, AT4G36860, AT5G66610, AT5G66620, AT5G66630, AT5G66640
OG0000902		AT1G29020, AT1G29025, AT1G53210, AT2G34020, AT2G34030
OG0000903		AT1G03457, AT2G47310, AT4G03110, AT4G16280
OG0000904	ostta04g04220	AT1G47290, AT2G26260, AT2G33630, AT2G43420
OG0000905	ostta08g02040, ostta11g01210	AT1G20960, AT2G42270, AT5G61140
OG0000906		AT1G73370, AT3G43190, AT4G02280, AT5G20830, AT5G37180, AT5G49190
OG0000907		AT4G08170, AT4G33770, AT5G16760
OG0000908	ostta03g05090, ostta15g01520	AT1G48090, AT4G17140
OG0000909		
OG0000910		
OG0000911		AT1G07520, AT1G07530, AT2G29060, AT2G29065, AT2G37650, AT3G46600, AT5G59450
OG0000912	ostta08g04310	AT1G54570, AT3G02030, AT3G26820, AT3G26840, AT5G41120, AT5G41130
OG0000913	ostta01g01640, ostta03g04650, ostta13g01335	AT2G39320, AT3G02070, AT3G22260, AT5G03330, AT5G04250
OG0000914		AT1G65960, AT2G02000, AT2G02010, AT3G17720, AT3G17760, AT5G17330
OG0000915		AT2G26170
OG0000916	ostta16g00580	AT1G21080, AT1G76700, AT1G77020, AT2G21510, AT4G39150
OG0000917		AT2G15560, AT3G56730, AT3G60940, AT3G61028, AT3G62200, AT3G62210, AT3G62850, AT4G30760, AT5G09840, AT5G61180, AT5G61190, AT5G64590, AT5G64710
OG0000918		AT1G08760, AT1G23790, AT1G70340, AT2G31920, AT3G14170, AT3G19610, AT4G13370
OG0000919	ostta17g00810, ostta18g00910, ostta19g00370, ostta19g00420	AT1G76340, AT5G19980
OG0000920	ostta06g02320	AT1G55740, AT3G57520, AT4G01970, AT5G20250, AT5G40390
OG0000921		AT4G15440, AT5G42650
OG0000922		AT1G07350, AT4G35785
OG0000923	ostta14g02590	AT1G06550, AT2G30650, AT2G30660, AT3G60510, AT4G31810, AT5G65940
OG0000924	ostta01g00980	AT1G15690
OG0000925		
OG0000926		AT1G11620, AT1G11810, AT1G24800, AT1G24881, AT1G25055, AT1G25141, AT1G25150, AT1G25211, AT1G27490, AT1G31510, AT1G32140, AT1G50470, AT1G54550, AT1G59680, AT1G62270, AT1G65990, AT1G66490, AT1G67450, AT1G67455, AT2G04920, AT2G07140, AT2G11200, AT2G17830, AT2G18780, AT2G24510, AT2G27520, AT2G33655, AT2G38590, AT2G39355, AT3G03405, AT3G04250, AT3G08750, AT3G13680, AT3G13820, AT3G13830, AT3G14030, AT3G16020, AT3G16740, AT3G16820, AT3G16880, AT3G17265, AT3G17270, AT3G17280, AT3G17320, AT3G17400, AT3G17480, AT3G17490, AT3G17500, AT3G17530, AT3G17540, AT3G17560, AT3G17570, AT3G17620, AT3G18120, AT3G18320, AT3G18330, AT3G18905, AT3G18910, AT3G18980, AT3G19410, AT3G19470, AT3G19560, AT3G19565, AT3G19880, AT3G19890, AT3G20030, AT3G20400, AT3G20690, AT3G20700, AT3G20710, AT3G21120, AT3G21130, AT3G21170, AT3G22350, AT3G22421, AT3G22700, AT3G22710, AT3G22720, AT3G22730, AT3G22770, AT3G22870, AT3G22940, AT3G23260, AT3G23420, AT3G23633, AT3G23680, AT3G23685, AT3G24580, AT3G24700, AT3G25090, AT3G25460, AT3G44120, AT3G49510, AT3G49520, AT3G49980, AT4G04690, AT4G05080, AT4G09870, AT4G10190, AT4G10740, AT4G17200, AT4G33290, AT5G25195, AT5G36190, AT5G36200, AT5G36730, AT5G36820, AT5G41490, AT5G41500, AT5G41510, AT5G42460, AT5G47300, AT5G51000, AT5G60560, AT5G62830
OG0000927		AT1G19160, AT1G23037, AT1G26510, AT1G26515, AT1G30780, AT1G30790, AT1G30920, AT1G30925, AT1G30930, AT1G31000, AT1G31080, AT1G31090, AT1G31163, AT1G31620, AT1G32420, AT1G32660, AT1G33010, AT1G33020, AT1G43005, AT1G46840, AT1G46912, AT1G46984, AT1G47300, AT1G47340, AT1G47350, AT1G47730, AT1G47765, AT1G47790, AT1G47800, AT1G47810, AT1G48060, AT1G50870, AT1G50880, AT1G52490, AT1G52495, AT1G53360, AT1G53370, AT1G53550, AT1G53790, AT1G53815, AT1G55070, AT1G55947, AT1G59675, AT1G59690, AT1G60370, AT1G61060, AT1G67130, AT1G70380, AT1G70390, AT1G70960, AT1G70970, AT1G71290, AT1G76830, AT2G02660, AT2G02890, AT2G13630, AT2G15640, AT2G16220, AT2G16450, AT2G16810, AT2G19630, AT2G21930, AT2G23160, AT2G31470, AT2G32470, AT2G33705, AT2G40910, AT2G40920, AT2G40925, AT3G04660, AT3G06280, AT3G10240, AT3G10790, AT3G10990, AT3G23960, AT3G47020, AT3G47030, AT3G47130, AT3G47140, AT3G47150, AT3G49440, AT3G49450, AT3G52320, AT3G52330, AT3G52510, AT3G56670, AT3G56890, AT3G57580, AT3G57590, AT3G61340, AT4G09190, AT4G11590, AT4G13060, AT4G19930, AT4G19940, AT4G21240, AT4G29970, AT4G38870, AT5G15660, AT5G15670, AT5G18160, AT5G22791, AT5G38810, AT5G42430, AT5G43550, AT5G44220, AT5G44345, AT5G50220, AT5G52610, AT5G52620, AT5G62060, AT5G62510, AT5G62660, AT5G62860, AT5G65850
OG0000928		
OG0000929		AT2G26190, AT3G13600, AT3G52870, AT3G58480, AT4G33050, AT5G57010
OG0000930		AT1G08280
OG0000931		AT1G07490, AT1G13245, AT1G17235, AT1G53708, AT1G64585, AT1G67265, AT1G68825, AT2G29125, AT2G36985, AT2G39705, AT3G02493, AT3G14362, AT3G18518, AT3G25717, AT3G53232, AT3G55515, AT4G13395, AT4G35783, AT5G16023
OG0000932		AT2G07687, ATMG00730
OG0000933		AT1G21050, AT1G76610, AT2G21990, AT2G22460, AT2G37880, AT2G41660, AT3G25640, AT4G39610, AT5G06990, AT5G23100, AT5G65340
OG0000934	ostta07g00010, ostta16g02520	AT3G05420, AT5G04420, AT5G18590, AT5G27630
OG0000935		AT1G14790, AT2G05370, AT3G49500, AT4G11130
OG0000936	ostta03g00380	AT1G19450, AT1G75220, AT2G48020, AT3G05150, AT3G20460, AT5G18840
OG0000937	ostta11g01830, ostta13g02250	AT1G25380, AT2G47490, AT5G66380
OG0000938	ostta01g06240, ostta13g00350	AT2G17390, AT4G35450
OG0000939	ostta10g00230	AT1G80030, AT2G22360, AT3G17830, AT4G39960
OG0000940	ostta05g03570	AT3G50240, AT5G47820, AT5G60930
OG0000941	ostta02g04680	AT1G71720, AT5G30510
OG0000942	ostta04g02490, ostta04g04080, ostta18g00620	AT5G12860, AT5G64280, AT5G64290
OG0000943		
OG0000944		
OG0000945		
OG0000946		AT1G07120, AT1G48280, AT3G25690, AT4G18570
OG0000947	ostta03g02860, ostta08g03770	AT1G14610, AT1G27160, AT5G16715
OG0000948	ostta13g01820	AT1G04500, AT1G63820, AT2G33350, AT3G12890, AT4G27900, AT5G41380, AT5G53420, AT5G59990
OG0000949		AT2G40170, AT3G51810
OG0000950	ostta08g01290	AT2G40116, AT3G08510, AT3G47220, AT3G47290, AT3G55940, AT4G38530, AT5G58670, AT5G58690, AT5G58700
OG0000951		AT5G47320, ATCG00820
OG0000952	ostta03g02830	AT1G17290, AT1G23310, AT1G70580, AT1G72330
OG0000953	ostta08g04300, ostta10g01940	AT2G34460, AT3G18890
OG0000954	ostta01g04230	AT1G44170, AT4G34240, AT4G36250
OG0000955	ostta01g05450	AT1G16360, AT1G54320, AT1G79450, AT3G12740, AT5G46150
OG0000956		AT1G01740, AT1G50990, AT1G63500, AT2G17090, AT2G17160, AT2G17170, AT3G09240, AT3G54030, AT4G00710, AT4G35230, AT5G01060, AT5G41260, AT5G46570, AT5G59010
OG0000957	ostta03g00160, ostta06g04590, ostta09g03620	AT1G04420
OG0000958	ostta08g03070, ostta09g02800, ostta13g00150, ostta13g01390	AT5G47010
OG0000959	ostta05g03260, ostta08g01970, ostta18g00320	AT2G31890
OG0000960	ostta06g00690	AT4G19880, AT5G44000, AT5G44990, AT5G45020
OG0000961	ostta01g02050, ostta08g00250, ostta10g00120	AT1G22200, AT1G36050, AT3G22290
OG0000962		AT1G08040, AT1G13000, AT1G24570, AT1G67850, AT2G25905, AT2G28310, AT3G26440, AT3G27470
OG0000963	ostta03g05350, ostta03g05420, ostta06g00790, ostta10g01610	AT1G68830, AT5G01920
OG0000964	ostta07g04540	AT1G18773, AT1G47780, AT1G47786, AT1G51300, AT1G52695, AT1G52700, AT3G15650, AT4G22300, AT4G22305, AT5G20060
OG0000965	ostta03g05530	AT4G04260, AT4G22140, AT4G39100
OG0000966	ostta04g04740, ostta07g01880	AT1G50200, AT5G22800
OG0000967	ostta17g02350	AT3G14130, AT3G14150, AT3G14415, AT3G14420, AT4G18360
OG0000968	ostta02g05360	AT1G21070, AT1G34020, AT1G76670, AT4G09810, AT4G39390, AT5G42420
OG0000969		
OG0000970		
OG0000971		AT1G68810, AT2G40200, AT2G41130, AT3G25710, AT3G56770, AT4G38070
OG0000972	ostta02g03040	AT1G04290, AT1G52191, AT2G29590, AT3G16175
OG0000973		AT1G49405, AT2G28370, AT2G37200, AT3G23200, AT3G50810, AT3G53850, AT4G37235, AT5G02060
OG0000974	ostta03g03600, ostta20g00680	AT1G62830, AT3G10390, AT3G13682, AT4G16310
OG0000975		AT1G54580, AT1G54630, AT3G05020, AT4G25050, AT5G27200
OG0000976	ostta07g02150, ostta13g01350	AT1G31812, AT4G24230, AT4G27780, AT5G53470
OG0000977	ostta05g03405, ostta17g01310	AT2G38025, AT3G57810
OG0000978	ostta03g02310	AT1G20220, AT1G76010, AT3G07030
OG0000979		AT3G02230, AT3G08900, AT5G15650, AT5G16510, AT5G50750
OG0000980		AT1G33560, AT3G26470, AT4G33300, AT5G04720, AT5G47280, AT5G66890, AT5G66900, AT5G66910
OG0000981		
OG0000982	ostta05g00500, ostta13g00410	AT1G63990, AT3G13170, AT5G02820
OG0000983		AT1G14780, AT1G28380, AT1G29690, AT4G24290
OG0000984		
OG0000985		
OG0000986	ostta07g02420	ATCG00580
OG0000987	ostta04g00365, ostta04g03080, ostta08g00510	AT1G07960, AT2G47470
OG0000988	ostta13g02380	AT1G32790, AT1G53650, AT3G14450, AT3G49390, AT4G10610, AT5G24440
OG0000989	ostta16g00480, ostta16g00550	AT3G04050, AT3G25960, AT3G55650, AT3G55810, AT4G26390, AT5G08570, AT5G56350, AT5G63680
OG0000990		AT1G08340, AT2G46710, AT3G11490, AT4G03100, AT5G22400
OG0000991	ostta03g05870	AT1G03620, AT1G67400, AT2G44770, AT3G03610, AT3G43400, AT3G60260
OG0000992	ostta06g03740	AT3G01090, AT3G29160, AT5G39440
OG0000993	ostta14g00520, ostta14g00525	AT4G25130, AT5G07460, AT5G07470, AT5G61640
OG0000994	ostta11g01690	AT5G44740
OG0000995	ostta11g02690	
OG0000996	ostta18g00250	
OG0000997		AT1G03400, AT1G03410, AT1G04350, AT1G04380, AT1G06620, AT1G06640, AT1G06645, AT1G06650, AT2G25450, AT2G30830, AT2G30840, AT3G61400, AT5G43440, AT5G43450, AT5G59530, AT5G59540
OG0000998		AT1G27210, AT1G50890, AT1G59850, AT2G07170, AT4G27060, AT5G62580
OG0000999	ostta03g03830, ostta08g02430	AT1G20330, AT1G76090, AT5G13710
OG0001000	ostta01g05650	AT1G62040, AT2G05630, AT2G45170, AT3G06420, AT3G15580, AT3G60640, AT4G04620, AT4G16520, AT4G21980
OG0001001	ostta08g03500	AT3G44110, AT5G22060
OG0001002	ostta14g02945	AT1G14400, AT2G02760, AT5G62540
OG0001003		AT1G16520, AT1G56080, AT4G15545
OG0001004		AT1G14730, AT1G26100, AT4G25570, AT5G38630
OG0001005		AT3G17310, AT5G14620, AT5G15380
OG0001006	ostta18g00200	AT2G17420, AT2G41680, AT4G35460
OG0001007		
OG0001008	ostta01g01820, ostta01g04870, ostta03g05230, ostta09g04200, ostta11g02630	AT2G06025, AT4G28030
OG0001009	ostta01g00610, ostta05g00020	AT2G38180, AT3G11210, AT5G45920, AT5G62930
OG0001010		AT1G27190, AT1G69990, AT3G28450, AT5G48380
OG0001011		AT1G20880, AT1G22330, AT1G22910, AT1G33470, AT1G76460, AT1G78260, AT2G22090, AT2G46780, AT3G06970, AT3G54770, AT5G11412, AT5G53680, AT5G53720
OG0001012	ostta05g02640	AT4G25120
OG0001013	ostta15g02930	AT1G50380, AT1G69020, AT5G66960
OG0001014	ostta08g04100	AT3G05030, AT3G06370, AT5G27150, AT5G55470
OG0001015		AT1G04920, AT4G10120, AT5G11110, AT5G20280
OG0001016	ostta03g04870	AT1G09580, AT1G14010, AT1G21900, AT1G26690, AT1G57620, AT1G69460, AT2G03040, AT2G03290, AT3G10780, AT3G29070
OG0001017	ostta01g03390, ostta12g02460, ostta17g00130	AT2G40490, AT3G14930
OG0001018	ostta01g03970, ostta05g01940	AT1G10250, AT1G10450, AT1G24190, AT1G24200, AT1G27250, AT1G59890, AT1G70060, AT3G01320, AT5G15020, AT5G15025, AT5G15030, AT5G15040, AT5G35610
OG0001019		AT1G05590, AT1G65590, AT3G55260
OG0001020	ostta04g01110	AT1G68720, AT3G05300, AT5G28050
OG0001021	ostta07g01610, ostta08g02230	AT2G36250, AT3G52750, AT5G55280
OG0001022	ostta11g03220, ostta13g00850, ostta15g00450	AT1G77680, AT2G17510
OG0001023		AT3G12870, AT5G56120
OG0001024	ostta10g01620	AT1G23465, AT1G29960, AT1G53530, AT3G08980
OG0001025	ostta10g03365	AT1G08570, AT2G33270, AT4G26160, AT4G29670, AT5G61440
OG0001026	ostta01g01490, ostta01g02990	AT1G32850, AT2G40930, AT4G10570, AT4G10590, AT5G22030
OG0001027	ostta14g00600	AT1G15490, AT1G52750, AT1G80280, AT3G10840
OG0001028	ostta08g00070	AT1G71697, AT1G74320, AT2G26830, AT4G09760
OG0001029	ostta03g01770, ostta07g01660	AT1G03260, AT1G22850, AT5G19070
OG0001030	ostta01g05200	AT1G31010, AT1G47720, AT4G20010, AT5G44785
OG0001031		AT1G06290, AT1G06310, AT3G06690, AT5G65110
OG0001032	ostta09g03990	AT3G01590, AT3G61610, AT4G23730, AT4G25900, AT5G14500, AT5G57330
OG0001033		AT1G02890, AT1G50140, AT1G62130, AT3G19740, AT4G02480, AT4G24860
OG0001034		AT1G03220, AT1G03230, AT5G19100, AT5G19110, AT5G19120, AT5G48430
OG0001035		AT1G01190, AT1G13710, AT1G74110, AT2G46660, AT3G61880, AT5G09970
OG0001036	ostta02g02740, ostta03g01140, ostta07g03050	AT2G48100, AT3G15080, AT3G27970, AT5G40310
OG0001037	ostta18g00310	AT4G35890, AT5G21160, AT5G66100
OG0001038		
OG0001039	ostta08g00830, ostta13g01460, ostta16g02150	AT1G10760, AT4G24450
OG0001040	ostta10g00320, ostta11g02640	AT2G40700, AT3G18600, AT5G65900
OG0001041	ostta06g03110, ostta16g01540, ostta18g01360	AT2G32150, AT3G62040, AT5G02230, AT5G59480, AT5G59490
OG0001042		AT3G10820, AT5G05140, AT5G09850
OG0001043		AT1G64280, AT2G41370, AT3G57130, AT4G19660, AT4G26120, AT5G45110
OG0001044	ostta10g00800	AT1G09575, AT1G57610, AT2G23790, AT4G36820, AT5G42610, AT5G66650
OG0001045		
OG0001046		AT1G35710, AT4G08850
OG0001047	ostta09g01460	AT1G34340, AT3G50790, AT5G49950
OG0001048		
OG0001049		AT1G03700, AT1G14160, AT2G27370, AT2G36100, AT3G06390, AT3G11550, AT4G03540, AT4G15610, AT4G20390, AT4G25040, AT5G06200, AT5G15290
OG0001050		AT1G33240, AT1G76880, AT3G10000, AT5G03680, AT5G28300, AT5G47660
OG0001051	ostta09g00120	AT2G21170, AT3G55440
OG0001052	ostta11g02370	AT1G05880, AT1G05890, AT1G65430, AT2G31510, AT2G31760, AT2G31770, AT2G31780
OG0001053	ostta13g01080	AT1G32400, AT2G20230, AT2G20740, AT4G28770
OG0001054	ostta03g00850	AT1G08845, AT3G20230, AT5G27820
OG0001055		AT1G17080, AT1G29970, AT1G53560, AT1G54217, AT3G14595, AT4G26060, AT5G57060
OG0001056	ostta04g03710, ostta05g04920, ostta06g03140, ostta07g01820, ostta16g02040	AT3G24190
OG0001057	ostta05g01240	AT3G07680, AT3G22845
OG0001058		AT1G15750, AT1G80490, AT2G25420, AT3G15880, AT3G16830, AT5G27030
OG0001059		
OG0001060		AT1G06740, AT3G05850
OG0001061	ostta16g01710	AT5G13060, AT5G19330
OG0001062		ATCG00900, ATCG01240
OG0001063		AT2G36500, AT3G52950, AT5G50530, AT5G50640, AT5G63490
OG0001064		AT1G29790, AT3G05390, AT3G27230, AT4G01240, AT5G40830
OG0001065	ostta09g00060	AT3G09570, AT5G02630, AT5G18520, AT5G42090
OG0001066		AT1G02110, AT1G52320, AT2G34670, AT3G51290, AT3G60320, AT5G25590
OG0001067		AT1G13380, AT1G52910, AT1G61065, AT1G68220, AT3G15480, AT4G27435
OG0001068	ostta09g02560, ostta15g00130	AT1G50590, AT2G43120, AT3G59220, AT3G59260
OG0001069	ostta04g03000	AT2G36360
OG0001070	ostta03g05010, ostta08g01800, ostta11g01720	AT3G22880, AT5G20850, AT5G57450
OG0001071	ostta01g00370, ostta05g00960	AT4G05590, AT4G14695, AT4G22310, AT5G20090
OG0001072		AT1G05010, AT1G12010, AT1G62380, AT1G77330
OG0001073	ostta08g02570	AT3G54840, AT4G19640, AT5G45130
OG0001074		
OG0001075		AT1G67100, AT1G68510, AT3G02550, AT3G49940, AT4G37540, AT5G67420
OG0001076		AT1G29470, AT2G34300, AT2G40280, AT3G51070, AT3G56080, AT5G64030
OG0001077		AT2G17840, AT3G21590, AT3G21600, AT3G51250, AT4G15450, AT4G35985
OG0001078	ostta01g01990, ostta05g02130	AT1G05620, AT2G36310
OG0001079	ostta05g03540	AT1G33420, AT1G66170, AT2G01810, AT5G22260
OG0001080	ostta04g00080, ostta07g01090	AT3G18520, AT4G09784, AT5G61050, AT5G61060, AT5G61070
OG0001081		AT1G14290, AT1G69640
OG0001082		
OG0001083	ostta02g04270, ostta05g03850	AT2G24940, AT3G48890, AT5G52240
OG0001084		AT2G26975, AT2G37925, AT3G46900, AT5G20650, AT5G59030, AT5G59040
OG0001085	ostta09g03780	AT2G25070, AT4G31860
OG0001086	ostta12g02540	AT1G01780, AT1G10200, AT2G39900, AT2G45800, AT3G55770, AT3G61230
OG0001087		AT1G14830, AT2G44590, AT3G60190, AT3G61760, AT5G28410, AT5G42080
OG0001088	ostta18g00170	AT3G12130, AT5G06770
OG0001089		AT1G17360, AT1G61100, AT1G72410, AT3G14172, AT4G27430, AT5G43310
OG0001090	ostta05g01380	AT2G36490, AT3G10010, AT4G04957, AT4G34060, AT5G04560
OG0001091	ostta07g02470, ostta16g02400	AT1G18660, AT1G19740, AT1G75460
OG0001092	ostta12g02000	AT1G03950, AT2G06530, AT5G44560
OG0001093	ostta07g01540, ostta15g01210	AT2G38660, AT3G12290, AT4G00600, AT4G00620
OG0001094		AT3G03910, AT5G07440, AT5G18170
OG0001095		AT1G06840, AT3G53590, AT5G01950, AT5G37450
OG0001096		AT2G36580, AT3G52990
OG0001097		AT2G07727, ATMG00220
OG0001098		AT2G18730, AT2G20900, AT4G28130, AT4G30340, AT5G57690
OG0001099	ostta02g04970	AT1G11840, AT1G67280
OG0001100	ostta09g02820, ostta09g03300, ostta14g02280	AT1G30560, AT2G13100, AT3G47420, AT4G17550, AT4G25220
OG0001101	ostta11g00290, ostta11g02230	AT1G27410, AT2G45700, AT3G26680
OG0001102		ATCG00280
OG0001103	ostta06g00480, ostta11g02340	AT1G08980, AT3G17970, AT5G09420
OG0001104		AT1G23550, AT1G32230, AT1G70440, AT2G35510, AT3G47720, AT5G62520
OG0001105	ostta10g01210	AT1G03445, AT1G08420, AT2G27210, AT4G03080
OG0001106		AT1G43620, AT3G07020
OG0001107		AT1G02630, AT1G61630, AT1G70330, AT3G09990, AT4G05110, AT4G05120, AT4G05130, AT4G05140
OG0001108	ostta11g01670	AT5G17770, AT5G20080
OG0001109		
OG0001110		
OG0001111		
OG0001112		AT1G35150, AT2G06500, AT3G29638, AT3G29794, AT4G10200
OG0001113		AT3G04270, AT3G04280, AT5G26594
OG0001114		AT5G48090, AT5G55390
OG0001115		AT2G17850, AT2G21045, AT4G35770, AT5G66040, AT5G66170
OG0001116		AT1G09610, AT1G27930, AT1G33800, AT1G67330, AT1G71690, AT2G15440, AT3G50220, AT4G09990, AT4G24910, AT5G67210
OG0001117		AT2G28815, ATCG00790
OG0001118	ostta12g02550	AT2G23070, AT2G23080, AT3G50000, AT5G67380
OG0001119	ostta01g00920, ostta03g01070, ostta07g01940	AT2G29540, AT3G52090
OG0001120	ostta12g03120	AT1G54440, AT2G32415, AT5G35910
OG0001121	ostta06g04580	AT1G30220, AT2G35740, AT2G43330, AT4G16480
OG0001122	ostta02g00100	AT1G52740, AT2G38810, AT3G54560, AT4G13570
OG0001123	ostta02g03380	AT1G09960, AT1G22710, AT1G66570, AT1G71880, AT1G71890, AT2G02860, AT2G14670, AT5G06170, AT5G43610
OG0001124	ostta17g01760	AT1G54290, AT4G27130, AT5G54760, AT5G54940
OG0001125	ostta01g04270	AT5G10270, AT5G64960
OG0001126		
OG0001127		AT1G07747, AT1G43665, AT1G43666, AT1G43667, AT1G48750, AT1G66850, AT1G73780, AT2G14846, AT3G18280, AT3G29152, AT3G57310, AT4G12825, AT5G38160, AT5G38170
OG0001128	ostta02g00130	AT3G24170, AT3G54660
OG0001129		AT1G17340, AT1G22620, AT3G14205, AT3G43220, AT5G20840
OG0001130		AT5G42620
OG0001131	ostta13g01690	AT1G26570, AT3G01010, AT3G29360, AT5G15490, AT5G39320
OG0001132	ostta05g03750, ostta11g03190	AT1G31070, AT2G35020, AT5G46420
OG0001133		AT1G51520, AT1G51530, AT2G05160, AT3G21100, AT3G51950, AT3G52980, AT3G63450, AT5G12440
OG0001134	ostta01g02870, ostta11g02080	AT4G13250, AT5G04900
OG0001135		AT1G13300, AT1G25550, AT1G49560, AT1G68670, AT2G03500, AT3G25790, AT4G37180
OG0001136		AT1G06780, AT2G30575, AT3G61130, AT4G38270, AT5G47780
OG0001137		ATMG00070
OG0001138		
OG0001139		AT1G15770, AT1G15780, AT1G15790, AT2G10440
OG0001140	ostta09g03465	AT1G02690, AT1G09270, AT3G05720, AT3G06720, AT4G02150, AT4G16143, AT5G49310, AT5G52000
OG0001141	ostta03g01600	AT1G80750, AT2G01250, AT2G44120, AT3G13580
OG0001142		ATCG00860, ATCG01280
OG0001143	ostta15g02840	AT2G16640, AT3G16620, AT4G02510, AT5G20300
OG0001144	ostta10g03490, ostta18g01720	AT5G35980
OG0001145		AT1G50630, AT1G67570, AT2G21080, AT3G20300, AT4G03820, AT4G22270
OG0001146		
OG0001147		
OG0001148		AT1G09350, AT1G56600, AT1G60450, AT1G60470, AT2G47180, AT4G26250, AT5G23790, AT5G30500
OG0001149		AT1G12330, AT5G12900
OG0001150	ostta06g01860	AT3G09680, AT5G02960
OG0001151		AT3G01370, AT3G18390, AT3G23070, AT4G14510, AT4G29750, AT5G16180
OG0001152		AT1G07630, AT2G28890, AT2G35350, AT2G46920, AT3G09400, AT3G16560, AT5G02400
OG0001153		AT1G18370, AT2G21300, AT3G43210, AT3G51150, AT4G24170, AT4G38950, AT5G42490, AT5G66310
OG0001154		AT1G63430, AT2G40270, AT3G56050, AT4G18640, AT5G07150, AT5G41180, AT5G45840, AT5G58540
OG0001155	ostta03g04830, ostta15g02220	AT3G47690, AT5G62500, AT5G67270
OG0001156	ostta06g02530, ostta15g00620	AT3G62120, AT5G10880, AT5G52520
OG0001157	ostta04g01140	AT3G04080, AT5G18280
OG0001158		AT1G09660, AT2G38610, AT3G08620, AT4G26480, AT5G56140
OG0001159	ostta10g03000, ostta14g01030	AT1G48310, AT5G07810
OG0001160		AT1G64065, AT2G46150, AT3G05975, AT3G54200, AT4G23610
OG0001161		AT2G18830, AT2G41060, AT3G15010, AT3G56860
OG0001162		
OG0001163		
OG0001164		
OG0001165		AT1G04770, AT1G49940, AT3G51280, AT4G20900, AT5G22794, AT5G44330, AT5G48850
OG0001166		AT2G26310, AT3G63170
OG0001167	ostta03g04620	AT3G06860, AT4G29010
OG0001168		AT1G29250, AT2G34160, AT3G04620
OG0001169		ATCG00180
OG0001170		AT4G37870, AT5G65690
OG0001171		AT3G11600, AT3G52561, AT5G06270, AT5G22270
OG0001172	ostta07g03110, ostta11g01370	AT3G11670, AT4G00550
OG0001173	ostta07g04620	AT2G30110, AT5G06460
OG0001174	ostta07g01975	AT1G19910, AT1G75630, AT2G16510, AT4G34720, AT4G38920
OG0001175	ostta01g02730	AT1G51420, AT2G35840, AT3G52340, AT3G54270
OG0001176	ostta12g00190	AT1G60740, AT1G65970, AT1G65980, AT3G52960
OG0001177	ostta14g01990	AT1G51070, AT3G23210, AT4G14410, AT5G54680
OG0001178		AT2G16485, AT2G18090, AT3G51120, AT5G08430, AT5G23480, AT5G63700
OG0001179	ostta06g02830, ostta10g03560, ostta17g00795	
OG0001180		
OG0001181		AT1G13740, AT1G69260, AT3G02140, AT3G07255, AT3G29575, AT4G28910
OG0001182		
OG0001183		AT1G73730, AT2G27050, AT3G20770, AT5G10120, AT5G21120, AT5G65100
OG0001184		
OG0001185		AT1G11190, AT1G68290, AT4G21585, AT4G21590, AT4G21600
OG0001186	ostta03g04380	AT1G33040, AT3G12390, AT3G49470, AT4G10480, AT5G13850
OG0001187		AT1G02840, AT1G09140, AT3G49430, AT4G02430
OG0001188	ostta01g01070, ostta13g02920	AT1G31300, AT4G10360, AT4G19645
OG0001189		AT1G72720, AT2G19460, AT2G47480, AT3G05725, AT3G13910, AT3G62640, AT4G09890, AT5G11970
OG0001190		AT2G19350, AT3G29170, AT4G29850
OG0001191	ostta17g02070	AT2G19830, AT4G29160
OG0001192		AT1G43850, AT4G25515, AT4G25520, AT5G62090
OG0001193	ostta05g00890, ostta06g00870	AT1G09932, AT1G09935, AT1G58280, AT2G17280, AT5G64460
OG0001194	ostta06g00700	AT1G56190, AT1G79550, AT3G12780
OG0001195	ostta11g02040	AT5G47480, AT5G47490
OG0001196	ostta11g02020, ostta13g01580	AT1G68420, AT1G70980, AT3G07420, AT4G17300, AT5G56680
OG0001197	ostta06g02030, ostta14g00590	AT1G17280, AT3G17000, AT5G50430
OG0001198	ostta02g03400	AT2G40300, AT3G11050, AT3G56090, AT5G01600
OG0001199	ostta03g02440	
OG0001200		
OG0001201		ATCG00740
OG0001202		AT1G17560, AT5G46160, ATCG00780
OG0001203		AT1G12210, AT1G12220, AT1G12280, AT1G12290, AT1G15890, AT1G51480, AT1G52660, AT1G61180, AT1G61190, AT1G61300, AT1G61310, AT1G62630, AT1G63350, AT1G63360, AT3G15700, AT4G10780, AT4G26090, AT4G27190, AT4G27220, AT5G05400, AT5G43730, AT5G43740, AT5G47250, AT5G47260, AT5G63020
OG0001204		AT1G09880, AT1G09890, AT1G09910, AT1G65210, AT2G22620, AT4G24430, AT4G37950, AT4G38030
OG0001205	ostta17g00720	AT1G12550, AT1G79870, AT2G45630, AT5G28310
OG0001206	ostta16g01040	AT1G30000, AT1G51590, AT3G21160
OG0001207	ostta09g02700	AT1G72820, AT5G15640, AT5G26200
OG0001208		AT1G19550, AT1G19570, AT1G75270, AT5G16710
OG0001209	ostta12g02290, ostta15g01820	AT5G04710, AT5G60160
OG0001210	ostta16g00070	AT2G45710, AT3G61110, AT3G61111, AT5G47930
OG0001211	ostta01g00550, ostta03g01270	AT4G27700
OG0001212		
OG0001213		AT1G20990, AT2G16050, AT2G27660, AT2G37780, AT2G37800, AT2G37805, AT2G37810, AT2G37820
OG0001214		AT1G61070, AT2G02100, AT2G02120, AT2G02130, AT2G02140, AT2G02147, AT5G63660
OG0001215	ostta16g00405	AT1G70190, AT2G03130, AT3G06040, AT4G36420, AT4G37660
OG0001216		
OG0001217		AT1G02750, AT1G56280, AT3G05700, AT3G06760, AT4G02200, AT5G26990, AT5G49230
OG0001218		AT1G10180, AT1G10385, AT5G49830
OG0001219	ostta02g04560, ostta20g00300	AT2G43030, AT3G17465
OG0001220		AT1G29400, AT2G42890, AT5G07290, AT5G61960
OG0001221		AT2G28900, AT3G62880, AT4G16160
OG0001222		AT1G27480
OG0001223		AT1G21326, AT1G68450, AT3G18360, AT3G18690
OG0001224	ostta06g02250	AT2G01470, AT3G52190, AT5G50550, AT5G50650
OG0001225		AT1G14890, AT1G23205, AT1G62760, AT1G62770, AT1G70720, AT2G01610, AT2G47670, AT3G47380, AT3G47670, AT3G62820, AT4G00080, AT4G12390, AT4G25250, AT4G25260, AT5G20740, AT5G51520, AT5G62330, AT5G62340, AT5G62350, AT5G62360
OG0001226	ostta15g02805	AT1G14530, AT2G02180, AT4G21790
OG0001227		AT1G31440, AT4G18060, AT4G34660, AT4G39020
OG0001228	ostta10g01490	AT1G17745, AT3G19480, AT4G34200
OG0001229	ostta06g04370, ostta14g02980	AT1G02510, AT4G01840, AT4G18160, AT5G46360, AT5G46370, AT5G55630
OG0001230		AT1G05840, AT1G08210, AT1G65240, AT2G36670, AT3G02740, AT3G42550, AT5G22850, AT5G36260
OG0001231	ostta06g01820	AT3G59310, AT3G59320, AT3G59330, AT3G59340
OG0001232		AT1G07230, AT2G26870, AT3G03520, AT3G03530, AT3G03540, AT3G48610
OG0001233	ostta05g02900, ostta10g00740	AT1G54220, AT3G13930, AT3G52200
OG0001234		
OG0001235		AT1G14630, AT2G01990, AT5G48720
OG0001236	ostta15g00170	AT2G41630, AT3G10330, AT3G29380, AT3G57370, AT4G10680, AT5G39230
OG0001237	ostta03g04690	AT2G28060, AT4G16360, AT5G21170
OG0001238	ostta04g03030, ostta06g03510	AT2G20860, AT5G08415
OG0001239	ostta01g03630, ostta11g00830	AT1G10390, AT1G59660, AT1G80680
OG0001240	ostta05g04800	AT4G02930, AT4G20360
OG0001241	ostta08g01570	AT1G12780, AT1G63180, AT1G64440, AT4G10960, AT4G23920
OG0001242		AT1G15380, AT1G80160, AT2G28420
OG0001243	ostta09g03830	AT2G20190
OG0001244	ostta17g00520	AT2G25260, AT5G13500, AT5G25265
OG0001245		AT1G67940
OG0001246	ostta01g01130, ostta13g01370	AT5G18630, AT5G18640
OG0001247	ostta01g04100, ostta04g03190	AT1G21650, AT4G01800
OG0001248	ostta07g01530, ostta12g01160, ostta17g00360	AT2G16930, AT5G15220, AT5G40950
OG0001249	ostta01g04860, ostta15g01930	AT3G15660, AT3G54900
OG0001250		AT3G54040, AT5G52390
OG0001251		
OG0001252		
OG0001253		
OG0001254		
OG0001255		AT4G25440, AT5G40880, AT5G49200, AT5G51980
OG0001256	ostta01g00060	AT1G12880, AT1G14860, AT1G18300, AT1G73540, AT2G01670, AT3G12600, AT3G26690
OG0001257		AT2G27402, AT2G32180, AT2G32650, AT3G04300, AT4G10280, AT4G10290, AT4G10300, AT4G28703
OG0001258		AT1G04960, AT1G24265, AT1G24267, AT1G27000, AT2G02730
OG0001259	ostta14g02500	AT3G03340, AT5G17440, AT5G51410
OG0001260	ostta11g01340	AT1G11680
OG0001261	ostta12g00630	AT4G17410, AT5G47430
OG0001262	ostta05g03120	AT1G08465, AT1G23420, AT1G69180, AT2G26580, AT2G45190, AT4G00180
OG0001263		AT1G11510, AT1G44810, AT1G53935, AT1G55950, AT1G61730, AT1G66420, AT2G01370, AT2G20613, AT2G20805, AT2G25650, AT2G36340, AT3G04930, AT3G07710, AT4G00130, AT4G00238, AT4G00250, AT4G00270, AT4G00390, AT4G00610, AT4G01260, AT4G08263, AT4G25210, AT5G14280, AT5G23180, AT5G28040, AT5G41530
OG0001264	ostta06g03940	AT3G42170
OG0001265		AT1G05577, AT2G28150, AT3G46110, AT5G10150, AT5G59790
OG0001266		AT1G06870, AT2G30440, AT3G24590
OG0001267		AT4G32870
OG0001268	ostta02g03810, ostta03g02420, ostta09g02620	AT2G40660, AT3G59980
OG0001269		ATCG00800
OG0001270	ostta20g00670	AT1G13880, AT1G26580, AT2G03470, AT2G46040, AT4G11400, AT5G04110
OG0001271		AT2G42220, AT3G08920, AT4G24750
OG0001272	ostta16g02660	AT2G42005, AT3G11900, AT4G38250, AT5G65990
OG0001273		AT1G14840, AT1G24764, AT1G68060, AT2G01750, AT4G17220
OG0001274	ostta04g03460	AT1G16710, AT1G55970, AT1G67220, AT1G79000, AT3G12980
OG0001275	ostta05g00330, ostta09g03880, ostta15g01220	
OG0001276	ostta07g03980, ostta07g04530	AT1G45332, AT1G62750, AT2G45030
OG0001277	ostta04g00100, ostta06g04190	AT3G07430, AT4G27990, AT5G21920
OG0001278		
OG0001279		
OG0001280		AT1G05870, AT1G08790, AT2G15590, AT2G15610, AT2G31560, AT2G43340, AT3G04700, AT3G50350, AT4G33985, AT5G28690
OG0001281	ostta16g01180	AT1G10320, AT1G27650, AT5G42820
OG0001282	ostta15g01950	AT1G22240, AT1G35730, AT1G35750, AT1G78160, AT4G08840, AT5G56510
OG0001283	ostta04g01460	AT1G01650, AT1G05820, AT1G63690, AT2G43070
OG0001284		
OG0001285	ostta01g06000, ostta02g01080	AT3G54210, AT5G09770, AT5G64650
OG0001286		AT2G04410, AT2G17660, AT3G25070, AT3G48450, AT4G35655, AT5G40645, AT5G55850, AT5G63270
OG0001287	ostta14g01860	AT1G80040, AT5G02510, AT5G32440
OG0001288		AT1G02070, AT3G60520
OG0001289		AT1G33700, AT3G24180, AT4G10060, AT5G49900
OG0001290		AT2G32700, AT4G32551
OG0001291	ostta04g02780, ostta08g03060	AT2G18710, AT2G31530
OG0001292	ostta17g01950	AT3G23460, AT3G23470, AT3G23480, AT3G23510, AT3G23530
OG0001293		AT4G02780
OG0001294		AT1G03810, AT1G10590, AT1G23750, AT2G33845, AT4G28440
OG0001295	ostta12g01700, ostta13g02700	AT1G35190, AT3G46480, AT3G46490, AT3G46500, AT4G16765, AT4G16770
OG0001296	ostta03g05450, ostta03g06030, ostta16g00020	AT1G79350
OG0001297		AT1G09570, AT2G18790, AT4G16250, AT4G18130, AT5G35840
OG0001298	ostta05g01800	AT2G47770
OG0001299		
OG0001300		AT2G13770
OG0001301		
OG0001302		
OG0001303	ostta01g03350	AT1G11020, AT1G50440, AT2G22120
OG0001304	ostta04g02580	AT1G22840, AT4G10040
OG0001305	ostta02g00480, ostta11g03040	AT3G05870, AT3G42830, AT5G20570, AT5G26640
OG0001306	ostta12g03100, ostta16g01720	AT4G34620, AT5G56940, ATCG00050
OG0001307		AT2G04220, AT2G27770, AT3G04860, AT3G13229, AT4G12690, AT5G28150, AT5G48270
OG0001308	ostta08g03240	AT1G07070, AT1G41880, AT1G74270, AT3G55750
OG0001309	ostta09g00970, ostta10g02540	AT1G33320, AT3G01120
OG0001310		AT1G49000, AT1G71740, AT3G14760, AT3G18560
OG0001311	ostta12g01280	AT1G49530, AT2G18620, AT2G18640, AT2G23800, AT3G14510, AT3G14530, AT3G14550, AT3G20160, AT3G29430, AT3G32040, AT4G36810
OG0001312		AT2G26400, AT4G14710, AT4G14716, AT5G43850
OG0001313	ostta01g06680, ostta06g03280	AT1G33290, AT1G73170, AT3G10420
OG0001314	ostta03g02450	AT2G03410, AT4G17270, AT5G18940, AT5G47540
OG0001315	ostta08g02210	AT2G19760, AT2G19770, AT4G29340, AT4G29350, AT5G56600
OG0001316		AT2G05710, AT4G26970, AT4G35830, AT5G54950
OG0001317	ostta04g01810	AT1G22740, AT1G49300, AT1G52280, AT2G21880, AT3G16100, AT3G18820, AT4G09720, AT5G39620
OG0001318	ostta04g00530	AT1G72960, AT3G13870, AT5G45160
OG0001319		AT1G01225, AT3G02700, AT4G00905, AT5G06370, AT5G16330, AT5G16360
OG0001320	ostta03g05960, ostta13g02610	AT4G04860, AT4G21810, AT4G29330
OG0001321		AT1G05640, AT1G07710, AT1G10340, AT1G34046, AT1G34050, AT2G01680, AT2G24600, AT2G31820, AT3G09550, AT3G12360, AT3G52830, AT5G02620, AT5G50140, AT5G54700, AT5G54710, AT5G54720, AT5G60070
OG0001322		AT1G53300, AT1G78120, AT2G42580, AT3G14950, AT3G58620, AT5G10090, AT5G65160
OG0001323	ostta01g00520, ostta11g02890, ostta13g00830	AT4G28620, AT4G28630, AT5G58270
OG0001324	ostta04g00790, ostta15g00300, ostta15g02325, ostta18g00430, ostta18g00750	AT1G33680, AT2G25970, AT4G10070
OG0001325	ostta04g00230, ostta14g00230	AT4G00234, AT4G00290
OG0001326		
OG0001327		
OG0001328		
OG0001329		
OG0001330		AT1G80570
OG0001331		AT3G30235
OG0001332	ostta06g01130, ostta06g01940	AT2G45810, AT3G61240, AT4G00660
OG0001333	ostta01g04490	AT2G20610, AT2G24850, AT4G23590, AT4G23600, AT4G28410, AT4G28420, AT5G36160, AT5G53970
OG0001334	ostta10g01910	AT1G16190, AT1G79650, AT3G02540, AT5G16090, AT5G38470
OG0001335		AT5G27730, AT5G47900
OG0001336	ostta02g03060, ostta13g00420	AT1G33780, AT3G29240
OG0001337	ostta12g02510	AT5G60410
OG0001338		AT2G30490
OG0001339		AT1G32583, AT4G24972
OG0001340		AT1G24650, AT1G34290, AT1G66150, AT2G01820, AT3G23750, AT4G29654
OG0001341		AT2G23960, AT2G23970, AT4G30530, AT4G30540, AT4G30550
OG0001342	ostta07g00700	AT5G04490, AT5G58560
OG0001343	ostta10g00690	AT1G06690, AT5G53580
OG0001344	ostta07g00090	AT1G65840, AT2G43020, AT3G59050
OG0001345		AT1G03370, AT5G50170
OG0001346		AT1G61050, AT2G38150, AT2G38152, AT3G09020, AT4G19900, AT5G01250
OG0001347		AT1G23320, AT1G34040, AT1G34060, AT1G70560, AT4G24670
OG0001348	ostta10g02360, ostta13g01560	AT1G44000, AT4G11910, AT4G11911, AT4G22920
OG0001349	ostta03g05790	AT3G29970, AT3G48140
OG0001350	ostta06g01260, ostta09g00510	AT3G57870
OG0001351	ostta04g04520, ostta10g01570	AT3G13050
OG0001352	ostta01g05790	AT2G40520, AT3G51620, AT3G56320, AT3G61690
OG0001353	ostta08g03100, ostta13g00030	AT1G05910, AT3G15120
OG0001354	ostta18g01380	AT1G65290, AT2G44620, AT5G36280, AT5G47630
OG0001355	ostta13g01120	AT2G19480, AT3G13782, AT4G26110, AT5G56950
OG0001356	ostta13g02270	AT3G05350, AT4G36760
OG0001357		
OG0001358		
OG0001359	ostta02g00050	
OG0001360		
OG0001361		
OG0001362		
OG0001363	ostta14g02400	AT1G09180, AT1G56330, AT3G62560, AT4G02080
OG0001364	ostta03g01040, ostta12g01880	AT5G09290, AT5G54390, AT5G63980, AT5G63990, AT5G64000
OG0001365	ostta06g00880, ostta08g01610	AT2G22450, AT5G59750, AT5G64300
OG0001366		AT4G34880
OG0001367		AT1G21450, AT1G50600, AT2G04890, AT4G17230, AT5G48150
OG0001368	ostta03g01610	AT2G44440, AT3G12140, AT5G06780, AT5G13020
OG0001369		AT2G22750, AT2G22760, AT2G22770, AT4G37850
OG0001370	ostta09g03010, ostta11g00930	AT1G54650, AT2G26200
OG0001371	ostta01g00260, ostta04g00620, ostta05g00910, ostta06g00650	AT1G12270, AT1G62740, AT4G12400
OG0001372		AT2G23520, AT4G22980, AT4G37100, AT5G51920, AT5G66950
OG0001373		AT3G45890, AT5G49820
OG0001374		AT2G36330, AT2G38480, AT4G11655, AT5G40300, AT5G62820
OG0001375	ostta16g01690, ostta17g01010	AT1G13700, AT3G49360, AT5G24400, AT5G24410, AT5G24420
OG0001376	ostta02g03180, ostta03g00780	AT3G03710, AT5G14580
OG0001377	ostta15g01080	AT2G04430, AT2G04440, AT2G04450, AT4G12720, AT4G25434, AT5G47240, AT5G47650
OG0001378	ostta06g02750	AT5G10350, AT5G51120, AT5G65260
OG0001379	ostta14g02720	AT1G08350, AT1G14670, AT2G01970, AT5G37310
OG0001380	ostta04g05280	AT2G42520, AT3G58510, AT3G58570
OG0001381	ostta06g02720, ostta06g04310	AT1G26355, AT1G69230, AT2G03680, AT3G02180, AT4G23496, AT5G15600
OG0001382	ostta08g01960	AT1G10410, AT1G13970, AT1G59650, AT3G29180, AT5G39430
OG0001383	ostta04g00460	AT2G28620, AT2G36200, AT2G37420, AT3G45850
OG0001384	ostta13g03040	AT1G07190, AT3G05775, AT3G05780, AT3G05790, AT5G26860, AT5G47040
OG0001385	ostta05g02930	AT3G50360, AT4G37010
OG0001386	ostta09g01130	
OG0001387		
OG0001388		
OG0001389	ostta05g01720, ostta07g03020, ostta12g02170	AT1G55790, AT1G55800, AT1G55803, AT2G11045, AT4G26485, AT5G25030, AT5G56060, AT5G56075
OG0001390	ostta01g02960	AT1G18440, AT5G16140, AT5G19830, AT5G38290
OG0001391	ostta08g01080	AT1G65540, AT3G59820
OG0001392	ostta06g02940	AT1G32900
OG0001393		AT1G23880, AT1G23890, AT1G70280, AT3G14860, AT5G14890
OG0001394	ostta06g00430	AT3G16190, AT5G23220, AT5G23230
OG0001395		AT1G30755, AT1G34320, AT5G08660
OG0001396		AT3G62970, AT5G18650, AT5G22920, AT5G25560
OG0001397		AT1G23070, AT1G77220, AT4G38360
OG0001398	ostta10g00640	AT1G08130, AT1G49250, AT1G66730
OG0001399		ATCG00170
OG0001400		AT1G67340, AT5G50450
OG0001401	ostta06g02220, ostta12g01710	AT2G47020, AT3G62910
OG0001402	ostta01g05380, ostta07g00480, ostta08g00260	AT4G20760
OG0001403		AT1G03830, AT5G46070
OG0001404		AT3G14920, AT5G05480
OG0001405	ostta13g00860	AT3G02470, AT3G17717, AT3G25570, AT5G15950, AT5G18930
OG0001406	ostta05g02410, ostta07g01270	AT1G78140, AT2G41040
OG0001407	ostta06g03270	AT1G22410, AT4G33510, AT4G39980
OG0001408	ostta02g02370, ostta03g02570	AT5G36880
OG0001409	ostta09g01360, ostta10g02570, ostta15g02810	AT2G39800, AT3G55610
OG0001410		AT1G05960, AT2G41830, AT5G21080, AT5G26850
OG0001411	ostta01g01800, ostta06g03190	AT5G28750, AT5G52440
OG0001412		AT1G13680, AT1G49740, AT3G19310, AT4G36945, AT5G67130
OG0001413		AT1G44180, AT1G44820, AT4G38220
OG0001414	ostta06g01800, ostta15g02360	AT1G49400, AT1G79850, AT3G18880
OG0001415		AT1G13635, AT1G15970, AT1G75090, AT1G80850, AT3G12710, AT5G44680, AT5G57970
OG0001416	ostta13g01170	AT5G20010, AT5G20020, AT5G55190
OG0001417		AT1G21320, AT1G76940
OG0001418	ostta10g02210, ostta15g00930	AT1G64880, AT2G33800
OG0001419	ostta05g00660	AT1G30460, AT4G11970
OG0001420		
OG0001421		
OG0001422	ostta02g02130	AT1G32340
OG0001423		AT1G31930, AT2G23460, AT2G26300, AT4G34390
OG0001424		AT5G64440
OG0001425		ATCG00160
OG0001426	ostta08g00700	AT3G48330, AT5G50240
OG0001427		AT2G07689
OG0001428	ostta04g02160, ostta05g03640	AT1G26670, AT3G29100, AT5G39510, AT5G39630
OG0001429	ostta03g02100, ostta09g00930	AT1G17220, AT4G11160
OG0001430		AT1G08290, AT1G13290, AT1G34790, AT1G51220, AT3G20880, AT3G57670
OG0001431		AT1G62610, AT1G63380, AT2G17845, AT3G01980, AT3G46170, AT3G55290, AT3G55310
OG0001432		AT2G37870, AT3G53980, AT5G05960
OG0001433		AT1G19660, AT1G75380, AT5G66050
OG0001434	ostta15g01000	AT1G04400, AT4G08920
OG0001435	ostta05g02820	AT1G34130, AT5G19690
OG0001436	ostta20g00140	AT1G51980, AT3G16480
OG0001437		AT1G31814, AT3G22440, AT4G14900, AT5G16320, AT5G48385
OG0001438	ostta01g03370	AT1G10657, AT3G28990, AT3G55240, AT5G02580
OG0001439	ostta02g02030, ostta12g00590	AT1G16280, AT5G60990
OG0001440	ostta11g00280, ostta12g00040	AT5G51300
OG0001441	ostta13g02985, ostta15g00390	AT2G31060, AT5G13650
OG0001442		AT1G19670, AT5G43860
OG0001443		AT1G17200, AT2G35760, AT3G14380, AT4G16442, AT4G25830, AT5G54980
OG0001444		AT1G69800, AT3G48530
OG0001445		AT4G33090
OG0001446	ostta04g04750	AT1G10060, AT1G10070, AT1G50090, AT1G50110, AT3G19710, AT3G49680, AT5G65780
OG0001447	ostta01g00800	AT5G10050, AT5G65205
OG0001448	ostta02g05330, ostta19g00270	AT2G26680
OG0001449		
OG0001450	ostta01g06080, ostta07g04300	AT1G17470, AT1G72660, AT4G39520
OG0001451		AT4G01580, AT4G33280
OG0001452		AT2G38630, AT3G54190
OG0001453	ostta04g00420, ostta14g01345	AT3G03773, AT4G02450
OG0001454	ostta07g00640	ATCG00730
OG0001455		AT1G53390, AT2G37010, AT5G60740
OG0001456	ostta01g05390, ostta02g01250	AT1G55805, AT4G26500
OG0001457	ostta07g03530, ostta11g02300	AT5G21930
OG0001458	ostta13g02320	AT2G19620, AT5G11790, AT5G56750
OG0001459		AT1G69770, AT1G80740, AT4G19020
OG0001460	ostta04g00700, ostta08g00240, ostta16g01200	AT1G20720, AT1G20750, AT1G79950, AT2G05635
OG0001461	ostta07g04230, ostta14g01290	AT5G39410
OG0001462	ostta03g03200	AT3G06910, AT4G00690, AT4G15880
OG0001463	ostta08g03990, ostta09g01310, ostta09g03530	AT3G19210
OG0001464	ostta15g02290	AT2G27710, AT2G27720, AT3G28500, AT3G44590, AT5G40040
OG0001465	ostta02g02750, ostta04g02105	AT3G61620, AT4G27490
OG0001466		AT1G03120, AT3G22490, AT3G22500, AT5G27980, AT5G53260, AT5G53270
OG0001467	ostta01g03860, ostta07g04190	AT3G54110, AT4G03115, AT5G58970
OG0001468	ostta04g04270, ostta15g02090	AT3G01660, AT4G29590
OG0001469		AT1G49580, AT2G41140, AT2G46700, AT3G19100, AT3G49370, AT3G50530, AT3G56760, AT5G24430
OG0001470	ostta02g03030, ostta05g01370, ostta06g03060, ostta08g00865	AT2G17870, AT2G21060, AT4G36020, AT4G38680
OG0001471	ostta08g02360, ostta15g02560	AT5G36700, AT5G36790, AT5G47760
OG0001472	ostta02g00320, ostta17g02110	AT1G29810, AT5G51110
OG0001473	ostta17g02320	AT1G55810, AT3G27190, AT3G27440, AT4G26510, AT5G40870
OG0001474		AT1G12460, AT1G62950, AT3G28040, AT3G56370, AT5G01890
OG0001475	ostta18g01370	AT1G27510, AT4G33630
OG0001476	ostta02g01350	AT2G44680, AT3G60250, AT4G17640, AT5G47080
OG0001477	ostta08g01890, ostta12g02760	AT2G42710, AT3G63490
OG0001478	ostta04g04090	AT1G55620, AT4G35440
OG0001479		AT1G03900, AT3G58600
OG0001480		
OG0001481		AT1G66540, AT2G23190, AT2G23220, AT3G28740, AT4G37310, AT4G37320, AT4G37330, AT4G37340, AT4G37360, AT4G37370, AT4G37400, AT4G37410, AT5G36220, AT5G57220, AT5G67310
OG0001482		
OG0001483		AT4G24220, AT5G58750
OG0001484		AT1G23860, AT2G24590, AT4G31580
OG0001485	ostta17g02305	AT3G46940
OG0001486	ostta07g02400	ATCG00720
OG0001487		AT1G22220, AT1G30200, AT1G78100, AT4G18380, AT5G46170
OG0001488		ATCG00540
OG0001489	ostta09g01250, ostta09g01260, ostta12g01470	AT3G52570, AT4G10030
OG0001490		AT1G44090, AT1G60980, AT4G25420, AT5G07200, AT5G51810
OG0001491	ostta05g02840	AT2G42320, AT3G01810, AT3G57780, AT5G06930, AT5G43230
OG0001492	ostta10g02770	AT1G79050, AT2G19490, AT3G10140, AT3G32920
OG0001493	ostta07g03680	AT1G10820, AT1G60670, AT1G68160, AT2G43470, AT3G07565
OG0001494		AT1G63010, AT4G11810, AT4G22990
OG0001495	ostta09g03020	AT2G14750, AT3G03900, AT4G39940, AT5G67520
OG0001496		AT1G54060, AT3G11100, AT3G14180, AT3G24490, AT3G58630, AT5G05550
OG0001497	ostta02g01730	AT3G21500, AT4G15560, AT5G11380
OG0001498	ostta01g05710, ostta07g04480	AT3G06778, AT3G57340, AT5G05750, AT5G49060
OG0001499		AT2G04750, AT4G26700, AT5G35700, AT5G48460, AT5G55400
OG0001500	ostta09g02450	AT2G17530, AT3G44850, AT3G53030, AT4G35500, AT5G22840
OG0001501	ostta03g04810, ostta10g00250	AT1G34360, AT2G24060, AT4G30690
OG0001502	ostta03g03340, ostta15g02420	AT1G01940, AT2G36130
OG0001503	ostta12g01220	AT3G07700, AT5G64940
OG0001504	ostta03g04760	AT2G05590, AT4G39870
OG0001505	ostta12g01760	AT2G16360, AT2G21580, AT4G34555, AT4G39200
OG0001506	ostta03g02250, ostta16g00520	AT3G55410, AT5G65750
OG0001507	ostta06g03780, ostta10g01810	AT5G08650, AT5G39900
OG0001508	ostta04g05370	AT1G22930, AT4G09150
OG0001509	ostta03g03060, ostta04g01920, ostta08g01950	AT1G77800, AT3G14740
OG0001510	ostta02g03420	AT1G53165, AT1G69220, AT3G15220
OG0001511	ostta15g00610	AT1G15500, AT1G80300
OG0001512	ostta04g04980, ostta05g02590, ostta14g00740	AT1G07010, AT1G18480
OG0001513	ostta01g00760	AT3G57680, AT4G17740
OG0001514		
OG0001515		
OG0001516		
OG0001517	ostta13g02790	AT1G10870, AT1G60860, AT5G13300, AT5G61980
OG0001518	ostta20g00440	AT1G08830, AT2G28190, AT5G18100
OG0001519		AT2G06925, AT2G19690, AT4G29460, AT4G29470
OG0001520		AT3G01490, AT3G22750, AT3G63260, AT4G14780, AT5G50000
OG0001521	ostta05g02300	AT1G12920, AT3G26618, AT5G47880
OG0001522	ostta02g00920	AT2G19110, AT4G30110, AT4G30120
OG0001523		AT1G04520, AT1G70690, AT2G01660, AT2G33330, AT3G04370, AT3G60720, AT5G37660, AT5G43980
OG0001524		AT3G63030, AT4G00416, AT4G22745, AT5G35330
OG0001525	ostta05g01250	AT2G47090, AT3G62240
OG0001526	ostta01g03600	AT1G30820, AT2G34890, AT3G12670, AT4G02120, AT4G20320
OG0001527	ostta01g02400	AT1G07770, AT2G39590, AT3G46040, AT5G59850
OG0001528		AT3G14460, AT3G14470
OG0001529	ostta07g01910, ostta11g00840, ostta13g02450	AT2G20050, AT3G06270
OG0001530	ostta05g01870, ostta10g02630	AT2G24200, AT4G30910, AT4G30920
OG0001531	ostta01g03495	AT1G34065, AT4G11440, AT4G39460
OG0001532	ostta02g04450, ostta03g05930	AT1G32220, AT5G10730, AT5G15910
OG0001533		AT1G74790, AT5G39970, AT5G62630
OG0001534	ostta02g01240, ostta16g00470	AT3G55040, AT5G02780, AT5G02790
OG0001535	ostta12g01580, ostta20g00790	AT3G45240, AT5G60550
OG0001536		AT4G10310
OG0001537	ostta20g00510	AT3G44190, AT5G22140
OG0001538	ostta14g02770	AT1G22780, AT1G34030, AT4G09800
OG0001539		AT1G04880, AT1G55650, AT1G76110, AT3G13350
OG0001540	ostta01g01560, ostta10g03420	AT1G12900, AT1G42970, AT3G26650
OG0001541	ostta13g02940	AT1G54340, AT1G65930, AT5G14590
OG0001542	ostta15g01790, ostta15g01810	AT2G45500, AT3G27120
OG0001543		AT1G47056, AT3G50080, AT4G07400, AT5G67250
OG0001544	ostta08g03880	AT1G18610, AT1G74150
OG0001545		
OG0001546		
OG0001547	ostta07g00870	AT1G01160, AT4G00850, AT5G28640
OG0001548		AT2G46600, AT4G27280, AT5G54490
OG0001549		AT1G21550, AT4G20780, AT5G44460
OG0001550		AT5G47720, AT5G48230
OG0001551		AT5G41800
OG0001552		AT3G53010, AT4G34215
OG0001553	ostta04g00300	AT3G54640, AT4G02610
OG0001554		AT1G22050, AT1G77870, AT3G01050, AT3G26980, AT4G24990, AT5G15460
OG0001555	ostta14g01360	AT2G18240, AT2G21600, AT2G23310, AT4G39220
OG0001556		AT1G33590, AT1G33600, AT1G33610, AT1G33612, AT3G12145, AT5G06860, AT5G06870
OG0001557	ostta12g03070	AT5G55060, AT5G58510
OG0001558	ostta07g02840	AT3G26990, AT5G10060, AT5G65180
OG0001559	ostta02g04080	AT3G08943, AT3G08947, AT5G53480
OG0001560		AT1G55775, AT3G07600, AT3G20180, AT4G05030, AT5G48290
OG0001561		AT3G48080, AT3G48090, AT3G52430, AT5G14930
OG0001562		AT2G11520, AT4G00330, AT5G58940
OG0001563	ostta07g00390, ostta11g00430	AT2G03270, AT5G35970
OG0001564	ostta10g00960	AT1G80310, AT2G25680
OG0001565	ostta01g01830	AT3G08530, AT3G11130
OG0001566	ostta01g05850, ostta01g06290	AT4G21470
OG0001567	ostta09g01530	AT1G64200, AT3G08560, AT4G11150
OG0001568	ostta01g03560, ostta01g03590, ostta05g03660, ostta09g00560	AT2G41520, AT5G12430
OG0001569		ATCG00750
OG0001570	ostta13g02360	AT1G78690, AT3G05510
OG0001571		AT4G25170, AT5G54540, AT5G61490
OG0001572	ostta02g03900, ostta11g00780	AT5G23535, AT5G54600
OG0001573		AT2G25130, AT2G27430, AT3G03440, AT4G12710, AT4G31890, AT5G14510
OG0001574	ostta05g03470, ostta10g02820	AT1G65070, AT5G54090
OG0001575	ostta02g00030	AT1G49710, AT3G19280
OG0001576	ostta07g03720, ostta13g00590	AT4G24380, AT5G65400
OG0001577		
OG0001578		
OG0001579		
OG0001580	ostta09g01290, ostta15g02500	AT1G33270
OG0001581		AT1G63295, AT2G45820, AT3G48940, AT3G61260, AT5G23750
OG0001582	ostta01g05210, ostta16g00220	AT1G62390, AT2G25290, AT4G32070, AT5G20360
OG0001583		AT3G46580, AT5G52230, AT5G59380, AT5G59800
OG0001584		AT2G14070, AT4G10265, AT4G10270, AT4G33560
OG0001585	ostta07g00740	AT4G17160, AT4G17170, AT4G35860
OG0001586		AT2G24762, AT3G30725, AT4G25760, AT4G31730, AT5G24920, AT5G57685
OG0001587	ostta13g01640	AT3G45620, AT4G35140, AT4G38480
OG0001588		AT1G44770, AT4G24590, AT5G49710
OG0001589		AT3G20290, AT4G05520
OG0001590		AT1G55450, AT2G41380, AT3G54150, AT3G61210, AT4G22530, AT5G10830
OG0001591	ostta08g03520	AT1G13270, AT3G25740, AT4G37040
OG0001592		AT1G54350
OG0001593	ostta01g01440, ostta02g04620, ostta03g05030, ostta11g01630, ostta17g00870	AT2G35610
OG0001594	ostta09g02610	AT3G23810, AT4G13940
OG0001595	ostta02g00240	AT1G80780, AT2G32070, AT5G10960
OG0001596	ostta18g01040	AT3G16060, AT3G16630
OG0001597	ostta04g04200, ostta05g02710	AT1G25520, AT1G68650, AT5G36290
OG0001598	ostta05g02990, ostta15g00120	AT1G04640, AT1G47578, AT4G31050
OG0001599	ostta04g01220	AT2G32550, AT3G20800, AT5G12980
OG0001600	ostta02g04050	AT4G14790, AT5G39840
OG0001601	ostta08g02850, ostta14g01370, ostta18g00100	AT2G33260, AT5G19500
OG0001602	ostta04g01310	AT4G18100, AT5G46430
OG0001603	ostta11g01100	AT1G23820, AT1G70310, AT5G53120
OG0001604		AT1G10170, AT5G05660
OG0001605	ostta01g00670, ostta03g02825, ostta09g00110	AT3G11630, AT5G06290
OG0001606	ostta01g06630	AT1G12500, AT3G10290, AT3G11320, AT5G04160, AT5G05820
OG0001607	ostta07g04370	AT2G45290, AT3G60750
OG0001608	ostta01g04410, ostta07g01760	AT1G35680, AT4G30930
OG0001609	ostta08g00220	AT5G42760
OG0001610		
OG0001611		
OG0001612		
OG0001613		ATMG00160
OG0001614		
OG0001615		AT2G22170, AT4G39730, AT5G65158
OG0001616		AT4G04480, AT4G22030
OG0001617	ostta04g03740	AT1G02260
OG0001618	ostta05g01110, ostta15g00840	AT1G28420, AT4G12750, AT5G44180
OG0001619	ostta02g01950	AT1G47870, AT2G36010
OG0001620	ostta12g02680	AT1G04270, AT5G09490, AT5G09500, AT5G09510, AT5G43640, AT5G63070
OG0001621		AT1G10600, AT1G48790, AT4G16144
OG0001622	ostta04g01680	AT1G73450, AT1G73460, AT2G40120, AT3G17750
OG0001623		ATCG01100
OG0001624		AT1G31420, AT1G78530, AT2G35620, AT5G62710
OG0001625		AT1G19790, AT1G75520, AT2G18120, AT2G21400, AT3G51060, AT3G54430, AT4G36260, AT5G12330, AT5G33210, AT5G66350
OG0001626	ostta07g04000	AT1G36730, AT1G77840
OG0001627		AT1G29390, AT1G29395, AT2G15970, AT2G23680, AT3G50830, AT4G37220
OG0001628		AT1G03990, AT3G23410, AT4G19380, AT4G28570
OG0001629	ostta03g03450	AT1G04340, AT3G23175, AT3G23180, AT3G23190, AT4G14420, AT5G43460
OG0001630	ostta13g00730	AT3G07080, AT4G32140
OG0001631	ostta03g01110	AT2G37290, AT2G39280, AT3G55020
OG0001632	ostta03g03640, ostta04g00250	AT3G09320, AT5G04270
OG0001633	ostta10g01050	AT2G25880, AT2G45490, AT4G32830
OG0001634		AT2G37240, AT5G65840
OG0001635	ostta16g02270	AT1G10980, AT1G61670, AT1G72480, AT2G01070
OG0001636		AT2G16970, AT2G16980, AT2G16990, AT5G42210
OG0001637	ostta14g01170	AT5G20720
OG0001638	ostta11g02650	AT1G64150, AT4G13590
OG0001639		AT3G19000, AT3G19010
OG0001640	ostta11g01520	AT1G53280, AT3G14990, AT4G34020
OG0001641	ostta04g02300	AT1G29800, AT3G43230
OG0001642	ostta01g05560	AT1G24180, AT1G59900
OG0001643		AT3G51730, AT5G01800
OG0001644		AT5G55000
OG0001645		AT1G43130, AT2G18460, AT2G20120, AT2G20130
OG0001646		
OG0001647		AT1G19460, AT1G19470, AT1G19930, AT1G48190, AT1G60570, AT1G61540, AT1G77880, AT2G03460, AT2G14288, AT2G20380, AT2G21680, AT2G21950, AT2G22030, AT2G22050, AT2G22060, AT2G29600, AT2G29770, AT2G29780, AT2G29800, AT2G29810, AT2G29820, AT2G29830, AT2G29860, AT2G41360, AT2G44030, AT2G44630, AT2G44700, AT2G45406, AT3G06570, AT3G08810, AT3G09750, AT3G10510, AT3G24610, AT3G27910, AT3G43710, AT3G46050, AT4G02310, AT4G05620, AT4G11745, AT4G11750, AT4G11770, AT4G14905, AT4G19250, AT4G19330, AT4G19865, AT4G19870, AT4G23580, AT4G25710, AT4G29370, AT4G33900, AT4G34170, AT4G35120, AT4G36840, AT4G38940, AT4G39060, AT4G39240, AT4G39290, AT4G39550, AT4G39560, AT4G39570, AT4G39580, AT4G39590, AT4G39600, AT4G39750, AT4G39753, AT4G39756, AT4G39760, AT5G02980, AT5G02990, AT5G02995, AT5G03000, AT5G03010, AT5G03020, AT5G28160, AT5G28180, AT5G38670, AT5G38680, AT5G39560, AT5G48980, AT5G48990, AT5G49000, AT5G51250
OG0001648		
OG0001649		
OG0001650		
OG0001651		
OG0001652		
OG0001653		
OG0001654		
OG0001655	ostta15g02760	AT2G42680, AT3G24500, AT3G58680
OG0001656	ostta13g00470	AT1G29890, AT2G34410, AT3G06550, AT5G46340
OG0001657	ostta05g03620	AT3G06000, AT3G63130, AT5G19320
OG0001658	ostta16g00530	AT1G04480, AT2G33370, AT3G04400
OG0001659		AT1G09240, AT1G56430, AT4G26483, AT5G04950, AT5G56080
OG0001660		AT1G11690, AT1G50660, AT3G11590, AT3G20350
OG0001661	ostta02g03260	AT2G36160, AT3G11510, AT3G52580
OG0001662	ostta09g00050	AT1G32350, AT3G22360, AT3G22370, AT3G27620, AT5G64210
OG0001663	ostta15g00340	AT1G17450, AT1G58766, AT1G59077, AT1G59453, AT1G59460, AT1G59470
OG0001664	ostta18g00260	AT1G03210, AT4G02850, AT4G02860
OG0001665	ostta14g01950, ostta20g00570	AT1G24240, AT4G11630, AT4G17560, AT5G11750, AT5G47190
OG0001666		AT3G54720, AT4G07670, AT5G19740
OG0001667		AT1G49390, AT5G20400, AT5G20550, AT5G54000
OG0001668	ostta06g03390	ATCG00520
OG0001669	ostta05g00310	AT1G04020, AT4G21070
OG0001670	ostta08g03460	AT1G24090, AT3G01410, AT5G51080
OG0001671	ostta17g01020	AT1G16320, AT1G79510, AT2G46220
OG0001672		AT3G49050, AT4G00500, AT5G37710
OG0001673	ostta06g01080	AT1G51550, AT1G68050, AT2G18915, AT5G57360
OG0001674	ostta02g03957	AT3G10940, AT3G52180
OG0001675	ostta01g03790	AT2G14120, AT4G33650
OG0001676		AT3G05430, AT3G09670, AT3G27860, AT5G02950, AT5G27650, AT5G40340
OG0001677	ostta06g00570	AT1G52870, AT4G03410
OG0001678		AT1G27850, AT2G38160, AT2G40070, AT3G09000, AT5G01280
OG0001679	ostta03g03910	AT1G08940, AT3G05170
OG0001680		AT1G07290, AT2G13650
OG0001681	ostta05g00730, ostta07g04720	AT1G55980, AT1G56000, AT3G04650
OG0001682	ostta05g02830	AT1G20760, AT1G21630
OG0001683	ostta16g01610	AT1G68730, AT5G27280
OG0001684	ostta15g00290	AT1G15350, AT3G15770, AT3G54880, AT4G32342, AT5G03440, AT5G25360
OG0001685	ostta04g00510	AT1G17720, AT1G51690
OG0001686	ostta07g00160	AT1G02980, AT1G43140, AT1G59790, AT1G59800, AT4G02570
OG0001687		AT5G07830, AT5G34940, AT5G61250
OG0001688	ostta14g00050	AT1G02660, AT3G61680, AT3G62590
OG0001689	ostta15g01710	AT5G45380
OG0001690	ostta03g02410	AT2G43970, AT3G19090, AT5G46250
OG0001691	ostta02g04070, ostta11g01110	AT4G39850
OG0001692	ostta13g02500	AT1G63770
OG0001693		
OG0001694		
OG0001695	ostta10g02040	AT3G03980, AT3G04000, AT4G13180, AT5G18210
OG0001696	ostta03g03310	AT1G69510, AT4G16146, AT5G64130
OG0001697		AT3G10740, AT5G26120
OG0001698		AT1G44130, AT1G49050, AT1G77480, AT4G33490
OG0001699		AT1G13390, AT1G68490, AT3G02555, AT5G16110
OG0001700	ostta01g05250	AT5G62810
OG0001701	ostta01g05110	AT2G16650, AT2G32230, AT4G21900, AT5G60430
OG0001702	ostta20g00130	AT3G04840, AT4G34670
OG0001703	ostta12g02690	AT3G43540, AT5G47860
OG0001704	ostta03g04020	AT1G50430, AT3G52940
OG0001705		AT1G14710, AT1G48980, AT2G17970, AT2G48080, AT4G02940, AT4G36090
OG0001706		AT4G16830, AT4G17520, AT5G47210
OG0001707	ostta09g03850	AT1G24300, AT1G27430, AT1G55175, AT5G42950
OG0001708	ostta15g00040	AT1G11390, AT1G61640
OG0001709	ostta02g00890	AT2G37600, AT3G53740, AT5G02450
OG0001710	ostta04g02360	AT2G41050, AT4G20100, AT4G36850
OG0001711		AT1G60560, AT4G13970
OG0001712	ostta09g02550	AT5G15200, AT5G39850
OG0001713	ostta10g03130	AT4G19720, AT4G19730, AT4G19740, AT4G19750, AT4G19760, AT4G19770, AT4G19800, AT4G19810, AT4G19820
OG0001714		AT4G19390, AT5G13720
OG0001715	ostta03g05710	AT4G35560, AT5G05570
OG0001716		AT1G23400, AT2G20020, AT4G31010, AT5G54890
OG0001717	ostta10g01110	AT1G13980, AT5G19610, AT5G39500
OG0001718	ostta11g00210	AT3G03010, AT4G32900, AT5G16870
OG0001719	ostta06g02840, ostta12g01900, ostta14g01210	AT1G57770
OG0001720	ostta01g03470, ostta10g02550	AT3G06290, AT3G54380
OG0001721	ostta01g01320, ostta09g00130	AT1G03905, AT5G02270, AT5G44110
OG0001722		AT1G14740, AT3G07780, AT3G63500, AT5G48160
OG0001723		AT5G02310
OG0001724		AT1G63800, AT2G46030, AT5G41340
OG0001725		
OG0001726		AT1G22530, AT1G30690, AT1G72150, AT1G72160, AT2G15670, AT3G51670, AT4G09160
OG0001727		AT3G49660, AT4G02730
OG0001728	ostta02g05380, ostta16g00820	AT4G35335, AT5G41760
OG0001729	ostta09g01640, ostta09g03705, ostta18g01190	AT5G09740, AT5G64610
OG0001730		
OG0001731	ostta01g05340	AT1G33360, AT5G49840, AT5G53350
OG0001732	ostta12g01130	AT1G32270, AT4G17730, AT5G16830, AT5G46860
OG0001733		
OG0001734	ostta08g00560, ostta12g01230	AT3G23580, AT3G27060
OG0001735		AT1G05510, AT1G29680, AT2G31985, AT4G18920, AT5G45690
OG0001736	ostta02g04860, ostta06g02290, ostta07g03130	AT1G15730, AT1G80480
OG0001737		AT1G17100, AT1G78450, AT1G78460
OG0001738		
OG0001739	ostta05g01180	AT2G27680
OG0001740		
OG0001741		
OG0001742		
OG0001743		AT1G65520, AT4G14430, AT4G14440
OG0001744		AT3G10980, AT5G05350
OG0001745		
OG0001746	ostta09g03940	AT1G23260, AT1G70660, AT2G36060, AT3G52560
OG0001747	ostta05g03360	AT3G01560, AT4G28300, AT5G14540
OG0001748		ATMG00830
OG0001749		AT1G35780, AT1G78150, AT2G22270, AT4G39860
OG0001750	ostta18g01700	AT3G51140, AT5G23040
OG0001751	ostta07g00730, ostta13g01360	AT1G65950, AT2G40090
OG0001752		AT1G64810, AT3G21740, AT5G57930, AT5G61930
OG0001753		AT1G66970, AT1G66980, AT3G20520, AT4G26690, AT5G55480, AT5G58050, AT5G58170
OG0001754		AT1G03495, AT1G03940, AT3G29590, AT3G29635, AT3G29636, AT3G29670, AT3G29680, AT3G29690, AT3G29720, AT5G39050, AT5G39080, AT5G39090, AT5G61160
OG0001755	ostta05g04880, ostta17g01340	AT2G21340, AT4G39030
OG0001756		AT1G29840, AT2G19550, AT3G47560, AT3G47590, AT5G11910
OG0001757		AT2G38400, AT3G08860, AT4G39660
OG0001758	ostta02g04670	AT3G13290, AT3G13300
OG0001759	ostta03g00790	AT4G21670, AT5G01270
OG0001760	ostta11g01500, ostta16g00930	AT4G22260
OG0001761	ostta06g01600	AT1G56350, AT5G36170
OG0001762	ostta04g04170	AT1G26880, AT1G69620, AT3G28900
OG0001763	ostta02g01960	AT1G17880, AT1G73230
OG0001764	ostta16g01290, ostta17g02120	AT1G52160, AT3G16260
OG0001765	ostta11g02260, ostta16g02470	AT1G02910, AT4G28740
OG0001766		AT1G76560, AT2G47400, AT3G62410
OG0001767		AT1G17455, AT1G72630, AT2G06255, AT2G29950, AT2G40080
OG0001768	ostta04g00650, ostta06g01300, ostta17g02250	AT5G24000, AT5G52540
OG0001769		AT3G26600, AT4G34940, AT4G36030, AT5G66200
OG0001770		
OG0001771		
OG0001772		
OG0001773		
OG0001774		
OG0001775	ostta06g01690, ostta10g01320	AT1G32160, AT1G48450, AT3G07310, AT3G17800, AT5G48590
OG0001776		AT2G21140, AT4G38770
OG0001777		AT1G17710, AT1G73010, AT4G29530
OG0001778	ostta17g01870	AT1G36240, AT1G77940, AT3G18740
OG0001779	ostta01g04620	AT4G24520, AT4G30210
OG0001780		ATCG00430
OG0001781	ostta05g01960	AT1G43890, AT3G09910, AT5G03530
OG0001782	ostta18g00580	AT2G17190, AT2G17200
OG0001783	ostta03g02330, ostta07g00940, ostta10g02760	AT2G30105, AT5G07910
OG0001784	ostta06g03020	AT1G27400, AT1G67430
OG0001785		AT1G43710
OG0001786	ostta09g03820, ostta11g02170	AT4G27890, AT5G53400
OG0001787	ostta14g00460	ATCG01040
OG0001788		AT3G02890, AT4G17850, AT5G08005, AT5G16680, AT5G61100, AT5G61110
OG0001789		AT1G74210, AT5G08030
OG0001790	ostta07g03470	AT3G19340, AT5G13940
OG0001791		AT1G27460, AT2G43040, AT4G28600
OG0001792	ostta03g04030, ostta06g03325	AT2G32000, AT5G63920
OG0001793	ostta06g01620	AT1G49180, AT2G37840, AT3G53930, AT3G61960
OG0001794	ostta05g04070	AT3G24090
OG0001795	ostta08g02740	AT1G65260
OG0001796	ostta03g03015	AT3G08740, AT4G26310
OG0001797	ostta05g04910	AT3G48960, AT3G49010, AT5G23900
OG0001798	ostta14g02780, ostta16g01960	AT1G42470, AT4G38350
OG0001799	ostta09g02650	
OG0001800		AT2G18660, AT4G30380
OG0001801		
OG0001802	ostta03g01320	AT3G47340, AT5G10240, AT5G65010
OG0001803	ostta03g03030	AT3G01310, AT5G15070
OG0001804		AT1G45688, AT2G41990, AT3G24600, AT3G24605, AT4G35170, AT5G42860
OG0001805		AT2G18890, AT3G05140, AT5G10520, AT5G18910, AT5G35960, AT5G65530
OG0001806	ostta01g04280	AT3G02040, AT5G41080, AT5G43300
OG0001807		
OG0001808		
OG0001809	ostta17g00650	AT3G60340, AT4G17470, AT4G17480, AT4G17483, AT5G47330, AT5G47340, AT5G47350
OG0001810	ostta04g01860	AT2G18020, AT3G51190, AT4G36130
OG0001811		AT3G22640
OG0001812	ostta13g01630	AT1G48240, AT2G35190, AT3G17440
OG0001813		AT3G25400
OG0001814	ostta02g03110	AT4G00980, AT4G10920, AT5G09240, AT5G09250
OG0001815	ostta09g01780	AT1G63250, AT2G07750, AT5G08610, AT5G08620, AT5G63630
OG0001816		ATCG00270
OG0001817		AT2G31320, AT4G02390
OG0001818		AT1G27600, AT2G37090
OG0001819	ostta05g04100	AT4G16340
OG0001820	ostta16g01670	AT1G09590, AT1G09690, AT1G57660, AT1G57860
OG0001821	ostta15g00045	AT3G10950, AT3G60245
OG0001822		AT1G20550, AT1G76270, AT4G16650, AT4G38390
OG0001823	ostta05g03870	AT2G09990, AT3G04230, AT5G18380
OG0001824	ostta12g00830	AT3G07200, AT5G48655
OG0001825		AT3G26720, AT5G13980, AT5G66150
OG0001826		AT1G14685, AT1G68120, AT2G01930, AT2G21240, AT2G35550, AT4G38910, AT5G42520
OG0001827	ostta14g02310	AT5G20290, AT5G59240
OG0001828	ostta03g03760	AT1G08680, AT4G13350, AT4G32630
OG0001829	ostta08g02470	AT1G09780, AT3G08590
OG0001830	ostta03g05490, ostta06g02770	AT1G06130, AT2G31350, AT2G43430, AT3G10850
OG0001831		AT2G15130, AT2G15170, AT2G15220
OG0001832		ATCG00470
OG0001833		
OG0001834	ostta06g03150, ostta07g01120	AT5G53770
OG0001835	ostta03g04190, ostta08g01250	AT4G17070
OG0001836		AT1G01550, AT2G46080, AT3G61500, AT4G01360
OG0001837	ostta02g01440, ostta08g00780	AT4G24810, AT5G50330
OG0001838	ostta02g04120, ostta07g02750	AT3G01800, AT3G63190
OG0001839	ostta02g03290	AT3G56160
OG0001840		
OG0001841		
OG0001842		
OG0001843		
OG0001844		
OG0001845		AT1G05630, AT1G65580, AT2G31830, AT2G43900
OG0001846	ostta15g02010	AT3G04920, AT5G28060
OG0001847		AT1G07990, AT1G08005, AT1G30470, AT2G28360, AT3G45190
OG0001848	ostta04g01930	AT2G22310, AT4G39910
OG0001849	ostta03g01710	AT1G61800, AT4G03950, AT5G17630, AT5G54800
OG0001850	ostta05g04430	AT1G04300, AT3G58220, AT4G16045, AT5G43560, AT5G52330
OG0001851	ostta14g01410	AT1G02580, AT2G23380, AT4G02020
OG0001852	ostta02g04010	AT1G07840, AT2G43650, AT3G28230
OG0001853	ostta14g02775	AT2G21940, AT4G39540
OG0001854	ostta09g04190	AT1G45160, AT1G48490, AT3G17850, AT5G62310
OG0001855		AT1G08450, AT1G09210, AT1G56340
OG0001856	ostta17g01210	AT1G06890, AT2G28315, AT2G30460
OG0001857		AT1G20840, AT3G51490, AT4G35300
OG0001858		AT2G15730, AT3G50620, AT4G34420
OG0001859		ATMG00570
OG0001860		AT3G51460, AT3G51830, AT5G66020
OG0001861	ostta06g04240	AT2G47610, AT3G62870
OG0001862	ostta17g02340	AT1G44790, AT4G31290, AT5G26220
OG0001863	ostta01g02510	AT1G55840, AT5G47730
OG0001864	ostta13g02630, ostta15g01740	AT3G17205, AT3G53090
OG0001865	ostta15g02870	AT2G36620, AT3G53020
OG0001866	ostta14g02130	AT3G17660, AT5G54310
OG0001867		AT1G11905, AT3G07190, AT3G20450, AT5G42570, AT5G48660
OG0001868	ostta09g04000	AT1G68990, AT2G24120, AT5G15700
OG0001869	ostta03g04290	AT1G14320, AT1G26910, AT1G66580
OG0001870	ostta02g02700	AT1G02780, AT3G16780, AT4G02230
OG0001871		AT3G27390, AT4G12680, AT4G37030, AT5G40640
OG0001872	ostta04g00170	AT3G19180, AT5G42480
OG0001873		AT1G20380, AT1G76140
OG0001874	ostta04g05210	AT4G36050
OG0001875		AT1G78660, AT1G78670, AT1G78680
OG0001876	ostta10g01190	AT5G02470, AT5G03415
OG0001877		AT1G64160, AT4G11180, AT4G11190, AT4G11210, AT4G23690
OG0001878	ostta09g01830, ostta11g02680	AT2G25870, AT5G38747
OG0001879		AT1G28330, AT1G54070, AT1G56220, AT2G33830, AT5G44300
OG0001880	ostta08g02450, ostta08g02970	AT3G20870
OG0001881		
OG0001882		
OG0001883	ostta09g03090	AT2G14255, AT5G20350
OG0001884	ostta03g00220	AT2G38210, AT2G38230, AT3G16050, AT5G01410
OG0001885	ostta18g00630	ATCG00810
OG0001886		
OG0001887		AT4G11000
OG0001888	ostta10g02160	AT1G07140, AT2G30060, AT5G58590
OG0001889		AT5G25940
OG0001890	ostta17g00820	AT3G23390, AT4G14320
OG0001891		AT1G10020, AT1G50040, AT3G19680, AT4G29310, AT5G17640
OG0001892	ostta15g00470	AT3G48570, AT4G24920, AT5G50460
OG0001893	ostta01g03190	AT1G13950, AT1G26630, AT1G69410
OG0001894		AT1G29170, AT2G34150, AT2G38440, AT4G18600, AT5G01730
OG0001895	ostta01g04200	AT2G45070, AT3G60540, AT5G60460
OG0001896	ostta06g01810	AT3G49725, AT5G57960
OG0001897	ostta01g02490	AT1G52360, AT1G79990, AT3G15980
OG0001898	ostta09g01870	AT1G30620, AT2G34850, AT4G20460, AT5G44480
OG0001899	ostta09g03150	AT2G47570, AT3G05590, AT5G27850
OG0001900		AT3G52350, AT5G08535, AT5G26610
OG0001901	ostta03g03240	AT1G72370, AT3G04770
OG0001902		AT2G30890, AT4G18260
OG0001903		AT2G16770, AT3G51960, AT4G35040
OG0001904		AT1G54385, AT3G03970
OG0001905	ostta11g00870	AT1G27450, AT1G80050, AT4G12440, AT4G22570, AT5G11160
OG0001906	ostta01g05155	AT1G21440, AT1G77060, AT2G43180
OG0001907	ostta18g00960	AT5G19820
OG0001908		AT3G19420, AT3G50110, AT5G39400
OG0001909	ostta04g01760	AT1G33120, AT1G33140, AT4G10450
OG0001910	ostta05g03600	AT1G53590, AT3G14590
OG0001911	ostta01g04710, ostta01g04890, ostta07g01330, ostta07g03750	AT3G20810
OG0001912	ostta15g01900	AT1G04190
OG0001913	ostta01g03990, ostta17g01810	AT1G20810, AT3G10060
OG0001914	ostta07g04260	AT1G64190, AT3G02360, AT5G41670
OG0001915	ostta03g01510, ostta06g04170	AT4G04910
OG0001916		AT4G13020, AT4G19110, AT5G45430
OG0001917		AT1G06630, AT1G21990, AT1G47915, AT1G47920, AT1G48390, AT1G48400, AT1G52650, AT1G56610, AT1G58310, AT1G64540, AT2G29910, AT2G29930, AT2G33796, AT2G42720, AT2G42730, AT3G03030, AT3G03040, AT3G42770, AT3G44060, AT3G44080, AT3G44090, AT3G44180, AT3G44810, AT3G49150, AT3G54160, AT3G58820, AT3G58860, AT3G58875, AT3G58880, AT3G58890, AT3G58900, AT3G58910, AT3G58920, AT3G58930, AT3G58940, AT3G58950, AT3G58960, AT3G58980, AT3G59000, AT3G59150, AT3G59160, AT3G59170, AT3G59180, AT3G59190, AT3G59200, AT3G59210, AT3G59230, AT3G59240, AT3G59250, AT3G59270, AT3G59460, AT3G60040, AT3G62430, AT3G62440, AT4G00320, AT4G13960, AT4G14096, AT4G14103, AT4G22280, AT4G27050, AT5G12450, AT5G15620, AT5G25860, AT5G35926, AT5G35995, AT5G38386, AT5G38390, AT5G38391, AT5G38392, AT5G38396, AT5G40050, AT5G41630, AT5G41830, AT5G41840
OG0001918		
OG0001919		
OG0001920		
OG0001921		AT1G04570, AT1G64890, AT2G33280, AT5G54860
OG0001922		AT1G47695
OG0001923		AT1G75000, AT3G06460, AT3G06470, AT4G36830
OG0001924		AT1G27990, AT5G23920, AT5G52420
OG0001925		AT1G04090, AT2G44230, AT2G44260, AT3G01870, AT3G01880, AT3G04350, AT5G18490, AT5G43950
OG0001926	ostta05g00390	AT1G19970, AT1G75760, AT2G21190, AT3G25160, AT4G38790
OG0001927		AT2G07707, ATMG00480
OG0001928	ostta05g00780	AT3G58800
OG0001929		AT1G22280, AT1G34750, AT1G78200, AT2G20630, AT2G34740, AT3G15260, AT4G28400
OG0001930		AT1G18950, AT5G25580
OG0001931		AT1G31880, AT1G54180, AT2G21030, AT2G35600, AT3G14000, AT5G20540
OG0001932	ostta05g00860	AT2G18390
OG0001933	ostta03g02750	AT1G66810, AT1G68200
OG0001934		AT4G32230, AT4G32250
OG0001935	ostta05g04560	AT1G79040
OG0001936	ostta01g01020	AT4G25740, AT5G41520, AT5G52650
OG0001937	ostta11g00510	AT3G18770, AT3G49590
OG0001938	ostta07g01110	AT2G29690, AT3G55870, AT5G05730
OG0001939	ostta01g01680	AT1G04830, AT4G13730
OG0001940		AT1G53730, AT3G14350, AT4G22130
OG0001941	ostta01g04560, ostta04g05380	AT3G48990, AT5G17380
OG0001942		AT3G21360
OG0001943		AT3G14880, AT4G18660, AT4G18680, AT4G18690, AT5G45830
OG0001944	ostta01g00090	AT2G21790
OG0001945	ostta08g04040	AT2G21410, AT2G28520, AT4G39080
OG0001946		AT2G42040
OG0001947	ostta01g04120, ostta07g00580	AT1G67120
OG0001948	ostta09g03210	AT3G44830, AT5G13640
OG0001949		AT1G01500, AT1G19400, AT1G75180
OG0001950	ostta03g02230, ostta05g01140	AT1G24490, AT2G28800
OG0001951		AT3G22810, AT3G63300, AT4G14740, AT4G16670, AT4G17350, AT4G32780, AT5G43870, AT5G47440
OG0001952	ostta07g00170	AT1G29965, AT2G34480, AT3G14600
OG0001953	ostta15g02130	AT3G06670, AT5G49390
OG0001954	ostta03g01910	AT1G17530, AT1G72750, AT3G04800
OG0001955		AT1G11050, AT2G48010
OG0001956	ostta12g02430	AT3G51660, AT5G01650, AT5G57170
OG0001957	ostta17g00990	AT1G22450, AT1G32710, AT4G28060, AT5G57815
OG0001958	ostta12g03170	
OG0001959		AT1G22250, AT1G28070, AT1G78170, AT2G33510, AT4G08910
OG0001960		AT4G16800
OG0001961	ostta16g01730	AT3G53890, AT5G27700
OG0001962		AT1G20620, AT1G20630, AT4G35090
OG0001963	ostta04g03960	
OG0001964	ostta05g00220, ostta12g00290	AT1G17650, AT3G25530
OG0001965	ostta20g00010	AT3G23280, AT4G14365
OG0001966		
OG0001967		AT1G22170, AT1G78050
OG0001968	ostta09g00440	
OG0001969	ostta10g00670, ostta10g02790	AT1G02970
OG0001970		
OG0001971		
OG0001972		
OG0001973		AT1G16400, AT1G16410, AT1G58260, AT1G79370, AT2G22330, AT4G39950, AT5G05260, AT5G35917, AT5G35920
OG0001974	ostta11g00220	AT1G80070, AT4G38780
OG0001975		AT2G07671, ATMG01080
OG0001976		AT5G51740
OG0001977	ostta05g02150	AT2G46100, AT3G04890
OG0001978		AT2G14850, AT2G24530, AT4G31440, AT4G33890, AT5G67410
OG0001979	ostta01g04770	AT1G32540, AT4G20380
OG0001980		ATCG01060
OG0001981	ostta06g03200, ostta17g02080	AT3G57140, AT5G04040
OG0001982		AT1G03982, AT1G04450, AT1G61795, AT2G20430, AT2G33460, AT3G23380, AT4G04900, AT4G21745, AT4G28556, AT5G16490
OG0001983		AT1G48320, AT5G48950
OG0001984		AT1G01830, AT2G05810, AT2G45720, AT5G50900
OG0001985	ostta01g02380	AT5G46030
OG0001986	ostta12g02410	AT1G65820
OG0001987		AT2G19730, AT4G29410
OG0001988	ostta12g01010	AT3G49910, AT5G67510
OG0001989	ostta01g00050	AT1G54370, AT1G79610
OG0001990	ostta01g00020	AT1G07110
OG0001991	ostta07g02700	AT2G22290, AT2G44610, AT4G39890, AT5G10260, AT5G64990
OG0001992	ostta01g03070, ostta07g02370	AT3G12050
OG0001993	ostta02g04610	AT1G54130, AT3G14050
OG0001994	ostta18g01050	AT5G01960
OG0001995		AT1G14180, AT1G19680, AT1G75400, AT2G21500, AT4G39140, AT5G18260
OG0001996	ostta15g02520	AT1G23190, AT1G70730, AT5G51820
OG0001997		AT1G69820, AT4G29210, AT4G39640, AT4G39650
OG0001998	ostta17g01270	AT2G17360, AT5G07090, AT5G58420
OG0001999	ostta01g03150	AT3G60770, AT4G00100
OG0002000	ostta04g02970	AT1G08360, AT2G27530, AT5G22440
OG0002001	ostta12g01800	AT1G24095, AT1G52590
OG0002002	ostta18g01940	AT2G44100, AT3G59920, AT5G09550
OG0002003	ostta18g00490	AT3G24870, AT3G24880
OG0002004		AT2G42490
OG0002005	ostta15g00310	AT2G42390, AT5G56360
OG0002006		
OG0002007	ostta04g02210	
OG0002008		
OG0002009		
OG0002010		
OG0002011	ostta13g02730	AT1G02670, AT1G05120
OG0002012	ostta01g04290, ostta09g04090	AT3G14140, AT3G14160, AT3G47610, AT5G01780
OG0002013		AT2G07633, ATCG01050
OG0002014		AT1G08990, AT1G54940, AT1G77130, AT3G18660, AT4G33330
OG0002015		AT1G15000
OG0002016		AT1G55340, AT3G03880, AT3G60410, AT4G20300
OG0002017	ostta07g00680	AT3G09560, AT5G42870
OG0002018	ostta17g01580	AT5G09570, AT5G64400
OG0002019		ATCG00420
OG0002020		AT3G03560, AT5G08440, AT5G23490, AT5G23510
OG0002021	ostta12g01060	AT4G38600, AT5G02880
OG0002022	ostta07g03420	AT1G02080
OG0002023	ostta15g00650	AT3G27380, AT5G40650, AT5G65165
OG0002024	ostta10g00920	AT1G37130, AT1G77760
OG0002025	ostta14g01070	ATCG00640
OG0002026	ostta10g00540	AT1G15310, AT1G48900, AT5G49500
OG0002027		AT1G05070, AT2G24290, AT2G32580, AT4G04360, AT4G30996
OG0002028	ostta04g01270	AT2G31610, AT3G53870, AT5G35530
OG0002029		AT1G13130, AT3G26130, AT3G26140, AT5G16700, AT5G17500
OG0002030	ostta06g04600	AT1G44575
OG0002031		AT1G35830, AT3G22160, AT4G15120, AT4G20000, AT4G39720, AT5G65170
OG0002032		AT2G10553, AT2G33835, AT3G18640, AT3G26850
OG0002033		AT1G16860, AT1G78880, AT4G22290
OG0002034	ostta03g03090, ostta13g02050, ostta14g01150	AT1G42430, AT3G55760
OG0002035	ostta06g00980	AT3G08850, AT5G01770
OG0002036	ostta02g03430	AT5G63960
OG0002037	ostta15g00230	AT1G02010, AT1G12360, AT4G12120
OG0002038	ostta15g02900	AT1G32470, AT2G35120, AT2G35370
OG0002039		AT1G12070, AT1G62450, AT3G07880
OG0002040		AT1G01230, AT5G42000
OG0002041	ostta01g03280, ostta10g03450	AT1G36160, AT1G36180
OG0002042	ostta10g02670	AT1G47750, AT3G47430
OG0002043		AT1G13230, AT1G68780, AT2G42800, AT3G25670, AT4G28560
OG0002044	ostta07g03730, ostta08g00060	AT5G35170, AT5G47840
OG0002045	ostta03g04510	AT2G42740, AT3G58700, AT4G18730, AT5G45775
OG0002046	ostta02g02140	AT5G09790, AT5G24330
OG0002047		AT1G01950, AT1G12430, AT3G54870
OG0002048	ostta02g00940	AT1G32380, AT2G35390, AT2G44530
OG0002049		AT1G55320, AT5G23050
OG0002050		AT2G39770, AT3G55590, AT4G30570
OG0002051	ostta16g00360	AT1G54390, AT3G24010
OG0002052		AT1G06340, AT1G09320, AT3G06520
OG0002053		
OG0002054		
OG0002055		
OG0002056	ostta12g02920	AT1G02830, AT3G05560, AT5G27770
OG0002057	ostta06g03350	AT2G34210, AT4G08350, AT4G08360, AT5G04290
OG0002058		ATCG00670
OG0002059		AT2G07734, ATMG00290
OG0002060	ostta12g01050	AT1G15130
OG0002061		ATCG00070
OG0002062	ostta13g01190	AT1G28960, AT2G33980, AT5G45940
OG0002063	ostta05g02975	AT3G56120, AT4G27340
OG0002064	ostta16g00515	AT2G30350, AT5G43210
OG0002065	ostta15g02350	AT1G26190, AT1G73980, AT2G01460
OG0002066	ostta17g02075	AT1G13020, AT3G26400, AT4G38710
OG0002067		AT2G46420, AT3G10250, AT3G61700, AT5G04090
OG0002068		AT2G40600
OG0002069		AT1G18680, AT3G47490
OG0002070	ostta07g04180	AT1G15250, AT1G52300, AT3G16080
OG0002071	ostta15g01180	AT1G12960, AT1G23290, AT1G70600
OG0002072		
OG0002073		AT1G25570, AT1G28340
OG0002074	ostta10g00940	AT4G24715, AT5G50200
OG0002075	ostta03g02390	AT4G17190, AT5G47770
OG0002076	ostta06g03332	AT2G20450, AT4G27090
OG0002077		AT2G31740, AT5G04610
OG0002078	ostta04g01280	AT1G79830
OG0002079		AT3G25950, AT3G27270, AT5G14285
OG0002080	ostta07g04270, ostta16g00240	AT1G67580, AT5G63370
OG0002081	ostta05g02390, ostta07g01700, ostta15g01730	AT5G60790
OG0002082	ostta01g00630, ostta08g03330	AT4G28070, AT4G30490
OG0002083	ostta11g02380	AT3G02080, AT5G15520, AT5G61170
OG0002084	ostta03g02770	AT4G31700, AT5G10360
OG0002085	ostta12g02610	AT3G06350
OG0002086	ostta01g02220	AT1G24360
OG0002087	ostta08g02560	AT1G15240, AT2G15900
OG0002088		AT2G23770, AT2G33580
OG0002089	ostta06g00160	AT3G11070, AT5G05520
OG0002090	ostta15g02020	AT1G29310, AT1G78720, AT2G34250
OG0002091	ostta01g03960	AT1G53250, AT1G53800
OG0002092	ostta06g01100, ostta14g03080	AT4G34830
OG0002093	ostta01g02690	AT3G07370
OG0002094	ostta01g03440	AT5G20070
OG0002095		
OG0002096	ostta07g04440	
OG0002097		
OG0002098		
OG0002099		AT3G62160
OG0002100		AT3G01150, AT5G53180
OG0002101		AT2G07785, ATMG01275
OG0002102		AT1G54530, AT2G44310
OG0002103	ostta01g05880	AT1G17730, AT1G73030
OG0002104		AT1G11490, AT1G75710, AT4G27240, AT5G54630
OG0002105	ostta10g03310	AT1G15880, AT2G45200
OG0002106		AT2G10560, AT2G25460, AT3G11760, AT5G04860
OG0002107		ATCG00150
OG0002108	ostta05g01850	AT5G05080
OG0002109		
OG0002110	ostta16g01700	AT1G14980, AT1G23100
OG0002111	ostta18g00420	AT1G14310, AT2G41250
OG0002112	ostta11g03250	AT2G30050, AT3G01340
OG0002113	ostta04g05300, ostta12g00230	AT4G26850, AT5G55120
OG0002114	ostta02g05080	AT3G09100, AT5G01290, AT5G28210
OG0002115	ostta06g04300	AT1G58250
OG0002116	ostta01g05620	
OG0002117	ostta02g01980	AT1G15710, AT5G34930
OG0002118	ostta02g05210	AT1G66500, AT2G36480, AT4G04885, AT5G43620
OG0002119		AT1G20780, AT1G76390
OG0002120		AT2G16070, AT5G53280
OG0002121	ostta04g01870	AT1G73875, AT3G18500, AT5G11350
OG0002122		AT1G30050, AT2G30530, AT4G02800, AT5G01970
OG0002123		AT5G54770
OG0002124		AT1G01440, AT2G46380, AT3G61670, AT4G01090
OG0002125		AT2G01410, AT2G16760, AT2G47370, AT5G28660
OG0002126	ostta05g00110	AT2G32220, AT3G22230, AT4G15000
OG0002127		AT4G24460, AT5G19380
OG0002128	ostta10g00380, ostta14g00990	AT2G22870, AT5G11480
OG0002129		
OG0002130	ostta07g02805, ostta11g02510	AT4G20130
OG0002131	ostta06g04540	AT1G22882, AT1G71360, AT4G23950
OG0002132	ostta11g01810, ostta14g02635	AT1G51310
OG0002133	ostta08g04150	AT2G39460, AT3G55280
OG0002134	ostta04g02090, ostta05g01030	AT5G13630
OG0002135		AT1G71940, AT4G09580, AT4G17790
OG0002136	ostta17g02170	AT1G18870, AT1G68890, AT1G74710
OG0002137		AT3G03341
OG0002138	ostta05g02330	AT1G22730, AT3G48390, AT4G24800, AT5G63190
OG0002139	ostta10g01980	AT4G25700, AT5G52570
OG0002140	ostta05g02060	
OG0002141	ostta12g03040, ostta18g00360	
OG0002142	ostta01g01940, ostta03g04130, ostta08g01220, ostta15g02390	
OG0002143	ostta08g03970	
OG0002144	ostta17g00960	AT1G26110, AT4G19360, AT5G45330
OG0002145		AT1G05080, AT1G19410, AT1G22000, AT1G26815, AT1G26890, AT1G32375, AT1G50980, AT1G51055, AT1G55030, AT1G55660, AT2G04230, AT2G26860, AT3G10750, AT3G26920, AT3G26922, AT3G26930, AT3G49020, AT3G49030, AT3G49040, AT3G49045, AT3G49480, AT3G50710, AT3G51530, AT3G52680, AT3G52690, AT3G53550, AT3G54910, AT3G55670, AT3G55900, AT3G56780, AT4G00160, AT4G00315, AT4G09920, AT4G10400, AT4G10410, AT4G10420, AT4G13965, AT4G15060, AT4G15075, AT4G26340, AT4G26350, AT5G11370, AT5G38565, AT5G38570, AT5G38580, AT5G38590, AT5G40750, AT5G44850, AT5G50270, AT5G52460, AT5G56325, AT5G56370, AT5G56380, AT5G56390, AT5G56400, AT5G56410, AT5G56420, AT5G56430, AT5G56440, AT5G56452, AT5G56555, AT5G56560, AT5G56570, AT5G56690, AT5G56700, AT5G56800, AT5G56810, AT5G56820, AT5G60610, AT5G62970
OG0002146		
OG0002147		
OG0002148		
OG0002149	ostta04g02290, ostta06g01970	AT1G19360, AT1G75110, AT1G75120
OG0002150		AT1G11160, AT1G61210, AT5G08390, AT5G23430
OG0002151	ostta14g02340	AT2G39970
OG0002152		AT1G12990, AT1G67880, AT2G13290, AT3G01620, AT3G26445, AT3G27540, AT5G14480
OG0002153	ostta09g02320	AT5G58290
OG0002154		AT1G30230, AT2G18110, AT5G12110, AT5G19510
OG0002155	ostta01g01050	AT1G51130, AT3G20760
OG0002156	ostta18g01610	AT1G58300, AT1G69720, AT2G26550, AT2G26670
OG0002157		AT1G60500, AT1G60530
OG0002158	ostta08g02630	AT1G08630, AT3G04520
OG0002159		AT2G30470, AT4G21550, AT4G32010
OG0002160		AT2G16090, AT3G27710, AT3G27720, AT4G34370
OG0002161	ostta16g01250	AT3G48780, AT3G48790, AT5G23670
OG0002162		AT1G03470, AT2G30500, AT2G47920, AT3G10880, AT4G03153, AT5G05180, AT5G58320
OG0002163		AT2G26770, AT2G40820, AT3G56480
OG0002164		AT1G63020, AT2G40030
OG0002165		AT4G03020
OG0002166	ostta10g01360	AT4G35800
OG0002167	ostta16g01270	AT1G02880, AT2G44750
OG0002168	ostta12g00160	AT1G11660, AT1G79920, AT1G79930
OG0002169		AT2G28100
OG0002170	ostta03g02670	AT4G24690
OG0002171		AT1G60060, AT5G53900
OG0002172	ostta11g02100	AT2G18245, AT3G19970
OG0002173		AT1G07540, AT3G12560, AT3G46590, AT3G53790, AT5G13820, AT5G59430
OG0002174	ostta16g00300	AT2G27100
OG0002175	ostta02g04430, ostta05g02110, ostta09g02680	AT1G55480
OG0002176	ostta06g02090	AT1G69380, AT5G13610
OG0002177		ATCG00660
OG0002178	ostta03g02280	AT3G03090, AT5G17010, AT5G59250
OG0002179	ostta12g00560	AT2G20635, AT2G33560
OG0002180		AT1G34370, AT5G22890
OG0002181	ostta09g03430	AT4G31600
OG0002182	ostta07g00560	AT2G37890, AT3G53940, AT3G55640
OG0002183	ostta11g01600	AT5G57160
OG0002184	ostta02g04390	AT4G16720, AT4G17390
OG0002185		AT1G03780, AT5G44270
OG0002186	ostta05g01470	AT5G48030
OG0002187		AT1G57800, AT1G57820, AT1G66040, AT1G66050, AT4G08590, AT5G39550
OG0002188	ostta15g01410	AT3G49860, AT3G49870, AT5G37680, AT5G67560
OG0002189	ostta13g00090	AT2G18330, AT3G03060, AT4G36580, AT5G16930
OG0002190	ostta03g01860	AT4G27680, AT5G53540
OG0002191	ostta05g02580, ostta06g00850	AT3G27530
OG0002192	ostta01g03290	AT4G01650, AT5G08720
OG0002193	ostta14g01400	AT3G19510, AT3G19530, AT4G29940
OG0002194		AT1G11170, AT1G61240, AT4G12840, AT4G18530
OG0002195	ostta01g05430	AT2G35210, AT4G17890, AT5G46750
OG0002196		AT5G09230
OG0002197	ostta06g04450	AT1G04710, AT2G33150, AT5G48880
OG0002198		AT1G35470, AT4G09200, AT4G09250, AT4G09310, AT4G09340
OG0002199	ostta05g05000, ostta09g03600	AT1G31230, AT4G19710
OG0002200		AT5G20610, AT5G26160
OG0002201	ostta03g02300, ostta09g03630	AT5G65720
OG0002202	ostta12g02450	AT3G07110, AT3G24830, AT4G13170, AT5G48760
OG0002203	ostta13g01410	AT2G25605
OG0002204		
OG0002205		
OG0002206		
OG0002207		
OG0002208		
OG0002209	ostta18g01060	AT5G28840
OG0002210	ostta11g00690	AT1G09940, AT1G58290
OG0002211		AT1G10660, AT1G70505, AT2G47115, AT3G27770, AT5G62960
OG0002212		AT1G26440, AT2G03520, AT2G03530, AT2G03590, AT2G03600
OG0002213		AT2G07696, ATMG01270
OG0002214		AT1G44760, AT1G48960, AT1G69080, AT2G03720, AT3G03290, AT5G17390
OG0002215		AT3G55270
OG0002216		AT1G10530, AT1G60010, AT5G50090, AT5G62900, AT5G67620
OG0002217		AT5G47560
OG0002218		AT2G37570, AT3G12570, AT5G02480
OG0002219	ostta08g00940	AT1G48600, AT1G73600, AT3G18000
OG0002220	ostta12g03130	AT4G24610, AT5G48310, AT5G65440
OG0002221	ostta11g01350	AT1G74970, AT3G49080
OG0002222	ostta01g01450	AT3G02020, AT5G13280, AT5G14060
OG0002223		AT2G46225, AT3G49290, AT5G24310, AT5G42030
OG0002224		ATCG01090
OG0002225	ostta03g01970	AT1G64650, AT3G49310, AT4G27720
OG0002226	ostta10g00070	AT1G16225, AT1G16230, AT1G16240, AT1G79590
OG0002227	ostta01g03210	AT1G11570, AT1G27310, AT1G27970
OG0002228	ostta08g03030, ostta13g02020	AT1G55350
OG0002229		AT1G49620, AT2G23430, AT2G32710, AT3G19150, AT3G24810, AT3G50630, AT5G48820
OG0002230	ostta18g00370	AT3G10410, AT3G45010, AT5G22960, AT5G22980
OG0002231	ostta06g02390	AT1G27570, AT1G27595, AT3G43950, AT5G01400
OG0002232	ostta02g01970	AT3G23145, AT4G10320
OG0002233	ostta15g02410	AT2G42230, AT3G57890
OG0002234	ostta06g03480	AT1G30660, AT1G30680
OG0002235	ostta14g01270	AT5G11170, AT5G11200
OG0002236	ostta15g02030	AT3G24315
OG0002237	ostta15g02555	AT1G30910, AT5G44720
OG0002238	ostta06g01530	AT3G48930, AT4G30800, AT5G23740
OG0002239		
OG0002240	ostta07g03635, ostta07g03700	AT5G05920
OG0002241		AT2G40960, AT3G10770, AT3G56680, AT5G05100
OG0002242	ostta13g01140	AT2G24490, AT3G02920
OG0002243	ostta03g00570, ostta09g00750	AT2G21270, AT2G29070, AT4G38930
OG0002244	ostta09g01210	AT3G04820
OG0002245		AT3G04090, AT3G56950, AT5G18290
OG0002246	ostta16g02260	AT2G36840, AT2G39570
OG0002247		AT1G33830, AT1G33870, AT1G33880, AT1G33890, AT1G33900, AT1G33910, AT1G33930, AT1G33950, AT1G33960, AT1G33970, AT2G26820, AT4G09930, AT4G09940, AT4G09950
OG0002248		AT4G30950
OG0002249		AT4G24580, AT5G12150, AT5G19390
OG0002250		AT2G35490, AT4G04020, AT4G22240
OG0002251	ostta02g01610	AT2G19600, AT5G11800, AT5G51710
OG0002252	ostta02g02200	AT1G29550, AT1G29590, AT4G18040, AT5G35620
OG0002253		AT4G25200, AT4G27670, AT5G51440
OG0002254		AT2G41620, AT3G57350
OG0002255		AT1G76250
OG0002256	ostta02g01210	AT4G12600, AT4G22380, AT5G20160
OG0002257	ostta02g05280, ostta06g04610, ostta17g00210, ostta17g02200	AT2G39140, AT3G43340
OG0002258	ostta02g03700, ostta02g03740	
OG0002259	ostta04g01730	AT1G12910, AT3G26640, AT5G24520
OG0002260		
OG0002261		
OG0002262		
OG0002263	ostta02g00160, ostta02g00170, ostta02g00180, ostta02g00260, ostta02g00710, ostta02g00720, ostta02g00780, ostta02g00800, ostta02g04200, ostta02g04660, ostta07g03690, ostta10g02255, ostta15g01800	
OG0002264		
OG0002265		
OG0002266		
OG0002267		
OG0002268	ostta03g05410	AT2G37190, AT3G53430, AT5G60670
OG0002269		AT1G49290, AT1G64870, AT2G44925, AT3G45200, AT5G11220, AT5G13620, AT5G24355
OG0002270	ostta10g00770	AT5G04620
OG0002271		ATMG00650
OG0002272	ostta15g01110	AT5G01220
OG0002273	ostta05g04670	AT1G33230, AT4G10430
OG0002274	ostta04g01660	AT1G09620
OG0002275	ostta06g01150	AT1G15930, AT2G32060
OG0002276		
OG0002277	ostta17g01480	AT1G16960, AT1G53400, AT5G45740
OG0002278	ostta04g03520, ostta05g00550	AT5G50370, AT5G63400
OG0002279		AT1G49420, AT1G51090, AT4G16380
OG0002280	ostta16g01770	AT1G01100, AT4G00810, AT5G24510, AT5G47700
OG0002281		AT4G08990, AT4G13610, AT4G14140, AT5G49160
OG0002282		AT3G48050, AT3G48060
OG0002283		AT2G17760, AT3G51330, AT3G51340, AT3G51350, AT3G51360, AT4G35880, AT5G10080
OG0002284	ostta03g00620, ostta05g01630	AT3G01550, AT5G33320
OG0002285		
OG0002286	ostta14g01160	AT3G28730
OG0002287	ostta12g02560, ostta18g01150	AT3G50050, AT5G43100
OG0002288	ostta17g01350	AT1G58380, AT1G58684, AT1G58983, AT1G59359, AT2G41840, AT3G57490
OG0002289	ostta18g01260	AT5G11840, AT5G67370
OG0002290		ATCG00300
OG0002291	ostta03g05980, ostta05g05010, ostta06g00780	AT5G08110
OG0002292	ostta10g02370	AT3G50040, AT3G59670, AT4G37440
OG0002293		ATCG01080
OG0002294		AT4G19045, AT5G20430, AT5G20440, AT5G45550
OG0002295	ostta14g00510	AT3G48860, AT4G08630, AT4G25070, AT5G13260, AT5G23700
OG0002296	ostta09g01800	AT3G60800, AT4G00840, AT4G22750
OG0002297		AT1G16560, AT5G62130
OG0002298		AT2G19390, AT4G29790, AT5G22450
OG0002299	ostta10g01560	AT1G17130, AT2G29430, AT2G32050, AT3G43250
OG0002300		AT5G57500
OG0002301	ostta01g00950	AT2G27840, AT3G44750, AT5G03740, AT5G22650
OG0002302	ostta02g02800	AT2G40510, AT2G40590, AT3G56340
OG0002303		AT1G17145, AT1G78420
OG0002304		AT1G76320, AT2G27110, AT2G32250, AT3G22170, AT4G15090, AT4G19990, AT4G38170, AT4G38180
OG0002305		AT1G17940, AT1G73390, AT5G14020
OG0002306	ostta01g06500, ostta11g00720, ostta17g02008	AT3G46180, AT5G59740
OG0002307	ostta10g02940	AT1G27520, AT5G43710
OG0002308	ostta15g01770	AT5G46110
OG0002309	ostta08g02920	AT1G69370, AT3G29200, AT5G10870
OG0002310		AT3G11860, AT3G11890, AT3G48800, AT5G23680
OG0002311	ostta05g00250	AT1G77590, AT2G04350
OG0002312		AT3G05550, AT5G27760
OG0002313	ostta01g04740, ostta16g01750	AT1G18090, AT1G29630
OG0002314	ostta04g04730	AT3G46460, AT3G55380, AT5G59300
OG0002315	ostta14g02030	AT1G52380, AT3G15970
OG0002316	ostta06g02570	AT1G67140
OG0002317	ostta01g02680, ostta16g00270	AT1G14640, AT1G14650, AT2G43960, AT3G49130, AT4G16200, AT5G06520, AT5G06890, AT5G12280
OG0002318	ostta07g01350	AT4G00895, AT4G09650
OG0002319	ostta01g01670, ostta03g01635	AT1G03330
OG0002320	ostta08g02380	AT2G26280
OG0002321	ostta04g02380	AT1G66740, AT5G38110
OG0002322		AT1G14970, AT1G35510, AT1G38065, AT1G38131, AT2G01480
OG0002323		
OG0002324	ostta01g02300	
OG0002325		
OG0002326	ostta07g04430	
OG0002327	ostta10g00190	
OG0002328		
OG0002329		
OG0002330	ostta08g00880	AT3G48710, AT4G26630, AT5G55660, AT5G63550
OG0002331		AT1G07910
OG0002332	ostta14g02630	AT1G06680, AT2G30790
OG0002333		AT2G48160, AT3G63070, AT5G08230, AT5G23150
OG0002334		AT3G24780, AT5G13210, AT5G43390, AT5G43400
OG0002335		AT2G37660, AT5G02240
OG0002336	ostta04g03610	AT1G21360, AT2G33470, AT3G21260
OG0002337	ostta03g02880	AT2G20140, AT4G29040
OG0002338		AT1G51600, AT3G21175, AT4G24470
OG0002339	ostta07g00320	AT5G44590, AT5G44600, AT5G63100
OG0002340	ostta09g02360	AT2G37250, AT2G39270
OG0002341		AT2G07681, ATMG00890, ATMG00900
OG0002342	ostta03g01030	AT1G34430, AT3G25860
OG0002343		AT1G54300, AT2G24100, AT3G05770, AT4G30780
OG0002344	ostta02g03020	AT1G30890, AT3G59500
OG0002345	ostta13g01210	AT5G39520, AT5G39530
OG0002346	ostta01g03660, ostta04g02330	AT3G01720
OG0002347		AT1G18310, AT5G15870
OG0002348		AT3G02645
OG0002349		AT2G24960, AT4G02210
OG0002350	ostta01g02740	AT3G01020, AT4G04080, AT4G22220
OG0002351		AT3G23160, AT5G04550, AT5G51670
OG0002352		AT1G03770, AT5G44280
OG0002353	ostta02g01930	AT2G11810, AT4G31780, AT5G20410
OG0002354		AT3G07220, AT3G07260
OG0002355	ostta06g02240	AT4G31210
OG0002356	ostta04g03260	AT2G18600, AT4G36800
OG0002357	ostta09g03760	AT3G18480
OG0002358		AT1G04860, AT2G32780
OG0002359		AT1G72880, AT4G14930
OG0002360	ostta11g01730	AT1G08370
OG0002361		AT2G03350, AT3G08890, AT5G01610, AT5G37070
OG0002362	ostta01g03570	AT1G52325, AT1G80930
OG0002363	ostta03g01670	AT1G04510, AT2G33340
OG0002364		AT1G17370, AT1G54080, AT3G14100
OG0002365		AT1G34200, AT1G66130, AT4G09670
OG0002366		AT1G04590, AT4G18975, AT4G21190
OG0002367	ostta11g02505	AT1G17410
OG0002368		AT5G01720, AT5G27920
OG0002369	ostta03g01020	AT3G45030, AT3G47370, AT5G62300
OG0002370		AT1G32360, AT2G35430, AT3G19360
OG0002371		AT2G32260, AT4G15130
OG0002372		AT3G19240, AT4G33400
OG0002373		AT3G05310, AT3G63150, AT5G27540
OG0002374	ostta02g02630	AT1G72040
OG0002375	ostta09g03180	AT1G48830, AT3G02560, AT5G16130
OG0002376		AT2G29410, AT2G46800, AT3G58810, AT3G61940
OG0002377	ostta18g01160	AT1G28090, AT2G17580, AT3G48830, AT5G23690
OG0002378	ostta01g00485	AT1G43170, AT1G61580
OG0002379	ostta01g02970	AT1G17440, AT3G10070
OG0002380	ostta07g01400	AT1G18040, AT1G66750, AT1G73690, AT2G38620
OG0002381	ostta03g05300	AT5G05010
OG0002382	ostta15g01140	AT2G46210, AT3G61580
OG0002383	ostta14g00150	AT3G50820, AT4G37230, AT5G66570
OG0002384		AT3G01450, AT3G18530, AT4G15830, AT5G14790
OG0002385	ostta02g00200, ostta09g02530	
OG0002386		AT1G56510, AT1G56520, AT1G56540, AT1G57650, AT1G63730, AT1G63740, AT1G63750, AT1G63860, AT1G63870, AT1G63880, AT1G64070, AT1G65850, AT1G66090, AT1G69550, AT2G14080, AT2G16870, AT3G04210, AT3G04220, AT3G25505, AT3G25510, AT3G44400, AT3G44480, AT3G44630, AT3G44670, AT4G04110, AT4G08450, AT4G11170, AT4G14370, AT4G16857, AT4G16860, AT4G16880, AT4G16890, AT4G16900, AT4G16920, AT4G16930, AT4G16940, AT4G16950, AT4G16957, AT4G16960, AT4G16990, AT4G19500, AT5G11250, AT5G17970, AT5G18350, AT5G18360, AT5G18370, AT5G22690, AT5G38340, AT5G38350, AT5G38850, AT5G40060, AT5G40910, AT5G41540, AT5G41550, AT5G41740, AT5G41750, AT5G44510, AT5G46450, AT5G46470, AT5G46490, AT5G46500, AT5G46510, AT5G46520, AT5G49140, AT5G51630, AT5G58120
OG0002387		
OG0002388		
OG0002389		
OG0002390		
OG0002391		
OG0002392		
OG0002393	ostta06g02380	AT1G14048, AT1G14060, AT1G18197, AT1G23201, AT2G03230, AT5G02210, AT5G57570, AT5G57640
OG0002394	ostta05g04730, ostta15g02070	AT3G02870
OG0002395		AT1G04080, AT5G46400
OG0002396	ostta09g02250	AT1G61010
OG0002397	ostta01g05720	AT1G10150, AT1G59510, AT3G49790
OG0002398	ostta08g01930	AT2G27460
OG0002399		AT5G12400, AT5G22760, AT5G35210
OG0002400		AT1G32280, AT2G13295, AT4G30880, AT4G33550, AT5G56480
OG0002401	ostta05g04130	AT1G71100, AT2G01290, AT3G04790
OG0002402	ostta09g04490	AT4G10790
OG0002403		AT3G10985, AT5G01740
OG0002404	ostta13g02370	AT4G11920, AT4G22910, AT5G13840
OG0002405	ostta03g00270	AT5G64270
OG0002406		AT2G46880, AT5G57140, AT5G63140
OG0002407	ostta04g01360	AT1G60170, AT1G70400
OG0002408	ostta11g00170	AT1G74700, AT2G04530
OG0002409		AT1G03440, AT3G17640, AT4G03010
OG0002410	ostta01g03580, ostta11g01200	AT5G10800, AT5G25060
OG0002411	ostta09g04360	AT1G31160, AT3G56490
OG0002412	ostta13g01600	AT2G04520, AT5G35680
OG0002413		AT2G38240, AT3G11180, AT3G55970, AT5G05600
OG0002414	ostta05g00300	AT1G05785, AT3G03180, AT3G49420, AT5G01430
OG0002415		AT1G68580, AT5G55600
OG0002416	ostta09g00400	AT2G47390
OG0002417	ostta18g00330	AT1G16880, AT5G04740
OG0002418	ostta05g02920	AT3G10730, AT5G04990
OG0002419	ostta11g02360	AT4G23620, AT5G66860
OG0002420	ostta04g05030	AT2G04390, AT2G05220, AT3G10610, AT5G04800
OG0002421		AT3G11780, AT3G44100, AT5G06480
OG0002422	ostta05g01460	AT2G39390, AT3G09500, AT3G55170, AT5G02610
OG0002423	ostta10g02015	AT2G19740, AT4G26230, AT5G56710
OG0002424		AT3G20980
OG0002425	ostta01g03110, ostta14g00030	AT4G31300
OG0002426	ostta09g04100	AT1G28490
OG0002427		AT2G01620, AT3G26000, AT3G27290
OG0002428	ostta06g00440	AT1G21065
OG0002429	ostta15g02830	AT1G52510, AT4G12830
OG0002430		AT1G49770
OG0002431	ostta10g00830	AT1G20260, AT1G76030, AT4G38510
OG0002432	ostta14g02390, ostta16g01810, ostta20g00695	AT5G17670
OG0002433	ostta08g01050	AT1G08300, AT4G13750
OG0002434	ostta11g00420	AT1G18910, AT1G74770, AT3G18290
OG0002435	ostta09g01470	AT1G19330, AT1G75060
OG0002436	ostta02g05190	AT3G52250
OG0002437		AT1G02990, AT3G62900, AT4G15730
OG0002438	ostta06g04160	AT1G07025, AT1G07030, AT2G30160
OG0002439		AT2G25670, AT4G32610
OG0002440		
OG0002441	ostta15g00090	AT1G16460, AT1G79230
OG0002442	ostta02g00670	AT1G35860, AT1G35880, AT3G46740, AT4G09080
OG0002443	ostta04g00090	AT4G29060
OG0002444	ostta02g03960	AT1G11520, AT4G21660
OG0002445	ostta08g03200	AT3G11560, AT5G06220
OG0002446	ostta13g01130, ostta13g02720	
OG0002447		
OG0002448		
OG0002449		
OG0002450		
OG0002451		
OG0002452	ostta06g02920	AT1G28350, AT2G33840
OG0002453		AT2G16500, AT4G34710
OG0002454		AT1G05360, AT4G14950
OG0002455		AT3G47730, AT5G61690, AT5G61730
OG0002456		AT2G33490, AT3G26910, AT5G41100
OG0002457	ostta16g00200	AT1G47550, AT1G47560
OG0002458	ostta01g05590	AT1G14660, AT2G01980
OG0002459	ostta09g04210, ostta12g01150	AT2G29700, AT5G05710
OG0002460	ostta01g03880, ostta03g02740	AT3G17609, AT5G11260
OG0002461	ostta20g00160	AT1G01820, AT2G45740, AT3G61070
OG0002462		AT2G23060, AT2G30090, AT4G37580, AT5G67430
OG0002463	ostta13g00520	AT1G24120, AT1G59980, AT1G68370
OG0002464	ostta07g02250	AT1G49820, AT2G05830
OG0002465		AT3G27890
OG0002466		AT1G06150, AT1G64625, AT2G27230, AT2G31280, AT5G24352
OG0002467		AT2G35710, AT4G16600
OG0002468		AT3G04720
OG0002469		AT2G32020, AT2G32030, AT3G22560
OG0002470	ostta06g01990	AT2G24270
OG0002471	ostta12g02830	AT3G07920, AT5G01940, AT5G20920
OG0002472	ostta04g04570	AT4G29400, AT5G08400
OG0002473	ostta14g00540	AT3G51160, AT5G66280
OG0002474	ostta01g02440	AT1G16980, AT1G17000, AT1G78580, AT4G27550, AT4G27565
OG0002475	ostta13g00310	AT1G13120, AT4G05523
OG0002476	ostta03g00300	AT2G38830, AT3G12400, AT5G13860
OG0002477	ostta07g02880	AT1G03960, AT1G54450, AT5G28850, AT5G28900, AT5G44090
OG0002478	ostta09g04010	AT1G18540, AT1G74050, AT1G74060
OG0002479		AT5G08200, AT5G23130
OG0002480		AT2G46330, AT3G61640, AT5G24105, AT5G53250
OG0002481		AT2G44500, AT3G07900, AT3G26370
OG0002482	ostta01g00820	AT1G72270, AT4G27010
OG0002483	ostta01g03380	AT4G25180, AT5G09380
OG0002484	ostta05g00750	AT2G39340
OG0002485		AT1G08860, AT5G07300, AT5G61900
OG0002486	ostta10g00100	AT2G31170, AT3G56300, AT5G38830
OG0002487		AT2G03050, AT2G34620, AT2G36000, AT3G18870
OG0002488		AT1G27760
OG0002489	ostta03g05120, ostta16g01240	AT3G24320
OG0002490	ostta02g01400	AT1G60970, AT3G09800, AT4G08520
OG0002491		AT1G60420, AT4G31240
OG0002492	ostta12g02070	AT5G08290
OG0002493		AT1G68980, AT1G69290, AT3G09650
OG0002494	ostta02g05160	AT3G16700, AT4G15940
OG0002495		AT4G32920, AT5G11700, AT5G47020
OG0002496	ostta08g03570	AT2G16460, AT3G51090
OG0002497	ostta07g00050	AT2G37270, AT3G11940
OG0002498		AT1G62981, AT3G08600, AT4G11950, AT4G22900, AT4G23720
OG0002499	ostta05g04640, ostta14g02330	AT2G35670, AT4G16810, AT4G16845, AT5G51230
OG0002500		AT4G11820
OG0002501		AT2G01690
OG0002502	ostta18g01640	AT2G46320, AT4G27940
OG0002503	ostta11g00670, ostta13g02300	AT1G31600, AT1G36310
OG0002504	ostta06g02890	AT1G07370, AT2G29570
OG0002505	ostta02g04150, ostta12g00860, ostta20g00550	AT4G36390
OG0002506		AT4G09830, AT5G64780
OG0002507	ostta14g02880	AT2G39805, AT3G05280, AT5G27490
OG0002508	ostta07g03560	AT3G13210, AT3G51110, AT5G41770, AT5G45990
OG0002509	ostta12g00120	AT2G16780, AT4G35050, AT5G58230
OG0002510	ostta09g02590, ostta14g01890	AT3G57050
OG0002511	ostta13g00330	AT1G48300
OG0002512	ostta09g00590, ostta15g01070	
OG0002513		AT2G05755
OG0002514		AT1G79220
OG0002515		
OG0002516		
OG0002517		
OG0002518		
OG0002519	ostta14g02830	AT3G45000, AT5G22950
OG0002520	ostta03g05810	AT4G30870, AT5G39770
OG0002521	ostta09g02400	AT2G38670
OG0002522		AT1G79460
OG0002523		AT1G21880, AT1G77630, AT2G17120
OG0002524		AT5G41210, AT5G41220, AT5G41240
OG0002525		AT1G05000, AT2G32960, AT3G02800, AT4G03960, AT5G16480
OG0002526		AT2G28480, AT3G25440, AT3G27550, AT4G13070
OG0002527		AT3G56640, AT4G02350
OG0002528	ostta02g03070	AT2G22240, AT4G39800, AT5G10170
OG0002529	ostta03g05150, ostta16g00610	AT4G25730
OG0002530	ostta10g01160	AT2G21430, AT4G16190, AT4G39090
OG0002531	ostta03g02540	AT3G16310
OG0002532	ostta07g01200	AT4G25630, AT5G52470, AT5G52490
OG0002533		AT5G08560, AT5G43920
OG0002534		AT1G10950
OG0002535		AT3G06150, AT5G19060
OG0002536	ostta07g01870	AT2G27960, AT2G27970
OG0002537	ostta09g01070	AT2G20580, AT4G28470
OG0002538		AT5G57860
OG0002539	ostta04g02520	AT3G10640, AT5G04850
OG0002540	ostta17g00680	AT1G78910, AT3G19440
OG0002541		AT2G20310, AT4G27660, AT4G28690, AT5G54148, AT5G54150
OG0002542	ostta02g03590	AT1G19990, AT5G11600
OG0002543		AT1G21590, AT1G77280, AT2G16750, AT4G35030, AT5G63940
OG0002544		AT1G71860
OG0002545	ostta01g01550	AT5G04430
OG0002546		AT1G01320, AT1G15290, AT4G28080
OG0002547	ostta03g03980	AT3G13330
OG0002548	ostta11g01325	AT1G70180, AT3G07170, AT5G48680
OG0002549	ostta01g00400	AT1G20200, AT1G75990
OG0002550	ostta05g03280	
OG0002551	ostta14g00730	AT2G43320, AT4G14000
OG0002552		AT1G20910, AT1G76510, AT2G17410
OG0002553		AT1G48440, AT3G03160, AT3G17780, AT5G17190
OG0002554	ostta15g01160	AT3G25520, AT5G39740
OG0002555	ostta17g00067	AT1G54140
OG0002556	ostta10g02710	AT1G79090, AT3G22270, AT4G14990
OG0002557		AT2G41835, AT3G28210, AT3G57480, AT5G48205
OG0002558		AT2G46610, AT3G61860, AT4G25500, AT5G52040
OG0002559	ostta04g00820, ostta08g01420, ostta13g01810, ostta14g02040	AT2G22400, AT3G05365, AT4G40000
OG0002560	ostta20g00050	AT3G08950, AT4G39740
OG0002561	ostta16g01410	AT3G09630, AT5G02870
OG0002562	ostta03g05590, ostta07g02580	AT1G13560, AT3G25585
OG0002563		AT3G25680, AT5G23890, AT5G52410
OG0002564	ostta16g02100	AT3G12280
OG0002565		AT4G07390, AT5G59470
OG0002566	ostta06g02600	AT1G77670
OG0002567	ostta05g00460	AT1G09770
OG0002568	ostta11g02920	AT3G24350, AT5G05760
OG0002569	ostta09g01790	AT3G10160, AT3G55630, AT5G05980
OG0002570		AT1G12320, AT1G62840, AT2G45360, AT3G60780, AT5G62280
OG0002571	ostta03g03360	AT1G45000, AT5G43010
OG0002572		AT2G43240, AT3G59360
OG0002573		AT5G55760
OG0002574	ostta15g01260	AT3G05380, AT5G27610
OG0002575	ostta07g02330	AT5G08630
OG0002576	ostta09g00860	AT4G21110
OG0002577		AT1G17270, AT1G53770, AT5G50420
OG0002578	ostta01g00730	AT5G40270, AT5G40290
OG0002579		AT2G16250, AT4G39270
OG0002580	ostta12g01270	AT2G35630
OG0002581	ostta03g05560	AT5G24740
OG0002582		AT1G14520, AT2G19800, AT4G26260, AT5G56640
OG0002583	ostta03g00690	AT3G05060, AT5G27120
OG0002584	ostta09g02740	AT5G12370
OG0002585	ostta07g01930	AT1G13320, AT1G25490, AT3G25800
OG0002586		
OG0002587	ostta18g00810	AT1G12640, AT1G63050
OG0002588		AT1G09820, AT1G11710, AT2G02150, AT2G15630, AT4G11690, AT4G26680, AT5G01110, AT5G59900
OG0002589	ostta06g00050	
OG0002590		
OG0002591		
OG0002592		
OG0002593		
OG0002594		
OG0002595		AT3G45090, AT5G60760
OG0002596	ostta06g02650	AT5G50850
OG0002597		AT1G04050, AT3G04380, AT5G43990
OG0002598		AT1G25500, AT5G13760
OG0002599	ostta10g01590	AT3G59280, AT5G61880
OG0002600		ATMG00640
OG0002601	ostta14g01610	AT5G57850
OG0002602		AT2G18870, AT2G18880, AT3G24440, AT4G30200, AT5G57380
OG0002603		AT2G24420, AT4G30090, AT4G31340
OG0002604		AT2G07768, ATMG00960
OG0002605	ostta13g02800	AT3G13640, AT4G19210, AT4G30300
OG0002606	ostta06g00350	AT2G05840, AT5G35590
OG0002607	ostta06g03040	AT5G51200
OG0002608		AT1G76490, AT2G17370
OG0002609	ostta14g01440	AT1G07510, AT2G29080
OG0002610		AT1G18800, AT1G74560
OG0002611	ostta02g04820	AT4G26910, AT5G55070
OG0002612		AT1G04490, AT1G63520, AT2G33360, AT4G11450
OG0002613		
OG0002614		AT1G23150, AT1G70780, AT2G27830, AT5G37730
OG0002615		AT1G02860, AT2G38920
OG0002616		AT2G26070, AT3G51040
OG0002617	ostta05g03530	AT5G17230
OG0002618	ostta06g00310	AT1G07705, AT5G59710
OG0002619		AT3G20890, AT5G66010
OG0002620	ostta12g03110	AT3G54860
OG0002621	ostta03g04790	AT1G21160, AT1G76720, AT1G76810, AT1G76820, AT2G27700
OG0002622	ostta03g00260	AT1G28510, AT3G58150
OG0002623	ostta03g00830	AT2G13810, AT4G33680
OG0002624		AT1G13890, AT5G07880, AT5G61210
OG0002625	ostta09g00070	AT4G08545, AT4G15950, AT5G09920
OG0002626	ostta12g02320	AT1G53720
OG0002627	ostta05g01840	AT1G52600, AT3G15710
OG0002628	ostta02g04540	AT1G67070, AT3G02570
OG0002629	ostta15g01640	AT4G33380
OG0002630		
OG0002631	ostta02g05400	AT2G47640, AT3G62840
OG0002632		AT2G34770, AT4G20870
OG0002633		AT4G13780
OG0002634		AT4G17260
OG0002635	ostta14g00110	AT2G40010, AT3G09200, AT3G11250
OG0002636	ostta05g04750	AT2G30720, AT5G48370
OG0002637		AT3G49250, AT5G24275, AT5G24280
OG0002638	ostta02g04470	AT2G38280
OG0002639	ostta12g00510	AT1G55520, AT3G13445
OG0002640	ostta08g02300	AT1G65410
OG0002641		AT1G35220
OG0002642	ostta01g00210	AT5G20180, ATCG00760
OG0002643		AT3G45960, AT3G45970, AT4G17030, AT4G38400
OG0002644	ostta16g00290	AT5G09650
OG0002645		AT3G07660
OG0002646	ostta08g03090	AT1G15420, AT5G11240
OG0002647	ostta08g00140	AT3G07950
OG0002648		AT2G29525, AT2G37940, AT3G54020
OG0002649	ostta12g00060, ostta14g00840	AT5G03880
OG0002650	ostta04g01570	AT1G62020, AT2G21390
OG0002651	ostta13g02950	AT1G55860, AT1G70320
OG0002652		AT1G65000, AT5G38060
OG0002653	ostta13g00080	AT1G63830, AT4G23470, AT5G41390
OG0002654	ostta11g00410	AT5G65930
OG0002655	ostta16g01620	AT2G01918, AT4G05180, AT4G21280
OG0002656		AT1G14230, AT1G14240, AT1G14250, AT2G02970
OG0002657	ostta01g00460, ostta13g02340	AT1G49040
OG0002658	ostta07g01190	AT5G14530, AT5G66240
OG0002659	ostta08g01820	AT3G50090, AT3G50100, AT5G05540, AT5G67240
OG0002660	ostta18g00060	AT3G26060
OG0002661	ostta03g04340	
OG0002662		AT1G49670
OG0002663	ostta17g02010	AT1G06080, AT1G06090, AT1G06100, AT1G06120, AT1G06350, AT1G06360, AT2G31360, AT3G15850, AT3G15870
OG0002664		AT1G58037, AT1G65180, AT1G69150, AT2G04500, AT2G04680, AT2G19650, AT2G19660, AT2G43220, AT3G06990, AT3G07000, AT3G25850, AT3G27473, AT3G27480, AT3G27490, AT3G27500, AT3G27510, AT3G28650, AT3G43890, AT3G45530, AT3G45840, AT3G46800, AT3G46810, AT3G48400, AT4G01335, AT4G01340, AT4G01350, AT4G01740, AT4G01760, AT4G01910, AT4G01920, AT4G01925, AT4G01930, AT4G02180, AT4G02190, AT4G09690, AT4G11390, AT4G11540, AT4G11547, AT4G11550, AT4G13992, AT4G14980, AT4G16015, AT5G16430, AT5G22355, AT5G26190, AT5G29624, AT5G37620, AT5G39471, AT5G40320, AT5G42840, AT5G43030, AT5G43040, AT5G44770, AT5G45730, AT5G54020, AT5G54030, AT5G54040, AT5G54050, AT5G59920, AT5G59930, AT5G59940
OG0002665	ostta01g04910	
OG0002666	ostta01g05810, ostta01g06540, ostta09g03590, ostta17g00630, ostta18g01760	
OG0002667		
OG0002668		
OG0002669		
OG0002670		
OG0002671		
OG0002672		AT3G24110, AT4G26470
OG0002673	ostta05g00150	AT5G27740
OG0002674	ostta10g02910	AT2G18290
OG0002675		
OG0002676	ostta14g02260	AT3G02090
OG0002677	ostta17g01720	AT1G17210, AT1G48950
OG0002678	ostta08g04080	AT3G13200
OG0002679		AT5G13700
OG0002680		AT2G37380, AT2G39370, AT5G26230
OG0002681		ATMG00285
OG0002682	ostta01g04530	AT1G11930, AT4G26860
OG0002683	ostta11g00820	AT5G67320
OG0002684		AT1G21670, AT1G21680, AT4G01870
OG0002685	ostta09g03555	AT2G28560
OG0002686	ostta01g00390	AT1G12350, AT5G02080
OG0002687	ostta09g00360, ostta17g00550	AT1G30580
OG0002688	ostta18g01330	AT5G52970
OG0002689	ostta07g01260	AT1G17960, AT1G18130, AT5G26830
OG0002690	ostta14g01920	AT1G75510, AT3G52270
OG0002691		AT1G55870, AT3G25430
OG0002692	ostta11g02730	AT3G58390, AT4G27650
OG0002693	ostta16g01830	AT3G14700, AT5G16780
OG0002694	ostta10g02400	AT4G18810
OG0002695	ostta04g00910	AT3G05040
OG0002696	ostta07g00800	AT5G23540
OG0002697	ostta04g01830	AT3G01460
OG0002698		
OG0002699		ATCG01070
OG0002700		AT3G06650, AT5G49460
OG0002701	ostta02g01920	AT1G29330, AT3G25040
OG0002702	ostta04g01720	AT3G11950
OG0002703	ostta07g02780	AT1G29870, AT1G29880, AT3G44740
OG0002704	ostta02g00790	AT3G49990
OG0002705		AT3G03780, AT5G17920, AT5G20980
OG0002706	ostta07g04360	AT2G39080
OG0002707		AT1G45050, AT1G75440, AT4G36410, AT5G42990
OG0002708		AT3G22960
OG0002709	ostta06g04570	AT1G55880
OG0002710	ostta08g03040	AT2G22910, AT4G37670
OG0002711	ostta07g01990	AT1G51650
OG0002712	ostta10g02840	AT1G30590, AT2G34750, AT2G39240
OG0002713	ostta04g04110	AT1G23900, AT1G23935, AT1G60070
OG0002714	ostta12g02330	AT1G27390, AT3G27070, AT3G27080, AT5G40930
OG0002715	ostta17g01650	AT3G27240, AT5G40810
OG0002716	ostta12g00800	AT1G04810, AT2G32730
OG0002717	ostta15g01870	AT3G05670
OG0002718	ostta11g02190	AT4G29490
OG0002719	ostta04g01330	AT4G26780, AT5G55200
OG0002720	ostta02g02320	AT2G30570
OG0002721	ostta10g01890	AT1G09020
OG0002722	ostta15g01010, ostta16g01450	AT1G10700, AT2G42910
OG0002723		AT2G22690, AT4G37880, AT5G09630
OG0002724	ostta01g00200	AT2G41160, AT3G56740
OG0002725	ostta16g01780	AT3G10030, AT3G18680
OG0002726		AT2G24580
OG0002727	ostta07g03370	AT5G11500
OG0002728		AT1G05410, AT3G22520, AT4G14840
OG0002729	ostta16g01210	AT5G18230
OG0002730	ostta03g04430	AT1G71840
OG0002731	ostta01g03460, ostta09g01710	AT4G24730
OG0002732		AT1G72280, AT2G38960
OG0002733	ostta07g03650	AT3G10090, AT5G03850, AT5G64140
OG0002734	ostta07g01500	AT2G25110
OG0002735	ostta02g02570	AT3G22860, AT3G56150
OG0002736	ostta02g02560	AT2G06520
OG0002737	ostta06g04200	AT2G04400, AT5G48220
OG0002738	ostta13g00120	AT3G23890
OG0002739	ostta09g00230	AT4G33470
OG0002740		AT2G35795, AT3G09700, AT5G03030
OG0002741	ostta06g02880	AT1G51510
OG0002742	ostta12g00200	AT2G16570, AT4G34740, AT4G38880
OG0002743	ostta03g04280	AT1G50400, AT3G20000
OG0002744	ostta03g02840	AT1G22660
OG0002745	ostta15g00070	AT3G18370
OG0002746		
OG0002747	ostta06g00970	AT4G26430, AT5G56280
OG0002748	ostta03g00450, ostta07g00890, ostta18g01470	
OG0002749		
OG0002750		
OG0002751		
OG0002752		
OG0002753		
OG0002754		
OG0002755		
OG0002756		
OG0002757		AT3G54630
OG0002758	ostta15g01400	AT2G32295, AT5G35730
OG0002759		AT2G25740
OG0002760	ostta10g02130	AT4G02220
OG0002761		AT1G48920, AT3G18610, AT4G08760
OG0002762		AT4G01210, AT5G04480
OG0002763	ostta07g04740	AT1G54110, AT3G55600
OG0002764		AT2G37340, AT3G53500
OG0002765	ostta11g01170	AT1G17820, AT1G73200
OG0002766	ostta06g01700	AT1G15850, AT1G80670
OG0002767	ostta11g00150	AT4G34120, AT4G36910
OG0002768	ostta10g03200	AT2G26080, AT4G33010
OG0002769	ostta01g05240	AT1G50030
OG0002770	ostta17g00270	AT1G09995, AT1G79890
OG0002771	ostta09g00630	AT3G12480, AT5G19490
OG0002772	ostta07g00880	AT1G62430, AT4G22340, AT4G26770
OG0002773		AT2G48110, AT3G23590
OG0002774	ostta02g01770	AT3G16980, AT4G16265
OG0002775	ostta13g02160	AT1G49910, AT1G69400, AT3G19590
OG0002776		ATMG00090
OG0002777		AT4G11800, AT4G23000
OG0002778	ostta02g04260	AT3G16270
OG0002779		AT3G62130, AT5G26600
OG0002780		AT1G78230, AT4G03260
OG0002781	ostta03g03610	AT4G16440
OG0002782	ostta04g04180	AT2G37160, AT3G53390
OG0002783		AT2G34730, AT5G14990
OG0002784	ostta10g00530	AT5G19760
OG0002785		AT4G00755
OG0002786		AT1G22790, AT1G34010, AT1G55475, AT2G33390, AT3G13480
OG0002787		AT1G48570, AT1G55040, AT1G70650
OG0002788	ostta13g01510	AT1G18080, AT1G48630, AT3G18130
OG0002789		AT1G20970, AT4G27500
OG0002790		AT3G23540, AT4G14290, AT4G17150
OG0002791		AT1G04530, AT1G80130, AT4G17940, AT5G20190
OG0002792	ostta17g01790	AT5G06130, AT5G61670
OG0002793		AT2G20570, AT4G18020, AT5G44190
OG0002794	ostta10g02700	AT3G06483
OG0002795	ostta02g01190	AT4G23100
OG0002796	ostta14g02300	AT1G16740
OG0002797	ostta04g04910	AT3G22320, AT5G57980
OG0002798		AT1G14560, AT4G26180
OG0002799		AT4G24340, AT4G24350, AT4G28940
OG0002800		AT2G20515
OG0002801	ostta01g06390	AT2G35040
OG0002802	ostta09g02440	AT2G15290
OG0002803	ostta14g01130, ostta14g01240	AT1G50500, AT1G50970
OG0002804	ostta01g01470	AT1G20350, AT2G37410, AT5G11690
OG0002805	ostta12g00880	AT1G13190, AT5G55670
OG0002806		AT1G61340, AT4G05010, AT4G21510, AT4G35930
OG0002807	ostta10g02270	AT4G26555
OG0002808	ostta10g01180	AT1G53850, AT3G14290
OG0002809	ostta06g03310	AT3G05710, AT4G02195, AT5G26980
OG0002810	ostta06g04070	AT3G11400, AT5G06000
OG0002811	ostta02g02060, ostta15g01980, ostta19g00130, ostta19g00330, ostta19g00630	
OG0002812		
OG0002813		
OG0002814	ostta14g03050	AT1G80600
OG0002815		AT1G74870, AT3G48070, AT5G62910
OG0002816		
OG0002817		
OG0002818		AT1G20050
OG0002819		AT5G17210
OG0002820		
OG0002821		AT3G22740, AT3G25900, AT3G63250
OG0002822	ostta01g03200, ostta05g01020	AT1G56500
OG0002823	ostta05g02050	AT1G55540
OG0002824	ostta07g04590	AT5G58020
OG0002825		
OG0002826	ostta05g00010, ostta05g00170	AT2G36540, AT2G36550, AT3G29760, AT4G26190
OG0002827	ostta01g06460	AT2G38740
OG0002828		AT1G27690, AT1G49840, AT1G79420, AT3G19540
OG0002829	ostta09g03840	AT3G21660, AT4G04210, AT4G15410, AT4G22150
OG0002830		AT1G04280, AT1G06750, AT2G30630
OG0002831		AT2G41540, AT3G07690
OG0002832		AT1G10720, AT2G10950, AT3G49800, AT5G65910
OG0002833		
OG0002834	ostta10g01230	AT3G51390
OG0002835	ostta07g01520	AT2G13540
OG0002836	ostta09g02150	AT2G27170
OG0002837		AT5G57340, AT5G67390
OG0002838		
OG0002839		AT4G25030, AT5G45410
OG0002840		AT5G18580
OG0002841	ostta15g00760	AT1G17070, AT2G42330
OG0002842		AT2G19910, AT2G19920, AT2G19930
OG0002843		AT4G22880, AT5G08640, AT5G43935, AT5G63580, AT5G63590, AT5G63595, AT5G63600
OG0002844		AT1G35250, AT1G35290, AT1G68260, AT1G68280
OG0002845	ostta08g03750	AT5G41950
OG0002846	ostta01g02910	AT1G21610, AT1G77310
OG0002847	ostta02g01590	AT1G07470, AT1G07480, AT5G59230
OG0002848	ostta08g02930	AT2G47420, AT5G66360
OG0002849	ostta03g03460	AT5G07340, AT5G61790
OG0002850		AT1G07380, AT2G38010, AT5G58980
OG0002851	ostta06g00150	AT1G04410, AT5G43330, AT5G56720
OG0002852	ostta05g02560	AT3G05940, AT5G26740
OG0002853		AT1G65790, AT1G65800, AT3G12000, AT4G11900, AT4G21380, AT4G27290, AT4G27300
OG0002854	ostta08g00710	AT5G67100
OG0002855		AT1G05690, AT3G48360, AT4G37610, AT5G63160, AT5G67480
OG0002856		AT3G07980, AT3G13530
OG0002857	ostta10g00630	AT1G08270, AT2G27600
OG0002858	ostta06g03850, ostta16g02420	AT3G52390
OG0002859	ostta08g02070, ostta16g01110	AT3G19900
OG0002860	ostta10g01030	AT3G58560, AT3G58580
OG0002861	ostta11g00985	AT4G25660, AT4G25680
OG0002862		AT3G53180
OG0002863	ostta02g03760	AT2G25500, AT5G42770, AT5G66550
OG0002864	ostta07g01890	AT1G36320, AT4G37920
OG0002865		
OG0002866	ostta11g00460	AT3G54280
OG0002867	ostta15g01560	AT2G34357, AT4G23540
OG0002868		AT2G16800, AT4G35080
OG0002869	ostta02g03090, ostta15g00560	AT3G11920, AT4G08550
OG0002870	ostta04g05240	AT1G54170, AT3G14010
OG0002871	ostta12g02040	AT5G55300, AT5G55310
OG0002872		AT2G35155, AT3G12950, AT5G45030
OG0002873		AT5G43260
OG0002874		AT2G45980, AT4G00355
OG0002875	ostta03g05610, ostta18g01970	AT1G67080
OG0002876		AT2G20760, AT2G40060, AT3G51890
OG0002877		AT4G15093
OG0002878	ostta16g02490	AT2G31660, AT3G59020
OG0002879	ostta03g03080	AT1G18180, AT1G73650
OG0002880		AT1G79740
OG0002881	ostta17g01060	AT2G01650
OG0002882	ostta10g02140	AT1G14850
OG0002883	ostta09g01230	AT1G73990
OG0002884	ostta16g02070	AT1G08190
OG0002885	ostta20g00260	AT3G56190, AT3G56450
OG0002886		
OG0002887	ostta03g03930	AT1G02280, AT5G05000
OG0002888		
OG0002889	ostta01g02770	
OG0002890		
OG0002891		
OG0002892		
OG0002893		
OG0002894		AT1G27720, AT5G43130
OG0002895	ostta13g03020	AT5G13430, AT5G13440
OG0002896		
OG0002897		
OG0002898	ostta05g00450	AT4G18900, AT4G18905, AT4G35370
OG0002899		AT3G10960, AT5G50300
OG0002900	ostta12g01500	AT3G02200, AT5G15610
OG0002901	ostta08g02440	AT1G36390, AT5G17710
OG0002902		AT5G25250, AT5G25260, AT5G64870
OG0002903	ostta07g03670	AT1G10730, AT1G60780
OG0002904	ostta06g01430	AT5G27380
OG0002905	ostta17g02300	AT2G20320, AT5G35560
OG0002906		AT1G76640, AT1G76650, AT3G01830, AT5G42380
OG0002907		AT2G22790, AT3G50340, AT5G67020
OG0002908	ostta11g02670	AT2G30390, AT5G26030
OG0002909	ostta12g03200	AT1G71270, AT1G71300
OG0002910	ostta01g04340	AT5G26710
OG0002911		AT1G48840, AT3G18350, AT5G23390
OG0002912		AT1G13080, AT1G13090, AT1G13100, AT1G13110, AT3G26150, AT3G26160, AT3G26170, AT3G26180, AT3G26190, AT3G26200, AT3G26210, AT3G26220, AT3G26230, AT3G26270, AT3G26280, AT3G26830, AT3G44250, AT3G53280, AT3G53290, AT3G53300, AT3G53305, AT5G35715
OG0002913		AT1G48360
OG0002914	ostta08g02990	AT2G16940, AT5G09880
OG0002915		AT1G13280, AT3G25760, AT3G25770, AT3G25780
OG0002916		AT3G01040, AT5G15470, AT5G54690
OG0002917		AT1G09430, AT1G10670, AT1G60810
OG0002918		AT2G36680, AT3G53120
OG0002919	ostta04g00610, ostta14g01680	AT2G01320
OG0002920		AT1G27090, AT3G24690
OG0002921	ostta02g04020	AT1G29150
OG0002922		AT2G27730, AT5G04750
OG0002923		AT2G14260
OG0002924	ostta03g00950	AT5G35460
OG0002925		AT2G43410, AT4G12640
OG0002926		AT1G18720, AT1G74440
OG0002927	ostta04g02950, ostta05g04000	AT3G16250, AT4G32590
OG0002928	ostta02g01160	AT1G77180
OG0002929	ostta03g00170	AT3G04680, AT5G39930
OG0002930	ostta01g00030	AT2G41451, AT3G08550, AT3G57200
OG0002931	ostta04g04500	AT4G00752, AT4G11740, AT4G23040
OG0002932		AT1G24140, AT1G59970, AT1G70170, AT2G45040, AT4G16640
OG0002933	ostta02g01030	AT4G30990
OG0002934		AT1G25320, AT1G66830, AT1G67510, AT2G01210, AT2G42290, AT3G57830
OG0002935	ostta01g04480, ostta03g03900, ostta03g05630	AT2G44990
OG0002936	ostta10g00760	AT4G11980
OG0002937	ostta11g02570	AT4G21534, AT4G21540
OG0002938	ostta09g03910	AT4G17510
OG0002939	ostta16g02160, ostta16g02180	AT4G05450, AT4G21090
OG0002940		AT5G64200
OG0002941	ostta01g04070	AT2G47410, AT5G49430
OG0002942		AT4G05060, AT4G21450, AT5G54110
OG0002943		AT1G67360, AT2G47780, AT3G05500
OG0002944		AT2G39020, AT2G39030
OG0002945	ostta03g04660	AT3G08505
OG0002946	ostta01g00750	AT1G05180, AT2G32410, AT3G25880
OG0002947	ostta10g00110	AT4G25910, AT5G49940
OG0002948		AT2G15260, AT2G47700, AT3G05545, AT4G13490
OG0002949	ostta09g00040	AT1G64520, AT5G42040
OG0002950	ostta10g01820	AT5G16620
OG0002951	ostta07g02390	AT3G04740
OG0002952	ostta01g05930	AT4G27760, AT5G53090, AT5G53100
OG0002953		AT1G11110, AT1G61150, AT4G09300
OG0002954		AT2G23140, AT3G54790, AT5G67340
OG0002955	ostta12g01600	AT5G38520
OG0002956		AT5G07280
OG0002957	ostta08g02010	AT5G27470
OG0002958	ostta06g02440	AT2G25660
OG0002959	ostta02g03790	AT1G16810
OG0002960	ostta02g01670	AT2G38695
OG0002961	ostta01g01690, ostta03g03500	AT5G13410
OG0002962	ostta02g04950	AT1G32130, AT4G19000
OG0002963	ostta09g01680	AT3G03330, AT3G03350
OG0002964	ostta14g01740	AT2G16950, AT2G16960
OG0002965	ostta01g04950	AT1G53750, AT1G53780
OG0002966		AT1G12450, AT2G02370, AT4G12000, AT4G22850
OG0002967		AT1G28280, AT1G80450, AT2G33780, AT3G15300, AT5G08480, AT5G53830
OG0002968	ostta03g05320	AT4G20330, AT4G21010
OG0002969	ostta05g04290	AT3G54460
OG0002970	ostta01g05260	AT1G18500, AT1G74040, AT5G23010, AT5G23020
OG0002971	ostta02g03660	AT5G08335, AT5G23320
OG0002972	ostta01g05460	AT1G03280, AT4G20340, AT4G20810
OG0002973	ostta02g00600	AT3G49000
OG0002974	ostta14g01840	AT3G11710
OG0002975	ostta08g02200, ostta08g04000	AT2G47840, AT5G55710
OG0002976		
OG0002977	ostta01g02847, ostta07g00430, ostta14g00630	
OG0002978	ostta03g00120, ostta03g03590	
OG0002979	ostta03g05205, ostta07g00810, ostta08g04290, ostta15g02207	
OG0002980		
OG0002981		
OG0002982	ostta10g00870	
OG0002983		
OG0002984		
OG0002985		
OG0002986		
OG0002987		AT2G07741, ATMG00410, ATMG01170
OG0002988	ostta04g02710	AT3G06730
OG0002989	ostta03g04210	AT3G55360
OG0002990	ostta01g01030	AT1G70820, AT5G17522, AT5G17530
OG0002991	ostta11g00060	AT1G47271, AT5G10860
OG0002992	ostta07g02810	AT4G27070, AT5G28237, AT5G54810
OG0002993		AT3G15430, AT3G26100
OG0002994	ostta08g03840	AT4G25550, AT4G29820
OG0002995		AT3G09950, AT3G55570, AT5G41761, AT5G55620
OG0002996		AT1G48720
OG0002997		AT1G53870, AT1G53875, AT1G53890, AT1G63410, AT3G14260
OG0002998	ostta05g01760	AT2G44350, AT3G60100
OG0002999		
OG0003000	ostta20g00650	AT1G12340, AT1G12390, AT1G62880, AT3G12180, AT4G12090
OG0003001	ostta08g00150	AT4G04770, AT5G44316
OG0003002	ostta13g01720	AT5G65290
OG0003003		AT3G06210, AT4G14280, AT5G18980
OG0003004		AT1G55910, AT5G59520
OG0003005	ostta03g01980	AT4G17600, AT5G47110
OG0003006	ostta14g00300	AT2G05720, AT2G41500
OG0003007		AT1G48130
OG0003008	ostta18g01250	AT1G30510, AT4G05390
OG0003009	ostta04g00810	AT3G28760
OG0003010	ostta10g02310	AT5G25150
OG0003011		ATMG00520
OG0003012	ostta13g01870	AT1G17160
OG0003013	ostta02g05270	AT1G54520
OG0003014	ostta07g02570	AT5G07660, AT5G61460
OG0003015	ostta05g00240	AT3G07090
OG0003016	ostta11g00750	AT2G31270, AT3G54710
OG0003017	ostta09g03160	AT5G17520, AT5G17523
OG0003018	ostta02g01660	AT1G06960, AT2G30260, AT2G47580
OG0003019		AT2G02380, AT2G02390
OG0003020		AT5G23570
OG0003021	ostta11g01840	AT1G08260, AT2G27120
OG0003022		AT2G40410, AT3G56170
OG0003023	ostta01g04840	AT1G79880, AT4G32720
OG0003024	ostta15g02300	AT3G19770, AT5G09320
OG0003025	ostta11g00010	AT1G08030
OG0003026		AT1G05290, AT3G07650, AT3G21880, AT4G15250, AT5G48250
OG0003027	ostta08g02110	AT1G28760, AT3G49840, AT5G67610
OG0003028		AT3G47890, AT3G47910
OG0003029		AT3G16150, AT5G08100
OG0003030		AT4G27585, AT5G54100
OG0003031		AT2G26330, AT5G07180, AT5G62230
OG0003032	ostta11g03280, ostta14g01080	AT3G46100, AT5G03406
OG0003033	ostta18g01300	AT3G15380
OG0003034	ostta11g00760	AT3G22590
OG0003035	ostta13g01670	AT5G23630
OG0003036		AT5G19900
OG0003037	ostta04g03150	AT3G01890, AT5G14170
OG0003038	ostta07g02500	AT5G24690
OG0003039		AT2G35680, AT5G56610
OG0003040	ostta17g01490	AT2G28390
OG0003041	ostta05g04870, ostta10g02830	AT1G05460
OG0003042	ostta09g04350	AT1G32750, AT3G19040
OG0003043	ostta09g00490	AT1G04940, AT4G03320
OG0003044	ostta05g02422	AT1G65650, AT5G16310
OG0003045	ostta18g00450	AT3G02370, AT3G57360
OG0003046	ostta10g02460	AT1G24807, AT1G24909, AT1G25083, AT1G25155, AT1G25220, AT5G57890
OG0003047	ostta08g00410	AT4G20980, AT5G44320
OG0003048	ostta07g00410	AT3G17611
OG0003049	ostta02g01430	AT1G30545, AT1G30550
OG0003050	ostta04g02240, ostta07g02360	AT5G07920, AT5G63770
OG0003051	ostta06g01960	AT3G11450, AT5G06110
OG0003052	ostta01g05190	AT1G03140, AT1G54590
OG0003053	ostta12g02600	AT2G18840, AT4G30260
OG0003054	ostta08g01770	AT1G07080, AT4G12870, AT4G12890, AT4G12900, AT4G12960, AT5G01580
OG0003055		AT1G02790, AT3G07820, AT3G07830, AT3G07840, AT3G07850, AT3G14040, AT5G48140
OG0003056	ostta10g02290	AT2G19680, AT4G26210, AT4G29480
OG0003057	ostta11g01160	AT1G15110
OG0003058		AT3G21570, AT4G02715
OG0003059	ostta05g02510	AT1G16890, AT1G78870
OG0003060	ostta01g04970	AT4G39160
OG0003061		AT1G67420
OG0003062	ostta16g02500	AT2G18100, AT4G36210
OG0003063	ostta05g02740	AT4G11640
OG0003064		AT5G03370
OG0003065	ostta07g04330	AT4G11420
OG0003066	ostta01g02830	AT3G46220
OG0003067	ostta13g01650	AT1G30455, AT2G01280, AT2G45100, AT3G09360
OG0003068	ostta03g01520	AT5G19750
OG0003069	ostta10g01290	AT1G08700, AT2G29900
OG0003070	ostta12g01995	AT2G41880, AT3G57550
OG0003071	ostta08g00730	AT2G22730, AT5G64500, AT5G65687
OG0003072	ostta14g02890	AT3G02780, AT5G16440
OG0003073	ostta03g05500	AT3G55800
OG0003074	ostta12g02580	AT2G39290, AT3G55030
OG0003075	ostta12g01530	AT3G10050
OG0003076	ostta18g01230	AT1G61520
OG0003077		
OG0003078		
OG0003079		
OG0003080		
OG0003081		
OG0003082		
OG0003083		AT1G21170, AT1G76850
OG0003084		AT1G15540, AT1G28030, AT1G52790, AT1G52800, AT1G52810, AT1G52820, AT1G80320, AT4G03050, AT4G03070
OG0003085	ostta11g02960	AT3G13440
OG0003086		AT1G09640, AT1G57720
OG0003087	ostta04g02910	AT3G30775, AT5G38710
OG0003088	ostta02g04320	AT5G58060, AT5G58180
OG0003089	ostta06g04060	AT1G09100, AT3G05530
OG0003090		AT5G48485, AT5G48490, AT5G55410, AT5G55450, AT5G55460
OG0003091		AT2G17705, AT4G08330
OG0003092	ostta08g02290	AT5G26680
OG0003093	ostta03g02360	AT2G02560
OG0003094	ostta09g03680	AT5G13030
OG0003095	ostta04g01500	AT1G72810, AT4G29840
OG0003096		AT2G34690, AT4G39670
OG0003097	ostta16g02075	AT1G01920
OG0003098	ostta05g04330	AT4G24040
OG0003099	ostta06g04520, ostta08g02730	AT3G14110
OG0003100	ostta07g01840, ostta07g02240	AT1G64790
OG0003101	ostta10g01705	AT2G28020, AT2G28230, AT4G09070
OG0003102		AT1G03365, AT1G32530, AT2G35330, AT4G03000
OG0003103	ostta05g02140	AT1G25290
OG0003104		AT1G06660, AT2G30820
OG0003105	ostta12g02065	AT4G10670, AT4G10710
OG0003106	ostta05g02320	AT1G34350
OG0003107	ostta18g01770	AT3G11800, AT3G44150, AT3G48630
OG0003108		AT3G21215
OG0003109	ostta04g01260	AT1G74340
OG0003110	ostta16g00180	AT3G02280, AT3G24710
OG0003111	ostta04g03100	AT1G79280
OG0003112		AT3G15550
OG0003113	ostta01g04390	AT1G51450
OG0003114	ostta06g03820	AT1G74260
OG0003115	ostta01g01510	AT2G45790
OG0003116	ostta01g01270	AT2G31970
OG0003117	ostta16g00640	AT2G27490
OG0003118		AT3G03570, AT4G40050
OG0003119	ostta01g01710	AT2G32640
OG0003120		AT1G14390, AT2G02780, AT3G03770, AT5G14210, AT5G63410
OG0003121		AT1G61720
OG0003122	ostta02g00270	AT1G24706
OG0003123	ostta01g05570, ostta10g02520, ostta10g02530	AT3G01160
OG0003124		AT2G18876, AT5G57410
OG0003125		AT2G25770
OG0003126	ostta04g03870	AT1G06470
OG0003127	ostta02g03550	AT3G21070
OG0003128	ostta03g01370, ostta17g00300	AT3G45770
OG0003129	ostta09g02110	AT4G04950, AT4G32580
OG0003130	ostta06g04010	AT1G04170, AT2G18720, AT4G18330
OG0003131	ostta16g02080	AT3G48560
OG0003132	ostta15g01420	AT5G18700
OG0003133	ostta11g00680	AT3G44160, AT3G48620, AT5G19620
OG0003134	ostta02g00093	AT4G24440
OG0003135	ostta01g05680	AT1G13350, AT3G25840, AT3G53640
OG0003136		AT3G49880, AT5G67540
OG0003137	ostta07g02820	AT3G53110
OG0003138	ostta10g01950	AT1G28180, AT2G33730
OG0003139	ostta07g04140	AT1G12840
OG0003140	ostta11g02900	AT1G75210
OG0003141	ostta01g03220	AT1G68310, AT3G09380, AT3G50845
OG0003142	ostta01g06450	AT3G07400
OG0003143		AT1G55200, AT3G13690, AT5G56790
OG0003144	ostta03g00730	AT3G50520, AT5G04120
OG0003145	ostta06g00490	AT2G46280, AT2G46290, AT5G57650
OG0003146	ostta12g01820	AT5G16300
OG0003147	ostta03g03130	AT3G20050
OG0003148	ostta09g02330	AT2G26695, AT3G15680, AT5G25490
OG0003149	ostta06g02660	AT1G62920, AT1G67250, AT5G38650
OG0003150		AT3G02420
OG0003151	ostta02g02420	AT4G34450
OG0003152		AT3G24570
OG0003153	ostta09g03230	AT2G03120
OG0003154	ostta13g00400	AT1G63210, AT1G65440
OG0003155	ostta06g01890	AT3G61080
OG0003156	ostta01g02650	AT2G35690, AT4G16760
OG0003157		AT1G78650
OG0003158		AT1G24480, AT1G58120, AT3G53400, AT4G24805, AT4G26730, AT5G01710, AT5G03190
OG0003159		AT5G12950, AT5G12960
OG0003160	ostta03g02400	AT1G61000
OG0003161		AT1G28260, AT5G19400
OG0003162		AT1G23110, AT1G70900
OG0003163	ostta15g00950	AT3G05090
OG0003164	ostta07g03880	AT2G05990
OG0003165	ostta04g01600	AT1G48605, AT3G18030
OG0003166	ostta04g01480	AT3G06580
OG0003167	ostta06g00560	AT3G49601
OG0003168		AT1G10290, AT1G59610
OG0003169	ostta01g01590	AT1G75330
OG0003170	ostta02g00980	AT1G16610, AT1G79100
OG0003171	ostta01g03480, ostta07g00210	AT1G63980
OG0003172	ostta10g03135	AT2G27020
OG0003173		AT2G24390, AT3G28930, AT3G28940, AT3G28950, AT4G31310, AT5G39720, AT5G39730
OG0003174		AT1G03380, AT1G54710, AT5G54730
OG0003175	ostta14g02840	AT1G15060, AT1G73750
OG0003176		AT1G65220, AT5G36230
OG0003177		AT1G16540
OG0003178	ostta01g00790, ostta05g02030, ostta10g02120, ostta12g02740, ostta13g01550	
OG0003179		AT4G02030
OG0003180		AT1G05150, AT2G32450
OG0003181		
OG0003182		
OG0003183		
OG0003184		
OG0003185		
OG0003186		
OG0003187		
OG0003188	ostta01g03810, ostta04g03930	AT2G40690
OG0003189	ostta15g00790	AT1G44910, AT3G19670
OG0003190		AT1G30450
OG0003191	ostta02g03980	AT3G53580
OG0003192	ostta16g01890	AT3G42850, AT4G16130
OG0003193		AT1G15340, AT3G15790
OG0003194		
OG0003195		AT1G40390
OG0003196		
OG0003197	ostta04g03270	AT5G62790
OG0003198		AT2G44020, AT4G02990
OG0003199	ostta05g01590	AT2G02090
OG0003200		AT2G15020, AT2G40390, AT5G64190
OG0003201	ostta11g00900	AT5G21990
OG0003202	ostta08g01690	AT2G18220, AT3G55510
OG0003203	ostta10g03390	AT3G09820, AT5G03300
OG0003204	ostta11g02520	AT1G20405, AT1G20680, AT1G20730, AT1G20740, AT4G38260
OG0003205		AT5G14780
OG0003206	ostta03g03290	AT2G36300, AT3G52760
OG0003207	ostta09g01330	AT5G15680
OG0003208		AT2G20590, AT4G28430, AT5G58000
OG0003209		AT4G34030
OG0003210		AT1G31670, AT1G31690, AT1G31710, AT1G62810, AT2G35612, AT3G43670, AT4G12270, AT4G12280, AT4G12290, AT4G14940
OG0003211	ostta16g01650	AT5G37590
OG0003212		AT3G23640
OG0003213	ostta06g01630	AT1G05140, AT2G32480
OG0003214	ostta13g02460	AT3G57290
OG0003215	ostta04g04760	AT5G22330
OG0003216	ostta09g01520	AT3G10350, AT5G60730
OG0003217	ostta15g01450	AT3G43240
OG0003218		AT3G10210, AT4G35750
OG0003219	ostta15g02330	AT1G42615, AT2G02955
OG0003220		AT2G28780, AT3G09450
OG0003221		AT4G16180
OG0003222	ostta08g01200	AT2G02880, AT5G62270
OG0003223		AT1G36580, AT2G07640, AT3G12800
OG0003224		AT2G45330, AT5G23600
OG0003225		AT3G22200
OG0003226		AT3G28875, AT3G28880
OG0003227	ostta02g00880	AT2G15400, AT2G15430
OG0003228	ostta09g03120	AT2G26000, AT2G42160
OG0003229		AT4G33690
OG0003230	ostta09g03980	AT2G41770, AT3G57420
OG0003231	ostta09g02980	AT5G10540, AT5G65620
OG0003232	ostta05g01310	AT1G67370, AT4G32200
OG0003233	ostta11g02660	AT5G25640
OG0003234	ostta14g00980, ostta15g02880	AT1G05900, AT2G31450
OG0003235	ostta02g00640	AT3G57150
OG0003236	ostta04g02590	AT1G18450, AT1G73910
OG0003237		AT5G36210
OG0003238		AT2G24330, AT4G31080
OG0003239	ostta04g02610	AT4G31480, AT4G31490
OG0003240	ostta01g06330	AT5G15920
OG0003241	ostta11g02560	AT4G26870, AT4G31180
OG0003242	ostta06g01500	AT2G45540, AT3G60920
OG0003243		AT1G73940, AT5G49410
OG0003244	ostta03g01950	AT1G29760, AT2G34380, AT5G16460
OG0003245	ostta07g02640	AT5G62440
OG0003246	ostta08g00620	AT1G15120, AT2G01090
OG0003247	ostta10g01270	AT1G54250, AT3G59600
OG0003248	ostta03g04700	AT3G63320, AT3G63340
OG0003249		AT3G12300
OG0003250	ostta04g02790	AT3G19190
OG0003251		AT3G21630
OG0003252	ostta08g02770, ostta09g02275, ostta15g01370, ostta17g00390	AT1G56345
OG0003253	ostta01g03540	AT3G49560, AT5G24650
OG0003254	ostta17g01280	AT1G12230
OG0003255	ostta04g04780	AT1G09330
OG0003256	ostta08g01395	AT3G43980, AT3G44010, AT4G33865
OG0003257		AT2G17130, AT4G35260, AT4G35650
OG0003258		AT2G41705
OG0003259	ostta01g02720	AT1G03350, AT4G13110
OG0003260	ostta02g01890	AT4G26550, AT5G56020
OG0003261		AT4G14746
OG0003262		AT1G64850
OG0003263		AT5G23450
OG0003264	ostta15g02370	AT3G04490, AT3G05035, AT4G38092
OG0003265		AT3G23710, AT4G33350
OG0003266	ostta02g04360, ostta09g03765	AT4G15530
OG0003267	ostta02g05480	AT3G12370, AT5G13510
OG0003268	ostta07g04150	AT5G61970
OG0003269		AT3G10630
OG0003270	ostta03g00370	AT1G27330, AT1G27350
OG0003271	ostta10g00410	AT5G47680
OG0003272	ostta01g01750, ostta10g01740, ostta12g02890	AT4G38890
OG0003273	ostta01g06100	AT1G32080
OG0003274		AT1G31130, AT4G19950, AT5G44860
OG0003275	ostta05g04500	AT3G09740, AT3G45280, AT3G61450
OG0003276	ostta06g01770	AT1G66080
OG0003277		AT4G33210
OG0003278	ostta16g00560	AT2G44040, AT3G59890
OG0003279	ostta04g02740	AT1G32060
OG0003280		AT1G54870, AT3G05260
OG0003281	ostta14g00080	AT2G18450, AT5G66760
OG0003282		AT2G03150
OG0003283		AT1G50260, AT3G19830
OG0003284		AT1G52920, AT2G20770, AT5G65280
OG0003285		
OG0003286		
OG0003287	ostta08g03800, ostta17g01690	AT5G04440
OG0003288		
OG0003289		
OG0003290		
OG0003291		
OG0003292		
OG0003293		
OG0003294		
OG0003295		
OG0003296		AT2G38185, AT2G38195, AT2G38220, AT4G24204, AT5G01450
OG0003297	ostta10g01720	AT1G65040, AT3G16090
OG0003298	ostta10g00330	AT1G01170, AT4G00860
OG0003299		
OG0003300	ostta11g00540	AT2G31810, AT5G16290
OG0003301		AT4G37550, AT4G37560
OG0003302		AT1G14570, AT1G59550, AT3G23605, AT4G14245, AT4G14250
OG0003303	ostta04g02100	AT5G63950
OG0003304	ostta03g03750	AT1G06570
OG0003305	ostta14g00350	AT3G18430
OG0003306		
OG0003307		AT2G20700, AT4G26466, AT4G28280, AT5G56170
OG0003308	ostta09g04380	AT3G20650
OG0003309		
OG0003310		AT1G19840, AT1G75590, AT4G34750, AT5G10990
OG0003311		
OG0003312	ostta06g03500	AT2G23090
OG0003313		AT5G12470
OG0003314	ostta01g01460	AT1G25350, AT5G19720
OG0003315	ostta08g02940	AT3G01330, AT3G48160, AT5G14960
OG0003316	ostta15g02680	AT3G56940
OG0003317	ostta02g00810	AT1G16350, AT1G79470
OG0003318	ostta10g01690	AT3G16170
OG0003319		AT1G06980, AT1G29195, AT2G30230
OG0003320		AT1G80350
OG0003321	ostta05g01810	AT3G02770, AT5G16450, AT5G56260
OG0003322		AT5G53850
OG0003323		
OG0003324		AT3G03380
OG0003325	ostta20g00320	AT1G68000, AT4G38570
OG0003326	ostta08g00570	AT2G19750, AT4G29390, AT5G56670
OG0003327	ostta05g02760	AT3G50670
OG0003328	ostta10g00810	AT1G15470, AT1G52730, AT3G15610
OG0003329	ostta02g00930	AT3G11240, AT5G05700
OG0003330	ostta03g00710	AT2G26780
OG0003331		AT3G51610
OG0003332	ostta06g01510, ostta07g04250	AT1G54040, AT2G33070, AT3G07720, AT3G16390, AT3G16400, AT3G16410, AT5G48180
OG0003333	ostta10g01370, ostta18g01320	AT2G47510, AT5G50950
OG0003334		AT4G12240, AT5G52010
OG0003335	ostta16g01500	AT5G09350, AT5G64070
OG0003336		AT5G27970
OG0003337	ostta13g02280	AT4G09140
OG0003338	ostta04g00770	AT4G02400, AT5G08600, AT5G36980
OG0003339	ostta04g04870	AT3G27830, AT3G27840, AT3G27850
OG0003340	ostta04g02080	AT4G34640, AT4G34650
OG0003341		AT1G77290
OG0003342	ostta06g04480	AT5G20040
OG0003343		AT1G27100, AT1G59710, AT1G69890, AT1G69900, AT3G01311, AT3G28630
OG0003344		AT5G23110
OG0003345	ostta10g00310	AT5G52800
OG0003346		AT1G45545, AT2G26570, AT4G33390, AT5G42880
OG0003347		AT2G04620, AT5G38380
OG0003348		AT2G37370, AT5G13560
OG0003349	ostta09g02010	AT1G48420
OG0003350	ostta01g00250	AT5G07370, AT5G61760
OG0003351	ostta03g04970, ostta09g03580	AT3G02320, AT5G15810
OG0003352	ostta05g02550	AT2G44175, AT5G57020
OG0003353	ostta06g00520	AT3G57610
OG0003354		AT2G01580, AT3G07510, AT3G46890, AT5G05950
OG0003355		AT4G17610
OG0003356		AT2G26800
OG0003357		AT4G14570
OG0003358	ostta16g00210	AT2G32590
OG0003359	ostta07g03890	
OG0003360	ostta14g02470	AT3G57560
OG0003361	ostta01g03060	AT2G32520
OG0003362	ostta09g00180, ostta11g00400	AT3G07930
OG0003363	ostta03g00140	AT3G09300, AT5G02100, AT5G59420
OG0003364	ostta01g06610	AT4G03280
OG0003365	ostta14g00860	AT1G65660, AT3G45950, AT4G37120
OG0003366	ostta14g00290	AT2G24990, AT5G37350
OG0003367	ostta10g03360, ostta16g00780	AT4G05420, AT4G21100
OG0003368	ostta02g02500, ostta16g00670	AT5G67030
OG0003369	ostta06g00670	AT2G19540
OG0003370	ostta01g03680, ostta15g01240	AT5G60590
OG0003371		AT4G39680
OG0003372	ostta16g01550	AT1G50170
OG0003373	ostta08g00800	AT3G06530
OG0003374		AT1G73710, AT3G23020
OG0003375	ostta12g01550	AT1G69210, AT1G77122
OG0003376	ostta04g04560	AT5G08450
OG0003377	ostta02g00950, ostta11g01930	AT1G48520
OG0003378	ostta10g01640, ostta16g01790	AT3G51870, AT5G01500
OG0003379		AT2G45380, AT4G22740
OG0003380		AT5G07320, AT5G51050, AT5G61810
OG0003381		AT5G38900
OG0003382	ostta03g02820	AT4G13430
OG0003383		AT1G49340, AT1G51040
OG0003384	ostta04g04830	AT3G16950, AT4G16155
OG0003385	ostta10g00020	AT5G62600
OG0003386	ostta02g01390	AT2G40290, AT5G05470
OG0003387	ostta10g00370	AT4G33110, AT4G33120
OG0003388	ostta06g00190	AT1G16470, AT1G79210
OG0003389	ostta13g01700	AT3G55010
OG0003390	ostta06g04320	AT1G04850, AT5G48690
OG0003391	ostta02g01170	AT4G17020
OG0003392	ostta03g01560	AT5G58240
OG0003393	ostta07g04410	AT1G06950
OG0003394	ostta04g00060	AT2G44140, AT3G59950
OG0003395	ostta02g02360	AT3G27430, AT5G40580
OG0003396	ostta06g04340, ostta11g01290	AT4G15180
OG0003397		AT1G32410, AT3G11530
OG0003398		AT1G61215, AT2G42150, AT2G44430, AT3G57980, AT3G60110
OG0003399		AT1G07620, AT5G02390
OG0003400	ostta06g02430	AT1G71820
OG0003401	ostta06g01000	AT1G64750, AT5G45010
OG0003402	ostta14g00100	AT3G49830, AT5G67630
OG0003403	ostta03g01150	AT5G19990, AT5G20000
OG0003404	ostta11g01380	AT1G11060, AT1G61030
OG0003405		
OG0003406		
OG0003407	ostta02g04920	AT2G47380, AT3G62400, AT5G40382, AT5G61310
OG0003408		AT1G11925, AT1G50720, AT1G53130, AT4G26880, AT5G55110
OG0003409	ostta08g03740	
OG0003410	ostta09g02960, ostta10g02230, ostta16g02340	AT4G38640
OG0003411	ostta08g03700	AT1G50950, AT3G20560, AT4G27080
OG0003412	ostta11g02500	AT2G43460, AT3G59540
OG0003413		
OG0003414		
OG0003415		
OG0003416		
OG0003417		
OG0003418		
OG0003419		
OG0003420		
OG0003421		
OG0003422		
OG0003423		
OG0003424	ostta01g02390	AT1G44318, AT1G69740
OG0003425	ostta10g00090	AT1G69070
OG0003426		
OG0003427		AT1G26945, AT1G74500, AT3G28857, AT3G47710, AT5G15160, AT5G39860
OG0003428	ostta04g01670	AT5G37370
OG0003429	ostta06g02400	AT3G23325, AT4G14342
OG0003430		AT3G03250, AT5G17310
OG0003431	ostta08g03440	AT3G12990, AT3G60500
OG0003432		AT1G78780
OG0003433		AT5G48520
OG0003434	ostta02g01330	AT3G03920, AT5G18180
OG0003435		AT3G29385, AT5G07940, AT5G07970, AT5G07980
OG0003436	ostta10g02810	AT2G25910
OG0003437	ostta17g00350	AT1G14410, AT1G71260, AT2G02740
OG0003438	ostta05g03090, ostta08g02260, ostta14g01620, ostta17g00620	AT3G56570
OG0003439		ATCG00770
OG0003440	ostta11g00790	AT2G18770, AT5G05670
OG0003441		AT3G60415, AT3G60420, AT3G60440, AT3G60450, AT4G07455
OG0003442	ostta04g00630	AT4G27690, AT5G53530
OG0003443		AT1G22520, AT1G72170
OG0003444	ostta03g05620, ostta05g02360, ostta13g01680	AT1G12370
OG0003445	ostta10g00650	AT5G44750
OG0003446	ostta07g02610	AT1G09815
OG0003447	ostta11g02820	AT1G48030, AT3G17240
OG0003448	ostta03g01990	AT1G56310
OG0003449		AT3G23490
OG0003450	ostta02g04030	AT1G10300, AT1G50920
OG0003451	ostta06g00890	AT2G17900
OG0003452	ostta08g00870	AT3G61480, AT5G28350, AT5G28442
OG0003453		AT2G07695, ATMG01280
OG0003454		AT1G18900, AT1G74750
OG0003455		
OG0003456	ostta15g01610	AT2G37990
OG0003457	ostta06g03810	AT5G61500
OG0003458	ostta02g00370	AT4G30600
OG0003459		
OG0003460	ostta14g00360	AT1G62180, AT4G04610, AT4G21990
OG0003461	ostta05g04790	AT5G51010
OG0003462		AT2G34520, ATCG00330
OG0003463	ostta04g02980, ostta16g00540	AT1G14270
OG0003464	ostta04g05320, ostta11g02470	AT2G47600
OG0003465	ostta13g01230	AT3G49180
OG0003466	ostta05g01660	AT1G37140, AT1G67770, AT3G26120
OG0003467		AT3G21480, AT4G03130
OG0003468	ostta03g02630, ostta18g00830	AT2G41460
OG0003469		
OG0003470	ostta06g01790	AT3G04600
OG0003471		AT5G35930
OG0003472	ostta02g02110	AT3G09350, AT3G53800, AT5G02150
OG0003473	ostta10g02050	AT1G71696
OG0003474	ostta13g00800	AT2G23930, AT3G11500
OG0003475	ostta03g01940	AT1G33520, AT4G25020
OG0003476		
OG0003477		AT2G07360
OG0003478	ostta16g00620	AT1G02740, AT4G37280
OG0003479	ostta02g01550	AT1G55460, AT5G51795
OG0003480	ostta16g00700	AT1G17690
OG0003481		AT1G26300, AT1G69030, AT3G24820
OG0003482	ostta03g03160	AT1G03475, AT4G03205
OG0003483	ostta05g00340	AT4G33670
OG0003484	ostta11g00160	AT3G16810
OG0003485		AT3G28020, AT3G48770
OG0003486	ostta14g02870	AT1G11890
OG0003487		AT2G13360
OG0003488	ostta14g02200	AT4G23660
OG0003489	ostta11g02740	AT3G58730
OG0003490	ostta08g01540	AT5G54290
OG0003491	ostta02g02720	AT1G15140
OG0003492		AT5G55540
OG0003493	ostta02g02710	AT2G18950
OG0003494	ostta06g03570	
OG0003495		AT1G76400, AT2G01720
OG0003496	ostta04g01420	AT5G07630
OG0003497		AT4G33370, AT5G51280
OG0003498	ostta10g01430	AT3G07560
OG0003499	ostta03g02180	AT4G24840
OG0003500	ostta09g01560	AT5G08550, AT5G09210
OG0003501	ostta10g00140	AT1G79190
OG0003502	ostta06g00920	AT1G61620
OG0003503		AT1G13690
OG0003504	ostta02g01530	AT1G31240, AT3G02160, AT4G34340, AT5G15570
OG0003505		AT3G23790, AT4G14070
OG0003506	ostta07g00840	AT1G11800
OG0003507	ostta06g01410	AT3G20320
OG0003508		AT4G29680, AT4G29690, AT4G29700, AT4G29710
OG0003509		AT5G55810
OG0003510	ostta18g00950	AT2G42700
OG0003511	ostta07g00140	AT1G20816, AT1G76405
OG0003512	ostta17g01150	AT5G60620
OG0003513	ostta06g01310	AT5G48600
OG0003514		AT5G03430
OG0003515	ostta13g03070	AT1G13810, AT1G67660
OG0003516	ostta02g04800	AT3G54890
OG0003517	ostta04g03370	AT3G12170, AT5G06910
OG0003518	ostta11g00080	AT4G26900
OG0003519	ostta06g00320	AT5G20140
OG0003520	ostta03g03890, ostta18g01660	AT5G06550
OG0003521	ostta11g02330	AT4G00450
OG0003522	ostta09g04280	AT1G10520
OG0003523	ostta15g00420	AT1G13060, AT3G26340
OG0003524		AT2G22720, AT4G37860
OG0003525	ostta13g00360	AT1G49630, AT3G19170
OG0003526	ostta18g01650	AT3G50590
OG0003527		AT2G19450
OG0003528	ostta07g02510	AT3G47390
OG0003529		ATMG00080
OG0003530	ostta15g02450	AT3G54540
OG0003531	ostta07g03910	AT3G44530
OG0003532	ostta01g05920	AT2G16370, AT2G21550, AT4G34570
OG0003533	ostta18g01910	AT1G51560, AT3G21140
OG0003534	ostta04g00950	AT1G08530, AT5G09995
OG0003535	ostta02g02470	AT3G66652, AT5G58040
OG0003536	ostta06g01720	AT1G07360, AT2G29580, AT5G04210, AT5G07060
OG0003537	ostta01g04850	AT1G79730
OG0003538	ostta02g02510	AT1G74470
OG0003539	ostta04g01550	AT5G05970
OG0003540	ostta16g02290	AT2G15270
OG0003541	ostta04g02180	AT3G07590, AT4G02840
OG0003542	ostta03g00490	AT1G20580, AT1G76300
OG0003543	ostta08g01270	AT2G34970, AT3G02270, AT4G18300
OG0003544	ostta16g02310	AT2G40100, AT3G08940, AT5G01530
OG0003545	ostta07g03330	AT1G75850, AT2G17790, AT3G51310
OG0003546		AT1G19920, AT3G22890, AT4G14680, AT5G43780
OG0003547	ostta01g05670	AT1G71800
OG0003548	ostta11g00130	AT1G72560
OG0003549	ostta06g01020	AT3G18190
OG0003550	ostta13g00490	AT3G08930, AT5G01460
OG0003551	ostta18g00245	AT2G14110
OG0003552	ostta06g01520, ostta14g01280	AT1G02300, AT1G02305, AT4G01610
OG0003553	ostta18g01010	AT3G14390, AT5G11880
OG0003554	ostta01g05690, ostta02g02380	AT4G18480, AT5G45930
OG0003555		AT3G54500, AT5G64170
OG0003556		AT3G04240
OG0003557	ostta13g02620	AT5G50310
OG0003558	ostta18g01310	AT2G41700
OG0003559	ostta12g02250	AT3G28030
OG0003560	ostta06g04350	AT5G19460, AT5G19470
OG0003561	ostta07g02450, ostta12g01390	AT1G44446
OG0003562	ostta02g01520	AT3G61650, AT5G05620
OG0003563		
OG0003564		
OG0003565		
OG0003566		
OG0003567		
OG0003568		
OG0003569		
OG0003570		
OG0003571		
OG0003572		
OG0003573		
OG0003574		
OG0003575		
OG0003576		
OG0003577		
OG0003578	ostta07g00270	AT4G31160
OG0003579	ostta01g04680	AT1G56440
OG0003580	ostta16g01990	AT1G18260, AT1G73570
OG0003581		AT1G70630
OG0003582	ostta03g01210	AT2G43910, AT2G43920, AT2G43940
OG0003583		
OG0003584		
OG0003585		AT4G11720
OG0003586	ostta09g01370	AT3G22480
OG0003587	ostta06g03840	AT5G23060
OG0003588		
OG0003589	ostta01g00990	AT3G02950, AT5G16790
OG0003590	ostta10g00040	AT1G56290
OG0003591	ostta03g01810	AT1G04070, AT5G43970
OG0003592	ostta09g03570	AT5G63420
OG0003593	ostta07g02520	AT3G48150
OG0003594		
OG0003595		AT3G51770, AT4G02680, AT5G58550
OG0003596		AT1G67190
OG0003597		AT4G37000
OG0003598		AT1G70160, AT4G27020, AT5G54870
OG0003599		
OG0003600	ostta04g01190	AT2G26460
OG0003601	ostta10g02100	AT3G18524
OG0003602	ostta08g01640	AT5G65950
OG0003603	ostta14g02750	AT4G03430
OG0003604	ostta13g02350	AT3G05230, AT5G27430
OG0003605	ostta17g01400	AT1G17050, AT1G36623, AT1G78510
OG0003606	ostta09g01550	AT2G44970
OG0003607	ostta01g05005	AT3G51260, AT5G66140
OG0003608		
OG0003609		AT2G27480, AT3G10300, AT5G04170
OG0003610	ostta12g01660	AT5G42970
OG0003611	ostta07g00790	AT4G11260, AT4G23570
OG0003612	ostta14g02935	AT2G32600
OG0003613	ostta04g02050	AT4G25540
OG0003614	ostta08g03550	AT5G50810
OG0003615		AT1G55300
OG0003616		ATCG00130
OG0003617	ostta04g04920	AT3G48470
OG0003618		AT1G65295, AT5G01015
OG0003619	ostta15g01460	AT5G07350, AT5G61780
OG0003620		AT1G44542, AT4G34180, AT4G35220
OG0003621		AT4G12570
OG0003622		AT1G44120, AT1G77460, AT2G22125
OG0003623	ostta13g00970	AT3G07300
OG0003624		AT3G09810, AT5G03290
OG0003625	ostta12g01740	AT1G19120, AT3G14080
OG0003626	ostta02g02020	AT4G01395
OG0003627		AT2G38640, AT5G41590
OG0003628	ostta18g00900	AT2G28880
OG0003629	ostta01g04370	AT1G22100, AT1G58643, AT1G58936, AT1G59171, AT1G59312, AT5G42810
OG0003630	ostta10g00080	AT1G70070
OG0003631	ostta15g00490	AT1G60200
OG0003632	ostta03g05900	AT1G65420, AT3G56830
OG0003633		AT5G08170
OG0003634		AT2G45010, AT5G51400
OG0003635		AT1G09010
OG0003636		AT3G01015, AT5G15510, AT5G37478
OG0003637	ostta03g04320	AT4G01100
OG0003638	ostta16g01190	AT1G16690, AT1G79020
OG0003639		AT3G59410
OG0003640	ostta05g03610	AT2G36900, AT5G50440
OG0003641		AT4G11570
OG0003642	ostta16g02390	AT5G06160
OG0003643		
OG0003644	ostta16g01150	AT2G18250
OG0003645	ostta05g01350	AT2G45440, AT3G60880
OG0003646	ostta09g01840	AT4G10180
OG0003647		AT1G76150
OG0003648		AT1G69330, AT1G74370, AT3G29270
OG0003649		AT1G58200, AT5G10490
OG0003650	ostta12g01670	AT2G10550, AT3G18630
OG0003651	ostta05g00090	AT3G07270
OG0003652	ostta06g00030	AT3G58170, AT4G14455
OG0003653	ostta15g01890	AT1G62640
OG0003654	ostta17g00850	AT1G55750, AT3G61420
OG0003655		AT3G62580
OG0003656	ostta15g01830	AT1G49015, AT5G25780, AT5G27640
OG0003657	ostta09g01540	AT4G14385
OG0003658	ostta16g02410	AT1G19080, AT3G55490
OG0003659	ostta04g02860	AT4G38760
OG0003660	ostta13g00020	AT5G10790
OG0003661		AT5G18420
OG0003662	ostta03g01160	AT3G54470
OG0003663	ostta02g02530	AT4G03120
OG0003664		AT5G61820
OG0003665	ostta03g01930	AT1G18700
OG0003666	ostta10g02660	AT4G34840, AT4G38800
OG0003667	ostta06g03400	AT1G50910
OG0003668	ostta12g00650	AT3G24800
OG0003669	ostta03g03780	AT3G54670
OG0003670	ostta09g02170	AT4G24820
OG0003671		AT3G21720
OG0003672		AT2G27060, AT4G20940, AT5G10020
OG0003673	ostta08g03080, ostta08g03690, ostta11g00610	AT1G01760
OG0003674	ostta06g01190	AT1G02120
OG0003675	ostta02g00960	AT4G28200
OG0003676		AT3G63410
OG0003677	ostta02g00540	AT2G35810, AT2G35820, AT2G35830
OG0003678		AT5G03160
OG0003679	ostta09g00580	AT5G47030
OG0003680	ostta15g02120	AT5G22080
OG0003681	ostta01g05660	AT3G04500
OG0003682		AT4G39840
OG0003683	ostta08g02170	AT2G24500, AT4G31420
OG0003684	ostta17g00070	AT2G18040
OG0003685		AT1G48635, AT3G18160
OG0003686	ostta14g02610	AT4G30480
OG0003687	ostta13g00100	AT5G14800
OG0003688	ostta02g03860	AT2G20260, AT4G28750
OG0003689	ostta06g01930	AT5G25800
OG0003690	ostta11g00730	AT2G04660
OG0003691	ostta03g04680	AT1G55900
OG0003692	ostta16g01170	AT2G17250
OG0003693	ostta02g02450	AT5G08060
OG0003694	ostta01g00120, ostta04g05430, ostta15g01780, ostta16g01900	AT3G01060
OG0003695	ostta09g01300	AT3G27670
OG0003696		AT3G25480, AT4G01050
OG0003697	ostta03g05715, ostta12g01950	AT1G49880
OG0003698	ostta02g01860	AT5G15540
OG0003699	ostta17g00590	AT3G20740
OG0003700		AT2G31580, AT2G32320
OG0003701	ostta04g01050	AT1G07270, AT2G29680
OG0003702		AT4G03560
OG0003703	ostta02g03355	AT5G08410, AT5G23440
OG0003704		AT5G24680
OG0003705	ostta01g06270	AT4G13720
OG0003706		AT1G04690
OG0003707	ostta06g00420	AT2G40770
OG0003708	ostta04g03455	AT1G17680
OG0003709	ostta07g01280, ostta07g01285	AT1G54680, AT5G27290
OG0003710	ostta04g03850	AT1G30240
OG0003711		
OG0003712		
OG0003713		
OG0003714	ostta17g01730	AT5G15400
OG0003715		
OG0003716	ostta05g01880	
OG0003717		
OG0003718		
OG0003719		
OG0003720		
OG0003721		
OG0003722		
OG0003723		
OG0003724		
OG0003725		
OG0003726		
OG0003727		
OG0003728		
OG0003729		
OG0003730		
OG0003731		AT2G27920
OG0003732	ostta05g00640	AT2G38770
OG0003733	ostta01g05320	AT1G21720, AT1G77440
OG0003734		AT2G26970
OG0003735		AT5G11090, AT5G25280
OG0003736		
OG0003737		AT3G28430
OG0003738	ostta01g05870	AT1G80410
OG0003739		AT3G23760, AT4G14100
OG0003740		
OG0003741	ostta14g02970	AT1G31180, AT1G80560, AT5G14200
OG0003742		AT1G21010, AT1G76600, AT2G23690, AT4G37240
OG0003743	ostta04g03530	AT1G37010, AT5G06680
OG0003744		AT3G03310, AT4G19860
OG0003745	ostta06g02640, ostta16g01940	AT4G02070
OG0003746		
OG0003747	ostta10g00565	AT3G56510
OG0003748	ostta20g00120	AT3G04550, AT5G28500
OG0003749		
OG0003750		AT1G05790
OG0003751		ATCG00140
OG0003752	ostta01g00810	AT5G03940
OG0003753		AT4G26670, AT5G55510
OG0003754		
OG0003755	ostta04g00540	AT2G04360
OG0003756	ostta02g05130	AT4G28706, AT5G43910
OG0003757	ostta16g00380	AT1G64970
OG0003758	ostta11g00330	AT4G11960, AT4G22890
OG0003759		
OG0003760	ostta01g03120	AT2G23420, AT4G36940
OG0003761	ostta09g01090	AT4G25720
OG0003762		AT1G61680
OG0003763		AT4G23440, AT5G56220
OG0003764		AT3G11397, AT5G02040, AT5G05987
OG0003765	ostta12g02520	AT1G01790, AT4G00630
OG0003766	ostta16g02200, ostta17g01130	AT2G04550
OG0003767		AT2G37130, AT4G21960
OG0003768		AT2G42140, AT2G44340, AT3G58000, AT3G60090
OG0003769		AT3G52790, AT4G25433, AT5G62150
OG0003770	ostta05g02980	AT1G24340
OG0003771	ostta01g00280	AT2G44180, AT3G59990
OG0003772		AT1G01510
OG0003773	ostta01g01980	AT1G09795, AT1G58080
OG0003774		AT1G15740
OG0003775	ostta04g05410	AT5G10630
OG0003776	ostta14g00680	AT2G02570
OG0003777	ostta08g01850	AT1G17760
OG0003778		AT2G17780, AT4G35920
OG0003779		AT2G28850, AT2G28860, AT2G34490, AT2G34500
OG0003780		AT1G33475, AT4G10170, AT4G27840, AT5G52990
OG0003781	ostta04g04640	AT3G25100
OG0003782	ostta09g02790	AT1G50840, AT3G20540
OG0003783		AT3G30739, AT3G51690, AT3G51700, AT5G28780
OG0003784	ostta02g01230, ostta03g05380	AT1G78010
OG0003785		AT4G04470, AT4G14305
OG0003786		AT2G38840
OG0003787		AT1G23440, AT1G56700
OG0003788		AT1G57680
OG0003789	ostta11g03200	AT2G28540, AT3G45630, AT5G60170
OG0003790	ostta09g04240	AT1G20340, AT1G76100
OG0003791	ostta15g02385	AT1G69520, AT1G69523, AT1G69526
OG0003792	ostta14g00870	AT4G19006, AT5G45620
OG0003793	ostta05g03960	AT3G42050
OG0003794		AT2G32850
OG0003795	ostta13g00825	AT2G45990
OG0003796	ostta05g02230	AT1G18320, AT3G10110
OG0003797	ostta11g02460	AT3G44340, AT4G32640
OG0003798		AT2G35736, AT4G25225
OG0003799	ostta10g00840	AT3G45180, AT5G42300
OG0003800		AT4G05530
OG0003801		ATCG00550
OG0003802	ostta07g03510	AT5G40820
OG0003803	ostta04g04000, ostta08g01310	AT5G26570
OG0003804		AT1G26460
OG0003805	ostta11g03210	AT5G25754, AT5G25757
OG0003806	ostta02g00310	AT1G08400, AT3G47700
OG0003807		AT2G44160, AT3G59970
OG0003808		AT1G15215, AT3G18380
OG0003809	ostta10g02240	AT1G66070, AT5G37475
OG0003810		AT4G36890, AT5G67230
OG0003811	ostta04g04650	AT3G61710
OG0003812	ostta15g00630	AT1G33410
OG0003813	ostta17g00090	AT3G03420
OG0003814	ostta05g02090, ostta06g01370	AT1G61850
OG0003815	ostta01g04510, ostta02g01850	AT3G07800, AT5G23070
OG0003816	ostta14g02080	AT3G46560
OG0003817	ostta03g05920	AT5G08300, AT5G23250
OG0003818	ostta11g00110	AT3G12070, AT5G12210
OG0003819	ostta06g03730	AT1G28060, AT3G55930
OG0003820	ostta02g00110	AT3G22110, AT4G15165
OG0003821	ostta04g03440	AT1G58230
OG0003822	ostta02g00520, ostta14g02910	AT2G39000
OG0003823	ostta03g03300	AT2G25210, AT3G02190, AT4G31985
OG0003824	ostta05g04940	AT1G06380, AT2G42650, AT3G58660
OG0003825	ostta16g02550	AT3G03790
OG0003826	ostta18g01410	AT1G26160, AT2G23820
OG0003827	ostta16g00990	AT2G03820
OG0003828	ostta04g04440	AT5G59560
OG0003829	ostta11g02780	AT5G42740
OG0003830	ostta11g01480	AT1G12530, AT1G56420
OG0003831	ostta16g02560	AT4G24830
OG0003832		AT1G18460, AT1G73920
OG0003833	ostta14g00750	AT3G21540
OG0003834	ostta05g03430	AT3G02910, AT5G46720
OG0003835	ostta11g01610, ostta14g01980	AT1G22800
OG0003836	ostta06g01780	AT5G50100
OG0003837	ostta02g04870, ostta07g02300	AT1G76050
OG0003838	ostta03g05750	AT5G14660
OG0003839	ostta11g02860	AT5G63010
OG0003840	ostta05g02540	AT5G56290
OG0003841	ostta04g03170	AT2G34630
OG0003842	ostta12g01240	AT3G10860, AT5G05370
OG0003843		AT5G12040
OG0003844	ostta04g01790	AT1G31330
OG0003845	ostta08g00930	AT5G58330
OG0003846	ostta15g01495	AT4G09012, AT5G39800, AT5G40080
OG0003847	ostta03g01890	AT1G60490
OG0003848	ostta07g02070	AT1G04230, AT5G43720
OG0003849	ostta17g00970	AT1G16700, AT1G79010
OG0003850	ostta05g00930	AT3G02580, AT3G02590
OG0003851	ostta02g01140	AT1G66530, AT4G26300
OG0003852	ostta10g02720	AT5G49930
OG0003853	ostta04g05070	AT5G08190, AT5G23090
OG0003854	ostta16g02375	AT2G30320
OG0003855	ostta02g00510	AT5G67590
OG0003856	ostta09g00980	AT1G50450
OG0003857		
OG0003858	ostta05g01550	AT3G56840
OG0003859	ostta04g01250	AT2G06210
OG0003860		
OG0003861	ostta07g01420	AT2G19520, AT4G29730
OG0003862		AT3G20790
OG0003863	ostta03g02050, ostta10g00200	AT4G35760
OG0003864	ostta02g00500	AT5G22010
OG0003865	ostta04g01530	AT1G18070
OG0003866	ostta02g04900	AT5G51130
OG0003867		AT2G38250, AT5G01380
OG0003868		AT1G67500
OG0003869		
OG0003870	ostta04g02260	
OG0003871	ostta04g03340, ostta16g02140	
OG0003872		
OG0003873		
OG0003874		
OG0003875		
OG0003876		
OG0003877		
OG0003878		
OG0003879		
OG0003880		
OG0003881		AT3G03305
OG0003882	ostta09g01990	AT5G08500, AT5G23575
OG0003883	ostta05g03590	AT2G45730
OG0003884		
OG0003885		AT2G11890
OG0003886		AT2G45160, AT3G60630, AT4G00150, AT4G36710
OG0003887	ostta07g01690	AT3G57090, AT5G12390
OG0003888		
OG0003889	ostta01g05600	AT2G46520
OG0003890		
OG0003891	ostta06g02780	AT4G38440
OG0003892		AT5G50760
OG0003893	ostta07g04570	AT1G20575
OG0003894	ostta11g00380	AT1G11475, AT1G61700
OG0003895		AT4G20910, AT4G20920
OG0003896	ostta20g00370	AT5G61150
OG0003897	ostta16g00390	AT2G43810, AT3G59810
OG0003898		AT1G49480, AT3G18990
OG0003899		ATCG01020
OG0003900		AT1G14920, AT1G66350, AT2G01570, AT3G03450, AT5G17490
OG0003901		AT2G16060, AT3G10520
OG0003902	ostta08g01040	AT5G14460
OG0003903		AT1G68010
OG0003904	ostta03g04635	AT1G55546, AT3G13410
OG0003905		AT3G01390, AT4G23710, AT4G25950
OG0003906	ostta04g01650	AT2G39260
OG0003907	ostta03g03580, ostta05g00670	AT2G37550, AT3G53710
OG0003908	ostta14g00530	AT2G37975, AT3G54085
OG0003909		AT1G74390, AT4G39810, AT5G07710, AT5G61390
OG0003910	ostta03g01580	AT3G10370
OG0003911	ostta09g00660	AT2G27900
OG0003912	ostta07g02220	AT5G04260, AT5G06690
OG0003913	ostta14g01110	AT1G08410, AT2G27200
OG0003914	ostta05g04460	AT1G16680, AT1G79030, AT5G49580
OG0003915	ostta06g02970	AT1G31220
OG0003916		AT2G26850, AT2G32560, AT2G41170
OG0003917		AT1G02650, AT2G47440, AT3G62570, AT4G02100
OG0003918	ostta05g04530	AT5G58250
OG0003919		AT1G30540
OG0003920	ostta10g00550	AT2G18080, AT4G36190, AT4G36195
OG0003921	ostta07g03990	AT2G33255
OG0003922	ostta06g03900	AT3G11270, AT5G05780
OG0003923		AT5G60700
OG0003924	ostta15g00320	AT1G53030, AT3G15352
OG0003925	ostta16g02710	AT5G19660
OG0003926	ostta05g03580	AT1G02680
OG0003927		AT1G29140, AT1G78040, AT4G08685, AT4G18596, AT5G10130, AT5G45880
OG0003928	ostta11g01180	AT4G10760
OG0003929		AT2G40950, AT3G10800, AT3G56660
OG0003930		AT3G63060, AT5G15440, AT5G39360
OG0003931	ostta12g00900	AT1G22940
OG0003932		AT2G38460, AT5G03570
OG0003933	ostta08g01400	AT5G16750
OG0003934	ostta14g02540	AT4G04850
OG0003935	ostta10g00780	AT3G24200
OG0003936	ostta05g03330	AT2G04395, AT2G05210, AT5G06310
OG0003937		AT4G32810
OG0003938	ostta13g02970	AT5G26360
OG0003939		AT2G41670, AT4G10650
OG0003940	ostta09g01180	AT4G18930, AT4G18940
OG0003941	ostta04g03700	AT1G12730, AT1G63110
OG0003942	ostta05g03270	AT5G56730
OG0003943	ostta14g01180	AT5G19930
OG0003944		AT5G11040
OG0003945		AT5G24710
OG0003946	ostta04g02570	AT3G05760
OG0003947	ostta16g00320, ostta17g00150	AT1G18170, AT1G73655
OG0003948	ostta16g02110	AT1G15660
OG0003949		AT5G09670, AT5G64550
OG0003950	ostta14g01120	AT2G18740, AT4G30330
OG0003951		AT5G61450
OG0003952		AT3G51100
OG0003953	ostta04g04330	AT3G20630
OG0003954		
OG0003955	ostta15g00410	AT5G50320
OG0003956		AT1G34780, AT3G03860, AT4G08930, AT5G18120
OG0003957		AT1G73930
OG0003958		AT3G01910
OG0003959	ostta07g04050	AT3G47120
OG0003960	ostta01g04190	AT4G01860
OG0003961	ostta07g00440	AT5G51660
OG0003962	ostta01g06620	AT5G52210
OG0003963		AT2G38020
OG0003964	ostta05g02970	AT2G45270
OG0003965	ostta12g01965	AT3G48190
OG0003966	ostta15g01960	AT1G67960
OG0003967	ostta13g00390	AT5G11560
OG0003968		AT3G12590
OG0003969	ostta01g03800	AT1G71440
OG0003970		AT4G15475
OG0003971	ostta17g01440	AT1G54770, AT5G30495
OG0003972	ostta14g00930	AT1G36280, AT4G18440
OG0003973	ostta02g03840	AT5G60040
OG0003974	ostta05g01100	AT2G29020, AT5G59410
OG0003975	ostta06g00360	AT2G20000, AT3G16320
OG0003976	ostta08g04030	AT3G60820
OG0003977	ostta08g02370	AT2G26430
OG0003978	ostta08g00310	AT4G37210
OG0003979		AT3G17340
OG0003980	ostta13g03030	AT2G22425, AT4G40042
OG0003981	ostta12g00150	AT1G72590, AT2G16530, AT3G43840
OG0003982	ostta02g00555	AT1G77470
OG0003983	ostta04g02640, ostta16g00730	AT1G24040
OG0003984		AT4G30790
OG0003985		AT1G56460, AT2G47350, AT3G06660
OG0003986	ostta05g04960, ostta15g01270	AT1G08520
OG0003987	ostta15g02200	AT1G05190
OG0003988	ostta13g00290	AT5G57040
OG0003989	ostta01g02500, ostta07g03920	AT1G55140, AT3G13740
OG0003990	ostta01g06470	AT5G24850
OG0003991	ostta05g03220	AT5G13240
OG0003992	ostta18g00790	AT5G51620, AT5G55940
OG0003993		AT1G19860, AT3G51180, AT5G66270
OG0003994		AT4G13550
OG0003995	ostta07g03630	AT2G01490
OG0003996		AT1G70150, AT4G21890
OG0003997	ostta01g01000	AT1G78770
OG0003998		AT1G31940, AT2G35585
OG0003999	ostta01g04520	AT1G65280
OG0004000		AT3G47810
OG0004001	ostta07g02900	AT3G13230
OG0004002	ostta15g02170	AT5G41020
OG0004003	ostta08g01280	AT2G17930, AT4G36080
OG0004004	ostta02g04000	AT5G16260
OG0004005		
OG0004006	ostta15g02670	AT1G03130, AT4G02770
OG0004007		
OG0004008	ostta13g00540	AT1G04950, AT1G54360
OG0004009		AT1G08180, AT1G10690, AT1G51355, AT1G60783, AT3G20898, AT3G27630, AT5G02420, AT5G40460
OG0004010		AT1G13780, AT1G16930, AT1G16940, AT1G16945, AT1G32020, AT1G51370, AT1G60400, AT1G60410, AT1G66290, AT1G66300, AT1G66310, AT1G66320, AT1G66640, AT1G69630, AT1G78730, AT1G78740, AT1G78750, AT1G78760, AT1G78840, AT1G80470, AT2G26030, AT2G27505, AT3G19085, AT3G23955, AT3G60710, AT4G13985, AT5G18770, AT5G18780, AT5G22590, AT5G22600, AT5G22610, AT5G22660, AT5G22670, AT5G22680, AT5G22700, AT5G22720, AT5G22730, AT5G25850, AT5G27750, AT5G44490, AT5G44940, AT5G44950, AT5G44960, AT5G44970, AT5G44980, AT5G53592, AT5G53635, AT5G53637, AT5G53640, AT5G53840
OG0004011		AT1G29179, AT1G29180, AT1G34480, AT1G44020, AT1G44030, AT1G44050, AT1G45243, AT1G53340, AT1G61710, AT1G61840, AT1G62030, AT1G66440, AT1G66450, AT2G02610, AT2G02620, AT2G02630, AT2G02640, AT2G02680, AT2G02690, AT2G02700, AT2G13895, AT2G13900, AT2G13950, AT2G28460, AT2G40050, AT3G21210, AT3G26240, AT3G26250, AT3G26550, AT3G50010, AT4G02540, AT4G10370, AT4G10560, AT4G13130, AT4G15070, AT4G26380, AT5G01480, AT5G02330, AT5G02340, AT5G02350, AT5G02360, AT5G03355, AT5G03360, AT5G37210, AT5G46660, AT5G46670, AT5G48320, AT5G55770, AT5G55780, AT5G55800
OG0004012		AT2G14378, AT2G24205, AT2G27315, AT3G42565, AT3G48675, AT4G09545, AT4G35165, AT5G36310, AT5G36320, AT5G36330, AT5G36340, AT5G36350, AT5G36360, AT5G36370, AT5G36380, AT5G36390, AT5G36400, AT5G36410, AT5G36420, AT5G36430, AT5G36440, AT5G36450, AT5G36460, AT5G36470, AT5G36480, AT5G36490, AT5G36500, AT5G36520, AT5G36540, AT5G36550, AT5G36657, AT5G36658, AT5G36659, AT5G36661, AT5G36662, AT5G36738, AT5G36739, AT5G42895, AT5G44495, AT5G48210, AT5G51105, AT5G52965, AT5G52975, AT5G53740, AT5G53742, AT5G53905, AT5G54062, AT5G60945, AT5G60964
OG0004013	ostta07g03620, ostta16g02370	AT5G10950
OG0004014		
OG0004015		
OG0004016		
OG0004017		
OG0004018		
OG0004019		
OG0004020		
OG0004021		
OG0004022		
OG0004023		
OG0004024		AT3G09030, AT5G41330
OG0004025	ostta05g02690	AT5G04600
OG0004026	ostta08g02580	AT1G26665, AT5G41910
OG0004027	ostta08g03180	AT1G58440, AT2G22830, AT4G37760, AT5G24140, AT5G24150, AT5G24160
OG0004028		
OG0004029		AT3G27560, AT5G01850, AT5G40540, AT5G50180
OG0004030	ostta03g00330	AT3G54750
OG0004031	ostta06g01870	AT1G80380
OG0004032	ostta05g03710	AT2G20920
OG0004033		AT1G52720, AT3G15630
OG0004034		AT2G15695, AT5G44250
OG0004035		AT2G06040, AT5G21900
OG0004036		AT2G07725, ATMG00210
OG0004037	ostta02g02660	AT5G20520
OG0004038	ostta06g04220	AT2G17980, AT4G31740
OG0004039	ostta09g01480	AT1G09760
OG0004040	ostta01g02350	AT4G00800
OG0004041		AT5G40740
OG0004042	ostta03g02270	AT5G27620
OG0004043		AT5G03450, AT5G03750
OG0004044	ostta13g01520	AT3G07740, AT4G16420
OG0004045	ostta05g02500	AT5G23590
OG0004046	ostta17g01600	AT3G23620
OG0004047	ostta06g04430	AT5G13780
OG0004048		
OG0004049	ostta08g01480, ostta08g03720	AT5G10910
OG0004050	ostta11g02770	AT4G31530
OG0004051	ostta13g02750	AT1G11320
OG0004052		AT1G01150, AT4G12670, AT5G03780
OG0004053		AT4G22440, AT4G22970, AT5G28550
OG0004054	ostta03g05580	AT3G27180
OG0004055	ostta05g03840	AT4G12610
OG0004056	ostta04g04480	AT3G49650
OG0004057		AT1G02290, AT3G45830
OG0004058	ostta03g04440	AT1G51390, AT3G20970
OG0004059	ostta07g03190	AT4G34730
OG0004060		AT5G15730, AT5G54590
OG0004061		AT1G36980
OG0004062	ostta18g00930	AT1G19880
OG0004063	ostta08g01000	AT5G67220
OG0004064		AT2G34560
OG0004065	ostta17g01550	AT3G26410
OG0004066		
OG0004067	ostta11g03090	AT1G07780, AT1G29410, AT5G05590
OG0004068	ostta02g04990	AT4G11120
OG0004069	ostta05g02950	AT1G56450
OG0004070	ostta02g01130	AT3G12810
OG0004071	ostta03g04230	AT5G41360, AT5G41370
OG0004072	ostta09g04070	AT1G05210, AT1G05220, AT2G32380
OG0004073	ostta01g06530	AT1G55928, AT2G27280, AT2G27285
OG0004074	ostta01g01380	AT1G51610
OG0004075	ostta11g02000, ostta14g00810	AT3G21640
OG0004076	ostta02g02090	AT5G55220
OG0004077	ostta07g02020	AT5G43280
OG0004078		AT5G26040
OG0004079	ostta04g01610	AT1G11870
OG0004080	ostta04g03860	AT2G30410
OG0004081	ostta05g02700	AT2G31260
OG0004082	ostta03g01470	AT1G24510
OG0004083	ostta16g00400	AT5G16210
OG0004084	ostta08g02830	AT1G48970, AT2G44070, AT5G38640
OG0004085	ostta02g03500	AT1G03530, AT4G03380
OG0004086	ostta15g01860	AT4G26750
OG0004087		AT1G21920, AT1G77660, AT2G35170, AT4G17080
OG0004088	ostta05g01400	AT2G25350, AT3G15920, AT4G32160
OG0004089	ostta04g01770	AT4G19610, AT5G05720, AT5G08695
OG0004090	ostta13g01500	AT1G02090
OG0004091		AT3G22430
OG0004092	ostta02g01260	AT5G08565, AT5G63670
OG0004093	ostta17g01510	AT1G13160, AT4G31520
OG0004094	ostta13g03050	AT5G11340
OG0004095	ostta02g05170	AT4G19100, AT5G52780
OG0004096	ostta13g01490	AT5G57590
OG0004097	ostta10g01380	AT3G49320, AT5G41970
OG0004098		AT1G19715, AT1G73040
OG0004099		AT1G32210, AT2G35520
OG0004100	ostta03g01690	AT1G30630, AT2G34840
OG0004101	ostta06g03770	AT1G42960, AT3G02900, AT5G16660
OG0004102	ostta06g01140	AT3G04560
OG0004103	ostta04g04050	AT5G64420
OG0004104		AT1G13570
OG0004105		AT3G21865
OG0004106	ostta10g01850	AT5G59180
OG0004107	ostta13g01730	AT5G60335
OG0004108	ostta09g00370	AT1G64600
OG0004109		AT1G15010, AT2G01300
OG0004110		AT3G49400
OG0004111	ostta04g05550, ostta06g00020	AT3G60740
OG0004112	ostta06g02550	AT3G52050
OG0004113	ostta15g00400	AT3G06540
OG0004114	ostta05g04890	AT5G05680
OG0004115	ostta08g02540	AT2G44195, AT2G44200
OG0004116	ostta02g03470	AT4G21530
OG0004117		AT2G31400
OG0004118	ostta01g03250	AT4G32060
OG0004119	ostta01g01855	AT4G32770
OG0004120	ostta04g04940	AT2G44520
OG0004121		AT5G11770
OG0004122		AT3G06710, AT4G32670, AT4G34100
OG0004123	ostta05g02610	AT4G39120
OG0004124	ostta16g00690	AT1G60700, AT1G75530, AT3G54350
OG0004125		AT3G04260
OG0004126	ostta17g00890	AT3G42660
OG0004127	ostta09g01700	AT1G12470
OG0004128	ostta10g00350	AT4G16710
OG0004129	ostta18g00140	AT1G25682, AT1G25988
OG0004130	ostta10g03435	AT1G30110, AT3G10620, AT5G06340
OG0004131	ostta06g02790	AT5G49400
OG0004132	ostta03g03350	AT4G20410
OG0004133	ostta13g02600	AT5G22770, AT5G22780
OG0004134	ostta07g04470	AT1G54500
OG0004135		AT1G11560, AT1G61790
OG0004136	ostta05g00400	AT2G19570, AT4G29570, AT4G29580, AT4G29600, AT4G29610, AT4G29620, AT4G29630, AT4G29640, AT4G29650
OG0004137	ostta08g02600	AT5G20890
OG0004138	ostta07g01980	AT2G46560
OG0004139	ostta04g04470, ostta07g00420	AT5G17660
OG0004140		AT1G55580
OG0004141	ostta04g01990	AT3G53760
OG0004142		AT1G49810, AT3G19490
OG0004143	ostta02g01370	AT4G33945
OG0004144	ostta03g00887	AT1G27385
OG0004145	ostta06g03460	AT3G57180, AT4G10620
OG0004146	ostta02g03360	AT5G64860
OG0004147		AT3G10380
OG0004148	ostta08g00860	AT5G14760
OG0004149	ostta04g05220	AT4G12620, AT4G14700
OG0004150	ostta01g05120	AT1G24310
OG0004151	ostta06g01610	AT3G51270
OG0004152	ostta09g01740	AT1G13820, AT5G39220
OG0004153		AT2G35860, AT3G11700, AT3G52370, AT5G05650, AT5G06390
OG0004154	ostta03g00580	AT4G00026
OG0004155	ostta05g00350	AT4G12790
OG0004156	ostta14g02020	AT5G49570
OG0004157	ostta12g00850	AT1G18830, AT3G63460
OG0004158	ostta10g00160	AT5G51540
OG0004159	ostta01g03770	AT2G33040
OG0004160	ostta03g05020	AT5G19180
OG0004161	ostta09g02470	AT4G17760
OG0004162	ostta09g03650	AT5G67170
OG0004163	ostta17g02090	AT2G42790, AT3G58740, AT3G58750
OG0004164	ostta01g05820	AT4G08580, AT5G17900
OG0004165		AT1G29270, AT2G40435, AT3G56220
OG0004166		AT1G43580
OG0004167	ostta01g01530	AT1G71220
OG0004168		AT1G19020, AT3G48180
OG0004169		AT2G39690, AT3G12540, AT3G47675, AT4G37080, AT5G42690, AT5G60720
OG0004170	ostta08g01650	AT2G17265, AT4G35295
OG0004171	ostta01g02560	AT3G17712, AT3G17740
OG0004172	ostta06g03890	AT1G77030
OG0004173	ostta01g03400, ostta07g01860	AT1G55535, AT3G13420
OG0004174		AT1G19530
OG0004175	ostta01g03340	AT2G26990
OG0004176		AT3G54970
OG0004177	ostta10g00510	AT5G42920
OG0004178	ostta01g05280	AT5G13480
OG0004179	ostta10g02970	AT1G15020, AT2G01270
OG0004180	ostta05g00380	AT1G73720
OG0004181	ostta05g01820	AT5G66120
OG0004182		AT4G27600
OG0004183		AT1G27461
OG0004184		AT2G38040
OG0004185		AT1G52670, AT3G15690, AT3G56130
OG0004186	ostta03g02030	
OG0004187	ostta12g02940	
OG0004188	ostta04g04010	AT1G27470, AT4G07410
OG0004189		
OG0004190		AT2G22010
OG0004191	ostta11g01820	AT2G01120
OG0004192		
OG0004193	ostta05g01900	AT1G48175
OG0004194	ostta14g00780	AT5G20600
OG0004195	ostta17g00860	AT1G02470, AT1G02475, AT4G01883
OG0004196	ostta05g01290	AT2G16595, AT2G21160
OG0004197	ostta09g00960	AT5G60600
OG0004198	ostta05g01450	AT5G66540
OG0004199	ostta14g01810	AT1G71280, AT1G71370, AT5G05450
OG0004200		AT2G04940
OG0004201	ostta09g02100	AT1G71750
OG0004202		AT2G07565, AT2G07739, ATCG01000, ATCG01130, ATMG00370
OG0004203		
OG0004204		
OG0004205		
OG0004206		
OG0004207		
OG0004208		
OG0004209		
OG0004210	ostta20g00750	AT5G47400
OG0004211	ostta05g04320	AT1G22920, AT1G71230
OG0004212		AT1G53880, AT1G53900, AT1G72340
OG0004213	ostta04g04690	AT5G50375
OG0004214	ostta16g00600	
OG0004215	ostta11g01260	AT5G62640
OG0004216	ostta16g02020	AT1G16570
OG0004217		
OG0004218	ostta05g04770, ostta17g00470	AT1G12600, AT4G23010
OG0004219		AT2G32500
OG0004220	ostta08g03730	AT1G80710
OG0004221	ostta06g03690	AT5G01310
OG0004222	ostta05g00280	AT3G62600
OG0004223		AT5G10940
OG0004224	ostta01g02250	AT5G49530
OG0004225		AT2G37330
OG0004226	ostta09g01860	AT4G39280
OG0004227	ostta08g02650	AT5G13570
OG0004228		AT5G58100
OG0004229	ostta11g02110	AT2G40840
OG0004230		AT4G36630
OG0004231		AT4G37130
OG0004232	ostta04g05530	AT3G11720, AT5G06440
OG0004233	ostta05g00410	AT3G01480
OG0004234	ostta15g00820	AT1G64990, AT4G27630
OG0004235		AT2G30880
OG0004236	ostta06g04490	AT5G64830
OG0004237		AT5G12230, AT5G19480
OG0004238	ostta12g02280	AT3G45577, AT3G45590, AT5G60230
OG0004239	ostta01g06590	AT3G03460, AT5G17510
OG0004240	ostta14g00620	AT5G15750
OG0004241	ostta03g02650	AT1G52930, AT3G15460
OG0004242	ostta14g01960	AT1G66520
OG0004243	ostta11g00700	AT5G35220
OG0004244		AT1G71310, AT5G47870
OG0004245	ostta03g04140	AT4G29380
OG0004246	ostta05g02530	AT3G07140
OG0004247	ostta02g04310	AT2G18465, AT2G42065, AT2G42080, AT3G58020
OG0004248	ostta12g00655	AT1G52500
OG0004249	ostta15g01100	AT3G46450
OG0004250	ostta15g02570	AT5G37630
OG0004251		AT3G49140, AT3G59300, AT5G24060
OG0004252		AT3G55080
OG0004253	ostta12g00890	AT2G21150
OG0004254	ostta14g01540	AT2G38450, AT5G05360
OG0004255		AT1G30120, AT2G34590
OG0004256	ostta15g00860	AT2G01640
OG0004257	ostta11g01660	AT2G20060
OG0004258	ostta03g05760	AT1G77750, AT5G14320
OG0004259	ostta11g01455	AT1G06200, AT2G31140
OG0004260	ostta05g00800	AT1G55670
OG0004261		AT1G59520
OG0004262	ostta10g02180	AT5G62290
OG0004263		AT1G69270, AT3G02130
OG0004264	ostta07g03060	AT5G51430
OG0004265		
OG0004266		AT2G03510
OG0004267	ostta10g00580	AT2G43360
OG0004268		AT1G21200, AT1G76870, AT3G10040
OG0004269	ostta04g00400	AT5G49030
OG0004270		AT1G34570, AT3G15750
OG0004271	ostta04g05460	AT1G29220
OG0004272		AT1G15280, AT1G80000
OG0004273	ostta10g00220	AT4G29830
OG0004274	ostta02g02270	AT3G02660
OG0004275	ostta08g02490	AT5G58030
OG0004276		AT2G32080
OG0004277	ostta07g03480	AT5G22100
OG0004278	ostta18g01490	AT1G19485
OG0004279	ostta06g01650	AT5G61410
OG0004280	ostta08g02820	AT5G63840
OG0004281	ostta11g02180	AT1G20890, AT1G76480
OG0004282	ostta03g04200	AT1G30825, AT2G33385
OG0004283	ostta05g04600	AT5G61510
OG0004284		AT2G27950, AT5G04460
OG0004285	ostta12g01290	AT1G09830
OG0004286	ostta14g02640	AT3G12150
OG0004287	ostta01g05000	AT5G27660
OG0004288	ostta01g04550	AT5G50960
OG0004289	ostta07g04210	AT1G20570, AT1G80260
OG0004290	ostta03g05390	AT1G79940, AT4G21180
OG0004291		AT5G64510
OG0004292		AT5G04500
OG0004293	ostta02g04100	AT3G08840
OG0004294	ostta01g05230	AT5G15550
OG0004295		AT1G56550, AT4G01220, AT4G01750, AT4G01770
OG0004296		AT1G58030, AT3G03720, AT5G36940
OG0004297	ostta05g03720	AT3G61800
OG0004298	ostta16g00650	AT4G28660
OG0004299	ostta14g02950	AT4G12740
OG0004300	ostta03g03250	AT5G02280
OG0004301	ostta15g02660	AT5G61330
OG0004302		AT1G01090
OG0004303		AT2G24020, AT4G30620
OG0004304	ostta02g03120	AT5G42150
OG0004305	ostta04g00560	AT3G47460, AT5G62410
OG0004306	ostta05g01230	AT5G08280
OG0004307	ostta15g00485	AT5G08530
OG0004308	ostta03g05430	AT1G78180, AT5G64970
OG0004309	ostta02g03610	AT3G57060
OG0004310		AT5G14602, AT5G18150, AT5G58375
OG0004311	ostta03g03860	AT3G23940
OG0004312	ostta15g00440	AT5G63440
OG0004313	ostta07g02710	AT3G52630, AT4G18590
OG0004314		AT1G24320, AT1G67490
OG0004315	ostta13g02850	AT2G40730
OG0004316	ostta09g03510	AT4G31120
OG0004317	ostta16g00740	AT5G09900, AT5G64760
OG0004318	ostta09g01430	AT1G08120, AT5G26110, AT5G61370
OG0004319	ostta13g01320	AT1G22700
OG0004320		AT1G71080, AT5G38050
OG0004321	ostta18g01590	AT3G05000
OG0004322	ostta02g03890	AT2G17520, AT3G11870, AT5G24360
OG0004323		AT1G32440, AT5G52920
OG0004324		AT5G14260
OG0004325	ostta10g03010	AT1G78900
OG0004326	ostta14g00940	AT3G57660
OG0004327		
OG0004328	ostta08g03480	AT5G06580
OG0004329	ostta20g00950	AT5G28740
OG0004330	ostta01g06670	AT4G01935
OG0004331		AT1G33490, AT4G10140
OG0004332	ostta02g03870	AT2G17320, AT2G17340, AT4G35360
OG0004333	ostta01g06260, ostta09g03920	AT1G72030
OG0004334		AT1G05830, AT2G31650
OG0004335		AT2G34680
OG0004336	ostta07g03490	AT3G53900
OG0004337	ostta01g03240	AT5G09390
OG0004338		AT1G54930, AT3G42860, AT5G13920
OG0004339	ostta08g01860	AT4G35520
OG0004340	ostta01g00320	AT3G06810
OG0004341	ostta13g02930	AT1G10840
OG0004342	ostta08g01940	AT3G54610
OG0004343	ostta14g00270	AT3G27325
OG0004344	ostta14g02760	AT2G38130
OG0004345	ostta08g00640	AT4G27040
OG0004346	ostta04g01780	AT1G18335
OG0004347	ostta03g02470	AT3G58610
OG0004348	ostta11g02480	AT3G23900
OG0004349	ostta01g02580	AT5G44635
OG0004350	ostta02g03490	AT3G03110, AT5G17020
OG0004351	ostta01g02470	AT3G05290, AT5G27520
OG0004352	ostta09g00920	AT3G06310, AT5G18800
OG0004353	ostta17g01160	AT3G27740
OG0004354	ostta06g01730	AT4G19490
OG0004355	ostta06g02710	AT1G74070
OG0004356	ostta14g00320	AT1G61040
OG0004357	ostta09g03000	AT5G13050
OG0004358	ostta01g03050	AT5G04360
OG0004359	ostta03g01080, ostta13g00885, ostta15g01105, ostta16g01870, ostta18g01210	AT4G04330
OG0004360	ostta20g00080	AT3G48730, AT5G63570
OG0004361		AT5G64160
OG0004362		AT3G08960
OG0004363	ostta06g00580	AT5G19530
OG0004364	ostta09g01600, ostta17g01670	
OG0004365	ostta07g02200	AT1G34630
OG0004366		
OG0004367		
OG0004368		AT5G03455
OG0004369	ostta07g02850	AT1G29060, AT4G14600
OG0004370	ostta12g00440	AT5G37510
OG0004371		AT3G48200
OG0004372	ostta18g00110	
OG0004373		AT1G16820
OG0004374	ostta10g00910	
OG0004375		
OG0004376		
OG0004377		
OG0004378		
OG0004379		
OG0004380		
OG0004381		
OG0004382		
OG0004383		
OG0004384		
OG0004385		
OG0004386	ostta09g04250	AT5G02250
OG0004387	ostta01g03170, ostta04g02500	AT3G63540
OG0004388	ostta13g02230	AT3G02530, AT5G16070
OG0004389	ostta08g03630, ostta15g01920	AT4G25850, AT4G25860, AT5G57240
OG0004390		AT4G04955
OG0004391		AT2G43795, AT3G59800
OG0004392	ostta08g00330	AT1G48120, AT5G10900, AT5G63870
OG0004393	ostta17g01800	AT5G50210
OG0004394	ostta03g02170	AT1G50120
OG0004395	ostta20g00890	AT4G24940, AT5G50580, AT5G50680
OG0004396	ostta16g01280	AT1G02140
OG0004397	ostta16g02230	AT5G46630
OG0004398	ostta11g01760, ostta14g01050	AT2G16440
OG0004399		AT1G43190
OG0004400		AT1G22080, AT1G29350, AT1G29370, AT4G18150, AT5G46380
OG0004401		AT4G27460, AT5G53750
OG0004402		AT1G80870, AT2G45590, AT4G25390, AT5G51770
OG0004403		AT3G27570, AT4G26620, AT5G40510, AT5G55900
OG0004404		AT5G35475
OG0004405	ostta13g02120	AT2G39810
OG0004406	ostta18g01400	AT2G32760
OG0004407		AT1G18270
OG0004408	ostta15g01280	AT1G50900
OG0004409	ostta01g04610	AT1G65470
OG0004410		AT2G04280, AT4G08810, AT4G12700
OG0004411	ostta08g01530	AT4G38020
OG0004412		
OG0004413		AT4G32620, AT5G04670
OG0004414	ostta12g01180	AT5G59140
OG0004415	ostta13g02200	AT4G22930
OG0004416	ostta12g00610	AT1G48510, AT3G17910
OG0004417	ostta15g01840	AT3G22510, AT5G27990
OG0004418	ostta02g00300	AT2G04630, AT5G51940
OG0004419		AT1G10030
OG0004420		AT1G09980, AT1G58350
OG0004421		AT2G05170
OG0004422	ostta04g03210	AT3G18790
OG0004423		AT2G32970
OG0004424	ostta03g03520	AT3G03960
OG0004425	ostta14g02220	AT1G30480
OG0004426	ostta02g02400	AT3G28710, AT3G28715
OG0004427		AT1G48530, AT3G53970
OG0004428	ostta12g02620	AT5G12310, AT5G19430
OG0004429	ostta03g02070	AT2G45060, AT4G26410
OG0004430	ostta06g02110	AT5G37830
OG0004431		AT1G01970, AT1G19520
OG0004432	ostta08g01210	AT5G41150
OG0004433	ostta06g02080	AT3G55200, AT3G55220
OG0004434		AT4G10110
OG0004435	ostta02g02520	AT2G46110, AT3G61530
OG0004436	ostta05g01950	AT3G46430, AT5G59613
OG0004437	ostta13g01610	AT5G13390
OG0004438	ostta02g01690	AT1G71920, AT5G10330
OG0004439		AT4G09980
OG0004440		AT1G07700
OG0004441	ostta02g03390	AT1G73430
OG0004442	ostta15g01020	AT4G18230
OG0004443	ostta14g01750	AT2G19940
OG0004444	ostta08g02120	AT3G16650, AT4G15900
OG0004445	ostta10g03260	AT2G19080
OG0004446	ostta03g02910	AT1G15200
OG0004447		AT3G57450
OG0004448	ostta14g02570	AT2G26060, AT4G32990
OG0004449	ostta01g03260	AT5G12290
OG0004450	ostta09g02430	AT3G20475
OG0004451	ostta14g00830	AT5G14250
OG0004452		AT3G06880
OG0004453	ostta02g03560	AT2G22500, AT4G24570, AT5G09470
OG0004454		AT5G06120
OG0004455		AT3G23980
OG0004456		AT1G45230, AT3G46630
OG0004457		AT2G26890
OG0004458		AT2G26270, AT3G43930
OG0004459	ostta11g01070	AT2G20510, AT2G36070
OG0004460	ostta04g04360	AT2G34570
OG0004461		AT4G12070
OG0004462	ostta08g00650	AT3G28956, AT5G62950
OG0004463	ostta02g02840	AT5G15770
OG0004464	ostta08g03420	AT2G36960, AT4G39380
OG0004465		AT3G59660
OG0004466	ostta08g03590, ostta10g03370	AT3G63510, AT5G47970
OG0004467	ostta11g01240	AT4G02720
OG0004468	ostta08g01670	AT2G20330
OG0004469	ostta13g00670	AT5G08180
OG0004470	ostta03g03430	AT3G08020, AT3G52100
OG0004471		AT5G17290
OG0004472	ostta07g00280	AT2G04842
OG0004473		AT4G17570, AT5G47140
OG0004474	ostta08g01100	AT3G51820
OG0004475	ostta06g02700	AT5G05560
OG0004476	ostta01g01420, ostta05g03550	AT2G39670
OG0004477	ostta08g00550	AT5G42320
OG0004478	ostta14g02350	AT1G60600
OG0004479	ostta15g02150	AT4G27120
OG0004480	ostta08g03650	AT3G52640
OG0004481	ostta15g01300	AT2G47990
OG0004482	ostta03g03050	AT1G08490
OG0004483	ostta13g01570	AT5G41480
OG0004484		AT1G10380, AT1G11915, AT3G17350, AT5G50290
OG0004485	ostta08g02410	AT1G27752
OG0004486		AT1G06560
OG0004487	ostta05g02570	AT2G43945, AT3G59870
OG0004488	ostta04g02960, ostta05g04010	AT1G26180
OG0004489	ostta20g00420	AT4G02580
OG0004490		AT1G31170
OG0004491	ostta16g00870	AT3G58180
OG0004492	ostta14g02480	AT5G16630
OG0004493		AT5G37850
OG0004494	ostta04g02480, ostta07g00960	AT5G54830
OG0004495	ostta06g02460	AT2G25840
OG0004496	ostta05g04540	AT1G71480, AT5G41470
OG0004497	ostta02g00580	AT4G12800
OG0004498	ostta17g01610	AT3G10690
OG0004499		AT1G14360, AT2G02810
OG0004500	ostta18g00740	AT3G51050
OG0004501	ostta04g04230	AT4G31460
OG0004502	ostta09g00880	AT2G30920
OG0004503		AT1G50300
OG0004504	ostta01g06160	AT4G32910
OG0004505	ostta14g01355	AT1G09150
OG0004506	ostta12g00240	AT5G23300
OG0004507	ostta02g00900	AT3G25660
OG0004508	ostta08g03190	AT5G54750
OG0004509	ostta09g04260	AT2G20980
OG0004510		AT3G18860
OG0004511	ostta05g04170	AT2G18510
OG0004512	ostta15g00020	AT3G21820
OG0004513	ostta09g03140	AT5G17410
OG0004514	ostta03g04740	AT3G05625
OG0004515		AT5G05930
OG0004516	ostta03g03000	AT1G72090
OG0004517	ostta02g00410	AT5G14050
OG0004518	ostta04g00740	AT1G77140
OG0004519		AT2G47590
OG0004520	ostta07g02920	AT4G19540
OG0004521	ostta07g03660	AT4G15850
OG0004522	ostta12g00520	AT1G67740
OG0004523		AT4G36480
OG0004524	ostta07g02670	AT5G14600
OG0004525		AT1G21350
OG0004526	ostta11g01700, ostta16g00710	AT2G22250
OG0004527	ostta15g00740	AT3G56990
OG0004528	ostta03g05080	AT3G19630
OG0004529	ostta02g03000	AT1G79150
OG0004530		AT4G01320
OG0004531	ostta10g00990	AT5G55130
OG0004532	ostta11g02910	AT3G07750
OG0004533		
OG0004534		
OG0004535	ostta06g02740	AT3G14890
OG0004536		AT4G24160
OG0004537	ostta08g03530	AT1G16970
OG0004538	ostta03g04610	AT1G78620
OG0004539	ostta11g02420	
OG0004540	ostta15g02860	
OG0004541	ostta12g02490	AT1G79690
OG0004542		AT2G25490, AT5G25350
OG0004543		
OG0004544		
OG0004545		
OG0004546		
OG0004547		
OG0004548		
OG0004549		
OG0004550		
OG0004551		
OG0004552		
OG0004553		
OG0004554		
OG0004555		
OG0004556		
OG0004557	ostta14g01695	AT1G80190
OG0004558	ostta18g01030	AT1G31410
OG0004559	ostta03g02680	AT1G18600, AT1G74130, AT1G74140
OG0004560		
OG0004561	ostta10g01900	AT5G17270, AT5G37130
OG0004562	ostta03g00200	AT2G47790
OG0004563		AT4G33625
OG0004564	ostta06g02170	AT4G29860
OG0004565	ostta08g02890	AT2G16710, AT2G36260
OG0004566		
OG0004567		
OG0004568	ostta09g02060	AT5G63540
OG0004569		AT1G64670, AT4G24140, AT5G17720, AT5G17780, AT5G41900
OG0004570		
OG0004571	ostta09g02460	AT2G36305
OG0004572		ATMG00110
OG0004573		AT2G23096, AT4G33910
OG0004574	ostta04g01100	AT1G31860
OG0004575	ostta01g05970	AT5G18400
OG0004576	ostta01g02450	AT1G80770
OG0004577		AT2G14635, AT2G44900, AT3G60350
OG0004578		AT1G62370, AT3G07120, AT3G25030, AT4G03965, AT4G13100, AT4G22250
OG0004579		AT1G50620, AT3G20280
OG0004580	ostta10g00930	AT2G15620
OG0004581		AT2G39870, AT3G54000, AT3G55690, AT4G02830, AT5G59050
OG0004582	ostta04g03050	AT2G20650, AT4G28370
OG0004583	ostta18g00480	AT1G72550
OG0004584	ostta05g00430	AT1G07830
OG0004585	ostta14g00670, ostta20g00280	AT1G12250
OG0004586	ostta17g00950	AT5G60750
OG0004587	ostta05g04400, ostta12g01910	AT4G16660
OG0004588	ostta09g00890	AT4G34412
OG0004589	ostta13g03000	AT1G24050, AT1G70220
OG0004590	ostta15g01265	AT1G33980
OG0004591	ostta20g00110	AT3G51800
OG0004592		AT1G71170, AT1G71180, AT4G29120
OG0004593	ostta12g02010	AT4G28450
OG0004594	ostta16g02245	AT3G22630, AT4G14800
OG0004595		AT3G51740, AT3G56100
OG0004596		AT3G55960
OG0004597	ostta08g01350	AT2G35720
OG0004598		AT1G18580, AT2G20810
OG0004599	ostta04g03470	AT2G45150, AT3G60620
OG0004600	ostta14g02240	AT1G63680
OG0004601	ostta01g04060	AT1G07170, AT2G30000
OG0004602	ostta01g05700, ostta02g00750	AT5G63890
OG0004603		AT3G03490, AT5G17550
OG0004604	ostta07g00015	AT4G17910
OG0004605	ostta02g00430	AT2G40360
OG0004606		AT5G23720
OG0004607	ostta12g01680	AT5G45360
OG0004608		AT1G20950, AT1G76550
OG0004609	ostta12g00670	AT5G38360
OG0004610	ostta03g01900	AT1G53490
OG0004611		AT3G27930
OG0004612		AT5G49650
OG0004613	ostta01g00290, ostta08g02140	AT4G12340
OG0004614		AT5G48630, AT5G48640
OG0004615		AT1G52710, AT1G80230, AT3G15640
OG0004616	ostta01g03180	AT5G49970
OG0004617	ostta03g02870, ostta12g02590	AT1G69060
OG0004618	ostta03g02510	AT1G51730
OG0004619		AT5G52220
OG0004620	ostta12g03150	AT2G29210
OG0004621	ostta17g02360	AT5G60540
OG0004622	ostta09g02145	AT1G50670
OG0004623	ostta08g01180	AT4G34350
OG0004624		AT5G51970
OG0004625		AT3G02350, AT3G25140
OG0004626	ostta10g01440	AT1G04140, AT5G43930
OG0004627	ostta10g00340	AT1G08840
OG0004628	ostta13g00190	AT2G46580
OG0004629	ostta01g04080	AT1G57600
OG0004630	ostta02g02330	AT4G27800
OG0004631	ostta04g04930, ostta05g04990	AT3G55340
OG0004632	ostta04g00840	AT5G11490
OG0004633		AT2G36590, AT2G39890, AT3G55740
OG0004634		AT1G06170, AT2G31210, AT2G31215, AT2G31220
OG0004635		AT5G08120
OG0004636	ostta05g03200	AT2G24410, AT3G20550
OG0004637	ostta11g01320	AT1G19750, AT1G27840
OG0004638		AT1G03980, AT5G44070
OG0004639	ostta07g01810	AT4G05410, AT4G21130
OG0004640	ostta07g01740	AT1G03630, AT4G27440, AT5G54190
OG0004641	ostta03g04890	AT3G45100
OG0004642	ostta14g00160	AT4G24490, AT5G41820
OG0004643		AT3G02980, AT5G16800
OG0004644	ostta05g03410	AT1G10490, AT3G57940
OG0004645	ostta12g01790	AT3G22660
OG0004646		AT2G14170
OG0004647	ostta16g00100	AT5G38720
OG0004648	ostta08g00630	AT1G04630, AT2G33220
OG0004649		AT2G20280
OG0004650		AT3G06510
OG0004651	ostta12g00940	AT5G32470
OG0004652		AT1G13220, AT1G67230, AT1G68790, AT5G65770
OG0004653	ostta12g00140	AT5G04590
OG0004654	ostta11g02270	AT4G02405
OG0004655	ostta09g02690	AT3G11750, AT3G21730, AT5G62980
OG0004656	ostta16g01970	AT1G19600
OG0004657	ostta07g02340	AT3G55330
OG0004658	ostta06g00460	AT4G04350
OG0004659	ostta12g02230	AT1G60230
OG0004660	ostta07g04580	AT4G02110
OG0004661	ostta03g04410	AT5G56130
OG0004662	ostta06g00240	AT3G20430
OG0004663		AT1G01910
OG0004664		AT5G20990
OG0004665	ostta08g00480	AT1G56110, AT3G12860
OG0004666	ostta12g02440	AT3G07100
OG0004667	ostta09g02410	AT4G32470, AT5G25450
OG0004668	ostta01g02980	AT1G22270, AT1G78190
OG0004669	ostta03g01780	AT3G10270, AT5G04130
OG0004670	ostta05g00920, ostta11g00230	AT4G15030
OG0004671	ostta10g03300, ostta12g01870	
OG0004672	ostta03g03210, ostta06g04110, ostta06g04270	AT5G03555
OG0004673	ostta04g02410	AT4G05440
OG0004674		AT1G50530, AT1G50570, AT5G12300, AT5G55530
OG0004675	ostta11g01640	AT3G50690
OG0004676	ostta01g05910, ostta01g05950	AT4G09750
OG0004677	ostta04g02540	AT2G21470
OG0004678	ostta02g00562	AT2G39820, AT3G55620
OG0004679	ostta14g00450	AT4G19003
OG0004680	ostta05g01970	AT5G13450
OG0004681		AT4G14970
OG0004682	ostta11g00600, ostta20g00895	AT2G43235
OG0004683	ostta10g02780	AT1G11860
OG0004684	ostta01g01160	AT5G63290
OG0004685		AT3G01780
OG0004686		AT2G25320, AT2G25330
OG0004687	ostta09g00550	AT2G17695
OG0004688	ostta03g04010	AT2G22230, AT5G10160
OG0004689	ostta09g00740	AT1G20920, AT3G09620
OG0004690	ostta07g03280	AT1G02410
OG0004691	ostta07g04040	AT1G63810
OG0004692	ostta04g04900	AT2G40570
OG0004693	ostta04g00880	AT5G09930, AT5G64840
OG0004694	ostta08g02680	AT2G03870
OG0004695	ostta10g01140	AT1G10580
OG0004696	ostta01g00910, ostta18g01680	AT3G57000
OG0004697	ostta09g00170	AT5G42390
OG0004698		AT5G49110
OG0004699	ostta02g02680	AT4G11380, AT4G23460
OG0004700	ostta05g02160	AT2G47210
OG0004701	ostta07g03830	AT3G07790
OG0004702	ostta02g04600	AT3G48110
OG0004703	ostta17g00570	AT1G30380
OG0004704	ostta02g01460	AT1G47250, AT5G42790
OG0004705	ostta10g02930	AT2G21440
OG0004706	ostta05g04050	AT5G39940
OG0004707	ostta05g04440	AT1G20540, AT1G76260
OG0004708	ostta02g04460	AT2G04540
OG0004709		AT4G08870, AT4G08900
OG0004710	ostta07g02870	AT5G44450
OG0004711	ostta02g03350	AT4G38630
OG0004712	ostta01g02610	AT2G40550
OG0004713	ostta11g02310	AT2G21385
OG0004714	ostta02g04650	AT3G44890
OG0004715	ostta04g04390	AT2G20420
OG0004716	ostta04g00600	AT4G20440, AT5G44500
OG0004717	ostta08g02750	AT2G46900
OG0004718	ostta01g02700	AT2G25610, AT4G32530
OG0004719	ostta01g02080	AT1G14345
OG0004720		AT2G45640
OG0004721	ostta14g00140	AT1G63780
OG0004722	ostta04g00450	AT2G07690
OG0004723	ostta12g02530	AT3G26730
OG0004724	ostta12g00110	AT2G42120
OG0004725	ostta08g01110, ostta11g00940	AT1G67320
OG0004726	ostta05g02220	AT1G77720
OG0004727	ostta18g00610	AT3G15150
OG0004728	ostta12g01490	AT5G50230
OG0004729	ostta08g02510	AT1G29900
OG0004730	ostta13g01860	AT2G43190
OG0004731	ostta17g01835	AT1G69390
OG0004732	ostta07g02660	AT5G21140
OG0004733	ostta01g05860	AT2G40800, AT3G56430
OG0004734		AT5G13520
OG0004735	ostta11g02120	AT3G12080
OG0004736		AT4G13577, AT5G10320
OG0004737	ostta14g00340	AT5G40850
OG0004738	ostta05g04180	AT4G15770
OG0004739		AT5G48960
OG0004740	ostta14g02660	
OG0004741		AT1G51260, AT3G57650
OG0004742		AT4G25290
OG0004743	ostta14g01387	AT4G04870
OG0004744	ostta17g01660	AT2G18000, AT5G45600
OG0004745	ostta06g03990	AT4G02460
OG0004746	ostta18g00160	AT5G48240
OG0004747		
OG0004748	ostta16g01230, ostta16g01885	
OG0004749		
OG0004750		
OG0004751	ostta15g00380	AT3G58830
OG0004752	ostta03g01870	
OG0004753		
OG0004754		
OG0004755	ostta20g00860	AT5G50340
OG0004756	ostta14g00790	AT3G56900
OG0004757		AT1G23170, AT1G70770, AT2G18070, AT3G11880
OG0004758		AT2G28490
OG0004759	ostta07g01410	AT2G25310, AT4G32130
OG0004760		AT4G19180
OG0004761	ostta06g04400	AT3G55160
OG0004762	ostta14g01060	AT1G32990, AT5G51610
OG0004763		
OG0004764		
OG0004765	ostta02g02000	AT1G37150, AT2G25710
OG0004766	ostta15g00980	AT3G51980
OG0004767	ostta07g00060	AT2G36230
OG0004768	ostta09g01080	AT1G15700, AT4G04640
OG0004769		ATCG00500
OG0004770		
OG0004771		
OG0004772	ostta04g03540, ostta05g04370, ostta06g01550	
OG0004773	ostta04g05130, ostta11g02250	
OG0004774	ostta16g01470	
OG0004775		
OG0004776		
OG0004777		
OG0004778		
OG0004779		
OG0004780		
OG0004781		
OG0004782		
OG0004783		
OG0004784		
OG0004785		
OG0004786		
OG0004787		
OG0004788		
OG0004789		AT2G07655
OG0004790	ostta06g02690	AT3G59770
OG0004791		AT1G28390, AT3G51990, AT5G23170
OG0004792	ostta10g03050	AT3G24100, AT4G13615
OG0004793		AT3G44300, AT3G44310, AT3G44320, AT5G22300
OG0004794	ostta09g03810	AT2G14285, AT4G30220
OG0004795		AT2G06005, AT5G20580
OG0004796	ostta09g00520	AT3G09090
OG0004797		AT1G09040, AT1G09050, AT1G55050, AT2G47820
OG0004798		AT1G12150, AT3G13190, AT4G17210, AT5G55860
OG0004799	ostta03g05740	AT1G16870
OG0004800		AT3G24660, AT5G07620, AT5G61570
OG0004801	ostta12g02110	AT1G06720
OG0004802		
OG0004803	ostta03g00090, ostta06g03710, ostta07g02090	AT4G22830
OG0004804	ostta05g00950	AT5G24840
OG0004805	ostta05g02310	AT4G24210, AT5G48170
OG0004806		AT1G27750
OG0004807	ostta04g04680	AT4G21820
OG0004808	ostta07g01340	AT5G59440
OG0004809		AT2G26610, AT3G33530
OG0004810		AT5G14240
OG0004811	ostta12g02900	AT1G03190
OG0004812		
OG0004813	ostta02g02290	AT1G29940
OG0004814	ostta01g00240	AT4G36400
OG0004815	ostta03g03850	AT5G24670
OG0004816	ostta17g00250	AT4G04940
OG0004817		AT3G07870
OG0004818		AT3G55000, AT3G55005
OG0004819	ostta01g00360, ostta03g03870	AT2G45240
OG0004820		AT1G05970
OG0004821	ostta01g01210	AT4G31720
OG0004822	ostta04g00390	AT5G49010
OG0004823		AT4G13400
OG0004824	ostta15g00530	AT1G08750
OG0004825	ostta10g02870	AT4G31400
OG0004826	ostta02g02670	AT4G21800
OG0004827	ostta03g03260	AT2G17630, AT4G35630
OG0004828	ostta01g00830	AT4G32260
OG0004829		AT4G36980
OG0004830	ostta03g02275	AT2G44525, AT3G60150
OG0004831	ostta17g02410	AT1G31780
OG0004832	ostta04g00750	AT1G60440, AT4G32180
OG0004833	ostta11g00630	AT4G00020, AT5G01630
OG0004834	ostta13g01890	AT3G52260
OG0004835		AT2G15790
OG0004836	ostta15g00060	AT3G20330
OG0004837	ostta01g05750	AT2G42770
OG0004838	ostta07g04660	AT5G08420
OG0004839		
OG0004840		AT4G17380
OG0004841	ostta04g00120	AT3G61140
OG0004842		AT5G53050
OG0004843	ostta16g02600	AT3G04830, AT5G28220
OG0004844	ostta12g01620	AT1G01350, AT4G01023, AT5G06420
OG0004845	ostta13g00130	AT5G52820
OG0004846		AT3G01435
OG0004847	ostta03g03270	AT4G21770
OG0004848	ostta01g00570	AT4G01560
OG0004849	ostta04g03160	AT3G21060
OG0004850	ostta15g00990	AT1G52230, AT3G16140
OG0004851	ostta07g02260, ostta14g01420	AT2G04270
OG0004852	ostta04g01690	AT1G03150
OG0004853	ostta09g02270	AT1G51740
OG0004854	ostta01g05360	AT3G18760
OG0004855	ostta04g00720	AT5G65490
OG0004856	ostta17g00140	AT3G09250
OG0004857	ostta07g02130	AT5G48470
OG0004858		AT1G34110, AT3G24240, AT5G48940
OG0004859		AT2G25930, AT3G21320
OG0004860		AT5G52880
OG0004861	ostta11g01580	AT1G48430, AT3G17770
OG0004862	ostta12g02670	AT2G11000
OG0004863	ostta05g01560	AT3G49620, AT3G49630, AT3G50210
OG0004864		AT4G29905, AT5G10695, AT5G57123
OG0004865	ostta17g01710	AT3G15520
OG0004866	ostta13g02990	AT1G79810
OG0004867	ostta02g00680	AT1G12650
OG0004868	ostta04g01450	AT1G03910
OG0004869		AT1G30970
OG0004870	ostta10g02080	AT3G05480
OG0004871	ostta03g03070	AT2G27760, AT3G23630, AT3G63110, AT5G19040
OG0004872	ostta16g02680	AT1G67930
OG0004873	ostta17g02185	AT3G02710
OG0004874	ostta09g03050	AT2G01440
OG0004875		AT5G08160
OG0004876		AT1G04430, AT3G23300, AT4G14360, AT5G14430
OG0004877	ostta06g01490	AT5G27720
OG0004878	ostta06g00680	AT1G54210, AT3G13970
OG0004879	ostta03g04150	AT2G01350
OG0004880	ostta18g00210	AT3G03750
OG0004881		AT2G41430, AT4G14270
OG0004882	ostta06g02810	AT1G17350, AT1G72420
OG0004883	ostta03g02960	AT2G33450
OG0004884	ostta10g02435	AT3G59380
OG0004885	ostta07g04390	AT2G45770
OG0004886	ostta14g00090	AT1G72440
OG0004887		AT4G32050
OG0004888		AT1G18470, AT1G68820, AT1G73950
OG0004889		AT5G58220
OG0004890	ostta11g01460, ostta13g00950	AT1G71990
OG0004891	ostta17g00100	AT3G59400
OG0004892	ostta15g00050	AT5G17240
OG0004893		AT1G17230, AT2G33170, AT5G63930
OG0004894	ostta07g01430, ostta08g02880	AT3G09850
OG0004895	ostta10g03250	AT1G50510
OG0004896	ostta01g04110	AT5G23080
OG0004897	ostta03g00820	AT1G80460
OG0004898	ostta06g02860	AT5G53490
OG0004899	ostta01g05470	AT3G10530
OG0004900	ostta02g04290	AT2G39990
OG0004901	ostta06g01090	AT3G28700
OG0004902	ostta01g00740	AT3G08650
OG0004903	ostta01g01880	AT3G48210
OG0004904	ostta06g04000	AT5G41190
OG0004905	ostta13g00300, ostta14g02475	AT1G09280
OG0004906	ostta11g01960	AT4G30820
OG0004907		AT1G64510
OG0004908		AT3G09050
OG0004909	ostta02g01070	AT4G08960
OG0004910	ostta11g01150	AT1G07615
OG0004911	ostta13g00600	AT3G04970
OG0004912		AT1G21400, AT5G09300, AT5G34780
OG0004913		AT1G34150
OG0004914	ostta17g00410	AT3G48540
OG0004915	ostta13g01850	AT2G46180, AT3G61570
OG0004916	ostta03g00280	AT3G50960, AT5G66410
OG0004917		AT5G66840
OG0004918		AT2G29630
OG0004919	ostta07g03200	AT1G60620, AT1G60850
OG0004920		AT1G43690
OG0004921	ostta12g02980	AT5G35080
OG0004922	ostta01g04170	AT1G73060
OG0004923	ostta06g03240	AT5G45900
OG0004924	ostta07g00020	AT5G54260
OG0004925	ostta07g04010	AT2G44640, AT3G06960
OG0004926		AT5G38460
OG0004927	ostta03g00070	AT3G10220
OG0004928	ostta03g02530	AT1G60080
OG0004929	ostta06g01955	AT2G22040, AT3G18140
OG0004930	ostta04g04410, ostta15g02230	AT5G06620
OG0004931	ostta13g00070	AT3G27160, AT5G63300
OG0004932		AT3G50370
OG0004933		AT3G28670
OG0004934	ostta14g01850	AT1G75350
OG0004935	ostta09g04480	AT1G54380, AT2G42510
OG0004936		AT1G44780, AT4G08310
OG0004937	ostta08g03680	AT5G22110
OG0004938		AT1G80060, AT3G07860, AT4G32270, AT5G25340
OG0004939	ostta12g00810	AT2G15240
OG0004940	ostta17g00640	AT1G25260
OG0004941		AT5G09260, AT5G63880
OG0004942	ostta04g01710	AT1G77320
OG0004943	ostta01g06220	AT3G14120
OG0004944	ostta03g02925	AT2G20890
OG0004945	ostta01g04450	AT4G05000, AT4G21560
OG0004946		AT5G43430
OG0004947		AT4G03090
OG0004948	ostta09g01495	AT3G54130
OG0004949	ostta15g00890	AT1G21640
OG0004950	ostta04g02880, ostta08g03410	AT5G51880
OG0004951		AT1G55325
OG0004952		AT5G66030
OG0004953		AT3G06200
OG0004954	ostta15g02795	AT5G57950
OG0004955	ostta02g02240	AT1G27980
OG0004956	ostta07g03160	AT4G39690
OG0004957		AT5G07590
OG0004958		AT5G39960
OG0004959	ostta07g01020, ostta07g01030	AT4G34270
OG0004960		AT5G12260
OG0004961	ostta08g04250	AT3G43490, AT3G43503, AT3G43590, AT5G36240
OG0004962	ostta01g02890	AT4G06599
OG0004963	ostta14g01555	AT1G75670
OG0004964		AT3G56460
OG0004965	ostta01g03160	AT5G49880
OG0004966	ostta15g00940	AT2G01220, AT3G27610
OG0004967		
OG0004968		
OG0004969	ostta09g01930	AT1G55090
OG0004970	ostta13g00580	AT2G41490, AT3G57220
OG0004971		
OG0004972		ATMG00750
OG0004973	ostta14g00700	AT3G10230
OG0004974	ostta09g02630	AT5G48840
OG0004975	ostta06g00090	AT1G06790
OG0004976	ostta06g01640	AT5G65220
OG0004977	ostta14g02620	AT4G17650
OG0004978	ostta10g00010	AT3G11964
OG0004979	ostta05g01530	
OG0004980	ostta06g03620, ostta15g00640	
OG0004981		
OG0004982		
OG0004983	ostta14g02560	
OG0004984		
OG0004985		
OG0004986		
OG0004987		
OG0004988		
OG0004989		
OG0004990	ostta18g01100	AT1G54310
OG0004991		AT1G10740, AT1G23330
OG0004992	ostta05g01620	AT5G44370
OG0004993		AT1G15040, AT1G66860, AT5G38200
OG0004994		
OG0004995	ostta04g02650, ostta05g00490	AT3G55400
OG0004996		
OG0004997	ostta02g01420	AT4G03240
OG0004998		
OG0004999	ostta07g04750	AT1G48050
OG0005000		
OG0005001		AT5G64700
OG0005002	ostta13g00930	AT4G34920, AT4G34930, AT4G38690
OG0005003		AT2G21490, AT3G50980, AT4G39130, AT5G66400
OG0005004		AT3G01516, AT5G14690
OG0005005		AT3G55950, AT5G47850
OG0005006	ostta03g03770	AT5G47090
OG0005007		AT1G51350
OG0005008		ATCG00360
OG0005009	ostta15g01750	AT5G17930
OG0005010		AT3G12640
OG0005011	ostta10g00440	AT3G02400, AT4G14490
OG0005012		
OG0005013	ostta10g00520	AT1G67440, AT1G67460
OG0005014	ostta16g00660	AT1G08550
OG0005015		AT3G54220, AT5G41920
OG0005016	ostta16g00050	AT1G24610
OG0005017		AT3G57120
OG0005018	ostta13g01980	AT3G55830
OG0005019	ostta02g00390	AT2G45000
OG0005020		
OG0005021		AT5G60190
OG0005022	ostta09g04500	AT4G29170
OG0005023	ostta05g04650, ostta06g01290	AT2G48060
OG0005024		AT2G31840, AT4G28590
OG0005025	ostta15g00035	AT4G18460
OG0005026	ostta03g02850	
OG0005027		
OG0005028	ostta06g02630	AT5G61220
OG0005029	ostta04g05400	AT5G03900
OG0005030	ostta02g04530	AT1G26750
OG0005031	ostta01g05520	AT3G59650
OG0005032	ostta18g00680	AT1G20370, AT1G76120
OG0005033		ATCG00040
OG0005034		AT3G57990
OG0005035	ostta10g02860, ostta16g00590	AT4G14210
OG0005036	ostta15g02000	AT5G47890
OG0005037		AT1G19110, AT1G72500
OG0005038	ostta06g00765	AT5G14850
OG0005039		AT4G21105
OG0005040	ostta09g01280	AT5G09910, AT5G64813
OG0005041		AT1G04970
OG0005042		AT1G53450, AT3G14830
OG0005043	ostta06g04347	AT3G18940
OG0005044	ostta08g00590	AT2G26840, AT3G43910
OG0005045	ostta01g01890	AT5G38840
OG0005046	ostta05g00360	AT5G57280
OG0005047	ostta01g05510	AT1G14688, AT1G59560, AT1G63900
OG0005048	ostta03g05060	AT5G53000
OG0005049	ostta04g02750	AT4G02620
OG0005050	ostta05g01680	AT2G14050
OG0005051		AT1G22860
OG0005052	ostta18g01000	AT2G21960
OG0005053	ostta03g05050	AT5G67290
OG0005054	ostta09g04110	AT3G29010
OG0005055		AT4G25450
OG0005056		AT3G47300, AT5G58640
OG0005057		AT5G27710
OG0005058	ostta15g02620	AT5G40660
OG0005059		AT2G21290, AT2G38140
OG0005060		AT3G19820
OG0005061		AT3G09390, AT5G02380
OG0005062	ostta03g05880	AT1G52370, AT4G28360
OG0005063	ostta06g01560	AT3G60360
OG0005064		AT5G03770
OG0005065		AT1G20020, AT5G66190
OG0005066	ostta14g01220	AT5G24490
OG0005067	ostta11g00040	AT1G03160
OG0005068	ostta02g01120	AT1G23280
OG0005069	ostta14g02197	AT2G44050
OG0005070		AT1G54740, AT1G77932, AT3G63020, AT5G22390
OG0005071		AT2G44090, AT3G59910
OG0005072	ostta06g04290	AT1G06590
OG0005073	ostta10g03550	AT1G66590, AT1G69750
OG0005074	ostta08g03250	AT1G62730
OG0005075	ostta03g05480	AT5G60340
OG0005076	ostta04g02900	AT4G24270
OG0005077	ostta16g01930, ostta16g01950	AT3G02510, AT5G16040
OG0005078	ostta13g01240	AT3G16840
OG0005079		AT2G42810
OG0005080		AT1G55280
OG0005081	ostta03g05650	AT3G01740, AT5G14290
OG0005082	ostta07g02950	AT2G07340
OG0005083	ostta02g02920	AT5G09860
OG0005084	ostta13g02770	AT2G44820
OG0005085	ostta12g01940	AT3G13940
OG0005086	ostta07g03640	AT3G54440
OG0005087	ostta07g03340	AT4G30580
OG0005088		AT4G33540
OG0005089	ostta02g03640	AT1G48850
OG0005090	ostta15g01880	
OG0005091		AT3G11040, AT3G61010, AT5G05460
OG0005092		AT5G63460
OG0005093		AT3G03130, AT5G17160
OG0005094		AT5G52370, AT5G58990
OG0005095		AT2G30600
OG0005096	ostta01g02270	AT1G13180
OG0005097		AT1G12050
OG0005098	ostta07g04160	AT1G16080
OG0005099	ostta15g02640	AT1G12244
OG0005100	ostta09g04020	AT1G31870
OG0005101		AT4G01040
OG0005102	ostta05g03810	AT4G37190
OG0005103	ostta18g01220	AT5G23710
OG0005104	ostta17g01500	AT1G51710, AT3G21280
OG0005105	ostta01g05900	AT5G64730
OG0005106	ostta01g04980	AT4G34910
OG0005107	ostta03g03820	AT1G16210
OG0005108	ostta17g00540	AT5G19150
OG0005109	ostta08g03390, ostta09g02340	AT4G04670
OG0005110	ostta01g04730	AT2G42210, AT3G57900
OG0005111	ostta12g00070	AT1G31660
OG0005112	ostta18g01820	AT5G12410
OG0005113	ostta05g00270	AT3G15620
OG0005114		AT1G12060
OG0005115	ostta08g01300	AT2G21530
OG0005116		AT4G14330
OG0005117	ostta07g02350	AT1G12770
OG0005118	ostta18g01130	AT5G16280
OG0005119	ostta02g04180	AT3G13235
OG0005120	ostta03g00060	AT4G17590, AT4G26600, AT5G55920
OG0005121	ostta03g01170	AT3G13120
OG0005122	ostta02g01680	AT2G03690
OG0005123	ostta02g04130	AT1G04130
OG0005124	ostta11g01550	AT1G28140
OG0005125	ostta02g02760	AT4G17620
OG0005126	ostta02g00860	AT1G78800
OG0005127	ostta08g01340	AT5G54910
OG0005128	ostta06g01120	AT1G24793, AT1G25054, AT1G25145, AT1G25210
OG0005129	ostta12g00820	AT5G51340
OG0005130	ostta09g02570	AT5G06410
OG0005131	ostta13g02420	AT3G21390, AT5G48970
OG0005132	ostta15g02210	AT5G26760
OG0005133	ostta02g05340	AT1G08380
OG0005134	ostta04g02700	AT2G19270
OG0005135		AT2G38420, AT3G14580, AT4G01400, AT5G16420, AT5G64320
OG0005136	ostta01g03410, ostta09g03575	AT5G37530
OG0005137	ostta15g01130	AT5G66930
OG0005138	ostta09g00792	AT2G05140, AT2G37690
OG0005139		AT3G49600
OG0005140	ostta01g04830	AT5G51220
OG0005141	ostta15g01480	AT4G37270
OG0005142		AT3G23800, AT4G14030, AT4G14040
OG0005143	ostta18g01780	AT5G65960
OG0005144	ostta07g03520	AT5G01340
OG0005145	ostta15g02720	
OG0005146		
OG0005147	ostta06g00400, ostta06g01240, ostta12g02150, ostta17g01330	
OG0005148	ostta11g00520	AT2G01110
OG0005149	ostta03g04220	AT5G56740
OG0005150	ostta01g06140	AT1G30520
OG0005151		
OG0005152	ostta13g02640	AT1G73960
OG0005153	ostta14g00800	AT2G26350
OG0005154	ostta06g02930, ostta12g01430, ostta12g01830	
OG0005155	ostta14g00550	
OG0005156	ostta06g01830	AT3G07050
OG0005157		AT5G07670, AT5G51370, AT5G51380
OG0005158	ostta04g00990	
OG0005159	ostta09g01110, ostta12g01120	
OG0005160		
OG0005161	ostta07g02675	
OG0005162	ostta06g03180, ostta07g04650, ostta10g02480	
OG0005163		
OG0005164		
OG0005165		
OG0005166		
OG0005167		
OG0005168		
OG0005169		
OG0005170		
OG0005171		
OG0005172		
OG0005173		
OG0005174		
OG0005175	ostta18g01500	AT1G02100
OG0005176		ATCG00710
OG0005177		
OG0005178		AT1G22460, AT5G64600
OG0005179	ostta09g01440	AT3G08010
OG0005180	ostta13g00530	AT4G33460
OG0005181		
OG0005182		AT1G28120
OG0005183		AT2G45340, AT4G22730, AT5G51560
OG0005184	ostta05g04950	AT1G03360
OG0005185	ostta05g02790	AT1G61780
OG0005186		
OG0005187	ostta05g01480	AT2G25830
OG0005188		AT1G67325
OG0005189		AT2G02590
OG0005190	ostta03g03380	AT3G02260
OG0005191		AT1G12000, AT4G04040
OG0005192		AT2G39630
OG0005193		AT3G47820, AT5G40140, AT5G62560, AT5G65200
OG0005194		
OG0005195		AT1G19710, AT1G52420, AT1G75420, AT3G15940
OG0005196	ostta14g00960	AT5G44200
OG0005197		AT1G10890, AT5G13340
OG0005198	ostta07g00070	AT1G73180
OG0005199		AT1G71190, AT5G11870
OG0005200	ostta09g00500	AT4G09010
OG0005201	ostta12g02080	AT2G45280
OG0005202	ostta13g02890	AT1G29320
OG0005203		AT1G78280
OG0005204		AT1G28290, AT2G33790, AT5G05500
OG0005205	ostta09g03660	AT2G43770
OG0005206	ostta18g00590	AT3G25920
OG0005207	ostta08g01580	AT5G40530
OG0005208	ostta10g02610	AT3G22425, AT4G14910
OG0005209	ostta11g00910	AT1G44900
OG0005210		AT1G10790, AT3G10810, AT3G56590
OG0005211		AT1G80210, AT3G06820
OG0005212		AT4G03200
OG0005213	ostta18g00190	AT1G28100
OG0005214	ostta12g01520	AT1G07745
OG0005215	ostta14g02710	AT1G50000
OG0005216	ostta20g00910	AT5G63060
OG0005217	ostta11g00090	AT5G30490
OG0005218	ostta01g04150	AT5G64050
OG0005219	ostta01g00310	AT1G04900
OG0005220	ostta02g02820	AT1G69680
OG0005221		AT3G51640, AT3G51650
OG0005222		AT4G34490
OG0005223	ostta04g04320	AT4G33925
OG0005224	ostta17g02210, ostta19g00180	AT1G64570
OG0005225	ostta03g01880	AT3G49640
OG0005226		AT1G55160, AT2G19530
OG0005227		AT4G14110
OG0005228		AT1G30610, AT5G67570
OG0005229		AT4G17100
OG0005230	ostta01g04790	AT2G47980
OG0005231	ostta06g01200	AT3G26085
OG0005232	ostta08g02420	AT1G14300
OG0005233		AT3G55070
OG0005234		AT2G01770
OG0005235		AT1G07280, AT2G29670, AT3G47080
OG0005236		AT3G05190, AT5G27410
OG0005237	ostta08g03830	AT5G27395
OG0005238		AT1G64110, AT4G28000, AT5G52882
OG0005239	ostta20g00360	AT4G12130
OG0005240		AT1G21870, AT1G77610
OG0005241		AT1G51360, AT2G31670
OG0005242	ostta06g02850	AT1G76080
OG0005243	ostta12g02970	AT5G10920
OG0005244		AT1G80360
OG0005245	ostta04g05060	AT5G23550, AT5G24170
OG0005246	ostta11g00100	AT5G51140
OG0005247		
OG0005248	ostta08g01390, ostta11g01920	AT1G53520
OG0005249	ostta13g02780	AT4G27640
OG0005250		AT3G16730
OG0005251	ostta13g02090	AT4G32360
OG0005252		AT5G35430
OG0005253		AT2G02170
OG0005254	ostta01g01790	AT5G46840
OG0005255		AT3G19990
OG0005256	ostta09g04390	AT1G13870
OG0005257	ostta02g01410	AT3G56650
OG0005258	ostta03g00540	AT5G14100
OG0005259		AT5G10810
OG0005260	ostta04g02660	AT3G47930
OG0005261		AT5G21050, AT5G64090
OG0005262		AT2G14660
OG0005263	ostta02g05230	AT3G12260
OG0005264		AT2G21640, AT3G05570, AT4G39235
OG0005265	ostta03g03100	AT5G18570
OG0005266	ostta11g02450	AT4G31770
OG0005267	ostta13g02490	AT1G30960
OG0005268	ostta03g04750	AT3G10670
OG0005269	ostta02g00250	AT2G44860
OG0005270	ostta08g02100	AT3G59780
OG0005271	ostta02g05250	AT1G20000, AT4G20280
OG0005272		AT5G25900
OG0005273	ostta04g01120	AT3G48500
OG0005274	ostta14g02210	AT2G05120
OG0005275	ostta12g02990	AT3G11540
OG0005276	ostta06g01480	AT1G43860
OG0005277		AT1G04980, AT2G32920
OG0005278	ostta03g03680	AT5G56900
OG0005279	ostta07g02720	AT1G32500
OG0005280	ostta12g01330	AT2G39910
OG0005281	ostta15g02460	AT5G17250
OG0005282	ostta02g03670	AT2G18760
OG0005283	ostta04g02630	AT3G47450
OG0005284	ostta12g00090	AT2G21800, AT2G22140
OG0005285	ostta02g01360	AT1G56050
OG0005286	ostta18g01810	AT3G13225
OG0005287		
OG0005288	ostta13g02140	AT5G15390
OG0005289	ostta07g02630	AT3G59630
OG0005290		AT2G25355, AT4G32175
OG0005291	ostta20g00930	AT5G39790
OG0005292		AT3G44380
OG0005293	ostta13g00570	AT1G26940
OG0005294	ostta04g04340, ostta07g03320	AT5G35100
OG0005295	ostta06g04050	AT1G19025
OG0005296		AT1G66480, AT1G71015, AT2G01340, AT5G37840
OG0005297	ostta09g00280	AT2G40190
OG0005298		AT4G16570
OG0005299	ostta08g01320	AT3G02690
OG0005300	ostta05g01160	AT1G50020
OG0005301	ostta09g03080	AT4G01940
OG0005302		AT1G09340
OG0005303	ostta07g04450	AT1G48350
OG0005304	ostta06g04120	AT4G39970
OG0005305	ostta05g01080	AT1G42440
OG0005306		AT4G29720
OG0005307	ostta06g03670, ostta07g01440	AT5G25480
OG0005308		AT1G22870, AT1G71410
OG0005309	ostta11g02400	AT3G06680, AT3G06700
OG0005310	ostta20g00600	AT3G06950
OG0005311		AT5G48020
OG0005312		AT4G24680
OG0005313		AT4G37020
OG0005314	ostta10g02250	AT4G04680, AT5G06350, AT5G27010
OG0005315	ostta05g03790	AT1G09450
OG0005316	ostta14g00330	AT1G21190, AT1G76860
OG0005317	ostta01g01610, ostta07g01590	AT1G49350
OG0005318	ostta03g00550, ostta07g03000	AT3G52155
OG0005319		AT1G50940
OG0005320		AT1G55610, AT2G01950, AT3G13380, AT4G39400
OG0005321	ostta08g01360	AT3G33520
OG0005322	ostta09g01020	AT2G41020
OG0005323	ostta14g02070	AT1G48860, AT2G45300
OG0005324	ostta06g01460	AT3G25470
OG0005325	ostta14g01880	AT3G25980
OG0005326		AT5G11680
OG0005327	ostta01g03500	AT1G09300
OG0005328	ostta06g03370	AT4G01690
OG0005329		AT5G43600
OG0005330	ostta15g00570	AT4G11860, AT4G22960
OG0005331	ostta06g01910	AT2G25950
OG0005332		AT3G62360
OG0005333	ostta09g02070	
OG0005334	ostta17g01360	AT3G24430
OG0005335	ostta06g02130	AT1G26530, AT2G46230
OG0005336		AT2G28140, AT2G28690, AT3G44940, AT5G09940, AT5G22930, AT5G59760
OG0005337		AT2G37020
OG0005338	ostta06g01760	AT1G63290, AT3G01850
OG0005339	ostta18g00290	AT1G04730
OG0005340	ostta13g02030	AT5G52560
OG0005341		AT2G42780
OG0005342		AT5G22820
OG0005343	ostta18g01550	AT4G35250
OG0005344		AT5G65660
OG0005345	ostta01g05780	AT5G11980
OG0005346	ostta10g00390	AT4G11790
OG0005347	ostta09g03270	AT1G22970, AT1G22980, AT1G71150
OG0005348	ostta05g00560	AT3G17040
OG0005349	ostta02g02280	AT1G77090
OG0005350	ostta06g01030	AT1G78630
OG0005351		AT5G54440
OG0005352		AT1G03060, AT4G02660
OG0005353	ostta09g00760	
OG0005354	ostta02g02860	
OG0005355	ostta10g00820	AT3G50920, AT5G66450
OG0005356		AT5G08050
OG0005357	ostta08g00300	AT5G22830
OG0005358	ostta01g01580	AT1G03760
OG0005359		AT3G16220, AT3G16230
OG0005360	ostta05g03760	AT1G33390
OG0005361		
OG0005362		
OG0005363	ostta16g00630	AT1G77890, AT4G08540
OG0005364		
OG0005365		
OG0005366		
OG0005367		
OG0005368	ostta09g03480	
OG0005369	ostta06g01250	AT5G10780
OG0005370		
OG0005371	ostta12g02200	AT1G19800
OG0005372	ostta08g03610	AT4G33760
OG0005373		
OG0005374		
OG0005375		AT1G15190, AT1G30800, AT4G12950, AT4G29980
OG0005376		AT1G31370, AT1G31380, AT1G31390, AT1G31400, AT2G01790, AT2G05400, AT2G05410, AT2G05420, AT2G05430, AT2G42455, AT2G42460, AT2G42465, AT2G42470, AT2G42475, AT2G42480, AT3G27040, AT3G29580, AT3G44790, AT3G44800, AT3G44805, AT3G58200, AT3G58210, AT3G58230, AT3G58240, AT3G58250, AT3G58260, AT3G58270, AT3G58280, AT3G58290, AT3G58300, AT3G58320, AT3G58330, AT3G58340, AT3G58350, AT3G58360, AT3G58370, AT3G58380, AT3G58400, AT3G58410, AT3G58420, AT3G58430, AT3G58440, AT5G03550
OG0005377	ostta14g02410, ostta17g01420	
OG0005378		
OG0005379		
OG0005380		
OG0005381		
OG0005382		
OG0005383		
OG0005384		
OG0005385		
OG0005386		
OG0005387		
OG0005388		
OG0005389		AT1G18740, AT1G43630, AT1G63930, AT1G74450, AT4G11300, AT4G23530
OG0005390		AT1G55915
OG0005391		AT1G13650, AT2G03810
OG0005392		AT1G33670, AT2G26380, AT3G12610, AT3G20820, AT5G12940, AT5G23400
OG0005393		AT3G54230
OG0005394	ostta01g03940	AT1G29990
OG0005395	ostta05g02340, ostta05g03520	AT1G26550
OG0005396	ostta15g01760	AT1G73770, AT3G18240, AT4G21460
OG0005397	ostta02g02930	AT5G18440
OG0005398		ATCG00700
OG0005399		AT5G12200
OG0005400	ostta17g01890	AT5G58410
OG0005401	ostta07g01830	AT1G66510
OG0005402	ostta07g03740	AT1G65030
OG0005403	ostta02g05390	AT2G18900, AT3G26480
OG0005404		AT1G76170, AT2G44270
OG0005405		AT4G07990
OG0005406		AT5G49810
OG0005407		
OG0005408		
OG0005409	ostta15g00200	AT1G48170
OG0005410	ostta04g02600	AT1G13330
OG0005411	ostta03g03010	AT5G13830
OG0005412	ostta09g01340	AT3G09310
OG0005413		AT1G26840
OG0005414	ostta02g02010	AT4G02060
OG0005415	ostta01g03000, ostta08g01790	
OG0005416		
OG0005417		AT1G73160, AT4G19460, AT5G59070
OG0005418		AT2G44060
OG0005419	ostta09g03350	AT3G03500, AT5G17570
OG0005420	ostta06g03000	AT4G04880
OG0005421	ostta18g00800	AT4G30010
OG0005422	ostta07g04610	AT2G18850
OG0005423		AT3G62010
OG0005424		AT4G38240
OG0005425	ostta01g02940	AT4G13670
OG0005426	ostta18g00080	AT5G24350
OG0005427		AT2G26230
OG0005428	ostta13g00170	AT1G51110
OG0005429	ostta17g00280	AT3G62940
OG0005430		AT5G10470, AT5G65460
OG0005431	ostta10g02800	AT4G14965
OG0005432	ostta04g00070	AT1G71500
OG0005433		
OG0005434	ostta10g01600	AT5G58450
OG0005435	ostta01g04250	AT5G57300
OG0005436		AT4G22550
OG0005437	ostta04g03490	AT5G16850
OG0005438	ostta11g02530	
OG0005439	ostta06g01340	AT3G11945
OG0005440	ostta02g03140	AT3G15190
OG0005441		AT3G06930, AT5G49020
OG0005442	ostta09g03130	AT2G27750, AT5G05210
OG0005443	ostta13g02670	AT4G30150
OG0005444	ostta18g00070	AT4G00560
OG0005445		AT4G25970, AT5G57190
OG0005446		AT2G23390
OG0005447	ostta01g06370	AT4G29520
OG0005448	ostta16g00880	AT2G14870, AT5G12190
OG0005449	ostta07g00780	AT1G04870
OG0005450	ostta01g06465	AT1G02330
OG0005451	ostta02g05370	AT4G35490
OG0005452		AT3G30841, AT4G09520
OG0005453	ostta04g05190	AT5G46390
OG0005454		AT5G01160
OG0005455	ostta01g02845	AT5G22130
OG0005456	ostta04g03980	AT4G20960
OG0005457		AT1G29700
OG0005458		AT5G46020
OG0005459	ostta06g02470	AT3G20920
OG0005460	ostta13g01060	AT5G23120
OG0005461		
OG0005462	ostta17g01640	AT5G13680
OG0005463		
OG0005464	ostta09g03060	AT2G30200
OG0005465		AT2G18630, AT3G28310, AT4G34320, AT4G34330, AT5G66675
OG0005466	ostta05g03670	AT2G44510, AT5G03830
OG0005467	ostta03g05970	AT5G52980
OG0005468		AT2G39960, AT4G04200
OG0005469		AT1G64584, AT4G10810, AT4G24026
OG0005470	ostta04g01440	AT2G42310, AT3G57785
OG0005471	ostta07g01780	AT3G10405
OG0005472	ostta03g05370	AT2G40430
OG0005473	ostta04g04820	AT3G19720
OG0005474	ostta04g03820, ostta06g00410	AT2G23370, AT4G34090
OG0005475		AT3G26670
OG0005476		
OG0005477		AT1G67650, AT1G67680
OG0005478	ostta01g01860	AT3G21300
OG0005479		AT2G02160
OG0005480		AT5G63910
OG0005481	ostta02g05090	
OG0005482	ostta16g01010	AT1G53000
OG0005483		AT5G40670
OG0005484	ostta07g02855	AT4G32930
OG0005485		AT1G74910, AT2G04650
OG0005486		AT5G22480, AT5G37340
OG0005487	ostta07g00130	AT1G50490, AT3G20060
OG0005488	ostta16g02250	AT1G73820
OG0005489	ostta02g00490	AT3G12530
OG0005490	ostta06g00990	AT4G38120
OG0005491		AT2G25280
OG0005492		AT3G15390, AT5G58720
OG0005493	ostta01g04330	AT2G38270
OG0005494	ostta17g01390	AT1G12410
OG0005495	ostta16g01370	AT1G63660
OG0005496	ostta15g00220	AT1G16445
OG0005497		AT5G15170
OG0005498	ostta01g00410	AT1G48160
OG0005499	ostta12g00400	AT2G40860
OG0005500	ostta12g00640	AT4G08790
OG0005501	ostta14g01000	AT1G48380
OG0005502		AT1G61900, AT2G30700
OG0005503	ostta01g03420, ostta04g03800	AT1G16780, AT1G78920
OG0005504	ostta03g02150	AT2G07110, AT3G46210
OG0005505		AT2G01330, AT3G18060
OG0005506		AT5G63220
OG0005507	ostta09g02290	AT3G27640
OG0005508	ostta10g03380	AT1G29260
OG0005509	ostta13g00960	AT2G05620
OG0005510	ostta03g00610	AT2G38050
OG0005511	ostta06g00530	AT1G08640
OG0005512		AT2G42070
OG0005513	ostta17g01910	AT5G20660
OG0005514		AT5G52290
OG0005515	ostta09g00990	AT1G21690
OG0005516	ostta05g02070	AT1G44920
OG0005517	ostta06g02620	AT5G43822
OG0005518		AT5G48340
OG0005519		AT5G52580
OG0005520	ostta11g00050	AT1G63970
OG0005521	ostta11g02060	AT3G06455, AT4G01000
OG0005522	ostta02g05470	AT4G10050
OG0005523	ostta03g03670	AT1G21760
OG0005524	ostta06g01710	AT5G17990
OG0005525	ostta09g04400	AT2G34860
OG0005526	ostta03g01500	AT4G00231
OG0005527	ostta07g01960	AT5G19940
OG0005528	ostta07g03210	AT1G35530, AT1G36020
OG0005529		AT1G66680
OG0005530	ostta10g02000	AT2G26470
OG0005531	ostta08g01070	AT1G26170
OG0005532	ostta02g00630	AT5G58130
OG0005533	ostta11g02290	AT3G62140
OG0005534	ostta16g01760	AT5G61770
OG0005535		AT2G25730
OG0005536		AT1G77710
OG0005537	ostta01g01290	AT1G62780
OG0005538	ostta03g02690	AT2G31490
OG0005539		AT4G39370
OG0005540	ostta18g01865	AT2G35360
OG0005541	ostta03g02760	AT4G29910
OG0005542	ostta04g03230	AT2G47970, AT3G63000
OG0005543		AT3G21290
OG0005544	ostta08g03850	
OG0005545	ostta06g02910	AT3G59390
OG0005546	ostta14g00690	AT5G66470
OG0005547		AT1G74250
OG0005548		AT5G58760
OG0005549	ostta04g02930, ostta05g03980, ostta05g04030	AT4G08210, AT5G10690
OG0005550		AT3G05540, AT3G16640
OG0005551	ostta01g06010	AT5G14520
OG0005552	ostta11g01450	AT4G22285, AT4G22350, AT4G22410
OG0005553	ostta05g02940	AT3G20780
OG0005554	ostta03g00900	AT2G18410
OG0005555	ostta10g02220	AT2G34090
OG0005556		AT3G21200
OG0005557		AT5G11010
OG0005558	ostta15g00405	AT4G33060
OG0005559		AT3G60300
OG0005560	ostta11g01750	AT5G11900
OG0005561	ostta01g03090	AT1G11780
OG0005562	ostta05g04480	AT5G24630
OG0005563		AT4G30890
OG0005564	ostta06g01750	AT5G19280
OG0005565		AT2G37400, AT3G09490, AT3G18420, AT3G53560, AT4G39470, AT5G02590
OG0005566		
OG0005567	ostta09g02390	AT1G61280, AT2G39445
OG0005568	ostta08g03170	AT3G24080
OG0005569	ostta06g02900	AT1G69190, AT4G30000
OG0005570	ostta02g00087, ostta02g01040	AT5G64150
OG0005571		
OG0005572		AT1G68590, AT5G15760
OG0005573	ostta17g00840	AT1G14620
OG0005574	ostta13g01970	
OG0005575	ostta11g02790	AT1G65230
OG0005576		AT2G27450
OG0005577		AT2G19640
OG0005578	ostta08g00740	AT4G21520
OG0005579	ostta03g01640, ostta09g03190	
OG0005580	ostta12g00530	AT1G31730
OG0005581	ostta12g01450	AT5G09830
OG0005582	ostta09g00420	AT2G27340, AT3G58130
OG0005583	ostta16g01590	AT1G49380
OG0005584	ostta01g06430	AT1G60550
OG0005585		
OG0005586	ostta09g01580	AT2G20830
OG0005587	ostta13g02870	
OG0005588	ostta04g03920, ostta13g00140	
OG0005589	ostta03g00970	AT2G29530
OG0005590	ostta03g00740	AT1G10510
OG0005591	ostta01g02160	
OG0005592		AT1G15550, AT1G80330, AT1G80340, AT4G21690
OG0005593	ostta06g04560	
OG0005594	ostta01g04900	
OG0005595		
OG0005596		
OG0005597		
OG0005598		
OG0005599		
OG0005600		
OG0005601		
OG0005602		
OG0005603		
OG0005604		
OG0005605		
OG0005606		
OG0005607		
OG0005608		
OG0005609	ostta15g02310	AT5G12130
OG0005610	ostta14g01105	AT1G72190
OG0005611		AT5G26820
OG0005612		AT5G66680
OG0005613		AT4G29735
OG0005614		AT1G20225, AT1G76020
OG0005615	ostta01g04310	AT5G50840
OG0005616		
OG0005617	ostta01g02895	AT4G15520
OG0005618		AT5G24130
OG0005619	ostta10g03430	AT4G33030
OG0005620		AT2G31440
OG0005621		
OG0005622	ostta17g01200	AT4G24550
OG0005623		AT1G51405
OG0005624		AT4G18760, AT5G45770
OG0005625		
OG0005626		AT1G08110
OG0005627		AT1G03750
OG0005628		AT1G70620
OG0005629	ostta05g00420	AT3G49410, AT5G24450
OG0005630	ostta02g04710	AT5G08470
OG0005631	ostta14g01090	AT3G50685
OG0005632	ostta04g03090	AT2G43640
OG0005633		AT5G54080
OG0005634	ostta07g03400	AT2G20690
OG0005635	ostta03g01400	AT3G01790
OG0005636	ostta07g00040	AT3G02790, AT5G16470
OG0005637		AT5G11080, AT5G25270
OG0005638	ostta02g05520	AT1G01290
OG0005639	ostta13g01910	AT5G38660
OG0005640	ostta18g00940	AT1G50480
OG0005641	ostta03g03960	AT1G01210, AT4G07950
OG0005642		AT1G03250
OG0005643		AT4G33140
OG0005644	ostta14g00645	AT1G45110
OG0005645	ostta12g01030	AT2G26540
OG0005646	ostta14g00470	AT5G11960
OG0005647	ostta03g05040	AT4G02790
OG0005648		AT1G10500
OG0005649	ostta15g01380	AT5G05200
OG0005650	ostta04g02760	AT1G04945
OG0005651	ostta01g02620	AT1G05730, AT1G05740, AT2G31725, AT2G43720
OG0005652	ostta02g02490	AT1G15440
OG0005653		AT1G12380, AT1G62870
OG0005654	ostta12g02485	AT1G63160
OG0005655		AT3G54170
OG0005656	ostta03g02340	AT3G09720
OG0005657		AT1G07950, AT1G16430
OG0005658		AT5G21040
OG0005659		AT2G27090, AT4G39790
OG0005660		AT3G09540, AT3G55140
OG0005661		
OG0005662	ostta11g01420	AT4G34070, AT5G06260
OG0005663		AT1G31480
OG0005664	ostta05g02170	AT3G27460, AT5G40550
OG0005665	ostta07g04220	AT5G52110
OG0005666	ostta02g03200	AT1G11880
OG0005667	ostta05g03420	AT5G01230
OG0005668	ostta05g02418	AT2G21280
OG0005669	ostta03g00940	AT5G18525
OG0005670		AT2G15320, AT3G59510, AT5G66330
OG0005671		AT2G39580
OG0005672	ostta03g00360	AT3G23700
OG0005673		AT1G64660
OG0005674		AT1G52330, AT4G13270
OG0005675	ostta05g03110	AT5G37055
OG0005676	ostta08g01470	AT4G24880
OG0005677	ostta07g02170	AT5G38890
OG0005678	ostta06g02980	AT2G40780
OG0005679		AT3G18620
OG0005680		AT5G18480
OG0005681		AT3G45740
OG0005682		AT1G79985
OG0005683	ostta20g00920	AT4G02530
OG0005684	ostta05g04980	AT4G02260
OG0005685		
OG0005686		AT4G38370
OG0005687		AT5G27450
OG0005688	ostta01g02570	
OG0005689		AT3G18165
OG0005690	ostta10g00970	AT2G31955
OG0005691		AT5G57460
OG0005692	ostta17g02220	AT5G06360
OG0005693		AT3G09890, AT5G39920
OG0005694		AT2G19950
OG0005695		AT5G04830
OG0005696	ostta15g00900	AT3G63140
OG0005697	ostta16g01390	AT5G18070
OG0005698		AT1G72390
OG0005699		AT2G43090, AT2G43100, AT3G58990
OG0005700		AT1G67210, AT5G38600
OG0005701		AT5G11620
OG0005702	ostta02g03450	AT5G64630
OG0005703	ostta13g01590	AT5G04920
OG0005704		AT4G30840
OG0005705	ostta11g01130	AT1G19140
OG0005706	ostta03g03490	AT2G37970
OG0005707	ostta05g00180	AT5G66130
OG0005708	ostta03g04040	AT2G19240, AT4G29950, AT5G57210
OG0005709	ostta07g03570	AT2G02500
OG0005710		AT3G50030, AT5G10200, AT5G43120
OG0005711	ostta09g02730	AT3G13180
OG0005712		AT3G57910
OG0005713		AT4G01880
OG0005714	ostta03g02200	AT3G10540, AT5G04510
OG0005715		AT2G35320
OG0005716	ostta04g02370	AT1G35340
OG0005717		AT3G14910
OG0005718	ostta04g02060	AT5G65860
OG0005719	ostta11g02410	AT2G26590
OG0005720	ostta14g01300	AT3G11220
OG0005721	ostta16g01480	AT4G31790
OG0005722	ostta16g02065	AT4G12590
OG0005723	ostta08g00340, ostta15g01310	AT1G74530
OG0005724		AT3G17810
OG0005725	ostta16g01910	AT2G26930
OG0005726	ostta14g00500	AT3G21110
OG0005727	ostta12g02930	AT3G48195
OG0005728		AT5G51150
OG0005729	ostta10g01260	AT1G53580
OG0005730	ostta06g03680	AT5G17170
OG0005731	ostta04g00020, ostta16g02630	AT4G20350
OG0005732	ostta10g03140	AT4G37200
OG0005733	ostta08g01510	AT5G35690
OG0005734	ostta02g02340	AT2G03667
OG0005735	ostta07g01360	AT3G47630
OG0005736	ostta07g03230	AT3G52300
OG0005737	ostta11g00470	AT3G17880, AT4G22670
OG0005738	ostta06g02150	AT1G05055
OG0005739	ostta01g03080	AT2G17240, AT3G24506
OG0005740	ostta01g02130	AT2G23840
OG0005741	ostta08g03210	AT3G61540
OG0005742	ostta09g01100	AT3G66658
OG0005743	ostta08g01810	AT3G26580
OG0005744	ostta03g04080	AT5G19050
OG0005745	ostta02g01790	AT3G58140
OG0005746	ostta01g00140	AT3G48420
OG0005747		AT2G03390
OG0005748		AT2G35110
OG0005749		AT2G33740
OG0005750	ostta05g02235	AT2G32160, AT2G32170
OG0005751		AT2G22570
OG0005752	ostta08g00920	AT2G19560
OG0005753		AT1G63610
OG0005754	ostta03g02370	AT1G17850
OG0005755	ostta06g00900	AT5G01510
OG0005756	ostta03g02560	AT3G03070
OG0005757	ostta10g03290	AT3G06980
OG0005758	ostta07g01380	AT1G49980
OG0005759	ostta08g00170	AT1G65700
OG0005760	ostta15g02320	AT2G19870
OG0005761		AT2G19880
OG0005762	ostta15g00765	AT5G62030
OG0005763	ostta10g01870	AT2G20360
OG0005764	ostta13g01440	AT1G26520
OG0005765	ostta12g01720	
OG0005766	ostta14g01430	AT2G22650
OG0005767		AT4G21895, AT5G52890, AT5G54930
OG0005768	ostta07g01570	
OG0005769		
OG0005770	ostta01g05420	AT3G44600
OG0005771	ostta01g01200	AT1G72020
OG0005772		
OG0005773		AT1G20110
OG0005774	ostta14g02930	AT5G08540
OG0005775	ostta01g00130, ostta08g02480	
OG0005776	ostta04g03970	AT3G07910
OG0005777	ostta15g00210	AT1G71430
OG0005778	ostta05g00990	AT5G19855
OG0005779	ostta07g02320	
OG0005780	ostta16g02590	AT1G16720
OG0005781	ostta08g03340	AT1G03600
OG0005782	ostta01g05640	AT1G78915
OG0005783	ostta08g01680	AT3G27310
OG0005784	ostta16g02010	AT1G76630
OG0005785		AT3G50560
OG0005786		
OG0005787	ostta03g00110, ostta05g03150	
OG0005788		
OG0005789		
OG0005790		
OG0005791		
OG0005792		
OG0005793		
OG0005794		
OG0005795		
OG0005796		
OG0005797		
OG0005798		
OG0005799		AT2G44650, AT3G60210
OG0005800	ostta13g01750	AT3G17930
OG0005801	ostta01g00270	AT2G43560
OG0005802	ostta18g00660	AT2G44920
OG0005803		AT1G01710
OG0005804		
OG0005805		AT1G18880, AT1G27080, AT1G69870, AT3G47960, AT5G62680
OG0005806	ostta03g01440	AT1G18060
OG0005807	ostta14g02795	AT3G60810
OG0005808	ostta04g03300	AT2G23940, AT4G30500
OG0005809	ostta08g02180	AT1G52980
OG0005810		AT4G19190
OG0005811		AT3G27700
OG0005812		AT3G26890, AT5G41110
OG0005813		AT5G18410
OG0005814		AT1G49730, AT3G19300
OG0005815	ostta02g03630	AT1G72320
OG0005816	ostta14g00185	AT3G17670
OG0005817	ostta14g00850	AT2G44580
OG0005818	ostta04g04265	AT1G80500
OG0005819		AT1G24560, AT3G49055
OG0005820	ostta01g05290, ostta04g00860	AT5G66530
OG0005821		AT4G39420
OG0005822	ostta11g01120	AT2G38780
OG0005823	ostta11g00640	AT3G03890
OG0005824		AT1G72990
OG0005825	ostta16g02045	AT1G21710
OG0005826		AT5G03280
OG0005827		AT4G24330, AT5G49945
OG0005828	ostta11g00480	AT5G02130
OG0005829	ostta03g01380	AT5G63830
OG0005830	ostta02g03750	AT4G25315
OG0005831	ostta05g04190	AT1G52530
OG0005832	ostta04g03840	AT2G36740
OG0005833	ostta09g01450	AT5G19130
OG0005834		AT2G37680
OG0005835	ostta02g04700, ostta10g03500	AT3G26070, AT3G26080
OG0005836	ostta14g02810	AT5G48120
OG0005837		ATCG00590
OG0005838	ostta11g03100	AT1G53760
OG0005839		AT4G21150
OG0005840	ostta12g01020	AT3G09660
OG0005841		AT1G24330, AT1G27910, AT1G67530
OG0005842	ostta05g04110	AT3G27730
OG0005843	ostta09g01770	AT4G32820
OG0005844		AT4G11175
OG0005845		AT1G63720, AT1G76660
OG0005846		AT4G15420
OG0005847	ostta02g00690	AT5G46280
OG0005848	ostta02g05220	AT2G35790
OG0005849	ostta06g00590	AT1G77620
OG0005850		AT3G29390
OG0005851		AT3G15110
OG0005852		AT1G54150
OG0005853		AT4G21580
OG0005854	ostta17g02020	AT4G28830
OG0005855		AT4G00090
OG0005856	ostta12g00330	AT5G49510
OG0005857		AT4G17580, AT5G47120, AT5G47130
OG0005858		AT3G56720
OG0005859	ostta08g02060	AT5G61530
OG0005860		AT3G52610
OG0005861	ostta05g03820	AT1G29070
OG0005862		AT5G03220, AT5G03500
OG0005863		AT1G31190
OG0005864		AT5G40160, AT5G66055
OG0005865		AT1G12970, AT3G11330, AT3G26500, AT5G05850
OG0005866		AT1G16020, AT1G80910
OG0005867		AT2G34050
OG0005868		AT1G18620, AT1G74160, AT3G02170, AT5G15580
OG0005869		AT3G20720
OG0005870	ostta04g05250	AT5G53920
OG0005871	ostta12g00030	AT2G21870
OG0005872		AT5G52200
OG0005873	ostta16g01490	AT5G64816
OG0005874	ostta01g03900	AT2G40650
OG0005875		AT1G30300, AT4G03610
OG0005876	ostta04g03900	AT5G08740
OG0005877	ostta07g04060	AT5G22620
OG0005878		
OG0005879		AT2G25590, AT4G32440, AT5G20030
OG0005880		AT1G51720
OG0005881		AT3G27340
OG0005882		AT3G19220
OG0005883		AT2G36810
OG0005884		AT1G08480
OG0005885	ostta05g04720	AT3G53220
OG0005886	ostta20g00330	AT5G19910
OG0005887		AT5G55960
OG0005888	ostta03g05280	AT5G48790
OG0005889		AT4G06634
OG0005890	ostta13g02060	AT4G16630
OG0005891		AT2G25120, AT3G43990, AT4G11560, AT4G23120
OG0005892	ostta06g03220	AT4G14890
OG0005893		AT3G21350
OG0005894		AT5G10720
OG0005895	ostta14g01100	AT1G20410
OG0005896	ostta11g00860	AT5G03905
OG0005897		AT1G28320
OG0005898	ostta16g01070	AT5G16690
OG0005899	ostta15g00870	AT5G08270, AT5G23200
OG0005900	ostta01g03360	AT5G39600
OG0005901		AT2G14680
OG0005902		AT2G20825, AT4G28190
OG0005903	ostta06g01450	AT5G23290
OG0005904		AT2G39300, AT3G55060
OG0005905	ostta03g05910	AT5G62530
OG0005906	ostta02g04980	AT3G05410
OG0005907	ostta12g01630	AT1G17890, AT1G73250
OG0005908	ostta18g00850	AT4G38225
OG0005909		AT5G26940
OG0005910	ostta08g03350	AT5G58110
OG0005911		AT4G01810
OG0005912		AT5G62140
OG0005913	ostta06g03550	AT4G39920
OG0005914	ostta05g02620	AT5G50870
OG0005915	ostta14g01820	
OG0005916	ostta02g03170	AT5G64250
OG0005917		AT1G06110
OG0005918	ostta16g01920	AT4G15510
OG0005919	ostta13g01090	AT5G20930
OG0005920		AT3G22530, AT4G14830
OG0005921		AT2G44660
OG0005922	ostta15g01850	AT5G18660
OG0005923	ostta07g00240	AT1G48580
OG0005924		AT1G03000
OG0005925	ostta04g02810	AT3G28460
OG0005926	ostta11g00970	AT2G20930
OG0005927	ostta01g03230	AT2G28605
OG0005928	ostta20g00660	AT5G51545
OG0005929		AT5G59960
OG0005930	ostta16g01120	AT5G51170
OG0005931	ostta12g02160	AT1G69340
OG0005932	ostta03g00480	AT5G67530
OG0005933	ostta02g04720	AT3G52040
OG0005934		AT4G17050
OG0005935		AT2G42240, AT3G13700
OG0005936	ostta07g01205	AT3G20390
OG0005937	ostta09g01160	AT2G21860
OG0005938	ostta01g02330, ostta05g02890	AT4G28020
OG0005939	ostta04g02690	AT3G60370
OG0005940		AT5G15530, AT5G16390
OG0005941	ostta14g01870	AT2G22260
OG0005942	ostta16g00420	AT2G04700
OG0005943	ostta05g03210	AT4G09730
OG0005944	ostta13g00320	AT3G56040
OG0005945		
OG0005946		
OG0005947	ostta10g02025	
OG0005948	ostta05g02880	AT3G12930
OG0005949	ostta12g01780	AT5G62840
OG0005950		AT3G48380
OG0005951		AT2G43400
OG0005952	ostta09g02910	AT2G48070
OG0005953	ostta05g03460	AT5G09680
OG0005954		
OG0005955	ostta11g01280	AT2G02765, AT3G11470
OG0005956	ostta01g01120	AT1G30130
OG0005957	ostta02g00340	AT1G32200
OG0005958		AT2G31620, AT3G21900, AT3G21910, AT3G21920, AT3G21930, AT3G21940, AT3G21945, AT3G21960, AT3G21970, AT3G21980, AT3G21990, AT3G22000, AT3G22010, AT3G22020, AT3G22030, AT3G22040, AT3G22050, AT3G22053, AT3G22057, AT3G22060, AT3G29040, AT3G29050, AT3G58310, AT4G20530, AT4G20540, AT4G20550, AT4G20560, AT4G20570, AT4G20580, AT4G20590, AT4G20600, AT4G20610, AT4G20620, AT4G20630, AT4G20640, AT4G20645, AT4G20670, AT4G20680
OG0005959	ostta16g02220	AT3G04780
OG0005960		
OG0005961		
OG0005962	ostta07g03450, ostta09g02510, ostta14g01690, ostta19g00140, ostta19g00400, ostta19g00490	
OG0005963	ostta12g01080	
OG0005964		
OG0005965		
OG0005966		
OG0005967		
OG0005968		
OG0005969		
OG0005970		
OG0005971		
OG0005972		
OG0005973		
OG0005974		
OG0005975		
OG0005976	ostta02g01780	AT1G53690, AT5G41010
OG0005977		AT1G28190, AT5G12340
OG0005978	ostta20g00630	AT1G60430
OG0005979		AT1G18000, AT1G18010
OG0005980		AT1G64430
OG0005981	ostta15g02820	AT2G37560
OG0005982		AT1G09710, AT1G58220
OG0005983	ostta07g03030	AT5G48870
OG0005984	ostta13g00500	AT1G07040, AT1G27020, AT1G27030
OG0005985	ostta17g02240	AT5G64670
OG0005986		AT3G45310, AT5G60360
OG0005987		AT1G76730
OG0005988		AT2G27310, AT2G36090, AT3G44326
OG0005989		AT3G24495
OG0005990		AT4G25330
OG0005991		AT3G24160
OG0005992	ostta11g01400	AT1G67630
OG0005993		AT1G21410, AT1G77000
OG0005994	ostta08g02980	AT1G72050
OG0005995		
OG0005996	ostta01g04810	AT3G61870
OG0005997		
OG0005998	ostta02g00740, ostta07g04130	AT5G06240
OG0005999		AT3G07210
OG0006000		
OG0006001		AT4G33980, AT5G42900
OG0006002		AT4G25610
OG0006003	ostta04g03410	AT5G01350
OG0006004	ostta02g03930	AT1G34000
OG0006005		
OG0006006		AT4G17960, AT5G46620
OG0006007	ostta07g03810	AT3G58460
OG0006008		AT5G42670, AT5G52070
OG0006009	ostta15g00880	AT3G55850
OG0006010	ostta09g03220	AT1G62190, AT2G22890, AT4G27030
OG0006011	ostta02g02150	AT1G19130
OG0006012		AT1G05350
OG0006013		AT1G27530
OG0006014		AT3G02760
OG0006015		AT1G47420
OG0006016	ostta17g02390	AT4G00030
OG0006017	ostta17g00920	AT1G21370
OG0006018		AT3G52120
OG0006019	ostta01g04010	AT2G28450
OG0006020		AT2G12550
OG0006021		AT2G46670, AT5G61380
OG0006022	ostta03g04310	AT2G02410
OG0006023	ostta05g00700	AT3G17300
OG0006024	ostta08g03050	AT1G03030
OG0006025		
OG0006026	ostta08g02690	AT2G37500
OG0006027	ostta02g02210	AT5G52910
OG0006028	ostta02g03570	AT5G40280
OG0006029	ostta06g02590	AT4G35540
OG0006030	ostta09g03260	AT1G64350
OG0006031		AT5G57120
OG0006032		AT3G17210, AT5G22580
OG0006033		AT3G54360
OG0006034	ostta14g00570	AT1G19370, AT1G75140
OG0006035	ostta01g01770	AT1G75340
OG0006036		AT1G10830
OG0006037		AT5G64930
OG0006038	ostta07g00360	AT1G64185, AT5G41650
OG0006039	ostta08g01895	AT5G08340, AT5G23330
OG0006040		AT5G46850
OG0006041		AT2G26340
OG0006042		AT1G52155
OG0006043	ostta11g00530	AT5G59980
OG0006044		AT2G45950, AT3G61415
OG0006045	ostta01g03920	AT1G67700
OG0006046		AT5G19680
OG0006047		AT5G06830
OG0006048	ostta01g04275	AT1G51160
OG0006049	ostta15g00250	AT3G11830
OG0006050	ostta06g00180	AT5G22370
OG0006051		AT1G28520, AT2G42400
OG0006052	ostta08g03580	AT4G30720
OG0006053		AT2G03070
OG0006054	ostta08g03980	AT4G28005, AT5G52840
OG0006055	ostta04g02720	AT4G36530
OG0006056	ostta05g03680	AT1G49590
OG0006057	ostta13g01030	AT1G65900
OG0006058	ostta13g01330	AT2G36145
OG0006059	ostta15g01340	AT2G41530
OG0006060		AT2G13370
OG0006061	ostta12g02180	AT1G54780
OG0006062		AT2G46915
OG0006063		AT1G68660
OG0006064	ostta05g01320	AT3G02060
OG0006065		AT2G41960, AT3G58050
OG0006066		AT3G10020
OG0006067		AT5G42890
OG0006068	ostta07g00550	AT4G16450
OG0006069		AT5G10010, AT5G64910
OG0006070	ostta02g03830	AT4G17830
OG0006071	ostta07g04500	AT1G23360
OG0006072	ostta07g01320	AT1G35170, AT1G35180, AT1G45010
OG0006073		AT2G38700, AT3G54250
OG0006074		AT4G25840, AT5G57440
OG0006075		AT5G63080
OG0006076	ostta04g05000	AT5G57370
OG0006077	ostta02g03880	AT5G24020
OG0006078	ostta04g04065	AT1G05385
OG0006079		AT2G21980, AT2G41350
OG0006080	ostta08g00420	AT2G39090
OG0006081	ostta16g01260	AT3G09580
OG0006082		AT1G73020
OG0006083		AT3G50910, AT5G66480
OG0006084	ostta06g02605	AT3G26710
OG0006085	ostta12g02570	AT2G47960
OG0006086	ostta08g02870	AT3G01920
OG0006087	ostta01g01520	AT5G43680
OG0006088	ostta12g03010	AT5G10070
OG0006089	ostta06g02050	AT1G42480
OG0006090		AT5G57030
OG0006091	ostta16g01795	AT4G37830
OG0006092		AT3G09180
OG0006093	ostta01g02630	AT3G07180
OG0006094		AT1G71865
OG0006095	ostta06g01350	AT1G32550
OG0006096	ostta09g03170	AT3G07670
OG0006097	ostta18g01580	AT5G64520
OG0006098		AT1G08780
OG0006099	ostta10g02470	AT5G19370
OG0006100	ostta08g00130	AT5G17070
OG0006101	ostta07g04020	
OG0006102	ostta04g03770	AT5G58740
OG0006103		AT4G32960, AT4G32970
OG0006104	ostta04g02310	AT3G26135, AT5G19840
OG0006105	ostta08g00720	AT1G59840
OG0006106		AT2G04900
OG0006107	ostta07g03800	AT5G27560
OG0006108	ostta04g04310	AT1G02870
OG0006109	ostta07g03885	AT5G55140
OG0006110	ostta03g05435	AT5G53800
OG0006111		AT1G05370, AT3G22410
OG0006112		AT3G49570, AT3G49580, AT5G24655, AT5G24660
OG0006113	ostta01g02480	AT1G14810
OG0006114		AT1G26330
OG0006115	ostta11g00740	
OG0006116	ostta03g02700	AT1G23770, AT1G23780, AT1G70360
OG0006117	ostta02g02780	
OG0006118	ostta03g04840	AT1G20065, AT3G25940
OG0006119	ostta03g05145, ostta03g05160	
OG0006120	ostta10g01500	AT5G01590
OG0006121	ostta14g00410	
OG0006122	ostta08g00190	AT4G32320
OG0006123	ostta14g00280	
OG0006124	ostta08g03490	AT3G01200, AT4G21210
OG0006125	ostta04g04120	AT5G19485
OG0006126	ostta16g00330	AT1G07320
OG0006127	ostta18g00860	AT3G56290
OG0006128	ostta11g00980	AT3G13490
OG0006129		
OG0006130	ostta03g04590	AT5G19210
OG0006131		AT3G17590
OG0006132	ostta18g01690	
OG0006133	ostta11g02540	
OG0006134	ostta14g02235	AT2G27290
OG0006135		AT3G05680
OG0006136	ostta04g02320	AT5G44650
OG0006137	ostta05g03900	AT5G11270
OG0006138		
OG0006139	ostta18g01540	AT2G38570
OG0006140	ostta01g00970	AT1G71350
OG0006141		AT1G10110, AT1G27540, AT1G27550, AT1G27580, AT1G67160, AT1G69090, AT2G03560, AT2G03580, AT2G03610, AT2G04810, AT2G04830, AT2G04840, AT2G05970, AT2G14290, AT2G14500, AT2G24080, AT2G33190, AT2G33200, AT3G03726, AT3G03730, AT3G22333, AT3G22337, AT3G22345, AT4G10820, AT4G12810, AT4G12820, AT4G14165, AT4G17565, AT4G22035, AT4G22060, AT4G22165, AT4G22170, AT4G22180, AT4G22660, AT5G14160, AT5G25290, AT5G25300, AT5G38270, AT5G66830
OG0006142		AT1G12540, AT1G62975, AT4G25400, AT4G25410, AT5G51780, AT5G51790
OG0006143	ostta05g04200	AT1G27880
OG0006144	ostta12g00500	AT5G63610
OG0006145		
OG0006146		
OG0006147		
OG0006148	ostta08g01620	
OG0006149		
OG0006150		
OG0006151		
OG0006152		
OG0006153		
OG0006154		
OG0006155		
OG0006156		
OG0006157		
OG0006158		
OG0006159		
OG0006160		
OG0006161		
OG0006162		
OG0006163		
OG0006164		
OG0006165		AT5G42470
OG0006166		AT1G50960, AT4G21200
OG0006167		AT3G51510
OG0006168		AT2G40400, AT3G56140
OG0006169	ostta09g00820	AT1G01860
OG0006170		AT1G29030, AT2G34040
OG0006171	ostta07g03600	AT5G48390
OG0006172		AT1G09812, AT1G11120, AT1G58007, AT4G28170
OG0006173		AT2G38860, AT3G02720, AT3G54600
OG0006174	ostta01g01140	AT4G14147
OG0006175		AT1G20180, AT3G19250, AT3G19330, AT3G49070
OG0006176	ostta18g01430	AT5G25770
OG0006177		AT3G19840
OG0006178		AT3G18730
OG0006179		AT5G18860, AT5G18870, AT5G18890
OG0006180		AT2G15860
OG0006181	ostta04g02280	AT2G19380, AT2G19385, AT2G22100
OG0006182		AT3G44485, AT3G44620, AT3G44665
OG0006183		
OG0006184	ostta18g00180	AT3G05210
OG0006185		AT3G12010
OG0006186	ostta13g01450	AT2G03430
OG0006187	ostta04g04970	AT3G02820
OG0006188		AT5G48540
OG0006189	ostta10g02920	AT4G34700
OG0006190		
OG0006191	ostta07g02590	AT4G25080
OG0006192		AT1G22950, AT1G48700, AT1G48740, AT3G18210, AT5G43660
OG0006193		
OG0006194		
OG0006195	ostta03g01300	AT3G17470
OG0006196		AT3G54290
OG0006197		
OG0006198		AT1G26650, AT1G69430
OG0006199		AT5G27390
OG0006200	ostta07g02540	AT1G67180
OG0006201		AT1G11990, AT1G29200, AT1G62330
OG0006202		AT2G35260, AT4G17840
OG0006203		AT5G51960
OG0006204		AT3G51240
OG0006205		AT1G12930
OG0006206		AT3G61980, AT4G01575
OG0006207	ostta07g04510	AT3G45040
OG0006208	ostta01g02240	AT3G15180
OG0006209	ostta07g01560	AT2G35500
OG0006210	ostta01g03430	AT5G51040
OG0006211	ostta07g00290	AT2G18990, AT3G25580
OG0006212	ostta01g05540	AT2G02050
OG0006213		AT4G27610, AT4G27620
OG0006214		
OG0006215		AT1G01470, AT2G46140
OG0006216		AT3G55250
OG0006217	ostta01g00160	AT1G04200
OG0006218	ostta08g03515	AT5G09310
OG0006219	ostta08g01780	
OG0006220	ostta13g00160	AT1G19690
OG0006221	ostta18g01460	AT4G39880
OG0006222	ostta03g00420	AT1G17330
OG0006223		AT5G20170
OG0006224	ostta07g00385	AT1G04620
OG0006225	ostta06g02010	AT1G53120
OG0006226	ostta02g04910	AT3G04460
OG0006227		AT5G60900
OG0006228	ostta13g02040	AT5G41880
OG0006229		AT2G45250, AT4G38280
OG0006230	ostta08g01660	AT1G06240
OG0006231		AT5G03860
OG0006232		AT2G24830
OG0006233		AT1G21580
OG0006234	ostta07g00650	AT4G39820
OG0006235		AT1G08200, AT2G27860
OG0006236		AT4G02980
OG0006237		AT5G57655
OG0006238		AT5G49540
OG0006239		AT5G48440
OG0006240		AT2G01080
OG0006241		AT5G46180
OG0006242	ostta05g04415	AT1G78995
OG0006243		AT3G14280
OG0006244		AT3G26380
OG0006245	ostta03g04060	AT5G26180
OG0006246	ostta16g02347	AT1G59990
OG0006247		AT5G24750
OG0006248		AT3G28720
OG0006249		AT1G06820
OG0006250		AT5G21070
OG0006251	ostta04g00480	
OG0006252		
OG0006253		AT4G01660
OG0006254		AT4G02560
OG0006255		AT5G58070
OG0006256		AT5G19920, AT5G50970
OG0006257		AT4G33590, AT4G33600
OG0006258	ostta13g00210	AT4G22720
OG0006259		
OG0006260	ostta09g03720	AT4G16210
OG0006261		AT2G38710
OG0006262		AT4G35910
OG0006263	ostta04g03360	AT2G03420
OG0006264		AT4G16510
OG0006265		AT5G38880
OG0006266	ostta03g04300	AT5G24340
OG0006267	ostta18g00980	AT1G01930
OG0006268		AT3G19920, AT5G64230
OG0006269	ostta06g04390	AT5G45760
OG0006270	ostta14g02010	AT5G56090
OG0006271		AT5G49150
OG0006272		AT1G13030
OG0006273		AT4G01900
OG0006274		AT1G33330
OG0006275		AT1G15330, AT1G80090
OG0006276	ostta01g01410	AT1G02270
OG0006277		AT5G11810
OG0006278		AT2G43950
OG0006279		AT1G75020, AT3G18850
OG0006280	ostta11g03270	AT3G56330
OG0006281		AT1G61410, AT3G23100
OG0006282	ostta15g02530	AT1G73790, AT4G09550
OG0006283		AT1G43560, AT1G76760
OG0006284	ostta17g01620	AT5G12220
OG0006285	ostta14g00795	AT1G72640
OG0006286	ostta12g00490	AT2G47690, AT3G62790
OG0006287		AT2G44870
OG0006288	ostta10g01350	AT2G34980
OG0006289	ostta01g06420	AT1G03110
OG0006290		AT2G17350
OG0006291		AT3G15410
OG0006292	ostta15g01030	AT1G68100
OG0006293		AT4G20850
OG0006294	ostta08g00490	AT1G49540
OG0006295	ostta05g04810	AT1G34770
OG0006296		AT4G31200
OG0006297		AT1G48140
OG0006298		
OG0006299		
OG0006300		
OG0006301		
OG0006302		
OG0006303	ostta01g03530	
OG0006304		
OG0006305		AT3G57320
OG0006306		
OG0006307	ostta01g01350	
OG0006308		AT3G08800
OG0006309		
OG0006310	ostta09g03340	AT3G04480
OG0006311		AT2G16790
OG0006312		
OG0006313		AT1G53140
OG0006314		
OG0006315	ostta07g01575	AT1G76060
OG0006316	ostta10g01240	AT1G13310
OG0006317		
OG0006318		AT3G57400, AT5G52500
OG0006319	ostta01g01620, ostta07g01600	
OG0006320		
OG0006321	ostta01g01780, ostta05g03390, ostta20g00640	
OG0006322	ostta17g01260	AT4G24090
OG0006323		AT1G32415
OG0006324		AT1G45616, AT1G47890, AT1G71390, AT1G71400, AT2G15042, AT2G15080, AT2G25440, AT2G32660, AT2G32680, AT2G33020, AT2G33030, AT2G33050, AT2G33060, AT2G33080, AT3G05360, AT3G05370, AT3G05650, AT3G05660, AT3G11010, AT3G11080, AT3G23010, AT3G23110, AT3G23120, AT3G24900, AT3G24982, AT3G25010, AT3G25020, AT3G28890, AT4G13810, AT4G13820, AT4G13880, AT4G13920, AT5G25910, AT5G27060, AT5G40170
OG0006325		
OG0006326	ostta06g04500	
OG0006327		
OG0006328		
OG0006329		
OG0006330		
OG0006331		
OG0006332		
OG0006333		
OG0006334		
OG0006335		
OG0006336		
OG0006337		
OG0006338		
OG0006339		
OG0006340		
OG0006341		
OG0006342		AT3G52240
OG0006343		AT5G35480
OG0006344	ostta01g05480	AT1G61570
OG0006345		
OG0006346	ostta18g00770	AT2G17972
OG0006347	ostta17g00200	AT2G43760
OG0006348		AT1G21560, AT1G77270, AT3G07730, AT4G01170
OG0006349		
OG0006350		
OG0006351		AT1G06190, AT2G31150, AT4G18740
OG0006352		
OG0006353		AT3G06610
OG0006354		ATCG00840, ATCG01300
OG0006355		AT1G17860, AT1G72290, AT1G73260, AT1G73325, AT1G73330
OG0006356		AT3G51130
OG0006357		AT1G14450, AT2G02510
OG0006358		AT3G53630
OG0006359		
OG0006360	ostta04g05390	AT1G64220, AT5G41685
OG0006361	ostta16g02060	AT1G28560
OG0006362		AT3G12380
OG0006363	ostta03g02620	AT5G10605, AT5G10620
OG0006364		AT5G06590
OG0006365		AT1G12850, AT3G26780
OG0006366	ostta07g01895	AT5G27830
OG0006367		AT1G55370, AT1G64770
OG0006368	ostta10g00280	AT4G05400, AT4G21140
OG0006369		
OG0006370		AT1G13590, AT2G22860, AT3G49780, AT4G37720, AT5G65870
OG0006371	ostta15g01390	AT5G14105
OG0006372		AT3G51940, AT5G03990
OG0006373		AT3G05070
OG0006374		AT3G27100
OG0006375	ostta08g00660	AT2G47330
OG0006376		AT2G38070, AT3G09070, AT5G01170
OG0006377		AT2G30910, AT2G31300
OG0006378		AT3G53440
OG0006379		AT1G13930, AT2G03440
OG0006380		AT3G61370, AT4G07940
OG0006381		AT1G19490
OG0006382		AT4G27790, AT5G08580
OG0006383		AT2G17440, AT4G35470
OG0006384		AT3G47090, AT3G47110, AT3G47570, AT3G47580, AT5G20480, AT5G39390
OG0006385		
OG0006386		AT4G27860, AT4G27870, AT5G24290
OG0006387		AT2G30710
OG0006388		AT3G20620
OG0006389		AT2G20240, AT4G28760, AT5G43880
OG0006390	ostta02g03540	AT1G29850
OG0006391		AT3G05010, AT5G27210
OG0006392		AT4G16060
OG0006393		AT5G24260
OG0006394		AT3G57790, AT5G39910
OG0006395		AT5G47790
OG0006396		AT3G05630, AT3G16785
OG0006397		AT3G11960
OG0006398		AT3G58490
OG0006399	ostta10g01170	AT4G00585
OG0006400	ostta20g00710	AT1G48760
OG0006401	ostta04g02560	AT1G71340
OG0006402	ostta03g05440	AT1G16040
OG0006403		AT1G35620
OG0006404		AT2G45460
OG0006405		AT2G24860
OG0006406		AT4G25230, AT5G51450
OG0006407	ostta03g02210	AT2G34260
OG0006408		AT1G01240, AT2G46550
OG0006409	ostta12g02050	AT2G21070
OG0006410		AT2G04560
OG0006411		AT3G24360, AT4G13360
OG0006412	ostta06g00040	AT3G01640, AT5G14470
OG0006413	ostta17g01880	AT5G19850
OG0006414		AT4G26980
OG0006415	ostta03g04930, ostta14g00200	AT1G14030
OG0006416		AT2G45690
OG0006417		AT5G10570, AT5G65640
OG0006418		AT4G16390, AT5G46580
OG0006419	ostta09g03690	AT1G49140, AT3G18410
OG0006420	ostta06g00730	AT5G02120
OG0006421	ostta18g01510	AT3G21580
OG0006422		AT1G22510, AT1G72175, AT4G33940
OG0006423		AT1G18850
OG0006424		AT5G23610, AT5G51330
OG0006425	ostta15g02875	AT4G08280
OG0006426	ostta11g01030	AT1G55930, AT3G13070, AT4G00925
OG0006427	ostta04g04880	AT5G04910
OG0006428	ostta08g00790	AT3G43610
OG0006429	ostta06g01040	AT2G13440
OG0006430		AT2G28910
OG0006431		AT2G41760
OG0006432		AT5G51290
OG0006433	ostta14g02430	AT2G32900
OG0006434	ostta01g02615	AT3G54826
OG0006435	ostta01g02660	AT5G45170
OG0006436	ostta09g00250	AT4G12760
OG0006437		AT4G33250
OG0006438		AT4G37460
OG0006439	ostta08g00450	AT5G36120
OG0006440		AT5G51020
OG0006441		AT5G64370
OG0006442		AT1G09870
OG0006443		AT1G13450, AT3G25990
OG0006444	ostta05g02370	AT4G24710
OG0006445		AT1G30070
OG0006446		AT2G45695, AT3G61113
OG0006447	ostta12g00130	AT4G09620
OG0006448	ostta06g03760	AT1G65270
OG0006449		AT1G73680, AT3G01420
OG0006450	ostta03g03740	AT5G25080
OG0006451		AT4G20070
OG0006452	ostta09g00655	AT4G28820
OG0006453		AT3G49100
OG0006454		
OG0006455	ostta06g01180	
OG0006456		
OG0006457	ostta03g01280	
OG0006458	ostta18g00120	AT1G60990
OG0006459	ostta10g02500	
OG0006460	ostta08g01550	AT1G56590
OG0006461	ostta04g00350	
OG0006462	ostta15g01590	
OG0006463		AT2G23740
OG0006464	ostta01g01090, ostta04g02670, ostta09g02770	
OG0006465		
OG0006466	ostta11g00560	
OG0006467	ostta02g04280	
OG0006468		AT5G50410
OG0006469		AT5G05740
OG0006470	ostta17g01035	AT5G45040
OG0006471		AT1G55000
OG0006472		AT2G05320
OG0006473		
OG0006474		AT1G05540, AT1G05550, AT1G30160, AT1G30170, AT1G68960, AT2G45930, AT2G45940, AT3G25200, AT3G43170, AT3G43970, AT4G13680, AT4G14260, AT4G16080, AT4G16090, AT4G25920, AT4G25930, AT5G03390, AT5G46130, AT5G46140, AT5G52930, AT5G52940, AT5G53230, AT5G53240, AT5G53780, AT5G53790, AT5G54320, AT5G54330, AT5G54420, AT5G54450, AT5G54550, AT5G54560, AT5G55270, AT5G55440, AT5G55870, AT5G55880, AT5G55890, AT5G67040
OG0006475	ostta17g02325	AT1G31500, AT1G31530, AT1G31555
OG0006476		AT1G33790, AT1G52000, AT1G52030, AT1G52040, AT1G52050, AT1G52060, AT1G52070, AT1G52100, AT1G52110, AT1G52120, AT1G52130, AT1G57570, AT1G58160, AT1G60095, AT1G60110, AT1G60130, AT1G61230, AT2G25980, AT2G39310, AT2G39330, AT3G16420, AT3G16430, AT3G16440, AT3G16450, AT3G16460, AT3G16470, AT3G21380, AT3G59620, AT5G28520, AT5G35940, AT5G35950, AT5G38540, AT5G38550, AT5G46000, AT5G49850, AT5G49860, AT5G49870
OG0006477		
OG0006478	ostta05g00480	
OG0006479		
OG0006480	ostta08g00090	
OG0006481	ostta05g00970, ostta05g00980, ostta18g00530, ostta19g00035, ostta19g00045	
OG0006482	ostta02g05440, ostta02g05450, ostta12g00480	
OG0006483		
OG0006484		
OG0006485		
OG0006486		
OG0006487		
OG0006488		
OG0006489		
OG0006490	ostta04g00150	
OG0006491		
OG0006492		
OG0006493		
OG0006494		
OG0006495		
OG0006496		
OG0006497		
OG0006498		
OG0006499		
OG0006500		
OG0006501		
OG0006502		
OG0006503		
OG0006504		
OG0006505		
OG0006506		
OG0006507		
OG0006508		
OG0006509		
OG0006510		AT1G31490
OG0006511		
OG0006512		
OG0006513		AT3G05810, AT5G26800
OG0006514		AT1G76240
OG0006515		
OG0006516	ostta14g00890	AT1G26660
OG0006517		AT3G27050
OG0006518		AT5G55490
OG0006519		
OG0006520		AT4G30350, AT5G57710
OG0006521	ostta16g02610	AT3G03100
OG0006522		AT4G37300
OG0006523		AT1G57540
OG0006524		AT4G15550
OG0006525	ostta04g01590	AT4G21192
OG0006526		AT4G21700
OG0006527		AT3G51230, AT5G66230
OG0006528		AT1G63310, AT1G75260, AT2G46630
OG0006529		AT2G19260
OG0006530		AT1G30290
OG0006531	ostta12g01610	AT5G17560
OG0006532	ostta15g01360	AT1G12400, AT1G62886
OG0006533		AT5G19300
OG0006534		AT1G09250, AT3G05800, AT3G06590, AT3G17100
OG0006535		AT3G15290
OG0006536		AT1G03290, AT4G02880, AT5G64980
OG0006537	ostta03g04370, ostta10g03090	AT2G41450
OG0006538	ostta01g02120	AT1G18340
OG0006539		AT1G23230
OG0006540		AT5G12320
OG0006541	ostta03g01200, ostta06g02730	AT4G13330
OG0006542		AT1G64355
OG0006543	ostta01g05090	AT2G46090
OG0006544		AT2G25100
OG0006545		AT4G17360, AT5G47435
OG0006546	ostta02g01640	AT2G47450
OG0006547		AT3G05250
OG0006548		AT3G10970
OG0006549		AT4G33360
OG0006550		AT5G42850
OG0006551		AT4G38060, AT5G65480
OG0006552	ostta08g00770	AT5G10700
OG0006553		AT5G13530
OG0006554		AT4G20325
OG0006555		AT1G19480, AT1G75230, AT3G50880
OG0006556		AT1G05780, AT2G31710
OG0006557	ostta06g03425	AT5G08320
OG0006558	ostta09g01320	AT5G40710, AT5G63280
OG0006559		AT5G13690
OG0006560		AT4G13200
OG0006561	ostta16g02575	AT5G27400
OG0006562	ostta14g01730	AT2G16405
OG0006563		AT2G14860, AT4G33905, AT5G43140
OG0006564		AT3G24030
OG0006565	ostta03g04570, ostta03g04580, ostta07g03170	AT2G35450
OG0006566	ostta17g01120	AT1G32520
OG0006567		AT3G56360, AT5G05250
OG0006568		AT2G24210, AT3G25810, AT3G25820, AT3G25830, AT4G16730, AT4G16740
OG0006569		AT2G14695, AT4G32272
OG0006570	ostta13g01000	AT3G52730
OG0006571	ostta17g00980	AT3G50860
OG0006572	ostta11g00800	AT4G30310
OG0006573		AT4G35530
OG0006574	ostta12g02500	AT3G07480
OG0006575		AT2G19430
OG0006576		AT3G23400
OG0006577		AT2G24240, AT4G30940
OG0006578	ostta01g01080	AT5G02850
OG0006579	ostta07g00750	AT2G36930
OG0006580	ostta09g01500	AT4G20150
OG0006581	ostta09g04170	AT1G06730
OG0006582	ostta16g01660	AT2G15910
OG0006583		AT5G22120
OG0006584		AT2G43980
OG0006585	ostta03g02600	AT1G73240
OG0006586		AT1G73740
OG0006587		AT1G20770
OG0006588		AT5G51720
OG0006589		AT2G20495
OG0006590		AT3G52210
OG0006591		AT1G73885
OG0006592		AT3G15605, AT5G11470
OG0006593		AT3G53490, AT5G02720
OG0006594		AT5G47830
OG0006595	ostta11g02240	
OG0006596		AT3G15351
OG0006597		AT1G08710
OG0006598		AT4G10750, AT4G24070, AT4G24080
OG0006599		AT5G03080
OG0006600		AT1G32120, AT1G48145, AT1G50745, AT1G50750, AT1G50770, AT1G50790, AT1G50820, AT1G50830, AT1G51538, AT4G16050, AT5G18510
OG0006601	ostta12g02300	
OG0006602	ostta02g01010	AT2G24090
OG0006603		AT4G18372
OG0006604	ostta01g02520	AT5G23880
OG0006605		AT1G11400
OG0006606	ostta17g00260	AT5G64350
OG0006607		AT5G16810
OG0006608		
OG0006609		
OG0006610		AT5G41960
OG0006611	ostta01g05980	AT1G76450
OG0006612		AT3G12030, AT5G06660
OG0006613		
OG0006614		
OG0006615		
OG0006616		
OG0006617	ostta11g01540	AT3G55480
OG0006618		
OG0006619	ostta09g02020	
OG0006620		
OG0006621	ostta05g04420	AT1G26640
OG0006622		AT1G15370
OG0006623		AT5G61850
OG0006624	ostta06g00940	
OG0006625	ostta11g00500	AT5G40500
OG0006626		
OG0006627	ostta05g02020	
OG0006628		AT3G09080
OG0006629		AT3G06850
OG0006630		AT4G26965
OG0006631	ostta07g03460	AT2G27470
OG0006632		AT1G23130, AT1G35260, AT1G35310, AT1G70830, AT1G70840, AT1G70850, AT1G70860, AT1G70870, AT1G70880, AT1G70890, AT5G28000, AT5G28010
OG0006633	ostta17g02290	AT5G44520
OG0006634		
OG0006635		
OG0006636		
OG0006637		
OG0006638		
OG0006639		
OG0006640		
OG0006641		
OG0006642		
OG0006643		
OG0006644		
OG0006645		
OG0006646		
OG0006647		
OG0006648		
OG0006649		
OG0006650		
OG0006651		
OG0006652		
OG0006653		
OG0006654		
OG0006655		
OG0006656		
OG0006657		
OG0006658		
OG0006659		
OG0006660		
OG0006661		
OG0006662		
OG0006663		
OG0006664		
OG0006665		
OG0006666		
OG0006667		AT2G28700, AT3G05860, AT5G26630, AT5G27810, AT5G48670
OG0006668		
OG0006669	ostta07g01230	AT1G01220
OG0006670		AT2G16040, AT2G19960
OG0006671		
OG0006672		AT5G06180, AT5G22350
OG0006673		AT5G53670
OG0006674		AT4G06676
OG0006675		AT2G34700
OG0006676	ostta04g01510	AT2G05310, AT4G13500
OG0006677		AT3G50800, AT5G66580
OG0006678		AT1G55590, AT2G17020
OG0006679		AT1G32910, AT1G78990, AT5G16410
OG0006680		AT4G13220
OG0006681		AT5G02830
OG0006682	ostta05g04220	AT3G52220
OG0006683		
OG0006684		AT3G56870
OG0006685		AT1G71950
OG0006686		AT1G33260, AT4G10390
OG0006687	ostta05g02810	AT4G03150
OG0006688		AT3G58470
OG0006689		AT1G09230
OG0006690		AT3G55860, AT3G60660
OG0006691	ostta06g00250	AT5G64040
OG0006692		AT5G55500
OG0006693		AT4G15840
OG0006694	ostta05g02750	AT4G27750
OG0006695	ostta20g00310	AT5G22340
OG0006696		AT2G24440, AT4G31360
OG0006697		AT5G09820
OG0006698	ostta03g03800	AT3G20680
OG0006699		AT3G02860
OG0006700		AT3G44330
OG0006701		AT1G29820, AT1G29830, AT2G42950
OG0006702		AT1G65010, AT3G02930, AT4G27595, AT5G16730
OG0006703	ostta10g03400	AT5G58470
OG0006704		AT2G31865, AT2G31870
OG0006705		AT2G43465, AT3G03320
OG0006706	ostta12g00360	AT5G55610
OG0006707		AT2G25530
OG0006708		AT2G39440
OG0006709	ostta04g03910	AT1G05860, AT2G31600, AT3G53860
OG0006710	ostta20g00210	AT5G10460
OG0006711		AT5G16550
OG0006712		AT1G09290
OG0006713		AT4G23840
OG0006714		AT2G13840
OG0006715		AT3G19860, AT4G36060
OG0006716	ostta08g02000	AT5G23395
OG0006717	ostta12g00310	AT5G19630
OG0006718		AT1G76280
OG0006719		AT1G79790
OG0006720		AT5G07840, AT5G61230
OG0006721	ostta09g00290	AT5G26880
OG0006722	ostta16g02360	AT1G67350
OG0006723		AT3G59490
OG0006724		AT1G08910, AT5G41580
OG0006725	ostta01g04880	AT3G53270
OG0006726		AT1G75560
OG0006727	ostta12g00010	AT1G67620
OG0006728	ostta08g01700	AT5G54880
OG0006729		AT1G15820
OG0006730	ostta02g02120	AT4G02485
OG0006731		AT2G27590
OG0006732	ostta01g04160	AT5G16060
OG0006733		AT4G16444
OG0006734		AT4G10330
OG0006735		AT5G40480
OG0006736		
OG0006737		AT1G16770
OG0006738		AT1G18550
OG0006739		AT3G51010
OG0006740	ostta12g02220	AT5G55570
OG0006741		AT5G48545
OG0006742		AT4G37480
OG0006743	ostta07g02690	AT4G26710, AT5G55290
OG0006744		AT2G15820
OG0006745		AT1G09470, AT1G09483, AT3G05830, AT5G26770
OG0006746		AT4G18540
OG0006747		AT5G59210
OG0006748	ostta04g01380	AT5G42070
OG0006749		AT1G73470
OG0006750		AT1G27700, AT2G18860, AT4G30240
OG0006751		AT3G57300
OG0006752	ostta04g01700	AT4G38090
OG0006753	ostta09g03440	AT4G29960
OG0006754	ostta05g04860	AT4G24930
OG0006755		AT1G25540
OG0006756		AT3G15160
OG0006757		AT1G55510, AT3G13450
OG0006758	ostta01g01960	
OG0006759		AT3G09960, AT3G09970
OG0006760		AT4G01590, AT4G35685
OG0006761	ostta06g03250	
OG0006762		AT3G50380
OG0006763		AT2G20562, AT2G31090
OG0006764		
OG0006765		
OG0006766		AT5G40610
OG0006767	ostta08g03230	
OG0006768	ostta06g01440	
OG0006769		
OG0006770		
OG0006771		AT5G50110
OG0006772		
OG0006773	ostta02g04890, ostta03g05780	
OG0006774		
OG0006775		AT2G20390
OG0006776		
OG0006777	ostta11g02440	AT2G35800
OG0006778		AT3G27110
OG0006779	ostta17g00165	AT2G31040
OG0006780	ostta01g06230, ostta09g03380	AT5G24460
OG0006781		
OG0006782		
OG0006783	ostta17g00040	
OG0006784	ostta13g00440	
OG0006785		
OG0006786		
OG0006787		
OG0006788		
OG0006789		
OG0006790		
OG0006791		
OG0006792		
OG0006793		
OG0006794		
OG0006795		
OG0006796		
OG0006797		
OG0006798		
OG0006799		
OG0006800		
OG0006801		
OG0006802		
OG0006803		
OG0006804		
OG0006805		
OG0006806		
OG0006807		
OG0006808		AT5G66780
OG0006809		AT1G42990
OG0006810		AT3G21810
OG0006811		AT1G33400
OG0006812		AT3G24560
OG0006813		AT5G11030
OG0006814		AT5G67140
OG0006815		AT1G71200, AT2G41240, AT3G56970, AT3G56980, AT5G04150
OG0006816		AT4G00870
OG0006817		AT1G09720, AT1G58215, AT2G22560, AT5G10500
OG0006818		AT4G10090
OG0006819		AT3G57440
OG0006820		
OG0006821		AT1G30040, AT1G78440, AT2G34555
OG0006822		AT4G10000
OG0006823	ostta01g02280	AT4G16535
OG0006824		AT4G35850
OG0006825		
OG0006826	ostta04g03790	AT1G04635
OG0006827	ostta06g02260	AT4G15802
OG0006828		AT4G20930
OG0006829		AT2G04690
OG0006830		AT5G11580
OG0006831		ATCG00380
OG0006832		AT1G16290
OG0006833	ostta10g03340	AT2G21370
OG0006834		
OG0006835	ostta12g02390	AT3G13226
OG0006836	ostta07g03500	AT5G57345
OG0006837	ostta05g01170	AT3G15090
OG0006838		AT3G01750, AT3G04140
OG0006839	ostta04g01000	AT1G16900
OG0006840		AT3G22942, AT3G63420
OG0006841		AT1G64550
OG0006842		AT5G07960
OG0006843		AT3G63390
OG0006844		AT5G02410
OG0006845		AT4G26170, AT5G56770, AT5G56780
OG0006846		AT3G08780
OG0006847		AT1G07970
OG0006848		AT4G16566
OG0006849		AT5G19950
OG0006850	ostta11g01470	AT5G19540
OG0006851	ostta02g02900	AT3G45880
OG0006852		
OG0006853		AT3G62630
OG0006854		
OG0006855	ostta13g01530	AT5G48830
OG0006856		AT4G04320
OG0006857	ostta03g03110, ostta08g03890	
OG0006858		AT1G13470, AT1G13480, AT1G13490, AT1G13500, AT1G13510, AT1G13520, AT1G13530, AT1G13540, AT1G13550, AT1G61600
OG0006859	ostta05g04160	AT2G20820
OG0006860	ostta03g02490	AT1G73177
OG0006861		
OG0006862		AT3G04870
OG0006863		AT1G16650
OG0006864		AT1G21790
OG0006865	ostta02g05115	AT4G10130
OG0006866		AT5G25760
OG0006867		AT1G49330, AT2G16190
OG0006868		AT3G15840
OG0006869		AT4G34190
OG0006870		AT1G19090, AT1G70520, AT1G70530, AT5G40380
OG0006871		AT3G52140
OG0006872		AT1G71730
OG0006873		AT1G45170, AT5G42960
OG0006874	ostta04g05120	AT2G46890
OG0006875		AT2G19340, AT4G29870
OG0006876		AT4G04920
OG0006877	ostta13g02220	AT2G46910
OG0006878		AT3G48120
OG0006879		
OG0006880	ostta08g03860	
OG0006881		AT1G16840, AT1G78890, AT2G19180
OG0006882	ostta17g00500	AT4G04790, AT4G21880
OG0006883		AT1G08220
OG0006884		AT1G13770
OG0006885	ostta10g01510	AT3G03210
OG0006886		AT2G42840
OG0006887		AT1G47640
OG0006888		AT2G32980
OG0006889		AT1G04910
OG0006890		AT1G53860
OG0006891		AT4G23860
OG0006892		AT4G04180
OG0006893		AT3G54690
OG0006894	ostta04g03750	AT2G04845
OG0006895		AT1G17030, AT2G47010, AT4G09965
OG0006896		AT2G44760
OG0006897		AT5G55100
OG0006898		AT5G13420
OG0006899		AT4G20060
OG0006900		AT5G12890
OG0006901	ostta15g01990	AT4G04780
OG0006902		AT1G05720
OG0006903		
OG0006904		
OG0006905	ostta09g02720	
OG0006906	ostta01g01170	AT5G02770
OG0006907	ostta09g02490	AT1G68760
OG0006908	ostta04g03180	AT1G73090
OG0006909		
OG0006910	ostta04g05540, ostta10g02010	
OG0006911	ostta13g02190	
OG0006912		AT1G61770
OG0006913		
OG0006914	ostta06g01230	
OG0006915		AT2G20940
OG0006916		
OG0006917		AT4G17330
OG0006918	ostta14g02120	
OG0006919	ostta01g00100	
OG0006920	ostta04g00310	AT1G49975
OG0006921	ostta17g01000, ostta17g01450	
OG0006922		AT2G22370
OG0006923		
OG0006924	ostta09g04510	AT1G67840
OG0006925		
OG0006926	ostta14g03020	
OG0006927	ostta05g03930	
OG0006928		
OG0006929	ostta06g03800	
OG0006930	ostta17g00510	
OG0006931	ostta03g03400	
OG0006932		
OG0006933		
OG0006934		
OG0006935		
OG0006936		
OG0006937		
OG0006938		
OG0006939		
OG0006940		
OG0006941		
OG0006942		
OG0006943		
OG0006944		
OG0006945		
OG0006946		
OG0006947		
OG0006948		
OG0006949		
OG0006950		
OG0006951		
OG0006952		
OG0006953		
OG0006954		
OG0006955		
OG0006956		
OG0006957		
OG0006958		
OG0006959		
OG0006960		
OG0006961		
OG0006962		
OG0006963		
OG0006964		
OG0006965		AT1G10780
OG0006966		AT3G52170, AT5G58210
OG0006967		
OG0006968		AT3G27880, AT5G62770
OG0006969	ostta20g00820	AT2G26210
OG0006970		
OG0006971		AT3G54480
OG0006972		AT3G52110
OG0006973		AT3G52030
OG0006974	ostta12g03140, ostta13g01110	AT5G15802
OG0006975		
OG0006976		AT4G18270
OG0006977		
OG0006978		AT2G15890
OG0006979		AT3G22990
OG0006980		AT2G06010
OG0006981		AT2G39725
OG0006982		AT5G17280
OG0006983		AT1G17750, AT4G20140, AT5G44700
OG0006984		AT1G11440, AT3G29075
OG0006985		AT5G24810
OG0006986	ostta01g02260	AT4G22000
OG0006987		AT4G22320, AT5G55210
OG0006988		AT4G31805, AT5G10890
OG0006989		AT4G19650, AT5G06810, AT5G06811, AT5G45113, AT5G45115
OG0006990	ostta14g00440	AT3G06320, AT5G18790
OG0006991		
OG0006992		AT3G44450, AT3G52740
OG0006993		AT4G34260
OG0006994	ostta11g01275	AT5G51700
OG0006995		
OG0006996		AT2G44280, AT3G60070
OG0006997		AT5G16950
OG0006998	ostta17g00910	AT5G63000
OG0006999	ostta05g01130	AT1G26740, AT1G69485
OG0007000		AT1G34380
OG0007001		AT1G06515, AT2G30942
OG0007002		AT2G40980
OG0007003		AT5G62760
OG0007004		
OG0007005		AT1G79200
OG0007006		AT1G52780
OG0007007		AT1G28150
OG0007008		AT3G18270
OG0007009	ostta07g00860	AT4G30845
OG0007010		AT3G10130
OG0007011		AT1G44414
OG0007012		AT1G15400, AT1G80180, AT5G20100
OG0007013		AT2G42760
OG0007014	ostta16g01850	AT5G04520
OG0007015		AT2G26920, AT5G12120
OG0007016		AT4G34310
OG0007017		AT3G22300
OG0007018	ostta04g03890	AT1G73970
OG0007019		AT4G25890, AT5G57290
OG0007020		AT2G46000
OG0007021		AT1G08600
OG0007022		AT5G03345
OG0007023	ostta08g01830	AT5G44710
OG0007024		AT1G51540, AT3G27220
OG0007025	ostta20g00470	AT1G12520
OG0007026		AT1G13860, AT1G78240, AT2G03480
OG0007027	ostta07g00990	AT3G62810
OG0007028		AT1G18030
OG0007029		AT1G20460, AT1G76185
OG0007030		AT1G73350
OG0007031	ostta03g05220	AT1G10865
OG0007032		AT5G42130
OG0007033		AT2G39170
OG0007034	ostta05g04310	AT2G30330
OG0007035		AT5G16010
OG0007036		AT3G19870
OG0007037	ostta17g00060	AT3G11620
OG0007038	ostta10g02640	AT4G16410
OG0007039		AT5G43500
OG0007040		AT1G75640, AT4G36180
OG0007041	ostta08g01630	AT5G14440, AT5G40570
OG0007042		AT2G28430
OG0007043		AT1G52270, AT4G28310
OG0007044	ostta05g02520	AT5G65000
OG0007045		AT5G16940
OG0007046		AT3G52115
OG0007047	ostta05g00690	AT2G20490
OG0007048		AT4G15890
OG0007049		
OG0007050		AT2G14045
OG0007051		AT3G57110, AT5G60370
OG0007052	ostta15g01230	AT5G11450
OG0007053		AT4G38495
OG0007054		AT3G49645
OG0007055		
OG0007056		
OG0007057		
OG0007058	ostta16g01320	AT4G11270
OG0007059	ostta04g03070	
OG0007060		AT2G14835
OG0007061		
OG0007062	ostta12g01560	
OG0007063	ostta07g01480	
OG0007064	ostta02g03340	
OG0007065	ostta04g04460	
OG0007066		
OG0007067	ostta07g04690	
OG0007068	ostta02g04590	
OG0007069		AT5G64180
OG0007070	ostta10g02510	
OG0007071		
OG0007072		AT2G37120, AT3G09735, AT3G53370
OG0007073		
OG0007074		AT1G26680, AT2G12170, AT2G13985, AT2G24645, AT2G24650, AT2G24680, AT2G24681, AT2G24690, AT2G24696, AT2G24700, AT4G00260, AT4G31610, AT4G31615, AT4G31620, AT4G31630, AT4G31640, AT4G31650, AT4G31660, AT4G31680, AT4G31685, AT4G31690, AT5G32460
OG0007075		AT5G66810
OG0007076	ostta01g06360	
OG0007077		
OG0007078	ostta05g01780	
OG0007079	ostta09g00570	
OG0007080	ostta02g01100	
OG0007081		
OG0007082		
OG0007083		
OG0007084		
OG0007085		
OG0007086		
OG0007087		
OG0007088		
OG0007089		
OG0007090		
OG0007091		
OG0007092		
OG0007093		
OG0007094		
OG0007095		
OG0007096		
OG0007097		
OG0007098		
OG0007099		
OG0007100		
OG0007101		
OG0007102		
OG0007103		
OG0007104		
OG0007105		AT1G51630, AT3G21190
OG0007106		AT2G41870, AT3G57540
OG0007107		AT4G02550
OG0007108		AT1G34355, AT2G34110
OG0007109		AT3G61730, AT3G62500, AT5G36000
OG0007110	ostta18g01735	AT3G26360
OG0007111		AT3G53840, AT5G02070
OG0007112		AT1G01020, AT4G01510
OG0007113		AT3G02960, AT5G50740, AT5G63530
OG0007114		AT5G13100
OG0007115		AT4G17540
OG0007116		AT2G32090
OG0007117		
OG0007118	ostta10g00620	AT5G47570
OG0007119		AT4G01020, AT5G10370
OG0007120	ostta01g00680	AT1G10095
OG0007121		AT1G54100
OG0007122		
OG0007123	ostta16g02000	AT5G20165
OG0007124		AT2G24230, AT5G58150
OG0007125		AT5G66631
OG0007126		AT5G44730
OG0007127		AT1G16825, AT1G78895
OG0007128		AT2G36895
OG0007129		AT2G42620
OG0007130		AT5G24120
OG0007131		AT2G30695
OG0007132		AT1G22310
OG0007133		AT3G62080
OG0007134		AT2G40630, AT5G05240
OG0007135	ostta15g00770	AT3G23255
OG0007136		AT1G11130, AT2G20850, AT4G03390
OG0007137		AT3G62330
OG0007138		AT4G37650
OG0007139		AT5G13070
OG0007140		AT4G32690
OG0007141		AT3G49950, AT5G67411
OG0007142	ostta10g02030	AT5G42370
OG0007143		AT1G64960
OG0007144		AT5G06430
OG0007145		AT5G41850
OG0007146		AT1G09920
OG0007147		AT1G56020, AT1G79060, AT3G12970
OG0007148	ostta01g05330	AT5G67490
OG0007149		AT5G25070
OG0007150	ostta03g03140	AT1G75200
OG0007151		AT2G29640
OG0007152	ostta11g00590	AT1G09800
OG0007153	ostta15g00010	AT1G48270
OG0007154		AT3G17950, AT5G02440
OG0007155	ostta17g02310	AT5G59460
OG0007156		AT4G19070
OG0007157		AT5G17840
OG0007158		AT4G01245, AT4G01270, AT5G05530
OG0007159		AT5G58575
OG0007160		AT3G20480
OG0007161		AT1G80745, AT3G15420
OG0007162		AT2G31190
OG0007163	ostta06g02450	AT5G04070, AT5G15940
OG0007164		AT4G38810
OG0007165		AT1G47670
OG0007166		AT5G03070
OG0007167		AT2G46200
OG0007168		AT3G13360, AT4G26455, AT5G56210
OG0007169		AT2G41150, AT3G56750
OG0007170		AT1G74360
OG0007171		AT3G18310
OG0007172		AT3G21465, AT4G15640
OG0007173	ostta15g02770	AT3G62450
OG0007174	ostta11g01970, ostta20g00770	AT2G14825
OG0007175	ostta15g02800	AT5G22320
OG0007176		AT3G17170
OG0007177	ostta06g02510	AT1G29040
OG0007178		AT4G29890
OG0007179	ostta10g02490	AT4G05090
OG0007180		AT3G10550, AT5G04540
OG0007181		AT2G16860
OG0007182		AT2G42130, AT3G58010
OG0007183		AT4G00590
OG0007184		AT1G52825, AT4G14615
OG0007185		AT1G50710
OG0007186	ostta14g02510	AT1G02145
OG0007187	ostta02g05200	AT1G15390
OG0007188		AT3G26115
OG0007189	ostta08g00960	AT3G17668
OG0007190		AT4G06534, AT4G06536
OG0007191	ostta15g01170	AT5G53070
OG0007192		AT4G28990
OG0007193		AT5G66090
OG0007194		AT5G51840
OG0007195		AT1G55630, AT3G60050
OG0007196	ostta15g01120	AT3G25120
OG0007197	ostta20g00700	AT1G26761
OG0007198		
OG0007199		
OG0007200		
OG0007201	ostta17g00290	
OG0007202		AT1G18190
OG0007203	ostta04g00440	
OG0007204	ostta12g02340	
OG0007205		
OG0007206		
OG0007207		AT3G25545
OG0007208	ostta01g00170	
OG0007209		AT4G01310
OG0007210	ostta10g00850	AT3G46200
OG0007211		AT4G31150
OG0007212	ostta02g01900, ostta12g01960	
OG0007213	ostta12g00580	AT4G19150
OG0007214	ostta04g01350	
OG0007215		AT1G80290
OG0007216	ostta04g00160	AT3G61780, AT4G15820, AT5G28320, AT5G28400
OG0007217		AT1G11070, AT1G61080, AT4G04980
OG0007218		
OG0007219	ostta04g03290, ostta17g01900	
OG0007220		
OG0007221	ostta14g01190	AT5G14710
OG0007222		AT1G36990, AT4G08510
OG0007223	ostta08g01430	AT3G13882
OG0007224		
OG0007225		
OG0007226		
OG0007227	ostta06g02100	
OG0007228	ostta08g03870	
OG0007229	ostta03g04920, ostta05g03830	
OG0007230		
OG0007231		
OG0007232		
OG0007233		
OG0007234		
OG0007235		
OG0007236		
OG0007237		
OG0007238		
OG0007239		
OG0007240		
OG0007241		
OG0007242		
OG0007243		
OG0007244		
OG0007245		
OG0007246	ostta05g01440	
OG0007247		
OG0007248		
OG0007249		
OG0007250		
OG0007251		
OG0007252		
OG0007253		
OG0007254		
OG0007255		
OG0007256		
OG0007257		
OG0007258		
OG0007259		
OG0007260		
OG0007261		
OG0007262		
OG0007263		
OG0007264		
OG0007265		
OG0007266		AT2G04039
OG0007267		
OG0007268	ostta12g01570	AT3G12210
OG0007269		
OG0007270		AT1G15760, AT1G80520, AT2G12462
OG0007271		AT2G24820
OG0007272		AT3G13840
OG0007273		AT1G04390
OG0007274		AT3G53470
OG0007275		AT1G10585, AT1G10586
OG0007276		AT3G52490, AT5G57130
OG0007277	ostta01g04930	AT1G47278
OG0007278		AT5G07020
OG0007279		AT2G42190, AT3G57930
OG0007280		AT1G16340, AT1G79500
OG0007281		AT5G55950, AT5G57100
OG0007282		AT1G09750, AT3G54400, AT5G07030
OG0007283		AT2G01730
OG0007284		AT1G70590
OG0007285		
OG0007286		
OG0007287		
OG0007288		AT1G48325, AT3G05858, AT5G26620
OG0007289	ostta15g02080	AT5G13470
OG0007290		
OG0007291		AT2G45520
OG0007292		AT1G22750
OG0007293		AT3G12350
OG0007294		AT2G39855, AT3G46880, AT3G55646, AT5G02020, AT5G05965, AT5G59080
OG0007295		AT3G06890
OG0007296		AT4G02725
OG0007297		AT3G25805
OG0007298		AT1G53345
OG0007299	ostta10g00360	AT3G48425
OG0007300		AT5G18110
OG0007301		
OG0007302		AT3G18110
OG0007303		AT5G17620
OG0007304		AT5G53045
OG0007305		AT3G02680
OG0007306		AT1G05060
OG0007307	ostta17g01080	AT2G47760
OG0007308		AT2G38650
OG0007309		AT1G07795, AT2G28725, AT2G37530
OG0007310		AT4G22330
OG0007311	ostta06g03420	AT5G35400
OG0007312		AT3G17900
OG0007313		AT5G01300
OG0007314		AT4G25670, AT4G25690, AT5G52550
OG0007315	ostta10g03520	AT1G56260
OG0007316		AT3G59040
OG0007317		AT1G11210, AT1G11220, AT1G11230, AT1G61260, AT5G54300
OG0007318		AT1G48540, AT3G17920
OG0007319		
OG0007320		AT2G04740
OG0007321		AT2G47830
OG0007322		
OG0007323		
OG0007324		
OG0007325		AT2G24970
OG0007326		
OG0007327		AT5G03910
OG0007328		AT1G04930, AT2G32840
OG0007329		AT1G80200, AT5G11280
OG0007330		AT1G54200, AT3G13980, AT3G42800, AT5G12050
OG0007331		AT4G24900
OG0007332		
OG0007333		AT3G26700
OG0007334	ostta15g02905	AT1G05205
OG0007335		AT2G37300
OG0007336		AT2G04305
OG0007337		AT2G43370
OG0007338		
OG0007339		AT1G74240
OG0007340		AT1G30010, AT5G46920
OG0007341		AT4G04930
OG0007342		AT5G02740
OG0007343		AT2G32530, AT2G32540, AT2G32610, AT2G32620, AT4G15290, AT4G15320
OG0007344		AT4G34460
OG0007345		AT5G58200
OG0007346		AT4G10600
OG0007347		AT1G08390
OG0007348		AT1G16590
OG0007349	ostta01g04360	AT5G13800
OG0007350		AT3G59520
OG0007351		AT2G36835
OG0007352	ostta02g04140	AT3G04950
OG0007353		AT5G11330
OG0007354		AT4G30825
OG0007355	ostta15g01700	AT1G67550
OG0007356		AT3G09150
OG0007357		AT4G12060, AT4G25370
OG0007358		AT4G29540
OG0007359		
OG0007360		
OG0007361		
OG0007362		
OG0007363	ostta09g03740	
OG0007364		
OG0007365	ostta01g01370	
OG0007366		
OG0007367	ostta07g04460	
OG0007368		
OG0007369		
OG0007370		
OG0007371	ostta04g00710	
OG0007372		AT5G54990
OG0007373		AT1G19340
OG0007374		
OG0007375	ostta05g02270	AT5G12920
OG0007376		AT1G58270, AT1G65050, AT1G65150, AT1G65370, AT1G69650, AT1G69660, AT2G04170, AT2G04190, AT2G15710, AT2G32870, AT2G32880, AT3G17380, AT3G20360, AT3G20370, AT3G20380, AT3G22080, AT3G22085, AT3G28220, AT3G46190, AT4G00780, AT4G01390, AT4G09770, AT4G09780, AT5G26260, AT5G26280, AT5G26290, AT5G26300, AT5G26320
OG0007377		
OG0007378		
OG0007379	ostta15g01325	
OG0007380	ostta03g02240	
OG0007381		
OG0007382		
OG0007383		
OG0007384		
OG0007385		
OG0007386		
OG0007387		
OG0007388		
OG0007389		
OG0007390		
OG0007391		
OG0007392		
OG0007393		
OG0007394		
OG0007395		
OG0007396		
OG0007397		
OG0007398		
OG0007399		
OG0007400		
OG0007401		
OG0007402		
OG0007403		
OG0007404		
OG0007405		
OG0007406		
OG0007407		
OG0007408		
OG0007409		
OG0007410		
OG0007411		
OG0007412		AT1G29005
OG0007413		AT4G40020
OG0007414		AT3G22935
OG0007415		AT5G14230
OG0007416		
OG0007417		AT2G33793
OG0007418		
OG0007419		AT4G20260, AT5G44610
OG0007420		AT3G07530
OG0007421		AT5G19570
OG0007422		AT1G47885
OG0007423		AT1G05950
OG0007424		AT2G38800, AT3G54570, AT5G04020
OG0007425		AT4G23885, AT5G24165
OG0007426		AT1G08060, AT2G28240
OG0007427		AT1G11380
OG0007428		AT3G16990
OG0007429		
OG0007430		
OG0007431		AT1G16070
OG0007432		AT2G43110
OG0007433		
OG0007434		AT2G14910
OG0007435		AT1G12020, AT1G24270, AT1G62422, AT5G13090
OG0007436		AT3G03660, AT5G17810, AT5G45980
OG0007437		AT2G33585
OG0007438		
OG0007439		AT1G05575, AT1G55207, AT2G31945
OG0007440		AT3G16000
OG0007441		AT5G65740
OG0007442		AT1G14140
OG0007443		AT5G10710
OG0007444		AT3G10700
OG0007445		AT1G71780
OG0007446		AT2G41120
OG0007447		AT1G75125
OG0007448		AT5G56240, AT5G56250
OG0007449		AT1G13990
OG0007450		AT5G05310
OG0007451		AT2G27790, AT5G27300
OG0007452		AT4G14145
OG0007453		AT2G44420
OG0007454		
OG0007455	ostta02g03800	AT5G53310
OG0007456		AT1G07645
OG0007457		AT1G51940
OG0007458	ostta01g05760	AT4G10100
OG0007459		AT1G11200, AT4G21570
OG0007460		AT2G23890
OG0007461	ostta01g01295	AT4G14870
OG0007462		AT2G21970
OG0007463		AT2G47910
OG0007464		AT1G17870
OG0007465		AT1G11240
OG0007466		AT3G01170, AT5G15260
OG0007467		AT1G78810
OG0007468		
OG0007469		AT3G46780
OG0007470		AT5G66180
OG0007471		AT1G50420
OG0007472		AT3G29130
OG0007473		AT5G63620
OG0007474		AT2G31305
OG0007475		AT2G20790
OG0007476		AT3G19780
OG0007477		AT5G01010
OG0007478		AT5G49555
OG0007479		AT2G02148
OG0007480		AT4G31115
OG0007481		AT2G41750
OG0007482		AT1G66330
OG0007483		AT4G13040
OG0007484		AT4G10930
OG0007485		AT3G01510
OG0007486		
OG0007487		AT1G74730
OG0007488	ostta18g00640	AT2G43780
OG0007489		
OG0007490		AT5G14950
OG0007491		AT5G04810
OG0007492		AT4G05210, AT4G21220
OG0007493		AT5G58005
OG0007494		AT5G61540
OG0007495		AT4G27350, AT5G54240
OG0007496		
OG0007497		AT5G46560
OG0007498		AT2G47320, AT3G66654
OG0007499		
OG0007500		
OG0007501		
OG0007502	ostta09g04060	
OG0007503		
OG0007504		
OG0007505		AT1G49510
OG0007506	ostta08g03260	
OG0007507		
OG0007508	ostta20g00530	
OG0007509	ostta09g00300	AT5G43050
OG0007510		
OG0007511		AT4G23895
OG0007512		AT1G15980
OG0007513		AT1G11480
OG0007514		
OG0007515		AT5G39590
OG0007516		
OG0007517		
OG0007518	ostta20g00810	
OG0007519		
OG0007520	ostta06g02280, ostta08g03560	
OG0007521	ostta01g04090	
OG0007522		
OG0007523		
OG0007524		
OG0007525	ostta07g04730, ostta09g04030	
OG0007526		AT5G66005
OG0007527		AT3G08970
OG0007528	ostta01g02290	
OG0007529		AT4G32570
OG0007530		
OG0007531		
OG0007532	ostta01g03980	
OG0007533	ostta01g01430	
OG0007534		
OG0007535		AT3G49550, AT5G24610
OG0007536		AT1G75980
OG0007537		
OG0007538		AT2G25920
OG0007539		
OG0007540	ostta06g01170	
OG0007541		
OG0007542	ostta02g03910	
OG0007543		
OG0007544		
OG0007545	ostta05g00190	
OG0007546	ostta02g03310, ostta12g01440	
OG0007547		
OG0007548		AT1G29420, AT1G29430, AT1G29440, AT1G29450, AT1G29460, AT1G29490, AT1G29500, AT1G29510, AT5G27780
OG0007549	ostta03g03880	AT2G04790
OG0007550		AT3G24760
OG0007551		AT4G04614
OG0007552		
OG0007553		
OG0007554		
OG0007555	ostta05g04510, ostta15g01320	
OG0007556	ostta05g03500	
OG0007557		
OG0007558	ostta12g02140	
OG0007559	ostta12g01380	
OG0007560	ostta14g01020	
OG0007561		
OG0007562		
OG0007563		
OG0007564		
OG0007565		
OG0007566		
OG0007567		
OG0007568	ostta01g00440, ostta13g00250	
OG0007569		
OG0007570		
OG0007571		
OG0007572		
OG0007573		
OG0007574		
OG0007575		
OG0007576		
OG0007577		
OG0007578		
OG0007579		
OG0007580		
OG0007581		
OG0007582		
OG0007583		
OG0007584		
OG0007585		
OG0007586		AT5G39250
OG0007587		AT5G66290
OG0007588		AT3G10572
OG0007589		AT3G07760
OG0007590		AT1G47570
OG0007591		AT1G44835
OG0007592		
OG0007593		AT1G32260, AT2G35480
OG0007594		AT1G62250
OG0007595	ostta01g03950	AT5G55580
OG0007596		AT3G47833, AT5G62575
OG0007597		
OG0007598		AT3G22900, AT4G14520, AT4G14660
OG0007599		AT1G26600, AT1G49005, AT1G68795, AT1G69320, AT1G73965
OG0007600		AT3G52905
OG0007601		
OG0007602		AT1G29240, AT2G30990, AT2G34170, AT4G18630, AT5G45850
OG0007603		AT1G64980
OG0007604		AT2G35290
OG0007605	ostta04g02170	AT5G59400
OG0007606		AT1G65349
OG0007607		AT1G66100, AT1G72260, AT2G15010, AT5G36910
OG0007608		AT4G14200
OG0007609		AT1G06923, AT1G15260, AT2G30395, AT3G16070, AT3G24535
OG0007610		AT5G50350
OG0007611		AT2G47680
OG0007612		AT5G11070, AT5G35090
OG0007613		AT1G73380
OG0007614		AT2G34585, AT3G52420, AT3G63160
OG0007615		
OG0007616		AT4G32915
OG0007617		
OG0007618		AT4G14590
OG0007619		AT1G60995
OG0007620		AT3G54650
OG0007621		AT1G52140, AT3G16330, AT4G29110
OG0007622		AT5G01470
OG0007623		AT5G42765
OG0007624		AT5G53620
OG0007625		AT4G01290
OG0007626		AT5G15880
OG0007627		AT1G35660
OG0007628		AT4G08320
OG0007629		AT1G15270, AT3G16040
OG0007630		AT5G39450, AT5G39460, AT5G39470, AT5G39480, AT5G39490
OG0007631		AT3G12100
OG0007632		AT1G34245, AT1G71866, AT2G20875
OG0007633		AT5G37290
OG0007634		AT2G27740, AT2G36355, AT2G36410, AT3G09980, AT3G52900, AT3G52920, AT5G03660
OG0007635		AT3G03140, AT3G21295
OG0007636		AT5G13310, AT5G13970
OG0007637	ostta01g02710	AT5G11640
OG0007638		AT1G75690
OG0007639		AT1G73440, AT4G00140
OG0007640		
OG0007641	ostta04g01180	AT3G01380
OG0007642	ostta08g01500	AT3G05345
OG0007643		AT2G44730, AT3G24860
OG0007644		
OG0007645		AT3G56210
OG0007646	ostta08g01490	AT3G47650
OG0007647		AT2G48140, AT3G22620
OG0007648		AT3G01130, AT5G15320
OG0007649		AT5G45660
OG0007650		AT5G17370
OG0007651		AT1G76920
OG0007652		AT1G63270
OG0007653		AT4G24530, AT5G65470
OG0007654		
OG0007655		AT4G33410
OG0007656		AT3G47830
OG0007657		
OG0007658		AT4G10970, AT4G23910
OG0007659		AT1G78590
OG0007660		AT1G03650
OG0007661		AT4G09680
OG0007662		AT1G56423
OG0007663		AT1G53200
OG0007664		AT1G31910
OG0007665		AT5G18200
OG0007666		AT2G26810
OG0007667		AT1G79070
OG0007668		AT4G37925
OG0007669		AT4G23890
OG0007670		AT4G10925, AT4G23960
OG0007671		AT5G60940
OG0007672		
OG0007673		
OG0007674		
OG0007675		
OG0007676	ostta06g02615	AT3G07525
OG0007677		AT5G51510
OG0007678		AT1G53645
OG0007679		
OG0007680		
OG0007681		AT2G03140
OG0007682		
OG0007683		AT3G23370, AT3G62620
OG0007684		AT5G53330
OG0007685		
OG0007686	ostta03g04560, ostta07g03180	
OG0007687	ostta15g02110	
OG0007688		
OG0007689	ostta05g04885	
OG0007690	ostta12g02640	
OG0007691	ostta18g01860	
OG0007692		
OG0007693	ostta13g00720	AT4G33480
OG0007694		
OG0007695		
OG0007696		
OG0007697		AT1G12800
OG0007698		AT2G18030
OG0007699	ostta04g01290	AT1G07130
OG0007700		
OG0007701		AT1G21770, AT1G77540
OG0007702		
OG0007703		
OG0007704		
OG0007705		AT5G23520
OG0007706		AT5G20120
OG0007707		AT1G09195
OG0007708		AT1G16905, AT1G78820, AT1G78830, AT1G78850, AT1G78860
OG0007709		AT3G44280, AT5G06265, AT5G22280
OG0007710		AT3G46530, AT3G46710, AT3G46730
OG0007711		AT4G13440
OG0007712		AT5G15780
OG0007713		
OG0007714	ostta07g03550	
OG0007715	ostta06g03210	
OG0007716		
OG0007717		
OG0007718		
OG0007719		
OG0007720		
OG0007721		
OG0007722		
OG0007723		
OG0007724		
OG0007725		
OG0007726		
OG0007727		
OG0007728		
OG0007729		
OG0007730		
OG0007731		
OG0007732		
OG0007733		
OG0007734		
OG0007735		
OG0007736		
OG0007737		
OG0007738		
OG0007739		
OG0007740		
OG0007741		
OG0007742		
OG0007743		
OG0007744		AT1G14680, AT4G09060
OG0007745		AT1G23180
OG0007746		AT2G35130
OG0007747		
OG0007748		ATCG00600
OG0007749		AT1G19980
OG0007750		
OG0007751		AT4G20310
OG0007752		
OG0007753		AT2G35900
OG0007754		
OG0007755		AT3G49720, AT5G65810
OG0007756		AT2G28130
OG0007757		AT4G00060
OG0007758		AT4G09350
OG0007759		
OG0007760		AT1G50610, AT2G07040, AT3G20190, AT4G31250, AT5G35390
OG0007761		AT5G62650
OG0007762	ostta03g01840, ostta15g01680	AT2G35035
OG0007763		AT3G09455, AT3G12587, AT5G02502
OG0007764		AT1G18280, AT1G62790, AT1G73550, AT1G73560
OG0007765		
OG0007766		AT1G03730, AT4G03600, AT4G28330, AT4G28340, AT5G50175
OG0007767		
OG0007768		
OG0007769	ostta08g03615	AT3G47980, AT5G62720
OG0007770		AT5G22090
OG0007771		AT5G49550
OG0007772		
OG0007773		AT3G55120, AT5G66220
OG0007774		AT2G43210
OG0007775		
OG0007776		AT5G17690
OG0007777		AT3G26950
OG0007778		AT5G57230
OG0007779		
OG0007780		AT1G50280, AT3G19850, AT3G22104
OG0007781		AT2G37110
OG0007782		AT5G27270
OG0007783		AT1G63100
OG0007784		AT4G12230
OG0007785		AT5G35520
OG0007786		AT1G20830
OG0007787	ostta02g05020	AT1G33810
OG0007788		AT3G26750
OG0007789		AT1G02020
OG0007790		AT3G01860, AT3G27210, AT5G40860
OG0007791		AT1G05291, AT1G11500, AT2G32280, AT4G21310
OG0007792		AT5G14220
OG0007793		AT4G17370
OG0007794		
OG0007795		AT3G60590
OG0007796		AT3G29280
OG0007797		AT4G08230
OG0007798		AT3G13677
OG0007799	ostta01g01150	AT1G02960, AT1G02965
OG0007800		AT2G25720
OG0007801		AT1G54860, AT3G06035, AT5G19230, AT5G19240, AT5G19250
OG0007802		AT1G68080
OG0007803		AT5G14030
OG0007804	ostta06g02360	AT3G09210
OG0007805		AT2G48121, AT4G37510
OG0007806		AT4G14310
OG0007807		AT4G31130
OG0007808		AT3G21700, AT5G54840
OG0007809	ostta04g02990	AT3G44020
OG0007810		AT4G23330
OG0007811		AT3G06050
OG0007812		
OG0007813		AT1G25375
OG0007814		AT4G01710, AT5G65274
OG0007815		AT1G01880
OG0007816		AT3G16760
OG0007817		AT5G58260
OG0007818		AT1G61690
OG0007819		AT2G31410
OG0007820		AT5G58730
OG0007821		AT2G38000
OG0007822		AT1G70570
OG0007823		AT5G07950
OG0007824		AT5G13190
OG0007825	ostta04g01200	AT1G50575
OG0007826	ostta08g04210	AT5G58370
OG0007827		
OG0007828		AT1G28530
OG0007829		AT1G48460, AT5G63040
OG0007830		AT5G14140
OG0007831		AT5G02160
OG0007832		
OG0007833		AT5G17870
OG0007834		
OG0007835	ostta10g00710	AT4G27540
OG0007836	ostta05g03350	
OG0007837		
OG0007838	ostta01g02370	AT1G48550
OG0007839	ostta02g03950	
OG0007840		
OG0007841		
OG0007842		AT3G10400
OG0007843		
OG0007844		AT1G17665
OG0007845		
OG0007846	ostta09g02900	AT5G17610
OG0007847		AT1G04985
OG0007848	ostta14g02050	
OG0007849		
OG0007850		AT5G55640
OG0007851		
OG0007852		AT1G30880
OG0007853	ostta11g00310	
OG0007854	ostta17g01540	
OG0007855		
OG0007856		
OG0007857	ostta03g01450	
OG0007858		
OG0007859		
OG0007860	ostta09g00460	
OG0007861		
OG0007862		
OG0007863		
OG0007864	ostta08g02700	AT2G23470
OG0007865		
OG0007866		
OG0007867		AT1G80860
OG0007868		AT3G58530
OG0007869		
OG0007870		
OG0007871	ostta06g02040	
OG0007872	ostta09g00410	AT2G30280
OG0007873		AT1G21930, AT3G42150
OG0007874		AT2G48120
OG0007875	ostta15g01690	AT2G34470
OG0007876		AT1G21835, AT1G21864, AT1G21866, AT1G21925, AT1G21928, AT1G34792, AT1G34795, AT1G34800, AT1G34805, AT1G34810, AT1G34815, AT1G34820, AT1G34825, AT1G34830, AT1G34840, AT1G34850, AT1G34860, AT1G34930, AT1G35035, AT1G54775, AT1G58242, AT1G58245, AT1G58248, AT3G24465, AT5G34828, AT5G36720, AT5G36805, AT5G38378
OG0007877		AT1G36960, AT1G43680, AT1G48095, AT2G02103, AT2G13450, AT2G13500, AT2G13510, AT2G16676, AT2G17905, AT2G17920, AT2G31590, AT2G41590, AT3G24070, AT3G31430, AT3G42140, AT3G47920, AT3G57587, AT4G02000, AT4G04730, AT5G18636, AT5G25200, AT5G25600, AT5G35737, AT5G36225, AT5G36228, AT5G40595, AT5G51195
OG0007878		AT1G49870
OG0007879	ostta03g02380, ostta17g01110	AT3G16380
OG0007880		
OG0007881		
OG0007882		
OG0007883		
OG0007884		
OG0007885	ostta03g01830, ostta03g01850	
OG0007886	ostta03g05670	
OG0007887	ostta04g05420, ostta08g01990, ostta12g02210	
OG0007888	ostta11g02050	
OG0007889	ostta18g01520	
OG0007890	ostta18g00400	
OG0007891		
OG0007892		
OG0007893		
OG0007894		
OG0007895		
OG0007896		
OG0007897		
OG0007898		
OG0007899		
OG0007900		
OG0007901		
OG0007902		
OG0007903		
OG0007904		
OG0007905		
OG0007906		
OG0007907		
OG0007908		
OG0007909		
OG0007910		
OG0007911		
OG0007912		
OG0007913		
OG0007914		
OG0007915		
OG0007916		
OG0007917		
OG0007918		
OG0007919		
OG0007920		
OG0007921		
OG0007922		
OG0007923		
OG0007924		
OG0007925		
OG0007926		
OG0007927		
OG0007928		
OG0007929		
OG0007930		
OG0007931		
OG0007932		
OG0007933		
OG0007934		
OG0007935		
OG0007936		
OG0007937		
OG0007938		AT1G70760
OG0007939		
OG0007940		
OG0007941		AT5G11760
OG0007942		
OG0007943		
OG0007944		AT4G10080, AT4G13530
OG0007945		
OG0007946		AT1G43722, AT3G30525, AT5G28730
OG0007947		AT4G39630
OG0007948		AT1G77260, AT2G39750, AT5G06050
OG0007949		AT1G18730
OG0007950		AT5G13880, AT5G47920
OG0007951		AT2G36370
OG0007952		
OG0007953		
OG0007954		
OG0007955		AT2G26520, AT3G57500
OG0007956		AT2G34640
OG0007957		AT3G13010, AT3G13020, AT3G13030
OG0007958		
OG0007959		
OG0007960		
OG0007961		AT1G56320, AT5G49350
OG0007962		AT5G28950
OG0007963		
OG0007964		
OG0007965		AT5G52190
OG0007966		AT1G67040, AT3G05750, AT3G58650, AT5G26910
OG0007967		ATCG00080
OG0007968		AT1G67690
OG0007969		AT4G21320
OG0007970		
OG0007971	ostta14g02270	AT1G76200
OG0007972		AT2G18400
OG0007973		AT4G19830
OG0007974		AT1G26090
OG0007975		AT1G70200
OG0007976	ostta15g02270	AT2G46540
OG0007977		AT2G39950
OG0007978		
OG0007979		AT5G63690
OG0007980		
OG0007981		AT1G64140
OG0007982		AT1G77930
OG0007983		AT5G07400
OG0007984		AT5G64010
OG0007985		AT5G26960
OG0007986		AT5G14910
OG0007987		AT3G24730
OG0007988		AT2G20210
OG0007989		AT5G39980
OG0007990		AT3G62190
OG0007991		AT1G06510
OG0007992		AT1G03687
OG0007993		AT4G38160
OG0007994		AT1G77550
OG0007995		
OG0007996		AT5G12930
OG0007997		AT1G59600
OG0007998		AT3G13800
OG0007999	ostta12g00680	AT4G17420, AT5G47420
OG0008000		AT1G76065
OG0008001		AT2G46980
OG0008002		
OG0008003		
OG0008004		AT5G52100
OG0008005		AT1G80940
OG0008006		AT1G01695, AT1G63670, AT2G45900, AT3G61380, AT4G00440
OG0008007		AT1G02180
OG0008008		AT1G80420
OG0008009		AT1G27070
OG0008010		AT1G10310
OG0008011	ostta10g03470	AT3G57170
OG0008012		AT1G22230, AT1G78110
OG0008013		AT4G19140
OG0008014		AT2G46060
OG0008015		AT1G79915
OG0008016		AT5G02370
OG0008017		AT1G56180
OG0008018		AT2G15770, AT2G15780
OG0008019		AT1G16000, AT1G80890
OG0008020		AT1G21600
OG0008021		AT3G05675, AT4G10800
OG0008022		AT4G32750
OG0008023		AT1G22260, AT1G22275
OG0008024		AT1G79390
OG0008025		AT1G69980
OG0008026		AT2G40760
OG0008027		AT4G27390
OG0008028		AT2G45320
OG0008029		
OG0008030		AT1G35420
OG0008031		AT1G67060
OG0008032		AT1G75150
OG0008033	ostta01g02320	AT5G45590
OG0008034		
OG0008035		
OG0008036		
OG0008037	ostta03g04670	
OG0008038		AT4G29070
OG0008039		
OG0008040		AT3G05520
OG0008041	ostta08g03300	
OG0008042		
OG0008043		
OG0008044		
OG0008045		
OG0008046		AT4G21445
OG0008047		AT5G21060
OG0008048		AT2G26500
OG0008049		
OG0008050		AT4G19160
OG0008051	ostta05g00510	AT1G78790
OG0008052		AT4G28260
OG0008053		
OG0008054		AT5G59500
OG0008055		
OG0008056		AT1G60640
OG0008057		
OG0008058		
OG0008059	ostta03g02430	
OG0008060		AT2G27350
OG0008061		
OG0008062		AT5G43750
OG0008063	ostta18g00050	
OG0008064	ostta14g01580	
OG0008065		
OG0008066		AT1G56090
OG0008067		
OG0008068	ostta14g00420	
OG0008069		
OG0008070		
OG0008071	ostta03g05730	
OG0008072		
OG0008073		
OG0008074	ostta01g02190	
OG0008075		AT1G10800
OG0008076		AT1G04625, AT1G27220, AT1G27870, AT1G47497, AT1G50160, AT1G52990, AT1G77815, AT2G02650, AT2G04420, AT2G11205, AT2G13980, AT2G22440, AT2G34320, AT2G46460, AT3G09510, AT3G23320, AT3G25270, AT3G32130, AT4G03292, AT4G09775, AT5G26617, AT5G38920, AT5G42965, AT5G43755, AT5G44470, AT5G52115, AT5G65005
OG0008077		AT1G05340, AT2G32190, AT2G32200, AT2G32210, AT3G22231, AT3G22235, AT3G22240, AT3G49845, AT3G57160, AT5G67600
OG0008078		AT1G11608, AT1G12170, AT1G12190, AT1G32430, AT1G47390, AT1G51290, AT1G51320, AT1G53325, AT1G58090, AT1G59630, AT1G77650, AT2G07120, AT2G14710, AT2G17310, AT3G10430, AT3G16555, AT3G16580, AT3G16590, AT3G17710, AT3G18340, AT3G21410, AT3G22650, AT3G44130, AT3G51171, AT3G59590, AT3G59610, AT5G37040
OG0008079		AT2G39100
OG0008080		AT3G06240, AT3G23880, AT4G12560, AT4G22390
OG0008081		AT4G24620
OG0008082		AT4G26240
OG0008083		ATCG00690
OG0008084		
OG0008085		
OG0008086		
OG0008087	ostta07g02100	
OG0008088		
OG0008089	ostta18g00030	
OG0008090	ostta03g02550	
OG0008091		
OG0008092	ostta07g00570	
OG0008093	ostta13g00630	
OG0008094		
OG0008095	ostta06g00080, ostta06g02410	
OG0008096		
OG0008097	ostta03g02950, ostta07g00030	
OG0008098	ostta03g03620	
OG0008099	ostta10g00290	
OG0008100	ostta03g02260	
OG0008101		
OG0008102		
OG0008103		
OG0008104		
OG0008105		
OG0008106		
OG0008107		
OG0008108		
OG0008109		
OG0008110		
OG0008111		
OG0008112		
OG0008113		
OG0008114		
OG0008115		
OG0008116		
OG0008117		
OG0008118		
OG0008119		
OG0008120		
OG0008121		
OG0008122		
OG0008123		
OG0008124		
OG0008125		
OG0008126		
OG0008127		
OG0008128		
OG0008129		
OG0008130		
OG0008131		
OG0008132		
OG0008133		
OG0008134		
OG0008135		
OG0008136		
OG0008137		
OG0008138		
OG0008139		
OG0008140		
OG0008141		
OG0008142		
OG0008143		
OG0008144		
OG0008145		
OG0008146		
OG0008147		
OG0008148		
OG0008149		
OG0008150		
OG0008151		AT1G01180
OG0008152		
OG0008153		
OG0008154		
OG0008155		AT3G59090
OG0008156		AT4G35980
OG0008157		AT2G41010, AT3G56880
OG0008158		AT1G17620, AT5G11890
OG0008159		AT1G78930
OG0008160		AT1G54400, AT2G27140, AT5G20970
OG0008161		
OG0008162	ostta07g04100	AT1G53710
OG0008163		AT4G17310, AT5G47455
OG0008164		
OG0008165		
OG0008166		AT1G72060
OG0008167		AT2G39550
OG0008168		
OG0008169		
OG0008170		AT1G73850, AT3G20260
OG0008171		AT3G62920
OG0008172		
OG0008173		
OG0008174		
OG0008175		AT5G58920
OG0008176		
OG0008177		AT1G08500
OG0008178		
OG0008179		AT3G12040
OG0008180		AT1G27435
OG0008181		
OG0008182		AT1G44960
OG0008183		AT4G36970
OG0008184		AT5G65540
OG0008185		AT2G44850
OG0008186		AT1G73840
OG0008187		AT5G50930
OG0008188		AT2G28670, AT2G39430, AT3G24020, AT3G55230, AT4G13580
OG0008189		AT1G30845
OG0008190		
OG0008191		AT5G66820
OG0008192		AT4G20040, AT4G20050
OG0008193		AT1G26470
OG0008194		AT2G04340
OG0008195		AT4G16970
OG0008196		AT1G76750, AT2G21740, AT2G21750, AT4G39340, AT5G64720
OG0008197		AT2G28600
OG0008198	ostta12g01590	AT4G33640
OG0008199		AT2G21350, AT4G39040
OG0008200		AT1G06930, AT2G40475, AT5G01790
OG0008201		AT4G24175
OG0008202		AT3G55520
OG0008203		AT4G28025
OG0008204		AT3G18050, AT4G28100
OG0008205		AT1G80700, AT1G80980
OG0008206		AT2G39710, AT5G02190
OG0008207		AT5G52950
OG0008208		AT2G41720
OG0008209		AT2G45450, AT3G52770, AT3G60890
OG0008210		AT1G27110, AT1G27150
OG0008211		AT2G39560, AT5G59350
OG0008212		AT4G01897
OG0008213		AT1G60460
OG0008214		AT1G65020
OG0008215		AT3G15140
OG0008216		AT1G03180
OG0008217		AT3G14840
OG0008218		AT1G04010
OG0008219		AT4G18470
OG0008220		AT2G37960, AT3G54060
OG0008221		AT5G54520
OG0008222		AT5G53450
OG0008223		AT3G50430
OG0008224		AT3G08760
OG0008225		AT1G21651
OG0008226		AT4G30900
OG0008227		
OG0008228		
OG0008229		
OG0008230		
OG0008231		AT5G56850
OG0008232		
OG0008233		
OG0008234		
OG0008235		
OG0008236	ostta05g00880	
OG0008237		AT5G53080
OG0008238		
OG0008239		
OG0008240		
OG0008241		
OG0008242	ostta08g00850, ostta16g01095, ostta16g01145	
OG0008243		
OG0008244		
OG0008245	ostta01g00860	
OG0008246		AT3G47990
OG0008247		
OG0008248		AT3G52860
OG0008249		AT5G42310
OG0008250	ostta03g04710	
OG0008251		AT3G09430
OG0008252	ostta18g01670	
OG0008253		
OG0008254		AT1G06580, AT1G12300, AT1G12620, AT1G12700, AT1G12775, AT1G62590, AT1G62670, AT1G62680, AT1G62720, AT1G62910, AT1G62914, AT1G62930, AT1G63070, AT1G63080, AT1G63130, AT1G63150, AT1G63320, AT1G63330, AT1G63400, AT1G64100, AT1G64580, AT1G64583, AT3G16710, AT3G22470, AT5G16640, AT5G41170
OG0008255		AT1G10850, AT1G60630, AT3G50230, AT5G43020, AT5G67200
OG0008256		AT2G17740, AT2G28270, AT2G42060, AT2G44370, AT2G44380, AT2G44390, AT2G44400, AT5G40590, AT5G43520
OG0008257		AT3G18960
OG0008258		AT4G03250
OG0008259		
OG0008260		
OG0008261		
OG0008262		
OG0008263	ostta05g02350	
OG0008264	ostta05g04230	
OG0008265		
OG0008266	ostta09g02600, ostta16g01160	
OG0008267		
OG0008268		
OG0008269		
OG0008270		
OG0008271		
OG0008272		
OG0008273		
OG0008274		
OG0008275		
OG0008276		
OG0008277		
OG0008278		
OG0008279		
OG0008280		
OG0008281		
OG0008282		
OG0008283		
OG0008284		
OG0008285		
OG0008286		
OG0008287		
OG0008288		
OG0008289		
OG0008290		
OG0008291		
OG0008292		
OG0008293		
OG0008294		
OG0008295		
OG0008296		
OG0008297		
OG0008298		
OG0008299		
OG0008300		
OG0008301		
OG0008302		
OG0008303		
OG0008304		
OG0008305		
OG0008306		
OG0008307		
OG0008308		
OG0008309		
OG0008310		
OG0008311		
OG0008312		
OG0008313		
OG0008314		
OG0008315		
OG0008316		
OG0008317		
OG0008318		
OG0008319		
OG0008320		
OG0008321		
OG0008322		
OG0008323		
OG0008324		
OG0008325		AT1G06060
OG0008326		
OG0008327		AT5G38530
OG0008328		AT5G42350, AT5G42360
OG0008329		
OG0008330		AT5G48330
OG0008331		AT5G38610
OG0008332		AT3G46610, AT5G14350
OG0008333	ostta03g00500	AT1G11755
OG0008334		AT5G35695
OG0008335		AT3G45050
OG0008336		
OG0008337		
OG0008338		
OG0008339		AT2G38430, AT3G54310
OG0008340		AT1G13920, AT1G69325, AT5G61280
OG0008341		AT1G19380, AT4G36660, AT5G65650
OG0008342		
OG0008343		AT2G41475, AT5G07190, AT5G62200, AT5G62210
OG0008344		
OG0008345		
OG0008346		AT1G55890, AT3G13150, AT3G13160
OG0008347		AT3G60850
OG0008348		AT3G01430, AT3G48020, AT5G14895, AT5G25240, AT5G62865
OG0008349		AT1G31350
OG0008350		AT2G47485, AT3G62650
OG0008351		
OG0008352		
OG0008353		AT5G23340
OG0008354		AT3G51790
OG0008355		AT2G17975
OG0008356		AT1G33440, AT1G59740
OG0008357		AT3G54390
OG0008358		AT4G32090
OG0008359		
OG0008360		AT2G18910
OG0008361		AT1G10910
OG0008362		AT5G03050
OG0008363		AT1G08460
OG0008364		AT1G04650
OG0008365		AT1G28250
OG0008366		AT1G45150, AT5G37247
OG0008367		AT5G06740
OG0008368		AT1G08580
OG0008369		AT4G03180
OG0008370		AT2G25570
OG0008371		AT1G12615, AT1G80150, AT2G18520, AT4G36680
OG0008372		
OG0008373		
OG0008374		AT2G03800
OG0008375		AT1G74850
OG0008376		AT4G33150
OG0008377		AT1G79260
OG0008378		AT1G17040, AT1G78540
OG0008379		
OG0008380		AT5G56960
OG0008381		AT3G63290
OG0008382		AT5G20935
OG0008383		
OG0008384		AT2G38680
OG0008385		AT3G02640, AT5G16250, AT5G36710, AT5G36800
OG0008386		AT1G63855
OG0008387		AT5G08750, AT5G63780
OG0008388		AT4G35870
OG0008389		AT1G63060, AT5G07330
OG0008390		AT1G14990
OG0008391	ostta15g01720	AT1G21840
OG0008392		AT1G54920
OG0008393		AT5G63480
OG0008394	ostta01g04540	AT5G22875
OG0008395		
OG0008396		AT4G35987
OG0008397		AT1G74880
OG0008398		AT5G60150
OG0008399		AT5G63200
OG0008400	ostta08g00990	
OG0008401		AT3G52230
OG0008402		AT5G62390
OG0008403		
OG0008404		AT1G13910, AT5G61240
OG0008405		
OG0008406		
OG0008407		AT2G36885
OG0008408		
OG0008409		
OG0008410		
OG0008411		
OG0008412		
OG0008413		
OG0008414		
OG0008415	ostta03g05950	
OG0008416	ostta06g03630	
OG0008417		
OG0008418		
OG0008419		
OG0008420		
OG0008421		
OG0008422		
OG0008423	ostta01g03830	
OG0008424		
OG0008425	ostta10g03040	
OG0008426		
OG0008427		
OG0008428	ostta18g00880	
OG0008429		
OG0008430	ostta14g01490	
OG0008431		
OG0008432		AT1G68680
OG0008433		
OG0008434		AT5G45420
OG0008435		
OG0008436		AT1G32585, AT1G32610, AT2G35230, AT5G46780
OG0008437		
OG0008438		
OG0008439		
OG0008440		
OG0008441	ostta01g00770	
OG0008442	ostta18g00840	
OG0008443		AT3G07568
OG0008444		AT1G05940
OG0008445		AT1G09665, AT1G19960, AT1G47370, AT1G57670, AT1G57830, AT1G57850, AT1G60320, AT1G65390, AT2G03030, AT2G03300, AT2G32140, AT4G11340, AT4G19910, AT4G19920, AT4G19925, AT4G23510, AT4G23515, AT5G44900, AT5G44910, AT5G44920, AT5G45000, AT5G45070, AT5G45080, AT5G45090, AT5G45220
OG0008446		AT1G12790
OG0008447		AT1G28430, AT1G50520, AT1G50560, AT2G05180, AT2G14100, AT2G27000, AT2G27010, AT3G20080, AT3G20090, AT3G20100, AT3G20110, AT3G20120, AT3G20130, AT3G20140, AT3G20935, AT3G20940, AT3G20950, AT3G20960, AT3G32047, AT4G15330, AT4G15350, AT4G15360, AT4G15380, AT5G42580, AT5G47990
OG0008448		AT1G34015
OG0008449		AT3G61590
OG0008450		AT4G31570
OG0008451	ostta16g00900	
OG0008452		
OG0008453		
OG0008454	ostta05g03050	
OG0008455	ostta03g00930	
OG0008456		
OG0008457	ostta07g04080	
OG0008458	ostta14g01450	
OG0008459	ostta13g01160	
OG0008460		
OG0008461		
OG0008462		
OG0008463		
OG0008464		
OG0008465		
OG0008466		
OG0008467		
OG0008468		
OG0008469		
OG0008470		
OG0008471		
OG0008472		
OG0008473		
OG0008474		
OG0008475		
OG0008476		
OG0008477		
OG0008478	ostta08g03620	
OG0008479		
OG0008480		
OG0008481		
OG0008482	ostta13g02110, ostta14g00210, ostta17g00670	
OG0008483		
OG0008484		
OG0008485		
OG0008486		
OG0008487		
OG0008488		
OG0008489		
OG0008490		
OG0008491		
OG0008492		
OG0008493		
OG0008494		
OG0008495		
OG0008496		
OG0008497		
OG0008498		
OG0008499		
OG0008500		
OG0008501		
OG0008502		
OG0008503		
OG0008504		
OG0008505		
OG0008506		
OG0008507		
OG0008508		
OG0008509		
OG0008510		
OG0008511		
OG0008512		
OG0008513		
OG0008514		
OG0008515		
OG0008516		
OG0008517		AT2G41820
OG0008518		AT3G16200
OG0008519		
OG0008520		AT3G62370
OG0008521		
OG0008522		AT5G41560
OG0008523		AT1G16170, AT1G79660
OG0008524		
OG0008525		AT5G20310, AT5G47740
OG0008526		AT5G03700
OG0008527		AT5G08010, AT5G61040
OG0008528		AT1G02030, AT4G16610
OG0008529		
OG0008530		AT4G16620, AT5G47470
OG0008531		
OG0008532		AT1G11760
OG0008533		AT2G05910, AT5G20640
OG0008534		
OG0008535		AT5G26749
OG0008536		AT2G40000, AT3G55840
OG0008537		AT5G07140, AT5G58520
OG0008538		AT5G65520
OG0008539		
OG0008540		
OG0008541		
OG0008542		AT1G74640
OG0008543		
OG0008544		
OG0008545		AT2G17300, AT4G35320
OG0008546		AT1G09794
OG0008547		AT3G49750, AT5G65830
OG0008548		AT1G32730
OG0008549		
OG0008550		AT2G42975
OG0008551		AT4G33160
OG0008552		AT3G45650, AT3G45660, AT3G45680, AT3G45690, AT3G45700, AT3G45710, AT3G45720
OG0008553		AT1G01450, AT1G64300, AT5G41730
OG0008554		
OG0008555		AT4G29560
OG0008556		AT1G06440, AT5G45790
OG0008557		AT4G08250
OG0008558		AT1G52770, AT3G15570
OG0008559		AT4G31830
OG0008560		AT2G37480, AT3G53670
OG0008561		
OG0008562		
OG0008563		AT5G21430
OG0008564		AT3G15353
OG0008565		AT3G02300
OG0008566		AT3G27355, AT5G40690
OG0008567		AT3G04160
OG0008568		AT5G37360
OG0008569		AT5G27680
OG0008570		AT5G49480
OG0008571	ostta05g01010	AT2G17033
OG0008572		AT5G64680
OG0008573		AT1G07330, AT2G29620, AT5G17910, AT5G58880
OG0008574		AT3G02220
OG0008575		AT3G19810
OG0008576		AT2G45530
OG0008577		AT4G17430
OG0008578		AT3G19508
OG0008579		AT5G56180
OG0008580		
OG0008581		
OG0008582		
OG0008583		
OG0008584		
OG0008585		
OG0008586		
OG0008587	ostta17g02150	
OG0008588	ostta09g02890, ostta09g03410, ostta14g00020	
OG0008589		
OG0008590		
OG0008591	ostta02g02100	
OG0008592		
OG0008593		
OG0008594		
OG0008595		AT3G26740
OG0008596		
OG0008597		
OG0008598	ostta15g02730	
OG0008599		
OG0008600	ostta01g05180	
OG0008601		
OG0008602		
OG0008603		
OG0008604		
OG0008605		
OG0008606	ostta14g01940	
OG0008607		AT4G13150
OG0008608		
OG0008609	ostta11g02090	
OG0008610	ostta04g02010	
OG0008611		
OG0008612		
OG0008613		
OG0008614		
OG0008615		AT2G03780
OG0008616		
OG0008617	ostta18g01240	
OG0008618		
OG0008619		AT3G29185
OG0008620		
OG0008621		AT3G21400
OG0008622		AT5G52960
OG0008623		
OG0008624	ostta18g00780	AT4G32560
OG0008625		
OG0008626		
OG0008627		AT5G27860
OG0008628		AT2G01755
OG0008629		AT1G02770, AT1G19060, AT1G19565, AT1G22090, AT1G23950, AT1G23960, AT1G23970, AT1G24388, AT1G27860, AT1G28500, AT2G20620, AT3G19520, AT3G25080, AT3G44760, AT3G44770, AT3G57210, AT4G11700, AT4G17700, AT4G17990, AT4G20095, AT4G28920, AT4G29550, AT5G41640, AT5G63820
OG0008630		AT1G11765, AT1G28305, AT1G28306, AT2G06090, AT2G23142, AT2G23148, AT2G24870, AT2G24880, AT3G10460, AT3G26860, AT3G26870, AT3G26880, AT3G27329, AT3G27331, AT3G27680, AT4G08560, AT4G10895, AT4G29037, AT5G04047, AT5G04347, AT5G04350, AT5G27238, AT5G38435, AT5G38440
OG0008631		AT1G77230
OG0008632		AT5G48480
OG0008633		ATCG00510
OG0008634		
OG0008635		
OG0008636		
OG0008637		
OG0008638		
OG0008639	ostta01g01950	
OG0008640	ostta01g04570, ostta11g00880, ostta17g00120	
OG0008641	ostta10g01630, ostta13g00890	
OG0008642		
OG0008643	ostta07g04240	
OG0008644	ostta01g02750	
OG0008645		
OG0008646		
OG0008647		
OG0008648		
OG0008649		
OG0008650		
OG0008651		
OG0008652		
OG0008653		
OG0008654		
OG0008655		
OG0008656		
OG0008657		
OG0008658		
OG0008659		
OG0008660		
OG0008661		
OG0008662		
OG0008663		
OG0008664		
OG0008665		
OG0008666		
OG0008667		
OG0008668		
OG0008669		
OG0008670		
OG0008671		
OG0008672		
OG0008673		
OG0008674		
OG0008675		
OG0008676		
OG0008677		
OG0008678		
OG0008679		
OG0008680		
OG0008681		
OG0008682		
OG0008683		
OG0008684		
OG0008685		
OG0008686		AT1G32580, AT2G35240
OG0008687		AT4G14180
OG0008688		AT4G36440
OG0008689		AT2G37035
OG0008690		AT1G10140, AT1G58420
OG0008691		
OG0008692		
OG0008693		AT5G50280
OG0008694		
OG0008695		
OG0008696		ATMG00310
OG0008697		AT5G65250
OG0008698		AT1G04000, AT3G23440, AT5G44060
OG0008699		
OG0008700		AT2G37080, AT3G53350, AT5G60210
OG0008701		AT5G16520
OG0008702		
OG0008703		
OG0008704		AT3G47640
OG0008705		AT3G04020
OG0008706		AT5G43490
OG0008707		AT3G49240
OG0008708		AT2G20410
OG0008709		AT4G34140
OG0008710		AT2G36950, AT5G03380, AT5G60800
OG0008711		AT3G19660
OG0008712		AT3G47860
OG0008713		AT5G62550
OG0008714		AT2G23093
OG0008715		AT5G24314
OG0008716		AT3G55820
OG0008717		AT5G14700
OG0008718		AT3G02065
OG0008719		AT5G37480
OG0008720		AT4G19400
OG0008721		AT1G22140
OG0008722		AT3G48880, AT4G11580
OG0008723		
OG0008724		AT3G03810, AT3G30300
OG0008725		AT4G38062
OG0008726		AT4G14605
OG0008727		AT2G43250
OG0008728		AT5G56930
OG0008729		
OG0008730		
OG0008731		AT5G09960, AT5G19473, AT5G64850
OG0008732		AT5G19960
OG0008733		AT1G01380, AT2G30420, AT2G30424, AT2G30432, AT2G46410, AT4G01060, AT5G53200
OG0008734		AT3G16010
OG0008735		AT1G52565, AT3G15760
OG0008736		AT3G05320
OG0008737		AT5G08040
OG0008738		AT1G32370
OG0008739		AT2G01710
OG0008740		AT4G16330
OG0008741		AT1G03080, AT3G22790, AT4G02710, AT4G14760
OG0008742		
OG0008743		AT3G07440, AT5G48530
OG0008744	ostta04g05090	AT3G08610
OG0008745		AT1G09520, AT3G17460
OG0008746		
OG0008747	ostta11g02750	AT2G20725
OG0008748	ostta13g01540	
OG0008749		
OG0008750		
OG0008751		
OG0008752		
OG0008753	ostta09g03710	
OG0008754		AT1G77350
OG0008755		
OG0008756		
OG0008757		AT4G30630, AT5G57910
OG0008758		
OG0008759	ostta13g00920	AT1G50730
OG0008760		
OG0008761		
OG0008762		AT2G22640
OG0008763	ostta16g01220	
OG0008764		AT1G22630
OG0008765	ostta08g03120	
OG0008766		
OG0008767		
OG0008768		
OG0008769	ostta16g01640	
OG0008770		
OG0008771	ostta01g03300	
OG0008772		
OG0008773		
OG0008774		
OG0008775		
OG0008776		
OG0008777		
OG0008778		
OG0008779		
OG0008780		
OG0008781		AT5G03560
OG0008782		AT5G39210
OG0008783		
OG0008784		AT1G31950, AT1G33750, AT1G48800, AT1G48820, AT1G66020, AT1G70080, AT2G23230, AT2G37140, AT3G14490, AT3G14520, AT3G14540, AT3G29110, AT3G29190, AT3G29410, AT3G32030, AT4G13280, AT4G13300, AT4G15870, AT4G20200, AT4G20210, AT4G20230, AT5G44630, AT5G48110
OG0008785		AT1G32763, AT1G59833, AT2G03913, AT2G03931, AT2G03932, AT2G03933, AT2G03936, AT2G03937, AT2G03955, AT2G13542, AT2G14365, AT2G22345, AT2G33233, AT2G34123, AT2G42885, AT3G04540, AT3G04545, AT3G16895, AT3G17155, AT3G48231, AT5G19172, AT5G19175, AT5G28288
OG0008786		AT1G45215, AT1G45221, AT1G45223, AT1G57760, AT1G57775, AT1G57777, AT3G30383, AT3G30385, AT3G30387, AT3G44115, AT4G07515, AT4G08025, AT5G34881, AT5G34882, AT5G34883, AT5G34885, AT5G34887, AT5G34905, AT5G34908, AT5G42567, AT5G42955, AT5G42957
OG0008787		AT3G09085
OG0008788		
OG0008789		
OG0008790		
OG0008791	ostta15g02050	
OG0008792	ostta07g02480	
OG0008793	ostta12g02380	
OG0008794	ostta10g01920	
OG0008795	ostta02g01180	
OG0008796	ostta03g01525	
OG0008797	ostta03g00910, ostta16g02530	
OG0008798	ostta07g04600	
OG0008799		
OG0008800		
OG0008801		
OG0008802		
OG0008803		
OG0008804		
OG0008805		
OG0008806		
OG0008807		
OG0008808		
OG0008809		
OG0008810		
OG0008811		
OG0008812		
OG0008813		
OG0008814		
OG0008815		
OG0008816		
OG0008817		
OG0008818		
OG0008819		
OG0008820		
OG0008821		
OG0008822		
OG0008823		
OG0008824		
OG0008825		
OG0008826		
OG0008827		
OG0008828		
OG0008829		
OG0008830		
OG0008831		
OG0008832		
OG0008833		
OG0008834		
OG0008835		
OG0008836		
OG0008837		
OG0008838		
OG0008839		
OG0008840		
OG0008841		
OG0008842		
OG0008843		
OG0008844		
OG0008845		
OG0008846		
OG0008847		
OG0008848		
OG0008849		
OG0008850		
OG0008851		
OG0008852		
OG0008853		
OG0008854		
OG0008855		
OG0008856		AT2G33180
OG0008857		AT2G19330, AT4G26050, AT4G29880
OG0008858		AT5G02890
OG0008859		
OG0008860		AT2G44600, AT3G60200
OG0008861		AT1G02160
OG0008862		AT5G07380
OG0008863		AT2G35300
OG0008864		AT3G03600
OG0008865		AT1G51960, AT3G16490, AT4G29150
OG0008866		AT1G77250
OG0008867		AT2G22530
OG0008868		AT1G61255, AT2G19000, AT4G21620
OG0008869		AT2G31940, AT5G19875
OG0008870		AT5G07360
OG0008871		AT3G18580
OG0008872		AT3G58520, AT5G48040
OG0008873		AT1G33265
OG0008874		AT3G14900
OG0008875		AT1G65320
OG0008876		
OG0008877		AT3G07230
OG0008878		
OG0008879		
OG0008880		
OG0008881		
OG0008882		
OG0008883		AT2G01100
OG0008884		AT4G17000
OG0008885		AT3G12650
OG0008886		AT1G71790
OG0008887		AT1G13940, AT1G26620, AT1G69360
OG0008888		
OG0008889		AT4G26370
OG0008890		AT1G07020
OG0008891		AT4G18490
OG0008892		AT2G31340
OG0008893		AT2G31880
OG0008894		AT1G73080
OG0008895		
OG0008896		AT1G08315
OG0008897		AT3G02490, AT3G48250, AT5G15980
OG0008898		AT3G44350, AT5G22380
OG0008899		AT5G45310
OG0008900		AT3G59420
OG0008901		
OG0008902		AT4G02440
OG0008903		AT3G18510
OG0008904		AT1G13050, AT3G26350, AT4G26490, AT5G56050, AT5G56070
OG0008905		AT5G63905
OG0008906		AT3G15900
OG0008907		AT4G33467
OG0008908		AT3G05100
OG0008909		AT1G22030, AT1G77855
OG0008910		
OG0008911		
OG0008912		
OG0008913		AT2G17990, AT4G36105, AT5G66250
OG0008914		
OG0008915		AT1G52630
OG0008916		
OG0008917		AT3G12345
OG0008918		AT5G52810
OG0008919		AT1G52310
OG0008920		AT3G32930
OG0008921		AT4G38490
OG0008922		
OG0008923		
OG0008924		
OG0008925		
OG0008926		
OG0008927		
OG0008928		
OG0008929		
OG0008930	ostta06g02230	
OG0008931		
OG0008932		
OG0008933		AT5G16890
OG0008934		
OG0008935		
OG0008936		
OG0008937		
OG0008938		
OG0008939	ostta04g04710	
OG0008940		AT3G04340
OG0008941	ostta02g04830	
OG0008942	ostta08g01260	
OG0008943		
OG0008944		AT3G09730
OG0008945		
OG0008946		
OG0008947		
OG0008948		
OG0008949		
OG0008950		AT5G03420
OG0008951		
OG0008952		AT1G32310
OG0008953		AT3G50650, AT5G66770
OG0008954		AT4G35905
OG0008955		AT5G02710
OG0008956		AT5G38510
OG0008957		AT5G51800
OG0008958		
OG0008959		
OG0008960		
OG0008961		
OG0008962	ostta09g03110	
OG0008963		
OG0008964		
OG0008965		
OG0008966	ostta07g03010	
OG0008967	ostta01g04940, ostta03g04540, ostta03g04550, ostta07g02530, ostta16g00450	
OG0008968	ostta03g00240, ostta04g02200, ostta11g03050	
OG0008969	ostta05g04550	
OG0008970	ostta07g02930	
OG0008971	ostta08g04230	
OG0008972		
OG0008973	ostta17g01860	
OG0008974	ostta04g05110	
OG0008975	ostta10g02690	
OG0008976	ostta11g01310	
OG0008977	ostta03g05830	
OG0008978		
OG0008979	ostta10g01340	
OG0008980		
OG0008981		
OG0008982		
OG0008983		
OG0008984		
OG0008985		
OG0008986		
OG0008987		
OG0008988		
OG0008989		
OG0008990		
OG0008991		
OG0008992		
OG0008993		
OG0008994		
OG0008995		
OG0008996		
OG0008997		
OG0008998		
OG0008999		
OG0009000		
OG0009001		
OG0009002		
OG0009003		
OG0009004		
OG0009005		
OG0009006		
OG0009007		
OG0009008		
OG0009009		
OG0009010		
OG0009011		
OG0009012		
OG0009013		
OG0009014		
OG0009015		
OG0009016		
OG0009017		
OG0009018		
OG0009019		
OG0009020		
OG0009021		
OG0009022		
OG0009023		
OG0009024		
OG0009025		
OG0009026		
OG0009027		
OG0009028		
OG0009029		
OG0009030		
OG0009031		
OG0009032		
OG0009033		
OG0009034		
OG0009035		
OG0009036		
OG0009037		
OG0009038		
OG0009039		
OG0009040		
OG0009041		
OG0009042		
OG0009043		
OG0009044		
OG0009045		
OG0009046		
OG0009047		
OG0009048		
OG0009049		
OG0009050		
OG0009051		
OG0009052		
OG0009053		
OG0009054		
OG0009055		
OG0009056		
OG0009057		
OG0009058		AT1G54990
OG0009059		
OG0009060		
OG0009061		AT1G61350
OG0009062		AT5G06760
OG0009063		AT2G40316
OG0009064		
OG0009065		AT5G57880
OG0009066		
OG0009067		
OG0009068		AT5G02860
OG0009069		
OG0009070		AT2G36220, AT3G52710
OG0009071		AT2G27800, AT3G25210
OG0009072		AT1G31817
OG0009073		AT3G10150
OG0009074		AT5G45500, AT5G45520
OG0009075		AT1G15230
OG0009076		
OG0009077		AT1G71760
OG0009078		
OG0009079		AT1G74200
OG0009080		AT5G13950
OG0009081		
OG0009082		
OG0009083		
OG0009084		AT3G42630, AT4G14190
OG0009085		AT4G02425
OG0009086		AT4G15010
OG0009087		
OG0009088		
OG0009089		AT1G07200, AT2G29970, AT2G40130
OG0009090		AT1G58110, AT4G06598
OG0009091		
OG0009092		
OG0009093		AT3G20490
OG0009094		
OG0009095		AT2G43540
OG0009096		AT5G41270
OG0009097		AT4G01570
OG0009098		AT3G49890
OG0009099		AT1G02820, AT4G02380, AT4G15910
OG0009100		AT5G20130
OG0009101		AT2G24395
OG0009102		AT1G02400, AT1G47990
OG0009103		
OG0009104		AT3G60310
OG0009105		AT1G49410
OG0009106		AT1G13800, AT2G26790
OG0009107		AT3G59840
OG0009108		AT4G01790
OG0009109		AT1G71240
OG0009110		AT1G22770
OG0009111		AT4G04190
OG0009112		AT1G28395, AT2G20585, AT2G33847
OG0009113		AT4G00740
OG0009114		AT1G64180, AT2G46250, AT5G41620
OG0009115		AT1G31470, AT3G01630, AT4G19450, AT5G45275
OG0009116		AT5G11780
OG0009117	ostta12g00550	ATCG00210
OG0009118		AT1G51100
OG0009119		AT2G37070, AT2G38890, AT3G53320
OG0009120		AT5G04000
OG0009121		AT1G51400, AT3G21055
OG0009122		AT1G04555
OG0009123		AT1G28540
OG0009124		AT4G15563
OG0009125		AT2G22795, AT4G33740, AT4G37820
OG0009126		AT3G19200, AT3G50640, AT4G34419, AT5G66800
OG0009127		AT1G10220, AT1G59590
OG0009128		AT1G72416, AT3G14200
OG0009129		AT1G52855, AT2G20835, AT3G15534
OG0009130		AT5G44010
OG0009131		AT3G55420
OG0009132		AT4G27380
OG0009133		
OG0009134		
OG0009135		
OG0009136	ostta14g01075	
OG0009137		
OG0009138	ostta06g01010	
OG0009139		
OG0009140		
OG0009141		AT3G17030
OG0009142	ostta05g00740	
OG0009143		
OG0009144		
OG0009145	ostta09g01220	
OG0009146	ostta11g02210	
OG0009147	ostta12g00080	AT5G22640
OG0009148		
OG0009149		
OG0009150		
OG0009151		AT3G56010
OG0009152		
OG0009153	ostta01g05990	
OG0009154		
OG0009155		
OG0009156		
OG0009157		AT4G30390
OG0009158		
OG0009159		
OG0009160		
OG0009161		AT1G30475, AT1G56200
OG0009162		
OG0009163		
OG0009164		
OG0009165	ostta07g02210	
OG0009166	ostta10g02320	
OG0009167		
OG0009168		
OG0009169		
OG0009170		
OG0009171		
OG0009172		
OG0009173		
OG0009174	ostta04g00240	
OG0009175		
OG0009176	ostta08g04220	
OG0009177		
OG0009178		
OG0009179		
OG0009180		AT1G02590
OG0009181		AT1G04210
OG0009182		AT1G24290
OG0009183		AT1G33710, AT1G34440, AT1G43730, AT1G44941, AT1G45063, AT1G50080, AT1G60720, AT2G02520, AT2G11035, AT2G19146, AT3G25720, AT3G25727, AT3G27590, AT4G04650, AT4G05095, AT4G10613, AT5G11565, AT5G16486, AT5G18880, AT5G28615, AT5G59060
OG0009184		AT1G35610, AT1G50190, AT1G55380, AT1G55390, AT1G55420, AT1G55430, AT1G55440, AT1G55700, AT2G17590, AT2G17600, AT2G23100, AT3G11370, AT3G11385, AT3G11390, AT3G11402, AT3G13590, AT3G13760, AT3G59120, AT3G59130, AT5G17960, AT5G42280
OG0009185		AT1G53920, AT1G53940, AT1G53970, AT1G53990, AT3G14225, AT5G40990
OG0009186		AT2G07674, ATMG01010
OG0009187		AT3G07060
OG0009188		ATCG00630
OG0009189		
OG0009190		
OG0009191		
OG0009192	ostta06g04280	
OG0009193		
OG0009194		
OG0009195	ostta08g02130	
OG0009196		
OG0009197	ostta05g02290	
OG0009198		
OG0009199		
OG0009200	ostta15g02060	
OG0009201	ostta15g00960	
OG0009202	ostta05g02960	
OG0009203		
OG0009204	ostta09g01910, ostta10g02060	
OG0009205	ostta13g01740	
OG0009206		
OG0009207		
OG0009208		
OG0009209		
OG0009210		
OG0009211		
OG0009212		
OG0009213		
OG0009214		
OG0009215		
OG0009216		
OG0009217		
OG0009218		
OG0009219		
OG0009220		
OG0009221		
OG0009222		
OG0009223		
OG0009224		
OG0009225		
OG0009226		
OG0009227	ostta16g02120	
OG0009228		
OG0009229		
OG0009230		
OG0009231		
OG0009232		
OG0009233		
OG0009234		
OG0009235		
OG0009236		
OG0009237		
OG0009238		
OG0009239		
OG0009240		
OG0009241		
OG0009242		
OG0009243		
OG0009244		
OG0009245		
OG0009246	ostta10g01860, ostta13g02560	
OG0009247		
OG0009248		
OG0009249		
OG0009250		
OG0009251		
OG0009252		
OG0009253		
OG0009254		
OG0009255		
OG0009256		
OG0009257		
OG0009258		
OG0009259		
OG0009260		
OG0009261		
OG0009262		
OG0009263		
OG0009264		
OG0009265		
OG0009266		
OG0009267		
OG0009268		
OG0009269		
OG0009270		
OG0009271		
OG0009272		
OG0009273		
OG0009274		
OG0009275		
OG0009276		
OG0009277		
OG0009278		
OG0009279		
OG0009280		
OG0009281		
OG0009282		
OG0009283		
OG0009284		
OG0009285		
OG0009286		
OG0009287		
OG0009288		
OG0009289		
OG0009290		
OG0009291		AT5G66420
OG0009292		
OG0009293		ATMG00030
OG0009294		AT1G10522
OG0009295		
OG0009296		
OG0009297		AT1G14120, AT1G14130
OG0009298		
OG0009299		AT1G30840
OG0009300		AT2G40095, AT3G55880
OG0009301		AT1G07060
OG0009302		
OG0009303		
OG0009304		AT2G27180, AT3G11690, AT5G06380
OG0009305		AT3G10440, AT3G44960, AT5G04320
OG0009306		
OG0009307		AT2G40765
OG0009308		
OG0009309		
OG0009310		
OG0009311		AT4G40045
OG0009312		AT3G08880, AT5G01570
OG0009313	ostta10g01580	
OG0009314		
OG0009315		AT1G72460, AT3G42880, AT5G20690
OG0009316		AT1G53260, AT1G72530, AT3G15000
OG0009317		AT1G68910, AT5G11390
OG0009318		
OG0009319		AT2G29180
OG0009320		
OG0009321		
OG0009322		AT2G21820
OG0009323		
OG0009324		
OG0009325		
OG0009326	ostta20g00340	AT3G19800
OG0009327		
OG0009328		
OG0009329		
OG0009330		AT4G02170, AT5G38700
OG0009331		
OG0009332		AT5G07890, AT5G61200
OG0009333		
OG0009334		AT3G28140, AT5G40190
OG0009335		AT5G18540
OG0009336		AT1G21480
OG0009337		AT4G30410, AT5G57780
OG0009338		AT1G15220
OG0009339		AT4G14675
OG0009340		
OG0009341		AT2G01860
OG0009342		
OG0009343		AT1G45248, AT2G40020
OG0009344		
OG0009345		
OG0009346		AT1G20310, AT1G76070
OG0009347		AT5G38770
OG0009348		AT2G23910, AT4G30470
OG0009349		AT3G14430
OG0009350		AT1G47200, AT5G27940, AT5G43070
OG0009351		AT3G20270
OG0009352		AT5G63135
OG0009353		AT3G60480
OG0009354		AT4G08240
OG0009355		AT1G36380
OG0009356		
OG0009357		AT5G03580, AT5G52545
OG0009358		
OG0009359		AT3G55390
OG0009360		
OG0009361		
OG0009362		
OG0009363		
OG0009364		
OG0009365		
OG0009366		
OG0009367	ostta12g02420	
OG0009368	ostta04g01960	AT3G57570
OG0009369		
OG0009370		
OG0009371		
OG0009372		
OG0009373		
OG0009374		
OG0009375		
OG0009376	ostta18g00380	
OG0009377		
OG0009378		AT4G34280
OG0009379		
OG0009380	ostta13g02180	
OG0009381		
OG0009382		
OG0009383		
OG0009384	ostta01g02530	AT1G55830
OG0009385		
OG0009386		
OG0009387		
OG0009388	ostta03g05110	
OG0009389		
OG0009390		
OG0009391	ostta18g00600	
OG0009392		
OG0009393	ostta17g00700	
OG0009394		
OG0009395		
OG0009396		
OG0009397	ostta05g04380	
OG0009398	ostta03g01410	
OG0009399	ostta06g02500	
OG0009400		AT5G63050
OG0009401		
OG0009402		AT1G04645, AT1G26795, AT1G26796, AT1G26797, AT1G26798, AT1G26799, AT3G16970, AT3G17080, AT3G54925, AT3G55252, AT3G55254, AT3G55665, AT3G55672, AT3G55677, AT4G16195, AT4G24973, AT4G24974, AT4G24975, AT5G12060, AT5G12070
OG0009403		AT1G10920, AT1G50180, AT1G53350, AT1G58390, AT1G58400, AT1G58410, AT1G58602, AT1G58807, AT1G58848, AT1G59124, AT1G59218, AT1G59620, AT1G59780, AT4G16095, AT5G35450, AT5G43470, AT5G48620
OG0009404		AT3G03870, AT5G18130
OG0009405		AT3G04880
OG0009406		AT5G05270
OG0009407	ostta11g01870	
OG0009408		
OG0009409		
OG0009410		
OG0009411		
OG0009412		
OG0009413	ostta01g02180	
OG0009414	ostta01g02430	
OG0009415	ostta08g02080	
OG0009416	ostta08g02160, ostta17g00110	
OG0009417	ostta08g02240	
OG0009418	ostta15g01050, ostta15g01330	
OG0009419	ostta15g01200	
OG0009420	ostta12g01890	
OG0009421	ostta06g01850	
OG0009422	ostta04g03310	
OG0009423	ostta09g03860	
OG0009424	ostta02g05490, ostta08g00360, ostta19g00460	
OG0009425	ostta13g02165	
OG0009426		
OG0009427		
OG0009428		
OG0009429		
OG0009430		
OG0009431		
OG0009432		
OG0009433		
OG0009434		
OG0009435		
OG0009436		
OG0009437		
OG0009438		
OG0009439		
OG0009440		
OG0009441		
OG0009442		
OG0009443		
OG0009444		
OG0009445		
OG0009446		
OG0009447		
OG0009448		
OG0009449		
OG0009450		
OG0009451		
OG0009452		
OG0009453		
OG0009454		
OG0009455		
OG0009456		
OG0009457		
OG0009458		
OG0009459		
OG0009460		
OG0009461		
OG0009462		
OG0009463		
OG0009464		
OG0009465	ostta03g05770	
OG0009466		
OG0009467		
OG0009468		
OG0009469		
OG0009470		
OG0009471		
OG0009472		
OG0009473		
OG0009474		
OG0009475		
OG0009476		
OG0009477		
OG0009478		
OG0009479		
OG0009480		
OG0009481		
OG0009482		
OG0009483		
OG0009484		
OG0009485		
OG0009486		
OG0009487		
OG0009488		
OG0009489		
OG0009490		
OG0009491		
OG0009492		
OG0009493		
OG0009494		
OG0009495		
OG0009496		
OG0009497		
OG0009498		
OG0009499		
OG0009500		
OG0009501		
OG0009502		
OG0009503		
OG0009504		
OG0009505		
OG0009506		
OG0009507		
OG0009508		
OG0009509		
OG0009510		
OG0009511		
OG0009512		
OG0009513		
OG0009514		
OG0009515		
OG0009516		
OG0009517		
OG0009518		
OG0009519		
OG0009520		
OG0009521		
OG0009522		AT5G07230, AT5G52160, AT5G62080
OG0009523		
OG0009524		
OG0009525		
OG0009526		
OG0009527		
OG0009528		
OG0009529		
OG0009530		AT1G43770
OG0009531		
OG0009532		
OG0009533		
OG0009534		
OG0009535		AT1G64640
OG0009536		AT5G18920
OG0009537		
OG0009538		AT1G65710, AT5G37010
OG0009539		
OG0009540		
OG0009541		AT5G20635
OG0009542		AT4G12300, AT4G12320
OG0009543		AT2G21195
OG0009544		
OG0009545		AT2G42260, AT3G57860
OG0009546		AT4G36650
OG0009547		
OG0009548		AT3G48480
OG0009549		
OG0009550		
OG0009551		AT3G47510
OG0009552		
OG0009553		AT2G16630
OG0009554		
OG0009555		AT5G52180
OG0009556		AT3G56820
OG0009557		AT3G52070
OG0009558		
OG0009559		AT1G03340, AT4G02920
OG0009560		AT2G32120
OG0009561		AT3G23910, AT3G24255
OG0009562		AT4G16700
OG0009563		AT3G19650
OG0009564		AT3G08670
OG0009565		AT1G16630, AT2G16270
OG0009566		
OG0009567		AT5G65613
OG0009568		AT2G39435
OG0009569		
OG0009570		AT3G48900
OG0009571		
OG0009572	ostta16g00850	AT5G49800
OG0009573		
OG0009574		AT2G21710
OG0009575		AT5G52380
OG0009576		
OG0009577		AT3G03150, AT5G17165
OG0009578		
OG0009579		AT1G33500
OG0009580		AT3G04040, AT5G18250
OG0009581		
OG0009582		AT4G29660
OG0009583		
OG0009584		AT1G43245
OG0009585		
OG0009586		AT2G15300, AT2G23300, AT4G34220, AT4G37250, AT5G67280
OG0009587		AT1G54730
OG0009588		AT1G80880
OG0009589		
OG0009590		
OG0009591		
OG0009592		
OG0009593		
OG0009594		
OG0009595		
OG0009596		
OG0009597		
OG0009598		
OG0009599		
OG0009600		
OG0009601		AT5G12240
OG0009602		
OG0009603		AT5G53860
OG0009604		
OG0009605		
OG0009606		
OG0009607		
OG0009608		
OG0009609	ostta06g02160	
OG0009610		
OG0009611		
OG0009612		AT5G28830
OG0009613	ostta14g02230	
OG0009614		
OG0009615		AT1G01730
OG0009616		AT5G57420
OG0009617		AT2G30100
OG0009618		
OG0009619		
OG0009620		AT4G32190
OG0009621		
OG0009622		AT1G05615, AT1G05920, AT1G05930, AT1G32030, AT2G18810, AT2G24670, AT2G27410, AT2G31420, AT2G31460, AT2G31720, AT2G31862, AT2G32645, AT2G32905, AT3G24850, AT3G49610, AT5G24050, AT5G38490, AT5G38500
OG0009623		AT1G09650, AT1G11270, AT1G12490, AT1G12855, AT1G12870, AT1G13200, AT1G14315, AT1G15015, AT1G33530, AT1G71320, AT2G02030, AT2G05600, AT2G34280, AT3G25550, AT3G62350, AT3G62380, AT4G01640, AT5G10340, AT5G16285
OG0009624		AT1G52430, AT1G52450, AT1G65110, AT1G65120, AT1G65130, AT1G65140, AT1G65160, AT1G65165, AT1G65170, AT1G65200, AT2G27630, AT2G27650, AT2G34220, AT2G34230, AT2G34240, AT5G02660, AT5G51530, AT5G61940, AT5G61950
OG0009625		AT1G55290, AT3G12900, AT3G13610, AT5G12270
OG0009626		AT2G39518, AT2G39530
OG0009627		AT2G44360
OG0009628		AT3G09860
OG0009629		AT3G18650, AT4G02235, AT4G11250, AT5G26865, AT5G26950, AT5G27050, AT5G27070, AT5G27090, AT5G27580, AT5G27944, AT5G37415, AT5G38740, AT5G39750, AT5G39810, AT5G40070, AT5G40120, AT5G40220, AT5G41200, AT5G65330
OG0009630		AT3G29785
OG0009631		AT4G33520
OG0009632		ATCG00570
OG0009633		
OG0009634		
OG0009635		
OG0009636		
OG0009637		
OG0009638		
OG0009639		
OG0009640		
OG0009641		
OG0009642		
OG0009643		
OG0009644	ostta05g00210	
OG0009645		
OG0009646	ostta08g03270	
OG0009647	ostta15g00750	
OG0009648	ostta12g00660	
OG0009649		
OG0009650	ostta06g03260	
OG0009651	ostta06g04420	
OG0009652	ostta17g01920	
OG0009653	ostta05g01410	
OG0009654	ostta12g00620	
OG0009655	ostta04g03430	
OG0009656	ostta04g05150	
OG0009657	ostta11g02030	
OG0009658	ostta03g03970	
OG0009659	ostta09g04150	
OG0009660	ostta09g02810	
OG0009661	ostta11g01010	
OG0009662	ostta12g00430	
OG0009663	ostta12g01850, ostta13g01470	
OG0009664		
OG0009665		
OG0009666		
OG0009667		
OG0009668	ostta04g04510	
OG0009669		
OG0009670		
OG0009671		
OG0009672		
OG0009673		
OG0009674		
OG0009675		
OG0009676		
OG0009677		
OG0009678		
OG0009679		
OG0009680		
OG0009681		
OG0009682		
OG0009683		
OG0009684		
OG0009685		
OG0009686		
OG0009687		
OG0009688		
OG0009689		
OG0009690		
OG0009691		
OG0009692		
OG0009693		
OG0009694		
OG0009695		
OG0009696		
OG0009697		
OG0009698		
OG0009699		
OG0009700		
OG0009701		
OG0009702		
OG0009703		
OG0009704		
OG0009705		
OG0009706		
OG0009707		
OG0009708		
OG0009709		
OG0009710		
OG0009711		
OG0009712		
OG0009713		
OG0009714		
OG0009715		
OG0009716		
OG0009717		
OG0009718		
OG0009719		
OG0009720		
OG0009721		
OG0009722		
OG0009723		
OG0009724		
OG0009725		
OG0009726		
OG0009727		
OG0009728		
OG0009729		
OG0009730		
OG0009731		
OG0009732		
OG0009733		
OG0009734		
OG0009735		
OG0009736		
OG0009737		
OG0009738		
OG0009739		
OG0009740		
OG0009741		
OG0009742		
OG0009743		
OG0009744		
OG0009745		
OG0009746		
OG0009747		
OG0009748		
OG0009749		
OG0009750		
OG0009751		
OG0009752		
OG0009753		
OG0009754		
OG0009755		
OG0009756		
OG0009757		
OG0009758		
OG0009759		
OG0009760		
OG0009761		
OG0009762		
OG0009763		
OG0009764		
OG0009765		
OG0009766		
OG0009767		
OG0009768		
OG0009769		AT5G07480
OG0009770		
OG0009771		
OG0009772		
OG0009773		
OG0009774		
OG0009775		
OG0009776		AT5G55820
OG0009777		
OG0009778		
OG0009779		AT3G46300, AT3G46310, AT5G02640
OG0009780		AT1G55560, AT1G55570, AT3G13390, AT3G13400
OG0009781		
OG0009782		
OG0009783		
OG0009784		
OG0009785		
OG0009786		
OG0009787		
OG0009788		
OG0009789		
OG0009790		
OG0009791		AT2G30300
OG0009792		
OG0009793		AT2G36240
OG0009794		AT3G23840, AT4G13840, AT4G24510
OG0009795		
OG0009796		
OG0009797		
OG0009798		
OG0009799		AT2G42180, AT3G57950, AT5G06790
OG0009800		AT2G43630, AT3G59640
OG0009801		
OG0009802		AT4G12970
OG0009803		AT1G51080
OG0009804		AT1G14750
OG0009805		AT3G18800
OG0009806		
OG0009807		
OG0009808		AT4G25990, AT5G57180
OG0009809		AT4G13030
OG0009810		AT3G30580, AT5G38790
OG0009811		
OG0009812		
OG0009813		AT5G61340
OG0009814		AT3G13780
OG0009815		
OG0009816		AT1G07500, AT5G02220
OG0009817		AT2G41180, AT3G56710
OG0009818		AT1G16500, AT1G79160
OG0009819		
OG0009820		
OG0009821		AT4G26055, AT5G57080
OG0009822		AT1G64050
OG0009823		
OG0009824		AT2G26110, AT4G26130, AT5G56980
OG0009825		AT3G52105
OG0009826		AT5G16020
OG0009827		AT1G29950
OG0009828		
OG0009829		AT4G36550
OG0009830		AT1G79490
OG0009831		AT1G29580, AT1G55080
OG0009832		AT1G20530, AT4G35240
OG0009833		AT1G27290
OG0009834		AT5G47940
OG0009835		
OG0009836		AT2G35850, AT3G52360
OG0009837		AT5G05510
OG0009838		AT4G23760
OG0009839		AT1G61610, AT4G21390
OG0009840		
OG0009841		
OG0009842		
OG0009843		
OG0009844		
OG0009845		AT1G01770
OG0009846		
OG0009847		
OG0009848		
OG0009849	ostta06g01670	
OG0009850		
OG0009851		
OG0009852		
OG0009853		
OG0009854	ostta01g00150	
OG0009855		
OG0009856		
OG0009857		
OG0009858		
OG0009859		
OG0009860		
OG0009861		AT5G48610
OG0009862		
OG0009863		
OG0009864	ostta07g03590	
OG0009865		AT4G33100
OG0009866		AT1G20870, AT1G54840, AT1G54850
OG0009867		
OG0009868		AT5G64580
OG0009869		AT4G09970
OG0009870	ostta11g00650	
OG0009871		
OG0009872		AT2G07715, ATMG00560
OG0009873		AT3G14780
OG0009874		
OG0009875		
OG0009876		
OG0009877		
OG0009878		
OG0009879		
OG0009880		
OG0009881		
OG0009882		
OG0009883	ostta13g00220	
OG0009884		
OG0009885		
OG0009886		
OG0009887		
OG0009888		
OG0009889	ostta01g03450	
OG0009890	ostta09g00975	
OG0009891	ostta08g03660	
OG0009892	ostta18g01947	
OG0009893	ostta14g01485	
OG0009894	ostta05g03140, ostta11g01940	
OG0009895	ostta05g03300	
OG0009896	ostta15g01290	
OG0009897	ostta04g00640	
OG0009898	ostta04g01970	
OG0009899	ostta12g01090	
OG0009900	ostta02g04440, ostta07g04670	
OG0009901	ostta01g03020	
OG0009902	ostta01g03030	
OG0009903	ostta09g00260	
OG0009904	ostta01g01740, ostta02g05100, ostta03g02610	
OG0009905		
OG0009906	ostta16g00170	
OG0009907		
OG0009908		
OG0009909		
OG0009910		
OG0009911		
OG0009912		
OG0009913		
OG0009914		
OG0009915		
OG0009916		
OG0009917		
OG0009918		
OG0009919		
OG0009920		
OG0009921		
OG0009922		
OG0009923		
OG0009924		
OG0009925		
OG0009926		
OG0009927		
OG0009928		
OG0009929		
OG0009930		
OG0009931		
OG0009932		
OG0009933		
OG0009934		
OG0009935		
OG0009936		
OG0009937		
OG0009938		
OG0009939		
OG0009940		
OG0009941		
OG0009942		
OG0009943		
OG0009944		
OG0009945	ostta08g01190	
OG0009946		
OG0009947		
OG0009948		
OG0009949	ostta09g00480	
OG0009950		
OG0009951		
OG0009952		
OG0009953		
OG0009954		
OG0009955	ostta18g00020, ostta19g00280, ostta19g00560	
OG0009956		
OG0009957		
OG0009958		
OG0009959		
OG0009960		
OG0009961		
OG0009962		
OG0009963		
OG0009964		
OG0009965		
OG0009966		
OG0009967		
OG0009968		
OG0009969		
OG0009970		
OG0009971		
OG0009972		
OG0009973		
OG0009974		
OG0009975		
OG0009976		
OG0009977		
OG0009978		
OG0009979		
OG0009980		
OG0009981		
OG0009982		
OG0009983		
OG0009984		
OG0009985		
OG0009986		
OG0009987		
OG0009988		
OG0009989		
OG0009990		
OG0009991		
OG0009992		
OG0009993		
OG0009994		
OG0009995		
OG0009996		
OG0009997		
OG0009998		
OG0009999		
OG0010000		
OG0010001		
OG0010002		
OG0010003		
OG0010004		
OG0010005		
OG0010006		
OG0010007		
OG0010008		
OG0010009		
OG0010010		
OG0010011		
OG0010012		
OG0010013		
OG0010014		
OG0010015		
OG0010016		
OG0010017		AT5G17460
OG0010018		AT1G49245
OG0010019		
OG0010020		
OG0010021		
OG0010022		
OG0010023		AT2G01050
OG0010024		AT3G01400, AT5G58680
OG0010025		
OG0010026		
OG0010027		
OG0010028		
OG0010029		
OG0010030		
OG0010031		
OG0010032		
OG0010033		AT3G26960, AT5G13140, AT5G41050
OG0010034		AT3G56410, AT5G05190
OG0010035		
OG0010036		
OG0010037		
OG0010038		
OG0010039		AT3G22250
OG0010040		
OG0010041		
OG0010042		
OG0010043		
OG0010044		
OG0010045		AT4G29250
OG0010046		AT4G21720
OG0010047		
OG0010048		
OG0010049		AT2G42870, AT3G58850
OG0010050		AT2G16030
OG0010051		AT1G80245, AT4G00695
OG0010052		
OG0010053		
OG0010054		AT2G03330, AT3G11810
OG0010055		
OG0010056		
OG0010057		AT1G17147, AT1G78410
OG0010058		AT1G63300, AT5G41140, AT5G52280
OG0010059		
OG0010060		
OG0010061		
OG0010062		AT1G17490, AT1G72690, AT5G57000
OG0010063		AT3G07640
OG0010064		AT1G31175
OG0010065		AT3G47850
OG0010066		
OG0010067		AT3G51500
OG0010068		
OG0010069		AT1G42550
OG0010070		
OG0010071		AT3G29290
OG0010072		
OG0010073		
OG0010074		AT2G16385, AT4G34600
OG0010075		
OG0010076		AT4G11060
OG0010077		AT1G33055
OG0010078		AT5G43630
OG0010079		AT1G34420
OG0010080		AT2G37230
OG0010081		AT1G77340
OG0010082		
OG0010083		AT2G24220
OG0010084		
OG0010085		
OG0010086		AT1G68940
OG0010087		
OG0010088		
OG0010089		AT1G61760, AT4G05220
OG0010090		
OG0010091		
OG0010092		AT1G05420, AT2G32100, AT4G14860
OG0010093		AT4G39300
OG0010094		AT3G15820, AT3G15830
OG0010095		
OG0010096		AT3G02650
OG0010097		AT2G44080, AT3G59900
OG0010098		AT1G47813, AT1G47820
OG0010099		AT1G68585, AT2G35730
OG0010100		AT1G65720
OG0010101		AT2G35540
OG0010102		AT3G20070
OG0010103		AT5G44150
OG0010104		AT2G35470
OG0010105		AT5G55125
OG0010106		
OG0010107		
OG0010108		AT4G03030
OG0010109		
OG0010110		AT3G45900, AT5G53020
OG0010111		
OG0010112		
OG0010113		AT3G02120
OG0010114		
OG0010115		
OG0010116		
OG0010117		
OG0010118		
OG0010119		
OG0010120		
OG0010121		
OG0010122		
OG0010123		
OG0010124		
OG0010125	ostta07g00380	
OG0010126		
OG0010127		
OG0010128		
OG0010129		
OG0010130		
OG0010131	ostta13g00900	AT3G16565
OG0010132		
OG0010133		
OG0010134		
OG0010135	ostta05g00630	
OG0010136		
OG0010137		
OG0010138		
OG0010139		AT1G31840
OG0010140		
OG0010141		
OG0010142		
OG0010143		
OG0010144		AT1G07985, AT5G46795
OG0010145		
OG0010146	ostta09g01670	
OG0010147		
OG0010148		
OG0010149		
OG0010150		
OG0010151		
OG0010152		AT1G15757, AT1G56553, AT1G58055, AT1G61688, AT2G12465, AT2G12475, AT2G20463, AT2G20465, AT2G40995, AT2G41997, AT4G08028, AT5G08505, AT5G27495, AT5G42223, AT5G42232, AT5G42235, AT5G59105
OG0010153		AT1G45190, AT1G47450, AT1G47470, AT1G52970, AT2G04031, AT2G04037, AT2G04041, AT2G21655, AT2G21727, AT2G25482, AT3G01185, AT3G11990, AT3G29797, AT3G30247, AT4G13261, AT4G13263, AT5G35405
OG0010154		AT2G38580
OG0010155		AT2G48030, AT3G21530
OG0010156		AT3G18670, AT3G54065, AT5G04680, AT5G04690, AT5G04700, AT5G04730, AT5G35810
OG0010157		AT3G24150, AT4G32295
OG0010158		AT3G49160
OG0010159		AT4G13690
OG0010160		AT4G28290, AT5G42110
OG0010161		AT5G16920, AT5G26730
OG0010162		
OG0010163		
OG0010164		
OG0010165		
OG0010166		
OG0010167		
OG0010168		
OG0010169		
OG0010170		
OG0010171		
OG0010172		
OG0010173	ostta01g01650	
OG0010174	ostta01g03870	
OG0010175	ostta02g04170	
OG0010176	ostta04g05170	
OG0010177	ostta04g01060, ostta04g01080	
OG0010178	ostta05g03700, ostta17g01530	
OG0010179	ostta09g03930	
OG0010180	ostta14g00650	
OG0010181	ostta17g00240	
OG0010182	ostta04g01900	
OG0010183	ostta04g02030	
OG0010184		
OG0010185	ostta04g03590	
OG0010186	ostta04g04370	
OG0010187	ostta09g01900	
OG0010188		
OG0010189		
OG0010190	ostta03g01620	
OG0010191	ostta11g01740	
OG0010192	ostta18g00150	
OG0010193	ostta02g00840	
OG0010194	ostta06g03880	
OG0010195		
OG0010196		
OG0010197		
OG0010198		
OG0010199		
OG0010200		
OG0010201		
OG0010202		
OG0010203		
OG0010204		
OG0010205		
OG0010206		
OG0010207		
OG0010208		
OG0010209		
OG0010210		
OG0010211		
OG0010212		
OG0010213		
OG0010214		
OG0010215		
OG0010216		
OG0010217		
OG0010218		
OG0010219		
OG0010220		
OG0010221		
OG0010222		
OG0010223		
OG0010224		
OG0010225		
OG0010226		
OG0010227		
OG0010228		
OG0010229		
OG0010230		
OG0010231		
OG0010232		
OG0010233		
OG0010234		
OG0010235		
OG0010236		
OG0010237		
OG0010238	ostta07g01300	
OG0010239		
OG0010240		
OG0010241		
OG0010242		
OG0010243		
OG0010244		
OG0010245		
OG0010246		
OG0010247		
OG0010248		
OG0010249		
OG0010250		
OG0010251		
OG0010252		
OG0010253		
OG0010254		
OG0010255		
OG0010256		
OG0010257		
OG0010258		
OG0010259		
OG0010260		
OG0010261		
OG0010262		
OG0010263		
OG0010264		
OG0010265		
OG0010266		
OG0010267		
OG0010268		
OG0010269		
OG0010270		
OG0010271		
OG0010272		
OG0010273		
OG0010274		
OG0010275		
OG0010276		
OG0010277		
OG0010278		
OG0010279		
OG0010280		
OG0010281		
OG0010282		
OG0010283		
OG0010284		
OG0010285		
OG0010286		
OG0010287		
OG0010288		
OG0010289		
OG0010290		
OG0010291		
OG0010292		
OG0010293		
OG0010294		
OG0010295		
OG0010296		
OG0010297		
OG0010298		
OG0010299		
OG0010300		
OG0010301		
OG0010302		
OG0010303		
OG0010304		
OG0010305		
OG0010306		
OG0010307		
OG0010308		
OG0010309		
OG0010310		
OG0010311		
OG0010312		
OG0010313		
OG0010314		
OG0010315		
OG0010316		
OG0010317		
OG0010318		
OG0010319		
OG0010320		
OG0010321		
OG0010322		
OG0010323		
OG0010324		AT2G24030
OG0010325		
OG0010326		
OG0010327		
OG0010328		
OG0010329		AT1G52520, AT1G80010
OG0010330		
OG0010331		
OG0010332		
OG0010333		
OG0010334		
OG0010335		
OG0010336		
OG0010337		AT1G13360, AT3G25870
OG0010338		
OG0010339	ostta07g02410	ATCG00560
OG0010340		
OG0010341		AT2G37630
OG0010342		AT1G71692
OG0010343		AT1G01690
OG0010344		AT4G19350
OG0010345		
OG0010346		
OG0010347		AT1G25410, AT1G68460, AT3G19160, AT4G24650
OG0010348		
OG0010349		
OG0010350		
OG0010351		
OG0010352		
OG0010353		AT1G71210
OG0010354		
OG0010355		
OG0010356		
OG0010357		
OG0010358		AT1G62520, AT4G12450, AT4G22560
OG0010359		
OG0010360		
OG0010361		
OG0010362		AT2G41340, AT3G57080
OG0010363		
OG0010364		
OG0010365		AT3G22210
OG0010366		
OG0010367		
OG0010368		
OG0010369		
OG0010370		
OG0010371		
OG0010372		AT1G30190, AT2G34610
OG0010373		AT1G18750, AT1G69540, AT2G03060
OG0010374		AT2G41410, AT3G10190
OG0010375	ostta12g00420	ATCG00220
OG0010376		AT3G06868, AT5G49100
OG0010377		AT5G49320
OG0010378		AT2G43280, AT3G07500, AT3G59470, AT4G12850
OG0010379		AT5G04080
OG0010380		
OG0010381		
OG0010382		
OG0010383		AT1G73120, AT3G19550
OG0010384		AT2G17550
OG0010385		AT5G16160
OG0010386		
OG0010387		
OG0010388		AT1G32690, AT2G35200
OG0010389		
OG0010390		AT1G69935, AT4G33780
OG0010391		AT2G41200
OG0010392		
OG0010393		
OG0010394		AT1G05440
OG0010395		AT2G35658, AT4G16840, AT5G07490, AT5G61630
OG0010396		AT4G16490
OG0010397		
OG0010398		
OG0010399		
OG0010400		
OG0010401	ostta07g00655	
OG0010402		AT5G20220
OG0010403		
OG0010404		
OG0010405		
OG0010406		
OG0010407		
OG0010408		
OG0010409	ostta01g02820	
OG0010410		
OG0010411		
OG0010412		
OG0010413		
OG0010414		
OG0010415		
OG0010416		
OG0010417		
OG0010418		
OG0010419		
OG0010420		
OG0010421		
OG0010422		
OG0010423		
OG0010424		
OG0010425		
OG0010426		
OG0010427		
OG0010428		
OG0010429		
OG0010430		
OG0010431		
OG0010432		
OG0010433		AT1G11280, AT1G61360, AT1G61370, AT1G61380, AT1G61390, AT1G61400, AT1G61420, AT1G61430, AT1G61440, AT1G61460, AT1G61480, AT1G61490, AT1G61500, AT1G61550
OG0010434		AT1G15900
OG0010435		AT1G28335, AT2G15535, AT2G25344, AT2G27145, AT2G28355, AT2G28405, AT3G25265, AT3G43083, AT4G09984, AT4G10595, AT4G10603, AT4G11485, AT4G11760, AT4G19035, AT4G19038, AT5G48543
OG0010436		AT1G33940
OG0010437		AT1G50580, AT1G64910, AT1G64920, AT2G22930, AT3G29630, AT4G09500, AT4G27560, AT4G27570, AT5G53990, AT5G54010, AT5G54060
OG0010438		AT3G48490
OG0010439		AT4G11460, AT4G11470, AT4G11480, AT4G11490, AT4G11521, AT4G11530, AT4G23190, AT4G23200, AT4G23210, AT4G23220, AT4G23240, AT4G23250, AT4G23260, AT4G23290, AT4G23300, AT4G23320
OG0010440		
OG0010441		
OG0010442		
OG0010443		
OG0010444		
OG0010445		
OG0010446		
OG0010447		
OG0010448		
OG0010449		
OG0010450		
OG0010451		
OG0010452	ostta01g00890	
OG0010453	ostta01g03720	
OG0010454	ostta01g02640, ostta01g03620	
OG0010455	ostta08g02790	
OG0010456	ostta15g02455	
OG0010457	ostta13g00710	
OG0010458	ostta05g00650, ostta06g03520	
OG0010459	ostta05g01040	
OG0010460	ostta04g01130	
OG0010461	ostta02g02850	
OG0010462	ostta02g02870	
OG0010463		
OG0010464	ostta13g02840	
OG0010465	ostta03g00430, ostta03g01920, ostta07g02890	
OG0010466		
OG0010467		
OG0010468	ostta15g02890	
OG0010469	ostta04g03200	
OG0010470	ostta18g00820	
OG0010471	ostta09g02160	
OG0010472	ostta09g00680	
OG0010473	ostta09g00350	
OG0010474	ostta10g00660	
OG0010475	ostta10g02560	
OG0010476	ostta17g01320	
OG0010477		
OG0010478		
OG0010479	ostta04g00850	
OG0010480	ostta20g00030	
OG0010481		
OG0010482	ostta04g01740	
OG0010483		
OG0010484		
OG0010485		
OG0010486		
OG0010487		
OG0010488		
OG0010489		
OG0010490		
OG0010491		
OG0010492		
OG0010493		
OG0010494		
OG0010495		
OG0010496		
OG0010497		
OG0010498		
OG0010499		
OG0010500		
OG0010501		
OG0010502		
OG0010503		
OG0010504		
OG0010505		
OG0010506		
OG0010507		
OG0010508		
OG0010509		
OG0010510		
OG0010511		
OG0010512		
OG0010513		
OG0010514	ostta09g01140	
OG0010515		
OG0010516		
OG0010517		
OG0010518		
OG0010519		
OG0010520		
OG0010521		
OG0010522		
OG0010523	ostta03g05180	
OG0010524		
OG0010525		
OG0010526		
OG0010527	ostta09g04300	
OG0010528		
OG0010529		
OG0010530		
OG0010531		
OG0010532		
OG0010533		
OG0010534		
OG0010535		
OG0010536		
OG0010537		
OG0010538		
OG0010539		
OG0010540		
OG0010541		
OG0010542		
OG0010543		
OG0010544		
OG0010545		
OG0010546	ostta09g01650	
OG0010547		
OG0010548		
OG0010549		
OG0010550		
OG0010551		
OG0010552		
OG0010553		
OG0010554		
OG0010555		
OG0010556		
OG0010557		
OG0010558		
OG0010559		
OG0010560		
OG0010561		
OG0010562		
OG0010563		
OG0010564		
OG0010565		
OG0010566		
OG0010567		
OG0010568		
OG0010569		
OG0010570		
OG0010571		
OG0010572		
OG0010573		
OG0010574		
OG0010575		
OG0010576		
OG0010577		
OG0010578		
OG0010579		
OG0010580		
OG0010581		
OG0010582		
OG0010583		
OG0010584		
OG0010585		
OG0010586		
OG0010587		
OG0010588		
OG0010589		
OG0010590		
OG0010591		
OG0010592		
OG0010593		
OG0010594		
OG0010595		
OG0010596		
OG0010597		
OG0010598		
OG0010599		
OG0010600		
OG0010601		
OG0010602		
OG0010603		
OG0010604		
OG0010605		
OG0010606		
OG0010607		
OG0010608		
OG0010609		
OG0010610		
OG0010611		
OG0010612		
OG0010613		
OG0010614		
OG0010615		
OG0010616		
OG0010617		
OG0010618		
OG0010619		
OG0010620		
OG0010621		
OG0010622		
OG0010623		
OG0010624		AT2G19720, AT4G29430
OG0010625		
OG0010626		AT4G20740
OG0010627		
OG0010628		AT4G00955
OG0010629		
OG0010630		AT3G23740, AT4G14120
OG0010631		AT2G39500
OG0010632		AT5G64620
OG0010633		
OG0010634		AT4G40080, AT5G10410, AT5G65370
OG0010635		
OG0010636		
OG0010637		
OG0010638		AT1G64450, AT4G23930
OG0010639		
OG0010640		
OG0010641		
OG0010642		
OG0010643		
OG0010644		
OG0010645		AT4G17085
OG0010646		AT3G45020
OG0010647		
OG0010648		
OG0010649		
OG0010650		
OG0010651		AT4G24110
OG0010652		AT3G25130
OG0010653		
OG0010654		
OG0010655		
OG0010656		AT5G10745, AT5G24980
OG0010657		AT1G75720, AT2G17940, AT3G51220
OG0010658		
OG0010659		AT1G14686, AT1G25240, AT1G68110, AT2G01920
OG0010660		
OG0010661		
OG0010662		AT4G18180
OG0010663		
OG0010664		
OG0010665		
OG0010666		
OG0010667		
OG0010668		
OG0010669		AT1G58460, AT4G33800
OG0010670		AT3G16660, AT3G16670
OG0010671		AT1G31790
OG0010672		AT1G01715, AT4G00525
OG0010673		AT3G63095
OG0010674		
OG0010675		AT3G60380, AT4G16790
OG0010676		
OG0010677		AT1G65090, AT5G36100
OG0010678		AT1G05430
OG0010679		AT5G03460
OG0010680		AT5G46100
OG0010681		AT2G41610
OG0010682		
OG0010683		AT1G17930, AT2G04865, AT2G25010
OG0010684		
OG0010685		AT2G28440, AT3G45230, AT5G60630
OG0010686		
OG0010687		AT1G64385
OG0010688		AT2G40113, AT4G17215, AT5G47635
OG0010689		
OG0010690		
OG0010691		AT2G38370, AT3G51720
OG0010692		AT4G16695
OG0010693		AT1G10000
OG0010694		AT5G25570
OG0010695		
OG0010696		
OG0010697		
OG0010698		
OG0010699		
OG0010700		AT5G22470
OG0010701		
OG0010702		
OG0010703		AT4G34550
OG0010704		
OG0010705		AT5G67350
OG0010706		AT1G64080
OG0010707		AT1G49170
OG0010708		AT5G21280
OG0010709		AT4G26020
OG0010710		AT5G49660
OG0010711		AT1G74120
OG0010712		AT5G55740
OG0010713		AT2G17110
OG0010714		AT1G02060
OG0010715		AT4G28530
OG0010716		AT1G10710
OG0010717		AT5G09225
OG0010718		AT5G57770
OG0010719		AT2G19090, AT4G30130
OG0010720		AT4G17240
OG0010721		
OG0010722		
OG0010723		
OG0010724		
OG0010725		
OG0010726		
OG0010727		
OG0010728		AT3G04310
OG0010729		
OG0010730		
OG0010731		
OG0010732		
OG0010733		
OG0010734		
OG0010735		
OG0010736		
OG0010737		
OG0010738		
OG0010739		
OG0010740		
OG0010741		AT1G80080
OG0010742		
OG0010743		
OG0010744		
OG0010745		
OG0010746		
OG0010747		
OG0010748		
OG0010749		
OG0010750	ostta18g01840	
OG0010751		
OG0010752		
OG0010753		AT2G37678, AT5G02200
OG0010754	ostta17g02130	
OG0010755		
OG0010756		AT2G23670
OG0010757		
OG0010758		
OG0010759		
OG0010760		
OG0010761		
OG0010762		
OG0010763		
OG0010764		
OG0010765		
OG0010766		
OG0010767		AT5G42290
OG0010768		
OG0010769		
OG0010770		AT1G06460
OG0010771		AT1G20400, AT4G20520, AT4G20535, AT4G20545, AT4G20555, AT4G20565, AT4G20575, AT4G20650, AT4G20700, AT4G20707, AT4G20947
OG0010772		AT1G27040, AT1G69850, AT5G62730
OG0010773		AT1G52603, AT1G67235, AT5G33393
OG0010774		AT1G53035, AT3G15358
OG0010775		AT1G75010
OG0010776		AT2G06000, AT3G17370
OG0010777		AT2G30780, AT2G48000
OG0010778		AT3G06840, AT5G49170
OG0010779		AT3G07580, AT5G48335
OG0010780		AT4G02733, AT4G02735, AT4G02740, AT4G02760, AT4G08535
OG0010781		AT5G06280
OG0010782		AT5G08780
OG0010783		
OG0010784		
OG0010785		
OG0010786		
OG0010787		
OG0010788		
OG0010789		
OG0010790		
OG0010791		
OG0010792		
OG0010793	ostta01g02090, ostta07g01010, ostta18g01900	
OG0010794	ostta04g05230, ostta08g02610	
OG0010795	ostta07g02380	
OG0010796	ostta07g01620	
OG0010797	ostta08g01370	
OG0010798	ostta13g02470	
OG0010799	ostta14g00190	
OG0010800	ostta06g03870	
OG0010801	ostta12g00065	
OG0010802	ostta03g00890	
OG0010803	ostta05g01430	
OG0010804	ostta04g01890	
OG0010805		
OG0010806	ostta03g04360, ostta20g00720	
OG0010807	ostta03g03020, ostta16g00960	
OG0010808	ostta09g02050	
OG0010809	ostta09g01760	
OG0010810	ostta10g03230	
OG0010811	ostta17g02190	
OG0010812	ostta01g02030, ostta01g02040, ostta01g02070, ostta14g02740, ostta16g02190	
OG0010813	ostta01g06190	
OG0010814	ostta12g00050	
OG0010815		
OG0010816	ostta13g01800	
OG0010817		
OG0010818		
OG0010819		
OG0010820		
OG0010821		
OG0010822		
OG0010823		
OG0010824		
OG0010825		
OG0010826		
OG0010827		
OG0010828		
OG0010829		
OG0010830		
OG0010831		
OG0010832		
OG0010833		
OG0010834		
OG0010835		
OG0010836		
OG0010837		
OG0010838		
OG0010839		
OG0010840		
OG0010841		
OG0010842		
OG0010843		
OG0010844		
OG0010845		
OG0010846		
OG0010847		
OG0010848		
OG0010849		
OG0010850		
OG0010851		
OG0010852		
OG0010853		
OG0010854		
OG0010855	ostta13g01830	
OG0010856		
OG0010857		
OG0010858		
OG0010859		
OG0010860		
OG0010861		
OG0010862		
OG0010863		
OG0010864		
OG0010865		
OG0010866		
OG0010867		
OG0010868		
OG0010869		
OG0010870	ostta07g03270	
OG0010871		
OG0010872	ostta13g02310	
OG0010873		
OG0010874		
OG0010875		
OG0010876		
OG0010877		
OG0010878		
OG0010879		
OG0010880		
OG0010881		
OG0010882		
OG0010883		
OG0010884		
OG0010885		
OG0010886		
OG0010887	ostta04g00800	
OG0010888		
OG0010889		
OG0010890		
OG0010891		
OG0010892		
OG0010893		
OG0010894	ostta08g00520	
OG0010895		
OG0010896		
OG0010897		
OG0010898		
OG0010899	ostta01g02780	
OG0010900		
OG0010901	ostta16g00230	
OG0010902		
OG0010903		
OG0010904		
OG0010905		
OG0010906		
OG0010907		
OG0010908		
OG0010909		
OG0010910		
OG0010911		
OG0010912	ostta04g05510, ostta05g00720	
OG0010913		
OG0010914		
OG0010915		
OG0010916		
OG0010917		
OG0010918		
OG0010919		
OG0010920		
OG0010921		
OG0010922		
OG0010923		
OG0010924		
OG0010925		
OG0010926		
OG0010927		
OG0010928		
OG0010929		
OG0010930		
OG0010931		
OG0010932		
OG0010933		
OG0010934		
OG0010935		
OG0010936		
OG0010937		
OG0010938		
OG0010939		
OG0010940		
OG0010941		
OG0010942		
OG0010943		
OG0010944		
OG0010945		
OG0010946		
OG0010947		
OG0010948		
OG0010949		
OG0010950	ostta04g01300, ostta05g00200, ostta05g03490, ostta05g03650, ostta09g01940, ostta13g02590	
OG0010951		
OG0010952		
OG0010953		
OG0010954		
OG0010955		
OG0010956		
OG0010957		
OG0010958		
OG0010959		
OG0010960		
OG0010961		
OG0010962		
OG0010963		
OG0010964		
OG0010965		
OG0010966		
OG0010967		
OG0010968		
OG0010969		
OG0010970		
OG0010971		
OG0010972		
OG0010973		
OG0010974		
OG0010975		
OG0010976		
OG0010977		
OG0010978		
OG0010979		
OG0010980		
OG0010981		
OG0010982		
OG0010983		
OG0010984		
OG0010985		
OG0010986		
OG0010987		
OG0010988		
OG0010989		
OG0010990		
OG0010991		
OG0010992		
OG0010993		
OG0010994		
OG0010995		
OG0010996		
OG0010997		
OG0010998		
OG0010999		
OG0011000		
OG0011001		
OG0011002		
OG0011003		
OG0011004		
OG0011005		
OG0011006		
OG0011007		
OG0011008		AT4G26990, AT5G54920
OG0011009		
OG0011010		
OG0011011		
OG0011012		
OG0011013		
OG0011014		AT1G74055
OG0011015		AT5G07820, AT5G15430, AT5G39380, AT5G61260
OG0011016		
OG0011017		AT5G61750
OG0011018		
OG0011019		
OG0011020		
OG0011021		
OG0011022		
OG0011023		
OG0011024		AT1G19010, AT1G74860
OG0011025		
OG0011026		AT1G36920, AT1G52950, AT2G05642, AT3G31925
OG0011027		AT3G01440
OG0011028		
OG0011029		
OG0011030		AT5G49210
OG0011031		
OG0011032		AT1G48770, AT3G18295, AT4G17440
OG0011033		
OG0011034		
OG0011035		
OG0011036		
OG0011037		
OG0011038		AT5G53486
OG0011039		AT4G37608
OG0011040		AT4G26540, AT5G56040
OG0011041		
OG0011042		
OG0011043		
OG0011044		
OG0011045		
OG0011046		AT5G15280
OG0011047		AT2G25625
OG0011048		
OG0011049		AT2G01360, AT2G01390, AT5G24830
OG0011050		
OG0011051		
OG0011052		AT4G31850
OG0011053		
OG0011054		AT2G38750
OG0011055		AT4G29920
OG0011056		
OG0011057		AT3G53700
OG0011058		
OG0011059		
OG0011060		AT5G52870
OG0011061		
OG0011062		AT1G64340, AT5G41810
OG0011063		AT1G50930, AT3G20557, AT3G21710, AT5G54790
OG0011064		
OG0011065		AT3G07550
OG0011066		
OG0011067		
OG0011068		
OG0011069		
OG0011070		AT3G22680
OG0011071		AT5G54855
OG0011072		AT2G20080, AT4G28840
OG0011073		AT2G37320
OG0011074		AT3G61200
OG0011075		AT4G19550
OG0011076		
OG0011077		
OG0011078		
OG0011079		
OG0011080		
OG0011081		AT5G09270
OG0011082		AT5G47360
OG0011083		
OG0011084		
OG0011085		
OG0011086		
OG0011087		AT1G66345
OG0011088		AT2G01905
OG0011089		AT1G22600, AT1G72100
OG0011090		AT1G23270, AT1G31460, AT2G41342
OG0011091		AT3G22380, AT3G63180
OG0011092		AT3G05330
OG0011093		
OG0011094		AT3G48430
OG0011095		
OG0011096		
OG0011097		
OG0011098		AT4G12540
OG0011099		AT4G17010
OG0011100		AT3G49730, AT5G65820
OG0011101		
OG0011102		
OG0011103		AT3G50770
OG0011104		AT5G65880
OG0011105		
OG0011106		AT2G01590
OG0011107		AT4G14750
OG0011108		AT2G43990
OG0011109		AT1G69610, AT5G39785
OG0011110		AT3G52500
OG0011111		
OG0011112		
OG0011113		AT3G13990
OG0011114		AT1G27300
OG0011115		AT1G14900
OG0011116		
OG0011117		
OG0011118		
OG0011119		
OG0011120		AT1G30060, AT1G55865, AT2G01800, AT2G02770, AT4G00580, AT4G00920, AT4G00930, AT5G37190
OG0011121		
OG0011122		
OG0011123		AT2G37920
OG0011124		AT2G21720
OG0011125		AT2G15760, AT2G26530
OG0011126		
OG0011127		
OG0011128		
OG0011129		
OG0011130		
OG0011131		
OG0011132		
OG0011133		
OG0011134		
OG0011135		
OG0011136		
OG0011137		
OG0011138		
OG0011139		
OG0011140		
OG0011141		
OG0011142		
OG0011143		
OG0011144		
OG0011145		
OG0011146		
OG0011147		
OG0011148		
OG0011149		
OG0011150		
OG0011151		
OG0011152		
OG0011153		
OG0011154	ostta04g00940	
OG0011155		
OG0011156		
OG0011157		
OG0011158		AT3G10200, AT5G04060
OG0011159		
OG0011160		
OG0011161		
OG0011162		
OG0011163		
OG0011164	ostta07g01070	
OG0011165		
OG0011166		AT3G06780
OG0011167		
OG0011168		AT3G15530, AT5G54400
OG0011169		
OG0011170		
OG0011171		
OG0011172		
OG0011173		
OG0011174		
OG0011175		
OG0011176		
OG0011177		
OG0011178		
OG0011179		
OG0011180		
OG0011181		
OG0011182		
OG0011183		
OG0011184		AT1G03100
OG0011185		AT1G19240
OG0011186		AT1G49435, AT2G10535, AT3G20993, AT3G20997, AT3G43505, AT3G61172, AT3G61175, AT3G61177, AT3G61182, AT4G09795, AT5G42797, AT5G47075, AT5G47077, AT5G47175
OG0011187		AT1G66000, AT1G66060, AT1G66110, AT2G03010, AT4G09440, AT4G16530, AT5G37400, AT5G37410, AT5G37420, AT5G37430, AT5G37460, AT5G37470, AT5G37650, AT5G37920
OG0011188		AT1G71330
OG0011189		AT1G79780, AT3G16300
OG0011190		AT3G08490
OG0011191		AT3G21000
OG0011192		AT3G28050, AT3G28060, AT3G28070, AT3G28080, AT3G28100, AT3G28130, AT4G15540, AT5G40210, AT5G40230, AT5G40240
OG0011193		AT4G08485, AT4G08869, AT4G08875, AT5G18403, AT5G18407, AT5G43285, AT5G43513, AT5G43518, AT5G43525, AT5G48515, AT5G48595, AT5G48605, AT5G50423, AT5G60805
OG0011194		AT5G40470
OG0011195		
OG0011196		
OG0011197		
OG0011198		
OG0011199		
OG0011200		
OG0011201		
OG0011202		
OG0011203		
OG0011204		
OG0011205		
OG0011206		
OG0011207		
OG0011208		
OG0011209		
OG0011210	ostta01g00620	
OG0011211	ostta01g01570	
OG0011212	ostta13g00370	
OG0011213	ostta02g03650	
OG0011214	ostta17g00170	
OG0011215	ostta05g02260	
OG0011216	ostta05g02470	
OG0011217	ostta02g04780, ostta02g05050, ostta05g04660	
OG0011218	ostta08g00970	
OG0011219	ostta06g00170	
OG0011220	ostta13g01960, ostta17g00460	
OG0011221	ostta03g05340, ostta03g05360	
OG0011222	ostta13g02240	
OG0011223	ostta20g00870	
OG0011224	ostta16g02300	
OG0011225	ostta04g04150	
OG0011226	ostta04g04540	
OG0011227	ostta01g05840, ostta09g03960	
OG0011228	ostta03g02460	
OG0011229	ostta11g01620, ostta14g01970	
OG0011230	ostta11g03000	
OG0011231	ostta15g00375	
OG0011232	ostta16g00160	
OG0011233	ostta16g01330	
OG0011234	ostta04g05330	
OG0011235	ostta16g01530	
OG0011236	ostta11g00390	
OG0011237		
OG0011238		
OG0011239		
OG0011240		
OG0011241		
OG0011242		
OG0011243		
OG0011244		
OG0011245		
OG0011246		
OG0011247		
OG0011248		
OG0011249		
OG0011250		
OG0011251		
OG0011252		
OG0011253		
OG0011254		
OG0011255		
OG0011256		
OG0011257		
OG0011258		
OG0011259		
OG0011260		
OG0011261		
OG0011262		
OG0011263		
OG0011264		
OG0011265		
OG0011266		
OG0011267		
OG0011268		
OG0011269		
OG0011270		
OG0011271		
OG0011272		
OG0011273		
OG0011274		
OG0011275		
OG0011276		
OG0011277		
OG0011278		
OG0011279		
OG0011280		
OG0011281		
OG0011282		
OG0011283		
OG0011284		
OG0011285		
OG0011286		
OG0011287		
OG0011288		
OG0011289		
OG0011290		
OG0011291		
OG0011292		
OG0011293		
OG0011294		
OG0011295		
OG0011296		
OG0011297		
OG0011298		
OG0011299		
OG0011300		
OG0011301		
OG0011302		
OG0011303		
OG0011304		
OG0011305		
OG0011306		
OG0011307		
OG0011308		
OG0011309		
OG0011310		
OG0011311		
OG0011312		
OG0011313		
OG0011314	ostta05g00130	
OG0011315		
OG0011316		
OG0011317		
OG0011318		
OG0011319		
OG0011320	ostta02g04550	
OG0011321		
OG0011322		
OG0011323		
OG0011324		
OG0011325		
OG0011326		
OG0011327		
OG0011328		
OG0011329		
OG0011330		
OG0011331		
OG0011332		
OG0011333		
OG0011334		
OG0011335	ostta14g01365	
OG0011336		
OG0011337		
OG0011338		
OG0011339	ostta04g03330	
OG0011340		
OG0011341		
OG0011342	ostta08g00120	
OG0011343		
OG0011344	ostta10g01840	
OG0011345		
OG0011346		
OG0011347		
OG0011348		
OG0011349		
OG0011350		
OG0011351		
OG0011352		
OG0011353		
OG0011354		
OG0011355		
OG0011356		
OG0011357		
OG0011358		
OG0011359		
OG0011360		
OG0011361		
OG0011362		
OG0011363		
OG0011364		
OG0011365		
OG0011366		
OG0011367	ostta05g04610, ostta09g04440, ostta12g02240, ostta14g01500	
OG0011368		
OG0011369		
OG0011370		
OG0011371		
OG0011372		
OG0011373		
OG0011374		
OG0011375		
OG0011376		
OG0011377		
OG0011378		
OG0011379		
OG0011380		
OG0011381		
OG0011382		
OG0011383		
OG0011384		
OG0011385		
OG0011386		
OG0011387		
OG0011388		
OG0011389		
OG0011390		
OG0011391		
OG0011392		
OG0011393		
OG0011394		
OG0011395		
OG0011396		
OG0011397		
OG0011398		
OG0011399		
OG0011400		
OG0011401		
OG0011402		
OG0011403		
OG0011404		
OG0011405		
OG0011406		
OG0011407		
OG0011408		
OG0011409		
OG0011410		
OG0011411		
OG0011412		
OG0011413		
OG0011414		
OG0011415		
OG0011416		
OG0011417		
OG0011418		
OG0011419		
OG0011420		
OG0011421		
OG0011422		
OG0011423		
OG0011424		
OG0011425		
OG0011426		
OG0011427		
OG0011428		
OG0011429		
OG0011430		
OG0011431		
OG0011432		
OG0011433		
OG0011434		
OG0011435		
OG0011436		
OG0011437		
OG0011438		
OG0011439		
OG0011440		
OG0011441		
OG0011442		
OG0011443		
OG0011444		
OG0011445		
OG0011446		
OG0011447		
OG0011448		
OG0011449		
OG0011450		
OG0011451		
OG0011452		
OG0011453		
OG0011454		
OG0011455		
OG0011456		
OG0011457		AT3G07150
OG0011458		
OG0011459		
OG0011460		
OG0011461		
OG0011462		
OG0011463		
OG0011464		
OG0011465		
OG0011466		AT1G22830, AT1G71490
OG0011467		
OG0011468		
OG0011469		
OG0011470		
OG0011471		
OG0011472		AT3G24630
OG0011473		
OG0011474		ATMG01120
OG0011475		
OG0011476		
OG0011477		
OG0011478		
OG0011479		
OG0011480		
OG0011481		
OG0011482		
OG0011483		
OG0011484		AT3G01710, AT3G26050, AT3G27350, AT5G40700
OG0011485		
OG0011486		
OG0011487		
OG0011488		AT1G53460
OG0011489		
OG0011490		
OG0011491		
OG0011492		
OG0011493		
OG0011494		
OG0011495		AT5G53930
OG0011496		
OG0011497		
OG0011498		
OG0011499		
OG0011500		
OG0011501		
OG0011502		
OG0011503		
OG0011504		AT2G20870, AT4G28160
OG0011505		AT1G22680, AT1G71970
OG0011506		AT2G36640, AT3G53040
OG0011507		AT1G73400
OG0011508		AT1G65032
OG0011509		
OG0011510		
OG0011511		AT5G42750
OG0011512		
OG0011513		AT5G54660
OG0011514		
OG0011515		
OG0011516		AT2G19590
OG0011517		
OG0011518		
OG0011519		AT5G53220
OG0011520		
OG0011521		AT3G54340
OG0011522		
OG0011523		AT1G12310, AT1G62820
OG0011524		
OG0011525		AT5G18390
OG0011526		
OG0011527		
OG0011528		
OG0011529		
OG0011530		
OG0011531		AT2G42370, AT3G58110
OG0011532		AT5G13900
OG0011533		
OG0011534		AT1G53330
OG0011535		AT3G20150
OG0011536		AT3G11850, AT5G06560
OG0011537		AT5G52510
OG0011538		
OG0011539		AT4G33040, AT5G11930
OG0011540		AT4G29420
OG0011541		
OG0011542		
OG0011543		AT1G48405, AT3G17680
OG0011544		
OG0011545		
OG0011546		
OG0011547		AT1G09220
OG0011548		
OG0011549		AT1G77405
OG0011550		
OG0011551		
OG0011552		
OG0011553		
OG0011554		AT2G29510, AT2G37930, AT5G01030, AT5G59020
OG0011555		
OG0011556		
OG0011557		
OG0011558		AT1G47410
OG0011559		
OG0011560		
OG0011561		AT2G37030, AT3G53250, AT5G03310
OG0011562		AT1G76952, AT3G18715, AT5G09805, AT5G64667
OG0011563		AT3G55720, AT5G05840
OG0011564		
OG0011565		
OG0011566		
OG0011567		
OG0011568		AT5G45320
OG0011569		
OG0011570		AT1G07390, AT1G54470, AT1G54475, AT1G58190, AT1G74170, AT1G74180, AT1G74190, AT2G25470, AT3G53240, AT5G49290
OG0011571		
OG0011572		
OG0011573		
OG0011574		AT1G72180
OG0011575		AT1G06320
OG0011576		
OG0011577		
OG0011578		
OG0011579		
OG0011580		AT3G44735
OG0011581		AT1G17140, AT1G78430
OG0011582		
OG0011583		
OG0011584		AT2G25735
OG0011585		
OG0011586		AT4G25430, AT5G51850, AT5G62170
OG0011587		
OG0011588		AT5G64530
OG0011589		
OG0011590		AT2G04235
OG0011591		
OG0011592		AT1G22060
OG0011593		
OG0011594		
OG0011595		
OG0011596		
OG0011597		AT1G15385
OG0011598		AT1G31335
OG0011599		AT3G03430, AT5G17480
OG0011600		
OG0011601		ATCG00065
OG0011602		AT5G46220
OG0011603		
OG0011604		AT3G27250, AT3G48510, AT5G40790, AT5G40800, AT5G50360, AT5G63350
OG0011605		AT1G17400
OG0011606		
OG0011607		
OG0011608		
OG0011609		
OG0011610		
OG0011611		
OG0011612		
OG0011613		AT3G59430
OG0011614		
OG0011615		
OG0011616		
OG0011617		
OG0011618		
OG0011619		
OG0011620		
OG0011621		
OG0011622		
OG0011623		
OG0011624		
OG0011625		
OG0011626		
OG0011627		
OG0011628		
OG0011629		
OG0011630		
OG0011631		
OG0011632		AT1G80630
OG0011633		
OG0011634		
OG0011635		
OG0011636		
OG0011637		
OG0011638		
OG0011639		
OG0011640		
OG0011641		
OG0011642		
OG0011643		
OG0011644	ostta01g06090	
OG0011645		
OG0011646		
OG0011647		
OG0011648		
OG0011649		
OG0011650		
OG0011651		
OG0011652		AT1G14930, AT1G14940, AT1G14950, AT1G14960, AT1G23120, AT1G30990, AT2G01520, AT2G01530, AT3G26450, AT3G26460, AT4G14060, AT4G23670, AT4G23680
OG0011653		AT1G16090, AT1G16110, AT1G16120, AT1G16130, AT1G16150, AT1G16160, AT1G17910, AT1G19390, AT1G69730, AT1G79670, AT1G79680, AT4G31100, AT4G31110
OG0011654		AT1G16790
OG0011655		AT1G17150, AT1G43080, AT1G43090, AT1G43100, AT1G78400, AT2G15450, AT2G15460, AT2G15470, AT2G26620, AT2G33160, AT2G40310, AT4G13760
OG0011656		AT1G36100, AT3G30230, AT3G32150, AT3G32190, AT3G32200, AT3G33293, AT3G33393, AT3G43148, AT4G06688, AT4G08097, AT5G32590, AT5G33806, AT5G35604
OG0011657		AT1G44080, AT1G57906, AT1G65735, AT1G65740, AT1G65760, AT1G65770, AT2G17690, AT2G26160, AT3G25750, AT4G35733, AT5G60060
OG0011658		AT1G47770, AT2G04378, AT2G06845, AT2G10955, AT3G01345, AT3G43580, AT3G44265, AT4G08874, AT5G01080, AT5G24480, AT5G26622, AT5G28919, AT5G35760
OG0011659		AT1G49360, AT1G57790, AT2G44735, AT3G18720, AT3G56470, AT4G00893, AT4G10660, AT4G10695, AT4G10700, AT4G12370, AT4G12382
OG0011660		AT1G49610, AT1G57690, AT2G39415, AT3G03360, AT3G18150, AT3G28410, AT5G02700, AT5G02910, AT5G02920, AT5G02930, AT5G03100
OG0011661		AT1G56380, AT1G61960, AT1G61970, AT1G61980, AT1G61990, AT1G62010, AT1G62085, AT1G62110, AT1G62120, AT1G62150, AT1G62490, AT3G46950, AT5G23930
OG0011662		AT1G65190, AT1G65250, AT1G67470, AT3G52530, AT3G57640, AT3G57700, AT3G57710, AT3G57720, AT3G57730, AT3G57740, AT3G57750, AT3G57760, AT3G57770
OG0011663		AT2G17060, AT3G51570, AT4G12010, AT4G19470, AT4G19510, AT4G19530, AT4G36150, AT5G17880, AT5G44870, AT5G45060, AT5G45200, AT5G45230, AT5G45250
OG0011664		
OG0011665		
OG0011666		
OG0011667		
OG0011668		
OG0011669		
OG0011670		
OG0011671		
OG0011672		
OG0011673		
OG0011674		
OG0011675		
OG0011676	ostta01g00780, ostta15g02250	
OG0011677	ostta08g03380	
OG0011678	ostta15g02440	
OG0011679		
OG0011680	ostta03g01390	
OG0011681	ostta07g01180	
OG0011682	ostta13g00810	
OG0011683	ostta02g03990	
OG0011684	ostta05g04280	
OG0011685	ostta06g01210	
OG0011686	ostta06g03090	
OG0011687	ostta06g03960	
OG0011688	ostta17g01770	
OG0011689	ostta18g01980	
OG0011690	ostta03g04820, ostta05g03170, ostta08g01060, ostta10g01150	
OG0011691	ostta14g02730	
OG0011692	ostta04g02390, ostta05g03020	
OG0011693	ostta03g05510	
OG0011694	ostta12g01970	
OG0011695	ostta08g01560	
OG0011696	ostta04g05080	
OG0011697	ostta18g01390	
OG0011698	ostta12g03050	
OG0011699	ostta12g03160	
OG0011700		
OG0011701	ostta09g03870	
OG0011702	ostta09g01730	
OG0011703	ostta09g01040	
OG0011704	ostta09g00870	
OG0011705	ostta09g00620	
OG0011706		
OG0011707	ostta10g01330	
OG0011708	ostta10g01420	
OG0011709	ostta10g02330	
OG0011710	ostta10g02680	
OG0011711	ostta14g02000	
OG0011712	ostta11g03230	
OG0011713	ostta11g02600	
OG0011714	ostta11g01680	
OG0011715	ostta20g00380	
OG0011716	ostta01g06520	
OG0011717	ostta01g06570	
OG0011718	ostta16g02090	
OG0011719	ostta07g00200	
OG0011720		
OG0011721		
OG0011722		
OG0011723		
OG0011724		
OG0011725		
OG0011726		
OG0011727		
OG0011728		
OG0011729		
OG0011730		
OG0011731		
OG0011732		
OG0011733		
OG0011734		
OG0011735		
OG0011736		
OG0011737		
OG0011738		
OG0011739		
OG0011740		
OG0011741		
OG0011742		
OG0011743		
OG0011744		
OG0011745		
OG0011746		
OG0011747		
OG0011748		
OG0011749		
OG0011750		
OG0011751		
OG0011752		
OG0011753		
OG0011754		
OG0011755		
OG0011756		
OG0011757		
OG0011758		
OG0011759		
OG0011760		
OG0011761		
OG0011762		
OG0011763		
OG0011764		
OG0011765		
OG0011766		
OG0011767		
OG0011768		
OG0011769	ostta14g02490	
OG0011770		
OG0011771		
OG0011772		
OG0011773		
OG0011774		
OG0011775		
OG0011776		
OG0011777		
OG0011778		
OG0011779		
OG0011780		
OG0011781		
OG0011782		
OG0011783		
OG0011784		
OG0011785		
OG0011786		
OG0011787		
OG0011788		
OG0011789		
OG0011790		
OG0011791		
OG0011792		
OG0011793		
OG0011794		
OG0011795		
OG0011796		
OG0011797		
OG0011798		
OG0011799		
OG0011800	ostta05g02720	
OG0011801		
OG0011802		
OG0011803		
OG0011804		
OG0011805		
OG0011806		
OG0011807		
OG0011808		
OG0011809		
OG0011810		
OG0011811		
OG0011812		
OG0011813		
OG0011814		
OG0011815		
OG0011816		
OG0011817		
OG0011818	ostta10g01650	
OG0011819		
OG0011820		
OG0011821		
OG0011822		
OG0011823		
OG0011824		
OG0011825		
OG0011826		
OG0011827		
OG0011828		
OG0011829		
OG0011830		
OG0011831		
OG0011832		
OG0011833	ostta05g03040	
OG0011834		
OG0011835		
OG0011836		
OG0011837		
OG0011838	ostta14g01230	
OG0011839		
OG0011840		
OG0011841		
OG0011842		
OG0011843		
OG0011844		
OG0011845		
OG0011846		
OG0011847		
OG0011848		
OG0011849		
OG0011850		
OG0011851		
OG0011852		
OG0011853		
OG0011854		
OG0011855		
OG0011856		
OG0011857		
OG0011858		
OG0011859		
OG0011860		
OG0011861		
OG0011862		
OG0011863		
OG0011864		
OG0011865		
OG0011866		
OG0011867		
OG0011868		
OG0011869		
OG0011870		
OG0011871		
OG0011872		
OG0011873		
OG0011874		
OG0011875		
OG0011876		
OG0011877		
OG0011878		
OG0011879		
OG0011880		
OG0011881		
OG0011882		
OG0011883		
OG0011884		
OG0011885		
OG0011886		
OG0011887		
OG0011888		
OG0011889		
OG0011890		
OG0011891		
OG0011892		
OG0011893		
OG0011894		
OG0011895		
OG0011896		
OG0011897		
OG0011898		
OG0011899		
OG0011900		
OG0011901		
OG0011902		
OG0011903		
OG0011904		
OG0011905		
OG0011906		
OG0011907		
OG0011908		
OG0011909		
OG0011910		
OG0011911		
OG0011912		
OG0011913		
OG0011914		
OG0011915		
OG0011916		
OG0011917		
OG0011918		
OG0011919		
OG0011920		
OG0011921		
OG0011922		
OG0011923		
OG0011924		
OG0011925		
OG0011926		
OG0011927		
OG0011928		
OG0011929		
OG0011930		
OG0011931		
OG0011932		
OG0011933		
OG0011934		
OG0011935		
OG0011936		
OG0011937		
OG0011938		
OG0011939		
OG0011940		
OG0011941		
OG0011942		
OG0011943		
OG0011944		
OG0011945		
OG0011946		
OG0011947		
OG0011948		
OG0011949		
OG0011950		
OG0011951		
OG0011952		
OG0011953		
OG0011954		
OG0011955		
OG0011956		
OG0011957		
OG0011958		
OG0011959		
OG0011960		
OG0011961		
OG0011962		
OG0011963		
OG0011964		
OG0011965		
OG0011966		
OG0011967		
OG0011968		
OG0011969		
OG0011970		
OG0011971		
OG0011972		
OG0011973		
OG0011974		
OG0011975		
OG0011976		
OG0011977		
OG0011978		
OG0011979		
OG0011980		AT1G29710, AT2G25580, AT2G34370, AT4G32450
OG0011981		
OG0011982		
OG0011983		
OG0011984		
OG0011985		
OG0011986		
OG0011987		AT1G19870
OG0011988		
OG0011989		
OG0011990		
OG0011991		
OG0011992		AT3G12340
OG0011993		
OG0011994		
OG0011995		
OG0011996		
OG0011997		
OG0011998		
OG0011999		
OG0012000		
OG0012001		
OG0012002		
OG0012003		
OG0012004		
OG0012005		
OG0012006		
OG0012007		
OG0012008		
OG0012009		
OG0012010		
OG0012011		
OG0012012		
OG0012013		
OG0012014		
OG0012015		
OG0012016		AT1G23390
OG0012017		
OG0012018		
OG0012019		
OG0012020		
OG0012021		
OG0012022		
OG0012023		AT3G15810
OG0012024		
OG0012025		AT5G40520
OG0012026		
OG0012027		
OG0012028		
OG0012029		
OG0012030		
OG0012031		
OG0012032		
OG0012033		
OG0012034		
OG0012035		AT3G26900
OG0012036		AT5G60960
OG0012037		AT4G22790
OG0012038		AT2G18940
OG0012039		
OG0012040		
OG0012041		AT5G02750
OG0012042		AT3G22450
OG0012043		
OG0012044		AT4G37090
OG0012045		
OG0012046		
OG0012047		
OG0012048		
OG0012049		AT1G11900
OG0012050		
OG0012051		AT4G23060
OG0012052		
OG0012053		
OG0012054		AT2G46240
OG0012055		
OG0012056		AT1G64310
OG0012057		AT5G04840
OG0012058		
OG0012059		
OG0012060		AT3G51580
OG0012061		AT1G48330, AT3G17580
OG0012062		
OG0012063		
OG0012064		AT5G42680
OG0012065		
OG0012066		AT4G34139
OG0012067		AT4G38150
OG0012068		
OG0012069		AT4G30770
OG0012070		AT2G31980
OG0012071		AT4G02090
OG0012072		AT1G58210, AT5G02520
OG0012073		AT3G47070
OG0012074		AT1G02420
OG0012075		AT5G08310
OG0012076		
OG0012077		
OG0012078		AT1G79960
OG0012079		
OG0012080		AT1G80650, AT4G00420
OG0012081		AT1G24450
OG0012082		
OG0012083		AT1G51430, AT3G28370
OG0012084		AT1G26140, AT1G68700, AT3G25597
OG0012085		
OG0012086		AT4G27590
OG0012087		AT1G05320, AT2G32240
OG0012088		
OG0012089		AT2G28105
OG0012090		
OG0012091		AT5G46680
OG0012092		AT2G22180, AT4G39745
OG0012093		
OG0012094		AT4G18650
OG0012095		
OG0012096		
OG0012097		AT3G48550
OG0012098		
OG0012099		AT3G61410
OG0012100		
OG0012101		
OG0012102		AT1G10270
OG0012103		
OG0012104		
OG0012105		AT5G43820
OG0012106		AT5G43650
OG0012107		AT2G10930, AT5G18310, AT5G48500
OG0012108		AT1G66840, AT5G38150
OG0012109		
OG0012110		AT1G52620
OG0012111		AT3G53540
OG0012112		
OG0012113		AT1G75160, AT5G66740
OG0012114		
OG0012115		
OG0012116		
OG0012117		AT1G24460
OG0012118		AT1G68850
OG0012119		AT4G31270
OG0012120		AT4G32100, AT4G32105, AT4G32110
OG0012121		AT3G10650
OG0012122		
OG0012123		
OG0012124		AT3G01820
OG0012125		
OG0012126		
OG0012127		
OG0012128		AT2G17710
OG0012129		
OG0012130		
OG0012131		
OG0012132		AT4G31430
OG0012133		
OG0012134		
OG0012135		
OG0012136		AT4G38980
OG0012137		
OG0012138		
OG0012139		
OG0012140		
OG0012141		
OG0012142		
OG0012143		
OG0012144		
OG0012145	ostta02g03080	
OG0012146		
OG0012147		
OG0012148		
OG0012149		
OG0012150		
OG0012151		
OG0012152		
OG0012153		
OG0012154		
OG0012155	ostta03g02580	
OG0012156		
OG0012157		
OG0012158		
OG0012159		
OG0012160		
OG0012161		
OG0012162	ostta09g02830	
OG0012163	ostta05g03240	
OG0012164		AT4G28210
OG0012165		
OG0012166		
OG0012167		
OG0012168	ostta09g00610	
OG0012169		
OG0012170		
OG0012171		
OG0012172		
OG0012173		
OG0012174		
OG0012175		
OG0012176		
OG0012177		
OG0012178		
OG0012179		
OG0012180		
OG0012181		
OG0012182		AT5G48740
OG0012183		
OG0012184		
OG0012185		AT1G19630
OG0012186		AT1G20240, AT1G20290, AT1G20360, AT1G20690, AT1G20735, AT1G20790, AT1G20795, AT1G20800, AT1G20803, AT1G20940, AT1G57565, AT1G57580
OG0012187		AT1G47210, AT2G01310
OG0012188		AT1G52190, AT3G16180
OG0012189		AT2G22145, AT2G22155, AT2G25312, AT3G44428, AT3G45243, AT3G45245, AT3G45248, AT3G45252, AT3G45275, AT3G45285, AT5G14995, AT5G15000
OG0012190		AT2G34780
OG0012191		AT3G25855
OG0012192		AT3G29034
OG0012193		AT3G51320
OG0012194		AT4G17250, AT5G02650, AT5G47580
OG0012195		AT5G18950
OG0012196		ATMG00660
OG0012197		
OG0012198		
OG0012199		
OG0012200		
OG0012201		
OG0012202		
OG0012203		
OG0012204		
OG0012205		
OG0012206		
OG0012207		
OG0012208		
OG0012209		
OG0012210		
OG0012211		
OG0012212		
OG0012213		
OG0012214		
OG0012215		
OG0012216		
OG0012217		
OG0012218	ostta01g01085	
OG0012219	ostta01g04800	
OG0012220	ostta01g04500	
OG0012221	ostta01g04460	
OG0012222	ostta08g02280	
OG0012223		
OG0012224	ostta15g02240	
OG0012225	ostta06g01950, ostta07g02550	
OG0012226	ostta07g02030	
OG0012227	ostta02g04160	
OG0012228	ostta07g01160	
OG0012229	ostta07g00510	
OG0012230	ostta13g00680	
OG0012231		
OG0012232	ostta05g02860	
OG0012233		
OG0012234	ostta05g03860	
OG0012235	ostta04g03760	
OG0012236	ostta02g01200	
OG0012237	ostta04g00220	
OG0012238	ostta03g01000	
OG0012239	ostta17g01520	
OG0012240	ostta04g02020	
OG0012241	ostta04g03040	
OG0012242	ostta03g05000	
OG0012243	ostta03g04860	
OG0012244		
OG0012245	ostta03g04350	
OG0012246	ostta16g00370	
OG0012247	ostta15g02790	
OG0012248	ostta01g02860, ostta16g02650	
OG0012249		
OG0012250	ostta01g03140	
OG0012251	ostta04g03720	
OG0012252	ostta04g04860	
OG0012253	ostta12g01255, ostta18g01290	
OG0012254	ostta03g02060	
OG0012255	ostta09g02040	
OG0012256	ostta09g01960	
OG0012257	ostta12g00950	
OG0012258	ostta10g03020	
OG0012259	ostta17g02280	
OG0012260	ostta09g00310	
OG0012261	ostta01g00470	
OG0012262	ostta14g02290	
OG0012263		
OG0012264	ostta11g00920	
OG0012265	ostta02g00870	
OG0012266	ostta16g02170	
OG0012267	ostta16g02415	
OG0012268	ostta07g00340	
OG0012269	ostta13g00990	
OG0012270	ostta05g03690, ostta11g01190	
OG0012271	ostta13g01400	
OG0012272	ostta19g00080	
OG0012273		
OG0012274		
OG0012275		
OG0012276		
OG0012277		
OG0012278		
OG0012279		
OG0012280		
OG0012281		
OG0012282		
OG0012283		
OG0012284		
OG0012285		
OG0012286		
OG0012287		
OG0012288		
OG0012289		
OG0012290		
OG0012291		
OG0012292		
OG0012293		
OG0012294		
OG0012295		
OG0012296		
OG0012297		
OG0012298		
OG0012299		
OG0012300		
OG0012301		
OG0012302		
OG0012303		
OG0012304		
OG0012305		
OG0012306		
OG0012307		
OG0012308		
OG0012309		
OG0012310		
OG0012311		
OG0012312		
OG0012313		
OG0012314		
OG0012315		
OG0012316		
OG0012317		
OG0012318		
OG0012319		
OG0012320		
OG0012321		
OG0012322		
OG0012323		
OG0012324		
OG0012325		
OG0012326		
OG0012327		
OG0012328		
OG0012329	ostta10g01200	
OG0012330		
OG0012331		
OG0012332		
OG0012333		
OG0012334		
OG0012335		
OG0012336		
OG0012337		
OG0012338		
OG0012339	ostta10g01710	
OG0012340		
OG0012341		
OG0012342		
OG0012343		
OG0012344		
OG0012345		
OG0012346		
OG0012347		
OG0012348		
OG0012349		
OG0012350		
OG0012351		
OG0012352		
OG0012353		
OG0012354		
OG0012355		
OG0012356		
OG0012357		
OG0012358		
OG0012359		
OG0012360		
OG0012361		
OG0012362		
OG0012363		
OG0012364		
OG0012365		
OG0012366		
OG0012367		
OG0012368	ostta10g02340	
OG0012369		
OG0012370		
OG0012371		
OG0012372		
OG0012373		
OG0012374	ostta11g01050	
OG0012375		
OG0012376		
OG0012377		
OG0012378	ostta11g03170, ostta17g00760	
OG0012379		
OG0012380		
OG0012381		
OG0012382		
OG0012383		
OG0012384		
OG0012385	ostta12g01110	
OG0012386		
OG0012387		
OG0012388		
OG0012389		
OG0012390		
OG0012391		
OG0012392		
OG0012393		
OG0012394		
OG0012395		
OG0012396		
OG0012397	ostta11g00550	
OG0012398		
OG0012399		
OG0012400		
OG0012401		
OG0012402		
OG0012403		
OG0012404		
OG0012405		
OG0012406		
OG0012407		
OG0012408		
OG0012409		
OG0012410		
OG0012411		
OG0012412		
OG0012413	ostta16g02130	
OG0012414		
OG0012415		
OG0012416		
OG0012417		
OG0012418	ostta16g01520	
OG0012419		
OG0012420		
OG0012421		
OG0012422		
OG0012423		
OG0012424		
OG0012425		
OG0012426		
OG0012427	ostta01g03130	
OG0012428		
OG0012429		
OG0012430		
OG0012431		
OG0012432		
OG0012433		
OG0012434		
OG0012435		
OG0012436		
OG0012437		
OG0012438		
OG0012439	ostta05g01520, ostta07g02050, ostta08g03510	
OG0012440		
OG0012441		
OG0012442		
OG0012443		
OG0012444		
OG0012445		
OG0012446		
OG0012447		
OG0012448		
OG0012449		
OG0012450		
OG0012451		
OG0012452		
OG0012453		
OG0012454		
OG0012455		
OG0012456		
OG0012457		
OG0012458		
OG0012459		
OG0012460		
OG0012461		
OG0012462		
OG0012463		
OG0012464		
OG0012465		
OG0012466		
OG0012467		
OG0012468		
OG0012469		
OG0012470		
OG0012471		
OG0012472		
OG0012473		
OG0012474		
OG0012475		
OG0012476		
OG0012477		
OG0012478		
OG0012479		
OG0012480		
OG0012481		
OG0012482		
OG0012483		
OG0012484		
OG0012485		
OG0012486		
OG0012487		
OG0012488		
OG0012489		
OG0012490		
OG0012491		
OG0012492		
OG0012493		
OG0012494		
OG0012495		
OG0012496		
OG0012497		
OG0012498		
OG0012499		
OG0012500		
OG0012501		
OG0012502		
OG0012503		
OG0012504		
OG0012505		
OG0012506		
OG0012507		
OG0012508		
OG0012509		
OG0012510		
OG0012511		
OG0012512		
OG0012513		
OG0012514		
OG0012515		
OG0012516		
OG0012517		
OG0012518		
OG0012519		
OG0012520		
OG0012521		
OG0012522		
OG0012523		
OG0012524		
OG0012525		
OG0012526		
OG0012527		
OG0012528		
OG0012529		
OG0012530		
OG0012531		
OG0012532		
OG0012533		
OG0012534		
OG0012535		
OG0012536		
OG0012537		
OG0012538		
OG0012539		
OG0012540		
OG0012541		
OG0012542		
OG0012543		
OG0012544		
OG0012545		
OG0012546		
OG0012547		
OG0012548		
OG0012549		
OG0012550		
OG0012551		
OG0012552		
OG0012553		
OG0012554		
OG0012555		
OG0012556		
OG0012557		
OG0012558		
OG0012559		
OG0012560		
OG0012561		
OG0012562		
OG0012563		
OG0012564		
OG0012565		
OG0012566		
OG0012567		
OG0012568		
OG0012569		
OG0012570		
OG0012571		
OG0012572		
OG0012573		
OG0012574		
OG0012575		
OG0012576		
OG0012577		AT1G31720, AT4G19370
OG0012578		
OG0012579		
OG0012580		AT4G19890
OG0012581		AT2G45760, AT3G61190
OG0012582		
OG0012583		
OG0012584		AT4G24200
OG0012585		
OG0012586		
OG0012587		
OG0012588		AT1G14150
OG0012589		
OG0012590		AT3G16890
OG0012591		
OG0012592		
OG0012593		
OG0012594		
OG0012595		
OG0012596		
OG0012597		
OG0012598		
OG0012599		AT1G72790, AT5G57070
OG0012600		
OG0012601		AT5G65560
OG0012602		
OG0012603		
OG0012604		AT3G26540
OG0012605		
OG0012606		
OG0012607		AT1G64405
OG0012608		AT2G28090
OG0012609		AT5G54850
OG0012610		
OG0012611		AT1G09970, AT3G19700
OG0012612		
OG0012613		
OG0012614		
OG0012615		
OG0012616		
OG0012617		
OG0012618		AT1G74350
OG0012619		
OG0012620		
OG0012621		AT1G16830
OG0012622		
OG0012623		
OG0012624		
OG0012625		
OG0012626		
OG0012627		AT1G74900
OG0012628		AT5G06940
OG0012629		AT2G33250
OG0012630		
OG0012631		
OG0012632		
OG0012633		
OG0012634		
OG0012635		
OG0012636		AT3G44260, AT5G22250
OG0012637		AT4G19220
OG0012638		AT3G51760
OG0012639		
OG0012640		
OG0012641		
OG0012642		
OG0012643		AT5G49015
OG0012644		
OG0012645		AT1G18560
OG0012646		
OG0012647		
OG0012648		AT1G19115, AT1G72490
OG0012649		
OG0012650		
OG0012651		
OG0012652		
OG0012653		AT4G19980
OG0012654		
OG0012655		
OG0012656		
OG0012657		AT5G22040
OG0012658		
OG0012659		AT2G38550
OG0012660		
OG0012661		
OG0012662		AT5G45610
OG0012663		
OG0012664		AT2G30480
OG0012665		AT3G09925
OG0012666		
OG0012667		
OG0012668		AT5G14080
OG0012669		
OG0012670		
OG0012671		
OG0012672		
OG0012673		AT3G27025, AT5G14090
OG0012674		
OG0012675		AT1G13630
OG0012676		
OG0012677		AT4G18400
OG0012678		AT3G07195, AT5G48657
OG0012679		AT1G08160
OG0012680		
OG0012681		
OG0012682		
OG0012683		AT2G31290
OG0012684		AT5G42220
OG0012685		AT2G20480
OG0012686		AT4G30993
OG0012687		AT1G03560
OG0012688		AT1G07740
OG0012689		AT4G22600
OG0012690		
OG0012691		
OG0012692		
OG0012693		
OG0012694		AT5G25500
OG0012695		
OG0012696		
OG0012697		AT4G00960
OG0012698		AT2G23240, AT2G42000
OG0012699		AT3G06790
OG0012700		
OG0012701		AT4G16233
OG0012702		AT1G06475, AT5G46295
OG0012703		
OG0012704		AT5G53440
OG0012705		AT1G48200
OG0012706		
OG0012707		
OG0012708		
OG0012709		AT1G28050, AT2G33500
OG0012710		AT3G12320, AT5G06980
OG0012711		
OG0012712		
OG0012713		
OG0012714		
OG0012715		AT1G09645, AT1G57765
OG0012716		AT1G76770, AT1G76780
OG0012717		AT1G59720
OG0012718		
OG0012719		AT3G09280
OG0012720		
OG0012721		AT1G26500
OG0012722		
OG0012723		
OG0012724		
OG0012725		
OG0012726		
OG0012727		AT2G14095
OG0012728		AT3G15095
OG0012729		
OG0012730		AT5G20200
OG0012731		
OG0012732		AT4G17616
OG0012733		AT1G20430
OG0012734		AT2G37195
OG0012735		AT5G04050
OG0012736		
OG0012737		AT1G71850, AT4G24320
OG0012738		AT2G24130
OG0012739		
OG0012740		AT1G12120, AT1G62530
OG0012741		AT5G45800
OG0012742		AT3G22150
OG0012743		AT4G22758
OG0012744		AT1G55365, AT3G13500, AT5G56520
OG0012745		
OG0012746		
OG0012747		
OG0012748		AT1G21740, AT1G77500
OG0012749		AT1G51965
OG0012750		
OG0012751		
OG0012752		
OG0012753		
OG0012754		
OG0012755		
OG0012756		
OG0012757		
OG0012758		
OG0012759		
OG0012760		
OG0012761		
OG0012762		
OG0012763		
OG0012764		
OG0012765		
OG0012766		
OG0012767		
OG0012768		
OG0012769		
OG0012770		
OG0012771		
OG0012772		AT5G57565
OG0012773		
OG0012774		
OG0012775		
OG0012776		
OG0012777		
OG0012778	ostta05g01670	
OG0012779	ostta08g04190	
OG0012780		
OG0012781		
OG0012782		
OG0012783		
OG0012784	ostta07g02080	
OG0012785		
OG0012786		
OG0012787		
OG0012788		
OG0012789		
OG0012790		
OG0012791		
OG0012792		
OG0012793		
OG0012794		
OG0012795		
OG0012796		
OG0012797		
OG0012798		
OG0012799		
OG0012800		
OG0012801		
OG0012802		
OG0012803		
OG0012804		
OG0012805		
OG0012806		
OG0012807		
OG0012808		
OG0012809		
OG0012810		
OG0012811		
OG0012812		
OG0012813		
OG0012814		
OG0012815		AT1G03300, AT1G11420, AT1G26540, AT2G46840, AT2G47220, AT2G47230, AT3G62300, AT5G23770, AT5G23780, AT5G23800
OG0012816		AT1G03710, AT3G05450, AT3G05685, AT4G03565, AT4G03570, AT4G03590, AT5G17090, AT5G17100, AT5G17110, AT5G17120, AT5G17150
OG0012817		AT1G08695, AT1G65113, AT2G05335, AT4G10457, AT4G14785, AT4G22105, AT4G22115, AT4G32714, AT4G32717, AT4G33465, AT5G45875
OG0012818		AT1G30850, AT2G34910, AT4G20190, AT5G44660
OG0012819		AT1G31630, AT1G31640, AT1G33070, AT1G59920, AT1G59930, AT1G65300, AT1G65330, AT5G26580, AT5G26650, AT5G27960, AT5G35120
OG0012820		AT1G37020, AT1G42525, AT2G07200, AT2G10260, AT3G30305, AT3G31910, AT3G32960, AT4G08430, AT5G28235, AT5G28810, AT5G45570
OG0012821		AT1G54445, AT1G56233, AT2G04425, AT2G24693, AT3G42473, AT4G13955, AT4G13968, AT5G32619, AT5G48945, AT5G55131, AT5G55132
OG0012822		AT1G64840, AT2G16290, AT2G16300, AT2G16365, AT2G17030, AT2G17036, AT2G24250, AT2G24255, AT5G24040
OG0012823		AT2G23755
OG0012824		AT3G10120, AT5G03890
OG0012825		AT3G24280, AT4G13520
OG0012826		AT3G28770, AT3G28780, AT3G28790, AT3G28810, AT3G28820, AT3G28830, AT3G28840, AT3G28980, AT5G39870, AT5G48575, AT5G61720
OG0012827		AT5G02090
OG0012828		AT5G06400
OG0012829		AT5G35770
OG0012830		
OG0012831		
OG0012832		
OG0012833		
OG0012834		
OG0012835		
OG0012836		
OG0012837		
OG0012838		
OG0012839		
OG0012840		
OG0012841		
OG0012842		
OG0012843	ostta07g01060	
OG0012844		
OG0012845		
OG0012846		
OG0012847		
OG0012848		
OG0012849		
OG0012850		
OG0012851	ostta07g01470	
OG0012852		
OG0012853	ostta01g02020	
OG0012854	ostta01g05010	
OG0012855		
OG0012856	ostta01g03690	
OG0012857	ostta17g01630	
OG0012858	ostta08g02530	
OG0012859	ostta14g00820	
OG0012860	ostta01g03270	
OG0012861		
OG0012862	ostta11g03300, ostta19g00010, ostta19g00020, ostta19g00030, ostta19g00660	
OG0012863	ostta04g01090	
OG0012864	ostta05g02480	
OG0012865	ostta05g03190	
OG0012866	ostta05g03250	
OG0012867	ostta08g00910	
OG0012868		
OG0012869	ostta07g04200	
OG0012870	ostta06g00220	
OG0012871	ostta06g01060	
OG0012872	ostta06g02760	
OG0012873	ostta03g00990	
OG0012874	ostta03g05720	
OG0012875	ostta03g05660	
OG0012876	ostta12g02790	
OG0012877	ostta12g02370	
OG0012878		
OG0012879	ostta10g00600, ostta13g01920	
OG0012880	ostta04g03480	
OG0012881	ostta02g00440, ostta04g04450	
OG0012882	ostta05g02210	
OG0012883	ostta03g03220	
OG0012884		
OG0012885		
OG0012886	ostta09g02365	
OG0012887	ostta09g01820	
OG0012888	ostta09g00780	
OG0012889	ostta10g01760	
OG0012890	ostta10g02300	
OG0012891	ostta14g01700	
OG0012892	ostta06g03120	
OG0012893	ostta03g02010	
OG0012894	ostta15g00280	
OG0012895	ostta20g00350	
OG0012896	ostta11g01270	
OG0012897	ostta13g01930	
OG0012898	ostta11g00120	
OG0012899		
OG0012900		
OG0012901		
OG0012902		
OG0012903		
OG0012904		
OG0012905		
OG0012906		
OG0012907		
OG0012908		
OG0012909		
OG0012910		
OG0012911		
OG0012912		
OG0012913		
OG0012914		
OG0012915		
OG0012916		
OG0012917		
OG0012918		
OG0012919		
OG0012920		
OG0012921		
OG0012922		
OG0012923		
OG0012924		
OG0012925		
OG0012926		
OG0012927		
OG0012928		
OG0012929		
OG0012930		
OG0012931		
OG0012932		
OG0012933		
OG0012934		
OG0012935		
OG0012936		
OG0012937		
OG0012938		
OG0012939		
OG0012940		
OG0012941		
OG0012942		
OG0012943		
OG0012944		
OG0012945		
OG0012946		
OG0012947		
OG0012948		
OG0012949		
OG0012950		
OG0012951		
OG0012952		
OG0012953		
OG0012954		
OG0012955		
OG0012956		
OG0012957		
OG0012958		
OG0012959		
OG0012960		
OG0012961		
OG0012962		
OG0012963		
OG0012964		
OG0012965		
OG0012966		
OG0012967		
OG0012968		
OG0012969		
OG0012970		
OG0012971		
OG0012972		
OG0012973		
OG0012974		
OG0012975		
OG0012976		
OG0012977		
OG0012978		
OG0012979		
OG0012980		
OG0012981		
OG0012982		
OG0012983		
OG0012984		
OG0012985		
OG0012986		
OG0012987		
OG0012988		
OG0012989		
OG0012990		
OG0012991		
OG0012992		
OG0012993		
OG0012994		
OG0012995		
OG0012996		
OG0012997		
OG0012998		
OG0012999		
OG0013000	ostta03g00390	
OG0013001		
OG0013002		
OG0013003		
OG0013004		
OG0013005		
OG0013006		
OG0013007		
OG0013008	ostta09g00690	
OG0013009		
OG0013010		
OG0013011		
OG0013012		
OG0013013		
OG0013014		
OG0013015		
OG0013016		
OG0013017		
OG0013018		
OG0013019		
OG0013020		
OG0013021		
OG0013022		
OG0013023		
OG0013024		
OG0013025		
OG0013026	ostta11g02550	
OG0013027		
OG0013028		
OG0013029		
OG0013030		
OG0013031		
OG0013032		
OG0013033		
OG0013034		
OG0013035		
OG0013036		
OG0013037		
OG0013038		
OG0013039		
OG0013040		
OG0013041	ostta07g00710	
OG0013042		
OG0013043	ostta04g00360	
OG0013044		
OG0013045		
OG0013046		
OG0013047		
OG0013048		
OG0013049		
OG0013050		
OG0013051		
OG0013052		
OG0013053		
OG0013054		
OG0013055		
OG0013056		
OG0013057		
OG0013058		
OG0013059		
OG0013060		
OG0013061	ostta17g00690	
OG0013062		
OG0013063		
OG0013064		
OG0013065		
OG0013066		
OG0013067		
OG0013068		
OG0013069		
OG0013070		
OG0013071		
OG0013072		
OG0013073		
OG0013074		
OG0013075		
OG0013076		
OG0013077		
OG0013078		
OG0013079		
OG0013080		
OG0013081		
OG0013082		
OG0013083		
OG0013084		
OG0013085		
OG0013086		
OG0013087		
OG0013088		
OG0013089		
OG0013090		
OG0013091		
OG0013092		
OG0013093		
OG0013094		
OG0013095		
OG0013096		
OG0013097		
OG0013098		
OG0013099		
OG0013100		
OG0013101		
OG0013102		
OG0013103		
OG0013104		
OG0013105		
OG0013106		
OG0013107		
OG0013108		
OG0013109		
OG0013110		
OG0013111		
OG0013112		
OG0013113		
OG0013114		
OG0013115		
OG0013116		
OG0013117		
OG0013118		
OG0013119		
OG0013120		
OG0013121		
OG0013122		
OG0013123		
OG0013124		
OG0013125		
OG0013126		
OG0013127		
OG0013128		
OG0013129		
OG0013130		
OG0013131		
OG0013132		
OG0013133		
OG0013134		
OG0013135		
OG0013136		
OG0013137		
OG0013138		
OG0013139		
OG0013140		
OG0013141		
OG0013142		
OG0013143		
OG0013144		
OG0013145		
OG0013146		
OG0013147		
OG0013148		
OG0013149		
OG0013150		
OG0013151		
OG0013152		
OG0013153		
OG0013154		
OG0013155		
OG0013156		
OG0013157		
OG0013158		
OG0013159		
OG0013160		
OG0013161		
OG0013162		
OG0013163		
OG0013164		
OG0013165		
OG0013166		
OG0013167		
OG0013168		
OG0013169		
OG0013170		
OG0013171		
OG0013172		
OG0013173		
OG0013174		
OG0013175		
OG0013176		
OG0013177		
OG0013178		
OG0013179		
OG0013180		
OG0013181		
OG0013182		
OG0013183		
OG0013184		
OG0013185		
OG0013186		
OG0013187		
OG0013188		
OG0013189		
OG0013190		
OG0013191		
OG0013192		
OG0013193		
OG0013194		
OG0013195		
OG0013196		
OG0013197		
OG0013198		
OG0013199		
OG0013200		
OG0013201		
OG0013202		
OG0013203		
OG0013204		
OG0013205		
OG0013206		
OG0013207		
OG0013208		
OG0013209		
OG0013210		
OG0013211		
OG0013212		
OG0013213		
OG0013214		
OG0013215		
OG0013216		
OG0013217		
OG0013218		
OG0013219		
OG0013220		
OG0013221		
OG0013222		
OG0013223		
OG0013224		
OG0013225		
OG0013226		
OG0013227		
OG0013228		
OG0013229		
OG0013230		
OG0013231		
OG0013232		
OG0013233		
OG0013234		
OG0013235		
OG0013236		
OG0013237		
OG0013238		
OG0013239		
OG0013240		
OG0013241		
OG0013242		
OG0013243		
OG0013244		
OG0013245		
OG0013246		
OG0013247		
OG0013248		
OG0013249		AT3G20930
OG0013250		
OG0013251		
OG0013252		
OG0013253		
OG0013254		AT1G30320
OG0013255		
OG0013256		
OG0013257		AT2G43680, AT3G59690
OG0013258		
OG0013259		
OG0013260		
OG0013261		
OG0013262		
OG0013263		
OG0013264		
OG0013265		
OG0013266		AT3G60400
OG0013267		
OG0013268		AT1G61750, AT1G63550, AT1G63570, AT1G63580, AT1G63590, AT1G63600, AT5G41280, AT5G41290, AT5G41300
OG0013269		
OG0013270		
OG0013271		
OG0013272		AT3G49900
OG0013273		
OG0013274		AT1G78980, AT3G13065
OG0013275		
OG0013276		
OG0013277		
OG0013278		AT4G11990, AT4G22860
OG0013279		
OG0013280		AT2G39470
OG0013281		AT4G31560
OG0013282		AT4G25620, AT5G52430
OG0013283		
OG0013284		
OG0013285		
OG0013286		
OG0013287		
OG0013288		
OG0013289		
OG0013290		
OG0013291		AT5G42710
OG0013292		AT3G26855
OG0013293		AT5G13770
OG0013294		
OG0013295		
OG0013296		AT5G57250
OG0013297		
OG0013298		
OG0013299		
OG0013300		
OG0013301		
OG0013302		AT4G20090
OG0013303		
OG0013304		
OG0013305		
OG0013306		
OG0013307		
OG0013308		
OG0013309		
OG0013310		AT1G34640
OG0013311		
OG0013312		AT2G29660
OG0013313		
OG0013314		AT1G02700, AT4G02140
OG0013315		
OG0013316		
OG0013317		AT1G20300
OG0013318		
OG0013319		
OG0013320		
OG0013321		
OG0013322		
OG0013323		
OG0013324		
OG0013325		AT2G15690
OG0013326		AT2G41950
OG0013327		AT3G56910
OG0013328		
OG0013329		
OG0013330		
OG0013331		
OG0013332		AT1G06710
OG0013333		AT5G07790, AT5G61300
OG0013334		AT5G26790
OG0013335		
OG0013336		
OG0013337		
OG0013338		
OG0013339		
OG0013340		AT1G25360
OG0013341		
OG0013342		
OG0013343		
OG0013344		AT5G06610
OG0013345		AT1G52550, AT3G15780
OG0013346		AT3G48810
OG0013347		
OG0013348		
OG0013349		
OG0013350		
OG0013351		
OG0013352		
OG0013353		AT5G55840
OG0013354		
OG0013355		
OG0013356		
OG0013357		
OG0013358		AT2G32800
OG0013359		
OG0013360		AT2G21180
OG0013361		
OG0013362		
OG0013363		
OG0013364		AT1G79540
OG0013365		
OG0013366		
OG0013367		
OG0013368		
OG0013369		
OG0013370		AT1G33340
OG0013371		
OG0013372		
OG0013373		AT4G38213
OG0013374		
OG0013375		
OG0013376		AT5G38730
OG0013377		
OG0013378		AT3G51380
OG0013379		AT3G18020
OG0013380		
OG0013381		
OG0013382		
OG0013383		AT5G61400
OG0013384		AT5G42440
OG0013385		
OG0013386		AT3G53920
OG0013387		
OG0013388		
OG0013389		AT5G21910
OG0013390		AT4G14050
OG0013391		AT2G36730
OG0013392		
OG0013393		
OG0013394		AT1G65380
OG0013395		
OG0013396		
OG0013397		
OG0013398		
OG0013399		
OG0013400		AT4G16447
OG0013401		
OG0013402		
OG0013403		
OG0013404		AT3G54760
OG0013405		
OG0013406		
OG0013407		
OG0013408		
OG0013409		
OG0013410		AT5G42655
OG0013411		
OG0013412		
OG0013413		AT1G11630, AT1G61870
OG0013414		
OG0013415		
OG0013416		
OG0013417		AT2G15980
OG0013418		
OG0013419		
OG0013420		
OG0013421		
OG0013422		
OG0013423		
OG0013424		AT5G13220
OG0013425		AT3G06180, AT5G19025
OG0013426		
OG0013427		AT4G33495
OG0013428		AT5G10110, AT5G65120
OG0013429		AT3G59680
OG0013430		AT4G09040
OG0013431		AT2G37100, AT5G03110
OG0013432		AT2G41945
OG0013433		
OG0013434		AT5G35320
OG0013435		AT3G03700, AT3G04440, AT5G17830
OG0013436		AT5G18475
OG0013437		AT3G28640, AT3G28660
OG0013438		AT2G04480, AT5G35870
OG0013439		
OG0013440		
OG0013441		AT5G14410
OG0013442		
OG0013443		
OG0013444		AT5G15300
OG0013445		
OG0013446		
OG0013447		
OG0013448		AT2G22880, AT4G37710
OG0013449		AT1G79970, AT2G25690, AT5G11460
OG0013450		
OG0013451		
OG0013452		
OG0013453		
OG0013454		
OG0013455		
OG0013456		AT1G51745
OG0013457		
OG0013458		
OG0013459		
OG0013460		AT1G52343, AT4G32680
OG0013461		AT1G74220, AT2G03630
OG0013462		AT1G66890, AT1G68430, AT5G16200
OG0013463		AT5G17790
OG0013464		AT2G39120
OG0013465		
OG0013466		
OG0013467		
OG0013468		
OG0013469		
OG0013470		AT4G14358
OG0013471		AT4G15620, AT4G15630
OG0013472		AT5G22050
OG0013473		AT1G61415, AT1G61450
OG0013474		AT5G44550
OG0013475		AT4G32605
OG0013476		
OG0013477		
OG0013478		
OG0013479		
OG0013480		
OG0013481		AT1G16730
OG0013482		
OG0013483		
OG0013484		
OG0013485		
OG0013486		
OG0013487		
OG0013488		
OG0013489		
OG0013490		
OG0013491		
OG0013492		
OG0013493		
OG0013494		
OG0013495		
OG0013496		
OG0013497		
OG0013498		
OG0013499		
OG0013500		
OG0013501		
OG0013502		
OG0013503		
OG0013504		
OG0013505		
OG0013506		
OG0013507		
OG0013508		
OG0013509		AT2G39180, AT3G09780
OG0013510		
OG0013511		
OG0013512		
OG0013513		
OG0013514		
OG0013515		
OG0013516		
OG0013517		
OG0013518		
OG0013519		
OG0013520		
OG0013521		
OG0013522		
OG0013523		
OG0013524		
OG0013525		
OG0013526		
OG0013527		
OG0013528		
OG0013529		
OG0013530		
OG0013531		
OG0013532		
OG0013533		
OG0013534	ostta02g04500	
OG0013535		
OG0013536		
OG0013537		
OG0013538		
OG0013539		
OG0013540		
OG0013541		AT1G01725, AT4G00530
OG0013542		AT1G04030, AT5G44040
OG0013543		AT1G13040
OG0013544		AT1G15410
OG0013545		AT1G15680, AT1G49990, AT3G23950, AT3G23970, AT3G26010, AT3G28223, AT3G28280, AT3G28330, AT3G48220, AT4G22430
OG0013546		AT1G16640, AT3G06160, AT3G06220, AT3G46770, AT3G53310, AT4G34400, AT5G57720, AT5G60130, AT5G60140, AT5G60142
OG0013547		AT1G21245
OG0013548		AT1G21390, AT1G76980
OG0013549		AT1G23810, AT1G24060, AT1G24210, AT1G24220, AT1G24230, AT1G24250, AT1G27240, AT1G27260, AT1G27270, AT1G27280
OG0013550		AT1G34807, AT1G34812, AT1G34817, AT1G34822, AT1G34827, AT1G34855, AT1G34910, AT1G35030, AT1G35040, AT1G67020
OG0013551		AT1G48780, AT1G67050, AT1G68330, AT3G18300, AT5G38320
OG0013552		AT2G11010, AT3G30220, AT3G32160, AT3G32180, AT3G43150, AT4G06583, AT4G07740, AT4G07932, AT5G33898, AT5G35603
OG0013553		AT2G17050, AT3G51560, AT4G12020, AT4G19520, AT4G36140, AT5G17890, AT5G45050, AT5G45210, AT5G45240, AT5G45260
OG0013554		AT2G28250
OG0013555		AT2G31130
OG0013556		AT2G46375, AT3G61660
OG0013557		AT2G46535, AT3G61840, AT4G00950, AT4G27810, AT5G53030
OG0013558		AT3G01322, AT3G01323, AT3G01324, AT3G01325, AT3G01326, AT3G01327, AT3G01328, AT3G01329, AT3G01331, AT3G27425
OG0013559		AT3G61920, AT4G10910
OG0013560		AT4G02950, AT4G02970, AT4G03350, AT4G03360, AT4G03370, AT4G05240, AT4G05250, AT4G05260, AT4G05270, AT4G05310
OG0013561		AT5G08240, AT5G23160
OG0013562		
OG0013563		
OG0013564		
OG0013565		
OG0013566		
OG0013567		
OG0013568		
OG0013569		
OG0013570		
OG0013571		
OG0013572		
OG0013573		
OG0013574		
OG0013575		
OG0013576		
OG0013577		
OG0013578		
OG0013579		
OG0013580		
OG0013581		
OG0013582		
OG0013583		
OG0013584		
OG0013585		
OG0013586	ostta03g03950, ostta17g00020	
OG0013587		
OG0013588		
OG0013589		
OG0013590	ostta03g01190, ostta17g01300	
OG0013591	ostta16g01255	
OG0013592	ostta01g04210	
OG0013593		
OG0013594	ostta02g04750	
OG0013595	ostta15g02100	
OG0013596	ostta14g01670	
OG0013597		
OG0013598	ostta07g01130	
OG0013599	ostta19g00040, ostta19g00050	
OG0013600	ostta05g02780	
OG0013601	ostta08g01140	
OG0013602	ostta07g03770, ostta08g03930	
OG0013603	ostta14g00580	
OG0013604	ostta06g00330	
OG0013605		
OG0013606	ostta06g04440	
OG0013607	ostta17g00830	
OG0013608	ostta03g00960, ostta17g00380	
OG0013609	ostta03g04520	
OG0013610	ostta12g01540	
OG0013611	ostta02g03130	
OG0013612	ostta04g04950	
OG0013613	ostta01g03650	
OG0013614	ostta03g01800	
OG0013615	ostta03g03280	
OG0013616	ostta03g03530	
OG0013617	ostta01g05500	
OG0013618	ostta10g00890	
OG0013619	ostta10g00170	
OG0013620	ostta10g03330	
OG0013621	ostta13g00550	
OG0013622	ostta14g01640	
OG0013623	ostta14g02360	
OG0013624	ostta03g01550	
OG0013625	ostta03g01360, ostta03g01540	
OG0013626	ostta11g02940	
OG0013627	ostta17g01190	
OG0013628	ostta01g06410	
OG0013629	ostta16g01880	
OG0013630		
OG0013631		
OG0013632		
OG0013633		
OG0013634		
OG0013635		
OG0013636		
OG0013637		
OG0013638		
OG0013639		
OG0013640		
OG0013641		
OG0013642		
OG0013643		
OG0013644		
OG0013645		
OG0013646		
OG0013647		
OG0013648		
OG0013649		
OG0013650		
OG0013651		
OG0013652		
OG0013653		
OG0013654		
OG0013655		
OG0013656		
OG0013657		
OG0013658		
OG0013659		
OG0013660		
OG0013661		
OG0013662		
OG0013663		
OG0013664		
OG0013665		
OG0013666		
OG0013667		
OG0013668		
OG0013669		
OG0013670		
OG0013671		
OG0013672		
OG0013673		
OG0013674		
OG0013675		
OG0013676		
OG0013677		
OG0013678		
OG0013679		
OG0013680		
OG0013681		
OG0013682		
OG0013683		
OG0013684		
OG0013685		
OG0013686		
OG0013687		
OG0013688		
OG0013689		
OG0013690		
OG0013691		
OG0013692		
OG0013693		
OG0013694		
OG0013695		
OG0013696		
OG0013697		
OG0013698		
OG0013699		
OG0013700		
OG0013701		
OG0013702		
OG0013703		
OG0013704		
OG0013705		
OG0013706		
OG0013707		
OG0013708		
OG0013709		
OG0013710		
OG0013711		
OG0013712		
OG0013713		
OG0013714		
OG0013715		
OG0013716		
OG0013717		
OG0013718		
OG0013719		
OG0013720		
OG0013721		
OG0013722		
OG0013723		
OG0013724		
OG0013725		
OG0013726		
OG0013727		
OG0013728		
OG0013729		
OG0013730		
OG0013731		
OG0013732		
OG0013733		
OG0013734		
OG0013735		
OG0013736		
OG0013737		
OG0013738		
OG0013739		
OG0013740		
OG0013741		
OG0013742		
OG0013743		
OG0013744		
OG0013745		
OG0013746		
OG0013747		
OG0013748		
OG0013749		
OG0013750		
OG0013751		
OG0013752	ostta03g01650	
OG0013753		
OG0013754		
OG0013755		
OG0013756		
OG0013757		
OG0013758		
OG0013759		
OG0013760		
OG0013761		
OG0013762		
OG0013763	ostta01g00880, ostta13g00040	
OG0013764		
OG0013765		
OG0013766		
OG0013767		
OG0013768		
OG0013769		
OG0013770		
OG0013771		
OG0013772		
OG0013773		
OG0013774		
OG0013775		
OG0013776		
OG0013777		
OG0013778		
OG0013779		
OG0013780		
OG0013781		
OG0013782		
OG0013783		
OG0013784		
OG0013785	ostta05g04450	
OG0013786		
OG0013787		
OG0013788		
OG0013789		
OG0013790		
OG0013791		
OG0013792		
OG0013793		
OG0013794		
OG0013795	ostta14g01590	
OG0013796		
OG0013797		
OG0013798		
OG0013799		
OG0013800		
OG0013801		
OG0013802	ostta02g04815	
OG0013803		
OG0013804		
OG0013805		
OG0013806		
OG0013807		
OG0013808		
OG0013809		
OG0013810		
OG0013811		
OG0013812		
OG0013813		
OG0013814		
OG0013815		
OG0013816		
OG0013817		
OG0013818		
OG0013819		
OG0013820	ostta02g02070	
OG0013821		
OG0013822		
OG0013823		
OG0013824	ostta14g01385	
OG0013825		
OG0013826		
OG0013827		
OG0013828		
OG0013829		
OG0013830	ostta03g00320	
OG0013831		
OG0013832		
OG0013833		
OG0013834		
OG0013835		
OG0013836		
OG0013837		
OG0013838		
OG0013839		
OG0013840		
OG0013841		
OG0013842		
OG0013843		
OG0013844		
OG0013845		
OG0013846		
OG0013847		
OG0013848		
OG0013849		
OG0013850		
OG0013851		
OG0013852		
OG0013853		
OG0013854		
OG0013855	ostta18g00240	
OG0013856		
OG0013857		
OG0013858		
OG0013859		
OG0013860		
OG0013861		
OG0013862		
OG0013863		
OG0013864		
OG0013865		
OG0013866		
OG0013867		
OG0013868		
OG0013869		
OG0013870		
OG0013871		
OG0013872		
OG0013873		
OG0013874		
OG0013875		
OG0013876	ostta05g03950	
OG0013877		
OG0013878		
OG0013879		
OG0013880		
OG0013881		
OG0013882		
OG0013883		
OG0013884		
OG0013885		
OG0013886		
OG0013887		
OG0013888		
OG0013889		
OG0013890		
OG0013891		
OG0013892		
OG0013893		
OG0013894		
OG0013895		
OG0013896		
OG0013897		
OG0013898		
OG0013899		
OG0013900		
OG0013901		
OG0013902		
OG0013903		
OG0013904		
OG0013905		
OG0013906		
OG0013907		
OG0013908		
OG0013909		
OG0013910		
OG0013911		
OG0013912	ostta19g00410	
OG0013913		
OG0013914		
OG0013915		
OG0013916		
OG0013917		
OG0013918		
OG0013919		
OG0013920		
OG0013921		
OG0013922		
OG0013923		
OG0013924		
OG0013925		
OG0013926		
OG0013927		
OG0013928		
OG0013929		
OG0013930		
OG0013931		
OG0013932		
OG0013933		
OG0013934		
OG0013935		
OG0013936		
OG0013937		
OG0013938		
OG0013939		
OG0013940		
OG0013941		
OG0013942		
OG0013943		
OG0013944		
OG0013945		
OG0013946		
OG0013947		
OG0013948		
OG0013949		
OG0013950		
OG0013951		
OG0013952		
OG0013953		
OG0013954		
OG0013955		
OG0013956		
OG0013957		
OG0013958		
OG0013959		
OG0013960		
OG0013961		
OG0013962		
OG0013963		
OG0013964		
OG0013965		
OG0013966		
OG0013967		
OG0013968		
OG0013969		
OG0013970		
OG0013971		
OG0013972		
OG0013973		
OG0013974		
OG0013975		
OG0013976		
OG0013977		
OG0013978		
OG0013979		
OG0013980		
OG0013981		
OG0013982		
OG0013983		
OG0013984		
OG0013985		
OG0013986		
OG0013987		
OG0013988		
OG0013989		
OG0013990		
OG0013991		
OG0013992		
OG0013993		
OG0013994		
OG0013995		
OG0013996		
OG0013997		
OG0013998		
OG0013999		
OG0014000		
OG0014001		
OG0014002		
OG0014003		
OG0014004		
OG0014005		
OG0014006		
OG0014007		
OG0014008		
OG0014009		
OG0014010		
OG0014011		
OG0014012		
OG0014013		
OG0014014		
OG0014015		
OG0014016		
OG0014017		
OG0014018		
OG0014019		
OG0014020		
OG0014021		
OG0014022		
OG0014023		
OG0014024		
OG0014025		
OG0014026		
OG0014027		
OG0014028		
OG0014029		
OG0014030		
OG0014031		
OG0014032		
OG0014033		
OG0014034		
OG0014035		
OG0014036		
OG0014037		
OG0014038		
OG0014039		
OG0014040		
OG0014041		
OG0014042		
OG0014043		
OG0014044		
OG0014045		
OG0014046		
OG0014047		
OG0014048		
OG0014049		
OG0014050		
OG0014051		
OG0014052		
OG0014053		
OG0014054		
OG0014055		
OG0014056		
OG0014057		
OG0014058		
OG0014059		
OG0014060		
OG0014061		
OG0014062		
OG0014063		
OG0014064		
OG0014065		
OG0014066		
OG0014067		
OG0014068		
OG0014069		
OG0014070		
OG0014071		
OG0014072		
OG0014073		
OG0014074		
OG0014075		
OG0014076		AT3G46790
OG0014077		
OG0014078		AT1G64020
OG0014079		
OG0014080		AT4G21610
OG0014081		
OG0014082		
OG0014083		
OG0014084		
OG0014085		AT1G80550
OG0014086		
OG0014087		AT3G57062
OG0014088		
OG0014089		
OG0014090		AT1G05600
OG0014091		
OG0014092		AT2G25250, AT4G02040, AT4G32020
OG0014093		
OG0014094		
OG0014095		
OG0014096		AT4G15790
OG0014097		AT3G06920
OG0014098		
OG0014099		
OG0014100		
OG0014101		
OG0014102		
OG0014103		
OG0014104		
OG0014105		
OG0014106		
OG0014107		AT2G01780, AT2G24620, AT5G39370
OG0014108		
OG0014109		
OG0014110		
OG0014111		
OG0014112		AT1G12830
OG0014113		AT2G46940, AT3G62070, AT4G01670
OG0014114		AT5G13290
OG0014115		
OG0014116		
OG0014117		
OG0014118		AT4G09490
OG0014119		
OG0014120		
OG0014121		
OG0014122		AT1G32920, AT1G32928, AT5G54165
OG0014123		
OG0014124		
OG0014125		
OG0014126		
OG0014127		
OG0014128		AT5G56880
OG0014129		
OG0014130		
OG0014131		
OG0014132		
OG0014133		
OG0014134		
OG0014135		
OG0014136		
OG0014137		
OG0014138		AT1G67785
OG0014139		
OG0014140		
OG0014141		
OG0014142		
OG0014143		
OG0014144		
OG0014145		
OG0014146		
OG0014147		
OG0014148		
OG0014149		
OG0014150		
OG0014151		
OG0014152		
OG0014153		
OG0014154		
OG0014155		
OG0014156		AT3G13175, AT4G16400
OG0014157		
OG0014158		AT5G52400
OG0014159		
OG0014160		
OG0014161		
OG0014162		
OG0014163		AT3G01360
OG0014164		
OG0014165		
OG0014166		AT1G17630
OG0014167		
OG0014168		
OG0014169		
OG0014170		AT1G08610
OG0014171		
OG0014172		
OG0014173		AT4G21920
OG0014174		
OG0014175		
OG0014176		
OG0014177		
OG0014178		
OG0014179		AT2G33855
OG0014180		
OG0014181		
OG0014182		
OG0014183		AT4G00300
OG0014184		
OG0014185		
OG0014186		
OG0014187		
OG0014188		
OG0014189		
OG0014190		
OG0014191		
OG0014192		AT5G25930
OG0014193		
OG0014194		
OG0014195		AT1G47970
OG0014196		
OG0014197		
OG0014198		
OG0014199		AT1G29000
OG0014200		AT2G28410, AT5G60650
OG0014201		AT5G42330
OG0014202		
OG0014203		AT1G30670, AT2G34820
OG0014204		
OG0014205		
OG0014206		
OG0014207		AT1G05670
OG0014208		
OG0014209		
OG0014210		
OG0014211		
OG0014212		
OG0014213		
OG0014214		AT1G28680
OG0014215		
OG0014216		AT2G47270
OG0014217		
OG0014218		
OG0014219		
OG0014220		
OG0014221		
OG0014222		
OG0014223		AT1G52080
OG0014224		
OG0014225		AT2G37310
OG0014226		
OG0014227		AT2G38500
OG0014228		
OG0014229		AT2G27385, AT5G22430
OG0014230		AT2G41080
OG0014231		
OG0014232		
OG0014233		
OG0014234		
OG0014235		
OG0014236		
OG0014237		
OG0014238		AT3G57190
OG0014239		AT5G19020
OG0014240		
OG0014241		
OG0014242		
OG0014243		
OG0014244		AT4G20970
OG0014245		
OG0014246		
OG0014247		
OG0014248		
OG0014249		
OG0014250		
OG0014251		AT1G70740
OG0014252		AT5G39710
OG0014253		
OG0014254		AT4G19060, AT5G45440, AT5G45490
OG0014255		
OG0014256		
OG0014257		
OG0014258		AT1G27950
OG0014259		
OG0014260		AT1G69860
OG0014261		
OG0014262		
OG0014263		
OG0014264		
OG0014265		
OG0014266		
OG0014267		
OG0014268		AT2G40815
OG0014269		
OG0014270		AT2G21090
OG0014271		AT5G08305
OG0014272		AT1G14205
OG0014273		
OG0014274		
OG0014275		
OG0014276		AT5G09580
OG0014277		
OG0014278		AT5G11550
OG0014279		AT4G21870
OG0014280		AT5G42146
OG0014281		
OG0014282		
OG0014283		
OG0014284		
OG0014285		
OG0014286		
OG0014287		
OG0014288		
OG0014289		AT1G11430
OG0014290		AT3G42560, AT5G36300
OG0014291		
OG0014292		AT1G28410
OG0014293		
OG0014294		
OG0014295		
OG0014296		
OG0014297		AT2G22960
OG0014298		
OG0014299		
OG0014300		AT5G65300
OG0014301		
OG0014302		
OG0014303		
OG0014304		AT1G63230, AT1G63630
OG0014305		
OG0014306		AT4G27510
OG0014307		
OG0014308		
OG0014309		
OG0014310		AT5G37570
OG0014311		
OG0014312		AT5G42450
OG0014313		
OG0014314		AT1G79760
OG0014315		
OG0014316		
OG0014317		
OG0014318		
OG0014319		AT1G28210
OG0014320		AT1G20470
OG0014321		
OG0014322		
OG0014323		
OG0014324		
OG0014325		
OG0014326		
OG0014327		
OG0014328		
OG0014329		
OG0014330		
OG0014331		
OG0014332		
OG0014333		
OG0014334		
OG0014335		
OG0014336		
OG0014337		
OG0014338		
OG0014339		
OG0014340		
OG0014341		
OG0014342		
OG0014343		
OG0014344		
OG0014345		
OG0014346		
OG0014347		
OG0014348		
OG0014349		
OG0014350		
OG0014351		
OG0014352		
OG0014353		
OG0014354		
OG0014355		
OG0014356		
OG0014357		
OG0014358		
OG0014359	ostta17g01040	
OG0014360		
OG0014361		
OG0014362		
OG0014363		
OG0014364		
OG0014365		
OG0014366		
OG0014367		
OG0014368		
OG0014369		
OG0014370		
OG0014371		
OG0014372	ostta09g01060	
OG0014373		
OG0014374		
OG0014375		
OG0014376		AT4G24500
OG0014377		
OG0014378		
OG0014379		
OG0014380		
OG0014381		
OG0014382		
OG0014383		
OG0014384		
OG0014385		
OG0014386		
OG0014387		
OG0014388		
OG0014389		
OG0014390		AT1G05760, AT1G05770, AT2G43730, AT2G43740, AT2G43745
OG0014391		AT1G08920, AT1G08930, AT1G54720, AT3G05155, AT3G05160, AT3G05165, AT3G05400, AT5G27350, AT5G27360
OG0014392		AT1G09680
OG0014393		AT1G10190, AT2G24950, AT4G10210, AT4G10220, AT4G15050, AT4G15053, AT4G15056, AT4G23080, AT5G37520
OG0014394		AT1G24420, AT3G26040, AT3G30280, AT4G15390, AT4G15400, AT5G23970, AT5G47950, AT5G47980
OG0014395		AT1G46408, AT1G60880, AT1G60920, AT3G12510, AT4G14530, AT5G04640, AT5G38620, AT5G49420, AT5G49490
OG0014396		AT1G49790, AT2G30385, AT2G30615, AT2G42955, AT2G43260, AT2G43270, AT2G43440, AT2G43445, AT4G17780
OG0014397		AT1G54970, AT2G47530, AT2G47540, AT3G62680, AT4G02270
OG0014398		AT1G67790, AT3G01670, AT3G01680
OG0014399		AT1G72800, AT1G73490, AT3G09160, AT4G24420, AT5G03480, AT5G03495, AT5G05430, AT5G53700
OG0014400		AT1G74580
OG0014401		AT2G05060, AT2G34290, AT2G41910, AT2G41920, AT2G41930, AT2G42550, AT5G12090, AT5G27510, AT5G27790
OG0014402		AT2G18540, AT4G36700
OG0014403		AT2G20170, AT4G23350, AT4G23355, AT4G23360, AT4G23365, AT4G23370, AT4G23373, AT4G23380, AT4G23390
OG0014404		AT2G22121, AT4G09153, AT4G29273, AT4G29280, AT4G29283, AT4G29290, AT4G29300, AT4G29305, AT5G48905
OG0014405		AT2G24285, AT2G24460, AT2G24480, AT2G25565, AT3G28620, AT3G42940, AT5G43200
OG0014406		AT2G38465
OG0014407		AT2G41473
OG0014408		AT3G07450
OG0014409		AT3G20170
OG0014410		AT4G15140
OG0014411		AT4G16563
OG0014412		AT5G01075
OG0014413		AT5G04933, AT5G04937, AT5G05030, AT5G11660, AT5G25410, AT5G25415, AT5G36680, AT5G36770, AT5G60380
OG0014414		AT5G06920
OG0014415		AT5G45120
OG0014416		AT5G63520
OG0014417		AT5G66980
OG0014418		
OG0014419		
OG0014420		
OG0014421		
OG0014422		
OG0014423		
OG0014424		
OG0014425		
OG0014426		
OG0014427		
OG0014428		
OG0014429	ostta01g04650	
OG0014430		
OG0014431		
OG0014432		
OG0014433		
OG0014434		
OG0014435		
OG0014436		
OG0014437		
OG0014438		
OG0014439		
OG0014440		
OG0014441		
OG0014442		
OG0014443		
OG0014444	ostta02g04740, ostta15g02510, ostta16g00340	
OG0014445	ostta07g02460, ostta09g02200	
OG0014446		
OG0014447	ostta01g05490	
OG0014448	ostta15g02040	
OG0014449		
OG0014450	ostta13g00340	
OG0014451	ostta05g01090	
OG0014452		
OG0014453	ostta05g02800	
OG0014454	ostta13g02680	
OG0014455	ostta07g03580	
OG0014456	ostta06g01320	
OG0014457	ostta06g01660	
OG0014458		
OG0014459	ostta17g00750	
OG0014460		
OG0014461	ostta03g04025	
OG0014462	ostta02g04400, ostta18g00385	
OG0014463	ostta16g00720	
OG0014464		
OG0014465		
OG0014466	ostta09g02030	
OG0014467	ostta09g01970	
OG0014468	ostta10g00730	
OG0014469	ostta10g00790, ostta11g01860	
OG0014470	ostta06g03030, ostta09g02210, ostta09g02220, ostta09g04130, ostta11g02970, ostta11g02980, ostta12g00780, ostta17g01470	
OG0014471		
OG0014472	ostta11g02200	
OG0014473	ostta11g01230	
OG0014474	ostta01g05170	
OG0014475	ostta01g05410	
OG0014476	ostta01g06130	
OG0014477	ostta16g02430, ostta20g00620	
OG0014478	ostta11g00270	
OG0014479		
OG0014480		
OG0014481		
OG0014482		
OG0014483		
OG0014484		
OG0014485		
OG0014486		
OG0014487		
OG0014488		
OG0014489		
OG0014490		
OG0014491		
OG0014492		
OG0014493		
OG0014494		
OG0014495		
OG0014496		
OG0014497		
OG0014498		
OG0014499		
OG0014500		
OG0014501		
OG0014502		
OG0014503		
OG0014504		
OG0014505		
OG0014506		
OG0014507		
OG0014508		
OG0014509		
OG0014510		
OG0014511		
OG0014512		
OG0014513		
OG0014514		
OG0014515		
OG0014516		
OG0014517		
OG0014518		
OG0014519		
OG0014520		
OG0014521		
OG0014522		
OG0014523		
OG0014524		
OG0014525		
OG0014526		
OG0014527		
OG0014528		
OG0014529		
OG0014530		
OG0014531		
OG0014532		
OG0014533		
OG0014534		
OG0014535		
OG0014536		
OG0014537		
OG0014538		
OG0014539		
OG0014540		
OG0014541		
OG0014542		
OG0014543		
OG0014544		
OG0014545		
OG0014546		
OG0014547		
OG0014548		
OG0014549		
OG0014550		
OG0014551		
OG0014552		
OG0014553		
OG0014554		
OG0014555		
OG0014556		
OG0014557		
OG0014558		
OG0014559		
OG0014560		
OG0014561		
OG0014562		
OG0014563		
OG0014564		
OG0014565		
OG0014566		
OG0014567		
OG0014568		
OG0014569		
OG0014570		
OG0014571		
OG0014572		
OG0014573		
OG0014574		
OG0014575		
OG0014576		
OG0014577		
OG0014578		
OG0014579		
OG0014580		
OG0014581		
OG0014582		
OG0014583		
OG0014584		
OG0014585		
OG0014586		
OG0014587		
OG0014588		
OG0014589		
OG0014590		
OG0014591		
OG0014592		
OG0014593		
OG0014594		
OG0014595		
OG0014596		
OG0014597		
OG0014598		
OG0014599		
OG0014600		
OG0014601		
OG0014602		
OG0014603		
OG0014604		
OG0014605		
OG0014606		
OG0014607		
OG0014608		
OG0014609		
OG0014610		
OG0014611		
OG0014612	ostta11g00810, ostta11g02990, ostta15g00590	
OG0014613		
OG0014614		
OG0014615		
OG0014616		
OG0014617		
OG0014618		
OG0014619		
OG0014620		
OG0014621		
OG0014622		
OG0014623		
OG0014624		
OG0014625		
OG0014626		
OG0014627		
OG0014628		
OG0014629		
OG0014630		
OG0014631		
OG0014632		
OG0014633		
OG0014634		
OG0014635		
OG0014636		
OG0014637		
OG0014638		
OG0014639		
OG0014640		
OG0014641		
OG0014642		
OG0014643	ostta18g00670	
OG0014644		
OG0014645		
OG0014646		
OG0014647		
OG0014648		
OG0014649		
OG0014650		
OG0014651		
OG0014652		
OG0014653		
OG0014654		
OG0014655		
OG0014656		
OG0014657		
OG0014658		
OG0014659		
OG0014660		
OG0014661		
OG0014662		
OG0014663		
OG0014664		
OG0014665	ostta03g03720	
OG0014666		
OG0014667		
OG0014668		
OG0014669		
OG0014670		
OG0014671		
OG0014672		
OG0014673		
OG0014674		
OG0014675		
OG0014676		
OG0014677		
OG0014678		
OG0014679		
OG0014680		
OG0014681		
OG0014682		
OG0014683		
OG0014684		
OG0014685		
OG0014686		
OG0014687		
OG0014688		
OG0014689		
OG0014690		
OG0014691		
OG0014692		
OG0014693		
OG0014694		
OG0014695		
OG0014696		
OG0014697	ostta02g00400	
OG0014698	ostta10g01520	
OG0014699		
OG0014700		
OG0014701		
OG0014702		
OG0014703		
OG0014704		
OG0014705		
OG0014706		
OG0014707		
OG0014708		
OG0014709		
OG0014710		
OG0014711		
OG0014712		
OG0014713		
OG0014714		
OG0014715		
OG0014716		
OG0014717		
OG0014718		
OG0014719		
OG0014720		
OG0014721		
OG0014722		
OG0014723		
OG0014724		
OG0014725		
OG0014726		
OG0014727		
OG0014728	ostta06g03950	
OG0014729		
OG0014730		
OG0014731		
OG0014732		
OG0014733		
OG0014734		
OG0014735		
OG0014736	ostta06g02480	
OG0014737		
OG0014738		
OG0014739		
OG0014740		
OG0014741		
OG0014742		
OG0014743		
OG0014744		
OG0014745		
OG0014746		
OG0014747		
OG0014748		
OG0014749		
OG0014750		
OG0014751		
OG0014752		
OG0014753		
OG0014754		
OG0014755		
OG0014756		
OG0014757		
OG0014758		
OG0014759		
OG0014760		
OG0014761		
OG0014762		
OG0014763		
OG0014764		
OG0014765		
OG0014766		
OG0014767		
OG0014768		
OG0014769		
OG0014770		
OG0014771		
OG0014772		
OG0014773		
OG0014774		
OG0014775	ostta12g01485	
OG0014776		
OG0014777	ostta18g00340	
OG0014778		
OG0014779		
OG0014780		
OG0014781		
OG0014782		
OG0014783		
OG0014784		
OG0014785		
OG0014786		
OG0014787		
OG0014788		
OG0014789		
OG0014790	ostta11g00370	
OG0014791		
OG0014792		
OG0014793		
OG0014794	ostta19g00350	
OG0014795		
OG0014796		
OG0014797		
OG0014798		
OG0014799		
OG0014800		
OG0014801	ostta05g03060	
OG0014802		
OG0014803		
OG0014804		
OG0014805		
OG0014806		
OG0014807		
OG0014808		
OG0014809		
OG0014810		
OG0014811		
OG0014812		
OG0014813		
OG0014814		
OG0014815		
OG0014816		
OG0014817		
OG0014818		
OG0014819		
OG0014820		
OG0014821		
OG0014822		
OG0014823		
OG0014824		
OG0014825		
OG0014826		
OG0014827		
OG0014828		
OG0014829		
OG0014830		
OG0014831		
OG0014832		
OG0014833		
OG0014834		
OG0014835		
OG0014836		
OG0014837		
OG0014838		
OG0014839		
OG0014840		
OG0014841		
OG0014842		
OG0014843		
OG0014844		
OG0014845		
OG0014846		
OG0014847		
OG0014848		
OG0014849		
OG0014850		
OG0014851		
OG0014852		
OG0014853		
OG0014854		
OG0014855		
OG0014856		
OG0014857		
OG0014858		
OG0014859		
OG0014860		
OG0014861	ostta09g01170	
OG0014862		
OG0014863		
OG0014864		
OG0014865		
OG0014866		
OG0014867		
OG0014868		
OG0014869		
OG0014870		
OG0014871		
OG0014872		
OG0014873		
OG0014874		
OG0014875		
OG0014876		
OG0014877		
OG0014878		
OG0014879		
OG0014880		
OG0014881		
OG0014882		
OG0014883		
OG0014884		
OG0014885		
OG0014886		
OG0014887		
OG0014888		
OG0014889		
OG0014890		
OG0014891		
OG0014892		
OG0014893		
OG0014894		
OG0014895		
OG0014896		
OG0014897		
OG0014898		
OG0014899	ostta03g03330, ostta03g04240, ostta08g00040, ostta13g02400	
OG0014900		
OG0014901		
OG0014902		
OG0014903		
OG0014904		
OG0014905		
OG0014906		
OG0014907		
OG0014908		
OG0014909		
OG0014910		
OG0014911		
OG0014912		
OG0014913		
OG0014914		
OG0014915		
OG0014916		
OG0014917		
OG0014918		
OG0014919		
OG0014920		
OG0014921		
OG0014922		
OG0014923		
OG0014924		
OG0014925		
OG0014926		
OG0014927		
OG0014928	ostta05g04090, ostta06g03580, ostta08g03950, ostta11g01430, ostta14g02190, ostta16g00140, ostta16g01360, ostta17g00370, ostta20g00035	
OG0014929	ostta02g00020, ostta02g01560, ostta02g01720, ostta05g04760, ostta08g03960, ostta13g01760, ostta13g01770, ostta16g01130, ostta19g00580	
OG0014930		
OG0014931		
OG0014932		
OG0014933		
OG0014934		
OG0014935		
OG0014936		
OG0014937		
OG0014938		
OG0014939		
OG0014940		
OG0014941		
OG0014942		
OG0014943		
OG0014944		
OG0014945		
OG0014946		
OG0014947		
OG0014948		
OG0014949		
OG0014950		
OG0014951		
OG0014952		
OG0014953		
OG0014954		
OG0014955		
OG0014956		
OG0014957		
OG0014958		
OG0014959		
OG0014960		
OG0014961		
OG0014962		
OG0014963		
OG0014964		
OG0014965		
OG0014966		
OG0014967		
OG0014968		
OG0014969		
OG0014970		
OG0014971		
OG0014972		
OG0014973		
OG0014974		
OG0014975		
OG0014976		
OG0014977		
OG0014978		
OG0014979		
OG0014980		
OG0014981		
OG0014982		
OG0014983		
OG0014984		
OG0014985		
OG0014986		
OG0014987		
OG0014988		
OG0014989		
OG0014990		
OG0014991		
OG0014992		
OG0014993		
OG0014994		
OG0014995		
OG0014996		
OG0014997		
OG0014998		
OG0014999		
OG0015000		
OG0015001		
OG0015002		
OG0015003		
OG0015004		
OG0015005		
OG0015006		
OG0015007		
OG0015008		
OG0015009		
OG0015010		
OG0015011		
OG0015012		
OG0015013		
OG0015014		
OG0015015		
OG0015016		
OG0015017		
OG0015018		
OG0015019		
OG0015020		
OG0015021		
OG0015022		
OG0015023		
OG0015024		
OG0015025		
OG0015026		
OG0015027		
OG0015028		
OG0015029		
OG0015030		
OG0015031		
OG0015032		
OG0015033		
OG0015034		
OG0015035		
OG0015036		
OG0015037		
OG0015038		
OG0015039		
OG0015040		
OG0015041		
OG0015042		
OG0015043		
OG0015044		
OG0015045		
OG0015046		
OG0015047		
OG0015048		
OG0015049		
OG0015050		
OG0015051		
OG0015052		
OG0015053		
OG0015054		
OG0015055		
OG0015056		
OG0015057		
OG0015058		
OG0015059		
OG0015060		
OG0015061		
OG0015062		
OG0015063		
OG0015064		
OG0015065		
OG0015066		
OG0015067		
OG0015068		
OG0015069		
OG0015070		
OG0015071		
OG0015072		
OG0015073		
OG0015074		
OG0015075		
OG0015076		
OG0015077		
OG0015078		
OG0015079		
OG0015080		AT1G22110
OG0015081		
OG0015082		
OG0015083		AT5G40405
OG0015084		
OG0015085		
OG0015086		
OG0015087		
OG0015088		
OG0015089		
OG0015090		
OG0015091		
OG0015092		
OG0015093		
OG0015094		
OG0015095		
OG0015096		
OG0015097		
OG0015098		
OG0015099		
OG0015100		
OG0015101		AT5G44230
OG0015102		AT1G21090
OG0015103		
OG0015104		
OG0015105		
OG0015106		
OG0015107		
OG0015108		
OG0015109		
OG0015110		
OG0015111		AT2G42110
OG0015112		AT3G01350, AT5G14940
OG0015113		
OG0015114		AT1G36940
OG0015115		
OG0015116		
OG0015117		
OG0015118		AT5G19151
OG0015119		
OG0015120		
OG0015121		
OG0015122		
OG0015123		
OG0015124		AT1G06010
OG0015125	ostta10g02990	
OG0015126		
OG0015127		
OG0015128		
OG0015129		
OG0015130		
OG0015131		AT5G52530
OG0015132		AT1G78310
OG0015133		
OG0015134		
OG0015135		
OG0015136		
OG0015137		
OG0015138		
OG0015139		
OG0015140		
OG0015141		
OG0015142		AT1G01080
OG0015143		
OG0015144		
OG0015145		
OG0015146		
OG0015147		
OG0015148		
OG0015149		
OG0015150		
OG0015151		
OG0015152		
OG0015153		AT1G21695, AT1G77400
OG0015154		
OG0015155		
OG0015156		
OG0015157		
OG0015158		
OG0015159		
OG0015160		
OG0015161		
OG0015162		
OG0015163		
OG0015164		
OG0015165		
OG0015166		
OG0015167		
OG0015168		
OG0015169		
OG0015170		
OG0015171		
OG0015172		
OG0015173		
OG0015174		
OG0015175		
OG0015176		AT2G46050
OG0015177		
OG0015178		
OG0015179		
OG0015180		AT4G13450
OG0015181		
OG0015182		
OG0015183		
OG0015184		
OG0015185		
OG0015186		
OG0015187		
OG0015188		
OG0015189		
OG0015190		
OG0015191		
OG0015192		
OG0015193		
OG0015194		
OG0015195		AT3G29230
OG0015196		
OG0015197		
OG0015198		
OG0015199		
OG0015200		
OG0015201		
OG0015202		
OG0015203		AT1G10240
OG0015204		
OG0015205		
OG0015206		AT2G01400
OG0015207		
OG0015208		AT3G06070, AT5G19190
OG0015209		
OG0015210		
OG0015211		
OG0015212		
OG0015213		
OG0015214		AT3G15395
OG0015215		AT1G27380
OG0015216		
OG0015217		
OG0015218		
OG0015219		
OG0015220		
OG0015221		
OG0015222		
OG0015223		
OG0015224		
OG0015225		
OG0015226		
OG0015227		
OG0015228		
OG0015229		
OG0015230		
OG0015231		AT4G38460
OG0015232		
OG0015233		AT2G23110, AT2G23120, AT2G33690
OG0015234		
OG0015235		
OG0015236		
OG0015237		
OG0015238		
OG0015239		
OG0015240		
OG0015241		AT4G23493
OG0015242		
OG0015243		
OG0015244		AT1G34070, AT5G48050
OG0015245		
OG0015246		
OG0015247		
OG0015248		
OG0015249		
OG0015250		
OG0015251		
OG0015252		AT5G40400
OG0015253		
OG0015254		
OG0015255		
OG0015256		
OG0015257		AT3G32940
OG0015258		
OG0015259		
OG0015260		
OG0015261		AT4G14805
OG0015262		
OG0015263		
OG0015264		AT1G77010
OG0015265		
OG0015266		
OG0015267		
OG0015268		
OG0015269		
OG0015270		
OG0015271		
OG0015272		
OG0015273		
OG0015274		
OG0015275		AT3G43415
OG0015276		
OG0015277		
OG0015278		
OG0015279		
OG0015280		AT1G27050
OG0015281		AT5G50335
OG0015282		
OG0015283		AT1G67590
OG0015284		
OG0015285		
OG0015286		
OG0015287		
OG0015288		
OG0015289		
OG0015290		AT1G33350
OG0015291		
OG0015292		
OG0015293		AT5G08490
OG0015294		
OG0015295		
OG0015296		
OG0015297		
OG0015298		
OG0015299		AT5G11310
OG0015300		
OG0015301		
OG0015302		
OG0015303		
OG0015304		
OG0015305		
OG0015306		
OG0015307		
OG0015308		
OG0015309		
OG0015310		
OG0015311		
OG0015312		
OG0015313		
OG0015314		
OG0015315		
OG0015316		
OG0015317		
OG0015318		
OG0015319		AT3G24750
OG0015320		
OG0015321		
OG0015322		
OG0015323		AT5G19970
OG0015324		
OG0015325		
OG0015326		AT1G19720
OG0015327		
OG0015328		
OG0015329		AT1G34160
OG0015330		
OG0015331		
OG0015332		
OG0015333		
OG0015334		
OG0015335		
OG0015336		
OG0015337		AT3G49490
OG0015338		
OG0015339		AT2G42900
OG0015340		
OG0015341		
OG0015342		
OG0015343		AT3G09060
OG0015344		
OG0015345		AT3G52080
OG0015346		
OG0015347		
OG0015348		
OG0015349		
OG0015350		AT1G31430
OG0015351		
OG0015352		
OG0015353		
OG0015354		AT5G04190
OG0015355		AT1G21830, AT1G44608
OG0015356		
OG0015357		
OG0015358		
OG0015359		
OG0015360		
OG0015361		
OG0015362		AT3G12960
OG0015363		
OG0015364		AT3G47530
OG0015365		
OG0015366		
OG0015367		
OG0015368		
OG0015369		
OG0015370		AT3G43110, AT5G20790
OG0015371		
OG0015372		
OG0015373		
OG0015374		
OG0015375		
OG0015376		
OG0015377		
OG0015378		
OG0015379		
OG0015380		
OG0015381		
OG0015382		
OG0015383		
OG0015384		
OG0015385		
OG0015386		
OG0015387		
OG0015388		AT4G27250
OG0015389		
OG0015390		
OG0015391		AT3G27750
OG0015392		
OG0015393		
OG0015394		
OG0015395		
OG0015396		
OG0015397		
OG0015398		
OG0015399		
OG0015400		
OG0015401		
OG0015402		
OG0015403		
OG0015404		
OG0015405	ostta02g00275, ostta02g02067, ostta19g00165	
OG0015406		
OG0015407		
OG0015408		
OG0015409		
OG0015410		
OG0015411		
OG0015412		
OG0015413		
OG0015414		
OG0015415		
OG0015416		
OG0015417		
OG0015418		
OG0015419		
OG0015420		
OG0015421		
OG0015422		
OG0015423		
OG0015424		
OG0015425		
OG0015426		
OG0015427		
OG0015428		
OG0015429		
OG0015430		
OG0015431		
OG0015432		
OG0015433		
OG0015434		
OG0015435		
OG0015436		
OG0015437		
OG0015438		
OG0015439		
OG0015440		
OG0015441		
OG0015442		
OG0015443		
OG0015444		
OG0015445		
OG0015446		
OG0015447		
OG0015448		
OG0015449		
OG0015450		
OG0015451		AT5G61865
OG0015452		
OG0015453		
OG0015454		
OG0015455		
OG0015456		
OG0015457	ostta06g00120	
OG0015458		
OG0015459		
OG0015460		
OG0015461		
OG0015462		
OG0015463		
OG0015464		
OG0015465		
OG0015466		
OG0015467		
OG0015468		
OG0015469		
OG0015470		
OG0015471		
OG0015472		
OG0015473		
OG0015474		AT1G04790
OG0015475		AT1G10715, AT1G10717, AT1G10745, AT1G10747, AT1G27135, AT2G16225, AT2G41415, AT5G50345
OG0015476		AT1G11300, AT1G11303, AT1G11330, AT1G11350, AT1G61575
OG0015477		AT1G15590, AT1G15600, AT1G15610, AT1G15620, AT1G15625, AT1G15630, AT1G15640, AT1G44010
OG0015478		AT1G15772
OG0015479		AT1G23145, AT1G23147, AT1G35467, AT2G32885, AT2G34825, AT3G04735, AT4G11510, AT4G11653
OG0015480		AT1G30135, AT2G34600, AT3G22275
OG0015481		AT1G36005
OG0015482		AT1G47310
OG0015483		AT1G50690, AT1G63190, AT1G63200, AT1G63205, AT1G63206, AT2G37435, AT5G05040, AT5G05060
OG0015484		AT1G54620, AT5G46930, AT5G46940, AT5G46950, AT5G46960, AT5G46970, AT5G46980, AT5G46990
OG0015485		AT1G60983, AT1G60985, AT1G60986, AT1G60987, AT1G60989, AT2G05117, AT4G15733, AT4G15735
OG0015486		AT1G71460
OG0015487		AT1G78635, AT1G78640, AT2G33720, AT2G36920, AT4G02870, AT4G28775, AT5G26805
OG0015488		AT2G06983, AT2G14282, AT2G25685, AT3G23715, AT3G23727, AT3G27503, AT4G10115, AT4G10767
OG0015489		AT2G10450
OG0015490		AT2G17140
OG0015491		AT2G27320, AT2G35250, AT2G38255, AT4G17505, AT4G17860, AT5G46200, AT5G46810, AT5G46820
OG0015492		AT2G30270
OG0015493		AT2G43060
OG0015494		AT2G43930
OG0015495		AT3G22550
OG0015496		AT3G27520
OG0015497		AT3G27906, AT3G43280, AT3G44430, AT4G08593, AT4G19240, AT5G34869, AT5G41660, AT5G45095
OG0015498		AT3G58590
OG0015499		AT3G61360
OG0015500		AT4G08267
OG0015501		
OG0015502		
OG0015503		
OG0015504		
OG0015505		
OG0015506		
OG0015507		
OG0015508		
OG0015509		
OG0015510		
OG0015511		
OG0015512		
OG0015513		
OG0015514		
OG0015515		
OG0015516		
OG0015517		
OG0015518		
OG0015519		
OG0015520		
OG0015521		
OG0015522		
OG0015523		
OG0015524		
OG0015525		
OG0015526		
OG0015527		
OG0015528		
OG0015529		
OG0015530		
OG0015531		
OG0015532		
OG0015533		
OG0015534		
OG0015535		
OG0015536		
OG0015537		
OG0015538		
OG0015539		
OG0015540	ostta01g03520	
OG0015541	ostta08g02050	
OG0015542		
OG0015543		
OG0015544	ostta08g02710	
OG0015545	ostta07g01750	
OG0015546	ostta02g04840, ostta13g00700	
OG0015547	ostta04g01030	
OG0015548	ostta04g01230	
OG0015549	ostta05g02670, ostta18g01920	
OG0015550	ostta12g01920	
OG0015551	ostta08g01380, ostta09g01240	
OG0015552	ostta07g03250	
OG0015553	ostta07g03040	
OG0015554	ostta14g00380	
OG0015555	ostta06g00950	
OG0015556		
OG0015557		
OG0015558	ostta03g04470	
OG0015559	ostta01g02950	
OG0015560	ostta03g02320	
OG0015561	ostta03g02780	
OG0015562	ostta03g03825	
OG0015563	ostta02g02300, ostta17g00030	
OG0015564		
OG0015565	ostta09g01850	
OG0015566		
OG0015567	ostta14g02150	
OG0015568	ostta16g02675	
OG0015569	ostta01g05220	
OG0015570	ostta12g00250	
OG0015571	ostta03g00510, ostta08g01520	
OG0015572	ostta07g00260	
OG0015573	ostta02g03220, ostta02g05410	
OG0015574	ostta04g01320	
OG0015575	ostta04g00040	
OG0015576		
OG0015577	ostta07g00220	
OG0015578		
OG0015579		
OG0015580		
OG0015581		
OG0015582		
OG0015583		
OG0015584		
OG0015585		
OG0015586		
OG0015587		
OG0015588		
OG0015589		
OG0015590		
OG0015591		
OG0015592		
OG0015593		
OG0015594		
OG0015595		
OG0015596		
OG0015597		
OG0015598		
OG0015599		
OG0015600		
OG0015601		
OG0015602		
OG0015603		
OG0015604		
OG0015605		
OG0015606		
OG0015607		
OG0015608		
OG0015609		
OG0015610		
OG0015611		
OG0015612		
OG0015613		
OG0015614		
OG0015615		
OG0015616		
OG0015617		
OG0015618		
OG0015619		
OG0015620		
OG0015621		
OG0015622		
OG0015623		
OG0015624		
OG0015625		
OG0015626		
OG0015627		
OG0015628		
OG0015629		
OG0015630		
OG0015631		
OG0015632		
OG0015633		
OG0015634		
OG0015635		
OG0015636		
OG0015637		
OG0015638		
OG0015639		
OG0015640		
OG0015641		
OG0015642		
OG0015643		
OG0015644		
OG0015645		
OG0015646		
OG0015647		
OG0015648		
OG0015649		
OG0015650		
OG0015651		
OG0015652		
OG0015653		
OG0015654		
OG0015655		
OG0015656		
OG0015657		
OG0015658		
OG0015659		
OG0015660		
OG0015661		
OG0015662		
OG0015663		
OG0015664		
OG0015665		
OG0015666		
OG0015667		
OG0015668		
OG0015669		
OG0015670		
OG0015671		
OG0015672		
OG0015673		
OG0015674		
OG0015675		
OG0015676		
OG0015677		
OG0015678		
OG0015679		
OG0015680		
OG0015681		
OG0015682		
OG0015683		
OG0015684		
OG0015685		
OG0015686		
OG0015687		
OG0015688		
OG0015689		
OG0015690		
OG0015691		
OG0015692		
OG0015693		
OG0015694		
OG0015695		
OG0015696		
OG0015697		
OG0015698		
OG0015699		
OG0015700		
OG0015701		
OG0015702		
OG0015703		
OG0015704		
OG0015705		
OG0015706		
OG0015707		
OG0015708		
OG0015709		
OG0015710		
OG0015711		
OG0015712		
OG0015713		
OG0015714		
OG0015715		
OG0015716		
OG0015717		
OG0015718		
OG0015719		
OG0015720		
OG0015721		
OG0015722		
OG0015723		
OG0015724		
OG0015725		
OG0015726		
OG0015727		
OG0015728		
OG0015729		
OG0015730		
OG0015731		
OG0015732		
OG0015733		
OG0015734	ostta05g00900	
OG0015735		
OG0015736		
OG0015737		
OG0015738		
OG0015739		
OG0015740		
OG0015741		
OG0015742		
OG0015743		
OG0015744		
OG0015745		
OG0015746	ostta16g01030	
OG0015747		
OG0015748		
OG0015749		
OG0015750		
OG0015751		
OG0015752	ostta17g02007	
OG0015753		
OG0015754		
OG0015755		
OG0015756		
OG0015757		
OG0015758		
OG0015759		
OG0015760		
OG0015761		
OG0015762		
OG0015763		
OG0015764		
OG0015765		
OG0015766		
OG0015767	ostta04g00050	
OG0015768		
OG0015769		
OG0015770		
OG0015771		
OG0015772		
OG0015773		
OG0015774		
OG0015775		
OG0015776		
OG0015777	ostta12g03090	
OG0015778		
OG0015779		
OG0015780		
OG0015781		
OG0015782		
OG0015783		
OG0015784		
OG0015785		
OG0015786		
OG0015787		
OG0015788		
OG0015789		
OG0015790		
OG0015791		
OG0015792		
OG0015793		
OG0015794		
OG0015795		
OG0015796		
OG0015797		
OG0015798		
OG0015799		
OG0015800		
OG0015801		
OG0015802		
OG0015803		
OG0015804		
OG0015805		
OG0015806		
OG0015807		
OG0015808		
OG0015809		
OG0015810		
OG0015811		
OG0015812		
OG0015813		
OG0015814		
OG0015815		
OG0015816		
OG0015817		
OG0015818		
OG0015819		
OG0015820		
OG0015821		
OG0015822		
OG0015823		
OG0015824		
OG0015825	ostta07g00350	
OG0015826		
OG0015827		
OG0015828		
OG0015829		
OG0015830		
OG0015831		
OG0015832		
OG0015833		
OG0015834		
OG0015835		
OG0015836		
OG0015837		
OG0015838		
OG0015839		
OG0015840		
OG0015841		
OG0015842		
OG0015843		
OG0015844		
OG0015845		
OG0015846		
OG0015847		
OG0015848		
OG0015849		
OG0015850		
OG0015851	ostta03g02480	
OG0015852		
OG0015853		
OG0015854		
OG0015855		
OG0015856		
OG0015857		
OG0015858		
OG0015859		
OG0015860		
OG0015861		
OG0015862		
OG0015863		
OG0015864		
OG0015865		
OG0015866		
OG0015867		
OG0015868		
OG0015869		
OG0015870		
OG0015871		
OG0015872		
OG0015873		
OG0015874		
OG0015875		
OG0015876		
OG0015877		
OG0015878		
OG0015879		
OG0015880		
OG0015881		
OG0015882		
OG0015883		
OG0015884		
OG0015885		
OG0015886		
OG0015887		
OG0015888		
OG0015889		
OG0015890		
OG0015891		
OG0015892		
OG0015893		
OG0015894		
OG0015895		
OG0015896		
OG0015897		
OG0015898		
OG0015899		
OG0015900		
OG0015901		
OG0015902		
OG0015903		
OG0015904		
OG0015905		
OG0015906		
OG0015907		
OG0015908		
OG0015909		
OG0015910		
OG0015911		
OG0015912		
OG0015913		
OG0015914		
OG0015915		
OG0015916		
OG0015917		
OG0015918		
OG0015919		
OG0015920		
OG0015921		
OG0015922		
OG0015923		
OG0015924		
OG0015925		
OG0015926	ostta08g00530	
OG0015927		
OG0015928		
OG0015929		
OG0015930		
OG0015931		
OG0015932		
OG0015933		
OG0015934		
OG0015935		
OG0015936		
OG0015937		
OG0015938		
OG0015939		
OG0015940		
OG0015941		
OG0015942		
OG0015943		
OG0015944		
OG0015945		
OG0015946		
OG0015947		
OG0015948		
OG0015949		
OG0015950		
OG0015951		
OG0015952		
OG0015953	ostta02g00530	
OG0015954		
OG0015955		
OG0015956		
OG0015957		
OG0015958		
OG0015959		
OG0015960		
OG0015961		
OG0015962		
OG0015963		
OG0015964		
OG0015965		
OG0015966		
OG0015967		
OG0015968		
OG0015969		
OG0015970		
OG0015971		
OG0015972		
OG0015973		
OG0015974		
OG0015975		
OG0015976		
OG0015977		
OG0015978		
OG0015979		
OG0015980		
OG0015981		
OG0015982		
OG0015983		
OG0015984		
OG0015985		
OG0015986		
OG0015987		
OG0015988		
OG0015989		
OG0015990		
OG0015991		
OG0015992		
OG0015993		
OG0015994		
OG0015995		
OG0015996		
OG0015997		
OG0015998		
OG0015999		
OG0016000		
OG0016001		
OG0016002		
OG0016003		
OG0016004		
OG0016005		
OG0016006		
OG0016007		
OG0016008		
OG0016009		
OG0016010		
OG0016011		
OG0016012		
OG0016013		
OG0016014		
OG0016015		
OG0016016		
OG0016017		
OG0016018		
OG0016019		
OG0016020		
OG0016021		
OG0016022		
OG0016023		
OG0016024		
OG0016025		
OG0016026		
OG0016027		
OG0016028		
OG0016029		
OG0016030		
OG0016031	ostta03g05690	
OG0016032		
OG0016033		
OG0016034		
OG0016035		
OG0016036		
OG0016037		
OG0016038		
OG0016039		
OG0016040		
OG0016041		
OG0016042		
OG0016043		
OG0016044		
OG0016045		
OG0016046		
OG0016047		
OG0016048		
OG0016049		
OG0016050		
OG0016051		
OG0016052		
OG0016053		
OG0016054		
OG0016055		
OG0016056		
OG0016057		
OG0016058		
OG0016059		
OG0016060		
OG0016061		
OG0016062		
OG0016063		
OG0016064		
OG0016065		
OG0016066		
OG0016067		
OG0016068		
OG0016069		
OG0016070		
OG0016071		
OG0016072		
OG0016073	ostta15g01550	
OG0016074	ostta08g00320	
OG0016075		
OG0016076		
OG0016077		
OG0016078	ostta06g00230	
OG0016079		
OG0016080		
OG0016081		
OG0016082		
OG0016083		
OG0016084		
OG0016085		
OG0016086		
OG0016087		
OG0016088		
OG0016089		
OG0016090		
OG0016091		
OG0016092		
OG0016093		
OG0016094		
OG0016095		
OG0016096		
OG0016097		
OG0016098		
OG0016099		
OG0016100		
OG0016101		
OG0016102		
OG0016103		
OG0016104		
OG0016105		
OG0016106		
OG0016107		
OG0016108		
OG0016109		
OG0016110		
OG0016111		
OG0016112		
OG0016113		
OG0016114		
OG0016115		
OG0016116		
OG0016117		
OG0016118		
OG0016119		
OG0016120		
OG0016121		
OG0016122		
OG0016123		
OG0016124		
OG0016125		
OG0016126		
OG0016127		
OG0016128		
OG0016129		
OG0016130		
OG0016131		
OG0016132		
OG0016133		
OG0016134		
OG0016135		
OG0016136		
OG0016137		
OG0016138		
OG0016139		
OG0016140		
OG0016141		
OG0016142		
OG0016143		
OG0016144		
OG0016145		
OG0016146		
OG0016147		
OG0016148		
OG0016149		
OG0016150		
OG0016151		
OG0016152		
OG0016153		
OG0016154		
OG0016155		
OG0016156	ostta17g02260	
OG0016157		
OG0016158		
OG0016159		
OG0016160		
OG0016161		
OG0016162		
OG0016163		
OG0016164		
OG0016165		
OG0016166		
OG0016167	ostta03g05990, ostta04g00010, ostta04g05580, ostta06g00055, ostta07g04760, ostta10g03570, ostta14g03000, ostta18g00010	
OG0016168		
OG0016169		
OG0016170		
OG0016171		
OG0016172		
OG0016173		
OG0016174		
OG0016175		
OG0016176		
OG0016177		
OG0016178		
OG0016179		
OG0016180		
OG0016181		
OG0016182		
OG0016183		
OG0016184		
OG0016185		
OG0016186		
OG0016187		
OG0016188		
OG0016189		
OG0016190		
OG0016191		
OG0016192		
OG0016193		
OG0016194		
OG0016195		
OG0016196		
OG0016197		
OG0016198		
OG0016199		
OG0016200		
OG0016201		
OG0016202		
OG0016203		
OG0016204		
OG0016205		
OG0016206		
OG0016207		
OG0016208		
OG0016209		
OG0016210		
OG0016211		
OG0016212		
OG0016213		
OG0016214		
OG0016215		
OG0016216		
OG0016217		
OG0016218		
OG0016219		
OG0016220		
OG0016221		
OG0016222		
OG0016223		
OG0016224		
OG0016225		
OG0016226		
OG0016227		
OG0016228		
OG0016229		
OG0016230		
OG0016231		
OG0016232		
OG0016233		
OG0016234		
OG0016235		
OG0016236		
OG0016237		
OG0016238		
OG0016239		
OG0016240		
OG0016241		
OG0016242		
OG0016243		
OG0016244		
OG0016245		
OG0016246		
OG0016247		
OG0016248		
OG0016249		
OG0016250		
OG0016251		
OG0016252		
OG0016253		
OG0016254		
OG0016255		
OG0016256		
OG0016257		
OG0016258		
OG0016259		
OG0016260		
OG0016261		
OG0016262		
OG0016263		
OG0016264		
OG0016265		
OG0016266		
OG0016267		
OG0016268		
OG0016269		
OG0016270		
OG0016271		
OG0016272		
OG0016273		
OG0016274		
OG0016275		
OG0016276		
OG0016277		
OG0016278		
OG0016279		
OG0016280		
OG0016281		
OG0016282		
OG0016283		
OG0016284		
OG0016285		
OG0016286		
OG0016287		
OG0016288		
OG0016289		
OG0016290		
OG0016291		
OG0016292		
OG0016293		
OG0016294		
OG0016295		
OG0016296		
OG0016297		
OG0016298		
OG0016299		
OG0016300		
OG0016301		
OG0016302		
OG0016303		
OG0016304		
OG0016305		
OG0016306		
OG0016307		
OG0016308		
OG0016309		
OG0016310		
OG0016311		
OG0016312		
OG0016313		
OG0016314		
OG0016315		
OG0016316		
OG0016317		
OG0016318		
OG0016319		
OG0016320		
OG0016321		
OG0016322		
OG0016323		
OG0016324		
OG0016325		
OG0016326		
OG0016327		
OG0016328		
OG0016329		
OG0016330		
OG0016331		
OG0016332		
OG0016333		AT3G51710
OG0016334		
OG0016335		
OG0016336		
OG0016337		
OG0016338		
OG0016339		
OG0016340		
OG0016341		
OG0016342		
OG0016343		
OG0016344		
OG0016345		
OG0016346		
OG0016347		
OG0016348		
OG0016349		
OG0016350		
OG0016351		
OG0016352		
OG0016353		
OG0016354		
OG0016355		
OG0016356		
OG0016357		
OG0016358		
OG0016359		
OG0016360		
OG0016361		
OG0016362		
OG0016363		
OG0016364		
OG0016365		
OG0016366		
OG0016367		
OG0016368		
OG0016369		
OG0016370		
OG0016371		
OG0016372		AT1G16916
OG0016373		
OG0016374		
OG0016375		
OG0016376		
OG0016377		
OG0016378		
OG0016379		
OG0016380		
OG0016381		
OG0016382		
OG0016383		
OG0016384		
OG0016385		
OG0016386		
OG0016387		
OG0016388		
OG0016389		
OG0016390		
OG0016391		
OG0016392		
OG0016393		
OG0016394		
OG0016395		
OG0016396		
OG0016397		
OG0016398		
OG0016399		
OG0016400		
OG0016401		
OG0016402		
OG0016403		
OG0016404		
OG0016405		
OG0016406		
OG0016407		
OG0016408		
OG0016409		
OG0016410		
OG0016411		
OG0016412		
OG0016413		
OG0016414		
OG0016415		
OG0016416		AT1G64690
OG0016417		
OG0016418		
OG0016419		
OG0016420		
OG0016421		
OG0016422		
OG0016423		
OG0016424		
OG0016425		
OG0016426		
OG0016427		
OG0016428		
OG0016429		
OG0016430		
OG0016431		
OG0016432		AT1G19290
OG0016433		
OG0016434		
OG0016435		
OG0016436		
OG0016437		
OG0016438		
OG0016439		
OG0016440		
OG0016441		
OG0016442		
OG0016443		
OG0016444		
OG0016445		AT4G35130
OG0016446		
OG0016447		
OG0016448		
OG0016449		
OG0016450		
OG0016451		
OG0016452		
OG0016453		
OG0016454		
OG0016455		
OG0016456		AT3G11150
OG0016457		
OG0016458		
OG0016459		
OG0016460		
OG0016461		
OG0016462		
OG0016463		
OG0016464		
OG0016465		
OG0016466		AT3G21470
OG0016467		
OG0016468		
OG0016469		
OG0016470		
OG0016471		
OG0016472		AT2G28755
OG0016473		
OG0016474		
OG0016475		
OG0016476		
OG0016477		
OG0016478		
OG0016479		
OG0016480		
OG0016481		
OG0016482		
OG0016483		
OG0016484		
OG0016485		
OG0016486		AT4G24700
OG0016487		
OG0016488		
OG0016489		
OG0016490		
OG0016491		
OG0016492		
OG0016493		
OG0016494		
OG0016495		
OG0016496		
OG0016497		AT1G27695
OG0016498		
OG0016499		
OG0016500		
OG0016501		
OG0016502		AT1G32880, AT5G49305
OG0016503		
OG0016504		
OG0016505		
OG0016506		
OG0016507		
OG0016508		
OG0016509		
OG0016510		
OG0016511		
OG0016512		AT1G72275
OG0016513		
OG0016514		
OG0016515		
OG0016516		AT1G75717
OG0016517		
OG0016518		
OG0016519		
OG0016520		
OG0016521		
OG0016522		
OG0016523		
OG0016524		
OG0016525		AT2G46850
OG0016526		
OG0016527		
OG0016528		
OG0016529		
OG0016530		
OG0016531		
OG0016532		
OG0016533		
OG0016534		
OG0016535		
OG0016536		
OG0016537		
OG0016538		
OG0016539		
OG0016540		
OG0016541		
OG0016542		
OG0016543		
OG0016544		
OG0016545		
OG0016546		
OG0016547		
OG0016548		
OG0016549		
OG0016550		
OG0016551		
OG0016552		AT1G52560
OG0016553		
OG0016554		
OG0016555		
OG0016556		
OG0016557		
OG0016558		
OG0016559		
OG0016560		
OG0016561		
OG0016562		
OG0016563		
OG0016564		
OG0016565		
OG0016566		
OG0016567		
OG0016568		
OG0016569		
OG0016570		
OG0016571		
OG0016572		
OG0016573		
OG0016574		
OG0016575		
OG0016576		AT4G32208
OG0016577		
OG0016578		
OG0016579		
OG0016580		
OG0016581		AT3G61390
OG0016582		
OG0016583		
OG0016584		
OG0016585		
OG0016586		
OG0016587		
OG0016588		
OG0016589		AT1G07300
OG0016590		
OG0016591		
OG0016592		
OG0016593		
OG0016594		
OG0016595		
OG0016596		
OG0016597		AT5G05220
OG0016598		AT4G18840
OG0016599		
OG0016600		
OG0016601		
OG0016602		
OG0016603		AT5G66500
OG0016604		
OG0016605		AT1G70350
OG0016606		
OG0016607		
OG0016608		
OG0016609		
OG0016610		
OG0016611		AT5G62065
OG0016612		
OG0016613		AT4G24370
OG0016614		
OG0016615		
OG0016616		
OG0016617		
OG0016618		
OG0016619		
OG0016620		
OG0016621		
OG0016622		
OG0016623		
OG0016624		AT5G57510
OG0016625		
OG0016626		
OG0016627		AT3G47190, AT5G58660
OG0016628		
OG0016629		
OG0016630		
OG0016631		
OG0016632		
OG0016633		
OG0016634		
OG0016635		
OG0016636		
OG0016637		
OG0016638		AT3G29310
OG0016639		
OG0016640		
OG0016641		
OG0016642		
OG0016643		
OG0016644		
OG0016645		
OG0016646		
OG0016647		
OG0016648		
OG0016649		
OG0016650		
OG0016651		
OG0016652		
OG0016653		
OG0016654		
OG0016655		
OG0016656		AT3G29000
OG0016657		
OG0016658		
OG0016659		
OG0016660		
OG0016661		
OG0016662		
OG0016663		
OG0016664		AT2G27250
OG0016665		
OG0016666		
OG0016667		
OG0016668		
OG0016669		
OG0016670		
OG0016671		
OG0016672		
OG0016673		
OG0016674		
OG0016675		
OG0016676		
OG0016677		
OG0016678		
OG0016679		
OG0016680		
OG0016681		
OG0016682		
OG0016683		AT4G26415
OG0016684		
OG0016685		
OG0016686		
OG0016687		
OG0016688		
OG0016689		AT2G36980
OG0016690		
OG0016691		
OG0016692		
OG0016693		
OG0016694		
OG0016695		
OG0016696		
OG0016697		
OG0016698		
OG0016699		
OG0016700		
OG0016701		
OG0016702		
OG0016703		
OG0016704		AT1G68350
OG0016705		
OG0016706		
OG0016707		
OG0016708		
OG0016709		AT5G40450
OG0016710		
OG0016711		
OG0016712		
OG0016713		
OG0016714		
OG0016715		
OG0016716		
OG0016717		
OG0016718		
OG0016719		
OG0016720		
OG0016721		
OG0016722		
OG0016723		
OG0016724		
OG0016725		
OG0016726		
OG0016727		
OG0016728		
OG0016729		
OG0016730		
OG0016731		
OG0016732		
OG0016733		
OG0016734		
OG0016735		
OG0016736		
OG0016737		AT1G61475
OG0016738		
OG0016739		
OG0016740		
OG0016741		
OG0016742		
OG0016743		
OG0016744		
OG0016745		
OG0016746		
OG0016747		
OG0016748		
OG0016749		
OG0016750		
OG0016751		
OG0016752		
OG0016753		
OG0016754		
OG0016755		
OG0016756		
OG0016757		
OG0016758		
OG0016759		
OG0016760		
OG0016761		
OG0016762		
OG0016763		
OG0016764		
OG0016765		
OG0016766		
OG0016767		
OG0016768		
OG0016769		
OG0016770		
OG0016771		
OG0016772		
OG0016773		
OG0016774		
OG0016775		
OG0016776		
OG0016777		
OG0016778		
OG0016779		
OG0016780		
OG0016781		
OG0016782		
OG0016783	ostta04g04350	
OG0016784		
OG0016785		
OG0016786		AT3G26090
OG0016787		
OG0016788		
OG0016789		
OG0016790		
OG0016791		
OG0016792		
OG0016793		
OG0016794		AT1G01410, AT1G21620, AT1G35850, AT5G59280, AT5G60110, AT5G60180, AT5G64490
OG0016795		AT1G03170, AT3G06020, AT4G02810, AT5G19260
OG0016796		AT1G08135, AT1G08140, AT1G08150, AT2G28170, AT2G28180, AT3G44900, AT5G22900
OG0016797		AT1G09245, AT1G51230, AT1G51240, AT1G51250, AT2G04115, AT3G10455, AT5G39493
OG0016798		AT1G09860, AT1G19770, AT1G47603, AT1G57943, AT1G57980, AT1G57990, AT1G75470
OG0016799		AT1G10417
OG0016800		AT1G11362, AT1G11593, AT1G48010, AT1G50325, AT1G50340, AT3G27999, AT4G03945
OG0016801		AT1G14480, AT1G14500, AT4G10720, AT5G15500, AT5G54610, AT5G54620
OG0016802		AT1G19430
OG0016803		AT1G19610, AT1G55010, AT1G75830, AT2G26010, AT2G26020, AT5G44420, AT5G44430
OG0016804		AT1G21310, AT1G76930
OG0016805		AT1G24062, AT1G76954, AT1G77093, AT2G25305, AT5G54215, AT5G54220, AT5G54225
OG0016806		AT1G30870
OG0016807		AT1G34047, AT2G36255, AT3G05727, AT3G05730, AT3G59930, AT4G11393, AT5G33355
OG0016808		AT1G34560, AT1G35353, AT1G35365, AT1G35400, AT1G35410, AT3G27900, AT4G18080
OG0016809		AT1G35820, AT1G43720, AT2G14755, AT3G30520, AT3G32904, AT3G42870, AT5G36080
OG0016810		AT1G36622, AT1G36640, AT1G54953, AT1G54957, AT2G24195, AT5G27765, AT5G51465
OG0016811		AT1G47960, AT3G17140
OG0016812		AT1G48285, AT2G06265, AT2G07505, AT2G37125, AT3G30165, AT4G04775, AT5G15690
OG0016813		AT1G49715, AT1G73603, AT1G73607, AT2G20208, AT2G29045, AT4G30064, AT4G30067
OG0016814		AT1G53705, AT2G35080, AT3G29750, AT3G30770, AT3G42723, AT5G25920, AT5G27800
OG0016815		AT1G54410
OG0016816		AT1G54980, AT4G24640, AT5G50030, AT5G50040, AT5G50050, AT5G50060, AT5G50070
OG0016817		AT1G68765, AT3G25655
OG0016818		AT2G03020, AT4G16540, AT4G16545, AT4G16550, AT4G16555, AT4G16560, AT5G47590
OG0016819		AT2G05380, AT2G05440, AT2G05510, AT2G05520, AT2G05530, AT2G05540
OG0016820		AT2G13600
OG0016821		AT2G16210, AT2G35310, AT3G17010, AT5G09780, AT5G18000, AT5G18090, AT5G46915
OG0016822		AT2G16900, AT2G20950, AT2G20960, AT4G35110, AT4G38550, AT4G38560, AT5G11140
OG0016823		AT2G19020, AT2G19030, AT2G19040, AT2G19045, AT3G25165, AT3G25170, AT4G13075
OG0016824		AT2G24980, AT4G08400, AT4G08410, AT4G13390, AT5G06630, AT5G06640, AT5G35190
OG0016825		AT2G41905, AT3G57690
OG0016826		AT2G46490, AT5G35110
OG0016827		AT2G47930, AT3G06360, AT5G18690
OG0016828		AT3G02125, AT5G15560, AT5G39140, AT5G39170, AT5G39200
OG0016829		AT3G03930
OG0016830		AT3G09870
OG0016831		AT3G12840
OG0016832		AT3G13845
OG0016833	ostta04g00570	AT3G18970
OG0016834		AT3G28270, AT3G28290, AT3G28300, AT3G28320, AT3G48640, AT5G66660, AT5G66670
OG0016835		AT3G29370, AT5G39240
OG0016836		AT3G44230, AT3G44235, AT5G22150, AT5G22160, AT5G22170, AT5G22180, AT5G22190
OG0016837		AT3G53910
OG0016838		AT4G00650
OG0016839		AT4G12410, AT4G22620
OG0016840		AT4G16835
OG0016841		AT4G18395
OG0016842		AT4G21215
OG0016843		AT4G22760
OG0016844		AT4G26701
OG0016845		AT5G07930
OG0016846		AT5G11530
OG0016847		AT5G18850
OG0016848		AT5G35670
OG0016849		AT5G46330
OG0016850		AT5G52670, AT5G52680, AT5G52690, AT5G52700, AT5G52710, AT5G52720, AT5G52730
OG0016851		AT5G58950
OG0016852		
OG0016853		
OG0016854		
OG0016855		
OG0016856		
OG0016857		
OG0016858		
OG0016859		
OG0016860		
OG0016861		
OG0016862		
OG0016863		
OG0016864		
OG0016865		
OG0016866		
OG0016867		
OG0016868		
OG0016869		
OG0016870		
OG0016871		
OG0016872		
OG0016873		
OG0016874		
OG0016875		
OG0016876		
OG0016877		
OG0016878		
OG0016879		
OG0016880		
OG0016881		
OG0016882		
OG0016883		
OG0016884		
OG0016885		
OG0016886		
OG0016887		
OG0016888		
OG0016889		
OG0016890		
OG0016891		
OG0016892		
OG0016893		
OG0016894		
OG0016895		
OG0016896		
OG0016897		
OG0016898	ostta01g01850	
OG0016899	ostta19g00650	
OG0016900		
OG0016901	ostta15g00850	
OG0016902	ostta02g03480, ostta03g04950	
OG0016903	ostta03g01700, ostta05g04840	
OG0016904		
OG0016905	ostta11g01140	
OG0016906	ostta07g03140, ostta12g02720	
OG0016907	ostta02g04350	
OG0016908		
OG0016909		
OG0016910	ostta06g03070	
OG0016911	ostta17g00160	
OG0016912		
OG0016913		
OG0016914		
OG0016915	ostta07g02940	
OG0016916	ostta04g03580, ostta20g00430	
OG0016917		
OG0016918	ostta04g04530	
OG0016919	ostta18g01930	
OG0016920		
OG0016921	ostta10g03280	
OG0016922	ostta14g02580	
OG0016923	ostta14g02600	
OG0016924	ostta03g02020	
OG0016925	ostta11g02880	
OG0016926	ostta05g01360	
OG0016927	ostta07g00230	
OG0016928	ostta07g00190	
OG0016929		
OG0016930		
OG0016931		
OG0016932		
OG0016933		
OG0016934		
OG0016935		
OG0016936		
OG0016937		
OG0016938		
OG0016939		
OG0016940		
OG0016941		
OG0016942		
OG0016943		
OG0016944		
OG0016945		
OG0016946		
OG0016947		
OG0016948		
OG0016949		
OG0016950		
OG0016951		
OG0016952		
OG0016953		
OG0016954		
OG0016955		
OG0016956		
OG0016957		
OG0016958		
OG0016959		
OG0016960		
OG0016961		
OG0016962		
OG0016963		
OG0016964		
OG0016965		
OG0016966		
OG0016967		
OG0016968		
OG0016969		
OG0016970		
OG0016971		
OG0016972		
OG0016973		
OG0016974		
OG0016975		
OG0016976		
OG0016977		
OG0016978		
OG0016979		
OG0016980		
OG0016981		
OG0016982		
OG0016983		
OG0016984		
OG0016985		
OG0016986		
OG0016987		
OG0016988		
OG0016989		
OG0016990		
OG0016991		
OG0016992		
OG0016993		
OG0016994		
OG0016995		
OG0016996		
OG0016997		
OG0016998		
OG0016999		
OG0017000		
OG0017001		
OG0017002		
OG0017003		
OG0017004		
OG0017005		
OG0017006		
OG0017007		
OG0017008		
OG0017009		
OG0017010		
OG0017011		
OG0017012		
OG0017013		
OG0017014		
OG0017015		
OG0017016		
OG0017017		
OG0017018		
OG0017019		
OG0017020		
OG0017021		
OG0017022		
OG0017023		
OG0017024		
OG0017025		
OG0017026		
OG0017027		
OG0017028		
OG0017029		
OG0017030		
OG0017031		
OG0017032		
OG0017033		
OG0017034		
OG0017035		
OG0017036		
OG0017037		
OG0017038		
OG0017039		
OG0017040		
OG0017041		
OG0017042		
OG0017043		
OG0017044		
OG0017045		
OG0017046		
OG0017047		
OG0017048		
OG0017049		
OG0017050		
OG0017051		
OG0017052		
OG0017053		
OG0017054		
OG0017055		
OG0017056		
OG0017057		
OG0017058		
OG0017059		
OG0017060		
OG0017061		
OG0017062		
OG0017063		
OG0017064		
OG0017065		
OG0017066		
OG0017067		
OG0017068		
OG0017069		
OG0017070		
OG0017071		
OG0017072		
OG0017073		
OG0017074		
OG0017075		
OG0017076		
OG0017077		
OG0017078		
OG0017079		
OG0017080		
OG0017081		
OG0017082		
OG0017083		
OG0017084		
OG0017085		
OG0017086		
OG0017087		
OG0017088		
OG0017089		
OG0017090		
OG0017091		
OG0017092		
OG0017093		
OG0017094		
OG0017095		
OG0017096		
OG0017097		
OG0017098		
OG0017099		
OG0017100		
OG0017101		
OG0017102		
OG0017103		
OG0017104		
OG0017105		
OG0017106		
OG0017107		
OG0017108		
OG0017109		
OG0017110		
OG0017111		
OG0017112		
OG0017113		
OG0017114		
OG0017115		
OG0017116		
OG0017117		
OG0017118		
OG0017119		
OG0017120		
OG0017121		
OG0017122		
OG0017123		
OG0017124		
OG0017125		
OG0017126		
OG0017127		
OG0017128		
OG0017129		
OG0017130		
OG0017131		
OG0017132		
OG0017133		
OG0017134		
OG0017135		
OG0017136		
OG0017137		
OG0017138		
OG0017139		
OG0017140		
OG0017141		
OG0017142		
OG0017143		
OG0017144		
OG0017145		
OG0017146		
OG0017147		
OG0017148		
OG0017149		
OG0017150		
OG0017151		
OG0017152		
OG0017153		
OG0017154		
OG0017155		
OG0017156		
OG0017157		
OG0017158	ostta14g02100	
OG0017159		
OG0017160		
OG0017161		
OG0017162		
OG0017163		
OG0017164		
OG0017165		
OG0017166		
OG0017167		
OG0017168		
OG0017169		
OG0017170		
OG0017171		
OG0017172		
OG0017173		
OG0017174		
OG0017175		
OG0017176		
OG0017177		
OG0017178		
OG0017179		
OG0017180		
OG0017181		
OG0017182		
OG0017183		
OG0017184		
OG0017185		
OG0017186		
OG0017187		
OG0017188		
OG0017189		
OG0017190		
OG0017191		
OG0017192		
OG0017193		
OG0017194		
OG0017195		
OG0017196		
OG0017197		
OG0017198		
OG0017199	ostta04g00550	
OG0017200		
OG0017201		
OG0017202		
OG0017203		
OG0017204		
OG0017205		
OG0017206		
OG0017207		
OG0017208		
OG0017209		
OG0017210		
OG0017211		
OG0017212		
OG0017213		
OG0017214		
OG0017215		
OG0017216		
OG0017217		
OG0017218		
OG0017219		
OG0017220		
OG0017221		
OG0017222		
OG0017223		
OG0017224		
OG0017225		
OG0017226		
OG0017227		
OG0017228		
OG0017229		
OG0017230		
OG0017231		
OG0017232		
OG0017233		
OG0017234		
OG0017235		
OG0017236		
OG0017237		
OG0017238		
OG0017239		
OG0017240		
OG0017241		
OG0017242	ostta09g00940	
OG0017243		
OG0017244		
OG0017245		
OG0017246		
OG0017247	ostta12g00170	
OG0017248		
OG0017249		
OG0017250		
OG0017251		
OG0017252		
OG0017253		
OG0017254		
OG0017255		
OG0017256		
OG0017257		
OG0017258		
OG0017259		
OG0017260		
OG0017261		
OG0017262		
OG0017263		
OG0017264		
OG0017265		
OG0017266		
OG0017267		
OG0017268	ostta01g03730	
OG0017269		
OG0017270		
OG0017271		
OG0017272		
OG0017273		
OG0017274		
OG0017275		
OG0017276		
OG0017277		
OG0017278		
OG0017279		
OG0017280		
OG0017281		
OG0017282		
OG0017283		
OG0017284		
OG0017285		
OG0017286		
OG0017287		
OG0017288		
OG0017289		
OG0017290		
OG0017291		
OG0017292		
OG0017293		
OG0017294		
OG0017295		
OG0017296		
OG0017297		
OG0017298		
OG0017299		
OG0017300		
OG0017301		
OG0017302		
OG0017303		
OG0017304		
OG0017305		
OG0017306		
OG0017307		
OG0017308		
OG0017309		
OG0017310		
OG0017311		
OG0017312		
OG0017313		
OG0017314		
OG0017315		
OG0017316		
OG0017317		
OG0017318		
OG0017319		
OG0017320		
OG0017321		
OG0017322		
OG0017323		
OG0017324	ostta04g03130	
OG0017325		
OG0017326		
OG0017327		
OG0017328		
OG0017329		
OG0017330		
OG0017331		
OG0017332		
OG0017333		
OG0017334		
OG0017335		
OG0017336		
OG0017337		
OG0017338		
OG0017339		
OG0017340	ostta12g03080	
OG0017341		
OG0017342		
OG0017343		
OG0017344		
OG0017345		
OG0017346		
OG0017347		
OG0017348	ostta05g03890	
OG0017349		
OG0017350		
OG0017351		
OG0017352		
OG0017353		
OG0017354		
OG0017355		
OG0017356		
OG0017357		
OG0017358		
OG0017359		
OG0017360		
OG0017361		
OG0017362		
OG0017363		
OG0017364		
OG0017365		
OG0017366		
OG0017367		
OG0017368		
OG0017369		
OG0017370		
OG0017371		
OG0017372	ostta14g01250	
OG0017373		
OG0017374		
OG0017375		
OG0017376		
OG0017377		
OG0017378		
OG0017379	ostta06g03340	
OG0017380		
OG0017381		
OG0017382		
OG0017383		
OG0017384		
OG0017385		
OG0017386		
OG0017387		
OG0017388		
OG0017389		
OG0017390		
OG0017391		
OG0017392		
OG0017393		
OG0017394		
OG0017395		
OG0017396		
OG0017397		
OG0017398		
OG0017399		
OG0017400		
OG0017401		
OG0017402		
OG0017403		
OG0017404		
OG0017405		
OG0017406		
OG0017407		
OG0017408		
OG0017409		
OG0017410		
OG0017411		
OG0017412		
OG0017413		
OG0017414		
OG0017415		
OG0017416		
OG0017417		
OG0017418		
OG0017419		
OG0017420		
OG0017421		
OG0017422		
OG0017423		
OG0017424		
OG0017425		
OG0017426		
OG0017427		
OG0017428		
OG0017429		
OG0017430		
OG0017431		
OG0017432		
OG0017433		
OG0017434		
OG0017435		
OG0017436		
OG0017437		
OG0017438		
OG0017439		
OG0017440		
OG0017441		
OG0017442		
OG0017443		
OG0017444		
OG0017445		
OG0017446		
OG0017447		
OG0017448		
OG0017449		
OG0017450		
OG0017451		
OG0017452		
OG0017453		
OG0017454		
OG0017455		
OG0017456		
OG0017457		
OG0017458		
OG0017459		
OG0017460		
OG0017461		
OG0017462		
OG0017463		
OG0017464		
OG0017465		
OG0017466		
OG0017467		
OG0017468		
OG0017469		
OG0017470		
OG0017471		
OG0017472		
OG0017473		
OG0017474		
OG0017475		
OG0017476		
OG0017477		
OG0017478		
OG0017479		
OG0017480		
OG0017481		
OG0017482		
OG0017483		
OG0017484		
OG0017485		
OG0017486		
OG0017487		
OG0017488		
OG0017489		
OG0017490		
OG0017491		
OG0017492		
OG0017493		
OG0017494		
OG0017495		
OG0017496		
OG0017497		
OG0017498		
OG0017499		
OG0017500		
OG0017501		
OG0017502		
OG0017503		
OG0017504		
OG0017505		
OG0017506		
OG0017507		
OG0017508		
OG0017509		
OG0017510		
OG0017511		
OG0017512		
OG0017513		
OG0017514		
OG0017515		
OG0017516		
OG0017517		
OG0017518		
OG0017519		
OG0017520		
OG0017521		
OG0017522		
OG0017523		
OG0017524		
OG0017525		
OG0017526		
OG0017527		
OG0017528		
OG0017529		
OG0017530		
OG0017531		
OG0017532		
OG0017533		
OG0017534		
OG0017535		
OG0017536		
OG0017537		
OG0017538		
OG0017539		
OG0017540		
OG0017541		
OG0017542		
OG0017543		
OG0017544		
OG0017545		
OG0017546		
OG0017547		
OG0017548		
OG0017549		
OG0017550		
OG0017551		
OG0017552		
OG0017553		
OG0017554		
OG0017555		
OG0017556		
OG0017557		
OG0017558		
OG0017559		
OG0017560		
OG0017561		
OG0017562		
OG0017563		
OG0017564		
OG0017565		
OG0017566		
OG0017567		
OG0017568		
OG0017569		
OG0017570		
OG0017571		
OG0017572		
OG0017573		
OG0017574		
OG0017575		
OG0017576		
OG0017577		
OG0017578		
OG0017579		
OG0017580		
OG0017581		
OG0017582		
OG0017583		
OG0017584		
OG0017585		
OG0017586		
OG0017587		
OG0017588		
OG0017589	ostta16g00810	
OG0017590		
OG0017591		
OG0017592		
OG0017593		
OG0017594		
OG0017595		
OG0017596		
OG0017597		
OG0017598		
OG0017599		
OG0017600		
OG0017601		
OG0017602		
OG0017603		
OG0017604		
OG0017605	ostta15g02540, ostta16g01630	
OG0017606		
OG0017607		
OG0017608		
OG0017609		
OG0017610		
OG0017611		
OG0017612		
OG0017613		
OG0017614		
OG0017615		
OG0017616		
OG0017617		
OG0017618		
OG0017619		
OG0017620		
OG0017621		
OG0017622		
OG0017623		
OG0017624		
OG0017625		
OG0017626		
OG0017627		
OG0017628		
OG0017629		
OG0017630		
OG0017631		
OG0017632		
OG0017633		
OG0017634		
OG0017635		
OG0017636		
OG0017637		
OG0017638		
OG0017639		
OG0017640		
OG0017641		
OG0017642		
OG0017643		
OG0017644		
OG0017645		
OG0017646		
OG0017647		
OG0017648		
OG0017649		
OG0017650		
OG0017651		
OG0017652		
OG0017653		
OG0017654		
OG0017655		
OG0017656		
OG0017657		
OG0017658		
OG0017659		
OG0017660		
OG0017661		
OG0017662		
OG0017663		
OG0017664		
OG0017665		
OG0017666		
OG0017667		
OG0017668		
OG0017669		
OG0017670		
OG0017671		
OG0017672		
OG0017673		
OG0017674		
OG0017675		
OG0017676	ostta01g02670, ostta01g06060, ostta06g00960, ostta06g02670, ostta12g02850, ostta15g01150, ostta18g01020	
OG0017677	ostta02g04190, ostta02g04210, ostta02g04220, ostta02g04230, ostta04g04100, ostta09g04530, ostta11g01770	
OG0017678	ostta02g00220, ostta02g00230, ostta02g00660, ostta02g01750, ostta02g02050, ostta02g02080, ostta19g00340	
OG0017679		
OG0017680		
OG0017681		
OG0017682		
OG0017683		
OG0017684		
OG0017685		
OG0017686		
OG0017687		
OG0017688		
OG0017689		
OG0017690		
OG0017691		
OG0017692		
OG0017693		
OG0017694		
OG0017695		
OG0017696		
OG0017697		
OG0017698		
OG0017699		
OG0017700		
OG0017701		
OG0017702		
OG0017703		
OG0017704		
OG0017705		
OG0017706		
OG0017707		
OG0017708		
OG0017709		
OG0017710		
OG0017711		
OG0017712		
OG0017713		
OG0017714		
OG0017715		
OG0017716		
OG0017717		
OG0017718		
OG0017719		
OG0017720		
OG0017721		
OG0017722		
OG0017723		
OG0017724		
OG0017725		
OG0017726		
OG0017727		
OG0017728		
OG0017729		
OG0017730		
OG0017731		
OG0017732		
OG0017733		
OG0017734		
OG0017735		
OG0017736		
OG0017737		
OG0017738		
OG0017739		
OG0017740		
OG0017741		
OG0017742		
OG0017743		
OG0017744		
OG0017745		
OG0017746		
OG0017747		
OG0017748		
OG0017749		
OG0017750		
OG0017751		
OG0017752		
OG0017753		
OG0017754		
OG0017755		
OG0017756		
OG0017757		
OG0017758		
OG0017759		
OG0017760		
OG0017761		
OG0017762		
OG0017763		
OG0017764		
OG0017765		
OG0017766		
OG0017767		
OG0017768		
OG0017769		
OG0017770		
OG0017771		
OG0017772		
OG0017773		
OG0017774		
OG0017775		
OG0017776		
OG0017777		
OG0017778		
OG0017779		
OG0017780		
OG0017781		
OG0017782		
OG0017783		
OG0017784		
OG0017785		
OG0017786		
OG0017787		
OG0017788		
OG0017789		
OG0017790		
OG0017791		
OG0017792		
OG0017793		
OG0017794		
OG0017795		
OG0017796		
OG0017797		
OG0017798		
OG0017799		
OG0017800		
OG0017801		
OG0017802		
OG0017803		
OG0017804		
OG0017805		
OG0017806		
OG0017807		
OG0017808		
OG0017809		
OG0017810		
OG0017811		
OG0017812		
OG0017813		
OG0017814		
OG0017815		
OG0017816		
OG0017817		
OG0017818		
OG0017819		
OG0017820		
OG0017821		
OG0017822		
OG0017823		
OG0017824		
OG0017825		
OG0017826		
OG0017827		
OG0017828		
OG0017829		
OG0017830		
OG0017831		
OG0017832		
OG0017833		
OG0017834		
OG0017835		
OG0017836		
OG0017837		
OG0017838		
OG0017839		
OG0017840		
OG0017841		
OG0017842		
OG0017843		
OG0017844		
OG0017845		
OG0017846		
OG0017847		
OG0017848		
OG0017849		
OG0017850		
OG0017851		
OG0017852		
OG0017853		
OG0017854		
OG0017855		
OG0017856		
OG0017857		
OG0017858		
OG0017859		
OG0017860		
OG0017861		
OG0017862		
OG0017863		
OG0017864		
OG0017865		
OG0017866		
OG0017867		
OG0017868		
OG0017869		
OG0017870		
OG0017871		
OG0017872		
OG0017873		
OG0017874		
OG0017875		
OG0017876		
OG0017877		
OG0017878		
OG0017879		
OG0017880		
OG0017881		
OG0017882		
OG0017883		
OG0017884		
OG0017885		
OG0017886		
OG0017887		
OG0017888		
OG0017889		
OG0017890		
OG0017891		
OG0017892		
OG0017893		
OG0017894		
OG0017895		
OG0017896		
OG0017897		
OG0017898		
OG0017899		
OG0017900		
OG0017901		
OG0017902		
OG0017903		
OG0017904		
OG0017905		
OG0017906		
OG0017907		
OG0017908		
OG0017909		
OG0017910		
OG0017911		
OG0017912		
OG0017913		
OG0017914		
OG0017915		
OG0017916		
OG0017917		
OG0017918		
OG0017919		
OG0017920		
OG0017921		
OG0017922		
OG0017923		
OG0017924		
OG0017925		
OG0017926		
OG0017927		
OG0017928		
OG0017929		
OG0017930		
OG0017931		
OG0017932		
OG0017933		
OG0017934		AT3G04760
OG0017935		
OG0017936		
OG0017937		
OG0017938		
OG0017939		
OG0017940		
OG0017941		
OG0017942		
OG0017943		AT3G63430
OG0017944		
OG0017945		
OG0017946		
OG0017947		
OG0017948		
OG0017949		
OG0017950		
OG0017951		
OG0017952		
OG0017953		
OG0017954		
OG0017955		
OG0017956		
OG0017957		
OG0017958		
OG0017959		
OG0017960		
OG0017961		
OG0017962		
OG0017963		
OG0017964		
OG0017965		
OG0017966		
OG0017967		
OG0017968		
OG0017969		
OG0017970		
OG0017971		
OG0017972		
OG0017973		
OG0017974		
OG0017975		
OG0017976		
OG0017977		
OG0017978		
OG0017979		
OG0017980		
OG0017981		
OG0017982		
OG0017983		
OG0017984		
OG0017985		
OG0017986		
OG0017987		
OG0017988		
OG0017989		
OG0017990		
OG0017991		
OG0017992		
OG0017993		
OG0017994		
OG0017995		
OG0017996		
OG0017997		
OG0017998		
OG0017999		
OG0018000		
OG0018001		
OG0018002		
OG0018003		
OG0018004		
OG0018005		
OG0018006		
OG0018007		
OG0018008		
OG0018009		
OG0018010		
OG0018011		
OG0018012		
OG0018013		
OG0018014		
OG0018015		
OG0018016		
OG0018017		
OG0018018		
OG0018019		
OG0018020		
OG0018021		
OG0018022		
OG0018023		
OG0018024		
OG0018025		
OG0018026		
OG0018027		
OG0018028		
OG0018029		
OG0018030		
OG0018031		AT4G18335
OG0018032		
OG0018033		
OG0018034		
OG0018035		
OG0018036		
OG0018037		
OG0018038		
OG0018039		
OG0018040		
OG0018041		
OG0018042		
OG0018043		
OG0018044		
OG0018045		
OG0018046		
OG0018047		
OG0018048		
OG0018049		AT5G39670
OG0018050		AT4G01140
OG0018051		
OG0018052		
OG0018053		
OG0018054		
OG0018055		
OG0018056		AT2G33880
OG0018057		
OG0018058		
OG0018059		
OG0018060		
OG0018061		
OG0018062		
OG0018063		
OG0018064		
OG0018065		
OG0018066		
OG0018067		
OG0018068		
OG0018069		
OG0018070		
OG0018071		
OG0018072		
OG0018073		
OG0018074		
OG0018075		
OG0018076		AT5G51915
OG0018077		
OG0018078		
OG0018079		
OG0018080		
OG0018081		
OG0018082		
OG0018083		
OG0018084		
OG0018085		
OG0018086		
OG0018087		
OG0018088		
OG0018089		
OG0018090		
OG0018091		
OG0018092		
OG0018093		
OG0018094		
OG0018095		
OG0018096		
OG0018097		
OG0018098		
OG0018099		
OG0018100		
OG0018101		
OG0018102		
OG0018103		AT1G30260
OG0018104		
OG0018105		
OG0018106		
OG0018107		
OG0018108		
OG0018109		
OG0018110		
OG0018111		
OG0018112		
OG0018113		
OG0018114		
OG0018115		
OG0018116		
OG0018117		
OG0018118		
OG0018119		
OG0018120		
OG0018121		
OG0018122		
OG0018123		
OG0018124		
OG0018125		
OG0018126		
OG0018127		
OG0018128		
OG0018129		
OG0018130		
OG0018131		
OG0018132		AT5G24580
OG0018133		
OG0018134		
OG0018135		
OG0018136		
OG0018137		
OG0018138		
OG0018139		
OG0018140		
OG0018141		
OG0018142		
OG0018143		
OG0018144		
OG0018145		
OG0018146		
OG0018147		
OG0018148		
OG0018149		
OG0018150		
OG0018151		
OG0018152		
OG0018153		
OG0018154		
OG0018155		
OG0018156		
OG0018157		
OG0018158		AT5G53650
OG0018159		
OG0018160		AT5G06043
OG0018161		
OG0018162		
OG0018163		
OG0018164		
OG0018165		
OG0018166		
OG0018167		
OG0018168		
OG0018169		
OG0018170		
OG0018171		
OG0018172		
OG0018173		
OG0018174		
OG0018175		
OG0018176		
OG0018177		
OG0018178		
OG0018179		AT3G13880
OG0018180		AT4G01030
OG0018181		
OG0018182		
OG0018183		
OG0018184		
OG0018185		
OG0018186		
OG0018187		
OG0018188		
OG0018189		
OG0018190		
OG0018191		
OG0018192		
OG0018193		
OG0018194		
OG0018195		
OG0018196		AT3G48187
OG0018197		AT3G22070
OG0018198		
OG0018199		
OG0018200		
OG0018201		
OG0018202		
OG0018203		
OG0018204		
OG0018205		
OG0018206		AT5G11630
OG0018207		
OG0018208		
OG0018209		
OG0018210		
OG0018211		
OG0018212		
OG0018213		
OG0018214		
OG0018215		
OG0018216		
OG0018217		
OG0018218		
OG0018219		
OG0018220		
OG0018221		
OG0018222		
OG0018223		
OG0018224		
OG0018225		
OG0018226		
OG0018227		
OG0018228		
OG0018229		
OG0018230		
OG0018231		
OG0018232		
OG0018233		
OG0018234		
OG0018235		
OG0018236		
OG0018237		
OG0018238		
OG0018239		
OG0018240		
OG0018241		
OG0018242		
OG0018243		
OG0018244		
OG0018245		
OG0018246		
OG0018247		
OG0018248		
OG0018249		
OG0018250		
OG0018251		
OG0018252		
OG0018253		
OG0018254		
OG0018255		
OG0018256		
OG0018257		
OG0018258		
OG0018259		
OG0018260		
OG0018261		
OG0018262		
OG0018263		
OG0018264		
OG0018265		
OG0018266		
OG0018267		
OG0018268		
OG0018269		
OG0018270		
OG0018271		AT3G21305
OG0018272		
OG0018273		
OG0018274		
OG0018275		
OG0018276		
OG0018277		
OG0018278		
OG0018279		
OG0018280		
OG0018281		
OG0018282		
OG0018283		
OG0018284		
OG0018285		
OG0018286		AT2G24350
OG0018287		
OG0018288		
OG0018289		
OG0018290		
OG0018291		
OG0018292		
OG0018293		
OG0018294		
OG0018295		
OG0018296		
OG0018297		
OG0018298		
OG0018299		
OG0018300		
OG0018301		
OG0018302		
OG0018303		
OG0018304		
OG0018305		
OG0018306		
OG0018307		
OG0018308		
OG0018309		AT5G57820
OG0018310		
OG0018311		
OG0018312		
OG0018313		
OG0018314		
OG0018315		
OG0018316		
OG0018317		
OG0018318		
OG0018319		
OG0018320		
OG0018321		
OG0018322		
OG0018323		
OG0018324		
OG0018325		
OG0018326		
OG0018327		
OG0018328		
OG0018329		
OG0018330		
OG0018331		
OG0018332		
OG0018333		
OG0018334		
OG0018335		
OG0018336		
OG0018337		
OG0018338		
OG0018339		AT4G16807
OG0018340		
OG0018341		
OG0018342		
OG0018343		
OG0018344		
OG0018345		
OG0018346		
OG0018347		
OG0018348		
OG0018349		
OG0018350		
OG0018351		
OG0018352		
OG0018353		
OG0018354		
OG0018355		
OG0018356		
OG0018357		
OG0018358		
OG0018359		
OG0018360		
OG0018361		
OG0018362		
OG0018363		
OG0018364		
OG0018365		
OG0018366		
OG0018367		
OG0018368		
OG0018369		
OG0018370		
OG0018371		
OG0018372		
OG0018373		
OG0018374		
OG0018375		
OG0018376		
OG0018377		
OG0018378		
OG0018379		
OG0018380		
OG0018381		
OG0018382		
OG0018383		
OG0018384		
OG0018385		
OG0018386		
OG0018387		
OG0018388		
OG0018389		
OG0018390		
OG0018391		
OG0018392		
OG0018393		
OG0018394		
OG0018395		
OG0018396		
OG0018397		
OG0018398		
OG0018399		
OG0018400		
OG0018401		
OG0018402		
OG0018403		
OG0018404		
OG0018405		
OG0018406		
OG0018407		
OG0018408		
OG0018409		
OG0018410		
OG0018411		
OG0018412		
OG0018413		
OG0018414		
OG0018415		
OG0018416		
OG0018417		
OG0018418		
OG0018419		
OG0018420		
OG0018421		
OG0018422		
OG0018423		
OG0018424		
OG0018425		
OG0018426		AT1G47580
OG0018427		
OG0018428		
OG0018429		
OG0018430		
OG0018431		
OG0018432		
OG0018433		
OG0018434		
OG0018435		
OG0018436		
OG0018437		
OG0018438		
OG0018439		
OG0018440		
OG0018441		
OG0018442		
OG0018443		
OG0018444		
OG0018445		
OG0018446		
OG0018447		
OG0018448		
OG0018449		
OG0018450		AT1G01070, AT1G11450, AT1G11460, AT4G01430, AT4G01440, AT4G01450
OG0018451		AT1G03490, AT1G19040, AT1G35890, AT3G46565, AT5G18037, AT5G18300
OG0018452		AT1G05400, AT1G06810, AT1G06925, AT1G24256, AT4G20480, AT5G39640
OG0018453		AT1G12660, AT1G12663, AT1G12665, AT1G12672
OG0018454		AT1G14280, AT1G18810, AT2G02950
OG0018455		AT1G21280
OG0018456		AT1G24485, AT3G46240, AT3G46260, AT3G46270, AT3G46280
OG0018457		AT1G30140, AT2G29880, AT5G27260, AT5G28820, AT5G29613, AT5G35540
OG0018458		AT1G32000, AT1G32010, AT2G15420, AT3G42060, AT5G27890, AT5G38190
OG0018459		AT1G33607, AT4G18823, AT5G08055, AT5G08315, AT5G16453, AT5G19315
OG0018460		AT1G43790, AT5G48920
OG0018461		AT1G45015, AT2G16005, AT2G26370, AT5G23820, AT5G23830, AT5G23840
OG0018462		AT1G47540, AT2G43510, AT2G43520, AT2G43530, AT2G43535, AT2G43550
OG0018463		AT1G48180, AT1G51670, AT4G29760, AT4G29770, AT5G18040, AT5G18065
OG0018464		AT1G50650
OG0018465		AT1G51920
OG0018466		AT1G54000, AT1G54010, AT1G54020, AT1G54030, AT3G14210, AT3G14220
OG0018467		AT1G54120, AT3G14060
OG0018468		AT1G55330, AT3G13520, AT4G26320, AT5G56540
OG0018469		AT1G60050, AT1G70260
OG0018470		AT1G60240, AT1G60280, AT1G60300, AT1G60340, AT1G60350, AT1G60380
OG0018471		AT1G60870
OG0018472		AT1G62970, AT5G09540, AT5G64360
OG0018473		AT1G65425
OG0018474		AT1G65670, AT3G30290, AT4G15300, AT4G15310, AT4G15393, AT4G15396
OG0018475		AT1G66460, AT5G37790
OG0018476		AT1G67390, AT1G78470, AT1G80960, AT3G43410, AT3G60790, AT5G35945
OG0018477		AT1G70020, AT1G70040, AT1G70120, AT3G54410, AT3G60700, AT5G39330
OG0018478		AT1G74630
OG0018479		AT1G78922
OG0018480		AT2G13640, AT2G27780, AT2G32820, AT2G33090, AT2G33300, AT5G27310
OG0018481		AT2G17525
OG0018482		AT2G18530, AT3G45670, AT3G45790, AT3G46140, AT3G46160, AT4G04632
OG0018483		AT2G20595, AT2G20597, AT2G20605, AT2G20618, AT2G20619, AT3G44718
OG0018484		AT2G23945, AT4G04985, AT4G12920, AT4G30030, AT4G30040
OG0018485		AT2G41890
OG0018486		AT2G47030, AT2G47040, AT2G47050, AT3G62170, AT3G62180
OG0018487		AT3G09035, AT3G09190, AT3G54080, AT5G01090
OG0018488		AT3G28155
OG0018489		AT3G42153
OG0018490		AT3G51210
OG0018491		AT3G52520
OG0018492		AT3G61520, AT5G28370, AT5G28460
OG0018493		AT4G03620
OG0018494		AT4G05350, AT4G12140, AT4G12150, AT4G12190, AT4G12210, AT4G12220
OG0018495		AT4G16470
OG0018496		AT4G22190
OG0018497		AT4G22210, AT4G22212, AT4G22214, AT4G22217, AT4G22230, AT4G22235
OG0018498		AT4G24300
OG0018499		AT4G25580, AT5G52300, AT5G52310
OG0018500		AT4G32210, AT5G09600
OG0018501		AT5G09460, AT5G50010, AT5G64340
OG0018502		AT5G10210, AT5G65030
OG0018503		AT5G24500
OG0018504		AT5G37200, AT5G37220, AT5G37230, AT5G37250, AT5G37270, AT5G37280
OG0018505		AT5G44565, AT5G44575, AT5G44578, AT5G44580, AT5G44582, AT5G44585
OG0018506		AT5G63150
OG0018507		AT5G64450
OG0018508		
OG0018509		
OG0018510		
OG0018511		
OG0018512		
OG0018513		
OG0018514		
OG0018515		
OG0018516		
OG0018517		
OG0018518		
OG0018519		
OG0018520		
OG0018521		
OG0018522		
OG0018523		
OG0018524		
OG0018525		
OG0018526		
OG0018527		
OG0018528		
OG0018529		
OG0018530		
OG0018531		
OG0018532		
OG0018533		
OG0018534		
OG0018535		
OG0018536		
OG0018537		
OG0018538		
OG0018539		
OG0018540		
OG0018541		
OG0018542		
OG0018543		
OG0018544		
OG0018545		
OG0018546		
OG0018547		
OG0018548		
OG0018549		
OG0018550		
OG0018551		
OG0018552		
OG0018553		
OG0018554		
OG0018555		
OG0018556		
OG0018557		
OG0018558	ostta01g01810	
OG0018559	ostta15g02920	
OG0018560	ostta01g02420	
OG0018561		
OG0018562	ostta08g02220, ostta12g02800, ostta12g02805	
OG0018563	ostta10g00700	
OG0018564		
OG0018565	ostta07g00500	
OG0018566	ostta04g03650	
OG0018567	ostta05g00520	
OG0018568	ostta02g05150, ostta17g01140	
OG0018569	ostta02g01820, ostta02g03690	
OG0018570		
OG0018571	ostta02g04040, ostta12g02060	
OG0018572		
OG0018573	ostta13g02900	
OG0018574	ostta02g02610, ostta07g03290, ostta11g02575, ostta19g00515	
OG0018575	ostta07g04170	
OG0018576	ostta07g02860	
OG0018577	ostta05g00050, ostta06g00110	
OG0018578	ostta06g00630	
OG0018579	ostta03g00310, ostta18g01740	
OG0018580	ostta14g00040	
OG0018581	ostta16g01580	
OG0018582	ostta17g01180	
OG0018583	ostta11g01410, ostta20g00830	
OG0018584	ostta04g02550	
OG0018585		
OG0018586	ostta03g04630	
OG0018587	ostta12g02350	
OG0018588	ostta15g02910	
OG0018589		
OG0018590	ostta08g01440	
OG0018591	ostta04g03630	
OG0018592		
OG0018593	ostta04g04720, ostta06g00200	
OG0018594	ostta12g02910	
OG0018595		
OG0018596		
OG0018597	ostta03g01430, ostta12g02700, ostta13g00660, ostta17g01850	
OG0018598		
OG0018599		
OG0018600	ostta14g01350	
OG0018601	ostta05g00060	
OG0018602		
OG0018603	ostta11g03240	
OG0018604	ostta11g02220	
OG0018605	ostta16g00260	
OG0018606	ostta16g01460	
OG0018607		
OG0018608		
OG0018609		
OG0018610		
OG0018611		
OG0018612		
OG0018613		
OG0018614		
OG0018615		
OG0018616		
OG0018617		
OG0018618		
OG0018619		
OG0018620		
OG0018621		
OG0018622		
OG0018623		
OG0018624		
OG0018625		
OG0018626		
OG0018627		
OG0018628		
OG0018629		
OG0018630		
OG0018631		
OG0018632		
OG0018633		
OG0018634		
OG0018635		
OG0018636		
OG0018637		
OG0018638		
OG0018639		
OG0018640		
OG0018641		
OG0018642		
OG0018643		
OG0018644		
OG0018645		
OG0018646		
OG0018647		
OG0018648		
OG0018649		
OG0018650		
OG0018651		
OG0018652		
OG0018653		
OG0018654		
OG0018655		
OG0018656		
OG0018657		
OG0018658		
OG0018659		
OG0018660		
OG0018661		
OG0018662		
OG0018663		
OG0018664		
OG0018665		
OG0018666		
OG0018667		
OG0018668		
OG0018669		
OG0018670		
OG0018671		
OG0018672		
OG0018673		
OG0018674		
OG0018675		
OG0018676		
OG0018677		
OG0018678		
OG0018679		
OG0018680		
OG0018681		
OG0018682		
OG0018683		
OG0018684		
OG0018685		
OG0018686		
OG0018687		
OG0018688		
OG0018689		
OG0018690		
OG0018691		
OG0018692		
OG0018693		
OG0018694		
OG0018695		
OG0018696		
OG0018697		
OG0018698		
OG0018699		
OG0018700		
OG0018701		
OG0018702		
OG0018703		
OG0018704		
OG0018705		
OG0018706		
OG0018707		
OG0018708		
OG0018709		
OG0018710		
OG0018711		
OG0018712		
OG0018713		
OG0018714		
OG0018715		
OG0018716		
OG0018717		
OG0018718		
OG0018719		
OG0018720		
OG0018721		
OG0018722		
OG0018723		
OG0018724		
OG0018725		
OG0018726		
OG0018727		
OG0018728		
OG0018729		
OG0018730		
OG0018731		
OG0018732		
OG0018733		
OG0018734		
OG0018735		
OG0018736		
OG0018737		
OG0018738		
OG0018739		
OG0018740		
OG0018741		
OG0018742		
OG0018743		
OG0018744		
OG0018745		
OG0018746		
OG0018747		
OG0018748		
OG0018749		
OG0018750		
OG0018751		
OG0018752		
OG0018753		
OG0018754		
OG0018755		
OG0018756		
OG0018757		
OG0018758		
OG0018759		
OG0018760		
OG0018761		
OG0018762		
OG0018763		
OG0018764		
OG0018765		
OG0018766		
OG0018767		
OG0018768		
OG0018769		
OG0018770		
OG0018771		
OG0018772		
OG0018773		
OG0018774		
OG0018775		
OG0018776		
OG0018777		
OG0018778		
OG0018779		
OG0018780		
OG0018781		
OG0018782		
OG0018783		
OG0018784		
OG0018785		
OG0018786		
OG0018787		
OG0018788		
OG0018789		
OG0018790		
OG0018791		
OG0018792		
OG0018793		
OG0018794		
OG0018795		
OG0018796		
OG0018797		
OG0018798		
OG0018799		
OG0018800		
OG0018801		
OG0018802		
OG0018803		
OG0018804		
OG0018805		
OG0018806		
OG0018807		
OG0018808		
OG0018809		
OG0018810		
OG0018811		
OG0018812		
OG0018813		
OG0018814		
OG0018815		
OG0018816		
OG0018817		
OG0018818		
OG0018819		
OG0018820		
OG0018821		
OG0018822		
OG0018823		
OG0018824		
OG0018825		
OG0018826		
OG0018827		
OG0018828		
OG0018829		
OG0018830		
OG0018831		
OG0018832		
OG0018833		
OG0018834		
OG0018835		
OG0018836		
OG0018837		
OG0018838		
OG0018839		
OG0018840		
OG0018841		
OG0018842		
OG0018843		
OG0018844		
OG0018845		
OG0018846		
OG0018847		
OG0018848		
OG0018849		
OG0018850		
OG0018851		
OG0018852		
OG0018853		
OG0018854		
OG0018855		
OG0018856		
OG0018857		
OG0018858		
OG0018859		
OG0018860		
OG0018861		
OG0018862		
OG0018863		
OG0018864		
OG0018865		
OG0018866		
OG0018867		
OG0018868		
OG0018869		
OG0018870		
OG0018871		
OG0018872		
OG0018873		
OG0018874		
OG0018875		
OG0018876		
OG0018877		
OG0018878		
OG0018879	ostta15g00910	
OG0018880		
OG0018881		
OG0018882		
OG0018883		
OG0018884		
OG0018885		
OG0018886		
OG0018887		
OG0018888		
OG0018889		
OG0018890		
OG0018891		
OG0018892		
OG0018893		
OG0018894		
OG0018895		
OG0018896		
OG0018897		
OG0018898		
OG0018899		
OG0018900		
OG0018901		
OG0018902		
OG0018903		
OG0018904		
OG0018905		
OG0018906		
OG0018907		
OG0018908		
OG0018909		
OG0018910		
OG0018911		
OG0018912		
OG0018913		
OG0018914		
OG0018915		
OG0018916		
OG0018917		
OG0018918		
OG0018919		
OG0018920		
OG0018921		
OG0018922		
OG0018923		
OG0018924		
OG0018925		
OG0018926		
OG0018927		
OG0018928		
OG0018929		
OG0018930		
OG0018931		
OG0018932		
OG0018933		
OG0018934		
OG0018935		
OG0018936		
OG0018937		
OG0018938		
OG0018939		
OG0018940		
OG0018941		
OG0018942		
OG0018943		
OG0018944		
OG0018945		
OG0018946		
OG0018947		
OG0018948		
OG0018949		
OG0018950		
OG0018951		
OG0018952		
OG0018953		
OG0018954		
OG0018955		
OG0018956		
OG0018957		
OG0018958		
OG0018959		
OG0018960		
OG0018961		
OG0018962		
OG0018963		
OG0018964		
OG0018965		
OG0018966		
OG0018967		
OG0018968		
OG0018969		
OG0018970		
OG0018971		
OG0018972		
OG0018973		
OG0018974		
OG0018975		
OG0018976		
OG0018977		
OG0018978		
OG0018979		
OG0018980		
OG0018981		
OG0018982		
OG0018983		
OG0018984		
OG0018985		
OG0018986		
OG0018987		
OG0018988		
OG0018989		
OG0018990		
OG0018991		
OG0018992		
OG0018993		
OG0018994		
OG0018995		
OG0018996		
OG0018997	ostta07g02490	
OG0018998		
OG0018999		
OG0019000		
OG0019001		
OG0019002		
OG0019003		
OG0019004		
OG0019005		
OG0019006		
OG0019007		
OG0019008		
OG0019009		
OG0019010		
OG0019011		
OG0019012		
OG0019013		
OG0019014		
OG0019015		
OG0019016		
OG0019017		
OG0019018		
OG0019019		
OG0019020		
OG0019021		
OG0019022		
OG0019023		
OG0019024		
OG0019025		
OG0019026		
OG0019027		
OG0019028		
OG0019029		
OG0019030		
OG0019031		
OG0019032		
OG0019033		
OG0019034		
OG0019035		
OG0019036		
OG0019037		
OG0019038		
OG0019039		
OG0019040		
OG0019041		
OG0019042		
OG0019043		
OG0019044		
OG0019045		
OG0019046		
OG0019047		
OG0019048		
OG0019049		
OG0019050		
OG0019051		
OG0019052		
OG0019053		
OG0019054		
OG0019055		
OG0019056		
OG0019057		
OG0019058		
OG0019059		
OG0019060		
OG0019061		
OG0019062		
OG0019063		
OG0019064		
OG0019065		
OG0019066		
OG0019067		
OG0019068		
OG0019069		
OG0019070		
OG0019071		
OG0019072		
OG0019073		
OG0019074		
OG0019075		
OG0019076		
OG0019077		
OG0019078		
OG0019079		
OG0019080		
OG0019081		
OG0019082		
OG0019083		
OG0019084		
OG0019085		
OG0019086		
OG0019087		
OG0019088		
OG0019089		
OG0019090		
OG0019091		
OG0019092		
OG0019093		
OG0019094		
OG0019095		
OG0019096		
OG0019097		
OG0019098		
OG0019099		
OG0019100		
OG0019101		
OG0019102		
OG0019103		
OG0019104		
OG0019105		
OG0019106		
OG0019107		
OG0019108		
OG0019109		
OG0019110		
OG0019111		
OG0019112		
OG0019113		
OG0019114		
OG0019115		
OG0019116		
OG0019117		
OG0019118		
OG0019119		
OG0019120		
OG0019121		
OG0019122		
OG0019123		
OG0019124		
OG0019125		
OG0019126		
OG0019127		
OG0019128		
OG0019129		
OG0019130		
OG0019131		
OG0019132		
OG0019133		
OG0019134		
OG0019135		
OG0019136		
OG0019137		
OG0019138		
OG0019139		
OG0019140		
OG0019141		
OG0019142		
OG0019143		
OG0019144		
OG0019145		
OG0019146		
OG0019147		
OG0019148		
OG0019149		
OG0019150		
OG0019151		
OG0019152		
OG0019153		
OG0019154		
OG0019155		
OG0019156		
OG0019157		
OG0019158		
OG0019159		
OG0019160		
OG0019161		
OG0019162		
OG0019163		
OG0019164		
OG0019165		
OG0019166		
OG0019167		
OG0019168		
OG0019169		
OG0019170		
OG0019171		
OG0019172		
OG0019173		
OG0019174		
OG0019175		
OG0019176		
OG0019177		
OG0019178		
OG0019179		
OG0019180		
OG0019181		
OG0019182		
OG0019183		
OG0019184		
OG0019185		
OG0019186		
OG0019187		
OG0019188		
OG0019189		
OG0019190		
OG0019191		
OG0019192		
OG0019193		
OG0019194		
OG0019195		
OG0019196		
OG0019197		
OG0019198		
OG0019199		
OG0019200		
OG0019201		
OG0019202		
OG0019203		
OG0019204		
OG0019205		
OG0019206		
OG0019207		
OG0019208		
OG0019209		
OG0019210		
OG0019211		
OG0019212		
OG0019213		
OG0019214		
OG0019215		
OG0019216		
OG0019217		
OG0019218		
OG0019219		
OG0019220		
OG0019221		
OG0019222		
OG0019223		
OG0019224		
OG0019225		
OG0019226		
OG0019227		
OG0019228		
OG0019229		
OG0019230		
OG0019231		
OG0019232		
OG0019233		
OG0019234		
OG0019235		
OG0019236		
OG0019237		
OG0019238		
OG0019239		
OG0019240		
OG0019241		
OG0019242		
OG0019243		
OG0019244		
OG0019245		
OG0019246		
OG0019247		
OG0019248		
OG0019249		
OG0019250		
OG0019251		
OG0019252		
OG0019253		
OG0019254		
OG0019255		
OG0019256		
OG0019257		
OG0019258		
OG0019259		
OG0019260		
OG0019261		
OG0019262		
OG0019263		
OG0019264		
OG0019265		
OG0019266		
OG0019267		
OG0019268		
OG0019269		
OG0019270		
OG0019271		
OG0019272		
OG0019273		
OG0019274		
OG0019275		
OG0019276		
OG0019277		
OG0019278		
OG0019279		
OG0019280		
OG0019281		
OG0019282		
OG0019283		
OG0019284		
OG0019285		
OG0019286		
OG0019287		
OG0019288		
OG0019289		
OG0019290		
OG0019291		
OG0019292		
OG0019293		
OG0019294		
OG0019295		
OG0019296		
OG0019297		
OG0019298		
OG0019299		
OG0019300		
OG0019301		
OG0019302		
OG0019303		
OG0019304		
OG0019305		
OG0019306		
OG0019307		
OG0019308		
OG0019309		
OG0019310		
OG0019311		
OG0019312		
OG0019313		
OG0019314		
OG0019315		
OG0019316		
OG0019317		
OG0019318		
OG0019319		
OG0019320		
OG0019321		
OG0019322		
OG0019323		
OG0019324		
OG0019325		
OG0019326		
OG0019327		
OG0019328		
OG0019329		
OG0019330		
OG0019331		
OG0019332		
OG0019333		
OG0019334		
OG0019335		
OG0019336		
OG0019337		
OG0019338		
OG0019339		
OG0019340		
OG0019341		
OG0019342		
OG0019343		
OG0019344		
OG0019345		
OG0019346		
OG0019347		
OG0019348		
OG0019349		
OG0019350		
OG0019351		
OG0019352		
OG0019353		
OG0019354		
OG0019355		
OG0019356		
OG0019357		
OG0019358		
OG0019359		
OG0019360		
OG0019361		
OG0019362		
OG0019363		
OG0019364		
OG0019365		
OG0019366		
OG0019367		
OG0019368		
OG0019369		
OG0019370		
OG0019371		
OG0019372		
OG0019373		
OG0019374		
OG0019375		
OG0019376		
OG0019377		
OG0019378		
OG0019379		
OG0019380		
OG0019381		
OG0019382		
OG0019383		
OG0019384		
OG0019385		
OG0019386		
OG0019387		
OG0019388		
OG0019389		
OG0019390		
OG0019391		
OG0019392		
OG0019393		
OG0019394		
OG0019395		
OG0019396		
OG0019397		
OG0019398		
OG0019399		
OG0019400		
OG0019401		
OG0019402		
OG0019403		
OG0019404		
OG0019405		
OG0019406		
OG0019407		
OG0019408		
OG0019409		
OG0019410		
OG0019411		
OG0019412		
OG0019413		
OG0019414		
OG0019415		
OG0019416		
OG0019417		
OG0019418		
OG0019419		
OG0019420		
OG0019421		
OG0019422		
OG0019423		
OG0019424		
OG0019425		
OG0019426		
OG0019427		
OG0019428		
OG0019429		
OG0019430		
OG0019431		
OG0019432		
OG0019433		
OG0019434		
OG0019435		
OG0019436		
OG0019437		
OG0019438		
OG0019439		
OG0019440		
OG0019441		
OG0019442		
OG0019443		
OG0019444		
OG0019445		
OG0019446		
OG0019447	ostta06g02310	
OG0019448		
OG0019449		
OG0019450		
OG0019451		
OG0019452		
OG0019453		
OG0019454		
OG0019455		
OG0019456		
OG0019457		
OG0019458		
OG0019459		
OG0019460		
OG0019461		
OG0019462		
OG0019463		
OG0019464		
OG0019465		
OG0019466		
OG0019467		
OG0019468		
OG0019469		
OG0019470		
OG0019471		
OG0019472	ostta03g00010, ostta04g01845, ostta04g02420, ostta04g02450	
OG0019473		
OG0019474		
OG0019475		
OG0019476		
OG0019477		
OG0019478		
OG0019479		
OG0019480		
OG0019481		
OG0019482	ostta01g03610, ostta04g03390, ostta20g00610	
OG0019483		
OG0019484	ostta08g02330, ostta09g03420, ostta11g02760, ostta14g01720, ostta15g00700	
OG0019485		
OG0019486		
OG0019487	ostta07g01460	
OG0019488		
OG0019489		
OG0019490		
OG0019491		
OG0019492		
OG0019493		
OG0019494		
OG0019495		
OG0019496		
OG0019497		
OG0019498		
OG0019499		
OG0019500		
OG0019501		
OG0019502		
OG0019503		
OG0019504		
OG0019505		
OG0019506		
OG0019507		
OG0019508		
OG0019509		
OG0019510		
OG0019511		
OG0019512		
OG0019513		
OG0019514		
OG0019515		
OG0019516		
OG0019517		
OG0019518		
OG0019519		
OG0019520		
OG0019521		
OG0019522		
OG0019523		
OG0019524		
OG0019525		
OG0019526		
OG0019527		
OG0019528		
OG0019529		
OG0019530		
OG0019531		
OG0019532		
OG0019533		
OG0019534		
OG0019535		
OG0019536		
OG0019537		
OG0019538		
OG0019539		
OG0019540		
OG0019541		
OG0019542		
OG0019543		
OG0019544		
OG0019545		
OG0019546		
OG0019547		
OG0019548		
OG0019549		
OG0019550		
OG0019551		
OG0019552		
OG0019553		
OG0019554		
OG0019555		
OG0019556		
OG0019557		
OG0019558		
OG0019559		
OG0019560		
OG0019561		
OG0019562		
OG0019563		
OG0019564		
OG0019565		
OG0019566		
OG0019567		
OG0019568		
OG0019569		
OG0019570		
OG0019571		
OG0019572		
OG0019573		
OG0019574		
OG0019575		
OG0019576		
OG0019577		
OG0019578		
OG0019579		
OG0019580		
OG0019581	ostta02g00450, ostta02g01500, ostta11g01780, ostta16g02510, ostta19g00430, ostta19g00570	
OG0019582	ostta03g04270, ostta04g05570, ostta06g00270, ostta13g00980, ostta14g01140, ostta20g00970	
OG0019583	ostta02g00040	
OG0019584		
OG0019585		
OG0019586		
OG0019587		
OG0019588		
OG0019589		
OG0019590		
OG0019591		
OG0019592		
OG0019593		
OG0019594		
OG0019595		
OG0019596		
OG0019597		
OG0019598		
OG0019599		
OG0019600		
OG0019601		
OG0019602		
OG0019603		
OG0019604		
OG0019605		
OG0019606		
OG0019607		
OG0019608		
OG0019609		
OG0019610		
OG0019611		
OG0019612		
OG0019613		
OG0019614		
OG0019615		
OG0019616		
OG0019617		
OG0019618		
OG0019619		
OG0019620		
OG0019621		
OG0019622		
OG0019623		
OG0019624		
OG0019625		
OG0019626		
OG0019627		
OG0019628		
OG0019629		
OG0019630		
OG0019631		
OG0019632		
OG0019633		
OG0019634		
OG0019635		
OG0019636		
OG0019637		
OG0019638		
OG0019639		
OG0019640		
OG0019641		
OG0019642		
OG0019643		
OG0019644		
OG0019645		
OG0019646		
OG0019647		
OG0019648		
OG0019649		
OG0019650		
OG0019651		
OG0019652		
OG0019653		
OG0019654		
OG0019655		
OG0019656		
OG0019657		
OG0019658		
OG0019659		
OG0019660		
OG0019661		
OG0019662		
OG0019663		
OG0019664		
OG0019665		
OG0019666		
OG0019667		
OG0019668		
OG0019669		
OG0019670		
OG0019671		
OG0019672		
OG0019673		
OG0019674		
OG0019675		
OG0019676		
OG0019677		
OG0019678		
OG0019679		
OG0019680		
OG0019681		
OG0019682		
OG0019683		
OG0019684		
OG0019685		
OG0019686		
OG0019687		
OG0019688		
OG0019689		
OG0019690		
OG0019691		
OG0019692		
OG0019693		
OG0019694		
OG0019695		
OG0019696		
OG0019697		
OG0019698		
OG0019699		
OG0019700		
OG0019701		
OG0019702		
OG0019703		
OG0019704		
OG0019705		
OG0019706		
OG0019707		
OG0019708		
OG0019709		
OG0019710		
OG0019711		
OG0019712		
OG0019713		
OG0019714		
OG0019715		
OG0019716		
OG0019717		
OG0019718		
OG0019719		
OG0019720		
OG0019721		
OG0019722		
OG0019723		
OG0019724		
OG0019725		
OG0019726		
OG0019727		
OG0019728		
OG0019729		
OG0019730		
OG0019731		
OG0019732		
OG0019733		
OG0019734		
OG0019735		
OG0019736		
OG0019737		
OG0019738		
OG0019739		
OG0019740		
OG0019741		
OG0019742		
OG0019743		
OG0019744		
OG0019745		
OG0019746		
OG0019747		
OG0019748		
OG0019749		
OG0019750		
OG0019751		
OG0019752		
OG0019753		
OG0019754		
OG0019755		
OG0019756		
OG0019757		
OG0019758		
OG0019759		
OG0019760		
OG0019761		
OG0019762		
OG0019763		
OG0019764		
OG0019765		
OG0019766		
OG0019767		
OG0019768		
OG0019769		
OG0019770		
OG0019771		
OG0019772		
OG0019773		
OG0019774		
OG0019775		
OG0019776		
OG0019777		
OG0019778		
OG0019779		
OG0019780		
OG0019781		
OG0019782		
OG0019783		
OG0019784		
OG0019785		
OG0019786		
OG0019787		
OG0019788		
OG0019789		
OG0019790		
OG0019791		
OG0019792		
OG0019793		
OG0019794		
OG0019795		
OG0019796		
OG0019797		
OG0019798		
OG0019799		
OG0019800		
OG0019801		
OG0019802		
OG0019803		
OG0019804		
OG0019805		
OG0019806		
OG0019807		
OG0019808		
OG0019809		
OG0019810		
OG0019811		
OG0019812		
OG0019813		
OG0019814		
OG0019815		
OG0019816		
OG0019817		
OG0019818		
OG0019819		
OG0019820		
OG0019821		
OG0019822		
OG0019823		
OG0019824		
OG0019825		
OG0019826		
OG0019827		
OG0019828		
OG0019829		
OG0019830		
OG0019831		
OG0019832		
OG0019833		
OG0019834		
OG0019835		
OG0019836		
OG0019837		
OG0019838		
OG0019839		
OG0019840		
OG0019841		
OG0019842		
OG0019843		
OG0019844		
OG0019845		
OG0019846		
OG0019847		
OG0019848		
OG0019849		
OG0019850		
OG0019851		
OG0019852		
OG0019853		
OG0019854		
OG0019855		
OG0019856		
OG0019857		
OG0019858		
OG0019859		
OG0019860		
OG0019861		
OG0019862		
OG0019863		
OG0019864		
OG0019865		
OG0019866		
OG0019867		
OG0019868		
OG0019869		
OG0019870		
OG0019871		
OG0019872		
OG0019873		
OG0019874		
OG0019875		
OG0019876		
OG0019877		
OG0019878		
OG0019879		
OG0019880		
OG0019881		
OG0019882		
OG0019883		
OG0019884		
OG0019885		
OG0019886		
OG0019887		
OG0019888		
OG0019889		
OG0019890		
OG0019891		
OG0019892		
OG0019893		
OG0019894		
OG0019895		
OG0019896		
OG0019897		
OG0019898		
OG0019899		
OG0019900		
OG0019901		
OG0019902		
OG0019903		
OG0019904		
OG0019905		
OG0019906		
OG0019907		
OG0019908		
OG0019909		
OG0019910		
OG0019911		
OG0019912		
OG0019913		
OG0019914		
OG0019915		
OG0019916		
OG0019917		
OG0019918		
OG0019919		
OG0019920		
OG0019921		
OG0019922		
OG0019923		
OG0019924		
OG0019925		
OG0019926		
OG0019927		
OG0019928		
OG0019929		
OG0019930		
OG0019931		
OG0019932		
OG0019933		
OG0019934		
OG0019935		
OG0019936		
OG0019937		
OG0019938		
OG0019939		
OG0019940		
OG0019941		
OG0019942		
OG0019943		
OG0019944		
OG0019945		
OG0019946		
OG0019947		
OG0019948		
OG0019949		
OG0019950		
OG0019951		
OG0019952		
OG0019953		
OG0019954		
OG0019955		
OG0019956		
OG0019957		
OG0019958		
OG0019959		
OG0019960		
OG0019961		
OG0019962		
OG0019963		
OG0019964		
OG0019965		
OG0019966		
OG0019967		
OG0019968		
OG0019969		
OG0019970		
OG0019971		
OG0019972		
OG0019973		
OG0019974		
OG0019975		
OG0019976		
OG0019977		
OG0019978		
OG0019979		
OG0019980		
OG0019981		
OG0019982		
OG0019983		
OG0019984		
OG0019985		
OG0019986		
OG0019987		
OG0019988		
OG0019989		
OG0019990		
OG0019991		
OG0019992		
OG0019993		
OG0019994		
OG0019995		
OG0019996		
OG0019997		
OG0019998		
OG0019999		
OG0020000		
OG0020001		
OG0020002		
OG0020003		
OG0020004		
OG0020005		
OG0020006		
OG0020007		
OG0020008		
OG0020009		
OG0020010		
OG0020011		
OG0020012		
OG0020013		
OG0020014		
OG0020015		
OG0020016		
OG0020017		
OG0020018		
OG0020019		
OG0020020		
OG0020021		
OG0020022		
OG0020023		
OG0020024		
OG0020025		
OG0020026		
OG0020027		
OG0020028		
OG0020029		
OG0020030		
OG0020031		
OG0020032		
OG0020033		
OG0020034		
OG0020035		
OG0020036		
OG0020037		
OG0020038		
OG0020039		
OG0020040		
OG0020041		
OG0020042		
OG0020043		
OG0020044		
OG0020045		
OG0020046		
OG0020047		
OG0020048		
OG0020049		
OG0020050		
OG0020051		
OG0020052		
OG0020053		
OG0020054		
OG0020055		
OG0020056		
OG0020057		
OG0020058		
OG0020059		
OG0020060		
OG0020061		
OG0020062		
OG0020063		AT3G27420, AT5G40600
OG0020064		
OG0020065		
OG0020066		
OG0020067		
OG0020068		
OG0020069		
OG0020070		
OG0020071		
OG0020072		
OG0020073		
OG0020074		
OG0020075		
OG0020076		
OG0020077		
OG0020078		
OG0020079		
OG0020080		
OG0020081		
OG0020082		
OG0020083		
OG0020084		
OG0020085		
OG0020086		
OG0020087		
OG0020088		
OG0020089		
OG0020090		
OG0020091		
OG0020092		
OG0020093		
OG0020094		
OG0020095		
OG0020096		
OG0020097		
OG0020098		
OG0020099		
OG0020100		
OG0020101		
OG0020102		
OG0020103		
OG0020104		
OG0020105		
OG0020106		
OG0020107		
OG0020108		
OG0020109		
OG0020110		
OG0020111		
OG0020112		
OG0020113		
OG0020114		
OG0020115		
OG0020116		
OG0020117		
OG0020118		
OG0020119		
OG0020120		
OG0020121		
OG0020122		
OG0020123		
OG0020124		
OG0020125		
OG0020126		
OG0020127		
OG0020128		
OG0020129		
OG0020130		
OG0020131		
OG0020132		
OG0020133		
OG0020134		
OG0020135		
OG0020136		
OG0020137		
OG0020138		
OG0020139		
OG0020140		
OG0020141		
OG0020142		
OG0020143		
OG0020144		
OG0020145		
OG0020146		
OG0020147		
OG0020148		
OG0020149		
OG0020150		
OG0020151		
OG0020152		
OG0020153		
OG0020154		
OG0020155		
OG0020156		
OG0020157		
OG0020158		
OG0020159		
OG0020160		
OG0020161		
OG0020162		
OG0020163		
OG0020164		
OG0020165		
OG0020166		
OG0020167		
OG0020168		
OG0020169		
OG0020170		
OG0020171		
OG0020172		
OG0020173		
OG0020174		
OG0020175		
OG0020176		
OG0020177		
OG0020178		
OG0020179		
OG0020180		
OG0020181		
OG0020182		
OG0020183		
OG0020184		
OG0020185		
OG0020186		
OG0020187		AT1G20600, AT4G03160, AT4G03170
OG0020188		
OG0020189		
OG0020190		
OG0020191		
OG0020192		
OG0020193		
OG0020194		
OG0020195		
OG0020196		
OG0020197		
OG0020198		
OG0020199		
OG0020200		
OG0020201		
OG0020202		
OG0020203		
OG0020204		
OG0020205		
OG0020206		
OG0020207		
OG0020208		
OG0020209		
OG0020210		
OG0020211		
OG0020212		
OG0020213		
OG0020214		
OG0020215		
OG0020216		
OG0020217		
OG0020218		AT2G07777, ATMG00040, ATMG01090
OG0020219		
OG0020220		
OG0020221		
OG0020222		
OG0020223		
OG0020224		
OG0020225		
OG0020226		
OG0020227		
OG0020228		
OG0020229		
OG0020230		
OG0020231		
OG0020232		
OG0020233		
OG0020234		
OG0020235		
OG0020236		
OG0020237		
OG0020238		
OG0020239		
OG0020240		
OG0020241		
OG0020242		
OG0020243		
OG0020244		
OG0020245		
OG0020246		
OG0020247		
OG0020248		
OG0020249		
OG0020250		
OG0020251		
OG0020252		
OG0020253		
OG0020254		
OG0020255		
OG0020256		
OG0020257		
OG0020258		
OG0020259		
OG0020260		
OG0020261		
OG0020262		
OG0020263		
OG0020264		
OG0020265		
OG0020266		
OG0020267		
OG0020268		
OG0020269		
OG0020270		
OG0020271		
OG0020272		
OG0020273		
OG0020274		
OG0020275		
OG0020276		
OG0020277		
OG0020278		
OG0020279		
OG0020280		
OG0020281		
OG0020282		AT1G49205, AT3G18775
OG0020283		
OG0020284		
OG0020285		
OG0020286		
OG0020287		
OG0020288		
OG0020289		
OG0020290		
OG0020291		
OG0020292		
OG0020293		
OG0020294		
OG0020295		
OG0020296		
OG0020297		
OG0020298		
OG0020299		
OG0020300		
OG0020301		
OG0020302		
OG0020303		
OG0020304		
OG0020305		
OG0020306		
OG0020307		
OG0020308		
OG0020309		
OG0020310		
OG0020311		
OG0020312		AT4G05230
OG0020313		
OG0020314		
OG0020315		
OG0020316		
OG0020317		
OG0020318		
OG0020319		
OG0020320		
OG0020321		
OG0020322		
OG0020323		
OG0020324		
OG0020325		
OG0020326		
OG0020327		
OG0020328		
OG0020329		
OG0020330		
OG0020331		
OG0020332		
OG0020333		
OG0020334		
OG0020335		
OG0020336		
OG0020337		
OG0020338		
OG0020339		
OG0020340		
OG0020341		
OG0020342		
OG0020343		
OG0020344		
OG0020345		
OG0020346		
OG0020347		
OG0020348		
OG0020349		
OG0020350		
OG0020351		
OG0020352		
OG0020353		
OG0020354		
OG0020355		
OG0020356		
OG0020357		
OG0020358		
OG0020359		
OG0020360		
OG0020361		
OG0020362		
OG0020363		
OG0020364		
OG0020365		
OG0020366		
OG0020367		
OG0020368		
OG0020369		
OG0020370		
OG0020371		
OG0020372		
OG0020373		
OG0020374		
OG0020375		
OG0020376		
OG0020377		
OG0020378		
OG0020379		
OG0020380		
OG0020381		
OG0020382		
OG0020383		
OG0020384		
OG0020385		
OG0020386		
OG0020387		
OG0020388		AT1G21500
OG0020389		
OG0020390		
OG0020391		
OG0020392		
OG0020393		
OG0020394		
OG0020395		
OG0020396		
OG0020397		
OG0020398		
OG0020399		
OG0020400		
OG0020401		
OG0020402		
OG0020403		
OG0020404		
OG0020405		
OG0020406		
OG0020407		
OG0020408		
OG0020409		
OG0020410		
OG0020411		
OG0020412		
OG0020413		
OG0020414		
OG0020415		
OG0020416		
OG0020417		
OG0020418		
OG0020419		
OG0020420		
OG0020421		
OG0020422		
OG0020423		
OG0020424		
OG0020425		
OG0020426		
OG0020427		
OG0020428		
OG0020429		
OG0020430		
OG0020431		
OG0020432		
OG0020433		
OG0020434		
OG0020435		
OG0020436		
OG0020437		
OG0020438		
OG0020439		
OG0020440		
OG0020441		
OG0020442		
OG0020443		
OG0020444		
OG0020445		
OG0020446		
OG0020447		
OG0020448		
OG0020449		
OG0020450		
OG0020451		
OG0020452		
OG0020453		
OG0020454		
OG0020455		
OG0020456		
OG0020457		
OG0020458		
OG0020459		
OG0020460		
OG0020461		
OG0020462		
OG0020463		
OG0020464		
OG0020465		
OG0020466		
OG0020467		
OG0020468		
OG0020469		
OG0020470		
OG0020471		
OG0020472		
OG0020473		
OG0020474		
OG0020475		
OG0020476		
OG0020477		
OG0020478		
OG0020479		
OG0020480		
OG0020481		
OG0020482		
OG0020483		
OG0020484		
OG0020485		
OG0020486		
OG0020487		
OG0020488		
OG0020489		
OG0020490		
OG0020491		
OG0020492		
OG0020493		
OG0020494		
OG0020495		
OG0020496		
OG0020497		
OG0020498		
OG0020499		
OG0020500		
OG0020501		
OG0020502		
OG0020503		
OG0020504		
OG0020505		
OG0020506		
OG0020507		
OG0020508		
OG0020509		
OG0020510		
OG0020511		
OG0020512		
OG0020513		
OG0020514		
OG0020515		
OG0020516		
OG0020517		
OG0020518		
OG0020519		
OG0020520		
OG0020521		
OG0020522		
OG0020523		
OG0020524		
OG0020525		
OG0020526		
OG0020527		
OG0020528		
OG0020529		
OG0020530		
OG0020531		
OG0020532		
OG0020533	ostta05g04260	
OG0020534		
OG0020535		
OG0020536		
OG0020537		
OG0020538		
OG0020539		
OG0020540		
OG0020541		
OG0020542		
OG0020543		
OG0020544		
OG0020545		
OG0020546		
OG0020547		
OG0020548		
OG0020549		AT2G34580
OG0020550		
OG0020551		
OG0020552		
OG0020553		AT1G01453, AT2G30505, AT2G46300, AT4G01110
OG0020554		AT1G02220, AT1G02230, AT1G02250, AT3G04410, AT3G04420
OG0020555		AT1G02405, AT1G23040, AT1G70990
OG0020556		AT1G03720, AT4G03580, AT5G17080, AT5G17130, AT5G17140
OG0020557		AT1G08985, AT1G43171, AT1G50220, AT2G21920, AT5G54067
OG0020558		AT1G09360, AT1G09370, AT1G56620, AT3G49330, AT5G24370
OG0020559		AT1G10455, AT1G51970, AT3G28853
OG0020560		AT1G10770, AT1G23350, AT1G60760, AT1G70540, AT3G36659
OG0020561		AT1G14800, AT1G36030, AT2G35280, AT3G30430, AT5G17167
OG0020562		AT1G15800, AT1G80610, AT4G32030, AT5G25210
OG0020563		AT1G22470, AT1G35210, AT1G72240
OG0020564		AT1G22885, AT1G22890, AT5G36907, AT5G44568, AT5G44570
OG0020565		AT1G23710, AT1G70420
OG0020566		AT1G25370, AT1G68340
OG0020567		AT1G26590, AT1G26610
OG0020568		AT1G28450, AT1G28460, AT1G29962, AT1G54760, AT3G04100
OG0020569		AT1G30860, AT2G34920, AT4G20160, AT5G44690
OG0020570		AT1G31140, AT1G31150, AT1G36970, AT3G31560, AT4G05555
OG0020571		AT1G33220, AT5G20330, AT5G20340, AT5G20390, AT5G20560
OG0020572		AT1G36675, AT2G10975, AT3G29637, AT3G29645, AT5G33390
OG0020573		AT1G45100, AT3G10845, AT3G48835, AT3G48840, AT5G41690
OG0020574		AT1G47317, AT2G04045, AT2G04046, AT2G21465, AT2G25185
OG0020575		AT1G48020, AT3G17220
OG0020576		AT1G49920, AT1G64253, AT1G64255, AT1G64260
OG0020577		AT1G50760
OG0020578		AT1G52680, AT4G13560
OG0020579		AT1G56400, AT2G17305, AT3G29830, AT3G62230, AT5G54820
OG0020580		AT1G60787, AT2G21810, AT2G21830, AT2G21840, AT2G21850
OG0020581		AT1G62000, AT1G62060, AT1G62080, AT1G62220, AT1G62225
OG0020582		AT1G68325
OG0020583		AT1G70030
OG0020584		AT2G01740
OG0020585		AT2G02490, AT2G02498, AT2G02515, AT2G02525, AT2G19802
OG0020586		AT2G02835, AT2G02840, AT2G06904, AT2G06906, AT2G09840
OG0020587		AT2G04795, AT5G35732
OG0020588		AT2G07629, ATMG00670, ATMG00690, ATMG01020, ATMG01200
OG0020589		AT2G07722, ATMG00170, ATMG00620
OG0020590		AT2G11620, AT2G11623, AT2G29605, AT2G29850, AT3G45800
OG0020591		AT2G14775, AT2G14800, AT2G40955, AT3G44713, AT4G15096
OG0020592		AT2G14935, AT3G04943, AT3G04945, AT3G23165, AT3G23167
OG0020593		AT2G15345, AT3G05741, AT3G17225, AT3G17227, AT3G17230
OG0020594		AT2G15740, AT2G18490, AT4G26030, AT5G22990, AT5G42640
OG0020595		AT2G16592, AT2G16594, AT3G11825, AT3G12545, AT3G59455
OG0020596		AT2G18200, AT2G18210, AT3G50900, AT4G36500, AT5G66490
OG0020597		AT2G19220, AT3G11290, AT3G11300, AT3G11310, AT5G05800
OG0020598		AT2G27775
OG0020599		AT2G28010, AT2G28030, AT2G28040, AT2G28220, AT2G28225
OG0020600		AT2G28050, AT2G32630
OG0020601		AT3G06750, AT5G49280
OG0020602		AT3G13275
OG0020603		AT3G15860, AT3G44170, AT5G11830, AT5G26090, AT5G26100
OG0020604		AT3G16680
OG0020605		AT3G20850, AT5G19800, AT5G19810, AT5G26070, AT5G26080
OG0020606		AT3G28455
OG0020607		AT3G31950, AT4G06479, AT4G06526, AT5G29070, AT5G34870
OG0020608		AT3G42725
OG0020609		AT3G50450, AT3G50460, AT3G50470, AT3G50480
OG0020610		AT3G54070, AT5G35830
OG0020611		AT3G55210, AT3G56530, AT3G56560, AT5G39540, AT5G39690
OG0020612		AT3G57460
OG0020613		AT3G60960, AT3G60980, AT3G61723, AT5G28340, AT5G28380
OG0020614		AT4G04490, AT4G04500, AT4G04510, AT4G04540, AT4G04570
OG0020615		AT4G15710, AT4G15715, AT5G56910, AT5G56920, AT5G56990
OG0020616		AT4G21780
OG0020617		AT4G22870
OG0020618		AT4G27140, AT4G27150, AT4G27160, AT4G27170, AT5G54740
OG0020619		AT4G30070, AT4G30074, AT5G38317, AT5G38330, AT5G42242
OG0020620		AT4G31910
OG0020621		AT5G03970
OG0020622		AT5G08770
OG0020623		AT5G13590
OG0020624		AT5G18710, AT5G18720, AT5G18730, AT5G18740
OG0020625		AT5G22210
OG0020626		AT5G24155
OG0020627		AT5G46080
OG0020628		AT5G50990
OG0020629		AT5G66440
OG0020630		
OG0020631		
OG0020632		
OG0020633		
OG0020634		
OG0020635		
OG0020636		
OG0020637		
OG0020638		
OG0020639		
OG0020640		
OG0020641		
OG0020642		
OG0020643		
OG0020644		
OG0020645		
OG0020646		
OG0020647		
OG0020648		
OG0020649		
OG0020650		
OG0020651		
OG0020652		
OG0020653		
OG0020654		
OG0020655		
OG0020656		
OG0020657		
OG0020658		
OG0020659		
OG0020660		
OG0020661		
OG0020662		
OG0020663		
OG0020664		
OG0020665		
OG0020666		
OG0020667		
OG0020668		
OG0020669		
OG0020670		
OG0020671		
OG0020672		
OG0020673		
OG0020674		
OG0020675		
OG0020676		
OG0020677		
OG0020678		
OG0020679		
OG0020680		
OG0020681		
OG0020682		
OG0020683		
OG0020684		
OG0020685		
OG0020686		
OG0020687		
OG0020688		
OG0020689	ostta05g04020	
OG0020690		
OG0020691		
OG0020692		
OG0020693		
OG0020694		
OG0020695		
OG0020696		
OG0020697	ostta14g03030, ostta17g01960, ostta18g01180	
OG0020698	ostta06g03360	
OG0020699	ostta01g04640, ostta11g01040	
OG0020700	ostta01g04420	
OG0020701	ostta08g02150	
OG0020702	ostta08g02390	
OG0020703	ostta01g01060	
OG0020704	ostta12g01190	
OG0020705	ostta10g00060	
OG0020706	ostta10g03160, ostta11g01330	
OG0020707		
OG0020708	ostta07g01490	
OG0020709	ostta07g01450	
OG0020710	ostta07g01100	
OG0020711	ostta12g02310	
OG0020712	ostta05g00160	
OG0020713	ostta05g00100, ostta10g02580	
OG0020714	ostta05g00530	
OG0020715	ostta04g01010	
OG0020716	ostta05g03070	
OG0020717		
OG0020718		
OG0020719	ostta01g03310, ostta05g04210	
OG0020720	ostta08g00760, ostta09g03750	
OG0020721	ostta13g02865	
OG0020722	ostta05g00320	
OG0020723		
OG0020724	ostta06g03790	
OG0020725	ostta06g04510	
OG0020726	ostta14g00060	
OG0020727	ostta02g03300	
OG0020728		
OG0020729	ostta04g01850, ostta04g02440	
OG0020730	ostta04g02220	
OG0020731	ostta03g05260	
OG0020732	ostta03g05170	
OG0020733	ostta12g02660	
OG0020734	ostta03g04460	
OG0020735	ostta05g04850	
OG0020736		
OG0020737	ostta15g02700	
OG0020738	ostta19g00310	
OG0020739		
OG0020740	ostta04g03120, ostta11g00190	
OG0020741	ostta04g03950	
OG0020742	ostta04g04420	
OG0020743	ostta11g02580	
OG0020744	ostta03g03420, ostta09g04340	
OG0020745	ostta04g00590	
OG0020746	ostta09g02760	
OG0020747	ostta09g00330	
OG0020748	ostta09g00140	
OG0020749		
OG0020750		
OG0020751	ostta10g03080	
OG0020752	ostta10g01080	
OG0020753	ostta02g03600, ostta19g00075, ostta19g00640	
OG0020754	ostta10g03510	
OG0020755	ostta02g02790	
OG0020756	ostta07g04550, ostta07g04560	
OG0020757	ostta02g05070	
OG0020758	ostta02g02730	
OG0020759	ostta02g00210	
OG0020760	ostta01g05300, ostta20g00170	
OG0020761	ostta01g06555	
OG0020762	ostta13g02820, ostta16g00350	
OG0020763		
OG0020764	ostta13g01040	
OG0020765	ostta10g03110, ostta13g01340	
OG0020766		
OG0020767		
OG0020768	ostta19g00070	
OG0020769		
OG0020770		
OG0020771		
OG0020772		
OG0020773		
OG0020774		
OG0020775		
OG0020776		
OG0020777		
OG0020778		
OG0020779		
OG0020780		
OG0020781		
OG0020782		
OG0020783		
OG0020784		
OG0020785		
OG0020786		
OG0020787		
OG0020788		
OG0020789		
OG0020790		
OG0020791		
OG0020792		
OG0020793		
OG0020794		
OG0020795		
OG0020796		
OG0020797		
OG0020798		
OG0020799		
OG0020800		
OG0020801		
OG0020802		
OG0020803		
OG0020804		
OG0020805		
OG0020806		
OG0020807		
OG0020808		
OG0020809		
OG0020810		
OG0020811		
OG0020812		
OG0020813		
OG0020814		
OG0020815		
OG0020816		
OG0020817		
OG0020818		
OG0020819		
OG0020820		
OG0020821		
OG0020822		
OG0020823		
OG0020824		
OG0020825		
OG0020826		
OG0020827		
OG0020828		
OG0020829		
OG0020830		
OG0020831		
OG0020832		
OG0020833		
OG0020834		
OG0020835		
OG0020836		
OG0020837		
OG0020838		
OG0020839		
OG0020840		
OG0020841		
OG0020842		
OG0020843		
OG0020844		
OG0020845		
OG0020846		
OG0020847		
OG0020848		
OG0020849		
OG0020850		
OG0020851		
OG0020852		
OG0020853		
OG0020854		
OG0020855		
OG0020856		
OG0020857		
OG0020858		
OG0020859		
OG0020860		
OG0020861		
OG0020862		
OG0020863		
OG0020864		
OG0020865		
OG0020866		
OG0020867		
OG0020868		
OG0020869		
OG0020870		
OG0020871		
OG0020872		
OG0020873		
OG0020874		
OG0020875		
OG0020876		
OG0020877		
OG0020878		
OG0020879		
OG0020880		
OG0020881		
OG0020882		
OG0020883		
OG0020884		
OG0020885		
OG0020886		
OG0020887		
OG0020888		
OG0020889		
OG0020890		
OG0020891		
OG0020892		
OG0020893		
OG0020894		
OG0020895		
OG0020896		
OG0020897		
OG0020898		
OG0020899		
OG0020900		
OG0020901		
OG0020902		
OG0020903		
OG0020904		
OG0020905		
OG0020906		
OG0020907		
OG0020908		
OG0020909		
OG0020910		
OG0020911		
OG0020912		
OG0020913		
OG0020914		
OG0020915		
OG0020916		
OG0020917	ostta11g01570	
OG0020918		
OG0020919		
OG0020920		
OG0020921		
OG0020922		
OG0020923		
OG0020924		
OG0020925		
OG0020926		
OG0020927		
OG0020928		
OG0020929		
OG0020930		
OG0020931		
OG0020932		
OG0020933		
OG0020934		
OG0020935		
OG0020936		
OG0020937		
OG0020938		
OG0020939		
OG0020940		
OG0020941		
OG0020942		
OG0020943		
OG0020944		
OG0020945		
OG0020946		
OG0020947		
OG0020948		
OG0020949		
OG0020950		
OG0020951		
OG0020952		
OG0020953		
OG0020954		
OG0020955		
OG0020956		
OG0020957		
OG0020958		
OG0020959		
OG0020960		
OG0020961		
OG0020962		
OG0020963		
OG0020964		
OG0020965		
OG0020966		
OG0020967		
OG0020968		
OG0020969		
OG0020970		
OG0020971		
OG0020972		
OG0020973		
OG0020974		
OG0020975		
OG0020976		
OG0020977		
OG0020978		
OG0020979		
OG0020980		
OG0020981		
OG0020982		
OG0020983		
OG0020984		
OG0020985		
OG0020986		
OG0020987		
OG0020988		
OG0020989		
OG0020990		
OG0020991		
OG0020992		
OG0020993		
OG0020994		
OG0020995		
OG0020996		
OG0020997		
OG0020998		
OG0020999		
OG0021000		
OG0021001		
OG0021002		
OG0021003		
OG0021004		
OG0021005		
OG0021006		
OG0021007		
OG0021008		
OG0021009		
OG0021010		
OG0021011		
OG0021012		
OG0021013		
OG0021014		
OG0021015		
OG0021016		
OG0021017		
OG0021018		
OG0021019		
OG0021020		
OG0021021		
OG0021022		
OG0021023		
OG0021024		
OG0021025		
OG0021026		
OG0021027		
OG0021028		
OG0021029		
OG0021030		
OG0021031		
OG0021032		
OG0021033		
OG0021034		
OG0021035		
OG0021036		
OG0021037		
OG0021038		
OG0021039		
OG0021040		
OG0021041		
OG0021042		
OG0021043		
OG0021044		
OG0021045		
OG0021046		
OG0021047		
OG0021048		
OG0021049		
OG0021050		
OG0021051		
OG0021052		
OG0021053		
OG0021054		
OG0021055		
OG0021056		
OG0021057		
OG0021058		
OG0021059		
OG0021060		
OG0021061		
OG0021062		
OG0021063		
OG0021064		
OG0021065		
OG0021066		
OG0021067		
OG0021068		
OG0021069		
OG0021070		
OG0021071		
OG0021072		
OG0021073		
OG0021074		
OG0021075	ostta01g06440	
OG0021076		
OG0021077		
OG0021078		
OG0021079		
OG0021080		
OG0021081		
OG0021082		
OG0021083		
OG0021084		
OG0021085		
OG0021086		
OG0021087		
OG0021088		
OG0021089		
OG0021090		
OG0021091		
OG0021092		
OG0021093		
OG0021094		
OG0021095		
OG0021096		
OG0021097		
OG0021098		
OG0021099		
OG0021100		
OG0021101		
OG0021102		
OG0021103		
OG0021104		
OG0021105		
OG0021106		
OG0021107		
OG0021108		
OG0021109		
OG0021110		
OG0021111		
OG0021112		
OG0021113		
OG0021114		
OG0021115		
OG0021116		
OG0021117		
OG0021118		
OG0021119		
OG0021120		
OG0021121		
OG0021122		
OG0021123		
OG0021124		
OG0021125		
OG0021126		
OG0021127		
OG0021128		
OG0021129		
OG0021130		
OG0021131		
OG0021132		
OG0021133		
OG0021134		
OG0021135		
OG0021136		
OG0021137		
OG0021138		
OG0021139		
OG0021140		
OG0021141		
OG0021142		
OG0021143		
OG0021144		
OG0021145		
OG0021146		
OG0021147		
OG0021148		
OG0021149		
OG0021150		
OG0021151		
OG0021152		
OG0021153		
OG0021154		
OG0021155		
OG0021156		
OG0021157		
OG0021158		
OG0021159		
OG0021160		
OG0021161		
OG0021162		
OG0021163		
OG0021164		
OG0021165		
OG0021166		
OG0021167		
OG0021168		
OG0021169		
OG0021170		
OG0021171		
OG0021172		
OG0021173		
OG0021174		
OG0021175		
OG0021176		
OG0021177		
OG0021178		
OG0021179		
OG0021180		
OG0021181		
OG0021182		
OG0021183		
OG0021184		
OG0021185		
OG0021186		
OG0021187		
OG0021188		
OG0021189		
OG0021190		
OG0021191		
OG0021192		
OG0021193		
OG0021194		
OG0021195		
OG0021196		
OG0021197		
OG0021198		
OG0021199		
OG0021200		
OG0021201		
OG0021202		
OG0021203		
OG0021204		
OG0021205		
OG0021206		
OG0021207		
OG0021208		
OG0021209		
OG0021210		
OG0021211		
OG0021212		
OG0021213		
OG0021214		
OG0021215		
OG0021216		
OG0021217		
OG0021218		
OG0021219		
OG0021220		
OG0021221		
OG0021222		
OG0021223		
OG0021224		
OG0021225		
OG0021226		
OG0021227		
OG0021228		
OG0021229		
OG0021230		
OG0021231		
OG0021232		
OG0021233		
OG0021234		
OG0021235		
OG0021236		
OG0021237		
OG0021238		
OG0021239		
OG0021240		
OG0021241		
OG0021242		
OG0021243		
OG0021244		
OG0021245		
OG0021246		
OG0021247		
OG0021248		
OG0021249		
OG0021250		
OG0021251		
OG0021252		
OG0021253		
OG0021254		
OG0021255		
OG0021256	ostta04g00680	
OG0021257		
OG0021258		
OG0021259		
OG0021260		
OG0021261		
OG0021262		
OG0021263		
OG0021264		
OG0021265		
OG0021266		
OG0021267		
OG0021268		
OG0021269		
OG0021270		
OG0021271		
OG0021272		
OG0021273		
OG0021274		
OG0021275		
OG0021276		
OG0021277		
OG0021278		
OG0021279		
OG0021280		
OG0021281		
OG0021282		
OG0021283		
OG0021284		
OG0021285		
OG0021286		
OG0021287		
OG0021288		
OG0021289		
OG0021290		
OG0021291		
OG0021292		
OG0021293		
OG0021294		
OG0021295		
OG0021296		
OG0021297		
OG0021298		
OG0021299		
OG0021300		
OG0021301		
OG0021302		
OG0021303		
OG0021304		
OG0021305		
OG0021306		
OG0021307		
OG0021308		
OG0021309		
OG0021310		
OG0021311		
OG0021312		
OG0021313		
OG0021314		
OG0021315		
OG0021316		
OG0021317		
OG0021318		
OG0021319		
OG0021320		
OG0021321		
OG0021322		
OG0021323		
OG0021324		
OG0021325		
OG0021326		
OG0021327		
OG0021328		
OG0021329		
OG0021330		
OG0021331		
OG0021332		
OG0021333		
OG0021334		
OG0021335		
OG0021336		
OG0021337		
OG0021338		
OG0021339		
OG0021340		
OG0021341		
OG0021342		
OG0021343		
OG0021344		
OG0021345		
OG0021346		
OG0021347		
OG0021348		
OG0021349		
OG0021350		
OG0021351		
OG0021352		
OG0021353		
OG0021354		
OG0021355		
OG0021356		
OG0021357		
OG0021358		
OG0021359		
OG0021360		
OG0021361		
OG0021362		
OG0021363		
OG0021364		
OG0021365		
OG0021366		
OG0021367		
OG0021368		
OG0021369		
OG0021370		
OG0021371		
OG0021372		
OG0021373		
OG0021374		
OG0021375		
OG0021376		
OG0021377		
OG0021378		
OG0021379		
OG0021380		
OG0021381		
OG0021382		
OG0021383		
OG0021384		
OG0021385		
OG0021386		
OG0021387		
OG0021388		
OG0021389		
OG0021390		
OG0021391		
OG0021392		
OG0021393		
OG0021394		
OG0021395		
OG0021396		
OG0021397		
OG0021398		
OG0021399		
OG0021400		
OG0021401		
OG0021402		
OG0021403		
OG0021404		
OG0021405		
OG0021406		
OG0021407		
OG0021408		
OG0021409		
OG0021410		
OG0021411		
OG0021412		
OG0021413		
OG0021414		
OG0021415		
OG0021416		
OG0021417		
OG0021418		
OG0021419		
OG0021420		
OG0021421		
OG0021422		
OG0021423		
OG0021424		
OG0021425		
OG0021426		
OG0021427		
OG0021428		
OG0021429		
OG0021430		
OG0021431		
OG0021432		
OG0021433		
OG0021434		
OG0021435		
OG0021436		
OG0021437		
OG0021438		
OG0021439		
OG0021440		
OG0021441		
OG0021442		
OG0021443		
OG0021444		
OG0021445		
OG0021446		
OG0021447		
OG0021448		
OG0021449		
OG0021450		
OG0021451		
OG0021452		
OG0021453		
OG0021454		
OG0021455		
OG0021456		
OG0021457		
OG0021458		
OG0021459		
OG0021460		
OG0021461		
OG0021462		
OG0021463		
OG0021464		
OG0021465		
OG0021466		
OG0021467		
OG0021468		
OG0021469		
OG0021470		
OG0021471		
OG0021472		
OG0021473		
OG0021474		
OG0021475		
OG0021476		
OG0021477		
OG0021478		
OG0021479		
OG0021480		
OG0021481		
OG0021482		
OG0021483	ostta19g00480, ostta19g00500	
OG0021484		
OG0021485		
OG0021486		
OG0021487		
OG0021488		
OG0021489		
OG0021490		
OG0021491		
OG0021492		
OG0021493		
OG0021494		
OG0021495		
OG0021496		
OG0021497		
OG0021498		
OG0021499		
OG0021500		
OG0021501		
OG0021502		
OG0021503		
OG0021504		
OG0021505		
OG0021506		
OG0021507		
OG0021508		
OG0021509		
OG0021510		
OG0021511		
OG0021512		
OG0021513		
OG0021514		
OG0021515		
OG0021516		
OG0021517		
OG0021518		
OG0021519		
OG0021520		
OG0021521		
OG0021522		
OG0021523		
OG0021524		
OG0021525		
OG0021526		
OG0021527		
OG0021528		
OG0021529		
OG0021530		
OG0021531		
OG0021532		
OG0021533		
OG0021534		
OG0021535		
OG0021536		
OG0021537		
OG0021538		
OG0021539		
OG0021540		
OG0021541		
OG0021542		
OG0021543		
OG0021544		
OG0021545		
OG0021546		
OG0021547		
OG0021548		
OG0021549		
OG0021550		
OG0021551		
OG0021552		
OG0021553		
OG0021554		
OG0021555		
OG0021556		
OG0021557		
OG0021558		
OG0021559		
OG0021560		
OG0021561		
OG0021562		
OG0021563		
OG0021564		
OG0021565		
OG0021566		
OG0021567		
OG0021568		
OG0021569		
OG0021570		
OG0021571		
OG0021572		
OG0021573		
OG0021574		
OG0021575		
OG0021576		
OG0021577		
OG0021578		
OG0021579		
OG0021580		
OG0021581		
OG0021582		
OG0021583		
OG0021584		
OG0021585		
OG0021586		
OG0021587		
OG0021588		
OG0021589		
OG0021590		
OG0021591		
OG0021592		
OG0021593		
OG0021594		
OG0021595		
OG0021596		
OG0021597		
OG0021598		
OG0021599		
OG0021600		
OG0021601		
OG0021602		
OG0021603		
OG0021604		
OG0021605		
OG0021606		
OG0021607		
OG0021608		
OG0021609		
OG0021610		
OG0021611		
OG0021612		
OG0021613		
OG0021614		
OG0021615		
OG0021616		
OG0021617		
OG0021618		
OG0021619		
OG0021620		
OG0021621		
OG0021622		
OG0021623		
OG0021624		
OG0021625		
OG0021626		
OG0021627		
OG0021628		
OG0021629		
OG0021630		
OG0021631		
OG0021632		
OG0021633		
OG0021634		
OG0021635		
OG0021636		
OG0021637		
OG0021638		
OG0021639		
OG0021640		
OG0021641		
OG0021642		
OG0021643		
OG0021644		
OG0021645		
OG0021646		
OG0021647		
OG0021648		
OG0021649		
OG0021650		
OG0021651		
OG0021652		
OG0021653		
OG0021654		
OG0021655		
OG0021656		
OG0021657		
OG0021658		
OG0021659		
OG0021660		
OG0021661		
OG0021662		
OG0021663		
OG0021664		
OG0021665		
OG0021666		
OG0021667		
OG0021668		
OG0021669		
OG0021670		
OG0021671		
OG0021672		
OG0021673		
OG0021674		
OG0021675		
OG0021676		
OG0021677		
OG0021678		
OG0021679		
OG0021680		
OG0021681		
OG0021682		
OG0021683		
OG0021684		
OG0021685		
OG0021686		
OG0021687		
OG0021688		
OG0021689		
OG0021690		
OG0021691		
OG0021692		
OG0021693		
OG0021694		
OG0021695		
OG0021696		
OG0021697		
OG0021698		
OG0021699		
OG0021700		
OG0021701		
OG0021702		
OG0021703		
OG0021704		
OG0021705		
OG0021706		
OG0021707		
OG0021708		
OG0021709		
OG0021710		
OG0021711		
OG0021712		
OG0021713		
OG0021714		
OG0021715		
OG0021716		
OG0021717		
OG0021718		
OG0021719		
OG0021720		
OG0021721		
OG0021722		
OG0021723		
OG0021724		
OG0021725		
OG0021726		
OG0021727		
OG0021728		
OG0021729		
OG0021730		
OG0021731		
OG0021732		
OG0021733		
OG0021734		
OG0021735		
OG0021736		
OG0021737		
OG0021738		
OG0021739		
OG0021740		
OG0021741		
OG0021742		
OG0021743		
OG0021744	ostta19g00600	
OG0021745		
OG0021746		
OG0021747		
OG0021748		
OG0021749		
OG0021750		
OG0021751		
OG0021752		
OG0021753		
OG0021754		
OG0021755		
OG0021756		
OG0021757		
OG0021758		
OG0021759		
OG0021760		
OG0021761		
OG0021762		
OG0021763		
OG0021764		
OG0021765		
OG0021766		
OG0021767		
OG0021768		
OG0021769		
OG0021770		
OG0021771		
OG0021772		
OG0021773		
OG0021774		
OG0021775		
OG0021776		
OG0021777		
OG0021778		
OG0021779		
OG0021780		
OG0021781		
OG0021782		
OG0021783		
OG0021784		
OG0021785		
OG0021786		
OG0021787		
OG0021788		
OG0021789		
OG0021790		
OG0021791		
OG0021792		
OG0021793		
OG0021794		
OG0021795		
OG0021796		
OG0021797		
OG0021798		
OG0021799		
OG0021800		
OG0021801		
OG0021802		
OG0021803		
OG0021804		
OG0021805		
OG0021806		
OG0021807		
OG0021808		
OG0021809		
OG0021810		
OG0021811		
OG0021812		
OG0021813		
OG0021814		
OG0021815		
OG0021816		
OG0021817		
OG0021818		
OG0021819		
OG0021820		
OG0021821		
OG0021822		
OG0021823		
OG0021824		
OG0021825		
OG0021826		
OG0021827		
OG0021828		
OG0021829		
OG0021830		
OG0021831		
OG0021832		
OG0021833		
OG0021834		
OG0021835		
OG0021836		
OG0021837		
OG0021838		
OG0021839		
OG0021840		
OG0021841		
OG0021842		
OG0021843		
OG0021844		
OG0021845		
OG0021846		
OG0021847		
OG0021848		
OG0021849		
OG0021850		
OG0021851		
OG0021852		
OG0021853		
OG0021854		
OG0021855		
OG0021856		
OG0021857		
OG0021858		
OG0021859		
OG0021860		
OG0021861		
OG0021862		
OG0021863		
OG0021864		
OG0021865		
OG0021866		
OG0021867		
OG0021868		
OG0021869		
OG0021870		
OG0021871		
OG0021872		
OG0021873		
OG0021874		
OG0021875		
OG0021876		
OG0021877		
OG0021878		
OG0021879		
OG0021880		
OG0021881		
OG0021882		
OG0021883		
OG0021884	ostta02g00190	
OG0021885		
OG0021886		
OG0021887		
OG0021888		
OG0021889		
OG0021890		
OG0021891		
OG0021892		
OG0021893		
OG0021894		
OG0021895		
OG0021896		
OG0021897		
OG0021898		
OG0021899		
OG0021900		
OG0021901		
OG0021902	ostta03g05800	
OG0021903		
OG0021904		
OG0021905		
OG0021906		
OG0021907		
OG0021908		
OG0021909		
OG0021910		
OG0021911		
OG0021912		
OG0021913		
OG0021914		
OG0021915		
OG0021916		
OG0021917		
OG0021918		
OG0021919		
OG0021920		
OG0021921		
OG0021922		
OG0021923		
OG0021924		
OG0021925		
OG0021926		
OG0021927		
OG0021928		
OG0021929		
OG0021930		
OG0021931		
OG0021932		
OG0021933		
OG0021934		
OG0021935		
OG0021936		
OG0021937		
OG0021938		
OG0021939		
OG0021940		
OG0021941		
OG0021942		
OG0021943		
OG0021944		
OG0021945		
OG0021946		
OG0021947		
OG0021948		
OG0021949		
OG0021950		
OG0021951		
OG0021952		
OG0021953		
OG0021954		
OG0021955		
OG0021956		
OG0021957		
OG0021958		
OG0021959		
OG0021960		
OG0021961		
OG0021962		
OG0021963		
OG0021964		
OG0021965		
OG0021966		
OG0021967		
OG0021968		
OG0021969		
OG0021970		
OG0021971		
OG0021972		
OG0021973		
OG0021974		
OG0021975		
OG0021976		
OG0021977		
OG0021978		
OG0021979		
OG0021980		
OG0021981		
OG0021982		
OG0021983		
OG0021984		
OG0021985		
OG0021986		
OG0021987		
OG0021988		
OG0021989		
OG0021990		
OG0021991		
OG0021992		
OG0021993		
OG0021994		
OG0021995		
OG0021996		
OG0021997		
OG0021998		
OG0021999		
OG0022000		
OG0022001		
OG0022002		
OG0022003		
OG0022004		
OG0022005		
OG0022006		
OG0022007		
OG0022008		
OG0022009		
OG0022010		
OG0022011		
OG0022012		
OG0022013		
OG0022014		
OG0022015		
OG0022016		
OG0022017		
OG0022018		
OG0022019		
OG0022020		
OG0022021		
OG0022022		
OG0022023		
OG0022024		
OG0022025		
OG0022026		
OG0022027		
OG0022028		
OG0022029		
OG0022030		
OG0022031		
OG0022032		
OG0022033		
OG0022034		
OG0022035		
OG0022036		
OG0022037		
OG0022038		
OG0022039		
OG0022040		
OG0022041		
OG0022042		
OG0022043		
OG0022044		
OG0022045		
OG0022046		
OG0022047		
OG0022048		
OG0022049		
OG0022050		
OG0022051		
OG0022052		
OG0022053		
OG0022054		
OG0022055		
OG0022056		
OG0022057		
OG0022058		
OG0022059		
OG0022060		
OG0022061		
OG0022062		
OG0022063	ostta02g03850, ostta15g01490, ostta16g02700, ostta17g02330, ostta19g00290	
OG0022064	ostta07g01920, ostta19g00470	
OG0022065		
OG0022066		
OG0022067		
OG0022068		
OG0022069		
OG0022070		
OG0022071		
OG0022072		
OG0022073		
OG0022074		
OG0022075		
OG0022076		
OG0022077		
OG0022078		
OG0022079		
OG0022080		
OG0022081		
OG0022082		
OG0022083		
OG0022084		
OG0022085		
OG0022086		
OG0022087		
OG0022088		
OG0022089		
OG0022090		
OG0022091		
OG0022092		
OG0022093		
OG0022094		
OG0022095		
OG0022096		
OG0022097		
OG0022098		
OG0022099		
OG0022100		
OG0022101		
OG0022102		
OG0022103		
OG0022104		
OG0022105		
OG0022106		
OG0022107		
OG0022108		
OG0022109		
OG0022110		
OG0022111		
OG0022112		
OG0022113		
OG0022114		
OG0022115		
OG0022116		
OG0022117		
OG0022118		
OG0022119		
OG0022120		
OG0022121		
OG0022122		
OG0022123		
OG0022124		
OG0022125		
OG0022126		
OG0022127		
OG0022128		
OG0022129		
OG0022130		
OG0022131		
OG0022132		
OG0022133		
OG0022134		
OG0022135		
OG0022136		
OG0022137		
OG0022138		
OG0022139		
OG0022140		
OG0022141		
OG0022142		
OG0022143		
OG0022144		
OG0022145		
OG0022146		
OG0022147		
OG0022148		
OG0022149		
OG0022150		
OG0022151		
OG0022152		
OG0022153		
OG0022154		
OG0022155		
OG0022156		
OG0022157		
OG0022158		
OG0022159		
OG0022160		
OG0022161		
OG0022162		
OG0022163		
OG0022164		
OG0022165		
OG0022166		
OG0022167		
OG0022168		
OG0022169		
OG0022170		
OG0022171		
OG0022172		
OG0022173		
OG0022174		
OG0022175		
OG0022176		
OG0022177		
OG0022178		
OG0022179		
OG0022180		
OG0022181		
OG0022182		
OG0022183		
OG0022184		
OG0022185		
OG0022186		
OG0022187		
OG0022188		
OG0022189		
OG0022190		
OG0022191		
OG0022192		
OG0022193		
OG0022194		
OG0022195		
OG0022196		
OG0022197		
OG0022198		
OG0022199		
OG0022200		
OG0022201		
OG0022202		
OG0022203		
OG0022204		
OG0022205		
OG0022206		
OG0022207		
OG0022208		
OG0022209		
OG0022210		
OG0022211		
OG0022212		
OG0022213		
OG0022214		
OG0022215		
OG0022216		
OG0022217		
OG0022218		
OG0022219		
OG0022220		
OG0022221		
OG0022222		
OG0022223		
OG0022224		
OG0022225		
OG0022226		
OG0022227		
OG0022228		
OG0022229		
OG0022230		
OG0022231		
OG0022232		
OG0022233		
OG0022234		
OG0022235		
OG0022236		
OG0022237		
OG0022238		
OG0022239		
OG0022240		
OG0022241		
OG0022242		
OG0022243		
OG0022244		
OG0022245		
OG0022246		
OG0022247		
OG0022248		
OG0022249		
OG0022250		
OG0022251		
OG0022252		
OG0022253		
OG0022254		
OG0022255		
OG0022256		
OG0022257		
OG0022258		
OG0022259		
OG0022260		
OG0022261		
OG0022262		
OG0022263		
OG0022264		
OG0022265		
OG0022266		
OG0022267		
OG0022268		
OG0022269		
OG0022270		
OG0022271		
OG0022272		
OG0022273		
OG0022274		
OG0022275		
OG0022276		
OG0022277		
OG0022278		
OG0022279		
OG0022280		
OG0022281		
OG0022282		
OG0022283		
OG0022284		
OG0022285		
OG0022286		
OG0022287		
OG0022288		
OG0022289		
OG0022290		
OG0022291		
OG0022292		
OG0022293		
OG0022294		
OG0022295		
OG0022296		
OG0022297		
OG0022298		
OG0022299		
OG0022300		
OG0022301		
OG0022302		
OG0022303		
OG0022304		
OG0022305		
OG0022306		
OG0022307		
OG0022308		
OG0022309		
OG0022310		
OG0022311		
OG0022312		
OG0022313		
OG0022314		
OG0022315		
OG0022316		
OG0022317		
OG0022318		
OG0022319		
OG0022320		
OG0022321		
OG0022322		
OG0022323		
OG0022324		
OG0022325		
OG0022326		
OG0022327		
OG0022328		
OG0022329		
OG0022330		
OG0022331		
OG0022332		
OG0022333		
OG0022334		
OG0022335		
OG0022336		
OG0022337		
OG0022338		
OG0022339		
OG0022340		
OG0022341		
OG0022342		
OG0022343		
OG0022344		
OG0022345		
OG0022346		
OG0022347		
OG0022348		
OG0022349		
OG0022350		
OG0022351		
OG0022352		
OG0022353		
OG0022354		
OG0022355		
OG0022356		
OG0022357		
OG0022358		
OG0022359		
OG0022360		
OG0022361		
OG0022362		
OG0022363		
OG0022364		
OG0022365		
OG0022366		
OG0022367		
OG0022368		
OG0022369		
OG0022370		
OG0022371		
OG0022372		
OG0022373		
OG0022374		
OG0022375		
OG0022376		
OG0022377		
OG0022378		
OG0022379		
OG0022380		
OG0022381		
OG0022382		
OG0022383		
OG0022384		
OG0022385		
OG0022386		
OG0022387		
OG0022388		
OG0022389		
OG0022390		
OG0022391		
OG0022392		
OG0022393		
OG0022394		
OG0022395		
OG0022396		
OG0022397		
OG0022398		
OG0022399		
OG0022400		
OG0022401		
OG0022402		
OG0022403		
OG0022404		
OG0022405		
OG0022406		
OG0022407		
OG0022408		
OG0022409		
OG0022410		
OG0022411		
OG0022412		
OG0022413		
OG0022414		
OG0022415		
OG0022416		
OG0022417		
OG0022418		
OG0022419		
OG0022420		
OG0022421		
OG0022422		
OG0022423		
OG0022424		
OG0022425		
OG0022426		
OG0022427		
OG0022428		
OG0022429		
OG0022430		
OG0022431		
OG0022432		
OG0022433		
OG0022434		
OG0022435		
OG0022436		
OG0022437		
OG0022438		
OG0022439		
OG0022440		
OG0022441		
OG0022442		
OG0022443		
OG0022444		
OG0022445		
OG0022446		
OG0022447		
OG0022448		
OG0022449		
OG0022450		
OG0022451		
OG0022452		
OG0022453		
OG0022454		
OG0022455		
OG0022456		
OG0022457		
OG0022458		
OG0022459		
OG0022460		
OG0022461		
OG0022462		
OG0022463		
OG0022464		
OG0022465		
OG0022466		
OG0022467		
OG0022468		
OG0022469		
OG0022470		
OG0022471		
OG0022472		
OG0022473		
OG0022474		
OG0022475		
OG0022476		
OG0022477		
OG0022478		
OG0022479		
OG0022480		
OG0022481		
OG0022482		
OG0022483		
OG0022484		
OG0022485		
OG0022486		
OG0022487		
OG0022488		
OG0022489		
OG0022490		
OG0022491		
OG0022492		
OG0022493		
OG0022494		
OG0022495		
OG0022496		
OG0022497		
OG0022498		
OG0022499		
OG0022500		
OG0022501		
OG0022502		
OG0022503		
OG0022504		
OG0022505		
OG0022506		
OG0022507		
OG0022508		
OG0022509		
OG0022510		
OG0022511		
OG0022512		
OG0022513		
OG0022514		
OG0022515		
OG0022516		
OG0022517		
OG0022518		
OG0022519		
OG0022520		
OG0022521		
OG0022522		
OG0022523		
OG0022524		
OG0022525		
OG0022526		
OG0022527		
OG0022528		
OG0022529		
OG0022530		
OG0022531		
OG0022532		
OG0022533		
OG0022534		
OG0022535		
OG0022536		
OG0022537		
OG0022538		
OG0022539		
OG0022540		
OG0022541		
OG0022542		
OG0022543		
OG0022544		
OG0022545		
OG0022546		
OG0022547		
OG0022548		
OG0022549		
OG0022550		
OG0022551		
OG0022552		
OG0022553		
OG0022554		
OG0022555		
OG0022556		
OG0022557		
OG0022558		
OG0022559		
OG0022560		
OG0022561		
OG0022562		
OG0022563		
OG0022564		
OG0022565		
OG0022566		
OG0022567		
OG0022568		
OG0022569		
OG0022570		
OG0022571		
OG0022572		
OG0022573		
OG0022574		
OG0022575		
OG0022576		
OG0022577		
OG0022578		
OG0022579		
OG0022580		
OG0022581		
OG0022582		
OG0022583		
OG0022584		
OG0022585		
OG0022586		
OG0022587		
OG0022588		
OG0022589		
OG0022590		
OG0022591		
OG0022592		
OG0022593		
OG0022594		
OG0022595		
OG0022596		
OG0022597		
OG0022598		
OG0022599		
OG0022600		
OG0022601		
OG0022602		
OG0022603		
OG0022604		
OG0022605		
OG0022606		
OG0022607		
OG0022608		
OG0022609		
OG0022610		
OG0022611		
OG0022612		
OG0022613		
OG0022614		
OG0022615		
OG0022616		
OG0022617		
OG0022618		
OG0022619		
OG0022620		
OG0022621		
OG0022622		
OG0022623		
OG0022624		
OG0022625		
OG0022626		
OG0022627		
OG0022628		
OG0022629		
OG0022630		
OG0022631		
OG0022632		
OG0022633		
OG0022634		
OG0022635		
OG0022636		
OG0022637		
OG0022638		
OG0022639		
OG0022640		
OG0022641		
OG0022642		
OG0022643		
OG0022644		
OG0022645		
OG0022646		
OG0022647		
OG0022648		
OG0022649		
OG0022650		
OG0022651		
OG0022652		
OG0022653		
OG0022654		
OG0022655		
OG0022656		
OG0022657		
OG0022658		
OG0022659		
OG0022660		
OG0022661		
OG0022662		
OG0022663		
OG0022664		
OG0022665		
OG0022666		
OG0022667		
OG0022668		
OG0022669		
OG0022670		
OG0022671		
OG0022672		
OG0022673		
OG0022674		
OG0022675		
OG0022676		
OG0022677		
OG0022678		
OG0022679		
OG0022680		
OG0022681		
OG0022682		
OG0022683		
OG0022684		
OG0022685		
OG0022686		
OG0022687		
OG0022688		
OG0022689		
OG0022690		
OG0022691		
OG0022692		
OG0022693		
OG0022694		
OG0022695		
OG0022696		
OG0022697		
OG0022698		
OG0022699		
OG0022700		
OG0022701		
OG0022702		
OG0022703		
OG0022704		
OG0022705		
OG0022706		
OG0022707		
OG0022708		
OG0022709		
OG0022710		
OG0022711		
OG0022712		
OG0022713		
OG0022714		
OG0022715		
OG0022716		
OG0022717		
OG0022718		
OG0022719		
OG0022720		
OG0022721		
OG0022722		
OG0022723		
OG0022724		
OG0022725		
OG0022726		
OG0022727		
OG0022728		
OG0022729		
OG0022730		
OG0022731		
OG0022732		
OG0022733		
OG0022734		
OG0022735		
OG0022736		
OG0022737		
OG0022738		
OG0022739		
OG0022740		
OG0022741		
OG0022742		
OG0022743		
OG0022744		
OG0022745		
OG0022746		
OG0022747		
OG0022748		
OG0022749		
OG0022750		
OG0022751		
OG0022752		
OG0022753		
OG0022754		
OG0022755		
OG0022756		
OG0022757		
OG0022758		
OG0022759		
OG0022760		
OG0022761		
OG0022762		
OG0022763		
OG0022764		
OG0022765		
OG0022766		
OG0022767		
OG0022768		
OG0022769		
OG0022770		
OG0022771		
OG0022772		
OG0022773		
OG0022774		
OG0022775		
OG0022776		
OG0022777		
OG0022778		
OG0022779		
OG0022780		
OG0022781		
OG0022782		
OG0022783		
OG0022784		
OG0022785		
OG0022786		
OG0022787		
OG0022788		
OG0022789		
OG0022790		
OG0022791		
OG0022792		
OG0022793		
OG0022794		
OG0022795		
OG0022796		
OG0022797		
OG0022798		
OG0022799		
OG0022800		
OG0022801		
OG0022802		
OG0022803		
OG0022804		
OG0022805		
OG0022806		
OG0022807		AT1G48620, AT3G18035
OG0022808		
OG0022809		
OG0022810		
OG0022811		
OG0022812		
OG0022813		
OG0022814		
OG0022815		
OG0022816		
OG0022817		
OG0022818		
OG0022819		
OG0022820		
OG0022821		AT4G15885
OG0022822		
OG0022823		
OG0022824		
OG0022825		
OG0022826		
OG0022827		
OG0022828		
OG0022829		
OG0022830		
OG0022831		
OG0022832		
OG0022833		
OG0022834		
OG0022835		
OG0022836		
OG0022837		
OG0022838		
OG0022839		
OG0022840		
OG0022841		
OG0022842		
OG0022843		
OG0022844		
OG0022845		
OG0022846		AT5G61412
OG0022847		
OG0022848		
OG0022849		
OG0022850		
OG0022851		
OG0022852		
OG0022853		
OG0022854		
OG0022855		
OG0022856		
OG0022857		
OG0022858		
OG0022859		
OG0022860		
OG0022861		
OG0022862		
OG0022863		
OG0022864		
OG0022865		
OG0022866		
OG0022867		
OG0022868		
OG0022869		
OG0022870		
OG0022871		
OG0022872		
OG0022873		
OG0022874		
OG0022875		
OG0022876		
OG0022877		
OG0022878		
OG0022879		
OG0022880		
OG0022881		
OG0022882		
OG0022883		
OG0022884		
OG0022885		
OG0022886		
OG0022887		
OG0022888		
OG0022889		
OG0022890		
OG0022891		
OG0022892		
OG0022893		
OG0022894		
OG0022895		
OG0022896		
OG0022897		
OG0022898		
OG0022899		
OG0022900		
OG0022901		
OG0022902		
OG0022903		
OG0022904		
OG0022905		
OG0022906		
OG0022907		
OG0022908		
OG0022909		
OG0022910		
OG0022911		
OG0022912		
OG0022913		
OG0022914		
OG0022915		
OG0022916		
OG0022917		
OG0022918		
OG0022919		
OG0022920		
OG0022921		
OG0022922		
OG0022923		
OG0022924		
OG0022925		
OG0022926		
OG0022927		
OG0022928		
OG0022929		
OG0022930		
OG0022931		
OG0022932		
OG0022933		
OG0022934		
OG0022935		
OG0022936		
OG0022937		
OG0022938		
OG0022939		
OG0022940		
OG0022941		
OG0022942		
OG0022943		
OG0022944		
OG0022945		
OG0022946		
OG0022947		
OG0022948		
OG0022949		
OG0022950		
OG0022951		
OG0022952		
OG0022953		
OG0022954		
OG0022955		
OG0022956		
OG0022957		
OG0022958		
OG0022959		
OG0022960		
OG0022961		
OG0022962		
OG0022963		
OG0022964		AT3G28680
OG0022965		
OG0022966		
OG0022967		
OG0022968		
OG0022969		
OG0022970		
OG0022971		
OG0022972		
OG0022973		
OG0022974		
OG0022975		
OG0022976		
OG0022977		
OG0022978		
OG0022979		
OG0022980		
OG0022981		
OG0022982		
OG0022983		
OG0022984		
OG0022985		
OG0022986		
OG0022987		
OG0022988		AT4G30450
OG0022989		
OG0022990		
OG0022991		
OG0022992		
OG0022993		
OG0022994		
OG0022995		
OG0022996		
OG0022997		
OG0022998		
OG0022999		
OG0023000		
OG0023001		
OG0023002		
OG0023003		
OG0023004		
OG0023005		
OG0023006		
OG0023007		
OG0023008		
OG0023009		
OG0023010		
OG0023011		
OG0023012		
OG0023013		
OG0023014		
OG0023015		
OG0023016		
OG0023017		
OG0023018		
OG0023019		
OG0023020		
OG0023021		
OG0023022		
OG0023023		
OG0023024		
OG0023025		
OG0023026		
OG0023027		
OG0023028		
OG0023029		
OG0023030		
OG0023031		
OG0023032		
OG0023033		
OG0023034		
OG0023035		
OG0023036		
OG0023037		
OG0023038		
OG0023039		
OG0023040		
OG0023041		
OG0023042		
OG0023043		
OG0023044		
OG0023045		
OG0023046		
OG0023047		
OG0023048		
OG0023049		
OG0023050		
OG0023051		
OG0023052		
OG0023053		
OG0023054		
OG0023055		
OG0023056		
OG0023057		
OG0023058		
OG0023059		
OG0023060		
OG0023061		
OG0023062		
OG0023063		
OG0023064		
OG0023065		
OG0023066		
OG0023067		
OG0023068		
OG0023069		AT2G47245
OG0023070		
OG0023071		
OG0023072		
OG0023073		
OG0023074		
OG0023075		
OG0023076		
OG0023077		
OG0023078		
OG0023079		
OG0023080		
OG0023081		
OG0023082		
OG0023083		
OG0023084		
OG0023085		
OG0023086		
OG0023087		
OG0023088		
OG0023089		
OG0023090		
OG0023091		
OG0023092		
OG0023093		
OG0023094		
OG0023095		
OG0023096		
OG0023097		
OG0023098		
OG0023099		
OG0023100		
OG0023101		
OG0023102		
OG0023103		
OG0023104		
OG0023105		
OG0023106		
OG0023107		
OG0023108		
OG0023109		
OG0023110		
OG0023111		
OG0023112		
OG0023113		
OG0023114		
OG0023115	ostta08g03910	
OG0023116		
OG0023117		
OG0023118		
OG0023119		
OG0023120		
OG0023121		
OG0023122		
OG0023123		
OG0023124		
OG0023125		
OG0023126		
OG0023127		
OG0023128		
OG0023129		
OG0023130		
OG0023131		
OG0023132		
OG0023133		
OG0023134		
OG0023135		
OG0023136		
OG0023137		
OG0023138		
OG0023139		
OG0023140		
OG0023141		
OG0023142		
OG0023143		
OG0023144		
OG0023145		
OG0023146		
OG0023147		
OG0023148		
OG0023149		
OG0023150		
OG0023151		
OG0023152		
OG0023153		
OG0023154		
OG0023155		
OG0023156		
OG0023157		
OG0023158		
OG0023159		
OG0023160		
OG0023161		
OG0023162		
OG0023163		
OG0023164		
OG0023165		
OG0023166		
OG0023167		
OG0023168		
OG0023169		
OG0023170		
OG0023171		
OG0023172		
OG0023173		
OG0023174		
OG0023175		
OG0023176		
OG0023177		
OG0023178		
OG0023179		
OG0023180		
OG0023181		
OG0023182		
OG0023183		
OG0023184		
OG0023185		
OG0023186		
OG0023187		
OG0023188		
OG0023189		
OG0023190		
OG0023191		
OG0023192		
OG0023193		
OG0023194		
OG0023195		
OG0023196		
OG0023197		
OG0023198		
OG0023199		
OG0023200		
OG0023201		
OG0023202		
OG0023203		
OG0023204		
OG0023205		
OG0023206		
OG0023207		
OG0023208		
OG0023209		
OG0023210		
OG0023211		
OG0023212		
OG0023213		
OG0023214		
OG0023215		
OG0023216		
OG0023217		AT1G02620
OG0023218		
OG0023219		
OG0023220		
OG0023221		
OG0023222		
OG0023223		
OG0023224		
OG0023225		
OG0023226		
OG0023227		
OG0023228		
OG0023229		
OG0023230		
OG0023231		
OG0023232		
OG0023233		
OG0023234		
OG0023235		
OG0023236		
OG0023237		
OG0023238		
OG0023239		
OG0023240		
OG0023241		
OG0023242		
OG0023243		
OG0023244		
OG0023245		
OG0023246		
OG0023247		
OG0023248		
OG0023249		
OG0023250		
OG0023251		
OG0023252		
OG0023253		
OG0023254		
OG0023255		
OG0023256		
OG0023257		
OG0023258		
OG0023259		
OG0023260		
OG0023261		
OG0023262		
OG0023263		
OG0023264		
OG0023265		
OG0023266		
OG0023267		
OG0023268		
OG0023269		
OG0023270		
OG0023271		
OG0023272		
OG0023273		
OG0023274		
OG0023275		
OG0023276		
OG0023277		
OG0023278		
OG0023279		
OG0023280		
OG0023281		
OG0023282		
OG0023283		
OG0023284		
OG0023285		
OG0023286		
OG0023287		
OG0023288		
OG0023289		
OG0023290		
OG0023291		
OG0023292		
OG0023293		
OG0023294		
OG0023295		
OG0023296		
OG0023297		
OG0023298		
OG0023299		
OG0023300		
OG0023301		
OG0023302		
OG0023303		
OG0023304		
OG0023305		
OG0023306		
OG0023307		
OG0023308		
OG0023309		
OG0023310		
OG0023311		
OG0023312		
OG0023313		
OG0023314		
OG0023315		
OG0023316		
OG0023317		
OG0023318		
OG0023319		
OG0023320		
OG0023321		
OG0023322		
OG0023323		
OG0023324		
OG0023325		
OG0023326		
OG0023327		
OG0023328		
OG0023329		
OG0023330		
OG0023331		
OG0023332		
OG0023333		
OG0023334		
OG0023335		
OG0023336		
OG0023337		
OG0023338		
OG0023339		
OG0023340	ostta01g05150	
OG0023341		
OG0023342		
OG0023343		
OG0023344		
OG0023345		
OG0023346		
OG0023347		
OG0023348	ostta12g01650	
OG0023349		AT1G06135, AT1G06137, AT2G31335, AT2G31345
OG0023350		AT1G06530, AT3G58840
OG0023351		AT1G11125, AT1G61170
OG0023352		AT1G11590, AT1G44980, AT3G27980, AT4G03930
OG0023353		AT1G15320
OG0023354		AT1G16705
OG0023355		AT1G20440, AT1G20450, AT1G76180
OG0023356		AT1G20520, AT1G76210
OG0023357		AT1G22960
OG0023358		AT1G23450
OG0023359		AT1G23720, AT3G28550, AT3G54580, AT3G54590
OG0023360		AT1G23910, AT1G24000, AT1G24010, AT1G24020
OG0023361		AT1G23965, AT1G23995, AT1G70270
OG0023362		AT1G24160, AT1G70100
OG0023363		AT1G24380, AT1G66235, AT2G13760, AT4G10230
OG0023364		AT1G24851, AT1G25025, AT1G25112, AT1G25180
OG0023365		AT1G25275
OG0023366		AT1G25400, AT1G68440
OG0023367		AT1G26240, AT1G26250, AT4G08370, AT4G08380
OG0023368		AT1G27820, AT1G27890, AT1G61470, AT3G44240
OG0023369		AT1G30515, AT4G21740
OG0023370		AT1G32320
OG0023371		AT1G34095, AT1G47495, AT2G45403, AT4G11543
OG0023372		AT1G35320, AT3G30160, AT4G09210, AT4G09260
OG0023373		AT1G35537, AT3G27831, AT3G27835, AT4G29033
OG0023374		AT1G38790, AT1G40104, AT2G07981, AT4G05612
OG0023375		AT1G39060, AT1G39070, AT1G40086, AT1G40090
OG0023376		AT1G44191, AT1G44224, AT3G50570, AT3G50580
OG0023377		AT1G46696, AT1G51172, AT2G15110, AT4G03830
OG0023378		AT1G47680, AT1G47690, AT1G47700, AT2G13125
OG0023379		AT1G51000, AT1G51010, AT1G51020, AT1G51030
OG0023380		AT1G51913, AT1G51915, AT3G21351, AT3G21352
OG0023381		AT1G53110, AT3G15340, AT5G36690, AT5G36780
OG0023382		AT1G55205, AT3G13674
OG0023383		AT1G56010
OG0023384		AT1G56100, AT3G12880, AT4G00872, AT4G15750
OG0023385		AT1G56385, AT3G16960, AT3G57840, AT3G57850
OG0023386		AT1G56650, AT1G66370, AT1G66380, AT1G66390
OG0023387		AT1G60625, AT1G60815, AT1G60913, AT2G32835
OG0023388		AT1G61090, AT1G61093, AT1G61095, AT1G61097
OG0023389		AT1G64195, AT1G69818, AT1G69825, AT1G69828
OG0023390		AT1G64290, AT1G64295, AT2G05360, AT5G41720
OG0023391		AT1G65352, AT5G23035, AT5G62623, AT5G62627
OG0023392		AT1G65486, AT1G65490, AT1G65500, AT1G65510
OG0023393		AT1G66180, AT5G37540
OG0023394		AT1G67025
OG0023395		AT1G67520, AT3G16030
OG0023396		AT1G67810
OG0023397		AT1G75550
OG0023398		AT1G76705, AT5G03960
OG0023399		AT2G03740, AT2G03850, AT2G42530, AT2G42540
OG0023400		AT2G04622, AT3G03826, AT3G03828, AT5G43695
OG0023401		AT2G07718, AT2G07773, ATMG00590, ATMG00910
OG0023402		AT2G14000, AT3G30820, AT3G44570, AT3G44580
OG0023403		AT2G15180, AT2G15185, AT3G43470, AT3G43480
OG0023404		AT2G15660, AT2G26880, AT2G40210, AT5G06500
OG0023405		AT2G16880
OG0023406		AT2G17540, AT4G35510
OG0023407		AT2G18320, AT2G27540, AT5G52080, AT5G53410
OG0023408		AT2G19010, AT2G19050, AT2G19060, AT4G30140
OG0023409		AT2G20362
OG0023410		AT2G22470, AT4G40090, AT5G10430, AT5G65390
OG0023411		AT2G23270, AT4G37290
OG0023412		AT2G27260
OG0023413		AT2G31082, AT2G31083, AT2G31085
OG0023414		AT2G31425, AT2G31430, AT2G31432, AT3G55680
OG0023415		AT2G33480
OG0023416		AT2G35215, AT5G46770
OG0023417		AT2G36420, AT5G03670
OG0023418		AT2G38365, AT3G61090, AT3G61100, AT3G62050
OG0023419		AT2G43480, AT5G24070
OG0023420		AT3G02500, AT5G16030
OG0023421		AT3G04750
OG0023422		AT3G05980, AT5G19340
OG0023423		AT3G06145
OG0023424		AT3G07290
OG0023425		AT3G11591
OG0023426		AT3G20590, AT3G20600, AT3G20610
OG0023427		AT3G23930, AT4G13540
OG0023428		AT3G24260, AT3G28870
OG0023429		AT3G25260, AT3G25280
OG0023430		AT3G29790, AT3G33528, AT3G43880, AT4G07526
OG0023431		AT3G44910, AT3G44920, AT3G44930, AT5G22910
OG0023432		AT3G48205, AT5G63063, AT5G63085, AT5G63087
OG0023433		AT3G49270, AT3G49300, AT3G49305, AT3G49307
OG0023434		AT4G03230
OG0023435		AT4G14272, AT4G14276, AT5G39645, AT5G52605
OG0023436		AT4G20880, AT5G44350
OG0023437		AT4G21030, AT4G21040, AT4G21050, AT4G21080
OG0023438		AT4G22513, AT4G22517, AT4G22520, AT4G22610
OG0023439		AT4G22630, AT4G22640, AT4G22650, AT4G22666
OG0023440		AT4G23340, AT5G51310
OG0023441		AT4G26450
OG0023442		AT5G08730, AT5G63730, AT5G63750, AT5G63760
OG0023443		AT5G13660, AT5G59830
OG0023444		AT5G26673, AT5G26692, AT5G26717, AT5G58412
OG0023445		AT5G39715
OG0023446		AT5G52900
OG0023447		AT5G61990
OG0023448		AT5G65050, AT5G65060, AT5G65070, AT5G65080
OG0023449		AT5G67640
OG0023450		
OG0023451		
OG0023452		
OG0023453		
OG0023454		
OG0023455		
OG0023456		
OG0023457		
OG0023458		
OG0023459		
OG0023460		
OG0023461		
OG0023462		
OG0023463		
OG0023464		
OG0023465		
OG0023466		
OG0023467		
OG0023468		
OG0023469		
OG0023470		
OG0023471		
OG0023472		
OG0023473		
OG0023474		
OG0023475		
OG0023476		
OG0023477		
OG0023478		
OG0023479		
OG0023480		
OG0023481		
OG0023482		
OG0023483		
OG0023484		
OG0023485		
OG0023486		
OG0023487		
OG0023488		
OG0023489		
OG0023490		
OG0023491		
OG0023492		
OG0023493		
OG0023494		
OG0023495		
OG0023496		
OG0023497	ostta03g02800	
OG0023498		
OG0023499		
OG0023500		
OG0023501		
OG0023502		
OG0023503		
OG0023504		
OG0023505		
OG0023506		
OG0023507		
OG0023508		
OG0023509		
OG0023510		
OG0023511		
OG0023512		
OG0023513		
OG0023514		
OG0023515		
OG0023516		
OG0023517		
OG0023518		
OG0023519		
OG0023520		
OG0023521		
OG0023522		
OG0023523		
OG0023524		
OG0023525		
OG0023526		
OG0023527		
OG0023528		
OG0023529		
OG0023530		
OG0023531		
OG0023532		
OG0023533		
OG0023534		
OG0023535		
OG0023536		
OG0023537		
OG0023538		
OG0023539		
OG0023540		
OG0023541		
OG0023542		
OG0023543		
OG0023544		
OG0023545		
OG0023546		
OG0023547		
OG0023548		
OG0023549		
OG0023550		
OG0023551		
OG0023552		
OG0023553		
OG0023554		
OG0023555		
OG0023556		
OG0023557		
OG0023558		
OG0023559		
OG0023560		
OG0023561		
OG0023562		
OG0023563		
OG0023564		
OG0023565		
OG0023566	ostta01g00070	
OG0023567	ostta01g00450	
OG0023568	ostta01g00540	
OG0023569	ostta01g02600	
OG0023570	ostta16g02345	
OG0023571		
OG0023572	ostta01g05020	
OG0023573	ostta08g00030, ostta19g00190, ostta19g00670	
OG0023574	ostta01g04780	
OG0023575	ostta01g04580	
OG0023576	ostta01g03750	
OG0023577	ostta08g01980	
OG0023578	ostta05g04820	
OG0023579	ostta08g03360	
OG0023580	ostta08g02720	
OG0023581	ostta10g03350	
OG0023582	ostta15g00920	
OG0023583	ostta15g00830	
OG0023584		
OG0023585	ostta04g02350, ostta18g01560	
OG0023586	ostta13g00610	
OG0023587	ostta05g00030	
OG0023588	ostta03g05200	
OG0023589	ostta04g00920	
OG0023590		
OG0023591	ostta02g03520, ostta15g02580	
OG0023592		
OG0023593	ostta05g02660	
OG0023594		
OG0023595	ostta02g05300, ostta02g05310	
OG0023596	ostta05g03920	
OG0023597	ostta05g03940	
OG0023598	ostta05g04120	
OG0023599	ostta05g04580	
OG0023600	ostta08g01130	
OG0023601	ostta18g01090	
OG0023602	ostta03g05140, ostta07g01150	
OG0023603	ostta13g02580, ostta13g03090	
OG0023604	ostta13g02570, ostta13g03080	
OG0023605	ostta13g02390	
OG0023606	ostta02g02600, ostta07g03300	
OG0023607		
OG0023608		
OG0023609	ostta06g00945	
OG0023610	ostta06g01590	
OG0023611	ostta06g02490	
OG0023612	ostta12g01400	
OG0023613	ostta06g03720	
OG0023614	ostta07g01650, ostta07g01680	
OG0023615	ostta06g04620	
OG0023616	ostta17g00220, ostta20g00460	
OG0023617	ostta17g01680	
OG0023618	ostta02g02940	
OG0023619	ostta17g00440	
OG0023620	ostta17g02005	
OG0023621	ostta17g00610	
OG0023622	ostta04g02250	
OG0023623	ostta03g05470	
OG0023624	ostta06g02420	
OG0023625	ostta03g04640	
OG0023626	ostta03g04335	
OG0023627	ostta03g04420	
OG0023628	ostta10g01390	
OG0023629	ostta20g00560	
OG0023630	ostta20g00590	
OG0023631	ostta08g01760	
OG0023632	ostta08g01740	
OG0023633	ostta04g03240	
OG0023634	ostta04g03420	
OG0023635	ostta04g04700	
OG0023636	ostta18g01340	
OG0023637	ostta18g01080	
OG0023638	ostta18g00560	
OG0023639	ostta18g00300	
OG0023640	ostta03g03470	
OG0023641	ostta03g03570	
OG0023642	ostta03g03660	
OG0023643	ostta03g04100, ostta03g04110	
OG0023644		
OG0023645		
OG0023646	ostta04g01340	
OG0023647		
OG0023648	ostta09g03670, ostta09g03700	
OG0023649	ostta09g02990	
OG0023650	ostta09g01270	
OG0023651	ostta10g01470	
OG0023652	ostta10g01550	
OG0023653	ostta10g01790	
OG0023654	ostta10g01930	
OG0023655		
OG0023656	ostta14g01435	
OG0023657	ostta10g00050	
OG0023658		
OG0023659	ostta03g01720	
OG0023660	ostta14g00920	
OG0023661	ostta11g01950	
OG0023662	ostta11g00950	
OG0023663	ostta03g00020, ostta04g02460	
OG0023664		
OG0023665	ostta02g05040	
OG0023666	ostta02g00460	
OG0023667	ostta20g00240	
OG0023668	ostta01g05960	
OG0023669	ostta01g06040	
OG0023670	ostta12g00340	
OG0023671	ostta16g00940	
OG0023672	ostta16g02440	
OG0023673	ostta07g00150, ostta07g00250	
OG0023674	ostta07g00100	
OG0023675		
OG0023676	ostta07g04680	
OG0023677	ostta19g00100	
OG0023678		
OG0023679		
OG0023680		
OG0023681		
OG0023682		
OG0023683		
OG0023684		
OG0023685		
OG0023686		
OG0023687		
OG0023688		
OG0023689		
OG0023690		
OG0023691		
OG0023692		
OG0023693		
OG0023694		
OG0023695		
OG0023696		
OG0023697		
OG0023698		
OG0023699		
OG0023700		
OG0023701		
OG0023702		
OG0023703		
OG0023704		
OG0023705		
OG0023706		
OG0023707		
OG0023708		
OG0023709		
OG0023710		
OG0023711		
OG0023712		
OG0023713		
OG0023714		
OG0023715		
OG0023716		
OG0023717		
OG0023718		
OG0023719		
OG0023720		
OG0023721		
OG0023722		
OG0023723		
OG0023724		
OG0023725		
OG0023726		
OG0023727		
OG0023728		
OG0023729		
OG0023730		
OG0023731		
OG0023732		
OG0023733		
OG0023734		
OG0023735		
OG0023736		
OG0023737		
OG0023738		
OG0023739		
OG0023740		
OG0023741		
OG0023742		
OG0023743		
OG0023744		
OG0023745		
OG0023746		
OG0023747		
OG0023748		
OG0023749		
OG0023750		
OG0023751		
OG0023752		
OG0023753		
OG0023754		
OG0023755		
OG0023756		
OG0023757		
OG0023758		
OG0023759		
OG0023760		
OG0023761		
OG0023762		
OG0023763		
OG0023764		
OG0023765		
OG0023766		
OG0023767		
OG0023768		
OG0023769		
OG0023770		
OG0023771		
OG0023772		
OG0023773		
OG0023774		
OG0023775		
OG0023776		
OG0023777		
OG0023778		
OG0023779		
OG0023780		
OG0023781		
OG0023782		
OG0023783		
OG0023784		
OG0023785		
OG0023786		
OG0023787		
OG0023788		
OG0023789		
OG0023790		
OG0023791		
OG0023792		
OG0023793		
OG0023794		
OG0023795		
OG0023796		
OG0023797		
OG0023798		
OG0023799		
OG0023800		
OG0023801		
OG0023802		
OG0023803		
OG0023804		
OG0023805		
OG0023806		
OG0023807		
OG0023808		
OG0023809		
OG0023810		
OG0023811		
OG0023812		
OG0023813		
OG0023814		
OG0023815		
OG0023816		
OG0023817		
OG0023818		
OG0023819		
OG0023820		
OG0023821		
OG0023822		
OG0023823		
OG0023824		
OG0023825		
OG0023826		
OG0023827		
OG0023828		
OG0023829		
OG0023830		
OG0023831		
OG0023832		
OG0023833		
OG0023834		
OG0023835		
OG0023836		
OG0023837		
OG0023838		
OG0023839		
OG0023840		
OG0023841		
OG0023842		
OG0023843		
OG0023844		
OG0023845		
OG0023846		
OG0023847		
OG0023848		
OG0023849		
OG0023850		
OG0023851		
OG0023852		
OG0023853		
OG0023854		
OG0023855		
OG0023856		
OG0023857		
OG0023858		
OG0023859		
OG0023860		
OG0023861		
OG0023862		
OG0023863		
OG0023864		
OG0023865		
OG0023866		
OG0023867		
OG0023868		
OG0023869		
OG0023870		
OG0023871		
OG0023872		
OG0023873		
OG0023874		
OG0023875		
OG0023876		
OG0023877		
OG0023878		
OG0023879		
OG0023880		
OG0023881		
OG0023882		
OG0023883		
OG0023884		
OG0023885		
OG0023886		
OG0023887		
OG0023888		
OG0023889		
OG0023890		
OG0023891		
OG0023892		
OG0023893		
OG0023894		
OG0023895		
OG0023896		
OG0023897		
OG0023898		
OG0023899		
OG0023900		
OG0023901		
OG0023902		
OG0023903		
OG0023904		
OG0023905		
OG0023906		
OG0023907		
OG0023908		
OG0023909		
OG0023910		
OG0023911		
OG0023912		
OG0023913		
OG0023914		
OG0023915		
OG0023916		
OG0023917		
OG0023918		
OG0023919		
OG0023920		
OG0023921		
OG0023922		
OG0023923		
OG0023924		
OG0023925		
OG0023926		
OG0023927		
OG0023928		
OG0023929		
OG0023930		
OG0023931		
OG0023932		
OG0023933		
OG0023934		
OG0023935		
OG0023936		
OG0023937		
OG0023938		
OG0023939		
OG0023940		
OG0023941		
OG0023942		
OG0023943		
OG0023944		
OG0023945		
OG0023946		
OG0023947		
OG0023948		
OG0023949		
OG0023950		
OG0023951		
OG0023952		
OG0023953		
OG0023954		
OG0023955		
OG0023956		
OG0023957		
OG0023958		
OG0023959		
OG0023960		
OG0023961		
OG0023962		
OG0023963		
OG0023964		
OG0023965		
OG0023966		
OG0023967		
OG0023968		
OG0023969		
OG0023970		
OG0023971		
OG0023972		
OG0023973		
OG0023974		
OG0023975		
OG0023976		
OG0023977		
OG0023978		
OG0023979		
OG0023980		
OG0023981		
OG0023982		
OG0023983		
OG0023984		
OG0023985		
OG0023986		
OG0023987		
OG0023988		
OG0023989		
OG0023990		
OG0023991		
OG0023992		
OG0023993		
OG0023994		
OG0023995		
OG0023996		
OG0023997		
OG0023998		
OG0023999		
OG0024000		
OG0024001		
OG0024002		
OG0024003		
OG0024004		
OG0024005		
OG0024006		
OG0024007		
OG0024008		
OG0024009		
OG0024010		
OG0024011		
OG0024012		
OG0024013		
OG0024014		
OG0024015		
OG0024016		
OG0024017		
OG0024018		
OG0024019		
OG0024020		
OG0024021		
OG0024022		
OG0024023		
OG0024024		
OG0024025		
OG0024026		
OG0024027		
OG0024028		
OG0024029		
OG0024030		
OG0024031		
OG0024032		
OG0024033		
OG0024034		
OG0024035		
OG0024036		
OG0024037		
OG0024038		
OG0024039		
OG0024040		
OG0024041		
OG0024042		
OG0024043		
OG0024044		
OG0024045		
OG0024046		
OG0024047		
OG0024048		
OG0024049		
OG0024050		
OG0024051		
OG0024052		
OG0024053		
OG0024054		
OG0024055		
OG0024056		
OG0024057		
OG0024058		
OG0024059		
OG0024060		
OG0024061		
OG0024062		
OG0024063		
OG0024064		
OG0024065		
OG0024066		
OG0024067		
OG0024068		
OG0024069		
OG0024070		
OG0024071		
OG0024072		
OG0024073		
OG0024074		
OG0024075		
OG0024076		
OG0024077		
OG0024078		
OG0024079		
OG0024080		
OG0024081		
OG0024082		
OG0024083		
OG0024084		
OG0024085		
OG0024086		
OG0024087		
OG0024088		
OG0024089		
OG0024090		
OG0024091		
OG0024092		
OG0024093		
OG0024094		
OG0024095		
OG0024096		
OG0024097		
OG0024098		
OG0024099		
OG0024100		
OG0024101		
OG0024102		
OG0024103		
OG0024104		
OG0024105		
OG0024106		
OG0024107		
OG0024108		
OG0024109		
OG0024110		
OG0024111		
OG0024112		
OG0024113		
OG0024114		
OG0024115		
OG0024116		
OG0024117		
OG0024118		
OG0024119		
OG0024120		
OG0024121		
OG0024122		
OG0024123		
OG0024124		
OG0024125		
OG0024126		
OG0024127		
OG0024128		
OG0024129		
OG0024130		
OG0024131		
OG0024132		
OG0024133		
OG0024134		
OG0024135		
OG0024136		
OG0024137		
OG0024138		
OG0024139		
OG0024140		
OG0024141		
OG0024142		
OG0024143		
OG0024144		
OG0024145		
OG0024146		
OG0024147		
OG0024148		
OG0024149		
OG0024150		
OG0024151		
OG0024152		
OG0024153		
OG0024154		
OG0024155		
OG0024156		
OG0024157		
OG0024158		
OG0024159		
OG0024160		
OG0024161		
OG0024162		
OG0024163		
OG0024164		
OG0024165		
OG0024166		
OG0024167		
OG0024168		
OG0024169		
OG0024170		
OG0024171		
OG0024172		
OG0024173		
OG0024174		
OG0024175		
OG0024176		
OG0024177		
OG0024178		
OG0024179		
OG0024180		
OG0024181		
OG0024182		
OG0024183		
OG0024184		
OG0024185		
OG0024186		
OG0024187		
OG0024188		
OG0024189		
OG0024190		
OG0024191		
OG0024192		
OG0024193		
OG0024194		
OG0024195		
OG0024196		
OG0024197		
OG0024198		
OG0024199		
OG0024200		
OG0024201		
OG0024202		
OG0024203		
OG0024204		
OG0024205		
OG0024206		
OG0024207		
OG0024208		
OG0024209		
OG0024210		
OG0024211		
OG0024212		
OG0024213		
OG0024214		
OG0024215		
OG0024216		
OG0024217		
OG0024218		
OG0024219		
OG0024220		
OG0024221		
OG0024222		
OG0024223		
OG0024224		
OG0024225		
OG0024226		
OG0024227		
OG0024228		
OG0024229		
OG0024230		
OG0024231		
OG0024232		
OG0024233		
OG0024234		
OG0024235		
OG0024236		
OG0024237		
OG0024238		
OG0024239		
OG0024240		
OG0024241		
OG0024242		
OG0024243		
OG0024244		
OG0024245		
OG0024246		
OG0024247		
OG0024248		
OG0024249		
OG0024250		
OG0024251		
OG0024252		
OG0024253		
OG0024254		
OG0024255		
OG0024256		
OG0024257		
OG0024258	ostta05g02730	
OG0024259		
OG0024260		
OG0024261		
OG0024262		
OG0024263		
OG0024264		
OG0024265		
OG0024266		
OG0024267		
OG0024268		
OG0024269		
OG0024270		
OG0024271		
OG0024272		
OG0024273		
OG0024274		
OG0024275		
OG0024276		
OG0024277		
OG0024278		
OG0024279		
OG0024280		
OG0024281		
OG0024282		
OG0024283		
OG0024284		
OG0024285		
OG0024286		
OG0024287		
OG0024288		
OG0024289		
OG0024290		
OG0024291		
OG0024292		
OG0024293		
OG0024294		
OG0024295		
OG0024296		
OG0024297		
OG0024298		
OG0024299		
OG0024300		
OG0024301		
OG0024302		
OG0024303		
OG0024304		
OG0024305		
OG0024306		
OG0024307		
OG0024308		
OG0024309		
OG0024310		
OG0024311		
OG0024312		
OG0024313		
OG0024314		
OG0024315		
OG0024316		
OG0024317		
OG0024318		
OG0024319		
OG0024320		
OG0024321		
OG0024322		
OG0024323		
OG0024324		
OG0024325		
OG0024326		
OG0024327		
OG0024328		
OG0024329		
OG0024330		
OG0024331		
OG0024332		
OG0024333		
OG0024334		
OG0024335		
OG0024336		
OG0024337		
OG0024338		
OG0024339		
OG0024340		
OG0024341		
OG0024342		
OG0024343		
OG0024344		
OG0024345		
OG0024346		
OG0024347		
OG0024348		
OG0024349		
OG0024350		
OG0024351		
OG0024352		
OG0024353		
OG0024354		
OG0024355		
OG0024356		
OG0024357		
OG0024358		
OG0024359		
OG0024360		
OG0024361		
OG0024362		
OG0024363		
OG0024364		
OG0024365		
OG0024366		
OG0024367		
OG0024368		
OG0024369		
OG0024370	ostta04g00890	
OG0024371		
OG0024372		
OG0024373		
OG0024374		
OG0024375		
OG0024376		
OG0024377		
OG0024378		
OG0024379		
OG0024380		
OG0024381		
OG0024382		
OG0024383		
OG0024384		
OG0024385		
OG0024386		
OG0024387		
OG0024388		
OG0024389		
OG0024390		
OG0024391		
OG0024392		
OG0024393		
OG0024394		
OG0024395		
OG0024396		
OG0024397		
OG0024398		
OG0024399		
OG0024400		
OG0024401		
OG0024402		
OG0024403		
OG0024404		
OG0024405		
OG0024406		
OG0024407		
OG0024408		
OG0024409		
OG0024410		
OG0024411		
OG0024412		
OG0024413		
OG0024414		
OG0024415		
OG0024416		
OG0024417		
OG0024418		
OG0024419		
OG0024420		
OG0024421		
OG0024422		
OG0024423		
OG0024424		
OG0024425		
OG0024426		
OG0024427		
OG0024428		
OG0024429		
OG0024430		
OG0024431		
OG0024432	ostta10g03030	
OG0024433		
OG0024434		
OG0024435		
OG0024436		
OG0024437		
OG0024438		
OG0024439		
OG0024440		
OG0024441		
OG0024442	ostta08g01880	
OG0024443		
OG0024444	ostta16g01510	
OG0024445		
OG0024446		
OG0024447		
OG0024448		
OG0024449		
OG0024450		
OG0024451		
OG0024452		
OG0024453		
OG0024454		
OG0024455		
OG0024456		
OG0024457		
OG0024458		
OG0024459		
OG0024460		
OG0024461		
OG0024462		
OG0024463		
OG0024464		
OG0024465		
OG0024466		
OG0024467		
OG0024468		
OG0024469		
OG0024470		
OG0024471		
OG0024472		
OG0024473		
OG0024474		
OG0024475		
OG0024476		
OG0024477		
OG0024478		
OG0024479		
OG0024480	ostta05g01190	
OG0024481		
OG0024482		
OG0024483		
OG0024484		
OG0024485		
OG0024486		
OG0024487		
OG0024488		
OG0024489		
OG0024490		
OG0024491		
OG0024492		
OG0024493		
OG0024494		
OG0024495		
OG0024496		
OG0024497		
OG0024498		
OG0024499		
OG0024500		
OG0024501		
OG0024502		
OG0024503		
OG0024504		
OG0024505		
OG0024506		
OG0024507		
OG0024508		
OG0024509		
OG0024510		
OG0024511		
OG0024512		
OG0024513		
OG0024514		
OG0024515		
OG0024516		
OG0024517		
OG0024518		
OG0024519		
OG0024520		
OG0024521		
OG0024522		
OG0024523		
OG0024524		
OG0024525		
OG0024526		
OG0024527		
OG0024528		
OG0024529		
OG0024530		
OG0024531		
OG0024532		
OG0024533		
OG0024534		
OG0024535		
OG0024536		
OG0024537		
OG0024538		
OG0024539		
OG0024540		
OG0024541		
OG0024542		
OG0024543		
OG0024544		
OG0024545		
OG0024546		
OG0024547		
OG0024548		
OG0024549		
OG0024550		
OG0024551		
OG0024552		
OG0024553		
OG0024554		
OG0024555		
OG0024556		
OG0024557		
OG0024558		
OG0024559		
OG0024560		
OG0024561		
OG0024562		
OG0024563		
OG0024564		
OG0024565		
OG0024566		
OG0024567		
OG0024568		
OG0024569		
OG0024570		
OG0024571		
OG0024572		
OG0024573		
OG0024574		
OG0024575		
OG0024576		
OG0024577		
OG0024578		
OG0024579		
OG0024580		
OG0024581		
OG0024582		
OG0024583		
OG0024584		
OG0024585		
OG0024586		
OG0024587		
OG0024588		
OG0024589		
OG0024590		
OG0024591		
OG0024592		
OG0024593		
OG0024594		
OG0024595		
OG0024596		
OG0024597		
OG0024598		
OG0024599		
OG0024600		
OG0024601		
OG0024602		
OG0024603		
OG0024604		
OG0024605		
OG0024606		
OG0024607		
OG0024608		
OG0024609		
OG0024610		
OG0024611		
OG0024612		
OG0024613		
OG0024614		
OG0024615		
OG0024616		
OG0024617		
OG0024618		
OG0024619		
OG0024620		
OG0024621		
OG0024622		
OG0024623		
OG0024624		
OG0024625		
OG0024626		
OG0024627		
OG0024628		
OG0024629		
OG0024630		
OG0024631		
OG0024632		
OG0024633		
OG0024634		
OG0024635		
OG0024636		
OG0024637		
OG0024638		
OG0024639		
OG0024640		
OG0024641		
OG0024642		
OG0024643		
OG0024644		
OG0024645		
OG0024646		
OG0024647		
OG0024648		
OG0024649		
OG0024650		
OG0024651		
OG0024652		
OG0024653		
OG0024654		
OG0024655		
OG0024656		
OG0024657		
OG0024658		
OG0024659		
OG0024660		
OG0024661		
OG0024662	ostta09g03900	
OG0024663		
OG0024664		
OG0024665		
OG0024666		
OG0024667		
OG0024668		
OG0024669		
OG0024670		
OG0024671		
OG0024672		
OG0024673		
OG0024674		
OG0024675		
OG0024676		
OG0024677		
OG0024678		
OG0024679		
OG0024680		
OG0024681		
OG0024682		
OG0024683		
OG0024684		
OG0024685		
OG0024686		
OG0024687		
OG0024688		
OG0024689		
OG0024690		
OG0024691		
OG0024692		
OG0024693		
OG0024694		
OG0024695		
OG0024696		
OG0024697		
OG0024698		
OG0024699		
OG0024700		
OG0024701		
OG0024702		
OG0024703		
OG0024704		
OG0024705		
OG0024706		
OG0024707		
OG0024708		
OG0024709		
OG0024710		
OG0024711		
OG0024712		
OG0024713		
OG0024714		
OG0024715		
OG0024716		
OG0024717		
OG0024718		
OG0024719		
OG0024720		
OG0024721		
OG0024722		
OG0024723		
OG0024724		
OG0024725		
OG0024726		
OG0024727		
OG0024728		
OG0024729		
OG0024730		
OG0024731		
OG0024732		
OG0024733		
OG0024734		
OG0024735		
OG0024736		
OG0024737		
OG0024738		
OG0024739		
OG0024740		
OG0024741		
OG0024742		
OG0024743		
OG0024744		
OG0024745		
OG0024746		
OG0024747		
OG0024748		
OG0024749		
OG0024750		
OG0024751		
OG0024752		
OG0024753		
OG0024754		
OG0024755		
OG0024756		
OG0024757		
OG0024758		
OG0024759		
OG0024760		
OG0024761		
OG0024762		
OG0024763		
OG0024764		
OG0024765		
OG0024766		
OG0024767		
OG0024768		
OG0024769		
OG0024770		
OG0024771		
OG0024772		
OG0024773		
OG0024774		
OG0024775		
OG0024776		
OG0024777		
OG0024778		
OG0024779		
OG0024780		
OG0024781		
OG0024782		
OG0024783		
OG0024784		
OG0024785		
OG0024786		
OG0024787		
OG0024788		
OG0024789		
OG0024790		
OG0024791		
OG0024792		
OG0024793		
OG0024794		
OG0024795		
OG0024796		
OG0024797		
OG0024798		
OG0024799		
OG0024800		
OG0024801		
OG0024802		
OG0024803		
OG0024804		
OG0024805		
OG0024806		
OG0024807		
OG0024808		
OG0024809		
OG0024810		
OG0024811		
OG0024812		
OG0024813		
OG0024814		
OG0024815		
OG0024816		
OG0024817		
OG0024818		
OG0024819		
OG0024820		
OG0024821		
OG0024822		
OG0024823		
OG0024824		
OG0024825		
OG0024826		
OG0024827		
OG0024828		
OG0024829		
OG0024830		
OG0024831		
OG0024832		
OG0024833		
OG0024834		
OG0024835		
OG0024836		
OG0024837		
OG0024838		
OG0024839		
OG0024840		
OG0024841		
OG0024842		
OG0024843		
OG0024844		
OG0024845		
OG0024846		
OG0024847		
OG0024848		
OG0024849		
OG0024850		
OG0024851		
OG0024852		
OG0024853		
OG0024854		
OG0024855		
OG0024856		
OG0024857		
OG0024858		
OG0024859		
OG0024860		
OG0024861		
OG0024862		
OG0024863		
OG0024864		
OG0024865		
OG0024866	ostta08g00350	
OG0024867		
OG0024868		
OG0024869		
OG0024870		
OG0024871		
OG0024872		
OG0024873		
OG0024874		
OG0024875		
OG0024876		
OG0024877		
OG0024878		
OG0024879		
OG0024880		
OG0024881		
OG0024882		
OG0024883		
OG0024884		
OG0024885		
OG0024886		
OG0024887		
OG0024888		
OG0024889		
OG0024890		
OG0024891		
OG0024892		
OG0024893		
OG0024894		
OG0024895		
OG0024896		
OG0024897		
OG0024898		
OG0024899		
OG0024900		
OG0024901		
OG0024902		
OG0024903		
OG0024904		
OG0024905		
OG0024906		
OG0024907		
OG0024908		
OG0024909		
OG0024910		
OG0024911		
OG0024912		
OG0024913		
OG0024914		
OG0024915		
OG0024916		
OG0024917		
OG0024918		
OG0024919		
OG0024920	ostta06g01540	
OG0024921		
OG0024922		
OG0024923		
OG0024924		
OG0024925		
OG0024926		
OG0024927		
OG0024928		
OG0024929		
OG0024930		
OG0024931		
OG0024932		
OG0024933		
OG0024934		
OG0024935		
OG0024936		
OG0024937		
OG0024938		
OG0024939		
OG0024940		
OG0024941		
OG0024942		
OG0024943		
OG0024944		
OG0024945		
OG0024946		
OG0024947		
OG0024948		
OG0024949		
OG0024950		
OG0024951		
OG0024952		
OG0024953		
OG0024954		
OG0024955		
OG0024956		
OG0024957		
OG0024958		
OG0024959		
OG0024960		
OG0024961		
OG0024962		
OG0024963		
OG0024964		
OG0024965		
OG0024966		
OG0024967		
OG0024968		
OG0024969		
OG0024970		
OG0024971		
OG0024972		
OG0024973		
OG0024974		
OG0024975		
OG0024976		
OG0024977		
OG0024978		
OG0024979		
OG0024980		
OG0024981		
OG0024982		
OG0024983		
OG0024984		
OG0024985		
OG0024986		
OG0024987		
OG0024988		
OG0024989		
OG0024990		
OG0024991		
OG0024992		
OG0024993		
OG0024994		
OG0024995		
OG0024996		
OG0024997		
OG0024998		
OG0024999		
OG0025000		
OG0025001		
OG0025002		
OG0025003		
OG0025004		
OG0025005		
OG0025006		
OG0025007		
OG0025008		
OG0025009		
OG0025010		
OG0025011		
OG0025012		
OG0025013		
OG0025014		
OG0025015		
OG0025016		
OG0025017		
OG0025018		
OG0025019		
OG0025020		
OG0025021		
OG0025022		
OG0025023		
OG0025024		
OG0025025		
OG0025026		
OG0025027		
OG0025028		
OG0025029		
OG0025030		
OG0025031		
OG0025032		
OG0025033		
OG0025034		
OG0025035		
OG0025036		
OG0025037		
OG0025038		
OG0025039		
OG0025040		
OG0025041		
OG0025042		
OG0025043		
OG0025044		
OG0025045		
OG0025046		
OG0025047		
OG0025048		
OG0025049		
OG0025050		
OG0025051		
OG0025052		
OG0025053		
OG0025054		
OG0025055		
OG0025056		
OG0025057		
OG0025058		
OG0025059		
OG0025060		
OG0025061		
OG0025062		
OG0025063		
OG0025064		
OG0025065		
OG0025066		
OG0025067		
OG0025068		
OG0025069		
OG0025070		
OG0025071		
OG0025072		
OG0025073		
OG0025074		
OG0025075		
OG0025076		
OG0025077		
OG0025078		
OG0025079		
OG0025080		
OG0025081		
OG0025082		
OG0025083		
OG0025084		
OG0025085		
OG0025086		
OG0025087		
OG0025088		
OG0025089		
OG0025090		
OG0025091	ostta03g05210	
OG0025092		
OG0025093		
OG0025094		
OG0025095		
OG0025096		
OG0025097		
OG0025098		
OG0025099		
OG0025100		
OG0025101		
OG0025102		
OG0025103		
OG0025104	ostta19g00440	
OG0025105		
OG0025106		
OG0025107		
OG0025108		
OG0025109		
OG0025110		
OG0025111		
OG0025112		
OG0025113		
OG0025114		
OG0025115		
OG0025116		
OG0025117		
OG0025118		
OG0025119		
OG0025120		
OG0025121		
OG0025122		
OG0025123		
OG0025124		
OG0025125		
OG0025126		
OG0025127		
OG0025128		
OG0025129		
OG0025130		
OG0025131		
OG0025132	ostta04g00330	
OG0025133		
OG0025134		
OG0025135		
OG0025136		
OG0025137		
OG0025138		
OG0025139		
OG0025140		
OG0025141		
OG0025142		
OG0025143		
OG0025144		
OG0025145		
OG0025146		
OG0025147		
OG0025148		
OG0025149		
OG0025150		
OG0025151		
OG0025152		
OG0025153		
OG0025154		
OG0025155		
OG0025156		
OG0025157		
OG0025158		
OG0025159		
OG0025160		
OG0025161		
OG0025162		
OG0025163		
OG0025164		
OG0025165		
OG0025166		
OG0025167		
OG0025168		
OG0025169		
OG0025170		
OG0025171		
OG0025172		
OG0025173		
OG0025174		
OG0025175		
OG0025176		
OG0025177		
OG0025178		
OG0025179		
OG0025180		
OG0025181		
OG0025182		
OG0025183		
OG0025184		
OG0025185		
OG0025186		
OG0025187		
OG0025188		
OG0025189		
OG0025190		
OG0025191		
OG0025192		
OG0025193		
OG0025194		
OG0025195		
OG0025196		
OG0025197		
OG0025198		
OG0025199		
OG0025200		
OG0025201		
OG0025202		
OG0025203		
OG0025204		
OG0025205		
OG0025206		
OG0025207		
OG0025208		
OG0025209		
OG0025210		
OG0025211		
OG0025212		
OG0025213		
OG0025214		
OG0025215		
OG0025216		
OG0025217		
OG0025218		
OG0025219		
OG0025220		
OG0025221		
OG0025222		
OG0025223		
OG0025224		
OG0025225		
OG0025226		
OG0025227		
OG0025228		
OG0025229		
OG0025230		
OG0025231		
OG0025232		
OG0025233		
OG0025234		
OG0025235		
OG0025236		
OG0025237		
OG0025238		
OG0025239		
OG0025240		
OG0025241		
OG0025242		
OG0025243		
OG0025244		
OG0025245		
OG0025246		
OG0025247		
OG0025248		
OG0025249		
OG0025250		
OG0025251		
OG0025252		
OG0025253		
OG0025254		
OG0025255		
OG0025256		
OG0025257		
OG0025258		
OG0025259		
OG0025260		
OG0025261		
OG0025262		
OG0025263		
OG0025264		
OG0025265		
OG0025266		
OG0025267		
OG0025268		
OG0025269		
OG0025270		
OG0025271		
OG0025272		
OG0025273		
OG0025274		
OG0025275		
OG0025276		
OG0025277		
OG0025278		
OG0025279		
OG0025280		
OG0025281		
OG0025282		
OG0025283		
OG0025284		
OG0025285		
OG0025286		
OG0025287		
OG0025288		
OG0025289		
OG0025290		
OG0025291		
OG0025292		
OG0025293		
OG0025294		
OG0025295		
OG0025296		
OG0025297		
OG0025298		
OG0025299		
OG0025300		
OG0025301		
OG0025302		
OG0025303		
OG0025304		
OG0025305		
OG0025306		
OG0025307		
OG0025308		
OG0025309		
OG0025310		
OG0025311		
OG0025312		
OG0025313		
OG0025314		
OG0025315		
OG0025316		
OG0025317		
OG0025318		
OG0025319		
OG0025320		
OG0025321		
OG0025322		
OG0025323		
OG0025324		
OG0025325		
OG0025326		
OG0025327		
OG0025328		
OG0025329		
OG0025330		
OG0025331		
OG0025332		
OG0025333		
OG0025334		
OG0025335		
OG0025336		
OG0025337		
OG0025338		
OG0025339		
OG0025340		
OG0025341		
OG0025342		
OG0025343		
OG0025344		
OG0025345		
OG0025346		
OG0025347		
OG0025348		
OG0025349		
OG0025350		
OG0025351		
OG0025352		
OG0025353		
OG0025354		
OG0025355	ostta06g00340	
OG0025356		
OG0025357		
OG0025358	ostta01g00690, ostta01g04470	
OG0025359		
OG0025360		
OG0025361	ostta16g00800	
OG0025362		
OG0025363	ostta01g02760, ostta11g00180	
OG0025364		
OG0025365	ostta03g05840	
OG0025366	ostta03g05540	
OG0025367		
OG0025368		
OG0025369		
OG0025370		
OG0025371		
OG0025372		
OG0025373		
OG0025374		
OG0025375		
OG0025376		
OG0025377		
OG0025378		
OG0025379		
OG0025380		
OG0025381		
OG0025382		
OG0025383		
OG0025384		
OG0025385		
OG0025386		
OG0025387		
OG0025388		
OG0025389		
OG0025390		
OG0025391		
OG0025392		
OG0025393		
OG0025394		
OG0025395		
OG0025396		
OG0025397		
OG0025398		
OG0025399		
OG0025400		
OG0025401		
OG0025402		
OG0025403		
OG0025404		
OG0025405		
OG0025406		
OG0025407		
OG0025408		
OG0025409		
OG0025410		
OG0025411		
OG0025412		
OG0025413		
OG0025414		
OG0025415		
OG0025416		
OG0025417		
OG0025418		
OG0025419		
OG0025420		
OG0025421		
OG0025422		
OG0025423		
OG0025424		
OG0025425		
OG0025426		
OG0025427		
OG0025428		
OG0025429		
OG0025430		
OG0025431		
OG0025432		
OG0025433		
OG0025434		
OG0025435		
OG0025436		
OG0025437		
OG0025438		
OG0025439		
OG0025440		
OG0025441		
OG0025442		
OG0025443		
OG0025444		
OG0025445		
OG0025446		
OG0025447		
OG0025448		
OG0025449		
OG0025450		
OG0025451		
OG0025452		
OG0025453		
OG0025454		
OG0025455		
OG0025456		
OG0025457		
OG0025458		
OG0025459		
OG0025460		
OG0025461		
OG0025462		
OG0025463		
OG0025464		
OG0025465		
OG0025466		
OG0025467		
OG0025468		
OG0025469		
OG0025470		
OG0025471		
OG0025472		
OG0025473		
OG0025474		
OG0025475		
OG0025476		
OG0025477		
OG0025478		
OG0025479		
OG0025480		
OG0025481		
OG0025482		
OG0025483		
OG0025484		
OG0025485		
OG0025486		
OG0025487		
OG0025488		
OG0025489		
OG0025490		
OG0025491		
OG0025492		
OG0025493		
OG0025494		
OG0025495		
OG0025496		
OG0025497		
OG0025498		
OG0025499		
OG0025500		
OG0025501		
OG0025502		
OG0025503		
OG0025504		
OG0025505		
OG0025506		
OG0025507		
OG0025508		
OG0025509		
OG0025510		
OG0025511		
OG0025512		
OG0025513		
OG0025514		
OG0025515		
OG0025516		
OG0025517		
OG0025518		
OG0025519		
OG0025520		
OG0025521		
OG0025522		
OG0025523		
OG0025524		
OG0025525		
OG0025526		
OG0025527		
OG0025528		
OG0025529		
OG0025530		
OG0025531		
OG0025532		
OG0025533		
OG0025534		
OG0025535		
OG0025536		
OG0025537		
OG0025538		
OG0025539		
OG0025540		
OG0025541		
OG0025542		
OG0025543		
OG0025544		
OG0025545		
OG0025546		
OG0025547		
OG0025548		
OG0025549		
OG0025550		
OG0025551		
OG0025552		
OG0025553		
OG0025554		
OG0025555		
OG0025556		
OG0025557		
OG0025558		
OG0025559		
OG0025560		
OG0025561		
OG0025562		
OG0025563		
OG0025564		
OG0025565		
OG0025566		
OG0025567		
OG0025568		
OG0025569		
OG0025570		
OG0025571		
OG0025572		
OG0025573		
OG0025574		
OG0025575		
OG0025576		
OG0025577		
OG0025578		
OG0025579		
OG0025580		
OG0025581		
OG0025582		
OG0025583		
OG0025584		
OG0025585		
OG0025586		
OG0025587		
OG0025588		
OG0025589		
OG0025590		
OG0025591		
OG0025592		
OG0025593		
OG0025594		
OG0025595		
OG0025596		
OG0025597		
OG0025598		
OG0025599		
OG0025600		
OG0025601		
OG0025602		
OG0025603		
OG0025604		
OG0025605		
OG0025606		
OG0025607		
OG0025608		
OG0025609		
OG0025610		
OG0025611		
OG0025612		
OG0025613		
OG0025614		
OG0025615		
OG0025616		
OG0025617	ostta01g00660, ostta03g02810, ostta07g01850, ostta07g02040	
OG0025618	ostta10g00450	
OG0025619	ostta11g03290, ostta19g00450	
OG0025620	ostta03g01330, ostta08g02350, ostta12g01930, ostta15g00720	
OG0025621	ostta09g03290, ostta09g03390, ostta13g01790, ostta16g01140	
OG0025622	ostta03g06020, ostta05g05020, ostta06g00075, ostta15g00195	
OG0025623	ostta02g00037, ostta02g00277, ostta19g00385	
OG0025624	ostta02g01245, ostta02g01247, ostta02g02355, ostta02g02477	
OG0025625		
OG0025626		
OG0025627		
OG0025628		
OG0025629		
OG0025630		
OG0025631		
OG0025632		
OG0025633		
OG0025634		
OG0025635		
OG0025636		
OG0025637		
OG0025638		
OG0025639		
OG0025640		
OG0025641		
OG0025642		
OG0025643		
OG0025644		
OG0025645		
OG0025646		
OG0025647		
OG0025648		
OG0025649		
OG0025650		
OG0025651		
OG0025652		
OG0025653		
OG0025654		
OG0025655		
OG0025656		
OG0025657		
OG0025658		
OG0025659		
OG0025660		
OG0025661		
OG0025662		
OG0025663		
OG0025664		
OG0025665		
OG0025666		
OG0025667		
OG0025668		
OG0025669		
OG0025670		
OG0025671		
OG0025672		
OG0025673		
OG0025674		
OG0025675		
OG0025676		
OG0025677		
OG0025678		
OG0025679		
OG0025680		
OG0025681		
OG0025682		
OG0025683		
OG0025684		
OG0025685		
OG0025686		
OG0025687		
OG0025688		
OG0025689		
OG0025690		
OG0025691		
OG0025692		
OG0025693		
OG0025694		
OG0025695		
OG0025696		
OG0025697		
OG0025698		
OG0025699		
OG0025700		
OG0025701		
OG0025702		
OG0025703		
OG0025704		
OG0025705		
OG0025706		
OG0025707		
OG0025708		
OG0025709		
OG0025710		
OG0025711		
OG0025712		
OG0025713		
OG0025714		
OG0025715		
OG0025716		
OG0025717		
OG0025718		
OG0025719		
OG0025720		
OG0025721		
OG0025722		
OG0025723		
OG0025724		
OG0025725		
OG0025726		
OG0025727		
OG0025728		
OG0025729		
OG0025730		
OG0025731		
OG0025732		
OG0025733		
OG0025734		
OG0025735		
OG0025736		
OG0025737		
OG0025738		
OG0025739		
OG0025740		
OG0025741		
OG0025742		
OG0025743		
OG0025744		
OG0025745		
OG0025746		
OG0025747		
OG0025748		
OG0025749		
OG0025750		
OG0025751		
OG0025752		
OG0025753		
OG0025754		
OG0025755		
OG0025756		
OG0025757		
OG0025758		
OG0025759		
OG0025760		
OG0025761		
OG0025762		
OG0025763		
OG0025764		
OG0025765		
OG0025766		
OG0025767		
OG0025768		
OG0025769		
OG0025770		
OG0025771		
OG0025772		
OG0025773		
OG0025774		
OG0025775		
OG0025776		
OG0025777		
OG0025778		
OG0025779		
OG0025780		
OG0025781		
OG0025782		
OG0025783		
OG0025784		
OG0025785		
OG0025786		
OG0025787		
OG0025788		
OG0025789		
OG0025790		
OG0025791		
OG0025792		
OG0025793		
OG0025794		
OG0025795		
OG0025796		
OG0025797		
OG0025798		
OG0025799		
OG0025800		
OG0025801		
OG0025802		
OG0025803		
OG0025804		
OG0025805		
OG0025806		
OG0025807		
OG0025808		
OG0025809		
OG0025810		
OG0025811		
OG0025812		
OG0025813		
OG0025814		
OG0025815		
OG0025816		
OG0025817		
OG0025818		
OG0025819		
OG0025820		
OG0025821		
OG0025822		
OG0025823		
OG0025824		
OG0025825		
OG0025826		
OG0025827		
OG0025828		
OG0025829		
OG0025830		
OG0025831		
OG0025832		
OG0025833		
OG0025834		
OG0025835		
OG0025836		
OG0025837		
OG0025838		
OG0025839		
OG0025840		
OG0025841		
OG0025842		
OG0025843		
OG0025844		
OG0025845		
OG0025846		
OG0025847		
OG0025848		
OG0025849		
OG0025850		
OG0025851		
OG0025852		
OG0025853		
OG0025854		
OG0025855		
OG0025856		
OG0025857		
OG0025858		
OG0025859		
OG0025860		
OG0025861		
OG0025862		
OG0025863		
OG0025864		
OG0025865		
OG0025866		
OG0025867		
OG0025868		
OG0025869		
OG0025870		
OG0025871		
OG0025872		
OG0025873		
OG0025874		
OG0025875		
OG0025876		
OG0025877		
OG0025878		
OG0025879		
OG0025880		
OG0025881		
OG0025882		
OG0025883		
OG0025884		
OG0025885		
OG0025886		
OG0025887		
OG0025888		
OG0025889		
OG0025890		
OG0025891		
OG0025892		
OG0025893		
OG0025894		
OG0025895		
OG0025896		
OG0025897		
OG0025898		
OG0025899		
OG0025900		
OG0025901		
OG0025902		
OG0025903		
OG0025904		
OG0025905		
OG0025906		
OG0025907		
OG0025908		
OG0025909		
OG0025910		
OG0025911		
OG0025912		
OG0025913		
OG0025914		
OG0025915		
OG0025916		
OG0025917		
OG0025918		
OG0025919		
OG0025920		
OG0025921		
OG0025922		
OG0025923		
OG0025924		
OG0025925		
OG0025926		
OG0025927		
OG0025928		
OG0025929		
OG0025930		
OG0025931		
OG0025932		
OG0025933		
OG0025934		
OG0025935		
OG0025936		
OG0025937		
OG0025938		
OG0025939		
OG0025940		
OG0025941		
OG0025942		
OG0025943		
OG0025944		
OG0025945		
OG0025946		
OG0025947		
OG0025948		
OG0025949		
OG0025950		
OG0025951		
OG0025952		
OG0025953		
OG0025954		
OG0025955		
OG0025956		
OG0025957		
OG0025958		
OG0025959		
OG0025960		
OG0025961		
OG0025962		
OG0025963		
OG0025964		
OG0025965		
OG0025966		
OG0025967		
OG0025968		
OG0025969		
OG0025970		
OG0025971		
OG0025972		
OG0025973		
OG0025974		
OG0025975		
OG0025976		
OG0025977		
OG0025978		
OG0025979		
OG0025980		
OG0025981		
OG0025982		
OG0025983		
OG0025984		
OG0025985		
OG0025986		
OG0025987		
OG0025988		
OG0025989		
OG0025990		
OG0025991		
OG0025992		
OG0025993		
OG0025994		
OG0025995		
OG0025996		
OG0025997		
OG0025998		
OG0025999		
OG0026000		
OG0026001		
OG0026002		
OG0026003		
OG0026004		
OG0026005		
OG0026006		
OG0026007		
OG0026008		
OG0026009		
OG0026010		
OG0026011		
OG0026012		
OG0026013		
OG0026014		
OG0026015		
OG0026016		
OG0026017		
OG0026018		
OG0026019		
OG0026020		
OG0026021		
OG0026022		
OG0026023		
OG0026024		
OG0026025		
OG0026026		
OG0026027		
OG0026028		
OG0026029		
OG0026030		
OG0026031		
OG0026032		
OG0026033		
OG0026034		
OG0026035		
OG0026036		
OG0026037		
OG0026038		
OG0026039		
OG0026040		
OG0026041		
OG0026042		
OG0026043		
OG0026044		
OG0026045		
OG0026046		
OG0026047		
OG0026048		
OG0026049		
OG0026050		
OG0026051		
OG0026052		
OG0026053		
OG0026054		
OG0026055		
OG0026056		
OG0026057		
OG0026058		
OG0026059		
OG0026060		
OG0026061		
OG0026062		
OG0026063		
OG0026064		
OG0026065		
OG0026066		
OG0026067		
OG0026068		
OG0026069		
OG0026070		
OG0026071		
OG0026072		
OG0026073		
OG0026074		
OG0026075		
OG0026076		
OG0026077		
OG0026078		
OG0026079		
OG0026080		
OG0026081		
OG0026082		
OG0026083		
OG0026084		
OG0026085		
OG0026086		
OG0026087		
OG0026088		
OG0026089		
OG0026090		
OG0026091		
OG0026092		
OG0026093		
OG0026094		
OG0026095		
OG0026096		
OG0026097		
OG0026098		
OG0026099		
OG0026100		
OG0026101		
OG0026102		
OG0026103		
OG0026104		
OG0026105		
OG0026106		
OG0026107		
OG0026108		
OG0026109		
OG0026110		
OG0026111		
OG0026112		
OG0026113		
OG0026114		
OG0026115		
OG0026116		
OG0026117		
OG0026118		
OG0026119		
OG0026120		
OG0026121		
OG0026122		
OG0026123		
OG0026124		
OG0026125		
OG0026126		
OG0026127		
OG0026128		
OG0026129		
OG0026130		
OG0026131		
OG0026132		
OG0026133		
OG0026134		
OG0026135		
OG0026136		
OG0026137		
OG0026138		
OG0026139		
OG0026140		
OG0026141		
OG0026142		
OG0026143		
OG0026144		
OG0026145		
OG0026146		
OG0026147		
OG0026148		
OG0026149		
OG0026150		
OG0026151		
OG0026152		
OG0026153		
OG0026154		
OG0026155		
OG0026156		
OG0026157		
OG0026158		
OG0026159		
OG0026160		
OG0026161		
OG0026162		
OG0026163		
OG0026164		
OG0026165		
OG0026166		
OG0026167		
OG0026168		
OG0026169		
OG0026170		
OG0026171		
OG0026172		
OG0026173		
OG0026174		
OG0026175		
OG0026176		
OG0026177		
OG0026178		
OG0026179		
OG0026180		
OG0026181		
OG0026182		
OG0026183		
OG0026184		
OG0026185		
OG0026186		
OG0026187		
OG0026188		
OG0026189		
OG0026190		
OG0026191		
OG0026192		
OG0026193		
OG0026194		
OG0026195		
OG0026196		
OG0026197		
OG0026198		
OG0026199		
OG0026200		
OG0026201		
OG0026202		
OG0026203		
OG0026204		
OG0026205		
OG0026206		
OG0026207		
OG0026208		
OG0026209		
OG0026210		
OG0026211		
OG0026212		
OG0026213		
OG0026214		
OG0026215		
OG0026216		
OG0026217		
OG0026218		
OG0026219		
OG0026220		
OG0026221		
OG0026222		
OG0026223		
OG0026224		
OG0026225		
OG0026226		
OG0026227		
OG0026228		
OG0026229		
OG0026230		
OG0026231		
OG0026232		
OG0026233		
OG0026234		
OG0026235		
OG0026236		
OG0026237		
OG0026238		
OG0026239		
OG0026240		
OG0026241		
OG0026242		
OG0026243		
OG0026244		
OG0026245		
OG0026246		
OG0026247		
OG0026248		
OG0026249		
OG0026250		
OG0026251		
OG0026252		
OG0026253		
OG0026254		
OG0026255		
OG0026256		
OG0026257		
OG0026258		
OG0026259		
OG0026260		
OG0026261		
OG0026262		
OG0026263		
OG0026264		
OG0026265		
OG0026266		
OG0026267		
OG0026268		
OG0026269		
OG0026270		
OG0026271		
OG0026272		
OG0026273		
OG0026274		
OG0026275		
OG0026276		
OG0026277		
OG0026278		
OG0026279		
OG0026280		
OG0026281		
OG0026282		
OG0026283		
OG0026284		
OG0026285		
OG0026286		
OG0026287		
OG0026288		
OG0026289		
OG0026290		
OG0026291		
OG0026292		
OG0026293		
OG0026294		
OG0026295		
OG0026296		
OG0026297		
OG0026298		
OG0026299		
OG0026300		
OG0026301		
OG0026302		
OG0026303		
OG0026304		
OG0026305		
OG0026306		
OG0026307		
OG0026308		
OG0026309		
OG0026310		
OG0026311		
OG0026312		
OG0026313		
OG0026314		
OG0026315		
OG0026316		
OG0026317		
OG0026318		
OG0026319		
OG0026320		
OG0026321		
OG0026322		
OG0026323		
OG0026324		
OG0026325		
OG0026326		
OG0026327		
OG0026328		
OG0026329		
OG0026330		
OG0026331		
OG0026332		
OG0026333		
OG0026334		
OG0026335		
OG0026336		
OG0026337		
OG0026338		
OG0026339		
OG0026340		
OG0026341		
OG0026342		
OG0026343		
OG0026344		
OG0026345		
OG0026346		
OG0026347		
OG0026348		
OG0026349		
OG0026350		
OG0026351		
OG0026352		
OG0026353		
OG0026354		
OG0026355		
OG0026356		
OG0026357		
OG0026358		
OG0026359		
OG0026360		
OG0026361		
OG0026362		
OG0026363		
OG0026364		
OG0026365		
OG0026366		
OG0026367		
OG0026368		
OG0026369		
OG0026370		
OG0026371		
OG0026372		
OG0026373		
OG0026374		
OG0026375		
OG0026376		
OG0026377		
OG0026378		
OG0026379		
OG0026380		
OG0026381		
OG0026382		
OG0026383		
OG0026384		
OG0026385		
OG0026386		
OG0026387		
OG0026388		
OG0026389		
OG0026390		
OG0026391		
OG0026392		
OG0026393		
OG0026394		
OG0026395		
OG0026396		
OG0026397		
OG0026398		
OG0026399		
OG0026400		
OG0026401		
OG0026402		
OG0026403		
OG0026404		
OG0026405		
OG0026406		
OG0026407		
OG0026408		
OG0026409		
OG0026410		
OG0026411		
OG0026412		
OG0026413		
OG0026414		
OG0026415		
OG0026416		
OG0026417		
OG0026418		
OG0026419		
OG0026420		
OG0026421		
OG0026422		
OG0026423		
OG0026424		
OG0026425		
OG0026426		
OG0026427		
OG0026428		
OG0026429		
OG0026430		
OG0026431		
OG0026432		
OG0026433		
OG0026434		
OG0026435		
OG0026436		
OG0026437		
OG0026438		
OG0026439		
OG0026440		
OG0026441		
OG0026442		
OG0026443		
OG0026444		
OG0026445		
OG0026446		
OG0026447		
OG0026448		
OG0026449		
OG0026450		
OG0026451		
OG0026452		
OG0026453		
OG0026454		
OG0026455		
OG0026456		
OG0026457		
OG0026458		
OG0026459		
OG0026460		
OG0026461		
OG0026462		
OG0026463		
OG0026464		
OG0026465		
OG0026466		
OG0026467		
OG0026468		
OG0026469		
OG0026470		
OG0026471		
OG0026472		
OG0026473		
OG0026474		
OG0026475		
OG0026476		
OG0026477		
OG0026478		
OG0026479		
OG0026480		
OG0026481		
OG0026482		
OG0026483		
OG0026484		
OG0026485		
OG0026486		
OG0026487		
OG0026488		
OG0026489		
OG0026490		
OG0026491		
OG0026492		
OG0026493		
OG0026494		
OG0026495		
OG0026496		
OG0026497		
OG0026498		
OG0026499		
OG0026500		
OG0026501		
OG0026502		
OG0026503		
OG0026504		
OG0026505		
OG0026506		
OG0026507		
OG0026508		
OG0026509		
OG0026510		
OG0026511		
OG0026512		
OG0026513		
OG0026514		
OG0026515		
OG0026516		
OG0026517		
OG0026518		
OG0026519		
OG0026520		
OG0026521		
OG0026522		
OG0026523		
OG0026524		
OG0026525		
OG0026526		
OG0026527		
OG0026528		
OG0026529		
OG0026530		
OG0026531		
OG0026532		
OG0026533		
OG0026534		
OG0026535		
OG0026536		
OG0026537		
OG0026538		
OG0026539		
OG0026540		
OG0026541		
OG0026542		
OG0026543		
OG0026544		
OG0026545		
OG0026546		
OG0026547		
OG0026548		
OG0026549		
OG0026550		
OG0026551		
OG0026552		
OG0026553		
OG0026554		
OG0026555		
OG0026556		
OG0026557		
OG0026558		
OG0026559		
OG0026560		
OG0026561		
OG0026562		
OG0026563		
OG0026564		
OG0026565		
OG0026566		
OG0026567		
OG0026568		
OG0026569		
OG0026570		
OG0026571		
OG0026572		
OG0026573		
OG0026574		
OG0026575		
OG0026576		
OG0026577		
OG0026578		
OG0026579		
OG0026580		
OG0026581		
OG0026582		
OG0026583		
OG0026584		
OG0026585		
OG0026586		
OG0026587		
OG0026588		
OG0026589		
OG0026590		
OG0026591		
OG0026592		
OG0026593		
OG0026594		
OG0026595		
OG0026596		
OG0026597		
OG0026598		
OG0026599		
OG0026600		
OG0026601		
OG0026602		
OG0026603		
OG0026604		
OG0026605		
OG0026606		
OG0026607		
OG0026608		
OG0026609		
OG0026610		
OG0026611		
OG0026612		
OG0026613		
OG0026614		
OG0026615		
OG0026616		
OG0026617		
OG0026618		
OG0026619		
OG0026620		
OG0026621		
OG0026622		
OG0026623		
OG0026624		
OG0026625		
OG0026626		
OG0026627		
OG0026628		
OG0026629		
OG0026630		
OG0026631		
OG0026632		
OG0026633		
OG0026634		
OG0026635		
OG0026636		
OG0026637		
OG0026638		
OG0026639		
OG0026640		
OG0026641		
OG0026642		
OG0026643		
OG0026644		
OG0026645		
OG0026646		
OG0026647		
OG0026648		
OG0026649		
OG0026650		
OG0026651		
OG0026652		
OG0026653		
OG0026654		
OG0026655		
OG0026656		
OG0026657		
OG0026658		
OG0026659		
OG0026660		
OG0026661		
OG0026662		
OG0026663		
OG0026664		
OG0026665		
OG0026666		
OG0026667		
OG0026668		
OG0026669		
OG0026670		
OG0026671		
OG0026672		
OG0026673		
OG0026674		
OG0026675		
OG0026676		
OG0026677		
OG0026678		
OG0026679		
OG0026680		
OG0026681		
OG0026682		
OG0026683		
OG0026684		
OG0026685		
OG0026686		
OG0026687		
OG0026688		
OG0026689		
OG0026690		
OG0026691		
OG0026692		
OG0026693		
OG0026694		
OG0026695		
OG0026696		
OG0026697		
OG0026698		
OG0026699		
OG0026700		
OG0026701		
OG0026702		
OG0026703		
OG0026704		
OG0026705		
OG0026706		
OG0026707		
OG0026708		
OG0026709		
OG0026710		
OG0026711		
OG0026712		
OG0026713		
OG0026714		
OG0026715		
OG0026716		
OG0026717		
OG0026718		
OG0026719		
OG0026720		
OG0026721		
OG0026722		
OG0026723		
OG0026724		
OG0026725		
OG0026726		
OG0026727		
OG0026728		
OG0026729		
OG0026730		
OG0026731		
OG0026732		
OG0026733		
OG0026734		
OG0026735		
OG0026736		
OG0026737		
OG0026738		
OG0026739		
OG0026740		
OG0026741		
OG0026742		
OG0026743		
OG0026744		
OG0026745		
OG0026746		
OG0026747		
OG0026748		
OG0026749		
OG0026750		
OG0026751		
OG0026752		
OG0026753		
OG0026754		
OG0026755		
OG0026756		
OG0026757		
OG0026758		
OG0026759		
OG0026760		
OG0026761		
OG0026762		
OG0026763		
OG0026764		
OG0026765		
OG0026766		
OG0026767		
OG0026768		
OG0026769		
OG0026770		
OG0026771		
OG0026772		
OG0026773		
OG0026774		
OG0026775		
OG0026776		
OG0026777		
OG0026778		
OG0026779		
OG0026780		
OG0026781		
OG0026782		
OG0026783		
OG0026784		
OG0026785		
OG0026786		
OG0026787		
OG0026788		
OG0026789		
OG0026790		
OG0026791		
OG0026792		
OG0026793		
OG0026794		
OG0026795		
OG0026796		
OG0026797		
OG0026798		
OG0026799		
OG0026800		
OG0026801		
OG0026802		
OG0026803		
OG0026804		
OG0026805		
OG0026806		
OG0026807		
OG0026808		
OG0026809		
OG0026810		
OG0026811		
OG0026812		
OG0026813		
OG0026814		
OG0026815		
OG0026816		
OG0026817		
OG0026818		
OG0026819		
OG0026820		
OG0026821		
OG0026822		
OG0026823		
OG0026824		
OG0026825		
OG0026826		
OG0026827		
OG0026828		
OG0026829		
OG0026830		
OG0026831		
OG0026832		
OG0026833		
OG0026834		
OG0026835		
OG0026836		
OG0026837		
OG0026838		
OG0026839		
OG0026840		
OG0026841		
OG0026842		
OG0026843		
OG0026844		
OG0026845		
OG0026846		
OG0026847		
OG0026848		
OG0026849		
OG0026850		
OG0026851		
OG0026852		
OG0026853		
OG0026854		
OG0026855		
OG0026856		
OG0026857		
OG0026858		
OG0026859		
OG0026860		AT4G22463
OG0026861		
OG0026862		
OG0026863		
OG0026864		
OG0026865		
OG0026866		
OG0026867		
OG0026868		
OG0026869		
OG0026870		
OG0026871		
OG0026872		
OG0026873		
OG0026874		
OG0026875		
OG0026876		
OG0026877		
OG0026878		
OG0026879		
OG0026880		
OG0026881		
OG0026882		
OG0026883		
OG0026884		
OG0026885		
OG0026886		
OG0026887		
OG0026888		
OG0026889		
OG0026890		
OG0026891		
OG0026892		
OG0026893		
OG0026894		
OG0026895		
OG0026896		
OG0026897		
OG0026898		
OG0026899		
OG0026900		
OG0026901		
OG0026902		
OG0026903		
OG0026904		
OG0026905		
OG0026906		
OG0026907		
OG0026908		
OG0026909		
OG0026910		
OG0026911		
OG0026912		
OG0026913		
OG0026914		
OG0026915		
OG0026916		
OG0026917		
OG0026918		
OG0026919		
OG0026920		
OG0026921		
OG0026922		
OG0026923		
OG0026924		
OG0026925		
OG0026926		
OG0026927		
OG0026928		
OG0026929		
OG0026930		
OG0026931		
OG0026932		
OG0026933		
OG0026934		
OG0026935		
OG0026936		
OG0026937		
OG0026938		
OG0026939		
OG0026940		
OG0026941		
OG0026942		
OG0026943		
OG0026944		
OG0026945		
OG0026946		
OG0026947		
OG0026948		
OG0026949		
OG0026950		
OG0026951		
OG0026952		
OG0026953		
OG0026954		
OG0026955		
OG0026956		
OG0026957		
OG0026958		
OG0026959		
OG0026960		
OG0026961		
OG0026962		AT1G78480
OG0026963		
OG0026964		
OG0026965		
OG0026966		
OG0026967		
OG0026968		
OG0026969		
OG0026970		
OG0026971		
OG0026972		
OG0026973		
OG0026974		
OG0026975		
OG0026976		
OG0026977		
OG0026978		
OG0026979		
OG0026980		
OG0026981		
OG0026982		
OG0026983		
OG0026984		
OG0026985		
OG0026986		
OG0026987		
OG0026988		
OG0026989		
OG0026990		
OG0026991		
OG0026992		
OG0026993		
OG0026994		
OG0026995		
OG0026996		
OG0026997		
OG0026998		
OG0026999		
OG0027000		
OG0027001		
OG0027002		
OG0027003		
OG0027004		
OG0027005		
OG0027006		
OG0027007		
OG0027008		
OG0027009		
OG0027010		
OG0027011		
OG0027012		
OG0027013		
OG0027014		
OG0027015		
OG0027016		
OG0027017		
OG0027018		
OG0027019		
OG0027020		
OG0027021		
OG0027022		
OG0027023		
OG0027024		
OG0027025		
OG0027026		
OG0027027		
OG0027028		
OG0027029		
OG0027030		
OG0027031		
OG0027032		
OG0027033		
OG0027034		
OG0027035		
OG0027036		
OG0027037		
OG0027038		
OG0027039		
OG0027040		
OG0027041		
OG0027042		
OG0027043		
OG0027044		
OG0027045		
OG0027046		
OG0027047		
OG0027048		
OG0027049		
OG0027050		
OG0027051		
OG0027052		
OG0027053		
OG0027054		
OG0027055		
OG0027056		
OG0027057		
OG0027058		
OG0027059		
OG0027060		
OG0027061		
OG0027062		
OG0027063		
OG0027064		
OG0027065		
OG0027066		
OG0027067		
OG0027068		
OG0027069		
OG0027070		
OG0027071		
OG0027072		
OG0027073		
OG0027074		
OG0027075		
OG0027076		
OG0027077		
OG0027078		
OG0027079		
OG0027080		
OG0027081		
OG0027082		
OG0027083		
OG0027084		
OG0027085		
OG0027086		
OG0027087		
OG0027088		
OG0027089		
OG0027090		
OG0027091		
OG0027092		
OG0027093		
OG0027094		
OG0027095		
OG0027096		
OG0027097		
OG0027098		
OG0027099		
OG0027100		
OG0027101		
OG0027102		
OG0027103		
OG0027104		
OG0027105		
OG0027106		
OG0027107		
OG0027108		
OG0027109		
OG0027110		
OG0027111		
OG0027112		
OG0027113		
OG0027114		
OG0027115		
OG0027116		
OG0027117		
OG0027118		
OG0027119		
OG0027120		
OG0027121		
OG0027122		
OG0027123		
OG0027124		
OG0027125		
OG0027126		
OG0027127		
OG0027128		
OG0027129		
OG0027130		
OG0027131		
OG0027132		
OG0027133		
OG0027134		
OG0027135		
OG0027136		
OG0027137		
OG0027138		
OG0027139		
OG0027140		
OG0027141		
OG0027142		
OG0027143		
OG0027144		
OG0027145		
OG0027146		
OG0027147		
OG0027148		
OG0027149		
OG0027150		
OG0027151		
OG0027152		
OG0027153		
OG0027154		
OG0027155		
OG0027156		
OG0027157		
OG0027158		
OG0027159		
OG0027160		
OG0027161		
OG0027162		
OG0027163		
OG0027164		
OG0027165		
OG0027166		
OG0027167		
OG0027168		
OG0027169		
OG0027170		
OG0027171		
OG0027172		
OG0027173		
OG0027174		
OG0027175		
OG0027176		
OG0027177		
OG0027178		
OG0027179		
OG0027180		
OG0027181		
OG0027182		
OG0027183		
OG0027184		
OG0027185		
OG0027186		
OG0027187		
OG0027188		
OG0027189		
OG0027190		
OG0027191		
OG0027192		
OG0027193		
OG0027194		
OG0027195		
OG0027196		
OG0027197		
OG0027198		
OG0027199		
OG0027200		
OG0027201		
OG0027202		AT3G32090
OG0027203		
OG0027204		
OG0027205		
OG0027206		
OG0027207		
OG0027208		
OG0027209		
OG0027210		
OG0027211		
OG0027212		
OG0027213		
OG0027214		
OG0027215		
OG0027216		AT1G68877
OG0027217		
OG0027218		
OG0027219		
OG0027220		
OG0027221		
OG0027222		
OG0027223		
OG0027224		
OG0027225		
OG0027226		
OG0027227		
OG0027228		
OG0027229		
OG0027230		
OG0027231		
OG0027232		
OG0027233		AT1G80555
OG0027234		
OG0027235		
OG0027236		
OG0027237		
OG0027238		
OG0027239		
OG0027240		
OG0027241		
OG0027242		
OG0027243		
OG0027244		
OG0027245		
OG0027246		
OG0027247		
OG0027248		
OG0027249		
OG0027250		
OG0027251		
OG0027252		
OG0027253		
OG0027254		
OG0027255		
OG0027256		
OG0027257		
OG0027258		
OG0027259		
OG0027260		
OG0027261		
OG0027262		
OG0027263		
OG0027264		
OG0027265		
OG0027266		
OG0027267		
OG0027268		
OG0027269		
OG0027270		
OG0027271		
OG0027272		
OG0027273		
OG0027274		
OG0027275		
OG0027276		
OG0027277		
OG0027278		
OG0027279		
OG0027280		
OG0027281		
OG0027282		
OG0027283		
OG0027284		
OG0027285		
OG0027286		
OG0027287		
OG0027288		
OG0027289		
OG0027290		
OG0027291		
OG0027292		
OG0027293		
OG0027294		
OG0027295		
OG0027296		
OG0027297		AT3G28530
OG0027298		
OG0027299		
OG0027300		
OG0027301		
OG0027302		
OG0027303		
OG0027304		
OG0027305		AT4G38230
OG0027306		
OG0027307		
OG0027308		
OG0027309		
OG0027310		
OG0027311		
OG0027312		
OG0027313		
OG0027314		
OG0027315		
OG0027316		
OG0027317		
OG0027318		
OG0027319		
OG0027320		
OG0027321		
OG0027322		
OG0027323		
OG0027324		
OG0027325		
OG0027326		
OG0027327		
OG0027328		
OG0027329		
OG0027330		
OG0027331		
OG0027332		
OG0027333		
OG0027334		
OG0027335		
OG0027336		
OG0027337		
OG0027338		
OG0027339		
OG0027340		
OG0027341		
OG0027342		
OG0027343		
OG0027344		
OG0027345		
OG0027346		
OG0027347		
OG0027348		
OG0027349		
OG0027350		
OG0027351		
OG0027352		
OG0027353		
OG0027354		
OG0027355		
OG0027356		
OG0027357		
OG0027358		
OG0027359		
OG0027360		
OG0027361		
OG0027362		
OG0027363		
OG0027364		
OG0027365		
OG0027366		
OG0027367		
OG0027368		
OG0027369		
OG0027370		
OG0027371		
OG0027372		
OG0027373		
OG0027374		
OG0027375		
OG0027376		
OG0027377		
OG0027378		
OG0027379		
OG0027380		
OG0027381		
OG0027382		
OG0027383		
OG0027384		
OG0027385		
OG0027386		
OG0027387		
OG0027388		
OG0027389		
OG0027390		
OG0027391		
OG0027392		
OG0027393		
OG0027394		
OG0027395		
OG0027396		
OG0027397		
OG0027398		
OG0027399		
OG0027400		
OG0027401		
OG0027402		
OG0027403		
OG0027404		
OG0027405		
OG0027406		
OG0027407		
OG0027408		
OG0027409		
OG0027410		
OG0027411		
OG0027412		
OG0027413		
OG0027414		
OG0027415		
OG0027416		
OG0027417		
OG0027418		
OG0027419		
OG0027420		
OG0027421		
OG0027422		
OG0027423		
OG0027424		
OG0027425		
OG0027426		
OG0027427		
OG0027428		
OG0027429		
OG0027430		
OG0027431		
OG0027432		
OG0027433		
OG0027434		
OG0027435		
OG0027436		
OG0027437		
OG0027438		
OG0027439		
OG0027440		
OG0027441		
OG0027442		
OG0027443		
OG0027444		
OG0027445		
OG0027446		
OG0027447		
OG0027448		
OG0027449		
OG0027450		
OG0027451		
OG0027452		
OG0027453		
OG0027454		
OG0027455		
OG0027456		
OG0027457		
OG0027458		
OG0027459		
OG0027460		
OG0027461		
OG0027462		
OG0027463		
OG0027464		
OG0027465		
OG0027466		
OG0027467		
OG0027468		
OG0027469		
OG0027470		
OG0027471		
OG0027472		
OG0027473		
OG0027474		
OG0027475		
OG0027476		
OG0027477		
OG0027478		
OG0027479		
OG0027480		
OG0027481		
OG0027482		
OG0027483		
OG0027484		
OG0027485		
OG0027486		
OG0027487		
OG0027488		
OG0027489		
OG0027490		
OG0027491		
OG0027492		
OG0027493		
OG0027494		
OG0027495		
OG0027496		
OG0027497		
OG0027498		
OG0027499		
OG0027500		
OG0027501		
OG0027502		
OG0027503		
OG0027504		
OG0027505		
OG0027506		
OG0027507		
OG0027508		
OG0027509		
OG0027510		
OG0027511		
OG0027512		
OG0027513		
OG0027514		
OG0027515		
OG0027516		
OG0027517		
OG0027518		
OG0027519		
OG0027520		
OG0027521		
OG0027522		
OG0027523		
OG0027524		
OG0027525		
OG0027526		
OG0027527		
OG0027528		
OG0027529		
OG0027530		
OG0027531		
OG0027532		
OG0027533		
OG0027534		
OG0027535		
OG0027536		
OG0027537		
OG0027538		
OG0027539		
OG0027540		
OG0027541		
OG0027542		
OG0027543		
OG0027544		
OG0027545		
OG0027546		
OG0027547		
OG0027548		
OG0027549		
OG0027550		
OG0027551		
OG0027552		
OG0027553		
OG0027554		
OG0027555		
OG0027556		
OG0027557		
OG0027558	ostta09g04160	
OG0027559		
OG0027560		
OG0027561		
OG0027562		
OG0027563		
OG0027564		
OG0027565		
OG0027566		
OG0027567		
OG0027568		
OG0027569		
OG0027570		
OG0027571		
OG0027572		
OG0027573		
OG0027574		
OG0027575		
OG0027576		
OG0027577		
OG0027578		
OG0027579		
OG0027580		
OG0027581		
OG0027582		
OG0027583		
OG0027584		
OG0027585		
OG0027586		
OG0027587		
OG0027588	ostta03g02080	
OG0027589		
OG0027590		
OG0027591		
OG0027592		
OG0027593		
OG0027594		
OG0027595		
OG0027596		
OG0027597		
OG0027598		
OG0027599		AT1G01130, AT2G24310, AT5G47170
OG0027600		AT1G01355, AT3G13280, AT5G35640
OG0027601		AT1G02570, AT1G02575, AT2G47360
OG0027602		AT1G04330
OG0027603		AT1G05035, AT1G05783, AT1G06148
OG0027604		AT1G05087, AT1G05090, AT4G20720
OG0027605		AT1G06225, AT1G73165, AT2G31081
OG0027606		AT1G06270
OG0027607		AT1G12180, AT5G47600
OG0027608		AT1G13607, AT1G13608, AT1G13609
OG0027609		AT1G14770, AT1G68030
OG0027610		AT1G15050, AT2G01200
OG0027611		AT1G15430, AT1G80220, AT2G26050
OG0027612		AT1G17285, AT1G17300, AT5G50443
OG0027613		AT1G17780, AT1G73130, AT2G16575
OG0027614		AT1G18200, AT1G73640
OG0027615		AT1G20100, AT1G75860, AT1G76230
OG0027616		AT1G21395, AT2G26865, AT2G36724
OG0027617		AT1G21722
OG0027618		AT1G23830, AT1G23840, AT1G23850
OG0027619		AT1G23915, AT1G36085, AT3G28785
OG0027620		AT1G24600, AT1G67920
OG0027621		AT1G24822, AT1G24996, AT1G25097
OG0027622		AT1G25422, AT1G68500
OG0027623		AT1G25470, AT1G68550, AT3G25890
OG0027624		AT1G26920, AT1G69760
OG0027625		AT1G28400, AT2G33850
OG0027626		AT1G29530, AT2G34310, AT4G18070
OG0027627		AT1G29620, AT1G32720, AT2G14270
OG0027628		AT1G29720, AT1G29730, AT1G29740
OG0027629		AT1G29750
OG0027630		AT1G30795, AT2G34870, AT3G02670
OG0027631		AT1G31250, AT1G31255, AT5G44973
OG0027632		AT1G32600, AT1G54640, AT3G16210
OG0027633		AT1G34315, AT3G43870, AT3G44210
OG0027634		AT1G35430, AT4G09170
OG0027635		AT1G35617, AT2G16018, AT3G43837
OG0027636		AT1G36000, AT2G19510, AT2G19820
OG0027637		AT1G37000, AT4G29200, AT5G49250
OG0027638		AT1G40087, AT1G42700, AT3G30200
OG0027639		AT1G45403, AT5G38080, AT5G38090
OG0027640		AT1G47657, AT5G35067, AT5G35069
OG0027641		AT1G48150, AT1G50780, AT5G27130
OG0027642		AT1G49475
OG0027643		AT1G49680, AT4G28870, AT5G15685
OG0027644		AT1G51150, AT5G54745
OG0027645		AT1G52410, AT3G15950, AT3G15960
OG0027646		AT1G52440, AT1G52460, AT1G52470
OG0027647		AT1G53163, AT3G15250
OG0027648		AT1G53180, AT3G15115
OG0027649		AT1G55710, AT3G53342, AT4G18692
OG0027650		AT1G55770, AT4G02250
OG0027651		AT1G59835, AT3G50610, AT5G66816
OG0027652		AT1G61320, AT1G61330
OG0027653		AT1G61563, AT1G61566, AT2G22055
OG0027654		AT1G62260
OG0027655		AT1G64330, AT5G41790
OG0027656		AT1G66045, AT4G03040, AT5G33330
OG0027657		AT1G67035, AT5G38300
OG0027658		AT1G75335, AT5G60030
OG0027659		AT1G77765
OG0027660		AT1G79080
OG0027661		AT1G80625, AT2G20625, AT3G19790
OG0027662		AT2G01035, AT2G01045, AT5G28345
OG0027663		AT2G01379, AT2G25125
OG0027664		AT2G03965, AT4G06643, AT4G08691
OG0027665		AT2G06166, AT4G17713, AT4G17718
OG0027666		AT2G06555, AT4G08270, AT5G52547
OG0027667		AT2G07215, AT2G10965, AT3G44980
OG0027668		AT2G07599, ATMG01040
OG0027669		AT2G07701, ATMG00430, ATMG01150
OG0027670		AT2G07702, ATMG00440, ATMG01140
OG0027671		AT2G07760, AT5G28823, AT5G32613
OG0027672		AT2G10557, AT3G28674, AT5G04853
OG0027673		AT2G11015, AT4G06490, AT5G29050
OG0027674		AT2G11626, AT2G15025, AT5G35890
OG0027675		AT2G12880
OG0027676		AT2G15000, AT4G34265
OG0027677		AT2G16505, AT2G16535, AT4G15953
OG0027678		AT2G17680, AT4G35690, AT4G35710
OG0027679		AT2G17723, AT3G45093, AT5G43401
OG0027680		AT2G18260
OG0027681		AT2G18680, AT2G18690
OG0027682		AT2G19850, AT3G54730, AT4G04030
OG0027683		AT2G20350, AT5G67000, AT5G67010
OG0027684		AT2G22805, AT2G22807, AT2G22941
OG0027685		AT2G24615, AT2G24625, AT5G39365
OG0027686		AT2G24945, AT3G26800, AT4G36925
OG0027687		AT2G27300, AT3G44290, AT5G22290
OG0027688		AT2G28870, AT5G59360
OG0027689		AT2G32360
OG0027690		AT2G34530, AT2G34540
OG0027691		AT2G36815
OG0027692		AT2G38790
OG0027693		AT2G38823, AT3G54520, AT3G54530
OG0027694		AT2G39230, AT3G54980
OG0027695		AT2G39782, AT3G26390, AT5G39010
OG0027696		AT2G40240, AT3G56030
OG0027697		AT2G40500, AT2G40560, AT2G40580
OG0027698		AT2G41390, AT2G41400, AT5G05020
OG0027699		AT2G41440, AT2G41445, AT2G41470
OG0027700		AT2G41730, AT5G24640
OG0027701		AT2G42560
OG0027702		AT2G44010, AT3G59880
OG0027703		AT2G44800, AT3G60290
OG0027704		AT2G46640
OG0027705		AT3G02480, AT5G15960, AT5G15970
OG0027706		AT3G02610, AT3G02620, AT5G16230
OG0027707		AT3G04390, AT4G31196, AT4G37500
OG0027708		AT3G05130, AT5G27330
OG0027709		AT3G05900
OG0027710		AT3G05935, AT5G26720
OG0027711		AT3G06250, AT5G18960
OG0027712		AT3G09130, AT3G42780, AT3G42786
OG0027713		AT3G13140
OG0027714		AT3G14190, AT5G12360
OG0027715		AT3G14970, AT3G15440, AT3G15740
OG0027716		AT3G19350
OG0027717		AT3G19615
OG0027718		AT3G24060
OG0027719		AT3G24508, AT3G24510, AT3G24513
OG0027720		AT3G24542, AT3G43574, AT3G44070
OG0027721		AT3G25590
OG0027722		AT3G31900, AT3G32280, AT3G32330
OG0027723		AT3G43260, AT3G62460, AT3G62530
OG0027724		AT3G47295, AT5G58650
OG0027725		AT3G49820, AT4G37700, AT5G65925
OG0027726		AT3G50020, AT5G45277
OG0027727		AT3G50720, AT3G50730, AT5G66710
OG0027728		AT3G51540, AT4G03156, AT4G08190
OG0027729		AT3G55780
OG0027730		AT3G58770
OG0027731		AT4G01520, AT4G01540, AT4G01550
OG0027732		AT4G02160, AT5G61710
OG0027733		AT4G03175
OG0027734		AT4G03566, AT5G19270
OG0027735		AT4G05018, AT4G21500
OG0027736		AT4G10860, AT4G10870, AT4G10880
OG0027737		AT4G11780, AT4G23020
OG0027738		AT4G11930, AT4G11940, AT4G38065
OG0027739		AT4G12930, AT4G12940, AT4G28930
OG0027740		AT4G13095, AT4G19905, AT4G29285
OG0027741		AT4G15990, AT4G16000, AT4G16024
OG0027742		AT4G18310, AT4G18320, AT4G22400
OG0027743		AT4G19260, AT4G19275, AT4G19340
OG0027744		AT4G20790
OG0027745		AT4G21366
OG0027746		AT4G22370
OG0027747		AT4G22467, AT4G22475, AT4G22495
OG0027748		AT4G25845, AT5G57400
OG0027749		AT4G27652, AT4G27657, AT5G54145
OG0027750		AT4G31351, AT4G31354, AT4G31405
OG0027751		AT4G32340
OG0027752		AT4G32370, AT4G32375, AT4G32380
OG0027753		AT4G34560
OG0027754		AT4G34630, AT5G48420
OG0027755		AT4G37445
OG0027756		AT5G01910
OG0027757		AT5G03120
OG0027758		AT5G03920, AT5G03930, AT5G04010
OG0027759		AT5G06020, AT5G06030, AT5G06040
OG0027760		AT5G07730, AT5G61360
OG0027761		AT5G09976, AT5G64890, AT5G64900
OG0027762		AT5G10040, AT5G65207
OG0027763		AT5G10680
OG0027764		AT5G11360, AT5G11400, AT5G11410
OG0027765		AT5G11440, AT5G25540
OG0027766		AT5G11820, AT5G26050, AT5G26060
OG0027767		AT5G14970
OG0027768		AT5G22520, AT5G22530, AT5G22545
OG0027769		AT5G25980, AT5G26000, AT5G48375
OG0027770		AT5G36722, AT5G36810
OG0027771		AT5G38180, AT5G38195, AT5G38197
OG0027772		AT5G43064, AT5G43066, AT5G43068
OG0027773		AT5G43190
OG0027774		AT5G50115, AT5G50510, AT5G50620
OG0027775		AT5G51160
OG0027776		AT5G54340, AT5G54350, AT5G54360
OG0027777		AT5G65609, AT5G66658, AT5G67245
OG0027778		
OG0027779		
OG0027780		
OG0027781		
OG0027782		
OG0027783		
OG0027784		
OG0027785		
OG0027786		
OG0027787		
OG0027788		
OG0027789		
OG0027790		
OG0027791		
OG0027792		
OG0027793		
OG0027794		
OG0027795		
OG0027796		
OG0027797		
OG0027798		
OG0027799		
OG0027800		
OG0027801		
OG0027802		
OG0027803		
OG0027804		
OG0027805		
OG0027806		
OG0027807		
OG0027808		
OG0027809		
OG0027810		
OG0027811		
OG0027812		
OG0027813		
OG0027814		
OG0027815		
OG0027816		
OG0027817		
OG0027818		
OG0027819		
OG0027820		
OG0027821		
OG0027822		
OG0027823		
OG0027824		
OG0027825		
OG0027826		
OG0027827		
OG0027828		
OG0027829		
OG0027830		
OG0027831		
OG0027832		
OG0027833		
OG0027834		
OG0027835		
OG0027836		
OG0027837		
OG0027838		
OG0027839		
OG0027840		
OG0027841		
OG0027842		
OG0027843		
OG0027844		
OG0027845		
OG0027846		
OG0027847		
OG0027848		
OG0027849		
OG0027850		
OG0027851		
OG0027852		
OG0027853		
OG0027854		
OG0027855		
OG0027856		
OG0027857		
OG0027858		
OG0027859		
OG0027860		
OG0027861		
OG0027862		
OG0027863		
OG0027864		
OG0027865		
OG0027866		
OG0027867		
OG0027868		
OG0027869		
OG0027870		
OG0027871		
OG0027872		
OG0027873		
OG0027874		
OG0027875		
OG0027876		
OG0027877		
OG0027878		
OG0027879		
OG0027880		
OG0027881		
OG0027882		
OG0027883		
OG0027884		
OG0027885		
OG0027886		
OG0027887		
OG0027888		
OG0027889		
OG0027890		
OG0027891		
OG0027892		
OG0027893		
OG0027894		
OG0027895		
OG0027896		
OG0027897		
OG0027898		
OG0027899		
OG0027900		
OG0027901		
OG0027902		
OG0027903		
OG0027904		
OG0027905		
OG0027906		
OG0027907		
OG0027908		
OG0027909		
OG0027910		
OG0027911		
OG0027912		
OG0027913		
OG0027914		
OG0027915		
OG0027916		
OG0027917		
OG0027918		
OG0027919		
OG0027920		
OG0027921		
OG0027922		
OG0027923		
OG0027924		
OG0027925		
OG0027926		
OG0027927		
OG0027928		
OG0027929		
OG0027930		
OG0027931		
OG0027932		
OG0027933		
OG0027934		
OG0027935		
OG0027936		
OG0027937		
OG0027938		
OG0027939		
OG0027940		
OG0027941		
OG0027942		
OG0027943		
OG0027944		
OG0027945		
OG0027946		
OG0027947		
OG0027948		
OG0027949		
OG0027950		
OG0027951		
OG0027952		
OG0027953		
OG0027954		
OG0027955		
OG0027956		
OG0027957		
OG0027958		
OG0027959		
OG0027960		
OG0027961		
OG0027962		
OG0027963		
OG0027964		
OG0027965		
OG0027966		
OG0027967		
OG0027968		
OG0027969		
OG0027970		
OG0027971		
OG0027972		
OG0027973		
OG0027974		
OG0027975		
OG0027976		
OG0027977		
OG0027978		
OG0027979		
OG0027980		
OG0027981		
OG0027982		
OG0027983		
OG0027984		
OG0027985		
OG0027986		
OG0027987		
OG0027988		
OG0027989		
OG0027990		
OG0027991		
OG0027992		
OG0027993		
OG0027994		
OG0027995		
OG0027996		
OG0027997		
OG0027998		
OG0027999		
OG0028000		
OG0028001		
OG0028002		
OG0028003		
OG0028004		
OG0028005		
OG0028006		
OG0028007		
OG0028008		
OG0028009		
OG0028010		
OG0028011		
OG0028012		
OG0028013		
OG0028014		
OG0028015		
OG0028016		
OG0028017		
OG0028018		
OG0028019		
OG0028020		
OG0028021		
OG0028022		
OG0028023		
OG0028024		
OG0028025		
OG0028026		
OG0028027		
OG0028028		
OG0028029		
OG0028030		
OG0028031		
OG0028032		
OG0028033		
OG0028034		
OG0028035		
OG0028036		
OG0028037		
OG0028038		
OG0028039		
OG0028040	ostta01g00220	
OG0028041	ostta01g00480	
OG0028042	ostta01g00500	
OG0028043	ostta01g00530	
OG0028044	ostta01g00940, ostta12g02470	
OG0028045	ostta01g01190	
OG0028046	ostta01g01220	
OG0028047	ostta01g01260	
OG0028048	ostta01g01400	
OG0028049	ostta01g02140	
OG0028050	ostta01g02360	
OG0028051	ostta01g02540	
OG0028052	ostta01g04960	
OG0028053	ostta01g04585	
OG0028054	ostta03g02720	
OG0028055	ostta14g01460	
OG0028056	ostta01g04440	
OG0028057	ostta01g04240	
OG0028058	ostta01g04050	
OG0028059	ostta09g03610	
OG0028060	ostta01g04000	
OG0028061	ostta01g03740	
OG0028062	ostta08g02295	
OG0028063	ostta08g02400	
OG0028064	ostta08g02500	
OG0028065	ostta08g02520	
OG0028066	ostta08g04200	
OG0028067	ostta08g04090	
OG0028068	ostta08g04020	
OG0028069	ostta08g03810	
OG0028070		
OG0028071	ostta05g01990, ostta08g03470	
OG0028072	ostta16g00570	
OG0028073	ostta08g02780	
OG0028074	ostta08g02670	
OG0028075	ostta08g02860	
OG0028076	ostta12g01300	
OG0028077	ostta02g04630	
OG0028078		
OG0028079	ostta15g02180	
OG0028080		
OG0028081	ostta15g01670	
OG0028082	ostta15g01660	
OG0028083	ostta15g01650	
OG0028084	ostta10g01020	
OG0028085		
OG0028086	ostta15g01075	
OG0028087	ostta11g02070	
OG0028088		
OG0028089	ostta15g00600	
OG0028090	ostta15g00580	
OG0028091	ostta15g00575	
OG0028092	ostta07g03360	
OG0028093	ostta14g00760	
OG0028094	ostta07g02650	
OG0028095	ostta07g02560	
OG0028096	ostta07g02440	
OG0028097	ostta07g02290	
OG0028098	ostta07g02190	
OG0028099	ostta07g02230	
OG0028100	ostta07g01670	
OG0028101	ostta07g01630	
OG0028102	ostta07g01550	
OG0028103	ostta07g01290	
OG0028104	ostta09g01190	
OG0028105	ostta07g00950	
OG0028106	ostta07g00850	
OG0028107	ostta07g00630	
OG0028108	ostta07g00600	
OG0028109	ostta07g00520	
OG0028110	ostta13g00760	
OG0028111	ostta13g00640	
OG0028112	ostta13g00200	
OG0028113	ostta13g00430	
OG0028114	ostta03g05675	
OG0028115	ostta09g04370	
OG0028116	ostta05g00440	
OG0028117		
OG0028118	ostta05g00590	
OG0028119	ostta05g00760	
OG0028120	ostta17g01030	
OG0028121	ostta05g01000	
OG0028122	ostta05g01055	
OG0028123	ostta05g01070	
OG0028124	ostta04g00930	
OG0028125	ostta04g00970	
OG0028126	ostta04g01160	
OG0028127	ostta02g05010	
OG0028128	ostta04g01240	
OG0028129	ostta02g03710	
OG0028130	ostta02g03680	
OG0028131	ostta02g03580	
OG0028132	ostta05g01920	
OG0028133	ostta05g02080	
OG0028134	ostta05g02240	
OG0028135	ostta02g05240	
OG0028136	ostta05g02450	
OG0028137	ostta05g02490	
OG0028138		
OG0028139	ostta18g01450	
OG0028140		
OG0028141	ostta05g03370	
OG0028142		
OG0028143	ostta05g03560	
OG0028144	ostta05g03630	
OG0028145	ostta05g03970	
OG0028146	ostta05g04040	
OG0028147	ostta05g04060	
OG0028148		
OG0028149	ostta05g04300	
OG0028150	ostta05g04350	
OG0028151	ostta05g04360	
OG0028152		
OG0028153	ostta05g04740	
OG0028154	ostta05g04900	
OG0028155	ostta08g00080	
OG0028156	ostta08g00430	
OG0028157	ostta08g00600	
OG0028158	ostta08g00610	
OG0028159		
OG0028160	ostta08g00820	
OG0028161	ostta08g00840	
OG0028162	ostta10g03480	
OG0028163	ostta08g01160	
OG0028164	ostta13g02980	
OG0028165	ostta09g01010	
OG0028166	ostta13g02740	
OG0028167	ostta13g02690	
OG0028168	ostta03g00590	
OG0028169	ostta13g01660	
OG0028170	ostta07g02730	
OG0028171	ostta07g02960	
OG0028172	ostta07g02970	
OG0028173	ostta07g02980	
OG0028174	ostta07g03090	
OG0028175	ostta07g03120	
OG0028176	ostta13g01620	
OG0028177		
OG0028178	ostta07g04280	
OG0028179	ostta07g04090	
OG0028180	ostta07g03960	
OG0028181	ostta07g03780	
OG0028182	ostta07g03350	
OG0028183	ostta07g02830	
OG0028184	ostta13g02290	
OG0028185	ostta14g00640	
OG0028186	ostta14g00610	
OG0028187	ostta14g00560	
OG0028188		
OG0028189	ostta06g00210	
OG0028190	ostta06g00280	
OG0028191	ostta06g00290	
OG0028192	ostta06g00300	
OG0028193	ostta05g03080	
OG0028194	ostta06g00450	
OG0028195	ostta06g00640	
OG0028196	ostta06g00660	
OG0028197	ostta06g00760	
OG0028198	ostta06g00830	
OG0028199	ostta06g00910	
OG0028200	ostta06g01050	
OG0028201		
OG0028202	ostta06g01470	
OG0028203	ostta06g00070	
OG0028204	ostta06g01980	
OG0028205	ostta06g02020	
OG0028206	ostta06g02210	
OG0028207	ostta06g02370	
OG0028208	ostta06g02680	
OG0028209	ostta06g02820	
OG0028210	ostta06g03130	
OG0028211	ostta06g03430	
OG0028212	ostta06g03450	
OG0028213	ostta06g03470	
OG0028214	ostta06g03650, ostta11g03010	
OG0028215	ostta06g03660	
OG0028216	ostta06g03980	
OG0028217	ostta06g04020	
OG0028218	ostta04g00130	
OG0028219	ostta06g04360	
OG0028220	ostta17g01740	
OG0028221	ostta12g00930, ostta18g00550	
OG0028222	ostta17g01170	
OG0028223	ostta17g01090	
OG0028224	ostta17g01070	
OG0028225	ostta17g00880	
OG0028226	ostta02g02980	
OG0028227	ostta02g02990	
OG0028228	ostta02g01870	
OG0028229	ostta17g00430	
OG0028230	ostta17g00420	
OG0028231	ostta17g00320	
OG0028232	ostta17g01840	
OG0028233	ostta03g01010	
OG0028234	ostta03g00860	
OG0028235	ostta03g00720	
OG0028236	ostta03g00560	
OG0028237	ostta03g01120	
OG0028238	ostta03g00810	
OG0028239	ostta03g00800	
OG0028240	ostta05g01690	
OG0028241	ostta02g02880	
OG0028242	ostta17g01220	
OG0028243	ostta17g01255	
OG0028244	ostta14g02695	
OG0028245	ostta14g02790	
OG0028246	ostta17g02100	
OG0028247	ostta17g01380	
OG0028248	ostta17g01410	
OG0028249	ostta17g01430	
OG0028250	ostta04g01880	
OG0028251	ostta04g02620	
OG0028252	ostta04g02870	
OG0028253	ostta03g05940	
OG0028254	ostta03g05570	
OG0028255	ostta03g05400	
OG0028256	ostta04g01170	
OG0028257	ostta03g04780	
OG0028258	ostta12g02710	
OG0028259	ostta12g02730	
OG0028260	ostta03g04180	
OG0028261	ostta03g04500	
OG0028262	ostta03g04530	
OG0028263	ostta12g02480	
OG0028264	ostta12g02270	
OG0028265	ostta12g02260	
OG0028266	ostta12g02100	
OG0028267	ostta12g02020	
OG0028268	ostta12g00870	
OG0028269	ostta12g00600	
OG0028270	ostta12g00540	
OG0028271	ostta16g00770	
OG0028272	ostta16g00080	
OG0028273	ostta12g00645	
OG0028274	ostta16g00090	
OG0028275	ostta10g00980	
OG0028276	ostta16g00500	
OG0028277	ostta16g00510	
OG0028278	ostta15g02740	
OG0028279	ostta15g02475	
OG0028280	ostta02g04325	
OG0028281	ostta02g04115	
OG0028282	ostta02g04110	
OG0028283	ostta20g00760	
OG0028284	ostta08g01590	
OG0028285		
OG0028286	ostta04g03140	
OG0028287	ostta04g03250	
OG0028288	ostta04g03255	
OG0028289	ostta04g03280	
OG0028290	ostta04g03380	
OG0028291	ostta04g03570	
OG0028292	ostta04g03690	
OG0028293	ostta04g03990	
OG0028294	ostta04g04060	
OG0028295	ostta04g04070	
OG0028296	ostta04g01070	
OG0028297	ostta04g04140	
OG0028298	ostta04g04210	
OG0028299		
OG0028300	ostta04g04400	
OG0028301	ostta04g04790	
OG0028302	ostta04g04840	
OG0028303	ostta04g04960	
OG0028304	ostta04g05020	
OG0028305	ostta04g05100	
OG0028306	ostta04g05160	
OG0028307	ostta04g05180	
OG0028308	ostta02g03160	
OG0028309	ostta04g05470	
OG0028310	ostta03g03920	
OG0028311	ostta18g01530	
OG0028312	ostta18g01420	
OG0028313	ostta18g01280	
OG0028314	ostta18g01170	
OG0028315	ostta18g01120	
OG0028316	ostta18g00970	
OG0028317	ostta18g00870	
OG0028318	ostta18g00520	
OG0028319	ostta18g00505	
OG0028320	ostta04g01040	
OG0028321	ostta18g00460	
OG0028322	ostta03g01820	
OG0028323	ostta03g01760	
OG0028324	ostta03g02120	
OG0028325	ostta03g02160	
OG0028326	ostta03g02290	
OG0028327	ostta03g02350	
OG0028328	ostta03g02520	
OG0028329	ostta03g02590	
OG0028330	ostta03g02660	
OG0028331	ostta03g03040	
OG0028332	ostta03g03230	
OG0028333	ostta03g03370	
OG0028334	ostta03g03510	
OG0028335	ostta03g03690	
OG0028336	ostta03g04070	
OG0028337	ostta03g04120	
OG0028338	ostta09g04320	
OG0028339	ostta09g04315	
OG0028340	ostta09g03970	
OG0028341	ostta09g03890	
OG0028342	ostta01g06550	
OG0028343	ostta09g03550	
OG0028344	ostta09g03520	
OG0028345	ostta09g03460	
OG0028346	ostta09g03330	
OG0028347	ostta09g03310	
OG0028348	ostta09g03225	
OG0028349	ostta09g02970	
OG0028350	ostta14g00055	
OG0028351	ostta12g00280	
OG0028352	ostta09g02480	
OG0028353	ostta09g02370	
OG0028354	ostta09g02300	
OG0028355	ostta09g02240	
OG0028356	ostta09g02230	
OG0028357	ostta09g02090	
OG0028358	ostta09g01750	
OG0028359	ostta09g01630	
OG0028360	ostta09g01000	
OG0028361	ostta09g00950	
OG0028362	ostta09g00785	
OG0028363	ostta09g00700	
OG0028364	ostta09g00650	
OG0028365	ostta09g00340	
OG0028366	ostta09g00270	
OG0028367	ostta11g00580	
OG0028368	ostta09g00090	
OG0028369	ostta10g00610	
OG0028370	ostta10g00210	
OG0028371	ostta10g00180	
OG0028372	ostta10g00420	
OG0028373	ostta10g00400	
OG0028374	ostta10g01040	
OG0028375	ostta10g01300	
OG0028376	ostta10g01460	
OG0028377	ostta14g00075	
OG0028378	ostta10g01745	
OG0028379	ostta10g01750	
OG0028380	ostta10g01830	
OG0028381		
OG0028382	ostta10g02260	
OG0028383	ostta10g02350	
OG0028384	ostta10g02380	
OG0028385	ostta10g02410	
OG0028386	ostta10g02420	
OG0028387	ostta10g02850	
OG0028388	ostta10g02980	
OG0028389		
OG0028390	ostta10g03070	
OG0028391	ostta15g00100	
OG0028392	ostta10g03180	
OG0028393		
OG0028394	ostta07g01080, ostta17g02270	
OG0028395	ostta17g02180	
OG0028396	ostta14g01665	
OG0028397	ostta14g01910	
OG0028398	ostta14g02370	
OG0028399	ostta14g02460	
OG0028400	ostta10g01090	
OG0028401	ostta14g02530	
OG0028402	ostta14g02650	
OG0028403	ostta05g01700	
OG0028404	ostta14g01340	
OG0028405	ostta14g01260	
OG0028406	ostta14g02845	
OG0028407	ostta14g02850	
OG0028408	ostta14g02900	
OG0028409		
OG0028410	ostta14g00130	
OG0028411	ostta03g01490	
OG0028412	ostta03g01460	
OG0028413	ostta03g02000	
OG0028414	ostta03g01740	
OG0028415	ostta18g00040	
OG0028416	ostta14g01155	
OG0028417	ostta10g00130	
OG0028418	ostta11g03140	
OG0028419	ostta11g03080	
OG0028420	ostta13g01375, ostta17g01050	
OG0028421	ostta11g02720	
OG0028422	ostta11g01915	
OG0028423	ostta11g01890	
OG0028424	ostta11g01220	
OG0028425	ostta11g01080	
OG0028426	ostta11g01020	
OG0028427	ostta11g00710	
OG0028428	ostta11g00660	
OG0028429	ostta03g00250	
OG0028430	ostta03g00100	
OG0028431	ostta03g00130	
OG0028432	ostta14g00010	
OG0028433	ostta05g01050	
OG0028434	ostta03g00460	
OG0028435	ostta03g00520	
OG0028436	ostta17g00770	
OG0028437	ostta05g01510	
OG0028438	ostta02g05350	
OG0028439	ostta02g00470	
OG0028440	ostta05g01150	
OG0028441	ostta02g04905	
OG0028442	ostta02g02430	
OG0028443	ostta02g02650	
OG0028444	ostta02g03190	
OG0028445	ostta05g01740	
OG0028446	ostta20g00180	
OG0028447	ostta20g00220	
OG0028448	ostta20g00270	
OG0028449	ostta04g00410	
OG0028450	ostta16g01350	
OG0028451	ostta16g01310	
OG0028452	ostta01g05030	
OG0028453	ostta01g05730	
OG0028454	ostta05g03130	
OG0028455	ostta01g05770	
OG0028456	ostta01g06020	
OG0028457	ostta01g06180	
OG0028458	ostta01g06200	
OG0028459	ostta01g06280	
OG0028460	ostta01g06560	
OG0028461	ostta01g06510	
OG0028462	ostta01g06580	
OG0028463	ostta01g06650	
OG0028464	ostta12g00020	
OG0028465		
OG0028466	ostta12g00450	
OG0028467	ostta12g00460	
OG0028468	ostta16g00970	
OG0028469	ostta16g01000	
OG0028470	ostta03g05310	
OG0028471	ostta16g01440	
OG0028472	ostta16g01680	
OG0028473	ostta16g01820	
OG0028474	ostta16g01860	
OG0028475	ostta16g02025	
OG0028476	ostta16g02030	
OG0028477	ostta16g02050	
OG0028478	ostta06g04130	
OG0028479	ostta16g02320	
OG0028480	ostta07g00110	
OG0028481	ostta16g02460	
OG0028482	ostta16g02535	
OG0028483	ostta16g02720	
OG0028484	ostta16g02677	
OG0028485	ostta04g00815, ostta17g00025	
OG0028486	ostta13g00910	
OG0028487	ostta07g00330	
OG0028488	ostta13g01950	
OG0028489	ostta06g00540	
OG0028490	ostta02g05420	
OG0028491	ostta13g01710	
OG0028492	ostta13g01420	
OG0028493	ostta07g04310	
OG0028494	ostta07g04710	
OG0028495	ostta07g04700	
OG0028496	ostta18g01710	
OG0028497	ostta04g00520	
OG0028498	ostta11g00450	
OG0028499	ostta11g00300	
OG0028500		
OG0028501		
OG0028502		
OG0028503		
OG0028504		
OG0028505		
OG0028506		
OG0028507	ostta11g00620	
OG0028508		
OG0028509		
OG0028510		
OG0028511		
OG0028512		
OG0028513		
OG0028514		
OG0028515		
OG0028516		
OG0028517		
OG0028518		
OG0028519		
OG0028520		
OG0028521		
OG0028522		
OG0028523		
OG0028524		
OG0028525		
OG0028526		
OG0028527		
OG0028528		
OG0028529		
OG0028530		
OG0028531		
OG0028532		
OG0028533		
OG0028534		
OG0028535		
OG0028536		
OG0028537		
OG0028538		
OG0028539		
OG0028540		
OG0028541		
OG0028542		
OG0028543		
OG0028544		
OG0028545		
OG0028546		
OG0028547		
OG0028548		
OG0028549		
OG0028550		
OG0028551		
OG0028552		
OG0028553		
OG0028554		
OG0028555		
OG0028556		
OG0028557		
OG0028558		
OG0028559		
OG0028560		
OG0028561		
OG0028562		
OG0028563		
OG0028564		
OG0028565		
OG0028566		
OG0028567		
OG0028568		
OG0028569		
OG0028570		
OG0028571		
OG0028572		
OG0028573		
OG0028574		
OG0028575		
OG0028576		
OG0028577		
OG0028578		
OG0028579		
OG0028580		
OG0028581		
OG0028582		
OG0028583		
OG0028584		
OG0028585		
OG0028586		
OG0028587		
OG0028588		
OG0028589		
OG0028590		
OG0028591		
OG0028592		
OG0028593		
OG0028594		
OG0028595		
OG0028596		
OG0028597		
OG0028598		
OG0028599		
OG0028600		
OG0028601		
OG0028602		
OG0028603		
OG0028604		
OG0028605		
OG0028606		
OG0028607		
OG0028608		
OG0028609		
OG0028610		
OG0028611		
OG0028612		
OG0028613		
OG0028614		
OG0028615		
OG0028616		
OG0028617		
OG0028618		
OG0028619		
OG0028620		
OG0028621		
OG0028622		
OG0028623		
OG0028624		
OG0028625		
OG0028626		
OG0028627		
OG0028628		
OG0028629		
OG0028630		
OG0028631		
OG0028632		
OG0028633		
OG0028634		
OG0028635		
OG0028636		
OG0028637		
OG0028638		
OG0028639		
OG0028640		
OG0028641		
OG0028642		
OG0028643		
OG0028644		
OG0028645		
OG0028646		
OG0028647		
OG0028648		
OG0028649		
OG0028650		
OG0028651		
OG0028652		
OG0028653		
OG0028654		
OG0028655		
OG0028656		
OG0028657		
OG0028658		
OG0028659		
OG0028660		
OG0028661		
OG0028662		
OG0028663		
OG0028664		
OG0028665		
OG0028666		
OG0028667		
OG0028668		
OG0028669		
OG0028670		
OG0028671		
OG0028672		
OG0028673		
OG0028674		
OG0028675		
OG0028676		
OG0028677		
OG0028678		
OG0028679		
OG0028680		
OG0028681		
OG0028682		
OG0028683		
OG0028684		
OG0028685		
OG0028686		
OG0028687		
OG0028688		
OG0028689		
OG0028690		
OG0028691		
OG0028692		
OG0028693		
OG0028694		
OG0028695		
OG0028696		
OG0028697		
OG0028698		
OG0028699		
OG0028700		
OG0028701		
OG0028702		
OG0028703		
OG0028704		
OG0028705		
OG0028706		
OG0028707		
OG0028708		
OG0028709		
OG0028710		
OG0028711		
OG0028712		
OG0028713		
OG0028714		
OG0028715		
OG0028716		
OG0028717		
OG0028718		
OG0028719		
OG0028720		
OG0028721		
OG0028722		
OG0028723		
OG0028724		
OG0028725		
OG0028726		
OG0028727		
OG0028728		
OG0028729		
OG0028730		
OG0028731		
OG0028732		
OG0028733		
OG0028734		
OG0028735		
OG0028736		
OG0028737		
OG0028738		
OG0028739		
OG0028740		
OG0028741		
OG0028742		
OG0028743		
OG0028744		
OG0028745		
OG0028746		
OG0028747		
OG0028748		
OG0028749		
OG0028750		
OG0028751		
OG0028752		
OG0028753		
OG0028754		
OG0028755		
OG0028756		
OG0028757		
OG0028758		
OG0028759		
OG0028760		
OG0028761		
OG0028762		
OG0028763		
OG0028764		
OG0028765		
OG0028766		
OG0028767		
OG0028768		
OG0028769		
OG0028770		
OG0028771		
OG0028772		
OG0028773		
OG0028774		
OG0028775		
OG0028776		
OG0028777		
OG0028778		
OG0028779		
OG0028780		
OG0028781		
OG0028782		
OG0028783		
OG0028784		
OG0028785		
OG0028786		
OG0028787		
OG0028788		
OG0028789		
OG0028790		
OG0028791		
OG0028792		
OG0028793		
OG0028794		
OG0028795		
OG0028796		
OG0028797		
OG0028798		
OG0028799		
OG0028800		
OG0028801		
OG0028802		
OG0028803		
OG0028804		
OG0028805		
OG0028806		
OG0028807		
OG0028808		
OG0028809		
OG0028810		
OG0028811		
OG0028812		
OG0028813		
OG0028814		
OG0028815		
OG0028816		
OG0028817		
OG0028818		
OG0028819		
OG0028820		
OG0028821		
OG0028822		
OG0028823		
OG0028824		
OG0028825		
OG0028826		
OG0028827		
OG0028828		
OG0028829		
OG0028830		
OG0028831		
OG0028832		
OG0028833		
OG0028834		
OG0028835		
OG0028836		
OG0028837		
OG0028838		
OG0028839		
OG0028840		
OG0028841		
OG0028842		
OG0028843		
OG0028844		
OG0028845		
OG0028846		
OG0028847		
OG0028848		
OG0028849		
OG0028850		
OG0028851		
OG0028852		
OG0028853		
OG0028854		
OG0028855		
OG0028856		
OG0028857		
OG0028858		
OG0028859		
OG0028860		
OG0028861		
OG0028862		
OG0028863		
OG0028864		
OG0028865		
OG0028866		
OG0028867		
OG0028868		
OG0028869		
OG0028870		
OG0028871		
OG0028872		
OG0028873		
OG0028874		
OG0028875		
OG0028876		
OG0028877		
OG0028878		
OG0028879		
OG0028880		
OG0028881		
OG0028882		
OG0028883		
OG0028884		
OG0028885		
OG0028886		
OG0028887		
OG0028888		
OG0028889		
OG0028890		
OG0028891		
OG0028892		
OG0028893		
OG0028894		
OG0028895		
OG0028896		
OG0028897		
OG0028898		
OG0028899		
OG0028900		
OG0028901		
OG0028902		
OG0028903		
OG0028904		
OG0028905		
OG0028906		
OG0028907		
OG0028908		
OG0028909		
OG0028910		
OG0028911		
OG0028912		
OG0028913		
OG0028914		
OG0028915		
OG0028916		
OG0028917		
OG0028918		
OG0028919		
OG0028920		
OG0028921		
OG0028922		
OG0028923		
OG0028924		
OG0028925		
OG0028926		
OG0028927		
OG0028928		
OG0028929		
OG0028930		
OG0028931		
OG0028932		
OG0028933		
OG0028934		
OG0028935		
OG0028936		
OG0028937		
OG0028938		
OG0028939		
OG0028940		
OG0028941		
OG0028942		
OG0028943		
OG0028944		
OG0028945		
OG0028946		
OG0028947		
OG0028948		
OG0028949		
OG0028950		
OG0028951		
OG0028952		
OG0028953		
OG0028954		
OG0028955		
OG0028956		
OG0028957		
OG0028958		
OG0028959		
OG0028960		
OG0028961		
OG0028962		
OG0028963		
OG0028964		
OG0028965		
OG0028966		
OG0028967		
OG0028968		
OG0028969		
OG0028970		
OG0028971		
OG0028972		
OG0028973		
OG0028974		
OG0028975		
OG0028976		
OG0028977		
OG0028978		
OG0028979		
OG0028980		
OG0028981		
OG0028982		
OG0028983		
OG0028984		
OG0028985		
OG0028986		
OG0028987		
OG0028988		
OG0028989		
OG0028990		
OG0028991		
OG0028992		
OG0028993		
OG0028994		
OG0028995		
OG0028996		
OG0028997		
OG0028998		
OG0028999		
OG0029000		
OG0029001		
OG0029002		
OG0029003		
OG0029004		
OG0029005		
OG0029006		
OG0029007		
OG0029008		
OG0029009		
OG0029010		
OG0029011		
OG0029012		
OG0029013		
OG0029014		
OG0029015		
OG0029016		
OG0029017		
OG0029018		
OG0029019		
OG0029020		
OG0029021		
OG0029022		
OG0029023		
OG0029024		
OG0029025		
OG0029026		
OG0029027		
OG0029028		
OG0029029		
OG0029030		
OG0029031		
OG0029032		
OG0029033		
OG0029034		
OG0029035		
OG0029036		
OG0029037		
OG0029038		
OG0029039		
OG0029040		
OG0029041		
OG0029042		
OG0029043		
OG0029044		
OG0029045		
OG0029046		
OG0029047		
OG0029048		
OG0029049		
OG0029050		
OG0029051		
OG0029052		
OG0029053		
OG0029054		
OG0029055		
OG0029056		
OG0029057		
OG0029058		
OG0029059		
OG0029060		
OG0029061		
OG0029062		
OG0029063		
OG0029064		
OG0029065		
OG0029066		
OG0029067		
OG0029068		
OG0029069		
OG0029070		
OG0029071		
OG0029072		
OG0029073		
OG0029074		
OG0029075		
OG0029076		
OG0029077		
OG0029078		
OG0029079		
OG0029080		
OG0029081		
OG0029082		
OG0029083		
OG0029084		
OG0029085		
OG0029086		
OG0029087		
OG0029088		
OG0029089		
OG0029090		
OG0029091		
OG0029092		
OG0029093		
OG0029094		
OG0029095		
OG0029096		
OG0029097		
OG0029098		
OG0029099		
OG0029100		
OG0029101		
OG0029102		
OG0029103		
OG0029104		
OG0029105		
OG0029106		
OG0029107		
OG0029108		
OG0029109		
OG0029110		
OG0029111		
OG0029112		
OG0029113		
OG0029114		
OG0029115		
OG0029116		
OG0029117		
OG0029118		
OG0029119		
OG0029120		
OG0029121		
OG0029122		
OG0029123		
OG0029124		
OG0029125		
OG0029126		
OG0029127		
OG0029128		
OG0029129		
OG0029130		
OG0029131		
OG0029132		
OG0029133		
OG0029134		
OG0029135		
OG0029136		
OG0029137		
OG0029138		
OG0029139		
OG0029140		
OG0029141		
OG0029142		
OG0029143		
OG0029144		
OG0029145		
OG0029146		
OG0029147		
OG0029148		
OG0029149		
OG0029150		
OG0029151		
OG0029152		
OG0029153		
OG0029154		
OG0029155		
OG0029156		
OG0029157		
OG0029158		
OG0029159		
OG0029160		
OG0029161		
OG0029162		
OG0029163		
OG0029164		
OG0029165		
OG0029166		
OG0029167		
OG0029168		
OG0029169		
OG0029170		
OG0029171		
OG0029172		
OG0029173		
OG0029174		
OG0029175		
OG0029176		
OG0029177		
OG0029178		
OG0029179		
OG0029180		
OG0029181		
OG0029182		
OG0029183		
OG0029184		
OG0029185		
OG0029186		
OG0029187		
OG0029188		
OG0029189		
OG0029190		
OG0029191		
OG0029192		
OG0029193		
OG0029194		
OG0029195		
OG0029196		
OG0029197		
OG0029198		
OG0029199		
OG0029200		
OG0029201		
OG0029202		
OG0029203	ostta08g03395	
OG0029204		
OG0029205		
OG0029206		
OG0029207		
OG0029208		
OG0029209		
OG0029210		
OG0029211		
OG0029212		
OG0029213		
OG0029214		
OG0029215		
OG0029216		
OG0029217		
OG0029218		
OG0029219		
OG0029220		
OG0029221		
OG0029222		
OG0029223		
OG0029224		
OG0029225		
OG0029226		
OG0029227		
OG0029228		
OG0029229		
OG0029230		
OG0029231		
OG0029232		
OG0029233		
OG0029234		
OG0029235		
OG0029236		
OG0029237		
OG0029238		
OG0029239		
OG0029240		
OG0029241		
OG0029242		
OG0029243		
OG0029244		
OG0029245		
OG0029246		
OG0029247		
OG0029248		
OG0029249		
OG0029250		
OG0029251		
OG0029252		
OG0029253		
OG0029254		
OG0029255		
OG0029256		
OG0029257		
OG0029258		
OG0029259		
OG0029260		
OG0029261		
OG0029262		
OG0029263		
OG0029264		
OG0029265		
OG0029266		
OG0029267		
OG0029268		
OG0029269		
OG0029270		
OG0029271		
OG0029272		
OG0029273		
OG0029274		
OG0029275		
OG0029276		
OG0029277		
OG0029278		
OG0029279		
OG0029280		
OG0029281		
OG0029282		
OG0029283		
OG0029284		
OG0029285		
OG0029286		
OG0029287		
OG0029288		
OG0029289		
OG0029290		
OG0029291		
OG0029292		
OG0029293		
OG0029294		
OG0029295		
OG0029296		
OG0029297		
OG0029298		
OG0029299		
OG0029300		
OG0029301		
OG0029302		
OG0029303		
OG0029304		
OG0029305		
OG0029306		
OG0029307		
OG0029308		
OG0029309		
OG0029310		
OG0029311		
OG0029312		
OG0029313		
OG0029314		
OG0029315		
OG0029316		
OG0029317		
OG0029318		
OG0029319		
OG0029320		
OG0029321		
OG0029322		
OG0029323		
OG0029324		
OG0029325		
OG0029326		
OG0029327		
OG0029328		
OG0029329		
OG0029330		
OG0029331		
OG0029332		
OG0029333		
OG0029334		
OG0029335		
OG0029336		
OG0029337		
OG0029338		
OG0029339		
OG0029340		
OG0029341		
OG0029342		
OG0029343		
OG0029344		
OG0029345		
OG0029346		
OG0029347		
OG0029348		
OG0029349		
OG0029350		
OG0029351		
OG0029352		
OG0029353		
OG0029354		
OG0029355		
OG0029356		
OG0029357		
OG0029358		
OG0029359		
OG0029360		
OG0029361		
OG0029362		
OG0029363		
OG0029364		
OG0029365		
OG0029366		
OG0029367		
OG0029368		
OG0029369		
OG0029370		
OG0029371		
OG0029372		
OG0029373		
OG0029374		
OG0029375		
OG0029376		
OG0029377		
OG0029378		
OG0029379		
OG0029380		
OG0029381		
OG0029382		
OG0029383		
OG0029384		
OG0029385		
OG0029386		
OG0029387		
OG0029388		
OG0029389		
OG0029390		
OG0029391		
OG0029392		
OG0029393		
OG0029394		
OG0029395		
OG0029396		
OG0029397		
OG0029398		
OG0029399		
OG0029400		
OG0029401		
OG0029402		
OG0029403		
OG0029404		
OG0029405		
OG0029406		
OG0029407		
OG0029408		
OG0029409		
OG0029410		
OG0029411		
OG0029412		
OG0029413		
OG0029414		
OG0029415		
OG0029416		
OG0029417		
OG0029418		
OG0029419		
OG0029420		
OG0029421		
OG0029422		
OG0029423		
OG0029424		
OG0029425		
OG0029426		
OG0029427		
OG0029428		
OG0029429		
OG0029430		
OG0029431		
OG0029432		
OG0029433		
OG0029434		
OG0029435		
OG0029436		
OG0029437		
OG0029438		
OG0029439		
OG0029440		
OG0029441		
OG0029442		
OG0029443		
OG0029444		
OG0029445		
OG0029446		
OG0029447		
OG0029448		
OG0029449		
OG0029450		
OG0029451		
OG0029452		
OG0029453		
OG0029454		
OG0029455		
OG0029456		
OG0029457		
OG0029458		
OG0029459		
OG0029460		
OG0029461		
OG0029462		
OG0029463		
OG0029464		
OG0029465		
OG0029466		
OG0029467		
OG0029468		
OG0029469		
OG0029470		
OG0029471		
OG0029472		
OG0029473		
OG0029474		
OG0029475		
OG0029476		
OG0029477		
OG0029478		
OG0029479		
OG0029480		
OG0029481		
OG0029482		
OG0029483		
OG0029484		
OG0029485		
OG0029486		
OG0029487		
OG0029488		
OG0029489		
OG0029490		
OG0029491		
OG0029492		
OG0029493		
OG0029494		
OG0029495		
OG0029496		
OG0029497		
OG0029498		
OG0029499		
OG0029500		
OG0029501		
OG0029502		
OG0029503		
OG0029504		
OG0029505		
OG0029506		
OG0029507		
OG0029508		
OG0029509		
OG0029510		
OG0029511		
OG0029512		
OG0029513		
OG0029514		
OG0029515		
OG0029516		
OG0029517		
OG0029518		
OG0029519		
OG0029520		
OG0029521		
OG0029522		
OG0029523		
OG0029524		
OG0029525		
OG0029526		
OG0029527		
OG0029528		
OG0029529		
OG0029530		
OG0029531		
OG0029532		
OG0029533		
OG0029534		
OG0029535		
OG0029536		
OG0029537		
OG0029538		
OG0029539		
OG0029540		
OG0029541		
OG0029542		
OG0029543		
OG0029544		
OG0029545		
OG0029546		
OG0029547		
OG0029548		
OG0029549		
OG0029550		
OG0029551		
OG0029552		
OG0029553		
OG0029554		
OG0029555		
OG0029556		
OG0029557		
OG0029558		
OG0029559		
OG0029560		
OG0029561		
OG0029562		
OG0029563		
OG0029564		
OG0029565		
OG0029566		
OG0029567		
OG0029568		
OG0029569		
OG0029570		
OG0029571		
OG0029572		
OG0029573		
OG0029574		
OG0029575		
OG0029576		
OG0029577		
OG0029578		
OG0029579		
OG0029580		
OG0029581		
OG0029582		
OG0029583		
OG0029584		
OG0029585		
OG0029586		
OG0029587		
OG0029588		
OG0029589		
OG0029590		
OG0029591		
OG0029592		
OG0029593		
OG0029594		
OG0029595		
OG0029596		
OG0029597		
OG0029598		
OG0029599		
OG0029600		
OG0029601		
OG0029602		
OG0029603		
OG0029604		
OG0029605		
OG0029606		
OG0029607		
OG0029608		
OG0029609		
OG0029610		
OG0029611		
OG0029612		
OG0029613		
OG0029614		
OG0029615		
OG0029616		
OG0029617		
OG0029618		
OG0029619		
OG0029620		
OG0029621		
OG0029622		
OG0029623		
OG0029624		
OG0029625		
OG0029626		
OG0029627		
OG0029628		
OG0029629		
OG0029630		
OG0029631		
OG0029632		
OG0029633		
OG0029634		
OG0029635		
OG0029636		
OG0029637		
OG0029638		
OG0029639		
OG0029640		
OG0029641		
OG0029642		
OG0029643		
OG0029644		
OG0029645		
OG0029646		
OG0029647		
OG0029648		
OG0029649		
OG0029650		
OG0029651		
OG0029652		
OG0029653		
OG0029654		
OG0029655		
OG0029656		
OG0029657		
OG0029658		
OG0029659		
OG0029660		
OG0029661		
OG0029662		
OG0029663		
OG0029664		
OG0029665		
OG0029666		
OG0029667		
OG0029668		
OG0029669		
OG0029670		
OG0029671		
OG0029672		
OG0029673		
OG0029674		
OG0029675		
OG0029676		
OG0029677		
OG0029678		
OG0029679		
OG0029680		
OG0029681		
OG0029682		
OG0029683		
OG0029684		
OG0029685		
OG0029686		
OG0029687		
OG0029688		
OG0029689		
OG0029690		
OG0029691		
OG0029692		
OG0029693		
OG0029694		
OG0029695		
OG0029696		
OG0029697		
OG0029698		
OG0029699		
OG0029700		
OG0029701		
OG0029702		
OG0029703		
OG0029704		
OG0029705		
OG0029706		
OG0029707		
OG0029708		
OG0029709		
OG0029710		
OG0029711		
OG0029712		
OG0029713	ostta15g02470	
OG0029714		
OG0029715		
OG0029716		
OG0029717		
OG0029718		
OG0029719		
OG0029720		
OG0029721		
OG0029722		
OG0029723		
OG0029724		
OG0029725		
OG0029726		
OG0029727		
OG0029728		
OG0029729		
OG0029730		
OG0029731		
OG0029732		
OG0029733		
OG0029734		
OG0029735		
OG0029736		
OG0029737		
OG0029738		
OG0029739		
OG0029740		
OG0029741		
OG0029742		
OG0029743		
OG0029744		
OG0029745		
OG0029746		
OG0029747		
OG0029748		
OG0029749		
OG0029750		
OG0029751		
OG0029752		
OG0029753		
OG0029754		
OG0029755		
OG0029756		
OG0029757		
OG0029758		
OG0029759		
OG0029760		
OG0029761		
OG0029762		
OG0029763		
OG0029764		
OG0029765		
OG0029766		
OG0029767		
OG0029768		
OG0029769		
OG0029770		
OG0029771		
OG0029772		
OG0029773		
OG0029774		
OG0029775		
OG0029776		
OG0029777		
OG0029778		
OG0029779		
OG0029780		
OG0029781		
OG0029782		
OG0029783		
OG0029784		
OG0029785		
OG0029786		
OG0029787		
OG0029788		
OG0029789		
OG0029790		
OG0029791		
OG0029792		
OG0029793		
OG0029794		
OG0029795		
OG0029796		
OG0029797		
OG0029798		
OG0029799		
OG0029800		
OG0029801		
OG0029802		
OG0029803		
OG0029804		
OG0029805		
OG0029806		
OG0029807		
OG0029808		
OG0029809		
OG0029810		
OG0029811		
OG0029812		
OG0029813		
OG0029814		
OG0029815		
OG0029816		
OG0029817		
OG0029818		
OG0029819		
OG0029820		
OG0029821		
OG0029822		
OG0029823		
OG0029824		
OG0029825		
OG0029826		
OG0029827		
OG0029828		
OG0029829		
OG0029830		
OG0029831		
OG0029832		
OG0029833		
OG0029834		
OG0029835		
OG0029836		
OG0029837		
OG0029838		
OG0029839		
OG0029840		
OG0029841		
OG0029842		
OG0029843		
OG0029844		
OG0029845		
OG0029846		
OG0029847		
OG0029848		
OG0029849		
OG0029850		
OG0029851		
OG0029852		
OG0029853		
OG0029854		
OG0029855		
OG0029856		
OG0029857		
OG0029858		
OG0029859		
OG0029860		
OG0029861		
OG0029862		
OG0029863		
OG0029864		
OG0029865		
OG0029866		
OG0029867		
OG0029868		
OG0029869		
OG0029870		
OG0029871		
OG0029872		
OG0029873		
OG0029874		
OG0029875		
OG0029876		
OG0029877		
OG0029878		
OG0029879		
OG0029880		
OG0029881		
OG0029882		
OG0029883		
OG0029884		
OG0029885		
OG0029886		
OG0029887		
OG0029888		
OG0029889		
OG0029890		
OG0029891		
OG0029892		
OG0029893		
OG0029894		
OG0029895		
OG0029896		
OG0029897		
OG0029898		
OG0029899		
OG0029900		
OG0029901		
OG0029902		
OG0029903		
OG0029904		
OG0029905		
OG0029906		
OG0029907		
OG0029908		
OG0029909		
OG0029910		
OG0029911		
OG0029912		
OG0029913		
OG0029914		
OG0029915		
OG0029916		
OG0029917		
OG0029918		
OG0029919		
OG0029920		
OG0029921		
OG0029922		
OG0029923		
OG0029924		
OG0029925		
OG0029926		
OG0029927		
OG0029928		
OG0029929		
OG0029930		
OG0029931		
OG0029932		
OG0029933		
OG0029934		
OG0029935		
OG0029936		
OG0029937		
OG0029938		
OG0029939		
OG0029940		
OG0029941		
OG0029942		
OG0029943		
OG0029944		
OG0029945		
OG0029946		
OG0029947		
OG0029948		
OG0029949		
OG0029950		
OG0029951		
OG0029952		
OG0029953		
OG0029954		
OG0029955		
OG0029956		
OG0029957		
OG0029958		
OG0029959		
OG0029960		
OG0029961		
OG0029962		
OG0029963		
OG0029964		
OG0029965		
OG0029966		
OG0029967		
OG0029968		
OG0029969		
OG0029970		
OG0029971		
OG0029972		
OG0029973		
OG0029974		
OG0029975		
OG0029976		
OG0029977		
OG0029978		
OG0029979		
OG0029980		
OG0029981		
OG0029982		
OG0029983		
OG0029984		
OG0029985		
OG0029986		
OG0029987		
OG0029988		
OG0029989		
OG0029990		
OG0029991		
OG0029992		
OG0029993		
OG0029994		
OG0029995		
OG0029996		
OG0029997		
OG0029998		
OG0029999		
OG0030000		
OG0030001		
OG0030002		
OG0030003		
OG0030004		
OG0030005		
OG0030006		
OG0030007		
OG0030008		
OG0030009		
OG0030010		
OG0030011		
OG0030012		
OG0030013		
OG0030014		
OG0030015		
OG0030016		
OG0030017		
OG0030018		
OG0030019		
OG0030020		
OG0030021		
OG0030022		
OG0030023		
OG0030024		
OG0030025		
OG0030026		
OG0030027		
OG0030028		
OG0030029		
OG0030030		
OG0030031		
OG0030032		
OG0030033		
OG0030034		
OG0030035		
OG0030036		
OG0030037		
OG0030038		
OG0030039		
OG0030040		
OG0030041		
OG0030042		
OG0030043		
OG0030044		
OG0030045		
OG0030046		
OG0030047		
OG0030048		
OG0030049		
OG0030050		
OG0030051		
OG0030052		
OG0030053		
OG0030054		
OG0030055		
OG0030056		
OG0030057		
OG0030058		
OG0030059		
OG0030060		
OG0030061		
OG0030062		
OG0030063		
OG0030064		
OG0030065		
OG0030066		
OG0030067		
OG0030068		
OG0030069		
OG0030070		
OG0030071		
OG0030072		
OG0030073		
OG0030074		
OG0030075		
OG0030076		
OG0030077		
OG0030078		
OG0030079		
OG0030080		
OG0030081		
OG0030082		
OG0030083	ostta12g02870	
OG0030084		
OG0030085		
OG0030086		
OG0030087		
OG0030088		
OG0030089		
OG0030090		
OG0030091		
OG0030092		
OG0030093		
OG0030094		
OG0030095		
OG0030096		
OG0030097		
OG0030098		
OG0030099		
OG0030100		
OG0030101		
OG0030102		
OG0030103		
OG0030104		
OG0030105		
OG0030106		
OG0030107		
OG0030108		
OG0030109		
OG0030110		
OG0030111		
OG0030112		
OG0030113		
OG0030114		
OG0030115		
OG0030116		
OG0030117		
OG0030118		
OG0030119		
OG0030120		
OG0030121		
OG0030122		
OG0030123		
OG0030124		
OG0030125		
OG0030126		
OG0030127		
OG0030128		
OG0030129		
OG0030130		
OG0030131		
OG0030132		
OG0030133		
OG0030134		
OG0030135		
OG0030136		
OG0030137		
OG0030138		
OG0030139		
OG0030140		
OG0030141		
OG0030142		
OG0030143		
OG0030144		
OG0030145		
OG0030146		
OG0030147		
OG0030148		
OG0030149		
OG0030150		
OG0030151		
OG0030152		
OG0030153		
OG0030154		
OG0030155		
OG0030156		
OG0030157		
OG0030158		
OG0030159		
OG0030160		
OG0030161		
OG0030162		
OG0030163		
OG0030164		
OG0030165		
OG0030166		
OG0030167		
OG0030168		
OG0030169		
OG0030170		
OG0030171		
OG0030172		
OG0030173		
OG0030174		
OG0030175		
OG0030176		
OG0030177		
OG0030178		
OG0030179		
OG0030180		
OG0030181		
OG0030182		
OG0030183		
OG0030184		
OG0030185		
OG0030186		
OG0030187		
OG0030188		
OG0030189		
OG0030190		
OG0030191		
OG0030192		
OG0030193		
OG0030194		
OG0030195		
OG0030196		
OG0030197		
OG0030198		
OG0030199		
OG0030200		
OG0030201		
OG0030202		
OG0030203		
OG0030204		
OG0030205		
OG0030206		
OG0030207		
OG0030208		
OG0030209		
OG0030210		
OG0030211		
OG0030212		
OG0030213		
OG0030214		
OG0030215		
OG0030216		
OG0030217		
OG0030218		
OG0030219		
OG0030220		
OG0030221		
OG0030222		
OG0030223		
OG0030224		
OG0030225		
OG0030226		
OG0030227		
OG0030228		
OG0030229		
OG0030230		
OG0030231		
OG0030232		
OG0030233		
OG0030234		
OG0030235		
OG0030236		
OG0030237		
OG0030238		
OG0030239		
OG0030240		
OG0030241		
OG0030242		
OG0030243		
OG0030244		
OG0030245		
OG0030246		
OG0030247		
OG0030248		
OG0030249		
OG0030250		
OG0030251		
OG0030252		
OG0030253		
OG0030254		
OG0030255		
OG0030256		
OG0030257		
OG0030258		
OG0030259		
OG0030260		
OG0030261		
OG0030262		
OG0030263		
OG0030264		
OG0030265		
OG0030266		
OG0030267		
OG0030268		
OG0030269		
OG0030270		
OG0030271		
OG0030272		
OG0030273		
OG0030274		
OG0030275		
OG0030276		
OG0030277		
OG0030278		
OG0030279		
OG0030280		
OG0030281		
OG0030282		
OG0030283		
OG0030284		
OG0030285		
OG0030286		
OG0030287		
OG0030288		
OG0030289		
OG0030290		
OG0030291		
OG0030292		
OG0030293		
OG0030294		
OG0030295		
OG0030296		
OG0030297		
OG0030298		
OG0030299		
OG0030300		
OG0030301		
OG0030302		
OG0030303		
OG0030304		
OG0030305		
OG0030306		
OG0030307		
OG0030308		
OG0030309		
OG0030310		
OG0030311		
OG0030312		
OG0030313		
OG0030314		
OG0030315		
OG0030316		
OG0030317		
OG0030318		
OG0030319		
OG0030320		
OG0030321		
OG0030322		
OG0030323		
OG0030324		
OG0030325		
OG0030326		
OG0030327		
OG0030328		
OG0030329		
OG0030330		
OG0030331		
OG0030332		
OG0030333		
OG0030334		
OG0030335		
OG0030336		
OG0030337		
OG0030338		
OG0030339		
OG0030340		
OG0030341		
OG0030342		
OG0030343		
OG0030344		
OG0030345		
OG0030346		
OG0030347		
OG0030348		
OG0030349		
OG0030350		
OG0030351		
OG0030352		
OG0030353		
OG0030354		
OG0030355		
OG0030356		
OG0030357		
OG0030358		
OG0030359		
OG0030360		
OG0030361		
OG0030362		
OG0030363		
OG0030364		
OG0030365		
OG0030366		
OG0030367		
OG0030368		
OG0030369		
OG0030370		
OG0030371		
OG0030372		
OG0030373		
OG0030374		
OG0030375		
OG0030376		
OG0030377		
OG0030378		
OG0030379		
OG0030380		
OG0030381		
OG0030382		
OG0030383		
OG0030384		
OG0030385		
OG0030386		
OG0030387		
OG0030388		
OG0030389		
OG0030390		
OG0030391		
OG0030392		
OG0030393		
OG0030394		
OG0030395		
OG0030396		
OG0030397		
OG0030398		
OG0030399		
OG0030400		
OG0030401		
OG0030402		
OG0030403		
OG0030404		
OG0030405		
OG0030406		
OG0030407		
OG0030408		
OG0030409		
OG0030410		
OG0030411		
OG0030412		
OG0030413		
OG0030414		
OG0030415		
OG0030416		
OG0030417		
OG0030418		
OG0030419		
OG0030420		
OG0030421		
OG0030422		
OG0030423		
OG0030424		
OG0030425		
OG0030426		
OG0030427		
OG0030428		
OG0030429		
OG0030430		
OG0030431		
OG0030432		
OG0030433		
OG0030434		
OG0030435		
OG0030436		
OG0030437		
OG0030438		
OG0030439		
OG0030440		
OG0030441		
OG0030442		
OG0030443		
OG0030444		
OG0030445		
OG0030446		
OG0030447		
OG0030448		
OG0030449		
OG0030450		
OG0030451		
OG0030452		
OG0030453		
OG0030454		
OG0030455		
OG0030456		
OG0030457		
OG0030458		
OG0030459		
OG0030460		
OG0030461		
OG0030462		
OG0030463		
OG0030464		
OG0030465		
OG0030466		
OG0030467		
OG0030468		
OG0030469		
OG0030470		
OG0030471		
OG0030472		
OG0030473		
OG0030474		
OG0030475		
OG0030476		
OG0030477		
OG0030478		
OG0030479		
OG0030480		
OG0030481		
OG0030482		
OG0030483		
OG0030484		
OG0030485		
OG0030486		
OG0030487		
OG0030488		
OG0030489		
OG0030490		
OG0030491		
OG0030492		
OG0030493		
OG0030494		
OG0030495		
OG0030496		
OG0030497		
OG0030498		
OG0030499		
OG0030500		
OG0030501		
OG0030502		
OG0030503		
OG0030504		
OG0030505		
OG0030506		
OG0030507		
OG0030508		
OG0030509		
OG0030510		
OG0030511		
OG0030512		
OG0030513		
OG0030514		
OG0030515		
OG0030516		
OG0030517		
OG0030518		
OG0030519		
OG0030520		
OG0030521		
OG0030522		
OG0030523		
OG0030524		
OG0030525		
OG0030526		
OG0030527		
OG0030528		
OG0030529		
OG0030530		
OG0030531		
OG0030532		
OG0030533		
OG0030534		
OG0030535		
OG0030536		
OG0030537		
OG0030538		
OG0030539		
OG0030540		
OG0030541		
OG0030542		
OG0030543		
OG0030544		
OG0030545		
OG0030546		
OG0030547		
OG0030548		
OG0030549		
OG0030550		
OG0030551		
OG0030552		
OG0030553		
OG0030554		
OG0030555		
OG0030556		
OG0030557		
OG0030558		
OG0030559		
OG0030560		
OG0030561		
OG0030562		
OG0030563		
OG0030564		
OG0030565		
OG0030566		
OG0030567		
OG0030568		
OG0030569		
OG0030570		
OG0030571		
OG0030572		
OG0030573		
OG0030574		
OG0030575		
OG0030576		
OG0030577		
OG0030578		
OG0030579		
OG0030580		
OG0030581		
OG0030582		
OG0030583		
OG0030584		
OG0030585		
OG0030586		
OG0030587		
OG0030588		
OG0030589		
OG0030590		
OG0030591		
OG0030592		
OG0030593		
OG0030594		
OG0030595		
OG0030596		
OG0030597		
OG0030598		
OG0030599		
OG0030600		
OG0030601		
OG0030602		
OG0030603		
OG0030604		
OG0030605		
OG0030606		
OG0030607		
OG0030608		
OG0030609		
OG0030610		
OG0030611		
OG0030612		
OG0030613		
OG0030614		
OG0030615		
OG0030616		
OG0030617		
OG0030618		
OG0030619		
OG0030620		
OG0030621		
OG0030622		
OG0030623		
OG0030624		
OG0030625		
OG0030626		
OG0030627		
OG0030628		
OG0030629		
OG0030630		
OG0030631		
OG0030632		
OG0030633		
OG0030634		
OG0030635		
OG0030636		
OG0030637		
OG0030638		
OG0030639		
OG0030640		
OG0030641		
OG0030642		
OG0030643		
OG0030644		
OG0030645		
OG0030646		
OG0030647		
OG0030648		
OG0030649		
OG0030650		
OG0030651		
OG0030652		
OG0030653		
OG0030654		
OG0030655		
OG0030656		
OG0030657		
OG0030658		
OG0030659		
OG0030660		
OG0030661		
OG0030662		
OG0030663		
OG0030664		
OG0030665		
OG0030666		
OG0030667		
OG0030668		
OG0030669		
OG0030670		
OG0030671		
OG0030672		
OG0030673		
OG0030674		
OG0030675		
OG0030676		
OG0030677		
OG0030678		
OG0030679		
OG0030680		
OG0030681		
OG0030682		
OG0030683		
OG0030684		
OG0030685		
OG0030686		
OG0030687		
OG0030688		
OG0030689		
OG0030690		
OG0030691		
OG0030692		
OG0030693		
OG0030694		
OG0030695		
OG0030696		
OG0030697		
OG0030698		
OG0030699		
OG0030700		
OG0030701		
OG0030702		
OG0030703		
OG0030704		
OG0030705		
OG0030706		
OG0030707		
OG0030708		
OG0030709		
OG0030710		
OG0030711		
OG0030712		
OG0030713		
OG0030714		
OG0030715		
OG0030716		
OG0030717		
OG0030718		
OG0030719		
OG0030720		
OG0030721		
OG0030722		
OG0030723		
OG0030724		
OG0030725		
OG0030726		
OG0030727		
OG0030728		
OG0030729		
OG0030730		
OG0030731		
OG0030732		
OG0030733		
OG0030734		
OG0030735		
OG0030736		
OG0030737		
OG0030738		
OG0030739		
OG0030740		
OG0030741		
OG0030742		
OG0030743		
OG0030744		
OG0030745		
OG0030746		
OG0030747		
OG0030748		
OG0030749		
OG0030750		
OG0030751		
OG0030752		
OG0030753		
OG0030754		
OG0030755		
OG0030756		
OG0030757		
OG0030758		
OG0030759		
OG0030760		
OG0030761		
OG0030762		
OG0030763		
OG0030764		
OG0030765		
OG0030766		
OG0030767		
OG0030768		
OG0030769		
OG0030770		
OG0030771		
OG0030772		
OG0030773		
OG0030774		
OG0030775		
OG0030776		
OG0030777		
OG0030778		
OG0030779		
OG0030780		
OG0030781		
OG0030782		
OG0030783		
OG0030784		
OG0030785		
OG0030786		
OG0030787		
OG0030788		
OG0030789		
OG0030790		
OG0030791		
OG0030792		
OG0030793		
OG0030794		
OG0030795		
OG0030796		
OG0030797		
OG0030798		
OG0030799		
OG0030800		
OG0030801		
OG0030802		
OG0030803		
OG0030804		
OG0030805		
OG0030806		
OG0030807		
OG0030808		
OG0030809		
OG0030810		
OG0030811		
OG0030812		
OG0030813		
OG0030814		
OG0030815		
OG0030816		
OG0030817		
OG0030818		
OG0030819		
OG0030820		
OG0030821		
OG0030822		
OG0030823		
OG0030824		
OG0030825		
OG0030826		
OG0030827		
OG0030828		
OG0030829		
OG0030830		
OG0030831		
OG0030832		
OG0030833		
OG0030834		
OG0030835		
OG0030836		
OG0030837		
OG0030838		
OG0030839		
OG0030840		
OG0030841		
OG0030842		
OG0030843		
OG0030844		
OG0030845		
OG0030846		
OG0030847		
OG0030848		
OG0030849		
OG0030850		
OG0030851		
OG0030852		
OG0030853		
OG0030854		
OG0030855		
OG0030856		
OG0030857		
OG0030858		
OG0030859		
OG0030860		
OG0030861		
OG0030862		
OG0030863		
OG0030864		
OG0030865		
OG0030866		
OG0030867		
OG0030868		
OG0030869		
OG0030870		
OG0030871		
OG0030872		
OG0030873		
OG0030874		
OG0030875		
OG0030876		
OG0030877		
OG0030878		
OG0030879		
OG0030880		
OG0030881		
OG0030882		
OG0030883		
OG0030884		
OG0030885		
OG0030886		
OG0030887		
OG0030888		
OG0030889		
OG0030890		
OG0030891		
OG0030892		
OG0030893		
OG0030894		
OG0030895		
OG0030896		
OG0030897		
OG0030898		
OG0030899		
OG0030900		
OG0030901		
OG0030902		
OG0030903		
OG0030904		
OG0030905		
OG0030906		
OG0030907		
OG0030908		
OG0030909		
OG0030910		
OG0030911		
OG0030912		
OG0030913		
OG0030914		
OG0030915		
OG0030916		
OG0030917		
OG0030918		
OG0030919		
OG0030920		
OG0030921		
OG0030922		
OG0030923		
OG0030924		
OG0030925		
OG0030926		
OG0030927		
OG0030928		
OG0030929		
OG0030930		
OG0030931		
OG0030932		
OG0030933		
OG0030934		
OG0030935		
OG0030936		
OG0030937		
OG0030938		
OG0030939		
OG0030940		
OG0030941		
OG0030942		
OG0030943		
OG0030944		
OG0030945		
OG0030946		
OG0030947		
OG0030948		
OG0030949		
OG0030950		
OG0030951		
OG0030952		
OG0030953		
OG0030954		
OG0030955		
OG0030956		
OG0030957		
OG0030958		
OG0030959		
OG0030960		
OG0030961		
OG0030962		
OG0030963		
OG0030964		
OG0030965		
OG0030966		
OG0030967		
OG0030968		
OG0030969		
OG0030970		
OG0030971		
OG0030972		
OG0030973		
OG0030974		
OG0030975		
OG0030976		
OG0030977		
OG0030978		
OG0030979		
OG0030980		
OG0030981		
OG0030982		
OG0030983		
OG0030984		
OG0030985		
OG0030986		
OG0030987		
OG0030988		
OG0030989		
OG0030990		
OG0030991		
OG0030992		
OG0030993		
OG0030994		
OG0030995		
OG0030996		
OG0030997		
OG0030998		
OG0030999		
OG0031000		
OG0031001		
OG0031002		
OG0031003		
OG0031004		
OG0031005		
OG0031006		
OG0031007		
OG0031008		
OG0031009		
OG0031010		
OG0031011		
OG0031012		
OG0031013		
OG0031014		
OG0031015		
OG0031016		
OG0031017		
OG0031018		
OG0031019		
OG0031020		
OG0031021		
OG0031022		
OG0031023		
OG0031024		
OG0031025		
OG0031026		
OG0031027		
OG0031028		
OG0031029		
OG0031030		
OG0031031		
OG0031032		
OG0031033		
OG0031034		
OG0031035		
OG0031036		
OG0031037		
OG0031038		
OG0031039		
OG0031040		
OG0031041		
OG0031042		
OG0031043		
OG0031044		
OG0031045		
OG0031046		
OG0031047		
OG0031048		
OG0031049		
OG0031050		
OG0031051		
OG0031052		
OG0031053		
OG0031054		
OG0031055		
OG0031056		
OG0031057		
OG0031058		
OG0031059		
OG0031060		
OG0031061		
OG0031062		
OG0031063		
OG0031064		
OG0031065		
OG0031066		
OG0031067		
OG0031068		
OG0031069		
OG0031070		
OG0031071		
OG0031072		
OG0031073		
OG0031074		
OG0031075		
OG0031076		
OG0031077		
OG0031078		
OG0031079		
OG0031080		
OG0031081		
OG0031082		
OG0031083		
OG0031084		
OG0031085		
OG0031086		
OG0031087		
OG0031088		
OG0031089		
OG0031090		
OG0031091		
OG0031092		
OG0031093		
OG0031094		
OG0031095		
OG0031096		
OG0031097		
OG0031098		
OG0031099		
OG0031100		
OG0031101		
OG0031102		
OG0031103		
OG0031104		
OG0031105		
OG0031106		
OG0031107		
OG0031108		
OG0031109		
OG0031110		
OG0031111		
OG0031112		
OG0031113		
OG0031114		
OG0031115		
OG0031116		
OG0031117		
OG0031118		
OG0031119		
OG0031120		
OG0031121		
OG0031122		
OG0031123		
OG0031124		
OG0031125		
OG0031126		
OG0031127		
OG0031128	ostta04g05500	
OG0031129		
OG0031130		
OG0031131		
OG0031132		
OG0031133		
OG0031134		
OG0031135		
OG0031136	ostta01g06400	
OG0031137		
OG0031138		
OG0031139		
OG0031140		
OG0031141		
OG0031142		
OG0031143		
OG0031144		
OG0031145		
OG0031146		
OG0031147		
OG0031148	ostta03g04450	
OG0031149		
OG0031150		
OG0031151		
OG0031152		
OG0031153		
OG0031154		
OG0031155		
OG0031156		
OG0031157		
OG0031158		
OG0031159		
OG0031160		
OG0031161		
OG0031162		
OG0031163		
OG0031164		
OG0031165		
OG0031166		
OG0031167		
OG0031168		
OG0031169		
OG0031170		
OG0031171		
OG0031172		
OG0031173	ostta20g00410	
OG0031174		
OG0031175		
OG0031176		
OG0031177		
OG0031178		
OG0031179		
OG0031180		
OG0031181		
OG0031182		
OG0031183		
OG0031184		
OG0031185		
OG0031186		
OG0031187		
OG0031188		
OG0031189		
OG0031190		
OG0031191		
OG0031192		
OG0031193		
OG0031194		
OG0031195		
OG0031196		
OG0031197		
OG0031198		
OG0031199		
OG0031200		
OG0031201		
OG0031202		
OG0031203		
OG0031204		
OG0031205		
OG0031206		
OG0031207		
OG0031208		
OG0031209		
OG0031210		
OG0031211		
OG0031212		
OG0031213	ostta07g03610	
OG0031214		
OG0031215		
OG0031216		
OG0031217		
OG0031218		
OG0031219		
OG0031220		
OG0031221		
OG0031222		
OG0031223		
OG0031224		
OG0031225		
OG0031226		
OG0031227		
OG0031228		
OG0031229		
OG0031230		
OG0031231		
OG0031232		
OG0031233		
OG0031234	ostta14g00180	
OG0031235		
OG0031236		
OG0031237		
OG0031238		
OG0031239	ostta10g01130	
OG0031240		
OG0031241		
OG0031242		
OG0031243		
OG0031244		
OG0031245		
OG0031246		
OG0031247		
OG0031248		
OG0031249		
OG0031250		
OG0031251		
OG0031252		
OG0031253		
OG0031254		
OG0031255		
OG0031256		
OG0031257		
OG0031258		
OG0031259		
OG0031260		
OG0031261		
OG0031262		
OG0031263		
OG0031264		
OG0031265		
OG0031266		
OG0031267		
OG0031268		
OG0031269		
OG0031270		
OG0031271		
OG0031272		
OG0031273		
OG0031274		
OG0031275		
OG0031276		
OG0031277		
OG0031278		
OG0031279		
OG0031280		
OG0031281		
OG0031282		
OG0031283		
OG0031284		
OG0031285		
OG0031286		
OG0031287		
OG0031288		
OG0031289		
OG0031290		
OG0031291		
OG0031292		
OG0031293		
OG0031294		
OG0031295		
OG0031296	ostta09g02180	
OG0031297	ostta13g02410	
OG0031298		
OG0031299		
OG0031300		
OG0031301	ostta09g00200, ostta09g00210	
OG0031302	ostta10g01730	
OG0031303	ostta14g01310, ostta20g00230	
OG0031304	ostta17g01590	
OG0031305		
OG0031306	ostta08g03900, ostta11g01060	
OG0031307	ostta08g01155	
OG0031308		
OG0031309		
OG0031310		
OG0031311		
OG0031312	ostta07g02270, ostta08g04010	
OG0031313		
OG0031314		
OG0031315		
OG0031316		
OG0031317		
OG0031318		
OG0031319	ostta09g00030	
OG0031320		
OG0031321		
OG0031322	ostta12g01480	
OG0031323		
OG0031324		
OG0031325		
OG0031326		
OG0031327		
OG0031328		
OG0031329		
OG0031330		
OG0031331		
OG0031332		
OG0031333		
OG0031334		
OG0031335		
OG0031336		
OG0031337		
OG0031338		
OG0031339		
OG0031340		
OG0031341		
OG0031342		
OG0031343		
OG0031344		
OG0031345		
OG0031346		
OG0031347		
OG0031348		
OG0031349		
OG0031350		
OG0031351		
OG0031352		
OG0031353		
OG0031354		
OG0031355		
OG0031356		
OG0031357		
OG0031358		
OG0031359		
OG0031360		
OG0031361		
OG0031362		
OG0031363		
OG0031364		
OG0031365		
OG0031366		
OG0031367		
OG0031368		
OG0031369		
OG0031370		
OG0031371		
OG0031372		
OG0031373		
OG0031374		
OG0031375		
OG0031376		
OG0031377		
OG0031378		
OG0031379		
OG0031380		
OG0031381		
OG0031382		
OG0031383		
OG0031384		
OG0031385		
OG0031386		
OG0031387		
OG0031388		
OG0031389		
OG0031390		
OG0031391		
OG0031392		
OG0031393		
OG0031394		
OG0031395		
OG0031396		
OG0031397		
OG0031398		
OG0031399		
OG0031400		
OG0031401		
OG0031402		
OG0031403		
OG0031404		
OG0031405		
OG0031406		
OG0031407		
OG0031408		
OG0031409		
OG0031410		
OG0031411		
OG0031412		
OG0031413		
OG0031414		
OG0031415		
OG0031416		
OG0031417		
OG0031418		
OG0031419		
OG0031420		
OG0031421		
OG0031422		
OG0031423		
OG0031424		
OG0031425		
OG0031426		
OG0031427		
OG0031428		
OG0031429		
OG0031430		
OG0031431		
OG0031432		
OG0031433		
OG0031434		
OG0031435		
OG0031436		
OG0031437		
OG0031438		
OG0031439		
OG0031440		
OG0031441		
OG0031442		
OG0031443		
OG0031444		
OG0031445		
OG0031446		
OG0031447		
OG0031448		
OG0031449		
OG0031450		
OG0031451		
OG0031452		
OG0031453		
OG0031454		
OG0031455		
OG0031456		
OG0031457		
OG0031458		
OG0031459		
OG0031460		
OG0031461		
OG0031462		
OG0031463		
OG0031464		
OG0031465		
OG0031466		
OG0031467		
OG0031468		
OG0031469		
OG0031470		
OG0031471		
OG0031472		
OG0031473		
OG0031474		
OG0031475		
OG0031476		
OG0031477		
OG0031478		
OG0031479		
OG0031480		
OG0031481		
OG0031482		
OG0031483		
OG0031484		
OG0031485		
OG0031486		
OG0031487		
OG0031488		
OG0031489		
OG0031490		
OG0031491		
OG0031492		
OG0031493		
OG0031494		
OG0031495		
OG0031496		
OG0031497		
OG0031498		
OG0031499		
OG0031500		
OG0031501		
OG0031502		
OG0031503		
OG0031504		
OG0031505		
OG0031506		
OG0031507		
OG0031508		
OG0031509		
OG0031510		
OG0031511		
OG0031512		
OG0031513		
OG0031514		
OG0031515		
OG0031516		
OG0031517		
OG0031518		
OG0031519		
OG0031520		
OG0031521		
OG0031522		
OG0031523		
OG0031524		
OG0031525		
OG0031526		
OG0031527		
OG0031528		
OG0031529		
OG0031530		
OG0031531		
OG0031532		
OG0031533		
OG0031534		
OG0031535		
OG0031536		
OG0031537		
OG0031538		
OG0031539		
OG0031540		
OG0031541		
OG0031542		
OG0031543		
OG0031544		
OG0031545		
OG0031546		
OG0031547		
OG0031548		
OG0031549		
OG0031550		
OG0031551		
OG0031552		
OG0031553		
OG0031554		
OG0031555		
OG0031556		
OG0031557		
OG0031558		
OG0031559		
OG0031560		
OG0031561		
OG0031562		
OG0031563		
OG0031564		
OG0031565		
OG0031566		
OG0031567		
OG0031568		
OG0031569		
OG0031570		
OG0031571		
OG0031572		
OG0031573		
OG0031574		
OG0031575		
OG0031576		
OG0031577		
OG0031578		
OG0031579		
OG0031580		
OG0031581		
OG0031582		
OG0031583		
OG0031584		
OG0031585		
OG0031586		
OG0031587		
OG0031588		
OG0031589		
OG0031590		
OG0031591		
OG0031592		
OG0031593		
OG0031594		
OG0031595		
OG0031596		
OG0031597		
OG0031598		
OG0031599		
OG0031600		
OG0031601		
OG0031602		
OG0031603		
OG0031604		
OG0031605		
OG0031606		
OG0031607		
OG0031608		
OG0031609		
OG0031610		
OG0031611		
OG0031612		
OG0031613		
OG0031614		
OG0031615		
OG0031616		
OG0031617		
OG0031618		
OG0031619		
OG0031620		
OG0031621		
OG0031622		
OG0031623		
OG0031624		
OG0031625		
OG0031626		
OG0031627		
OG0031628		
OG0031629		
OG0031630		
OG0031631		
OG0031632		
OG0031633		
OG0031634		
OG0031635		
OG0031636		
OG0031637		
OG0031638		
OG0031639		
OG0031640		
OG0031641		
OG0031642		
OG0031643		
OG0031644		
OG0031645		
OG0031646		
OG0031647		
OG0031648		
OG0031649		
OG0031650		
OG0031651		
OG0031652		
OG0031653		
OG0031654		
OG0031655		
OG0031656		
OG0031657		
OG0031658		
OG0031659		
OG0031660		
OG0031661		
OG0031662		
OG0031663		
OG0031664		
OG0031665		
OG0031666		
OG0031667		
OG0031668		
OG0031669		
OG0031670		
OG0031671		
OG0031672		
OG0031673		
OG0031674		
OG0031675		
OG0031676		
OG0031677		
OG0031678		
OG0031679		
OG0031680		
OG0031681		
OG0031682		
OG0031683		
OG0031684		
OG0031685		
OG0031686		
OG0031687		
OG0031688		
OG0031689		
OG0031690		
OG0031691		
OG0031692		
OG0031693		
OG0031694		
OG0031695		
OG0031696		
OG0031697		
OG0031698		
OG0031699		
OG0031700		
OG0031701		
OG0031702		
OG0031703		
OG0031704		
OG0031705		
OG0031706		
OG0031707		
OG0031708		
OG0031709		
OG0031710		
OG0031711		
OG0031712		
OG0031713		
OG0031714		
OG0031715		
OG0031716		
OG0031717		
OG0031718		
OG0031719		
OG0031720		
OG0031721		
OG0031722		
OG0031723		
OG0031724		
OG0031725		
OG0031726		
OG0031727		
OG0031728		
OG0031729		
OG0031730		
OG0031731		
OG0031732		
OG0031733		
OG0031734		
OG0031735		
OG0031736		
OG0031737		
OG0031738		
OG0031739		
OG0031740		
OG0031741		
OG0031742		
OG0031743		
OG0031744		
OG0031745		
OG0031746		
OG0031747		
OG0031748		
OG0031749		
OG0031750		
OG0031751		
OG0031752		
OG0031753		
OG0031754		
OG0031755		
OG0031756		
OG0031757		
OG0031758		
OG0031759		
OG0031760		
OG0031761		
OG0031762		
OG0031763		
OG0031764		
OG0031765		
OG0031766		
OG0031767		
OG0031768		
OG0031769		
OG0031770		
OG0031771		
OG0031772		
OG0031773		
OG0031774		
OG0031775		
OG0031776		
OG0031777		
OG0031778		
OG0031779		
OG0031780		
OG0031781		
OG0031782		
OG0031783		
OG0031784		
OG0031785		
OG0031786		
OG0031787		
OG0031788		
OG0031789		
OG0031790		
OG0031791		
OG0031792		
OG0031793		
OG0031794		
OG0031795		
OG0031796		
OG0031797		
OG0031798		
OG0031799		
OG0031800		
OG0031801		
OG0031802		
OG0031803		
OG0031804		
OG0031805		
OG0031806		
OG0031807		
OG0031808		
OG0031809		
OG0031810		
OG0031811		
OG0031812		
OG0031813		
OG0031814		
OG0031815		
OG0031816		
OG0031817		
OG0031818	ostta02g03465, ostta07g03565, ostta10g03460	
OG0031819	ostta12g02190, ostta13g00050, ostta19g00620	
OG0031820	ostta05g01200, ostta09g00220, ostta13g02430	
OG0031821	ostta13g02660, ostta17g01970, ostta17g01980	
OG0031822	ostta03g01340, ostta08g02340, ostta15g00710	
OG0031823	ostta03g06000, ostta04g05590, ostta16g02730	
OG0031824	ostta08g00680, ostta08g01240, ostta17g00190	
OG0031825	ostta02g04510, ostta02g04520, ostta17g01885	
OG0031826	ostta02g00035, ostta02g00085, ostta19g00555	
OG0031827	ostta02g00850, ostta02g00910, ostta02g01630	
OG0031828	ostta02g01320	
OG0031829	ostta03g06010, ostta04g05600, ostta06g00060	
OG0031830	ostta04g00670, ostta06g01270, ostta06g01280	
OG0031831	ostta04g04590, ostta04g04600, ostta09g03470	
OG0031832		
OG0031833		
OG0031834		
OG0031835		
OG0031836		
OG0031837		
OG0031838		
OG0031839		
OG0031840		
OG0031841		
OG0031842		
OG0031843		
OG0031844		
OG0031845		
OG0031846		
OG0031847		
OG0031848		
OG0031849		
OG0031850		
OG0031851		
OG0031852		
OG0031853		
OG0031854		
OG0031855		
OG0031856		
OG0031857		
OG0031858		
OG0031859		
OG0031860		
OG0031861		
OG0031862		
OG0031863		
OG0031864		
OG0031865		
OG0031866		
OG0031867		
OG0031868		
OG0031869		
OG0031870		
OG0031871		
OG0031872		
OG0031873		
OG0031874		
OG0031875		
OG0031876		
OG0031877		
OG0031878		
OG0031879		
OG0031880		
OG0031881		
OG0031882		
OG0031883		
OG0031884		
OG0031885		
OG0031886		
OG0031887		
OG0031888		
OG0031889		
OG0031890		
OG0031891		
OG0031892		
OG0031893		
OG0031894		
OG0031895		
OG0031896		
OG0031897		
OG0031898		
OG0031899		
OG0031900		
OG0031901		
OG0031902		
OG0031903		
OG0031904		
OG0031905		
OG0031906		
OG0031907		
OG0031908		
OG0031909		
OG0031910		
OG0031911		
OG0031912		
OG0031913		
OG0031914		
OG0031915		
OG0031916		
OG0031917		
OG0031918		
OG0031919		
OG0031920		
OG0031921		
OG0031922		
OG0031923		
OG0031924		
OG0031925		
OG0031926		
OG0031927		
OG0031928		
OG0031929		
OG0031930		
OG0031931		
OG0031932		
OG0031933		
OG0031934		
OG0031935		
OG0031936		
OG0031937		
OG0031938		
OG0031939		
OG0031940		
OG0031941		
OG0031942		
OG0031943		
OG0031944		
OG0031945		
OG0031946		
OG0031947		
OG0031948		
OG0031949		
OG0031950		
OG0031951		
OG0031952		
OG0031953		
OG0031954		
OG0031955		
OG0031956		
OG0031957		
OG0031958		
OG0031959		
OG0031960		
OG0031961		
OG0031962		
OG0031963		
OG0031964		
OG0031965		
OG0031966		
OG0031967		
OG0031968		
OG0031969		
OG0031970		
OG0031971		
OG0031972		
OG0031973		
OG0031974		
OG0031975		
OG0031976		
OG0031977		
OG0031978		
OG0031979		
OG0031980		
OG0031981		
OG0031982		
OG0031983		
OG0031984		
OG0031985		
OG0031986		
OG0031987		
OG0031988		
OG0031989		
OG0031990		
OG0031991		
OG0031992		
OG0031993		
OG0031994		
OG0031995		
OG0031996		
OG0031997		
OG0031998		
OG0031999		
OG0032000		
OG0032001		
OG0032002		
OG0032003		
OG0032004		
OG0032005		
OG0032006		
OG0032007		
OG0032008		
OG0032009		
OG0032010		
OG0032011		
OG0032012		
OG0032013		
OG0032014		
OG0032015		
OG0032016		
OG0032017		
OG0032018		
OG0032019		
OG0032020		
OG0032021		
OG0032022		
OG0032023		
OG0032024		
OG0032025		
OG0032026		
OG0032027		
OG0032028		
OG0032029		
OG0032030		
OG0032031		
OG0032032		
OG0032033		
OG0032034		
OG0032035		
OG0032036		
OG0032037		
OG0032038		
OG0032039		
OG0032040		
OG0032041		
OG0032042		
OG0032043		
OG0032044		
OG0032045		
OG0032046		
OG0032047		
OG0032048		
OG0032049		
OG0032050		
OG0032051		
OG0032052		
OG0032053		
OG0032054		
OG0032055		
OG0032056		
OG0032057		
OG0032058		
OG0032059		
OG0032060		
OG0032061		
OG0032062		
OG0032063		
OG0032064		
OG0032065		
OG0032066		
OG0032067		
OG0032068		
OG0032069		
OG0032070		
OG0032071		
OG0032072		
OG0032073		
OG0032074		
OG0032075		
OG0032076		
OG0032077		
OG0032078		
OG0032079		
OG0032080		
OG0032081		
OG0032082		
OG0032083		
OG0032084		
OG0032085		
OG0032086		
OG0032087		
OG0032088		
OG0032089		
OG0032090		
OG0032091		
OG0032092		
OG0032093		
OG0032094		
OG0032095		
OG0032096		
OG0032097		
OG0032098		
OG0032099		
OG0032100		
OG0032101		
OG0032102		
OG0032103		
OG0032104		
OG0032105		
OG0032106		
OG0032107		
OG0032108		
OG0032109		
OG0032110		
OG0032111		
OG0032112		
OG0032113		
OG0032114		
OG0032115		
OG0032116		
OG0032117		
OG0032118		
OG0032119		
OG0032120		
OG0032121		
OG0032122		
OG0032123		
OG0032124		
OG0032125		
OG0032126		
OG0032127		
OG0032128		
OG0032129		
OG0032130		
OG0032131		
OG0032132		
OG0032133		
OG0032134		
OG0032135		
OG0032136		
OG0032137		
OG0032138		
OG0032139		
OG0032140		
OG0032141		
OG0032142		
OG0032143		
OG0032144		
OG0032145		
OG0032146		
OG0032147		
OG0032148		
OG0032149		
OG0032150		
OG0032151		
OG0032152		
OG0032153		
OG0032154		
OG0032155		
OG0032156		
OG0032157		
OG0032158		
OG0032159		
OG0032160		
OG0032161		
OG0032162		
OG0032163		
OG0032164		
OG0032165		
OG0032166		
OG0032167		
OG0032168		
OG0032169		
OG0032170		
OG0032171		
OG0032172		
OG0032173		
OG0032174		
OG0032175		
OG0032176		
OG0032177		
OG0032178		
OG0032179		
OG0032180		
OG0032181		
OG0032182		
OG0032183		
OG0032184		
OG0032185		
OG0032186		
OG0032187		
OG0032188		
OG0032189		
OG0032190		
OG0032191		
OG0032192		
OG0032193		
OG0032194		
OG0032195		
OG0032196		
OG0032197		
OG0032198		
OG0032199		
OG0032200		
OG0032201		
OG0032202		
OG0032203		
OG0032204		
OG0032205		
OG0032206		
OG0032207		
OG0032208		
OG0032209		
OG0032210		
OG0032211		
OG0032212		
OG0032213		
OG0032214		
OG0032215		
OG0032216		
OG0032217		
OG0032218		
OG0032219		
OG0032220		
OG0032221		
OG0032222		
OG0032223		
OG0032224		
OG0032225		
OG0032226		
OG0032227		
OG0032228		
OG0032229		
OG0032230		
OG0032231		
OG0032232		
OG0032233		
OG0032234		
OG0032235		
OG0032236		
OG0032237		
OG0032238		
OG0032239		
OG0032240		
OG0032241		
OG0032242		
OG0032243		
OG0032244		
OG0032245		
OG0032246		
OG0032247		
OG0032248		
OG0032249		
OG0032250		
OG0032251		
OG0032252		
OG0032253		
OG0032254		
OG0032255		
OG0032256		
OG0032257		
OG0032258		
OG0032259		
OG0032260		
OG0032261		
OG0032262		
OG0032263		
OG0032264		
OG0032265		
OG0032266		
OG0032267		
OG0032268		
OG0032269		
OG0032270		
OG0032271		
OG0032272		
OG0032273		
OG0032274		
OG0032275		
OG0032276		
OG0032277		
OG0032278		
OG0032279		
OG0032280		
OG0032281		
OG0032282		
OG0032283		
OG0032284		
OG0032285		
OG0032286		
OG0032287		
OG0032288		
OG0032289		
OG0032290		
OG0032291		
OG0032292		
OG0032293		
OG0032294		
OG0032295		
OG0032296		
OG0032297		
OG0032298		
OG0032299		
OG0032300		
OG0032301		
OG0032302		
OG0032303		
OG0032304		
OG0032305		
OG0032306		
OG0032307		
OG0032308		
OG0032309		
OG0032310		
OG0032311		
OG0032312		
OG0032313		
OG0032314		
OG0032315		
OG0032316		
OG0032317		
OG0032318		
OG0032319		
OG0032320		
OG0032321		
OG0032322		
OG0032323		
OG0032324		
OG0032325		
OG0032326		
OG0032327		
OG0032328		
OG0032329		
OG0032330		
OG0032331		
OG0032332		
OG0032333		
OG0032334		
OG0032335		
OG0032336		
OG0032337		
OG0032338		
OG0032339		
OG0032340		
OG0032341		
OG0032342		
OG0032343		
OG0032344		
OG0032345		
OG0032346		
OG0032347		
OG0032348		
OG0032349		
OG0032350		
OG0032351		
OG0032352		
OG0032353		
OG0032354		
OG0032355		
OG0032356		
OG0032357		
OG0032358		
OG0032359		
OG0032360		
OG0032361		
OG0032362		
OG0032363		
OG0032364		
OG0032365		
OG0032366		
OG0032367		
OG0032368		
OG0032369		
OG0032370		
OG0032371		
OG0032372		
OG0032373		
OG0032374		
OG0032375		
OG0032376		
OG0032377		
OG0032378		
OG0032379		
OG0032380		
OG0032381		
OG0032382		
OG0032383		
OG0032384		
OG0032385		
OG0032386		
OG0032387		
OG0032388		
OG0032389		
OG0032390		
OG0032391		
OG0032392		
OG0032393		
OG0032394		
OG0032395		
OG0032396		
OG0032397		
OG0032398		
OG0032399		
OG0032400		
OG0032401		
OG0032402		
OG0032403		
OG0032404		
OG0032405		
OG0032406		
OG0032407		
OG0032408		
OG0032409		
OG0032410		
OG0032411		
OG0032412		
OG0032413		
OG0032414		
OG0032415		
OG0032416		
OG0032417		
OG0032418		
OG0032419		
OG0032420		
OG0032421		
OG0032422		
OG0032423		
OG0032424		
OG0032425		
OG0032426		
OG0032427		
OG0032428		
OG0032429		
OG0032430		
OG0032431		
OG0032432		
OG0032433		
OG0032434		
OG0032435		
OG0032436		
OG0032437		
OG0032438		
OG0032439		
OG0032440		
OG0032441		
OG0032442		
OG0032443		
OG0032444		
OG0032445		
OG0032446		
OG0032447		
OG0032448		
OG0032449		
OG0032450		
OG0032451		
OG0032452		
OG0032453		
OG0032454		
OG0032455		
OG0032456		
OG0032457		
OG0032458		
OG0032459		
OG0032460		
OG0032461		
OG0032462		
OG0032463		
OG0032464		
OG0032465		
OG0032466		
OG0032467		
OG0032468		
OG0032469		
OG0032470		
OG0032471		
OG0032472		
OG0032473		
OG0032474		
OG0032475		
OG0032476		
OG0032477		
OG0032478		
OG0032479		
OG0032480		
OG0032481		
OG0032482		
OG0032483		
OG0032484		
OG0032485		
OG0032486		
OG0032487		
OG0032488		
OG0032489		
OG0032490		
OG0032491		
OG0032492		
OG0032493		
OG0032494		
OG0032495		
OG0032496		
OG0032497		
OG0032498		
OG0032499		
OG0032500		
OG0032501		
OG0032502		
OG0032503		
OG0032504		
OG0032505		
OG0032506		
OG0032507		
OG0032508		
OG0032509		
OG0032510		
OG0032511		
OG0032512		
OG0032513		
OG0032514		
OG0032515		
OG0032516		
OG0032517		
OG0032518		
OG0032519		
OG0032520		
OG0032521		
OG0032522		
OG0032523		
OG0032524		
OG0032525		
OG0032526		
OG0032527		
OG0032528		
OG0032529		
OG0032530		
OG0032531		
OG0032532		
OG0032533		
OG0032534		
OG0032535		
OG0032536		
OG0032537		
OG0032538		
OG0032539		
OG0032540		
OG0032541		
OG0032542		
OG0032543		
OG0032544		
OG0032545		
OG0032546		
OG0032547		
OG0032548		
OG0032549		
OG0032550		
OG0032551		
OG0032552		
OG0032553		
OG0032554		
OG0032555		
OG0032556		
OG0032557		
OG0032558		
OG0032559		
OG0032560		
OG0032561		
OG0032562		
OG0032563		
OG0032564		
OG0032565		
OG0032566		
OG0032567		
OG0032568		
OG0032569		
OG0032570		
OG0032571		
OG0032572		
OG0032573		
OG0032574		
OG0032575		
OG0032576		
OG0032577		
OG0032578		
OG0032579		
OG0032580		
OG0032581		
OG0032582		
OG0032583		
OG0032584		
OG0032585		
OG0032586		
OG0032587		
OG0032588		
OG0032589		
OG0032590		
OG0032591		
OG0032592		
OG0032593		
OG0032594		
OG0032595		
OG0032596		
OG0032597		
OG0032598		
OG0032599		
OG0032600		
OG0032601		
OG0032602		
OG0032603		
OG0032604		
OG0032605		
OG0032606		
OG0032607		
OG0032608		
OG0032609		
OG0032610		
OG0032611		
OG0032612		
OG0032613		
OG0032614		
OG0032615		
OG0032616		
OG0032617		
OG0032618		
OG0032619		
OG0032620		
OG0032621		
OG0032622		
OG0032623		
OG0032624		
OG0032625		
OG0032626		
OG0032627		
OG0032628		
OG0032629		
OG0032630		
OG0032631		
OG0032632		
OG0032633		
OG0032634		
OG0032635		
OG0032636		
OG0032637		
OG0032638		
OG0032639		
OG0032640		
OG0032641		
OG0032642		
OG0032643		
OG0032644		
OG0032645		
OG0032646		
OG0032647		
OG0032648		
OG0032649		
OG0032650		
OG0032651		
OG0032652		
OG0032653		
OG0032654		
OG0032655		
OG0032656		
OG0032657		
OG0032658		
OG0032659		
OG0032660		
OG0032661		
OG0032662		
OG0032663		
OG0032664		
OG0032665		
OG0032666		
OG0032667		
OG0032668		
OG0032669		
OG0032670		
OG0032671		
OG0032672		
OG0032673		
OG0032674		
OG0032675		
OG0032676		
OG0032677		
OG0032678		
OG0032679		
OG0032680		
OG0032681		
OG0032682		
OG0032683		
OG0032684		
OG0032685		
OG0032686		
OG0032687		
OG0032688		
OG0032689		
OG0032690		
OG0032691		
OG0032692		
OG0032693		
OG0032694		
OG0032695		
OG0032696		
OG0032697		
OG0032698		
OG0032699		
OG0032700		
OG0032701		
OG0032702		
OG0032703		
OG0032704		
OG0032705		
OG0032706		
OG0032707		
OG0032708		
OG0032709		
OG0032710		
OG0032711		
OG0032712		
OG0032713		
OG0032714		
OG0032715		
OG0032716		
OG0032717		
OG0032718		
OG0032719		
OG0032720		
OG0032721		
OG0032722		
OG0032723		
OG0032724		
OG0032725		
OG0032726		
OG0032727		
OG0032728		
OG0032729		
OG0032730		
OG0032731		
OG0032732		
OG0032733		
OG0032734		
OG0032735		
OG0032736		
OG0032737		
OG0032738		
OG0032739		
OG0032740		
OG0032741		
OG0032742		
OG0032743		
OG0032744		
OG0032745		
OG0032746		
OG0032747		
OG0032748		
OG0032749		
OG0032750		
OG0032751		
OG0032752		
OG0032753		
OG0032754		
OG0032755		
OG0032756		
OG0032757		
OG0032758		
OG0032759		
OG0032760		
OG0032761		
OG0032762		
OG0032763		
OG0032764		
OG0032765		
OG0032766		
OG0032767		
OG0032768		
OG0032769		
OG0032770		
OG0032771		
OG0032772		
OG0032773		
OG0032774		
OG0032775		
OG0032776		
OG0032777		
OG0032778		
OG0032779		
OG0032780		
OG0032781		
OG0032782		
OG0032783		
OG0032784		
OG0032785		
OG0032786		
OG0032787		
OG0032788		
OG0032789		
OG0032790		
OG0032791		
OG0032792		
OG0032793		
OG0032794		
OG0032795		
OG0032796		
OG0032797		
OG0032798		
OG0032799		
OG0032800		
OG0032801		
OG0032802		
OG0032803		
OG0032804		
OG0032805		
OG0032806		
OG0032807		
OG0032808		
OG0032809		
OG0032810		
OG0032811		
OG0032812		
OG0032813		
OG0032814		
OG0032815		
OG0032816		
OG0032817		
OG0032818		
OG0032819		
OG0032820		
OG0032821		
OG0032822		
OG0032823		
OG0032824		
OG0032825		
OG0032826		
OG0032827		
OG0032828		
OG0032829		
OG0032830		
OG0032831		
OG0032832		
OG0032833		
OG0032834		
OG0032835		
OG0032836		
OG0032837		
OG0032838		
OG0032839		
OG0032840		
OG0032841		
OG0032842		
OG0032843		
OG0032844		
OG0032845		
OG0032846		
OG0032847		
OG0032848		
OG0032849		
OG0032850		
OG0032851		
OG0032852		
OG0032853		
OG0032854		
OG0032855		
OG0032856		
OG0032857		
OG0032858		
OG0032859		
OG0032860		
OG0032861		
OG0032862		
OG0032863		
OG0032864		
OG0032865		
OG0032866		
OG0032867		
OG0032868		
OG0032869		
OG0032870		
OG0032871		
OG0032872		
OG0032873		
OG0032874		
OG0032875		
OG0032876		
OG0032877		
OG0032878		
OG0032879		
OG0032880		
OG0032881		
OG0032882		
OG0032883		
OG0032884		
OG0032885		
OG0032886		
OG0032887		
OG0032888		
OG0032889		
OG0032890		
OG0032891		
OG0032892		
OG0032893		
OG0032894		
OG0032895		
OG0032896		
OG0032897		
OG0032898		
OG0032899		
OG0032900		
OG0032901		
OG0032902		
OG0032903		
OG0032904		
OG0032905		
OG0032906		
OG0032907		
OG0032908		
OG0032909		
OG0032910		
OG0032911		
OG0032912		
OG0032913		
OG0032914		
OG0032915		
OG0032916		
OG0032917		
OG0032918		
OG0032919		
OG0032920		
OG0032921		
OG0032922		
OG0032923		
OG0032924		
OG0032925		
OG0032926		
OG0032927		
OG0032928		
OG0032929		
OG0032930		
OG0032931		
OG0032932		
OG0032933		
OG0032934		
OG0032935		
OG0032936		
OG0032937		
OG0032938		
OG0032939		
OG0032940		
OG0032941		
OG0032942		
OG0032943		
OG0032944		
OG0032945		
OG0032946		
OG0032947		
OG0032948		
OG0032949		
OG0032950		
OG0032951		
OG0032952		
OG0032953		
OG0032954		
OG0032955		
OG0032956		
OG0032957		
OG0032958		
OG0032959		
OG0032960		
OG0032961		
OG0032962		
OG0032963		
OG0032964		
OG0032965		
OG0032966		
OG0032967		
OG0032968		
OG0032969		
OG0032970		
OG0032971		
OG0032972		
OG0032973		
OG0032974		
OG0032975		
OG0032976		
OG0032977		
OG0032978		
OG0032979		
OG0032980		
OG0032981		
OG0032982		
OG0032983		
OG0032984		
OG0032985		
OG0032986		
OG0032987		
OG0032988		
OG0032989		
OG0032990		
OG0032991		
OG0032992		
OG0032993		
OG0032994		
OG0032995		
OG0032996		
OG0032997		
OG0032998		
OG0032999		
OG0033000		
OG0033001		
OG0033002		
OG0033003		
OG0033004		
OG0033005		
OG0033006		
OG0033007		
OG0033008		
OG0033009		
OG0033010		
OG0033011		
OG0033012		
OG0033013		
OG0033014		
OG0033015		
OG0033016		
OG0033017		
OG0033018		
OG0033019		
OG0033020		
OG0033021		
OG0033022		
OG0033023		
OG0033024		
OG0033025		
OG0033026		
OG0033027		
OG0033028		
OG0033029		
OG0033030		
OG0033031		
OG0033032		
OG0033033		
OG0033034		
OG0033035		
OG0033036		
OG0033037		
OG0033038		
OG0033039		
OG0033040		
OG0033041		
OG0033042		
OG0033043		
OG0033044		
OG0033045		
OG0033046		
OG0033047		
OG0033048		
OG0033049		
OG0033050		
OG0033051		
OG0033052		
OG0033053		
OG0033054		
OG0033055		
OG0033056		
OG0033057		
OG0033058		
OG0033059		
OG0033060		
OG0033061		
OG0033062		
OG0033063		
OG0033064		
OG0033065		
OG0033066		
OG0033067		
OG0033068		
OG0033069		
OG0033070		
OG0033071		
OG0033072		
OG0033073		
OG0033074		
OG0033075		
OG0033076		
OG0033077		
OG0033078		
OG0033079		
OG0033080		
OG0033081		
OG0033082		
OG0033083		
OG0033084		
OG0033085		
OG0033086		
OG0033087		
OG0033088		
OG0033089		
OG0033090		
OG0033091		
OG0033092		
OG0033093		
OG0033094		
OG0033095		
OG0033096		
OG0033097		
OG0033098		
OG0033099		
OG0033100		
OG0033101		
OG0033102		
OG0033103		
OG0033104		
OG0033105		
OG0033106		
OG0033107		
OG0033108		
OG0033109		
OG0033110		
OG0033111		
OG0033112		
OG0033113		
OG0033114		
OG0033115		
OG0033116		
OG0033117		
OG0033118		
OG0033119		
OG0033120		
OG0033121		
OG0033122		
OG0033123		
OG0033124		
OG0033125		
OG0033126		
OG0033127		
OG0033128		
OG0033129		
OG0033130		
OG0033131		
OG0033132		
OG0033133		
OG0033134		
OG0033135		
OG0033136		
OG0033137		
OG0033138		
OG0033139		
OG0033140		
OG0033141		
OG0033142		
OG0033143		
OG0033144		
OG0033145		
OG0033146		
OG0033147		
OG0033148		
OG0033149		
OG0033150		
OG0033151		
OG0033152		
OG0033153		
OG0033154		
OG0033155		
OG0033156		
OG0033157		
OG0033158		
OG0033159		
OG0033160		
OG0033161		
OG0033162		
OG0033163		
OG0033164		
OG0033165		
OG0033166		
OG0033167		
OG0033168		
OG0033169		
OG0033170		
OG0033171		
OG0033172		
OG0033173		
OG0033174		
OG0033175		
OG0033176		
OG0033177		
OG0033178		
OG0033179		
OG0033180		
OG0033181		
OG0033182		
OG0033183		
OG0033184		
OG0033185		
OG0033186		
OG0033187		
OG0033188		
OG0033189		
OG0033190		
OG0033191		
OG0033192		
OG0033193		
OG0033194		
OG0033195		
OG0033196		
OG0033197		
OG0033198		
OG0033199		
OG0033200		
OG0033201		
OG0033202		
OG0033203		
OG0033204		
OG0033205		
OG0033206		
OG0033207		
OG0033208		
OG0033209		
OG0033210		
OG0033211		
OG0033212		
OG0033213		
OG0033214		
OG0033215		
OG0033216		
OG0033217		
OG0033218		
OG0033219		
OG0033220		
OG0033221		
OG0033222		
OG0033223		
OG0033224		
OG0033225		
OG0033226		
OG0033227		
OG0033228		
OG0033229		
OG0033230		
OG0033231		
OG0033232		
OG0033233		
OG0033234		
OG0033235		
OG0033236		
OG0033237		
OG0033238		
OG0033239		
OG0033240		
OG0033241		
OG0033242		
OG0033243		
OG0033244		
OG0033245		
OG0033246		
OG0033247		
OG0033248		
OG0033249		
OG0033250		
OG0033251		
OG0033252		
OG0033253		
OG0033254		
OG0033255		
OG0033256		
OG0033257		
OG0033258		
OG0033259		
OG0033260		
OG0033261		
OG0033262		
OG0033263		
OG0033264		
OG0033265		
OG0033266		
OG0033267		
OG0033268		
OG0033269		
OG0033270		
OG0033271		
OG0033272		
OG0033273		
OG0033274		
OG0033275		
OG0033276		
OG0033277		
OG0033278		
OG0033279		
OG0033280		
OG0033281		
OG0033282		
OG0033283		
OG0033284		
OG0033285		
OG0033286		
OG0033287		
OG0033288		
OG0033289		
OG0033290		
OG0033291		
OG0033292		
OG0033293		
OG0033294		
OG0033295		
OG0033296		
OG0033297		
OG0033298		
OG0033299		
OG0033300		
OG0033301		
OG0033302		
OG0033303		
OG0033304		
OG0033305		
OG0033306		
OG0033307		
OG0033308		
OG0033309		
OG0033310		
OG0033311		
OG0033312		
OG0033313		
OG0033314		
OG0033315		
OG0033316		
OG0033317		
OG0033318		
OG0033319		
OG0033320		
OG0033321		
OG0033322		
OG0033323		
OG0033324		
OG0033325		
OG0033326		
OG0033327		
OG0033328		
OG0033329		
OG0033330		
OG0033331		
OG0033332		
OG0033333		
OG0033334		
OG0033335		
OG0033336		
OG0033337		
OG0033338		
OG0033339		
OG0033340		
OG0033341		
OG0033342		
OG0033343		
OG0033344		
OG0033345		
OG0033346		
OG0033347		
OG0033348		
OG0033349		
OG0033350		
OG0033351		
OG0033352		
OG0033353		
OG0033354		
OG0033355		
OG0033356		
OG0033357		
OG0033358		
OG0033359		
OG0033360		
OG0033361		
OG0033362		
OG0033363		
OG0033364		
OG0033365		
OG0033366		
OG0033367		
OG0033368		
OG0033369		
OG0033370		
OG0033371		
OG0033372		
OG0033373		
OG0033374		
OG0033375		
OG0033376		
OG0033377		
OG0033378		
OG0033379		
OG0033380		
OG0033381		
OG0033382		
OG0033383		
OG0033384		
OG0033385		
OG0033386		
OG0033387		
OG0033388		
OG0033389		
OG0033390		
OG0033391		
OG0033392		
OG0033393		
OG0033394		
OG0033395		
OG0033396		
OG0033397		
OG0033398		
OG0033399		
OG0033400		
OG0033401		
OG0033402		
OG0033403		
OG0033404		
OG0033405		
OG0033406		
OG0033407		
OG0033408		
OG0033409		
OG0033410		
OG0033411		
OG0033412		
OG0033413		
OG0033414		
OG0033415		
OG0033416		
OG0033417		
OG0033418		
OG0033419		
OG0033420		
OG0033421		
OG0033422		
OG0033423		
OG0033424		
OG0033425		
OG0033426		
OG0033427		
OG0033428		
OG0033429		
OG0033430		
OG0033431		
OG0033432		
OG0033433		
OG0033434		
OG0033435		
OG0033436		
OG0033437		
OG0033438		
OG0033439		
OG0033440		
OG0033441		
OG0033442		
OG0033443		
OG0033444		
OG0033445		
OG0033446		
OG0033447		
OG0033448		
OG0033449		
OG0033450		
OG0033451		
OG0033452		
OG0033453		
OG0033454		
OG0033455		
OG0033456		
OG0033457		
OG0033458		
OG0033459		
OG0033460		
OG0033461		
OG0033462		
OG0033463		
OG0033464		
OG0033465		
OG0033466		
OG0033467		
OG0033468		
OG0033469		
OG0033470		
OG0033471		
OG0033472		
OG0033473		
OG0033474		
OG0033475		
OG0033476		
OG0033477		
OG0033478		
OG0033479		
OG0033480		
OG0033481		
OG0033482		
OG0033483		
OG0033484		
OG0033485		
OG0033486		
OG0033487		
OG0033488		
OG0033489		
OG0033490		
OG0033491		
OG0033492		
OG0033493		
OG0033494		
OG0033495		
OG0033496		
OG0033497		
OG0033498		
OG0033499		
OG0033500		
OG0033501		
OG0033502		
OG0033503		
OG0033504		
OG0033505		
OG0033506		
OG0033507		
OG0033508		
OG0033509		
OG0033510		
OG0033511		
OG0033512		
OG0033513		
OG0033514		
OG0033515		
OG0033516		
OG0033517		
OG0033518		
OG0033519		
OG0033520		
OG0033521		
OG0033522		
OG0033523		
OG0033524		
OG0033525		
OG0033526		
OG0033527		
OG0033528		
OG0033529		
OG0033530		
OG0033531		
OG0033532		
OG0033533		
OG0033534		
OG0033535		
OG0033536		
OG0033537		
OG0033538		
OG0033539		
OG0033540		
OG0033541		
OG0033542		
OG0033543		
OG0033544		
OG0033545		
OG0033546		
OG0033547		
OG0033548		
OG0033549		
OG0033550		
OG0033551		
OG0033552		
OG0033553		
OG0033554		
OG0033555		
OG0033556		
OG0033557		
OG0033558		
OG0033559		
OG0033560		
OG0033561		
OG0033562		
OG0033563		
OG0033564		
OG0033565		
OG0033566		
OG0033567		
OG0033568		
OG0033569		
OG0033570		
OG0033571		
OG0033572		
OG0033573		
OG0033574		
OG0033575		
OG0033576		
OG0033577		
OG0033578		
OG0033579		
OG0033580		
OG0033581		
OG0033582		
OG0033583		
OG0033584		
OG0033585		
OG0033586		
OG0033587		
OG0033588		
OG0033589		
OG0033590		
OG0033591		
OG0033592		
OG0033593		
OG0033594		
OG0033595		
OG0033596		
OG0033597		
OG0033598		
OG0033599		
OG0033600		
OG0033601		
OG0033602		
OG0033603		
OG0033604		
OG0033605		
OG0033606		
OG0033607		
OG0033608		
OG0033609		
OG0033610		
OG0033611		
OG0033612		
OG0033613		
OG0033614		
OG0033615		
OG0033616		
OG0033617		
OG0033618		
OG0033619		
OG0033620		
OG0033621		
OG0033622		
OG0033623		
OG0033624		
OG0033625		
OG0033626		
OG0033627		
OG0033628		
OG0033629		
OG0033630		
OG0033631		
OG0033632		
OG0033633		
OG0033634		
OG0033635		
OG0033636		
OG0033637		
OG0033638		
OG0033639		
OG0033640		
OG0033641		
OG0033642		
OG0033643		
OG0033644		
OG0033645		
OG0033646		
OG0033647		
OG0033648		
OG0033649		
OG0033650		
OG0033651		
OG0033652		
OG0033653		
OG0033654		
OG0033655		
OG0033656		
OG0033657		
OG0033658		
OG0033659		
OG0033660		
OG0033661		
OG0033662		
OG0033663		
OG0033664		
OG0033665		
OG0033666		
OG0033667		
OG0033668		
OG0033669		
OG0033670		
OG0033671		
OG0033672		
OG0033673		
OG0033674		
OG0033675		
OG0033676		
OG0033677		
OG0033678		
OG0033679		
OG0033680		
OG0033681		
OG0033682		
OG0033683		
OG0033684		
OG0033685		
OG0033686		
OG0033687		
OG0033688		
OG0033689		
OG0033690		
OG0033691		
OG0033692		
OG0033693		
OG0033694		
OG0033695		
OG0033696		
OG0033697		
OG0033698		
OG0033699		
OG0033700		
OG0033701		
OG0033702		
OG0033703		
OG0033704		
OG0033705		
OG0033706		
OG0033707		
OG0033708		
OG0033709		
OG0033710		
OG0033711		
OG0033712		
OG0033713		
OG0033714		
OG0033715		
OG0033716		
OG0033717		
OG0033718		
OG0033719		
OG0033720		
OG0033721		
OG0033722		
OG0033723		
OG0033724		
OG0033725		
OG0033726		
OG0033727		
OG0033728		
OG0033729		
OG0033730		
OG0033731		
OG0033732		
OG0033733		
OG0033734		
OG0033735		
OG0033736		
OG0033737		
OG0033738		
OG0033739		
OG0033740		
OG0033741		
OG0033742		
OG0033743		
OG0033744		
OG0033745		
OG0033746		
OG0033747		
OG0033748		
OG0033749		
OG0033750		
OG0033751		
OG0033752		
OG0033753		
OG0033754		
OG0033755		
OG0033756		
OG0033757		
OG0033758		
OG0033759		
OG0033760		
OG0033761		
OG0033762		
OG0033763		
OG0033764		
OG0033765		
OG0033766		
OG0033767		
OG0033768		
OG0033769		
OG0033770		
OG0033771		
OG0033772		
OG0033773		
OG0033774		
OG0033775		
OG0033776		
OG0033777		
OG0033778		
OG0033779		
OG0033780		
OG0033781		
OG0033782		
OG0033783		
OG0033784		
OG0033785		
OG0033786		
OG0033787		
OG0033788		
OG0033789		
OG0033790		
OG0033791		
OG0033792		
OG0033793		
OG0033794		
OG0033795		
OG0033796		
OG0033797		
OG0033798		
OG0033799		
OG0033800		
OG0033801		
OG0033802		
OG0033803		
OG0033804		
OG0033805		
OG0033806		
OG0033807		
OG0033808		
OG0033809		
OG0033810		
OG0033811		
OG0033812		
OG0033813		
OG0033814		
OG0033815		
OG0033816		
OG0033817		
OG0033818		
OG0033819		
OG0033820		
OG0033821		
OG0033822		
OG0033823		
OG0033824		
OG0033825		
OG0033826		
OG0033827		
OG0033828		
OG0033829		
OG0033830		
OG0033831		
OG0033832		
OG0033833		
OG0033834		
OG0033835		
OG0033836		
OG0033837		
OG0033838		
OG0033839		
OG0033840		
OG0033841		
OG0033842		
OG0033843		
OG0033844		
OG0033845		
OG0033846		
OG0033847		
OG0033848		
OG0033849		
OG0033850		
OG0033851		
OG0033852		
OG0033853		
OG0033854		
OG0033855		
OG0033856		
OG0033857		
OG0033858		
OG0033859		
OG0033860		
OG0033861		
OG0033862		
OG0033863		
OG0033864		
OG0033865		
OG0033866		
OG0033867		
OG0033868		
OG0033869		
OG0033870		
OG0033871		
OG0033872		
OG0033873		
OG0033874		
OG0033875		
OG0033876		
OG0033877		
OG0033878		
OG0033879		
OG0033880		
OG0033881		
OG0033882		
OG0033883		
OG0033884		
OG0033885		
OG0033886		
OG0033887		
OG0033888		
OG0033889		
OG0033890		
OG0033891		
OG0033892		
OG0033893		
OG0033894		
OG0033895		
OG0033896		
OG0033897		
OG0033898		
OG0033899		
OG0033900		
OG0033901		
OG0033902		
OG0033903		
OG0033904		
OG0033905		
OG0033906		
OG0033907		
OG0033908		
OG0033909		
OG0033910		
OG0033911		
OG0033912		
OG0033913		
OG0033914		
OG0033915		
OG0033916		
OG0033917		
OG0033918		
OG0033919		
OG0033920		
OG0033921		
OG0033922		
OG0033923		
OG0033924		
OG0033925		
OG0033926		
OG0033927		
OG0033928		
OG0033929		
OG0033930		
OG0033931		
OG0033932		
OG0033933		
OG0033934		
OG0033935		
OG0033936		
OG0033937		
OG0033938		
OG0033939		
OG0033940		
OG0033941		
OG0033942		
OG0033943		
OG0033944		
OG0033945		
OG0033946		
OG0033947		
OG0033948		
OG0033949		
OG0033950		
OG0033951		
OG0033952		
OG0033953		
OG0033954		
OG0033955		
OG0033956		
OG0033957		
OG0033958		
OG0033959		
OG0033960		
OG0033961		
OG0033962		
OG0033963		
OG0033964		
OG0033965		
OG0033966		
OG0033967		
OG0033968		
OG0033969		
OG0033970		
OG0033971		
OG0033972		
OG0033973		
OG0033974		
OG0033975		
OG0033976		
OG0033977		
OG0033978		
OG0033979		
OG0033980		
OG0033981		
OG0033982		
OG0033983		
OG0033984		
OG0033985		
OG0033986		
OG0033987		
OG0033988		
OG0033989		
OG0033990		
OG0033991		
OG0033992		
OG0033993		
OG0033994		
OG0033995		
OG0033996		
OG0033997		
OG0033998		
OG0033999		
OG0034000		
OG0034001		
OG0034002		
OG0034003		
OG0034004		
OG0034005		
OG0034006		
OG0034007		
OG0034008		
OG0034009		
OG0034010		
OG0034011		
OG0034012		
OG0034013		
OG0034014		
OG0034015		
OG0034016		
OG0034017		
OG0034018		
OG0034019		
OG0034020		
OG0034021		
OG0034022		
OG0034023		
OG0034024		
OG0034025		
OG0034026		
OG0034027		
OG0034028		
OG0034029		
OG0034030		
OG0034031		
OG0034032		
OG0034033		
OG0034034		
OG0034035		
OG0034036		
OG0034037		
OG0034038		
OG0034039		
OG0034040		
OG0034041		
OG0034042		
OG0034043		
OG0034044		
OG0034045		
OG0034046		
OG0034047		
OG0034048		
OG0034049		
OG0034050		
OG0034051		
OG0034052		
OG0034053		
OG0034054		
OG0034055		
OG0034056		
OG0034057		
OG0034058		
OG0034059		
OG0034060		
OG0034061		
OG0034062		
OG0034063		
OG0034064		
OG0034065		
OG0034066		
OG0034067		
OG0034068		
OG0034069		
OG0034070		
OG0034071		
OG0034072		
OG0034073		
OG0034074		
OG0034075		
OG0034076		
OG0034077		
OG0034078		
OG0034079		
OG0034080		
OG0034081		
OG0034082		
OG0034083		
OG0034084		
OG0034085		
OG0034086		
OG0034087		
OG0034088		
OG0034089		
OG0034090		
OG0034091		
OG0034092		
OG0034093		
OG0034094		
OG0034095		
OG0034096		
OG0034097		
OG0034098		
OG0034099		
OG0034100		
OG0034101		
OG0034102		
OG0034103		
OG0034104		
OG0034105		
OG0034106		
OG0034107		
OG0034108		
OG0034109		
OG0034110		
OG0034111		
OG0034112		
OG0034113		
OG0034114		
OG0034115		
OG0034116		
OG0034117		
OG0034118		
OG0034119		
OG0034120		
OG0034121		
OG0034122		
OG0034123		
OG0034124		
OG0034125		
OG0034126		
OG0034127		
OG0034128		
OG0034129		
OG0034130		
OG0034131		
OG0034132		
OG0034133		
OG0034134		
OG0034135		
OG0034136		
OG0034137		
OG0034138		
OG0034139		
OG0034140		
OG0034141		
OG0034142		
OG0034143		
OG0034144		
OG0034145		
OG0034146		
OG0034147		
OG0034148		
OG0034149		
OG0034150		
OG0034151		
OG0034152		
OG0034153		
OG0034154		
OG0034155		
OG0034156		
OG0034157		
OG0034158		
OG0034159		
OG0034160		
OG0034161		
OG0034162		
OG0034163		
OG0034164		
OG0034165		
OG0034166		
OG0034167		
OG0034168		
OG0034169		
OG0034170		
OG0034171		
OG0034172		
OG0034173		
OG0034174		
OG0034175		
OG0034176		
OG0034177		
OG0034178		
OG0034179		
OG0034180		
OG0034181		
OG0034182		
OG0034183		
OG0034184		
OG0034185		
OG0034186		
OG0034187		
OG0034188		
OG0034189		
OG0034190		
OG0034191		
OG0034192		
OG0034193		
OG0034194		
OG0034195		
OG0034196		
OG0034197		
OG0034198		
OG0034199		
OG0034200		
OG0034201		
OG0034202		
OG0034203		
OG0034204		
OG0034205		
OG0034206		
OG0034207		
OG0034208		
OG0034209		
OG0034210		
OG0034211		
OG0034212		
OG0034213		
OG0034214		
OG0034215		
OG0034216		
OG0034217		
OG0034218		
OG0034219		
OG0034220		
OG0034221		
OG0034222		
OG0034223		
OG0034224		
OG0034225		
OG0034226		
OG0034227		
OG0034228		
OG0034229		
OG0034230		
OG0034231		
OG0034232		
OG0034233		
OG0034234		
OG0034235		
OG0034236		
OG0034237		
OG0034238		
OG0034239		
OG0034240		
OG0034241		
OG0034242		
OG0034243		
OG0034244		
OG0034245		
OG0034246		
OG0034247		
OG0034248		
OG0034249		
OG0034250		
OG0034251		
OG0034252		
OG0034253		
OG0034254		
OG0034255		
OG0034256		
OG0034257		
OG0034258		
OG0034259		
OG0034260		
OG0034261		
OG0034262		
OG0034263		
OG0034264		
OG0034265		
OG0034266		
OG0034267		
OG0034268		
OG0034269		
OG0034270		
OG0034271		
OG0034272		
OG0034273		
OG0034274		
OG0034275		
OG0034276		
OG0034277		
OG0034278		
OG0034279		
OG0034280		
OG0034281		
OG0034282		
OG0034283		
OG0034284		
OG0034285		
OG0034286		
OG0034287		
OG0034288		
OG0034289		
OG0034290		
OG0034291		
OG0034292		
OG0034293		
OG0034294		
OG0034295		
OG0034296		
OG0034297		
OG0034298		
OG0034299		
OG0034300		
OG0034301		
OG0034302		
OG0034303		
OG0034304		
OG0034305		
OG0034306		
OG0034307		
OG0034308		
OG0034309		
OG0034310		
OG0034311		
OG0034312		
OG0034313		
OG0034314		
OG0034315		
OG0034316		
OG0034317		
OG0034318		
OG0034319		
OG0034320		
OG0034321		
OG0034322		
OG0034323		
OG0034324		
OG0034325		
OG0034326		
OG0034327		
OG0034328		
OG0034329		
OG0034330		
OG0034331		
OG0034332		
OG0034333		
OG0034334		
OG0034335		
OG0034336		
OG0034337		
OG0034338		
OG0034339		
OG0034340		
OG0034341		
OG0034342		
OG0034343		
OG0034344		
OG0034345		
OG0034346		
OG0034347		
OG0034348		
OG0034349		
OG0034350		
OG0034351		
OG0034352		
OG0034353		
OG0034354		
OG0034355		
OG0034356		
OG0034357		
OG0034358		
OG0034359		
OG0034360		
OG0034361		
OG0034362		
OG0034363		
OG0034364		
OG0034365		
OG0034366		
OG0034367		
OG0034368		
OG0034369		
OG0034370		
OG0034371		
OG0034372		
OG0034373		
OG0034374		
OG0034375		
OG0034376		
OG0034377		
OG0034378		
OG0034379		
OG0034380		
OG0034381		
OG0034382		
OG0034383		
OG0034384		
OG0034385		
OG0034386		
OG0034387		
OG0034388		
OG0034389		
OG0034390		
OG0034391		
OG0034392		
OG0034393		
OG0034394		
OG0034395		
OG0034396		
OG0034397		
OG0034398		
OG0034399		
OG0034400		
OG0034401		
OG0034402		
OG0034403		
OG0034404		
OG0034405		
OG0034406		
OG0034407		
OG0034408		
OG0034409		
OG0034410		
OG0034411		
OG0034412		
OG0034413		
OG0034414		
OG0034415		
OG0034416		
OG0034417		
OG0034418		
OG0034419		
OG0034420		
OG0034421		
OG0034422		
OG0034423		
OG0034424		
OG0034425		
OG0034426		
OG0034427		
OG0034428		
OG0034429		
OG0034430		
OG0034431		
OG0034432		
OG0034433		
OG0034434		
OG0034435		
OG0034436		
OG0034437		
OG0034438		
OG0034439		
OG0034440		
OG0034441		
OG0034442		
OG0034443		
OG0034444		
OG0034445		
OG0034446		
OG0034447		
OG0034448		
OG0034449		
OG0034450		
OG0034451		
OG0034452		
OG0034453		
OG0034454		
OG0034455		
OG0034456		
OG0034457		
OG0034458		
OG0034459		
OG0034460		
OG0034461		
OG0034462		
OG0034463		
OG0034464		
OG0034465		
OG0034466		
OG0034467		
OG0034468		
OG0034469		
OG0034470		
OG0034471		
OG0034472		
OG0034473		
OG0034474		
OG0034475		
OG0034476		
OG0034477		
OG0034478		
OG0034479		
OG0034480		
OG0034481		
OG0034482		
OG0034483		
OG0034484		
OG0034485		
OG0034486		
OG0034487		
OG0034488		
OG0034489		
OG0034490		
OG0034491		
OG0034492		
OG0034493		
OG0034494		
OG0034495		
OG0034496		
OG0034497		
OG0034498		
OG0034499		
OG0034500		
OG0034501		
OG0034502		
OG0034503		
OG0034504		
OG0034505		
OG0034506		
OG0034507		
OG0034508		
OG0034509		
OG0034510		
OG0034511		
OG0034512		
OG0034513		
OG0034514		
OG0034515		
OG0034516		
OG0034517		
OG0034518		
OG0034519		
OG0034520		
OG0034521		
OG0034522		
OG0034523		
OG0034524		
OG0034525		
OG0034526		
OG0034527		
OG0034528		
OG0034529		
OG0034530		
OG0034531		
OG0034532		
OG0034533		
OG0034534		
OG0034535		
OG0034536		
OG0034537		
OG0034538		
OG0034539		
OG0034540		
OG0034541		
OG0034542		
OG0034543		
OG0034544		
OG0034545		
OG0034546		
OG0034547		
OG0034548		
OG0034549		
OG0034550		
OG0034551		
OG0034552		
OG0034553		
OG0034554		
OG0034555		
OG0034556		
OG0034557		
OG0034558		
OG0034559		
OG0034560		
OG0034561		
OG0034562		
OG0034563		
OG0034564		
OG0034565		
OG0034566		
OG0034567		
OG0034568		
OG0034569		
OG0034570		
OG0034571		
OG0034572		
OG0034573		
OG0034574		
OG0034575		
OG0034576		
OG0034577		
OG0034578		
OG0034579		
OG0034580		
OG0034581		
OG0034582		
OG0034583		
OG0034584		
OG0034585		
OG0034586		
OG0034587		
OG0034588		
OG0034589		
OG0034590		
OG0034591		
OG0034592		
OG0034593		
OG0034594		
OG0034595		
OG0034596		
OG0034597		
OG0034598		
OG0034599		
OG0034600		
OG0034601		
OG0034602		
OG0034603		
OG0034604		
OG0034605		
OG0034606		
OG0034607		
OG0034608		
OG0034609		
OG0034610		
OG0034611		AT1G71030
OG0034612		
OG0034613		
OG0034614		
OG0034615		
OG0034616		
OG0034617		
OG0034618		
OG0034619		
OG0034620		
OG0034621		
OG0034622		
OG0034623		
OG0034624		
OG0034625		
OG0034626		
OG0034627		
OG0034628		
OG0034629		
OG0034630		
OG0034631		
OG0034632		
OG0034633		
OG0034634		
OG0034635		
OG0034636		
OG0034637		
OG0034638		
OG0034639		
OG0034640		
OG0034641		
OG0034642		
OG0034643		
OG0034644		
OG0034645		
OG0034646		
OG0034647		
OG0034648		
OG0034649		
OG0034650		
OG0034651		
OG0034652		
OG0034653		
OG0034654		
OG0034655		
OG0034656		
OG0034657		
OG0034658		
OG0034659		
OG0034660		
OG0034661		
OG0034662		
OG0034663		
OG0034664		
OG0034665		
OG0034666		
OG0034667		
OG0034668		
OG0034669		
OG0034670		
OG0034671		
OG0034672		
OG0034673		
OG0034674		
OG0034675		
OG0034676		
OG0034677		
OG0034678		
OG0034679		
OG0034680		
OG0034681		
OG0034682		
OG0034683		
OG0034684		
OG0034685		
OG0034686		
OG0034687		
OG0034688		
OG0034689		
OG0034690		
OG0034691		
OG0034692		
OG0034693		
OG0034694		
OG0034695		
OG0034696		
OG0034697		
OG0034698		
OG0034699		
OG0034700		
OG0034701		
OG0034702		
OG0034703		
OG0034704		
OG0034705		
OG0034706		
OG0034707		
OG0034708		
OG0034709		
OG0034710		
OG0034711		
OG0034712		
OG0034713		
OG0034714		
OG0034715		
OG0034716		
OG0034717		
OG0034718		
OG0034719		
OG0034720		
OG0034721		
OG0034722		
OG0034723		
OG0034724		
OG0034725		
OG0034726		
OG0034727		
OG0034728		
OG0034729		
OG0034730		
OG0034731		
OG0034732		
OG0034733		
OG0034734		
OG0034735		
OG0034736		
OG0034737		
OG0034738		
OG0034739		
OG0034740		
OG0034741		
OG0034742		
OG0034743		
OG0034744		
OG0034745		
OG0034746		
OG0034747		
OG0034748		
OG0034749		
OG0034750		
OG0034751		
OG0034752		
OG0034753		
OG0034754		
OG0034755		
OG0034756		
OG0034757		
OG0034758		
OG0034759		
OG0034760		
OG0034761		
OG0034762		
OG0034763		
OG0034764		
OG0034765		
OG0034766		
OG0034767		
OG0034768		
OG0034769		
OG0034770		
OG0034771		
OG0034772		
OG0034773		
OG0034774		
OG0034775		
OG0034776		
OG0034777		
OG0034778		
OG0034779		
OG0034780		
OG0034781		
OG0034782		
OG0034783		
OG0034784		
OG0034785		
OG0034786		
OG0034787		
OG0034788		
OG0034789		
OG0034790		
OG0034791		
OG0034792		
OG0034793		
OG0034794		
OG0034795		
OG0034796		
OG0034797		
OG0034798		
OG0034799		
OG0034800		
OG0034801		
OG0034802		
OG0034803		
OG0034804		
OG0034805		
OG0034806		
OG0034807		
OG0034808		
OG0034809		
OG0034810		
OG0034811		
OG0034812		
OG0034813		
OG0034814		
OG0034815		
OG0034816		
OG0034817		
OG0034818		
OG0034819		
OG0034820		
OG0034821		
OG0034822		
OG0034823		
OG0034824		
OG0034825		
OG0034826		
OG0034827		
OG0034828		
OG0034829		
OG0034830		
OG0034831		
OG0034832		
OG0034833		
OG0034834		
OG0034835		
OG0034836		
OG0034837		
OG0034838		
OG0034839		
OG0034840		
OG0034841		
OG0034842		
OG0034843		
OG0034844		
OG0034845		
OG0034846		
OG0034847		
OG0034848		
OG0034849		
OG0034850		
OG0034851		
OG0034852		
OG0034853		
OG0034854		
OG0034855		
OG0034856		
OG0034857		
OG0034858		
OG0034859		
OG0034860		
OG0034861		
OG0034862		
OG0034863		
OG0034864		
OG0034865		
OG0034866		
OG0034867		
OG0034868		
OG0034869		
OG0034870		
OG0034871		
OG0034872		
OG0034873		
OG0034874		
OG0034875		
OG0034876		
OG0034877		
OG0034878		
OG0034879		
OG0034880		
OG0034881		
OG0034882		
OG0034883		
OG0034884		
OG0034885		
OG0034886		
OG0034887		
OG0034888		
OG0034889		
OG0034890		
OG0034891		
OG0034892		
OG0034893		
OG0034894		
OG0034895		
OG0034896		
OG0034897		
OG0034898		
OG0034899		
OG0034900		
OG0034901		
OG0034902		
OG0034903		
OG0034904		
OG0034905		
OG0034906		
OG0034907		
OG0034908		
OG0034909		
OG0034910		
OG0034911		
OG0034912		
OG0034913		
OG0034914		
OG0034915		
OG0034916		
OG0034917		
OG0034918		
OG0034919		
OG0034920		
OG0034921		
OG0034922		
OG0034923		
OG0034924		
OG0034925		
OG0034926		
OG0034927		
OG0034928		
OG0034929		
OG0034930		
OG0034931		
OG0034932		
OG0034933		
OG0034934		
OG0034935		
OG0034936		
OG0034937		
OG0034938		
OG0034939		
OG0034940		
OG0034941		
OG0034942		
OG0034943		
OG0034944		
OG0034945		
OG0034946		
OG0034947		
OG0034948		
OG0034949		
OG0034950		
OG0034951		
OG0034952		
OG0034953		
OG0034954		
OG0034955		
OG0034956		
OG0034957		
OG0034958		
OG0034959		
OG0034960		
OG0034961		
OG0034962		
OG0034963		
OG0034964		
OG0034965		
OG0034966		
OG0034967		
OG0034968		
OG0034969		
OG0034970		
OG0034971		
OG0034972		
OG0034973		
OG0034974		
OG0034975		
OG0034976		
OG0034977		
OG0034978		
OG0034979		
OG0034980		
OG0034981		
OG0034982		
OG0034983		
OG0034984		
OG0034985		
OG0034986		
OG0034987		
OG0034988		
OG0034989		
OG0034990		
OG0034991		
OG0034992		
OG0034993		
OG0034994		
OG0034995		
OG0034996		
OG0034997		
OG0034998		
OG0034999		
OG0035000		
OG0035001		
OG0035002		
OG0035003		
OG0035004		
OG0035005		
OG0035006		
OG0035007		
OG0035008		
OG0035009		
OG0035010		
OG0035011		
OG0035012		
OG0035013		
OG0035014		
OG0035015		
OG0035016		
OG0035017		
OG0035018		
OG0035019		
OG0035020		
OG0035021		
OG0035022		
OG0035023		
OG0035024		
OG0035025		
OG0035026		
OG0035027		
OG0035028		
OG0035029		
OG0035030		
OG0035031		
OG0035032		
OG0035033		
OG0035034		
OG0035035		
OG0035036		
OG0035037		
OG0035038		
OG0035039		
OG0035040		
OG0035041		
OG0035042		
OG0035043		
OG0035044		
OG0035045		
OG0035046		
OG0035047		
OG0035048		
OG0035049		
OG0035050		
OG0035051		
OG0035052		
OG0035053		
OG0035054		
OG0035055		
OG0035056		
OG0035057		
OG0035058		
OG0035059		
OG0035060		
OG0035061		
OG0035062		
OG0035063		
OG0035064		
OG0035065		
OG0035066		
OG0035067		
OG0035068		
OG0035069		
OG0035070		
OG0035071		
OG0035072		
OG0035073		
OG0035074		
OG0035075		
OG0035076		
OG0035077		
OG0035078		
OG0035079		
OG0035080		
OG0035081		
OG0035082		
OG0035083		
OG0035084		
OG0035085		
OG0035086		
OG0035087		
OG0035088		
OG0035089		
OG0035090		
OG0035091		
OG0035092		
OG0035093		
OG0035094		
OG0035095		
OG0035096		
OG0035097		
OG0035098		
OG0035099		
OG0035100		
OG0035101		
OG0035102		
OG0035103		
OG0035104		
OG0035105		
OG0035106		
OG0035107		
OG0035108		
OG0035109		
OG0035110		
OG0035111		
OG0035112		
OG0035113		
OG0035114		
OG0035115		
OG0035116		
OG0035117		
OG0035118		
OG0035119		
OG0035120		
OG0035121		
OG0035122		
OG0035123		
OG0035124		
OG0035125		
OG0035126		
OG0035127		
OG0035128		
OG0035129		
OG0035130		
OG0035131		
OG0035132		
OG0035133		
OG0035134		
OG0035135		
OG0035136		
OG0035137		
OG0035138		
OG0035139		
OG0035140		
OG0035141		
OG0035142		
OG0035143		
OG0035144		
OG0035145		
OG0035146		
OG0035147		
OG0035148		
OG0035149		
OG0035150		
OG0035151		
OG0035152		
OG0035153		
OG0035154		
OG0035155		
OG0035156		
OG0035157		
OG0035158		
OG0035159		
OG0035160		
OG0035161		
OG0035162		
OG0035163		
OG0035164		
OG0035165		
OG0035166		
OG0035167		
OG0035168		
OG0035169		
OG0035170		
OG0035171		
OG0035172		
OG0035173		
OG0035174		
OG0035175		
OG0035176		
OG0035177		
OG0035178		
OG0035179		
OG0035180		
OG0035181		
OG0035182		
OG0035183		
OG0035184		
OG0035185		
OG0035186		
OG0035187		
OG0035188		
OG0035189		
OG0035190		
OG0035191		
OG0035192		
OG0035193		
OG0035194		
OG0035195		
OG0035196		
OG0035197		
OG0035198		
OG0035199		
OG0035200		
OG0035201		
OG0035202		
OG0035203		
OG0035204		
OG0035205		
OG0035206		
OG0035207		
OG0035208		
OG0035209		
OG0035210		
OG0035211		
OG0035212		
OG0035213		
OG0035214		
OG0035215		
OG0035216		
OG0035217		
OG0035218		
OG0035219		
OG0035220		
OG0035221		
OG0035222		
OG0035223		
OG0035224		
OG0035225		
OG0035226		
OG0035227		
OG0035228		
OG0035229		
OG0035230		
OG0035231		
OG0035232		
OG0035233		
OG0035234		
OG0035235		
OG0035236		
OG0035237		
OG0035238		
OG0035239		
OG0035240		
OG0035241		
OG0035242		
OG0035243		
OG0035244		
OG0035245		
OG0035246		
OG0035247		
OG0035248		
OG0035249		
OG0035250		
OG0035251		
OG0035252		
OG0035253		
OG0035254		
OG0035255		
OG0035256		
OG0035257		
OG0035258		
OG0035259		
OG0035260		
OG0035261		
OG0035262		
OG0035263		
OG0035264		
OG0035265		
OG0035266		
OG0035267		
OG0035268		
OG0035269		
OG0035270		
OG0035271		
OG0035272		
OG0035273		
OG0035274		
OG0035275		
OG0035276		
OG0035277		
OG0035278		
OG0035279		
OG0035280		
OG0035281		
OG0035282		
OG0035283		
OG0035284		
OG0035285		
OG0035286		
OG0035287		
OG0035288		
OG0035289		
OG0035290		
OG0035291		
OG0035292		
OG0035293		
OG0035294		
OG0035295		
OG0035296		
OG0035297		
OG0035298		
OG0035299		
OG0035300		
OG0035301		
OG0035302		
OG0035303		
OG0035304		
OG0035305		
OG0035306		
OG0035307		
OG0035308		
OG0035309		
OG0035310		
OG0035311		
OG0035312		
OG0035313		
OG0035314		
OG0035315		
OG0035316		
OG0035317		
OG0035318		
OG0035319		
OG0035320		
OG0035321		
OG0035322		
OG0035323		
OG0035324		
OG0035325		
OG0035326		
OG0035327		
OG0035328		
OG0035329		
OG0035330		
OG0035331		
OG0035332		
OG0035333		
OG0035334		
OG0035335		
OG0035336		
OG0035337		
OG0035338		
OG0035339		
OG0035340		
OG0035341		
OG0035342		
OG0035343		
OG0035344		
OG0035345		
OG0035346		
OG0035347		
OG0035348		
OG0035349		
OG0035350		
OG0035351		
OG0035352		
OG0035353		
OG0035354		
OG0035355		
OG0035356		
OG0035357		
OG0035358		
OG0035359		
OG0035360		
OG0035361		
OG0035362		
OG0035363		
OG0035364		
OG0035365		
OG0035366		
OG0035367		
OG0035368		
OG0035369		
OG0035370		
OG0035371		
OG0035372		
OG0035373		
OG0035374		
OG0035375		
OG0035376		
OG0035377		
OG0035378		
OG0035379		
OG0035380		
OG0035381		
OG0035382		
OG0035383		
OG0035384		
OG0035385		
OG0035386		
OG0035387		
OG0035388		
OG0035389		
OG0035390		
OG0035391		
OG0035392		
OG0035393		
OG0035394		
OG0035395		
OG0035396		
OG0035397		
OG0035398		
OG0035399		
OG0035400		
OG0035401		
OG0035402		
OG0035403		
OG0035404		
OG0035405		
OG0035406		
OG0035407		
OG0035408		
OG0035409		
OG0035410		
OG0035411		
OG0035412		
OG0035413		
OG0035414		
OG0035415		
OG0035416		
OG0035417		
OG0035418		
OG0035419		
OG0035420		
OG0035421		
OG0035422		
OG0035423		
OG0035424		
OG0035425		
OG0035426		
OG0035427		
OG0035428		
OG0035429		
OG0035430		
OG0035431		
OG0035432		
OG0035433		
OG0035434		
OG0035435		
OG0035436		
OG0035437		
OG0035438		
OG0035439		
OG0035440		
OG0035441		
OG0035442		
OG0035443		
OG0035444		
OG0035445		
OG0035446		
OG0035447		
OG0035448		
OG0035449		
OG0035450		
OG0035451		
OG0035452		
OG0035453		
OG0035454		
OG0035455		
OG0035456		
OG0035457		
OG0035458		
OG0035459		
OG0035460		
OG0035461		
OG0035462		
OG0035463		
OG0035464		
OG0035465		
OG0035466		
OG0035467		
OG0035468		
OG0035469		
OG0035470		
OG0035471		
OG0035472		
OG0035473		
OG0035474		
OG0035475		
OG0035476		
OG0035477		
OG0035478		
OG0035479		
OG0035480		
OG0035481		
OG0035482		
OG0035483		
OG0035484		
OG0035485		
OG0035486		
OG0035487		
OG0035488		
OG0035489		
OG0035490		
OG0035491		
OG0035492		
OG0035493		
OG0035494		
OG0035495		
OG0035496		
OG0035497		
OG0035498		
OG0035499		
OG0035500		
OG0035501		
OG0035502		
OG0035503		
OG0035504		
OG0035505		
OG0035506		
OG0035507		
OG0035508		
OG0035509		
OG0035510		
OG0035511		
OG0035512		
OG0035513		
OG0035514		
OG0035515		
OG0035516		
OG0035517		
OG0035518		
OG0035519		
OG0035520		
OG0035521		
OG0035522		
OG0035523		
OG0035524		
OG0035525		
OG0035526		
OG0035527		
OG0035528		
OG0035529		
OG0035530		
OG0035531		
OG0035532		
OG0035533		
OG0035534		
OG0035535		
OG0035536		
OG0035537		
OG0035538		
OG0035539		
OG0035540		
OG0035541		
OG0035542		
OG0035543		
OG0035544		
OG0035545		
OG0035546		
OG0035547		
OG0035548		
OG0035549		
OG0035550		
OG0035551		
OG0035552		
OG0035553		
OG0035554		
OG0035555		
OG0035556		
OG0035557		
OG0035558		
OG0035559		
OG0035560		
OG0035561		
OG0035562		
OG0035563		
OG0035564		
OG0035565		
OG0035566		
OG0035567		
OG0035568		
OG0035569		
OG0035570		
OG0035571		
OG0035572		
OG0035573		
OG0035574		
OG0035575		
OG0035576		
OG0035577		
OG0035578		
OG0035579		
OG0035580		
OG0035581		
OG0035582		
OG0035583		
OG0035584		
OG0035585		
OG0035586		
OG0035587		
OG0035588		
OG0035589		
OG0035590		
OG0035591		
OG0035592		
OG0035593		
OG0035594		
OG0035595		
OG0035596		
OG0035597		
OG0035598		
OG0035599		
OG0035600		
OG0035601		
OG0035602		
OG0035603		
OG0035604		
OG0035605		
OG0035606		
OG0035607		
OG0035608		
OG0035609		
OG0035610		
OG0035611		
OG0035612		
OG0035613		
OG0035614		
OG0035615		
OG0035616		
OG0035617		
OG0035618		
OG0035619		
OG0035620		
OG0035621		
OG0035622		
OG0035623		
OG0035624		
OG0035625		
OG0035626		
OG0035627		
OG0035628		
OG0035629		
OG0035630		
OG0035631		
OG0035632		
OG0035633		
OG0035634		
OG0035635		
OG0035636		
OG0035637		
OG0035638		
OG0035639		
OG0035640		
OG0035641		
OG0035642		
OG0035643		
OG0035644		
OG0035645		
OG0035646		
OG0035647		
OG0035648		
OG0035649		
OG0035650		
OG0035651		
OG0035652		
OG0035653		
OG0035654		
OG0035655		
OG0035656		
OG0035657		
OG0035658		
OG0035659		
OG0035660		
OG0035661		
OG0035662		
OG0035663		
OG0035664		
OG0035665		
OG0035666		
OG0035667		
OG0035668		
OG0035669		
OG0035670		
OG0035671		
OG0035672		
OG0035673		
OG0035674		
OG0035675		
OG0035676		
OG0035677		
OG0035678		
OG0035679		
OG0035680		
OG0035681		
OG0035682		
OG0035683		
OG0035684		
OG0035685		
OG0035686		
OG0035687		
OG0035688		
OG0035689		
OG0035690		
OG0035691		
OG0035692		
OG0035693		
OG0035694		
OG0035695		
OG0035696		
OG0035697		
OG0035698		
OG0035699		
OG0035700		
OG0035701		
OG0035702		
OG0035703		
OG0035704		
OG0035705		
OG0035706		
OG0035707		
OG0035708		
OG0035709		
OG0035710		
OG0035711		
OG0035712		
OG0035713		
OG0035714		
OG0035715		
OG0035716		
OG0035717		
OG0035718		
OG0035719		
OG0035720		
OG0035721		
OG0035722		
OG0035723		
OG0035724		
OG0035725		
OG0035726		
OG0035727		
OG0035728		
OG0035729		
OG0035730		
OG0035731		
OG0035732		
OG0035733		
OG0035734		
OG0035735		
OG0035736		
OG0035737		
OG0035738		
OG0035739		
OG0035740		
OG0035741		
OG0035742		
OG0035743		
OG0035744		
OG0035745		
OG0035746		
OG0035747		
OG0035748		
OG0035749		
OG0035750		
OG0035751		
OG0035752		
OG0035753		
OG0035754		
OG0035755		
OG0035756		
OG0035757		
OG0035758		
OG0035759		
OG0035760		
OG0035761		
OG0035762		
OG0035763		
OG0035764		
OG0035765		
OG0035766		
OG0035767		
OG0035768		
OG0035769		
OG0035770		
OG0035771		
OG0035772		
OG0035773		
OG0035774		
OG0035775		
OG0035776		
OG0035777		
OG0035778		
OG0035779		
OG0035780		
OG0035781		
OG0035782		
OG0035783		
OG0035784		
OG0035785		
OG0035786		
OG0035787		
OG0035788		
OG0035789		
OG0035790		
OG0035791		
OG0035792		
OG0035793		
OG0035794		
OG0035795		
OG0035796		
OG0035797		
OG0035798		
OG0035799		
OG0035800		
OG0035801		
OG0035802		
OG0035803		
OG0035804		
OG0035805		
OG0035806		
OG0035807		
OG0035808		
OG0035809		
OG0035810		
OG0035811		
OG0035812		
OG0035813		
OG0035814		
OG0035815		
OG0035816		
OG0035817		
OG0035818		
OG0035819		
OG0035820		
OG0035821		
OG0035822		
OG0035823		
OG0035824		
OG0035825		
OG0035826		
OG0035827		
OG0035828		
OG0035829		
OG0035830		
OG0035831		
OG0035832		
OG0035833		
OG0035834		
OG0035835		
OG0035836		
OG0035837		
OG0035838		
OG0035839		
OG0035840		
OG0035841		
OG0035842		
OG0035843		
OG0035844		
OG0035845		
OG0035846		
OG0035847		
OG0035848		
OG0035849		
OG0035850		
OG0035851		
OG0035852		
OG0035853		
OG0035854		
OG0035855		
OG0035856		
OG0035857		
OG0035858		
OG0035859		
OG0035860		
OG0035861		
OG0035862		
OG0035863		
OG0035864		
OG0035865		
OG0035866		
OG0035867		
OG0035868		
OG0035869		
OG0035870		
OG0035871		
OG0035872		
OG0035873		
OG0035874		
OG0035875		
OG0035876		
OG0035877		
OG0035878		
OG0035879		
OG0035880		
OG0035881		
OG0035882		
OG0035883		
OG0035884		
OG0035885		
OG0035886		
OG0035887		
OG0035888		
OG0035889		
OG0035890		
OG0035891		
OG0035892		
OG0035893		
OG0035894		
OG0035895		
OG0035896		
OG0035897		
OG0035898		
OG0035899		
OG0035900		
OG0035901		
OG0035902		
OG0035903		
OG0035904		
OG0035905		
OG0035906		
OG0035907		
OG0035908		
OG0035909		
OG0035910		
OG0035911		
OG0035912		
OG0035913		
OG0035914		
OG0035915		
OG0035916		
OG0035917		
OG0035918		
OG0035919		
OG0035920		
OG0035921		
OG0035922		
OG0035923		
OG0035924		
OG0035925		
OG0035926		
OG0035927		
OG0035928		
OG0035929		
OG0035930		
OG0035931		
OG0035932		
OG0035933		
OG0035934		
OG0035935		
OG0035936		
OG0035937		
OG0035938		
OG0035939		
OG0035940		
OG0035941		
OG0035942		
OG0035943		
OG0035944		
OG0035945		
OG0035946		
OG0035947		
OG0035948		
OG0035949		
OG0035950		
OG0035951		
OG0035952		
OG0035953		
OG0035954		
OG0035955		
OG0035956		
OG0035957		
OG0035958		
OG0035959		
OG0035960		
OG0035961		
OG0035962		
OG0035963		
OG0035964		
OG0035965		
OG0035966		
OG0035967		
OG0035968		
OG0035969		
OG0035970		
OG0035971		
OG0035972		
OG0035973		
OG0035974		
OG0035975		
OG0035976		
OG0035977		
OG0035978		
OG0035979		
OG0035980		
OG0035981		
OG0035982		
OG0035983		
OG0035984		
OG0035985		
OG0035986		
OG0035987		
OG0035988		
OG0035989		
OG0035990		
OG0035991		
OG0035992		
OG0035993		
OG0035994		
OG0035995		
OG0035996		
OG0035997		
OG0035998		
OG0035999		
OG0036000		
OG0036001		
OG0036002		
OG0036003		
OG0036004		
OG0036005		
OG0036006		
OG0036007		
OG0036008		
OG0036009		
OG0036010		
OG0036011		
OG0036012		
OG0036013		
OG0036014		
OG0036015		
OG0036016		
OG0036017		
OG0036018		
OG0036019		
OG0036020		
OG0036021		
OG0036022		
OG0036023		
OG0036024		
OG0036025		
OG0036026		
OG0036027		
OG0036028		
OG0036029		
OG0036030		
OG0036031		
OG0036032		
OG0036033		
OG0036034		
OG0036035		
OG0036036		
OG0036037		
OG0036038		
OG0036039		
OG0036040		
OG0036041		
OG0036042		
OG0036043		
OG0036044		
OG0036045		
OG0036046		
OG0036047		
OG0036048		
OG0036049		
OG0036050		
OG0036051		
OG0036052		
OG0036053		
OG0036054		
OG0036055		
OG0036056		
OG0036057		
OG0036058		
OG0036059		
OG0036060		
OG0036061		
OG0036062		
OG0036063		
OG0036064		
OG0036065		
OG0036066		
OG0036067		
OG0036068		
OG0036069		
OG0036070		
OG0036071		
OG0036072		
OG0036073		
OG0036074		
OG0036075		
OG0036076		
OG0036077		
OG0036078		
OG0036079		
OG0036080		
OG0036081		
OG0036082		
OG0036083		
OG0036084		
OG0036085		
OG0036086		
OG0036087		
OG0036088		
OG0036089		
OG0036090		
OG0036091		
OG0036092		
OG0036093		
OG0036094		
OG0036095		
OG0036096		
OG0036097		
OG0036098		
OG0036099		
OG0036100		
OG0036101		
OG0036102		
OG0036103		
OG0036104		
OG0036105		
OG0036106		
OG0036107		
OG0036108		
OG0036109		
OG0036110		
OG0036111		
OG0036112		
OG0036113		
OG0036114		
OG0036115		
OG0036116		
OG0036117		
OG0036118		
OG0036119		
OG0036120		
OG0036121		
OG0036122		
OG0036123		
OG0036124		
OG0036125		
OG0036126		
OG0036127		
OG0036128		
OG0036129		
OG0036130		
OG0036131		
OG0036132		
OG0036133		
OG0036134		
OG0036135		
OG0036136		
OG0036137		
OG0036138		
OG0036139		
OG0036140		
OG0036141		
OG0036142		
OG0036143		
OG0036144		
OG0036145		
OG0036146		
OG0036147		
OG0036148		
OG0036149		
OG0036150		
OG0036151		
OG0036152		
OG0036153		
OG0036154		
OG0036155		
OG0036156		
OG0036157		
OG0036158		
OG0036159		
OG0036160		
OG0036161		
OG0036162		
OG0036163		
OG0036164		
OG0036165		
OG0036166		
OG0036167		
OG0036168		
OG0036169		
OG0036170		
OG0036171		
OG0036172		
OG0036173		
OG0036174		
OG0036175		
OG0036176		
OG0036177		
OG0036178		
OG0036179		
OG0036180		
OG0036181		
OG0036182		
OG0036183		
OG0036184		
OG0036185		
OG0036186		
OG0036187		
OG0036188		
OG0036189		AT1G01530, AT1G65360
OG0036190		AT1G01840
OG0036191		AT1G02380, AT4G01960
OG0036192		AT1G02430, AT1G02440
OG0036193		AT1G02550, AT2G47340
OG0036194		AT1G03200, AT1G03240
OG0036195		AT1G04800, AT2G32690
OG0036196		AT1G04840
OG0036197		AT1G05835
OG0036198		AT1G05894, AT2G31480
OG0036199		AT1G06420, AT2G30960
OG0036200		AT1G06540, AT2G30930
OG0036201		AT1G07175, AT2G29995
OG0036202		AT1G07473, AT1G07476
OG0036203		AT1G07680, AT5G23903
OG0036204		AT1G07690, AT1G54950
OG0036205		AT1G08035, AT2G28330
OG0036206		AT1G08890, AT1G08900
OG0036207		AT1G09176, AT3G55790
OG0036208		AT1G09950, AT1G58330
OG0036209		AT1G10155, AT1G31200
OG0036210		AT1G11340, AT1G11410
OG0036211		AT1G11591, AT4G03940
OG0036212		AT1G11655
OG0036213		AT1G11785, AT1G53655
OG0036214		AT1G12064
OG0036215		AT1G13410
OG0036216		AT1G13620, AT2G04025
OG0036217		AT1G14380, AT2G02790
OG0036218		AT1G14760
OG0036219		AT1G16850, AT5G64820
OG0036220		AT1G16950, AT1G29290
OG0036221		AT1G17310, AT1G72350
OG0036222		AT1G18050, AT3G30370
OG0036223		AT1G18193, AT4G00953
OG0036224		AT1G18486, AT4G02655
OG0036225		AT1G18510, AT1G74045
OG0036226		AT1G19500, AT2G35765
OG0036227		AT1G20280, AT1G61200
OG0036228		AT1G21940, AT1G21950
OG0036229		AT1G22065, AT1G77885
OG0036230		AT1G23050, AT1G70985
OG0036231		AT1G23530, AT1G70470
OG0036232		AT1G24147, AT1G24148
OG0036233		AT1G24405, AT1G67670
OG0036234		AT1G24520, AT3G26110
OG0036235		AT1G26210, AT1G68870
OG0036236		AT1G26290
OG0036237		AT1G26710, AT1G26720
OG0036238		AT1G26762, AT5G26270
OG0036239		AT1G27565, AT1G52905
OG0036240		AT1G27670, AT1G75360
OG0036241		AT1G29010, AT2G34010
OG0036242		AT1G29540, AT2G34330
OG0036243		AT1G30972, AT1G30974
OG0036244		AT1G31580, AT5G42530
OG0036245		AT1G32337, AT3G46390
OG0036246		AT1G32460
OG0036247		AT1G33050, AT4G10470
OG0036248		AT1G33945, AT5G18705
OG0036249		AT1G34400, AT2G03570
OG0036250		AT1G35230, AT4G09030
OG0036251		AT1G35435, AT5G60615
OG0036252		AT1G35500, AT1G35614
OG0036253		AT1G36510, AT3G32260
OG0036254		AT1G36756, AT2G10602
OG0036255		AT1G40083, AT2G07310
OG0036256		AT1G40129, AT4G07350
OG0036257		AT1G42080, AT3G43500
OG0036258		AT1G43040, AT5G42410
OG0036259		AT1G44085, AT3G29033
OG0036260		AT1G45163, AT5G55790
OG0036261		AT1G47395, AT1G47400
OG0036262		AT1G47760, AT5G46320
OG0036263		AT1G49500, AT3G19030
OG0036264		AT1G49700, AT4G07675
OG0036265		AT1G52415, AT4G28405
OG0036266		AT1G53282, AT1G53285
OG0036267		AT1G53480, AT5G03090
OG0036268		AT1G53610, AT1G53620
OG0036269		AT1G54230, AT1G54240
OG0036270		AT1G55820, AT3G13222
OG0036271		AT1G55990, AT4G33610
OG0036272		AT1G57630, AT5G38344
OG0036273		AT1G57780, AT4G13380
OG0036274		AT1G58225
OG0036275		AT1G59723, AT1G59724
OG0036276		AT1G59810, AT1G60040
OG0036277		AT1G61120
OG0036278		AT1G62895, AT2G14265
OG0036279		AT1G63055, AT1G63057
OG0036280		AT1G63522, AT1G63535
OG0036281		AT1G63530, AT1G63540
OG0036282		AT1G63950, AT1G63960
OG0036283		AT1G64210, AT5G41680
OG0036284		AT1G64320, AT5G41780
OG0036285		AT1G64490, AT5G42060
OG0036286		AT1G65346, AT2G07705
OG0036287		AT1G66190, AT5G37550
OG0036288		AT1G67540
OG0036289		AT1G67623, AT1G74875
OG0036290		AT1G67860, AT1G67865
OG0036291		AT1G68905, AT1G68907
OG0036292		AT1G69160
OG0036293		AT1G70895, AT2G01505
OG0036294		AT1G71420
OG0036295		AT1G71470, AT3G22090
OG0036296		AT1G71910
OG0036297		AT1G72600
OG0036298		AT1G74400
OG0036299		AT1G75730
OG0036300		AT1G75810
OG0036301		AT1G76440
OG0036302		AT1G76740, AT1G76840
OG0036303		AT1G77780, AT1G77790
OG0036304		AT1G80970, AT1G80990
OG0036305		AT2G01008, AT3G43160
OG0036306		AT2G01554, AT4G14226
OG0036307		AT2G01870
OG0036308		AT2G01960, AT5G57810
OG0036309		AT2G03310
OG0036310		AT2G03980, AT2G04020
OG0036311		AT2G04034, AT2G04925
OG0036312		AT2G04495, AT2G04515
OG0036313		AT2G05185, AT5G22608
OG0036314		AT2G05752, AT3G24517
OG0036315		AT2G06425, AT4G04265
OG0036316		AT2G06565, AT5G30520
OG0036317		AT2G06570, AT2G06645
OG0036318		AT2G07190, AT2G07240
OG0036319		AT2G07628
OG0036320		AT2G07667, ATMG01180
OG0036321		AT2G07672, ATMG01050
OG0036322		AT2G07673, ATMG01030
OG0036323		AT2G07676, ATMG00970
OG0036324		AT2G07678, ATMG00920
OG0036325		AT2G07691, ATMG01310
OG0036326		AT2G07692, ATMG01300
OG0036327		AT2G07706, ATMG00470
OG0036328		AT2G07708, ATMG00500
OG0036329		AT2G07713, ATMG00540
OG0036330		AT2G07714, ATMG00550
OG0036331		AT2G07719, ATMG00610
OG0036332		AT2G07724, ATMG00200
OG0036333		AT2G07749, ATMG01110
OG0036334		AT2G07798, ATMG01220
OG0036335		AT2G07820
OG0036336		AT2G07835, ATMG00400
OG0036337		AT2G10615, AT3G30320
OG0036338		AT2G11025, AT2G12205
OG0036339		AT2G11815, AT4G07380
OG0036340		AT2G12200, AT2G12280
OG0036341		AT2G12945, AT3G42160
OG0036342		AT2G14247, AT4G33666
OG0036343		AT2G15680
OG0036344		AT2G15830, AT4G33960
OG0036345		AT2G16200
OG0036346		AT2G16620, AT3G23650
OG0036347		AT2G17210
OG0036348		AT2G17670
OG0036349		AT2G17787, AT4G35940
OG0036350		AT2G18340, AT4G36600
OG0036351		AT2G18969, AT4G30180
OG0036352		AT2G20660, AT2G33130
OG0036353		AT2G21237, AT4G38905
OG0036354		AT2G21560, AT4G39190
OG0036355		AT2G21780, AT4G39360
OG0036356		AT2G22510, AT4G38080
OG0036357		AT2G23130, AT4G37450
OG0036358		AT2G25297, AT3G13433
OG0036359		AT2G25790
OG0036360		AT2G26360
OG0036361		AT2G27070, AT5G07210
OG0036362		AT2G29220, AT2G29250
OG0036363		AT2G30560, AT4G33145
OG0036364		AT2G31930
OG0036365		AT2G31953, AT2G31957
OG0036366		AT2G32235, AT2G38690
OG0036367		AT2G32350
OG0036368		AT2G32785, AT2G32788
OG0036369		AT2G33000, AT2G33010
OG0036370		AT2G34315, AT2G34317
OG0036371		AT2G35070, AT2G35090
OG0036372		AT2G35965, AT4G09589
OG0036373		AT2G36650
OG0036374		AT2G37750
OG0036375		AT2G39975, AT2G40745
OG0036376		AT2G40480, AT3G56270
OG0036377		AT2G41260, AT2G41280
OG0036378		AT2G43310
OG0036379		AT2G44880
OG0036380		AT2G45350
OG0036381		AT2G46720, AT3G10280
OG0036382		AT2G46735
OG0036383		AT2G47950, AT3G62990
OG0036384		AT2G48075, AT3G63050
OG0036385		AT3G01030, AT5G15480
OG0036386		AT3G01175
OG0036387		AT3G01230, AT3G01240
OG0036388		AT3G01415, AT3G18535
OG0036389		AT3G01513, AT5G14730
OG0036390		AT3G01700, AT5G14380
OG0036391		AT3G01840
OG0036392		AT3G02240, AT3G02242
OG0036393		AT3G02245, AT5G15725
OG0036394		AT3G03272, AT5G17340
OG0036395		AT3G03510, AT5G17580
OG0036396		AT3G04320, AT3G04330
OG0036397		AT3G04990, AT5G27220
OG0036398		AT3G05936
OG0036399		AT3G06090, AT4G11402
OG0036400		AT3G06545, AT3G11060
OG0036401		AT3G06600
OG0036402		AT3G06870
OG0036403		AT3G06985, AT3G07005
OG0036404		AT3G09032, AT5G01225
OG0036405		AT3G10525, AT5G04470
OG0036406		AT3G11640, AT3G52480
OG0036407		AT3G11770, AT5G06450
OG0036408		AT3G13130
OG0036409		AT3G13950, AT4G13266
OG0036410		AT3G14330
OG0036411		AT3G16540, AT3G16550
OG0036412		AT3G17150, AT3G17152
OG0036413		AT3G21825, AT5G46297
OG0036414		AT3G22100
OG0036415		AT3G22961, AT3G24093
OG0036416		AT3G23170, AT4G14450
OG0036417		AT3G23360
OG0036418		AT3G23450, AT4G14301
OG0036419		AT3G24065, AT3G24068
OG0036420		AT3G24770, AT4G13195
OG0036421		AT3G25493
OG0036422		AT3G25573, AT3G25577
OG0036423		AT3G27410, AT5G40620
OG0036424		AT3G28420
OG0036425		AT3G28750, AT5G39880
OG0036426		AT3G29140, AT4G33310
OG0036427		AT3G29340, AT4G04404
OG0036428		AT3G29455, AT5G35050
OG0036429		AT3G29780
OG0036430		AT3G32380, AT5G39775
OG0036431		AT3G42148, AT4G04078
OG0036432		AT3G42628
OG0036433		AT3G44716
OG0036434		AT3G44755, AT3G46360
OG0036435		AT3G44935, AT5G28420
OG0036436		AT3G46613, AT5G59510
OG0036437		AT3G46750
OG0036438		AT3G46990, AT5G58930
OG0036439		AT3G47410, AT5G62400
OG0036440		AT3G49710
OG0036441		AT3G49740
OG0036442		AT3G50373, AT5G51360
OG0036443		AT3G51020, AT5G66370
OG0036444		AT3G52620
OG0036445		AT3G54680
OG0036446		AT3G55935, AT3G56790
OG0036447		AT3G56520, AT5G41090
OG0036448		AT3G56810
OG0036449		AT3G57960, AT3G57970
OG0036450		AT3G58540, AT5G06190
OG0036451		AT3G58790
OG0036452		AT4G00232, AT5G41765
OG0036453		AT4G00310
OG0036454		AT4G00770
OG0036455		AT4G03220
OG0036456		AT4G04370
OG0036457		AT4G04695, AT4G04700
OG0036458		AT4G04745, AT4G21902
OG0036459		AT4G04750, AT4G04760
OG0036460		AT4G05630, AT4G12617
OG0036461	ostta09g01200	AT4G08140
OG0036462		AT4G09530
OG0036463		AT4G10843, AT5G37793
OG0036464		AT4G11020, AT4G23870
OG0036465		AT4G11100, AT5G03060
OG0036466		AT4G11890
OG0036467		AT4G12543, AT4G12555
OG0036468		AT4G12731, AT4G12735
OG0036469		AT4G14010
OG0036470		AT4G16295, AT4G29035
OG0036471		AT4G16515
OG0036472		AT4G16850
OG0036473		AT4G18203, AT4G18215
OG0036474		AT4G19050, AT5G45510
OG0036475		AT4G19440
OG0036476		AT4G20420, AT5G44540
OG0036477		AT4G21020, AT5G44310
OG0036478		AT4G21170
OG0036479		AT4G22700, AT5G35900
OG0036480		AT4G23770, AT4G23780
OG0036481		AT4G25600
OG0036482		AT4G26660, AT5G55520
OG0036483		AT4G26960, AT5G54970
OG0036484		AT4G27530, AT5G53895
OG0036485		AT4G27580, AT5G54095
OG0036486		AT4G27845, AT4G27850
OG0036487		AT4G28010
OG0036488		AT4G28230
OG0036489		AT4G28240
OG0036490		AT4G28395, AT4G28397
OG0036491		AT4G28670
OG0036492		AT4G30730, AT4G30750
OG0036493		AT4G31070
OG0036494		AT4G33930, AT4G34300
OG0036495		AT4G39900
OG0036496		AT5G06820
OG0036497		AT5G07165, AT5G51585
OG0036498		AT5G07170, AT5G62240
OG0036499		AT5G07240, AT5G62070
OG0036500		AT5G09520, AT5G09530
OG0036501		AT5G10600, AT5G10610
OG0036502		AT5G10660, AT5G24880
OG0036503		AT5G11000
OG0036504		AT5G12100
OG0036505		AT5G15340
OG0036506		AT5G17590
OG0036507		AT5G22970, AT5G60000
OG0036508		AT5G23212, AT5G51845
OG0036509		AT5G23910
OG0036510		AT5G25470, AT5G25475
OG0036511		AT5G27020
OG0036512		AT5G27440
OG0036513		AT5G28450
OG0036514		AT5G28470
OG0036515		AT5G28530
OG0036516		AT5G28610, AT5G28630
OG0036517		AT5G32670
OG0036518		AT5G36920, AT5G36925
OG0036519		AT5G36960
OG0036520		AT5G37473, AT5G37474
OG0036521		AT5G39020, AT5G39030
OG0036522		AT5G40153
OG0036523		AT5G40180
OG0036524		AT5G40940
OG0036525		AT5G43090, AT5G43110
OG0036526		AT5G44265
OG0036527		AT5G44563, AT5G44567
OG0036528		AT5G44572, AT5G44574
OG0036529		AT5G46460
OG0036530		AT5G46871, AT5G46874
OG0036531		AT5G46873, AT5G46877
OG0036532		AT5G47460
OG0036533		AT5G50565, AT5G50665
OG0036534		AT5G50610, AT5G50710
OG0036535		AT5G51350
OG0036536		AT5G51680
OG0036537		AT5G52270
OG0036538		AT5G54035, AT5G54043
OG0036539		AT5G55690, AT5G58890
OG0036540		AT5G58630
OG0036541		AT5G60080, AT5G60090
OG0036542		AT5G60880
OG0036543		AT5G61090, AT5G61120
OG0036544		AT5G62370
OG0036545		AT5G63625, AT5G64687
OG0036546		AT5G64480
OG0036547		AT5G64880
OG0036548		AT5G65495
OG0036549		AT5G66985
OG0036550		AT5G67265
OG0036551		ATCG00870, ATCG01270
OG0036552		ATMG00060
OG0036553		ATMG00516
OG0036554		ATMG01130
OG0036555		ATMG01320
OG0036556		ATMG01330
OG0036557		
OG0036558		
OG0036559		
OG0036560		
OG0036561		
OG0036562		
OG0036563		
OG0036564		
OG0036565		
OG0036566		
OG0036567		
OG0036568		
OG0036569		
OG0036570		
OG0036571		
OG0036572		
OG0036573		
OG0036574		
OG0036575		
OG0036576		
OG0036577		
OG0036578		
OG0036579		
OG0036580		
OG0036581		
OG0036582		
OG0036583		
OG0036584		
OG0036585		
OG0036586		
OG0036587		
OG0036588		
OG0036589		
OG0036590		
OG0036591		
OG0036592		
OG0036593		
OG0036594		
OG0036595		
OG0036596		
OG0036597		
OG0036598		
OG0036599		
OG0036600		
OG0036601		
OG0036602		
OG0036603		
OG0036604		
OG0036605		
OG0036606		
OG0036607		
OG0036608		
OG0036609		
OG0036610		
OG0036611		
OG0036612		
OG0036613		
OG0036614		
OG0036615		
OG0036616		
OG0036617		
OG0036618		
OG0036619		
OG0036620		
OG0036621		
OG0036622		
OG0036623		
OG0036624		
OG0036625		
OG0036626		
OG0036627		
OG0036628		
OG0036629		
OG0036630		
OG0036631		
OG0036632		
OG0036633		
OG0036634		
OG0036635		
OG0036636		
OG0036637		
OG0036638		
OG0036639		
OG0036640		
OG0036641		
OG0036642		
OG0036643		
OG0036644		
OG0036645		
OG0036646		
OG0036647		
OG0036648		
OG0036649		
OG0036650		
OG0036651		
OG0036652		
OG0036653		
OG0036654		
OG0036655		
OG0036656		
OG0036657		
OG0036658		
OG0036659		
OG0036660		
OG0036661		
OG0036662		
OG0036663		
OG0036664		
OG0036665		
OG0036666		
OG0036667		
OG0036668		
OG0036669		
OG0036670		
OG0036671		
OG0036672		
OG0036673		
OG0036674		
OG0036675		
OG0036676		
OG0036677		
OG0036678		
OG0036679		
OG0036680		
OG0036681		
OG0036682		
OG0036683		
OG0036684		
OG0036685		
OG0036686		
OG0036687		
OG0036688		
OG0036689		
OG0036690		
OG0036691		
OG0036692		
OG0036693		
OG0036694		
OG0036695		
OG0036696		
OG0036697		
OG0036698		
OG0036699		
OG0036700		
OG0036701		
OG0036702		
OG0036703		
OG0036704		
OG0036705		
OG0036706		
OG0036707		
OG0036708		
OG0036709		
OG0036710		
OG0036711		
OG0036712		
OG0036713		
OG0036714		
OG0036715		
OG0036716		
OG0036717		
OG0036718		
OG0036719		
OG0036720		
OG0036721		
OG0036722		
OG0036723		
OG0036724		
OG0036725		
OG0036726		
OG0036727		
OG0036728		
OG0036729		
OG0036730		
OG0036731		
OG0036732		
OG0036733		
OG0036734		
OG0036735		
OG0036736		
OG0036737		
OG0036738		
OG0036739		
OG0036740		
OG0036741		
OG0036742		
OG0036743		
OG0036744		
OG0036745		
OG0036746		
OG0036747		
OG0036748		
OG0036749		
OG0036750		
OG0036751		
OG0036752		
OG0036753		
OG0036754		
OG0036755		
OG0036756		
OG0036757		
OG0036758		
OG0036759		
OG0036760		
OG0036761		
OG0036762		
OG0036763		
OG0036764		
OG0036765		
OG0036766		
OG0036767		
OG0036768		
OG0036769		
OG0036770		
OG0036771		
OG0036772		
OG0036773		
OG0036774		
OG0036775		
OG0036776		
OG0036777		
OG0036778		
OG0036779		
OG0036780		
OG0036781		
OG0036782		
OG0036783		
OG0036784		
OG0036785		
OG0036786		
OG0036787		
OG0036788		
OG0036789		
OG0036790		
OG0036791		
OG0036792		
OG0036793		
OG0036794		
OG0036795		
OG0036796		
OG0036797		
OG0036798		
OG0036799		
OG0036800		
OG0036801		
OG0036802		
OG0036803		
OG0036804		
OG0036805		
OG0036806		
OG0036807		
OG0036808		
OG0036809		
OG0036810		
OG0036811		
OG0036812		
OG0036813		
OG0036814		
OG0036815		
OG0036816		
OG0036817		
OG0036818		
OG0036819		
OG0036820		
OG0036821		
OG0036822		
OG0036823		
OG0036824		
OG0036825		
OG0036826		
OG0036827		
OG0036828		
OG0036829		
OG0036830		
OG0036831		
OG0036832		
OG0036833		
OG0036834		
OG0036835		
OG0036836		
OG0036837		
OG0036838		
OG0036839		
OG0036840		
OG0036841		
OG0036842		
OG0036843		
OG0036844		
OG0036845		
OG0036846		
OG0036847		
OG0036848		
OG0036849		
OG0036850		
OG0036851		
OG0036852		
OG0036853		
OG0036854		
OG0036855		
OG0036856		
OG0036857		
OG0036858		
OG0036859		
OG0036860		
OG0036861		
OG0036862		
OG0036863		
OG0036864		
OG0036865		
OG0036866		
OG0036867		
OG0036868		
OG0036869		
OG0036870		
OG0036871		
OG0036872		
OG0036873		
OG0036874		
OG0036875		
OG0036876		
OG0036877	ostta01g00350	
OG0036878	ostta01g00380	
OG0036879		
OG0036880		
OG0036881	ostta01g00850	
OG0036882	ostta01g00870	
OG0036883	ostta01g01100	
OG0036884	ostta01g01250	
OG0036885	ostta01g01280	
OG0036886		
OG0036887	ostta01g01540	
OG0036888	ostta07g01310	
OG0036889	ostta01g02000	
OG0036890		
OG0036891	ostta01g02150	
OG0036892		
OG0036893	ostta01g02310	
OG0036894		
OG0036895	ostta01g04760	
OG0036896	ostta03g01290	
OG0036897	ostta01g04400	
OG0036898	ostta01g04380	
OG0036899	ostta01g04020	
OG0036900	ostta01g03840	
OG0036901	ostta01g03780	
OG0036902		
OG0036903		
OG0036904		
OG0036905	ostta08g04280	
OG0036906		
OG0036907	ostta08g04110	
OG0036908		
OG0036909	ostta08g03760	
OG0036910		
OG0036911	ostta12g00770	
OG0036912		
OG0036913	ostta08g02810	
OG0036914	ostta08g02840	
OG0036915	ostta02g04640	
OG0036916		
OG0036917		
OG0036918	ostta15g02430	
OG0036919	ostta05g00830	
OG0036920	ostta11g03150	
OG0036921		
OG0036922	ostta15g01510	
OG0036923	ostta15g01500	
OG0036924		
OG0036925		
OG0036926		
OG0036927		
OG0036928	ostta13g01815	
OG0036929	ostta14g00770	
OG0036930	ostta07g02280	
OG0036931	ostta14g02170	
OG0036932	ostta07g01730	
OG0036933	ostta07g01390	
OG0036934	ostta07g01250	
OG0036935	ostta07g01000	
OG0036936		
OG0036937		
OG0036938		
OG0036939	ostta05g00260	
OG0036940	ostta05g00290	
OG0036941	ostta05g00540	
OG0036942	ostta05g00570	
OG0036943	ostta05g00770	
OG0036944	ostta05g01060	
OG0036945		
OG0036946	ostta03g00210	
OG0036947	ostta04g00960	
OG0036948	ostta04g01150	
OG0036949		
OG0036950	ostta05g01910	
OG0036951		
OG0036952	ostta05g02600	
OG0036953	ostta04g00320	
OG0036954	ostta05g02850	
OG0036955	ostta09g00850	
OG0036956	ostta05g02910	
OG0036957	ostta05g03100	
OG0036958		
OG0036959	ostta05g03880	
OG0036960	ostta05g04830	
OG0036961	ostta08g00100	
OG0036962		
OG0036963		
OG0036964		
OG0036965	ostta08g00750	
OG0036966		
OG0036967	ostta13g02830	
OG0036968	ostta13g02540	
OG0036969	ostta06g00370	
OG0036970		
OG0036971	ostta02g04060	
OG0036972		
OG0036973		
OG0036974	ostta06g00550	
OG0036975	ostta06g00930	
OG0036976		
OG0036977	ostta06g01840	
OG0036978	ostta06g02000	
OG0036979		
OG0036980		
OG0036981	ostta06g03100	
OG0036982	ostta06g03930	
OG0036983	ostta12g00910	
OG0036984	ostta17g00900	
OG0036985	ostta01g02880	
OG0036986		
OG0036987	ostta14g02670	
OG0036988		
OG0036989	ostta17g01560	
OG0036990	ostta04g02000	
OG0036991		
OG0036992	ostta04g02110	
OG0036993		
OG0036994		
OG0036995		
OG0036996	ostta03g05600	
OG0036997	ostta03g05700	
OG0036998		
OG0036999	ostta03g05330	
OG0037000	ostta03g05240	
OG0037001		
OG0037002		
OG0037003	ostta12g01640	
OG0037004	ostta12g01310	
OG0037005	ostta12g00570	
OG0037006		
OG0037007		
OG0037008	ostta02g04330	
OG0037009	ostta20g00940	
OG0037010	ostta20g00520	
OG0037011		
OG0037012		
OG0037013	ostta04g03320	
OG0037014	ostta04g03450	
OG0037015	ostta04g05260	
OG0037016	ostta04g05490	
OG0037017		
OG0037018		
OG0037019	ostta03g01420	
OG0037020		
OG0037021	ostta17g00230	
OG0037022	ostta18g00510	
OG0037023	ostta18g00470	
OG0037024	ostta03g02190	
OG0037025	ostta03g03440	
OG0037026	ostta03g03550	
OG0037027		
OG0037028	ostta09g03730	
OG0037029		
OG0037030	ostta09g03320	
OG0037031	ostta09g03250	
OG0037032	ostta09g03040	
OG0037033		
OG0037034	ostta09g02780	
OG0037035	ostta09g02580	
OG0037036	ostta09g02500	
OG0037037		
OG0037038	ostta09g00710	
OG0037039		
OG0037040		
OG0037041		
OG0037042		
OG0037043		
OG0037044		
OG0037045	ostta10g01800	
OG0037046	ostta10g01960	
OG0037047	ostta10g02430	
OG0037048	ostta10g02730	
OG0037049	ostta10g02740	
OG0037050	ostta10g03220	
OG0037051		
OG0037052	ostta05g04680	
OG0037053		
OG0037054		
OG0037055	ostta14g01770	
OG0037056		
OG0037057	ostta14g02380	
OG0037058	ostta03g01630	
OG0037059	ostta14g01200	
OG0037060	ostta11g02950	
OG0037061		
OG0037062	ostta11g01900	
OG0037063	ostta13g01250	
OG0037064		
OG0037065		
OG0037066		
OG0037067	ostta03g00530	
OG0037068		
OG0037069	ostta05g01650	
OG0037070		
OG0037071		
OG0037072	ostta02g01600	
OG0037073	ostta02g03320	
OG0037074		
OG0037075	ostta05g01750	
OG0037076	ostta07g03310	
OG0037077	ostta16g00190	
OG0037078	ostta16g01295	
OG0037079	ostta03g02890	
OG0037080		
OG0037081		
OG0037082	ostta01g06310	
OG0037083	ostta01g06320	
OG0037084		
OG0037085		
OG0037086	ostta12g00390	
OG0037087	ostta16g01020	
OG0037088		
OG0037089		
OG0037090	ostta16g01080	
OG0037091		
OG0037092	ostta08g04120	
OG0037093		
OG0037094	ostta13g02070	
OG0037095		
OG0037096	ostta13g02130	
OG0037097		
OG0037098		
OG0037099		
OG0037100		
OG0037101	ostta05g01270	
OG0037102		
OG0037103		
OG0037104		
OG0037105		
OG0037106		
OG0037107		
OG0037108		
OG0037109		
OG0037110		
OG0037111		
OG0037112		
OG0037113		
OG0037114		
OG0037115		
OG0037116		
OG0037117		
OG0037118		
OG0037119		
OG0037120		
OG0037121		
OG0037122		
OG0037123		
OG0037124		
OG0037125		
OG0037126		
OG0037127		
OG0037128		
OG0037129		
OG0037130		
OG0037131		
OG0037132		
OG0037133		
OG0037134		
OG0037135		
OG0037136		
OG0037137		
OG0037138		
OG0037139		
OG0037140		
OG0037141		
OG0037142		
OG0037143		
OG0037144		
OG0037145		
OG0037146		
OG0037147		
OG0037148		
OG0037149		
OG0037150		
OG0037151		
OG0037152		
OG0037153		
OG0037154		
OG0037155		
OG0037156		
OG0037157		
OG0037158		
OG0037159		
OG0037160		
OG0037161		
OG0037162		
OG0037163		
OG0037164		
OG0037165		
OG0037166		
OG0037167		
OG0037168		
OG0037169		
OG0037170		
OG0037171		
OG0037172		
OG0037173		
OG0037174		
OG0037175		
OG0037176		
OG0037177		
OG0037178		
OG0037179		
OG0037180		
OG0037181		
OG0037182		
OG0037183		
OG0037184		
OG0037185		
OG0037186		
OG0037187		
OG0037188		
OG0037189		
OG0037190		
OG0037191		
OG0037192		
OG0037193		
OG0037194		
OG0037195		
OG0037196		
OG0037197		
OG0037198		
OG0037199		
OG0037200		
OG0037201		
OG0037202		
OG0037203		
OG0037204		
OG0037205		
OG0037206		
OG0037207		
OG0037208		
OG0037209		
OG0037210		
OG0037211		
OG0037212		
OG0037213		
OG0037214		
OG0037215		
OG0037216		
OG0037217		
OG0037218		
OG0037219		
OG0037220		
OG0037221		
OG0037222		
OG0037223		
OG0037224		
OG0037225		
OG0037226		
OG0037227		
OG0037228		
OG0037229		
OG0037230		
OG0037231		
OG0037232		
OG0037233		
OG0037234		
OG0037235		
OG0037236		
OG0037237		
OG0037238		
OG0037239		
OG0037240		
OG0037241		
OG0037242		
OG0037243		
OG0037244		
OG0037245		
OG0037246		
OG0037247		
OG0037248		
OG0037249		
OG0037250		
OG0037251		
OG0037252		
OG0037253		
OG0037254		
OG0037255		
OG0037256		
OG0037257		
OG0037258		
OG0037259		
OG0037260		
OG0037261		
OG0037262		
OG0037263		
OG0037264		
OG0037265		
OG0037266		
OG0037267		
OG0037268		
OG0037269		
OG0037270		
OG0037271		
OG0037272		
OG0037273		
OG0037274		
OG0037275		
OG0037276		
OG0037277		
OG0037278		
OG0037279		
OG0037280		
OG0037281		
OG0037282		
OG0037283		
OG0037284		
OG0037285		
OG0037286		
OG0037287		
OG0037288		
OG0037289		
OG0037290		
OG0037291		
OG0037292		
OG0037293		
OG0037294		
OG0037295		
OG0037296		
OG0037297		
OG0037298		
OG0037299		
OG0037300		
OG0037301		
OG0037302		
OG0037303		
OG0037304		
OG0037305		
OG0037306		
OG0037307		
OG0037308		
OG0037309		
OG0037310		
OG0037311		
OG0037312		
OG0037313		
OG0037314		
OG0037315		
OG0037316		
OG0037317		
OG0037318		
OG0037319		
OG0037320		
OG0037321		
OG0037322		
OG0037323		
OG0037324		
OG0037325		
OG0037326		
OG0037327		
OG0037328		
OG0037329		
OG0037330		
OG0037331		
OG0037332		
OG0037333		
OG0037334		
OG0037335		
OG0037336		
OG0037337		
OG0037338		
OG0037339		
OG0037340		
OG0037341		
OG0037342		
OG0037343		
OG0037344		
OG0037345		
OG0037346		
OG0037347		
OG0037348		
OG0037349		
OG0037350		
OG0037351		
OG0037352		
OG0037353		
OG0037354		
OG0037355		
OG0037356		
OG0037357		
OG0037358		
OG0037359		
OG0037360		
OG0037361		
OG0037362		
OG0037363		
OG0037364		
OG0037365		
OG0037366		
OG0037367		
OG0037368		
OG0037369		
OG0037370		
OG0037371		
OG0037372		
OG0037373		
OG0037374		
OG0037375		
OG0037376		
OG0037377		
OG0037378		
OG0037379		
OG0037380		
OG0037381		
OG0037382		
OG0037383		
OG0037384		
OG0037385		
OG0037386		
OG0037387		
OG0037388		
OG0037389		
OG0037390		
OG0037391		
OG0037392		
OG0037393		
OG0037394		
OG0037395		
OG0037396		
OG0037397		
OG0037398		
OG0037399		
OG0037400		
OG0037401		
OG0037402		
OG0037403		
OG0037404		
OG0037405		
OG0037406		
OG0037407		
OG0037408		
OG0037409		
OG0037410		
OG0037411		
OG0037412		
OG0037413		
OG0037414		
OG0037415		
OG0037416		
OG0037417		
OG0037418		
OG0037419		
OG0037420		
OG0037421		
OG0037422		
OG0037423		
OG0037424		
OG0037425		
OG0037426		
OG0037427		
OG0037428		
OG0037429		
OG0037430		
OG0037431		
OG0037432		
OG0037433		
OG0037434		
OG0037435		
OG0037436		
OG0037437		
OG0037438		
OG0037439		
OG0037440		
OG0037441		
OG0037442		
OG0037443		
OG0037444		
OG0037445		
OG0037446		
OG0037447		
OG0037448		
OG0037449		
OG0037450		
OG0037451		
OG0037452		
OG0037453		
OG0037454		
OG0037455		
OG0037456		
OG0037457		
OG0037458		
OG0037459		
OG0037460		
OG0037461		
OG0037462		
OG0037463		
OG0037464		
OG0037465		
OG0037466		
OG0037467		
OG0037468		
OG0037469		
OG0037470		
OG0037471		
OG0037472		
OG0037473		
OG0037474		
OG0037475		
OG0037476		
OG0037477		
OG0037478		
OG0037479		
OG0037480		
OG0037481		
OG0037482		
OG0037483		
OG0037484		
OG0037485		
OG0037486		
OG0037487		
OG0037488		
OG0037489		
OG0037490		
OG0037491		
OG0037492		
OG0037493		
OG0037494		
OG0037495		
OG0037496		
OG0037497		
OG0037498		
OG0037499		
OG0037500		
OG0037501		
OG0037502		
OG0037503		
OG0037504		
OG0037505		
OG0037506		
OG0037507		
OG0037508		
OG0037509		
OG0037510		
OG0037511		
OG0037512		
OG0037513		
OG0037514		
OG0037515		
OG0037516		
OG0037517		
OG0037518		
OG0037519		
OG0037520		
OG0037521		
OG0037522		
OG0037523		
OG0037524		
OG0037525		
OG0037526		
OG0037527		
OG0037528		
OG0037529		
OG0037530		
OG0037531		
OG0037532		
OG0037533		
OG0037534		
OG0037535		
OG0037536		
OG0037537		
OG0037538		
OG0037539		
OG0037540		
OG0037541		
OG0037542		
OG0037543		
OG0037544		
OG0037545		
OG0037546		
OG0037547		
OG0037548		
OG0037549		
OG0037550		
OG0037551		
OG0037552		
OG0037553		
OG0037554		
OG0037555		
OG0037556		
OG0037557		
OG0037558		
OG0037559		
OG0037560		
OG0037561		
OG0037562		
OG0037563		
OG0037564		
OG0037565		
OG0037566		
OG0037567		
OG0037568		
OG0037569		
OG0037570		
OG0037571		
OG0037572		
OG0037573		
OG0037574		
OG0037575		
OG0037576		
OG0037577		
OG0037578		
OG0037579		
OG0037580		
OG0037581		
OG0037582		
OG0037583		
OG0037584		
OG0037585		
OG0037586		
OG0037587		
OG0037588		
OG0037589		
OG0037590		
OG0037591		
OG0037592		
OG0037593		
OG0037594		
OG0037595		
OG0037596		
OG0037597		
OG0037598		
OG0037599		
OG0037600		
OG0037601		
OG0037602		
OG0037603		
OG0037604		
OG0037605		
OG0037606		
OG0037607		
OG0037608		
OG0037609		
OG0037610		
OG0037611		
OG0037612		
OG0037613		
OG0037614		
OG0037615		
OG0037616		
OG0037617		
OG0037618		
OG0037619		
OG0037620		
OG0037621		
OG0037622		
OG0037623		
OG0037624		
OG0037625		
OG0037626		
OG0037627		
OG0037628		
OG0037629		
OG0037630		
OG0037631		
OG0037632		
OG0037633		
OG0037634		
OG0037635		
OG0037636		
OG0037637		
OG0037638		
OG0037639		
OG0037640		
OG0037641		
OG0037642		
OG0037643		
OG0037644		
OG0037645		
OG0037646		
OG0037647		
OG0037648		
OG0037649		
OG0037650		
OG0037651		
OG0037652		
OG0037653		
OG0037654		
OG0037655		
OG0037656		
OG0037657		
OG0037658		
OG0037659		
OG0037660		
OG0037661		
OG0037662		
OG0037663		
OG0037664		
OG0037665		
OG0037666		
OG0037667		
OG0037668		
OG0037669		
OG0037670		
OG0037671		
OG0037672		
OG0037673		
OG0037674		
OG0037675		
OG0037676		
OG0037677		
OG0037678		
OG0037679		
OG0037680		
OG0037681		
OG0037682		
OG0037683		
OG0037684		
OG0037685		
OG0037686		
OG0037687		
OG0037688		
OG0037689		
OG0037690		
OG0037691		
OG0037692		
OG0037693		
OG0037694		
OG0037695		
OG0037696		
OG0037697		
OG0037698		
OG0037699		
OG0037700		
OG0037701		
OG0037702		
OG0037703		
OG0037704		
OG0037705		
OG0037706		
OG0037707		
OG0037708		
OG0037709		
OG0037710		
OG0037711		
OG0037712		
OG0037713		
OG0037714		
OG0037715		
OG0037716		
OG0037717		
OG0037718		
OG0037719		
OG0037720		
OG0037721		
OG0037722		
OG0037723		
OG0037724		
OG0037725		
OG0037726		
OG0037727		
OG0037728		
OG0037729		
OG0037730		
OG0037731		
OG0037732		
OG0037733		
OG0037734		
OG0037735		
OG0037736		
OG0037737		
OG0037738		
OG0037739		
OG0037740		
OG0037741		
OG0037742		
OG0037743		
OG0037744		
OG0037745		
OG0037746		
OG0037747		
OG0037748		
OG0037749		
OG0037750		
OG0037751		
OG0037752		
OG0037753		
OG0037754		
OG0037755		
OG0037756		
OG0037757		
OG0037758		
OG0037759		
OG0037760		
OG0037761		
OG0037762		
OG0037763		
OG0037764		
OG0037765		
OG0037766		
OG0037767		
OG0037768		
OG0037769		
OG0037770		
OG0037771		
OG0037772		
OG0037773		
OG0037774		
OG0037775		
OG0037776		
OG0037777		
OG0037778		
OG0037779		
OG0037780		
OG0037781		
OG0037782		
OG0037783		
OG0037784		
OG0037785		
OG0037786		
OG0037787		
OG0037788		
OG0037789		
OG0037790		
OG0037791		
OG0037792		
OG0037793		
OG0037794		
OG0037795		
OG0037796		
OG0037797		
OG0037798		
OG0037799		
OG0037800		
OG0037801		
OG0037802		
OG0037803		
OG0037804		
OG0037805		
OG0037806		
OG0037807		
OG0037808		
OG0037809		
OG0037810		
OG0037811		
OG0037812		
OG0037813		
OG0037814		
OG0037815		
OG0037816		
OG0037817		
OG0037818		
OG0037819		
OG0037820		
OG0037821		
OG0037822		
OG0037823		
OG0037824		
OG0037825		
OG0037826		
OG0037827		
OG0037828		
OG0037829		
OG0037830		
OG0037831		
OG0037832		
OG0037833		
OG0037834		
OG0037835		
OG0037836		
OG0037837		
OG0037838		
OG0037839		
OG0037840		
OG0037841		
OG0037842		
OG0037843		
OG0037844		
OG0037845		
OG0037846		
OG0037847		
OG0037848		
OG0037849		
OG0037850		
OG0037851		
OG0037852		
OG0037853		
OG0037854		
OG0037855		
OG0037856		
OG0037857		
OG0037858		
OG0037859		
OG0037860		
OG0037861		
OG0037862		
OG0037863		
OG0037864		
OG0037865		
OG0037866		
OG0037867		
OG0037868		
OG0037869		
OG0037870		
OG0037871		
OG0037872		
OG0037873		
OG0037874		
OG0037875		
OG0037876		
OG0037877		
OG0037878		
OG0037879		
OG0037880		
OG0037881		
OG0037882		
OG0037883		
OG0037884		
OG0037885		
OG0037886		
OG0037887		
OG0037888		
OG0037889		
OG0037890		
OG0037891		
OG0037892		
OG0037893		
OG0037894		
OG0037895		
OG0037896		
OG0037897		
OG0037898		
OG0037899		
OG0037900		
OG0037901		
OG0037902		
OG0037903		
OG0037904		
OG0037905		
OG0037906		
OG0037907		
OG0037908		
OG0037909		
OG0037910		
OG0037911		
OG0037912		
OG0037913		
OG0037914		
OG0037915		
OG0037916		
OG0037917		
OG0037918		
OG0037919		
OG0037920		
OG0037921		
OG0037922		
OG0037923		
OG0037924		
OG0037925		
OG0037926		
OG0037927		
OG0037928		
OG0037929		
OG0037930		
OG0037931		
OG0037932		
OG0037933		
OG0037934		
OG0037935		
OG0037936		
OG0037937		
OG0037938		
OG0037939		
OG0037940		
OG0037941		
OG0037942		
OG0037943		
OG0037944		
OG0037945		
OG0037946		
OG0037947		
OG0037948		
OG0037949		
OG0037950		
OG0037951		
OG0037952		
OG0037953		
OG0037954		
OG0037955		
OG0037956		
OG0037957		
OG0037958		
OG0037959		
OG0037960		
OG0037961		
OG0037962		
OG0037963		
OG0037964		
OG0037965		
OG0037966		
OG0037967		
OG0037968		
OG0037969		
OG0037970		
OG0037971		
OG0037972		
OG0037973		
OG0037974		
OG0037975		
OG0037976		
OG0037977		
OG0037978		
OG0037979		
OG0037980		
OG0037981		
OG0037982		
OG0037983		
OG0037984		
OG0037985		
OG0037986		
OG0037987		
OG0037988		
OG0037989		
OG0037990		
OG0037991		
OG0037992		
OG0037993		
OG0037994		
OG0037995		
OG0037996		
OG0037997		
OG0037998		
OG0037999		
OG0038000		
OG0038001		
OG0038002		
OG0038003		
OG0038004		
OG0038005		
OG0038006		
OG0038007		
OG0038008		
OG0038009		
OG0038010		
OG0038011		
OG0038012		
OG0038013		
OG0038014		
OG0038015		
OG0038016		
OG0038017		
OG0038018		
OG0038019		
OG0038020		
OG0038021		
OG0038022		
OG0038023		
OG0038024		
OG0038025		
OG0038026		
OG0038027		
OG0038028		
OG0038029		
OG0038030		
OG0038031		
OG0038032		
OG0038033		
OG0038034		
OG0038035		
OG0038036		
OG0038037		
OG0038038		
OG0038039		
OG0038040		
OG0038041		
OG0038042		
OG0038043		
OG0038044		
OG0038045		
OG0038046		
OG0038047		
OG0038048		
OG0038049		
OG0038050		
OG0038051		
OG0038052		
OG0038053		
OG0038054		
OG0038055		
OG0038056		
OG0038057		
OG0038058		
OG0038059		
OG0038060		
OG0038061		
OG0038062		
OG0038063		
OG0038064		
OG0038065		
OG0038066		
OG0038067		
OG0038068		
OG0038069		
OG0038070		
OG0038071		
OG0038072		
OG0038073		
OG0038074		
OG0038075		
OG0038076		
OG0038077		
OG0038078		
OG0038079		
OG0038080		
OG0038081		
OG0038082		
OG0038083		
OG0038084		
OG0038085		
OG0038086		
OG0038087		
OG0038088		
OG0038089		
OG0038090		
OG0038091		
OG0038092		
OG0038093		
OG0038094		
OG0038095		
OG0038096		
OG0038097		
OG0038098		
OG0038099		
OG0038100		
OG0038101		
OG0038102		
OG0038103		
OG0038104		
OG0038105		
OG0038106		
OG0038107		
OG0038108		
OG0038109		
OG0038110		
OG0038111		
OG0038112		
OG0038113		
OG0038114		
OG0038115		
OG0038116		
OG0038117		
OG0038118		
OG0038119		
OG0038120		
OG0038121		
OG0038122		
OG0038123		
OG0038124		
OG0038125		
OG0038126		
OG0038127		
OG0038128		
OG0038129		
OG0038130		
OG0038131		
OG0038132		
OG0038133		
OG0038134		
OG0038135		
OG0038136		
OG0038137		
OG0038138		
OG0038139		
OG0038140		
OG0038141		
OG0038142		
OG0038143		
OG0038144		
OG0038145		
OG0038146		
OG0038147		
OG0038148		
OG0038149		
OG0038150		
OG0038151		
OG0038152		
OG0038153		
OG0038154		
OG0038155		
OG0038156		
OG0038157		
OG0038158		
OG0038159		
OG0038160		
OG0038161		
OG0038162		
OG0038163		
OG0038164		
OG0038165		
OG0038166		
OG0038167		
OG0038168		
OG0038169		
OG0038170		
OG0038171		
OG0038172		
OG0038173		
OG0038174		
OG0038175		
OG0038176		
OG0038177		
OG0038178		
OG0038179		
OG0038180		
OG0038181		
OG0038182		
OG0038183		
OG0038184		
OG0038185		
OG0038186		
OG0038187		
OG0038188		
OG0038189		
OG0038190		
OG0038191		
OG0038192		
OG0038193		
OG0038194		
OG0038195		
OG0038196		
OG0038197		
OG0038198		
OG0038199		
OG0038200		
OG0038201		
OG0038202		
OG0038203		
OG0038204		
OG0038205		
OG0038206		
OG0038207		
OG0038208		
OG0038209		
OG0038210		
OG0038211		
OG0038212		
OG0038213		
OG0038214		
OG0038215		
OG0038216		
OG0038217		
OG0038218		
OG0038219		
OG0038220		
OG0038221		
OG0038222		
OG0038223		
OG0038224		
OG0038225		
OG0038226		
OG0038227		
OG0038228		
OG0038229		
OG0038230		
OG0038231		
OG0038232		
OG0038233		
OG0038234		
OG0038235		
OG0038236		
OG0038237		
OG0038238		
OG0038239		
OG0038240		
OG0038241		
OG0038242		
OG0038243		
OG0038244		
OG0038245		
OG0038246		
OG0038247		
OG0038248		
OG0038249		
OG0038250		
OG0038251		
OG0038252		
OG0038253		
OG0038254		
OG0038255		
OG0038256		
OG0038257		
OG0038258		
OG0038259		
OG0038260		
OG0038261		
OG0038262		
OG0038263		
OG0038264		
OG0038265		
OG0038266		
OG0038267		
OG0038268		
OG0038269		
OG0038270		
OG0038271		
OG0038272		
OG0038273		
OG0038274		
OG0038275		
OG0038276		
OG0038277		
OG0038278		
OG0038279		
OG0038280		
OG0038281		
OG0038282		
OG0038283		
OG0038284		
OG0038285		
OG0038286		
OG0038287		
OG0038288		
OG0038289		
OG0038290		
OG0038291		
OG0038292		
OG0038293		
OG0038294		
OG0038295		
OG0038296		
OG0038297		
OG0038298		
OG0038299		
OG0038300		
OG0038301		
OG0038302		
OG0038303		
OG0038304		
OG0038305		
OG0038306		
OG0038307		
OG0038308		
OG0038309		
OG0038310		
OG0038311		
OG0038312		
OG0038313		
OG0038314		
OG0038315		
OG0038316		
OG0038317		
OG0038318		
OG0038319		
OG0038320		
OG0038321		
OG0038322		
OG0038323		
OG0038324		
OG0038325		
OG0038326		
OG0038327		
OG0038328		
OG0038329		
OG0038330		
OG0038331		
OG0038332		
OG0038333		
OG0038334		
OG0038335		
OG0038336		
OG0038337		
OG0038338		
OG0038339		
OG0038340		
OG0038341		
OG0038342		
OG0038343		
OG0038344		
OG0038345		
OG0038346		
OG0038347		
OG0038348		
OG0038349		
OG0038350		
OG0038351		
OG0038352		
OG0038353		
OG0038354		
OG0038355		
OG0038356		
OG0038357		
OG0038358		
OG0038359		
OG0038360		
OG0038361		
OG0038362		
OG0038363		
OG0038364		
OG0038365		
OG0038366		
OG0038367		
OG0038368		
OG0038369		
OG0038370		
OG0038371		
OG0038372		
OG0038373		
OG0038374		
OG0038375		
OG0038376		
OG0038377		
OG0038378		
OG0038379		
OG0038380		
OG0038381		
OG0038382		
OG0038383	ostta02g02180	
OG0038384		
OG0038385		
OG0038386		
OG0038387		
OG0038388		
OG0038389		
OG0038390		
OG0038391		
OG0038392		
OG0038393		
OG0038394		
OG0038395		
OG0038396		
OG0038397		
OG0038398		
OG0038399		
OG0038400		
OG0038401		
OG0038402		
OG0038403		
OG0038404		
OG0038405		
OG0038406		
OG0038407		
OG0038408		
OG0038409		
OG0038410		
OG0038411		
OG0038412		
OG0038413		
OG0038414		
OG0038415		
OG0038416		
OG0038417		
OG0038418		
OG0038419		
OG0038420		
OG0038421		
OG0038422		
OG0038423		
OG0038424		
OG0038425		
OG0038426		
OG0038427		
OG0038428		
OG0038429		
OG0038430		
OG0038431		
OG0038432		
OG0038433		
OG0038434		
OG0038435		
OG0038436		
OG0038437		
OG0038438		
OG0038439		
OG0038440		
OG0038441		
OG0038442		
OG0038443		
OG0038444		
OG0038445		
OG0038446		
OG0038447		
OG0038448		
OG0038449		
OG0038450		
OG0038451		
OG0038452		
OG0038453		
OG0038454		
OG0038455		
OG0038456		
OG0038457		
OG0038458		
OG0038459		
OG0038460		
OG0038461		
OG0038462		
OG0038463		
OG0038464		
OG0038465		
OG0038466		
OG0038467		
OG0038468		
OG0038469		
OG0038470		
OG0038471		
OG0038472		
OG0038473		
OG0038474		
OG0038475		
OG0038476		
OG0038477		
OG0038478		
OG0038479		
OG0038480		
OG0038481		
OG0038482		
OG0038483		
OG0038484		
OG0038485		
OG0038486		
OG0038487		
OG0038488		
OG0038489		
OG0038490		
OG0038491		
OG0038492		
OG0038493		
OG0038494		
OG0038495		
OG0038496		
OG0038497		
OG0038498		
OG0038499		
OG0038500		
OG0038501		
OG0038502		
OG0038503		
OG0038504		
OG0038505		
OG0038506		
OG0038507		
OG0038508		
OG0038509		
OG0038510		
OG0038511		
OG0038512		
OG0038513		
OG0038514		
OG0038515		
OG0038516		
OG0038517		
OG0038518		
OG0038519		
OG0038520		
OG0038521		
OG0038522		
OG0038523		
OG0038524		
OG0038525		
OG0038526		
OG0038527		
OG0038528		
OG0038529		
OG0038530		
OG0038531		
OG0038532		
OG0038533		
OG0038534		
OG0038535		
OG0038536		
OG0038537		
OG0038538		
OG0038539		
OG0038540		
OG0038541		
OG0038542		
OG0038543		
OG0038544		
OG0038545		
OG0038546		
OG0038547		
OG0038548		
OG0038549		
OG0038550		
OG0038551		
OG0038552		
OG0038553		
OG0038554		
OG0038555		
OG0038556		
OG0038557		
OG0038558		
OG0038559		
OG0038560		
OG0038561		
OG0038562		
OG0038563		
OG0038564		
OG0038565		
OG0038566		
OG0038567		
OG0038568		
OG0038569		
OG0038570		
OG0038571		
OG0038572		
OG0038573		
OG0038574		
OG0038575		
OG0038576		
OG0038577		
OG0038578		
OG0038579		
OG0038580		
OG0038581		
OG0038582		
OG0038583		
OG0038584		
OG0038585		
OG0038586		
OG0038587		
OG0038588		
OG0038589		
OG0038590		
OG0038591		
OG0038592		
OG0038593		
OG0038594		
OG0038595		
OG0038596		
OG0038597		
OG0038598		
OG0038599		
OG0038600		
OG0038601		
OG0038602		
OG0038603		
OG0038604		
OG0038605		
OG0038606		
OG0038607		
OG0038608		
OG0038609		
OG0038610		
OG0038611		
OG0038612		
OG0038613		
OG0038614		
OG0038615		
OG0038616		
OG0038617		
OG0038618		
OG0038619		
OG0038620		
OG0038621		
OG0038622		
OG0038623		
OG0038624		
OG0038625		
OG0038626		
OG0038627		
OG0038628		
OG0038629		
OG0038630		
OG0038631		
OG0038632		
OG0038633		
OG0038634		
OG0038635		
OG0038636		
OG0038637		
OG0038638		
OG0038639		
OG0038640		
OG0038641		
OG0038642		
OG0038643		
OG0038644		
OG0038645		
OG0038646		
OG0038647		
OG0038648		
OG0038649		
OG0038650		
OG0038651		
OG0038652		
OG0038653		
OG0038654		
OG0038655		
OG0038656		
OG0038657		
OG0038658		
OG0038659		
OG0038660		
OG0038661		
OG0038662		
OG0038663		
OG0038664		
OG0038665		
OG0038666		
OG0038667		
OG0038668		
OG0038669		
OG0038670		
OG0038671		
OG0038672		
OG0038673		
OG0038674		
OG0038675		
OG0038676		
OG0038677		
OG0038678		
OG0038679		
OG0038680		
OG0038681		
OG0038682		
OG0038683		
OG0038684		
OG0038685		
OG0038686		
OG0038687		
OG0038688		
OG0038689		
OG0038690		
OG0038691		
OG0038692		
OG0038693		
OG0038694		
OG0038695		
OG0038696		
OG0038697		
OG0038698		
OG0038699		
OG0038700		
OG0038701		
OG0038702		
OG0038703		
OG0038704		
OG0038705		
OG0038706		
OG0038707		
OG0038708		
OG0038709		
OG0038710		
OG0038711		
OG0038712		
OG0038713		
OG0038714		
OG0038715		
OG0038716		
OG0038717		
OG0038718		
OG0038719		
OG0038720		
OG0038721		
OG0038722		
OG0038723		
OG0038724		
OG0038725		
OG0038726		
OG0038727		
OG0038728		
OG0038729		
OG0038730		
OG0038731		
OG0038732		
OG0038733		
OG0038734		
OG0038735		
OG0038736		
OG0038737		
OG0038738		
OG0038739		
OG0038740		
OG0038741		
OG0038742		
OG0038743		
OG0038744		
OG0038745		
OG0038746		
OG0038747		
OG0038748		
OG0038749		
OG0038750		
OG0038751		
OG0038752		
OG0038753		
OG0038754		
OG0038755		
OG0038756		
OG0038757		
OG0038758		
OG0038759		
OG0038760		
OG0038761		
OG0038762		
OG0038763		
OG0038764		
OG0038765		
OG0038766		
OG0038767		
OG0038768		
OG0038769		
OG0038770		
OG0038771		
OG0038772		
OG0038773		
OG0038774		
OG0038775		
OG0038776		
OG0038777		
OG0038778		
OG0038779		
OG0038780		
OG0038781		
OG0038782		
OG0038783		
OG0038784		
OG0038785		
OG0038786		
OG0038787		
OG0038788		
OG0038789		
OG0038790		
OG0038791		
OG0038792		
OG0038793		
OG0038794		
OG0038795		
OG0038796		
OG0038797		
OG0038798		
OG0038799		
OG0038800		
OG0038801		
OG0038802		
OG0038803		
OG0038804		
OG0038805		
OG0038806		
OG0038807		
OG0038808		
OG0038809		
OG0038810		
OG0038811		
OG0038812		
OG0038813		
OG0038814		
OG0038815		
OG0038816		
OG0038817		
OG0038818		
OG0038819		
OG0038820		
OG0038821		
OG0038822		
OG0038823		
OG0038824		
OG0038825		
OG0038826		
OG0038827		
OG0038828		
OG0038829		
OG0038830		
OG0038831		
OG0038832		
OG0038833		
OG0038834		
OG0038835		
OG0038836		
OG0038837		
OG0038838		
OG0038839		
OG0038840		
OG0038841		
OG0038842		
OG0038843		
OG0038844		
OG0038845		
OG0038846		
OG0038847		
OG0038848		
OG0038849		
OG0038850		
OG0038851		
OG0038852		
OG0038853		
OG0038854		
OG0038855		
OG0038856		
OG0038857		
OG0038858		
OG0038859		
OG0038860		
OG0038861		
OG0038862		
OG0038863		
OG0038864		
OG0038865		
OG0038866		
OG0038867		
OG0038868		
OG0038869		
OG0038870		
OG0038871		
OG0038872		
OG0038873		
OG0038874		
OG0038875		
OG0038876		
OG0038877		
OG0038878		
OG0038879		
OG0038880		
OG0038881		
OG0038882		
OG0038883		
OG0038884		
OG0038885		
OG0038886		
OG0038887		
OG0038888		
OG0038889		
OG0038890		
OG0038891		
OG0038892		
OG0038893		
OG0038894		
OG0038895		
OG0038896		
OG0038897		
OG0038898		
OG0038899		
OG0038900		
OG0038901		
OG0038902		
OG0038903		
OG0038904		
OG0038905		
OG0038906		
OG0038907		
OG0038908		
OG0038909		
OG0038910		
OG0038911		
OG0038912		
OG0038913		
OG0038914		
OG0038915		
OG0038916		
OG0038917		
OG0038918		
OG0038919		
OG0038920		
OG0038921		
OG0038922		
OG0038923		
OG0038924		
OG0038925		
OG0038926		
OG0038927		
OG0038928		
OG0038929		
OG0038930		
OG0038931		
OG0038932		
OG0038933		
OG0038934		
OG0038935		
OG0038936		
OG0038937		
OG0038938		
OG0038939		
OG0038940		
OG0038941		
OG0038942		
OG0038943		
OG0038944		
OG0038945		
OG0038946		
OG0038947		
OG0038948		
OG0038949		
OG0038950		
OG0038951		
OG0038952		
OG0038953		
OG0038954		
OG0038955		
OG0038956		
OG0038957		
OG0038958		
OG0038959		
OG0038960		
OG0038961		
OG0038962		
OG0038963		
OG0038964		
OG0038965		
OG0038966		
OG0038967		
OG0038968		
OG0038969		
OG0038970		
OG0038971		
OG0038972		
OG0038973		
OG0038974		
OG0038975		
OG0038976		
OG0038977		
OG0038978		
OG0038979		
OG0038980		
OG0038981		
OG0038982		
OG0038983		
OG0038984		
OG0038985		
OG0038986		
OG0038987		
OG0038988		
OG0038989		
OG0038990		
OG0038991		
OG0038992		
OG0038993		
OG0038994		
OG0038995		
OG0038996		
OG0038997		
OG0038998		
OG0038999		
OG0039000		
OG0039001		
OG0039002		
OG0039003		
OG0039004		
OG0039005		
OG0039006		
OG0039007		
OG0039008		
OG0039009		
OG0039010		
OG0039011		
OG0039012		
OG0039013		
OG0039014		
OG0039015		
OG0039016		
OG0039017		
OG0039018		
OG0039019		
OG0039020		
OG0039021		
OG0039022		
OG0039023		
OG0039024		
OG0039025		
OG0039026		
OG0039027		
OG0039028		
OG0039029		
OG0039030		
OG0039031		
OG0039032		
OG0039033		
OG0039034		
OG0039035		
OG0039036		
OG0039037		
OG0039038		
OG0039039		
OG0039040		
OG0039041		
OG0039042		
OG0039043		
OG0039044		
OG0039045		
OG0039046		
OG0039047		
OG0039048		
OG0039049		
OG0039050		
OG0039051		
OG0039052		
OG0039053		
OG0039054		
OG0039055		
OG0039056		
OG0039057		
OG0039058		
OG0039059		
OG0039060		
OG0039061		
OG0039062		
OG0039063		
OG0039064		
OG0039065		
OG0039066		
OG0039067		
OG0039068		
OG0039069		
OG0039070		
OG0039071		
OG0039072		
OG0039073		
OG0039074		
OG0039075		
OG0039076		
OG0039077		
OG0039078		
OG0039079		
OG0039080		
OG0039081		
OG0039082		
OG0039083		
OG0039084		
OG0039085		
OG0039086		
OG0039087		
OG0039088		
OG0039089		
OG0039090		
OG0039091		
OG0039092		
OG0039093		
OG0039094		
OG0039095		
OG0039096		
OG0039097		
OG0039098		
OG0039099		
OG0039100		
OG0039101		
OG0039102		
OG0039103		
OG0039104		
OG0039105		
OG0039106		
OG0039107		
OG0039108		
OG0039109		
OG0039110		
OG0039111		
OG0039112		
OG0039113		
OG0039114		
OG0039115		
OG0039116		
OG0039117		
OG0039118		
OG0039119		
OG0039120		
OG0039121		
OG0039122		
OG0039123		
OG0039124		
OG0039125		
OG0039126		
OG0039127		
OG0039128		
OG0039129		
OG0039130		
OG0039131		
OG0039132		
OG0039133		
OG0039134		
OG0039135		
OG0039136		
OG0039137		
OG0039138		
OG0039139		
OG0039140		
OG0039141		
OG0039142		
OG0039143		
OG0039144		
OG0039145		
OG0039146		
OG0039147		
OG0039148		
OG0039149		
OG0039150		
OG0039151		
OG0039152		
OG0039153		
OG0039154		
OG0039155		
OG0039156		
OG0039157		
OG0039158		
OG0039159		
OG0039160		
OG0039161		
OG0039162		
OG0039163		
OG0039164		
OG0039165		
OG0039166		
OG0039167		
OG0039168		
OG0039169		
OG0039170		
OG0039171		
OG0039172		
OG0039173		
OG0039174		
OG0039175		
OG0039176		
OG0039177		
OG0039178		
OG0039179		
OG0039180		
OG0039181		
OG0039182		
OG0039183		
OG0039184		
OG0039185		
OG0039186		
OG0039187		
OG0039188		
OG0039189		
OG0039190		
OG0039191		
OG0039192		
OG0039193		
OG0039194		
OG0039195		
OG0039196		
OG0039197		
OG0039198		
OG0039199		
OG0039200		
OG0039201		
OG0039202		
OG0039203		
OG0039204		
OG0039205		
OG0039206		
OG0039207		
OG0039208		
OG0039209		
OG0039210		
OG0039211		
OG0039212		
OG0039213		
OG0039214		
OG0039215		
OG0039216		
OG0039217		
OG0039218		
OG0039219		
OG0039220		
OG0039221		
OG0039222		
OG0039223		
OG0039224		
OG0039225		
OG0039226		
OG0039227		
OG0039228		
OG0039229		
OG0039230		
OG0039231		
OG0039232		
OG0039233		
OG0039234		
OG0039235		
OG0039236		
OG0039237		
OG0039238		
OG0039239		
OG0039240		
OG0039241		
OG0039242		
OG0039243		
OG0039244		
OG0039245		
OG0039246		
OG0039247		
OG0039248		
OG0039249		
OG0039250		
OG0039251		
OG0039252		
OG0039253		
OG0039254		
OG0039255		
OG0039256		
OG0039257		
OG0039258		
OG0039259		
OG0039260		
OG0039261		
OG0039262		
OG0039263		
OG0039264		
OG0039265		
OG0039266		
OG0039267		
OG0039268		
OG0039269		
OG0039270		
OG0039271		
OG0039272		
OG0039273		
OG0039274		
OG0039275		
OG0039276		
OG0039277		
OG0039278		
OG0039279		
OG0039280		
OG0039281		
OG0039282		
OG0039283		
OG0039284		
OG0039285		
OG0039286		
OG0039287		
OG0039288		
OG0039289		
OG0039290		
OG0039291		
OG0039292		
OG0039293		
OG0039294		
OG0039295		
OG0039296		
OG0039297		
OG0039298		
OG0039299		
OG0039300		
OG0039301		
OG0039302		
OG0039303		
OG0039304		
OG0039305		
OG0039306		
OG0039307		
OG0039308		
OG0039309		
OG0039310		
OG0039311		
OG0039312		
OG0039313		
OG0039314		
OG0039315		
OG0039316		
OG0039317		
OG0039318		
OG0039319		
OG0039320		
OG0039321		
OG0039322		
OG0039323		
OG0039324		
OG0039325		
OG0039326		
OG0039327		
OG0039328		
OG0039329		
OG0039330		
OG0039331		
OG0039332		
OG0039333		
OG0039334		
OG0039335		
OG0039336		
OG0039337		
OG0039338		
OG0039339		
OG0039340		
OG0039341		
OG0039342		
OG0039343		
OG0039344		
OG0039345		
OG0039346		
OG0039347		
OG0039348		
OG0039349		
OG0039350		
OG0039351		
OG0039352		
OG0039353		
OG0039354		
OG0039355		
OG0039356		
OG0039357		
OG0039358		
OG0039359		
OG0039360		
OG0039361		
OG0039362		
OG0039363		
OG0039364		
OG0039365		
OG0039366		
OG0039367		
OG0039368		
OG0039369		
OG0039370		
OG0039371		
OG0039372		
OG0039373		
OG0039374		
OG0039375		
OG0039376		
OG0039377		
OG0039378		
OG0039379		
OG0039380		
OG0039381		
OG0039382		
OG0039383		
OG0039384		
OG0039385		
OG0039386		
OG0039387		
OG0039388		
OG0039389		
OG0039390		
OG0039391		
OG0039392		
OG0039393		
OG0039394		
OG0039395		
OG0039396		
OG0039397		
OG0039398		
OG0039399		
OG0039400		
OG0039401		
OG0039402		
OG0039403		
OG0039404		
OG0039405		
OG0039406		
OG0039407		
OG0039408		
OG0039409		
OG0039410		
OG0039411		
OG0039412		
OG0039413		
OG0039414		
OG0039415		
OG0039416		
OG0039417		
OG0039418		
OG0039419		
OG0039420		
OG0039421		
OG0039422		
OG0039423		
OG0039424		
OG0039425		
OG0039426		
OG0039427		
OG0039428		
OG0039429		
OG0039430		
OG0039431		
OG0039432		
OG0039433		
OG0039434		
OG0039435		
OG0039436		
OG0039437		
OG0039438		
OG0039439		
OG0039440		
OG0039441		
OG0039442		
OG0039443		
OG0039444		
OG0039445		
OG0039446		
OG0039447		
OG0039448		
OG0039449		
OG0039450		
OG0039451		
OG0039452		
OG0039453		
OG0039454		
OG0039455		
OG0039456		
OG0039457		
OG0039458		
OG0039459		
OG0039460		
OG0039461		
OG0039462		
OG0039463		
OG0039464		
OG0039465		
OG0039466		
OG0039467		
OG0039468		
OG0039469		
OG0039470		
OG0039471		
OG0039472		
OG0039473		
OG0039474		
OG0039475		
OG0039476		
OG0039477		
OG0039478		
OG0039479		
OG0039480		
OG0039481		
OG0039482		
OG0039483		
OG0039484		
OG0039485		
OG0039486		
OG0039487		
OG0039488		
OG0039489		
OG0039490		
OG0039491		
OG0039492		
OG0039493		
OG0039494		
OG0039495		
OG0039496		
OG0039497		
OG0039498		
OG0039499		
OG0039500		
OG0039501		
OG0039502		
OG0039503		
OG0039504		
OG0039505		
OG0039506		
OG0039507		
OG0039508		
OG0039509		
OG0039510		
OG0039511		
OG0039512		
OG0039513		
OG0039514		
OG0039515		
OG0039516		
OG0039517		
OG0039518		
OG0039519		
OG0039520		
OG0039521		
OG0039522		
OG0039523		
OG0039524		
OG0039525		
OG0039526		
OG0039527		
OG0039528		
OG0039529		
OG0039530		
OG0039531		
OG0039532		
OG0039533		
OG0039534		
OG0039535		
OG0039536		
OG0039537		
OG0039538		
OG0039539		
OG0039540		
OG0039541		
OG0039542		
OG0039543		
OG0039544		
OG0039545		
OG0039546		
OG0039547		
OG0039548		
OG0039549		
OG0039550		
OG0039551		
OG0039552		
OG0039553		
OG0039554		
OG0039555		
OG0039556		
OG0039557		
OG0039558		
OG0039559		
OG0039560		
OG0039561		
OG0039562		
OG0039563		
OG0039564		
OG0039565		
OG0039566		
OG0039567		
OG0039568		
OG0039569		
OG0039570		
OG0039571		
OG0039572		
OG0039573		
OG0039574		
OG0039575		
OG0039576		
OG0039577		
OG0039578		
OG0039579		
OG0039580		
OG0039581		
OG0039582		
OG0039583		
OG0039584		
OG0039585		
OG0039586		
OG0039587		
OG0039588		
OG0039589		
OG0039590		
OG0039591		
OG0039592		
OG0039593		
OG0039594		
OG0039595		
OG0039596		
OG0039597		
OG0039598		
OG0039599		
OG0039600		
OG0039601		
OG0039602		
OG0039603		
OG0039604		
OG0039605		
OG0039606		
OG0039607		
OG0039608		
OG0039609		
OG0039610		
OG0039611		
OG0039612		
OG0039613		
OG0039614		
OG0039615		
OG0039616		
OG0039617		
OG0039618		
OG0039619		
OG0039620		
OG0039621		
OG0039622		
OG0039623		
OG0039624		
OG0039625		
OG0039626		
OG0039627		
OG0039628		
OG0039629		
OG0039630		
OG0039631		
OG0039632		
OG0039633		
OG0039634		
OG0039635		
OG0039636		
OG0039637		
OG0039638		
OG0039639		
OG0039640		
OG0039641		
OG0039642		
OG0039643		
OG0039644		
OG0039645		
OG0039646		
OG0039647		
OG0039648		
OG0039649		
OG0039650		
OG0039651		
OG0039652		
OG0039653		
OG0039654		
OG0039655		
OG0039656		
OG0039657		
OG0039658		
OG0039659		
OG0039660		
OG0039661		
OG0039662		
OG0039663		
OG0039664		
OG0039665		
OG0039666		
OG0039667		
OG0039668		
OG0039669		
OG0039670		
OG0039671		
OG0039672		
OG0039673		
OG0039674		
OG0039675		
OG0039676		
OG0039677		
OG0039678		
OG0039679		
OG0039680		
OG0039681		
OG0039682		
OG0039683		
OG0039684		
OG0039685		
OG0039686		
OG0039687		
OG0039688		
OG0039689		
OG0039690		
OG0039691		
OG0039692		
OG0039693		
OG0039694		
OG0039695		
OG0039696		
OG0039697		
OG0039698		
OG0039699		
OG0039700		
OG0039701		
OG0039702		
OG0039703		
OG0039704		
OG0039705		
OG0039706		
OG0039707		
OG0039708		
OG0039709		
OG0039710		
OG0039711		
OG0039712		
OG0039713		
OG0039714		
OG0039715		
OG0039716		
OG0039717		
OG0039718		
OG0039719		
OG0039720		
OG0039721		
OG0039722		
OG0039723		
OG0039724		
OG0039725		
OG0039726		
OG0039727		
OG0039728		
OG0039729		
OG0039730		
OG0039731		
OG0039732		
OG0039733		
OG0039734		
OG0039735		
OG0039736		
OG0039737		
OG0039738		
OG0039739		
OG0039740		
OG0039741		
OG0039742		
OG0039743		
OG0039744		
OG0039745		
OG0039746		
OG0039747		
OG0039748		
OG0039749		
OG0039750		
OG0039751		
OG0039752		
OG0039753		
OG0039754		
OG0039755		
OG0039756		
OG0039757		
OG0039758		
OG0039759		
OG0039760		
OG0039761		
OG0039762		
OG0039763		
OG0039764		
OG0039765		
OG0039766		
OG0039767		
OG0039768		
OG0039769		
OG0039770		
OG0039771		
OG0039772		
OG0039773		
OG0039774		
OG0039775		
OG0039776		
OG0039777		
OG0039778		
OG0039779		
OG0039780		
OG0039781		
OG0039782		
OG0039783		
OG0039784		
OG0039785		
OG0039786		
OG0039787		
OG0039788		
OG0039789		
OG0039790		
OG0039791		
OG0039792		
OG0039793		
OG0039794		
OG0039795		
OG0039796		
OG0039797		
OG0039798		
OG0039799		
OG0039800		
OG0039801		
OG0039802		
OG0039803		
OG0039804		
OG0039805		
OG0039806		
OG0039807		
OG0039808		
OG0039809		
OG0039810		
OG0039811		
OG0039812		
OG0039813		
OG0039814		
OG0039815		
OG0039816		
OG0039817		
OG0039818		
OG0039819		
OG0039820		
OG0039821		
OG0039822		
OG0039823		
OG0039824		
OG0039825		
OG0039826		
OG0039827		
OG0039828		
OG0039829		
OG0039830		
OG0039831		
OG0039832		
OG0039833		
OG0039834		
OG0039835		
OG0039836		
OG0039837		
OG0039838		
OG0039839		
OG0039840		
OG0039841		
OG0039842		
OG0039843		
OG0039844		
OG0039845		
OG0039846		
OG0039847		
OG0039848		
OG0039849		
OG0039850		
OG0039851		
OG0039852		
OG0039853		
OG0039854		
OG0039855		
OG0039856		
OG0039857		
OG0039858		
OG0039859		
OG0039860		
OG0039861		
OG0039862		
OG0039863		
OG0039864		
OG0039865		
OG0039866		
OG0039867		
OG0039868		
OG0039869		
OG0039870		
OG0039871		
OG0039872		
OG0039873		
OG0039874		
OG0039875		
OG0039876		
OG0039877		
OG0039878		
OG0039879		
OG0039880		
OG0039881		
OG0039882		
OG0039883		
OG0039884		
OG0039885		
OG0039886		
OG0039887		
OG0039888		
OG0039889		
OG0039890		
OG0039891		
OG0039892		
OG0039893		
OG0039894		
OG0039895		
OG0039896		
OG0039897		
OG0039898		
OG0039899		
OG0039900		
OG0039901		
OG0039902		
OG0039903		
OG0039904		
OG0039905		
OG0039906		
OG0039907		
OG0039908		
OG0039909		
OG0039910		
OG0039911		
OG0039912		
OG0039913		
OG0039914		
OG0039915		
OG0039916		
OG0039917		
OG0039918		
OG0039919		
OG0039920		
OG0039921		
OG0039922		
OG0039923		
OG0039924		
OG0039925		
OG0039926		
OG0039927		
OG0039928		
OG0039929		
OG0039930		
OG0039931		
OG0039932		
OG0039933		
OG0039934		
OG0039935		
OG0039936		
OG0039937		
OG0039938		
OG0039939		
OG0039940		
OG0039941		
OG0039942		
OG0039943		
OG0039944		
OG0039945		
OG0039946		
OG0039947		
OG0039948		
OG0039949		
OG0039950		
OG0039951		
OG0039952		
OG0039953		
OG0039954		
OG0039955		
OG0039956		
OG0039957		
OG0039958		
OG0039959		
OG0039960		
OG0039961		
OG0039962		
OG0039963		
OG0039964		
OG0039965		
OG0039966		
OG0039967		
OG0039968		
OG0039969		
OG0039970		
OG0039971		
OG0039972		
OG0039973		
OG0039974		
OG0039975		
OG0039976		
OG0039977		
OG0039978		
OG0039979		
OG0039980		
OG0039981		
OG0039982		
OG0039983		
OG0039984		
OG0039985		
OG0039986		
OG0039987		
OG0039988		
OG0039989		
OG0039990		
OG0039991		
OG0039992		
OG0039993		
OG0039994		
OG0039995		
OG0039996		
OG0039997		
OG0039998		
OG0039999		
OG0040000		
OG0040001		
OG0040002		
OG0040003		
OG0040004		
OG0040005		
OG0040006		
OG0040007		
OG0040008		
OG0040009		
OG0040010		
OG0040011		
OG0040012		
OG0040013		
OG0040014		
OG0040015		
OG0040016		
OG0040017		
OG0040018		
OG0040019		
OG0040020		
OG0040021		
OG0040022		
OG0040023		
OG0040024		
OG0040025		
OG0040026		
OG0040027		
OG0040028		
OG0040029		
OG0040030		
OG0040031		
OG0040032		
OG0040033		
OG0040034		
OG0040035		
OG0040036		
OG0040037		
OG0040038		
OG0040039		
OG0040040		
OG0040041		
OG0040042		
OG0040043		
OG0040044		
OG0040045		
OG0040046		
OG0040047		
OG0040048		
OG0040049		
OG0040050		
OG0040051		
OG0040052		
OG0040053		
OG0040054		
OG0040055		
OG0040056		
OG0040057		
OG0040058		
OG0040059		
OG0040060		
OG0040061		
OG0040062		
OG0040063		
OG0040064		
OG0040065		
OG0040066		
OG0040067		
OG0040068		
OG0040069		
OG0040070		
OG0040071		
OG0040072		
OG0040073		
OG0040074		
OG0040075		
OG0040076		
OG0040077		
OG0040078		
OG0040079		
OG0040080		
OG0040081		
OG0040082		
OG0040083		
OG0040084		
OG0040085		
OG0040086		
OG0040087		
OG0040088		
OG0040089		
OG0040090		
OG0040091		
OG0040092		
OG0040093		
OG0040094		
OG0040095		
OG0040096		
OG0040097		
OG0040098		
OG0040099		
OG0040100		
OG0040101		
OG0040102		
OG0040103		
OG0040104		
OG0040105		
OG0040106		
OG0040107		
OG0040108		
OG0040109		
OG0040110		
OG0040111		
OG0040112		
OG0040113		
OG0040114		
OG0040115		
OG0040116		
OG0040117		
OG0040118		
OG0040119		
OG0040120		
OG0040121		
OG0040122		
OG0040123		
OG0040124		
OG0040125		
OG0040126		
OG0040127		
OG0040128		
OG0040129		
OG0040130		
OG0040131		
OG0040132		
OG0040133		
OG0040134		
OG0040135		
OG0040136		
OG0040137		
OG0040138		
OG0040139		
OG0040140		
OG0040141		
OG0040142		
OG0040143		
OG0040144		
OG0040145		
OG0040146		
OG0040147		
OG0040148		
OG0040149		
OG0040150		
OG0040151		
OG0040152		
OG0040153		
OG0040154		
OG0040155		
OG0040156		
OG0040157		
OG0040158		
OG0040159		
OG0040160		
OG0040161		
OG0040162		
OG0040163		
OG0040164		
OG0040165		
OG0040166		
OG0040167		
OG0040168		
OG0040169		
OG0040170		
OG0040171		
OG0040172		
OG0040173		
OG0040174		
OG0040175		
OG0040176		
OG0040177		
OG0040178		
OG0040179	ostta03g00410	
OG0040180		
OG0040181		
OG0040182		
OG0040183		
OG0040184		
OG0040185		
OG0040186		
OG0040187		
OG0040188		
OG0040189		
OG0040190		
OG0040191		
OG0040192		
OG0040193		
OG0040194		
OG0040195		
OG0040196		
OG0040197		
OG0040198		
OG0040199		
OG0040200		
OG0040201		
OG0040202		
OG0040203		
OG0040204		
OG0040205		
OG0040206		
OG0040207		
OG0040208		
OG0040209		
OG0040210		
OG0040211		
OG0040212		
OG0040213		
OG0040214		
OG0040215		
OG0040216		
OG0040217		
OG0040218		
OG0040219		
OG0040220		
OG0040221		
OG0040222		
OG0040223		
OG0040224		
OG0040225		
OG0040226		
OG0040227		
OG0040228		
OG0040229		
OG0040230		
OG0040231		
OG0040232		
OG0040233		
OG0040234		
OG0040235		
OG0040236		
OG0040237		
OG0040238		
OG0040239		
OG0040240		
OG0040241		
OG0040242		
OG0040243		
OG0040244		
OG0040245		
OG0040246		
OG0040247		
OG0040248		
OG0040249		
OG0040250		
OG0040251		
OG0040252		
OG0040253		
OG0040254		
OG0040255		
OG0040256		
OG0040257		
OG0040258		
OG0040259		
OG0040260		
OG0040261		
OG0040262		
OG0040263		
OG0040264		
OG0040265		
OG0040266		
OG0040267		
OG0040268		
OG0040269		
OG0040270		
OG0040271		
OG0040272		
OG0040273		
OG0040274		
OG0040275		
OG0040276		
OG0040277		
OG0040278		
OG0040279		
OG0040280		
OG0040281		
OG0040282		
OG0040283		
OG0040284		
OG0040285		
OG0040286		
OG0040287		
OG0040288		
OG0040289		
OG0040290		
OG0040291		
OG0040292		
OG0040293		
OG0040294		
OG0040295		
OG0040296		
OG0040297		
OG0040298		
OG0040299		
OG0040300		
OG0040301		
OG0040302		
OG0040303		
OG0040304		
OG0040305		
OG0040306		
OG0040307		
OG0040308		
OG0040309		
OG0040310		
OG0040311		
OG0040312		
OG0040313		
OG0040314		
OG0040315		
OG0040316		
OG0040317		
OG0040318		
OG0040319		
OG0040320		
OG0040321		
OG0040322		
OG0040323		
OG0040324		
OG0040325		
OG0040326		
OG0040327		
OG0040328		
OG0040329		
OG0040330		
OG0040331		
OG0040332		
OG0040333		
OG0040334		
OG0040335		
OG0040336		
OG0040337		
OG0040338		
OG0040339		
OG0040340		
OG0040341		
OG0040342		
OG0040343		
OG0040344		
OG0040345		
OG0040346		
OG0040347		
OG0040348		
OG0040349		
OG0040350		
OG0040351		
OG0040352		
OG0040353		
OG0040354		
OG0040355		
OG0040356		
OG0040357		
OG0040358		
OG0040359		
OG0040360		
OG0040361		
OG0040362		
OG0040363		
OG0040364		
OG0040365		
OG0040366		
OG0040367		
OG0040368		
OG0040369		
OG0040370		
OG0040371		
OG0040372		
OG0040373		
OG0040374		
OG0040375		
OG0040376		
OG0040377		
OG0040378		
OG0040379		
OG0040380		
OG0040381		
OG0040382		
OG0040383		
OG0040384		
OG0040385		
OG0040386		
OG0040387		
OG0040388		
OG0040389		
OG0040390		
OG0040391		
OG0040392		
OG0040393		
OG0040394		
OG0040395		
OG0040396		
OG0040397		
OG0040398		
OG0040399		
OG0040400		
OG0040401		
OG0040402		
OG0040403		
OG0040404		
OG0040405		
OG0040406		
OG0040407		
OG0040408		
OG0040409		
OG0040410		
OG0040411		
OG0040412		
OG0040413		
OG0040414		
OG0040415		
OG0040416		
OG0040417		
OG0040418		
OG0040419		
OG0040420		
OG0040421		
OG0040422		
OG0040423		
OG0040424		
OG0040425		
OG0040426		
OG0040427		
OG0040428		
OG0040429		
OG0040430		
OG0040431		
OG0040432		
OG0040433		
OG0040434		
OG0040435		
OG0040436		
OG0040437		
OG0040438		
OG0040439		
OG0040440		
OG0040441		
OG0040442		
OG0040443		
OG0040444		
OG0040445		
OG0040446		
OG0040447		
OG0040448		
OG0040449		
OG0040450		
OG0040451		
OG0040452		
OG0040453		
OG0040454		
OG0040455		
OG0040456		
OG0040457		
OG0040458		
OG0040459		
OG0040460		
OG0040461		
OG0040462		
OG0040463		
OG0040464		
OG0040465		
OG0040466		
OG0040467		
OG0040468		
OG0040469		
OG0040470		
OG0040471		
OG0040472		
OG0040473		
OG0040474		
OG0040475		
OG0040476		
OG0040477		
OG0040478		
OG0040479		
OG0040480		
OG0040481		
OG0040482		
OG0040483		
OG0040484		
OG0040485		
OG0040486		
OG0040487		
OG0040488		
OG0040489		
OG0040490		
OG0040491		
OG0040492		
OG0040493		
OG0040494		
OG0040495		
OG0040496		
OG0040497		
OG0040498		
OG0040499		
OG0040500		
OG0040501		
OG0040502		
OG0040503		
OG0040504		
OG0040505		
OG0040506		
OG0040507		
OG0040508		
OG0040509		
OG0040510		
OG0040511		
OG0040512		
OG0040513		
OG0040514		
OG0040515		
OG0040516		
OG0040517		
OG0040518		
OG0040519		
OG0040520		
OG0040521		
OG0040522		
OG0040523		
OG0040524		
OG0040525		
OG0040526		
OG0040527		
OG0040528		
OG0040529		
OG0040530		
OG0040531		
OG0040532		
OG0040533		
OG0040534		
OG0040535		
OG0040536		
OG0040537		
OG0040538		
OG0040539		
OG0040540		
OG0040541		
OG0040542		
OG0040543		
OG0040544		
OG0040545		
OG0040546		
OG0040547		
OG0040548		
OG0040549		
OG0040550		
OG0040551		
OG0040552		
OG0040553		
OG0040554		
OG0040555		
OG0040556		
OG0040557		
OG0040558		
OG0040559		
OG0040560		
OG0040561		
OG0040562		
OG0040563		
OG0040564		
OG0040565		
OG0040566		
OG0040567		
OG0040568		
OG0040569		
OG0040570		
OG0040571		
OG0040572		
OG0040573		
OG0040574		
OG0040575		
OG0040576		
OG0040577		
OG0040578		
OG0040579		
OG0040580		
OG0040581		
OG0040582		
OG0040583		
OG0040584		
OG0040585		
OG0040586		
OG0040587		
OG0040588		
OG0040589		
OG0040590		
OG0040591		
OG0040592		
OG0040593		
OG0040594		
OG0040595		
OG0040596		
OG0040597		
OG0040598		
OG0040599		
OG0040600		
OG0040601		
OG0040602		
OG0040603		
OG0040604		
OG0040605		
OG0040606		
OG0040607		
OG0040608		
OG0040609		
OG0040610		
OG0040611		
OG0040612		
OG0040613		
OG0040614		
OG0040615		
OG0040616		
OG0040617		
OG0040618		
OG0040619		
OG0040620		
OG0040621		
OG0040622		
OG0040623		
OG0040624		
OG0040625		
OG0040626		
OG0040627		
OG0040628		
OG0040629		
OG0040630		
OG0040631		
OG0040632		
OG0040633		
OG0040634		
OG0040635		
OG0040636		
OG0040637		
OG0040638		
OG0040639		
OG0040640		
OG0040641		
OG0040642		
OG0040643		
OG0040644		
OG0040645		
OG0040646		
OG0040647		
OG0040648		
OG0040649		
OG0040650		
OG0040651		
OG0040652		
OG0040653		
OG0040654		
OG0040655		
OG0040656		
OG0040657		
OG0040658		
OG0040659		
OG0040660		
OG0040661		
OG0040662		
OG0040663		
OG0040664		
OG0040665		
OG0040666		
OG0040667		
OG0040668		
OG0040669		
OG0040670		
OG0040671		
OG0040672		
OG0040673		
OG0040674		
OG0040675		
OG0040676		
OG0040677		
OG0040678		
OG0040679		
OG0040680		
OG0040681		
OG0040682		
OG0040683		
OG0040684		
OG0040685		
OG0040686		
OG0040687		
OG0040688		
OG0040689		
OG0040690		
OG0040691		
OG0040692		
OG0040693		
OG0040694		
OG0040695		
OG0040696		
OG0040697		
OG0040698		
OG0040699		
OG0040700		
OG0040701		
OG0040702		
OG0040703		
OG0040704		
OG0040705		
OG0040706		
OG0040707		
OG0040708		
OG0040709		
OG0040710		
OG0040711		
OG0040712		
OG0040713		
OG0040714		
OG0040715		
OG0040716		
OG0040717		
OG0040718		
OG0040719		
OG0040720		
OG0040721		
OG0040722		
OG0040723		
OG0040724		
OG0040725		
OG0040726		
OG0040727		
OG0040728		
OG0040729		
OG0040730		
OG0040731		
OG0040732		
OG0040733		
OG0040734		
OG0040735		
OG0040736		
OG0040737		
OG0040738		
OG0040739		
OG0040740		
OG0040741		
OG0040742		
OG0040743		
OG0040744		
OG0040745		
OG0040746		
OG0040747		
OG0040748		
OG0040749		
OG0040750		
OG0040751		
OG0040752		
OG0040753		
OG0040754		
OG0040755		
OG0040756		
OG0040757		
OG0040758		
OG0040759		
OG0040760		
OG0040761		
OG0040762		
OG0040763		
OG0040764		
OG0040765		
OG0040766		
OG0040767		
OG0040768		
OG0040769		
OG0040770		
OG0040771		
OG0040772		
OG0040773		
OG0040774		
OG0040775		
OG0040776		
OG0040777		
OG0040778		
OG0040779		
OG0040780		
OG0040781		
OG0040782		
OG0040783		
OG0040784		
OG0040785		
OG0040786		
OG0040787		
OG0040788		
OG0040789		
OG0040790		
OG0040791		
OG0040792		
OG0040793		
OG0040794		
OG0040795		
OG0040796		
OG0040797		
OG0040798		
OG0040799		
OG0040800		
OG0040801		
OG0040802		
OG0040803		
OG0040804		
OG0040805		
OG0040806		
OG0040807		
OG0040808		
OG0040809		
OG0040810		
OG0040811		
OG0040812		
OG0040813		
OG0040814		
OG0040815		
OG0040816		
OG0040817		
OG0040818		
OG0040819		
OG0040820		
OG0040821		
OG0040822		
OG0040823		
OG0040824		
OG0040825		
OG0040826		
OG0040827		
OG0040828		
OG0040829		
OG0040830		
OG0040831		
OG0040832		
OG0040833		
OG0040834		
OG0040835		
OG0040836		
OG0040837		
OG0040838		
OG0040839		
OG0040840		
OG0040841		
OG0040842		
OG0040843		
OG0040844		
OG0040845		
OG0040846		
OG0040847		
OG0040848		
OG0040849		
OG0040850		
OG0040851		
OG0040852		
OG0040853		
OG0040854		
OG0040855		
OG0040856		
OG0040857		
OG0040858		
OG0040859		
OG0040860		
OG0040861		
OG0040862		
OG0040863		
OG0040864		
OG0040865		
OG0040866		
OG0040867		
OG0040868		
OG0040869		
OG0040870		
OG0040871		
OG0040872		
OG0040873		
OG0040874		
OG0040875		
OG0040876		
OG0040877		
OG0040878		
OG0040879		
OG0040880		
OG0040881		
OG0040882		
OG0040883		
OG0040884		
OG0040885		
OG0040886		
OG0040887		
OG0040888		
OG0040889		
OG0040890		
OG0040891		
OG0040892		
OG0040893		
OG0040894		
OG0040895		
OG0040896		
OG0040897		
OG0040898		
OG0040899		
OG0040900		
OG0040901		
OG0040902		
OG0040903		
OG0040904		
OG0040905		
OG0040906		
OG0040907		
OG0040908		
OG0040909		
OG0040910		
OG0040911		
OG0040912		
OG0040913		
OG0040914		
OG0040915		
OG0040916		
OG0040917		
OG0040918		
OG0040919		
OG0040920		
OG0040921		
OG0040922		
OG0040923		
OG0040924		
OG0040925		
OG0040926		
OG0040927		
OG0040928		
OG0040929		
OG0040930		
OG0040931		
OG0040932		
OG0040933		
OG0040934		
OG0040935		
OG0040936		
OG0040937		
OG0040938		
OG0040939		
OG0040940		
OG0040941		
OG0040942		
OG0040943		
OG0040944		
OG0040945		
OG0040946		
OG0040947		
OG0040948		
OG0040949		
OG0040950		
OG0040951		
OG0040952		
OG0040953		
OG0040954		
OG0040955		
OG0040956		
OG0040957		
OG0040958		
OG0040959		
OG0040960		
OG0040961		
OG0040962		
OG0040963		
OG0040964		
OG0040965		
OG0040966		
OG0040967		
OG0040968		
OG0040969		
OG0040970		
OG0040971		
OG0040972		
OG0040973		
OG0040974		
OG0040975		
OG0040976		
OG0040977		
OG0040978		
OG0040979		
OG0040980		
OG0040981		
OG0040982		
OG0040983		
OG0040984		
OG0040985		
OG0040986		
OG0040987		
OG0040988		
OG0040989		
OG0040990		
OG0040991		
OG0040992		
OG0040993		
OG0040994		
OG0040995		
OG0040996		
OG0040997		
OG0040998		
OG0040999		
OG0041000		
OG0041001		
OG0041002		
OG0041003		
OG0041004		
OG0041005		
OG0041006		
OG0041007		
OG0041008		
OG0041009		
OG0041010		
OG0041011		
OG0041012		
OG0041013		
OG0041014		
OG0041015		
OG0041016		
OG0041017		
OG0041018		
OG0041019		
OG0041020		
OG0041021		
OG0041022		
OG0041023		
OG0041024		
OG0041025		
OG0041026		
OG0041027		
OG0041028		
OG0041029		
OG0041030		
OG0041031		
OG0041032		
OG0041033		
OG0041034		
OG0041035		
OG0041036		
OG0041037		
OG0041038		
OG0041039		
OG0041040		
OG0041041		
OG0041042		
OG0041043		
OG0041044		
OG0041045		
OG0041046		
OG0041047		
OG0041048		
OG0041049		
OG0041050		
OG0041051		
OG0041052		
OG0041053		
OG0041054		
OG0041055		
OG0041056		
OG0041057		
OG0041058		
OG0041059		
OG0041060		
OG0041061		
OG0041062		
OG0041063		
OG0041064		
OG0041065		
OG0041066		
OG0041067		
OG0041068		
OG0041069		
OG0041070		
OG0041071		
OG0041072		
OG0041073		
OG0041074		
OG0041075		
OG0041076		
OG0041077		
OG0041078		
OG0041079		
OG0041080		
OG0041081		
OG0041082		
OG0041083		
OG0041084		
OG0041085		
OG0041086		
OG0041087		
OG0041088		
OG0041089		
OG0041090		
OG0041091		
OG0041092		
OG0041093		
OG0041094		
OG0041095		
OG0041096		
OG0041097		
OG0041098		
OG0041099		
OG0041100		
OG0041101		
OG0041102		
OG0041103		
OG0041104		
OG0041105		
OG0041106		
OG0041107		
OG0041108		
OG0041109		
OG0041110		
OG0041111		
OG0041112		
OG0041113		
OG0041114		
OG0041115		
OG0041116		
OG0041117		
OG0041118		
OG0041119		
OG0041120		
OG0041121		
OG0041122		
OG0041123		
OG0041124		
OG0041125		
OG0041126		
OG0041127		
OG0041128		
OG0041129		
OG0041130		
OG0041131		
OG0041132		
OG0041133		
OG0041134		
OG0041135		
OG0041136		
OG0041137		
OG0041138		
OG0041139		
OG0041140		
OG0041141		
OG0041142		
OG0041143		
OG0041144		
OG0041145		
OG0041146		
OG0041147		
OG0041148		
OG0041149		
OG0041150		
OG0041151		
OG0041152		
OG0041153		
OG0041154		
OG0041155		
OG0041156		
OG0041157		
OG0041158		
OG0041159		
OG0041160		
OG0041161		
OG0041162		
OG0041163		
OG0041164		
OG0041165		
OG0041166		
OG0041167		
OG0041168		
OG0041169		
OG0041170		
OG0041171		
OG0041172		
OG0041173		
OG0041174		
OG0041175		
OG0041176		
OG0041177		
OG0041178		
OG0041179		
OG0041180		
OG0041181		
OG0041182		
OG0041183		
OG0041184		
OG0041185		
OG0041186		
OG0041187		
OG0041188		
OG0041189		
OG0041190		
OG0041191		
OG0041192		
OG0041193		
OG0041194		
OG0041195		
OG0041196		
OG0041197		
OG0041198		
OG0041199		
OG0041200		
OG0041201		
OG0041202		
OG0041203		
OG0041204		
OG0041205		
OG0041206		
OG0041207		
OG0041208		
OG0041209		
OG0041210		
OG0041211		
OG0041212		
OG0041213		
OG0041214		
OG0041215		
OG0041216		
OG0041217		
OG0041218		
OG0041219		
OG0041220		
OG0041221		
OG0041222		
OG0041223		
OG0041224		
OG0041225		
OG0041226		
OG0041227		
OG0041228		
OG0041229		
OG0041230		
OG0041231		
OG0041232		
OG0041233		
OG0041234		
OG0041235		
OG0041236		
OG0041237		
OG0041238		
OG0041239		
OG0041240		
OG0041241		
OG0041242		
OG0041243		
OG0041244		
OG0041245		
OG0041246		
OG0041247		
OG0041248		
OG0041249		
OG0041250		
OG0041251		
OG0041252		
OG0041253		
OG0041254		
OG0041255		
OG0041256		
OG0041257		
OG0041258		
OG0041259		
OG0041260		
OG0041261		
OG0041262		
OG0041263		
OG0041264		
OG0041265		
OG0041266		
OG0041267		
OG0041268		
OG0041269		
OG0041270		
OG0041271		
OG0041272		
OG0041273		
OG0041274		
OG0041275		
OG0041276		
OG0041277		
OG0041278		
OG0041279		
OG0041280		
OG0041281		
OG0041282		
OG0041283		
OG0041284		
OG0041285		
OG0041286		
OG0041287		
OG0041288		
OG0041289		
OG0041290		
OG0041291		
OG0041292		
OG0041293		
OG0041294		
OG0041295		
OG0041296		
OG0041297		
OG0041298		
OG0041299		
OG0041300		
OG0041301		
OG0041302		
OG0041303		
OG0041304		
OG0041305		
OG0041306		
OG0041307		
OG0041308		
OG0041309		
OG0041310		
OG0041311		
OG0041312		
OG0041313		
OG0041314		
OG0041315		
OG0041316		
OG0041317		
OG0041318		
OG0041319		
OG0041320		
OG0041321		
OG0041322		
OG0041323		
OG0041324		
OG0041325		
OG0041326		
OG0041327		
OG0041328		
OG0041329		
OG0041330		
OG0041331		
OG0041332		
OG0041333		
OG0041334		
OG0041335		
OG0041336		
OG0041337		
OG0041338		
OG0041339		
OG0041340		
OG0041341		
OG0041342		
OG0041343		
OG0041344		
OG0041345		
OG0041346		
OG0041347		
OG0041348		
OG0041349		
OG0041350		
OG0041351		
OG0041352		
OG0041353		
OG0041354		
OG0041355		
OG0041356		
OG0041357		
OG0041358		
OG0041359		
OG0041360		
OG0041361		
OG0041362		
OG0041363		
OG0041364		
OG0041365		
OG0041366		
OG0041367		
OG0041368		
OG0041369		
OG0041370		
OG0041371		
OG0041372		
OG0041373		
OG0041374		
OG0041375		
OG0041376		
OG0041377		
OG0041378		
OG0041379		
OG0041380		
OG0041381		
OG0041382		
OG0041383		
OG0041384		
OG0041385		
OG0041386		
OG0041387		
OG0041388		
OG0041389		
OG0041390		
OG0041391		
OG0041392		
OG0041393		
OG0041394		
OG0041395		
OG0041396		
OG0041397		
OG0041398		
OG0041399		
OG0041400		
OG0041401		
OG0041402		
OG0041403		
OG0041404		
OG0041405		
OG0041406		
OG0041407		
OG0041408		
OG0041409		
OG0041410		
OG0041411		
OG0041412		
OG0041413		
OG0041414		
OG0041415		
OG0041416		
OG0041417		
OG0041418		
OG0041419		
OG0041420		
OG0041421		
OG0041422		
OG0041423		
OG0041424		
OG0041425		
OG0041426		
OG0041427		
OG0041428		
OG0041429		
OG0041430		
OG0041431		
OG0041432		
OG0041433		
OG0041434		
OG0041435		
OG0041436		
OG0041437		
OG0041438		
OG0041439		
OG0041440		
OG0041441		
OG0041442		
OG0041443		
OG0041444		
OG0041445		
OG0041446		
OG0041447		
OG0041448		
OG0041449		
OG0041450		
OG0041451		
OG0041452		
OG0041453		
OG0041454		
OG0041455		
OG0041456		
OG0041457		
OG0041458		
OG0041459		
OG0041460		
OG0041461		
OG0041462		
OG0041463		
OG0041464		
OG0041465		
OG0041466		
OG0041467		
OG0041468		
OG0041469		
OG0041470		
OG0041471		
OG0041472		
OG0041473		
OG0041474		
OG0041475		
OG0041476		
OG0041477		
OG0041478		
OG0041479		
OG0041480		
OG0041481		
OG0041482		
OG0041483		
OG0041484		
OG0041485		
OG0041486		
OG0041487		
OG0041488		
OG0041489		
OG0041490		
OG0041491		
OG0041492		
OG0041493		
OG0041494		
OG0041495		
OG0041496		
OG0041497		
OG0041498		
OG0041499		
OG0041500		
OG0041501		
OG0041502		
OG0041503		
OG0041504		
OG0041505		
OG0041506		
OG0041507		
OG0041508		
OG0041509		
OG0041510		
OG0041511		
OG0041512		
OG0041513		
OG0041514		
OG0041515		
OG0041516		
OG0041517		
OG0041518		
OG0041519		
OG0041520		
OG0041521		
OG0041522		
OG0041523		
OG0041524		
OG0041525		
OG0041526		
OG0041527		
OG0041528		
OG0041529		
OG0041530		
OG0041531		
OG0041532		
OG0041533		
OG0041534		
OG0041535		
OG0041536		
OG0041537		
OG0041538		
OG0041539		
OG0041540		
OG0041541		
OG0041542		
OG0041543		
OG0041544		
OG0041545		
OG0041546		
OG0041547		
OG0041548		
OG0041549		
OG0041550		
OG0041551		
OG0041552		
OG0041553		
OG0041554		
OG0041555		
OG0041556		
OG0041557		
OG0041558		
OG0041559		
OG0041560		
OG0041561		
OG0041562		
OG0041563		
OG0041564		
OG0041565		
OG0041566		
OG0041567		
OG0041568		
OG0041569		
OG0041570		
OG0041571		
OG0041572		
OG0041573		
OG0041574		
OG0041575		
OG0041576		
OG0041577		
OG0041578		
OG0041579		
OG0041580		
OG0041581		
OG0041582		
OG0041583		
OG0041584		
OG0041585		
OG0041586		
OG0041587		
OG0041588		
OG0041589		
OG0041590		
OG0041591		
OG0041592		
OG0041593		
OG0041594		
OG0041595		
OG0041596		
OG0041597		
OG0041598		
OG0041599		
OG0041600		
OG0041601		
OG0041602		
OG0041603		
OG0041604		
OG0041605		
OG0041606		
OG0041607		
OG0041608		
OG0041609		
OG0041610		
OG0041611		
OG0041612		
OG0041613		
OG0041614		
OG0041615		
OG0041616		
OG0041617		
OG0041618		
OG0041619		
OG0041620		
OG0041621		
OG0041622		
OG0041623		
OG0041624		
OG0041625		
OG0041626		
OG0041627		
OG0041628		
OG0041629		
OG0041630		
OG0041631		
OG0041632		
OG0041633		
OG0041634		
OG0041635		
OG0041636		
OG0041637		
OG0041638		
OG0041639		
OG0041640		
OG0041641		
OG0041642		
OG0041643		
OG0041644		
OG0041645		
OG0041646		
OG0041647		
OG0041648		
OG0041649		
OG0041650		
OG0041651		
OG0041652		
OG0041653		
OG0041654		
OG0041655		
OG0041656		
OG0041657		
OG0041658		
OG0041659		
OG0041660		
OG0041661		
OG0041662		
OG0041663		
OG0041664		
OG0041665		
OG0041666		
OG0041667		
OG0041668		
OG0041669		
OG0041670		
OG0041671		
OG0041672		
OG0041673		
OG0041674		
OG0041675		
OG0041676		
OG0041677		
OG0041678		
OG0041679		
OG0041680		
OG0041681		
OG0041682		
OG0041683		
OG0041684		
OG0041685		
OG0041686		
OG0041687		
OG0041688		
OG0041689		
OG0041690		
OG0041691		
OG0041692		
OG0041693		
OG0041694		
OG0041695		
OG0041696		
OG0041697		
OG0041698		
OG0041699		
OG0041700		
OG0041701		
OG0041702		
OG0041703		
OG0041704		
OG0041705		
OG0041706		
OG0041707		
OG0041708		
OG0041709		
OG0041710		
OG0041711		
OG0041712		
OG0041713		
OG0041714		
OG0041715		
OG0041716		
OG0041717		
OG0041718		
OG0041719		
OG0041720		
OG0041721		
OG0041722		
OG0041723		
OG0041724		
OG0041725		
OG0041726		
OG0041727		
OG0041728		
OG0041729		
OG0041730		
OG0041731		
OG0041732		
OG0041733		
OG0041734		
OG0041735		
OG0041736		
OG0041737		
OG0041738		
OG0041739		
OG0041740		
OG0041741		
OG0041742		
OG0041743		
OG0041744		
OG0041745		
OG0041746		
OG0041747		
OG0041748		
OG0041749		
OG0041750		
OG0041751		
OG0041752		
OG0041753		
OG0041754		
OG0041755		
OG0041756		
OG0041757		
OG0041758		
OG0041759		
OG0041760		
OG0041761		
OG0041762		
OG0041763		
OG0041764		
OG0041765		
OG0041766		
OG0041767		
OG0041768		
OG0041769		
OG0041770		
OG0041771		
OG0041772		
OG0041773		
OG0041774		
OG0041775		
OG0041776		
OG0041777		
OG0041778		
OG0041779		
OG0041780		
OG0041781		
OG0041782		
OG0041783		
OG0041784		
OG0041785		
OG0041786		
OG0041787		
OG0041788		
OG0041789		
OG0041790		
OG0041791		
OG0041792		
OG0041793		
OG0041794		
OG0041795		
OG0041796		
OG0041797		
OG0041798		
OG0041799		
OG0041800		
OG0041801		
OG0041802		
OG0041803		
OG0041804		
OG0041805		
OG0041806		
OG0041807		
OG0041808		
OG0041809		
OG0041810		
OG0041811		
OG0041812		
OG0041813		
OG0041814		
OG0041815		
OG0041816		
OG0041817		
OG0041818		
OG0041819		
OG0041820		
OG0041821		
OG0041822		
OG0041823		
OG0041824		
OG0041825		
OG0041826		
OG0041827		
OG0041828		
OG0041829		
OG0041830		
OG0041831		
OG0041832		
OG0041833		
OG0041834		
OG0041835		
OG0041836		
OG0041837		
OG0041838		
OG0041839		
OG0041840		
OG0041841		
OG0041842		
OG0041843		
OG0041844		
OG0041845		
OG0041846		
OG0041847		
OG0041848		
OG0041849		
OG0041850		
OG0041851		
OG0041852		
OG0041853		
OG0041854		
OG0041855		
OG0041856		
OG0041857		
OG0041858		
OG0041859		
OG0041860		
OG0041861		
OG0041862		
OG0041863		
OG0041864		
OG0041865		
OG0041866		
OG0041867		
OG0041868		
OG0041869		
OG0041870		
OG0041871		
OG0041872		
OG0041873		
OG0041874		
OG0041875		
OG0041876		
OG0041877		
OG0041878		
OG0041879		
OG0041880		
OG0041881		
OG0041882		
OG0041883		
OG0041884		
OG0041885		
OG0041886		
OG0041887		
OG0041888		
OG0041889		
OG0041890		
OG0041891		
OG0041892		
OG0041893		
OG0041894		
OG0041895		
OG0041896		
OG0041897		
OG0041898		
OG0041899		
OG0041900		
OG0041901		
OG0041902		
OG0041903		
OG0041904		
OG0041905		
OG0041906		
OG0041907		
OG0041908		
OG0041909		
OG0041910		
OG0041911		
OG0041912		
OG0041913		
OG0041914		
OG0041915		
OG0041916		
OG0041917		
OG0041918		
OG0041919		
OG0041920		
OG0041921		
OG0041922		
OG0041923		
OG0041924		
OG0041925		
OG0041926		
OG0041927		
OG0041928		
OG0041929		
OG0041930		
OG0041931		
OG0041932		
OG0041933		
OG0041934		
OG0041935		
OG0041936		
OG0041937		
OG0041938		
OG0041939		
OG0041940		
OG0041941		
OG0041942		
OG0041943		
OG0041944		
OG0041945		
OG0041946		
OG0041947		
OG0041948		
OG0041949		
OG0041950		
OG0041951		
OG0041952		
OG0041953		
OG0041954		
OG0041955		
OG0041956		
OG0041957		
OG0041958		
OG0041959		
OG0041960		
OG0041961		
OG0041962		
OG0041963		
OG0041964		
OG0041965		
OG0041966		
OG0041967		
OG0041968		
OG0041969		
OG0041970		
OG0041971		
OG0041972		
OG0041973		
OG0041974		
OG0041975		
OG0041976		
OG0041977		
OG0041978		
OG0041979		
OG0041980		
OG0041981		
OG0041982		
OG0041983		
OG0041984		
OG0041985		
OG0041986		
OG0041987		
OG0041988		
OG0041989		
OG0041990		
OG0041991		
OG0041992		
OG0041993		
OG0041994		
OG0041995		
OG0041996		
OG0041997		
OG0041998		
OG0041999		
OG0042000		
OG0042001		
OG0042002		
OG0042003		
OG0042004		
OG0042005		
OG0042006		
OG0042007		
OG0042008		
OG0042009		
OG0042010		
OG0042011		
OG0042012		
OG0042013		
OG0042014		
OG0042015		
OG0042016		
OG0042017		
OG0042018		
OG0042019		
OG0042020		
OG0042021		
OG0042022		
OG0042023		
OG0042024		
OG0042025		
OG0042026		
OG0042027		
OG0042028		
OG0042029		
OG0042030		
OG0042031		
OG0042032		
OG0042033		
OG0042034		
OG0042035		
OG0042036		
OG0042037		
OG0042038		
OG0042039		
OG0042040		
OG0042041		
OG0042042		
OG0042043		
OG0042044		
OG0042045		
OG0042046		
OG0042047		
OG0042048		
OG0042049		
OG0042050		
OG0042051		
OG0042052		
OG0042053		
OG0042054		
OG0042055		
OG0042056		
OG0042057		
OG0042058		
OG0042059		
OG0042060		
OG0042061		
OG0042062		
OG0042063		
OG0042064		
OG0042065		
OG0042066		
OG0042067		
OG0042068		
OG0042069		
OG0042070		
OG0042071		
OG0042072		
OG0042073		
OG0042074		
OG0042075		
OG0042076		
OG0042077		
OG0042078		
OG0042079		
OG0042080		
OG0042081		
OG0042082		
OG0042083		
OG0042084		
OG0042085		
OG0042086		
OG0042087		
OG0042088		
OG0042089		
OG0042090		
OG0042091		
OG0042092		
OG0042093		
OG0042094		
OG0042095		
OG0042096		
OG0042097		
OG0042098		
OG0042099		
OG0042100		
OG0042101		
OG0042102		
OG0042103		
OG0042104		
OG0042105		
OG0042106		
OG0042107		
OG0042108		
OG0042109		
OG0042110		
OG0042111		
OG0042112		
OG0042113		
OG0042114		
OG0042115		
OG0042116		
OG0042117		
OG0042118		
OG0042119		
OG0042120		
OG0042121		
OG0042122		
OG0042123		
OG0042124		
OG0042125		
OG0042126		
OG0042127		
OG0042128		
OG0042129		
OG0042130		
OG0042131		
OG0042132		
OG0042133		
OG0042134		
OG0042135		
OG0042136		
OG0042137		
OG0042138		
OG0042139		
OG0042140		
OG0042141		
OG0042142		
OG0042143		
OG0042144		
OG0042145		
OG0042146		
OG0042147		
OG0042148		
OG0042149		
OG0042150		
OG0042151		
OG0042152		
OG0042153		
OG0042154		
OG0042155		
OG0042156		
OG0042157		
OG0042158		
OG0042159		
OG0042160		
OG0042161		
OG0042162		
OG0042163		
OG0042164		
OG0042165		
OG0042166		
OG0042167		
OG0042168		
OG0042169		
OG0042170		
OG0042171		
OG0042172		
OG0042173		
OG0042174		
OG0042175		
OG0042176		
OG0042177		
OG0042178		
OG0042179		
OG0042180		
OG0042181		
OG0042182		
OG0042183		
OG0042184		
OG0042185		
OG0042186		
OG0042187		
OG0042188		
OG0042189		
OG0042190		
OG0042191		
OG0042192		
OG0042193		
OG0042194		
OG0042195		
OG0042196		
OG0042197		
OG0042198		
OG0042199		
OG0042200		
OG0042201		
OG0042202		
OG0042203		
OG0042204		
OG0042205		
OG0042206		
OG0042207		
OG0042208		
OG0042209		
OG0042210		
OG0042211		
OG0042212		
OG0042213		
OG0042214		
OG0042215		
OG0042216		
OG0042217		
OG0042218		
OG0042219		
OG0042220		
OG0042221		
OG0042222		
OG0042223		
OG0042224		
OG0042225		
OG0042226		
OG0042227		
OG0042228		
OG0042229		
OG0042230		
OG0042231		
OG0042232		
OG0042233		
OG0042234		
OG0042235		
OG0042236		
OG0042237		
OG0042238		
OG0042239		
OG0042240		
OG0042241		
OG0042242		
OG0042243		
OG0042244		
OG0042245		
OG0042246		
OG0042247		
OG0042248		
OG0042249		
OG0042250		
OG0042251		
OG0042252		
OG0042253		
OG0042254		
OG0042255		
OG0042256		
OG0042257		
OG0042258		
OG0042259		
OG0042260		
OG0042261		
OG0042262		
OG0042263		
OG0042264		
OG0042265		
OG0042266		
OG0042267		
OG0042268		
OG0042269		
OG0042270		
OG0042271		
OG0042272		
OG0042273		
OG0042274		
OG0042275		
OG0042276		
OG0042277		
OG0042278		
OG0042279		
OG0042280		
OG0042281		
OG0042282		
OG0042283		
OG0042284		
OG0042285		
OG0042286		
OG0042287		
OG0042288		
OG0042289		
OG0042290		
OG0042291		
OG0042292		
OG0042293		
OG0042294		
OG0042295		
OG0042296		
OG0042297		
OG0042298		
OG0042299		
OG0042300		
OG0042301		
OG0042302		
OG0042303		
OG0042304		
OG0042305		
OG0042306		
OG0042307		
OG0042308		
OG0042309		
OG0042310		
OG0042311		
OG0042312		
OG0042313		
OG0042314		
OG0042315		
OG0042316		
OG0042317		
OG0042318		
OG0042319		
OG0042320		
OG0042321		
OG0042322		
OG0042323		
OG0042324		
OG0042325		
OG0042326		
OG0042327		
OG0042328		
OG0042329		
OG0042330		
OG0042331		
OG0042332		
OG0042333		
OG0042334		
OG0042335		
OG0042336		
OG0042337		
OG0042338		
OG0042339		
OG0042340		
OG0042341		
OG0042342		
OG0042343		
OG0042344		
OG0042345		
OG0042346		
OG0042347		
OG0042348		
OG0042349		
OG0042350		
OG0042351		
OG0042352		
OG0042353		
OG0042354		
OG0042355		
OG0042356		
OG0042357		
OG0042358		
OG0042359		
OG0042360		
OG0042361		
OG0042362		
OG0042363		
OG0042364		
OG0042365		
OG0042366		
OG0042367		
OG0042368		
OG0042369		
OG0042370		
OG0042371		
OG0042372		
OG0042373		
OG0042374		
OG0042375		
OG0042376		
OG0042377		
OG0042378		
OG0042379		
OG0042380		
OG0042381		
OG0042382		
OG0042383		
OG0042384		
OG0042385		
OG0042386		
OG0042387		
OG0042388		
OG0042389		
OG0042390		
OG0042391		
OG0042392		
OG0042393		
OG0042394		
OG0042395		
OG0042396		
OG0042397		
OG0042398		
OG0042399		
OG0042400		
OG0042401		
OG0042402		
OG0042403		
OG0042404		
OG0042405		
OG0042406		
OG0042407		
OG0042408		
OG0042409		
OG0042410		
OG0042411		
OG0042412		
OG0042413		
OG0042414		
OG0042415		
OG0042416		
OG0042417		
OG0042418		
OG0042419		
OG0042420		
OG0042421		
OG0042422		
OG0042423		
OG0042424		
OG0042425		
OG0042426		
OG0042427		
OG0042428		
OG0042429		
OG0042430		
OG0042431		
OG0042432		
OG0042433		
OG0042434		
OG0042435		
OG0042436		
OG0042437		
OG0042438		
OG0042439		
OG0042440		
OG0042441		
OG0042442		
OG0042443		
OG0042444		
OG0042445		
OG0042446		
OG0042447		
OG0042448		
OG0042449		
OG0042450		
OG0042451		
OG0042452		
OG0042453		
OG0042454		
OG0042455		
OG0042456		
OG0042457		
OG0042458		
OG0042459		
OG0042460		
OG0042461		
OG0042462		
OG0042463		
OG0042464		
OG0042465		
OG0042466		
OG0042467		
OG0042468		
OG0042469		
OG0042470		
OG0042471		
OG0042472		
OG0042473		
OG0042474		
OG0042475		
OG0042476		
OG0042477		
OG0042478		
OG0042479		
OG0042480		
OG0042481		
OG0042482		
OG0042483		
OG0042484		
OG0042485		
OG0042486		
OG0042487		
OG0042488		
OG0042489		
OG0042490		
OG0042491		
OG0042492		
OG0042493		
OG0042494		
OG0042495		
OG0042496		
OG0042497		
OG0042498		
OG0042499		
OG0042500		
OG0042501		
OG0042502		
OG0042503		
OG0042504		
OG0042505		
OG0042506		
OG0042507		
OG0042508		
OG0042509		
OG0042510		
OG0042511		
OG0042512		
OG0042513		
OG0042514		
OG0042515		
OG0042516		
OG0042517		
OG0042518		
OG0042519		
OG0042520		
OG0042521		
OG0042522		
OG0042523		
OG0042524		
OG0042525		
OG0042526		
OG0042527		
OG0042528		
OG0042529		
OG0042530		
OG0042531		
OG0042532		
OG0042533		
OG0042534		
OG0042535		
OG0042536		
OG0042537		
OG0042538		
OG0042539		
OG0042540		
OG0042541		
OG0042542		
OG0042543		
OG0042544		
OG0042545		
OG0042546		
OG0042547		
OG0042548		
OG0042549		
OG0042550		
OG0042551		
OG0042552		
OG0042553		
OG0042554		
OG0042555		
OG0042556		
OG0042557		
OG0042558		
OG0042559		
OG0042560		
OG0042561		
OG0042562		
OG0042563		
OG0042564		
OG0042565		
OG0042566		
OG0042567		
OG0042568		
OG0042569		
OG0042570		
OG0042571		
OG0042572		
OG0042573		
OG0042574		
OG0042575		
OG0042576		
OG0042577		
OG0042578		
OG0042579		
OG0042580		
OG0042581		
OG0042582		
OG0042583		
OG0042584		
OG0042585		
OG0042586		
OG0042587		
OG0042588		
OG0042589		
OG0042590		
OG0042591		
OG0042592		
OG0042593		
OG0042594		
OG0042595		
OG0042596		
OG0042597		
OG0042598		
OG0042599		
OG0042600		
OG0042601		
OG0042602		
OG0042603		
OG0042604		
OG0042605		
OG0042606		
OG0042607		
OG0042608		
OG0042609		
OG0042610		
OG0042611		
OG0042612		
OG0042613		
OG0042614		
OG0042615		
OG0042616		
OG0042617		
OG0042618		
OG0042619		
OG0042620		
OG0042621		
OG0042622		
OG0042623		
OG0042624		
OG0042625		
OG0042626		
OG0042627		
OG0042628		
OG0042629		
OG0042630		
OG0042631		
OG0042632		
OG0042633		
OG0042634		
OG0042635		
OG0042636		
OG0042637		
OG0042638		
OG0042639		
OG0042640		
OG0042641		
OG0042642		
OG0042643		
OG0042644		
OG0042645		
OG0042646		
OG0042647		
OG0042648		
OG0042649		
OG0042650		
OG0042651		
OG0042652		
OG0042653		
OG0042654		
OG0042655		
OG0042656		
OG0042657		
OG0042658		
OG0042659		
OG0042660		
OG0042661		
OG0042662		
OG0042663		
OG0042664		
OG0042665		
OG0042666		
OG0042667		
OG0042668		
OG0042669		
OG0042670		
OG0042671		
OG0042672		
OG0042673		
OG0042674		
OG0042675		
OG0042676		
OG0042677		
OG0042678		
OG0042679		
OG0042680		
OG0042681		
OG0042682		
OG0042683		
OG0042684		
OG0042685		
OG0042686		
OG0042687		
OG0042688		
OG0042689		
OG0042690		
OG0042691		
OG0042692		
OG0042693		
OG0042694		
OG0042695		
OG0042696		
OG0042697		
OG0042698		
OG0042699		
OG0042700		
OG0042701		
OG0042702		
OG0042703		
OG0042704		
OG0042705		
OG0042706		
OG0042707		
OG0042708		
OG0042709		
OG0042710		
OG0042711		
OG0042712		
OG0042713		
OG0042714		
OG0042715		
OG0042716		
OG0042717		
OG0042718		
OG0042719		
OG0042720		
OG0042721		
OG0042722		
OG0042723		
OG0042724	ostta08g03140	
OG0042725		
OG0042726		
OG0042727		
OG0042728		
OG0042729		
OG0042730		
OG0042731		
OG0042732		
OG0042733		
OG0042734		
OG0042735		
OG0042736		
OG0042737		
OG0042738		
OG0042739		
OG0042740		
OG0042741		
OG0042742		
OG0042743		
OG0042744		
OG0042745		
OG0042746		
OG0042747		
OG0042748		
OG0042749		
OG0042750		
OG0042751		
OG0042752		
OG0042753		
OG0042754		
OG0042755		
OG0042756		
OG0042757		
OG0042758		
OG0042759		
OG0042760		
OG0042761		
OG0042762		
OG0042763		
OG0042764		
OG0042765		
OG0042766		
OG0042767		
OG0042768		
OG0042769		
OG0042770		
OG0042771		
OG0042772		
OG0042773		
OG0042774		
OG0042775		
OG0042776		
OG0042777		
OG0042778		
OG0042779		
OG0042780		
OG0042781		
OG0042782		
OG0042783		
OG0042784		
OG0042785		
OG0042786		
OG0042787		
OG0042788		
OG0042789		
OG0042790		
OG0042791		
OG0042792		
OG0042793		
OG0042794		
OG0042795		
OG0042796		
OG0042797		
OG0042798		
OG0042799		
OG0042800		
OG0042801		
OG0042802		
OG0042803		
OG0042804		
OG0042805		
OG0042806		
OG0042807		
OG0042808		
OG0042809		
OG0042810		
OG0042811		
OG0042812		
OG0042813		
OG0042814		
OG0042815		
OG0042816		
OG0042817		
OG0042818		
OG0042819		
OG0042820		
OG0042821		
OG0042822		
OG0042823		
OG0042824		
OG0042825		
OG0042826		
OG0042827		
OG0042828		
OG0042829		
OG0042830		
OG0042831		
OG0042832		
OG0042833		
OG0042834		
OG0042835		
OG0042836		
OG0042837		
OG0042838		
OG0042839		
OG0042840		
OG0042841		
OG0042842		
OG0042843		
OG0042844		
OG0042845		
OG0042846		
OG0042847		
OG0042848		
OG0042849		
OG0042850		
OG0042851		
OG0042852		
OG0042853		
OG0042854		
OG0042855		
OG0042856		
OG0042857		
OG0042858		
OG0042859		
OG0042860		
OG0042861		
OG0042862		
OG0042863		
OG0042864		
OG0042865		
OG0042866		
OG0042867		
OG0042868		
OG0042869		
OG0042870		
OG0042871		
OG0042872		
OG0042873		
OG0042874		
OG0042875		
OG0042876		
OG0042877		
OG0042878		
OG0042879		
OG0042880		
OG0042881		
OG0042882		
OG0042883		
OG0042884		
OG0042885		
OG0042886		
OG0042887		
OG0042888		
OG0042889		
OG0042890		
OG0042891		
OG0042892		
OG0042893		
OG0042894		
OG0042895		
OG0042896		
OG0042897		
OG0042898		
OG0042899		
OG0042900		
OG0042901		
OG0042902		
OG0042903		
OG0042904		
OG0042905		
OG0042906		
OG0042907		
OG0042908		
OG0042909		
OG0042910		
OG0042911		
OG0042912		
OG0042913		
OG0042914		
OG0042915		
OG0042916		
OG0042917		
OG0042918		
OG0042919		
OG0042920		
OG0042921		
OG0042922		
OG0042923		
OG0042924		
OG0042925		
OG0042926		
OG0042927		
OG0042928		
OG0042929		
OG0042930		
OG0042931		
OG0042932		
OG0042933		
OG0042934		
OG0042935		
OG0042936		
OG0042937		
OG0042938		
OG0042939		
OG0042940		
OG0042941		
OG0042942		
OG0042943		
OG0042944		
OG0042945		
OG0042946		
OG0042947		
OG0042948		
OG0042949		
OG0042950		
OG0042951		
OG0042952		
OG0042953		
OG0042954		
OG0042955		
OG0042956		
OG0042957		
OG0042958		
OG0042959		
OG0042960		
OG0042961		
OG0042962		
OG0042963		
OG0042964		
OG0042965		
OG0042966		
OG0042967		
OG0042968		
OG0042969		
OG0042970		
OG0042971		
OG0042972		
OG0042973		
OG0042974		
OG0042975		
OG0042976		
OG0042977		
OG0042978		
OG0042979		
OG0042980		
OG0042981		
OG0042982		
OG0042983		
OG0042984		
OG0042985		
OG0042986		
OG0042987		
OG0042988		
OG0042989		
OG0042990		
OG0042991		
OG0042992		
OG0042993		
OG0042994		
OG0042995		
OG0042996		
OG0042997		
OG0042998		
OG0042999		
OG0043000		
OG0043001		
OG0043002		
OG0043003		
OG0043004		
OG0043005		
OG0043006		
OG0043007		
OG0043008		
OG0043009		
OG0043010		
OG0043011		
OG0043012		
OG0043013		
OG0043014		
OG0043015		
OG0043016		
OG0043017		
OG0043018		
OG0043019		
OG0043020		
OG0043021		
OG0043022		
OG0043023		
OG0043024		
OG0043025		
OG0043026		
OG0043027		
OG0043028		
OG0043029		
OG0043030		
OG0043031		
OG0043032		
OG0043033		
OG0043034		
OG0043035		
OG0043036		
OG0043037		
OG0043038		
OG0043039		
OG0043040		
OG0043041		
OG0043042		
OG0043043		
OG0043044		
OG0043045		
OG0043046		
OG0043047		
OG0043048		
OG0043049		
OG0043050		
OG0043051		
OG0043052		
OG0043053		
OG0043054		
OG0043055		
OG0043056		
OG0043057		
OG0043058		
OG0043059		
OG0043060		
OG0043061		
OG0043062		
OG0043063		
OG0043064		
OG0043065		
OG0043066		
OG0043067		
OG0043068		
OG0043069		
OG0043070		
OG0043071		
OG0043072		
OG0043073		
OG0043074		
OG0043075		
OG0043076		
OG0043077		
OG0043078		
OG0043079		
OG0043080		
OG0043081		
OG0043082		
OG0043083		
OG0043084		
OG0043085		
OG0043086		
OG0043087		
OG0043088		
OG0043089		
OG0043090		
OG0043091		
OG0043092		
OG0043093		
OG0043094		
OG0043095		
OG0043096		
OG0043097		
OG0043098		
OG0043099		
OG0043100		
OG0043101		
OG0043102		
OG0043103		
OG0043104		
OG0043105		
OG0043106		
OG0043107		
OG0043108		
OG0043109		
OG0043110		
OG0043111		
OG0043112		
OG0043113		
OG0043114		
OG0043115		
OG0043116		
OG0043117		
OG0043118		
OG0043119		
OG0043120		
OG0043121		
OG0043122		
OG0043123		
OG0043124		
OG0043125		
OG0043126		
OG0043127		
OG0043128		
OG0043129		
OG0043130		
OG0043131		
OG0043132		
OG0043133		
OG0043134		
OG0043135		
OG0043136		
OG0043137		
OG0043138		
OG0043139		
OG0043140		
OG0043141		
OG0043142		
OG0043143		
OG0043144		
OG0043145		
OG0043146		
OG0043147		
OG0043148		
OG0043149		
OG0043150		
OG0043151		
OG0043152		
OG0043153		
OG0043154	ostta19g00610	
OG0043155		
OG0043156		
OG0043157		
OG0043158		
OG0043159		
OG0043160		
OG0043161		
OG0043162		
OG0043163		
OG0043164		
OG0043165		
OG0043166		
OG0043167		
OG0043168		
OG0043169		
OG0043170		
OG0043171		
OG0043172		
OG0043173		
OG0043174		
OG0043175		
OG0043176		
OG0043177		
OG0043178		
OG0043179		
OG0043180		
OG0043181		
OG0043182		
OG0043183		
OG0043184		
OG0043185		
OG0043186		
OG0043187		
OG0043188		
OG0043189		
OG0043190		
OG0043191		
OG0043192		
OG0043193		
OG0043194		
OG0043195		
OG0043196		
OG0043197		
OG0043198		
OG0043199		
OG0043200		
OG0043201		
OG0043202		
OG0043203		
OG0043204		
OG0043205		
OG0043206		
OG0043207		
OG0043208		
OG0043209		
OG0043210		
OG0043211		
OG0043212		
OG0043213		
OG0043214		
OG0043215		
OG0043216		
OG0043217		
OG0043218		
OG0043219		
OG0043220		
OG0043221		
OG0043222		
OG0043223		
OG0043224		
OG0043225		
OG0043226		
OG0043227		
OG0043228		
OG0043229		
OG0043230		
OG0043231		
OG0043232		
OG0043233		
OG0043234		
OG0043235		
OG0043236		
OG0043237		
OG0043238		
OG0043239		
OG0043240		
OG0043241		
OG0043242		
OG0043243		
OG0043244		
OG0043245		
OG0043246		
OG0043247		
OG0043248		
OG0043249		
OG0043250		
OG0043251		
OG0043252		
OG0043253		
OG0043254		
OG0043255		
OG0043256		
OG0043257		
OG0043258		
OG0043259		
OG0043260		
OG0043261		
OG0043262		
OG0043263		
OG0043264		
OG0043265		
OG0043266		
OG0043267		
OG0043268		
OG0043269		
OG0043270		
OG0043271		
OG0043272		
OG0043273		
OG0043274		
OG0043275		
OG0043276		
OG0043277		
OG0043278		
OG0043279		
OG0043280		
OG0043281		
OG0043282		
OG0043283		
OG0043284		
OG0043285		
OG0043286		
OG0043287		
OG0043288		
OG0043289		
OG0043290		
OG0043291		
OG0043292		
OG0043293		
OG0043294		
OG0043295		
OG0043296		
OG0043297		
OG0043298		
OG0043299		
OG0043300		
OG0043301		
OG0043302		
OG0043303		
OG0043304		
OG0043305		
OG0043306		
OG0043307		
OG0043308		
OG0043309		
OG0043310		
OG0043311		
OG0043312		
OG0043313		
OG0043314		
OG0043315		
OG0043316		
OG0043317		
OG0043318	ostta15g01570	
OG0043319		
OG0043320		
OG0043321		
OG0043322		
OG0043323		
OG0043324		
OG0043325		
OG0043326		
OG0043327		
OG0043328		
OG0043329		
OG0043330		
OG0043331		
OG0043332		
OG0043333		
OG0043334		
OG0043335		
OG0043336		
OG0043337		
OG0043338		
OG0043339		
OG0043340		
OG0043341		
OG0043342		
OG0043343		
OG0043344		
OG0043345		
OG0043346		
OG0043347		
OG0043348		
OG0043349		
OG0043350		
OG0043351		
OG0043352		
OG0043353		
OG0043354		
OG0043355		
OG0043356		
OG0043357		
OG0043358		
OG0043359		
OG0043360		
OG0043361		
OG0043362		
OG0043363		
OG0043364		
OG0043365		
OG0043366		
OG0043367		
OG0043368		
OG0043369		
OG0043370		
OG0043371		
OG0043372		
OG0043373		
OG0043374		
OG0043375		
OG0043376		
OG0043377		
OG0043378		
OG0043379		
OG0043380		
OG0043381		
OG0043382		
OG0043383		
OG0043384		
OG0043385		
OG0043386		
OG0043387		
OG0043388		
OG0043389		
OG0043390		
OG0043391		
OG0043392		
OG0043393		
OG0043394		
OG0043395		
OG0043396		
OG0043397		
OG0043398		
OG0043399		
OG0043400		
OG0043401		
OG0043402		
OG0043403		
OG0043404		
OG0043405		
OG0043406		
OG0043407		
OG0043408		
OG0043409		
OG0043410		
OG0043411		
OG0043412		
OG0043413		
OG0043414		
OG0043415		
OG0043416		
OG0043417		
OG0043418		
OG0043419		
OG0043420		
OG0043421		
OG0043422		
OG0043423		
OG0043424		
OG0043425		
OG0043426		
OG0043427		
OG0043428		
OG0043429		
OG0043430		
OG0043431		
OG0043432		
OG0043433		
OG0043434		
OG0043435		
OG0043436		
OG0043437		
OG0043438		
OG0043439		
OG0043440		
OG0043441		
OG0043442		
OG0043443		
OG0043444		
OG0043445		
OG0043446		
OG0043447		
OG0043448		
OG0043449		
OG0043450		
OG0043451		
OG0043452		
OG0043453		
OG0043454		
OG0043455		
OG0043456		
OG0043457		
OG0043458		
OG0043459		
OG0043460		
OG0043461		
OG0043462		
OG0043463		
OG0043464		
OG0043465		
OG0043466		
OG0043467		
OG0043468		
OG0043469		
OG0043470		
OG0043471		
OG0043472	ostta15g02400	
OG0043473	ostta09g04330	
OG0043474		
OG0043475	ostta09g04185	
OG0043476	ostta16g01600	
OG0043477		
OG0043478	ostta04g05340	
OG0043479	ostta04g04670	
OG0043480	ostta02g02260	
OG0043481	ostta09g02660	
OG0043482		
OG0043483	ostta06g04250	
OG0043484	ostta06g04260	
OG0043485		
OG0043486	ostta01g05800	
OG0043487		
OG0043488	ostta01g06490	
OG0043489		
OG0043490		
OG0043491	ostta12g00960	
OG0043492		
OG0043493		
OG0043494	ostta18g00695	
OG0043495		
OG0043496		
OG0043497		
OG0043498	ostta02g05120	
OG0043499		
OG0043500		
OG0043501		
OG0043502	ostta11g02800	
OG0043503	ostta11g01590	
OG0043504	ostta05g04240	
OG0043505		
OG0043506		
OG0043507	ostta11g02710	
OG0043508		
OG0043509		
OG0043510		
OG0043511	ostta14g01388	
OG0043512	ostta02g03230	
OG0043513	ostta12g00790	
OG0043514		
OG0043515	ostta01g01040	
OG0043516	ostta14g03040	
OG0043517	ostta16g00980	
OG0043518	ostta08g00110	
OG0043519		
OG0043520	ostta20g00880	
OG0043521	ostta05g00070	
OG0043522	ostta14g01710	
OG0043523	ostta14g01650	
OG0043524	ostta03g05885	
OG0043525	ostta08g03220	
OG0043526		
OG0043527	ostta08g00810	
OG0043528	ostta08g01030	
OG0043529	ostta17g01700	
OG0043530	ostta08g00690	
OG0043531	ostta11g01790	
OG0043532	ostta08g02460	
OG0043533		
OG0043534	ostta08g01410	
OG0043535	ostta03g04400	
OG0043536	ostta03g05460	
OG0043537		
OG0043538		
OG0043539	ostta01g05100	
OG0043540		
OG0043541	ostta16g01420	
OG0043542	ostta12g00260	
OG0043543		
OG0043544		
OG0043545		
OG0043546	ostta16g01635	
OG0043547	ostta16g02380	
OG0043548	ostta05g01220	
OG0043549	ostta03g00600	
OG0043550	ostta05g01710	
OG0043551	ostta01g01300	
OG0043552		
OG0043553		
OG0043554	ostta01g00300	
OG0043555		
OG0043556		
OG0043557		
OG0043558		
OG0043559	ostta03g00440	
OG0043560		
OG0043561		
OG0043562	ostta03g03700	
OG0043563	ostta02g00330	
OG0043564		
OG0043565	ostta17g01895	
OG0043566		
OG0043567		
OG0043568	ostta17g01365	
OG0043569		
OG0043570	ostta15g00810	
OG0043571		
OG0043572		
OG0043573		
OG0043574		
OG0043575		
OG0043576	ostta13g02810	
OG0043577	ostta04g00290	
OG0043578		
OG0043579	ostta04g00660	
OG0043580	ostta16g00680	
OG0043581	ostta12g01370	
OG0043582	ostta16g00040	
OG0043583	ostta15g00460	
OG0043584		
OG0043585	ostta12g01410	
OG0043586	ostta17g00400	
OG0043587	ostta02g04960	
OG0043588	ostta18g00270	
OG0043589	ostta18g00350	
OG0043590	ostta18g01870	
OG0043591	ostta18g00280	
OG0043592	ostta18g00500	
OG0043593	ostta02g01810	
OG0043594	ostta10g02170	
OG0043595	ostta03g05850	
OG0043596	ostta10g01530	
OG0043597	ostta03g03990	
OG0043598	ostta11g01560	
OG0043599	ostta02g02810	
OG0043600		
OG0043601	ostta03g03540	
OG0043602	ostta10g02200	
OG0043603	ostta16g00860	
OG0043604	ostta10g03120	
OG0043605	ostta10g00860	
OG0043606	ostta03g01750	
OG0043607	ostta07g04420	
OG0043608		
OG0043609	ostta03g05890	
OG0043610	ostta10g01250	
OG0043611		
OG0043612	ostta18g00760	
OG0043613		
OG0043614	ostta07g02740	
OG0043615		
OG0043616	ostta07g01210	
OG0043617	ostta07g03950	
OG0043618	ostta04g02120	
OG0043619	ostta10g03540	
OG0043620	ostta07g00690	
OG0043621		
OG0043622	ostta07g03440	
OG0043623	ostta12g01460	
OG0043624	ostta14g01660	
OG0043625	ostta14g00430	
OG0043626	ostta05g04710	
OG0043627	ostta13g00060	
OG0043628		
OG0043629	ostta09g01810	
OG0043630		
OG0043631	ostta05g03510	
OG0043632	ostta05g02400	
OG0043633	ostta13g00460	
OG0043634	ostta05g03030	
OG0043635	ostta13g00780	
OG0043636	ostta13g00650	
OG0043637	ostta09g01490	
OG0043638	ostta09g01570	
OG0043639		
OG0043640	ostta06g00710	
OG0043641	ostta06g02870	
OG0043642	ostta08g03160	
OG0043643	ostta09g04120	
OG0043644	ostta10g01880	
OG0043645	ostta19g00520	
OG0043646	ostta14g00490	
OG0043647	ostta07g00335	
OG0043648	ostta03g01250	
OG0043649	ostta03g03650	
OG0043650	ostta02g03150	
OG0043651	ostta04g02890	
OG0043652	ostta02g02970	
OG0043653		
OG0043654		
OG0043655		
OG0043656		
OG0043657		
OG0043658		
OG0043659		
OG0043660		
OG0043661		
OG0043662		
OG0043663		
OG0043664		
OG0043665		
OG0043666		
OG0043667		
OG0043668		
OG0043669		
OG0043670		
OG0043671		
OG0043672		
OG0043673		
OG0043674		
OG0043675		
OG0043676		
OG0043677		
OG0043678		
OG0043679		
OG0043680		
OG0043681		
OG0043682		
OG0043683		
OG0043684		
OG0043685		
OG0043686		
OG0043687		
OG0043688		
OG0043689		
OG0043690		
OG0043691		
OG0043692		
OG0043693		
OG0043694		
OG0043695		
OG0043696		
OG0043697		
OG0043698		
OG0043699		
OG0043700		
OG0043701		
OG0043702		
OG0043703		
OG0043704		
OG0043705		
OG0043706		
OG0043707		
OG0043708		
OG0043709		
OG0043710		
OG0043711		
OG0043712		
OG0043713		
OG0043714		
OG0043715		
OG0043716		
OG0043717		
OG0043718		
OG0043719		
OG0043720		
OG0043721		
OG0043722		
OG0043723		
OG0043724		
OG0043725		
OG0043726		
OG0043727		
OG0043728		
OG0043729		
OG0043730		
OG0043731		
OG0043732		
OG0043733		
OG0043734		
OG0043735		
OG0043736		
OG0043737		
OG0043738		
OG0043739		
OG0043740		
OG0043741		
OG0043742		
OG0043743		
OG0043744		
OG0043745		
OG0043746		
OG0043747		
OG0043748		
OG0043749		
OG0043750		
OG0043751		
OG0043752		
OG0043753		
OG0043754		
OG0043755		
OG0043756		
OG0043757		
OG0043758		
OG0043759		
OG0043760		
OG0043761		
OG0043762		
OG0043763		
OG0043764		
OG0043765		
OG0043766		
OG0043767		
OG0043768		
OG0043769		
OG0043770		
OG0043771		
OG0043772		
OG0043773		
OG0043774		
OG0043775		
OG0043776		
OG0043777		
OG0043778		
OG0043779		
OG0043780		
OG0043781		
OG0043782		
OG0043783		
OG0043784		
OG0043785		
OG0043786		
OG0043787		
OG0043788		
OG0043789		
OG0043790		
OG0043791		
OG0043792		
OG0043793		
OG0043794		
OG0043795		
OG0043796		
OG0043797		
OG0043798		
OG0043799		
OG0043800		
OG0043801		
OG0043802		
OG0043803		
OG0043804		
OG0043805		
OG0043806		
OG0043807		
OG0043808		
OG0043809		
OG0043810		
OG0043811		
OG0043812		
OG0043813		
OG0043814		
OG0043815		
OG0043816		
OG0043817		
OG0043818		
OG0043819		
OG0043820		
OG0043821		
OG0043822		
OG0043823		
OG0043824		
OG0043825		
OG0043826		
OG0043827		
OG0043828		
OG0043829		
OG0043830		
OG0043831		
OG0043832		
OG0043833		
OG0043834		
OG0043835		
OG0043836		
OG0043837		
OG0043838		
OG0043839		
OG0043840		
OG0043841		
OG0043842		
OG0043843		
OG0043844		
OG0043845		
OG0043846		
OG0043847		
OG0043848		
OG0043849		
OG0043850		
OG0043851		
OG0043852		
OG0043853		
OG0043854		
OG0043855		
OG0043856		
OG0043857		
OG0043858		
OG0043859		
OG0043860		
OG0043861		
OG0043862		
OG0043863		
OG0043864		
OG0043865		
OG0043866		
OG0043867		
OG0043868		
OG0043869		
OG0043870		
OG0043871		
OG0043872		
OG0043873		
OG0043874		
OG0043875		
OG0043876		
OG0043877		
OG0043878		
OG0043879		
OG0043880		
OG0043881		
OG0043882		
OG0043883		
OG0043884		
OG0043885		
OG0043886		
OG0043887		
OG0043888		
OG0043889		
OG0043890		
OG0043891		
OG0043892		
OG0043893		
OG0043894		
OG0043895		
OG0043896		
OG0043897		
OG0043898		
OG0043899		
OG0043900		
OG0043901		
OG0043902		
OG0043903		
OG0043904		
OG0043905		
OG0043906		
OG0043907		
OG0043908		
OG0043909		
OG0043910		
OG0043911		
OG0043912		
OG0043913		
OG0043914		
OG0043915		
OG0043916		
OG0043917		
OG0043918		
OG0043919		
OG0043920		
OG0043921		
OG0043922		
OG0043923		
OG0043924		
OG0043925		
OG0043926		
OG0043927		
OG0043928		
OG0043929		
OG0043930		
OG0043931		
OG0043932		
OG0043933		
OG0043934		
OG0043935		
OG0043936		
OG0043937		
OG0043938		
OG0043939		
OG0043940		
OG0043941		
OG0043942		
OG0043943		
OG0043944		
OG0043945		
OG0043946		
OG0043947		
OG0043948		
OG0043949		
OG0043950		
OG0043951		
OG0043952		
OG0043953		
OG0043954		
OG0043955		
OG0043956		
OG0043957		
OG0043958		
OG0043959		
OG0043960		
OG0043961		
OG0043962		
OG0043963		
OG0043964		
OG0043965		
OG0043966		
OG0043967		
OG0043968		
OG0043969		
OG0043970		
OG0043971		
OG0043972		
OG0043973		
OG0043974		
OG0043975		
OG0043976		
OG0043977		
OG0043978		
OG0043979		
OG0043980		
OG0043981		
OG0043982		
OG0043983		
OG0043984		
OG0043985		
OG0043986		
OG0043987		
OG0043988		
OG0043989		
OG0043990		
OG0043991		
OG0043992		
OG0043993		
OG0043994		
OG0043995		
OG0043996		
OG0043997		
OG0043998		
OG0043999		
OG0044000		
OG0044001		
OG0044002		
OG0044003		
OG0044004		
OG0044005		
OG0044006		
OG0044007		
OG0044008		
OG0044009		
OG0044010		
OG0044011		
OG0044012		
OG0044013		
OG0044014		
OG0044015		
OG0044016		
OG0044017		
OG0044018		
OG0044019		
OG0044020		
OG0044021		
OG0044022		
OG0044023		
OG0044024		
OG0044025		
OG0044026		
OG0044027		
OG0044028		
OG0044029		
OG0044030		
OG0044031		
OG0044032		
OG0044033		
OG0044034		
OG0044035		
OG0044036		
OG0044037		
OG0044038		
OG0044039		
OG0044040		
OG0044041		
OG0044042		
OG0044043		
OG0044044		
OG0044045		
OG0044046		
OG0044047		
OG0044048		
OG0044049		
OG0044050		
OG0044051		
OG0044052		
OG0044053		
OG0044054		
OG0044055		
OG0044056		
OG0044057		
OG0044058		
OG0044059		
OG0044060		
OG0044061		
OG0044062		
OG0044063		
OG0044064		
OG0044065		
OG0044066		
OG0044067		
OG0044068		
OG0044069		
OG0044070		
OG0044071		
OG0044072		
OG0044073		
OG0044074		
OG0044075		
OG0044076		
OG0044077		
OG0044078		
OG0044079		
OG0044080		
OG0044081		
OG0044082		
OG0044083		
OG0044084		
OG0044085		
OG0044086		
OG0044087		
OG0044088		
OG0044089		
OG0044090		
OG0044091		
OG0044092		
OG0044093		
OG0044094		
OG0044095		
OG0044096		
OG0044097		
OG0044098		
OG0044099		
OG0044100		
OG0044101		
OG0044102		
OG0044103		
OG0044104		
OG0044105		
OG0044106		
OG0044107		
OG0044108		
OG0044109		
OG0044110		
OG0044111		
OG0044112		
OG0044113		
OG0044114		
OG0044115		
OG0044116		
OG0044117		
OG0044118		
OG0044119		
OG0044120		
OG0044121		
OG0044122		
OG0044123		
OG0044124		
OG0044125		
OG0044126		
OG0044127		
OG0044128		
OG0044129		
OG0044130		
OG0044131		
OG0044132		
OG0044133		
OG0044134		
OG0044135		
OG0044136		
OG0044137		
OG0044138		
OG0044139		
OG0044140		
OG0044141		
OG0044142		
OG0044143		
OG0044144		
OG0044145		
OG0044146		
OG0044147		
OG0044148		
OG0044149		
OG0044150		
OG0044151		
OG0044152		
OG0044153		
OG0044154		
OG0044155		
OG0044156		
OG0044157		
OG0044158		
OG0044159		
OG0044160		
OG0044161		
OG0044162		
OG0044163		
OG0044164		
OG0044165		
OG0044166		
OG0044167		
OG0044168		
OG0044169		
OG0044170		
OG0044171		
OG0044172		
OG0044173		
OG0044174		
OG0044175		
OG0044176		
OG0044177		
OG0044178		
OG0044179		
OG0044180		
OG0044181		
OG0044182		
OG0044183		
OG0044184		
OG0044185		
OG0044186		
OG0044187		
OG0044188		
OG0044189		
OG0044190		
OG0044191		
OG0044192		
OG0044193		
OG0044194		
OG0044195		
OG0044196		
OG0044197		
OG0044198		
OG0044199		
OG0044200		
OG0044201		
OG0044202		
OG0044203		
OG0044204		
OG0044205		
OG0044206		
OG0044207		
OG0044208		
OG0044209		
OG0044210		
OG0044211		
OG0044212		
OG0044213		
OG0044214		
OG0044215		
OG0044216		
OG0044217		
OG0044218		
OG0044219		
OG0044220		
OG0044221		
OG0044222		
OG0044223		
OG0044224		
OG0044225		
OG0044226		
OG0044227		
OG0044228		
OG0044229		
OG0044230		
OG0044231		
OG0044232		
OG0044233		
OG0044234		
OG0044235		
OG0044236		
OG0044237		
OG0044238		
OG0044239		
OG0044240		
OG0044241		
OG0044242		
OG0044243		
OG0044244		
OG0044245		
OG0044246		
OG0044247		
OG0044248		
OG0044249		
OG0044250		
OG0044251		
OG0044252		
OG0044253		
OG0044254		
OG0044255		
OG0044256		
OG0044257		
OG0044258		
OG0044259		
OG0044260		
OG0044261		
OG0044262		
OG0044263		
OG0044264		
OG0044265		
OG0044266		
OG0044267		
OG0044268		
OG0044269		
OG0044270		
OG0044271		
OG0044272		
OG0044273		
OG0044274		
OG0044275		
OG0044276		
OG0044277		
OG0044278		
OG0044279		
OG0044280		
OG0044281		
OG0044282		
OG0044283		
OG0044284		
OG0044285		
OG0044286		
OG0044287		
OG0044288		
OG0044289		
OG0044290		
OG0044291		
OG0044292		
OG0044293		
OG0044294		
OG0044295		
OG0044296		
OG0044297		
OG0044298		
OG0044299		
OG0044300		
OG0044301		
OG0044302		
OG0044303		
OG0044304		
OG0044305		
OG0044306		
OG0044307		
OG0044308		
OG0044309		
OG0044310		
OG0044311		
OG0044312		
OG0044313		
OG0044314		
OG0044315		
OG0044316		
OG0044317		
OG0044318		
OG0044319		
OG0044320		
OG0044321		
OG0044322		
OG0044323		
OG0044324		
OG0044325		
OG0044326		
OG0044327		
OG0044328		
OG0044329		
OG0044330		
OG0044331		
OG0044332		
OG0044333		
OG0044334		
OG0044335		
OG0044336		
OG0044337		
OG0044338		
OG0044339		
OG0044340		
OG0044341		
OG0044342		
OG0044343		
OG0044344		
OG0044345		
OG0044346		
OG0044347		
OG0044348		
OG0044349		
OG0044350		
OG0044351		
OG0044352		
OG0044353		
OG0044354		
OG0044355		
OG0044356		
OG0044357		
OG0044358		
OG0044359		
OG0044360		
OG0044361		
OG0044362		
OG0044363		
OG0044364		
OG0044365		
OG0044366		
OG0044367		
OG0044368		
OG0044369		
OG0044370		
OG0044371		
OG0044372		
OG0044373		
OG0044374		
OG0044375		
OG0044376		
OG0044377		
OG0044378		
OG0044379		
OG0044380		
OG0044381		
OG0044382		
OG0044383		
OG0044384		
OG0044385		
OG0044386		
OG0044387		
OG0044388		
OG0044389		
OG0044390		
OG0044391		
OG0044392		
OG0044393		
OG0044394		
OG0044395		
OG0044396		
OG0044397		
OG0044398		
OG0044399		
OG0044400		
OG0044401		
OG0044402		
OG0044403		
OG0044404		
OG0044405		
OG0044406		
OG0044407		
OG0044408		
OG0044409		
OG0044410		
OG0044411		
OG0044412		
OG0044413		
OG0044414		
OG0044415		
OG0044416		
OG0044417		
OG0044418		
OG0044419		
OG0044420		
OG0044421		
OG0044422		
OG0044423		
OG0044424		
OG0044425		
OG0044426		
OG0044427		
OG0044428		
OG0044429		
OG0044430		
OG0044431		
OG0044432		
OG0044433		
OG0044434		
OG0044435		
OG0044436		
OG0044437		
OG0044438		
OG0044439		
OG0044440		
OG0044441		
OG0044442		
OG0044443		
OG0044444		
OG0044445		
OG0044446		
OG0044447		
OG0044448		
OG0044449		
OG0044450		
OG0044451		
OG0044452		
OG0044453		
OG0044454		
OG0044455		
OG0044456		
OG0044457		
OG0044458		
OG0044459		
OG0044460		
OG0044461		
OG0044462		
OG0044463		
OG0044464		
OG0044465		
OG0044466		
OG0044467		
OG0044468		
OG0044469		
OG0044470		
OG0044471		
OG0044472		
OG0044473		
OG0044474		
OG0044475		
OG0044476		
OG0044477		
OG0044478		
OG0044479		
OG0044480		
OG0044481		
OG0044482		
OG0044483		
OG0044484		
OG0044485		
OG0044486		
OG0044487		
OG0044488		
OG0044489		
OG0044490		
OG0044491		
OG0044492		
OG0044493		
OG0044494		
OG0044495	ostta01g04300, ostta11g00850	
OG0044496	ostta01g05940, ostta05g02770	
OG0044497	ostta11g00240, ostta11g00250	
OG0044498	ostta09g04520, ostta11g01800	
OG0044499	ostta06g00010, ostta13g00010	
OG0044500	ostta05g02426, ostta14g01470	
OG0044501	ostta06g04550, ostta14g02990	
OG0044502	ostta02g03510, ostta15g02590	
OG0044503	ostta15g02650, ostta18g00700	
OG0044504	ostta06g03590, ostta16g00130	
OG0044505	ostta16g00280, ostta19g00200	
OG0044506	ostta08g03290, ostta17g00730	
OG0044507	ostta02g02615, ostta19g00090	
OG0044508	ostta19g00120, ostta19g00320	
OG0044509	ostta02g02715, ostta19g00530	
OG0044510	ostta08g00380, ostta19g00540	
OG0044511	ostta02g00700, ostta02g00770	
OG0044512	ostta02g00970, ostta09g01350	
OG0044513	ostta03g00030, ostta03g03560	
OG0044514	ostta03g04960, ostta07g00470	
OG0044515	ostta04g01840, ostta05g01210	
OG0044516	ostta04g02940, ostta05g03990	
OG0044517	ostta04g03220, ostta05g01580	
OG0044518	ostta05g00810, ostta07g03840	
OG0044519	ostta05g03380, ostta07g04110	
OG0044520	ostta06g01680, ostta07g01770	
OG0044521	ostta07g01170, ostta07g01175	
OG0044522	ostta08g03000, ostta08g03010	
OG0044523	ostta08g03920, ostta09g03280	
OG0044524	ostta08g03940, ostta09g03370	
OG0044525	ostta09g04430, ostta09g04460	
OG0044526		
OG0044527		
OG0044528		
OG0044529		
OG0044530		
OG0044531		
OG0044532		
OG0044533		
OG0044534		
OG0044535		
OG0044536		
OG0044537		
OG0044538		
OG0044539		
OG0044540		
OG0044541		
OG0044542		
OG0044543		
OG0044544		
OG0044545		
OG0044546		
OG0044547		
OG0044548		
OG0044549		
OG0044550		
OG0044551		
OG0044552		
OG0044553		
OG0044554		
OG0044555		
OG0044556		
OG0044557		
OG0044558		
OG0044559		
OG0044560		
OG0044561		
OG0044562		
OG0044563		
OG0044564		
OG0044565		
OG0044566		
OG0044567		
OG0044568		
OG0044569		
OG0044570		
OG0044571		
OG0044572		
OG0044573		
OG0044574		
OG0044575		
OG0044576		
OG0044577		
OG0044578		
OG0044579		
OG0044580		
OG0044581		
OG0044582		
OG0044583		
OG0044584		
OG0044585		
OG0044586		
OG0044587		
OG0044588		
OG0044589		
OG0044590		
OG0044591		
OG0044592		
OG0044593		
OG0044594		
OG0044595		
OG0044596		
OG0044597		
OG0044598		
OG0044599		
OG0044600		
OG0044601		
OG0044602		
OG0044603		
OG0044604		
OG0044605		
OG0044606		
OG0044607		
OG0044608		
OG0044609		
OG0044610		
OG0044611		
OG0044612		
OG0044613		
OG0044614		
OG0044615		
OG0044616		
OG0044617		
OG0044618		
OG0044619		
OG0044620		
OG0044621		
OG0044622		
OG0044623		
OG0044624		
OG0044625		
OG0044626		
OG0044627		
OG0044628		
OG0044629		
OG0044630		
OG0044631		
OG0044632		
OG0044633		
OG0044634		
OG0044635		
OG0044636		
OG0044637		
OG0044638		
OG0044639		
OG0044640		
OG0044641		
OG0044642		
OG0044643		
OG0044644		
OG0044645		
OG0044646		
OG0044647		
OG0044648		
OG0044649		
OG0044650		
OG0044651		
OG0044652		
OG0044653		
OG0044654		
OG0044655		
OG0044656		
OG0044657		
OG0044658		
OG0044659		
OG0044660		
OG0044661		
OG0044662		
OG0044663		
OG0044664		
OG0044665		
OG0044666		
OG0044667		
OG0044668		
OG0044669		
OG0044670		
OG0044671		
OG0044672		
OG0044673		
OG0044674		
OG0044675		
OG0044676		
OG0044677		
OG0044678		
OG0044679		
OG0044680		
OG0044681		
OG0044682		
OG0044683		
OG0044684		
OG0044685		
OG0044686		
OG0044687		
OG0044688		
OG0044689		
OG0044690		
OG0044691		
OG0044692		
OG0044693		
OG0044694		
OG0044695		
OG0044696		
OG0044697		
OG0044698		
OG0044699		
OG0044700		
OG0044701		
OG0044702		
OG0044703		
OG0044704		
OG0044705		
OG0044706		
OG0044707		
OG0044708		
OG0044709		
OG0044710		
OG0044711		
OG0044712		
OG0044713		
OG0044714		
OG0044715		
OG0044716		
OG0044717		
OG0044718		
OG0044719		
OG0044720		
OG0044721		
OG0044722		
OG0044723		
OG0044724		
OG0044725		
OG0044726		
OG0044727		
OG0044728		
OG0044729		
OG0044730		
OG0044731		
OG0044732		
OG0044733		
OG0044734		
OG0044735		
OG0044736		
OG0044737		
OG0044738		
OG0044739		
OG0044740		
OG0044741		
OG0044742		
OG0044743		
OG0044744		
OG0044745		
OG0044746		
OG0044747		
OG0044748		
OG0044749		
OG0044750		
OG0044751		
OG0044752		
OG0044753		
OG0044754		
OG0044755		
OG0044756		
OG0044757		
OG0044758		
OG0044759		
OG0044760		
OG0044761		
OG0044762		
OG0044763		
OG0044764		
OG0044765		
OG0044766		
OG0044767		
OG0044768		
OG0044769		
OG0044770		
OG0044771		
OG0044772		
OG0044773		
OG0044774		
OG0044775		
OG0044776		
OG0044777		
OG0044778		
OG0044779		
OG0044780		
OG0044781		
OG0044782		
OG0044783		
OG0044784		
OG0044785		
OG0044786		
OG0044787		
OG0044788		
OG0044789		
OG0044790		
OG0044791		
OG0044792		
OG0044793		
OG0044794		
OG0044795		
OG0044796		
OG0044797		
OG0044798		
OG0044799		
OG0044800		
OG0044801		
OG0044802		
OG0044803		
OG0044804		
OG0044805		
OG0044806		
OG0044807		
OG0044808		
OG0044809		
OG0044810		
OG0044811		
OG0044812		
OG0044813		
OG0044814		
OG0044815		
OG0044816		
OG0044817		
OG0044818		
OG0044819		
OG0044820		
OG0044821		
OG0044822		
OG0044823		
OG0044824		
OG0044825		
OG0044826		
OG0044827		
OG0044828		
OG0044829		
OG0044830		
OG0044831		
OG0044832		
OG0044833		
OG0044834		
OG0044835		
OG0044836		
OG0044837		
OG0044838		
OG0044839		
OG0044840		
OG0044841		
OG0044842		
OG0044843		
OG0044844		
OG0044845		
OG0044846		
OG0044847		
OG0044848		
OG0044849		
OG0044850		
OG0044851		
OG0044852		
OG0044853		
OG0044854		
OG0044855		
OG0044856		
OG0044857		
OG0044858		
OG0044859		
OG0044860		
OG0044861		
OG0044862		
OG0044863		
OG0044864		
OG0044865		
OG0044866		
OG0044867		
OG0044868		
OG0044869		
OG0044870		
OG0044871		
OG0044872		
OG0044873		
OG0044874		
OG0044875		
OG0044876		
OG0044877		
OG0044878		
OG0044879		
OG0044880		
OG0044881		
OG0044882		
OG0044883		
OG0044884		
OG0044885		
OG0044886		
OG0044887		
OG0044888		
OG0044889		
OG0044890		
OG0044891		
OG0044892		
OG0044893		
OG0044894		
OG0044895		
OG0044896		
OG0044897		
OG0044898		
OG0044899		
OG0044900		
OG0044901		
OG0044902		
OG0044903		
OG0044904		
OG0044905		
OG0044906		
OG0044907		
OG0044908		
OG0044909		
OG0044910		
OG0044911		
OG0044912		
OG0044913		
OG0044914		
OG0044915		
OG0044916		
OG0044917		
OG0044918		
OG0044919		
OG0044920		
OG0044921		
OG0044922		
OG0044923		
OG0044924		
OG0044925		
OG0044926		
OG0044927		
OG0044928		
OG0044929		
OG0044930		
OG0044931		
OG0044932		
OG0044933		
OG0044934		
OG0044935		
OG0044936		
OG0044937		
OG0044938		
OG0044939		
OG0044940		
OG0044941		
OG0044942		
OG0044943		
OG0044944		
OG0044945		
OG0044946		
OG0044947		
OG0044948		
OG0044949		
OG0044950		
OG0044951		
OG0044952		
OG0044953		
OG0044954		
OG0044955		
OG0044956		
OG0044957		
OG0044958		
OG0044959		
OG0044960		
OG0044961		
OG0044962		
OG0044963		
OG0044964		
OG0044965		
OG0044966		
OG0044967		
OG0044968		
OG0044969		
OG0044970		
OG0044971		
OG0044972		
OG0044973		
OG0044974		
OG0044975		
OG0044976		
OG0044977		
OG0044978		
OG0044979		
OG0044980		
OG0044981		
OG0044982		
OG0044983		
OG0044984		
OG0044985		
OG0044986		
OG0044987		
OG0044988		
OG0044989		
OG0044990		
OG0044991		
OG0044992		
OG0044993		
OG0044994		
OG0044995		
OG0044996		
OG0044997		
OG0044998		
OG0044999		
OG0045000		
OG0045001		
OG0045002		
OG0045003		
OG0045004		
OG0045005		
OG0045006		
OG0045007		
OG0045008		
OG0045009		
OG0045010		
OG0045011		
OG0045012		
OG0045013		
OG0045014		
OG0045015		
OG0045016		
OG0045017		
OG0045018		
OG0045019		
OG0045020		
OG0045021		
OG0045022		
OG0045023		
OG0045024		
OG0045025		
OG0045026		
OG0045027		
OG0045028		
OG0045029		
OG0045030		
OG0045031		
OG0045032		
OG0045033		
OG0045034		
OG0045035		
OG0045036		
OG0045037		
OG0045038		
OG0045039		
OG0045040		
OG0045041		
OG0045042		
OG0045043		
OG0045044		
OG0045045		
OG0045046		
OG0045047		
OG0045048		
OG0045049		
OG0045050		
OG0045051		
OG0045052		
OG0045053		
OG0045054		
OG0045055		
OG0045056		
OG0045057		
OG0045058		
OG0045059		
OG0045060		
OG0045061		
OG0045062		
OG0045063		
OG0045064		
OG0045065		
OG0045066		
OG0045067		
OG0045068		
OG0045069		
OG0045070		
OG0045071		
OG0045072		
OG0045073		
OG0045074		
OG0045075		
OG0045076		
OG0045077		
OG0045078		
OG0045079		
OG0045080		
OG0045081		
OG0045082		
OG0045083		
OG0045084		
OG0045085		
OG0045086		
OG0045087		
OG0045088		
OG0045089		
OG0045090		
OG0045091		
OG0045092		
OG0045093		
OG0045094		
OG0045095		
OG0045096		
OG0045097		
OG0045098		
OG0045099		
OG0045100		
OG0045101		
OG0045102		
OG0045103		
OG0045104		
OG0045105		
OG0045106		
OG0045107		
OG0045108		
OG0045109		
OG0045110		
OG0045111		
OG0045112		
OG0045113		
OG0045114		
OG0045115		
OG0045116		
OG0045117		
OG0045118		
OG0045119		
OG0045120		
OG0045121		
OG0045122		
OG0045123		
OG0045124		
OG0045125		
OG0045126		
OG0045127		
OG0045128		
OG0045129		
OG0045130		
OG0045131		
OG0045132		
OG0045133		
OG0045134		
OG0045135		
OG0045136		
OG0045137		
OG0045138		
OG0045139		
OG0045140		
OG0045141		
OG0045142		
OG0045143		
OG0045144		
OG0045145		
OG0045146		
OG0045147		
OG0045148		
OG0045149		
OG0045150		
OG0045151		
OG0045152		
OG0045153		
OG0045154		
OG0045155		
OG0045156		
OG0045157		
OG0045158		
OG0045159		
OG0045160		
OG0045161		
OG0045162		
OG0045163		
OG0045164		
OG0045165		
OG0045166		
OG0045167		
OG0045168		
OG0045169		
OG0045170		
OG0045171		
OG0045172		
OG0045173		
OG0045174		
OG0045175		
OG0045176		
OG0045177		
OG0045178		
OG0045179		
OG0045180		
OG0045181		
OG0045182		
OG0045183		
OG0045184		
OG0045185		
OG0045186		
OG0045187		
OG0045188		
OG0045189		
OG0045190		
OG0045191		
OG0045192		
OG0045193		
OG0045194		
OG0045195		
OG0045196		
OG0045197		
OG0045198		
OG0045199		
OG0045200		
OG0045201		
OG0045202		
OG0045203		
OG0045204		
OG0045205		
OG0045206		
OG0045207		
OG0045208		
OG0045209		
OG0045210		
OG0045211		
OG0045212		
OG0045213		
OG0045214		
OG0045215		
OG0045216		
OG0045217		
OG0045218		
OG0045219		
OG0045220		
OG0045221		
OG0045222		
OG0045223		
OG0045224		
OG0045225		
OG0045226		
OG0045227		
OG0045228		
OG0045229		
OG0045230		
OG0045231		
OG0045232		
OG0045233		
OG0045234		
OG0045235		
OG0045236		
OG0045237		
OG0045238		
OG0045239		
OG0045240		
OG0045241		
OG0045242		
OG0045243		
OG0045244		
OG0045245		
OG0045246		
OG0045247		
OG0045248		
OG0045249		
OG0045250		
OG0045251		
OG0045252		
OG0045253		
OG0045254		
OG0045255		
OG0045256		
OG0045257		
OG0045258		
OG0045259		
OG0045260		
OG0045261		
OG0045262		
OG0045263		
OG0045264		
OG0045265		
OG0045266		
OG0045267		
OG0045268		
OG0045269		
OG0045270		
OG0045271		
OG0045272		
OG0045273		
OG0045274		
OG0045275		
OG0045276		
OG0045277		
OG0045278		
OG0045279		
OG0045280		
OG0045281		
OG0045282		
OG0045283		
OG0045284		
OG0045285		
OG0045286		
OG0045287		
OG0045288		
OG0045289		
OG0045290		
OG0045291		
OG0045292		
OG0045293		
OG0045294		
OG0045295		
OG0045296		
OG0045297		
OG0045298		
OG0045299		
OG0045300		
OG0045301		
OG0045302		
OG0045303		
OG0045304		
OG0045305		
OG0045306		
OG0045307		
OG0045308		
OG0045309		
OG0045310		
OG0045311		
OG0045312		
OG0045313		
OG0045314		
OG0045315		
OG0045316		
OG0045317		
OG0045318		
OG0045319		
OG0045320		
OG0045321		
OG0045322		
OG0045323		
OG0045324		
OG0045325		
OG0045326		
OG0045327		
OG0045328		
OG0045329		
OG0045330		
OG0045331		
OG0045332		
OG0045333		
OG0045334		
OG0045335		
OG0045336		
OG0045337		
OG0045338		
OG0045339		
OG0045340		
OG0045341		
OG0045342		
OG0045343		
OG0045344		
OG0045345		
OG0045346		
OG0045347		
OG0045348		
OG0045349		
OG0045350		
OG0045351		
OG0045352		
OG0045353		
OG0045354		
OG0045355		
OG0045356		
OG0045357		
OG0045358		
OG0045359		
OG0045360		
OG0045361		
OG0045362		
OG0045363		
OG0045364		
OG0045365		
OG0045366		
OG0045367		
OG0045368		
OG0045369		
OG0045370		
OG0045371		
OG0045372		
OG0045373		
OG0045374		
OG0045375		
OG0045376		
OG0045377		
OG0045378		
OG0045379		
OG0045380		
OG0045381		
OG0045382		
OG0045383		
OG0045384		
OG0045385		
OG0045386		
OG0045387		
OG0045388		
OG0045389		
OG0045390		
OG0045391		
OG0045392		
OG0045393		
OG0045394		
OG0045395		
OG0045396		
OG0045397		
OG0045398		
OG0045399		
OG0045400		
OG0045401		
OG0045402		
OG0045403		
OG0045404		
OG0045405		
OG0045406		
OG0045407		
OG0045408		
OG0045409		
OG0045410		
OG0045411		
OG0045412		
OG0045413		
OG0045414		
OG0045415		
OG0045416		
OG0045417		
OG0045418		
OG0045419		
OG0045420		
OG0045421		
OG0045422		
OG0045423		
OG0045424		
OG0045425		
OG0045426		
OG0045427		
OG0045428		
OG0045429		
OG0045430		
OG0045431		
OG0045432		
OG0045433		
OG0045434		
OG0045435		
OG0045436		
OG0045437		
OG0045438		
OG0045439		
OG0045440		
OG0045441		
OG0045442		
OG0045443		
OG0045444		
OG0045445		
OG0045446		
OG0045447		
OG0045448		
OG0045449		
OG0045450		
OG0045451		
OG0045452		
OG0045453		
OG0045454		
OG0045455		
OG0045456		
OG0045457		
OG0045458		
OG0045459		
OG0045460		
OG0045461		
OG0045462		
OG0045463		
OG0045464		
OG0045465		
OG0045466		
OG0045467		
OG0045468		
OG0045469		
OG0045470		
OG0045471		
OG0045472		
OG0045473		
OG0045474		
OG0045475		
OG0045476		
OG0045477		
OG0045478		
OG0045479		
OG0045480		
OG0045481		
OG0045482		
OG0045483		
OG0045484		
OG0045485		
OG0045486		
OG0045487		
OG0045488		
OG0045489		
OG0045490		
OG0045491		
OG0045492		
OG0045493		
OG0045494		
OG0045495		
OG0045496		
OG0045497		
OG0045498		
OG0045499		
OG0045500		
OG0045501		
OG0045502		
OG0045503		
OG0045504		
OG0045505		
OG0045506		
OG0045507		
OG0045508		
OG0045509		
OG0045510		
OG0045511		
OG0045512		
OG0045513		
OG0045514		
OG0045515		
OG0045516		
OG0045517		
OG0045518		
OG0045519		
OG0045520		
OG0045521		
OG0045522		
OG0045523		
OG0045524		
OG0045525		
OG0045526		
OG0045527		
OG0045528		
OG0045529		
OG0045530		
OG0045531		
OG0045532		
OG0045533		
OG0045534		
OG0045535		
OG0045536		
OG0045537		
OG0045538		
OG0045539		
OG0045540		
OG0045541		
OG0045542		
OG0045543		
OG0045544		
OG0045545		
OG0045546		
OG0045547		
OG0045548		
OG0045549		
OG0045550		
OG0045551		
OG0045552		
OG0045553		
OG0045554		
OG0045555		
OG0045556		
OG0045557		
OG0045558		
OG0045559		
OG0045560		
OG0045561		
OG0045562		
OG0045563		
OG0045564		
OG0045565		
OG0045566		
OG0045567		
OG0045568		
OG0045569		
OG0045570		
OG0045571		
OG0045572		
OG0045573		
OG0045574		
OG0045575		
OG0045576		
OG0045577		
OG0045578		
OG0045579		
OG0045580		
OG0045581		
OG0045582		
OG0045583		
OG0045584		
OG0045585		
OG0045586		
OG0045587		
OG0045588		
OG0045589		
OG0045590		
OG0045591		
OG0045592		
OG0045593		
OG0045594		
OG0045595		
OG0045596		
OG0045597		
OG0045598		
OG0045599		
OG0045600		
OG0045601		
OG0045602		
OG0045603		
OG0045604		
OG0045605		
OG0045606		
OG0045607		
OG0045608		
OG0045609		
OG0045610		
OG0045611		
OG0045612		
OG0045613		
OG0045614		
OG0045615		
OG0045616		
OG0045617		
OG0045618		
OG0045619		
OG0045620		
OG0045621		
OG0045622		
OG0045623		
OG0045624		
OG0045625		
OG0045626		
OG0045627		
OG0045628		
OG0045629		
OG0045630		
OG0045631		
OG0045632		
OG0045633		
OG0045634		
OG0045635		
OG0045636		
OG0045637		
OG0045638		
OG0045639		
OG0045640		
OG0045641		
OG0045642		
OG0045643		
OG0045644		
OG0045645		
OG0045646		
OG0045647		
OG0045648		
OG0045649		
OG0045650		
OG0045651		
OG0045652		
OG0045653		
OG0045654		
OG0045655		
OG0045656		
OG0045657		
OG0045658		
OG0045659		
OG0045660		
OG0045661		
OG0045662		
OG0045663		
OG0045664		
OG0045665		
OG0045666		
OG0045667		
OG0045668		
OG0045669		
OG0045670		
OG0045671		
OG0045672		
OG0045673		
OG0045674		
OG0045675		
OG0045676		
OG0045677		
OG0045678		
OG0045679		
OG0045680		
OG0045681		
OG0045682		
OG0045683		
OG0045684		
OG0045685		
OG0045686		
OG0045687		
OG0045688		
OG0045689		
OG0045690		
OG0045691		
OG0045692		
OG0045693		
OG0045694		
OG0045695		
OG0045696		
OG0045697		
OG0045698		
OG0045699		
OG0045700		
OG0045701		
OG0045702		
OG0045703		
OG0045704		
OG0045705		
OG0045706		
OG0045707		
OG0045708		
OG0045709		
OG0045710		
OG0045711		
OG0045712		
OG0045713		
OG0045714		
OG0045715		
OG0045716		
OG0045717		
OG0045718		
OG0045719		
OG0045720		
OG0045721		
OG0045722		
OG0045723		
OG0045724		
OG0045725		
OG0045726		
OG0045727		
OG0045728		
OG0045729		
OG0045730		
OG0045731		
OG0045732		
OG0045733		
OG0045734		
OG0045735		
OG0045736		
OG0045737		
OG0045738		
OG0045739		
OG0045740		
OG0045741		
OG0045742		
OG0045743		
OG0045744		
OG0045745		
OG0045746		
OG0045747		
OG0045748		
OG0045749		
OG0045750		
OG0045751		
OG0045752		
OG0045753		
OG0045754		
OG0045755		
OG0045756		
OG0045757		
OG0045758		
OG0045759		
OG0045760		
OG0045761		
OG0045762		
OG0045763		
OG0045764		
OG0045765		
OG0045766		
OG0045767		
OG0045768		
OG0045769		
OG0045770		
OG0045771		
OG0045772		
OG0045773		
OG0045774		
OG0045775		
OG0045776		
OG0045777		
OG0045778		
OG0045779		
OG0045780		
OG0045781		
OG0045782		
OG0045783		
OG0045784		
OG0045785		
OG0045786		
OG0045787		
OG0045788		
OG0045789		
OG0045790		
OG0045791		
OG0045792		
OG0045793		
OG0045794		
OG0045795		
OG0045796		
OG0045797		
OG0045798		
OG0045799		
OG0045800		
OG0045801		
OG0045802		
OG0045803		
OG0045804		
OG0045805		
OG0045806		
OG0045807		
OG0045808		
OG0045809		
OG0045810		
OG0045811		
OG0045812		
OG0045813		
OG0045814		
OG0045815		
OG0045816		
OG0045817		
OG0045818		
OG0045819		
OG0045820		
OG0045821		
OG0045822		
OG0045823		
OG0045824		
OG0045825		
OG0045826		
OG0045827		
OG0045828		
OG0045829		
OG0045830		
OG0045831		
OG0045832		
OG0045833		
OG0045834		
OG0045835		
OG0045836		
OG0045837		
OG0045838		
OG0045839		
OG0045840		
OG0045841		
OG0045842		
OG0045843		
OG0045844		
OG0045845		
OG0045846		
OG0045847		
OG0045848		
OG0045849		
OG0045850		
OG0045851		
OG0045852		
OG0045853		
OG0045854		
OG0045855		
OG0045856		
OG0045857		
OG0045858		
OG0045859		
OG0045860		
OG0045861		
OG0045862		
OG0045863		
OG0045864		
OG0045865		
OG0045866		
OG0045867		
OG0045868		
OG0045869		
OG0045870		
OG0045871		
OG0045872		
OG0045873		
OG0045874		
OG0045875		
OG0045876		
OG0045877		
OG0045878		
OG0045879		
OG0045880		
OG0045881		
OG0045882		
OG0045883		
OG0045884		
OG0045885		
OG0045886		
OG0045887		
OG0045888		
OG0045889		
OG0045890		
OG0045891		
OG0045892		
OG0045893		
OG0045894		
OG0045895		
OG0045896		
OG0045897		
OG0045898		
OG0045899		
OG0045900		
OG0045901		
OG0045902		
OG0045903		
OG0045904		
OG0045905		
OG0045906		
OG0045907		
OG0045908		
OG0045909		
OG0045910		
OG0045911		
OG0045912		
OG0045913		
OG0045914		
OG0045915		
OG0045916		
OG0045917		
OG0045918		
OG0045919		
OG0045920		
OG0045921		
OG0045922		
OG0045923		
OG0045924		
OG0045925		
OG0045926		
OG0045927		
OG0045928		
OG0045929		
OG0045930		
OG0045931		
OG0045932		
OG0045933		
OG0045934		
OG0045935		
OG0045936		
OG0045937		
OG0045938		
OG0045939		
OG0045940		
OG0045941		
OG0045942		
OG0045943		
OG0045944		
OG0045945		
OG0045946		
OG0045947		
OG0045948		
OG0045949		
OG0045950		
OG0045951		
OG0045952		
OG0045953		
OG0045954		
OG0045955		
OG0045956		
OG0045957		
OG0045958		
OG0045959		
OG0045960		
OG0045961		
OG0045962		
OG0045963		
OG0045964		
OG0045965		
OG0045966		
OG0045967		
OG0045968		
OG0045969		
OG0045970		
OG0045971		
OG0045972		
OG0045973		
OG0045974		
OG0045975		
OG0045976		
OG0045977		
OG0045978		
OG0045979		
OG0045980		
OG0045981		
OG0045982		
OG0045983		
OG0045984		
OG0045985		
OG0045986		
OG0045987		
OG0045988		
OG0045989		
OG0045990		
OG0045991		
OG0045992		
OG0045993		
OG0045994		
OG0045995		
OG0045996		
OG0045997		
OG0045998		
OG0045999		
OG0046000		
OG0046001		
OG0046002		
OG0046003		
OG0046004		
OG0046005		
OG0046006		
OG0046007		
OG0046008		
OG0046009		
OG0046010		
OG0046011		
OG0046012		
OG0046013		
OG0046014		
OG0046015		
OG0046016		
OG0046017		
OG0046018		
OG0046019		
OG0046020		
OG0046021		
OG0046022		
OG0046023		
OG0046024		
OG0046025		
OG0046026		
OG0046027		
OG0046028		
OG0046029		
OG0046030		
OG0046031		
OG0046032		
OG0046033		
OG0046034		
OG0046035		
OG0046036		
OG0046037		
OG0046038		
OG0046039		
OG0046040		
OG0046041		
OG0046042		
OG0046043		
OG0046044		
OG0046045		
OG0046046		
OG0046047		
OG0046048		
OG0046049		
OG0046050		
OG0046051		
OG0046052		
OG0046053		
OG0046054		
OG0046055		
OG0046056		
OG0046057		
OG0046058		
OG0046059		
OG0046060		
OG0046061		
OG0046062		
OG0046063		
OG0046064		
OG0046065		
OG0046066		
OG0046067		
OG0046068		
OG0046069		
OG0046070		
OG0046071		
OG0046072		
OG0046073		
OG0046074		
OG0046075		
OG0046076		
OG0046077		
OG0046078		
OG0046079		
OG0046080		
OG0046081		
OG0046082		
OG0046083		
OG0046084		
OG0046085		
OG0046086		
OG0046087		
OG0046088		
OG0046089		
OG0046090		
OG0046091		
OG0046092		
OG0046093		
OG0046094		
OG0046095		
OG0046096		
OG0046097		
OG0046098		
OG0046099		
OG0046100		
OG0046101		
OG0046102		
OG0046103		
OG0046104		
OG0046105		
OG0046106		
OG0046107		
OG0046108		
OG0046109		
OG0046110		
OG0046111		
OG0046112		
OG0046113		
OG0046114		
OG0046115		
OG0046116		
OG0046117		
OG0046118		
OG0046119		
OG0046120		
OG0046121		
OG0046122		
OG0046123		
OG0046124		
OG0046125		
OG0046126		
OG0046127		
OG0046128		
OG0046129		
OG0046130		
OG0046131		
OG0046132		
OG0046133		
OG0046134		
OG0046135		
OG0046136		
OG0046137		
OG0046138		
OG0046139		
OG0046140		
OG0046141		
OG0046142		
OG0046143		
OG0046144		
OG0046145		
OG0046146		
OG0046147		
OG0046148		
OG0046149		
OG0046150		
OG0046151		
OG0046152		
OG0046153		
OG0046154		
OG0046155		
OG0046156		
OG0046157		
OG0046158		
OG0046159		
OG0046160		
OG0046161		
OG0046162		
OG0046163		
OG0046164		
OG0046165		
OG0046166		
OG0046167		
OG0046168		
OG0046169		
OG0046170		
OG0046171		
OG0046172		
OG0046173		
OG0046174		
OG0046175		
OG0046176		
OG0046177		
OG0046178		
OG0046179		
OG0046180		
OG0046181		
OG0046182		
OG0046183		
OG0046184		
OG0046185		
OG0046186		
OG0046187		
OG0046188		
OG0046189		
OG0046190		
OG0046191		
OG0046192		
OG0046193		
OG0046194		
OG0046195		
OG0046196		
OG0046197		
OG0046198		
OG0046199		
OG0046200		
OG0046201		
OG0046202		
OG0046203		
OG0046204		
OG0046205		
OG0046206		
OG0046207		
OG0046208		
OG0046209		
OG0046210		
OG0046211		
OG0046212		
OG0046213		
OG0046214		
OG0046215		
OG0046216		
OG0046217		
OG0046218		
OG0046219		
OG0046220		
OG0046221		
OG0046222		
OG0046223		
OG0046224		
OG0046225		
OG0046226		
OG0046227		
OG0046228		
OG0046229		
OG0046230		
OG0046231		
OG0046232		
OG0046233		
OG0046234		
OG0046235		
OG0046236		
OG0046237		
OG0046238		
OG0046239		
OG0046240		
OG0046241		
OG0046242		
OG0046243		
OG0046244		
OG0046245		
OG0046246		
OG0046247		
OG0046248		
OG0046249		
OG0046250		
OG0046251		
OG0046252		
OG0046253		
OG0046254		
OG0046255		
OG0046256		
OG0046257		
OG0046258		
OG0046259		
OG0046260		
OG0046261		
OG0046262		
OG0046263		
OG0046264		
OG0046265		
OG0046266		
OG0046267		
OG0046268		
OG0046269		
OG0046270		
OG0046271		
OG0046272		
OG0046273		
OG0046274		
OG0046275		
OG0046276		
OG0046277		
OG0046278		
OG0046279		
OG0046280		
OG0046281		
OG0046282		
OG0046283		
OG0046284		
OG0046285		
OG0046286		
OG0046287		
OG0046288		
OG0046289		
OG0046290		
OG0046291		
OG0046292		
OG0046293		
OG0046294		
OG0046295		
OG0046296		
OG0046297		
OG0046298		
OG0046299		
OG0046300		
OG0046301		
OG0046302		
OG0046303		
OG0046304		
OG0046305		
OG0046306		
OG0046307		
OG0046308		
OG0046309		
OG0046310		
OG0046311		
OG0046312		
OG0046313		
OG0046314		
OG0046315		
OG0046316		
OG0046317		
OG0046318		
OG0046319		
OG0046320		
OG0046321		
OG0046322		
OG0046323		
OG0046324		
OG0046325		
OG0046326		
OG0046327		
OG0046328		
OG0046329		
OG0046330		
OG0046331		
OG0046332		
OG0046333		
OG0046334		
OG0046335		
OG0046336		
OG0046337		
OG0046338		
OG0046339		
OG0046340		
OG0046341		
OG0046342		
OG0046343		
OG0046344		
OG0046345		
OG0046346		
OG0046347		
OG0046348		
OG0046349		
OG0046350		
OG0046351		
OG0046352		
OG0046353		
OG0046354		
OG0046355		
OG0046356		
OG0046357		
OG0046358		
OG0046359		
OG0046360		
OG0046361		
OG0046362		
OG0046363		
OG0046364		
OG0046365		
OG0046366		
OG0046367		
OG0046368		
OG0046369		
OG0046370		
OG0046371		
OG0046372		
OG0046373		
OG0046374		
OG0046375		
OG0046376		
OG0046377		
OG0046378		
OG0046379		
OG0046380		
OG0046381		
OG0046382		
OG0046383		
OG0046384		
OG0046385		
OG0046386		
OG0046387		
OG0046388		
OG0046389		
OG0046390		
OG0046391		
OG0046392		
OG0046393		
OG0046394		
OG0046395		
OG0046396		
OG0046397		
OG0046398		
OG0046399		
OG0046400		
OG0046401		
OG0046402		
OG0046403		
OG0046404		
OG0046405		
OG0046406		
OG0046407		
OG0046408		
OG0046409		
OG0046410		
OG0046411		
OG0046412		
OG0046413		
OG0046414		
OG0046415		
OG0046416		
OG0046417		
OG0046418		
OG0046419		
OG0046420		
OG0046421		
OG0046422		
OG0046423		
OG0046424		
OG0046425		
OG0046426		
OG0046427		
OG0046428		
OG0046429		
OG0046430		
OG0046431		
OG0046432		
OG0046433		
OG0046434		
OG0046435		
OG0046436		
OG0046437		
OG0046438		
OG0046439		
OG0046440		
OG0046441		
OG0046442		
OG0046443		
OG0046444		
OG0046445		
OG0046446		
OG0046447		
OG0046448		
OG0046449		
OG0046450		
OG0046451		
OG0046452		
OG0046453		
OG0046454		
OG0046455		
OG0046456		
OG0046457		
OG0046458		
OG0046459		
OG0046460		
OG0046461		
OG0046462		
OG0046463		
OG0046464		
OG0046465		
OG0046466		
OG0046467		
OG0046468		
OG0046469		
OG0046470		
OG0046471		
OG0046472		
OG0046473		
OG0046474		
OG0046475		
OG0046476		
OG0046477		
OG0046478		
OG0046479		
OG0046480		
OG0046481		
OG0046482		
OG0046483		
OG0046484		
OG0046485		
OG0046486		
OG0046487		
OG0046488		
OG0046489		
OG0046490		
OG0046491		
OG0046492		
OG0046493		
OG0046494		
OG0046495		
OG0046496		
OG0046497		
OG0046498		
OG0046499		
OG0046500		
OG0046501		
OG0046502		
OG0046503		
OG0046504		
OG0046505		
OG0046506		
OG0046507		
OG0046508		
OG0046509		
OG0046510		
OG0046511		
OG0046512		
OG0046513		
OG0046514		
OG0046515		
OG0046516		
OG0046517		
OG0046518		
OG0046519		
OG0046520		
OG0046521		
OG0046522		
OG0046523		
OG0046524		
OG0046525		
OG0046526		
OG0046527		
OG0046528		
OG0046529		
OG0046530		
OG0046531		
OG0046532		
OG0046533		
OG0046534		
OG0046535		
OG0046536		
OG0046537		
OG0046538		
OG0046539		
OG0046540		
OG0046541		
OG0046542		
OG0046543		
OG0046544		
OG0046545		
OG0046546		
OG0046547		
OG0046548		
OG0046549		
OG0046550		
OG0046551		
OG0046552		
OG0046553		
OG0046554		
OG0046555		
OG0046556		
OG0046557		
OG0046558		
OG0046559		
OG0046560		
OG0046561		
OG0046562		
OG0046563		
OG0046564		
OG0046565		
OG0046566		
OG0046567		
OG0046568		
OG0046569		
OG0046570		
OG0046571		
OG0046572		
OG0046573		
OG0046574		
OG0046575		
OG0046576		
OG0046577		
OG0046578		
OG0046579		
OG0046580		
OG0046581		
OG0046582		
OG0046583		
OG0046584		
OG0046585		
OG0046586		
OG0046587		
OG0046588		
OG0046589		
OG0046590		
OG0046591		
OG0046592		
OG0046593		
OG0046594		
OG0046595		
OG0046596		
OG0046597		
OG0046598		
OG0046599		
OG0046600		
OG0046601		
OG0046602		
OG0046603		
OG0046604		
OG0046605		
OG0046606		
OG0046607		
OG0046608		
OG0046609		
OG0046610		
OG0046611		
OG0046612		
OG0046613		
OG0046614		
OG0046615		
OG0046616		
OG0046617		
OG0046618		
OG0046619		
OG0046620		
OG0046621		
OG0046622		
OG0046623		
OG0046624		
OG0046625		
OG0046626		
OG0046627		
OG0046628		
OG0046629		
OG0046630		
OG0046631		
OG0046632		
OG0046633		
OG0046634		
OG0046635		
OG0046636		
OG0046637		
OG0046638		
OG0046639		
OG0046640		
OG0046641		
OG0046642		
OG0046643		
OG0046644		
OG0046645		
OG0046646		
OG0046647		
OG0046648		
OG0046649		
OG0046650		
OG0046651		
OG0046652		
OG0046653		
OG0046654		
OG0046655		
OG0046656		
OG0046657		
OG0046658		
OG0046659		
OG0046660		
OG0046661		
OG0046662		
OG0046663		
OG0046664		
OG0046665		
OG0046666		
OG0046667		
OG0046668		
OG0046669		
OG0046670		
OG0046671		
OG0046672		
OG0046673		
OG0046674		
OG0046675		
OG0046676		
OG0046677		
OG0046678		
OG0046679		
OG0046680		
OG0046681		
OG0046682		
OG0046683		
OG0046684		
OG0046685		
OG0046686		
OG0046687		
OG0046688		
OG0046689		
OG0046690		
OG0046691		
OG0046692		
OG0046693		
OG0046694		
OG0046695		
OG0046696		
OG0046697		
OG0046698		
OG0046699		
OG0046700		
OG0046701		
OG0046702		
OG0046703		
OG0046704		
OG0046705		
OG0046706		
OG0046707		
OG0046708		
OG0046709		
OG0046710		
OG0046711		
OG0046712		
OG0046713		
OG0046714		
OG0046715		
OG0046716		
OG0046717		
OG0046718		
OG0046719		
OG0046720		
OG0046721		
OG0046722		
OG0046723		
OG0046724		
OG0046725		
OG0046726		
OG0046727		
OG0046728		
OG0046729		
OG0046730		
OG0046731		
OG0046732		
OG0046733		
OG0046734		
OG0046735		
OG0046736		
OG0046737		
OG0046738		
OG0046739		
OG0046740		
OG0046741		
OG0046742		
OG0046743		
OG0046744		
OG0046745		
OG0046746		
OG0046747		
OG0046748		
OG0046749		
OG0046750		
OG0046751		
OG0046752		
OG0046753		
OG0046754		
OG0046755		
OG0046756		
OG0046757		
OG0046758		
OG0046759		
OG0046760		
OG0046761		
OG0046762		
OG0046763		
OG0046764		
OG0046765		
OG0046766		
OG0046767		
OG0046768		
OG0046769		
OG0046770		
OG0046771		
OG0046772		
OG0046773		
OG0046774		
OG0046775		
OG0046776		
OG0046777		
OG0046778		
OG0046779		
OG0046780		
OG0046781		
OG0046782		
OG0046783		
OG0046784		
OG0046785		
OG0046786		
OG0046787		
OG0046788		
OG0046789		
OG0046790		
OG0046791		
OG0046792		
OG0046793		
OG0046794		
OG0046795		
OG0046796		
OG0046797		
OG0046798		
OG0046799		
OG0046800		
OG0046801		
OG0046802		
OG0046803		
OG0046804		
OG0046805		
OG0046806		
OG0046807		
OG0046808		
OG0046809		
OG0046810		
OG0046811		
OG0046812		
OG0046813		
OG0046814		
OG0046815		
OG0046816		
OG0046817		
OG0046818		
OG0046819		
OG0046820		
OG0046821		
OG0046822		
OG0046823		
OG0046824		
OG0046825		
OG0046826		
OG0046827		
OG0046828		
OG0046829		
OG0046830		
OG0046831		
OG0046832		
OG0046833		
OG0046834		
OG0046835		
OG0046836		
OG0046837		
OG0046838		
OG0046839		
OG0046840		
OG0046841		
OG0046842		
OG0046843		
OG0046844		
OG0046845		
OG0046846		
OG0046847		
OG0046848		
OG0046849		
OG0046850		
OG0046851		
OG0046852		
OG0046853		
OG0046854		
OG0046855		
OG0046856		
OG0046857		
OG0046858		
OG0046859		
OG0046860		
OG0046861		
OG0046862		
OG0046863		
OG0046864		
OG0046865		
OG0046866		
OG0046867		
OG0046868		
OG0046869		
OG0046870		
OG0046871		
OG0046872		
OG0046873		
OG0046874		
OG0046875		
OG0046876		
OG0046877		
OG0046878		
OG0046879		
OG0046880		
OG0046881		
OG0046882		
OG0046883		
OG0046884		
OG0046885		
OG0046886		
OG0046887		
OG0046888		
OG0046889		
OG0046890		
OG0046891		
OG0046892		
OG0046893		
OG0046894		
OG0046895		
OG0046896		
OG0046897		
OG0046898		
OG0046899		
OG0046900		
OG0046901		
OG0046902		
OG0046903		
OG0046904		
OG0046905		
OG0046906		
OG0046907		
OG0046908		
OG0046909		
OG0046910		
OG0046911		
OG0046912		
OG0046913		
OG0046914		
OG0046915		
OG0046916		
OG0046917		
OG0046918		
OG0046919		
OG0046920		
OG0046921		
OG0046922		
OG0046923		
OG0046924		
OG0046925		
OG0046926		
OG0046927		
OG0046928		
OG0046929		
OG0046930		
OG0046931		
OG0046932		
OG0046933		
OG0046934		
OG0046935		
OG0046936		
OG0046937		
OG0046938		
OG0046939		
OG0046940		
OG0046941		
OG0046942		
OG0046943		
OG0046944		
OG0046945		
OG0046946		
OG0046947		
OG0046948		
OG0046949		
OG0046950		
OG0046951		
OG0046952		
OG0046953		
OG0046954		
OG0046955		
OG0046956		
OG0046957		
OG0046958		
OG0046959		
OG0046960		
OG0046961		
OG0046962		
OG0046963		
OG0046964		
OG0046965		
OG0046966		
OG0046967		
OG0046968		
OG0046969		
OG0046970		
OG0046971		
OG0046972		
OG0046973		
OG0046974		
OG0046975		
OG0046976		
OG0046977		
OG0046978		
OG0046979		
OG0046980		
OG0046981		
OG0046982		
OG0046983		
OG0046984		
OG0046985		
OG0046986		
OG0046987		
OG0046988		
OG0046989		
OG0046990		
OG0046991		
OG0046992		
OG0046993		
OG0046994		
OG0046995		
OG0046996		
OG0046997		
OG0046998		
OG0046999		
OG0047000		
OG0047001		
OG0047002		
OG0047003		
OG0047004		
OG0047005		
OG0047006		
OG0047007		
OG0047008		
OG0047009		
OG0047010		
OG0047011		
OG0047012		
OG0047013		
OG0047014		
OG0047015		
OG0047016		
OG0047017		
OG0047018		
OG0047019		
OG0047020		
OG0047021		
OG0047022		
OG0047023		
OG0047024		
OG0047025		
OG0047026		
OG0047027		
OG0047028		
OG0047029		
OG0047030		
OG0047031		
OG0047032		
OG0047033		
OG0047034		
OG0047035		
OG0047036		
OG0047037		
OG0047038		
OG0047039		
OG0047040		
OG0047041		
OG0047042		
OG0047043		
OG0047044		
OG0047045		
OG0047046		
OG0047047		
OG0047048		
OG0047049		
OG0047050		
OG0047051		
OG0047052		
OG0047053		
OG0047054		
OG0047055		
OG0047056		
OG0047057		
OG0047058		
OG0047059		
OG0047060		
OG0047061		
OG0047062		
OG0047063		
OG0047064		
OG0047065		
OG0047066		
OG0047067		
OG0047068		
OG0047069		
OG0047070		
OG0047071		
OG0047072		
OG0047073		
OG0047074		
OG0047075		
OG0047076		
OG0047077		
OG0047078		
OG0047079		
OG0047080		
OG0047081		
OG0047082		
OG0047083		
OG0047084		
OG0047085		
OG0047086		
OG0047087		
OG0047088		
OG0047089		
OG0047090		
OG0047091		
OG0047092		
OG0047093		
OG0047094		
OG0047095		
OG0047096		
OG0047097		
OG0047098		
OG0047099		
OG0047100		
OG0047101		
OG0047102		
OG0047103		
OG0047104		
OG0047105		
OG0047106		
OG0047107		
OG0047108		
OG0047109		
OG0047110		
OG0047111		
OG0047112		
OG0047113		
OG0047114		
OG0047115		
OG0047116		
OG0047117		
OG0047118		
OG0047119		
OG0047120		
OG0047121		
OG0047122		
OG0047123		
OG0047124		
OG0047125		
OG0047126		
OG0047127		
OG0047128		
OG0047129		
OG0047130		
OG0047131		
OG0047132		
OG0047133		
OG0047134		
OG0047135		
OG0047136		
OG0047137		
OG0047138		
OG0047139		
OG0047140		
OG0047141		
OG0047142		
OG0047143		
OG0047144		
OG0047145		
OG0047146		
OG0047147		
OG0047148		
OG0047149		
OG0047150		
OG0047151		
OG0047152		
OG0047153		
OG0047154		
OG0047155		
OG0047156		
OG0047157		
OG0047158		
OG0047159		
OG0047160		
OG0047161		
OG0047162		
OG0047163		
OG0047164		
OG0047165		
OG0047166		
OG0047167		
OG0047168		
OG0047169		
OG0047170		
OG0047171		
OG0047172		
OG0047173		
OG0047174		
OG0047175		
OG0047176		
OG0047177		
OG0047178		
OG0047179		
OG0047180		
OG0047181		
OG0047182		
OG0047183		
OG0047184		
OG0047185		
OG0047186		
OG0047187		
OG0047188		
OG0047189		
OG0047190		
OG0047191		
OG0047192		
OG0047193		
OG0047194		
OG0047195		
OG0047196		
OG0047197		
OG0047198		
OG0047199		
OG0047200		
OG0047201		
OG0047202		
OG0047203		
OG0047204		
OG0047205		
OG0047206		
OG0047207		
OG0047208		
OG0047209		
OG0047210		
OG0047211		
OG0047212		
OG0047213		
OG0047214		
OG0047215		
OG0047216		
OG0047217		
OG0047218		
OG0047219		
OG0047220		
OG0047221		
OG0047222		
OG0047223		
OG0047224		
OG0047225		
OG0047226		
OG0047227		
OG0047228		
OG0047229		
OG0047230		
OG0047231		
OG0047232		
OG0047233		
OG0047234		
OG0047235		
OG0047236		
OG0047237		
OG0047238		
OG0047239		
OG0047240		
OG0047241		
OG0047242		
OG0047243		
OG0047244		
OG0047245		
OG0047246		
OG0047247		
OG0047248		
OG0047249		
OG0047250		
OG0047251		
OG0047252		
OG0047253		
OG0047254		
OG0047255		
OG0047256		
OG0047257		
OG0047258		
OG0047259		
OG0047260		
OG0047261		
OG0047262		
OG0047263		
OG0047264		
OG0047265		
OG0047266		
OG0047267		
OG0047268		
OG0047269		
OG0047270		
OG0047271		
OG0047272		
OG0047273		
OG0047274		
OG0047275		
OG0047276		
OG0047277		
OG0047278		
OG0047279		
OG0047280		
OG0047281		
OG0047282		
OG0047283		
OG0047284		
OG0047285		
OG0047286		
OG0047287		
OG0047288		
OG0047289		
OG0047290		
OG0047291		
OG0047292		
OG0047293		
OG0047294		
OG0047295		
OG0047296		
OG0047297		
OG0047298		
OG0047299		
OG0047300		
OG0047301		
OG0047302		
OG0047303		
OG0047304		
OG0047305		
OG0047306		
OG0047307		
OG0047308		
OG0047309		
OG0047310		
OG0047311		
OG0047312		
OG0047313		
OG0047314		
OG0047315		
OG0047316		
OG0047317		
OG0047318		
OG0047319		
OG0047320		
OG0047321		
OG0047322		
OG0047323		
OG0047324		
OG0047325		
OG0047326		
OG0047327		
OG0047328		
OG0047329		
OG0047330		
OG0047331		
OG0047332		
OG0047333		
OG0047334		
OG0047335		
OG0047336		
OG0047337		
OG0047338		
OG0047339		
OG0047340		
OG0047341		
OG0047342		
OG0047343		
OG0047344		
OG0047345		
OG0047346		
OG0047347		
OG0047348		
OG0047349		
OG0047350		
OG0047351		
OG0047352		
OG0047353		
OG0047354		
OG0047355		
OG0047356		
OG0047357		
OG0047358		
OG0047359		
OG0047360		
OG0047361		
OG0047362		
OG0047363		
OG0047364		
OG0047365		
OG0047366		
OG0047367		
OG0047368		
OG0047369		
OG0047370		
OG0047371		
OG0047372		
OG0047373		
OG0047374		
OG0047375		
OG0047376		
OG0047377		
OG0047378		
OG0047379		
OG0047380		
OG0047381		
OG0047382		
OG0047383		
OG0047384		
OG0047385		
OG0047386		
OG0047387		
OG0047388		
OG0047389		
OG0047390		
OG0047391		
OG0047392		
OG0047393		
OG0047394		
OG0047395		
OG0047396		
OG0047397		
OG0047398		
OG0047399		
OG0047400		
OG0047401		
OG0047402		
OG0047403		
OG0047404		
OG0047405		
OG0047406		
OG0047407		
OG0047408		
OG0047409		
OG0047410		
OG0047411		
OG0047412		
OG0047413		
OG0047414		
OG0047415		
OG0047416		
OG0047417		
OG0047418		
OG0047419		
OG0047420		
OG0047421		
OG0047422		
OG0047423		
OG0047424		
OG0047425		
OG0047426		
OG0047427		
OG0047428		
OG0047429		
OG0047430		
OG0047431		
OG0047432		
OG0047433		
OG0047434		
OG0047435		
OG0047436		
OG0047437		
OG0047438		
OG0047439		
OG0047440		
OG0047441		
OG0047442		
OG0047443		
OG0047444		
OG0047445		
OG0047446		
OG0047447		
OG0047448		
OG0047449		
OG0047450		
OG0047451		
OG0047452		
OG0047453		
OG0047454		
OG0047455		
OG0047456		
OG0047457		
OG0047458		
OG0047459		
OG0047460		
OG0047461		
OG0047462		
OG0047463		
OG0047464		
OG0047465		
OG0047466		
OG0047467		
OG0047468		
OG0047469		
OG0047470		
OG0047471		
OG0047472		
OG0047473		
OG0047474		
OG0047475		
OG0047476		
OG0047477		
OG0047478		
OG0047479		
OG0047480		
OG0047481		
OG0047482		
OG0047483		
OG0047484		
OG0047485		
OG0047486		
OG0047487		
OG0047488		
OG0047489		
OG0047490		
OG0047491		
OG0047492		
OG0047493		
OG0047494		
OG0047495		
OG0047496		
OG0047497		
OG0047498		
OG0047499		
OG0047500		
OG0047501		
OG0047502		
OG0047503		
OG0047504		
OG0047505		
OG0047506		
OG0047507		
OG0047508		
OG0047509		
OG0047510		
OG0047511		
OG0047512		
OG0047513		
OG0047514		
OG0047515		
OG0047516		
OG0047517		
OG0047518		
OG0047519		
OG0047520		
OG0047521		
OG0047522		
OG0047523		
OG0047524		
OG0047525		
OG0047526		
OG0047527		
OG0047528		
OG0047529		
OG0047530		
OG0047531		
OG0047532		
OG0047533		
OG0047534		
OG0047535		
OG0047536		
OG0047537		
OG0047538		
OG0047539		
OG0047540		
OG0047541		
OG0047542		
OG0047543		
OG0047544		
OG0047545		
OG0047546		
OG0047547		
OG0047548		
OG0047549		
OG0047550		
OG0047551		
OG0047552		
OG0047553		
OG0047554		
OG0047555		
OG0047556		
OG0047557		
OG0047558		
OG0047559		
OG0047560		
OG0047561		
OG0047562		
OG0047563		
OG0047564		
OG0047565		
OG0047566		
OG0047567		
OG0047568		
OG0047569		
OG0047570		
OG0047571		
OG0047572		
OG0047573		
OG0047574		
OG0047575		
OG0047576		
OG0047577		
OG0047578		
OG0047579		
OG0047580		
OG0047581		
OG0047582		
OG0047583		
OG0047584		
OG0047585		
OG0047586		
OG0047587		
OG0047588		
OG0047589		
OG0047590		
OG0047591		
OG0047592		
OG0047593		
OG0047594		
OG0047595		
OG0047596		
OG0047597		
OG0047598		
OG0047599		
OG0047600		
OG0047601		
OG0047602		
OG0047603		
OG0047604		
OG0047605		
OG0047606		
OG0047607		
OG0047608		
OG0047609		
OG0047610		
OG0047611		
OG0047612		
OG0047613		
OG0047614		
OG0047615		
OG0047616		
OG0047617		
OG0047618		
OG0047619		
OG0047620		
OG0047621		
OG0047622		
OG0047623		
OG0047624		
OG0047625		
OG0047626		
OG0047627		
OG0047628		
OG0047629		
OG0047630		
OG0047631		
OG0047632		
OG0047633		
OG0047634		
OG0047635		
OG0047636		
OG0047637		
OG0047638		
OG0047639		
OG0047640		
OG0047641		
OG0047642		
OG0047643		
OG0047644		
OG0047645		
OG0047646		
OG0047647		
OG0047648		
OG0047649		
OG0047650		
OG0047651		
OG0047652		
OG0047653		
OG0047654		
OG0047655		
OG0047656		
OG0047657		
OG0047658		
OG0047659		
OG0047660		
OG0047661		
OG0047662		
OG0047663		
OG0047664		
OG0047665		
OG0047666		
OG0047667		
OG0047668		
OG0047669		
OG0047670		
OG0047671		
OG0047672		
OG0047673		
OG0047674		
OG0047675		
OG0047676		
OG0047677		
OG0047678		
OG0047679		
OG0047680		
OG0047681		
OG0047682		
OG0047683		
OG0047684		
OG0047685		
OG0047686		
OG0047687		
OG0047688		
OG0047689		
OG0047690		
OG0047691		
OG0047692		
OG0047693		
OG0047694		
OG0047695		
OG0047696		
OG0047697		
OG0047698		
OG0047699		
OG0047700		
OG0047701		
OG0047702		
OG0047703		
OG0047704		
OG0047705		
OG0047706		
OG0047707		
OG0047708		
OG0047709		
OG0047710		
OG0047711		
OG0047712		
OG0047713		
OG0047714		
OG0047715		
OG0047716		
OG0047717		
OG0047718		
OG0047719		
OG0047720		
OG0047721		
OG0047722		
OG0047723		
OG0047724		
OG0047725		
OG0047726		
OG0047727		
OG0047728		
OG0047729		
OG0047730		
OG0047731		
OG0047732		
OG0047733		
OG0047734		
OG0047735		
OG0047736		
OG0047737		
OG0047738		
OG0047739		
OG0047740		
OG0047741		
OG0047742		
OG0047743		
OG0047744		
OG0047745		
OG0047746		
OG0047747		
OG0047748		
OG0047749		
OG0047750		
OG0047751		
OG0047752		
OG0047753		
OG0047754		
OG0047755		
OG0047756		
OG0047757		
OG0047758		
OG0047759		
OG0047760		
OG0047761		
OG0047762		
OG0047763		
OG0047764		
OG0047765		
OG0047766		
OG0047767		
OG0047768		
OG0047769		
OG0047770		
OG0047771		
OG0047772		
OG0047773		
OG0047774		
OG0047775		
OG0047776		
OG0047777		
OG0047778		
OG0047779		
OG0047780		
OG0047781		
OG0047782		
OG0047783		
OG0047784		
OG0047785		
OG0047786		
OG0047787		
OG0047788		
OG0047789		
OG0047790		
OG0047791		
OG0047792		
OG0047793		
OG0047794		
OG0047795		
OG0047796		
OG0047797		
OG0047798		
OG0047799		
OG0047800		
OG0047801		
OG0047802		
OG0047803		
OG0047804		
OG0047805		
OG0047806		
OG0047807		
OG0047808		
OG0047809		
OG0047810		
OG0047811		
OG0047812		
OG0047813		
OG0047814		
OG0047815		
OG0047816		
OG0047817		
OG0047818		
OG0047819		
OG0047820		
OG0047821		
OG0047822		
OG0047823		
OG0047824		
OG0047825		
OG0047826		
OG0047827		
OG0047828		
OG0047829		
OG0047830		
OG0047831		
OG0047832		
OG0047833		
OG0047834		
OG0047835		
OG0047836		
OG0047837		
OG0047838		
OG0047839		
OG0047840		
OG0047841		
OG0047842		
OG0047843		
OG0047844		
OG0047845		
OG0047846		
OG0047847		
OG0047848		
OG0047849		
OG0047850		
OG0047851		
OG0047852		
OG0047853		
OG0047854		
OG0047855		
OG0047856		
OG0047857		
OG0047858		
OG0047859		
OG0047860		
OG0047861		
OG0047862		
OG0047863		
OG0047864		
OG0047865		
OG0047866		
OG0047867		
OG0047868		
OG0047869		
OG0047870		
OG0047871		
OG0047872		
OG0047873		
OG0047874		
OG0047875		
OG0047876		
OG0047877		
OG0047878		
OG0047879		
OG0047880		
OG0047881		
OG0047882		
OG0047883		
OG0047884		
OG0047885		
OG0047886		
OG0047887		
OG0047888		
OG0047889		
OG0047890		
OG0047891		
OG0047892		
OG0047893		
OG0047894		
OG0047895		
OG0047896		
OG0047897		
OG0047898		
OG0047899		
OG0047900		
OG0047901		
OG0047902		
OG0047903		
OG0047904		
OG0047905		
OG0047906		
OG0047907		
OG0047908		
OG0047909		
OG0047910		
OG0047911		
OG0047912		
OG0047913		
OG0047914		
OG0047915		
OG0047916		
OG0047917		
OG0047918		
OG0047919		
OG0047920		
OG0047921		
OG0047922		
OG0047923		
OG0047924		
OG0047925		
OG0047926		
OG0047927		
OG0047928		
OG0047929		
OG0047930		
OG0047931		
OG0047932		
OG0047933		
OG0047934		
OG0047935		
OG0047936		
OG0047937		
OG0047938		
OG0047939		
OG0047940		
OG0047941		
OG0047942		
OG0047943		
OG0047944		
OG0047945		
OG0047946		
OG0047947		
OG0047948		
OG0047949		
OG0047950		
OG0047951		
OG0047952		
OG0047953		
OG0047954		
OG0047955		
OG0047956		
OG0047957		
OG0047958		
OG0047959		
OG0047960		
OG0047961		
OG0047962		
OG0047963		
OG0047964		
OG0047965		
OG0047966		
OG0047967		
OG0047968		
OG0047969		
OG0047970		
OG0047971		
OG0047972		
OG0047973		
OG0047974		
OG0047975		
OG0047976		
OG0047977		
OG0047978		
OG0047979		
OG0047980		
OG0047981		
OG0047982		
OG0047983		
OG0047984		
OG0047985		
OG0047986		
OG0047987		
OG0047988		
OG0047989		
OG0047990		
OG0047991		
OG0047992		
OG0047993		
OG0047994		
OG0047995		
OG0047996		
OG0047997		
OG0047998		
OG0047999		
OG0048000		
OG0048001		
OG0048002		
OG0048003		
OG0048004		
OG0048005		
OG0048006		
OG0048007		
OG0048008		
OG0048009		
OG0048010		
OG0048011		
OG0048012		
OG0048013		
OG0048014		
OG0048015		
OG0048016		
OG0048017		
OG0048018		
OG0048019		
OG0048020		
OG0048021		
OG0048022		
OG0048023		
OG0048024		
OG0048025		
OG0048026		
OG0048027		
OG0048028		
OG0048029		
OG0048030		
OG0048031		
OG0048032		
OG0048033		
OG0048034		
OG0048035		
OG0048036		
OG0048037		
OG0048038		
OG0048039		
OG0048040		
OG0048041		
OG0048042		
OG0048043		
OG0048044		
OG0048045		
OG0048046		
OG0048047		
OG0048048		
OG0048049		
OG0048050		
OG0048051		
OG0048052		
OG0048053		
OG0048054		
OG0048055		
OG0048056		
OG0048057		
OG0048058		
OG0048059		
OG0048060		
OG0048061		
OG0048062		
OG0048063		
OG0048064		
OG0048065		
OG0048066		
OG0048067		
OG0048068		
OG0048069		
OG0048070		
OG0048071		
OG0048072		
OG0048073		
OG0048074		
OG0048075		
OG0048076		
OG0048077		
OG0048078		
OG0048079		
OG0048080		
OG0048081		
OG0048082		
OG0048083		
OG0048084		
OG0048085		
OG0048086		
OG0048087		
OG0048088		
OG0048089		
OG0048090		
OG0048091		
OG0048092		
OG0048093		
OG0048094		
OG0048095		
OG0048096		
OG0048097		
OG0048098		
OG0048099		
OG0048100		
OG0048101		
OG0048102		
OG0048103		
OG0048104		
OG0048105		
OG0048106		
OG0048107		
OG0048108		
OG0048109		
OG0048110		
OG0048111		
OG0048112		
OG0048113		
OG0048114		
OG0048115		
OG0048116		
OG0048117		
OG0048118		
OG0048119		
OG0048120		
OG0048121		
OG0048122		
OG0048123		
OG0048124		
OG0048125		
OG0048126		
OG0048127		
OG0048128		
OG0048129		
OG0048130		
OG0048131		
OG0048132		
OG0048133		
OG0048134		
OG0048135		
OG0048136		
OG0048137		
OG0048138		
OG0048139		
OG0048140		
OG0048141		
OG0048142		
OG0048143		
OG0048144		
OG0048145		
OG0048146		
OG0048147		
OG0048148		
OG0048149		
OG0048150		
OG0048151		
OG0048152		
OG0048153		
OG0048154		
OG0048155		
OG0048156		
OG0048157		
OG0048158		
OG0048159		
OG0048160		
OG0048161		
OG0048162		
OG0048163		
OG0048164		
OG0048165		
OG0048166		
OG0048167		
OG0048168		
OG0048169		
OG0048170		
OG0048171		
OG0048172		
OG0048173		
OG0048174		
OG0048175		
OG0048176		
OG0048177		
OG0048178		
OG0048179		
OG0048180		
OG0048181		
OG0048182		
OG0048183		
OG0048184		
OG0048185		
OG0048186		
OG0048187		
OG0048188		
OG0048189		
OG0048190		
OG0048191		
OG0048192		
OG0048193		
OG0048194		
OG0048195		
OG0048196		
OG0048197		
OG0048198		
OG0048199		
OG0048200		
OG0048201		
OG0048202		
OG0048203		
OG0048204		
OG0048205		
OG0048206		
OG0048207		
OG0048208		
OG0048209		
OG0048210		
OG0048211		
OG0048212		
OG0048213		
OG0048214		
OG0048215		
OG0048216		
OG0048217		
OG0048218		
OG0048219		
OG0048220		
OG0048221		
OG0048222		
OG0048223		
OG0048224		
OG0048225		
OG0048226		
OG0048227		
OG0048228		
OG0048229		
OG0048230		
OG0048231		
OG0048232		
OG0048233		
OG0048234		
OG0048235		
OG0048236		
OG0048237		
OG0048238		
OG0048239		
OG0048240		
OG0048241		
OG0048242		
OG0048243		
OG0048244		
OG0048245		
OG0048246		
OG0048247		
OG0048248		
OG0048249		
OG0048250		
OG0048251		
OG0048252		
OG0048253		
OG0048254		
OG0048255		
OG0048256		
OG0048257		
OG0048258		
OG0048259		
OG0048260		
OG0048261		
OG0048262		
OG0048263		
OG0048264		
OG0048265		
OG0048266		
OG0048267		
OG0048268		
OG0048269		
OG0048270		
OG0048271		
OG0048272		
OG0048273		
OG0048274		
OG0048275		
OG0048276		
OG0048277		
OG0048278		
OG0048279		
OG0048280		
OG0048281		
OG0048282		
OG0048283		
OG0048284		
OG0048285		
OG0048286		
OG0048287		
OG0048288		
OG0048289		
OG0048290		
OG0048291		
OG0048292		
OG0048293		
OG0048294		
OG0048295		
OG0048296		
OG0048297		
OG0048298		
OG0048299		
OG0048300		
OG0048301		
OG0048302		
OG0048303		
OG0048304		
OG0048305		
OG0048306		
OG0048307		
OG0048308		
OG0048309		
OG0048310		
OG0048311		
OG0048312		
OG0048313		
OG0048314		
OG0048315		
OG0048316		
OG0048317		
OG0048318		
OG0048319		
OG0048320		
OG0048321		
OG0048322		
OG0048323		
OG0048324		
OG0048325		
OG0048326		
OG0048327		
OG0048328		
OG0048329		
OG0048330		
OG0048331		
OG0048332		
OG0048333		
OG0048334		
OG0048335		
OG0048336		
OG0048337		
OG0048338		
OG0048339		
OG0048340		
OG0048341		
OG0048342		
OG0048343		
OG0048344		
OG0048345		
OG0048346		
OG0048347		
OG0048348		
OG0048349		
OG0048350		
OG0048351		
OG0048352		
OG0048353		
OG0048354		
OG0048355		
OG0048356		
OG0048357		
OG0048358		
OG0048359		
OG0048360		
OG0048361		
OG0048362		
OG0048363		
OG0048364		
OG0048365		
OG0048366		
OG0048367		
OG0048368		
OG0048369		
OG0048370		
OG0048371		
OG0048372		
OG0048373		
OG0048374		
OG0048375		
OG0048376		
OG0048377		
OG0048378		
OG0048379		
OG0048380		
OG0048381		
OG0048382		
OG0048383		
OG0048384		
OG0048385		
OG0048386		
OG0048387		
OG0048388		
OG0048389		
OG0048390		
OG0048391		
OG0048392		
OG0048393		
OG0048394		
OG0048395		
OG0048396		
OG0048397		
OG0048398		
OG0048399		
OG0048400		
OG0048401		
OG0048402		
OG0048403		
OG0048404		
OG0048405		
OG0048406		
OG0048407		
OG0048408		
OG0048409		
OG0048410		
OG0048411		
OG0048412		
OG0048413		
OG0048414		
OG0048415		
OG0048416		
OG0048417		
OG0048418		
OG0048419		
OG0048420		
OG0048421		
OG0048422		
OG0048423		
OG0048424		
OG0048425		
OG0048426		
OG0048427		
OG0048428		
OG0048429		
OG0048430		
OG0048431		
OG0048432		
OG0048433		
OG0048434		
OG0048435		
OG0048436		
OG0048437		
OG0048438		
OG0048439		
OG0048440		
OG0048441		
OG0048442		
OG0048443		
OG0048444		
OG0048445		
OG0048446		
OG0048447		
OG0048448		
OG0048449		
OG0048450		
OG0048451		
OG0048452		
OG0048453		
OG0048454		
OG0048455		
OG0048456		
OG0048457		
OG0048458		
OG0048459		
OG0048460		
OG0048461		
OG0048462		
OG0048463		
OG0048464		
OG0048465		
OG0048466		
OG0048467		
OG0048468		
OG0048469		
OG0048470		
OG0048471		
OG0048472		
OG0048473		
OG0048474		
OG0048475		
OG0048476		
OG0048477		
OG0048478		
OG0048479		
OG0048480		
OG0048481		
OG0048482		
OG0048483		
OG0048484		
OG0048485		
OG0048486		
OG0048487		
OG0048488		
OG0048489		
OG0048490		
OG0048491		
OG0048492		
OG0048493		
OG0048494		
OG0048495		
OG0048496		
OG0048497		
OG0048498		
OG0048499		
OG0048500		
OG0048501		
OG0048502		
OG0048503		
OG0048504		
OG0048505		
OG0048506		
OG0048507		
OG0048508		
OG0048509		
OG0048510		
OG0048511		
OG0048512		
OG0048513		
OG0048514		
OG0048515		
OG0048516		
OG0048517		
OG0048518		
OG0048519		
OG0048520		
OG0048521		
OG0048522		
OG0048523		
OG0048524		
OG0048525		
OG0048526		
OG0048527		
OG0048528		
OG0048529		
OG0048530		
OG0048531		
OG0048532		
OG0048533		
OG0048534		
OG0048535		
OG0048536		
OG0048537		
OG0048538		
OG0048539		
OG0048540		
OG0048541		
OG0048542		
OG0048543		
OG0048544		
OG0048545		
OG0048546		
OG0048547		
OG0048548		
OG0048549		
OG0048550		
OG0048551		
OG0048552		
OG0048553		
OG0048554		
OG0048555		
OG0048556		
OG0048557		
OG0048558		
OG0048559		
OG0048560		
OG0048561		
OG0048562		
OG0048563		
OG0048564		
OG0048565		
OG0048566		
OG0048567		
OG0048568		
OG0048569		
OG0048570		
OG0048571		
OG0048572		
OG0048573		
OG0048574		
OG0048575		
OG0048576		
OG0048577		
OG0048578		
OG0048579		
OG0048580		
OG0048581		
OG0048582		
OG0048583		
OG0048584		
OG0048585		
OG0048586		
OG0048587		
OG0048588		
OG0048589		
OG0048590		
OG0048591		
OG0048592		
OG0048593		
OG0048594		
OG0048595		
OG0048596		
OG0048597		
OG0048598		
OG0048599		
OG0048600		
OG0048601		
OG0048602		
OG0048603		
OG0048604		
OG0048605		
OG0048606		
OG0048607		
OG0048608		
OG0048609		
OG0048610		
OG0048611		
OG0048612		
OG0048613		
OG0048614		
OG0048615		
OG0048616		
OG0048617		
OG0048618		
OG0048619		
OG0048620		
OG0048621		
OG0048622		
OG0048623		
OG0048624		
OG0048625		
OG0048626		
OG0048627		
OG0048628		
OG0048629		
OG0048630		
OG0048631		
OG0048632		
OG0048633		
OG0048634		
OG0048635		
OG0048636		
OG0048637		
OG0048638		
OG0048639		
OG0048640		
OG0048641		
OG0048642		
OG0048643		
OG0048644		
OG0048645		
OG0048646		
OG0048647		
OG0048648		
OG0048649		
OG0048650		
OG0048651		
OG0048652		
OG0048653		
OG0048654		
OG0048655		
OG0048656		
OG0048657		
OG0048658		
OG0048659		
OG0048660		
OG0048661		
OG0048662		
OG0048663		
OG0048664		
OG0048665		
OG0048666		
OG0048667		
OG0048668		
OG0048669		
OG0048670		
OG0048671		
OG0048672		
OG0048673		
OG0048674		
OG0048675		
OG0048676		
OG0048677		
OG0048678		
OG0048679		
OG0048680		
OG0048681		
OG0048682		
OG0048683		
OG0048684		
OG0048685		
OG0048686		
OG0048687		
OG0048688		
OG0048689		
OG0048690		
OG0048691		
OG0048692		
OG0048693		
OG0048694		
OG0048695		
OG0048696		
OG0048697		
OG0048698		
OG0048699		
OG0048700		
OG0048701		
OG0048702		
OG0048703		
OG0048704		
OG0048705		
OG0048706		
OG0048707		
OG0048708		
OG0048709		
OG0048710		
OG0048711		
OG0048712		
OG0048713		
OG0048714		
OG0048715		
OG0048716		
OG0048717		
OG0048718		
OG0048719		
OG0048720		
OG0048721		
OG0048722		
OG0048723		
OG0048724		
OG0048725		
OG0048726		
OG0048727		
OG0048728		
OG0048729		
OG0048730		
OG0048731		
OG0048732		
OG0048733		
OG0048734		
OG0048735		
OG0048736		
OG0048737		
OG0048738		
OG0048739		
OG0048740		
OG0048741		
OG0048742		
OG0048743		
OG0048744		
OG0048745		
OG0048746		
OG0048747		
OG0048748		
OG0048749		
OG0048750		
OG0048751		
OG0048752		
OG0048753		
OG0048754		
OG0048755		
OG0048756		
OG0048757		
OG0048758		
OG0048759		
OG0048760		
OG0048761		
OG0048762		
OG0048763		
OG0048764		
OG0048765		
OG0048766		
OG0048767		
OG0048768		
OG0048769		
OG0048770		
OG0048771		
OG0048772		
OG0048773		
OG0048774		
OG0048775		
OG0048776		
OG0048777		
OG0048778		
OG0048779		
OG0048780		
OG0048781		
OG0048782		
OG0048783		
OG0048784		
OG0048785		
OG0048786		
OG0048787		
OG0048788		
OG0048789		
OG0048790		
OG0048791		
OG0048792		
OG0048793		
OG0048794		
OG0048795		
OG0048796		
OG0048797		
OG0048798		
OG0048799		
OG0048800		
OG0048801		
OG0048802		
OG0048803		
OG0048804		
OG0048805		
OG0048806		
OG0048807		
OG0048808		
OG0048809		
OG0048810		
OG0048811		
OG0048812		
OG0048813		
OG0048814		
OG0048815		
OG0048816		
OG0048817		
OG0048818		
OG0048819		
OG0048820		
OG0048821		
OG0048822		
OG0048823		
OG0048824		
OG0048825		
OG0048826		
OG0048827		
OG0048828		
OG0048829		
OG0048830		
OG0048831		
OG0048832		
OG0048833		
OG0048834		
OG0048835		
OG0048836		
OG0048837		
OG0048838		
OG0048839		
OG0048840		
OG0048841		
OG0048842		
OG0048843		
OG0048844		
OG0048845		
OG0048846		
OG0048847		
OG0048848		
OG0048849		
OG0048850		
OG0048851		
OG0048852		
OG0048853		
OG0048854		
OG0048855		
OG0048856		
OG0048857		
OG0048858		
OG0048859		
OG0048860		
OG0048861		
OG0048862		
OG0048863		
OG0048864		
OG0048865		
OG0048866		
OG0048867		
OG0048868		
OG0048869		
OG0048870		
OG0048871		
OG0048872		
OG0048873		
OG0048874		
OG0048875		
OG0048876		
OG0048877		
OG0048878		
OG0048879		
OG0048880		
OG0048881		
OG0048882		
OG0048883		
OG0048884		
OG0048885		
OG0048886		
OG0048887		
OG0048888		
OG0048889		
OG0048890		
OG0048891		
OG0048892		
OG0048893		
OG0048894		
OG0048895		
OG0048896		
OG0048897		
OG0048898		
OG0048899		
OG0048900		
OG0048901		
OG0048902		
OG0048903		
OG0048904		
OG0048905		
OG0048906		
OG0048907		
OG0048908		
OG0048909		
OG0048910		
OG0048911		
OG0048912		
OG0048913		
OG0048914		
OG0048915		
OG0048916		
OG0048917		
OG0048918		
OG0048919		
OG0048920		
OG0048921		
OG0048922		
OG0048923		
OG0048924		
OG0048925		
OG0048926		
OG0048927		
OG0048928		
OG0048929		
OG0048930		
OG0048931		
OG0048932		
OG0048933		
OG0048934		
OG0048935		
OG0048936		
OG0048937		
OG0048938		
OG0048939		
OG0048940		
OG0048941		
OG0048942		
OG0048943		
OG0048944		
OG0048945		
OG0048946		
OG0048947		
OG0048948		
OG0048949		
OG0048950		
OG0048951		
OG0048952		
OG0048953		
OG0048954		
OG0048955		
OG0048956		
OG0048957		
OG0048958		
OG0048959		
OG0048960		
OG0048961		
OG0048962		
OG0048963		
OG0048964		
OG0048965		
OG0048966		
OG0048967		
OG0048968		
OG0048969		
OG0048970		
OG0048971		
OG0048972		
OG0048973		
OG0048974		
OG0048975		
OG0048976		
OG0048977		
OG0048978		
OG0048979		
OG0048980		
OG0048981		
OG0048982		
OG0048983		
OG0048984		
OG0048985		
OG0048986		
OG0048987		
OG0048988		
OG0048989		
OG0048990		
OG0048991		
OG0048992		
OG0048993		
OG0048994		
OG0048995		
OG0048996		
OG0048997		
OG0048998		
OG0048999		
OG0049000		
OG0049001		
OG0049002		
OG0049003		
OG0049004		
OG0049005		
OG0049006		
OG0049007		
OG0049008		
OG0049009		
OG0049010		
OG0049011		
OG0049012		
OG0049013		
OG0049014		
OG0049015		
OG0049016		
OG0049017		
OG0049018		
OG0049019		
OG0049020		
OG0049021		
OG0049022		
OG0049023		
OG0049024		
OG0049025		
OG0049026		
OG0049027		
OG0049028		
OG0049029		
OG0049030		
OG0049031		
OG0049032		
OG0049033		
OG0049034		
OG0049035		
OG0049036		
OG0049037		
OG0049038		
OG0049039		
OG0049040		
OG0049041		
OG0049042		
OG0049043		
OG0049044		
OG0049045		
OG0049046		
OG0049047		
OG0049048		
OG0049049		
OG0049050		
OG0049051		
OG0049052		
OG0049053		
OG0049054		
OG0049055		
OG0049056		
OG0049057		
OG0049058		
OG0049059		
OG0049060		
OG0049061		
OG0049062		
OG0049063		
OG0049064		
OG0049065		
OG0049066		
OG0049067		
OG0049068		
OG0049069		
OG0049070		
OG0049071		
OG0049072		
OG0049073		
OG0049074		
OG0049075		
OG0049076		
OG0049077		
OG0049078		
OG0049079		
OG0049080		
OG0049081		
OG0049082		
OG0049083		
OG0049084		
OG0049085		
OG0049086		
OG0049087		
OG0049088		
OG0049089		
OG0049090		
OG0049091		
OG0049092		
OG0049093		
OG0049094		
OG0049095		
OG0049096		
OG0049097		
OG0049098		
OG0049099		
OG0049100		
OG0049101		
OG0049102		
OG0049103		
OG0049104		
OG0049105		
OG0049106		
OG0049107		
OG0049108		
OG0049109		
OG0049110		
OG0049111		
OG0049112		
OG0049113		
OG0049114		
OG0049115		
OG0049116		
OG0049117		
OG0049118		
OG0049119		
OG0049120		
OG0049121		
OG0049122		
OG0049123		
OG0049124		
OG0049125		
OG0049126		
OG0049127		
OG0049128		
OG0049129		
OG0049130		
OG0049131		
OG0049132		
OG0049133		
OG0049134		
OG0049135		
OG0049136		
OG0049137		
OG0049138		
OG0049139		
OG0049140		
OG0049141		
OG0049142		
OG0049143		
OG0049144		
OG0049145		
OG0049146		
OG0049147		
OG0049148		
OG0049149		
OG0049150		
OG0049151		
OG0049152		
OG0049153		
OG0049154		
OG0049155		
OG0049156		
OG0049157		
OG0049158		
OG0049159		
OG0049160		
OG0049161		
OG0049162		
OG0049163		
OG0049164		
OG0049165		
OG0049166		
OG0049167		
OG0049168		
OG0049169		
OG0049170		
OG0049171		
OG0049172		
OG0049173		
OG0049174		
OG0049175		
OG0049176		
OG0049177		
OG0049178		
OG0049179		
OG0049180		
OG0049181		
OG0049182		
OG0049183		
OG0049184		
OG0049185		
OG0049186		
OG0049187		
OG0049188		
OG0049189		
OG0049190		
OG0049191		
OG0049192		
OG0049193		
OG0049194		
OG0049195		
OG0049196		
OG0049197		
OG0049198		
OG0049199		
OG0049200		
OG0049201		
OG0049202		
OG0049203		
OG0049204		
OG0049205		
OG0049206		
OG0049207		
OG0049208		
OG0049209		
OG0049210		
OG0049211		
OG0049212		
OG0049213		
OG0049214		
OG0049215		
OG0049216		
OG0049217		
OG0049218		
OG0049219		
OG0049220		
OG0049221		
OG0049222		
OG0049223		
OG0049224		
OG0049225		
OG0049226		
OG0049227		
OG0049228		
OG0049229		
OG0049230		
OG0049231		
OG0049232		
OG0049233		
OG0049234		
OG0049235		
OG0049236		
OG0049237		
OG0049238		
OG0049239		
OG0049240		
OG0049241		
OG0049242		
OG0049243		
OG0049244		
OG0049245		
OG0049246		
OG0049247		
OG0049248		
OG0049249		
OG0049250		
OG0049251		
OG0049252		
OG0049253		
OG0049254		
OG0049255		
OG0049256		
OG0049257		
OG0049258		
OG0049259		
OG0049260		
OG0049261		
OG0049262		
OG0049263		
OG0049264		
OG0049265		
OG0049266		
OG0049267		
OG0049268		
OG0049269		
OG0049270		
OG0049271		
OG0049272		
OG0049273		
OG0049274		
OG0049275		
OG0049276		
OG0049277		
OG0049278		
OG0049279		
OG0049280		
OG0049281		
OG0049282		
OG0049283		
OG0049284		
OG0049285		
OG0049286		
OG0049287		
OG0049288		
OG0049289		
OG0049290		
OG0049291		
OG0049292		
OG0049293		
OG0049294		
OG0049295		
OG0049296		
OG0049297		
OG0049298		
OG0049299		
OG0049300		
OG0049301		
OG0049302		
OG0049303		
OG0049304		
OG0049305		
OG0049306		
OG0049307		
OG0049308		
OG0049309		
OG0049310		
OG0049311		
OG0049312		
OG0049313		
OG0049314		
OG0049315		
OG0049316		
OG0049317		
OG0049318		
OG0049319		
OG0049320		
OG0049321		
OG0049322		
OG0049323		
OG0049324		
OG0049325		
OG0049326		
OG0049327		
OG0049328		
OG0049329		
OG0049330		
OG0049331		
OG0049332		
OG0049333		
OG0049334		
OG0049335		
OG0049336		
OG0049337		
OG0049338		
OG0049339		
OG0049340		
OG0049341		
OG0049342		
OG0049343		
OG0049344		
OG0049345		
OG0049346		
OG0049347		
OG0049348		
OG0049349		
OG0049350		
OG0049351		
OG0049352		
OG0049353		
OG0049354		
OG0049355		
OG0049356		
OG0049357		
OG0049358		
OG0049359		
OG0049360		
OG0049361		
OG0049362		
OG0049363		
OG0049364		
OG0049365		
OG0049366		
OG0049367		
OG0049368		
OG0049369		
OG0049370		
OG0049371		
OG0049372		
OG0049373		
OG0049374		
OG0049375		
OG0049376		
OG0049377		
OG0049378		
OG0049379		
OG0049380		
OG0049381		
OG0049382		
OG0049383		
OG0049384		
OG0049385		
OG0049386		
OG0049387		
OG0049388		
OG0049389		
OG0049390		
OG0049391		
OG0049392		
OG0049393		
OG0049394		
OG0049395		
OG0049396		
OG0049397		
OG0049398		
OG0049399		
OG0049400		
OG0049401		
OG0049402		
OG0049403		
OG0049404		
OG0049405		
OG0049406		
OG0049407		
OG0049408		
OG0049409		
OG0049410		
OG0049411		
OG0049412		
OG0049413		
OG0049414		
OG0049415		
OG0049416		
OG0049417		
OG0049418		
OG0049419		
OG0049420		
OG0049421		
OG0049422		
OG0049423		
OG0049424		
OG0049425		
OG0049426		
OG0049427		
OG0049428		
OG0049429		
OG0049430		
OG0049431		
OG0049432		
OG0049433		
OG0049434		
OG0049435		
OG0049436		
OG0049437		
OG0049438		
OG0049439		
OG0049440		
OG0049441		
OG0049442		
OG0049443		
OG0049444		
OG0049445		
OG0049446		
OG0049447		
OG0049448		
OG0049449		
OG0049450		
OG0049451		
OG0049452		
OG0049453		
OG0049454		
OG0049455		
OG0049456		
OG0049457		
OG0049458		
OG0049459		
OG0049460		
OG0049461		
OG0049462		
OG0049463		
OG0049464		
OG0049465		
OG0049466		
OG0049467		
OG0049468		
OG0049469		
OG0049470		
OG0049471		
OG0049472		
OG0049473		
OG0049474		
OG0049475		
OG0049476		
OG0049477		
OG0049478		
OG0049479		
OG0049480		
OG0049481		
OG0049482		
OG0049483		
OG0049484		
OG0049485		
OG0049486		
OG0049487		
OG0049488		
OG0049489		
OG0049490		
OG0049491		
OG0049492		
OG0049493		
OG0049494		
OG0049495		
OG0049496		
OG0049497		
OG0049498		
OG0049499		
OG0049500		
OG0049501		
OG0049502		
OG0049503		
OG0049504		
OG0049505		
OG0049506		
OG0049507		
OG0049508		
OG0049509		
OG0049510		
OG0049511		
OG0049512		
OG0049513		
OG0049514		
OG0049515		
OG0049516		
OG0049517		
OG0049518		
OG0049519		
OG0049520		
OG0049521		
OG0049522		
OG0049523		
OG0049524		
OG0049525		
OG0049526		
OG0049527		
OG0049528		
OG0049529		
OG0049530		
OG0049531		
OG0049532		
OG0049533		
OG0049534		
OG0049535		
OG0049536		
OG0049537		
OG0049538		
OG0049539		
OG0049540		
OG0049541		
OG0049542		
OG0049543		
OG0049544		
OG0049545		
OG0049546		
OG0049547		
OG0049548		
OG0049549		
OG0049550		
OG0049551		
OG0049552		
OG0049553		
OG0049554		
OG0049555		
OG0049556		
OG0049557		
OG0049558		
OG0049559		
OG0049560		
OG0049561		
OG0049562		
OG0049563		
OG0049564		
OG0049565		
OG0049566		
OG0049567		
OG0049568		
OG0049569		
OG0049570		
OG0049571		
OG0049572		
OG0049573		
OG0049574		
OG0049575		
OG0049576		
OG0049577		
OG0049578		
OG0049579		
OG0049580		
OG0049581		
OG0049582		
OG0049583		
OG0049584		
OG0049585		
OG0049586		
OG0049587		
OG0049588		
OG0049589		
OG0049590		
OG0049591		
OG0049592		
OG0049593		
OG0049594		
OG0049595		
OG0049596		
OG0049597		
OG0049598		
OG0049599		
OG0049600		
OG0049601		
OG0049602		
OG0049603		
OG0049604		
OG0049605		
OG0049606		
OG0049607		
OG0049608		
OG0049609		
OG0049610		
OG0049611		
OG0049612		
OG0049613		
OG0049614		
OG0049615		
OG0049616		
OG0049617		
OG0049618		
OG0049619		
OG0049620		
OG0049621		
OG0049622		
OG0049623		
OG0049624		
OG0049625		
OG0049626		
OG0049627		
OG0049628		
OG0049629		
OG0049630		
OG0049631		
OG0049632		
OG0049633		
OG0049634		
OG0049635		
OG0049636		
OG0049637		
OG0049638		
OG0049639		
OG0049640		
OG0049641		
OG0049642		
OG0049643		
OG0049644		
OG0049645		
OG0049646		
OG0049647		
OG0049648		
OG0049649		
OG0049650		
OG0049651		
OG0049652		
OG0049653		
OG0049654		
OG0049655		
OG0049656		
OG0049657		
OG0049658		
OG0049659		
OG0049660		
OG0049661		
OG0049662		
OG0049663		
OG0049664		
OG0049665		
OG0049666		
OG0049667		
OG0049668		
OG0049669		
OG0049670		
OG0049671		
OG0049672		
OG0049673		
OG0049674		
OG0049675		
OG0049676		
OG0049677		
OG0049678		
OG0049679		
OG0049680		
OG0049681		
OG0049682		
OG0049683		
OG0049684		
OG0049685		
OG0049686		
OG0049687		
OG0049688		
OG0049689		
OG0049690		
OG0049691		
OG0049692		
OG0049693		
OG0049694		
OG0049695		
OG0049696		
OG0049697		
OG0049698		
OG0049699		
OG0049700		
OG0049701		
OG0049702		
OG0049703		
OG0049704		
OG0049705		
OG0049706		
OG0049707		
OG0049708		
OG0049709		
OG0049710		
OG0049711		
OG0049712		
OG0049713		
OG0049714		
OG0049715		
OG0049716		
OG0049717		
OG0049718		
OG0049719		
OG0049720		
OG0049721		
OG0049722		
OG0049723		
OG0049724		
OG0049725		
OG0049726		
OG0049727		
OG0049728		
OG0049729		
OG0049730		
OG0049731		
OG0049732		
OG0049733		
OG0049734		
OG0049735		
OG0049736		
OG0049737		
OG0049738		
OG0049739		
OG0049740		
OG0049741		
OG0049742		
OG0049743		
OG0049744		
OG0049745		
OG0049746		
OG0049747		
OG0049748		
OG0049749		
OG0049750		
OG0049751		
OG0049752		
OG0049753		
OG0049754		
OG0049755		
OG0049756		
OG0049757		
OG0049758		
OG0049759		
OG0049760		
OG0049761		
OG0049762		
OG0049763		
OG0049764		
OG0049765		
OG0049766		
OG0049767		
OG0049768		
OG0049769		
OG0049770		
OG0049771		
OG0049772		
OG0049773		
OG0049774		
OG0049775		
OG0049776		
OG0049777		
OG0049778		
OG0049779		
OG0049780		
OG0049781		
OG0049782		
OG0049783		
OG0049784		
OG0049785		
OG0049786		
OG0049787		
OG0049788		
OG0049789		
OG0049790		
OG0049791		
OG0049792		
OG0049793		
OG0049794		
OG0049795		
OG0049796		
OG0049797		
OG0049798		
OG0049799		
OG0049800		
OG0049801		
OG0049802		
OG0049803		
OG0049804		
OG0049805		
OG0049806		
OG0049807		
OG0049808		
OG0049809		
OG0049810		
