k4_temp10_1	k4_temp10_2	k4_temp10_3	k4_temp14_1	k4_temp14_2	k4_temp14_3	k4_temp20_1	k4_temp20_2	k4_temp20_3	k4_temp26_1	k4_temp26_2	k4_temp26_3
4.96684364202527	4.46314580069471	4.78945592227993	4.739342917181	4.68450672625052	4.52304087583533	4.88093781349919	4.38197196415294	4.61814558318282	4.77061182687015	4.69949709660975	4.75976652469555
4.65349452321669	4.46577514438718	4.53486086647906	4.85286302039142	4.64227589022615	4.84031378765625	4.92040185349503	4.85140740649113	4.9488622072208	4.75457483991151	4.8127424077608	4.53103158468863
8.9785670968264	8.87419480765758	9.05599089730927	8.89246119920949	8.84805820067713	8.86455082930162	8.78951214788704	8.80470305037026	8.82781792153931	8.98391414193841	8.68458936245207	8.94810386230888
8.72551920201143	8.7480326187639	8.59989991806594	8.77938050702889	8.7133907390396	8.67662541204057	8.72950784985059	8.67249574774372	8.76252021427199	8.26891567566357	8.84831319853538	8.5725048365106
9.43400758610147	9.40999149158212	9.44127773367762	9.39457181233364	9.4155270621826	9.43127947138854	9.41222466203935	9.44383792158817	9.44540436878729	9.58147748454281	9.49570828904106	9.46857595048974
4.82338886030197	4.92571235024311	4.88731509013211	4.9301583645309	4.76596696030831	4.95863105093595	4.86776309789841	4.74683739600578	4.89195810890692	4.79358121967916	4.99836747242382	4.49363056080069
4.92045668801987	4.80920481547844	4.51661176068338	4.47118684985112	4.70646428092166	4.59932605248892	4.59088343197314	4.60668052324468	4.73281907353627	4.63926572615922	4.78464286369566	4.7494281457104
9.82138533079387	9.79304101580998	9.80255196290322	9.86305938983994	9.81834502730647	9.80389278195953	9.75877623379233	9.78529808162665	9.76507649086868	9.74173717050427	9.78991181111763	9.77138080167309
3.78266173919008	3.99012143102401	4.32918430109079	4.28602297753795	4.22514232249504	4.28543497590463	3.95035084409231	4.29427916487556	4.28235047119764	4.18565574762547	3.78403927307859	3.79085563037079
8.9923500150186	9.04088507774899	9.0227865384531	9.07643780333267	9.01983518074546	9.03694030843752	8.9775590806577	8.95236805038228	8.99748023996053	9.08851775831414	8.91279951340636	8.94746202945008
4.73494812000714	4.99807453408806	4.90832637692663	4.63262215133467	4.64374637324327	4.62105136710444	4.63792915554988	4.57209249384787	4.481694225661	4.92346666200237	5.00576617428978	4.76587187674123
8.90025709844485	8.86578848540927	8.92376537372091	8.8808909393559	8.86939464717423	8.77469926605443	8.7042758675881	8.75995311938618	8.69722409929467	8.68558023408231	8.53518968951892	8.69275888505054
4.37155385421894	4.62391431472792	4.34930716569294	4.78380362256354	4.67899459019053	4.33299826327678	4.79342023500498	4.75564834134896	4.55452524071141	4.82202392470946	5.05606131751432	4.71649145741806
5.15356347437893	4.95327706777683	4.95511217650915	5.00302667312082	4.88945300015562	5.01926296619225	4.96604115664684	4.83355105730353	4.74565988622203	4.77053336443819	4.67416140569514	5.12927485974046
4.71229386293167	4.57642674283796	4.70127561925647	4.57521540203687	4.79332222097071	4.65897473148448	4.42865144731069	4.5369265392507	4.55824087612246	4.38814305286826	4.41417603528062	4.53391340832322
4.45017130100353	4.38890242688832	4.55342585401468	4.7675622137659	4.39596585468952	4.47295344922909	4.39197711531416	4.53924528270251	4.4820437366813	4.72596950393289	4.44094543700824	4.6568770200256
9.03787891736673	9.03933643612977	8.91112426700819	8.96583217181374	8.93681423015591	8.88084158266478	8.75882172017459	8.74826718795307	8.75372363507514	8.64185267036177	8.71921133277932	8.83940609794904
6.65477539602356	6.77536454366985	6.66251851148966	6.88581503755081	6.56311677080287	6.63455393885844	7.16571905382871	6.98979559113291	7.07964035843857	6.8339706431174	7.22016346078658	6.76791696218079
9.59499781238569	9.61978876394854	9.66080518299634	9.67200825147166	9.62835962034679	9.65798215621545	9.64055392830127	9.61532569297057	9.65289256978415	9.82696089538847	9.67562335395773	9.58780742616498
4.69146299186713	4.90679137283327	4.60825030515299	4.81945041171133	4.78123129451416	4.81583379966621	4.71624984478748	4.4860342623909	4.78081892191696	4.55608597883018	4.68033771482318	4.72232834207007
5.00808359159704	5.0977742018646	5.09400987129483	4.93613197069593	5.08281095431383	5.09722051721072	4.90955866296853	4.987437140857	4.8980743256906	5.00767698057131	4.94344744125122	5.07704767362624
5.19739948138769	5.05170714558082	5.37963990594787	4.9397621219421	5.25051670360272	5.10239192943246	4.98133129930606	4.91753672940695	4.88475336092819	5.08832340709357	5.33799771650519	5.30999131279866
7.25075498941835	7.23009080566929	7.14238053921114	6.99168454088799	7.09147533916481	7.13648135773393	6.85926026093657	6.93401317511378	6.96635624871556	6.54085259562808	6.89530781039366	6.93458847508711
4.67612006378305	5.01234281878697	4.96282797614661	4.7892660734555	4.83899959994718	4.93336485196385	4.66688055416753	4.75795635451135	4.89382060529358	4.68760101375076	4.64373638084135	4.77160255279205
9.42746471371499	9.38429584964678	9.42593656713517	9.35161603255212	9.50194000927131	9.45059767117941	9.44639627544467	9.51691966950967	9.42350775197583	9.22630535669632	9.4891903926838	9.48431391161694
5.12918654275397	5.22717598774079	5.24181111571812	5.11981660292824	5.1529862745783	5.0554045158227	4.96112984092074	4.81854004035602	4.78793407748667	4.98831413187831	5.01300104033927	5.10970206905674
7.9631572462895	7.82119044476438	7.8562661286691	7.75546598281385	7.73373814941831	7.65687666960023	7.5332275303482	7.71248223770529	7.53189597351059	7.52628423433864	7.79316905392772	7.68014274488704
4.82795804558505	4.96172277119672	5.06286808916361	4.71073988542038	4.95521274330525	4.65150732775371	4.93605501520971	4.79124618187425	4.81302518012751	5.12752835621519	5.01199750782152	4.65868382575115
4.87802314159745	4.81620566591666	4.98126275545188	4.78901208885282	4.63903916579806	4.56401367769012	4.84211329780898	4.9084340574969	4.78494430737918	4.81643222365769	4.80393218141573	4.72610151651283
4.87048313588537	4.86666149664254	5.17116039711041	4.79021671463811	4.87537495815445	4.83161914856245	4.69788777628825	4.72849677910992	4.84669652288509	4.66681268022994	4.6873096456214	4.9199646691919
7.68747679137325	7.53111404391364	7.79553897320753	7.97969920112395	8.14624371259226	8.10799886938275	8.29531716812827	8.3214263199994	8.25367662533928	8.64245713322736	7.81453354199599	8.16336395881586
5.37229546431929	5.13693138755406	5.55777671558319	5.66676309074278	5.54382956925009	5.55988481052574	5.74324674367513	5.81075215336663	5.66330274680828	5.6408406130897	5.78056853023764	5.80991943498803
5.63568406202967	5.67618254797115	5.4810119117872	5.23343670785619	5.38782339947045	5.38630322776778	5.16360139876207	5.12022404667002	5.21034492532364	5.29114723372449	5.36812873033496	5.13254807307453
4.59292466895367	4.57760972755329	4.78047496545414	4.72404786994162	4.36279203699535	4.63742689449192	4.54326100002433	4.39852791716002	4.36332479987253	5.00533272794473	4.6500457195073	4.47637286978002
4.58652989057241	4.74468496469462	4.37310944880575	4.20206735593844	4.33962639678119	4.28842568799111	4.41918826030367	4.42918854247347	4.35918241855569	4.61771968631717	4.49076160439757	4.4495301492225
8.59504128753495	8.60604161995143	8.510661650647	8.57181650771005	8.57248154777836	8.59579360770265	8.60534016020321	8.51936162340852	8.57650419620299	8.7751796735311	8.66896388998235	8.65247170821662
8.07371908995034	8.13390804128461	8.1858224623032	8.14638528029787	8.07203437953118	8.10381217173396	8.10259541849333	8.11279190077241	8.10010161486599	8.19079886761777	8.22186932615518	8.11297732415794
5.02314364159199	4.98856585707304	5.07075215676586	5.08011359827759	4.96719515279655	4.72336339068609	4.94938305722856	4.88380416669035	5.07581702834415	4.92950757434529	5.01319829436237	4.78005376899481
8.63404543660493	8.71800729218059	8.60768831913835	8.84371938316977	8.72884912660606	8.75459104325416	8.70318948664282	8.70851288811332	8.71019711518148	9.01053930313407	8.79097079230752	8.72577385465443
4.49125294289154	4.83586482217753	4.702950102681	4.63154219780275	4.36629532432812	5.05693419256063	4.4266851559239	4.81691968789665	4.61696178205479	4.94910160676659	4.93272453111769	4.74572015888612
9.21377063012294	9.25080676377434	9.28596077389953	9.23615873460724	9.22154442929711	9.23651349946204	9.15932902183296	9.18111836622065	9.21474744955817	9.49853645800146	9.27438199289934	9.14110309307898
5.37391540512414	5.28244052150425	5.2610963264217	5.49498076575116	5.39311005646841	5.2987912368153	5.77882237518921	5.86954764394839	5.82733532945151	6.11917838769501	5.91255627434221	5.87182725397237
4.85175738019168	5.01099246716038	4.97860494905673	5.07118174430846	4.88499959510929	4.82820724642652	4.9957819279423	5.01308997158289	5.0284377722404	4.90142625788727	5.1735974257545	4.86597814495568
4.51077234072033	4.60857547032415	4.63688515616246	4.77170470410922	4.84573187822381	4.72603742932522	4.6900717760596	4.87352824803821	4.64801320864454	4.3964045121644	4.52525846287598	4.3543925824516
9.58806402878774	9.59825752828473	9.48320226006302	9.55151622397191	9.56681247291045	9.52846850443384	9.45781516669045	9.57487603130108	9.49718200300891	9.07751917921705	9.50961249733901	9.40966945937984
4.87698390195327	4.84018938040392	4.46048912959811	4.96863233079337	4.79234774593141	4.85837350022346	4.5632536705564	4.79543591883848	4.76082318369439	4.51563430048476	5.03665762784815	4.98402035209823
4.16227912652692	4.37392262122401	4.05002639692885	4.71054967904556	4.27945231953495	4.39230850184035	4.90034769453012	4.55982575463392	4.78048583389403	4.72114213591	5.02848550618848	4.60316045962892
8.30752670094331	8.24309251440722	8.23405397458326	8.23171861911945	8.10064750427718	8.15028732646414	8.11115410542677	8.14710379365016	8.12908555463433	7.76806795984205	8.22156102302535	8.01710086614862
8.41472428439715	8.38057034397374	8.31712662357062	8.2965242341303	8.39600829970341	8.30981145660303	8.13649804465934	8.17924878389158	8.2542620931163	7.89134703769217	8.09683095882169	8.17294428931211
4.36459909601882	4.46598744337968	4.57444130686275	4.37715395176173	4.31536829742946	4.26263656668347	4.26523358522791	4.42750437504306	4.57200885611565	4.74230473299907	4.72314777261806	4.66155306135916
4.34357944363527	5.07948160400603	4.6065551081783	4.75114527249667	4.57291190119112	4.6269342315748	4.65070013738096	4.61616463303773	4.70640200014868	4.74677146802096	4.7446980031268	4.90192468773685
6.24398172135357	6.24400359714758	6.25284917057067	6.18117879084707	6.33583445336148	6.10596059390356	6.27376275788035	6.13218610400999	6.16229562149715	6.19542798441688	6.06443049488873	6.19744806042891
4.53977596421384	4.75659542179678	4.94834118173286	4.80233159503957	4.73298848392689	4.8349873244348	4.7680431138732	4.93882190163646	4.9429294658642	4.70891870780228	5.16703361458827	5.108991667508
8.83278392798804	8.79543466003057	8.90266799161981	8.99332972940921	8.94053628121456	8.89967544865751	8.90734196307219	8.94257078695296	8.91741331775258	9.09994413921152	8.78475135129039	9.01419741927951
4.51590263343661	4.43031791232123	4.87135223397557	4.81787707455899	4.71728820470489	4.59845952135202	4.46018412635054	4.40689799241867	4.75821367153849	4.7891811141157	4.91231701929603	4.77314227820849
4.38817105602708	4.54482486961843	4.66307307023367	4.68616711507718	4.24557124064416	4.59197582310252	4.5389660762359	4.33987408447529	4.49163196154298	4.74750090801904	4.54896853977717	4.60466271966214
4.99096508856741	4.85029377084612	5.29628370379386	4.88237743292207	5.03747553199153	5.05321434279398	4.92809182845391	4.78701302403748	4.98020894356759	4.67316398498871	4.94994009596652	5.12586135219188
5.32093182772572	5.28098667940958	5.34556953691011	5.47346631805253	5.31117965634853	5.48838219828678	5.2168059552623	5.41893594628752	5.29997182629811	5.43253087216524	5.41461665997802	5.47995844200005
9.43688056606811	9.46195454984054	9.37225955081287	9.46976599289534	9.36483444931328	9.38680448627773	9.36577256267263	9.35362176037058	9.42353708913604	9.08322046090731	9.44638805165406	9.29201274646887
4.42875793514692	4.79913666218925	4.83436561109589	4.85220855171791	4.92116005037515	4.55314246638627	4.64891978519791	4.41665468446531	4.85998762522392	4.95535310200482	4.77898466145623	4.54622887467651
4.1035426793004	4.23496089585338	4.31402256745241	4.53693647105024	4.3112668700267	4.61518890114271	4.37096294061775	4.2477878812582	4.01998031837497	4.09053508975026	4.00232442146459	4.26718452072025
2.04237251296594	2.85597999344108	2.96744557841025	3.10239540682868	2.67303692031939	2.57514416489532	3.08997173203416	2.7991311228258	2.37396848410088	3.2415357509202	3.39398660824906	1.95484354904962
4.87592018189911	4.66449919208001	4.85948373191455	5.25933344674744	4.87093381805065	4.80418660595076	4.85764865727795	4.80049014189747	4.90535159812622	4.69793086417212	5.03096081284142	4.83171440807653
4.4426793366886	4.57731017328668	4.3654440399556	4.29603111334029	4.24986618462001	4.71043489901646	4.43633788723439	4.25712064426858	4.35185602711355	4.09667034107621	4.27416370183026	4.20492437821962
4.02216675899597	3.91609541267539	3.98171243452932	4.13215881039215	3.77282398106801	4.04114315898448	3.90150871145971	4.1031425737219	4.20279568311989	3.83886715322139	3.79123413707961	3.8542641734436
9.19738584853679	9.12398334536001	9.17054830051032	9.17340998225231	9.20815532376832	9.20246728823613	9.16166350719632	9.13303131501253	9.15844773073095	8.82406591438979	9.22699344019107	9.10218060996856
8.2958324253164	8.26163633147516	8.21308226042277	8.34129624251421	8.27476972755368	8.38648365850167	8.27429478676803	8.17417437059833	8.29153553653133	8.21130442316365	8.34196472890057	8.32042971505042
4.5550557506497	4.59324546959298	4.50731514703911	4.95106724290268	4.59704785360161	4.8243636642794	5.07714468570445	5.03385751200006	4.8986347013139	4.99305001584294	5.20500222072175	5.04462008993277
8.21194475021086	8.37907402243201	8.2762244612549	8.33996060593914	8.31886333815147	8.20379908765763	8.15596627833346	8.12862163049521	8.18913848980981	8.57690661792871	8.04326562045756	8.0825168105363
4.84900170459461	4.71946287511943	4.7097204711703	4.66687330516061	4.82913750086031	4.64737748706448	4.53716161854502	4.70748785843168	4.62844572441227	4.62506609219137	4.49366184655852	4.56465430623487
5.65836849704606	5.37385697798679	5.46820211016055	5.32115979213598	5.46429600776432	5.50596757863117	5.18078467213519	5.30332655722631	5.26020826062514	4.88391965865712	4.90930473601941	5.08355292211363
5.20802439224435	5.24442853452116	5.25144224957048	5.27602160660973	5.59897029860777	5.48960529768836	5.37334016381604	5.24053668431193	5.46188221103955	5.87404442096616	5.08380765338005	5.49952433863209
4.6525766130067	4.59384096416639	4.75065498692399	4.45512239167167	4.56202062165605	4.64170801691789	4.54993257286181	4.52364090150708	4.63942292848781	4.69025819246581	4.69351403369392	4.7314412868645
5.11905243822001	5.06894186001626	5.10677298278808	4.78659007086672	4.99100222727056	5.14798351262054	5.12723982409345	5.03202946617893	5.06423846065172	5.14576399540887	4.85958464770377	5.16181217931056
8.9855031578877	8.89408937356368	9.04923109387851	8.86875094535732	8.90719528037229	8.89059622667564	8.72506949771912	8.7998279038549	8.77303684970429	8.91447156872992	8.86080857451889	8.82324052860887
8.98873862911408	9.0523096708818	9.06392947198369	9.28163488459317	9.04432130434367	9.05352564519528	9.04803074688234	9.01542729051571	9.09910461852154	9.46024052349693	9.07828285892707	9.03602257580386
4.52296997270871	4.1883880129071	4.47789563237231	4.72820630357798	4.15876340574217	4.37118652322414	4.30577105934011	4.33339103649844	4.19815055497764	4.53786779697305	4.23497983348005	4.68335228015531
5.23558741199873	4.61957567645539	4.75784171087127	4.59717287216064	4.65488182580553	4.85180107039406	4.94810271151512	4.86480321479345	4.79190735292685	4.76845451519107	4.87081567040214	4.85827949467953
9.19119462809445	9.18069593518753	9.15053217206972	9.27392891538059	9.12056959929881	9.142360621567	9.08846422224084	9.10678579557396	9.09603195919486	8.9819802396126	8.96270936199387	9.11026475213432
4.47037825132634	4.52355332038835	4.39422881620923	4.72704655831344	4.6819843554032	4.40971664275285	4.694956943956	4.73586311734729	4.74143298818128	4.94374827740127	4.8287536200009	4.92493366897684
4.35030270082573	4.49765489960927	4.66153417181236	4.91568663467946	4.95541679148673	4.58065608185009	4.99780151873676	5.09354629939448	5.28089267700638	5.84181689481088	5.54469192811231	5.47800782991144
8.59751346364352	8.64936219357294	8.57083838128381	8.66714589566033	8.55947808349029	8.57005399283545	8.48105877844257	8.53617903326163	8.47294975719443	8.37221889324607	8.58431475484405	8.39809656760628
4.47354518279491	4.30119999326298	4.66888507483864	4.60971735797369	4.638662416661	4.66830537944637	4.41698847135356	4.21149698113661	4.60996623493856	4.45755510629011	4.17852642225769	4.3871009489996
4.63078347661592	4.7452575417578	4.73021193011931	5.12300467276349	4.63924815426475	4.93389507604509	4.9002260742695	4.82679716321402	4.7725232081784	4.87021866452371	5.32071676140952	5.08838637337708
10.5199402179515	10.5758058551518	10.4722978117938	10.5642628025421	10.6325157092073	10.6403687316671	10.8108030129745	10.7235170789936	10.8176006081907	10.4015266517091	10.872104710438	10.776673763196
10.0523092264603	10.1472761433833	10.181529070877	10.0343354984088	10.1836678726376	10.184208254918	10.2215695747667	10.1257228082295	10.2296042563282	10.0860058022135	10.4290662666667	10.287397234887
4.23996049682141	4.63878819415002	4.58338072328251	4.20209006990885	4.55998408503569	4.37777573026698	4.43945948517775	4.42916194955902	4.43425737709143	4.51002278772891	4.58030765253416	4.31196172059972
4.58912502313229	4.50433074407729	4.16913093818317	4.41649129707665	4.74933918889791	4.77763363401103	4.16889051691527	4.52441440359559	4.53875823132888	3.93682639689328	3.46613357388927	4.47325500943325
4.21251596549468	4.48195325287752	4.15913545661224	4.33803713301759	4.13532268420318	4.40667421890475	4.12817893826853	4.17936115337155	4.02057707114893	4.28453250148908	4.32396424415518	4.26889890925736
9.10550125725982	9.07079465062775	9.18924891483763	9.15447564366848	9.22924957395605	9.16862114103647	9.33494442115602	9.27037878413731	9.26622003278138	9.49749376149111	9.48085811252228	9.33066633121688
2.09617251718514	2.44963844539003	2.61443507897393	2.70676947008254	2.40307124670935	2.42889090996959	2.91715349393126	3.10724611456874	2.13002447143835	2.70505611527895	3.28377709152905	3.19060055498978
5.21357866428018	5.24329471830331	5.35534747260063	5.27769866472557	5.37240130398801	4.92084927276343	4.95598015957924	5.04100358123981	5.15346629250664	5.11809349474585	5.36451435494963	5.07328428497736
7.65923503125489	7.65393496048302	7.6946411342886	7.63042767255528	7.66468558715837	7.52347000561401	7.56909779459105	7.45714293571963	7.46114442871931	7.54550511607064	7.50655671739522	7.30917377450101
4.84097042196843	4.71351353326692	4.75486722104536	4.81106495348499	5.03064392951946	4.90039993578723	4.60798727804414	4.64245896793189	4.90956116608375	5.00624778886367	4.25214913769997	4.97424132977453
5.12187403634043	5.00443389380407	4.8330698338837	5.05220185252706	4.84776471459617	5.2940606878167	5.37725039869092	5.28637474121114	5.28514037855579	5.98091576739844	5.37437822526216	5.5011193246951
9.54653170128177	9.46537224289412	9.49240810066207	9.32799873099787	9.42923519698235	9.40123551181002	9.3437014255941	9.40153594422796	9.33949107825316	9.32714323952118	9.23395605890728	9.38904008591178
5.32725139639268	5.44365448477572	5.31180990606101	5.33875393668621	5.28244087999212	5.31521197059582	5.36201710432047	5.43180475536592	5.51280808380378	5.19015758610402	5.42184421368912	5.23171987850739
7.82688503276586	7.81301434564031	7.8362955626042	7.77415686124006	7.66585590041734	7.80038592272191	7.77206893706567	7.73112711154431	7.79307607530262	8.27767036366164	7.72430201019974	7.73796922362696
9.78857062134206	9.76571643869807	9.70739383829617	9.81149149107185	9.82682041724506	9.7921101858008	9.88158665200721	9.84019084486414	9.86809515052366	9.69783247190833	9.84531026664265	9.85305946671729
9.22510859355908	9.11150131337711	9.13349092292913	8.95138696310686	9.13399030441978	9.14856686895688	9.06209007516016	9.03347149766919	9.05063296420449	8.92350556347772	8.92497939188956	9.09609522522908
4.80060725471913	4.80735866649575	4.98703937533907	4.79118876171865	4.6974200357451	5.02931829195263	4.83672938022354	4.7738988987289	4.68122701861289	4.73884646319565	5.3341588985997	4.80022018484203
4.72357224447085	4.7764401343313	4.79569978369993	4.86441681460457	4.87515366091186	4.74309589252477	4.74497666321302	4.74142101443771	4.77058757189296	4.80944698633265	4.57627637842538	4.65768309729925
4.36655945306663	4.73710079688843	3.85753159584865	4.69395637285936	4.34008201351537	4.13286586694415	5.00257341240653	4.88559341852238	4.96290761880303	5.11225833356805	5.53991636036089	5.27258778686199
9.65542236979233	9.6179293034468	9.66782787875922	9.58992454476091	9.59723629865557	9.62701480249744	9.61229479530208	9.63075136808093	9.53300901146568	9.4709345560215	9.63967567141295	9.63240083134355
4.13370010990476	4.55605594287549	4.56186871036558	4.33174987412698	4.37454644972777	4.41120834616349	4.34281000991874	4.47414072486339	4.72505420361282	4.87806915602378	4.3798163426979	4.55775884472698
4.64676871533825	4.44080306546242	4.91292762372355	4.43928263926164	4.28456418921304	4.61106440649413	4.54429618176573	4.35018210162664	4.61412173838737	4.75372146350445	4.61890580361488	4.74775036126806
4.81210415034459	4.78328763303491	4.51497059589883	4.66668419103236	4.69194210379087	4.79745184815259	4.76927581648259	4.46583971943009	4.59193440092165	4.53127611350516	4.43926698962162	4.85226583054538
9.40542582521778	9.35966216919152	9.3219085029878	9.24277577905393	9.29685776997513	9.31004791027048	9.21177414764348	9.23307633691894	9.18328464263786	8.913030762889	9.26688180018053	9.30215318855601
4.03937932187343	4.27661883994303	3.91749792959121	4.30096802002838	4.1262946339218	3.96856302354514	4.21464841667038	4.09855339931061	4.32916414233554	3.7821392380871	4.00469356832698	3.92821668818487
5.49527421909436	5.44766902725637	5.5675569153744	5.73468369468857	5.82953056664339	5.67203547534612	5.84257040056863	5.7005527077052	5.83417797533973	5.56139621269235	5.43298142693784	5.49495812399051
5.16294738293056	5.3543385029034	5.17027471121371	5.15642546537415	5.25315438225937	5.22178130850015	4.91715213354318	5.16184884054302	5.15249518027218	4.78503950626545	4.69178251365935	4.92849596861737
9.78186515503524	9.78633486659056	9.79054082010659	9.72207425410042	9.77501828789989	9.70468974152792	9.71421079201159	9.75885523694384	9.68876881079778	9.7667380082387	9.58010694781657	9.74190663462661
5.15905220744661	5.22216677965477	4.99474545917876	5.00998470627011	5.11865957792178	5.27051176807902	5.02617263592552	5.0878748063114	5.07964777532231	5.27850066968837	5.22688501762754	5.08558001521015
9.4741149039604	9.35355449755086	9.60845217042237	9.44850954179419	9.48454438446033	9.54341528398285	9.65910679629499	9.65475499975238	9.63549581159901	10.1060987057485	9.62815020817465	9.57144755799934
5.83059798576268	5.9804817370316	5.8406257977932	5.73841592032282	5.75370176888748	5.58552801665259	5.8346299781004	5.66410537431759	5.80137497566007	5.77933567613063	5.83461085349344	5.65486087504821
4.62596470889501	4.55296527484176	4.14231691871051	4.26709993022889	4.51883277395161	4.67432772885535	4.59371291486849	4.658973219355	4.39249693108045	4.29216087383122	4.01494492452383	4.39161723535759
4.99979148321759	4.84211860686005	4.9362865941208	5.00679019449447	4.75941859693565	4.81481418432049	5.21095691592456	5.05558654411192	5.25696048706059	5.08093965555002	5.29025326045824	5.15463724605045
3.64796028891257	4.03558827838708	3.73778933218484	3.72973876131413	3.64523243765636	3.67142706376454	3.81686042538921	3.77043957166178	4.03535066120848	4.08379252387639	4.29264060054598	3.67349247221787
4.1188255943073	4.01123526137592	3.97482141998244	3.71668886899882	4.24069972713693	4.06067581500012	3.93579015766286	4.25435395062183	4.27054216898117	4.11020344901642	4.11832529242429	4.38358303601172
7.50908303324979	7.47146026146197	7.6705805275037	7.43096649477006	7.56004009536254	7.55426911474778	7.56750526783686	7.44683405921132	7.49756510371781	7.83423745390195	7.49886470645128	7.50691636316512
9.35283938298756	9.42235431129879	9.36262051674861	9.47439051332099	9.39584334012699	9.34144047079745	9.56166637788589	9.46098730370795	9.52503611358669	9.57213102928818	9.57054150432712	9.44172591857015
4.83096452815208	4.68228066441475	4.53265770424062	4.47240824152398	4.67555777899475	4.40034971126236	4.90095541303083	4.75297299592405	4.7227607848277	4.98257193708686	5.22580641464125	4.34650481057881
4.41149059980581	3.80485762987168	3.6874193685662	4.23538277468039	4.24443849767077	4.40322977533495	4.23068061764388	4.34860456301255	4.23730592441324	3.62153411007825	3.1054065303638	3.99823565571665
4.26383564459277	4.30389353986559	4.15843058000138	4.22729491332479	4.27763302656258	4.22864549337006	4.19074333555435	4.17970408622851	4.15458830948402	4.2291462507179	4.26018609298991	4.36715220809519
4.1533877878818	4.52468074211043	3.92845510961638	4.07066455681717	4.31854595283697	4.25612981712768	4.40640958021227	4.36631525881862	4.25429692521927	4.04819650025021	3.81172712873662	4.40112189398383
5.79513479661641	6.11316714606104	5.98762619201827	6.23971567418735	6.29423567730545	6.37737417039432	6.87769819825666	6.98036055754118	6.93791858173527	7.66219525159518	7.090160289244	7.18281301973861
5.84491610269738	5.85008301261028	5.87021013164195	5.71477482271333	5.94573199969663	5.78422047085646	5.68910010040094	5.75149626944928	5.79250235435012	5.64297836328063	5.97025495169434	5.63087077787693
4.43585903862055	4.08593236086075	4.37518677423842	4.32515603897346	4.31857033132831	4.37307436699894	4.08493205478138	4.27254928460267	4.30886155522777	4.52776207044721	4.23785647668834	4.32731971161521
8.90841473151413	8.87872847199916	8.85621898710876	8.77912729156649	8.88204653983793	8.87717455338649	8.96804290792608	8.93890299993844	8.87289468158365	8.34082448064046	9.00651894488477	8.90878517053214
3.98592024162166	4.16217436466028	4.22546562246628	4.29305490169386	4.10665231959966	4.03290569839451	4.46259030830591	4.20596230849244	4.17819511842172	4.35399032745129	4.85312639218968	4.48255028125335
4.63321380914038	4.63208291780084	4.93258528144232	4.85494215152854	4.67553032434543	4.81547314047348	4.74190295339008	4.81329754145188	4.87928750523054	4.85272152756813	4.98639527902807	4.6788240108567
4.49132452142223	4.88359385534986	4.59608573270383	4.63156218183603	4.58876976800557	4.7488864582896	4.58763011821855	4.79886035543711	4.60777565789413	5.32547109506549	4.57385223762375	4.7456659055403
4.76267254908324	5.0787512011145	4.94871306430653	4.89976892448379	4.9423853156363	5.18344235697608	4.79872340799204	4.72713167213065	4.75732132628382	4.71583216343909	4.65981546266215	4.82209972876667
8.84519289214982	8.97080082391498	8.81712599232154	9.13602933808035	8.81735490347857	8.85055661781729	8.86894286186136	8.83174072684387	8.92457232865918	9.18273568476783	9.02288593609538	8.86003784460391
8.08924158989308	8.20068235179087	8.04572403019021	8.2760733322513	8.16476893112189	8.11435760096693	8.14674674322986	8.1675341096585	8.21612942177454	7.66903889512717	8.18032507045649	8.12374169751149
4.68200302080749	4.80689141561117	5.02375090840888	4.88893327572429	4.58276593711795	4.73233685071233	4.77636509434948	4.57769219457417	5.05477985567205	4.73283164833805	5.56752817200576	4.75588992144706
7.54859820258432	7.42982272922434	7.44589144844533	7.53123274463061	7.41737252684151	7.43938515860875	7.50007592192927	7.45322004824795	7.60725000369892	7.3792226551561	7.28528019522613	7.46368957235305
3.87580570229663	3.90334786253928	3.99379662717786	4.17226827014859	4.24225365928437	4.02688031690406	3.87554347834452	4.02028523835543	4.146779891192	4.43012853737548	4.21291767255737	4.41342386577376
4.75886016704152	4.84311307183607	4.36198787596545	4.61595491032558	4.44152386969663	4.65523601426945	4.68997126345563	4.65969421541773	4.63896905036716	4.61435221595846	4.62756301458974	4.69449640183098
9.11212661203326	9.11738700638023	9.08741686495149	9.19631991172732	9.21297300440893	9.18905607810274	9.22542290536635	9.17385859282785	9.24811368939313	8.93483817319891	9.24169913600745	9.13885676110959
4.86924437570603	5.04011298362768	5.01138179210148	5.01235942315374	4.84444397949544	4.96853908048264	4.69855469644485	4.79846000141402	4.81107768696116	4.98871143507249	4.97570074151622	4.94262105947873
9.20841694103017	9.28189376121143	9.20579945529442	9.35586813907471	9.38639973260681	9.27331124975481	9.51483414456472	9.46254835399016	9.46357649342601	9.64056400869905	9.31277332341249	9.53024147837248
7.88192902492562	7.92526058508804	7.90691453024907	7.84296241219949	7.81278661630222	7.88463027368167	7.67286492977964	7.60569951084503	7.64360198259103	7.80897823570347	7.68890073301902	7.5890008506021
9.33882435578371	9.32880836880925	9.33497856048347	9.46943053555897	9.33478529322134	9.36261920755383	9.39240051550024	9.38898548841388	9.40882286853188	9.21720511075324	9.43943731075774	9.3000067379078
4.11919996733028	4.1968666602787	4.26750871318208	4.05319737035263	4.21529786010813	3.97162362000746	4.2847465857005	4.38999522648606	4.12889647718263	4.31969624121166	4.35704133808257	4.51622032498857
8.21246505369541	8.19047230898376	8.09434708666997	8.11391003000841	8.18609752721923	8.14988852529275	8.02168929574355	8.08023734323086	8.02228458101835	8.04001632995601	8.02381028295276	8.10261396862336
8.85887749439295	8.9106364865344	8.87871926064279	8.88868560491794	8.89990465506462	8.79712140151275	8.70332146836387	8.76975161534462	8.79246314700975	8.92723131937858	8.6424191217999	8.81790790927203
9.68468446351358	9.73373051476123	9.70103953741422	9.58279149909493	9.77617709452182	9.73874449019305	9.73797616811462	9.80648613175682	9.72705615718799	9.71940774533057	9.58918262090666	9.81899093072296
5.00344632924797	4.82648617183872	4.78390722236465	4.8065355480973	4.88606037618154	4.8836265229845	5.23357288514557	5.13179295721109	5.12032441111145	4.79011161839544	5.09976618544984	5.1248594009548
9.6997175305686	9.77139492757706	9.55482562816076	9.78774971239179	9.74427916652502	9.76827718693347	9.86039178358687	9.77644817276673	9.83092398413561	9.47545763512871	9.81592732523751	9.75466708296929
4.14116327353443	4.724488833193	4.36702681086682	4.62474052160897	4.45405285053843	4.54080679181659	4.37026753681005	4.52783753231766	4.56966486045872	4.52003438651811	4.91262027283755	4.63050024984352
5.03291846164045	4.82993655369756	5.15742737631937	5.32877640778818	5.00884075365721	5.0147167773517	4.84251062037958	5.02512733576491	4.80466074437006	5.06899014187151	5.24938530597659	5.06595878242091
5.2531722867149	5.36436542333944	5.25558496606253	5.22275208533302	5.32130824459523	5.08384175788045	5.27677294908755	5.31052600625664	5.23817017371624	5.17767169366753	5.33441803362061	5.35960805500291
5.13728934752732	4.93675291515643	5.17422547675049	4.97724436998274	5.19499680016305	5.1898474793859	5.0545161609955	5.09998294368791	4.99044797637332	5.0278367090906	4.7127913185481	4.91207072155687
9.01234044459443	8.87479270492024	9.01111926906347	8.88487325436822	8.85269601123173	8.89988064132914	8.73048123954763	8.80981242804999	8.7951933824631	8.53818929404178	8.79539286133052	8.71206984398135
9.22110235215194	9.19456812185606	9.16544526417178	9.11329083401292	9.19398137881426	9.1974013938633	9.18705816684956	9.13807245280915	9.16313611292341	9.33677387035744	9.19432988437137	9.02819336785874
5.18710930407376	4.94826554860319	5.14026821403819	5.18110468942352	4.93747960046102	5.02451938817934	4.96925251918743	4.89679521601915	5.0383244215948	5.10927807748808	5.05671903916066	4.94207382890985
4.68633828722504	4.62519571318606	5.02574851986013	4.81801964375376	4.88388331625343	4.36601427977072	4.74399286432764	4.63760059841019	4.58187033747084	4.27598609509293	4.76274415068436	4.69029306622796
4.67203846236393	4.50523410716376	4.33852321543328	4.48743677986325	4.57469726410581	4.23215994787374	4.45502195346635	4.1452775827559	4.22350816627528	4.53286463544359	4.13480645339906	4.18532164681678
4.27137402249492	4.46229018027841	4.26117859280819	4.85070627905158	4.46194330664217	4.82146015919768	4.8070235471773	4.26918719493182	4.82285170768269	5.09530700364157	5.07709697865257	4.90394425116429
4.65911304252813	4.26625284250757	4.76954385636383	4.30053935325487	4.43095009867405	4.19754602216855	4.26579968991397	4.51944359796883	4.42242105608729	4.59428562756371	4.53156112552099	4.71163432838389
4.92056633986384	4.87477212727429	4.92020976090551	4.70676372936164	4.77761047910102	4.67325366973713	4.43231484289761	4.60258684739765	4.85764928830642	4.61419516782428	4.87149040892236	4.92606696467984
8.53114081491581	8.51801019885595	8.35672325880363	8.66789399909036	8.54214801881947	8.61080022213185	8.70003778200187	8.63117718236387	8.67909640283963	8.51361716165541	8.81436982796303	8.82212600636736
4.35332425765817	4.43697988246154	4.4354391541629	4.82309478260011	4.35130950693363	4.40260049615395	4.46324027041183	4.59309031369721	4.44131979087793	4.63693849511885	4.62835600810282	4.64478236910013
10.2311415463634	10.2661218480776	10.2698145108097	10.2432987856999	10.2751084308046	10.2577414804401	10.2259312033244	10.2551208720833	10.258871501995	10.3258902441051	10.3059562492752	10.2827098969913
4.36923950621446	4.3972862886033	4.28143010030626	4.60687007782426	4.19180994786879	4.39964728593376	4.39198961819867	4.21478018507074	4.46737025516674	4.48180588442442	4.36248091515085	4.56692594577763
9.6901235049016	9.66198616644215	9.66862774474624	9.65065421211208	9.65588093671428	9.63672995250053	9.57832380806239	9.61431632096968	9.62038805826734	9.7382562633807	9.47217041841446	9.72464200744559
4.68217314591621	4.76970616053744	4.68481669628133	4.56479287506813	4.73637828598925	4.7390529990538	4.63792115661819	4.71813870749098	4.7923199914264	4.54332029028073	4.42281545821642	4.42800878014881
4.2683432217252	4.50642368951848	4.5418288260467	4.46042415498142	4.46007190203129	4.4274572802189	4.20244514734807	4.47787803287828	4.43640571219978	4.61001392847448	4.07094441307753	4.25188903498825
4.59821587424246	4.82519701409081	5.01344462641992	4.86380032343104	4.69205109276073	4.76369614561053	4.83953333799882	4.65474203958449	4.56934972709975	4.71520274993637	4.70775247401985	4.63448210025331
9.74289632338418	9.69185079949423	9.63731597329033	9.63187784013058	9.67310076011808	9.67616391465827	9.70384402141756	9.67828979119365	9.69807349692099	9.40346175569235	9.62552395173646	9.67586600406914
5.66276426517032	5.54017889884211	5.25213779014848	5.34776777596216	5.53697379673838	5.60254164470396	5.32717730286838	5.31647076786936	5.36406644669074	5.30237005212024	5.2820497562528	5.14701399178488
9.11862732791316	9.18225715737185	9.29132864883101	9.05859047102502	9.1374404101296	9.18351285088297	8.99343888942573	8.99299713731662	9.02551337639298	9.36420904084638	9.0038859962546	9.04623198718946
5.39737432918413	5.2535162149784	4.80556726632511	5.07865548089444	5.10871493969632	5.17553239218912	5.23518233148521	5.23087188165017	5.1148558717681	5.43247819737699	5.36702600161806	5.09877935929505
8.99780452669237	9.00099286832887	9.14243207634481	9.00491534813402	9.25804419118952	9.33457248232413	9.51628509026185	9.47182846768684	9.52487357525631	9.60063173896797	9.45295412825903	9.71198357284675
9.58698073801252	9.63118193914273	9.49538595105609	9.59429338513207	9.62596981375494	9.61563290366351	9.74735108084959	9.60134663003428	9.69590910710688	9.253965996496	9.7521203772407	9.68821984772862
5.09511753607885	5.00486286991607	4.99683088245365	4.97122264198942	4.83654429815538	4.81375489393557	4.70339529763895	4.77373314680407	4.57280080057115	4.6689246939471	4.90539561507128	4.97719594555892
4.30071958121434	4.53527596212454	4.38158143721548	4.16569000082992	4.51129584726484	4.54520090356871	4.23891817498906	4.28257728157285	4.40530567482802	4.46569740314133	4.34448850774472	4.36639731404129
3.92281604693188	4.22847609643459	4.17669410037414	4.54410419642188	4.1831298088237	3.92408839023938	4.42913228599085	4.62759692476976	4.67435077088534	4.96812089364945	5.04409249941039	4.61425429683695
4.40758880990482	4.5171700289378	4.37693131444828	4.44376077865069	4.35110309894517	3.98443099556981	4.00318160892397	4.24497459249275	4.52056535397519	4.08990744757972	4.50889628866202	4.4625626418361
9.26439355380644	9.29063172229813	9.16759487230678	9.348347573755	9.23457168777172	9.33220789499815	9.28625911503149	9.33405085322794	9.30849424521088	8.9647863568624	9.24840284969078	9.27462954230224
9.06082441264722	8.96571856640531	8.98540357465698	8.79758811270367	8.95997448148964	8.90778641231518	8.81643649651319	8.89626702840156	8.84076707545894	8.75322952827019	8.80888522753616	8.8455751653538
8.57944108532269	8.66788271793051	8.59674924947054	8.60720321721158	8.64261186688155	8.69842919304415	8.71667961542786	8.73281270088496	8.74831961678538	8.30294024559567	8.66902356468961	8.84715468467266
9.28277139608709	9.22037818903375	9.22801856280329	9.22369474021846	9.14258661352112	9.19510666703539	9.08807322982998	9.14872193195433	9.11847275132597	8.81877220091355	9.23100185798733	9.12022069323833
8.05309390167717	8.03809290208492	8.18152338192554	8.22110512172994	8.25478097967431	8.27372616024851	8.52565412726901	8.53513575779608	8.55082074134815	8.30480048514588	8.55566492638115	8.53551900936602
8.98041252018301	8.95457555171091	8.98879585511295	8.89849262104677	8.82014780382717	8.84235485058717	8.74316094283678	8.80397264669399	8.67368903595727	8.68026154744808	8.8189221110148	8.81092510132168
8.99779688305701	8.98572545216697	8.92990595517407	8.93589620460668	9.01081379856085	9.00599829635576	9.10190709162916	9.0292651635377	9.07495889785793	8.85203316921735	9.15762960496448	9.07159025501066
4.27780582028674	4.11193737644535	3.86057051085278	4.17174651401053	4.47997353914962	4.31449676199701	4.1011148629391	4.28121239603448	4.29413637346643	3.9034744430989	3.32701125559973	4.03036832299149
9.72351613374939	9.72745752535092	9.64302640417235	9.72311527573053	9.70235023265535	9.70982440155595	9.6851023547936	9.70570761960464	9.72294891304165	9.46632690954791	9.64932167526083	9.6410316885049
5.15807347523498	5.06384279365081	4.81521095097573	4.9343697699174	5.06582799681363	5.21430545579798	4.87871315650919	4.95807985784693	5.16505750182896	4.57746289313382	4.72259399950941	4.96822645127826
9.8113804811415	9.8409115877963	9.83761909245042	9.84518525176879	9.90882634303479	9.85136422171832	9.8907017558044	9.86960946813706	9.88499569306101	9.84823977144348	9.95613569405245	9.926362297135
4.77279767067629	4.80049131991558	4.70525363140682	4.63244776985426	4.66769269722214	4.74069497773257	4.93411433933272	4.90270389293327	4.55040193025818	4.56850249345451	4.73839347832546	4.85515456058266
4.43007276355501	4.59986121238979	4.40540324976582	4.64798191882368	4.64184660250374	4.38430018613073	4.44566655772947	4.46211100633109	4.26615712520168	4.59098967692417	4.34782346992811	4.64787835328768
4.24351250511521	4.46530713530783	4.31779275963532	4.70755710200837	4.43031462544876	4.40996578652086	4.47712573421888	4.35524133231589	4.23146345329878	4.87263165078323	4.5232050140303	4.58545132337735
4.42903460434132	4.49682218987593	4.70427807878414	4.4497518896833	4.44629683850655	4.19881731934817	4.50518418106445	4.59469909173446	4.35740467739326	4.39608976020233	4.53909290660668	4.66130892300158
4.53085599382075	4.54649882901628	4.45287211171031	4.62580476437649	4.60342047581342	4.42272584803994	4.3142600593125	4.61206486151179	4.45998570132359	4.93184446546325	4.6467162676007	4.57552863986986
5.42652647444498	5.22342111973841	5.33050763855781	5.40861376930839	5.39273633943987	5.13440079904742	4.80901690553676	5.00380253986778	4.90516206655062	5.22357913040581	4.72709805171586	5.25277444288856
4.24592217556987	4.54858205506982	4.06823624644234	4.54073151220149	4.53397284506308	4.52938771964652	4.68730878335358	4.37251014465791	4.46895335558427	4.18151587693405	4.05145379688697	4.0584750590562
9.18656037635676	9.11137845147641	9.19521206378829	9.16140939564148	9.09645257609234	9.15764193475423	9.09157079908253	9.09707729961536	9.07402096883985	9.24332932563775	9.09133123425467	9.18031408835758
9.57888322839609	9.59780281988822	9.41445605241302	9.51389309458447	9.51120410681476	9.49225406954637	9.4722266213777	9.45198952575128	9.46580237227091	9.14170129032526	9.44745018272072	9.37455704116416
4.52983722963547	4.4945655916591	4.45586954785207	4.63390993092448	4.64711344937714	4.48918433714263	4.3878901654787	4.57511889280679	4.58299988567108	4.14025517490575	4.12371556888477	4.2792441484287
8.94126179536482	8.65043260123344	8.89473363973003	8.59568107526542	8.7106700806064	8.75152609973574	8.65659565419856	8.66477141671427	8.67707590798868	8.85507227646775	8.65330666926772	8.80448091987114
7.23424399715954	7.17873202505472	7.06039940701392	7.39909046699608	7.1877634671197	7.18395540002266	7.17366880230889	7.30536367024285	7.29346581607139	7.04249689939614	7.09108653717619	7.03136680952226
8.33414530241071	8.42622148114242	8.3981333266926	8.5680022253899	8.30296871904607	8.38330022980861	8.37882592467851	8.39496824461176	8.34330843976022	8.3271832793368	8.38651941034979	8.19138896968752
8.27863110503719	8.16626449694723	8.33958753575254	8.07102583760918	8.14928578948496	8.09965954454722	7.9881059758432	8.12899646137189	7.97436608189628	7.80840558259939	7.99890806421471	8.05696276882271
4.35804709586391	4.56067511093369	4.51804620659921	4.85683845368056	4.42917057766952	4.67996412127786	4.61036959827618	4.36384450489078	4.62457521315884	4.53418515052411	4.65605041153547	4.4375144374277
4.35917876314581	4.05941816136426	4.44830664684057	4.33655644823944	4.21089450933474	3.92969790085303	4.18089421843409	4.15238762529125	3.92058753631315	4.19982104208622	4.2538559241975	4.43204525846643
5.59191766307982	5.48851514194218	5.28917332390893	5.27296769706597	5.25626310789167	5.32308476523075	5.25910236718601	5.24590320919765	5.23147805028158	5.13779734336765	5.10072274375235	5.17853976784494
9.76746885392632	9.73237441060821	9.7610408211834	9.75705188530449	9.69678740353164	9.75601377587402	9.71356259422558	9.7207385737273	9.73116145434738	9.84127508058141	9.62700519364661	9.73457032864837
7.09051248207063	7.17905021956504	7.14035020892066	7.56543729564952	7.62717019270509	7.59780097688998	8.04567968432686	8.00059413424044	7.98835724922403	8.37177590385586	7.79749261754937	8.04996211334624
4.14641615906215	3.98135108403171	4.57032175323177	4.61560236363938	4.14309189455477	4.22101234944177	4.32484920810184	4.3122100664883	4.21470038633146	4.45315099724982	4.4281838962622	4.1222354697951
7.12551214424852	7.17234207099866	7.31897946564464	7.68530281050548	7.42298140571157	7.53267605556597	8.06602188334391	8.01431434867922	8.03499513136835	8.40036864922528	8.34735130970785	8.18352563789985
6.42087988110706	6.47935006699979	6.41541825443353	6.72650295209237	6.26779511468384	6.34212093129714	6.14534405007071	6.27467933354422	6.13882365664463	6.19974840326274	5.9940634258572	6.23024500233134
4.76986526825499	4.69614449462134	4.868369376783	5.5186020288321	4.90192527172247	4.9806644933058	5.99071527419746	5.90271925624328	5.93629534752232	6.31420998183559	6.1688837098436	5.71042911536734
5.05496388377505	5.03179543914576	4.91847251608046	5.16093416058305	4.98695273109844	4.97404022920281	4.85744999723146	4.92576289529429	4.8325587715232	4.94297827825846	4.73827412264466	5.02646740894895
9.32065291323693	9.40350891999911	9.2974616427322	9.54929170456517	9.43550818706746	9.43669445786601	9.53861300421179	9.5740880479847	9.6452345789838	9.33248546922458	9.64510477449337	9.52166536889268
4.27808262426134	4.19569397371287	3.76842409530362	4.17647052790466	4.43254436613511	4.43016952177575	4.39552552438975	4.43886062030549	4.48497605858112	3.83358916973064	3.92756187158868	4.23826224978374
4.20282222245093	4.12844382794538	3.87657910741798	3.86916519259349	4.18640221242664	4.13834482131349	4.4392370333319	3.92413071577958	4.16174511468294	3.86713361253014	3.92646385902524	3.91021397424058
4.39395591970062	4.44691898965666	4.43519402506457	5.1609866491315	4.68761431834152	4.75851473198454	5.44957971336062	5.24266296918665	5.48100862226142	5.26976903095518	5.23402650292068	4.90849733767423
6.28808873799232	6.49155531620827	6.27727694212012	6.37860768428156	6.11801088668296	6.22101464600363	6.11293461473311	5.96287996174725	6.10336673074269	6.13526693193895	6.14473236219264	5.98199119575494
8.46452045988233	8.53831273462324	8.42151958568938	8.43090890839997	8.32694952578252	8.2754920902891	8.30066812350294	8.23031889894571	8.23324062887847	8.17292032453295	8.2148324735022	8.10969201371511
5.05577650892853	4.98114402939206	4.91516114815246	5.37347034698576	5.25700913653918	5.25797241617991	5.38936005243881	5.26828814464088	5.53429853074868	5.24656093500594	5.33927476032687	5.08748874589906
4.08842856125851	4.03544172421057	4.37596095943519	3.71877136108943	4.29443395233237	4.26303626059023	4.25659412525916	4.19724226799443	4.54720229585414	4.0864236657982	3.96580612044046	4.00334894090931
7.99977866874927	8.12127342015651	7.85176892261233	7.96685404130116	7.81598353839965	7.83629655399366	7.93503249960266	7.87164760927224	7.85500736022051	7.85100524458062	8.31352539550827	8.11235634207399
4.74924194406044	4.94340327368769	4.97730693538728	4.60768930102105	4.85340700713514	4.93684387227108	4.89719310344449	4.6030897967368	4.71215419444251	4.66515036456804	4.39718742883699	4.70642833630616
10.0274363029561	9.99424807076653	10.0234725023836	9.98080245069446	10.0246190347237	10.0433267511618	10.0615740438799	10.0857258957777	10.0415003909665	10.1053939125631	9.92921872813942	10.1231067579228
9.19807435140371	9.24562105386402	9.08751983940505	9.20863923597769	9.2470138542768	9.28146425406254	9.2772373260463	9.2401407482591	9.23528521839976	8.75624231098934	9.23054238104911	9.20625056638544
4.69841359824173	4.43999327839794	4.7564207769201	4.46706935669281	4.31355120597486	4.62160010231232	4.58217976560211	4.58027666830985	4.55852553969088	4.71722362994	4.66200789738707	4.40654885101344
6.43584163655028	6.34685323502255	6.5691205225595	6.64510710090641	6.44633268581572	6.5722579785991	6.77802709056484	6.70407839557661	6.82670804701355	6.57039587202094	6.79899764914379	6.87831141848225
4.58658575242561	4.02674198629544	4.39222009879875	4.27972131127599	4.26328215283501	4.25894441520287	4.38574508985391	4.53626597566837	4.34131483051263	4.27634118083923	4.63047943257685	4.11687630269425
4.53244268792931	4.56317965712727	3.84308170189847	4.37252038317165	4.41336108176709	4.13164230351591	4.47612905277007	4.36005857417516	4.46888667449652	4.55424854751599	4.16083272569819	4.42939241349123
8.61935826525999	8.64337935478738	8.62691630401494	8.69474049819242	8.61947501622973	8.56153423514027	8.57944925949456	8.5645558123288	8.5611573981755	8.9244523669745	8.49382416137875	8.55043163400551
9.42900662863958	9.40491231820553	9.50505951136856	9.51463656580663	9.51983144324373	9.55825987195811	9.62261039757735	9.59671455504852	9.67230206677125	9.53676493692369	9.56688882294884	9.57889804166092
4.32417003895348	4.35893102373367	4.37515997069459	4.30971389743243	4.14487355129283	4.54770913202949	4.36735599457932	4.28573771366941	4.17708433779856	4.22682235533879	4.3764264161608	4.17535297460531
8.74706762502585	8.72774391271414	8.75314765815183	8.66712758730803	8.84244441752047	8.79953012116852	8.84611949948455	8.90647577472721	8.84334128698121	8.40110280348032	8.78364113215119	8.8105629125568
9.00861435758382	9.08155070271056	9.04768021091249	8.9550143859352	9.08743160715941	9.03327265322686	8.93268461385265	9.01636417218968	8.90679920577436	9.01314960106287	8.87628065521834	8.96390353954211
8.92126313104844	8.89618303299338	9.06782100010204	8.95797086853633	8.99503942853087	8.96539451449198	8.93644302147511	8.96618224842681	8.94933291997604	9.28765346565361	9.04544891091293	8.92195311939742
7.55884588482985	7.44050096628297	7.61543012278754	7.75130729020273	7.77716391406717	7.87145953187354	8.44626537503838	8.39499906473979	8.48582765577392	8.49105217128038	8.48504624097266	8.74459972133072
8.73589704691013	8.8323821123164	8.69557813343937	9.0401370818397	8.78918101572064	8.70974021145937	8.75650387972794	8.74822048804771	8.75672045022172	8.85818702558429	8.65191957380405	8.61131644213201
8.3644916121405	8.47926732495744	8.33711126190713	8.60565696483151	8.34542508743792	8.24801758585693	8.31592473366803	8.24888665460854	8.30932100303809	8.43598794876327	8.33236708624882	8.25278731126254
5.51955025864775	5.57787751516965	5.58192395405671	6.04623815899896	6.14303653338891	6.05371564413347	6.33212503947712	6.42496588965857	6.3945717511596	6.72989759101649	6.16618017020542	6.55083750293157
6.39313401652308	6.4162700158259	6.18327067690636	6.13333054150471	6.03396025868684	6.1435304940437	5.89858378599192	5.93676406062746	5.95099627718279	5.38976779443796	5.69742525178347	5.89953842200383
8.7349307247218	8.74383309401712	8.64797018711278	8.57138101352479	8.72946041165604	8.71377762832553	8.71931341179512	8.73158605500179	8.66714322231923	8.21670536517821	8.5473006019479	8.6541203468061
4.81312267704024	4.77114708304342	4.78736726154156	4.87178834572064	4.59442496582487	4.50655680005775	4.59173048626609	4.82804823249738	4.58222479243341	4.59081956369892	4.5892101871901	4.48271192424827
4.79396860816054	4.64940011839875	4.6590259944885	4.52386945818212	4.91615563556935	4.85601331734986	4.55059232263319	4.89996815174766	4.41589039014752	4.41909949049709	4.19021248052323	4.51577055388303
2.8982973706132	3.23873643278094	2.85566817386547	3.15603772675297	3.52715091164995	3.34547969272552	3.51211292997484	3.54025306675406	3.4091615282	3.38858875424302	3.11088675495008	3.21954756124867
10.0985458542149	10.0571186101448	10.2067428532816	10.0973347966834	10.0580255320667	10.0761929102232	10.0590290338799	10.0530795702176	10.0996677906582	10.2433498714863	10.0319391189121	10.1184701348814
5.26457326935402	5.18364039898432	5.23295987475028	5.28416300257953	5.18157570425973	5.15773808469617	5.01378629359809	5.03596727379536	4.99942086868329	5.01747219312322	5.18546889274074	4.93499684706155
4.80666920315119	5.08252636027041	5.01162898109077	4.83323861799561	5.12479067809883	5.12844490067419	5.22659086383948	5.15344571427258	5.09387554845066	5.1949557897382	5.30545830747638	5.33374261950299
5.07340408913149	5.10829250636909	5.20594195961668	5.11870341632618	5.13004274202213	4.91062173843526	4.92997367084189	4.81130067225072	4.89776460513115	5.01879703521101	5.01125470309043	4.99250839978439
4.64260509787103	4.47959605177983	4.50877108859079	4.34596862373122	4.24875958377734	4.70075137464944	4.54575709036891	4.19852749837702	4.69171952140947	4.16315362778597	4.4232820337711	4.44864314481636
5.6585964864023	5.62915015272447	5.55351274074063	5.78052055782472	5.78936334283645	5.75549275333239	6.01795336778518	5.99814959850517	6.07441135875521	5.71788905653695	5.80267980724053	5.97170861516569
5.66843792988849	5.37261641139772	5.73496901299768	5.26959618228392	5.50795221138601	5.6024006185285	5.38691725891172	5.49383523582694	5.37135499665875	5.24544296528998	5.31980061757868	5.34957388092772
8.18224760919819	8.16852806297377	8.1464287425608	8.38242006705451	8.31783105145571	8.25124799259627	8.42657147019189	8.36400040573303	8.41462816066639	8.19107370367093	8.58221483838127	8.39472712700698
4.2965823476654	4.80584832087755	4.29666963572758	3.91727752011064	4.46132540298922	4.45876703947089	4.15457255235107	4.60566956246799	4.64764044106935	3.56207264119773	3.26156365192347	4.27085516132748
4.76841380347742	5.03473801706399	5.07555612103186	5.11832735574026	4.70728477895279	5.21197924926976	4.82304288179043	4.75740650770664	5.09934987455242	5.19210549059414	5.22726142252967	5.05922791735102
3.46965792052021	3.38848717662651	3.79679187968563	3.13263779401748	3.34965347888576	3.35893925975682	3.593701271446	3.761506630366	3.60602999811923	3.55138226204024	3.91416081114508	3.51845074244106
5.3226576850734	5.10551336267949	5.29169430893202	5.03005941378625	4.8114382898833	5.33824130077863	5.02404307240381	4.81343888388693	5.2447219957251	5.43060861833015	5.29008621202259	5.11934932226911
4.71538419643503	4.46341821143904	4.81125841240162	4.70417843103128	5.09119103319899	4.69951971478595	4.4082373399659	4.74432768579724	4.85330325449959	4.92623533446535	4.32732132497215	4.58794042065778
3.16045843631367	3.53686082981637	3.24105614377588	3.71731969295081	3.32150243633586	3.71152210949155	3.68607914681527	3.46363875200497	3.46681710942811	3.5111276183094	3.96081385833951	3.57833791212748
4.81411904298362	4.70689088308882	4.99811007967765	4.44281516295424	4.77538774614143	4.64877074590522	4.33697616178689	4.56466012718129	4.67262660072334	4.73538093561021	4.67805396486658	4.72619353351436
4.44521745331416	4.28836207084939	4.19285232227588	4.4968494569454	4.23562762717694	4.24809676380903	4.04868102895153	4.40094807345942	4.21593788545193	4.42931342637714	4.07889829408982	4.08831592892596
9.06073407656887	9.05474167798829	8.97066365870391	8.8450362382075	8.9799912694961	8.87795697782569	8.803720580991	8.92832973700963	8.70224700936457	8.37882589752978	8.7909440534328	8.8051042656443
9.56692592627844	9.47324134268276	9.65532866487908	9.35875953941593	9.47293019982962	9.43485029113364	9.33613797703188	9.41180175143472	9.34406109928211	9.47637118346449	9.31258094272569	9.48909444794787
6.61726754753065	6.61764944485014	6.70187478772568	6.8707900453451	6.83182062938216	7.0349333540566	7.10136401245478	7.1683824101453	7.2074490310587	7.50910038561963	7.43229582478242	7.44085713162698
4.72920358011257	4.73592713374286	4.55211334565665	4.42217717583989	4.6325091014896	4.38686275490785	4.54101729561397	4.49550274671041	4.30010154943092	4.27632432889117	4.7802141460882	4.23924203219447
4.71935528444636	4.8843442973483	5.1640709773152	4.96369953269663	4.76768428636497	5.06765996449975	4.87421786634432	4.69488718217271	4.98189831179481	4.97930463040891	5.09421818582886	4.9708830945881
4.59307231455696	4.63976708490579	4.80092341640069	5.06969130196316	4.75512480997903	4.89810171116967	4.99302500851641	4.92721909751489	5.05091873964072	5.1468355707965	5.37820163015146	4.83782836078358
5.10135260359779	4.46019470276428	5.10172300338923	5.00249172749103	4.91890064462756	5.17306299383871	4.8833791140912	4.76214668016561	4.78732486260043	4.75874683266624	4.83753276955823	5.12181242177654
5.04201374100296	4.72097452533323	4.59378020110086	4.72768027680064	4.80006260301071	4.7107393830206	4.79022246371943	4.46440975653669	4.68937921262434	4.59494011425856	4.6274715850566	4.52185066569408
8.5153725012375	8.22246780954155	8.50815468443591	8.3575612741188	8.40693850078943	8.47779653965692	8.95455359371054	9.0094665918142	8.96155066840728	9.300305509211	8.94304876358065	9.10435809947298
4.64095430898399	4.68527193396028	4.24843292695504	4.82383756060248	4.44089283899868	4.5544500739365	4.47148962462083	4.30154145758879	4.63439234889655	4.69099178016917	4.55707041405231	4.39473534200928
6.08360523617028	5.69220844621954	5.87922951387464	5.88021106046929	6.00380445950081	6.13471285208637	5.84179069668658	5.86519913517906	5.82816452936753	5.48449745646048	5.30092598171152	5.28637927504661
8.10393513938881	7.99629495599026	8.12462702034389	7.96040028076028	8.03185736740951	8.12033244776561	7.88986531417339	7.97162672107838	7.93322346589572	8.14202848459634	7.99525549921774	8.03716416908879
4.35748962701846	4.3085456222135	4.14841634463032	4.26255503763871	4.52655464176465	4.26993910966215	4.43999372024012	4.41111034103317	4.1128004202804	4.5082065998897	4.24843940468994	4.12046397611056
9.10646198950733	8.99093309226837	9.08343518918107	8.9636729126236	8.96299884713859	8.90833552688267	8.82815932002139	8.91675990932993	8.86748033050346	9.0069280676669	8.85792241354627	8.90095564715284
5.2098795211416	4.87238645349885	4.95708787149592	5.20184064991544	5.16635322338847	5.19563473750009	5.01842713699976	5.19306943377126	5.47091529257214	5.25096892960687	5.16157018615143	5.02045827390816
5.0490207023757	5.19568487152506	5.02720582627076	5.19410029593491	5.05749095700514	5.11804870468345	5.15757512422725	5.27121560260114	5.1537797965577	5.3635104865513	5.3076932441016	5.12681619452045
4.2540975211062	4.01567152940277	4.11974912365192	4.19143676629393	4.2968448047912	4.18719636582832	4.22010418407076	4.39276984691349	4.09204709396571	3.76463366022761	4.27141050847586	4.20931370076614
5.22909620544901	5.47761426318048	5.55020349761173	5.41826601430186	5.29049595692059	5.27450575057826	5.00405556591071	5.00792597449148	5.11302877776091	4.93250101962065	5.1784712098679	5.20719528755221
9.16543421517268	9.13052236455887	9.10853510771947	9.04522257597813	9.07351861894853	9.09674659297925	8.98949113067328	9.01812962128263	9.03362224098483	8.81883944907419	9.0070085765469	9.07916561436592
8.90285782476084	8.9368934157948	8.77967678247572	9.0457266214437	8.85181470181589	8.84842165941886	8.75547524974249	8.77106523220959	8.75074291744018	8.57365456518838	8.75880291110785	8.68606218628839
4.41526515673737	4.71642774379201	4.95478488243973	4.81577177193934	4.6730810379725	4.52596799525592	4.62286238037911	4.43315722397627	4.51759691304154	4.76245156015828	4.51904870599913	4.41638456398737
9.32376887072089	9.30014454282077	9.31490107906173	9.30290723221313	9.31293163559937	9.28191546408744	9.3143108769786	9.30879271293312	9.30539707850883	9.44209038895295	9.40719359281172	9.2993742930189
7.97092992136886	7.83560371924036	8.05573308762054	7.95462738858283	8.01633801938645	8.08004440999884	7.97866404117409	8.00770978500135	7.98668544332358	8.38621962878523	8.15044141650253	8.07074495665555
8.51845832323159	8.51826370752827	8.57868380106978	8.54125819981775	8.64012324335609	8.57777618616823	8.44835220069431	8.48535495443717	8.44338591050965	8.69601282086049	8.31498094388571	8.52027980702601
4.07607363662685	4.45742303652809	4.21540795961939	4.18134635551711	4.43848443245826	4.48807404054868	4.39617799216765	4.32298961934592	4.31874049955859	4.31991454300098	4.32949598412698	4.55931032429188
8.65998177538468	8.55441400727833	8.48464346852264	8.41208573162467	8.51350764127796	8.52060930065732	8.38663163947331	8.42194676496186	8.34431253656408	7.902536853277	8.42848506711882	8.31963828104328
4.35497772581938	4.02978065361783	3.87767055088679	3.95098696840393	4.09011630943077	4.46216929043655	4.09033322179797	4.44496419051713	4.19906198338303	3.76923559688522	3.72544019078321	3.79490871149818
6.389124508384	6.29217108257914	6.4057654343879	6.32045798377016	6.32052779712124	6.23799827964255	6.21871307056694	6.22821561106927	6.30249276713853	6.01058385515686	6.25457391765914	6.40935422305099
8.7319972182237	8.8903167533989	8.87297397798478	8.93897603946925	8.90924558031405	8.93774762931033	9.06090274178743	8.96218981335567	8.9957422030069	9.30506996766822	9.16461193290334	8.93825473845407
5.30242354117839	5.33540847940485	5.25777262728886	5.11599701319191	5.18480708284263	5.23892733230702	5.22787269593923	5.1691326177588	5.35876751680559	5.16089924104379	5.17480897149695	4.9871114288842
7.30120147363561	7.35124577624161	7.15882398159291	7.13762642553271	7.10161980006055	7.26791443945704	7.3509462652986	7.34754247354395	7.37623167846928	6.92433572928954	7.15177198584974	7.12347578688613
4.39472184588139	3.94167606108105	3.70858866579074	3.88852273878562	3.97670072519188	4.27373311654118	3.912500124439	4.02391194269733	4.23768687861568	4.00640597090566	3.9467037089884	3.89261485065999
9.24181540059696	9.28500919865486	9.22764835478798	9.31256863828155	9.31952263110915	9.31504948541714	9.32686033397621	9.3119053445393	9.31614463127261	8.76581139431357	9.34422752750806	9.22791924058452
4.64997420622834	4.62095556395659	4.70413478677775	4.77065320513434	4.7419262161438	4.60187479869262	4.36419408805259	4.65097787329256	4.478265090091	4.56850100447328	4.50263840630379	4.59715047548748
4.09552526647682	3.87796669869961	3.91638129949633	4.20421899269019	4.1569178966722	4.20478262494428	3.96697243856066	3.88915509314423	4.04141553357336	4.41773429399961	4.05993803140729	3.99309703668505
9.0262292205857	8.97580166750553	8.88180053237666	8.96265996672953	8.87746964539155	8.883101116262	8.82556832579177	8.87308560812909	8.89320705418805	8.46627802364894	9.04755454287463	8.84339508861562
8.690950202405	8.70717731632091	8.64657904921203	8.79805272712023	8.75474328348085	8.77817538324795	8.77913085228567	8.77397807865947	8.85731217799683	8.3954620552497	8.78292829258496	8.81498993732648
5.75773433129029	5.82506330710701	5.66375300495473	5.80873625505749	5.80585443498023	5.8796340187101	5.78979028748597	5.82167115831837	5.82284715980294	5.63530438692633	5.8071216487065	5.91377123686277
9.68264122463079	9.65743437788299	9.70537001899971	9.50165393488006	9.62546548641948	9.6283984704659	9.49947441679166	9.60971834725432	9.50316089967439	9.39041556962209	9.37353793071051	9.49879018497832
9.89935981865516	9.8904872253829	9.87287654282009	10.0662004755027	9.86761233186905	9.8677322137274	9.92857068269955	9.98170190437741	9.96670522350762	9.81365899129221	9.93062573117382	9.88344248061548
6.80947068188723	6.74861393131386	6.77453553676868	6.89093226731982	6.79787771527869	6.89846417723272	6.98574918884386	6.99860570903896	6.98374151977673	6.75236395269268	6.94239994193908	7.08226636666828
5.35840006749024	5.48136123472386	5.48783383457064	5.37322676896887	5.46697651760649	5.36292638665295	5.63137498003471	5.45911059954298	5.38005057968503	5.51810190278523	5.86999684710501	5.26494182087538
4.71965776979007	4.52085632400496	4.41807276705653	4.71359836377494	4.39762726079438	4.61764922169558	4.50256784425684	4.27137760079299	4.45684385878122	4.92547617447938	4.87064930037251	5.1221749869571
10.8874420810339	10.910772010931	10.8779446172275	10.9590642316384	10.9247300925327	10.9450743488096	11.0370525003883	10.9823335944581	11.0342117393252	10.9363497775837	11.0933119201999	10.9597590987189
4.795530289629	5.02890924087082	4.71498352331448	4.68111705036037	4.7130845218336	4.55381377548745	4.57810806476703	4.6755131307592	4.46260507011741	4.83067750263294	4.74099322729982	4.87831574498986
4.46826786467075	4.52963834489834	4.68562856242028	4.68311279153998	4.64854773127904	4.69879624795047	4.88078650280629	4.77774248324701	4.84158829807073	5.29845086066991	4.79232046631285	5.00464469197948
9.11613117447219	9.10787311925231	9.12238793452112	9.17340452938838	9.11137558500791	9.12795070589583	9.17477160740315	9.15051892353155	9.16162171641457	9.27075414526817	9.16734533286469	9.12671446426677
9.13725795997043	9.18174374225117	9.17833158643117	9.09372147912881	9.22471677938386	9.09496527649693	9.09495399635196	9.06532703676866	9.07954652749645	8.88859181340127	9.27681520363817	9.08362932161837
4.90432563354261	5.00240753863869	5.07528268974951	4.78980242150341	4.62972625872059	4.58006882156494	4.67396615747697	4.82984770232178	4.57489968480146	4.86164593725066	4.95067735069877	4.94137614589179
5.46064292839248	5.64623563821312	5.55470131181962	5.44719405566898	5.68211757668915	5.42395028806412	5.38545875937365	5.15603089976416	5.1793261146796	5.46643499263349	5.56235511888213	5.52212273967602
5.76152621196061	5.66071599299022	5.71353289118128	5.27840155304063	5.56818983542488	5.54272156274154	5.29349468865962	5.34305900008026	5.38568109524509	5.30950012091643	5.25955931824297	5.4617803299473
4.56130820680862	4.43368721036942	4.45759685816474	4.39137120868444	4.13549295527207	4.29155254405883	4.65283285373558	4.33033580172931	4.27895394751963	4.64744397543619	4.9568001719564	4.43242946828655
9.79406071369104	9.85684749446573	9.80000251540951	9.90763336953007	9.86605389790869	9.88516871702451	9.88308119559425	9.85758455458564	9.89436575218371	9.69055214257914	9.94783928290529	9.77995578251143
9.64148955544176	9.64261088174553	9.63191103481165	9.63836629345022	9.68611951301181	9.71822932841066	9.70345619067651	9.64301769571336	9.67503292546209	10.125728258251	9.66133215313334	9.74847451999349
4.53740253949358	4.54688175078684	4.73798343153222	4.77609191345451	4.72985478255315	4.69102306239366	5.28453304979541	5.26935227751279	5.31142025641523	5.94266987167972	5.44102217716664	5.66561153050862
5.33032440744523	5.5612441503477	5.46923365365345	5.98391794143158	5.59720710505126	5.48879270687027	6.00877305730982	5.8621672852578	5.9970127258725	5.84303044554411	6.13486102084821	5.76870968334129
4.46717397309314	4.6236458990966	4.69681184114728	4.6540021062689	4.6043133448918	5.03864881195468	4.48159285404864	4.52249391198758	4.53550309175394	4.75577670157396	4.73631851688554	4.66844763606384
6.20517298012638	6.11670033759762	6.04683406184729	6.32850807362194	5.94945751452939	6.13911340128488	6.30294722421963	6.44592617718828	6.59329868893761	6.51868833386263	6.52414463662044	6.48602254872568
9.15911936131245	9.0806243492456	9.0928618526988	8.83627307001889	9.01595064933102	8.93814811062871	8.88651809616913	8.95213741070229	8.8769240847339	8.49422845288055	8.98700761866543	8.87207786447102
8.86557196293471	8.84386864478363	8.77447238128802	8.83230180526125	8.85690940704674	8.95054450376518	8.96140310558816	8.92957609163521	8.92591682273536	8.46323574787709	9.03794823209085	8.91429039782754
4.35579382829144	4.16765641886693	4.06100025951479	4.31597382713418	4.32548509790463	4.05665807395146	4.1029710524056	3.9897414498013	4.29507030914086	3.86322350736539	3.39433429653417	3.92955725944727
9.23947771083879	9.27477419080562	9.12277951188259	9.31289739500886	9.22420011258236	9.23045593136459	9.35332748164686	9.22167070795245	9.29484400568169	8.86887737952641	9.43477392981149	9.20254167890026
4.85101614534664	4.85787517123146	4.64132964560442	4.51271312273141	4.71867793250303	4.77806007233774	4.6605963341833	4.56441982963579	4.60022975337864	4.5094269838262	4.90422274577744	4.56312744965242
9.08834429681779	9.0382755043349	9.18019295857918	8.87260395341571	8.94017449764253	8.9566017953229	8.78586109577446	8.93397692801446	8.82333735340903	8.96774091415996	8.97886285584096	8.8915798271333
5.3148537684292	5.35352680606531	5.09778810258008	5.73970718576909	5.10924822498184	5.0123669816131	5.61354346794698	5.4231743466718	5.61569920443999	5.3609804246477	5.69821250234935	5.49185570058324
9.01015958185841	9.03282472357819	8.9782700159366	9.01438209791168	9.04137456648046	8.99746578592817	9.01120394063902	8.95530073779141	9.01055635392306	8.722168313036	9.2143097077988	9.03526491447626
4.34268342939203	4.32629689888907	4.31929382358971	4.37103204804014	4.32079003634619	4.44478183175138	4.27806809392276	4.28511039396785	4.21362274514002	4.53425513795365	4.13126445034105	4.27678293536557
9.32089594974986	9.30724822242531	9.23286360449364	9.3187640973766	9.27031964503896	9.31045575290904	9.26389280217144	9.29319855740646	9.34604768843971	9.17080111361725	9.26065867177857	9.29318981869172
9.14285854177403	9.08046953640599	9.21727072234104	9.24794429365825	9.08933076066465	9.17680103060452	9.04386360261129	9.10795668028658	9.10973314738386	9.17094045428436	9.03698392655214	9.03907092282927
8.74249358218593	8.80283232735053	8.58236593197277	8.89420593347301	8.59403045334611	8.69159525545447	8.65070337962741	8.78063822885813	8.66928604738571	8.04262540684234	8.79321020533911	8.60548845064129
8.96870785728256	8.99363834116881	8.88118920118303	8.97300168533554	8.77324882338142	8.88113001882393	8.87203447661584	8.91570137170689	8.88102084247512	8.56933090517276	9.01272202169769	8.72112857252134
3.81514534018273	3.60358223108504	3.7047259036411	3.70071166962381	3.64304462793553	3.50978545085066	3.85896358182027	3.67744093063224	3.37596894477299	3.72783951291031	3.65271895636382	4.06178579768389
4.64523442235185	4.64656152920309	4.79966757943602	4.20690639322437	4.44575854857702	4.19444673823967	4.68698625891001	4.60124947400059	4.48995596427704	4.66026296070595	4.67783812654349	4.7722173504851
9.19267693015008	9.29762829644502	9.16091397714687	9.2062474953236	9.20766311470143	9.16614571862871	9.24883711443269	9.220119094261	9.26318192519903	9.47644592618516	9.26067766746438	9.13081830140656
4.08541201673636	4.26234607455736	3.42571357611282	4.18395168890342	3.92453735710544	3.93877826914618	4.78210977914478	4.5873447311095	4.64006028891742	5.07961516172741	4.99827368762664	5.00366700241486
9.77750452012383	9.74593102896985	9.77751461210033	9.76804129449969	9.77820344501669	9.79206391523276	9.770998007359	9.75091160608109	9.75809975262172	9.88861848341902	9.79657306536396	9.81290055220415
9.27732385645361	9.21383613046257	9.35146517642639	9.02854823126401	9.24458927627495	9.21297212280153	9.19712603263082	9.28178367405701	9.14084402198691	8.88386930373984	9.03615440608499	9.39589986134404
9.09902893357642	9.06162071662758	8.94057336015488	9.05468024780229	8.99491553194116	9.05578396447044	9.1295379303889	9.14301418661881	9.13518318979766	8.91518971373387	9.18228466867189	9.06376582399848
6.63163114843307	6.32688923111308	6.43222370496241	6.43926435188429	6.77433740194665	6.55474111344091	6.61376921346652	6.57867597396638	6.5914628375725	6.49692497934406	6.56297697628237	6.80138433602581
4.73726668112853	4.80181906355238	5.00618829758944	4.82120242176213	4.64640322871496	4.57239235429102	4.71213683816887	4.54989577812244	4.55885050459055	4.87233085742618	4.87196576669219	4.98650693176822
8.13158817518584	8.08706527122158	7.98735421710344	8.02649438704323	7.9971344227804	8.13415118282826	8.18206708774285	8.30876024579362	8.25291160717453	7.93777856551562	8.29448795709629	8.27421194238216
5.09683114475627	4.70936479001344	4.50723990607005	4.7634146316179	4.91095470446853	4.84865560954832	4.70777744607465	4.87821525620445	4.97128458533398	4.37031040382809	4.18658203491451	4.64928070345929
9.4423930902407	9.40427123971299	9.56548767562629	9.42967420324876	9.54921421208637	9.49077217696931	9.50715606749942	9.53421683460513	9.51318674698903	9.83534681612642	9.47540087889816	9.57206792830689
6.07500627738654	5.80311056865347	5.63680715111576	5.69939338980787	5.87471187857478	5.96052544800411	5.60600569419747	5.72196068816156	5.80513878349532	5.17258369921166	5.22580364417827	5.42624330819111
9.26884074895503	9.23009855465583	9.23799253066217	9.15482601672756	9.16004880478083	9.1588976833024	9.19826572632062	9.13643962778911	9.14390243191761	9.00235608585858	9.08207857310496	9.18272972513608
9.52637492344927	9.53344981286231	9.56432320973804	9.52085859522194	9.51643487946569	9.52379747896676	9.49497879549256	9.47109293733	9.50632411948124	9.4564725097107	9.55340538016506	9.44397771408693
5.41483619198925	5.35684478532229	5.2732524028174	4.83380349562944	4.93990405200177	4.9968811992862	5.00063026805462	4.96590538967551	5.00625006046625	5.34280547888493	5.21704957610475	5.1558904664932
4.22949218842001	4.34606662480051	4.2939197357674	4.1822930054608	4.44229012627636	4.24687995474831	4.42524655662817	4.29616235345215	4.45829293205749	4.50633921540312	4.61799930024053	4.35217874806232
4.89432641241803	4.86147391365651	4.83665614197159	4.44523130629873	5.06142895501763	4.80856540906944	4.86919828752818	4.93598352404827	4.5787025430177	4.47048128187257	4.45534018555044	4.67153981566677
9.25539901997498	9.13980437766219	9.24817868976277	9.05657764641564	9.07506046381138	9.13169627959927	9.04762811059101	9.17502146358397	9.02302596609583	9.02130860926013	9.14523764860137	9.17970080068786
4.31660606252128	4.18690522998275	4.55243312253432	4.21604061469923	4.44307425855843	4.24758632458198	4.16793475537117	4.22944767812062	4.23568501200543	4.53334934763936	4.64259101472158	4.68602641700498
9.64171172897004	9.59275471599341	9.7371066487255	9.51774883783198	9.60034219476746	9.52243140218697	9.44426370080016	9.48995423421578	9.46332370583641	9.71338392824563	9.41903304157964	9.48874628966802
9.7740404602682	9.76953395239242	9.77514600572205	9.66715913178368	9.78545905511465	9.75999704284386	9.76300672452316	9.75928580137461	9.73379615750657	9.81996530927288	9.69027002011118	9.8065339920248
8.8355650267806	8.81632640646188	8.72036841207136	8.69161163205919	8.72896522691057	8.68618278740754	8.5252562151501	8.54991962649466	8.55494698528204	8.01346882203137	8.54456485466713	8.53050601516402
4.19736459271464	4.66305508651826	4.35472860946419	4.46050228785271	4.48735305706612	4.63419111506657	4.07783614324811	4.5879731181149	4.38307736652287	4.37257245149099	4.15516002170169	4.36455421214872
9.63366593294719	9.67448075324068	9.56843852260031	9.62561006117028	9.59757567185303	9.61416246681194	9.63484374219351	9.58896168494784	9.62483643348935	9.41988864529371	9.56370493480508	9.56182343504361
6.24984918749866	6.08103451975403	6.01976451507882	6.06003172816039	6.12419653610631	6.03959971859957	6.06186938497421	6.13752469144137	6.06050240337948	5.81898505031054	6.1898555601103	6.17337222940403
9.19378588650808	9.19239246280345	9.0487295602194	9.15194012012843	9.16929761815558	9.21305911543477	9.19018361263429	9.12369766315023	9.18344633261217	8.78158191912341	9.21813863921778	9.19702832473957
4.91109074335808	4.84665046142116	4.73487108645734	4.69214613670809	4.53295074208608	4.66337757448798	4.65094768340322	4.79079643942911	4.58100896725426	4.51599695066106	4.61062901628837	4.78237118817973
9.21214153063606	9.19662565406109	9.22432057909775	9.0700805580929	9.2295183952618	9.23690166368279	9.06837030889639	9.08095376949531	9.06558018572406	8.89917699295552	8.99412795267292	9.06773606995146
5.22026857928766	5.02326042850448	5.10985023331605	4.98577036072482	5.13557094803342	4.84272634203701	4.92534118759536	4.76729259968982	4.9065016202332	4.96767636479271	5.18643263828098	4.84252905035145
8.99354244553085	9.02407925051226	8.97188241476695	8.99592517696429	9.016266815454	8.94741314402984	8.98828352885686	8.93751623966206	8.96952930071748	9.20197422170926	9.09255322026152	9.00191978798279
13.0903348703909	13.1363851285158	13.1153878223988	13.2126593599405	13.1708314204502	13.170631355732	13.3736997577392	13.2908846205052	13.3826820830557	13.3631618077459	13.4664859024529	13.3049265150052
6.25503035933014	6.14398708936213	6.36295800196821	5.84696337775407	6.12978265592523	5.92173195032504	5.88732129705855	5.92996566230681	5.8786405474967	5.72701178757971	5.98403081918384	5.77415230617917
12.190916579234	12.2574126384128	12.2183300291028	12.1937086688151	12.2524815597465	12.2196324617115	12.2829088365091	12.2800384589019	12.2823577702301	11.9496270545757	12.2697668671772	12.2357095409307
5.9161585525676	5.83440642517186	5.7401964509298	5.8387081662411	5.89589312021795	5.98550646497779	5.56129293636569	5.46532789166893	5.48812935839854	5.3051295447407	5.33279325865998	5.46084090944922
5.81035763037518	5.53949462887195	5.71056841834343	5.47148085192362	5.45430287001545	5.87485439008528	5.42398774876903	5.47144726954542	5.47597118712801	5.66754934496088	5.27567792126868	5.40235188772706
9.91500549246757	9.80667355014256	9.8833873410131	10.0596109015156	9.92685565807261	9.98233089217947	9.90307332623308	9.93739473217772	9.98932892484832	9.89635441218199	9.88468522656724	9.78690635531308
4.67338562492008	4.77179626236494	4.79911563085273	4.5126477169386	4.91544632843647	4.59947879989602	4.67772295897163	4.78230814471616	4.93696485814244	4.52769068023468	4.27829583022717	4.66548541037086
4.04529927654161	4.10477987851024	4.10469191971674	3.96752392217039	3.77669805789708	4.0446095874486	3.86937363026324	3.89230629548599	4.1641354181778	4.06751502052283	3.84916274693613	3.96140442335996
8.40272892956302	8.35903572149414	8.63423517959193	8.50263120871661	8.49931235447545	8.4875216750494	8.40892578465607	8.39663578685829	8.45947307677978	8.926263524954	8.27331611788361	8.64673732472629
9.82088008128721	9.8266056571264	9.86048606725594	9.7907649245865	9.76059992625438	9.80664830765519	9.7412405254954	9.74554736604639	9.76479418154787	10.0268366583479	9.75094800612867	9.8602548655041
4.39415913079573	4.23308569296438	3.85205649615612	4.49552837381139	4.60156758788458	4.25874875577699	4.29643647410836	4.50755394341872	4.45361748995822	3.99051530377411	3.40880005813045	4.27062226254697
4.43333450888662	4.69004063328682	4.32625066666616	4.48841240065775	4.36248599480795	4.26705731933734	4.39160314575253	4.34581470672012	4.43613695388773	4.41236427709548	4.40179823703302	4.23430263458461
8.89308399467443	8.87429311549349	8.90946137621391	8.84537167137253	8.88858795085306	8.83099639821388	8.70584578180623	8.76841546129714	8.68230824980566	8.95763333638062	8.81027724641785	8.81384265752282
3.89127450689789	3.61838033471534	3.80559368174374	3.86371010356625	4.01394869326818	4.13477139089873	4.26258569340412	3.8419179128694	4.25339400338099	3.73366235780568	3.40045252133687	4.15003504871766
9.5945930470277	9.57703025663449	9.64265932319834	9.37351175381103	9.56158262767977	9.48509055111735	9.4269401105163	9.46246975359271	9.4058348045429	9.30523097843817	9.39248795599918	9.49169129362808
4.97382534648568	5.29769417482934	5.17134202055698	4.96627702701389	4.9433792881981	5.0300812010258	5.03161786785032	4.90670205413748	4.95673659606749	4.94005335332151	4.75351388953895	5.0866505012729
6.65249647197897	6.7029447648821	6.69073539496335	6.95897570783812	6.54369834485327	6.65736769269055	6.75304986801272	6.57823534620087	6.61397442134345	6.66628160965723	6.71095211062497	6.66190686831994
9.5096596822753	9.45202322310391	9.52159963307974	9.46929634146435	9.48619823173129	9.42518896659524	9.43736899935369	9.4694744595155	9.43272539935739	9.5786989358982	9.46324095151382	9.46513609941561
9.33578477615397	9.31997417503654	9.47697100641816	9.35588649371286	9.3108562904856	9.36296053956366	9.25647564901097	9.28917161487807	9.22294206529302	9.44617093847431	9.19700524711351	9.29205072641272
3.99712444494247	4.07983040250535	4.106703827721	4.07062459134981	3.89349985236914	4.04124642258995	4.09238094434737	4.32855629392492	4.23029324690857	4.48967209288916	4.51816130797311	4.67954312963453
4.3696018932281	4.4452790355512	4.45158588677787	4.32867001841653	4.34749462492546	4.29744369604299	4.57787675875401	4.43115835065699	4.28190351032714	4.26524841262608	4.4977246533373	4.46901898191533
9.13529874652977	9.08067601842934	9.12459298119599	8.85645663028343	9.07231730814457	9.10165494920121	8.94104186022322	8.95618153450338	8.92511726585083	8.57394598534686	8.97932779911259	9.00686986405727
8.91342473315198	8.95454914899516	8.83162301695519	8.86792846971595	8.91108505256061	8.96377177468426	8.93990631780611	8.87782361154625	8.94652316906239	8.50383391297624	8.90542728801982	8.78155049268078
9.42792709646128	9.50776517106345	9.4768249803599	9.51269784855055	9.50787424190496	9.4562273008971	9.49677717434658	9.49017625994159	9.49894221976784	9.81542154592331	9.4955423531854	9.43115587978073
6.86081914777195	6.97736756318854	6.69919265927965	6.88725971909872	6.76197720550996	6.79637962615009	6.85311038755012	6.97967824992502	6.87961833014135	6.58657579828308	6.88730492669882	6.84607843529844
5.04181306876149	5.15342813051795	5.13005776862414	5.14855473401393	4.86180447301285	5.03416200287078	5.21528683965304	5.16736771558417	5.25874108566371	5.11305748310783	5.08793913757719	5.08720538517724
9.89502410353421	9.90128536652146	9.87181647914038	9.91880580523943	9.85175966421965	9.8720961933726	9.95408860771623	9.91318783297696	9.89196848010148	9.84304507618906	9.91388473510314	9.86030714165047
5.55609322800257	5.50067780086739	5.41281972761408	5.38550021513611	5.61774578141703	5.51698438015002	5.04013624402504	5.22144290460794	5.34918974038392	5.24704527004977	5.1931839868482	5.4180786412074
9.09823016903874	9.11604199450175	9.17105719128647	9.02583893131538	9.04653163195315	9.02115375547251	8.95608696120487	9.05469662284771	9.02643845699236	9.0506279652753	8.9512763364639	9.09014408023662
4.36829730154892	4.53585716603485	4.41814938728487	4.7017555899895	4.33825346154048	4.60527352569606	4.77979278299078	4.28439554266746	4.63013680854446	5.01757241527085	4.95839752477976	4.90868403143571
5.12651082927301	5.07232214888296	4.98326597044438	5.26754852644828	5.05911692323186	4.98505226435207	5.0723330221934	5.2149383461821	5.00011583065075	5.05516299643791	5.23433207868012	5.27171990321183
9.26172910857703	9.26601052028458	9.33092258493953	9.26514916604821	9.35005526465781	9.33680200060546	9.26187354349059	9.22090597065428	9.28766336901202	9.66166057745102	9.27865760119427	9.45051097784623
9.49516519857139	9.52770304853901	9.5328785178067	9.55422803448788	9.46951236789416	9.54596875790607	9.5522085249854	9.49412403737451	9.54866813152727	9.62864065224018	9.53946365137993	9.56148411367265
3.58034504312661	3.45160258496289	3.51133280211412	3.62394598473834	3.62127970409372	3.77766784618286	3.62958138302628	3.74139379615365	3.52736158789562	3.41661732861831	3.50466521184676	3.35627419306522
4.91107680883557	4.71596745405837	4.54857179865218	4.55024756831467	4.69576829573928	4.67559647283471	4.3212322898893	4.63054234652198	4.67582887850065	4.69354122292098	4.36024284234202	4.5029102966192
8.78542293775279	8.86036050197155	8.74545901734308	8.82501095144875	8.74008036574335	8.70843532354067	8.78561224931586	8.69414445446709	8.77207556457624	8.77238688558608	8.91140420974418	8.80635355129299
9.86000034771487	9.8311464944479	9.90140073435659	9.78496820465219	9.85756968287968	9.81215832236412	9.76318126375253	9.77844357735603	9.74970993447485	10.0104484541122	9.74466514646154	9.83689998015322
7.66210954806708	7.75080610049404	7.68651542920601	7.70428564487435	7.66150394022529	7.51260260853652	7.59097876343427	7.57000885827193	7.61510946540703	7.30790315869098	7.83707967191683	7.54973513209549
4.61648036850946	4.7772314248677	4.66552919959207	4.78028517939697	4.59070050549668	4.45063157039893	4.48910060615108	4.67306890336603	4.48034212713679	4.43006677953778	4.36731114503555	4.39238913702095
4.90395630395425	4.79772742186654	5.08374500033443	4.95281046184857	4.87604590437324	4.80886665212783	4.82474554873654	4.7988108355892	5.07184046151552	4.80277907000656	4.9318967146159	5.02126433413429
7.33561385979037	7.29105016117897	7.38534421249736	7.37043019577803	7.441493633075	7.42162429453239	7.39357834280806	7.48668631877434	7.52668648902705	7.67186223741082	7.04173810681609	7.30113500052452
2.46690300845669	2.516186276015	2.9711438200346	2.92189437479038	2.28141871520371	2.35492314572574	3.11446776136003	2.83550533742071	2.65847674153984	3.58351105327408	3.02245744500198	3.08288063964523
9.88391368458694	9.91931392245698	9.82394715783384	9.95781149687407	9.91050584354417	9.94222542233177	9.98354071208163	9.95441048463131	10.0099167324364	9.84112166588188	9.99000998182788	9.95656339271614
6.12185277177413	6.10993730005889	6.0061165722971	6.74674737209136	6.41869835009729	6.46902763622771	6.94064956756421	7.02197354865256	7.0135726599718	6.5538519350826	6.60103730965593	6.65448641123377
8.12556837593144	8.25659747789567	8.32436194174774	8.2288899527803	8.22347080152888	8.28295446178825	8.15555171798699	8.033110955823	8.19472349280281	8.58046016354475	8.28315570159073	8.14394837268458
3.7821712977377	4.0630328881155	3.81429086573214	3.97835986982127	4.42622065933952	3.95678409545567	4.56062507716414	4.33904456894606	4.53299070940406	4.64459779736204	4.40342634501875	4.66063497197347
8.32842782988501	8.43280973289619	8.26935715426652	8.4102988296115	8.32267266759054	8.33155594625726	8.41983408917289	8.40023289307898	8.42819373005891	8.6403032036105	8.27307442302268	8.33830639267563
4.75188163449934	4.65305433717457	5.03502961314321	4.61755698080089	4.68253809419189	4.89564683727245	4.44983655282414	4.33325411259303	4.7988076398113	4.9430432645241	4.43679598553198	4.5232048383122
3.76549093330345	3.68093230907899	3.86510629313127	3.17156920002808	3.86357818361049	3.62265922275712	4.00990918667254	3.573112530689	3.48381696861395	3.48204282798081	3.62172210003927	3.8230384834237
9.68254516321444	9.68733680664584	9.74424659907889	9.73602426716794	9.6362140574488	9.66454138414286	9.70009133924249	9.64075679901961	9.66954827648945	9.71735042246728	9.66127415151946	9.73077332514026
4.50768181760943	4.48934425252791	4.6466431545421	4.53704234232843	4.54676263264146	4.62743493322778	4.61447286475087	4.42161660538679	4.46791097420813	4.87363901038524	4.8453055472784	4.73295260568949
9.26806693598833	9.25112523767974	9.23012602603262	9.2878327576255	9.24527619164293	9.20673599215767	9.14085132740367	9.19133890857582	9.12388404824565	9.24828739870064	9.18790273877596	9.06894896216233
9.17130666217133	9.17298060055835	9.16140848063453	9.05116436801467	9.15077172077636	9.05619420413151	9.11944160107143	9.06718382380967	9.11037099123833	9.31097974167532	9.10624781496572	9.02260763566643
4.47519065003192	4.75295742374409	3.94230757621033	4.54124987330833	4.71738650961094	4.46537702334404	4.39388147218728	4.50156271310801	4.54799781704211	4.00299717581752	3.72424935133479	4.3827267543598
5.16074552242764	5.35833344716277	5.30068859485426	5.34561445677363	5.40021825722902	5.44433368041372	5.2171044152348	5.47297378287163	5.40001171407563	5.11549540548715	5.2751865689694	5.30382154372781
9.24889434424694	9.219387444492	9.2454167835228	9.17421668669508	9.18894520424102	9.22812163864951	9.09311685378872	9.17216324298926	9.12880725808041	9.22414789997307	9.16660713227025	9.14834117740758
3.8990682387972	4.09371199293368	3.89641466468919	3.63417487294283	3.98126392445325	4.23061216973036	3.73603700410286	3.77126314131346	3.97896512213509	3.71841031952495	3.66566294418566	3.25276305664057
9.35450790989374	9.40062126572331	9.43986906734908	9.52111443427614	9.41854304991277	9.48902867004886	9.4060422969446	9.36992292974745	9.42051623058413	9.77502386139237	9.39798964758054	9.39410197989089
9.23921164960636	9.31509019234414	9.21019845171511	9.28310147919806	9.3070465041779	9.34396815183888	9.39626473245548	9.37049804958401	9.41065654399177	9.10047812887913	9.45913425167996	9.41784493821361
5.00822276170687	4.75086942122594	4.56244453148003	4.83197329212865	4.76488026269002	4.98668272367277	4.63687961153803	4.84161320622925	4.99066487162915	4.36276212320448	4.52483311929575	4.80974603868628
6.1363216184249	6.07374311409122	6.02506361576128	6.44645065208039	6.46559187800353	6.58049772875839	6.49086523505388	6.38271879080066	6.53368735787299	7.04959555678871	6.21497139090603	6.65687840704758
8.76364667070048	8.73782212001245	8.85007154976783	8.7446513437969	8.71240937669202	8.7162095778236	8.58239851646074	8.57222640927456	8.57229534482488	8.90296204063401	8.71694588904641	8.62136997858265
9.62303236519817	9.58294101551135	9.71422322884518	9.63575838150715	9.69033275976641	9.63070420661101	9.81191880857755	9.81635511252426	9.83580621349204	9.97901885139317	9.91772751448991	9.92493769586604
3.71272314551473	3.93708887823919	4.03357914242256	3.926433178238	3.8516262032783	3.66387042305247	4.05912735038583	4.31316795246156	3.88450725930664	4.17980940820523	4.00036802903413	3.80970155583751
4.59933748422586	4.94478691961618	5.12549104703962	4.9851211283169	5.05832637092365	4.92570661562386	5.02801948094344	4.78648076523931	5.04162980686481	4.91332253090481	5.18896437517168	5.08926532633223
6.02699054864341	6.1515909513347	6.0354494035727	6.22017362856499	6.06626159901174	6.22098175166161	6.32690012808516	6.35082259346319	6.17203425509583	6.53522868039415	5.9322738548309	6.1722550824883
4.2936614114182	4.23163139418897	4.25002152832217	4.14175995437192	3.98858128999863	4.14389389543301	4.02613224576536	4.32868918689757	4.21824750046379	4.55698048269083	4.0880372684268	4.2220630526871
5.51026482103369	5.39707761822452	5.59912655263915	5.67958490116502	5.50131375848979	5.49632415571276	5.64390838810453	5.80998556891047	5.78115671147298	5.61298802436837	5.70593679325903	5.70457487915272
4.27954916145253	3.97704733219519	4.57667968044524	4.01541372674975	4.30617293974009	4.09603714496134	4.21554319522214	3.84753509976632	4.21744674597086	4.34298798409312	4.34790314845716	4.50293464671061
7.74860808396668	7.70522561566037	7.61718437698635	7.90813903479338	7.79858256900716	7.80932602435254	7.84114001869519	7.79476013414977	7.83874105962951	7.51171161430242	7.82454756488772	7.74581615739197
9.55576794808932	9.63218277094959	9.50282163662944	9.53378516678072	9.57157021863872	9.66766595949394	9.66117711083346	9.51829573422983	9.62691617385963	9.3741962902555	9.59998612360177	9.5657998953576
5.2648719615391	5.1101503125835	5.2815816287472	4.91683787870381	5.15302202640963	4.92555710729445	4.93375614232792	5.25115938379644	5.05761901380192	4.79032980635767	5.17343344934155	4.74963835746452
4.77207678194602	4.44429537303112	4.63741709864409	4.39794734837484	4.76979946478686	4.7834210780535	4.64702422047495	4.56637426982305	4.84820943844197	4.47173001967058	4.69922769330351	4.61937648459463
8.32809477772035	8.37729748155013	8.47645669468418	8.76104528447757	8.68734526700318	8.69625800707635	9.12285130512543	9.14441390492945	9.15131066458805	9.3070551097224	9.12320264118135	9.225663154392
8.06912731806368	7.86045896381828	7.99482462497629	7.8186177877038	7.96668117383533	7.97064480531435	7.79553733204968	7.96792941968246	7.79193448964922	8.02629212507958	7.63981394164424	7.93546620809028
8.74563126961907	8.61690359277033	8.94335044902166	8.59430593230422	8.72827910818815	8.68160607232144	8.54795496050042	8.76172314080594	8.5690813840562	8.88891319337445	8.45411293994751	8.62868368473183
8.89775192539884	8.70833951332782	8.86597800352788	8.76174189994406	8.87677921395768	8.75615478617296	8.68367625077088	8.76547941121976	8.6290896968808	8.63563403066442	8.95879850299827	8.79943792263583
6.02097112656232	5.93079700188308	5.98840418348184	6.12472624028728	6.02047798091449	6.06093256355843	5.87597285333204	5.93924616863745	5.84608153299959	5.97233438136835	6.38436248813581	6.22486965288657
9.1743943853821	9.11787740614476	9.15746389917419	9.07493102831042	9.05687361705172	9.03483709207992	8.9317661150691	9.0060515188389	8.88930291910512	9.01159646962002	8.92119308751352	9.05387932064748
9.08118633438323	9.12477404516908	9.09588667316834	9.00179258835552	9.04018743530079	9.02139840365533	9.03354383028854	9.00682338276022	8.99560426098527	9.2352046080074	8.97201855118953	8.88524866860307
4.0455590628885	4.05652895280115	3.45856798896703	3.84036850710427	3.95085374016047	4.04302011831292	4.15710745838046	4.12202793345504	4.14290046111159	3.44093150157112	3.34634727852083	3.67200871099313
9.79881531354721	9.74414762996692	9.83747252438735	9.73456264737303	9.73532559742857	9.75654241371736	9.73232345771072	9.73494318449717	9.74577335619074	9.89633739926061	9.83209730370431	9.75233026527067
5.08216122213268	4.93241405793346	4.90980186697388	4.69460274630777	4.90708720569226	4.94765050455176	4.72046869108495	4.703060641096	4.70332835452961	4.44836707220287	4.3963905950009	4.66966026193155
9.75128044657649	9.72252713573398	9.78118677710641	9.67636562328338	9.69268325520335	9.69219312859729	9.70735411258392	9.72259789260283	9.69084990958599	9.50338729149504	9.91792331839738	9.72729495821502
9.81022592428886	9.76801343244377	9.72368574268895	9.80387099520863	9.79421690049248	9.78603952725178	9.71148394405975	9.73915979876248	9.76708478108347	9.62300402347552	9.7460903651052	9.73927790527725
9.54419964102597	9.54801899944438	9.60048212971088	9.60879455616904	9.52468638427257	9.5139329854572	9.51696518577817	9.5359759691838	9.5438010731174	9.68982665039191	9.4934445158448	9.53675723004945
10.1782577306618	10.1554231115159	10.200870216691	10.0898224811903	10.1813105948843	10.1135026128996	10.1051101326541	10.164402068706	10.0696911785696	10.3144267269859	10.029216035783	10.1548678193104
9.41007645484472	9.38884955897269	9.38830056780155	9.21897828726453	9.33128795088004	9.2906655648887	9.27384511732875	9.3167746023108	9.28167946819051	9.45401206396584	9.25671862538669	9.35473010891923
5.20042906187552	5.26023642394934	5.25130246306098	5.3632754814318	5.45945083612082	5.09639057617689	5.20030513767741	5.13037225121318	5.0457701952992	5.10082852961389	4.80645067326716	4.83032163946023
8.87229459821271	8.87518081704528	8.75400590700741	8.8690217129601	8.80448534217611	8.84579758380217	8.70315304824667	8.7186392537997	8.69018654702631	8.31768593421103	8.67692393941057	8.63422680056673
5.19545969368408	5.35149801150627	5.43688309465599	5.31013367446126	5.19921093280892	5.12030538188162	5.11425783372921	5.01757751456582	5.01655798569812	4.97019639882551	5.34415333222079	5.15137354087931
4.86143193390194	5.04204127671101	5.1229059720941	5.00382046652854	5.08277930865028	5.16948959556257	4.77519878815608	4.8324449627511	4.87139573704172	4.88512534395703	4.79011209695364	4.92957402359496
8.95289706333785	9.01225670791454	8.91984524220446	9.06140066294488	8.94837343953308	8.99967546806466	8.97441841510759	8.95058956069123	8.981666207835	8.53716007949563	9.06541584958922	8.90787810036479
4.80219745386408	4.77734481872046	4.70835114608925	4.55634331445874	4.92955228077455	4.96924135857283	4.79866082879668	4.99900226504525	4.78612921922577	4.52743836546177	4.50495812065049	4.90477564996953
5.06583902558513	4.8330130689919	4.82819552994123	4.90032395795599	4.82751025613303	4.83762517989891	4.92224180162645	4.96228271599977	4.68037873221788	4.8159941266965	4.90348765953944	4.90552634102505
4.78320900269622	4.58296004483081	4.52121735700927	4.40530944941745	4.59830017218748	4.2579457901669	4.5272419304844	4.69794766666796	4.52525651509621	4.37279284373082	3.86296791571267	4.21206167709001
4.94718467053145	4.80377626873255	4.78854307912034	4.77766866640321	4.78211689052808	4.83782973659961	4.44939813246872	4.60114771142713	4.76046103054056	4.79488561751189	5.14734429078142	4.84975025789038
10.0939444331108	10.1480306720554	10.1334854871867	10.3754813455889	10.323629723073	10.3105662032039	10.5325434539038	10.5021980858383	10.5291920524928	10.4976459658208	10.5831614926406	10.508620190263
5.07042714538344	5.24738975441422	4.85885647497216	5.08425543007915	5.15714271673261	5.34438360549994	5.14853432032253	5.14081703547586	5.1954132047196	4.79922437827905	4.95363620588706	4.9484449280028
8.95611309242822	8.98470275636373	8.95719273660313	8.8750055463462	8.91126754547892	8.93867687029399	8.80893613196335	8.92020456219482	8.89261843188117	8.54326250528785	8.92276447676719	8.90504797528446
8.22106765663714	8.15643543435553	8.11892140067365	7.93511190045742	8.09340614101211	8.03809922233943	7.9679097166014	7.95353528471597	7.97938426251875	7.808594801908	7.98198136466058	8.01210919620373
3.87190414855672	3.58205364759841	3.45276820243419	3.79437673369666	4.14282712747556	4.06621639304895	4.24824793574629	3.88226396703681	4.07879632740946	3.51893835691011	3.14794475689415	3.60079515771105
6.19973688901708	5.9308670507116	6.0600663437388	6.39466115094223	6.01521620526735	6.15723097544995	6.30688022273012	6.4188462635673	6.47708167745899	6.35241752880934	6.56926330689675	6.51807403020175
3.81877766170847	4.20946234158913	3.8811397073788	3.86197880692814	4.00687317765635	4.16050652275996	4.23011774353905	4.27649760929896	4.16819430384199	3.13190168687751	3.08088770750923	3.61677743755059
6.64445938869575	6.60212712123248	6.6749562570994	6.68368763269196	6.45062807019424	6.44355804804337	6.61264405604341	6.53764545820966	6.47477504449397	6.23856433201853	6.66680361317591	6.29538164037652
9.21672224028988	9.29800325964289	9.14967027382058	9.41511724703867	9.30830011489497	9.37579434273145	9.48862603936638	9.4195619449839	9.45948748610363	9.13443827078453	9.53271945217724	9.45427489299529
4.16668392304284	4.19306076317026	4.18526492841716	4.087409029276	4.2059742009246	4.07150183909736	4.1208212386317	4.07966417734362	4.1697446277395	4.25307636958647	4.59646785146285	3.9800924620311
4.30381701381783	4.50693227315473	4.49146936658906	4.3741495791694	4.33332304184141	4.41465201091266	4.4528591837303	4.52261394293544	4.34990313258489	4.46124814158425	4.64631768873547	3.95399008796163
4.95516843330695	4.88013814461243	5.05203260525659	4.62409301470867	4.93194451111045	4.92025060012479	4.93772408126174	4.60854225414614	4.7737733603367	4.6616033972281	4.83776539210529	5.09974295324211
8.23189081940872	8.18631640813841	8.2891431892619	7.98826661702463	8.18667057970965	8.08143743163207	7.86615599308145	7.86369985336064	7.91432903753949	8.17299432956342	7.67317713803125	7.99533909904622
4.5545066811299	4.47740564804135	4.38474437105703	4.16707562949136	4.19493821532016	4.49822430570797	4.25913534332795	4.26784424818033	4.26947368375544	4.33742683311635	4.95776059095119	4.60453921238835
7.30286215470053	7.31539830913756	7.36397992568156	7.50214377004815	7.44593965726095	7.38493627086124	7.77012386424854	7.77143480962316	7.81552816802851	7.74142677465748	7.86979934714745	7.83506022917053
3.86372242936567	3.96392833972469	3.85471613806459	4.08150097522067	3.37471219461866	3.84495636458901	4.11931601863095	4.20229025733292	4.16273823555843	4.31815508715623	4.40212841467735	4.11712177532969
9.34869787452854	9.33512268908834	9.2204685245842	9.44857208995853	9.39617555109454	9.39278854664196	9.59094538054261	9.51005711656524	9.57767236933582	9.07026735300939	9.5934628557373	9.62437741806741
9.51725509070313	9.52253459321825	9.46326118117861	9.46290171825388	9.47025987979476	9.43914660079218	9.53215933831382	9.46157118748656	9.51620240961932	9.01934254474165	9.58848859333589	9.43932577020508
9.55494054927993	9.54624887436706	9.63452635822066	9.54520423897679	9.54990256743094	9.56886382162052	9.41482556798304	9.5016683656095	9.47284004347672	9.60045892814714	9.55910347337438	9.47936862143788
4.90677875333774	4.76841191478538	4.99463000692612	4.76776416938617	4.76545635433391	4.87570304275935	4.8459277782712	4.91484214649304	4.74179435196412	4.75751785788616	4.93500300073337	4.76839316856239
7.78466731999639	7.81991053978333	7.79561024427387	7.5920593855794	7.58090196084066	7.63169130210215	7.44648672846526	7.33535563564206	7.4483549482859	7.13500797473545	7.55729633361515	7.40878696437921
4.61020621838184	4.71656025693783	4.56207124503156	4.72494547627748	4.50799123351027	4.43051142292243	4.46479862063085	4.46782237685421	4.58460968336267	4.92088253695049	4.87931165111317	4.52936605412311
9.01337306099869	9.03023692096542	8.99543742909765	9.0288579668762	9.0128713407707	8.98217038185616	8.97966532115012	8.97132082332643	9.03803223890816	8.97809906597932	9.0600325389955	9.05461551535546
9.16942214523801	9.22874208283191	9.185256156606	9.19965096665493	9.09402012843981	9.21379359571709	9.19254665817777	9.12333455092305	9.15639516035281	9.34357087476948	9.1311087668381	9.11255518838083
9.22276793203888	9.24159294095891	9.20907976843315	9.24962331708531	9.28036513889732	9.31722313217214	9.31055231270116	9.23228239287897	9.21713146208695	9.00892717097475	9.1941562561367	9.23778870234861
8.90578439042721	8.88660767860036	8.83184787453494	8.91555885158005	9.02264399237227	9.0248024272847	8.99884073443194	8.99370481834593	8.98917481809727	8.67873822869457	8.94486465186775	9.0259647301414
4.28766983144826	4.81284521677975	4.56698503622128	4.57374635669287	4.33889822066583	4.47460274088152	4.68145461376897	4.60284530264035	4.39845959808699	4.61672085194816	4.55752213295859	4.49659315942968
4.02326519089864	4.14060809810788	4.13670758253109	4.79114852948026	4.09618272613081	4.22458649894767	4.87807741797586	4.72242238260271	4.61554055450356	4.96097608925485	5.00902764303023	4.99826552074044
8.7639597856901	8.76338770121379	8.69179898412015	8.75214155600486	8.76411462350058	8.67910605929451	8.74403640404237	8.71459133521357	8.7262241567695	8.84899634922357	8.80218750872957	8.68309378964479
4.81546535742169	5.00013654266798	5.0263441622454	4.73091924529855	4.67366609549509	4.78034932207065	4.73497429220432	4.76837822925986	4.75299794933131	4.66044147376335	4.686646551187	4.71592446372142
4.66555803259121	4.49316114964426	4.32828730929406	4.20132385692426	4.60708096740315	3.95994836138345	4.33651539392601	4.41818491112229	4.33785399214269	4.39771687789963	4.77058590288016	4.5502185223972
5.24296902922515	5.35544701922166	5.55403101409182	5.09933628189202	5.33678687560291	5.27094015707499	5.07008979263686	5.23387288368065	5.25586078214687	5.29496856151866	5.2004641774314	5.2128963108269
4.83301939380181	4.98076195100712	5.14678051868535	4.97659310845027	4.80314853660157	5.03139646003553	5.09397548408331	4.97143096862396	5.0595482340173	4.89265816272296	5.20501549045318	5.18176497226611
8.97461816430742	9.03616345421971	8.90139071647352	9.04817519562091	9.02538747001757	9.02636461417836	9.04263215472477	9.0065401979692	8.9914270828863	8.67244752026197	9.03642864966186	8.97190771368616
8.87814414059478	8.99934054607153	8.85770541285327	9.01109998242174	8.99992220991718	8.95639923261595	9.05603355035383	9.14235724507944	9.05923727723847	8.81793021622959	9.09630518510763	9.00284736953442
6.51128901443729	6.4009587792934	6.41910113597472	6.52820126866553	6.30090243256822	6.39896774174474	6.51880008208661	6.32113502178976	6.42998577426416	6.64377813100399	6.65101122328449	6.34667609977657
8.79613679219149	8.69841600108342	8.92971281026482	8.65623759107642	8.8874282256672	8.79647065567923	8.57569085466468	8.63705280947461	8.63103461876325	8.66526377034911	8.37960289259213	8.70267029538743
10.0133918837167	9.94280301238818	10.0287697122989	9.83994611254966	9.90100074338865	9.95907950643375	9.87757391560243	9.95008092346842	9.91333442955874	10.0164497394674	9.88710560797915	9.94626656393713
4.86690668507093	5.07599799525966	4.98091454948741	5.12679367218189	5.1622406742994	4.85342407114685	4.95996770865463	4.93220505958139	4.57540548465249	5.27350461778357	5.00252196207093	5.07876476395303
4.33061186343609	4.56429310036344	4.72813233550289	5.09509603684529	4.62330748224151	4.42075029103314	5.00551061580029	5.01049155167555	4.84517065880406	5.3577868271877	5.14383756394221	5.19537154013357
3.75823705490334	3.91388441189832	3.90504747846232	3.88509399619333	4.03399174766241	3.98325099053742	3.93364112114237	3.8048067995254	3.9753139277956	4.05226854558765	3.90389286633902	4.01050578231284
4.68893706283041	4.60629324206927	4.64529662481994	4.66424735518231	4.49108773161853	4.39890102307101	4.72640933028933	4.44574710037051	4.39565874466684	4.70391124916403	4.74440058244485	4.62392875338691
9.06118260005261	9.08846535438171	9.22781480355042	9.10558705927765	9.09928899551049	8.96693924718419	8.97769956927483	8.98796153135313	8.9776876594081	9.42785417892362	8.82568298922556	9.06537221950485
5.33257628586016	5.07091269652675	5.13657317933522	4.81032235600339	5.32810990314017	5.22265938091479	5.01094777916498	5.26893549478502	4.98066214271999	4.96316263698217	5.09648550324801	4.81331267733349
4.20079110975944	4.34117830762731	4.34541938269509	4.75858444604879	4.01975260396378	4.25160776436798	4.23436594440647	4.35057424842229	4.19026061923984	4.51235248240192	4.33791558184796	3.9249346925315
9.88825221160634	9.85162582428102	9.89175826914491	9.82217312458496	9.79664056967772	9.85016869507362	9.8522572899463	9.83107664546095	9.84251783869743	9.9872462673486	9.77222540603952	9.86220827389845
4.93441845754934	5.23813306577395	5.10937228003581	5.00414902360047	5.16376582140697	5.21000914794112	5.29413619802106	5.38429918272281	5.45968854909515	5.37658080427136	5.49372203757331	5.36785205366758
3.62026881063165	3.75391823160555	3.6499266201555	4.16597449204362	4.01648205567926	3.97397973656689	4.83102779859143	4.72006627972764	4.73756669635682	5.16392737108075	4.88647331472562	5.11180734484084
9.01597154305379	8.99117564391225	9.09724961932972	8.99625496414104	8.97287004367121	8.99164302707519	8.93171433930381	8.98636959146473	9.00051339820894	9.23958360276976	8.94068784970169	9.03373331355458
7.73857025148356	7.74356948585772	7.65225360891337	7.8479317377342	7.74833093380386	7.79553737051912	7.79083198376783	7.74836938667137	7.72397723346229	7.71724539473733	7.68667348465388	7.63706294294812
9.58373271143838	9.54795837797727	9.5235687803027	9.63220608238073	9.61915401550439	9.6560242050612	9.68434434088003	9.64401606675481	9.61956108889523	9.37893230589097	9.64472411087588	9.65064094466864
5.25783413717166	5.3259699700108	5.19692731760177	5.52844461322842	5.30458531274559	5.31047384624866	5.92081023959834	5.68961617271961	5.81508267405241	5.74087182890226	5.90715521510502	5.95759623967261
5.15989021674206	5.16835594293578	5.39402414319886	5.30884456490348	5.38040860954609	5.47745314674567	5.3613020654813	5.43457213535558	5.45569802508049	5.59231556882687	5.5917552367758	5.5182755978628
4.62495871543878	4.6158360436011	4.46262569523998	4.31795254583579	4.59726191967967	4.2682898534449	4.61306592021235	4.51731707813635	4.46182149914697	4.76550098084444	4.36327923200935	4.63180536679854
4.10679285999764	4.39767273226994	4.30443723622237	4.01229776910951	4.40793955416802	4.39287845701086	4.16077568832855	4.16916418768082	3.93786395246479	3.93693008075695	3.8222800112847	4.1210196405067
5.76133114136747	5.70733091234164	5.79091299739561	5.89807658178523	5.95700033817395	5.83785458949245	5.84838216309056	5.81462687577319	5.89678932350748	5.70423941889869	5.74670517869997	6.13290886462922
8.9714871467207	8.95573055064509	8.97923404775491	8.91212110386339	8.9002611557155	8.91432443775208	8.86424369528464	8.80388803316536	8.84759716035184	8.84001859787752	8.7894822855301	8.84703786195962
8.83273321488457	8.83206379636502	8.71247241430882	8.89246409973146	8.6913833272896	8.71622816578238	8.62124084499656	8.66623091002407	8.69154765961237	8.29615884501959	8.69200793422553	8.45016715006859
9.01866404942693	8.973065669989	8.95727859052889	8.8312494795332	8.92221827550995	8.90414343596609	8.70230351698617	8.80300487336507	8.82730672177757	8.70763573080538	8.82100840046482	8.83838970860784
9.90354249275126	9.90578186592183	9.88113506720421	9.96464046843558	9.97975243730417	9.98242752254562	10.0861838081941	10.0763657446558	10.0819066038191	9.90418645607498	9.95700103673185	10.0279347942594
4.19953898289517	4.28938402432487	4.04399092001059	4.17894352266215	4.2381368391422	4.18692674160978	4.26982591332738	4.4941430065644	4.40945829243091	4.34303484384616	4.19661205565855	4.51094024700429
4.82580365871059	4.96090312581105	4.96009984553991	5.16255432564849	5.03226122061035	4.97514525606483	5.24937359169952	5.38934186213378	5.52695614157623	5.7690737804411	5.75263374571407	5.63342229391832
4.40123648516556	4.42058748670694	4.67264446085918	4.49266694822806	4.46451649698926	4.29796114677633	4.60493201137418	4.43789965429544	4.54187297409131	4.49664885720359	4.62111325799849	4.67067125378655
5.03435586955043	5.21804113644938	5.1158515834949	5.3659758353352	5.07582903090808	5.12601323143294	5.30710062288161	5.19544368178994	5.46107528859899	5.43033433969327	5.00854152541203	5.41272153314497
3.76172360683911	3.92635104221849	4.24254980326444	4.12081309250844	3.79773907108167	4.1478521623524	4.23568151963939	4.0666841360613	4.02554664250961	4.09326369792633	4.42702773712953	4.58557255162302
4.70472726466578	4.6074732855752	4.77163210282239	4.52380329664661	4.68500308070671	4.61571882549468	4.57822123736427	4.69033026192783	4.40540278378417	4.44820119131085	4.41765297504934	4.92065052320762
9.3195362521123	9.31125939237874	9.17631483704969	9.28593987610378	9.29022711937622	9.28903328612506	9.43273499977175	9.41162630247381	9.47616437800135	8.97147367252158	9.50549110191668	9.48421242690203
4.17257604287585	4.36977045177781	4.12396837912192	4.29067027444971	4.14768299918793	4.37477830666821	4.06562029597086	4.54151532772703	4.5640175874323	4.04703617625935	3.52634468876038	4.38501733118203
4.71421440341931	4.95580509011912	4.48209026421822	4.57575304816614	4.71627883466353	5.04868285020307	4.79113793047542	4.53627073767627	4.50899730526638	4.29291186965352	3.84143153366928	4.58585406819416
9.37928586573349	9.36871046845842	9.38459817637483	9.32945599537105	9.43324045960623	9.44405880527261	9.44474784111693	9.39418791633676	9.41626895473853	9.50112219362822	9.44792225364719	9.38150562768671
7.63870844560254	7.78573520261986	7.61091758620919	7.77327002730698	7.55902352360433	7.5871169768872	7.59451429350149	7.52151298321543	7.66806994590354	7.49135644305565	7.45453343908938	7.4394902235378
4.91576407289079	5.02910998042195	4.82080731435	5.06909830614736	5.03892240173551	5.06456056159942	4.70729744228488	4.71523902242343	5.05179745472878	4.72181047622888	5.00153109627796	4.75052824134561
4.53960536321461	4.5584821846994	4.33678815330424	4.59884266463101	5.02737206708866	4.69845074444283	4.61334505771531	4.46088578838805	4.50233092460297	4.48606292625427	3.82323274659718	4.55346495698356
8.28156486593232	8.30020148078	8.23413224629034	8.30909308792178	8.17104148513703	8.26218523241718	8.17658454002181	8.09089127380853	8.22884495479722	8.56340274058121	8.14075517282924	8.20932029433227
5.57573967258442	5.58199918356399	5.55763014382726	5.44072579353792	5.62596945569267	5.66707690134691	5.41652513264569	5.5346149224471	5.51861017132997	5.36183980734653	5.32045917211058	5.20868180828783
9.95572894547053	9.98733845828546	9.91301768030582	9.98853864452107	10.0214688704522	9.98673019411097	10.1189281736406	10.0892951441194	10.0586677512684	9.99948337042701	9.93663010055705	10.0709733016739
9.82260815826597	9.91723784795718	9.72434321246746	9.83448551167614	9.83870902423017	9.87424791746657	9.95722172300116	9.9443280300092	9.94696352253068	9.73080841532092	9.87075783614214	9.97754136986744
8.8912700638077	8.93020403146721	8.74775892406034	8.85211098095064	8.80677498523719	8.88042507887612	8.81025118833293	8.90182174810731	8.88006467260936	8.46688709289765	8.81891257759846	8.75194108375272
5.18202908826893	4.90422658881091	5.13537619787047	4.85396936713114	4.94302265983076	5.05856763748518	5.17838323337681	5.11249267260726	4.953022385786	5.17971373741468	5.18654129146111	5.20196953027571
8.9932201493393	9.04466611601346	8.94122717584554	9.11361331689474	9.01565522693218	8.99124669389318	9.05816607821292	9.04887621495834	9.06402218446626	9.10722798580651	8.92804491148278	9.0772199545706
4.77194740766548	4.60323062952859	4.54280265881116	4.69856774370585	4.41366394334669	4.28721440497402	4.73883813669679	4.19430781566725	4.38727646114853	4.91434578487764	4.46583479788147	4.50948488367588
6.00588705552662	6.03119951114589	5.95579571379197	6.4093187013335	6.22383114289832	6.05975571006222	6.67387737777827	6.72681339748131	6.67117960116453	6.97028349329648	6.55549553800287	6.70064316584367
4.1051396994138	4.38502988108291	4.44162037398627	5.28876106587188	4.45619013082466	4.5410356231804	5.33245072660318	5.32300443221124	5.41138292138215	6.07745705995125	5.35561538229801	5.53815315289932
7.04237465683454	7.02222592450883	7.33496061243615	7.03076116642115	7.27452463195669	7.28600824471088	7.1988382217861	7.19972607591752	7.21923335487898	7.44947540736067	7.11643555571896	7.24620143377665
8.78671347212435	8.93646717891594	8.70286876473434	8.99316994967927	8.74466608485841	8.80083560862645	8.67095185873503	8.66364272068637	8.73439975889086	8.5027358268911	8.80311736968421	8.54372809338519
9.28406844018923	9.32470956751839	9.42271206138061	9.16256393807704	9.29822435666575	9.25016413139793	9.17849374699423	9.25624489297395	9.13991259841004	9.22594155893293	9.19749001518443	9.19916914708651
5.24273560547921	5.24847035202996	5.02952388591137	5.13935552838071	5.28096862628896	5.3232518156675	4.92925633839965	5.28121257698259	5.27078866290184	4.92297161537744	4.4606243110209	5.05164969434459
9.73047537954589	9.68973042502083	9.87034429019143	9.65780198623943	9.64127183972742	9.70700157334383	9.58309232899105	9.59576172467617	9.66411270346796	9.85561608607933	9.64998234249656	9.70220376848298
4.5595202768822	4.4008177863569	4.33088548119081	4.34601640944222	4.71843750813467	4.73514108325731	4.35568356634822	4.52039964702064	4.43386602010384	4.4318424661911	4.07428644109585	4.50565050487689
5.3241304977633	5.34106313622446	5.2364223166925	5.43587964580136	5.34487161201498	5.30336659899614	5.33450531525282	5.2698336064109	5.34703411856832	5.30913630502979	5.30910898439592	5.2649973546427
9.22099279650226	9.15284648899834	9.25504545804934	9.05855196930694	9.18047082969835	9.17962242167214	9.12119612361589	9.18858380466637	9.07828973183677	8.84684986809102	9.10873945803346	9.15402513897518
8.96793711217398	8.92847776180981	9.0473964825328	9.11859879194999	9.21972589640423	9.16919738907653	9.27291790104536	9.23030332794448	9.29010935958706	9.53441729535463	9.15903486604614	9.29163225944513
6.24105129305221	6.2351041088769	6.28293901683908	6.32413100276531	6.47613152126656	6.38683030350232	6.51752318597313	6.46348863008991	6.72597617910156	6.29025721001784	6.49313755502705	6.33203199565826
9.39160515178301	9.41363933457409	9.35269372749742	9.41556606101955	9.42977282084529	9.41011233372893	9.46178967906303	9.39641029875509	9.43494887681733	9.49120499724075	9.53857446758919	9.38373327825391
7.18157917674335	7.28485126861116	6.95481383479102	7.27973460191128	7.17231879594275	7.09752725146345	7.22758212728358	7.09592458771062	7.22559989261305	7.05265850533956	7.21342526687031	7.00405964801177
4.66473054354977	4.43673681164138	4.47534799020978	4.39325996275753	4.46503528403236	4.7325255499729	4.48319224744272	4.67514357437788	4.41001717536985	4.37973284996619	4.50721495861442	4.54024298871865
6.03917430434039	6.16409583494213	5.77893802145993	5.92169281386931	6.01687373491021	5.94553384710837	5.93457279017643	5.71531839512197	5.96261178205086	6.17373355596143	6.04003279846413	5.61858162509316
9.00055089088645	9.02183549687337	9.06202966922913	9.10114010827448	8.95445574438985	8.99617962439871	8.97917788823801	8.93211443781905	8.9451890110439	9.07861772288657	8.96543560710948	8.95202455674377
7.9554045796871	8.04063257030418	7.97259480728598	8.01359492904621	8.05765768883582	8.10684510597977	8.29236410024893	8.16585151021174	8.30786211717128	8.62630708001378	8.63318194845052	8.42459298060967
4.46421553608357	4.38123219069851	4.27129314883408	4.9443262839011	5.10924664171226	4.91101040617507	5.62777700223135	5.74438835792424	5.72714990225796	6.0461078004614	5.94969618655267	5.97398275488639
2.51785088788254	2.64179783032159	2.65156916154578	3.98190382553556	3.17137420958401	3.04368021050387	4.14407914813961	4.12186849105438	4.31412206000268	5.73188169438576	5.18989199851736	4.82079037999908
9.71683020262377	9.71577835799116	9.71002509438813	9.87961043547399	9.70541319246003	9.72095829300858	9.72472364572014	9.69725867559436	9.77027930594797	9.82499632522687	9.73757392978536	9.68237188899516
4.2162585976027	3.86717174833671	4.11459364372806	3.82093868021374	4.09796636774414	4.3302349997474	4.21550172799271	4.26177140765857	3.72183640356052	3.20111167214686	3.04829120623065	3.97180031823273
8.81345390907119	8.75846926711847	8.87608523812299	8.74888829051745	8.72301002945865	8.75610186417306	8.63512963402639	8.72576528207639	8.69467643290143	8.59892859192265	8.57139163738938	8.70460963277576
7.8954666846409	7.90227539386487	7.97712426396196	8.01843848669921	7.88600444207033	7.88957982318317	7.85326793744246	7.66854573360662	7.74668092431057	8.14043061725455	7.97279344492115	7.75827516790129
7.78975931092677	7.78512527417268	7.7210317103777	7.72262761959569	7.8093505294216	7.70565170736176	7.78285826802039	7.68947720640038	7.82010540693896	7.8367306718294	7.95587934702893	7.76970994733485
8.54895043547403	8.60730607522998	8.42834106162178	8.66703680447458	8.55811326376773	8.50077014394429	8.54834820296285	8.4927104340095	8.52152257498699	8.83497958518151	8.36868281305393	8.55995451174853
9.98896664220762	10.0298799749357	9.94495423342548	9.92978959920837	9.94946609875412	9.95277014328638	10.0964487764648	10.0442981161649	10.07898709868	9.84999089147482	10.0300375068885	10.0480345762226
2.70688986648642	3.00775246274238	2.37096571788344	2.83175920179302	2.55901129442048	2.36470142305749	2.60808819623423	2.94669951042697	2.46396268830218	2.16712956851857	2.40984939081871	2.24878450189377
4.80530097142104	4.90005268919549	4.9330327930858	4.89754604352806	4.7477849286314	4.73688631520977	4.62467219920048	4.90000920215466	4.75214118016012	4.71222482716227	4.71508562338888	4.82795610747264
4.36923062982156	4.46070764625606	4.42438240124542	4.68086818282539	4.28695722518838	4.4414584932171	4.33875271992924	4.22845790584328	4.16071165300807	4.40328523224191	4.52562682690798	4.4104287144877
9.48812354913328	9.49950427525019	9.54317583866255	9.40553694202397	9.32878875343635	9.25915747701139	9.19490567220114	9.25678392902488	9.22819645359376	9.39526174008843	9.18138105100093	9.32719610089254
9.66876058906975	9.66338519175343	9.74509586969653	9.59352430349601	9.60997045771641	9.63521822705734	9.53938365633587	9.60889287785543	9.55182223612278	9.83566335705341	9.53668396032939	9.58608084065031
9.05015012991596	9.09828517867561	9.11186791041228	9.29535521657718	9.21137338625523	9.15628057433644	9.17064193002976	9.10890070716498	9.21351630917121	9.22213483921977	9.26338608423773	9.14579231181498
8.48479458679312	8.37718438960776	8.70722601820889	8.30382516851316	8.42256253028038	8.38327765866028	8.22202450129383	8.38000201573907	8.17693205744497	8.6126978590839	8.00862494577026	8.36680517276988
5.07917754271404	5.02123262886139	5.16898975906603	5.3010795248293	5.18547285619327	5.21412220277641	4.90320994830144	5.0193106909196	5.03200485280697	5.46605274159317	5.14415715725514	5.28442490972926
5.58064511919739	5.90500900834839	5.75575375254641	5.72687106447149	5.64327172037562	5.74068938200526	5.81517913427039	5.71491727776773	5.82683234509858	5.92446928231931	5.89728916284582	5.96714586686876
6.47692120220586	6.26680708846783	3.99468405069419	5.2285962247006	4.79158567948334	4.94117372166631	5.73294115188088	5.89751384706301	4.56891807081661	4.3189755104578	3.26274324635402	3.74799831152008
5.70538209989387	5.21006796507437	2.96109045916707	4.50611965538858	4.05238657957534	3.88328639981342	4.89470443338177	5.26554928657895	4.0791392894328	3.55839028642296	2.67749797313401	3.0628159295396
9.80184139648747	9.73717659730603	9.83217125409059	9.76768675948969	9.83776405491098	9.85294865803083	10.007002409853	10.0863113359547	9.96252715526347	9.99993555807229	9.98032824079218	10.1271437759645
9.68786302040214	9.67889012849344	9.78013479506228	9.67228747731687	9.74089564127576	9.74761980082168	9.77374147080966	9.73483809404981	9.77604024399368	10.0213023307714	9.8000208885876	9.72171742682877
5.22077395727357	5.36255282046509	5.06164691084784	5.1490564351907	5.42841697319587	5.28148536540001	5.74906534657318	5.85208159770722	5.35750367877084	5.55573678983678	5.39270930259845	5.51789860755341
9.38752196401348	9.24055647463674	9.41342760708409	9.45966297288473	9.52200783133606	9.51442385041902	9.65672137257537	9.72481896086965	9.52621893805862	9.66217984978533	9.49114412622039	9.77430351715233
5.86562716827511	5.52386038648057	5.72307480414837	6.1358453701755	6.04249173358667	6.20449995890243	6.55982215901905	6.57196511000916	6.48946381877292	6.35786359385772	5.90824424108506	6.47308857114133
5.41025216107574	5.24790977882101	5.20975643364578	5.03953876789836	5.29776287078579	5.48469280760355	5.53839056982223	5.56212767881202	5.1300863374527	5.95769285367038	5.8215359374041	5.8477227838587
9.26805414712068	9.27397331961663	9.36710124624888	9.17666652445328	9.27216901054043	9.28004874312346	9.15591224027611	9.19913092188872	9.16445269848581	9.09866464127904	9.10750175347477	9.26181564986971
5.67198086220243	5.54675616123561	5.85953729212244	5.75078097208039	5.86594069199472	5.60849770028253	5.87749904376595	6.0255614932667	5.78838149635624	5.87578891588389	5.68972753473	5.96712347405091
7.00723230891137	6.92388481071991	7.05696820773247	7.1785289521838	7.24608280013811	7.37510802030047	7.64120660688405	7.75336446163707	7.58794044606821	7.93605363129009	7.35472029335235	7.77263136084311
6.59377329207239	6.43899476662123	6.6605763366798	6.58691178206299	6.68701291321241	6.63332591331603	6.9082729731962	6.87760032471011	6.92721561373931	6.81791204295409	6.69424856089196	7.00275306144065
8.27490504186817	8.21679872043815	8.45776345704713	8.57327930371052	8.52339950640172	8.57181212865343	9.21786647902896	9.31763487257531	9.25465399629933	9.34774954196483	8.9601393530934	9.25087940279395
6.08442596186089	5.80535033420669	6.15269805080307	6.03249668238971	6.226123358011	6.32472166864863	6.47377672624698	6.58298295017609	6.31839960624323	6.21757844345232	5.87382875621759	6.18895264019993
8.60404519106835	8.52209607735467	8.73306320115728	8.80710278526514	8.96007618630819	8.97196365787743	9.29020832757382	9.40503769675607	8.98603018927731	9.14937237243407	8.87166803633192	9.13664005495087
8.02589705622508	7.72343166438228	7.95328708569062	7.49874492693487	7.67439919247178	7.62625649398741	8.11290203883711	8.2087700356919	7.73832238872088	7.62053934841951	7.75936357617253	7.94514301123658
6.01645006774936	5.9593074841326	6.25354964786014	6.21060001820334	6.3292080785192	6.15563249944834	6.77314521598288	6.94570276626441	6.5723604941928	6.95543122040012	6.52391569598442	7.13550973649045
8.76309741539967	8.65846620762382	8.74768221518323	8.71430897486607	8.75487940309875	8.7541916182666	9.15429674670731	9.28821102930356	8.99500637277561	8.89070495074493	9.07124803071716	9.21203324227877
4.2209394430686	4.50210154649449	3.90192298067127	4.40995479069653	3.90882862388643	4.1776080814726	5.01742394626205	4.66270303926549	4.81993048406505	5.00369287311196	5.25224701776333	4.93583724231861
6.88484854129233	6.74535530799778	6.81298566341252	6.66954904736796	7.02512420154125	6.85541162711476	6.76367680613739	6.98556900690657	6.67301652002558	6.58833600146125	6.55317592193972	6.88596940612026
4.55318453686109	4.46091803765109	4.29747905240072	4.98301036193519	4.7963484959017	4.94652047242938	5.76569164340667	5.74256430324897	5.70939190136914	5.95369301519231	5.58588266951397	5.71452046218086
6.0932756655268	6.14462233941477	6.09720790310683	6.67576748758195	6.39793349494404	6.49095166396811	7.16576397387294	7.30771403144422	7.09434531432072	7.43949373807592	6.90564648285258	7.13411729018898
6.1657913384219	5.87433857501846	5.99898913275972	6.44301859589193	6.53486923498603	6.47687580811915	7.16380000758668	7.19634091386335	7.0911205049685	7.03079546549658	6.60995647566015	7.197009578059
5.09005247787941	5.2187242052035	5.13471106905134	4.95833146044193	5.15544909146244	5.11388509996271	5.11356458414476	5.00035183983451	4.84976054545018	4.95405689834495	4.99247772677661	5.2271849183519
5.24207978231985	5.1905123193226	5.37090701324876	5.16202703985337	5.41456657356541	5.27830835979152	5.36654998982771	5.33600638391993	5.11765594714634	5.27179363245012	5.02358615147296	5.26150357812421
5.05863688334679	5.20473199481031	5.04493767879611	5.04938724142853	5.14123761805659	4.98108241270356	5.18757425318906	5.35311059610957	5.17889243373246	5.21223504790798	5.08736067291956	5.40357371489025
4.98394282089054	4.91808194735093	4.88354863295865	4.68779366446186	5.04851690575193	4.82014957742642	4.74748128917949	4.86053578832364	4.91831148519159	4.93227351249479	4.93823703486053	5.14828265856849
5.65566302327078	5.46106527055947	5.60807007700916	5.69244954567448	5.64569143794191	5.75572076366412	6.16036143877838	6.20594080255362	6.06329565406037	6.1632003736741	5.94754204279345	6.15405235011182
9.20538570299112	9.16897154238886	9.23926109447031	9.06134077536353	9.06201437358671	9.07144534554305	9.05153566079569	9.1114156637662	8.93340888527784	8.84322123417721	8.91741489278149	9.06685152520156
9.19156732128286	9.03746744706786	9.15108191338436	9.04934796336677	9.0468319194651	8.96888232791989	9.01720914448891	9.08572400193424	8.9659463815964	8.8367955500704	8.89917024749115	8.9768830789548
5.14467302094188	5.06226545624432	4.94611820142199	5.05124413394167	4.90129641673803	4.93047295030364	4.76094088908279	4.9185482308324	4.69461448119311	4.92102340197085	4.92831261896939	4.930874011043
4.81994550006083	4.2923239556363	4.53871221752759	4.81545124558296	4.9085987846334	4.79819804030091	5.07860857119785	5.20460211306815	4.82700425458558	5.24182808779455	4.91170398407835	5.48721508233868
9.3522072344627	9.27277702301841	9.48391643871576	9.28606221703816	9.34031762545788	9.31833176437037	9.22888340790873	9.3299622320038	9.2213671083296	9.48250059493173	9.12652844249481	9.35198023517421
5.08155459725879	4.77092090971016	4.68414300626867	5.15639941783189	5.37427617870629	5.19690968089869	5.78851385090659	5.94583660000071	5.38185161917758	5.80585038063551	5.28547419734074	5.82147364526963
5.02944092362162	4.95961600157467	5.02252756554001	5.34291894729458	5.29288811650032	5.08280883576	5.89997555098828	6.06154209135217	5.6366359641116	6.16249374317118	5.58292359140484	5.80414307560559
6.72447401738159	6.59754849259806	6.70350343375867	7.22689951763474	7.13029588132074	7.26145411655284	7.66594457037764	7.80141210415419	7.71674577648631	7.69895088465218	7.57042566840892	7.88442152162756
6.19002711636931	5.89865813273386	5.92322633237752	6.08614710796972	6.16563914531122	5.97382829307202	6.4425004979165	6.51441775384645	6.23163110862349	6.88895117222379	6.6956178201595	7.09825425021062
5.17550681887774	5.44977501491249	5.21574600024758	4.66189287447051	4.97393886855915	4.95207274847853	4.81328847518656	4.96264313011768	4.53453487771877	4.53579567629264	4.36217031951959	4.75423813365377
10.1809135712788	10.1046157184036	10.1884464780881	10.2120709795666	10.2650060361537	10.2513345662454	10.4226509135127	10.5290660373291	10.2984297049529	10.3451407468027	10.2437154235651	10.4292096788855
9.88356439668278	9.78161483174483	9.89486700177507	9.97546687338572	9.94434913014026	9.94859903873375	9.98177029583112	10.0820585533656	9.98054069063456	10.1580128801405	9.96472378632632	10.0682827831843
6.89746487746018	6.75729744492971	6.87535895672203	6.69616292965997	7.01932171841653	6.74638951418983	6.66441668599333	6.88104229587997	6.55262824918756	6.62049009161074	6.4269672192008	6.50655779352095
7.55816394369109	7.29562191478433	7.56777696409592	7.59289631103084	7.65901349408587	7.66516850495806	7.94592003679231	8.08983053255758	7.87920453831859	7.499545661551	7.27275319411282	7.78228897023684
6.15195597535662	6.11242814570469	6.24564272374869	6.0261691206906	6.22657062206058	6.25419628552156	6.16596655716905	6.16428878591801	5.94490671510793	5.8978584144406	5.86593212818389	6.02564921674534
6.23595326378545	5.94711408184948	6.27200601939395	6.33250589551973	6.41306974415871	6.34277033113827	6.39266024523799	6.43475183168778	6.44958650344664	6.26883649147583	6.30910048899394	6.34214793643447
6.71138217777808	6.49311013990857	6.68278960169638	6.79081442666186	6.83631076580527	6.93039246749733	6.8613934855386	7.02088042552203	6.9742534761851	6.92034972054597	6.71949938932806	7.06725759522533
5.64878326058313	5.40131865869197	5.55001198041562	5.68391209480315	5.55726849534569	5.54338193190889	6.15090950459321	6.14776898055447	5.84632191413192	6.01219946657845	5.7469354950694	6.09038432691647
6.50871119332477	6.45205069362957	6.65067486987114	6.62889410104994	6.68336252277662	6.66806417580667	6.88440256253276	7.0137302988346	6.6912988756751	6.89608000218202	6.44424695632107	6.8447581643216
6.27105534935776	6.42590675319543	6.49853094808098	6.19467432083145	6.49151942025801	6.37785954796193	6.25070912240967	6.37153658255448	6.35010557551942	6.5802960946848	6.31252716853094	6.53996061711599
9.72865291056999	9.71250442875028	9.807762462922	9.70464485547735	9.6343208098834	9.65720587325957	9.68696714998907	9.79015984186208	9.6006110163935	9.73276922308094	9.6000117837695	9.69637286597235
5.57958253502612	5.64786012840596	5.81319647773739	5.63088204345056	5.73645051840047	5.76625748490795	5.63331756194801	5.68847289287872	5.59715389622478	5.70958028343532	5.69738604641659	5.6680873807417
6.28082545618236	6.35937472505089	6.40888803050227	6.27814306073218	6.27066288425003	6.2967588011074	5.98965574995817	6.1927376029906	5.91875467104526	5.8256076256451	5.70178089667579	5.89212985014538
4.87009094658151	5.01378301865685	4.9345606229859	4.85203071070323	4.80342538811457	5.04130119665964	5.03696452670475	5.11534667539398	4.88285728698526	5.20627481610776	5.13942490026285	5.30291450396115
5.43163472299416	4.92183793938769	5.62253054836402	5.66749852864918	5.52681593846921	5.39634636134362	5.4135495317054	5.70330395617829	5.3988256117776	5.31626474872252	5.16162340300591	5.49752560367584
6.35657499630537	6.3499580644525	6.32796903800465	6.97492030048064	6.90610384652072	6.7616978665144	7.56625297143489	7.68884491815157	7.46105147830525	7.74102358700147	7.42931949820594	7.7159038221516
6.35264708091364	6.22088569179982	6.25673703561618	6.32413713814944	6.48008883350765	6.44836057176467	6.47053271392118	6.50346125017831	6.40259154986111	6.46220275640896	6.29169397492619	6.54688843767958
5.1784301148021	5.15194333728836	5.27830822048141	5.31116922732291	5.35866146844335	5.33190355275176	5.70663252045689	5.89432240104701	5.47045545966791	5.7346633054524	5.57574359227879	5.79911045514851
4.71063582225942	4.67758314329318	4.82704022900494	4.8998886320649	4.9326148646431	4.83597329515143	4.6616909790492	4.82777331202618	4.78167737760775	4.98584749182066	5.02628867247227	5.16970765185714
5.01924523366367	4.65050200402898	5.12395416137334	5.3164954389665	5.13657441394281	4.99075088294795	5.65595159886191	5.57105931582489	5.5148163717613	6.00705527871818	5.87155910519924	5.86157772609004
7.96812163311028	7.81475858089694	8.08719509572477	8.39967997819667	8.49476839722098	8.44451547120726	9.03416993309152	9.09111143975918	8.9127059498288	8.80193327773275	8.68533021332387	8.930286623415
6.99993018135849	6.81695588373265	7.06288626632832	6.8886729647066	7.09295197524457	7.04355658610965	7.12241945539666	7.28736775519254	6.99459306885793	6.49607261438994	6.55825880481457	6.74920043279872
9.60560119182434	9.53349939313381	9.70025907160676	9.47828316585482	9.5334168753945	9.53974620179569	9.47721606230058	9.56391993396857	9.39370520855076	9.51811366810971	9.45263381008811	9.51322555618095
6.15810924043113	5.96089178810124	6.13626044003328	6.35592324288847	6.41766846491082	6.21198190028328	6.63945770499074	6.85829232718685	6.4445174817203	6.52713683257286	6.2264399170663	6.59951180027676
4.84790149799628	4.86085541847201	5.08667556891392	5.06077935718542	5.30626376403313	4.93100146725651	5.02492362664862	5.10477111686728	4.76152637075133	4.8254342432596	4.51706753269945	4.91020657610117
4.81565584544816	4.97312480859276	5.0825931934817	4.97870798240668	4.97453194054301	4.83183370950508	5.17807006413208	5.14089700120685	5.28331749021598	5.23713939471798	5.07464554670341	5.35866573065962
4.39493059137341	4.43367851809779	4.41694217755926	4.49090149872388	4.45739934732578	4.36630071047631	4.30017279206497	4.50867934586035	4.27896022758925	4.67256268964606	4.55948628156755	4.68809972706826
6.98956410413445	6.85173824312461	7.03732363911308	7.41614026208522	7.47335383320035	7.38561773775361	7.88143741567629	7.93034230319021	7.79331313340537	8.13851656753489	7.62958638246041	8.12181844569632
6.39148166105082	6.31292009588482	6.11071849966543	6.84330445268266	6.79643346391253	6.69694151488661	7.49131199128586	7.62159078709917	7.37038054620816	7.66640788831736	7.27847522710565	7.53509180802515
4.92465679191247	4.99546860467856	5.02732441699684	4.53369678778341	4.92589947530634	4.65287445569577	4.60796457167526	5.09992295217494	4.55263474263559	5.19275431439605	4.96680122575551	5.15018144872855
9.23360690523788	9.06511196443	9.14646516026399	8.98871392835085	9.05771538317142	8.9970693878821	8.91050360732609	9.06855202999443	8.80839193589053	8.6676020736066	8.7175836839274	8.91353811151699
5.12544630015629	5.17786223965161	5.04039565541455	4.9965372086657	4.9141106302039	4.86822683184155	4.91578401782609	4.88070978522437	4.83686813608704	5.29841992517079	4.95505331888331	5.23107680657313
4.50412068808922	4.22536701442624	3.76836055858225	4.78538236606898	4.33317263120994	4.52392050151258	4.96569165928859	4.99464907394028	4.92876647398839	5.21232332499327	5.10969927071908	5.00279555821635
4.7304421415528	4.31579875300582	4.76961133170558	4.37083657551969	4.38051478794763	4.65351063029636	4.75702408229485	4.92917272363959	4.8052669215698	4.95663488556559	4.75020580587111	5.09578803287278
9.5502962501745	9.47841980114962	9.56578130540496	9.40018716150106	9.44559396630326	9.45782538711588	9.4098178738972	9.53738675275296	9.27054879063771	9.36420432470788	9.32690671590255	9.40130695353385
2.85663085740389	3.27222144037874	2.96482940024905	2.89943586225695	2.87067273692931	3.14808172433252	3.75508114197026	3.56279635189822	3.43100912877601	3.92614310644413	3.13965666754818	3.29451712277913
5.41337844027601	5.64036829120463	5.50244659506426	5.71760312061935	5.56569914062326	5.55971388393685	5.79247564217639	5.76301801249446	5.90933365167976	5.69025785769914	5.69837442169104	5.74818063649304
5.99810689996792	6.06021804789714	6.04350106487904	6.03302107296241	6.0482813128413	5.972622098408	5.97014222024293	6.05755150126178	5.91081952182196	5.75827788943137	5.62705658134525	5.78445010903105
9.00477049797483	8.84219731699954	9.0497248643719	8.66681219915154	8.85395908420808	8.89608725386703	8.92166765512753	9.02850325279739	8.70137727132804	8.98408150953997	8.48792170425833	8.88551494290292
5.40977811753227	5.52008331850038	5.54806783727739	5.2700177588577	5.43467049305966	5.37722499926429	5.54327824111188	5.58306634438736	5.32768134045545	5.36590829510144	5.49671020609704	5.61683666397046
9.6472853412207	9.65273904797731	9.75461754722377	9.60511097326479	9.76271822800451	9.76781202610145	9.72102650304392	9.761096748255	9.68383874234458	9.89872899546032	9.55952745946191	9.80062870592196
7.56550590439517	7.27061774115773	7.6370285138501	7.76207340019902	8.0355690576799	7.75579258353157	8.62681880642038	8.79454778160914	8.41817474302566	8.52213980599823	8.59348205860938	8.68111877671874
4.90862001597324	4.90219816512139	4.96619926767055	4.99713479686574	5.10534691446019	4.80399655347121	5.19915551036804	5.29698759391075	4.80455336237776	5.05099459108571	5.16423394336477	5.25386644206006
10.7101982053172	10.6210470947069	10.7411028601745	10.6340750930541	10.6417602685693	10.6832764707812	10.7164058653631	10.7749823754865	10.6383814672425	10.7030339125632	10.5933619875818	10.708230755672
6.49598417975495	6.3684271156236	6.27410244205694	7.03208246674387	6.97508930683472	6.96869666054033	7.89204954615623	7.84584145408921	7.94345389886186	8.42549649060397	8.18130319156315	8.17606830358724
7.7604597100782	7.57407051295439	7.7620203595708	7.88772291713413	7.86266867326655	7.87902497697053	8.26656870441995	8.45664924863395	8.14143668240743	8.13310815120218	8.24639335674708	8.31280341529754
10.1253157808298	10.0524148811293	10.226602325676	10.0136451311034	10.0647094834382	10.0400846457666	10.0663709094426	10.1359014090936	9.9939546071272	10.1979965509744	10.0327661838025	10.0883180208933
7.09754378358623	6.94309639514343	7.17370442151522	7.63197210486657	7.49630602919243	7.65565296278707	8.51245914049203	8.6072039998966	8.23607676028428	8.25058760602629	8.20983659478711	8.50432899033326
5.03702630818933	5.03335063932299	4.69370036878766	4.76134485425444	4.71585532360233	4.73852487871209	4.8839632973384	4.97307583163267	4.8233335749073	5.31046035289413	5.27189502833545	5.53484968777135
6.11970270363876	5.8952873776487	6.09462381638954	6.26739636032848	6.09516181574774	6.25636592832355	6.31669847271101	6.44924634264487	6.42205159881405	6.44787416763886	6.44178880647041	6.5820129653489
4.35448988201147	3.99500006655675	4.20087458953015	4.20835115500729	4.47924334905382	4.03604695559665	3.91549412255661	4.27806837630385	4.2195700025309	4.26495345371581	4.15493935871381	3.9803183321073
4.53122136764895	4.36827916410101	4.20969057396978	4.20258120507666	4.00857160241081	4.56859783429204	4.60046193584986	4.36821432354409	4.47490711208184	4.57121829452507	4.86863292785412	4.68906993154668
4.05770171979186	4.23199820003793	3.84770563373458	3.71038104937079	3.98240790382647	4.02024060095357	4.03249547255654	4.11896762788609	4.01805624697267	3.84383217208392	3.69693325303698	3.71290199792909
9.04350298701168	8.99398814966388	9.02441689865056	8.97372363578957	8.92752245127946	8.93343536555581	8.82170275585736	8.90892447791581	8.86452814637869	8.95148710006296	8.84159871229592	8.78570126822558
4.94786211026194	4.96158562944463	4.84757574957471	5.31431043459148	5.11957152971233	5.09598488512463	5.04457940552514	5.0537113609817	5.12148081938162	5.51491747301431	5.10406041479266	4.73649218999779
4.39141039721442	4.57528237395999	4.26002458987212	4.24695417491633	4.30624789530351	4.20908219267914	4.36598895272416	3.97936996807718	4.28506382271215	4.27997576044821	4.5726888778234	4.40339760628927
4.67481085515426	4.80989921967389	5.0781203711133	5.24325311974224	4.7957566954279	4.91413147644539	5.09600025311198	5.22105812375277	5.14387542025947	5.64782051190833	5.30355501908465	5.54959034248865
5.02004404330357	5.2260365833053	5.10405805830031	5.33423317430966	5.2790015517878	5.14076415771811	5.18913188760329	5.30138860908172	5.25929971538668	5.32927772142757	5.12691011796328	5.10686373096273
4.37448728361301	4.29896885250913	4.45472944293093	4.39015534295143	4.53268981521157	4.46045703996489	4.55652789586518	4.51009654635782	4.49610099190727	4.51197941794634	4.19547733152686	4.40615644529334
3.05874803138095	2.85023102211981	3.46954142210536	3.1242515859103	3.11374692418719	3.52656783990273	3.14044463916201	3.44569683857582	3.29424709202344	3.55678104764592	3.56974236783766	3.71851799885011
7.91155642466446	7.8704065255759	7.67922822772469	7.37359450615463	7.15611994243007	7.10597216397918	6.82243961418183	6.78961986767047	6.81623615791747	5.91740494040657	6.241408025366	6.43389250277767
5.26900416990995	5.3457294151686	5.39920051992593	5.29593397246836	5.25909412346294	5.29326006537774	5.32688990513118	5.08220275087535	5.3244203181842	5.05567541390956	5.0601230391406	5.17290923157395
8.99122524657697	8.90615290947316	8.87319518652696	8.84934781625634	8.86932234267904	8.83887501542745	8.84937833577905	8.90616103269279	8.8362238323099	8.6427288787928	8.82543378370628	8.83225130520373
4.83438171335503	4.75708783750075	4.75259610257878	4.44170216575765	4.71334209318472	4.70449919864354	4.73035844773622	4.73717736781026	4.72590652205796	4.32357719957602	4.53221128547594	4.48499235575085
7.89218265051274	8.02077226676518	7.93723911172297	8.15128231360339	8.05247347250811	8.02340295282661	8.10074794995412	8.00319927393959	8.08433941965763	7.99093118138178	7.95255747076109	7.9714475299078
8.16219229677173	8.07132045251487	8.13553864947442	8.04846276748544	8.17413144101642	8.11368456148248	8.0557523383788	7.9203160815781	8.02982695705588	8.30004535466574	8.07126118680679	8.00922547355585
4.09685217681308	4.49495517208769	3.87038158311051	4.33675270282933	4.27374517741576	4.34544520706578	4.11803750627779	4.20875966464847	4.35778760669891	4.19880674802417	3.96973699636209	4.27275788067193
8.71233889736761	8.7441453643035	8.80934032595592	8.73150709360085	8.69806019870418	8.80328976864212	8.64777561537089	8.6796798057373	8.67308122867277	8.95637488282904	8.75863227773839	8.61857727365353
4.38801204695695	4.23029113592477	4.1861804259978	4.22533806064844	4.35810947447779	4.45289140138589	4.14530772341637	4.37973496332377	4.15661350158355	4.06643675417101	3.37522797556048	4.27576257730658
9.13356648544974	9.05686770793523	9.1736499095858	9.03361885643439	9.13378154307173	9.06737800052706	9.00820737141289	9.08811366117212	9.03918475754062	9.26635384354671	9.06267968065169	9.06075755566713
3.68420755240475	3.7865631923849	3.39804441666414	3.67958275941025	3.82017277307292	3.86458770618412	3.93130782433209	4.09557786507958	3.96651602676507	3.86716109100096	3.42867627780755	3.51884150624272
9.10061166949528	9.08142922557986	9.06340721142009	9.18398540572494	9.11653223395078	9.13862661383423	9.28390368382428	9.22468981936776	9.23488155011688	9.27805382642365	9.14656038688381	9.16480312215568
4.58052191131574	4.63501059107461	4.61044361170822	4.64002136896064	4.34990058826338	4.66353969500006	4.56978182257	4.78563963866497	4.54712378283284	4.81651643269284	4.57274208858385	4.50297404211417
9.83017755594993	9.8169974732307	9.82459135874428	9.91579206340876	9.87593138628115	9.8487938467451	9.98008799379995	10.0524955190719	9.98756829690631	9.96567263479996	10.0105024060516	9.94393030046173
4.3462342258377	4.48096941189653	4.18986694392222	4.17697213248363	4.0285703903888	4.25865210529183	4.27376985921196	4.49626742747979	4.12912023024234	4.20714523448453	4.36826865647249	3.79863410513011
9.45388553841006	9.51637828629416	9.43717118161448	9.48823016994602	9.51972113300119	9.45610276244214	9.56596183153014	9.58157826070688	9.53955171268645	9.40000669691358	9.48294829471974	9.46406308976988
4.70221788853165	4.36511125189227	4.53022174565733	4.3289474771403	4.27305902318922	4.63548349720125	4.4823543768857	4.50010910983512	4.24626388944002	4.18396656397188	4.35074488213368	4.25061477057713
5.33591704624914	5.44658360468124	5.20853352712698	5.79798290512689	5.62134433373027	5.62882786565048	5.8385760763341	5.73932202090241	5.75032135600419	5.68802821046077	5.64109232746627	5.57954998374184
9.67639705879556	9.65002510954066	9.72471339222269	9.68743421248395	9.71796719262607	9.65751726348803	9.65685671811038	9.6626472637348	9.67928452266243	9.66694066473104	9.66937334929674	9.68682364674953
3.61488109655853	3.49710534643508	3.87514037485388	3.81652963399706	3.70300754755962	3.87045423618968	4.01507589339545	4.0941608302465	3.69035133668181	4.03915399708343	3.73926743385852	3.57126048926855
7.27973263766946	7.36464884191912	7.42503666699715	7.44968628083197	7.4099588426708	7.42159921625856	7.39728808017518	7.44738519208772	7.5475291129003	7.70523517545677	6.99463670106092	7.32428060002106
9.26427434508093	9.32384250359746	9.1645115064496	9.3555519385634	9.28902682415386	9.36390467453698	9.49385529014022	9.39572564375732	9.45108894896473	9.40754251744684	9.52736636354958	9.43327795292935
3.93226306446715	3.75739175814928	3.81660469192136	4.37522240388202	4.15382065615061	3.84837226199412	4.02444044643461	4.03842776259062	4.501556694605	4.02746369310381	3.98304920013338	4.13301142993151
9.31696196195922	9.34659647870276	9.31755990936259	9.33555540015821	9.37581042463734	9.38192601088299	9.37476132060363	9.25947519883207	9.3649330148713	9.24661607084754	9.39140395523047	9.31635200227338
5.02348559267426	4.91134712681261	4.61552405697622	4.80006818541513	5.14156538988408	5.15704391723056	4.88670423602032	4.80432473843454	4.80929449454634	4.53260675938423	4.38237119232013	4.42789413427695
4.12186164718792	3.9040934842503	4.03038947664105	4.20627117648055	3.85940855342229	4.14809340866066	4.28209505354289	4.12673652977116	4.14633529495105	3.94235736276449	4.416693192504	4.26683776181764
9.00393141804909	8.98697798950088	8.9451088992169	8.90426467613883	8.91474633037002	8.8676404773381	8.74243481907831	8.86858001868375	8.72037261620691	8.30134558190951	8.87101814763819	8.68282949679312
8.8603886480883	8.78130208637315	8.79454107261313	8.75088048765786	8.74869048115234	8.73838290951477	8.7975854233721	8.76818024472522	8.72344089626152	8.39684995387802	8.84136104065962	8.71208587188356
4.89186423115665	4.98551784346494	4.89340032094068	4.81521999988909	4.94914057848983	4.86339203168667	4.9542564518133	4.70582257339798	5.07857202341479	4.70727485219063	5.19310302030055	4.80698107603772
9.45534862988501	9.53494101666398	9.37122669590456	9.54347089034464	9.46599679420134	9.42126914299137	9.55461088708902	9.5163074168002	9.48331389902507	9.02552811742725	9.59801727583462	9.39562816732397
5.21994813996598	5.27382562188098	5.3381071744165	5.35828081657054	5.29110335322886	5.29987111115409	5.37912710198684	5.09742823886681	5.11911694787479	5.04046216130521	5.46213107216125	4.85599847707344
9.30567775781883	9.20404406468046	9.14908852789062	9.26876780207745	9.28757410976276	9.24439373036206	9.26853545204577	9.36248476289637	9.31532647151934	9.09389516875989	9.35068830174107	9.1278024288945
6.82258360657105	6.57889658035843	6.66854609556807	6.97327308852294	6.82352270097268	6.82525808974709	7.09988066720304	7.19177447693147	7.11830603575344	6.76046034108016	6.87521620869172	6.94561195588503
6.53904484908937	6.71319796146282	6.62347258088622	6.67128819170143	6.72811686202357	6.54420745322635	6.71149202117937	6.7003668964978	6.60750721563239	6.85888849058135	6.86211061371733	6.61262563675875
8.2973611287272	8.34206341442472	8.3330016862916	8.45023450780803	8.35203845738569	8.32557012180591	8.32506491998825	8.27015937715137	8.27045273866423	8.29507118572239	8.29757956057428	8.21862486341079
5.14078821517581	5.17509864440796	5.26738776261221	5.30089669498268	5.11160557439823	5.04884458107156	5.08762299507873	5.20647548872031	4.96327751912549	5.20401916859498	5.06594449818334	5.17972985920179
4.00846016040707	4.25490629421048	4.50757978213328	4.2457202875574	4.30128482344336	4.1557074597166	4.16204191252811	4.28635005268962	4.49205987502014	4.36200691065673	4.5236514539655	4.19476217873724
9.02054562496584	9.11035419419286	9.05164519028815	9.12639782549918	9.16429490801175	9.18122410226558	9.27788386104491	9.15439779825756	9.23868752993627	9.18480655419523	9.35983446813225	9.33853472811447
7.36893622693376	7.35555978169173	7.41928363203003	7.53766955702505	7.48283161760832	7.44921734739038	7.5374385136076	7.58409175402239	7.62277528266735	7.39815435353429	7.62396341621221	7.45420503289019
9.4015986929778	9.40893196945102	9.41424994032953	9.41677375644009	9.47192337099854	9.44367028516728	9.44459108871852	9.39567809122251	9.41775294729176	9.51373406573088	9.31898575051581	9.48485482755328
9.42868070077712	9.40905771717235	9.43532099227332	9.3913241969211	9.36639085756051	9.33276211055772	9.3946573367468	9.38912379376144	9.45200246298399	9.33652151637311	9.4002170227335	9.36009875432052
2.44707863024662	2.45093864367371	2.15614315681496	2.70751068424163	2.35906073826907	2.7630062647553	3.32341941073979	3.22475693945093	2.92946404247306	2.86105947157797	2.52495871092453	2.5177550573867
9.68565331950203	9.79107177141872	9.65223086038842	9.85959295356581	9.81963856013662	9.88173027188022	9.93695981001016	9.8398438898197	9.93666637422496	10.0759658911337	9.95610528341719	9.85752716356264
4.19315113404649	4.35430058334037	3.9606328187547	4.6339289729472	4.18348263792202	4.27233212535659	4.99254095335603	5.01431206881527	5.1617560177592	5.90650009717501	5.38394957409601	5.30079690879148
8.74591425173902	8.82648735809554	8.65440021049663	8.80201066802393	8.69575241224579	8.68439194343499	8.68262076169202	8.62211933912357	8.66055728672602	8.40017808088142	8.7076446989468	8.56841649408807
8.59467818916528	8.65367168547471	8.56486962559267	8.73322440846839	8.67640054548183	8.59786555161356	8.59023491593196	8.65548399286908	8.6021646426957	8.7467924065563	8.66263190191461	8.47595476647009
9.43126157144489	9.43744540047967	9.44297346967969	9.49405613838064	9.49351270114824	9.41113945285674	9.44332474132872	9.40443014312357	9.49727571695429	9.70184365964618	9.47531478721849	9.44328184252112
5.36627596925682	5.26277310920963	5.42072692582441	5.56978969464388	5.44690626225485	5.42173069149538	5.26551953857211	5.1876655017087	5.31080111940835	5.47909818930493	5.57468669724444	5.22211114528004
5.68227611273655	5.78398366427486	5.58656420774717	5.52628691740994	5.64913814742315	5.61014415853741	5.35540952615056	5.40587662895072	5.526597119456	5.3217052072382	5.21526439088336	5.41837988061701
7.19204462596462	7.14885944901142	7.22779557444401	7.14569577655946	7.21897761220563	7.06854367897568	7.15216541303288	7.25404461761247	7.21421637695561	6.81146958523311	7.09354040561393	7.20084154001148
8.86979035534565	8.88482460912083	8.721207208299	8.6727809112095	8.84166898288166	8.81099021766398	8.74300351804937	8.7580794809797	8.72311559931839	8.21197079973388	8.55895239798939	8.71575397167612
7.90414561777972	7.90813986283851	7.87250073538812	7.97856745598069	7.90091414743904	7.99902764255604	8.33481314487738	8.40350885844555	8.29836858621483	8.14827817516196	8.32697238925613	8.35183661962609
4.38764648443422	4.16605405992645	4.28952528137973	4.33828205654087	4.56606666321494	4.47697620050834	4.74611376757874	4.62855354877728	5.03051036672225	5.12988224895162	5.00674425499969	5.03633272526619
9.05193375277349	8.99401504607796	9.193785443817	8.82684946054195	9.18005025739136	9.11136631062716	8.99330260624784	8.93911081729063	8.96632793948009	9.28654195002611	8.88717265908658	9.08550384235559
4.91617368343869	5.0452746384041	4.80171371505965	5.01869339786973	4.85241932945019	4.94579858747918	4.6312268988964	4.77564428369921	4.74264097030446	4.92900875037819	4.44411438764727	4.73551067590889
9.53423858921185	9.54576959457843	9.51797095741361	9.56559813119703	9.48905933576065	9.53209435585238	9.50703086409328	9.51883696452122	9.55965903065768	9.36098044099641	9.54094680165313	9.49973072422032
4.82467635355509	4.47168773763867	4.55801782701647	4.63875470904939	4.67865759817464	4.70618544965485	4.6697173783844	4.5693795134111	4.56779551118135	4.43718640660974	4.24074242902995	4.50650464577273
9.62947909825892	9.63506827294579	9.56763089760006	9.80637250450396	9.64524719205295	9.64339078133754	9.68871444032573	9.6936715932657	9.70129902847596	9.6160443594364	9.67185608244584	9.5624767421078
8.76911807976207	8.79954518360515	9.00689438355375	8.94486249548765	8.95234433209352	8.99474743089862	9.00166472291001	8.95492757953006	9.0418458594539	9.2716610772278	8.98670674592219	8.980302484732
9.69555162726531	9.73043386989517	9.78620852450878	9.74953148234519	9.75166085212134	9.74385374939885	9.69998652546308	9.69015982984457	9.69123930231843	9.97274449227677	9.69056934194681	9.76991450589885
8.83331704475707	8.89785319207228	8.75322593922494	8.92207419383763	8.83469458080321	8.84809120709532	8.79478350736648	8.83934835054243	8.81563910944546	8.51897068752865	8.69434890205669	8.71036597392149
5.97796886568764	5.79892670400819	3.52323822129143	4.96205472370492	4.30452434403284	4.31162519529432	5.35322817099977	5.42752843655632	4.5373437348442	4.00861627877028	3.36983078728844	3.73297826720601
9.3969540343576	9.48193556489043	9.38947637718076	9.39361494284988	9.39068447341742	9.38831612816577	9.44952070986274	9.36313741157784	9.38687990213323	9.66589569788372	9.42397622732832	9.29587024688257
8.47683386641427	8.64634410445706	8.59410908869941	8.58337871687166	8.59176059848172	8.56450892166117	8.57739625529277	8.54036757504379	8.54242956308697	8.87949602032746	8.38692299367656	8.52052251039122
4.30330160935821	4.79415632742336	4.37425747549237	5.09303858657674	4.58822630878864	4.86349094570176	5.30708865614508	5.26993253075381	5.1717559060056	6.02797149928269	5.60396522600814	5.39630715213296
9.37852364795571	9.3053806177342	9.29209073226993	9.32347717949465	9.35470239093249	9.30306104549091	9.33877644543394	9.3312376263339	9.27331865633135	9.45700299899442	9.23296473681419	9.22070341015349
4.7784631965075	5.08840168622169	4.85257251793261	5.05780782696742	4.97209857264946	4.97504268234824	5.66400232103065	5.61990625841998	5.52661136368612	6.63524578648631	6.03573171150464	6.00210261304645
3.27003315247726	3.45396802837915	3.43863534795111	3.60064834339849	3.53535672563094	3.76257606893094	3.7512871670283	3.94023274024635	3.60437437542349	3.57902815820792	3.59650408984611	3.62572272109779
9.30430752036193	9.27378678946739	9.30208856961293	9.13945071654563	9.25132070636773	9.20192856079847	9.23818785955996	9.26837427223759	9.24896737336096	9.01933775338423	9.32213011067542	9.21866908565618
9.68358869780501	9.73608947507637	9.70439159884385	9.73035978203852	9.72511161084569	9.7706392022523	9.73329531484626	9.73848968793889	9.77620835813413	9.93604417534289	9.82244138670821	9.75716083175602
5.59288477766195	5.34352694166529	5.58758946597063	5.42879788761861	5.61747458281363	5.71665618357922	5.64063417404714	5.66591162069129	5.56380453011245	5.59284398277793	5.4425741842293	5.71759947894538
8.80474695306064	8.78412231058383	9.02575437622484	8.88088647095246	8.86365951614925	8.93071556014428	8.7785053838746	8.80298004586127	8.85234547945027	9.19623895120388	8.89918916115096	8.85908461652449
7.56367242031664	7.49903023941226	7.37838882686189	7.37067502112898	7.15582578132138	7.29094458606078	7.14265539390982	7.14666809189856	7.22677311620315	6.76683463969813	7.31116096061665	6.87742301852009
6.35452378364602	6.537376976146	6.45531685475247	6.93810969949667	6.84571350351079	6.91201798377086	6.81815158121424	6.87429549351238	6.90211891499733	6.70342345526654	6.90023142130639	6.81590465492694
9.25296513425721	9.23298729636815	9.1996844029124	9.19514535629838	9.30200460813784	9.29567706972801	9.21618905268483	9.15477936210539	9.21890643263534	8.89128751604456	9.15939170288125	9.18439675643861
4.3788751562405	4.6475225864358	4.48184719370212	4.62672785235681	4.5430386680466	4.57387544963108	4.7676444382607	4.81392593387728	4.604697588668	4.68977958275701	4.34348645261976	4.54623834740313
8.80598237211018	8.86589706466915	8.74160949732265	8.72734221673535	8.73914400788301	8.68325042388804	8.57449894430034	8.61761545499374	8.59547099590553	8.47096515163204	8.341395810633	8.62123193881639
4.34537053007338	4.15864885813736	4.09093280742799	3.95716628138019	4.64819319288721	4.61008772835239	4.44671614449022	4.20828052204297	4.19293579939059	4.13562655431176	3.91240195536685	3.97444029238376
5.55023650696782	5.69183147204382	5.64152180903195	5.54768686869606	5.38223011798771	5.70584419497475	5.48545159424265	5.20564760183637	5.45203343262755	5.77416420954424	5.55820308279772	5.46510071789617
9.30797494199176	9.31159334226199	9.36183873396444	9.3631911952235	9.38450551445548	9.36017368435183	9.39320383008807	9.33465558424701	9.40247579920843	9.74239211550524	9.38462868938188	9.43506825612971
9.05764275602483	8.94416830092633	9.16891568000223	9.06343439106846	9.23378486074594	9.23649342920093	9.07453669080399	9.17316411453079	9.0985468689959	9.17265758276328	8.84366065092462	9.2005592197827
4.1826829095189	4.19208235663421	4.0160488461421	3.99370867900553	4.25038185182481	4.47568129468428	4.19660525093512	4.1828426580421	4.57584275311689	3.8449571947432	3.93673276117116	4.08144971963674
9.58673993325098	9.66881739750277	9.70190105764768	9.60692215615855	9.6650879293832	9.62693361780599	9.75779861341075	9.67059916248614	9.71460744774269	10.0535521768396	9.7956201159967	9.61569939848374
4.58118235039442	4.44266356382253	4.51049392181849	4.60240422301141	4.47993440418838	4.6642198814779	4.78914894985605	4.62007638843823	4.66680511862454	4.80817921382536	4.54601190341198	4.62219794531162
9.35003306138806	9.43254535783022	9.34463237672878	9.41007027922279	9.40928799790325	9.42124966969824	9.59041187538578	9.58014647570749	9.55917375079694	9.42046669308771	9.59064654029678	9.55685998056075
3.96093023689555	4.02269329967888	3.38732241029134	3.86545605778693	3.79281512425996	4.00526759831286	3.901851009789	4.17656729381444	4.47426169066141	3.96142665239516	3.80782574832062	4.14437909102642
8.2156130011803	8.24320036603782	8.23686874093613	8.1510720196781	8.2223047121024	8.19301043951511	8.2023833666765	8.13537015398983	8.11077319664513	8.36532062382756	8.07678971481953	8.15376094871225
6.93611723480717	7.16323953477746	6.91073439897401	6.91636722756662	6.86430885999524	6.73467350550979	6.89542040601429	6.59773232279862	6.82505030547341	7.38663142083656	6.65344622426431	6.51541129294475
6.01766953729123	5.82949347360553	3.48806254476476	4.69721794909304	4.49146899893614	4.44356908262093	5.4034413736429	5.4784568361868	4.27697859395199	3.68029977326014	2.86754162631382	3.42759075070951
5.91925261730456	5.81329564487911	3.66387728833399	4.82400390788461	4.44156835176995	4.4756275873649	5.29935071760436	5.61810494287807	4.17928513627751	4.15691119805189	2.6819400191241	3.42401902004405
5.09187709345794	5.20056833466455	5.22056768460586	5.31465932986998	5.05484105331775	5.06917021474693	4.93767005395743	4.75363745118813	4.94542902431115	5.42503111161062	5.0148859974181	4.95803342621962
8.75507320449566	8.77873401172284	8.6932509462519	8.82105080202353	8.64545307359183	8.65848418186011	8.55362880129413	8.66386398399315	8.6368247841889	8.33440069470116	8.71610446809844	8.47237900277732
5.59560236601422	5.54051729017236	5.52068894859355	5.83925458308587	5.70814037417838	5.7124579534304	6.06988000286542	6.25974068890547	6.06851401252923	6.02786771577071	6.06757276540707	6.28587985429394
5.16566173838055	4.71805477709944	5.02531895199672	4.91043311584557	4.99368823094243	5.02088307273121	4.85085250168323	4.66869987697339	4.89822338191657	4.71452454016174	4.65884342097112	4.75433327332883
4.69091656695765	4.62726110730735	4.94438771393299	4.84115728912668	4.65096986195638	4.53905481154065	4.66656730298059	4.73415575095866	4.51308515192582	4.67369685240952	4.83057614721878	4.80323242573254
5.03927946499737	4.67180176465364	4.93288888979588	5.10906117188378	5.0998137614555	4.94977545244891	4.93856326698284	4.86464712302989	4.84569605673426	5.16613263209625	5.21229589680184	5.16602587709584
4.90932895707241	4.63940479131328	4.64125587557926	4.64274466254043	4.8740764796058	5.02411245682664	4.59963498275744	4.61692412389016	4.79868122410308	4.46377484228963	4.37908099761447	4.56320618190763
8.56020248073846	8.65255087570509	8.53392755160787	8.45058533243975	8.4118317187866	8.39687256014892	8.36339990654979	8.39707861996038	8.36232112810982	8.3823374647118	8.56616850183768	8.39314961742437
4.5339375309787	4.7080406730379	4.7572187189023	4.59267017329433	4.43651979658714	4.84559818873382	4.62481229976729	4.79982272530328	4.74040912295073	4.76973054841424	4.93563408601679	4.58794026460898
8.8563721031873	8.87618853086787	8.71944931196572	8.87730523584252	8.71218028100922	8.71040879574089	8.78336807200854	8.74023921421656	8.75562790071181	8.90552298579226	8.64241000325374	8.68390756838711
4.31735334898401	4.51305455395749	4.30583480773635	4.47846332066485	4.65555778978725	4.62456680681644	4.37290122360282	4.61479198820116	4.66301853795653	4.52635461772302	4.45383306083399	4.47203852981719
5.14228971769633	4.85955288945656	4.71040015066139	4.68801607801494	4.92999338127176	5.12057086734556	5.04645857117516	4.92773269024364	5.05146491305388	4.88464874000818	4.82995494629605	4.77267719479256
9.60489939340936	9.50474843723156	9.66713360727985	9.37177223003253	9.58501815084316	9.61408152793395	9.60750177547584	9.59003001681868	9.5741354548534	9.67827808367721	9.39211570655719	9.69168042651811
3.12070044366278	3.44590639896836	2.76292820569769	2.85045542341304	3.03608838145388	3.0228388520194	3.48337942045754	3.49973015178193	3.30002049003314	2.66097579093249	2.5411174869979	2.8115529582017
8.99599287121866	8.99255545112156	8.98151133457613	8.9965617416319	8.90727095317922	8.92645057709652	8.92285668687138	8.99522167010978	8.90888744993904	8.9458853933801	8.87246748457295	8.88763618852915
4.73885433970138	4.70111472915294	4.620027500011	4.66366580796537	4.59369571027249	4.75290535859052	4.55368238945101	4.2604444653161	4.58634724736374	4.65002119409399	4.42287471052887	4.40528359922365
8.8311041884446	8.91283881794645	8.88355247338461	8.93069921691757	8.87941812566466	8.86781282412949	8.77969259255902	8.76767993660765	8.80176037859142	8.83870864276026	8.82537041729837	8.75779126159823
2.77996632284797	2.5122994296769	2.74529319090937	2.83951710964396	2.55174040617189	2.18873380629885	2.97430297037085	2.76058838594437	2.69584144528055	3.12030191022278	3.31787059049565	2.63228486070898
9.55742015796076	9.59064628344765	9.61195696429982	9.62185239802101	9.5628930995387	9.63693574351486	9.520737810753	9.52926777315289	9.57489962748629	9.76000901171405	9.51510649367706	9.55356393454961
4.62020892944944	4.67489102901864	4.89379494991102	4.54951329698639	4.3619620284133	4.38338851877792	4.64263379236429	4.55797582256091	4.57657071874235	4.7132861932569	4.68309857348495	4.38947973830244
4.8004868022091	4.61905562633256	4.46745498773316	4.58814487137465	4.61784128567001	4.70624517862684	4.21131608593032	4.63209546540296	4.52930133084917	4.71607825915455	4.48001620217957	4.50645939231102
12.3965427031743	12.4557032498562	12.3944510737441	12.3997407152151	12.446504837687	12.4483417556662	12.5962620994552	12.5844811305122	12.6078720956374	12.413365187996	12.6827757303972	12.5776155680858
6.05231451880872	5.84802909517788	6.02383879617044	6.2739684851162	5.83355033406997	6.15132641209458	7.00730448066108	7.04109007975346	6.94113397704518	7.47093863475586	7.30926763860404	7.34172263197222
4.48961479724936	4.44121415979456	4.31379183968559	4.8366086019905	4.50350477899484	4.56137649869242	4.52498848752529	4.6416371739252	4.77861795660691	4.89899304380957	4.49614679520911	4.55941256022264
7.67911672529921	7.68746259319872	7.92788094696228	7.66056714444658	7.85224653542877	7.78368194376449	7.67067642409873	7.6622102172605	7.68779389345656	8.05955857715317	7.74634459818298	7.79203852868037
4.55711408101511	4.46315547115032	4.6999401512386	4.50340759743656	4.438881548805	4.57817826707506	4.40959711133517	4.25370803736326	4.28032372150854	4.39551181951509	4.11351609866901	4.50757547446494
9.42499959294315	9.3791281155465	9.45819579107251	9.47895437171811	9.33926234588485	9.40834960895419	9.31040961559394	9.31689754149791	9.35524508859638	9.44119229063549	9.44152810878515	9.35169952123634
3.87368365349173	3.95842299126788	3.63538466072416	4.24814766964264	4.34742921038959	3.96687067404111	4.01848945735114	3.87650399835864	4.00374646992189	4.26619140471338	3.37452301480638	3.7376371744208
4.21029422529925	4.41888273753364	4.17389065649292	4.30672432181056	4.06413118337002	4.24316533342003	4.27380123977244	4.23552009852481	4.36814376938535	4.27648896435027	4.20483483341867	3.97376793799373
9.31114580583542	9.31300671413553	9.2712609564258	9.44178847681236	9.26271175766427	9.27848081089498	9.34870564836369	9.25582850132208	9.32533931317744	9.75945771260658	9.14041173888123	9.25578455211231
4.06338393788151	3.82547971287866	4.00086770618157	3.61570229151843	4.07614667105652	4.26821337718236	4.05690821442202	4.14696688824537	4.2022622678269	3.86704179709597	3.91016598383919	3.70793525301271
7.14467461412067	7.09187779670193	7.16712118248872	7.33505081820184	7.24317402248479	7.41718856773674	7.84376468412187	7.85990073098637	7.86269344866505	7.8361184958921	7.86200988030374	7.98466001261499
9.74396387938697	9.71961165931756	9.80295273207017	9.71274175910407	9.7208373160426	9.68483135954169	9.6791420689068	9.66492411064249	9.7130149014109	9.83389629271599	9.70936528477219	9.79715293216279
4.9334371908889	4.86871060999175	4.88962615615273	4.73399234414793	4.51805011154118	4.8472929181429	5.19775363214965	4.80981106300386	4.97821141569694	4.87345632781082	4.72816185301976	4.9962592928252
4.75256745674406	4.75356159056476	4.63268626250623	4.66394633135427	4.69268219945336	4.76516464146993	4.63397411221252	4.64166508761837	4.65013145279043	4.45355213836179	3.81271143228553	4.58594855830961
4.74954777059363	4.78818080554823	4.76030228587418	4.94454873514019	4.81782946180769	4.86013191165768	4.95600019725213	5.0742003349967	5.24926348618325	5.35377775395846	4.871669606925	5.09052496136153
5.93214424375415	5.89089253333687	5.92955447726547	5.73040416916377	5.67966716630406	5.61185852787695	5.66776003751652	5.63459280748224	5.66982110371057	5.56870710818928	5.71769017941049	5.32521322629323
7.39112288552061	7.31912342304093	7.43044685105973	7.25674189947675	7.40602800964959	7.31232970255419	7.49457669710464	7.52022730148934	7.51027244769519	7.79727501713232	7.80258141186328	7.76226186253021
4.97372329309547	4.99430446570305	4.81641557279194	5.51247670068034	4.99226307558396	5.26773373637677	5.8529250980557	5.69854852303593	5.6572362437082	6.29362282048996	6.03131651473295	5.98927422069138
8.23673066480785	8.20113674307594	8.0599279891611	8.18079114480533	8.18545347453628	8.18400797408125	8.16324264907409	8.27305104513088	8.22660224025057	8.28060009587102	8.24678447626676	8.34115237344362
9.09193611361297	9.04346465212046	9.06828538308859	8.98053120974043	9.04404126734621	8.9574924630877	8.93537426856812	8.96511716185303	8.85611880009566	9.05906830460518	9.02114263315666	8.99681837782392
8.25025316460524	8.09961662855796	8.16537747048093	7.99949016591278	8.07352435488913	7.95212110272143	7.93124698074738	7.91942398337935	7.9465936888665	7.7379232084745	8.24612270929603	8.00078515111141
4.66724472447523	4.50599124935049	5.06672809271546	4.84910022101434	4.63924450671266	4.59311009704208	4.45365170742961	4.44403122770536	4.80092319639627	4.32606173458406	4.64417158369597	4.59424464627874
4.47336677836188	4.48231130397491	4.25374156217526	3.99721869380391	4.36814853847465	4.47520901159664	4.11503080010703	4.32687933561641	4.31112798377976	3.94460143447979	3.99048481216498	4.26824250709373
9.5005774465402	9.62813684758234	9.42625383869981	9.6559963967583	9.62532853616677	9.66945492023296	9.76411253419778	9.73670222084673	9.80016609080517	9.41371162617949	9.89341003891917	9.70380784306361
6.07790076273484	6.02192298955758	5.85247990811848	5.8345470588054	6.06800121565557	6.14572926666166	5.81820299959009	5.81814256225619	5.91160901817579	5.81759562561464	5.88373227719439	5.88863529538561
5.33978896061426	5.35139967874694	5.38762836891271	5.8302091208212	5.42384042592981	5.69480647779922	5.42823884703646	5.50397524378835	5.58362190843349	5.67054405559775	5.7333844697126	5.6839603872214
10.0412206409137	10.0585478970676	10.0620243767378	9.98378010098097	9.9917372523994	10.0395551631518	9.99891211818847	10.0105093293828	10.014743338332	10.1534998499844	9.94497748605489	10.0215529184541
4.71998583135711	4.48109099681137	4.5850445745525	4.69349052131734	4.5909360457456	4.52846325692879	4.84043669338055	4.8861857471485	4.97067641223314	4.99183596738039	4.55469478191142	4.90897779222456
4.75568538185138	4.65477031738517	4.8333724757897	4.80809674912628	4.65037095897025	4.84714166067713	4.59736892470132	4.74380161383999	4.44288658018169	4.66642204867808	4.89373682461583	4.57376102579261
4.8074303694511	4.86009145084231	4.96436009910505	4.8629798552005	4.84788216294617	4.71446476998543	4.71592858143062	4.59438471744067	4.70535189497647	4.60659618124249	4.49501442480691	4.43507567465684
4.79534374732371	4.80975368817207	4.99378479433188	5.11310531702709	4.852403988512	4.83754181604595	5.17394157751793	5.31805648331739	5.40080085178362	5.29509093416853	5.47107813786899	5.38473234644006
10.0074823240755	10.0438585416998	10.1239550985009	10.0118972990601	10.0910736464696	10.0177761366513	9.93478326737112	9.96617864367093	9.99973698921174	10.2471128296643	9.88009819424548	10.125509152502
8.8791130796141	8.9602182347469	8.89298497415976	8.97966787537772	8.80152735193811	8.90361491962116	8.81330420248811	8.81137771090824	8.88039335686145	9.16646122506154	8.97028951232533	8.83172596318364
4.65479499037301	4.44088667309767	4.3235123444527	4.88900907210084	4.65970246891391	4.55829428657922	4.90300763712903	4.84588164976721	5.04119134895316	5.37900415949244	5.34973695495299	5.16211459808748
9.55162936425459	9.51977804771161	9.5593270166804	9.58491174975231	9.61687843604073	9.61661723217059	9.60410566692131	9.66464005478189	9.64663323922525	9.65255672156585	9.53417227563225	9.66924328423523
5.78321987849288	5.68669300410323	5.56603636946942	6.07470571071742	5.93870644678272	5.99363311424274	6.20989834351503	6.42866909646284	6.29205030548603	6.46340731112254	6.40891984077668	6.45146058414567
9.07753729316846	8.99486452366453	9.03434957410149	9.0584935132384	8.92264476573458	9.04332060824609	8.91906129870441	8.91669770320537	8.8973654157963	9.0535630225283	8.99358276745521	8.94963584482745
4.86291837159014	4.75714381538188	4.94923688644793	4.97135093775662	5.03247359132047	4.78055859794906	4.88750253407349	4.74572853050763	5.00627578164862	4.553426670015	5.05023125764672	4.76587028082047
4.76696559793752	4.85250611330418	4.78824947937754	4.86568894613909	4.770251995762	5.0859082513495	4.65939036421191	4.83990558769078	4.70172100174735	4.85960027414633	4.7607555302653	4.55213685826996
8.64367335193811	8.63388895119495	8.5775762826171	8.75648720973347	8.69372673073146	8.77001214151244	8.83246625432308	8.85707998706284	8.83041739025141	8.43693703844198	8.94813032248426	8.88730179042857
5.2068729730122	5.15077984906654	5.10830042793607	4.86906553893102	4.72590677374513	5.16129364277421	4.62529385677387	5.05527189640554	4.84383619563851	4.56610502282592	4.75488387768137	4.5695066270758
4.30939108500112	4.63873831382871	4.61952805498691	4.36075692282037	4.14907151774505	4.34851689924967	4.44957946729388	4.36882550041093	4.32576895829083	4.41396661881614	4.84924840293508	4.46405309069478
9.33147308298693	9.37571392325942	9.26393790516333	9.52261147933546	9.3597619908151	9.368042536077	9.5382505849	9.45990934576701	9.55401850461089	9.14100690108612	9.64217739237064	9.49725495934734
4.55542211515446	4.50819414162975	4.44029382155286	4.35997610620733	4.71381326670108	4.74219216035493	4.60325517223793	4.63892417107998	4.80241043434528	3.4668984788963	3.92277411027736	4.2981647750826
4.64080334673802	4.75049526619978	4.65168525632361	4.72191568542412	4.57439965764412	4.4748601303631	4.48136529537959	4.62352110113093	4.54073005924237	4.35502860870722	4.44830404243696	4.1674426418527
4.5880068234672	4.73888907686884	4.74444149473493	4.65052135684931	4.2002319957777	4.46396447171379	4.62777197896412	4.55940579491614	4.62441014400574	4.40138864886112	4.83896473715332	4.23404968079551
4.64588812165615	4.61911154780611	4.46753983264853	4.62631468946218	4.65481892178549	4.63481953693424	4.60857389200332	4.64224891985888	4.55820990225974	4.44650867289866	4.46138195927858	4.52016850146316
4.49115277852414	4.67541342029412	4.27998691687173	4.45984835620528	4.430276356574	4.23272695300091	4.40371413554862	4.42010862676853	4.27103192685857	4.51344284773985	3.91574590606754	4.44202084584457
4.74830704249751	4.43925457865853	4.45237287741462	4.8886350561672	4.94692610550627	4.86849065639125	4.62787508743479	4.42411009738162	4.54950489150622	4.23417037300373	4.1306105647616	4.34707206011992
4.34149234924462	4.27391820908169	4.33303485764098	4.34064251234602	3.86928840374389	4.23921990559725	4.46997992872155	4.34961428614486	4.3974360269321	4.32593083271608	4.39565090276009	4.40466847929452
10.0148498094462	9.97525470594621	10.0705971871458	9.92214054608149	10.006337027302	9.98144083359491	9.95825733696315	10.0019753255134	9.98131745350996	10.0735427255971	10.0169838395952	10.0099446246443
4.00483868860368	4.23533880822501	4.47959258566164	4.39833936409319	4.31219476182165	3.79659516485809	4.48351057063214	3.82800049167041	4.03367835154213	4.50756907838753	4.65103836818269	4.45493679701195
6.09953099834812	5.97718497861898	5.96025609594947	6.01002474993535	5.96381116968803	5.94116953676934	6.11781710051751	6.07133107978846	6.04651703036075	5.86230166800559	5.99472343324623	6.12561539198361
7.86114861205594	7.80926459884853	7.97702738596078	7.91944275426332	7.95356701450126	8.01655660929011	8.03194662830041	7.95718476490186	8.05206145202728	8.46517184547886	8.01483898077141	8.14170777662796
8.98729193123502	8.87961183360665	8.93158196536173	8.72541542800688	8.89614858832724	8.92321950277335	8.81748671575742	8.84298679885469	8.7896005512051	8.95961199608922	8.87879599892233	8.87240114454109
4.29626677986264	4.17008220969232	3.88125407210946	4.17223674587177	4.07985491822547	4.1131808653529	3.9922494890206	4.18494841401702	4.01188143285593	4.28969431159301	3.84381682839909	4.26832312346409
4.65063584021035	4.76110251633664	4.78075818850707	4.77466040006652	4.39572895428099	4.74852672103479	4.54234180824751	4.78072074368623	4.56120846795745	4.90923715234294	4.85134252341676	4.7917313529865
4.63958882000014	4.86103135616619	4.87718211390599	4.79797319321274	4.6789981780648	4.9136718830819	4.54975216460527	4.51854365854769	4.71315348600832	4.66914486305725	4.84830137296427	4.73215482618588
9.94615087340046	9.95541581843129	10.0011458191793	9.96685080386867	9.89166469184524	9.91069740872894	9.89010509423071	9.94125967115917	9.90557375431374	9.70845030925412	10.0231481524448	9.87963063052117
9.95874204451425	9.9843789043855	10.0064310764762	9.94095320062681	9.94075956113146	9.93869145982838	9.90352910691214	9.95454853749753	9.9177668713401	10.1396211991435	9.88970418787101	9.93211185923259
4.77555593180258	4.77792383557995	4.66657973571991	4.24014631415186	4.7595546955005	4.60975300948155	4.38791119506785	4.29999082696625	4.49984990934167	4.48479782877921	4.70925656427559	4.63911944578255
8.35862457071067	8.44718297110783	8.23661028083736	8.46867704933834	8.3306143420134	8.26191922067989	8.21229624900767	8.2821258429447	8.28210515807009	7.83431326265556	8.17996284450588	8.20462647343436
4.10431979482331	3.99612258610701	3.82232300032008	3.70768846423965	3.6494756703575	4.02788944687951	4.13051315807195	4.20807525451824	3.96269217173649	3.6357433704172	3.27664196933499	3.93312863857154
9.03332266469558	9.04278237015814	8.94136575902453	9.03874572096615	8.92024173056929	8.92706441431343	8.90850878506134	8.98480472221469	8.91531447646797	8.88779616349574	8.91068796049366	8.86959882819221
4.76120790708237	4.78850622118094	4.84771110172755	5.06339517698938	4.80870235286082	4.73027501386118	4.31998850969519	4.58248541544764	4.67791015518698	4.98190408532611	4.83920869370195	4.56957519704974
4.09571072603324	4.36121147469631	4.39229099648781	4.31111654128265	4.02802895275909	4.43414360195868	4.41693177200114	4.07266366759761	4.4798003792298	4.42373845648389	4.54289022023349	4.5456286182456
5.14620329911504	4.97680143088706	4.97643955267786	4.97418785672636	5.13754747421647	4.9827345117391	4.90160743956354	4.60429906247499	5.04986387396907	4.96395328638367	4.75429762538738	4.86795957628908
6.11587086896002	6.02761930347366	6.05666905578706	6.24715831663888	6.04506770889492	5.99037964979896	5.89476225233092	6.08218405872628	6.07529278144428	5.71800495995805	5.8648100931751	6.01931311610545
5.09181805481604	5.08669722535723	5.17899310737286	5.16241468774394	5.07124744382678	4.89734725211184	4.86806859038282	4.92366703922022	4.73356621879664	4.96056810638111	5.02603324100201	4.96502796948255
4.82255654605281	4.75175123736384	4.80910841261381	4.15521971529122	4.40124071551817	4.63244899801428	4.53695355489136	4.64303488058806	4.55900495800755	4.56016975760677	4.23221316316682	4.57590333969047
4.85805635319369	4.9588204209398	5.11123661599451	4.6102694523067	5.01720289109074	4.91602907456028	4.49491639001166	4.5996779956686	4.70003045438105	4.81073641459574	4.92343348336928	4.91002888412329
8.83796964544323	8.94488833599252	8.84380719891645	8.90249673390594	8.81758005528467	8.82140435597872	8.77523763059651	8.7908892804281	8.81116453481062	8.79833907617308	8.69892486058363	8.75487038885405
4.59779726357753	4.48418815054687	4.4360439336349	4.70969444452688	4.48035093440766	4.22105618545705	4.4920337307444	4.43727249856363	4.54124808732199	4.59280433756854	4.85803444013532	4.44051619043856
4.99144055464321	4.92301276892169	4.82062151938417	4.76622548178604	4.91221347548427	4.94227284449548	4.92224616333988	4.8485798858753	4.61308403220123	4.78044177221676	4.53684599800223	4.47026281908564
8.24673914289999	8.1830197415987	8.16463656366253	8.19456611927915	8.25024968184089	8.21181196979938	8.19993272065207	8.30052032395034	8.20386377866192	8.06080997289118	8.19281849400626	8.26638927694231
8.96879872438956	8.96943143260573	8.97026685547047	8.83649829001097	8.94670526634409	8.97462045982682	8.9161668872332	8.86008711456799	8.84153875435628	8.63832392771923	9.0178022286599	8.90524015239465
4.62340820987216	4.71622756491928	4.74949943020326	4.38213743765827	4.47993170320954	4.4297521808886	4.56936923161977	4.50202143821237	4.64000587996487	4.85190403651292	4.9144019534504	4.47444617879338
4.83088577355367	4.88255797073966	4.95264138043379	4.79268492813633	4.78616214693883	4.87347094576957	4.91992945933329	4.85227637736344	4.92608463116494	4.83242725313036	5.06921153484759	5.06860448927729
4.45483306711007	4.53148886536526	4.62994525379899	4.57459847539559	4.44389449483355	4.72709442604968	4.60107868491134	4.48196961178003	4.59672175506257	4.50605030855668	4.69560444107896	4.43706915416062
5.2845388314172	4.9985599368807	5.43193009638085	5.02956469056349	5.30291055106273	4.96799062590453	5.26256742659383	5.09484303753488	5.08579205191655	4.83032036992084	5.22085908130691	5.12920750549907
8.11070650032616	8.13652020769785	8.1157583881272	7.88112354076446	7.99085213369998	7.98734963795347	7.77317426365148	7.78980195629334	7.60330850884301	7.3077239212904	7.73763352525931	7.71516480629187
4.79430367902836	4.68236002657842	4.72542771711209	4.63144688018384	4.79216885799251	4.66599410380745	4.62330613570708	4.8080521006925	4.64422251951574	4.53014353365412	4.83025247512433	4.8141504331013
8.87241028213319	8.85724090036812	8.83362789350868	8.915330583394	8.91874055887223	8.94486142955328	9.00400388200215	8.9089859973836	9.00319203703759	9.21773915069785	9.10443548961293	9.10803856566835
5.31636860550056	5.43474020228476	5.27835239513784	5.3993445246565	5.40996818821481	5.44616079991736	5.24321410696503	5.24330606979102	5.57941026388868	5.19800222963616	5.17122820838485	5.24854148073026
9.00388855205249	9.0116632662436	8.91852436800872	8.98914043673204	9.12886713701895	9.11116513256909	9.30969059095609	9.29147827262462	9.31590419159621	9.23562373004764	9.37437904412444	9.40288290872175
5.01006780331873	4.8121337574317	4.83460724070498	4.93365880604441	4.9129273219354	5.22842698873628	5.08221062641576	4.93468637671772	4.97435022206424	4.81780087430542	4.86762488216985	4.86839556029016
9.42552924949143	9.39372323999672	9.42537575601144	9.39720469334491	9.48922706532662	9.51216457410494	9.60974149954102	9.57840975621356	9.62317189657726	9.62016937130496	9.61276089329987	9.62901275746974
4.70912332975437	4.42299281400973	4.68769997064631	4.85672755712987	4.8543269834603	4.44925852059811	4.45067705423927	4.41247829023959	4.38702048839399	4.47021932750796	4.39833907191367	4.49496745020685
4.11369819479921	4.24881446742296	4.43405484128574	4.08819778952029	4.3307216232835	4.22288181482761	4.25331002491244	4.41588664439692	4.1689659390066	3.98362579233042	3.90262428665775	4.18822810335005
4.40382474046719	4.67137137016509	4.59121214161466	4.11899606253	4.52137653952777	4.7346954397086	4.56708033923406	4.4718166959337	4.45114216336033	4.57434351802475	4.62656837379482	4.61797456260529
9.5695370194513	9.60598542921272	9.60161967997795	9.64903266906527	9.58333207677303	9.53910314242628	9.55086690413161	9.57570604868349	9.64949105777576	9.82788475348377	9.54867386116216	9.56455153557284
4.67722928183168	4.44237966162609	4.73801512774015	4.75932907392476	4.37968357215458	4.44318191508989	4.62353342256682	4.54629061990088	4.43723533580585	4.58546541948977	4.7653522771171	4.87932545773524
9.41545378110062	9.43026992011859	9.47635064796207	9.44241910886842	9.45705413707801	9.42081173696315	9.46582773159784	9.49808989950897	9.39707363662107	9.60607433874899	9.58669689342507	9.43180211442114
5.55988089254001	5.27852853811437	5.54552686923026	5.8492258497278	5.98979848160959	6.0048844300207	6.5068274585491	6.71310623567719	6.74327043688225	6.51995292818989	6.16899628295455	6.47863421003582
4.43260459577845	4.62902007649138	4.7400581954338	4.64869075124155	4.31974200102367	4.60100593184505	4.37225200663283	4.195936557605	4.38890493051387	4.67222701276794	4.57893568694766	4.51340257791765
8.83289020268068	8.78101822743002	8.83462914026372	8.77134894605019	8.84665721235156	8.85301114066839	8.7618218016103	8.64522688301394	8.77286262776835	8.77705128184392	8.58929787344171	8.81650743891607
4.2512068023413	4.38942209730681	4.3149090100618	4.27694698790654	4.25212319136043	3.56772673561529	4.30457395951355	4.06047847914421	4.40987685988372	4.47774114929418	4.6836951230203	4.24910832781892
8.93492008347853	8.93208823243279	8.93417821067461	8.9937268378089	9.00986329141974	8.94420970237089	9.05669847584914	9.02064565980748	9.0769349170948	9.15583146997454	8.92899840485211	9.00367930492913
4.5171043627419	4.52396945148548	4.98924510429396	4.71552692178043	4.58350569147364	4.59971132475699	4.89634875830589	4.43012265915681	4.53400008658843	4.92898199101646	4.7768556159562	4.66531621687498
4.48189326973633	4.7581844580425	4.93133120807333	4.86889598703313	4.7370641781362	4.78299974544946	4.81188960927556	4.96993242318788	4.97026454768893	4.95651398910246	5.21229896985601	5.09745035752148
4.09994525972106	4.45934574113435	4.40879354546693	4.13069113583474	4.26815644885941	4.29403212420271	4.21594213274917	4.39629775896155	4.54791651987429	4.57864769945233	4.50155754189101	4.5693893389672
4.75695850076834	4.50899302184979	4.37241495139914	4.48975363222038	4.88827349441145	4.3177270771541	4.41982042741229	4.53221898364916	4.51592750574327	4.16626978434395	3.87896667350309	4.36017383208638
5.33619744556666	5.33436946550534	5.09394792833305	5.37234666306447	5.39804560327143	5.11164440598058	5.09557771034037	5.04771280725338	5.1401252275417	4.95703341835191	5.20368145990721	5.19308699994789
8.68638160905592	8.78456323478829	8.73742082102432	8.65235090688888	8.79427166807672	8.78519282674864	8.63882670939696	8.63838705540702	8.66635948410858	8.58179590844862	8.54706470195677	8.58176154370813
6.14415924278902	6.20821565917806	6.06488644257251	5.59122754146142	5.57154093901009	5.50047899279944	5.4311039121202	5.48707092380225	5.42398260718242	5.51509892803617	5.57919508653177	5.34805936531319
7.40150559009553	7.46684615177252	7.50207972271332	7.55797659387443	7.67737866561124	7.66600893754853	7.81744965610201	7.67957228244685	7.81304566934026	8.22503253045753	7.70128230904232	7.84051435123488
3.8383315918812	4.18186250310419	3.64044662639166	3.88803146372926	4.28563542727711	4.33024588723323	4.1079265211447	4.41141810354305	4.2381437714465	3.83028115731308	3.36385426280891	3.93788864975964
4.5661461701109	4.48915049649519	4.6698081577484	4.70089788672404	4.51980234379392	4.57680700216856	4.73361944505931	4.59955032895051	4.5662396689788	4.52376433500025	4.80980404191203	4.51679579740568
9.78063000928782	9.74598513360751	9.79687434646633	9.7297565067883	9.72986350155313	9.66052376902869	9.67655129935883	9.70322702541325	9.72413796062523	9.27204077365101	9.55400812956383	9.74191806030537
4.60357298601226	4.30094852076175	3.96952002503893	4.23610321431112	4.70900106234672	4.80309013546753	4.45768054955026	4.39225157256646	4.69106791640838	4.74523859313245	4.13260894399424	4.53193590659015
4.38424953067891	4.56490619470864	4.29567377045758	4.26552357905047	4.19056537982906	4.59646551939778	4.26138551383813	4.1733080225955	4.45744395742797	4.59372322669715	4.47138123971105	4.38095468482567
9.87723568899491	9.79854214090775	9.93847847517932	9.86707307641336	9.8510120480916	9.8480101330569	9.85481281822259	9.88114811947707	9.90569589410158	9.90989503948706	9.9264143146952	9.81920377347309
4.67264695121288	4.67398403994423	4.70119444896587	4.61365636303655	4.47400997014041	4.90170916322869	4.40840578959361	4.74050041342919	4.50970164420027	4.45633337952331	4.38516161650058	4.32964741253957
9.64068698312876	9.67985247812417	9.59915996207273	9.68349865437187	9.59694386745091	9.68144534973798	9.571656082141	9.63644254568166	9.61952411167698	9.66258000272552	9.50408877500537	9.54195133983204
5.51960718887754	5.17382423947609	5.12271802792563	5.15783866651533	5.34925407179526	5.22745490096823	4.98773656313337	4.72359446691843	5.0735255673354	5.03565172597856	4.7883667310568	5.30981628441651
4.26600767726727	4.2163438256361	4.5169211011721	4.35342802716563	4.24935952240973	4.35111785844852	4.32814375421774	4.09159226450013	3.99199101931233	4.35930029338204	4.21260609025504	4.08970840662647
4.95208760499106	4.98143248098343	4.89674849719461	5.02875144908806	4.96902503467403	4.79894556326842	4.73820822278611	4.84671881465058	4.92206699920121	4.70522590246238	4.74755328401766	4.40942745308868
9.15889737109248	9.02587722807925	9.1245989867013	9.14329754301446	9.15438038396503	9.09572752271584	9.03470153746267	9.06284434360347	9.02292061585651	9.24470612964628	8.95488948077037	9.02015308545283
4.58057507374121	4.84796237307017	5.00183349740079	4.9459387812432	4.70025884828155	4.56600491592569	4.46617760755599	4.67580791780833	4.67948324975516	4.71999615301328	4.75693684261793	4.63697236897176
8.99065365146071	9.01997149887416	9.01916436512029	9.31135532354424	9.17606801392301	9.13877738816128	9.42425930117299	9.44742709799745	9.40717017565345	9.1450707619731	9.34541461994922	9.40774179958458
9.93508082486006	9.94229787570313	10.022807699931	10.0558004685272	9.99835809979684	10.0084513675088	9.98926626365744	9.98175092673574	10.0058544009207	10.1428122441351	10.075296482634	10.0243655553523
4.90495628578106	4.87814724847857	4.8444223271841	4.57133741960819	4.80879253875691	5.05310462961828	4.83972488029763	4.69034009300499	4.86245853431738	4.92846474034585	4.87700969517075	4.61393302037328
5.20725022305747	5.40772288984178	5.50303387436654	5.27313611122892	5.2740899211668	5.49909998660057	5.18627079102566	5.25213387655711	5.04434783516175	5.2511029905322	5.24367698364871	5.29814116632269
7.46350823227611	7.53303180828862	7.47826622869038	7.42335850661356	7.39040450726005	7.56187724249413	7.32636185591514	7.3832853860273	7.40335533669288	7.18151150611227	7.505299519813	7.3780540172816
5.90531029839634	5.74211871931628	6.08990991508478	5.94205893691861	6.19563821237138	5.95979455982181	5.87758492934296	6.03674525631095	5.88368297897106	5.90164562175782	5.65391010921361	5.84782865717722
4.96003717261911	4.88746037937748	5.07343289372196	5.0902959922993	4.76403679186775	4.71512206239949	4.96732063850421	4.92428126659115	5.01384721017117	5.13556267478206	5.12678866396166	5.15869094610185
8.06788391789299	8.06393848871853	8.1670702817953	8.18125222727269	8.02833821128256	8.02805495086086	8.00633142204924	7.98339170202122	8.06127378583292	8.37117124142291	8.21183902917181	8.08026955969713
4.56625296051016	4.39743200143073	4.45155987558138	4.58142469372434	4.36209559076123	4.28213567225442	4.38131166576562	4.28179353630842	4.4362442464614	4.40281060574192	4.26765123345261	4.34875812845712
8.72398719995982	8.86803655592745	8.81449653066397	8.94970150844045	8.86573347560668	8.80294405365758	8.91815288684625	8.81054228661823	8.86074225971731	9.07084202890572	8.93502669551389	8.83162892690419
9.43893924331556	9.42651834653709	9.32877459734209	9.49295513347003	9.43383138102454	9.46950930922223	9.63925608135939	9.53782703644548	9.54484377868623	9.24766810678571	9.64785779239302	9.5716652581825
8.92498632095225	9.00388568575127	8.86619400892724	9.00708343280893	8.99879728961365	9.0087349052762	9.0417188025363	9.04505803540721	9.0113854100573	8.56952986216919	9.06002820404529	8.97099057735575
4.71683283489594	4.86535629110849	4.52305371909826	4.52353718559287	4.64770225346472	4.57693778737775	4.51386178964056	4.60992358258801	4.47813962822371	4.39147665612161	4.62324959750411	4.81367844617368
8.99194213144797	8.98524137028843	8.96083303402147	8.99077649353343	8.9912563882075	8.99167770370713	8.87218315267186	8.90319016330829	8.92518267636494	8.73691049100228	8.98040001254488	8.89823838814345
5.10346835246538	4.79089739569233	5.33874093197385	5.1002312969546	5.03431607022767	5.14221987891823	4.86706700587231	4.95574456233312	4.86822399760926	4.97122853693496	4.95666421587168	4.96415438830648
9.6137596759058	9.58594667124656	9.65807670658774	9.56389874132523	9.63700456567436	9.67536297897512	9.60152149776193	9.62504697189477	9.59039700706259	9.49603577645749	9.34392182518237	9.62361783170375
8.43222230170308	8.47145122914901	8.44372950914674	8.52174699899776	8.60447022808935	8.59725304402989	8.56463461204963	8.52430320602486	8.59611273958331	8.56113947935079	8.54411251321258	8.69177045180402
4.07580560430302	4.30979909472116	3.93489179430435	3.95093346879557	3.83025530430291	4.10687985127649	4.33144187611065	4.03784141157959	4.32981543042879	3.98251039782315	3.95273920991373	3.93042962233789
8.91849325407624	8.84828377422657	8.89391599777062	8.83004258252059	8.80526167405888	8.80530578307542	8.74957360382089	8.77189734200332	8.71281218986315	8.81873255635883	8.79917180132111	8.76168201393669
4.70037456467677	4.61958413330539	4.62025994004455	4.81454079422705	4.8486544573324	4.33821748358534	4.65177162050922	4.62142723829516	4.45899479847933	4.37651043593672	4.78400502629589	4.14495586822529
8.79015781898663	8.81905052417693	8.65074330299469	8.78023415200317	8.7751283814371	8.81226461048585	8.86311489361579	8.88508168148058	8.9095999692583	8.37848687111317	8.83715467357558	8.87076791563645
7.28567600347339	7.16916605575158	7.35736393073384	7.38093450208654	7.47379110892912	7.54849842338663	7.53562834875437	7.51910669947456	7.45544628753935	7.16728665919527	7.54842800620879	7.68621359261592
8.74573934123927	8.77322703975033	8.70013149068952	8.8526155779898	8.73226015355198	8.69838261100476	8.65496061883119	8.65869113099478	8.67818930181727	8.50865747826552	8.62715729418495	8.59935659230855
8.68135459681145	8.83827374071346	8.55279281866636	8.79024505514996	8.53731139806851	8.64951957090939	8.63521448369674	8.64415545071896	8.5581159007987	7.96196505259808	8.66142408728151	8.52443516395106
7.72546628261037	7.8151514160658	7.66828298424937	7.6736276288946	7.66534633457384	7.58460743211457	7.41952072489602	7.39464950975205	7.44969760057752	7.34240706323027	7.24433012899593	7.31758948216362
4.77809546311114	4.52986394145312	4.87135207682742	4.63392392228538	4.8464266440715	4.71119720138187	4.92351180154639	4.85797674815779	4.83357594751542	4.84085985569223	4.81336219648662	4.71584771449065
3.74075707248531	4.06434856166544	4.36106272763663	3.96698459196342	3.57287326989156	3.81735571797685	4.11021132560738	3.64707764953017	4.16463398600146	4.08377218947211	4.21236893494032	3.94173927549865
8.7808487210178	8.73357609064129	8.70817140699375	8.8198748374093	8.73842872596827	8.7180454317018	8.76711108192661	8.79939069079038	8.75354459036838	8.10425495787353	8.83984903621852	8.64753300496993
6.58083937500598	6.67033371911135	6.81749767246419	7.20017250281247	6.98899497500132	6.93590186357302	7.43716099593215	7.47457794372886	7.4715002683015	7.26178534771611	7.64857900019596	7.61817297936191
7.74603928649061	7.7317635199071	7.84884019934452	7.73771476055674	7.80001467091383	7.82959193339651	7.67177087997732	7.6005217534878	7.71886562919798	8.10083763013111	7.77336379950191	7.6772052819345
5.50798975201445	5.43133915516362	5.33706795568779	5.49654988001325	5.26042723749117	5.5396409979845	5.42127962358402	5.41544432813939	5.46833228642569	5.38667507846064	5.57608899909932	5.43548697170325
4.46697367117053	4.34260850013466	4.28905994782274	4.14581250847418	4.2740745494756	4.5357868380251	4.26737936583709	4.45833608898535	4.52118667186696	4.09280284638382	4.13267275480489	4.20989280623155
4.80973942728378	4.47588954337768	4.86864993953977	4.55156450225576	4.95028793055391	4.85961023355769	4.41274751023677	4.80226760035194	4.61127268529038	4.52578346447439	4.5929510861475	4.24174334017854
4.37949265654673	4.39462777723847	4.15216314658534	4.31150216397915	4.21765156975386	4.56678466381922	4.38488310180213	4.55765699974512	4.26036454552098	4.22910793792716	4.25281613210095	4.51675400036831
4.38593257610368	4.46097151678773	4.35504425320489	4.5156070253388	4.10806088841155	4.57329134371156	4.2943614765906	4.37071955191229	4.39373134597887	4.6937885984246	4.36183001887578	4.26793383017217
10.3451845846336	10.3072290284982	10.2930937986095	10.3964875392417	10.4118661233421	10.4262197734603	10.5209347133908	10.5107753373131	10.5095398010434	10.4547632439285	10.5928852520967	10.4794038555675
3.99228809053719	4.06830527203337	4.05788591183243	4.16928735689422	4.29029577427383	4.23079634026951	4.09271270199364	4.33565057701708	4.07017883048415	3.87104411392575	3.37997825411928	3.84545180259312
9.48448838709352	9.54338174821796	9.54350221498154	9.71426590920435	9.56166582654722	9.52083106080533	9.66203183501177	9.62845168806856	9.66036742972244	9.94742069494063	9.80342104919398	9.56731804998584
4.56331090468693	4.67474909939787	4.70235520887582	4.43945241319846	4.88063273381062	4.63635104809285	4.32307397875487	4.59002610526609	4.37457394445648	4.37587259895971	4.69930251533845	4.75895894972681
8.57265048002226	8.62664879323743	8.64786582375711	8.54400053884963	8.58530046394215	8.48346419772912	8.42100703908239	8.48659298928536	8.43077175583466	8.91602589926476	8.45119012099938	8.37247910811949
4.73070059809662	5.07166476107196	5.28387883097094	4.71209900069828	4.87729979473694	4.85407017955157	4.81643431498465	4.69563791675515	4.88064539911471	4.92434123655038	5.09051795734768	5.03936843019793
9.06653821028662	9.02689311559654	9.17713130181991	9.18849519717371	9.13842685299774	9.17628454587822	9.13085427080455	9.15127075882843	9.20388629732611	9.44714468397465	9.07666480717264	9.21406916348441
9.9491216025023	9.99258448218738	10.0705692113876	9.98635008655375	10.0183241884155	10.0045055004315	9.97735991898395	9.95394433184251	9.99995193884119	10.4119378006363	10.0189361061845	10.0614411451536
5.05385852032322	5.26794502855707	4.94468996450859	5.17520221772543	5.35661464561699	5.33386746804923	5.20291768680077	5.2801820426877	5.02708843383332	4.93214098537509	4.8841509528696	4.96496648896123
8.7085921807056	8.6289897027784	8.83656496272276	8.74896239154403	8.91759068913843	8.88277904180907	8.97255111588735	8.86333394490823	9.01308440689865	9.13313011609059	8.89115928021167	9.10937769947842
3.57977833440866	3.99884988012087	4.04800195734477	4.00303359297687	4.0654624469176	3.96252797306211	4.04813668482201	3.99579771450048	3.7041248981203	3.78471111008365	3.78413043986676	3.97096910461478
4.43189470470449	4.11102839556275	4.7294001133613	4.58112011119426	4.1909461157323	4.20217720908022	4.26118959503364	4.14463240685219	4.40487190200229	4.59323561544867	4.5445249402611	4.469944593812
9.88986084892555	9.8883508864719	9.8668292475139	9.89432141842153	9.86453876428989	9.86927787370266	9.89848070900667	9.91491001932051	9.94070031822744	9.90030732434683	9.77376744784515	9.8995367052324
4.51187946177321	4.6023274544402	4.54145578891769	4.43735613568274	4.64800430709671	4.3459184731145	4.38098706687888	4.3893561826857	4.63474374268527	4.4835853008139	4.83580198189441	4.53854411477895
8.68526838662963	8.7693672225404	8.56811371437649	8.85049802701371	8.78828145932351	8.79617543080494	8.5241433578385	8.55731144790924	8.51963987444629	8.13638821367242	8.15124114785442	8.28016310301255
9.23939524300388	9.12854711016052	9.11875367566537	9.05792584629373	9.13495438997054	9.04042570541187	9.03391622014323	9.0160839913381	9.04914705863014	8.76175377349622	9.27819050760432	9.04693062420756
4.92550808586105	4.80424751829204	4.81084594415281	4.98894635440162	4.82806148977438	4.79487510219202	4.61533062386166	4.839373412764	4.70972651799726	4.72623956562928	4.84533908290135	4.74868124229097
5.69524715385791	5.46402731468894	3.85096070308759	4.69489035173368	4.52197836011028	4.24244895497911	5.09293614226781	5.34367840172518	4.17098756480261	3.70859224128672	3.03734829781368	3.54745244011382
5.34964939431366	5.15197661285958	5.09203251272084	5.12986940263552	5.01555160513705	4.97096221932599	5.1182617874132	5.05320798964678	4.93101303641066	5.01907649082239	5.17474220974754	4.97754659910052
5.55238426003927	5.28585748565638	5.57090326197392	5.57291393323016	5.78604880113163	5.66053688912638	5.32248012528915	5.51862674331778	5.23648112930949	5.35734377960868	5.45583294446065	5.48784617280696
9.11075849384232	9.06827944131505	9.02326582866618	9.04949877637549	9.02990538034178	8.99043499409031	9.00144153950471	9.03659812567188	9.02550468576025	8.5539162106185	8.96707260995939	8.94923456332231
9.25873431452727	9.26637609499807	9.28104170266225	9.27032323204529	9.280668172907	9.28417441089464	9.23999768904861	9.2387329609476	9.22488710653228	9.440691251638	9.13142828623414	9.1433093901782
3.93913623800257	4.08276207672568	4.03387168000664	3.86517629059274	3.68475655928874	3.9311818798111	3.82519313352755	3.91093506288921	3.78816648901163	4.25241945604176	4.05367622023482	4.04842384782386
8.02851143222326	8.00048676446226	7.90829625362352	7.89621974859788	7.91656835608713	7.90938674323701	7.82506855881753	7.84680738575018	7.88870838692328	7.57830446457492	7.75161248721131	7.8741555603509
6.07862913841277	5.91299728902185	5.80209930034483	5.99350421993442	5.92803878799363	5.88282404891267	5.92520290788409	6.06475470397882	5.81200470791288	5.76809777720647	6.02041780939447	6.08130738035827
5.02992915842547	4.93715749662483	4.95680244981438	4.84591430136598	4.86637523706161	5.02720509862842	4.8002386553567	4.77463859237795	4.8919235883221	4.89829231515506	4.55591178530678	4.50724001831593
3.89411948247628	3.7744019002086	3.74487473290536	3.98477302674378	3.68190600507772	3.77037117223517	4.03291547093915	4.07385926712248	3.9156877230168	4.1701514973631	4.17119677268033	3.98928282215521
4.2040953019424	4.5476482389695	4.66734533806527	4.85784331230674	4.52901014914854	4.4671691114611	4.50667380877535	4.37489714395321	4.53872311122039	4.93497247801749	4.76187909515879	4.56024444335653
5.28800493931661	5.11041409322816	5.25322596638951	5.0038573693076	5.16246128056237	5.13710070741378	5.17915676791565	5.32416229004305	5.06666672936255	5.22311174109638	5.54102829492234	5.63516557851861
4.32001921549019	4.55102203786125	4.70785303855792	4.38875920535445	4.47412390369204	4.23526754462476	4.10350076819446	4.62973978396621	4.23463293556894	4.22032427883945	4.36219896198258	4.52569568001476
4.02755998717443	4.01378376161068	4.06666988540128	4.20697531820825	4.15175887754366	4.21477464860458	4.24596505840491	3.98703476389487	4.24517581780985	4.38229849798993	4.16074246846383	3.96380077346726
9.40630210365587	9.46091711313128	9.40325319355414	9.37118569650342	9.5367238964502	9.45827653007653	9.49832444875227	9.51690946217433	9.44159521771696	9.28915783946571	9.39783962911145	9.44880397021166
7.8388565679554	7.91252075043317	7.81747165157636	7.57701253723228	7.64666908876549	7.55854292612957	7.23494732336359	7.07451697431361	7.33321081426628	6.97122487373953	6.38852914192554	6.63246845804085
9.70391420949317	9.73662012572223	9.73205629568981	9.7998802418629	9.72096953360999	9.74729924483138	9.80964105850722	9.82238744898383	9.80985294196836	9.90495885680545	9.86844933418743	9.70256247503925
5.01156188300724	4.74431841662085	5.07088603761649	4.75729608242503	4.9638171717968	4.99181168790133	4.81332893391135	4.65875816912251	4.68077833779268	5.06506711374875	4.74297886331822	4.88552576123871
8.75736725039477	8.83421941674814	8.93321473868071	9.07215120444639	8.93107930307804	8.92942468011872	9.07467032336087	8.986786021489	9.03375531140583	9.30736316628638	9.00138511883733	9.0808024498005
7.73044016784272	7.73411244441523	7.85378721681757	7.7003720822155	7.67249029962714	7.73297426470032	7.64809732387484	7.66783028135578	7.64238934198438	7.81874519362958	7.35582348854579	7.5965906323954
4.13975215330995	4.09071588795191	4.29530962494045	4.13106296124989	4.26965125028343	4.16846657359199	4.6507578156013	4.44357651608619	4.45762020839223	4.45526978387938	4.73820442172097	4.74569637963932
8.54446301018053	8.61626564944278	8.40429818170357	8.56522323284625	8.36756221784534	8.34255772340641	8.32432974792608	8.3690366468856	8.32260741439141	8.12499003720357	8.3614789433894	8.18502455681678
8.65610394562075	8.7070449915546	8.57151165469937	8.6885817060007	8.57492783604077	8.55208711444792	8.50855573213877	8.49124641132185	8.49820268895953	8.35895992496417	8.57432200980429	8.44352829807558
4.32063869986923	4.60200250326738	4.65060564982259	4.64930811576093	4.26016984702685	4.74527283194017	4.65659893535465	4.52819704698718	4.55091425150632	4.53976363244869	4.72413501281124	4.0591262621952
7.7939295186264	7.85473562866199	7.73843854073629	7.8091861701467	7.80336902398344	7.75585338554392	7.66645690986276	7.6384011267049	7.57976097353688	7.46881750372218	7.61556886456912	7.6136971445906
5.17872382921606	5.35734668874764	5.3528804385843	5.13677764635709	5.13296250945146	5.44187185386656	5.38212221257899	5.17140936069507	5.31008652077864	5.35048983728916	5.50123860472502	5.25064262672704
5.83360457664857	5.76366741441774	5.81558218639183	5.67429376764956	5.83164436279293	5.93703344006815	5.4957071666278	5.66629554409226	5.70645862198819	5.18978548789205	5.3785358256255	5.52058124099854
8.86232548237397	8.83848142848313	8.81769532387298	8.85569890345909	8.7025326227083	8.82140286288683	8.74488200786794	8.71587431770637	8.80726189508579	8.47551990934402	8.78705596781453	8.64914803460728
8.90134701163077	8.93594831870277	8.93925428758277	8.91952227371822	8.9769478488964	8.98649654262675	9.053312298181	8.9536178297351	9.03440714663556	8.88095229072363	8.91328537395208	8.91382775030571
4.67054505130281	4.34585959644583	4.21727790758067	4.24850804341792	4.23532685050217	4.61767417826523	4.27464356054998	4.39670753014934	4.5386041003194	4.56249056024389	4.25106145314205	3.99891516040721
6.50544687512213	6.73944033561862	6.27054287389274	6.31188952436435	6.17927053504245	6.33439939360754	6.1853627620235	6.04051629612617	6.07441928463673	5.87082015275378	6.04503304754411	5.87462696492871
8.72456371893267	8.77558314271158	8.71230468683022	8.88015745871823	8.69498415148417	8.71483021723446	8.65776233772377	8.64664395408773	8.64178981380053	8.45748873043411	8.91749699438017	8.53682138632584
3.93434021512488	3.98782103636703	4.11098624819971	3.84854187764132	4.21954572051681	3.83025362064594	4.23986754921602	4.43317206542561	4.08262551286301	4.07842633091218	4.11185722460065	3.88680264478971
4.25577800321603	3.82265639189707	4.42982674594906	4.16273721105812	4.58842909650329	4.12372071262929	4.4303624260084	4.66439513758696	4.29752006543372	4.29516032721633	4.34618025025752	4.21094889560646
5.33443791308799	5.21920222227491	5.30969392793934	5.38186221163893	5.19070829636601	5.39809661371101	5.16100918599708	5.09618395938667	5.0330364934248	5.33958546251163	5.26293126054889	5.29278704220244
8.87987389405834	8.92918682416192	8.91239355905332	9.04132005736488	8.96903895074238	8.98441871219892	9.03699535061249	8.9948917239425	8.97673791916378	9.25090928403019	9.07651711900049	9.0041492945825
9.11293015059499	9.10601045117892	9.05750887405165	9.15701225054589	9.18984153358919	9.09242994744221	9.18294785846232	9.18398998054504	9.18186923488533	8.96602374784932	9.11292295254097	9.05447153654328
4.85158553012315	4.55397864397779	4.86242212878302	4.72746614022859	5.02474340262143	4.94733501704067	4.4192150455098	4.94683372558558	4.61840046749985	4.60452069784718	4.13466974682597	4.52243201107756
5.1393540981046	5.12577749909801	4.79442206705868	4.99481658365322	5.0480964205413	5.20705527639757	4.84133322384187	5.06626710908782	5.02830900210726	4.74010761160591	4.60459715099326	5.04384931125455
4.00398834582933	3.87179337030361	3.87018469327918	4.29674322945625	4.14193349198458	4.06012038239454	4.2464358337366	4.02553949134204	4.00262005398902	3.83639675953006	3.25867802215643	4.0849311369999
8.1378732926293	8.24778041471252	8.24761641146605	8.16150884192927	8.3143987688099	8.33681586316969	8.65965550061739	8.58031386948108	8.69244860529707	8.91600696848716	8.73814482641074	8.70537043511809
6.28072388833592	6.32984168172116	6.53378756739276	6.60287072096266	6.30760508750506	6.3282986350196	6.46940507237763	6.54470501549291	6.3744813063193	6.32844100819475	6.43519511316032	6.49576149020948
4.44524279967892	4.54195277555963	4.55017177199309	4.54568202830604	4.65343770544388	4.26357085478458	4.52392558815014	4.47374654757996	4.42181409908648	4.66822654262893	4.24295007543462	4.50183032373509
7.86274258486455	7.96510553084711	7.71612253764819	7.78331611310654	7.72088953107881	7.90876269698324	7.72490740881946	7.63959962742723	7.80613403352423	7.35604543603265	7.9186046849757	7.67397749798749
5.10045434074498	4.99006404769405	4.98977043507193	5.2050161647697	5.02098321890079	5.01749121505987	4.7641235796515	4.98093448698365	5.01392132323712	4.83064526244193	4.95987412552066	4.92637214544255
9.977409964007	9.94768897646184	10.0766611869527	9.89675174068574	9.82230173476976	9.84602810398915	9.90547767188339	9.92020844018397	9.86431729477243	10.1006157216493	9.91490644667225	9.91620432414499
4.24195550366759	4.34369262465121	4.04822265719463	4.19770527238112	4.49035324713824	4.45949199102341	4.35480790104848	4.42225271730456	4.26136203486073	4.47564492741068	4.24543433657123	4.40275381009364
7.25396318752051	7.24198474034437	7.3001653918239	7.36912072694726	7.2525634001803	7.31321538469843	7.51081765870787	7.57398858670928	7.53931588070989	7.52932675313494	7.70146315688516	7.66541660827237
5.18932171158289	5.00497802870446	5.09818959277381	4.97791498729791	5.33140984057738	4.90492767972723	4.79594747559471	5.00102053147955	4.91060409042333	4.95651733157339	5.23146902235495	5.24450330250068
4.32368209586899	4.12966552397844	3.91658152267452	3.97082456249602	4.1245164680344	3.94835509574151	4.10299694985559	4.18644690836715	4.02738734022254	4.15419709693613	3.81969939523862	4.14891382798393
10.4651685238232	10.4643931543334	10.5433921451295	10.4900740046528	10.4725099205576	10.4454120363919	10.4674654474435	10.475959049006	10.4867104163658	10.6831149575327	10.4454891384452	10.4930018996604
4.12576276436022	4.37387816095633	4.50675566864629	4.03640133552328	4.31473804244688	4.28127391185479	4.39045361940124	4.4711755671811	4.26331497585643	4.27712499374669	3.93101006309851	4.40818361331355
9.33465364468814	9.25746912913432	9.34699280025546	9.31467984742044	9.28899947172196	9.31566872873994	9.27655295557681	9.31522859893348	9.31334809455098	9.41491294869245	9.31408453970257	9.27908017104732
4.54477589855706	4.35772570863361	4.64164476926553	4.58746615136389	4.23283753559745	4.47747235565587	4.48949019248827	4.54865442696933	4.54950411426439	4.76638814876651	4.99544847738257	4.4661229759742
8.46578937584705	8.39395417249964	8.44627991608709	8.23499887561136	8.35012354112964	8.30909188276844	8.1917271878346	8.22688890639431	8.17573230580919	8.1491012485727	8.05653106647307	8.20082990287816
9.07632299724261	9.18581129442502	9.07936174997578	9.02182923707218	9.0888354263388	9.02308631092001	9.02480371681483	8.98621928582913	9.00453849857196	9.21000165118204	9.04419365560515	8.89620765497124
4.20821403744924	4.29440110436837	3.75768856307401	4.28567573985131	4.32843736669451	4.45244851644032	4.08852728997453	4.03683910500367	4.41699436679188	3.7310850512559	3.50986943615554	3.96971310586685
4.54335350286492	4.50067464685852	4.41037322597033	4.75699295993128	4.66237769532671	4.44852669332737	4.57499423062437	4.49385769293623	4.47092386520517	4.58018409673201	4.56471591481591	4.52326690724547
9.41774964426012	9.4271788233895	9.34371237077764	9.44094896308825	9.37764048476078	9.42831207320621	9.44786413800982	9.39421813579994	9.41875833130288	9.23984795476401	9.52169666061221	9.36306198719085
9.18896327846599	9.06923939549181	9.15974146392551	9.04672775929422	9.10812807782235	9.0819428582341	9.04452111199505	9.04427464377961	9.0317769409662	8.69294566736995	8.92432600219945	8.94124943247719
6.68046524824804	6.68163457763572	6.63826198967265	6.81389785305739	6.76729075845972	6.9078563868085	7.38580200396991	7.36564521422417	7.39044196645234	7.27275036353266	7.67457113052269	7.41912727412356
9.54693264045595	9.51446674250616	9.42258592772268	9.64604651344276	9.45483116166282	9.52498087296263	9.47825768620287	9.47690742494177	9.51741942381634	9.36773115069116	9.56222862264787	9.45596292497485
4.23265904065934	4.02976143999307	4.43749067986475	4.41764178555229	4.36095315534268	4.23431232075022	4.40280852911631	4.26893760187355	4.59482029955273	4.41432739577965	4.63137754791242	4.64620758807113
4.17279860288918	4.16079101290641	3.96389873412191	4.16667415954292	4.04000855973663	3.7959854242514	4.00274806800413	3.8755787386511	3.94458444562855	3.63398288299594	3.99696578160609	3.85373340536445
9.81506964755287	9.83948719087308	9.74816020793295	9.85716196915768	9.87124240510191	9.90572211869236	9.92333840688615	9.88181098000741	9.93964937736364	9.52280660195747	9.91611448803848	9.92894965200455
4.33528943475514	4.39676055302898	4.39616848854767	4.64402111447938	4.2702359368474	4.0836017855215	4.32852885312661	4.57771411440331	3.95753312536913	4.75286224610176	4.40387527545931	4.48461858419908
4.64162598160125	4.70426889959054	4.6698552853219	4.86800665196762	4.53053226480665	4.93047360678086	5.03216923020847	5.04913071224125	5.03410485669227	5.13686542514526	4.83781229356173	4.84393552063572
5.34616936704435	5.25793229506482	5.40286282044135	5.4125205084379	5.39455801999929	5.39353419087472	5.25422259813332	5.10934091842306	5.17824939919609	4.89182612059249	5.2947166206209	5.37363493264717
10.3108687076033	10.2624510643632	10.3092440384449	10.2139592807815	10.2599491134513	10.2948630920643	10.2895798612197	10.3244221453302	10.2408749223578	10.267505395322	10.1726093097003	10.3472043792562
9.41853928180421	9.41906392255133	9.54073463423687	9.51279454218935	9.47603158498528	9.41211491597874	9.4078574755015	9.35260130951529	9.43434327485179	9.88578225998824	9.43065119275282	9.40671832052696
5.64487464320835	5.83007537360186	5.83582773667713	5.80143704360331	5.57330490884116	5.64293882695457	5.74491832053366	5.71370153120281	5.75354751252716	5.6463124277139	5.81777685629249	5.77997157077239
9.38601550266151	9.4570630759166	9.38287901243848	9.47835062635756	9.41049424471311	9.43772414756199	9.49368303337495	9.42675023669154	9.46528900573568	9.28125873680097	9.4600334145285	9.44715513608073
4.7161982558198	4.79766810967729	5.30603680038351	4.82632594803534	4.86508622258629	5.04542685554304	4.70748343091052	4.77155390185607	4.72156226188022	5.01512574621878	5.12630691341238	4.96325345240022
4.65355252683272	4.93205652453722	4.81429191295248	5.19536741195861	4.87178614115595	4.95338243164533	5.03013900129303	4.90098928244645	4.90127385582265	4.96917621597618	5.0856245709723	5.10031194409336
3.93348703713583	3.97782102364243	3.38364446554225	3.86364992207288	4.19530954820569	4.13455149052176	4.0616478785881	4.23429165841735	4.08802295040413	3.60845117339168	3.52101093572258	3.94953265432546
4.31493614154279	4.48921754443974	4.69338864348642	4.45913175143244	4.32686860752411	4.30729963679602	4.30862331343834	4.30940587773094	4.29509344051787	4.20454217261976	4.25164486107768	4.35297215057173
8.9977576078688	8.90095476247348	8.99799774277511	8.98804922485624	8.99714306207879	8.98505293048463	8.80910602985369	8.79835584433017	8.87454945627179	8.57353215681515	8.98119495944765	8.89967559400582
5.05818193963441	5.33244353478653	5.27622399257966	5.24427974317173	5.12219838618118	5.25709901323491	5.1589158929692	4.92399257398854	5.08477733216554	5.09352226689198	5.31429620428575	4.99121154298279
8.80023104447513	8.94923324386666	8.84717671499864	8.96639387108403	8.83737064866954	8.86597476120598	8.73235597971778	8.7707638997747	8.83285547221423	9.01852392673978	8.88576261712039	8.7305947466165
7.34670741932031	7.44912811813799	7.45181990002503	7.61517936566258	7.49822971800514	7.49837194275937	7.38748301876598	7.3372646739319	7.41293304131253	7.14451271719631	7.45873658879995	7.33391610954295
4.96775480998437	4.8276264786797	4.89180597517859	4.81085214413902	4.78003876622044	4.8467405285846	4.67722640395527	4.74025813661079	4.70226132815486	4.72275685117744	4.6547984834103	4.75076172081353
5.01662046157694	5.10686634486969	5.35211899421873	5.04384191727818	5.11717346271094	5.07596549142492	4.98682955669893	4.64264307497875	4.86146367653092	5.00515959860408	4.79828412706498	4.89507307064852
8.7797360276364	8.88787726096755	8.82484881538011	8.88356761984897	8.76404852664861	8.73046562079623	8.86596351794916	8.79440015772296	8.797334430559	8.89499837689479	8.91423264909118	8.79669877327372
9.74514557797483	9.66141266951468	9.79583030429289	9.59412515175104	9.71294957901916	9.6760647434224	9.59712065226001	9.64217045977377	9.62088402887083	9.92192411188607	9.5277667091328	9.68383993159379
4.58035564316096	4.9002801221534	4.63437524075377	4.7008570651325	4.65956683423219	4.89602921214956	4.53289186151793	4.57853850614423	4.69340195579753	4.30007977341298	4.02609975003038	4.75686037351783
8.90604950017056	8.99289573359424	8.92977395327082	8.83846244599886	8.85457154185335	8.91780273595691	8.88531944010919	8.85383053217743	8.94506050282174	8.85001415378933	8.80838232480584	8.90180962322202
4.67351461688409	4.59511017637497	4.79750915198385	4.87980213277487	4.69006426679207	4.76110160382031	4.84868567096218	4.93715018464425	4.92659680359126	5.18119777531705	5.25356703969355	5.12359152415474
5.46467932913976	5.17172166307767	5.26366993491482	5.40481320701152	5.39326163964531	5.28838380183605	5.18830160134112	5.13825573118931	5.24397431330101	5.29880377234969	5.14652348286411	5.19610762832203
1.54951583549735	1.85630630439592	1.70951064574749	1.93316444470928	2.10704610737043	1.78201121832821	2.17141522381759	2.64710427796433	2.38039639067929	2.39311156907753	2.40119115642333	2.32128455368786
9.00994252155138	9.01933583177925	9.08369353335947	8.99181234939734	9.03392696343073	9.04971544162872	9.07725344293427	9.11570250975912	9.05147725015459	9.20224030820173	9.13587273201489	9.09191876269152
9.41680947336261	9.50641680132265	9.42275620061506	9.5165597240687	9.51554681053963	9.56620157382699	9.57529075413257	9.49666098383056	9.49277391490525	9.33715223369317	9.44489178186275	9.57553094090036
8.73618822704371	8.86811817321512	8.83877829016658	8.97012292450198	8.73928476189101	8.76167088872928	8.69846339151416	8.76103810883522	8.72904822009646	9.0489842177402	8.61015779557075	8.63374959204723
6.85818493546155	6.9368791110677	6.77534373377605	6.80727049924266	6.75024618887897	6.75398870624671	6.61720617705191	6.58490334815711	6.62412669114108	6.30503047310575	6.20692682027602	6.4368377760468
5.12297410541075	5.39310957993995	5.3396337786574	5.3331515285254	5.17889817108853	5.14547748298938	4.96998656204534	5.01077521791265	5.01071485449634	4.89769394271042	5.1420904242073	5.47290548402797
5.26639575902492	5.31358619904257	5.32237032946921	5.32161715474808	5.27581983950394	5.1983769886417	5.3517780151852	5.18498939603279	5.1022539827012	5.2339264836192	5.52618877324944	5.49092021938116
8.8199731566214	8.80919314443029	8.67438480328431	9.00940042180651	8.88580704034401	8.78385349540181	8.84387846196548	8.81737488978496	8.87761561274525	8.94425352767641	8.86152916803353	8.87395069915175
3.53932393559437	3.38337067131786	3.77117522890988	3.22924186740192	3.13698498636031	3.26546429004011	3.52045642500812	3.51219814884171	3.73512870473633	3.36919255031328	3.52320446020575	3.55857752073185
9.78709361613999	9.75331347094654	9.76179437238251	9.56678143640607	9.65823429408387	9.64011278950984	9.62171771817227	9.66884358311985	9.64771525067329	9.64983634374684	9.6194798249237	9.65376246602326
7.80978953710051	7.89805875937182	7.80826482294925	7.87980052982674	7.89765733185771	7.79772202954665	7.63960304778739	7.67779142154166	7.66898466129689	8.14840118322705	7.50897497737382	7.70331486822478
5.6210495769613	5.4280518987067	5.30214236516741	5.47876044035882	5.53700480558299	5.58155949052285	5.5418079028724	5.61315710772941	5.52354154027987	5.58069951857728	5.67559695012291	5.75764079621702
4.94336321625309	4.94302284189483	5.29435337250231	4.84950297294243	5.10077546305778	5.02176852484877	4.79866657963859	5.02199164375657	4.93838193041957	4.87918312541818	4.73238619605718	4.79244349721493
4.64686920451492	4.3424447113352	4.38574942647214	4.68798988358303	4.82720566151066	4.75318690521081	4.69437352671778	4.69183913757808	4.76240977451352	4.4640691291159	4.18416574553125	4.53307789871693
9.63955596841518	9.603583549343	9.66936074452258	9.60316292134264	9.58145251785402	9.61701489588539	9.64423687284395	9.60874952415331	9.61016122463671	9.73198946235065	9.55345154630555	9.66058832225089
5.43111795091707	5.23649640746581	5.33463336777822	5.2769823271504	5.6767253438572	5.41125668007744	5.23989263861676	5.24530940561561	5.45490763245273	5.72737390436246	5.46699202051696	5.49778101967331
4.49348563821106	4.69005390024978	4.8864543897171	4.51033024447699	4.46687795210744	4.6648987529365	4.39445673070113	4.42130562677543	4.64876615560927	4.79980590528092	4.75638496150924	4.65948563326742
5.82208932686447	5.93775519207189	5.81765203434563	5.76518188801553	5.58742183077181	5.74019356550033	5.50265167047435	5.50788302800208	5.43299744501064	5.58351278181575	5.73720410909511	5.60227820240458
7.77781902109541	7.75454348011404	7.78550989751601	7.80556563223977	7.78198386008308	7.79608379862991	7.60718967716425	7.71799101501079	7.6225206142092	7.61798235401464	7.65120073749488	7.58306498618445
4.84847548032957	5.05179142761804	5.06008172694388	4.63291603574416	4.69386219105284	4.76534249541544	4.58445182019326	4.46153590308618	4.62426798811362	4.75870057323878	5.01086479306393	4.52926109206746
7.90209304170466	8.04701082341862	8.02349862663394	8.20362565517875	7.95804134865419	7.98481203453662	7.8070775561217	7.78668206930874	7.86783751519812	8.17019529707902	7.90806368662309	7.83230587834467
5.06863555568521	5.03909792488335	4.90274457254372	4.71143498601783	5.13033190901511	4.95608854506747	4.92022612997131	4.96924774976594	4.57098706427886	4.66223171115411	4.80425239611896	5.01267651614513
5.62767144062138	5.61515694533882	5.60146844502216	5.43105111353574	5.39626540776046	5.23778537263023	5.39594603568963	5.25893236621133	5.22415487839949	5.38795366120021	5.43799692167765	5.22876786240699
5.56561581011561	5.43881402159068	5.3017425926073	5.32795540781081	5.16339355521041	5.26119502390572	5.32588262888747	5.31760734924832	5.28491814603249	4.9953060656954	4.94490624485671	5.07689463462634
5.27062407404302	5.12690305351604	5.23464783636439	5.46619394692356	5.25648356793062	5.28028823223506	5.64485822933774	5.6394816216483	5.77387508244789	6.39619919056241	5.96255550348798	6.28603266379839
4.38487368962078	4.34759760790823	4.43762540832966	4.26569771440484	4.75420162796876	4.66924593452729	4.3605609542397	4.30804184965646	4.22278631191125	4.31018769898167	4.27937407766862	4.34941768420237
8.79321382935708	8.88614393724383	8.69210788074432	8.89575139633236	8.70915621163358	8.79953275932553	8.7057885541539	8.67419513435659	8.70867352987712	8.97046554678633	8.62838355433674	8.66365527366684
4.0010344907722	4.04096512253578	4.05787983039892	4.07170871581883	4.394538179984	4.34917363403168	4.06398051287885	4.41409964662159	4.32302639923738	4.63216769853231	4.22623534165165	4.28633944298505
4.1529551165687	4.52667824578313	4.49840010054419	4.57161781558602	4.4596003376267	4.52029173685384	4.36409580421421	4.62609590231162	4.42215910764777	4.63619756597514	4.53065986784627	4.43088475468468
3.98559170148247	4.22658337543339	4.09983228426554	4.04906921775653	3.86077890495129	3.99367179046339	4.45390467470057	4.08153275437367	3.89323423899117	3.95494628321162	4.69001888082538	4.26579181707322
4.75872810091951	4.47532168698771	4.60068430899277	4.57744379123136	4.65159144195277	4.63064695559171	4.73139486135382	4.66972340023867	4.63901466846244	4.73585001842338	4.55153830529004	4.56796601458767
7.94696041023745	8.01067920277174	7.94965978683929	7.96546121117856	7.88413462106911	7.94924001590004	7.94115062363373	7.87351381815226	7.85419603642505	7.67750089359433	7.94766734776408	7.87719492531073
7.47781226987648	7.51172742700758	7.4792481614214	7.65037545258856	7.52280299996008	7.43222146989348	7.94946772694884	7.95901969052747	7.97171297425251	7.63791031263446	8.27521364022321	7.99963298575877
9.61596317160323	9.56742452722958	9.67534293679802	9.53933352764998	9.61437288031758	9.63303894288234	9.58137752699928	9.67885957920058	9.60986012148706	9.77562375694058	9.62296875957306	9.66961238823922
4.5216338802165	4.55697928610989	4.53812638324659	4.59791185250863	4.47541568439477	4.49575274222231	4.49466172612232	4.34168132482922	4.26602216744883	4.59039369361026	4.59849145215662	4.42936759814109
4.66717778904468	4.64265666389238	4.78279429499753	5.00594467575274	4.78430443927899	4.77423327318235	4.77862243337509	4.49630949098526	4.5790210874622	4.76209636107306	4.74664403587562	4.78955828532793
9.60233256109296	9.54621231251528	9.55742963928664	9.59765760010466	9.56874549639646	9.54067823843617	9.57638858435466	9.55096529087217	9.56412688338469	9.57230208497805	9.58105100673541	9.59663985960333
4.66358168990133	4.63492226197318	4.47037933629945	4.44019706428883	4.73049986844433	4.49791450846929	4.65844121242769	4.61002679618549	4.66710085364601	4.55081855951361	4.56434677299387	4.76847133303979
8.65950463590736	8.6818946789084	8.61296215271301	8.82562779499471	8.63309316898578	8.61457684088209	8.64328921627762	8.66755945183731	8.69413103900892	8.47131510605087	8.70568611125851	8.50670992736436
4.4457983710208	4.6349771893494	4.66977148117855	4.62750970502386	4.69559128511807	4.61455386788196	4.39533049621683	4.53543828234829	4.40579349926163	4.90927304618809	4.90160622133285	4.43194869691685
8.33082625940077	8.40700879030344	8.41771275568411	8.43167197993698	8.47506729532015	8.39785963380727	8.38626286693952	8.40292223947623	8.38752395368572	8.67019965986554	8.28735706939546	8.39534327973502
3.84454287474428	3.2517241508833	2.90640302191533	3.22901154112582	3.36278399001007	3.84010122093943	3.77716997255426	3.85702154649404	3.42633455936493	2.93159334418307	3.10246872443949	3.94468315500795
9.14347170161542	9.05695040021932	9.12082034129763	8.94757279831927	9.04856089370375	8.98875542417894	8.98592872507655	9.0182314594214	8.96174074833073	9.10972364378959	9.05335917161603	9.15507503931669
5.25208831475394	5.31602988732168	5.13695219039144	4.99186859342857	5.1711138940165	5.44841601741273	5.28036580402063	5.12166268240491	5.2433409883719	5.15057675210539	5.08510948433385	4.92109945550805
5.11881530605793	4.912349836757	4.70030304306247	4.72019538409809	5.01457245017461	5.21061094693997	4.78771201227503	4.72950447556441	4.86318031529658	4.61423622205403	4.29068090360485	4.73660840615702
4.0796408907751	3.83289396263541	3.97410126047935	4.11970984540613	3.97016132186326	4.22358260856116	4.06196969926855	4.28141608959237	4.42759811655201	3.79644404753988	4.10724614669626	4.21860484851691
4.56627203503539	4.56248204221177	5.05841769784622	5.05698721595711	4.75268896096185	4.83155828565273	4.73856943357214	4.94819611995622	4.86214884134121	4.65095585180473	4.90976504147405	5.00927426445946
5.10889605284591	5.05732467026067	5.15053987120528	5.30342750160671	5.24829896206816	4.97953417357741	5.49032847520793	5.34363186222942	5.22307075711579	5.47057564578718	5.13514497697469	5.18233762406009
8.28091473343796	8.13793183126281	8.08627376649175	8.17328927951195	8.17173276899444	8.15288946818417	8.12160956924573	8.08486134386148	8.12951849507085	7.97228479980129	8.09842278548695	8.19130982167078
4.43744928411453	4.22050935116711	4.37618848264318	4.09293810931893	4.22823286626787	4.53664490400693	4.32303229256883	4.21811894487228	4.22591809824578	4.40844004181879	4.23604538061007	4.50658464238349
7.43175302515977	7.46134867688255	7.31545786562104	7.46462684920461	7.51699023548159	7.53100415688184	7.7434510134679	7.69212328723267	7.65285654552226	7.4241610716251	7.87521470005011	7.69070148563523
8.01018123262442	8.02956146704281	7.95689397195745	7.90730914781502	7.93464483896511	7.89193462844662	7.77002494916109	7.75765746801294	7.6814868958765	7.95180861308707	7.70028857034451	7.64612620438483
5.06989190113779	5.20862081666152	5.3704924670697	5.85580427732446	5.39912694586141	5.50232732906746	5.96341545349424	5.99851175393109	6.08124949653079	5.83410538907469	5.81206331107581	5.97364227799363
9.10434628799375	9.12105651443605	9.05538276236309	9.4152475035744	9.14480830318775	9.21811306753562	9.41096583699544	9.39057998236788	9.43437482861517	9.19632196166671	9.31915686486767	9.35763213295286
4.49667473401557	4.36597178231091	4.39898077427018	4.38959825456904	4.24382467807163	4.41701203960815	4.64790828208654	4.54390767514844	4.54598384444622	4.66498912990765	4.20903797744345	4.0895846260311
5.18609499396932	5.00130603508215	4.93330591888142	4.60930346497396	4.84929909833168	4.88111261143121	4.78853702062076	4.76742220881195	4.69275903190249	4.59105154980292	4.72229473483947	4.56465056073493
4.49674288576876	4.74490722183881	4.64782356407037	5.03027883998174	4.62563380199458	4.68833421800954	5.29785709366992	5.21307636276232	4.94185887806346	5.05112888279437	4.81406815126982	4.95595644618766
8.62206328824377	8.63322121921274	8.78701624902546	8.672512937581	8.82633395721247	8.83948939375365	9.01283203244549	8.99869126659606	9.03880705239057	9.22431059512394	8.96196048014308	9.02521271176973
8.78619797826138	8.930982402418	8.81753821408049	8.94227305874648	8.77307456960588	8.85476338746549	8.8432962905958	8.80731939155522	8.80657483140781	8.80581541473684	8.786511811327	8.71683699784225
8.86006060864072	8.90369709174847	8.99864217263611	9.10494120379041	9.09634092993712	9.00560844513999	9.17723633747026	9.1683001291172	9.15012373191431	9.12280086712596	9.18351174001131	9.19661528795245
8.50287702971254	8.5427956774994	8.44096119235931	8.61337927217538	8.39017265270371	8.48297850068048	8.32634585762822	8.231048978944	8.32675293217832	8.53603817124233	8.17302281841066	8.31139578776303
6.67023404671001	6.61030653600598	6.86151298655279	6.86606316487244	6.91235249297155	7.01131678390957	7.40113377505252	7.32018151295741	7.40390949880712	7.64516348008444	7.216326431861	7.54925939329414
4.66349846791722	4.6820240842028	4.84383993660209	4.81917192596451	4.65045299894348	4.65304369010774	4.69210022499064	4.59491281283396	4.71445686902769	4.70606377526566	4.7431662762716	4.71121028453396
5.77728866251517	5.64998971324157	3.45208081287771	4.81869210498246	4.2255095259434	4.01377551391036	5.23117470903901	5.36436342233449	4.06893463594677	3.94220399075803	3.06942125201657	3.21684507452314
5.39132807501236	5.19034053627068	5.03612439906516	5.15612409723275	5.17385341983519	5.10511015829879	5.04468710551032	4.96865143074825	4.95320506390693	4.90214916121176	4.83662462280874	5.09022308044988
9.55710042687919	9.56389444967712	9.58450294874737	9.49834861252338	9.52063993099532	9.55375521961121	9.55374998573	9.59212796030462	9.54186514589799	9.74484050172012	9.64852693637283	9.66371004934734
10.2112329301335	10.1398116440504	10.1764758039482	10.2055889068507	10.1998366700225	10.1077410248679	10.1242351984222	10.1175133527564	10.1408890665856	10.2280701491476	10.071355720625	10.2262409657525
4.76003555511997	4.48001032262471	4.58466430828811	4.346225200141	4.66086253086111	4.51726102773077	4.35523536063848	4.42852472493957	4.4543810180291	4.55302262755756	3.87550906521273	4.46240955078238
4.3505205346777	4.72986466027572	4.28681345189434	4.75986488916183	4.63751431747206	4.59154263177257	4.81167584226985	4.54563705158346	4.67518513638933	4.77641450437601	4.66207553810196	4.62119532731632
4.42016420862244	4.56663540908222	4.75316102732391	4.73791638634062	4.51322807280148	4.43525628174402	4.67162584406686	4.57643087113008	4.76744083265005	4.82246051085569	4.9419324679357	4.60520995743139
4.29880321383207	4.07717168150421	4.48630672784372	4.42146638520692	4.43350113155827	4.50860281946216	4.51416133050981	4.41519815881643	4.45293380701424	4.6509682976118	4.76034688499181	4.84843135395019
4.56021381072861	4.60430976209678	4.64228725865458	4.53526141596072	4.57834979158903	4.63316134975565	4.44964244220589	4.50427883371741	4.4078241440721	4.686172057814	4.60490182582592	4.53509975849263
5.20266432636461	5.16629983532538	5.02676083940991	5.35622860358757	5.14202910130182	5.05123427805699	5.28695263078193	5.09344170368211	5.14158873928412	5.0805009836741	5.26858043727019	5.15298627592422
8.70020285134533	8.68370449919663	8.5978219009014	8.92808413356392	8.79009987649556	8.82444755477454	8.84759425875712	8.95565477124072	8.90023077444006	8.48703814927753	9.00404326071298	8.73733187594048
5.86236935150006	5.73576380513791	5.80459733567173	6.24650565413111	6.09658944110436	6.10372591316917	6.7358785116876	6.74198071961853	6.79152435184388	6.27636591054967	6.66489403777954	6.55448671927403
8.2211669371382	8.18125945284005	8.2949430192301	8.11980800937042	8.24735772552606	8.24756812820188	8.13360838119385	8.17168000236158	8.11178655049215	8.087971950732	8.19572853807966	8.19438598322025
6.36498896058813	6.29733424394607	6.33366768505354	5.98124836874721	6.16884924296921	6.17958728084194	5.99576174088633	5.99415422971637	6.00231733158135	6.30655383520127	5.66295740270506	5.74312999943476
4.85447877703872	4.87671484003433	4.93323062733997	4.38900897433925	4.84918110092095	4.81639587585065	4.84936122482219	4.6318047922805	4.84825295560459	4.89285709412218	4.85299023381118	4.78336559158423
4.91070289382528	4.61350242413779	5.09780343915659	4.98462626601234	5.13975794345211	5.03366852085514	4.80475637704055	5.02887621699292	4.73552434665318	4.94838993549869	5.1188869497454	5.09951351173353
4.71780942545551	4.76026221142493	4.31488710162139	5.02216644477368	4.93062506235941	4.89725336636466	5.19871386382787	5.24449766979454	5.05793812257193	5.11966265447604	4.82937096737545	4.92204399735125
8.6699272569531	8.65920994090686	8.5548089974974	8.59946641180228	8.59771365269247	8.56768371068823	8.54278718743844	8.47395832306821	8.57967860606445	8.28718369020562	8.61450311993125	8.56521916575833
7.20472233715136	7.15614785316643	7.13678206223261	7.24971663274043	7.13420613571474	7.16839641959696	7.18573699086525	7.1796191481658	7.22832241358411	7.05520074951352	7.08214889700218	6.92515461252141
5.56686038616987	5.50041706814728	5.59472214477153	5.72151391429072	5.83883545364998	5.66541623263949	5.86472681140183	5.80304190135651	5.96517147800486	6.28040667218865	5.96266100855427	6.04566364904649
4.85684799237503	4.90609663877455	4.88263666021215	5.27554715618755	5.09676798702108	5.17338463285206	5.28706118258836	5.22849938484739	5.12586891400296	5.07904685530022	5.20874082248279	5.17417066805937
8.63223212284357	8.64525042735831	8.5867315509529	8.86362152735749	8.75143297793725	8.82361059723238	8.8438744698011	8.82432094109862	8.82655227288757	8.5590284864833	9.01074017071425	8.75967217796885
4.932733652749	4.90372595944862	4.91926918081101	4.79128229619434	4.97291629988388	4.95113981470885	4.90937690617081	4.87147133599773	4.77366322266603	4.66118458004604	4.73642413773911	4.88613040364924
9.05690509378432	8.89809143845743	9.02714675192686	8.90498798522624	8.99036691212133	8.97649529461551	8.93027199093009	9.00836553611741	8.91134655979757	9.03429866218163	8.88399909045888	8.9585195178675
5.69136651829888	5.4185213529456	5.53512262417608	5.79558045385871	5.56201346128545	5.59878429206474	5.37819116618953	5.45046270991218	5.43793870002218	5.34188098076337	5.54748580371061	5.54479308298888
9.32442644525741	9.3626633051014	9.32200145812192	9.32815951484694	9.31888329085099	9.29923120525962	9.27719998589665	9.30263516547597	9.26413839690537	9.03001380143386	9.27487898744196	9.15488452579327
4.43809628510357	4.61756211076052	4.59294455025194	4.43807497469499	4.45653779640037	4.5300002048357	4.51880402905438	4.85122617728667	4.66084110464871	4.37295388000167	4.53780653492351	4.56348952204795
4.79905085375841	4.93171931447855	4.38701056820512	4.83167631385643	4.34097027510829	4.59630028467127	5.24255718996399	5.25922586805939	4.75451650392968	4.86098999887658	4.99257350670399	3.97800903143858
4.57364912487564	4.47062805240118	4.64165734297742	4.53500387228478	4.75712498075336	4.25736545401832	4.64534958977571	4.55945491134307	4.49060408206575	4.65471616420896	4.69586775934485	4.37775277238719
4.14972357325406	4.37688005759258	4.68044774641921	4.81506989954075	4.55775610423226	4.2470546235197	4.52427016300321	4.42223617512087	4.802606371269	4.89034526750039	4.99577003359124	4.68627412171369
9.80289068161043	9.742727536479	9.68300701315157	9.65999955339717	9.74619202797076	9.74196323495359	9.70892030799841	9.74347536680334	9.75318213045907	9.82093742809869	9.67640980733846	9.812712814371
4.92582127070819	4.96747531068914	4.94087857545921	5.16847032766654	5.22468281789679	4.98387560283959	5.20831760611566	5.07799785613611	5.16548269803018	5.47410294326007	5.58955495332551	5.43041451942196
7.6853879400648	7.75711280610025	7.59342537548732	7.93810943043278	7.57525491993408	7.71717072116091	7.65787067905601	7.52366317624397	7.63516544838476	7.30384028635	7.62627509333422	7.55092064121962
4.46164053942281	4.78013823003774	4.4706306406524	4.60226729079468	4.28869478022576	4.35673836326227	4.79727513378041	4.57842323777815	4.71056334499521	4.73293965100993	5.09312336928908	4.41711050277247
4.2708079908978	4.4065974113837	4.07929658727419	4.10964649517769	4.3154691666394	4.43999591530505	4.16242275367136	4.4938801674157	4.38767005563101	4.27618593464171	3.9980027820332	4.4959935917186
8.88243208581626	8.92973418409464	8.8990479658901	8.91149034214168	8.90121279548074	8.86209954515316	8.73263113041446	8.77063571601002	8.75619276249709	8.83999367951047	8.66106707343855	8.80565792712334
3.68765766392944	3.21688612353524	3.17551247224739	3.43755656010621	3.48813932958505	3.80147078849257	3.59890024812795	3.89267710658101	3.76966449989765	3.50606154859909	2.73229732427485	3.15428381694325
4.9843546267233	5.19593246763426	4.97209783438571	5.09078174988662	4.93213963919722	4.87624508729838	5.07674234019748	4.79428313917693	4.97830908176861	4.99767161510672	5.23864215753558	4.85265128224897
7.7529696590315	7.84108381218944	7.87017086770855	7.87735571934713	7.95959729408673	7.97806553717873	8.02823662127673	7.95853705100449	7.99630260485214	8.60079725423895	8.02617473461897	8.18764040312752
6.59681242612027	6.49894729311204	6.41993931223893	6.24230322888032	6.33144574040417	6.39755733737607	6.14486377295954	6.1854936939156	6.21084586181383	6.2414888466253	6.17042593442137	6.27775777319152
4.05045235437867	4.46698366990651	4.18884006978334	4.73003625601652	4.77604934308395	4.83229754981101	4.86801996688543	4.88501364988609	5.11215973922332	4.96765349898754	4.95315349649767	5.2221623447815
8.89050493803624	8.8587136695685	8.92455477863832	8.83941793510822	8.8290328547113	8.83743372500747	8.72374806035767	8.75279709852394	8.77476346740604	9.13768096909622	8.85849893029666	8.75527421697706
4.36675078433876	4.48296733731384	4.39901814113429	4.5369846320095	4.21934246073929	4.01225324063272	4.30527824859787	4.35175904630924	4.20379414432091	4.14047193872718	4.14083139599336	3.97005808707634
4.80045380380614	4.70419587382743	5.18194216883481	5.13987426553605	4.86851407247396	4.92003472859486	4.67900606476901	4.66915935887891	4.72409934143158	5.04285247878623	4.74441463787163	4.78919199356656
7.63014361475984	7.62135278876736	7.7526965258935	7.32783410388792	7.61124785678088	7.6817596167962	7.51841655204305	7.54450580397975	7.5055889707255	7.86490639780262	7.45694938855021	7.74656535210358
4.00436116093929	3.80157409122372	3.96472479654929	3.66457668739296	4.32482430007336	4.16002565648643	4.24624473415171	3.99337831345499	4.28682851882619	3.61347016370721	3.50977947503803	4.16055870372852
8.87557180383872	8.91193702317048	8.81396928771331	8.84202992142979	8.94699415002856	8.96069431527962	8.85809518359079	8.79645177119217	8.8390751877953	8.42095562856575	8.84248657163774	8.77030072356117
6.18216018696794	6.11323843009605	6.28593147710976	6.04794279595061	6.1561242718099	6.06390041168771	5.83631359315042	5.94748369571099	5.5859331262422	5.8920454919262	5.34217068028278	5.99991745781864
8.66410854574863	8.6759717567365	8.81145630934447	8.54979544671588	8.64085623194635	8.64102671422127	8.6687594982808	8.61553289898906	8.62817015572894	9.01955627132992	8.65678885242727	8.59336585694876
4.30675423349844	4.05781898619018	4.26296990376332	4.28929253223224	4.29910059210237	4.42528724255202	4.19497625135917	4.5319192202459	4.49647949618931	3.72893603269995	3.49461425244166	4.09796744051798
4.69279432812727	5.00769688283966	4.89647775116916	4.68121686968576	4.66539993144615	4.64319121076135	4.74779873105482	4.704730172414	4.81257334514828	4.62204768548351	4.77788011726606	4.43443810055194
8.61617981267434	8.59548124492715	8.60852110983149	8.72395019711354	8.69983095384596	8.636595802313	8.68497676425176	8.60911060334861	8.61266992517864	8.42127091919498	8.92732837028627	8.63543001800741
4.38153826900242	4.46000360380018	4.03210647189442	3.97357907629774	4.29261927310511	4.11781757753264	4.03118905871117	4.08106022473414	4.17108254689661	4.03581389334823	4.07363482597398	4.04481146590713
8.81941039965868	8.89258196829979	8.82447412099405	9.12324298732634	8.98098300207215	9.03389326328955	9.09435661527649	9.04279857641982	9.16808130637242	9.57523683485447	8.9031148275289	9.10372930850628
5.0042380755083	5.03897701354168	4.88221946582739	4.81486580965142	4.93737508084954	4.89396378180501	4.8775639732034	4.9852920619594	4.73057456590518	4.85428534236009	5.02184773632082	4.68135006823759
4.294002740671	4.20604532811053	4.02801280488739	4.11977504885461	4.37152295714069	4.29936985486854	4.04842282382446	4.15702078700538	4.17296091858686	3.76368314343579	3.76927571585527	3.88321966802747
9.57926005168818	9.46004497996116	9.59414933732985	9.55322908995032	9.53807158844371	9.55180645191346	9.48722908495438	9.53699604785482	9.49300878205401	9.71576714856922	9.48386559704104	9.53759635829202
4.89094944389039	4.87591892883425	4.93200276984153	5.01504457143734	4.99231247123053	4.96889834465239	4.93940846470042	5.19387372359803	5.04074924783993	4.93620532215746	4.89419222949679	5.20882711740788
9.64703541918618	9.58088161840333	9.61708771699437	9.52952362693567	9.54479436503205	9.5891197287595	9.49859986178364	9.56430703160926	9.50961901525494	9.15376713822428	9.65850866221348	9.54058308548712
4.5763164170096	4.21165386697796	4.24239264363407	4.28467839775333	4.72135200056018	4.59575444594766	4.6260441712255	4.87222484709938	4.4225302902703	4.46685053878981	3.99543594399987	4.62443906118713
8.94621435839451	8.93096604288158	8.9944460771828	8.97105518857818	8.97311540019943	9.0006111577626	8.9728474864696	8.90098853638677	8.9897396973713	9.27077662798401	8.92678467953501	8.94643958164703
7.76879738568592	7.78229665634792	7.66853978325847	7.92268628561893	7.68439576833612	7.72781999837318	7.88548241461321	7.77299035567682	7.77883929587576	7.50130959499303	8.0443374470972	7.7029213795632
5.64651621588012	5.7055932159835	5.97707719489372	5.71378393740234	5.65929160799273	5.77400859598677	5.80154474075468	5.74922342325461	5.55150721516865	5.81776565650326	5.88722052096893	5.74115336678923
3.92615063654287	3.89662275610838	4.12280156395349	4.25069868623896	3.71571406744653	3.69475534958531	3.92803791423922	4.08636043426179	4.11141998841947	3.96583233386715	4.60689047116999	3.77838308411998
8.55611158811615	8.53781587718012	8.47426506582066	8.56063999360286	8.51687240698764	8.48435253188	8.34241805144923	8.30918103868124	8.27004417863286	8.5206709247651	8.19054978876146	8.40093191552791
6.68899493626552	6.61913271198096	6.54399995535398	6.70492202185568	6.56919401349287	6.48414834968111	6.41270466886458	6.41181735288241	6.43913626063764	6.7313328955542	6.54214315521015	6.33066115661179
6.22713707342293	6.10113393665196	6.21653066473415	5.97712272210996	6.18891479618866	6.33828192430033	6.10505120278459	6.17153564759737	6.14807939189258	6.12320573059253	5.93871216509915	6.21987297918343
8.98494247437408	8.97144302665584	8.90399692151498	8.85753341810943	8.82276146235908	8.8011159129166	8.7996367597706	8.80773589224687	8.75779028651078	8.88267286609596	8.77616228808726	8.84705657480144
4.58977768477463	4.66666770848832	4.55493975314649	4.87209170676564	4.81988523594016	4.57357658583894	4.66098087615281	4.71663119758806	4.44432468860772	4.71191682190684	4.72474873478519	4.77266774549162
9.48451206041576	9.49413077387247	9.43303621758697	9.54624413461729	9.41080758314328	9.46703524736661	9.44964285776029	9.40639921922154	9.43524631112144	9.00045117340004	9.51674489531085	9.34653602846985
4.71679245063191	4.81042799205929	4.98265536079101	4.71193022762569	5.00032175935663	5.08353660805253	4.83936072429083	4.88609550568154	4.87332227130162	5.29870202696407	4.8443403092868	4.87104349229683
3.99838214501724	3.93634786385104	3.92443328965505	4.11362167271446	3.94541175260795	3.87172149829472	3.81031281256013	3.68908747989991	3.97508801597512	4.14400373645775	3.77990054366421	4.05030975332611
5.31376130869681	5.21393135263443	5.14324976517335	5.19358322710394	5.47512089519316	5.36192988980807	5.23342114487909	5.23945846413177	5.06526962704064	4.79304140107728	4.8262134268014	4.97213778480664
4.10525367762123	4.73882031681872	4.3108270115844	4.74589826870318	4.68785262878214	4.55691695764197	4.60123238051448	4.5808314725912	4.3430498377868	4.51556577611114	4.92279222470882	4.54937080125883
4.68537842425141	4.9728025936851	5.16710321916871	4.81420717129664	4.9550553351172	4.85947149244976	4.82009194515892	4.87073142156794	4.78101737234322	5.07526019924669	4.4993319430193	4.99530683747261
5.28927376115346	5.09100682460578	5.03172234292389	5.39854309054602	5.34338108572554	5.59894189950641	6.15632052707902	6.25349098792076	6.19744238641696	6.85396443119005	6.23199116571139	6.58155093802571
9.62479172982434	9.52942141085119	9.67654607654086	9.33895484873196	9.46595660488558	9.43176170545641	9.42932322898198	9.51886490735371	9.13261130200644	9.48778459715109	9.2973872615712	9.4496872638089
8.81409420441761	8.80336901569306	8.80412039656114	9.02476800797894	8.94842465180676	8.91289325582976	8.98704037016135	8.95879390094948	9.00031920054581	9.11243264514683	8.95990625344295	8.9650927866913
5.10759566233051	5.06375018684609	4.91888965739159	5.20415286641446	4.915693794751	4.87078503652616	4.69443665213217	4.99790474758625	4.90086790347974	5.01133836950739	4.98210674411018	4.8347870543743
9.24238611783532	9.17273921656053	9.23078947521917	9.30988929476085	9.25312492359823	9.2591303377792	9.23960928247431	9.24960923245635	9.27531072514057	9.2852277877352	9.25779262552117	9.21250889474286
4.08653792711747	4.42014941678188	4.03836522428479	4.06260523471675	3.93802081695796	4.09857557685722	3.91328057699964	4.05568438656353	4.34325529007821	3.90704951823394	3.27606436210717	3.93764836529475
6.19783426019284	6.14766037158461	6.25533710396283	6.72545618590204	6.51094748755791	6.56495310301408	6.85130269891301	6.8643678646097	6.82674121409196	7.05340249346568	6.73280868671885	6.88636919065951
3.91953080720022	4.18000686996111	3.77238224471677	4.57622149592182	4.20366756416571	4.2785677716888	4.27119834423302	4.31355250679063	4.45230119619871	4.49858342668921	4.19945086512091	4.48443216692341
5.05766317456144	5.08970422977247	5.13484634035618	5.40403783155578	5.08723069179713	5.35002615088346	5.2576552267878	5.08943351885535	5.26269894885197	5.35067634739608	5.51623677049509	5.30113923551359
4.55236345714229	4.24377365273923	4.39731865656258	4.44658560632752	4.25666472274427	4.40029988088085	4.48276472575717	4.30768701812568	4.17310986059393	4.37175636971043	4.45992812104037	4.69529580639142
4.76969678454515	4.72247113908412	4.99255804836129	4.66873503086316	4.79272357608913	4.78290785349625	4.73240006991705	4.48595216017115	4.70544638132911	5.06335216906586	4.36405526827687	4.50566122169681
6.85098956593194	6.68594565562158	6.86948874020635	6.7579835929706	6.89183023831133	6.92054960252551	6.8327353265181	6.90977055577723	6.8222501285446	6.46885653843919	6.24640727770876	6.5643337888632
6.63951666952998	6.61296427638284	6.50336524505017	6.32052481613377	6.49783007180086	6.55442409157868	6.08640816661761	6.3757138568514	6.21655072462768	5.65315224113934	5.97082539220202	6.26993376987966
9.5485846011959	9.53944765839575	9.67354822564731	9.56312651911195	9.54624498526405	9.55623477095456	9.48646724809521	9.52984184670833	9.49444715866704	9.68058190880809	9.51392759858988	9.48713287186879
4.73551352949145	4.83202787096517	4.7196301357085	4.77236223032537	4.82686883758499	4.63303686079031	4.547736615347	4.54430436403621	4.69998931503942	4.53317627307782	4.44070299856913	4.51221650356222
7.79935788724377	7.82545271452768	7.96098378093737	7.7608839590939	8.01475134632974	7.96046369750126	7.72358805761414	7.66908937135367	7.69280051580279	7.93256922595195	7.35787313473862	7.68187561817044
9.90966337127976	9.8608460369329	9.85732303301193	9.8076505327091	9.7620074876157	9.8183473869001	9.78284229480774	9.80004437947738	9.77906287115662	9.80157851136048	9.88817343876121	9.79110260419359
9.18126271239746	9.19632559411162	9.12119820153399	9.1680351038445	9.1534127848827	9.18429441955289	9.17638992155154	9.14050132586423	9.13984784159234	9.44626708613932	9.0700014987698	9.18787553853083
8.77500296345415	8.83218731829487	8.85461743414731	8.92587083991554	8.87272454739781	8.90184497624005	8.79724668498746	8.72480095250959	8.81712522729088	9.16455341848845	8.82496728420635	8.86901957230605
9.38483051969245	9.40255553841391	9.36198837573748	9.43055961841832	9.33389989504688	9.37531123831108	9.29153873151491	9.26909826268984	9.31705289964147	9.45651222886915	9.32719668317324	9.2824618003632
3.36717264007155	3.80157967697956	3.65565994584167	3.49861434297222	3.77897636938157	3.70424124760648	3.58805100326919	3.88754070443959	3.6594590702976	3.18462797306934	3.81938569974628	3.5363226801715
9.21212547704806	9.22010101084871	9.36925562854195	9.23597970846607	9.29987871427364	9.28178769625515	9.41896639479004	9.28035090839115	9.38712252254619	9.90051052095353	9.46344716543212	9.49598312328407
9.42133948053216	9.45684601666639	9.24311232485184	9.4882565994649	9.47648564433352	9.53025253874752	9.67901065711911	9.6366917491874	9.65055379637116	9.24102115575669	9.71511199755204	9.62113048956076
8.64875768064732	8.69987632129301	8.59462446749906	8.73750831322356	8.6298491026537	8.61650959245015	8.59041214637113	8.57886423729804	8.59263728565091	8.24861541750653	8.78125338333822	8.50179570947089
9.11377838204855	9.16957858658214	9.14871481943334	9.23399394250081	9.12929392015173	9.1285821950072	9.03003897020259	9.03501511256575	9.07582702474838	8.70885504841347	9.16057709679707	8.99177683143807
4.15979441765127	4.43033397000037	4.44955084764185	5.07908475953644	4.21775798313308	4.38031642890467	4.83034406034979	4.78264286838204	4.85441599546797	4.82584096183542	5.11917802681871	4.92511839264963
4.70290577660243	4.85912660489415	5.02929490633795	5.04086580795824	4.97987820459949	5.00708954708434	4.70739077518581	4.91151212565849	4.78747314473946	4.88603901446533	4.931899960255	5.03072677710956
8.71950703567695	8.70526665255065	8.63726417783486	8.71306503363334	8.74482963271323	8.7384773972206	8.81617972992739	8.66868960626666	8.76850993222299	8.29477767256914	8.85802163925993	8.82138040165282
9.38449834990816	9.40821669480874	9.29741372036273	9.60097569358093	9.51775656010066	9.52250019218612	9.74688274132224	9.64263541868102	9.70340855774596	9.38472075360803	9.71356750463682	9.66843869034943
9.36240619438456	9.3070044182288	9.24092781180247	9.25742765587671	9.31260515844783	9.33183139074466	9.40762788091536	9.38221070082679	9.40666235742845	9.04144646540161	9.51082970901551	9.48788251868544
6.29749481875047	6.25151752620902	6.27978111624571	6.14326587575823	6.19443312170774	6.08294758598752	6.04754576156436	5.95392475408878	5.88118415392637	6.074488988881	5.54241257446349	5.83902738530929
5.71057830667615	5.52412075865946	5.93327617287548	5.9603534246852	5.86336066375137	5.85953042738779	5.77211001279363	5.8581034065412	5.81690702378003	5.89375804455672	5.83161086078397	5.85810693748582
9.69445743123637	9.737485072192	9.79341567881361	9.69930299187524	9.77026544489143	9.72157049048304	9.73014032903871	9.72836766866936	9.72452600152811	9.9647608865144	9.70523935711969	9.75677946591925
4.68605276473317	4.48378040345427	4.25490559724212	4.55644596378951	4.69731846024188	4.65017103174795	5.00639997185514	4.95077163347313	5.11760813555871	4.9702440960521	4.83530703952384	5.08934488657961
4.71350477992012	4.90515527642117	4.8606672959767	4.89019142120721	4.98656964491338	5.08002290231393	4.8491573721464	4.90423407277928	4.94866783289131	4.7853615674661	4.84096781195925	4.84141053333119
4.65344458601789	4.33929801201294	4.42281854207126	4.318306538098	4.67206217367956	4.734701510702	4.46228056997602	4.47181474385086	4.67058535562597	4.6925163550203	4.65953900421944	4.25355837198111
7.47028836309508	7.48905266502517	7.35309481360203	7.49619965714017	7.37415306673693	7.34726131162653	7.26796331220738	7.2887643643915	7.37049121815165	6.82949351087439	7.0362619850732	7.17367869754321
9.28527796340087	9.35002613167324	9.40706322158701	9.36579024714965	9.33610769309752	9.37612417918275	9.43550631583042	9.38790915869947	9.44083950823886	9.72159535345381	9.36856196835144	9.43473454623389
4.63831398950018	5.00768219651791	4.68072594034882	4.6443710125747	4.6407005726617	4.84960817712678	4.75581285891888	4.71439189899169	4.76395045174209	4.57146910807177	4.61441727167059	4.80183384114435
4.22847865992013	4.20712922066288	3.93865586561441	4.18914245711339	3.71003410843624	4.30174149274314	4.0738714808565	4.03605217471593	4.19740560056558	4.2433581080057	3.90257599807777	4.28509863320808
4.40596847441691	4.25637290696719	4.38983859984946	4.24661680699972	4.27451796984207	4.10832474472914	4.24406757779401	4.34950583780889	4.18922124536044	4.38862795746626	4.42500572752213	4.49274175252099
9.14877389982058	9.08503162944961	9.12752485200144	9.02896277973237	9.03279481012375	9.02191290306168	8.93331038228939	8.98914467196307	8.95694145354195	8.90632229815607	9.04016239433901	8.98208517918246
8.07493111737518	8.15420129108137	7.96106061280378	8.32623807213226	8.27608740871779	8.28170723967928	8.30800359344205	8.36103265491351	8.3090728319857	7.9519613088032	8.1927103953228	8.12967347153448
4.77788874563882	4.57106235163585	4.7395608856825	4.91439030185134	4.52100664227564	4.97728152102804	5.00138778129665	4.89123760443918	5.07472366535943	5.51052494450077	5.48522388561839	5.2747433596375
9.06142906428415	9.11822144739888	9.14056576728966	9.15008447312587	9.09628690447597	9.15371303699453	9.05051954875402	9.07284884850629	9.1265693556825	9.22982101640474	9.01098941771392	9.03130865972049
5.80238368721892	5.74797930688968	5.97700962315095	6.092732512152	5.78015978844527	5.89607045948694	5.71809016905118	5.87780141701113	5.73756639609313	5.90973146990986	5.6975371206168	5.86306626773304
5.39148611107529	5.80035861369808	5.535554272093	5.78115458130555	5.7983443580473	5.86096576774466	5.86603164198136	5.87393862801603	5.88267239775461	6.44238143573016	5.91918942789543	5.89348133588509
9.36582279086776	9.30938311032804	9.51110009045766	9.20142550590725	9.37016966684345	9.34150144604411	9.18977232713812	9.21001521631782	9.23466872503407	9.60982723594068	9.12450789038316	9.2878394966002
4.73021617771951	4.66857783741535	4.64391997368452	4.60598995029754	4.38025585440418	4.65327525091877	4.73305972858402	4.54159187808801	4.79731207523585	4.66599327397993	5.0723829928153	5.00163192087002
4.17855676797572	4.25290644646427	4.35712324379855	4.32335542439921	4.15435557361954	4.44981746902333	4.30534573756443	4.24777233494537	4.49333604087351	4.01174855415109	4.12889816147954	4.2159158542142
8.54671091337228	8.49645155890435	8.69878173541277	8.41211761521491	8.63759933912122	8.65305455598194	8.48979826092853	8.47196045601104	8.46936307956062	8.76498359847345	8.35263627068717	8.60092363787017
9.4635747024882	9.52840124178229	9.48621337577954	9.5084681242363	9.45511064046776	9.47764764179191	9.44747378859423	9.3570436071701	9.41401936623149	9.83780046040611	9.42592648127419	9.43827607472241
8.77837903068016	8.60002875046399	9.00834169774134	8.64545903064912	8.89252562454245	8.82094035402516	8.65355559450282	8.77755624054872	8.64637620629445	8.98983972242669	8.63618699437761	8.84557598024801
9.01547640784248	8.95400167707381	9.03249233282082	8.88915877592358	8.95261820332172	8.94707461926603	8.8859179006649	8.95993298053111	8.91727103119198	8.89870700792226	8.92190993035546	8.94054192521265
5.53953551445088	5.80091044259153	5.65489852599839	5.93082158635282	5.87592392586005	5.92863998197038	6.10271050829537	6.07510960874146	6.21110736481365	5.96676122780564	5.61085956306186	5.92329424564441
8.28488784360549	8.24013781006438	8.45520694514609	8.05313295984927	8.36985307183709	8.29798020854154	8.18850064786272	8.18419135445023	8.12684920742768	8.44631056514036	7.8716170957273	8.11393212657634
8.92605538852523	8.87243786151505	8.8889008233686	8.87290059600259	8.8380286454187	8.85152621587646	8.784726880198	8.82257702102527	8.8252740359876	8.91586430447376	8.54591587415203	8.8304069559461
8.9453063674595	8.9181939070261	8.92061800464545	8.99372581252115	8.94096761006778	9.00363894037084	9.00779025892394	8.94630653109026	8.96086054856431	9.34540786094307	9.01399401554378	8.99520288206945
6.11061759229372	6.04253424341712	5.92600142547894	5.87169340073587	6.04661673462051	5.97467517381564	6.20938780911781	6.12446965057471	6.04059471117052	6.59084398757925	6.19883637165848	6.5607727970281
9.84393200782677	9.71816545283263	9.69196196605535	9.6344517274428	9.70004415386077	9.76087053606604	9.7413044580848	9.73655793289015	9.64539543177535	9.26749161819711	9.71745838726258	9.76233766083585
4.61629745555413	4.61815935400362	4.46609514964097	4.65059869337286	4.8661270093846	4.82681906718099	4.40959812043709	4.73162701145008	4.56846148533937	4.45909101066125	4.10646884891907	4.37742497173817
5.31572006532198	5.3117891763912	5.37239489854015	5.60523663643488	5.33516314027433	5.53348652231912	5.93877473159891	5.95100758969442	6.02816761592376	5.88534534825897	5.91965999771243	6.07856618714796
13.3781020355781	13.4357011232731	13.4047713267811	13.4966655924262	13.4698264184887	13.4682416719315	13.6598399112024	13.5851877549739	13.6798645039745	13.6655587201605	13.7560429155102	13.5957227420758
12.8871969307633	12.9765628534643	12.8813260166401	12.9558930464684	12.9761275355126	12.9674003314791	13.1441681764757	13.1269056804196	13.1581755262113	12.8748958255716	13.1978153903625	13.123152122304
4.97597925574493	4.48286399475796	4.8066702971117	4.54258468392644	4.95800969600282	4.97734199834788	4.8749501014291	4.68358349842095	4.55895801389641	4.74217649782562	4.60098845479589	4.90599892347994
5.04552668407694	5.17965657521	5.14250209729576	5.19610484207788	4.96542654050107	5.1262367376183	5.2423174998536	5.16800255487983	5.23441607279208	5.43447023824337	5.64619482099749	5.39112660686803
9.01397288345581	8.98848823698296	8.91136699106564	8.93731135965059	8.95166929790302	8.96019832608634	8.91902138439771	8.99051468827985	8.93236885566769	8.80750302475861	9.04315056976195	8.9551052600058
4.874031650999	4.98843247545311	4.86994237948568	4.88593476997355	4.81130273443274	5.10936111339541	4.87445214327308	4.50601067230505	4.83431373583399	4.39040859945993	4.57508878832542	4.45893517152372
4.04187326675874	4.3132449425046	3.78305163803475	4.59377403719748	3.97875812189416	4.36968390052458	4.57888233534716	4.41983068719851	4.39433344472322	4.68001155002973	4.79926271231023	4.65947674425129
3.76404964861901	3.76610144940577	3.83738162457049	3.90081018652433	4.14727768044255	4.2288880712768	4.18545571230524	4.04731403241723	4.00820346326675	3.40777379289688	2.66776398593193	3.75474862540327
3.0860748601875	3.16841501272061	2.81726207202079	3.34452131599092	2.83543864870984	3.26470669186022	3.6102348776743	3.03208038911915	3.38711281780133	3.20939807462663	3.73218577294288	3.72636522274846
8.58940834065541	8.65145548906658	8.80358616930566	8.72785608429901	8.60277287218628	8.60706349640769	8.68510596796801	8.73415202824306	8.73768406832567	8.97564879631153	8.77845595817423	8.8365478415621
6.77825593783779	6.57601491282124	6.56680414638349	6.20347783292161	6.57928697368374	6.42289832266936	6.39787755786545	6.43913078535501	6.2023910518241	6.0390056468526	6.20666070744723	6.13508260036301
7.37181783786732	7.46257531973685	7.23281206247094	7.44634689655146	7.2464822119902	7.17969406884531	7.26563018736468	7.06065186948826	7.16604057712435	6.92287719441202	7.26450512740249	6.95225651052309
8.36222099222982	8.42113745973375	8.20484951152956	8.54618293071765	8.25390016425378	8.38546685409008	8.47259092587901	8.4074612284104	8.47629131460199	8.29376012647902	8.32060902174933	8.25953872277548
4.43701578578448	4.24545209186553	4.50660469204412	4.51666138795918	4.78165580652412	4.375478501106	4.45086751620646	4.53258627050922	4.58385674762304	3.96506899895255	4.15031494922606	4.56337843815567
4.08059509832303	4.45287798917334	4.13397449007345	4.63676266297777	4.01850976359049	4.38854015027351	4.61309182387306	4.35294438781585	4.68860643746275	4.86972037485197	5.03889271289555	4.96140800483256
9.38202202798773	9.42068216999398	9.4346897778871	9.40899246434531	9.38652113448745	9.37153144658941	9.34474858280383	9.31114514825465	9.38235387207588	9.55388648763275	9.27903351566726	9.30796272642215
4.3284439635233	4.09284116851813	4.04647749857358	4.0294638019041	4.14628842355149	4.09569644406378	4.30607559698417	4.02049133798946	4.05386800491524	3.97431237162795	4.19030258210879	3.96797619304511
3.68434141034831	3.91336422463307	4.09943660728911	3.63814619836463	4.08395902103327	3.88901678874967	3.94884903716741	3.87724467803036	4.04666585264151	3.9246207923544	3.99097403285291	3.96968281194266
9.09091955790019	9.13658024680599	9.01372578093067	8.96299199808283	9.04554325216028	9.11690551703397	8.89595524931035	8.89443986570473	8.92236252820893	8.5545914204058	9.05399030596835	8.99864085784595
4.79859820983596	4.63768348960112	4.65042023740522	4.7262129099703	4.45817266594256	4.65756784665647	4.56606653155277	4.61827860183663	4.55466279079017	4.77064596576794	4.7737465522854	4.59232973578139
5.08088840252613	4.82283089870831	4.99221067690464	4.96300369232869	4.97041799541935	4.92746270128497	4.83933005435019	4.73407610837428	4.73807755248019	4.76587317701411	5.17585444322741	4.91253298440221
9.09974124251856	9.17759428726634	9.20700198048121	9.1526661307299	9.20754759911226	9.17375110109599	9.26497326543881	9.1501928939394	9.23780003509963	9.486677491953	9.29595066263523	9.18346084556323
4.20370547935796	4.50942120511939	4.37304036456176	4.33036215922677	4.68210996674764	4.81054577167989	4.61954979480657	4.62776851812803	4.74364610409744	4.28944873625097	3.90591667624733	4.19529666681718
7.91494602896091	7.89373259961975	8.0436111725715	7.84701889459435	8.01698563701359	7.92787958365458	8.00828033691421	7.95124167493065	8.02066207192542	8.48123692222155	8.0500232691287	8.05419015708175
5.70624651138685	5.756001916455	5.66477777671541	5.68114654462795	5.54685813955307	5.46269476212718	5.51145079318599	5.51973054061965	5.39091107697547	5.03047251590759	5.2195298918212	5.0826105763797
9.26154770993835	9.27651744835584	9.25420054568405	9.19191360967594	9.3333983742894	9.35245659884982	9.58464103339643	9.51646216503315	9.54670553059908	9.16103002472455	9.55834709097969	9.64703129392007
4.3283555619867	4.61193838333469	4.49646105783804	4.26823283622756	4.69623651449488	4.45018378222723	4.61824798182892	4.45197181665133	4.74293867784202	4.08902324975807	4.27985859012492	4.44788098305926
9.19369567213375	9.14317870609689	9.15388977634573	9.01697710831224	9.13418223106926	9.10768842920081	9.00324945875713	8.99311863455346	8.93557133985922	8.69241323069983	9.05967483732169	9.03840371027382
4.29441463296356	4.44920437036984	4.33883998824312	4.05233158494011	4.40445914337183	4.35991721879524	3.98429450880723	4.20872488796186	4.31266596773813	4.03466422511226	3.92818352499597	4.18624617138346
7.65653095967619	7.56041467648648	7.55231749323058	7.6043349698474	7.75492614588195	7.72004776222983	7.87867515676017	7.93619956972872	7.91590966260783	7.55758375355748	7.73837536327973	7.99055065137647
5.35543320679787	5.17422496340537	5.30507189746733	4.80052693999168	5.18236582787969	5.0943369568665	5.31158806551774	4.8836824016194	4.99911191335986	5.04023701588124	5.1023143363763	5.3092621378662
4.71982809141922	4.60255643489936	4.52907919066811	4.47972618888241	4.46800377907072	4.60450300101403	4.49132669385796	4.38919014615262	4.52136769640136	4.56479633759067	4.48599734381711	4.53813887224401
9.71039571046877	9.71976771626668	9.71739925513865	9.76055280507467	9.75596443718505	9.70210438807836	9.65059575166326	9.70949604976325	9.73835428188863	9.82031279155739	9.60032987645599	9.71717241265503
6.01013655670731	5.84904505616667	5.97072437529394	6.14104121859357	5.99833997959549	6.01843685068108	6.40024442710757	6.42680607696377	6.38399214913511	6.34274710932342	6.48759140108319	6.48844723820397
3.0909149718095	3.30810266397719	3.22470712099064	3.43148946438235	3.36271247255757	3.09255673164543	3.46895200777945	3.26731877631785	3.09194487465727	3.6838377778584	3.65209482378237	2.92109634395905
8.70201128191903	8.81992075803938	8.63631647983061	8.94865237514544	8.80985658940171	8.80130516596631	8.95459770779965	8.92106151800736	8.94995232268242	8.67921209355285	8.77190821826911	8.76613694626479
5.71855502408886	5.87558950870018	5.99655027251448	6.06900427455903	5.75400492433785	5.62653335090109	5.78187500154584	5.69849061855374	5.81231906931402	5.72222109425278	6.18699332330957	5.7679773568533
5.94531779976999	5.86153005571663	5.97321706984067	6.31328217527461	6.33675921510358	6.55970556394681	7.22609812967543	7.23342960997918	7.15548482006357	7.31250464848997	7.06956369113076	7.52210724807528
9.09588051184279	9.01146947249606	9.20570638694845	8.8596878986627	9.0588634486526	9.0887042676772	8.87893343512686	9.01242323057563	8.95731125213739	9.10205152509091	8.90918526814787	8.98217000521018
8.76737296756793	8.79502471820025	8.69957457874407	8.84110838680851	8.89314618439363	8.79167648449748	8.85390668128603	8.82656665265106	8.87200042697666	9.08506366349075	8.9367224580482	8.8672725190858
9.25775571439431	9.23189046457673	9.09162637235193	9.16538569960498	9.28717039312177	9.2831750752548	9.32327374366231	9.33777578809737	9.29074259962361	8.72315565394264	9.14509897825212	9.32316611110277
9.72773748276679	9.80994449499923	9.59596762427931	9.7862801973585	9.73858396788063	9.68710541085826	9.82046205529975	9.73455221855945	9.77268537866918	9.44837722813773	9.82785365513519	9.70173035195957
9.17131671011298	9.07296177267239	9.26684335157227	9.10081933038229	9.14522609064372	9.18047173628054	9.10020677599953	9.08788418678603	9.11456594050209	9.43032786974027	9.17588870942217	9.15060566985104
9.0459146780014	9.09733709395274	9.04593536638344	9.14991586409348	9.14670259683112	9.12425831422754	9.07523248125514	9.16762805615392	9.10725053469886	8.79370510320111	9.09078193338755	9.07083207585656
8.51368713609891	8.53286046077936	8.56694399527243	8.48852208985612	8.5577380077537	8.54318695884534	8.47616526925366	8.46674267402896	8.50976371853685	8.90748290146797	8.29464966660158	8.54494688722507
7.95580941500702	8.03219990968747	8.09871125056423	8.16760073866069	8.16263895318044	8.22651614443595	8.39211177248807	8.47741099870528	8.44844001713493	8.39386330810841	8.47171342736869	8.55860268110259
9.04397434473165	8.92741700931929	9.1736534496044	8.98492611392019	9.24326963921362	9.23695387293222	9.20027854025467	9.2314432785217	9.19412466308013	9.33073032721833	9.0841001952215	9.21874375739616
4.29753093856728	4.61334997062897	4.30401982668921	4.518720985264	4.25335929056451	4.60948626159089	4.53390907203945	4.25163944920662	4.45334932377512	4.685970113974	4.54826223859649	4.68639089902588
7.71541895498556	7.81663540681879	7.85629035357377	7.87391161131148	7.82759442852227	7.79230816064645	7.84267233283922	7.9136365152446	7.90900972555241	7.51187290821156	7.9648103453405	7.79061282655426
4.4039818110455	4.95961830171897	4.92914683999037	4.59105748378419	4.55304891464081	4.70528009894909	4.67166696034481	4.668899389174	4.56418013039002	4.61104792905184	4.60844552388032	4.53936957000551
6.61819485962826	6.57114277457822	6.88399034334532	6.71721109473448	6.82033355943467	6.89082302678659	6.64738128410388	6.74953771297298	6.63905613326981	6.75165995198248	6.62124131407999	6.77105055049024
5.63483972114714	5.39973544457301	5.72535234150306	5.95261112133783	5.92704997374328	5.76947728041701	6.61524847294839	6.60813975309859	6.752533800686	7.08399673248886	6.52974206933386	6.85534684972915
6.46153170292392	6.24032934524611	6.4475416552492	7.05687416745117	7.03149772181512	7.00251456412579	7.79174754002109	7.91869452341774	7.86209916293305	8.33277772044618	7.94191684903532	8.21610548526411
6.03534955993584	5.80234204018554	5.81244801294555	6.41319847987069	6.28377731128847	6.1848606499554	6.71361665072946	6.77561725730087	6.85578878242402	6.73639719784778	6.46433301604863	6.74546967406705
5.56428300395423	5.55473349492199	5.23415738696393	5.31598972076727	5.29470275295856	5.58722297355998	5.53406011923063	5.59258583056103	5.43228691348597	5.40578156777027	5.05627002154247	4.93804643295469
9.29484665619657	9.2691960124477	9.21730050664572	9.245762987083	9.26568809039499	9.16681928093232	9.1377945691324	9.1642099925692	9.11799120514545	9.28281803025933	9.22520708064831	9.11621285846076
9.63950133049002	9.54994308122654	9.76660992463999	9.5608449449445	9.69540438264952	9.70022884143128	9.70017267234211	9.65829361545216	9.67482253892304	10.0895417619533	9.6956883197933	9.7399869587852
8.96493181679485	8.9440043736229	9.04853008687989	8.95694511084905	9.03842319807796	9.02396232861058	8.89069633365877	8.90809902330914	8.87995924860691	9.16632032329206	8.8744148549015	8.91304020853247
3.787888591987	3.93873814478303	3.70492128515229	4.18374891487749	4.02334232749469	3.62163293130344	4.18624597517724	4.00969177728034	3.95920597036888	3.94384455747906	4.07625407158399	4.2333545588367
4.99472884554164	4.71540218962415	4.79086663234546	4.83425363093659	5.05446153470838	5.00503810929703	4.78671900375339	4.77566446742567	4.9153641626134	4.57029562163099	4.60898491980682	4.78135440020503
5.45681334010617	5.45384132783333	5.1444757792294	5.34566923429175	5.49654366106676	5.33577388924142	5.8899654311191	5.94930659536671	5.79940315040097	5.58038403896811	5.75523020411329	5.78395039225958
4.59089800761181	4.17440807675073	4.36177967344642	4.67184329824973	4.47256408627903	4.49317718075705	4.32140578642346	4.35500042167339	4.40114841567989	4.67892654277853	4.6598826613347	4.50317953928662
9.12387475744683	9.16357560199716	9.1328372991618	9.16734220732478	9.0973643357782	9.13470361369743	9.23146160356658	9.15833643112448	9.18247389705462	9.08056506760696	9.23040105154344	9.12946471555632
4.91099864321708	5.0534568833219	5.02542677779505	4.90340781368061	5.12195573033208	5.07195245390619	4.8493965889753	4.83172559679661	4.88573762919598	5.00453689934749	4.93723811462423	4.94829792866331
5.18264851653539	4.85681067930293	5.18709867156882	4.97876554919366	5.26149337045321	5.10623673578371	5.11245598063081	5.02297576367871	5.01564041880854	4.85417324408204	5.15333877869276	5.21804406384444
4.2446534448655	3.87234033437644	4.31962702919441	3.94773601107388	3.95292991555622	3.93577832495119	4.14797383619674	4.21786301888918	4.00231590783387	3.78631555922879	3.38851592926085	3.98296880619467
4.83787157439209	5.22738053004056	5.01574527693701	5.20740291832001	5.15351826528712	4.97736028185378	5.11481809588369	4.92084122488048	5.16624928644615	4.97526157819232	5.00644644652697	5.04607489902609
8.92810789025662	8.92955772678017	8.94711413333094	8.91173292340913	8.93908865362734	8.94729866596905	8.82490421827013	8.77038563689181	8.76680048064685	8.410928511937	8.74045655578277	8.7810534624295
5.58723343205041	5.73496927590433	5.72201749509646	5.75721626314241	5.6201096165606	5.73170397007955	5.46077484163257	5.52283607373921	5.47747533418379	5.39396073798274	5.72942943824633	5.4216432946711
6.21030596783723	6.67752026380026	6.41144179513542	6.43228234992126	6.37861192980646	6.33343928167633	6.27091515768544	6.10823331634057	6.28550239193155	6.02539355271658	6.51209159038359	5.98228934914787
3.95792439253003	3.45844343719152	3.63618196838083	3.62789186098525	4.04168270265418	3.42980675976543	3.33757693091509	3.71858776651491	3.92442991584617	3.58471093468354	3.58450596884923	3.64426106197428
8.02983462620707	8.04288539710491	8.04459644516717	8.00683000273321	8.09473429579129	8.06607996891764	8.12627575429843	7.94546775395503	8.03839870577174	7.82907845909928	8.07191522486541	7.96135203105282
3.34436241798118	3.6543516316062	3.00063695791004	2.93955386001409	3.45816901486227	2.92292248269648	3.53179360318876	3.42267685410425	3.51432393441761	3.0647845129604	3.05269233039894	3.39667400885942
5.4545070022897	5.33243467219633	5.4997388360701	5.42866029796551	5.30414863056284	5.36820896122609	5.22217143609107	5.10696069597813	5.35760109301608	5.17355048699221	5.19852646055183	5.40658904591225
9.50303371794731	9.51827677071297	9.56268368472446	9.47068638332149	9.45247459016982	9.45559621425209	9.4548284532059	9.50836123125329	9.4331188008205	9.54765012910989	9.54757070155109	9.46042871411647
9.04293269124079	9.03302466027677	9.05612200314404	9.00363820846108	8.91908746638459	9.02069274380536	8.79925200011666	8.88714389619102	8.80598064412081	9.04490711533131	8.72898459876777	8.92171292268279
4.61000088145169	4.93014292626002	4.45423792987395	4.63179666534097	4.9523022600185	4.45898192771023	4.74801586458711	4.53007337454485	4.53201689213009	4.808944141327	5.00902551896026	4.99050535604812
4.59695126777407	4.74292563055918	4.73951062725201	4.88069267465539	4.61294675545028	4.34389334162693	4.68246452185094	4.44445868053118	4.73539233326315	4.29662602664795	4.76292162690784	4.63369558408747
9.22510649319472	9.29874171567058	9.12994923033692	9.33197916412649	9.18374811106245	9.23735357392279	9.14729563359054	9.19973003323442	9.18432454641918	8.71509710587757	9.03789405345417	8.98689658402883
7.8849230949201	7.9545690870089	7.77531071121097	8.31054030894721	8.01606533285309	8.06669152174822	8.03272486963727	8.0482453229889	8.10587049134125	8.27590251730833	8.06180731671009	8.08064455672786
5.09811802926801	5.06776576572188	5.21818888868959	5.08890657910628	5.18655286664253	5.37104457442635	5.13461916092595	5.26201836410821	5.2922015032199	5.4001782097723	5.29619035745504	5.24772006603771
9.43073682538745	9.44520733337624	9.43129333130953	9.48097827823924	9.37762061986856	9.39134622616307	9.37428227017539	9.36522263587046	9.37692258852552	9.63217928213627	9.35703717525915	9.39330059457777
9.92073535825524	9.93739657905685	9.91829413886504	9.82405743969438	9.85415464174869	9.84103790190366	9.83568065599208	9.83919180022452	9.82076461445584	9.94371141019588	9.75697131937362	9.89553280963472
4.56262525426377	4.55422511432226	4.76765289871015	4.9449755048831	4.67225970885908	4.67488562912202	4.6077137770462	4.65713316293426	4.57180815726287	4.72502990740314	4.81213939057211	4.71296069133214
4.55928355753911	4.82725919309557	5.03511549000954	4.60843724808623	4.68523168081587	4.80216140062534	4.6524002003367	4.55998613449719	4.69396216359793	4.92424940969622	5.01382110118578	4.93532009258544
4.42799959027035	4.75735176473402	4.68136649077202	4.70631629616661	4.7445717987709	4.92112176839514	5.36167183975945	5.229100132893	5.34348426895277	5.83072200503658	5.50881130505019	5.63986674035362
4.70775665864855	4.25871631443713	4.33654831983943	4.5667419596644	4.57121913801394	4.36508829734415	4.20574996089615	4.45659027683934	4.67837443125526	3.93841740522095	4.17365966543366	3.95958704957165
8.70318785436791	8.75652752525305	8.63355889055286	8.65185838569229	8.72176609516644	8.77309407100805	8.67440624147158	8.56375798113035	8.60763334052624	8.15666431381441	8.60041819163976	8.56986210752482
7.49958741116668	7.50233566686456	7.43522247084262	7.42245675808599	7.60962938423243	7.72640598650067	7.92323990506248	7.94423928168059	7.88870184869683	7.52750513032205	7.74290995550792	7.85630324234292
7.57572762831068	7.49301542916126	7.54814845332087	7.763282511045	7.63398401695051	7.72396562476581	8.03708575778003	8.05310947250811	8.0344999308572	8.27251358941969	8.13826461301364	8.2190873129826
7.70874914133197	7.61615778362732	7.89209442697463	7.59817045478707	7.8209816926956	7.93209150815845	7.73539420708829	7.7601126522003	7.82836213210138	7.86356642227313	7.63740242797273	7.74732447880951
4.33012221308239	4.69644916331419	4.58446128074388	4.96627970902356	4.41199657878435	4.61821025480264	4.81060136315269	4.76172227881757	4.8977271999654	4.62219655077871	4.95769861888358	5.01947793976977
8.23432129768211	8.10988240422128	8.23466641942768	8.01640010688566	8.14038337037655	8.0784418018154	7.86868423307007	7.89703126523812	7.94293082937639	7.76257154067495	7.80595278559526	7.8906406186457
5.75339626239992	5.73172629614899	5.70113216908421	5.34372592947456	5.53222365457357	5.54911029772278	5.47401282309737	5.47872179731512	5.32924094335275	5.44875068480539	5.46537037550356	5.39673330757048
4.94657064230381	4.58430744080264	4.85401525281644	4.71642075654843	4.82421353859487	4.96982858260642	4.71705739611045	4.71529033649423	4.74829129482142	4.36275321836503	4.16599608958571	4.84780731920229
4.84022579631696	4.79048298031818	4.93162249991133	4.54337768007122	4.62426841145018	4.467174051528	4.82837601545835	4.71168121843997	4.61371653264594	5.06295488167983	5.12071392503213	4.84024446774246
4.34078857404494	4.33290955543802	4.50659683729885	4.41904726069703	4.60761297978167	4.40403552607502	4.4508746659979	4.26735149316872	4.25721012780572	4.42699026109354	4.46520165435397	4.62927589106007
4.54628944807544	4.80911801950928	4.7881484472833	4.70349584448116	4.63348746908347	4.20917912000434	4.44000174591715	4.40667098681925	4.65488678308148	5.02753910114176	5.16449854629177	4.72611500148153
9.20689097806054	9.19437808162637	9.21532727793286	9.26224780325	9.20732500588058	9.24603589954262	9.19791881384234	9.17817136488573	9.17027045518929	9.31038232196438	9.28128577285257	9.25650912910186
4.56320065534726	4.5331452005693	4.55908508458549	4.65157478625443	4.77279358308531	4.61157544801847	4.57164141531142	4.48071635561057	4.76227308697684	4.70595335479658	4.42213010852738	4.374704275308
5.04748342592811	5.18522366099002	4.87448394554251	4.85570317296839	4.65403348943629	5.03286541930258	4.59689565369092	4.71018853157266	4.81616951658973	4.70909596042239	4.77256912785006	4.49624678616114
5.23434766786999	5.19134401873082	5.44544120852011	5.15370458797809	5.40137923901437	5.29696621963567	5.33434591116644	5.22683229445526	5.25537401083113	5.08484240406621	5.26587918563391	5.33719129957982
5.82253825551428	5.72888366844286	5.7550267132005	5.74848035868213	5.75279829663323	5.97847852787299	6.061418765337	6.03906559267154	5.96939427171609	6.06049178041818	6.20682110769127	6.19137015354671
8.90632620816495	8.95251453058733	8.96430854654819	8.99683242068637	8.93249652619043	8.90558065524949	8.97564345624328	8.942764639596	9.01542514450419	9.19151893445017	8.95803294886171	8.92314195883879
4.27820118575521	4.10451157853973	3.74887563817148	3.68864747557685	4.26743520379992	4.3128431967596	3.90004879281065	3.70724915177285	4.12546536081284	4.02733056320436	3.65503655633275	3.98297295898305
9.18919827569393	9.27411782417644	9.28344319553886	9.27220231212162	9.25976039258512	9.26412923708351	9.27132672054353	9.12364229146339	9.27490588135375	9.56687628544412	9.30731088942758	9.22003956015469
9.65974645570579	9.6211144996904	9.66508604774126	9.72174173865319	9.59393248973354	9.65019306916138	9.5332173645863	9.54078969633478	9.58386789818703	9.65081577478573	9.51956937578075	9.61864264985327
4.29921801436262	4.19763040969718	4.43846596919045	4.01618869595928	4.08441789237574	4.3503787942685	4.16549428093371	4.35234002101278	4.47354459066496	4.20363089153504	4.23617176846517	4.1461755769301
9.27665302571704	9.33308130858133	9.17566023243117	9.45086180620265	9.3429041034965	9.33983619895483	9.41883420457579	9.41964277974394	9.45079825101021	8.95450158421638	9.48783416148386	9.40558656349227
