k4_temp10_1	k4_temp10_2	k4_temp10_3	k4_temp14_1	k4_temp14_2	k4_temp14_3	k4_temp20_1	k4_temp20_2	k4_temp20_3	k4_temp26_1	k4_temp26_2	k4_temp26_3
4.86732132849142	4.25958514534193	4.86433629295826	4.65729450457836	4.87536950723546	4.71506596111039	4.85221581432262	4.41705975159148	4.66761255872216	4.61375373008306	4.86937312246154	4.97068494474514
4.54814384462009	4.25958514534193	4.6056020245581	4.76918738464925	4.82645990675452	5.02626764940468	4.89549991205142	4.88856420252936	5.00045643108871	4.60622005739765	4.98904335312416	4.74636764648419
8.9766436037055	8.8958945260633	9.04320549565163	8.91133255253127	8.85493760733065	8.87531090789756	8.82075104478127	8.81801092270405	8.86118470402211	9.00535535277723	8.73620092341208	8.95982395211337
8.70040453918017	8.75004365959985	8.57138630922018	8.78724220480663	8.71415323562908	8.6821320717483	8.77512842765548	8.69716767078422	8.81091503675471	8.29616316062717	8.92576917827344	8.60295316024465
9.49166336221933	9.47917458339741	9.47243937064617	9.43992289329035	9.43913778568749	9.45603348583409	9.40571354550243	9.42988379194907	9.43864227170552	9.58577618695636	9.47818236513707	9.43535321174858
4.70426304653737	4.71330311278483	4.94799422200517	4.84264954659027	4.93426319628903	5.13010346038922	4.85221581432262	4.78902852897844	4.94879431126622	4.66541584990555	5.18974070336129	4.71914617774917
4.82258301372613	4.60638790886832	4.5926629688506	4.3895987213747	4.89921624918983	4.79306847311166	4.56108087298085	4.64118306100705	4.78168432543096	4.48000234119423	4.95270150606044	4.95909697046992
9.90837432768847	9.88322811422714	9.85792954974813	9.91954093335198	9.85035761922739	9.83515980660069	9.7334928514929	9.75975073645619	9.73778446591526	9.73658172489072	9.73566629489349	9.71828717502008
3.76463566451685	3.82348603053525	4.45645858525229	4.22666015024849	4.50763772273497	4.56009130113404	3.87402018464096	4.3036017018082	4.3063463158843	3.91143427872374	3.86155361800224	3.93563799764593
9.00444936227067	9.07420243918502	9.0198342237653	9.10184188612967	9.03052504934743	9.05095251358767	9.00000183849568	8.95895353042075	9.02159684581042	9.10627458622141	8.94855516587027	8.9481480559846
4.62831419330407	4.7913056247861	4.97815619251543	4.54858824513585	4.82645990675452	4.80566850989129	4.61386828734029	4.60970482953388	4.53375681198738	4.77698407895136	5.18348171288961	4.98218058358297
8.88646637775812	8.877491744678	8.90284585606486	8.89415740872314	8.87311353329509	8.78274928989708	8.74290445766974	8.77904037436293	8.73832795623658	8.71002964113971	8.60008650731541	8.71398447263339
4.2768418228027	4.42252371646813	4.4276037225801	4.70309819419148	4.87536950723546	4.53003406727786	4.76154545538255	4.78902852897844	4.60223654987014	4.65814784944151	5.22063471130707	4.92376389735765
5.02372288583399	4.73602318928491	5.00770046812944	4.91255155982043	5.04529450867777	5.17934697940908	4.95808444942944	4.87979399290162	4.80677530639379	4.65814784944151	4.87715047305326	5.36245266470113
4.62831419330407	4.37987937905964	4.78693178927266	4.49751406054158	5.00190191316439	4.86706905455543	4.39003533164463	4.56663610764199	4.60223654987014	4.20870031937684	4.56681035244111	4.73282111464625
4.373057138062	4.19545480792221	4.64373715344487	4.69178288096365	4.61233510140167	4.68809891351012	4.34910506758975	4.56663610764199	4.52370314732345	4.5365858695606	4.58591917538882	4.85039071102742
9.03295715060699	9.05851472688238	8.89627918546102	8.98328898640839	8.94289350143247	8.8909157965098	8.79192925849395	8.7630333204455	8.78904771384445	8.66405588590141	8.77418265742665	8.85352360051239
6.43381116914109	6.57522697738186	6.54979116158959	6.7825829780183	6.53453294979803	6.61838994169871	7.30028493934306	7.09967081631928	7.22646916810385	6.91753447826016	7.50038299070213	6.99358534685522
9.67073768670268	9.70216810263052	9.70663972327424	9.72442522681585	9.65716633484948	9.68682238043091	9.622481417645	9.59403951056774	9.63354293168784	9.82543927077575	9.63576772483938	9.54211906062165
4.58878582911743	4.701807473947	4.68089015186233	4.73652119572893	4.96847891162694	5.00457257830536	4.68959561350353	4.52224198828354	4.83143736062806	4.40383066070882	4.85369150022927	4.93563799764593
4.86732132849142	4.87557454168371	5.13809710538512	4.84264954659027	5.22586675431959	5.24558067780916	4.90964409437169	5.03794182656758	4.96374465273219	4.91143427872374	5.15817062436042	5.3177836153674
5.04335169258292	4.82348603053525	5.4129569466157	4.84264954659027	5.37786984776465	5.23630286422115	4.99171522731072	4.97345310011587	4.95628884781314	5.01178480405621	5.56681035244111	5.55948951176069
7.0409126471315	7.04436221942432	7.02946828321168	6.89785504861373	7.06123605254679	7.11752539430976	6.99171522731072	7.04187824112675	7.10866564804461	6.62124826662998	7.16295040247375	7.1470077173856
4.56181878151717	4.80211237974269	5.02706579299637	4.70309819419148	5.0128730309854	5.1099255784516	4.64801650975214	4.79836639355778	4.94879431126622	4.55235318541892	4.82984475827491	4.99358534685521
9.48315450447128	9.45198517954006	9.45556555208178	9.39614948958848	9.52498496629887	9.4748925130854	9.44113967259263	9.50380927018655	9.41809695017083	9.23122119537725	9.47402151133078	9.452500518363
4.98364544645865	5.00280972997981	5.28206287976475	5.02502628907884	5.2904070065143	5.19858319827199	4.96487361509208	4.87097014251462	4.85568490687473	4.8991559489453	5.23280942525317	5.35362881431413
7.82400229081147	7.71473364839127	7.76258797029291	7.70591320979853	7.7082595214002	7.63965855845236	7.64273384167145	7.79487177325991	7.64576183750051	7.58433900100896	7.98814587562032	7.81386483500231
4.70426304653737	4.74725044470817	5.12017519738785	4.62196143146608	5.11822603113162	4.81815945407449	4.92365095236556	4.8351249435679	4.87162645074376	5.00607115286182	5.20835638152863	4.88754370944489
4.76463566451685	4.60638790886832	5.04617461594408	4.70309819419148	4.81396896257132	4.74153817247157	4.82262103213432	4.94850674298564	4.83956524151146	4.67984292054083	4.98904335312416	4.94741516542229
4.75276156422856	4.65488642655951	5.23287533013722	4.70309819419148	5.04529450867777	5.00457257830536	4.68137510669857	4.77016950172713	4.90299062165309	4.5365858695606	4.87715047305326	5.14445201248184
7.59045464947805	7.46734222030998	7.72305960610627	7.95221164690521	8.12961079461125	8.09845025911914	8.38308257100286	8.38255304320302	8.34539909244807	8.68789519283556	7.968258786972	8.25638307070326
5.16481520506858	4.8857703087896	5.53971408890164	5.55484723560754	5.60510353217059	5.63260380091841	5.80381118235956	5.89292939509076	5.76471124682724	5.64350107347711	6.06250551506518	6.08704970143692
5.45595014641034	5.436462907426	5.49173405999982	5.12936294889358	5.48417874991099	5.49155991946323	5.19594827952833	5.18757790546872	5.29456914810795	5.25279290356001	5.62339388080748	5.39721808286181
4.50632366892546	4.37987937905964	4.86433629295826	4.64561269953072	4.56839175381407	4.84282150830876	4.50628840014048	4.42913258389206	4.40822592990351	4.8296911292822	4.80559721202823	4.67732600205454
4.52039885413718	4.5562021517001	4.47067244447199	4.12936294889358	4.56839175381407	4.51476731062455	4.36971534726503	4.45297932584642	4.39725481208251	4.41249552183595	4.62339388080748	4.63425728016266
8.56181878151716	8.60098310442751	8.47684724159995	8.57577307446209	8.57117777664491	8.59951916759915	8.65590441918245	8.54807365661556	8.63003272304402	8.80440151012144	8.75531677962515	8.68964928050467
7.98491486584621	8.07809785728405	8.11791922344749	8.12305837203937	8.05726715034385	8.09588774505131	8.18581390239461	8.16970041473846	8.1871990505913	8.23397355559054	8.36727888891347	8.19842602058426
4.88918076245516	4.76944619082237	5.12017519738785	4.98850041305373	5.11822603113162	4.87904169622151	4.94440951253236	4.93163292442124	5.13861887014624	4.82320709571201	5.22063471130707	5.0161279155063
8.61689653587438	8.72683626843852	8.58451673014896	8.85538303649806	8.73169127844134	8.76188681786337	8.74389159081868	8.72925630846107	8.75346314980558	9.03581849625587	8.85959210166896	8.74973449758259
4.38848717863161	4.63084095259286	4.77552702600041	4.54858824513585	4.5534414123481	5.24558067780916	4.40008899630855	4.85315886639816	4.66761255872216	4.79697555413883	5.10617598672216	4.95909697046992
9.25122344463388	9.30445438245237	9.30157595912715	9.27295380252243	9.23935820695573	9.2565211436398	9.16569740781699	9.17598276699011	9.22181280567263	9.50907655029827	9.28087265910427	9.12254376147214
5.16481520506858	5.03064393817654	5.24119059834922	5.38257829369693	5.4522946888912	5.36956939508462	5.84118879217359	5.95269453994907	5.92988584871615	6.12418825215446	6.1959726570728	6.14955890291493
4.71654137631581	4.7913056247861	5.02706579299637	4.97922259946572	5.03456810208471	4.98254627197537	4.99171522731072	5.06140079939157	5.09175226510826	4.79697555413883	5.38238578130368	5.10293274304358
4.41886082767512	4.40844853125641	4.71711033977509	4.69178288096365	5.04529450867777	4.925962743609	4.65642874956834	4.90594628075759	4.69474868865968	4.22846357419826	4.68671981617631	4.55948951176068
9.64928162276751	9.67008258418571	9.5172080144847	9.59829476675482	9.59144585641745	9.55403639780514	9.44902990493591	9.55944572943551	9.48795312237425	9.08067988526728	9.48773878144991	9.37395266708444
4.76463566451685	4.63084095259286	4.52616755706369	4.88300728420641	4.96847891162694	5.03699405599774	4.5430469501506	4.8351249435679	4.81504292237739	4.37751938359298	5.22063471130707	5.20457300491941
4.08182584039755	4.17896668513364	4.13809710538512	4.63383553175437	4.49204086768396	4.60403464872164	4.85952061494585	4.58833117874131	4.82326342918236	4.5365858695606	5.17719545004217	4.79931652643315
8.21976072759543	8.18826442971573	8.16675356400818	8.20890974811107	8.08612201301604	8.14257281235144	8.19378261231021	8.20348040006134	8.21558085196112	7.81097042319311	8.36589765851511	8.10161581457158
8.33871731458681	8.33686530367221	8.25665371573703	8.27958254098833	8.38422067991703	8.30447436686273	8.21244459942452	8.22960112036442	8.33393770115724	7.93116634384793	8.22901585209473	8.24688380977738
4.29332994559126	4.27518200039295	4.66861182208389	4.30301103637861	4.53833451995789	4.48374041500393	4.21884868163841	4.45297932584642	4.61175932398864	4.54449106764594	4.86155361800224	4.85039071102742
4.24328926309166	4.87557454168371	4.68089015186233	4.66888247885357	4.76289477797705	4.81815945407449	4.622481417645	4.65152500522851	4.75614923332382	4.59103365358297	4.91542048998098	5.11342511686122
5.99880525362965	5.98868862173516	6.16893450930771	6.05624501968956	6.33480112587276	6.1200497957253	6.39507092154193	6.24675584140349	6.3063463158843	6.26001241007309	6.37416527449871	6.47250621016605
4.41886082767512	4.54337811134252	5.00770046812944	4.71432544961473	4.89921624918983	5.00457257830536	4.75372595092325	4.98167360692084	5.00045643108871	4.58338008103954	5.36035947497369	5.33581753819767
8.83530652134678	8.82083157708927	8.89298460754858	9.01427885424484	8.9486184892661	8.91146317391389	8.93579638222765	8.95373959254159	8.9478547508026	9.12022661568551	8.83134678344014	9.02240506119247
4.41886082767512	4.22787628561459	4.94799422200517	4.73652119572893	4.91099341696618	4.79306847311166	4.4298363397026	4.44110522555813	4.80677530639379	4.62870407154903	5.07945864834638	4.98218058358297
4.30963175792037	4.35073303340012	4.75244341288737	4.6099887898	4.46033200795662	4.80566850989129	4.49695053556114	4.36773203922791	4.53375681198738	4.56017268987821	4.69554366656331	4.79931652643315
4.85626613998242	4.63084095259286	5.34514156238813	4.79056103544182	5.1876474320891	5.2081059723905	4.92365095236556	4.8351249435679	5.04331191005051	4.56795004046993	5.15817062436042	5.36245266470113
5.13767907513107	5.03980393746202	5.35283595417813	5.36843411137666	5.40310713926367	5.58953507902652	5.2525318078947	5.48802627294562	5.38619962357352	5.39947863616912	5.67338201663915	5.74636764648419
9.48719127233678	9.52555683425527	9.39769508402921	9.51206236911074	9.38633142651284	9.40984299742311	9.36394840404615	9.34281987093931	9.42182353330424	9.08982483104301	9.43766821680487	9.26405542894989
4.32575142328364	4.59400418441248	4.90677155927866	4.76918738464925	5.10803026402574	4.74153817247157	4.622481417645	4.45297932584642	4.9107262704327	4.80357828896307	4.95270150606044	4.75978816224652
4.06271701744984	4.05795128417227	4.4276037225801	4.47128251896841	4.56839175381407	4.86706905455543	4.30697959191707	4.26370897468469	4.05033233772828	3.84897019177709	4.10617598672216	4.43116541478515
2.22621574973273	2.78041730864337	3.19056452527925	3.09541561697024	3.17793227725589	3.04764130019725	2.93060371300733	2.77016950172712	2.36383181054506	2.67264741913663	3.22063471130707	1.91179125569157
4.75276156422856	4.45026870695103	4.917188175224	5.17070374427448	5.03456810208471	4.97140571437017	4.84487383898145	4.8441700831709	4.96374465273219	4.57568568924954	5.22673491084349	5.06018309558424
4.38848717863161	4.39423467203671	4.47067244447199	4.22666015024849	4.49204086768396	4.94886314571908	4.37991111437092	4.277129490447	4.38619962357352	3.87428128030628	4.39327409744642	4.37994009142997
4.02372288583398	3.75839100231337	4.12017519738786	4.07813762553841	4.07700336840511	4.33521789029384	3.8151264955874	4.10720448900469	4.22181280567264	3.5365858695606	3.84578630214393	3.98218058358297
9.22406728315415	9.16908695440698	9.17816692014703	9.20543277438948	9.2229170598942	9.21992172263769	9.17487605590972	9.13280549220858	9.17279598546432	8.83775540428116	9.24600892300803	9.0917003457065
8.22514191638141	8.22285821084797	8.15579910711858	8.32697968420494	8.26424784604745	8.38224322511973	8.34715767241322	8.22181444157081	8.36805227686325	8.24977408044368	8.46856222475066	8.3896844101764
4.4338111691411	4.37987937905964	4.56643142727742	4.86296953096987	4.76289477797705	4.99360146048436	5.06305400903098	5.07683083996118	4.95628884781314	4.86799501745884	5.39868759363278	5.27168720077795
8.13653725074152	8.33593603147204	8.21609961738639	8.32331801969896	8.30721529420086	8.19858319827199	8.23157218925905	8.17866685156132	8.26846643221321	8.61656874569011	8.17483102169395	8.1559171989753
4.75276156422856	4.51738290280957	4.78693178927266	4.58574124355332	5.02376134712813	4.84282150830876	4.50628840014048	4.7414105087457	4.67671476582942	4.46341945699863	4.65991975683259	4.77308498485997
5.48495001813289	5.1369026255671	5.48474762968371	5.21879803247552	5.56839175381407	5.61838994169871	5.20744391836616	5.36773203922792	5.34111173404498	4.8361461514195	5.15817062436042	5.34475066296768
5.02372288583399	5.00280972997981	5.25767872113779	5.17070374427448	5.68957810033413	5.58953507902652	5.41007308488118	5.31014454767497	5.54870715345334	5.84257242057894	5.34361621113911	5.76645189252753
4.56181878151717	4.39423467203671	4.83167010403794	4.37552353616298	4.76289477797705	4.84282150830876	4.51556621372849	4.55566498982099	4.68575990543242	4.52064432569157	4.85369150022927	4.93563799764593
4.97344967935276	4.84454764606308	5.14697525673157	4.69178288096365	5.12835024840533	5.29109533706153	5.13103080284699	5.08448441250461	5.13201613532199	5.05669722593178	5.07945864834638	5.40578009636523
8.98301031766085	8.91531029393092	9.03605457622363	8.88735368959683	8.91392274800486	8.9012260652875	8.75666323400281	8.8134126876054	8.80677530639379	8.93605747789297	8.91305812652389	8.83541586705989
9.0113178649432	9.09412489672576	9.06854242897253	9.31181504821206	9.05792939274285	9.07000911322571	9.06384474352098	9.01709757277474	9.11621245709796	9.47509916041225	9.10203387925182	9.02865501338247
4.46325494703358	4.00280972997982	4.57960681602515	4.65729450457836	4.39474366632904	4.60403464872164	4.25253180789469	4.35513200244828	4.23419653012847	4.32341197825353	4.36035947497368	4.86288165521062
5.11930054581622	4.40844853125641	4.82061491552895	4.51045311624909	4.82645990675452	5.02626764940468	4.93060371300733	4.90594628075759	4.84764758780932	4.63612154311151	5.05909085065242	5.08171625713388
9.21544127813855	9.22386322310796	9.15634880994134	9.30486898259919	9.13464199427306	9.15923728259994	9.10322354252771	9.1076740398765	9.11202466013452	8.99637775665797	8.98455037209978	9.10161581457158
4.373057138062	4.32098569000607	4.47067244447199	4.64561269953072	4.87536950723546	4.60403464872164	4.66479222250297	4.77016950172713	4.79009656524716	4.78367873152537	4.99620314469703	5.13418367702801
4.20893775830089	4.27518200039295	4.70513769810901	4.82203926691499	5.09776192857191	4.72836278372384	4.99834831964317	5.14429380773992	5.34682538523937	5.7464676524283	5.76005642811804	5.71914617774917
8.55670585812351	8.63764434763103	8.53210982217903	8.6674390619839	8.55625642795515	8.57212540076689	8.53622568429458	8.56868393629085	8.5312499563768	8.40328737505342	8.67895442619693	8.44161220222026
4.40375393528491	4.11106262063184	4.76403138716258	4.53598820835622	4.86329667493489	4.8909157965098	4.36971534726503	4.23648750594966	4.64923402940731	4.25760991985778	4.31527158544515	4.574756268414
4.50632366892546	4.53043905563502	4.78693178927266	5.0340150723061	4.80136892579168	5.09972981134571	4.88837547761803	4.87097014251462	4.83143736062806	4.74989041806909	5.51790075196016	5.3177836153674
10.6606454094742	10.6969301430506	10.5798117297448	10.6351283520785	10.6792853453263	10.6814913011222	10.750537131206	10.6817980163423	10.7505026701827	10.3808346551573	10.7407372844409	10.6933695428158
10.1662146571532	10.2544304659563	10.2615160184818	10.0991677518314	10.2232123008736	10.2208040150151	10.1788962346859	10.0911481427856	10.1828133499775	10.0725020927091	10.3381677614317	10.218004879725
4.17374832983859	4.45026870695103	4.68089015186233	4.12936294889358	4.78865787404213	4.60403464872164	4.39003533164463	4.45297932584642	4.47235626732323	4.30491563463614	4.71303109329216	4.49675375641272
4.53433804509506	4.32098569000607	4.27398053346689	4.3469543839662	4.9908467246554	5.0154608944481	4.11280704422808	4.544609801312	4.57328517617401	3.71529175654512	3.58591917538882	4.64875684985777
4.17374832983859	4.30587879761586	4.27398053346689	4.27295380252243	4.39474366632904	4.66061817708801	4.06305400903098	4.19466733025503	4.05033233772828	4.04001848478516	4.42545450319557	4.43116541478515
9.1445111086135	9.12565452854543	9.20604595272247	9.19194254064882	9.24750904807659	9.18899714944279	9.34032101382031	9.26455142436754	9.27222443131881	9.50756084883766	9.48551460629598	9.31096234951139
2.29332994559127	2.37987937905964	2.84264122185895	2.70309819419148	2.92267522201382	2.91437476933379	2.75372595092325	3.07683083996118	2.11871931270853	2.11625407061224	3.09287916410869	3.13418367702802
5.05306684741613	5.01214759455915	5.38320960322165	5.17883162515788	5.49204086768396	5.04764130019725	4.97163098126738	5.09967081631929	5.22801795519934	5.05115904239036	5.60008650731541	5.32682875497041
7.501009869029	7.52718607783993	7.5926629688506	7.57037693390115	7.63559045370198	7.50321027920215	7.68754487393877	7.54876543080331	7.58421013824029	7.60999181128686	7.71953461312982	7.46228153915559
4.72871609026191	4.50420751406184	4.82061491552895	4.72546600721993	5.20688365095202	5.07911953167042	4.58771599948432	4.68211332506193	4.96374465273219	4.86799501745884	4.43602374490576	5.19472521896307
4.95283939967747	4.76944619082237	4.85352953800168	4.95102570763507	4.95716359839911	5.41138957077924	5.40008899630855	5.34879047557446	5.36383181054506	5.92663668536741	5.61876243207583	5.75978816224652
9.59876991769006	9.53043905563502	9.51934629120768	9.37109672986401	9.45128686835361	9.42472420928085	9.34064730468246	9.38990683666428	9.33645267260381	9.33314255102514	9.22292530989499	9.35970100443364
5.14678128223832	5.20362873936791	5.32180905855751	5.23447965470779	5.37786984776465	5.41961007758421	5.39507092154193	5.49952191178346	5.59745148730476	5.15291254119109	5.67784166482986	5.49675375641272
7.69963159780573	7.71901676397923	7.7480738132596	7.73100419076136	7.64267117977263	7.78513719947544	7.87582242727495	7.80764420714579	7.90105021108366	8.33200117830668	7.90784727027618	7.85976904334329
9.87658369917332	9.85658508572782	9.76367066831062	9.86831926241243	9.85912319524603	9.82359041788855	9.85564454533732	9.81427597378308	9.84007171686891	9.69234933357917	9.78971793001973	9.79931652643315
9.24381956820364	9.15017986855905	9.13531144118523	8.97980421408391	9.14652124049177	9.16413816218637	9.08035083251201	9.03695604242202	9.07032782860625	8.93943395983153	8.95316147578883	9.0917003457065
4.67938837789834	4.59400418441248	5.04617461594408	4.70309819419148	4.86329667493489	5.19858319827199	4.82262103213432	4.81686273717516	4.73887124189199	4.61375373008306	5.52781622082525	5.0272684731115
4.61525804047862	4.56891320344965	4.86433629295826	4.77991379124231	5.05594175287728	4.925962743609	4.72201709119591	4.77962983097619	4.82326342918236	4.66541584990555	4.75584417683113	4.87526537966645
4.26016308165606	4.53043905563502	3.92753011944546	4.6099887898	4.52306776330458	4.317730463565	4.9783568444557	4.92312142456572	5.01488350172399	4.96542916836447	5.71737002901649	5.4887164373473
9.72719985781453	9.69747288368311	9.71038795879621	9.64083981426858	9.62490377490472	9.65497161394686	9.59675942093768	9.61103022700045	9.51643355456426	9.47069793390414	9.60477820264013	9.58939345705892
4.06271701744984	4.36537980936452	4.65622809762806	4.25768704586912	4.59783553170656	4.63260380091841	4.29625318532401	4.49952191178346	4.76471124682724	4.67984292054083	4.51790075196016	4.74636764648419
4.56181878151717	4.24381782948361	4.99791944733686	4.36130967694328	4.49204086768396	4.81815945407449	4.50628840014048	4.38022298341111	4.65845255943669	4.57568568924954	4.77261988958195	4.94741516542229
4.71654137631581	4.58151324022929	4.5926629688506	4.58574124355332	4.88734214890154	4.99360146048436	4.73795863506494	4.49952191178346	4.6399562158193	4.36864123224653	4.60477820264013	5.06018309558424
9.44400038995363	9.41418314682767	9.33837514108259	9.28005485889757	9.31499264479258	9.33032093844231	9.21742800693878	9.22744236634665	9.18958564342817	8.92323008392416	9.27205105684602	9.28276920625989
4.02372288583398	4.11106262063184	4.04617461594408	4.24225700529951	4.41142240747567	4.24558067780916	4.13705459047476	4.10720448900469	4.35251649731723	3.50452466032829	4.07945864834638	4.07098985054082
5.2851094387863	5.19545480792221	5.54643995208995	5.62196143146608	5.88734214890154	5.74153817247158	5.90612102780799	5.78433683365372	5.93747899803838	5.56795004046993	5.71737002901649	5.77308498485997
5.0138074169689	5.12834061206367	5.20763803863819	5.06065019880956	5.38633142651284	5.3610578952291	4.92365095236556	5.21572894578287	5.22181280567263	4.7012165713334	4.91542048998098	5.17482566152536
9.864220609598	9.87333457998581	9.84195796584765	9.77690504136997	9.80571261196603	9.73496551854809	9.6918992164711	9.73504232271297	9.66475630152136	9.76307746145824	9.53182499449178	9.69183883175344
5.00382332839628	4.99341103197756	5.02706579299637	4.91255155982043	5.24460331690118	5.40312195479564	5.03751891692384	5.14429380773992	5.15173436993649	5.20371691186258	5.45693273466874	5.33581753819767
9.54513509474775	9.43255610336321	9.65038643068774	9.49913780302125	9.51199412777911	9.57120325625427	9.64405632323888	9.63533297172592	9.61945056038466	10.1061076752429	9.59420035047262	9.52895257880087
5.60868538655514	5.72470787605708	5.80387165169437	5.62196143146608	5.79502739891786	5.63965855845236	5.91315857854792	5.75586166504324	5.9145785959283	5.80357828896307	6.12915455050025	5.93563799764593
4.56181878151717	4.36537980936452	4.24119059834922	4.19495129052116	4.7498386251516	4.90269296428615	4.5430469501506	4.68211332506193	4.42992100100283	4.08407366486309	4.14534658400283	4.574756268414
4.85626613998242	4.61866623864675	4.97815619251543	4.91255155982043	4.89921624918983	4.96017845894692	5.21315756956055	5.10720448900469	5.32383374261314	4.98879316142998	5.50791666338754	5.39721808286181
3.66678834111871	3.8857703087896	3.88570994375083	3.6803781176914	3.96847891162695	3.98254627197537	3.72201709119591	3.77016950172712	4.05033233772828	3.7567116839251	4.3266763487174	3.78626037360771
4.10068486764887	3.84454764606309	4.10202785067759	3.65729450457835	4.52306776330458	4.33521789029384	3.85952061494585	4.26370897468469	4.29456914810795	3.8361461514195	4.1959726570728	4.52846261614006
7.34959816523801	7.34335350303452	7.56808494612993	7.37020973626651	7.53072133584802	7.53382564644024	7.68651840997453	7.53905027597009	7.62121965323771	7.8991559489453	7.71303109329215	7.66132552336083
9.41132715498972	9.49216248765784	9.3944368586449	9.52008181744686	9.41969002345927	9.36638346436577	9.55462585084356	9.44668338062274	9.5177004657683	9.57616779286	9.55200715335607	9.40791268365805
4.72871609026191	4.47749017568606	4.6056020245581	4.3895987213747	4.86329667493489	4.58953507902652	4.87402018464096	4.78902852897844	4.77322274668276	4.8296911292822	5.39868759363278	4.55948951176068
4.40375393528491	3.64291378489343	3.82061491552894	4.17883162515788	4.53833451995789	4.68809891351012	4.14902723214083	4.35513200244828	4.25864957385301	3.332571977539	3.17088167610997	4.13418367702801
4.22621574973273	4.12834061206367	4.27398053346689	4.16252981282878	4.53833451995789	4.48374041500393	4.12498175817419	4.19466733025503	4.18401077296025	3.98298753974878	4.36035947497368	4.52846261614006
4.11930054581621	4.35073303340012	4.04617461594408	4.00687894236859	4.58318875574215	4.51476731062455	4.33868845164441	4.38022298341111	4.28269504781966	3.79697555413883	3.90784727027618	4.55948951176068
5.55499751566115	5.88577030878959	5.87506269955132	6.12095070907738	6.26768693001422	6.36531992208326	7.01806655425767	7.09778123511807	7.0934525540981	7.74989041806909	7.38920060285999	7.43116541478515
5.6218008863454	5.59400418441248	5.83167010403794	5.59791595749943	5.9852871993135	5.83669540551191	5.76932280597427	5.8441700831709	5.9068636308003	5.66903616558425	6.26576962402757	5.91179125569157
4.38848717863161	3.90594819072722	4.48474762968371	4.25768704586912	4.56839175381407	4.61838994169871	4.02457986121635	4.29042631306046	4.34111173404498	4.2955777700568	4.34921891736848	4.49675375641272
8.90334809438175	8.89778493258959	8.84127438609504	8.79651575857944	8.8880871502302	8.88721562766721	9.00124073512904	8.95373959254159	8.90831333285585	8.36306451466909	9.06165260635521	8.92301851111482
3.94242278373214	3.9839507027285	4.33740591360853	4.22666015024849	4.3607963344057	4.28210655383428	4.40008899630855	4.22268170642463	4.20932186148943	4.11625407061224	4.96004348140161	4.64875684985777
4.52039885413718	4.42252371646813	4.99791944733686	4.76918738464925	4.85112196098879	4.99360146048436	4.72201709119591	4.85315886639816	4.93368741887601	4.71529175654512	5.17088167610997	4.89971842339099
4.38848717863161	4.67853769462416	4.66861182208389	4.54858824513585	4.77583383368454	4.93745838244683	4.56108087298085	4.8351249435679	4.65845255943669	5.17344947219378	4.74738259808293	4.95909697046992
4.64125324901157	4.86530620622988	5.00770046812944	4.81162265096965	5.10803026402574	5.35249588172567	4.78475284654388	4.77016950172713	4.81504292237739	4.59103365358297	4.85369150022927	5.0492947794415
8.84861625681398	8.99694272294782	8.8080757198686	9.15739748781138	8.82568238313511	8.86255357343294	8.8968318355566	8.84247843352519	8.95441886046009	9.20278060352843	9.06846179912945	8.86753801764184
7.99880525362965	8.14329095352964	7.97691195350696	8.25192010265023	8.14963116849251	8.10611060476743	8.23086826387748	8.22528037726996	8.30414540769103	7.7126630979845	8.32738616178996	8.21069390948021
4.56181878151717	4.59400418441248	5.08364932136274	4.80113027715201	4.7498386251516	4.90269296428615	4.76154545538255	4.62027407124406	5.11202466013452	4.60622005739765	5.76005642811804	4.98218058358297
7.3788627597432	7.29061204096255	7.33934371785001	7.46464942663596	7.38633142651284	7.41755933801945	7.62355445231023	7.55014798485343	7.73560845488299	7.4476979606198	7.509168459597	7.62878215009651
3.85626613998243	3.73602318928491	4.12017519738786	4.11248913032919	4.52306776330458	4.30002846183154	3.80001960319719	4.03003662848224	4.17118673260266	4.15807424630687	4.29218797233211	4.55948951176068
4.66678834111871	4.64291378489343	4.44210329227522	4.53598820835622	4.64090425359844	4.85499622225486	4.65642874956834	4.69216698972585	4.68575990543242	4.4466437442478	4.78920277377756	4.89971842339099
9.14052968866647	9.16385979274343	9.09630967021951	9.22910830125322	9.22822217531773	9.20691905744006	9.23754172818751	9.17284501049885	9.26129915226696	8.94802701539025	9.25871668169641	9.1270815613428
4.74078892256248	4.82348603053525	5.06503364319539	4.92226671465364	5.00190191316439	5.13010346038922	4.68959561350353	4.8441700831709	4.87162645074376	4.87428128030628	5.17719545004217	5.17482566152536
9.26016308165607	9.34658669320995	9.23235403111045	9.3987614909795	9.40830979560834	9.29668501875717	9.51209402182168	9.45113042768117	9.46087630986801	9.64671778616066	9.30233252973765	9.50125514864767
7.74977770578974	7.8261356089492	7.81644728131372	7.79717587986339	7.78865787404213	7.86857107972066	7.77898590332499	7.68463331704044	7.75400076674524	7.86484158441997	7.87715047305326	7.7157070937824
9.38800747952797	9.39155391244056	9.35953504766532	9.51125796705986	9.35595777746932	9.3853943622463	9.39129587785055	9.37866751690907	9.40788434234636	9.22416343676464	9.43206934761713	9.27285774448589
4.08182584039755	4.02142540814716	4.38320960322165	3.98850041305373	4.47627355182564	4.22696499964181	4.21884868163841	4.40488503764538	4.15824767689517	4.07318534872036	4.45693273466874	4.67732600205454
8.12045608856192	8.13155732474722	8.02465929528928	8.08896059483294	8.1706027354574	8.14133071581248	8.10668094143124	8.13879083206253	8.11118564002312	8.08407366486309	8.17246271192945	8.19101489962469
8.85070661464052	8.92708240381657	8.861642183789	8.90460953869163	8.90511685062951	8.80645237029682	8.73845398100659	8.78609800787962	8.82990827194131	8.95026028989331	8.70103129220174	8.83462339516911
9.76574386713764	9.81983489653779	9.75135225309183	9.63715758909228	9.80650096993149	9.76874048890444	9.7164962476349	9.78316152194644	9.70396008424565	9.71616691279937	9.54256280619443	9.76977225081914
4.86732132849142	4.60638790886832	4.83167010403794	4.71432544961473	5.03456810208471	5.03699405599774	5.23016399486624	5.18045347103533	5.18401077296025	4.6870027121137	5.309535215896	5.36245266470113
9.78226555853864	9.85852767359882	9.60640687536887	9.84264954659028	9.7750285336129	9.79859453474425	9.83795663678545	9.75256270394465	9.80677530639379	9.47173472521063	9.76739840345922	9.70447311337032
4.06271701744984	4.53043905563502	4.45645858525229	4.54858824513585	4.66891862976803	4.75459432529702	4.32819607782676	4.55566498982099	4.61175932398864	4.332571977539	5.05909085065242	4.82507962249824
4.88918076245516	4.60638790886832	5.19912653878268	5.23447965470779	5.14838800164188	5.15985080378328	4.84487383898145	5.07683083996118	4.87162645074376	4.97715846094658	5.4672746788902	5.30868140826015
5.08182584039755	5.12834061206367	5.27398053346689	5.12095070907738	5.42791053026424	5.19858319827199	5.30162635742286	5.3739910296996	5.31802812093194	5.12682331232243	5.58116564541818	5.61961050419826
4.99376966373236	4.71330311278483	5.21609961738639	4.88300728420641	5.33480112587276	5.33521789029384	5.05671248215716	5.15159860836315	5.05731876804438	4.93568182497042	4.93044869921331	5.15464777958773
9.00444936227067	8.89147392059705	8.994234400529	8.90092919220368	8.85798287503842	8.90927561467612	8.76543937148704	8.82602273646064	8.83245585346308	8.56114715465075	8.85369150022927	8.72856160449303
9.25175084183986	9.24282662708056	9.17599989752271	9.14707773679273	9.20986627562588	9.21579720878651	9.19775052216231	9.13603145275612	9.17480503054723	9.34930975399459	9.20874166529134	9.01472927745116
5.04335169258292	4.72470787605708	5.18195139497454	5.08680248666553	5.07700336840511	5.16963182457586	4.97163098126738	4.94850674298564	5.10529879694621	5.01747591613407	5.2746296009478	5.18480975009799
4.58878582911743	4.42252371646813	5.10202785067759	4.73652119572893	5.07700336840511	4.56009130113404	4.7139797721305	4.67198910778822	4.63061835123997	4.11625407061224	4.93044869921331	4.89971842339099
4.61525804047862	4.32098569000607	4.44210329227522	4.41734371185761	4.81396896257132	4.46797309914561	4.40008899630855	4.16609817805826	4.25864957385301	4.31419344822415	4.25685489921982	4.36245266470113
4.17374832983859	4.25958514534193	4.33740591360853	4.76918738464925	4.65497943881016	5.0154608944481	4.77705845475388	4.3036017018082	4.87162645074376	4.93568182497042	5.24488225755375	5.11342511686122
4.58878582911743	4.07587319216954	4.86433629295826	4.22666015024849	4.65497943881016	4.41961007758421	4.21884868163841	4.544609801312	4.46186389350559	4.39511344360772	4.66890854005985	4.89971842339099
4.81117825045388	4.6667605268478	4.98807166138051	4.62196143146608	4.95716359839911	4.85499622225486	4.41007308488117	4.64118306100705	4.9107262704327	4.47173472521063	5.05223717961135	5.14445201248184
8.49923424413914	8.51410031882027	8.32376791159556	8.67248471553376	8.54117913811424	8.61481448747488	8.74980024770945	8.65923310036377	8.73179252018663	8.54251882531434	8.89927960711006	8.85821021548672
4.2768418228027	4.24381782948361	4.52616755706369	4.74749231354993	4.56839175381407	4.61838994169871	4.41998855374626	4.62027407124406	4.48277288326857	4.4466437442478	4.77261988958195	4.83779067424779
10.3503370615619	10.3762681255073	10.3549926285052	10.3095034068893	10.3161002801951	10.2952896273718	10.179808351452	10.2189922248057	10.2081452717484	10.310866097946	10.2073927217233	10.2103884802336
4.30963175792037	4.21175662025131	4.38320960322165	4.53598820835622	4.42791053026424	4.63260380091841	4.33868845164441	4.23648750594966	4.50338316294385	4.26719596868698	4.48773878144991	4.74636764648419
9.76500515998331	9.74375130391717	9.71375306473242	9.70274593071985	9.68444090188209	9.66537883701003	9.56080081958953	9.59336911323185	9.6016392842682	9.73701295940026	9.43338868473779	9.67953432185032
4.58878582911743	4.56891320344965	4.76403138716258	4.48445790771614	4.93426319628903	4.93745838244683	4.60520342621317	4.75106067877942	4.83956524151146	4.37751938359298	4.58591917538882	4.63425728016266
4.20893775830089	4.32098569000607	4.64373715344487	4.3895987213747	4.69639936619014	4.66061817708801	4.14902723214083	4.49952191178346	4.47235626732323	4.39511344360772	4.1959726570728	4.43116541478515
4.49210980970576	4.61866623864675	5.08364932136274	4.77991379124231	4.87536950723546	4.94886314571908	4.81512649558739	4.69216698972585	4.62121965323772	4.56795004046993	4.88488612183287	4.85039071102742
9.81867278700081	9.77425632401669	9.68318075045025	9.68430868246318	9.70191799452638	9.70501229644646	9.68574808244485	9.65698915695256	9.67869824159824	9.40192826516403	9.58562253818393	9.63015288182992
5.47775451672869	5.29826561350599	5.25767872113779	5.24225700529951	5.62669039437874	5.70164544534806	5.36459031508717	5.38642813293782	5.4512946517954	5.27196521283485	5.54256280619443	5.41429159622075
9.14280613101791	9.22536943000401	9.29709630903222	9.08949961783226	9.1514939125097	9.20037351292684	9.0082411244016	8.99391720267558	9.04155145218607	9.37862532081915	9.02580472451016	9.03763518866976
5.23477776323615	5.02142540814716	4.83167010403794	4.97922259946572	5.22586675431959	5.30002846183154	5.2525318078947	5.29042631306046	5.19038029783597	5.36864123224652	5.60477820264013	5.35362881431413
9.04456967073959	9.06189076986033	9.16511568866759	9.04572849286989	9.27852359127445	9.35678324012877	9.5167217564742	9.46255558542951	9.52559355384974	9.60834288216847	9.44847497176145	9.68657831529274
9.65885706748249	9.71079625717426	9.53802771227375	9.64524611458633	9.65366570822229	9.64361175178231	9.73175241779863	9.58158644910796	9.67926444845044	9.25369732008167	9.71709922750638	9.6451455963054
4.97344967935276	4.7913056247861	5.05563494519315	4.88300728420641	5.00190191316439	4.98254627197537	4.68959561350353	4.81686273717516	4.63061835123997	4.54449106764594	5.09954289438971	5.20457300491941
4.24328926309166	4.35073303340012	4.48474762968371	4.09541561697024	4.7498386251516	4.7803574213621	4.18436030525311	4.3036017018082	4.4406474075959	4.24795974982406	4.4672746788902	4.54405947119108
3.85626613998243	4.03980393746202	4.27398053346689	4.47128251896841	4.41142240747567	4.15000301782694	4.37991111437092	4.65152500522851	4.71255996477614	4.76350084958774	5.17719545004217	4.79931652643315
4.35746028301098	4.33593603147204	4.48474762968371	4.37552353616298	4.59783553170656	4.22696499964181	3.94440951253236	4.26370897468469	4.55365636942508	3.86168124352664	4.62339388080748	4.63425728016266
9.30303134678356	9.34520192742689	9.18410950314195	9.38565393527179	9.25272466145661	9.35249588172567	9.29187269952686	9.32838879160406	9.31475216257516	8.97496647008546	9.25349762417716	9.25519907798938
9.05970826757751	8.9880972320811	8.97317278500117	8.81684036024067	8.96706934137227	8.91873117437793	8.8471722225182	8.90918223360785	8.873606814872	8.77446555336403	8.85959210166896	8.85664970149911
8.55157475002036	8.6674994231717	8.56643142727742	8.6137409246611	8.64267117977263	8.70332985305941	8.76398038429961	8.75885418849929	8.79846003818179	8.33085890188842	8.7495026499573	8.87988200773682
9.31064453089343	9.26642952638398	9.23651915862532	9.25624746979003	9.15768574622397	9.21284389139716	9.10052871444964	9.14795083134801	9.13201613532199	8.83211514840339	9.24863439241486	9.10884408997461
7.98871643600607	8.00514986843433	8.12804344072119	8.20990163198713	8.2457663117573	8.27079124060644	8.5948458507308	8.57955686606624	8.62357507423584	8.34167418464626	8.67561356393774	8.5992252640079
8.97344967935276	8.972037381185	8.97254864696812	8.91498648873749	8.82568238313511	8.85196216216522	8.77754055836434	8.81973148944452	8.7103455437107	8.70298349750759	8.87618059399765	8.82667464205362
9.01069480510156	9.01969035677641	8.92753011944546	8.96166422808141	9.02172603753937	9.02019881345477	9.12384473325715	9.03547610208959	9.0985414307709	8.86956915295696	9.19247049611686	9.07166259246996
4.26016308165606	3.94547655491387	3.98807166138051	4.11248913032919	4.76289477797705	4.58953507902652	4.02457986121635	4.29042631306046	4.31802812093193	3.62870407154902	3.40408085240301	4.17482566152536
9.80112458578996	9.81116803335123	9.69041041236246	9.77623557730186	9.73169127844134	9.73907693495529	9.66583425580279	9.68368883580155	9.70228965367591	9.46420105252522	9.60711834109465	9.5940836271224
5.02372288583399	4.84454764606308	4.86433629295826	4.84264954659027	5.21640642507053	5.36956939508462	4.87402018464096	5.00605776554779	5.22801795519934	4.47173472521063	4.93044869921331	5.20457300491941
9.90435474289862	9.93508201293794	9.89825232692321	9.90369033188074	9.94253493425257	9.88387734224199	9.86156844359471	9.84191410923053	9.85342893293437	9.8411691181288	9.89401865466991	9.86947374185669
4.66678834111871	4.59400418441248	4.77552702600041	4.54858824513585	4.85112196098879	4.925962743609	4.90964409437169	4.94009450316944	4.60223654987014	4.42110865214066	4.91542048998098	5.07098985054082
4.35746028301098	4.40844853125641	4.49868682064158	4.57346291377489	4.86329667493489	4.60403464872164	4.40008899630855	4.48802627294562	4.3063463158843	4.39511344360772	4.48773878144991	4.83779067424779
4.17374832983859	4.27518200039295	4.4129569466157	4.63383553175437	4.65497943881016	4.63260380091841	4.4298363397026	4.38022298341111	4.27072240615358	4.67264741913663	4.65991975683259	4.77308498485997
4.35746028301098	4.30587879761586	4.79824710250049	4.37552353616298	4.66891862976803	4.41961007758421	4.45898268536212	4.62027407124406	4.39725481208251	4.19871623080421	4.67784166482985	4.85039071102742
4.44860817106917	4.35073303340012	4.53971408890164	4.54858824513585	4.81396896257132	4.63260380091841	4.27455811422469	4.64118306100705	4.50338316294385	4.74989041806909	4.79742328058253	4.77308498485997
5.26852655459069	4.99341103197756	5.36048952672156	5.31042850794109	5.51537337151458	5.26395920712402	4.82262103213432	5.06140079939157	4.97854165466027	5.15291254119109	4.96004348140161	5.50474654716625
4.19145033157205	4.36537980936452	4.17328653384742	4.47128251896841	4.77583383368454	4.76753338100452	4.63104343114842	4.39260670786695	4.50338316294385	3.95952856692478	4.17088167610997	4.23371935057893
9.21327669402523	9.15650980211069	9.2028565003382	9.19344769993077	9.11122418837847	9.17510464688935	9.10476118726787	9.09683551562115	9.08834566366501	9.25700867165533	9.11030623586688	9.16980758675874
9.63722224599546	9.66749942317171	9.4461551767823	9.55952372281701	9.53500869425111	9.51716341654138	9.46528070926249	9.43774795051547	9.45856931559315	9.14578490690888	9.42909642032173	9.34084922528535
4.46325494703358	4.30587879761586	4.55313460466396	4.56107918931905	4.87536950723546	4.71506596111039	4.33868845164441	4.59905758533437	4.62121965323772	3.93568182497042	4.25685489921982	4.46433227872034
8.92334880806987	8.65860759199858	8.8710496370447	8.60698003992766	8.71331274912649	8.75865026004853	8.69776954494924	8.68589166429937	8.72083390281004	8.88054027077796	8.72277541203858	8.82906386982721
7.03846947120317	7.00981878849918	6.94799422200517	7.31596669148252	7.15583098482744	7.16230228277737	7.30430545761874	7.4109852371818	7.43126617130158	7.11890364902619	7.34221212826343	7.22648778134785
8.27372921093536	8.39691045958748	8.34706901095924	8.55874536021875	8.29490839874924	8.38119131472614	8.4456969946119	8.43737443723419	8.41368035999562	8.36306451466909	8.5022701002464	8.25164125857619
8.1848375085004	8.10562053556359	8.26890597656105	8.04517286219062	8.13338583830263	8.09074902175234	8.07408504615528	8.18846599108672	8.06427152868615	7.85295443910606	8.14936635545517	8.1470077173856
4.2768418228027	4.36537980936452	4.6056020245581	4.77991379124231	4.64090425359844	4.8909157965098	4.57001399775086	4.39260670786695	4.66761255872216	4.35071932424926	4.80559721202823	4.63425728016266
4.32575142328364	3.8857703087896	4.56643142727742	4.27295380252243	4.47627355182564	4.18899714944279	4.11280704422808	4.16609817805826	3.94879431126621	3.9476544666365	4.34921891736848	4.5898631608042
5.41886082767512	5.25172302756895	5.30604174269919	5.17070374427448	5.3607963344057	5.43591188991331	5.28544643036743	5.31014454767497	5.31219904212974	5.08948716104945	5.34921891736848	5.43952888771978
9.85001016517448	9.81950251661675	9.81261634473563	9.81194931123163	9.72753485078711	9.78632967374712	9.69113175743666	9.69685563551948	9.70701752599294	9.83755434581231	9.57848488582203	9.6843807595885
6.95024228819144	7.07141354397884	7.04617461594408	7.51527549970593	7.6014741087699	7.5803982844544	8.15571843473979	8.08352993344837	8.1027684922212	8.43020410807608	7.99352238510087	8.18480975009798
4.10068486764887	3.80211237974268	4.68089015186233	4.54858824513585	4.39474366632904	4.46797309914561	4.26358699640369	4.32959691034114	4.2464748599069	4.21861578824192	4.5376640067816	4.2903028789453
6.99376966373236	7.07364509127742	7.22869965416602	7.63973613319405	7.39893146329247	7.51668451361884	8.17194523714477	8.09304642600804	8.14519152406972	8.45610407349686	8.53520835505528	8.30982232966472
6.17374832983859	6.22787628561459	6.3218090585575	6.600943650197	6.25849775855956	6.34819574429205	6.27455811422469	6.39260670786694	6.28864431415084	6.27196521283486	6.30377594660732	6.50075568697022
4.57536531335511	4.45026870695103	4.86433629295826	5.41045732627236	4.9797061670502	5.06870291572508	6.03751891692384	5.9775692085881	6.02916772773024	6.29791790851133	6.43865400095042	5.98218058358297
4.92136116820431	4.81283878633574	4.9681721039428	5.0694204084373	5.13840391306925	5.13010346038922	4.85221581432262	4.97345310011587	4.89521327106137	4.8361461514195	4.94532197569484	5.2622885027757
9.3807927868416	9.47453772171418	9.33060302778934	9.59564101084003	9.45983098519038	9.46201564384921	9.53051655519446	9.55910243495658	9.63675313741206	9.33599203850271	9.62454942355319	9.4867000917488
4.24328926309166	4.02142540814716	3.88570994375083	4.11248913032919	4.69639936619014	4.68809891351012	4.32819607782676	4.45297932584642	4.51357893004974	3.58338008103954	4.02449218912845	4.39721808286181
4.19145033157205	3.96484187978079	4.00770046812945	3.81162265096965	4.47627355182564	4.41961007758421	4.35944701181121	3.93163292442124	4.18401077296025	3.58338008103954	3.99620314469702	4.0492947794415
4.26016308165606	4.22787628561459	4.48474762968371	5.0694204084373	4.83884363121035	4.91437476933379	5.44448311566701	5.29042631306046	5.54374090056	5.16321754958283	5.44127947035725	5.14445201248184
6.04335169258292	6.23586907636812	6.19485188368235	6.25384497957472	6.11822603113163	6.23630286422115	6.23297901047329	6.07683083996118	6.2464748599069	6.19871623080421	6.4543356231827	6.2575660925333
8.3970945991707	8.50255209788378	8.36620317791596	8.41820220342765	8.31720706585802	8.27192677395188	8.37163255025933	8.27629435581246	8.3078117248888	8.21056466817071	8.33799166194523	8.17607745773482
4.88918076245516	4.74725044470817	4.93779845489929	5.27295380252243	5.36935834790913	5.37803097383281	5.41007308488118	5.32959691034114	5.61175932398865	5.18866256614029	5.58116564541818	5.34475066296768
4.06271701744984	3.86530620622988	4.49868682064158	3.65729450457835	4.56839175381407	4.53003406727786	4.18436030525311	4.20874251546676	4.57328517617401	3.823207095712	4.05223717961136	4.15464777958773
7.89053604206717	8.04549954312602	7.77266169230602	7.93311862989711	7.79661539582105	7.82436460360119	8.02944561638816	7.9390395158896	7.95348295705985	7.89992641360494	8.47946021733831	8.21678895462905
4.64125324901157	4.73602318928491	5.04617461594408	4.52327715660667	5.03456810208471	5.1200497957253	4.87402018464096	4.64118306100705	4.76471124682724	4.52064432569157	4.57639640127031	4.92376389735765
10.131960894673	10.0957727496072	10.0945897871934	10.0429481970761	10.0615663020712	10.078146162664	10.0249859681975	10.0541107634611	10.0015887559572	10.0947121853094	9.85147253792427	10.0591657997088
9.22943246241627	9.29444390255358	9.09859966282871	9.24274170042952	9.26309966051857	9.30002846183154	9.28747887264894	9.23777505181012	9.2464748599069	8.76857183913516	9.24413065814061	9.19225273328355
4.61525804047862	4.24381782948361	4.84264122185895	4.3895987213747	4.52306776330458	4.83054317853032	4.5430469501506	4.60970482953388	4.60223654987014	4.5365858695606	4.81372509291163	4.60481350227018
6.19584210068921	6.11972748175897	6.45645858525229	6.52646543423772	6.41969002345927	6.56009130113404	6.91841430399941	6.82145000667081	6.98221731280367	6.65814784944151	7.09787984516706	7.12643417742308
4.53433804509506	3.84454764606309	4.49868682064158	4.21089283439018	4.50763772273497	4.49933727005495	4.32819607782676	4.55566498982099	4.37505906596832	4.05115904239035	4.74738259808293	4.2903028789453
4.47775451672869	4.37987937905964	3.94799422200517	4.30301103637861	4.65497943881016	4.36956939508462	4.41998855374626	4.38022298341111	4.50338316294385	4.332571977539	4.28050616728447	4.60481350227018
8.58795069448289	8.63990503502109	8.59428671133026	8.69957168292471	8.61863312530204	8.56565797700858	8.62890768680443	8.59236293276036	8.61353786751477	8.9532326217011	8.57818671592516	8.586101242008
9.49523107974915	9.48043659984257	9.54308094000004	9.56340924911096	9.54590773966269	9.58497391480715	9.61062505995521	9.57921832446176	9.65960074496557	9.53831883678505	9.53889026698367	9.53968987156331
4.2768418228027	4.17896668513364	4.48474762968371	4.24225700529951	4.39474366632904	4.79306847311166	4.30697959191707	4.3036017018082	4.20932186148943	3.99457551402399	4.48773878144991	4.34475066296767
8.73174378295948	8.73813496576477	8.73119999469521	8.67966231760681	8.84576304515014	8.80723580503825	8.88569471802188	8.92631912452477	8.88543225026879	8.4259310355975	8.85023830477441	8.83303714427716
9.01939325116483	9.11377598430713	9.04379980875617	8.97980421408391	9.09776192857191	9.04697814457037	8.9559562663604	9.02358160634494	8.93178788596053	9.03125466825444	8.91353090877976	8.96562665492211
8.93193040991449	8.92831600375568	9.06386214898495	8.98270877524397	9.00533935829999	8.97907408006856	8.95978473841928	8.97345310011587	8.9743953144701	9.30578796865902	9.08282549944478	8.92376389735764
7.46507538265794	7.37987937905963	7.54476142363896	7.72546600721994	7.761269205928	7.86255357343294	8.53223166739276	8.45445674025192	8.57572010509107	8.53559466715754	8.63548116310621	8.83462339516911
8.72111894242235	8.8432402648763	8.67399645392055	9.05293228564873	8.7926421213711	8.71756846831356	8.79574213165057	8.76779469453922	8.79846003818179	8.88288040923248	8.71791147959177	8.63334620022023
8.30252236987199	8.44855018972474	8.28508212406354	8.59564101084003	8.33698537313464	8.24558067780916	8.38371602657435	8.29207983191298	8.38064009823162	8.4722528415893	8.44977939774624	8.31437701392415
5.27684182280269	5.32098569000607	5.50560623458138	5.92226671465364	6.14838800164188	6.0739206249961	6.44690985306154	6.53626245859847	6.53375681198737	6.78867941258373	6.47498277402545	6.82826790012928
6.15582642184133	6.15808795545772	6.12017519738785	6.01143722433089	6.05062795298081	6.17449757974768	6.00165346436684	6.04187824112675	6.08150823361146	5.4381821654996	6.00332757913041	6.17982634258373
8.70580356461315	8.74234926780984	8.61682927998135	8.57731112902236	8.72919885909257	8.71840167367364	8.76738239540484	8.75825618018362	8.7180811924903	8.24493078578704	8.62916236126709	8.68789524376473
4.71654137631581	4.56891320344965	4.86433629295826	4.79056103544182	4.78865787404213	4.70164544534806	4.56108087298085	4.86209199116817	4.63061835123997	4.42967066564408	4.75584417683113	4.69140118726626
4.70426304653737	4.45026870695103	4.74076160783973	4.44456518059263	5.11822603113162	5.05821054190744	4.51556621372849	4.93163292442124	4.46186389350559	4.24795974982406	4.34921891736848	4.71914617774917
3.00382332839628	3.12834061206367	3.04617461594408	3.12936294889358	3.94575883512686	3.74153817247157	3.37991111437092	3.52224198828354	3.40822592990351	2.93568182497042	3.03843138008632	3.25282817352663
10.2073072871827	10.1612390925843	10.2818109906256	10.1607355751832	10.0961508786659	10.1118292889203	10.0196976398366	10.0200938252347	10.0566652255458	10.2313742421117	9.94832446385636	10.0520245721971
5.1100227322282	4.95519170974707	5.26585265258349	5.18691397145574	5.30832891451157	5.29109533706153	5.02457986121634	5.09209759661449	5.07119094262595	4.94168056559186	5.41480725899606	5.18480975009799
4.65407728936915	4.85496426200842	5.04617461594408	4.73652119572893	5.25388113048919	5.26395920712402	5.23578854406012	5.20874251546676	5.16473171046537	5.11625407061224	5.53274851636748	5.5823294881188
4.93193040991449	4.8857703087896	5.24945821433282	5.02502628907884	5.27225965980404	5.05821054190744	4.93060371300733	4.86209199116817	4.96374465273219	4.92360899266984	5.22673491084349	5.23371935057893
4.57536531335511	4.29061204096255	4.6056020245581	4.27295380252243	4.47627355182564	4.925962743609	4.49695053556114	4.22268170642463	4.73015402479088	3.95952856692478	4.55716018240739	4.63425728016266
5.43381116914109	5.37264780982856	5.51249262016661	5.66310012625956	5.82645990675452	5.80566850989129	6.10052871444964	6.09209759661449	6.19038029783598	5.7464676524283	6.09954289438971	6.25282817352663
5.47775451672869	5.12834061206367	5.73488504150306	5.16252981282878	5.59053073108332	5.69488807917275	5.4298363397026	5.56663610764199	5.46186389350559	5.22354808378415	5.58591917538882	5.61961050419826
8.11582835390941	8.13369782223318	8.09171875133863	8.37020973626651	8.30832891451157	8.24789083849636	8.49695053556114	8.40946260375192	8.48859934636753	8.22846357419826	8.70431387619105	8.46022788038761
4.26016308165606	4.63084095259286	4.4129569466157	3.85284531369616	4.72336641379041	4.71506596111039	4.08814498999381	4.62027407124406	4.67671476582942	3.31419344822414	3.36035947497368	4.43116541478515
4.62831419330407	4.81283878633574	5.12017519738785	5.02502628907884	4.85112196098879	5.3610578952291	4.82262103213432	4.80764420714579	5.16473171046537	5.09488041981967	5.44127947035725	5.29952140897467
3.53433804509506	3.25958514534193	3.96817210394281	3.09541561697024	3.72336641379041	3.71506596111038	3.47809150830982	3.75106067877942	3.61175932398864	3.15807424630686	3.89258051362287	3.5898631608042
5.16481520506858	4.87557454168371	5.32180905855751	4.93191688468736	4.93426319628903	5.46797309914561	5.03751891692384	4.87097014251462	5.31802812093194	5.35970810747652	5.52286700485351	5.37122287432886
4.61525804047862	4.25958514534193	4.88570994375083	4.62196143146608	5.2813618669113	4.8909157965098	4.37991111437092	4.77962983097619	4.90299062165309	4.77025821576305	4.49786299872362	4.79931652643315
3.22621574973273	3.40844853125641	3.41295694661571	3.6803781176914	3.69639936619015	4.06870291572508	3.57001399775087	3.45297932584642	3.47235626732322	3.11625407061224	3.93790450413236	3.64875684985777
4.71654137631581	4.50420751406184	5.07437150777473	4.36130967694328	4.96847891162694	4.84282150830876	4.30697959191707	4.59905758533437	4.72138381516315	4.57568568924954	4.84578630214393	4.93563799764593
4.40375393528491	4.11106262063184	4.30604174269919	4.43101864875468	4.49204086768396	4.49933727005495	3.98505149702971	4.41705975159148	4.2464748599069	4.18866256614029	4.1834817128896	4.25282817352663
9.05548544821877	9.07364509127742	8.95559403786334	8.86233884460315	8.98598331273636	8.88795642102925	8.83703183224039	8.94325484406277	8.73778446591526	8.40111218422916	8.84628164808558	8.81948312598932
9.62424682370588	9.54216999260544	9.68622923555895	9.40397134933174	9.4964445527609	9.45952609182351	9.32984054972588	9.39799133970359	9.33752917685041	9.48077500659209	9.29545650875044	9.45611177191538
6.41132715498972	6.436462907426	6.58940999105551	6.77991379124231	6.80136892579168	7.0154608944481	7.23297901047329	7.27545873746249	7.3482502693462	7.58816831988858	7.69554366656332	7.64875684985777
4.65407728936915	4.54337811134252	4.64373715344487	4.3469543839662	4.85112196098879	4.60403464872164	4.49695053556114	4.52224198828354	4.34111173404498	4.08407366486309	4.92295416266639	4.43116541478515
4.58878582911743	4.6667605268478	5.21609961738639	4.87302319563379	4.92267522201382	5.22696499964181	4.86678861540989	4.7414105087457	5.04331191005051	4.86799501745884	5.29799359401331	5.20457300491941
4.46325494703358	4.42252371646813	4.85352953800168	4.97922259946572	4.91099341696618	5.05821054190744	4.98505149702971	4.97345310011587	5.11202466013452	5.03441577855578	5.58116564541818	5.07098985054082
4.97344967935276	4.24381782948361	5.15579910711858	4.91255155982043	5.07700336840511	5.33521789029384	4.87402018464096	4.80764420714579	4.84764758780932	4.64350107347711	5.03843138008632	5.35362881431413
4.94242278373214	4.51738290280957	4.66861182208389	4.64561269953072	4.9908467246554	4.90269296428615	4.76154545538255	4.49952191178346	4.73887124189199	4.4381821654996	4.79742328058253	4.73282111464625
8.49656670247151	8.22987863852574	8.48387194222685	8.36843411137666	8.40934807923781	8.48472017398276	8.99627875245296	9.03102715034805	9.00588350347304	9.3259941118588	9.01350770602801	9.12966819590552
4.56181878151717	4.49091069144838	4.33740591360853	4.74749231354993	4.65497943881016	4.76753338100452	4.4298363397026	4.32959691034114	4.67671476582942	4.5045246603283	4.70431387619105	4.5898631608042
5.86180432352385	5.436462907426	5.84264122185894	5.76379412587904	6.04529450867777	6.1889971494428	5.92016196628569	5.95687021592027	5.94126063858081	5.508571493391	5.59537950463788	5.56714308430412
8.0025704450862	7.92831600375568	8.0497295131207	7.9307141376057	8.01423857300963	8.1099255784516	7.98003342226309	8.03498245108704	8.02738991476233	8.18866256614029	8.15337495775877	8.13418367702802
4.30963175792037	4.12834061206367	4.25767872113779	4.19495129052116	4.77583383368454	4.51476731062455	4.37991111437092	4.42913258389206	4.14519152406972	4.27671874280548	4.36035947497368	4.2903028789453
9.11234778517445	9.01911154230891	9.07611564867733	8.98618654721548	8.97199682373554	8.92090445378597	8.85450254017922	8.92631912452477	8.89570058572262	9.02632357688827	8.90071108899455	8.90652181842916
5.05306684741613	4.64291378489343	4.98807166138051	5.10397763047367	5.2904070065143	5.32650067319273	5.03106389478654	5.25016244284674	5.54374090056	5.17853834886658	5.39327409744642	5.27168720077795
4.88918076245516	4.9648418797808	5.05563494519315	5.09541561697024	5.17793227725589	5.24558067780916	5.17267850020548	5.32959691034114	5.22801795519934	5.2955777700568	5.54256280619443	5.37994009142997
4.22621574973273	3.84454764606309	4.24119059834922	4.12936294889358	4.56839175381407	4.45203155527659	4.14902723214083	4.40488503764538	4.11871931270853	3.50452466032829	4.36035947497368	4.36245266470113
5.06271701744985	5.24381782948361	5.57303416210166	5.31780803830669	5.40310713926367	5.39480668658364	5.02457986121634	5.06913644817118	5.19038029783597	4.87428128030628	5.4201407032991	5.46433227872035
9.18207319448952	9.16752079354296	9.10885988416002	9.07269554047016	9.08547258917392	9.11182928892033	9.00906247087461	9.02258595755394	9.05470281983737	8.83534085134786	9.0375641152325	9.07636302263967
8.89256657729454	8.95155618903057	8.76114310783775	9.06065019880957	8.85646104468539	8.85726758725967	8.79192925849395	8.7884429007825	8.78957223486127	8.59722242252936	8.81979109361098	8.70447311337032
4.32575142328364	4.51738290280957	5.03665184182557	4.73652119572893	4.87536950723546	4.72836278372384	4.58771599948432	4.46475649362278	4.56350415538143	4.59103365358297	4.67784166482985	4.61961050419826
9.36965970494062	9.3603617345979	9.33692105558316	9.34334313041383	9.3331607674915	9.30391937741911	9.315304456568	9.29990826916429	9.3067128077041	9.45006713465246	9.4037443637622	9.27461178122583
7.87144528091614	7.76944619082236	7.98188248397371	7.92589309705959	7.99914604787389	8.07000911322571	8.06779192803764	8.07010049434195	8.07979380080021	8.43233590756392	8.30665845514044	8.16603254306736
8.47595001988194	8.50503451038193	8.53887114698991	8.54072612736288	8.63647744729947	8.5794814143626	8.5045421481126	8.51871547701677	8.50274352868781	8.72749589613225	8.41146381592169	8.56523349429549
4.02372288583398	4.27518200039295	4.3218090585575	4.11248913032919	4.68272442929307	4.72836278372384	4.33868845164441	4.34242095069873	4.35251649731723	4.09488041981967	4.4465161187234	4.73282111464625
8.60456221987073	8.52962649856432	8.43668301649096	8.40527087955703	8.50666784367936	8.5195555494736	8.45054232256147	8.46182120259823	8.41163736455265	7.93718385013565	8.53889026698367	8.37558806689027
4.34169296715266	3.86530620622988	4.00770046812945	3.8929227530715	4.37786984776464	4.74153817247157	4.0115237083909	4.45297932584642	4.22181280567264	3.4882228479992	3.79742328058253	3.93563799764593
6.14223735709337	6.03980393746201	6.31394694078453	6.19495129052116	6.31277481954276	6.24558067780916	6.34650795610371	6.34560922832977	6.4512946517954	6.08135928016605	6.56440385473401	6.6808576930248
8.74078892256249	8.9208985321932	8.86769686992828	8.96284145788226	8.91903480867446	8.95099153810052	9.08542182205943	8.970358293693	9.02204329329686	9.32369911031556	9.2041114552483	8.94153859908562
5.13767907513107	5.10234540353073	5.28206287976475	5.01598114947584	5.29939578974156	5.3610578952291	5.24697228255279	5.22960112036442	5.43529417310169	5.10025359191853	5.41480725899606	5.24330539940813
7.10769392616823	7.18517183466035	7.04617461594408	7.05624501968956	7.06914125063214	7.24558067780917	7.48164640548645	7.45297932584643	7.51357893004974	7.00033478331267	7.40003779966572	7.31551344174258
4.38848717863161	3.78041730864337	3.84264122185895	3.83238121113645	4.27225965980404	4.56009130113404	3.83007683705337	4.03003662848224	4.25864957385301	3.71529175654512	4.01041700391672	4.0272684731115
9.27994773367052	9.3391858688193	9.24377932152881	9.34965690434603	9.33753091862833	9.33521789029384	9.33279588372121	9.30646784870979	9.32274696663641	8.77614505883996	9.34991772825204	9.20886036332251
4.56181878151717	4.42252371646813	4.78693178927266	4.69178288096365	4.94575883512686	4.80566850989129	4.32819607782676	4.68211332506193	4.52370314732345	4.39511344360772	4.65991975683259	4.79931652643315
4.08182584039755	3.71330311278483	4.04617461594408	4.14604169004021	4.44421234259334	4.48374041500393	3.88837547761803	3.89728141963046	4.06427152868615	4.13731568614007	4.13240752829533	4.13418367702801
9.02434034573679	8.99753049848697	8.86903891192355	8.98154765241196	8.88435829046271	8.89386911389915	8.85678564722461	8.88637664329159	8.92655123759438	8.48771043632949	9.09912731177388	8.85508749772882
8.6723144027513	8.71473364839127	8.62241031224465	8.80900670276264	8.7571972443174	8.78513719947544	8.82075104478127	8.79545479813787	8.90153555845271	8.42110865214066	8.85319869235398	8.84016157871054
5.53433804509506	5.56891320344965	5.62479558979141	5.69178288096365	5.84499585819194	5.93172201289769	5.87040893108859	5.9145594110623	5.93747899803838	5.66178642650486	6.10286325268132	6.19472521896307
9.75015102576618	9.73390831711402	9.74442234322405	9.5509385498222	9.65191220446235	9.65540675044267	9.48666756229928	9.59169175571132	9.48956813994007	9.39155697351586	9.34396701844561	9.4586857155792
9.99534517447197	9.98661769647723	9.93619883721585	10.125688628084	9.90216956657918	9.90085910737101	9.8974973364714	9.95295587407548	9.93297538709012	9.80563546176406	9.86449090108179	9.82468059192153
6.59212154168069	6.55300681254029	6.66243324715478	6.79056103544182	6.76937881154725	6.8820193960214	7.1189072437645	7.10720448900469	7.12870340128115	6.83453510151352	7.21910562262032	7.30410867847033
5.16481520506858	5.23586907636812	5.48474762968371	5.26534061841255	5.54590773966269	5.45203155527659	5.67724722107589	5.53346924370679	5.47235626732323	5.50046644375395	6.13889156186553	5.53628212059936
4.62831419330407	4.32098569000607	4.49868682064158	4.63383553175437	4.59783553170656	4.81815945407449	4.46856873419132	4.3036017018082	4.50338316294385	4.7567116839251	5.03147861944456	5.32682875497041
11.0435039960975	11.0383765157161	11.0028182467497	11.0321937527603	10.9755061785209	10.9884298871097	10.9665659261845	10.9374555870488	10.9550034919229	10.9121982157503	10.936625776725	10.8696671715065
4.69187932208154	4.82348603053525	4.78693178927266	4.59791595749942	4.89921624918983	4.74153817247157	4.5520920897536	4.71206654716356	4.51357893004974	4.67984292054083	4.91542048998098	5.09236350133339
4.35746028301098	4.32098569000607	4.75244341288737	4.59791595749942	4.82645990675452	4.87904169622151	4.85952061494585	4.81686273717516	4.89521327106137	5.15807424630687	4.97461628248888	5.22406918054521
9.14394300660147	9.15387570417081	9.13084316028971	9.20592999825823	9.12645736157238	9.14567338315778	9.18726603642853	9.14977587275633	9.175206504055	9.28411491937004	9.18504900803657	9.11538396989928
9.16145097103521	9.22486753574225	9.18410950314195	9.12463710103976	9.23877423809898	9.11182928892033	9.10974724447902	9.06624043841808	9.0955751012529	8.90300416419278	9.29871765678429	9.07502160455987
4.78809463734084	4.7913056247861	5.13809710538512	4.70309819419148	4.80136892579168	4.75459432529702	4.65642874956834	4.87097014251462	4.63061835123997	4.72923094750299	5.13889156186553	5.16477199686144
5.26852655459069	5.40135910647009	5.55313460466396	5.33972281473513	5.76289477797705	5.51476731062455	5.4298363397026	5.22960112036442	5.27072240615358	5.4466437442478	5.8298447582749	5.79280321947448
5.5686079471798	5.41550328879036	5.71113643873045	5.17070374427448	5.64795901113239	5.63260380091841	5.33868845164441	5.41705975159148	5.47757397659425	5.29088607473208	5.52781622082525	5.73282111464625
4.49210980970576	4.24381782948361	4.55313460466396	4.31780803830669	4.3607963344057	4.51476731062455	4.60520342621317	4.35513200244828	4.31802812093193	4.4466437442478	5.0928791641087	4.61961050419826
9.88510726786873	9.94973498739059	9.85894303418805	9.9654867179425	9.89921624918983	9.9172805005092	9.85518785174665	9.83058101842295	9.86417577981547	9.68409833087238	9.88825746881397	9.72428948102513
9.72188046001242	9.7282534542508	9.68165408888886	9.69249269403621	9.71625231215373	9.74808101833835	9.68240523529706	9.61994495180819	9.65240954753776	10.1227039130275	9.61556966436097	9.699693815083
4.38848717863161	4.32098569000607	4.77552702600041	4.6803781176914	4.86329667493489	4.83054317853032	5.29085992655379	5.32314188820385	5.38064009823162	5.85851396444796	5.66442114906753	5.91179125569157
5.1100227322282	5.30587879761586	5.43487172304414	5.86800512086717	5.64090425359844	5.54514095966807	6.08503237812648	5.95269453994907	6.10866564804461	5.86484158441997	6.42810408160951	6.0492947794415
4.373057138062	4.42252371646813	4.77552702600041	4.57346291377489	4.80136892579168	5.23630286422115	4.4493325153284	4.55566498982099	4.58300033100722	4.59103365358297	4.9002340861663	4.87526537966645
5.95801963878315	5.86530620622988	5.9530652115526	6.20294408127469	5.94002246557772	6.1450538018552	6.4322878186967	6.56390113992075	6.74321017761632	6.59103365358297	6.8338466888324	6.75644471917214
9.16313406868777	9.10725531765454	9.0842272084287	8.85791630324358	9.02443914607924	8.95028242280441	8.91403586348885	8.9625921074841	8.90638007288027	8.51411741860242	9.03191415002624	8.87911359491392
8.86180432352385	8.86401751026131	8.7604201336102	8.85030311913371	8.86329667493488	8.96088272795816	8.99379134659387	8.94378089513182	8.96048747821972	8.48514564447019	9.09162628079862	8.92748506279671
4.34169296715266	4.00280972997982	4.19056452527925	4.25768704586912	4.61233510140167	4.33521789029384	4.02457986121635	3.99797541924993	4.31802812093193	3.58338008103954	3.4672746788902	4.07098985054082
9.27580503149621	9.32754553585565	9.13754040268059	9.34920683569758	9.24169172148128	9.25019730587953	9.36041277891693	9.21703514328349	9.30267626801123	8.87975938034434	9.4425904155096	9.18480975009798
4.75276156422856	4.65488642655951	4.71711033977509	4.43101864875468	4.91099341696618	4.97140571437017	4.63104343114842	4.59905758533437	4.64923402940731	4.35071932424926	5.07270128217107	4.77308498485997
9.09481786061687	9.06694006739953	9.17328653384742	8.89539100866225	8.94933251800668	8.96930724848617	8.81183535344439	8.94325484406277	8.85116942575224	8.98698141305564	9.02098624562691	8.89668436330136
5.12851907584559	5.11106262063184	5.10202785067759	5.63383553175437	5.19729760212282	5.1099255784516	5.65222876103905	5.49378554223431	5.70368181342969	5.332571977539	5.96004348140161	5.75978816224652
9.02186891893817	9.06581952750562	8.97504358064809	9.03960475400174	9.05195823895878	9.01138739986168	9.03389152141935	8.96207287226493	9.03493053629353	8.74002799715569	9.25050680674763	9.03625725633876
4.29332994559126	4.14541412542262	4.4276037225801	4.30301103637861	4.56839175381407	4.68809891351012	4.21884868163841	4.3036017018082	4.2464748599069	4.30491563463614	4.24488225755375	4.44784415593178
9.36235243771876	9.36401297360062	9.25151773651111	9.35728666725102	9.28927946050858	9.33141058731654	9.26771094882842	9.28628420559013	9.35038496030172	9.18012494865355	9.26243305428443	9.27168720077795
9.16761275304794	9.12404047463005	9.22346300579987	9.27911006839826	9.10354685740476	9.19379813570661	9.05830047906035	9.1086126833975	9.12538304298954	9.18519037423348	9.05823592023279	9.03004022236156
8.71501228762906	8.80278512167182	8.55229947002942	8.90092919220368	8.59418775469141	8.6965803902652	8.69776954494924	8.80648773811321	8.71918290696987	8.07045038099911	8.87326703856603	8.63789585722601
8.96575528756276	9.01447264750539	8.86769686992828	8.99138753637245	8.77985360513689	8.8916546928337	8.9039147343043	8.92950975252827	8.91505941414335	8.59103365358298	9.06548673097066	8.73367150962571
3.85626613998243	3.46394364384811	3.86433629295826	3.65729450457835	3.9908467246554	3.84282150830876	3.75372595092325	3.67198910778822	3.38619962357352	3.36864123224652	3.65991975683259	4.15464777958773
4.56181878151717	4.45026870695103	4.88570994375083	4.12936294889358	4.65497943881016	4.40312195479564	4.64801650975214	4.63076644506171	4.53375681198738	4.48000234119423	4.82984475827491	4.97068494474514
9.22943246241627	9.35073303340012	9.17599989752271	9.24274170042952	9.22527729770633	9.18598839957046	9.25564965167463	9.21529328368054	9.27072240615358	9.48719784259843	9.26798972455425	9.11277157436266
4.02372288583398	4.07587319216954	3.5261675570637	4.11248913032919	4.15830347050696	4.16963182457586	4.73000988194945	4.60970482953388	4.67671476582942	4.86799501745884	5.12589422133666	5.18480975009799
9.86387567354355	9.83569974414456	9.83235824859709	9.82430791060077	9.81004325935752	9.8232031691838	9.74611017397576	9.7255899912633	9.73124656179189	9.88365961262214	9.74313312508157	9.76020554834545
9.30912510469623	9.26301139471692	9.36287296529586	9.06284775451381	9.26080054442898	9.23164148685129	9.20708606271732	9.27921521444899	9.15173436993649	8.89606996907156	9.04922842973902	9.38156872194072
9.11756549444547	9.10015784429297	8.94226797176738	9.08301801183802	9.00739790091925	9.07131412918162	9.14790900830946	9.14658053359653	9.15499469910008	8.93116634384793	9.21066654221583	9.05950497804372
6.3884871786316	6.093575193903	6.3218090585575	6.31780803830669	6.7498386251516	6.54514095966807	6.75372595092325	6.69716767078422	6.74753610301911	6.58338008103954	6.86546866800563	7.05474920953361
4.62831419330407	4.59400418441248	5.07437150777473	4.73652119572893	4.82645990675452	4.75459432529702	4.68959561350353	4.58833117874131	4.61175932398864	4.72923094750299	5.05223717961135	5.20457300491941
8.04335169258291	8.03179212370542	7.91978061984052	8.0034507545197	7.98249938194188	8.12634154159303	8.26496295744351	8.36537789939489	8.33967977855185	7.98080439425139	8.43931081636851	8.35915004202829
4.99376966373236	4.50420751406184	4.57960681602515	4.6803781176914	5.09776192857191	5.03699405599774	4.68137510669857	4.9145594110623	5.02204329329686	4.21861578824192	4.36035947497368	4.86288165521062
9.50720740251566	9.47875366580409	9.60237812368381	9.47788525379265	9.57488412432473	9.51716341654138	9.49607200409734	9.51730245531626	9.50146340878049	9.83735325931943	9.44912733217994	9.53384307514794
5.86180432352385	5.54980438050195	5.61202829371753	5.58574124355332	5.92848084369502	6.02626764940468	5.67310749071497	5.80764420714579	5.9107262704327	5.18360933841401	5.51291734444591	5.70534037822414
9.29793347914388	9.27711980463444	9.24739574787593	9.18792108845363	9.17549323180448	9.17692431714222	9.20994642556933	9.13511048557458	9.15662210484613	9.01534437911856	9.09829578723161	9.17043580146097
9.58962048059625	9.60677319263103	9.59995546141695	9.56844483900826	9.54165269631343	9.5498296054617	9.48489738411291	9.45482585757283	9.49568877115385	9.4589823995536	9.52905087647689	9.40684678405959
5.26016308165606	5.12834061206367	5.30604174269919	4.73652119572893	5.06651099458747	5.13010346038922	5.0115237083909	5.02208787536675	5.07807732821119	5.26719596868698	5.4465161187234	5.40578009636523
4.17374832983859	4.16228794398701	4.39815994468762	4.11248913032919	4.68272442929307	4.48374041500393	4.36971534726503	4.31665785463365	4.49311482749003	4.28617907205455	4.73887109822741	4.52846261614006
4.78809463734084	4.65488642655951	4.90677155927866	4.36130967694328	5.24460331690118	4.99360146048436	4.84487383898145	4.97345310011587	4.63061835123997	4.32341197825353	4.63261241083685	4.88754370944489
9.28046473602003	9.18362304756486	9.25460151760878	9.08788194428483	9.08936475441473	9.14876730465426	9.06186709408054	9.17553493366635	9.03846547231233	9.03546794467089	9.16612814613934	9.17043580146097
4.26016308165606	4.00280972997982	4.65622809762806	4.14604169004021	4.68272442929307	4.48374041500393	4.11280704422808	4.25016244284674	4.27072240615358	4.31419344822415	4.76425641664733	4.86288165521062
9.70887967460774	9.66897608147963	9.77588479290637	9.56689729792033	9.62669039437874	9.54936142598627	9.43167533936638	9.47206869904265	9.44996803557237	9.71463504078799	9.38988031785061	9.4488802026843
9.85834545099461	9.85788043489757	9.82822444909007	9.72268892254936	9.81671061272076	9.79069366592375	9.7394441629541	9.73473837347749	9.70840513314126	9.8156734230266	9.63948785692778	9.7551889276747
8.80184503276667	8.81083365044537	8.68622923555895	8.69532845915737	8.72753485078711	8.68979920249995	8.57612359127035	8.57887970339674	8.60879020369619	8.04281169967684	8.63146331078336	8.56809693229979
4.13767907513107	4.47749017568606	4.45645858525229	4.3895987213747	4.72336641379041	4.86706905455543	4.02457986121635	4.60970482953388	4.41911424604625	4.15807424630687	4.28050616728447	4.54405947119108
9.70426304653737	9.75317957566802	9.61002315782715	9.67607798025777	9.62490377490472	9.6418561141566	9.6200641676393	9.56970676160196	9.60908739085162	9.42003481878934	9.530284476416	9.51961471422154
6.00882400945464	5.82348603053525	5.94799422200517	5.93671787095118	6.13338583830263	6.06346626735894	6.17267850020548	6.24675584140349	6.1967218247098	5.87428128030628	6.49786299872361	6.4519838862927
9.22029975059474	9.23736280734631	9.05622416106447	9.1838883952873	9.1840119113726	9.23047378541895	9.2035026156666	9.12354851440538	9.19790776397995	8.79532013796077	9.23734858486834	9.18667409889186
4.81117825045388	4.64291378489343	4.80947435792375	4.6099887898	4.72336641379041	4.85499622225486	4.622481417645	4.82602273646064	4.63061835123997	4.35970810747652	4.78093515779396	4.99358534685521
9.2358444509305	9.23935204591157	9.22974470675854	9.10077282713975	9.24343938376755	9.25365010778505	9.08347355026991	9.08209702979716	9.08193652366682	8.91372487731166	9.01659180104469	9.05950497804372
5.08182584039755	4.80211237974269	5.15579910711858	4.8929227530715	5.2813618669113	4.99360146048436	4.92365095236556	4.81686273717516	4.97116212429467	4.86799501745884	5.39868759363278	5.08171625713388
9.00632583559945	9.05795128417227	8.96942390015226	9.0216410038942	9.02714716196751	8.96158665333972	9.01029361449155	8.94378089513182	8.99318843062467	9.21954187902426	9.12752530691559	9.00208014102067
13.3183436347256	13.2688661002462	13.350495913049	13.2726868317828	13.2381900327697	13.2171610760908	13.254935740712	13.250215607221	13.2402528300486	13.3260120271936	13.1537752060734	13.2042279313581
6.01877366986225	5.88577030878959	6.30207284049624	5.72546600721994	6.14838800164188	5.95453189580577	5.98838720959296	6.03399464205092	6.00768800031979	5.77362506686145	6.2892763769122	6.05474920953361
12.3951862721188	12.3960190817149	12.4079452835848	12.2658176212408	12.3150618969246	12.2676639075364	12.1798995314198	12.2316489490133	12.1625061093719	11.9171064000094	12.0200535454862	12.1318470673086
5.70426304653737	5.58151324022929	5.71711033977509	5.72546600721994	5.95147248632125	6.05293559986677	5.6267687760481	5.55014798485342	5.59265050104094	5.31419344822415	5.61876243207583	5.73961028030889
5.60868538655514	5.29061204096255	5.69911391048124	5.36130967694327	5.52306776330458	5.95453189580577	5.47809150830983	5.55014798485342	5.57328517617401	5.66178642650486	5.552310782746	5.67732600205454
10.0110063686577	9.90281394000309	9.94672368467877	10.1191039747507	9.96141724779276	10.0154608944481	9.87198996690807	9.90864341192432	9.95558788656805	9.88832601574455	9.81852944504707	9.72813496097643
4.57536531335511	4.56891320344965	4.87506269955132	4.43101864875468	5.10803026402574	4.79306847311166	4.64801650975214	4.81686273717516	4.98588363000144	4.36864123224653	4.4465161187234	4.87526537966645
4.04335169258292	3.94547655491387	4.24119059834922	3.91255155982043	4.07700336840511	4.33521789029384	3.78475284654388	3.89728141963046	4.18401077296025	3.77025821576305	3.90784727027618	4.09236350133339
8.35746028301098	8.34335350303452	8.5926629688506	8.50075972004524	8.49497815076351	8.4886325697117	8.46677619508199	8.43138503562344	8.52054695476976	8.95841951238646	8.3727906245225	8.69402506499631
9.90937747644198	9.91779662809372	9.917188175224	9.84775643702336	9.79303994159722	9.83822937167545	9.71498688912838	9.71945868139359	9.73642484368581	10.0211985447104	9.69471871940986	9.80620484613207
4.35746028301098	4.05795128417227	3.96817210394281	4.43101864875468	4.86329667493489	4.51476731062455	4.23016399486624	4.52224198828354	4.48277288326857	3.74303674702803	3.50791666338755	4.43116541478515
4.373057138062	4.50420751406184	4.4276037225801	4.41734371185761	4.59783553170656	4.49933727005495	4.33868845164441	4.36773203922791	4.47235626732323	4.19871623080421	4.52781622082525	4.41429159622075
8.88578698285934	8.89147392059705	8.89298460754858	8.86170788240596	8.8940333515005	8.84052726710294	8.74043366576442	8.78433683365372	8.71918290696987	8.98044021526652	8.86791019006555	8.82985940061157
3.89998751741174	3.46394364384811	3.94799422200517	3.81162265096965	4.32603091624502	4.43591188991331	4.17267850020548	3.8441700831709	4.27072240615358	3.42110865214066	3.4465161187234	4.27168720077795
9.65487501957521	9.64816404558063	9.67591467656837	9.41991765552143	9.58594637692114	9.51044426581566	9.41875284057359	9.44742550771775	9.39725481208251	9.30869194516466	9.37175877679162	9.45662692815755
4.83389832695397	5.07587319216954	5.21609961738639	4.87302319563379	5.08741998435045	5.17934697940908	5.03106389478654	4.95687021592026	5.02204329329686	4.84257242057894	4.96734828202484	5.32682875497041
6.41509890887892	6.48085702678446	6.57632423203585	6.84264954659028	6.51537337151458	6.6431730426286	6.89372209908351	6.69466949692902	6.76897327368141	6.7550093886941	7.00687664621148	6.90576746806379
9.56987736656737	9.52310951383653	9.55480342502458	9.51567663832686	9.51054345391039	9.4505279646862	9.42922281851926	9.45445674025193	9.4241899931872	9.58218053408352	9.4425904155096	9.43011656338243
9.38127489045207	9.37987937905964	9.49868682064158	9.39614948958848	9.33097071767301	9.38486965045987	9.25772447711502	9.28046520301026	9.22453084315705	9.45426941700723	9.19402806176439	9.26758280244521
3.96318134389894	3.90594819072722	4.22451185720259	4.00687894236859	4.15830347050696	4.30002846183154	4.02457986121635	4.34242095069873	4.25864957385301	4.23824459499085	4.61411606721947	4.83779067424779
4.30963175792037	4.25958514534193	4.55313460466396	4.25768704586912	4.58318875574215	4.53003406727786	4.52478474375787	4.45297932584642	4.31802812093193	4.05115904239035	4.62339388080748	4.64875684985777
9.1445111086135	9.11160570177542	9.11961153453994	8.88051773218072	9.08222107767613	9.11499656799902	8.96529687900619	8.96414869282578	8.95114053887861	8.59246418918941	9.01835118545894	9.0098233386521
8.91004585497647	8.97502494705049	8.81783783085837	8.88611319507424	8.91757606735615	8.97419892926185	8.97205226760149	8.89183933456222	8.98084003819703	8.52564500674994	8.95866970408064	8.79443430505341
9.49121677653526	9.58112115025789	9.51249262016661	9.56030166569965	9.53310477442231	9.48226952783398	9.48666756229928	9.47389097418816	9.48827627055365	9.81791727578713	9.47113387434583	9.39399418198752
6.63802934813728	6.77494217857722	6.58614966189192	6.7825829780183	6.73335050236303	6.7803574213621	6.98838720959296	7.090198063699	7.02738991476233	6.67084292228987	7.16929890574728	7.07367893806847
4.88918076245516	4.92584774816493	5.16456931674631	5.05182634842256	4.9908467246554	5.16963182457586	5.2245174317251	5.22268170642463	5.32961609520715	5.03441577855578	5.31527158544515	5.33581753819767
9.9893490582661	9.99635470784251	9.93363575407954	9.97776753626533	9.88585099110379	9.9048905199904	9.92408648294725	9.8850077324375	9.85943704173584	9.83554221851141	9.84999133138668	9.80256218593681
5.373057138062	5.25958514534193	5.42029892195687	5.28052702222723	5.70994589802809	5.61838994169871	5.07565404581061	5.29042631306046	5.43529417310169	5.21366657227018	5.45173382799442	5.68438075958849
9.115248841935	9.15334830696483	9.17165606272919	9.05348493650432	9.05859133129123	9.03632598696942	8.9754181368235	9.05897487811895	9.04726510338046	9.06702436409368	8.9813969390609	9.08704970143692
4.2768418228027	4.33593603147204	4.49868682064158	4.62196143146608	4.53833451995789	4.80566850989129	4.74586383315028	4.31665785463365	4.67671476582942	4.84897019177709	5.11935137546989	5.11342511686122
4.97344967935276	4.84454764606308	5.01741562296265	5.17070374427448	5.1876474320891	5.1200497957253	5.0819130362823	5.270434837873	5.07119094262595	4.97715846094658	5.46211297377442	5.52060049836709
9.30811126414791	9.32661023919995	9.35331549383383	9.30579705920945	9.37042503560348	9.35892215088511	9.26255416373276	9.21180324256906	9.28864431415084	9.66948806693199	9.2746296009478	9.42538727290883
9.56096788497767	9.60291571696151	9.57056167642214	9.60283273654899	9.49546711705895	9.57258625208558	9.54049275348304	9.47680183528337	9.53625931919055	9.63032990530175	9.51198103611176	9.52257004821686
3.64125324901157	3.32098569000607	3.68089015186233	3.58574124355333	3.9908467246554	4.13010346038923	3.51556621372849	3.73169535391249	3.53375681198738	3.02879122936191	3.48773878144991	3.43116541478515
4.82258301372613	4.51738290280957	4.63113711666523	4.47128251896841	4.89921624918983	4.87904169622151	4.28544643036743	4.66179334068233	4.72138381516315	4.52064432569157	4.51790075196016	4.70534037822414
8.77274278442014	8.87301430136514	8.72528427122079	8.83880748029588	8.74408919238648	8.716734781471	8.82355511765797	8.71268400706636	8.81246437827562	8.7965618781386	8.97506931908889	8.82667464205362
9.94959227915098	9.92306590362481	9.95906395217404	9.84232976491083	9.89031984870143	9.84396726220688	9.73622358369419	9.75196208152095	9.72055886800969	10.0044601029558	9.68699637997297	9.78215597527497
7.51161796859498	7.63235559319485	7.58778074747085	7.64854203056939	7.63381482881212	7.49350819125274	7.70589742583264	7.65795127438794	7.73451921735228	7.3697539936136	8.04275990130783	7.69489863150249
4.53433804509506	4.58151324022929	4.75244341288737	4.70309819419148	4.80136892579168	4.66061817708801	4.4493325153284	4.70215107829847	4.52370314732345	4.24795974982406	4.51790075196016	4.5898631608042
4.77641283229321	4.58151324022929	5.13809710538512	4.86296953096987	5.03456810208471	4.97140571437017	4.81512649558739	4.8441700831709	5.13201613532199	4.6870027121137	5.13240752829534	5.25282817352663
7.15807887357271	7.14329095352964	7.27600536894438	7.29928795033589	7.40934807923781	7.39897031152517	7.52018284179886	7.5869847530338	7.65845255943669	7.74303674702802	7.27315671154892	7.47454247732256
2.64125324901157	2.43646290742601	3.19056452527925	2.91255155982043	2.77583383368455	2.81815945407449	2.95808444942944	2.80764420714579	2.64923402940731	3.02879122936191	2.86155361800224	3.0492947794415
9.9811032518962	10.0162139815018	9.88835952216478	10.0176814384657	9.94540097947802	9.9755935113336	9.95169045887372	9.92525401185854	9.97531775378598	9.83272051733635	9.92224954968979	9.89706396994501
5.87829244631242	5.87557454168371	5.89627918546102	6.62493913126597	6.39474366632904	6.46002434603012	7.08035083251201	7.14062749054215	7.16957568269668	6.63981602666925	6.90404570011632	6.90878250581923
8.04943132669962	8.21276939322438	8.26381350730989	8.21188335625599	8.2116528950999	8.27759107271179	8.23157218925905	8.08352993344837	8.27447454101469	8.62031357593264	8.41547501880474	8.21800487972495
3.74078892256249	3.8857703087896	3.92753011944546	3.91255155982043	4.68272442929307	4.2081059723905	4.49695053556114	4.35513200244828	4.56350415538143	4.40383066070882	4.50791666338754	4.82507962249824
8.26956858789052	8.40490817355116	8.21925995827972	8.40180286096182	8.31499264479258	8.32977580522559	8.48578274470584	8.44185022688679	8.49761621972497	8.67579986780355	8.3871595343174	8.39721808286181
4.65407728936915	4.45026870695103	5.11113005778484	4.53598820835622	4.87536950723546	5.08946147589188	4.41998855374626	4.36773203922791	4.84764758780932	4.78367873152537	4.60477820264013	4.73282111464625
3.81117825045388	3.54337811134251	4.02706579299637	3.12936294889358	4.21640642507053	3.96017845894691	3.90258933683774	3.56663610764199	3.49311482749003	3.11625407061224	3.62339388080747	3.91179125569157
9.761305939903	9.77185326211993	9.79260053935935	9.78956618765555	9.66588091912965	9.69404117862546	9.68008641073	9.61829822746449	9.64807756037473	9.71485397925732	9.61760224299771	9.68306061762581
4.41886082767512	4.29061204096255	4.72898444006338	4.45798569635495	4.7498386251516	4.83054317853032	4.57889214909732	4.45297932584642	4.51357893004974	4.7012165713334	5.00332757913041	4.93563799764593
9.30150387703696	9.30160132606924	9.2427443896043	9.32285965748991	9.26195056046508	9.22579350543137	9.14977223346949	9.18802201661302	9.1336696541745	9.26001241007309	9.19907856794062	9.05338753407539
9.19639013300003	9.21681339038073	9.16784444877917	9.08247656126274	9.16508103815011	9.0732694423893	9.13366930529012	9.06768916996163	9.12579850592715	9.32513391405479	9.12711770837046	9.01332928215363
4.41886082767512	4.56891320344965	4.04617461594408	4.47128251896841	4.95716359839911	4.70164544534806	4.33868845164441	4.52224198828354	4.58300033100722	3.78367873152537	3.84578630214393	4.55948951176068
4.98364544645865	5.11972748175896	5.31394694078453	5.24225700529951	5.49986037214325	5.55263549621499	5.24697228255279	5.53905027597009	5.48277288326857	5.07318534872035	5.52781622082525	5.56714308430412
9.28046473602003	9.26837911457376	9.25665371573702	9.20841355032772	9.20509111184269	9.24673622055487	9.10322354252771	9.16970041473846	9.13985352579788	9.23641569758866	9.17994906104478	9.13418367702802
3.9213611682043	3.94547655491387	4.04617461594408	3.58574124355333	4.30832891451157	4.54514095966807	3.63955493100394	3.77016950172712	3.99318843062467	3.38634323397998	3.69554366656332	3.36245266470113
9.41227101831477	9.46988590896346	9.47111437893428	9.56651015313312	9.44218466124636	9.51380775286328	9.39946269065909	9.35592273693828	9.41368035999562	9.77928887146098	9.38033504173892	9.36080229841147
9.28459409852688	9.37491157153717	9.23183254365098	9.32331801969897	9.32713011251983	9.36585179122878	9.39758214069798	9.36183947130471	9.4123186845374	9.10860931457425	9.45628389497222	9.39345616406561
4.89998751741174	4.54337811134252	4.63113711666523	4.74749231354993	4.94575883512686	5.16963182457586	4.61386828734029	4.87979399290162	5.04331191005051	4.21861578824192	4.70431387619105	5.0272684731115
5.88918076245516	5.82878033020476	5.92236841432968	6.32148369645009	6.44825917565604	6.57856396120552	6.6267687760481	6.5023815659227	6.6880123571638	7.1294535683671	6.52286700485351	6.92078003891882
8.74229094772772	8.74305045617888	8.82407877083252	8.75430713510625	8.71415323562908	8.72256049765731	8.62569813032854	8.59504452282775	8.61826995881232	8.92928071419655	8.79023290237605	8.64875684985777
9.70772690184094	9.67155660223566	9.76763362384277	9.69142784342257	9.7216956608059	9.66148492090554	9.78810628165369	9.79166091802464	9.81013974159541	9.97460081426272	9.86644577271002	9.87333741594122
3.71654137631581	3.78041730864337	4.17328653384742	3.87302319563379	4.15830347050696	3.96017845894691	3.97163098126738	4.31665785463365	3.90299062165309	3.87428128030628	4.05223717961136	3.93563799764593
4.46325494703358	4.72470787605708	5.17328653384742	4.8929227530715	5.20688365095202	5.07911953167042	5.02457986121634	4.8351249435679	5.10529879694621	4.81015094288656	5.39868759363278	5.32682875497041
5.78226555853864	5.8958945260633	5.9530652115526	6.09541561697024	6.06651099458747	6.23630286422115	6.44690985306154	6.46475649362278	6.31511652551203	6.59864683769285	6.24187350768141	6.44784415593178
4.26016308165606	4.05795128417227	4.36810271083144	4.07813762553841	4.25388113048919	4.40312195479564	3.95808444942943	4.34242095069873	4.2464748599069	4.30491563463614	4.1834817128896	4.37994009142997
5.30150387703696	5.14541412542261	5.57960681602515	5.56728433884576	5.56093594889502	5.56750877269652	5.70589742583264	5.89292939509076	5.88346806338828	5.61750586494416	5.98904335312416	5.98218058358297
4.24328926309166	3.80211237974268	4.69306486580843	3.95102570763507	4.56839175381407	4.35249588172568	4.14902723214083	3.86209199116817	4.2464748599069	4.09488041981967	4.4465161187234	4.66311214283484
7.61525804047862	7.60484574405991	7.52616755706369	7.86170788240596	7.77422278377857	7.79306847311166	7.94784041793264	7.87428541407897	7.94973326023583	7.56795004046993	8.01394869488698	7.87372321485805
9.62424682370588	9.70936181008527	9.54266051305815	9.58344700234751	9.59829085600918	9.69488807917275	9.64775283524882	9.49987967868942	9.61264886982356	9.37502792075215	9.56921284265642	9.5250282104079
5.11930054581622	4.8857703087896	5.32180905855751	4.82203926691499	5.2904070065143	5.06870291572508	4.93752312694712	5.3036017018082	5.12538304298954	4.7012165713334	5.39327409744642	4.99358534685521
4.67938837789834	4.24381782948361	4.71711033977509	4.31780803830669	4.96847891162694	4.98254627197537	4.61386828734029	4.59905758533437	4.89521327106137	4.30491563463614	4.86155361800224	4.82507962249824
8.32474920369427	8.3978012870569	8.46269438704846	8.77924572221399	8.69384516952258	8.70669278008538	9.15497649847202	9.15841342991946	9.18560579251563	9.32885773931922	9.17640773774257	9.23852033684275
7.95283939967748	7.77768234092213	7.91198926854968	7.78124900192613	7.94575883512686	7.95735793988454	7.89372209908351	8.03892693759315	7.89423814764413	8.07727810335424	7.81271160847171	8.04655981172026
8.72111894242235	8.61943017567328	8.91524078004747	8.60245511711459	8.72919885909257	8.68724801697062	8.59320362512275	8.78609800787962	8.61708839032622	8.91601184483029	8.53090088105724	8.65864143878962
8.88442723248452	8.72044164808605	8.84537101461452	8.77523079835871	8.88061976792267	8.76430948013023	8.72201709119591	8.78433683365372	8.6698934999734	8.65996828506588	9.02317845854058	8.82028395589659
5.78226555853864	5.67266112828748	5.92236841432968	6.00230621257876	6.03456810208472	6.08946147589188	5.98170805395534	6.04580394434055	5.97854165466027	6.02314466622076	6.69113848744331	6.50474654716626
9.18979996528238	9.15387570417081	9.15689830339338	9.10184188612967	9.06848413604967	9.04962894006282	8.95211760766763	9.01108633474088	8.91120837404316	9.02843896589027	8.95316147578883	9.05202457219707
9.09716752732663	9.1612390925843	9.09573660366147	9.0289657747669	9.05195823895878	9.03632598696942	9.05353123491247	9.01158822900264	9.01712475592788	9.2518879197096	9.00332757913041	8.88295157281159
4.06271701744984	3.90594819072722	3.6056020245581	3.79056103544182	4.27225965980404	4.35249588172568	4.06305400903098	4.12215483047067	4.15824767689517	3.11625407061224	3.38238578130368	3.78626037360771
9.88442723248452	9.83339695827513	9.89166466688845	9.79056103544182	9.76695071272856	9.78752116318103	9.70792226131013	9.70990335402266	9.71945820418298	9.8916222762599	9.77963905219884	9.7001289515788
4.97344967935276	4.72470787605708	4.97815619251543	4.6099887898	5.08741998435045	5.13010346038922	4.69776954494924	4.7414105087457	4.75614923332382	4.30491563463614	4.57639640127031	4.88754370944489
9.83213614884201	9.80849079752677	9.83132590863111	9.73065867644026	9.72294890690256	9.72214515432901	9.68600490399264	9.69935002998723	9.66789787367235	9.50021242578676	9.87156474333504	9.67820973564474
9.89391868146182	9.85593697473718	9.77624247111345	9.85918127048016	9.82529346412995	9.81660398757244	9.68831424292379	9.71484303799549	9.74212666645695	9.61891040346908	9.69609336938608	9.68833395291845
9.61156460783472	9.62438593045556	9.63941829174903	9.6580214862218	9.55109136289396	9.54090811054587	9.50425090050065	9.51800913916134	9.53030876136187	9.69101453467974	9.46405077801591	9.49675375641272
10.2899960119182	10.261299287152	10.2787848856023	10.1540516589045	10.2202571686628	10.1496941887471	10.063844743521	10.1304968102615	10.0244962880063	10.301566792648	9.94138619283261	10.0867169381922
9.4564077816373	9.44940970422194	9.41065489563916	9.25960424886341	9.35164317226205	9.31277369008122	9.27455811422469	9.30769445644208	9.28269504781965	9.46185499448397	9.25275050088709	9.32964377057747
5.04335169258292	5.03064393817654	5.28206287976475	5.26534061841255	5.58318875574215	5.22696499964181	5.21315756956055	5.18757790546872	5.11871931270853	5.0287912293619	5.03843138008632	5.08171625713388
8.85348905531185	8.8825918650257	8.72972333638728	8.87989467233908	8.80689498742428	8.85272127559547	8.74487804900473	8.74019968614765	8.73451921735228	8.3433744736361	8.74738259808293	8.65953668861102
5.03357067179033	5.11972748175896	5.46358301968567	5.21089283439018	5.31720706585802	5.24558067780916	5.13103080284699	5.07683083996118	5.09175226510826	4.9053081759269	5.58116564541818	5.40578009636523
4.72871609026191	4.82348603053525	5.17328653384742	4.91255155982043	5.23526545232184	5.32650067319273	4.76932280597427	4.87979399290162	4.93368741887601	4.77698407895136	4.99620314469703	5.16477199686144
8.95801963878315	9.03980393746202	8.91198926854968	9.08355925928045	8.95716359839911	9.01206711485229	9.00124073512904	8.96051404440837	9.01039052069961	8.55675687049585	9.10906840220803	8.91404370742295
4.69187932208154	4.56891320344965	4.77552702600041	4.47128251896841	5.10803026402574	5.15000301782693	4.77705845475388	5.03794182656758	4.83956524151146	4.38634323397998	4.68671981617631	5.12384173280656
4.94242278373214	4.61866623864675	4.88570994375083	4.81162265096965	4.9908467246554	5.00457257830536	4.90964409437169	5.00605776554779	4.73887124189199	4.69412714654708	5.09954289438971	5.13418367702801
4.71654137631581	4.39423467203671	4.61842606491568	4.33245481427109	4.82645990675452	4.48374041500393	4.47809150830982	4.7219143331199	4.56350415538143	4.16834258176069	3.99620314469702	4.39721808286181
4.83389832695397	4.59400418441248	4.85352953800168	4.69178288096365	4.95716359839911	5.0154608944481	4.4298363397026	4.64118306100705	4.81504292237739	4.65814784944151	5.33234509880409	5.07098985054082
10.2197607275954	10.2617886681068	10.2252979956514	10.4433005829594	10.3664208835996	10.3492719808514	10.4820901523626	10.4642065812697	10.4734992547959	10.4807750065921	10.474822608048	10.4327372635416
4.92136116820431	5.02142540814716	4.89627918546102	4.98850041305373	5.2904070065143	5.48374041500393	5.15497649847202	5.19466733025504	5.26469861852581	4.71529175654512	5.17719545004217	5.19472521896307
8.95478416974176	9.0069024846137	8.94481577824128	8.89415740872314	8.91830562238605	8.94957295879165	8.83980446930305	8.93322325532733	8.92559707417277	8.56455260734856	8.97370978227628	8.91629264792651
8.11930054581621	8.08806661508035	8.04379980875617	7.90522201802194	8.07569598721832	8.02761281970344	8.05830047906035	8.01709757277474	8.07377719077756	7.85533971665281	8.14050802706645	8.10949941364742
3.89998751741174	3.43646290742601	3.6056020245581	3.74749231354993	4.47627355182564	4.38644321364901	4.14902723214083	3.87979399290163	4.09175226510826	3.17853834886658	3.17088167610997	3.70534037822414
5.95283939967747	5.67853769462415	5.9681721039428	6.26915223236257	6.00739790091925	6.16474960319612	6.43473513911544	6.53626245859847	6.62592665591524	6.42325392397221	6.87908827729475	6.78953550564057
3.83389832695397	4.05795128417227	4.02706579299637	3.81162265096965	4.32603091624502	4.46797309914561	4.13705459047476	4.277129490447	4.18401077296025	2.81015094288656	3.11935137546989	3.73282111464624
6.39995236512506	6.36537980936452	6.56643142727742	6.56107918931905	6.42791053026424	6.43591188991331	6.75176443458997	6.65666830850446	6.63061835123996	6.32341197825352	6.97098685908819	6.55179511997069
9.26539593121202	9.3603617345979	9.173829614991	9.45673281304487	9.32932599580661	9.39845051507175	9.48784647557501	9.40946260375192	9.45889911215212	9.14155651124722	9.52596225392943	9.42749109397561
4.13767907513107	4.02142540814716	4.30604174269919	4.02502628907884	4.47627355182564	4.33521789029384	4.05034295728142	4.09209759661448	4.1967218247098	3.99457551402399	4.68671981617631	4.13418367702801
4.24328926309166	4.32098569000607	4.5926629688506	4.30301103637861	4.56839175381407	4.64667898613013	4.40008899630855	4.544609801312	4.38619962357352	4.24795974982406	4.77261988958195	4.13418367702801
4.83389832695397	4.6667605268478	5.11113005778484	4.53598820835622	5.09776192857191	5.08946147589188	4.92365095236556	4.65152500522851	4.83143736062806	4.5365858695606	5.03147861944456	5.32682875497041
8.13196089467298	8.11972748175897	8.21504463010655	7.95930688271886	8.16937751666539	8.07131412918162	7.95553025276188	7.92631912452477	8.00768800031979	8.21923324814473	7.8298447582749	8.09103688511036
4.49210980970576	4.29061204096255	4.48474762968371	4.09541561697024	4.42791053026424	4.72836278372384	4.20744391836616	4.29042631306046	4.3063463158843	4.12682331232243	5.08618451153469	4.78626037360771
7.14904788921026	7.19340406835745	7.26381350730989	7.44456518059263	7.41762755700238	7.36531992208325	7.88658885814402	7.86097837085746	7.93653203703235	7.80440151012144	8.07861570643464	7.98361111918941
3.85626613998243	3.80211237974268	3.98807166138051	4.02502628907884	3.66891862976803	4.13010346038923	4.03751891692385	4.20874251546676	4.18401077296025	4.0287912293619	4.4672746788902	4.25282817352663
9.40422842798476	9.40269102997527	9.249973370575	9.4930393225824	9.41917468319986	9.41704619732726	9.58579038850415	9.49701505617288	9.57237101728342	9.07523317736921	9.57848488582203	9.59267817641126
9.57536531335511	9.59205958910407	9.49478001657879	9.50843902260786	9.49399972072201	9.46400419694267	9.5253589507469	9.44742550771775	9.50912714547866	9.02349822462	9.57041258912131	9.40578009636523
9.62057636084462	9.62133825033429	9.67207567738747	9.59374247781057	9.57580922537655	9.59544311548643	9.40321645264036	9.48441501939325	9.4605469650336	9.60220173486947	9.53182499449178	9.4405709210196
4.78809463734084	4.5562021517001	5.05563494519315	4.6803781176914	4.93426319628903	5.04764130019725	4.83007683705337	4.95687021592026	4.79846003818179	4.62870407154903	5.12589422133666	4.99358534685521
7.62506121550898	7.69167309681329	7.69306486580843	7.53123467838559	7.55156167912988	7.61123015012584	7.56555434956016	7.42762899330167	7.57206616888485	7.19996802701367	7.77157710309572	7.56332137335171
4.52039885413718	4.51738290280957	4.64373715344487	4.64561269953072	4.70994589802809	4.63260380091841	4.4298363397026	4.49952191178346	4.63061835123997	4.74989041806909	5.03843138008632	4.73282111464625
9.02619114142473	9.06413708411857	8.99300395692274	9.0545896035115	9.02376134712813	8.9963520715004	9.00165346436684	8.9775692085881	9.06166816850744	8.99565712974944	9.09496488811068	9.05474920953361
9.20022054119978	9.27711980463444	9.19592173544876	9.23350453129055	9.10994746702003	9.23222498333685	9.20314378093253	9.12122495931963	9.16796283172838	9.35606316616706	9.14534658400283	9.09897834575495
9.25858951846692	9.29396547607236	9.22346300579987	9.2857106454585	9.29771465336074	9.33684652080458	9.31795829965414	9.22787437564495	9.22530648567083	9.01995873550191	9.20256474371887	9.22043365982871
8.91004585497647	8.91344272727415	8.823386664779	8.93731687242995	9.03119967879199	9.03699405599775	9.02620360369601	9.00404141994929	9.01846783907303	8.69856211788742	8.98949188259797	9.03280665665293
4.20893775830089	4.61866623864675	4.65622809762806	4.49751406054158	4.5534414123481	4.68809891351012	4.63955493100394	4.63076644506171	4.4406474075959	4.42967066564408	4.70431387619105	4.69140118726626
3.94242278373214	3.94547655491387	4.22451185720259	4.71432544961473	4.30832891451157	4.43591188991331	4.83749430861585	4.75106067877942	4.65845255943669	4.77698407895136	5.15817062436042	5.19472521896307
8.74678766318393	8.7721968018384	8.66861182208389	8.76379412587904	8.76695071272856	8.68639661827911	8.78475284654387	8.73534620792545	8.76950514282693	8.87428128030628	8.87083457290651	8.7070733454486
4.70426304653737	4.7913056247861	5.09286785139212	4.64561269953072	4.85112196098879	4.96017845894692	4.7139797721305	4.80764420714579	4.80677530639379	4.52064432569157	4.86937312246154	4.93563799764593
4.6020826517309	4.30587879761586	4.4276037225801	4.12936294889358	4.83884363121035	4.18899714944279	4.28544643036743	4.44110522555813	4.37505906596832	4.18866256614029	4.9002340861663	4.73282111464625
5.07230306627905	5.11972748175896	5.57303416210166	4.99771894308311	5.44421234259334	5.38644321364901	5.09435013952052	5.29702904788471	5.33537536449583	5.24311035016267	5.4465161187234	5.47250621016604
4.69187932208154	4.75839100231337	5.19056452527925	4.88300728420641	4.94575883512686	5.17934697940908	5.09435013952052	5.02208787536675	5.12538304298954	4.79697555413883	5.4201407032991	5.42275317496895
8.98364544645865	9.06694006739953	8.89627918546102	9.07215020119287	9.03524084401385	9.03966324277373	9.06700335461496	9.01459593344341	9.01757258925163	8.69101453467974	9.07566152512268	8.97500655069523
8.88850264491464	9.03121814516557	8.85352953800168	9.0356942519807	9.01013806326416	8.97000707631502	9.079569095814	9.14977587275633	9.08450359737062	8.83614615141951	9.134031270775	9.00490066008305
6.2643508786195	6.15808795545772	6.31394694078453	6.40353791233257	6.2813618669113	6.39480668658364	6.65642874956833	6.44110522555813	6.58541893180987	6.72575875559619	6.95821148745272	6.60852700506924
8.77347754126866	8.70252864119066	8.90284585606486	8.66527122530119	8.88883176704203	8.80252880236072	8.61979533412676	8.66051378845576	8.67784851444642	8.69190453781771	8.4543356231827	8.73111881941525
10.1111857270843	10.0400892524122	10.0937290761959	9.90000763673262	9.93606543892301	9.99256862781344	9.84533380870984	9.9207184897328	9.87829931336433	10.0078591008424	9.81852944504707	9.88639704489316
4.72871609026191	4.85496426200842	5.02706579299637	5.0340150723061	5.30832891451157	5.00457257830536	4.95808444942944	4.98167360692084	4.6399562158193	5.17344947219378	5.21450860851023	5.3177836153674
4.20893775830089	4.35073303340012	4.78693178927266	5.00687894236859	4.78865787404213	4.58953507902652	4.99171522731072	5.05362344879985	4.90299062165309	5.2333623736111	5.33799166194523	5.42275317496895
3.76463566451685	3.75839100231337	4.04617461594408	3.83238121113645	4.34351834297387	4.28210655383428	3.84487383898144	3.80764420714579	3.99318843062467	3.74303674702803	3.95270150606044	4.13418367702801
4.6020826517309	4.40844853125641	4.72898444006338	4.58574124355332	4.69639936619014	4.60403464872164	4.68959561350353	4.47643829867041	4.4406474075959	4.52863711644511	4.9002340861663	4.82507962249824
9.08004510158983	9.12726677871236	9.22974470675854	9.13407336677955	9.11186212561677	8.98254627197537	8.99586448251734	8.99137500811313	8.99728118525855	9.44374067083616	8.85369150022927	9.06086089453534
5.18262648118505	4.84454764606308	5.17328653384742	4.71432544961473	5.46033200795662	5.3610578952291	5.01806655425767	5.32314188820385	5.05033233772828	4.88054027077796	5.32098523663954	5.06018309558424
4.15582642184132	4.16228794398701	4.45645858525229	4.69178288096365	4.27225965980404	4.49933727005495	4.17267850020548	4.36773203922791	4.22181280567264	4.27671874280548	4.4465161187234	4.09236350133339
9.97983047277448	9.94486718001952	9.95116567863711	9.88020623589517	9.82995358675272	9.88239117673236	9.82402193372446	9.80388228834959	9.81194811595453	9.98062231625015	9.71194431731542	9.80620484613207
4.76463566451685	5.00280972997981	5.12916398061511	4.90277053902785	5.27225965980404	5.32650067319273	5.31762683611658	5.44705449188932	5.53875749304574	5.32341197825353	5.73887109822741	5.62695247953943
3.56181878151716	3.56891320344966	3.75244341288737	4.09541561697024	4.25388113048919	4.2081059723905	4.77705845475388	4.7414105087457	4.77322274668276	4.94765446663649	5.01041700391672	5.2903028789453
9.02927053435671	9.02546576497324	9.09516330937978	9.02220577001646	8.98389396401363	9.0059381203296	8.95339829575962	8.9923924235579	9.02382770297504	9.25700867165533	8.97506931908889	9.03349743715016
7.60208265173089	7.6399050350211	7.55979833494497	7.79981334868001	7.72336641379041	7.77876063642777	7.89904897913248	7.82944279742435	7.83652264978784	7.77446555336403	7.87908827729475	7.76811302689745
9.65487501957521	9.62704737943441	9.56560395662618	9.68288062489457	9.6466388691697	9.6838394033569	9.66921567545797	9.62454580549619	9.60343033979419	9.37890167270983	9.6106214469216	9.60806333961743
5.05306684741613	5.07587319216954	5.18195139497454	5.41734371185761	5.36935834790913	5.38644321364901	5.9783568444557	5.77016950172713	5.9145785959283	5.73959766306125	6.18661460237457	6.23371935057893
4.97344967935276	4.92584774816493	5.39815994468762	5.20294408127469	5.46832479871015	5.57488830306212	5.40008899630855	5.50523556297785	5.54374090056	5.5640666059827	5.85369150022927	5.78626037360771
4.54814384462009	4.42252371646813	4.55313460466396	4.24225700529951	4.81396896257132	4.48374041500393	4.57001399775086	4.544609801312	4.50338316294385	4.57568568924954	4.50791666338754	4.82507962249824
4.08182584039755	4.22787628561459	4.4276037225801	3.95102570763507	4.68272442929307	4.66061817708801	4.08814498999381	4.18045347103534	3.96374465273218	3.67264741913662	3.90784727027618	4.27168720077795
5.53433804509506	5.45026870695103	5.74661433408517	5.77991379124231	5.9908467246554	5.8849909625527	5.9340675683109	5.91025927362867	6.01488350172399	5.73615036144278	6.04535079402611	6.41429159622075
8.97024866840812	8.97800633897924	8.96691922063272	8.93131563648492	8.90732336909311	8.92524121569154	8.89505566415233	8.81686273717517	8.88051675985467	8.86128571369801	8.84032624214323	8.85821021548672
8.80759569325932	8.83405527224544	8.68394347583989	8.90031488730153	8.69213985603693	8.7217296913914	8.66687553700345	8.69091410641577	8.73995719982124	8.32341197825353	8.76948926620328	8.48063409104945
9.01442913429845	8.9928215753643	8.94290534533237	8.849030340012	8.92848084369503	8.91437476933379	8.73498298249908	8.81743694416419	8.86218241847466	8.72966438450216	8.87521006248383	8.85195800617439
10.0041363792906	10.0048575586287	9.94862907131833	10.0255897317889	10.015602823741	10.0164774734973	10.0521372303474	10.0460489464709	10.0448505504472	9.8947177743838	9.88464500960019	9.96635035448124
4.15582642184132	4.11106262063184	4.15579910711857	4.11248913032919	4.49204086768396	4.43591188991331	4.20744391836616	4.51092667505571	4.4406474075959	4.10560682641273	4.30377594660732	4.67732600205454
4.65407728936915	4.72470787605708	4.97815619251543	5.06065019880956	5.13840391306925	5.08946147589188	5.27455811422469	5.45297932584642	5.60700579401801	5.71878920078135	5.99976975971722	5.89364390898131
4.32575142328364	4.22787628561459	4.76403138716258	4.41734371185761	4.68272442929307	4.51476731062455	4.56108087298085	4.46475649362278	4.58300033100722	4.30491563463614	4.76425641664733	4.86288165521062
4.86732132849142	4.9839507027285	5.13809710538512	5.26534061841255	5.1876474320891	5.24558067780916	5.32819607782677	5.25695160850938	5.53875749304574	5.37308713727772	5.25088099817519	5.67023657726822
3.74078892256249	3.75839100231337	4.36810271083144	4.06065019880957	4.07700336840511	4.41961007758421	4.16090133242912	4.07683083996118	4.05033233772828	3.823207095712	4.50791666338754	4.73282111464625
4.61525804047862	4.40844853125641	4.85352953800168	4.44456518059263	4.88734214890154	4.81815945407449	4.5430469501506	4.7219143331199	4.4512946517954	4.27671874280548	4.57639640127031	5.12384173280656
9.36576710213152	9.37174130961596	9.19859289903519	9.32652248406139	9.31055357962608	9.31111764049334	9.433511997846	9.40259079643957	9.47724842203101	8.97934712640941	9.50164133796106	9.45919995370295
4.13767907513107	4.19545480792221	4.24119059834922	4.22666015024849	4.41142240747567	4.63260380091841	3.99834831964317	4.55566498982099	4.59265050104094	3.79697555413883	3.62339388080747	4.54405947119108
4.62831419330407	4.75839100231337	4.56643142727742	4.49751406054158	4.92267522201382	5.25479920783854	4.75372595092325	4.56663610764199	4.55365636942508	4.11625407061224	3.99620314469702	4.78626037360771
9.43334630848268	9.43516181456083	9.4129569466157	9.37331183093005	9.45581652683413	9.46797309914561	9.44053094049884	9.38177677466619	9.41197806476462	9.50654949580579	9.43470681643377	9.35086025648716
7.4849500181329	7.66380115136726	7.51077410294032	7.71572273305654	7.53072133584802	7.56750877269652	7.71095419596205	7.61103022700044	7.78904771384444	7.55431203845697	7.66329711703491	7.58798342758598
4.78809463734084	4.81283878633574	4.87506269955132	4.97922259946572	5.19729760212282	5.22696499964181	4.69776954494924	4.76064672760862	5.11202466013452	4.60622005739765	5.20217780659951	4.98218058358297
4.46325494703358	4.36537980936452	4.4276037225801	4.52327715660667	5.24460331690118	4.91437476933379	4.57001399775086	4.48802627294562	4.54374090056	4.2955777700568	3.96734828202484	4.74636764648419
8.20676338706655	8.25762362900864	8.17437249177667	8.29274934070626	8.1595381261586	8.2570946658262	8.25183803772461	8.14062749054214	8.3078117248888	8.60291166437165	8.27168231689746	8.28218806021341
5.3807927868416	5.33593603147204	5.55313460466396	5.33245481427109	5.70318853185278	5.75459432529702	5.46378367162594	5.60970482953388	5.61175932398865	5.34620384312677	5.59065709439548	5.48063409104945
10.0585030084925	10.0877906332448	9.98250259790584	10.0501658513573	10.0579293927428	10.021212060628	10.0834735502699	10.0582463055721	10.0200331907396	9.98933624257357	9.86130857425797	10.0080671667482
9.91538176504764	10.0112747327552	9.78480025225715	9.89292275307149	9.87236075736312	9.90671926284002	9.92821747902978	9.91670468289386	9.91554007216575	9.72380196901513	9.80890468822011	9.92078003891882
8.88170388096156	8.94547655491386	8.72972333638728	8.86737663249265	8.81161482273829	8.88943686758389	8.84625330844835	8.9188467694654	8.9184206622227	8.49027067664806	8.87908827729475	8.76977225081914
5.03357067179033	4.67853769462416	5.17328653384742	4.75838062969267	5.07700336840511	5.19858319827199	5.18436030525311	5.16609817805826	5.02204329329686	5.09488041981967	5.40945402450185	5.44784415593178
9.0081998714216	9.08031909720073	8.94035415980304	9.14033009523096	9.02714716196751	9.0059381203296	9.07878693529558	9.05411076346109	9.08621244570886	9.12418825215446	8.96050111662856	9.07569246950611
4.69187932208154	4.40844853125641	4.63113711666523	4.62196143146608	4.62669039437874	4.49933727005495	4.69776954494924	4.22268170642463	4.42992100100283	4.72923094750299	4.61411606721947	4.70534037822414
5.75871083055975	5.78587173873547	5.85352953800168	6.28429877611644	6.20688365095202	6.05821054190744	6.80947993244625	6.84642253490228	6.82531125783122	7.04977116826612	6.8635124710403	6.96490259215113
3.96318134389894	4.16228794398701	4.48474762968371	5.19495129052116	4.59783553170656	4.68809891351012	5.33345180327826	5.3739910296996	5.47757397659425	5.98298753974878	5.57161133870493	5.77968771968422
6.8479187972689	6.85496426200841	7.22241339131859	6.94865090044716	7.2422745108412	7.26395920712402	7.32951180526944	7.30524019720396	7.35677014671088	7.52564500674994	7.36589765851511	7.43952888771978
8.76906337655766	8.94486718001953	8.67936106317559	9.00459438917403	8.74737738763532	8.80801881457763	8.71196342653199	8.68463331704045	8.7779884898192	8.5281388622385	8.87229454439986	8.56809693229979
9.32173836077702	9.37852621806543	9.43849203872284	9.1994526827561	9.31610028019508	9.27022313859442	9.18472384186607	9.2510128378262	9.14683001946547	9.23641569758866	9.20372493279699	9.18045021071924
5.09128616964662	5.02142540814716	5.06503364319539	5.04294819707611	5.41142240747567	5.46002434603012	4.93752312694712	5.33602317950058	5.34111173404498	4.84257242057894	4.68671981617631	5.29952140897467
9.80974629496075	9.7745992920537	9.91913294528828	9.71152681626206	9.67108451373719	9.73661149139165	9.56276005265545	9.57311095157428	9.64228126876554	9.85295443910605	9.60565619944635	9.65415683760036
4.49210980970576	4.21175662025131	4.4276037225801	4.27295380252243	4.94575883512686	4.96017845894692	4.30697959191707	4.544609801312	4.47235626732323	4.22846357419826	4.20835638152863	4.69140118726626
5.14678128223832	5.10234540353073	5.24945821433282	5.33245481427109	5.44421234259334	5.41138957077924	5.36459031508717	5.33602317950058	5.42992100100283	5.26719596868698	5.56199333614333	5.52846261614006
9.24646817375917	9.19699095185533	9.26177147577167	9.09003843951579	9.19489110441573	9.19679065916266	9.13517485725654	9.18890982897389	9.0934525540981	8.86089007540103	9.12915455050025	9.14445201248184
8.99943346833189	8.97741055328385	9.05857862105809	9.15276273266767	9.23585084289222	9.18779440236114	9.28307162317953	9.22787437564495	9.30120563073721	9.54670662227777	9.17246271192945	9.27753044505942
5.99376966373236	5.98868862173516	6.18195139497454	6.19895322107865	6.46033200795662	6.38644321364901	6.65222876103906	6.58293791997109	6.8795316488291	6.36864123224653	6.80151603521641	6.59735769735113
9.44722738132502	9.48127733124217	9.38227004275803	9.46007142035693	9.45279833527121	9.43439139614086	9.45657618765502	9.38332889427893	9.42958451236203	9.49614204384948	9.5234865861561	9.35196831724892
6.98364544645865	7.11323371967347	6.84264122185894	7.19495129052116	7.14090642027243	7.07652242018438	7.35815831584263	7.20172208778899	7.36383181054506	7.1294535683671	7.4672746788902	7.2021173531931
4.58878582911743	4.24381782948361	4.56643142727742	4.31780803830669	4.68272442929307	4.94886314571908	4.43961736049519	4.70215107829847	4.4512946517954	4.18866256614029	4.65087461722958	4.73282111464625
5.80544188090474	5.90594819072723	5.72305960610627	5.80113027715201	6.03994127418357	5.98254627197537	6.03106389478654	5.81686273717516	6.08834566366501	6.2161433025624	6.34361621113911	5.89971842339099
9.01194065581879	9.05456599898764	9.05857862105809	9.12621410433858	8.96495240036017	9.01002700839747	9.00206607556396	8.9390395158896	8.96977425017043	9.09656168680972	9.00199442483173	8.95326789166772
7.87692561054852	7.99458922317484	7.91068660928204	7.99541982699352	8.04529450867778	8.10100822971991	8.36971534726503	8.21747027977929	8.38897137282357	8.66677453313975	8.7679214032985	8.50075568697022
4.29332994559126	4.14541412542262	4.29010019883016	4.84264954659027	5.21640642507053	5.02626764940468	5.65222876103905	5.80764420714579	5.80677530639379	5.99457551402399	6.1959726570728	6.23371935057893
2.53433804509506	2.49091069144838	2.79824710250049	3.93191688468736	3.49204086768396	3.35249588172567	4.05034295728142	4.12215483047067	4.32961609520714	5.40816959643316	5.22673491084349	4.93563799764593
9.79968261161605	9.8031213750333	9.76186571994446	9.93461940506718	9.73624956040365	9.75134134750193	9.70209318250793	9.67325852717579	9.74591540068703	9.82117484429709	9.68865465031749	9.63197850060044
4.22621574973273	3.71330311278483	4.25767872113779	3.76918738464926	4.41142240747567	4.63260380091841	4.12498175817419	4.26370897468469	3.73887124189199	2.88677222448947	3.09287916410869	4.09236350133339
8.79317583267447	8.76461996635202	8.85081515330465	8.75905842864378	8.72503523415103	8.76269482406814	8.67776385314619	8.74805192890708	8.73995719982124	8.62498098550631	8.64348345405591	8.73111881941525
7.7778782412977	7.81817223063878	7.89364412529305	7.98038559432184	7.86481131553689	7.87605783778268	7.95211760766763	7.74019968614765	7.84966111924697	8.1918118689427	8.14695583686449	7.87063393093481
7.65885706748249	7.68730790425188	7.63113711666523	7.67751278399701	7.78546253488232	7.68979920249995	7.88837547761804	7.76779469453922	7.92988584871615	7.89220318830354	8.14292933399714	7.89516493710416
8.50985535989572	8.59711009528031	8.39070413976857	8.66816095093611	8.55531869958877	8.50321027920215	8.6024849497335	8.52435376476339	8.5787579984875	8.86563058911062	8.46146646018937	8.60202208887262
10.0906967130334	10.1296817807397	10.0134767282484	9.99109908389905	9.98563529801006	9.98704766421031	10.0616691799516	10.013594061847	10.0411110018572	9.84016592287184	9.95614770972369	9.98575426646278
2.92136116820431	2.94547655491386	2.6056020245581	2.83238121113645	3.09776192857191	2.86706905455543	2.43961736049519	2.9145594110623	2.4512946517954	1.55235318541891	2.1959726570728	2.17482566152536
4.69187932208154	4.69021949967179	4.99791944733686	4.81162265096965	4.92267522201382	4.91437476933379	4.60520342621317	4.94009450316944	4.80677530639379	4.57568568924954	4.9002340861663	5.0492947794415
4.30963175792037	4.27518200039295	4.52616755706369	4.6099887898	4.52306776330458	4.67442397661304	4.28544643036743	4.25016244284674	4.1967218247098	4.18866256614029	4.65087461722958	4.5898631608042
9.53563796562832	9.56098192981344	9.56643142727742	9.44667038312712	9.34948102117787	9.28154289098636	9.19486585228669	9.2471821067459	9.2284048923187	9.40274388473209	9.17601372024978	9.30124334477594
9.74266620980316	9.74445181135549	9.7894146086405	9.64524611458633	9.63824980015246	9.66364950501886	9.52248562766828	9.58833117874131	9.53375681198737	9.83473658116483	9.49912354492954	9.54163354991846
9.08004510158983	9.14594443053459	9.12186486579207	9.32880703725595	9.22704494551687	9.17449757974768	9.18181298077086	9.1072044890047	9.22569415060421	9.2348898433577	9.27867231036932	9.13289498105944
8.424485376869	8.34797013110489	8.65622809762806	8.29462054076222	8.41452831834349	8.38119131472614	8.28883224520681	8.422354051261	8.24723879693343	8.64855269266032	8.1242612895937	8.42696542625586
4.92136116820431	4.7913056247861	5.19912653878268	5.20294408127469	5.30832891451157	5.34388275142096	4.91666452204946	5.07683083996118	5.10529879694621	5.39511344360772	5.37691065123753	5.53628212059936
5.35746028301098	5.64891252551487	5.71711033977509	5.6099887898	5.68272442929307	5.79306847311166	5.89549991205142	5.80764420714579	5.94126063858081	5.95063216643639	6.19286004520547	6.248074643556
6.34565098072135	6.04890614456927	4.04617461594408	5.13772642182821	4.94575883512686	5.09972981134571	5.72601902175341	5.94430675445635	4.63061835123997	4.20870031937684	3.4672746788902	3.98218058358297
5.67938837789834	5.03980393746202	3.08364932136274	4.44456518059263	4.32603091624502	4.15000301782694	4.82262103213432	5.27712949044701	4.10529879694621	3.2955777700568	2.76425641664733	3.214354025712
9.89796740733948	9.83339695827513	9.89562087149071	9.82721950602067	9.87236075736312	9.88610372391977	9.97583831886837	10.0575173649043	9.928695800772	9.9918679216605	9.914003536152	10.0682957413716
9.77237526562032	9.76737978554062	9.8333898503864	9.72789157889403	9.77220643818006	9.77836116389555	9.75004591736367	9.71021258026774	9.75050267018268	10.0169433270524	9.74897292898902	9.67023657726823
5.03357067179033	5.11972748175896	5.06503364319539	5.04294819707611	5.51537337151458	5.37803097383281	5.7885847081349	5.92312142456572	5.44598085189893	5.52863711644511	5.6554042757101	5.78626037360771
9.45274262872062	9.31533912686493	9.45064396397817	9.50803586624339	9.54779484920696	9.54090811054587	9.64537759363153	9.7077369124944	9.51421377936291	9.66405588590141	9.46437349248787	9.73579530662472
5.6218008863454	5.26740464980123	5.64373715344487	6.01143722433089	6.04529450867777	6.22227330431709	6.67724722107589	6.68463331704044	6.63061835123996	6.41896018556209	6.21757491155801	6.74973449758259
5.21760261942802	5.00280972997981	5.20763803863819	4.93191688468736	5.37786984776465	5.57488830306212	5.58331082036432	5.63598415433273	5.22181280567263	5.93868431313194	6.08953572103433	6.11864282613224
9.30303134678356	9.3256743357997	9.38085955376751	9.21237836227934	9.28927946050858	9.29947175912701	9.16385464981847	9.19510926471733	9.17319801836114	9.10994175063377	9.11689013795361	9.24509571406297
5.44860817106917	5.29061204096255	5.82061491552895	5.63383553175437	5.90511685062951	5.66061817708801	5.95808444942944	6.11843174442795	5.90299062165309	5.90223534187728	5.98545008840015	6.248074643556
6.83107780789159	6.77768234092213	6.94799422200517	7.10823965732783	7.21403161788263	7.35249588172568	7.76738239540483	7.85315886639816	7.71918290696987	8.00678659797486	7.58473226043837	7.94447987439774
6.36137533301436	6.22386322310796	6.54643995208995	6.47458766369208	6.65847688304639	6.61838994169871	7.04714761812162	6.99188380552306	7.0797938008002	6.9053081759269	6.98545008840015	7.24091485198313
8.26748376810446	8.23387502623603	8.44120132598082	8.58955688989519	8.52881174583939	8.58131457222155	9.25253180789469	9.33361668179348	9.2916097726274	9.37058800175373	9.01791154046365	9.26699550545323
5.83952287614784	5.54980438050195	6.06971013040487	5.90766933844068	6.2258667543196	6.33955682601818	6.59429864987429	6.69716767078422	6.46186389350559	6.28145666181215	6.18348171288961	6.46433227872035
8.6103313593987	8.55060565519119	8.72602506458283	8.82980266703467	8.96918318063819	8.98462558298756	9.31630021989355	9.41440529814551	9.01398602422016	9.16866229257439	8.91400353615201	9.14189177216328
7.89998751741174	7.63084095259286	7.86568146325702	7.45631494337044	7.65147349530862	7.61123015012584	8.21600593186958	8.28462402699393	7.84563124221081	7.67444966177061	7.94161800693142	8.0655965917706
5.77053626595654	5.71901676397922	6.14697525673157	6.08680248666553	6.30832891451157	6.15000301782693	6.91140240664405	7.06527380853878	6.72796646555311	7.03861984673001	6.82984475827491	7.39506961628323
8.76537456084076	8.68366012723674	8.73782631681518	8.73514392112229	8.76289477797705	8.76592233109853	9.18290524205273	9.29949730347546	9.02560990831705	8.9110521584617	9.11812128157054	9.22043365982871
4.13767907513107	4.30587879761586	3.98807166138051	4.33245481427109	4.11822603113162	4.38644321364901	4.9783568444557	4.69216698972585	4.86367769762827	4.82320709571201	5.404080852403	5.13418367702801
6.6572655670002	6.53692308920522	6.69911391048125	6.56107918931905	6.99638490819682	6.8397617085597	6.90082024398469	7.09778123511807	6.82326342918236	6.67444966177061	6.83982884684753	7.11864282613224
4.38848717863161	4.22787628561459	4.3218090585575	4.88300728420641	4.91099341696618	5.06870291572508	5.78475284654388	5.80301275841414	5.78589657671787	5.89297737401618	5.82583169576828	5.97068494474514
5.86180432352385	5.93078004370716	5.98312244540878	6.56418510018688	6.36935834790913	6.47587829723096	7.30430545761874	7.42159891120665	7.2464748599069	7.52664306631302	7.19597265707281	7.37122287432886
5.92665546787382	5.64891252551487	5.88570994375083	6.32515001364786	6.50763772273497	6.46400419694266	7.30430545761874	7.31340487683855	7.2464748599069	7.11890364902619	6.90784727027618	7.44369251266131
4.94242278373214	4.99341103197756	5.17328653384742	4.86296953096987	5.2904070065143	5.25479920783854	5.1189072437645	5.05362344879985	4.9184206622227	4.86799501745884	5.21450860851023	5.47250621016604
5.07230306627905	4.95519170974707	5.39070413976857	5.06065019880956	5.52306776330458	5.39480668658364	5.39003533164463	5.39875893484854	5.1967218247098	5.21861578824192	5.26872899950812	5.52060049836709
4.89998751741174	4.97442792860999	5.07437150777473	4.95102570763507	5.26309966051857	5.1099255784516	5.20170754881701	5.4109852371818	5.25257505944332	5.14253339541109	5.32098523663954	5.65595235126198
4.85626613998242	4.701807473947	4.93779845489929	4.59791595749942	5.20688365095202	4.98254627197537	4.73795863506494	4.90594628075759	4.97854165466027	4.81669378875333	5.13889156186553	5.37994009142997
5.42635536422205	5.20362873936791	5.55979833494497	5.57346291377489	5.67583804370783	5.79938224704386	6.24975472322412	6.3036017018082	6.18401077296025	6.19871623080421	6.24788474571527	6.43535321174858
9.22352966621449	9.20719032300931	9.2406722958321	9.08949961783226	9.0743874201981	9.0868829317901	9.07015506540612	9.11516614391118	8.95348295705985	8.85930643633874	8.94624648392314	9.06289238284223
9.20513045532359	9.07197175448721	9.14918628404692	9.07541914905874	9.05792939274285	8.98323970868225	9.03872602482376	9.09162294780583	8.98908403229193	8.85414757084123	8.93324914339427	8.97644421403382
5.0138074169689	4.84454764606308	4.99791944733686	4.96048603688413	5.05594175287728	5.08946147589188	4.75372595092325	4.96518548413227	4.75614923332382	4.81015094288656	5.13240752829534	5.16477199686144
4.69187932208154	4.07587319216954	4.5926629688506	4.72546600721993	5.06651099458747	4.96017845894692	5.06936778296319	5.25016244284674	4.88739376660208	5.12682331232243	5.1127787215464	5.71914617774917
9.3970945991707	9.33221294542932	9.50517474211789	9.32606513898199	9.36025951764011	9.34009827659345	9.23051617234654	9.32152360980546	9.22336659692771	9.49078217994747	9.1242612895937	9.3279554204247
4.89998751741174	4.53043905563502	4.69306486580843	5.05182634842256	5.46832479871015	5.30002846183154	5.82262103213432	6.01409508461321	5.46711961895708	5.77025821576305	5.54256280619443	6.08704970143692
4.83389832695397	4.71330311278483	5.01741562296265	5.23447965470779	5.36935834790913	5.16963182457586	5.94784041793264	6.13695183239875	5.73015402479088	6.14773230208541	5.85369150022927	6.07636302263967
6.54125745903485	6.4433823213658	6.5926629688506	7.15224683956692	7.09776192857191	7.23862791716739	7.79431348485197	7.90378493946813	7.85066683210811	7.7719426234744	7.80763347918475	8.06424512090747
5.94242278373214	5.64891252551487	5.82615309907038	5.96048603688413	6.15335425453523	5.97698674663347	6.57445990278206	6.63337765851825	6.38342253890294	6.9639562789656	7.00510320402026	7.36684443381829
5.05306684741613	5.23586907636812	5.27398053346689	4.57346291377489	5.13840391306925	5.1200497957253	4.80001960319719	5.00605776554779	4.59265050104094	4.41249552183595	4.55716018240739	4.98218058358297
10.301503877037	10.2155508585413	10.27499330644	10.278637441026	10.3063795144879	10.2891338207282	10.3756185588758	10.4925276651806	10.2466658820907	10.3297157203382	10.143130926262	10.3561159819387
9.98364544645865	9.88036278053275	9.96189677851632	10.0362535445021	9.98005561480312	9.98254627197537	9.94805457885352	10.0519165500482	9.94385477829894	10.1487050148142	9.89306005327857	10.0070124365629
6.66362106204003	6.54015421046823	6.76114310783775	6.58268144380426	6.99084672465539	6.73166792844751	6.80381118235956	6.99594773790296	6.7059064785442	6.70827132886735	6.71953461312981	6.7463676464842
7.41132715498972	7.18103803515334	7.47067244447198	7.53914854924955	7.63203701584421	7.64667898613013	8.05909382251772	8.17598276699011	7.99682700768802	7.56017268987821	7.47498277402546	7.92376389735765
5.9107139240048	5.85496426200842	6.17328653384742	5.90277053902785	6.23526545232184	6.27759107271178	6.27728790698027	6.27378604737264	6.08150823361146	5.95360373296768	6.1740420170033	6.30410867847033
5.98871643600607	5.69602512135299	6.17762546957175	6.20692393218723	6.40310713926367	6.34819574429205	6.52248562766828	6.55290912453048	6.59984600244515	6.34167418464626	6.61876243207583	6.61223097383266
6.48853435548193	6.29061204096255	6.56973657200109	6.6860917688858	6.80768269972389	6.91437476933379	6.9966929034651	7.13142072642552	7.12205502527179	7.00463919736868	7.0015497661625	7.29491950701567
5.42635536422205	5.14541412542261	5.51249262016661	5.56728433884576	5.59783553170655	5.59680307949056	6.23016399486624	6.23991841134993	5.96002156668947	6.03721985143248	6.04189523538989	6.37122287432886
6.27269017953223	6.23187821617208	6.53633936212098	6.51366982893263	6.65497943881016	6.65366541644624	7.02457986121635	7.12957230203315	6.84563124221081	6.98444113689028	6.73887109822741	7.08704970143692
6.02372288583398	6.17896668513364	6.39815994468762	6.0694204084373	6.47627355182564	6.37803097383281	6.38498210391834	6.49090878147875	6.50338316294386	6.65814784944151	6.62108001496923	6.80580056000335
9.8079543495796	9.79739438194472	9.85657712870614	9.75838062969267	9.66414220841497	9.68682238043091	9.66661528715321	9.76749756859009	9.57875799848749	9.73009769132052	9.55564649530925	9.64830593719872
5.36527978747028	5.39423467203671	5.78693178927266	5.51687938540852	5.78865787404213	5.83054317853032	5.70183920925828	5.77490742073379	5.70368181342969	5.72227818686123	5.98545008840015	5.94741516542229
6.03846947120317	6.10234540353073	6.3335224791213	6.15430930602381	6.27681794176635	6.317730463565	6.10360810738162	6.3036017018082	6.05731876804439	5.88365961262214	6.01041700391673	6.16980758675874
4.72871609026191	4.7913056247861	4.97815619251543	4.75838062969267	4.94575883512686	5.1889971494428	5.03751891692384	5.16609817805826	4.94879431126622	5.11094027071577	5.35479994963178	5.54405947119108
5.24328926309167	4.67853769462416	5.62479558979141	5.56107918931905	5.61233510140167	5.49155991946323	5.45416566906435	5.77490742073379	5.48795312237425	5.29088607473208	5.42545450319557	5.76645189252753
6.15582642184133	6.17481504186317	6.21609961738639	6.88797353709977	6.87536950723546	6.74153817247157	7.69675033258549	7.79487177325991	7.59984600244515	7.81832487433226	7.68671981617631	7.91778999631301
6.10536135485834	5.97442792860999	6.15579910711858	6.19895322107865	6.46433393851411	6.44801849276996	6.60520342621316	6.62290432728874	6.55612462501583	6.54054388312928	6.60008650731541	6.81225558214066
4.98364544645865	4.90594819072723	5.27398053346689	5.20294408127469	5.43608446170994	5.41961007758421	5.75372595092325	5.96932521449319	5.56350415538143	5.71878920078135	5.84578630214393	6.07098985054082
4.58878582911743	4.46394364384811	4.88570994375083	4.81162265096965	5.09776192857191	5.00457257830536	4.64801650975214	4.87097014251462	4.83956524151146	4.86168124352664	5.22063471130707	5.39721808286181
4.83389832695397	4.40844853125641	5.12916398061511	5.21089283439018	5.22586675431959	5.08946147589188	5.69368836813742	5.64118306100705	5.60223654987014	5.97715846094658	6.13240752829534	6.12902197191224
7.92929534974652	7.80480146727032	8.0497295131207	8.40093455215386	8.49204086768395	8.44701348050996	9.08814498999381	9.12261954139139	8.96977425017043	8.83251875591502	8.77782254592662	8.97212691891904
6.78518304192093	6.62476643818316	6.95053194480708	6.79056103544182	7.0638759344195	7.02626764940468	7.25530355714474	7.39568610079892	7.13861887014623	6.57761313782065	6.83184711118605	6.96779666542032
9.67034323829533	9.6079284269441	9.73709155996666	9.52646543423772	9.55906596154198	9.56612089857228	9.46617818676632	9.54703537298609	9.38203198935829	9.52014330292534	9.42644866543146	9.47505109535741
5.9107139240048	5.71330311278483	6.03665184182557	6.23057520025188	6.40310713926367	6.21284389139716	6.77319581512148	6.9775692085881	6.59745148730476	6.60433047619643	6.53520835505528	6.86598756607844
4.71654137631581	4.64291378489343	5.13809710538512	4.96988473488638	5.46033200795662	5.08946147589188	5.01806655425767	5.15159860836315	4.82326342918236	4.71529175654512	4.72169595441928	5.14445201248184
4.66678834111871	4.74725044470817	5.12017519738785	4.88300728420641	5.10803026402574	4.97140571437017	5.18436030525311	5.19466733025504	5.35251649731723	5.15291254119109	5.29799359401331	5.60481350227018
4.32575142328364	4.24381782948361	4.51249262016662	4.41734371185761	4.68272442929307	4.58953507902652	4.25253180789469	4.53346924370679	4.31802812093193	4.47173472521063	4.69554366656331	4.87526537966645
6.83107780789159	6.72470787605708	6.93523821458072	7.35594316719346	7.44421234259334	7.36531992208325	8.00000183849568	8.02208787536675	7.91650090805933	8.20309277382953	7.84281064957807	8.27519598655509
6.18262648118504	6.12834061206367	5.99791944733686	6.7502221063055	6.7661404374807	6.67785488201331	7.62355445231023	7.72925630846107	7.51230839272334	7.7464676524283	7.54500598212276	7.7463676464842
4.79968261161605	4.78041730864337	5.08364932136274	4.44456518059263	5.08741998435045	4.81815945407449	4.59648620911206	5.14429380773992	4.61175932398864	5.07318534872035	5.16454014923615	5.37994009142997
9.2411660911987	9.0946743901778	9.14032177049963	9.01200599825542	9.06716900830054	9.01002700839747	8.93579638222765	9.07731037961688	8.83550702493711	8.68655626462726	8.758478274771	8.91778999631301
4.98364544645865	4.95519170974707	5.08364932136274	4.90277053902785	5.05594175287728	5.0154608944481	4.91666452204946	4.93163292442124	4.90299062165309	5.20371691186258	5.17088167610997	5.47250621016604
4.40375393528491	4.02142540814716	3.84264122185895	4.70309819419148	4.52306776330458	4.71506596111039	4.93752312694712	5.03003662848223	4.97854165466027	5.05669722593178	5.28050616728447	5.214354025712
4.62831419330407	4.11106262063184	4.84264122185895	4.28806069491263	4.56839175381407	4.84282150830876	4.73000988194945	4.96518548413227	4.85568490687473	4.80357828896307	4.92295416266639	5.30868140826015
9.60662527619382	9.54659482402606	9.59590862835425	9.44498646692673	9.46882288089735	9.48226952783398	9.40415336903277	9.52400201661076	9.26469861852581	9.36891950306249	9.31097144801152	9.3690353150911
2.96318134389893	3.16228794398701	3.15579910711857	2.87302319563379	3.29040700651431	3.54514095966807	3.622481417645	3.544609801312	3.42992100100283	3.47173472521063	3.06591211650843	3.32682875497041
5.20022054119978	5.38707488046384	5.47772720200594	5.60396500217223	5.61953060280587	5.62551437613209	5.85952061494585	5.84867147540584	6.01488350172399	5.7012165713334	5.98545008840015	6.0272684731115
5.76463566451685	5.80211237974269	5.98807166138051	5.91255155982043	6.07176672003897	6.01002700839748	6.06621434992431	6.15886660882719	6.03625715251656	5.8002806988625	5.93044869921331	6.0655965917706
9.00068907767215	8.86208230535559	9.03545706325551	8.6846654760945	8.86026261484525	8.90635369967047	8.95425145666023	9.04286066883982	8.73615276541232	9.00607115286182	8.54195136518469	8.89896050635707
5.21760261942802	5.27518200039294	5.54643995208995	5.16252981282878	5.51537337151458	5.46797309914561	5.58771599948432	5.65666830850447	5.41911424604625	5.34620384312677	5.76425641664733	5.88754370944489
9.72833718151623	9.73883820489197	9.80492381780948	9.65947435144115	9.79303994159722	9.79780639211832	9.69955143583059	9.73777498802919	9.66074801742435	9.89549061224393	9.51291734444591	9.75141498122151
7.47775451672869	7.21580345331402	7.56973657200109	7.73927180674497	8.02104696243109	7.74808101833834	8.70943902511644	8.85091691561149	8.50466158131806	8.56503844505003	8.73780362127092	8.76562060754867
4.76463566451685	4.67853769462416	5.00770046812944	4.90277053902785	5.24460331690118	4.94886314571908	5.20170754881701	5.34879047557446	4.87162645074376	4.95952856692479	5.38238578130368	5.49675375641272
10.8524462688256	10.7428751910337	10.8503056371274	10.7052099706713	10.6889369500202	10.7246354225668	10.6551175661273	10.7329133320692	10.5700830826058	10.6819721946895	10.4595251792853	10.6242036154987
6.31771410421822	6.21983896654917	6.16456931674631	6.96048603688414	6.94289350143247	6.94602039595025	8.0188823275567	7.94640827710164	8.07549878410941	8.49690611574	8.41347081143324	8.35030590680084
7.65885706748249	7.50586103291435	7.68699035139875	7.85791630324358	7.84499585819195	7.86857107972066	8.35686846770943	8.52012711611265	8.23573704820425	8.17980776825415	8.40475359433214	8.41004212321939
10.2331762514629	10.1559833671328	10.3008303160538	10.0767790276031	10.1025843120288	10.0755472967671	10.0276228807813	10.1032071242609	9.95160932687327	10.186296069288	9.9503994550839	10.0224050611925
6.97600538425652	6.85496426200841	7.08826594943311	7.59184144308974	7.47429046554653	7.64141687072472	8.61332825550135	8.68085167649802	8.34111173404498	8.30316938260826	8.38784021139579	8.62053029705115
4.89998751741174	4.81283878633574	4.74076160783973	4.66888247885357	4.86329667493489	4.8909157965098	4.88121568604517	5.02208787536675	4.88739376660208	5.20870031937684	5.48264990477711	5.77308498485997
5.87281731624627	5.64291378489343	6.00281824674969	6.14189004676974	6.08741998435045	6.26395920712402	6.44448311566701	6.56663610764199	6.57084613072259	6.51863918980119	6.7516195909694	6.85352360051239
4.32575142328364	3.82348603053525	4.3218090585575	4.14604169004021	4.7498386251516	4.30002846183154	3.84487383898144	4.29042631306046	4.2464748599069	4.00607115286182	4.24488225755375	4.13418367702801
4.46325494703358	4.17896668513364	4.30604174269919	4.12936294889358	4.23526545232184	4.79306847311166	4.5520920897536	4.39260670786695	4.51357893004974	4.36864123224653	5.00332757913041	4.87526537966645
4.06271701744984	4.07587319216954	3.98807166138051	3.65729450457835	4.29040700651431	4.317730463565	3.94440951253236	4.12215483047067	4.03625715251656	3.5365858695606	3.74738259808293	3.83779067424779
9.04639471214791	9.01969035677641	9.0149929606958	8.99484447502542	8.93570517046294	8.94530883241381	8.84992545816466	8.91991662123181	8.89472579173898	8.97167222652094	8.88777632989309	8.79361899277351
4.79968261161605	4.73602318928491	4.88570994375083	5.21879803247552	5.25388113048919	5.23630286422115	5.05034295728143	5.10720448900469	5.19038029783597	5.42967066564408	5.3266763487174	4.98218058358297
4.34169296715266	4.39423467203671	4.36810271083144	4.17883162515788	4.5534414123481	4.45203155527659	4.30697959191707	3.99797541924993	4.31802812093193	4.05115904239035	4.68671981617631	4.574756268414
4.52039885413718	4.58151324022929	5.11113005778484	5.14604169004021	4.92267522201382	5.04764130019725	5.10668094143124	5.27712949044701	5.21558085196112	5.57182304961714	5.53274851636748	5.79931652643315
4.85626613998242	4.99341103197756	5.12916398061511	5.23447965470779	5.39474366632904	5.26395920712402	5.20744391836616	5.36144577638048	5.33537536449583	5.26719596868698	5.36589765851511	5.36245266470113
4.30963175792037	4.11106262063184	4.55313460466396	4.31780803830669	4.76289477797705	4.68809891351012	4.50628840014048	4.53346924370679	4.53375681198738	4.30491563463614	4.3266763487174	4.5898631608042
3.15582642184133	2.73602318928491	3.65622809762806	3.09541561697024	3.52306776330458	3.91437476933379	3.0115237083909	3.42913258389205	3.29456914810795	3.11625407061224	3.50791666338755	3.75978816224652
7.70272088172896	7.68584990004402	7.56643142727742	7.28052702222723	7.12582584698979	7.0868829317901	6.9546778479862	6.89728141963046	6.95815641446991	5.99745802255711	6.50791666338755	6.6451455963054
5.10068486764887	5.11106262063184	5.42029892195687	5.19495129052116	5.36935834790913	5.41138957077924	5.34910506758975	5.14429380773992	5.40275079983736	5.00033478331267	5.30377594660732	5.43116541478515
8.98618316926055	8.92523002388194	8.85826745700834	8.8667478702073	8.87536950723546	8.84892170784517	8.88256085634392	8.92098568022173	8.87162645074376	8.66496267099782	8.88053992428044	8.84646500781362
4.74078892256248	4.5562021517001	4.83167010403794	4.36130967694328	4.91099341696618	4.90269296428615	4.69776954494924	4.77016950172713	4.77322274668276	4.15807424630687	4.69554366656331	4.69140118726626
7.78954823448234	7.95155618903057	7.861642183789	8.12095070907738	8.03456810208472	8.01274650975107	8.19161368926444	8.06720642107278	8.1792151063586	8.03792001890116	8.11195503037879	8.06964342483331
8.06871575807129	8.01098366142552	8.0650336431954	8.02277031513847	8.15830347050696	8.1048367017788	8.1415559827097	7.97962286735607	8.11955396418734	8.3445068873841	8.2213986483336	8.09897834575495
4.06271701744984	4.32098569000607	3.98807166138051	4.27295380252243	4.53833451995789	4.60403464872164	4.05034295728142	4.22268170642463	4.38619962357352	3.9476544666365	4.06591211650843	4.43116541478515
8.69420938187345	8.75213502750542	8.78551111457303	8.74270271214524	8.70064633729033	8.81036529659269	8.68908320183383	8.70090683929001	8.71697863604314	8.98189637995324	8.82834116768452	8.64333657407352
4.35746028301098	4.05795128417227	4.30604174269919	4.16252981282878	4.62669039437874	4.71506596111039	4.07565404581061	4.39260670786695	4.18401077296025	3.81015094288656	3.4672746788902	4.43116541478515
9.15526275899341	9.09796696302016	9.17762546957175	9.06339662080953	9.14714376263342	9.08365325719105	9.02457986121635	9.09019806369901	9.05688310594206	9.28145666181215	9.08744212751515	9.05406853245522
3.71654137631581	3.64291378489343	3.55313460466396	3.63383553175437	4.15830347050696	4.18899714944279	3.83007683705337	4.09209759661448	3.97854165466027	3.52064432569157	3.4465161187234	3.61961050419826
9.13024101164686	9.12887722915779	9.07320757464109	9.21731910354961	9.13212858764277	9.15678058547008	9.2952434838661	9.2231151434238	9.24723879693343	9.29088607473208	9.16215487168939	9.15210558502528
4.49210980970576	4.43646290742601	4.69306486580843	4.56107918931905	4.5534414123481	4.86706905455543	4.53394474304334	4.81686273717516	4.59265050104094	4.64350107347711	4.73030908472399	4.70534037822414
9.92665546787382	9.91344272727414	9.88835952216478	9.9754363783501	9.91062683202179	9.8820193960214	9.94869687093546	10.0235816063449	9.95348295705985	9.95749464855525	9.94370265935611	9.88486673974741
4.30963175792037	4.30587879761586	4.30604174269919	4.11248913032919	4.29040700651431	4.51476731062455	4.20744391836616	4.51092667505571	4.15824767689517	3.95952856692478	4.4672746788902	3.95909697046993
9.51557598216366	9.58855269868911	9.47155617806219	9.53519704023062	9.54449078583372	9.48177889867064	9.5568743532132	9.5659528516307	9.52999489319117	9.40301565548563	9.46049614625913	9.42801657023015
4.64125324901157	4.17896668513364	4.63113711666523	4.25768704586912	4.50763772273497	4.86706905455543	4.4298363397026	4.52224198828354	4.28269504781966	3.97130573470114	4.47754301434402	4.43116541478515
5.12851907584559	5.19545480792221	5.19056452527925	5.68609176888579	5.68272442929307	5.70164544534806	5.89904897913249	5.82145000667082	5.85167184436811	5.69056932713389	5.92295416266639	5.85664970149911
9.75425118236905	9.73390831711402	9.77230312512612	9.74064514815366	9.74737738763532	9.68682238043091	9.63743175911097	9.64053422131053	9.65845255943669	9.66473602815062	9.62685773611105	9.63971171025477
3.64125324901157	3.35073303340012	4.02706579299637	3.76918738464926	4.03456810208472	4.18899714944279	3.91666452204946	4.09209759661448	3.70368181342969	3.7012165713334	3.76425641664733	3.67732600205454
7.10302500610338	7.21782262095066	7.3159164906343	7.37905522713323	7.37786984776464	7.39897031152517	7.52363564370437	7.54738155056205	7.67898137280136	7.77614505883996	7.22521227741361	7.49675375641272
9.31468852804978	9.38752340993765	9.19002770851366	9.39789134919143	9.31055357962608	9.38696735354247	9.49196510206155	9.38487934584233	9.44930426972635	9.41411440553777	9.51852246928971	9.40524645661774
3.9213611682043	3.59400418441249	3.94799422200517	4.31780803830669	4.44421234259334	4.13010346038923	3.94440951253236	4.04580394434055	4.52370314732345	3.74303674702803	4.05223717961136	4.27168720077795
9.36381685507429	9.4075642559968	9.34031164478393	9.37640726975318	9.39631551508546	9.40415800154817	9.37514081891635	9.25016244284674	9.36559183887228	9.2542999495979	9.38681907530912	9.29088076601126
4.9107139240048	4.701807473947	4.68089015186233	4.71432544961473	5.31720706585802	5.33521789029384	4.86678861540989	4.8441700831709	4.86367769762827	4.39511344360772	4.56681035244111	4.64875684985777
4.10068486764887	3.73602318928491	4.15579910711857	4.14604169004021	4.13840391306926	4.41961007758421	4.20744391836616	4.13695183239875	4.17118673260266	3.67264741913662	4.49786299872362	4.41429159622075
8.99503020993827	9.00280972997981	8.92753011944546	8.91984405238679	8.91976362659391	8.87680438115815	8.77802250092466	8.88528161854005	8.75829450515538	8.32456016378241	8.93044869921331	8.7001289515788
8.84302711649322	8.78994907081602	8.77122688856678	8.7624426550159	8.75147712054736	8.74563092710545	8.83841881684415	8.78902852897844	8.76684383412006	8.42218168680589	8.91021817473892	8.73621969110811
4.76463566451685	4.76944619082237	4.94799422200517	4.72546600721993	5.10803026402574	5.02626764940468	4.94440951253236	4.75106067877942	5.13861887014624	4.59103365358297	5.39327409744642	5.0383236616205
9.51293851334703	9.60407404303007	9.40233696396967	9.58879456753088	9.48958855527828	9.44600776764882	9.54814181727336	9.5023815659227	9.47659709243038	9.02984750399668	9.58057035139658	9.36245266470113
5.05306684741613	5.03980393746202	5.36048952672156	5.25768704586912	5.40310713926367	5.41961007758421	5.40008899630855	5.15886660882719	5.1967218247098	4.98298753974878	5.70431387619105	5.11342511686122
9.3436733312809	9.25811425817198	9.16511568866759	9.30579705920945	9.30554325031168	9.26452978061015	9.27455811422469	9.35710802664556	9.3220219942388	9.10427037884992	9.35653960381688	9.10884408997461
6.60538779645456	6.38348161573983	6.55647031722722	6.87302319563379	6.79502739891786	6.80880139937625	7.23297901047329	7.3003191178189	7.26318873346817	6.84257242057894	7.15177285316227	7.16729198883996
6.30150387703696	6.49091069144838	6.50905353619984	6.55484723560754	6.69979794265201	6.53003406727786	6.85221581432261	6.81686273717516	6.76257550248326	6.9476544666365	7.15817062436042	6.85664970149911
8.23050310813582	8.30682762700941	8.27802736652959	8.43780781441732	8.34243156699714	8.32212223268215	8.39569913624416	8.31584529756295	8.3446854169248	8.332571977539	8.4201407032991	8.28451124113553
4.98364544645865	4.94547655491386	5.2980929895837	5.20294408127469	5.23526545232184	5.17934697940908	5.10052871444964	5.26370897468469	5.03625715251656	5.13207903777392	5.29799359401331	5.43116541478515
3.96318134389894	4.07587319216954	4.61842606491568	4.17883162515788	4.5534414123481	4.40312195479564	4.10052871444964	4.3036017018082	4.52370314732345	4.12682331232243	4.63261241083685	4.36245266470113
9.05185602481808	9.15913909943201	9.06268970272709	9.16047907326402	9.18036720617295	9.19977698819604	9.28815571762542	9.15205393266577	9.24990939541815	9.19714995658579	9.37347811323738	9.32457278103004
7.20240478846166	7.21983896654917	7.31394694078454	7.47293603782092	7.45229468889119	7.42778400902991	7.65957073638022	7.67958892364639	7.74969421118652	7.46550277149911	7.84479509974088	7.6159254573904
9.45732261682388	9.47664723377433	9.4439055349092	9.4613214089182	9.49497815076351	9.46797309914561	9.43931270522199	9.38255304320302	9.4123186845374	9.5186391898012	9.30377594660732	9.45301696549251
9.48090696539561	9.4741154489054	9.46224986538699	9.43441722521655	9.38843908947483	9.35624801658678	9.39161084238425	9.37749981547674	9.44897227224682	9.34252457962572	9.38920060286	9.33076824065847
2.64125324901157	2.37987937905964	2.38320960322165	2.70309819419148	2.87536950723546	3.24558067780916	3.16090133242912	3.19466733025503	2.9184206622227	2.27671874280549	2.33799166194523	2.46433227872035
9.77751202856801	9.88449977146319	9.71188453054959	9.91772088049381	9.85303104561418	9.91401114109219	9.90854405997536	9.81254888454144	9.9058963528285	10.0692522003185	9.89545536354305	9.8013459191449
4.08182584039755	4.14541412542262	4.02706579299637	4.54858824513585	4.3607963344057	4.45203155527659	4.97163098126738	5.05362344879985	5.21558085196112	5.76688348898239	5.56681035244111	5.52060049836709
8.72035702265767	8.8281196042757	8.62558980673461	8.80966113463636	8.69639936619014	8.68979920249995	8.72851460279584	8.64700952410601	8.70923705726286	8.42753492130009	8.78559152022518	8.5992252640079
8.56436846413819	8.65115563823556	8.53295672272633	8.73858464548364	8.67583804370783	8.60223015187489	8.639024430891	8.68274373583923	8.65385065747768	8.77530555050036	8.74579051216721	8.51071221400264
9.49121677653526	9.50833776320657	9.4759667441415	9.54033189453057	9.51778228014052	9.43641836527076	9.43534632109488	9.3895207279932	9.48892234984832	9.70540949295042	9.45498533949221	9.40844533828506
5.18262648118505	5.02142540814716	5.4276037225801	5.46464942663596	5.53833451995789	5.52242088316798	5.30162635742286	5.25695160850938	5.39725481208251	5.4466437442478	5.8338466888324	5.4887164373473
5.48495001813289	5.53692308920522	5.57960681602515	5.41734371185761	5.72336641379041	5.69488807917275	5.40508967736692	5.48224392035162	5.62121965323771	5.3095619994925	5.48773878144991	5.69140118726627
6.99376966373236	6.97681452144687	7.11565971626536	7.06065019880957	7.1876474320891	7.04764130019725	7.28273204567039	7.35986992145495	7.35251649731723	6.88832601574456	7.34782027931334	7.39936335469336
8.84861625681398	8.89020839855021	8.69533623081325	8.68252338952296	8.84346025928072	8.81738193045508	8.78619098759092	8.78080802217347	8.76897327368141	8.23824459499085	8.63203797521673	8.74299291970354
7.81403790459312	7.85106683944663	7.80387165169437	7.9545806048117	7.88585099110378	7.99084559519386	8.41875284057359	8.46108644574971	8.38619962357351	8.1918118689427	8.47370094804963	8.43848610123354
4.29332994559126	3.96484187978079	4.36810271083144	4.25768704586912	4.76289477797705	4.67442397661304	4.7139797721305	4.66179334068233	5.07807732821119	4.96542916836447	5.17088167610997	5.24330539940813
9.06811700519244	9.03064393817654	9.19378123796279	8.85411473308373	9.19187732633857	9.12634154159303	9.01316220378665	8.94378089513182	8.98771330055852	9.30316938260826	8.91825022944502	9.0830514678177
4.79968261161605	4.83405527224544	4.86433629295826	4.93191688468736	5.02376134712813	5.1200497957253	4.61386828734029	4.81686273717516	4.79846003818179	4.79697555413883	4.63261241083685	4.95909697046992
9.59794054426055	9.61943017567328	9.55396925614277	9.61336615000232	9.51440868071241	9.55823095910852	9.49665775117842	9.5023815659227	9.54870715345335	9.36334386311432	9.51603399081005	9.46228153915558
4.74078892256248	4.27518200039295	4.64373715344487	4.56107918931905	4.88734214890154	4.91437476933379	4.63104343114842	4.59905758533437	4.61175932398864	4.25760991985778	4.39327409744642	4.70534037822414
9.70541858928308	9.71759047118793	9.61363039831403	9.85886513263713	9.67411129898836	9.67227551003446	9.6705141140668	9.67230656736501	9.68180963295218	9.61445799909431	9.63175067161309	9.51665331385043
8.7778782412977	8.83010087495682	9.00159510548025	8.96871324067594	8.96212497164354	9.0079840129545	9.02620360369601	8.96311115589441	9.06816778172738	9.29029853856396	9.02624197107841	8.98361111918941
9.77897632206178	9.81817223063879	9.83853682352621	9.80474564422225	9.78266079581722	9.77436034313719	9.67698883564655	9.66594406514147	9.66647073433261	9.96873768182059	9.64091612656318	9.71914617774917
8.8211623390265	8.91094887178559	8.73341215210419	8.93611862066598	8.83884363121035	8.85651086285686	8.83239889620731	8.85763234297747	8.85568490687474	8.54301213872003	8.75742521265061	8.73026691797869
5.88918076245516	5.60020933393919	3.6056020245581	4.88300728420641	4.50763772273497	4.51476731062455	5.31762683611658	5.45887992728611	4.58300033100722	3.8361461514195	3.52781622082524	3.93563799764593
9.45182488375272	9.5490026605364	9.41846692800798	9.43780781441732	9.41349375749537	9.41241969937773	9.44478668116857	9.35037847247765	9.38203198935829	9.67106860786575	9.40978918422944	9.26464392377383
8.44030353965175	8.63839830377094	8.55813528572233	8.58574124355332	8.58961502490159	8.56750877269652	8.62997595419192	8.57072886227587	8.59805048878353	8.90952266450356	8.47690338008797	8.56044843173011
4.15582642184132	4.56891320344965	4.4129569466157	4.99771894308311	4.72336641379041	5.00457257830536	5.31231303622011	5.32314188820385	5.24034875711006	5.94168056559186	5.82583169576828	5.6415252806267
9.42354947346875	9.3649243413131	9.31345413290924	9.36353984440066	9.3746839170458	9.32486031481147	9.34032101382031	9.32273748875035	9.27522379838852	9.46524252164888	9.23053447859378	9.19657680643548
4.58878582911743	4.84454764606308	4.85352953800168	4.95102570763507	5.05594175287728	5.06870291572508	5.70589742583264	5.69216698972585	5.61649724299531	6.61187399686483	6.30088766728249	6.27168720077795
3.32575142328364	3.32098569000607	3.6056020245581	3.56107918931905	3.89921624918984	4.1099255784516	3.63955493100394	3.93163292442124	3.61175932398864	3.19871623080422	3.58591917538882	3.70534037822414
9.34070176474961	9.32661023919995	9.31690025817388	9.17578903343426	9.26883147195516	9.22168576814897	9.24523052809653	9.26370897468469	9.25675403417565	9.03019942375471	9.32986776094864	9.20088795811156
9.76795772185476	9.82448019277114	9.75752460822099	9.78591253186375	9.75638147101838	9.80134964819546	9.70969166412259	9.71391813463597	9.75077205586937	9.93173155249018	9.77157710309573	9.70577381522331
5.3884871786316	5.09357519390299	5.57303416210166	5.31780803830669	5.68272442929307	5.79306847311166	5.69776954494924	5.74624366248164	5.66303982893234	5.59103365358297	5.72169595441928	5.99358534685522
8.80400421756615	8.80681499870797	9.01378010224615	8.90031488730153	8.87085402611297	8.94174574084993	8.80900838642444	8.81571363712167	8.88494145419639	9.21738007506925	8.94947760518615	8.86986057522565
7.37111672749256	7.33407568944651	7.26585265258349	7.28993798215331	7.12329702067905	7.26851748908633	7.27319127846078	7.25186273183658	7.36383181054506	6.84257242057894	7.55836998964046	7.06829574137156
6.12391717388659	6.32473782486718	6.34127892275573	6.82721950602066	6.81710185205628	6.89681639794948	6.95638215419844	6.98780839309294	7.05382978196451	6.79034246180638	7.18974070336128	7.05202457219708
9.28510943878629	9.28243538440426	9.21134608741576	9.22959743332805	9.31831300308419	9.31442784089215	9.22593114574404	9.15205393266577	9.22956508139682	8.90338842176354	9.17206761538012	9.16980758675874
4.29332994559126	4.45026870695103	4.56643142727742	4.54858824513585	4.7498386251516	4.7803574213621	4.73000988194945	4.8441700831709	4.64923402940731	4.51260700662615	4.49786299872362	4.74636764648419
8.7778782412977	8.86530620622988	8.71113643873045	8.73376533043842	8.7391428045437	8.68809891351011	8.6219446008794	8.64377550562357	8.6457618375005	8.49894166463626	8.42213567256038	8.65415683760036
4.30963175792037	3.9839507027285	4.20763803863819	3.8929227530715	4.91099341696618	4.86706905455543	4.37991111437092	4.22268170642463	4.22181280567264	3.88677222448948	4.01041700391672	4.13418367702801
5.34959816523801	5.4433823213658	5.63113711666523	5.43780781441732	5.4522946888912	5.78672694623783	5.53850302500565	5.28379322072802	5.54870715345334	5.76688348898239	5.8338466888324	5.73961028030889
9.36088653238597	9.37717178669615	9.38930187653727	9.40656924026343	9.40675096775177	9.38381965402277	9.38972002292501	9.32273748875035	9.39897455843097	9.74818005030398	9.3727906245225	9.40524645661774
9.08063892544711	8.98632160719125	9.173829614991	9.09380456706426	9.24750904807659	9.25307521435609	9.090086967728	9.17463884976122	9.11537586963416	9.18740091757638	8.86693407701013	9.19287125206725
4.15582642184132	4.02142540814716	4.13809710538512	3.93191688468736	4.52306776330458	4.74153817247157	4.12498175817419	4.19466733025503	4.60223654987014	3.58338008103954	4.02449218912845	4.23371935057893
9.66678834111871	9.75422336809814	9.75135225309183	9.66092575502523	9.69512283311094	9.65671137302521	9.73696743266188	9.64765545876685	9.69222624889752	10.0506387460425	9.7502968669005	9.56714308430412
4.49210980970576	4.24381782948361	4.5926629688506	4.52327715660667	4.68272442929307	4.86706905455543	4.75372595092325	4.65152500522851	4.71255996477614	4.63612154311151	4.70431387619105	4.82507962249824
9.40991020116075	9.5033800434106	9.3775630400805	9.45631494337044	9.43353507945812	9.44651071171558	9.58248334971308	9.56526927187809	9.55087452488496	9.424057579201	9.57041258912131	9.52207791277259
3.96318134389894	3.86530620622988	3.5261675570637	3.81162265096965	4.09776192857191	4.30002846183154	3.8151264955874	4.18045347103534	4.49311482749003	3.65814784944151	3.86155361800224	4.27168720077795
8.13425088728219	8.19442980252144	8.17328653384742	8.13145836689577	8.2092702437889	8.1865906517357	8.28137293578101	8.18846599108672	8.19355454563112	8.40654402438412	8.21450860851023	8.23251660349727
6.71654137631581	6.9648418797808	6.79824710250049	6.81423386442619	6.8357576513366	6.71840167367364	7.02944561638816	6.70711733119182	6.97116212429467	7.46966039697277	6.93231626587008	6.73961028030889
5.94242278373214	5.63688999726566	3.57960681602515	4.62196143146608	4.70994589802809	4.66061817708801	5.35944701181121	5.50523556297785	4.31802812093193	3.4882228479992	3.01041700391673	3.61961050419826
5.83952287614784	5.61866623864675	3.75244341288737	4.74749231354993	4.65497943881016	4.68809891351012	5.25806999143612	5.64636330011273	4.22181280567264	3.97130573470114	2.8298447582749	3.61961050419826
4.94242278373214	4.97442792860999	5.25767872113779	5.21879803247552	5.1876474320891	5.2081059723905	4.94440951253236	4.80764420714579	5.01488350172399	5.34167418464626	5.23885846992598	5.20457300491941
8.72644114360252	8.77768234092213	8.66243324715477	8.82721950602067	8.6453175181011	8.66321684793333	8.60139612323586	8.69028725650763	8.68744957383664	8.36250565545587	8.79742328058253	8.50574253963998
5.36527978747028	5.28291764917255	5.47067244447199	5.71990648187804	5.73666323640387	5.75459432529702	6.16090133242913	6.35829234334161	6.19038029783598	6.06496484191539	6.36865879819217	6.56714308430412
5.04335169258292	4.50420751406184	5.08364932136274	4.82203926691499	5.15830347050696	5.1889971494428	4.83749430861585	4.71206654716356	4.95628884781314	4.59103365358297	4.85369150022927	4.98218058358297
4.58878582911743	4.42252371646813	5.01741562296265	4.75838062969267	4.83884363121035	4.72836278372384	4.63955493100394	4.77016950172713	4.56350415538143	4.52064432569157	5.00332757913041	5.0161279155063
4.89998751741174	4.45026870695103	4.97815619251543	5.01598114947584	5.24460331690118	5.09972981134571	4.93752312694712	4.9145594110623	4.9107262704327	5.0677102186542	5.42545450319557	5.40578009636523
4.81117825045388	4.43646290742601	4.71711033977509	4.56107918931905	5.06651099458747	5.21756630163957	4.57001399775086	4.65152500522851	4.84764758780932	4.30491563463614	4.54744502757418	4.77308498485997
8.50985535989572	8.63235559319486	8.48911811179281	8.44624958830398	8.40623098395055	8.39689000108413	8.42430523372937	8.43438284457926	8.42655257771011	8.41573147468621	8.67114701225585	8.44473154406444
4.4338111691411	4.50420751406184	4.83167010403794	4.51045311624909	4.62669039437874	5.03699405599774	4.59648620911206	4.8351249435679	4.79009656524716	4.61375373008306	5.10617598672216	4.79931652643315
8.84232694902455	8.88767401925833	8.69835916547795	8.89045026739198	8.715832741105	8.71840167367364	8.82215376248136	8.75945194903856	8.79689557566713	8.93003526182928	8.70758900822391	8.70534037822414
4.24328926309166	4.32098569000607	4.39815994468762	4.40353791233257	4.87536950723546	4.84282150830876	4.32819607782676	4.64118306100705	4.70368181342968	4.332571977539	4.59537950463788	4.66311214283484
5.0138074169689	4.64291378489343	4.76403138716258	4.59791595749942	5.08741998435045	5.28210655383428	5.03751891692384	4.97345310011587	5.11202466013452	4.77025821576305	5.03147861944456	5.00490066008305
9.67388939749385	9.58229710063482	9.70739014984039	9.4216310702607	9.61188418874262	9.64141687072472	9.59375124139082	9.57140986065571	9.55951159604104	9.678945443037	9.36070623498999	9.65055909249176
3.26016308165606	3.35073303340012	2.9681721039428	2.83238121113645	3.49204086768396	3.45203155527659	3.33868845164441	3.47643829867042	3.29456914810795	2.15807424630687	2.42545450319557	2.81225558214065
9.0013164727857	9.02026893911458	8.97379665313668	9.01881385221368	8.91611584957877	8.93888891805327	8.94955281580832	9.00504994501021	8.93747899803838	8.96542916836447	8.9158924988322	8.89364390898131
4.65407728936915	4.50420751406184	4.70513769810901	4.58574124355332	4.80136892579168	4.96017845894692	4.51556621372849	4.29042631306046	4.63061835123997	4.47173472521063	4.57639640127031	4.60481350227018
8.82471140610758	8.93078004370716	8.86769686992828	8.94746202931199	8.88510483383818	8.87755053842375	8.81371692533272	8.78316152194644	8.838044747739	8.86128571369801	8.88199011207977	8.77308498485998
2.96318134389893	2.43646290742601	2.9681721039428	2.83238121113645	3.05594175287728	2.66061817708801	2.81512649558739	2.73169535391249	2.68575990543242	2.55235318541891	3.14534658400283	2.5898631608042
9.62750163623337	9.66897608147963	9.65311548576073	9.67212489634225	9.59007295064448	9.66451443012923	9.50628840014048	9.51021651257969	9.55951159604104	9.76032240582384	9.48233125319307	9.5117040978787
4.53433804509506	4.47749017568606	4.97815619251543	4.47128251896841	4.56839175381407	4.58953507902652	4.60520342621317	4.58833117874131	4.62121965323772	4.5365858695606	4.83783754902843	4.5898631608042
4.71654137631581	4.42252371646813	4.55313460466396	4.51045311624909	4.82645990675452	4.91437476933379	4.17267850020548	4.66179334068233	4.57328517617401	4.5365858695606	4.63261241083685	4.70534037822414
12.6087368516418	12.5939556014608	12.5972250946325	12.4695753404151	12.5108457979484	12.4964863928456	12.4879201256779	12.5372213785679	12.480825488092	12.3795232709849	12.4145567693625	12.4733337903556
5.81117825045388	5.61866623864675	5.91198926854968	6.15430930602381	5.80768269972389	6.14008754896185	7.14753607434308	7.15886660882718	7.09684713223102	7.55822178350805	7.6094546898496	7.59174044804488
4.40375393528491	4.24381782948361	4.39815994468762	4.75838062969267	4.70994589802809	4.76753338100452	4.48755183755889	4.67198910778822	4.82326342918236	4.72227818686123	4.65087461722958	4.75978816224652
7.54642532739379	7.58777223070097	7.83716609179279	7.61449018203494	7.8280136980096	7.76753338100452	7.77705845475387	7.7414105087457	7.79846003818179	8.11559091498535	7.9351130907348	7.91928579223849
4.49210980970576	4.27518200039295	4.79824710250049	4.43101864875468	4.66891862976803	4.80566850989129	4.35944701181121	4.277129490447	4.31802812093193	4.18866256614029	4.24488225755375	4.69140118726626
9.47730360406964	9.44424491932326	9.48518527417088	9.52207973362393	9.36133295149982	9.43185367333896	9.30731351045597	9.30524019720395	9.35216145977615	9.44717094872686	9.43041847772548	9.32231327384792
3.87829244631242	3.80211237974268	3.7755270260004	4.19495129052116	4.65497943881016	4.26395920712402	3.93060371300734	3.87979399290163	4.02204329329686	3.95952856692478	3.42545450319558	3.86288165521062
4.17374832983859	4.24381782948361	4.29010019883016	4.24225700529951	4.32603091624502	4.49933727005495	4.20744391836616	4.25016244284674	4.39725481208251	4.0287912293619	4.30377594660732	4.13418367702801
9.35746028301098	9.37355374081022	9.29360249473647	9.48240716815138	9.28306215590114	9.30058494980021	9.34942937804203	9.24675584140349	9.32636637405633	9.76730576179117	9.13646346304685	9.23071060070659
4.06271701744984	3.66676052684779	4.13809710538512	3.56107918931905	4.37786984776464	4.56009130113404	3.97163098126738	4.15159860836315	4.22181280567264	3.56795004046993	3.96734828202484	3.83779067424779
6.98618316926055	6.9648418797808	7.06503364319539	7.27485083769503	7.21403161788263	7.39689000108412	7.96233142052963	7.95164872979752	7.98588363000144	7.90069646702109	8.07523900497297	8.13804287248365
9.82612859191985	9.80647960522956	9.85420733695278	9.76750415608252	9.75147712054736	9.71506596111038	9.6569528894618	9.64118306100705	9.68913726563474	9.83029751599833	9.6613279512254	9.74721009616705
4.81117825045388	4.65488642655951	4.94799422200517	4.64561269953072	4.68272442929307	5.0154608944481	5.18436030525311	4.85315886639816	5.03625715251656	4.74989041806909	4.92295416266639	5.22406918054521
4.66678834111871	4.5562021517001	4.71711033977509	4.58574124355332	4.89921624918983	4.97140571437017	4.59648620911206	4.67198910778822	4.69474868865968	4.27671874280548	3.96734828202484	4.78626037360771
4.61525804047862	4.56891320344965	4.80947435792375	4.85284531369617	4.96847891162694	5.0154608944481	4.95126318357342	5.12215483047067	5.31219904212974	5.24795974982406	5.07945864834638	5.32682875497041
5.71654137631581	5.63688999726566	5.90153491091251	5.61598753042144	5.73003014407142	5.67442397661304	5.73795863506493	5.7219143331199	5.77745973956923	5.58338008103954	6.00687664621148	5.60481350227018
7.22621574973272	7.18517183466035	7.32572410856089	7.19294615463078	7.37574667587168	7.29109533706154	7.6160263955077	7.61499912920339	7.63646159552143	7.86405214798939	8.02186353056783	7.92227273955989
4.77641283229321	4.74725044470817	4.80947435792375	5.40353791233257	5.06651099458747	5.35249588172567	5.90258933683773	5.77490742073379	5.7518490958902	6.28145666181215	6.30377594660732	6.2622885027757
8.15807887357271	8.15492992054281	7.99791944733686	8.16252981282878	8.17305005587615	8.17813615681103	8.24069210075273	8.32475835340476	8.3078117248888	8.32111286216394	8.38170252529239	8.41747050688826
9.10360944809675	9.07642968013821	9.06503364319539	9.00573711797903	9.05461513665425	8.97140571437017	8.95808444942944	8.97190652675973	8.88051675985467	9.07693748358146	9.05738048288731	8.99783899624886
8.14904788921027	8.03179212370542	8.09056873530253	7.96988473488638	8.05594175287728	7.94174574084993	8.02132688342126	7.98269788459317	8.04067041701922	7.78451338300418	8.404080852403	8.0976578010029
4.57536531335511	4.30587879761586	5.14697525673157	4.76918738464925	4.83884363121035	4.79306847311166	4.41998855374626	4.47643829867041	4.84764758780932	4.15807424630687	4.80559721202823	4.79931652643315
4.4338111691411	4.30587879761586	4.36810271083144	3.93191688468736	4.62669039437874	4.72836278372384	4.05034295728142	4.34242095069873	4.34111173404498	3.7012165713334	4.0928791641087	4.43116541478515
9.57620776303797	9.71043777909044	9.47199784193855	9.70837185075542	9.6541037513533	9.69827071856741	9.74611017397576	9.71545931098261	9.78089315730535	9.41222553118468	9.85369150022927	9.65819360546586
5.84512558237722	5.7639291858548	5.79824710250049	5.71432544961473	6.09260022345613	6.18418013314502	5.91315857854792	5.9188467694654	6.03625715251656	5.85851396444796	6.18661460237457	6.16980758675874
5.13767907513107	5.10234540353073	5.37567593053624	5.71990648187804	5.49204086768396	5.77395965016395	5.48282942731649	5.58293791997109	5.68124442430993	5.66541584990555	6.01041700391673	5.95909697046992
10.1450789870073	10.1596643843608	10.1325203878077	10.0457284928699	10.0284992661348	10.0742461061122	9.96275543083125	9.97910972666388	9.97531775378598	10.1430215895529	9.86815411517239	9.95800581067439
4.61525804047862	4.27518200039295	4.65622809762806	4.6099887898	4.77583383368454	4.71506596111039	4.81512649558739	4.92312142456572	5.02204329329686	4.84257242057894	4.73030908472399	5.12384173280656
4.65407728936915	4.45026870695103	4.90677155927866	4.72546600721993	4.83884363121035	5.03699405599774	4.57001399775086	4.77962983097619	4.49311482749003	4.51260700662615	5.06591211650843	4.78626037360771
4.70426304653737	4.65488642655951	5.03665184182557	4.77991379124231	5.03456810208471	4.90269296428615	4.68959561350353	4.63076644506171	4.75614923332382	4.455055984064	4.66890854005985	4.64875684985777
4.64125324901157	4.58151324022929	5.02706579299637	5.01598114947584	4.9797061670502	4.97140571437017	5.18436030525311	5.3739910296996	5.47235626732323	5.21861578824192	5.69993543568047	5.63425728016266
10.1120573583912	10.1454141254226	10.1951194210111	10.0740579874889	10.1280349396857	10.0526052747272	9.89816253053877	9.93454719323881	9.95978855448822	10.2364156975887	9.80228213579599	10.0615383751962
8.88034027496128	8.98454379422334	8.88239111311564	9.00001440107077	8.809256835222	8.91510175097724	8.84257178800491	8.82316647925984	8.91169031660348	9.18708533296594	9.01835118545894	8.84095101514112
4.53433804509506	4.22787628561459	4.38320960322165	4.80113027715201	4.82645990675452	4.72836278372384	4.88837547761803	4.88856420252936	5.0985414307709	5.25279290356001	5.54256280619443	5.3886049525571
9.6230243733792	9.5990478995218	9.60157102154198	9.63568206348077	9.64443594456869	9.64448877007126	9.58881519575913	9.64506998309121	9.63032556685724	9.65244413741483	9.4997534052499	9.62649469910059
5.54125745903485	5.42951014678424	5.49173405999982	5.95102570763507	5.94575883512686	6.0154608944481	6.32292113578609	6.53905027597009	6.42992100100283	6.52064432569158	6.7173700290165	6.729414513203
9.08774581194137	9.02661807736748	9.0300682811579	9.08301801183802	8.93281977941936	9.05689361343545	8.94269099530606	8.92418811226008	8.92273079169176	9.07181851295645	9.03147861944456	8.95180693453944
4.74078892256248	4.54337811134252	5.00770046812944	4.88300728420641	5.19729760212282	4.94886314571908	4.87402018464096	4.78902852897844	5.06427152868615	4.42967066564408	5.24488225755375	4.99358534685521
4.65407728936915	4.64291378489343	4.85352953800168	4.77991379124231	4.94575883512686	5.26395920712402	4.63955493100394	4.87979399290162	4.75614923332382	4.72227818686123	4.94532197569484	4.77308498485997
8.62587514785266	8.6421621854803	8.55396925614277	8.76784095894174	8.69639936619014	8.77716208220229	8.87356927198191	8.87814362661196	8.87410148144324	8.4623766705124	9.01747176145068	8.91179125569157
5.08182584039755	4.93569553412128	5.16456931674631	4.77991379124231	4.88734214890154	5.32650067319273	4.61386828734029	5.09967081631929	4.90299062165309	4.4466437442478	4.95270150606044	4.79931652643315
4.24328926309166	4.45026870695103	4.71711033977509	4.28806069491263	4.37786984776464	4.57488830306212	4.40008899630855	4.39260670786695	4.36383181054506	4.20870031937684	4.98184785171995	4.64875684985777
9.38656742446824	9.44295082890232	9.29310268699169	9.56689729792033	9.38263559090108	9.39219830575941	9.53337394381102	9.44705449188932	9.54901697736539	9.14610965537191	9.62772240202898	9.46586842265347
4.49210980970576	4.32098569000607	4.53971408890164	4.28806069491263	4.94575883512686	4.97140571437017	4.5520920897536	4.66179334068233	4.83956524151146	3.25760991985779	4.05223717961136	4.48063409104945
4.56181878151717	4.5562021517001	4.74076160783973	4.64561269953072	4.78865787404213	4.68809891351012	4.43961736049519	4.65152500522851	4.58300033100722	4.16834258176069	4.59537950463788	4.36245266470113
4.50632366892546	4.54337811134252	4.83167010403794	4.57346291377489	4.41142240747567	4.67442397661304	4.58771599948432	4.58833117874131	4.66761255872216	4.21861578824192	4.98904335312416	4.43116541478515
4.56181878151717	4.42252371646813	4.55313460466396	4.54858824513585	4.86329667493489	4.84282150830876	4.57001399775086	4.67198910778822	4.60223654987014	4.26719596868698	4.61411606721947	4.71914617774917
4.4338111691411	4.49091069144838	4.38320960322165	4.3895987213747	4.66891862976803	4.46797309914561	4.34910506758975	4.44110522555813	4.3063463158843	4.2955777700568	4.03843138008632	4.61961050419826
4.66678834111871	4.24381782948361	4.53971408890164	4.81162265096965	5.15830347050696	5.07911953167042	4.58771599948432	4.45297932584642	4.59265050104094	4.05115904239035	4.28050616728447	4.54405947119108
4.29332994559126	4.093575193903	4.44210329227522	4.27295380252243	4.11822603113162	4.48374041500393	4.41007308488117	4.36773203922791	4.42992100100283	4.09488041981967	4.50791666338754	4.574756268414
10.116986679978	10.075316489465	10.1394879230392	9.98357900450985	10.0426203743794	10.0157998337286	9.92321529026324	9.9711326179128	9.94314774812508	10.0635901919392	9.94254489102427	9.94741516542229
3.96318134389894	4.05795128417227	4.5926629688506	4.33245481427109	4.56839175381407	4.04764130019725	4.41998855374626	3.8441700831709	4.06427152868615	4.26719596868698	4.75584417683113	4.61961050419826
5.86180432352385	5.71901676397922	5.89627918546102	5.88797353709977	5.9797061670502	5.97140571437017	6.22168584094193	6.17687801681151	6.1776130017621	5.91143427872374	6.30088766728249	6.40578009636523
7.75871083055975	7.74024365560311	7.90153491091251	7.88921243373312	7.93570517046293	8.00593812032959	8.12270681151479	8.02109119481526	8.14683001946548	8.51210318436125	8.1740420170033	8.23971809120037
8.98491486584621	8.9009301159606	8.91848497984245	8.74407279300879	8.90290695225375	8.93387582525227	8.84900829663289	8.85651527359073	8.82326342918236	8.98116848132988	8.93091581757287	8.88448390969583
4.2768418228027	4.00280972997982	4.00770046812945	4.11248913032919	4.3607963344057	4.38644321364901	3.91666452204946	4.19466733025503	4.03625715251656	4.01747591613407	3.92295416266639	4.41429159622075
4.54814384462009	4.5562021517001	4.85352953800168	4.69178288096365	4.58318875574215	4.93745838244683	4.51556621372849	4.81686273717516	4.61175932398864	4.7567116839251	5.02449218912845	5.00490066008305
4.53433804509506	4.65488642655951	4.94799422200517	4.71432544961473	4.86329667493489	5.09972981134571	4.52478474375787	4.55566498982099	4.76471124682724	4.52064432569157	5.02449218912845	4.94741516542229
10.0424375336923	10.0517388473071	10.0647408588127	10.0264344834716	9.92630647246069	9.94388465160626	9.85883735893455	9.91241094448372	9.87162645074376	9.70033229607379	9.95660658219604	9.82068420421123
10.0579000011521	10.0825369224505	10.0726252557468	10.0014472098497	9.9762070262592	9.97245380380303	9.87040893108859	9.9247211604985	9.88174720346093	10.1306027991859	9.81928656657632	9.87140687230925
4.69187932208154	4.58151324022929	4.75244341288737	4.16252981282878	4.96847891162694	4.81815945407449	4.34910506758975	4.32959691034114	4.54374090056	4.30491563463614	4.86155361800224	4.83779067424779
8.28510943878629	8.40579407781043	8.17762546957175	8.45296762158832	8.31941809317337	8.2570946658262	8.28680170997944	8.3312061632028	8.36030529927829	7.87349699377384	8.309535215896	8.27636368798742
4.11930054581621	3.84454764606309	3.96817210394281	3.65729450457835	3.96847891162695	4.33521789029384	4.03751891692385	4.20874251546676	3.97854165466027	3.31419344822414	3.31527158544515	4.0492947794415
9.03908065318261	9.07085511740291	8.93395638860489	9.06119990163233	8.929204906466	8.93960365427839	8.93493223422884	8.99442510447308	8.94361914007205	8.90722537892119	8.95362129891333	8.87526537966645
4.65407728936915	4.58151324022929	4.917188175224	4.97922259946572	4.9908467246554	4.91437476933379	4.29625318532401	4.62027407124406	4.73015402479088	4.8361461514195	5.01747176145067	4.78626037360771
4.04335169258292	4.17896668513364	4.49868682064158	4.24225700529951	4.27225965980404	4.67442397661304	4.35944701181121	4.09209759661448	4.51357893004974	4.19871623080421	4.65991975683259	4.71914617774917
5.0138074169689	4.75839100231337	5.02706579299637	4.88300728420641	5.2904070065143	5.14008754896185	4.89549991205142	4.65152500522851	5.11202466013452	4.85533971665282	4.96004348140161	5.10293274304358
5.87829244631242	5.76944619082236	5.99300395692274	6.12516296036429	6.0612360525468	6.02087439063447	5.99834831964317	6.18757790546872	6.20618215395887	5.76688348898239	6.17088167610997	6.29952140897467
4.95283939967747	4.86530620622988	5.22451185720259	5.0694204084373	5.21640642507053	5.04764130019725	4.86678861540989	4.97345310011587	4.79846003818179	4.86168124352664	5.23885846992598	5.20457300491941
4.74078892256248	4.5562021517001	4.89627918546102	4.07813762553841	4.61233510140167	4.84282150830876	4.49695053556114	4.67198910778822	4.60223654987014	4.37751938359298	4.38238578130368	4.77308498485997
4.74078892256248	4.74725044470817	5.17328653384742	4.52327715660667	5.1876474320891	5.08946147589188	4.47809150830982	4.64118306100705	4.75614923332382	4.67984292054083	5.1127787215464	5.13418367702801
8.82895879398669	8.96062787082341	8.82615309907038	8.91802438213392	8.82256809149752	8.83054317853032	8.8108936464652	8.80764420714579	8.84915799978559	8.82158152366296	8.758478274771	8.77225751420873
4.52039885413718	4.29061204096255	4.52616755706369	4.63383553175437	4.69639936619014	4.43591188991331	4.4493325153284	4.46475649362278	4.58300033100722	4.40383066070882	5.00332757913041	4.63425728016266
4.87829244631242	4.71330311278483	4.88570994375083	4.6803781176914	5.08741998435045	5.1200497957253	4.90258933683774	4.88856420252936	4.66761255872216	4.64350107347711	4.72169595441928	4.69140118726626
8.16705367726458	8.1358351486106	8.1020278506776	8.17578903343426	8.23760559077636	8.2057311652026	8.27796954887383	8.35275719526038	8.28567274761955	8.10159376390611	8.32880474109884	8.34363704265697
8.96960761305836	8.99341103197757	8.9593789854848	8.85665022589959	8.95432084863028	8.98601012727894	8.94569705839282	8.87207607974079	8.87311197863292	8.65905835438867	9.06633737665621	8.91479374385309
4.53433804509506	4.51738290280957	4.83167010403794	4.30301103637861	4.68272442929307	4.63260380091841	4.53394474304334	4.53346924370679	4.68575990543242	4.67984292054083	5.07270128217107	4.67732600205454
4.70426304653737	4.6667605268478	5.00770046812944	4.70309819419148	4.94575883512686	5.03699405599774	4.90964409437169	4.89728141963046	4.98588363000144	4.71529175654512	5.26872899950812	5.29952140897467
4.373057138062	4.33593603147204	4.71711033977509	4.49751406054158	4.65497943881016	4.93745838244683	4.56108087298085	4.51092667505571	4.6399562158193	4.32341197825353	4.84578630214393	4.63425728016266
5.12851907584559	4.76944619082237	5.46358301968567	4.93191688468736	5.42791053026424	5.09972981134571	5.27455811422469	5.15159860836315	5.15824767689517	4.7567116839251	5.45173382799442	5.37994009142997
7.98745035866208	8.04663597094444	8.02946828321168	7.84008930627171	7.96847891162694	7.97280299781197	7.8749215873825	7.86431665628268	7.70923705726285	7.36082777772356	7.91730759952524	7.83303714427715
4.69187932208154	4.47749017568606	4.79824710250049	4.54858824513585	4.9797061670502	4.85499622225486	4.59648620911206	4.8441700831709	4.69474868865968	4.37751938359298	5.00332757913041	5.0272684731115
8.88102223906799	8.88767401925833	8.82822444909007	8.93911238609157	8.92848084369503	8.95806358677602	9.02863579596786	8.91724050278521	9.02961183887455	9.23641569758866	9.14413846526575	9.11146360052793
5.13767907513107	5.19545480792221	5.29010019883017	5.29555523145956	5.50763772273498	5.55263549621499	5.27455811422469	5.31014454767497	5.66303982893234	5.15807424630687	5.42545450319557	5.51269530028175
9.03418393217826	9.05964095257649	8.92881766530592	9.02277031513848	9.14465206073443	9.12947715473976	9.32060726994784	9.28959884240922	9.3278115983604	9.24826229675626	9.38920060286	9.3896844101764
4.87829244631242	4.59400418441248	4.88570994375083	4.84264954659027	5.06651099458747	5.38644321364901	5.07565404581061	4.98167360692084	5.03625715251656	4.70827132886735	5.07270128217107	5.10293274304358
9.49032319023175	9.4681906149483	9.46224986538699	9.44540763027548	9.5148911067463	9.53855115030772	9.59867045637393	9.56150378262459	9.61146268678376	9.62218235215364	9.58651226688366	9.59080210977382
4.62831419330407	4.22787628561459	4.77552702600041	4.77991379124231	5.06651099458747	4.66061817708801	4.41007308488117	4.44110522555813	4.42992100100283	4.28617907205455	4.54744502757418	4.69140118726626
4.08182584039755	4.07587319216954	4.55313460466396	4.02502628907884	4.59783553170656	4.48374041500393	4.18436030525311	4.42913258389206	4.1967218247098	3.72923094750299	3.99620314469702	4.34475066296767
4.32575142328364	4.47749017568606	4.68089015186233	4.0429481970761	4.73666323640387	4.94886314571908	4.52478474375787	4.49952191178346	4.49311482749003	4.38634323397998	4.77261988958195	4.81225558214066
9.64125324901157	9.68548516864507	9.64412913688455	9.69992472221214	9.61098194040746	9.56704629632107	9.53537075387496	9.55600910312993	9.63295848969448	9.8276679974952	9.51385304551053	9.52158560939266
4.58878582911743	4.24381782948361	4.82061491552895	4.6803781176914	4.58318875574215	4.64667898613013	4.58771599948432	4.57752442378473	4.48277288326857	4.41249552183595	4.92295416266639	5.08171625713388
9.4750469243652	9.500894780021	9.50905353619984	9.48855066235002	9.48121937443044	9.44600776764882	9.45808071906773	9.48332987828087	9.38897137282357	9.60975636533923	9.56681035244111	9.39721808286181
5.31771410421822	5.02142540814716	5.47067244447199	5.72546600721994	5.99638490819683	6.02626764940468	6.62033295106642	6.82373818326608	6.88150119867888	6.57761313782065	6.47754301434402	6.75644471917214
4.35746028301098	4.43646290742601	4.83167010403794	4.57346291377489	4.53833451995789	4.81815945407449	4.32819607782676	4.22268170642463	4.42992100100283	4.48000234119423	4.72169595441928	4.70534037822414
8.81902870042087	8.79266090439811	8.81366215488718	8.78458163228515	8.85035761922739	8.86104526692766	8.80049409589704	8.66434904558609	8.81401205770982	8.80151817860175	8.65427319369145	8.83779067424779
4.20893775830089	4.21175662025131	4.4276037225801	4.21089283439018	4.50763772273497	3.81815945407449	4.24139125028949	4.07683083996118	4.4406474075959	4.23824459499085	4.78920277377756	4.41429159622075
8.94633783373552	8.96484187978079	8.930746832129	9.01881385221368	9.02036756753232	8.95806358677602	9.079569095814	9.02755734441978	9.10150167372251	9.17376805341201	8.96552554641802	9.00490066008305
4.41886082767512	4.32098569000607	5.06503364319539	4.63383553175437	4.77583383368454	4.79306847311166	4.86678861540989	4.46475649362278	4.58300033100722	4.77025821576305	4.94532197569484	4.87526537966645
4.35746028301098	4.54337811134252	4.98807166138051	4.77991379124231	4.89921624918983	4.94886314571908	4.80001960319719	5.01409508461321	5.02916772773024	4.8361461514195	5.40945402450185	5.32682875497041
4.04335169258292	4.27518200039295	4.51249262016662	4.06065019880957	4.50763772273497	4.53003406727786	4.16090133242912	4.41705975159148	4.58300033100722	4.35970810747652	4.62339388080748	4.74636764648419
4.69187932208154	4.32098569000607	4.47067244447199	4.41734371185761	5.11822603113162	4.54514095966807	4.36971534726503	4.55566498982099	4.55365636942508	3.95952856692478	4.01041700391672	4.54405947119108
5.17374832983859	5.10234540353073	5.12017519738785	5.27295380252243	5.51537337151458	5.23630286422115	5.11280704422808	5.10720448900469	5.21558085196112	4.89297737401618	5.44127947035725	5.44784415593178
8.66124103118808	8.78655209481547	8.70888983297012	8.66020023575377	8.79502739891786	8.79069366592375	8.68446328848614	8.66307175905654	8.71477099209149	8.60904979686169	8.62454942355319	8.61223097383266
5.93193040991449	5.95519170974707	6.04142108597344	5.47788525379266	5.62669039437874	5.56750877269652	5.49695053556114	5.5720905377341	5.52873873722075	5.52464625624907	5.86546866800562	5.62695247953943
7.26016308165606	7.35807500874129	7.40742584064247	7.5072292153748	7.65147349530862	7.64842876808009	7.92800035282862	7.76303332044549	7.9279813005308	8.28381979918063	7.89832449615767	7.97644421403382
3.83389832695397	4.02142540814716	3.7755270260004	3.83238121113645	4.58318875574215	4.61838994169871	4.02457986121635	4.41705975159148	4.25864957385301	3.5365858695606	3.42545450319558	4.07098985054082
4.47775451672869	4.29061204096255	4.75244341288737	4.62196143146608	4.72336641379041	4.7803574213621	4.69776954494924	4.63076644506171	4.61175932398864	4.35071932424926	4.96734828202484	4.71914617774917
9.85834545099461	9.82977085207058	9.84434794752929	9.78291627940384	9.75923466174526	9.68979920249995	9.65721488801712	9.6811671920905	9.70340348892976	9.26988060822276	9.51166879824865	9.69489863150249
4.53433804509506	4.11106262063184	4.06503364319539	4.16252981282878	4.93426319628903	5.02626764940468	4.41007308488117	4.41705975159148	4.73015402479088	4.54449106764594	4.26872899950812	4.71914617774917
4.32575142328364	4.37987937905964	4.39815994468762	4.19495129052116	4.42791053026424	4.83054317853032	4.20744391836616	4.19466733025503	4.49311482749003	4.37751938359298	4.59537950463788	4.55948951176068
9.97024866840812	9.89273833350961	9.99914570753894	9.92559124643794	9.88473161043915	9.880531314362	9.82565460147388	9.85343886543657	9.87410148144324	9.90281199702088	9.86424635577383	9.76229066944969
4.58878582911743	4.47749017568606	4.78693178927266	4.53598820835622	4.68272442929307	5.1099255784516	4.36971534726503	4.77016950172713	4.55365636942508	4.27671874280548	4.5376640067816	4.52846261614006
9.71348157656675	9.76012396953782	9.64256056370379	9.73479939693178	9.62490377490472	9.70962892451683	9.55546944995592	9.61631967395544	9.60223654987014	9.66201353316268	9.46791859545562	9.49825578157795
5.36527978747028	4.94547655491386	5.15579910711858	5.06065019880956	5.47627355182564	5.3610578952291	4.99834831964317	4.77962983097619	5.14519152406972	4.95952856692479	5.01747176145067	5.55948951176069
4.22621574973273	4.03980393746202	4.63113711666523	4.28806069491263	4.50763772273497	4.60403464872164	4.26358699640369	4.10720448900469	4.02204329329686	4.11625407061224	4.31527158544515	4.25282817352663
4.83389832695397	4.76944619082237	4.95811843927888	4.94150293351656	5.13840391306925	4.97140571437017	4.72201709119591	4.88856420252936	4.97854165466027	4.57568568924954	4.93790450413236	4.63425728016266
9.17985792335808	9.06637990624285	9.12804344072119	9.172740011431	9.16753773527996	9.11182928892033	9.05153938723878	9.06527380853878	9.04111100185724	9.26001241007309	8.98049469072575	9.0140294496223
4.47775451672869	4.64291378489343	5.07437150777473	4.86296953096987	4.88734214890154	4.75459432529702	4.43961736049519	4.71206654716356	4.73015402479088	4.56795004046993	4.93044869921331	4.85039071102742
9.02742368745518	9.07308752796965	9.03426129440058	9.34785578670774	9.19368634857044	9.15862350039927	9.43106259990468	9.44259484369862	9.4147007738358	9.1558182723665	9.35270959180524	9.3896844101764
10.0381637830908	10.0429393028075	10.0925806621723	10.1175191759379	10.0349045122625	10.0429927966192	9.95361163328916	9.95060216098783	9.96699449007944	10.1325707818135	9.99954710441298	9.96127681733272
4.78809463734084	4.6667605268478	4.90677155927866	4.48445790771614	4.9797061670502	5.22696499964181	4.82262103213432	4.73169535391249	4.9184206622227	4.79697555413883	5.06591211650843	4.83779067424779
5.03357067179033	5.17065141692164	5.51934629120768	5.17070374427448	5.37786984776465	5.61123015012584	5.21315756956055	5.31665785463364	5.12538304298954	5.20371691186258	5.49280977099733	5.55948951176069
7.28922554725852	7.38886816228689	7.36999974600403	7.35414988537041	7.35864786782712	7.53949439652693	7.45175111613104	7.48224392035162	7.53375681198737	7.25158613223001	7.73352579740753	7.54793248033829
5.67310211505091	5.48421603887437	6.03665184182557	5.82203926691499	6.22114434407719	5.99909744823922	5.97163098126739	6.13695183239875	6.00768800031979	5.94168056559186	5.95637716420384	6.12902197191224
4.82258301372613	4.6667605268478	5.12017519738785	4.99771894308311	4.91099341696618	4.86706905455543	4.96487361509208	4.97345310011587	5.07807732821119	5.03441577855578	5.33799166194523	5.39721808286181
7.97600538425652	8.00514986843433	8.09745512088777	8.1563688282021	8.0128730309854	8.01952291977134	8.09125090086163	8.04187824112675	8.15010143819353	8.41519265300268	8.36035947497369	8.16855033609888
4.50632366892546	4.21175662025131	4.55313460466396	4.51045311624909	4.59783553170656	4.51476731062455	4.32819607782676	4.3036017018082	4.47235626732323	4.18866256614029	4.39327409744642	4.52846261614006
8.72111894242235	8.88894176542154	8.80106211810755	8.96812713664964	8.87236075736312	8.81348801435059	8.94998059788437	8.82430966081006	8.89472579173898	9.09252334955882	8.98769692741664	8.84410444817999
9.49967835528345	9.497989884667	9.36239659248622	9.53954310553285	9.45832687206624	9.49496767042718	9.63077663594824	9.52259416576384	9.5359467430782	9.25098236781823	9.62656939893793	9.53628212059936
8.93193040991449	9.0329393961642	8.8596182951603	9.0300893690923	9.0080834295807	9.02154965160673	9.06739769520533	9.05411076346109	9.03890673093051	8.58864627087553	9.10161901367286	8.97572556144567
4.62831419330407	4.6667605268478	4.6056020245581	4.44456518059263	4.85112196098879	4.7803574213621	4.47809150830982	4.64118306100705	4.52370314732345	4.21861578824192	4.78093515779396	5.0161279155063
8.99628965571087	9.01214759455915	8.95243231176579	9.01257454803259	8.99983550788265	9.00388932229407	8.89949199926214	8.91348557771098	8.95441886046009	8.7567116839251	9.02492983361562	8.9050127230605
4.96318134389893	4.56891320344965	5.38320960322165	5.00687894236859	5.17793227725589	5.29109533706153	4.86678861540989	5.00605776554779	4.93368741887601	4.87428128030628	5.17088167610997	5.20457300491941
9.68369434919958	9.66417140545395	9.69911391048124	9.61411560198847	9.66414220841497	9.70290893546609	9.58716608713122	9.60605369553642	9.57511175802707	9.4963967794449	9.31133028274559	9.58185732478914
8.39231904022263	8.46053704240486	8.4055774162501	8.52247898505608	8.6014741087699	8.59951916759915	8.61925751677071	8.55635313438013	8.65385065747768	8.59198750157864	8.63777206480377	8.73452140363609
4.06271701744984	4.14541412542262	4.06503364319539	3.8929227530715	4.11822603113162	4.38644321364901	4.25253180789469	4.04580394434055	4.35251649731723	3.7012165713334	4.02449218912845	4.07098985054082
8.90870878811442	8.86337273034403	8.87573045936	8.84520525149403	8.81004325935752	8.81426763881749	8.7857117665133	8.78902852897844	8.75131067638744	8.84217161628663	8.85959210166896	8.77968771968422
4.61525804047862	4.42252371646813	4.70513769810901	4.73652119572893	5.05594175287728	4.54514095966807	4.61386828734029	4.65152500522851	4.50338316294385	4.19871623080421	4.93790450413236	4.34475066296767
8.77714572285552	8.83142021207747	8.63034594853963	8.79387224883223	8.77905054636809	8.8204895138664	8.9012627206147	8.90378493946812	8.95020250565903	8.40274388473209	8.90118793416197	8.89135935578675
7.11234778517445	7.02604203621753	7.24945821433282	7.31227693233346	7.44218466124636	7.52623249711801	7.66061654653177	7.6176390110761	7.58541893180987	7.23702558770169	7.77574373426883	7.85508749772883
8.72188046001242	8.77631291031063	8.67246003733137	8.86107664413691	8.73335050236303	8.70417132000709	8.69980581210576	8.68274373583923	8.7257755842803	8.53559466715754	8.70322051119677	8.62878215009651
8.64607563246841	8.83142021207747	8.51763592344257	8.79321061385577	8.53548428187398	8.65279396064149	8.68703173324658	8.67389281825696	8.61294526325879	7.99168723469916	8.75003217649688	8.56332137335171
7.56351907050701	7.68439042086959	7.56477601109936	7.61149081496523	7.63559045370198	7.56380480393311	7.53964034870734	7.48802627294563	7.57450315433068	7.40816959643316	7.4608196567529	7.47454247732256
4.66678834111871	4.32098569000607	4.93779845489929	4.54858824513585	5.02376134712813	4.8909157965098	4.90258933683774	4.89728141963046	4.88739376660208	4.7012165713334	4.99620314469703	4.93563799764593
3.74078892256249	3.90594819072722	4.49868682064158	3.91255155982043	3.87536950723546	4.1099255784516	4.02457986121635	3.6515250052285	4.18401077296025	3.78367873152537	4.26872899950812	4.07098985054082
8.75871083055975	8.73813496576477	8.68165408888886	8.82915731026216	8.73996838112754	8.7242206762535	8.8108936464652	8.82259454861176	8.80002280602648	8.13076690031113	8.91400353615201	8.67555690920149
6.38464511233721	6.500894780021	6.70513769810901	7.11672612321565	6.95716359839911	6.91437476933379	7.56778589685875	7.58023371104272	7.60938451680074	7.33826758320301	7.9002340861663	7.81386483500231
7.61361768209737	7.63235559319485	7.75824903456857	7.69178288096365	7.77583383368455	7.81348801435059	7.77802250092466	7.67958892364639	7.82939821535446	8.15678555033829	7.96187315195869	7.80418228160497
5.31771410421822	5.18723430111724	5.33740591360852	5.3895987213747	5.34351834297387	5.63260380091841	5.46378367162594	5.48802627294562	5.55858866496731	5.36418158405583	5.84181739994098	5.70534037822414
4.41886082767512	4.16228794398701	4.39815994468762	4.07813762553841	4.52306776330458	4.7803574213621	4.20744391836616	4.47643829867041	4.55365636942508	3.86168124352664	4.24488225755375	4.37994009142997
4.71654137631581	4.27518200039295	4.94799422200517	4.47128251896841	5.14838800164188	5.05821054190744	4.37991111437092	4.8351249435679	4.65845255943669	4.35970810747652	4.75584417683113	4.44784415593178
4.32575142328364	4.21175662025131	4.25767872113779	4.24225700529951	4.46033200795662	4.80566850989129	4.32819607782676	4.57752442378473	4.29456914810795	4.00607115286182	4.37141466348268	4.69140118726626
4.32575142328364	4.27518200039295	4.45645858525229	4.44456518059263	4.34351834297387	4.80566850989129	4.24139125028949	4.39260670786695	4.42992100100283	4.48000234119423	4.48773878144991	4.44784415593178
10.4743692315441	10.4227425553068	10.3883662766077	10.4650648895736	10.4555652518982	10.4654938150831	10.4682701322983	10.4718863448693	10.4512946517954	10.4369882658068	10.4794602173383	10.4017729785936
3.98364544645865	3.90594819072722	4.19056452527925	4.11248913032919	4.58318875574215	4.51476731062455	4.0115237083909	4.34242095069873	4.09175226510826	3.58338008103954	3.4465161187234	3.98218058358297
9.55883844541633	9.62476643818317	9.58818823089141	9.76615615781497	9.59007295064448	9.54936142598627	9.64484923067345	9.60771444746482	9.6419908419823	9.94634978787228	9.7653045060802	9.52257004821686
4.47775451672869	4.47749017568606	4.78693178927266	4.36130967694328	5.08741998435045	4.84282150830876	4.28544643036743	4.62027407124406	4.41911424604625	4.19871623080421	4.85369150022927	4.95909697046992
8.53260299372431	8.61560643889769	8.60962179601043	8.54466254192206	8.58226837609952	8.48569926804198	8.47571670112192	8.51871547701677	8.48859934636753	8.94690908039367	8.54500598212276	8.41535201158704
4.6020826517309	4.85496426200842	5.33740591360852	4.62196143146608	5.03456810208471	5.0154608944481	4.80759282290199	4.7414105087457	4.94126063858081	4.81015094288656	5.2921879723321	5.27168720077795
9.09599317232414	9.07420243918502	9.18680260648305	9.22175134986487	9.15397383583781	9.19439713718539	9.14230485116196	9.14977587275633	9.21636131994926	9.46002764143296	9.09246165722085	9.20150278660622
10.0536718778468	10.0941248967258	10.1417104461684	10.0485034409093	10.0552785972504	10.0393298643688	9.940755213373	9.92232089090555	9.96002156668947	10.4012482297798	9.94115434147961	9.99748500408885
4.89998751741174	5.03980393746202	4.97815619251543	5.07813762553841	5.48417874991099	5.46797309914561	5.21315756956055	5.33602317950058	5.0985414307709	4.85533971665282	5.1127787215464	5.214354025712
8.70811126178484	8.65190256812069	8.82477054502026	8.76851432886803	8.92485506887661	8.89386911389915	9.00289094410609	8.87594019733158	9.04550946575475	9.15420469984522	8.94115434147961	9.11994431024476
3.58878582911743	3.84454764606309	4.19056452527925	3.95102570763507	4.37786984776464	4.26395920712402	3.95808444942943	3.99797541924993	3.72138381516315	3.47173472521063	3.82984475827491	4.09236350133339
4.373057138062	3.92584774816493	4.83167010403794	4.51045311624909	4.42791053026424	4.43591188991331	4.20744391836616	4.16609817805826	4.4406474075959	4.37751938359298	4.66890854005985	4.64875684985777
9.98364544645865	9.98306060807349	9.92817403601089	9.95310046203193	9.89847697423597	9.90195970122545	9.8688261607259	9.8869238441481	9.90855480830053	9.89297737401619	9.71058469508598	9.84213436042214
4.4338111691411	4.40844853125641	4.63113711666523	4.36130967694328	4.86329667493489	4.56009130113404	4.33868845164441	4.41705975159148	4.67671476582942	4.2955777700568	4.98184785171995	4.73282111464625
8.64607563246841	8.75908443902025	8.53041452816388	8.85157477636976	8.78546253488233	8.79859453474425	8.57833886240179	8.58900392067044	8.57693603018697	8.16706302953412	8.24413065814061	8.32231327384792
9.25911423025335	9.1680430360974	9.12130186284214	9.08680248666553	9.14776601627295	9.05623469812786	9.05153938723878	9.01909576567158	9.06816778172738	8.77740340609888	9.30521792078122	9.04176110675609
4.81117825045388	4.59400418441248	4.87506269955132	4.90277053902785	5.00190191316439	4.97140571437017	4.59648620911206	4.87979399290162	4.76471124682724	4.59103365358297	5.03147861944456	4.97068494474514
5.62831419330407	5.27518200039294	3.94799422200517	4.62196143146608	4.7498386251516	4.46797309914561	5.04394518608328	5.36773203922792	4.20932186148943	3.50452466032829	3.17088167610997	3.73282111464624
5.20022054119978	4.92584774816493	5.12916398061511	5.0340150723061	5.14838800164188	5.1099255784516	5.12498175817418	5.10720448900469	5.00045643108871	4.93568182497042	5.39868759363278	5.22406918054521
5.35746028301098	5.03980393746202	5.56643142727742	5.46464942663596	5.86329667493489	5.74808101833835	5.36971534726503	5.59370435084016	5.32961609520715	5.34167418464626	5.72600894729037	5.75978816224652
9.12045608856192	9.09961043580949	9.01862543019572	9.0737856009987	9.03994127418357	9.00388932229407	9.02539196089492	9.0443330571706	9.05120749398253	8.57230644551407	9.00554676898636	8.95180693453944
9.29742270022515	9.32098569000607	9.29759473537709	9.30765142327052	9.29883562858489	9.30447436686273	9.24557904725293	9.23304842198289	9.23111055025472	9.45085599553471	9.13646346304685	9.12384173280656
3.94242278373214	3.92584774816493	4.17328653384742	3.81162265096965	3.9908467246554	4.22696499964181	3.73795863506493	3.9145594110623	3.80677530639379	3.9476544666365	4.10617598672216	4.17482566152536
7.90803978970647	7.91344272727415	7.823386664779	7.85665022589959	7.89477490640805	7.89534350855061	7.92539228636199	7.91991662123181	7.99318843062467	7.63056201776961	7.92857871186027	7.98931911888419
5.84512558237722	5.65488642655951	5.74661433408517	5.87302319563379	5.95147248632125	5.92018039101499	6.02132688342126	6.16609817805826	5.93747899803838	5.81015094288656	6.32383359894857	6.36245266470113
4.9107139240048	4.72470787605708	5.01741562296265	4.75838062969267	5.03456810208471	5.19858319827199	4.78475284654388	4.81686273717516	4.94879431126622	4.77025821576305	4.74738259808293	4.73282111464625
3.89998751741174	3.61866623864675	3.88570994375083	3.93191688468736	3.9908467246554	4.06870291572508	3.94440951253236	4.07683083996118	3.93368741887601	3.86168124352664	4.22063471130707	4.11342511686122
4.11930054581621	4.35073303340012	4.75244341288737	4.77991379124231	4.73666323640387	4.67442397661304	4.46856873419132	4.40488503764538	4.58300033100722	4.7567116839251	4.91542048998098	4.75978816224652
5.11930054581622	4.87557454168371	5.27398053346689	4.90277053902785	5.27225965980404	5.25479920783854	5.20170754881701	5.38642813293782	5.14519152406972	5.1683425817607	5.78507488815488	5.89364390898131
4.26016308165606	4.36537980936452	4.80947435792375	4.31780803830669	4.70994589802809	4.46797309914561	4.05034295728142	4.65152500522851	4.27072240615358	4.00607115286182	4.48773878144991	4.70534037822414
4.00382332839628	3.84454764606309	4.19056452527925	4.14604169004021	4.42791053026424	4.48374041500393	4.17267850020548	3.99797541924993	4.27072240615358	4.11625407061224	4.24488225755375	4.11342511686122
9.46279947898216	9.52922004834586	9.43351175904001	9.41605501588903	9.56000125819768	9.48275999020174	9.49255251861726	9.50345247655523	9.43562933282927	9.29382017182006	9.38170252529239	9.41641164809512
7.65567230892454	7.75839100231337	7.70663972327424	7.5023798157134	7.61413734403565	7.53571770578145	7.36330620726684	7.17687801681151	7.46711961895708	7.04420628174859	6.62570404149468	6.81225558214066
9.78991140504207	9.8261356089492	9.78657675173158	9.8560167703281	9.75270477205319	9.77836116389555	9.78499263629609	9.79720246042414	9.78326536125044	9.9001189654959	9.81549697931494	9.65010874285773
4.88918076245516	4.53043905563502	5.12916398061511	4.66888247885357	5.12835024840533	5.15985080378328	4.80001960319719	4.70215107829847	4.73887124189199	4.94168056559186	4.93790450413236	5.11342511686122
8.76832636758077	8.86659375209034	8.92946100758676	9.0970248698319	8.94145869769323	8.94317203364122	9.09782884324698	8.99391720267558	9.05862496554501	9.3254207036474	9.03843138008632	9.08238401694256
7.58711507613292	7.6232438047533	7.75824903456857	7.64854203056939	7.64619855326795	7.71506596111039	7.75959454901239	7.75226242398918	7.75829450515538	7.87819633030966	7.55473752014054	7.73452140363609
4.08182584039755	3.90594819072722	4.39815994468762	4.06065019880957	4.50763772273497	4.40312195479564	4.59648620911206	4.46475649362278	4.49311482749003	4.23824459499085	4.86155361800224	4.92376389735765
8.4849500181329	8.58777223070097	8.35379487414756	8.55640774959516	8.35972250105439	8.34063952403589	8.39066574242193	8.4109852371818	8.39242858761217	8.16064818997069	8.47626346211745	8.24449918933217
8.61689653587438	8.69674918412397	8.53380312641203	8.68965134394814	8.57210525661313	8.55450306287176	8.56276005265545	8.52294625729478	8.55550795689749	8.38963831354157	8.66722740367903	8.48569086117886
4.24328926309166	4.40844853125641	4.74076160783973	4.57346291377489	4.47627355182564	4.96017845894692	4.61386828734029	4.55566498982099	4.59265050104094	4.35071932424926	4.86937312246154	4.25282817352663
7.65248050443483	7.74585180665302	7.64373715344487	7.75838062969267	7.77744308654621	7.73825558848228	7.77705845475387	7.7219143331199	7.69474868865968	7.52764043589362	7.81271160847171	7.7497344975826
5.00382332839628	5.11972748175896	5.36810271083144	5.0340150723061	5.23526545232184	5.55263549621499	5.41007308488118	5.23648750594966	5.39173780711495	5.30491563463614	5.7516195909694	5.51269530028175
5.6218008863454	5.51081024888609	5.79260053935935	5.56107918931905	5.88734214890154	6.00457257830537	5.56108087298086	5.75106067877942	5.81091503675471	5.19871623080421	5.66442114906753	5.79931652643315
8.84652286581903	8.84846269606646	8.79542658343811	8.86800512086717	8.70572625465468	8.82900101372191	8.78475284654387	8.73595378638921	8.84966111924697	8.50046644375395	8.8541841398246	8.67201220215808
8.90737048093043	8.96424063157835	8.9320315116804	8.94209995195706	8.98598331273636	8.99909744823922	9.079569095814	8.96311115589441	9.06253647731541	8.90031149169102	8.95591821874398	8.91928579223849
4.61525804047862	4.16228794398701	4.3218090585575	4.17883162515788	4.47627355182564	4.85499622225486	4.21884868163841	4.41705975159148	4.57328517617401	4.34167418464626	4.37141466348268	4.17482566152536
6.26016308165606	6.48421603887437	6.18626438784563	6.18691397145574	6.17793227725589	6.34819574429205	6.30697959191707	6.1552371854265	6.2187001938053	5.93568182497042	6.35479994963178	6.14955890291493
8.70194918069912	8.77973405263207	8.68546771796888	8.88921243373312	8.69639936619014	8.72089840641254	8.70183920925828	8.67008288195587	8.68857492103948	8.48411844966646	8.99218013500478	8.56523349429549
3.9213611682043	3.82348603053525	4.24119059834922	3.79056103544182	4.50763772273497	4.1099255784516	4.16090133242912	4.44110522555813	4.10529879694621	3.79697555413883	4.1834817128896	4.0272684731115
4.20893775830089	3.64291378489343	4.53971408890164	4.09541561697024	4.83884363121035	4.36956939508462	4.36971534726503	4.68211332506193	4.32961609520714	4.06221423089935	4.45693273466874	4.37994009142997
5.16481520506858	4.9839507027285	5.3296285630168	5.28052702222723	5.29939578974156	5.51476731062455	5.18436030525311	5.15886660882719	5.11202466013452	5.28617907205455	5.50791666338754	5.55179511997069
8.89189004971314	8.9624353820737	8.9093827727352	9.06668544071606	8.9797061670502	8.99841159367869	9.05949033070791	9.00151701853374	9.00090946768873	9.26868805180776	9.11236693474729	9.00490066008305
9.13710827589874	9.14912217420018	9.06327604495865	9.18792108845363	9.20389484722947	9.1092904496538	9.19775052216231	9.18491036380108	9.19790776397995	8.98044021526652	9.13484245721239	9.04587525890036
4.75276156422856	4.35073303340012	4.93779845489929	4.64561269953072	5.21640642507053	5.14008754896185	4.39003533164463	4.98167360692084	4.66761255872216	4.4466437442478	4.30377594660732	4.73282111464625
5.00382332839628	4.90594819072723	4.84264122185895	4.90277053902785	5.19729760212282	5.3610578952291	4.83749430861585	5.11469902555162	5.09175226510826	4.63612154311151	4.81372509291163	5.28102506535729
4.00382332839628	3.71330311278483	4.00770046812945	4.24225700529951	4.44421234259334	4.35249588172568	4.16090133242912	4.03003662848224	4.02204329329686	3.5365858695606	3.31527158544515	4.214354025712
8.09010701548135	8.22987863852574	8.20445210791934	8.15842541449604	8.30944167587864	8.33738898933546	8.71900834132358	8.61631967395544	8.7550753999725	8.94877182441086	8.84032624214323	8.75477008747989
6.03357067179033	6.08475134351599	6.43124229964345	6.47788525379266	6.2904070065143	6.32650067319273	6.60520342621316	6.66434904558609	6.52873873722075	6.40816959643316	6.74313312508157	6.75978816224652
4.373057138062	4.35073303340012	4.64373715344487	4.47128251896841	4.87536950723546	4.48374041500393	4.47809150830982	4.49952191178346	4.46186389350559	4.47173472521063	4.38238578130368	4.69140118726626
7.72871609026191	7.86401751026131	7.6247955897914	7.73652119572893	7.69639936619014	7.8923932109153	7.83193478327395	7.7194586813936	7.91746110446143	7.41249552183595	8.10865555486199	7.80256218593681
4.96318134389893	4.76944619082237	5.03665184182557	5.11248913032918	5.16815125646331	5.16963182457586	4.76154545538255	5.03003662848223	5.07807732821119	4.72923094750299	5.17088167610997	5.16477199686144
10.0746896591159	10.0446466344161	10.1411551362921	9.95665025682895	9.8572221605252	9.87941424497526	9.87356927198191	9.89102124832488	9.82965326618884	10.0921863106504	9.84702434825173	9.85664970149911
4.19145033157205	4.16228794398701	4.15579910711857	4.12936294889358	4.73666323640387	4.70164544534806	4.29625318532401	4.44110522555813	4.29456914810795	4.24795974982406	4.36035947497368	4.574756268414
7.08182584039755	7.10015784429296	7.1927097971108	7.30115069435308	7.2211443440772	7.29109533706154	7.63530545800258	7.67198910778822	7.66875348012673	7.59864683769285	7.92764280846002	7.83303714427715
5.04335169258292	4.78041730864337	5.13809710538512	4.88300728420641	5.46832479871015	5.04764130019725	4.80001960319719	5.05362344879985	4.97854165466027	4.86799501745884	5.45173382799442	5.4887164373473
4.30963175792037	3.96484187978079	4.04617461594408	3.91255155982043	4.41142240747567	4.22696499964181	4.02457986121635	4.19466733025503	4.05033233772828	3.87428128030628	3.89258051362287	4.2903028789453
10.5975256786816	10.5815132402293	10.6419719087996	10.5593291715335	10.5170600297921	10.4852098040709	10.4127135351736	10.4362533168248	10.4260466352042	10.6645093496929	10.3272087412596	10.4137610961078
4.08182584039755	4.19545480792221	4.61842606491568	3.96988473488638	4.56839175381407	4.53003406727786	4.32819607782676	4.48802627294562	4.29456914810795	4.04001848478516	4.03843138008632	4.574756268414
9.37934550863206	9.31675284088387	9.36810271083144	9.35459841484422	9.30888540248024	9.33738898933547	9.2783102490858	9.30687683384106	9.31548079644968	9.42325392397222	9.31204768457086	9.25519907798938
4.46325494703358	4.16228794398701	4.72898444006338	4.51045311624909	4.44421234259334	4.68809891351012	4.4493325153284	4.57752442378473	4.59265050104094	4.58338008103954	5.14534658400283	4.66311214283484
8.39327541748065	8.35349065457911	8.38789824901528	8.21978314350109	8.33916631843416	8.30447436686273	8.2656504461584	8.27545873746249	8.25333577395654	8.18803187977357	8.18504900803656	8.27168720077795
9.09364159064475	9.22336080449209	9.08017712945593	9.04961192735712	9.10097864125545	9.03832926668156	9.04394518608328	8.99035687466164	9.02516456334025	9.22631510761969	9.07397070155863	8.8928827931415
4.19145033157205	4.12834061206367	3.88570994375083	4.22666015024849	4.61233510140167	4.72836278372384	4.0115237083909	4.04580394434055	4.4406474075959	3.455055984064	3.58591917538882	4.11342511686122
4.46325494703358	4.30587879761586	4.49868682064158	4.6803781176914	4.87536950723546	4.66061817708801	4.53394474304334	4.52224198828354	4.51357893004974	4.39511344360772	4.71303109329216	4.71914617774917
9.47097598409763	9.49299641545036	9.37142088718698	9.48445790771614	9.39997651588499	9.45203155527659	9.44417948627708	9.3821649611453	9.41504075145983	9.24553708755721	9.50948123901088	9.3330145549167
9.20349567323264	9.1045296507926	9.15854552911854	9.07324067368688	9.11949545051919	9.09652880040107	9.06542491349373	9.04971899434393	9.05426636694012	8.71002964113971	8.95729461736092	8.94006570968674
6.47775451672869	6.50420751406184	6.52616755706369	6.72546600721994	6.73666323640387	6.88795642102926	7.5167217564742	7.47206869904265	7.52999489319117	7.35071932424926	7.93418141808964	7.62328616234166
9.60909705585195	9.58699134026735	9.45735106597415	9.69320215804898	9.47973740712921	9.55076550886195	9.46886727429396	9.46108644574971	9.50753388740299	9.37058800175373	9.53919666924476	9.41958589589026
4.17374832983859	3.84454764606309	4.53971408890164	4.3469543839662	4.59783553170656	4.46797309914561	4.34910506758975	4.29042631306046	4.63061835123997	4.19871623080421	4.75584417683113	4.82507962249824
4.17374832983859	4.00280972997982	4.10202785067759	4.11248913032919	4.34351834297387	4.08946147589188	3.91666452204946	3.87979399290163	3.96374465273218	3.332571977539	4.05223717961136	3.98218058358297
9.9060309311212	9.93231793431317	9.80702585078099	9.91498648873749	9.90438059389453	9.93781614935279	9.89549991205142	9.85483804607275	9.90952030610528	9.51638007574793	9.85664481761862	9.87333741594122
4.2768418228027	4.21175662025131	4.49868682064158	4.57346291377489	4.50763772273497	4.317730463565	4.27455811422469	4.59905758533437	3.99318843062467	4.5365858695606	4.52781622082525	4.66311214283484
4.52039885413718	4.49091069144838	4.72898444006338	4.77991379124231	4.69639936619014	5.09972981134571	5.01806655425767	5.09209759661449	5.09175226510826	5.01178480405621	5.03147861944456	5.07098985054082
5.17374832983859	5.02142540814716	5.42029892195687	5.31042850794109	5.49986037214325	5.50707291883455	5.2800125443168	5.17329367946247	5.25864957385301	4.84257242057894	5.54256280619443	5.63425728016266
10.4305539946286	10.3728743459114	10.3949027701752	10.2802909598785	10.3010749694162	10.3324994138142	10.2431376432408	10.2881496257721	10.1897843480688	10.2523404825954	10.0733361314842	10.2746117812258
9.47865591947022	9.49007555681384	9.57385738326003	9.55913459401064	9.5003476868045	9.43743078288487	9.39977587747045	9.33762528409708	9.42587794826555	9.88929628616978	9.41012426611246	9.37176924625014
5.42635536422205	5.57522697738186	5.80387165169437	5.68609176888579	5.61953060280587	5.70164544534806	5.8188786304485	5.80301275841414	5.86367769762827	5.66541584990555	6.10948113144583	6.06018309558424
9.44169096887318	9.52474152197537	9.41249683018989	9.52287812602996	9.43353507945812	9.46201564384921	9.48843557114909	9.41364598494856	9.45988804972601	9.28617907205455	9.44488170703745	9.41535201158704
4.58878582911743	4.58151324022929	5.36048952672156	4.73652119572893	5.02376134712813	5.2081059723905	4.69776954494924	4.81686273717516	4.78168432543096	4.8991559489453	5.3266763487174	5.19472521896307
4.52039885413718	4.71330311278483	4.86433629295826	5.10397763047367	5.02376134712813	5.1099255784516	5.02457986121634	4.94850674298564	4.96374465273219	4.86168124352664	5.2921879723321	5.33581753819767
3.94242278373214	3.82348603053525	3.5261675570637	3.81162265096965	4.50763772273497	4.43591188991331	3.97163098126738	4.23648750594966	4.10529879694621	3.2955777700568	3.56681035244111	4.07098985054082
4.26016308165606	4.30587879761586	4.79824710250049	4.3895987213747	4.56839175381407	4.54514095966807	4.25253180789469	4.32959691034114	4.32961609520714	3.98298753974878	4.37141466348268	4.52846261614006
8.99817676525514	8.92461203499226	8.98683594820784	9.00801986377315	9.00465252418043	8.9963520715004	8.83888084888681	8.81053133046451	8.90638007288027	8.59436936614623	9.03017123825777	8.9095352817512
4.89998751741174	5.10234540353073	5.30604174269919	5.14604169004021	5.24460331690118	5.38644321364901	5.17267850020548	4.98167360692084	5.15824767689517	5.02314466622076	5.54744502757418	5.24330539940813
8.79534802135216	8.96844411646099	8.83235824859709	8.98386896432208	8.84346025928072	8.87605783778269	8.76543937148704	8.7855111886562	8.86815425883695	9.04071729566871	8.94069052696319	8.74468126985631
7.17152022894647	7.30397926470038	7.34321153528973	7.54544853760529	7.46633074857806	7.47587829723095	7.51325234789024	7.43662712043898	7.54374090056	7.21490546890354	7.68782575340248	7.50474654716626
4.85626613998242	4.61866623864675	4.95811843927888	4.72546600721993	4.95716359839911	5.02626764940468	4.65642874956834	4.77962983097619	4.75614923332382	4.58338008103954	4.83783754902843	4.97068494474514
4.87829244631242	4.8857703087896	5.39815994468762	4.95102570763507	5.26309966051857	5.22696499964181	4.98505149702971	4.69216698972585	4.92607423476613	4.9053081759269	5.01041700391672	5.13418367702801
8.7720076531732	8.90469530741714	8.8080757198686	8.89970032071465	8.76937881154725	8.73989781409032	8.90082024398468	8.81053133046451	8.83449068460561	8.91791488565614	8.9723489630832	8.81306043295142
9.8232928267987	9.74550193517298	9.84366549953128	9.64744422832931	9.7424422800605	9.70543260090417	9.57750853429779	9.61994495180819	9.59984600244515	9.91962547875135	9.48487849736111	9.63653246600069
4.49210980970576	4.701807473947	4.71711033977509	4.62196143146608	4.86329667493489	5.09972981134571	4.49695053556114	4.60970482953388	4.73887124189199	4.12682331232243	4.1834817128896	4.95909697046992
8.90536068951059	9.0156337703374	8.91783672324162	8.85791630324358	8.86178044248751	8.92884525214212	8.91578883459259	8.86653789619936	8.97762127501764	8.87114157277571	8.85861034250151	8.91254246374858
4.54814384462009	4.37987937905964	4.85352953800168	4.79056103544182	4.85112196098879	4.925962743609	4.83749430861585	4.98167360692084	4.98588363000144	5.06221423089935	5.45173382799442	5.35362881431413
5.29332994559126	4.93569553412128	5.28206287976475	5.30301103637861	5.49986037214325	5.40312195479564	5.21315756956055	5.20172208778898	5.32383374261314	5.24795974982406	5.39327409744642	5.45611177191538
1.83389832695397	1.82348603053525	1.96817210394281	1.95102570763507	2.72336641379041	2.35249588172568	1.98505149702971	2.60970482953388	2.36383181054506	1.67264741913662	2.0928791641087	2.17482566152536
9.02927053435671	9.05851472688238	9.08595948204994	9.02051080795635	9.04662971936159	9.0654322386478	9.09512391000884	9.1188976559582	9.07075945016246	9.21799806395892	9.16334800342456	9.08704970143692
9.47820528849955	9.57837353269872	9.45690489462658	9.56340924911096	9.54023155513049	9.59181026486455	9.56639158434963	9.48115714437489	9.48342143128618	9.34025574481035	9.42280004974959	9.53968987156331
8.72340229036544	8.88068143211679	8.81853260334514	8.98386896432208	8.74326597122812	8.76994658765733	8.73647157596655	8.77962983097619	8.76950514282693	9.07318534872035	8.67394022714753	8.65415683760036
6.61853317251149	6.71043777909044	6.66243324715478	6.68894013119482	6.72336641379041	6.74153817247157	6.75764100092664	6.70215107829847	6.77957357883515	6.39292588436996	6.50540980777697	6.6843807595885
4.96318134389893	5.16228794398701	5.36810271083144	5.23447965470779	5.29939578974156	5.27306141423127	4.98505149702971	5.06913644817118	5.08493099925225	4.8296911292822	5.37691065123753	5.72599984879023
5.09128616964662	5.07587319216954	5.33740591360852	5.21879803247552	5.37786984776465	5.30890661317799	5.37991111437092	5.25016244284674	5.18401077296025	5.18866256614029	5.77678351452349	5.75309350967251
8.8147519333337	8.8281196042757	8.65933400849589	9.02671595748306	8.89180639704614	8.79385920760166	8.87717263330789	8.83228666793104	8.91313517905864	8.966532849439	8.91683605350343	8.88830764647142
3.61525804047863	3.25958514534193	3.94799422200517	3.19495129052116	3.52306776330458	3.63260380091841	3.40008899630856	3.49952191178345	3.73887124189199	2.95952856692479	3.48773878144991	3.61961050419826
9.864220609598	9.83668552829011	9.80877520838698	9.61972411640272	9.68743982361115	9.66926227149726	9.60275702800699	9.64700952410601	9.62739445036568	9.64786487617964	9.57788848439109	9.60713556142411
7.67938837789834	7.80076595403517	7.71859995791557	7.83495515480027	7.87386591664507	7.78195244091748	7.74487804900472	7.75586166504324	7.77851704635227	8.20371691186258	7.69554366656332	7.82826790012928
5.41886082767512	5.17896668513364	5.29010019883017	5.36843411137666	5.60510353217059	5.66061817708801	5.59648620911206	5.69216698972585	5.62121965323771	5.57568568924954	5.95270150606044	6.03280665665293
4.81117825045388	4.72470787605708	5.34514156238813	4.75838062969267	5.25388113048919	5.17934697940908	4.79240641908731	5.06913644817118	5.00045643108871	4.77025821576305	4.93790450413236	5.0272684731115
4.56181878151717	4.14541412542262	4.47067244447199	4.6099887898	5.03456810208471	4.96017845894692	4.65642874956834	4.7219143331199	4.80677530639379	4.28617907205455	4.33799166194523	4.73282111464625
9.71309864490136	9.68439042086959	9.71337955145114	9.6547471800961	9.60962750903817	9.64536525554226	9.62757123924162	9.58833117874131	9.59234990826126	9.73118038933824	9.51634528545812	9.61638660332397
5.24328926309167	4.99341103197756	5.33740591360852	5.17070374427448	5.76289477797705	5.50707291883455	5.2800125443168	5.31665785463364	5.54374090056	5.7012165713334	5.73030908472399	5.76645189252753
4.40375393528491	4.49091069144838	4.9681721039428	4.43101864875468	4.66891862976803	4.86706905455543	4.35944701181121	4.45297932584642	4.69474868865968	4.62870407154903	4.91542048998098	4.86288165521062
5.60868538655514	5.68439042086959	5.79260053935935	5.65146542577616	5.64090425359844	5.80566850989129	5.57001399775086	5.59370435084016	5.53875749304574	5.59484526753299	6.02449218912845	5.88141760664805
7.63802934813728	7.64741517712837	7.69154863336105	7.75566624499564	7.75638147101838	7.77876063642777	7.71699901642929	7.80069144650402	7.73669687065765	7.67624965581682	7.84677682400975	7.71742766052287
4.74078892256248	4.84454764606308	5.12916398061511	4.54858824513585	4.87536950723546	4.94886314571908	4.56108087298085	4.49952191178346	4.67671476582942	4.61375373008306	5.18974070336129	4.74636764648419
7.79245104238498	7.97084062040224	7.94417924832101	8.16968453191073	7.93858480223913	7.97280299781197	7.90170506157812	7.85427853664519	7.96653067556302	8.21923324814473	8.07439359326352	7.93711541205144
4.94242278373214	4.82348603053525	4.95811843927888	4.62196143146608	5.2904070065143	5.1200497957253	4.90964409437169	5.01409508461321	4.63061835123997	4.54449106764594	5.00332757913041	5.24330539940813
5.44122864070358	5.37264780982856	5.6056020245581	5.32515001364786	5.48417874991099	5.33521789029384	5.43473513911544	5.32959691034114	5.31219904212974	5.35970810747652	5.69993543568047	5.49675375641272
5.39614075117504	5.20362873936791	5.32180905855751	5.2266601502485	5.27225965980404	5.37803097383281	5.34910506758975	5.38022298341111	5.36383181054506	4.94168056559186	5.18974070336129	5.33581753819767
5.06271701744985	4.87557454168371	5.21609961738639	5.35414988537041	5.31720706585802	5.35249588172567	5.70589742583264	5.7219143331199	5.87558446431244	6.39947863616911	6.24488225755375	6.56332137335171
4.32575142328364	4.16228794398701	4.53971408890164	4.19495129052116	4.9908467246554	4.90269296428615	4.30697959191707	4.32959691034114	4.25864957385301	4.09488041981967	4.404080852403	4.52846261614006
8.7778782412977	8.8965249368406	8.67015234015968	8.90828052042012	8.71247177268712	8.80723580503825	8.74537102527499	8.69404427696652	8.75077205586937	8.99529668126764	8.69499375421021	8.68613907186085
3.96318134389894	3.86530620622988	4.17328653384742	4.00687894236859	4.65497943881016	4.60403464872164	3.99834831964317	4.42913258389206	4.35251649731723	4.38634323397998	4.3266763487174	4.44784415593178
4.08182584039755	4.33593603147204	4.5926629688506	4.49751406054158	4.68272442929307	4.74153817247157	4.31762683611657	4.65152500522851	4.46186389350559	4.4381821654996	4.66890854005985	4.61961050419826
3.96318134389894	4.05795128417227	4.22451185720259	3.98850041305373	4.13840391306926	4.26395920712402	4.37991111437092	4.09209759661448	3.9184206622227	3.6870027121137	4.77261988958195	4.41429159622075
4.66678834111871	4.27518200039295	4.68089015186233	4.49751406054158	4.85112196098879	4.83054317853032	4.69776954494924	4.70215107829847	4.68575990543242	4.56795004046993	4.71303109329216	4.77308498485997
7.83107780789159	7.92831600375568	7.8670253804859	7.92830563113499	7.86329667493488	7.9360264269537	8.0391281697855	7.94430675445635	7.95628884781314	7.72836368264917	8.12017085577644	7.98789423477736
7.34169296715267	7.40844853125641	7.38696173808276	7.60245511711459	7.4979094657731	7.41550567925147	8.05750669910035	8.03991137641735	8.08407606883263	7.69501523216508	8.4672746788902	8.13031413056636
9.68993472677312	9.64853833408731	9.7197161630319	9.59108032724994	9.64267117977263	9.66148492090554	9.56443728017343	9.65827183766909	9.59174853474655	9.77467559850394	9.58532583997396	9.62512048559054
4.44860817106917	4.36537980936452	4.63113711666523	4.52327715660667	4.69639936619014	4.71506596111039	4.4493325153284	4.36773203922791	4.3063463158843	4.39511344360772	4.73887109822741	4.61961050419826
4.56181878151717	4.43646290742601	4.85352953800168	4.92226671465364	4.96847891162694	4.96017845894692	4.75372595092325	4.53346924370679	4.63061835123997	4.61375373008306	4.92295416266639	5.00490066008305
9.67113202729305	9.62362461379362	9.59752872402241	9.64744422832931	9.59555675214434	9.56797110086612	9.56276005265545	9.53242039230408	9.54963642565352	9.57303123580356	9.54987995649123	9.55564744546629
4.57536531335511	4.43646290742601	4.55313460466396	4.36130967694328	4.93426319628903	4.70164544534806	4.622481417645	4.64118306100705	4.71255996477614	4.37751938359298	4.72169595441928	4.97068494474514
8.63074912222113	8.6807352503284	8.58206386182067	8.83173700704408	8.63292619617491	8.61928242242057	8.69113175743666	8.69404427696652	8.74483392009599	8.49945010342245	8.78714030732067	8.54017603670385
4.35746028301098	4.43646290742601	4.75244341288737	4.54858824513585	4.89921624918983	4.81815945407449	4.35944701181121	4.56663610764199	4.4512946517954	4.73615036144279	5.05909085065242	4.63425728016266
8.2758050314962	8.38258189943946	8.36999974600404	8.42505180699287	8.46832479871015	8.39689000108413	8.44993754575911	8.44259484369862	8.45460586518581	8.70474826230365	8.39733612276966	8.4509500667996
3.9213611682043	3.12834061206367	3.08364932136274	3.19495129052116	3.7498386251516	4.2081059723905	3.65642874956834	3.8441700831709	3.42992100100283	2.52064432569157	3.06591211650843	4.00490066008304
9.16032781407627	9.09412489672576	9.12130186284214	8.97514471858142	9.06057532661773	9.00388932229407	9.00536272376423	9.02258595755394	8.98267611231171	9.12616499835212	9.08366598594736	9.15210558502528
5.09128616964662	5.08475134351599	5.16456931674631	4.8929227530715	5.2904070065143	5.57488830306212	5.29625318532401	5.18045347103533	5.31802812093194	5.08407366486309	5.32098523663954	5.17482566152536
5.00382332839628	4.701807473947	4.76403138716258	4.63383553175437	5.1876474320891	5.38644321364901	4.76932280597427	4.77016950172713	4.9184206622227	4.48000234119423	4.47754301434402	4.95909697046992
4.06271701744984	3.66676052684779	4.10202785067759	4.06065019880957	4.25388113048919	4.49933727005495	3.98505149702971	4.29042631306046	4.4512946517954	3.52064432569157	4.1834817128896	4.36245266470113
4.44860817106917	4.35073303340012	5.12017519738785	4.96988473488638	4.92267522201382	5.00457257830536	4.72201709119591	4.98984753836654	4.9184206622227	4.52064432569157	5.09954289438971	5.23371935057893
4.94242278373214	4.82348603053525	5.17328653384742	5.20294408127469	5.3607963344057	5.09972981134571	5.51093476499684	5.40488503764538	5.30046974954763	5.41249552183595	5.37691065123753	5.43952888771978
8.19254952784685	8.08253692245055	8.01862543019572	8.15018142040113	8.15706775733429	8.1450538018552	8.20457858467177	8.14154494369923	8.21636131994926	8.01534437911856	8.24337866696336	8.27636368798742
4.38848717863161	4.03980393746202	4.48474762968371	4.02502628907884	4.47627355182564	4.7803574213621	4.26358699640369	4.23648750594966	4.25864957385301	4.17853834886658	4.34921891736848	4.67732600205454
7.27476749456483	7.33593603147204	7.21398887079058	7.40527087955703	7.48811516447015	7.51092524433015	7.86134105057022	7.78316152194644	7.77534279855713	7.4882228479992	8.08702304398543	7.84252859325445
7.88782420848507	7.94059433353411	7.8710496370447	7.8667478702073	7.91245882597068	7.87755053842375	7.87131259227747	7.83171834212465	7.78694772069216	8.00463919736868	7.87908827729475	7.76312387480977
4.85626613998242	4.95519170974707	5.34514156238813	5.74201718348378	5.4522946888912	5.56750877269652	6.03106389478654	6.08448441250461	6.1871990505913	5.84577485261728	6.09954289438971	6.25282817352663
9.14394300660147	9.17637330848548	9.07262525574686	9.45296762158832	9.16323576604919	9.23862791716739	9.4159686099747	9.38449188913505	9.43997933856757	9.20621076735114	9.32312203541213	9.33749671787226
4.4338111691411	4.17896668513364	4.49868682064158	4.31780803830669	4.47627355182564	4.64667898613013	4.59648620911206	4.56663610764199	4.58300033100722	4.455055984064	4.33799166194523	4.27168720077795
5.07230306627905	4.7913056247861	4.99791944733686	4.52327715660667	5.02376134712813	5.05821054190744	4.76932280597427	4.80764420714579	4.74753610301911	4.455055984064	4.90784727027618	4.78626037360771
4.373057138062	4.53043905563502	4.70513769810901	4.94150293351656	4.78865787404213	4.85499622225486	5.28544643036743	5.25695160850938	5.00045643108871	4.92965803734265	5.01041700391672	5.18480975009799
8.62098465150558	8.65563142788817	8.77481122591582	8.69178288096365	8.83343882676954	8.85044273596802	9.04354438179097	9.01158822900264	9.07162230607389	9.24553708755721	9.01262532371249	9.03625725633876
8.7778782412977	8.94730313676692	8.80035887898034	8.95812676401021	8.77824704033736	8.8640603046831	8.87852157687591	8.82373818326609	8.84411713148143	8.82888221698689	8.845290786068	8.73367150962571
8.88034027496128	8.94364765751167	9.00159510548025	9.13407336677955	9.10930868239994	9.02154965160673	9.19450486265866	9.17104893800931	9.16876948259697	9.13829544511891	9.20989689960442	9.19101489962469
8.44676682424501	8.51738290280957	8.39257170642534	8.6062268710038	8.38316414743416	8.48177889867064	8.39066574242193	8.27127337032375	8.394498946792	8.57085577164534	8.28416690266879	8.36794029033956
6.47052294749762	6.436462907426	6.74953181746746	6.77991379124231	6.8813682478569	6.99084559519386	7.53166018984879	7.42612383401972	7.54249666155153	7.72227818686123	7.47241798216615	7.7497344975826
4.56181878151717	4.47749017568606	4.917188175224	4.73652119572893	4.83884363121035	4.84282150830876	4.66479222250297	4.63076644506171	4.76471124682724	4.55235318541892	4.91542048998098	4.92376389735765
5.71654137631581	5.46394364384811	3.55313460466396	4.74749231354993	4.46033200795662	4.24558067780916	5.17853122645092	5.38642813293782	4.10529879694621	3.72923094750299	3.19597265707281	3.39721808286181
5.24328926309167	4.9648418797808	5.07437150777473	5.06065019880956	5.30832891451157	5.24558067780916	5.05034295728143	5.02208787536675	5.02204329329686	4.81669378875333	5.05909085065242	5.33581753819767
9.62709518601491	9.64216218548029	9.62558980673461	9.54858824513586	9.54779484920696	9.58131457222155	9.53935610182614	9.57311095157428	9.52653782902748	9.74518201885958	9.61586020812207	9.62190888773501
10.3239970818382	10.2462928601831	10.2553714340413	10.2701035644385	10.2390662520745	10.1441239307042	10.0823033230535	10.0832912149832	10.0949386649331	10.2149054689035	9.9820732552109	10.1575024041023
4.69187932208154	4.29061204096255	4.68089015186233	4.27295380252243	4.88734214890154	4.74153817247157	4.30697959191707	4.45297932584642	4.49311482749003	4.35071932424926	4.01041700391672	4.64875684985777
4.26016308165606	4.53043905563502	4.36810271083144	4.6803781176914	4.83884363121035	4.79306847311166	4.77705845475388	4.57752442378473	4.72138381516315	4.60622005739765	4.82180743920949	4.82507962249824
4.32575142328364	4.36537980936452	4.83167010403794	4.65729450457836	4.70994589802809	4.63260380091841	4.63955493100394	4.60970482953388	4.81504292237739	4.65814784944151	5.10617598672216	4.81225558214066
4.22621574973273	3.8857703087896	4.57960681602515	4.3469543839662	4.65497943881016	4.72836278372384	4.46856873419132	4.44110522555813	4.49311482749003	4.455055984064	4.9002340861663	5.0383236616205
4.47775451672869	4.40844853125641	4.72898444006338	4.45798569635495	4.78865787404213	4.84282150830876	4.41007308488117	4.53346924370679	4.4512946517954	4.5045246603283	4.75584417683113	4.73282111464625
5.04335169258292	4.93569553412128	5.05563494519315	5.25768704586912	5.26309966051857	5.17934697940908	5.30162635742286	5.15159860836315	5.21558085196112	5.01178480405621	5.50289858862092	5.40578009636523
8.68798750682454	8.69674918412397	8.57796645764389	8.94209995195706	8.79423274451006	8.83285333921752	8.88524744006422	8.97396825635805	8.94031615734191	8.51109501168509	9.06718752107732	8.75728130663594
5.61525804047862	5.48421603887437	5.71113643873045	6.12095070907738	6.08741998435045	6.1099255784516	6.86497504503796	6.85986389027605	6.9412606385808	6.34846335030889	6.97461628248888	6.82507962249824
8.13881999653564	8.13155732474722	8.23078900288875	8.09970297537334	8.2340939581114	8.24094922907751	8.21315756956055	8.22528037726996	8.19513905434711	8.1294535683671	8.33446515067846	8.27402733923246
6.12391717388659	6.03980393746201	6.26177147577167	5.85791630324358	6.17793227725589	6.20335244241986	6.10668094143124	6.1034425702085	6.13861887014623	6.36194657967252	5.97098685908819	6.0217089477696
4.74078892256248	4.6667605268478	4.99791944733686	4.30301103637861	5.02376134712813	4.99360146048436	4.83007683705337	4.67198910778822	4.90299062165309	4.7567116839251	5.03843138008632	5.00490066008305
4.77641283229321	4.39423467203671	5.14697525673157	4.8929227530715	5.2904070065143	5.1889971494428	4.80001960319719	5.07683083996118	4.79846003818179	4.84257242057894	5.3266763487174	5.33581753819767
4.58878582911743	4.54337811134252	4.36810271083144	4.93191688468736	5.08741998435045	5.05821054190744	5.19016592693432	5.29042631306046	5.11871931270853	5.00607115286182	5.03147861944456	5.15464777958773
8.63155985280773	8.64966061733402	8.51763592344257	8.60094365019699	8.59510056398531	8.57028052194658	8.59648620911205	8.50523556297785	8.63646159552143	8.31765730352772	8.70649812345292	8.60667144849076
7.00632583559945	6.9839507027285	7.02465929528928	7.16457764147764	7.10290523184787	7.14753053214741	7.31630021989355	7.28545435509794	7.36664682615212	7.13207903777392	7.33658209169056	7.12384173280656
5.34169296715266	5.24381782948361	5.55313460466396	5.60396500217223	5.87536950723546	5.71506596111038	5.94784041793264	5.89728141963046	6.08150823361146	6.30956199949251	6.25983259901972	6.32682875497041
4.70426304653737	4.67853769462416	4.917188175224	5.17883162515788	5.22586675431959	5.30890661317799	5.29625318532401	5.28379322072802	5.1967218247098	5.00033478331267	5.43602374490576	5.42275317496895
8.61689653587438	8.65563142788817	8.56477601109936	8.8761506519656	8.75474853927541	8.83131364318996	8.88345694024905	8.8441700831709	8.8686507981779	8.58385962069524	9.07735036937862	8.78215597527497
4.81117825045388	4.69021949967179	4.97815619251543	4.70309819419148	5.13840391306925	5.1200497957253	4.89549991205142	4.9145594110623	4.83143736062806	4.5365858695606	4.93044869921331	5.11342511686122
9.06451926008383	8.92769933563734	9.0210420053686	8.92830563113498	8.99983550788265	8.98946568591516	8.95553025276188	9.01709757277474	8.93842533788267	9.05323835340255	8.92483144990706	8.96272822091679
5.49210980970576	5.17065141692164	5.52616755706369	5.68609176888579	5.63381482881212	5.6812776476541	5.4298363397026	5.52786653747742	5.53375681198737	5.332571977539	5.82180743920949	5.81868185130009
9.36479230814789	9.41857893036522	9.33982776249166	9.36621150264729	9.33753091862833	9.31992801926924	9.28171283330664	9.2962053567171	9.26921881556319	9.03966895236893	9.27793811440392	9.13418367702802
4.35746028301098	4.42252371646813	4.68089015186233	4.36130967694328	4.66891862976803	4.74153817247157	4.47809150830982	4.87979399290162	4.70368181342968	4.18866256614029	4.68671981617631	4.75978816224652
4.69187932208154	4.72470787605708	4.45645858525229	4.74749231354993	4.52306776330458	4.7803574213621	5.2188486816384	5.29702904788471	4.80677530639379	4.71529175654512	5.17088167610997	4.19472521896307
4.49210980970576	4.27518200039295	4.72898444006338	4.45798569635495	4.96847891162694	4.46797309914561	4.60520342621317	4.58833117874131	4.53375681198738	4.47173472521063	4.84578630214393	4.574756268414
4.06271701744984	4.17896668513364	4.76403138716258	4.73652119572893	4.76289477797705	4.45203155527659	4.48755183755889	4.45297932584642	4.84764758780932	4.71529175654512	5.15177285316227	4.88754370944489
9.88578698285935	9.83010087495682	9.73488504150306	9.71502426049829	9.77704094158447	9.77235576446136	9.68626167983044	9.71945868139359	9.72878718902697	9.81710173306282	9.62743423763356	9.76229066944969
4.76463566451685	4.73602318928491	4.9681721039428	5.0694204084373	5.34351834297387	5.1099255784516	5.2245174317251	5.13695183239875	5.24034875711006	5.40816959643316	5.82583169576828	5.68438075958849
7.53607101231952	7.6399050350211	7.49521462873478	7.88300728420642	7.54779484920696	7.69827071856741	7.77222853714968	7.61103022700044	7.75400076674524	7.36529778917216	7.83084628211998	7.69489863150249
4.373057138062	4.58151324022929	4.55313460466396	4.52327715660667	4.49204086768396	4.56009130113404	4.76154545538255	4.60970482953388	4.75614923332382	4.56017268987821	5.25088099817519	4.61961050419826
4.22621574973273	4.22787628561459	4.19056452527925	4.0429481970761	4.56839175381407	4.68809891351012	4.10052871444964	4.51092667505571	4.41911424604625	4.04001848478516	4.10617598672216	4.66311214283484
8.87487292577127	8.94669453307053	8.88239111311564	8.92770287572998	8.90658823784618	8.87157044679037	8.76738239540484	8.78668458851014	8.79323855205904	8.86286718279679	8.71899377149616	8.82188428333843
3.76463566451685	3.093575193903	3.35283595417813	3.40353791233258	3.87536950723546	4.16963182457586	3.47809150830982	3.87979399290163	3.77322274668276	3.09488041981967	2.69554366656331	3.214354025712
4.84512558237722	4.97442792860999	5.01741562296265	4.99771894308311	5.07700336840511	5.02626764940468	5.07565404581061	4.8441700831709	5.04331191005051	4.8991559489453	5.45173382799442	5.09236350133339
7.6492816227675	7.77082215186218	7.79401425337829	7.8464814081813	7.94145869769324	7.96720572584088	8.11966795827771	8.02308386784047	8.09175226510826	8.64809418477759	8.18661460237457	8.28683068703849
6.34959816523801	6.24777584305229	6.32572410856089	6.11672612321565	6.32162573712503	6.40312195479564	6.27455811422469	6.3036017018082	6.36101129148268	6.31419344822414	6.48009871924778	6.54793248033829
3.94242278373214	4.25958514534193	4.25767872113779	4.64561269953072	4.95716359839911	5.0154608944481	4.84487383898145	4.92312142456572	5.16473171046537	4.82320709571201	5.13240752829534	5.43952888771978
8.88510726786873	8.877491744678	8.9093827727352	8.85665022589959	8.83498512385314	8.8473990744153	8.75715220029825	8.76779469453922	8.81039821961113	9.16000513444817	8.91400353615201	8.76977225081914
4.32575142328364	4.30587879761586	4.51249262016662	4.47128251896841	4.47627355182564	4.26395920712402	4.24139125028949	4.36773203922791	4.23419653012847	3.8991559489453	4.24488225755375	4.13418367702801
4.67938837789834	4.49091069144838	5.24119059834922	5.05182634842256	5.03456810208471	5.08946147589188	4.66479222250297	4.71206654716356	4.78168432543096	4.91753447826016	4.93790450413236	5.0161279155063
7.47775451672869	7.500894780021	7.65311548576073	7.27105426960694	7.58318875574215	7.66235114431246	7.63424113110748	7.63337765851825	7.62592665591524	7.92739261676584	7.66442114906753	7.89364390898131
4.00382332839628	3.64291378489343	4.10202785067759	3.6099887898	4.62669039437874	4.45203155527659	4.16090133242912	3.99797541924993	4.3063463158843	3.31419344822414	3.56681035244111	4.2903028789453
8.86732132849142	8.92831600375568	8.79683753224582	8.85791630324358	8.95218510428629	8.97000707631502	8.89327730332205	8.81283687636611	8.87657227334856	8.44400482812719	8.90118793416197	8.78707985391426
5.94764049300315	5.85496426200842	6.22869965416602	5.92709986838959	6.17793227725589	6.09972981134571	5.9340675683109	6.04971899434393	5.71255996477614	5.93568182497042	5.64633069208464	6.28102506535729
8.63964219910559	8.67853769462415	8.78337747596739	8.55796657745172	8.64178798718864	8.64667898613013	8.7139797721305	8.63988508967263	8.67614755723517	9.04664356126786	8.73352579740753	8.62328616234166
4.2768418228027	3.8857703087896	4.38320960322165	4.22666015024849	4.56839175381407	4.68809891351012	4.12498175817419	4.544609801312	4.52370314732345	3.47173472521063	3.58591917538882	4.25282817352663
4.58878582911743	4.80211237974269	4.9681721039428	4.59791595749942	4.85112196098879	4.83054317853032	4.72201709119591	4.7414105087457	4.86367769762827	4.47173472521063	4.95270150606044	4.64875684985777
8.58795069448289	8.59478128922033	8.57796645764389	8.73031307935132	8.69979794265201	8.64141687072472	8.73249857506424	8.63533297172592	8.66303982893234	8.44927784218768	9.00820529868379	8.66845876430032
4.35746028301098	4.29061204096255	4.15579910711857	3.91255155982043	4.56839175381407	4.38644321364901	3.95808444942943	4.09209759661448	4.1967218247098	3.77025821576305	4.15817062436042	4.19472521896307
8.83601010343382	8.92954854978613	8.82477054502026	9.15069805247143	8.99292603566759	9.04896669766382	9.1139527981262	9.04727333340754	9.1891881520244	9.59174909869602	8.93371535604686	9.10095689926399
4.87829244631242	4.82348603053525	4.93779845489929	4.72546600721993	5.09776192857191	5.05821054190744	4.86678861540989	5.03003662848223	4.79009656524716	4.73615036144279	5.22063471130707	4.91179125569157
4.2768418228027	4.03980393746202	4.15579910711857	4.06065019880957	4.65497943881016	4.57488830306212	3.97163098126738	4.16609817805826	4.1967218247098	3.4882228479992	3.84578630214393	4.0272684731115
9.64567438228063	9.53570955061616	9.63232305593537	9.60207739881399	9.56420260572857	9.57856396120552	9.47512238801737	9.51942146922116	9.48017577178253	9.71726011209461	9.45563476333432	9.49825578157795
4.75276156422856	4.65488642655951	4.97815619251543	4.92226671465364	5.13840391306925	5.1200497957253	4.93752312694712	5.24334117699072	5.10529879694621	4.8361461514195	5.10617598672216	5.44784415593178
9.71271561156819	9.65600378433387	9.65467263112602	9.57807954184526	9.57071381296801	9.61570918210256	9.48696238094563	9.54703537298609	9.4972951570685	9.15549570220509	9.63117589270474	9.50175443747109
4.50632366892546	4.02142540814716	4.33740591360853	4.21089283439018	4.94575883512686	4.81815945407449	4.57889214909732	4.89728141963046	4.46186389350559	4.26719596868698	4.13240752829533	4.81225558214066
8.95607922821372	8.9624353820737	8.98992324885292	8.99541982699352	8.98319684148695	9.01410434047802	8.9966929034651	8.90864341192432	9.0153320311978	9.2891227479195	8.96506950246262	8.94888057442679
7.63641469207519	7.68292946374131	7.5779664576439	7.8767753304949	7.66022243079822	7.71172251803601	7.99171522731072	7.85203832650424	7.88935261964013	7.55724534012669	8.23280942525317	7.82985940061157
5.42635536422205	5.45026870695103	5.94290534533237	5.59791595749943	5.70318853185278	5.83054317853032	5.87762242132116	5.83965460204841	5.66303982893234	5.83936286410305	6.18034200535904	6.0217089477696
3.9213611682043	3.73602318928491	4.25767872113779	4.19495129052116	4.01287303098539	3.98254627197537	3.84487383898144	4.09209759661448	4.13201613532199	3.67264741913662	4.66890854005985	3.91179125569157
8.50278331122021	8.51492166529329	8.4276037225801	8.55484723560754	8.51054345391039	8.48374041500393	8.40508967736692	8.34799582116665	8.33609365927835	8.55480133642364	8.29871765678429	8.4550809072478
6.44492312426132	6.38348161573983	6.43487172304414	6.58268144380426	6.54590773966269	6.47587829723096	6.5520920897536	6.53067061035412	6.59505299125625	6.81669378875333	6.84578630214393	6.58610124200801
5.98364544645865	5.84454764606308	6.13809710538512	5.85284531369616	6.19248058582505	6.35678324012877	6.22168584094193	6.28379322072802	6.28864431415084	6.183609338414	6.24788474571527	6.49675375641272
8.97983047277448	8.99046133755217	8.88902115714124	8.87490048287446	8.82878996654642	8.81114660992935	8.83286285988421	8.82259454861176	8.79323855205904	8.90492442940492	8.83134678344014	8.86132618870858
4.49210980970576	4.46394364384811	4.63113711666523	4.79056103544182	5.0128730309854	4.76753338100452	4.63104343114842	4.75106067877942	4.49311482749003	4.55235318541892	4.89258051362287	4.98218058358297
9.53909870501708	9.56098192981344	9.46180520671776	9.59031880965987	9.43353507945812	9.49107244014083	9.44509018280867	9.39376225061265	9.43059374293197	9.00571329721298	9.50289858862092	9.31551344174258
4.58878582911743	4.59400418441248	5.03665184182557	4.62196143146608	5.15830347050696	5.24558067780916	4.83007683705337	4.93163292442124	4.93368741887601	5.18360933841401	5.04535079402611	5.10293274304358
4.00382332839628	3.78041730864337	4.06503364319539	4.06065019880957	4.25388113048919	4.16963182457586	3.72201709119591	3.69216698972586	3.99318843062467	3.8361461514195	3.82984475827491	4.17482566152536
5.15582642184133	4.9839507027285	5.17328653384742	5.09541561697024	5.59783553170655	5.49155991946323	5.24697228255279	5.29702904788471	5.13861887014624	4.72227818686123	5.05909085065242	5.22406918054521
4.02372288583398	4.54337811134252	4.39815994468762	4.66888247885357	4.89921624918983	4.76753338100452	4.56108087298085	4.60970482953388	4.38619962357352	4.332571977539	5.07270128217107	4.74636764648419
4.56181878151717	4.75839100231337	5.22451185720259	4.72546600721993	5.11822603113162	5.02626764940468	4.80759282290199	4.9145594110623	4.83956524151146	4.95360373296768	4.69554366656331	5.22406918054521
5.06271701744985	4.83405527224544	4.98807166138051	5.28052702222723	5.37786984776465	5.64667898613013	6.24139125028949	6.34879047557445	6.31511652551203	6.88521675798743	6.530284476416	6.86288165521062
9.6825212673833	9.59866054684371	9.70776521679711	9.38433660596929	9.48958855527828	9.45653294751153	9.42276504457819	9.50487912195296	9.12579850592715	9.49206014534319	9.27977290422376	9.41641164809512
8.81902870042087	8.83076069433301	8.7961322303296	9.04683911266368	8.95716359839911	8.92524121569154	9.01398075418642	8.9688083973496	9.02916772773024	9.13207903777392	9.00377169027471	8.97140611198879
4.97344967935276	4.84454764606308	4.9681721039428	5.11248913032918	5.06651099458747	5.02626764940468	4.68959561350353	5.04580394434055	4.96374465273219	4.9053081759269	5.18974070336129	5.07098985054082
9.28046473602003	9.22687406602521	9.24687967023104	9.34695438396621	9.2711178354145	9.2792860347719	9.24557904725293	9.24419560108493	9.28194966157684	9.2955777700568	9.26354610181878	9.1934895057904
4.08182584039755	4.25958514534193	4.17328653384742	4.00687894236859	4.23526545232184	4.38644321364901	3.83007683705337	4.06140079939157	4.36383181054506	3.61375373008306	3.33799166194523	4.07098985054082
5.95801963878315	5.9208985321932	6.14254301041631	6.60698003992766	6.48417874991098	6.55263549621499	6.99171522731072	6.98167360692084	6.98221731280367	7.14123073614346	7.03147861944456	7.13418367702802
3.87829244631242	4.00280972997982	3.88570994375083	4.51045311624909	4.46033200795662	4.53003406727786	4.20744391836616	4.32959691034114	4.48277288326857	4.25760991985778	4.30377594660732	4.64875684985777
4.88918076245516	4.85496426200842	5.15579910711858	5.30301103637861	5.19729760212282	5.46797309914561	5.2800125443168	5.15159860836315	5.34111173404498	5.2955777700568	5.76005642811804	5.55948951176069
4.49210980970576	4.05795128417227	4.49868682064158	4.37552353616298	4.49204086768396	4.63260380091841	4.4298363397026	4.32959691034114	4.20932186148943	4.15807424630687	4.58591917538882	4.87526537966645
4.66678834111871	4.51738290280957	5.06503364319539	4.58574124355332	4.9797061670502	4.97140571437017	4.70589742583264	4.52224198828354	4.75614923332382	4.91143427872374	4.5376640067816	4.71914617774917
6.61853317251149	6.47073280951075	6.75534914406278	6.64561269953071	6.86329667493489	6.90562229532483	6.97163098126738	7.02407917318583	6.97485660785241	6.55626823542229	6.5376640067816	6.8025621859368
6.39231904022263	6.36173203234938	6.40927189980784	6.19495129052116	6.48811516447016	6.56009130113404	6.21600593186958	6.49378554223431	6.36664682615211	5.72575875559619	6.28050616728447	6.54017603670385
9.6156678388171	9.6156064388977	9.71225843104175	9.61224124153138	9.57256877309612	9.58314540373743	9.47393302682809	9.51199126374567	9.48115023655507	9.68186020594183	9.48487849736111	9.44732585341466
4.64125324901157	4.63084095259286	4.79824710250049	4.69178288096365	5.02376134712813	4.83054317853032	4.51556621372849	4.57752442378473	4.74753610301911	4.36864123224653	4.60477820264013	4.71914617774917
7.66836937693819	7.72754503536061	7.8710496370447	7.71572273305654	7.99084672465539	7.94459691774805	7.82914696590233	7.74744942522704	7.80262366312332	7.9880687350824	7.54500598212276	7.80741702520427
9.99880525362965	9.9524659284454	9.91459106373796	9.86485993749616	9.79463012642715	9.85006262924974	9.75617410192798	9.77372439890375	9.75023323418584	9.79573417011769	9.83109655448436	9.73664395079089
9.21219318286586	9.24480835134943	9.13196152859446	9.2019474007232	9.16937751666539	9.20275714839826	9.18690313992532	9.13833130186566	9.15132631024182	9.45872097071517	9.08408604565069	9.17419935587589
8.77127214714612	8.85236715052238	8.84059048229418	8.94388952635344	8.87912164209657	8.9121916238364	8.82961197639496	8.73898784647884	8.85167184436811	9.18645395657035	8.87860407019476	8.88218479360624
9.43334630848268	9.46479403882758	9.3860246188287	9.47210951528849	9.35488033526772	9.39793053127052	9.29085992655379	9.2590666873824	9.31657305773155	9.4636800358923	9.32062879561465	9.25579119580639
3.41886082767512	3.66676052684779	3.82061491552894	3.45798569635495	4.13840391306926	4.04764130019725	3.47809150830982	3.87979399290163	3.66761255872217	2.81015094288656	3.81372509291163	3.61961050419826
9.26330506846795	9.28436347696106	9.39536853129006	9.27863744102601	9.32162573712503	9.30502914288991	9.41658779240518	9.26917612465584	9.38481174944928	9.90684214209044	9.45368561414224	9.46740293268031
9.4849500181329	9.53043905563502	9.27903730359631	9.53598820835622	9.50180864393278	9.55636821509133	9.66869597262782	9.62027407124407	9.63966532055853	9.24341391566424	9.69031101679207	9.58374505164125
8.61525804047862	8.69457590471592	8.56062914121088	8.74133132892326	8.62847480405692	8.62017435137689	8.64114526191003	8.60771444746482	8.6463411167859	8.27790468207563	8.86791019006555	8.53920354253768
9.13367872981251	9.20922157296244	9.15139392799857	9.26295323570511	9.14215604793036	9.14443395435226	9.04754742276347	9.03794182656758	9.09472645708673	8.72445452614992	9.18739676289299	8.98646794198606
4.06271701744984	4.22787628561459	4.52616755706369	4.99771894308311	4.41142240747567	4.57488830306212	4.80001960319719	4.81686273717516	4.90299062165309	4.66541584990555	5.28635889352991	5.13418367702801
4.57536531335511	4.64291378489343	5.08364932136274	4.95102570763507	5.13840391306925	5.16963182457586	4.69776954494924	4.95687021592026	4.84764758780932	4.77025821576305	5.13240752829534	5.2622885027757
8.69808447160825	8.71043777909044	8.61122657375197	8.72268892254936	8.7465560411623	8.74481330450444	8.85952061494585	8.69154068407638	8.81452758211798	8.32111286216394	8.93138278473697	8.84882171137208
9.45136579224816	9.48421603887437	9.33595085040814	9.65000446864788	9.54401815846147	9.54936142598627	9.73448644315813	9.62487387713851	9.69026129766736	9.38606830400471	9.68478238369593	9.62878215009651
9.4094375737885	9.36810960212009	9.26381350730989	9.29835567564052	9.3331607674915	9.35410513458733	9.40789496189951	9.37281953548915	9.40720092450275	9.04907673020655	9.50603693016932	9.46228153915558
6.05790000115207	5.99341103197756	6.21187503152466	6.02051080795635	6.20688365095202	6.1099255784516	6.15497649847202	6.06140079939157	6.01488350172399	6.12682331232243	5.84974431571261	6.11864282613224
5.48495001813289	5.26740464980123	5.89100424342034	5.84264954659028	5.89921624918983	5.90854569053159	5.8558728379307	5.95269453994907	5.93368741887601	5.92360899266984	6.12915455050025	6.13932698030397
9.7782443610918	9.82547367040082	9.84605265650808	9.75464703263188	9.80136892579169	9.7521552798456	9.70691019880571	9.70401542709235	9.69950129749117	9.96063676954558	9.65512158832977	9.70577381522331
4.57536531335511	4.27518200039295	4.3218090585575	4.47128251896841	4.87536950723546	4.83054317853032	4.98505149702971	4.98984753836654	5.17118673260266	4.8296911292822	5.01747176145067	5.30868140826015
4.58878582911743	4.69021949967179	4.917188175224	4.80113027715201	5.14838800164188	5.24558067780916	4.83749430861585	4.94850674298564	5.00768800031979	4.66541584990555	5.03843138008632	5.07098985054082
4.57536531335511	4.14541412542262	4.51249262016662	4.24225700529951	4.88734214890154	4.94886314571908	4.41998855374626	4.49952191178346	4.71255996477614	4.5045246603283	4.80559721202823	4.44784415593178
7.28304697232941	7.33034779320976	7.24119059834922	7.41906018444663	7.34134397173953	7.32431311395496	7.39758214069798	7.39260670786694	7.50593886784761	6.90377257701567	7.27757087625993	7.35804748558113
9.3392136830902	9.41638271279863	9.43532475964416	9.40959421225267	9.35864786782713	9.40000934292831	9.43136900216577	9.37555154368721	9.43663434508927	9.72706180705393	9.35549606305464	9.40417858459202
4.53433804509506	4.80211237974269	4.75244341288737	4.56107918931905	4.82645990675452	5.03699405599774	4.73000988194945	4.75106067877942	4.81504292237739	4.42110865214066	4.78920277377756	5.0161279155063
4.20893775830089	4.03980393746202	4.06503364319539	4.12936294889358	3.9908467246554	4.57488830306212	3.99834831964317	4.04580394434055	4.22181280567264	3.97130573470114	3.98184785171996	4.43116541478515
4.35746028301098	4.07587319216954	4.49868682064158	4.17883162515788	4.52306776330458	4.35249588172568	4.18436030525311	4.36773203922791	4.22181280567264	4.15807424630687	4.5376640067816	4.66311214283484
9.16257325428191	9.11972748175896	9.12579974658173	9.05514161998691	9.04395806111496	9.03632598696942	8.95467784798619	8.99493282752632	8.97992112412718	8.92360899266984	9.07397070155863	8.98146478349838
7.99376966373236	8.10562053556359	7.89759491290369	8.30672453917767	8.26309966051857	8.27532802120322	8.38687913909094	8.41402569150185	8.39173780711495	7.99313209715432	8.33022192691112	8.20824866306281
4.64125324901157	4.35073303340012	4.78693178927266	4.82203926691499	4.66891862976803	5.13010346038922	4.99834831964317	4.94009450316944	5.13861887014624	5.40816959643316	5.69554366656331	5.51269530028175
9.0841967448603	9.16018947810301	9.14531475966636	9.18035051812943	9.10994746702003	9.17024094218714	9.06621434992431	9.07443074784069	9.14355116568847	9.24462753932436	9.03452457602353	9.0237962812047
5.57536531335511	5.49091069144838	5.93267342272142	5.97456122209586	5.81396896257132	5.94317203364122	5.80381118235956	5.97345310011587	5.85568490687474	5.94168056559186	5.99620314469703	6.14445201248184
5.16481520506858	5.54337811134252	5.49173405999982	5.66310012625956	5.83266505628122	5.90854569053159	5.95126318357342	5.96932521449319	6.00045643108871	6.47380607523033	6.21757491155801	6.17482566152536
9.41038267375082	9.3685640658318	9.53210982217903	9.2412871262439	9.39001781847522	9.36319048252191	9.19161368926444	9.20172208778899	9.23689135820653	9.6182083051305	9.12262650750275	9.26405542894989
4.62831419330407	4.46394364384811	4.71711033977509	4.52327715660667	4.56839175381407	4.84282150830876	4.70589742583264	4.57752442378473	4.84764758780932	4.51260700662615	5.24488225755375	5.214354025712
4.13767907513107	4.07587319216954	4.47067244447199	4.25768704586912	4.41142240747567	4.70164544534806	4.24139125028949	4.26370897468469	4.52370314732345	3.77025821576305	4.23280942525318	4.37994009142997
8.50720740251566	8.48589261668176	8.66088446005929	8.41304357442398	8.63470291443012	8.65540675044267	8.5441806987676	8.50380927018655	8.52685245012586	8.79573417011769	8.44586257622485	8.64333657407352
9.52476933624628	9.60020933393919	9.52020071530188	9.55523752237873	9.47973740712921	9.50321027920215	9.4387032016046	9.34162277914814	9.40480640936237	9.84096853487635	9.404080852403	9.40257529303132
8.76463566451685	8.61177254070497	8.98745393709752	8.65874810171986	8.89625687370929	8.82900101372191	8.69215494545181	8.7966201415299	8.68744957383664	9.01427742846654	8.70103129220174	8.8667630001422
9.02063161608283	8.98157589554059	9.02465929528928	8.91133255253127	8.96141724779276	8.95947384597033	8.91271973594655	8.96984184656349	8.94597379220384	8.91829519277338	8.96552554641802	8.94668190236158
5.30963175792037	5.54337811134252	5.6056020245581	5.81162265096965	5.90511685062951	5.97140571437017	6.1930600002035	6.17329367946247	6.33249860374027	6.00320581916743	5.91163884943855	6.20457300491941
8.20676338706655	8.19442980252144	8.39350458394953	8.03513474255313	8.35757243353142	8.29221500730856	8.2656504461584	8.23562850322057	8.20775286183409	8.4866850666766	8.00599019761776	8.18977600299133
8.91870671475833	8.88957522099303	8.872388565253	8.88921243373312	8.84346025928072	8.86104526692766	8.81934696190559	8.83852352002976	8.86218241847466	8.93868431313194	8.60360670842969	8.84646500781362
8.95672632176163	8.95094937722735	8.917188175224	9.01881385221368	8.95147248632125	9.01749333672962	9.03065949533305	8.95321716087161	8.9854258495626	9.36334386311432	9.05051866238505	8.99642250615874
5.86732132849142	5.78587173873547	5.84809565195105	5.74749231354993	6.05062795298081	5.99360146048436	6.3255610176588	6.23648750594966	6.18081543380044	6.65084304881828	6.50791666338755	6.83779067424779
9.92235533044019	9.80244878992047	9.74002834477902	9.68787265423832	9.72961456145559	9.79029748439143	9.72151606842967	9.71422650164385	9.62416332910266	9.26510445640471	9.67421925142862	9.71484604031555
4.53433804509506	4.42252371646813	4.55313460466396	4.57346291377489	5.07700336840511	5.03699405599774	4.36971534726503	4.76064672760862	4.61175932398864	4.27671874280548	4.25685489921982	4.574756268414
5.10068486764887	5.05795128417228	5.34514156238813	5.49100075358291	5.38633142651284	5.59680307949056	6.0082411244016	6.03794182656758	6.13532128004566	5.89915594894531	6.20835638152863	6.35804748558113
13.6100485914268	13.5641100750247	13.6510935564603	13.5515010755499	13.5376521631803	13.5133577403699	13.5386096871984	13.5484195851728	13.5330913532056	13.6272363451085	13.4283315528594	13.4981932284078
13.1111857270843	13.1115717651926	13.1069416426195	13.0195211596951	13.0428294697087	13.0147403839763	13.028002807321	13.0836492778701	13.0198655557055	12.83873516326	12.8979960306759	13.0206205976819
4.86732132849142	4.27518200039295	4.87506269955132	4.45798569635495	5.13840391306925	5.15985080378328	4.85221581432262	4.7219143331199	4.61175932398864	4.59864683769285	4.78093515779396	5.12384173280656
4.87829244631242	4.94547655491386	5.16456931674631	5.09541561697024	5.07700336840511	5.24558067780916	5.26358699640369	5.22960112036442	5.31219904212974	5.37751938359298	5.88873844732847	5.64875684985777
9.02001256649561	9.01679395941552	8.90415561107165	8.95989658027087	8.96070917659283	8.97280299781197	8.94526800410241	9.00000025472743	8.96048747821972	8.82685794972496	9.08576506247202	8.96055056761142
4.76463566451685	4.78041730864337	4.93779845489929	4.80113027715201	4.9908467246554	5.29109533706153	4.85221581432262	4.544609801312	4.88739376660208	4.24795974982406	4.75584417683113	4.67732600205454
3.98364544645865	4.12834061206367	3.88570994375083	4.52327715660667	4.21640642507053	4.60403464872164	4.52478474375787	4.44110522555813	4.42992100100283	4.46341945699863	4.92295416266639	4.83779067424779
3.78809463734084	3.61866623864675	3.98807166138051	3.85284531369616	4.47627355182564	4.54514095966807	4.08814498999381	4.04580394434055	4.02204329329686	3.07318534872036	2.69554366656331	3.86288165521062
3.19145033157205	3.05795128417227	3.00770046812944	3.31780803830669	3.25388113048919	3.660618177088	3.47809150830982	3.01409508461321	3.38619962357352	2.7567116839251	3.65991975683259	3.75978816224652
8.57030025827226	8.65860759199858	8.77910070888023	8.73858464548364	8.60510353217059	8.61391923765348	8.72701777225428	8.75586166504324	8.78221152991002	9.00141209142065	8.8492501574475	8.86210413159121
6.53086585318825	6.32848022655299	6.46713208676674	6.07813762553841	6.56466866777135	6.42370283221809	6.53166018984879	6.55841560083702	6.35535365662076	6.11625407061224	6.51541119993447	6.40150544126491
7.17819423486979	7.29635602349736	7.12017519738786	7.36487629196346	7.21403161788263	7.15739515205696	7.39632707751235	7.16609817805826	7.30341102485975	6.99889711997408	7.51291734444591	7.14445201248185
8.30150387703696	8.39155391244056	8.1535981989253	8.53677894284622	8.2457663117573	8.38329436909401	8.53964034870735	8.45001995036588	8.54684681142782	8.3297157203382	8.43668175861882	8.32005022233935
4.373057138062	4.05795128417227	4.6056020245581	4.44456518059263	5.0128730309854	4.60403464872164	4.40008899630855	4.55566498982099	4.62121965323772	3.7567116839251	4.28050616728447	4.74636764648419
4.00382332839628	4.25958514534193	4.22451185720259	4.56107918931905	4.23526545232184	4.60403464872164	4.57001399775086	4.38022298341111	4.73015402479088	4.67984292054083	5.18348171288961	5.15464777958773
9.43334630848268	9.48505457132512	9.46091547801803	9.45171037092846	9.40830979560834	9.39480668658364	9.34227765296411	9.29990826916429	9.37994364876557	9.56017268987821	9.26909849497457	9.27927881332941
4.30963175792037	3.92584774816493	4.17328653384742	3.96988473488638	4.42791053026424	4.36956939508462	4.23016399486624	4.03003662848224	4.07807732821118	3.7012165713334	4.26872899950812	4.11342511686122
3.69187932208153	3.75839100231337	4.24119059834922	3.58574124355333	4.39474366632904	4.18899714944279	3.85952061494585	3.87979399290163	4.06427152868615	3.61375373008306	4.03843138008632	4.09236350133339
9.09951337343843	9.16699836187298	9.00830958574072	8.98676536168298	9.0552785972504	9.13010346038923	8.92059855126129	8.90270305337251	8.94879431126622	8.57327275167269	9.09371381558751	9.00208014102067
4.70426304653737	4.43646290742601	4.72898444006338	4.64561269953072	4.65497943881016	4.85499622225486	4.53394474304334	4.65152500522851	4.60223654987014	4.60622005739765	4.93790450413236	4.79931652643315
4.95283939967747	4.60638790886832	5.04617461594408	4.87302319563379	5.12835024840533	5.08946147589188	4.83007683705337	4.77962983097619	4.79846003818179	4.65084304881828	5.37691065123753	5.14445201248184
9.13482281793027	9.22937831077982	9.22083753639305	9.18842438343201	9.22468760015433	9.19319888542141	9.27284936708559	9.146123478297	9.2464748599069	9.49792424919149	9.30521792078122	9.16666240338772
4.13767907513107	4.32098569000607	4.47067244447199	4.25768704586912	4.91099341696618	5.03699405599774	4.57001399775086	4.65152500522851	4.78168432543096	4.08407366486309	4.03843138008632	4.37994009142997
7.81260878606032	7.82481142800182	7.9681721039428	7.81684036024067	7.99914604787389	7.9172805005092	8.09898654964124	8.01509660845829	8.11537586963416	8.5281388622385	8.20912684618827	8.15210558502528
5.51337842645941	5.51081024888609	5.66243324715477	5.57346291377489	5.62669039437874	5.55263549621499	5.55659348198854	5.59370435084016	5.48277288326857	5.01178480405621	5.48773878144991	5.35362881431413
9.31367859098307	9.34150270734658	9.28105505922716	9.23496696936903	9.35541915695125	9.37592022723701	9.58165540418626	9.50487912195296	9.54374090056	9.16706302953412	9.54744502757418	9.61776915737409
4.26016308165606	4.42252371646813	4.5926629688506	4.19495129052116	4.92267522201382	4.67442397661304	4.57001399775086	4.47643829867041	4.78168432543096	3.88677222448948	4.41480725899606	4.63425728016266
9.20948083944447	9.17948480151231	9.1535981989253	9.04406095844318	9.14589844961618	9.12256978770382	9.02336085392718	8.99797541924994	8.9572229333368	8.70915075287561	9.09120841112419	9.03625725633876
4.26016308165606	4.27518200039295	4.45645858525229	3.98850041305373	4.66891862976803	4.61838994169871	3.91666452204946	4.22268170642463	4.34111173404498	3.78367873152537	4.02449218912845	4.34475066296767
7.52039885413718	7.4571223779921	7.46002520027248	7.55640774959516	7.73003014407142	7.70332985305941	7.98672031739033	8.01709757277474	8.02827909509303	7.61469267905267	7.93044869921331	8.12124462132052
5.20022054119978	4.94547655491386	5.33740591360852	4.70309819419148	5.30832891451157	5.22696499964181	5.32292113578609	4.94009450316944	5.07119094262595	4.96542916836447	5.33234509880409	5.55948951176069
4.64125324901157	4.40844853125641	4.61842606491568	4.40353791233257	4.68272442929307	4.81815945407449	4.4493325153284	4.41705975159148	4.56350415538143	4.37751938359298	4.63261241083685	4.73282111464625
9.79136317375918	9.80580858426822	9.76763362384277	9.81488592999249	9.78626203340148	9.73208053964463	9.62917482781823	9.68620607969581	9.71532321986508	9.81710173306282	9.55382797190768	9.66801396853885
5.76463566451685	5.59400418441248	5.88570994375083	6.01598114947584	5.99638490819683	6.03164082150354	6.52248562766828	6.54183271664142	6.52873873722075	6.40816959643316	6.79742328058253	6.76312387480977
3.19145033157205	3.19545480792221	3.41295694661571	3.40353791233258	3.77583383368455	3.48374041500393	3.33868845164441	3.25016244284674	3.09175226510826	3.23824459499085	3.58591917538882	2.95909697046993
8.69265642688939	8.83537099968811	8.61842606491568	8.96401772785439	8.81475282297685	8.81036529659269	8.99046812015262	8.93798375657363	8.98817035585805	8.70254196879996	8.83184711118605	8.78379913609143
5.49210980970576	5.61866623864675	5.9530652115526	5.95102570763507	5.78865787404213	5.67442397661304	5.86678861540989	5.79370501618791	5.92988584871615	5.75330508248185	6.48519658688747	6.0492947794415
5.71041527351897	5.64291378489343	5.85894303418805	6.19895322107865	6.30832891451157	6.54514095966807	7.36587328097064	7.34879047557446	7.30927564692297	7.40056787369983	7.36313122422374	7.76312387480977
9.10885879909457	9.04549954312602	9.20338856563684	8.88549254759601	9.06979806605022	9.10292373569844	8.90082024398468	9.01859647684815	8.98084003819703	9.11956528400265	8.9439341015706	8.98218058358296
8.76241670221186	8.81417399701956	8.6847057982042	8.85854892550362	8.89921624918983	8.80174280667749	8.88703572048022	8.84134956410852	8.90734702669723	9.10727564677335	8.9917324406518	8.88141760664805
9.2912792060265	9.28243538440426	9.10430879192883	9.20045108766853	9.30386926632087	9.30225312694605	9.33213966581547	9.33441929379799	9.30046974954763	8.73485549669687	9.15617436689387	9.3075395838706
9.80902978387531	9.89620976588558	9.64647880359431	9.84072979242691	9.76897441209375	9.71715168511236	9.79883268824675	9.71113986152573	9.74942462414642	9.44506097388511	9.78093515779396	9.65235908653797
9.20076691312106	9.12026731152799	9.27651113408221	9.13407336677955	9.16077172609771	9.19858319827199	9.11166037967635	9.08639147826927	9.12704417735946	9.44321221110832	9.19169108224545	9.13804287248365
9.06571950561137	9.1369026255671	9.04854552040682	9.17883162515788	9.1595381261586	9.14008754896185	9.09280135242503	9.1705995702932	9.12621384925546	8.80933099683386	9.11771101708863	9.0655965917706
8.47233424094444	8.52065803484243	8.52786784605353	8.48855066235002	8.55438036131771	8.54514095966807	8.53166018984879	8.49952191178345	8.56840295479426	8.93868431313194	8.38988031785061	8.58892360034059
7.88510726786873	7.99341103197757	8.04142108597344	8.15327844135623	8.15211429310016	8.2222733043171	8.46498142598356	8.52505700389059	8.52496369352937	8.43233590756392	8.59832318050283	8.62786760487356
9.07230306627905	8.97383066300805	9.18249122474357	9.01768143846567	9.25849775855956	9.25479920783854	9.21244459942452	9.23046371832189	9.20736034515615	9.3439407916182	9.10120402875963	9.20702448391351
4.22621574973273	4.42252371646813	4.39815994468762	4.44456518059263	4.47627355182564	4.83054317853032	4.48755183755889	4.277129490447	4.49311482749003	4.4882228479992	4.68671981617631	4.87526537966645
7.58878582911743	7.72328720135745	7.76835299311267	7.83109251516788	7.80452926668502	7.7771620822023	7.94612598512138	7.98984753836654	8.01667678354704	7.56600962990049	8.14775979065564	7.91179125569157
4.30963175792037	4.75839100231337	5.00770046812944	4.51045311624909	4.7498386251516	4.90269296428615	4.63955493100394	4.70215107829847	4.61175932398864	4.4466437442478	4.77261988958195	4.74636764648419
6.38464511233721	6.35440869154352	6.76979065645127	6.60396500217223	6.79184615167318	6.87605783778269	6.78667004953817	6.86431665628268	6.79219198324935	6.83936286410305	6.91353090877976	7.01052520927692
5.3884871786316	5.14541412542261	5.63745089059744	5.82721950602067	5.92267522201382	5.7803574213621	6.73993899919317	6.724365812114	6.89910718716587	7.15161922416957	6.83982884684753	7.12902197191224
6.28098155316362	6.08917001478299	6.33740591360852	6.98386896432209	6.99914604787389	6.9797691873048	7.9192883997795	8.02009382523466	7.99500886624904	8.40491661863808	8.17640773774257	8.39291794542819
5.78809463734084	5.5562021517001	5.71113643873045	6.28806069491264	6.26768693001422	6.18418013314502	6.84854949712484	6.89510704839612	7.00949024295377	6.81506085701037	6.77261988958196	7.01052520927692
5.3807927868416	5.31345201732066	5.24119059834922	5.21089283439018	5.38633142651284	5.68809891351011	5.57001399775086	5.66179334068233	5.51864991959717	5.37308713727772	5.31527158544515	5.20457300491941
9.32875391144517	9.32004612954245	9.23026694931298	9.28099903107845	9.2824956155283	9.18598839957046	9.14641669367845	9.16067790227401	9.12745916227269	9.29440627584636	9.23583711795074	9.10029768287561
9.71959470029336	9.63538011220802	9.81609943440645	9.61486466485103	9.72545213779239	9.73001630257635	9.67931264024168	9.63533297172592	9.65240954753776	10.0866137706444	9.65030740863534	9.69140118726627
8.97281004509671	8.97383066300805	9.042610937621	8.98038559432184	9.04796369545376	9.03699405599775	8.91578883459259	8.91670468289385	8.9068636308003	9.18519037423348	8.91494832665132	8.91704151637877
3.78809463734084	3.78041730864337	3.84264122185895	4.12936294889358	4.32603091624502	3.91437476933379	4.10052871444964	4.01409508461321	3.97854165466027	3.64350107347711	4.13240752829533	4.36245266470113
4.87829244631242	4.50420751406184	4.85352953800168	4.74749231354993	5.22586675431959	5.17934697940908	4.76932280597427	4.81686273717516	4.97116212429467	4.4381821654996	4.79742328058253	5.00490066008305
5.25175084183986	5.20362873936791	5.12916398061511	5.23447965470779	5.56093594889502	5.41138957077924	5.94784041793264	6.03003662848224	5.89910718716586	5.57953801474514	6.03495918817952	6.06018309558424
4.52039885413718	3.9839507027285	4.45645858525229	4.59791595749942	4.69639936619014	4.71506596111039	4.27455811422469	4.38022298341111	4.4406474075959	4.48000234119423	4.79742328058253	4.69140118726626
9.15187614936109	9.20972893890433	9.14143281794837	9.19995197157952	9.11249978089383	9.15247127341768	9.24383560892488	9.15750664482305	9.1959306565842	9.09387071836176	9.24788474571527	9.11799164352543
4.77641283229321	4.83405527224544	5.07437150777473	4.81162265096965	5.27225965980404	5.22696499964181	4.84487383898145	4.87979399290162	4.94879431126622	4.8991559489453	5.14534658400283	5.18480975009799
5.03357067179033	4.63084095259286	5.22451185720259	4.88300728420641	5.39474366632904	5.24558067780916	5.1189072437645	5.07683083996118	5.08493099925225	4.77025821576305	5.37691065123753	5.46433227872035
4.24328926309166	3.71330311278483	4.45645858525229	3.8929227530715	4.25388113048919	4.22696499964181	4.06305400903098	4.22268170642463	4.02204329329686	3.4882228479992	3.4465161187234	4.11342511686122
4.69187932208154	5.00280972997981	5.05563494519315	5.11248913032918	5.2904070065143	5.1200497957253	5.1189072437645	4.97345310011587	5.23419653012847	4.88677222448947	5.22673491084349	5.2903028789453
8.92003455198128	8.94608567252514	8.93010406310928	8.92770287572998	8.94432687963373	8.95665194768014	8.85997593924847	8.78668458851014	8.80418192974562	8.43393269249824	8.79895942451565	8.79769095438411
5.3807927868416	5.48421603887437	5.70513769810901	5.64561269953072	5.68272442929307	5.80566850989129	5.52018284179886	5.60439102963741	5.57815093134583	5.39511344360772	6.01041700391673	5.69838761758237
5.96318134389893	6.42602116070436	6.31788335534371	6.30672453917767	6.36935834790913	6.33955682601818	6.40008899630855	6.2261455617282	6.43529417310169	6.09756950734731	6.82180743920949	6.25282817352663
4.00382332839628	3.32098569000607	3.79824710250049	3.58574124355333	4.39474366632904	3.76753338100452	3.23016399486624	3.71206654716355	3.93368741887601	3.21861578824191	3.58591917538882	3.73282111464624
7.92797601262587	7.97442792860999	7.96942390015227	7.97689379340574	8.07700336840511	8.05557548173947	8.2167171446229	8.00907700984659	8.13284313164207	7.87584857545324	8.23053447859378	8.05882654161415
3.44860817106917	3.54337811134251	3.19056452527925	2.91255155982043	3.87536950723546	3.317730463565	3.40008899630856	3.40488503764538	3.51357893004975	2.61375373008306	2.98184785171995	3.43116541478515
5.27684182280269	5.09357519390299	5.51249262016661	5.32515001364786	5.40310713926367	5.47587829723096	5.2525318078947	5.17329367946247	5.44064740759589	5.13207903777392	5.45173382799442	5.67023657726822
9.56479297349564	9.59050202345654	9.59712387063379	9.51768066009776	9.47726407369146	9.48128810259825	9.44569699461189	9.49270742906353	9.4235142577927	9.55063700452383	9.52503437628513	9.42433421078843
9.04761012505964	9.06020373590365	9.0479531594702	9.02558973178895	8.92775641734745	9.03298099349112	8.82635375101065	8.89728141963046	8.83499894426945	9.06462130219692	8.77314100031216	8.92822814550224
4.50632366892546	4.72470787605708	4.52616755706369	4.54858824513585	5.13840391306925	4.64667898613013	4.72201709119591	4.56663610764199	4.58300033100722	4.65814784944151	5.18348171288961	5.20457300491941
4.50632366892546	4.54337811134252	4.82061491552895	4.80113027715201	4.81396896257132	4.54514095966807	4.64801650975214	4.47643829867041	4.78168432543096	4.12682331232243	4.92295416266639	4.83779067424779
9.25175084183986	9.34381583120412	9.13754040268059	9.36398546449405	9.19849934733258	9.25479920783854	9.16053174230519	9.19952117959571	9.19869784890708	8.72879738024477	9.05695257392944	8.97644421403382
7.78663957414046	7.88957522099302	7.70212894823667	8.28241413177149	7.99914604787389	8.05689361343545	8.12118818501574	8.11001950461175	8.19830286052929	8.32168798477107	8.21680894655946	8.17482566152536
4.93193040991449	4.83405527224544	5.24119059834922	4.98850041305373	5.29939578974156	5.49155991946323	5.15497649847202	5.32314188820385	5.36945635973894	5.34167418464626	5.53766400678159	5.50474654716625
9.48584693767741	9.51245622172964	9.46047040781833	9.52527065566766	9.40049875843944	9.41550567925148	9.36939556558559	9.35236101372806	9.37191022141332	9.63727708585722	9.34256327711289	9.36190275234803
10.0131854316	10.0312181451656	9.97846708467068	9.88238529883749	9.88771469765529	9.87344188957568	9.80688451994648	9.81168456397187	9.78957223486127	9.93680849042471	9.69554366656331	9.83897661351793
4.46325494703358	4.35073303340012	4.84264122185895	4.86296953096987	4.86329667493489	4.86706905455543	4.57889214909732	4.69216698972585	4.62121965323772	4.56795004046993	4.98184785171995	4.92376389735765
4.44860817106917	4.61866623864675	5.10202785067759	4.52327715660667	4.86329667493489	4.98254627197537	4.63104343114842	4.59905758533437	4.74753610301911	4.78367873152537	5.1959726570728	5.15464777958773
4.2768418228027	4.53043905563502	4.71711033977509	4.6099887898	4.87536950723546	5.05821054190744	5.36971534726503	5.28379322072802	5.41368035999562	5.74989041806908	5.73459644312709	5.88754370944489
4.65407728936915	4.07587319216954	4.44210329227522	4.49751406054158	4.81396896257132	4.60403464872164	4.14902723214083	4.47643829867041	4.71255996477614	3.71529175654512	4.29218797233211	4.13418367702801
8.67152626012537	8.75283147697147	8.60076346762171	8.65656715642033	8.72085955817984	8.77716208220229	8.72401944410706	8.59169175571132	8.66017449523795	8.1855063735866	8.6850593191111	8.60574277447035
7.3554987666777	7.39065921781288	7.33934371785001	7.37020973626651	7.58318875574215	7.70837130853637	8.03510166691815	8.02904542607919	8.00498040795629	7.58721194263056	7.94254489102426	7.99500462394055
7.45595014641034	7.40667943840335	7.46358301968566	7.72407813309569	7.61233510140167	7.71004788634376	8.13705459047476	8.12586833326973	8.13861887014623	8.32456016378241	8.31455578536056	8.333575587411
7.57536531335512	7.51574254442832	7.80106211810755	7.55172113462082	7.79661539582105	7.91582836647529	7.84211093668622	7.83965460204841	7.93937105737959	7.9198154195114	7.82683600840257	7.87526537966645
4.22621574973273	4.49091069144838	4.65622809762806	4.88300728420641	4.59783553170656	4.80566850989129	4.78475284654388	4.79836639355778	4.94879431126622	4.47173472521063	5.13240752829534	5.23371935057893
8.12966726137447	8.03866211307247	8.15799666282282	7.98502822114692	8.12203094333506	8.0673955345383	7.96063413205046	7.96207287226493	8.03890673093051	7.81015094288656	7.96734828202484	7.99074259708639
5.55499751566115	5.48421603887437	5.69306486580844	5.23447965470779	5.60510353217059	5.63260380091841	5.52478474375787	5.55566498982099	5.42452774223262	5.4381821654996	5.73887109822741	5.67023657726822
4.84512558237722	4.37987937905964	4.92753011944546	4.63383553175437	5.0128730309854	5.15985080378328	4.68959561350353	4.75106067877942	4.79846003818179	4.20870031937684	4.33799166194523	5.06018309558424
4.72871609026191	4.58151324022929	4.99791944733686	4.45798569635495	4.80136892579168	4.64667898613013	4.80759282290199	4.75106067877942	4.66761255872216	4.92360899266984	5.30377594660732	5.06018309558424
4.2768418228027	4.14541412542262	4.6056020245581	4.3469543839662	4.83884363121035	4.63260380091841	4.40008899630855	4.29042631306046	4.29456914810795	4.21861578824192	4.59537950463788	4.81225558214066
4.44860817106917	4.60638790886832	4.86433629295826	4.62196143146608	4.82645990675452	4.40312195479564	4.41007308488117	4.44110522555813	4.70368181342968	4.86799501745884	5.33234509880409	4.93563799764593
9.24275876297873	9.2467873572028	9.22974470675854	9.29835567564052	9.22468760015433	9.2656702510576	9.20529545178758	9.17374220893628	9.17841427645134	9.3214004521262	9.28964064784985	9.23911933832152
4.47775451672869	4.33593603147204	4.64373715344487	4.57346291377489	4.9797061670502	4.81815945407449	4.53394474304334	4.51092667505571	4.80677530639379	4.52863711644511	4.57639640127031	4.574756268414
4.93193040991449	4.97442792860999	4.93779845489929	4.76918738464925	4.82645990675452	5.2081059723905	4.57889214909732	4.75106067877942	4.87162645074376	4.57568568924954	4.96004348140161	4.71914617774917
5.06271701744985	4.95519170974707	5.46358301968567	5.05182634842256	5.50763772273498	5.41138957077924	5.35944701181121	5.29042631306046	5.33537536449583	5.03441577855578	5.51291734444591	5.59735769735113
5.58878582911743	5.47073280951075	5.69911391048124	5.62791069779726	5.77583383368455	6.0154608944481	6.15794195694858	6.14062749054215	6.09515084157013	6.10293269211441	6.51041917059071	6.47250621016605
8.91471585456229	8.98276378777806	8.95874885005618	9.02051080795635	8.9421762779323	8.91873117437793	9.0004149222611	8.95112554029373	9.04199176808782	9.21025411063192	8.99798755437521	8.92674159715754
4.2768418228027	3.94547655491387	3.88570994375083	3.63383553175437	4.56839175381407	4.60403464872164	3.8151264955874	3.71206654716355	4.14519152406972	3.72923094750299	3.71303109329215	4.11342511686122
9.22996788459383	9.33034779320976	9.30157595912715	9.31042850794109	9.27852359127445	9.28492156944133	9.27558239189703	9.1170331063728	9.27971118938084	9.5764087842647	9.3098944079907	9.19904189894618
9.73212179816952	9.70108594602954	9.70814018627053	9.77288358917478	9.62177185700976	9.67828317206867	9.51729918095294	9.52083241802887	9.56687386610752	9.65038526837943	9.48392380776574	9.57523076111385
4.26016308165606	4.02142540814716	4.55313460466396	3.95102570763507	4.34351834297387	4.60403464872164	4.10052871444964	4.36773203922791	4.50338316294385	3.95952856692478	4.33799166194523	4.30868140826015
9.32374628739326	9.39423467203671	9.19859289903519	9.49181652688194	9.36347742612861	9.36212458292345	9.41906186810843	9.41022412134199	9.4512946517954	8.96211305009485	9.48296848599534	9.37994009142997
