k4_temp10_1	k4_temp10_2	k4_temp10_3	k4_temp14_1	k4_temp14_2	k4_temp14_3	k4_temp20_1	k4_temp20_2	k4_temp20_3	k4_temp26_1	k4_temp26_2	k4_temp26_3
5.01213559204921	4.44048500198028	4.81062100407004	4.74662168084724	4.71224793374712	4.51582922365535	4.90062202354792	4.38880422998926	4.65368894377508	4.76549373789885	4.68258056718129	4.76549373789885
4.66100834065953	4.44048500198028	4.56168388968688	4.8826528139856	4.63332247377258	4.86923235492205	4.94319394395657	4.89108558757487	4.98086640555761	4.75640569196488	4.78243668971386	4.57962406057204
8.94470949260419	8.8532484752525	9.02115798711071	8.88107628923091	8.83406234293621	8.85636620026888	8.81139756424405	8.82174215123633	8.83863335583498	9.0069039767452	8.67267094737831	8.96776854401843
8.69642969429229	8.71367645840217	8.62110406419815	8.7281274923403	8.68676592852637	8.63907423067211	8.76086053654906	8.68538111324526	8.79107904096671	8.21572712964718	8.88192553453481	8.57948369235934
9.47195860835263	9.42710600910523	9.46776826241126	9.3988899428772	9.43053528528624	9.44550591482808	9.38503197771361	9.43499049166352	9.44098119617156	9.5431090515706	9.47836933006091	9.46434402642926
4.84873200104554	4.95540421921864	4.88353656244256	4.95147368849867	4.7821036567658	5.01254591646406	4.90062202354792	4.7894275856933	4.93233484546252	4.79909633487182	4.96101214203954	4.5342631737546
4.96993395024523	4.8461409717835	4.54979994529805	4.46240135007084	4.74291107861393	4.59702004497266	4.61030681801697	4.64314721421063	4.76631724420491	4.64419753774452	4.75909833059468	4.75508143944645
9.84415113225678	9.82037131082013	9.82037131082013	9.88244665696715	9.82802205994179	9.81531975772951	9.76533042803396	9.79736219590719	9.77347597234126	9.67081755623551	9.77347597234126	9.76533042803396
3.75483991863839	3.97461607452019	4.40460837229789	4.30650115214428	4.26900272412932	4.34479278632865	3.84571068270294	4.24659435931029	4.24659435931029	4.20069635496926	4.01329352800277	3.85193367292599
8.97629642389207	9.04728698684259	9.0016690312423	9.10431987083071	9.01517695234859	9.05225862438421	8.97781137492589	8.94749409037543	9.00969440196005	9.08855966377376	8.90685746975292	8.95360199433852
4.76484916055616	5.04123890435868	4.91548104717872	4.61725369978142	4.63332247377258	4.60956469560787	4.67393361705908	4.60956469560787	4.49736361949461	4.89568940505622	4.95540421921864	4.7787332626124
8.88192553453481	8.82597797300727	8.9009550677665	8.85480733776069	8.85636620026888	8.75174845651699	8.71367645840217	8.74173670014228	8.7025564663771	8.79616691923034	8.52985616760878	8.70506053250685
4.37965179889281	4.64524786127842	4.37857541143517	4.79618822939752	4.71224793374712	4.3097749047766	4.80947177193607	4.7894275856933	4.57392286445025	4.79458652012143	4.98086640555761	4.72362568397936
5.19584933651474	4.98057809664345	4.9559397416486	5.0374635251747	4.90957119249552	5.06211159413089	4.99948331849716	4.88353656244256	4.79618822939752	4.79458652012143	4.68698614309874	5.1098148706444
4.76484916055616	4.59883324508613	4.72602614246586	4.55090801384918	4.86122541440701	4.69528563948788	4.44943642801079	4.56265959741988	4.57392286445025	4.40510723236731	4.46240135007084	4.55901922753241
4.49101529050385	4.37107509082856	4.59883324508613	4.7787332626124	4.4320449365635	4.48791450022737	4.40350128280693	4.56265959741988	4.48695844898403	4.68258056718129	4.4744003547057	4.67393361705908
9.01306049235358	9.01411872235109	8.89622439893662	8.94941416776667	8.9346640440225	8.87457881543279	8.78252733905666	8.7281274923403	8.76086053654906	8.75565024308142	8.71947251345654	8.849573769159
6.85272695469359	7.04080210975599	6.82005618632655	6.90913543031387	6.67068051998406	6.72543703620159	6.99218118865765	6.82005618632655	6.91468100373474	6.79140053597086	7.25219646829747	6.65597331377852
9.61211219771476	9.64255239424476	9.64255239424476	9.69904910987086	9.65473776110675	9.66421099667195	9.63525031199253	9.62120133079915	9.65077683125329	9.73584113488575	9.70725940928035	9.58838641044552
4.71630812362742	4.94319394395657	4.62632769411649	4.83724269029336	4.82447949441731	4.83556181057486	4.74015980260682	4.50885935989456	4.82052877173937	4.58067849076586	4.6677878725729	4.7368365131928
5.01213559204921	5.14809762349417	5.12803441223691	4.95147368849867	5.11304258191695	5.15174551806892	4.9559397416486	5.02500129784075	4.95147368849867	5.0309852163264	4.92294678427455	5.045018507954
5.22743621813135	5.07882455346555	5.47398436314564	4.95147368849867	5.29862654186404	5.13102623447229	5.03854635253716	4.96323907632852	4.94266779612888	5.10494792525954	5.30540069583167	5.29093950072795
7.35431915114238	7.32686473884248	7.26344602617053	7.05538752747079	7.10372599871707	7.20353680206355	6.75583512045797	6.74864624901743	6.83482707529391	6.46796456595846	6.86426693652602	6.86426693652602
4.67543464681004	5.05703022225391	4.98057809664345	4.79618822939752	4.86951657433271	4.97769354518985	4.71224793374712	4.79538737475948	4.93233484546252	4.70297097023004	4.65420054084918	4.79055740684634
9.45003956492788	9.40171273454071	9.43836719272947	9.35770731612582	9.50953501912967	9.46776826241126	9.43836719272947	9.50953501912967	9.41192175394518	9.19471895375549	9.47520642021783	9.47836933006091
5.15151995572782	5.27955534971551	5.30200657316796	5.14024045259878	5.20233823820952	5.08561571721766	5.00693567371276	4.86980079374338	4.85061063451765	5.01403110564759	4.99542632517936	5.09786056040386
7.98435262745924	7.8538539905876	7.87904708663424	7.76630644194954	7.77383239292789	7.67266408561007	7.45885817890575	7.68868831202292	7.45885817890575	7.51600673010106	7.80635755239514	7.59971313381805
4.84873200104554	4.98697645949063	5.0921110197984	4.70019496775915	4.99542632517936	4.62676487635889	4.96993395024523	4.83445754868468	4.86879517267965	5.09643001462745	4.96993395024523	4.7060595995696
4.91934272575825	4.8461409717835	4.99773976689896	4.79618822939752	4.62094300315157	4.55035397957361	4.86631425357296	4.94293087004272	4.83200516248373	4.81062100407004	4.78243668971386	4.7448201669865
4.90749585200522	4.8971569309558	5.24839421588411	4.79618822939752	4.90957119249552	4.83556181057486	4.73232112240505	4.76714075051097	4.89158444764429	4.68258056718129	4.68698614309874	4.90062202354792
7.76630644194954	7.67266408561007	7.83756197966396	8.03049824221006	8.14143619431177	8.12366900868743	8.27974581551073	8.29924578197413	8.27974581551073	8.77191857571785	7.79159091799688	8.15126752556259
5.38098196779818	5.16177374692694	5.63919189206961	5.66144438228946	5.59694323249647	5.61488886351799	5.69139005232432	5.74647460012387	5.66982566312559	5.5454745112077	5.77740473084537	5.77367439582288
5.72278701332368	5.76103200530315	5.58196516298736	5.24592262367586	5.4247976646142	5.42200141739342	5.18208864513974	5.15174551806892	5.24070766668765	5.28072838651068	5.36348769155967	5.13574681596028
4.62094300315157	4.59883324508613	4.81062100407004	4.7368365131928	4.37245546389711	4.66432793159363	4.56168388968688	4.40153780455419	4.34524991623786	4.94195780015811	4.64419753774452	4.48695844898403
4.63066648302006	4.78243668971386	4.42173968635682	4.21220806736208	4.37245546389711	4.28394504890599	4.42525570026131	4.43807545639237	4.34240087718809	4.58475347581114	4.50064036738454	4.43848860092841
8.57948369235934	8.57056127362323	8.51701979028521	8.53898865581826	8.55492867426083	8.57741025939799	8.60981273635577	8.51701979028521	8.57948369235934	8.84442709154607	8.69642969429229	8.68538111324526
8.09849096033472	8.16067754476015	8.21120250634599	8.16067754476015	8.09849096033472	8.11753275973872	8.07525563634306	8.09849096033472	8.09132163171658	8.16853406414264	8.21572712964718	8.06800665583938
5.04311637111416	5.01403110564759	5.0921110197984	5.10570976607771	4.99542632517936	4.70751940712826	4.99207766679988	4.92585978663059	5.12503575567798	4.93282158733951	4.98086640555761	4.80795549567448
8.62816628899921	8.69642969429229	8.63907423067211	8.78891638628268	8.71367645840217	8.72202805611251	8.71620881063714	8.69642969429229	8.72202805611251	9.03726427125356	8.80147179936915	8.74701245440757
4.50774098358104	4.87039169658119	4.7127426879258	4.61725369978142	4.34240087718809	5.15174551806892	4.46240135007084	4.85652042855301	4.65368894377508	4.90957119249552	4.88353656244256	4.75508143944645
9.21524456161984	9.25433744982107	9.31433145924688	9.23633913700155	9.21524456161984	9.23993231122462	9.15654593279904	9.19193835973891	9.21055974727077	9.49717342031926	9.28122747338661	9.14684785576318
5.38098196779818	5.31357528780112	5.25860184903623	5.56943573832404	5.38269677130673	5.28692725668779	5.71683734462883	5.81033488404776	5.79190416555381	6.03991702108617	5.91293386064702	5.83148287431104
4.86879517267965	5.04123890435868	4.98057809664345	5.09499946885104	4.89642316800601	4.81108519397025	5.03854635253716	5.04406743953408	5.06274256763033	4.90957119249552	5.11198380466911	4.86338592252684
4.53521694640381	4.62272797196491	4.65420054084918	4.7787332626124	4.90957119249552	4.74662168084724	4.72180731501082	4.90150279369044	4.6820938253043	4.4243420433883	4.54979994529805	4.36908475861427
9.58507744769292	9.61839438079354	9.49409141168075	9.56813848469299	9.58507744769292	9.5431090515706	9.45003956492788	9.56569690435806	9.48702018170837	9.06904629041699	9.50035349488669	9.38745285720195
4.91934272575825	4.87039169658119	4.48392610483076	4.986675144106	4.82447949441731	4.88353656244256	4.59702004497266	4.83445754868468	4.80535547055313	4.55090801384918	4.98086640555761	4.95951510293165
4.14562769467945	4.35801698786856	4.12055126624798	4.72180731501082	4.24244061869084	4.39259009165379	4.90930102443009	4.58475347581114	4.81170176806481	4.68258056718129	4.94719740585071	4.62893193861519
8.31055411814762	8.26336180182838	8.25487235851508	8.23664070262704	8.12366900868743	8.18601791373385	8.09132163171658	8.14143619431177	8.13465445815227	7.74888303366085	8.21120250634599	7.92601188480492
8.41069451145759	8.35974662526029	8.32596091508813	8.27974581551073	8.41069451145759	8.33385544180694	8.11049552841634	8.18601791373385	8.23664070262704	7.87904708663424	8.06800665583938	8.13465445815227
4.39764633194787	4.46477549439643	4.61725369978142	4.39259009165379	4.32687892804186	4.23564919127501	4.26792446948703	4.43807545639237	4.5922470547274	4.69654202027099	4.67726687460748	4.67393361705908
4.31757103107237	5.14809762349417	4.62632769411649	4.75453743307872	4.5778431956198	4.62676487635889	4.68258056718129	4.66292850008318	4.73953848553023	4.74291107861393	4.71224793374712	4.87237219460962
6.38480025725222	6.3986142232594	6.39539537182625	6.19792622628429	6.43551278768041	6.14225310928919	6.22401388245547	6.09081726777204	6.14225310928919	6.11002121391865	6.11002121391865	6.12836666147817
4.53521694640381	4.76714075051097	4.9559397416486	4.80981429305295	4.74291107861393	4.83556181057486	4.79822222371628	4.98057809664345	4.98086640555761	4.73587028762962	5.0921110197984	5.07515826567336
8.83108322841546	8.77191857571785	8.89125633167227	8.98505882059087	8.93975020504982	8.89265915014357	8.92536807030478	8.94385015680356	8.9346640440225	9.10210596227941	8.75825538981524	9.02704581076513
4.53521694640381	4.39858028096962	4.88353656244256	4.83724269029336	4.75909833059468	4.59702004497266	4.49736361949461	4.41764752121995	4.79618822939752	4.77335276374334	4.86923235492205	4.7787332626124
4.41764752121995	4.56621756172983	4.69023613119931	4.6820938253043	4.17929160222903	4.60956469560787	4.55090801384918	4.33232727908499	4.49736361949461	4.7085575802366	4.56131622925409	4.62893193861519
4.9959639383341	4.87039169658119	5.39421354360647	4.90930102443009	5.06452652265607	5.09897824486447	4.96993395024523	4.83445754868468	5.02264987034255	4.71323744210448	4.92294678427455	5.1098148706444
5.34360744051664	5.32879699949028	5.4064668499943	5.55136516418999	5.33958772453492	5.54069039223319	5.24592262367586	5.40876865707071	5.32591409174058	5.4064668499943	5.38768808257474	5.44263348372495
9.4584158719001	9.47195860835263	9.3988899428772	9.46100866443896	9.38128839510408	9.40171273454071	9.34205764436787	9.34664605517634	9.4172480699475	9.07214746795433	9.43053528528624	9.27498130629633
4.43890174546446	4.83381975097273	4.84765028448186	4.8826528139856	4.98175605025331	4.55035397957361	4.68258056718129	4.43807545639237	4.90062202354792	4.91711973129833	4.75909833059468	4.59612895939512
4.10267228469867	4.23041562371719	4.37857541143517	4.53063789367342	4.37245546389711	4.69528563948788	4.35269701522042	4.18142549514318	3.91830363812816	4.15810135741332	4.17551843716304	4.2821511576774
2.37896162968084	3.00131423555356	3.29763673721066	3.20277373540791	2.92038906264552	2.80038315455695	2.7183060159832	2.50269429320776	2.4408279614443	3.0661384682758	3.58050338862727	2.06358650546491
4.90749585200522	4.67891788492547	4.85652042855301	5.27613635159775	4.89642316800601	4.79822222371628	4.89158444764429	4.84690345621258	4.95147368849867	4.72504471181783	4.98912764444404	4.83229911071431
4.50774098358104	4.60882257319876	4.42173968635682	4.30650115214428	4.24244061869084	4.76714075051097	4.43890174546446	4.20733771320547	4.33303035485851	4.17819862133014	4.37107509082856	4.23670120048535
4.05652495897878	3.89472370011166	4.11186238578295	4.12826927766798	3.75901313237752	4.03701527379993	3.74389445785243	4.02789472514722	4.12826927766798	3.93432030512774	3.99912659844603	3.88725172154315
9.18621603023369	9.15392368712062	9.17773569144811	9.18621603023369	9.18902792962874	9.19798173654457	9.15948920873294	9.12498631980003	9.16998230817488	8.86911191345123	9.23124202273187	9.10851208428308
8.31660015264439	8.29924578197413	8.23664070262704	8.32596091508813	8.2887651357759	8.40505987496863	8.24938050305365	8.16067754476015	8.29924578197413	8.18954270353023	8.40505987496863	8.31055411814762
4.54979994529805	4.59883324508613	4.53063789367342	4.96242173652745	4.5778431956198	4.82286785409756	5.09786056040386	5.06078022605459	4.94266779612888	4.9845097618352	5.13219104851398	5.0129562408789
8.23664070262704	8.3482176462492	8.3058905066889	8.31660015264439	8.3058905066889	8.21572712964718	8.15597253516137	8.11753275973872	8.17888866429846	8.72523035839006	7.99277409357739	7.99277409357739
4.90749585200522	4.74015980260682	4.72602614246586	4.66100834065953	4.8826528139856	4.66432793159363	4.56168388968688	4.7386706121431	4.66706580081231	4.62307444147375	4.5248037269396	4.60644725441188
5.75788026832209	5.45159712111717	5.56334577774816	5.34360744051664	5.5454745112077	5.58313381548652	5.19469948776377	5.33069502442548	5.29340300123309	4.95091781264945	4.92294678427455	5.08738423133235
5.19584933651474	5.27955534971551	5.27613635159775	5.27613635159775	5.72278701332368	5.54069039223319	5.4064668499943	5.27073824740387	5.4879462166049	5.76418374228422	5.08282458513196	5.47929639942428
4.67543464681004	4.60882257319876	4.76714075051097	4.45190190513931	4.5778431956198	4.66432793159363	4.56899242884062	4.54979994529805	4.67543464681004	4.66706580081231	4.6677878725729	4.7368365131928
5.13219104851398	5.11198380466911	5.14024045259878	4.7787332626124	5.00552546114117	5.20233823820952	5.13908749889304	5.06928138167368	5.11742093992342	5.13287506762361	4.86923235492205	5.15151995572782
8.94941416776667	8.87098412031527	9.01517695234859	8.84247901374304	8.89801368763932	8.88487855043764	8.7281274923403	8.81044028759663	8.78674799791263	8.94749409037543	8.85636620026888	8.82705934869045
8.98694131725779	9.05933242364664	9.04626721248966	9.27773351098124	9.04307046542223	9.06325774839061	9.04830676119552	9.02000773816316	9.11401730055341	9.46100866443896	9.09288041202016	9.03177922984688
4.57193575398766	4.15581495650148	4.53596137346798	4.74662168084724	4.09072086672983	4.39259009165379	4.29551560140913	4.3097749047766	4.14562769467945	4.50662260726751	4.34741357817441	4.68258056718129
5.31566004284899	4.62272797196491	4.75574356570566	4.56492643344136	4.63332247377258	4.86923235492205	4.97899166645957	4.90150279369044	4.84249359372125	4.78055603783692	4.84690345621258	4.84873200104554
9.17773569144811	9.18413118148269	9.13650834312365	9.26604480409839	9.11049038918414	9.13320947760094	9.10851208428308	9.09969303770003	9.10653377938201	9.0016690312423	8.94941416776667	9.12120493235166
4.49101529050385	4.5333094011054	4.42173968635682	4.7368365131928	4.71224793374712	4.39259009165379	4.72602614246586	4.76714075051097	4.77474679121943	4.90062202354792	4.79055740684634	4.89108558757487
4.26900272412932	4.46477549439643	4.64314721421063	4.94195780015811	4.97158692767828	4.5333094011054	5.045018507954	5.10720723997261	5.30013358434858	5.67210445551062	5.47398436314564	5.41406800558566
8.57533682643664	8.60161451605967	8.56590515105104	8.62110406419815	8.54563415797478	8.55896389219854	8.47237501200396	8.52985616760878	8.4807909316726	8.41069451145759	8.61616516221221	8.38802411993731
4.52231890762232	4.28263789955438	4.70158296899459	4.59792664502939	4.68497917615314	4.71323744210448	4.42525570026131	4.15581495650148	4.63707390791397	4.44607376778719	4.30479949574356	4.38525951530803
4.62094300315157	4.75453743307872	4.72602614246586	5.15174551806892	4.60956469560787	4.96101214203954	4.93966500733501	4.86980079374338	4.82052877173937	4.86631425357296	5.25308289319001	5.045018507954
10.6258932219968	10.6258932219968	10.4997496634231	10.6258932219968	10.6258932219968	10.6258932219968	10.7295446626795	10.6258932219968	10.7295446626795	10.3332582191274	10.7295446626795	10.7295446626795
10.0903936570265	10.2058981125667	10.1325564418143	10.0620817390527	10.1516006808307	10.2058981125667	10.2058981125667	10.1325564418143	10.2058981125667	9.97364469634626	10.3865359935092	10.2345117975624
4.23670120048535	4.67891788492547	4.62632769411649	4.21220806736208	4.59956477173023	4.39259009165379	4.44943642801079	4.43807545639237	4.41764752121995	4.49240115865999	4.57300442401746	4.32687892804186
4.64733133515878	4.5333094011054	4.24659435931029	4.42525570026131	4.84839711275115	4.84873200104554	4.13860985703272	4.5333094011054	4.53197364738941	4.06003207575937	3.89472370011166	4.46045876402675
4.23670120048535	4.50579631819542	4.24659435931029	4.37022544356974	4.09072086672983	4.45851617798265	4.0942534734397	4.09635680345848	3.91830363812816	4.27739493423912	4.38263001619591	4.2821511576774
9.11849307790604	9.09590481576771	9.21524456161984	9.16998230817488	9.22740260340939	9.16324560158822	9.32178925346265	9.27032242344786	9.27032242344786	9.49409141168075	9.49717342031926	9.32012023170203
2.50269429320776	2.4408279614443	2.7183060159832	2.4408279614443	2.61276619016526	2.7183060159832	2.50269429320776	2.92038906264552	2.06358650546491	2.50269429320776	3.3524412434153	3.0661384682758
5.24592262367586	5.28827389558288	5.44507875572356	5.28960669815541	5.44029850531841	4.8971569309558	5.0129562408789	5.07803095437896	5.20581424880215	5.12986142043059	5.34477672371353	5.05703022225391
7.6838680364495	7.70729245512031	7.74888303366085	7.67266408561007	7.70373909146449	7.53701378750743	7.51600673010106	7.37575778007126	7.35431915114238	7.56048795095997	7.47803194507006	7.18847345354011
4.8826528139856	4.72553542714185	4.75574356570566	4.82211533148892	5.0921110197984	4.93184810358554	4.64314721421063	4.69407291855177	4.95147368849867	4.9845097618352	4.38351078633843	4.94463232340372
5.11092502742127	5.01403110564759	4.79538737475948	5.07160726486894	4.81062100407004	5.34477672371353	5.38768808257474	5.31760259736413	5.30920618121462	5.85157504753346	5.35586636676879	5.46134204767411
9.53655540940067	9.47932237531483	9.49717342031926	9.33555069621068	9.43836719272947	9.4172480699475	9.32782509959184	9.40912388432799	9.33137451846802	9.32345827522328	9.21524456161984	9.36677952164788
5.35586636676879	5.54069039223319	5.34632104526247	5.37416570201249	5.29862654186404	5.36348769155967	5.37926716428963	5.41920517017265	5.53066964190061	5.1935496390128	5.39126212208841	5.2356484908935
7.8905260425478	7.86438935031842	7.8538539905876	7.81502788337478	7.72308304249721	7.83756197966396	7.73063830658889	7.70729245512031	7.75627036806511	8.31055411814762	7.69350858759633	7.6838680364495
9.79311312068433	9.79311312068433	9.70725940928035	9.82802205994179	9.85059802811072	9.81056349891518	9.86985898442712	9.85625175412876	9.85625175412876	9.63525031199253	9.82037131082013	9.84415113225678
9.20740121942412	9.11775500004244	9.11049038918414	8.9407217395378	9.12120493235166	9.13650834312365	9.07874286081437	9.041800542943	9.06904629041699	8.95360199433852	8.91280464758738	9.10851208428308
4.81802094628074	4.83381975097273	4.99773976689896	4.79618822939752	4.68497917615314	5.08561571721766	4.86631425357296	4.81330753359208	4.72180731501082	4.76549373789885	5.26294938038747	4.81330753359208
4.7448201669865	4.79822222371628	4.81062100407004	4.89463466640489	4.91738749251331	4.74662168084724	4.7787332626124	4.78055603783692	4.81170176806481	4.79909633487182	4.60407193562499	4.69528563948788
4.34741357817441	4.75453743307872	3.90228176998889	4.6820938253043	4.29953356029562	4.01561598913446	5.01964316353416	4.91738749251331	4.99167824809867	5.07160726486894	5.41813535859843	5.22673820599261
9.66421099667195	9.63525031199253	9.65473776110675	9.61211219771476	9.61839438079354	9.61839438079354	9.61567966014985	9.63525031199253	9.52747205409701	9.45561191452754	9.65473776110675	9.61567966014985
4.10267228469867	4.58349443218033	4.60882257319876	4.3511371276657	4.41764752121995	4.43101588501357	4.34018666067352	4.48656683656727	4.75049454471731	4.81062100407004	4.43807545639237	4.57962406057204
4.67543464681004	4.42173968635682	4.94266779612888	4.43848860092841	4.24244061869084	4.62676487635889	4.56168388968688	4.3511371276657	4.64419753774452	4.72504471181783	4.62043140607747	4.7448201669865
4.86879517267965	4.81330753359208	4.54979994529805	4.66100834065953	4.72701565082322	4.82286785409756	4.7939005909959	4.48656683656727	4.63162287204332	4.53921278282771	4.48847893905395	4.83229911071431
9.40912388432799	9.37511424874191	9.3389050848778	9.24582048866074	9.29475266116818	9.30583279927054	9.21055974727077	9.22932132009015	9.18902792962874	8.93715799695168	9.26871278813218	9.30583279927054
4.05652495897878	4.28263789955438	4.05827851736908	4.32983519851354	4.11842395689649	3.93980975525241	4.15919542339614	4.02789472514722	4.30813802846044	3.89938759963522	4.16028948937895	3.96853702113602
5.50450160045454	5.51663796729054	5.65558899692416	5.76706390154231	5.88422874727826	5.74338745660073	5.78753920409883	5.64973361155886	5.81735370405452	5.48989318434389	5.41813535859843	5.49295983001882
5.18546394337257	5.44029850531841	5.21901720872528	5.18760078523908	5.31566004284899	5.27541922034913	4.96993395024523	5.17068764217401	5.20047077814571	4.82617395860459	4.71224793374712	4.92685945277298
9.78631386975044	9.81056349891518	9.78893890376776	9.74118731746203	9.79311312068433	9.72408310333576	9.72727664703618	9.77686430709304	9.69146250997876	9.69146250997876	9.57036214767655	9.73584113488575
5.17257183804815	5.26294938038747	4.98057809664345	5.0374635251747	5.13574681596028	5.33069502442548	5.07803095437896	5.10720723997261	5.13793454518731	5.24303387471126	5.20941617902576	5.07515826567336
9.50035349488669	9.38503197771361	9.60534814293609	9.45003956492788	9.49409141168075	9.56357110157832	9.65077683125329	9.66286441939693	9.63525031199253	10.0102578333325	9.65077683125329	9.56569690435806
5.86855097731439	6.14225310928919	5.94865146334998	5.76706390154231	5.81735370405452	5.63175390146304	5.79968973804317	5.61074320914572	5.77367439582288	5.74338745660073	5.82496719999617	5.62513015191197
4.67543464681004	4.58349443218033	4.21772989417285	4.27739493423912	4.56265959741988	4.72504471181783	4.59702004497266	4.69407291855177	4.36586781437394	4.30309783934283	4.19748611447773	4.38525951530803
4.9959639383341	4.85823496451101	4.91548104717872	5.0374635251747	4.74291107861393	4.7821036567658	5.20316997083899	5.08738423133235	5.27272016825219	5.08561571721766	5.24187077069945	5.13574681596028
3.62628238036386	4.05652495897878	3.87082138435654	3.77388917071395	3.61668951023374	3.61668951023374	3.63392680356471	3.63392680356471	3.91830363812816	4.09635680345848	4.3097749047766	3.75692652550796
4.17211056915562	4.00427104143345	4.09954957383632	3.74389445785243	4.29953356029562	4.03701527379993	3.83520767140036	4.18142549514318	4.23041562371719	4.15352855558963	4.22359270884487	4.34018666067352
7.57015887681442	7.58326700268416	7.70729245512031	7.47394912610699	7.58876366040773	7.58326700268416	7.49364844196703	7.34535692188844	7.43001923854916	7.83178603559975	7.46986630714392	7.41794164738832
9.38503197771361	9.44550591482808	9.39277323207077	9.47195860835263	9.42032879066103	9.35942844634838	9.55858427134489	9.44320738949176	9.53205096506439	9.53515457176805	9.60084362721801	9.43499049166352
4.8826528139856	4.69949971908582	4.56168388968688	4.46240135007084	4.68497917615314	4.37022544356974	4.92923972848943	4.7894275856933	4.75816249927046	4.94195780015811	5.13219104851398	4.36908475861427
4.52231890762232	3.76481194456053	3.78676614503945	4.25746800720272	4.32687892804186	4.48791450022737	4.17685852924659	4.3097749047766	4.18142549514318	3.77388917071395	3.52312357670012	4.06422861520603
4.29046906338917	4.29953356029562	4.24659435931029	4.24390728116705	4.32687892804186	4.23564919127501	4.15094452767656	4.09635680345848	4.06003207575937	4.24390728116705	4.34741357817441	4.34018666067352
4.18038458312791	4.56621756172983	4.05827851736908	4.06074347214932	4.40153780455419	4.28394504890599	4.3921560659894	4.3511371276657	4.22064906306725	4.13049006714589	4.0354434195868	4.36908475861427
5.81934570417697	6.29442912312322	6.03296486298238	6.27347426422648	6.34469079826077	6.43551278768041	6.79140053597086	6.79815641489713	6.80491229382341	7.6838680364495	7.10372599871707	7.10372599871707
5.89349014147779	5.94150491710324	5.98219472823656	5.71981217897625	5.98219472823656	5.85157504753346	5.66982566312559	5.72278701332368	5.75788026832209	5.58430246798568	6.0011546139278	5.61488886351799
4.50774098358104	4.07825432572257	4.43807545639237	4.3511371276657	4.37245546389711	4.41582845300695	4.03701527379993	4.22359270884487	4.29322790385689	4.48105813980565	4.33481316593814	4.32687892804186
8.89265915014357	8.85853343956528	8.84442709154607	8.74173670014228	8.87098412031527	8.8674487591126	8.98404000012618	8.94385015680356	8.89801368763932	8.36786793528249	9.03177922984688	8.93715799695168
3.94303879120107	4.14084835306193	4.29322790385689	4.30650115214428	4.053225980485	3.97923899016046	4.46240135007084	4.13585776011956	4.10267228469867	4.33232727908499	4.76631724420491	4.46045876402675
4.63066648302006	4.64524786127842	4.94266779612888	4.8826528139856	4.66706580081231	4.82286785409756	4.7787332626124	4.85652042855301	4.91836510913578	4.8369543813792	4.93659295022701	4.7127426879258
4.50774098358104	4.92685945277298	4.61725369978142	4.61725369978142	4.58652623124889	4.75574356570566	4.61030681801697	4.83445754868468	4.64419753774452	5.21076571734266	4.59702004497266	4.75508143944645
4.78055603783692	5.13574681596028	4.9559397416486	4.93054391603748	4.98175605025331	5.26052446293077	4.83229911071431	4.76714075051097	4.80535547055313	4.74291107861393	4.6677878725729	4.82447949441731
8.84553734632574	8.96526424078599	8.81139756424405	9.13650834312365	8.80631478826417	8.8466476011054	8.89265915014357	8.849573769159	8.94610179148981	9.17249349016677	9.03971850287319	8.87098412031527
8.13465445815227	8.24938050305365	8.08376205815824	8.27161919502765	8.16067754476015	8.15126752556259	8.14143619431177	8.17371136422055	8.20414719224261	7.62843210356616	8.16067754476015	8.08376205815824
4.67543464681004	4.83381975097273	5.05703022225391	4.91738749251331	4.56265959741988	4.72504471181783	4.80947177193607	4.62183548755824	5.09355524432472	4.75640569196488	5.47398436314564	4.7787332626124
7.60516594950478	7.51600673010106	7.54142857173232	7.56048795095997	7.45211179710823	7.47803194507006	7.42398044296874	7.40575432144492	7.56048795095997	7.32686473884248	7.26344602617053	7.37575778007126
3.84253150933284	3.87082138435654	4.11186238578295	4.17211056915562	4.29953356029562	3.99638902904142	3.7174870047464	3.90940268991928	4.03701527379993	4.35688445760256	4.28394504890599	4.36908475861427
4.80871363380527	4.88353656244256	4.39102542569823	4.59792664502939	4.44505968126663	4.68023769719698	4.72180731501082	4.70019496775915	4.67543464681004	4.60956469560787	4.62971009399681	4.7127426879258
9.10210596227941	9.13954871259244	9.07214746795433	9.2041483146685	9.2041483146685	9.18902792962874	9.22223138619279	9.1810846360021	9.25821394422403	8.95871441113244	9.24956962170272	9.15392368712062
4.89258218769893	5.07882455346555	5.02604241138825	5.045018507954	4.86122541440701	5.01254591646406	4.74015980260682	4.84690345621258	4.86879517267965	4.99650155148885	4.94719740585071	4.92685945277298
9.23124202273187	9.30249716870875	9.24582048866074	9.36677952164788	9.40764415801735	9.26604480409839	9.5198241769045	9.45339753573775	9.46776826241126	9.58077804607828	9.29475266116818	9.53515457176805
7.91984030061159	7.97511195067198	7.93386747449166	7.86438935031842	7.8538539905876	7.89648362449761	7.64757941246918	7.54584335595722	7.59971313381805	7.79159091799688	7.63841386671785	7.45211179710823
9.36211832962297	9.35942844634838	9.35598618590326	9.4584158719001	9.35105419736259	9.37511424874191	9.35942844634838	9.38128839510408	9.38745285720195	9.18902792962874	9.42325080334938	9.29218233829639
4.14562769467945	4.18090503913554	4.33232727908499	4.04744805670837	4.21482841480572	3.91830363812816	4.26792446948703	4.37857541143517	4.02789472514722	4.29506192156985	4.39486825012215	4.48695844898403
8.20414719224261	8.21346481799658	8.11753275973872	8.13465445815227	8.21120250634599	8.17888866429846	8.00614405950756	8.07525563634306	8.01580597881653	7.99277409357739	7.97511195067198	8.05544134862061
8.849573769159	8.88192553453481	8.86076273940959	8.87457881543279	8.88985351320098	8.7770722244887	8.70506053250685	8.77061623205728	8.80856786205137	8.96526424078599	8.63032940854086	8.82331937428021
9.69494472129465	9.74569852203803	9.6932036156367	9.608578188212	9.79736219590719	9.74569852203803	9.75178551843126	9.81531975772951	9.73918665112294	9.65077683125329	9.58507744769292	9.82802205994179
5.01213559204921	4.8461409717835	4.76714075051097	4.80981429305295	4.89642316800601	4.88353656244256	5.22673820599261	5.14669868679532	5.16177374692694	4.81848157913528	5.04614308445969	5.1098148706444
9.72066521877333	9.80110269037696	9.56569690435806	9.79311312068433	9.75380669386752	9.78893890376776	9.85059802811072	9.79311312068433	9.82802205994179	9.4584158719001	9.79736219590719	9.74966507667155
4.10267228469867	4.75453743307872	4.40460837229789	4.61725369978142	4.48392610483076	4.56168388968688	4.37383583696566	4.54979994529805	4.5922470547274	4.51235481391731	4.84690345621258	4.65054905208607
5.04311637111416	4.8461409717835	5.21076571734266	5.37416570201249	5.03895389507018	5.03475966764468	4.89158444764429	5.06078022605459	4.86879517267965	5.07803095437896	5.21745398601863	5.03854635253716
5.28190142330586	5.44029850531841	5.28960669815541	5.24303387471126	5.35586636676879	5.08561571721766	5.29711949937951	5.34243815731975	5.26294938038747	5.1762986108133	5.32272962180993	5.32735554561543
5.16177374692694	4.95540421921864	5.23015250695606	4.986675144106	5.26294938038747	5.24447824919356	5.09499946885104	5.11827595414109	5.03205581011465	5.04614308445969	4.73587028762962	4.90987402584819
8.97629642389207	8.8481106851322	8.98694131725779	8.87004801688325	8.83863335583498	8.88985351320098	8.74437457727493	8.83863335583498	8.81044028759663	8.67267094737831	8.78783219209766	8.70954850850076
9.22057788321189	9.2041483146685	9.17123789917083	9.12881415865153	9.18621603023369	9.19471895375549	9.18762197993121	9.13104582217867	9.17459519862392	9.34205764436787	9.2041483146685	9.02329202761167
5.22743621813135	4.9654864737086	5.20047077814571	5.20941617902576	4.94607070285087	5.04558079620684	5.0129562408789	4.94293087004272	5.07803095437896	5.11092502742127	5.02133955639184	4.93510368997134
4.71630812362742	4.64524786127842	5.06928138167368	4.83724269029336	4.94607070285087	4.34479278632865	4.76714075051097	4.68258056718129	4.62094300315157	4.33232727908499	4.73587028762962	4.7127426879258
4.7448201669865	4.5333094011054	4.39102542569823	4.47842070559189	4.62094300315157	4.20733771320547	4.46240135007084	4.06422861520603	4.18142549514318	4.50255733638279	4.25746800720272	4.21772989417285
4.23670120048535	4.44048500198028	4.29322790385689	4.8826528139856	4.46240135007084	4.84873200104554	4.82447949441731	4.24659435931029	4.86879517267965	5.04614308445969	5.00552546114117	4.87237219460962
4.71630812362742	4.25746800720272	4.81062100407004	4.30650115214428	4.46240135007084	4.13860985703272	4.26792446948703	4.5333094011054	4.40560609243673	4.57193575398766	4.5333094011054	4.7127426879258
4.96041214378773	4.91214349173747	4.93054391603748	4.70019496775915	4.81062100407004	4.68023769719698	4.47381955508246	4.64314721421063	4.90062202354792	4.63066648302006	4.83914981016583	4.90062202354792
8.52985616760878	8.50707920123237	8.37173831596973	8.62816628899921	8.52538232927487	8.60161451605967	8.72523035839006	8.61616516221221	8.68815074380747	8.65527329088706	8.84247901374304	8.85964808948743
4.37965179889281	4.42173968635682	4.48392610483076	4.85445678121039	4.37245546389711	4.41582845300695	4.48695844898403	4.62183548755824	4.4269390442551	4.60956469560787	4.62043140607747	4.66539247480969
10.3332582191274	10.3865359935092	10.3332582191274	10.3332582191274	10.3332582191274	10.2633186073575	10.2345117975624	10.2345117975624	10.2633186073575	10.2345117975624	10.2633186073575	10.2058981125667
4.41764752121995	4.38307040126717	4.33232727908499	4.59792664502939	4.14562769467945	4.43101588501357	4.3921560659894	4.15581495650148	4.46045876402675	4.45752491381412	4.41400938479394	4.57962406057204
9.69146250997876	9.67081755623551	9.66697590245881	9.67932591269626	9.6756266816054	9.64559636740467	9.56569690435806	9.61839438079354	9.61211219771476	9.6756266816054	9.42508559904494	9.71217390411572
4.71630812362742	4.79822222371628	4.70158296899459	4.54326159352162	4.7821036567658	4.75574356570566	4.66539247480969	4.74938543513617	4.83200516248373	4.55090801384918	4.4744003547057	4.43848860092841
4.26900272412932	4.5333094011054	4.59883324508613	4.46240135007084	4.52272099804039	4.45851617798265	4.17685852924659	4.48656683656727	4.41764752121995	4.57193575398766	4.22359270884487	4.2821511576774
4.60257829738504	4.85823496451101	5.05703022225391	4.89463466640489	4.71224793374712	4.76714075051097	4.85445678121039	4.70019496775915	4.60882257319876	4.71323744210448	4.69147915235428	4.67393361705908
9.74966507667155	9.70271995569134	9.6255348131182	9.65847043145444	9.6870158559084	9.69146250997876	9.70725940928035	9.6870158559084	9.70271995569134	9.38745285720195	9.64559636740467	9.65847043145444
5.73767603009067	5.66982566312559	5.27613635159775	5.39421354360647	5.63919189206961	5.71683734462883	5.35081521319113	5.35796767396675	5.37926716428963	5.29340300123309	5.28558061779271	5.16068194241537
9.10653377938201	9.18902792962874	9.30583279927054	9.08745607961706	9.13104582217867	9.18413118148269	8.99496988309971	8.98925052750068	9.03574453044488	9.37511424874191	8.99941952492725	9.04626721248966
5.44263348372495	5.29862654186404	4.76714075051097	5.09499946885104	5.11304258191695	5.21076571734266	5.24592262367586	5.24303387471126	5.17068764217401	5.37926716428963	5.34786536681142	5.09786056040386
9.02115798711071	9.02329202761167	9.14865996957573	9.02329202761167	9.25627569702255	9.3389050848778	9.52450022463251	9.46434402642926	9.53515457176805	9.55553237359696	9.44320738949176	9.72408310333576
9.60084362721801	9.65077683125329	9.50953501912967	9.61703702047169	9.6485739810306	9.608578188212	9.76010265924657	9.60534814293609	9.70725940928035	9.23328987864952	9.76879558493496	9.67081755623551
5.13219104851398	5.04123890435868	5.0129562408789	4.986675144106	4.86122541440701	4.81108519397025	4.74015980260682	4.81330753359208	4.62094300315157	4.69654202027099	4.87886748050561	4.95951510293165
4.31757103107237	4.56621756172983	4.43807545639237	4.14187162132868	4.56265959741988	4.58067849076586	4.22746079315343	4.24659435931029	4.38307040126717	4.43848860092841	4.40068141579241	4.35393009871443
3.84253150933284	4.21220806736208	4.24659435931029	4.53063789367342	4.11842395689649	3.80059932549418	4.43890174546446	4.66292850008318	4.69528563948788	4.88176906552864	4.94719740585071	4.62893193861519
4.47041769500874	4.55090801384918	4.43807545639237	4.45190190513931	4.41764752121995	3.91830363812816	3.91596653881208	4.18142549514318	4.51159388865094	4.16511674951035	4.50064036738454	4.43848860092841
9.27700368373774	9.29903265462322	9.18517360585819	9.35105419736259	9.23124202273187	9.32782509959184	9.28368533843645	9.32782509959184	9.30583279927054	8.9830211796615	9.24582048866074	9.26737879611529
9.0338426772937	8.95360199433852	8.9700940025516	8.75565024308142	8.96526424078599	8.90242998034152	8.8466476011054	8.89265915014357	8.85853343956528	8.82489659732409	8.80147179936915	8.85636620026888
8.57056127362323	8.65027409265022	8.61616516221221	8.59206028756965	8.62816628899921	8.66932335187706	8.73736121729773	8.72202805611251	8.77790774862083	8.3058905066889	8.68815074380747	8.88192553453481
9.28832936184972	9.22223138619279	9.24956962170272	9.22932132009015	9.13650834312365	9.19193835973891	9.10210596227941	9.14396039889344	9.13320947760094	8.85853343956528	9.23633913700155	9.12690023922578
8.11753275973872	8.09490629602565	8.21572712964718	8.24938050305365	8.26749049842802	8.2887651357759	8.52985616760878	8.55492867426083	8.57533682643664	8.32596091508813	8.60981273635577	8.56823321233714
8.94299082100293	8.93301424429572	8.96776854401843	8.88487855043764	8.80631478826417	8.83108322841546	8.76279226729599	8.82489659732409	8.65527329088706	8.78674799791263	8.82705934869045	8.809504074824
8.98505882059087	8.98761929867776	8.92782086468852	8.92672132233468	9.00424275299346	9.0188574892156	9.12498631980003	9.03971850287319	9.09969303770003	8.89265915014357	9.18621603023369	9.08270978255893
4.34741357817441	4.11377117817392	3.97923899016046	4.17211056915562	4.5778431956198	4.37022544356974	4.03701527379993	4.22359270884487	4.26846359680817	3.99912659844603	3.7021529325462	4.10267228469867
9.73584113488575	9.73584113488575	9.63525031199253	9.73918665112294	9.71606341782312	9.73229162620687	9.67081755623551	9.71217390411572	9.73229162620687	9.45003956492788	9.66151784212191	9.6255348131182
5.19584933651474	5.11198380466911	4.81062100407004	4.95147368849867	5.10214100688323	5.28692725668779	4.92923972848943	4.99375199598962	5.20581424880215	4.63066648302006	4.73587028762962	4.95951510293165
9.82802205994179	9.88244665696715	9.86230067757596	9.86230067757596	9.94511516545099	9.87761994043561	9.88244665696715	9.86985898442712	9.86230067757596	9.77347597234126	9.98294534163715	9.91081853803945
4.80871363380527	4.83381975097273	4.7127426879258	4.61725369978142	4.66706580081231	4.74662168084724	4.9559397416486	4.93396263865542	4.57392286445025	4.5922470547274	4.71224793374712	4.83914981016583
4.47041769500874	4.62272797196491	4.45851617798265	4.64624558141725	4.68497917615314	4.39259009165379	4.46240135007084	4.47323875545921	4.24659435931029	4.57193575398766	4.41400938479394	4.66539247480969
4.23670120048535	4.46477549439643	4.36146232465376	4.72180731501082	4.46240135007084	4.43101588501357	4.49736361949461	4.3511371276657	4.21220806736208	4.80535547055313	4.5248037269396	4.60644725441188
4.47041769500874	4.50579631819542	4.74015980260682	4.45190190513931	4.48392610483076	4.13860985703272	4.52272099804039	4.62183548755824	4.34240087718809	4.39486825012215	4.53921278282771	4.67393361705908
4.56094856882129	4.56621756172983	4.49385969865058	4.61725369978142	4.62094300315157	4.43101588501357	4.31757103107237	4.64314721421063	4.46045876402675	4.86631425357296	4.63601879207383	4.60644725441188
5.48264782414509	5.26294938038747	5.41706554702421	5.47664038128496	5.4879462166049	5.18546394337257	4.86631425357296	5.04406743953408	4.96405641612959	5.1935496390128	4.76631724420491	5.24447824919356
4.25419515674383	4.58349443218033	4.15581495650148	4.53063789367342	4.58652623124889	4.56899242884062	4.69286019761565	4.36690594401637	4.46045876402675	4.22359270884487	4.20631385160356	4.12826927766798
9.17459519862392	9.12881415865153	9.20740121942412	9.17249349016677	9.09045138433782	9.14684785576318	9.11401730055341	9.09288041202016	9.08855966377376	9.24183060730516	9.09969303770003	9.18762197993121
9.57258581066011	9.608578188212	9.43053528528624	9.5198241769045	9.5198241769045	9.50794821562688	9.4584158719001	9.43836719272947	9.45561191452754	9.12120493235166	9.4172480699475	9.35598618590326
4.57193575398766	4.50579631819542	4.51159388865094	4.63247267290795	4.71224793374712	4.51582922365535	4.3921560659894	4.59702004497266	4.60882257319876	4.20631385160356	4.25746800720272	4.31757103107237
8.91371012850743	8.64508033092605	8.87457881543279	8.58469101064087	8.68043400842457	8.71947251345654	8.64846288559738	8.6573288774287	8.68043400842457	8.90173388107277	8.66403892350727	8.81235484089147
7.34535692188844	7.29744016495002	7.19600512780183	7.43001923854916	7.28405695782127	7.26344602617053	7.0276153161372	7.18847345354011	7.16124377209336	6.96432552029426	7.0276153161372	6.91468100373474
8.35974662526029	8.41069451145759	8.38802411993731	8.52985616760878	8.29924578197413	8.39238956863769	8.35974662526029	8.35974662526029	8.36399755459524	8.36786793528249	8.4603979372181	8.14143619431177
8.27974581551073	8.18778030863204	8.3482176462492	8.12366900868743	8.15126752556259	8.11049552841634	7.97511195067198	8.12916173341985	7.95051462751591	7.76630644194954	7.96152430614574	7.97511195067198
4.37965179889281	4.58349443218033	4.56168388968688	4.89463466640489	4.44505968126663	4.71323744210448	4.62342091098258	4.36690594401637	4.65368894377508	4.52688645583882	4.64419753774452	4.43848860092841
4.43890174546446	4.05652495897878	4.53063789367342	4.37022544356974	4.21482841480572	3.86769353785357	4.13860985703272	4.06422861520603	3.75483991863839	4.21220806736208	4.33481316593814	4.40153780455419
5.66563502270753	5.59694323249647	5.32879699949028	5.27613635159775	5.27541922034913	5.37416570201249	5.28072838651068	5.27073824740387	5.25073855453706	5.15197108041001	5.08561571721766	5.18332710150607
9.76533042803396	9.74118731746203	9.75380669386752	9.76533042803396	9.70725940928035	9.76533042803396	9.72408310333576	9.72066521877333	9.74118731746203	9.76010265924657	9.63298120366465	9.72066521877333
7.23281670977263	7.34535692188844	7.29074856138564	7.60516594950478	7.64757941246918	7.63841386671785	8.05544134862061	8.03438323475519	8.00614405950756	8.50707920123237	7.81502788337478	8.03826822730032
4.17211056915562	3.94717025737214	4.62632769411649	4.61725369978142	4.09072086672983	4.20733771320547	4.3097749047766	4.27739493423912	4.15919542339614	4.41764752121995	4.44505968126663	4.17819862133014
7.30576550707601	7.35431915114238	7.43001923854916	7.72308304249721	7.45885817890575	7.56048795095997	8.06800665583938	8.04529799455403	8.05544134862061	8.55492867426083	8.4807909316726	8.22645429216904
6.55735478342203	6.6391503938832	6.58264605288778	6.73225262114138	6.32138746582588	6.40183307469255	6.13716474859206	6.19792622628429	6.12836666147817	6.1246569350614	6.05402296286638	6.15535403240355
4.69528563948788	4.67891788492547	4.81062100407004	5.58430246798568	4.8369543813792	4.92294678427455	5.95214378926964	5.85157504753346	5.90842826049634	6.15535403240355	6.13207638789493	5.66563502270753
5.07723735529236	5.06452652265607	4.89890223164849	5.20047077814571	5.02133955639184	5.01254591646406	4.90062202354792	4.96323907632852	4.88353656244256	4.95091781264945	4.753993426711	5.00693567371276
9.35105419736259	9.42032879066103	9.32782509959184	9.56569690435806	9.44697456571947	9.45450472513265	9.53655540940067	9.56357110157832	9.65473776110675	9.32782509959184	9.67932591269626	9.5198241769045
4.31757103107237	4.18090503913554	3.87082138435654	4.17211056915562	4.52272099804039	4.48791450022737	4.37383583696566	4.43807545639237	4.4722667315574	3.97130092646395	4.11503391285946	4.24659435931029
4.25419515674383	4.13049006714589	4.00762105415227	3.86925746110506	4.21482841480572	4.13860985703272	4.41400938479394	3.84253150933284	4.06003207575937	3.97130092646395	4.08163485158676	3.93432030512774
4.34741357817441	4.39858028096962	4.43807545639237	5.20047077814571	4.65199597303809	4.7386706121431	5.43796352691187	5.24303387471126	5.47040303110154	5.20316997083899	5.18208864513974	4.90062202354792
6.45025092031602	6.67068051998406	6.45025092031602	6.45025092031602	6.15535403240355	6.2834545544385	6.0960110233979	5.92750292415304	6.11002121391865	6.08186353267267	6.14225310928919	5.95214378926964
8.4603979372181	8.48976567890146	8.40505987496863	8.39675501733807	8.34174996852576	8.29924578197413	8.27161919502765	8.21572712964718	8.21572712964718	8.13465445815227	8.18954270353023	8.03049824221006
5.04311637111416	4.98697645949063	4.87098259941899	5.42768350327717	5.28374102054928	5.29340300123309	5.4064668499943	5.29711949937951	5.56334577774816	5.23015250695606	5.32272962180993	5.08738423133235
4.10267228469867	4.03368911723708	4.45851617798265	3.74389445785243	4.37245546389711	4.3097749047766	4.22746079315343	4.11377117817392	4.53197364738941	4.14187162132868	4.14836049976349	4.09072086672983
8.03826822730032	8.14143619431177	7.90244120644741	8.02297676610543	7.86729462568314	7.87019990104786	7.91984030061159	7.82632024684494	7.82632024684494	7.83756197966396	8.44330120487839	8.09132163171658
4.78055603783692	4.98057809664345	4.99773976689896	4.58145693965769	4.89642316800601	4.99207766679988	4.92923972848943	4.64314721421063	4.75049454471731	4.66706580081231	4.46520031802585	4.72362568397936
10.0620817390527	10.0403324123817	10.0190815423764	10.0005416822624	10.0620817390527	10.0903936570265	10.0502376860743	10.0620817390527	10.0502376860743	10.0005416822624	9.89189346567761	10.0796254741971
9.19048314468383	9.24582048866074	9.07485458327196	9.22385763646071	9.24372890338571	9.27032242344786	9.27627385649423	9.24372890338571	9.24183060730516	8.82174215123633	9.22932132009015	9.21524456161984
4.7448201669865	4.42173968635682	4.78116333082732	4.46240135007084	4.29953356029562	4.64524786127842	4.59702004497266	4.60956469560787	4.57392286445025	4.68258056718129	4.64875961001718	4.41313502030914
6.58764705134143	6.51563295413243	6.73225262114138	6.627184681095	6.51563295413243	6.67621080370829	6.67068051998406	6.54133354550255	6.72543703620159	6.50843231193783	6.82005618632655	6.80491229382341
4.64733133515878	4.00427104143345	4.45851617798265	4.28954424063441	4.26900272412932	4.26229216442736	4.37383583696566	4.54979994529805	4.32421631655432	4.28394504890599	4.59702004497266	4.17819862133014
4.58475347581114	4.59883324508613	3.92262753326691	4.39259009165379	4.46240135007084	4.07616911976606	4.48695844898403	4.3511371276657	4.46045876402675	4.51235481391731	4.27739493423912	4.41313502030914
8.60354731794703	8.60981273635577	8.64665167854455	8.6573288774287	8.60161451605967	8.53898865581826	8.58469101064087	8.57056127362323	8.55896389219854	8.96776854401843	8.51701979028521	8.55492867426083
9.47520642021783	9.43053528528624	9.5198241769045	9.5297615095807	9.53655540940067	9.58077804607828	9.6255348131182	9.60084362721801	9.68259160688987	9.51619567850281	9.57631623623878	9.57854714115853
4.37965179889281	4.35801698786856	4.43807545639237	4.32983519851354	4.09072086672983	4.59702004497266	4.35269701522042	4.24659435931029	4.10267228469867	4.24985528250811	4.41400938479394	4.20350510328641
8.73736121729773	8.70166939584651	8.76640145058399	8.63249252808252	8.82870999097812	8.78016043209258	8.88192553453481	8.91280464758738	8.87457881543279	8.48976567890146	8.7815775914322	8.81837849498922
8.99267000267204	9.08635249546036	9.02329202761167	8.9407217395378	9.07214746795433	9.04434038790145	8.94941416776667	9.0338426772937	8.92111856953527	9.0338426772937	8.85853343956528	8.97478147285825
8.91916995293928	8.88892745288462	9.041800542943	8.94749409037543	8.99267000267204	8.96776854401843	8.95360199433852	8.97478147285825	8.96153213806793	9.29475266116818	9.05225862438421	8.93975020504982
7.63841386671785	7.60516594950478	7.67266408561007	7.80635755239514	7.81502788337478	7.87904708663424	8.4603979372181	8.39675501733807	8.51701979028521	8.64846288559738	8.57056127362323	8.82331937428021
8.71947251345654	8.79716138651373	8.70954850850076	9.03177922984688	8.77874327275296	8.68538111324526	8.78674799791263	8.73480968928618	8.77790774862083	8.90312607961028	8.65527329088706	8.62556063111103
8.39675501733807	8.4603979372181	8.36399755459524	8.56590515105104	8.35974662526029	8.25487235851508	8.2887651357759	8.23664070262704	8.3058905066889	8.56590515105104	8.36399755459524	8.23664070262704
5.49295983001882	5.68839526008467	5.59694323249647	6.07082924452113	6.1794992869362	6.08562351214619	6.2834545544385	6.2834545544385	6.32138746582588	6.6131212190875	6.15535403240355	6.49040897398583
6.53650288645328	6.54934416446229	6.32138746582588	6.1606075152202	6.07446639886014	6.19792622628429	5.90842826049634	5.89349014147779	5.95214378926964	5.44029850531841	5.70969815671391	5.87652463806707
8.7025564663771	8.70506053250685	8.66403892350727	8.54563415797478	8.70730452050381	8.68972511232644	8.75369934979921	8.71947251345654	8.66932335187706	8.18601791373385	8.55492867426083	8.68043400842457
4.86879517267965	4.79822222371628	4.81062100407004	4.90930102443009	4.59956477173023	4.50344481145781	4.61030681801697	4.86338592252684	4.62094300315157	4.59702004497266	4.60407193562499	4.50064036738454
4.84873200104554	4.67891788492547	4.67891788492547	4.50064036738454	4.99542632517936	4.90987402584819	4.56899242884062	4.92585978663059	4.40560609243673	4.43848860092841	4.33481316593814	4.5342631737546
3.16800521076011	3.24998166528662	3.0661384682758	3.28214131274645	3.58050338862727	3.37383467844101	3.233317442291	3.3310478083896	3.26664588828223	3.29763673721066	3.233317442291	3.233317442291
10.1064856751361	10.1064856751361	10.2345117975624	10.1516006808307	10.0796254741971	10.1064856751361	10.0403324123817	10.0190815423764	10.1325564418143	10.1064856751361	10.0620817390527	10.0620817390527
5.30540069583167	5.21211525565956	5.28190142330586	5.29340300123309	5.24303387471126	5.20233823820952	5.06274256763033	5.07338276527115	5.03936143760321	5.05703022225391	5.15174551806892	4.93510368997134
4.79458652012143	5.12803441223691	4.99773976689896	4.83724269029336	5.15151995572782	5.18546394337257	5.2281342302701	5.16721292199238	5.15151995572782	5.17068764217401	5.27272016825219	5.30692182967599
5.08561571721766	5.16177374692694	5.26893039363432	5.14024045259878	5.1744560339223	4.90987402584819	4.97899166645957	4.86338592252684	4.95147368849867	5.03895389507018	4.98912764444404	4.98697645949063
4.69528563948788	4.48847893905395	4.56168388968688	4.37022544356974	4.21482841480572	4.74662168084724	4.55090801384918	4.13585776011956	4.71224793374712	4.22359270884487	4.45851617798265	4.43848860092841
5.7047946697634	5.70724641323865	5.61074320914572	5.81934570417697	5.83436905292914	5.82133770429941	5.98219472823656	5.94515913743031	6.06566919340594	5.67210445551062	5.79968973804317	5.93785069677616
5.73767603009067	5.44029850531841	5.88724789726034	5.26173692165912	5.56943573832404	5.69958975716369	5.41920517017265	5.47398436314564	5.38269677130673	5.26294938038747	5.33259304936068	5.32735554561543
8.18601791373385	8.22645429216904	8.18601791373385	8.3482176462492	8.31055411814762	8.26336180182838	8.42277072384182	8.3058905066889	8.40090744615335	8.16067754476015	8.64350898330755	8.42277072384182
4.34741357817441	4.87039169658119	4.36146232465376	3.91596653881208	4.5477708586757	4.51582922365535	4.10995359339198	4.62183548755824	4.66706580081231	3.75483991863839	3.66310282614223	4.2821511576774
4.76484916055616	5.06452652265607	5.0921110197984	5.14024045259878	4.66706580081231	5.27541922034913	4.86631425357296	4.79822222371628	5.15151995572782	5.15839060197009	5.18208864513974	5.02991462253814
3.49583327584817	3.39041016353962	3.95130172354322	3.20277373540791	3.37383467844101	3.3310478083896	3.39041016353962	3.60709664010363	3.53279752925388	3.60709664010363	4.02557249957954	3.45598057511687
5.38098196779818	5.14809762349417	5.34632104526247	5.05703022225391	4.7821036567658	5.39421354360647	5.07803095437896	4.86980079374338	5.26294938038747	5.36631824484711	5.25667923514169	5.11656592570575
4.7448201669865	4.44048500198028	4.83445754868468	4.70019496775915	5.18546394337257	4.71323744210448	4.43890174546446	4.78055603783692	4.89158444764429	4.88694644025146	4.42173968635682	4.62893193861519
3.29763673721066	3.58050338862727	3.43148311187755	3.77388917071395	3.3310478083896	3.69095662761829	3.52312357670012	3.233317442291	3.37383467844101	3.55168429095698	4.04992700199121	3.60709664010363
4.86879517267965	4.72553542714185	5.04123890435868	4.43848860092841	4.82447949441731	4.66432793159363	4.35269701522042	4.59702004497266	4.70297097023004	4.72504471181783	4.66326338837757	4.7368365131928
4.52231890762232	4.28263789955438	4.26792446948703	4.48791450022737	4.24244061869084	4.26229216442736	3.97923899016046	4.38880422998926	4.15919542339614	4.38263001619591	4.21482841480572	4.14084835306193
9.03177922984688	9.04434038790145	8.95360199433852	8.81476580643344	8.98150922230248	8.86911191345123	8.83108322841546	8.93009072726715	8.70078232531592	8.39675501733807	8.7770722244887	8.79716138651373
9.56254736855122	9.48702018170837	9.63071209533675	9.37109465787008	9.48027542056875	9.45003956492788	9.31025994276475	9.4172480699475	9.33555069621068	9.46434402642926	9.28832936184972	9.48294113437973
6.82005618632655	6.84377701499375	6.91468100373474	6.87158060568509	6.87889427484415	7.07954706903887	6.90913543031387	6.99218118865765	7.0276153161372	7.53701378750743	7.45548498800699	7.40575432144492
4.79458652012143	4.76714075051097	4.59883324508613	4.42525570026131	4.66706580081231	4.39259009165379	4.55090801384918	4.50885935989456	4.29322790385689	4.30309783934283	4.72362568397936	4.2821511576774
4.71630812362742	4.91214349173747	5.23015250695606	4.97158692767828	4.77212823813546	5.11656592570575	4.91711973129833	4.7386706121431	5.02264987034255	4.9845097618352	5.03854635253716	4.95951510293165
4.57193575398766	4.64524786127842	4.79538737475948	5.09499946885104	4.75909833059468	4.90987402584819	5.02797851696319	4.96323907632852	5.09355524432472	5.12236531341766	5.32272962180993	4.83914981016583
5.13219104851398	4.42173968635682	5.15174551806892	5.0374635251747	4.94607070285087	5.24447824919356	4.92923972848943	4.79822222371628	4.84249359372125	4.78243668971386	4.83381975097273	5.09786056040386
5.09897824486447	4.74015980260682	4.61725369978142	4.7368365131928	4.84839711275115	4.72504471181783	4.80947177193607	4.48656683656727	4.72180731501082	4.60108465914509	4.63601879207383	4.55901922753241
8.52538232927487	8.30822231241826	8.52538232927487	8.34174996852576	8.43036049225799	8.4807909316726	8.97242196577956	9.03726427125356	8.99267000267204	9.31608147833962	8.97999726494346	9.15654593279904
4.67543464681004	4.7127426879258	4.29322790385689	4.85445678121039	4.46240135007084	4.56899242884062	4.49736361949461	4.27739493423912	4.66706580081231	4.65368894377508	4.56661698043104	4.40153780455419
6.11733907449002	5.76103200530315	5.99293336523109	5.92750292415304	6.05402296286638	6.23680093809671	5.81033488404776	5.82133770429941	5.83148287431104	5.46682169905744	5.34243815731975	5.30200657316796
8.14143619431177	8.02673750415774	8.15597253516137	8.01580597881653	8.05544134862061	8.16067754476015	7.86438935031842	7.97511195067198	7.91984030061159	8.09132163171658	7.96775829410538	7.96152430614574
4.41764752121995	4.29953356029562	4.23564919127501	4.27739493423912	4.58652623124889	4.28394504890599	4.43890174546446	4.40153780455419	4.01329352800277	4.46377542912014	4.34741357817441	4.17819862133014
9.07874286081437	8.98505882059087	9.05491354341858	8.95656691376999	8.9700940025516	8.90685746975292	8.85636620026888	8.91280464758738	8.88192553453481	9.02329202761167	8.84442709154607	8.91189916666733
5.24592262367586	4.88353656244256	4.93054391603748	5.22743621813135	5.20233823820952	5.23015250695606	5.07044432327131	5.19584933651474	5.47040303110154	5.21745398601863	5.11957123683184	5.0129562408789
5.04311637111416	5.22743621813135	5.0129562408789	5.21745398601863	5.05703022225391	5.15174551806892	5.15174551806892	5.29711949937951	5.20581424880215	5.30920618121462	5.28558061779271	5.12236531341766
4.29046906338917	4.00427104143345	4.21772989417285	4.21220806736208	4.37245546389711	4.17819862133014	4.17685852924659	4.37857541143517	3.99912659844603	3.89938759963522	4.34741357817441	4.21772989417285
5.26173692165912	5.58313381548652	5.70969815671391	5.4879462166049	5.33958772453492	5.32272962180993	5.06274256763033	5.05005015791983	5.17068764217401	4.99650155148885	5.15839060197009	5.20233823820952
9.14684785576318	9.14684785576318	9.08270978255893	9.05491354341858	9.06746123618004	9.09045138433782	8.99738446671169	9.03069622242405	9.04830676119552	8.86375572395533	9.01306049235358	9.09045138433782
8.88985351320098	8.91371012850743	8.77874327275296	9.03971850287319	8.83645736466373	8.83863335583498	8.78252733905666	8.7815775914322	8.76279226729599	8.71620881063714	8.74701245440757	8.69642969429229
4.43890174546446	4.74015980260682	4.98912764444404	4.83724269029336	4.71224793374712	4.5333094011054	4.64314721421063	4.45653364964558	4.52191681720425	4.74291107861393	4.53921278282771	4.42173968635682
9.34205764436787	9.31142069145944	9.33555069621068	9.29903265462322	9.32178925346265	9.27773351098124	9.29475266116818	9.2968926578957	9.30249716870875	9.42710600910523	9.3959509917701	9.29475266116818
8.00614405950756	7.91984030061159	8.09132163171658	7.99277409357739	8.03049824221006	8.09132163171658	7.96775829410538	8.02297676610543	7.97511195067198	8.52120105978004	8.13465445815227	8.00614405950756
8.50707920123237	8.49623225807173	8.57948369235934	8.48976567890146	8.62110406419815	8.56590515105104	8.43036049225799	8.46638647461103	8.42277072384182	8.80406171447697	8.29924578197413	8.52761924844183
4.05652495897878	4.46477549439643	4.28166441580041	4.17211056915562	4.50255733638279	4.5333094011054	4.3921560659894	4.29506192156985	4.30813802846044	4.3107035060703	4.38880422998926	4.55901922753241
8.60981273635577	8.53898865581826	8.48976567890146	8.37173831596973	8.48976567890146	8.51701979028521	8.37173831596973	8.41069451145759	8.35974662526029	7.8905260425478	8.48976567890146	8.3058905066889
4.45851617798265	4.03368911723708	4.00762105415227	3.93980975525241	4.06907404644629	4.55035397957361	4.01097106687108	4.43807545639237	4.12826927766798	3.87348336382155	3.97130092646395	3.85193367292599
6.51563295413243	6.42910187620474	6.53650288645328	6.36646266391825	6.4110220068534	6.30099199521536	6.19792622628429	6.16586099803685	6.25738179271383	6.0011546139278	6.32138746582588	6.28786625103108
8.74173670014228	8.87457881543279	8.8674487591126	8.92892040704236	8.90685746975292	8.93715799695168	9.08635249546036	8.9700940025516	9.01118978276529	9.30583279927054	9.20044654669459	8.94941416776667
5.34360744051664	5.38269677130673	5.30200657316796	5.13219104851398	5.22743621813135	5.27541922034913	5.2356484908935	5.18208864513974	5.36072768276321	5.1628655514385	5.15174551806892	4.9959639383341
7.41794164738832	7.44908293398447	7.29074856138564	7.16124377209336	7.16124377209336	7.29744016495002	7.25219646829747	7.28405695782127	7.25219646829747	6.86426693652602	7.12811658451446	6.99218118865765
4.50774098358104	3.92046558569753	3.81636850425339	3.89938759963522	3.96403658095151	4.34479278632865	3.77061075674353	3.90940268991928	4.18142549514318	4.06003207575937	4.09954957383632	3.91830363812816
9.24372890338571	9.28832936184972	9.26039536964419	9.31258144015413	9.32959980902993	9.31258144015413	9.31608147833962	9.30583279927054	9.32012023170203	8.82870999097812	9.34205764436787	9.23993231122462
4.67543464681004	4.64524786127842	4.72602614246586	4.7787332626124	4.79791939036361	4.60956469560787	4.37383583696566	4.69407291855177	4.48695844898403	4.57193575398766	4.5248037269396	4.62893193861519
4.14562769467945	3.84253150933284	4.05827851736908	4.23041562371719	4.16270311944465	4.23564919127501	3.85815666314905	3.81060122492361	3.94303879120107	4.34957724011097	4.18142549514318	4.06422861520603
9.0016690312423	8.96776854401843	8.87098412031527	8.94470949260419	8.8674487591126	8.88107628923091	8.85853343956528	8.87761043797069	8.91722133634329	8.58469101064087	9.08635249546036	8.8532484752525
8.67581558747912	8.68815074380747	8.67267094737831	8.74701245440757	8.75174845651699	8.75565024308142	8.81139756424405	8.78891638628268	8.88487855043764	8.47237501200396	8.78347708668112	8.83108322841546
5.79968973804317	5.90842826049634	5.76706390154231	5.85157504753346	5.85157504753346	5.89349014147779	5.74956174364702	5.76994406080039	5.81735370405452	5.56334577774816	5.81033488404776	5.88120959729617
9.67932591269626	9.66286441939693	9.6870158559084	9.50636141212408	9.64559636740467	9.62120133079915	9.47932237531483	9.61567966014985	9.49717342031926	9.38503197771361	9.3389050848778	9.49077425635491
9.92130944763943	9.9170956359475	9.90141674835181	10.1064856751361	9.91081853803945	9.89189346567761	9.92130944763943	9.98294534163715	9.94511516545099	9.71217390411572	9.92130944763943	9.88244665696715
6.9740029063674	7.0276153161372	6.96432552029426	6.94220977771606	6.83482707529391	6.91468100373474	6.86426693652602	6.83482707529391	6.86426693652602	6.67068051998406	6.92977142121101	6.9740029063674
5.38098196779818	5.57169366282509	5.56334577774816	5.41706554702421	5.52313333512024	5.37926716428963	5.58430246798568	5.44263348372495	5.39421354360647	5.46134204767411	5.84281250858066	5.27541922034913
4.76484916055616	4.5333094011054	4.45851617798265	4.72180731501082	4.41764752121995	4.62676487635889	4.5286299207053	4.24659435931029	4.46045876402675	4.87376178980025	4.82286785409756	5.05703022225391
10.9582032585497	10.9582032585497	10.9582032585497	10.9582032585497	10.9582032585497	10.9582032585497	10.9582032585497	10.9582032585497	10.9582032585497	10.9582032585497	10.9582032585497	10.9582032585497
4.83305943084352	5.07882455346555	4.72602614246586	4.66888811575226	4.74291107861393	4.55035397957361	4.60108465914509	4.719466188173	4.4722667315574	4.81062100407004	4.71224793374712	4.8554886048817
4.47041769500874	4.5333094011054	4.69023613119931	4.66888811575226	4.63332247377258	4.70751940712826	4.90930102443009	4.81330753359208	4.88353656244256	5.20047077814571	4.77474679121943	4.98086640555761
9.11225384486878	9.12309562607585	9.10210596227941	9.18902792962874	9.10210596227941	9.11923115576965	9.17459519862392	9.15047208338828	9.17773569144811	9.26871278813218	9.17773569144811	9.13650834312365
9.13104582217867	9.18621603023369	9.18517360585819	9.11049038918414	9.21055974727077	9.09045138433782	9.11775500004244	9.06904629041699	9.09590481576771	8.91189916666733	9.29218233829639	9.08635249546036
4.94266779612888	5.04123890435868	5.12803441223691	4.79618822939752	4.60956469560787	4.56168388968688	4.72180731501082	4.86980079374338	4.62094300315157	4.85061063451765	4.90987402584819	4.91836510913578
5.48264782414509	5.7319646035806	5.67438324789565	5.52313333512024	5.7824719674721	5.44956057441967	5.41920517017265	5.18208864513974	5.2356484908935	5.44956057441967	5.53066964190061	5.52313333512024
5.82859669569293	5.74338745660073	5.84281250858066	5.27613635159775	5.6807276905484	5.61488886351799	5.32879699949028	5.38269677130673	5.40466309384829	5.30200657316796	5.26294938038747	5.4247976646142
4.60257829738504	4.42173968635682	4.51159388865094	4.40560609243673	4.053225980485	4.28394504890599	4.66539247480969	4.3097749047766	4.26846359680817	4.60956469560787	4.87376178980025	4.42173968635682
9.80110269037696	9.89597539132516	9.82802205994179	9.9170956359475	9.90141674835181	9.92130944763943	9.86230067757596	9.86230067757596	9.87761994043561	9.6255348131182	9.96367060136658	9.77347597234126
9.66151784212191	9.65847043145444	9.62120133079915	9.66697590245881	9.69146250997876	9.73584113488575	9.70271995569134	9.64708517421764	9.67322211892045	10.0190815423764	9.66697590245881	9.74118731746203
4.50774098358104	4.5333094011054	4.7127426879258	4.76549373789885	4.68497917615314	4.64524786127842	5.28558061779271	5.28692725668779	5.31954515187927	5.7824719674721	5.38098196779818	5.61488886351799
5.30540069583167	5.67438324789565	5.50450160045454	6.0130017140415	5.67210445551062	5.46682169905744	5.97522451108297	5.81033488404776	5.99293336523109	5.79626912700878	6.1246569350614	5.71326775067137
4.49101529050385	4.64524786127842	4.7127426879258	4.64624558141725	4.60956469560787	5.13102623447229	4.51582922365535	4.54979994529805	4.5477708586757	4.74291107861393	4.6977984010541	4.69528563948788
6.31118973052062	6.26790567060705	6.17586452844385	6.4110220068534	5.93785069677616	6.16586099803685	6.24818561727699	6.36166453071861	6.48192736999465	6.4110220068534	6.53167222740401	6.37803052718506
9.13650834312365	9.07874286081437	9.06032778847915	8.80147179936915	9.00969440196005	8.9346640440225	8.90950318607639	8.95360199433852	8.88892745288462	8.62816628899921	9.00969440196005	8.88022704392701
8.85636620026888	8.81235484089147	8.7770722244887	8.7815775914322	8.8466476011054	8.94749409037543	8.96776854401843	8.9346640440225	8.95290689200058	8.57533682643664	9.06904629041699	8.94299082100293
4.45851617798265	4.15581495650148	4.17819862133014	4.3511371276657	4.4320449365635	4.03701527379993	4.03701527379993	3.87082138435654	4.26846359680817	3.97130092646395	3.79636470539452	3.96853702113602
9.23993231122462	9.27773351098124	9.11588615029793	9.31025994276475	9.218924380231	9.22548388672864	9.3389050848778	9.22223138619279	9.29903265462322	8.90017625446023	9.4366788421965	9.2041483146685
4.90749585200522	4.8971569309558	4.65420054084918	4.48791450022737	4.75909833059468	4.79822222371628	4.69286019761565	4.59702004497266	4.63707390791397	4.52688645583882	4.86122541440701	4.60644725441188
9.06032778847915	9.03479360386929	9.15948920873294	8.85853343956528	8.94169327402578	8.95221178966265	8.80147179936915	8.93009072726715	8.83108322841546	8.99496988309971	8.99267000267204	8.90312607961028
5.32879699949028	5.4000121514134	5.06928138167368	5.79190416555381	5.07882455346555	4.97769354518985	5.57169366282509	5.41706554702421	5.62844202668751	5.33466517055539	5.64973361155886	5.46134204767411
8.99941952492725	9.02961321500121	8.97478147285825	9.0188574892156	9.03479360386929	9.00969440196005	9.02329202761167	8.95221178966265	9.02704581076513	8.81476580643344	9.23993231122462	9.041800542943
4.39764633194787	4.31757103107237	4.37857541143517	4.39259009165379	4.37245546389711	4.48791450022737	4.26792446948703	4.24659435931029	4.15919542339614	4.49240115865999	4.24390728116705	4.3097749047766
9.32782509959184	9.31608147833962	9.27368875609843	9.32012023170203	9.26951760579002	9.31025994276475	9.24956962170272	9.28122747338661	9.3389050848778	9.15047208338828	9.25433744982107	9.28832936184972
9.13954871259244	9.09288041202016	9.22740260340939	9.24372890338571	9.07874286081437	9.16998230817488	9.041800542943	9.10210596227941	9.11775500004244	9.15523480995983	9.02961321500121	9.0338426772937
8.70954850850076	8.76086053654906	8.58469101064087	8.87004801688325	8.57533682643664	8.66403892350727	8.64846288559738	8.79517245194696	8.67424326742872	7.97511195067198	8.82174215123633	8.62816628899921
8.9346640440225	8.97781137492589	8.8674487591126	8.96153213806793	8.77191857571785	8.87761043797069	8.90312607961028	8.91722133634329	8.90685746975292	8.7025564663771	9.0338426772937	8.72362920725128
3.84253150933284	3.63392680356471	3.83935233596273	3.74389445785243	3.67976032269037	3.49583327584817	3.67976032269037	3.49583327584817	3.21804558884946	3.79636470539452	3.93432030512774	4.09072086672983
4.67543464681004	4.67891788492547	4.83445754868468	4.21220806736208	4.46240135007084	4.11629664754501	4.71224793374712	4.62971009399681	4.49736361949461	4.64419753774452	4.65420054084918	4.76549373789885
9.19048314468383	9.30583279927054	9.17123789917083	9.22385763646071	9.19798173654457	9.15523480995983	9.23993231122462	9.218924380231	9.26871278813218	9.46776826241126	9.26039536964419	9.13320947760094
4.05652495897878	4.25746800720272	3.52312357670012	4.17211056915562	3.86925746110506	3.83106300683799	4.78769352425217	4.60956469560787	4.66706580081231	4.9845097618352	4.89642316800601	4.93510368997134
9.77686430709304	9.77686430709304	9.77347597234126	9.77347597234126	9.80110269037696	9.80110269037696	9.79102601222604	9.76879558493496	9.76533042803396	9.78368883573312	9.77686430709304	9.81056349891518
9.28368533843645	9.218924380231	9.36211832962297	9.04434038790145	9.23633913700155	9.21055974727077	9.20044654669459	9.27627385649423	9.15392368712062	8.90685746975292	9.0188574892156	9.3959509917701
9.08635249546036	9.07214746795433	8.94470949260419	9.07059687918566	8.99496988309971	9.06746123618004	9.13954871259244	9.13954871259244	9.15654593279904	8.94470949260419	9.21055974727077	9.06825376329851
6.77717069770122	6.49040897398583	6.58264605288778	6.51563295413243	6.80491229382341	6.6331675374891	6.49040897398583	6.47494596797655	6.49040897398583	6.40183307469255	6.6131212190875	6.71862145126181
4.76484916055616	4.83381975097273	5.04123890435868	4.83724269029336	4.63332247377258	4.56168388968688	4.74015980260682	4.58475347581114	4.5922470547274	4.85061063451765	4.83914981016583	4.95951510293165
8.15126752556259	8.12060088421307	8.04529799455403	8.09849096033472	8.00614405950756	8.16853406414264	8.18601791373385	8.2887651357759	8.25487235851508	7.90244120644741	8.3482176462492	8.2887651357759
5.16177374692694	4.72553542714185	4.53596137346798	4.76549373789885	4.97158692767828	4.88353656244256	4.73232112240505	4.90987402584819	4.99773976689896	4.41764752121995	4.34741357817441	4.68258056718129
9.48027542056875	9.42508559904494	9.56357110157832	9.43499049166352	9.56569690435806	9.50794821562688	9.50035349488669	9.53205096506439	9.50953501912967	9.75380669386752	9.44550591482808	9.56813848469299
6.11733907449002	5.89036901936907	5.75788026832209	5.70969815671391	5.92750292415304	6.03644094203428	5.58196516298736	5.68839526008467	5.76418374228422	5.22365931871227	5.24715841977998	5.40466309384829
9.27032242344786	9.23028167141101	9.26871278813218	9.16136740516058	9.15948920873294	9.15047208338828	9.2041483146685	9.12881415865153	9.15948920873294	9.01517695234859	9.08270978255893	9.1933286567472
9.53205096506439	9.55096440700013	9.55858427134489	9.5431090515706	9.52747205409701	9.53655540940067	9.47520642021783	9.4584158719001	9.50035349488669	9.44098119617156	9.56357110157832	9.43053528528624
5.47398436314564	5.44029850531841	5.32879699949028	4.83724269029336	4.93184810358554	5.01254591646406	5.05005015791983	5.01024073916678	5.04809662118976	5.28827389558288	5.18904216959892	5.15151995572782
4.23670120048535	4.3412937689308	4.34741357817441	4.17211056915562	4.50255733638279	4.23564919127501	4.42525570026131	4.26423206972407	4.43948821151495	4.47323875545921	4.58789123344306	4.34018666067352
4.94266779612888	4.8971569309558	4.84765028448186	4.43848860092841	5.13574681596028	4.82286785409756	4.89158444764429	4.96323907632852	4.62094300315157	4.50662260726751	4.50885935989456	4.7060595995696
9.24956962170272	9.16324560158822	9.27627385649423	9.08270978255893	9.06904629041699	9.12120493235166	9.04626721248966	9.18902792962874	9.02961321500121	9.03574453044488	9.15948920873294	9.1933286567472
4.34741357817441	4.15581495650148	4.60882257319876	4.23041562371719	4.50255733638279	4.23564919127501	4.13860985703272	4.17211056915562	4.21220806736208	4.50255733638279	4.61085579254812	4.68258056718129
9.64559636740467	9.6138959289323	9.72408310333576	9.53820199379994	9.6255348131182	9.53205096506439	9.42032879066103	9.46776826241126	9.45003956492788	9.64559636740467	9.39277323207077	9.47520642021783
9.77113577863811	9.79736219590719	9.76533042803396	9.69494472129465	9.81056349891518	9.77686430709304	9.78368883573312	9.77347597234126	9.74569852203803	9.71606341782312	9.71217390411572	9.80110269037696
8.80856786205137	8.76640145058399	8.7281274923403	8.65527329088706	8.7025564663771	8.65630108415788	8.50707920123237	8.54563415797478	8.54563415797478	7.96775829410538	8.55896389219854	8.54231140689652
4.20350510328641	4.69949971908582	4.40460837229789	4.46240135007084	4.5477708586757	4.69528563948788	4.03701527379993	4.60956469560787	4.35269701522042	4.35688445760256	4.27739493423912	4.35393009871443
9.63525031199253	9.68259160688987	9.56813848469299	9.65077683125329	9.61839438079354	9.60534814293609	9.63071209533675	9.58077804607828	9.62120133079915	9.40616443170671	9.56569690435806	9.5468337320295
6.39539537182625	6.21657318852981	6.15535403240355	6.08562351214619	6.16586099803685	6.07810355319915	6.03991702108617	6.09081726777204	6.07810355319915	5.80311034907756	6.19792622628429	6.0960110233979
9.1810846360021	9.19798173654457	9.03177922984688	9.15654593279904	9.16548466833362	9.20740121942412	9.19471895375549	9.12120493235166	9.19635034515003	8.83406234293621	9.22548388672864	9.20740121942412
4.96041214378773	4.88353656244256	4.74744900320113	4.6820938253043	4.5477708586757	4.68023769719698	4.68258056718129	4.82700930508077	4.62094300315157	4.5333094011054	4.62632769411649	4.79055740684634
9.19798173654457	9.20044654669459	9.23328987864952	9.09969303770003	9.22223138619279	9.23124202273187	9.08270978255893	9.08270978255893	9.07874286081437	8.92892040704236	8.9830211796615	9.06825376329851
5.28190142330586	5.05703022225391	5.15174551806892	5.00693567371276	5.18546394337257	4.82286785409756	4.96993395024523	4.81330753359208	4.95951510293165	4.9845097618352	5.13219104851398	4.84873200104554
8.97999726494346	9.01118978276529	8.96526424078599	8.99941952492725	9.01212513755944	8.94941416776667	8.99941952492725	8.9346640440225	8.98694131725779	9.18621603023369	9.12498631980003	9.00557336486933
13.2446047739813	13.2446047739813	13.2446047739813	13.2446047739813	13.2446047739813	13.2446047739813	13.2446047739813	13.2446047739813	13.2446047739813	13.2446047739813	13.2446047739813	13.2446047739813
6.40183307469255	6.29442912312322	6.51563295413243	5.89349014147779	6.1794992869362	5.91293386064702	5.89349014147779	5.88120959729617	5.87886711768162	5.72278701332368	6.02311849272406	5.72278701332368
12.2109041685195	12.2109041685195	12.2109041685195	12.2109041685195	12.2109041685195	12.2109041685195	12.2109041685195	12.2109041685195	12.2109041685195	12.2109041685195	12.2109041685195	12.2109041685195
5.93785069677616	5.92750292415304	5.87253780769073	5.89349014147779	5.9568869366422	6.06050914229074	5.55725581717229	5.45646958439564	5.52313333512024	5.32591409174058	5.35586636676879	5.434266434426
5.86855097731439	5.65558899692416	5.81934570417697	5.53590627325869	5.50832916034765	5.91293386064702	5.46134204767411	5.45646958439564	5.51215672024077	5.56334577774816	5.29711949937951	5.37926716428963
9.94511516545099	9.85059802811072	9.91081853803945	10.0903936570265	9.96367060136658	9.99033700538444	9.90141674835181	9.91081853803945	9.99033700538444	9.78893890376776	9.85342489111974	9.77686430709304
4.69528563948788	4.79822222371628	4.82447949441731	4.48791450022737	4.98175605025331	4.59702004497266	4.71224793374712	4.81330753359208	4.97401909351716	4.53921278282771	4.38880422998926	4.69528563948788
4.07114573101981	4.11377117817392	4.21772989417285	3.97130092646395	3.75901313237752	4.03701527379993	3.7021529325462	3.81060122492361	4.06003207575937	4.10470555520195	4.0354434195868	3.99912659844603
8.42277072384182	8.36399755459524	8.64350898330755	8.4603979372181	8.4807909316726	8.49623225807173	8.39675501733807	8.34174996852576	8.44330120487839	8.9700940025516	8.22645429216904	8.68815074380747
9.85059802811072	9.86230067757596	9.87761994043561	9.79736219590719	9.77517013971715	9.82037131082013	9.74966507667155	9.76271654364026	9.76879558493496	9.93455929111574	9.74966507667155	9.86607983100154
4.47041769500874	4.23041562371719	3.95130172354322	4.48791450022737	4.68497917615314	4.28394504890599	4.27739493423912	4.50885935989456	4.4269390442551	4.08293017149443	3.84253150933284	4.2821511576774
4.49101529050385	4.72553542714185	4.37857541143517	4.47842070559189	4.41764752121995	4.26229216442736	4.3921560659894	4.33232727908499	4.41764752121995	4.39486825012215	4.43948821151495	4.25746800720272
8.88022704392701	8.8481106851322	8.89125633167227	8.81235484089147	8.88022704392701	8.82174215123633	8.70954850850076	8.76182640192253	8.67424326742872	8.98761929867776	8.81139756424405	8.81476580643344
3.88444364249819	3.63392680356471	3.92262753326691	3.86925746110506	4.01097106687108	4.15581495650148	4.2153231689844	3.7021529325462	4.21220806736208	3.81636850425339	3.75692652550796	4.15810135741332
9.59039426310449	9.58838641044552	9.61839438079354	9.38503197771361	9.57258581066011	9.49717342031926	9.3988899428772	9.44850706532367	9.37511424874191	9.29903265462322	9.36211832962297	9.48702018170837
4.98057809664345	5.34786536681142	5.23015250695606	4.97158692767828	4.96041214378773	5.06211159413089	5.07044432327131	4.95091781264945	4.99773976689896	4.96041214378773	4.77212823813546	5.05703022225391
6.83482707529391	6.903589856893	6.87889427484415	7.01057965501901	6.65597331377852	6.74864624901743	6.627184681095	6.45025092031602	6.51563295413243	6.58764705134143	6.79140053597086	6.57764505443413
9.5198241769045	9.46434402642926	9.52747205409701	9.46434402642926	9.49077425635491	9.44098119617156	9.40912388432799	9.45561191452754	9.42325080334938	9.53984857819921	9.4366788421965	9.46100866443896
9.35598618590326	9.35105419736259	9.48027542056875	9.35770731612582	9.31608147833962	9.37109465787008	9.24372890338571	9.27773351098124	9.218924380231	9.43499049166352	9.18902792962874	9.28368533843645
3.98054675774449	4.07825432572257	4.20350510328641	4.06074347214932	3.86925746110506	3.99638902904142	4.03701527379993	4.29506192156985	4.18142549514318	4.43101588501357	4.49531823864117	4.66539247480969
4.41764752121995	4.44048500198028	4.51159388865094	4.3511371276657	4.40153780455419	4.3097749047766	4.57820641299901	4.43807545639237	4.26846359680817	4.28394504890599	4.50064036738454	4.46045876402675
9.11849307790604	9.08270978255893	9.08635249546036	8.83406234293621	9.06325774839061	9.09590481576771	8.95656691376999	8.96153213806793	8.94169327402578	8.70954850850076	8.98925052750068	9.01517695234859
8.90242998034152	8.93975020504982	8.81837849498922	8.83863335583498	8.90173388107277	8.96526424078599	8.95871441113244	8.88022704392701	8.97125798416558	8.63249252808252	8.92672132233468	8.78891638628268
9.46605614442026	9.50953501912967	9.49077425635491	9.52450022463251	9.51619567850281	9.47932237531483	9.47932237531483	9.47195860835263	9.49077425635491	9.72727664703618	9.47195860835263	9.40912388432799
7.04080210975599	7.12811658451446	6.903589856893	6.90913543031387	6.77717069770122	6.85272695469359	6.73225262114138	6.77717069770122	6.76302399189851	6.53167222740401	6.87889427484415	6.74864624901743
5.04311637111416	5.18208864513974	5.16503923671544	5.17257183804815	4.84839711275115	5.04558079620684	5.21901720872528	5.1744560339223	5.27784585065663	5.12236531341766	5.0518836113514	5.07515826567336
9.9170956359475	9.92130944763943	9.89597539132516	9.92798824059639	9.87761994043561	9.90141674835181	9.9522691371877	9.89189346567761	9.86985898442712	9.75178551843126	9.88244665696715	9.85625175412876
5.60348531664462	5.60348531664462	5.4859992488659	5.44263348372495	5.74956174364702	5.58313381548652	5.10570976607771	5.24303387471126	5.36072768276321	5.25308289319001	5.20047077814571	5.38519242694073
9.08270978255893	9.11923115576965	9.15654593279904	9.0338426772937	9.04626721248966	9.03177922984688	8.96153213806793	9.06325774839061	9.041800542943	9.05491354341858	8.94749409037543	9.10089949998972
4.37965179889281	4.55090801384918	4.45851617798265	4.70019496775915	4.32687892804186	4.60956469560787	4.79618822939752	4.26423206972407	4.66706580081231	4.96405641612959	4.89357992775356	4.87237219460962
5.13219104851398	5.11198380466911	4.96691653128761	5.27613635159775	5.06452652265607	4.99207766679988	5.11092502742127	5.21211525565956	5.03936143760321	5.07803095437896	5.21211525565956	5.26294938038747
9.28122747338661	9.27498130629633	9.35105419736259	9.26951760579002	9.37109465787008	9.34205764436787	9.24582048866074	9.21524456161984	9.28368533843645	9.61211219771476	9.27032242344786	9.45339753573775
9.50953501912967	9.5431090515706	9.53655540940067	9.57631623623878	9.47836933006091	9.56569690435806	9.55096440700013	9.47520642021783	9.55553237359696	9.57258581066011	9.53515457176805	9.56005395343451
3.59380001436545	3.49583327584817	3.7174870047464	3.61668951023374	3.67976032269037	3.77061075674353	3.49583327584817	3.58050338862727	3.49583327584817	3.39041016353962	3.82371575554569	3.39041016353962
4.96993395024523	4.74015980260682	4.58349443218033	4.53063789367342	4.74291107861393	4.70751940712826	4.32983519851354	4.67543464681004	4.70297097023004	4.66706580081231	4.43807545639237	4.51854270812702
8.7815775914322	8.82174215123633	8.75174845651699	8.77191857571785	8.7281274923403	8.68043400842457	8.81837849498922	8.6912994808454	8.79517245194696	8.83863335583498	8.94234204751436	8.809504074824
9.87761994043561	9.86985898442712	9.92798824059639	9.78893890376776	9.89189346567761	9.82802205994179	9.77347597234126	9.78893890376776	9.75380669386752	9.9170956359475	9.73918665112294	9.83720581860951
7.69350858759633	7.76128840500732	7.74179577479346	7.73621704069117	7.69350858759633	7.5261217427435	7.53701378750743	7.49364844196703	7.54584335595722	7.26344602617053	7.83756197966396	7.43803665470494
4.64733133515878	4.81330753359208	4.69023613119931	4.79618822939752	4.60956469560787	4.45851617798265	4.51582922365535	4.71224793374712	4.48695844898403	4.43848860092841	4.43807545639237	4.40153780455419
4.93233484546252	4.81330753359208	5.12803441223691	4.96242173652745	4.89642316800601	4.79822222371628	4.85445678121039	4.84690345621258	5.11742093992342	4.81848157913528	4.90150279369044	5.00122687009536
7.45211179710823	7.41794164738832	7.47803194507006	7.37575778007126	7.46986630714392	7.45548498800699	7.29744016495002	7.43001923854916	7.46986630714392	7.65807677668537	6.9740029063674	7.21817675591809
2.75934458527008	2.66553610307423	3.29763673721066	3.03372635191468	2.37896162968084	2.50269429320776	2.80038315455695	2.61276619016526	2.7183060159832	3.39041016353962	3.0661384682758	3.00131423555356
9.89597539132516	9.94511516545099	9.84067847543314	9.96367060136658	9.9522691371877	9.9522691371877	10.0005416822624	9.9522691371877	10.0353237297662	9.74569852203803	10.0102578333325	9.9522691371877
6.17086276324035	6.27904285784592	6.07446639886014	6.77717069770122	6.48192736999465	6.54133354550255	6.85272695469359	6.87889427484415	6.903589856893	6.48192736999465	6.6391503938832	6.58764705134143
8.16067754476015	8.2887651357759	8.34174996852576	8.25487235851508	8.23664070262704	8.31055411814762	8.15597253516137	8.03438323475519	8.18601791373385	8.7281274923403	8.31055411814762	8.09849096033472
3.7174870047464	4.05652495897878	3.90228176998889	3.97130092646395	4.50255733638279	3.8900598005881	4.55090801384918	4.3097749047766	4.52191681720425	4.58067849076586	4.42981913663123	4.65054905208607
8.3482176462492	8.43036049225799	8.31055411814762	8.36399755459524	8.32596091508813	8.35974662526029	8.41069451145759	8.36399755459524	8.41069451145759	8.76640145058399	8.24938050305365	8.32596091508813
4.79458652012143	4.67891788492547	5.07723735529236	4.59792664502939	4.71224793374712	4.94319394395657	4.48695844898403	4.33232727908499	4.84249359372125	4.90062202354792	4.48847893905395	4.55901922753241
3.79636470539452	3.6714315744163	4.0299147700173	3.28214131274645	3.88725172154315	3.5707002443668	3.86769353785357	3.40698564863823	3.40698564863823	3.55168429095698	3.92046558569753	3.82371575554569
9.6870158559084	9.69904910987086	9.74118731746203	9.75178551843126	9.66421099667195	9.6756266816054	9.69904910987086	9.64255239424476	9.66697590245881	9.6485739810306	9.6756266816054	9.71606341782312
4.53521694640381	4.48847893905395	4.6677878725729	4.51159388865094	4.56265959741988	4.64524786127842	4.63414307500313	4.43807545639237	4.4722667315574	4.82617395860459	4.79791939036361	4.7368365131928
9.27368875609843	9.24956962170272	9.25821394422403	9.28122747338661	9.23993231122462	9.2041483146685	9.14396039889344	9.19798173654457	9.13650834312365	9.24769505518173	9.19193835973891	9.05833705881412
9.15392368712062	9.17773569144811	9.15392368712062	9.06746123618004	9.15047208338828	9.06904629041699	9.12881415865153	9.07214746795433	9.12021804406065	9.31025994276475	9.12120493235166	9.0188574892156
4.53521694640381	4.79822222371628	4.05827851736908	4.53063789367342	4.81062100407004	4.50344481145781	4.3921560659894	4.50885935989456	4.5477708586757	4.11629664754501	3.99912659844603	4.36908475861427
5.15151995572782	5.41706554702421	5.33673729175009	5.39421354360647	5.45159712111717	5.48264782414509	5.2356484908935	5.44752402772217	5.41406800558566	5.14669868679532	5.26294938038747	5.30200657316796
9.24956962170272	9.22548388672864	9.27773351098124	9.19193835973891	9.18413118148269	9.22223138619279	9.10851208428308	9.17249349016677	9.13954871259244	9.2041483146685	9.17459519862392	9.16436513496092
3.91362943949599	4.11377117817392	4.05827851736908	3.61668951023374	3.99298722864227	4.32983519851354	3.5707002443668	3.63392680356471	3.83520767140036	3.80483394559383	3.94303879120107	3.29763673721066
9.38745285720195	9.41192175394518	9.4584158719001	9.53515457176805	9.43499049166352	9.50035349488669	9.37109465787008	9.35942844634838	9.40171273454071	9.70271995569134	9.37511424874191	9.37109465787008
9.25821394422403	9.3389050848778	9.24372890338571	9.28368533843645	9.31025994276475	9.35598618590326	9.36677952164788	9.36677952164788	9.39742046732365	9.09288041202016	9.45561191452754	9.40616443170671
5.05944885797828	4.76714075051097	4.58349443218033	4.85445678121039	4.79791939036361	5.04558079620684	4.67393361705908	4.88353656244256	5.02264987034255	4.41764752121995	4.56661698043104	4.81330753359208
6.19053013585641	6.22401388245547	6.11733907449002	6.53167222740401	6.54133354550255	6.70078706653463	6.4110220068534	6.25738179271383	6.43551278768041	7.00138042183833	6.26790567060705	6.6131212190875
8.74701245440757	8.70954850850076	8.82705934869045	8.70078232531592	8.68676592852637	8.7025564663771	8.57948369235934	8.57533682643664	8.57056127362323	8.94169327402578	8.73225816127462	8.64350898330755
9.64255239424476	9.62120133079915	9.71411866096942	9.66421099667195	9.69494472129465	9.63298120366465	9.81531975772951	9.82037131082013	9.83720581860951	9.89189346567761	9.92798824059639	9.92464884411791
3.6714315744163	3.92046558569753	4.15581495650148	3.92262753326691	3.86925746110506	3.5707002443668	3.96403658095151	4.26423206972407	3.7021529325462	4.17819862133014	4.14836049976349	3.85193367292599
4.57193575398766	4.9654864737086	5.18546394337257	5.00693567371276	5.0921110197984	4.93184810358554	5.06274256763033	4.83445754868468	5.07803095437896	4.9210334480609	5.13219104851398	5.05703022225391
6.01806010338278	6.32138746582588	6.17586452844385	6.24818561727699	6.0960110233979	6.2834545544385	6.2834545544385	6.22401388245547	6.1606075152202	6.42269096472906	5.95214378926964	6.08562351214619
4.34741357817441	4.23041562371719	4.3097749047766	4.12826927766798	3.93205989095172	4.11629664754501	3.93658071930376	4.29506192156985	4.15919542339614	4.49240115865999	4.21482841480572	4.23670120048535
5.51663796729054	5.46682169905744	5.72737580845214	5.68456147531653	5.53328795757965	5.50450160045454	5.62513015191197	5.74647460012387	5.7319646035806	5.53590627325869	5.68839526008467	5.66563502270753
4.31757103107237	3.94717025737214	4.63496367623369	4.01943313157316	4.37245546389711	4.06074347214932	4.17685852924659	3.73531769881224	4.15919542339614	4.3107035060703	4.38880422998926	4.47381955508246
7.79159091799688	7.73063830658889	7.65807677668537	7.94312108932026	7.82084343792344	7.8538539905876	7.82084343792344	7.79159091799688	7.82084343792344	7.49364844196703	7.82632024684494	7.70018572780867
9.56254736855122	9.64559636740467	9.51619567850281	9.55096440700013	9.59240211576346	9.67932591269626	9.66151784212191	9.49409141168075	9.63071209533675	9.37109465787008	9.61567966014985	9.56357110157832
5.31566004284899	5.16177374692694	5.34632104526247	4.94195780015811	5.20233823820952	4.92294678427455	4.98264569494902	5.26294938038747	5.11092502742127	4.82617395860459	5.11957123683184	4.79055740684634
4.81802094628074	4.42173968635682	4.65420054084918	4.40560609243673	4.82447949441731	4.81108519397025	4.67393361705908	4.59702004497266	4.88353656244256	4.49240115865999	4.67726687460748	4.65054905208607
8.40505987496863	8.42277072384182	8.50707920123237	8.72202805611251	8.64665167854455	8.67581558747912	9.14684785576318	9.16548466833362	9.18413118148269	9.32012023170203	9.17249349016677	9.25433744982107
8.08376205815824	7.93386747449166	8.03826822730032	7.8538539905876	7.98435262745924	7.98435262745924	7.75627036806511	7.98435262745924	7.74888303366085	7.98435262745924	7.55316565345859	7.8538539905876
8.71947251345654	8.58469101064087	8.91371012850743	8.57533682643664	8.70730452050381	8.64665167854455	8.52538232927487	8.77061623205728	8.56590515105104	8.93126104749195	8.47237501200396	8.65527329088706
8.87457881543279	8.6912994808454	8.8466476011054	8.71947251345654	8.86375572395533	8.7281274923403	8.68043400842457	8.76182640192253	8.62556063111103	8.75174845651699	8.99496988309971	8.80147179936915
6.01806010338278	6.07082924452113	6.11733907449002	6.14225310928919	6.03296486298238	6.0960110233979	5.88724789726034	5.89714686226748	5.85157504753346	5.97522451108297	6.38480025725222	6.16586099803685
9.15047208338828	9.12309562607585	9.13954871259244	9.10431987083071	9.05491354341858	9.04830676119552	8.93975020504982	9.00969440196005	8.90017625446023	9.02704581076513	8.91280464758738	9.05491354341858
9.06746123618004	9.13650834312365	9.06904629041699	9.01118978276529	9.03479360386929	9.03177922984688	9.03971850287319	9.01212513755944	9.0016690312423	9.23124202273187	8.96776854401843	8.88985351320098
4.10267228469867	4.07825432572257	3.6523370264539	3.83520767140036	3.96403658095151	4.06074347214932	4.0942534734397	4.03858712801305	4.02789472514722	3.55168429095698	3.67976032269037	3.75692652550796
9.79736219590719	9.77113577863811	9.85059802811072	9.75380669386752	9.74569852203803	9.76879558493496	9.74118731746203	9.73584113488575	9.75178551843126	9.79736219590719	9.81056349891518	9.74569852203803
5.13219104851398	4.9654864737086	4.91548104717872	4.6820938253043	4.96041214378773	5.01254591646406	4.75574356570566	4.7386706121431	4.73953848553023	4.49240115865999	4.46520031802585	4.7060595995696
9.76010265924657	9.73229162620687	9.76879558493496	9.70725940928035	9.69904910987086	9.71217390411572	9.71217390411572	9.72408310333576	9.69904910987086	9.48702018170837	9.94511516545099	9.70725940928035
9.81531975772951	9.78893890376776	9.72727664703618	9.81531975772951	9.81531975772951	9.79736219590719	9.72066521877333	9.75178551843126	9.77686430709304	9.56569690435806	9.75380669386752	9.72727664703618
9.5468337320295	9.56813848469299	9.58507744769292	9.63976360260014	9.5468337320295	9.52216220076851	9.50953501912967	9.53515457176805	9.5431090515706	9.63071209533675	9.46100866443896	9.52450022463251
10.2058981125667	10.2345117975624	10.2058981125667	10.1325564418143	10.1325564418143	10.1516006808307	10.1064856751361	10.2058981125667	10.0796254741971	10.2058981125667	10.0303150471507	10.1325564418143
9.42508559904494	9.3988899428772	9.40616443170671	9.23124202273187	9.3389050848778	9.29218233829639	9.25930465693411	9.31258144015413	9.28122747338661	9.44550591482808	9.24372890338571	9.3389050848778
5.22743621813135	5.31357528780112	5.30200657316796	5.41706554702421	5.55725581717229	5.11656592570575	5.20316997083899	5.15174551806892	5.10494792525954	5.11656592570575	4.83381975097273	4.84873200104554
8.8532484752525	8.83108322841546	8.76182640192253	8.83108322841546	8.78674799791263	8.83406234293621	8.71947251345654	8.70954850850076	8.6912994808454	8.34174996852576	8.68538111324526	8.6573288774287
5.20581424880215	5.41706554702421	5.51663796729054	5.32879699949028	5.25667923514169	5.15174551806892	5.13908749889304	5.06078022605459	5.06274256763033	5.02396018429325	5.32272962180993	5.15151995572782
4.8826528139856	5.07882455346555	5.18546394337257	5.0374635251747	5.12386410731272	5.23015250695606	4.81615883565276	4.88353656244256	4.91836510913578	4.89568940505622	4.79055740684634	4.91836510913578
8.93301424429572	9.00424275299346	8.91189916666733	9.07485458327196	8.95081297871466	9.01118978276529	8.98404000012618	8.94941416776667	8.99496988309971	8.66932335187706	9.09590481576771	8.92401481827488
4.83305943084352	4.79822222371628	4.7127426879258	4.53063789367342	4.98175605025331	5.02604241138825	4.82447949441731	5.02500129784075	4.83200516248373	4.56168388968688	4.54979994529805	4.88353656244256
5.09897824486447	4.85823496451101	4.83445754868468	4.93054391603748	4.84839711275115	4.83556181057486	4.9559397416486	4.99375199598962	4.72180731501082	4.82211533148892	4.87886748050561	4.89108558757487
4.86879517267965	4.60882257319876	4.57247008900256	4.41764752121995	4.63332247377258	4.23564919127501	4.53521694640381	4.72553542714185	4.52191681720425	4.36908475861427	4.08163485158676	4.24659435931029
4.98057809664345	4.83381975097273	4.79538737475948	4.7787332626124	4.81062100407004	4.84873200104554	4.49736361949461	4.64314721421063	4.80535547055313	4.79458652012143	5.07160726486894	4.83914981016583
10.1325564418143	10.2633186073575	10.0903936570265	10.3865359935092	10.3865359935092	10.3865359935092	10.4997496634231	10.3865359935092	10.4997496634231	10.4997496634231	10.4997496634231	10.4997496634231
5.07723735529236	5.29862654186404	4.84249359372125	5.10570976607771	5.20233823820952	5.41107046414712	5.14669868679532	5.15839060197009	5.23217078364202	4.8369543813792	4.94719740585071	4.94463232340372
8.92672132233468	8.97242196577956	8.94941416776667	8.85480733776069	8.90312607961028	8.93301424429572	8.83863335583498	8.92111856953527	8.91371012850743	8.67581558747912	8.93975020504982	8.92892040704236
8.18954270353023	8.17888866429846	8.14143619431177	7.98435262745924	8.11049552841634	8.05544134862061	7.95051462751591	7.92292609270825	7.96152430614574	7.77383239292789	7.92601188480492	7.93386747449166
3.88444364249819	3.60709664010363	3.6523370264539	3.79636470539452	4.21482841480572	4.09635680345848	4.17685852924659	3.76481194456053	3.96991897379998	3.62628238036386	3.52312357670012	3.6523370264539
6.28786625103108	6.07810355319915	6.19792622628429	6.46796456595846	6.02311849272406	6.18313404542854	6.25738179271383	6.2834545544385	6.40183307469255	6.30099199521536	6.627184681095	6.4110220068534
3.81060122492361	4.23041562371719	4.0299147700173	3.86925746110506	4.01097106687108	4.20733771320547	4.15919542339614	4.20733771320547	4.06003207575937	3.21804558884946	3.40698564863823	3.7021529325462
6.80491229382341	6.77717069770122	6.85272695469359	6.66332691688129	6.53167222740401	6.51563295413243	6.48192736999465	6.4110220068534	6.41685648579123	6.18313404542854	6.71862145126181	6.19792622628429
9.23633913700155	9.31142069145944	9.16436513496092	9.42325080334938	9.31258144015413	9.39277323207077	9.48702018170837	9.42325080334938	9.4584158719001	9.11923115576965	9.56152363552412	9.45561191452754
4.20350510328641	4.18090503913554	4.26792446948703	4.07825432572257	4.21482841480572	4.03701527379993	4.07616911976606	3.99912659844603	4.08293017149443	4.24985528250811	4.54979994529805	4.06422861520603
4.31757103107237	4.5333094011054	4.54979994529805	4.39259009165379	4.37245546389711	4.44404559474607	4.46240135007084	4.5333094011054	4.33303035485851	4.43848860092841	4.62043140607747	4.06422861520603
4.98057809664345	4.91214349173747	5.07723735529236	4.59792664502939	4.97158692767828	4.94319394395657	4.96993395024523	4.66292850008318	4.82052877173937	4.68258056718129	4.82286785409756	5.05703022225391
8.21572712964718	8.20414719224261	8.29924578197413	8.04529799455403	8.20414719224261	8.09849096033472	7.83178603559975	7.82084343792344	7.90244120644741	8.14635185993718	7.58326700268416	7.90244120644741
4.60257829738504	4.48847893905395	4.43807545639237	4.14187162132868	4.14562769467945	4.5333094011054	4.24537394364326	4.22359270884487	4.24659435931029	4.34336826680376	4.87098259941899	4.6185867543924
7.44605407086072	7.45885817890575	7.45885817890575	7.53701378750743	7.47803194507006	7.42398044296874	7.74179577479346	7.77383239292789	7.80635755239514	7.73063830658889	7.87019990104786	7.81502788337478
3.84253150933284	3.94717025737214	3.97923899016046	4.07825432572257	3.29763673721066	3.77061075674353	4.06074347214932	4.11377117817392	4.06003207575937	4.26846359680817	4.40068141579241	4.14084835306193
9.37109465787008	9.36677952164788	9.27032242344786	9.44697456571947	9.4172480699475	9.41192175394518	9.60084362721801	9.49077425635491	9.58507744769292	9.06325774839061	9.63298120366465	9.62120133079915
9.52450022463251	9.53205096506439	9.47836933006091	9.45561191452754	9.47195860835263	9.4584158719001	9.53515457176805	9.44850706532367	9.5198241769045	9.02115798711071	9.61979785579634	9.42710600910523
9.55553237359696	9.56357110157832	9.61567966014985	9.56357110157832	9.56813848469299	9.58838641044552	9.37743263918158	9.48294113437973	9.46434402642926	9.55096440700013	9.57036214767655	9.46776826241126
4.94266779612888	4.78243668971386	5.0129562408789	4.76549373789885	4.7821036567658	4.8971569309558	4.87536466686569	4.95091781264945	4.7821036567658	4.77335276374334	4.89642316800601	4.79055740684634
7.80635755239514	7.83756197966396	7.81502788337478	7.61677953934057	7.61677953934057	7.65282809457728	7.35431915114238	7.25219646829747	7.32686473884248	7.07954706903887	7.51600673010106	7.29744016495002
4.63066648302006	4.74015980260682	4.59883324508613	4.7368365131928	4.53521694640381	4.43101588501357	4.49736361949461	4.48656683656727	4.62094300315157	4.86631425357296	4.83381975097273	4.55901922753241
9.00424275299346	9.02704581076513	8.98505882059087	9.03574453044488	9.0069039767452	8.98404000012618	8.98694131725779	8.97999726494346	9.05833705881412	8.99941952492725	9.07874286081437	9.06325774839061
9.15654593279904	9.23028167141101	9.19798173654457	9.21055974727077	9.08745607961706	9.21524456161984	9.19193835973891	9.11775500004244	9.16324560158822	9.34664605517634	9.14684785576318	9.11401730055341
9.22548388672864	9.24372890338571	9.22740260340939	9.25433744982107	9.27368875609843	9.31608147833962	9.30249716870875	9.23226595069069	9.22223138619279	9.0188574892156	9.19471895375549	9.24477469602322
8.90242998034152	8.86911191345123	8.82489659732409	8.90312607961028	9.0188574892156	9.03650440084922	9.01411872235109	9.00424275299346	9.0069039767452	8.7815775914322	8.95360199433852	9.03574453044488
4.26900272412932	4.85823496451101	4.60882257319876	4.55090801384918	4.34240087718809	4.48791450022737	4.70019496775915	4.62971009399681	4.38307040126717	4.59702004497266	4.56661698043104	4.50064036738454
3.94303879120107	4.11377117817392	4.20350510328641	4.80981429305295	3.99298722864227	4.15581495650148	4.88353656244256	4.74938543513617	4.64419753774452	4.89568940505622	4.92294678427455	4.94463232340372
8.75174845651699	8.7281274923403	8.70078232531592	8.70954850850076	8.76086053654906	8.64350898330755	8.77061623205728	8.70078232531592	8.74437457727493	8.89801368763932	8.81476580643344	8.7025564663771
4.84873200104554	5.04123890435868	5.06337354112977	4.7368365131928	4.66706580081231	4.7821036567658	4.76714075051097	4.79822222371628	4.79618822939752	4.66706580081231	4.68258056718129	4.7368365131928
4.73587028762962	4.50579631819542	4.37857541143517	4.21220806736208	4.65199597303809	3.86769353785357	4.32983519851354	4.41764752121995	4.32421631655432	4.38263001619591	4.6977984010541	4.55901922753241
5.27470208910052	5.41706554702421	5.70969815671391	5.11656592570575	5.37165725007352	5.30692182967599	5.11480425381135	5.25667923514169	5.28558061779271	5.27073824740387	5.18904216959892	5.20941617902576
4.83305943084352	4.99773976689896	5.20449210982057	4.986675144106	4.79791939036361	5.06211159413089	5.11480425381135	5.01024073916678	5.11092502742127	4.90957119249552	5.15839060197009	5.16721292199238
8.95221178966265	9.03479360386929	8.89622439893662	9.05225862438421	9.02115798711071	9.041800542943	9.05833705881412	9.01517695234859	9.00424275299346	8.7770722244887	9.04626721248966	8.9830211796615
8.88487855043764	8.99941952492725	8.8532484752525	9.01517695234859	8.99941952492725	8.95508445405426	9.07214746795433	9.15047208338828	9.08270978255893	8.8674487591126	9.13104582217867	9.01118978276529
6.627184681095	6.54934416446229	6.53650288645328	6.55735478342203	6.3712607971179	6.48192736999465	6.43551278768041	6.21657318852981	6.36166453071861	6.57764505443413	6.70078706653463	6.25738179271383
8.78347708668112	8.68043400842457	8.9009550677665	8.61616516221221	8.87457881543279	8.77191857571785	8.57056127362323	8.62110406419815	8.63249252808252	8.77874327275296	8.37173831596973	8.71784066204684
10.0303150471507	9.96367060136658	10.0102578333325	9.85625175412876	9.93455929111574	9.98294534163715	9.85625175412876	9.92798824059639	9.89597539132516	9.92130944763943	9.85342489111974	9.94511516545099
4.8826528139856	5.12803441223691	4.98057809664345	5.15174551806892	5.24303387471126	4.83556181057486	4.99948331849716	4.98057809664345	4.63162287204332	5.21076571734266	4.97280301059772	5.045018507954
4.26900272412932	4.56621756172983	4.72602614246586	5.12503575567798	4.59956477173023	4.37022544356974	5.03854635253716	5.03800493885593	4.89158444764429	5.26712253986477	5.07803095437896	5.16721292199238
3.75483991863839	3.89472370011166	4.05827851736908	3.89938759963522	4.03368911723708	3.97923899016046	3.80483394559383	3.66310282614223	3.83520767140036	4.08293017149443	4.05652495897878	4.06422861520603
4.73587028762962	4.62272797196491	4.6677878725729	4.66100834065953	4.52272099804039	4.39259009165379	4.74015980260682	4.46377542912014	4.38307040126717	4.67543464681004	4.6977984010541	4.65054905208607
9.04530380019555	9.09969303770003	9.23328987864952	9.11923115576965	9.09288041202016	8.9700940025516	8.9700940025516	8.98505882059087	8.98829728009774	9.42032879066103	8.78783219209766	9.07214746795433
5.40876865707071	5.11198380466911	5.18546394337257	4.80981429305295	5.39421354360647	5.27541922034913	5.05703022225391	5.28692725668779	5.02991462253814	5.00122687009536	5.05703022225391	4.83229911071431
4.21772989417285	4.3412937689308	4.40460837229789	4.7787332626124	3.96403658095151	4.26229216442736	4.2153231689844	4.33232727908499	4.12826927766798	4.46377542912014	4.38880422998926	3.99912659844603
9.89189346567761	9.89189346567761	9.92130944763943	9.83720581860951	9.82037131082013	9.86985898442712	9.83720581860951	9.83720581860951	9.84415113225678	9.89597539132516	9.76533042803396	9.86607983100154
4.91934272575825	5.27955534971551	5.11092502742127	5.01964316353416	5.1744560339223	5.23015250695606	5.30920618121462	5.38768808257474	5.44752402772217	5.32879699949028	5.44956057441967	5.33466517055539
3.52312357670012	3.7021529325462	3.73960607833234	4.14187162132868	3.93205989095172	3.8900598005881	4.82447949441731	4.7386706121431	4.75816249927046	5.05944885797828	4.80535547055313	5.02264987034255
9.01044209236267	8.99267000267204	9.06746123618004	9.0016690312423	8.97781137492589	8.99840199581947	8.94169327402578	8.98694131725779	9.01306049235358	9.24183060730516	8.94234204751436	9.03726427125356
7.77383239292789	7.77875700868776	7.6838680364495	7.87019990104786	7.78368162444763	7.82358184238419	7.76630644194954	7.72308304249721	7.70018572780867	7.70018572780867	7.65282809457728	7.54584335595722
9.59039426310449	9.57631623623878	9.53205096506439	9.65473776110675	9.64255239424476	9.65847043145444	9.68259160688987	9.65473776110675	9.61839438079354	9.37743263918158	9.66421099667195	9.63525031199253
5.24592262367586	5.34786536681142	5.20047077814571	5.60021427457054	5.28374102054928	5.30692182967599	5.88120959729617	5.61903451789026	5.77367439582288	5.66144438228946	5.89036901936907	5.89531850187264
5.13219104851398	5.18208864513974	5.46408187336577	5.31149053275325	5.4064668499943	5.52313333512024	5.38768808257474	5.42768350327717	5.47040303110154	5.4859992488659	5.58313381548652	5.51439734376566
4.66100834065953	4.64524786127842	4.51159388865094	4.32983519851354	4.62094300315157	4.23564919127501	4.62342091098258	4.5333094011054	4.46045876402675	4.72504471181783	4.42981913663123	4.65054905208607
4.14562769467945	4.39858028096962	4.37857541143517	4.01943313157316	4.50255733638279	4.45851617798265	4.10995359339198	4.07825432572257	3.76481194456053	4.02325027401185	4.0354434195868	4.15810135741332
5.79968973804317	5.7824719674721	5.89531850187264	5.93785069677616	5.99293336523109	5.86855097731439	5.81934570417697	5.76418374228422	5.89349014147779	5.64973361155886	5.76994406080039	6.07082924452113
8.93975020504982	8.94299082100293	8.96153213806793	8.90017625446023	8.89443511023392	8.91070117637186	8.88985351320098	8.81476580643344	8.86828033628192	8.88340204248622	8.76785766949035	8.85964808948743
8.81235484089147	8.79107904096671	8.71947251345654	8.86560224153396	8.64350898330755	8.70078232531592	8.61616516221221	8.66932335187706	8.70730452050381	8.27161919502765	8.71367645840217	8.43036049225799
8.99020377490363	8.95871441113244	8.94749409037543	8.77874327275296	8.91916995293928	8.89801368763932	8.70078232531592	8.81837849498922	8.84345305264456	8.81044028759663	8.82489659732409	8.8466476011054
9.93455929111574	9.92798824059639	9.9170956359475	9.97364469634626	10.0005416822624	10.0102578333325	10.0796254741971	10.0403324123817	10.1064856751361	9.81056349891518	9.9522691371877	10.0005416822624
4.21772989417285	4.28263789955438	4.13860985703272	4.17211056915562	4.24244061869084	4.15581495650148	4.24537394364326	4.49736361949461	4.38307040126717	4.322017894967	4.29322790385689	4.48695844898403
4.79458652012143	4.9654864737086	4.91548104717872	5.18760078523908	5.02133955639184	4.94319394395657	5.26294938038747	5.39126212208841	5.5454745112077	5.62208233490112	5.7047946697634	5.59062285024107
4.43890174546446	4.39858028096962	4.70158296899459	4.47842070559189	4.50255733638279	4.28394504890599	4.61030681801697	4.45653364964558	4.5477708586757	4.49240115865999	4.61085579254812	4.68258056718129
5.01213559204921	5.24839421588411	5.12803441223691	5.41706554702421	5.06452652265607	5.15174551806892	5.31954515187927	5.20316997083899	5.44752402772217	5.38519242694073	5.01254591646406	5.36914879813455
3.7174870047464	3.89472370011166	4.3097749047766	4.10732957429697	3.75901313237752	4.13860985703272	4.20069635496926	3.97130092646395	3.91830363812816	4.14187162132868	4.42981913663123	4.55901922753241
4.7448201669865	4.62272797196491	4.79538737475948	4.50064036738454	4.72701565082322	4.62676487635889	4.59702004497266	4.72553542714185	4.39671238292612	4.46377542912014	4.46520031802585	4.88353656244256
9.3389050848778	9.33137451846802	9.20229743068155	9.29218233829639	9.29025585007305	9.28832936184972	9.42325080334938	9.42032879066103	9.47520642021783	8.98505882059087	9.51619567850281	9.49409141168075
4.20350510328641	4.37107509082856	4.21772989417285	4.30650115214428	4.11842395689649	4.43101588501357	3.99365145963681	4.54979994529805	4.56168388968688	4.13049006714589	3.92046558569753	4.35393009871443
4.76484916055616	4.99773976689896	4.53063789367342	4.55090801384918	4.77212823813546	5.1744560339223	4.79822222371628	4.56265959741988	4.51159388865094	4.33232727908499	4.08163485158676	4.6185867543924
9.3988899428772	9.38745285720195	9.41192175394518	9.3389050848778	9.44320738949176	9.46267634543411	9.43499049166352	9.38503197771361	9.39277323207077	9.49077425635491	9.42710600910523	9.35942844634838
7.67266408561007	7.80635755239514	7.64757941246918	7.77875700868776	7.58876366040773	7.62843210356616	7.54584335595722	7.44908293398447	7.65807677668537	7.44605407086072	7.40575432144492	7.314090849202
4.94266779612888	5.06452652265607	4.82447949441731	5.09499946885104	5.07882455346555	5.11656592570575	4.75574356570566	4.75909833059468	5.09355524432472	4.75640569196488	4.96691653128761	4.7787332626124
4.57193575398766	4.58349443218033	4.37857541143517	4.58145693965769	5.13574681596028	4.7386706121431	4.62342091098258	4.47323875545921	4.50462056482661	4.48105813980565	4.06145486853928	4.57962406057204
8.30256814433152	8.32596091508813	8.27161919502765	8.29924578197413	8.18954270353023	8.27568250526919	8.17888866429846	8.08376205815824	8.21572712964718	8.71947251345654	8.11049552841634	8.20414719224261
5.61903451789026	5.69438484456397	5.67438324789565	5.51439734376566	5.73767603009067	5.76103200530315	5.44956057441967	5.51663796729054	5.56334577774816	5.35586636676879	5.33673729175009	5.21745398601863
10.0005416822624	10.0190815423764	9.9522691371877	10.0303150471507	10.0502376860743	10.0190815423764	10.1516006808307	10.0903936570265	10.0620817390527	9.90141674835181	9.91081853803945	10.0403324123817
9.85625175412876	9.93455929111574	9.73229162620687	9.85059802811072	9.85927621585236	9.91081853803945	9.96367060136658	9.92130944763943	9.92798824059639	9.65847043145444	9.83720581860951	9.96367060136658
8.87098412031527	8.90173388107277	8.76182640192253	8.82174215123633	8.79517245194696	8.87098412031527	8.84442709154607	8.90173388107277	8.90950318607639	8.59206028756965	8.83108322841546	8.76459685893999
5.20581424880215	4.92685945277298	5.18546394337257	4.86951657433271	4.94607070285087	5.08561571721766	5.16721292199238	5.13287506762361	4.99773976689896	5.15839060197009	5.14669868679532	5.1935496390128
8.9830211796615	9.05491354341858	8.94299082100293	9.12498631980003	9.01212513755944	8.99840199581947	9.06746123618004	9.05933242364664	9.08635249546036	9.10653377938201	8.92892040704236	9.08855966377376
4.83305943084352	4.62272797196491	4.58349443218033	4.70019496775915	4.43890174546446	4.26229216442736	4.75574356570566	4.13585776011956	4.36586781437394	4.85061063451765	4.49531823864117	4.51854270812702
5.97522451108297	6.1794992869362	6.0130017140415	6.48192736999465	6.26264373166044	6.07082924452113	6.55735478342203	6.57764505443413	6.57764505443413	6.92977142121101	6.58764705134143	6.627184681095
3.98054675774449	4.3412937689308	4.43807545639237	5.29862654186404	4.41764752121995	4.48791450022737	5.32591409174058	5.34243815731975	5.40466309384829	5.93785069677616	5.31149053275325	5.50450160045454
7.20353680206355	7.19600512780183	7.41794164738832	7.07954706903887	7.37575778007126	7.314090849202	7.07954706903887	7.04080210975599	7.05538752747079	7.40575432144492	7.07954706903887	7.12811658451446
8.77191857571785	8.90017625446023	8.71367645840217	8.97242196577956	8.73736121729773	8.78347708668112	8.66932335187706	8.65527329088706	8.75174845651699	8.64129160698983	8.81837849498922	8.54231140689652
9.29903265462322	9.34664605517634	9.42508559904494	9.17459519862392	9.29903265462322	9.24956962170272	9.16998230817488	9.26039536964419	9.14684785576318	9.2041483146685	9.19798173654457	9.20044654669459
5.29093950072795	5.29862654186404	5.02604241138825	5.16177374692694	5.34786536681142	5.38269677130673	4.98264569494902	5.30692182967599	5.29340300123309	4.96041214378773	4.54979994529805	5.02991462253814
9.74569852203803	9.70725940928035	9.88244665696715	9.6870158559084	9.66697590245881	9.72727664703618	9.57036214767655	9.59039426310449	9.66421099667195	9.77686430709304	9.65847043145444	9.69146250997876
4.60257829738504	4.38307040126717	4.37857541143517	4.37022544356974	4.79791939036361	4.7821036567658	4.35269701522042	4.5333094011054	4.41764752121995	4.4243420433883	4.22939242956898	4.50064036738454
5.35586636676879	5.38269677130673	5.26893039363432	5.51439734376566	5.37165725007352	5.34477672371353	5.35081521319113	5.30692182967599	5.35376505957083	5.28827389558288	5.30013358434858	5.27073824740387
9.21055974727077	9.16548466833362	9.28122747338661	9.09045138433782	9.17459519862392	9.17459519862392	9.13104582217867	9.20044654669459	9.09045138433782	8.88022704392701	9.12881415865153	9.17459519862392
8.96776854401843	8.94169327402578	9.03479360386929	9.13320947760094	9.20740121942412	9.15948920873294	9.27368875609843	9.23226595069069	9.29475266116818	9.5198241769045	9.16548466833362	9.29903265462322
6.3712607971179	6.3986142232594	6.42269096472906	6.39539537182625	6.55735478342203	6.46796456595846	6.42269096472906	6.38480025725222	6.6131212190875	6.23680093809671	6.48192736999465	6.24818561727699
9.41192175394518	9.43499049166352	9.38128839510408	9.42508559904494	9.44098119617156	9.42325080334938	9.45339753573775	9.3959509917701	9.42710600910523	9.47836933006091	9.55553237359696	9.36211832962297
7.26344602617053	7.40575432144492	7.12811658451446	7.29744016495002	7.26344602617053	7.16124377209336	7.10372599871707	6.95464813422112	7.09163653387797	7.00138042183833	7.18847345354011	6.903589856893
4.71630812362742	4.42173968635682	4.53063789367342	4.40560609243673	4.50255733638279	4.76714075051097	4.50662260726751	4.71224793374712	4.39671238292612	4.38263001619591	4.51854270812702	4.55901922753241
6.03991702108617	6.33716151850718	5.88120959729617	5.94515913743031	6.03991702108617	5.95214378926964	5.94150491710324	5.7047946697634	5.97522451108297	6.0960110233979	6.07810355319915	5.60348531664462
8.98829728009774	9.00969440196005	9.03479360386929	9.11401730055341	8.96153213806793	9.00557336486933	8.98829728009774	8.92672132233468	8.95764066245122	9.08270978255893	8.96526424078599	8.96526424078599
8.01580597881653	8.08376205815824	8.03049824221006	8.09132163171658	8.08376205815824	8.13465445815227	8.26336180182838	8.15126752556259	8.31660015264439	8.76279226729599	8.70954850850076	8.4603979372181
4.39764633194787	4.31757103107237	4.25698126532574	4.95147368849867	5.10214100688323	4.86923235492205	5.57169366282509	5.68839526008467	5.68839526008467	5.94515913743031	5.91293386064702	5.89531850187264
2.61276619016526	2.80038315455695	2.61276619016526	3.99638902904142	3.18538947308401	3.0661384682758	4.07616911976606	4.03858712801305	4.28263789955438	5.41706554702421	4.98912764444404	4.7368365131928
9.73229162620687	9.72066521877333	9.70271995569134	9.89597539132516	9.72066521877333	9.73918665112294	9.73584113488575	9.70271995569134	9.78368883573312	9.73229162620687	9.74118731746203	9.66151784212191
4.29046906338917	3.84253150933284	4.23564919127501	3.81060122492361	4.11842395689649	4.43101588501357	4.15094452767656	4.18142549514318	3.63392680356471	3.26664588828223	3.3524412434153	3.99912659844603
8.80147179936915	8.72523035839006	8.849573769159	8.7025564663771	8.70078232531592	8.72523035839006	8.62110406419815	8.71367645840217	8.70730452050381	8.73225816127462	8.57948369235934	8.71784066204684
7.93386747449166	7.96152430614574	8.00614405950756	8.07525563634306	7.91984030061159	7.91330476572797	7.82632024684494	7.59426031813131	7.72308304249721	8.10449324437553	7.94312108932026	7.69350858759633
7.85912167045301	7.83178603559975	7.76630644194954	7.74888303366085	7.83756197966396	7.72308304249721	7.74888303366085	7.65807677668537	7.79159091799688	7.82632024684494	7.93386747449166	7.73063830658889
8.55694628322969	8.56590515105104	8.43036049225799	8.62556063111103	8.53898865581826	8.50707920123237	8.55492867426083	8.49623225807173	8.52985616760878	8.88985351320098	8.38802411993731	8.57533682643664
10.0190815423764	10.0502376860743	9.97364469634626	9.94511516545099	9.99033700538444	9.97364469634626	10.0903936570265	10.0102578333325	10.0903936570265	9.76533042803396	10.0903936570265	10.0102578333325
2.92038906264552	3.0661384682758	2.50269429320776	2.7183060159832	2.80038315455695	2.61276619016526	2.37896162968084	2.7183060159832	2.61276619016526	2.06358650546491	2.37896162968084	2.4408279614443
4.83305943084352	4.93510368997134	4.94266779612888	4.93054391603748	4.77212823813546	4.7386706121431	4.66539247480969	4.93396263865542	4.79618822939752	4.72504471181783	4.6977984010541	4.82447949441731
4.41764752121995	4.46477549439643	4.48392610483076	4.6820938253043	4.29953356029562	4.47041769500874	4.32983519851354	4.17211056915562	4.08293017149443	4.38263001619591	4.51854270812702	4.40153780455419
9.49409141168075	9.49876345760298	9.53515457176805	9.40912388432799	9.33555069621068	9.25821394422403	9.18413118148269	9.25433744982107	9.22932132009015	9.39277323207077	9.16998230817488	9.31258144015413
9.6756266816054	9.6756266816054	9.73918665112294	9.61703702047169	9.63071209533675	9.63976360260014	9.53205096506439	9.61034519296338	9.5468337320295	9.74966507667155	9.50636141212408	9.58507744769292
9.04530380019555	9.11049038918414	9.09288041202016	9.29475266116818	9.20044654669459	9.14396039889344	9.16324560158822	9.09590481576771	9.22548388672864	9.19798173654457	9.27627385649423	9.15948920873294
8.47237501200396	8.37173831596973	8.68538111324526	8.3058905066889	8.44330120487839	8.39238956863769	8.23664070262704	8.32596091508813	8.16067754476015	8.74173670014228	7.91984030061159	8.36399755459524
5.07723735529236	5.04123890435868	5.21076571734266	5.31149053275325	5.24303387471126	5.25308289319001	4.9620169384094	5.06078022605459	5.07803095437896	5.4000121514134	5.10418608444137	5.27541922034913
5.57169366282509	6.03991702108617	5.87253780769073	5.74956174364702	5.70724641323865	5.79968973804317	5.76418374228422	5.68839526008467	5.83148287431104	5.90842826049634	5.89714686226748	5.91293386064702
6.70078706653463	6.45025092031602	4.05827851736908	5.24839421588411	4.79791939036361	4.96101214203954	5.63919189206961	5.79626912700878	4.62094300315157	4.40510723236731	3.79636470539452	3.88725172154315
5.92750292415304	5.32879699949028	3.18538947308401	4.50064036738454	4.01097106687108	3.80059932549418	4.86631425357296	5.21901720872528	3.98643487769611	3.72640235177932	2.92038906264552	3.18538947308401
9.82037131082013	9.77113577863811	9.85625175412876	9.77686430709304	9.85927621585236	9.88244665696715	10.0303150471507	10.0796254741971	9.93455929111574	9.91081853803945	10.0005416822624	10.1064856751361
9.70271995569134	9.69494472129465	9.77686430709304	9.70271995569134	9.75178551843126	9.75695467655704	9.79736219590719	9.73918665112294	9.79736219590719	9.92798824059639	9.78368883573312	9.70271995569134
5.20581424880215	5.41706554702421	5.02604241138825	5.16177374692694	5.4879462166049	5.29340300123309	5.6807276905484	5.78753920409883	5.37416570201249	5.47929639942428	5.37416570201249	5.51439734376566
9.42325080334938	9.25821394422403	9.43499049166352	9.45339753573775	9.5414788148849	9.52216220076851	9.65847043145444	9.73229162620687	9.52450022463251	9.60534814293609	9.46434402642926	9.78368883573312
5.89349014147779	5.61488886351799	5.79626912700878	6.1606075152202	6.05402296286638	6.26790567060705	6.45025092031602	6.43551278768041	6.41685648579123	6.28786625103108	5.94150491710324	6.36166453071861
5.434266434426	5.27955534971551	5.21901720872528	5.05703022225391	5.29862654186404	5.52313333512024	5.53066964190061	5.52313333512024	5.20047077814571	5.88120959729617	5.78753920409883	5.79190416555381
9.27700368373774	9.27032242344786	9.37743263918158	9.19471895375549	9.26951760579002	9.26871278813218	9.15392368712062	9.2041483146685	9.17249349016677	9.09590481576771	9.10653377938201	9.26039536964419
5.71683734462883	5.65558899692416	5.96163008401476	5.79190416555381	5.90278756138191	5.65558899692416	5.86855097731439	5.96163008401476	5.74956174364702	5.82859669569293	5.67438324789565	5.91293386064702
7.17485861281673	7.16124377209336	7.19600512780183	7.20353680206355	7.32686473884248	7.40575432144492	7.59426031813131	7.75627036806511	7.53701378750743	7.94312108932026	7.35431915114238	7.79159091799688
6.73225262114138	6.627184681095	6.80491229382341	6.57764505443413	6.73225262114138	6.72543703620159	6.83482707529391	6.70078706653463	6.79140053597086	6.77717069770122	6.74864624901743	6.92977142121101
8.34174996852576	8.31660015264439	8.49623225807173	8.55896389219854	8.50707920123237	8.57056127362323	9.23633913700155	9.33137451846802	9.28832936184972	9.36444892563543	8.98694131725779	9.28122747338661
6.06566919340594	5.89036901936907	6.30099199521536	6.04753678344202	6.28786625103108	6.37803052718506	6.3712607971179	6.47494596797655	6.26790567060705	6.13716474859206	5.88120959729617	6.11002121391865
8.61616516221221	8.54563415797478	8.75565024308142	8.76640145058399	8.96776854401843	8.97478147285825	9.29903265462322	9.43053528528624	8.99738446671169	9.14396039889344	8.86375572395533	9.17249349016677
8.04529799455403	7.74888303366085	7.96775829410538	7.54584335595722	7.74533940422715	7.65282809457728	8.12366900868743	8.22645429216904	7.70729245512031	7.59426031813131	7.75627036806511	7.87904708663424
6.0011546139278	6.12836666147817	6.36166453071861	6.23680093809671	6.3986142232594	6.17586452844385	6.65597331377852	6.76302399189851	6.46796456595846	6.903589856893	6.50123166974323	7.05538752747079
8.76640145058399	8.66403892350727	8.77191857571785	8.67581558747912	8.75565024308142	8.73225816127462	9.16548466833362	9.29218233829639	9.0188574892156	8.92672132233468	9.11401730055341	9.24477469602322
4.20350510328641	4.50579631819542	3.97923899016046	4.41764752121995	3.80483394559383	4.09635680345848	5.01964316353416	4.70019496775915	4.85652042855301	4.93282158733951	5.14024045259878	4.89108558757487
7.05538752747079	6.99218118865765	6.99218118865765	6.66332691688129	7.05538752747079	6.87889427484415	6.6391503938832	6.79815641489713	6.55735478342203	6.54133354550255	6.54934416446229	6.77717069770122
4.50774098358104	4.39858028096962	4.28166441580041	4.986675144106	4.75909833059468	4.92294678427455	5.67438324789565	5.67210445551062	5.6807276905484	5.81735370405452	5.51663796729054	5.64973361155886
6.11733907449002	6.36166453071861	6.21657318852981	6.68174108743252	6.45910774313724	6.58264605288778	7.0276153161372	7.20353680206355	6.94220977771606	7.41794164738832	6.91468100373474	7.04080210975599
6.23680093809671	6.03991702108617	6.04372690226409	6.54133354550255	6.6391503938832	6.55735478342203	7.0276153161372	7.05538752747079	6.94220977771606	6.96432552029426	6.65597331377852	7.16124377209336
5.09897824486447	5.26294938038747	5.18546394337257	4.96242173652745	5.20233823820952	5.1744560339223	5.12986142043059	5.03800493885593	4.90930102443009	4.9845097618352	4.97280301059772	5.20941617902576
5.27470208910052	5.21211525565956	5.45159712111717	5.18760078523908	5.50832916034765	5.32272962180993	5.37416570201249	5.36914879813455	5.18208864513974	5.25860184903623	5.01652637054638	5.26294938038747
5.05944885797828	5.23817807879057	5.04123890435868	5.07160726486894	5.16068194241537	4.97769354518985	5.18760078523908	5.37926716428963	5.22673820599261	5.18760078523908	5.05703022225391	5.35796767396675
4.9959639383341	4.94319394395657	4.87098259941899	4.66888811575226	5.0921110197984	4.81108519397025	4.7939005909959	4.90150279369044	4.96405641612959	4.9280495906312	4.90987402584819	5.12236531341766
5.68456147531653	5.54069039223319	5.68839526008467	5.69958975716369	5.68839526008467	5.81033488404776	6.1246569350614	6.14225310928919	6.03991702108617	6.08186353267267	5.97870961965977	6.07810355319915
9.18413118148269	9.16998230817488	9.25433744982107	9.08745607961706	9.06032778847915	9.07485458327196	9.06325774839061	9.10653377938201	8.94299082100293	8.87761043797069	8.90312607961028	9.07485458327196
9.16548466833362	9.03971850287319	9.12881415865153	9.06325774839061	9.04307046542223	8.97242196577956	9.02704581076513	9.09045138433782	8.98505882059087	8.87457881543279	8.89265915014357	8.98761929867776
5.18546394337257	5.11198380466911	4.94266779612888	5.07882455346555	4.91738749251331	4.94319394395657	4.79822222371628	4.95567198043362	4.73953848553023	4.9210334480609	4.90150279369044	4.91836510913578
4.83305943084352	4.25746800720272	4.54979994529805	4.82211533148892	4.93184810358554	4.7821036567658	5.10009592932508	5.19584933651474	4.87791751221838	5.1762986108133	4.89058672750545	5.41406800558566
9.36677952164788	9.28368533843645	9.48294113437973	9.28832936184972	9.35942844634838	9.32345827522328	9.218924380231	9.31608147833962	9.21524456161984	9.47195860835263	9.11923115576965	9.33555069621068
5.05944885797828	4.75453743307872	4.63496367623369	5.17257183804815	5.4064668499943	5.21076571734266	5.70969815671391	5.86855097731439	5.38768808257474	5.71683734462883	5.28558061779271	5.77367439582288
4.98057809664345	4.95540421921864	4.96691653128761	5.37416570201249	5.28374102054928	5.04558079620684	5.83436905292914	5.97870961965977	5.64973361155886	6.06050914229074	5.58313381548652	5.76418374228422
6.95464813422112	6.86426693652602	6.92977142121101	7.25219646829747	7.18847345354011	7.28405695782127	7.65807677668537	7.80635755239514	7.73063830658889	7.69350858759633	7.53701378750743	7.87019990104786
6.26264373166044	6.03991702108617	5.97522451108297	6.1246569350614	6.19792622628429	5.94515913743031	6.36166453071861	6.40183307469255	6.22401388245547	6.82005618632655	6.77717069770122	7.0276153161372
5.24592262367586	5.57169366282509	5.28960669815541	4.64624558141725	5.02133955639184	4.99207766679988	4.83914981016583	4.99375199598962	4.56168388968688	4.58475347581114	4.45851617798265	4.7787332626124
10.2345117975624	10.1325564418143	10.1516006808307	10.2345117975624	10.2633186073575	10.2345117975624	10.3332582191274	10.4997496634231	10.3332582191274	10.2633186073575	10.2345117975624	10.3332582191274
9.90611764319563	9.81531975772951	9.93455929111574	9.99033700538444	9.98294534163715	9.96367060136658	9.98294534163715	10.0502376860743	9.96367060136658	10.0620817390527	9.97364469634626	10.0303150471507
7.07954706903887	7.01057965501901	7.05538752747079	6.70970425889822	7.04080210975599	6.80491229382341	6.54133354550255	6.71862145126181	6.45025092031602	6.55735478342203	6.40183307469255	6.35222007801437
7.61677953934057	7.43001923854916	7.62843210356616	7.62843210356616	7.6838680364495	7.69350858759633	7.96152430614574	8.11049552841634	7.87904708663424	7.46986630714392	7.23281670977263	7.77383239292789
6.22029353549264	6.25278370499541	6.40183307469255	6.03991702108617	6.30099199521536	6.33716151850718	6.15535403240355	6.11002121391865	5.95214378926964	5.91743946079769	5.86855097731439	6.0011546139278
6.36166453071861	6.0960110233979	6.4110220068534	6.42269096472906	6.49582032186453	6.40183307469255	6.31118973052062	6.33716151850718	6.39539537182625	6.19792622628429	6.35222007801437	6.26790567060705
6.91468100373474	6.70078706653463	6.86426693652602	6.80491229382341	6.903589856893	7.00138042183833	6.77717069770122	6.86426693652602	6.85272695469359	6.87889427484415	6.76302399189851	6.95464813422112
5.68456147531653	5.46682169905744	5.61074320914572	5.68456147531653	5.57795837515675	5.56334577774816	6.08562351214619	6.07810355319915	5.84281250858066	5.98219472823656	5.76418374228422	6.03991702108617
6.6391503938832	6.65597331377852	6.79140053597086	6.6131212190875	6.71862145126181	6.76302399189851	6.80491229382341	6.85272695469359	6.58764705134143	6.83482707529391	6.4110220068534	6.76302399189851
6.4110220068534	6.58764705134143	6.67068051998406	6.21657318852981	6.58764705134143	6.45025092031602	6.21657318852981	6.23680093809671	6.27904285784592	6.50843231193783	6.36166453071861	6.43551278768041
9.73918665112294	9.71217390411572	9.81531975772951	9.72408310333576	9.65999413678817	9.66421099667195	9.6756266816054	9.80110269037696	9.59240211576346	9.66421099667195	9.608578188212	9.6756266816054
5.58430246798568	5.72278701332368	5.90842826049634	5.64973361155886	5.80672261656266	5.8385907807549	5.61074320914572	5.63175390146304	5.62844202668751	5.63175390146304	5.67438324789565	5.63175390146304
6.43551278768041	6.50123166974323	6.627184681095	6.32927449216653	6.36166453071861	6.35222007801437	5.99293336523109	6.14225310928919	5.93785069677616	5.81033488404776	5.7319646035806	5.84719377805706
4.8826528139856	5.04123890435868	4.91548104717872	4.86951657433271	4.79791939036361	5.07515826567336	5.07803095437896	5.13287506762361	4.93233484546252	5.16721292199238	5.08915274544705	5.27955534971551
5.45159712111717	4.92685945277298	5.76706390154231	5.67210445551062	5.61074320914572	5.42200141739342	5.44263348372495	5.63175390146304	5.41920517017265	5.30200657316796	5.16721292199238	5.47929639942428
6.53650288645328	6.57764505443413	6.48192736999465	7.04080210975599	6.9740029063674	6.82744163081023	7.5261217427435	7.68868831202292	7.40575432144492	7.75627036806511	7.43001923854916	7.74888303366085
6.48192736999465	6.38480025725222	6.3712607971179	6.39539537182625	6.57764505443413	6.53167222740401	6.39009781453924	6.39539537182625	6.33716151850718	6.36166453071861	6.33716151850718	6.45910774313724
5.15151995572782	5.17257183804815	5.28960669815541	5.31149053275325	5.36348769155967	5.36348769155967	5.66144438228946	5.83148287431104	5.50450160045454	5.62208233490112	5.56943573832404	5.75788026832209
4.71630812362742	4.69147915235428	4.83445754868468	4.93054391603748	4.97158692767828	4.83556181057486	4.71224793374712	4.86980079374338	4.83200516248373	4.97401909351716	4.98086640555761	5.13574681596028
4.98057809664345	4.62272797196491	5.11092502742127	5.32879699949028	5.11304258191695	4.94319394395657	5.59694323249647	5.53066964190061	5.53590627325869	5.92750292415304	5.83436905292914	5.80672261656266
8.07525563634306	7.95051462751591	8.15597253516137	8.35974662526029	8.47237501200396	8.44330120487839	9.08855966377376	9.11923115576965	8.95764066245122	8.86076273940959	8.72202805611251	8.97999726494346
7.12811658451446	7.05538752747079	7.23281670977263	6.94220977771606	7.12811658451446	7.10372599871707	6.92977142121101	7.16124377209336	6.87889427484415	6.39009781453924	6.51563295413243	6.6391503938832
9.608578188212	9.55553237359696	9.67932591269626	9.48294113437973	9.55096440700013	9.55553237359696	9.46100866443896	9.55705832247093	9.36077338798568	9.50953501912967	9.41192175394518	9.51619567850281
6.22029353549264	6.11002121391865	6.27347426422648	6.43551278768041	6.49582032186453	6.25738179271383	6.51563295413243	6.65597331377852	6.38480025725222	6.43551278768041	6.28786625103108	6.55735478342203
4.86879517267965	4.88353656244256	5.12803441223691	5.08422015117481	5.39421354360647	4.94319394395657	5.05703022225391	5.11827595414109	4.81170176806481	4.8369543813792	4.57962406057204	4.90062202354792
4.80871363380527	4.98697645949063	5.0921110197984	4.986675144106	4.98175605025331	4.79822222371628	5.16721292199238	5.15839060197009	5.30387956198735	5.1935496390128	5.03854635253716	5.31760259736413
4.43890174546446	4.42173968635682	4.4722667315574	4.47842070559189	4.50255733638279	4.37022544356974	4.29551560140913	4.52191681720425	4.26846359680817	4.63066648302006	4.56131622925409	4.69528563948788
7.17485861281673	7.10372599871707	7.16124377209336	7.45211179710823	7.51600673010106	7.42398044296874	7.8905260425478	7.95051462751591	7.76630644194954	8.11753275973872	7.60516594950478	8.17888866429846
6.57764505443413	6.53167222740401	6.24818561727699	6.85272695469359	6.82005618632655	6.77717069770122	7.42398044296874	7.58326700268416	7.23281670977263	7.67266408561007	7.30576550707601	7.47803194507006
4.95091781264945	5.02604241138825	5.05703022225391	4.50064036738454	4.96041214378773	4.62676487635889	4.65368894377508	5.10720723997261	4.5922470547274	5.14669868679532	4.92923972848943	5.12236531341766
9.20044654669459	9.06325774839061	9.11923115576965	8.97999726494346	9.05225862438421	9.00557336486933	8.92536807030478	9.07874286081437	8.81837849498922	8.7693138883967	8.70380849944197	8.93301424429572
5.15151995572782	5.21211525565956	5.05703022225391	5.01964316353416	4.91738749251331	4.84873200104554	4.9620169384094	4.92585978663059	4.89158444764429	5.24303387471126	4.93659295022701	5.20941617902576
4.52231890762232	4.18090503913554	3.81636850425339	4.79618822939752	4.29953356029562	4.51582922365535	4.98264569494902	5.01794677067649	4.96405641612959	5.13287506762361	5.02396018429325	4.97158692767828
4.76484916055616	4.28263789955438	4.78116333082732	4.38307040126717	4.37245546389711	4.66432793159363	4.78769352425217	4.95567198043362	4.85061063451765	4.91711973129833	4.72362568397936	5.03854635253716
9.53984857819921	9.49077425635491	9.5468337320295	9.40171273454071	9.45003956492788	9.47932237531483	9.38128839510408	9.5468337320295	9.26039536964419	9.35942844634838	9.31258144015413	9.38128839510408
3.03372635191468	3.29763673721066	3.233317442291	2.92038906264552	3.0661384682758	3.233317442291	3.54247148180764	3.37383467844101	3.31434227280013	3.84571068270294	3.28214131274645	3.26664588828223
5.41920517017265	5.71683734462883	5.5454745112077	5.73767603009067	5.62208233490112	5.59694323249647	5.7319646035806	5.7319646035806	5.89349014147779	5.60711426289517	5.67438324789565	5.69438484456397
5.98756404673383	6.19792622628429	6.22401388245547	6.06050914229074	6.11002121391865	5.99293336523109	5.96163008401476	6.0130017140415	5.92247119247537	5.7319646035806	5.62513015191197	5.74956174364702
8.9700940025516	8.80856786205137	9.01306049235358	8.64350898330755	8.84247901374304	8.88800139256825	8.94299082100293	9.04626721248966	8.69642969429229	9.01118978276529	8.49623225807173	8.90685746975292
5.434266434426	5.62844202668751	5.65558899692416	5.26173692165912	5.4879462166049	5.39421354360647	5.53590627325869	5.5454745112077	5.34477672371353	5.35586636676879	5.4859992488659	5.57795837515675
9.66697590245881	9.66697590245881	9.74569852203803	9.64255239424476	9.77517013971715	9.78368883573312	9.73229162620687	9.78368883573312	9.6870158559084	9.81531975772951	9.53655540940067	9.79736219590719
7.65282809457728	7.46986630714392	7.72308304249721	7.82632024684494	8.06800665583938	7.79159091799688	8.66403892350727	8.85636620026888	8.43036049225799	8.68043400842457	8.67581558747912	8.76086053654906
4.91934272575825	4.92685945277298	4.9559397416486	5.01964316353416	5.13574681596028	4.76714075051097	5.18760078523908	5.31760259736413	4.86879517267965	5.06452652265607	5.11198380466911	5.2356484908935
10.7295446626795	10.7295446626795	10.7295446626795	10.7295446626795	10.7295446626795	10.7295446626795	10.6258932219968	10.7295446626795	10.6258932219968	10.7295446626795	10.4349965450207	10.6258932219968
6.68174108743252	6.6131212190875	6.38480025725222	7.10372599871707	7.01057965501901	7.0276153161372	7.90244120644741	7.83756197966396	7.96775829410538	8.60161451605967	8.3058905066889	8.27974581551073
7.85912167045301	7.69350858759633	7.79159091799688	7.93386747449166	7.90244120644741	7.89648362449761	8.25487235851508	8.4807909316726	8.15126752556259	8.06800665583938	8.2887651357759	8.34174996852576
10.1516006808307	10.0796254741971	10.2633186073575	10.0502376860743	10.0903936570265	10.0796254741971	10.0620817390527	10.1516006808307	9.97364469634626	10.0796254741971	10.0796254741971	10.0502376860743
7.25219646829747	7.19600512780183	7.32686473884248	7.6838680364495	7.54584335595722	7.6838680364495	8.55896389219854	8.64350898330755	8.26336180182838	8.22645429216904	8.25487235851508	8.60548011983439
5.05944885797828	5.06452652265607	4.67891788492547	4.75453743307872	4.68497917615314	4.71323744210448	4.93510368997134	5.01024073916678	4.87791751221838	5.24839421588411	5.22058043143192	5.49295983001882
6.15535403240355	6.01806010338278	6.25738179271383	6.30099199521536	6.12836666147817	6.32138746582588	6.26790567060705	6.3712607971179	6.35222007801437	6.33716151850718	6.43551278768041	6.51563295413243
4.43890174546446	3.97461607452019	4.28166441580041	4.23041562371719	4.56265959741988	3.99638902904142	3.80483394559383	4.22359270884487	4.15919542339614	4.25746800720272	4.24390728116705	4.06422861520603
4.57193575398766	4.35801698786856	4.26792446948703	4.21220806736208	3.90517594034256	4.59702004497266	4.60108465914509	4.36690594401637	4.4722667315574	4.53921278282771	4.79791939036361	4.69528563948788
4.10267228469867	4.25746800720272	3.97923899016046	3.74389445785243	3.97923899016046	4.01561598913446	3.91596653881208	4.03858712801305	3.89472370011166	3.93432030512774	3.959536140767	3.77388917071395
9.02329202761167	8.98761929867776	8.99738446671169	8.96526424078599	8.92892040704236	8.93126104749195	8.8532484752525	8.90312607961028	8.87891874094885	8.97999726494346	8.83863335583498	8.78674799791263
4.95091781264945	4.98057809664345	4.83445754868468	5.34360744051664	5.15151995572782	5.13102623447229	5.09063188262272	5.08738423133235	5.17068764217401	5.43056934194014	5.06337354112977	4.7787332626124
4.45851617798265	4.60882257319876	4.3097749047766	4.25746800720272	4.34240087718809	4.17819862133014	4.35269701522042	3.87082138435654	4.26846359680817	4.28394504890599	4.54979994529805	4.38525951530803
4.63066648302006	4.81330753359208	5.07723735529236	5.25488106416585	4.77212823813546	4.8971569309558	5.1208665195226	5.21901720872528	5.19201659648578	5.49602647569375	5.27272016825219	5.53328795757965
4.9959639383341	5.26294938038747	5.11092502742127	5.37416570201249	5.32735554561543	5.18546394337257	5.19469948776377	5.32591409174058	5.28558061779271	5.28827389558288	5.09499946885104	5.1098148706444
4.41764752121995	4.28263789955438	4.51159388865094	4.40560609243673	4.5778431956198	4.48791450022737	4.56168388968688	4.52191681720425	4.49736361949461	4.49240115865999	4.3097749047766	4.40153780455419
3.20277373540791	2.92038906264552	3.7021529325462	3.20277373540791	3.24998166528662	3.53279752925388	2.92038906264552	3.20277373540791	3.11707183951795	3.55168429095698	3.84253150933284	3.73960607833234
7.90244120644741	7.82632024684494	7.70018572780867	7.34535692188844	7.25219646829747	7.18847345354011	6.68174108743252	6.6391503938832	6.67068051998406	5.95214378926964	6.23040741027609	6.27904285784592
5.29862654186404	5.4000121514134	5.4859992488659	5.29862654186404	5.28374102054928	5.34477672371353	5.33466517055539	5.10720723997261	5.33673729175009	5.09063188262272	5.04406743953408	5.1762986108133
8.95656691376999	8.88022704392701	8.85636620026888	8.81837849498922	8.85853343956528	8.82705934869045	8.87457881543279	8.90685746975292	8.8532484752525	8.76086053654906	8.83406234293621	8.84055618478901
4.89258218769893	4.78243668971386	4.76714075051097	4.43848860092841	4.75909833059468	4.72504471181783	4.75574356570566	4.76714075051097	4.75816249927046	4.35688445760256	4.56131622925409	4.50064036738454
7.95051462751591	8.04529799455403	7.96152430614574	8.15126752556259	8.07525563634306	8.03826822730032	8.08376205815824	8.01580597881653	8.08376205815824	7.96152430614574	7.90244120644741	7.8905260425478
8.16853406414264	8.11049552841634	8.16853406414264	8.11049552841634	8.18601791373385	8.14143619431177	8.04529799455403	7.87019990104786	8.03049824221006	8.3482176462492	8.05544134862061	7.91984030061159
4.10267228469867	4.5333094011054	3.97923899016046	4.37022544356974	4.32687892804186	4.39259009165379	4.07616911976606	4.13585776011956	4.33303035485851	4.21220806736208	4.15810135741332	4.2821511576774
8.68815074380747	8.71620881063714	8.79107904096671	8.6912994808454	8.66932335187706	8.78783219209766	8.63249252808252	8.68815074380747	8.66403892350727	8.99267000267204	8.75174845651699	8.63578337937732
4.47041769500874	4.23041562371719	4.26792446948703	4.24390728116705	4.43890174546446	4.51582922365535	4.10063901419539	4.36690594401637	4.06003207575937	4.13860985703272	3.79636470539452	4.2821511576774
9.12498631980003	9.06746123618004	9.17459519862392	9.04626721248966	9.12498631980003	9.07214746795433	9.00969440196005	9.08855966377376	9.05225862438421	9.26604480409839	9.06325774839061	9.06032778847915
3.6714315744163	3.76481194456053	3.5707002443668	3.69095662761829	3.86925746110506	3.86769353785357	3.77061075674353	3.99912659844603	3.79636470539452	3.91596653881208	3.75692652550796	3.54247148180764
9.09045138433782	9.10210596227941	9.05225862438421	9.19798173654457	9.10653377938201	9.12881415865153	9.28832936184972	9.22548388672864	9.24582048866074	9.27773351098124	9.15392368712062	9.17941016372511
4.60257829738504	4.66539247480969	4.63496367623369	4.63247267290795	4.34240087718809	4.69528563948788	4.58475347581114	4.81330753359208	4.56168388968688	4.78243668971386	4.58475347581114	4.51854270812702
9.86985898442712	9.85625175412876	9.84067847543314	9.92130944763943	9.92130944763943	9.86230067757596	9.99033700538444	10.0303150471507	9.98294534163715	9.86985898442712	10.0502376860743	9.93455929111574
4.41764752121995	4.50579631819542	4.26792446948703	4.17211056915562	3.97923899016046	4.28394504890599	4.24537394364326	4.49736361949461	4.02789472514722	4.22359270884487	4.40068141579241	3.87082138435654
9.48702018170837	9.52450022463251	9.46100866443896	9.48702018170837	9.53515457176805	9.47520642021783	9.56357110157832	9.57631623623878	9.53984857819921	9.3959509917701	9.4584158719001	9.4584158719001
4.78055603783692	4.35801698786856	4.58349443218033	4.3511371276657	4.26900272412932	4.69528563948788	4.49736361949461	4.50885935989456	4.22064906306725	4.2377532096957	4.40510723236731	4.2821511576774
5.32879699949028	5.51663796729054	5.20449210982057	5.83436905292914	5.70724641323865	5.71683734462883	5.76994406080039	5.70969815671391	5.7047946697634	5.59694323249647	5.61903451789026	5.55725581717229
9.68259160688987	9.66286441939693	9.72066521877333	9.71606341782312	9.72727664703618	9.66421099667195	9.6485739810306	9.66697590245881	9.67932591269626	9.608578188212	9.6870158559084	9.66697590245881
3.59380001436545	3.55168429095698	4.0299147700173	3.81060122492361	3.74389445785243	3.86769353785357	3.88029449289237	3.99912659844603	3.58050338862727	4.04301759236071	3.96853702113602	3.62628238036386
7.40575432144492	7.47803194507006	7.51600673010106	7.49364844196703	7.44605407086072	7.45548498800699	7.314090849202	7.35431915114238	7.49364844196703	7.70729245512031	6.95464813422112	7.25219646829747
9.29475266116818	9.35598618590326	9.19193835973891	9.36211832962297	9.29025585007305	9.37743263918158	9.49409141168075	9.40171273454071	9.44697456571947	9.40171273454071	9.55096440700013	9.42416820119716
3.91362943949599	3.7174870047464	3.92262753326691	4.40560609243673	4.16270311944465	3.77061075674353	3.91596653881208	3.93658071930376	4.48695844898403	4.08293017149443	4.14836049976349	4.15810135741332
9.33137451846802	9.37109465787008	9.34664605517634	9.34205764436787	9.39277323207077	9.3988899428772	9.35105419736259	9.25821394422403	9.34664605517634	9.23633913700155	9.38128839510408	9.31025994276475
5.07044432327131	4.94319394395657	4.62632769411649	4.80981429305295	5.25667923514169	5.24447824919356	4.91711973129833	4.84690345621258	4.85652042855301	4.57193575398766	4.46240135007084	4.46045876402675
4.17211056915562	3.87082138435654	4.13860985703272	4.23041562371719	3.83935233596273	4.13860985703272	4.24537394364326	4.04992700199121	4.03701527379993	4.02325027401185	4.42173968635682	4.25746800720272
8.95871441113244	8.9700940025516	8.92782086468852	8.88985351320098	8.90950318607639	8.86076273940959	8.76640145058399	8.87457881543279	8.7281274923403	8.28425547564331	8.88487855043764	8.6912994808454
8.83863335583498	8.75174845651699	8.7815775914322	8.70506053250685	8.74173670014228	8.71620881063714	8.83406234293621	8.78511254229687	8.73225816127462	8.4807909316726	8.8532484752525	8.73225816127462
4.91934272575825	5.01403110564759	4.88353656244256	4.82211533148892	4.98175605025331	4.86923235492205	4.99207766679988	4.74938543513617	5.12503575567798	4.74291107861393	5.11957123683184	4.82052877173937
9.48294113437973	9.5468337320295	9.40171273454071	9.55553237359696	9.46605614442026	9.43276288847488	9.55553237359696	9.49876345760298	9.47195860835263	9.02961321500121	9.63976360260014	9.37743263918158
5.24592262367586	5.32879699949028	5.41706554702421	5.40466309384829	5.33958772453492	5.36348769155967	5.38768808257474	5.12803441223691	5.18208864513974	5.08282458513196	5.41107046414712	4.87237219460962
9.31608147833962	9.21524456161984	9.14865996957573	9.26951760579002	9.28122747338661	9.24372890338571	9.25930465693411	9.36211832962297	9.31608147833962	9.08635249546036	9.35598618590326	9.12690023922578
6.99218118865765	6.79815641489713	6.83482707529391	7.0276153161372	6.86426693652602	6.86426693652602	6.90913543031387	7.0276153161372	6.9740029063674	6.70970425889822	6.83482707529391	6.87889427484415
6.67068051998406	6.92977142121101	6.76302399189851	6.6391503938832	6.74864624901743	6.6131212190875	6.58764705134143	6.53167222740401	6.50123166974323	6.80491229382341	6.85272695469359	6.53167222740401
8.32596091508813	8.34174996852576	8.35974662526029	8.41069451145759	8.37173831596973	8.3482176462492	8.31660015264439	8.24938050305365	8.27161919502765	8.31660015264439	8.31660015264439	8.21120250634599
5.15151995572782	5.20047077814571	5.31954515187927	5.31149053275325	5.12386410731272	5.06211159413089	5.11827595414109	5.20941617902576	5.0129562408789	5.1827078733229	5.03854635253716	5.1762986108133
3.98054675774449	4.25746800720272	4.57247008900256	4.25746800720272	4.34240087718809	4.11629664754501	4.12329987721903	4.24659435931029	4.48695844898403	4.34336826680376	4.50885935989456	4.21772989417285
9.02961321500121	9.13104582217867	9.03726427125356	9.13954871259244	9.16324560158822	9.1810846360021	9.27773351098124	9.15801757076599	9.24956962170272	9.16998230817488	9.37109465787008	9.33137451846802
7.47803194507006	7.49364844196703	7.49364844196703	7.57015887681442	7.5261217427435	7.49364844196703	7.46986630714392	7.53156776512546	7.58326700268416	7.34535692188844	7.61677953934057	7.34535692188844
9.42710600910523	9.42325080334938	9.42710600910523	9.42710600910523	9.47520642021783	9.46267634543411	9.43053528528624	9.39277323207077	9.39742046732365	9.50636141212408	9.29903265462322	9.48027542056875
9.44697456571947	9.4172480699475	9.45450472513265	9.39277323207077	9.38503197771361	9.33555069621068	9.36211832962297	9.37743263918158	9.44550591482808	9.33555069621068	9.38624241745778	9.34205764436787
2.75934458527008	2.4408279614443	2.37896162968084	2.4408279614443	2.50269429320776	2.92038906264552	3.00131423555356	3.00131423555356	2.92038906264552	2.7183060159832	2.50269429320776	2.61276619016526
9.70725940928035	9.82802205994179	9.65847043145444	9.87761994043561	9.83720581860951	9.9170956359475	9.93455929111574	9.85059802811072	9.91081853803945	9.96367060136658	9.99033700538444	9.85059802811072
4.14562769467945	4.31757103107237	4.0299147700173	4.61725369978142	4.053225980485	4.17819862133014	5.0129562408789	5.03800493885593	5.19201659648578	5.7047946697634	5.30540069583167	5.26294938038747
8.71367645840217	8.77790774862083	8.67581558747912	8.75174845651699	8.65527329088706	8.65630108415788	8.6912994808454	8.60981273635577	8.65027409265022	8.49623225807173	8.72523035839006	8.56823321233714
8.58469101064087	8.62556063111103	8.57056127362323	8.68290756083492	8.63907423067211	8.58469101064087	8.60161451605967	8.64846288559738	8.60764642809508	8.82705934869045	8.68043400842457	8.4807909316726
9.46605614442026	9.4584158719001	9.47195860835263	9.49717342031926	9.50636141212408	9.42508559904494	9.42508559904494	9.40616443170671	9.49409141168075	9.64255239424476	9.45003956492788	9.43836719272947
5.40876865707071	5.29862654186404	5.49602647569375	5.62208233490112	5.51663796729054	5.46134204767411	5.29711949937951	5.20316997083899	5.33259304936068	5.44956057441967	5.54069039223319	5.22673820599261
5.75788026832209	5.86855097731439	5.72737580845214	5.60021427457054	5.75788026832209	5.69958975716369	5.39716496512454	5.40285933770227	5.58313381548652	5.31954515187927	5.22743621813135	5.39126212208841
7.30576550707601	7.26344602617053	7.34535692188844	7.18847345354011	7.29744016495002	7.12811658451446	6.9740029063674	7.10372599871707	7.04080210975599	6.74864624901743	7.04080210975599	7.07954706903887
8.84553734632574	8.84442709154607	8.73225816127462	8.63907423067211	8.82489659732409	8.80147179936915	8.77874327275296	8.75174845651699	8.73736121729773	8.17888866429846	8.56590515105104	8.73736121729773
7.97511195067198	7.98435262745924	7.92601188480492	8.03826822730032	7.93386747449166	8.02297676610543	8.34174996852576	8.40505987496863	8.31055411814762	8.10449324437553	8.41069451145759	8.37173831596973
4.39764633194787	4.13049006714589	4.3097749047766	4.3511371276657	4.5778431956198	4.47041769500874	4.76714075051097	4.67543464681004	5.04809662118976	5.07160726486894	4.93659295022701	4.9959639383341
9.03971850287319	8.99738446671169	9.19471895375549	8.78674799791263	9.16998230817488	9.10210596227941	9.0016690312423	8.9346640440225	8.97999726494346	9.29218233829639	8.87761043797069	9.09590481576771
4.95091781264945	5.09643001462745	4.81062100407004	5.05703022225391	4.8826528139856	4.99207766679988	4.67393361705908	4.81330753359208	4.7821036567658	4.90957119249552	4.50885935989456	4.75508143944645
9.53515457176805	9.56152363552412	9.52450022463251	9.58507744769292	9.49717342031926	9.55096440700013	9.50636141212408	9.49876345760298	9.56152363552412	9.35352019163292	9.5431090515706	9.49876345760298
4.89258218769893	4.46477549439643	4.59883324508613	4.63247267290795	4.72701565082322	4.7386706121431	4.69286019761565	4.59702004497266	4.5922470547274	4.44607376778719	4.37107509082856	4.51854270812702
9.63976360260014	9.65473776110675	9.57258581066011	9.81056349891518	9.67081755623551	9.65077683125329	9.6870158559084	9.69904910987086	9.71217390411572	9.56152363552412	9.70271995569134	9.5431090515706
8.79312574645683	8.7815775914322	8.98925052750068	8.9346640440225	8.95871441113244	9.0016690312423	9.01411872235109	8.95764066245122	9.06535949228532	9.27627385649423	9.0016690312423	8.99496988309971
9.71606341782312	9.73918665112294	9.78368883573312	9.76010265924657	9.76533042803396	9.75178551843126	9.69146250997876	9.69494472129465	9.69494472129465	9.88244665696715	9.71606341782312	9.76879558493496
8.82489659732409	8.8674487591126	8.7693138883967	8.90173388107277	8.81837849498922	8.83645736466373	8.82705934869045	8.86076273940959	8.83645736466373	8.6573288774287	8.70078232531592	8.71367645840217
6.19053013585641	5.95214378926964	3.6523370264539	4.986675144106	4.26900272412932	4.28394504890599	5.30920618121462	5.39716496512454	4.5477708586757	4.15352855558963	3.85815666314905	3.85193367292599
9.42032879066103	9.49409141168075	9.4172480699475	9.3959509917701	9.41192175394518	9.40616443170671	9.44320738949176	9.35105419736259	9.36077338798568	9.61567966014985	9.40171273454071	9.27773351098124
8.4807909316726	8.60548011983439	8.60161451605967	8.55492867426083	8.57056127362323	8.54563415797478	8.59206028756965	8.53898865581826	8.53898865581826	8.92401481827488	8.43036049225799	8.50707920123237
4.21772989417285	4.79822222371628	4.36146232465376	5.11656592570575	4.5477708586757	4.83556181057486	5.30387956198735	5.28692725668779	5.21901720872528	5.89349014147779	5.51663796729054	5.34786536681142
9.39277323207077	9.32012023170203	9.32012023170203	9.32345827522328	9.37511424874191	9.30249716870875	9.32178925346265	9.32178925346265	9.27368875609843	9.45339753573775	9.218924380231	9.22548388672864
4.71630812362742	5.11198380466911	4.79538737475948	5.07160726486894	4.91738749251331	4.92294678427455	5.62513015191197	5.57169366282509	5.57395158732615	6.45025092031602	6.03644094203428	5.97522451108297
3.37383467844101	3.49583327584817	3.6523370264539	3.55168429095698	3.56089710010633	3.74389445785243	3.5707002443668	3.84253150933284	3.53279752925388	3.64157122676557	3.89472370011166	3.6523370264539
9.31258144015413	9.27498130629633	9.32345827522328	9.14684785576318	9.24582048866074	9.20044654669459	9.22932132009015	9.26871278813218	9.25433744982107	9.03177922984688	9.33137451846802	9.23124202273187
9.69904910987086	9.74966507667155	9.69904910987086	9.74966507667155	9.73918665112294	9.79311312068433	9.74569852203803	9.74569852203803	9.80110269037696	9.85059802811072	9.80110269037696	9.75279610614939
5.63547289676633	5.36631824484711	5.70969815671391	5.4879462166049	5.70724641323865	5.79968973804317	5.60348531664462	5.59694323249647	5.60348531664462	5.52313333512024	5.4247976646142	5.67438324789565
8.81044028759663	8.76279226729599	8.99496988309971	8.86560224153396	8.849573769159	8.92672132233468	8.79107904096671	8.81235484089147	8.87098412031527	9.1810846360021	8.90950318607639	8.87457881543279
7.59426031813131	7.56048795095997	7.46986630714392	7.35431915114238	7.23281670977263	7.32686473884248	6.95464813422112	6.9740029063674	7.09163653387797	6.70970425889822	7.34535692188844	6.73225262114138
6.49582032186453	6.71862145126181	6.65597331377852	6.99218118865765	6.91468100373474	6.95464813422112	6.70078706653463	6.68174108743252	6.77717069770122	6.627184681095	6.903589856893	6.70078706653463
9.26039536964419	9.23481450782553	9.218924380231	9.20740121942412	9.30249716870875	9.29475266116818	9.21524456161984	9.15801757076599	9.23124202273187	8.91371012850743	9.16324560158822	9.18762197993121
4.39764633194787	4.67891788492547	4.53063789367342	4.61725369978142	4.56265959741988	4.58067849076586	4.78769352425217	4.84690345621258	4.63707390791397	4.65942306953026	4.42173968635682	4.57962406057204
8.79312574645683	8.81476580643344	8.74701245440757	8.67267094737831	8.71947251345654	8.65027409265022	8.57533682643664	8.60548011983439	8.59206028756965	8.60548011983439	8.32596091508813	8.64846288559738
4.41764752121995	4.14084835306193	4.18955780847776	3.93980975525241	4.75909833059468	4.69528563948788	4.43890174546446	4.13585776011956	4.12826927766798	4.18549165181047	4.09954957383632	4.06422861520603
5.55725581717229	5.76994406080039	5.77740473084537	5.61074320914572	5.38269677130673	5.78753920409883	5.49602647569375	5.2281342302701	5.4879462166049	5.7047946697634	5.54069039223319	5.434266434426
9.32345827522328	9.34205764436787	9.38745285720195	9.37511424874191	9.40171273454071	9.36677952164788	9.35598618590326	9.32178925346265	9.37743263918158	9.68259160688987	9.36677952164788	9.42416820119716
9.04830676119552	8.95221178966265	9.16436513496092	9.09288041202016	9.22740260340939	9.22932132009015	9.09045138433782	9.18621603023369	9.11049038918414	9.16548466833362	8.80856786205137	9.218924380231
4.21772989417285	4.18090503913554	4.12055126624798	3.99638902904142	4.29953356029562	4.55035397957361	4.15094452767656	4.09635680345848	4.57392286445025	3.97130092646395	4.11503391285946	4.12826927766798
9.60534814293609	9.6870158559084	9.6932036156367	9.64559636740467	9.68259160688987	9.6255348131182	9.77686430709304	9.68259160688987	9.72408310333576	9.94511516545099	9.78893890376776	9.60084362721801
4.60257829738504	4.42173968635682	4.54979994529805	4.58145693965769	4.50255733638279	4.69528563948788	4.79822222371628	4.66292850008318	4.69528563948788	4.78055603783692	4.56661698043104	4.65054905208607
9.37743263918158	9.45561191452754	9.37511424874191	9.42032879066103	9.42508559904494	9.43836719272947	9.59240211576346	9.57258581066011	9.56813848469299	9.41192175394518	9.61979785579634	9.55553237359696
3.98054675774449	4.03368911723708	3.52312357670012	3.86925746110506	3.77716758468437	3.99638902904142	3.74389445785243	4.07825432572257	4.43948821151495	4.01097106687108	4.01329352800277	4.15810135741332
8.22645429216904	8.27568250526919	8.26336180182838	8.16853406414264	8.22645429216904	8.21120250634599	8.21572712964718	8.12916173341985	8.09849096033472	8.43036049225799	8.03826822730032	8.11049552841634
7.10372599871707	7.24250658903505	7.10372599871707	6.9740029063674	6.92977142121101	6.79140053597086	6.82005618632655	6.50123166974323	6.68174108743252	7.35431915114238	6.68174108743252	6.33716151850718
6.26264373166044	5.99704398957945	3.60709664010363	4.70019496775915	4.53521694640381	4.45851617798265	5.34360744051664	5.42768350327717	4.26846359680817	3.87348336382155	3.20277373540791	3.54247148180764
6.06566919340594	5.97522451108297	3.73960607833234	4.85445678121039	4.46240135007084	4.48791450022737	5.25308289319001	5.53590627325869	4.12826927766798	4.2377532096957	3.00131423555356	3.54247148180764
5.09897824486447	5.23817807879057	5.27613635159775	5.34360744051664	5.06452652265607	5.09897824486447	4.99207766679988	4.79822222371628	4.99167824809867	5.34477672371353	4.99712065919391	4.95951510293165
8.73225816127462	8.73736121729773	8.69642969429229	8.76086053654906	8.63249252808252	8.63249252808252	8.54563415797478	8.66403892350727	8.64129160698983	8.35974662526029	8.73736121729773	8.47237501200396
5.58430246798568	5.63919189206961	5.53328795757965	5.87886711768162	5.76994406080039	5.76103200530315	6.03296486298238	6.18313404542854	6.06566919340594	5.99293336523109	6.0960110233979	6.22401388245547
5.22743621813135	4.72553542714185	5.05703022225391	4.94195780015811	5.04614308445969	5.07515826567336	4.88353656244256	4.719466188173	4.94266779612888	4.74291107861393	4.6677878725729	4.7787332626124
4.71630812362742	4.64524786127842	4.96691653128761	4.86951657433271	4.65199597303809	4.5333094011054	4.70019496775915	4.76714075051097	4.52191681720425	4.66706580081231	4.79791939036361	4.80795549567448
5.05944885797828	4.67891788492547	4.91548104717872	5.13219104851398	5.13574681596028	4.96101214203954	4.98264569494902	4.90987402584819	4.90062202354792	5.14024045259878	5.16721292199238	5.15151995572782
4.96041214378773	4.66539247480969	4.65420054084918	4.63247267290795	4.93184810358554	5.10570976607771	4.62342091098258	4.66292850008318	4.84249359372125	4.49240115865999	4.4554505159567	4.60644725441188
8.55694628322969	8.59206028756965	8.52985616760878	8.42277072384182	8.42277072384182	8.4265656080499	8.3482176462492	8.3482176462492	8.37173831596973	8.4603979372181	8.60161451605967	8.39675501733807
4.54979994529805	4.72553542714185	4.76714075051097	4.56492643344136	4.43890174546446	4.88353656244256	4.65368894377508	4.83445754868468	4.77474679121943	4.76549373789885	4.88353656244256	4.62893193861519
8.83645736466373	8.83525985379997	8.73736121729773	8.849573769159	8.6912994808454	8.68972511232644	8.81476580643344	8.72523035839006	8.77191857571785	8.94299082100293	8.65027409265022	8.70078232531592
4.31757103107237	4.5333094011054	4.34741357817441	4.47041769500874	4.71224793374712	4.66432793159363	4.37383583696566	4.64314721421063	4.68899311004433	4.51235481391731	4.48392610483076	4.47381955508246
5.18546394337257	4.88353656244256	4.70158296899459	4.66888811575226	4.96041214378773	5.19584933651474	5.07803095437896	4.96323907632852	5.09355524432472	4.88694644025146	4.82286785409756	4.79822222371628
9.61839438079354	9.51619567850281	9.64559636740467	9.38745285720195	9.608578188212	9.60084362721801	9.61211219771476	9.58507744769292	9.57445102344944	9.61839438079354	9.35942844634838	9.68259160688987
3.3310478083896	3.55168429095698	2.86038610860124	2.7183060159832	3.18538947308401	3.16800521076011	3.18538947308401	3.26664588828223	3.11707183951795	2.61276619016526	2.61276619016526	2.80038315455695
8.97242196577956	8.99020377490363	8.97242196577956	8.99020377490363	8.90017625446023	8.92111856953527	8.9346640440225	9.0069039767452	8.92401481827488	8.97478147285825	8.87098412031527	8.90173388107277
4.79458652012143	4.72553542714185	4.64314721421063	4.66100834065953	4.60956469560787	4.7821036567658	4.56899242884062	4.22359270884487	4.62094300315157	4.63066648302006	4.46520031802585	4.41313502030914
8.82705934869045	8.89443511023392	8.8674487591126	8.91722133634329	8.86911191345123	8.86375572395533	8.80406171447697	8.75565024308142	8.82174215123633	8.88340204248622	8.83645736466373	8.77191857571785
3.03372635191468	2.66553610307423	2.86038610860124	2.7183060159832	2.7183060159832	2.37896162968084	2.61276619016526	2.37896162968084	2.80038315455695	2.92038906264552	3.45598057511687	2.7183060159832
9.56813848469299	9.6138959289323	9.608578188212	9.6485739810306	9.57854714115853	9.64255239424476	9.51619567850281	9.52450022463251	9.57445102344944	9.6870158559084	9.48027542056875	9.53984857819921
4.64733133515878	4.69949971908582	4.91548104717872	4.53063789367342	4.37245546389711	4.37022544356974	4.66539247480969	4.58475347581114	4.60882257319876	4.68258056718129	4.65831264275079	4.40153780455419
4.86879517267965	4.64524786127842	4.51159388865094	4.56492643344136	4.63332247377258	4.7386706121431	4.2153231689844	4.67543464681004	4.53197364738941	4.68258056718129	4.50885935989456	4.51854270812702
12.4908583548741	12.4908583548741	12.4908583548741	12.4908583548741	12.4908583548741	12.4908583548741	12.4908583548741	12.4908583548741	12.4908583548741	12.4908583548741	12.4908583548741	12.4908583548741
6.04753678344202	5.97522451108297	6.0960110233979	6.32927449216653	5.82133770429941	6.15535403240355	6.87889427484415	6.903589856893	6.82005618632655	7.45885817890575	7.37575778007126	7.32686473884248
4.52231890762232	4.42173968635682	4.34741357817441	4.86951657433271	4.53521694640381	4.56899242884062	4.54480342191995	4.68258056718129	4.81170176806481	4.84537848735443	4.51854270812702	4.59612895939512
7.72308304249721	7.72308304249721	7.95051462751591	7.70729245512031	7.8905260425478	7.80635755239514	7.62260582145336	7.60516594950478	7.67266408561007	8.01580597881653	7.74888303366085	7.75627036806511
4.60257829738504	4.46477549439643	4.74015980260682	4.48791450022737	4.48392610483076	4.60956469560787	4.41400938479394	4.20733771320547	4.26846359680817	4.38263001619591	4.24390728116705	4.50064036738454
9.44098119617156	9.3959509917701	9.47520642021783	9.47520642021783	9.36211832962297	9.42032879066103	9.29218233829639	9.30249716870875	9.34205764436787	9.42508559904494	9.42032879066103	9.32782509959184
3.86925746110506	3.94717025737214	3.75692652550796	4.27739493423912	4.46240135007084	3.96403658095151	3.89938759963522	3.76481194456053	3.87082138435654	4.22359270884487	3.72640235177932	3.80059932549418
4.23670120048535	4.42173968635682	4.25698126532574	4.32983519851354	4.01097106687108	4.26229216442736	4.24537394364326	4.17211056915562	4.34240087718809	4.26846359680817	4.29322790385689	4.06422861520603
9.32012023170203	9.33555069621068	9.30249716870875	9.43836719272947	9.26604480409839	9.27368875609843	9.33555069621068	9.24956962170272	9.32345827522328	9.69494472129465	9.13802852785804	9.24956962170272
4.10267228469867	3.80483394559383	4.12055126624798	3.55168429095698	4.06907404644629	4.34479278632865	3.96403658095151	4.05652495897878	4.12826927766798	3.95130172354322	4.06145486853928	3.77388917071395
7.28405695782127	7.24250658903505	7.314090849202	7.32686473884248	7.32686473884248	7.44605407086072	7.8538539905876	7.8538539905876	7.8538539905876	7.8538539905876	7.86438935031842	7.96775829410538
9.75380669386752	9.72727664703618	9.81056349891518	9.73229162620687	9.73229162620687	9.70271995569134	9.66421099667195	9.67081755623551	9.71606341782312	9.74118731746203	9.72727664703618	9.79311312068433
4.96041214378773	4.8971569309558	4.88353656244256	4.7368365131928	4.50255733638279	4.84873200104554	5.16721292199238	4.85652042855301	5.0129562408789	4.86631425357296	4.72362568397936	4.98086640555761
4.80871363380527	4.78243668971386	4.65420054084918	4.66100834065953	4.74291107861393	4.79822222371628	4.65368894377508	4.68258056718129	4.6820938253043	4.46377542912014	4.06145486853928	4.6185867543924
4.7448201669865	4.79822222371628	4.74744900320113	4.95861806207557	4.82447949441731	4.84873200104554	4.99650155148885	5.09786056040386	5.25073855453706	5.27541922034913	4.86923235492205	5.05703022225391
5.9568869366422	5.99704398957945	6.08562351214619	5.75788026832209	5.76418374228422	5.67210445551062	5.64973361155886	5.58313381548652	5.67438324789565	5.51663796729054	5.71683734462883	5.31760259736413
7.49364844196703	7.44908293398447	7.5261217427435	7.28405695782127	7.43001923854916	7.34983803651541	7.40575432144492	7.45885817890575	7.45211179710823	7.78368162444763	7.83178603559975	7.76630644194954
4.93233484546252	4.98697645949063	4.74744900320113	5.58196516298736	4.93184810358554	5.26052446293077	5.77740473084537	5.63175390146304	5.66144438228946	6.13716474859206	6.05402296286638	5.96163008401476
8.26336180182838	8.25487235851508	8.09849096033472	8.21120250634599	8.21572712964718	8.20414719224261	8.16853406414264	8.25487235851508	8.21572712964718	8.25212643078437	8.23664070262704	8.35974662526029
9.07214746795433	9.05225862438421	9.04434038790145	8.97478147285825	9.03726427125356	8.95871441113244	8.95221178966265	8.97242196577956	8.86828033628192	9.06746123618004	9.02704581076513	9.0016690312423
8.25487235851508	8.12060088421307	8.17888866429846	8.05544134862061	8.09132163171658	7.96775829410538	7.91330476572797	7.87904708663424	7.94312108932026	7.72308304249721	8.27974581551073	7.91330476572797
4.69528563948788	4.50579631819542	5.14024045259878	4.8826528139856	4.65199597303809	4.59702004497266	4.48695844898403	4.46377542912014	4.84249359372125	4.35688445760256	4.64419753774452	4.62893193861519
4.54979994529805	4.50579631819542	4.3097749047766	3.99638902904142	4.43890174546446	4.5333094011054	4.07616911976606	4.29506192156985	4.29322790385689	4.04301759236071	4.16511674951035	4.2821511576774
9.52747205409701	9.6485739810306	9.46434402642926	9.68259160688987	9.65077683125329	9.68259160688987	9.79102601222604	9.75380669386752	9.81056349891518	9.3988899428772	9.89597539132516	9.69494472129465
6.08186353267267	6.15535403240355	5.93785069677616	5.86855097731439	6.14225310928919	6.22029353549264	5.79968973804317	5.77740473084537	5.92247119247537	5.7824719674721	5.89036901936907	5.84719377805706
5.34360744051664	5.38269677130673	5.43796352691187	5.87886711768162	5.44029850531841	5.76994406080039	5.46682169905744	5.4859992488659	5.61903451789026	5.57795837515675	5.7319646035806	5.63919189206961
10.0796254741971	10.0903936570265	10.0303150471507	10.0102578333325	10.0102578333325	10.0620817390527	10.0190815423764	10.0005416822624	10.0353237297662	10.0502376860743	9.93455929111574	9.98294534163715
4.7448201669865	4.46477549439643	4.60882257319876	4.6820938253043	4.58652623124889	4.51582922365535	4.85445678121039	4.91738749251331	4.99773976689896	4.96041214378773	4.58475347581114	4.88353656244256
4.79458652012143	4.67891788492547	4.84765028448186	4.82211533148892	4.65199597303809	4.88353656244256	4.62342091098258	4.78055603783692	4.43948821151495	4.65942306953026	4.85330558045287	4.6185867543924
4.84873200104554	4.8971569309558	4.98912764444404	4.89463466640489	4.89642316800601	4.72504471181783	4.74015980260682	4.62971009399681	4.73953848553023	4.62043140607747	4.5333094011054	4.46045876402675
4.78055603783692	4.81330753359208	4.98057809664345	5.13219104851398	4.8369543813792	4.79822222371628	5.16721292199238	5.34243815731975	5.39421354360647	5.25860184903623	5.40466309384829	5.34360744051664
10.0403324123817	10.0620817390527	10.0796254741971	10.0403324123817	10.1064856751361	10.0502376860743	9.92798824059639	9.96367060136658	10.0005416822624	10.1325564418143	9.82802205994179	10.0903936570265
8.86560224153396	8.94941416776667	8.88340204248622	8.9700940025516	8.78891638628268	8.90017625446023	8.84247901374304	8.83108322841546	8.90173388107277	9.16324560158822	8.98925052750068	8.83406234293621
4.64733133515878	4.39858028096962	4.33232727908499	4.91738749251331	4.63332247377258	4.5333094011054	4.93966500733501	4.89108558757487	5.07044432327131	5.28072838651068	5.28558061779271	5.12986142043059
9.55858427134489	9.53655540940067	9.56152363552412	9.60534814293609	9.63976360260014	9.61211219771476	9.608578188212	9.6756266816054	9.64559636740467	9.59240211576346	9.50953501912967	9.65077683125329
5.81033488404776	5.74956174364702	5.58196516298736	6.10301611865827	5.94515913743031	6.00707816398465	6.17586452844385	6.30099199521536	6.23680093809671	6.35222007801437	6.39539537182625	6.32138746582588
9.05491354341858	8.99496988309971	9.00969440196005	9.07059687918566	8.92672132233468	9.05833705881412	8.92892040704236	8.90950318607639	8.91189916666733	9.05833705881412	9.0069039767452	8.96012327460019
4.89258218769893	4.76714075051097	4.9559397416486	4.986675144106	5.07882455346555	4.76714075051097	4.92923972848943	4.7894275856933	5.0374635251747	4.59702004497266	5.00552546114117	4.79055740684634
4.79458652012143	4.88353656244256	4.79538737475948	4.89463466640489	4.79791939036361	5.18546394337257	4.70019496775915	4.88353656244256	4.73953848553023	4.84537848735443	4.753993426711	4.60644725441188
8.64350898330755	8.61616516221221	8.59206028756965	8.71367645840217	8.65527329088706	8.74437457727493	8.8674487591126	8.87098412031527	8.86076273940959	8.55896389219854	8.98505882059087	8.91722133634329
5.28190142330586	5.19048355395876	5.16503923671544	4.89463466640489	4.72701565082322	5.23015250695606	4.67393361705908	5.07803095437896	4.89158444764429	4.60956469560787	4.75909833059468	4.62893193861519
4.31757103107237	4.67891788492547	4.65420054084918	4.38307040126717	4.06907404644629	4.35688445760256	4.46240135007084	4.36690594401637	4.31460156921818	4.40510723236731	4.78055603783692	4.46045876402675
9.35942844634838	9.39277323207077	9.29903265462322	9.53820199379994	9.37743263918158	9.38128839510408	9.53984857819921	9.44550591482808	9.56357110157832	9.12498631980003	9.69494472129465	9.50636141212408
4.60257829738504	4.5333094011054	4.49385969865058	4.38307040126717	4.79791939036361	4.79822222371628	4.60108465914509	4.67543464681004	4.83200516248373	3.7021529325462	4.14836049976349	4.322017894967
4.67543464681004	4.78243668971386	4.67891788492547	4.7368365131928	4.59956477173023	4.48791450022737	4.50662260726751	4.66292850008318	4.5477708586757	4.36908475861427	4.48392610483076	4.21772989417285
4.62094300315157	4.76714075051097	4.76714075051097	4.64624558141725	4.11842395689649	4.47041769500874	4.64314721421063	4.58475347581114	4.65368894377508	4.41764752121995	4.78243668971386	4.2821511576774
4.67543464681004	4.64524786127842	4.51159388865094	4.61725369978142	4.68497917615314	4.66432793159363	4.62342091098258	4.68258056718129	4.57392286445025	4.45752491381412	4.49531823864117	4.5342631737546
4.54979994529805	4.7127426879258	4.33232727908499	4.46240135007084	4.48392610483076	4.20733771320547	4.40350128280693	4.41764752121995	4.24659435931029	4.48105813980565	4.13179786517614	4.42173968635682
4.80871363380527	4.42173968635682	4.49385969865058	4.93054391603748	5.04614308445969	4.93184810358554	4.64314721421063	4.43807545639237	4.56168388968688	4.28394504890599	4.27739493423912	4.35393009871443
4.39764633194787	4.27368076292121	4.39102542569823	4.37022544356974	3.80483394559383	4.23564919127501	4.47381955508246	4.33232727908499	4.36586781437394	4.3107035060703	4.42981913663123	4.38525951530803
10.0502376860743	10.0005416822624	10.0403324123817	9.93455929111574	10.0303150471507	10.0005416822624	9.94511516545099	9.99033700538444	9.9522691371877	9.9522691371877	10.0403324123817	9.97364469634626
3.98054675774449	4.23041562371719	4.54979994529805	4.41764752121995	4.37245546389711	3.6523370264539	4.48695844898403	3.7021529325462	3.94303879120107	4.45752491381412	4.60407193562499	4.42173968635682
6.11733907449002	6.12836666147817	6.07446639886014	6.03296486298238	5.97522451108297	5.9326768104646	6.07446639886014	6.03991702108617	6.02311849272406	5.83436905292914	6.03644094203428	6.06050914229074
7.92601188480492	7.8905260425478	8.02297676610543	7.97511195067198	7.96152430614574	8.03049824221006	8.03049824221006	7.94312108932026	8.06800665583938	8.62556063111103	7.98435262745924	8.11753275973872
8.95360199433852	8.86076273940959	8.92401481827488	8.69642969429229	8.88800139256825	8.91722133634329	8.849573769159	8.85853343956528	8.80406171447697	8.99020377490363	8.88800139256825	8.89265915014357
4.37965179889281	4.15581495650148	4.00762105415227	4.17211056915562	4.053225980485	4.09635680345848	3.88029449289237	4.09635680345848	3.89472370011166	4.26423206972407	4.04744805670837	4.25746800720272
4.66100834065953	4.78243668971386	4.79538737475948	4.7787332626124	4.40153780455419	4.75574356570566	4.56899242884062	4.81330753359208	4.5922470547274	4.87376178980025	4.81330753359208	4.79822222371628
4.64733133515878	4.8971569309558	4.88353656244256	4.80981429305295	4.68497917615314	4.96101214203954	4.57820641299901	4.54979994529805	4.75049454471731	4.66706580081231	4.81330753359208	4.7448201669865
9.97364469634626	9.99033700538444	9.98294534163715	9.98294534163715	9.92798824059639	9.93455929111574	9.87761994043561	9.9170956359475	9.88244665696715	9.63976360260014	10.1064856751361	9.87761994043561
9.99033700538444	10.0102578333325	9.99033700538444	9.9522691371877	9.97364469634626	9.94511516545099	9.89597539132516	9.94511516545099	9.90141674835181	10.0303150471507	9.86230067757596	9.9170956359475
4.83305943084352	4.81330753359208	4.69023613119931	4.24390728116705	4.82447949441731	4.62676487635889	4.40350128280693	4.27739493423912	4.50462056482661	4.49240115865999	4.67726687460748	4.66539247480969
8.37173831596973	8.44330120487839	8.27974581551073	8.43036049225799	8.3482176462492	8.27568250526919	8.22645429216904	8.26336180182838	8.2887651357759	7.80635755239514	8.14143619431177	8.18778030863204
4.18038458312791	4.00427104143345	3.95130172354322	3.74389445785243	3.61668951023374	4.03701527379993	4.06074347214932	4.11377117817392	3.79636470539452	3.75483991863839	3.61668951023374	3.93432030512774
9.0188574892156	9.03726427125356	8.94169327402578	9.041800542943	8.92401481827488	8.92401481827488	8.92111856953527	8.99267000267204	8.93126104749195	8.92111856953527	8.91722133634329	8.87761043797069
4.79458652012143	4.81330753359208	4.85652042855301	5.09499946885104	4.84839711275115	4.7386706121431	4.34018666067352	4.62183548755824	4.71224793374712	4.95091781264945	4.81015681416982	4.6185867543924
4.07114573101981	4.35801698786856	4.45851617798265	4.32983519851354	3.96403658095151	4.47041769500874	4.41400938479394	3.99912659844603	4.4722667315574	4.39486825012215	4.5248037269396	4.5342631737546
5.18546394337257	4.99773976689896	4.98057809664345	4.986675144106	5.20233823820952	5.02264987034255	4.94319394395657	4.66292850008318	5.09355524432472	4.96842524076642	4.76631724420491	4.86338592252684
6.17086276324035	6.16586099803685	6.23680093809671	6.28786625103108	6.08562351214619	6.02311849272406	5.89714686226748	6.04753678344202	6.08562351214619	5.7047946697634	5.85157504753346	5.99293336523109
5.11092502742127	5.13574681596028	5.24303387471126	5.20047077814571	5.10214100688323	4.8971569309558	4.91711973129833	4.96323907632852	4.7821036567658	4.97401909351716	4.99712065919391	4.95951510293165
4.89258218769893	4.78243668971386	4.84249359372125	4.12826927766798	4.4320449365635	4.66432793159363	4.55090801384918	4.68258056718129	4.57392286445025	4.55090801384918	4.36690594401637	4.60644725441188
4.89258218769893	4.98697645949063	5.18546394337257	4.58145693965769	5.06452652265607	4.94319394395657	4.53521694640381	4.64314721421063	4.73953848553023	4.81062100407004	4.89058672750545	4.89108558757487
8.82870999097812	8.91722133634329	8.83406234293621	8.88800139256825	8.80147179936915	8.81235484089147	8.79616691923034	8.79716138651373	8.82705934869045	8.849573769159	8.70380849944197	8.7693138883967
4.63066648302006	4.48847893905395	4.48392610483076	4.72180731501082	4.52272099804039	4.15581495650148	4.51582922365535	4.45653364964558	4.5477708586757	4.58067849076586	4.79791939036361	4.43848860092841
5.02500129784075	4.95540421921864	4.83445754868468	4.76549373789885	4.96041214378773	4.99207766679988	4.94962096075	4.89108558757487	4.65368894377508	4.78243668971386	4.57962406057204	4.50064036738454
8.27161919502765	8.23664070262704	8.20414719224261	8.22645429216904	8.25487235851508	8.22645429216904	8.21120250634599	8.27974581551073	8.18954270353023	8.00614405950756	8.16853406414264	8.27161919502765
8.93715799695168	8.96153213806793	8.95871441113244	8.79312574645683	8.94749409037543	8.97781137492589	8.93301424429572	8.8674487591126	8.85636620026888	8.74701245440757	9.03574453044488	8.92672132233468
4.64733133515878	4.74015980260682	4.76714075051097	4.39259009165379	4.50255733638279	4.43101588501357	4.58475347581114	4.52191681720425	4.67543464681004	4.81062100407004	4.86122541440701	4.48695844898403
4.84873200104554	4.91214349173747	4.9559397416486	4.79618822939752	4.79791939036361	4.88353656244256	4.9559397416486	4.8971569309558	4.97401909351716	4.8369543813792	5.01652637054638	5.02991462253814
4.49101529050385	4.55090801384918	4.65420054084918	4.55090801384918	4.46240135007084	4.75574356570566	4.61030681801697	4.49736361949461	4.63162287204332	4.50662260726751	4.66326338837757	4.43848860092841
5.32879699949028	5.01403110564759	5.51663796729054	5.05703022225391	5.35586636676879	4.96101214203954	5.26294938038747	5.11827595414109	5.14277010134762	4.87376178980025	5.20047077814571	5.12236531341766
8.11049552841634	8.15126752556259	8.12366900868743	7.91330476572797	7.99277409357739	8.01097501916204	7.72308304249721	7.78368162444763	7.5261217427435	7.23281670977263	7.70018572780867	7.64299663959352
4.83305943084352	4.69949971908582	4.74015980260682	4.61725369978142	4.8369543813792	4.68023769719698	4.65368894377508	4.84690345621258	4.6820938253043	4.55090801384918	4.79791939036361	4.81330753359208
8.86911191345123	8.83525985379997	8.83645736466373	8.90685746975292	8.91916995293928	8.94234204751436	9.0188574892156	8.90017625446023	9.02329202761167	9.2041483146685	9.14396039889344	9.13104582217867
5.34360744051664	5.51663796729054	5.31357528780112	5.45159712111717	5.47040303110154	5.48264782414509	5.26294938038747	5.27073824740387	5.60348531664462	5.20047077814571	5.16721292199238	5.25308289319001
9.01517695234859	9.0188574892156	8.93126104749195	9.00424275299346	9.11775500004244	9.10653377938201	9.30583279927054	9.28368533843645	9.32782509959184	9.22548388672864	9.38624241745778	9.40030133870895
5.02500129784075	4.83381975097273	4.83445754868468	4.95147368849867	4.93184810358554	5.30692182967599	5.10570976607771	4.98057809664345	5.0129562408789	4.83229911071431	4.86122541440701	4.86338592252684
9.46100866443896	9.40912388432799	9.45450472513265	9.40616443170671	9.50035349488669	9.51619567850281	9.61839438079354	9.56813848469299	9.6255348131182	9.56813848469299	9.6485739810306	9.61839438079354
4.76484916055616	4.39858028096962	4.7127426879258	4.89463466640489	4.93184810358554	4.45851617798265	4.47381955508246	4.41764752121995	4.36586781437394	4.47323875545921	4.4554505159567	4.50064036738454
4.14562769467945	4.25746800720272	4.51159388865094	4.07825432572257	4.41764752121995	4.23564919127501	4.22746079315343	4.40153780455419	4.08293017149443	4.07114573101981	4.08163485158676	4.20350510328641
4.43890174546446	4.69949971908582	4.62632769411649	4.09072086672983	4.55090801384918	4.76714075051097	4.57820641299901	4.48656683656727	4.43948821151495	4.56168388968688	4.62043140607747	4.64242252831584
9.57631623623878	9.63071209533675	9.59240211576346	9.6756266816054	9.60534814293609	9.55858427134489	9.5431090515706	9.56152363552412	9.6485739810306	9.73918665112294	9.53984857819921	9.55096440700013
4.71630812362742	4.42173968635682	4.75574356570566	4.76549373789885	4.40153780455419	4.44404559474607	4.64314721421063	4.57392286445025	4.4269390442551	4.58475347581114	4.72362568397936	4.84873200104554
9.43836719272947	9.45339753573775	9.48702018170837	9.44320738949176	9.46100866443896	9.43276288847488	9.45561191452754	9.48027542056875	9.37109465787008	9.55858427134489	9.61211219771476	9.41192175394518
5.53328795757965	5.29862654186404	5.53328795757965	5.89349014147779	6.00707816398465	6.03644094203428	6.40183307469255	6.55735478342203	6.627184681095	6.39009781453924	6.16586099803685	6.37803052718506
4.47041769500874	4.66539247480969	4.76714075051097	4.64624558141725	4.32687892804186	4.62676487635889	4.37383583696566	4.13585776011956	4.36586781437394	4.64419753774452	4.57962406057204	4.51854270812702
8.82006032311277	8.75565024308142	8.81476580643344	8.72523035839006	8.83108322841546	8.84345305264456	8.78891638628268	8.62816628899921	8.79716138651373	8.84247901374304	8.58469101064087	8.82870999097812
4.26900272412932	4.38307040126717	4.37857541143517	4.28954424063441	4.26900272412932	3.45598057511687	4.28394504890599	3.97130092646395	4.38307040126717	4.43101588501357	4.62971009399681	4.25746800720272
8.92401481827488	8.92892040704236	8.93715799695168	8.99020377490363	9.0016690312423	8.94234204751436	9.07214746795433	9.03574453044488	9.10210596227941	9.14684785576318	8.93383914415911	9.01118978276529
4.53521694640381	4.5333094011054	5.02604241138825	4.72180731501082	4.58652623124889	4.59702004497266	4.91711973129833	4.45653364964558	4.5477708586757	4.88694644025146	4.753993426711	4.69528563948788
4.47041769500874	4.76714075051097	4.93054391603748	4.89463466640489	4.74291107861393	4.76714075051097	4.83914981016583	4.99948331849716	5.00834588628435	4.95091781264945	5.14669868679532	5.05703022225391
4.07114573101981	4.46477549439643	4.4722667315574	4.10732957429697	4.26900272412932	4.3097749047766	4.20069635496926	4.38880422998926	4.5477708586757	4.5333094011054	4.50064036738454	4.57962406057204
4.83305943084352	4.5333094011054	4.42173968635682	4.47842070559189	4.99542632517936	4.32983519851354	4.42525570026131	4.54979994529805	4.51159388865094	4.22359270884487	4.09954957383632	4.35393009871443
5.4000121514134	5.38269677130673	5.0921110197984	5.42768350327717	5.4879462166049	5.13102623447229	5.12386410731272	5.08738423133235	5.19201659648578	5.00834588628435	5.18208864513974	5.1935496390128
8.66932335187706	8.74701245440757	8.74173670014228	8.60981273635577	8.78347708668112	8.76086053654906	8.62556063111103	8.62556063111103	8.6573288774287	8.72202805611251	8.54563415797478	8.60161451605967
6.24818561727699	6.3712607971179	6.28786625103108	5.63175390146304	5.63919189206961	5.50450160045454	5.47398436314564	5.47929639942428	5.43056934194014	5.47398436314564	5.59694323249647	5.33466517055539
7.51600673010106	7.59426031813131	7.59426031813131	7.59426031813131	7.74533940422715	7.70018572780867	7.80635755239514	7.64757941246918	7.78368162444763	8.21120250634599	7.67266408561007	7.80635755239514
3.81060122492361	4.18090503913554	3.75692652550796	3.89938759963522	4.40153780455419	4.41582845300695	4.03701527379993	4.38880422998926	4.18142549514318	3.93432030512774	3.72640235177932	3.96853702113602
4.58475347581114	4.48847893905395	4.69023613119931	4.70019496775915	4.5477708586757	4.58067849076586	4.75574356570566	4.62971009399681	4.5922470547274	4.52688645583882	4.77212823813546	4.5342631737546
9.77113577863811	9.76010265924657	9.79736219590719	9.74569852203803	9.74118731746203	9.67081755623551	9.66697590245881	9.70725940928035	9.73584113488575	9.26039536964419	9.53205096506439	9.73918665112294
4.64733133515878	4.28263789955438	4.08163485158676	4.24390728116705	4.7821036567658	4.86923235492205	4.47381955508246	4.38880422998926	4.71224793374712	4.69654202027099	4.26792446948703	4.5342631737546
4.43890174546446	4.59883324508613	4.34741357817441	4.27739493423912	4.14562769467945	4.64524786127842	4.24537394364326	4.09635680345848	4.43948821151495	4.55090801384918	4.48392610483076	4.36908475861427
9.88244665696715	9.83720581860951	9.96367060136658	9.89189346567761	9.86985898442712	9.85625175412876	9.84415113225678	9.87761994043561	9.89189346567761	9.82802205994179	9.9170956359475	9.81784553427482
4.71630812362742	4.69949971908582	4.72602614246586	4.59792664502939	4.50255733638279	4.97769354518985	4.42525570026131	4.76714075051097	4.51159388865094	4.46377542912014	4.44505968126663	4.34018666067352
9.65473776110675	9.69146250997876	9.58838641044552	9.71217390411572	9.61839438079354	9.69904910987086	9.56152363552412	9.63976360260014	9.61567966014985	9.60084362721801	9.46776826241126	9.5297615095807
5.58430246798568	5.20047077814571	5.15174551806892	5.18760078523908	5.41706554702421	5.27541922034913	5.045018507954	4.78055603783692	5.13287506762361	5.06452652265607	4.81015681416982	5.29093950072795
4.29046906338917	4.21220806736208	4.58349443218033	4.38307040126717	4.26900272412932	4.39259009165379	4.3097749047766	4.02789472514722	3.87082138435654	4.33232727908499	4.30479949574356	4.14084835306193
4.98057809664345	5.01403110564759	4.89158444764429	5.06274256763033	5.02133955639184	4.79822222371628	4.7787332626124	4.89108558757487	4.96405641612959	4.72504471181783	4.74386562280021	4.43848860092841
9.14396039889344	9.03177922984688	9.09969303770003	9.14396039889344	9.15392368712062	9.09045138433782	9.03650440084922	9.06746123618004	9.0338426772937	9.24769505518173	8.94470949260419	9.02115798711071
4.58475347581114	4.88353656244256	5.04123890435868	4.96242173652745	4.72701565082322	4.56168388968688	4.50662260726751	4.719466188173	4.71224793374712	4.71323744210448	4.73587028762962	4.67393361705908
9.0069039767452	9.041800542943	9.01118978276529	9.30583279927054	9.17249349016677	9.13104582217867	9.41192175394518	9.44098119617156	9.40616443170671	9.13320947760094	9.34664605517634	9.40030133870895
9.96367060136658	9.97364469634626	10.0005416822624	10.0796254741971	10.0190815423764	10.0403324123817	10.0102578333325	9.97364469634626	10.0190815423764	10.0403324123817	10.1516006808307	9.99033700538444
4.94266779612888	4.91214349173747	4.84765028448186	4.54326159352162	4.8369543813792	5.11656592570575	4.86631425357296	4.73055494847654	4.90930102443009	4.90957119249552	4.85330558045287	4.66539247480969
5.20581424880215	5.4879462166049	5.62513015191197	5.27613635159775	5.29862654186404	5.57395158732615	5.20316997083899	5.27784585065663	5.11092502742127	5.24303387471126	5.23217078364202	5.29093950072795
7.54584335595722	7.61677953934057	7.57015887681442	7.44605407086072	7.41794164738832	7.60516594950478	7.23281670977263	7.314090849202	7.28405695782127	7.16124377209336	7.49364844196703	7.28405695782127
5.91743946079769	5.81934570417697	6.27347426422648	5.96163008401476	6.27904285784592	5.97522451108297	5.87652463806707	5.97870961965977	5.87886711768162	5.89349014147779	5.63919189206961	5.80672261656266
4.96993395024523	4.91214349173747	5.0921110197984	5.11656592570575	4.75909833059468	4.69528563948788	5.00693567371276	4.96323907632852	5.04809662118976	5.12236531341766	5.07803095437896	5.13574681596028
8.09132163171658	8.09490629602565	8.18954270353023	8.18954270353023	8.04529799455403	8.04529799455403	7.98435262745924	8.00614405950756	8.07525563634306	8.44330120487839	8.20414719224261	8.01580597881653
4.62094300315157	4.38307040126717	4.51159388865094	4.56492643344136	4.41764752121995	4.28394504890599	4.37383583696566	4.24659435931029	4.41764752121995	4.38263001619591	4.37107509082856	4.34018666067352
8.71947251345654	8.83863335583498	8.80856786205137	8.93301424429572	8.8532484752525	8.79517245194696	8.93715799695168	8.83645736466373	8.87891874094885	9.07485458327196	8.95221178966265	8.83645736466373
9.47836933006091	9.45003956492788	9.35942844634838	9.49409141168075	9.44550591482808	9.49077425635491	9.64559636740467	9.5431090515706	9.55096440700013	9.22932132009015	9.68259160688987	9.57258581066011
8.91916995293928	9.0016690312423	8.85853343956528	9.01306049235358	8.99738446671169	9.02222500736119	9.06032778847915	9.05933242364664	9.03177922984688	8.70078232531592	9.09045138433782	8.98505882059087
4.76484916055616	4.91214349173747	4.56168388968688	4.50064036738454	4.66706580081231	4.58067849076586	4.53521694640381	4.64314721421063	4.48695844898403	4.41764752121995	4.62632769411649	4.80795549567448
8.96153213806793	8.97478147285825	8.95221178966265	8.9830211796615	8.98761929867776	8.99267000267204	8.89443511023392	8.89443511023392	8.94610179148981	8.81837849498922	8.99738446671169	8.90950318607639
5.11827595414109	4.79822222371628	5.44507875572356	5.12503575567798	5.05703022225391	5.20233823820952	4.91711973129833	4.99375199598962	4.91836510913578	4.99650155148885	4.93659295022701	4.95951510293165
9.6255348131182	9.60534814293609	9.63976360260014	9.58838641044552	9.65999413678817	9.6870158559084	9.60534814293609	9.6255348131182	9.58838641044552	9.48027542056875	9.31608147833962	9.608578188212
8.43036049225799	8.47237501200396	8.47237501200396	8.47237501200396	8.58469101064087	8.57741025939799	8.56590515105104	8.52538232927487	8.60764642809508	8.70506053250685	8.57533682643664	8.7281274923403
4.10267228469867	4.31757103107237	4.08163485158676	3.93980975525241	3.80483394559383	4.09635680345848	4.29551560140913	3.93658071930376	4.30813802846044	4.04301759236071	4.11503391285946	3.96853702113602
8.90017625446023	8.81044028759663	8.88022704392701	8.7770722244887	8.79107904096671	8.79716138651373	8.7770722244887	8.78511254229687	8.71947251345654	8.87098412031527	8.80147179936915	8.7770722244887
4.7448201669865	4.64524786127842	4.64314721421063	4.83724269029336	4.91738749251331	4.32983519851354	4.67393361705908	4.66292850008318	4.46045876402675	4.39486825012215	4.74386562280021	4.20350510328641
8.78674799791263	8.78783219209766	8.68043400842457	8.73736121729773	8.7693138883967	8.80406171447697	8.90173388107277	8.88800139256825	8.93975020504982	8.40505987496863	8.8481106851322	8.89801368763932
7.43001923854916	7.314090849202	7.45211179710823	7.41794164738832	7.49364844196703	7.57015887681442	7.47803194507006	7.46986630714392	7.37575778007126	7.12811658451446	7.5261217427435	7.67266408561007
8.72523035839006	8.73225816127462	8.70506053250685	8.81044028759663	8.71620881063714	8.67267094737831	8.65527329088706	8.64846288559738	8.68538111324526	8.64846288559738	8.63907423067211	8.62110406419815
8.66068390046799	8.78783219209766	8.54231140689652	8.73225816127462	8.51701979028521	8.62556063111103	8.62816628899921	8.63907423067211	8.55492867426083	7.91984030061159	8.6912994808454	8.51701979028521
7.73063830658889	7.82084343792344	7.69350858759633	7.70018572780867	7.70373909146449	7.61677953934057	7.34535692188844	7.32686473884248	7.34535692188844	7.29744016495002	7.16124377209336	7.21817675591809
4.80871363380527	4.5333094011054	4.87098259941899	4.61725369978142	4.8826528139856	4.71323744210448	4.94962096075	4.8971569309558	4.87791751221838	4.82617395860459	4.79055740684634	4.7368365131928
3.7174870047464	4.07825432572257	4.45851617798265	3.97130092646395	3.52312357670012	3.74389445785243	4.03701527379993	3.45598057511687	4.06003207575937	4.11629664754501	4.26792446948703	3.96853702113602
8.75565024308142	8.70166939584651	8.71620881063714	8.76279226729599	8.72202805611251	8.70506053250685	8.79616691923034	8.82788466983428	8.7815775914322	8.03049824221006	8.86375572395533	8.67267094737831
6.75583512045797	6.95464813422112	7.01057965501901	7.23281670977263	7.0276153161372	7.00138042183833	7.37575778007126	7.41794164738832	7.41794164738832	7.18847345354011	7.6838680364495	7.59971313381805
7.78368162444763	7.76128840500732	7.86729462568314	7.75627036806511	7.82632024684494	7.86438935031842	7.63841386671785	7.53156776512546	7.69350858759633	8.03826822730032	7.77383239292789	7.57015887681442
5.53328795757965	5.50450160045454	5.37416570201249	5.57395158732615	5.26893039363432	5.61488886351799	5.44956057441967	5.40876865707071	5.49602647569375	5.37416570201249	5.55725581717229	5.40466309384829
4.53521694640381	4.3412937689308	4.34741357817441	4.12826927766798	4.29953356029562	4.58067849076586	4.24537394364326	4.46377542912014	4.51159388865094	4.16511674951035	4.24390728116705	4.23670120048535
4.86879517267965	4.46477549439643	4.88353656244256	4.53063789367342	5.03895389507018	4.90987402584819	4.43890174546446	4.83445754868468	4.64419753774452	4.5333094011054	4.60407193562499	4.3097749047766
4.43890174546446	4.38307040126717	4.23564919127501	4.32983519851354	4.17929160222903	4.60956469560787	4.37383583696566	4.57392286445025	4.23041562371719	4.25746800720272	4.35801698786856	4.50064036738454
4.43890174546446	4.46477549439643	4.40460837229789	4.50064036738454	4.03368911723708	4.60956469560787	4.28394504890599	4.36690594401637	4.36586781437394	4.64419753774452	4.41400938479394	4.3097749047766
10.4349965450207	10.4349965450207	10.3865359935092	10.4349965450207	10.4349965450207	10.4349965450207	10.4349965450207	10.4349965450207	10.4349965450207	10.4349965450207	10.6258932219968	10.3865359935092
4.00762105415227	4.07825432572257	4.17819862133014	4.17211056915562	4.40153780455419	4.28394504890599	4.01097106687108	4.29506192156985	3.96991897379998	3.97130092646395	3.75692652550796	3.88725172154315
9.50636141212408	9.57258581066011	9.5431090515706	9.72727664703618	9.57854714115853	9.53205096506439	9.65473776110675	9.63071209533675	9.66151784212191	9.86230067757596	9.79311312068433	9.56005395343451
4.58475347581114	4.69949971908582	4.72602614246586	4.43848860092841	4.96041214378773	4.66432793159363	4.32983519851354	4.62183548755824	4.35269701522042	4.39486825012215	4.6677878725729	4.75508143944645
8.56590515105104	8.57948369235934	8.65527329088706	8.49623225807173	8.56590515105104	8.48976567890146	8.40505987496863	8.46638647461103	8.40090744615335	8.95656691376999	8.50707920123237	8.3482176462492
4.73587028762962	5.12803441223691	5.37416570201249	4.70019496775915	4.89642316800601	4.84873200104554	4.84839711275115	4.7386706121431	4.9248601204882	4.9210334480609	5.0309852163264	5.0129562408789
9.06325774839061	9.04728698684259	9.18902792962874	9.20044654669459	9.13320947760094	9.17249349016677	9.13320947760094	9.15047208338828	9.20740121942412	9.44320738949176	9.07214746795433	9.23328987864952
9.98294534163715	10.0303150471507	10.0620817390527	10.0190815423764	10.0403324123817	10.0303150471507	9.97364469634626	9.93455929111574	10.0102578333325	10.3865359935092	10.0190815423764	10.0190815423764
5.05944885797828	5.32879699949028	4.91548104717872	5.20581424880215	5.4247976646142	5.39421354360647	5.20316997083899	5.30692182967599	5.07044432327131	4.96842524076642	4.89058672750545	4.97158692767828
8.70506053250685	8.62816628899921	8.82989660969679	8.71620881063714	8.91189916666733	8.88107628923091	8.99020377490363	8.86911191345123	9.03971850287319	9.12881415865153	8.90017625446023	9.14396039889344
3.54247148180764	4.00427104143345	4.17819862133014	4.01943313157316	4.06907404644629	3.96403658095151	3.93658071930376	3.87082138435654	3.60709664010363	3.84571068270294	3.98643487769611	3.99912659844603
4.49101529050385	4.09846013347726	4.76714075051097	4.56492643344136	4.14562769467945	4.15581495650148	4.24537394364326	4.06422861520603	4.38307040126717	4.55090801384918	4.5333094011054	4.46045876402675
9.90611764319563	9.91081853803945	9.89189346567761	9.90141674835181	9.89597539132516	9.89597539132516	9.89189346567761	9.89597539132516	9.9170956359475	9.80110269037696	9.76010265924657	9.89597539132516
4.54979994529805	4.62272797196491	4.58349443218033	4.43848860092841	4.68497917615314	4.34479278632865	4.3921560659894	4.38880422998926	4.66706580081231	4.48105813980565	4.78055603783692	4.55901922753241
8.66068390046799	8.72202805611251	8.55896389219854	8.78347708668112	8.7770722244887	8.76640145058399	8.51701979028521	8.55896389219854	8.52538232927487	8.05544134862061	8.09849096033472	8.25487235851508
9.22932132009015	9.15047208338828	9.08950552405579	9.07874286081437	9.12881415865153	9.05491354341858	9.03650440084922	9.02704581076513	9.06535949228532	8.83108322841546	9.30416498398965	9.04830676119552
4.96041214378773	4.83381975097273	4.82447949441731	5.01964316353416	4.86122541440701	4.79822222371628	4.65368894377508	4.88353656244256	4.75049454471731	4.74291107861393	4.82286785409756	4.76549373789885
5.90842826049634	5.62844202668751	3.92262753326691	4.70019496775915	4.56265959741988	4.20733771320547	5.08561571721766	5.33069502442548	4.10267228469867	3.89938759963522	3.52312357670012	3.7021529325462
5.41920517017265	5.18208864513974	5.11092502742127	5.15174551806892	5.03895389507018	4.97769354518985	5.13355908673324	5.08738423133235	4.98086640555761	5.04614308445969	5.13219104851398	4.98086640555761
5.57169366282509	5.32879699949028	5.69438484456397	5.62208233490112	5.86855097731439	5.74956174364702	5.36072768276321	5.49602647569375	5.27784585065663	5.34477672371353	5.43056934194014	5.46134204767411
9.08855966377376	9.06904629041699	8.99941952492725	9.06032778847915	9.02329202761167	8.99267000267204	9.01118978276529	9.04830676119552	9.04434038790145	8.68815074380747	8.97242196577956	8.96012327460019
9.26871278813218	9.26871278813218	9.31025994276475	9.27368875609843	9.27627385649423	9.28122747338661	9.23226595069069	9.23993231122462	9.23328987864952	9.43053528528624	9.13802852785804	9.15047208338828
3.94303879120107	4.09846013347726	4.15581495650148	3.86925746110506	3.67976032269037	3.91830363812816	3.66310282614223	3.83106300683799	3.67976032269037	4.21220806736208	4.17551843716304	4.10267228469867
8.05544134862061	8.01580597881653	7.94312108932026	7.92601188480492	7.94312108932026	7.93386747449166	7.79159091799688	7.81502788337478	7.86438935031842	7.58326700268416	7.72308304249721	7.82632024684494
6.08186353267267	6.06050914229074	5.89531850187264	6.02311849272406	5.9568869366422	5.88724789726034	5.92750292415304	6.02311849272406	5.81735370405452	5.74956174364702	6.07082924452113	6.03296486298238
5.07044432327131	4.9654864737086	4.96691653128761	4.86951657433271	4.89642316800601	5.08561571721766	4.83229911071431	4.81330753359208	4.93233484546252	4.88694644025146	4.59702004497266	4.55901922753241
3.88444364249819	3.73960607833234	3.87082138435654	3.99638902904142	3.67976032269037	3.69095662761829	3.91596653881208	3.97130092646395	3.73960607833234	4.16511674951035	4.23041562371719	4.0299147700173
4.18038458312791	4.56621756172983	4.69023613119931	4.89463466640489	4.55090801384918	4.47041769500874	4.5286299207053	4.37857541143517	4.5477708586757	4.87376178980025	4.71224793374712	4.59612895939512
5.31566004284899	5.14809762349417	5.28960669815541	5.01964316353416	5.1744560339223	5.1744560339223	5.18760078523908	5.35796767396675	5.13287506762361	5.20581424880215	5.49602647569375	5.59062285024107
4.34741357817441	4.58349443218033	4.74744900320113	4.40560609243673	4.53521694640381	4.20733771320547	4.07616911976606	4.66292850008318	4.21220806736208	4.25746800720272	4.41400938479394	4.51854270812702
4.0299147700173	4.00427104143345	4.17819862133014	4.23041562371719	4.14562769467945	4.23564919127501	4.2153231689844	3.87082138435654	4.21220806736208	4.33232727908499	4.24390728116705	4.0299147700173
9.43053528528624	9.47520642021783	9.42032879066103	9.38128839510408	9.55553237359696	9.48294113437973	9.49717342031926	9.50636141212408	9.43499049166352	9.28122747338661	9.37743263918158	9.44435665215992
7.83756197966396	7.91330476572797	7.82632024684494	7.58326700268416	7.67266408561007	7.59426031813131	7.12811658451446	6.92977142121101	7.18847345354011	6.91468100373474	6.3712607971179	6.45910774313724
9.72408310333576	9.75380669386752	9.73584113488575	9.80110269037696	9.73584113488575	9.75695467655704	9.81056349891518	9.82802205994179	9.81531975772951	9.82037131082013	9.84415113225678	9.67932591269626
5.04311637111416	4.75453743307872	5.11092502742127	4.75453743307872	5.00552546114117	5.03475966764468	4.83914981016583	4.71224793374712	4.72180731501082	5.05703022225391	4.74386562280021	4.87237219460962
8.7693138883967	8.81837849498922	8.93301424429572	9.09590481576771	8.93126104749195	8.92892040704236	9.09969303770003	8.98925052750068	9.05491354341858	9.31258144015413	9.01517695234859	9.09288041202016
7.74888303366085	7.74179577479346	7.86729462568314	7.73621704069117	7.73063830658889	7.77383239292789	7.58326700268416	7.62843210356616	7.61677953934057	7.82084343792344	7.32686473884248	7.46986630714392
4.14562769467945	4.07825432572257	4.34741357817441	4.10732957429697	4.26900272412932	4.11629664754501	4.65368894377508	4.45653364964558	4.43948821151495	4.43101588501357	4.67726687460748	4.72362568397936
8.51701979028521	8.55492867426083	8.39675501733807	8.51701979028521	8.39675501733807	8.37173831596973	8.30822231241826	8.31055411814762	8.34174996852576	8.04529799455403	8.42277072384182	8.12366900868743
8.62816628899921	8.67424326742872	8.57533682643664	8.64665167854455	8.55896389219854	8.52985616760878	8.49623225807173	8.48976567890146	8.49623225807173	8.38802411993731	8.59206028756965	8.44330120487839
4.31757103107237	4.62272797196491	4.67891788492547	4.64624558141725	4.21482841480572	4.7821036567658	4.67393361705908	4.54979994529805	4.56168388968688	4.52688645583882	4.68258056718129	4.14084835306193
7.83178603559975	7.90244120644741	7.77383239292789	7.83756197966396	7.83178603559975	7.78368162444763	7.62260582145336	7.57015887681442	7.51600673010106	7.43001923854916	7.55316565345859	7.50482758603404
5.17257183804815	5.41706554702421	5.42768350327717	5.15174551806892	5.12386410731272	5.48264782414509	5.4064668499943	5.18760078523908	5.32879699949028	5.31566004284899	5.46134204767411	5.25308289319001
5.89349014147779	5.84719377805706	5.92247119247537	5.67210445551062	5.88422874727826	5.98219472823656	5.51215672024077	5.60348531664462	5.69438484456397	5.2356484908935	5.38098196779818	5.53328795757965
8.84247901374304	8.80147179936915	8.79517245194696	8.82489659732409	8.67267094737831	8.809504074824	8.77061623205728	8.7025564663771	8.82870999097812	8.61616516221221	8.79107904096671	8.66932335187706
8.89801368763932	8.92672132233468	8.93975020504982	8.91070117637186	8.98150922230248	8.98829728009774	9.07214746795433	8.95764066245122	9.06032778847915	8.90950318607639	8.92111856953527	8.9346640440225
4.7448201669865	4.3412937689308	4.28166441580041	4.25746800720272	4.21482841480572	4.68023769719698	4.26792446948703	4.38880422998926	4.53197364738941	4.52040929393708	4.35801698786856	4.10267228469867
6.6131212190875	6.91468100373474	6.43551278768041	6.35222007801437	6.22401388245547	6.40183307469255	6.16586099803685	6.0011546139278	6.0960110233979	5.87253780769073	6.08562351214619	5.83148287431104
8.70078232531592	8.74173670014228	8.72523035839006	8.84553734632574	8.65527329088706	8.69642969429229	8.6573288774287	8.63249252808252	8.64665167854455	8.57056127362323	8.95871441113244	8.52761924844183
3.91362943949599	3.97461607452019	4.21772989417285	3.83520767140036	4.26900272412932	3.74389445785243	4.20069635496926	4.41764752121995	3.98643487769611	4.13049006714589	4.21482841480572	3.91830363812816
4.26900272412932	3.76481194456053	4.49385969865058	4.14187162132868	4.65199597303809	4.07616911976606	4.42525570026131	4.69407291855177	4.28263789955438	4.29139388614392	4.39486825012215	4.23670120048535
5.38098196779818	5.24839421588411	5.35796767396675	5.44263348372495	5.22743621813135	5.44956057441967	5.16721292199238	5.12803441223691	5.09355524432472	5.29711949937951	5.24187077069945	5.28190142330586
8.88800139256825	8.92256669390507	8.90818032791466	9.04830676119552	8.97242196577956	8.98694131725779	9.04434038790145	9.0016690312423	8.99020377490363	9.25821394422403	9.10210596227941	9.01118978276529
9.09969303770003	9.11401730055341	9.03971850287319	9.16136740516058	9.1810846360021	9.08635249546036	9.18762197993121	9.19471895375549	9.19635034515003	8.98761929867776	9.13320947760094	9.05225862438421
4.90749585200522	4.56621756172983	4.87098259941899	4.7368365131928	5.10214100688323	5.02264987034255	4.44943642801079	4.98057809664345	4.65368894377508	4.60956469560787	4.29322790385689	4.55901922753241
5.17257183804815	5.17257183804815	4.78116333082732	5.01964316353416	5.07882455346555	5.27541922034913	4.88353656244256	5.09499946885104	5.06274256763033	4.78055603783692	4.64875961001718	5.01794677067649
4.0299147700173	3.84253150933284	4.00762105415227	4.32983519851354	4.16270311944465	4.06074347214932	4.20069635496926	3.90940268991928	3.87082138435654	3.93432030512774	3.61668951023374	4.12055126624798
8.17888866429846	8.30822231241826	8.2887651357759	8.20414719224261	8.31660015264439	8.36399755459524	8.67581558747912	8.58469101064087	8.72523035839006	8.96153213806793	8.76785766949035	8.75174845651699
6.42269096472906	6.46796456595846	6.70078706653463	6.58764705134143	6.38480025725222	6.36166453071861	6.39009781453924	6.42269096472906	6.29442912312322	6.27347426422648	6.42269096472906	6.39539537182625
4.49101529050385	4.56621756172983	4.59883324508613	4.53063789367342	4.71224793374712	4.23564919127501	4.53521694640381	4.48656683656727	4.40560609243673	4.63066648302006	4.36690594401637	4.50064036738454
7.91330476572797	7.99277409357739	7.75627036806511	7.82084343792344	7.76630644194954	7.92601188480492	7.6838680364495	7.56048795095997	7.77383239292789	7.314090849202	7.8905260425478	7.56048795095997
5.11827595414109	5.01403110564759	4.98912764444404	5.2356484908935	5.05371706478297	5.04558079620684	4.80947177193607	5.01794677067649	5.04809662118976	4.85061063451765	4.93659295022701	4.91836510913578
10.0102578333325	9.98294534163715	10.0502376860743	9.91081853803945	9.84415113225678	9.85059802811072	9.91081853803945	9.90141674835181	9.85059802811072	9.99033700538444	9.87761994043561	9.90141674835181
4.25419515674383	4.3412937689308	4.13860985703272	4.21220806736208	4.55090801384918	4.50344481145781	4.34018666067352	4.41764752121995	4.23041562371719	4.43848860092841	4.34741357817441	4.38525951530803
7.37575778007126	7.37575778007126	7.37575778007126	7.40575432144492	7.35431915114238	7.34983803651541	7.45211179710823	7.51600673010106	7.47803194507006	7.54584335595722	7.70729245512031	7.64299663959352
5.22743621813135	5.02604241138825	5.12803441223691	4.986675144106	5.4064668499943	4.8971569309558	4.83914981016583	5.03800493885593	4.96405641612959	4.9845097618352	5.20047077814571	5.22673820599261
4.41764752121995	4.13049006714589	4.05827851736908	3.97130092646395	4.11842395689649	3.91830363812816	4.03701527379993	4.09635680345848	3.91830363812816	4.17819862133014	4.02557249957954	4.17819862133014
10.4997496634231	10.4997496634231	10.6258932219968	10.4997496634231	10.4997496634231	10.4997496634231	10.3865359935092	10.3332582191274	10.3865359935092	10.6258932219968	10.3332582191274	10.4349965450207
4.14562769467945	4.37107509082856	4.57247008900256	4.03368911723708	4.37245546389711	4.3097749047766	4.37383583696566	4.47323875545921	4.23041562371719	4.27739493423912	4.13179786517614	4.38525951530803
9.34664605517634	9.26039536964419	9.36677952164788	9.31608147833962	9.28368533843645	9.32012023170203	9.26871278813218	9.31025994276475	9.31025994276475	9.40912388432799	9.32012023170203	9.26737879611529
4.57193575398766	4.3412937689308	4.6677878725729	4.56492643344136	4.16270311944465	4.48791450022737	4.51582922365535	4.57392286445025	4.56168388968688	4.73587028762962	4.91548104717872	4.47381955508246
8.44330120487839	8.38802411993731	8.42277072384182	8.26336180182838	8.36399755459524	8.33385544180694	8.19684494788642	8.21120250634599	8.16853406414264	8.08376205815824	8.01580597881653	8.16067754476015
9.05833705881412	9.1810846360021	9.05833705881412	9.02961321500121	9.07485458327196	9.03971850287319	9.03177922984688	8.9830211796615	9.01517695234859	9.19193835973891	9.04307046542223	8.90017625446023
4.25419515674383	4.29953356029562	3.87082138435654	4.30650115214428	4.4320449365635	4.5333094011054	4.01097106687108	3.93658071930376	4.38307040126717	3.83106300683799	3.89472370011166	4.0299147700173
4.57193575398766	4.50579631819542	4.45851617798265	4.76549373789885	4.71224793374712	4.45851617798265	4.58475347581114	4.50885935989456	4.4722667315574	4.57193575398766	4.57300442401746	4.5342631737546
9.43499049166352	9.44697456571947	9.37109465787008	9.44098119617156	9.3959509917701	9.44320738949176	9.44098119617156	9.38745285720195	9.40912388432799	9.22057788321189	9.52747205409701	9.34664605517634
9.16324560158822	9.07485458327196	9.14396039889344	9.05833705881412	9.09969303770003	9.07874286081437	9.05225862438421	9.05491354341858	9.04626721248966	8.79616691923034	8.92401481827488	8.94749409037543
6.903589856893	6.9740029063674	6.77717069770122	6.83482707529391	6.79140053597086	6.92977142121101	7.28405695782127	7.29744016495002	7.26344602617053	7.20353680206355	7.74179577479346	7.35431915114238
9.5431090515706	9.5198241769045	9.44320738949176	9.67081755623551	9.45701389321382	9.53984857819921	9.46434402642926	9.46100866443896	9.51619567850281	9.36444892563543	9.58077804607828	9.44697456571947
4.23670120048535	4.00427104143345	4.49385969865058	4.42525570026131	4.41764752121995	4.20733771320547	4.40350128280693	4.22359270884487	4.62094300315157	4.39486825012215	4.60407193562499	4.65054905208607
4.23670120048535	4.15581495650148	4.09954957383632	4.17211056915562	4.03368911723708	3.7174870047464	3.88029449289237	3.76481194456053	3.76481194456053	3.77388917071395	4.14836049976349	3.88725172154315
9.83720581860951	9.87761994043561	9.74966507667155	9.86985898442712	9.9170956359475	9.92798824059639	9.9170956359475	9.88244665696715	9.92130944763943	9.50035349488669	9.90141674835181	9.92464884411791
4.37965179889281	4.38307040126717	4.45851617798265	4.64624558141725	4.26900272412932	4.01561598913446	4.31757103107237	4.59702004497266	3.83520767140036	4.68258056718129	4.43948821151495	4.47381955508246
4.63066648302006	4.7127426879258	4.6677878725729	4.89463466640489	4.52272099804039	4.96101214203954	5.05703022225391	5.07338276527115	5.06274256763033	5.10494792525954	4.82286785409756	4.83914981016583
5.4000121514134	5.29862654186404	5.4859992488659	5.47664038128496	5.45159712111717	5.44029850531841	5.27470208910052	5.13908749889304	5.2281342302701	4.96041214378773	5.28558061779271	5.34360744051664
10.3865359935092	10.3332582191274	10.4349965450207	10.2633186073575	10.2345117975624	10.3332582191274	10.2633186073575	10.2633186073575	10.2345117975624	10.1516006808307	10.2058981125667	10.2633186073575
9.44550591482808	9.44320738949176	9.53984857819921	9.51619567850281	9.48294113437973	9.42710600910523	9.37511424874191	9.3389050848778	9.42508559904494	9.79311312068433	9.40616443170671	9.38503197771361
5.68456147531653	5.91743946079769	5.94865146334998	5.83436905292914	5.62208233490112	5.71683734462883	5.7047946697634	5.67210445551062	5.71683734462883	5.57795837515675	5.81735370405452	5.73767603009067
9.40616443170671	9.46776826241126	9.40912388432799	9.47836933006091	9.42508559904494	9.45450472513265	9.49077425635491	9.42710600910523	9.46100866443896	9.27032242344786	9.44098119617156	9.44098119617156
4.71630812362742	4.81330753359208	5.41706554702421	4.83724269029336	4.8826528139856	5.09897824486447	4.75574356570566	4.81330753359208	4.76631724420491	5.01403110564759	5.06337354112977	4.94463232340372
4.63066648302006	4.95540421921864	4.81062100407004	5.22743621813135	4.8826528139856	4.97769354518985	5.06274256763033	4.94293087004272	4.95147368849867	4.97401909351716	5.0309852163264	5.07515826567336
3.94303879120107	3.97461607452019	3.52312357670012	3.86925746110506	4.26900272412932	4.15581495650148	3.96403658095151	4.15581495650148	3.98643487769611	3.72640235177932	3.86925746110506	3.96853702113602
4.34741357817441	4.50579631819542	4.74015980260682	4.46240135007084	4.37245546389711	4.32983519851354	4.29551560140913	4.27739493423912	4.28263789955438	4.24390728116705	4.35801698786856	4.34018666067352
8.96526424078599	8.87761043797069	8.97781137492589	8.97781137492589	8.99020377490363	8.98404000012618	8.83645736466373	8.80276675692306	8.88892745288462	8.71367645840217	9.00424275299346	8.91371012850743
5.05944885797828	5.38269677130673	5.32879699949028	5.25488106416585	5.13574681596028	5.30692182967599	5.15174551806892	4.98057809664345	5.14277010134762	5.11304258191695	5.29340300123309	4.9959639383341
8.80406171447697	8.93126104749195	8.83863335583498	8.95290689200058	8.82489659732409	8.85853343956528	8.74437457727493	8.76640145058399	8.8466476011054	9.041800542943	8.89801368763932	8.74173670014228
7.45885817890575	7.53701378750743	7.56048795095997	7.63841386671785	7.53701378750743	7.51600673010106	7.26344602617053	7.26344602617053	7.314090849202	7.10372599871707	7.44605407086072	7.26344602617053
4.9959639383341	4.85823496451101	4.89158444764429	4.82211533148892	4.81062100407004	4.86923235492205	4.72180731501082	4.78055603783692	4.73953848553023	4.73587028762962	4.65831264275079	4.76549373789885
5.02500129784075	5.16177374692694	5.46408187336577	5.07160726486894	5.16068194241537	5.11656592570575	5.02797851696319	4.70019496775915	4.91411012427408	5.02396018429325	4.80535547055313	4.89108558757487
8.77874327275296	8.86375572395533	8.81139756424405	8.86076273940959	8.76279226729599	8.70954850850076	8.89909497104977	8.80276675692306	8.81235484089147	8.93301424429572	8.93715799695168	8.79517245194696
9.75178551843126	9.67932591269626	9.79311312068433	9.62336807195867	9.72408310333576	9.69494472129465	9.58507744769292	9.64708517421764	9.608578188212	9.84415113225678	9.49243283401783	9.66421099667195
4.60257829738504	4.94319394395657	4.65420054084918	4.70019496775915	4.68497917615314	4.96101214203954	4.55090801384918	4.60956469560787	4.72180731501082	4.34336826680376	4.21482841480572	4.75508143944645
8.89443511023392	8.97999726494346	8.92111856953527	8.80147179936915	8.84442709154607	8.91371012850743	8.91280464758738	8.86375572395533	8.96526424078599	8.89443511023392	8.79517245194696	8.92111856953527
4.66100834065953	4.59883324508613	4.79538737475948	4.90930102443009	4.66706580081231	4.74662168084724	4.88353656244256	4.98057809664345	4.97401909351716	5.13793454518731	5.20047077814571	5.09786056040386
5.51215672024077	5.19048355395876	5.30200657316796	5.46408187336577	5.45159712111717	5.33069502442548	5.20316997083899	5.1628655514385	5.27272016825219	5.27541922034913	5.11957123683184	5.19943505071138
2.06358650546491	2.06358650546491	2.06358650546491	2.06358650546491	2.06358650546491	2.06358650546491	2.06358650546491	2.06358650546491	2.4408279614443	2.37896162968084	2.06358650546491	2.4408279614443
9.01044209236267	9.01411872235109	9.06325774839061	8.9961771749057	9.02961321500121	9.06032778847915	9.09590481576771	9.11401730055341	9.07214746795433	9.18413118148269	9.15654593279904	9.10089949998972
9.44320738949176	9.50636141212408	9.44098119617156	9.5297615095807	9.52450022463251	9.58507744769292	9.58077804607828	9.47836933006091	9.48294113437973	9.33137451846802	9.40912388432799	9.57854714115853
8.7281274923403	8.82870999097812	8.82174215123633	8.95290689200058	8.72523035839006	8.73736121729773	8.7025564663771	8.74701245440757	8.74437457727493	9.06032778847915	8.60548011983439	8.64846288559738
7.01909748557811	7.07954706903887	6.96432552029426	6.82005618632655	6.76302399189851	6.82744163081023	6.50123166974323	6.49040897398583	6.53167222740401	6.24818561727699	6.21657318852981	6.30099199521536
5.11827595414109	5.47929639942428	5.42768350327717	5.37416570201249	5.22743621813135	5.1935496390128	5.02797851696319	5.05005015791983	5.05703022225391	4.94195780015811	5.10418608444137	5.41920517017265
5.29093950072795	5.34786536681142	5.37416570201249	5.34360744051664	5.29862654186404	5.21901720872528	5.36914879813455	5.19584933651474	5.16177374692694	5.23015250695606	5.48989318434389	5.44752402772217
8.81476580643344	8.77790774862083	8.68815074380747	9.00969440196005	8.87761043797069	8.76279226729599	8.86911191345123	8.84247901374304	8.90312607961028	8.97781137492589	8.87457881543279	8.89443511023392
3.56089710010633	3.39041016353962	3.92262753326691	3.3524412434153	3.24998166528662	3.26664588828223	3.28214131274645	3.29763673721066	3.63392680356471	3.3310478083896	3.82371575554569	3.54247148180764
9.78631386975044	9.78368883573312	9.75178551843126	9.60084362721801	9.67932591269626	9.6485739810306	9.62120133079915	9.67932591269626	9.64255239424476	9.58507744769292	9.6255348131182	9.63071209533675
7.87904708663424	7.94312108932026	7.83178603559975	7.90244120644741	7.92601188480492	7.83178603559975	7.57015887681442	7.63841386671785	7.63841386671785	8.12366900868743	7.45548498800699	7.61677953934057
5.66563502270753	5.49602647569375	5.31357528780112	5.55136516418999	5.59694323249647	5.65558899692416	5.5454745112077	5.57169366282509	5.58313381548652	5.50450160045454	5.63175390146304	5.7047946697634
4.96041214378773	4.9654864737086	5.39421354360647	4.86951657433271	5.15151995572782	5.06211159413089	4.83445754868468	5.05005015791983	4.98086640555761	4.88694644025146	4.74386562280021	4.81330753359208
4.67543464681004	4.31757103107237	4.42173968635682	4.6820938253043	4.89642316800601	4.7821036567658	4.72180731501082	4.72553542714185	4.79618822939752	4.47323875545921	4.32421631655432	4.55901922753241
9.65077683125329	9.6255348131182	9.66421099667195	9.63525031199253	9.60084362721801	9.61567966014985	9.63976360260014	9.61034519296338	9.60534814293609	9.66697590245881	9.5468337320295	9.63976360260014
5.45159712111717	5.26294938038747	5.37416570201249	5.27613635159775	5.7824719674721	5.44029850531841	5.27470208910052	5.27784585065663	5.47040303110154	5.60711426289517	5.43796352691187	5.47929639942428
4.52231890762232	4.7127426879258	4.89890223164849	4.48791450022737	4.48392610483076	4.69528563948788	4.41400938479394	4.43807545639237	4.6820938253043	4.77335276374334	4.71224793374712	4.68258056718129
5.86855097731439	6.08562351214619	5.92247119247537	5.81033488404776	5.67210445551062	5.82133770429941	5.51988565120539	5.49602647569375	5.44752402772217	5.53066964190061	5.74956174364702	5.56943573832404
7.82084343792344	7.79159091799688	7.80635755239514	7.83178603559975	7.80635755239514	7.82358184238419	7.56048795095997	7.70018572780867	7.57015887681442	7.60516594950478	7.62843210356616	7.45885817890575
4.89258218769893	5.11198380466911	5.11092502742127	4.61725369978142	4.71224793374712	4.76714075051097	4.61030681801697	4.48656683656727	4.66706580081231	4.76549373789885	4.96101214203954	4.57962406057204
7.96152430614574	8.05544134862061	8.05544134862061	8.21572712964718	7.96775829410538	8.01097501916204	7.77383239292789	7.76630644194954	7.83756197966396	8.14635185993718	7.8538539905876	7.78368162444763
5.09897824486447	5.07882455346555	4.89158444764429	4.70019496775915	5.20233823820952	4.99207766679988	4.9559397416486	4.99948331849716	4.62094300315157	4.69654202027099	4.79791939036361	4.9959639383341
5.70969815671391	5.70724641323865	5.74647460012387	5.50026403807414	5.4247976646142	5.24447824919356	5.43056934194014	5.29711949937951	5.25073855453706	5.36631824484711	5.40466309384829	5.2356484908935
5.64973361155886	5.54069039223319	5.34632104526247	5.35376505957083	5.1744560339223	5.29340300123309	5.33466517055539	5.34786536681142	5.30920618121462	5.05703022225391	4.96101214203954	5.07515826567336
5.26173692165912	5.14809762349417	5.23015250695606	5.53066964190061	5.25667923514169	5.26052446293077	5.62513015191197	5.58313381548652	5.72278701332368	6.25738179271383	5.96163008401476	6.21657318852981
4.43890174546446	4.3412937689308	4.49385969865058	4.27739493423912	4.84839711275115	4.72504471181783	4.35269701522042	4.27739493423912	4.18142549514318	4.3107035060703	4.37857541143517	4.34018666067352
8.79312574645683	8.85636620026888	8.7025564663771	8.87761043797069	8.67581558747912	8.78016043209258	8.72202805611251	8.67812479795185	8.71620881063714	8.99738446671169	8.62556063111103	8.67581558747912
3.98054675774449	4.03368911723708	4.15581495650148	4.06074347214932	4.46240135007084	4.39259009165379	3.99365145963681	4.40153780455419	4.30813802846044	4.56168388968688	4.3097749047766	4.3097749047766
4.14562769467945	4.55090801384918	4.54979994529805	4.55090801384918	4.50255733638279	4.55035397957361	4.36146232465376	4.66292850008318	4.40560609243673	4.60108465914509	4.5333094011054	4.42173968635682
3.98054675774449	4.23041562371719	4.20350510328641	4.04744805670837	3.83935233596273	3.96403658095151	4.43890174546446	3.99912659844603	3.7174870047464	4.03193481488737	4.62043140607747	4.25746800720272
4.80871363380527	4.46477549439643	4.62632769411649	4.55090801384918	4.66706580081231	4.64524786127842	4.75574356570566	4.71224793374712	4.67543464681004	4.71323744210448	4.57300442401746	4.60644725441188
7.99277409357739	8.02673750415774	7.97511195067198	8.00614405950756	7.91330476572797	7.96152430614574	7.93386747449166	7.83178603559975	7.83178603559975	7.64757941246918	7.91330476572797	7.82084343792344
7.56048795095997	7.64757941246918	7.58326700268416	7.69350858759633	7.57015887681442	7.46986630714392	7.94312108932026	7.99277409357739	7.98435262745924	7.61677953934057	8.39675501733807	7.95051462751591
9.63071209533675	9.59240211576346	9.67081755623551	9.56152363552412	9.63525031199253	9.63298120366465	9.57631623623878	9.69146250997876	9.60084362721801	9.69904910987086	9.64255239424476	9.6485739810306
4.56094856882129	4.58349443218033	4.58349443218033	4.58145693965769	4.52272099804039	4.51582922365535	4.51582922365535	4.33232727908499	4.24659435931029	4.57193575398766	4.58789123344306	4.42173968635682
4.67543464681004	4.66539247480969	4.79538737475948	5.045018507954	4.82447949441731	4.7821036567658	4.79822222371628	4.52191681720425	4.62094300315157	4.76549373789885	4.72362568397936	4.79822222371628
9.61567966014985	9.56569690435806	9.55553237359696	9.62336807195867	9.58838641044552	9.56152363552412	9.57036214767655	9.55096440700013	9.56569690435806	9.53205096506439	9.59240211576346	9.59240211576346
4.69528563948788	4.66539247480969	4.51159388865094	4.43848860092841	4.7821036567658	4.50344481145781	4.68258056718129	4.64314721421063	4.69528563948788	4.55090801384918	4.57962406057204	4.76549373789885
8.64665167854455	8.6573288774287	8.63249252808252	8.7693138883967	8.60981273635577	8.60548011983439	8.63907423067211	8.67812479795185	8.71367645840217	8.60981273635577	8.7281274923403	8.49623225807173
4.47041769500874	4.66539247480969	4.69023613119931	4.61725369978142	4.74291107861393	4.62676487635889	4.41400938479394	4.56265959741988	4.39671238292612	4.85823496451101	4.84690345621258	4.43848860092841
8.36399755459524	8.39675501733807	8.41069451145759	8.40505987496863	8.4603979372181	8.4265656080499	8.36399755459524	8.37173831596973	8.38802411993731	8.78891638628268	8.27161919502765	8.40505987496863
3.91362943949599	3.24998166528662	3.18538947308401	3.3524412434153	3.40698564863823	3.8900598005881	3.60709664010363	3.7021529325462	3.31434227280013	2.80038315455695	3.28214131274645	3.90517594034256
9.12881415865153	9.05933242364664	9.08950552405579	8.93715799695168	9.04830676119552	8.99267000267204	8.99267000267204	9.03069622242405	8.97478147285825	9.11049038918414	9.05491354341858	9.17941016372511
5.29093950072795	5.35796767396675	5.16503923671544	5.00693567371276	5.20233823820952	5.52313333512024	5.28960669815541	5.14669868679532	5.26294938038747	5.15151995572782	5.05703022225391	4.92685945277298
5.17257183804815	4.94319394395657	4.70158296899459	4.72180731501082	5.06452652265607	5.30692182967599	4.81615883565276	4.76714075051097	4.90930102443009	4.64419753774452	4.40510723236731	4.75508143944645
4.10267228469867	3.80483394559383	4.09954957383632	4.10732957429697	3.93205989095172	4.26229216442736	3.97923899016046	4.22359270884487	4.39671238292612	3.91596653881208	4.21482841480572	4.21772989417285
4.56094856882129	4.56621756172983	5.0921110197984	5.08422015117481	4.77212823813546	4.83556181057486	4.7787332626124	4.986675144106	4.90930102443009	4.66706580081231	4.87886748050561	4.98697645949063
5.09897824486447	5.07882455346555	5.18546394337257	5.31149053275325	5.27541922034913	4.96101214203954	5.47929639942428	5.37416570201249	5.24303387471126	5.4247976646142	5.10418608444137	5.18332710150607
8.2887651357759	8.16853406414264	8.11049552841634	8.17888866429846	8.17888866429846	8.18954270353023	8.09849096033472	8.09132163171658	8.14143619431177	7.95051462751591	8.09132163171658	8.18778030863204
4.50774098358104	4.21220806736208	4.43807545639237	4.07825432572257	4.21482841480572	4.58067849076586	4.3097749047766	4.15581495650148	4.18142549514318	4.37107509082856	4.33481316593814	4.48695844898403
7.5261217427435	7.57015887681442	7.40575432144492	7.51600673010106	7.56048795095997	7.54584335595722	7.70018572780867	7.67266408561007	7.62843210356616	7.37575778007126	7.87904708663424	7.65807677668537
8.03049824221006	8.03826822730032	7.98856336051831	7.95051462751591	7.95051462751591	7.91984030061159	7.70729245512031	7.73063830658889	7.64757941246918	7.93386747449166	7.65282809457728	7.53156776512546
4.9959639383341	5.21211525565956	5.39421354360647	5.90842826049634	5.38269677130673	5.50450160045454	5.94150491710324	5.93785069677616	6.04753678344202	5.76994406080039	5.79968973804317	5.93785069677616
9.11225384486878	9.15654593279904	9.04830676119552	9.4172480699475	9.14684785576318	9.218924380231	9.39277323207077	9.3988899428772	9.44320738949176	9.17459519862392	9.32782509959184	9.35105419736259
4.54979994529805	4.35801698786856	4.45851617798265	4.40560609243673	4.21482841480572	4.44404559474607	4.65368894377508	4.56265959741988	4.5477708586757	4.62043140607747	4.32421631655432	4.15810135741332
5.27470208910052	5.04123890435868	4.94266779612888	4.58145693965769	4.8826528139856	4.90987402584819	4.81615883565276	4.79822222371628	4.72602614246586	4.62043140607747	4.70297097023004	4.6185867543924
4.49101529050385	4.75453743307872	4.64314721421063	5.06274256763033	4.59956477173023	4.68023769719698	5.28072838651068	5.20316997083899	4.98086640555761	5.04311637111416	4.80535547055313	4.93510368997134
8.63907423067211	8.63578337937732	8.78347708668112	8.65027409265022	8.81235484089147	8.82870999097812	9.02961321500121	9.01212513755944	9.07485458327196	9.22057788321189	8.97781137492589	9.041800542943
8.79312574645683	8.90950318607639	8.80406171447697	8.92111856953527	8.76640145058399	8.849573769159	8.87098412031527	8.83406234293621	8.82489659732409	8.85636620026888	8.77191857571785	8.72362920725128
8.86560224153396	8.89801368763932	8.98925052750068	9.11923115576965	9.08270978255893	9.02222500736119	9.1810846360021	9.17773569144811	9.16548466833362	9.11775500004244	9.20740121942412	9.21055974727077
8.48976567890146	8.52538232927487	8.44330120487839	8.57948369235934	8.40505987496863	8.4603979372181	8.30822231241826	8.20414719224261	8.3482176462492	8.68538111324526	8.11753275973872	8.29924578197413
6.87889427484415	6.84377701499375	7.0276153161372	6.87158060568509	6.99218118865765	7.05538752747079	7.32686473884248	7.23281670977263	7.29744016495002	7.63841386671785	7.20353680206355	7.50482758603404
4.67543464681004	4.69949971908582	4.85652042855301	4.83724269029336	4.65199597303809	4.66432793159363	4.72602614246586	4.62971009399681	4.75049454471731	4.70297097023004	4.71224793374712	4.72362568397936
5.9568869366422	5.79626912700878	3.5707002443668	4.85445678121039	4.17929160222903	3.93980975525241	5.15609926152481	5.35796767396675	3.98643487769611	4.07114573101981	3.56089710010633	3.3310478083896
5.45159712111717	5.22743621813135	5.04123890435868	5.18760078523908	5.24303387471126	5.15174551806892	5.09063188262272	5.01024073916678	4.99773976689896	4.9280495906312	4.84690345621258	5.07515826567336
9.56569690435806	9.58507744769292	9.57631623623878	9.50035349488669	9.5414788148849	9.57258581066011	9.5468337320295	9.59039426310449	9.53655540940067	9.67932591269626	9.67081755623551	9.64559636740467
10.2633186073575	10.1516006808307	10.1064856751361	10.2058981125667	10.2058981125667	10.1325564418143	10.1325564418143	10.1064856751361	10.1516006808307	10.0903936570265	10.1325564418143	10.1516006808307
4.83305943084352	4.48847893905395	4.62632769411649	4.37022544356974	4.72701565082322	4.55035397957361	4.35269701522042	4.43807545639237	4.43948821151495	4.52688645583882	4.09954957383632	4.46045876402675
4.34741357817441	4.75453743307872	4.3097749047766	4.76549373789885	4.65199597303809	4.59702004497266	4.82447949441731	4.57392286445025	4.70297097023004	4.75640569196488	4.65199597303809	4.65054905208607
4.43890174546446	4.58349443218033	4.76714075051097	4.74662168084724	4.53521694640381	4.43101588501357	4.70019496775915	4.60956469560787	4.80535547055313	4.79458652012143	4.88353656244256	4.64242252831584
4.29046906338917	4.05652495897878	4.53596137346798	4.42525570026131	4.46240135007084	4.5333094011054	4.5286299207053	4.41764752121995	4.43948821151495	4.62043140607747	4.6977984010541	4.82052877173937
4.58475347581114	4.62272797196491	4.6677878725729	4.51159388865094	4.59956477173023	4.66432793159363	4.47381955508246	4.52191681720425	4.39671238292612	4.65368894377508	4.60407193562499	4.55901922753241
5.22743621813135	5.19048355395876	5.0129562408789	5.40466309384829	5.16068194241537	5.06211159413089	5.29711949937951	5.11827595414109	5.19201659648578	5.10494792525954	5.2356484908935	5.15151995572782
8.68043400842457	8.67424326742872	8.62686346005512	8.91070117637186	8.7815775914322	8.81837849498922	8.88022704392701	8.97781137492589	8.92892040704236	8.62110406419815	9.03726427125356	8.75565024308142
5.88120959729617	5.81934570417697	5.84281250858066	6.27347426422648	6.12836666147817	6.12836666147817	6.6131212190875	6.58764705134143	6.65597331377852	6.21657318852981	6.73225262114138	6.48192736999465
8.24938050305365	8.21346481799658	8.31660015264439	8.14143619431177	8.24938050305365	8.24938050305365	8.11753275973872	8.17371136422055	8.11049552841634	8.02297676610543	8.18601791373385	8.16853406414264
6.49582032186453	6.42910187620474	6.50123166974323	6.0011546139278	6.22401388245547	6.24818561727699	6.0011546139278	5.95214378926964	6.0130017140415	6.22401388245547	5.66144438228946	5.68456147531653
4.89258218769893	4.91214349173747	4.94266779612888	4.39259009165379	4.8826528139856	4.82286785409756	4.87536466686569	4.68258056718129	4.89158444764429	4.87376178980025	4.83381975097273	4.79822222371628
4.93233484546252	4.60882257319876	5.14024045259878	5.00693567371276	5.20233823820952	5.07515826567336	4.83914981016583	5.06078022605459	4.7821036567658	4.96041214378773	5.06337354112977	5.07515826567336
4.71630812362742	4.76714075051097	4.3097749047766	5.05703022225391	4.96041214378773	4.90987402584819	5.1781411877043	5.24303387471126	5.10494792525954	5.09643001462745	4.82286785409756	4.90987402584819
8.65027409265022	8.62110406419815	8.54231140689652	8.57056127362323	8.57948369235934	8.55492867426083	8.53898865581826	8.44330120487839	8.58469101064087	8.23664070262704	8.64665167854455	8.59206028756965
7.32686473884248	7.28405695782127	7.25219646829747	7.26344602617053	7.20353680206355	7.23281670977263	7.05538752747079	7.01057965501901	7.12811658451446	7.0276153161372	7.01057965501901	6.79140053597086
5.5454745112077	5.58313381548652	5.67438324789565	5.73767603009067	5.87652463806707	5.7319646035806	5.83436905292914	5.75788026832209	5.95214378926964	6.16586099803685	5.99293336523109	6.0130017140415
4.84873200104554	4.92685945277298	4.85652042855301	5.28960669815541	5.11304258191695	5.21901720872528	5.28960669815541	5.2281342302701	5.18208864513974	5.09063188262272	5.1744560339223	5.16721292199238
8.62816628899921	8.63578337937732	8.60981273635577	8.82870999097812	8.74701245440757	8.81476580643344	8.87761043797069	8.8532484752525	8.849573769159	8.69642969429229	9.04830676119552	8.77874327275296
4.96041214378773	4.93510368997134	4.91548104717872	4.79618822939752	5.02133955639184	4.99207766679988	4.94319394395657	4.90987402584819	4.82052877173937	4.68258056718129	4.73587028762962	4.87237219460962
9.03574453044488	8.88487855043764	9.00424275299346	8.89801368763932	8.98761929867776	8.97999726494346	8.94749409037543	9.02000773816316	8.92672132233468	9.04830676119552	8.88022704392701	8.97242196577956
5.77367439582288	5.4879462166049	5.63175390146304	5.83436905292914	5.66144438228946	5.6807276905484	5.41920517017265	5.43796352691187	5.43796352691187	5.33466517055539	5.50450160045454	5.5454745112077
9.33555069621068	9.38128839510408	9.34205764436787	9.33137451846802	9.32959980902993	9.29903265462322	9.27032242344786	9.28832936184972	9.26604480409839	9.03971850287319	9.27368875609843	9.16436513496092
4.47041769500874	4.64524786127842	4.62632769411649	4.43848860092841	4.48392610483076	4.55035397957361	4.53521694640381	4.88353656244256	4.68899311004433	4.38263001619591	4.54979994529805	4.59612895939512
4.83305943084352	4.9654864737086	4.40460837229789	4.85445678121039	4.29953356029562	4.58067849076586	5.21211525565956	5.25667923514169	4.79618822939752	4.8369543813792	4.93659295022701	4.11503391285946
4.60257829738504	4.46477549439643	4.6677878725729	4.51159388865094	4.82447949441731	4.20733771320547	4.66539247480969	4.58475347581114	4.49736361949461	4.63066648302006	4.66326338837757	4.38525951530803
4.10267228469867	4.35801698786856	4.70158296899459	4.83724269029336	4.5778431956198	4.17819862133014	4.54480342191995	4.43807545639237	4.84249359372125	4.8369543813792	4.91738749251331	4.7060595995696
9.81056349891518	9.76533042803396	9.6756266816054	9.69146250997876	9.76010265924657	9.74966507667155	9.71606341782312	9.76271654364026	9.76010265924657	9.72237416105455	9.69146250997876	9.81784553427482
4.91934272575825	4.98057809664345	4.89890223164849	5.20047077814571	5.26893039363432	4.97769354518985	5.21901720872528	5.10009592932508	5.21901720872528	5.41706554702421	5.51663796729054	5.38519242694073
7.70729245512031	7.77875700868776	7.63841386671785	7.96775829410538	7.60516594950478	7.73063830658889	7.60516594950478	7.44908293398447	7.59971313381805	7.25219646829747	7.59426031813131	7.43803665470494
4.49101529050385	4.81330753359208	4.51159388865094	4.58145693965769	4.24244061869084	4.34479278632865	4.80947177193607	4.60956469560787	4.73953848553023	4.7085575802366	5.01254591646406	4.42173968635682
4.29046906338917	4.39858028096962	4.17819862133014	4.09072086672983	4.37245546389711	4.48791450022737	4.12329987721903	4.49736361949461	4.35269701522042	4.27739493423912	4.17551843716304	4.47381955508246
8.86076273940959	8.90685746975292	8.88340204248622	8.89354713018874	8.89265915014357	8.8532484752525	8.75369934979921	8.77790774862083	8.76785766949035	8.88800139256825	8.6573288774287	8.80406171447697
3.75483991863839	3.20277373540791	3.37383467844101	3.47590692548252	3.52312357670012	3.83106300683799	3.39041016353962	3.76481194456053	3.66310282614223	3.49583327584817	2.75934458527008	3.18538947308401
4.986675144106	5.23817807879057	4.96691653128761	5.11656592570575	4.94607070285087	4.86923235492205	5.10570976607771	4.84690345621258	5.02264987034255	5.01403110564759	5.20047077814571	4.8554886048817
7.82632024684494	7.92601188480492	7.91330476572797	7.91984030061159	7.97511195067198	7.99277409357739	8.01580597881653	7.96152430614574	7.99277409357739	8.73736121729773	8.02297676610543	8.21572712964718
6.71862145126181	6.68174108743252	6.6131212190875	6.25738179271383	6.42269096472906	6.49040897398583	6.13716474859206	6.14225310928919	6.19792622628429	6.17586452844385	6.17586452844385	6.18313404542854
3.94303879120107	4.44048500198028	4.23564919127501	4.7368365131928	4.81062100407004	4.84873200104554	4.89158444764429	4.91738749251331	5.15151995572782	4.93282158733951	4.90150279369044	5.18332710150607
8.87761043797069	8.82597797300727	8.90818032791466	8.79312574645683	8.81476580643344	8.82489659732409	8.73225816127462	8.73480968928618	8.78891638628268	9.13650834312365	8.86375572395533	8.76459685893999
4.43890174546446	4.50579631819542	4.4722667315574	4.53063789367342	4.21482841480572	3.96403658095151	4.28394504890599	4.33232727908499	4.14562769467945	4.19748611447773	4.24390728116705	4.06422861520603
4.81802094628074	4.7127426879258	5.25860184903623	5.17257183804815	4.89642316800601	4.94319394395657	4.72602614246586	4.719466188173	4.76631724420491	5.0374635251747	4.74386562280021	4.80795549567448
7.65282809457728	7.6838680364495	7.78368162444763	7.314090849202	7.633422985142	7.70729245512031	7.44605407086072	7.47803194507006	7.44605407086072	7.87019990104786	7.41794164738832	7.72308304249721
4.0299147700173	3.76481194456053	4.09954957383632	3.66310282614223	4.43890174546446	4.17819862133014	4.20069635496926	3.87082138435654	4.24659435931029	3.75483991863839	3.86925746110506	4.17819862133014
8.85853343956528	8.88892745288462	8.80147179936915	8.80147179936915	8.94470949260419	8.95508445405426	8.88800139256825	8.80856786205137	8.86375572395533	8.53898865581826	8.8481106851322	8.78347708668112
6.27904285784592	6.25278370499541	6.49040897398583	6.07810355319915	6.22401388245547	6.11002121391865	5.81934570417697	5.90842826049634	5.63919189206961	5.87253780769073	5.36914879813455	5.98219472823656
8.65527329088706	8.65527329088706	8.78891638628268	8.52538232927487	8.62556063111103	8.62110406419815	8.67267094737831	8.60161451605967	8.62816628899921	9.04434038790145	8.66932335187706	8.60981273635577
4.37965179889281	4.05652495897878	4.33232727908499	4.30650115214428	4.37245546389711	4.48791450022737	4.15094452767656	4.5333094011054	4.48695844898403	3.84571068270294	3.89472370011166	4.14084835306193
4.71630812362742	5.05703022225391	4.89890223164849	4.66888811575226	4.66706580081231	4.64524786127842	4.7787332626124	4.7386706121431	4.85652042855301	4.63066648302006	4.75909833059468	4.46045876402675
8.60354731794703	8.55896389219854	8.62686346005512	8.66932335187706	8.66403892350727	8.61616516221221	8.69642969429229	8.59206028756965	8.62110406419815	8.54563415797478	8.97478147285825	8.66403892350727
4.47041769500874	4.48847893905395	4.13860985703272	3.97130092646395	4.37245546389711	4.09635680345848	3.93658071930376	3.99912659844603	4.08293017149443	4.10470555520195	4.20069635496926	4.11503391285946
8.83406234293621	8.89265915014357	8.82989660969679	9.13104582217867	8.98505882059087	9.04626721248966	9.12120493235166	9.05225862438421	9.18621603023369	9.5468337320295	8.89443511023392	9.11923115576965
5.02500129784075	5.07882455346555	4.87098259941899	4.82211533148892	4.97158692767828	4.90987402584819	4.91711973129833	5.01794677067649	4.77474679121943	4.85823496451101	4.98086640555761	4.71712506133517
4.37965179889281	4.21220806736208	4.13860985703272	4.10732957429697	4.46240135007084	4.35688445760256	3.96403658095151	4.06422861520603	4.08293017149443	3.87348336382155	3.99912659844603	3.91830363812816
9.58077804607828	9.48294113437973	9.58077804607828	9.57258581066011	9.55858427134489	9.56813848469299	9.47195860835263	9.53655540940067	9.47836933006091	9.65473776110675	9.45339753573775	9.5297615095807
4.90749585200522	4.8971569309558	4.91548104717872	5.045018507954	5.02133955639184	4.99207766679988	4.98264569494902	5.19048355395876	5.07803095437896	4.95091781264945	4.88353656244256	5.1935496390128
9.6485739810306	9.60084362721801	9.61211219771476	9.5468337320295	9.56152363552412	9.59240211576346	9.48294113437973	9.55705832247093	9.50636141212408	9.13104582217867	9.69904910987086	9.53655540940067
4.62094300315157	4.18090503913554	4.29322790385689	4.28954424063441	4.79791939036361	4.62676487635889	4.63414307500313	4.8971569309558	4.40560609243673	4.45752491381412	4.18142549514318	4.64242252831584
8.92892040704236	8.92256669390507	8.9830211796615	8.96776854401843	8.97478147285825	9.01306049235358	8.97478147285825	8.88985351320098	8.99941952492725	9.27368875609843	8.93126104749195	8.95656691376999
7.81502788337478	7.81502788337478	7.73063830658889	7.96152430614574	7.75627036806511	7.76630644194954	7.87904708663424	7.74888303366085	7.74179577479346	7.45211179710823	8.08376205815824	7.62843210356616
5.68456147531653	5.7824719674721	6.14225310928919	5.71981217897625	5.73767603009067	5.8385907807549	5.75788026832209	5.71683734462883	5.60348531664462	5.75788026832209	5.87652463806707	5.68456147531653
3.91362943949599	3.87082138435654	4.23564919127501	4.27739493423912	3.73531769881224	3.61668951023374	3.80483394559383	3.99912659844603	4.00427104143345	4.02325027401185	4.5333094011054	3.82371575554569
8.53898865581826	8.51701979028521	8.4807909316726	8.50707920123237	8.49623225807173	8.47237501200396	8.32596091508813	8.27161919502765	8.24938050305365	8.66403892350727	8.12366900868743	8.41069451145759
6.86426693652602	6.79815641489713	6.71862145126181	6.70970425889822	6.68174108743252	6.58264605288778	6.35222007801437	6.26790567060705	6.3712607971179	6.65597331377852	6.57764505443413	6.23680093809671
6.35222007801437	6.23680093809671	6.33716151850718	5.99293336523109	6.24818561727699	6.42269096472906	6.07446639886014	6.1246569350614	6.12836666147817	6.07082924452113	5.97870961965977	6.14225310928919
8.94749409037543	8.95656691376999	8.88800139256825	8.82705934869045	8.81044028759663	8.79107904096671	8.82870999097812	8.82788466983428	8.76785766949035	8.91722133634329	8.75825538981524	8.86375572395533
4.60257829738504	4.69147915235428	4.58349443218033	4.90930102443009	4.86951657433271	4.56899242884062	4.69286019761565	4.74938543513617	4.43948821151495	4.70297097023004	4.69286019761565	4.7787332626124
9.49717342031926	9.49876345760298	9.45003956492788	9.55858427134489	9.42508559904494	9.48702018170837	9.44550591482808	9.41192175394518	9.43053528528624	9.00969440196005	9.5198241769045	9.32345827522328
4.71630812362742	4.83381975097273	4.98912764444404	4.70019496775915	5.04614308445969	5.15174551806892	4.87536466686569	4.92585978663059	4.91836510913578	5.22365931871227	4.83724269029336	4.86338592252684
4.0299147700173	3.92046558569753	4.08163485158676	4.10732957429697	3.93205989095172	3.83106300683799	3.63392680356471	3.52312357670012	3.83520767140036	4.15352855558963	3.98643487769611	4.10267228469867
5.36348769155967	5.24839421588411	5.18546394337257	5.21745398601863	5.57795837515675	5.42200141739342	5.2356484908935	5.25667923514169	5.12503575567798	4.84537848735443	4.84690345621258	4.98086640555761
4.05652495897878	4.76714075051097	4.34741357817441	4.75453743307872	4.74291107861393	4.56899242884062	4.61030681801697	4.60956469560787	4.33303035485851	4.51235481391731	4.86122541440701	4.57962406057204
4.67543464681004	4.99773976689896	5.24303387471126	4.82211533148892	4.99542632517936	4.86923235492205	4.84839711275115	4.90987402584819	4.83200516248373	5.06211159413089	4.56131622925409	4.98086640555761
5.26173692165912	5.09643001462745	4.93054391603748	5.44263348372495	5.29862654186404	5.63919189206961	6.11002121391865	6.17586452844385	6.1606075152202	6.73225262114138	6.27904285784592	6.54133354550255
9.62120133079915	9.53515457176805	9.6485739810306	9.34664605517634	9.46605614442026	9.44697456571947	9.40616443170671	9.51800992770366	9.12021804406065	9.47520642021783	9.27773351098124	9.44435665215992
8.82006032311277	8.78347708668112	8.79716138651373	9.02704581076513	8.95081297871466	8.91070117637186	9.00424275299346	8.96526424078599	9.02115798711071	9.11401730055341	8.9700940025516	8.97781137492589
5.13219104851398	5.11198380466911	4.89890223164849	5.2356484908935	4.93184810358554	4.86923235492205	4.74015980260682	5.02991462253814	4.95147368849867	5.02396018429325	4.96101214203954	4.83914981016583
9.24956962170272	9.19193835973891	9.26604480409839	9.30249716870875	9.24956962170272	9.25433744982107	9.23226595069069	9.24582048866074	9.27773351098124	9.28832936184972	9.25821394422403	9.22223138619279
4.14562769467945	4.44048500198028	4.15581495650148	4.06074347214932	3.90517594034256	4.09635680345848	3.77061075674353	3.959536140767	4.31460156921818	3.99298722864227	3.64157122676557	3.96853702113602
6.31118973052062	6.35222007801437	6.35222007801437	6.76302399189851	6.6131212190875	6.65597331377852	6.75583512045797	6.67068051998406	6.72543703620159	7.04080210975599	6.80491229382341	6.83482707529391
3.86925746110506	4.15581495650148	3.87082138435654	4.56492643344136	4.17929160222903	4.3097749047766	4.24537394364326	4.27739493423912	4.4269390442551	4.44607376778719	4.29322790385689	4.46045876402675
5.04311637111416	5.12803441223691	5.15174551806892	5.46408187336577	5.07882455346555	5.39421354360647	5.27470208910052	5.11827595414109	5.29340300123309	5.30920618121462	5.47398436314564	5.29093950072795
4.60257829738504	4.23041562371719	4.45851617798265	4.45190190513931	4.24244061869084	4.43101588501357	4.49736361949461	4.27739493423912	4.10267228469867	4.35688445760256	4.4744003547057	4.69528563948788
4.80871363380527	4.74015980260682	5.02604241138825	4.66100834065953	4.8369543813792	4.79822222371628	4.76549373789885	4.50885935989456	4.73953848553023	5.0309852163264	4.44505968126663	4.5342631737546
7.01909748557811	6.87889427484415	7.04080210975599	6.79140053597086	6.95464813422112	6.9740029063674	6.71862145126181	6.73225262114138	6.70078706653463	6.3712607971179	6.30099199521536	6.42269096472906
6.79140053597086	6.76302399189851	6.68174108743252	6.36646266391825	6.627184681095	6.67621080370829	6.06050914229074	6.24818561727699	6.21657318852981	5.63919189206961	6.0130017140415	6.17586452844385
9.55096440700013	9.55858427134489	9.66151784212191	9.58077804607828	9.56357110157832	9.57631623623878	9.46776826241126	9.52747205409701	9.48027542056875	9.62120133079915	9.49243283401783	9.47195860835263
4.78055603783692	4.87039169658119	4.74015980260682	4.7787332626124	4.8826528139856	4.64524786127842	4.56899242884062	4.57392286445025	4.72602614246586	4.53921278282771	4.48847893905395	4.5342631737546
7.87019990104786	7.87904708663424	7.98856336051831	7.77875700868776	8.01580597881653	7.97511195067198	7.67266408561007	7.61677953934057	7.6838680364495	7.91330476572797	7.30576550707601	7.58326700268416
9.92798824059639	9.90141674835181	9.86985898442712	9.82037131082013	9.78368883573312	9.83720581860951	9.80110269037696	9.81056349891518	9.79311312068433	9.70725940928035	9.86985898442712	9.78893890376776
9.17249349016677	9.20740121942412	9.10653377938201	9.18413118148269	9.15654593279904	9.18621603023369	9.17249349016677	9.13320947760094	9.15047208338828	9.43836719272947	9.05833705881412	9.19798173654457
8.7770722244887	8.80406171447697	8.84247901374304	8.91371012850743	8.86076273940959	8.89443511023392	8.82489659732409	8.70506053250685	8.83406234293621	9.15948920873294	8.82870999097812	8.88800139256825
9.3988899428772	9.40616443170671	9.38503197771361	9.43053528528624	9.34205764436787	9.38745285720195	9.28122747338661	9.26604480409839	9.31258144015413	9.44697456571947	9.32345827522328	9.27032242344786
3.40698564863823	3.80483394559383	3.78676614503945	3.52312357670012	3.83935233596273	3.6523370264539	3.39041016353962	3.76481194456053	3.56089710010633	3.21804558884946	3.97793122257644	3.54247148180764
9.23328987864952	9.23993231122462	9.3959509917701	9.23993231122462	9.30583279927054	9.28368533843645	9.3959509917701	9.27368875609843	9.36677952164788	9.83720581860951	9.44697456571947	9.50953501912967
9.45339753573775	9.47932237531483	9.29218233829639	9.49077425635491	9.48702018170837	9.5468337320295	9.67932591269626	9.65077683125329	9.65847043145444	9.21055974727077	9.74569852203803	9.61211219771476
8.62110406419815	8.66932335187706	8.60548011983439	8.68815074380747	8.60548011983439	8.60981273635577	8.60548011983439	8.57948369235934	8.60161451605967	8.20414719224261	8.81139756424405	8.48976567890146
9.09288041202016	9.17249349016677	9.13104582217867	9.23328987864952	9.11401730055341	9.11775500004244	9.0338426772937	9.04434038790145	9.09288041202016	8.80147179936915	9.1810846360021	8.99738446671169
4.10267228469867	4.39858028096962	4.48392610483076	5.11656592570575	4.11842395689649	4.35688445760256	4.83914981016583	4.81330753359208	4.89158444764429	4.79909633487182	5.02604241138825	4.89108558757487
4.69528563948788	4.88353656244256	5.05703022225391	5.07160726486894	5.02133955639184	5.04558079620684	4.75574356570566	4.95091781264945	4.84249359372125	4.88694644025146	4.90150279369044	5.00693567371276
8.6912994808454	8.68538111324526	8.6573288774287	8.66403892350727	8.73225816127462	8.71367645840217	8.86076273940959	8.67267094737831	8.80147179936915	8.25212643078437	8.88985351320098	8.84442709154607
9.4172480699475	9.43836719272947	9.33137451846802	9.63071209533675	9.53205096506439	9.53205096506439	9.76879558493496	9.65847043145444	9.72066521877333	9.38128839510408	9.73584113488575	9.65473776110675
9.37511424874191	9.32345827522328	9.28368533843645	9.25930465693411	9.32178925346265	9.33137451846802	9.38745285720195	9.37109465787008	9.38503197771361	9.04626721248966	9.52450022463251	9.49876345760298
6.46796456595846	6.4110220068534	6.46796456595846	6.18313404542854	6.26264373166044	6.12836666147817	6.0130017140415	5.91743946079769	5.89349014147779	6.04753678344202	5.57395158732615	5.79190416555381
5.75788026832209	5.61488886351799	6.06050914229074	5.98219472823656	5.89349014147779	5.87886711768162	5.72278701332368	5.81033488404776	5.80311034907756	5.84281250858066	5.82496719999617	5.81735370405452
9.71217390411572	9.75178551843126	9.80110269037696	9.72066521877333	9.78893890376776	9.74118731746203	9.73918665112294	9.72727664703618	9.72727664703618	9.87761994043561	9.72408310333576	9.75279610614939
4.69528563948788	4.46477549439643	4.28166441580041	4.53063789367342	4.71224793374712	4.64524786127842	5.02797851696319	4.986675144106	5.15609926152481	4.94195780015811	4.81015681416982	5.03854635253716
4.71630812362742	4.93510368997134	4.85652042855301	4.91738749251331	5.03895389507018	5.15174551806892	4.88353656244256	4.94293087004272	4.98697645949063	4.79909633487182	4.83381975097273	4.83914981016583
4.69528563948788	4.31757103107237	4.4722667315574	4.32983519851354	4.72701565082322	4.76714075051097	4.48695844898403	4.48656683656727	4.69528563948788	4.65368894377508	4.64419753774452	4.3097749047766
7.53701378750743	7.54584335595722	7.44605407086072	7.5261217427435	7.40575432144492	7.37575778007126	7.20353680206355	7.12811658451446	7.20353680206355	6.76302399189851	6.99218118865765	7.01057965501901
9.31025994276475	9.37743263918158	9.42325080334938	9.37743263918158	9.35598618590326	9.3959509917701	9.4172480699475	9.37511424874191	9.43836719272947	9.66151784212191	9.35105419736259	9.42032879066103
4.64733133515878	5.05703022225391	4.69023613119931	4.63247267290795	4.63332247377258	4.88353656244256	4.78769352425217	4.74938543513617	4.80535547055313	4.5922470547274	4.62971009399681	4.80795549567448
4.26900272412932	4.21220806736208	4.08163485158676	4.21220806736208	3.67976032269037	4.35688445760256	3.99365145963681	3.93658071930376	4.12826927766798	4.2377532096957	4.07114573101981	4.2821511576774
4.47041769500874	4.25746800720272	4.45851617798265	4.25746800720272	4.29953356029562	4.06074347214932	4.22746079315343	4.33232727908499	4.12826927766798	4.35688445760256	4.44505968126663	4.47381955508246
9.13320947760094	9.08855966377376	9.09590481576771	9.03726427125356	9.02704581076513	9.03177922984688	8.94470949260419	8.99496988309971	8.96776854401843	8.93975020504982	9.04307046542223	8.99020377490363
8.12366900868743	8.18778030863204	8.01580597881653	8.31055411814762	8.27974581551073	8.3058905066889	8.29924578197413	8.31660015264439	8.32596091508813	7.92601188480492	8.17888866429846	8.07525563634306
4.78055603783692	4.56621756172983	4.72602614246586	4.94195780015811	4.48392610483076	5.01254591646406	5.045018507954	4.93396263865542	5.12503575567798	5.41706554702421	5.39716496512454	5.25308289319001
9.05225862438421	9.13320947760094	9.12498631980003	9.15392368712062	9.08745607961706	9.13954871259244	9.05491354341858	9.07485458327196	9.14396039889344	9.21524456161984	9.01118978276529	9.02961321500121
5.83436905292914	5.83436905292914	6.13207638789493	6.13207638789493	5.82859669569293	5.89714686226748	5.69139005232432	5.84281250858066	5.70969815671391	5.89349014147779	5.69438484456397	5.82133770429941
5.38098196779818	5.87886711768162	5.58196516298736	5.81934570417697	5.84281250858066	5.87886711768162	5.85157504753346	5.83148287431104	5.86855097731439	6.32138746582588	5.94150491710324	5.86855097731439
9.38128839510408	9.32782509959184	9.50636141212408	9.218924380231	9.38745285720195	9.35105419736259	9.17773569144811	9.21055974727077	9.23633913700155	9.56357110157832	9.11775500004244	9.27498130629633
4.76484916055616	4.69147915235428	4.65420054084918	4.58145693965769	4.37245546389711	4.66432793159363	4.76549373789885	4.57392286445025	4.84249359372125	4.65942306953026	5.00552546114117	4.97158692767828
4.20350510328641	4.25746800720272	4.42173968635682	4.3511371276657	4.11842395689649	4.50344481145781	4.28394504890599	4.18142549514318	4.48695844898403	4.10470555520195	4.23564919127501	4.23670120048535
8.54563415797478	8.4807909316726	8.6912994808454	8.38802411993731	8.61616516221221	8.62816628899921	8.48976567890146	8.43036049225799	8.47237501200396	8.83645736466373	8.35974662526029	8.63578337937732
9.49077425635491	9.53984857819921	9.50035349488669	9.50953501912967	9.45701389321382	9.49409141168075	9.42710600910523	9.34205764436787	9.38128839510408	9.76879558493496	9.3988899428772	9.4172480699475
8.76279226729599	8.57533682643664	8.97999726494346	8.60548011983439	8.88192553453481	8.809504074824	8.64350898330755	8.79107904096671	8.64129160698983	9.01306049235358	8.63032940854086	8.86911191345123
8.99738446671169	8.94470949260419	9.0069039767452	8.88107628923091	8.95656691376999	8.94470949260419	8.90685746975292	8.96776854401843	8.93301424429572	8.9346640440225	8.93383914415911	8.95221178966265
5.52313333512024	5.87886711768162	5.74647460012387	5.95214378926964	5.90278756138191	5.9326768104646	6.04753678344202	6.03296486298238	6.17586452844385	5.96163008401476	5.61074320914572	5.88724789726034
8.30256814433152	8.27568250526919	8.4603979372181	8.11753275973872	8.38802411993731	8.31660015264439	8.19684494788642	8.18954270353023	8.12366900868743	8.57948369235934	7.82084343792344	8.04529799455403
8.90950318607639	8.84247901374304	8.87761043797069	8.84553734632574	8.82489659732409	8.84345305264456	8.80856786205137	8.84442709154607	8.84345305264456	8.95081297871466	8.53898865581826	8.84055618478901
8.93126104749195	8.91189916666733	8.91722133634329	8.99020377490363	8.94299082100293	9.01517695234859	9.02115798711071	8.94169327402578	8.97781137492589	9.35352019163292	9.02115798711071	8.99941952492725
6.14225310928919	6.1794992869362	6.0011546139278	5.91743946079769	6.07446639886014	5.96163008401476	6.18313404542854	6.07082924452113	6.03296486298238	6.49040897398583	6.23040741027609	6.50123166974323
9.86230067757596	9.71606341782312	9.68259160688987	9.66151784212191	9.71217390411572	9.77347597234126	9.75380669386752	9.74966507667155	9.63976360260014	9.25433744982107	9.73229162620687	9.76010265924657
4.64733133515878	4.64524786127842	4.51159388865094	4.64624558141725	4.94607070285087	4.88353656244256	4.42525570026131	4.75909833059468	4.5922470547274	4.46377542912014	4.25746800720272	4.38525951530803
5.29862654186404	5.34243815731975	5.39421354360647	5.63919189206961	5.31566004284899	5.56334577774816	5.91743946079769	5.88724789726034	6.0011546139278	5.82133770429941	5.92750292415304	6.02311849272406
13.5368116092057	13.5368116092057	13.5368116092057	13.5368116092057	13.5368116092057	13.5368116092057	13.5368116092057	13.5368116092057	13.5368116092057	13.5368116092057	13.5368116092057	13.5368116092057
13.0113128281079	13.0113128281079	13.0113128281079	13.0113128281079	13.0113128281079	13.0113128281079	13.0113128281079	13.0113128281079	13.0113128281079	13.0113128281079	13.0113128281079	13.0113128281079
5.01213559204921	4.46477549439643	4.82447949441731	4.51159388865094	5.02133955639184	5.03475966764468	4.90062202354792	4.72553542714185	4.5922470547274	4.75049454471731	4.62632769411649	4.88353656244256
5.02500129784075	5.20047077814571	5.16503923671544	5.21745398601863	4.94607070285087	5.15174551806892	5.25667923514169	5.18208864513974	5.25073855453706	5.39126212208841	5.60348531664462	5.35376505957083
8.99496988309971	8.9830211796615	8.90312607961028	8.92401481827488	8.95360199433852	8.96153213806793	8.93126104749195	8.99941952492725	8.95290689200058	8.8532484752525	9.06032778847915	8.9700940025516
4.91934272575825	5.02604241138825	4.87098259941899	4.91738749251331	4.84839711275115	5.20233823820952	4.90062202354792	4.5333094011054	4.87791751221838	4.43848860092841	4.60407193562499	4.48695844898403
4.00762105415227	4.29953356029562	3.87082138435654	4.58145693965769	3.88725172154315	4.39259009165379	4.57820641299901	4.41764752121995	4.36586781437394	4.62307444147375	4.72362568397936	4.66539247480969
3.77388917071395	3.73960607833234	3.97923899016046	3.91596653881208	4.21482841480572	4.32983519851354	4.10995359339198	3.93658071930376	3.87082138435654	3.45598057511687	2.75934458527008	3.80059932549418
3.24998166528662	3.16800521076011	3.00131423555356	3.40698564863823	3.00131423555356	3.29763673721066	3.39041016353962	2.80038315455695	3.21804558884946	3.16800521076011	3.93432030512774	3.73960607833234
8.59206028756965	8.64508033092605	8.78674799791263	8.68290756083492	8.59206028756965	8.59206028756965	8.68815074380747	8.71620881063714	8.75565024308142	9.00424275299346	8.77874327275296	8.8674487591126
6.92977142121101	6.73225262114138	6.74864624901743	6.22401388245547	6.70078706653463	6.50123166974323	6.33716151850718	6.35222007801437	6.18313404542854	6.03296486298238	6.25738179271383	6.04753678344202
7.46986630714392	7.5261217427435	7.35431915114238	7.45885817890575	7.32686473884248	7.25219646829747	7.18847345354011	6.91468100373474	6.99218118865765	6.85272695469359	7.28405695782127	6.85272695469359
8.38802411993731	8.40505987496863	8.22645429216904	8.4807909316726	8.26749049842802	8.41069451145759	8.4807909316726	8.38802411993731	8.48976567890146	8.29924578197413	8.34174996852576	8.24938050305365
4.49101529050385	4.23041562371719	4.56168388968688	4.50064036738454	4.86951657433271	4.39259009165379	4.46240135007084	4.54979994529805	4.60882257319876	4.09635680345848	4.27739493423912	4.57962406057204
4.0299147700173	4.44048500198028	4.20350510328641	4.63247267290795	3.90517594034256	4.39259009165379	4.62342091098258	4.3511371276657	4.71224793374712	4.81062100407004	4.95540421921864	4.90987402584819
9.3988899428772	9.44098119617156	9.44697456571947	9.41192175394518	9.40764415801735	9.38503197771361	9.33137451846802	9.2968926578957	9.35598618590326	9.52747205409701	9.26604480409839	9.30249716870875
4.41764752121995	4.09846013347726	4.15581495650148	4.03368911723708	4.14562769467945	4.07616911976606	4.27739493423912	3.90940268991928	3.959536140767	4.04301759236071	4.26792446948703	4.0299147700173
3.64157122676557	3.89472370011166	4.21772989417285	3.61668951023374	4.09072086672983	3.86769353785357	3.83520767140036	3.76481194456053	3.94303879120107	3.99298722864227	4.13179786517614	3.99912659844603
9.06904629041699	9.14396039889344	8.99267000267204	8.95871441113244	9.03971850287319	9.11049038918414	8.91722133634329	8.88487855043764	8.93715799695168	8.6912994808454	9.07485458327196	9.00557336486933
4.84873200104554	4.66539247480969	4.6677878725729	4.7368365131928	4.46240135007084	4.68023769719698	4.58475347581114	4.66292850008318	4.57392286445025	4.75640569196488	4.74386562280021	4.62893193861519
5.11092502742127	4.8461409717835	4.99773976689896	4.97158692767828	5.00552546114117	4.94319394395657	4.87536466686569	4.78055603783692	4.7821036567658	4.78829776454025	5.10418608444137	4.90062202354792
9.09590481576771	9.19471895375549	9.22223138619279	9.16548466833362	9.1933286567472	9.16548466833362	9.25433744982107	9.13650834312365	9.24183060730516	9.48294113437973	9.30416498398965	9.18413118148269
4.20350510328641	4.5333094011054	4.42173968635682	4.3511371276657	4.75909833059468	4.88353656244256	4.62342091098258	4.66292850008318	4.76631724420491	4.30309783934283	4.13179786517614	4.23670120048535
7.96775829410538	7.96775829410538	8.06800665583938	7.87904708663424	8.03049824221006	7.95051462751591	7.99277409357739	7.91330476572797	8.02297676610543	8.64129160698983	8.03049824221006	7.98435262745924
5.78753920409883	5.84719377805706	5.80311034907756	5.69958975716369	5.63919189206961	5.48264782414509	5.50450160045454	5.49602647569375	5.41406800558566	5.10494792525954	5.22743621813135	5.09786056040386
9.29218233829639	9.29218233829639	9.29475266116818	9.21524456161984	9.34664605517634	9.36211832962297	9.58838641044552	9.51800992770366	9.55858427134489	9.13954871259244	9.58838641044552	9.64255239424476
4.34741357817441	4.64524786127842	4.54979994529805	4.27739493423912	4.77212823813546	4.47041769500874	4.62342091098258	4.46377542912014	4.76631724420491	4.18549165181047	4.38072818635044	4.43848860092841
9.16998230817488	9.15948920873294	9.13320947760094	9.02115798711071	9.11923115576965	9.09969303770003	9.0069039767452	8.99738446671169	8.94941416776667	8.79107904096671	9.06746123618004	9.041800542943
4.34741357817441	4.46477549439643	4.40460837229789	4.04744805670837	4.48392610483076	4.41582845300695	3.88029449289237	4.13585776011956	4.29322790385689	4.11629664754501	4.11503391285946	4.20350510328641
7.70018572780867	7.65807677668537	7.60516594950478	7.65807677668537	7.79159091799688	7.74179577479346	7.87019990104786	7.92292609270825	7.92601188480492	7.57015887681442	7.73063830658889	7.94312108932026
5.41920517017265	5.20047077814571	5.37416570201249	4.79618822939752	5.24303387471126	5.11656592570575	5.31566004284899	4.93396263865542	5.03936143760321	5.07160726486894	5.07160726486894	5.29093950072795
4.78055603783692	4.62272797196491	4.57247008900256	4.47041769500874	4.50255733638279	4.62676487635889	4.51582922365535	4.38880422998926	4.52191681720425	4.55090801384918	4.50885935989456	4.55901922753241
9.72727664703618	9.72408310333576	9.71411866096942	9.76879558493496	9.76879558493496	9.72066521877333	9.64255239424476	9.71606341782312	9.74966507667155	9.72237416105455	9.60534814293609	9.69904910987086
5.98756404673383	5.94150491710324	6.04372690226409	6.17586452844385	6.00707816398465	6.04753678344202	6.31118973052062	6.32138746582588	6.29442912312322	6.27347426422648	6.46796456595846	6.40183307469255
3.24998166528662	3.3310478083896	3.43148311187755	3.47590692548252	3.45598057511687	3.20277373540791	3.18538947308401	3.0661384682758	3.00131423555356	3.67976032269037	3.89472370011166	2.92038906264552
8.68538111324526	8.79517245194696	8.66932335187706	8.93126104749195	8.79716138651373	8.78783219209766	8.96526424078599	8.92401481827488	8.9830211796615	8.78347708668112	8.76279226729599	8.7815775914322
5.77367439582288	5.97522451108297	6.17586452844385	6.10301611865827	5.80672261656266	5.67210445551062	5.74338745660073	5.66144438228946	5.79190416555381	5.68839526008467	6.18313404542854	5.71326775067137
5.94515913743031	6.01806010338278	6.02311849272406	6.39539537182625	6.3986142232594	6.6331675374891	7.16124377209336	7.07954706903887	7.01057965501901	7.28405695782127	7.05538752747079	7.53156776512546
9.07485458327196	9.0069039767452	9.21055974727077	8.83645736466373	9.05833705881412	9.08270978255893	8.89909497104977	9.02329202761167	8.97125798416558	9.09969303770003	8.90173388107277	8.99267000267204
8.76086053654906	8.7693138883967	8.72202805611251	8.80856786205137	8.88487855043764	8.7693138883967	8.88487855043764	8.8466476011054	8.89443511023392	9.09045138433782	8.95656691376999	8.88487855043764
9.26604480409839	9.23481450782553	9.07874286081437	9.1810846360021	9.27773351098124	9.27627385649423	9.31258144015413	9.33555069621068	9.29218233829639	8.81235484089147	9.15047208338828	9.31608147833962
9.74118731746203	9.84415113225678	9.60084362721801	9.78368883573312	9.74966507667155	9.70725940928035	9.82037131082013	9.74118731746203	9.78893890376776	9.42325080334938	9.81531975772951	9.6870158559084
9.15948920873294	9.09045138433782	9.28832936184972	9.11923115576965	9.14396039889344	9.17773569144811	9.11923115576965	9.08635249546036	9.12881415865153	9.4172480699475	9.18413118148269	9.16998230817488
9.03726427125356	9.10653377938201	9.02961321500121	9.15047208338828	9.13954871259244	9.11401730055341	9.09288041202016	9.17459519862392	9.12498631980003	8.8466476011054	9.11049038918414	9.07874286081437
8.49623225807173	8.52985616760878	8.55492867426083	8.44330120487839	8.52985616760878	8.52538232927487	8.44330120487839	8.42277072384182	8.50707920123237	8.95081297871466	8.26336180182838	8.55896389219854
8.02297676610543	8.07525563634306	8.13465445815227	8.18601791373385	8.16853406414264	8.23664070262704	8.38802411993731	8.50707920123237	8.4603979372181	8.52120105978004	8.52538232927487	8.61616516221221
9.041800542943	8.93591102048709	9.1810846360021	8.98694131725779	9.23328987864952	9.23481450782553	9.20740121942412	9.23633913700155	9.2041483146685	9.3389050848778	9.08855966377376	9.23633913700155
4.29046906338917	4.64524786127842	4.34741357817441	4.50064036738454	4.21482841480572	4.64524786127842	4.54480342191995	4.20733771320547	4.43948821151495	4.64910213113405	4.54979994529805	4.69528563948788
7.75627036806511	7.87019990104786	7.8905260425478	7.8905260425478	7.87904708663424	7.81502788337478	7.81502788337478	7.8905260425478	7.91330476572797	7.47803194507006	7.95051462751591	7.74179577479346
4.41764752121995	4.99773976689896	4.9559397416486	4.56492643344136	4.56265959741988	4.72504471181783	4.70019496775915	4.71224793374712	4.5922470547274	4.60956469560787	4.62043140607747	4.57962406057204
6.75583512045797	6.74864624901743	7.07954706903887	6.74864624901743	6.85272695469359	6.903589856893	6.53167222740401	6.6131212190875	6.54133354550255	6.68174108743252	6.67068051998406	6.67621080370829
5.63547289676633	5.46682169905744	5.78753920409883	5.97522451108297	5.91743946079769	5.77740473084537	6.46796456595846	6.51563295413243	6.6391503938832	7.05538752747079	6.54934416446229	6.82005618632655
6.65597331377852	6.48192736999465	6.6391503938832	7.12811658451446	7.07954706903887	7.04080210975599	7.78368162444763	7.93386747449166	7.87019990104786	8.42277072384182	8.00614405950756	8.31660015264439
6.03296486298238	5.89714686226748	5.84281250858066	6.49040897398583	6.34469079826077	6.22029353549264	6.57764505443413	6.627184681095	6.74864624901743	6.6391503938832	6.45025092031602	6.67621080370829
5.61903451789026	5.6807276905484	5.25860184903623	5.32879699949028	5.31566004284899	5.68839526008467	5.51988565120539	5.55725581717229	5.4247976646142	5.38519242694073	5.0518836113514	4.95951510293165
9.30583279927054	9.26604480409839	9.23993231122462	9.24956962170272	9.26039536964419	9.15523480995983	9.13650834312365	9.16998230817488	9.13104582217867	9.28368533843645	9.22223138619279	9.11775500004244
9.65847043145444	9.58077804607828	9.76010265924657	9.59240211576346	9.70271995569134	9.71606341782312	9.69494472129465	9.66286441939693	9.67322211892045	9.98294534163715	9.72066521877333	9.73229162620687
8.94169327402578	8.93591102048709	9.0188574892156	8.94299082100293	9.03177922984688	9.03650440084922	8.91280464758738	8.89801368763932	8.89265915014357	9.15523480995983	8.86911191345123	8.93126104749195
3.77388917071395	3.92046558569753	3.81636850425339	4.21220806736208	4.01097106687108	3.53279752925388	4.12329987721903	3.8900598005881	3.79636470539452	4.00427104143345	4.18142549514318	4.21772989417285
5.02500129784075	4.72553542714185	4.79538737475948	4.85445678121039	5.11304258191695	5.06211159413089	4.81615883565276	4.81330753359208	4.95951510293165	4.60108465914509	4.63601879207383	4.79822222371628
5.46682169905744	5.54069039223319	5.11092502742127	5.37416570201249	5.53328795757965	5.34477672371353	5.83436905292914	5.87652463806707	5.74338745660073	5.51215672024077	5.75788026832209	5.73767603009067
4.63066648302006	4.14084835306193	4.40460837229789	4.66888811575226	4.52272099804039	4.51582922365535	4.31757103107237	4.3511371276657	4.38307040126717	4.64419753774452	4.63601879207383	4.50064036738454
9.12120493235166	9.17459519862392	9.12120493235166	9.17773569144811	9.09590481576771	9.12498631980003	9.22548388672864	9.16324560158822	9.19193835973891	9.07874286081437	9.23328987864952	9.13954871259244
4.93233484546252	5.09643001462745	5.04123890435868	4.93054391603748	5.1744560339223	5.11656592570575	4.89158444764429	4.88353656244256	4.93233484546252	5.01403110564759	4.91548104717872	4.93510368997134
5.20581424880215	4.87039169658119	5.24303387471126	4.986675144106	5.32735554561543	5.15174551806892	5.12986142043059	5.06078022605459	5.05703022225391	4.88694644025146	5.10418608444137	5.20233823820952
4.31757103107237	3.84253150933284	4.40460837229789	3.93980975525241	3.93205989095172	3.91830363812816	4.0942534734397	4.13585776011956	3.87082138435654	3.87348336382155	3.75692652550796	4.0299147700173
4.83305943084352	5.27955534971551	5.0129562408789	5.2356484908935	5.20233823820952	4.99207766679988	5.12986142043059	4.96323907632852	5.21211525565956	5.00552546114117	4.98912764444404	5.02264987034255
8.91189916666733	8.90312607961028	8.9346640440225	8.89354713018874	8.93715799695168	8.93975020504982	8.86375572395533	8.77790774862083	8.78347708668112	8.52985616760878	8.74173670014228	8.79107904096671
5.61903451789026	5.81934570417697	5.82859669569293	5.80311034907756	5.70724641323865	5.82133770429941	5.4859992488659	5.51215672024077	5.51663796729054	5.4000121514134	5.7319646035806	5.39716496512454
6.33716151850718	6.82005618632655	6.55735478342203	6.50123166974323	6.45910774313724	6.37803052718506	6.23680093809671	6.06050914229074	6.24818561727699	6.0130017140415	6.49040897398583	5.93785069677616
4.0299147700173	3.49583327584817	3.77061075674353	3.61668951023374	4.09072086672983	3.40698564863823	3.0661384682758	3.55168429095698	3.73960607833234	3.66310282614223	3.89472370011166	3.7021529325462
8.06800665583938	8.06800665583938	8.07525563634306	8.06800665583938	8.11753275973872	8.06800665583938	8.13465445815227	7.90244120644741	8.03826822730032	7.81502788337478	8.07525563634306	7.86438935031842
3.45598057511687	3.6714315744163	3.29763673721066	3.03372635191468	3.52312357670012	3.00131423555356	3.28214131274645	3.16800521076011	3.45598057511687	3.00131423555356	3.16800521076011	3.39041016353962
5.49295983001882	5.36631824484711	5.61074320914572	5.50026403807414	5.33958772453492	5.4064668499943	5.24592262367586	5.13908749889304	5.36914879813455	5.1827078733229	5.20047077814571	5.36914879813455
9.51619567850281	9.52747205409701	9.55096440700013	9.46776826241126	9.45339753573775	9.47195860835263	9.44697456571947	9.48702018170837	9.42032879066103	9.52450022463251	9.55858427134489	9.45003956492788
9.02704581076513	9.02115798711071	9.02704581076513	9.0069039767452	8.91371012850743	9.02704581076513	8.82174215123633	8.88192553453481	8.81476580643344	9.05225862438421	8.71620881063714	8.94470949260419
4.62094300315157	4.9654864737086	4.48392610483076	4.61725369978142	5.02133955639184	4.44404559474607	4.7787332626124	4.56265959741988	4.5477708586757	4.79458652012143	4.95540421921864	4.95951510293165
4.62094300315157	4.76714075051097	4.75574356570566	4.91738749251331	4.62094300315157	4.32983519851354	4.71224793374712	4.46377542912014	4.76631724420491	4.34336826680376	4.72362568397936	4.66539247480969
9.22057788321189	9.29475266116818	9.11588615029793	9.32782509959184	9.17773569144811	9.23481450782553	9.15047208338828	9.20740121942412	9.20044654669459	8.80856786205137	9.02329202761167	8.98761929867776
7.94312108932026	8.00614405950756	7.82084343792344	8.2887651357759	8.03049824221006	8.07525563634306	8.02297676610543	8.05544134862061	8.11753275973872	8.26336180182838	8.04529799455403	8.02297676610543
5.08561571721766	5.09643001462745	5.25860184903623	5.10570976607771	5.22743621813135	5.42200141739342	5.14669868679532	5.28692725668779	5.31566004284899	5.34477672371353	5.27613635159775	5.24447824919356
9.45561191452754	9.46100866443896	9.44550591482808	9.48027542056875	9.3988899428772	9.40912388432799	9.34664605517634	9.35598618590326	9.35105419736259	9.57631623623878	9.33555069621068	9.37511424874191
9.9522691371877	9.9522691371877	9.94511516545099	9.84415113225678	9.88244665696715	9.84415113225678	9.82802205994179	9.84415113225678	9.82037131082013	9.85625175412876	9.75178551843126	9.89189346567761
4.57193575398766	4.56621756172983	4.78116333082732	4.96242173652745	4.68497917615314	4.69528563948788	4.63414307500313	4.70019496775915	4.60882257319876	4.71323744210448	4.78055603783692	4.72362568397936
4.56094856882129	4.85823496451101	5.06928138167368	4.58145693965769	4.68497917615314	4.81108519397025	4.69286019761565	4.59702004497266	4.72602614246586	4.90062202354792	4.96405641612959	4.90987402584819
4.37965179889281	4.75453743307872	4.65420054084918	4.6820938253043	4.71224793374712	4.90987402584819	5.36072768276321	5.2281342302701	5.34243815731975	5.6807276905484	5.44263348372495	5.57795837515675
4.79458652012143	4.25746800720272	4.39102542569823	4.55090801384918	4.62094300315157	4.39259009165379	4.17685852924659	4.46377542912014	4.69528563948788	4.06003207575937	4.28394504890599	4.06422861520603
8.67267094737831	8.71947251345654	8.65027409265022	8.60161451605967	8.69642969429229	8.74437457727493	8.68538111324526	8.56590515105104	8.61616516221221	8.07525563634306	8.62110406419815	8.58469101064087
7.58326700268416	7.62843210356616	7.54142857173232	7.47394912610699	7.633422985142	7.74888303366085	7.92601188480492	7.96775829410538	7.8905260425478	7.5261217427435	7.76630644194954	7.83756197966396
7.62843210356616	7.63841386671785	7.61677953934057	7.79159091799688	7.65807677668537	7.75627036806511	8.03826822730032	8.06800665583938	8.04529799455403	8.28425547564331	8.15126752556259	8.26336180182838
7.74179577479346	7.70018572780867	7.91984030061159	7.64757941246918	7.86729462568314	7.94312108932026	7.69350858759633	7.74179577479346	7.81502788337478	7.86438935031842	7.57015887681442	7.70729245512031
4.29046906338917	4.7127426879258	4.60882257319876	4.986675144106	4.41764752121995	4.60956469560787	4.83229911071431	4.79538737475948	4.93233484546252	4.63066648302006	4.90150279369044	4.98697645949063
8.21120250634599	8.13465445815227	8.24938050305365	8.08376205815824	8.13465445815227	8.08376205815824	7.83756197966396	7.86438935031842	7.93386747449166	7.74179577479346	7.78368162444763	7.83178603559975
5.81934570417697	5.81934570417697	5.81033488404776	5.37416570201249	5.59694323249647	5.61488886351799	5.48989318434389	5.46682169905744	5.34786536681142	5.44029850531841	5.44956057441967	5.36914879813455
4.986675144106	4.59883324508613	4.86427051670868	4.72180731501082	4.86951657433271	5.03475966764468	4.74015980260682	4.74938543513617	4.7821036567658	4.40510723236731	4.32421631655432	4.83229911071431
4.8826528139856	4.81330753359208	4.94266779612888	4.51159388865094	4.60956469560787	4.44404559474607	4.84839711275115	4.74938543513617	4.65368894377508	5.03895389507018	5.04406743953408	4.83229911071431
4.37965179889281	4.31757103107237	4.56168388968688	4.42525570026131	4.65199597303809	4.43101588501357	4.46240135007084	4.22359270884487	4.23041562371719	4.41764752121995	4.48392610483076	4.64242252831584
4.56094856882129	4.8461409717835	4.81062100407004	4.70019496775915	4.63332247377258	4.11629664754501	4.47381955508246	4.41764752121995	4.68899311004433	4.9845097618352	5.07160726486894	4.7368365131928
9.2041483146685	9.21055974727077	9.23328987864952	9.25930465693411	9.1933286567472	9.24582048866074	9.19798173654457	9.18413118148269	9.1810846360021	9.30249716870875	9.28368533843645	9.25821394422403
4.58475347581114	4.55090801384918	4.59883324508613	4.64624558141725	4.8369543813792	4.62676487635889	4.58475347581114	4.49736361949461	4.79618822939752	4.67543464681004	4.46520031802585	4.38525951530803
5.08561571721766	5.23817807879057	4.87098259941899	4.8826528139856	4.63332247377258	5.09897824486447	4.63414307500313	4.74938543513617	4.86879517267965	4.72504471181783	4.76631724420491	4.5342631737546
5.26173692165912	5.21211525565956	5.51663796729054	5.17257183804815	5.47040303110154	5.34477672371353	5.34360744051664	5.24303387471126	5.28558061779271	5.12236531341766	5.24715841977998	5.31149053275325
5.84281250858066	5.80311034907756	5.81934570417697	5.77740473084537	5.79626912700878	6.00707816398465	6.02311849272406	5.99293336523109	5.98219472823656	6.02311849272406	6.24818561727699	6.12836666147817
8.90685746975292	8.94749409037543	8.95656691376999	8.9961771749057	8.93301424429572	8.90242998034152	8.97999726494346	8.93975020504982	9.03726427125356	9.17773569144811	8.96153213806793	8.94169327402578
4.37965179889281	4.11377117817392	3.87082138435654	3.69095662761829	4.37245546389711	4.39259009165379	3.74389445785243	3.55168429095698	4.01329352800277	4.07114573101981	3.95130172354322	4.0299147700173
9.19471895375549	9.28122747338661	9.31433145924688	9.27627385649423	9.25627569702255	9.26039536964419	9.26604480409839	9.11049038918414	9.27627385649423	9.53655540940067	9.31025994276475	9.22932132009015
9.67081755623551	9.63976360260014	9.65077683125329	9.73584113488575	9.61211219771476	9.65473776110675	9.52747205409701	9.53984857819921	9.58077804607828	9.58838641044552	9.48702018170837	9.60534814293609
4.34741357817441	4.18090503913554	4.51159388865094	4.01943313157316	4.03368911723708	4.39259009165379	4.12329987721903	4.33232727908499	4.46045876402675	4.22359270884487	4.32421631655432	4.18955780847776
9.30249716870875	9.36211832962297	9.20229743068155	9.44550591482808	9.36677952164788	9.34664605517634	9.40171273454071	9.42508559904494	9.45339753573775	8.97242196577956	9.48294113437973	9.39277323207077
