logFC	AveExpr	t	P.Value	adj.P.Val	B
14:502800-502858	-1.71446074947961	2.49877908520496	-1.66424147294879	0.120274856517646	0.313605551808973	-5.21889728831916
16:195393-195729	1.39772292502632	5.79968573047912	8.2575475705693	1.72327139623745e-06	0.000606591531475583	5.49176085579001
11:486774-486784	-1.33370355557206	2.30909036464968	-1.38855074387078	0.188598757111348	0.391556590363765	-5.59318182556625
10:461452-462575	1.22173761631643	7.40633744682534	8.66719026269294	1.01117122147825e-06	0.000533898404940518	5.99110636865947
16:413517-416214	1.20910492957741	9.21831660825948	8.76270007352464	8.95337441511073e-07	0.000533898404940518	6.10443473803035
9:60372-60588	-1.19871272775348	4.2100537791389	-1.59461668535102	0.135118064223576	0.328010749011714	-5.31772748324692
1:667413-667613	-1.19335806573463	3.74399690359993	-1.62643145133267	0.128148774164287	0.320640183461215	-5.27290762126764
8:710401-710584	-1.10730821236025	3.98438964092855	-1.51063976731075	0.155104644005453	0.35247332362148	-5.43317363009468
17:161311-161660	-1.10121332018243	4.57891177764906	-1.55828636428273	0.143475133890102	0.337697348095467	-5.36818955285753
3:51726-51741	1.08909410302646	2.33559469804227	3.6940864291335	0.00275591144117318	0.0435788588188522	-1.6788928520833
8:647816-647878	1.05804440456941	3.05883495252834	2.0503510132274	0.0613337188418228	0.220300704411445	-4.6263741322907
16:417731-419294	1.04209804343203	8.56090840542345	5.26852239971946	0.000158559682856354	0.0120210863749449	1.12514939418316
16:223700-224463	1.03784048410527	7.46017982340521	5.79295361950319	6.57386375676708e-05	0.00716222041909505	1.98815252990557
4:330173-330188	-1.00894449715152	2.30854189817172	-1.30031713728393	0.216359665647455	0.414491371913966	-5.70264424636304
11:367968-368022	0.952070752143512	3.24198370444354	3.26571332294948	0.0062338048663801	0.0634243225003558	-2.4728696501009
14:396910-397202	0.935100840257784	6.17599438374678	5.10700991813617	0.000209548990589692	0.0138302333789197	0.851237060403094
2:22192-22449	-0.934581202651462	6.91553592428995	-2.89227005278865	0.0127356160077878	0.0879007222498296	-3.16026914395005
14:309290-309524	-0.87908575038164	4.05108891276443	-1.38213702072645	0.190512828201382	0.392581956862619	-5.60131820879662
7:240867-241330	-0.864976506132614	5.01142668667625	-1.71450240342628	0.110466444506904	0.299109142049463	-5.14588772705002
9:94765-94986	0.832568241875247	4.17822639747253	3.1918897416623	0.00717973475286031	0.0653603439570731	-2.60946923523334
2:402714-403565	-0.800413083698271	6.60486492831438	-6.17950991357068	3.52085764425746e-05	0.0053114652461941	2.5976399937227
9:238154-240016	0.794563141467636	7.36852413446747	6.30773336374943	2.87533283022891e-05	0.00506058578120287	2.79476124967095
5:246424-246685	-0.792302002636554	4.23862737763126	-2.03370817866039	0.0631939521870844	0.223291181487802	-4.65327945764954
15:145908-146742	0.766967671571925	6.62619693731592	4.2562308712165	0.0009628083719336	0.0308098679018752	-0.64818853732182
5:589451-589740	0.758985811229659	4.74442850117742	2.76783625748725	0.0161447209631155	0.0985481233355491	-3.38631349622578
10:424163-424394	-0.748663050096997	4.04992884607877	-1.46231663734871	0.167708097405341	0.367426869004232	-5.49764937573821
15:66767-67143	0.743882759384765	5.28069479812384	2.77338079738504	0.0159752892437311	0.098080845589419	-3.37628669211498
14:55516-55528	-0.726432233775137	1.87466663482448	-1.14874341773106	0.271622358492573	0.470685496885367	-5.8776402592585
15:374168-375246	0.723496076544846	6.66831073422968	3.07389983024293	0.00899903550396431	0.0740137534788856	-2.82721268935557
10:525323-528839	-0.714577078477548	9.02950676452247	-4.71303004543447	0.00041980377199718	0.0177325113291609	0.167998017095078
17:52909-54964	0.701651950378261	7.92586883965618	3.67683517430927	0.00284748225236818	0.0435788588188522	-1.71081615903321
16:225146-227374	0.684979614318658	8.59696462085971	6.73413514022961	1.49003199748392e-05	0.00314694757868604	3.43224781064705
16:482132-484446	-0.676123343226815	11.1699798123301	-3.71431262901422	0.00265236078796515	0.043438678525369	-1.64147838729604
4:800150-800298	0.659135359834686	3.87869937207261	3.17567575152171	0.00740605914021474	0.0657209953955191	-2.63943856304987
16:487265-487483	0.658538196523001	4.21346989147549	1.9665409668124	0.0712430241447765	0.232918369959393	-4.76073000119638
19:96763-98581	-0.656904854647074	9.26907747228934	-5.77890218239402	6.72741866418484e-05	0.00716222041909505	1.96556796310679
13:376177-376928	0.655725180634342	5.75857313942373	3.23960366082805	0.00655314085478943	0.0634243225003558	-2.52120657341592
7:150433-150481	-0.650440092337921	2.82191455506869	-1.00175494536	0.334976491487994	0.533881983480346	-6.03039469438726
12:313892-334251	-0.637317028226246	12.6680144930996	-6.85361344474614	1.24481667152559e-05	0.00314694757868604	3.60593795639597
15:298677-306370	0.636842004955765	10.9773757877935	3.59036312812039	0.0033553776118928	0.0486542911294832	-1.87097130862975
16:176744-177194	-0.632793825218396	7.29079116761492	-3.58910481704662	0.00336341217088283	0.0486542911294832	-1.87330326939365
2:556153-556550	-0.630453971328517	8.26971071664081	-3.53953144821794	0.0036959949369175	0.05068793056344	-1.9651992768242
3:175346-175732	0.625873309527811	5.07535857111811	2.52887428019756	0.0253786861569306	0.134170519683342	-3.81345267595673
18:336123-336132	0.623192660940297	2.6261103050972	1.61554311522162	0.13049797857885	0.321976320979593	-5.28831208554421
19:117744-119562	-0.620167481101412	9.06783830431891	-5.36871827443994	0.000133614675387648	0.011758091434113	1.2931843623076
4:110013-110145	0.619541799862494	3.64181494153305	1.68195669458044	0.116733709367036	0.310505786124911	-5.19331972458715
16:20744-21051	0.61628713985479	4.66885592455752	3.12946137256032	0.00809110170980683	0.0694650683378538	-2.72478233575417
3:889787-890663	0.615189943908494	6.05274146228779	4.50749178263542	0.000608014558358354	0.0221401163319456	-0.196330706245107
8:315836-316320	0.609627817705723	5.1520401951768	2.34006519651059	0.0361161177401059	0.166188116301013	-4.14226516854264
3:338398-342715	-0.609586236110472	10.4332322822725	-5.12440476053354	0.000203315093990357	0.0138302333789197	0.880915456680609
5:651701-652054	0.601767961070585	4.7810867757371	2.91383879206474	0.0122217032642199	0.087203504371731	-3.1208905669007
4:413550-414143	0.60108087029644	5.70574058242812	2.35568408112694	0.0350840847918909	0.164136819947906	-4.11541504916966
5:211846-212056	0.600911281082081	3.96875596521212	2.21879979730863	0.0451693467629896	0.18779067000676	-4.34828525670667
19:0-42832	-0.596087207926193	16.5534969595406	-3.36882347707215	0.00511839595787265	0.0581336492389243	-2.28179131671056
2:220001-222649	-0.595178669797583	10.1269042309504	-5.26554925234257	0.000159370463304194	0.0120210863749449	1.1201409464565
2:400038-401182	0.591811761200451	6.66222336873838	3.91889996223926	0.00180360991710632	0.0362092326885602	-1.26411935027574
2:6983-10370	-0.58960402332219	11.9660212516655	-3.42411716587982	0.00460549078995765	0.0559011295884515	-2.179248723064
8:155471-155848	0.588111736823343	5.02324520346787	2.01915260707523	0.0648635025800869	0.225315324751881	-4.67672054697078
19:131826-185428	-0.581234071701175	16.6342561710354	-3.51755662677471	0.00385391573742832	0.0511616732757991	-2.00594709110705
12:268141-268551	-0.58110323299373	4.81258577179412	-1.17499721133677	0.261336344472971	0.460719832660197	-5.84856050595164
15:422963-423196	-0.574128647123505	4.07813689990364	-1.2841855620752	0.221776129875087	0.419970011032886	-5.72206913149261
3:573633-576549	-0.573697535808742	8.97384961119832	-5.77395231877559	6.78240569990062e-05	0.00716222041909505	1.95760501101713
8:303801-304176	-0.57353818606061	8.11677499874589	-4.8217989689325	0.000345821805428544	0.0177325113291609	0.358682123932518
19:89259-89533	-0.572880487253898	5.53154813123447	-3.41344142042116	0.00470030646738986	0.0564036776086783	-2.19904897807809
6:577045-577260	0.570029304346082	4.11382715345767	1.53847244461956	0.148217356490809	0.342689810958384	-5.39538040042989
16:133853-134026	0.564444717570233	3.95369239792772	2.68269144227329	0.0189789769465291	0.109518030904561	-3.53968613016542
5:672900-673577	0.564153253606065	6.05551060734181	4.18634367728175	0.00109549041247852	0.0312658885291166	-0.775004557582052
2:71537-77707	-0.558869170402287	12.4874828962898	-3.44985368610891	0.00438478332349393	0.0544744845836422	-2.13151356425908
5:699142-699334	-0.556992354214581	3.567218179707	-1.61596343329583	0.130406603580687	0.321976320979593	-5.28771868623163
10:361900-362297	0.554739380765016	4.77335583380757	1.92598231700938	0.0765484883971428	0.241299115663829	-4.82469709004778
6:212604-212774	0.553055051071361	4.1375629758996	2.44824132394035	0.0295235268821976	0.14775755633934	-3.95496011176367
9:92932-93974	0.552816751936874	6.65754171617345	3.38395821208767	0.00497252859472814	0.0579176711172616	-2.25372689873418
13:235158-235200	0.552087669997364	2.97373541682688	1.45646684587265	0.169290803011384	0.369361752024837	-5.50535439032367
10:343502-343569	0.550768095853805	3.15320485983945	3.80124289639009	0.00225056585981181	0.0409758197924356	-1.48087174400024
3:525683-526096	-0.546773155042629	4.70037951465382	-1.08162466873762	0.299325194033147	0.501111245105851	-5.94954300992904
2:996721-998069	0.545987506124224	8.28318444999899	4.36578681672003	0.000787249146453379	0.0277111699551589	-0.450348705482863
17:372640-372996	-0.545558220398244	4.52437377737369	-1.52307662811894	0.151994125934191	0.347415144992437	-5.41634447008737
19:106273-107091	-0.54516835684853	8.46074421387828	-4.90833503085035	0.000296718447122555	0.0164912989558641	0.509290595070792
4:171069-171914	0.544356809792917	6.21015259895036	3.22094624996721	0.00679134626379471	0.0634243225003558	-2.55573124499862
3:63951-67118	-0.542290997078648	9.44920837372454	-5.62845772936485	8.62907426093037e-05	0.00828391129049315	1.72188680204582
4:396190-396408	0.541228518712567	4.15910515558609	1.99876160783693	0.0672708945424706	0.229667600044535	-4.70941582514646
5:399026-399236	-0.53912868981346	3.87719258365211	-0.994788291612331	0.338226370216242	0.533881983480346	-6.03719800455916
16:433413-434352	0.538372846247922	6.35849128518865	2.44277513063881	0.029826951440068	0.14857198453166	-3.96449719971133
19:84372-85045	-0.537651927750742	8.6277617291485	-4.78054824971053	0.000372138966797439	0.0177325113291609	0.286543523870272
16:261488-261636	-0.537513962130962	3.58579003757266	-1.16867209211966	0.263786519336514	0.462721867806243	-5.85561479081359
10:312837-313064	0.536763878853343	4.12779881006094	2.79882162912923	0.0152199963634829	0.0956685485704637	-3.3302217589947
7:284092-284829	0.535283576679768	5.65863353965053	2.98601855148384	0.0106467651893482	0.0808847772658394	-2.98874878265815
4:922606-922815	0.535110688003106	4.14970328091267	2.06915154943362	0.0592933941798746	0.219339801479225	-4.59585086672284
18:202063-203749	-0.528374971270294	9.21063112868606	-4.51047243149494	0.000604734923237161	0.0221401163319456	-0.191011634806951
7:132997-133960	0.5269210607756	6.49412484278448	4.02461489366585	0.00147977600766735	0.0349945659974546	-1.07012132119256
5:809609-810314	0.523832054774737	6.06888246300711	2.33198761041786	0.0366611427757003	0.166734218688217	-4.15612426959613
15:471192-472216	0.517997807645232	7.89899096493921	3.07924590732869	0.0089074256135932	0.0740137534788856	-2.81736617090574
14:321900-323691	0.514663627070155	7.72130154324262	3.93973775028175	0.00173447023435777	0.0359137366172903	-1.22581880010794
8:58157-65315	-0.511954726869513	13.2351609292259	-2.25728463343711	0.0420860398262618	0.180611095088984	-4.28339045243086
3:300860-301771	-0.511613112085917	8.07287678971943	-2.40029081069035	0.0322894590354926	0.155697117541005	-4.03836522624411
19:50057-50621	0.511032442594109	5.6153673753162	2.10488115169533	0.0555885115565909	0.210399527612043	-4.53747244043757
4:144117-144127	0.511017019399699	2.31476495877245	1.30978638337804	0.213230171999163	0.413174539557302	-5.69115579208947
10:149326-152579	-0.50968216195875	8.74037971078383	-3.85017999675045	0.00205229884735372	0.0391446668338499	-1.39062161498048
8:716277-717457	-0.509675909975411	7.31209559186195	-2.12679414184026	0.0534242033799694	0.206585346419781	-4.50143508994262
18:196438-198090	0.509250374593597	6.99143842253165	3.25775508067427	0.00632944654925224	0.0634243225003558	-2.48760534697217
4:660438-661533	0.506135949517268	6.44083051888443	2.93160266832686	0.0118139013685209	0.0870162045760253	-3.08841974353089
7:196606-196859	0.506074447456792	4.67837477268597	1.86848432468542	0.0846880804270617	0.257208057282401	-4.91413434927184
9:185261-185473	0.504328796434903	4.09374649618484	1.60697279888329	0.132373279617922	0.323579127954919	-5.30038948846655
4:811305-811592	0.498522342567626	4.60876380365905	2.25292782917126	0.0424248402206037	0.180611095088984	-4.29076062992758
6:761598-777626	-0.498469502809144	13.3969084378907	-4.04225621543843	0.0014318489611379	0.0349945659974546	-1.03782661461592
2:536058-539654	-0.497803881702964	11.1991065716833	-4.20618129350526	0.00105601582493659	0.0312658885291166	-0.73896130453282
3:0-1071	-0.493675563188099	7.99965618296373	-1.62989789856385	0.127408634810038	0.32051888586568	-5.26798928339494
13:84303-84389	0.490978940258608	3.16033668330636	1.90785690528758	0.0790340914063652	0.24547058977977	-4.85305143538297
2:112719-113262	-0.486678874784565	7.90495558169746	-4.15372686504986	0.00116373138072312	0.0315102650780414	-0.83434378537535
2:703022-703253	-0.484396120591698	5.23302984787858	-1.37652225828889	0.192201583047324	0.392581956862619	-5.60841830664438
15:80914-81114	0.483043673194801	4.23221407120309	1.99682140205447	0.0675041952299473	0.229667600044535	-4.71251795306805
4:753972-754217	0.481962644584158	4.35081158257492	2.65787487378279	0.0198929560138394	0.112940653497927	-3.58416026847315
2:939420-939897	-0.479905185372347	5.0587957713027	-1.44574330674144	0.172224702586372	0.371137480425734	-5.51942182497835
14:62704-64145	0.473865058192162	7.24501282593604	2.99934508995907	0.0103788368811108	0.0800003777113355	-2.96429554800206
17:222570-224219	-0.472660366179039	7.5181355448072	-3.38201588648371	0.00499101143150645	0.0579176711172616	-2.25732872420353
9:481112-481325	-0.469697629228881	4.0797570149548	-0.999921140609947	0.33582975219818	0.533881983480346	-6.03218942769824
3:305320-307187	-0.468361493104222	8.90303946753248	-3.04598187162998	0.00949291332078788	0.0753723042612933	-2.87859779044819
14:269114-269555	0.464993947852101	5.05615115563431	2.51831115226939	0.0258878317057613	0.136007712842209	-3.83207534375688
16:144935-144996	0.463129876079194	3.14389930709352	1.48789833068826	0.160932330141287	0.358532786137552	-5.46369918660733
6:341135-341706	-0.462779151123207	5.13821356439461	-1.343815876569	0.202284923784079	0.402284142214666	-5.64935093827053
1:281965-282302	0.458233167320619	4.47075651209281	1.88078844404322	0.0828829746090616	0.254431456939445	-4.89512160572392
8:343192-343454	0.456260998798223	4.37207549246091	1.64913405519278	0.123368739537503	0.316412908689125	-5.24057336596005
2:351683-352173	-0.455328293079675	6.95867509929444	-4.73495594528391	0.000403665146047734	0.0177325113291609	0.206557969964987
8:74018-74287	0.454540739822947	4.14580002536822	2.77489287980032	0.0159293864639332	0.098080845589419	-3.37355143699244
4:376210-376526	0.454462437020659	4.78092111214565	2.89567004478299	0.0126532090217735	0.0879007222498296	-3.15406522479513
11:451871-452182	0.453574707479187	4.79202838509582	2.06231758031262	0.0600276540033106	0.219339801479225	-4.60696180041619
5:7856-8090	0.453556821414559	4.31689781148426	2.40579552474705	0.0319597312781963	0.155527540229379	-4.02882017922362
5:352961-353221	-0.452249960699457	4.40190886739647	-1.45884536308984	0.168645769884618	0.368716217387487	-5.50222418227717
2:35889-36229	0.451860844622535	6.43492047396921	3.16494616617472	0.00755974368463213	0.0665257444247627	-2.65926335024799
18:179622-179870	0.451606064670559	4.55841707842357	2.85835997356961	0.0135870831118345	0.0912218263025035	-3.22206915278404
5:383715-394700	-0.448383007621821	11.3251243494046	-2.87625550467624	0.0131309562650747	0.0899158372197076	-3.18947241533282
5:791684-791950	-0.448056875011748	5.83989377770243	-3.02462163089606	0.00988893094821574	0.0773534154171542	-2.91787132586695
19:46500-48926	-0.447889446464519	11.2137434034399	-3.22103504110871	0.00679019230708302	0.0634243225003558	-2.5555669748673
14:325281-332462	-0.447588286823303	11.8901053730972	-2.49436491067653	0.0270788546143588	0.139938463522119	-3.8741996146365
15:376634-377346	0.446202192099737	5.7935026965127	1.99210998127407	0.0680738246344124	0.229667600044535	-4.72004443664382
19:110008-110476	-0.44342523182712	7.10875073293797	-2.0072898283261	0.0662541942795266	0.228641925356798	-4.6957620806585
6:452910-458723	-0.440412353561493	10.7065092638268	-4.64792915152839	0.000471793442639857	0.0191620721318342	0.0531550264145757
19:101895-102385	-0.439845322189248	7.45896379729191	-2.5442429088117	0.0246551749873285	0.133303828740557	-3.78631432727434
20:65141-67226	0.437218661645944	7.42160583009911	2.28864696538022	0.0397217242704938	0.174775586790173	-4.2301637720789
8:212709-212928	0.437202881680892	4.46379720783971	2.92568434937198	0.0119482477874277	0.0870162045760253	-3.09924172057687
13:441506-441728	0.435053258827	4.21437926501333	1.92236403051529	0.0770389095225894	0.241379638980018	-4.83036894248717
16:392185-406924	-0.434519562594229	10.9600455116667	-4.07307106949475	0.00135192332126049	0.0346606263157855	-0.981474155389598
1:645523-646447	0.433516791266124	6.82734445920399	2.85598732973693	0.0136487202232912	0.0912218263025035	-3.22638795279719
8:711083-714111	-0.43259698687714	10.4827348737855	-4.74094051207637	0.000399373244962593	0.0177325113291609	0.217072174984724
4:754513-754957	0.431344244088175	4.7864128206388	2.6472967548668	0.0202954701867283	0.114609713995642	-3.60308398280667
15:280323-281805	0.43027362594664	6.7554966909868	2.40781665829598	0.0318394787954027	0.155527540229379	-4.02531360265659
13:301887-309314	-0.430138944162643	11.9581110176363	-2.45114789102812	0.0293633961433261	0.14775755633934	-3.94988591615631
4:242216-242434	0.429747427031287	4.46219654363428	2.25863416602092	0.0419816157678124	0.180611095088984	-4.28110631801627
7:747449-749011	0.42503230175455	7.15315984351928	4.99694138946094	0.000253916308060773	0.0157726836065986	0.662463470023884
2:108884-109345	-0.424899577835489	7.04450033057163	-1.92074138917609	0.0772597708098921	0.241379638980018	-4.83291064307286
11:42527-42909	0.424062349229789	5.26780253060557	1.75197205308595	0.103620949452643	0.28783094229009	-5.09058737957275
2:1-943	-0.423890199325541	8.06769739500105	-1.27658091394354	0.224367000692377	0.420837571458526	-5.73116180075676
8:675953-681471	-0.422242252247308	10.467746912855	-4.94992134714838	0.000275762705325333	0.0161780787124195	0.581312869768949
9:385141-389522	-0.42191775292819	10.6829994709864	-4.73430147846147	0.000404137405601636	0.0177325113291609	0.205407870957187
1:835316-836122	0.421105606184534	6.15046768301855	4.15940119723515	0.00115155218129664	0.0315102650780414	-0.824013765675888
6:424007-424143	0.420432578116	3.71461511499473	1.47222644957511	0.165055321996081	0.363121708391377	-5.48454694065733
10:170337-172670	0.420336601417491	8.93312834736461	3.50058528912902	0.00398054758627157	0.0518945463099108	-2.03742060687398
14:180483-180943	0.419916818228561	6.3879450567625	3.84411878845401	0.00207585354421931	0.0391446668338499	-1.40179267589082
9:377290-381809	-0.417756362586815	10.3903746077655	-4.60724927620606	0.000507637427866962	0.0198542638454634	-0.0188711817056832
10:97527-97872	-0.415212157709195	6.69444166941232	-3.40106949246686	0.00481265660898824	0.0571029817875458	-2.22199420451774
10:7853-8057	-0.414756065182298	3.74914465316993	-0.85779062878022	0.406742780825099	0.594080742117986	-6.16258026316198
6:664592-666846	0.413657653334284	8.03497767210192	3.35299567780388	0.00527556323923301	0.0586420503224217	-2.31113738690227
1:1086403-1086701	0.410114812607499	4.71437314125598	1.62924900707483	0.12754689923869	0.32051888586568	-5.26891047433792
7:492961-493238	0.410104147172218	4.3668157230772	3.55560716394213	0.00358463799288394	0.0498076015853347	-1.93539439507124
4:403439-403554	0.409112462276966	3.43458548421606	2.17194271775975	0.0492109532905362	0.197592268725499	-4.4266446955917
14:8931-25982	-0.408943685745138	13.4717518979147	-3.47001231420833	0.00421940333154084	0.0543376819281357	-2.09412381309285
5:768761-776578	-0.408232032973151	11.0486089771053	-4.31437767945948	0.00086509798598465	0.0285482335374935	-0.543034348717753
19:51168-51392	-0.407421160126475	4.48944243829332	-1.45118759831667	0.170729892236759	0.370968654736661	-5.51228909519955
15:265922-276081	-0.406644806573984	10.8703413115751	-3.91486546099074	0.00181731944364933	0.0362092326885602	-1.27153816160856
5:395066-395861	-0.405684403136667	5.66823416399838	-1.44540212811585	0.172318742150022	0.371137480425734	-5.51986817702034
16:423801-424103	0.40390761624219	4.46587822731353	1.61131181935253	0.131420941678017	0.322745382353455	-5.29428014430213
1:980681-986077	-0.403544387737696	11.4746304961934	-3.45966769891237	0.00430346616343218	0.0544744845836422	-2.11331069167444
1:505886-506095	0.402935949925992	4.0931652353881	2.15571109008444	0.0506884958833743	0.200579411001315	-4.45361532060607
20:130695-133860	-0.40141896668089	8.26345984136732	-4.06260285441365	0.00137854763755965	0.0346606263157855	-1.0006094151462
10:7533-7751	0.399002766993665	4.11073224381637	1.69217469644739	0.11473314318027	0.307530991344229	-5.17848922071085
16:174899-175442	-0.398832882732544	6.94152902205663	-2.46018235784994	0.0288709787471486	0.147283833608642	-3.93410066627268
8:295668-296835	0.398572414522865	6.38438479224465	3.28016163131175	0.00606386232950604	0.0634243225003558	-2.44611143427305
7:478643-479040	0.398310987153971	4.99431049150102	1.80665957930192	0.0943071690199829	0.273594424409621	-5.00859067143754
5:668850-672117	0.39790826596187	9.50051398990055	3.2266100634643	0.00671813016630628	0.0634243225003558	-2.54525211420796
16:71659-73086	0.397905378631654	6.87294614738516	2.71507515599144	0.0178478019692046	0.105883589210562	-3.48149118124221
9:582337-583013	-0.397535169295695	5.56833963628781	-1.56599960864302	0.141664591029904	0.336969392635847	-5.35754110667775
13:547216-548447	-0.397485813129393	8.43213140535306	-3.06340411853915	0.00918163040315721	0.0740137534788856	-2.84653779382968
7:528580-528729	0.397209369051044	3.96465273780142	1.68927396591795	0.115297982384227	0.308239669361377	-5.18270509810046
12:534156-534511	-0.397205499011358	4.57262300528739	-1.56422951259925	0.142078342982338	0.336969392635847	-5.35998792147028
18:79962-80661	0.396933162589179	5.59855827305417	2.86856644210776	0.0133250548103948	0.0902003710242111	-3.20348286629909
2:548084-548550	-0.396237153399498	6.5846934495745	-1.7969523045902	0.0959036177550444	0.276572510879631	-5.02325422182514
5:758579-760015	0.394977634374407	7.21906582520906	3.24338455792372	0.00650590039340015	0.0634243225003558	-2.5142085251687
1:441873-442949	0.3948828182939	6.79215297943446	2.34931880103427	0.035501234411352	0.16505004757558	-4.12636570251538
11:334768-340748	-0.393838589339726	11.2261798711599	-3.33435280736251	0.00546693650086406	0.0591636923376448	-2.34569729166387
3:410244-412842	-0.393105210493024	9.96893660316367	-4.19273221699159	0.00108261457017594	0.0312658885291166	-0.763393198529386
1:665787-666999	0.392361412228299	6.50823962194034	3.23745904928785	0.00658008963639869	0.0634243225003558	-2.52517578304399
20:5002-5646	0.390928142777647	5.91510194107834	2.81336179389557	0.0148042135622489	0.0956685485704637	-3.30385314241289
1:1066246-1066683	0.388709174087984	5.25009581703895	3.25607657851167	0.00634980619970858	0.0634243225003558	-2.49071302781874
2:1005782-1006457	0.38705825125917	5.47790794048729	1.97276644025677	0.0704591614291918	0.232515232716333	-4.75084920782545
13:287283-287365	0.387009560008874	3.17557127457605	1.21137093349275	0.247587315618556	0.445942661126905	-5.80740491413669
15:373168-373660	0.386619866985924	5.13455081007401	3.9916717172956	0.00157373426566641	0.0349945659974546	-1.13049061087938
17:355753-357964	0.386476697136739	7.90722881489565	3.51958790525109	0.00383903543828882	0.0511616732757991	-2.0021802570961
6:756255-756444	0.384194432314301	3.83173314205682	1.28664862514167	0.220942137825776	0.419631110690682	-5.7191152305876
4:93880-94056	0.384147295627915	3.93617661875438	1.48890546255098	0.16067037506687	0.358532786137552	-5.46235415013012
14:458764-462736	-0.383970768776427	9.23680637393656	-4.06957155968463	0.0013607644629141	0.0346606263157855	-0.987870071509105
6:0-4254	-0.38319243666427	9.62856337548659	-3.75295069272147	0.00246543679711732	0.0431229766924421	-1.57005136178862
1:214320-214801	0.382232852932637	5.32188768543547	2.02060418244508	0.064695194121496	0.225315324751881	-4.67438665357005
20:147156-147949	0.381913675821421	5.67719832710663	2.69502432099606	0.0185401523351499	0.108167960585184	-3.51754427614713
10:32271-32506	0.380717587425323	4.27726778547364	1.67633562032365	0.117847274746787	0.312452844073048	-5.20145408714651
14:374316-374861	0.380520666737485	5.47636081166921	2.05673062677448	0.0606341876102232	0.220033340606171	-4.61603193574941
7:720947-723979	0.380015902489665	8.59036966125005	4.00568692593885	0.00153303411299783	0.0349945659974546	-1.10479755333524
2:515738-516151	-0.379271452648822	6.47240225529212	-1.64079721419794	0.125105671471798	0.31742814326896	-5.25248073921093
6:734798-735031	0.378427611528306	4.26214510897912	1.22282139721232	0.243378339422835	0.440836237445135	-5.794243643683
6:720821-722488	0.378261787837385	7.83235679403648	2.25491372549154	0.0422700912043023	0.180611095088984	-4.28740192844206
16:419773-421141	0.378064314398003	6.81443138491074	3.04651480610093	0.00948323731583177	0.0753723042612933	-2.87761744911232
1:746000-746217	0.376828197585608	4.10428799102764	1.82836587553817	0.0908233506813296	0.268653944872504	-4.97563551889022
4:382011-384121	-0.376449951830139	7.17723560417028	-2.89964461367389	0.0125575439853652	0.0879007222498296	-3.14681119076292
3:112197-115595	-0.374692945989523	10.1546673331811	-4.33909922227197	0.000826714736113591	0.0281616374624501	-0.498429877344706
16:130735-131333	0.374671170935208	5.31836016886315	1.38639118297751	0.189241462520472	0.391841145924742	-5.59592450797371
8:66133-67895	0.373071964552459	7.46642915512705	2.91566117167249	0.0121792338112241	0.087203504371731	-3.11756100354081
1:351372-351553	-0.372888147261694	3.87171250842989	-1.67225784838495	0.11866093168497	0.312483650522016	-5.20734433780419
16:293089-294600	0.372818709517692	6.78656123381467	3.68227239455477	0.00281829142137757	0.0435788588188522	-1.70075349144417
5:686033-686225	0.371064572702339	4.28672677348241	1.908730340854	0.0789126484254441	0.24547058977977	-4.85168843149726
10:538826-540897	0.370508385334045	8.60932995589412	3.33209628064081	0.00549056993284961	0.0591636923376448	-2.34987995161941
1:974444-974949	0.36951725683688	4.96620535741233	2.00750002630383	0.0662293150407208	0.228641925356798	-4.69542517759508
9:178725-178990	-0.369282801582129	4.39152967473098	-0.916334229637367	0.37638951348699	0.568192806236343	-6.1109820413473
7:174845-180974	-0.368508874470733	10.7411522909712	-4.24000938603941	0.000992050348671247	0.0308119167116717	-0.677582762781008
18:161090-162572	0.368015872973624	7.56949391934805	2.33886995884206	0.0361962753307132	0.166188116301013	-4.14431705991375
4:505548-505785	0.367826883473242	4.36852829212986	2.10817984502787	0.0552575590270552	0.210238686333363	-4.53205873525088
13:409968-410071	0.367518774277008	3.26400947094619	1.24636157261554	0.234902538898966	0.432155193514473	-5.76688144182125
2:192236-212094	-0.367416582777674	13.8658019577579	-2.25085065450808	0.0425872752624594	0.180611095088984	-4.29427238717567
2:978950-982070	-0.366360688012836	11.1465528447623	-1.90135757873449	0.0799431154524884	0.246841900344526	-4.86318296360646
18:135726-136000	0.365183114228356	7.13804150806389	2.03032110136958	0.0635788724934582	0.223291181487802	-4.65874173129432
2:19301-19581	-0.364484989740413	7.64325554595894	-3.9474905021447	0.00170944532993481	0.0359137366172903	-1.21157632431037
3:601911-602099	-0.363845838417111	3.94415740455463	-1.14149564709722	0.274516030485142	0.474449964308199	-5.88557462398844
11:540652-540857	0.363709892355408	4.01473260417807	1.56373255255071	0.142194691769522	0.336969392635847	-5.3606745381603
12:156377-157023	0.363119428241774	5.77400170335852	2.98625982823517	0.0106418538150909	0.0808847772658394	-2.98830620306569
4:641756-642855	0.362802138617822	6.62310410169971	3.89130730466237	0.00189953136652779	0.0371463911676545	-1.31487844886373
16:320830-321048	0.359647076024244	4.00090548814765	1.66707828078343	0.119701539548617	0.312883232087474	-5.21481299906481
7:618090-619769	0.359136476396268	7.23542829703764	2.15542745547188	0.0507146806224915	0.200579411001315	-4.45408579769586
2:912462-930561	-0.358851095682796	13.5534193216633	-3.02803339274774	0.00982459112399137	0.0773534154171542	-2.91160089149363
5:254347-254584	0.358213882065655	4.13142379031449	2.57311078005123	0.023349787006484	0.127758420097653	-3.73520246055357
11:34792-35206	0.357939147489527	5.86986209663846	1.64220880635944	0.124810081814071	0.31742814326896	-5.25046731675712
11:305085-308153	-0.356066137941992	9.10427901877006	-3.58996388700842	0.00335792472957332	0.0486542911294832	-1.87171119713243
11:83981-84395	0.355904418578483	4.88872994902462	1.47816230272212	0.163483339674956	0.361168214846765	-5.4766689086016
4:154121-154332	0.355213271106146	3.93599082144429	1.27909800791027	0.223506767235305	0.419970011032886	-5.72815677528365
2:307311-307532	0.355080376613491	5.99593607488193	2.82195006938348	0.0145639015243123	0.0955247205569802	-3.28826464627717
6:406265-406690	0.354947296119591	4.93803366636607	1.43764155994074	0.174469436051595	0.373181971133175	-5.53000072571763
2:757139-757388	0.35390693817009	4.32397418038439	1.77694996890056	0.099269694924048	0.281042353457894	-5.05332222068033
6:377342-378210	0.353796943308529	6.24843689958969	3.560326617567	0.00355259711015715	0.0498076015853347	-1.92664516948836
3:438596-441054	0.353603558314465	7.96200379016797	3.72114924593942	0.00261826380966861	0.043438678525369	-1.62883559029243
19:124203-127614	-0.353450893282595	10.1884902895731	-2.87359201306344	0.0131978738343321	0.0899158372197076	-3.19432644814852
13:69309-69798	0.352723479927914	4.96013569766386	1.64635266435554	0.123945870031786	0.316917285117594	-5.24455029376151
10:360899-361102	0.352058827142968	4.10311612618644	1.30638906420297	0.214348720793224	0.413174539557302	-5.69528483845795
4:357321-360873	-0.351670279935769	10.4296910596194	-4.01792501688863	0.00149837893602274	0.0349945659974546	-1.0823741843778
11:467838-469801	-0.350690182833914	8.53301159398847	-2.41936012830887	0.0311609405966849	0.153050945442322	-4.00526600571623
7:560044-564707	-0.348971453487358	8.98386188943498	-3.36308998905212	0.00517477559513152	0.0581336492389243	-2.29242213473138
11:303062-303545	-0.348723412108605	4.74040470276172	-0.830863628589918	0.421239844865578	0.606034436209878	-6.18529652577171
14:7733-8417	0.347498498007182	5.98151883131274	2.38193557589217	0.0334126247159623	0.158593795383735	-4.07013519879106
17:380121-380451	-0.347282869644929	6.18135621122551	-1.93837853277711	0.074889831314982	0.239647460207943	-4.80522186455795
12:134516-136296	0.347273033635634	7.03849875191245	3.00994027196524	0.010170611981048	0.0789718106763725	-2.9448426855381
2:373561-373961	-0.346427483442796	5.9482024056722	-1.76715820084631	0.100955657927609	0.283384741853133	-5.0679684676432
7:447025-447388	0.345646535074681	4.54644191218738	2.49265128743951	0.027166084301169	0.139938463522119	-3.87720906512324
14:303414-303482	0.343440909973314	3.454349445213	1.33360820819484	0.205519016425173	0.405754826063115	-5.66197561264252
3:302553-304424	-0.343391522161786	9.17139964520479	-2.67863006401718	0.0191256968850537	0.109764869079438	-3.54697199738879
12:164013-166092	-0.343280774907456	7.83493189520056	-2.75108307801881	0.0166674601125093	0.100576216450342	-3.41658207835581
7:702481-706641	0.343000995682013	9.13794231201556	2.89705014531752	0.0126199095945338	0.0879007222498296	-3.15154659252691
5:198951-200257	0.342882112216791	6.63170518995387	3.14005691976969	0.00792864433661251	0.0686282657333018	-2.70522638571574
16:449451-449666	0.34257812790635	4.24035569054794	1.80912430486287	0.0939056352763045	0.273386165602584	-5.00486016977813
14:155257-155705	0.342009671567585	4.72032144335586	2.20796249009831	0.0460753328167541	0.189793368551479	-4.36647349207868
13:457450-457661	0.341674550575799	4.03292235522264	1.6093545676227	0.131849785352841	0.323047269913224	-5.29703729410361
2:1058195-1059511	0.341153394299905	6.9719026725713	2.68592752615313	0.0188628590200496	0.109446039149299	-3.53387874687921
4:599231-599823	-0.34088474460562	5.32840473031233	-1.28058189095862	0.223000879378671	0.419970011032886	-5.72638311398951
5:676954-685454	-0.339570017919986	11.3727422678577	-3.56348092803242	0.00353134435459295	0.0498076015853347	-1.9207977216218
10:571813-572081	0.339371482182055	4.33509336958983	1.99295321756894	0.0679715501967862	0.229667600044535	-4.71869804064041
5:644334-648890	-0.33930481300092	10.3334802669585	-3.24397595806836	0.00649854212357035	0.0634243225003558	-2.51311385580012
13:119831-121134	0.338547927730101	8.63542255534108	2.53826360056347	0.0249342594449537	0.133657756212543	-3.79687884375052
3:312657-314555	-0.337878208854489	9.31900473219908	-2.10156101669001	0.0559234797932557	0.210911409505993	-4.54291728662926
4:938886-944948	-0.337840693837052	10.9141778274326	-3.18688961259988	0.0072487806115269	0.0654011502234832	-2.61871267307783
1:201999-213750	-0.33765809570931	12.605738728986	-3.73889240909165	0.00253184143459414	0.0431229766924421	-1.59603246860807
4:138384-138751	0.337488942030943	4.76138133118427	1.66806413981205	0.119502859805098	0.312883232087474	-5.21339257548967
3:785666-791314	-0.337469938159892	10.5102776893961	-2.9656006448697	0.0110706446976285	0.0835042914335405	-3.02618178370292
14:518521-519069	0.337450301526491	5.6396222655966	1.86798725918833	0.0847617461498823	0.257208057282401	-4.91490096306583
9:210175-210397	0.336945601911212	4.27334939719879	2.53231677028456	0.0252148594094797	0.134170519683342	-3.80737829744272
1:286248-286290	0.336745304202983	-Inf	1.98813504648357	0.0704315636885898	0.232515232716333	-4.63603124666216
15:87250-87464	0.336014956492154	4.14966521779549	1.25936613341325	0.230321458270631	0.425953520024144	-5.75159113540472
4:695648-698998	0.334991582354126	9.1944021418453	2.50626235776939	0.0264806408655182	0.138433449277165	-3.85328684486619
3:988234-997348	-0.334683218607005	12.7902721270626	-3.1033113854802	0.00850642681605242	0.0718622937420108	-2.77301685088266
2:724278-724895	0.333800246459878	5.68484523229329	2.40158435674492	0.03221168502855	0.155697117541005	-4.03612295742781
2:811079-843894	-0.332832450408448	14.4685751736869	-3.43385461463489	0.00452069464160613	0.0555099249015823	-2.16118826022192
2:658879-659084	-0.331800431180806	3.98565983321277	-0.936018370202452	0.36654381084331	0.556935632015159	-6.09296308679134
1:142576-142851	0.330138287387615	4.39954131727512	1.51647912311141	0.153637513016887	0.350412988651906	-5.42528383626696
18:109295-109787	0.32992145535272	5.35000515604498	1.79125436991443	0.0968519307696485	0.276572510879631	-5.03183974590674
11:487968-491652	-0.328363844921967	10.3777056821272	-3.14770837318729	0.00781335943985004	0.0681893187477821	-2.69110015687564
2:882774-884499	0.327682670426744	6.98452133089569	3.45196133199726	0.0043671896765821	0.0544744845836422	-2.12760433334148
5:823802-825576	0.326627605464471	8.5615855474397	1.71604715037221	0.110176503219426	0.299090970179213	-5.14362238807282
9:489956-490568	0.326058583210584	5.7092400740952	2.33090913570408	0.0367345016945462	0.166734218688217	-4.15797325736049
3:164202-169198	-0.325899991424363	11.0750873224772	-3.34594733679438	0.00534710929562591	0.0588182022518851	-2.32420426890494
4:809848-810090	0.325898000364037	4.37902037711966	1.99415111787087	0.0678265023214387	0.229667600044535	-4.71678484819444
7:582050-589184	-0.324814418516452	11.1033857428234	-3.80573388939517	0.00223158169146649	0.0409758197924356	-1.47258415657075
16:436346-436717	0.32399877981088	4.62001333108521	1.66880711047257	0.119353320380705	0.312883232087474	-5.21232175271139
11:363873-364743	0.323294348332956	5.84455650853115	2.79955383051841	0.0151987866912453	0.0956685485704637	-3.32889461481411
4:0-3269	-0.322680241967255	11.229882125755	-2.33011080679282	0.0367888948431389	0.166734218688217	-4.15934173624973
19:80038-80434	0.322462338462131	4.75840491471419	1.95169938752389	0.0731441123647117	0.236436937438691	-4.78421957111335
9:510722-510922	0.321648608549144	4.30217292315019	1.69559687513541	0.114069900320348	0.307290343720122	-5.17350965848971
18:107481-107710	0.319098720336501	4.3423659805224	1.22533760030858	0.242461016035227	0.440058917812027	-5.79133843495976
20:27638-29306	0.317715348000479	7.04271510099227	3.74725213420374	0.00249213724767042	0.0431229766924421	-1.5805818254414
14:309940-310308	0.317193797169744	4.73667967346167	1.80868866548644	0.0939764944258884	0.273386165602584	-5.00551975055494
2:45095-45865	0.31630428010555	7.57829873265448	3.27964054524387	0.00606990967585364	0.0634243225003558	-2.44707659836594
13:226175-233946	-0.315478766633326	12.1045817435766	-3.59643140963045	0.00331690334374802	0.0486542911294832	-1.85972577890208
5:220615-222357	0.314623490315404	6.92484734118972	2.77917560856985	0.0158000763416957	0.098080845589419	-3.36580244614451
5:788242-791290	-0.313296927984892	9.34090340248559	-3.36839542100398	0.00512258371744787	0.0581336492389243	-2.28258501877335
14:6748-7032	-0.313233781350839	4.49595434716219	-1.38013537356023	0.191113456592093	0.392581956862619	-5.60385181257561
4:529197-533051	-0.312694351837342	9.29170031331225	-3.97804548330804	0.00161436859533817	0.0349945659974546	-1.15548419779197
16:478340-478561	0.312225368166954	4.18420178717944	1.50243566578903	0.157186020044217	0.353919908670987	-5.44422296278071
1:181203-182023	-0.312084529058167	7.61488511536064	-1.65743494969551	0.12166027133919	0.314885408172021	-5.22867889672422
14:395149-395554	0.311765853327175	5.66021109337827	3.25310732872537	0.00638598342849337	0.0634243225003558	-2.49621023336515
3:273513-275724	-0.309697664508471	8.99600571904789	-3.97493281700646	0.00162380088435158	0.0349945659974546	-1.16119538452475
15:445991-446951	0.307199199779489	6.45224804002929	3.06715222454679	0.00911600414071888	0.0740137534788856	-2.83963758051651
5:696726-697290	-0.307189459753766	5.35562345220237	-1.34393151945409	0.202248523850413	0.402284142214666	-5.64920750034962
13:472308-472528	0.306741790698343	3.93527148548768	1.552957793326	0.144737492648436	0.338147770435285	-5.37552515669999
13:218333-218550	0.306332068584781	4.48745693753616	2.10940997872433	0.0551346125947683	0.210238686333363	-4.53003885745865
2:361694-362574	-0.30613118279887	7.28576339238067	-1.25331294540241	0.232444880749138	0.429129010613793	-5.75872360255068
18:134944-135393	0.305321743869618	7.25552013530077	1.42059620519486	0.179272039375062	0.37862254716013	-5.55211841255668
7:625145-626828	0.303747604497725	6.99293152355251	2.75923823829911	0.0164109572673452	0.0995975337604398	-3.40185316122258
4:112055-113623	0.303243934153143	8.00729653390463	2.9167309373862	0.0121543716388606	0.087203504371731	-3.11560632602134
15:134765-135024	0.302609582233935	4.67979588875905	1.71661511413224	0.11007006855178	0.299090970179213	-5.14278916442033
11:68123-69360	0.302515531663254	6.37959374638108	2.72792157538846	0.0174175875523577	0.103915098617456	-3.45835747718393
5:504658-508223	-0.302373324973706	10.4248695721237	-2.96163602513586	0.0111548719985518	0.0835428711380902	-3.03344559870443
10:576094-576645	0.302364180246864	5.47005886042017	1.5381146539022	0.148304207962104	0.342689810958384	-5.39586922784913
2:387525-389528	-0.301883209381694	9.04455024233556	-1.41383603495746	0.181207001803209	0.38194529721395	-5.56083756126657
12:474500-474760	-0.301675727687059	4.15966165727605	-0.743728237193315	0.470438861229553	0.643501861992756	-6.254316595037
17:30035-37922	-0.30120107035845	13.7764543615811	-1.96916325717001	0.0709118759503986	0.232918369959393	-4.75657001214683
3:756043-759368	-0.299785412215449	10.3047598616646	-3.21885514213532	0.00681857988437453	0.0634243225003558	-2.55959985157862
14:310538-310706	-0.299345442613243	3.78449714752452	-0.942101102187426	0.363538002784863	0.554763195001178	-6.08732754360163
1:251517-253313	0.298922829100466	8.26197945141667	2.70154626510182	0.0183121165903245	0.10743108399657	-3.50582463655518
8:3084-8778	-0.298840100552599	11.4068764218834	-1.6853101821143	0.116073779053783	0.309530077476756	-5.18845866216535
2:1810-5629	-0.297266078961874	9.56966054967786	-2.07889522021773	0.0582609181681412	0.217397631044371	-4.57997838148732
6:694468-694738	0.297228474792342	4.30889113633727	1.38151187348991	0.190700246978571	0.392581956862619	-5.60210978465911
9:251596-252026	0.297030222135406	5.02785007509586	2.15891917118593	0.050393211048005	0.200579411001315	-4.44829198376051
20:112581-113016	0.296177023834097	4.97910107613134	1.9286343628709	0.0761908416568845	0.240890804759491	-4.82053621422856
19:115673-116063	-0.295626720280262	5.77851867760725	-1.45382136736627	0.170010665807322	0.370167552768107	-5.50883166979155
17:149797-150046	-0.29527269359036	6.86131839181631	-1.58392698223332	0.137532254599568	0.331584613829095	-5.33265573093287
11:274964-275746	0.294369274083976	6.12480359485809	2.83260619160511	0.0142710639762257	0.0946623726143163	-3.26890904365668
2:908873-909329	0.292319517192167	5.09824111430892	1.79093613768034	0.096905141122598	0.276572510879631	-5.03231877754887
7:682142-689693	-0.292257998541746	10.9986633262998	-3.51457222449018	0.00387588433907569	0.0511616732757991	-2.01148149265267
7:303082-303596	-0.292048902750445	7.94689309529206	-1.3766818891381	0.1921534011167	0.392581956862619	-5.60821674072839
13:210632-212290	0.291765609393186	7.34484109731018	2.62610560400305	0.0211258477310607	0.11741523791579	-3.64093178863635
7:575377-576887	0.290670078779447	7.16622768985324	2.30708630360378	0.03839103622638	0.171783619724819	-4.19873081897629
16:424455-424917	0.289021983829108	4.94854003491733	1.62299186654488	0.128886873324667	0.321001269412379	-5.27778111754755
12:419057-419935	0.288660320331037	6.1505150957268	2.26831182486807	0.0412399319752386	0.179215506855358	-4.26470997580772
2:635617-637483	0.288559746810578	7.60340835720502	2.23558491922233	0.0437992186712875	0.185007899667518	-4.32003951314982
1:791666-794521	-0.288532550175557	9.79480535231464	-2.80644401633472	0.0150006176784422	0.0956685485704637	-3.31640220304548
6:12713-21833	-0.287815792178343	12.2457079042842	-3.08170055005067	0.00886567521202658	0.0740137534788856	-2.8128444658989
1:702906-703464	0.286250524501688	5.46364142334531	3.20038189238175	0.00706397497498309	0.0648657180311491	-2.59376756752064
11:219515-221811	-0.285886953845743	8.62615653587153	-2.93482233174318	0.0117414442019267	0.0870162045760253	-3.08253083801617
2:36757-37288	0.285350676114851	7.24523706700646	3.1826330194258	0.00730808307421498	0.0654011502234832	-2.62658061494221
16:75275-77560	0.284797571605878	8.20187679330181	2.2044812923011	0.0463699707256454	0.189793368551479	-4.3723077903092
7:658001-661407	0.284335790000961	8.43052617292633	3.68071217806012	0.00282663644697555	0.0435788588188522	-1.70364088018818
3:359232-361663	0.284054260939805	7.51007792233824	2.74182133525074	0.0169635395542584	0.10178123732555	-3.43329717088631
2:168655-168890	0.283859007922461	4.45637062953576	2.28949036083101	0.0396599162050224	0.174775586790173	-4.22872827365696
11:96064-96240	0.283639125531516	4.30695014838948	2.15257914596372	0.050978335947277	0.200869861045987	-4.45880885394275
1:914341-915916	0.283423743307033	6.83290459903588	2.04201966879399	0.0622585159059227	0.222111462150859	-4.63985644810045
2:181882-184609	-0.283132926516313	8.77553173218529	-2.22924296374793	0.0443122214580184	0.185682276638623	-4.33072232787972
6:752142-752648	0.28270632514127	5.26372943016504	1.39292106552903	0.187303623665317	0.391121225323806	-5.58762187344316
16:387085-387354	-0.282105817484763	4.16164874235147	-0.756987076767568	0.462729587960745	0.63949573348329	-6.24426232250094
8:412791-413914	-0.281980286191596	6.52880215879416	-1.88755370680964	0.0819053892593304	0.252163530780912	-4.88463808829898
2:319932-320461	0.281650578595554	6.94471948076757	2.2271057061523	0.0444863787780034	0.185682276638623	-4.3343195573392
1:17915-18081	-0.281459809603994	3.85175727119456	-1.0643286210453	0.30679603958732	0.506213465319078	-5.96749216069459
18:286119-286912	0.281233393213252	5.91601925038167	1.71192060323866	0.110952541295246	0.299656991324244	-5.14967106722125
9:119234-119819	0.280802724781412	5.47218746264512	3.71006318195494	0.00267378229559563	0.043438678525369	-1.64933772219429
14:443843-444713	-0.28049607401375	6.23630324279623	-1.09260930734835	0.294651567447604	0.497383512567727	-5.93801905685291
16:363235-364088	0.278997305496352	5.94309308332192	3.78512862564637	0.00232005234113916	0.0415250046142874	-1.51061701355794
17:404024-404395	0.278883561339097	4.7265778342946	1.53135200796976	0.149953998494983	0.34424222263196	-5.40509402513123
16:161387-164261	0.278397651835439	8.93210291126609	2.49886266876251	0.0268511858951495	0.139679075395457	-3.86629747474102
9:410579-410617	0.278119097164129	2.65354827342054	1.29970221222682	0.216564166454029	0.414491371913966	-5.70338810337956
6:620306-622693	0.277345510349421	7.64953910774462	2.92745096656106	0.011907987768827	0.0870162045760253	-3.09601175614227
5:711130-711507	0.277268105185777	4.69471210483291	1.72016742080392	0.109406437713529	0.298732891210192	-5.13757394306002
13:213240-214095	-0.273915028304465	7.14094146531933	-0.996301972715945	0.337518329611311	0.533881983480346	-6.03572325765726
11:230673-230858	-0.273217049017445	3.94723223581732	-1.36598597888871	0.195403833047761	0.395188945147541	-5.62168430834172
8:0-2184	0.273084525020459	8.49600138073424	2.18079324906801	0.048422422924725	0.19591600999429	-4.41190040142874
17:134828-137062	-0.272569888035549	8.11551162281052	-2.63720965030594	0.0206866902104147	0.116197579054244	-3.62111018954175
2:1048018-1049248	0.27104791805574	6.9127481702144	2.12550355715493	0.0535494603110147	0.206585346419781	-4.50356237173211
5:831226-835544	-0.270060534736766	11.3523142750635	-1.99432294716566	0.067805719726143	0.229667600044535	-4.71651036742091
7:496208-499114	-0.268484079776208	10.9609169916429	-2.61802733963682	0.0214510279140367	0.118598353283889	-3.65533745621259
14:0-2777	-0.268305340440248	9.56499090215572	-1.63882626631925	0.125519412846854	0.31742814326896	-5.25529013009876
5:511315-513055	0.267024040654734	7.42737598827526	3.21668612538922	0.00684694390628841	0.0634243225003558	-2.56361239492468
3:773235-774312	0.266492438778926	6.53863074916469	1.33798006816987	0.204128762823214	0.404555315889962	-5.65657740041279
20:114433-114653	0.265971330578376	4.2733848454479	1.21421759314167	0.246535639729009	0.445790471838755	-5.80414205886624
2:1235-1504	-0.265583951788873	4.42100935915759	-0.833812157315846	0.41963600665339	0.605508924320545	-6.18284064388809
1:198536-199789	0.265355342283111	6.30832848047635	1.79261676901584	0.0966244248923487	0.276572510879631	-5.02978837353398
5:502485-503217	0.26504790805883	5.83578247929346	2.7015598546155	0.0183116443172273	0.10743108399657	-3.50580020933941
17:64548-66705	0.264519220980961	7.78536459986493	2.80096271138704	0.0151580574148396	0.0956685485704637	-3.32634075027759
12:341248-341846	-0.264065147018871	5.52565989586011	-1.47832719738264	0.16343985183048	0.361168214846765	-5.4764497433524
4:232036-233569	-0.263774497696632	6.63545744260667	-1.40210233617782	0.184606725167557	0.388336059316614	-5.57589985102002
8:101892-104963	-0.263341293339735	9.8573303916832	-1.01209244470177	0.330195777977367	0.530725634009284	-6.02022512606771
2:52325-52513	0.260725196439014	5.1846077183642	1.94920281700507	0.0734684299212637	0.236436937438691	-4.78816160958245
16:333584-334138	0.259997342679074	5.03910207383428	1.26568440685238	0.228121548452992	0.422625184502385	-5.74411792785561
7:300852-301425	-0.258284838679812	5.54118896848533	-0.974378866350779	0.34787743810471	0.543429844139903	-6.05689499530245
8:200737-202397	-0.257931562141396	7.0608246059796	-2.29677026790599	0.0391301910419855	0.174352243630113	-4.21632868549067
14:278285-281364	-0.256993702264799	11.299789481439	-2.15007508652966	0.0512111854690412	0.201037218792965	-4.46295872922347
3:482212-485954	-0.256858787215332	10.5720226459033	-2.54813663638239	0.0244750636412133	0.133225088686192	-3.77943057986651
18:209283-212370	-0.256827864829566	10.6205781605636	-2.63089846811169	0.0209351906532899	0.116971223967588	-3.6323789925656
18:151517-151767	0.256490245381504	4.26652999133719	1.24175891982241	0.236541115001846	0.434412899899042	-5.7722634667796
16:421478-421823	0.256465745330853	4.71361053629797	1.30950204141783	0.213323608804313	0.413174539557302	-5.69150168880623
3:593694-593994	0.255506241958389	4.59277118339276	1.13132139400094	0.278617801838803	0.47910189633549	-5.89664386698166
3:563201-563565	-0.25478696123879	4.60532170914969	-0.910192432368085	0.379498663517977	0.569247995276965	-6.11653576242859
18:180899-182185	0.253150151021911	6.80029268225385	2.39632656849602	0.0325289295324469	0.156138861755745	-4.04523422585515
5:815511-816308	0.252766226424868	5.97076530782096	2.47657589403539	0.0279976838657124	0.143522107583458	-3.90540727697376
16:0-4407	-0.25276442735391	11.1846894571633	-1.81233324061668	0.0933851598991573	0.273386165602584	-4.99999882129637
5:570265-581357	-0.252725277967315	11.6724361231634	-1.85301091980602	0.0870086214914814	0.261025864474444	-4.93794472533355
12:384119-384333	0.252566811829124	4.16422607186613	1.17007990691911	0.263239640779403	0.462721867806243	-5.85404732572602
9:707911-713054	-0.252460758906512	11.1694335528033	-1.61851157686211	0.129853838996213	0.321891206525825	-5.28411909345651
16:476783-477257	0.252229576092534	5.05444013052105	1.77518576545861	0.0995715896754327	0.281143312024751	-5.05596463026754
14:377244-379422	-0.251569656805859	9.79134675984394	-1.60043285587644	0.133819983884384	0.325608071386888	-5.30957726862218
11:26294-28887	0.25146257743745	7.77002167703061	2.89796826557202	0.0125978049612502	0.0879007222498296	-3.14987093558197
5:466733-468400	0.251283193907894	7.36325320974391	1.31635948705038	0.211079411713206	0.411254351972594	-5.68314387114011
2:47845-48092	0.251104252129871	5.91426650119911	1.56333538187121	0.142287736644535	0.336969392635847	-5.36122317707067
4:283164-286273	-0.250801143935842	7.99714192537963	-2.58954036405314	0.0226370491364048	0.124503770250226	-3.70603611128381
6:586711-587027	-0.250670351808627	4.4431744686294	-0.740629843836779	0.47225180323302	0.645146059785341	-6.25664269137592
1:926889-927320	0.249768823862208	4.79876822085436	0.9170039402326	0.376051554539448	0.568192806236343	-6.11037447976302
6:53877-57523	-0.249183651713478	9.76471230090123	-1.96789978418979	0.0710712532670261	0.232918369959393	-4.75857474242862
8:18037-20642	0.249007035532415	9.0554756278104	2.38067807895968	0.0334909245933455	0.158593795383735	-4.0723084470483
15:150619-150879	0.248873032403979	5.28113220121031	1.86543130978016	0.0851414575879012	0.25761999774448	-4.918841141298
1:852226-852472	0.248791567251828	4.40873250026102	1.52948895396342	0.150411246853666	0.344542899517291	-5.40763050239182
8:439646-441482	-0.248733805066488	8.8239507643966	-3.22004571743225	0.00680306098040621	0.0634243225003558	-2.5573972774951
6:429254-429439	0.248362498919806	4.08689950240543	1.14806507621466	0.271892190435676	0.470685496885367	-5.87838458664478
1:622098-626313	-0.248291190976103	10.5319127498294	-2.12495650117268	0.0536026372339206	0.206585346419781	-4.50446390762158
6:120693-122995	0.247825986768695	7.94538497859607	2.77669293713081	0.0158749104461723	0.098080845589419	-3.37029481597457
2:794280-795347	0.247697090985664	6.58215358156547	1.90215279339021	0.0798313850069509	0.246841900344526	-4.86194435433253
16:425254-425454	0.247553714111772	3.88416865087163	0.962831450957878	0.353424057430571	0.547550856017363	-6.0678839089284
7:109157-109193	0.24647553546962	-Inf	0.948952350108975	0.36162267320126	0.552638991172982	-5.9728598091925
6:467358-468362	0.245752005650999	6.1429032538321	2.03605372090449	0.0629286596140223	0.223291181487802	-4.64949418259225
2:592067-593378	0.245590743408747	6.46476503672521	1.98979136741035	0.0683557748475536	0.229884389296231	-4.72374505530057
11:453073-455233	0.24533859001315	9.53409489974658	1.50101780868586	0.157548121599625	0.353980460445115	-5.44612831431778
15:22-1698	0.244377568120522	7.06071651669473	1.94771259341161	0.0736626443345922	0.236436937438691	-4.7905133677161
8:523382-523564	-0.243925999747872	3.83490014328864	-1.17984795377444	0.259469268471321	0.460719832660197	-5.84312989797188
9:257011-259747	0.243865242100672	8.07350205749599	2.1973937372574	0.0469753297473181	0.191528757579799	-4.38417374001205
12:539849-542657	-0.243822443049424	9.88084586253882	-2.20541922743634	0.0462904126480565	0.189793368551479	-4.37073625594787
10:234040-236152	0.242327142054809	7.86270989178549	2.52819606612367	0.0254110832733603	0.134170519683342	-3.81464909900179
13:68292-69007	0.242108813106141	5.4363373942197	1.17679480222908	0.26064323241557	0.460719832660197	-5.84655011739666
1:1030651-1031468	0.241794839338861	5.79231548102369	2.14765454236553	0.0514372153021399	0.201176664292814	-4.46696810502072
11:216167-217744	0.241425732900271	6.87672826491287	1.83754160730083	0.0893858020816342	0.265891287318889	-4.9616363856625
2:443226-444110	0.241320678459747	6.22162845251019	1.33777700774569	0.20419316606946	0.404555315889962	-5.65682842536327
10:288220-288757	-0.241199834770813	5.19194692288926	-0.995608503299018	0.337842574862976	0.533881983480346	-6.03639912751081
6:731101-732536	0.241145793267352	6.46627486421317	1.18123594081529	0.258936932779153	0.460719832660197	-5.84157269509526
6:611557-611758	0.241139934249273	4.84305168556545	1.96376077929598	0.0715956601491251	0.233348818263815	-4.7651373001696
11:309310-312352	-0.240733025502625	9.04123082853721	-3.06434602355664	0.00916509425282025	0.0740137534788856	-2.84480385864654
8:268010-269837	0.240708959394526	7.06304233196949	2.10728728018938	0.0553469268945784	0.210238686333363	-4.53352397766629
16:347225-348003	0.239216871833273	5.75396504680713	1.12920688346855	0.279476106195703	0.47910189633549	-5.89893425693023
7:338112-339129	0.239067018236121	6.32369653041729	1.8221503661158	0.0918089124213188	0.270056299490008	-4.98509539026752
16:74346-74897	0.2379050814336	5.49702043358058	2.20674786532793	0.0461779341110815	0.189793368551479	-4.36850959156505
1:688550-692327	-0.23774400702648	9.3851724893489	-2.82997658160042	0.0143427837294419	0.0946623726143163	-3.27368682602327
16:494171-494795	0.23756337931775	5.30291333710778	1.3312756950133	0.206263903225761	0.405754826063115	-5.66485028701295
5:118195-123696	-0.236852138903377	11.6744902200368	-2.44972403304266	0.0294417357446736	0.14775755633934	-3.95237190236901
1:92611-93775	0.236767051089454	6.52020202050564	1.74842211913424	0.104252949207337	0.288196634457979	-5.09585782191168
15:510588-511330	-0.236451189465066	7.38242589962331	-0.968040940793295	0.350914045669025	0.547363710821995	-6.06294034340102
5:637590-640429	-0.236025175412703	10.5763983291223	-2.42391280751275	0.0308971613000432	0.152464496882456	-3.99734997167912
3:117437-118050	-0.235585591137326	5.45155211469582	-1.56115448334908	0.142799587181151	0.337352044884329	-5.36423413014359
2:262620-263484	0.235356820078106	6.24188999033466	2.10741963271322	0.0553336666232917	0.210238686333363	-4.53330672506267
8:329570-331327	0.235301590663101	7.43572520550145	2.54237574708765	0.0247419985162397	0.133303828740557	-3.78961414168705
14:526835-528703	0.235278962452285	7.08790595383286	1.69213077915064	0.114741676694722	0.307530991344229	-5.17855308321574
17:312831-314218	0.234600164314979	6.69054753690803	2.371536145144	0.0340654575508113	0.160594299882396	-4.08809505320333
1:1092931-1096037	-0.233584197879697	10.2899558798267	-1.77957620915797	0.0988218003054507	0.281042353457894	-5.04938576743382
6:513355-513617	-0.233239486608715	4.37182839009939	-0.960266686084466	0.354664461236455	0.54815143990697	-6.07030930258393
13:276004-277746	0.232949997351311	6.927183268252	2.80697021342046	0.0149855886193964	0.0956685485704637	-3.31544789747854
16:380780-381328	-0.229533316830413	5.21051879434736	-1.06211959071289	0.307760093395331	0.507011947933649	-5.96976724332893
12:340698-341088	0.229407061602262	4.96961994050177	1.44240930713364	0.173145502116494	0.371629370396377	-5.52378035685609
7:372789-377396	-0.229234137115945	10.5976631188082	-2.14242075302827	0.0519291416114551	0.202351193880799	-4.4756302644383
9:80622-85037	-0.229116956066811	10.5380782516972	-2.35501416878371	0.0351277663903663	0.164136819947906	-4.11656807746632
2:249459-249731	0.228903130410929	4.57390024160921	1.11438696233146	0.285548234896756	0.485569945331682	-5.91488859193808
4:330488-330545	0.228835983732847	3.06299507956972	1.19854033876621	0.252371163260662	0.45246850323134	-5.8220361421355
6:532080-536153	-0.228616789370214	10.8167086389359	-1.80320098818594	0.0948732123777096	0.274482499372223	-5.01382043283255
7:5277-9157	-0.228143844353937	8.64439231988731	-3.10553050841053	0.00847036993230937	0.0718622937420108	-2.76892532339256
6:199487-201569	0.227927478995556	7.26998432977746	2.80989234488273	0.014902396967306	0.0956685485704637	-3.31014765333329
11:330258-332489	-0.227516745849337	7.76240876818003	-1.36984782924892	0.194225064533642	0.395186258473075	-5.61683067702607
17:278863-279610	0.227186895401464	5.5261206747217	1.03824038376104	0.318324818656391	0.517155397694075	-5.9941076343514
19:95708-96198	-0.226543638496001	6.20552604692508	-1.58498224894784	0.137292284730984	0.331584613829095	-5.33118500846865
4:807353-807677	0.225894137634052	4.48542489226007	1.00013007385679	0.335732457502027	0.533881983480346	-6.03198508746884
16:422768-422984	0.225831635091517	4.20959986298635	1.11993610001916	0.283262992250276	0.483240258184638	-5.90893487086394
3:497287-498980	-0.224858464814194	6.91096388924748	-1.92320951255083	0.0769240573667937	0.241379638980018	-4.82904412164822
2:574249-575107	0.224084179053741	6.10105707229291	1.67379644916658	0.11835335002767	0.312452844073048	-5.20512292944788
6:9154-10412	0.223574925136733	6.43765730626157	1.32394334318432	0.208619790762787	0.407967590825006	-5.67386227845261
14:535891-537509	0.223143774812024	7.12278730814798	2.06364055850135	0.0598848545387995	0.219339801479225	-4.60481225035066
2:39157-41601	0.222133094023681	9.09048974257344	2.0938949384533	0.0567041053857372	0.212338777614675	-4.55547365766832
9:634224-634616	0.222110844274284	4.90065494614488	0.957404021285646	0.356052571888452	0.54815143990697	-6.07300981319425
11:0-1784	-0.222078908531959	9.77184444546882	-1.49922024422079	0.158008212220049	0.354260450327753	-5.44854213042707
10:588473-591496	-0.221999768636271	11.155870088619	-1.26793779928849	0.227341023748355	0.421919369206086	-5.74144563654463
4:115285-115888	0.22199632511584	5.44566948592974	1.76592093489424	0.101170499695673	0.283384741853133	-5.06981569125935
8:697350-698928	0.221761617726606	8.43098056461132	1.84734528550158	0.0878725607758273	0.262870890026271	-4.9466349205104
6:785669-789423	-0.221630413811811	8.72348858647249	-2.02972846096093	0.0636464447233223	0.223291181487802	-4.65969700255684
11:590760-595839	-0.221169713330376	11.7445583485306	-1.83480486338545	0.0898124039626308	0.266409827484658	-4.96581596241589
9:152069-154909	0.221160288014167	7.96082779534365	2.6709550200283	0.0194059938290171	0.110771510721309	-3.56073269982191
7:767599-770246	-0.220890968213441	9.62095332682879	-1.43449657119866	0.175347377872809	0.373181971133175	-5.53409584665283
1:664718-665309	0.220696931040537	5.42200044105302	2.05249145668759	0.0610981877599703	0.220203707421599	-4.62290595337409
7:716245-719554	-0.220365543729145	8.7979196487423	-1.73919111299768	0.105912422353835	0.29201962925757	-5.10953235862084
10:422820-424112	0.219800069603912	6.48334586280662	1.64353249242637	0.124533453797101	0.31742814326896	-5.2485782658972
1:1012406-1013010	-0.219722015725605	5.70691612666995	-1.36085231105917	0.196979889164019	0.396210977061342	-5.62812066580709
10:18255-22832	-0.219658571180455	9.36727233465464	-2.17287503668223	0.049127324655365	0.197592268725499	-4.42509278641584
1:552030-553723	-0.219423419558995	6.85735686744503	-1.3636887107827	0.19610781944422	0.395209651399039	-5.62456673783573
4:334394-334818	-0.218055068581352	4.79142089215699	-0.874774039972948	0.397772585487586	0.586659008763814	-6.14792149266052
3:562199-562976	-0.217976955372098	5.73907100045876	-1.11473385920589	0.285404968093018	0.485569945331682	-5.91451711290965
7:271662-272132	-0.217389603624179	5.32896442824161	-0.601160355271697	0.558202488211664	0.719733611174014	-6.35199073963698
16:67326-69999	0.216748357373641	7.97188588058135	2.32292523498862	0.0372819384407114	0.168246696552954	-4.17165088051933
9:65347-66624	0.215866525069018	7.16599195657657	2.34728059505798	0.0356358057265458	0.16505004757558	-4.1298697916695
6:783487-785239	-0.215615188732521	9.49166847093014	-1.13455174555954	0.27731044530022	0.47771587314361	-5.89313808673317
8:508615-512703	-0.215614890084625	9.32542820923892	-0.997428147253	0.336992241967734	0.533881983480346	-6.03462480887405
20:0-4212	0.215245601792367	9.40307233679189	2.38311202942315	0.0333395296746344	0.158593795383735	-4.06810162912672
1:95273-96499	0.214877957532278	6.63857566147623	1.50368391938257	0.156867817674849	0.353919908670987	-5.44254449585674
2:37813-38752	0.214745860935147	7.68791381215547	1.6382118256079	0.125648640043963	0.31742814326896	-5.25616550892751
4:137371-137852	0.214492802765673	4.99632047242675	1.13027835062722	0.279040933919903	0.47910189633549	-5.89777410433195
11:374445-374453	0.214253278135959	2.36889146774833	1.29221253596505	0.219067468482884	0.416820264356623	-5.71242659643507
9:102359-102562	-0.214152474907507	4.24578926559061	-1.17844175964357	0.260009452322135	0.460719832660197	-5.84470603410345
9:200185-201585	0.212953829056596	6.59048801796712	1.53828241207229	0.148263480292655	0.342689810958384	-5.39564003983699
2:269998-270580	0.212151462912871	5.64867212986975	2.18459872264601	0.0480870387857552	0.195307357529836	-4.40555258566818
17:159428-160947	0.211125608328118	6.82681857773552	2.26070877279725	0.041821565016195	0.180611095088984	-4.27759386398388
9:583552-586385	-0.210404507432111	9.51742612739216	-1.94945503927837	0.0734356052763024	0.236436937438691	-4.78776347692588
2:872351-877051	-0.210357867087277	11.1991580034174	-1.57062732452898	0.14058777656234	0.336969392635847	-5.35113541632204
4:148253-148526	0.210212554623006	4.33476400817041	0.842377161838149	0.41499996040342	0.602987572726071	-6.17566257974677
1:655738-659031	0.209320772468923	8.0055880670699	2.03035681326181	0.0635748027800212	0.223291181487802	-4.65868416318412
2:42053-43125	0.209310612605663	7.83381220822833	2.43834226388097	0.0300752153653658	0.149105293078997	-3.97222597748378
4:386702-387373	0.209272302887515	5.38677928654355	0.743834992421501	0.470376473071793	0.643501861992756	-6.25423629084479
7:306295-308880	0.209189040828189	7.61038940743408	1.72869648661719	0.107827501074297	0.296525627954317	-5.12502516704089
1:237304-237730	-0.208836187255641	4.79158773456661	-0.718976868388949	0.485041287272728	0.655605378603017	-6.27264955994452
18:92765-93150	0.208663567488133	4.72417906367238	0.744839966450915	0.469789413424816	0.643501861992756	-6.25347980477098
16:260556-261008	0.208562418741375	4.79427127996567	0.96241223319228	0.353626594511213	0.547550856017363	-6.06828072758831
13:150710-151474	0.208396510694198	6.02782803343279	2.06504624485075	0.0597334730785323	0.219339801479225	-4.60252758033813
9:660567-660823	-0.207189781740405	4.500657769286	-0.833509879912781	0.419800243807495	0.605508924320545	-6.18309277439449
2:1064641-1065753	0.206837011141538	6.45715423873931	2.23017530078251	0.0442364504457507	0.185682276638623	-4.32915264596605
11:333071-333780	-0.206586277950926	7.41412601896025	-2.05356428935137	0.0609804504352283	0.220203707421599	-4.62116696296915
2:998435-999236	0.206535013917501	6.01001955425792	1.62508040339588	0.128438255306907	0.320640183461215	-5.27482270110481
2:307880-308617	-0.205218851068524	7.9491512461945	-1.56429937220845	0.142061993943072	0.336969392635847	-5.35989138933457
15:185948-188469	0.20461688081629	8.43834232524321	1.62814413333684	0.127782624005162	0.32051888586568	-5.27047844724515
6:203361-212351	-0.204345988899714	9.69612089553747	-2.2690137318037	0.0411866241050488	0.179215506855358	-4.26351964805717
4:230716-230928	0.204158390650446	4.10581008907971	0.904791729685791	0.382247233851807	0.570937876870592	-6.12139230308625
4:779657-781116	0.203707221100807	6.80768123167067	1.48339103579293	0.162109107076869	0.360394141206682	-5.46971093346943
1:773737-774307	0.203298978178274	5.56231216159946	1.71977907116385	0.109478815244644	0.298732891210192	-5.13814441139325
14:6161-6262	0.202229930224096	3.55430320529688	0.915832266995774	0.376642958679394	0.568192806236343	-6.11143716744043
6:166329-166610	0.202163247341849	4.22318455754954	0.587840138233953	0.566840025134657	0.727678476089198	-6.36012342096871
3:447195-447735	0.202034502691219	5.6246447126805	1.75327886267751	0.103389155731965	0.28783094229009	-5.08864558562181
4:497019-497363	0.201223478885262	4.586660039457	0.842145386829005	0.415124967208194	0.602987572726071	-6.1758576860267
10:583042-583597	-0.199919814044912	5.31026595557818	-0.95746099454383	0.356024908087038	0.54815143990697	-6.07295613506246
8:615756-616149	0.199691712455591	5.11095970359602	1.02817353518001	0.322857563553631	0.523247348013473	-6.00422939062028
8:469213-469550	-0.199397869957089	4.61747573370334	-0.806372149409757	0.434717129909502	0.616140019054654	-6.20539382433799
15:396210-398509	0.199168660761974	7.64417091775445	1.65563164174511	0.122029653371962	0.315069227287999	-5.23126613073184
3:137996-138205	-0.197389128282155	3.92048387408808	-0.937921251164595	0.365601632724997	0.556490230597925	-6.09120351000666
15:62788-63203	0.196639004445875	4.76726313542618	0.89019597649551	0.389743671049559	0.579040622372733	-6.13439032483109
12:354358-356545	0.196244962699451	7.43913415652197	1.6613071229932	0.120870416968761	0.313609730513542	-5.22311735583473
2:520632-521994	-0.195805748365222	8.02951010538374	-0.863938897578511	0.403479907091634	0.590949766836014	-6.15730300239612
8:323599-323862	0.195662557062007	4.54426989533775	1.81135547985912	0.0935434734520696	0.273386165602584	-5.0014806028034
2:624761-627075	0.194677889378028	7.58358240715142	1.5720947099416	0.140247807764635	0.336969392635847	-5.34910161541952
7:196039-196141	-0.194074617019641	3.70627882784599	-0.785958864661541	0.446161099474967	0.627717778229544	-6.22173004987504
18:218888-221200	0.193456161199985	8.18572921713977	2.29416094051573	0.0393192827016791	0.174458666104929	-4.22077487248247
9:192049-195229	-0.193327545323227	8.17580672871654	-1.92945230792446	0.0760808441558326	0.240890804759491	-4.81925229262109
17:316471-318494	0.192956226430909	7.54827531756085	1.77142955998859	0.100217092117273	0.28221133140224	-5.06158543163509
1:755226-759794	-0.192875725426996	10.9956826874236	-2.09822032101625	0.0562624194820553	0.21143457285783	-4.54839173772541
16:479659-479676	-0.192718663449967	2.19228107313429	-0.60435995769443	0.556138417408952	0.717948861593952	-6.3500115841196
14:300544-301177	-0.191731718574728	5.43645233747314	-0.77841040841451	0.450441157394543	0.630038096154088	-6.22767479309066
3:422419-423390	0.191670681700725	6.25069226505687	1.2251413295103	0.242532471748674	0.440058917812027	-5.79156521805843
16:477751-477802	-0.191516421056686	2.73264196687032	-0.746640231930212	0.468738915961561	0.643501861992756	-6.25212233238282
2:947129-949143	0.191211291053198	9.98057828667131	2.00291170627202	0.0667743548671442	0.229667600044535	-4.7027751971259
14:317015-320214	0.191111967962413	8.06460104757901	2.06914567449685	0.059294021803414	0.219339801479225	-4.59586042610998
4:704678-705534	-0.190668336516296	7.16961213699042	-1.87656013649886	0.0834993286413727	0.255580553754462	-4.90166319184457
5:583540-586653	-0.190628575499684	8.26739980023574	-2.31040563037282	0.0381560379052189	0.171458621395367	-4.19306179736501
5:642293-642622	-0.190081040283064	4.74202882253247	-1.02668279477919	0.323532781081228	0.523247348013473	-6.00572118725776
4:234898-234962	-0.18893739202335	3.04417384295508	-0.815931415295035	0.429423885407511	0.612799490527476	-6.1976139617481
10:28036-30732	-0.188700417564643	8.93131481658102	-1.85836766864943	0.0861988465884698	0.259902421813209	-4.92971444374568
10:37343-38572	0.188383818735516	6.54012927482888	1.96148795846155	0.0718851302350721	0.233571377009957	-4.76873785944048
14:516869-517211	0.18833154542184	4.54146586957795	1.13501174047151	0.277124661874101	0.47771587314361	-5.89263820973985
12:270974-275569	-0.188311723249416	9.33153408409412	-1.97772023221044	0.0698410821430864	0.232515232716333	-4.74297512064938
13:445702-445944	0.188049389952001	3.96757004061817	0.818237013162605	0.428153511915871	0.612791791118796	-6.19572519294425
18:335613-335956	0.187131548395989	4.84288712587138	1.31889109402201	0.21025575336428	0.410406793997559	-5.6800500131201
14:274755-275768	0.18679134815333	6.22372868261886	1.3310517017541	0.206335550753687	0.405754826063115	-5.66512614545445
14:498268-498871	0.186718670258056	5.29967982124966	1.28132609656291	0.222747509270045	0.419970011032886	-5.72549298230988
8:559874-560317	0.186416689321636	5.1378610148322	1.53521793970407	0.149008970802187	0.343546505357552	-5.3998239764059
6:405239-405646	0.186270331786502	4.83143660356913	1.30657493041964	0.214287403062754	0.413174539557302	-5.69505915029844
1:747605-747992	-0.185968049329441	4.82873533511821	-0.796528672118489	0.440211668094447	0.622307257707813	-6.21331856598882
9:512303-513906	0.185735424780334	7.08667684695541	1.54202157543494	0.147358180444536	0.342689810958384	-5.39052725124276
2:393049-397784	0.18568560118482	8.54046667416488	2.44979069347126	0.0294380636576406	0.14775755633934	-3.95225552760612
13:479419-483060	-0.185573303910825	8.83521308194785	-2.27895261505695	0.0404387660656065	0.177192269565479	-4.24664861862661
13:235501-235556	-0.184923979369859	3.01414429542428	-0.607211020129383	0.554302711137758	0.717041006956417	-6.34823967213931
13:204833-205436	0.184814928472158	5.24552322431623	0.860678959434677	0.405207757786643	0.592658437981572	-6.16010528477996
2:605060-608208	0.184761834632633	9.80530345240503	0.957325290302203	0.356090802818354	0.54815143990697	-6.07308398612275
14:346021-346978	0.184693857682253	6.20116597147064	1.98642764266471	0.0687667230650458	0.230532252560915	-4.72910976582843
2:115109-115820	0.184113619938752	5.69618203163203	0.905519563995052	0.381876022877504	0.570937876870592	-6.12073928149366
2:791363-792644	0.183508602575309	6.63479857252178	1.67489394587059	0.118134377317275	0.312452844073048	-5.20353759059509
13:421521-421889	-0.182908488686394	4.80708542734678	-1.08129448800709	0.299466529092649	0.501111245105851	-5.94988790825765
17:78379-80246	0.182061253261314	7.93906535140509	1.79473741471417	0.0962712518040736	0.276572510879631	-5.02659347669965
17:387844-388706	-0.181905439251121	5.84082817217722	-1.07326041488717	0.302920921255486	0.502963039065712	-5.95825314607263
10:53727-53960	-0.181148146933277	3.99500613001843	-0.587409251214348	0.567120630512699	0.727678476089198	-6.36038362179941
2:746293-746650	0.181144575717308	4.84902773078176	1.30619564550248	0.214412545149054	0.413174539557302	-5.69551967132149
18:103069-103732	0.181038182147362	5.7148409497576	1.72027687236142	0.109386046647773	0.298732891210192	-5.13741314926435
10:87992-88712	0.181036769126785	5.65912064291087	1.21255424570126	0.247149723834364	0.445942661126905	-5.80604933037648
7:642831-646245	-0.180596279303744	8.35686990633037	-1.93483751469234	0.0753602513701714	0.239969430624279	-4.8107918702166
2:871736-872033	0.180054833623174	4.53333681745443	1.44944641647497	0.171206771810098	0.371137480425734	-5.51457234643807
14:480189-480399	0.178536921753581	4.04784799864236	0.684575710840571	0.505787237399406	0.674382983199208	-6.29717870304103
1:1040176-1042064	0.178219881659101	7.7603674510633	1.39130178397166	0.187782633749214	0.391121225323806	-5.58968342526165
2:803896-807583	0.177638844941095	9.0117778473642	1.64904672999425	0.123386823496648	0.316412908689125	-5.24069829204212
12:80755-81646	-0.177609471977238	6.07754967234794	-1.02662032911672	0.323561096830301	0.523247348013473	-6.00578365726525
14:546719-547272	0.177380339542373	5.08016474114258	0.718214064004641	0.485495649685189	0.655605378603017	-6.27320549398878
13:466305-466915	-0.177198731776258	5.28814098146378	-0.667585225070714	0.516223965332272	0.681415634238599	-6.30888182510011
3:564211-564615	-0.176497717388305	4.53905253232043	-0.541694797506255	0.597308126256352	0.750008776845074	-6.3869590941104
5:721500-723929	0.175907953714292	7.62899059842329	1.82402691825081	0.0915103482459479	0.269929965775757	-4.98224127865505
7:17873-18830	-0.175706569476656	5.99099570089436	-0.789439869021886	0.444196098801309	0.626263124611726	-6.21897108893002
3:297930-300006	0.175687410357187	7.47980264029243	1.48806408705904	0.160889192078752	0.358532786137552	-5.4634778607306
9:61494-64676	-0.175643058463807	10.0285218454734	-2.16808473267389	0.0495584351760297	0.198233740704119	-4.43306340559419
2:1032309-1034859	0.175569930721277	7.74995035326243	1.42446117991759	0.178173516360446	0.377813721439019	-5.54711994785184
6:432189-432422	0.175217656033135	4.20356948117654	1.05973287278263	0.308804214512232	0.507246254055709	-5.97222089077423
4:497838-498823	0.175028389008964	6.19851314550302	1.05959864619334	0.308863012649452	0.507246254055709	-5.9723587444618
14:349341-351238	0.174984975967277	9.05393651280752	1.58435392603742	0.137435123109364	0.331584613829095	-5.33206077890469
4:852968-854241	0.174315601813916	6.62311618799699	2.02600492150384	0.0640725191734742	0.224041656447645	-4.66569573941763
4:302495-304734	0.173964617472887	7.84838690760091	1.83771409812574	0.0893589755890109	0.265891287318889	-4.96137283675464
8:153633-154574	0.173933586423602	6.13822668225983	1.44469948185511	0.172512549048382	0.371137480425734	-5.52078718772026
2:158260-165902	-0.173559405087476	11.090605906246	-1.86997729910398	0.0844671680705129	0.257208057282401	-4.91183107782327
20:88989-89490	0.172196750517533	4.95058837353745	1.26939470769612	0.226837518985773	0.421919369206086	-5.73971593944398
16:297413-301850	-0.171448460002702	8.37304107052759	-1.50408193074452	0.156766472415307	0.353919908670987	-5.44200910581376
2:500753-501168	-0.171138702034096	7.17520573011689	-0.954887551793116	0.357275977405911	0.549175301514763	-6.07537798595594
9:250696-250912	-0.170811115060928	4.26364227063712	-0.544818575526655	0.595219450341278	0.749200277145252	-6.38520835393785
8:255362-260041	-0.170646851031153	9.18894073067819	-2.06240950978916	0.0600177211280786	0.219339801479225	-4.60681245690542
8:666713-669152	-0.170090334207114	7.73853695850059	-1.93420221917377	0.0754449346280878	0.239969430624279	-4.81179060943826
2:656994-658312	0.169954295207073	6.91121267884445	1.97556289841628	0.0701096359388897	0.232515232716333	-4.74640548333954
20:85627-87124	0.16937648270024	7.62014087046251	1.43474942739267	0.17527665542266	0.373181971133175	-5.53376683773937
16:379644-379975	0.16914095220698	4.78922075715218	1.06519833574486	0.306417098419841	0.506213465319078	-5.96659535875628
1:590073-590345	-0.168548674865973	4.25661123776008	-0.715282618866212	0.487244157417123	0.656121331512513	-6.27533688000297
10:392265-392374	-0.167839088141301	3.37675320203431	-0.511072187623195	0.617978754888883	0.767747723720777	-6.40361173864492
14:147777-147812	0.167688503510139	2.63880743883983	0.433523619412032	0.671832315704629	0.814529191026508	-6.4416058818842
12:206834-211784	-0.167309754048983	9.27931376952762	-1.76131298096596	0.101974224985131	0.284880374561635	-5.07668848602865
8:471982-472212	0.167252597614682	4.06030002545326	0.714449616564768	0.487741709505041	0.656121331512513	-6.27594107088911
7:295548-300543	0.166607307514864	8.43933198461402	2.05924762090488	0.0603602365187056	0.219794516426735	-4.61194721530084
20:38490-41072	0.166287030159831	8.05531461438461	1.36806558447563	0.194768338557935	0.395188945147541	-5.61907188810041
13:82690-82992	0.166154458329761	4.41189158280149	0.61301584894008	0.550575462621302	0.713383666905638	-6.34460772419132
17:39709-40245	-0.166001453295634	6.89598457642769	-1.33200893194604	0.206029508143912	0.405754826063115	-5.66394702653986
12:130595-131607	0.164745814513711	6.23262385790636	1.07688032638512	0.301360817791921	0.501951141306418	-5.95449043492456
6:753032-755420	0.164545703264945	7.37604284550392	1.64874668976572	0.12344897573856	0.316412908689125	-5.24112749261398
4:774467-775093	-0.164255651246251	5.42713800302139	-0.785506760241797	0.446416715388624	0.627717778229544	-6.22208756651091
7:401566-402336	0.164100426791115	5.92819480917632	1.44450990515623	0.172564870160071	0.371137480425734	-5.52103508576579
13:523879-524771	0.16366334807434	5.80437503777861	0.985911480594953	0.342400092545559	0.538057288285878	-6.04580791392024
1:125389-126114	0.163538229404872	5.50070728235143	1.1805946284931	0.259182790361175	0.460719832660197	-5.84229237467783
2:534788-535082	-0.163245989449995	5.60705442196045	-0.746916787129707	0.468577668598508	0.643501861992756	-6.25191353296596
7:581556-581913	0.163205595028043	4.83019359199574	1.08202214988815	0.299155116916413	0.501111245105851	-5.94912769548653
3:958172-964933	-0.162544221534565	10.9499367569375	-1.50516641102904	0.156490614206503	0.353919908670987	-5.44054980511777
13:190051-192890	-0.162218921773695	10.5987628076195	-1.55350724697392	0.144606885863605	0.338147770435285	-5.37476953330414
2:708498-711326	0.162122334676369	8.03585819810913	1.27149153627685	0.226114422773572	0.421867191605816	-5.73722381454316
5:436564-436656	-0.161793933677615	3.01726596640981	-0.364607295123175	0.721342010486045	0.8448271160871	-6.47027900519743
6:670146-671445	0.161033369988751	6.76302997713812	2.04312784425921	0.0621347661616312	0.222111462150859	-4.63806469518295
4:276944-278598	-0.15906362165564	7.06364133534213	-1.15725823366257	0.268252774211737	0.468223024078669	-5.86826694035296
5:557546-560275	0.158722245651545	7.55532965454626	1.47508947508414	0.1642955277415	0.362204754269361	-5.4807499314065
14:131220-132888	0.158372769764064	7.02105504227984	1.38809835473325	0.18873324289314	0.391556590363765	-5.59375662722381
6:251707-252153	0.157957086913719	5.0290958597035	0.812234564905346	0.43146594829595	0.614089745492317	-6.20063245212629
9:339934-341348	-0.157765864342603	6.63861156224625	-0.865214927866708	0.40280492624023	0.590823904012218	-6.15620355014617
3:530208-531566	0.15689903224908	6.86862649945783	1.20517930010153	0.249886905810623	0.448776483904792	-5.81448088203714
3:315674-318253	-0.156432900901113	7.92368446018096	-1.77753736836563	0.0991693592279875	0.281042353457894	-5.05244207188283
5:369391-370527	0.156150477379741	6.61626825100434	1.56320406174965	0.142318512420064	0.336969392635847	-5.36140455788801
7:239151-240274	-0.155775006319577	6.2645087864877	-0.86515902735442	0.402834480008331	0.590823904012218	-6.15625174526511
12:537126-537692	-0.155416390984257	7.0428977582506	-1.62005032967591	0.129521026691832	0.321821656909588	-5.28194360727639
3:331045-332523	0.155282260017116	6.67680531220474	1.43346612994631	0.175635833004913	0.373181971133175	-5.53543619586692
2:702506-702708	-0.154689698906792	5.00731669165144	-0.92550045167257	0.371782148209501	0.563273957689	-6.10263278705503
18:343135-345706	0.154689052303452	9.04222104400966	1.2105623321796	0.247886687577171	0.445942661126905	-5.80833063354321
14:491983-496559	-0.154249106162721	10.6959207544394	-1.75069396523777	0.103848095655799	0.28783094229009	-5.09248564940269
9:557120-559702	0.154181772359376	7.77943667080265	1.42132136570143	0.179065501804077	0.37862254716013	-5.55118132917312
2:601873-602426	0.153846318671304	5.40264200821828	1.01310427899641	0.329730511987561	0.530725634009284	-6.01922496336063
11:17852-19704	0.153426105170423	7.41548448506259	1.61384568720894	0.13086755660844	0.322135523959237	-5.29070746419167
3:926234-927254	0.153089953299745	5.95156416179744	0.781159885346037	0.448879163589062	0.629503846945617	-6.2255154842368
12:429023-430970	-0.152404131922259	10.4384781916257	-0.987362524641019	0.34171532436361	0.537781494080436	-6.04440501171805
12:291089-292256	-0.152111697144921	8.83321434082633	-1.15233945160982	0.27019535132249	0.469669232701041	-5.8736884804843
3:821500-822035	0.152095518886274	5.34155510843951	0.88890067645766	0.390413752963433	0.579040622372733	-6.13553484366182
16:429354-429695	-0.151819230229481	4.82431234012816	-0.352822882622967	0.729948482929254	0.846131282078257	-6.47469724631559
7:223499-223809	-0.151298603564668	4.63033138220839	-0.565529564844056	0.581466589400974	0.738903391585353	-6.37335827665191
11:362947-363358	-0.150961425094738	4.89591071909077	-0.546497275962858	0.594098552651899	0.749200277145252	-6.38426354958484
12:190751-194743	-0.150914795263136	10.3344755876469	-1.39135766858636	0.187766085311386	0.391121225323806	-5.58961230625118
13:217830-218035	-0.150701384000809	4.3378833109645	-0.884931803414195	0.392471802249619	0.58091795050432	-6.13903256352585
7:184533-186321	0.149853108892559	9.12541856373009	1.4675656197543	0.166298553336313	0.365096200256023	-5.49071711982185
5:629861-630900	0.148836767507969	6.43952113684553	1.47919279111826	0.163211727980727	0.361168214846765	-5.47529898153445
3:104953-105784	0.148767894190302	5.91028556495092	1.04126155199166	0.316973641389537	0.516549637819986	-5.99105378963534
11:543276-543638	0.148323803823629	4.56238012527998	0.678891891427878	0.509264733028355	0.674759796835562	-6.3011241719311
13:525080-527010	-0.147705759082803	6.95284000657316	-0.937674537154253	0.365723693214924	0.556490230597925	-6.09143181943916
9:273505-276817	0.146744109831669	9.1167691096723	1.97681134665147	0.0699541086102497	0.232515232716333	-4.74442057147501
3:720905-721588	0.146251856582107	5.85311845184805	1.39583360485185	0.186444589429435	0.390645806423578	-5.58390942855108
2:29639-32387	-0.145727478905078	9.31526185279077	-1.26861281097473	0.227107630176415	0.421919369206086	-5.74064442763977
13:474407-474640	0.145722158198136	4.10629462444423	0.637106754852788	0.535255783062995	0.700409054417004	-6.32918747397485
8:154850-154946	-0.145662383161541	3.45130171679206	-0.748557000001132	0.467622038737525	0.643501861992756	-6.25067371705001
18:339198-341009	0.144268559176497	7.19138930743234	1.85711220230422	0.0863880208867768	0.259902421813209	-4.93164458861338
5:697634-698076	0.143823262507636	5.01294642713699	1.16965588462673	0.263404263832884	0.462721867806243	-5.85451959285279
2:355396-356772	-0.143762152642309	8.31263671306931	-1.16668453546499	0.264560097637185	0.463309225712881	-5.85782516084669
20:12423-17254	-0.143672684070555	10.9201854442931	-1.51022849282065	0.155208423753777	0.35247332362148	-5.4337285278601
16:345708-346053	0.142948977207338	4.49453695859311	0.817385563139102	0.428622371262437	0.612791791118796	-6.1964232672619
6:613115-614224	-0.142341488430426	6.99437957872429	-1.37887719576887	0.191491792328957	0.392581956862619	-5.60544298068644
1:750352-751265	0.141749779576344	6.15934676408141	1.35804824372457	0.197845140563432	0.39714309353116	-5.63162868444183
1:249273-249458	-0.141679081808958	3.77370701849665	-0.53906573636972	0.59906890539676	0.751326323157932	-6.38842512094191
15:439159-439361	-0.141613618455312	3.98481111575715	-0.550457759670777	0.591458362541323	0.747105300052197	-6.38202353411023
1:38421-41511	-0.141284294803846	9.52035388099462	-1.27494855078946	0.224926286707242	0.421138579366751	-5.73310815805958
11:317820-319630	0.141111785789615	7.42276746817372	1.55408848949781	0.14446883281987	0.338147770435285	-5.37396999639452
8:709456-709670	0.14091419903487	4.11218799823599	0.536880414493102	0.60053449971589	0.751379658412299	-6.38963852492338
18:157642-159802	0.139853587208434	7.34884894679433	1.36494260327659	0.19572331279561	0.395188945147541	-5.62299389850866
7:49218-49813	0.139076531864094	5.42060951053023	0.80852583615325	0.433520898941322	0.615319985594135	-6.20364824068004
9:542355-542685	-0.139011220948127	4.73419981845367	-0.897518035083097	0.385970582638239	0.575684936816357	-6.12789301310355
11:347579-352527	-0.138612531562822	9.03672848331178	-1.4002229827333	0.185156131587584	0.388717445241527	-5.57830385274929
8:85231-85979	0.138268379445865	5.81335184944392	1.12082781605114	0.282897063606846	0.483240258184638	-5.90797588380613
11:370634-370821	0.137418510561991	4.02240368240867	0.679538453683036	0.508868444668306	0.674759796835562	-6.30067689568863
2:179860-180146	-0.13678857817144	5.14216109376667	-0.627825549220763	0.54112920892401	0.706344183712923	-6.33519435742639
7:474844-476919	-0.136654998260541	8.42498380311134	-1.23989215048555	0.237208272309727	0.434881832567832	-5.77444190840064
2:32787-34212	0.136330073945622	8.09106104762299	1.34562616144221	0.20171572857265	0.402284142214666	-5.64710448930538
8:142924-144710	0.135974464354624	7.05761036559369	1.60057797848868	0.133787733260075	0.325608071386888	-5.3093736576452
4:801789-802425	-0.135470503569151	7.14608921414927	-0.620777278370262	0.545613565519353	0.709566410330587	-6.33970074654292
2:50115-50335	0.135444338543162	5.50768511250216	1.23512282161369	0.23891952518525	0.436503492379972	-5.77999588105858
3:658585-660942	0.135425149313191	7.2886019610163	1.36988737686808	0.194213023538514	0.395186258473075	-5.61678092058919
1:670831-671047	-0.135222692222318	4.04290703179022	-0.492568998248231	0.630636536927599	0.778891442100052	-6.41322329179237
6:216831-217460	0.134487883217369	5.69354851877583	0.812189120342964	0.431491090109185	0.614089745492317	-6.20066948101029
13:332498-333213	0.134460557144281	5.87350824420402	0.726305699609635	0.480689057723193	0.653291692349668	-6.26728061428458
9:701499-704724	-0.133906036281161	9.37860024006531	-1.54210205676282	0.14733874698437	0.342689810958384	-5.39041711134704
4:893061-894976	0.133811527216284	7.07504789284391	1.00816646541694	0.332005544655707	0.532014954713848	-6.02409778229921
5:404796-406719	0.133461885516869	7.31559771331511	1.17604362869544	0.260932695242603	0.460719832660197	-5.84739051380578
19:66330-67035	0.133286406422146	7.80705346814631	0.738131439078104	0.473716814033834	0.646311312170192	-6.25851186986496
11:199018-200195	0.133241963021771	6.35269237151495	1.2826517325554	0.222296758657612	0.419970011032886	-5.72390642804345
13:493866-494168	-0.133217815553042	4.40711474823811	-0.650252603997197	0.52699866649305	0.692177353005797	-6.32053807339312
4:596950-597994	0.132874210070852	6.21784889354864	0.977274403676634	0.34649638197341	0.542074339798402	-6.05412184335893
8:241557-245301	-0.132800490852958	10.1013881044976	-1.05152893607582	0.312413200616265	0.512280030824187	-5.98061967478883
16:186687-193137	-0.132703277227868	10.7291759165909	-1.35691578743529	0.198195464290645	0.39714309353116	-5.63304391632452
1:1001880-1004955	-0.131959386125926	9.50510288333548	-0.96511721401438	0.35232117987497	0.547473615710806	-6.06571765528709
10:523924-524835	0.131838506683271	6.19426734824875	1.66208132759939	0.120713032805797	0.313609730513542	-5.22200438559687
13:256808-257738	-0.13159603281357	6.18025761294837	-0.947801915802197	0.360736640630605	0.552603710506364	-6.08201709424675
16:170969-173026	0.130686931214623	9.85996264378453	0.910721928897351	0.379229922271729	0.569247995276965	-6.11605825330863
16:525870-528281	-0.129167347210997	9.9266424405691	-1.06955258849341	0.304525141656966	0.504832887896007	-5.96209631386163
15:309099-310184	0.128973643274325	6.46577068178764	1.0817555672963	0.299269176230447	0.501111245105851	-5.94940625248005
3:71007-71234	0.128503298636749	4.20660245221946	0.808584080525364	0.433488577671863	0.615319985594135	-6.2036009747949
16:207409-210265	-0.128345638596434	8.05088339452744	-1.32527316728207	0.208190903367437	0.407884218842327	-5.67223061155284
12:392878-398770	-0.128112529441092	11.0867287265262	-0.977917337752315	0.346190259218891	0.542074339798402	-6.0535051256192
18:205284-207133	-0.127184023974085	7.17357016719192	-1.29939634472132	0.216665944409573	0.414491371913966	-5.70375800258666
6:576484-576701	0.127109191252516	4.17410650322752	0.499123732517668	0.626138337992546	0.775148985838369	-6.40985736103858
1:375738-376162	0.126720271610639	4.92879295801959	0.572363976535591	0.576965049146027	0.736729252597587	-6.36935565056145
2:944397-944608	0.126651151775447	4.32765082066423	0.840200233008018	0.416175059433491	0.603682503793635	-6.17749321027207
14:531952-535203	-0.126569194843325	10.6391821107084	-1.00833365538711	0.331928328643028	0.532014954713848	-6.02393312384041
1:1033595-1034109	0.125769771812535	5.20693024836797	0.664966902841443	0.517843387823246	0.682699897055366	-6.31066099107652
16:251591-252549	0.125486496559664	6.10482352020597	0.867769967111992	0.401455669202499	0.590441764175263	-6.15399775203425
13:544690-546039	0.125060886084495	6.67101712688718	1.23705937006813	0.238223511469858	0.435986183903241	-5.77774275257544
7:153889-155658	0.124392470319328	7.44595690453162	1.23395197790996	0.239341116189707	0.436518512428897	-5.78135678993988
3:327162-327387	-0.122875866369926	4.39128444075253	-0.777712798796645	0.450838021506768	0.630038096154088	-6.22822156329612
1:751984-753430	0.121356475911754	6.79441722017249	1.27958302951675	0.223341311830249	0.419970011032886	-5.72757721068881
1:25485-25705	-0.12129960488433	3.96617033789697	-0.3917916695468	0.701640411757901	0.832508173950948	-6.45954562963092
4:808603-808960	0.121264004950809	4.70682700400046	0.771390574955058	0.45444478254223	0.632271001797885	-6.23315646234516
5:621271-623491	0.121076508301192	7.30912885914332	1.32854660702533	0.20713822142041	0.406576137211808	-5.66820891113071
13:240299-242006	0.120358372645791	7.05985850908501	1.27356711098688	0.225400471304604	0.421279464951615	-5.73475382726435
3:923961-925148	0.120306628702018	6.33283163129131	0.77674870143082	0.45138685311836	0.630038096154088	-6.22897646763134
12:470316-470693	-0.120167449948529	4.77895984200856	-0.371599319756282	0.716254084626831	0.8448271160871	-6.46759036936277
9:498729-501027	-0.119667068122254	9.22792401502229	-1.30376592237724	0.215215613491091	0.413966644529311	-5.69846738682695
5:152053-156118	-0.119531215881103	10.400102637357	-1.17956621005766	0.259577429415966	0.460719832660197	-5.84344581156709
1:0-1529	-0.119508449258076	7.66165548690923	-0.709953294687019	0.490432660029478	0.658064661996352	-6.27919111872462
17:30-2537	-0.119368662931294	10.1213943873461	-1.1575704693121	0.268129826362502	0.468223024078669	-5.86792216139906
5:804616-807183	-0.118679736882891	8.25160148435368	-1.36538014079787	0.195589287432034	0.395188945147541	-5.62244481463632
13:88094-88370	-0.116473882214847	4.25516784874235	-0.398795378253091	0.696600046527714	0.830259197667343	-6.45665828779657
3:542049-543142	0.115939070574213	6.52419360039695	1.24871562554717	0.234067965170852	0.431371328482409	-5.76412277801773
4:863742-864086	0.115470338063693	4.48574243395238	0.499689760788061	0.625750626609103	0.775148985838369	-6.40956469270157
2:136390-136692	-0.11486423704803	5.55763238370026	-0.537589720670307	0.600058601803995	0.751379658412299	-6.38924519734165
14:380712-382753	0.114794082262967	7.40940126335822	1.07412621274681	0.30254723482094	0.502963039065712	-5.95735415207645
8:715239-715433	0.11399406628898	4.1436343999026	0.560134831187306	0.585032829680765	0.740761413160306	-6.37648546907472
6:304574-304833	0.113640868748845	4.25681727901592	0.569525246351299	0.578832566642388	0.73744463350304	-6.37102371921192
9:629736-631579	0.113559267900992	7.07038659956825	1.08899357157525	0.296183871302827	0.498835993773182	-5.94182295121998
7:713221-714373	0.113487515968451	6.80904525912015	0.776292631243828	0.451646627640762	0.630038096154088	-6.22933328187105
4:591450-591701	-0.11243253778189	4.45348670508276	-0.313572344955343	0.758884169887544	0.862412816153887	-6.4883849824505
19:44788-45121	0.112403544980875	4.64044001029546	0.561020429643932	0.584446615393767	0.740761413160306	-6.37597406531779
15:262381-265651	-0.112150899651789	8.08796775640897	-1.38061572215334	0.190969177678814	0.392581956862619	-5.6032440530047
19:52930-53259	0.11201035359991	5.18335665678492	0.889215764063259	0.390250680348871	0.579040622372733	-6.13525656946381
4:228696-229374	0.111940266837498	5.60058543481907	0.753719733612131	0.464622007782576	0.64052329010235	-6.24675504575041
7:105329-108833	-0.111894145005291	10.1016794313323	-0.987639538394192	0.341584709312673	0.537781494080436	-6.04413698784463
14:3785-4725	0.11167460437793	6.26680462998109	1.53392029370978	0.149325611703709	0.343546505357552	-5.40159394253293
7:634308-638345	0.11136275959276	8.231791821084	1.29628605054505	0.217703090219853	0.415722356730859	-5.7075156499792
1:2910-6526	0.111242031230023	8.04194183274877	1.55781961013362	0.143585330771652	0.337697348095467	-5.36883278971783
8:635860-638403	-0.111205892101843	8.59495868253381	-1.22614124357345	0.242168609002873	0.440058917812027	-5.79040955945658
2:850122-850396	0.111067586351265	4.44916910631526	1.04976559378499	0.313192960285568	0.512762428002419	-5.98241775988975
4:372038-374695	0.111038492585213	7.70818528750742	1.1763463454085	0.26081601418022	0.460719832660197	-5.84705189271421
16:5873-7716	-0.110764803526711	6.96146694523643	-0.980508227249194	0.344958604738986	0.541272342651366	-6.05101635579193
4:113929-114890	-0.110708702573097	6.01606578583714	-0.934018462087943	0.367535856912618	0.557640610488111	-6.09480903474252
16:276635-277774	0.110699824143319	6.37438072611798	1.07827568985333	0.300761049036914	0.50174355099997	-5.95303721646539
2:1051260-1054352	0.110468215436233	10.5144018823235	1.02028494927854	0.326442329822889	0.52629480960759	-6.01210278187307
1:760620-763071	0.110415079485633	7.56605495193742	1.29390088828487	0.218501141421095	0.416493150434433	-5.71039258575557
1:180226-180886	0.109513237006868	7.33994427849581	0.489007219189098	0.633087277603428	0.781004865828528	-6.4150343541531
20:30484-33496	0.109419861368906	8.8399669681098	0.764829427966047	0.458207054582483	0.634995603200921	-6.23823910311862
11:180672-181666	0.108687420751713	6.1824457042086	1.04350645848327	0.315972368735566	0.515713788848157	-5.98877977179096
10:347317-348975	0.107958207972842	6.83938912877227	1.12013978453888	0.283179375711778	0.483240258184638	-5.90871587539998
11:85319-85837	0.107473766317137	4.93325380720597	0.395804835246651	0.698750434632915	0.83094646280671	-6.45789727046313
8:356353-358311	0.107162148876651	7.0525055047518	1.10264471442833	0.290429882766777	0.492285643983494	-5.92740692679922
10:409274-409476	-0.106909013878331	3.80771284426615	-0.396768602967669	0.698057128157766	0.83094646280671	-6.45749897450472
9:705882-707276	0.106641968141321	6.76850133213931	1.31214921804152	0.212455006645261	0.413172167619513	-5.68827924452513
8:661421-665194	-0.106577800372579	8.98687099994428	-0.999691065071538	0.33593691581987	0.533881983480346	-6.03241440334925
16:19257-20279	0.105952890455896	6.84446611533111	0.671573106795929	0.513763137970853	0.67986700964564	-6.30615952539509
2:304717-306265	-0.10537505425763	9.43810969606445	-0.661393126131303	0.520058500399986	0.684765307259832	-6.31307887504607
17:3186-6291	0.104691744115874	7.79134382366345	1.34782639494886	0.20102568572283	0.402051371445661	-5.6443710982831
17:108071-108358	-0.104396517416358	4.537896163004	-0.581859338132956	0.570741539044535	0.730549169977005	-6.36371891031904
12:504845-507441	0.104273533799437	8.07110289387706	1.04502098990068	0.315298172891106	0.515410016366886	-5.98724327623556
10:146214-146603	-0.104001174442209	4.96101286836415	-0.698212737535603	0.497501142984579	0.665857043082022	-6.28758810727565
13:3155-4864	0.103848449007632	6.86310445625877	1.15178343124579	0.270415618827872	0.469669232701041	-5.87430015902246
6:558680-562360	-0.103221649186391	8.45146204006804	-1.43453183316897	0.175337513868726	0.373181971133175	-5.53404996732725
1:843486-843947	-0.102797057096359	5.14985436262876	-0.421954637981986	0.680040722285993	0.819775117276266	-6.44675595598879
6:506258-509193	-0.102781624272568	8.56582549453129	-1.00361526999785	0.33411249094579	0.533881983480346	-6.02857114461216
18:26144-26794	-0.102182510196259	5.78517603679089	-0.552040093990199	0.59040521696407	0.746668154627614	-6.38112427013149
13:72170-72586	-0.101567534888484	4.82642255981016	-0.766227386185787	0.457403804129505	0.634715397057499	-6.23715947819986
8:624229-627058	-0.101490139974684	9.53963774346618	-1.10887374887178	0.287832479307331	0.48866736036743	-5.92077975578644
8:205001-205322	-0.100880913382036	5.4857889767804	-0.772604178653711	0.453751024404975	0.632138630305611	-6.23221200689661
5:319269-323150	-0.100862735305107	9.07734861050041	-1.09244956669215	0.294719137699961	0.497383512567727	-5.93818733020005
5:603436-604994	-0.100817458953335	6.78433092333619	-1.02276608049995	0.325311731617222	0.525273988666341	-6.00963195824363
13:214384-215846	-0.100578272578479	8.95008813929382	-0.834194769722355	0.419428181564792	0.605508924320545	-6.18252138838364
11:232580-232770	-0.100543351995406	3.9831048964472	-0.413778970992953	0.685867320711	0.8230407848532	-6.45031378762963
6:414462-416168	0.0992543917016038	7.80820097697116	0.821045406771949	0.426609414071667	0.61209176801587	-6.19341805974988
4:297610-299695	-0.099240263730656	7.46843707054223	-1.15293087125067	0.269961211651219	0.469669232701041	-5.87303759730586
16:346204-346782	0.0992237029954124	5.137448057897	0.531678392073706	0.60403054482295	0.753077042896145	-6.39250800860864
10:216855-217620	-0.0987351836156343	5.71138506993876	-0.399569829365371	0.696043611753163	0.830259197667343	-6.45633595015501
17:114528-115312	0.0987337887264292	5.70497212238279	0.89079978609833	0.389431577420684	0.579040622372733	-6.1338563006878
8:124210-124503	-0.0981171179469094	4.3284474449427	-0.348057710755871	0.733439547727365	0.848315621467796	-6.47644341474271
6:321212-321506	0.0978360204866231	4.50135752586909	0.369116027451564	0.71805951516985	0.8448271160871	-6.46855099012302
6:426778-428031	0.0977825144544893	6.35977309526563	0.688863505827215	0.503173152690794	0.671745700684549	-6.29418209722401
16:131369-131866	-0.0974016204388137	4.96078498716714	-0.560134329991028	0.585033161530015	0.740761413160306	-6.37648575828136
8:380363-383571	0.096068849828649	8.07597340726466	0.964663652786759	0.352539828298625	0.547473615710806	-6.06614785449753
19:53797-54020	-0.0960405173066139	4.55778886558123	-0.365969037167782	0.72035001048273	0.8448271160871	-6.46975929560841
6:184078-186592	0.0956145909292108	7.77693424713932	1.09213920590858	0.294850453472914	0.497383512567727	-5.93851421107921
3:622363-623125	0.0955293393607155	5.79764012528653	0.566031365002677	0.581135449330494	0.738903391585353	-6.37306594727285
10:0-5626	0.0953735200064258	9.81968662507795	0.816993831055548	0.428838194731809	0.612791791118796	-6.19674421536957
2:757748-758128	-0.0952410172733034	4.99005240749952	-0.595483836544745	0.561874668502972	0.723584938950169	-6.35547760714863
3:838762-847181	-0.0944727926970348	9.46027018973339	-1.19033911027859	0.255466577546829	0.457241874388901	-5.8313234940704
16:235124-240149	0.0940254112122592	8.97732836769388	1.03840135351392	0.318252720643177	0.517155397694075	-5.99394511186796
5:741141-741548	0.0934340409830696	5.01266990384747	0.724700853270721	0.481640054093035	0.653742798357642	-6.26846057389389
7:558642-559708	-0.0934044011712958	6.38730562386363	-0.75605135713385	0.463271056926815	0.63949573348329	-6.24497720816101
7:109798-109995	0.0929935368943049	4.12885416160368	0.529507767589238	0.605492347489425	0.754009338383058	-6.39369744782443
5:396269-397146	0.0929572576798012	5.88152409472447	0.947109076018438	0.361076288114954	0.552603710506364	-6.08266397407443
17:252947-253183	0.0927982342847473	4.17296985143865	0.29794737622464	0.770512036274564	0.869797909548388	-6.49339218819364
15:221444-225239	-0.0925810811720211	9.76366354214284	-0.681120567438811	0.507899505813962	0.674759796835562	-6.29958075936302
8:708663-709051	0.0912942250566386	4.65809515778836	0.452398197671812	0.658534487878393	0.80580813348735	-6.43291369538051
9:695887-698334	-0.0912825737717355	10.3461927978806	-0.910294690264349	0.379446753213249	0.569247995276965	-6.11644356344552
6:387817-388040	0.0912014011083144	3.75905154365475	0.290833740359746	0.775825305162357	0.872493633920606	-6.49558826220007
3:248311-248693	-0.0911985392092847	4.97454620110071	-0.437357179419893	0.66912191147495	0.814163182615527	-6.43986950090749
8:40743-41522	0.0907040369151604	5.89041949154327	0.870986463737302	0.399761437907143	0.58876998386324	-6.15121271067802
5:686321-686702	-0.0896923967314871	4.83119991358056	-0.371325076668547	0.716453380809147	0.8448271160871	-6.46769676532427
2:13362-15282	0.0893733816738358	9.11693726976589	0.479468153223751	0.639672992487202	0.788208494826704	-6.41982233942622
4:901788-905724	0.0881394845496359	8.49773369750521	1.06636194158704	0.305910650182043	0.506213465319078	-5.96539455717114
15:33425-33633	-0.0875537980820082	5.93474583131313	-0.643730033251998	0.531086477439605	0.695815533717398	-6.32485031230198
3:120895-125399	-0.0866995239489423	8.69305417896986	-0.996010827856423	0.337654432821588	0.533881983480346	-6.03600706245773
16:177762-181055	-0.086300438173744	9.66855867698091	-0.679350284033604	0.508983758177561	0.674759796835562	-6.3008071077455
2:1066400-1074072	-0.0860647621367399	10.7758263315365	-0.911728940817687	0.378719184320785	0.569247995276965	-6.11514944138653
16:128723-128976	0.0858490764967437	4.24813144548591	0.303302720932432	0.76651998947421	0.866820416676255	-6.49170440365753
16:389678-391486	0.0847469226064277	6.78959759920717	0.526096474686179	0.60779325747853	0.755983132976829	-6.39555733212893
6:472156-475888	-0.0840568534214245	8.51501471471286	-0.770154822130061	0.4551518900693	0.632421573569975	-6.23411676715863
6:741973-743312	-0.0830455008620641	6.67581769207279	-1.08026508789887	0.299907487601229	0.501111245105851	-5.9509626326236
10:167058-168552	0.0826095838024914	6.78420390485205	0.843336618575275	0.414482746933963	0.602987572726071	-6.1748544070732
2:48654-49194	0.0814283207323028	6.69925019933922	0.964888802037356	0.352431278498245	0.547473615710806	-6.06593432400956
6:424148-424588	-0.081109147550082	4.90516926229534	-0.329214026618738	0.747304746889979	0.856844530636068	-6.4831202067936
5:811813-812255	0.0807876915839314	5.04980378638255	0.419416198564089	0.681847537991308	0.819923488126064	-6.44786786322706
9:52494-52710	-0.0806079110598432	4.17606145831546	-0.291070284649724	0.775648436252694	0.872493633920606	-6.49551607922466
4:35344-36364	-0.0806010496877034	6.11501346657993	-0.645136169291633	0.530203705149338	0.695521879053044	-6.32392411900678
2:982655-986684	0.0803762054919872	9.757620729583	0.715337358170687	0.487211472398538	0.656121331512513	-6.27529715392167
2:690122-691892	0.080077434428091	6.90371569421795	0.656751599862292	0.522943584983852	0.687706632307532	-6.31620101203957
3:499308-500763	0.0800439368014931	6.65643570838584	0.906989840725099	0.381126906364548	0.570879451235408	-6.11941872678364
10:185577-186111	-0.0799660601831755	5.39042156120419	-0.544357091711144	0.595527780619678	0.749200277145252	-6.38546759992271
16:286024-289521	0.079913236572585	9.34864482827225	0.718531247237515	0.485306688987004	0.655605378603017	-6.27297439594361
8:213359-216281	-0.079636643849522	8.05018970925028	-0.71326957959803	0.488447070897164	0.656234232655732	-6.27679586094696
13:17852-20511	-0.079498700429478	7.89523377496936	-0.877902567735037	0.396134845341205	0.58506069465778	-6.14519342535175
2:336940-337257	-0.0791680836108419	5.33131506230243	-0.363102775547248	0.722438631961104	0.8448271160871	-6.47085100019553
2:800244-802964	-0.0784015685733035	9.40516106363316	-0.613955704962068	0.549973288449827	0.713383666905638	-6.34401661574027
1:849994-850155	-0.0764685165411487	3.67883405374365	-0.230912268219848	0.821023367425731	0.894409856109061	-6.51200367448511
3:753407-754397	0.0761329413110596	6.1753286688365	0.62100009828444	0.545471484009165	0.709566410330587	-6.3395590163225
7:620104-623247	0.0755624807573128	9.39576746951007	0.402162964330623	0.694181808224778	0.829248856883897	-6.45525221247243
3:448465-455245	0.0746869462187369	9.15057411319582	0.689984698951914	0.502490930156557	0.671684078791549	-6.29339566890478
9:507671-509593	-0.0741076902551221	7.54165037170637	-0.884339153711375	0.39277975062508	0.58091795050432	-6.13955367351088
8:155037-155206	0.0739869219355214	4.05514308996879	0.389810577036355	0.70306883253128	0.833266764481518	-6.46035329580413
6:95402-95751	-0.073985242300088	4.77766001425327	-0.425918585743065	0.677223371711281	0.818561065113662	-6.4450065946958
11:324735-327399	-0.0730124769931901	7.74498783395264	-0.805386002414517	0.435265581642776	0.616140019054654	-6.20619170497204
10:246782-248952	0.072972044570812	8.06447796387485	0.832588398683531	0.420301175688409	0.605508924320545	-6.18386087970996
7:501324-501808	0.0722667581061085	5.06107319859454	0.358738507518143	0.725623290048295	0.8448271160871	-6.47249712100645
9:59191-59589	0.0721644256378609	5.08200477499947	0.440294914620717	0.667048135336451	0.814163182615527	-6.43852884172984
18:259206-259427	-0.0721240852852842	4.1268901123143	-0.343092931094853	0.737083430957978	0.851597486971144	-6.47823795028038
9:261526-265955	0.0720456041980881	8.42356282044569	0.850201402982191	0.410794622936455	0.599170057763669	-6.16904810052094
11:3591-5361	0.0718243322615466	7.21956990199945	0.790147860030332	0.443797121377655	0.626263124611726	-6.21840860107189
6:83339-86227	-0.0711876993422678	10.4726562831892	-0.6215601878434	0.545114432772786	0.709566410330587	-6.33920254602462
14:301623-302289	0.0711176698028018	5.54723632246247	0.469875755092142	0.646327768974146	0.794554277109078	-6.42454536627168
8:639813-641586	0.0708037525223117	7.58310854987069	0.836229671976982	0.418324015216645	0.605508924320545	-6.18082124442672
9:287481-289541	0.0705053830815272	7.59441349317349	0.949869675514972	0.359724308307596	0.552134984844217	-6.08008406471875
1:119255-119640	0.0695139319731668	4.87152973504081	0.435340699833072	0.670547004118349	0.814163182615527	-6.44078469860127
3:884063-886722	-0.0692692761453984	8.32157241347293	-0.727070294505881	0.480236379082251	0.653291692349668	-6.26671760365744
8:308431-309823	0.0692585757774165	6.96885157038325	0.699025184320354	0.497010052789248	0.665857043082022	-6.28701120473112
18:189253-192477	0.0688585625969544	9.11305690085252	0.732735766667027	0.47689025631297	0.649801433118059	-6.26252886930279
12:32983-33389	-0.0682722243669645	9.15554330609797	-0.240047389243413	0.814085116020227	0.892199936745836	-6.50974230616918
5:0-710	0.0674899620741405	6.84216528839094	0.287094454531868	0.778622969024899	0.874708356691802	-6.49672163538426
9:518041-521614	-0.0666572582223477	9.52698746919721	-0.579158757343067	0.572507922014224	0.731922960831745	-6.3653310070011
6:379593-383340	-0.0653186601433902	9.30243308354025	-0.757954374573331	0.462170261646801	0.63949573348329	-6.24352246297007
18:10633-15835	0.0653131127779982	8.68974414968352	0.670272494319958	0.514564962960344	0.680075845915048	-6.30704903814942
6:461346-462339	-0.0648635326220974	6.4803499901289	-0.635952696629251	0.535984141842381	0.70049412597222	-6.32993889242344
4:623121-624532	0.0648046559673503	7.40808338809247	0.363716555545086	0.721991179700031	0.8448271160871	-6.47061793024009
8:447155-448449	-0.0644210245269177	6.69025450314731	-0.679961392234939	0.508609316841514	0.674759796835562	-6.30038410294679
14:261742-262663	0.0641467171254941	5.98126877648579	0.826955181201001	0.423372028332654	0.608273281522834	-6.18853992624443
11:367069-367965	0.0640828584573905	6.12582976566488	0.532524405988836	0.603461279797414	0.753077042896145	-6.39204315764985
2:935075-936229	0.063806329183338	6.46034774969035	0.543718216278512	0.595954765910996	0.749200277145252	-6.38582615262519
11:524078-524575	0.0636665473834688	5.27848245081909	0.462693398230488	0.6513314519276	0.798502450843855	-6.42802141626298
19:64204-64694	0.0636246665241345	7.13027443635662	0.355198526329339	0.728210370585516	0.845044122349785	-6.47381801058502
2:171230-177767	-0.0635426042232634	10.1416268608683	-0.508509476471475	0.61972443554604	0.769011755507189	-6.40496325050018
7:0-2084	-0.0629629454803151	8.972917034535	-0.428973708506667	0.675055407611797	0.817498291786763	-6.44364747088852
10:417948-418274	0.0619261150618868	4.58100235661438	0.418509886865342	0.682493130741297	0.819923488126064	-6.44826327256402
10:543373-545818	-0.0606807645086969	7.99884628166399	-0.783305122239167	0.447662836711879	0.628632919637958	-6.22382591992713
14:78115-78285	0.060658992826756	4.08500401445114	0.25008631338768	0.806479242878893	0.888136992496861	-6.50715697316145
7:442950-443247	0.0605793841795279	4.34568043083296	0.254473047422413	0.803162062864401	0.887174830946451	-6.50599433191482
6:759311-759817	0.0604797318131043	5.1287667946514	0.341165907640538	0.738499555465399	0.852301126307608	-6.47892766272586
14:268417-268908	0.06001086154071	5.15363586007415	0.331483901423424	0.745629594097622	0.855856392487977	-6.48233526634756
10:24670-25814	0.0594632895232134	6.52424027958234	0.496774993847573	0.627748385960131	0.776232196222364	-6.4110683838027
12:45362-45711	0.0593252534102113	4.64167825293062	0.268476907497762	0.792599428379052	0.884390997022968	-6.50214897883652
13:36-1905	-0.0585877137962569	9.34713479313176	-0.263528658710639	0.796326974746131	0.884900827403304	-6.50353100243505
2:187317-189289	-0.0576879302062174	7.35290343708569	-0.420158313268278	0.681319101896818	0.819923488126064	-6.44754347106498
16:524207-525616	-0.0576346983201219	6.32916924344307	-0.251219362568537	0.805622072032791	0.888136992496861	-6.50685859171929
11:524857-525290	-0.057496065093396	4.8345480981475	-0.256797957199733	0.80140560748629	0.886161593199499	-6.50537003531559
11:419281-421241	-0.0569073569315819	7.14912304689206	-0.476785694791238	0.641530725616735	0.789576277682136	-6.42115237975814
16:78067-80746	0.0568494960634522	7.98108414668596	0.615079519360761	0.549253728038739	0.713383666905638	-6.34330868995134
17:10991-11353	-0.0567205540802833	4.56746792518264	-0.260343914076946	0.798728826464906	0.885055236880316	-6.50440703832203
17:139119-140428	-0.0567031097545128	7.01840614744093	-0.583208498088139	0.569860177454597	0.730306246835018	-6.36291087499951
5:139415-140169	-0.05666746487959	5.76174281739028	-0.361059598428607	0.723928896044649	0.8448271160871	-6.4716240758262
3:559810-560094	0.0550920314756196	4.27948929901828	0.174431087816217	0.864248288743051	0.917232354686092	-6.52405037366689
4:337939-339731	-0.0549434099303818	7.56007169156845	-0.393008019639424	0.700763975345314	0.8324035522662	-6.45904775954084
10:338222-343142	-0.0549047512754353	9.05919237074168	-0.720091958028523	0.484377551591101	0.655605378603017	-6.2718359015623
14:154658-154930	0.0541353566128935	4.12864929138721	0.249984568875736	0.806556227087585	0.888136992496861	-6.50718370160199
15:58334-60716	-0.0539909581550804	7.312366866471	-0.379203766993542	0.710736503108355	0.840467802107976	-6.46460953722816
3:2634-5033	-0.0535898875395775	7.46637335840425	-0.425552567419186	0.677483305785361	0.818561065113662	-6.44516879120448
10:284878-285594	-0.0532738486186535	5.46530282886358	-0.219250602522298	0.829903341612729	0.898252961042642	-6.51476404773595
3:592865-593269	0.0531051458516583	4.81273081056946	0.272200943818067	0.789797582140156	0.88256745686773	-6.50109211153293
6:638725-640834	0.05307637990391	7.42635098623358	0.569389468192182	0.578921970808731	0.73744463350304	-6.3711033065843
15:245175-245621	-0.0528932241612834	5.34308875354322	-0.362193341128933	0.723101815093318	0.8448271160871	-6.47119562991935
12:0-1476	0.0523624874975424	8.32679156195567	0.448659996486658	0.66115878245084	0.808082956328804	-6.43466372235465
2:360938-361271	-0.0519982078105619	4.53634434133209	-0.236270107807067	0.816952069342448	0.893991072772669	-6.51068790327133
3:865970-868956	0.0519786423604502	7.95198718209481	0.606506285144253	0.554756157844122	0.717041006956417	-6.34867839097488
16:470011-472805	-0.0517663566458815	8.59781478246095	-0.533593573490399	0.602742246244138	0.753077042896145	-6.39145468217765
4:186367-187641	0.051709209217881	6.30305416230394	0.276027381410158	0.786921861709885	0.88132951091058	-6.49999119728035
17:408500-411047	-0.0510579709089907	8.89154898469461	-0.435040267877662	0.67075944022302	0.814163182615527	-6.44092070115925
16:496819-497753	-0.0507164654728847	6.01680322060263	-0.273643901385011	0.788712762549562	0.882288853021544	-6.50067873801197
16:138594-141018	0.0500722095165962	8.04602932091117	0.593662191155813	0.563055871790704	0.72422289964797	-6.35658994815934
15:451173-452789	0.0493403577617473	6.78871524347388	0.349260729540292	0.732557604156291	0.848224594286231	-6.47600477309351
13:206905-207210	0.0483985995974976	4.38664833890732	0.148848330588301	0.883986789155746	0.930070319817673	-6.52840753098946
7:248978-249622	-0.0481181460342945	5.48323301916158	-0.291535481019156	0.775300637645714	0.872493633920606	-6.4953739527336
4:349106-351492	-0.0481011763002552	8.43789859705276	-0.297350706087818	0.770957238008798	0.869797909548388	-6.49357839883924
6:681510-681921	0.0475569688701736	4.864763079522	0.213833789273697	0.834036445062802	0.899634817146393	-6.51599796090852
11:393125-394225	0.0470270165497073	6.37331524585213	0.384769957552246	0.706708543861643	0.83664150484069	-6.46239026708966
15:381299-381534	-0.0469086825134601	4.40621642770735	-0.263952597986212	0.796007413148533	0.884900827403304	-6.50341359386195
1:976754-977897	0.0464847178957317	6.34003426025227	0.357516174200032	0.726516198169133	0.844935137958815	-6.47295466675732
6:8527-8723	-0.04619236780138	4.27734561259352	-0.218856994065028	0.830203494296987	0.898252961042642	-6.51485474120559
19:112356-113195	-0.0460550709700298	6.88454544950486	-0.312025638632288	0.760032538375089	0.862412816153887	-6.48889188187638
1:187891-191149	0.0451400254798724	8.30206261258207	0.462937892888361	0.651160830007211	0.798502450843855	-6.42790393859687
11:440785-443297	0.0441115957238232	8.8345309183233	0.422607696029814	0.679576219449217	0.819775117276266	-6.44646884354545
2:532797-533461	-0.0438934389147887	5.59958701093345	-0.215862177754598	0.8324881473785	0.899634817146393	-6.51553949612284
8:54876-55333	-0.0435859821137363	6.94694569346609	-0.364723128109378	0.721257608152754	0.8448271160871	-6.47023487128517
6:792837-793602	0.0432532252043769	5.76194591038486	0.281282555794204	0.782977698326692	0.878665727346426	-6.49845447628766
11:520224-522095	-0.0431443356993304	6.93903972678456	-0.36437656279918	0.721510146176316	0.8448271160871	-6.47036687638901
8:324976-327557	-0.0417013271899478	9.48479002251032	-0.436450626579294	0.669762428481219	0.814163182615527	-6.44028145587281
9:209646-209856	-0.0402164839222836	4.27188363535572	-0.261639455705006	0.797751503492373	0.884900827403304	-6.50405194156889
16:269523-269742	-0.0398568679907862	4.39436036615244	-0.318374475786727	0.755322584032877	0.862292593231047	-6.48679546780123
4:518851-521429	0.0385539095284653	7.5161543687821	0.306815481804454	0.763905223026043	0.865540681883586	-6.49058123487131
2:237579-240391	0.0381481220608686	8.28737479391971	0.222267785908348	0.827603465460346	0.89727850054017	-6.51406347144937
10:285739-287681	0.0380558233286248	7.05415781993449	0.435408042636218	0.670499389920699	0.814163182615527	-6.44075420068529
16:267991-269401	-0.0379549075403229	6.69826227692862	-0.311746075137148	0.760240166612016	0.862412816153887	-6.48898323939777
3:660972-662266	0.0378404561481611	6.546030142548	0.408109929772416	0.689919859836541	0.826964099872176	-6.45274102868801
16:387830-388604	-0.0376932711981803	5.73544957023673	-0.224510313094523	0.825895149576596	0.8963466371561	-6.51353661248575
9:608253-608631	0.0375232883624408	4.87068203080355	0.143925943281101	0.887794396189597	0.930070319817673	-6.5291670766564
2:993926-995444	0.0371575654003946	6.92460062121856	0.320481430256407	0.753761755758367	0.862292593231047	-6.48609055886323
9:5554-7389	0.0370378624502541	7.43271148494604	0.462010862015528	0.651807871806253	0.798502450843855	-6.42834905182394
2:747175-747588	0.0367596027671606	5.0108404437099	0.256834513576954	0.801377998315845	0.886161593199499	-6.50536017414257
4:583776-586074	0.0363762317771457	9.41721756958373	0.360419501467802	0.724396015275969	0.8448271160871	-6.47186538993817
6:264234-265576	0.0360301719104603	6.94224391361874	0.358918359551985	0.725491944302136	0.8448271160871	-6.47242966938026
18:0-3583	0.0357093750234831	9.18422850891551	0.331480012223546	0.745632463152404	0.855856392487977	-6.48233661579625
7:519331-522621	-0.0353027675373401	9.48950550489153	-0.405713353523812	0.691636073439746	0.827143480806763	-6.45375733406196
14:77595-77801	-0.0351252466254479	4.2627657450667	-0.181138409167505	0.859088313797947	0.91451336630104	-6.5227944366421
13:467080-467992	0.0350277662870075	5.95435562008305	0.26780612215866	0.793104426307529	0.884390997022968	-6.50233781550996
13:520298-520947	-0.0350124073239311	5.41832720766645	-0.209695376851774	0.837197584603151	0.901203516147734	-6.51692001376582
4:28726-30230	-0.0343395383553604	6.72118078212026	-0.334874255082713	0.743130045351147	0.854842405109816	-6.48115298668133
13:527392-527733	-0.0341224167355154	4.65127024152326	-0.186677978397194	0.854831764709389	0.912272770397345	-6.52172162086324
6:87841-93243	-0.0340285034452759	10.1588418397292	-0.406710933681345	0.690921479376442	0.827143480806763	-6.45333500302701
14:239100-241026	0.0340269297357274	7.37039430970874	0.335568349926901	0.742618694645936	0.854842405109816	-6.48090948538539
6:760117-760965	0.0336437010347739	6.03261911864831	0.319364972107032	0.754588686135804	0.862292593231047	-6.48646465421369
9:32234-34488	-0.0334652066272749	8.78239858999775	-0.355310574769586	0.728128430209897	0.845044122349785	-6.47377639816579
16:129356-129631	0.0333321985047972	4.27204152771947	0.146355039414039	0.885915052045078	0.930070319817673	-6.52879543775259
4:389551-389611	-0.0328458612902356	3.13946488542552	-0.124883181930044	0.902550990956728	0.935649279464705	-6.53186563758652
1:1001333-1001499	0.0326439645776619	3.86096797883594	0.163968903895376	0.872309776851995	0.923930917107028	-6.52591524563131
4:690092-690347	0.0323610370403742	4.4093765056977	0.1651499009939	0.871399013650576	0.92389293013555	-6.52571048231568
7:507255-507749	-0.0310301483730049	5.1235640893591	-0.147960033674846	0.884673693072486	0.930070319817673	-6.52854648119286
8:304954-305295	0.0308884915088798	7.27488030138145	0.135412130783527	0.89438687290869	0.933273258687328	-6.53042069476008
6:501677-504338	0.0304504018416081	7.55252370227789	0.320486105190278	0.753758293825602	0.862292593231047	-6.48608898971726
9:402284-404739	-0.0304359999316297	9.80575454035302	-0.275895959903487	0.787020576504428	0.88132951091058	-6.50002926070186
10:40280-43106	0.0304049724718105	8.18408540699087	0.337133373446902	0.741466184216346	0.854790710188276	-6.48035862914435
3:597722-598339	-0.0302399657380334	5.32376199431109	-0.144043880801944	0.887703133808638	0.930070319817673	-6.52914917602177
10:287765-288004	0.0283682870088207	4.27076808202568	0.152685569607643	0.881020651787742	0.930070319817673	-6.52779777593726
3:888476-889009	0.0281508490693527	5.30284277268236	0.212650322275079	0.834940135891996	0.899690595410151	-6.51626346808203
5:363459-364181	0.027956841774996	5.91067170545459	0.303092733124692	0.766676391264794	0.866820416676255	-6.49177114138288
1:919262-919848	-0.0278003792749022	5.55557668631805	-0.19057817605528	0.851837721242386	0.911388686557203	-6.52094701530577
4:416439-418019	-0.0277998508384272	7.06203446025224	-0.23309119628563	0.819366991111423	0.894409856109061	-6.51147218583623
10:175298-176479	-0.0276874966205707	6.54184403741783	-0.31717110398838	0.756214542802519	0.862378571489698	-6.48719601864378
17:6981-7551	0.0275679369758643	5.21935551885863	0.18612595724224	0.855255722247511	0.912272770397345	-6.52182996932449
8:562618-563002	0.027242063522813	4.73416745631758	0.128699643063768	0.899590331007723	0.935649279464705	-6.5313553552336
1:663202-664374	-0.0270089290419779	6.3793247616385	-0.178344399860588	0.861236953944922	0.914955959120561	-6.52332334015063
8:360135-360250	0.0269443046830795	3.57115914698751	0.140419904726526	0.890508193633909	0.931572063594604	-6.52969255013734
14:298503-298785	-0.0266039470192103	4.36584760065478	-0.123335386907752	0.903752144937499	0.935649279464705	-6.53206821960678
11:556479-557415	-0.0262888049291483	6.14330981326984	-0.202950339185703	0.842356096980045	0.903991908954195	-6.51838447711135
2:845174-849116	0.0257297421226976	8.1413529721025	0.311627864782763	0.760327965756883	0.862412816153887	-6.48902184466683
2:369097-369816	-0.0256208523488395	6.94089887876597	-0.124377239265416	0.902943596377013	0.935649279464705	-6.53193213478707
7:244890-245686	0.0255774755128479	5.94037844800889	0.203051496265183	0.842278676750366	0.903991908954195	-6.51836286544469
14:399106-402102	0.0253830926627145	8.36477043236717	0.264229757076808	0.79579851384893	0.884900827403304	-6.50333673467502
1:238622-240712	0.0244000248961518	7.26198453282997	0.239852665471543	0.814232843379842	0.892199936745836	-6.50979141625599
4:785643-788022	0.0242347061079657	7.46937069279821	0.313860694366932	0.758670147609258	0.862412816153887	-6.48829020928902
7:612198-615974	0.0239365231732602	9.86019869646635	0.160541725341269	0.874953823238119	0.925802843025505	-6.52650117078761
11:172125-173245	-0.0238524582653969	6.60362339832632	-0.228952787882051	0.822513688521497	0.894409856109061	-6.51247740796491
4:340041-341459	0.0235076091035049	7.18861630395458	0.261963204500114	0.797507331204128	0.884900827403304	-6.50396293252415
1:892301-893060	0.0234122558005945	6.2838030450279	0.155004160054523	0.879229313662737	0.929395550778629	-6.52742184747001
4:897898-901435	0.0224255489736205	9.16619675720052	0.230680938992291	0.821199271831011	0.894409856109061	-6.51205981016871
10:147236-147796	0.0224143602475104	5.45647366354638	0.214469197159658	0.833551351305959	0.899634817146393	-6.51585480555721
16:84844-85534	0.0221898786305026	5.80861851079417	0.23965118563781	0.814385704025642	0.892199936745836	-6.50984218867781
2:166699-168165	-0.0216628292245469	8.11609698500625	-0.239539559788402	0.814470396802069	0.892199936745836	-6.50987029991601
7:412485-412845	0.0214148478254339	4.64912621066068	0.100439370100258	0.921547618773474	0.949418815048574	-6.53477043034612
11:414792-416706	-0.021256479586345	7.38428963957474	-0.227967135395337	0.823263617554931	0.894409856109061	-6.51271419063666
7:512722-518680	-0.0210241554116841	10.8078451053171	-0.207362444832639	0.838980905178432	0.902203498847682	-6.51743191241528
8:83354-85077	0.0202748467984915	6.94783091068857	0.178909598943555	0.860802212873041	0.914955959120561	-6.52321700842999
20:76558-83105	-0.0201770345451706	11.9048642111007	-0.191606822677078	0.851048462272184	0.911388686557203	-6.52074006532344
11:376289-379204	0.0201091396362933	7.85388214673501	0.229864493254245	0.821820183510115	0.894409856109061	-6.51225748765356
12:514686-516298	0.0200703255083274	7.1949177043073	0.137306658498821	0.892919162708373	0.932663339090051	-6.53014832483178
18:163378-168660	0.0189692113771649	10.3164676629095	0.197777333156201	0.846317498422767	0.907321094755778	-6.51947539657065
1:430327-434540	-0.0182100463061534	9.0092504024183	-0.150529780613956	0.882686822330039	0.930070319817673	-6.52814224416256
7:649697-652035	0.0179697449989149	8.01369111272188	0.248109698068902	0.80797520892544	0.888772729817983	-6.50767430536231
1:648533-651858	-0.0178538702977065	8.24862486766888	-0.232405820014391	0.819887903114445	0.894409856109061	-6.51163989776149
5:2047-3517	-0.0177161197211246	6.73266067877139	-0.144150367818091	0.887620733487488	0.930070319817673	-6.52913300079769
5:5130-7684	0.0170385597131819	7.48034061573102	0.184494573104217	0.856508914095143	0.912687601699768	-6.52214830565261
3:215003-215407	0.0162097209736674	5.06403616289328	0.11019786720293	0.913957047891097	0.942518205637694	-6.53368620590295
5:488105-488600	0.0158702099906556	5.28912299540573	0.124430544950667	0.90290223055116	0.935649279464705	-6.5319251413902
16:15374-18039	-0.0156951962286396	8.92440543305179	-0.123616473139962	0.903533991772685	0.935649279464705	-6.5320316171287
9:149937-150826	-0.0154145857728363	5.99411439103282	-0.0727772688233376	0.943105379712353	0.967723300772232	-6.53729852902581
5:698367-698848	0.0154039368879602	4.98290981928509	0.0705887393648497	0.944813184750162	0.967723300772232	-6.53746410828592
11:183715-183900	0.0153165723553976	3.98956974398204	0.065747799454853	0.948591778775502	0.970652052700514	-6.53781241842019
5:535162-539010	-0.0152464561505088	8.94979466860981	-0.139794772758118	0.890992219915293	0.931572063594604	-6.5297848859168
14:247570-250739	0.015081071268515	8.11650756105719	0.186642549203816	0.854858973260568	0.912272770397345	-6.52172858434364
7:123473-125021	-0.0150779375363053	7.16901861117263	-0.145351896338149	0.886691077742507	0.930070319817673	-6.52894966475137
15:400268-401624	0.0142206551014521	6.70218873034556	0.120248000414754	0.906148821010379	0.936294672198591	-6.53246478192622
9:5-4513	-0.013359848833213	9.40572201931136	-0.131731946023358	0.897239103567701	0.935325264923487	-6.53093899828836
17:43604-43839	0.0131949338579904	4.22977755212894	0.0477001923075512	0.962689494495309	0.982222324818403	-6.53889307407356
4:770182-772862	-0.0128621941303244	7.66607281315881	-0.116134201434669	0.90934376530952	0.938677435158215	-6.5329775965043
2:761106-766669	0.0126529529744666	9.02785184372067	0.125969248941254	0.901708306354051	0.935649279464705	-6.53172198389286
4:634794-637212	-0.0120666264290747	9.76498697856304	-0.121265972454166	0.905358482711002	0.936294672198591	-6.53233513577694
1:313796-316438	0.0115598688568053	8.3559933234024	0.0742035865132698	0.941992518966209	0.96764990275128	-6.53718789840406
3:791626-791973	-0.0109363547410979	4.72513451120943	-0.071371642984876	0.944202217775742	0.967723300772232	-6.53740545581588
11:545006-548999	0.00948568377994619	8.18738169452259	0.0905123033230536	0.929277531995233	0.956449389655912	-6.53577046185875
6:145029-146136	0.00929993635947923	6.26279892925788	0.0610341432221492	0.952272267845225	0.973474844960849	-6.53812781804297
1:632535-634728	-0.00840378494155036	7.52316107568762	-0.0770067143279652	0.939805796963426	0.966343643226269	-6.53696422638451
3:214612-214709	-0.00755054966720259	3.45270584603509	-0.0254888168384676	0.980057138189437	0.989835818633285	-6.53975120907806
4:594765-595724	0.00729422047930761	6.13387380474283	0.0437226071178636	0.965798479451379	0.983889398410777	-6.53908502336566
11:324291-324514	0.00672337129797551	4.2983909106816	0.0244931570851522	0.980835987141459	0.989835818633285	-6.53977748074182
16:134546-134766	0.00586472672384186	4.03870131088001	0.0263555060791906	0.979379192972544	0.989835818633285	-6.5397274884492
3:395701-398612	-0.00532763803212255	8.85900546944425	-0.0520471911442491	0.959292494962157	0.979702973578373	-6.53866420359239
13:471528-471893	-0.00521049802820173	4.42089732036106	-0.0225742953170595	0.982337062431518	0.989835818633285	-6.5398251600584
2:714953-716235	0.00503576380041348	6.51425248259871	0.0281638600277622	0.9779647093063	0.989835818633285	-6.53967544173167
5:210005-211469	-0.00478402159775193	6.58986908345887	-0.0303186513958961	0.976279346157324	0.989835818633285	-6.53960891648833
9:503926-505138	-0.00443956767655074	7.68988732564153	-0.0398492474156147	0.968826559551253	0.985627020121506	-6.53925589589376
11:20388-23627	0.00423137536479068	10.529736273562	0.0432257948944727	0.966186842946947	0.983889398410777	-6.53910782539027
4:723945-727695	-0.00351709634946218	8.27123009674208	-0.033983059347454	0.973413518268048	0.989340399702656	-6.53948452939169
3:657870-658242	0.0033865517547147	4.77164739408895	0.0241783237484999	0.981082267956387	0.989835818633285	-6.5397855702034
4:548809-551441	-0.00267676762084612	8.01081434428709	-0.0233252815411981	0.981749576906756	0.989835818633285	-6.53980696274577
6:351150-351463	0.00236752056671907	4.78302566581506	0.0120325571422894	0.990584679099116	0.995318719796668	-6.54001775630745
3:461019-462630	-0.00228528798963001	7.23405674065765	-0.0226683246502005	0.982263504066028	0.989835818633285	-6.53982291422142
1:531359-531705	0.00195157318545114	4.46778042988175	0.00957376797790719	0.992508578436607	0.995419032942851	-6.54004580308121
4:134831-136661	0.00184993154073432	6.64050967618151	0.00813165663385424	0.993636993561274	0.995522452752092	-6.54005928299801
13:39603-41323	0.00169372321834782	7.01334854461544	0.0146338381822321	0.988549352901643	0.995145964408136	-6.53998113530843
4:612173-615624	-0.00108471184431558	8.35338094154609	-0.0120052615202752	0.990606036464297	0.995318719796668	-6.54001810269945
4:79028-80504	-0.000976593978952778	6.76266618047293	-0.00946825644788897	0.9925911379629	0.995419032942851	-6.54004686378643
9:55598-56968	0.000341768143003129	6.63419657557175	0.00330101878111124	0.997416933214963	0.998362352109006	-6.54008843952694
5:373676-376834	9.01614746187107e-05	10.2824345881433	0.00101692667127293	0.999204247435161	0.999204247435161	-6.54009364638041
