logFC	AveExpr	t	P.Value	adj.P.Val	B
18:336123-336132	-1.2739684413731	2.6261103050972	-2.69655487703802	0.0184863892917972	0.60573769635413	-4.01069809612566
4:110013-110145	-1.13391448177673	3.64181494153305	-2.51349988145901	0.0261229956635544	0.60573769635413	-4.08017686272822
9:410579-410617	-0.976163568912762	2.65354827342054	-3.72468897279905	0.00260078568742409	0.60573769635413	-3.65509060146389
4:403439-403554	-0.798988782622894	3.43458548421606	-3.46338451293678	0.0042730691124412	0.60573769635413	-3.73865068162644
4:330173-330188	0.769762979252074	2.30854189817172	0.810015633945428	0.432694663428184	0.888960242373856	-4.6662555799718
5:254347-254584	0.748296081249408	4.13142379031449	4.38878103250027	0.000754808779289736	0.60573769635413	-3.46596959987758
5:686321-686702	-0.731536639922642	4.83119991358056	-2.4728006362725	0.0281965108744601	0.60573769635413	-4.09576725513257
16:423801-424103	-0.696679922818657	4.46587822731353	-2.26926500504998	0.0411675564740569	0.616420047581515	-4.1741964989804
16:144935-144996	-0.692219075231656	3.14389930709352	-1.81580158972685	0.0928255226114973	0.690512602489654	-4.34781910295908
11:367968-368022	0.684222244014629	3.24198370444354	1.91628629552392	0.0778691343564454	0.690512602489654	-4.30989651065297
6:756255-756444	-0.649498653399091	3.83173314205682	-1.77599410084807	0.0994331637757641	0.697837038388779	-4.36268918950917
5:211846-212056	-0.637127616356444	3.96875596521212	-1.92082836700144	0.0772479174402911	0.690512602489654	-4.30817102754084
7:300852-301425	0.594617461117048	5.54118896848533	1.83155924270992	0.0903207058462923	0.690512602489654	-4.34190691060696
14:516869-517211	-0.584573494338248	4.54146586957795	-2.87654236039476	0.0131237693219053	0.60573769635413	-3.94374055962721
3:592865-593269	-0.577286493025098	4.81273081056946	-2.41601033377349	0.0313564037236077	0.60954827710245	-4.1175861237143
20:88989-89490	-0.574886601015872	4.95058837353745	-3.4602564644449	0.00429863654537323	0.60573769635413	-3.73968164742044
16:195393-195729	0.566329576388648	5.79968573047912	2.73182961935752	0.017288737868947	0.60573769635413	-3.99745656302923
13:421521-421889	-0.554086148782486	4.80708542734678	-2.67449501014053	0.0192762164890686	0.60573769635413	-4.01900564963281
8:469213-469550	-0.547226681212658	4.61747573370334	-1.80691049169215	0.0942662220376414	0.690512602489654	-4.35114868779384
5:0-710	0.540505265340919	6.84216528839094	1.87732696936049	0.0833872411219329	0.690512602489654	-4.32465912810547
11:96064-96240	-0.539678175229521	4.30695014838948	-3.3441227985464	0.00536578857820149	0.60573769635413	-3.77845836024773
13:235158-235200	0.535020337601465	2.97373541682688	1.15243706207694	0.270156697151134	0.844622114297198	-4.57546524530065
11:85319-85837	-0.520285393522595	4.93325380720597	-1.56449662617637	0.142015839906362	0.741452058043256	-4.43973693340809
12:45362-45711	-0.517274113037137	4.64167825293062	-1.91135980979407	0.0785480702122684	0.690512602489654	-4.31176703278421
1:667413-667613	-0.511967736503043	3.74399690359993	-0.569720641753595	0.578703919802875	0.914544252691829	-4.71398581298632
15:134765-135024	-0.507531446586745	4.67979588875905	-2.35075615955563	0.0354066252894305	0.616420047581515	-4.14272925032392
10:87992-88712	-0.502008307418513	5.65912064291087	-2.74536226989078	0.0168497388307965	0.60573769635413	-3.9923910949836
10:360899-361102	-0.497697929858706	4.10311612618644	-1.50791722860179	0.155792739449142	0.757697506122244	-4.45965914638878
7:150433-150481	0.491566304989882	2.82191455506869	0.618145438455002	0.547293318008949	0.90444717342324	-4.70555697280848
13:206905-207210	-0.484580054818757	4.38664833890732	-1.21683327645656	0.245572389556222	0.819747750859741	-4.55588329037072
15:80914-81114	-0.478535585207156	4.23221407120309	-1.61518187975445	0.130576553742572	0.741395592571564	-4.42161795540159
10:97527-97872	0.478519799823303	6.69444166941232	3.20036658384226	0.0070641819594507	0.60573769635413	-3.82777290886394
15:373168-373660	-0.472248340333414	5.13455081007401	-3.98103009405781	0.00160537714433441	0.60573769635413	-3.57813307137862
16:261488-261636	0.464736238410081	3.58579003757266	0.825018776015492	0.424431016891561	0.888960242373856	-4.66280435474077
10:0-5626	0.462549419565427	9.81968662507795	3.23521744982264	0.00660837606551864	0.60573769635413	-3.81568752662074
2:1-943	0.462403975439194	8.06769739500105	1.13702732368369	0.276311724955951	0.844622114297198	-4.58004549299873
1:590073-590345	-0.458014873611878	4.25661123776008	-1.58703418465415	0.136826704896465	0.741452058043256	-4.43171049514358
1:1092931-1096037	0.455115664638244	10.2899558798267	2.83106138543511	0.0143131539486687	0.60573769635413	-3.96051123619824
16:422768-422984	-0.449405814249261	4.20959986298635	-1.81970723703093	0.0921989326982815	0.690512602489654	-4.34635504116803
11:183715-183900	-0.448396230430936	3.98956974398204	-1.57157806400753	0.14036742521385	0.741452058043256	-4.43722034276367
7:271662-272132	-0.447256251352375	5.32896442824161	-1.00986274692084	0.331222727019729	0.845603892654913	-4.61617116743763
2:402714-403565	0.44484008802822	6.60486492831438	2.80412999336817	0.0150668862268338	0.60573769635413	-3.97049149291595
14:309290-309524	-0.442828049090118	4.05108891276443	-0.568472357425439	0.579526039666039	0.914544252691829	-4.71419480616841
13:82690-82992	-0.440033112517064	4.41189158280149	-1.32556012966619	0.208098447827722	0.796333187431793	-4.5213132590505
15:510588-511330	0.438425966496112	7.38242589962331	1.46555749389414	0.166836626743507	0.759394301039413	-4.47434622124379
5:699142-699334	0.437027045085573	3.567218179707	1.03524938151466	0.319666662635651	0.845603892654913	-4.60920653770314
4:396190-396408	-0.436773555378266	4.15910515558609	-1.31701594439052	0.210865582760158	0.796333187431793	-4.52409414124849
14:269114-269555	-0.434976007716396	5.05615115563431	-1.92345381093461	0.0768909004201192	0.690512602489654	-4.307173254091
4:505548-505785	-0.434679656896549	4.36852829212986	-2.03417295342607	0.0631413018259458	0.661257024764729	-4.26486697630415
3:564211-564615	-0.433049929281261	4.53905253232043	-1.08519532452752	0.297799945563729	0.845603892654913	-4.59513817816352
2:115109-115820	-0.432432148287592	5.69618203163203	-1.73653789323975	0.106393715133138	0.697837038388779	-4.37732760653865
12:0-1476	0.430027245644997	8.32679156195567	3.00848203082357	0.0101990221504002	0.60573769635413	-3.89572733520738
5:352961-353221	0.429047520650798	4.40190886739647	1.13003134101216	0.279141210122843	0.844622114297198	-4.58211103391682
18:92765-93150	-0.428632470426959	4.72417906367238	-1.24926847693591	0.233872306343378	0.819049645365927	-4.54576126625861
4:138384-138751	-0.42683225107374	4.76138133118427	-1.72252207286266	0.108968502256141	0.69858055501211	-4.38250158728198
1:852226-852472	-0.426395732137306	4.40873250026102	-2.14031605134028	0.0521282017829992	0.627543242193536	-4.22400682707933
3:0-1071	0.424503703135505	7.99965618296373	1.14433879932729	0.273378102149996	0.844622114297198	-4.57787751495137
13:218333-218550	-0.417199959325864	4.48745693753616	-2.34567133384287	0.0357423997809183	0.616420047581515	-4.14469099089692
1:0-1529	0.416959679555948	7.66165548690923	2.02245840610703	0.0644807854484002	0.661257024764729	-4.26936149862436
6:734798-735031	-0.41671306970384	4.26214510897912	-1.09944043444026	0.291772877119536	0.845603892654913	-4.59103922623186
9:60372-60588	-0.415382578972305	4.2100537791389	-0.451173762995103	0.659393549663326	0.940002629558001	-4.73192830791124
7:0-2084	0.413755252288993	8.972917034535	2.30167250112005	0.0387772708813384	0.616420047581515	-4.16167673310356
5:436564-436656	0.413229316017653	3.01726596640981	0.760341358849832	0.460791831567539	0.893013505132876	-4.67730263700468
10:461452-462575	-0.411736439300776	7.40633744682534	-2.38492133969158	0.0332274126165269	0.60954827710245	-4.12955690667382
13:36-1905	0.408499414451335	9.34713479313176	1.500261999528	0.157741434011088	0.757697506122244	-4.46232836145746
11:83981-84395	-0.407283556078182	4.88872994902462	-1.38114726884038	0.190809625389586	0.776782073127063	-4.50297175144632
2:996721-998069	0.395383907474828	8.28318444999899	2.58138736416954	0.0229880568471274	0.60573769635413	-4.05427572447404
19:44788-45121	-0.395150844271202	4.64044001029546	-1.61033396408755	0.131635043166616	0.741452058043256	-4.42336145175084
2:1810-5629	0.393115810918708	9.56966054967786	2.24471975049775	0.0430701480147863	0.616420047581515	-4.18368131816675
11:374445-374453	-0.391201068191607	2.36889146774833	-1.92646390744467	0.0764834289953666	0.690512602489654	-4.30602894446445
13:493866-494168	-0.390870856457553	4.40711474823811	-1.55778476769887	0.143593559702802	0.741452058043256	-4.44211756668107
13:409968-410071	0.388629462987541	3.26400947094619	1.0761049126489	0.30169449908316	0.845603892654913	-4.59773408688382
4:695648-698998	0.388248241918467	9.1944021418453	2.37168226162061	0.0340562010881104	0.60954827710245	-4.1346593005272
14:298503-298785	-0.387301882911403	4.36584760065478	-1.46603927483897	0.166707401070258	0.759394301039413	-4.47418033477383
6:304574-304833	0.385069443322783	4.25681727901592	1.57569393388375	0.139416923909573	0.741452058043256	-4.435755376919
2:168655-168890	0.384075166776056	4.45637062953576	2.52933723310586	0.0253565946402146	0.60573769635413	-4.07412212381863
17:114528-115312	-0.382240114192975	5.70497212238279	-2.81582029070749	0.0147350253042684	0.60573769635413	-3.96615487019264
16:345708-346053	0.378312040085542	4.49453695859311	1.76624296168218	0.101114543007376	0.697837038388779	-4.36631658901176
14:310538-310706	-0.377705811252452	3.78449714752452	-0.970583487778209	0.34969361385925	0.854395435515901	-4.62669134990761
4:413550-414143	-0.373224673355507	5.70574058242812	-1.19428741996675	0.253972683287469	0.820168665295312	-4.56281854673803
2:534788-535082	-0.373123067372844	5.60705442196045	-1.39391460771671	0.187010217910129	0.776782073127063	-4.49870001476116
1:747605-747992	-0.372938130179049	4.82873533511821	-1.30423015504357	0.215061988733174	0.796333187431793	-4.5282358092813
14:303414-303482	-0.372133503748221	3.454349445213	-1.17985700712676	0.259465793484136	0.830290539149235	-4.56721299282054
3:926234-927254	-0.37062437645234	5.95156416179744	-1.54412193702283	0.146851733517569	0.741452058043256	-4.44694953888258
4:809848-810090	-0.370581155946759	4.37902037711966	-1.85145888713417	0.0872445213494977	0.690512602489654	-4.33442105143438
2:908873-909329	-0.369905129829371	5.09824111430892	-1.85040593055566	0.0874048932263061	0.690512602489654	-4.33481768403141
16:479659-479676	0.369775283406071	2.19228107313429	0.946812877581819	0.361221560577505	0.861060875778433	-4.63290302472771
2:757139-757388	-0.365005696185099	4.32397418038439	-1.4963739386529	0.158739060307275	0.757697506122244	-4.46368155683579
14:502800-502858	-0.364967358244539	2.49877908520496	-0.28926586534362	0.776997965727703	0.964171388729088	-4.74998608646665
16:225146-227374	0.362177301924708	8.59696462085971	2.90723260358823	0.0123768886101035	0.60573769635413	-3.93248550234055
9:209646-209856	0.360129614101691	4.27188363535572	1.91298843729455	0.0783230292960199	0.690512602489654	-4.31114877993095
2:882774-884499	-0.359989448983175	6.98452133089569	-3.09639666177273	0.0086197645618204	0.60573769635413	-3.86430354068171
3:305320-307187	0.356555792571841	8.90303946753248	1.89333733659851	0.0810779600953078	0.690512602489654	-4.31860082079553
5:698367-698848	0.35651764864775	4.98290981928509	1.33394861170134	0.205410491995652	0.796333187431793	-4.51857290631714
4:386702-387373	-0.354968903961685	5.38677928654355	-1.03017150223768	0.321954217331732	0.845603892654913	-4.61060981806981
11:556479-557415	0.35409160689163	6.14330981326984	2.2319730213635	0.0440906948165503	0.616420047581515	-4.18860713149687
3:248311-248693	-0.353468652436374	4.97454620110071	-1.38405596930871	0.189938476850426	0.776782073127063	-4.50200043769986
12:313892-334251	0.352300133775287	12.6680144930996	3.09336567419522	0.00866991878707692	0.60573769635413	-3.86537894782141
8:154850-154946	0.351512345393514	3.45130171679206	1.47493342490068	0.164336864463971	0.757697506122244	-4.47111303955416
7:492961-493238	-0.349706385856091	4.3668157230772	-2.47558330263715	0.0280498282198541	0.60573769635413	-4.09469999071784
16:417731-419294	-0.348418873064444	8.56090840542345	-1.43825632483588	0.174298250868238	0.772798800639993	-4.48370142778909
11:486774-486784	0.347543435681195	2.30909036464968	0.295437695485239	0.772385188515039	0.964171388729088	-4.74943831746902
1:980681-986077	0.34608655834319	11.4746304961934	2.42260259212074	0.0309728539492937	0.60954827710245	-4.11504997992461
1:142576-142851	-0.345899793801154	4.39954131727512	-1.29731433051752	0.217359762768829	0.796333187431793	-4.53046605811154
11:363873-364743	-0.344723745809694	5.84455650853115	-2.43734092514147	0.0301315698902602	0.60954827710245	-4.10938296346374
12:539849-542657	0.344689123302391	9.88084586253882	2.5456543108126	0.024589740256823	0.60573769635413	-4.06789155168213
8:675953-681471	0.344637787835847	10.467746912855	3.29878395253713	0.00585167663821228	0.60573769635413	-3.79385736800312
12:470316-470693	0.344194672209315	4.77895984200856	0.869053632511377	0.400778943436212	0.880865749163263	-4.65237520884696
13:69309-69798	-0.343841739565036	4.96013569766386	-1.31039270324785	0.213031041418307	0.796333187431793	-4.52624256297968
2:592067-593378	-0.343455456733269	6.46476503672521	-2.2720628455337	0.0409558091737944	0.616420047581515	-4.17311544292755
13:210632-212290	0.343253673855435	7.34484109731018	2.52259570021544	0.0256801360478007	0.60573769635413	-4.07669859820233
16:128723-128976	-0.342423413480271	4.24813144548591	-0.987776071718388	0.341520345507581	0.854395435515901	-4.62212542264942
11:543276-543638	-0.341853719635834	4.56238012527998	-1.27756924118223	0.224028917841282	0.807421628806804	-4.53679436758219
1:843486-843947	-0.339605646145554	5.14985436262876	-1.13818892551215	0.275844048718069	0.844622114297198	-4.57970169067157
5:629861-630900	0.339289467353852	6.43952113684553	2.75320976194269	0.0166001932134847	0.60573769635413	-3.98945744286057
17:108071-108358	0.339139014225672	4.537896163004	1.54334891640605	0.14703795355596	0.741452058043256	-4.44722235160115
1:746000-746217	-0.338984829362738	4.10428799102764	-1.34293300359007	0.202562994475106	0.795191532214544	-4.5156268548009
6:467358-468362	-0.336976311427706	6.1429032538321	-2.27953310808419	0.0403954867134882	0.616420047581515	-4.17022915269416
5:768761-776578	0.336915012874432	11.0486089771053	2.90727299788443	0.0123759338126952	0.60573769635413	-3.93247072211583
9:542355-542685	-0.335989073344781	4.73419981845367	-1.7712214005849	0.100252973182454	0.697837038388779	-4.36446539458339
11:305085-308153	0.334478068042188	9.10427901877006	2.75347680472594	0.016591765509289	0.60573769635413	-3.98935766274625
7:442950-443247	0.334039447888068	4.34568043083296	1.14569512242679	0.272836528551227	0.844622114297198	-4.57747430356889
1:214320-214801	0.331369412351845	5.32188768543547	1.4302765679986	0.176531211031595	0.772798800639993	-4.48641877877387
2:192236-212094	0.330841994050923	13.8658019577579	1.65486635644519	0.122186707539112	0.725754860426922	-4.40726727503706
11:540652-540857	-0.3308298955706	4.01473260417807	-1.16135897898656	0.266641492678218	0.838016119845829	-4.57279436254816
17:278863-279610	-0.330758342041848	5.5261206747217	-1.23418373129675	0.239257621086258	0.819049645365927	-4.55048967072107
1:914341-915916	-0.33005987052908	6.83290459903588	-1.94164928278907	0.0744577013825565	0.690512602489654	-4.30025050882215
9:701499-704724	0.328989838862759	9.37860024006531	3.09349783688444	0.00866772581003749	0.60573769635413	-3.86533204385214
16:269523-269742	-0.327892180679038	4.39436036615244	-2.13855539962607	0.0522952701827946	0.627543242193536	-4.22468613151855
3:327162-327387	0.327081099742357	4.39128444075253	1.69029486846458	0.115098910550414	0.710786254627116	-4.39434327760495
1:286248-286290	-0.326559559719124	-Inf	-1.76001395579187	0.104202910564014	0.697837038388779	-4.37187232754166
6:9154-10412	-0.325772549217618	6.43765730626157	-1.57512550225669	0.139547864159924	0.741452058043256	-4.43595779826261
10:185577-186111	-0.325367131239097	5.39042156120419	-1.80844886910611	0.0940155191009606	0.690512602489654	-4.35057292071015
8:295668-296835	-0.323520596424585	6.38438479224465	-2.17392377258234	0.0490334128758024	0.616420047581515	-4.21103369549178
16:525870-528281	0.322393645489811	9.9266424405691	2.17966748850035	0.0485220588716725	0.616420047581515	-4.20881549841562
3:214612-214709	0.320986613737483	3.45270584603509	0.884733352374331	0.392574901684565	0.878303169870552	-4.6485556426661
11:467838-469801	0.32089819205601	8.53301159398847	1.80758426171726	0.094156346828872	0.690512602489654	-4.35089653376416
10:146214-146603	-0.319882718307275	4.96101286836415	-1.75345519127334	0.103357915010465	0.697837038388779	-4.37106410059469
11:520224-522095	-0.319559283733566	6.93903972678456	-2.20359844804163	0.0464449734494608	0.616420047581515	-4.19957115001053
16:449451-449666	-0.319405641377181	4.24035569054794	-1.37722763776306	0.191988751028564	0.776782073127063	-4.5042788730003
5:644334-648890	0.319071994701796	10.3334802669585	2.49075301453477	0.0272630297802541	0.60573769635413	-4.08888512806936
4:938886-944948	0.318665342853107	10.9141778274326	2.45439390719499	0.0291855515055495	0.60573769635413	-4.10283153164047
6:251707-252153	-0.318485848430825	5.0290958597035	-1.33717072988709	0.204385553450546	0.796333187431793	-4.51751765391867
17:408500-411047	0.31837939077216	8.89154898469461	2.21495661483899	0.0454886937891876	0.616420047581515	-4.19518259490592
6:0-4254	0.317288947460453	9.62856337548659	2.53726158730472	0.0249813266214102	0.60573769635413	-4.07109527760685
6:321212-321506	-0.316655319179032	4.50135752586909	-0.975450604157591	0.347365805345802	0.854395435515901	-4.62540494912644
5:711130-711507	-0.316646793502787	4.69471210483291	-1.60398487438633	0.133032549689305	0.741452058043256	-4.42564156174476
14:55516-55528	0.316317681447815	1.87466663482448	0.408418840744645	0.68969877513228	0.948678765730977	-4.73743376777344
11:199018-200195	-0.315245503781159	6.35269237151495	-2.47782711584019	0.0279320858021876	0.60573769635413	-4.09383953393013
3:51726-51741	-0.311986386889365	2.33559469804227	-0.864035647956606	0.403428702537289	0.880865749163263	-4.65358593863547
16:424455-424917	-0.311392929414144	4.94854003491733	-1.42773821260571	0.177246500509158	0.772798800639993	-4.48728151920418
9:377290-381809	0.311254460401486	10.3903746077655	2.80277730127387	0.0151057576897802	0.60573769635413	-3.97099371942298
3:593694-593994	-0.309393728413022	4.59277118339276	-1.11853701940791	0.283837848918035	0.845603892654913	-4.58548565523147
14:0-2777	0.309215506410329	9.56499090215572	1.54212377934762	0.147333502106514	0.741452058043256	-4.44765459756364
10:216855-217620	-0.30916493059317	5.71138506993876	-1.02156344815294	0.325859388611398	0.845603892654913	-4.61297705343084
5:246424-246685	-0.306841448843149	4.23862737763126	-0.643081885913607	0.531493665506646	0.90222893985217	-4.70097510815934
2:249459-249731	-0.305170695298455	4.57390024160921	-1.21305778159733	0.246963699081358	0.819747750859741	-4.55705048856972
9:80622-85037	0.304557432702039	10.5380782516972	2.5559942170468	0.0241154698419665	0.60573769635413	-4.06394746714752
13:226175-233946	0.304555544550645	12.1045817435766	2.83480068181428	0.0142114822703338	0.60573769635413	-3.95912839326062
8:708663-709051	-0.302096321826715	4.65809515778836	-1.22229874986913	0.243569221311721	0.819049645365927	-4.55418952155144
3:112197-115595	0.301988939495788	10.1546673331811	2.8554165451555	0.0136635893246864	0.60573769635413	-3.95151717382714
6:761598-777626	0.301779843488523	13.3969084378907	1.99815808365255	0.0673433858510642	0.677282051987846	-4.27867249056746
7:174845-180974	0.301658266182868	10.7411522909712	2.8339257539018	0.0142352076361376	0.60573769635413	-3.95945189015421
4:389551-389611	-0.300914945370697	3.13946488542552	-0.934160349737893	0.367465412437949	0.866168472175166	-4.63616073033291
16:186687-193137	0.299930193093148	10.7291759165909	2.50406619180822	0.0265900972613478	0.60573769635413	-4.08378673024021
7:575377-576887	-0.299670833209992	7.16622768985324	-1.94205872611567	0.074403766734262	0.690512602489654	-4.3000945781536
2:1066400-1074072	0.299179408440681	10.7758263315365	2.58777455083203	0.0227126276511064	0.60573769635413	-4.05184628737065
9:634224-634616	-0.298932331898222	4.90065494614488	-1.05208964165829	0.31216555394281	0.845603892654913	-4.60451665009496
13:256808-257738	-0.298717940487103	6.18025761294837	-1.75667112261878	0.102789609426072	0.697837038388779	-4.36987120438246
2:746293-746650	-0.296680831806817	4.84902773078176	-1.74673392918529	0.104554700552053	0.697837038388779	-4.37355496807842
6:452910-458723	0.295960836086907	10.7065092638268	2.55028445113889	0.0243762586044304	0.60573769635413	-4.06612501208625
7:767599-770246	0.295530280848464	9.62095332682879	1.56703217138318	0.141423712999446	0.741452058043256	-4.43883642689392
1:251517-253313	0.295173023217205	8.26197945141667	2.17813282210521	0.0486581953893451	0.616420047581515	-4.20940820404128
8:711083-714111	0.294597537854491	10.4827348737855	2.63611589074853	0.0207295497801374	0.60573769635413	-4.03350514940925
6:792837-793602	-0.293921400486918	5.76194591038486	-1.56066568630875	0.142914523203226	0.741452058043256	-4.44109628576329
3:657870-658242	-0.293365430035525	4.77164739408895	-1.71014044213526	0.111288806824441	0.699529642896484	-4.38706040135237
4:690092-690347	-0.292854045535099	4.4093765056977	-1.22028559724095	0.244305568118326	0.819049645365927	-4.55481396869985
16:476783-477257	-0.292024363307192	5.05444013052105	-1.67811319782447	0.117494122342069	0.721359262751309	-4.39879849453178
3:988234-997348	0.29189991335649	12.7902721270626	2.20993629401856	0.0459090602515873	0.616420047581515	-4.19712239937347
16:487265-487483	-0.290315475443585	4.21346989147549	-0.707858718159962	0.491689266693132	0.893013505132876	-4.68832426559912
3:63951-67118	0.289930991931463	9.44920837372454	2.45700492026882	0.029043250143431	0.60573769635413	-4.10182898689175
2:171230-177767	0.289549632477595	10.1416268608683	1.89195773051843	0.0812746397696513	0.690512602489654	-4.31912333621526
10:538826-540897	0.289526706821692	8.60932995589412	2.12599628589052	0.0535016064805709	0.632221823569436	-4.22953060909594
6:783487-785239	0.289279380717495	9.49166847093014	1.24284453493342	0.236153815040052	0.819049645365927	-4.54777929241686
7:248978-249622	0.288936135076816	5.48323301916158	1.42935057749837	0.176791868671305	0.772798800639993	-4.48673359846897
18:343135-345706	0.288596353257638	9.04222104400966	1.84405040141507	0.0883785430474616	0.690512602489654	-4.33721047005731
2:1064641-1065753	-0.288543193073948	6.45715423873931	-2.54024702944744	0.0248413455757793	0.60573769635413	-4.06995541402126
14:300544-301177	-0.28762874437285	5.43645233747314	-0.953457469078915	0.357972545685663	0.861060875778433	-4.63117861935349
1:664718-665309	-0.287322530707582	5.42200044105302	-2.18177076245059	0.0483360635700648	0.616420047581515	-4.20800316237572
8:0-2184	0.287244627351388	8.49600138073424	1.87293923882471	0.0840304395644019	0.690512602489654	-4.32631729737478
10:361900-362297	-0.286749889960845	4.77335583380757	-0.812869686973862	0.431114672044052	0.888960242373856	-4.66560310158063
6:681510-681921	-0.285869079640701	4.864763079522	-1.04950308530061	0.31330916561169	0.845603892654913	-4.60524056676906
1:1001333-1001499	0.285681022813078	3.86096797883594	1.17164045312108	0.262634456853616	0.834249205942595	-4.56969939499103
3:338398-342715	0.285648157218189	10.4332322822725	1.96062289895495	0.0719955871178963	0.690512602489654	-4.29301797881465
12:80755-81646	-0.285475288928708	6.07754967234794	-1.34730719302766	0.201188345099647	0.794992052321836	-4.51418843520267
13:240299-242006	-0.285474660052145	7.05985850908501	-2.46642244013818	0.0285355173953356	0.60573769635413	-4.09821424303586
17:161311-161660	0.285393353353592	4.57891177764906	0.329741826593555	0.74691511422109	0.959540584692787	-4.74618836823949
18:0-3583	0.285115824998915	9.18422850891551	2.16098021289205	0.0502043557560386	0.623715290333844	-4.21603144121257
5:502485-503217	-0.285049266335174	5.83578247929346	-2.37227215475252	0.0340188558579806	0.60954827710245	-4.13443189900618
2:179860-180146	-0.284851555625305	5.14216109376667	-1.06748582281072	0.305422082084869	0.845603892654913	-4.60018100247459
10:7853-8057	-0.283694622706181	3.74914465316993	-0.479064540330853	0.639952352726616	0.936082313582374	-4.72805774099489
13:520298-520947	-0.282795373655032	5.41832720766645	-1.38290884482429	0.190281645288756	0.776782073127063	-4.5023836352301
4:0-3269	0.281963463084557	11.229882125755	1.66246077292141	0.120635962840313	0.725754860426922	-4.40450554441296
15:87250-87464	0.280179730960659	4.14966521779549	0.857401987124883	0.406949623448034	0.880865749163263	-4.65517776949135
1:665787-666999	-0.279424937869643	6.50823962194034	-1.88251102441274	0.0826330613464321	0.690512602489654	-4.32269881750597
1:755226-759794	0.278709846932035	10.9956826874236	2.47559843547994	0.0280490325358975	0.60573769635413	-4.09469418717256
10:24670-25814	-0.277263330195743	6.52424027958234	-1.89128771482437	0.0813703148982763	0.690512602489654	-4.31937706785876
4:497019-497363	0.275333258054674	4.586660039457	0.940852330959407	0.364153675794779	0.864148947504014	-4.63444195713741
3:410244-412842	0.27482828933954	9.96893660316367	2.39333851832522	0.0327105536674351	0.60954827710245	-4.12631428404374
6:429254-429439	-0.274739523777298	4.08689950240543	-1.03694565639711	0.318905160156199	0.845603892654913	-4.60873664172294
4:800150-800298	-0.27453398238242	3.87869937207261	-1.07997082421828	0.300033628817891	0.845603892654913	-4.59663201340016
8:716277-717457	0.273533834589733	7.31209559186195	0.93195892693463	0.368559437393169	0.866812396185271	-4.63672405458742
14:8931-25982	0.271737892189988	13.4717518979147	1.88266080836412	0.082611362904158	0.690512602489654	-4.32264215869812
11:393125-394225	-0.271201280970165	6.37331524585213	-1.81175652853823	0.093478508771495	0.690512602489654	-4.34933449317711
13:527392-527733	-0.270697018439709	4.65127024152326	-1.20918053994439	0.248398931048458	0.819747750859741	-4.55824671421721
15:280323-281805	-0.270288924904711	6.7554966909868	-1.23498393918829	0.238969502520568	0.819049645365927	-4.55023974806185
11:590760-595839	0.269843408835435	11.7445583485306	1.82780732128481	0.0909115269082812	0.690512602489654	-4.34331588527458
14:6748-7032	-0.269565492685424	4.49595434716219	-0.969776735488824	0.350080530696012	0.854395435515901	-4.62690410378267
1:249273-249458	-0.269169244974699	3.77370701849665	-0.836210856360381	0.418334216044133	0.882198202147867	-4.66019574683338
1:773737-774307	-0.266912891621555	5.56231216159946	-1.84357743774739	0.0884513895168701	0.690512602489654	-4.33738844961336
13:472308-472528	-0.266768751842788	3.93527148548768	-1.10274737142197	0.290386933770382	0.845603892654913	-4.59008230040057
18:161090-162572	0.266434987461917	7.56949391934805	1.38256369977364	0.190384997281619	0.776782073127063	-4.50249889704416
8:709456-709670	0.266191944630065	4.11218799823599	0.828079596722981	0.422757899472052	0.888960242373856	-4.66209382897911
1:375738-376162	0.265482592086711	4.92879295801959	0.979076478150267	0.34563884078284	0.854395435515901	-4.62444343121103
2:939420-939897	-0.264445900433006	5.0587957713027	-0.650469529113426	0.526863025348495	0.898816405117949	-4.69958660818371
13:471528-471893	-0.264121334614056	4.42089732036106	-0.934313921287973	0.367389177751925	0.866168472175166	-4.63612139406796
18:259206-259427	-0.263430719414878	4.1268901123143	-1.02318046615402	0.325123183330584	0.845603892654913	-4.6125334882025
2:158260-165902	0.263309521051074	11.090605906246	2.31637631249783	0.0377367702337113	0.616420047581515	-4.15599842334258
2:1005782-1006457	-0.263281615976813	5.47790794048729	-1.09565606364352	0.293365015913962	0.845603892654913	-4.59213183107854
10:571813-572081	0.262948997519927	4.33509336958983	1.26080420596332	0.22981926759618	0.819049645365927	-4.54212119080473
16:478340-478561	-0.262850832135736	4.18420178717944	-1.03274101429935	0.320795175195206	0.845603892654913	-4.60990036243332
7:682142-689693	0.262781241431322	10.9986633262998	2.5802084736607	0.0230392463867357	0.60573769635413	-4.05472427709921
8:562618-563002	-0.262261393642818	4.73416745631758	-1.0116401942914	0.330403887579404	0.845603892654913	-4.61568771318596
11:440785-443297	0.261771208545289	8.8345309183233	2.04767430973454	0.0616294425847881	0.661257024764729	-4.2596825015999
8:74018-74287	-0.260610669791443	4.14580002536822	-1.29903236328673	0.216787110099021	0.796333187431793	-4.52991267731632
9:582337-583013	0.260100582520347	5.56833963628781	0.836588303775661	0.418129615479309	0.882198202147867	-4.66010726870879
9:251596-252026	-0.259800202267212	5.02785007509586	-1.54180552702921	0.147410359518198	0.741452058043256	-4.44776685610303
8:324976-327557	0.258902213035096	9.48479002251032	2.21245974400371	0.045697308848252	0.616420047581515	-4.19614737272433
1:751984-753430	-0.256956650228655	6.79441722017249	-2.21217636349489	0.0457210423399181	0.616420047581515	-4.19625686818464
1:791666-794521	0.256445721770277	9.79480535231464	2.03662653415847	0.0628640282161649	0.661257024764729	-4.26392515188387
9:583552-586385	0.256333901138497	9.51742612739216	1.93918213555723	0.0747834478440707	0.690512602489654	-4.30118994813763
3:448465-455245	-0.255974628473586	9.15057411319582	-1.93083894204571	0.0758947002486906	0.690512602489654	-4.30436507973074
17:404024-404395	-0.255786015389244	4.7265778342946	-1.14678837973524	0.272400594505425	0.844622114297198	-4.57714906137318
16:0-4407	0.254731409081955	11.1846894571633	1.4912792353409	0.160054383370915	0.757697506122244	-4.46545215024595
5:210005-211469	-0.254637631188542	6.58986908345887	-1.31763069643558	0.210665497652212	0.796333187431793	-4.52389440814132
20:0-4212	0.253053805868131	9.40307233679189	2.28758592965372	0.039799611888029	0.616420047581515	-4.16711805000389
8:624229-627058	0.25268585687366	9.53963774346618	2.2542057635749	0.04232519709432	0.616420047581515	-4.18001559625688
10:32271-32506	0.252104922802213	4.27726778547364	0.906345390393814	0.381455133939992	0.873788766682499	-4.64320154282565
6:12713-21833	0.251540841215174	12.2457079042842	2.19906818655012	0.0468316451323179	0.616420047581515	-4.20132139860824
4:583776-586074	0.25151209795937	9.41721756958373	2.03471610953408	0.0630798237055377	0.661257024764729	-4.26465849537108
9:5-4513	0.251191176484427	9.40572201931136	2.02231272176549	0.0644976075291355	0.661257024764729	-4.26941736999859
1:835316-836122	0.250868355190739	6.15046768301855	2.0232057104377	0.0643945583477554	0.661257024764729	-4.26907489089252
7:582050-589184	0.250510685999107	11.1033857428234	2.39653482872438	0.0325163068086521	0.60954827710245	-4.12508324049525
4:808603-808960	-0.250347738247859	4.70682700400046	-1.30029072104429	0.21636844748851	0.796333187431793	-4.52950708173414
3:756043-759368	0.249857491400888	10.3047598616646	2.19047188056877	0.0475737066150017	0.616420047581515	-4.20464225988223
7:478643-479040	-0.249798092176676	4.99431049150102	-0.925118848513542	0.371973175029953	0.867191129730536	-4.63846773674065
12:474500-474760	0.248852891404761	4.15966165727605	0.500922988976849	0.624906306051188	0.936082313582374	-4.72487203157267
9:385141-389522	0.247887068990821	10.6829994709864	2.27110050365911	0.0410285248365737	0.616420047581515	-4.17348727872082
14:147777-147812	0.247269251865419	2.63880743883983	0.521956079223624	0.610591802946663	0.933166231686626	-4.72168145807811
1:505886-506095	-0.246447759594114	4.0931652353881	-1.07654895572198	0.301503381765794	0.845603892654913	-4.59760764461641
5:220615-222357	-0.246088248344361	6.92484734118972	-1.77488447378704	0.0996232292975962	0.697837038388779	-4.36310227880892
1:201999-213750	0.244768381465132	12.605738728986	2.21296980247566	0.0456546200246065	0.616420047581515	-4.19595029043778
10:343502-343569	-0.244521596846311	3.15320485983945	-1.37793407583729	0.191775794122562	0.776782073127063	-4.50404344055955
2:811079-843894	0.244097591572549	14.4685751736869	2.05624143434118	0.0606875651911613	0.661257024764729	-4.25639045165248
3:312657-314555	0.243457288603818	9.31900473219908	1.23639993053376	0.238460340049594	0.819049645365927	-4.54979725224493
9:61494-64676	0.243400741702104	10.0285218454734	2.45313544816907	0.0292543773807392	0.60573769635413	-4.10331479330478
5:637590-640429	0.243177586650885	10.5763983291223	2.03909086454269	0.0625866736323109	0.661257024764729	-4.26297904578838
6:694468-694738	0.24289698728318	4.30889113633727	0.921808498095443	0.373633164404362	0.869067448482393	-4.63930800046372
20:5002-5646	0.242624977283311	5.91510194107834	1.42566841225112	0.177831542192726	0.772798800639993	-4.48798441431595
16:496819-497753	0.242383473494096	6.01680322060263	1.0678104576562	0.305281066389408	0.845603892654913	-4.60008909573263
5:676954-685454	0.241771207817328	11.3727422678577	2.07159117278015	0.0590332998928273	0.661257024764729	-4.25048791197376
17:149797-150046	0.241692517129888	6.86131839181631	1.05859404459549	0.309303342942601	0.845603892654913	-4.60269051938946
4:330488-330545	-0.241003601522745	3.06299507956972	-1.03063821517907	0.321743467616825	0.845603892654913	-4.61048105276429
3:958172-964933	0.240896520660488	10.9499367569375	1.82136875079263	0.0919335275599656	0.690512602489654	-4.34573194429676
19:124203-127614	0.240595883025414	10.1884902895731	1.59712381795887	0.134557180598828	0.741452058043256	-4.42810132015471
11:0-1784	0.240376544250999	9.77184444546882	1.32496553447177	0.208290055682926	0.796333187431793	-4.52150712136867
8:241557-245301	0.240349544727792	10.1013881044976	1.55388624445289	0.144516855950692	0.741452058043256	-4.4434982521257
12:291089-292256	0.238031892517009	8.83321434082633	1.47233738222124	0.165025827456554	0.757697506122244	-4.47200927904193
5:488105-488600	-0.237942458164641	5.28912299540573	-1.52324809718419	0.151951614802941	0.743830506412214	-4.45429434149766
2:166699-168165	0.237262243177406	8.11609698500625	2.14212630159207	0.05195694762606	0.627543242193536	-4.22330834711887
14:131220-132888	-0.237025850026081	7.02105504227984	-1.69624980423894	0.113943742378342	0.707791717361937	-4.39216112790121
11:334768-340748	0.236482177930062	11.2261798711599	1.6347301413919	0.126383090147566	0.737351067380272	-4.41456616087424
2:912462-930561	0.235460628865331	13.5534193216633	1.62225474700575	0.129045531751868	0.740609138749852	-4.41907045172452
9:503926-505138	0.23279933398832	7.68988732564153	1.70614346518132	0.1120471015465	0.700128634515409	-4.38852961700118
5:815511-816308	-0.231372954254263	5.97076530782096	-1.85097076264146	0.0873188327012037	0.690512602489654	-4.33460492768338
17:312831-314218	0.231224485732882	6.69054753690803	1.90848885848979	0.0789462072736379	0.690512602489654	-4.31285661075188
12:268141-268551	-0.231117828424712	4.81258577179412	-0.381567488001067	0.709024887844101	0.951596244694484	-4.74062356283381
2:304717-306265	0.230378085721911	9.43810969606445	1.18063975117324	0.259165485921839	0.830290539149235	-4.56697552805077
4:144117-144127	-0.230237020747925	2.31476495877245	-0.481830884424176	0.63803878006655	0.936082313582374	-4.72766193330482
8:615756-616149	-0.230172334605171	5.11095970359602	-0.967640134147146	0.351106709980303	0.854395435515901	-4.62746690758795
3:137996-138205	0.228998036503775	3.92048387408808	0.888442398834874	0.390651015919299	0.878303169870552	-4.64764410669807
1:313796-316438	0.228294549863069	8.3559933234024	1.19652534848124	0.253128962313086	0.820168665295312	-4.56213390730643
6:95402-95751	-0.227743163396401	4.77766001425327	-1.07048653894848	0.304120466456866	0.845603892654913	-4.5993307124257
4:357321-360873	0.227479523571839	10.4296910596194	2.1220853195844	0.053882541781486	0.632221823569436	-4.23103876549672
2:601873-602426	-0.227478518264142	5.40264200821828	-1.22309953821422	0.243276804437079	0.819049645365927	-4.55394094752921
7:447025-447388	0.226853295021572	4.54644191218738	1.33576106716125	0.204833446023831	0.796333187431793	-4.51797950241276
4:774467-775093	-0.226760640427043	5.42713800302139	-0.885424738561229	0.392215791790967	0.878303169870552	-4.64838595905457
17:6981-7551	-0.226529047535228	5.21935551885863	-1.24876565720196	0.234050253197025	0.819049645365927	-4.54591945702563
2:536058-539654	0.225773794732772	11.1991065716833	1.55760600130968	0.143635786321134	0.741452058043256	-4.44218091151136
3:300860-301771	0.225758074894726	8.07287678971943	0.864808320836818	0.40301992653628	0.880865749163263	-4.6533998792498
6:720821-722488	0.225347522860855	7.83235679403648	1.09684337934031	0.292864793666091	0.845603892654913	-4.59178932016229
10:246782-248952	0.224110441504927	8.06447796387485	2.08780677253586	0.0573312678853429	0.661257024764729	-4.24424706331102
4:754513-754957	-0.224061469189656	4.7864128206388	-1.1227942243722	0.28209138756369	0.845603892654913	-4.58423855455832
20:12423-17254	0.223562635398254	10.9201854442931	1.91876613740501	0.0775294055971671	0.690512602489654	-4.30895455417005
10:7533-7751	-0.222987235900368	4.11073224381637	-0.772153534620974	0.454008557503231	0.893013505132876	-4.67472920619147
1:1033595-1034109	-0.22276185001494	5.20693024836797	-0.961654223596112	0.353993021027916	0.857377592214401	-4.62903859827553
10:422820-424112	0.222759477289126	6.48334586280662	1.36000664218377	0.19724051005546	0.794984651215898	-4.50999731574998
9:660567-660823	-0.222443028013035	4.500657769286	-0.730660429643475	0.478114322796336	0.893013505132876	-4.68361920660092
17:252947-253183	0.221533379686464	4.17296985143865	0.580755586458427	0.571463124180213	0.914544252691829	-4.71212007815324
7:512722-518680	0.219929516302459	10.8078451053171	1.7711259079318	0.100269437374081	0.697837038388779	-4.36450091801559
11:487968-491652	0.219851392553258	10.3777056821272	1.72076969234984	0.109294274853004	0.69858055501211	-4.3831474855541
13:301887-309314	0.219529558899699	11.9581110176363	1.02142886331643	0.325920717861199	0.845603892654913	-4.61301394809508
12:134516-136296	-0.219271887843083	7.03849875191245	-1.55175853588258	0.145022911192382	0.741452058043256	-4.44425114208032
3:573633-576549	0.218041071894856	8.97384961119832	1.79177258557205	0.096765337937117	0.695130590895208	-4.35680675744233
5:504658-508223	0.217485763627197	10.4248695721237	1.73929565837523	0.105893497505003	0.697837038388779	-4.37630792206668
4:591450-591701	-0.217469474694356	4.45348670508276	-0.495220274035457	0.628815232095885	0.936082313582374	-4.72571598849289
2:556153-556550	0.216864462608836	8.26971071664081	0.994111622752302	0.338543234691949	0.854395435515901	-4.62042756758984
6:620306-622693	-0.216432690372644	7.64953910774462	-1.86528723468859	0.085162907114737	0.690512602489654	-4.32920679815816
5:831226-835544	0.216123836271306	11.3523142750635	1.30314097732579	0.215422561309346	0.796333187431793	-4.52858752000717
4:518851-521429	-0.215093673158371	7.5161543687821	-1.39762561900908	0.18591766814865	0.776782073127063	-4.49745437094512
6:759311-759817	0.21491554683911	5.1287667946514	0.989869568626237	0.340534529174654	0.854395435515901	-4.62156529529325
8:58157-65315	0.214735195805998	13.2351609292259	0.77305852001073	0.45349147184688	0.893013505132876	-4.67453065648783
3:273513-275724	0.21405900743655	8.99600571904789	2.24326066044441	0.0431858265548909	0.616420047581515	-4.18424516638968
13:547216-548447	0.213817166434493	8.43213140535306	1.34548728995058	0.201759346611981	0.794992052321836	-4.51478722042511
3:482212-485954	0.213800731752814	10.5720226459033	1.73177650055925	0.107262296545062	0.69858055501211	-4.37908686682758
4:115285-115888	-0.2136733709663	5.44566948592974	-1.38781073307678	0.188818787934116	0.776782073127063	-4.5007449423722
12:156377-157023	-0.213673370966299	5.77400170335852	-1.43477195229726	0.175270356490002	0.772798800639993	-4.48488892609343
6:341135-341706	0.21347190496792	5.13821356439461	0.506128832985866	0.621348249721734	0.936082313582374	-4.72409372956909
10:424163-424394	-0.213129163078968	4.04992884607877	-0.339900866656134	0.739429745758409	0.959540584692787	-4.74515938787584
6:752142-752648	-0.212713547198325	5.26372943016504	-0.855737376825701	0.407836356449343	0.880865749163263	-4.65557564920811
11:419281-421241	-0.212479275479872	7.14912304689206	-1.45353585332138	0.17008851057594	0.767578919522192	-4.4784766331521
10:37343-38572	-0.212145391460318	6.54012927482888	-1.80355762281578	0.0948147039403407	0.690512602489654	-4.35240307553615
16:482132-484446	0.211864573910635	11.1699798123301	0.950309868320455	0.359509057301484	0.861060875778433	-4.63199664677782
4:35344-36364	-0.211426133400465	6.11501346657993	-1.38173173131508	0.190634316411852	0.776782073127063	-4.50277666956648
6:432189-432422	0.211180550966152	4.20356948117654	1.04286196701774	0.316259586390131	0.845603892654913	-4.60709332399979
8:54876-55333	-0.211120482812222	6.94694569346609	-1.44245146324371	0.173133833574161	0.772798800639993	-4.4822697266989
17:134828-137062	0.211079823020219	8.11551162281052	1.6675077934148	0.119614944479679	0.725754860426922	-4.4026675319034
13:204833-205436	-0.21009620503663	5.24552322431623	-0.798871110103795	0.438900107357898	0.893013505132876	-4.66878505319941
2:52325-52513	0.20976309119676	5.1846077183642	1.28043480855959	0.223050981953774	0.806650126517759	-4.53587958771141
1:688550-692327	0.209360836773293	9.3851724893489	2.0348063272369	0.0630696176107533	0.661257024764729	-4.26462386614982
3:164202-169198	0.208416508490579	11.0750873224772	1.74711397922045	0.104486701825347	0.697837038388779	-4.37341420599017
1:281965-282302	-0.208154962666462	4.47075651209281	-0.697580877653065	0.497883275981597	0.893013505132876	-4.69040262551418
5:809609-810314	0.208065963615999	6.06888246300711	0.756292129291184	0.463131692517698	0.893013505132876	-4.67817704283935
6:426778-428031	-0.207676837281215	6.35977309526563	-1.19457771450382	0.25386311581406	0.820168665295312	-4.56272978542434
1:125389-126114	-0.207568609152109	5.50070728235143	-1.2234819236403	0.243137269594094	0.819049645365927	-4.55382221404029
8:155037-155206	-0.20747969112174	4.05514308996879	-0.89254191930224	0.388532068552495	0.878303169870552	-4.64663306084236
3:395701-398612	0.207375855154373	8.85900546944425	1.65415098003291	0.122333679124993	0.725754860426922	-4.40752717455528
19:110008-110476	0.206202722126275	7.10875073293797	0.76214647759723	0.459751127658028	0.893013505132876	-4.67691155173983
8:303801-304176	0.206183116359394	8.11677499874589	1.41531865575967	0.18078115155402	0.776782073127063	-4.49149110906051
16:176744-177194	0.205803653836279	7.29079116761492	0.953084398664958	0.358154419104221	0.861060875778433	-4.6312756853708
4:334394-334818	-0.205709908591152	4.79142089215699	-0.67381283904211	0.512384056430092	0.896430174657571	-4.69510680634731
5:791684-791950	0.20537313423145	5.83989377770243	1.13197258696542	0.278353879986008	0.844622114297198	-4.58153876243657
2:1051260-1054352	0.204822181778935	10.5144018823235	1.54459811467896	0.146737123231966	0.741452058043256	-4.4467814565821
5:373676-376834	0.204813912551835	10.2824345881433	1.88617704956573	0.0821034652821832	0.690512602489654	-4.32131176313727
19:51168-51392	0.204808317954859	4.48944243829332	0.595637371571353	0.561775173656656	0.90781633964685	-4.70955232637389
13:214384-215846	0.204625674316285	8.95008813929382	1.3857273357515	0.189439392510312	0.776782073127063	-4.50144180571972
3:720905-721588	-0.204320038586603	5.85311845184805	-1.59219990734263	0.135660647162209	0.741452058043256	-4.42986386571793
7:625145-626828	-0.202509793835738	6.99293152355251	-1.50202354467012	0.157291197348678	0.757697506122244	-4.46171472214877
8:315836-316320	-0.202443049509169	5.1520401951768	-0.634483631672884	0.536912118654124	0.902408796890506	-4.7025733018872
16:380780-381328	-0.202392080467256	5.21051879434736	-0.764672676608734	0.458297177325223	0.893013505132876	-4.67636291780243
5:804616-807183	0.20149729283163	8.25160148435368	1.89278198218903	0.0811570806017918	0.690512602489654	-4.31881116766721
6:199487-201569	-0.199218041518687	7.26998432977746	-2.00528465705181	0.0664919616566612	0.675149149129175	-4.27594365280391
9:32234-34488	0.199000125269054	8.78239858999775	1.72513204561049	0.108484894173746	0.69858055501211	-4.3815391799928
10:588473-591496	0.198366177196881	11.155870088619	0.925054716131616	0.372005285765088	0.867191129730536	-4.63848403785525
7:528580-528729	-0.197966894650572	3.96465273780142	-0.687428520488149	0.504047110591239	0.893476727706998	-4.69242949985358
11:219515-221811	0.197771008958714	8.62615653587153	1.65769442716325	0.121607201671982	0.725754860426922	-4.40623940276434
7:620104-623247	0.197550366435161	9.39576746951007	0.858475837022058	0.406378270920513	0.880865749163263	-4.65492076141329
16:131369-131866	-0.19738539722251	4.96078498716714	-0.926820004795148	0.371122118135662	0.867191129730536	-4.63803501500306
8:85231-85979	-0.197067770140559	5.81335184944392	-1.3043255471127	0.215030432370286	0.796333187431793	-4.52820499754972
19:117744-119562	0.196825095084128	9.06783830431891	1.39122209119446	0.187806234296195	0.776782073127063	-4.4996026659935
5:139415-140169	0.19661758836464	5.76174281739028	1.02287330858764	0.325262934469596	0.845603892654913	-4.61261778468578
4:232036-233569	-0.196578629630641	6.63545744260667	-0.853173940766421	0.409204412053626	0.880865749163263	-4.65618713786229
19:96763-98581	0.195250117584198	9.26907747228934	1.40245374514675	0.184504145021279	0.776782073127063	-4.49583108328695
11:303062-303545	0.195179758614317	4.74040470276172	0.379697545376986	0.710378813327803	0.951979729535736	-4.74083794623755
5:758579-760015	-0.194657744829689	7.21906582520906	-1.30512466827282	0.214766224252297	0.796333187431793	-4.52794682818675
16:223700-224463	0.194573557949264	7.46017982340521	0.886763144279637	0.391521250715862	0.878303169870552	-4.64805717884392
16:84844-85534	-0.19442218225741	5.80861851079417	-1.71445005977114	0.11047628095362	0.69858055501211	-4.38547492346709
2:803896-807583	0.194247140354516	9.0117778473642	1.4723261528865	0.165028812886474	0.757697506122244	-4.47201315408076
14:317015-320214	0.194065505617374	8.06460104757901	1.71555995946581	0.11026787379909	0.69858055501211	-4.38506637540191
4:340041-341459	-0.193876588435685	7.18861630395458	-1.76405277369625	0.101495663869773	0.697837038388779	-4.3671304782235
8:212709-212928	-0.193571585454344	4.46379720783971	-1.05764624136624	0.30971920357498	0.845603892654913	-4.60295712441721
17:43604-43839	-0.193563945962899	4.22977755212894	-0.571336210364282	0.577640818922613	0.914544252691829	-4.71371470474721
10:28036-30732	0.191631004391255	8.93131481658102	1.54091586380312	0.147625393751893	0.741452058043256	-4.44808061516091
11:451871-452182	-0.191293553453143	4.79202838509582	-0.710168524452967	0.490303646164148	0.893013505132876	-4.68785353818254
1:919262-919848	-0.191289695256113	5.55557668631805	-1.07070145041495	0.304027403230726	0.845603892654913	-4.59926974898853
8:360135-360250	0.190786799363956	3.57115914698751	0.811828672900608	0.431690538254522	0.888960242373856	-4.66584131375617
9:94765-94986	-0.190192463963896	4.17822639747253	-0.595354602611443	0.561958422980434	0.90781633964685	-4.70960166640702
19:95708-96198	0.190158123572713	6.20552604692508	1.08628000349266	0.297337765539648	0.845603892654913	-4.59482739626316
20:27638-29306	-0.189550301589025	7.04271510099227	-1.82538118974451	0.0912954230258697	0.690512602489654	-4.34422656082151
15:265922-276081	0.189232215564463	10.8703413115751	1.48747972956832	0.161041314547426	0.757697506122244	-4.46677071238757
17:30-2537	0.18869471718647	10.1213943873461	1.49407095043973	0.159332495048791	0.757697506122244	-4.46448228926977
9:238154-240016	-0.188464750569952	7.36852413446747	-1.22160110363425	0.243824200037479	0.819049645365927	-4.5544059944288
16:177762-181055	0.188183637585968	9.66855867698091	1.20953096238601	0.248268947705077	0.819747750859741	-4.55813870155863
14:458764-462736	0.187885682007211	9.23680637393656	1.62591778758159	0.128258766933751	0.740609138749852	-4.41774933002842
14:154658-154930	0.187840295589272	4.12864929138721	0.708231652838386	0.491465389072125	0.893013505132876	-4.68824835364603
4:93880-94056	-0.187570993848044	3.93617661875438	-0.593593850571792	0.563100211752668	0.90781633964685	-4.709908419499
11:414792-416706	-0.1875416294185	7.38428963957474	-1.64222612755035	0.124806458517585	0.732197889969832	-4.41185312565691
15:150619-150879	-0.187324012327642	5.28113220121031	-1.14643449272252	0.272541647737585	0.844622114297198	-4.57725436517349
1:187891-191149	0.187171136865973	8.30206261258207	1.56730738300317	0.141359570647914	0.741452058043256	-4.4387386461944
16:387830-388604	-0.186447871538799	5.73544957023673	-0.906743115156595	0.381252544198338	0.873788766682499	-4.64310204968939
4:186367-187641	-0.186043523673386	6.30305416230394	-0.810873665417504	0.432219266537199	0.888960242373856	-4.6660596220506
11:545006-548999	-0.185496246778639	8.18738169452259	-1.44520172535361	0.172373999502284	0.772798800639993	-4.48132996622014
16:421478-421823	0.185063312390791	4.71361053629797	0.771527684589871	0.45436637009447	0.893013505132876	-4.67486639965114
14:346021-346978	-0.184801902077329	6.20116597147064	-1.62286018337759	0.128915204504232	0.740609138749852	-4.41885217632174
9:507671-509593	0.18455250083936	7.54165037170637	1.79816641148192	0.0957026306641889	0.692205328639613	-4.35441864183604
14:278285-281364	0.184329532705835	11.299789481439	1.2591586074804	0.230394000685373	0.819049645365927	-4.54264172244059
16:20744-21051	0.184221625333791	4.66885592455752	0.763803193981951	0.458797280525429	0.893013505132876	-4.67655192417885
14:77595-77801	-0.183886927125516	4.2627657450667	-0.774277061198022	0.45279581678746	0.893013505132876	-4.67426300308575
1:1066246-1066683	-0.183481916406031	5.25009581703895	-1.25492409401189	0.231878185186082	0.819049645365927	-4.54397924006544
2:1235-1504	-0.182979593196614	4.42100935915759	-0.469054624888512	0.646898919510565	0.936082313582374	-4.72947204382499
7:474844-476919	0.182658284755671	8.42498380311134	1.35316929690357	0.199358057133207	0.794992052321836	-4.51225656217799
7:612198-615974	0.18246159063081	9.86019869646635	0.999200596264928	0.336165446620968	0.851296670579717	-4.61905786688231
4:753972-754217	-0.182389194476378	4.35081158257492	-0.821248574210659	0.426497850735816	0.888960242373856	-4.66367656379518
9:102359-102562	0.18238551972882	4.24578926559061	0.819463759247183	0.42747858030723	0.888960242373856	-4.66408831476059
10:543373-545818	0.181841553254591	7.99884628166399	1.91658209071097	0.0778285404324614	0.690512602489654	-4.3097841679578
16:346204-346782	0.181729673886909	5.137448057897	0.795085434511746	0.44102100787412	0.893013505132876	-4.66963762114656
16:134546-134766	0.181684501675162	4.03870131088001	0.666646851299783	0.516804007548934	0.897137615251168	-4.696496903392
4:376210-376526	-0.181647486397662	4.78092111214565	-0.945006603900582	0.362108347877705	0.861230665222649	-4.63337017589773
1:2910-6526	-0.181273842441828	8.04194183274877	-2.07270629903476	0.0589147666277941	0.661257024764729	-4.2500589067297
7:17873-18830	-0.180920295316366	5.99099570089436	-0.663701370764121	0.518627169183981	0.897137615251168	-4.69706447097689
2:13362-15282	0.180375410064364	9.11693726976589	0.790102211087471	0.443822839219185	0.893013505132876	-4.67075471006121
7:184533-186321	0.180010348513877	9.12541856373009	1.43940701514418	0.17397821127198	0.772798800639993	-4.48330893812145
5:811813-812255	-0.179688082087325	5.04980378638255	-0.761681915828506	0.460018820191525	0.893013505132876	-4.67701227607823
10:284878-285594	-0.178690274265874	5.46530282886358	-0.600457134133189	0.558656696706102	0.90781633964685	-4.70870806450621
8:447155-448449	-0.178548867243475	6.69025450314731	-1.53875010934729	0.148149985082507	0.741452058043256	-4.44884407147672
4:594765-595724	0.178281716979547	6.13387380474283	0.87254602120149	0.398941705623049	0.880865749163263	-4.65152922889805
2:6983-10370	0.178203715830724	11.9660212516655	0.845005050112923	0.413584364562715	0.880865749163263	-4.65812577982767
3:499308-500763	-0.178009088204878	6.65643570838584	-1.64691250914416	0.123829514650048	0.730524957935478	-4.41015450631691
7:720947-723979	0.177990973090369	8.59036966125005	1.53188999571397	0.149822181483608	0.743830506412214	-4.45125911265407
5:466733-468400	-0.177501625547376	7.36325320974391	-0.759220226016192	0.461438939814339	0.893013505132876	-4.67754513686093
12:514686-516298	-0.177126396703284	7.1949177043073	-0.989406685198603	0.340752322464642	0.854395435515901	-4.62168921955583
18:209283-212370	0.176196290972625	10.6205781605636	1.47371355922863	0.164660301619616	0.757697506122244	-4.47153427465365
2:978950-982070	0.176106472873613	11.1465528447623	0.746250480214565	0.468966221712258	0.893013505132876	-4.68032826288344
7:303082-303596	0.175774561540045	7.94689309529206	0.676532109664863	0.510712616664238	0.895867978733282	-4.69457587459307
2:319932-320461	0.17525021127451	6.94471948076757	1.1314701565714	0.278557493089662	0.844622114297198	-4.58168694147753
1:38421-41511	0.17512048904395	9.52035388099462	1.2902982350631	0.219711013064269	0.80005113722713	-4.53272140539209
14:321900-323691	-0.174932519125213	7.72130154324262	-1.09337404007514	0.294328246811911	0.845603892654913	-4.59278940463893
14:491983-496559	0.174287771409794	10.6959207544394	1.61513513900398	0.130586723691582	0.741395592571564	-4.42163477540575
2:351683-352173	0.173993041266469	6.95867509929444	1.4773301295454	0.163702958609275	0.757697506122244	-4.47028492609621
17:372640-372996	-0.173609031996296	4.52437377737369	-0.395737618429568	0.698798798971558	0.948678765730977	-4.73896613320448
5:788242-791290	0.173579022297137	9.34090340248559	1.52376691671518	0.151823049208395	0.743830506412214	-4.45411234481675
2:702506-702708	-0.172811973234134	5.00731669165144	-0.84419629257194	0.414019686160385	0.880865749163263	-4.65831688490775
5:5130-7684	-0.172203007832003	7.48034061573102	-1.52245974610705	0.152147149038862	0.743830506412214	-4.4545708319831
18:189253-192477	0.170987062005203	9.11305690085252	1.48561767905607	0.161526863115931	0.757697506122244	-4.46741631226781
8:18037-20642	0.170555810818595	9.0554756278104	1.33140427129361	0.206222785357849	0.796333187431793	-4.51940514820081
4:922606-922815	0.170521673189614	4.14970328091267	0.538372206095793	0.599533827301377	0.925596084254757	-4.71910665803606
13:467080-467992	-0.169531934161086	5.95435562008305	-1.05831254677327	0.309426810500378	0.845603892654913	-4.60276971915727
7:702481-706641	0.169435594933494	9.13794231201556	1.16847561678668	0.263862911728056	0.834249205942595	-4.57065402371437
11:376289-379204	-0.169147739061132	7.85388214673501	-1.57869767555421	0.138726757959409	0.741452058043256	-4.43468520554721
7:401566-402336	-0.167729726032843	5.92819480917632	-1.20552222575679	0.249759106498544	0.819747750859741	-4.55937313017431
8:3084-8778	0.167199728397618	11.4068764218834	0.769893953611756	0.455301249784607	0.893013505132876	-4.67522408789023
3:888476-889009	-0.166708652590516	5.30284277268236	-1.02822239511974	0.322835450313531	0.845603892654913	-4.61114710946581
6:577045-577260	0.166200146910507	4.11382715345767	0.366250573322807	0.72014498312272	0.95685566319741	-4.742349728928
2:1048018-1049248	-0.165744333688534	6.9127481702144	-1.06122829514094	0.308149703305304	0.845603892654913	-4.6019486333669
9:200185-201585	-0.164697220528921	6.59048801796712	-0.971384706433246	0.349309651940072	0.854395435515901	-4.62647992167094
13:119831-121134	0.164295257569599	8.63542255534108	1.00576370725806	0.333116684985269	0.845603892654913	-4.61728366235892
17:52909-54964	-0.16418559425006	7.92586883965618	-0.702492746885235	0.494917312395479	0.893013505132876	-4.6894126675636
6:501677-504338	-0.163793572908141	7.55252370227789	-1.40756157973819	0.183018439027259	0.776782073127063	-4.49411048616351
3:889787-890663	-0.163651577087277	6.05274146228779	-0.979039651572276	0.34565635002468	0.854395435515901	-4.62445321060022
3:785666-791314	0.162881609285854	10.5102776893961	1.16870256596918	0.263774672203006	0.834249205942595	-4.57058562487866
4:171069-171914	0.162545542049762	6.21015259895036	0.785288524065521	0.446540137645519	0.893013505132876	-4.6718281894301
16:333584-334138	-0.161766587825634	5.03910207383428	-0.642983333346655	0.531555595089458	0.90222893985217	-4.70099353540259
12:270974-275569	0.161346440784593	9.33153408409412	1.38357038923578	0.190083678378119	0.776782073127063	-4.50216266721465
4:596950-597994	-0.161119927125242	6.21784889354864	-0.967563452778656	0.351143578611649	0.854395435515901	-4.62748708864366
7:239151-240274	0.160953645090707	6.2645087864877	0.729883176008201	0.478573254148969	0.893013505132876	-4.68378171350109
3:104953-105784	-0.160843283777483	5.91028556495092	-0.919195561337351	0.374947054718034	0.869741102971212	-4.63996956930267
11:324291-324514	0.160833239999067	4.2983909106816	0.478396345522918	0.640414968796141	0.936082313582374	-4.72815302505573
16:470011-472805	0.16017841889964	8.59781478246095	1.34809768600285	0.200940736418261	0.794992052321836	-4.51392820354872
4:704678-705534	0.160094618005364	7.16961213699042	1.28651546614234	0.220987160941918	0.801932790222217	-4.53393434225038
4:228696-229374	-0.160015658338669	5.60058543481907	-0.879711767260613	0.395189839233939	0.878488663980687	-4.6497848748861
14:531952-535203	0.15907723535048	10.6391821107084	1.03475766160346	0.319887657571441	0.845603892654913	-4.60934264675864
16:260556-261008	0.158857107698433	4.79427127996567	0.598530245478152	0.559902298717	0.90781633964685	-4.70904633133167
12:130595-131607	-0.158345727427887	6.23262385790636	-0.845111035917182	0.413527339179136	0.880865749163263	-4.65810072485386
6:184078-186592	0.157935382720235	7.77693424713932	1.47294874293501	0.164863359836308	0.757697506122244	-4.47179828750597
16:363235-364088	-0.157322872589382	5.94309308332192	-1.74271701483571	0.105275816396986	0.697837038388779	-4.3750421331801
3:601911-602099	-0.157061307913696	3.94415740455463	-0.402328157129644	0.694063273962224	0.948678765730977	-4.73817552379063
19:0-42832	0.15690735721163	16.5534969595406	0.724045954243291	0.482028462054385	0.893013505132876	-4.68499737707666
14:325281-332462	0.156903963485538	11.8901053730972	0.713952897520731	0.488038545833843	0.893013505132876	-4.68707941995587
14:380712-382753	0.156894064274335	7.40940126335822	1.19866189255849	0.252325505911351	0.820168665295312	-4.56147950501901
15:298677-306370	0.1566943921655	10.9773757877935	0.721297619305846	0.483660525905904	0.893013505132876	-4.6855668245806
13:445702-445944	-0.156638966529536	3.96757004061817	-0.556495134645693	0.58744530593245	0.91766604003649	-4.71617871556186
2:269998-270580	-0.156342644404314	5.64867212986975	-1.31449055047849	0.211689145192889	0.796333187431793	-4.5249140692214
2:935075-936229	-0.155380162733231	6.46034774969035	-1.08108555815231	0.299555988031157	0.845603892654913	-4.59631370861329
15:66767-67143	-0.154994687378416	5.28069479812384	-0.471819834334493	0.644976464148599	0.936082313582374	-4.72908415644405
12:534156-534511	0.154731844503991	4.57262300528739	0.497530026811809	0.627230597714389	0.936082313582374	-4.7253752517264
3:438596-441054	-0.154640014676129	7.96200379016797	-1.32872992129357	0.207079398800505	0.796333187431793	-4.5202789260654
8:559874-560317	-0.153428706433528	5.1378610148322	-1.03168291802533	0.321272085445258	0.845603892654913	-4.61019266561766
4:137371-137852	-0.153426561666515	4.99632047242675	-0.660127169791449	0.520844481951177	0.897137615251168	-4.69775019675154
5:118195-123696	0.153416906598354	11.6744902200368	1.29558957264014	0.217935881787678	0.796333187431793	-4.53102116543248
1:441873-442949	0.152688102008915	6.79215297943446	0.74170854728235	0.471620139867287	0.893013505132876	-4.68129319148151
14:309940-310308	0.151916593455409	4.73667967346167	0.707291949372541	0.492029622899306	0.893013505132876	-4.68843956640728
3:525683-526096	-0.151320934624302	4.70037951465382	-0.244412146625884	0.810775744001593	0.965874684901834	-4.75362624995435
13:150710-151474	-0.151127141717986	6.02782803343279	-1.2227457943688	0.243405943899209	0.819049645365927	-4.55405076653319
10:18255-22832	0.151080242311849	9.36727233465464	1.22024950281861	0.244318786259723	0.819049645365927	-4.55482515860386
13:217830-218035	-0.150778135915636	4.3378833109645	-0.72291178195651	0.482701568985735	0.893013505132876	-4.68523260154801
2:443226-444110	0.150572827431872	6.22162845251019	0.681538141934809	0.507643950398507	0.895867978733282	-4.69359353228
6:613115-614224	-0.150548272398723	6.99437957872429	-1.19075998793501	0.255307007965508	0.821964025645049	-4.56389597832754
12:504845-507441	0.149141198436444	8.07110289387706	1.22040202828034	0.244262933730119	0.819049645365927	-4.55477787159442
3:791626-791973	0.148158265513302	4.72513451120943	0.789465872861736	0.444181440681308	0.893013505132876	-4.67089693338083
18:196438-198090	-0.148064452763639	6.99143842253165	-0.773378776870891	0.453308574433028	0.893013505132876	-4.67446034641421
1:648533-651858	-0.147735422377699	8.24862486766888	-1.57019515456123	0.140688038295557	0.741452058043256	-4.43771218917132
4:529197-533051	0.147119228621476	9.29170031331225	1.52817650126743	0.150734075418104	0.743830506412214	-4.45256434736006
2:71537-77707	0.146394371290683	12.4874828962898	0.737852024006726	0.473880830934177	0.893013505132876	-4.6821085352239
3:2634-5033	-0.146369476937979	7.46637335840425	-0.949019772030481	0.360140161295164	0.861060875778433	-4.63233132505026
6:586711-587027	-0.146038254900066	4.4431744686294	-0.352305353526342	0.730327333841963	0.95685566319741	-4.74386196211545
12:32983-33389	-0.146004966904188	9.15554330609797	-0.419155273822758	0.682033375712773	0.948678765730977	-4.73610030760325
6:558680-562360	0.145819936177908	8.45146204006804	1.65466724796105	0.122227598161727	0.725754860426922	-4.40733961638878
2:690122-691892	0.145527481953343	6.90371569421795	0.974519142182705	0.347810441853521	0.854395435515901	-4.62565151813854
11:68123-69360	0.145523495628621	6.37959374638108	1.07144946563203	0.303703655008001	0.845603892654913	-4.59905749294605
7:105329-108833	0.145522636206803	10.1016794313323	1.04875979430366	0.313638372634731	0.845603892654913	-4.60544835722013
16:524207-525616	-0.145411541115688	6.32916924344307	-0.517514273820808	0.613601180037855	0.933605394923321	-4.72236541890681
1:17915-18081	-0.14527452002677	3.85175727119456	-0.448542057808172	0.661241654075899	0.940002629558001	-4.7322822009532
10:175298-176479	0.144512953207064	6.54184403741783	1.35167122976107	0.19982448904021	0.794992052321836	-4.51275070636926
10:285739-287681	-0.144386052996439	7.05415781993449	-1.34882292756168	0.200713785689334	0.794992052321836	-4.51368937652243
16:138594-141018	0.144371587959105	8.04602932091117	1.39758663460767	0.185929117938262	0.776782073127063	-4.49746746580646
11:333071-333780	0.144347516873208	7.41412601896025	1.17157614517767	0.262659374371143	0.834249205942595	-4.56971880967832
17:222570-224219	0.144322086389987	7.5181355448072	0.84316704771462	0.414574126263392	0.880865749163263	-4.65855987336127
5:383715-394700	0.143825874387717	11.3251243494046	0.753303023493365	0.464863709525627	0.893013505132876	-4.67881996629056
2:48654-49194	-0.143632676994668	6.69925019933922	-1.38966273911462	0.188268520609238	0.776782073127063	-4.50012499666264
6:664592-666846	0.143262496948465	8.03497767210192	0.948153857909316	0.360564195788071	0.861060875778433	-4.63255576430617
14:349341-351238	0.143156830788085	9.05393651280752	1.05832215563177	0.309422595364636	0.845603892654913	-4.60276701594347
9:339934-341348	-0.142091434549619	6.63861156224625	-0.636257965017399	0.535791423949633	0.902408796890506	-4.70224507447308
10:170337-172670	0.141650759083889	8.93312834736461	0.963200571405859	0.353245791940928	0.857377592214401	-4.62863329758458
7:338112-339129	0.14144012891353	6.32369653041729	0.880220667963543	0.394924298484804	0.878488663980687	-4.64966055705677
2:369097-369816	0.141351736601091	6.94089887876597	0.560277081913931	0.584938647395132	0.917024204487952	-4.7155564603944
10:347317-348975	-0.141262213145628	6.83938912877227	-1.1967320773847	0.25305113392443	0.820168665295312	-4.56207062151054
11:3591-5361	0.141243697180405	7.21956990199945	1.26870373577043	0.227076206438031	0.815320487254578	-4.53961660888008
5:570265-581357	0.141071938564462	11.6724361231634	0.844547927530022	0.413830377920183	0.880865749163263	-4.65823381384658
6:513355-513617	-0.14106840011867	4.37182839009939	-0.474213482150998	0.643314473405006	0.936082313582374	-4.7287466566374
19:50057-50621	-0.140505165256681	5.6153673753162	-0.472526063059187	0.644485898349218	0.936082313582374	-4.72898474669441
11:309310-312352	0.140383911590632	9.04123082853721	1.45906231177628	0.168587038177288	0.764068293198352	-4.47657997082283
5:152053-156118	0.140343138446612	10.400102637357	1.1308019292825	0.278828472276526	0.844622114297198	-4.58188394821592
12:164013-166092	0.140036562401427	7.83493189520056	0.916326054563955	0.376393640206292	0.869741102971212	-4.64069439668916
1:198536-199789	-0.139995944139314	6.30832848047635	-0.772199370880928	0.453982358876432	0.893013505132876	-4.674719154658
4:234898-234962	-0.139950897927015	3.04417384295508	-0.493475730055485	0.63001336997265	0.936082313582374	-4.72597236182056
13:190051-192890	0.139543367524759	10.5987628076195	1.0911271014868	0.295278986856943	0.845603892654913	-4.59343592411249
7:132997-133960	0.139149371932438	6.49412484278448	0.867789504979836	0.401445363427319	0.880865749163263	-4.65268074951505
12:384119-384333	0.139016858739381	4.16422607186613	0.525849034332313	0.607960325358191	0.932618121647262	-4.7210775487117
5:319269-323150	0.138865083368602	9.07734861050041	1.22805575535662	0.241473129792922	0.819049645365927	-4.55240017568975
9:707911-713054	0.137406065233847	11.1694335528033	0.719253858809561	0.484876362541421	0.893013505132876	-4.68598907055258
7:372789-377396	0.137142179192113	10.5976631188082	1.04652809232991	0.314628335465107	0.845603892654913	-4.60607159677317
8:380363-383571	0.136672902262689	8.07597340726466	1.12054708790226	0.283012225771194	0.845603892654913	-4.58489723600398
9:185261-185473	-0.136538520757804	4.09374649618484	-0.355225654428907	0.728190531643949	0.95685566319741	-4.74354997640982
6:216831-217460	0.136536094497044	5.69354851877583	0.673249215639146	0.512730895353384	0.896430174657571	-4.69521661659313
10:234040-236152	-0.136410889089733	7.86270989178549	-1.16201598100312	0.266384035171023	0.838016119845829	-4.57259713468053
7:519331-522621	0.134993726925487	9.48950550489153	1.26671381557186	0.227764719450853	0.815320487254578	-4.54024842744337
5:396269-397146	0.134769396014295	5.88152409472447	1.12114645422361	0.282766392841543	0.845603892654913	-4.58472163864237
18:335613-335956	-0.134694738770536	4.84288712587138	-0.775116402667371	0.452317036624627	0.893013505132876	-4.67407843371332
20:38490-41072	-0.134468811229015	8.05531461438461	-0.903284331072615	0.38301682719965	0.875467033599199	-4.64396612641378
12:190751-194743	0.134271387313531	10.3344755876469	1.01075247569782	0.330812660671775	0.845603892654913	-4.61592924608505
15:245175-245621	0.134189453441518	5.34308875354322	0.750262388608918	0.466629720044507	0.893013505132876	-4.67947174149643
5:696726-697290	-0.133377565101068	5.35562345220237	-0.476439746356962	0.641770495301946	0.936082313582374	-4.72843131561322
4:612173-615624	-0.133342458668474	8.35338094154609	-1.20498064713795	0.249960961909883	0.819747750859741	-4.55953969788487
1:1086403-1086701	0.132871155789332	4.71437314125598	0.430989899884891	0.673626337482602	0.943775899267474	-4.73459225147297
5:823802-825576	-0.132395198112876	8.5615855474397	-0.567940623179341	0.579876426171838	0.914544252691829	-4.71428370396551
20:147156-147949	-0.132165759658615	5.67719832710663	-0.761501574503523	0.46012276386513	0.893013505132876	-4.67705136284965
5:369391-370527	-0.131959672454569	6.61626825100434	-1.07861873110072	0.300613736198952	0.845603892654913	-4.59701778094871
4:811305-811592	0.131432102563307	4.60876380365905	0.48497402491014	0.635867840354729	0.936082313582374	-4.72720961745109
13:474407-474640	-0.130605542394473	4.10629462444423	-0.466232552234455	0.648863634196341	0.936082313582374	-4.7298656926398
10:409274-409476	0.130275004400668	3.80771284426615	0.394764818776978	0.699498908234124	0.948678765730977	-4.7390817716027
2:944397-944608	-0.130240502557983	4.32765082066423	-0.705462751359001	0.493129059192219	0.893013505132876	-4.68881114119912
5:535162-539010	0.129642097172738	8.94979466860981	0.970560118652804	0.349704817369364	0.854395435515901	-4.62669751463103
10:583042-583597	-0.129588340089494	5.31026595557818	-0.506740422067927	0.620930892890001	0.936082313582374	-4.72400180087583
1:892301-893060	-0.129248056956378	6.2838030450279	-0.698680282019969	0.497218496487247	0.893013505132876	-4.69018157416651
6:377342-378210	-0.128339883326765	6.24843689958969	-1.05451260484476	0.311097070513844	0.845603892654913	-4.60383734773155
19:115673-116063	0.12824988955936	5.77851867760725	0.514966209062944	0.615330828472189	0.933605394923321	-4.72275532357463
6:670146-671445	-0.12761046879163	6.76302997713812	-1.32196615190872	0.209258788597186	0.796333187431793	-4.52248427114351
15:62788-63203	-0.127515844544671	4.76726313542618	-0.471340200611259	0.645309729642965	0.936082313582374	-4.72915159054914
11:17852-19704	-0.127113039145546	7.41548448506259	-1.091709824272	0.295032200175778	0.845603892654913	-4.59326834535161
16:477751-477802	-0.127011582014212	2.73264196687032	-0.40429937166313	0.69264947479295	0.948678765730977	-4.73793662569326
13:332498-333213	-0.126615043087921	5.87350824420402	-0.558424190605956	0.586166039800538	0.917024204487952	-4.7158618058115
6:87841-93243	0.126313722345662	10.1588418397292	1.23267305356678	0.239802295455761	0.819049645365927	-4.55096120996795
2:800244-802964	0.126130977142976	9.40516106363316	0.806470374476464	0.434662525924052	0.891269179370484	-4.66706341750283
9:92932-93974	0.126019254472907	6.65754171617345	0.629847011299483	0.53984689919552	0.902408796890506	-4.70342713667526
1:95273-96499	-0.126015838213734	6.63857566147623	-0.720019388392319	0.484420730484803	0.893013505132876	-4.68583103180139
6:638725-640834	-0.12586872443733	7.42635098623358	-1.10250441538059	0.290488587954374	0.845603892654913	-4.59015267292269
6:753032-755420	0.125836634271313	7.37604284550392	1.02950593515185	0.322254936528536	0.845603892654913	-4.61079337267238
18:205284-207133	-0.125493517820175	7.17357016719192	-1.04685068911921	0.314485092332111	0.845603892654913	-4.60598156600749
7:109157-109193	0.125478230281608	-Inf	0.441009910058822	0.667155053861146	0.942287105940135	-4.73313627290529
11:180672-181666	-0.124963741673197	6.1824457042086	-0.979612345243824	0.345384133754077	0.854395435515901	-4.62430109876603
17:10991-11353	0.124869861075611	4.56746792518264	0.467971025210507	0.647652991815877	0.936082313582374	-4.72962345909949
13:287283-287365	-0.12448496815107	3.17557127457605	-0.31814619865964	0.755491758710059	0.961923424583759	-4.74732578043313
14:155257-155705	0.124475141159621	4.72032144335586	0.656130613772718	0.523330275563181	0.897137615251168	-4.69851306261867
2:872351-877051	0.124371362325746	11.1991580034174	0.758209378429116	0.46202287970103	0.893013505132876	-4.67776352081206
5:621271-623491	-0.124218654522472	7.30912885914332	-1.1129050112542	0.286160886996873	0.845603892654913	-4.58713044654043
9:518041-521614	0.123758515152467	9.52698746919721	0.877969930543419	0.396099632087902	0.878488663980687	-4.65020994552141
6:414462-416168	0.123749674665325	7.80820097697116	0.835826006762422	0.418542897041744	0.882198202147867	-4.66028592633703
8:83354-85077	-0.123716467561963	6.94783091068857	-0.891369854792961	0.389137079947811	0.878303169870552	-4.64692250125577
6:351150-351463	0.123523887388937	4.78302566581506	0.512589249644589	0.616946491656445	0.934381313754847	-4.72311743127132
2:850122-850396	-0.123250227056471	4.44916910631526	-0.951145809667308	0.359100537760118	0.861060875778433	-4.63177959834444
2:355396-356772	0.122718180335751	8.31263671306931	0.813152780886931	0.430958157037089	0.888960242373856	-4.66553827815922
1:92611-93775	0.12256369088051	6.52020202050564	0.738994537653207	0.47321039528361	0.893013505132876	-4.68186736637812
19:89259-89533	-0.122241272654913	5.53154813123447	-0.594703722860351	0.562380350638346	0.90781633964685	-4.7097151568685
17:64548-66705	0.121973821143087	7.78536459986493	1.05455950893964	0.31107641333764	0.845603892654913	-4.60382418652726
3:175346-175732	0.121731376141441	5.07535857111811	0.401603704489783	0.694583167913158	0.948678765730977	-4.73826304178358
2:982655-986684	0.121381260774116	9.757620729583	0.882042317196342	0.393974765844841	0.878488663980687	-4.64921507859279
17:380121-380451	0.121364105651737	6.18135621122551	0.553095162794354	0.589703538496996	0.919832993578771	-4.71673481650561
19:112356-113195	0.120948178126524	6.88454544950486	0.669062249227418	0.51531173081987	0.897137615251168	-4.69602981889346
2:761106-766669	-0.120827000714751	9.02785184372067	-0.982179830937482	0.344165622589989	0.854395435515901	-4.62361832519935
1:622098-626313	0.120781640104354	10.5319127498294	0.844003068770915	0.414123735684685	0.880865749163263	-4.65836252049527
11:362947-363358	0.120730271319184	4.89591071909077	0.356855637222668	0.726998890440594	0.95685566319741	-4.74337475734114
8:661421-665194	0.119795453375568	8.98687099994428	0.917473995787036	0.375814473740156	0.869741102971212	-4.64040464484181
3:923961-925148	-0.119447203059713	6.33283163129131	-0.62968208048842	0.539951458791121	0.902408796890506	-4.70345740532808
18:163378-168660	0.11927979923915	10.3164676629095	1.01542654053202	0.328664478684168	0.845603892654913	-4.61465574313085
10:288220-288757	0.118228445434052	5.19194692288926	0.398462945350587	0.696838952138647	0.948678765730977	-4.73864071636408
2:36757-37288	-0.118031081211838	7.24523706700646	-1.07487611937652	0.302223845767773	0.845603892654913	-4.59808379454478
8:304954-305295	0.117786953764042	7.27488030138145	0.421611485376229	0.680284852174707	0.948678765730977	-4.73579060820256
2:400038-401182	-0.117431767187615	6.66222336873838	-0.634922258741597	0.536634952588785	0.902408796890506	-4.70249223821477
1:974444-974949	-0.117363434263126	4.96620535741233	-0.520604615578493	0.611506659400706	0.933166231686626	-4.72189013474867
8:439646-441482	0.117334727939243	8.8239507643966	1.24024694304674	0.237081359910557	0.819049645365927	-4.54859345347442
16:389678-391486	-0.117153163974073	6.78959759920717	-0.593813200196794	0.562957902511411	0.90781633964685	-4.70987025002489
5:363459-364181	-0.117060684849947	5.91067170545459	-1.03622209052769	0.319229825118104	0.845603892654913	-4.6089371502824
10:525323-528839	0.116844288696297	9.02950676452247	0.629235167088155	0.540234841235428	0.902408796890506	-4.70353938863251
4:599231-599823	-0.116514196216559	5.32840473031233	-0.357382270851869	0.726614039204954	0.95685566319741	-4.74331797987028
4:276944-278598	0.116445918840469	7.06364133534213	0.69173230034551	0.501428644880453	0.893013505132876	-4.69157344730341
9:498729-501027	0.116236348684643	9.22792401502229	1.03400182209257	0.320227574659963	0.845603892654913	-4.60955177216144
8:66133-67895	0.116080141689363	7.46642915512705	0.740724550711727	0.472196324212071	0.893013505132876	-4.68150157430677
14:377244-379422	0.115971362181646	9.79134675984394	0.60239912187175	0.55740286207991	0.90781633964685	-4.70836615056355
14:526835-528703	-0.115625020285734	7.08790595383286	-0.678980061520085	0.509210681504256	0.895867978733282	-4.69409630553354
16:130735-131333	-0.115109751193217	5.31836016886315	-0.34777791207184	0.733644727163521	0.958822811738463	-4.74434071876793
14:6161-6262	-0.114930556677217	3.55430320529688	-0.424972071100214	0.677895643263168	0.948156025544245	-4.73536408457212
9:557120-559702	-0.114524626720135	7.77943667080265	-0.862010401349256	0.404501461630673	0.880865749163263	-4.65407297770113
8:40743-41522	0.114506704030262	5.89041949154327	0.897780304698551	0.385835898881295	0.878109287109153	-4.64533573997047
20:112581-113016	-0.114424941803781	4.97910107613134	-0.60837814781243	0.553552194853316	0.907688071063823	-4.70730718896107
3:660972-662266	-0.114405350577437	6.546030142548	-1.00744537062179	0.332338728338496	0.845603892654913	-4.6168276610346
1:632535-634728	0.114386895335186	7.52316107568762	0.855823695336263	0.407790343142743	0.880865749163263	-4.65555503258284
13:17852-20511	-0.114191479422026	7.89523377496936	-1.02961381232859	0.32220618109273	0.845603892654913	-4.6107636275005
15:445991-446951	-0.11399640126791	6.45224804002929	-0.929310325504732	0.369878699837414	0.867191129730536	-4.63740043177245
2:871736-872033	-0.113840319474516	4.53333681745443	-0.748251948725501	0.467799677746218	0.893013505132876	-4.67990145117795
8:635860-638403	0.112836047706712	8.59495868253381	1.01581574218655	0.328486060950871	0.845603892654913	-4.61454950372842
8:155471-155848	-0.112761357842516	5.02324520346787	-0.316099613490313	0.757009055546454	0.961923424583759	-4.74752241730548
13:72170-72586	0.112708684038043	4.82642255981016	0.69424779313137	0.49990193603252	0.893013505132876	-4.69107093028572
2:387525-389528	0.112617412102807	9.04455024233556	0.430645587585146	0.673870291711814	0.943775899267474	-4.73463669065834
16:235124-240149	0.112210582452237	8.97732836769388	1.0118314898439	0.330315848547604	0.845603892654913	-4.61563564429649
8:268010-269837	-0.112111528949451	7.06304233196949	-0.801375639035789	0.437500575084878	0.893013505132876	-4.6682191490025
13:376177-376928	-0.11210948338883	5.75857313942373	-0.452237676781699	0.658647080401406	0.940002629558001	-4.73178468419088
8:471982-472212	0.111979681934113	4.06030002545326	0.390564113340826	0.702525373865174	0.948678765730977	-4.73957798225922
15:376634-377346	0.11157106403871	5.7935026965127	0.406712534626708	0.690920332823075	0.948678765730977	-4.7376426456534
10:576094-576645	-0.11149665774369	5.47005886042017	-0.463099794605977	0.65104785728424	0.936082313582374	-4.73030005516327
16:15374-18039	-0.111153477626436	8.92440543305179	-0.714804082524656	0.487529949526159	0.893013505132876	-4.68690481224602
4:634794-637212	0.111069117347972	9.76498697856304	0.91138269324934	0.378894741203613	0.871705548390012	-4.64193888174113
10:287765-288004	0.110866160634114	4.27076808202568	0.487212317956836	0.634324003639983	0.936082313582374	-4.72688583247347
20:114433-114653	0.110840675374862	4.2733848454479	0.41315710826867	0.686311370842864	0.948678765730977	-4.73684934974991
4:779657-781116	0.110644116564403	6.80768123167067	0.657857638745847	0.522255257342151	0.897137615251168	-4.69818391120778
17:78379-80246	0.110156124156912	7.93906535140509	0.886638133481125	0.391586087349207	0.878303169870552	-4.64808790466217
4:548809-551441	0.109799785036222	8.01081434428709	0.78121771805419	0.448846345508334	0.893013505132876	-4.67273169072677
2:998435-999236	0.109752905441252	6.01001955425792	0.705101374732784	0.493346438307146	0.893013505132876	-4.68888445039769
9:273505-276817	0.109575630322794	9.1167691096723	1.20523821931521	0.249864944540404	0.819747750859741	-4.55946048512331
6:461346-462339	-0.109501933003465	6.4803499901289	-0.876597790557355	0.396817322650367	0.878488663980687	-4.65054431969945
6:532080-536153	0.109320133477436	10.8167086389359	0.704028984383258	0.493991852332662	0.893013505132876	-4.68910180375916
5:511315-513055	0.109291539878376	7.42737598827526	1.07497716245825	0.302180291740822	0.845603892654913	-4.59805504901117
1:531359-531705	-0.108561000761878	4.46778042988175	-0.434836773322357	0.670903348432796	0.943374082483399	-4.73409345324602
6:53877-57523	0.108369868394027	9.76471230090123	0.698789464390102	0.497152505847411	0.893013505132876	-4.69015960484757
4:283164-286273	0.108326990497083	7.99714192537963	0.913238517225121	0.377954443679626	0.871440813374859	-4.6414723030768
8:508615-512703	-0.107885214333746	9.32542820923892	-0.407492077527071	0.69036213990332	0.948678765730977	-4.7375473214537
5:557546-560275	0.107316713252072	7.55532965454626	0.814333495244466	0.430305770083857	0.888960242373856	-4.66526771358452
1:849994-850155	-0.107247399920893	3.67883405374365	-0.264426809352638	0.795650002328611	0.965874684901834	-4.75207611758023
1:1012406-1013010	0.10664886309158	5.70691612666995	0.53932185693873	0.598897256151219	0.925596084254757	-4.71895545266723
14:78115-78285	0.10618060762532	4.08500401445114	0.357432720124527	0.726577176141137	0.95685566319741	-4.74331253658293
7:713221-714373	-0.106048044806523	6.80904525912015	-0.592290013189861	0.563946514023043	0.90781633964685	-4.71013503856164
9:52494-52710	-0.105976896347683	4.17606145831546	-0.312453771342149	0.759714607241014	0.961923424583759	-4.74786965033073
2:624761-627075	0.105929104222972	7.58358240715142	0.698444251675281	0.497361172855555	0.893013505132876	-4.69022905716815
15:262381-265651	0.105466936927175	8.08796775640897	1.06008516372006	0.308649932423445	0.845603892654913	-4.60227073766667
3:530208-531566	0.104622499522467	6.86862649945783	0.656161675340691	0.523310929492146	0.897137615251168	-4.69850714942117
16:170969-173026	-0.104569186029114	9.85996264378453	-0.594992829416421	0.562192918437435	0.90781633964685	-4.7096647607953
2:307311-307532	0.104439961963647	5.99593607488193	0.677709742353202	0.509989759185069	0.895867978733282	-4.69434535946642
4:807353-807677	0.103924943532613	4.48542489226007	0.375686590587739	0.71328638341508	0.953456228970031	-4.7412943724762
10:40280-43106	-0.103657767740372	8.18408540699087	-0.938454787713323	0.365337765679011	0.865014978827434	-4.63505884143395
9:510722-510922	0.10361444511662	4.30217292315019	0.445980229410223	0.663042913127909	0.941093167020258	-4.73262481408627
5:198951-200257	-0.103425700383306	6.63170518995387	-0.773349007643498	0.453325573553398	0.893013505132876	-4.67446688307161
2:22192-22449	-0.103284832334818	6.91553592428995	-0.260983300076378	0.798246445982141	0.965874684901834	-4.75235134890312
8:715239-715433	-0.102950607205126	4.1436343999026	-0.413041431050759	0.686393985238246	0.948678765730977	-4.73686369405877
7:5277-9157	0.102840301694114	8.64439231988731	1.14299612272495	0.27391503718903	0.844622114297198	-4.57827635007191
9:287481-289541	0.102834309389984	7.59441349317349	1.13118634188166	0.278672560950073	0.844622114297198	-4.58177062545878
2:307880-308617	0.102688547446046	7.9491512461945	0.639114984975971	0.533989666105688	0.90222893985217	-4.70171484199659
1:1001880-1004955	0.102280675330411	9.50510288333548	0.610784113694166	0.552006810968503	0.907688071063823	-4.70687839510673
2:794280-795347	-0.102240806010967	6.58215358156547	-0.641066567274683	0.532760888937081	0.90222893985217	-4.70135142863614
8:200737-202397	-0.100648075042779	7.0608246059796	-0.731767155361786	0.477461319167014	0.893013505132876	-4.68338755687007
8:124210-124503	-0.100611346408081	4.3284474449427	-0.291412252507807	0.775392763081796	0.964171388729088	-4.7497968697855
9:152069-154909	-0.100130706781608	7.96082779534365	-0.987372619325616	0.341710563979656	0.854395435515901	-4.62223326574686
12:537126-537692	0.0998649870759198	7.0428977582506	0.849961604622735	0.410923086269891	0.880865749163263	-4.65695130595794
14:535891-537509	-0.099279594596843	7.12278730814798	-0.749658802497481	0.466980780441862	0.893013505132876	-4.67960085507971
14:395149-395554	0.0990876545036654	5.66021109337827	0.844196921850129	0.414019347327253	0.880865749163263	-4.65831673627089
16:297413-301850	-0.0990190365246058	8.37304107052759	-0.709268989440802	0.490842984796048	0.893013505132876	-4.68803701772263
11:324735-327399	0.098799230192407	7.74498783395264	0.889846150728339	0.389924564916929	0.878303169870552	-4.64729832458482
17:387844-388706	-0.0982512582040016	5.84082817217722	-0.47331679746357	0.643936838383439	0.936082313582374	-4.7288732757475
2:791363-792644	0.0981549855982173	6.63479857252178	0.731471852467015	0.477635503844039	0.893013505132876	-4.68344939654381
16:71659-73086	-0.0976659863500311	6.87294614738516	-0.544126349192664	0.595681976776624	0.92261720312974	-4.71818670074447
14:180483-180943	-0.0973150510376186	6.3879450567625	-0.727390987304742	0.480046590337314	0.893013505132876	-4.68430176958155
4:134831-136661	-0.0965127476429233	6.64050967618151	-0.346387670531041	0.734664522372732	0.958968770859833	-4.74448652786217
4:302495-304734	0.0955538245302483	7.84838690760091	0.824175054327721	0.424892976747669	0.888960242373856	-4.66299983054161
11:42527-42909	-0.0954292480603804	5.26780253060557	-0.321909157539259	0.752704737806649	0.961923424583759	-4.74696101160591
1:655738-659031	-0.095384777738464	8.0055880670699	-0.755428700986074	0.463631585888723	0.893013505132876	-4.67836297982806
7:240867-241330	0.0950803404549685	5.01142668667625	0.153878833435727	0.880098652782908	0.97873187260669	-4.75913162257067
2:393049-397784	-0.0950766928135511	8.54046667416488	-1.02418683599443	0.324665609837898	0.845603892654913	-4.61225716855421
6:379593-383340	0.0949347365068771	9.30243308354025	0.899467169042215	0.384970409240241	0.878031862111651	-4.6449166903581
9:65347-66624	0.0946521357735426	7.16599195657657	0.840358305119005	0.416089658607016	0.882198202147867	-4.65922173748834
15:374168-375246	-0.0946426479555456	6.66831073422968	-0.328318068233216	0.747966327230876	0.959723501282873	-4.74633015507027
9:629736-631579	-0.0945908885228217	7.07038659956825	-0.740638710797038	0.472246608821949	0.893013505132876	-4.68151974152497
15:439159-439361	0.0945143557100074	3.98481111575715	0.299965375019015	0.769006947637562	0.962169830219509	-4.74902928986247
2:708498-711326	0.094465900306191	8.03585819810913	0.604922951958854	0.5557756605338	0.90781633964685	-4.70792030193711
16:293089-294600	-0.0943581859066764	6.78656123381467	-0.760943070414578	0.460444763327929	0.893013505132876	-4.67717236179533
1:750352-751265	-0.0942532554460263	6.15934676408141	-0.737298814932495	0.474205668316677	0.893013505132876	-4.68222519474513
16:347225-348003	-0.0939560119647345	5.75396504680713	-0.362126789992077	0.723150355066092	0.95685566319741	-4.74280281764267
13:544690-546039	0.0936993226230278	6.67101712688718	0.756762953482869	0.462859244420321	0.893013505132876	-4.6780755757788
15:58334-60716	0.0936180789974079	7.312366866471	0.536865756775554	0.600544336098627	0.925802655357883	-4.71934601280855
9:119234-119819	0.0932382614835507	5.47218746264512	1.00583912686897	0.333081766833213	0.845603892654913	-4.61726322369801
7:196606-196859	-0.093006450008283	4.67837477268597	-0.28037706653825	0.783656852621885	0.965874684901834	-4.75075511734337
6:387817-388040	-0.0927334969979916	3.75905154365475	-0.241453934284731	0.813018259808071	0.965874684901834	-4.7538451883177
14:396910-397202	0.0923635444837858	6.17599438374678	0.41187289778012	0.687228764030663	0.948678765730977	-4.73700838045248
6:145029-146136	-0.0918322461572618	6.26279892925788	-0.492087636054641	0.630967481035378	0.936082313582374	-4.72617574725539
18:151517-151767	0.0916910741394363	4.26652999133719	0.362449801427554	0.722914773978733	0.95685566319741	-4.74276750641534
1:670831-671047	-0.0901042244952923	4.04290703179022	-0.267989031801757	0.792966713896868	0.965874684901834	-4.75178767249073
7:747449-749011	-0.0899335031070532	7.15315984351928	-0.863292960289199	0.403821877232287	0.880865749163263	-4.65376465058249
16:276635-277774	0.089730001285619	6.37438072611798	0.713633004723128	0.488229769642845	0.893013505132876	-4.68714499441302
16:5873-7716	-0.0893260042060815	6.96146694523643	-0.645627080468005	0.529895707845025	0.90222893985217	-4.70049833791461
1:926889-927320	0.0892581965535282	4.79876822085436	0.26756878785434	0.793283125746415	0.965874684901834	-4.75182189806182
5:642293-642622	-0.0891942364313367	4.74202882253247	-0.393358597158731	0.700511450825846	0.948678765730977	-4.73924844924617
1:25485-25705	-0.0890371553975626	3.96617033789697	-0.234812632969727	0.818059028273815	0.965874684901834	-4.75432714965487
16:286024-289521	0.08899788958953	9.34864482827225	0.653372750247699	0.525049593204571	0.897172120427229	-4.69903708614062
4:416439-418019	0.0885987882065553	7.06203446025224	0.606548534163091	0.554728967887945	0.90781633964685	-4.70763224104961
7:123473-125021	-0.0885189407921292	7.16901861117263	-0.696737749496583	0.498393451214337	0.893013505132876	-4.69057194260418
17:316471-318494	-0.0883770619809452	7.54827531756085	-0.66245902410362	0.519397258762604	0.897137615251168	-4.69730319258008
3:447195-447735	0.0880105185030642	5.6246447126805	0.623611914609718	0.543807589639655	0.902408796890506	-4.70456647151773
16:419773-421141	-0.0878487881066325	6.81443138491074	-0.577999885231196	0.573266802640042	0.914544252691829	-4.71258906036855
4:723945-727695	0.0874950832602135	8.27123009674208	0.690265595061287	0.502320096637243	0.893013505132876	-4.69186571165813
16:379644-379975	-0.0871907335651887	4.78922075715218	-0.448338887728054	0.661384425910601	0.940002629558001	-4.73230944031751
19:46500-48926	0.0871286644802947	11.2137434034399	0.511611205194848	0.617611891099321	0.934381313754847	-4.72326597436037
4:660438-661533	-0.0870849281696051	6.44083051888443	-0.411846416517427	0.6872476867181	0.948678765730977	-4.73701165479402
11:453073-455233	0.0870719932679123	9.53409489974658	0.434963522315174	0.670813711911542	0.943374082483399	-4.73407694687812
14:443843-444713	0.0870538907134106	6.23630324279623	0.276873037377843	0.786286754980666	0.965874684901834	-4.75105181789375
8:323599-323862	-0.0864588550644365	4.54426989533775	-0.653521402277878	0.524956837451878	0.897172120427229	-4.69900889069358
5:697634-698076	0.0864574084011389	5.01294642713699	0.574097370497571	0.575826266377099	0.914544252691829	-4.71324972992161
13:3155-4864	-0.0864025657696308	6.86310445625877	-0.782441400690503	0.448152305244375	0.893013505132876	-4.67246051462262
10:53727-53960	-0.0863414381973242	3.99500613001843	-0.228602268222594	0.822780358970825	0.965874684901834	-4.75476585272277
2:220001-222649	0.0863101639660755	10.1269042309504	0.623465796667453	0.543900601380839	0.902408796890506	-4.70459304944746
6:424007-424143	-0.0854837121504337	3.71461511499473	-0.24440832724636	0.810778638220738	0.965874684901834	-4.75362653431969
8:523382-523564	-0.0854837121504337	3.83490014328864	-0.337602530897381	0.741120814968157	0.959540584692787	-4.74539483053367
7:581556-581913	0.0854553269235785	4.83019359199574	0.462588272620289	0.651404820695773	0.936082313582374	-4.73037071624236
5:2047-3517	-0.085382121062251	6.73266067877139	-0.567242102687272	0.580336885646842	0.914544252691829	-4.71440037009141
6:8527-8723	-0.0852977547055511	4.27734561259352	-0.329975864471149	0.746742365890299	0.959540584692787	-4.74616500424856
18:179622-179870	0.0852705197780059	4.55841707842357	0.440666906675781	0.666785745221391	0.942287105940135	-4.73332947521559
7:412485-412845	-0.0852015132081458	4.64912621066068	-0.326280159764564	0.749471903514616	0.960488264698343	-4.74653206566293
14:239100-241026	0.0851535885800994	7.37039430970874	0.685670639750331	0.505118945493445	0.893476727706998	-4.69277780624104
6:166329-166610	-0.085133117965916	4.22318455754954	-0.202120303521494	0.84299142640262	0.969733767196235	-4.75650623469906
14:7733-8417	-0.0845684899674639	5.98151883131274	-0.473303837467069	0.643945835625018	0.936082313582374	-4.72887510415035
14:274755-275768	0.0841407393864264	6.22372868261886	0.489552038074488	0.632712112533464	0.936082313582374	-4.72654588129496
7:196039-196141	0.0839835479460929	3.70627882784599	0.277702421722726	0.785664023354793	0.965874684901834	-4.75098192065004
5:589451-589740	-0.0838461461340021	4.74442850117742	-0.249657267678935	0.806803891283502	0.965874684901834	-4.75323160823638
19:131826-185428	0.0836729997506751	16.6342561710354	0.413456422603366	0.686097625924197	0.948678765730977	-4.73681221610688
3:297930-300006	-0.0835125168493995	7.47980264029243	-0.577546474368923	0.57356386152153	0.914544252691829	-4.71266602960623
1:238622-240712	-0.0834154054967886	7.26198453282997	-0.66950668140145	0.515037425806286	0.897137615251168	-4.69594371287353
13:213240-214095	0.0832815645694645	7.14094146531933	0.247330898821025	0.808564845762493	0.965874684901834	-4.75340766092078
3:865970-868956	-0.0832017237343035	7.95198718209481	-0.792678480553836	0.44237290462261	0.893013505132876	-4.67017792361732
11:216167-217744	-0.0830674510918019	6.87672826491287	-0.516224815810443	0.614476175029064	0.933605394923321	-4.72256295537117
4:897898-901435	0.0827833995240681	9.16619675720052	0.695290434474009	0.499269944683196	0.893013505132876	-4.69086217499112
7:109798-109995	0.0824415234094333	4.12885416160368	0.383283345226677	0.707783432777642	0.951596244694484	-4.74042595403449
14:480189-480399	-0.0824210270920447	4.04784799864236	-0.258039288722294	0.800468248754743	0.965874684901834	-4.75258384748725
8:255362-260041	0.0824199522828017	9.18894073067819	0.81332356045942	0.430863755465584	0.888960242373856	-4.66549916363445
8:142924-144710	-0.0824034876034849	7.05761036559369	-0.791989536942168	0.442760347173365	0.893013505132876	-4.67033232169855
4:901788-905724	0.0822936067769717	8.49773369750521	0.812932708632519	0.431079825869427	0.888960242373856	-4.6655886723758
7:634308-638345	-0.0822702710285466	8.231791821084	-0.781912510371517	0.448452193944135	0.893013505132876	-4.67257776410054
15:400268-401624	-0.0819878910033509	6.70218873034556	-0.566059841452257	0.5811166605646	0.914544252691829	-4.71459753040208
16:267991-269401	-0.0816771200954971	6.69826227692862	-0.547756882849314	0.593258201949874	0.921394172919461	-4.7176016191827
16:392185-406924	0.0816050180980152	10.9600455116667	0.624573984064605	0.543195403356741	0.902408796890506	-4.70439133742786
4:349106-351492	0.0812625328374894	8.43789859705276	0.410164436611744	0.688450026658145	0.948678765730977	-4.7372192152821
3:302553-304424	0.0812233901711785	9.17139964520479	0.517319266353791	0.613733467854871	0.933605394923321	-4.72239532217353
9:512303-513906	-0.0811477724031864	7.08667684695541	-0.550081044709609	0.59170923314595	0.921394172919461	-4.71722518498725
9:695887-698334	0.081067774810645	10.3461927978806	0.660080275886077	0.520873609659589	0.897137615251168	-4.69775917172962
4:154121-154332	0.0810604189782493	3.93599082144429	0.238329528674633	0.81538862747185	0.965874684901834	-4.75407357643208
12:206834-211784	0.080869924810349	9.27931376952762	0.695115039323124	0.49937622621913	0.893013505132876	-4.69089731139117
10:147236-147796	-0.0800937927738108	5.45647366354638	-0.625736960996629	0.542455888777821	0.902408796890506	-4.70417930656167
3:497287-498980	0.0799941355336378	6.91096388924748	0.558637232002547	0.586024848814569	0.917024204487952	-4.71582674511716
8:697350-698928	0.0799603516064451	8.43098056461132	0.543864561822795	0.595856943687957	0.92261720312974	-4.71822875060315
4:79028-80504	-0.0786347872856545	6.76266618047293	-0.622479504640824	0.544528659864676	0.902408796890506	-4.70477230328855
2:45095-45865	-0.0786242974052147	7.57829873265448	-0.665629139869544	0.517433518657536	0.897137615251168	-4.69669325875446
4:28726-30230	-0.0780444231587554	6.72118078212026	-0.621417606129048	0.545205314788014	0.902408796890506	-4.70496501296469
11:232580-232770	-0.077809729983715	3.9831048964472	-0.261458842355543	0.797887732247621	0.965874684901834	-4.75231355074883
6:731101-732536	-0.0777915185061522	6.46627486421317	-0.311131212840294	0.760696885077558	0.961923424583759	-4.74799464208527
2:656994-658312	-0.0760675056782203	6.91121267884445	-0.721958547636381	0.483267735414338	0.893013505132876	-4.68543005318081
8:647816-647878	-0.0759624882048446	3.05883495252834	-0.120192640095642	0.906191804930426	0.984655049754768	-4.76054547681067
3:562199-562976	0.0757227643059304	5.73907100045876	0.316185129463564	0.756945634667272	0.961923424583759	-4.74751422561896
19:53797-54020	-0.0751490436827718	4.55778886558123	-0.233812476320832	0.818818887346332	0.965874684901834	-4.75439858406912
10:417948-418274	-0.0746726737305057	4.58100235661438	-0.412048141143594	0.68710354610345	0.948678765730977	-4.73698670698271
8:639813-641586	0.0742389155094783	7.58310854987069	0.715904822026021	0.486872716035578	0.893013505132876	-4.68667874446661
4:372038-374695	0.074040413283198	7.70818528750742	0.640449446974692	0.533149273790471	0.90222893985217	-4.70146645254592
7:244890-245686	0.0729054342030606	5.94037844800889	0.472566343730601	0.644457923518264	0.936082313582374	-4.72897907251154
1:702906-703464	-0.0723836122027617	5.46364142334531	-0.660769724534809	0.520445459811684	0.897137615251168	-4.6976271618831
18:157642-159802	-0.0720506146013085	7.34884894679433	-0.574159875736391	0.575785224715246	0.914544252691829	-4.71323918042471
9:402284-404739	0.0720103593048602	9.80575454035302	0.532975339402652	0.603157966616986	0.928476403422066	-4.71996127892861
16:425254-425454	0.0718945075921211	3.88416865087163	0.228313139275385	0.823000341493035	0.965874684901834	-4.7547859945089
2:262620-263484	0.0718165407507803	6.24188999033466	0.525052930426733	0.608497997930836	0.932618121647262	-4.72120138600626
17:30035-37922	0.0714380632837202	13.7764543615811	0.381337271981097	0.709191519483484	0.951596244694484	-4.7406500110878
5:741141-741548	0.0708387148760794	5.01266990384747	0.448620055379403	0.661186847230354	0.940002629558001	-4.7322717405794
12:392878-398770	0.0705524086129081	11.0867287265262	0.439720542717304	0.667453366707596	0.942287105940135	-4.73345414295844
19:80038-80434	-0.0704672575512948	4.75840491471419	-0.348237604851099	0.733307640687073	0.958822811738463	-4.74429238163439
4:113929-114890	-0.0704547697279372	6.01606578583714	-0.485331488929919	0.635621164436118	0.936082313582374	-4.72715800157491
3:422419-423390	-0.0700933856991268	6.25069226505687	-0.365815338973289	0.720461949969694	0.95685566319741	-4.74239778265709
20:130695-133860	-0.0699388289426182	8.26345984136732	-0.577935280792833	0.573309124205369	0.914544252691829	-4.71260003073102
17:159428-160947	0.0698569995892306	6.82681857773552	0.610756369085747	0.552024618162432	0.907688071063823	-4.70688334849067
13:235501-235556	0.0694940144602105	3.01414429542428	0.186315156314127	0.855110410265447	0.977289962849716	-4.75744405973851
2:845174-849116	0.0693569933712945	8.1413529721025	0.685875799027778	0.504993784146552	0.893476727706998	-4.6927371963569
12:340698-341088	-0.0689327952642476	4.96961994050177	-0.35388486902598	0.729171299970373	0.95685566319741	-4.74369352625345
14:399106-402102	0.068916264955349	8.36477043236717	0.585751342697372	0.568201000847862	0.913272841545422	-4.71126468618657
3:658585-660942	0.0685424042061289	7.2886019610163	0.566107938381129	0.58108492692669	0.914544252691829	-4.71458951685032
11:370634-370821	0.0680554134210287	4.02240368240867	0.274780460860462	0.787858616919363	0.965874684901834	-4.75122726164221
5:7856-8090	0.0679410590262992	4.31689781148426	0.294248116939575	0.773273575464482	0.964171388729088	-4.74954477531358
13:68292-69007	-0.0674425663625442	5.4363373942197	-0.267656997121864	0.793216707687312	0.965874684901834	-4.75181471847831
6:203361-212351	0.0671887835627007	9.69612089553747	0.609147064462367	0.553058051341985	0.907688071063823	-4.7071703179994
7:295548-300543	-0.0671728840678654	8.43933198461402	-0.677895720976711	0.509875656174598	0.895867978733282	-4.69430892287668
7:284092-284829	-0.0671112518240973	5.65863353965053	-0.305673854268597	0.764754678324079	0.961923424583759	-4.74850493797921
10:523924-524835	-0.0670598668161198	6.19426734824875	-0.690282800465981	0.502309633887896	0.893013505132876	-4.69186228635958
16:67326-69999	0.0664113441344023	7.97188588058135	0.581133695787727	0.57121587789159	0.914544252691829	-4.7120555704553
4:148253-148526	0.0661128621883371	4.33476400817041	0.216315810735696	0.832141982266995	0.969054135752851	-4.75559959460558
3:315674-318253	0.066062257016398	7.92368446018096	0.612912414802867	0.550641756005111	0.907688071063823	-4.70649781360007
2:237579-240391	0.0658403865795325	8.28737479391971	0.313220445135199	0.759145389385406	0.961923424583759	-4.74779695741357
4:242216-242434	-0.0658216728637777	4.46219654363428	-0.282459310338611	0.78209536082373	0.965874684901834	-4.75057707470292
17:355753-357964	-0.0656664315652176	7.90722881489565	-0.488277025970399	0.633590258268858	0.936082313582374	-4.72673132428945
7:507255-507749	-0.0645006294280694	5.1235640893591	-0.251118606351166	0.805698285229321	0.965874684901834	-4.75312018962393
2:500753-501168	0.0642064477343105	7.17520573011689	0.292507503579302	0.774574079488836	0.964171388729088	-4.74969979010455
2:947129-949143	0.0640338102194846	9.98057828667131	0.547661215534589	0.593322005289047	0.921394172919461	-4.71761708252929
14:301623-302289	0.0632264446217334	5.54723632246247	0.341081881331081	0.73856132710805	0.959540584692787	-4.74503780186401
13:39603-41323	-0.0630169495141866	7.01334854461544	-0.444557103414792	0.664044478844582	0.941249623704535	-4.73281433632384
2:35889-36229	-0.0629712527218258	6.43492047396921	-0.360129187400967	0.724607913731359	0.95685566319741	-4.7430205179705
15:422963-423196	0.0627317913212755	4.07813689990364	0.114567286010635	0.910561131285208	0.984655049754768	-4.76074785726289
13:523879-524771	-0.0624185557016865	5.80437503777861	-0.307011453908988	0.763759437273255	0.961923424583759	-4.74838067874217
2:37813-38752	-0.0621941845712897	7.68791381215547	-0.387390889861865	0.704815086159112	0.950264257619971	-4.73994944309812
14:3785-4725	-0.0621102275687759	6.26680462998109	-0.696571756741151	0.498493929803066	0.893013505132876	-4.69060525619281
6:406265-406690	0.0619668415990642	4.93803366636607	0.204927611571566	0.840843108788922	0.969733767196235	-4.75633176129086
13:525080-527010	0.0618653507130116	6.95284000657316	0.320668679673496	0.753623096126788	0.961923424583759	-4.74708172043356
1:1040176-1042064	0.0618008966134953	7.7603674510633	0.393925719968442	0.700103025088191	0.948678765730977	-4.73918129753742
20:30484-33496	-0.0617552477574961	8.8399669681098	-0.352449313027831	0.73022194262269	0.95685566319741	-4.74384664078633
1:663202-664374	0.0617288498874267	6.3793247616385	0.332808698472516	0.744652524313612	0.959540584692787	-4.74588092616364
7:496208-499114	0.0610153536682851	10.9609169916429	0.485790639564923	0.63530438388706	0.936082313582374	-4.72709165036145
5:395066-395861	0.0607628755009939	5.66823416399838	0.176763693242341	0.862453055058372	0.977911455104081	-4.75797415433545
11:367069-367965	0.0603681621820984	6.12582976566488	0.409600017190981	0.688853692012721	0.948678765730977	-4.73728868416227
16:74346-74897	-0.0602763505281727	5.49702043358058	-0.456510022924032	0.655653336001206	0.940002629558001	-4.73120471449502
5:686033-686225	-0.0601489897579617	4.28672677348241	-0.252625852924723	0.804558402458375	0.965874684901834	-4.75300460103196
9:55598-56968	0.0600299890062841	6.63419657557175	0.473411769643091	0.643870907461454	0.936082313582374	-4.72885987558683
18:339198-341009	-0.0599068458669016	7.19138930743234	-0.629647196321558	0.539973575424803	0.902408796890506	-4.70346380647595
2:548084-548550	0.0598557793118735	6.5846934495745	0.221636771412214	0.828084325929026	0.968390972515007	-4.75524410024137
17:39709-40245	0.059633317414896	6.89598457642769	0.390695660294429	0.702430518213965	0.948678765730977	-4.73956252045032
8:343192-343454	0.0589787305074561	4.37207549246091	0.174057364778726	0.864535988979298	0.977911455104081	-4.75811932424073
15:381299-381534	0.0586731949906429	4.40621642770735	0.269567054936281	0.791778923484912	0.965874684901834	-4.75165868457482
4:382011-384121	-0.0583979035088174	7.17723560417028	-0.367273128068641	0.719400502320712	0.95685566319741	-4.74223661300672
2:32787-34212	-0.0580350089323218	8.09106104762299	-0.467710562464649	0.647834307164514	0.936082313582374	-4.72965980530153
5:651701-652054	0.0576362447802632	4.7810867757371	0.227869661289899	0.823337790109902	0.965874684901834	-4.7548168399685
13:88094-88370	-0.0573496023270601	4.25516784874235	-0.160326881959271	0.875119626016436	0.977911455104081	-4.75882159167769
4:112055-113623	0.0571803329078273	8.00729653390463	0.44906095519934	0.660877076778894	0.940002629558001	-4.7322125784459
1:237304-237730	0.0570370439484913	4.79158773456661	0.160332122623376	0.875115581524238	0.977911455104081	-4.75882133455902
13:276004-277746	-0.0569564573653238	6.927183268252	-0.560366847379891	0.584879218956253	0.917024204487952	-4.71554164400052
3:120895-125399	0.056433922761622	8.69305417896986	0.529348829151625	0.605599453997834	0.930877763350382	-4.72053107787004
6:212604-212774	-0.0561911830634174	4.1375629758996	-0.203099291049828	0.842242097767413	0.969733767196235	-4.75644566117741
3:542049-543142	0.0557511149595529	6.52419360039695	0.490277157335615	0.632212955935344	0.936082313582374	-4.72644021484477
7:716245-719554	-0.0557389330517228	8.7979196487423	-0.359183716579974	0.725298170875388	0.95685566319741	-4.7431231507022
5:668850-672117	0.0557382163154401	9.50051398990055	0.369037891350244	0.718116351248453	0.95685566319741	-4.74204067808562
18:26144-26794	-0.055492083564272	5.78517603679089	-0.244781987071555	0.810495502976952	0.965874684901834	-4.75359869340626
3:622363-623125	-0.0554365385686744	5.79764012528653	-0.268197174668995	0.792810012229624	0.965874684901834	-4.75177070137796
17:139119-140428	0.0551071641215914	7.01840614744093	0.462785133145421	0.651267431821412	0.936082313582374	-4.73034353087032
13:466305-466915	-0.0549994906786342	5.28814098146378	-0.169183944118587	0.868289482798425	0.977911455104081	-4.75837513559962
9:481112-481325	-0.0549883972058578	4.0797570149548	-0.0955812737799835	0.925329488292864	0.984655049754768	-4.76135951559416
11:347579-352527	0.0547333365519052	9.03672848331178	0.451441001185198	0.659206012687668	0.940002629558001	-4.73189226202491
1:430327-434540	0.0546877786104218	9.0092504024183	0.369110187455407	0.718063763113524	0.95685566319741	-4.74203263201971
4:893061-894976	-0.0538866334941313	7.07504789284391	-0.331492832731646	0.745623005504809	0.959540584692787	-4.74601317508888
19:106273-107091	0.0534653184410008	8.46074421387828	0.393033969015727	0.700745282477709	0.948678765730977	-4.73928684596126
6:405239-405646	-0.0526895413366448	4.83143660356913	-0.301765385204836	0.767665264395729	0.961923424583759	-4.74886499119227
6:576484-576701	0.0525615671791884	4.17410650322752	0.168520966429128	0.868800365581114	0.977911455104081	-4.75840937905613
6:760117-760965	-0.0521276336705183	6.03261911864831	-0.404022821365091	0.692847750669795	0.948678765730977	-4.73797020913283
18:109295-109787	0.0520997683420639	5.35000515604498	0.23096005072157	0.820987034524945	0.965874684901834	-4.75460066277997
14:268417-268908	-0.052080041492788	5.15363586007415	-0.23488661648341	0.818002827632517	0.965874684901834	-4.75432185357933
13:479419-483060	0.0519757688591032	8.83521308194785	0.521164815452579	0.61112735653436	0.933166231686626	-4.72180369642932
2:50115-50335	-0.0519018020640329	5.50768511250216	-0.386443580486616	0.705499221566342	0.950264257619971	-4.74005977211951
16:413517-416214	-0.0518982650171704	9.21831660825948	-0.307100953714243	0.76369286052876	0.961923424583759	-4.74837234558026
3:359232-361663	0.0518117555924	7.51007792233824	0.408338681301882	0.689756141647757	0.948678765730977	-4.73744359922617
5:721500-723929	-0.0513688724953152	7.62899059842329	-0.434910777933326	0.670851011948253	0.943374082483399	-4.73408381627037
2:714953-716235	-0.0503925816526145	6.51425248259871	-0.230116523522205	0.821628499673794	0.965874684901834	-4.75465995360778
15:309099-310184	-0.0503607206694401	6.46577068178764	-0.344885136269858	0.735767278384799	0.959222525894256	-4.74464347839854
18:218888-221200	0.050344324609422	8.18572921713977	0.487468105004439	0.634147690756138	0.936082313582374	-4.72684874205224
14:374316-374861	-0.0498570159439469	5.47636081166921	-0.220028945842136	0.829309884883195	0.968751369952051	-4.75535241841654
14:546719-547272	0.0497005724216306	5.08016474114258	0.164310071441458	0.872046655180361	0.977911455104081	-4.75862376021597
4:852968-854241	-0.0494821215549308	6.62311618799699	-0.469577110022147	0.646535469434981	0.936082313582374	-4.72939891721111
8:153633-154574	0.0492577683437707	6.13822668225983	0.334058992871558	0.743730824184378	0.959540584692787	-4.74575479625235
3:773235-774312	-0.0487148405545339	6.53863074916469	-0.199701077648314	0.844843812330054	0.969733767196235	-4.75665467926363
3:597722-598339	-0.048304597103261	5.32376199431109	-0.187869531932901	0.853916800439524	0.977289962849716	-4.75735517908033
4:337939-339731	0.0472926282927402	7.56007169156845	0.276206328079381	0.78678745545254	0.965874684901834	-4.75110785703361
13:441506-441728	0.0470574050908925	4.21437926501333	0.169775708325638	0.867833528330934	0.977911455104081	-4.75834445769375
15:471192-472216	-0.0467406087937903	7.89899096493921	-0.226863791714454	0.824103305962645	0.965874684901834	-4.75488658253524
6:611557-611758	0.0465373592741587	4.84305168556545	0.309439357176876	0.761954074051407	0.961923424583759	-4.74815378208503
5:404796-406719	-0.0463795023449158	7.31559771331511	-0.33369264322376	0.744000849650582	0.959540584692787	-4.74579180120891
9:705882-707276	0.046026782772171	6.76850133213931	0.462402383439154	0.651534564851368	0.936082313582374	-4.73039637651197
16:251591-252549	0.0459348719242234	6.10482352020597	0.259360898041602	0.799470624215894	0.965874684901834	-4.75247979591863
14:518521-519069	-0.0459220322914282	5.6396222655966	-0.20755803922423	0.838831354791868	0.969733767196235	-4.75616612161105
4:785643-788022	-0.0458470193634941	7.46937069279821	-0.484802276549043	0.635986375195566	0.936082313582374	-4.72723440429893
8:308431-309823	0.045763575881951	6.96885157038325	0.377132177538729	0.712237926002639	0.953261406665129	-4.74113040963731
3:71007-71234	-0.0456201159150669	4.20660245221946	-0.234380602083803	0.818387235994024	0.965874684901834	-4.75435804355612
12:419057-419935	0.0456137788675113	6.1505150957268	0.292661834681084	0.774458741876451	0.964171388729088	-4.74968608206194
9:257011-259747	0.0451157910529689	8.07350205749599	0.33192573406661	0.745303680806332	0.959540584692787	-4.74596972318906
2:1058195-1059511	-0.045107397563326	6.9719026725713	-0.28996577148453	0.776474414454969	0.964171388729088	-4.74992453587384
2:108884-109345	0.0450074580435453	7.04450033057163	0.16611981970156	0.87065117303975	0.977911455104081	-4.75853228379704
8:101892-104963	-0.0445476326398353	9.8573303916832	-0.139791324174948	0.890994890205764	0.980521689530354	-4.75976496006871
9:608253-608631	-0.0440142094707356	4.87068203080355	-0.137843239184857	0.892503542532056	0.980521689530354	-4.75984778444224
5:583540-586653	0.0436929943832256	8.26739980023574	0.432380810338021	0.672641232981035	0.943775899267474	-4.73441238776357
2:515738-516151	0.0436152182502232	6.47240225529212	0.154062583180366	0.879956691040267	0.97873187260669	-4.75912296263836
11:34792-35206	-0.0431797564931298	5.86986209663846	-0.161753518621071	0.874018751886514	0.977911455104081	-4.75875128958309
3:559810-560094	0.0431232834242237	4.27948929901828	0.111481112382942	0.912959522714177	0.984655049754768	-4.76085478122409
2:724278-724895	0.0427512873732177	5.68484523229329	0.251139347014729	0.805682596576581	0.965874684901834	-4.75311860366662
6:506258-509193	0.0420551577197639	8.56582549453129	0.335293720886103	0.742821003024865	0.959540584692787	-4.74562978628457
19:84372-85045	-0.0418254434920424	8.6277617291485	-0.303648698283378	0.766262324067335	0.961923424583759	-4.74869206220646
6:472156-475888	-0.0413797804522362	8.51501471471286	-0.309561871045225	0.761863012395515	0.961923424583759	-4.74814228653611
3:753407-754397	0.0410265964524541	6.1753286688365	0.273236630068003	0.789018903887864	0.965874684901834	-4.75135586186726
2:187317-189289	-0.0405289786248968	7.35290343708569	-0.241017198168745	0.813349480093425	0.965874684901834	-4.75387728898166
11:230673-230858	-0.0401009801888423	3.94723223581732	-0.163699670025488	0.872517431656096	0.977911455104081	-4.75865438951482
2:361694-362574	0.0399747052987083	7.28576339238067	0.133626193507482	0.895770828231269	0.980521689530354	-4.76002311387354
16:75275-77560	0.0396988607225213	8.20187679330181	0.250901091034246	0.805862823443799	0.965874684901834	-4.75313681441062
2:181882-184609	0.0395217581705616	8.77553173218529	0.254072495656337	0.803464790164829	0.965874684901834	-4.7528930205979
3:117437-118050	0.0395009431775666	5.45155211469582	0.213726804229233	0.834118128351006	0.969733767196235	-4.75576948148101
2:520632-521994	0.0391746729500992	8.02951010538374	0.141129349700472	0.889958941004018	0.980521689530354	-4.7597074030541
4:641756-642855	0.0391669410012074	6.62310410169971	0.343004418955095	0.737148454593438	0.959540584692787	-4.74483900161125
10:149326-152579	-0.0391615985411988	8.74037971078383	-0.241544070391508	0.812949905327597	0.965874684901834	-4.7538385560758
12:354358-356545	0.0388773717752615	7.43913415652197	0.268721662307595	0.792415190007463	0.965874684901834	-4.75172787950172
19:64204-64694	0.0386635005949927	7.13027443635662	0.176238658827428	0.862857066132271	0.977911455104081	-4.75800249132284
11:274964-275746	0.0385807203108852	6.12480359485809	0.303122675423438	0.766654089179829	0.961923424583759	-4.7487404681597
7:306295-308880	-0.0382575551331348	7.61038940743408	-0.258137680867688	0.80039396427413	0.965874684901834	-4.7525761189679
3:838762-847181	-0.038163042900603	9.46027018973339	-0.39260996240596	0.701050744909071	0.948678765730977	-4.73933695127525
10:312837-313064	-0.0380124310252143	4.12779881006094	-0.161834814531252	0.873956027537352	0.977911455104081	-4.7587472648409
3:215003-215407	-0.0378931146059651	5.06403616289328	-0.210335376788344	0.836708524505867	0.969733767196235	-4.75598896457914
7:501324-501808	-0.0378408327846538	5.06107319859454	-0.153374966330052	0.880487953576094	0.97873187260669	-4.75915531660671
15:145908-146742	-0.0373141274658968	6.62619693731592	-0.169073592317829	0.868374514324758	0.977911455104081	-4.75838084463598
11:524078-524575	-0.0354951110211656	5.27848245081909	-0.21062257281134	0.836489084778986	0.969733767196235	-4.7559705125447
8:329570-331327	-0.0354422843804043	7.43572520550145	-0.312673410163316	0.759551521216449	0.961923424583759	-4.74784884279841
18:180899-182185	0.0353822924990865	6.80029268225385	0.273469030481095	0.788844206595141	0.965874684901834	-4.75133654844876
16:320830-321048	-0.0352637615899183	4.00090548814765	-0.133463486789726	0.89589693037256	0.980521689530354	-4.76002977001612
11:330258-332489	-0.0349827768602884	7.76240876818003	-0.171975907084948	0.866138708054323	0.977911455104081	-4.75822946402859
1:1030651-1031468	0.0345881526573839	5.79231548102369	0.250841353236062	0.805908013445055	0.965874684901834	-4.75314137771622
7:642831-646245	0.0344609717309829	8.35686990633037	0.301451598236815	0.767899097466012	0.961923424583759	-4.74889370161298
8:710401-710584	-0.0341609039669653	3.98438964092855	-0.0380518798968626	0.970231863357579	0.988962208210042	-4.7625389979779
6:424148-424588	0.0341101197892799	4.90516926229534	0.113043633583695	0.911745111146481	0.984655049754768	-4.76080100956491
2:703022-703253	-0.0339436165151996	5.23302984787858	-0.0787580699419318	0.938439820142257	0.984655049754768	-4.76180935096867
11:26294-28887	-0.0337602302996522	7.77002167703061	-0.317672802043333	0.755842631700233	0.961923424583759	-4.74737137440658
6:83339-86227	-0.033632282146721	10.4726562831892	-0.239766740831164	0.814298032538111	0.965874684901834	-4.75396888273875
16:433413-434352	-0.0336217602797335	6.35849128518865	-0.124559013596195	0.902802538616299	0.984655049754768	-4.76038173032744
9:250696-250912	0.0335122934554635	4.26364227063712	0.0872758926431703	0.931799286727578	0.984655049754768	-4.76159242124265
16:19257-20279	0.0332355280014376	6.84446611533111	0.172003561927098	0.866117409809347	0.977911455104081	-4.7582280092963
1:976754-977897	-0.0319872779194998	6.34003426025227	-0.200870957045097	0.843947922291478	0.969733767196235	-4.75658311583677
2:112719-113262	-0.031836301739216	7.90495558169746	-0.221856635643934	0.827916771621761	0.968390972515007	-4.75522922763428
2:1032309-1034859	-0.0315067835288962	7.74995035326243	-0.208717526795751	0.837944951159351	0.969733767196235	-4.75609244479797
9:178725-178990	-0.0313988514392229	4.39152967473098	-0.0636155022684076	0.950256559442182	0.984655049754768	-4.76214012088951
19:101895-102385	0.0311498757644717	7.45896379729191	0.147119176258694	0.885324002407224	0.980521689530354	-4.75944305837414
18:107481-107710	-0.0308608129022492	4.3423659805224	-0.0967592358368036	0.924412305873956	0.984655049754768	-4.76132477318634
11:172125-173245	-0.0293826694568953	6.60362339832632	-0.23028116160832	0.821503289173034	0.965874684901834	-4.75464839813126
12:429023-430970	0.0293315743737956	10.4384781916257	0.15515638157931	0.879111731747358	0.97873187260669	-4.75907120057061
18:103069-103732	-0.0293177063239138	5.7148409497576	-0.227463926251253	0.823646551661661	0.965874684901834	-4.75484500846496
10:392265-392374	-0.0291877989622535	3.37675320203431	-0.0725679496879077	0.94326870803187	0.984655049754768	-4.76195305681265
12:341248-341846	-0.0290025304223507	5.52565989586011	-0.1325713699886	0.896588397506255	0.980521689530354	-4.76006612202569
18:202063-203749	0.0286769816836312	9.21063112868606	0.199879201080915	0.844707391405745	0.969733767196235	-4.75664380985256
16:174899-175442	0.0286724842897002	6.94152902205663	0.144409590402615	0.887420151117223	0.980521689530354	-4.75956399181804
2:136390-136692	-0.0284978511614682	5.55763238370026	-0.108901185631813	0.914965172097828	0.984655049754768	-4.76094193255958
16:161387-164261	-0.0281684389013339	8.93210291126609	-0.20644005715862	0.839686245404926	0.969733767196235	-4.75623677684736
2:373561-373961	0.0281584782918625	5.9482024056722	0.117280725383825	0.90845316028578	0.984655049754768	-4.76065144366724
13:457450-457661	-0.0276087815047958	4.03292235522264	-0.106179509640961	0.917081675723175	0.984655049754768	-4.76103166743789
2:47845-48092	0.0270870892715367	5.91426650119911	0.1376939312871	0.892619188876757	0.980521689530354	-4.75985408467465
2:993926-995444	-0.0264534688455651	6.92460062121856	-0.186291319546873	0.855128717493501	0.977289962849716	-4.75744541705188
10:338222-343142	-0.0261951394698805	9.05919237074168	-0.280513080724597	0.783554824566555	0.965874684901834	-4.75074352679633
17:3186-6291	0.025960853665862	7.79134382366345	0.272894549548924	0.789276070240756	0.965874684901834	-4.75138426086818
7:223499-223809	0.0258778333964083	4.63033138220839	0.0789773718127747	0.938268788978155	0.984655049754768	-4.76180404450518
9:192049-195229	-0.0251881499700461	8.17580672871654	-0.205253679992586	0.84059366772828	0.969733767196235	-4.75631134197018
2:747175-747588	0.0249654977082487	5.0108404437099	0.142422030570909	0.88895829923976	0.980521689530354	-4.75965127865148
1:181203-182023	0.0238938812413449	7.61488511536064	0.103610870794501	0.9190797750298	0.984655049754768	-4.76111427972431
1:351372-351553	-0.0238807975816253	3.87171250842989	-0.0874435663591154	0.93166861920045	0.984655049754768	-4.76158792802007
18:10633-15835	0.0236652566881128	8.68974414968352	0.198297210680263	0.845919186146382	0.969913855125493	-4.756740010159
15:33425-33633	-0.0234366553535592	5.93474583131313	-0.140695039314323	0.890295177300682	0.980521689530354	-4.75972614529876
18:286119-286912	0.0234283136673303	5.91601925038167	0.116442663870683	0.90910414305749	0.984655049754768	-4.76068146156632
1:760620-763071	-0.022718271108503	7.56605495193742	-0.217371333660779	0.831336659199172	0.969054135752851	-4.7555297530407
8:205001-205322	-0.022621698711216	5.4857889767804	-0.141458038384892	0.889704490115293	0.980521689530354	-4.75969318061434
3:821500-822035	-0.0224841053799594	5.34155510843951	-0.107291866472011	0.916216574032276	0.984655049754768	-4.76099526610477
9:261526-265955	0.0224256736602264	8.42356282044569	0.216079814279104	0.832322065461966	0.969054135752851	-4.75561516403545
19:66330-67035	0.0218917994384977	7.80705346814631	0.0989882566693509	0.922677059428972	0.984655049754768	-4.7612578696676
4:497838-498823	-0.0215738197809561	6.19851314550302	-0.106638570876611	0.916724641408839	0.984655049754768	-4.76101669071794
2:360938-361271	-0.0214925316114556	4.53634434133209	-0.0797374510901039	0.937676036101931	0.984655049754768	-4.76178553880864
8:213359-216281	-0.0211783217978443	8.05018970925028	-0.154876906828014	0.879327611369612	0.97873187260669	-4.75908446082414
19:52930-53259	-0.0206404563628482	5.18335665678492	-0.13378969105954	0.895644116144585	0.980521689530354	-4.76001641724896
7:49218-49813	-0.0203290029041634	5.42060951053023	-0.0964962637954385	0.924617050915035	0.984655049754768	-4.76133256599822
3:461019-462630	0.020285900025792	7.23405674065765	0.164296055946907	0.87205746416222	0.977911455104081	-4.75862446476821
8:356353-358311	-0.0198508512774991	7.0525055047518	-0.166773749290744	0.870147043979549	0.977911455104081	-4.7584989853157
7:153889-155658	0.0198248789185609	7.44595690453162	0.160571727548891	0.874930669887061	0.977911455104081	-4.7588095700924
9:149937-150826	-0.0198154602679006	5.99411439103282	-0.0763875233805642	0.940288785148434	0.984655049754768	-4.76186577097943
14:498268-498871	-0.0189663483644802	5.29967982124966	-0.10626983818576	0.917011421324297	0.984655049754768	-4.7610287255897
1:180226-180886	-0.018717075952897	7.33994427849581	-0.0682403157601816	0.946646078147761	0.984655049754768	-4.76204655113792
8:666713-669152	-0.018254742908641	7.73853695850059	-0.169493221458135	0.868051178396748	0.977911455104081	-4.75835911547815
4:801789-802425	-0.0176593386584329	7.14608921414927	-0.066072368167546	0.948338395181643	0.984655049754768	-4.76209122963121
1:119255-119640	0.0172593811821953	4.87152973504081	0.088254530204722	0.93103666717738	0.984655049754768	-4.76156607481035
5:672900-673577	-0.0169551444179881	6.05551060734181	-0.102729138342867	0.919765792076763	0.984655049754768	-4.76114217285093
18:79962-80661	0.0166720830129741	5.59855827305417	0.0983765897603863	0.923153188756695	0.984655049754768	-4.76127638000175
20:85627-87124	0.016623345298254	7.62014087046251	0.114972969044372	0.910245925822874	0.984655049754768	-4.7607335855524
16:494171-494795	-0.0163062509297109	5.30291333710778	-0.0746099932039125	0.941675450003727	0.984655049754768	-4.76190694757831
2:532797-533461	-0.0162440352270909	5.59958701093345	-0.0652266748547991	0.948998621365935	0.984655049754768	-4.76210826764
2:336940-337257	-0.0162325572043915	5.33131506230243	-0.060788405084471	0.952464175697022	0.984655049754768	-4.76219408991923
15:22-1698	-0.0161988369798705	7.06071651669473	-0.105414836359439	0.917676441005953	0.984655049754768	-4.76105647162879
4:863742-864086	-0.0159577012816934	4.48574243395238	-0.0563838483867333	0.955904402126153	0.984655049754768	-4.7622732893419
2:574249-575107	0.0158769877923044	6.10105707229291	0.0968308910429266	0.924356517462446	0.984655049754768	-4.76132264611611
18:134944-135393	0.0149767333663773	7.25552013530077	0.05689634711205	0.95550406076957	0.984655049754768	-4.7622643798057
9:59191-59589	0.014850550286277	5.08200477499947	0.073980528110561	0.942166548279952	0.984655049754768	-4.76192129708404
20:76558-83105	-0.0147832054535808	11.9048642111007	-0.11462427844722	0.910516848648914	0.984655049754768	-4.76074585533469
7:649697-652035	0.0147663441258912	8.01369111272188	0.166467394359583	0.87038321255291	0.977911455104081	-4.75851460125728
11:524857-525290	-0.0146900979989675	4.8345480981475	-0.0535713393740089	0.958101628813562	0.984655049754768	-4.76232074943897
11:20388-23627	0.0139646593086766	10.529736273562	0.116478602254789	0.909076225717353	0.984655049754768	-4.76068017871789
7:560044-564707	-0.0139513249283709	8.98386188943498	-0.109778782522454	0.914282854576613	0.984655049754768	-4.76091251511372
4:297610-299695	0.0139261175695449	7.46843707054223	0.132099077938508	0.896954500081744	0.980521689530354	-4.76008526876183
6:741973-743312	-0.0137695332969114	6.67581769207279	-0.146247288589396	0.885998401599036	0.980521689530354	-4.7594822161137
3:884063-886722	0.013480972284734	8.32157241347293	0.115534406643374	0.9098097291267	0.984655049754768	-4.76071375155784
7:618090-619769	-0.0132412394484787	7.23542829703764	-0.064886881598418	0.949263906395852	0.984655049754768	-4.76211505164545
2:757748-758128	-0.0131234226042283	4.99005240749952	-0.0669957783506088	0.947617541458235	0.984655049754768	-4.76207237550709
7:658001-661407	0.0126124291233696	8.43052617292633	0.133307148413926	0.896018099652167	0.980521689530354	-4.76003615803382
15:185948-188469	0.0122335166596397	8.43834232524321	0.0794798569703665	0.937876918270842	0.984655049754768	-4.76179183029077
15:396210-398509	0.01130500182395	7.64417091775445	0.0767304458936969	0.9400212918755	0.984655049754768	-4.7618577157756
14:62704-64145	-0.0112337041152557	7.24501282593604	-0.0580562662497429	0.954598029827483	0.984655049754768	-4.76224391774692
10:167058-168552	-0.0112027867808333	6.78420390485205	-0.0933793754392698	0.927044223152928	0.984655049754768	-4.76142331918546
6:264234-265576	-0.0107096465595706	6.94224391361874	-0.0871081617284584	0.931930000890516	0.984655049754768	-4.76159690738707
1:552030-553723	0.0106487233750876	6.85735686744503	0.0540361230712984	0.957738499038587	0.984655049754768	-4.7623130737075
6:785669-789423	-0.0104604088274876	8.72348858647249	-0.0782188836094045	0.938860339262328	0.984655049754768	-4.76182233506677
15:221444-225239	-0.0102617915785288	9.76366354214284	-0.0616423669707899	0.951797292207471	0.984655049754768	-4.76217804616142
13:84303-84389	-0.00977895519570016	3.16033668330636	-0.0310262838135237	0.975725899207996	0.9926460015064	-4.76261349664637
15:451173-452789	-0.00969762612422365	6.78871524347388	-0.056048922719757	0.956166037999597	0.984655049754768	-4.76227906833852
5:603436-604994	0.00918020310609347	6.78433092333619	0.0760408967078085	0.940559175486281	0.984655049754768	-4.76187387658297
3:563201-563565	-0.00886480652358301	4.60532170914969	-0.0258570903597574	0.979769063759144	0.994842433970823	-4.76265863599622
2:635617-637483	-0.00848943270584801	7.60340835720502	-0.053701753112577	0.957999737179665	0.984655049754768	-4.7623186023913
16:207409-210265	0.0080509340460635	8.05088339452744	0.0678773578776859	0.946929387371539	0.984655049754768	-4.76205413161341
16:387085-387354	-0.00784459941147819	4.16164874235147	-0.0171870588761092	0.986551711792357	0.996696848276335	-4.76271592896538
14:261742-262663	-0.0075430347513592	5.98126877648579	-0.0793977172822965	0.937940975008239	0.984655049754768	-4.76179383219807
9:489956-490568	0.00703628272035406	5.7092400740952	0.0410702511499546	0.967871957614268	0.98846497798904	-4.76250233952201
8:412791-413914	-0.00703618565383479	6.52880215879416	-0.0384567191893697	0.969915323333351	0.988962208210042	-4.76253424350393
6:120693-122995	0.00685005329739052	7.94538497859607	0.0626656188036426	0.950998255176813	0.984655049754768	-4.76215852741785
16:129356-129631	0.00658780894901811	4.27204152771947	0.0236177808133235	0.981520761991738	0.995222894880459	-4.76267564417121
5:399026-399236	-0.00654388225957447	3.87719258365211	-0.0098588910844903	0.992285478829702	0.998349536167627	-4.76274635748004
2:29639-32387	-0.00645321575412083	9.31526185279077	-0.045868886448846	0.964120815445546	0.987604374970632	-4.76243830449857
4:770182-772862	-0.00613343919598019	7.66607281315881	-0.0452171840351792	0.964630207721379	0.987604374970632	-4.76244741569508
9:210175-210397	0.00594831642447202	4.27334939719879	0.0365011605188018	0.971444404347653	0.989243289287485	-4.76255674446484
11:317820-319630	0.00589416323797121	7.42276746817372	0.0530016006775691	0.958546771920362	0.984655049754768	-4.76233006807553
3:331045-332523	-0.00577581046628417	6.67680531220474	-0.0435344333961701	0.965945575823481	0.987604374970632	-4.76247033894632
9:5554-7389	-0.00549935946306146	7.43271148494604	-0.0560109256677833	0.956195720717361	0.984655049754768	-4.76227972178834
1:645523-646447	-0.00536650853154796	6.82734445920399	-0.0288666606969621	0.977415003495527	0.993407356776974	-4.76263335284082
14:247570-250739	-0.0048528415019895	8.11650756105719	-0.0490375701941432	0.961644305012712	0.986876954415378	-4.76239214741878
2:42053-43125	-0.00455696996876664	7.83381220822833	-0.0433444957139063	0.966094052409718	0.987604374970632	-4.76247287180278
4:230716-230928	-0.00445533309594737	4.10581008907971	-0.0161218894220937	0.987385090208744	0.996696848276335	-4.76272137597334
4:623121-624532	0.00426314299511166	7.40808338809247	0.0195362466966678	0.984713789234957	0.996696848276335	-4.7627026845022
20:65141-67226	-0.00401129028694314	7.42160583009911	-0.0171442534231383	0.986585202059946	0.996696848276335	-4.76271615457982
16:429354-429695	0.00296421358843268	4.82431234012816	0.00562462824111636	0.995598711422797	0.998349536167627	-4.76275642304733
2:19301-19581	-0.00259739205507881	7.64325554595894	-0.0229685365137566	0.982028651955907	0.995222894880459	-4.762680287501
16:133853-134026	0.00215824649004537	3.95369239792772	0.00837538393570516	0.993446282130351	0.998349536167627	-4.76275051053606
2:39157-41601	0.00195898721680621	9.09048974257344	0.0150774394764872	0.988202272864889	0.996696848276335	-4.76272637877454
2:658879-659084	0.00194558507328013	3.98565983321277	0.00448138258689004	0.996493297319583	0.998349536167627	-4.76275819687865
18:135726-136000	-0.00156842501275722	7.13804150806389	-0.00711987174659097	0.994428697939438	0.998349536167627	-4.76275349736723
16:436346-436717	-0.00124219851623053	4.62001333108521	-0.00522405984618775	0.995912154209587	0.998349536167627	-4.76275709023298
2:605060-608208	-0.000683976292318533	9.80530345240503	-0.00289362791358991	0.997735717959747	0.998349536167627	-4.76275999467179
16:78067-80746	0.000437907710185037	7.98108414668596	0.00386849116503087	0.99697288491964	0.998349536167627	-4.76275898257898
7:558642-559708	-0.000319138751482484	6.38730562386363	-0.00210920051643586	0.998349536167627	0.998349536167627	-4.76276059717934
