logFC	AveExpr	t	P.Value	adj.P.Val	B
16:413517-416214	2.67637425762491	9.21831660825948	19.3963851526649	6.88739368243941e-11	3.98402944965405e-08	15.4850487184222
16:417731-419294	2.3412468712917	8.56090840542345	11.8366133229172	2.81912037604778e-08	5.04574765611264e-07	9.47780973765078
2:237579-240391	2.15855914485498	8.28737479391971	12.5767176982816	1.37128057325153e-08	3.30947983876667e-07	10.2146379518389
10:461452-462575	2.09095431089319	7.40633744682534	14.8335441268885	1.87366445769757e-09	1.86836355337007e-07	12.2299261124605
2:115109-115820	2.05992225233388	5.69618203163203	10.1312434159819	1.73278798512185e-07	1.37580760322457e-06	7.60864026914168
17:52909-54964	2.01169128915307	7.92586883965618	10.5417754312833	1.09528041600746e-07	1.01457554324902e-06	8.08227678837058
2:996721-998069	1.976483884154	8.28318444999899	15.8042211371333	8.6401683279771e-10	1.78230630576749e-07	13.0041165202643
15:374168-375246	1.97379955681222	6.66831073422968	8.38603320641859	1.45500262931974e-06	7.42262210899344e-06	5.40257359597071
6:720821-722488	1.91562394325145	7.83235679403648	11.4195164867536	4.30402776790101e-08	6.47737927862693e-07	9.04374998256107
2:360938-361271	1.90536398261545	4.53634434133209	8.65761672449056	1.02363334868957e-06	5.65945977076536e-06	5.7679301172939
7:702481-706641	1.82797264982589	9.13794231201556	15.4393966708017	1.14980006842083e-09	1.78230630576749e-07	12.7190234902914
18:161090-162572	1.66654888059771	7.56949391934805	10.5915026987197	1.03709773445084e-07	9.86644331153227e-07	8.13857697041874
7:618090-619769	1.65639240089198	7.23542829703764	9.94116134830646	2.1536344182674e-07	1.63614240697149e-06	7.38385581038228
2:1048018-1049248	1.62142381740129	6.9127481702144	12.7148812514894	1.20351778868756e-08	3.30947983876667e-07	10.3476963531249
9:238154-240016	1.62078198613292	7.36852413446747	12.8667692669596	1.04414149539545e-08	3.15032405467885e-07	10.4924050139497
7:575377-576887	1.55690897711223	7.16622768985324	12.3573894916747	1.69123025598684e-08	3.72070656317106e-07	10.0005693793894
5:823802-825576	1.55080957487245	8.5615855474397	8.14769574649223	1.99448135713265e-06	9.87350227847769e-06	5.07472805650234
14:518521-519069	1.54907431891957	5.6396222655966	8.57504372699584	1.13816840737249e-06	6.1953909184812e-06	5.65775822157961
8:18037-20642	1.52040037590181	9.0554756278104	14.5360705909867	2.39708138204388e-09	1.86836355337007e-07	11.982302751083
16:195393-195729	1.50738363778372	5.79968573047912	8.90540741174613	7.47863417547912e-07	4.31553972093221e-06	6.09384922270887
20:85627-87124	1.49179855373679	7.62014087046251	12.6366841880112	1.29557592693872e-08	3.30947983876667e-07	10.2725569588028
7:658001-661407	1.48741938466598	8.43052617292633	19.254567435933	7.54551032131449e-11	3.98402944965405e-08	15.3970441782895
14:62704-64145	1.48222982456235	7.24501282593604	9.38182436040502	4.16365387117872e-07	2.8366570890095e-06	6.70130268685736
16:20744-21051	1.4783097831698	4.66885592455752	7.50674979879991	4.81352556152756e-06	2.09180370081198e-05	4.15824889495701
2:171230-177767	1.4595620854646	10.1416268608683	11.6803703755895	3.29840182733679e-08	5.61792311236717e-07	9.31685757272135
8:697350-698928	1.45617218573135	8.43098056461132	12.1303805850917	2.1083246964801e-08	4.27117385059455e-07	9.77524379739896
1:835316-836122	1.43851879093289	6.15046768301855	14.2087321882614	3.16009070326496e-09	1.86836355337007e-07	11.703874349292
10:538826-540897	1.43087978451348	8.60932995589412	12.8683435969281	1.04261317521876e-08	3.15032405467885e-07	10.4938964315757
17:78379-80246	1.42933002105114	7.93906535140509	14.0901593326545	3.49768977575382e-09	1.86836355337007e-07	11.6014397279517
10:0-5626	1.42820655417509	9.81968662507795	12.2343806137755	1.90497912044049e-08	4.02331590237032e-07	9.87895381073638
1:441873-442949	1.41508959655693	6.79215297943446	8.41894465984305	1.3936980651911e-06	7.21443704334218e-06	5.44731049845704
8:380363-383571	1.4131366371158	8.07597340726466	14.1898393982896	3.21145152503257e-09	1.86836355337007e-07	11.6876098785933
4:112055-113623	1.41106048538169	8.00729653390463	13.5721882903599	5.49897563700273e-09	2.4195492802812e-07	11.1437686763412
2:803896-807583	1.39614311910017	9.0117778473642	12.9605956733143	9.57114247325031e-09	3.15032405467885e-07	10.5809884494508
10:170337-172670	1.37796899759715	8.93312834736461	11.4757981712694	4.06213149652981e-08	6.21682733381953e-07	9.10314695182829
13:119831-121134	1.37569403694314	8.63542255534108	10.3142681241541	1.40975814111127e-07	1.1630504664168e-06	7.82176858048798
1:1040176-1042064	1.36667750725	7.7603674510633	10.6691848083929	9.52724604664057e-08	9.57603818804928e-07	8.22607396350379
16:225146-227374	1.36062101852427	8.59696462085971	13.3764649660315	6.55021072609798e-09	2.66039327952287e-07	10.9663748953276
2:656994-658312	1.35561023517454	6.91121267884445	15.7577264055681	8.9576190639004e-10	1.78230630576749e-07	12.968164567534
16:67326-69999	1.34506619864202	7.97188588058135	14.4152797899623	2.65269236905893e-09	1.86836355337007e-07	11.8802963158864
7:720947-723979	1.34114140971951	8.59036966125005	14.1367573713438	3.36061239554279e-09	1.86836355337007e-07	11.6417971841301
13:376177-376928	1.32259017913011	5.75857313942373	6.53424347977635	2.02161168303526e-05	7.17172271452361e-05	2.66517141540695
1:645523-646447	1.32031945618645	6.82734445920399	8.69819973307297	9.7190338056577e-07	5.43031730093891e-06	5.82178872049333
15:471192-472216	1.31983768167267	7.89899096493921	7.84579532894898	3.00196952408614e-06	1.40263610546592e-05	4.64948450319963
4:612173-615624	1.31732363022145	8.35338094154609	14.5797381770321	2.31129307578188e-09	1.86836355337007e-07	12.0189704499046
10:18255-22832	1.3115827408124	9.36727233465464	12.9742508145209	9.45111306351409e-09	3.15032405467885e-07	10.5938296174626
5:668850-672117	1.30695758824866	9.50051398990055	10.5980269009246	1.02971300997871e-07	9.86644331153227e-07	8.14594668839521
11:26294-28887	1.30638129275466	7.77002167703061	15.0553277856292	1.56375729483385e-09	1.83480855927171e-07	12.4112960741726
2:761106-766669	1.30610388866788	9.02785184372067	13.0032037759691	9.20192177892472e-09	3.15032405467885e-07	10.621014127292
8:101892-104963	-1.29858723606643	9.8573303916832	-4.99082507623835	0.00025665280218407	0.000691391222210147	0.0304324431576486
2:249459-249731	1.29695806894716	4.57390024160921	6.31408211906345	2.84681001143848e-05	9.51339041797162e-05	2.30927926866392
8:329570-331327	1.29536204594637	7.43572520550145	13.9960679400045	3.79311847821148e-09	1.90739672047206e-07	11.5195452821066
3:438596-441054	1.29316045800815	7.96200379016797	13.6085821255121	5.32428216538726e-09	2.4195492802812e-07	11.1764799148625
4:302495-304734	1.29187294987116	7.84838690760091	13.6469884937122	5.14636663606746e-09	2.4195492802812e-07	11.2109077005875
15:185948-188469	1.29032260251294	8.43834232524321	10.2671449540839	1.48625052352853e-07	1.20729273295856e-06	7.76720104738098
2:1058195-1059511	1.28786190999807	6.9719026725713	10.1394381874656	1.71674653559049e-07	1.3733972284724e-06	7.61825179925174
18:218888-221200	1.28491829627124	8.18572921713977	15.2376091243339	1.35023204982386e-09	1.78230630576749e-07	12.5583358436784
2:166699-168165	1.28289826319265	8.11609698500625	14.1858148828619	3.22250766958757e-09	1.86836355337007e-07	11.684142465324
6:664592-666846	1.27628280999249	8.03497767210192	10.3451990095346	1.36184559655762e-07	1.14135630949591e-06	7.85747131960113
13:210632-212290	1.27581137406144	7.34484109731018	11.483243025255	4.03124047447844e-08	6.21682733381953e-07	9.11098431178677
14:131220-132888	1.27002973690817	7.02105504227984	11.1314981160641	5.80852923826838e-08	7.09597672344948e-07	8.7356387572953
11:467838-469801	1.26598082851983	8.53301159398847	8.73381602807756	9.2879799487843e-07	5.27317571285818e-06	5.86890004358293
16:286024-289521	1.26431854688998	9.34864482827225	11.3679838455452	4.53907260055296e-08	6.47737927862693e-07	8.98913457992724
9:152069-154909	1.26320970801947	7.96082779534365	15.2557963334129	1.33071309916348e-09	1.78230630576749e-07	12.5729079942054
2:800244-802964	1.26029256798265	9.40516106363316	9.86923892104016	2.34030305219796e-07	1.74039438247961e-06	7.29787281679426
12:504845-507441	1.25433469520155	8.07110289387706	12.5708416803783	1.37894993281945e-08	3.30947983876667e-07	10.2089486014019
9:273505-276817	1.24999366435963	9.1167691096723	16.8388473089861	3.96525455548799e-10	1.39576960353177e-07	13.7766343565806
16:161387-164261	1.24888087895192	8.93210291126609	11.2097993124919	5.35054797610234e-08	6.8074441720049e-07	8.8200971014628
7:132997-133960	1.24534006165096	6.49412484278448	9.51188808513708	3.56241674494881e-07	2.47494215964865e-06	6.86289903267273
2:158260-165902	1.24302970788858	11.090605906246	13.392747772395	6.45502263407403e-09	2.66039327952287e-07	10.9812284565512
2:319932-320461	1.24073731187492	6.94471948076757	9.8109265775047	2.50433652595763e-07	1.83651345236893e-06	7.22778095883658
14:349341-351238	1.23400065818748	9.05393651280752	11.1729237137348	5.56122100704069e-08	6.99124926599401e-07	8.78038708517759
2:708498-711326	1.23310016223385	8.03585819810913	9.67094646639385	2.95038670090519e-07	2.08869264329923e-06	7.05812101376789
6:184078-186592	1.23238170514689	7.77693424713932	14.0766421082307	3.53856733592817e-09	1.86836355337007e-07	11.5897080466865
6:472156-475888	1.2312455201192	8.51501471471286	11.2810512878911	4.96729824573102e-08	6.5725966243969e-07	8.8964986295185
17:316471-318494	1.22969499916421	7.54827531756085	11.2891825860287	4.92546702937214e-08	6.5725966243969e-07	8.90519031171541
2:982655-986684	1.22106782560886	9.757620729583	10.8673385011357	7.69028196405666e-08	8.51374879399778e-07	8.44679428447331
17:355753-357964	1.21223133010917	7.90722881489565	11.0396170310603	6.40007679260033e-08	7.59379898088309e-07	8.63586104319544
15:298677-306370	1.20629448298303	10.9773757877935	6.80080019793627	1.34747972120868e-05	5.10013829962856e-05	3.08712283990435
9:518041-521614	1.19936563163449	9.52698746919721	10.4208172874493	1.25189165609599e-07	1.12033693969269e-06	7.94437581935346
18:196438-198090	1.19873187166005	6.99143842253165	7.66847711871239	3.83612249781903e-06	1.71650227021055e-05	4.39440379367699
1:632535-634728	1.19784782244727	7.52316107568762	10.9762833905356	6.84520104430917e-08	8.03170255865609e-07	8.56665802620298
2:400038-401182	1.19762138589662	6.66222336873838	7.9304919429905	2.67374033091595e-06	1.26047758457466e-05	4.76992585995488
16:235124-240149	1.19453510445659	8.97732836769388	13.1922514700567	7.73847763046255e-09	2.81787323371326e-07	10.7971045453039
2:1066400-1074072	1.19349133709982	10.7758263315365	12.643276593506	1.28753087484259e-08	3.30947983876667e-07	10.2789084843177
8:268010-269837	1.19344797266314	7.06304233196949	10.4480437233697	1.21466092901877e-07	1.09630935131951e-06	7.97553460138499
18:189253-192477	1.1891477295432	9.11305690085252	12.6539248050718	1.27464922608406e-08	3.30947983876667e-07	10.2891610339809
18:180899-182185	1.1877327854656	6.80029268225385	11.2431125108776	5.16756401396231e-08	6.73697234412864e-07	8.85587144700252
1:251517-253313	1.18565567359994	8.26197945141667	10.7154868912142	9.05952040891494e-08	9.56685355181418e-07	8.27796520660906
1:655738-659031	1.18389342114276	8.0055880670699	11.4834569232727	4.03035667133102e-08	6.21682733381953e-07	9.11120941945665
16:75275-77560	1.1823235064196	8.20187679330181	9.15179872023898	5.50849916466973e-07	3.3386493792625e-06	6.41109975084162
17:64548-66705	1.18092155225916	7.78536459986493	12.5046384935078	1.46860788860392e-08	3.38353293319338e-07	10.1446754473025
2:262620-263484	1.1793901674446	6.24188999033466	10.5604332718161	1.07305086076308e-07	1.00278027342107e-06	8.10342746260465
18:343135-345706	1.17776840372563	9.04222104400966	9.21695520368589	5.08589992642537e-07	3.21879461686356e-06	6.49388051213341
2:998435-999236	1.17702541080348	6.01001955425792	9.26119447310644	4.81877404468415e-07	3.17342873603622e-06	6.54982422084933
8:615756-616149	1.16609908428081	5.11095970359602	6.00401590587696	4.6627107140382e-05	0.00014697977653804	1.79666427052937
2:714953-716235	1.16423525223026	6.51425248259871	6.511297984331	2.09438947817371e-05	7.34775843505461e-05	2.62839266236889
4:723945-727695	1.16077853656946	8.27123009674208	11.2157308125843	5.31746624376373e-08	6.8074441720049e-07	8.82647371103721
2:307311-307532	1.15904684772333	5.99593607488193	9.21135761864937	5.12080961773749e-07	3.21879461686356e-06	6.48678690513729
9:503926-505138	1.15727520400954	7.68988732564153	10.3876208884289	1.29894496575324e-07	1.14059422831491e-06	7.90629095344851
10:234040-236152	1.15494208041992	7.86270989178549	12.0494963938374	2.28253401627278e-08	4.40960489326851e-07	9.6940158707296
7:512722-518680	1.15478390294197	10.8078451053171	11.389699546948	4.43839135389246e-08	6.47737927862693e-07	9.0121762848646
10:40280-43106	1.15423484178174	8.18408540699087	12.7982712801535	1.1130204160937e-08	3.26485988720819e-07	10.4273462018689
9:5-4513	1.15014186418755	9.40572201931136	11.3407290654143	4.66890895040557e-08	6.5725966243969e-07	8.96015986853809
1:313796-316438	1.15003768616015	8.3559933234024	7.38217033390198	5.74580550583945e-06	2.44660105409938e-05	3.9740273339398
7:295548-300543	1.14683676490933	8.43933198461402	14.1747736934954	3.25305034092715e-09	1.86836355337007e-07	11.6746246584873
7:271662-272132	1.13891952126607	5.32896442824161	3.14952165428222	0.00778628527779544	0.01497799724804	-3.43932040508253
3:395701-398612	1.13881133943972	8.85900546944425	11.125367583849	5.84611718693281e-08	7.09597672344948e-07	8.72900399955621
4:897898-901435	1.13607382321751	9.16619675720052	11.6862502056317	3.27886498435211e-08	5.61792311236717e-07	9.32294992930324
10:246782-248952	1.13300561525706	8.06447796387485	12.9272427058134	9.87124444431224e-09	3.15032405467885e-07	10.5495693468327
9:557120-559702	1.12737773325479	7.77943667080265	10.3927074839702	1.29161407527264e-07	1.14059422831491e-06	7.91213330228664
15:373168-373660	1.12687864582535	5.13455081007401	11.6345020095131	3.45515729079886e-08	5.79150174457714e-07	9.26923574172846
15:451173-452789	1.1251514681661	6.78871524347388	7.96449884925006	2.55288881559079e-06	1.21434711228102e-05	4.81803278825277
16:19257-20279	1.12466149026037	6.84446611533111	7.12856825196564	8.28885428933173e-06	3.34085119447874e-05	3.59270819340904
4:349106-351492	1.12463115506588	8.43789859705276	6.95221809046327	1.07467099311216e-05	4.16991880929977e-05	3.32249028257871
14:380712-382753	1.1229766316016	7.40940126335822	10.5076726302164	1.13719480390752e-07	1.04424148950117e-06	8.04353457486727
2:592067-593378	1.12286398611361	6.46476503672521	9.09751334815683	5.88921479282878e-07	3.49382630406022e-06	6.34177748985373
2:690122-691892	1.12238223133474	6.90371569421795	9.20516911350389	5.15970248404635e-07	3.22405078293074e-06	6.47894050079948
12:0-1476	1.11851840833455	8.32679156195567	9.58385457102652	3.2701991855461e-07	2.28697373505741e-06	6.95155212528533
1:430327-434540	1.11590094082206	9.0092504024183	9.22437653286417	5.04000742529473e-07	3.21879461686356e-06	6.50328005675339
2:187317-189289	1.11548763045735	7.35290343708569	8.12442740811103	2.05755906859303e-06	1.0059177668677e-05	5.04235295902052
3:359232-361663	1.11263398629665	7.51007792233824	10.7396509098651	8.82523593939868e-08	9.41358500202525e-07	8.30496914283798
5:319269-323150	1.11162528727605	9.07734861050041	12.0400716849017	2.30381530392222e-08	4.40960489326851e-07	9.68451845943985
6:414462-416168	1.10916903053738	7.80820097697116	9.17519237430075	5.35261091102868e-07	3.26725845204988e-06	6.44087424148357
20:0-4212	1.10870569344459	9.40307233679189	12.2751399012857	1.831110058084e-08	3.94622902313614e-07	9.91937680025457
17:139119-140428	1.1083143602971	7.01840614744093	11.3993457550526	4.39443780342779e-08	6.47737927862693e-07	9.02239891373675
2:605060-608208	1.10455089415819	9.80530345240503	5.72312191804131	7.37520578261432e-05	0.000220629385451579	1.32080133283229
6:53877-57523	1.10332534421132	9.76471230090123	8.71338746275843	9.53266870063871e-07	5.35452029142259e-06	5.84189601322756
11:440785-443297	1.10294994284794	8.8345309183233	10.5667257448919	1.06566304033346e-07	1.00278027342107e-06	8.11055343343875
6:506258-509193	1.09474170221232	8.56582549453129	10.6896490186813	9.31741477141815e-08	9.57603818804928e-07	8.24903236483787
3:884063-886722	1.09418844394312	8.32157241347293	11.4849173898218	4.02432772654159e-08	6.21682733381953e-07	9.11274632336431
16:177762-181055	1.09014561146726	9.66855867698091	8.58154079469771	1.12867934964665e-06	6.1953909184812e-06	5.66645552272316
18:26144-26794	1.0883182547778	5.78517603679089	5.87962960104285	5.70466002316091e-05	0.00017686600753254	1.58728155605944
8:0-2184	1.08785197187407	8.49600138073424	8.6873477582465	9.85457287922102e-07	5.47706787392495e-06	5.80740538576039
7:519331-522621	1.08775203127522	9.48950550489153	12.5008761407792	1.47388745195924e-08	3.38353293319338e-07	10.1410132026914
2:556153-556550	-1.08695907554076	8.26971071664081	-6.10246902354377	3.98082147516117e-05	0.000128163032858848	1.96087553759766
14:55516-55528	-1.08188559319788	1.87466663482448	-1.71083949216497	0.111156651781862	0.159920196569	-5.96475557402464
11:172125-173245	1.07967192005552	6.60362339832632	10.3634557639404	1.33438519515083e-07	1.14059422831491e-06	7.87850220428396
2:179860-180146	1.07549200575361	5.14216109376667	4.93624079013771	0.000282480636366213	0.000749496361815882	-0.0684866855362634
15:445991-446951	1.0715466679069	6.45224804002929	10.6985849850374	9.22734508414842e-08	9.57603818804928e-07	8.25904554919926
13:36-1905	1.06920692058561	9.34713479313176	4.80931320593808	0.000353576555066	0.000910675224755357	-0.299871707998095
8:639813-641586	1.06753311133665	7.58310854987069	12.6081292546791	1.33105055367639e-08	3.30947983876667e-07	10.2450093211716
14:535891-537509	1.06717413233468	7.12278730814798	9.86925951362307	2.3402471953686e-07	1.74039438247961e-06	7.29789750899987
16:482132-484446	-1.06708367789868	11.1699798123301	-5.8620700213044	5.87043876678463e-05	0.000180734208096926	1.55755108896183
2:336940-337257	1.0613279842696	5.33131506230243	4.86775881488536	0.000318769348955293	0.000833218892318786	-0.193093547757988
4:641756-642855	1.05156235058698	6.62310410169971	11.2787434818777	4.97923986696735e-08	6.5725966243969e-07	8.89403076109451
13:17852-20511	1.04996870577119	7.89523377496936	11.5947835355579	3.59734834264389e-08	5.93562476536242e-07	9.22786155700483
16:293089-294600	1.04820279592754	6.78656123381467	10.3529359466224	1.35013521344094e-07	1.14059422831491e-06	7.86638773048135
19:124203-127614	1.04763164482258	10.1884902895731	8.51735271973893	1.22625257435554e-06	6.47461359259728e-06	5.58031417034649
2:19301-19581	-1.04368767693663	7.64325554595894	-11.303475610469	4.85284846775868e-08	6.5725966243969e-07	8.92045487042487
10:97527-97872	-1.04286874910829	6.69444166941232	-8.54230547296114	1.1872939134084e-06	6.33223420484481e-06	5.61385830505419
6:670146-671445	1.04072621694809	6.76302997713812	13.204323502922	7.65392112012308e-09	2.81787323371326e-07	10.8082668097087
12:270974-275569	1.03418146105537	9.33153408409412	10.8613609605025	7.73977163090708e-08	8.51374879399778e-07	8.44018733177462
6:120693-122995	1.03163767732307	7.94538497859607	11.5586790943541	3.7320476152104e-08	6.06314197178797e-07	9.19014091778148
8:635860-638403	1.03104434551339	8.59495868253381	11.3681565975784	4.53826208172842e-08	6.47737927862693e-07	8.98931803568382
7:747449-749011	1.03034766844723	7.15315984351928	12.1134014726527	2.14367626971128e-08	4.27117385059455e-07	9.75823403158477
6:379593-383340	1.02900884040445	9.30243308354025	11.9405656874624	2.54193649051263e-08	4.70927181400235e-07	9.58382595062694
2:355396-356772	1.02728006114472	8.31263671306931	8.33676832810828	1.55219575696265e-06	7.80532723501217e-06	5.33536654705843
5:721500-723929	1.02648923553851	7.62899059842329	10.6438848123831	9.79367541959586e-08	9.57603818804928e-07	8.19763781239722
14:399106-402102	1.02474747955162	8.36477043236717	10.6672887021655	9.54694226439994e-08	9.57603818804928e-07	8.22394483525353
5:629861-630900	1.02200646806447	6.43952113684553	10.1570641807728	1.68277871472767e-07	1.35649948301712e-06	7.63890304927745
8:66133-67895	1.02174326575953	7.46642915512705	7.98520781631667	2.48215206553027e-06	1.18604189194568e-05	4.84725774338301
8:241557-245301	1.02042864704615	10.1013881044976	8.07986659294664	2.18436113586068e-06	1.06298864491653e-05	4.98016710148501
17:312831-314218	1.02040995863381	6.69054753690803	10.3151637034487	1.40834581244727e-07	1.1630504664168e-06	7.82280359832933
2:304717-306265	1.01806187574942	9.43810969606445	6.38992910932004	2.52824513335862e-05	8.6123447123442e-05	2.4326436705865
6:785669-789423	1.01761384292858	8.72348858647249	9.3194780614081	4.4894810971641e-07	3.01967645771038e-06	6.62320671790518
11:347579-352527	1.01691019597654	9.03672848331178	10.2725273950922	1.47729319649582e-07	1.20729273295856e-06	7.77344447562465
19:84372-85045	-1.01490304010333	8.6277617291485	-9.02404083677201	6.44982584463461e-07	3.7838978288523e-06	6.24743819018179
4:548809-551441	1.01354750121384	8.01081434428709	8.83202584978883	8.20160280724814e-07	4.70700682850763e-06	5.99805694791165
10:338222-343142	1.01323829930099	9.05919237074168	13.2889182437582	7.08849122719145e-09	2.77238767996821e-07	10.8862119640434
13:214384-215846	1.01282653212839	8.95008813929382	8.40036892737718	1.42795343962968e-06	7.34825548634515e-06	5.42207609997014
5:511315-513055	1.01228879770277	7.42737598827526	12.1944650469422	1.98042245337614e-08	4.10063943287294e-07	9.83924637831731
5:535162-539010	1.00969308769503	8.94979466860981	9.25787700147351	4.83827676611583e-07	3.17342873603622e-06	6.54563635791487
16:78067-80746	1.00621937838489	7.98108414668596	10.8867267871235	7.53207803641112e-08	8.46156851750015e-07	8.46820229660862
16:470011-472805	1.00532182786375	8.59781478246095	10.3625849179865	1.33568151551151e-07	1.14059422831491e-06	7.87749974640129
3:461019-462630	1.00521702753068	7.23405674065765	9.97099097679335	2.08094117815636e-07	1.59237237980661e-06	7.41936625174496
10:32271-32506	1.00172979310908	4.27726778547364	4.41071121900185	0.000725156879288451	0.00175634326726744	-1.03798795549243
2:1051260-1054352	0.995028256485357	10.5144018823235	9.19008558425475	5.25582455105872e-07	3.24570217889942e-06	6.45979871728267
19:44788-45121	0.994632990494737	4.64044001029546	4.96434011721186	0.000268862365183974	0.000718781411732345	-0.0175195482095525
2:635617-637483	0.993503044185429	7.60340835720502	7.69705562654383	3.68653702659082e-06	1.66366799148714e-05	4.43578526646033
18:0-3583	0.990212261905342	9.18422850891551	9.19185990974173	5.2444188681783e-07	3.24570217889942e-06	6.46205170879166
4:695648-698998	0.982306067345059	9.1944021418453	7.34918980081375	6.02347277283756e-06	2.54431489924659e-05	3.92491782187757
7:0-2084	0.98086361481481	8.972917034535	6.68273536405493	1.61080975596565e-05	5.90630243854073e-05	2.90143227927661
3:315674-318253	0.980445963789122	7.92368446018096	11.1407467882993	5.75231187127129e-08	7.09597672344948e-07	8.74564201122783
14:317015-320214	0.978929897114523	8.06460104757901	10.5987530966587	1.02889451706147e-07	9.86644331153227e-07	8.14676675561104
2:6983-10370	-0.976236916545433	11.9660212516655	-5.66948231640908	8.06020113032756e-05	0.000238419394779437	1.22869956077418
7:612198-615974	0.971783464828379	9.86019869646635	6.51772995486442	2.07371352025747e-05	7.3238845397722e-05	2.63870963294958
4:171069-171914	0.968072856012008	6.21015259895036	5.72806398151445	7.31524951537561e-05	0.000219457485461268	1.32926734389253
3:447195-447735	0.9676551543366	5.6246447126805	8.39742373634208	1.433466505859e-06	7.34825548634515e-06	5.41807141520863
12:291089-292256	0.967045228725063	8.83321434082633	7.32596105011731	6.22756627492705e-06	2.62004381925218e-05	3.89024339448668
7:123473-125021	0.961363441650152	7.16901861117263	9.26758046168825	4.78146797265851e-07	3.17342873603622e-06	6.55788234192062
9:701499-704724	0.961235645963626	9.37860024006531	11.0698778624276	6.19842816743249e-08	7.43811380091898e-07	8.6688031573593
6:611557-611758	0.960893433815452	4.84305168556545	7.82518600365549	3.08815233212458e-06	1.41172678039981e-05	4.6200412618789
6:203361-212351	0.959713663065791	9.69612089553747	10.6564532625331	9.6603367920332e-08	9.57603818804928e-07	8.21177150734272
16:186687-193137	0.948418474331021	10.7291759165909	9.69775598461856	2.85879653270382e-07	2.06773228666797e-06	7.09076932440328
20:65141-67226	0.948089844057626	7.42160583009911	4.962832410542	0.000269575394865724	0.000718867719641931	-0.020251852354539
14:458764-462736	0.944532885146351	9.23680637393656	10.0107729003105	1.98804852941549e-07	1.55509573856501e-06	7.46658754696901
11:219515-221811	0.943587717454156	8.62615653587153	9.68656410476586	2.89665690850807e-07	2.08086373835682e-06	7.07714892623404
8:303801-304176	-0.939710830577766	8.11677499874589	-7.90025289352877	2.78631822857481e-06	1.30771202194444e-05	4.72702796254558
5:788242-791290	0.937550715015034	9.34090340248559	10.0800271350504	1.83674606764124e-07	1.44746555778294e-06	7.548421712665
13:287283-287365	-0.934486901382475	3.17557127457605	-2.92501888076998	0.0119634482941646	0.0221250462322904	-3.86404200994179
2:532797-533461	0.929600594293656	5.59958701093345	4.57165384365882	0.000541319367329586	0.00135137884609939	-0.737984010339966
5:768761-776578	0.927195320192711	11.0486089771053	9.7990124998393	2.53933839837432e-07	1.84933886116088e-06	7.21341808275015
16:223700-224463	0.927121883342594	7.46017982340521	5.17495140350038	0.000186276568615481	0.00051494255617264	0.361414914511424
15:400268-401624	0.927076176111495	6.70218873034556	7.83923494482193	3.02912247604093e-06	1.40263610546592e-05	4.64011789401345
1:702906-703464	0.926220989724407	5.46364142334531	10.355477562943	1.34631183881427e-07	1.14059422831491e-06	7.86931557621835
6:377342-378210	0.923268137502983	6.24843689958969	9.29102466054047	4.64713146176463e-07	3.1059309010275e-06	6.58742769663375
1:892301-893060	0.923003499322059	6.2838030450279	6.11087557552519	3.92768537747455e-05	0.000126839014024866	1.97483469830913
19:0-42832	-0.920163419562922	16.5534969595406	-5.20036009722655	0.000178282179323008	0.000495436793066044	0.40675527246184
7:649697-652035	0.918432232565862	8.01369111272188	12.6808668644115	1.24266922759535e-08	3.30947983876667e-07	10.3150657161756
7:5277-9157	0.916432465481712	8.64439231988731	12.4746253334633	1.51129524826167e-08	3.39559102588154e-07	10.1154321032942
10:543373-545818	0.912017457719917	7.99884628166399	11.7728896790871	3.00491897021007e-08	5.28865738756973e-07	9.41240007154796
5:466733-468400	0.900753601524928	7.36325320974391	4.71864246240339	0.000415609875815357	0.00106010634990584	-0.466292408279913
16:71659-73086	0.899069214079241	6.87294614738516	6.13472603727482	3.78096246793018e-05	0.000122475348654426	2.01438528492217
18:10633-15835	0.898926844346366	8.68974414968352	9.22519096921956	5.03499803807728e-07	3.21879461686356e-06	6.5043112252443
5:809609-810314	0.89863689513091	6.06888246300711	4.00053812401921	0.00154785917060703	0.00345655238027637	-1.81256335877971
16:419773-421141	0.897127635712231	6.81443138491074	7.22922667142389	7.15982580465646e-06	2.96501021557538e-05	3.74507901931831
7:625145-626828	0.89666607633381	6.99293152355251	8.14529987453583	2.00088019658544e-06	9.87350227847769e-06	5.07139753972513
4:340041-341459	0.896652468234405	7.18861630395458	9.99208183475366	2.0311286862259e-07	1.56559992164566e-06	7.44442061098783
5:672900-673577	0.895171320008529	6.05551060734181	6.64268932536982	1.71207429600786e-05	6.23431191925622e-05	2.83801482800464
19:131826-185428	-0.891190430637213	16.6342561710354	-5.39337412865537	0.000128130836505519	0.00036668336951173	0.748459009911716
6:452910-458723	0.88901050526419	10.7065092638268	9.38224781847649	4.16152915620264e-07	2.8366570890095e-06	6.70183170419011
9:498729-501027	0.887219810648682	9.22792401502229	9.66620953393802	2.96689295923186e-07	2.08869264329923e-06	7.05234478543539
17:134828-137062	0.886402750535376	8.11551162281052	8.57625875190126	1.13638740475697e-06	6.1953909184812e-06	5.6593850884275
6:199487-201569	0.886311938514574	7.26998432977746	10.9264628476798	7.21862070054099e-08	8.28572115192531e-07	8.51197396176256
9:287481-289541	0.883933638808664	7.59441349317349	11.9086192000557	2.6238741179472e-08	4.77726046302111e-07	9.55133532581412
13:240299-242006	0.883167081780984	7.05985850908501	9.3451957195589	4.35189532310486e-07	2.94589837256329e-06	6.65547121686111
4:901788-905724	0.881747611914507	8.49773369750521	10.6678873859466	9.54071860390364e-08	9.57603818804928e-07	8.22461712956143
3:338398-342715	0.878835885307826	10.4332322822725	7.38781574717672	5.69965385384009e-06	2.44660105409938e-05	3.98241931162914
19:115673-116063	0.87799025645483	5.77851867760725	4.31774568267483	0.000859762225877591	0.0020540925577528	-1.21238133095733
18:79962-80661	0.87715792429977	5.59855827305417	6.33906668231558	2.7374311374014e-05	9.20613783788497e-05	2.35000445441169
15:265922-276081	0.875591057088215	10.8703413115751	8.42952161673156	1.37458518349161e-06	7.18595026617395e-06	5.46166061030837
14:3785-4725	0.875456522925244	6.26680462998109	12.0249409814881	2.33842683733936e-08	4.40960489326851e-07	9.66925672581353
9:339934-341348	0.868908810294368	6.63861156224625	4.76524422285039	0.00038242548017334	0.000980197347240406	-0.380642554894794
19:95708-96198	0.86843972714904	6.20552604692508	6.07592232980149	4.15365064866278e-05	0.000132515259365193	1.91673018404324
19:46500-48926	-0.867164484906903	11.2137434034399	-6.23628713366299	3.2179418077778e-05	0.000105975083301417	2.1819180944145
13:479419-483060	0.867086057022767	8.83521308194785	10.6483421671525	9.74616341157586e-08	9.57603818804928e-07	8.20265192078107
4:770182-772862	0.866994655533492	7.66607281315881	7.8281925267418	3.07541764660647e-06	1.41172678039981e-05	4.62433982156079
9:5554-7389	0.863577954832468	7.43271148494604	10.772284601079	8.51906836800019e-08	9.17973081286551e-07	8.34135475993522
15:396210-398509	0.861041424385745	7.64417091775445	7.1575890585016	7.94515518966109e-06	3.22695533857004e-05	3.63677666127386
11:3591-5361	0.855454503952613	7.21956990199945	9.41095481667777	4.02015541484089e-07	2.77469550200783e-06	6.73765046398414
19:96763-98581	-0.855451787967981	9.26907747228934	-7.5255528551041	4.68739173024311e-06	2.04540730046972e-05	4.1858785262522
8:295668-296835	0.854728356451224	6.38438479224465	7.03422278579347	9.51947143099042e-06	3.77915858313003e-05	3.4486645799916
17:408500-411047	0.853447017095824	8.89154898469461	7.27180912846226	6.73239805164143e-06	2.81004440416338e-05	3.80913273980866
8:324976-327557	0.852640565424855	9.48479002251032	8.92382890672855	7.30802595084221e-07	4.24026121103811e-06	6.11780161136131
3:865970-868956	0.851175008638532	7.95198718209481	9.93182909467033	2.17693027727645e-07	1.64202740914567e-06	7.37272819597552
9:705882-707276	0.849666269330654	6.76850133213931	10.4545044538285	1.20600121752918e-07	1.09630935131951e-06	7.9829183045779
11:305085-308153	0.849311003330255	9.10427901877006	8.56300418910158	1.15597777604293e-06	6.22812516072107e-06	5.6416284975796
18:92765-93150	-0.848890152058216	4.72417906367238	-3.03017589505899	0.00978440039496281	0.0183849231620653	-3.66572523880242
7:306295-308880	0.846901447372401	7.61038940743408	6.99862454929521	1.00329096436258e-05	3.93856973370589e-05	3.39400369100554
9:65347-66624	0.844087215952096	7.16599195657657	9.17840106013378	5.33159905856668e-07	3.26725845204988e-06	6.44495348417633
6:638725-640834	0.844074521855523	7.42635098623358	9.0550098553063	6.20687831983127e-07	3.66171145572169e-06	6.28727516783977
7:634308-638345	0.843415621683402	8.231791821084	9.81753603447031	2.48514149463777e-07	1.83518141142482e-06	7.23574274323964
13:218333-218550	0.841147506031998	4.48745693753616	5.79216192088592	6.58241671916524e-05	0.000200317926669697	1.43876771010947
4:801789-802425	0.840688568000219	7.14608921414927	3.85235418375614	0.00204391643283272	0.00446868685936098	-2.09507882585797
5:621271-623491	0.839858607100417	7.30912885914332	9.21558870915421	5.0943986574227e-07	3.21879461686356e-06	6.49214911822027
1:688550-692327	0.839554521412637	9.3851724893489	9.99360473599606	2.02758156060476e-07	1.56559992164566e-06	7.44622800496048
1:0-1529	0.838742655008995	7.66165548690923	4.98264444911568	0.000260361082626401	0.000699596191484681	0.0156301673080383
1:648533-651858	0.836342356973143	8.24862486766888	10.8867616961506	7.53179634826453e-08	8.46156851750015e-07	8.46824081219076
4:785643-788022	0.83293213206288	7.46937069279821	10.7872014690476	8.38292217220676e-08	9.12615032355705e-07	8.35795480922139
3:297930-300006	0.831362731895006	7.47980264029243	7.0416031640348	9.41655154039601e-06	3.7588441640293e-05	3.45997576541863
2:393049-397784	0.830813511323152	8.54046667416488	10.9611041193431	6.95673448196491e-08	8.0728699043461e-07	8.55002000338738
19:117744-119562	-0.827673493276375	9.06783830431891	-7.16507386154901	7.85898519028684e-06	3.20428122044128e-05	3.64812420382222
4:623121-624532	0.826328913641105	7.40808338809247	4.63777643335191	0.000480485699147816	0.00121385860837343	-0.615480530565954
1:665787-666999	0.82383989361217	6.50823962194034	6.79768151407089	1.35381591147815e-05	5.10582000900332e-05	3.08224231377196
2:307880-308617	0.819461764017392	7.9491512461945	6.24642188730121	3.16682791160192e-05	0.00010483292397027	2.19855763823365
3:958172-964933	0.817412365125904	10.9499367569375	7.56927329887073	4.40748179920585e-06	1.93929199165057e-05	4.24994549887372
9:149937-150826	0.815357088079834	5.99411439103282	3.84956578533355	0.00205467325815595	0.00448292347234025	-2.10040461779139
20:38490-41072	0.813780520375199	8.05531461438461	6.69508092225775	1.58088483723005e-05	5.81677487148061e-05	2.92093850261503
2:369097-369816	0.813761039326902	6.94089887876597	3.95042874121321	0.00170005807203455	0.00376365057456705	-1.9079757904407
19:106273-107091	-0.812931775909494	8.46074421387828	-7.31909961989335	6.2892470709385e-06	2.63549401067899e-05	3.87998749594316
6:558680-562360	0.81266097900685	8.45146204006804	11.294026525913	4.90072693064105e-08	6.5725966243969e-07	8.91036543331343
5:152053-156118	0.809789863982934	10.400102637357	7.99122433215759	2.46199421644022e-06	1.1817572238913e-05	4.85573841286971
5:352961-353221	0.808326170155155	4.40190886739647	2.6074582369697	0.0218838356862873	0.0384514650328109	-4.45327387559663
4:276944-278598	0.80804929841558	7.06364133534213	5.87891621015119	5.71129815990494e-05	0.00017686600753254	1.58607452782894
7:620104-623247	0.80772858900132	9.39576746951007	4.29893937403484	0.00088999745018092	0.00211199394919337	-1.24775137345916
1:843486-843947	0.807586392789813	5.14985436262876	3.31492781636131	0.00567378414177886	0.0113047472711669	-3.1238686577605
10:28036-30732	0.807418571565615	8.93131481658102	7.95165473309366	2.59783618113491e-06	1.2301861019186e-05	4.79988012467402
3:2634-5033	0.806912724152893	7.46637335840425	6.40762272906199	2.45949134617141e-05	8.40525197914889e-05	2.46130756210578
2:993926-995444	0.797614004710495	6.92460062121856	6.8793655953424	1.19779247829131e-05	4.56631356344991e-05	3.20963531155875
15:66767-67143	0.797544375315338	5.28069479812384	2.97344470974347	0.0109058545422107	0.020347318721863	-3.77287022182752
3:542049-543142	0.795760913551353	6.52419360039695	8.57070081750578	1.1445586681261e-06	6.1982254027752e-06	5.65194184460029
16:297413-301850	0.793489824120691	8.37304107052759	6.96112234936822	1.06056874971107e-05	4.13269593983352e-05	3.33623449511849
4:297610-299695	0.792975105754999	7.46843707054223	9.21244508216465	5.11400762099968e-07	3.21879461686356e-06	6.48816527167697
4:583776-586074	0.791322819611334	9.41721756958373	7.84050909648102	3.02382849176922e-06	1.40263610546592e-05	4.64193749152383
11:324735-327399	0.791184148286463	7.74498783395264	8.72739379081197	9.3641743976795e-07	5.28800436574843e-06	5.86041579112552
2:112719-113262	-0.790105143280647	7.90495558169746	-6.74342185349973	1.46925204861466e-05	5.46313437794748e-05	2.99711717375436
9:32234-34488	0.789282268903174	8.78239858999775	8.38005692727038	1.46643960658823e-06	7.4450010796018e-06	5.39443617441725
14:321900-323691	0.789235119008697	7.72130154324262	6.04157595108781	4.3890777710242e-05	0.000139185168955002	1.85946957199005
1:791666-794521	0.789036228232787	9.79480535231464	7.67464883961232	3.80328097658718e-06	1.70904881330896e-05	4.40334922930441
14:396910-397202	0.787273379619679	6.17599438374678	4.29965709034536	0.00088882364261822	0.00211199394919337	-1.24640097890531
2:624761-627075	0.787163119538637	7.58358240715142	6.35662827474383	2.66321035044915e-05	8.98514418554092e-05	2.37857832443048
7:716245-719554	0.785135264245303	8.7979196487423	6.19652351710156	3.42705077784845e-05	0.000112042279300556	2.1164953844026
5:198951-200257	0.784973711584374	6.63170518995387	7.18865769626201	7.5938936607328e-06	3.12029249250344e-05	3.68383032100643
12:130595-131607	0.782998838340684	6.23262385790636	5.11816368191443	0.000205529151003643	0.000562276641087685	0.259784852877336
14:247570-250739	0.781709987964893	8.11650756105719	9.67440192371818	2.93840774490249e-07	2.08869264329923e-06	7.06233315753328
1:180226-180886	0.777716493354887	7.33994427849581	3.47272156432669	0.00419766320983882	0.00860724728075687	-2.82187172165991
6:387817-388040	0.776965523153051	3.75905154365475	2.4776789225069	0.0279398474261777	0.0469253528099013	-4.68842683200305
5:369391-370527	0.776694545082771	6.61626825100434	7.77539773163512	3.30739430510359e-06	1.50543464921957e-05	4.54869098686244
1:38421-41511	0.775904379432403	9.52035388099462	7.00175603722947	9.98658788627066e-06	3.93501373429172e-05	3.39881891977423
7:642831-646245	0.775772680541554	8.35686990633037	8.31132341691669	1.60508230133013e-06	8.03301853177542e-06	5.30054116072035
2:658879-659084	0.773074303681945	3.98565983321277	2.18086440455364	0.0484161317376687	0.0773486159076825	-5.209003308526
2:1032309-1034859	0.770556951929845	7.74995035326243	6.25180211913511	3.14004191415077e-05	0.000104273089979346	2.20738527608925
9:92932-93974	0.770279120271971	6.65754171617345	4.7151110119428	0.000418243653706601	0.00106425373087752	-0.472792690825749
5:758579-760015	0.768613210775854	7.21906582520906	6.31151741742293	2.85829622325899e-05	9.52164293931072e-05	2.30509387275005
18:163378-168660	0.768131470520204	10.3164676629095	8.0087142650388	2.40437834053214e-06	1.15937147379084e-05	4.88036615028074
8:142924-144710	0.765773448761743	7.05761036559369	9.01404630948039	6.53038094924701e-07	3.80999021127339e-06	6.2345591109413
9:507671-509593	0.762992117074013	7.54165037170637	9.1049093660701	5.83573280827286e-07	3.48165753985093e-06	6.35124115435296
13:493866-494168	-0.762377978968444	4.40711474823811	-3.72126103401664	0.002617710006016	0.00558444801283413	-2.3457574359391
12:164013-166092	0.760777783809125	7.83493189520056	6.09694174610907	4.01617083756852e-05	0.000128908097400375	1.95169210159522
10:216855-217620	0.759999624015481	5.71138506993876	3.07563027651601	0.00896928035964089	0.0170045961575957	-3.57964344088584
12:354358-356545	0.757587625355447	7.43913415652197	6.41334025078661	2.43769871704691e-05	8.37801885971457e-05	2.47056075740333
8:255362-260041	0.756937070362429	9.18894073067819	9.14821576134699	5.53279963419448e-07	3.3386493792625e-06	6.40653424398504
7:401566-402336	0.755356773758495	5.92819480917632	6.64910118125345	1.6954180893531e-05	6.19502249950476e-05	2.84818353389965
16:525870-528281	0.750160323320308	9.9266424405691	6.21160016766206	3.34612631830699e-05	0.000109736316525844	2.14132667166517
14:274755-275768	0.748688404851008	6.22372868261886	5.33505960106071	0.00014150097310013	0.000400603291136025	0.645732879721226
2:13362-15282	0.745679620158855	9.11693726976589	4.00040396456008	0.00154824742033212	0.00345655238027637	-1.81281862505003
11:17852-19704	0.744978440396408	7.41548448506259	7.83621693167479	3.04170140295167e-06	1.40263610546592e-05	4.63580709855566
4:28726-30230	0.744082438548319	6.72118078212026	7.25618526814297	6.88599318836556e-06	2.86283811295828e-05	3.785658778058
7:174845-180974	0.74056131833053	10.7411522909712	8.52079056486479	1.22080512447862e-06	6.47461359259728e-06	5.58494001474057
1:2910-6526	0.740297811671428	8.04194183274877	10.3670387497339	1.32906578724483e-07	1.14059422831491e-06	7.88262593896749
3:63951-67118	0.735105743211706	9.44920837372454	7.62968890239636	4.04954747697075e-06	1.7967740065887e-05	4.33807168952543
2:1810-5629	0.734273363081227	9.56966054967786	5.13505405720557	0.000199594567791628	0.000548885061426978	0.290055164458558
2:181882-184609	0.733997563383186	8.77553173218529	5.77911910039123	6.72501971562173e-05	0.000203484837240589	1.41653188989056
8:447155-448449	0.732967929201778	6.69025450314731	7.73644780199597	3.49043083689624e-06	1.58192916899675e-05	4.49265424520255
16:15374-18039	0.731857102927682	8.92440543305179	5.76415819136223	6.89260427340541e-05	0.000207367239678522	1.39099733438233
14:395149-395554	0.731468456678385	5.66021109337827	7.63247601287091	4.0337989329664e-06	1.7967740065887e-05	4.34212583565309
11:317820-319630	0.728967757228535	7.42276746817372	8.02824791979405	2.34172137057103e-06	1.13433842537753e-05	4.90782695375554
1:95273-96499	0.725457153113608	6.63857566147623	5.07664102854351	0.000220915835236634	0.000601255469097643	0.185217742071742
5:557546-560275	0.724881527843387	7.55532965454626	6.7367060490823	1.48424837912923e-05	5.48569596963459e-05	2.9865531200801
3:137996-138205	-0.724547802812149	3.92048387408808	-3.44278728852143	0.00444429509654071	0.00902533773451343	-2.87920773289026
8:471982-472212	-0.723655335986368	4.06030002545326	-3.09122420036557	0.00870552955464768	0.0165939335915306	-3.5500677364187
14:526835-528703	0.721534068348442	7.08790595383286	5.18928676211663	0.000181721163149676	0.000503668105737684	0.38700564518775
2:71537-77707	-0.720129183620756	12.4874828962898	-4.44529856030594	0.00068081787985018	0.00166037801644755	-0.973305463585291
18:339198-341009	0.717119573865075	7.19138930743234	9.23119714189945	4.99821931050379e-07	3.21879461686356e-06	6.51191350623698
7:223499-223809	0.716683555717601	4.63033138220839	2.67884653160483	0.0191178489752201	0.0339872870670579	-4.32235273209347
2:168655-168890	0.716557294559588	4.45637062953576	5.77945731186891	6.72128114796391e-05	0.000203484837240589	1.41710877830661
6:501677-504338	0.715319173106303	7.55252370227789	7.52863154152262	4.66707608338151e-06	2.04499267388003e-05	4.19039805397323
6:264234-265576	0.714683842398712	6.94224391361874	7.11939851271105	8.4007038753637e-06	3.37305828607759e-05	3.57876044001869
4:413550-414143	0.714234918619415	5.70574058242812	2.79914386087013	0.0152106586943287	0.027551381785954	-4.09958192327235
3:331045-332523	0.711998258073924	6.67680531220474	6.57271080043042	1.90553629120249e-05	6.82117397799942e-05	2.72666681753497
16:138594-141018	0.71144033881143	8.04602932091117	8.43492297409884	1.36493263874805e-06	7.17098938566142e-06	5.46898370668601
14:239100-241026	0.711237619706792	7.37039430970874	7.0141160634998	9.80595617764964e-06	3.87831075790188e-05	3.41781179392311
9:261526-265955	0.709418906055397	8.42356282044569	8.37176613262958	1.48246475237292e-06	7.4903482225158e-06	5.38314022682695
3:214612-214709	0.709291162736912	3.45270584603509	2.39439422677726	0.0326462733770174	0.0538663510720788	-4.83713058658039
5:0-710	0.707226918141026	6.84216528839094	3.00846111116351	0.0101994302910006	0.0191307253770811	-3.7067771135692
1:760620-763071	0.706933638817342	7.56605495193742	8.28421323867484	1.66354776443598e-06	8.2863511285113e-06	5.26335122243525
4:242216-242434	0.705963371019086	4.46219654363428	3.71034912473583	0.00267233533653989	0.00568948813585912	-2.36664582253602
9:402284-404739	0.703758651967071	9.80575454035302	6.37942467016041	2.5700211330171e-05	8.69853306559633e-05	2.41560584033407
9:583552-586385	0.703100568274861	9.51742612739216	6.51441816846613	2.08433237663624e-05	7.33684996575957e-05	2.63339819438312
7:767599-770246	0.702361357488282	9.62095332682879	4.56123202867139	0.00055161369525952	0.00137342802401581	-0.757333359436638
8:661421-665194	0.700906639382954	8.98687099994428	6.57444704611053	1.90046628478129e-05	6.82117397799942e-05	2.72943763987128
16:433413-434352	0.700756732854237	6.35849128518865	3.17956436988605	0.00735113644566229	0.0142501564755447	-3.38214782245959
6:620306-622693	0.699629488097448	7.64953910774462	7.3847635701227	5.72455655135051e-06	2.44660105409938e-05	3.97788273065007
10:523924-524835	0.696789740600519	6.19426734824875	8.78439271082783	8.71053615655401e-07	4.97206820611948e-06	5.9355510264376
10:37343-38572	0.692609832044871	6.54012927482888	7.21158459673994	7.34526222970599e-06	3.02992066975372e-05	3.71847089733351
7:109798-109995	0.688365599058789	4.12885416160368	3.91957273393234	0.00180133411996847	0.00396293506393064	-1.9667933379948
13:150710-151474	0.687897750875586	6.02782803343279	6.81652808175572	1.31600050680638e-05	4.99890839995516e-05	3.11171569206631
4:634794-637212	0.687326634860817	9.76498697856304	6.90742630178845	1.14868722332518e-05	4.39497720228765e-05	3.25318899639429
5:570265-581357	0.685988663241384	11.6724361231634	5.0297480888074	0.000239749118338812	0.000649166843502013	0.100749422549788
3:175346-175732	0.684321508828441	5.07535857111811	2.76503732739115	0.0162309205016836	0.0291990665243235	-4.16299426639318
2:515738-516151	0.683839554930435	6.47240225529212	2.95841416181446	0.0112237875820502	0.0208300873227505	-3.8011981463392
2:269998-270580	0.683713417900695	5.64867212986975	7.04043912256793	9.43270552526293e-06	3.7588441640293e-05	3.45819223911516
2:791363-792644	0.683200019101224	6.63479857252178	6.23560726719454	3.22140167990103e-05	0.000105975083301417	2.18080135926682
3:889787-890663	0.681580064456784	6.05274146228779	4.99393166316783	0.000255259061616328	0.000689395317306501	0.0360514708043445
6:87841-93243	0.680859413552751	10.1588418397292	8.13767694007172	2.02138512065677e-06	9.92829156936537e-06	5.06079619252501
6:613115-614224	0.678816388153988	6.99437957872429	6.5757668270922	1.89662193879897e-05	6.82117397799942e-05	2.73154356093108
2:724278-724895	0.67779464720335	5.68484523229329	4.87651234255353	0.000313871928146788	0.000822453489138978	-0.177135246667721
1:187891-191149	0.677450538039947	8.30206261258207	6.94765945039484	1.08196756983725e-05	4.16991880929977e-05	3.31544962304211
10:53727-53960	-0.677174461146183	3.99500613001843	-2.19587420516023	0.0471060797810368	0.0753697276496588	-5.18335347979438
12:45362-45711	-0.676793911780522	4.64167825293062	-3.06283624600366	0.00919161437740978	0.0173381456986752	-3.60389254119225
2:220001-222649	-0.676077056313561	10.1269042309504	-5.98125776182225	4.83720425675616e-05	0.000152026419498051	1.75851469051239
2:402714-403565	0.674659834456376	6.60486492831438	5.2086444115183	0.000175753921124642	0.000489699579703488	0.421520365225179
13:82690-82992	-0.674195372688105	4.41189158280149	-2.48739909175127	0.0274351320069317	0.0462065381169376	-4.6709535041723
5:254347-254584	0.67399897269834	4.13142379031449	4.84144838941693	0.000333974516801732	0.000868662782617312	-0.241113003722026
9:257011-259747	0.673988107110588	8.07350205749599	6.07309689889874	4.17250554744517e-05	0.000132715839099461	1.91202593283653
16:363235-364088	0.673560572243689	5.94309308332192	9.13812912483369	5.60182591161267e-07	3.3610955469676e-06	6.39367405039768
4:148253-148526	-0.67260695529242	4.33476400817041	-2.69531350802499	0.0185299825126042	0.0329977428892243	-4.29201113090695
5:220615-222357	0.672447887004604	6.92484734118972	5.93995942173307	5.171650561837e-05	0.000161575828204138	1.6891032018494
11:309310-312352	0.67230475396906	9.04123082853721	8.55792176890517	1.16358482143906e-06	6.23728716466825e-06	5.63481435823308
11:274964-275746	0.672099160780898	6.12480359485809	6.467360597076	2.2415879735966e-05	7.81226699708913e-05	2.55776368857727
4:774467-775093	0.670024538296378	5.42713800302139	3.2042051543825	0.00701247111594499	0.0136626743513615	-3.33520960444719
1:1001880-1004955	0.669673526742013	9.50510288333548	4.89782096903416	0.000302275117364969	0.00079800630984352	-0.138325633856491
11:199018-200195	0.66787365198346	6.35269237151495	6.42927556317011	2.37803019113501e-05	8.20653556156397e-05	2.49632647800228
7:184533-186321	0.667138527959789	9.12541856373009	6.53352856328957	2.02383841754549e-05	7.17172271452361e-05	2.66402659021389
15:510588-511330	0.663916522288165	7.38242589962331	2.71810167797444	0.0177455191136656	0.0317077295838086	-4.24993906248953
16:84844-85534	0.660870582647746	5.80861851079417	7.13741707748564	8.18241530116392e-06	3.3105864207008e-05	3.60615716388562
2:35889-36229	0.659650830771842	6.43492047396921	4.62035910548818	0.000495787060521167	0.00124655032359608	-0.647704906361943
12:134516-136296	0.659148786047376	7.03849875191245	5.71307957767503	7.49863471792054e-05	0.00022368808650068	1.30358800714438
5:804616-807183	0.658496402242937	8.25160148435368	7.57583336485276	4.36703848117423e-06	1.92953666783263e-05	4.25953718137629
9:80622-85037	0.657614584753933	10.5380782516972	6.75939350487322	1.43422798258509e-05	5.37072606244631e-05	3.02221602902964
8:308431-309823	0.657269931771133	6.96885157038325	6.63381003792397	1.73542658741557e-05	6.27606327503712e-05	2.82392364056676
7:300852-301425	0.656718775753825	5.54118896848533	2.47746983330888	0.0279508020051401	0.0469253528099013	-4.68880243654103
8:213359-216281	0.655821315282902	8.05018970925028	5.87389637774232	5.75823843788325e-05	0.000177798239485518	1.57757919383282
14:443843-444713	0.65509903688282	6.23630324279623	2.55179081364975	0.0243071926529579	0.0419943316893456	-4.55461789500176
4:863742-864086	-0.653606947127618	4.48574243395238	-2.82843806068589	0.0143849097736517	0.0262356903643803	-4.04496994645517
2:32787-34212	0.652593525409719	8.09106104762299	6.44132945258566	2.3339212676613e-05	8.08072412672241e-05	2.51579301078034
11:451871-452182	0.651443563142415	4.79202838509582	2.96198948199012	0.0111473371609856	0.0207246268345085	-3.79446214312513
5:211846-212056	0.648987265975404	3.96875596521212	2.3963151625463	0.0325296209864788	0.0537578713015988	-4.83372198338405
16:144935-144996	-0.648412803919467	3.14389930709352	-2.08315718414956	0.0578145767488051	0.0911226761891615	-5.37394888182904
11:453073-455233	0.648219170591831	9.53409489974658	3.96590083499609	0.00165149178329615	0.00367927283367243	-1.87850121662875
2:361694-362574	0.647383392541297	7.28576339238067	2.65041273839657	0.0201760840766009	0.03574822950485	-4.37462115213823
14:346021-346978	0.644562067058704	6.20116597147064	6.93242278593406	1.10673873630555e-05	4.24987674741329e-05	3.29189673109212
2:882774-884499	0.643591173769297	6.98452133089569	6.779888123388	1.39057503100943e-05	5.22579086386461e-05	3.05437149767075
4:518851-521429	0.643286133274501	7.5161543687821	5.11932894310024	0.00020511386302688	0.000562276641087685	0.261874341429399
6:95402-95751	0.640476610473714	4.77766001425327	3.68709871933679	0.00279263570448998	0.00593364849887609	-2.41116210926334
16:5873-7716	0.639794762817093	6.96146694523643	5.66356828811441	8.13971685134748e-05	0.000240098910475501	1.21852090343861
8:124210-124503	-0.639780383403366	4.3284474449427	-2.26953767388867	0.0411468747189728	0.066847845697285	-5.05634771144371
10:343502-343569	0.63937864259736	3.15320485983945	4.41280738948591	0.000722386471775711	0.00175365543493138	-1.03406470658199
6:792837-793602	0.638558126316574	5.76194591038486	4.1526443622361	0.00116606985703267	0.00267689080223153	-1.52386594367275
9:119234-119819	0.637634652578949	5.47218746264512	8.42465061517233	1.3833523163263e-06	7.19615786226884e-06	5.4550536042779
3:215003-215407	0.631645223483968	5.06403616289328	4.29408726836975	0.000897975062067392	0.00212614723215956	-1.25688181647581
4:386702-387373	-0.631078107822374	5.38677928654355	-2.24309654489608	0.0431988562005397	0.0695396221764785	-5.10214594724335
16:207409-210265	0.629424940127105	8.05088339452744	6.49932473818986	2.13346074456289e-05	7.46004816641858e-05	2.60917219886466
20:30484-33496	0.629125919826098	8.8399669681098	4.39750161770854	0.000742870185146767	0.00179102948747714	-1.06272066332998
5:502485-503217	0.6290556249903	5.83578247929346	6.41178960905683	2.44358883408342e-05	8.37801885971457e-05	2.46805165727304
20:27638-29306	0.628489900696474	7.04271510099227	7.41264196562141	5.50131836426326e-06	2.37118048680082e-05	4.01927427617545
1:531359-531705	-0.62583693471752	4.46778042988175	-3.07014753515642	0.00906389500638727	0.0171531776464963	-3.59003695473201
1:751984-753430	0.622224326179597	6.79441722017249	6.56073507697161	1.94089844041248e-05	6.92428632795804e-05	2.70754380894886
7:682142-689693	0.621758772545887	10.9986633262998	7.47701046071026	5.02043615143082e-06	2.17277892455367e-05	4.11445561298973
7:713221-714373	0.62114267354342	6.80904525912015	4.24882399009326	0.000976048594205381	0.00228032591920549	-1.34214923893372
8:40743-41522	0.620023947568558	5.89041949154327	5.95378644536294	5.05704243003133e-05	0.000158464000181397	1.7123689866106
5:373676-376834	0.619794417383531	10.2824345881433	6.99062960548094	1.01522086381041e-05	3.97064160068072e-05	3.38170402336086
8:624229-627058	0.617886627520592	9.53963774346618	6.75098350645101	1.45255867236276e-05	5.42014826153738e-05	3.00900437661636
3:302553-304424	0.617145823142142	9.17139964520479	4.81405407257644	0.000350610956638019	0.000906506044572972	-0.291195656702856
11:520224-522095	0.617145457868621	6.93903972678456	5.21211735075537	0.0001747052120237	0.000488065354224938	0.427707558576397
6:0-4254	0.616332961452349	9.62856337548659	6.03630707005899	4.42641965833689e-05	0.000139949076622867	1.85067109303848
2:1064641-1065753	0.615815338735	6.45715423873931	6.63989559078486	1.71938569635938e-05	6.23942025895363e-05	2.83358241527725
15:221444-225239	0.611064068355599	9.76366354214284	4.49560860286882	0.000621274076184614	0.0015292900336852	-0.879421599688478
2:536058-539654	0.610882728700629	11.1991065716833	5.16163814793077	0.000190614180747196	0.000525557636733783	0.337625420879653
4:922606-922815	0.610152734797888	4.14970328091267	2.35932210830907	0.0348477712380127	0.057230554319349	-4.89917965022418
9:660567-660823	0.610121631963632	4.500657769286	2.45447629665138	0.029181051013464	0.0486044004262113	-4.73003944226974
13:471528-471893	-0.608859156126006	4.42089732036106	-2.63786039693171	0.0206612313212826	0.0365464996235752	-4.39764452535606
15:134765-135024	0.608731971243886	4.67979588875905	3.45315734742647	0.0043572376698501	0.00889988970862999	-2.85934657457955
17:222570-224219	0.607009898120814	7.5181355448072	4.34332401358955	0.000820333385108918	0.00197328486258546	-1.16432321238131
4:893061-894976	0.605250024976808	7.07504789284391	4.56009127964071	0.000552752755877577	0.00137342802401581	-0.759451967279648
3:410244-412842	0.605029313387005	9.96893660316367	6.4530457158797	2.29187558618057e-05	7.96125203620621e-05	2.53469503414778
13:217830-218035	0.603504241243885	4.3378833109645	3.54383007238474	0.00366587890732522	0.00762040969711698	-2.68563123797742
1:664718-665309	0.603082747830249	5.42200044105302	5.6086968756711	8.9179969269335e-05	0.000261594576523383	1.12385504370356
7:560044-564707	0.602903041565146	8.98386188943498	5.81026660832666	6.38972014864815e-05	0.000195015736328683	1.46959447755443
2:39157-41601	0.602826072295221	9.09048974257344	5.6824241659916	7.88902840306407e-05	0.000234446115031062	1.25095722670006
11:556479-557415	0.602636880235543	6.14330981326984	4.65237425509627	0.000468039326800546	0.00118644551088087	-0.588497324313369
7:109157-109193	0.601621399408847	-Inf	2.58969649448976	0.0238982822966754	0.0415759243909213	-4.51250507582541
6:461346-462339	0.600248993779934	6.4803499901289	5.88512451930959	5.65380093169727e-05	0.000176118400704198	1.5965763825606
1:914341-915916	0.599497002466479	6.83290459903588	4.31927352357854	0.000857352964556122	0.00205298124846092	-1.20950915380383
15:145908-146742	0.59925222041053	6.62619693731592	3.32550626929148	0.00556018035114441	0.0111414619559934	-3.10364679879192
2:50115-50335	0.598592779350658	5.50768511250216	5.4585936228967	0.000114732523440794	0.000331938478776652	0.862817146609974
4:660438-661533	0.598297914119605	6.44083051888443	3.46541628422225	0.00425654470067075	0.00871106822462852	-2.8358654924328
2:548084-548550	0.598222579563286	6.5846934495745	2.71296478329058	0.0179194643879619	0.0319644499893374	-4.25943120794136
5:210005-211469	0.596957058509304	6.58986908345887	3.78320469200391	0.00232849371848474	0.00501814156473446	-2.22723897408751
13:445702-445944	-0.595558121913867	3.96757004061817	-2.59138143954584	0.0225585094326601	0.0394400429816043	-4.48261206153669
2:52325-52513	0.593229699984919	5.1846077183642	4.43503358376853	0.000693676213797529	0.001687838898088	-0.992490566792254
1:663202-664374	0.593106236326322	6.3793247616385	3.91637800990882	0.00181216722528306	0.00397847939687924	-1.97288577300368
18:179622-179870	0.592717862759628	4.55841707842357	3.7515019107809	0.00247219723236644	0.00529541638413582	-2.28788342535045
5:583540-586653	0.592603490428445	8.26739980023574	7.18231480918103	7.66424463213872e-06	3.1369931517591e-05	3.67423441854149
8:666713-669152	0.592356860642939	7.73853695850059	6.73605563619654	1.48570932510937e-05	5.48569596963459e-05	2.98552968388288
3:525683-526096	-0.591931738833805	4.70037951465382	-1.17095721512056	0.262899285819592	0.337739228498162	-6.68046205783062
3:753407-754397	0.590457857089177	6.1753286688365	4.81623829279184	0.00034925336650515	0.000906170896878227	-0.287199276064584
1:249273-249458	0.588724898008477	3.77370701849665	2.2400019580312	0.0434452415693245	0.0698297946685033	-5.10749089071423
18:151517-151767	-0.588170105674945	4.26652999133719	-2.84753704379053	0.013870492992654	0.0253851656849959	-4.00929476861566
14:374316-374861	0.587717871705316	5.47636081166921	3.17664046214066	0.00739239539551596	0.0142973801056133	-3.38771491219982
2:45095-45865	0.586616954739566	7.57829873265448	6.08241136872814	4.11068663596785e-05	0.000131541972350971	1.92753003616698
15:376634-377346	0.585594754258379	5.7935026965127	2.61444066298781	0.0215969615724555	0.0380106523675216	-4.44051462138868
19:112356-113195	0.58490364512089	6.88454544950486	3.96275436261869	0.00166125184476559	0.00369322515383676	-1.88449427683695
16:276635-277774	0.583264090375239	6.37438072611798	5.68130522593963	7.90367584763809e-05	0.000234446115031062	1.24903375044202
3:559810-560094	-0.581440745233304	4.27948929901828	-1.8409439437099	0.0888579947386568	0.132533958254268	-5.76581866940222
11:68123-69360	0.581401970304772	6.37959374638108	5.24276875983091	0.000165728568965182	0.000465450449008597	0.48224736066707
7:239151-240274	0.580668836831956	6.2645087864877	3.22497747204663	0.00673915305430147	0.0132524127101347	-3.29561083756037
2:1235-1504	0.580184567041959	4.42100935915759	1.8215142226334	0.0919103230624569	0.136316434204992	-5.79607977323977
9:512303-513906	0.579755062878025	7.08667684695541	4.81327036284473	0.00035109940552116	0.000906506044572972	-0.292629712173171
5:404796-406719	0.579070989513153	7.31559771331511	5.10267590737154	0.000211133065210452	0.000576115030651775	0.231996795450146
3:305320-307187	0.577208717926029	8.90303946753248	3.75386814850347	0.0024611654419387	0.00528250143635623	-2.28335601997084
16:74346-74897	0.577028126301475	5.49702043358058	5.35236817253671	0.000137386380883438	0.000390000048959436	0.676270035313216
12:419057-419935	0.577008304142606	6.1505150957268	4.5341692887778	0.000579304706349525	0.00143602293404953	-0.80762988979508
12:470316-470693	0.576892253178513	4.77895984200856	1.78395038711087	0.0980798085492946	0.143489182751467	-5.85404562270637
13:276004-277746	0.576617517244642	6.927183268252	6.94804985552862	1.08134063566987e-05	4.16991880929977e-05	3.31605270008625
3:0-1071	0.576161680974671	7.99965618296373	1.90223049929621	0.079820474674145	0.121631199503459	-5.66916363867822
2:520632-521994	0.574225610253238	8.02951010538374	2.53361223981126	0.0251534738466851	0.0432606976907158	-4.58756095098068
13:39603-41323	0.573892678181644	7.01334854461544	4.95845631417288	0.00027165614619044	0.000722591663418399	-0.0281838729931199
3:273513-275724	0.573180412950535	8.99600571904789	7.35670266393009	5.95899187196953e-06	2.52718691437744e-05	3.93611737368954
1:25485-25705	-0.572266460252543	3.96617033789697	-1.84839210401209	0.0877123530496417	0.131381907546697	-5.7541689735604
3:888476-889009	0.571911865065382	5.30284277268236	4.32019802029691	0.000855898508515752	0.00205298124846092	-1.20777129570006
2:601873-602426	0.571355182227228	5.40264200821828	3.76247143864318	0.00242147711118866	0.0052079018929027	-2.26689638095096
10:571813-572081	-0.568409449919584	4.33509336958983	-3.33797476096158	0.00542921652424812	0.0109223367471068	-3.07980634824631
5:815511-816308	0.566730047150063	5.97076530782096	5.55275913657149	9.79228610762065e-05	0.000284866504948964	1.02693014608384
14:147777-147812	-0.566024526919647	2.63880743883983	-1.46333825187575	0.167432971632468	0.228435682227244	-6.31681195610478
2:574249-575107	0.563364335006036	6.10105707229291	4.20804908004707	0.00105237547273275	0.00244781607754577	-1.41910146560725
7:153889-155658	0.563353726536268	7.44595690453162	5.58837237766765	9.22578061115897e-05	0.000269873250010634	1.08868707085817
7:17873-18830	0.561975787276823	5.99099570089436	2.52492603562116	0.0255678491215332	0.0437595602469029	-4.60327467738338
17:30035-37922	-0.561926198703691	13.7764543615811	-3.67370681123968	0.00286441686798567	0.00607394420199371	-2.43680767198433
9:489956-490568	0.560371126671951	5.7092400740952	4.00594937781733	0.00153228234580977	0.00343699107504693	-1.80226817798823
20:5002-5646	0.560000817848341	5.91510194107834	4.03011380631377	0.00146466257517079	0.00331195648689583	-1.75631486939439
8:716277-717457	0.559487786396995	7.31209559186195	2.33465094828145	0.0364805772381121	0.0597263404084439	-4.94261254530421
12:32983-33389	-0.558204516751868	9.15554330609797	-1.96266546392188	0.0717350276220148	0.109785781404127	-5.57213386807332
3:530208-531566	0.557626943076891	6.86862649945783	4.2832670115408	0.000916032298469844	0.00215501434853902	-1.27724987217518
3:499308-500763	0.557492912968868	6.65643570838584	6.31703572492918	2.83364241192398e-05	9.49944884759277e-05	2.31409819672919
2:794280-795347	0.55604784931075	6.58215358156547	4.27008636078927	0.000938536248348954	0.00220243172945888	-1.30207417147966
2:947129-949143	0.554768074294723	9.98057828667131	5.81111849698112	6.38080057987007e-05	0.000195015736328683	1.47104387588402
14:502800-502858	-0.554414213010577	2.49877908520496	-0.538174540749637	0.599666369745745	0.672951845325725	-7.22599295023304
1:919262-919848	0.553042034954839	5.55557668631805	3.79123397063669	0.00229347114751193	0.00496292117166516	-2.21188463151999
16:128723-128976	-0.552016337983278	4.24813144548591	-1.9502604354263	0.073330879443737	0.112065714461051	-5.59218510664273
2:908873-909329	-0.551758123816401	5.09824111430892	-3.38042280821055	0.00500622263014332	0.0101275308379911	-2.99860272861324
7:338112-339129	0.549620004319118	6.32369653041729	4.18916126316303	0.00108979233879707	0.00252372962668796	-1.45479074801608
4:505548-505785	0.549509398184068	4.36852829212986	3.14948333021808	0.00778685652383897	0.01497799724804	-3.43939329610364
12:206834-211784	0.548540623188583	9.27931376952762	5.77462877583544	6.77486327346693e-05	0.000204407303336602	1.40887124267802
4:144117-144127	-0.548422407194762	2.31476495877245	-1.40566003482022	0.18357037406405	0.248131351155153	-6.3933306820127
5:139415-140169	0.547071408277452	5.76174281739028	3.48569295281061	0.0040951360656235	0.00841335347334322	-2.79702243087663
6:467358-468362	0.543958045388323	6.1429032538321	4.50668876290544	0.000608901276807097	0.0015023358605334	-0.858777722872978
7:244890-245686	0.542915238859346	5.94037844800889	4.31003253390603	0.000872032362223593	0.00207870468286256	-1.22688425317169
8:508615-512703	-0.542732886899371	9.32542820923892	-2.51066639053011	0.0262624545177176	0.0445870610461572	-4.62903196301068
3:120895-125399	0.538785090122163	8.69305417896986	6.18960473145504	3.46487637177233e-05	0.000112929303968876	2.10508956965111
13:206905-207210	-0.538622906636472	4.38664833890732	-1.65651736075444	0.121848103958301	0.172020852647014	-6.04512798626259
1:281965-282302	-0.538603540652772	4.47075651209281	-2.21066345132481	0.0458479473576838	0.0734680309707345	-5.15800309827348
10:422820-424112	0.537139196703638	6.48334586280662	4.01640329017674	0.00150264391749208	0.00339058114716162	-1.78238385780551
14:480189-480399	-0.534566321707747	4.04784799864236	-2.04972235479449	0.0614030550621418	0.0957778820467086	-5.42954581192687
9:192049-195229	0.532422992225627	8.17580672871654	5.31370100119078	0.000146756965263622	0.000414372607803169	0.607996348026042
3:51726-51741	0.532227996255982	2.33559469804227	1.80525834517935	0.0945361331804495	0.139233133387106	-5.82125268449146
9:178725-178990	0.531979027086136	4.39152967473098	1.32004683099166	0.209880601159234	0.278784798520944	-6.50270886269004
8:205001-205322	-0.530606938833754	5.4857889767804	-4.06369375952352	0.0013757481032304	0.00312427956346516	-1.69251442856097
12:539849-542657	0.529906211195367	9.88084586253882	4.79309998001828	0.000363917456516214	0.000935028793384724	-0.329562180623704
6:432189-432422	-0.525674114586756	4.20356948117654	-3.1793265142934	0.00735448416588243	0.0142501564755447	-3.3826007186549
2:935075-936229	0.525094256209221	6.46034774969035	4.47452965902205	0.000645536625240922	0.00158531785175445	-0.918727572495595
13:68292-69007	-0.524858052658877	5.4363373942197	-2.5511265796271	0.0243376240472344	0.0419943316893456	-4.55582296120592
11:414792-416706	0.524623440333263	7.38428963957474	5.6263739425059	8.6590720880029e-05	0.000254706967268275	1.15439665188844
1:1012406-1013010	0.524328805164078	5.70691612666995	3.24744001599508	0.00645560942432588	0.0127661489739478	-3.25276170363128
10:347317-348975	0.522531358598329	6.83938912877227	5.42161799853496	0.000122137653703117	0.000351436954524499	0.798051998024864
14:531952-535203	0.521272168535269	10.6391821107084	4.15279777833282	0.00116573814585332	0.00267689080223153	-1.52357554006266
17:159428-160947	0.519547484368955	6.82681857773552	5.56325480882564	9.6216299932867e-05	0.000280675173284827	1.04514846032887
6:734798-735031	-0.517968812586612	4.26214510897912	-1.67372392453501	0.118367832695094	0.168005956083359	-6.01984904313279
16:170969-173026	0.517750523875222	9.85996264378453	3.60806357153558	0.00324440122920594	0.00681130755077828	-2.56255320681009
4:389551-389611	-0.516887199712134	3.13946488542552	-1.96525576323222	0.0714058395879959	0.109759194475871	-5.56793834699462
15:280323-281805	0.516387486910499	6.7554966909868	2.88971091449814	0.0127979926399832	0.0235858293679272	-3.93033304737387
1:552030-553723	0.514805933219484	6.85735686744503	3.19945355325488	0.00707653790917327	0.0137621068730883	-3.34426397313352
3:720905-721588	0.512596047740386	5.85311845184805	4.89223730810272	0.000305270067852573	0.000803903221078096	-0.148490053399098
12:156377-157023	0.512013794721135	5.77400170335852	4.21075301335825	0.0010471283620662	0.00244098796984969	-1.41399449066722
5:5130-7684	0.508390262813873	7.48034061573102	5.50488105139669	0.000106120516079996	0.000307866112583724	0.943635884077022
3:773235-774312	0.50823803234404	6.53863074916469	2.55171351306636	0.0243107322263267	0.0419943316893456	-4.55475814042481
4:283164-286273	0.507225004154545	7.99714192537963	5.23713568966504	0.000167341349050423	0.000468733327844155	0.472233164921574
8:83354-85077	0.506859248904378	6.94783091068857	4.47263477961573	0.000647765248529698	0.00158710000567833	-0.922263061868484
3:838762-847181	0.506597992681355	9.46027018973339	6.38303776846187	2.55557022771157e-05	8.67743459956081e-05	2.42146788232008
12:190751-194743	0.504562921332406	10.3344755876469	4.65181355251567	0.000468511153444436	0.00118644551088087	-0.589533331407294
6:513355-513617	0.500703541319542	4.37182839009939	2.06143881263245	0.0601226808297717	0.0940585940092429	-5.41011424625917
13:409968-410071	-0.499638361815725	3.26400947094619	-1.69441698753146	0.114298188533522	0.1637705387943	-5.98922710648523
8:3084-8778	-0.499013265408649	11.4068764218834	-2.81418770656342	0.0147809347099774	0.0269114949202348	-4.07155278645752
11:42527-42909	-0.49745860008469	5.26780253060557	-2.05520147331772	0.0608011838953355	0.09497936419153	-5.42046570106915
7:582050-589184	0.497315234182206	11.1033857428234	5.82686399539822	6.2182770887678e-05	0.000190886645515663	1.49781522342692
15:22-1698	0.495165027980054	7.06071651669473	3.94651263710964	0.00171258124414822	0.00378344308330652	-1.91543799805214
13:474407-474640	-0.493735293941508	4.10629462444423	-2.15864282253942	0.0504185837129994	0.0801837716881436	-5.24682907018448
8:315836-316320	-0.493131702503316	5.1520401951768	-1.89289317319351	0.0811412337746364	0.123242773183497	-5.68400513296892
8:154850-154946	0.492184465302067	3.45130171679206	2.52932925301027	0.0253569752825143	0.0435397819485123	-4.59531129461565
12:340698-341088	0.491351712054445	4.96961994050177	3.08940046393232	0.00873597168998013	0.0166219569452595	-3.55352776717322
8:304954-305295	0.48964725490686	7.27488030138145	2.14656575573402	0.0515391901668341	0.0818426839341004	-5.26731133567493
4:403439-403554	-0.489592375154988	3.43458548421606	-2.59920362232497	0.0222277590767919	0.0389908863539739	-4.4683444763064
1:1066246-1066683	0.489429912884707	5.25009581703895	4.09977788640044	0.00128636737962217	0.00294026829627924	-1.62403564038239
9:377290-381809	0.489145886008517	10.3903746077655	5.39457260523131	0.000127870363933876	0.00036668336951173	0.750565538484672
2:1005782-1006457	-0.488562222850145	5.47790794048729	-2.49011396625841	0.0272957412201043	0.0460452120262462	-4.6660689139815
10:525323-528839	0.487011612832681	9.02950676452247	3.21211025778522	0.00690717086381642	0.013523602607542	-3.32014299500986
14:269114-269555	0.484647980378598	5.05615115563431	2.62475333184435	0.0211799453253089	0.0374013750226191	-4.42165115300949
17:3186-6291	0.476943220790313	7.79134382366345	6.14028037551471	3.74763029656734e-05	0.00012176915671308	2.0235845724381
17:252947-253183	-0.474259508178949	4.17296985143865	-1.5227054393936	0.152086186894323	0.209938579556084	-6.2357760488946
1:773737-774307	0.473523714030617	5.56231216159946	4.0057071628541	0.00153297613290445	0.00343699107504693	-1.80272896827867
7:474844-476919	0.472223447414493	8.42498380311134	4.28455711958776	0.000913859775930368	0.00215501434853902	-1.27482086325315
18:286119-286912	0.471597139726613	5.91601925038167	2.87070056191452	0.0132708999583938	0.0243722962714154	-3.96595661988609
3:112197-115595	0.46844427715229	10.1546673331811	5.42477839635148	0.000121485558816476	0.000350515710683602	0.803594726643125
16:333584-334138	-0.468215356484569	5.03910207383428	-2.27930358689409	0.0404125936886963	0.0657560846460143	-5.03937461047148
16:479659-479676	-0.466756300554164	2.19228107313429	-1.4637337817038	0.167326555497991	0.228435682227244	-6.31627960269033
9:210175-210397	0.464332388017223	4.27334939719879	3.48969295486496	0.00406403396542213	0.00838207005368314	-2.78935923354535
16:267991-269401	0.463878901337385	6.69826227692862	3.81011142438503	0.00221323459682447	0.00480900356840873	-2.17579384069094
3:564211-564615	-0.463398156325096	4.53905253232043	-1.42223012382101	0.178806952383657	0.242699410947482	-6.3715761575158
11:543276-543638	-0.462933309742001	4.56238012527998	-2.11888895884457	0.054195752133069	0.0856747219349115	-5.31404554843714
4:852968-854241	0.461730860931229	6.62311618799699	5.36652477989605	0.000134114313595113	0.000381737776701993	0.701217042005718
8:74018-74287	-0.460471331378312	4.14580002536822	-2.81109811915113	0.0148682017954755	0.0269773558350897	-4.07731206055273
6:351150-351463	0.460278206744852	4.78302566581506	2.33929280356073	0.0361678982492511	0.0593063673155422	-4.93445454103633
3:785666-791314	0.459895044593747	10.5102776893961	4.04144158219332	0.00143402660112163	0.00324963967979495	-1.73478486282479
3:573633-576549	0.459360406541869	8.97384961119832	4.62321156873566	0.000493246896172642	0.0012431234423826	-0.642425284017729
11:216167-217744	0.458784201632678	6.87672826491287	3.49190224730761	0.00404695822511306	0.00836318568633932	-2.78512660250065
5:436564-436656	-0.45807163061043	3.01726596640981	-1.03227762879121	0.321003970740039	0.398563742648646	-6.83023803622385
4:134831-136661	-0.455946116632978	6.64050967618151	-2.00418079391572	0.0666231898385667	0.103007450175002	-5.5045387943865
6:783487-785239	0.455903731283609	9.49166847093014	2.39893291922302	0.0323712952917103	0.0535800749655895	-4.82907524270269
2:757139-757388	0.454033075151941	4.32397418038439	2.27967855884	0.0403846493407742	0.0657560846460143	-5.03872229893167
2:37813-38752	0.452311031593792	7.68791381215547	3.45050320217178	0.00437935383693532	0.0089105927780418	-2.86443007740768
2:42053-43125	0.452118811537567	7.83381220822833	5.26691118402399	0.000158998525758766	0.000447739848536685	0.525120267521843
16:345708-346053	-0.451645661442542	4.49453695859311	-2.58252035467235	0.0229389644150785	0.039972848881721	-4.49875851749284
6:694468-694738	-0.451585270780445	4.30889113633727	-2.09895910515373	0.0561872997038384	0.0886902667970901	-5.3475184442722
12:313892-334251	0.450710535827232	12.6680144930996	4.84687471262367	0.000330777859352571	0.000862472640682259	-0.231202788120242
16:130735-131333	-0.450466431982597	5.31836016886315	-1.66685546680614	0.119746483255218	0.169280169099746	-6.02995993993488
5:711130-711507	-0.450270694344003	4.69471210483291	-2.79347304816886	0.0153758141878842	0.0278028420931605	-4.11013835392827
4:113929-114890	0.450074775209228	6.01606578583714	3.79715541411876	0.00226798774549463	0.00491785433109307	-2.20056244231864
3:327162-327387	0.448736884441569	4.39128444075253	2.840170561009	0.0140667189446418	0.0256997494905567	-4.02306105815257
17:43604-43839	0.448147116259677	4.22977755212894	1.62006902480349	0.129516987740268	0.181152237157248	-6.09811475500824
5:603436-604994	0.446758428478374	6.78433092333619	4.53224443036837	0.00058132836857966	0.00143766453681527	-0.811210069994456
2:36757-37288	0.445323506465337	7.24523706700646	4.96687554871118	0.000267667733133247	0.000717403873575404	-0.0129253920364985
4:396190-396408	-0.444927402507616	4.15910515558609	-1.64312075151221	0.124619443287226	0.174997516105467	-6.06469259965993
3:104953-105784	0.444510707154651	5.91028556495092	3.11123519848099	0.00837837752401834	0.0159992163930621	-3.51208387250316
2:845174-849116	0.44376259432209	8.1413529721025	5.3746667603427	0.000132269510831904	0.000377504333617542	0.715553046857032
2:136390-136692	0.442891111777776	5.55763238370026	2.07282714957153	0.0589019340024856	0.092422648301077	-5.39117386319945
2:443226-444110	0.442223994704897	6.22162845251019	2.45149771733441	0.0293441796587865	0.0487991397160292	-4.73537127532346
2:351683-352173	-0.441464395651995	6.95867509929444	-4.59078536649998	0.000522937433404434	0.00131082113830901	-0.7024929533438
11:96064-96240	0.439823564171769	4.30695014838948	3.3378858800437	0.00543013900779459	0.0109223367471068	-3.07997631409199
8:212709-212928	0.439400244628239	4.46379720783971	2.94038871353406	0.0116172122283717	0.021522414233615	-3.83513557087495
11:180672-181666	0.437501843461385	6.1824457042086	4.20044928928077	0.001067268879938	0.00247700205981215	-1.4334583312479
10:167058-168552	0.436541316152141	6.78420390485205	4.4565201818756	0.000667043213904044	0.00163055007843211	-0.952343767116943
4:35344-36364	0.435763488294552	6.11501346657993	3.48787997978636	0.0040781010425708	0.00839468752622761	-2.79283254951674
8:412791-413914	0.435322224603514	6.52880215879416	2.91401249996842	0.0122176487954902	0.0225556593147511	-3.88472386102907
9:629736-631579	0.432624629890348	7.07038659956825	4.14871854639349	0.00117459127707489	0.00269060387980713	-1.53129775039418
6:586711-587027	-0.4320529000771	4.4431744686294	-1.27654215827497	0.224380266385764	0.29397712320517	-6.55629025331364
1:181203-182023	0.429610606750088	7.61488511536064	2.28159863142327	0.0402418450341635	0.0656806620650334	-5.03538138114326
1:1030651-1031468	0.429573323211293	5.79231548102369	3.81552849265262	0.00219074384538738	0.00476994948603933	-2.16543951726561
4:779657-781116	0.428464426670467	6.80768123167067	3.12006754716175	0.00823791381417243	0.0157594872966777	-3.49530820610427
6:424148-424588	-0.427878606984835	4.90516926229534	-1.73671704566388	0.106361155981149	0.153859425638485	-5.9258958889033
11:85319-85837	-0.427453358427245	4.93325380720597	-1.57422701283844	0.139755050496964	0.194185964901044	-6.1636479710767
3:448465-455245	0.426203369600616	9.15057411319582	3.9374190344443	0.00174202748462045	0.00384046142747223	-1.93276903148475
6:753032-755420	0.425754539564288	7.37604284550392	4.26605723413558	0.000945528663724301	0.00221392077359836	-1.30966541831648
2:757748-758128	0.425622053417142	4.99005240749952	2.66115441165007	0.0197697533185989	0.0350871588309924	-4.35489388222158
4:807353-807677	-0.425619948797859	4.48542489226007	-1.88440176130519	0.0823595387049391	0.124245246960594	-5.697466440013
13:88094-88370	-0.425060773249532	4.25516784874235	-1.45536723448367	0.169589707583548	0.231079653171906	-6.32751845221805
18:202063-203749	-0.423897212139842	9.21063112868606	-3.61859814167131	0.00318013068622818	0.0066975564528384	-2.5423699318375
2:373561-373961	0.423678765020841	5.9482024056722	2.16122403652955	0.0501820578911901	0.0799279836094973	-5.24244448975629
1:238622-240712	0.423296119907078	7.26198453282997	4.16100815780261	0.0011481269645501	0.00264720976979236	-1.50803645415872
4:79028-80504	0.422694301391689	6.76266618047293	4.09809821777665	0.00129039237197896	0.00294309793695417	-1.62722134742439
13:204833-205436	-0.421573259383352	5.24552322431623	-1.96325717414223	0.0716597078073164	0.109785781404127	-5.57117573319681
3:497287-498980	0.420550506162463	6.91096388924748	3.59695924557723	0.0033135780068061	0.00694273487140326	-2.58382902532161
18:205284-207133	0.419228326321416	7.17357016719192	4.28311463817722	0.000916289244786002	0.00215501434853902	-1.2775367690437
7:442950-443247	-0.418767366573176	4.34568043083296	-1.7590969168179	0.102362775431332	0.149302611678849	-5.89199859951094
5:488105-488600	0.418422409950009	5.28912299540573	3.28064521643423	0.00605825561141962	0.0120480563571735	-3.18937096730648
1:976754-977897	0.417561092279962	6.34003426025227	3.21148220242133	0.00691547860612943	0.013523602607542	-3.32134016780866
18:157642-159802	0.416847635066691	7.34884894679433	4.06834824572383	0.00136386903981597	0.00310397781475358	-1.68367664385125
8:675953-681471	0.415998001899151	10.467746912855	4.87672036375371	0.00031375650279922	0.000822453489138978	-0.176756118215542
20:88989-89490	0.415459812981293	4.95058837353745	3.06267386738622	0.00919447120384291	0.0173381456986752	-3.60420020814461
8:469213-469550	-0.415271771568036	4.61747573370334	-1.67937396272377	0.117244209225815	0.16731065532765	-6.0115118144188
13:72170-72586	0.415170885694716	4.82642255981016	3.13205694039513	0.00805099973786694	0.0154579194967045	-3.47252625817148
2:871736-872033	0.413467958642131	4.53333681745443	3.32842856213065	0.00552920308615544	0.0111004533440687	-3.09805974199247
20:114433-114653	-0.411673244608612	4.2733848454479	-1.87937886065579	0.0830879876597701	0.125165356588755	-5.70541308872957
7:105329-108833	0.410740380640004	10.1016794313323	3.6254215081224	0.00313919403483566	0.00662997780157291	-2.52929753185316
13:520298-520947	-0.408147328098818	5.41832720766645	-2.44446510018257	0.029732823745282	0.049367707350657	-4.7479508453198
17:30-2537	0.408107828046081	10.1213943873461	3.9576012534643	0.00167736428079451	0.00372121151369538	-1.89431048930252
12:384119-384333	-0.407450105292479	4.16422607186613	-1.8876161037237	0.0818964217563037	0.124078366391186	-5.69237479994672
1:92611-93775	0.406428006743591	6.52020202050564	3.00129478977908	0.0103402042715748	0.0193603824659273	-3.72031430064948
1:667413-667613	0.405622154366191	3.74399690359993	0.552823706615133	0.589884030549006	0.665510188311699	-7.21760724999464
8:710401-710584	0.405472221226662	3.98438964092855	0.55316347796176	0.589658120024014	0.665510188311699	-7.2174102039601
5:383715-394700	0.404693115091202	11.3251243494046	2.59599668185328	0.0223627863376085	0.0391626905016826	-4.47419550394257
14:491983-496559	0.404398756361033	10.6959207544394	4.58983834605859	0.000523831932165155	0.00131082113830901	-0.704248894087733
2:534788-535082	0.403446804945385	5.60705442196045	1.84593319776385	0.08808908856883	0.131572952657262	-5.758017967612
11:83981-84395	-0.402535905029579	4.88872994902462	-1.67183482206655	0.11874562172197	0.168315941662283	-6.02263260375259
4:186367-187641	-0.401436911202945	6.30305416230394	-2.14289835556824	0.0518840696425532	0.082143294666471	-5.27352046187347
4:93880-94056	-0.401186677555086	3.93617661875438	-1.55494791324268	0.144264915133204	0.19992618160192	-6.19082975416217
2:48654-49194	0.399426203732736	6.69925019933922	4.73302000773201	0.000405063772450097	0.00103570785401284	-0.439842074915031
11:34792-35206	-0.399023533388043	5.86986209663846	-1.83070213210942	0.0904553709706124	0.134479492153507	-5.78179328933131
4:529197-533051	0.396069481012088	9.29170031331225	5.03872999546818	0.000236016073984207	0.000640701732975121	0.11694952170926
4:376210-376526	0.394397131364672	4.78092111214565	2.51295567248192	0.0261497249334386	0.0444671651042048	-4.62490011848592
15:62788-63203	-0.394030750887147	4.76726313542618	-1.78379965889113	0.0981052935099995	0.143489182751467	-5.85427676310979
7:240867-241330	0.392878003117733	5.01142668667625	0.778738238348638	0.450254734355182	0.531250278747567	-7.0616525144548
4:115285-115888	0.392380060146994	5.44566948592974	3.12127762604659	0.00821885365679754	0.015751559821376	-3.49300936034709
18:335613-335956	0.391617900024197	4.84288712587138	2.76009772285188	0.0163841507625827	0.0294245972879036	-4.17216233942843
4:337939-339731	0.388988170220482	7.56007169156845	2.78241686555716	0.0157028979974767	0.0283457440774964	-4.1307050770891
19:51168-51392	-0.38783877723167	4.48944243829332	-1.38143738899124	0.190722587517175	0.256891648492521	-6.42479521301158
6:731101-732536	-0.386683919885654	6.46627486421317	-1.89414435854525	0.080963109766077	0.123194587770861	-5.68201877259005
8:153633-154574	0.386345137300509	6.13822668225983	3.2089985100172	0.00694843048173495	0.0135629253026102	-3.32607424194837
11:419281-421241	0.386258632679136	7.14912304689206	3.23618246358637	0.00659618376050072	0.0129989409253074	-3.27423993765941
13:547216-548447	0.385363990094833	8.43213140535306	2.96998180915931	0.0109783017873461	0.0204463610007715	-3.77939901864621
10:285739-287681	0.38450670763615	7.05415781993449	4.39925610087707	0.000740491973648757	0.00178938106218098	-1.05943477747675
7:447025-447388	-0.383488917479911	4.54644191218738	-2.7655539601129	0.0162149756648513	0.0291990665243235	-4.16203514257522
7:492961-493238	-0.382660125778706	4.3668157230772	-3.31766721686529	0.00564414290776144	0.0112669469009378	-3.11863242716839
14:516869-517211	-0.382652420939547	4.54146586957795	-2.30611918631804	0.038459763595453	0.0628692110786352	-4.99261280469227
5:399026-399236	-0.381626077287114	3.87719258365211	-0.704167967003424	0.493908177633213	0.575681054724804	-7.11857012789914
14:261742-262663	0.380369856476881	5.98126877648579	4.90358412217522	0.000299215992777549	0.000791909995922534	-0.12783832203921
18:259206-259427	0.380181376089523	4.1268901123143	1.80851572888985	0.0940046368189323	0.138643710168705	-5.81621917149572
4:154121-154332	-0.379073481216631	3.93599082144429	-1.36501694648372	0.195700534862409	0.262591823144478	-6.4458945931105
4:938886-944948	0.378092799349604	10.9141778274326	3.56659229283739	0.00351050737332875	0.00732627625738175	-2.64201523838623
12:474500-474760	-0.377388307539966	4.15966165727605	-0.930384233613992	0.369343392833854	0.44830646302592	-6.93006927567668
9:60372-60588	0.377212558312729	4.2100537791389	0.501796156395799	0.624308831713068	0.694699816953635	-7.24588417120524
14:155257-155705	-0.375623922831026	4.72032144335586	-2.42497099042007	0.030836158470438	0.0511192831158281	-4.78275223062098
2:747175-747588	0.374202099208414	5.0108404437099	2.61450088942546	0.0215945031420994	0.0380106523675216	-4.44040452254558
14:268417-268908	0.37342798732129	5.15363586007415	2.06271603106356	0.059984612868626	0.0939818266903101	-5.40799264526138
12:514686-516298	-0.372115022991199	7.1949177043073	-2.54574198923351	0.0245856809050036	0.0423531468771351	-4.56558803865016
5:396269-397146	0.371755435315658	5.88152409472447	3.78768646617629	0.00230887803179081	0.00498604335699611	-2.21866824639324
7:581556-581913	0.370799466501301	4.83019359199574	2.45833015621907	0.0289712798186847	0.0484077080514732	-4.72313737369964
2:108884-109345	0.370382609194428	7.04450033057163	1.67429963318583	0.118252910484315	0.168005956083359	-6.01900034611442
2:29639-32387	0.369655224240931	9.31526185279077	3.21798851279956	0.00682989854705035	0.0134058975198609	-3.30893695462452
9:59191-59589	0.369649209006406	5.08200477499947	2.25533100943441	0.0422376427201723	0.0683046718415038	-5.08098346330597
4:334394-334818	-0.368711021103756	4.79142089215699	-1.47916226672416	0.163219767991604	0.223553923474882	-6.29543429557852
10:24670-25814	0.368507206698228	6.52424027958234	3.07862492654116	0.00891801876213791	0.016937819807226	-3.57396540502122
10:392265-392374	-0.368202050126012	3.37675320203431	-1.12117999048483	0.282752642575378	0.355720260635985	-6.73600955985449
9:55598-56968	0.367572776906393	6.63419657557175	3.55025670131609	0.00362131773974594	0.00754262629816907	-2.67331682203343
16:176744-177194	-0.366680792075758	7.29079116761492	-2.07975448670563	0.0581706730847594	0.0915472887891296	-5.37962743266738
3:300860-301771	0.365750016450173	8.07287678971943	1.71595759130537	0.110193294617517	0.158967375841664	-5.95709870672208
14:77595-77801	0.365508640279846	4.2627657450667	1.88490217145699	0.0822872846617117	0.124245246960594	-5.69667409307199
6:577045-577260	-0.364861395034567	4.11382715345767	-0.984737447858179	0.342954854095074	0.421116658051625	-6.87792474763606
1:1001333-1001499	0.364355012999347	3.86096797883594	1.83013591894319	0.0905444307965376	0.134479492153507	-5.78267492229173
18:103069-103732	0.363200017550663	5.7148409497576	3.45123102111734	0.00437327787322854	0.0089105927780418	-2.86303609244471
5:699142-699334	-0.362479355797292	3.567218179707	-1.05163631037454	0.312365765420367	0.388983783353665	-6.81027427955138
19:64204-64694	-0.361561089472274	7.13027443635662	-2.01849334817129	0.0649400762439151	0.10055237611961	-5.48106371908216
5:363459-364181	0.360602493820165	5.91067170545459	3.90945430471641	0.00183587475545471	0.00402216543933645	-1.98609115371121
15:245175-245621	0.360338601357083	5.34308875354322	2.46746618367009	0.0284797742227584	0.0477375263162427	-4.70675984318721
11:367968-368022	0.359761500670697	3.24198370444354	1.23402375630115	0.239315253723055	0.310463031856936	-6.60730969583346
5:644334-648890	0.359498094730668	10.3334802669585	3.43703694021725	0.00449332569548382	0.00910739334823592	-2.8902202022148
9:250696-250912	-0.359176473194495	4.26364227063712	-1.14562810750759	0.272863267985671	0.347579747880421	-6.70897265716092
5:504658-508223	0.358773582427817	10.4248695721237	3.51405589986377	0.0038796979358271	0.00803325690241847	-2.7426815178115
11:324291-324514	-0.358630021677538	4.2983909106816	-1.30648465882651	0.214317182118164	0.283607699645089	-6.51955982142391
7:412485-412845	-0.357053543764575	4.64912621066068	-1.67464337454624	0.118184339990898	0.168005956083359	-6.01849352113433
11:20388-23627	0.356110409771068	10.529736273562	3.63786102756031	0.00306593706637761	0.0064882355553001	-2.50546682643419
15:309099-310184	0.355938694997223	6.46577068178764	2.98540581745414	0.0106592479824122	0.0199224174680129	-3.75030888293519
8:85231-85979	0.355277450711991	5.81335184944392	2.87994153666669	0.0130389009111985	0.0239879431397658	-3.94864608619346
10:417948-418274	-0.353037276717326	4.58100235661438	-2.38590117578925	0.0331668460230193	0.0546399210613235	-4.85218862219436
11:376289-379204	0.351098895905268	7.85388214673501	4.01335766965043	0.00151121743879932	0.00340265589631573	-1.78817625927599
7:150433-150481	0.351052917561756	2.82191455506869	0.540663160824723	0.597998737034553	0.671794325860093	-7.22458353858851
13:256808-257738	0.350020174997568	6.18025761294837	2.52097107594498	0.025758700254176	0.0438728830135643	-4.61042343566822
16:320830-321048	-0.348568724646295	4.00090548814765	-1.61572660799012	0.130458081353902	0.182227161256244	-6.10437597541894
16:346204-346782	-0.34781795293697	5.137448057897	-1.86374106558436	0.0853934047083967	0.128272312051304	-5.73007620290605
5:2047-3517	0.345486159752193	6.73266067877139	2.81110975700591	0.0148678721281802	0.0269773558350897	-4.07729036928839
5:395066-395861	0.343922000731863	5.66823416399838	1.22535051365095	0.242456315295284	0.314151986443951	-6.61755049715618
2:1-943	0.342834613462152	8.06769739500105	1.03247521382036	0.320914929310789	0.398563742648646	-6.83003585793432
8:343192-343454	-0.342593171606419	4.37207549246091	-1.23828700647392	0.237783118214209	0.308854825134324	-6.60225508840916
16:269523-269742	0.341846149548052	4.39436036615244	2.7306482959783	0.0173275877383848	0.0310660995784964	-4.2267350478055
4:596950-597994	0.340686084126069	6.21784889354864	2.50570663432504	0.0265082968047324	0.0449322013255175	-4.63797928673876
6:12713-21833	0.337901515894268	12.2457079042842	3.61797828921451	0.00318387626830007	0.0066975564528384	-2.54355748528416
8:58157-65315	-0.335196862972097	13.2351609292259	-1.47793288791353	0.163543859730181	0.22370766305061	-6.29710098161984
3:482212-485954	0.334529990814612	10.5720226459033	3.3186644490724	0.0056333912704651	0.0112667825409302	-3.11672619093681
16:387830-388604	-0.334147759682695	5.73544957023673	-1.99026552383219	0.0682980288275393	0.105288640061141	-5.52727870202565
1:375738-376162	-0.333822115895268	4.92879295801959	-1.50779154180173	0.155824568109692	0.21481820355592	-6.25634569825505
3:658585-660942	0.33346064562801	7.2886019610163	3.373107073869	0.00507667837384495	0.0102504251678399	-3.01260192163442
3:756043-759368	0.333105728591523	10.3047598616646	3.57662195577741	0.00344418396474658	0.0072020955777671	-2.62279699179626
5:686033-686225	0.332931930454484	4.28672677348241	1.71257868265246	0.110828460101562	0.159665557799795	-5.96215528632883
19:66330-67035	-0.332009174069372	7.80705346814631	-1.83864518536708	0.0892142942663027	0.132877707680135	-5.76940865839028
1:750352-751265	0.329437995809583	6.15934676408141	3.15621437269599	0.0076871660089924	0.0148403058601389	-3.42658943856467
11:330258-332489	0.326626310648789	7.76240876818003	1.96657323375272	0.0712389408059338	0.109662276226044	-5.565803297246
3:597722-598339	-0.32571579231544	5.32376199431109	-1.55150198151803	0.145084032750787	0.200797822522715	-6.19566420251224
6:576484-576701	-0.324195847935976	4.17410650322752	-1.27303021987666	0.225584976850895	0.295189263388531	-6.56055528179707
3:117437-118050	0.323777287423503	5.45155211469582	2.14557418994764	0.0516322240182979	0.081867310155139	-5.26899060702728
6:406265-406690	-0.323510300702956	4.93803366636607	-1.31031242791265	0.213057397205271	0.282649009357746	-6.51481726986109
4:137371-137852	-0.322920955111391	4.99632047242675	-1.70164480961634	0.11290602530692	0.16199560152732	-5.97847508996301
10:7533-7751	-0.321921164631048	4.11073224381637	-1.36527085549806	0.195622756363208	0.262591823144478	-6.44556976238832
6:741973-743312	0.320907167858403	6.67581769207279	4.17439603946435	0.00111999563464915	0.00258799866562254	-1.48270881727139
17:161311-161660	0.320791717533115	4.57891177764906	0.453940530908104	0.657453107322173	0.718479344603623	-7.27000880532368
14:546719-547272	-0.31944559584435	5.08016474114258	-1.29343714309977	0.218656578859948	0.287548377678836	-6.53564566582628
4:690092-690347	-0.318923466665762	4.4093765056977	-1.62758007040286	0.127903112969063	0.179132211267017	-6.08725866267809
16:347225-348003	-0.318429988532245	5.75396504680713	-1.5031269834681	0.157009723084756	0.215888369241539	-6.26275020991588
5:246424-246685	-0.318229885282636	4.23862737763126	-0.816843474129567	0.428921052171944	0.509494523164873	-7.03055779351991
19:89259-89533	-0.317583349782261	5.53154813123447	-1.89228326798015	0.0812281914163958	0.123242773183497	-5.68497314090222
19:50057-50621	0.31689545343461	5.6153673753162	1.30525424884276	0.214723406588815	0.28378963373941	-6.52108203040028
11:232580-232770	-0.315453907802371	3.9831048964472	-1.29822798599489	0.217055072699045	0.285798200461586	-6.52975357483381
14:377244-379422	0.313738312055854	9.79134675984394	1.995936668741	0.0676108273200708	0.104381628143267	-5.51802110625421
1:125389-126114	0.312603939156439	5.50070728235143	2.25671106234248	0.0421304959632713	0.0683046718415038	-5.07859321686947
4:138384-138751	-0.311653818407515	4.76138133118427	-1.54037212417291	0.147756949320857	0.204229500631969	-6.21122864044438
7:558642-559708	0.311638444608074	6.38730562386363	2.52252212986109	0.025683688778404	0.0438157921647732	-4.6076202846083
14:310538-310706	0.311560284972997	3.78449714752452	0.980543699975821	0.344941763496896	0.422771712033411	-6.88203903797037
16:131369-131866	-0.310659677461198	4.96078498716714	-1.7865323955187	0.0976441635504066	0.14321143987393	-5.8500843148942
12:80755-81646	0.30931326099659	6.07754967234794	1.78789609737245	0.0974147742641338	0.143073715748158	-5.84799074174627
10:360899-361102	-0.307986827968924	4.10311612618644	-1.14285054927418	0.273973300336281	0.348153796817223	-6.71206828780262
13:421521-421889	0.307255206352351	4.80708542734678	1.81639115508691	0.0927306930927331	0.137147915834631	-5.80402741775806
9:608253-608631	0.306648475285377	4.87068203080355	1.17619411803301	0.26087468461876	0.33554648837687	-6.67450457473734
16:423801-424103	-0.306276891066194	4.46587822731353	-1.2218328021663	0.243739494590168	0.315427581234336	-6.62168772861301
13:84303-84389	-0.305262338160696	3.16033668330636	-1.18619519500644	0.25704182917866	0.331019721478859	-6.66306803336503
15:262381-265651	0.303452979846899	8.08796775640897	3.73560939958296	0.00254760989455138	0.00544590293248229	-2.31829506413592
14:7733-8417	0.302587774942693	5.98151883131274	2.07409410428922	0.058767557415363	0.0923490187955704	-5.38906353772245
16:129356-129631	-0.301751599181462	4.27204152771947	-1.32493112283296	0.208301149190388	0.277384632465385	-6.4966077410195
3:660972-662266	0.300049877805624	6.546030142548	3.23604277073246	0.00659794728784542	0.0129989409253074	-3.2745064129966
3:312657-314555	0.300036043277677	9.31900473219908	1.86618738832558	0.0850289746808965	0.127906833708015	-5.72622574043052
1:17915-18081	-0.299400510730981	3.85175727119456	-1.13217063983277	0.278273648984726	0.351913930487891	-6.72391410675681
14:278285-281364	-0.298502126061887	11.299789481439	-2.49734518342596	0.0269277911241484	0.0454971958833611	-4.6530495968988
18:135726-136000	-0.296020019878088	7.13804150806389	-1.64579267049708	0.124062351916501	0.174447195238115	-6.06079872050052
13:3155-4864	0.294657200346321	6.86310445625877	3.26804381287601	0.00620607304640245	0.0122957094502833	-3.21343434287865
4:416439-418019	0.292806761098204	7.06203446025224	2.45507354055869	0.0291484467506381	0.0486044004262113	-4.72897006162091
3:601911-602099	-0.292529487819736	3.94415740455463	-0.917754449099957	0.375673071423879	0.452866168291799	-6.94181665185887
14:154658-154930	-0.289679966059821	4.12864929138721	-1.33767515276984	0.204225476929159	0.273335999540167	-6.48060848410371
15:381299-381534	0.289448125291023	4.40621642770735	1.6287088137869	0.127662102112928	0.179032111329684	-6.0856243826361
4:811305-811592	-0.287691383836143	4.60876380365905	-1.30013816736672	0.216419168205875	0.285673302031756	-6.52739965060043
7:196606-196859	0.287571577548888	4.67837477268597	1.06174691801848	0.307922954482574	0.385268530727013	-6.79972369784753
2:387525-389528	0.287544055721636	9.04455024233556	1.34668022262558	0.201384910247284	0.269876224899913	-6.46923361667072
18:134944-135393	-0.287317199978218	7.25552013530077	-1.33682494670464	0.204495345348307	0.273350740111155	-6.48167946136317
16:387085-387354	-0.287043594778066	4.16164874235147	-0.770236834012252	0.455104940727467	0.535179083973502	-7.0684058162113
12:534156-534511	-0.286511686609891	4.57262300528739	-1.12830773243389	0.279841691556983	0.353061919096982	-6.72817633528741
4:357321-360873	0.286319102136463	10.4296910596194	3.27127070134361	0.00616787904115748	0.0122430080215457	-3.20727308243653
6:424007-424143	-0.286132683245035	3.71461511499473	-1.00194924534372	0.334886176359023	0.412648544031655	-6.86088144565961
13:472308-472528	-0.28612293262422	3.93527148548768	-1.44856961634237	0.171447334618245	0.233309774944416	-6.33661579471678
17:278863-279610	-0.286120866852169	5.5261206747217	-1.3075676661618	0.213960136889655	0.283490469956682	-6.51821906561108
13:525080-527010	0.285265728569558	6.95284000657316	1.81094096576478	0.0936106619447883	0.138255746872303	-5.81246805636471
13:69309-69798	-0.283889823155498	4.96013569766386	-1.32506848376239	0.208256870103226	0.277384632465385	-6.49643591203571
6:216831-217460	0.279241595158841	5.69354851877583	1.68637486225178	0.11586494875806	0.165790495783891	-6.00115640401404
14:180483-180943	0.279002185143812	6.3879450567625	2.55411904304171	0.0242008173092078	0.0419639787824688	-4.55039317699111
3:71007-71234	0.276590584866907	4.20660245221946	1.7403969090224	0.105694330904892	0.153104545179103	-5.92034057859724
8:709456-709670	-0.276574746771403	4.11218799823599	-1.05374451759976	0.311435490376895	0.388283208781583	-6.80808132588267
13:544690-546039	0.275195257995504	6.67101712688718	2.72213705787794	0.0176100337516384	0.0315189756639494	-4.24247900136287
13:441506-441728	-0.274529223612999	4.21437926501333	-1.21305861774679	0.24696339026824	0.318468750908292	-6.63196613663561
8:439646-441482	0.27339591212087	8.8239507643966	3.53931519582942	0.00369751660768986	0.00767107571261393	-2.69428239754944
14:325281-332462	-0.269899561047209	11.8901053730972	-1.50412335242573	0.156755928445056	0.215820417780937	-6.26138334420021
6:145029-146136	0.269632783048369	6.26279892925788	1.76956113051104	0.100539569433366	0.146846176101845	-5.87605831242848
8:54876-55333	0.269584627444532	6.94694569346609	2.25585713212101	0.0421967643936052	0.0683046718415038	-5.08007229479195
2:47845-48092	0.267905903793105	5.91426650119911	1.66793980930013	0.11952790013555	0.169197670969357	-6.02836547783415
16:449451-449666	0.266964115552144	4.24035569054794	1.40981350129752	0.182366586744083	0.246896302053528	-6.38789515824624
10:175298-176479	0.265644204735081	6.54184403741783	3.04305827422993	0.00954616957963928	0.0179692603852034	-3.64134858627932
1:755226-759794	0.262897017111266	10.9956826874236	2.85995483576913	0.0135458058557346	0.0248339774021801	-3.98607097177097
3:248311-248693	0.262065211916641	4.97454620110071	1.25677563370741	0.231228293072209	0.302199353322095	-6.58017654749701
13:457450-457661	-0.259003009712902	4.03292235522264	-1.21995529373503	0.244426549565584	0.315929542645357	-6.6238920441393
3:926234-927254	-0.258989116139189	5.95156416179744	-1.32152309089179	0.209402196626722	0.278499646899015	-6.50086662426081
15:58334-60716	0.258651265710526	7.312366866471	1.816628888366	0.0926924791573076	0.137147915834631	-5.80365890291741
14:6161-6262	-0.25784006657333	3.55430320529688	-1.16767212662598	0.264175497934313	0.338966374020212	-6.68418822440249
3:422419-423390	0.257800407260702	6.25069226505687	1.64783643954912	0.123637698173889	0.174314298092959	-6.05781749094882
4:110013-110145	-0.25768687617706	3.64181494153305	-0.699578570142843	0.496675719893803	0.578268533856512	-7.12190070385456
2:192236-212094	0.25659541596333	13.8658019577579	1.57194309412626	0.140282901807071	0.194663264531231	-6.16687992929584
4:704678-705534	-0.256393425814209	7.16961213699042	-2.52342728181405	0.0256400117877551	0.0438120589771349	-4.60598417802419
10:288220-288757	0.256085894235529	5.19194692288926	1.05705418131023	0.309979187236338	0.386924375557414	-6.80463117931742
10:185577-186111	0.25566707875968	5.39042156120419	1.7404157103789	0.105690933476086	0.153104545179103	-5.92031217648801
10:576094-576645	0.255288999449792	5.47005886042017	1.29864506673102	0.216916097100829	0.285798200461586	-6.52923983096915
16:424455-424917	-0.254227746626555	4.94854003491733	-1.42760616185134	0.177283777470272	0.240941658955737	-6.36447824229719
1:1092931-1096037	0.252117838794941	10.2899558798267	1.92077594245	0.0772550616786885	0.117892117243779	-5.63956564150017
16:380780-381328	-0.248488202972277	5.21051879434736	-1.14982954144689	0.271190745972197	0.345866458631208	-6.70427848191365
11:393125-394225	0.247926627933164	6.37331524585213	2.02850882545533	0.0637857151297164	0.0990554634955595	-5.46458538726153
5:698367-698848	-0.24772288009733	4.98290981928509	-1.13519329149991	0.277051362921573	0.351219975084251	-6.72057068908392
20:130695-133860	0.247360073318159	8.26345984136732	2.50343362756248	0.0266217050590423	0.0450521162537639	-4.64207775119871
4:330173-330188	0.247355782968237	2.30854189817172	0.318789551365758	0.75501500794831	0.805477006787459	-7.32541415542722
15:150619-150879	-0.246416184761215	5.28113220121031	-1.84701597376765	0.0879230140446398	0.131510910525693	-5.75632343323013
18:109295-109787	0.245942965953432	5.35000515604498	1.33530695068865	0.204977902673998	0.273649387134946	-6.48359035442531
7:496208-499114	-0.244437987762879	10.9609169916429	-2.3835503965168	0.0333123323235347	0.0547941167190852	-4.85635290647833
16:260556-261008	-0.243859806276966	4.79427127996567	-1.12529218907784	0.281070437211701	0.354188999636702	-6.73149531413478
5:676954-685454	0.243731449091644	11.3727422678577	2.5577416278384	0.0240362000233107	0.0417470842510134	-4.54381730449467
8:562618-563002	-0.243652499582601	4.73416745631758	-1.15108716715295	0.270691638292183	0.345743874774134	-6.70287064741794
11:367069-367965	0.243571122971975	6.12582976566488	2.02406026664571	0.064296086570015	0.0997014205843405	-5.47190971418162
6:761598-777626	-0.242236581975837	13.3969084378907	-1.96437760701541	0.0715172845343195	0.109770715796863	-5.56936103309977
16:0-4407	0.241268545875565	11.1846894571633	1.72990721116507	0.10760501040842	0.155445815309565	-5.93615718565239
1:747605-747992	-0.240912208133376	4.82873533511821	-1.03186263411127	0.321191046395831	0.398563742648646	-6.83066257169497
20:12423-17254	0.240433654741636	10.9201854442931	2.52734024127721	0.0254520216339424	0.0436320370867585	-4.59890906628249
10:87992-88712	0.240153044643521	5.65912064291087	1.60850525175166	0.132036252047096	0.183957097348233	-6.11476366348991
16:392185-406924	0.240009277914655	10.9600455116667	2.24978327891167	0.0426709726074627	0.068794728356459	-5.09058576743877
8:356353-358311	0.239050337915129	7.0525055047518	2.459707969162	0.0288966361304935	0.0483595051565786	-4.72066884373209
15:33425-33633	-0.23801304758537	5.93474583131313	-1.74996573984178	0.103977716321298	0.151448921979712	-5.90586112614627
7:507255-507749	-0.237887179038119	5.1235640893591	-1.13430959459785	0.277408283760399	0.351250776559929	-6.72154891799938
17:387844-388706	0.23775989155912	5.84082817217722	1.40280730971433	0.184400983309137	0.248694046455234	-6.39705716139061
17:372640-372996	-0.237402276409513	4.52437377737369	-0.662774100255723	0.519201890911311	0.597903158999285	-7.14787790060106
3:592865-593269	-0.236645838595851	4.81273081056946	-1.21297511914087	0.246994230107852	0.318468750908292	-6.63206366795994
11:363873-364743	0.235448590993093	5.84455650853115	2.03885718449376	0.0626129251128555	0.0974636338986894	-5.44751556376933
9:251596-252026	-0.234335255610669	5.02785007509586	-1.7032303049351	0.112602647687344	0.161780130554878	-5.97611266783518
6:83339-86227	0.233455160943048	10.4726562831892	2.03836386102473	0.0626683782359944	0.0974636338986894	-5.44833031486469
7:501324-501808	-0.232526898780572	5.06107319859454	-1.15428386179833	0.269426156567264	0.344865480406098	-6.69928652167585
7:372789-377396	0.231944092354643	10.5976631188082	2.16774797704565	0.0495888751418756	0.0791024956945931	-5.2313517856271
1:974444-974949	-0.230179562659312	4.96620535741233	-1.25051122658977	0.233432960493361	0.304703592436328	-6.58768597975783
15:422963-423196	-0.230179553901797	4.07813689990364	-0.5148554444837	0.615406070885709	0.687691863338951	-7.23889707060978
15:87250-87464	-0.229386557033822	4.14966521779549	-0.859728579955064	0.405712414803812	0.484687648310351	-6.99396719683128
11:540652-540857	-0.224824770339783	4.01473260417807	-0.966610530506315	0.35160197577719	0.429238943838974	-6.89559959677145
9:582337-583013	-0.220380500180537	5.56833963628781	-0.868138981632013	0.401261052596544	0.480966710036266	-6.98659533567053
2:978950-982070	-0.220248731306242	11.1465528447623	-1.14305821606358	0.273890188335833	0.348153796817223	-6.71183705165457
11:0-1784	0.220008999123465	9.77184444546882	1.48524660705988	0.161623771651496	0.221655458264909	-6.28717125615557
6:166329-166610	-0.219806581506515	4.22318455754954	-0.639142539291686	0.533972305891423	0.610915227542083	-7.16386633080481
5:811813-812255	-0.219694379472963	5.04980378638255	-1.14056212868414	0.274890446147582	0.348899412418084	-6.71461416796557
10:149326-152579	-0.217883760574155	8.74037971078383	-1.64591143106804	0.124037641062478	0.174447195238115	-6.06062555118139
12:429023-430970	-0.216875634791259	10.4384781916257	-1.40504638292781	0.183748784662244	0.248131351155153	-6.39413275588241
12:537126-537692	0.21623959871641	7.0428977582506	2.25406748265691	0.0423359684464669	0.0683589949227356	-5.08317133641445
11:590760-595839	0.215924398801503	11.7445583485306	1.79129018652196	0.0968459436537418	0.142436373953136	-5.84277593762232
16:425254-425454	-0.213366873208076	3.88416865087163	-0.82986569946804	0.421783575275215	0.502145947565532	-7.01962439073291
5:7856-8090	0.213293312684833	4.31689781148426	1.13136893303744	0.278598528302914	0.351913930487891	-6.72479966848999
9:61494-64676	0.209624424922342	10.0285218454734	2.58754043139897	0.0227226665698361	0.0396613816491685	-4.48961316265394
14:78115-78285	0.208515433425083	4.08500401445114	0.859672302483594	0.405742311653741	0.484687648310351	-6.99401630984245
16:261488-261636	-0.208473362235267	3.58579003757266	-0.45326636619599	0.657925687719416	0.718479344603623	-7.27033197868644
11:524857-525290	0.208052769219987	4.8345480981475	0.929237958087269	0.369914791970608	0.448484523904664	-6.93114125470753
4:382011-384121	-0.20768846895737	7.17723560417028	-1.59974187114825	0.133973633892308	0.186398099328428	-6.12732802775395
5:741141-741548	0.207375830499561	5.01266990384747	1.60846560557076	0.132044961922311	0.183957097348233	-6.11482060818982
3:562199-562976	-0.207371564405314	5.73907100045876	-1.06049790393892	0.308469249843645	0.385495299212887	-6.80103164793451
17:149797-150046	-0.206701103316515	6.86131839181631	-1.1088036987756	0.287861591174777	0.361452842188543	-6.74951387797269
16:133853-134026	-0.205134571899853	3.95369239792772	-0.974963080386443	0.347598475913049	0.424842581671504	-6.88749049317994
9:634224-634616	-0.20304308564715	4.90065494614488	-0.875212857472056	0.397542595381993	0.477051114458392	-6.98034560448369
8:708663-709051	-0.201955895030546	4.65809515778836	-1.00076957621727	0.33543478446888	0.412842811654007	-6.86205763216198
16:476783-477257	-0.20159839574716	5.05444013052105	-1.4188447208045	0.179771708791393	0.243695666859706	-6.37603587845245
17:10991-11353	-0.200823945472713	4.56746792518264	-0.921769768517045	0.373652615872198	0.451461284165951	-6.93809710428022
19:101895-102385	-0.19997668933615	7.45896379729191	-1.15674590157907	0.268454607244806	0.344038914138975	-6.69652059399333
9:385141-389522	0.19787748791712	10.6829994709864	2.2203656449595	0.0450398405228817	0.072282783574716	-5.14133129908763
16:422768-422984	-0.194216672200224	4.20959986298635	-0.963152316257526	0.353269092984389	0.430776168812372	-6.89893937898307
1:926889-927320	-0.193865977687278	4.79876822085436	-0.711761630884544	0.489349336179737	0.57099767845945	-7.11301509188238
5:651701-652054	-0.1934905347459	4.7810867757371	-0.936906353467065	0.366103930602959	0.445398330318807	-6.92394794915471
11:487968-491652	0.193450217197098	10.3777056821272	1.85442117907625	0.0867947700683117	0.130192155102468	-5.74471898999528
5:696726-697290	0.184617950137669	5.35562345220237	0.807690089516411	0.433984847712541	0.514930336162296	-7.03814968390585
2:872351-877051	-0.184417567297553	11.1991580034174	-1.37694527108189	0.192073925372877	0.258382248654468	-6.43058594486616
2:500753-501168	0.183693821291418	7.17520573011689	1.02494024558827	0.324323359081845	0.40197824787609	-6.83772278456433
3:164202-169198	0.183592125341638	11.0750873224772	1.88490211416849	0.0822872929302861	0.124245246960594	-5.69667418378912
8:323599-323862	0.181807124199031	4.54426989533775	1.68308814747309	0.11651068379756	0.166488879689071	-6.0060213781149
8:559874-560317	0.181160799327913	5.1378610148322	1.49193352865249	0.159884946707182	0.219555921616104	-6.27806228580994
6:304574-304833	-0.18091875878065	4.25681727901592	-0.90669669986281	0.381276183021844	0.459096521403725	-6.95198623248092
16:389678-391486	-0.180525540581573	6.78959759920717	-1.1206760973711	0.28295929823317	0.355720260635985	-6.73656178556898
4:800150-800298	0.179898958314332	3.87869937207261	0.866742697260432	0.401997780957414	0.481303465636088	-6.98782362104763
4:330488-330545	0.179333441345095	3.06299507956972	0.939268204395641	0.364935736881029	0.444489202014264	-6.9217220452857
11:333071-333780	0.175323367585559	7.41412601896025	1.7427963286509	0.1052615353485	0.152897085733172	-5.91671438892325
9:695887-698334	0.17491548404317	10.3461927978806	1.74430485239909	0.104990241690411	0.152713078822417	-5.91443301629563
3:821500-822035	0.173721494864746	5.34155510843951	1.0152906241503	0.328726802018078	0.406958385616753	-6.84749721838281
9:200185-201585	0.171704869497069	6.59048801796712	1.24031853282296	0.237055758138554	0.308301583294354	-6.59984164580656
5:589451-589740	-0.170473431652153	4.74442850117742	-0.62167505384673	0.545041222965016	0.621558889256001	-7.17533417305604
7:196039-196141	0.170458579885518	3.70627882784599	0.690319187413786	0.502287507108417	0.582874293963174	-7.12855889083263
17:404024-404395	-0.170380856991788	4.7265778342946	-0.935562735290578	0.366769661967552	0.44569477909981	-6.92521204984698
9:94765-94986	-0.168701745620699	4.17822639747253	-0.646766648262232	0.529181136742106	0.60674840434274	-7.15876745667375
9:542355-542685	0.167971978583981	4.73419981845367	1.08450151821896	0.298095857174062	0.373858937263432	-6.77567040696082
19:80038-80434	-0.16756604753376	4.75840491471419	-1.01419146775754	0.32923112644087	0.407105467823839	-6.84860560494698
7:303082-303596	0.166789948535222	7.94689309529206	0.786226893086197	0.44600960262619	0.527420090003647	-7.05564789072855
11:362947-363358	-0.165115241493435	4.89591071909077	-0.597735677438681	0.560416371823819	0.636343751232208	-7.1905644091988
12:341248-341846	0.164454432047302	5.52565989586011	0.920672274892331	0.374204110749638	0.451610903944706	-6.93911516774795
14:0-2777	0.164367583894693	9.56499090215572	1.0039677681259	0.333948959888479	0.411974417806348	-6.85886613689476
5:637590-640429	0.163078325782156	10.5763983291223	1.67476898089334	0.118159292392751	0.168005956083359	-6.01830830588574
8:523382-523564	-0.162150810964521	3.83490014328864	-0.784308776912269	0.447094496265697	0.528111619750084	-7.05719086561115
10:284878-285594	0.157619111778408	5.46530282886358	0.64868760419057	0.527977836965988	0.606026734604439	-7.1574738206064
2:912462-930561	-0.15278084768042	13.5534193216633	-1.28918516374701	0.220085900437644	0.288708957592735	-6.54086100314387
6:212604-212774	0.152657145231935	4.1375629758996	0.675776363722901	0.511176826476499	0.58994833744173	-7.13884988227407
5:697634-698076	0.152508827450559	5.01294642713699	1.24029203881812	0.237065232608916	0.308301583294354	-6.59987314053609
16:421478-421823	-0.151724430313247	4.71361053629797	-0.77469780992328	0.452555771721834	0.533369302386447	-7.0648705437185
6:341135-341706	-0.151081445470767	5.13821356439461	-0.438709575800573	0.668166888947972	0.725909706511377	-7.27719648571465
6:321212-321506	0.150265900088969	4.50135752586909	0.566923632281809	0.580546882649128	0.657082002226666	-7.209333314429
13:235158-235200	0.147804281005826	2.97373541682688	0.389923641953566	0.702987278017899	0.759830671020369	-7.29861267160063
14:8931-25982	-0.147209494474293	13.4717518979147	-1.24911760812107	0.233925687223271	0.304969784824413	-6.58935258633924
9:185261-185473	-0.145740624885595	4.09374649618484	-0.464382009393417	0.650153463351919	0.713681972244934	-7.26494414914428
8:155471-155848	0.145532709472122	5.02324520346787	0.499654625722296	0.625774689639161	0.695422292917746	-7.2470134887337
5:791684-791950	-0.145203882187034	5.83989377770243	-0.980203245272091	0.345103424027273	0.422771712033411	-6.88237237963497
10:361900-362297	-0.144618976926786	4.77335583380757	-0.502098105746277	0.624102283941425	0.694699816953635	-7.24572456732279
2:22192-22449	-0.142030719752171	6.91553592428995	-0.439545751776071	0.66757670694398	0.725909706511377	-7.2768080546353
16:429354-429695	-0.141651583594612	4.82431234012816	-0.329193607268432	0.747319822324181	0.799564065222224	-7.32182401419704
14:298503-298785	-0.140588870027271	4.36584760065478	-0.651767298559739	0.52605196010171	0.604473198985208	-7.15539235733579
9:707911-713054	0.140504287026976	11.1694335528033	0.900764998635405	0.384305429635178	0.462185177856401	-6.95739683433983
14:309940-310308	0.140287745347257	4.73667967346167	0.799942675992636	0.438300963263511	0.51946780831231	-7.04451507105531
16:134546-134766	-0.140185305269158	4.03870131088001	-0.629978998034915	0.539763233018147	0.616205377369906	-7.16991966045328
11:230673-230858	-0.138433627290532	3.94723223581732	-0.692117840250512	0.501194472686592	0.58224572404515	-7.12727196421624
11:370634-370821	-0.138279997074491	4.02240368240867	-0.68379852905555	0.506261908007392	0.585555941791682	-7.1331983139861
13:235501-235556	-0.137615070119103	3.01414429542428	-0.451868856580625	0.658905811026804	0.718806339301968	-7.27100041931742
1:286248-286290	-0.13674784712378	-Inf	-0.902650936321504	0.384716639522516	0.462185177856401	-6.95417726434108
3:563201-563565	-0.136420947625722	4.60532170914969	-0.487345637868187	0.634232103910726	0.701224301183988	-7.25341437343544
14:309290-309524	-0.135330833772687	4.05108891276443	-0.212773048956607	0.834846410895605	0.877211751150008	-7.35549832339271
14:303414-303482	-0.134938056602067	3.454349445213	-0.523975142904085	0.609226291874583	0.682403500644294	-7.23391566525078
5:686321-686702	0.13328027755069	4.83119991358056	0.551778200643637	0.590579457069565	0.665583678404974	-7.21821285374422
4:808603-808960	-0.132607056065174	4.70682700400046	-0.843546551696913	0.414369635443388	0.493876224636814	-7.00797094082577
1:670831-671047	0.13247996101919	4.04290703179022	0.482578187246127	0.637522308234138	0.703472891844566	-7.25585220605753
8:155037-155206	0.132121660980043	4.05514308996879	0.696101683355822	0.498778539683483	0.580077244389601	-7.12441048773451
19:53797-54020	-0.129985115893967	4.55778886558123	-0.495317279039496	0.628748641981395	0.696703636865008	-7.24928651659686
17:114528-115312	-0.127562202065099	5.70497212238279	-1.15089660570683	0.27076722011194	0.345743874774134	-6.70308404956397
10:287765-288004	0.12568130504936	4.27076808202568	0.676449785090186	0.510763171773762	0.58994833744173	-7.13837784709557
13:466305-466915	0.125632333608587	5.28814098146378	0.47331202016811	0.643940154927017	0.709072787907122	-7.2605243168827
3:791626-791973	0.125547204452364	4.72513451120943	0.819332443583835	0.427550794412173	0.508438782544206	-7.02848009227111
5:831226-835544	0.125377528126791	11.3523142750635	0.925878642897189	0.371592896619171	0.449486940240371	-6.93427618337213
10:409274-409476	0.125321109380018	3.80771284426615	0.465100927295581	0.649652237435803	0.713681972244934	-7.26459133819429
15:439159-439361	-0.125157513450195	3.98481111575715	-0.48649222589775	0.634820484783989	0.701224301183988	-7.25385246225781
4:497019-497363	0.121571510501439	4.586660039457	0.508791952637885	0.619531898883374	0.69102896203602	-7.24216265414441
3:622363-623125	-0.120818362593298	5.79764012528653	-0.715874129913598	0.486891034521025	0.570018772122176	-7.10998367702132
13:301887-309314	-0.120634863324472	11.9581110176363	-0.68743808212455	0.5040412842407	0.583626750173442	-7.13061382856268
16:436346-436717	-0.119645315959201	4.62001333108521	-0.616252178863137	0.548503447929484	0.624159095919758	-7.17883360382198
18:107481-107710	-0.119040694216607	4.3423659805224	-0.457115711515935	0.655229413932383	0.717912185024544	-7.26848047144642
4:809848-810090	0.118078484210558	4.37902037711966	0.72251545275503	0.482936916715565	0.56601707441913	-7.10505419428926
8:711083-714111	0.117884838731204	10.4827348737855	1.29192995941758	0.219162368856811	0.287855051632826	-6.53749583827319
9:510722-510922	0.117684705261463	4.30217292315019	0.620384522702141	0.545864056939252	0.621825721820766	-7.17616958239212
1:590073-590345	-0.117339649084611	4.25661123776008	-0.497963045754133	0.626933733766756	0.695422292917746	-7.24790224500226
10:424163-424394	0.116847712168639	4.04992884607877	0.228231316502391	0.823062598830813	0.867419265833671	-7.35185203894424
2:850122-850396	0.114544051217216	4.44916910631526	1.0826237239035	0.298897848464156	0.374420080638373	-6.77767146399224
1:622098-626313	0.114137909640577	10.5319127498294	0.976829230902309	0.34670845695428	0.424245805960278	-6.88567051605433
10:583042-583597	-0.114089597925127	5.31026595557818	-0.546400767819632	0.594162963516907	0.66837432989583	-7.2213104266019
8:200737-202397	0.113799150580127	7.0608246059796	1.01333277476958	0.329625509936958	0.407116419290559	-6.84947079791778
7:248978-249622	-0.113581180183486	5.48323301916158	-0.688159181692409	0.503601999420494	0.583626750173442	-7.13010025561517
1:351372-351553	-0.113397517177136	3.87171250842989	-0.50854361952607	0.619701161977378	0.69102896203602	-7.24229560587829
11:183715-183900	0.111994456041928	3.98956974398204	0.480746531602756	0.638788542186312	0.704134342952761	-7.25678267773236
6:752142-752648	0.110848929675793	5.26372943016504	0.54616326380247	0.594321492208508	0.66837432989583	-7.22144656906116
16:478340-478561	-0.10884113405023	4.18420178717944	-0.523746044922743	0.609381156351865	0.682403500644294	-7.23404183058997
19:110008-110476	0.108509846605778	7.10875073293797	0.491200535584143	0.631577593854075	0.699104757976837	-7.25142629183758
2:702506-702708	0.107355533178644	5.00731669165144	0.642302591242695	0.531983479459355	0.609299950443686	-7.16175981933792
20:147156-147949	0.101220158007255	5.67719832710663	0.71427342060453	0.487846990662228	0.570037710114303	-7.1111655122762
11:334768-340748	-0.10105527088192	11.2261798711599	-0.855563510748948	0.407929048749823	0.486749237830298	-6.99759428722119
13:467080-467992	0.100855259110363	5.95435562008305	0.771092727419261	0.454615149786741	0.535179083973502	-7.06772897225693
17:6981-7551	-0.0994473119949282	5.21935551885863	-0.671422245212942	0.513856106473708	0.592393065978423	-7.14189133582535
11:545006-548999	0.0971444945153959	8.18738169452259	0.926951831593959	0.371056224187919	0.449352491677113	-6.93327575722519
18:209283-212370	0.0969282147960051	10.6205781605636	0.992915204091417	0.339104005220185	0.416872909793382	-6.8698585929844
16:496819-497753	0.0964510003488046	6.01680322060263	0.520407480723297	0.61164016421658	0.684207641327021	-7.23587439451787
12:268141-268551	0.0955680581625851	4.81258577179412	0.193239678353535	0.849795950043833	0.886743600045739	-7.35974269397256
4:594765-595724	0.0952639949267091	6.13387380474283	0.571026093120512	0.577844807055489	0.655428696294948	-7.20688873767124
1:214320-214801	0.0943702334276413	5.32188768543547	0.498871007290982	0.626311484156575	0.695422292917746	-7.24742556233081
16:524207-525616	-0.0918145327484741	6.32916924344307	-0.400203159969467	0.695588706766111	0.752604174533825	-7.29430446883099
16:251591-252549	0.0915513490874176	6.10482352020597	0.633100081400978	0.537786904700401	0.614613605371887	-7.16786712679453
7:528580-528729	-0.0909470043994216	3.96465273780142	-0.386784448657919	0.705253019913887	0.761500193281252	-7.29990650904827
16:477751-477802	0.0909052671752937	2.73264196687032	0.354400575120133	0.728794008299555	0.78132636828866	-7.31265631273127
8:647816-647878	-0.0899298861400633	3.05883495252834	-0.174272301210027	0.864370523712687	0.896191562296021	-7.36347543272893
4:228696-229374	0.0893262316328132	5.60058543481907	0.601454198859443	0.558012755102779	0.634296522484967	-7.18823572636859
14:300544-301177	0.0888409784689737	5.43645233747314	0.360684934386717	0.724202298121518	0.778106609180662	-7.31026742963237
10:312837-313064	0.0871991435083421	4.12779881006094	0.454678227257117	0.656936167878671	0.718479344603623	-7.26965464402595
6:8527-8723	-0.0868216877511845	4.27734561259352	-0.411356561815153	0.687597761249315	0.745485868459216	-7.28950640165991
6:760117-760965	0.0834110291214154	6.03261911864831	0.791784499608001	0.442875696379854	0.524301272844311	-7.05115792372961
4:591450-591701	0.0813739196575813	4.45348670508276	0.226950412297333	0.82403737607842	0.867580726957937	-7.35216381504855
6:426778-428031	-0.0807895878674474	6.35977309526563	-0.569150824594597	0.579079125119516	0.65612398725988	-7.20800825274216
13:190051-192890	-0.0799904618646021	10.5987628076195	-0.766037406960507	0.457512911938908	0.536815150008318	-7.07171680986583
18:336123-336132	-0.0789721376987127	2.6261103050972	-0.204724640307841	0.840998390053204	0.881920853918752	-7.35729629639655
3:657870-658242	-0.0783364295218805	4.77164739408895	-0.559283805908095	0.585596446917447	0.662087631632574	-7.2138410455919
6:429254-429439	-0.0779934554290094	4.08689950240543	-0.360527707446939	0.724317042447529	0.778106609180662	-7.31032769843172
3:988234-997348	-0.0770071012706612	12.7902721270626	-0.714039428480231	0.487986827597851	0.570037710114303	-7.11133806867398
5:118195-123696	0.0743592749628625	11.6744902200368	0.769086164049645	0.45576394401875	0.53535786972614	-7.0693146910492
4:234898-234962	0.0737816284952419	3.04417384295508	0.318628027603214	0.755134693863243	0.805477006787459	-7.32546899839088
13:523879-524771	0.0732409239339358	5.80437503777861	0.441204879439775	0.666406358938839	0.725489809318984	-7.27603521120346
9:481112-481325	-0.0689772655141816	4.0797570149548	-0.146843036279168	0.885537584759894	0.912319697079461	-7.36819488302036
2:939420-939897	-0.0681408592228285	5.0587957713027	-0.2052784469511	0.840574721834908	0.881920853918752	-7.3571747848927
9:410579-410617	0.0657622387516974	2.65354827342054	0.307319159518663	0.76353055070604	0.812790586235462	-7.32924070879113
10:588473-591496	0.0654128331571453	11.155870088619	0.373601307010304	0.714799870248131	0.769448178371076	-7.30522840051254
6:405239-405646	-0.0634752872871696	4.83143660356913	-0.445241162536062	0.66356296854105	0.723139829493652	-7.27414326681326
13:527392-527733	-0.0621072348642508	4.65127024152326	-0.339778191508654	0.739519972096981	0.792021389994332	-7.31805529358552
3:593694-593994	0.0615059756061838	4.59277118339276	0.272333957592739	0.789697562862327	0.837269705203431	-7.34005742787156
14:301623-302289	-0.0614527925927533	5.54723632246247	-0.406019733240798	0.691416572448877	0.748857333852322	-7.29181828082371
6:532080-536153	0.0589757637977346	10.8167086389359	0.465167741407146	0.649605663994093	0.713681972244934	-7.26455852218792
13:226175-233946	0.0575840111717429	12.1045817435766	0.656452884866484	0.523129575514522	0.601769969219319	-7.15220783724525
1:849994-850155	-0.0549412632203494	3.67883405374365	-0.165906340058889	0.870815762073563	0.901263782617757	-7.36499996990864
16:174899-175442	-0.0531035572531691	6.94152902205663	-0.327566859076989	0.748521184361266	0.800038836726212	-7.3223928368639
14:498268-498871	-0.0520110702557179	5.29967982124966	-0.356917396298473	0.726953754390176	0.780145492516287	-7.31170453065189
4:0-3269	0.0517589394261524	11.229882125755	0.373757201152871	0.714686679601335	0.769448178371076	-7.30516652221945
1:852226-852472	0.0496779445839373	4.40873250026102	0.305403709362181	0.764955732569811	0.813487667264573	-7.32986624949141
7:284092-284829	0.048626099822437	5.65863353965053	0.271255167320343	0.79050886752818	0.837289231805174	-7.3403704700929
3:923961-925148	-0.0483005536314671	6.33283163129131	-0.31184808947275	0.760164399623906	0.810023820386322	-7.32774634223275
6:759311-759817	-0.0467117690742267	5.1287667946514	-0.263500888908551	0.796347908708609	0.842628648894079	-7.34258444237396
16:494171-494795	-0.0460816483714419	5.30291333710778	-0.258235838533832	0.800319858837549	0.845983754687139	-7.34405149424927
8:360135-360250	0.0459891071283831	3.57115914698751	0.239671652966458	0.814370175315589	0.859115789343918	-7.34899026349963
10:147236-147796	-0.0441684244605351	5.45647366354638	-0.422620428567	0.679567164487609	0.737536408734754	-7.28453051090136
7:478643-479040	-0.0426191681258379	4.99431049150102	-0.193312087388289	0.849740417159758	0.886743600045739	-7.3597277098719
1:198536-199789	-0.0416939503902531	6.30832848047635	-0.281664857368275	0.782691011974092	0.830675084064966	-7.33729856375481
1:201999-213750	0.0412642340460518	12.605738728986	0.456919390952754	0.655366805268617	0.717912185024544	-7.26857526699196
4:497838-498823	0.0400235089250289	6.19851314550302	0.24229701314737	0.81237897559834	0.857872198231847	-7.34831396764208
10:7853-8057	0.039944243969674	3.74914465316993	0.0826119278951043	0.935434709285873	0.949826012505655	-7.37609909179672
1:142576-142851	0.0387322366749983	4.39954131727512	0.177915226900303	0.861567097628394	0.894606543850132	-7.3627882544039
6:251707-252153	0.0376400515320672	5.0290958597035	0.193549725919312	0.849558170180919	0.886743600045739	-7.35967849447936
13:213240-214095	0.0374107489528752	7.14094146531933	0.13607286614848	0.893874948077693	0.919115818081835	-7.36982830012892
8:715239-715433	-0.0367534750719516	4.1436343999026	-0.180596255797963	0.859505147997308	0.893343933351532	-7.36227348620495
19:52930-53259	-0.0363021500275531	5.18335665678492	-0.288191609404183	0.777801762903354	0.826316560991893	-7.33531424932139
4:372038-374695	0.0361287859635242	7.70818528750742	0.382749840553017	0.708169340442811	0.76386805261247	-7.30155439150254
11:486774-486784	-0.0354755676035308	2.30909036464968	-0.0369344638689159	0.971105587513207	0.978518607265216	-7.37902996323888
13:332498-333213	0.035355693216359	5.87350824420402	0.190978247019583	0.85153073537348	0.887676659974724	-7.36020785838299
1:1033595-1034109	-0.0352169222301706	5.20693024836797	-0.186198061469891	0.855200342847761	0.890622842255657	-7.36117319741313
4:230716-230928	0.0349462814930517	4.10581008907971	0.154875370918857	0.879328797806866	0.908582397733904	-7.36689600605546
16:379644-379975	0.0340124356876181	4.78922075715218	0.214199987740077	0.833756867024661	0.876939493603628	-7.35517236837274
4:232036-233569	0.0326827444698283	6.63545744260667	0.173726242582223	0.864790910965573	0.896191562296021	-7.36357721844277
2:703022-703253	0.0315347046947743	5.23302984787858	0.0896130688823435	0.929978121163175	0.947931366745476	-7.37545208306761
9:209646-209856	-0.0303130293908724	4.27188363535572	-0.197209794021878	0.846752377633239	0.886194757959068	-7.35891289577828
1:1086403-1086701	0.0295881635718596	4.71437314125598	0.117543879515408	0.908248763697412	0.932080363911047	-7.37234817025163
5:642293-642622	-0.027461048811265	4.74202882253247	-0.148325084391014	0.884391394172686	0.912028625240582	-7.36796041163991
7:49218-49813	-0.0260187207749363	5.42060951053023	-0.151260659783712	0.882121873361134	0.910577417663106	-7.36748905444448
1:237304-237730	-0.0249613084159641	4.79158773456661	-0.0859362718293251	0.932843322082468	0.948597798304508	-7.37579842452617
4:754513-754957	-0.0237354019853191	4.7864128206388	-0.145671707719252	0.886443660240497	0.912363065510687	-7.36837853592815
6:681510-681921	0.0221761777796958	4.864763079522	0.0997123290002946	0.922113472434934	0.941732908018656	-7.3744262170433
1:980681-986077	0.0215422057829748	11.4746304961934	0.18468568954334	0.856362081794281	0.890954047659863	-7.36147354708349
4:599231-599823	0.0208411630619549	5.32840473031233	0.078292784954435	0.938802701415103	0.952330117862007	-7.37647203589488
17:108071-108358	0.0207675421540667	4.537896163004	0.11574896013265	0.909643044511138	0.932604907770642	-7.37257275576695
17:39709-40245	-0.0205828634994116	6.89598457642769	-0.165158542181049	0.871392350428722	0.901263782617757	-7.36513260697377
1:505886-506095	-0.0197059353042288	4.0931652353881	-0.105426937664944	0.917667028169389	0.938099111081196	-7.37379732636556
2:811079-843894	-0.0196681681875752	14.4685751736869	-0.2029178044672	0.842380997680153	0.882494378522065	-7.3576904690726
20:112581-113016	-0.0195862211478488	4.97910107613134	-0.127540815474226	0.900489140350426	0.925016081916391	-7.37103424754905
6:756255-756444	0.0193442084222868	3.83173314205682	0.0647828210863499	0.949345150282894	0.961177831925922	-7.37750942526507
17:380121-380451	0.0163353044750405	6.18135621122551	0.0911764048516717	0.928760173130434	0.947604582440327	-7.37530043205066
10:146214-146603	-0.0160944493042061	4.96101286836415	-0.108050217395016	0.915626853338492	0.93692050109055	-7.37349692183703
12:392878-398770	0.0141591735643907	11.0867287265262	0.108080773810876	0.915603092669159	0.93692050109055	-7.37349337925181
11:374445-374453	0.0141456784249594	2.36889146774833	0.0853159547872278	0.933326811021197	0.948597798304508	-7.37585542760579
11:303062-303545	0.01370591650028	4.74040470276172	0.0326555290558653	0.974451699206122	0.980019994630157	-7.37918982277635
2:746293-746650	-0.0121381738054671	4.84902773078176	-0.087525832370472	0.931604510346503	0.948597798304508	-7.37565047159296
14:6748-7032	0.0111655003282936	4.49595434716219	0.0491961687533195	0.961520361699827	0.971641628665089	-7.37846301737196
9:52494-52710	0.00955310510935092	4.17606145831546	0.0344956839459985	0.973012639057734	0.979505573732094	-7.37912348402542
11:524078-524575	-0.00945768906127498	5.27848245081909	-0.0687332747103683	0.946261307829465	0.958974991427942	-7.37722633400182
4:753972-754217	0.00924874010939103	4.35081158257492	0.0510039402993714	0.960107679355226	0.971143399807585	-7.3783657821014
6:9154-10412	0.00769431127721276	6.43765730626157	0.0455633930756048	0.964359597194663	0.973579096211821	-7.37864780914531
15:80914-81114	0.00550908247673565	4.23221407120309	0.0227736215288191	0.982181131394018	0.985915660410725	-7.37948389192081
9:102359-102562	0.00421895202384004	4.24578926559061	0.0232161185574584	0.981834972829684	0.985915660410725	-7.37947296618437
20:76558-83105	-0.00415400038376923	11.9048642111007	-0.039447561689579	0.969140615450479	0.977471337073262	-7.37892691315796
1:119255-119640	-0.000653984967360799	4.87152973504081	-0.00409567212341059	0.99679511564325	0.99963498776759	-7.37975333914881
1:746000-746217	-0.000552035044709243	4.10428799102764	-0.00267846738729861	0.997904081973273	0.999647211587828	-7.37975849361499
16:487265-487483	0.000518827782441278	4.21346989147549	0.00154933471479443	0.998787634541118	0.999647211587828	-7.37976105666353
2:944397-944608	-6.79598143236149e-05	4.32765082066423	-0.000450843525932722	0.999647211587828	0.999647211587828	-7.37976223633914
