logFC	AveExpr	t	P.Value	adj.P.Val	B
2:533704-534406	2.14955588136068	7.34924256187639	18.5458990486782	2.4239811067417e-14	6.76223812645508e-11	22.6235956537994
9:147649-148260	2.07415934224206	7.30757828113518	18.3375344269274	3.02155412263408e-14	6.76223812645508e-11	22.4240126945625
3:234094-234507	1.81005619948417	6.53358208837398	15.4607715177743	8.12203944384937e-13	1.0608722297841e-09	19.3821323864358
9:50952-51457	1.7016680232933	6.71026537961419	15.3357743967318	9.48053824650672e-13	1.0608722297841e-09	19.2366562538265
8:656265-656487	1.59589373041014	4.08457382905037	10.262180703281	1.47939462983737e-09	2.87903059267481e-07	12.1287754422374
5:0-214	-1.43922935367342	4.42182688980742	-4.33750227516357	0.000300290305383374	0.0049781459514666	-0.040232535276278
10:44687-45068	1.37948027811215	5.04465896220877	11.3815292349794	2.37576744543342e-10	7.08929005717333e-08	13.9256591387939
2:185641-186238	1.33556993133219	7.28531134103551	13.0269916627929	2.0301383548213e-11	1.81737985523603e-08	16.3156065266475
6:378240-378657	1.3265872794109	5.65878921700923	12.3894613771604	5.10947131379648e-11	2.80103522757688e-08	15.4229057135529
2:605411-605870	-1.31022981959189	6.83534457392537	-10.064966318811	2.07139536897496e-09	3.68108731252829e-07	11.7965516795921
2:379481-379729	1.29418382128015	5.45136472908971	12.5343965855197	4.12908234184028e-11	2.64025322315387e-08	15.6294171999847
4:19156-19621	1.26615208192712	6.16256045188381	11.9882829640346	9.30908983129124e-11	3.78795328044178e-08	14.8399825610608
2:336376-337740	1.2508816787842	7.59327652977718	12.0535241535421	8.43505871444195e-11	3.77553228058422e-08	14.9359273755292
2:452271-452918	1.24214674758187	7.51053379429666	9.77382540567042	3.43281120710385e-09	4.80164467593652e-07	11.2971617499968
2:109807-110307	1.2295776727347	6.68017675640463	9.81809262602665	3.17697145174367e-09	4.71123958236961e-07	11.3737875265534
10:437151-438674	1.21292703590758	7.32301080435728	9.97797392551535	2.40637607279143e-09	3.8467640363623e-07	11.6484595115578
3:387289-387781	1.2044823672791	5.82278217335914	11.2328481081952	3.00584716074063e-10	7.91421875969121e-08	13.6953910660463
2:457158-458645	1.20438216928976	7.57642500585604	11.0086025753301	4.30467915192501e-10	1.01409178336928e-07	13.3433260650473
2:553913-555588	1.20244343649653	8.42323227775762	11.3919639353709	2.33706598366903e-10	7.08929005717333e-08	13.9417261701579
2:96288-96835	1.19925366337786	6.45851670000805	9.05645456048044	1.24484596031059e-08	1.26634784507959e-06	10.0198329725606
12:528903-530024	1.19064654423296	8.01876147254846	12.3236411782041	5.63210836644144e-11	2.80103522757688e-08	15.3284133463132
2:524160-525822	1.14945879411502	8.28206293301053	11.2820227969389	2.78014905747254e-10	7.77746698827944e-08	13.7718264670093
2:106819-108281	1.1440319184904	7.65957665723865	11.1228445692287	3.58256104666171e-10	8.90863513603211e-08	13.5234076512821
13:149956-150569	1.13040495484824	7.04831477536861	12.5953710650331	3.7772689613575e-11	2.64025322315387e-08	15.7156613312093
18:198726-199966	1.12994901386693	7.17267476374683	9.40411139428642	6.6155454945786e-09	7.8709927628455e-07	10.647306127259
5:748794-749331	1.12982953529642	7.0062568084981	11.5548430335637	1.81114342171232e-10	6.75556496298696e-08	14.1909465220417
4:617082-617731	1.11540542052625	7.17549095397426	10.3870262724415	1.19823580013379e-09	2.55395401971374e-07	12.336599996564
2:182204-182471	1.08918130249191	5.52702727239183	8.2936317540975	5.25872463742289e-08	4.44114178813299e-06	8.58578262399445
9:239210-239499	-1.06242098206488	4.50986745274127	-3.78462940187645	0.0011133338943455	0.0119108939649322	-1.32692685202286
2:11906-12116	1.06201938625715	4.48491354484881	9.0229330466113	1.3241417489647e-08	1.31707965963689e-06	9.95847838821983
6:736070-736912	1.05145177730243	7.16197970123802	9.48747897486207	5.69759826099617e-09	7.28641423320539e-07	10.7953973612828
7:657082-657503	1.03955575421984	5.25936829891259	8.92387460445104	1.59054629301452e-08	1.54767069728978e-06	9.77628668915174
2:222352-223179	1.0164067013015	6.83142879668514	10.0464877963905	2.13825447108435e-09	3.68108731252829e-07	11.7651742512351
12:305048-306826	1.0140354478483	8.20110486050192	10.0152973468432	2.25624256510898e-09	3.740348785714e-07	11.7121140108541
17:382266-382700	0.994550414725996	5.46399689470126	11.4854998834517	2.0181187016157e-10	6.948537929563e-08	14.0852059299522
20:23708-24845	0.988532417722252	6.41795914514947	9.50498375852883	5.52226131181946e-09	7.26989459755997e-07	10.8263766028047
14:182814-183775	0.987974682021103	6.77448749236694	10.2276985476144	1.56856731629136e-09	2.92537804488339e-07	12.0710361212894
12:298651-300123	0.981705708767118	8.03184738179457	8.47424023110394	3.71334527692811e-08	3.39202723663882e-06	8.93252544404339
9:137179-138475	0.976922542841714	7.12337642847396	9.63215291430695	4.40536765462357e-09	5.97528049154397e-07	11.0502365382108
6:615791-616182	0.973668648148291	5.68272229629895	8.35484735932523	4.67146510430173e-08	4.12228492347114e-06	8.7038136470284
3:522625-523021	0.968588028375405	5.11497954866997	9.40194003325406	6.64140970577243e-09	7.8709927628455e-07	10.6434368065438
3:314231-315374	0.96057548178782	7.70193810088013	10.3935282103524	1.18521122620492e-09	2.55395401971374e-07	12.3473710830021
7:219415-219639	0.944443014415831	4.90305355598366	7.54778525090192	2.31651386742484e-07	1.62011188603025e-05	7.10580668889349
2:381957-382794	0.931840614140508	8.48033669959604	9.08605666092051	1.17891780678651e-08	1.22717118678521e-06	10.0738883510882
9:502728-503728	0.92859598022743	6.00720010800505	10.3246798448911	1.330948975176e-09	2.70787618767627e-07	12.2330542834553
2:128172-128667	0.92760213368356	5.87737875393408	9.91314614505691	2.6923196014823e-09	4.15545604697751e-07	11.5374783301993
2:24267-24675	0.921297821229493	6.11912021331269	7.16416207125652	5.11291416083438e-07	3.01123733998614e-05	6.31445481612891
3:540497-541554	0.914430147634017	6.65988402966807	9.80282007764471	3.2629228564222e-09	4.71123958236961e-07	11.3473793520321
2:78066-79162	0.906326437550794	8.7571784046533	7.26550697349673	4.13999955111772e-07	2.60994901278914e-05	6.52548649574891
2:157650-158483	0.896122432901509	6.28806475083139	7.07421806332585	6.17341026455816e-07	3.58859536937173e-05	6.12598600796859
8:231554-231894	0.892603436248245	5.11923970714218	9.13211384277848	1.08345256490665e-08	1.1546508763148e-06	10.1577582552133
5:152907-153381	-0.887900779780525	7.11799424775129	-6.21880688197022	3.90957960704786e-06	0.0001715615521681	4.28004163686784
10:239199-239564	0.883652924141875	4.84805406818709	9.17703520643697	9.98048694179637e-09	1.14545280901232e-06	10.2392865770233
9:522670-523362	0.878995552951624	7.84505996650126	8.35202663159628	4.69697343827141e-08	4.12228492347114e-06	8.69838635647799
3:228870-229141	0.858372974047967	4.87720820237783	8.81586856331572	1.94520766488175e-08	1.81390614750223e-06	9.57612557853914
12:152439-153023	0.856157473993218	5.82385600930182	9.39852880355281	6.68225480313068e-09	7.8709927628455e-07	10.6373568129461
9:149071-149957	0.853618618985099	6.91036768335942	8.84680566374786	1.83594468098335e-08	1.74844433874074e-06	9.63362120101577
16:163884-165532	0.849909019101007	8.79742404479548	7.4146805043044	3.04200818747165e-07	2.0630346435035e-05	6.83353885747849
1:543983-544491	0.849451028275761	5.84908113805944	9.13637705325433	1.07503127832302e-08	1.1546508763148e-06	10.1655071855267
2:489968-490518	0.836826818052752	5.44109860502048	8.26310793079113	5.57960680793688e-08	4.62487408746768e-06	8.52673489370922
7:627587-628691	0.831897690030945	7.04461246333569	8.31970326798402	4.99978744085561e-08	4.30366318947494e-06	8.63611511939303
15:465168-465699	0.830692123860402	6.66256860697494	8.03692533104672	8.68722172593014e-08	6.82175516583567e-06	8.08515371966387
2:590823-591361	0.812576265851057	5.64766173497914	6.74324525643014	1.24671434927842e-06	6.26999261502269e-05	5.42305791436503
16:454888-455608	0.800885397301991	6.52271337120396	8.07071942022178	8.12765589069814e-08	6.49631924406516e-06	8.15158317378337
17:261256-262668	0.800204690051447	7.01702313701425	9.15669670922398	1.03581616435906e-08	1.1546508763148e-06	10.2024073790768
8:336457-337047	0.798230322576682	6.19261951286073	6.99354705494983	7.31715146949461e-07	4.19891922787922e-05	5.95601181574432
17:149882-150628	0.795754244357103	5.93489209133357	7.82266782300459	1.32968140539613e-07	1.00875491026324e-05	7.66027909177876
7:30509-31386	0.789584020895439	5.9654231824864	8.24800169317199	5.74584262420816e-08	4.6760711974465e-06	8.49746434343309
2:405919-406473	0.788044379173679	6.35398898915394	6.72290060414874	1.30237204265869e-06	6.47713029215588e-05	5.3793735483187
14:193800-194355	0.7769804578479	6.31801623296355	7.22240341157243	4.5280900683257e-07	2.77640152682546e-05	6.4359037467685
2:147102-147473	0.764967006913944	5.10068202902751	5.9283989486105	7.47131419232839e-06	0.000293347388814578	3.63271500778641
13:213024-214214	0.762937831669543	8.66659681099358	6.42352448664898	2.4920526863829e-06	0.000116191956502603	4.73034712129155
2:28598-28787	0.757731480671098	4.39348748123133	5.34790913523413	2.80548677487481e-05	0.000815880438607608	2.31222545703771
15:257922-258146	0.755085889255228	3.92458418257448	7.56886472853224	2.21917180585863e-07	1.57666873063861e-05	7.14869930602159
16:57650-59451	0.737039975260192	7.27213873368403	6.0763655496907	5.3646079052753e-06	0.000218290772581929	3.96374851792212
17:98288-98703	0.734013646689675	5.26467348997208	7.38123274827597	3.25879472900393e-07	2.17706943388382e-05	6.76473467682217
2:310016-310434	0.731080851840882	5.92454130135927	6.40267071010774	2.60840260632006e-06	0.0001191347965907	4.684712653562
9:207010-207449	0.727283902005361	5.6144415580433	7.29354003829101	3.90615647005206e-07	2.49770805142186e-05	6.58361081994145
2:1018351-1018624	0.725043958090367	4.99066408795193	7.47867714670069	2.66772091319497e-07	1.83703366268626e-05	6.96475196986172
1:1008056-1008597	0.722020776562349	5.7218373903846	5.46928951144647	2.12126996444523e-05	0.00066864819442654	2.59094159599437
8:460229-460570	0.71600669268416	4.90791797830883	6.26191900546002	3.5543039734243e-06	0.000157515490941061	4.37529804200715
1:447589-447983	0.714648301223801	4.71967339142627	6.98296789704181	7.48256183952313e-07	4.23948693591209e-05	5.93365613435559
7:690408-690992	0.714380484335383	5.54725384807575	7.82595607540427	1.32096183164422e-07	1.00875491026324e-05	7.66684812450729
17:18045-19109	0.710681762550523	7.61462165853165	7.68930653403751	1.73845104761603e-07	1.25504949824667e-05	7.39258824267566
2:306767-307494	0.706740662054322	7.05161925348018	7.21345632214514	4.61324207026631e-07	2.79038804142054e-05	6.41727688915383
7:605736-606024	0.703195142408089	5.10224797281525	5.06415536788895	5.42142326514473e-05	0.00142742885498752	1.65628278460234
4:370206-370345	0.700057781610318	3.6564282695379	5.37361959158965	2.64386638942701e-05	0.000794224561011766	2.37136449230597
2:373700-374142	0.696385228336967	5.6865993282107	6.76305621150576	1.19486576136382e-06	6.07752175893691e-05	5.46554395746491
2:61088-63329	0.694168177955607	8.35520555378045	6.53354429516388	1.96066861226805e-06	9.53907903099108e-05	4.97019782594376
15:349662-350017	0.691239432112429	4.99077882432841	6.15428040916467	4.51069277240857e-06	0.000190470385370762	4.13705517822476
18:271254-273267	0.684980093073383	8.33766551700255	6.35995202807427	2.8644751115347e-06	0.000128213905992293	4.59106197299249
5:510233-511404	0.684207478904224	8.37732739706828	6.15767316580269	4.47684296046354e-06	0.000190470385370762	4.14458558806449
9:8854-9901	0.683044826150656	6.76630666295425	7.78267324514844	1.4406259927096e-07	1.05708884317511e-05	7.58026003671911
8:393066-393927	0.673599594136223	6.42600825061734	7.79418659400871	1.40774074341735e-07	1.05017459458934e-05	7.60331822020965
2:133925-134666	0.668173316386023	5.66961583438557	5.88693974372037	8.20172712360962e-06	0.000313768637651937	3.53952567101022
1:442444-443843	0.666683073115061	8.16508106636461	4.5741601592767	0.000171476842829729	0.00339615198453924	0.513512232339802
1:1020984-1021186	0.666668127261083	3.91528676262345	7.25258526527612	4.252603586756e-07	2.64370189643331e-05	6.49865793694466
12:122584-122955	0.665182256796554	5.00257270180293	5.38773034961075	2.55922445713432e-05	0.000779257732662123	2.40379911041165
4:173751-174805	0.664095423799671	7.78487977912518	5.2550356454512	3.47787926265095e-05	0.000972936723726604	2.09816611714678
17:357572-358760	0.659917740731427	6.32745612540913	7.35505644666825	3.43953526649152e-07	2.26402350776707e-05	6.71078036724777
12:367938-368532	0.654369567558174	5.71990770599002	6.94597237146844	8.09191292816873e-07	4.47153114401027e-05	5.85535916122893
8:102769-103036	0.653286636943035	4.98213764210524	6.43612148539557	2.42436435000289e-06	0.000114225840322242	4.75788685666487
15:27527-27751	0.650850692984911	4.26427645774661	5.48460229127052	2.04797073931813e-05	0.000663595995537882	2.6260138320062
2:545229-546443	0.642546517789927	8.16541015785204	6.63574729496103	1.57129477832793e-06	7.72869827230311e-05	5.19162330209759
6:181536-182333	0.639262093926085	5.70757162798932	7.1932322058031	4.81185858941514e-07	2.87171720616296e-05	6.37513202430231
1:1081167-1081664	0.633260959980186	5.34301487750375	6.79106023474188	1.12533072341349e-06	5.93539929500638e-05	5.52551225740538
5:581310-582278	0.623379591203276	7.55192988307986	6.85652401734805	9.78555042066605e-07	5.27712333528931e-05	5.66529189449062
4:393997-394559	0.618687583729671	4.89761897496953	4.8713557521592	8.51346417161071e-05	0.00199509244147275	1.20776266731165
7:180679-181554	0.610155012319833	5.97211499105597	6.77394678575961	1.16731327306225e-06	6.00562552899613e-05	5.48887753794861
7:210951-212200	0.608166394515962	8.09260515676773	4.69575607148794	0.000128687892437255	0.00273607572550425	0.797854593902983
12:310129-311509	0.608064310609679	7.36242434321163	5.2067223994865	3.89032907987592e-05	0.0010748835161435	1.98655638241151
2:671768-672173	0.604450740753999	5.71335266344288	6.78258970742114	1.14591283823298e-06	5.96407658596604e-05	5.50738426147707
10:370847-371398	0.603861634773504	5.47129408002779	6.15794939499332	4.47409848452618e-06	0.000190470385370762	4.14519863424211
3:373556-374636	0.603823528921013	7.76157045503688	7.30756208514078	3.79434263040022e-07	2.46137356719875e-05	6.61264378742069
2:314780-315654	0.60159957553937	6.56332331226456	6.05123169548794	5.67406748017182e-06	0.00022880293730855	3.90769319447658
14:422872-423646	0.596229153172803	5.76328008909355	5.27892209808475	3.2906678434746e-05	0.000932217042240021	2.15328373754111
10:78080-78433	0.595908784984156	5.03316597328202	4.92597968500596	7.48964085499789e-05	0.00183712424534954	1.33502705848793
5:225660-226661	0.594385713760762	6.13559874243682	6.79030826981896	1.12714240410086e-06	5.93539929500638e-05	5.52390334180481
17:131731-132360	0.587707799856207	6.33875750943336	5.48985669426167	2.02341806790018e-05	0.000661081698680381	2.63804370149551
18:25562-25949	0.585754546699818	4.97399243464367	6.97588289228804	7.59548819241816e-07	4.24967564365796e-05	5.91867578448242
6:642116-643279	0.585749763415556	6.38103078416496	6.10394323601166	5.04488400127821e-06	0.000207164227428636	4.02517053689935
1:452928-453793	0.582777938652253	6.42371064891077	6.36069671315647	2.85979706463032e-06	0.000128213905992293	4.59269645812259
12:436051-437225	0.581027380765118	7.00345046869804	6.49492987477146	2.1324693631477e-06	0.000101541839036692	4.88619030068693
9:98550-99959	0.579064393536533	8.2094975926591	6.10590516611145	5.02289561697116e-06	0.000207164227428636	4.02953686298516
16:43428-43641	0.577070232231707	4.15420497346067	4.54086279261333	0.0001855211841279	0.0035792793972262	0.435608125100013
7:233267-233507	0.574377218409317	4.35999394132055	4.90528627371785	7.86196381042675e-05	0.00188182620403584	1.28683098990185
1:241250-242405	0.573364840613835	7.29868853558842	4.93498127899952	7.33330199105097e-05	0.00182354776177467	1.35598589923693
2:311330-311915	0.57225904835262	6.69341051786523	4.74910482847404	0.00011348609784629	0.00246584356291259	0.922497468292832
19:123199-123953	0.572117977731043	6.42098644764468	6.50635926194807	2.08006505000672e-06	0.000100111517890646	4.91107524657478
13:215645-216044	0.572042472700387	6.6086869149397	6.871153132227	9.4853958541997e-07	5.17763802968266e-05	5.69645029672857
3:434310-434813	0.567908488456434	5.90550478398063	6.41653158171426	2.53046260718895e-06	0.000116766501337915	4.71505055497653
2:760307-760801	0.567800933054148	6.78422637426849	5.72917527068965	1.17173325633235e-05	0.000419574244427487	3.18324089085816
2:366777-367342	0.567692602831038	6.39224046261473	5.99054234752542	6.49892882695906e-06	0.0002597250484774	3.77204295261686
2:1008504-1009678	0.567466867358029	8.21175998853473	5.80936445790316	9.77082966496716e-06	0.000358477324429451	3.36466044409778
3:479286-479738	0.567206817125414	5.46428668322463	5.82251874919904	9.4845979121079e-06	0.000350851737641281	3.39435693883377
18:218448-219243	0.565818344908019	6.90474560115153	5.31256123252485	3.04424957041648e-05	0.000873465453665652	2.23083234686063
10:412647-412912	0.56189534831157	4.32823727242401	5.4407687692141	2.26499955888768e-05	0.000704037362887587	2.52556348589986
20:11925-12224	0.561332512095744	4.58130764649628	5.34766089214064	2.80709534284119e-05	0.000815880438607608	2.31165419034026
17:184813-185189	0.559579116906713	4.81552859519364	5.40415523133812	2.46416762463581e-05	0.000755453033415747	2.44153221108064
7:527501-527925	0.558943387691318	5.10384924634126	4.40597053465589	0.000255310473332242	0.0044814497201377	0.119953390783667
1:295856-296261	0.558082109702175	5.46763415305939	5.74036602728982	1.1423512629004e-05	0.000412351955866304	3.20859837240582
8:65922-66312	0.556963631601649	5.63256449935997	5.8713590976944	8.4947553323674e-06	0.000322224787014208	3.50445633288467
2:790457-791169	0.554233501755178	6.61914880737421	5.51708205933191	1.90092069116363e-05	0.000630260815825809	2.70033635838537
12:64681-64940	0.553869183743185	4.08348849831803	3.78176587746418	0.0011208931288989	0.0119108939649322	-1.33353406294041
16:364318-364763	0.553625957194056	5.2520366051849	5.84448991639439	9.02548514670732e-06	0.000336650595972183	3.4439172971866
8:56105-56315	0.552288018497106	4.0681588912131	3.70019115282299	0.00135894448369213	0.0134869966940266	-1.52138512676236
8:322133-322515	0.552056566801476	5.90252067226557	4.91059463608778	7.76470297710545e-05	0.00186853820029699	1.29919636402884
1:307464-308445	0.547739712434106	6.01503373366299	4.78764395136583	0.000103644484451322	0.00232662118531715	1.01248504437358
7:165905-166575	0.546372213190575	5.28523493235034	5.01271379719289	6.11352229660315e-05	0.00156366433140547	1.53680337163884
9:649420-650617	0.539550152137291	6.76771082379992	6.20423576173411	4.03772556603722e-06	0.000175464656636724	4.24779626256439
1:577339-578230	0.538528063294782	6.12006353340614	5.01974857446233	6.01382533519312e-05	0.00154700472415657	1.55315140746472
8:542719-543125	0.537797344573323	5.23146961907191	4.83432325342739	9.28709344523513e-05	0.00215383576481204	1.12140947197571
2:144093-144366	0.536946726744505	4.89043840194844	5.05056872422815	5.59610575256682e-05	0.00146480522505784	1.62474098431161
2:59343-59731	0.536629022362869	5.84415539152903	4.89116534108842	8.12673777014947e-05	0.00192461789731159	1.25393120831943
1:769545-769867	0.535821519959494	4.02171031277453	2.8621350358771	0.00943809190788886	0.0433281019279082	-3.38497614109207
13:79972-80529	0.534957075080634	5.95921906420303	5.57408856488465	1.66832752770118e-05	0.000570033130838968	2.83055156549081
13:175252-175753	0.530128304098525	5.74771473001125	5.36049755565171	2.72513411173312e-05	0.000802480281849831	2.34118793822011
10:467829-468157	0.528514481979482	4.44984342127703	4.1027219425331	0.0005240731607842	0.00737298192571068	-0.588665429463384
17:19951-20438	0.52641266867735	5.32511239765506	5.53144723537202	1.8393600336345e-05	0.000614401157503583	2.73317755522267
4:800862-801391	0.52551209290404	5.47647637804202	4.47501426503374	0.000216798722880106	0.00400850887427592	0.281521208804671
6:311748-312293	0.525241498666301	5.70094829839371	4.99198846902959	6.41709112073265e-05	0.00161529870820841	1.48862421499932
7:103225-103976	0.524963858409	5.86913578748714	5.66250458219404	1.36351387113919e-05	0.000476803756813987	3.03190957803927
5:475992-476475	0.523421196971545	6.19361556636269	4.74640499871114	0.000114209948724341	0.00246958323908285	0.916191650588656
6:163785-164064	0.523379024059617	4.48465183273855	4.08922172538587	0.000541127243234699	0.00747557265653862	-0.620136219053736
15:225094-225308	0.52277059152976	4.54577070030453	4.61777159391869	0.000154688496832742	0.00311885455776285	0.615525863314009
14:341299-341587	0.521751285610808	4.66918626077241	5.4815932454454	2.06216785516162e-05	0.000663595995537882	2.61912357231036
17:158125-158871	0.521668883137471	5.71687349497077	5.53933901754502	1.80640939070486e-05	0.000607931461112402	2.75121151077107
9:110594-110982	0.521569969204006	4.80416257842162	5.31931277405694	2.99709910260484e-05	0.000865484876339308	2.24638622979925
2:320219-320605	0.520689299517678	6.57714445357504	5.44482178424104	2.24398462416885e-05	0.00070238287956502	2.53485849771461
7:42358-42735	0.519865000132154	4.94045978155672	5.47318937177328	2.10235209300122e-05	0.000667384962288898	2.59987575072148
5:157355-157768	0.519753006156444	4.84519180724165	5.36340967842379	2.70688184047835e-05	0.000802384312449079	2.34788611038279
3:746688-747033	0.519054178568032	4.92256827457327	5.91189763845478	7.75370888752772e-06	0.00030155508080426	3.59564685479754
11:13268-13681	0.517388923681898	4.90821975280466	4.75367148561999	0.000112272264585766	0.00246338557002886	0.933162994795826
7:701736-702027	0.514845525513443	4.58334342394267	4.88558193144235	8.23390310451561e-05	0.00193973422609536	1.24092017357238
10:97187-97405	0.514147509779598	4.18949584624754	4.42129071374986	0.000246210534916491	0.00437227913870381	0.155802191543877
8:253751-254982	0.513061262229468	7.12629472381934	5.18304543812446	4.11027895473842e-05	0.00112180540252495	1.93179913251388
10:372538-372778	0.51291209695015	4.80243863337451	5.86324004165567	8.651673279848e-06	0.000325419240341174	3.48617140017039
13:47654-48109	0.509494933874223	5.41553914164347	5.08198342772398	5.20056813126053e-05	0.0013855799378287	1.69765445528398
2:306028-306408	0.508865110614229	6.60700114583042	6.14335021917648	4.62153854442543e-06	0.000193327163783628	4.11278581198568
8:498497-499267	0.50885674592362	5.45341311456268	4.58259286385401	0.000168093272885537	0.00334393550860295	0.533239739245974
8:15993-16215	0.508644498215219	4.43790396292838	4.38276214916029	0.000269743677910152	0.00466167066535073	0.0656498956425402
10:251784-251958	0.506446559680786	4.00083255854456	5.59404502954693	1.59394302144223e-05	0.000548806843382723	2.876065314393
6:603291-604059	0.506183817362726	5.60335708328809	4.46667268901549	0.000221122422926171	0.0040384417493221	0.262000722590017
11:564182-565112	0.504613435822873	6.26792266834008	5.47876765795521	2.07559069203091e-05	0.000663595995537882	2.61265267779055
6:608691-609632	0.504520963701914	7.64296988319251	4.97679770117095	6.64925948332535e-05	0.00166268633784158	1.45329631368902
16:99996-100984	0.503236379288036	5.96342155069421	4.46337766620327	0.000222854135854012	0.0040384417493221	0.254289891525428
1:971769-972156	0.503146579147575	5.37439757063494	5.79747611086394	1.00371073879699e-05	0.000365252785923199	3.33780628838983
9:594716-594933	0.502798818520835	4.70610328494394	3.63228165346805	0.00159474913536841	0.0149332575939519	-1.67717096435395
3:279534-279849	0.501746565787633	4.71129076889297	3.74034643643689	0.00123609359574278	0.0127777250220432	-1.42900726040047
12:46592-46898	0.500959574115339	4.62557870050997	4.09765774826472	0.000530406653279455	0.00737298192571068	-0.600471814067387
16:70042-70251	0.500276679991918	4.07320168395573	4.2267693459844	0.000390472372588813	0.00600602865878876	-0.29911864517458
8:37979-38576	0.49966184554032	5.5414370337486	4.28284693561161	0.000341841512236749	0.00546458074561317	-0.16804935161863
20:54613-55976	0.497742164120864	7.25330982837719	5.69759039373229	1.25889511875213e-05	0.0004436861851602	3.11160365733745
4:500808-501398	0.497444223014813	7.36191518028539	5.02927472483604	5.88144212769318e-05	0.00153054273043922	1.57528469882665
14:231743-232258	0.497035989266532	5.14677286784791	5.50402115000823	1.95871420283573e-05	0.000644647409697996	2.67046077861529
4:452938-453210	0.496989261334906	4.63547149181458	5.9083917252177	7.81510039617833e-06	0.00030155508080426	3.58776742360544
17:301036-301557	0.49672320639919	5.9493036314445	4.77273135487717	0.000107346060492347	0.00236690131410711	0.977670489333124
7:327333-327666	0.49603886166218	4.97907586583543	5.94057600417752	7.26968661152742e-06	0.000287956790028289	3.66005011225768
17:153842-154244	0.494925254545151	5.02602249136196	4.66498897631793	0.000138373549647203	0.00285419358627134	0.725936668034663
1:624917-625141	0.493717899616683	4.67613699134822	3.94725782043776	0.000757662960127015	0.00931759979588644	-0.950429232342413
6:493573-493786	0.493547715089126	3.91665915677188	4.92522524090332	7.50289629384992e-05	0.00183712424534954	1.33327027309995
9:671468-671778	0.489845219369038	4.63834531131815	5.1393567100147	4.54986120134111e-05	0.00122681799621704	1.83066077274909
14:283884-284631	0.489533098129344	6.09032142504631	4.06963012329753	0.000566866361333757	0.00766943894061403	-0.665789996860489
16:206058-206935	0.488850669379111	6.66313991510703	5.70098938954899	1.249205585515e-05	0.0004436861851602	3.11931767183604
12:21764-22227	0.488829175526124	5.3597942169018	5.6371148991191	1.44472194548047e-05	0.000501284916896946	2.97416406526339
9:135927-136380	0.486831285349977	4.86019244934327	4.22498566606163	0.000392128020597735	0.00601083911025843	-0.303286123804234
11:219242-219443	0.486580873289338	4.17599069751072	3.86012003063086	0.000931303835969993	0.0107435978603136	-1.15245133917625
9:118142-118433	0.486235556865467	4.67826818496264	3.7961506359804	0.00108342698202595	0.0117990734100928	-1.30033463669799
5:71123-71492	0.485549792064776	4.82435458115796	4.40775983250845	0.000254230465588699	0.00448006127549219	0.124140217043026
16:122526-123627	0.484366375329695	6.47357033035598	5.56071098007699	1.72016389075912e-05	0.000583291937502867	2.80002112129239
17:110778-111158	0.483333481092711	4.90266412102295	4.10038475788545	0.000526986702198477	0.00737298192571068	-0.594114372620961
8:548513-549005	0.481202979963335	5.4546254233481	5.19405754731129	4.00645107577761e-05	0.00110017638129942	1.95727146956668
7:213967-214818	0.481078751458603	5.6680349157505	5.36856335839275	2.67488456590043e-05	0.000798185554464689	2.35973840325692
2:301797-302132	0.479472574862186	5.20304662877451	5.28267951710343	3.26216566034178e-05	0.000930028885075785	2.16195003126865
14:40769-41816	0.477246743547055	7.34890483229741	5.40911036884871	2.43620222435676e-05	0.000752030424566957	2.45291130311571
13:202777-203162	0.476790225545746	4.59484313106095	4.05244353680342	0.0005904498037872	0.00781909266790387	-0.705822201999799
2:501443-501923	0.476044249679575	5.80404318874013	5.22180906064681	3.75645453510429e-05	0.00104434102479048	2.02142649818266
4:95257-95484	0.475424745936869	4.28470646902082	3.67319904683834	0.00144823290695903	0.0140006274115521	-1.58337434337749
7:135373-135712	0.472348234633685	4.92678643593058	4.06879147480741	0.000567995031072346	0.00766943894061403	-0.667743816825939
2:940564-940845	0.472181262868497	4.44225906587085	3.89618087189256	0.000855103422118096	0.0101639869015346	-1.06892271906029
3:35983-36961	0.470407564795902	6.14168097538144	4.78635266870127	0.000103959838486021	0.00232662118531715	1.0094707533729
11:507436-510008	0.469830829512144	9.40377781615802	4.69269798304392	0.00012961916344511	0.00273667629990714	0.79070737024588
2:290055-290822	0.46899730944366	6.04123649462313	4.58438765871068	0.000167381849652997	0.00334393550860295	0.53743836832906
14:539111-539736	0.468489274367679	5.44706465520671	4.08788814529643	0.000542841662578841	0.00747618240523967	-0.623244465972623
2:952198-952527	0.467995237450916	4.82543392355436	5.07875042444387	5.23993020935026e-05	0.00138780636787289	1.6901533955632
14:376861-377042	0.46799095584294	4.01253004037546	3.85079488082717	0.000952082829806112	0.010926981400544	-1.1740328717393
6:701644-701708	0.467580585762718	2.79576634055856	2.92776514053559	0.00814137092237855	0.0395665323002893	-3.24505798741263
4:22611-22867	0.467434154565495	4.37112210724089	3.62747081903718	0.00161290925975405	0.0150091098683142	-1.68818482348539
14:223007-223334	0.466542546136119	4.51687302061633	4.62696046192407	0.000151368139896517	0.00306571852568693	0.637016066435785
2:981927-982860	0.46537234088377	6.09305654242782	4.54653217893827	0.000183050584097611	0.00356232354096047	0.448873297452581
13:353011-353814	0.464971217827295	5.98598572933413	4.45786788725295	0.00022578034645831	0.00407497109172337	0.241396221352873
3:52073-54055	0.462780891609732	7.47063732378435	5.27425259576114	3.32644191633736e-05	0.000936424780976481	2.14251228730811
15:475425-476046	0.462405269381125	5.5973673080731	4.71920345277947	0.000121768323981626	0.00262036066414308	0.852646505663692
9:515402-516528	0.461181155587328	7.73342845885045	4.92476292901184	7.51103076181783e-05	0.00183712424534954	1.33219372823004
14:202548-202953	0.460881793291914	5.28792311109065	4.80235890899113	0.000100118392062262	0.00228637715750349	1.04683056063929
12:49830-51653	0.459683320806123	8.41711960338831	5.37887272604135	2.61202795283775e-05	0.000789961967358226	2.38344111760932
17:48536-49549	0.4582641037467	6.13799267215094	4.51479660001634	0.000197319490375466	0.00374238152084994	0.374615400777433
1:991768-991985	0.457713098029803	4.24471075537235	3.37904670340839	0.00288641611792102	0.0213194695442483	-2.25223193010736
12:167533-167842	0.457567588969304	4.94673196620166	4.78857175428199	0.000103418495659846	0.00232662118531715	1.01465081449956
16:355934-356544	0.457404996153167	5.30208690838328	5.17912752000456	4.14787487387338e-05	0.00112520532942165	1.92273450255989
3:463134-463515	0.45551589095642	5.36748552189412	4.61195775467221	0.000156827132706618	0.0031477948250889	0.601928146110951
9:85352-85755	0.455462728275697	5.07655857790734	4.05250404883378	0.00059036507544255	0.00781909266790387	-0.705681282360699
4:695045-695411	0.455444166410595	4.98439136568839	3.72949694777861	0.00126815917660168	0.0130230491050899	-1.45398480706762
14:437694-438646	0.455306356832234	6.81524583332116	4.91843119392205	7.62334181492799e-05	0.00184871466191987	1.31744855162717
2:910163-911402	0.45451067792055	6.07369851574763	4.6367186647951	0.000147920685294964	0.0030158671535544	0.65983607737209
2:377056-377375	0.454449413147064	5.09713983690263	4.69479629489577	0.000128979441036952	0.00273607572550425	0.795611474013849
12:105155-105447	0.453948967019652	5.07177192203273	4.29375571494952	0.000333111379317283	0.00542184194117875	-0.142543043402931
6:645909-646749	0.453436217746905	5.81868307499652	4.83013279377169	9.3789994118693e-05	0.00216393821482098	1.11163456369092
15:369486-369740	0.451939515138758	4.32698577617737	4.56787594930253	0.000174042892731799	0.00343178849280851	0.498810337074354
15:195271-195775	0.451316983967568	5.1982378354378	5.09788644335792	5.01127085754432e-05	0.00134314062026158	1.73454254642264
19:60670-61000	0.450536030559682	6.1349940131539	3.80802229094818	0.00105344356576649	0.0116965052102477	-1.27291965251144
8:77710-78122	0.450415217041136	4.75364728654129	4.3085602023345	0.00032161995873108	0.00527836907633636	-0.107923824769364
19:65202-65476	0.450321229285049	5.91493547288966	3.23776323297456	0.00400678317168972	0.0257426937983041	-2.56813291056511
14:88419-88950	0.449805003097771	5.2246227240634	4.63582532948219	0.000148232970013845	0.0030158671535544	0.657747046969357
3:718766-720835	0.449609894016081	8.33563464767558	4.09834298423664	0.000529545217607162	0.00737298192571068	-0.598874367600018
18:186523-187606	0.449024367644631	6.21490640485257	4.48949555192915	0.000209493569384042	0.003890843222253	0.315409289650201
2:505052-505858	0.448670130963958	6.06591454919184	4.6666069039234	0.000137846355545729	0.00285419358627134	0.729719123975787
13:8707-9290	0.44833629020351	5.06632505219728	3.71534530453373	0.00131122414112085	0.0133084790377708	-1.48654452804116
2:184763-185092	0.446732478133733	5.68594079248225	5.00356514280181	6.24568829947324e-05	0.00158839209252513	1.51553882904156
9:463961-464773	0.446589151913722	8.0472914242169	3.35609245044298	0.00304490973186248	0.0221155722848933	-2.30382435404686
1:1043414-1043673	0.446574236774235	4.73749660534929	4.00955741746673	0.000653653593500594	0.00835929567002474	-0.805639989719545
3:783503-783702	0.446561329424787	4.0274897775795	4.36373835180267	0.000282183664693404	0.00474967199664382	0.0211417101603235
20:73201-73457	0.44653201533774	4.21509336695613	3.38910965631267	0.00281950646600776	0.0210368925375928	-2.22958335254945
12:410787-411116	0.446520277983625	5.09578246111347	4.50148910926103	0.000203631172124922	0.00381361140766173	0.343475338731293
15:445399-446300	0.446415366888181	6.03999764481095	4.47168194468156	0.000218515675898866	0.00400850887427592	0.273723105146048
2:90776-91650	0.446215539819921	8.89016999814658	3.52139441778306	0.0020693680443936	0.0175758849463107	-1.93021529310544
9:123972-124375	0.444265400836875	6.66908226134338	4.77539921092487	0.000106674172411093	0.00236373067184185	0.983899353635836
14:432471-432718	0.444106587611984	4.20903101067165	4.31999098083157	0.000313019910367501	0.0051700262686529	-0.0811907363840954
1:787973-788280	0.444072508603434	4.4956308746616	4.89330667109996	8.08601358620958e-05	0.00192461789731159	1.25892078596174
3:195825-196449	0.44365052145556	5.29104397931998	4.12514089518394	0.000496930187851512	0.00715195987403011	-0.536384115672051
5:713696-713902	0.443216215894592	4.28317380357238	4.19397009371145	0.000422067259018753	0.00627632242979382	-0.375735655211196
4:42855-43411	0.442843172384571	5.25867469071895	4.68096218863494	0.000133256614481746	0.00279776556937978	0.76327682734585
10:330738-331034	0.442832797964988	4.71969332235397	4.3718606175922	0.000276803416647593	0.00472890111799476	0.0401440915753568
1:1082037-1082370	0.441906767234793	4.90047102226864	4.51550488299579	0.00019698912787729	0.00374238152084994	0.376272785203919
9:520700-521133	-0.439924002484747	5.54156251738097	-3.91415996923593	0.000819459799540996	0.00988194034359499	-1.02723649629291
7:161833-162699	0.439781117835159	5.83060604542598	4.91744296995613	7.64102351329705e-05	0.00184871466191987	1.31514703047422
3:424980-425408	0.439631342967736	5.16342658525176	4.34294215962929	0.000296442581467425	0.00493262823289292	-0.027507817471685
2:879979-880475	0.436504342030219	5.06748566807781	3.17459250743656	0.00463553420765752	0.0278879719267138	-2.70801225518724
2:326311-326861	0.436445198083371	5.77360976151285	4.27441576547736	0.00034874566647942	0.00555510890804942	-0.187760733867723
7:118906-120072	0.43643737571989	7.64197724154957	4.51755091483015	0.000196037926284109	0.00374238152084994	0.381060489590212
15:120936-121763	0.435539839380548	5.82440136028723	4.85994462667703	8.74463502634478e-05	0.00203859304051663	1.18116001725321
6:118804-119029	0.434913304968396	4.18627515022837	2.88684920175689	0.0089281188106044	0.0418891612120181	-3.33244247400827
20:8179-8508	0.434570009576336	4.72334747372344	3.48325363232488	0.00226280978436455	0.0186869678871139	-2.01682854449199
10:531577-532985	0.43418955890535	6.49652069941757	4.7503049292345	0.000113165828542751	0.00246584356291259	0.925300393037187
5:747711-748122	0.433675931740235	4.65658896992554	4.29032411966587	0.000335833265550901	0.00542878731208918	-0.15056690316465
18:333568-334162	0.432276546377158	5.25349878544131	3.27782147218931	0.0036519514669815	0.0248799615924037	-2.47897774489625
13:167259-168272	0.432196870184723	6.20408837663498	4.21690497390122	0.000399717167793221	0.00610625953256812	-0.322164982640667
7:143867-144674	0.432096843650951	6.0682117087127	4.3786971081185	0.000272354775267917	0.00467545416062376	0.0561389552989358
11:265363-265648	0.4316693570094	4.65919134325311	4.15189156846	0.000466374547342499	0.00679964975213363	-0.473970940845813
12:121385-121688	0.430849644456822	4.92004252121721	4.80275281501443	0.000100025686755624	0.00228637715750349	1.04774985170815
5:339282-339696	0.430807496119328	5.13148144248103	4.36361856036259	0.000282263796047197	0.00474967199664382	0.0208614592476399
6:652344-653606	0.430735671231883	8.76185951129263	3.79207629054614	0.00109391106516478	0.0118477698028654	-1.30974019269364
2:951270-951847	0.429854633838882	5.35068749912476	3.92475087278543	0.000799158831837987	0.00976909172363144	-1.00266834667529
18:182029-182653	0.429718543932407	5.4904975490171	4.79978275033817	0.000100726833224193	0.00228859545944918	1.04081822685598
1:844912-845841	0.429588373439127	5.96010355868705	3.99307375754928	0.00067970254169006	0.0085699959904358	-0.843975152418373
2:438418-438666	0.427975070014572	5.16797971350189	4.22967201042684	0.000387793009536578	0.00600602865878876	-0.292336502234438
2:787269-787576	0.427816496536739	5.10044048019046	4.56057819042047	0.000177071395413688	0.00347619107838451	0.481736659203948
7:158329-158673	0.42645835554303	5.08544576197222	4.01226539824954	0.000649470378039736	0.00832959716935775	-0.799340498863322
11:208451-209021	0.426176543273624	5.42016431841831	3.91595836664591	0.000815976782766484	0.00988194034359499	-1.02306530661711
1:870089-870342	0.42607389503477	4.29270158419591	3.91966182186998	0.000808850481284401	0.0098380835712744	-1.01447473042309
14:405653-405870	0.426033975334791	3.97739328128638	3.29859584428203	0.003480193153461	0.0241135364626802	-2.43260898323842
2:867925-868510	0.425953852536079	7.31065794072392	4.39764219629407	0.000260398370530776	0.00455290275974904	0.100466014127527
11:400245-401245	0.425904589406019	6.31972904374772	4.99155084030453	6.42366331682523e-05	0.00161529870820841	1.48760663002592
13:169819-170120	0.425775992536316	4.88729332910712	3.65346497796701	0.00151715691423396	0.0144793056462925	-1.62863821463035
2:1021862-1022731	0.42536804061551	6.03901746474758	4.67935504508388	0.000133762697016817	0.00279776556937978	0.759520122656294
5:142719-143063	0.425159555201105	4.74729761242769	3.79776059609388	0.00107931175329376	0.0117829253847387	-1.29661761078412
2:79643-80730	0.424291595063468	6.94992706941489	4.46439004249295	0.000222320630810761	0.0040384417493221	0.256658998574159
1:861823-862192	0.423897636085043	4.6865378945505	4.49635738422234	0.000206119059618677	0.00384412046188833	0.331466682714296
4:662041-662888	0.422832866353996	6.04638416921239	4.51576896564668	0.000196866095052143	0.00374238152084994	0.376890738699299
2:234005-234321	-0.422451125806973	5.47987705367976	-3.34300133435291	0.00313907973531392	0.0226256375125042	-2.33320351271081
15:332316-332706	0.421782363602527	4.99074867075449	3.84346276471479	0.000968743470898966	0.0109717675285655	-1.19099631573562
16:119241-120504	0.421611917275885	7.05820097786946	4.36687945126113	0.000280090638605853	0.00474967199664382	0.0284903471510596
2:1029735-1030282	0.421472054543853	5.58769331301674	3.71631026455667	0.00130824225086943	0.0133083916247536	-1.48432510286365
20:37859-38373	0.421356784390822	5.88901590187554	4.54680416894128	0.000182932892902173	0.00356232354096047	0.449509689421776
5:792491-792735	0.421190885417953	4.11160702772671	2.6278745870038	0.0158665159625384	0.0618628270455767	-3.87278237353616
9:622112-624620	0.420383369977106	7.45564176726217	4.43667649623487	0.000237399574148013	0.00425040197554603	0.191805815077626
17:206991-207511	0.420136439251167	5.74690756858022	4.36382082538276	0.00028212850942012	0.00474967199664382	0.021334656408742
4:62523-62896	0.419486368036952	5.16538694624416	3.9756095822578	0.000708429935793683	0.00890711346239473	-0.884570835001433
15:145393-145777	0.418914775372056	5.25777350401841	3.66566675165377	0.00147416767400864	0.0141500801364489	-1.60065686722053
14:325035-325558	0.418791494602664	5.39123018134009	4.03435555753528	0.00061632786655491	0.00805969563172122	-0.74793569309083
1:564394-564739	0.41873711536537	4.56512336492674	3.70717256805517	0.0013367503718773	0.0134758888840603	-1.50533763631713
16:499722-501502	0.418459012618253	6.71018328226282	4.39019970838606	0.000265031206711506	0.00459798326062288	0.0830519265742655
11:357732-360397	0.418359995579386	7.52671707686042	5.02137638666427	5.9909917485316e-05	0.00154700472415657	1.55693386775196
2:590087-590538	0.417854882637072	5.34050321496021	4.0490204786622	0.000595262539024379	0.00785957263915374	-0.713793433046136
10:426143-426372	0.417797811021729	4.47783581006608	4.78276627408895	0.000104840795922789	0.00233466369428061	1.00109858918497
14:230779-231133	0.417581205634381	4.89114626597093	3.60735464216206	0.0016910804631351	0.0154790923374084	-1.73420504089996
15:350321-350797	0.417530132607565	5.39390720970034	4.09589513952267	0.000532628928700339	0.00738095072712915	-0.604580761556207
13:329674-329861	0.417280983108379	3.99141083010939	3.91321942474667	0.00082128726716205	0.00988194034359499	-1.02941788542614
8:612827-614442	0.414044999983672	8.19602944140288	3.70502064163546	0.00134355291459243	0.0134775976169529	-1.51028466864741
12:293446-293695	0.412549532090879	4.53669243300152	3.92378165287724	0.000800995679752623	0.00976909172363144	-1.00491705259572
20:29446-29956	0.412171862505307	4.73985177450427	3.29361103354466	0.00352067344467448	0.0242739296382266	-2.4437432490935
16:438120-438356	0.41110426200782	4.10388595657416	4.54285025047736	0.000184651292364704	0.00357791854815763	0.440258392021563
12:93453-94152	0.409637903207621	5.78185075474418	4.26096866330735	0.000360047629502795	0.00565464277071759	-0.219195275452626
13:397247-398849	0.409140383079084	8.19158527421344	4.03366132478376	0.000617343317849505	0.00805969563172122	-0.749551660091223
6:411090-411246	-0.408771377247499	4.01981411082454	-3.24781773528087	0.00391468678521265	0.0254707967825656	-2.54578745724722
20:30321-30673	0.408618044505555	4.53066318277206	4.07621794158389	0.000558077841133829	0.00765766995197973	-0.650440865610295
4:50838-51100	0.408393415248809	4.44063483565164	3.84042655857856	0.000975727027560079	0.0109796558113862	-1.19801937861958
16:229544-229815	0.408039793795835	4.46846118526657	3.78753147343075	0.00110572445196826	0.0118971698245431	-1.32022983977656
12:428589-429128	0.407072479216083	5.537879593958	3.78098387241898	0.00112296632109057	0.0119108939649322	-1.33533829119414
2:942673-944094	0.406711948654901	6.37539047504161	4.70003645892557	0.000127395728276033	0.0027283410515001	0.807858113006556
2:531952-532179	0.406263728625616	4.41794901340013	3.84303404795967	0.000969726543026752	0.0109717675285655	-1.19198803409816
9:627576-627963	0.40615638923728	5.04615179863934	4.65742440300195	0.00014086554823576	0.00289226694451038	0.708251129932347
6:187152-187665	0.405726927308539	5.48545433127263	3.99861681939639	0.000670829478018765	0.00850604176660621	-0.831085940029135
13:43704-44162	0.405718815562174	5.26128544362608	4.04061449734784	0.000607247813507897	0.00799423886253338	-0.733365443238596
2:439245-439756	0.405609684377567	5.53032956742448	3.53445911668158	0.00200692114006562	0.0172087720745856	-1.90049474586596
2:302506-303289	0.404930962756199	6.17302992387046	4.67661597097988	0.000134629693324024	0.00280280235962015	0.753117382624904
9:695219-695616	0.404711032701948	4.86300958998193	3.8731649802601	0.000902989686251749	0.0104709373980902	-1.12224795891043
15:378092-379031	0.404704361333289	5.97786042388029	4.02472065269254	0.000630570847681074	0.00818097134556663	-0.770360265950154
10:359168-359508	0.404163098664793	5.11914424506498	4.42164903150512	0.000246001646038798	0.00437227913870381	0.156640662671697
6:631535-632009	0.403865547362347	5.42662191389298	4.25859545529593	0.00036208001904255	0.00566667889942117	-0.224742501490028
11:113162-113892	0.403811360457861	5.65978871931951	4.35762772484258	0.000286300480023797	0.00479955411455624	0.00684619818360233
12:133467-134216	0.403576911914024	5.9289736410856	4.12149590449187	0.000501245659826014	0.00717977030092856	-0.544885909983963
9:375818-376561	0.403270754342372	5.67929342285893	3.51694090763925	0.00209108872776081	0.0176004691229825	-1.9403404790972
7:40440-41272	0.402781889542342	6.26882908149682	4.47228334775024	0.000218204799254713	0.00400850887427592	0.275130474524388
4:652849-653216	0.402593766988137	5.2447265852921	3.95459626460409	0.000744602201194892	0.00923224225082642	-0.93338831430349
7:629191-629910	0.402338199646691	5.83937768766133	4.28954375077069	0.000336455346719892	0.00542878731208918	-0.152391548344938
14:818-1287	0.402204153970061	5.74708808754644	4.30660135429339	0.000323117320580019	0.00527836907633636	-0.1125047115189
4:327917-328673	0.402108445590565	5.90610474715867	3.40425222897336	0.0027216746750599	0.0207180541591294	-2.19546733137802
13:105832-106171	0.401717958046865	4.7638670701065	3.90617487634449	0.000835104193468733	0.0100212503216248	-1.04575392838504
4:254686-254886	0.401155959277299	4.40186283650572	4.0751472700579	0.00055949686669502	0.00765766995197973	-0.652935610918952
3:261085-261288	0.400971476536718	4.05212285571064	3.48148791548801	0.00227218298949832	0.0186953879797693	-2.02083265651757
17:246980-247005	-0.400732330904279	2.59961935071326	-1.9393687823984	0.0662536410812976	0.15345766847543	-5.169853719499
4:258829-259200	0.399976843051665	4.89819518180523	3.18497084432968	0.00452602808068199	0.0275792817437694	-2.68509362704558
8:660074-661208	0.399520511755311	7.7166594359542	3.99519984300911	0.000676285468204221	0.00855099930983642	-0.839031633551959
4:305048-305879	0.398896280511596	5.79274698067022	4.16386255088452	0.000453316163710335	0.00665260048776217	-0.446030965538454
4:743973-744483	0.398145137215932	5.3516203657303	4.39558542054232	0.000261670488162909	0.00455734282107852	0.0956534780933262
5:196879-197467	0.398067750365107	5.46103938126452	3.89038411786878	0.000866920825247836	0.0101943712997509	-1.08235736948427
1:541431-541713	0.39785092011415	4.5568154616944	4.12080268487285	0.000502070622026506	0.00717977030092856	-0.546502746856585
3:581047-581664	0.397279629343466	5.43055661872945	4.22741486190801	0.000389874917904729	0.00600602865878876	-0.297610404960428
5:273758-274634	0.397042271214636	5.7050012603304	3.52514851904893	0.00205123099831573	0.017521490584395	-1.92167785820616
1:754847-755166	0.397032400952655	4.58244508995373	4.06814386962702	0.000568868125175125	0.00766943894061403	-0.669252532151692
13:62510-63829	0.39693698298369	6.42464697885007	4.34349535784631	0.000296054076691031	0.00493262823289292	-0.0262137764501125
6:174407-175433	0.396768022304152	6.28241221367525	4.4417692301261	0.000234553491671261	0.00421631095871713	0.203723320191695
7:120925-121361	0.396510053487162	5.53501935023149	4.27198642272747	0.000350760829308873	0.00555689963748727	-0.193440014257789
17:335231-335437	0.396279626522841	4.32415588079051	3.8352471351437	0.000987755689686214	0.011080687887307	-1.20999795398452
9:141725-141988	0.395860822484567	4.47793872491473	3.84627398809109	0.000962321640351453	0.0109601823465982	-1.18449290443279
18:200462-200735	0.395459535949399	4.74943928010013	4.27128952571098	0.00035134106287062	0.00555689963748727	-0.195069182205997
6:125935-126326	0.395378880312834	4.93726203242657	3.88529566811634	0.000877427939026864	0.0102542231203244	-1.09414811930324
12:490040-490905	0.395345541787963	6.09815494841167	3.80043805325233	0.00107250217857145	0.0117829253847387	-1.29043540569425
8:162857-163290	0.394799358293774	5.15652835719841	4.19783335664625	0.000418216764100302	0.00626066299703328	-0.36671323147718
1:716068-716506	0.394662541103955	5.1411253422912	4.50241191080343	0.000203187008880217	0.00381361140766173	0.34563475851336
11:475447-475904	0.394652704169483	5.28651516389116	3.34219768496963	0.00314495258238069	0.0226315237278713	-2.33500599428142
7:57727-58647	0.394042522620326	6.25493817786221	4.30751511536049	0.000322417965108386	0.00527836907633636	-0.110367834685162
10:152406-153437	0.393517288943074	6.05719881591331	3.82700787252873	0.00100719443535666	0.0112423997323103	-1.22904791022079
7:316924-317327	0.393380700575981	5.2980560297504	4.14541240073689	0.00047359842584795	0.00684155465971608	-0.489090651353599
1:540832-541142	0.393333641549375	4.93060109995591	4.11222852576233	0.000512387090858201	0.00728077656724224	-0.566498886138807
11:522551-522936	0.392640389474681	4.85277843195447	3.25121606024671	0.00388402778741586	0.0254707967825656	-2.53822997591219
2:116511-117323	0.392246313442469	6.15717730502882	4.00099205759692	0.00066706272264482	0.00848230893908584	-0.825562207192989
4:188605-188883	0.39111154186653	4.68183692421954	4.2849529085386	0.000340138452858613	0.00545684485661345	-0.163125494920301
14:51271-51710	0.390516693034208	4.9469361029379	3.19770133739892	0.00439513208969897	0.0271721149633876	-2.65694682938361
7:400009-400449	0.390374443792385	4.91078118517038	3.26411862526462	0.00376973930439057	0.0251091564381729	-2.50951368875653
2:98392-100111	0.390231025961668	9.04697642228162	3.78927212498124	0.00110118509256836	0.011876878251412	-1.31621258419589
1:397775-397920	0.389523266962862	4.03516976183913	3.61534301312043	0.00165960023417709	0.0152847132678532	-1.71593639409868
16:309954-310400	0.389437817241155	5.01828407366015	3.5407463310335	0.00197753386784607	0.0171207767746209	-1.88618288349043
5:160989-161722	0.389070720410278	5.55753621521628	3.97151691804119	0.000715335113772129	0.00895596569234051	-0.894081242298575
5:250254-250640	0.388884948663896	4.95055450054512	4.2011064735573	0.000414981983232996	0.00623308509043922	-0.359068644118005
13:55407-56007	0.388439175230797	5.58412489747405	4.14910454220596	0.000469468313779554	0.00682253302752365	-0.480474932362274
16:290174-290467	0.388227976024652	4.67874581424454	3.84695061206635	0.000960782311551148	0.0109601823465982	-1.18292751182262
8:81733-82112	0.387277593412256	4.87628870100356	3.77494882157723	0.00113909432350496	0.0119404828852651	-1.34926012215293
15:50872-51244	0.387188909141297	4.913998652769	3.70410869355254	0.00134644602854074	0.0134775976169529	-1.51238096880444
5:80337-80681	0.38667890214758	4.97043218675731	4.05425842553811	0.000587913880765562	0.00781909266790387	-0.701595621329994
1:929748-930165	0.385798752441972	4.71437933743749	3.33083157726258	0.00322917187353187	0.0229813071666117	-2.36048527833014
5:297697-298744	0.385672617589043	6.20960667897092	3.32557731102867	0.00326884534593513	0.0231209365237942	-2.37225517819056
6:704114-705112	0.384929443814385	5.85342185724646	3.38350298913996	0.00285659619884455	0.0212041867098312	-2.24220451402552
4:638922-639692	0.384738695579939	5.71895609940608	4.16806230483882	0.000448822077919074	0.00660831454199268	-0.43622745835432
2:344739-344956	0.384533962403897	4.15486569034953	4.26440053052156	0.000357128813219618	0.00562855129567257	-0.211173234762184
7:98948-99295	0.384415852928955	5.11075291990817	3.39130212287343	0.00280513126058251	0.0210368925375928	-2.22464632939708
2:566785-567143	0.384047992720884	4.82087034468712	3.51934387204632	0.00207934127566656	0.0175957778100246	-1.93487764988918
13:484263-484521	0.383978642981476	4.58677713275488	3.61569213174234	0.00165823770439104	0.0152847132678532	-1.71513779576874
5:346973-347239	0.383886422153737	4.39281513413385	3.17840401826414	0.00459502164901627	0.0277276635669725	-2.69959814327019
2:247633-247869	0.383011359796122	4.44971263323895	3.66773904893468	0.00146698705402372	0.0141209334490541	-1.59590277513497
10:297493-298533	0.382889414734296	6.5308236752094	4.23288525306943	0.00038484842419028	0.00598118592595727	-0.284828381843525
7:547983-549141	0.382293165627732	6.34782906641919	4.17220772690872	0.000444429827150165	0.00656524061493116	-0.426550089572973
3:72921-73227	0.382162485507997	4.74918127193539	3.17320888403114	0.00465032638520842	0.0279394106042857	-2.71106584041649
5:803330-803679	0.381393047931573	5.13770863890889	3.69547149713598	0.00137415442308478	0.0135777377433278	-1.53223046822745
6:400441-401384	0.381268154546298	6.26794157062363	3.74279717460798	0.00122896231813559	0.0127334151295715	-1.42336338926938
9:186083-186360	0.380813213482918	4.77993438070484	3.01966903635224	0.00660968373449815	0.0346834049186562	-3.04699448147315
5:54331-55050	0.380775998333789	6.44713443580163	3.82848839356779	0.00100367370754412	0.0112311087874187	-1.22562527774531
5:88684-89923	0.380531697097721	6.46442117854887	4.14520258805378	0.000473834214591596	0.00684155465971608	-0.48958023772949
11:264574-265012	0.380434525996131	5.01310440934599	3.62811707894179	0.00161045791911879	0.0150091098683142	-1.6867054626992
2:273797-274158	0.380266039821736	5.65741162671198	4.11567257151731	0.000508217994183763	0.00724453421008447	-0.558467309074034
5:309350-309649	0.380161010987499	4.59624073136949	3.79133115303575	0.00109583929812026	0.0118477698028654	-1.3114601482219
7:232502-232929	0.379948789005971	5.25721315715793	3.73451801508412	0.00125321838529213	0.0129248974483124	-1.44242701039375
17:197228-197913	0.379616072319175	5.546414683686	4.05574959679407	0.000585838417661583	0.00781909266790387	-0.698122785388328
11:77119-78114	0.379323162923646	6.08937271759225	4.37827033862132	0.000272630369955943	0.00467545416062376	0.0551404568474219
10:418687-419105	0.379199140833628	4.26338902311701	2.91833759642809	0.00831652271059953	0.0400586896070731	-3.26523719732432
16:116866-117812	0.378837765587495	6.18681252832733	4.17517480558139	0.000441312501099276	0.00654077733417337	-0.419623115243443
16:289577-289828	0.378751982547404	4.54296451549344	4.03347106925539	0.000617621894924124	0.00805969563172122	-0.749994513205757
19:99899-100367	0.377627788779134	5.79145092312719	3.68849442678731	0.00139694808560182	0.0136823540008991	-1.54825827016445
12:140816-141306	0.376759222707996	5.34551690044414	4.01704892389509	0.000642146007922703	0.00828312833274357	-0.788211593905613
2:389717-390219	0.376443578197819	5.786570784459	3.62128205225069	0.00163657120848049	0.0151977027575906	-1.70234878778473
1:687562-687907	0.375800386500051	4.96244372178935	3.84261318480671	0.000970692569551375	0.0109717675285655	-1.19296156883175
6:581618-581995	0.375747484392257	4.69112828841754	3.41814923472507	0.00263482127018178	0.0202289193916529	-2.16412134583517
2:481956-482336	0.375689476618696	5.20796569184368	4.20143361019872	0.000414660057578016	0.00623308509043922	-0.358304573506955
8:12767-13692	0.375276951868597	5.75572902093961	3.17152464588829	0.00466839426633355	0.027974043012186	-2.71478226392441
8:425226-426051	0.374970004513535	6.15461282496416	4.09876551114015	0.000529014739740835	0.00737298192571068	-0.597889346098394
3:890805-892116	0.374582003475297	6.49762365569832	4.50859542186975	0.000200235806460205	0.0037816686485902	0.360104505330904
3:300252-300519	0.374059260199361	4.5252875223527	4.09858449224238	0.00052924194196789	0.00737298192571068	-0.598311349924879
18:236849-237076	0.373819543285201	4.40182103081523	3.17861120304945	0.00459282936335987	0.0277276635669725	-2.69914067515875
2:807500-808280	0.373751798231709	5.66922165089568	3.2367634130209	0.00401605572811314	0.0257426937983041	-2.57035374399519
14:288856-289345	0.373299329698965	5.08403640111296	4.0710973764323	0.000564897083653518	0.00766943894061403	-0.662371608852737
3:889189-889756	0.373185565010011	5.26606888220618	3.56625102071178	0.00186260431223163	0.0165089443595025	-1.82806511294711
5:69399-70135	0.372531748190439	6.04703061828681	3.95159865844718	0.000749909965384575	0.00927236741729657	-0.940349664213511
2:131365-131610	0.372280111664115	4.81995494251271	3.23006548707318	0.00407871473534009	0.025988784904499	-2.58522577079566
3:343193-343571	0.371930352951843	4.84981221611994	3.77940128903279	0.00112717357908219	0.0119272551772385	-1.33898940627071
3:140917-141838	0.371712881582199	6.02126256174162	4.00257836367069	0.000664558834410268	0.00847454513624035	-0.821872968743869
7:286030-286251	0.371458395362844	3.70027670503193	2.60979899678525	0.0165058256337525	0.0636341235252646	-3.90959777255386
9:176945-177200	0.371238411599965	4.59656051851016	3.90067710997808	0.00084604765770753	0.0101254259783393	-1.05850024451626
18:251190-252295	0.370790777285107	7.27750487251801	3.25309604466908	0.00386716756706519	0.0254707967825656	-2.53404804342365
10:191035-191895	0.370473179987299	6.04434506710886	3.78311308282457	0.00111733041287357	0.0119108939649322	-1.33042566655179
11:182125-183227	0.369988832982091	6.39206592679468	4.41970463601771	0.000247137315033973	0.00437227913870381	0.152090744744994
10:219750-219957	0.369709647060374	4.13232746044909	3.44076418334652	0.00249925664349721	0.0197416209475628	-2.11303870970259
16:337947-338685	0.369632107512224	6.15456441071095	4.20793043784028	0.000408318233634632	0.00619536411440208	-0.343129609781732
5:265919-266252	0.369184459045812	4.9570337080059	3.43666248517524	0.00252332570455995	0.019811955579646	-2.1223102031855
5:384203-384591	0.36897882056647	5.2097779884211	3.55329508001398	0.00192013985765031	0.0168520509859663	-1.85759992423565
2:999393-999649	0.368970499402295	4.49069672812259	3.57895826699008	0.00180782359799206	0.0163141500496219	-1.79907360977328
14:222307-222679	0.368377859725852	4.66187217384343	4.01409685041401	0.000646656335721498	0.00831733838703857	-0.795079784146369
14:522921-523457	0.368183094298009	5.39678074204223	3.38769839216468	0.00282879774250504	0.0210677182952622	-2.23276078999959
15:386232-387058	0.368101063615698	5.89457934494355	3.35557913732888	0.00304854962014727	0.0221155722848933	-2.30497695146058
8:459674-459917	0.367869464719953	4.49926330136628	3.16117791323285	0.00478089477921033	0.0284026971828268	-2.73759867066131
15:131146-133371	-0.367692846946317	12.1488859516186	-3.7105095437737	0.00132626902863965	0.013430724371473	-1.49766523990375
11:320115-320740	0.367559189230067	5.52870284482108	3.45624631661332	0.00241041904615015	0.0194747935930832	-2.07801698808368
17:163298-163679	0.367170918191914	4.78211562027419	3.2935276217868	0.00352135470190489	0.0242739296382266	-2.44392951767205
4:571262-572057	0.367037564472282	5.98200849769756	3.89457907584037	0.000858352781228794	0.0101639869015346	-1.07263534742656
1:184996-185504	0.366573890904727	5.56381065466668	4.25265109296814	0.000367221297969106	0.00572711682825685	-0.238636408318102
17:144935-145732	0.366426668346506	6.11628879646614	3.89511989791431	0.00085725431463704	0.0101639869015346	-1.07138185876435
13:165032-165584	0.366142798289141	5.46448606186351	4.15799319676223	0.000459672344158933	0.00672383468122674	-0.459730631756375
2:1043093-1043428	0.365992605260105	4.7889134725919	3.56846562337754	0.00185294093248697	0.0164727967081226	-1.82301418212194
3:473209-473461	0.36594266033913	4.40229970729908	3.11656882784524	0.00529678317344805	0.0304735237588091	-2.83567660483708
7:714695-715019	0.365731994905651	4.93246884088019	3.67442280024563	0.00144406213157024	0.0139905240279403	-1.58056583006113
13:74467-74862	0.365612363912396	5.06579104778482	4.025530047768	0.000629361822502	0.00818097134556663	-0.768476673419118
3:242194-242558	0.365468923311565	5.00343509279615	3.56201082780096	0.00188124501090057	0.016612068707581	-1.83773390220867
6:300128-301042	0.365460911963381	6.48483985266069	4.07390197330596	0.000561151864220141	0.00765766995197973	-0.655837168584593
20:87250-87566	0.365359126681188	4.42001322761223	3.10613903810871	0.00542496490531998	0.0309030692502291	-2.85853743654818
8:672180-672594	0.365333526772385	5.31987504980878	3.80711058504458	0.00105571673479448	0.0116965052102477	-1.27502553294269
8:164939-165658	0.36522572504375	5.57255110115618	3.91455301587974	0.000818697312644613	0.00988194034359499	-1.02632488883305
3:650652-651655	0.364624813824292	6.14282905271335	3.62803279486167	0.00161077741007886	0.0150091098683142	-1.68689840146815
3:446030-446929	0.364495228316724	6.04213980738149	3.86159848451906	0.000928051049127476	0.0107337377154899	-1.14902898385417
7:117597-117924	0.364312153059097	4.59322923618086	2.41577444698541	0.0250732589099479	0.0837521693141245	-4.2964279120055
9:492469-493006	0.363049521552888	5.3963586538445	4.21398667617762	0.00040249393772656	0.00612776484783701	-0.32898245687793
11:317581-317956	0.362763007956591	5.29430117255559	4.06035917946042	0.00057946875269258	0.00778889530646243	-0.687386586011341
1:222700-222950	0.362164583462283	4.27230390859449	3.40269172583759	0.00273160094574115	0.0207583121105898	-2.19898503869251
2:477431-477694	0.361980605284286	5.0269256722516	3.1433922213136	0.00498045661147254	0.0292042875954606	-2.77676005018779
5:667426-667762	0.361763504701432	5.09512330298342	3.18227522460676	0.00455422666064118	0.027668935072387	-2.69104879953493
6:53376-54073	0.361366321100218	5.90970814439518	3.79938946353573	0.00107516396668464	0.0117829253847387	-1.29285666772747
2:795920-796877	0.360897476544254	5.99088773389839	2.82269322969988	0.0103101345671408	0.0459185694751465	-3.4684155860081
5:760827-761165	0.360798481202785	4.80617665023067	3.94469097381536	0.000762284976425419	0.00934791110816486	-0.956388876438838
3:610366-610573	0.360767060240336	4.30786762878346	3.8778871939733	0.00089295227665932	0.0104084749748102	-1.1113108038287
10:24092-24392	0.360617898668379	5.03241628110441	3.63921135839159	0.00156894476235523	0.0147844142237937	-1.66130084446939
11:555155-555457	0.360367977937647	4.81705787957343	3.44530766732728	0.00247285799684821	0.0196948619108409	-2.10276523741429
15:491682-491981	0.360336979408448	4.6240927654459	2.86386395880292	0.00940152727785082	0.0432045545129982	-3.38130726264011
3:69415-69687	0.360300930907156	4.66520743687523	2.6078385562572	0.016576605074613	0.0637361996826791	-3.91358310755622
8:249530-249783	0.360105820392154	4.36995658945043	3.72196030616297	0.00129091681720733	0.0131620584825057	-1.47132775696807
5:28064-28969	0.359694907365123	5.88467672514977	3.72839227905519	0.00127146983436568	0.0130231097908942	-1.45652721939067
6:777801-778381	0.359627439323449	5.28025206978071	3.59388699164984	0.0017454915794992	0.0158475056994694	-1.76498449843205
13:293697-294727	0.359305868916066	6.28175834605738	4.05355154935368	0.000588900296311838	0.00781909266790387	-0.703241843376181
2:889840-890334	0.359022922948867	5.17986680164464	3.89724327639377	0.000852955004271329	0.0101639869015346	-1.06646017012694
12:496437-496748	0.358562164566007	4.85818718686858	3.24777406960036	0.00391508225790999	0.0254707967825656	-2.54588454850729
15:484041-484447	0.357946322904034	4.91375930505157	3.64243867912858	0.00155706816634908	0.0147034538240053	-1.65390763137173
2:125117-125439	0.357882425689279	5.29364660748438	3.17867818120034	0.00459212086434708	0.0277276635669725	-2.6989927839441
11:88730-89836	0.357860904352755	6.18501961726068	3.43597256539403	0.0025273964781005	0.019811955579646	-2.12386941608315
7:455009-455898	0.357408101955659	6.04959841569932	3.78252455257	0.0011188854123597	0.0119108939649322	-1.33178360080989
13:476980-477312	0.357082274842369	4.71856385486653	3.1424414212208	0.00499134942147617	0.0292042875954606	-2.77885143523497
1:763377-763802	0.356783774443016	5.01730645894517	3.49295794990309	0.00221196904084043	0.018437194463318	-1.99481309014189
15:360519-361507	0.355631287289907	6.21672854598345	3.81460160312306	0.00103718255857447	0.0115483311745754	-1.25772018058103
6:411342-412027	0.355440143578672	5.85011265671309	3.85157424667029	0.000950328702096595	0.010926981400544	-1.17222945753131
15:503270-503576	0.355035113001751	4.77165443016505	3.14626524549506	0.00494768180415905	0.0291776334063451	-2.77043920925892
5:726603-726995	0.354846091254995	4.84721938197837	3.44060368934194	0.00250019418643849	0.0197416209475628	-2.1134015452245
10:512789-513204	0.354639136586743	5.21054262968218	3.88997963554341	0.000867751444415791	0.0101943712997509	-1.08329469936068
7:603387-604078	0.354302047176478	6.05706129488911	3.0808804650854	0.00574795763825569	0.0319194828094589	-2.91378788913718
11:173430-174597	0.354185196957032	6.52627067790877	4.28864066924725	0.000337176691858979	0.00542878731208918	-0.154503100825861
1:686923-687171	0.354109336814688	4.34756011780329	3.34006959196969	0.00316055601838736	0.0226346379812829	-2.33977842816907
2:1021309-1021564	0.353911417023694	4.62886540495704	3.53475679017124	0.00200552013453833	0.0172087720745856	-1.89981727319752
6:36412-37229	0.353897582889016	6.35759549815401	3.96168007050291	0.000732207259353298	0.009103776924626	-0.9169349685818
18:235810-236253	0.353489365908309	5.60498821611304	4.02248997659098	0.000633914893342018	0.00820058688612391	-0.775551198595299
11:93405-94001	0.353430278067137	5.4004940628195	3.61601708750065	0.00165697046821184	0.0152847132678532	-1.71439445448829
6:693279-693658	0.352911120527566	4.98496043291922	3.80523718798385	0.00106040297953784	0.0117194166331145	-1.27935249362558
15:200828-201442	0.352814588971667	6.78021673024639	3.11151115650395	0.0053585711011621	0.0306781563296337	-2.84676578482343
1:832909-833641	0.35241326498548	5.52362006738367	3.57589844757835	0.00182086754538695	0.0163658697452851	-1.80605668445142
1:56150-56571	0.352258284448646	5.07562733320067	3.26638640231079	0.00374999326471604	0.0251038418169047	-2.50446281343681
11:281800-282127	0.352217840911017	4.59910620019475	3.02626925127941	0.00651108282609628	0.0344080362805277	-3.03267929496732
2:560679-561062	0.351793923260679	5.18154815912528	3.84782872052884	0.000958788246713974	0.0109601823465982	-1.18089591554751
12:368842-370687	0.351509316362106	7.42183433841431	3.56107736434866	0.00188537330282644	0.016612068707581	-1.83986210055737
4:836643-838007	0.351333823293178	8.77496127500007	3.20192698019653	0.00435250266331396	0.0270965387036476	-2.64759587073364
7:521909-522463	0.350918704017512	6.11567342640341	3.68983455224669	0.00139254116815481	0.0136823540008991	-1.5451801730414
9:158632-159520	0.350810071864172	6.0899467112702	3.19995988629148	0.0043722969964307	0.0271162139423902	-2.65194937238208
6:699738-700559	0.350788685831779	5.62488113134911	3.28693831513037	0.00357558053732171	0.0244801149416034	-2.45863973171971
10:388947-389732	0.350583086783127	5.89872199534338	3.41223170804973	0.00267146742575403	0.0204052699619028	-2.17747307270319
14:61845-62897	0.350455145274498	6.25243896835872	3.61557944187033	0.00165867738643635	0.0152847132678532	-1.71539557225331
2:1011737-1012163	0.350407725401528	4.91878759801778	3.29675213639524	0.00349511219647563	0.0241794778847371	-2.43672775074996
14:101776-102585	0.350323708476568	6.32189188645058	4.10067017102518	0.000526630040086641	0.00737298192571068	-0.593448971233395
1:412261-412925	0.35007812555172	5.5247035755076	2.94175804025427	0.00788791558805006	0.0386706573626638	-3.21505828531777
7:664573-665436	0.349800248225368	6.01833976386602	3.96669221528056	0.000723561508485374	0.00902134070189564	-0.905291225201451
1:378319-379370	0.349487998284647	6.25180891708206	3.41559046199765	0.00265060642360727	0.0202805373539592	-2.1698954699146
3:381827-382088	0.349154388933102	4.34974383394791	3.0022721288987	0.00687652522848944	0.035748347180858	-3.0846695445521
3:717062-717529	0.348988657201734	6.2122988286086	3.75545905258551	0.00119276199429894	0.0124158202011211	-1.39419350943544
7:342659-343640	0.348838051395262	8.95948904023461	2.05293054154392	0.0529783146286181	0.1327120631589	-4.97275178293785
17:148801-148985	0.348751468807404	4.01706504649123	2.75985684543607	0.0118601743682382	0.0507030950069096	-3.60029228905334
9:450357-450634	0.34870355497532	4.5247574546521	3.49363070208922	0.00220848640159687	0.018437194463318	-1.99328630673683
17:182194-183118	0.348546904584314	6.12217387601932	3.52343759992562	0.00205947742325335	0.0175251348792433	-1.92556903438582
16:14519-14861	0.348238929512651	5.19954933440225	3.51848894253916	0.00208351334153141	0.01759585984282	-1.93682132413568
2:413866-414204	0.348181390038891	5.29543765380641	2.6434005977889	0.0153361048459094	0.06042641310765	-3.84105999652932
6:164454-164684	0.347926432736863	4.39384779117988	3.02889478600187	0.00647225564799594	0.0342838062490294	-3.02698149925701
4:106214-106453	0.347920712652495	4.27026486249247	3.34911113518707	0.00309478022276003	0.0223784107868722	-2.31949594990466
5:234334-234542	0.347841053333453	4.1206457874604	3.61155052121742	0.00167447279610138	0.0153900210171454	-1.72461054340911
2:788547-788778	0.347670071559258	4.26083373221695	3.46494387870431	0.0023618789996235	0.0193268197482903	-2.05832474826528
18:155519-155885	0.347657748823885	5.05462029007264	3.42012418890403	0.00262270074798749	0.0201704614226667	-2.1596638766814
8:467657-468241	0.34741634049917	5.39529688298564	3.25380817778603	0.00386079959702498	0.0254707967825656	-2.53246374084771
17:202343-204276	0.347325604058014	7.07850716364384	3.7769364491815	0.00113375742221845	0.011933678353569	-1.34467542300195
6:421569-422063	0.347140180976408	5.2323660805982	3.24887720004903	0.00390510330750697	0.0254707967825656	-2.54343159654488
7:432061-432974	0.347102754334522	6.03438353840186	4.20138528451728	0.000414707597739	0.00623308509043922	-0.358417444721703
17:13367-14141	0.346929261731219	5.61789343163022	3.43390224828869	0.00253965078929147	0.0198385286786538	-2.12854782245868
1:629677-630010	0.346523113692787	4.70105965708545	3.46214903305295	0.0023773711359606	0.0193711799393142	-2.064653964088
20:100733-101182	0.346360260458841	4.8887236205741	3.44801931503506	0.00245723327343296	0.0196403145212248	-2.09663213395251
6:250353-250861	0.346309715362475	5.53571143591168	3.54188567578196	0.00197225392745878	0.0171081561614447	-1.88358870635737
14:33579-34409	-0.346248647239335	9.43194199408709	-3.31985924182341	0.00331256194427988	0.0233496492324358	-2.38505784261064
6:388594-389012	0.34614350702928	4.87341697795383	3.27253909000585	0.00369692687911027	0.024996140046673	-2.4907538691491
17:296857-297135	0.345925545469634	4.60752489655132	2.38450544389123	0.0267918457221538	0.0871653895400407	-4.35725201820088
16:232776-233598	0.34573603305533	6.00402968940436	3.94721962658561	0.000757731529424188	0.00931759979588644	-0.950517913524912
20:110859-111401	0.345673863977009	5.05299306671915	3.51203047515758	0.00211529782963338	0.0177304739427697	-1.9515009254044
7:229411-229936	0.345600827093013	5.37436655625537	3.10327321004205	0.00546070865401666	0.0310573468048012	-2.86481423161402
1:220468-220732	0.345522252898653	4.43846955747507	3.57199764534776	0.00183763110353641	0.0164176383621337	-1.81495709691376
4:854507-854789	0.345300233658955	4.80647777906923	2.89257241554264	0.00881384230606791	0.041483447068307	-3.32024994808646
6:391343-392069	0.34528594314625	5.65499648325022	3.26963316670188	0.00372189834860781	0.0250514541479227	-2.49722961474726
13:97646-98698	0.345108630507537	8.23989724266728	3.30205269749737	0.00345238806820971	0.0241074711284035	-2.42488465366645
5:403125-403546	0.345064098604349	5.05169835230768	2.87078442993513	0.00925652042331931	0.0427135932111106	-3.3666122135701
2:856204-856761	0.344808966481678	5.49212422581073	3.45093649052731	0.00244053242985448	0.0196118907648629	-2.09003278170941
8:145904-146161	0.343742404843695	4.34660421898244	3.09127768523484	0.00561281146707096	0.0314823861235709	-2.89106465253182
2:321165-321548	0.343293913292459	5.81949142790899	3.66483006528882	0.00147707666563179	0.0141500801364489	-1.60257617141681
3:641950-642150	0.343004746121247	4.02999024262816	3.08160624354294	0.00573842244810132	0.0319194828094589	-2.9122025893239
17:172244-172436	0.342993708375098	4.3326360352627	2.92218178381135	0.00824467024274802	0.03998173781857	-3.25701209671832
9:216325-216598	0.342866932638062	4.49294225011399	2.62093386906888	0.0161091872830789	0.0625366194961501	-3.88693373274363
17:254194-254963	0.342854398060595	5.98877888091489	3.84017993549895	0.000976296472951675	0.0109796558113862	-1.19858980620607
3:875266-876337	0.342540345150136	6.29358644224115	3.68042323900414	0.00142378269000629	0.0138239724955925	-1.56679215991698
4:339715-339972	0.342241604856031	4.46810001804374	3.04946217911297	0.0061757352351367	0.0333847716334201	-2.98228323619922
9:692940-693386	0.342197754572574	4.97689117330307	2.93217220203287	0.0080607132272639	0.0393025625329338	-3.23561582015485
3:501329-501636	0.342018618443587	4.68851418289204	3.292414590193	0.00353045759483591	0.0242739296382266	-2.44641491607051
2:945486-945685	0.341837614529903	4.04697370118008	2.26779497134147	0.0342145306910864	0.101054988902859	-4.58024507998284
14:144074-144451	0.341815006628701	5.03328662925139	3.53763868705315	0.00199200609599523	0.0172087720745856	-1.89325769493146
17:179330-179617	0.341701001790252	4.6522367535904	3.53612132437851	0.00199911023633405	0.0172087720745856	-1.89671156935124
10:447423-448246	0.341330451647194	5.68782304410142	3.42395397310697	0.00259935246462851	0.0201292415772962	-2.15101810519603
17:262955-263335	0.341068993290075	4.83444944699698	3.33376519997216	0.00320722599047957	0.0228956037215096	-2.3539114167539
10:398769-399988	0.341059752183308	7.54596375944037	3.14518707280033	0.00495995675791411	0.0292042875954606	-2.77281149216924
2:17063-17439	0.340461631338385	5.19270147229512	3.68756080306008	0.00140002639240657	0.0136823540008991	-1.5504025566731
13:265249-266056	0.340429643233461	6.03413015796909	3.63393010261482	0.00158857303899613	0.0149066099005171	-1.6733963255339
12:441040-441456	0.34042392175973	5.32718676765619	3.77772658485113	0.00113164274864859	0.011933678353569	-1.34285276695463
1:866467-867994	0.340293846433722	6.76017365008715	4.19399526495469	0.000422042056513028	0.00627632242979382	-0.375676870983606
12:74069-74376	0.34024788434167	4.47104372697127	2.48619825180837	0.021571102411271	0.0751643866007858	-4.15785172315462
1:50357-51309	0.340121246385107	5.98884225906531	3.21061972843893	0.00426606819599395	0.0267435871782478	-2.62834693168146
15:485957-486194	0.339912102253481	4.38940040765035	3.44157489250276	0.00249452606697138	0.0197416209475628	-2.11120583810166
1:61686-62654	0.339852941743249	6.14844019450491	3.56020309800288	0.00188924788196917	0.0166135039679646	-1.8418552204274
17:157463-157782	0.339764344783822	4.79212385143153	3.70073055101408	0.00135721681050127	0.0134869966940266	-1.52014547023898
1:88364-89177	0.339234503593489	5.89312407917385	3.43658747405739	0.00252376798524727	0.019811955579646	-2.12247973165396
2:556551-557306	0.339107623527558	5.99327842452678	3.59481365071039	0.00174169309098394	0.0158451590960247	-1.76286748171929
3:641212-641621	0.338975178694879	5.03500812203595	3.70243661422024	0.00135176663658792	0.0134775976169529	-1.51622433263068
6:688710-689778	0.338399078783548	6.12672527795895	3.39112393898157	0.00280629686331558	0.0210368925375928	-2.22504759881024
11:535728-536507	0.338367048067454	5.85380486301002	3.17767977889863	0.00460269303625125	0.0277276635669725	-2.70119719985561
17:365219-365534	0.338305961343042	4.92595845592926	3.36304638191161	0.00299601645098214	0.0218762963043981	-2.28820501592824
20:75989-76281	0.33826970306893	4.31422891187779	2.95673827569649	0.00762498350884645	0.0377537900283149	-3.18287824298393
5:785298-785858	0.338265750330608	5.66310050804132	3.89096559446194	0.000865728126109421	0.0101943712997509	-1.08100985667816
1:618090-618575	0.338058653440648	5.45860855676872	3.31656479974508	0.00333800780832305	0.023492017217066	-2.39243110217871
4:379419-381121	0.337992837926542	8.32757576153013	3.09977647867527	0.0055046301658055	0.0311311571635568	-2.87247005364812
13:486051-487375	0.337974309290713	8.81946606135861	2.51650420317947	0.0202093047892607	0.0724109548862439	-4.09756118202606
3:823976-824388	0.337781535044691	4.6076715904402	3.19590037034843	0.00441342382837574	0.0271784723684618	-2.66093097102461
4:798198-798546	0.337442835204417	4.89806039731059	3.26013225145254	0.00380469544255447	0.0253043340280443	-2.51838964790896
3:630476-630714	0.337353619195207	4.52741833029654	2.97162943093454	0.00737197823322803	0.0369506994086547	-3.15082528496011
3:671226-671501	0.336712040531134	4.54251199789307	3.4264421151535	0.00258429282381392	0.0200638780303692	-2.14539972625615
8:241193-241403	0.336606656179075	4.10235487177821	3.57281517354875	0.00183410525968563	0.0164176383621337	-1.81309193357349
13:185334-186137	0.336513228901168	5.6369890341673	3.67067037080066	0.00145688883871214	0.0140539535389559	-1.58917706658027
3:221442-222288	0.336342584375264	5.92424852566069	3.7047298990464	0.00134447461411011	0.0134775976169529	-1.51095301087872
5:400652-400944	0.336298709281273	4.74935919207584	3.55080671885036	0.00193138895717837	0.0169129148019818	-1.86326965755337
5:114317-115398	0.335944670618758	6.05902716431508	3.39758364627884	0.00276434180819691	0.0209262068708436	-2.21049667566201
5:266759-267313	0.335795070333925	5.81343902969746	3.3890408475894	0.00281995878520011	0.0210368925375928	-2.22973828267498
9:615404-615592	0.335034089139754	4.10063091296583	2.69446680182592	0.0137073015810567	0.0562879650245961	-3.73608633957816
4:117025-117388	0.334996798712243	5.02202758823596	3.76516646639639	0.00116572541971819	0.0121626736099269	-1.37181824722491
3:617305-618989	0.334921131014264	6.80399543900847	3.48696074720491	0.00224325418921098	0.0186285820981602	-2.00842028461399
6:85817-86265	0.334881159151726	5.09667974083893	2.92805618887703	0.00813602036647297	0.0395665323002893	-3.24443459135195
13:146943-147585	-0.334514447034829	8.737188821301	-3.10600124011305	0.00542667838040216	0.0309030692502291	-2.85883929157578
2:771976-772181	0.334114737666059	4.19938492534476	2.55552456858895	0.0185743240992335	0.0690228171133468	-4.01937235641449
1:323085-323931	0.333711311022815	6.06756512156857	3.51929644820825	0.00207957248916511	0.0175957778100246	-1.93498547050283
5:538425-539577	0.333586130255017	7.07452618979561	3.51677065943466	0.00209192349719095	0.0176004691229825	-1.94072748246657
10:243247-244049	0.333018740484376	5.70738127799606	3.18470806999968	0.00452876945524364	0.0275792817437694	-2.68567422275098
10:17999-18302	0.332985886645417	4.6839330754551	3.20929021075647	0.00427917900303073	0.0267508452759295	-2.6312920738357
14:537856-538166	0.332854297991921	5.10642442562038	3.70913241206661	0.0013305846721224	0.0134440112695708	-1.5008317076749
1:894962-896471	0.332549642707093	6.69226501282396	3.7819713005709	0.00112034915615642	0.0119108939649322	-1.3330601039023
10:246514-246929	0.3325376951197	4.75744609096385	3.56949730121117	0.0018484561006605	0.0164727967081226	-1.82066095221218
1:234541-235101	0.332293259524953	5.52804268240145	3.25074674456982	0.00388824789634301	0.0254707967825656	-2.53927382727641
9:463092-463430	0.33195789842534	4.93339782639146	2.94735481064512	0.00778867768066876	0.0383100234051356	-3.2030431353285
5:471863-472099	-0.331804296625246	4.74729882871801	-3.11141380298541	0.00535976725866254	0.0306781563296337	-2.8469791746457
18:245270-246133	0.331527058515762	9.07803251090027	2.59357101619035	0.0171003965680872	0.0653641119032947	-3.94254215262025
7:152305-152811	0.331080128641616	5.55131645356612	3.5616750792798	0.00188272885057736	0.016612068707581	-1.83849938810419
8:96739-97108	0.330811961867298	4.53817834839667	3.09398000876473	0.00557819235931364	0.0314458299751736	-2.88515419119089
3:245990-247258	0.330479385317117	6.35446475027281	3.87374261197556	0.000901755896700931	0.0104709373980902	-1.12091020536053
13:160106-160611	0.33034495493848	5.28327236403617	3.80163789484614	0.00106946446035595	0.0117829253847387	-1.28766475862677
8:36796-37663	0.330302458371246	5.97996580552512	3.19521065428126	0.00442044858897235	0.0271784723684618	-2.66245658154652
9:427090-427611	0.329918932950978	5.50779103963899	3.54926074283279	0.00193841047663464	0.0169129148019818	-1.86679170395025
1:324934-325203	0.329916192591195	4.68187393175247	3.52433777734731	0.00205513461948333	0.017521490584395	-1.92352179963509
4:675646-676806	0.32979203939888	6.32129241531894	3.44608646179836	0.00246836057329531	0.0196940854297145	-2.10100391721034
8:535654-536727	0.329540214989414	6.36501219258712	3.4608842530177	0.00238441469222632	0.0193711799393142	-2.06751776101247
10:413458-413801	0.329527781244408	4.93814828211162	3.72936492980367	0.00126855438110348	0.0130230491050899	-1.45428865574999
12:523881-524275	0.329461589605785	5.19186233535968	3.3937050622352	0.00278945848920152	0.0210325497613759	-2.2192343549176
13:6650-6911	0.329430070289033	4.60852876471231	3.20191342040021	0.00435263881320881	0.0270965387036476	-2.64762588378798
5:462514-463907	0.329304684428986	6.57823645858905	3.65139508315286	0.00152457138526631	0.014519109617983	-1.63338306571438
9:235808-236826	0.329250963156739	6.35079580659068	3.97093804717204	0.000716317184508021	0.00895596569234051	-0.895426309841781
3:248697-249991	0.329214790683106	7.89258907052913	3.16084596492947	0.00478454729129835	0.0284026971828268	-2.73833025902968
12:194854-195187	0.329109617742417	5.02595965262319	3.19284734234058	0.00444460143724826	0.0272894870138865	-2.66768326278156
1:366108-366595	0.329068311829967	5.55738353841454	3.42015391041858	0.00262251876166521	0.0201704614226667	-2.15959679001633
4:462324-463127	0.328963532045465	6.03043038290032	3.88848804609716	0.000870821318930448	0.0102036550354259	-1.08675112547303
5:718360-719775	0.328905575849167	6.45330906660296	3.25303228554583	0.00386773820672893	0.0254707967825656	-2.53418988484565
14:529046-529930	0.328768580580356	5.95845417901562	3.43397266893652	0.00253923301029699	0.0198385286786538	-2.12838870131161
17:250492-250829	0.32873068191807	4.80106479974625	3.06029044893072	0.00602493962066463	0.032749982926002	-2.95870549418612
10:186685-187138	0.328662462522528	4.67517681303482	3.37949438614762	0.00288340666595762	0.0213194695442483	-2.25122473191693
6:26218-26899	0.328417679085378	5.57906526382687	3.46922911851061	0.00233831772423752	0.0191690661789141	-2.04861786302714
6:711059-711355	0.328310282272058	4.70950813643708	3.11274939245216	0.00534337975442344	0.0306781563296337	-2.84405148167771
8:321103-321846	0.328253671755651	5.8397103587964	3.5842869119183	0.00178532711468347	0.0161436851824711	-1.78690947858453
18:85187-85334	0.328115451071706	3.6033313797735	2.89201424157209	0.00882492548968558	0.0414919816090679	-3.32143950405888
17:378912-379152	0.327991425642525	4.48776235880758	3.41585211341793	0.00264898804269747	0.0202805373539592	-2.16930508065813
9:551674-552054	0.327584695748743	5.05443446963759	3.01434707213758	0.00669023603783539	0.0350239725208786	-3.05852863850579
3:111500-112257	0.327556143215229	6.05776443824491	3.76556837213224	0.00116461923588909	0.0121626736099269	-1.37089165107531
4:360954-361311	0.327408530755293	4.83061077814988	3.64705960527823	0.00154021743672393	0.0146369707999497	-1.64331956997637
11:434931-436179	0.32739893885662	8.51680256256119	2.82760692866574	0.0101974390283092	0.0456905715328087	-3.45804790645181
14:307998-308310	0.327392926217246	4.53895733789703	3.27479580489238	0.00367764700137496	0.0249411333002338	-2.48572364082287
4:885809-887234	-0.326889570549923	8.62082614261072	-2.81062063449844	0.0105920902527953	0.0465798148948759	-3.49385473070413
9:88826-89096	0.326797690686111	4.67573981725671	3.72690476406609	0.00127594138640908	0.0130390722501531	-1.45995054034611
12:339492-340280	0.326723508922113	6.15961759010768	3.68042873642146	0.00142376424025462	0.0138239724955925	-1.5667795388807
16:437503-437666	0.326555996835772	4.13406391404665	2.25456070365058	0.0351660761427632	0.102810814379496	-4.60511493729835
7:612141-612610	0.326485208536029	5.15284655954285	3.54780508001863	0.00194504477662355	0.0169377829186128	-1.87010767448351
15:459295-459766	0.325817754446018	5.29336152447434	3.79815014243792	0.00107831836224097	0.0117829253847387	-1.29571819920324
14:313827-314275	0.325759037355389	4.93307397874668	2.50269416169345	0.0208195683828902	0.0736085213916401	-4.12508276001031
4:641227-641491	0.325629207197315	4.42025156968119	3.36410452759837	0.00298864423486075	0.0218581235216286	-2.28582749651978
14:356202-357197	0.32496761778387	6.20556077092981	2.95874571429477	0.00759039585879616	0.0376241548881192	-3.17856098310528
8:97636-98431	0.324599251681059	6.07926305734656	2.97808029814749	0.00726490119018653	0.036743161273757	-3.13692023276013
13:116425-117703	0.324206686955068	6.71373970985593	3.29883962211569	0.00347822519278722	0.0241135364626802	-2.43206434182412
15:39009-40335	-0.324178901861041	8.6069528671272	-2.97250032851263	0.00735743415035263	0.036919142664774	-3.14894872807081
11:501588-502079	0.324104240628828	5.25094609795279	3.29983082666392	0.00347023461249555	0.0241135364626802	-2.42984969678445
3:854593-855471	0.324086885565678	5.97206505880161	3.27527833826837	0.00367353729533995	0.0249411333002338	-2.48464793345182
5:65418-66266	0.323669803757748	6.20198619110843	3.60978265070489	0.00168145048680959	0.0154224843831142	-1.72865333269351
9:501135-501458	0.323662875619711	4.3467687553741	2.99154965972383	0.00704613079082476	0.0361679832795088	-3.10784866898538
8:574998-576136	0.323596810815596	6.03800127281901	3.37791244765903	0.00289405467936805	0.0213406733852576	-2.25478361665582
2:723057-723559	-0.323545731085018	8.67154969599569	-2.96817787608558	0.00742989210834879	0.037199325589451	-3.15826035676026
1:176693-177031	0.323468670447947	4.94175564840976	3.70237117927246	0.00135197527480158	0.0134775976169529	-1.51637473165915
12:188562-188922	0.323418966081665	5.02568815860854	3.28678483315708	0.00357685325554258	0.0244801149416034	-2.45898226423686
4:160597-160983	0.323400940127791	5.21185296441208	3.39271864352019	0.0027958818382526	0.0210325497613759	-2.22145612482918
20:91291-92157	0.323009693587637	6.16520498952616	3.42608826147289	0.00258642931714099	0.0200638780303692	-2.14619881575827
3:1072-1834	0.322770973932464	5.97051087427371	3.74503269069912	0.00122249283261622	0.0126957724333879	-1.41821458069308
4:445717-446559	0.322400189689758	5.91950740620359	3.79241799744564	0.00109302793677539	0.0118477698028654	-1.30895143265608
4:179193-180528	-0.322349975156573	9.63880050163662	-3.10103102366729	0.00548883296662444	0.0310987548843177	-2.86972367811738
1:848237-848452	0.322334150530793	4.28070039528863	2.63098687959341	0.0157588232539956	0.0616039239169296	-3.86643076301139
1:354345-355091	0.322306154970271	5.60046634980423	2.67051705199961	0.0144496839979481	0.0580060857173234	-3.78543853584425
7:518304-518738	0.322302007989109	6.39350832050368	2.90619202793286	0.00854750732305214	0.0406142704649484	-3.29119495844754
14:406230-406590	0.322088104931754	4.87416257209505	2.78892599998132	0.0111173523412067	0.0482650524531923	-3.53944832841075
17:97042-97151	0.321975662749035	3.6213102710159	2.06966771877117	0.0512374797744958	0.130232231385942	-4.94307303929928
10:253695-254000	0.321935025030546	4.83779003734394	3.07238926662907	0.00586065847926388	0.0321868801879572	-2.93232494030728
5:688120-688384	0.321855966373733	4.392411754054	2.88449576533722	0.00897552105022158	0.0420106977182491	-3.33745322510871
4:629622-630186	0.321846931680587	5.77287952680455	3.64293085404038	0.00155526477016102	0.0147034538240053	-1.65278002812407
3:348068-349109	0.321846907599028	6.2077373556227	3.57682301483735	0.00181691638884949	0.0163632148017914	-1.80394679149449
1:698918-699637	0.321767348288397	5.68265223857414	3.198295188046	0.0043891167451546	0.0271721149633876	-2.65563293729239
10:161860-163660	0.321555370549417	8.21919010321891	2.70554319535889	0.0133763168575365	0.0552328360279828	-3.71319110069424
4:533780-533986	0.321372251725699	4.18873512865573	2.39598022773715	0.0261488687804014	0.0861499879130447	-4.33498286187002
1:496771-497269	0.321309233284222	5.30349898640404	3.38000053838738	0.00288000786415243	0.0213194695442483	-2.25008594421363
11:145208-146320	0.32122122012173	6.18863551123903	3.33078785664313	0.0032295000464251	0.0229813071666117	-2.36058323773601
2:516532-516868	0.320773403120859	5.48503263134007	3.06200689205529	0.00600136527292182	0.0327289605603145	-2.95496524200431
9:392326-392776	0.320643707900773	5.45877390599115	3.46121220344548	0.00238258637270021	0.0193711799393142	-2.06677522003479
4:846587-847056	0.320634714206321	5.04975195350972	2.81468613309857	0.0104963285980425	0.0464703924874759	-3.48529332285531
9:39291-39665	0.320608748749632	5.12760773818923	2.57013849847078	0.01799459114653	0.0675702936005606	-3.98992960265667
18:294894-295539	0.320493147865876	7.68247772681423	3.14283315732495	0.00498685871400831	0.0292042875954606	-2.77798979674522
8:17622-17877	-0.32030159289647	4.55897738903678	-3.32545376433847	0.00326978391857948	0.0231209365237942	-2.37253186550394
14:335308-335732	0.320290430812519	5.32918230662105	3.40680181832992	0.00270553286390231	0.0206302642228735	-2.18971907312039
7:473838-475060	0.320255931104573	6.90766001843313	3.45929989742477	0.002393266869178	0.0193711799393142	-2.07110478467374
12:240245-240563	0.320246976663625	5.10842233096442	3.09006331883767	0.00562843617166232	0.0315305135223536	-2.89372008411202
10:232407-233414	0.320077018260056	6.25724379762578	3.34366287307689	0.00313425343895018	0.0226256375125042	-2.33171967336034
5:807143-807686	0.319490958284086	5.72120009431826	3.29972124741587	0.00347111710238711	0.0241135364626802	-2.43009453914802
7:81517-82406	0.319470824315666	6.31149105456247	3.60619804426624	0.00169568687045747	0.0154895804738115	-1.73684935085913
18:274448-274842	0.319458272461744	4.8835433230603	3.24067237466349	0.00397992153522586	0.0256687734750302	-2.5616697911395
5:173884-174256	0.319302931316539	4.77026090506126	3.15057319340134	0.00489892940295191	0.0289664570774277	-2.76095773205133
9:589781-589981	0.319126338293218	4.33112078941893	2.5740478001704	0.017842416967853	0.0673946483950296	-3.98203899711241
4:688640-688886	0.318960294372741	4.28228296965797	2.97699113332293	0.00728287444817239	0.0367924898758686	-3.13926879175086
15:370436-371388	0.31865936650674	5.78719629543735	3.03885486863161	0.00632698440582211	0.0338346262848982	-3.00534978177281
1:774767-775635	0.318318280190346	5.95718654378771	3.26468967450116	0.00376475752662745	0.0251091564381729	-2.50824192949527
18:69763-69991	0.318225571979864	4.43795940446343	2.78677307630504	0.0111708115209528	0.0484032452737512	-3.54396436582077
9:423809-424824	0.318119931662254	6.32617009834212	3.09768841150813	0.0055310206856751	0.0312192289900148	-2.87704024800273
1:812017-812265	0.318016748352273	4.47068491713774	3.53474387354616	0.00200558090688545	0.0172087720745856	-1.89984667031763
7:649070-649526	0.317970987082678	5.19160467148418	3.54644027083773	0.00195128530245068	0.0169591320655714	-1.87321639616368
5:206344-206782	0.317463959269052	5.23025327672203	3.69344631995324	0.00138073241236734	0.0136126834311811	-1.53688332839259
7:459560-459968	0.317378759761257	5.47477344071039	3.37683221422186	0.00290134782331558	0.0213592645676983	-2.25721354997931
3:39839-40100	0.317272983059423	4.56838987148611	2.70789870552815	0.0133069133501699	0.0551140441500765	-3.70831649042237
3:895535-896863	0.316783126827222	8.84029962766121	2.73033931456242	0.0126626268793056	0.0531687785288665	-3.66177750211466
16:193439-193755	0.316772047592687	4.56533489434737	3.02331824709004	0.00655499136716861	0.0345593666296379	-3.03908118056711
1:802597-803572	0.316670561726276	6.09540635387338	3.6052407394951	0.00169950890564483	0.0154928754820087	-1.73903788197465
6:696717-697539	0.316625844875825	6.02821513622787	3.56802819041096	0.00185484574193337	0.0164727967081226	-1.82401190878335
10:293924-294163	0.31657545916585	4.71572951748866	3.27024086379321	0.00371666266512026	0.0250514541479227	-2.4958755301687
7:460339-460674	0.316454305040776	4.83480430904775	2.91753163388803	0.00833166313405759	0.0400586896070731	-3.26696109052285
3:880510-880983	-0.316358429528512	7.70115592195569	-3.08909026106657	0.00564098643029075	0.0315613190774768	-2.89584758033436
8:465167-465504	0.316275530156166	4.85873344634975	3.23372613771618	0.0040443524122781	0.0258238536338898	-2.57709890413719
3:552912-553378	0.316270759287606	5.15652958502872	3.35716058647444	0.00303734922891514	0.0221155722848933	-2.30142579220957
11:247206-247717	0.31623173877405	5.3958139725372	3.3970599816101	0.00276771994359683	0.0209262068708436	-2.21167654725982
3:901214-903550	0.315909623062705	9.29057558510927	3.2571655584362	0.00383091489627861	0.0254409125752864	-2.52499302209604
3:433467-433743	0.315797182599638	4.59570664943263	2.48945089790356	0.0214209382287746	0.0749649097044528	-4.15139949773214
8:294876-295173	0.315766643027513	4.41334210435546	2.23428059542832	0.0366713264281111	0.105285989154731	-4.64305533432771
3:87834-88589	0.315623019471997	5.94269602713121	3.14018894291938	0.00501724714270811	0.0292792675498846	-2.78380512909418
12:345952-346340	0.315397622149201	5.17788533879407	3.27116860373215	0.00370868346053132	0.0250378087018676	-2.49380816924719
9:129233-130122	0.315325542027004	6.0245753016968	3.68269806550052	0.00141616834299938	0.0138099553448044	-1.56156927107345
1:331291-331874	0.315299397358813	5.46498553715901	3.09947268631009	0.0055084621254551	0.0311311571635568	-2.8731350383341
1:957679-958403	0.315164942501373	5.61154912831014	3.18015183975369	0.00457655924808536	0.0277276635669725	-2.69573860656294
10:463497-463857	0.315124597821713	4.74821434582547	3.03029743998171	0.00645160443923618	0.0342465138554911	-3.02393677147011
1:613693-615535	0.315074474796595	7.20743387849711	3.64296217857409	0.00155515006260074	0.0147034538240053	-1.65270826061261
14:462673-463688	0.314913638928984	6.12144959428383	3.23818322883437	0.00400289425496779	0.0257426937983041	-2.56719993683346
13:179611-179845	0.314813926959985	4.41389506465182	2.60402221688159	0.0167152105879023	0.0640558926296666	-3.92133697316238
13:163881-164152	0.314754396463971	4.57815570992032	3.08247915778776	0.00572697447006946	0.0319194828094589	-2.9102957256536
17:24605-25530	0.314672892336387	6.14062401442116	3.14675312957437	0.00494213695104271	0.0291776334063451	-2.76936563547859
8:571966-573096	0.314548363851418	6.3161001746442	3.07932767979437	0.00576840943502684	0.0319194828094589	-2.91717914553964
2:737413-737932	0.31452732082843	5.15152540692017	2.93604354202802	0.00799049386576061	0.0390026723480311	-3.22731670325602
10:395528-396024	0.314419606836182	5.43988149970943	3.22511352592688	0.00412565102520626	0.0261495949054243	-2.59621474156709
15:452452-453351	0.314120732573591	7.39485819840922	2.42502415898189	0.0245848525512371	0.0827381955032612	-4.27835113782184
6:662215-662596	0.314063227462382	4.94531101634463	3.54993254808241	0.00193535618733837	0.0169129148019818	-1.86526123908282
12:28277-28941	0.313629261962612	5.64294350459	3.17146575712077	0.00466902723486393	0.027974043012186	-2.71491219531576
3:546649-546978	0.31358247609914	4.97883297421523	2.79680731376822	0.0109237241550927	0.0475166076950387	-3.52290300742949
17:272959-274031	0.313400513604511	6.27129727031682	3.42198980911128	0.00261130142590781	0.0201704614226667	-2.15545254411723
5:62052-62450	0.313384921299727	4.61634143424564	3.17092531680116	0.0046748400744225	0.027974043012186	-2.7161045777656
5:763600-763947	0.313238334842109	5.09804801621028	3.22461336630261	0.00413042082174597	0.0261495949054243	-2.59732435278661
20:58595-58977	0.313204590463608	4.57776136662136	3.01137597534632	0.00673561689922186	0.0352203519169592	-3.06496445125601
18:17380-17765	0.313165355584103	4.9820885562079	3.25615556925656	0.00383988122536376	0.0254626790588566	-2.52724066550005
18:27462-27824	0.31294543394183	5.15922103760849	2.72797871491811	0.0127289814735242	0.0532627619990788	-3.66668149254118
1:1089674-1090570	0.312753841914116	6.12587865954589	3.27996859586825	0.00363382326174358	0.024794196523726	-2.47418945495927
5:203113-204001	0.312316205081727	5.91842569519789	3.63802996276089	0.00157331463866018	0.0147944460559726	-1.66400687123368
5:590965-592592	0.31227275458394	7.07896243442283	3.69580835359013	0.00137306328712659	0.0135777377433278	-1.5314564904251
12:386876-387346	0.3120909218977	5.69735464503859	3.44859785069449	0.00245391226466495	0.0196403145212248	-2.09532346189064
2:102279-102629	0.311983138209098	5.28025159677319	2.89523753393962	0.00876110698154418	0.0413213894435702	-3.31456884900504
11:590568-590964	0.311932524919034	6.49307076879712	3.24801035918447	0.00391294268737448	0.0254707967825656	-2.54535915036569
5:346058-346362	0.311836991467312	4.77155816080043	2.75044626116795	0.0121106039787791	0.0515108377998302	-3.61992747006077
12:254430-255217	0.311762183260693	5.79451842746428	3.5141751175683	0.00210469074010976	0.0176746637011844	-1.94662703694382
8:383787-384293	0.311728029024366	5.39098121761511	3.34012098943239	0.00316017827581485	0.0226346379812829	-2.33966317521612
6:632889-633642	0.31166731602795	5.73614563217053	3.59092981051648	0.0017576681170178	0.0159257540319265	-1.77173958277407
16:244884-245172	0.311343952383329	4.24474762507421	2.38974040900411	0.0264967135490654	0.0864913215205041	-4.34709994753716
5:480672-480946	0.311327828910017	4.31517977087295	3.12872236770747	0.00515111615369823	0.0299433713038354	-2.80900358695978
4:766141-766507	0.311259705866175	5.07571727023526	3.19531025701641	0.0044194334638141	0.0271784723684618	-2.66223627297496
15:282433-282683	0.311203463870413	4.26426628424585	2.8806578965369	0.00905333984996786	0.0421242503655315	-3.34562084423759
12:395825-396699	0.310931081050135	7.78551867356847	2.37123545729586	0.0275536687809112	0.0887220149690715	-4.38292996039948
14:209262-209925	-0.31077883018671	8.79875596267061	-3.24928501649764	0.00390142046373696	0.0254707967825656	-2.54252469812489
6:531025-531376	0.31063167900924	5.03047611563315	3.24162387422759	0.00397117395306765	0.0256493140172162	-2.55955548518909
17:240698-241089	0.310232752001474	4.8488864347735	2.82391989081573	0.0102818902682619	0.0459185694751465	-3.46582812280934
7:570897-571359	0.310108992619856	5.50230483104236	2.86050890674448	0.00947260671542405	0.0434419955514734	-3.38842602621165
1:816338-817153	0.310014349494594	5.85192139262083	2.58841412098892	0.0172935217728349	0.0658772795363482	-3.95298955674484
17:170306-171266	0.309837787963983	6.03175817034594	3.20105726097319	0.00436124364500559	0.0271123979931181	-2.64952081022192
4:643268-644039	0.309776766604916	6.12216113263659	3.37251834689902	0.00293065245069165	0.0215155105659105	-2.26691522696627
9:485953-486246	0.309768313262927	4.74555449522326	2.7410887411383	0.0123646013316149	0.0522112788304794	-3.6394215137971
14:471186-471384	0.30968651515564	4.00217361778991	2.34095654493413	0.0293676152645255	0.092245225209836	-4.44121511757679
1:94288-94654	0.309208135208359	5.00809495648754	3.35687061256869	0.00303939991086053	0.0221155722848933	-2.30207696698647
18:328865-329204	0.308766784880189	4.81296989449858	3.37229386160192	0.00293218530947396	0.0215155105659105	-2.26741998862319
1:910258-910601	0.308147981049573	5.03392987026651	3.11996506908349	0.00525568030585452	0.0303149807332537	-2.82822663375707
1:102268-103139	0.307879168982724	6.04297827932758	3.48724455756402	0.00224176390668653	0.0186285820981602	-2.00777647110647
14:146041-146335	0.307765716746717	4.47591153940954	2.6968729089589	0.0136347490181793	0.0561033365119674	-3.73111661320049
17:285788-286454	0.307612508802528	5.8378284234401	3.45179298713984	0.00243565016834477	0.0196078599883295	-2.08809490689276
1:428957-429180	0.307481934584341	4.52372089866382	2.35268990726478	0.0286519828819962	0.0909831395882252	-4.41867989250766
9:117435-117674	0.307340637073546	4.48317712459853	2.82270903298531	0.0103097702204238	0.0459185694751465	-3.4683822543925
8:385213-385765	0.307315210279666	5.40599926150939	2.96471155998159	0.00748849404875501	0.0374090394667717	-3.1657237979636
16:491184-491316	0.307096848884674	3.45175632778085	2.26103182246174	0.0346978124520166	0.101840923629656	-4.59296528424295
1:517190-518185	0.30693046888898	6.37809244826186	3.38393293710884	0.00285373513864781	0.0212041867098312	-2.24123686292995
15:72384-73279	0.306895261256248	6.61151157993155	3.39307739009072	0.00279354408260585	0.0210325497613759	-2.22064811892728
9:619756-620744	0.306852753013888	6.31180595981215	3.43974068023801	0.00250524146447218	0.0197420084418617	-2.11535251035908
16:315250-316014	0.306801502334975	5.88431620142603	3.33467551693208	0.0032004457563727	0.0228836984113805	-2.35187117466476
2:1016556-1017619	0.30642466775063	6.03221863151047	2.96075595760142	0.00755591109439369	0.0375622927430794	-3.17423652651986
3:950628-952134	0.306337938987593	6.91459390237172	3.44804128214321	0.00245710709360322	0.0196403145212248	-2.09658244446496
2:125844-126325	0.306272328844967	5.41550736403354	3.00081927967078	0.00689927352044896	0.0357642737902453	-3.08781208949345
5:382194-382667	0.306265049491837	5.0906413353457	2.74260505475552	0.012323102113858	0.052085179472737	-3.63626472427511
6:414000-414307	0.306227702603461	4.73995781717431	3.08714137377869	0.00566620416551743	0.0316628337638652	-2.90010790840193
1:560340-561153	-0.306091161508892	9.34221710712218	-2.82915454107716	0.0101621888523502	0.0456905715328087	-3.45478089145769
17:280351-280715	0.306039536173298	4.72754762170138	2.76850809380902	0.0116343045216116	0.0499761487895715	-3.58221460317333
4:622032-623332	0.305919629176223	7.7418430159733	2.59005961325929	0.0172316763701391	0.0657536090645718	-3.94965707514985
10:524916-525789	0.305913308176674	6.38065051558254	3.30277226278332	0.0034466275911733	0.0241048517157683	-2.42327648223974
6:695834-696211	0.305835633423861	4.79197253476505	2.96383863365504	0.00750332177615956	0.0374413247158196	-3.16760278202083
2:851423-852156	0.305551050414039	5.63625616788704	2.95414421249583	0.00766990303623087	0.0379342386631706	-3.18845539092765
2:594677-595270	0.305467839503455	4.88645975441288	3.48182637593998	0.00227038334229612	0.0186953879797693	-2.02006516975701
18:291114-291650	0.305237499126902	5.43907693054566	3.19642022137782	0.00440813631590421	0.0271784723684618	-2.65978102014648
8:688706-689069	0.305163484112742	4.97548931451557	2.829050402752	0.0101645571683611	0.0456905715328087	-3.45500075217622
1:728261-728981	0.304959356639193	5.6349678835862	3.50221155964862	0.00216453571263712	0.0181092744855397	-1.9738060738009
9:476357-476647	0.304623700324617	4.55959119996911	2.51689015105959	0.0201924927731662	0.0724109548862439	-4.09679089497561
1:841274-841707	0.304600291285612	5.10772356696168	3.07091618588412	0.00588042644237598	0.032216387706334	-2.93553891443032
9:216932-217220	0.304336114565698	4.73603362392079	3.42611122367964	0.00258629062369325	0.0200638780303692	-2.14614696205501
3:273174-273898	0.304296040265193	6.05995798510861	3.57333448257438	0.00183186904040561	0.0164176383621337	-1.81190709751358
13:155052-155270	0.304289713972449	4.00292138289351	2.77010337411525	0.011593103935772	0.0498470059716766	-3.57887830423583
2:498485-499461	0.304011981720827	6.44407442195364	2.86671039824955	0.00934162364420896	0.0429733889326612	-3.37526490078083
8:699242-699458	0.304007325746158	4.83382867836306	3.16273417365825	0.00476380690150697	0.0283925428643744	-2.73416844609572
2:19197-19451	0.303771819896851	4.90878056004285	2.82315548319277	0.010299482332801	0.0459185694751465	-3.4674405870404
8:95964-96406	0.303526012104946	5.19287305241655	3.0714440986673	0.00587333473283826	0.032216387706334	-2.93438717655126
15:184416-185837	0.303452955197763	6.72363388740411	3.45941303504059	0.00239263367401225	0.0193711799393142	-2.0708486519856
18:256927-257805	0.303306115657213	6.29743012580158	2.8155532022762	0.0104760121976063	0.0464263669272135	-3.48346668643537
3:555396-555667	0.303230558354385	4.67874024479366	3.21514840400015	0.0042217019751132	0.0265771280458603	-2.6183120572797
10:435511-436317	0.3029149393266	5.76361325867488	2.83485557539597	0.0100333370271587	0.0453628449833964	-3.44273930201554
5:544941-545331	0.302909303513901	4.97974982661008	3.20805894892924	0.00429135581888717	0.0267895518066095	-2.63401920605482
14:509108-509443	0.302610927434722	4.80132924917239	2.72514091085211	0.0128091869410689	0.0535330725940469	-3.67257424029687
1:121973-122280	0.30254036167572	4.84164191010937	3.07766683642808	0.00579036235685905	0.0319576595675723	-2.92080571339109
1:587715-588652	0.30246242360267	5.89224137697104	2.96168741104831	0.00753998358236438	0.0375405634200923	-3.17223237947798
17:289074-289291	0.302451302531733	4.23296977321164	3.26861984151462	0.00373064476103223	0.0250726215471175	-2.49948735653733
13:16435-17855	0.302351006946978	8.56873680734703	2.29640304903867	0.0322378135716034	0.0976730954402003	-4.52618933943202
11:123171-123889	0.302167067767337	5.82148248552381	3.77618244777948	0.0011357790390126	0.011933678353569	-1.34641466526667
4:81304-81521	0.302054965906263	3.90386903904434	2.99427543334847	0.00700263705699712	0.0360688187193545	-3.10195930741534
10:203235-204297	0.301946232529342	6.27142549409499	3.36921803164835	0.0029532672611873	0.0216347369248353	-2.27433513323812
10:517724-518096	0.301835251167952	4.63617490818331	2.65015717771077	0.0151105498047039	0.0598538238281899	-3.82722660728629
17:41647-42076	0.301757622343933	5.06421150879056	3.38940708023773	0.0028175521450156	0.0210368925375928	-2.22891366114161
17:305705-306661	0.301633597601269	6.06179812374639	3.18938953879425	0.00448017113695487	0.0274282836389287	-2.67532821181168
13:321066-322114	0.30142455891546	6.48123940805248	3.48482090991933	0.00225452180724667	0.0186869678871139	-2.01327400900952
9:439817-440978	-0.301316721192492	9.0751682457537	-2.57657741919846	0.0177445941221444	0.0671952650513693	-3.97692992019647
1:595372-595640	0.301285115213151	4.52435836046504	2.48997808851534	0.0213966917137479	0.0749649097044528	-4.15035329420224
5:798443-798870	0.301260146662387	5.31892067852697	2.74632925834996	0.0122217373685183	0.0517544905028268	-3.62850796280567
12:448092-448545	0.301192252330174	4.97590935513484	2.97522483487347	0.00731211268867829	0.0368570004442838	-3.14307673428701
7:219963-220317	0.301189577927824	4.80780073838829	2.91071186429017	0.00846083906727174	0.0403677540292027	-3.28154026026473
12:218722-219076	0.301143097572832	5.01090379597088	2.90308842124266	0.00860751161727229	0.0407695470887945	-3.2978209083095
1:481499-481773	0.301100509802131	4.6155220282831	3.21861508601844	0.0041880434113661	0.0264023694496826	-2.61062730998605
1:597037-597244	0.301027314767851	4.5737835509121	2.72888662599255	0.0127034218302659	0.0532401836257211	-3.66479559955101
12:30894-31217	0.300970948616591	4.49008191770403	3.24406720462824	0.00394879694487411	0.0255498459590632	-2.55412531671769
10:101481-103131	0.300915445559796	6.70014152388538	3.12805294397712	0.00515903753734684	0.0299505214230408	-2.81047369506823
1:223619-223903	0.300709127637744	4.47007597924563	3.07926907774056	0.00576918266149513	0.0319194828094589	-2.91730711929621
12:181671-181931	0.300706027926425	4.15840482490164	2.38969949660588	0.0264990083414795	0.0864913215205041	-4.34717933670093
4:368140-368393	0.300515297257384	4.47098132025027	1.82745024606968	0.0821335185011733	0.179828570856885	-5.3564824026267
2:401513-402404	0.300297007272935	6.15285360524659	2.78212181701193	0.0112871441652894	0.0487072235933724	-3.55371566644792
7:742798-743693	0.300168282959916	6.20635726293512	3.48328873492297	0.00226262382982098	0.0186869678871139	-2.01674893728033
1:278049-278967	0.300121061363145	6.1972064236237	3.27692143753072	0.0036595766801396	0.0248940200916487	-2.48098462239146
1:134200-134409	0.300019995280389	4.17305308016199	2.28650295055761	0.0329096814123149	0.0985658409715102	-4.54494122957939
9:310573-311053	0.299806998774921	5.35756158700081	3.43277941744109	0.00254632123166161	0.0198559822873125	-2.13108483369691
2:713327-714420	0.299612803411784	6.32352772728308	3.25266983868672	0.00387098363945471	0.0254707967825656	-2.53499618394505
10:68367-68891	0.299605057966888	5.54434445965498	3.23736632283571	0.00401046170860968	0.0257426937983041	-2.56901456666411
4:557930-558264	0.299540707725924	5.07260472598849	3.14084379257384	0.00500970464770645	0.0292734177586607	-2.7823650972721
10:178279-179008	0.299502321067535	6.0772728143437	2.94098073216216	0.00790179397170476	0.0386963127104491	-3.21672628598111
7:640719-642181	0.299357458575856	6.98355050141025	3.20993570287167	0.00427280870840095	0.0267483801102135	-2.62986223186613
12:439683-440085	0.299005865251958	5.01210095508318	2.96045105978056	0.00756113176083881	0.0375622927430794	-3.17489250082817
6:498027-499623	0.298946402702965	6.96555272665746	3.6641345940029	0.00147949899550002	0.0141500801364489	-1.60417147068454
7:252141-252540	0.298911823312372	5.02262398860984	2.41517005591628	0.0251054838918119	0.0837972750930276	-4.29760774689857
3:982334-983093	0.298671448795999	5.79181480374629	3.14269288273907	0.00498846631577469	0.0292042875954606	-2.7782983402912
14:412505-413391	0.298425816694241	5.89901034493646	3.00655939771171	0.00680981699453997	0.0355161154183952	-3.0753926836806
4:57484-57775	0.298350400061116	4.88965470368734	3.44050313827853	0.00250078174201701	0.0197416209475628	-2.11362886297813
3:771490-772464	0.29819364581478	6.34428454816882	3.32688820749977	0.00325890278532462	0.0231209365237942	-2.36931919255401
15:322513-323360	0.298012922640237	7.21715060180589	2.87652361156621	0.00913789181541893	0.0423592736936865	-3.35441418214972
7:206808-207247	0.29789359054103	4.976378170031	3.04506835033997	0.00623795823289158	0.0334342561704531	-2.99184163889164
6:331381-332367	0.297830306357221	6.05918383332962	3.47589124097352	0.00230214531497683	0.018907160421718	-2.03352086747147
10:307290-307486	0.297606566884624	4.25324496703778	2.14281384082963	0.0442182157504723	0.118515409400667	-4.81154658754105
1:675383-676423	0.297306184737231	6.20828509209739	3.22955130614469	0.00408356402616048	0.025988784904499	-2.58636704831858
18:262502-263470	0.29719239966123	6.21581749889844	2.91655553004728	0.00835003516608561	0.0400586896070731	-3.26904864258831
8:420760-421276	0.2970928607602	5.43829666640937	3.68827625669431	0.00139766682773639	0.0136823540008991	-1.54875935852506
18:93358-94622	0.296898122586651	6.36526379455986	3.16291775882065	0.00476179503330283	0.0283925428643744	-2.73376375997338
4:422609-423170	0.296561579729987	5.35316589179607	3.03399982773207	0.00639739931264662	0.0341405310669801	-3.01589748795902
7:749118-750942	0.296534633066056	9.31111401053344	2.1344959184296	0.044970082449709	0.119550888913673	-4.82665032368458
14:129514-130784	0.296530283371686	6.51724155937632	3.16126906146787	0.00477989232551569	0.0284026971828268	-2.73739778244928
7:67834-68256	0.296365939350096	5.08077920758802	2.98519927102782	0.00714847207547867	0.0363563541473373	-3.12156137710743
16:67057-67430	0.29626515908799	4.86969891704436	2.75141780977036	0.0120845186982549	0.0514655620298656	-3.61790175024509
13:58284-58611	0.296220303161656	5.03987810046049	3.35133395801231	0.00307881561512586	0.0222989946493581	-2.3145071868374
3:386525-386933	0.296189490403449	4.84319708769086	2.60908915329143	0.0165314207585483	0.0636341235252646	-3.91104096953963
4:181680-182621	0.296041753858122	6.14376213221788	3.04459857852299	0.00624464659483887	0.0334342561704531	-2.99286328459236
15:22787-23235	0.295801619614796	5.29774769960531	3.30119481516125	0.00345926812229329	0.0241135364626802	-2.42680181569364
2:281674-282291	0.295643878530861	7.59761036958521	2.57015123660423	0.0179940933246604	0.0675702936005606	-3.98990390169046
5:52098-52883	0.294784786194867	5.89599565383879	3.24569462055955	0.0039339605923713	0.0255194313209477	-2.55050775732982
4:731472-731876	0.294541409604633	4.88926654232704	3.24900559680051	0.00390394343751839	0.0254707967825656	-2.54314607290148
14:115200-116085	0.294423268908111	6.35228689226277	3.44233838080383	0.00249007906036203	0.0197416209475628	-2.10947962172976
6:599462-600033	0.294294920702922	5.95645371269309	3.24811112708218	0.0039120305939886	0.0254707967825656	-2.54513508577078
17:193078-193839	0.294024724449653	6.00160547296177	3.16701465986556	0.00471711198506527	0.0281893100736344	-2.72473068700041
5:208453-209314	0.29370945115957	8.91889772980788	2.20655864579005	0.0388242663591223	0.10963874840595	-4.69458076274703
13:192968-193203	0.293641089462207	4.50558149010837	2.88416611421498	0.0089821800081243	0.0420106977182491	-3.33815495586074
10:59123-59521	0.293602611844141	5.09937901575191	3.12372443437683	0.00521054308089972	0.0301322878941953	-2.81997680024979
7:213180-213670	0.293594885219913	5.27221509475885	2.37092016063189	0.0275720113543294	0.0887220149690715	-4.38353908547863
9:142792-143632	0.293569483116266	5.83867673962475	2.45184619093068	0.0232181587047244	0.0792711505433611	-4.22571836254258
3:258525-259460	0.293511560095101	6.0606280304571	3.09145469161157	0.00561053751332675	0.0314823861235709	-2.89067756483452
3:728078-728967	0.293423723755079	6.25448268496853	3.03385970888318	0.00639944270893572	0.0341405310669801	-3.01620180606176
15:177908-178368	0.293417531405388	5.07082618789378	2.8013570655024	0.0108134139185132	0.047227901306781	-3.5133422379653
3:710869-712973	0.293367291096681	7.19308296219771	3.27305611033195	0.00369250111669712	0.024996140046673	-2.48960152245081
16:368132-368361	0.293261423255768	4.32094634891227	2.93696520001159	0.00797386338792635	0.0389639874720069	-3.22534026400794
7:65599-65958	0.293221239318264	5.05957493189181	2.90983488220781	0.00847758909460468	0.0403677540292027	-3.28341403986322
11:296544-296923	0.292918356050738	5.09330074357996	3.00308402372811	0.00686384431385481	0.0357239152893188	-3.0829131435168
8:159131-159653	0.292909876234549	5.16790703359536	2.99061472064099	0.00706110896086335	0.036203349036454	-3.10986823887293
11:458556-458897	0.292817015272531	4.86942962458036	3.19979365498627	0.0043739737413775	0.0271162139423902	-2.65231722935404
3:704866-704963	0.29281621574062	3.00962319867726	1.85367568718111	0.0781405611900596	0.173662935395584	-5.31345420747201
20:159480-159754	0.292797998999512	4.69113149883847	2.89135364274007	0.0088380596936977	0.0415101313630544	-3.32284722001034
7:11850-12363	0.292662097368317	5.45826475508428	2.70399517104175	0.0134221151031297	0.0553198777178715	-3.71639357364407
2:735116-736355	0.292516065403102	6.49894179384745	2.99958228323591	0.00691869918938243	0.0357642737902453	-3.09048727884541
8:72273-73180	0.292481122503647	5.82348134140819	2.40307687859711	0.0257584092844413	0.0854034370053032	-4.3211804156759
15:137427-137939	0.292442842576202	5.3801700267353	2.56746771609388	0.0180992549323828	0.067855908997771	-3.99531684583703
6:433285-434149	0.292263899310245	5.77762054921043	3.32040220005478	0.00330838642590544	0.0233496492324358	-2.38384244601186
3:973037-973950	0.292261806955854	6.07132766998626	3.21423403995183	0.0042306234436304	0.0265951553279948	-2.62033852200926
6:153151-154063	0.291840524748661	5.94704543789886	3.29283985337178	0.00352697688666505	0.0242739296382266	-2.4454653337621
3:83148-84079	0.291811119718634	6.19285565042224	3.32620788853477	0.00326405900574608	0.0231209365237942	-2.37084293003815
13:86128-86537	0.291695110900483	5.1548083536437	2.82882308780777	0.010169728600979	0.0456905715328087	-3.45548065576207
3:125516-126439	0.291671543065602	6.15572208517862	3.13643344868901	0.00506071567088847	0.0294561291845212	-2.79206155869038
14:281532-281914	0.291603845864944	5.30146488214727	3.22582066898779	0.00411891646610231	0.0261495949054243	-2.59464584044752
9:313592-313965	0.291579046513645	4.92093443154191	2.48954338402879	0.0214166827571439	0.0749649097044528	-4.15121596864656
8:265932-266792	0.291438326474015	5.95362444914429	3.04638788631613	0.0062192083609725	0.0334342561704531	-2.98897163793836
14:476556-478066	0.291364416446257	6.57062099261301	2.82838011476188	0.0101798134927277	0.0456905715328087	-3.4564158050789
4:141059-141478	0.291164255068258	5.37384275578088	2.80587549163319	0.0107049150014243	0.0468837568946918	-3.50384049677253
5:126252-126751	0.291076401930574	5.12969857448781	2.89477797644685	0.00877017872461834	0.0413213894435702	-3.31554861969423
8:470024-470477	0.291040591709153	5.26740074108967	3.08261665040314	0.00572517331532741	0.0319194828094589	-2.90999535800011
8:346181-346503	0.290910670779948	4.91219599056011	3.19067311343288	0.00446693510893263	0.0273890432158664	-2.6724906423248
11:171588-171900	0.290832317125749	4.89436717344289	3.10152368498349	0.00548264139592005	0.0310987548843177	-2.86864506496156
17:230218-231049	0.290768740180401	6.05088143545066	3.26605942297725	0.00375283411428682	0.0251038418169047	-2.50519114065234
1:342083-342747	0.290452758266042	5.6542006593821	2.91678202817131	0.00834576860305167	0.0400586896070731	-3.26856426605988
2:875172-875459	0.290287933143416	4.44529264909982	2.51337888890759	0.0203459280057005	0.0725937184914013	-4.10379649791995
10:495521-496607	0.290106636368873	6.65940176285709	3.52481278521601	0.00205284662973497	0.017521490584395	-1.92244145953785
6:408527-409347	0.289964109729183	5.71576127780554	3.3995305206748	0.0027518179948974	0.0208765039748488	-2.20610972815107
2:1041173-1041577	0.289813321452043	5.02501419849968	3.06905665372834	0.00590547243490096	0.0323140521009984	-2.93959524725302
13:364544-364799	0.28960598465194	4.63060836164243	2.76059917080412	0.0118406310097272	0.0506679391964999	-3.59874212907071
11:147246-147457	0.289485895041737	4.49357281432584	2.5777497329248	0.0176994308034184	0.0670809926131252	-3.97456133196136
2:328950-329410	0.289319148715137	5.3996619247547	2.97257772638585	0.0073561429343328	0.036919142664774	-3.14878194540959
2:752642-753185	0.289151341082595	5.73630438016373	2.38408596870749	0.0268156258705621	0.0871653895400407	-4.35806495648005
15:275766-276079	0.288951827930011	5.00452982511517	2.94972330064827	0.00774704361946597	0.0381891709699666	-3.19795570714826
3:513858-514109	0.288901472093843	4.41970345972932	2.82962402012567	0.0101515184919687	0.0456905715328087	-3.4537896661455
2:768306-768722	0.288831613307851	5.05674792306747	2.5702392323702	0.0179906546957971	0.0675702936005606	-3.98972635615047
5:445554-445883	0.288676997963032	5.3120065025895	3.04856934633688	0.00618833032278774	0.0334125048550035	-2.98422593253535
17:267944-268190	0.28866481268323	4.44685186906093	2.23617279129457	0.0365284289261498	0.105077922797845	-4.63952414285866
3:430411-431754	0.288501379287828	6.80963038154607	3.42132839020926	0.00261533726322042	0.0201704614226667	-2.15694565908266
12:176285-176513	0.288445198523938	4.43970297792253	2.65453894272602	0.0149659526804963	0.0595180560602457	-3.8182462265985
13:309286-309764	0.288200507962716	5.15715981199489	2.6733789545931	0.0143590104888032	0.0577615974915753	-3.77955221699027
12:460388-460949	0.288030784470064	5.36949193979283	3.23497982077152	0.00403264906715187	0.0257859103208168	-2.57431497749312
13:334051-334799	0.287652345669404	5.80078252807342	2.66283190638388	0.0146958599562227	0.0587834398248909	-3.80123022494999
10:318244-318815	0.287442953407806	5.47201820691685	3.309841808388	0.00339052895848826	0.0237868457965415	-2.40747104933572
9:452972-453472	0.287407585210096	5.3849505337379	3.3410683661095	0.00315322348522346	0.0226346379812829	-2.33753869933384
11:29866-30067	0.287186350271806	4.21222673399857	2.4933375529589	0.0212427848614477	0.0747505542766037	-4.14368370730359
13:108052-109234	0.287102517802714	6.41800152935245	3.46023254572756	0.00238805204048235	0.0193711799393142	-2.06899329463817
8:68544-70011	0.286909065967458	6.84727482946938	3.45313357529657	0.00242802768785087	0.0195817151906676	-2.08506149723691
13:187287-187496	0.286835272930823	4.17715711664047	2.33870579559335	0.0295067639486555	0.0923567554865131	-4.44553052618823
3:509819-510402	0.286753009012071	5.13507449415179	2.56311464417445	0.0182710718327332	0.0681510979360948	-4.00409131234226
18:35726-35936	0.286540384564463	4.65308419548923	2.26952803405652	0.0340916869323051	0.101049788817751	-4.57698186684207
2:87313-87648	0.286179467826103	5.26725741570735	2.71048117529244	0.0132312151260533	0.0549243956717706	-3.70296991126051
8:713819-714846	0.28617226159942	6.31244536174273	3.07826987129605	0.00578238215460584	0.0319530154617478	-2.91948902651007
1:798322-798632	0.286114849740739	4.85235782228206	2.99174405089734	0.00704302039645271	0.0361679832795088	-3.10742873224381
10:324266-325324	0.286068928648757	6.42350934844725	3.03200902411047	0.00642649098570612	0.0342308663138114	-3.0202207336546
4:211276-212323	0.285987717994428	6.37564994967012	2.81250635474827	0.0105475694505127	0.0465238072904627	-3.48988432621318
6:396748-397081	0.285967367053501	4.97085090728098	3.1435568822389	0.00497857252243637	0.0292042875954606	-2.77639783901042
3:956473-956790	0.285606609013317	4.85634439224463	3.15329259841083	0.00486839458425975	0.0288239869829982	-2.75497023697109
15:391675-392027	0.285590882324981	5.03125317615445	3.18212009942957	0.00455585459078401	0.027668935072387	-2.69139145156191
16:114658-115447	0.285462201145099	6.05102437995874	3.10131777426401	0.00548522837680756	0.0310987548843177	-2.86909588514667
6:152273-152715	0.285458391351254	5.26809554106583	2.47952810226973	0.0218821224419927	0.0757497138827218	-4.17106910029069
13:198797-199114	0.285428301548079	4.65100460709356	2.55495424414812	0.018597300589521	0.0690228171133468	-4.02051964727583
1:404582-404902	0.285205313329841	4.89816801863953	2.95141057037082	0.0077175148211231	0.0380937917720849	-3.19433051928738
3:775183-775767	0.285126931350005	5.41860314330708	3.18780448888347	0.00449656852586258	0.0274579000296875	-2.67883172435791
7:236474-237319	0.285089000859682	6.19871255913856	3.22912365099682	0.00408760155781217	0.025988784904499	-2.58731622872608
7:287849-288507	0.284798546528214	7.55561770481511	2.53966671495501	0.0192232175364353	0.0702966680499055	-4.05122353226178
13:419598-419943	0.284761940556143	4.80911159744995	2.74051653066861	0.0123802963562333	0.0522282813294065	-3.64061258123767
18:163041-163249	0.284698654334547	4.1470896268855	2.64123412506475	0.0154090990398295	0.0606073174888199	-3.84549197503503
7:484785-485717	0.284536813785684	6.23460742488706	3.12556781848471	0.00518854776363465	0.030077917529185	-2.81593027049031
4:918585-918925	0.2844765871385	5.0477248554106	2.90871529911791	0.00849901893711679	0.0404267893331931	-3.28580582902603
12:260976-261329	0.284438941904241	5.15707477300827	2.99930910672898	0.00692299622475379	0.0357642737902453	-3.09107800655938
4:276318-276764	0.284193580069823	5.39788244903482	3.3111246525643	0.003380445260013	0.0237533327846439	-2.40460190776505
11:550767-551134	0.284032750080886	4.78541815543471	2.85100203870267	0.00967682029810748	0.0441523421552794	-3.40857842976986
2:332241-332652	0.28399219348797	5.63874716062579	2.14001992882108	0.0444694813580896	0.118868795403505	-4.81662393810112
6:555806-556750	0.283955915425532	5.89837999962585	2.9592216634346	0.00758221752978033	0.0376241548881192	-3.17753722153681
13:278933-280004	0.283949544903143	6.41689372184601	3.21363798794888	0.00423644900555413	0.0265951553279948	-2.62165942526264
3:135016-135511	0.283760275002501	5.63572994287441	3.08035595784181	0.00575485808816003	0.0319194828094589	-2.91493347315876
1:157162-157865	0.283756394010036	5.70100090636977	3.06187057275309	0.00600323427614349	0.0327289605603145	-2.95526231966268
1:785126-786041	0.28353550340082	6.37287954807722	3.28001993516135	0.00363339087912361	0.024794196523726	-2.47407495172451
3:28081-28746	0.283145248909776	5.69511304909125	3.28994684774299	0.00355072190146674	0.0243758147714189	-2.45192447717033
1:725009-725385	0.283086878736444	5.17230585316096	2.91982209202216	0.00828870476840551	0.0400325169099387	-3.26206146417738
1:310675-311311	0.283028184299825	5.36844470253077	2.66423853700989	0.0146505072197524	0.0586544457205828	-3.79834147306015
7:22581-22815	0.282961637322674	4.50599160955496	2.51392399958794	0.0203220363936198	0.0725937184914013	-4.10270924052872
11:407590-408483	0.282903856336569	6.02823061574836	3.02631935576014	0.00651033976743392	0.0344080362805277	-3.03257057833298
3:153779-154078	0.282796395191832	4.87271187341354	3.07283470620685	0.00585469357740867	0.0321868801879572	-2.93135296769873
14:217550-217855	0.282708984677536	4.69929089450022	2.77686637781713	0.0114199764051209	0.0491498215281936	-3.56472483901686
14:389378-389639	0.282480761601684	4.36210854253925	3.23632382463146	0.00402013917895768	0.0257426937983041	-2.57133010345648
5:437555-438454	0.282399501985834	6.0416018482631	3.06000385421439	0.00602888454001089	0.032749982926002	-2.9593299294488
2:973299-974417	0.282354329749686	6.13682985036643	3.05604929839515	0.00608357367539668	0.0329661934274522	-2.96794395450981
1:1092506-1092715	0.282343986734039	4.21629221972667	2.52591130502612	0.0198032392642476	0.0715487797030264	-4.07876856787139
4:357209-357666	0.282289516986315	5.91207540543258	2.75504131990358	0.0119877008647552	0.0511018562577566	-3.61034369929
6:143584-144028	0.282101100475014	5.36401132962608	3.1114549842971	0.00535926124298385	0.0306781563296337	-2.84688890934345
12:176881-177700	-0.282040908218525	9.34483617145958	-2.50033738875644	0.0209254203170788	0.0739073049059082	-4.12977150587888
17:405458-406084	0.281511272866294	5.32421595064735	2.59408384716162	0.0170813024793952	0.0653469315365582	-3.9415026316986
9:494652-494981	0.281270649370383	5.06257676916017	3.17797571578682	0.00459955687134241	0.0277276635669725	-2.70054381204367
17:167839-168139	0.281077403796552	4.85289765567661	2.65162158398706	0.0150620785233941	0.0597246500522545	-3.82422612371987
6:791833-792575	0.281073122370489	5.88678106394389	2.87114816087687	0.00924895856991617	0.0427135932111106	-3.36583944628579
1:319987-320920	0.281072800202158	6.06730127033958	3.06616865882514	0.0059445753212378	0.0324883017556293	-2.94589326110888
3:970990-971404	0.280988741786478	4.94168324493601	2.70735437390475	0.013322921307056	0.0551140441500765	-3.7094431344325
7:380690-381064	0.28084556824906	4.98669631795814	3.12507481943311	0.00519442141422252	0.030077917529185	-2.81701256575317
6:294461-295313	0.28060279172039	6.06790867184617	3.24612410713943	0.00393005423652154	0.0255194313209477	-2.54955296244979
10:260372-260788	0.280366171616138	5.0875622476492	2.58581523037297	0.0173916260343295	0.0661946582735194	-3.95825070311043
3:777921-779008	0.280200095002319	6.49220052075926	3.24392832634687	0.00395006555041818	0.0255498459590632	-2.5544340007449
1:950731-950986	0.280121153076245	4.39938536634008	2.68935528149057	0.0138626476417389	0.0566012647266292	-3.7466370243735
18:304985-307604	0.280054143130639	7.36329207763705	2.98473985394471	0.00715593118941112	0.0363563541473373	-3.12255297976071
9:346414-347099	0.279937341424615	5.62998668079301	3.04482944006289	0.00624135884585814	0.0334342561704531	-2.99236122114727
4:630609-631686	0.279750214179911	6.49683575271056	3.05866882838766	0.00604729382002332	0.0328093177435447	-2.96223841275549
15:366412-367279	0.279571810422272	5.92791846889422	2.82124801804646	0.0103435061181351	0.0460214049550426	-3.47146342065307
2:689481-690350	0.279517372674967	7.41248336651145	1.98473959715619	0.0606312205664602	0.144369153721601	-5.09201360739675
14:352956-353934	0.279514085578838	6.28762492633488	3.11719339537937	0.00528920107615493	0.0304690656587767	-2.83430677171915
10:121084-123411	0.27946403578267	9.21042865575606	2.63161875729605	0.0157370431912201	0.061572557101312	-3.8651407665141
2:434079-434414	0.279455451296481	5.07760105262063	2.09326886346171	0.0488700675748081	0.126145891660471	-4.9009564906268
13:158816-159154	0.279448564650176	5.11388357105423	2.90221775119585	0.00862441733739831	0.0408064397486203	-3.29967919383271
9:628280-628510	0.279302281689159	4.31363459414995	2.9854524410248	0.00714436479738851	0.0363563541473373	-3.12101491135385
6:290836-291108	0.279191591739718	4.82350448704586	2.57209940699244	0.0179181086269629	0.067566515766037	-3.98597243200812
1:1013959-1014321	0.27905965471713	5.0524947744925	2.60937126969289	0.0165212438937915	0.0636341235252646	-3.91046741645712
7:84276-85850	0.278981152266031	8.95482318981222	2.49567251737742	0.0211364234951184	0.0745028033554517	-4.13904525722819
20:145007-145330	0.278603019111183	4.62911000006628	2.9726518498269	0.00735490654953951	0.036919142664774	-3.14862221713795
11:110071-111024	0.278580994863724	6.11324208822403	3.09186355306434	0.0056052883863471	0.0314823861235709	-2.88978341276554
14:66444-66673	0.278151175275043	4.35507733404147	2.5553130766746	0.0185828412999654	0.0690228171133468	-4.01979781861587
1:259404-260416	0.278104225322067	5.93968032418098	2.9425563628514	0.0078736863816738	0.0386432239521622	-3.21334500601472
3:6148-6483	0.278059300603529	5.00963123988095	2.72162612108015	0.0129091913920514	0.0538504572887439	-3.67986881033674
14:163561-163855	0.277987926995944	4.37937461995812	2.71583359095178	0.0130756219263556	0.0544432406905746	-3.69188101763964
1:874085-875014	0.277679298826462	6.39696868784575	3.07503328239546	0.00582533822078049	0.0320716037837804	-2.92655480770926
6:362228-362671	0.27758590923929	5.10850339748194	2.54779694690023	0.0188879220824835	0.0695712423254191	-4.0349063909364
4:477251-478272	0.277235454080412	6.11595836410633	3.05524810022325	0.00609471200565455	0.0329866154018256	-2.96968866697955
20:158809-159145	0.27719771054175	4.65434850369334	2.28576719755415	0.0329601232362628	0.0986159836935241	-4.54633291782435
12:353047-353997	0.276900117820041	6.15066557600501	2.93117760905876	0.00807884886930169	0.0393481257225184	-3.23774724664435
5:519100-519725	0.276738057067885	5.73006059054257	2.55914955697703	0.0184289072059079	0.0686254481311511	-4.01207709110171
13:121354-121721	0.276578816788922	4.84070773063898	2.54294647736314	0.0190872919272209	0.0700284579231482	-4.04464438891171
15:26975-27226	0.276456019070994	4.37886315754679	2.69601258255856	0.013660648975625	0.0561479015747451	-3.73289382686419
12:284399-284717	0.276318848595581	4.64990096829508	3.0599925169947	0.00602904064589492	0.032749982926002	-2.95935463064751
10:542122-542588	0.276206854346394	5.20691556406332	3.30568731775415	0.00342338696548612	0.0239797809976775	-2.41676049406052
2:995891-997128	-0.27601231014896	8.59558269433951	-2.49561387750678	0.0211390885302555	0.0745028033554517	-4.1391617746482
1:557376-558144	0.276007327796469	6.02702790845381	2.90998413753524	0.00847473612976132	0.0403677540292027	-3.28309515395939
9:528321-528797	0.275912507375319	5.47280579016176	2.98011707225758	0.00723140510999694	0.0366151236112515	-3.13252744852481
10:46920-47876	0.275846228638286	6.04773024105747	3.11052538630571	0.0053706949585206	0.0307014439774434	-2.84892639210965
7:434389-435342	0.275810294081132	7.64497389504324	2.14594118704542	0.0439384893466995	0.118126889336928	-4.8058583254915
1:131947-132831	0.275753794063396	5.93583307348507	2.28831881086901	0.0327854928774011	0.0982906002138295	-4.54150536866305
2:585492-585753	0.275564293202136	4.50222190903375	2.73577594292829	0.012511054814729	0.0527302084281797	-3.65047580510129
4:194523-194676	0.275558893695707	3.69921793242719	1.84837308493648	0.0789339562510251	0.174818598802369	-5.32218952002921
3:15224-15582	-0.275459874808222	5.189267870153	-2.40321803906599	0.0257506977662616	0.0854034370053032	-4.32090563814128
17:329784-330426	0.275412923093191	5.38889503559236	2.61773159416282	0.0162223260568907	0.0628667804594308	-3.8934565798611
8:481826-482743	0.275358483945857	6.19683923026521	2.84767009775222	0.00974938376432207	0.0444381280337124	-3.41563460136606
2:461553-461924	0.275153050105794	5.18519394495315	2.87941066338833	0.00907876828664196	0.0421978887341738	-3.34827418123754
1:23648-24541	0.275152283662676	5.97654330289488	2.96567931303614	0.00747208851693758	0.0373687912869414	-3.16364044279622
1:610697-611014	0.275077936908629	4.83363367268035	2.74276481576094	0.0123187374119528	0.052085179472737	-3.6359320736448
3:96741-96990	0.2750439367981	4.32251723575224	2.82654884556121	0.0102216063065492	0.0457519098281142	-3.46028107624072
6:596234-597260	0.274904789684389	6.17856916169165	2.88064934123133	0.00905351404192165	0.0421242503655315	-3.34563904625233
7:653712-654772	0.274635713700389	6.35591985141871	2.8825567421202	0.00901475735583026	0.0421190542011443	-3.34158035612831
4:611563-611994	0.274617494850767	4.56768914624086	2.41988160052929	0.0248552891631588	0.0833350369245683	-4.28840598795994
1:653686-653951	0.274551431959732	4.54514830789916	3.01842669651003	0.00662840346421769	0.0347409062129255	-3.04968766437817
17:166087-166453	0.274315486472527	4.77978141562714	2.55095471330169	0.0187591796933103	0.0693745286490089	-4.02856158769946
13:423906-424202	0.274113055077131	4.73034082569084	2.68348275940213	0.0140431799599035	0.0569359361417828	-3.75874674364723
7:682084-682395	0.274043646447915	4.91185868453389	2.68773369326982	0.0139122773852818	0.0566643958278594	-3.74998215688467
1:780679-781843	0.273921784113517	6.4654429324514	2.91970387784124	0.00829091670587873	0.0400325169099387	-3.2623143800844
14:531235-531635	0.273516379666352	5.01923057578431	2.98042523941402	0.00722635006564766	0.0366151236112515	-3.13186271108176
10:51407-52086	0.27328736692753	5.76677977740852	3.07621290871515	0.0058096465828933	0.0320246035776237	-2.92397988385232
6:780450-781331	0.273286948771731	5.93303112724843	2.99902104140584	0.00692753024489336	0.0357642737902453	-3.09170090799493
8:486722-488230	0.273216866084903	6.71494574695863	2.98677311918239	0.00712297572509728	0.0363539787292308	-3.11816394406604
7:426931-427147	0.273147234526991	4.34129315109377	2.64024551898858	0.0154425166990887	0.0606321971448429	-3.84751378797959
15:148280-148890	0.272974309491733	6.28450804005156	2.60944106371283	0.0165187271054744	0.0636341235252646	-3.91032551786717
12:531778-532481	0.272972267898024	5.82297081530209	2.60901581177981	0.0165340673949693	0.0636341235252646	-3.91119007048815
17:407259-408311	0.272959093595018	6.07595842105695	2.82855490318633	0.010175833053101	0.0456905715328087	-3.45604682120603
3:395515-395914	0.272867000966279	5.07685341313166	2.88133490739162	0.00903956561238745	0.0421242503655315	-3.34418038414439
4:198301-198594	0.272559151435947	4.9971190968197	2.85320894310947	0.0096290426517982	0.0440241010311019	-3.40390284506112
11:168229-169106	0.272516265799389	6.0190311961886	3.11999273704734	0.00525534672776146	0.0303149807332537	-2.82816592981212
16:75034-75453	0.27249605841203	4.92178961971773	2.33838049787443	0.0295269251789992	0.0923567554865131	-4.44615402848125
8:650309-651380	0.272477463779345	6.29720075857801	2.99674155156194	0.00696350943130634	0.0359086039337871	-3.09662917637709
7:280682-281592	0.272362109846712	6.0815599961473	2.57160407034284	0.0179373996517755	0.0675702936005606	-3.98697218084294
4:474554-475484	0.27224646052755	6.16811648653098	3.0933347233066	0.00558644019802698	0.0314527123602123	-2.88656571324734
7:396159-397000	0.272230349967675	6.20068977484214	3.21950082274535	0.00417948561155648	0.026385581942633	-2.60866342936478
6:178405-178864	0.272154273412647	5.11466553025204	2.41642548344464	0.0250385898779288	0.08373878830083	-4.29515683743106
9:460364-461262	0.271983878875269	5.96828415925855	2.91736117925619	0.00833486859934246	0.0400586896070731	-3.26732565522304
5:451454-451845	0.271962788914156	4.75544922684461	3.13937460316126	0.0050266419911662	0.0292958978547655	-2.78559573941938
17:255569-255834	0.271913215118381	4.44008936116375	2.22727522514859	0.0372048273058745	0.106204596314473	-4.6561128745141
6:667277-667678	0.271696594043247	5.06261673993962	2.94023157545304	0.00791519192750046	0.0387195618223957	-3.21833370983179
9:304125-304413	0.271655323184291	4.75786227453971	2.2505117964386	0.0354620005071152	0.10340580734192	-4.61270620758763
16:514581-515170	0.270899409172301	5.55154280262232	2.6732172557263	0.0143641192016347	0.0577615974915753	-3.77988487742495
11:210017-211053	0.270891015829047	6.20450241057331	3.26605624476854	0.00375286173737111	0.0251038418169047	-2.50519821981446
2:780530-781445	0.270809427519102	6.01090424483934	2.9999375151409	0.00691311527541688	0.0357642737902453	-3.089719080302
15:210128-210528	0.270755921420203	5.17576820171788	2.88169294213763	0.00903228927328203	0.0421242503655315	-3.34341854467371
4:58100-58480	0.270709805795367	5.05600297068815	2.47978504397139	0.0218700644561706	0.0757497138827218	-4.17056030381665
1:899178-899586	0.270702515394584	4.94104742787838	2.5059721886683	0.0206731718301577	0.0733514932519921	-4.11855731708832
17:385827-386308	0.27064728604344	5.20523559877455	2.83846194211366	0.00995263536456602	0.0451347476107371	-3.43511660544367
4:751203-751891	0.270616666821589	5.67303315787874	3.02208612828755	0.00657340869527124	0.0346147968470989	-3.04175343063904
5:230569-231502	0.2704337044422	5.99643747990711	2.9736823633562	0.00733773820467298	0.036919142664774	-3.14640140613135
13:115417-115982	0.270215961195166	5.75148205126413	3.01030597933515	0.00675203270555276	0.035264992287111	-3.06728161976728
14:340576-340857	0.270007447466009	4.77164515143265	2.53307794119573	0.0194990288168386	0.0707274335366041	-4.06442717843053
7:137302-137594	0.269901128644773	4.46571717337629	2.42106453802041	0.0247928371676556	0.0832503669635606	-4.2860941250365
12:345270-345628	0.269661355967794	4.83150687767492	2.48603436399505	0.0215786945446849	0.0751643866007858	-4.15817670587459
8:505223-505457	0.269616327006525	4.45462771921852	2.68904551884965	0.0138721151485952	0.0566012647266292	-3.74727609977063
6:383486-384280	0.269351896629264	5.91959098429854	2.91578625779636	0.0083645416392024	0.040085319461531	-3.27069365138535
15:510284-510755	0.269340258374647	5.379199789186	2.81054456438361	0.0105938899827935	0.0465798148948759	-3.4940148726043
17:288206-288463	0.269328167926628	4.28982078449661	2.79735048390902	0.0109104986368332	0.0475052450374175	-3.52176196109031
7:424300-424496	0.269166538719588	4.24906668962548	3.03113397456011	0.00643931846207087	0.0342308663138114	-3.02212066125533
15:246596-246828	0.269105884557491	4.16161234756617	2.31623119440517	0.0309299663718286	0.0950978043456777	-4.4884897195307
1:77848-78285	0.268841140149489	5.30743854649425	2.80128523488443	0.0108151471938004	0.047227901306781	-3.51349323502289
3:207858-208220	0.268823865721958	5.07552178672964	2.62955760265902	0.01580819369752	0.0617429973735597	-3.86934811089795
1:558755-559295	0.268761555571882	5.47086201625479	3.00091534538287	0.00689776711520623	0.0357642737902453	-3.08760431529838
14:73767-74930	0.268691749890065	7.07761596141607	2.68566975732257	0.0139756889007314	0.0567651393100486	-3.75423840995472
3:864832-865795	0.268641677916202	6.05028423386945	2.64612697562839	0.0152447100204151	0.060172241667882	-3.83548009408795
8:341610-342889	-0.26835218395558	9.56305693541417	-2.53141846855179	0.0195690781718985	0.0709240436416336	-4.06774988633961
1:41543-41991	0.268330860127263	5.09819351111585	2.87785077423322	0.00911066739316032	0.0423022274396116	-3.35159197708154
11:466708-467184	0.26825788779214	5.58901771726378	2.91086787615474	0.00845786262745637	0.0403677540292027	-3.28120689751894
7:481199-482552	0.26815878791902	6.61314663875165	3.2654971301809	0.00375772431128824	0.0251038418169047	-2.50644356200337
13:111803-112151	0.268129894378944	4.75357946635125	2.57547811702951	0.0177870430996881	0.0672980049970232	-3.97915049622976
7:204918-205343	0.26810267488627	4.89897814936522	2.54894076186019	0.0188411931803013	0.0695077477071837	-4.03260862650159
7:378930-379217	0.268049911763282	4.82965251358394	2.44748586789416	0.0234354096185751	0.0798910079609613	-4.23429613875988
11:375647-376022	0.267974087552883	5.20062544533512	2.87315348316031	0.00920737460182878	0.0425745957828364	-3.3615782823985
1:848776-849164	0.267969895713993	5.26466170776814	2.5541368365969	0.0186302777744145	0.0690690536845474	-4.02216375245066
15:216668-216834	-0.267846585068304	4.30823120970387	-2.34497282202399	0.0291208199718822	0.0917275089332474	-4.43350869340467
7:320304-321258	0.267838816708344	6.11822055502175	3.07996490439265	0.00576000802432705	0.0319194828094589	-2.9157875328405
13:414965-415309	0.267702832325233	4.86698238098325	3.00616137443528	0.00681598372305664	0.0355161154183952	-3.07625414656394
1:744586-745392	0.267557049345159	5.90922014509082	2.52353612468708	0.0199050385074506	0.0716773550759042	-4.08351693981891
15:344471-345490	0.267523324788976	6.25819656675802	3.18886504274674	0.00448559062191595	0.0274282836389287	-2.67648759465743
2:682595-683018	0.267478197376748	5.31218580105944	3.10954626679247	0.00538276331422269	0.0307311844317102	-2.85107218297983
3:219129-219535	0.267382771253712	5.25902615731447	2.61077020297185	0.0164708669421562	0.0636341235252646	-3.9076228772575
10:518431-519549	0.267334615764308	6.17927571133838	2.68170468492938	0.0140982789258632	0.0569489415370757	-3.76241082225157
13:458918-459265	0.267204839557397	4.83037557120118	2.19496444318725	0.0397584074338189	0.111015989815205	-4.71601331214518
12:70305-70927	0.267083755665329	5.07968322968125	2.10275444877059	0.047946666368428	0.124846216148218	-4.88394236707654
1:29265-29616	0.266552490585924	4.85622606349571	2.48670747440932	0.0215475284981205	0.0751643866007858	-4.15684188296147
11:470232-470566	0.26643675441888	4.34037789725552	2.67284535071721	0.0143758756938371	0.0577615974915753	-3.78064995490742
1:907239-907424	0.26614604274853	3.77346388149815	2.18256944671309	0.0407796691451432	0.113302172001031	-4.73884899674186
7:38347-38822	0.265893435731589	5.30348199564682	2.761181880911	0.0118253113443547	0.0506508072510351	-3.59752515283635
6:423262-423605	0.265706491831875	4.73703847650608	2.35963035627232	0.0282362968070077	0.0901466936577507	-4.4053196410019
2:378961-379196	0.265700775829873	4.76576642985926	2.68635850603614	0.0139544977000137	0.0567305465079576	-3.75281824376575
5:408904-409248	0.265641163897466	4.84765046451776	2.34937656027624	0.0288524181278639	0.0914411817156245	-4.42505009131876
2:135194-135984	-0.265613570150121	8.97406437940362	-2.54536388780646	0.0189876831101234	0.0697773970450841	-4.03979229651824
6:395044-395270	0.265493772281411	4.44928452797109	2.3561196869817	0.028445860300776	0.09049301400588	-4.41208043208523
17:393110-394742	0.265489979851218	6.99459521419207	2.9047667197676	0.00857501386805205	0.040701762538071	-3.29423823887472
5:213183-214020	0.26536848422921	6.15770812809443	2.98766655790326	0.00710854099910929	0.0363217231872296	-3.11623498686475
11:189557-191235	0.265174642980859	6.96376409078606	3.22150200302705	0.00416021322687118	0.0263010090444568	-2.60422571440677
7:138229-138786	0.265008610771423	5.76671315922711	2.71663393256594	0.0130525059515795	0.0543975946361915	-3.69022202721858
11:314074-314505	0.264908612671062	5.27156537159076	2.85434439751218	0.00960454898275905	0.0439570155898052	-3.40149665005604
11:73012-73406	0.264829788606443	5.17833304222176	2.84067382962356	0.00990344600890615	0.0449572254927626	-3.43043931938386
3:965114-966102	0.264822100027517	6.22392288342938	2.39854405692725	0.0260071770728665	0.0859100550392255	-4.32999904129735
17:389639-390556	0.264341214200755	6.08173889331751	2.82279940080742	0.0103076870151301	0.0459185694751465	-3.46819165287348
6:389361-389630	0.264220552504456	4.42645553993191	2.27379740423828	0.0337907876256249	0.100496721204184	-4.56893666288168
1:945215-945674	0.264157856385157	4.89036612552925	2.58189542372763	0.0175405838395371	0.0665917330498458	-3.96618083805083
2:149014-149488	0.264135593306652	5.64352602707113	2.67746000657356	0.0142306416747453	0.0573841010235677	-3.77115314502859
14:450625-451492	0.264017163017013	8.09226085189384	2.57509664400664	0.0178017957811607	0.0672980049970232	-3.97992095430004
6:323758-324558	0.263691982407996	5.98913533027858	2.81196366315394	0.0105603637638763	0.0465238072904627	-3.49102708913689
12:62358-63121	0.263541206689226	5.96861212496297	3.02989219685641	0.00645756427480664	0.0342465138554911	-3.0248164834094
16:27863-29025	0.263456990041083	6.59498775530262	2.91911976342423	0.00830185454612007	0.0400421346427084	-3.26356401507391
9:279617-280085	0.263359771335654	5.37421789269495	2.9625829150286	0.00752470124072731	0.0375061946030016	-3.17030534722319
5:666738-666971	0.263316413579816	4.35378046834231	2.50943598710045	0.0205195255293001	0.073009059037478	-4.11165716757064
2:603089-603338	0.263249971272349	4.4818926266771	2.49104760510318	0.0213475813435814	0.0749425679167611	-4.14823048877646
6:546953-547718	0.263164398183707	5.7624538997348	3.04580214569904	0.00622752468259446	0.0334342561704531	-2.99024568537115
7:766305-767471	0.263071040671463	6.16365711262947	2.91224675854274	0.00843159954195649	0.0403203413993561	-3.27826021291873
7:450363-451995	0.262795105950381	6.85752080495514	2.98837850008855	0.0070970587685798	0.0363044971979008	-3.11469772491525
9:41031-42944	0.262594980178435	7.37695684446276	2.81874308794881	0.0104015921481676	0.0461880222769825	-3.47674450138
9:258643-259173	0.262581027065059	5.4824641703497	2.8953256499595	0.00875936858423158	0.0413213894435702	-3.31438097940272
16:98812-99177	0.262231496910177	4.81414577503003	2.9809277496837	0.00721811439368624	0.0366151236112515	-3.13077870480118
1:218137-219128	0.261989557187055	6.22633587288967	3.01969309352026	0.00660932174183211	0.0346834049186562	-3.04694232544731
3:984273-985013	0.261938248635377	5.76525086052542	2.95131500861564	0.00771918434702436	0.0380937917720849	-3.19453586085026
6:44629-45570	0.261843674147046	6.14423219747514	2.92067396530606	0.00827278187474414	0.0400325169099387	-3.26023878180676
16:132720-133678	0.261831338814932	7.59085319240561	2.31763210635541	0.030839437138159	0.0950430695329203	-4.48581897965423
4:577949-578821	0.261745888744795	6.02654387346006	2.78510857510414	0.0112123104922404	0.048489180447602	-3.54745480621641
9:615916-616219	0.261689531248487	4.68407215524284	2.78433373450492	0.0112316787069158	0.0485260558804588	-3.54907932037635
1:819428-819645	0.261466455550345	4.24333776042103	2.50905460977452	0.0205363900737663	0.0730110261875918	-4.11241714637084
3:153088-153345	0.261380931164569	4.52188458091068	2.69678902943569	0.0136372721458938	0.0561033365119674	-3.73128989857075
1:273982-275122	0.260895537625688	6.42117954120732	2.9438613828465	0.00785047895765892	0.0385716177985525	-3.21054390216111
11:196943-197432	0.260795010594517	5.08143267466322	2.73136675725635	0.0126338489892502	0.0531476579660562	-3.65964244424208
18:324090-325309	-0.260672715050232	9.20543236556235	-2.03140219743654	0.0552953887236584	0.136139801940096	-5.01069292855337
14:67534-68680	0.26045554995673	6.1697213312834	2.88571665330758	0.00895090026061248	0.0419520728445042	-3.33485401993034
4:314051-315355	0.260196625179807	9.12939751843607	2.31712741757066	0.0308720227882462	0.0950430695329203	-4.48678124163707
3:30096-30851	0.260109782920737	6.0757705770196	2.90379361191147	0.00859384229055567	0.0407479217081856	-3.29631563951289
6:349026-349907	0.259984162981485	6.1350043985293	2.70669073555257	0.0133424625965611	0.0551439174350945	-3.71081657266103
13:420577-420989	0.259807137347015	5.12761148355356	2.53768570539473	0.0193057571710697	0.0703330721019248	-4.05519526976491
7:282652-282948	0.259739822165467	4.76608398429837	2.47653739973119	0.0220229300786906	0.0760349677227059	-4.17698921676939
15:260127-260330	0.259685125772157	4.31354291063624	1.9119423531079	0.06987180265961	0.159320524047078	-5.21630653414445
2:963042-963471	0.259585435052653	5.37261743324423	2.43030021275843	0.0243102407378714	0.0819989732801147	-4.268023048943
14:483891-484233	0.259380349088142	4.77593629035013	2.04977026797284	0.0533129085194869	0.133129528417658	-4.97833790017105
3:12814-13318	0.259364231477202	5.61541410729429	2.68738691922896	0.0139229124470414	0.0566643958278594	-3.75069738369109
1:635131-635653	0.259241277022573	5.32971496347899	2.68236805255766	0.0140776985972242	0.0569489415370757	-3.76104395577861
3:751314-751601	0.259185271195657	4.8295906704215	2.22790701376716	0.0371564234427997	0.106134110612617	-4.65493628489744
14:415679-416044	0.259094783996031	4.85721235320784	2.80043025761255	0.0108357981789172	0.0472719616460366	-3.51529037402713
15:470171-471352	0.259050976449666	8.18501997764622	2.06282869948178	0.0519425024536921	0.131130649172434	-4.95521920514044
5:776712-777046	0.258924335968739	4.71319273836436	2.5486713280075	0.0188521907320199	0.0695077477071837	-4.03314992934486
2:228980-229957	0.258641109082172	6.38224541965387	2.64954118760793	0.0151309828463303	0.0598817676570951	-3.82848849456337
20:82712-83623	-0.258630999150514	8.53292128667339	-2.16574446713013	0.042204109382002	0.115595707663518	-4.76971747045113
4:803160-803574	0.258615992094795	5.00320635439346	2.47245826894337	0.0222163466638242	0.0764925905132901	-4.18505770155727
1:164703-165169	0.258594321550068	5.14716503499222	2.51362578313421	0.0203351036430726	0.0725937184914013	-4.10330406728031
5:588247-589045	0.258584624754552	6.04907478679593	2.83708302642197	0.00998341861336724	0.0451827924301636	-3.43803168296753
15:103542-103911	0.258516667381874	5.00389774580297	2.54336069962143	0.0190701892708892	0.0700231067895817	-4.04381315414938
17:379543-379652	0.258473701790385	3.80803389494083	2.52832276786732	0.0197003841153888	0.0713421677188354	-4.07394527545631
9:354821-355660	0.258428789601238	5.98583498538242	2.1104524638617	0.0472088811885613	0.123716014168618	-4.87009821775804
11:553386-554145	0.25838142889859	5.77188898402112	2.56115558487497	0.0183488953314838	0.0683843925926075	-4.00803769488944
5:817453-817921	0.258296605274607	5.48150290969659	2.63919077224485	0.0154782455486173	0.0606660482273303	-3.84967045804159
13:373648-374074	0.258290486634098	5.08118851434622	2.62166090432186	0.016083604437525	0.0624915047416337	-3.88545225477104
3:702188-702462	0.25797459280686	4.74611458236227	3.15654088645218	0.00483216317581945	0.0286473673840634	-2.74781595610573
16:182327-183161	0.257944049514768	6.17814391858752	2.98504944378533	0.00715090385352051	0.0363563541473373	-3.1218847697183
4:668252-668852	0.257893028770408	5.59168229386137	3.02057313360807	0.00659609275069783	0.0346834049186562	-3.04503428710909
12:89615-89915	0.257863054910121	4.60508621849864	2.13233459976071	0.0451673314397904	0.119839345302016	-4.83056876376562
1:71899-72113	0.257839011745705	4.28405539577638	2.39667380116363	0.0261104674998133	0.0861499879130447	-4.33363492061953
14:100772-101473	0.257819028595835	5.70745989380283	2.98988062097063	0.00707289107436486	0.0362222659597907	-3.11145380233689
1:998906-999140	-0.257706362438416	4.54423017563428	-2.91372245039505	0.00840357923327315	0.0402293268963964	-3.2751060115943
4:279824-280117	0.257406137325842	4.53141888122514	2.29467392795443	0.0323542434641231	0.0976730954402003	-4.52946792914721
9:539896-540617	0.257279572549243	5.80037736580765	2.99346355285792	0.00701556469181023	0.0360938707592443	-3.10371368980257
5:420074-420533	0.257261039091658	5.10892131831001	2.26161995040864	0.0346555388297996	0.101840923629656	-4.59186002855264
4:457227-458089	0.25724680259748	8.4243586421163	2.46695342245829	0.0224798788280565	0.0772810580909222	-4.19593489368335
3:826811-827103	0.257111319148112	4.80403396082521	1.96562399836757	0.0629462402126192	0.148522599468468	-5.12495874971098
4:125630-125979	0.257041362029614	5.66742408813223	2.24431647480141	0.0359192168165849	0.1039240546045	-4.62430587604596
7:608701-608992	0.256753376356241	4.95328435578698	2.26662400982026	0.0342977610179887	0.101130947507587	-4.58244906138829
3:802856-803152	0.256499371294555	4.65260419462867	2.55388075341195	0.0186406203867143	0.0690690536845474	-4.02267877365563
20:11281-11636	0.256387466033003	4.92198048817788	2.31364388464623	0.0310978064612441	0.0955101623997258	-4.49341976847391
15:214250-214647	0.256338777103957	4.86428688748532	2.92002133301433	0.00828497799799025	0.0400325169099387	-3.26163518423813
13:513958-514397	0.256299277335517	5.11460749301367	2.32599514426317	0.0303040641370416	0.0939993008159379	-4.46985590819789
1:179140-179502	0.256298808231811	4.97483597189092	2.56706343204167	0.0181151479542721	0.067855908997771	-3.996132079501
9:132409-132703	0.256294169733009	4.39956901944629	1.79576620153755	0.0871935006633272	0.186201387866914	-5.40787719154173
9:256224-256435	0.255875354683225	4.30091421527565	2.06624519813391	0.0515892196809534	0.130533265851864	-4.94915475363505
3:350270-351686	0.255857453120429	6.59643539627094	2.81699843405441	0.0104422321857554	0.0463225285068795	-3.48042149930911
1:169266-169504	0.255686399558465	4.15619518080843	2.32725674684444	0.0302240485133897	0.0938497861525729	-4.46744490888352
11:380821-381054	0.255655506602086	4.3750873230124	2.62896172337285	0.0158288197883034	0.0617696576917576	-3.87056415086216
3:908585-909642	0.25540406841137	6.35800809684647	2.79859008919382	0.0108803729392162	0.0474202037740329	-3.51915753425444
10:405905-406713	0.255372511963158	6.01506066160195	2.75539175192447	0.0119783767693843	0.0511018562577566	-3.60961251476348
2:941140-941630	0.255297858501335	5.29553702798503	2.72957126740941	0.0126841799459132	0.0532093621723594	-3.66337328513655
7:330879-331485	0.255235834929592	5.41097057511857	2.28316570713458	0.0331390465523245	0.0990724645382118	-4.55125155219427
13:314586-314828	0.255044344221337	4.51600788589063	2.68972224372879	0.0138514398212003	0.0566012647266292	-3.74587989451081
3:390010-391243	0.254947667744725	8.32236595774429	2.47511159661308	0.0220903567661702	0.0761173494113762	-4.17981025474748
7:341564-341910	0.254432970943996	5.05917733985186	3.02330685899568	0.00655516136473695	0.0345593666296379	-3.03910588123785
12:439009-439370	0.254301562495507	5.34835120883858	2.29447687771882	0.0323675363001594	0.0976730954402003	-4.5298414641738
4:758097-758403	0.254025350851002	4.74377259151497	2.38235228089626	0.0269141166484775	0.0872341567959105	-4.36142396962086
12:90383-90774	0.253884709140381	5.14102053865722	2.32898132494275	0.0301149843928262	0.0936074098210346	-4.46414790969159
3:99470-100068	0.253747140813617	5.4910603745888	2.28633275742109	0.0329213432199302	0.0985658409715102	-4.54526317608862
14:364507-365298	0.253535609123336	5.61513777663547	2.92621200264403	0.00816998056266767	0.0396625086751632	-3.24838422620895
8:2057-2398	0.25347645563953	4.66561341236024	2.64438047581623	0.0153031975322206	0.0603498785499731	-3.83905486605761
1:59832-60245	0.253448896369757	5.11999793808358	2.56374662443746	0.0182460326755976	0.0681144639332566	-4.00281790479872
5:312930-313852	0.253317797069315	6.13717625344295	2.6538016885677	0.0149901900242702	0.0595351291469684	-3.81975772492814
16:383894-384185	0.252823118649002	4.63616201947772	2.67500820963519	0.0143076316706049	0.0576426276846331	-3.77619983922258
11:482026-482362	0.252799190104677	4.8484465949495	2.38974090345559	0.026496685816215	0.0864913215205041	-4.34709898806565
15:358322-359052	0.252791974219877	5.82279011254634	2.53826896720378	0.0192814208565786	0.0703330721019248	-4.05402605172549
1:263393-264441	0.252758238189119	6.43450112962268	2.53809967627373	0.0192884814734181	0.0703330721019248	-4.05436542999292
13:511435-511773	0.252712230056679	4.82460519982402	2.82759572746383	0.0101976945847354	0.0456905715328087	-3.45807154939536
17:345219-345748	-0.252686292065569	8.5518747162956	-2.06680631398722	0.0515314043253789	0.130533265851864	-4.94815811850603
5:111541-112564	0.252362572399882	6.2905403549449	2.80926197290133	0.0106242785630385	0.0466675867008444	-3.49671468194299
15:109618-109853	0.252223585799312	4.70347446728944	2.55069933470624	0.0187695608118744	0.0693745286490089	-4.02907486257054
10:218206-218888	0.25214359291456	5.82250927615108	2.59036169282404	0.0172203454248053	0.0657536090645718	-3.94904518210316
1:606160-606383	0.252055015836295	4.16513631101784	2.44615097049046	0.0235022978314898	0.0799971749762345	-4.23692053160701
1:251053-251427	0.251824039759611	4.76369169254062	2.12283672798573	0.0460434484797529	0.12144400435791	-4.84775834304253
4:881821-882149	0.251602553690719	4.74444273171471	2.38234134945446	0.0269147387254585	0.0872341567959105	-4.36144514487638
6:459956-460217	0.251538832815189	4.455435753866	2.3195551004181	0.0307155676302013	0.094815779801918	-4.48215139612406
4:344897-345851	0.251247410296419	6.14598874753558	2.69174419226988	0.0137898389308336	0.0564714721449324	-3.74170725765977
6:660774-661180	0.251233269727041	4.94493435451421	2.81373626161232	0.0105186283053682	0.0464771769939074	-3.48729411403641
2:460499-460838	0.251219083339715	5.29073016360692	1.98048892897078	0.0611393564474956	0.145100614771469	-5.09935819154826
5:100476-100817	0.251142773550431	4.86270538089147	2.72184978316114	0.0129028056371761	0.0538504572887439	-3.67940475405952
8:34142-34395	0.250832233985705	4.28221919115956	1.84274543942217	0.0797836714782279	0.17609058852887	-5.3314407727172
6:302947-303231	0.250654686922061	4.28009331056434	2.0560024643193	0.0526548812631037	0.132331975594414	-4.96731641580775
9:289288-290468	-0.250600080039257	8.72616153628749	-2.54588280216284	0.018966365041282	0.0697563269718803	-4.03875044981106
5:190151-191168	0.250504622014449	6.32904778480744	2.27984113233827	0.0333690000697373	0.0993743475130699	-4.55753249137851
8:354639-355525	0.250491159690617	6.25653257970964	2.06586753405029	0.0516281656264294	0.130558005279038	-4.94982544832726
11:536831-537228	0.250476097374698	4.96370254786685	2.78179446423727	0.0112953749083826	0.0487072235933724	-3.55440168245419
4:764661-765016	0.250475202141934	4.51656368811981	2.09036284835399	0.0491561516460466	0.126595474549888	-4.90615901976464
9:34141-34412	0.250401490080037	4.50881554818362	2.06299397441107	0.0519253623344145	0.131130649172434	-4.9549259851985
13:402043-402383	0.250362942730942	4.62644486535634	2.20317698062622	0.0390946379736489	0.10999346566136	-4.7008391421002
10:530408-530635	0.25029761518686	4.42079741269149	2.50777108611501	0.0205932429440239	0.073155043982104	-4.11497440422068
1:805314-806329	0.250213863758154	6.17764186225787	2.87330658161465	0.00920420719464838	0.0425745957828364	-3.3612529077895
16:285560-285874	0.25019535937574	5.03383199568464	2.65433681158455	0.0149725940848607	0.0595180560602457	-3.81866065059966
11:195181-196110	0.25012155443743	6.16846215964757	2.8694845436798	0.00928359305166178	0.042794400102202	-3.36937355872132
4:589751-590703	0.250068364929003	6.08113266948114	2.83711450412102	0.009982714883974	0.0451827924301636	-3.43796514479747
10:39583-39984	0.250038604471475	5.05380753325931	2.41620089615071	0.0250505445788229	0.08373878830083	-4.29559533999221
4:450350-450704	0.250013789276086	4.86035890828395	2.47697318807673	0.0220023598702509	0.0760349677227059	-4.17612680915834
9:207939-208433	0.249948100175932	5.59597527336574	2.60452494719925	0.0166968897019618	0.0640405126872161	-3.92031587260584
6:206484-206752	0.249946920181747	4.68208335658474	2.39005598988311	0.0264790186845347	0.0864913215205041	-4.34648754756743
1:335411-336324	0.249820443584677	6.0956726013442	3.04633388502287	0.00621997462016281	0.0334342561704531	-2.98908910023992
4:865302-866081	0.249687301792535	5.9605069854491	2.6231810086014	0.0160302389173615	0.0623924777340089	-3.88235408573961
14:98272-98979	0.249612595201751	5.67189732119357	2.40367459477302	0.0257257710502362	0.0854034370053032	-4.32001686274669
1:858404-858773	0.249504832686847	4.76723556711341	2.33237448122724	0.0299014565825242	0.0931515377265229	-4.45765684398209
16:430011-431126	0.249450214209267	6.2157540963433	2.68132717190295	0.0141100036113979	0.0569489415370757	-3.76318861441327
12:55246-55519	0.249402613884721	4.55118175123509	2.5375424361989	0.0193117394131514	0.0703330721019248	-4.05548244867493
18:59069-59308	0.249363131091989	4.48230867482504	1.91234853510921	0.0698169718369617	0.159276639114292	-5.21562192271775
12:221225-221934	0.249213877605396	5.67410953291886	2.23109861560728	0.0369127804419952	0.105634516288034	-4.64898941679122
7:525156-525578	0.248936297171829	5.17000660178956	2.29645090109845	0.03223459695194	0.0976730954402003	-4.52609858638466
1:1076821-1077769	0.248926941539374	6.4214526072439	2.66028202386631	0.0147784122138221	0.0590081829340478	-3.80646495913469
8:284512-284928	0.248870880012255	5.09005568991485	2.23975637228307	0.0362591935686505	0.104504926215892	-4.63283155228543
5:524371-525613	0.248835446506134	6.46187185382106	2.97538560149145	0.00730944678871773	0.0368570004442838	-3.14273017601798
14:448092-448770	0.248707679499702	5.90723808500016	2.72785002102725	0.0127326084314152	0.0532627619990788	-3.66694878913613
4:265721-266083	-0.248673622915764	5.3881921965359	-2.60749415026553	0.0165890689522612	0.0637361996826791	-3.91428308855786
16:491956-492408	0.248628018468312	5.0469004045325	2.14508717162937	0.0440147174304616	0.118182288673513	-4.80741219552422
18:147546-147873	0.248539998920513	4.88958030448674	2.25635033050475	0.0350359991458414	0.102564507636878	-4.6017569663729
3:380748-381206	0.248207889987485	5.33277206322386	2.68390240891986	0.0140302056351176	0.056934905188383	-3.75788180295482
7:416233-416470	0.247927459329003	4.03749514904382	2.41352078362586	0.0251936157998671	0.0839662131944937	-4.3008264670812
13:428667-429204	0.247906285367057	5.39953289196652	2.58431877575717	0.017448352285913	0.066348604251445	-3.96127888796101
16:266004-266491	0.247747147540372	5.56123813920732	2.82074972631155	0.0103550361188374	0.0460269529969376	-3.47251411974812
10:328084-329000	0.247680456819869	6.37491369985473	2.84144560681177	0.00988633748043551	0.0449572254927626	-3.42880693982257
4:880334-880697	0.247652913371615	4.86632146200773	1.87435977804828	0.0751119940274553	0.168184735000946	-5.27921033658063
15:307105-308431	0.247547536849659	6.62072440539755	2.80158927288656	0.0108078125584253	0.047227901306781	-3.5128540969166
11:270848-271201	0.247489830268768	5.06104018822847	2.16410582618148	0.0423452280899736	0.115629404766151	-4.77271588220867
4:711537-713429	0.247409884031846	8.99746269781521	2.29719452573328	0.0321846483553302	0.0976667701955646	-4.52468813417876
11:268407-269043	-0.247362100974266	8.7316957969348	-2.66893735602094	0.0144999651947025	0.0581557743830542	-3.78868633441049
11:178544-178825	0.247074340774767	4.57612565729118	2.83351846795924	0.0100634167913075	0.0454529299272374	-3.4455644511915
14:305711-305932	0.246998055601416	4.40453246485322	2.66031815629701	0.0147772393724587	0.0590081829340478	-3.80639079864687
9:383744-383987	0.246857161296169	4.78777629514478	2.36478068165799	0.0279314393529866	0.0894285568984035	-4.39539084582807
4:870324-870974	0.246835409951285	5.57753464065019	2.69116654355164	0.0138074111027409	0.0564917478024391	-3.74289948638776
10:131018-131860	0.246826606609845	6.1037494039177	2.58396681521834	0.0174617193494643	0.066348604251445	-3.96199097710193
4:213982-214200	0.246810609352672	4.40138796945355	2.1699276324078	0.0418457924976346	0.115262625981177	-4.76205661297696
9:351322-352217	0.246671560951328	6.71877775114412	2.12066477106528	0.0462459434848235	0.121691265748425	-4.85168235697104
15:10631-11062	0.246596273264424	5.15432064244986	2.48685628711164	0.021540643919492	0.0751643866007858	-4.15654675140609
15:291781-293181	-0.24654250788644	8.89539147117302	-2.6660598497198	0.0145919808978188	0.0584724319593887	-3.79460000972076
13:506652-507243	0.246517514612629	5.5539410982341	2.81411267240346	0.0105097860751115	0.0464771769939074	-3.48650128495086
8:445881-446862	0.24614050112136	5.94872977955234	2.64778657403156	0.0151893284140388	0.0600558270287272	-3.83208212818455
7:303986-304497	0.245905454575402	5.53460984056032	2.37248975950647	0.0274808107822467	0.0885558740542378	-4.38050630564514
4:6249-7099	0.245855272482616	6.07162652176359	2.68208539467887	0.0140864642996986	0.0569489415370757	-3.76162639097342
8:349575-349913	0.245631660333114	4.72618727501818	2.10389872484241	0.0478363437272746	0.12477591755436	-4.88188655202638
14:487340-487724	0.24551365513448	4.90007277875667	2.3467668849187	0.029011197097861	0.0916401681086986	-4.43006379683532
1:255695-256718	0.245400292252899	6.22327655333882	3.04786404404203	0.00619829747479034	0.0334259993941706	-2.98576043596461
2:20307-22236	0.245085127271084	9.59579092039795	2.16182598698652	0.0425422790435393	0.115967869061438	-4.77688520481847
9:704683-705651	0.245005542287807	6.11637069482949	2.38974090274202	0.0264966858562381	0.0864913215205041	-4.34709898945032
10:77427-77689	0.2447889477313	4.64022646468637	1.98840845369771	0.0601956600881509	0.144083301900836	-5.08566575859096
4:619294-619552	0.24458544075156	4.62669821950793	2.6515454289174	0.0150645956007586	0.0597246500522545	-3.82438218089251
13:54225-54722	0.244584689403945	5.48932151049543	2.87632947154738	0.00914188078375808	0.0423592736936865	-3.35482697408769
3:975740-976132	0.244349368110846	4.734875967848	2.43778417027717	0.0239256015704704	0.0810681246248489	-4.25335174994788
2:970283-972284	0.244215054463385	7.37192592702044	3.0313525493955	0.00643611202930991	0.0342308663138114	-3.02164610588757
9:68774-69841	0.244045557563052	8.73109511961556	1.96391594456907	0.0631568668505223	0.148862630870425	-5.12789197421262
13:477739-478070	0.243988078518538	4.7083324184651	2.26874620383546	0.0341470548111146	0.101049788817751	-4.578454172244
3:655842-656781	0.243985011586147	6.20361693271826	2.81236255198686	0.0105509582546371	0.0465238072904627	-3.49018714568368
16:313908-314437	0.243508832509867	5.16501558334966	2.28138881673372	0.0332617684658605	0.099234573861125	-4.55460920986004
5:515148-515426	0.243470361151187	4.74460065575703	2.61895467318102	0.0161790256060529	0.0627533090231306	-3.89096570530293
7:540860-541683	-0.243451240916983	9.30357136168667	-2.14281801614299	0.044217841215257	0.118515409400667	-4.81153899664837
1:770500-770774	0.243391455350303	4.73542615666666	2.48454030319513	0.0216480223772592	0.075288693209489	-4.16113883887247
10:420527-420813	0.243041582238211	4.57651075746235	2.1446621519965	0.0440526986594122	0.11821335683425	-4.80818536772922
15:493416-493782	0.243031813798948	5.09846421576879	2.35636965013772	0.0284308917568346	0.09049301400588	-4.41159924705168
7:321983-322195	0.242905084271809	4.2452138933293	2.39906339576008	0.0259785623616181	0.085878910731612	-4.32898913694682
4:45962-46408	0.242806616834727	4.93500366889378	2.84614306334681	0.00978281330589127	0.0445451397326239	-3.41886727502629
4:747500-748611	0.242790789852216	6.48545043617026	2.948180418182	0.00777414053594708	0.0382805864014292	-3.20126994661377
1:503148-504462	0.242767689883806	8.81091458502454	1.94598093640726	0.0654065234473872	0.152082908545717	-5.15858629872248
7:397777-398617	-0.242748364122768	9.42024197836291	-2.47083243271229	0.0222938784264372	0.0767005379221622	-4.18827159850299
3:264038-265108	0.242731688599921	6.32764422844229	2.45457792948955	0.0230830087266882	0.0788698832524096	-4.22034016429854
5:705796-706018	0.242656281322583	4.12574956375306	2.24378889349121	0.0359584006836281	0.1039240546045	-4.62529279012433
4:734596-735185	0.242623588025503	5.50162256904016	2.74897722276537	0.0121501481480399	0.0515488749863757	-3.62298985600569
5:457972-458245	0.242544443648637	4.65595288233834	2.08223694903584	0.0499641322699744	0.128013426468463	-4.92068166915733
13:472629-473698	0.2424566850812	6.71915440629974	2.71438232695748	0.0131176373629753	0.0545167547230062	-3.69488869190851
5:613653-614099	0.242431137865577	5.30878459372697	2.62650496089703	0.0159141279779431	0.0619944619924051	-3.87557635250004
7:512757-513099	0.242239750001016	4.91227848562233	2.60705039818321	0.0166051411329236	0.0637432347435385	-3.91518491556506
5:656596-657193	0.242205241307207	4.69891908629972	1.76062554668156	0.0931192625796499	0.194767205283417	-5.46411243976091
4:95871-96369	0.242102614667249	5.48122951299369	2.48066133712322	0.0218289876442754	0.0756828417473096	-4.16882485403919
6:706114-706489	0.242043075498407	5.12369222332398	2.77820994592932	0.0113858765130821	0.0490502245164154	-3.56191120122496
4:586319-586540	0.241833106874929	4.18909725512722	1.92800976761316	0.0677315703185378	0.156051584605645	-5.189148292151
6:691020-692365	0.241554078279364	9.01006202487106	2.33840295050254	0.029525533206535	0.0923567554865131	-4.44611099484812
15:189620-191157	-0.24154732991609	9.44229093366507	-2.54205551873912	0.0191241271262391	0.0701061367870977	-4.04643207040619
3:333398-333763	0.241038206355453	5.61559963289546	2.27149843931452	0.0339525113363717	0.100776817467904	-4.57326995270225
1:381979-382460	0.240883519044088	5.33236785777916	2.38238532977251	0.0269122360127903	0.0872341567959105	-4.36135995043168
20:134468-134678	0.240744272191137	4.15768286079937	2.19747206939849	0.0395546505030308	0.110671245927551	-4.71138371666687
13:469615-470660	-0.240634478283054	8.28117665496626	-2.26069214866232	0.0347222491460265	0.101845863157021	-4.59360354723837
14:185623-186388	0.240455431725854	5.90828464998489	2.71017172395215	0.0132402642828062	0.0549243956717706	-3.70361070540494
8:582735-582950	0.240454147675067	4.40639228354514	1.99407566071217	0.0595283306862782	0.143135979403111	-5.07584482546007
17:399742-399993	0.240358331708984	4.45332636363427	1.95130699908983	0.0647311593317935	0.150983152250707	-5.14949129587748
6:579243-579510	0.240165152441085	4.50982131171121	2.42171771221497	0.024758416019988	0.0831971997788786	-4.28481733257776
17:168517-168895	0.240114511494359	5.24916178782016	2.36552441484389	0.0278876688236776	0.0893523304615469	-4.39395605938481
14:473954-474683	0.240113736878665	5.91185007753456	2.6578548232004	0.0148573998248207	0.0592706966273596	-3.81144558427374
10:273692-274069	0.24004829379094	5.15448557383678	2.84092968775588	0.0098977710885982	0.0449572254927626	-3.42989817712559
5:735951-736287	0.240045665046225	4.84680042183757	2.36675192903779	0.027815565371501	0.0892490828694184	-4.39158741701868
1:37605-38530	0.239958044101897	6.11230699438771	2.86748267141561	0.00932543417265806	0.0429430487210056	-3.37362509715246
2:631985-632814	0.239920996591846	5.99958842201837	2.75688809184581	0.0119386405613245	0.0509898427027563	-3.60648989034697
1:712838-715131	0.239804693202363	7.24932555139386	2.70760046821435	0.0133156817909229	0.0551140441500765	-3.70893378774058
1:81684-82523	0.23969289804471	6.24472456882943	2.58942859738159	0.0172553682935283	0.065787928860164	-3.95093514638353
13:381710-382616	0.239683792090517	5.95286150255246	2.35138878136996	0.0287305383370093	0.0911395390478057	-4.42118203366623
16:311243-311998	-0.239542355005517	8.60623972685058	-2.18724141109668	0.0403919611629912	0.112434339655192	-4.73025109602247
4:63395-63626	0.239323351646645	4.2902242203403	2.31258307367495	0.0311668639662663	0.0956154099472294	-4.49544018598683
7:286734-287018	0.238925164871803	4.56340104874775	2.69245645677844	0.0137682008918633	0.0564344937655496	-3.7402370238713
8:261366-261879	0.238776023728942	5.17978256002593	2.0448986737767	0.0538324003766162	0.133492423316196	-4.98693785730007
14:44727-45527	0.238766487766473	5.70283277469888	2.89621399341891	0.0087418613545249	0.0413184492321578	-3.31248683562806
1:529356-530211	0.238678705424503	6.03573242848215	2.76478003031883	0.0117311315955368	0.0503437632038567	-3.59000792295453
15:162886-164230	0.23861841178436	8.54281268124358	1.72154892401168	0.100113040354586	0.204241553613094	-5.52568254488431
15:336507-336853	-0.238604921326314	5.2699367494602	-2.56470657322622	0.0182080610156002	0.0680862832964297	-4.00088335064913
17:129092-129492	0.238529481767049	5.15816077045591	2.41470426076336	0.0251303454508887	0.0838177542758404	-4.29851691635312
12:334946-335345	0.238421236127704	5.10067638173362	2.29424586854607	0.0323831263702541	0.0976730954402003	-4.5302793488423
6:243503-244422	0.238342388783803	6.34976721246243	2.65639837182526	0.0149049880761773	0.0594075927239265	-3.81443317205991
1:387240-387949	0.238242935910432	5.77070115010051	2.34168407597473	0.0293227666376489	0.0921690333357559	-4.43981969607415
4:258084-258440	0.238018389977674	4.96359910080526	2.15490224403962	0.0431458238302724	0.116901154639406	-4.78953030103291
2:103790-104382	0.237904044304166	6.81677285174643	2.16550188257022	0.0422249736438453	0.115595707663518	-4.77016144516137
14:201461-201897	0.237819694527476	5.00451796186558	2.51653060995841	0.0202081540837958	0.0724109548862439	-4.09750848051305
14:496708-497056	0.237788564641297	4.92477420809481	2.16488382300908	0.0422781741716328	0.115629404766151	-4.77129246808717
12:41908-42437	0.237705411371423	5.56679758204863	2.76176369738023	0.0118100339883349	0.0506338238810219	-3.59630992663487
10:486183-487148	0.237688860102883	6.26902526887897	2.74739162735939	0.0121929675869223	0.0516815557945684	-3.62629437897352
5:508159-508924	0.237587707372596	5.8413913288601	2.63245229376645	0.0157083556469245	0.061514085630476	-3.86343884497164
10:205990-206261	0.237577118492521	4.69478218442289	1.84465017209076	0.0794951874437451	0.175628669196938	-5.32831184848641
18:301762-302243	0.237506662374486	5.43922339690541	2.20996348237669	0.038553765664345	0.109150319489948	-4.68827354799775
2:854417-855386	0.237500864741561	6.23015515842516	2.24025307920412	0.036222019419768	0.104465050852372	-4.63190340561005
20:136859-137112	0.237428978514675	4.5439887578211	2.54748956230165	0.0189004983618654	0.0695712423254191	-4.03552379296
10:187874-188263	0.237288548478404	5.10145384394498	2.3817245105301	0.0269498628498881	0.0872847945847316	-4.36263993252124
9:444251-445280	0.237161086731446	6.1406770286975	2.47900233690844	0.0219068153685102	0.0757765885544449	-4.17211013389579
12:149310-149784	0.237148215467328	5.55626410950994	2.1821952076937	0.040810871754427	0.113318524797032	-4.7395372220987
13:242566-243262	0.237134064828291	5.68416195792946	2.45815285993236	0.0229072500230438	0.07838902989537	-4.21329699602446
8:382295-383199	0.237131871101785	6.20067822805472	2.39991656073063	0.0259316177816956	0.0858439231973828	-4.32732981031145
9:121240-122416	0.237112695782596	7.87615518847776	2.36238135813273	0.0280730790444845	0.0897536441450804	-4.40001779454741
9:452157-452665	0.23709386307148	4.93777371588183	2.20735793324671	0.0387606111631486	0.10959728083781	-4.693100676266
10:268418-269398	-0.236897491376693	9.16257655606226	-2.34697596353579	0.0289984465669931	0.0916401681086986	-4.42966223302056
2:580817-581154	0.236836161700702	4.93646771836434	2.16639361916483	0.0421483230188794	0.115527185445502	-4.76852924890237
11:60961-61342	0.236815677490577	5.00260302268901	2.09997828731691	0.0482152776787483	0.125035679542339	-4.88892704834403
14:410765-411089	0.236606574902362	4.92294417477732	2.06831100386143	0.0513766537181353	0.130511862680121	-4.94548466639209
9:48308-48775	0.236600246206671	5.4035484866707	2.50291200259259	0.0208098096171949	0.0736085213916401	-4.12464925252384
8:279989-280860	0.236499042998596	5.81957756318348	2.30198997809616	0.031864248079763	0.0969274610871103	-4.51558603029221
3:457721-458076	0.236366841102288	4.95156514020394	2.85174363594211	0.00966074010032049	0.0441239517235046	-3.40700744199169
15:194576-194940	0.236328624473763	5.03512716948027	2.2260589100491	0.0372981763442564	0.106370962776195	-4.6583774652325
16:71002-71260	0.236290252534099	4.37230384890824	1.95404837288453	0.0643859566757838	0.15052689736196	-5.14480337380637
3:199912-200968	0.236215621192288	6.547336318342	2.61128549174534	0.0164523474008533	0.0636341235252646	-3.90657491693105
5:534221-534865	0.236118627450167	5.88650439023385	2.54030639240752	0.0191966358551662	0.070256861886937	-4.04994069616611
4:441648-442241	0.236019337207893	5.73701584589687	2.35254190362797	0.0286609085834222	0.0909831395882252	-4.41896455208666
7:62684-62918	0.235991643451281	4.46514229788254	2.64741237689577	0.0152017989328749	0.0600558270287272	-3.83284837347388
7:23126-23496	0.235862721079318	5.28224028027335	2.38333076179659	0.02685848803971	0.0872341567959105	-4.35952833606607
15:237454-238442	0.235836575393823	6.44740115423994	2.78518637020962	0.011210367654458	0.048489180447602	-3.54729169150739
2:473444-475211	-0.235652380323536	9.1055046347867	-2.2258967601944	0.0373106370774409	0.106370962776195	-4.65867930634673
2:1054480-1055882	0.235635478137979	8.88885773010426	1.94920115278344	0.0649974466152849	0.151367622814784	-5.15308936309723
3:801009-802101	0.23558758903661	6.69604571822013	2.51045851920723	0.0204743729864854	0.0729644056429211	-4.10961924552669
10:48740-48950	0.235566815658566	4.40959964335976	1.98564086290636	0.0605239648260015	0.144369153721601	-5.09045497294371
12:16200-16446	0.235309178160301	4.28670701907537	1.67762223124395	0.108506952243585	0.21614468991646	-5.5936588009091
9:583019-584118	0.234972316576658	7.78941869726937	2.47597588878092	0.0220494611492565	0.0760349677227059	-4.17810030432564
5:819506-819827	0.23496085977601	4.89213438130563	2.29154597499316	0.0325658460975862	0.0978943768521127	-4.53539514989923
1:270444-270957	0.234892484962862	5.18701507340435	2.04120397841662	0.0542294110514383	0.134081174676247	-4.9934512038158
6:379030-379791	0.234653702832873	5.79892263532758	2.73245269566222	0.012603500202069	0.0530698653851935	-3.65738542662476
18:75623-76185	0.23440652891312	5.55793906790384	2.21887749470105	0.0378537055840524	0.107624645082438	-4.67173278798991
8:230853-231125	0.234394320107315	4.68463192808204	2.13946848658343	0.0445192268855519	0.118895023591725	-4.81762557376435
5:340623-340853	-0.234279082395164	4.47501239824708	-1.96969242086784	0.0624470562543677	0.147656113996064	-5.11796509377174
11:46470-47115	0.234224205489392	5.93207693760795	2.38783164711307	0.0266039731780424	0.0867293400909816	-4.35080302398894
9:543681-544029	0.234081104502465	4.73474699844063	2.04666538728282	0.0536434814955516	0.133247955577777	-4.98382058816185
1:703998-704405	0.234064723141746	4.99752052257688	2.40454171418641	0.0256784903047631	0.0853280791418856	-4.31832858529249
8:121900-122800	0.233869084033212	6.25012548260353	2.53560114852456	0.0193929699020143	0.0704569263647858	-4.05937287341729
1:121111-121423	0.233791373129524	4.61787596571843	1.98602896634274	0.0604778303292395	0.144369153721601	-5.08978364582354
13:429501-429806	0.233757966122022	4.54082291725799	2.10127225334574	0.0480899098264755	0.125033880949433	-4.886604220895
2:1066218-1066664	0.233621156580846	5.40895558545518	2.34250641862289	0.0292721494921591	0.0921393397516906	-4.43824212333498
12:366070-366768	0.233591359598085	5.88785275937265	2.44071573483427	0.0237764829734757	0.0806850172776932	-4.24759807211962
14:165816-166575	0.233452407890911	6.03523794673071	2.55124247407563	0.0187474886991542	0.0693745286490089	-4.02798319752292
5:490487-491373	0.233436471495209	5.93263800326099	2.36955973007411	0.0276512848834065	0.0888741980721835	-4.38616678944964
12:56048-56358	0.233334807627059	4.64814533525234	2.28955528488806	0.0327011757713348	0.0981035273140045	-4.53916486536203
1:371508-372376	0.233134016082576	6.26124469658002	2.85937752848783	0.00949669157061579	0.0435078725384609	-3.39082578978358
5:171071-172110	0.232681306445965	6.38290734479935	2.80690713109007	0.0106802887204999	0.0468217162712611	-3.50167012786955
1:472077-472658	0.232643829579053	5.61904777253443	2.57237828515162	0.0179072562208438	0.067566515766037	-3.98540952299149
1:759893-760311	0.232626051751216	5.13014269799166	2.34175528002131	0.02931838066558	0.0921690333357559	-4.43968311164693
8:490376-491591	0.232596420419936	8.7323100727064	2.04131332555328	0.0542176236791163	0.134081174676247	-4.99325854835222
13:196347-196689	0.232578455510751	5.00898414342952	1.7765321190812	0.0903952138826751	0.191123749333422	-5.43875804545744
5:11741-12563	-0.232375129642994	8.88978570968098	-2.18944092206152	0.040210596270426	0.11199914679927	-4.72619935263753
5:17115-17545	0.232323160827757	5.04493006083537	2.38947438347488	0.0265116383212984	0.0864913215205041	-4.34761614767618
4:633874-634356	0.232263638164139	5.22233266231112	2.56403548413706	0.0182345987462279	0.0681144639332566	-4.00223581400035
5:742519-744590	-0.23191976763891	9.05791550141542	-2.52369884179822	0.019898048908294	0.0716773550759042	-4.08319171633592
16:111447-111758	0.231684040791817	4.47031690180514	2.2589289407257	0.0348493508817526	0.102084878630055	-4.59691577497945
16:112054-112322	0.231607079392622	4.71541053398614	2.48516869579	0.0216188382145031	0.0752456608461244	-4.15989310018573
18:172013-172384	0.231534626383124	5.02060265580548	2.393407990569	0.026291744420596	0.0863275910025579	-4.33998002763746
14:234198-234450	-0.231518664682431	4.7312168468052	-2.04207429223046	0.0541356567391634	0.134021681175053	-4.99191763509901
5:706314-706683	0.231472000241875	4.95496545188692	2.07611123729916	0.0505811085886072	0.129103032177229	-4.93160529767722
7:125072-126297	0.231439862280485	8.58694690389777	2.0153626726471	0.0570802163894918	0.139384096322622	-5.03878813474817
9:247877-248143	0.230970292058131	4.66772996712576	1.98102335295425	0.0610752625955643	0.14502539807838	-5.09843536435526
3:916110-916765	0.230965770198138	5.65557788936752	2.78787119752925	0.0111435135751891	0.0483317507389017	-3.54166110815371
3:580512-580742	0.230850535695406	4.34395532349581	2.21626014058294	0.0380580461534694	0.108020174117266	-4.67659374906103
2:486335-487145	-0.230823907576896	9.32129662796287	-2.07539633146017	0.0506535579783612	0.129123582118971	-4.93287878413418
2:526696-528701	-0.230687993548248	10.5667682951867	-1.94236125411799	0.0658690649799964	0.152761624274852	-5.16475767360462
14:379501-380150	0.230596776308826	5.72029736169791	2.30497990557638	0.0316659689238019	0.0966827264003666	-4.50990530196006
1:233591-234233	-0.230575992892405	8.73545824742529	-2.0054816112638	0.0582051922182082	0.140977511022024	-5.05602201318065
8:316723-317498	0.230547043907788	6.05342268078823	2.43653119675156	0.0239896011433222	0.0812234907091605	-4.2558097615134
10:380899-381255	0.230459201248158	4.72176696040432	1.95035022972594	0.0648520241849714	0.151107579516883	-5.15112637039479
8:641302-642412	-0.230449908123315	8.9799379614018	-2.44862895758455	0.023378273347306	0.0797569752305959	-4.23204821763009
3:759450-760220	0.230368584473347	5.98200603681086	2.33612610342204	0.0296669973105796	0.0925362229701424	-4.45047368086499
15:35506-36941	0.230236257610003	6.31201314148692	2.46594341887525	0.0225285459604316	0.0773889268755884	-4.19792917154312
2:1027517-1028268	0.230232827456955	5.97359759074434	2.65496067132248	0.0149521049467642	0.0595180560602457	-3.8173815186261
9:182650-183032	0.230139793510629	5.11335717105551	2.2610863800062	0.0346938889617986	0.101840923629656	-4.59286276270931
8:202616-203138	0.230006664426807	5.3775627916578	2.20243372542501	0.0391542924671744	0.110084555956704	-4.70221387842199
1:979443-979908	0.229949458580988	5.3449996765243	2.32185823952066	0.0305678145611075	0.0945553130445869	-4.47775646194165
5:767414-768247	0.22988631718872	5.81323281967205	2.24717872860134	0.0357073153088361	0.103715294955253	-4.61894919470701
8:665099-666490	0.229820123556403	6.71874251502219	2.73080381305959	0.0126496089273288	0.0531639901959846	-3.66081230582403
16:442630-444635	0.229791797115521	10.2758012549175	2.04874117722522	0.0534222717041009	0.133139247298194	-4.98015570462144
3:369734-370122	0.229688722217651	5.17109018555968	2.37528842488627	0.0273188886254321	0.0881610277486908	-4.37509590269615
1:834343-835205	0.229607646206417	6.23699151646239	2.64074859169907	0.0154255028872522	0.0606185697307648	-3.84648499275754
16:41727-42147	0.229606732109417	5.09673395905722	2.79080742443603	0.0110708344444614	0.0481097621101062	-3.53550052297413
14:444893-446036	0.229518700445391	6.53236601337753	2.52576255389282	0.0198096003324642	0.0715487797030264	-4.07906601408673
7:468237-468588	0.229483537470816	5.22935373565723	2.68730042026669	0.0139255664456312	0.0566643958278594	-3.75087578229951
17:86941-87219	0.229429005763017	4.61287103848291	2.26828249214654	0.0341799330362098	0.101049788817751	-4.57932726908073
3:54541-55600	0.229080798771305	6.36117252136814	2.1788770399631	0.04108847906938	0.113806950689694	-4.74563612350373
9:496227-496616	0.228969963237518	5.18215791527631	2.20370972807409	0.039051930052186	0.10999346566136	-4.69985358867238
1:429509-429853	0.22891203841554	4.86609344981154	2.30248116560219	0.0318315964090288	0.0969274610871103	-4.51465309288935
4:433039-433983	0.228860074901526	6.04935011156423	2.74993450895894	0.0121243656224122	0.0515108377998302	-3.62099436354038
10:323325-323778	0.228684303253021	5.19507280836922	2.80722132123219	0.0106727994243942	0.0468217162712611	-3.50100906303371
10:132311-132830	0.228633753127359	5.45664455665985	2.07405232934085	0.0507900133675426	0.129315187618385	-4.93527212851107
9:29615-29840	0.228584811467546	4.60185851220632	2.24466192879897	0.0358935808583884	0.103919578216136	-4.62365958055604
7:131837-132115	0.228582596233995	4.58787266023573	2.49423944243267	0.0212016431928816	0.0746644806698175	-4.14189236059474
2:280761-281100	0.228463954985545	5.26582712976421	2.516212851866	0.020222004827481	0.0724109548862439	-4.09814262916811
2:126936-127231	0.228231366543907	5.01819535832704	2.08743461681733	0.0494459477576763	0.127122379186306	-4.9113965928957
7:3855-4084	-0.228187519972371	4.70746896785615	-2.20137326730406	0.0392395496575401	0.110154957340939	-4.7041748241004
4:100719-101802	0.228051741828969	6.37629922651056	2.70481954536562	0.0133977075436104	0.0552701741614746	-3.71468825780005
5:293307-294870	0.228020571668877	6.97664226200471	2.69276837011695	0.0137587353399433	0.0564344937655496	-3.73959312422585
5:152000-152306	0.227865516055324	4.67081379872078	2.24497578421595	0.0358703043327237	0.103919405950337	-4.62307234951758
14:390114-390454	0.227857827592033	5.22197889662387	2.59454558800231	0.0170641277874128	0.0653370709807181	-3.9405665833849
17:166747-167174	0.227739821458803	5.384753390711	2.54034152227834	0.0191951770387348	0.070256861886937	-4.04987024039584
9:174706-174953	0.227657308915158	4.67657716385801	2.12289648682378	0.0460378884142806	0.12144400435791	-4.84765034220409
10:188872-189378	0.227630738898872	5.51670129756648	2.27423782718698	0.0337598862948787	0.100471576499918	-4.56810621757561
5:424092-424822	0.227628273237102	5.90732948953662	2.45997381244624	0.0228182045683333	0.0781440578790053	-4.20970730157444
1:836242-836517	0.227617043148759	4.56691105995791	1.84876543883719	0.0788750106911031	0.174774528640286	-5.32154378144926
5:513737-513947	0.22748314804759	4.19932447499305	2.07481423497222	0.0507126172195473	0.129191619052188	-4.93391548183734
11:303901-304717	0.227397586751244	5.73610296890892	2.51713504599061	0.0201818318611491	0.0724109548862439	-4.09630209373731
15:98140-99170	-0.227106220966698	8.97069466585908	-2.39428976711214	0.0262426845405915	0.0863058457043993	-4.33826731142607
12:182245-182651	0.227073111283991	5.19399848999466	2.48674484863876	0.0215457992466653	0.0751643866007858	-4.15676776171756
1:1049981-1051165	0.226930785959873	6.50351130710557	2.5057891890062	0.0206813191429879	0.0733514932519921	-4.11892172643046
5:135181-135353	0.226768773849603	4.1837022576595	1.882241937443	0.0739852433943605	0.16649469554206	-5.26609026166827
1:717114-717632	0.226699086126548	5.41186846618284	2.53673310480974	0.0193455659088788	0.0703417977320401	-4.05710457175257
2:123117-123335	-0.226332136493246	4.57065667665003	-2.15235672661036	0.043369662906975	0.1171530544186	-4.79417286804447
4:792037-792706	0.226306253156474	6.02214843603924	2.44576676881133	0.0235215820949188	0.0800019767909243	-4.23767572298855
5:745815-746838	0.226284356991894	6.28364561140161	2.41710658193497	0.0250023676539342	0.08373878830083	-4.29382686713313
4:296540-297328	0.226269763788847	5.77068598931204	1.9027852268321	0.0711180383702923	0.161340263429006	-5.23171378103768
7:147436-148242	0.226262260354175	5.96470862777274	2.57097100612441	0.0179620829339055	0.0675702936005606	-3.98824976558746
3:67207-68042	0.226243434601357	6.11750690530633	2.43336149387278	0.0241522156326165	0.0815889186200691	-4.26202480879134
17:224205-225370	0.226036896860643	7.80209097741037	2.11577168056671	0.0467050858665979	0.122611122779409	-4.8605131661488
15:276415-276650	0.225706529925909	4.72663688156138	1.98283202290344	0.0608587905141081	0.144664867945378	-5.09531095742572
12:416648-417500	0.225581541611916	6.08863625083163	2.43910770756772	0.0238581703286062	0.0809008866597282	-4.25075455884128
18:196053-196450	0.225549345881345	5.10677584742951	1.97431361424169	0.0618843149899685	0.146713026427489	-5.110009294397
9:230713-231613	0.225456225443149	5.99016633751544	2.39313129033713	0.0263071568649439	0.0863275910025579	-4.34051740267355
1:279962-280766	0.225413287032038	5.94343665743126	2.16802570703568	0.0420083615260331	0.115420642452456	-4.76554085737493
9:422364-422694	0.225404099280618	4.92078161593123	2.30329701560229	0.0317774308372588	0.0968908586018871	-4.51310324948649
11:222710-223099	0.225312494380764	4.65381072626287	1.53684753331443	0.139526231648219	0.260216422023929	-5.80237185704262
7:574721-575242	0.225237896535819	5.4511823929358	2.26226087664192	0.0346095239204528	0.101840923629656	-4.59065535438881
9:66846-67291	0.22486551831703	5.43614882425172	2.28115823017535	0.0332777246124997	0.099234573861125	-4.55504481857854
9:498332-498702	0.224784400857419	5.16135529644542	2.17590001789946	0.0413390053250107	0.11414767910842	-4.75110307517791
1:151564-151879	0.224719775020027	5.15691254757153	2.12419545916295	0.0459171796723768	0.121253862072896	-4.8453022590465
20:154577-157040	0.224455461944457	7.92098818897289	1.98519357891957	0.0605771730441734	0.144369153721601	-5.09122855843715
3:438015-438303	0.224383072442018	4.90173621901282	2.17018859020221	0.0418235315039718	0.115262625981177	-4.76157840081734
2:141450-142107	-0.224329998364411	8.90616373117587	-2.1481691588396	0.0437401869007577	0.117869401907159	-4.80180272258937
13:22828-23416	-0.224318832248698	6.30606614324376	-2.04816264389434	0.0534838416745302	0.133144424546828	-4.98117737243494
11:288457-288870	0.224318404248426	5.29229665201029	2.5131917334777	0.0203541368871109	0.0725937184914013	-4.10416976255655
10:365249-366649	0.224127365361173	6.73442601269318	2.53322463127777	0.0194928480815404	0.0707274335366041	-4.06413341117511
9:651906-652814	0.224099211490857	6.25249682676218	2.46020783957698	0.022806783958166	0.0781440578790053	-4.20924585300355
3:722797-724401	0.223980240871011	6.92956889521602	2.71449594544356	0.0131143433866843	0.0545167547230062	-3.69465325021189
2:291204-291747	0.223836599083977	6.15445393086325	2.33876208853188	0.0295032763273175	0.0923567554865131	-4.44542262372093
3:810511-811298	0.223627181267809	6.12839951979947	2.44621334187555	0.0234991686093903	0.0799971749762345	-4.2367979275691
12:403553-404454	0.223603376576606	6.19041739026019	2.62182549256956	0.0160778182437414	0.0624915047416337	-3.88511684549545
7:462139-462802	0.223536416149008	5.71634582922303	2.44140426140831	0.0237415856744504	0.0806277219111078	-4.24624617690877
13:298554-299481	0.223487572596736	6.05645158353795	2.64153938865826	0.0153987940806764	0.0606073174888199	-3.84486760118261
14:315925-316599	0.223257626593045	5.42356785012685	2.46436713016429	0.0226046960009217	0.0775909657209551	-4.20104071317268
3:402812-403565	0.223146503009183	5.76072204294182	2.48278716405897	0.0217296372998425	0.0754552804919279	-4.16461340878761
14:53465-54620	0.222964373966358	6.24570442442787	2.68193365354735	0.0140911721823363	0.0569489415370757	-3.76193905150576
1:261372-262176	0.222898740037051	5.51733607654145	1.98468582678145	0.0606376248875359	0.144369153721601	-5.092106581896
5:440971-441453	0.222879652403113	5.41234887773919	2.33149179308645	0.0299568684241122	0.093180641463743	-4.45934594145785
3:144815-145717	0.222790077685953	6.01781102721956	2.50990383674478	0.0204988548701526	0.0729935357190161	-4.11072479039124
3:515098-515315	0.222777893294242	4.15649257587788	1.94757705184883	0.065203478580357	0.151716136720152	-5.15586249616161
14:241482-241589	-0.222610814208467	3.24238188915909	-2.15633914486569	0.0430199337039719	0.116701347429684	-4.78690812861228
9:179969-180778	0.222599309437046	6.08442105714018	2.34753506499721	0.0289643755332333	0.0916310468819731	-4.42858830205849
13:502110-503008	0.222545469767227	6.0793578510981	2.63968701705218	0.0154614258713855	0.0606532359336734	-3.84865582496103
2:240535-241472	0.222445535947484	6.45247107385582	2.56608615856094	0.0181536202409965	0.067939468393562	-3.99810246847157
13:170436-170682	0.22236915037266	4.67030334414146	2.13987168969543	0.0444828490395153	0.118868795403505	-4.81689321462438
6:717679-717938	0.222319419502395	4.5311311124953	2.74973723629171	0.012129674495313	0.0515108377998302	-3.62140561046107
10:258902-259168	0.222309842799077	4.47172022290862	2.22143804045201	0.0376547698288726	0.107147329786417	-4.66697394295953
4:88044-88409	0.222302483436901	5.19735962964867	2.00081534868922	0.0587432963469015	0.141846456382674	-5.06414085885111
2:65355-65576	0.222208344404461	4.62599650497645	1.7197439223955	0.100446688518245	0.204642411382641	-5.52850171391747
6:43632-44052	0.222161264427386	4.94262765562196	1.78983511473805	0.08817015685701	0.187392982949657	-5.41742556698717
8:623457-623710	0.222152413915933	4.57690274100321	2.37737224971978	0.0271988991912297	0.0878371376478673	-4.37106509187896
14:424868-425322	0.22194940614699	5.42181537762351	2.48968485258584	0.0214101750340245	0.0749649097044528	-4.15093523199814
11:10245-11294	0.221931881928147	7.59682505435715	2.22464360335447	0.0374070667859571	0.106577995502192	-4.66101159993089
13:124918-125208	0.221676747794567	4.86891818374345	2.07911331110735	0.0502778911983	0.128655389703214	-4.92625448592346
1:33259-33860	0.221503218094441	5.43458087565808	2.46140344862144	0.0227485209086513	0.0780248119441556	-4.20688801174204
3:738322-740003	-0.220952763386743	9.78218436913725	-2.1459096443569	0.0439413026688976	0.118126889336928	-4.80591572394992
3:517562-518450	0.220780115695686	6.12789459809117	2.36734047104598	0.0277810559764465	0.0892023002514882	-4.39045150386751
18:342859-343213	0.220777182433372	4.78408438689811	2.15202578675468	0.0433988411978183	0.117161165983978	-4.79477618934616
3:616030-616801	0.220752489333544	5.90817462778699	2.61567229327579	0.0162954780798874	0.0630956400394255	-3.89764916785829
6:638266-638568	0.220704639433016	4.80259944267344	1.60549261969931	0.123584123806492	0.237408814660025	-5.70236961576062
1:346206-347088	0.220583845457914	6.10274061005804	2.35612576062134	0.0284454965066642	0.09049301400588	-4.4120687405298
6:685859-686572	0.220513321084075	5.52204785975903	2.49251670242492	0.0212802946102725	0.074823722447431	-4.14531379382309
3:296348-297138	0.220501900349431	5.81444204709474	2.42588023451299	0.0245400997653146	0.082649726523362	-4.27667617567182
11:449371-449653	0.220475544519513	4.57871068714769	2.28156429414957	0.0332496304741444	0.099234573861125	-4.55427769216524
7:358919-359228	0.220427216467943	4.86080724386939	2.0662488640712	0.0515888417669666	0.130533265851864	-4.94914824289423
12:522137-522458	0.220424243546523	4.60083290208416	2.10096725471886	0.0481194335714967	0.125033880949433	-4.88715181375084
13:81219-82337	0.220315591644467	6.383549001988	2.48314550227869	0.0217129320393852	0.0754552804919279	-4.1639033200638
8:389766-390122	0.220186310321067	4.89327459239602	2.40883891481266	0.0254453682475663	0.0846791585695959	-4.30995695205438
5:185364-185663	0.220137462813105	4.43680785506969	2.39176736388107	0.0263832512634744	0.0864913215205041	-4.34316575302498
11:471072-472399	-0.220079037483584	9.5317258737681	-2.11011066225256	0.0472414211551852	0.123728847917267	-4.87071360425329
8:488963-489512	0.22006392533867	5.32503731320756	2.19739662177048	0.0395607670875964	0.110671245927551	-4.71152305612961
1:497786-499514	0.219995962976542	8.33379517143124	2.28290596554131	0.0331569597583202	0.0990724645382118	-4.55174246320214
2:563094-564092	0.219902244875303	6.46137667121595	2.52487633881822	0.0198475373796576	0.0715854772855339	-4.08083792066051
1:144238-145422	0.219777715443544	6.46062134267946	2.5803493481365	0.0175996660998261	0.0667594114091709	-3.96930701992399
9:360988-361607	0.219771097956481	5.522341392854	2.25164031984698	0.0353792911862436	0.103242131329657	-4.61059117063448
12:417797-418097	0.219430286008437	4.9134941656903	2.29510242372903	0.0323253548385718	0.0976730954402003	-4.52865559300787
14:523772-523979	0.219267222044537	4.40926642872584	2.20804051268072	0.038706325941619	0.109512967708399	-4.69183644428955
11:504551-505968	0.219225404976969	6.76628416220357	2.33706220665489	0.0296087601861104	0.0925362229701424	-4.44868030220281
17:176149-176549	-0.219180639840852	5.43782309222751	-1.88657862406283	0.0733716628165097	0.16536332465594	-5.25885519839436
5:141995-142279	0.218972464188042	4.5589532346574	1.79064509457968	0.0880362237342515	0.187197214933259	-5.41612294727987
10:414861-415902	0.21896571619526	6.22422409333665	2.43579253563172	0.0240274051931866	0.0812899967080146	-4.25725850001403
5:796430-796661	0.218931604526531	4.41035417977575	1.85966741218474	0.0772524520877269	0.171945288684568	-5.30356224374778
4:451793-452602	-0.218798099926795	9.47276244748974	-1.9042593166364	0.0709161106991237	0.161045414251282	-5.22923704768622
17:122221-123004	0.21871877805008	6.14181612311373	2.28021838997968	0.0333428324849041	0.0993625287632696	-4.55682003185312
12:129654-129978	0.218667465754067	4.86912685746635	1.96155063261377	0.0634495748987298	0.149038604461291	-5.13195103065893
15:84395-85274	0.21863761830902	6.12300463166451	2.13171125309664	0.0452243653676981	0.119919584944204	-4.83169841416042
7:467361-467788	0.218617826043451	5.0348326248106	2.0489447964001	0.0534006168094536	0.133139247298194	-4.97979607572337
7:39592-39973	0.218604866692097	5.0139082028955	2.02427410469253	0.0560823269415078	0.137547668706953	-5.0231969533613
1:108183-108476	0.218598858288585	4.50536035401419	1.96142942434362	0.0634646068148395	0.149038604461291	-5.13215894344662
5:737022-737510	0.218432177701423	5.21138015887395	2.48736000171206	0.0215173556261595	0.0751643866007858	-4.15554769369248
1:334004-334230	0.218402681132269	4.29952646440425	1.71173152356572	0.101939260722971	0.206648610052545	-5.54098931006884
12:233008-233427	0.218324990248558	5.1752839939251	2.26133192179938	0.0346762359270377	0.101840923629656	-4.59240133576611
7:731011-731385	0.218255377812038	4.89002937455283	2.35769917557093	0.0283513980789265	0.0903852263541845	-4.40903938906128
13:225068-225813	0.218186110517895	5.7830549169226	2.08690879617838	0.0494981488891449	0.127133584254568	-4.91233659709882
19:86728-87490	0.217931952518448	5.79405692395861	1.98576320022602	0.0605094190086948	0.144369153721601	-5.09024336789401
10:588068-588878	0.217885840822993	6.12904376280619	1.87023349425796	0.0757078211634101	0.169180333263816	-5.28606315163566
6:80308-81229	0.217811020399267	6.25407232699084	2.42948540202295	0.0243524635000119	0.082079538122028	-4.26961888058069
18:71321-71683	0.217660279822357	5.01339186432419	2.30726156375015	0.0315154237061322	0.0964863450811543	-4.50556734743617
8:132911-133168	0.217655548256125	4.70726285580432	2.29753651398978	0.0321617012153173	0.0976667701955646	-4.52403938598314
5:713079-713347	0.217561212942385	4.63393073980462	2.2153888172542	0.0381262946545982	0.108076817526271	-4.67821119646704
10:226284-226649	0.2174996825813	5.0274873070868	2.29504111592452	0.0323294866762393	0.0976730954402003	-4.52877182493855
11:279463-279989	0.217483249713037	5.57075381481567	2.23900016342822	0.0363158561722727	0.104600883029017	-4.63424436539934
2:338035-338604	0.217465521799385	5.90539817949089	1.95392840208843	0.0644010295907402	0.15052689736196	-5.1450086257138
8:419651-419883	0.217445427458951	4.43890894984217	2.33197216956501	0.0299267004581635	0.0931515377265229	-4.45842674679524
4:247759-248020	0.217396875116338	4.41081460353283	1.69159082620547	0.105775030505381	0.21230898499645	-5.57218593396125
1:789456-790373	0.217282207611807	6.12445761017702	2.55726463012656	0.0185043873562759	0.0688492417345725	-4.01587115616235
12:379396-381049	0.216939070809913	6.9952968087445	2.39490745388123	0.0262083685469485	0.0862563658942215	-4.33706733873546
13:66763-67249	0.216807334158626	5.38260725180664	2.39631174998411	0.0261305067614088	0.0861499879130447	-4.33433858456418
1:548913-549311	0.216788577223105	5.50754263349626	2.20685507003176	0.0388006480417011	0.10963874840595	-4.69403189534748
2:1000727-1001424	0.216748320623423	5.6004284748718	2.15030758854159	0.0435506175239484	0.117500038599875	-4.79790761896335
4:831500-832352	0.216562147960924	6.09877791937896	2.5254872614849	0.0198213777550833	0.0715487797030264	-4.07961647103661
12:309135-309542	0.216259344998348	5.00803744502625	2.09270747813106	0.0489252162472245	0.126145891660471	-4.90196188157047
17:26045-27553	-0.216233234339706	9.37757642744726	-2.01592754850181	0.0570164947947005	0.139304492740764	-5.03780120613422
11:245396-245980	0.216225383910637	5.72565715536993	2.2051737855737	0.0389347822131355	0.109830715771528	-4.69714440863721
14:4919-5346	0.21606757352896	5.13230957210263	2.19307837498907	0.0399122891129638	0.111237488212718	-4.71949323301075
17:62440-62789	0.216009897469992	4.64207983011373	1.80997954885238	0.084891098308823	0.182305067872886	-5.38490204573471
7:502461-502811	0.215972184605881	5.12401296498513	2.08939467388514	0.0492517985325325	0.126768861547795	-4.90789126804226
6:720705-720978	0.21593886254683	4.7588540854183	1.98423140706877	0.0606917725877239	0.144421251516561	-5.09289225222974
15:326069-326958	0.215914550538455	6.07474292030341	2.43137865068611	0.0242544617457422	0.08187252697884	-4.26591044303137
4:37482-38138	0.215829373595894	5.68334938814996	2.10620197908174	0.0476149750678565	0.12448868481526	-4.87774632830646
5:516836-517199	0.215807201700748	5.05057849292522	2.25185058221781	0.0353639006242499	0.103242131329657	-4.61019703419922
8:206485-207953	0.215760835737852	8.35722852758688	2.05446990073128	0.0528160181165045	0.13261264401865	-4.9700287545925
5:434369-435195	0.215697847343489	6.01864878796101	2.47611859367393	0.0220427155987044	0.0760349677227059	-4.17781794040033
3:830268-830587	0.215590185841001	5.02258669830275	2.17758356937682	0.0411971588244342	0.113946909061858	-4.74801200184775
5:167868-168487	0.215298648072701	5.45990148016071	2.34583213204541	0.0290682657823492	0.0916910201844928	-4.43185886524059
10:484643-485375	0.215283506777102	5.82852050909055	2.36431735779728	0.0279587392230757	0.0894519776715418	-4.39628454578117
4:191366-192254	0.215172316868012	6.11487526958432	2.3780231393583	0.027161520239465	0.0878371376478673	-4.36980564519888
2:82945-84545	0.215150367294172	7.00364411029974	2.56703838589801	0.018116132987564	0.067855908997771	-3.99618258257736
12:198695-199786	0.21508288936394	7.48465159389518	2.0677555463089	0.0514337313546732	0.130533265851864	-4.94647172147756
4:309294-309762	0.215022979586532	5.18014344028765	2.23483500797803	0.0366294046744847	0.105233129218866	-4.64202088439079
18:310612-311499	0.214901181471597	5.95774329802408	2.04540219664274	0.053778496825382	0.133432678376059	-4.98604959961665
7:200648-201370	0.214888834845834	6.02003012357928	2.23583962242364	0.0365535526489521	0.105082660023577	-4.64014602965014
10:104274-105367	0.214842568206423	6.48768524172602	2.34539817710261	0.0290947948964627	0.0917100718003995	-4.43269207834789
5:739007-739593	0.214798528696931	5.47732360755846	2.32127738225971	0.0306050163463879	0.0946050090928399	-4.47886511409641
6:523425-523928	0.214798226236891	5.21472564231261	1.70012769830646	0.104134427844477	0.210146843567122	-5.55899676172447
1:923637-924029	0.214761113283197	5.17947735445094	2.10047022754002	0.0481675806261265	0.125035679542339	-4.88804406396193
9:570461-571330	0.2147235275015	6.05480878556245	2.27317726396962	0.0338343424430568	0.100559440089722	-4.57010581433922
13:454267-454804	0.214711782687343	5.7101022650461	2.13569691836939	0.0448608125627517	0.119522022042188	-4.82447183936916
6:509387-509769	0.214610300494821	5.10467684141416	2.05764279384847	0.0524829024972459	0.132048044731688	-4.96441188179701
13:515614-515861	0.214519636487819	4.54088503540341	1.89218702259908	0.0725847812513892	0.163806232494743	-5.24948114813259
11:129305-129615	0.214421032169935	5.13614917383799	2.06648184734662	0.0515648290975353	0.130533265851864	-4.948734446814
1:162657-164303	0.21441270216465	6.89441349042159	2.53709021901404	0.0193306332615885	0.0703417977320401	-4.05638884960285
9:544472-544695	0.214324794308919	4.31944398985345	1.77255010351759	0.091070609765494	0.192098043972833	-5.44512090398359
7:491112-491360	0.214285281359199	4.48930570833697	2.04377452482642	0.0539529184384463	0.133706892400709	-4.98892043237666
7:426126-426327	0.214254453881844	4.61341598731286	2.0198981464471	0.0565703758467946	0.138365575021996	-5.03085872989134
2:864206-865592	0.214201517395294	9.07167866950622	2.05437686619862	0.0528258141834794	0.13261264401865	-4.97019336482036
5:449312-450317	0.214159649515236	6.4040704679481	2.54937366435969	0.0188235358930742	0.0695077477071837	-4.03173884717028
15:261261-262253	0.2140944502811	6.16206095014599	2.48101857264435	0.021812262675853	0.0756828417473096	-4.16811727480691
10:128891-129793	0.213971748207006	5.84502891056823	2.20118712999768	0.0392545319004884	0.110154957340939	-4.70451895985909
5:158193-158442	0.21390885911593	4.49868445721304	2.33622567155559	0.0296607979289742	0.0925362229701424	-4.45028294877545
18:289053-290097	0.21377248621717	7.9571035290776	1.78796018698767	0.0884808597942778	0.187874918614415	-5.42043920169577
17:297508-297729	0.213737586222245	4.62155893797734	1.98199386006078	0.0609590217185144	0.144826210834432	-5.09675909102772
10:199114-199510	0.213705363977868	5.29793458354711	1.96849268955269	0.0625938932796213	0.147847106237248	-5.12002846619354
6:305588-306664	0.213585375299995	6.29263697130187	2.34620741397341	0.0290453415624832	0.0916833207571755	-4.4311382356038
6:312855-313238	0.213578590461641	5.23551394622673	2.05613464343092	0.0526410043643298	0.132331975594414	-4.96708242235753
2:986436-987304	0.213576012773331	7.38960129273922	2.29727373178824	0.0321793323526001	0.0976667701955646	-4.52453788616329
9:643016-643774	0.213568008742623	6.00754644581679	2.01359492639267	0.0572800404794135	0.139754609659058	-5.04187547727697
3:358194-358858	0.213518265016876	5.98408178721832	2.19436517887276	0.0398072419110961	0.111083051617248	-4.71711919475928
2:589024-589455	0.213275660704541	5.27374543265376	1.95313572951328	0.0645006981415639	0.150651928619185	-5.14636455193676
8:186274-186678	0.213247609673922	4.86263312924189	1.77593154422311	0.0904968004771619	0.191248195909243	-5.43971837297566
13:509579-509958	0.213076378913454	5.01537527935881	2.25489128901752	0.035142014657216	0.10280761935013	-4.60449476301197
3:495884-496556	0.21304888271974	5.71696383278201	2.14014906019213	0.0444578397114771	0.118868795403505	-4.81638936121387
9:430378-430616	-0.213026211781315	4.53420892847423	-2.31839423498311	0.0307902897261204	0.0949809350889835	-4.48436564021333
4:369215-369739	0.212941828689998	5.67187947712127	2.00044852055067	0.0587857856545713	0.141846456382674	-5.06477856607752
1:948240-949715	0.212602654057574	6.75279611817127	2.39583711107468	0.0261567992792287	0.0861499879130447	-4.33526097806461
15:472246-472646	0.212466786040881	5.10591815437451	2.34748596337647	0.0289673662506684	0.0916310468819731	-4.42868262310999
6:677463-678016	0.212433098835873	5.36685933197319	2.53909630372531	0.0192469499829282	0.0703259984682341	-4.05236731774659
2:391696-392098	0.212417037949972	5.26749878117403	1.87811844426838	0.0745728314760818	0.167228453750973	-5.27295877279871
5:413338-414255	0.212399127971815	6.00880225172105	2.26836397935181	0.0341741533038452	0.101049788817751	-4.5791738490823
14:190339-191944	0.212385437613917	6.822251850585	2.51767089682217	0.020158523261916	0.0724109548862439	-4.09523246823284
16:510439-510853	0.212200432391159	4.79574841964531	2.05216702132087	0.053058979326362	0.132751252914922	-4.97410190394654
7:408036-408962	0.212199783644111	6.03004882237408	2.30755242548904	0.0314962798843648	0.0964863450811543	-4.5050141721188
18:177868-178345	0.212118984844229	5.58229396019473	2.29317758530884	0.032455311211756	0.0977940622521837	-4.53230397329311
10:259515-259886	0.212093956289461	5.01540143395939	1.93708278626906	0.0665487613109238	0.153780204247648	-5.17374302423855
9:442969-443506	0.212084297287367	5.74047592239864	2.39136831175126	0.0264055532174632	0.0864913215205041	-4.3439404366051
2:902489-902814	0.212077068331113	4.76168430109891	2.20509198039746	0.0389413194659103	0.109830715771528	-4.69729581501895
5:551551-552560	0.212042959458032	6.29340274326345	2.29024008837916	0.0326545637391347	0.0980853141222155	-4.53786828984106
11:14219-15004	0.21201248310205	5.79476662762831	2.26762154205755	0.0342268461074027	0.101054988902859	-4.5805715510786
7:265477-266120	0.211922679081749	5.57627915036926	2.50496709456262	0.0207179566113942	0.0734232571596202	-4.12055859921503
1:794528-795381	-0.21175694389839	9.23418246562747	-1.89202371823312	0.0726075883086617	0.163806232494743	-5.24975437604784
4:517278-518410	-0.211639283876456	8.60743933851741	-1.5314628878921	0.140845713678898	0.262170090245616	-5.8100704282597
15:153837-154746	0.211487179698029	6.16591197835016	2.38600003884642	0.0267072755421043	0.0870027404122698	-4.35435485519686
5:280919-282580	0.21124266938859	6.95134261445335	2.36942723912444	0.0276590165135281	0.0888741980721835	-4.38642265314898
8:374123-374310	-0.210980292694078	4.02521379114686	-2.09480931686298	0.0487190260404908	0.125977100264146	-4.89819678174407
3:320037-320487	0.210963329851871	5.13191716361143	2.2671490784403	0.0342604169291593	0.101087426614975	-4.58146086229987
3:251472-251848	0.210940561748182	5.1560051827241	2.26195890182895	0.0346311970364359	0.101840923629656	-4.59122296660713
4:872762-873712	0.210790227463368	6.1898585442121	2.393367458491	0.026294001569139	0.0863275910025579	-4.34005874650634
1:681876-682452	0.210747965545762	5.56736112124919	2.29512175686658	0.0323240519830436	0.0976730954402003	-4.5286189394176
3:156214-156729	0.210740443161907	5.41186856601967	2.19310380138918	0.0399102110069158	0.111237488212718	-4.71944633190398
12:78014-79507	-0.210714452067753	9.57172717547408	-1.95270038142302	0.0645554957756024	0.150651928619185	-5.14710908742284
15:487513-487878	0.210507016036508	5.06479061128084	2.3843817410382	0.0267988564340292	0.0871653895400407	-4.35749176133906
12:482912-483124	0.210482114928585	4.56789891032787	2.07343087567806	0.0508532206965382	0.129402510425074	-4.93637844655909
9:302079-302811	0.210461182907198	5.95772220422463	2.43518517657427	0.0240585308358543	0.0813338247894893	-4.25844953490862
13:208290-209139	0.210413124692796	6.00228487155869	2.24686702291267	0.0357303361977211	0.103715294955253	-4.61953274865846
2:1019063-1019280	0.210363472032303	4.38766504283428	2.3249542533349	0.0303702283930066	0.0941011106482822	-4.47184454327975
7:577036-577932	0.210355943459897	6.08168072815741	2.25999639207793	0.0347723522767443	0.101926030642245	-4.59491072725988
5:373113-373904	0.210320500041317	5.99388916610074	2.51788848133004	0.0201490659033584	0.0724109548862439	-4.09479810815434
7:607233-607698	0.210280892839411	5.56040693706306	1.89960846679791	0.0715549266239555	0.16200295982237	-5.23704674800506
10:378186-378567	0.210113836382364	4.99878685873861	2.40634796110453	0.0255802613653687	0.0850648215983583	-4.31481074159067
17:102291-102725	0.21000259210752	5.26272763344806	2.39960412999137	0.0259487998404957	0.0858439231973828	-4.32793749734042
7:194109-195492	0.209948058886712	6.65973563609875	2.50007801120361	0.0209371006748641	0.0739073049059082	-4.13028738872533
17:2156-3236	0.209537141875835	6.27147258455494	2.33995227275341	0.029429627638842	0.0923104508139152	-4.44314092493261
18:233028-233526	0.209468913144622	5.66344804375473	2.30589976934914	0.0316051962900555	0.0965630434090706	-4.5081567327471
10:477990-478912	0.209370089645639	6.13218475306945	2.36584492319043	0.0278688256916381	0.0893523304615469	-4.39333766576805
8:169348-170070	0.209345389486959	5.79749968045029	2.5039563852047	0.0207630831003746	0.0735249683206303	-4.12257063438303
8:639489-639757	0.209280134612293	4.46640898984925	1.76475107943799	0.0924060413899827	0.193846292573706	-5.45755260510738
2:178928-179282	0.2091299576332	5.23093487543543	2.30181247573337	0.031876055120694	0.0969274610871103	-4.51592314082502
1:1035002-1035449	0.209028451554791	5.48106408555357	2.2455652105756	0.0358266279116172	0.103860094904403	-4.62196938481337
3:334539-334760	0.208991867562658	4.35433856299125	1.40379507942539	0.175253790355768	0.307380864276025	-5.98620293034408
6:308358-308880	0.208965725535438	5.4000163057706	2.32708554479984	0.0302348953601453	0.0938497861525729	-4.46777213085186
7:421707-422031	0.208840030749032	4.78853186348603	1.9932580883408	0.0596241936958214	0.143235340856622	-5.07726279261857
5:812919-813962	0.208822996942889	6.71618462006284	2.40176381874423	0.0258302437737536	0.0855782169735907	-4.32373593600129
16:127308-127696	0.208765737628764	4.95454985935091	1.94409886782061	0.0656466638224713	0.152403769330592	-5.16179611559975
3:883244-883737	-0.208763195706966	5.26209973954513	-2.23336160508748	0.0367409122606361	0.105418155947825	-4.64476968857157
4:826291-826802	0.208744390033823	5.34664878063491	1.75973044278695	0.0932746326283521	0.194910016640758	-5.46553421476626
2:643234-643625	0.208704393540097	5.04642185405476	2.01346815750768	0.0572943942637113	0.139754609659058	-5.04209680770889
2:899540-900422	0.208703308603178	5.8562979852273	2.44226669165195	0.0236979415037786	0.0805406121267372	-4.24455253455033
1:159060-159999	0.208642278141467	6.02317181893408	2.31981603990927	0.0306987946053323	0.094815779801918	-4.48165358926232
13:245756-246737	0.208573368326209	6.22626696351806	2.1672433486786	0.0420754007698	0.115420642452456	-4.76697354960729
13:148954-149660	-0.208538797129577	9.3381155628903	-1.92467117368856	0.0681714583867275	0.156801360605854	-5.19480437686467
4:698978-700553	0.208497499623893	6.79255272780534	2.03856091248341	0.0545150266298991	0.134588670267749	-4.99810586847366
7:146046-146894	0.208463558880834	5.96914881013609	2.12637701020592	0.0457150997888849	0.120897478885866	-4.84135672650737
4:471093-471824	0.208460571326482	5.97224513841402	2.2121983637028	0.0383771488878635	0.108719062292454	-4.68413035048506
7:366618-367319	0.208442934344324	5.77967146027064	1.95819488006339	0.0638669145039612	0.149826157924387	-5.13770402977261
14:296623-297079	0.20837087536307	5.35182900238962	2.38042729627539	0.0270238675946846	0.0874611940374608	-4.36515200544568
5:276885-277133	0.208362703390209	4.44991670025194	1.7797219401367	0.0898573085113319	0.190166105388521	-5.43365349582903
5:289384-290338	0.208129437286099	6.18790047715522	2.52616485900662	0.0197924009061898	0.0715487797030264	-4.07826153436886
11:272407-273200	0.208075075096551	5.78978333554549	2.23285004781483	0.036779699592488	0.105461842008954	-4.64572380099485
16:458199-458433	0.208063119480318	4.32241010692411	1.73966623451314	0.0968163678403018	0.199424787139066	-5.49726384342793
10:73804-73925	0.208037260698731	3.85660977235635	1.48277193063464	0.153250316074923	0.278295827967479	-5.8787047000365
7:615322-618675	0.208000331815635	9.27273128612448	1.96341642216804	0.0632185829252366	0.148929672196505	-5.12874947076292
12:386169-386474	0.207968282778635	4.61423876435906	1.94748723224273	0.0652148898680903	0.151716136720152	-5.15601581579308
2:774111-774448	0.207883532374689	4.72412005887202	1.93290776925271	0.0670907532115186	0.154872723762123	-5.18083807342026
8:159987-160394	0.207830603450297	5.2125448638589	2.13833361312219	0.0446217622611118	0.119026822336553	-4.81968643542314
5:495616-496362	0.207669879013249	6.00188953576857	2.05298637093186	0.0529724206599399	0.1327120631589	-4.97265304774402
8:606598-607545	0.207669791441684	6.30810807628721	2.29428182720763	0.0323806991816053	0.0976730954402003	-4.53021118985014
4:763064-764078	0.2076186467471	6.1767059836446	2.35393979954596	0.0285767076285963	0.0908447040806797	-4.41627553076241
3:285339-285599	0.207566526543075	4.57662158078787	2.35889942147137	0.0282798107034596	0.0902212635129617	-4.40672773707319
15:197708-198708	0.20747034070655	6.21256628454805	2.41656457772021	0.0250311885977798	0.08373878830083	-4.29488524709607
8:513110-513339	0.207453452628279	4.54915787519042	2.29236043508828	0.0325106265932192	0.0977940622521837	-4.53385227202994
18:254562-255342	0.207279474205061	5.95752068742492	2.15344139051968	0.0432741549621591	0.117107084407874	-4.79219505773145
20:85173-85516	0.20723870613492	4.83901942939486	2.12142231486357	0.0461752252429606	0.121600689183401	-4.85031401478019
13:89478-90279	0.207195143250351	6.00839166323004	2.07888470732205	0.0503009231413372	0.128655389703214	-4.92666211968122
9:260053-260380	0.206966834924978	4.95721617975107	2.00833998266842	0.0578777456516138	0.140564725738808	-5.05104246231398
1:706822-707714	0.206904773516912	6.22172863197193	1.91157426962977	0.069921523300378	0.159352718071534	-5.21692684388483
8:350221-350587	0.206896693960917	5.08866592645649	2.41991328893599	0.0248536143015871	0.0833350369245683	-4.28834406615718
12:40562-41254	-0.206881148838875	9.03568716706976	-1.9930433838145	0.0596493912771993	0.143235340856622	-5.07763510323367
9:349691-349981	0.206808609273985	4.81097038759509	1.98694777662297	0.0603687345224696	0.144343192159495	-5.08819396811611
7:291268-291508	0.20672411531137	4.45834709191738	1.99416845234145	0.0595174592449048	0.143135979403111	-5.07568386635758
7:447633-448224	0.206566862195	5.49890253282737	1.74919277155965	0.0951205867365738	0.197568327718285	-5.48223206234235
2:687842-688123	0.206534091626192	4.62250543971914	2.06124073044928	0.0521074445645672	0.13147289846167	-4.95803569197842
4:554855-555660	0.206513980456571	6.09250378540243	2.27207650068082	0.0339117801478223	0.100722712635469	-4.57218061772657
2:968124-968494	0.206486694943267	4.96182972512492	1.96208822460681	0.0633829422747463	0.149003177322355	-5.13102877463641
9:506353-507307	-0.206316467319017	8.42169491158883	-1.89329590203696	0.0724300817958434	0.163570658990008	-5.24762542171651
12:200083-200349	0.206279925173343	4.49734636098503	1.75926454896855	0.0933555897233334	0.194988156603658	-5.46627402566218
10:456713-457366	0.206185450410364	5.58971674488082	2.15258744306077	0.04334933163383	0.1171530544186	-4.79375222490557
17:320873-321276	0.206130292648668	5.3197958145087	2.03785582648484	0.0545914470306624	0.134703041295063	-4.99934691144081
6:479649-479897	0.206128872934903	4.64431822714003	1.9389599994589	0.0663063294976503	0.15345766847543	-5.17054943879654
15:226052-226825	0.206099448726571	5.62190236054558	2.49148722396844	0.0213274253610164	0.0749305776420011	-4.14735778064416
3:363440-363744	0.206000353918295	4.95388309474702	1.90539340481508	0.0707611016759543	0.160774970102321	-5.227330666538
5:291775-292304	0.205933802508737	5.48842605114854	1.85919493075688	0.0773221625090798	0.172014910233917	-5.30434310473512
8:681338-682143	0.205913070500109	6.1133807321967	2.37747573473313	0.0271929531244663	0.0878371376478673	-4.37086486534126
2:978398-978855	0.205903889689004	5.19130355199334	2.02058419263075	0.0564936114237279	0.138253365080703	-5.02965827536517
14:504082-504392	0.205725083392641	4.7094551938413	1.86930796277194	0.0758420332252973	0.169311192377272	-5.28759878210306
1:75172-75451	0.205510387008885	4.68844754593778	2.12132445997011	0.0461843546943214	0.121600689183401	-4.85049078642921
16:173976-174337	0.205477631066937	5.1232081654779	1.92685223170009	0.0678838008458163	0.156300356268453	-5.19111010176608
11:417529-418424	0.205315759237471	6.08443699896545	2.41154604800103	0.0252995174498753	0.0842564286500311	-4.30467875676316
1:783086-783975	0.20525420505842	6.08950024376195	2.32394357239464	0.0304345997679411	0.0942083461696433	-4.47377496757381
15:136688-136992	0.205070531336232	4.82143731605783	2.00557818254872	0.0581941023859255	0.140977511022024	-5.05585385452016
16:50501-50831	0.205064240934417	5.07708317227951	1.95479926303415	0.0642916871776758	0.15052689736196	-5.14351851829329
15:173445-174087	0.205045324133233	5.77080851220319	2.1413009017378	0.04435411919961	0.118808520369512	-4.81429655789533
9:565833-566665	0.205042561106491	6.08395215944767	1.99599733523392	0.059303548407553	0.142941670798173	-5.07251040300175
12:495692-496054	0.205003369446848	5.22381088038731	2.15757151190592	0.0429122287914507	0.116479767174368	-4.7846583312759
9:677743-678086	0.204959623045388	4.73947639447856	1.6506259363542	0.113956788339196	0.224009918579816	-5.63477475111556
5:427287-427786	0.204923944308291	5.4566057254849	2.13363799900182	0.0450482854780397	0.11959438066412	-4.828206020971
14:304734-305286	0.204809667331159	5.41605748766462	2.3608817532781	0.0281619425476871	0.089973486683403	-4.4029083325426
3:33742-34120	0.204775203709898	4.98690525208899	2.21626726628352	0.0380574884757275	0.108020174117266	-4.67658051993914
3:554661-554967	0.204501882157675	4.81676818128153	2.04101716139032	0.0542495548120384	0.134081174676247	-4.99378033540082
14:370567-371384	0.204328248357998	5.94090777490841	2.30648093462881	0.0315668558018225	0.0965630434090706	-4.50705178493453
13:546411-547118	0.2041765676141	5.81430368435322	2.1815087887359	0.0408681591746314	0.113407241454216	-4.74079935571366
1:482122-482825	0.204117039311461	8.51638175750006	1.76363464797961	0.0925985835544578	0.194131737700118	-5.459328909819
9:188132-188467	0.204091285431072	4.92649924206953	2.1338096351376	0.0450326302681668	0.11959438066412	-4.82789481852029
2:655311-655552	0.204061009955331	4.60585181410564	2.11121214868072	0.0471366306358822	0.123671488116183	-4.86873023709777
13:268981-269232	0.203994858256018	4.63417462753508	1.78068665198177	0.0896951731154916	0.190002647830071	-5.43210838527917
1:298211-299177	0.203946323670126	6.10627463422929	2.34914481293089	0.0288664856488332	0.0914411817156245	-4.42549545334885
8:76822-77166	0.203941361433907	4.67174081387402	1.72244495834072	0.0999477642330865	0.203997351895711	-5.5242822403886
1:563594-564018	0.203902907672534	5.29693747176049	1.9939414681712	0.0595440557749313	0.143135979403111	-5.07607759088558
1:791395-791729	0.203699167843475	4.71951920745544	2.05798874168677	0.052446696356371	0.132048044731688	-4.96379911741549
17:211429-211833	0.203653863599272	5.33469917746715	2.203352521815	0.039080560940425	0.10999346566136	-4.70051441675765
1:302531-302898	0.203630797067181	4.83422306955217	2.10909412358593	0.0473383166648669	0.123837700404409	-4.87254342317069
4:857786-858671	0.203570369179988	6.21920334564799	2.1580730531507	0.0428684657867069	0.11643158547409	-4.78374249136222
8:331532-332919	0.203526230570413	8.87838930744594	1.502350910291	0.148158856749291	0.271889350580869	-5.85131968718581
1:29933-30476	0.203416232072064	5.36606023380256	2.24089935974036	0.0361737031946704	0.104401481301961	-4.6306955794282
5:514496-514814	0.203252471917953	4.74222219187141	2.16948415410044	0.0418836480863507	0.11529583050678	-4.76286921651002
13:125861-126850	0.203245344848862	6.07363191797257	2.00364383864641	0.0584165936426103	0.141267360429526	-5.05922107436091
14:428002-429004	-0.20321265901921	9.04256053364876	-1.95397235119534	0.0643955075411831	0.15052689736196	-5.14493343643264
1:374450-374787	0.203155651999455	4.89114744169657	2.15851444890678	0.0428299844049728	0.116397698965791	-4.78293636963776
12:53899-54312	0.202980629757588	5.26026692097851	2.23140656052576	0.0368893497073987	0.105634516288034	-4.64841535377842
11:386394-387085	0.202965375682074	5.6682414661669	1.85134709833034	0.0784881111500575	0.174176548784746	-5.31729243417475
1:1067711-1068020	0.20295128214757	4.74318248579691	1.92374445232318	0.0682940080740643	0.156901051229106	-5.19637318015632
6:146799-147432	0.202938115788747	5.66095331418357	2.10218603363414	0.0480015540228589	0.124915671980416	-4.88496331855898
11:558054-558986	0.20284011455271	6.36129233882966	2.45723171353453	0.0229524177958679	0.0784835920964894	-4.21511232906449
17:106180-106632	0.202782682945903	5.4181136910988	2.00487076121932	0.0582753832928017	0.141071182054397	-5.05708555479597
5:128966-129288	0.202782494717495	4.97539962761539	2.51477262833737	0.0202848941726265	0.0725780865840737	-4.10101635069902
10:353343-354423	0.202739897336692	6.70719772516997	2.10275128461025	0.0479469717512929	0.124846216148218	-4.88394805083361
2:884813-885161	0.202711508799685	4.82496499405553	1.79478880548645	0.0873537980657608	0.186369230030044	-5.4094522694342
10:552810-553523	0.202650016572813	5.72473323906266	2.13002855812035	0.0453786512796477	0.120257455966668	-4.83474680447663
14:236769-237295	0.202597509652531	5.40364074947674	2.18408312568367	0.040653685687449	0.113022296358399	-4.7360645946635
2:775995-776470	0.202422050665717	5.4458205226808	2.14079214255598	0.0443999046661553	0.118860031869444	-4.81522102018531
5:653262-654146	0.202391198712552	6.1977658953773	2.17741190116436	0.0412116023285694	0.113946909061858	-4.74832726023439
5:700083-701583	0.202301126258748	6.62437835588602	2.17721999641717	0.0412277539066278	0.113946909061858	-4.74867966349635
2:294241-294441	0.20228928447434	4.47257579113261	1.84178370995444	0.0799296783535856	0.176325894682429	-5.33301973832067
11:529669-529912	0.202235082020556	4.62413548912283	1.63484939302575	0.117247530816314	0.228074727481018	-5.65856669726571
4:466104-466403	0.20223161044617	4.71910099140208	1.68225250848778	0.107594810471919	0.21482618881379	-5.58655594031376
1:1065440-1065851	0.202096396726148	5.03140042537392	2.29263199245082	0.0324922344424664	0.0977940622521837	-4.53333777368776
1:992273-992698	0.201814206688694	5.20742502250438	2.12623530231213	0.0457282019110303	0.120897478885866	-4.8416130963871
4:704275-704724	0.20180219000536	5.29564353482694	2.21866057948649	0.0378706023245845	0.107624645082438	-4.67213577700168
5:131881-132247	0.201537856437529	5.06050965465759	2.24643485035126	0.035762276592124	0.103740732356673	-4.62034175170479
10:349396-350333	0.201513450625214	9.49563431214752	1.36173860924711	0.187966260706538	0.321489103141944	-6.04146971966079
4:241524-241764	0.201450866788663	4.70314199869142	1.96981510969209	0.0624320574235393	0.147656113996064	-5.11775403771574
8:632104-632745	0.201443318131493	5.87856143119043	2.33208424477066	0.029919666093163	0.0931515377265229	-4.45821227647271
3:420864-421322	-0.201414570602307	5.53729718754287	-2.03186176759323	0.0552449929592628	0.136090582545768	-5.00988575455588
8:182045-182398	0.201312702872147	5.14090979801734	2.01804419138788	0.0567782885892988	0.138798263094321	-5.03410145068514
1:729505-730848	0.201143653516139	6.79613828545356	2.34004662266279	0.0294237965257041	0.0923104508139152	-4.44296001838647
13:77853-78150	0.201052414559017	4.79114406529141	1.73617643598099	0.0974440376700551	0.200205686002254	-5.50275511419676
18:153019-153853	0.20100087795715	5.81309461394887	1.92106958346067	0.0686488239915692	0.157494687947854	-5.20089840412811
11:356502-356878	0.200991691940713	5.22251255924438	2.16876788813202	0.0419448547032558	0.115322585781187	-4.76418144101661
5:72192-72629	0.200946973883449	4.94938442995126	1.66447595501639	0.111132570656003	0.2196156230712	-5.61374426793316
1:888166-888793	0.200866927962743	5.6477170559281	2.02904936985436	0.0555540410067315	0.136551283660698	-5.01482346044547
8:696728-697134	0.200730794433355	5.20256832056698	2.09950071704743	0.0482616221990352	0.125083393724888	-4.88978411264093
4:83103-83492	0.200635709560517	5.12350199501353	2.20059306630063	0.0393023831263358	0.110154957340939	-4.70561716130242
9:97685-97954	0.200491934924491	5.16505951628375	1.75260141501959	0.0945200625461322	0.196686099468381	-5.47683887144539
6:416278-416982	0.20033049760831	5.87726875052774	2.42411044987825	0.0246327019325949	0.0828369450415437	-4.28013850378303
9:332156-333069	0.200189241342979	6.33050999098859	2.09286209978135	0.0489100211260094	0.126145891660471	-4.90168498540027
18:62887-63153	0.199903447968953	4.34992629953443	2.03093759979358	0.0553463775952107	0.136190426671887	-5.01150880958151
1:933550-934475	0.199839059650727	6.06876058967468	2.30596455063845	0.0316009204337632	0.0965630434090706	-4.50803357457951
6:261942-263237	-0.199621038374953	9.60436912011809	-1.89762493977517	0.0718289095916271	0.162541051229587	-5.24037342236801
8:35621-36334	-0.199558303657048	8.95695647934363	-1.84060287345587	0.0801092681760875	0.176635016924221	-5.33495762759399
8:369844-370157	0.199447025883251	4.87331893535332	2.17186610018884	0.0416806882690945	0.114949328830848	-4.75850346186294
1:396107-396966	0.19933861733886	6.11800048418889	2.16149189056082	0.0425712254713497	0.115976144375996	-4.77749596211993
9:638642-639477	0.199213336243154	6.04600864288978	1.81125194502564	0.0846875815747749	0.182180319156894	-5.38283888745425
1:619345-620192	0.199025528807449	6.77650990227372	2.26380621700803	0.0344988073836802	0.101656788577586	-4.58774991922428
6:363419-364699	0.198951140801755	8.08297633222629	1.54215738135246	0.138235098931717	0.258346681761321	-5.79475926177665
11:225061-225309	0.198900628625212	4.11511067166271	1.75756103768763	0.0936521196649809	0.195425122433778	-5.46897786893156
3:107061-107985	0.198812170879685	5.94190670817724	1.9925881452277	0.0597028491458109	0.143257681622118	-5.07842442504652
2:945996-946398	0.198790835638777	4.86697557490769	1.97551217401506	0.0617390992023592	0.146446321160445	-5.10794379852391
11:344617-345111	0.198744581045777	5.43476023813303	2.20147580709894	0.0392312984275706	0.110154957340939	-4.70398523806369
11:78720-79587	0.198592442275206	5.89594969938601	2.24085988432333	0.0361766527031593	0.104401481301961	-4.63076936061318
16:45759-46487	0.198586001457231	5.96747944687557	2.10006167633907	0.0482071895320733	0.125035679542339	-4.88877738261507
5:309953-310346	0.198565590913225	4.86950450423193	1.74371513771033	0.0960924915227496	0.198481768369094	-5.49088256621729
5:633415-633587	-0.198495377117833	4.16486934963601	-2.15396957202417	0.0432277160697929	0.117052182170837	-4.79123172802146
1:653064-653392	0.198477436384436	4.80921846070489	2.12803670958712	0.0455618987308408	0.120671632378251	-4.83835328307237
11:430754-431664	0.198463981983721	6.22953176934502	2.28996631569883	0.0326731910983519	0.0980853141222155	-4.5383866659359
4:513715-514629	0.198448195868021	6.1341884450211	2.24777668950266	0.0356631911675883	0.103654833549432	-4.61782959693377
1:693010-693384	0.198267659975357	4.95603680789161	2.08768408447543	0.0494211990613524	0.127122379186306	-4.91095056846599
11:179126-180159	0.198189078103757	6.29590315992644	2.23140990339194	0.0368890954319353	0.105634516288034	-4.64840912182925
3:595948-596702	0.198171293178042	5.74611847604865	2.20083850481057	0.0392826068639899	0.110154957340939	-4.70516345947705
11:74252-75746	0.198134330177137	9.32646890250405	1.46736660781163	0.15735612242493	0.283744478039383	-5.90004848430627
4:466699-466899	0.197986195711357	3.99542575096229	1.64620396369218	0.114871177324554	0.225510258642414	-5.6414609960441
5:269372-270297	0.197974304802035	5.76321881928566	1.91374015127066	0.0696294038666757	0.159037845025139	-5.21327561522958
1:546766-547474	0.197854507841803	5.64454392876178	1.82400105048123	0.0826716819057551	0.180242790165689	-5.36210879752396
14:385834-386129	0.197631064705348	4.88146167604232	2.05036191205236	0.0532501244301997	0.133080712981337	-4.9772925374455
14:333342-333898	0.197562175299379	5.51112478494693	2.18105370357377	0.0409061801584263	0.113436163650402	-4.74163599484152
4:830297-830886	0.197459221028856	5.70378759431179	2.12034469122504	0.0462758529879465	0.121698424191568	-4.85226041957355
16:271817-272813	0.197400125416406	6.31466349614402	2.23803417470115	0.0363883553570215	0.104742301336352	-4.63604868720419
13:490725-490989	0.197386418130537	4.58571076829674	2.12560977570666	0.0457860778492474	0.12097903450604	-4.84274463361763
12:226637-227265	0.197278299633416	5.39871016198332	2.09385049458213	0.0488129891043423	0.126074402326045	-4.89991465757115
14:320907-322085	0.197268149303	6.47337541424498	2.37313827813808	0.0274432105988203	0.0884984226515271	-4.37925290558474
8:585088-586006	-0.197257062679222	8.85914313680262	-1.86991942906638	0.0757533406685686	0.169197581253749	-5.28658430500095
1:959129-959486	0.197242329931263	5.19228867668776	2.09862726118269	0.0483464882878789	0.125230834245686	-4.89135132216537
1:312360-312580	0.197235407668976	4.3826168777102	1.74376336462197	0.0960838974532942	0.198481768369094	-5.49080649192589
2:577408-578142	0.197230340077665	5.9973321531944	2.20314354344173	0.0390973198988437	0.10999346566136	-4.7009009941624
4:678955-679392	0.19713781557834	5.16510403474846	2.04715066256315	0.0535916939772877	0.133247955577777	-4.98296403596946
11:355761-356108	0.197126443232024	4.53713700736197	1.83604468230716	0.0808058149630019	0.177879954996206	-5.34242980459134
3:473812-474230	0.197103504731772	5.2809830850835	2.31616258328055	0.0309344064180757	0.0950978043456777	-4.48862049763599
5:93124-93686	0.196946421110288	5.41000472881091	1.79246327626845	0.0877362220215337	0.186736723617872	-5.41319736205356
10:528952-529236	0.196902557129977	4.75718113909914	2.26856214492331	0.0341601015376532	0.101049788817751	-4.5788007392271
6:500692-501386	0.196762221206636	6.00195039853543	2.30937350771212	0.0313766637460292	0.096193114333717	-4.50154982019438
4:286606-287443	0.196756745191816	6.13147870797487	2.22847539645341	0.0371129265379506	0.106077560142955	-4.65387760377389
3:863015-863367	0.196368666273955	4.75507111411133	2.05969134164809	0.0522688324112782	0.131761557700538	-4.96078238213489
9:691138-691934	0.196241279073595	5.97576147302768	2.16070767108261	0.0426392412235238	0.116090780849448	-4.77892935102764
4:563989-564875	0.196206651448584	6.31289504463004	2.16318495817761	0.0424247205449044	0.115717884923213	-4.77440027784982
4:26070-26328	0.196187152924729	4.56972317176234	2.12004994993502	0.0463034102174157	0.12169939173996	-4.85279267161963
11:565516-565849	0.196042902689264	4.86924129504492	2.02686024207328	0.0557956685629788	0.137069930015309	-5.01866375333067
7:523776-524473	0.19596483659469	5.87900456641018	2.18077754365637	0.0409292681625108	0.113436163650402	-4.74214364077889
5:814317-815507	-0.195912736712815	10.1513623723318	-1.6886484679062	0.106345566551422	0.212976624556673	-5.57672017902203
3:974526-975028	0.195780797147973	5.37518229668732	2.16714697195855	0.0420836658807881	0.115420642452456	-4.76715001692847
9:89482-89685	0.195701838172589	4.13806119310052	1.65398679089526	0.113265942546644	0.222990831984054	-5.62968380154723
14:417308-418190	0.195624275903264	6.11529637629594	2.24885681409778	0.0355836141750743	0.103570476984447	-4.61580676073403
2:404620-405489	-0.195478722891901	9.41980974617506	-1.82801995738293	0.082044922930707	0.179828570856885	-5.35555234333646
7:729487-729883	0.195312027908623	5.24405683025806	2.19524656227913	0.039735436242177	0.111015989815205	-4.71549262492267
14:266911-267521	0.19528271418986	5.59335781226273	1.9159117389528	0.069337595227066	0.158587162103397	-5.20961188134071
3:293557-294183	0.195089234130786	5.59726733500691	1.8313264628926	0.0815323707658863	0.178909097264592	-5.35015033098366
6:397702-398129	0.194929802406505	5.18725463074532	2.12733198754986	0.045626892352032	0.120772306426786	-4.83962875208583
9:286797-287282	0.194803234169155	5.49988333299819	2.16735209877218	0.0420660763086741	0.115420642452456	-4.76677442054965
7:619565-620367	0.19473335184102	5.94483128093626	2.06691663993132	0.0515200435870971	0.130533265851864	-4.94796214047152
4:683822-684650	0.194724496786756	6.0974482639219	1.88508165064794	0.0735829568809556	0.165756071967367	-5.26135398077154
10:124955-125608	0.194598309495313	5.44840039228618	1.79996812409502	0.0865072660049024	0.184912379483258	-5.40109867969189
11:253090-253435	0.194588202953929	4.63857922274774	1.63557439979919	0.117094567842085	0.22792210471991	-5.65747718782093
7:262996-263764	0.19455010615969	6.07413301637572	2.33634218094875	0.0296535452566244	0.0925362229701424	-4.45005975816061
3:543305-544019	0.194476168840002	5.82935181784239	2.12160506472382	0.0461581798143826	0.121600689183401	-4.84998386923315
7:439045-439901	0.194438182197677	6.07295836791061	2.25000133808473	0.0354994700527439	0.103447674450574	-4.61366268032929
14:218194-218551	0.19442754825601	5.05169310232707	1.75662463960294	0.0938154635379282	0.195618813159819	-5.47046331438767
5:16185-16549	0.194364011009483	4.90054026135638	1.8446454076796	0.0794959079072826	0.175628669196938	-5.32831967791406
5:729906-731657	0.194344132344387	7.00290080606835	2.270428812557	0.0340279974492413	0.100933940744072	-4.57528518886336
1:1060595-1060980	0.19402368317403	5.01962904787095	2.04829354952893	0.0534699045763827	0.133144424546828	-4.98094621470418
11:365852-366735	0.193989482498706	6.26162785256283	1.95293004929444	0.064526582147894	0.150651928619185	-5.14671632191311
3:398691-399292	0.193656747975369	5.81399236307027	1.92830101825365	0.0676933146942508	0.156051584605645	-5.18865454780301
7:741794-742046	-0.193611158982091	4.84808388612855	-2.0109679015767	0.0575781500849494	0.139922826389334	-5.04646019253888
14:25837-26037	0.193596837708871	4.16474516406319	1.71813175383833	0.100745496226191	0.204971291412923	-5.53101783644402
12:166444-166948	0.193370807639766	5.57706387250749	2.09418674941316	0.0487800180875688	0.126061986697435	-4.89931226375475
6:376544-377320	-0.193237487726658	6.37406126526842	-1.98803553738736	0.0602398046102975	0.144111900286313	-5.08631133916524
16:81198-83485	0.193094192768129	9.71204764824197	1.81087470214945	0.0847478764393643	0.18219572283506	-5.38345068657346
8:597688-598582	0.193084285651127	6.07578745284255	2.23081567867015	0.0369343203732737	0.105634516288034	-4.64951681817182
5:133096-133531	-0.192975953373094	5.22185596623529	-1.91077627317514	0.0700294235603515	0.159517404506938	-5.21827137555977
3:567300-568507	0.192971001123905	8.68860265054934	1.80225898283459	0.0861351115010713	0.184557567773478	-5.3973982391086
16:142696-143496	0.192913467135321	6.05312084019868	1.96864599357069	0.062575113091942	0.147847106237248	-5.11976485208813
10:93542-93954	0.192894426273057	5.24889724754606	2.17439282207838	0.0414663695721418	0.114428773245935	-4.75386908883203
2:599601-600492	0.192816411212094	6.53572276066906	2.31709473827223	0.0308741338473785	0.0950430695329203	-4.48684354522691
14:81783-83659	0.192783880980723	7.12712383435243	2.10924818719126	0.0473236199429883	0.123837700404409	-4.87226613756713
2:957495-958543	0.192700175868664	6.51569691998788	2.2233697975328	0.0375053186769857	0.106789953179509	-4.66338150438206
1:169813-170205	0.19267489067432	4.86008981759695	1.90695182830601	0.070548580404088	0.160373512386337	-5.22470969415685
16:139803-140096	0.192547968459074	4.50543552884478	1.79376279369318	0.0875223432472625	0.186385507335461	-5.41110502089318
9:252976-253311	0.192511345070729	5.22460274229411	1.74227050794194	0.0963502319205559	0.198739003721847	-5.49316063745956
4:777225-778052	0.192484592860967	6.07704066423719	2.32481746605509	0.0303789331739874	0.0941011106482822	-4.47210583869169
1:776150-776579	0.19247800683597	5.27316153816625	1.70023143216653	0.104114626618622	0.210146843567122	-5.55883618932687
11:241207-241499	0.1924411345785	4.68058956596534	1.95699853307799	0.064016286127885	0.15009790293788	-5.13975338302375
5:430415-431196	0.192377540793762	6.04823718700925	2.05287653915132	0.0529840162790334	0.1327120631589	-4.97284728538141
5:468409-468618	0.192319771904833	4.34240497975365	2.00090749420573	0.0587326275334973	0.141846456382674	-5.06398065743115
1:1022884-1025426	0.192287261038505	7.49739621219596	2.3019847306793	0.0318645970679018	0.0969274610871103	-4.51559599634734
5:640577-641416	0.192240218068493	6.08752351128622	1.91972249134392	0.0688281280145349	0.157825154197263	-5.20317570157989
3:648688-649136	0.192070534338368	5.41836856006186	2.02516910725719	0.0559829724535111	0.137379267928682	-5.02162855266223
16:305207-306193	0.192045764386831	6.1732226137525	2.15954410724154	0.0427403394363666	0.116224641140448	-4.78105550096377
16:295067-295353	0.191976880434262	4.71763099723751	2.01204780145014	0.0574554379656355	0.139922826389334	-5.0445760226102
1:490503-490831	0.191759253190834	5.08085593631092	1.75156054025365	0.0947030937290153	0.196883905030689	-5.47848657670307
17:365969-366348	0.191705172075864	4.92176440454847	1.99204489502898	0.0597666978864347	0.143257681622118	-5.07936618800729
7:594147-594241	0.191454350563419	3.78145949955736	1.49585349764429	0.149832897056658	0.273847303889589	-5.86043955590201
8:21019-21254	0.191356562829501	4.47706780330156	1.72245482473223	0.0999459456496805	0.203997351895711	-5.52426681836363
2:611936-613068	0.19135171130733	8.05441962299542	1.74559508132293	0.0957579727925885	0.198193664672519	-5.48791594486472
3:481791-482443	0.191328465847589	5.50440581320732	2.1638598473248	0.0423664485738355	0.115629404766151	-4.77316585568089
5:415040-416021	0.191282282607173	6.16545938976771	2.04353497397118	0.0539786314942095	0.133706892400709	-4.9893428168501
14:511459-511674	0.191252515280594	4.2216547221036	1.60615851144395	0.123437270636917	0.237228520124878	-5.70138285261159
5:155924-156311	0.191015185676576	5.29405891739628	2.02950162347306	0.0555042397716877	0.136503833636304	-5.01402974831634
1:305646-306368	0.191009915480132	5.80611450147973	2.10355004997561	0.0478699361000716	0.124790817695935	-4.88251306012105
2:893600-894011	0.190819935029488	5.04662866722947	1.91616846989964	0.0693031681839757	0.158587162103397	-5.20917855399303
1:254583-254850	0.190691490701245	4.61056938457154	2.00655313269335	0.0580822487919282	0.140908479996027	-5.05415587916864
9:527777-528002	0.190680091911475	4.26255334497447	1.82536053285952	0.0824592023254933	0.180042629077516	-5.35989209599164
9:556570-556935	0.190562645711629	4.81026078771313	1.81370101935085	0.0842970504463589	0.181872543272358	-5.37886482626215
8:685463-686447	0.190514931962614	6.28006059112163	2.3134376795281	0.0311112191194817	0.0955101623997258	-4.49381254848414
2:121068-121283	-0.190379090666238	4.66758635568592	-1.76547116344164	0.0922820373480455	0.193740337321694	-5.45640647297453
6:82972-83312	0.190336607927396	4.98503078773387	1.76964714761555	0.0915657260288014	0.192760858373431	-5.44975293734717
1:9308-10501	0.190278072610347	6.56628506532748	2.14520180992708	0.0440044780365371	0.118182288673513	-4.80720363530967
18:121259-121640	0.190209159889666	5.16918676272594	1.9946294527132	0.059463474779282	0.143135979403111	-5.07488412671832
9:625339-625596	0.190193089466597	4.6623286655382	1.61978415342152	0.120464309240662	0.233318151519343	-5.68112192156947
7:73827-74147	0.190179443865452	4.90478534729522	1.9391764579074	0.0662784253515083	0.15345766847543	-5.17018105459139
10:107527-108406	0.190155795388294	6.23473801126827	2.19564281731638	0.0397031920874595	0.111000304674246	-4.7147612153259
1:398349-398600	0.190065521304312	4.42655723336204	1.62449677300162	0.119450171916973	0.23145409935081	-5.67408362326983
8:371888-372180	0.190048486042881	4.93216308899315	1.88177777488588	0.0740511819426006	0.166559341897025	-5.26686394806003
20:72060-72308	0.190033330023813	4.46408903150816	2.07114901706699	0.0510859128313912	0.129920764678015	-4.94043878094095
17:189201-189564	0.190030776094731	4.80749353208844	1.40055192274135	0.176208973566423	0.308005383903514	-5.99051424597364
14:107876-109087	0.19000497323682	6.35072942577469	2.1644864935591	0.0423124071107715	0.115629404766151	-4.77201945752734
3:624661-624860	0.189872993945621	4.19075162273616	1.84582867368981	0.0793171520427668	0.175493609759478	-5.32637475592504
4:749428-749915	0.189850462854913	5.22606545151277	1.873164054297	0.0752842297959149	0.168486106283257	-5.28119725857572
13:347516-348545	0.189808645056165	6.47794001930246	2.24879872691689	0.0355878895447006	0.103570476984447	-4.61591556015578
20:56756-57762	0.189781909014718	5.99502031761268	2.15991760941461	0.042707863386664	0.116206927974898	-4.78037308843671
2:694873-695495	0.189727458282783	5.66974414373242	2.13474938863856	0.044947001080058	0.119550888913673	-4.82619062077726
6:528025-528413	0.189699672877821	5.05794673913157	2.02086046119427	0.0564627249349589	0.138253365080703	-5.02917477953997
6:189139-190202	0.189454178715647	6.42536727749943	2.09216825579973	0.0489782404853168	0.126209904670281	-4.90292741651015
11:56036-56353	0.189415724968741	4.84734008444919	1.66095356259082	0.111845155724745	0.220828812097027	-5.61910552544832
15:479895-480631	0.18917591725605	5.91646931498001	2.01223041435075	0.0574347102265743	0.139922826389334	-5.04425733943091
4:40622-41394	0.189070680011143	5.80045481726714	1.6862226918848	0.106817903001875	0.213731307034596	-5.58045387730236
18:114850-115146	0.18892931986175	4.63836668797461	1.92793882738301	0.0677408911726472	0.156051584605645	-5.18926854617953
3:27299-27588	0.188915060269711	4.738793514965	2.03885353592654	0.0544833389162598	0.134584671627582	-4.99759072984577
2:354868-355108	0.188778340627431	4.92114642366732	1.32893254584753	0.198381348184527	0.332528881808829	-6.083606435584
7:609392-610379	0.188710458574483	6.30791056089735	2.18663351669369	0.0404422174026267	0.112504266683752	-4.7313704600955
3:947031-947439	0.188693499060447	5.08148865249634	2.0771923136899	0.0504717280460768	0.128944894254703	-4.92967899692934
9:15363-15632	0.188474088736127	4.70586070087671	1.83586846889871	0.080832848181922	0.177879954996206	-5.34271840237887
1:1073470-1074348	0.188443437694168	6.01916624407853	2.17706458329486	0.0412408384004042	0.113946909061858	-4.74896504139158
10:317252-317594	0.188352563850993	4.45773433461858	1.62461297129048	0.119425257487761	0.23145409935081	-5.67390988188827
16:203290-203523	-0.188347299109205	4.60731698617386	-1.85108497762989	0.0785273180177878	0.174176548784746	-5.31772427415325
5:48764-49687	0.188317046346715	5.89629830494156	2.30385272730802	0.0317405848309261	0.096844483778613	-4.51204739789499
11:2648-3724	0.188245079271071	6.19731042182691	2.10588077608359	0.0476457907297502	0.124496531994374	-4.87832388267081
15:61178-62507	-0.188153552897463	9.50309184604631	-1.70542695339905	0.103126980670441	0.20867828457545	-5.55078448980517
4:715987-717258	0.188141559419666	6.64889301109456	1.96638753536099	0.0628522873120611	0.148379133970878	-5.12364697304135
17:385045-385316	0.187863220508676	4.37907602263899	1.98508921462078	0.0605895940471122	0.144369153721601	-5.09140904137267
5:366702-367139	0.187800189427101	5.42393000276162	1.57996090481311	0.129326132768261	0.245877253805622	-5.73996391051177
2:707997-708462	0.187787780399371	5.29733962999318	1.87133997062331	0.0755476432290699	0.16894249970748	-5.2842265943262
2:852848-853594	0.187657320669648	5.65024623308235	2.14970612654553	0.0436038610265393	0.117572820454693	-4.7990034158767
1:348618-349628	0.187576563539924	6.03054090555542	1.6416943786244	0.115810057902016	0.226955262333373	-5.64826556980657
9:479305-480138	0.187447282890102	5.7474894016791	1.79371886509282	0.0875295657772874	0.186385507335461	-5.41117576794834
9:523674-523920	0.187279108911643	4.32991704024743	2.15280182239045	0.043330447772888	0.1171530544186	-4.79336134224013
5:105356-106102	0.187269074745217	5.65100630991945	2.1691830919873	0.0419093646636576	0.11529583050678	-4.76342080588661
12:101741-102103	0.187174423634831	5.05898574515185	2.05372391189455	0.0528946128504447	0.132710923272753	-4.97134852877705
8:546791-547200	0.18703206600635	5.18468880417288	2.08325480805193	0.049862273019198	0.12783790267755	-4.91886455515875
4:878458-878712	0.187030634839609	4.50738303317492	1.84676056271122	0.0791766187548686	0.175269310359442	-5.32484239319463
7:639864-640252	0.187007695798876	5.17215921972695	1.78862862260137	0.0883699817289357	0.187728542106652	-5.41936506658537
15:412426-413293	0.186876082518873	5.97770379895394	2.13500409480592	0.044923817963753	0.119550888913673	-4.82572864141372
5:353524-354495	0.186836091444176	6.34914969206878	2.07745590006866	0.0504450913284305	0.128944894254703	-4.92920923034248
7:27588-27995	0.18682628301455	5.18525644792753	2.25159234411982	0.0353828037220049	0.103242131329657	-4.6106810979485
3:639380-639896	0.186790544407988	5.48542739285479	1.9038708984934	0.0709692689962557	0.161084405693327	-5.22988978925209
4:195004-195295	0.186464474334936	4.69320646932044	1.81309875416315	0.0843929427414804	0.181872543272358	-5.37984246895732
7:418882-420259	0.186214874782914	6.75407659928482	2.19755986827949	0.0395475336795781	0.110671245927551	-4.7112215627408
11:120626-121103	0.186094595656283	5.0654229517021	2.08344481159068	0.0498432796854704	0.12783790267755	-4.91852529104034
1:718177-719209	0.186058335283976	6.42999203007916	2.13440367900716	0.0449784845689512	0.119550888913673	-4.82681760390536
16:440440-441249	0.185872712350553	5.99541388968016	2.04874889904805	0.0534214503448325	0.133139247298194	-4.98014206689188
2:937484-937740	0.185842627030132	4.56001858292366	1.64004832288666	0.116154370906436	0.226963142707309	-5.65074576105203
13:238178-238746	0.18579677330164	7.89452254925205	1.90109711268868	0.0713499054522315	0.161620534819933	-5.23454846788644
4:547681-548145	0.185785816249273	5.41763583400962	2.11057679433177	0.047197049782264	0.123716014168618	-4.86987435482766
6:66991-67770	0.185740677254458	5.95410734338567	1.94321156095671	0.0657601491046176	0.152588090923934	-5.16330865313021
5:476802-478127	0.18549048625667	8.76109722269287	1.40648082687113	0.174465920818882	0.306631001274732	-5.98262639240091
4:83898-84179	0.185483457614796	4.7461019534814	1.28981560304382	0.211386140025806	0.346073285572608	-6.13271662406659
13:270161-270369	0.18543090686123	4.38106148043298	1.75630334322847	0.0938715664897337	0.195618813159819	-5.47097286511769
8:204014-204520	0.18533077527665	5.1887595818901	1.6339773750004	0.11743173350677	0.228234667466913	-5.65987663727068
6:105916-106992	0.185228736588848	7.56130597767061	1.87122932679898	0.0755636470988326	0.16894249970748	-5.28441027828244
7:328186-328634	0.185203591775415	5.37183988485904	1.63997835319526	0.116169025903138	0.226963142707309	-5.65085114546695
1:43662-44982	0.185131571131583	6.53014307594852	2.06686832961487	0.0515250180318018	0.130533265851864	-4.94804795758131
9:38553-38984	0.18512575247365	5.0846512220915	1.96263597225495	0.0633151147367245	0.148945417595493	-5.13008891894485
11:187090-187657	0.184662870511201	5.57507932982487	1.76085341321134	0.0930797456626267	0.194767205283417	-5.46375041361212
9:401335-401602	0.184651758265487	4.77316939388813	1.63745680448978	0.116698200622563	0.227555613502536	-5.65464665778358
5:766605-766831	0.184520581714506	4.30051074525323	1.72381470256972	0.0996955624719631	0.203761341381053	-5.52214058106489
2:975384-976097	0.184469549018782	5.93418901417045	2.24370303465604	0.0359647811846227	0.1039240546045	-4.6254533877484
1:329656-330112	0.184392243069087	5.26206998739863	1.9837119580242	0.0607537217234672	0.144491848264739	-5.09379020621061
8:566168-567154	0.184352360808984	6.24478476562519	2.24806584366294	0.035641872098509	0.103654833549432	-4.61728813204098
18:243684-244844	-0.184205542239019	9.02099043480962	-2.03210069624079	0.0552188086456586	0.136090582545768	-5.00946606026094
6:437613-438570	0.184140732000391	6.08101424698258	1.74393422956414	0.0960534545152641	0.198481768369094	-5.49053695291442
6:443648-444938	0.18411768774189	6.56417936430147	2.10085007104275	0.0481307812501952	0.125033880949433	-4.88736219107053
12:249135-250228	0.183927497015425	6.48870850574007	2.1468511479026	0.0438573993204526	0.118114151238475	-4.80420223392043
12:95894-96655	0.183896375809359	5.7925271416948	2.0463770167288	0.053674277012228	0.133247955577777	-4.98432952336422
16:469292-470205	0.183892989248948	6.29354861756139	1.95065217775896	0.0648138587278788	0.151097308159368	-5.15061041454661
2:616684-617110	0.18388028777129	5.23493817408791	1.71768668784266	0.100828120903421	0.205046192259752	-5.53171214345747
1:115714-116009	0.183876644545975	4.58831103460135	1.71504339196935	0.101320033292921	0.205732520960993	-5.53583293825877
2:860045-861211	0.183862099257416	6.52136728139993	2.29282991827099	0.0324788352665688	0.0977940622521837	-4.53296275659429
5:8604-9487	0.183725526026638	6.44148462416332	2.086818552131	0.0495071129034207	0.127133584254568	-4.91249791004278
14:149234-151258	0.183672179255178	7.37828549164722	2.21590991380926	0.0380854650977074	0.108029494155474	-4.67724392574052
4:784381-785102	0.183575685524382	5.78173233361241	1.92551327015243	0.068060267864183	0.156626097151714	-5.19337837745804
9:219059-219422	0.183561688978569	5.05787149981393	1.4188114580881	0.170885095129671	0.301728475660911	-5.96613388759882
10:378957-379447	0.183557659817242	5.44613781325722	1.99172838365619	0.0598039258078456	0.143257681622118	-5.0799148032467
20:164561-165065	0.183545745684135	5.38041704626268	2.00361822223375	0.0584195451642208	0.141267360429526	-5.05926565165255
11:282851-283078	0.183511526710546	4.32993029964806	1.48508767658341	0.152640755369564	0.277957697735626	-5.875480739973
6:328817-329705	0.183448576443883	6.27540143608305	2.01112933728029	0.0575597908264733	0.139922826389334	-5.04617856840942
3:370522-370941	0.183444258489258	5.25173639175985	1.70846850385367	0.102552514869551	0.207609704457762	-5.54606232687185
8:87178-88504	0.183408643360467	6.40267700642187	2.08320689169288	0.0498670639130925	0.12783790267755	-4.91895010987657
13:508563-509122	0.183403743163563	5.30827499313099	2.09677301355011	0.0485270954741519	0.125553340660291	-4.8946769366142
3:675905-676801	0.183396389633307	6.20209860435483	1.81238896419136	0.0845060766994851	0.181938046804663	-5.38099435296122
1:178046-178626	0.183298987194539	5.54754784538179	1.90940926091584	0.0702146036025314	0.159701674676656	-5.22057372462898
17:361444-361960	0.18303725325867	5.25837438849644	1.93249340490264	0.0671447573153676	0.154917491620405	-5.18154167055983
9:270421-270830	0.182859305552169	5.02703867233734	1.47755562016997	0.154630658680157	0.280213290790438	-5.88595194469568
7:59162-59501	0.182796739086656	5.05675103275439	1.69684909375348	0.104761920778762	0.211127581002134	-5.56406800372031
5:707644-708279	0.182780936010073	5.64890073041862	1.77427794362847	0.0907770148754617	0.191749843597247	-5.44236127459967
15:26255-26473	0.182711213805549	4.25758078359488	1.45748085714256	0.160037702823834	0.287336044059158	-5.91364997243239
6:314638-315498	0.182658018047455	6.1171291033601	2.04649738439289	0.0536614208459513	0.133247955577777	-4.98411709638888
2:418991-419313	0.182644353550605	5.08515514341838	1.56000032173294	0.13396869610311	0.252269198046916	-5.76902641826019
5:364909-365859	0.182586777336978	6.42564380831744	2.16431792214029	0.0423269384163548	0.115629404766151	-4.77232786561343
4:691743-692368	0.182576842283234	5.78725480975987	1.88242590420579	0.0739591234888522	0.16649469554206	-5.26578358067892
3:512053-512303	0.182519482259403	4.41279373876951	1.61377371732885	0.121768221899291	0.234827471443872	-5.69007558817191
9:373199-374653	0.18235905169905	6.86973676336956	1.99193070408698	0.0597801265924507	0.143257681622118	-5.07956412413505
1:154469-155610	-0.182353964782372	8.77478512098465	-1.61690293621283	0.121087893341606	0.234221871476675	-5.685417242655
3:583227-583937	0.182284330310085	5.83344490421554	1.73509592130314	0.0976390840359025	0.200473642268211	-5.50445366692654
6:50661-51060	0.182235217968401	5.34028465294235	1.7546595264495	0.0941590525967319	0.19602600903394	-5.473578753569
4:486367-486630	0.182172030367745	4.52945838555364	1.91859709535688	0.0689782398597862	0.158088377681722	-5.2050773657022
10:228940-230552	0.182001258599325	6.85356582798909	1.74549423004521	0.0957758929148029	0.198193664672519	-5.48807515201551
15:477095-478547	0.181192937500681	8.48878655390697	1.39131097844837	0.178953506084183	0.311308159048894	-6.0027536219659
5:251567-252123	-0.181074950832107	8.26743526170231	-1.45278112973661	0.161325488181471	0.288721665373955	-5.92009001226419
10:461109-461381	0.181070483287328	4.09936958127589	1.1611426531835	0.258842758514346	0.399648219079067	-6.28535383183315
5:586880-587084	0.180947357475043	4.40472356558874	1.39214255453441	0.178705140492877	0.310996970779984	-6.0016549631934
13:268361-268565	0.180947355270839	4.36024419646193	1.82089924384387	0.0831582613315937	0.180708369893405	-5.36716199264142
4:107818-108475	0.180875732070832	5.7927391105058	1.87656748533602	0.0747948964288624	0.1676424418706	-5.27553946029777
8:363574-364394	0.180873460595032	6.24240114443501	1.85847686645301	0.0774282118397938	0.172165263882224	-5.30552956603916
5:691145-692227	0.180860277998191	6.4296675805251	1.94566314956543	0.0654470164562128	0.152091551223323	-5.15912842523471
2:876959-877335	0.180684815760356	5.01366137734041	1.76993256456661	0.0915169437424919	0.192760858373431	-5.44929776535746
8:403581-407263	-0.180661767516471	12.9520022454782	-1.77290419881284	0.091010375139102	0.192061498879123	-5.44455551925194
11:66604-67014	0.180594318611301	5.39551396836591	2.09766395902807	0.048440239949142	0.125401107005413	-4.89307925219129
1:830415-830916	0.180546337120944	5.26037943529714	1.87551338790896	0.0749461519323798	0.167897385410076	-5.27729254645087
18:308694-309681	0.18052391741046	6.28357432981271	1.95988311246043	0.0636566535052301	0.14941121189796	-5.13481061673883
16:194091-194325	0.18043408791801	4.37215563804841	2.11709544893799	0.0465804656516566	0.122355730197661	-4.85812538045873
3:307946-308285	0.180377564721801	4.74189450269843	1.92426156891807	0.0682256005902606	0.156845294423218	-5.19549784216494
16:17232-17497	0.180229531432103	5.95906437134737	1.99160262148709	0.0598187236263936	0.143257681622118	-5.0801327729157
4:458593-458982	0.180201935452648	4.79990793826063	1.72986264982008	0.0985885008204964	0.201959784747159	-5.51266916788385
16:434720-435173	0.179878175685958	5.2937184914192	1.73646288892163	0.0973923854458046	0.200205686002254	-5.50230468283842
14:94567-95447	0.179857409261119	6.28818239866798	2.10390405069578	0.0478358307836601	0.12477591755436	-4.88187698187645
10:212803-213893	0.179618389485429	6.25495033539921	2.14622989594553	0.0439127467101412	0.118126889336928	-4.80533293507726
9:488812-489845	-0.179603710064239	9.7560214180037	-1.45759709781084	0.160005957446678	0.287336044059158	-5.91349047378903
4:855135-855480	0.179535774040512	5.15405740426606	1.86610278281088	0.076308430686746	0.170097876371452	-5.29291262008123
9:11387-12665	0.179441466150196	6.52468776216469	2.007203252134	0.0580077688186208	0.140804106958865	-5.0530233224315
2:741579-742767	-0.179359306649785	9.34046675405911	-1.48670416462126	0.152216431503096	0.27741072777193	-5.87322788020595
5:244801-245122	0.17928702893563	4.84238172968485	1.8312749194392	0.0815403392358732	0.178909097264592	-5.35023459400188
2:990472-990735	0.179230855487681	4.80694584817263	1.66893270199383	0.11023648167605	0.218563268737291	-5.60694849679694
6:668399-668906	0.179218946249621	5.45900167325867	2.02544157718046	0.055952756747995	0.137379267928682	-5.02115098538587
14:124448-125355	0.179162683480675	6.33716535014998	2.07938670940333	0.0502503586441871	0.128655389703214	-4.9257669387965
5:33865-34752	0.17912936215272	5.91262142740221	1.82225871656833	0.0829446954803827	0.180662022856542	-5.36494801938187
8:568232-568642	0.178778850687539	5.17184129749903	1.81253073208722	0.0844834696852851	0.181938046804663	-5.38076431070374
10:55530-55851	0.178714344185328	4.71885055971909	1.85021219304459	0.0786579886734493	0.174379968946191	-5.31916185988798
16:480532-481582	0.178612273422612	6.23923865585196	1.81477001766704	0.0841270782983781	0.181861207758794	-5.37712896942335
11:277660-278066	0.178525750963775	5.32753981644172	1.79390783686197	0.0874984996099588	0.186385507335461	-5.41087141977296
2:360106-360459	0.178484962954582	5.32941439663225	1.73281381216239	0.0980521341854977	0.201137191848894	-5.50803852602687
3:115334-116253	0.178476698018454	5.81410106380241	1.76467517193759	0.0924191216157926	0.193846292573706	-5.4576734043564
9:445668-446398	0.178465612482069	5.78154990685575	1.96255533499683	0.063325095997369	0.148945417595493	-5.13022729204244
15:43769-44012	0.1784594971888	4.45517735821418	1.33662264367845	0.195900105168865	0.330138882054157	-6.07380640431416
17:143152-143519	0.178369955482828	5.29583027977879	1.91317347500944	0.0697057292471448	0.159103949061815	-5.21423119205406
4:842504-843565	0.178349911431342	6.23426422470223	2.00046994686891	0.058783303114211	0.141846456382674	-5.06474131995512
6:607048-607821	0.178345661622647	5.85323756227787	2.05957733497676	0.0522807253074522	0.131761557700538	-4.96098443483249
17:318576-318966	0.178325828603893	5.19029192967389	2.03542265885879	0.0548559017932019	0.13528100078588	-5.00362742120118
7:127482-129827	0.178323651053647	7.49608256693988	2.15555027747497	0.0430890068466882	0.116817925285146	-4.78834785338135
7:92728-93227	0.178312768918081	5.37928890017438	1.97006586280314	0.0624014125547569	0.147656113996064	-5.11732265062879
8:195515-196651	0.178036241773648	6.42268673817183	1.90938894950546	0.070217358302873	0.159701674676656	-5.22060792485558
14:35944-36897	0.17799866356737	6.53365786925767	1.87931700609268	0.0744016187138827	0.167062150453497	-5.27096341997995
6:14060-14465	0.177777599600144	5.35762782541656	1.96998162988421	0.0624117052810198	0.147656113996064	-5.11746756623052
9:371341-372339	0.177683079744186	6.36174042685272	2.00605084946027	0.0581398505228358	0.140971815243886	-5.05503072583388
10:425110-425433	0.177468120288963	4.79561808478603	1.92217613337049	0.0685018456242431	0.15723808257134	-5.19902692151523
13:411629-412174	0.177213616399778	5.23939628434113	1.84011305501549	0.0801838663900793	0.176712450005906	-5.3357612155461
6:551616-552939	0.17707673267857	8.48937416541647	1.48335724476509	0.153096059718429	0.27822085395846	-5.87789021374318
8:603122-604109	0.176974675332204	6.2243801910365	1.93796398580277	0.0664348617860095	0.153660281039422	-5.17224415990522
5:123412-124238	0.176870013715404	5.93691399166853	2.05256413167968	0.0530170115123329	0.132720438215437	-4.97339974103325
2:895295-898481	0.176790867613729	9.8523121298528	1.38505123730334	0.180831950806999	0.313543538404626	-6.01100641073025
4:719660-720521	0.176717671421764	6.15142481257928	1.76616222156072	0.0921631667386769	0.193672457428318	-5.45530621722453
8:312151-313014	0.176462539012205	6.08652994782663	1.67448130946877	0.109129430873513	0.217008419286097	-5.5984685423877
14:238501-238933	0.176434300383165	5.31962534577406	1.87896992560834	0.0744511631409211	0.167062150453497	-5.27154132811977
10:560631-561894	0.176369971701401	8.9278038488629	1.20389545100147	0.242261423445796	0.381548955433985	-6.23617708109109
4:353536-354674	0.176338574142055	7.74402063779145	1.89578764277926	0.0720835165318946	0.162952434341798	-5.24345267701401
4:270137-270340	-0.176266453219319	4.63818378329832	-1.75110078331512	0.0947840360880144	0.196960698946125	-5.47921414199607
5:608266-608862	0.176221311944758	5.7359320347633	1.94168136919773	0.0659562662866393	0.152884644173484	-5.16591596181495
4:845724-846127	0.176017066582594	4.91896131063474	1.72109567010194	0.100196733415172	0.20431917028078	-5.52639067391527
7:566100-567112	0.175998504796525	6.5680607514852	2.02245955355871	0.0562842445941754	0.137891778217586	-5.02637535361816
12:516952-517853	0.175939171760924	6.12050243795865	1.81860618133665	0.083519572826848	0.181296609104254	-5.37089366885635
8:198585-199483	0.175909104461248	6.08662501057584	2.07536177676931	0.0506570621539127	0.129123582118971	-4.93294033036568
11:586816-587070	0.17584994562416	4.77600790433632	1.92354837874325	0.0683199617617352	0.156901051229106	-5.19670503688222
13:172352-172772	0.17561603554782	5.23928571932373	1.61497222346654	0.12150727449796	0.234627506752747	-5.68829224356915
15:379768-380268	0.175468825678659	5.48906765841351	2.07601048475944	0.0505913133241421	0.129103032177229	-4.93178478893391
10:325999-327711	-0.17545130863812	9.72704982896249	-1.49137872245474	0.150994795615787	0.275408600316325	-5.86670197309177
6:116218-116625	0.175288667506913	5.06611998913254	1.94541854846358	0.0654781991079854	0.152091551223323	-5.15954565957314
2:316200-317152	-0.175245432134894	9.59923479238991	-1.45070306086088	0.161897578884375	0.289514008424475	-5.92293220286608
5:38749-39402	0.175124973201116	5.70048076393687	1.66960092382018	0.110102656363342	0.218545228329189	-5.60592838314933
6:108817-109752	0.175092593240085	6.24589034235125	2.04697383843764	0.0536105590704967	0.133247955577777	-4.98327616110137
17:79989-80792	0.174906957360687	5.88114717817119	1.8262710526201	0.0823171590153352	0.179908009644844	-5.35840678559115
4:44381-45446	0.174820750268837	6.39492155027087	2.13611242894043	0.0448230643966025	0.119492576676112	-4.82371796711489
16:383090-383491	0.174665858070208	5.30714773053519	2.10553398081238	0.0476790818712362	0.12451083457156	-4.87894739091136
16:309125-309533	0.174621759356742	4.92262749076933	1.40048348382656	0.176229175195911	0.308005383903514	-5.99060513719669
13:300193-300644	0.174561395186646	5.17189741709411	2.01093245532765	0.05758218190553	0.139922826389334	-5.04652202639602
14:282911-283289	0.174494598202902	5.03753601254379	1.8211998477401	0.0831109969360094	0.180708369893405	-5.366672545757
7:168538-168871	0.174347603710107	5.06127771525254	1.69043344643433	0.105999139740492	0.212472973344577	-5.57397019451095
13:434524-434906	0.174284836887383	4.96187938793684	1.75477487280641	0.0941388550483187	0.19602600903394	-5.47339595751152
4:19956-20156	0.174246012651246	4.22452306053895	1.50535725951034	0.147389486547582	0.270819105823881	-5.84708921601447
6:664226-664434	-0.174228176428882	4.47479653484052	-1.35450959261653	0.190223309306585	0.32393405360647	-6.05082860541401
16:216898-218003	0.174179560289531	6.35926693792493	1.75627765981769	0.0938760524279026	0.195618813159819	-5.47101359401717
7:661879-662328	0.17403150009684	5.4612235112351	1.81001996852616	0.0848846267532972	0.182305067872886	-5.38483652237617
12:276068-277105	0.174025092924586	6.48008774924865	2.13885339272326	0.0445747738649873	0.118972383911558	-4.81874263299049
7:43429-43863	0.174024005343076	5.03295289329744	1.66047139710412	0.111942998987897	0.220853746384946	-5.6198387323829
9:113256-113712	0.173904821338316	5.3410858524775	2.05791984345687	0.0524539053057657	0.132048044731688	-4.96392115964364
4:407378-408547	0.173812846025086	8.79505324044663	1.35152629301083	0.191160983297887	0.324719757586847	-6.05467874264059
13:216638-216966	0.173783246239993	5.07320162684216	1.63708066765477	0.116777311040064	0.227555613502536	-5.65521244623674
16:475840-476190	0.173654341731568	5.02866379176365	1.40444626052826	0.175062503708452	0.307286182980013	-5.98533628704136
1:936712-937618	0.173621249912795	8.17105532499951	1.63943560630756	0.116282756022836	0.226987185328484	-5.6516684831697
2:551993-553039	-0.173495526514573	9.99284012761885	-1.47902718339749	0.154240229682037	0.279732280411992	-5.88390952379384
1:488948-489414	0.173442570126813	5.13977116322565	1.90939265452881	0.0702168558083119	0.159701674676656	-5.22060168637919
6:789638-790449	0.173354127245175	5.77325562004317	1.59620267941404	0.125648203793796	0.24065098852419	-5.71610292596135
18:23292-23622	0.173311790868693	4.93759319187613	1.76126621245271	0.093008194264879	0.194767205283417	-5.46309448519941
16:459901-460286	0.173202540081568	4.95858182122342	1.74709387396773	0.0954919938940847	0.198054958865141	-5.4855490992843
7:140712-142812	-0.173188392787214	9.34036206077871	-1.70949575831168	0.102359112966205	0.207311941012097	-5.5444660366088
3:181524-181889	0.173185101522157	4.98385425928735	1.47502058451057	0.155305133848836	0.281257000092853	-5.88946653906894
8:133710-133994	0.1731684204209	4.97230606330818	1.71284110678935	0.101731440131552	0.206320763946002	-5.53926258939291
2:699543-699770	0.173160460298493	4.37172881765187	1.64213994963213	0.115717004044394	0.226872233947748	-5.64759387850559
16:462543-462899	0.172865433468196	5.09037375668746	1.81117416667414	0.0847000098671796	0.182180319156894	-5.3829650331651
18:96929-97175	-0.172848971601687	4.6863641779866	-1.50064668922294	0.148596453726232	0.272031790134403	-5.85371482311789
1:369301-369771	0.172830496785084	5.15237572176316	1.85115010724395	0.0785175746178858	0.174176548784746	-5.31761697814305
9:634919-636715	0.172798815414577	7.05977116658064	1.96280095376276	0.0632946977132311	0.148945417595493	-5.12980579948923
11:5536-5806	0.172775155082192	4.79209522953341	1.68124671550876	0.107792390643126	0.215008351389764	-5.58810008966099
3:526788-527059	0.172748972246592	4.66529815547185	1.67362828890732	0.109299008028313	0.217239058585581	-5.5997736057292
18:117292-118037	0.17273647871672	8.12237614940861	1.23533681859068	0.230588269476617	0.368348713125388	-6.1990281817485
5:417688-418188	0.172650532159143	5.07458104822828	1.53720946275121	0.139437910118809	0.260216422023929	-5.80185362848796
4:527619-527848	0.172604084176112	4.44439447591799	1.65841962675465	0.112360164631521	0.221552465590612	-5.62295695138597
12:11250-12004	-0.172500717435881	8.76622136731597	-1.78004351124656	0.0898032351753294	0.1901415707875	-5.43313852619714
8:590986-591938	0.17249282671481	6.20674241905493	2.06300538599581	0.0519241790639531	0.131130649172434	-4.95490573894579
7:710163-710997	-0.172409272936486	9.71400356881962	-1.57590154202603	0.130259269654211	0.247155782523209	-5.74589778138072
3:229468-232418	-0.172228138981717	12.4234758286872	-1.71936817079967	0.100516264410825	0.204690991584555	-5.52908830953734
4:735470-737715	0.172139300890208	7.32057597971672	1.82750609797175	0.0821248293141886	0.179828570856885	-5.35639123305938
17:284120-284707	0.172010663311061	5.39146978279901	1.66193995262649	0.111645218509406	0.220531331883541	-5.61760506222809
3:207081-207549	0.171894372725325	5.24973403232211	2.05105908864787	0.0531762265324666	0.132970273720291	-4.97606045695071
16:60288-60816	0.171836058377976	5.4116905208482	1.91365226149641	0.0696412368742788	0.159037845025139	-5.21342383519993
6:625270-625660	0.171812332931238	5.16954123607124	1.83453983739813	0.0810369298634066	0.17815387920855	-5.3448937619587
6:352376-352688	0.171725590396175	4.79853689600771	1.81308969321637	0.0843943861431385	0.181872543272358	-5.37985717558509
6:140986-141353	0.171703859125761	5.29666679143724	1.87984155663354	0.0743267959884031	0.167062150453497	-5.27008987168093
11:551796-552041	0.17168010687775	4.13514464170042	1.70315517185814	0.103557848325768	0.209455458249497	-5.55430742725241
9:30125-30325	0.17165028731571	4.28336862848376	1.35357976344782	0.190515170829315	0.324004678964275	-6.0520293696087
3:833231-834373	0.171643844989393	6.29048600405664	2.0112954880983	0.0575409007976737	0.139922826389334	-5.04588870298896
4:21923-22294	0.171642315002202	5.13546862269459	1.80538289671782	0.0856298637054411	0.183562868747871	-5.39234665956976
3:488989-489290	0.171626332639775	4.68678275568845	1.58714032819842	0.127689428547652	0.243622285668922	-5.72944001118906
6:452911-453208	0.171589429418319	4.82761774571914	1.48345309829315	0.15307081013045	0.27822085395846	-5.87775680533744
1:83662-84527	0.171566554787153	6.08766839262496	1.97030287385511	0.0623724593996385	0.147656113996064	-5.11691487058327
7:346681-347232	0.171558039476978	5.33890947105461	1.53263478571954	0.140557671887269	0.261812792079657	-5.80839675979126
10:156989-158237	-0.171383065288527	9.3795172323225	-1.54342780214825	0.137927655486495	0.257879776924624	-5.7929348107664
1:266020-266394	0.17126352388971	5.05266538111113	1.68039269886374	0.107960397575113	0.215247545454879	-5.58941067498373
4:165050-165306	0.171253957879697	4.6353233066386	1.75984959013436	0.093253938433036	0.194910016640758	-5.46534499290143
12:35118-35550	0.171248947415966	5.221221587003	1.57243676727163	0.131060158216515	0.248158606191408	-5.75095304212606
6:259456-260244	0.17114380524564	6.15843280420137	1.80909563383089	0.0850327282581541	0.182457570318072	-5.3863346744351
1:772167-773239	0.171138378250443	6.1690967761294	2.0496173836483	0.0533291430859831	0.133129528417658	-4.97860799579624
14:264842-265348	0.171095160373801	5.40426628695769	1.44893536429143	0.162385517646278	0.289923245705919	-5.92534729091349
11:117760-118085	0.171014874057406	4.77691896114007	1.63452875509754	0.117315233161965	0.228107290891813	-5.65904841998231
4:868490-869108	0.170999493808172	5.55260542516531	1.83073091629125	0.081624481932446	0.179005968216378	-5.35112382426495
11:411900-412686	0.170983986355869	6.0842107295619	1.81524580069582	0.084051523981019	0.181861207758794	-5.37635614775923
3:346042-346818	0.170947671131479	5.92380259607697	1.82195702856103	0.0829920478094813	0.180677240270058	-5.36543943697948
12:59653-60343	-0.170933317904785	8.73341318414061	-1.64439041268242	0.115247977039446	0.226150787035757	-5.64419920647822
11:369022-369257	0.170909180892535	4.55426413875468	1.69221444116266	0.105654444188897	0.212257312472846	-5.57122416377776
9:411559-411950	0.17077235119449	5.09548805781963	1.66882414640148	0.110258235211976	0.218563268737291	-5.60711418947923
13:313253-314155	0.170644017971394	6.16883246763243	1.67480934485565	0.109064278212483	0.217008419286097	-5.59796653633943
18:284591-284804	0.170624573272563	4.4268891050541	1.82682224669003	0.0822312749180386	0.179882735101384	-5.35750737637983
13:239452-239770	0.170560756919408	4.98473569544636	1.87956156497333	0.074366726228093	0.167062150453497	-5.27055617079061
10:494975-495189	0.17048172712375	4.19649575110766	1.63957052619053	0.116254475411651	0.226987185328484	-5.65146532293204
3:825143-826131	0.170343192235775	6.37297202148854	1.95454836047239	0.0643231727890484	0.15052689736196	-5.14394787771076
13:443048-443385	0.170139003140144	4.62993560930895	1.8431668648177	0.0797197653061317	0.176036344109643	-5.33074869173338
14:455842-457134	-0.170013435265991	9.1419706882992	-1.66918101477663	0.110186735779272	0.218563268737291	-5.60656945641621
8:643297-643765	0.169980686407031	5.26938031536801	1.40645902725703	0.174472304331397	0.306631001274732	-5.98265544502445
18:141800-142380	0.1698930549388	5.74536226423217	2.02285502172063	0.0562401828308899	0.137859287158304	-5.02568280614876
3:785043-785927	0.169810482595375	6.04227924926362	1.81544070142078	0.0840205907855709	0.181861207758794	-5.37603952530736
3:714197-714583	0.169764199442669	4.91938982876863	1.69416889528957	0.105277276248046	0.211784758870226	-5.5682081761692
2:759542-759945	0.169761288654068	5.13512792203478	1.53954930564156	0.138868033433675	0.259313023633345	-5.79850099242427
3:37855-38534	-0.169678352444045	8.52757304415248	-1.4642084549782	0.158208792445104	0.284722076146296	-5.90440178274239
8:208768-209407	0.169572413758709	5.67204837203495	1.7812903687982	0.0895938374451519	0.189877848676373	-5.43114114355208
11:321914-322254	0.169430443884155	5.0060188049993	1.68220021811017	0.107605074915218	0.21482618881379	-5.58663623662582
17:236714-237036	0.169354173386374	5.05854337694272	1.89426461495934	0.0722951741506705	0.163348409640788	-5.24600364248303
8:441456-442510	0.169350989040528	6.58250121422807	1.98532625905797	0.0605613852787017	0.144369153721601	-5.09099909810003
11:101693-102571	0.169340151899114	6.16095724878866	1.80034184815	0.0864464588006966	0.184912379483258	-5.4004952336631
14:167244-167706	0.169294930048451	5.38377791445024	1.86746979953217	0.0761092048187322	0.169822931589554	-5.29064704520453
9:679135-679601	0.169224916602385	5.14536076421116	1.46096555747936	0.159088248302051	0.285860698273778	-5.90886398910057
10:474793-475674	0.169098764277099	5.97735011533784	2.01157138693568	0.0575095455114827	0.139922826389334	-5.04540733665951
1:787265-787594	0.168967646455898	4.89249206329815	1.58021117257843	0.129268785897703	0.245877253805622	-5.73959768481125
3:740799-741016	0.16891394900146	4.54971796866267	1.70251314172253	0.103679894271124	0.209607591128072	-5.5553024085171
6:214130-214961	0.16888866379766	5.99891485624075	1.95496320067378	0.0642711221197003	0.15052689736196	-5.14323795806499
3:265401-266182	0.16885458763341	6.04725392789108	1.81586403776024	0.0839534360649902	0.181861207758794	-5.37535171739172
18:268348-269234	0.168846855662184	6.11947889394129	1.99657304898734	0.0592363533103357	0.142856636539366	-5.07151102383617
7:221711-221921	0.168780275025762	4.3140612587236	1.733042845136	0.0980106128353315	0.201137191848894	-5.50767890707469
14:132896-133372	0.168773960799634	5.29635895860803	1.89620512087283	0.072025594145374	0.162903769274732	-5.24275317958362
11:479444-479729	0.168751425981137	4.40617696812852	1.45723310691798	0.160105380580739	0.287342294899515	-5.91398988634685
11:497030-497314	0.168746118553335	4.66504572704994	1.74693208564341	0.0955206745804266	0.198054958865141	-5.48580466260166
18:215125-215779	0.168669430569239	5.44650368651043	1.7430755858145	0.0962065225852845	0.198625643492497	-5.49189126342454
8:576839-577253	0.16859550073916	5.15845699167887	1.77202649140574	0.0911597437135195	0.192180890370037	-5.44595680486581
10:314837-315205	0.168483107153479	4.94887407714645	1.656812842571	0.112687773945096	0.222002850430568	-5.62539684131419
13:504811-505851	-0.168376381077595	9.06264230891193	-1.53137783863532	0.140866636961731	0.262170090245616	-5.81019185344262
4:907630-908719	0.168249753559042	6.29856586174385	1.73889606828083	0.096954589478461	0.199617636847098	-5.49847641955028
7:276817-277187	0.168174779605446	5.12413080773487	1.50708825964685	0.146947987053409	0.27022974118778	-5.84465031938125
11:131893-132487	0.168128868975772	5.69085916897341	1.99430003711632	0.0595020458409158	0.143135979403111	-5.07545560687077
6:246875-247999	0.168102818266373	8.72361340670475	1.28706377395714	0.212325395815049	0.347103167154186	-6.13612465462254
9:455527-455849	0.168051420735218	4.88763297218529	1.61532547365238	0.121430451968295	0.234580363836897	-5.68776642151328
1:1046690-1048314	0.168000358788756	9.09901373634148	1.13097071863827	0.271043526358438	0.412790345008631	-6.31912089206391
2:614708-615893	0.167772671685567	8.08553711639	1.51914973315221	0.143901721465646	0.266268749599104	-5.82759415383414
12:234058-234823	0.167702995283802	5.95572262407325	1.84529845703051	0.0793972083829848	0.17558394502087	-5.32724637759292
8:289711-290078	0.167700684845174	5.02046909180696	1.93774976979723	0.0664625344263453	0.153660281039422	-5.1726085709043
16:275349-276088	-0.167525311258835	9.61158232421478	-1.5501423960733	0.13631210230762	0.255820951752162	-5.78327226394782
16:460636-460908	0.167509386595913	4.4877999079508	1.38065879392084	0.182159412490674	0.314617095580813	-6.01677896575678
15:426706-426913	0.167365976770779	4.7143757891762	1.83284905916165	0.0812972875400875	0.178550863115521	-5.34766042970225
1:753935-754393	0.167243675989774	5.47205420764532	1.82727824194433	0.0821602831551228	0.179828570856885	-5.35676316010569
13:407201-407636	0.167224801285136	4.8299429694674	1.48387783350044	0.152958967963132	0.27822085395846	-5.87716557770987
18:66658-67365	0.167142953647655	5.65691946801694	1.91478867971133	0.0694883722386551	0.158850844811144	-5.21150698016163
9:91941-93285	0.167120398552226	8.57505845217039	1.22327438530509	0.235014933951418	0.373951953205314	-6.21337811634764
17:140621-142448	-0.167034137929813	9.88084075104302	-1.51382353750238	0.145240446650528	0.267970420118617	-5.83513932312791
14:478982-479762	0.167024580484505	5.50011096572783	1.85137312881476	0.078484218557707	0.174176548784746	-5.31724954695953
2:844033-844578	0.166988687975402	5.51883261768526	1.77321035098363	0.0909583237722401	0.192042196794597	-5.44406661869388
8:260537-260975	0.166968455252523	5.24976225695641	1.8097932849039	0.084920926388509	0.182305067872886	-5.38520398005635
13:31173-32274	-0.166913347133152	8.52864216669178	-1.63711413414409	0.116770270418448	0.227555613502536	-5.65516210968325
4:525683-526363	-0.166910913761911	7.40096607638387	-1.52038226657019	0.143593379060745	0.265918065649936	-5.82584511901919
18:146028-146723	0.16686941362256	5.65683240111292	1.71147922452527	0.101986565940305	0.206650914055593	-5.54138181802958
8:507457-507662	0.16682985756415	4.56983798529366	1.90191113902689	0.0712380138060941	0.161476266115348	-5.23318177159377
3:104324-104561	0.166632278124234	3.97964881206046	1.41179856769189	0.172914330087691	0.304710449398625	-5.97552830335281
4:658602-659507	0.1665381249408	6.07362721965015	1.65387478973145	0.113288907938279	0.222990831984054	-5.62985358587296
3:803481-803970	0.166433653191055	5.40584434911152	1.93585350719435	0.06670794027789	0.15406849364491	-5.17583316493803
9:108706-109425	0.166368322055757	5.81660616572325	1.8612328045431	0.0770218850456994	0.171602766283997	-5.30097414359982
4:256522-256794	-0.166175613463893	4.82945641001264	-1.64000038564229	0.11616441108771	0.226963142707309	-5.65081796180609
5:659408-659931	-0.166134280190445	8.17973748049482	-1.67445587295949	0.109134484319259	0.217008419286097	-5.59850746580906
1:860427-860773	0.166062663341342	5.21899248938562	1.52051959300825	0.143559057871131	0.265918065649936	-5.82565017505434
7:670333-670654	0.165961545946246	4.76595323258793	1.78422687561974	0.0891023462789776	0.188925675956752	-5.42643301925607
13:417793-418046	0.165810784127388	4.29147155869475	1.33122883135974	0.197637870129318	0.331569380321899	-6.08068509254679
13:377045-377731	-0.16569274441146	8.67696264440783	-1.36496612886174	0.186965437828467	0.320389471562105	-6.0372778749638
13:59111-59326	0.16565439605399	4.16284674248378	1.58037529170018	0.129231190818503	0.245877253805622	-5.73935749885245
3:210176-210989	0.165576808839415	6.15936423134001	1.81312086985654	0.0843894198190562	0.181872543272358	-5.37980657322827
12:144549-145032	0.165473681485246	5.58479076944332	1.72341970378502	0.099768234957103	0.203816804960289	-5.52275831046754
8:669845-670077	0.165349874618113	4.40470168104012	1.46999729230862	0.156648721683258	0.282839724991635	-5.8964164717045
6:266039-266875	0.165290187003221	6.05023101187541	1.91680661987674	0.0692176589839812	0.15847480389376	-5.20810126783476
16:445128-445572	0.165082768597459	5.28256277878272	1.80186822146794	0.0861984930692935	0.184605002381894	-5.39802968027267
6:583197-583782	0.165058783597703	5.52187715436123	1.82233525277008	0.0829326862537124	0.180662022856542	-5.36482334075444
7:725544-726871	0.165040438790383	8.77653015258928	1.25452411977399	0.22367848728379	0.360527514973801	-6.17595282561335
4:648215-648374	0.164881218511503	3.99858206686333	1.59352591517869	0.126248264934451	0.24159351596691	-5.7200484816864
6:338869-339134	-0.164853449838189	4.53458941328509	-1.83346756094103	0.0812019619548943	0.17842905336775	-5.34664857007122
1:248747-249104	0.164674535610714	5.04148326649541	1.69176110911552	0.105742091847662	0.21230898499645	-5.57192334166383
17:138488-139375	-0.164589026533763	8.59958961327238	-1.50645216852886	0.14711009864025	0.270416756268485	-5.84554680199268
16:428588-429011	0.164586423937397	4.73229110864672	1.68632695440487	0.106797564811269	0.213731307034596	-5.58029348220867
16:301786-303210	-0.164467853182442	10.0229449753683	-1.26279609347377	0.220749059601317	0.356858229002138	-6.16591060970055
18:45994-46412	0.164399359808588	5.35038110841556	1.44714002156172	0.162882306440919	0.290694259820397	-5.92779769789211
5:138334-138695	0.164321042574456	4.8786373194308	1.88779751154397	0.073200013557824	0.165059577171194	-5.25681957398933
2:778722-779159	0.164120556360374	5.04704849700935	1.71814697350879	0.100742671781343	0.204971291412923	-5.53099409124266
13:438310-438525	0.164096325094301	4.31622932056446	1.59465415958953	0.12599505025237	0.241212080808217	-5.7183860756233
10:106628-106997	-0.164039603585375	4.92452181761943	-1.82467561713323	0.0825661913906636	0.180188333819898	-5.36100903257045
12:491552-491810	0.163991361596749	4.767122754525	1.5016184579719	0.148346800623572	0.271889350580869	-5.85234935267731
6:481171-481630	0.163858235871708	5.04162162720267	1.72628242751928	0.0992425721667721	0.203113741663682	-5.51827897454864
1:75858-76296	0.163633212078688	5.19168121626916	1.36898722239906	0.185724453441556	0.318751017486352	-6.03204379248247
6:622892-624372	0.163586972793668	9.2332757947519	1.33890866674179	0.195167237297969	0.329399907294762	-6.07088401384827
14:500197-501147	0.163528695375731	6.19375102528589	1.7244961333634	0.0995702983403278	0.203598289342762	-5.52107465919273
13:73692-74064	0.163487346387744	4.89379255268869	1.74640227283701	0.095614647871804	0.198134798089905	-5.48664144049011
5:55355-56298	0.163479901122297	6.24267676530454	1.79145748848182	0.08790206838461	0.187000788065358	-5.41481601414855
18:302653-303788	0.1634674626465	8.52955072042206	1.11507458670679	0.277639380346545	0.420180210580757	-6.33659569222109
2:567611-567827	0.163449724543886	4.38010645654372	1.76944572055121	0.0916001666131117	0.192760858373431	-5.45007413307174
3:220323-221099	0.163369774291909	6.00109015868924	1.82565341810538	0.0824134882552207	0.180030636129999	-5.35941437698135
2:451130-451396	0.163325925822729	4.70833031707255	1.73606659879085	0.0974638493741985	0.200205686002254	-5.5029278124511
10:586691-587586	0.163265197204804	5.93964195824786	1.8216668298963	0.0830376189817292	0.18068856711824	-5.3659120843843
3:464520-464726	0.163233689088939	4.4297672239882	1.55882998881263	0.134245143751699	0.252577243981758	-5.77072140621475
8:135020-135451	0.163216498123541	5.43061503648179	1.74117436315018	0.0965461941797061	0.199042664884888	-5.49488824092872
4:710161-711156	0.163152724026062	6.42197283623003	1.8136641774444	0.0843029136729049	0.181872543272358	-5.37892463758273
7:325690-326144	0.163042780958169	5.50207567212088	1.82404480021751	0.0826648366517373	0.180242790165689	-5.36203747997174
15:293717-294651	0.162965777583258	6.02931213707722	1.82660313528711	0.0822654063343459	0.179882735101384	-5.3578649340918
5:598934-599157	0.162943641826249	4.57282822750467	1.75812134894608	0.0935544969750312	0.195312466632574	-5.46808874596702
3:646756-647185	0.162623916154759	5.32336475465885	1.4786095259876	0.154350958969559	0.279819721485519	-5.88448936804263
6:76907-77208	0.162520185503785	4.43257441459968	1.37078674255632	0.185171210214439	0.318289683916985	-6.02969728680507
7:198398-199445	0.162501867970831	6.62091905540091	1.83496048003677	0.0809722693985141	0.178099202863759	-5.3442051686189
6:549862-550130	0.162440298274605	4.44877504115775	1.47350084972917	0.155710625165847	0.281714130251549	-5.89157117576049
7:139130-139850	0.162197099444361	5.88589424644377	1.68975963286083	0.106129799739513	0.212639652477199	-5.57500854683666
6:745570-746527	0.162035779778004	6.40467221748748	1.86050951915131	0.0771283430115028	0.171754459362929	-5.3021701604942
19:44232-44445	0.161808225555017	4.65179886452123	1.69762148137044	0.104613803812889	0.211019101336859	-5.56287396204825
4:722477-724001	0.16180199420292	9.59992535013392	1.16314004683697	0.258049707899474	0.39883649604905	-6.28309090865539
5:564152-564918	0.161791534466381	5.9064333827512	1.81685090183988	0.083797068861498	0.181722713286853	-5.37374787890381
6:368855-369688	0.161655787935773	6.05702173451661	1.69363687440783	0.105379831130786	0.211895832947618	-5.56902941634034
3:614860-615109	0.161436183136341	4.62905737998716	1.49371657078027	0.150386844621461	0.274635461658775	-5.86343204966146
4:616273-616699	0.161389800039677	5.2492083480424	1.54598512484707	0.137310496189695	0.257155556880785	-5.7892586377033
17:352031-352865	-0.161381356540046	8.73396126555015	-1.65249454550873	0.113572244982321	0.223450271886097	-5.63194519892778
9:254726-255699	0.161312770230585	6.21033342786063	1.96422228793274	0.0631190445249902	0.148851866856615	-5.12736602157612
13:178889-179297	0.16107277289492	5.17382987578934	1.5926878479342	0.126436629742421	0.241850578943195	-5.72128273461836
1:109926-110300	0.16104612877875	4.99260389331535	1.31490007235962	0.202972500996721	0.336607971271331	-6.10136631483139
14:520995-521311	0.160985207470377	4.88106043261816	1.35054107887307	0.191471444735893	0.325000449995395	-6.0559486655897
1:94997-95195	0.160821881234201	4.06626139356861	1.44589032945117	0.163228834411169	0.291080582798563	-5.92950190371989
6:156181-156648	0.16073421998495	5.46005363025777	1.66585771605609	0.110854090936049	0.219355840419875	-5.6116387983997
13:94721-95701	0.160725336935398	6.19411910304137	1.80019659683202	0.086470087680428	0.184912379483258	-5.40072977935709
16:467303-467664	0.160591866858117	4.91697845347366	1.73821781522261	0.097076455729541	0.199776650963414	-5.49954395457887
5:352130-352375	0.16052009573059	4.61436777300993	1.60893151706729	0.122827294851718	0.236360692930477	-5.69727021543905
15:427857-428793	0.160512172003767	6.17872314293103	1.83972479524472	0.0802430404946031	0.17675583132571	-5.33639807936454
6:462800-463000	0.160365351648822	4.16240993200511	1.57137030955076	0.131307495426645	0.248476618762132	-5.75250729622583
13:136268-136822	0.160152578753697	5.74063603000378	1.69722041077732	0.104690692846586	0.211079072604197	-5.56349403209167
8:27558-27790	0.160052808633231	4.58431506414283	1.44478412661092	0.163536071911525	0.291402177673852	-5.93100943287483
12:450308-450714	0.159981186972575	5.16627979272348	1.52058093661596	0.143543728806829	0.265918065649936	-5.82556308921298
7:310686-311017	-0.159958583106146	5.1306632428428	-1.74708761507899	0.0954931032878053	0.198054958865141	-5.48555898624642
6:374650-375563	0.159845415289618	6.19141820523102	1.9018228667785	0.0712501397626925	0.161476266115348	-5.23332999461055
15:209426-209802	0.159677665841738	5.13897091098206	1.6604050508469	0.111956467950725	0.220853746384946	-5.61993960939873
1:36226-36484	0.159676321352956	4.67749779828446	1.56789536462244	0.132116115729443	0.249410263182196	-5.757565937473
20:43392-45456	0.159623764546184	8.97781893576687	1.36226023867057	0.187804221385752	0.32133474576553	-6.04079279690586
1:671883-673162	0.15960284545806	8.89102021988122	1.30001185918433	0.207934054029449	0.342551647344796	-6.1200351343377
11:23527-24557	0.159547746867038	6.15549856967385	1.81919944273925	0.083425963627012	0.181181277629551	-5.36992853409079
16:213347-213761	0.159493570558925	5.31841707002112	1.87889860676424	0.0744613472195545	0.167062150453497	-5.27166006860992
16:517814-518077	0.159378960259186	4.29444408873788	1.6824889570899	0.107548406717035	0.21482618881379	-5.58619282985341
14:32246-32532	0.159378007658221	4.93631198648807	1.60839871317039	0.122944298715243	0.236484177502977	-5.69806084221717
3:571097-571328	0.159295682023021	4.40909869789829	1.30470765456093	0.206359061108393	0.340835113476445	-6.11416633452519
5:150166-150614	0.159271705650543	5.19584989748757	1.8178551555601	0.0836382062277585	0.181466122673508	-5.37211513376324
8:367232-367649	0.159257882820257	5.27362339133414	1.62750702489449	0.118806143599995	0.230405675369834	-5.66957956124714
14:535150-536074	0.159211056966054	6.22310553005205	1.64112740327103	0.115928557360854	0.226963142707309	-5.6491200742028
11:48242-48568	0.159158613545356	4.94276240339951	1.57241586975384	0.131065001125221	0.248158606191408	-5.75098350608187
8:374865-375084	0.159000556425307	4.49767050762817	1.58730230552615	0.127652702735727	0.243622285668922	-5.72920214837346
13:330922-331204	0.158736522305265	4.91906318165231	1.47043415271796	0.156531499375606	0.282765800004465	-5.89581281799121
16:218583-219161	-0.158708330819506	8.91821104102184	-1.40578357100551	0.174670188868011	0.306838212469866	-5.98355545044799
8:113326-113822	0.158704382358082	5.21176482904482	1.81634043945449	0.0838779192648192	0.181809959626794	-5.37457755413377
1:711467-711835	0.158682102223648	4.7897212549467	1.69559648883812	0.105002506644486	0.21132698729349	-5.56600354854316
1:213494-213767	0.158636209004419	4.8348443979601	1.42874116458386	0.168044664297554	0.29753477745089	-5.95276685558316
9:283466-283772	0.158499309797001	5.34270861986383	1.7862616791125	0.0887631448369047	0.188295657009472	-5.42316728285187
9:579404-580091	0.158491788367613	6.05719195142091	1.7606919440385	0.0931077463695774	0.194767205283417	-5.46400695358827
14:86124-86465	0.158039955512216	5.13317986674976	1.6320676158144	0.117835997780962	0.22876628600203	-5.66274358873887
10:556398-557154	0.15800095307761	5.79226676159594	1.66723040760793	0.110578025033614	0.219003203562149	-5.60954583302229
10:109259-109659	0.157932359936512	5.18443171119283	1.60468972928396	0.123761384815463	0.237601428725261	-5.70355897065153
9:603465-604338	0.157787578288968	6.17623491148482	1.38258630530769	0.181575937206906	0.314127725395795	-6.01424769872845
3:79139-79995	0.157768736975766	5.9077650503949	1.86647514491857	0.0762541182942436	0.170061501487312	-5.2922956158515
15:240111-240856	0.157486937621149	6.04105398475569	1.82083835515278	0.0831678377972329	0.180708369893405	-5.36726112525428
1:231824-232031	0.157460892787217	3.95046364837318	1.74686893574189	0.0955318713560858	0.198054958865141	-5.485904410404
4:423664-424540	0.157392608965918	5.80632942387727	1.39309810987084	0.178420086270602	0.310863490131263	-6.00039183597059
9:644742-645379	0.157328810924911	5.95101702255508	1.76854644171095	0.0917540642881738	0.192993981087343	-5.45150779635949
1:913129-913501	0.157323107130113	5.01557697392338	1.57798572052958	0.129779475332585	0.246454362150466	-5.74285267556991
4:169827-170128	0.157254515845967	4.63719812405723	1.72700775176967	0.0991097630725792	0.202934720728666	-5.51714317195724
13:195691-196048	0.157185679392469	5.05659946613378	1.58265632934295	0.128709612632008	0.245046459438906	-5.73601721457879
3:412960-413146	0.157012259308526	4.38141328675438	1.63680398237759	0.116835533319803	0.227569994403585	-5.65562857504367
2:646797-647245	0.156949278737611	5.2057571268351	1.7140800521464	0.101499818551674	0.205944328122074	-5.53733356725045
3:235474-236165	0.156923081383714	5.88104433984291	1.78675270153999	0.0886814589700189	0.188211574371647	-5.42237881490195
11:260506-261025	0.156874535299398	5.38268132652908	1.68469335716101	0.107116604784348	0.214137527027576	-5.58280571013072
6:489545-491172	0.156859094259318	6.98861779283928	1.76720538303956	0.0919839800676012	0.193386704923712	-5.45364476733151
1:425863-426138	0.156787923739018	4.78070722036882	1.56271984253019	0.133328135848348	0.251380259501772	-5.76508388399722
1:186197-187161	0.156740759561842	6.48809466116208	1.79838795799761	0.0867647787679758	0.185374295830768	-5.40364914241607
15:96723-97154	0.156693396160873	5.43262454217229	1.61104697151844	0.122363661673577	0.235569784796099	-5.6941290947288
12:157605-159087	0.156650758890892	7.09818221870346	1.79415087670317	0.0874585589179038	0.186385507335461	-5.41047995806711
4:773754-774233	0.156634657098744	5.28501229025167	1.73254110984315	0.0981015920181062	0.201146461691729	-5.50846666686214
4:789869-791070	0.156582148227788	6.69321451477399	1.60422928550401	0.123863137035961	0.237638834707655	-5.70424083686245
3:899930-900499	0.156568995506735	5.44997680824479	1.67641436335402	0.108745973831328	0.216524456792271	-5.59550923583556
8:473825-474813	0.156567705557407	6.3542603124542	1.79477921693665	0.0873553718952264	0.186369230030044	-5.40946771833459
5:324623-325123	0.156562828134655	5.35772996750743	1.45349501162501	0.161129335775213	0.288485962771942	-5.91911286760664
2:691813-693679	0.156451091224557	9.40106734952627	1.40403737013525	0.175182597088066	0.307376442401483	-5.98588050939114
1:641982-642802	0.156413177746786	6.03966771545384	1.69592478127323	0.104939406542465	0.211294999408041	-5.56549636995829
15:78204-78448	-0.156343588885729	4.61048492103769	-1.29851166006985	0.208439196606828	0.343066664801582	-6.12190630370289
9:103923-105316	0.156281265994618	9.03186945763499	1.43516480632149	0.166227517952637	0.294900662051526	-5.94407894184134
18:300496-300941	0.156204575993286	4.90345466009452	1.55533592905738	0.135073304456568	0.253921928075429	-5.77577587719165
14:418717-419215	0.156194333497735	5.3989421727398	1.72508626539123	0.0994619261582037	0.203469644188354	-5.52015129681896
11:105464-105960	0.156116760668901	5.14604820413429	1.50151455361232	0.148373477830418	0.271889350580869	-5.85249538658455
17:374542-374754	0.156032665037061	4.18537191887989	1.43483653017514	0.166319995860694	0.294947821502562	-5.9445237043349
7:349267-350098	0.155861813625815	5.98303494218631	1.64131141270702	0.115890087656208	0.226963142707309	-5.64884277324552
7:542106-542478	0.155718808732876	5.21918205331461	1.52214293802225	0.143153856530654	0.265653674059373	-5.82334466689734
3:668944-669613	0.155707479463611	5.57856947779737	1.34006053807583	0.194798781873105	0.32890205494682	-6.06940990577416
9:381658-382130	0.155664031654541	5.59933424921034	1.61940566479055	0.120546071547755	0.233375526058715	-5.68168650972656
13:155578-155997	0.155643189787739	5.3145435918187	1.66655798529083	0.110713184879968	0.219173912217044	-5.61057125016489
1:200287-200906	0.155636773915317	5.72116482321091	1.61571161171087	0.12134652386254	0.234519447672163	-5.68719154328086
4:327326-327632	0.155546979241491	4.9864016277866	1.51451316852616	0.145066534526077	0.267870383060528	-5.83416357273147
4:236195-237633	-0.155506893370687	9.55084255877098	-1.24122863326537	0.22844935825441	0.365976853094753	-6.19197498197758
7:755727-756274	0.155451444551526	5.68906935876335	1.91691048019911	0.0692037509775716	0.15847480389376	-5.2079259135508
2:623257-624173	0.155451319447463	6.16526661870683	1.72004433581074	0.100391092239415	0.204622280903288	-5.52803266184377
3:74870-75777	0.155372512309667	6.14020468721526	1.56840583675268	0.131997069821625	0.249395898911606	-5.75682336976867
12:375194-376729	-0.155263894275551	8.32389902458462	-1.36348318666394	0.187424758012572	0.320930840422446	-6.03920492038147
3:687267-688030	0.155226023159293	6.11044759497549	1.70082508214216	0.104001369577067	0.21006774829736	-5.55791712109369
2:118380-118842	0.155157043001148	5.7716024209628	1.45071580715831	0.161894064833083	0.289514008424475	-5.9229147797394
18:144079-145153	0.155118143358719	6.37298585032439	1.64228345409605	0.115687047749946	0.226872233947748	-5.64737751803187
11:500703-501095	0.154958035798201	5.0035703508654	1.52619466977083	0.142146617938537	0.264113018635489	-5.81758177313344
14:360326-361009	-0.154950760341896	8.73095675549051	-1.29284069823148	0.210357338545212	0.345272991319533	-6.12896303210384
6:279139-280423	0.15487204478772	7.87823850810972	1.09992183234177	0.284035349027136	0.426053023540705	-6.35304928770974
14:75390-77014	-0.154836555535674	10.7301030698902	-1.38425240712135	0.181072793775176	0.313744783918592	-6.0120573646754
18:225974-227604	-0.154815880454493	9.23744371251764	-1.53960075529811	0.138855524365701	0.259313023633345	-5.79842722757551
3:529029-529430	0.154662827986908	5.49031045737577	1.69291220059015	0.105519659618104	0.212081722698982	-5.57014772753276
16:173035-173242	0.154608339897205	4.61134383901601	1.5980896704334	0.125226624718981	0.239946220994075	-5.71331840160704
1:295062-295472	0.15452067018813	5.23747597600214	1.49511869849466	0.150023187477586	0.274083178428439	-5.86146893582676
6:492539-492920	0.154502699054238	5.06710532298486	1.70181507319695	0.103812732003533	0.209781394333099	-5.55638391506358
3:624024-624342	0.154384539844718	5.04353782726065	1.56742398795061	0.132226123583457	0.249512702006556	-5.75825146573573
3:606024-606221	0.15417634490741	4.28749806619742	1.42201444515134	0.169964677812217	0.300340267622378	-5.96183048327774
17:338588-338839	0.154032616513462	4.55267262855172	1.81474470995803	0.0841310988135796	0.181861207758794	-5.37717007302664
2:891263-892386	0.15394371650804	6.14912311572882	1.63546257261302	0.117118150325244	0.22792210471991	-5.65764526118117
5:271661-272313	0.153853749156351	5.60034526652985	1.58282108855662	0.128672007174873	0.245046459438906	-5.73577580025221
16:448703-449395	-0.153630987117507	8.74777486343261	-1.5616700692392	0.133575098918966	0.251633898468556	-5.76660639775193
17:177151-177415	-0.153471563926974	4.71296323985589	-1.2716312391824	0.217652912527316	0.353360332416491	-6.15512240136356
4:825688-825998	0.153366021063294	4.78832024843348	1.54861003521172	0.136679405820166	0.256188032014683	-5.78548030534187
1:470610-471586	0.153353245787439	6.3145745222785	1.61266032426511	0.122011059225581	0.235093198921095	-5.69173136904362
7:663697-664025	0.153307979473324	4.90536240281647	1.64030314244433	0.116101012698334	0.226963142707309	-5.65036193701288
9:466748-467634	0.153114609449611	5.82625137912657	1.73213462910003	0.0981753518811973	0.201205528855421	-5.5091047459474
7:34704-35760	-0.153088424851816	10.0583755384819	-1.22881636309856	0.232973178821138	0.371363229488396	-6.20680024328976
6:557572-558443	0.15294696129401	6.39134111212916	1.81465504790452	0.084145344340586	0.181861207758794	-5.37731569463147
17:39955-40640	0.152936438535001	6.07926664751829	1.67121844466475	0.10977928464166	0.218000034630022	-5.60345777689744
2:100483-100802	0.15262687617728	5.095289625017	1.38257042811496	0.181580737288406	0.314127725395795	-6.01426856110101
1:828111-828604	0.152534184017481	5.20780818849694	1.52075438995179	0.14350039210115	0.265918065649936	-5.82531683277104
4:760176-760515	0.152457201836858	5.22828034135368	1.59073017139694	0.126877554582915	0.242590317946658	-5.72416390712861
7:363947-364333	0.15229557172	5.16344978936135	1.61393306535659	0.12173350040328	0.234827471443872	-5.689838541661
7:149696-149977	0.152218136113539	4.73282403113263	1.55261358485938	0.135721487480052	0.255033324080904	-5.7797077965957
8:48318-49702	0.152104819644652	9.4483748667618	1.35437920454498	0.190264215132129	0.32393405360647	-6.05099702767269
4:937912-938712	0.151922808698071	6.17384822671726	1.65753653482725	0.112540119464537	0.221809588165244	-5.6242981432004
8:93760-94493	0.15191135362485	5.91520317460366	1.61292686585344	0.121952888022225	0.235082311277985	-5.69133506261611
9:71999-73191	-0.151893599013633	9.08537127898314	-1.3201087317791	0.201258718138458	0.335256428130904	-6.09479263134201
5:216571-217268	0.151790970016026	5.92088444914041	1.71718584205138	0.100921170185181	0.20514221514481	-5.53249330671312
7:339228-340935	0.151785785969503	6.98401416677634	1.68152219632223	0.107738243944649	0.214996156886425	-5.58767722565842
15:488171-488450	0.151715289058735	4.56884028421459	1.11286495263804	0.278565453674771	0.421144912762089	-6.33900744509561
4:448023-448345	0.151703516905469	4.70353723239261	1.33709458194692	0.19574863103922	0.330138882054157	-6.07320343428068
15:483161-483509	0.151629059005154	4.67326757932307	1.81374120578823	0.084290655356473	0.181872543272358	-5.37879958423258
6:748026-748600	0.151450399904645	5.57551622069026	1.52728015904563	0.1418777657888	0.263722956673865	-5.81603578155696
3:892413-893283	0.151286777895963	5.76445382462089	1.40053922523792	0.176212721443991	0.308005383903514	-5.99053110934093
7:51276-51660	0.15078804641975	5.07567756585811	1.77848547982896	0.0900654859209364	0.190516594982094	-5.43563295137361
4:650855-651083	0.150759601752286	4.33684629706736	1.29443051655027	0.209818220748604	0.34451443729668	-6.12698736562261
8:94842-95273	0.150668738607449	5.43104708150057	1.61200996768432	0.122153093632718	0.235265596858884	-5.69269813670751
4:702244-702590	0.150661447116357	4.42263339946133	1.07285879818157	0.29572376390654	0.437139883502534	-6.38193717866141
3:625370-625673	0.150621623366696	4.84899929024931	1.51599882686934	0.144692461006915	0.267289911459741	-5.83206032849852
13:13518-14301	0.150591351596178	5.9110352714933	1.67266364839155	0.109491044248908	0.217524151823396	-5.60124883218363
13:275267-275678	0.150197227950762	5.44563901399224	1.60746673288805	0.123149186539306	0.236776528758562	-5.69944331814581
4:708411-709303	0.150127946099288	6.11246530226612	1.64029952961935	0.116101769065054	0.226963142707309	-5.65036737917963
4:245612-246209	0.15012297118907	5.6463387611413	1.76199036186723	0.0928827903493301	0.19463640899045	-5.46194355525026
1:709915-710276	0.150101357673299	5.09029949916079	1.31544896332984	0.202791365388638	0.336458525151436	-6.10067461035097
18:320659-322118	0.150025437196281	6.72137298531785	1.76573136660887	0.0922372636519983	0.193737208872053	-5.45599223232058
8:478071-478448	0.149923375412944	4.86388931838965	1.57803383716348	0.129768415923251	0.246454362150466	-5.74278233717599
8:416150-416834	0.149904848325117	6.0020221738509	1.46400539243809	0.158263745632704	0.284722076146296	-5.90468143074266
14:354228-355102	-0.14987589065964	8.61032942968597	-1.04666251881484	0.307363459878341	0.449658836075054	-6.40928678285141
11:121424-121897	0.149866612359268	5.12654486217043	1.63197749430257	0.117855103940524	0.22876628600203	-5.66287881644184
18:16912-17089	0.149591638146313	4.10159189392574	1.37246662312637	0.184655931068973	0.317770068229421	-6.02750447382769
14:198536-199094	0.149431273786453	5.3709192083106	1.75200348445752	0.0946251675811276	0.196813313240301	-5.47778548415622
17:212702-213555	0.149367952642394	6.28182114982396	1.73693476455304	0.0973073496617116	0.200159787263705	-5.50156256429686
9:75076-76420	-0.149348139346385	9.60465589953509	-1.24976889155439	0.225375963250339	0.362220040038966	-6.18170009433349
6:344863-345228	0.149336946498594	4.59597029204098	1.16863826465345	0.255876029089079	0.396435135411118	-6.27684418460393
1:920565-920796	0.149303887038974	4.32931990118174	1.327003211208	0.199007713313417	0.33299384104331	-6.08605766382284
4:654751-655606	0.149302336900793	6.10568871185017	1.63828719601452	0.116523709776732	0.227358380540825	-5.65339722200243
16:124699-125050	0.149297083653519	5.03668500143461	1.32704325591126	0.198994696906819	0.33299384104331	-6.08600681729005
16:9495-10402	0.14928803508247	6.32963969394298	1.68526709836574	0.107004461435468	0.214008922870937	-5.58192359167273
8:24461-24876	-0.149187742171155	5.21851437324879	-1.30133011372265	0.207490962624861	0.342073498603639	-6.11838939024236
16:332645-333064	0.149144730696594	5.29529258397847	1.80119557578605	0.0863076910606231	0.184750466373672	-5.39911639279545
9:670800-671049	0.14909064915398	4.53063883597495	1.27997789509439	0.214758850519402	0.349803717221559	-6.14487173795296
15:434933-435206	0.14906579353444	4.75401311289194	1.52584035546978	0.142234464793048	0.264166582744267	-5.81808621069128
6:485509-488123	0.148839865971828	9.89225018993298	1.5091767742778	0.1464167479724	0.269585094168845	-5.84170471860713
13:1328-2490	0.148827760969988	6.55797591963427	1.65096127097616	0.113887698488066	0.223972468555616	-5.63426714886191
3:872696-873074	0.148274202588251	5.14061297253458	1.37207830944341	0.184774939329888	0.317852662736579	-6.02801155304063
14:136300-137583	0.148138810197559	6.5878022056408	1.80629026993725	0.0854835919790436	0.183337114373838	-5.39087818799984
4:249251-250137	0.148064999236271	6.3833499125881	1.5306522422839	0.141045247948871	0.262393403914857	-5.81122757272715
20:67308-67582	0.14804040446939	4.46095204488666	1.4195719692857	0.170666190837147	0.301460880105395	-5.96511281598119
7:293327-294486	-0.148009080535438	8.65977021971304	-1.44960494666634	0.162200552260053	0.289824220325748	-5.92443276613728
5:561960-563472	-0.147990650287676	9.84532786465964	-1.20392135273228	0.242251626370867	0.381548955433985	-6.23614681870521
15:430586-430788	-0.147960844588046	4.70642605808067	-1.1903833522196	0.247413126953094	0.387002801446788	-6.25188687260354
10:140765-142135	0.14794563650673	6.943193643275	1.56881513698069	0.131901682429362	0.249320916619014	-5.75622783659846
9:101092-101847	0.14793813764255	5.68250278756688	1.69065583006335	0.105956047134635	0.212472973344577	-5.57362743095386
9:530635-530928	0.147755089070659	5.46488770481792	1.47986654012407	0.154017895530266	0.279442278230024	-5.88274382446585
10:60797-61065	0.14771842185722	4.64301059656259	1.31754489101121	0.202100866294931	0.335811103548118	-6.09803111217657
7:498923-499799	0.147534179384529	6.25671325687165	1.74239365304558	0.0963282381319385	0.198739003721847	-5.49296650153271
13:538092-539197	-0.147485334286362	8.81557257089388	-1.29840064590234	0.208476614892829	0.343066664801582	-6.1220446967753
6:672387-672841	0.147441551639396	5.08432617531319	1.18618518655454	0.249030406199607	0.388383309459735	-6.25673644463397
15:433162-433393	-0.147406845748982	4.50173248846438	-1.71488558458957	0.101349465754913	0.205732520960993	-5.53607880366964
20:61333-62629	0.14727163138715	6.44261007871188	1.53689621656818	0.139514348798136	0.260216422023929	-5.80230215556987
3:376171-376454	-0.147169402534952	4.81610728003383	-1.44900466751764	0.162366365403224	0.289923245705919	-5.92525265156409
5:720356-720634	0.147098510043222	4.61296044108602	1.4824931156074	0.153323840877525	0.278295827967479	-5.87909259042517
8:375510-375924	0.147073459432779	5.2953822855489	1.29944940524926	0.208123330031393	0.342737316122337	-6.12073688676676
4:243342-244030	0.147060434498191	5.88025557948775	1.7409497747697	0.0965863869816748	0.199042664884888	-5.49524210899416
15:180082-180776	0.146861761539163	5.89176198303751	1.56810849455013	0.132066401385094	0.249410263182196	-5.75725592716204
8:589393-589611	0.146755243258862	4.24247969290554	1.10227047783265	0.283037027523405	0.424697866307329	-6.35051209421008
13:199513-199853	0.146736147986557	4.69922497497932	1.51323987126227	0.1453877703523	0.268131709969879	-5.83596486813064
1:743554-743967	0.146723197386124	5.34295167551209	1.41198782337338	0.172859314537455	0.304710449398625	-5.9752752800288
7:93545-94174	0.14666597298379	5.39502642005337	1.51402228769402	0.145190307969526	0.267970420118617	-5.83485815031988
8:654901-655644	0.14645792652947	6.02108357181658	1.56897131978483	0.131865299157033	0.249320916619014	-5.75600055796301
2:122397-122713	0.146341680071208	4.98955557720693	1.19914428036642	0.244063573157802	0.383308264369937	-6.2417185703208
1:468794-469796	0.146295020929173	6.49419629956834	1.71683827677865	0.100985785518186	0.205180379473173	-5.5330353000824
14:46840-47341	0.146186047656535	5.20064517523975	1.26805110139373	0.218903456350992	0.354618845684777	-6.15950169228709
9:449742-450010	0.146174905897526	4.53451051014103	1.37719279965741	0.183212356123217	0.315893107090724	-6.021323246252
1:592775-593598	0.146073235975427	5.99652078865497	1.54806069188122	0.136811281722896	0.256327876513889	-5.78627145668228
4:713794-714991	-0.145844444881453	9.58913033247287	-1.34704809148498	0.192575367908603	0.326379154395648	-6.06044482168339
11:390020-392083	0.145719153393854	7.20493886780582	1.74551098519551	0.0957729155159959	0.198193664672519	-5.48804870225457
6:452196-452560	0.145569418106796	5.27516763423629	1.58728431085447	0.127656782308956	0.243622285668922	-5.72922857438506
8:504591-504809	0.14555503253184	3.83460027437414	0.878894011859081	0.389580563407923	0.528252833024497	-6.5698250313875
16:137292-138297	0.145490770522333	6.41485852229851	1.57121311398083	0.131343985699554	0.248476618762132	-5.75273632292918
10:501053-501498	0.145450382781857	5.20767530590725	1.69608671355414	0.104908293928849	0.211294999408041	-5.56524617375009
8:333615-333986	0.145172058537634	5.1617369627977	1.5445836397878	0.137648433150419	0.25746526819109	-5.79127388030769
8:706382-707328	0.144951085716812	6.15120262389751	1.47491872703302	0.155332284233586	0.281257000092853	-5.88960765331248
1:161995-162346	0.144942783736434	4.95349024554546	1.33622275154993	0.19602852742443	0.33023097055015	-6.0743171850917
16:160265-160587	0.144862713849414	4.85270378485899	1.45367354272543	0.161080311262896	0.288485962771942	-5.91886843749156
12:389679-390417	0.144767510438726	5.92692780883714	1.62825867892423	0.118645787725473	0.230194428200788	-5.66845390357848
14:84870-85632	0.144749582538501	6.00756524314533	1.66772179789978	0.110479341922322	0.218904619054587	-5.60879628362393
9:292497-293464	0.144726118252765	6.11984043128408	1.77181505512977	0.091195757628677	0.192180890370037	-5.44629429304723
1:215097-215296	0.144725207039804	4.1693276859116	1.32932992999406	0.198252528513658	0.332475952651605	-6.08310118534716
20:63931-65850	-0.144629599858426	9.23542675626507	-1.49954065573638	0.148881019289433	0.272329972349613	-5.85526809231367
10:139147-139530	0.144544510519177	5.06916645638029	1.37849490919316	0.182816218189204	0.315331557847738	-6.01961715599504
10:382763-383382	0.144514943885261	5.71767253077009	1.51874998861996	0.144001842393043	0.266343903533579	-5.82816117126702
2:938302-938701	0.144340156603902	4.99152801395051	1.38846932128714	0.179804300573347	0.312302696688514	-6.00650385491732
10:160748-161100	0.144296473504426	4.85471480170799	1.51093659097258	0.145970342886101	0.268873767390201	-5.83922017638665
5:201211-201751	0.144291692558822	5.3442938829081	1.46268190168749	0.1586222916357	0.285137902554776	-5.90650330903619
8:379887-380262	0.144267075221261	4.97811935175465	1.17066482125444	0.255078300074486	0.395610003857727	-6.27453524087423
13:283251-283586	0.144192060196053	5.06506326832434	1.35357365700359	0.190517088733919	0.324004678964275	-6.05203725308145
6:229990-230735	0.144135125290544	5.9386670491473	1.61597108997751	0.121290152960429	0.234511760108372	-5.68680517511928
14:91834-92744	0.144118466495462	6.02101206934049	1.56394916743957	0.133039415016553	0.250941602028694	-5.76329993935699
2:1063830-1064680	-0.144103484617743	8.64985909621938	-1.27113725320067	0.217825133350289	0.353511710252318	-6.1557272808855
20:130124-130522	0.144094863509199	5.13961916098107	1.58501510203824	0.128172108005912	0.244402943863564	-5.73255913912404
15:141977-143356	0.14406395349629	6.96476989558039	1.52174437380607	0.143253254335846	0.265727959555427	-5.82391089746986
8:609116-611331	0.144006330432443	9.24962840702149	1.21258934901775	0.238989828316039	0.378272649680421	-6.22598784306452
4:666453-667270	0.143973748370723	5.81340662180936	1.47389097141087	0.155606451784517	0.281639497851799	-5.8910310746967
12:212735-213123	0.143903766914345	5.09755781548938	1.33266367908121	0.197174415974287	0.331130413032201	-6.07885752253661
9:243950-244395	0.14386383335752	5.11587266694512	1.42396357614956	0.169406526879962	0.299590523237737	-5.95920781619518
13:323949-324340	0.143745031428559	5.0505080323217	1.50065953158947	0.148593152201926	0.272031790134403	-5.85369678242214
14:277696-278304	-0.143669668540147	8.83881135506567	-1.46524958089929	0.157927284541397	0.284459768856053	-5.90296750066547
6:316758-317497	0.143629597990759	6.42199083851227	1.69053143541863	0.105980149990321	0.212472973344577	-5.57381916666351
9:70546-70932	0.143526341996673	5.19494802010027	1.40187945947466	0.175817481192192	0.307766541187426	-5.98875046842048
12:267120-267974	0.143466377922153	6.24715505445011	1.57364855151827	0.130779587211837	0.248037895067873	-5.74918598622961
5:360387-360752	0.1434604872629	5.11313969853554	1.57669468280495	0.13007650846933	0.246913677654251	-5.74473932797316
4:3219-3964	0.143376617385118	6.21065988599553	1.55839368981677	0.13434832429875	0.252665167882859	-5.77135303987189
9:641867-642147	0.143350389083288	4.76900773198751	1.34078797369805	0.194566375456044	0.328757680838525	-6.06847842210279
10:290236-290527	0.143107480422239	4.92396954835879	1.29723441623632	0.208870018711407	0.343498072625507	-6.12349794212852
12:458074-458485	-0.143024139691041	5.33121728351739	-1.51107646947462	0.145934908546467	0.268873767390201	-5.83902259405473
10:471575-471887	0.142906596223689	4.74993577800394	1.36672467031471	0.186421912249305	0.319580420998809	-6.03499043480899
6:630749-631185	0.142759636532852	5.32748376121027	1.54513199056678	0.137516128646602	0.257432953501543	-5.79048556030417
18:118565-119474	0.142699221470561	6.17106978437516	1.74430337100544	0.0959877130254981	0.198481768369094	-5.48995456647098
12:75090-75398	0.142681648748665	4.46259018415592	1.51961808249061	0.143784490537892	0.266161860896446	-5.82692967268724
14:196635-197224	0.142531510132759	5.63970778746275	1.58485821708252	0.128207799864086	0.244402943863564	-5.73278926495015
11:221678-222059	0.142447204957888	4.94449536595289	1.41245107368246	0.17272470960607	0.304616154529855	-5.97465582492565
15:481287-481571	0.142430538204089	4.82080142308357	1.39246026749282	0.178610322361876	0.310952859934562	-6.00123506503452
18:3475-4406	0.142345700097338	6.22040459265481	1.61904543167932	0.120623933551186	0.233425303318248	-5.68222377164888
18:315843-317269	-0.142319984176831	9.85637816543773	-1.31174180481866	0.204017198025933	0.338089958668669	-6.10534158265968
10:110046-110430	0.142312659178787	4.93360708493093	1.34380673171105	0.193604254437082	0.327379162395308	-6.06460836670125
18:221307-221600	-0.142300903598682	5.03079773998989	-1.33667700254064	0.195882653354593	0.330138882054157	-6.0737369620334
9:586651-587060	0.142236667649991	5.0406756274369	1.50392717661294	0.147755056515024	0.271268102117	-5.84910244271838
10:36402-36658	0.142222104653695	4.68575341935003	1.32722461875834	0.198935753841523	0.33299384104331	-6.08577651669265
8:237745-238110	0.14221940229137	5.12571863560809	1.24471458675665	0.227191012180816	0.364482785133094	-6.18778829834711
1:63258-63592	0.14204516870985	4.64355898566895	1.31926274211324	0.201536297131095	0.335593923347761	-6.09586181843884
10:172393-174126	-0.14195170860186	9.11331098675661	-1.47196289249114	0.156121856428203	0.282294459205941	-5.89369926398104
17:184018-184452	0.141910154095559	5.29231659491159	1.3263279315933	0.199227311511703	0.333203070590277	-6.08691490182847
9:130852-131768	0.141837698976113	5.90042768055808	1.60029723600464	0.124734928189478	0.239208885422496	-5.7100575776547
4:71213-71447	0.141658919608468	4.59520357433678	1.2381525806545	0.229564160629492	0.367105817426797	-6.19566098324678
7:116743-117130	-0.141646899422102	5.03785525401101	-1.38636067030264	0.18043771642084	0.31318422076074	-6.00928261334877
7:668598-669137	-0.14156867055354	6.54276643384672	-1.23844272395889	0.22945883161713	0.367068524059426	-6.19531364363136
1:870649-871008	0.14152670418643	4.95563747811852	1.57246959817689	0.131052550098158	0.248158606191408	-5.75090518129154
2:863209-863810	0.141426716382938	5.58947279537305	1.46934428114239	0.15682407676454	0.283042164354066	-5.89731853209885
17:190008-190333	0.141364100086468	4.95441101989872	1.29605528379173	0.209268362019265	0.343990153653408	-6.12496614012279
3:782866-783145	0.141274152704043	4.721231345133	1.54977911931868	0.136399104884876	0.255876946129382	-5.78379588018054
18:29716-29948	0.141164822446199	4.55798552196648	1.48366169006635	0.153015874962654	0.27822085395846	-5.8774664644784
15:443620-444036	0.14112356107195	5.08617150107481	1.31382918513295	0.203326261117038	0.337069757318467	-6.1027151300917
8:616814-617561	-0.141045253118198	6.43344612748353	-1.61456773812025	0.121595289425712	0.234696211931646	-5.68889422126628
3:89436-90318	0.140991203694024	5.9684716185795	1.63196104525736	0.117858591492556	0.22876628600203	-5.66290349768275
2:749844-750174	0.140846537378197	4.72048110792046	1.43035496482532	0.167586645864067	0.296958759654617	-5.95058720345635
9:46663-46962	-0.140839270303108	4.85949011995771	-1.41473709396227	0.172061701152892	0.303566485754965	-5.97159652937722
6:521295-521626	0.140716347247447	4.91953446758391	1.44042888719372	0.164750250326022	0.293057605557751	-5.93693559910304
7:646419-647006	0.140655085161723	5.65350086711467	1.46894393527474	0.156931661857621	0.28312217592693	-5.89787140394532
16:249788-250164	0.140644575873536	5.21360985012496	1.58968416322673	0.127113671838804	0.242937999637271	-5.72570221735708
9:576658-576870	-0.140635760697653	4.14394020691387	-1.10620421670235	0.281370666321711	0.423109262085744	-6.34625179792271
3:163785-164057	0.140628994237357	4.8232364000635	1.2818170998362	0.214125159444837	0.349279961251855	-6.14260530080175
13:512868-513178	0.140604421573868	4.53143692738112	1.40656026610214	0.174442660462864	0.306631001274732	-5.9825205195882
10:201600-202057	0.140488974240419	5.05513707340035	1.50825198857148	0.146651783527655	0.269906818696458	-5.84300942084752
7:633309-633604	-0.140354359228816	4.8001241652143	-1.08311880115063	0.291252389150531	0.433392850345006	-6.37106081571148
3:524130-524523	0.140299297848697	4.90501533803594	1.52951755584854	0.1413249341911	0.262804489172981	-5.81284644748996
7:203606-204588	0.140133485694896	6.18240308945958	1.55158746534829	0.135966472241658	0.255279332950361	-5.7811884254913
10:282901-283236	0.140106352244698	4.9346835130168	1.3103472185268	0.204479836879707	0.338594928864283	-6.10709435957499
17:52369-52731	0.140050135672992	4.75719839078429	1.13756548935505	0.26834121903463	0.410586849501358	-6.31180713246997
14:170892-171240	0.140032610318142	4.92447288328766	1.23639245683768	0.230203919853053	0.367997409022238	-6.1977665813734
11:228349-228825	0.140010074269712	5.1598236662932	1.36245810901684	0.187742783775129	0.32133474576553	-6.04053596242142
15:415147-416083	0.13996078408016	7.52288950071004	1.20320153407122	0.242524002123716	0.381693893637747	-6.23698761130893
16:36444-37266	0.139909672557444	6.32552625274847	1.66496791035058	0.111033354226361	0.219516472401586	-5.61299479938495
8:442904-443738	0.139880881700633	6.29654146220019	1.67800851682979	0.108430605519039	0.216088775736072	-5.59306680428413
4:890289-891383	-0.13984229050112	8.96954172347097	-1.35326181260207	0.190615052742421	0.324004678964275	-6.05243980742407
7:693905-694792	0.139815607664024	6.26497492791942	1.40540013387382	0.174782602269563	0.306915232545533	-5.98406619928363
4:61300-61502	-0.139721110440151	4.44884610289263	-1.14248244649627	0.266339391007775	0.408685332242305	-6.30632973779545
18:19561-20443	0.139685058594425	6.21848669246445	1.40077380634231	0.17614349126199	0.308005383903514	-5.99021954527973
8:626881-628121	0.139544846775816	9.25613689135383	1.39745417353963	0.177125218075376	0.308968229191498	-5.99462458270996
13:152765-153373	0.139530399894441	5.67226184937505	1.38595769885328	0.180558966996208	0.313248812509701	-6.00981324703733
14:229943-230496	0.139305453763881	5.41397945892731	1.49205655618685	0.150818320159717	0.27531109340738	-5.86575431780578
20:152137-154074	0.139191570270471	8.430810727812	1.35617445193941	0.189701614693621	0.323345174169325	-6.04867691685141
15:151328-152224	-0.139185754106732	9.7657753786042	-1.14962479875283	0.263451236493431	0.405086820523737	-6.29833628730706
3:570492-570712	0.13918047837128	4.40909064268492	1.38218529751895	0.181697203094217	0.314127725395795	-6.01477455560213
8:569614-570409	0.139097018013648	6.31499479611221	1.49147076852951	0.150970821314299	0.275408600316325	-5.86657330704148
12:239097-239459	0.139049184791065	4.97333940721755	1.57978822520583	0.129365713295854	0.245877253805622	-5.74021657226079
2:1037341-1038223	-0.139029297285401	9.40757895441156	-1.3069869594542	0.205597931915733	0.340013942226901	-6.11131120716294
7:184451-184937	0.138994933275193	5.37186865307357	1.3738148327708	0.184243211956523	0.31730381558961	-6.02574298936476
7:719885-720185	0.138979238736451	4.8089467882676	1.45517317930676	0.160668989609882	0.288122755406182	-5.91681429563423
1:129006-130408	-0.138965503600406	9.74500514054363	-1.28648104613394	0.212524707565614	0.347175398198426	-6.13684554612438
3:292149-292545	0.138793699456446	5.04412957350187	1.50183051584832	0.148292367454923	0.271889350580869	-5.8520512877048
16:87369-87651	0.138672193999036	4.66154491489726	1.45009541831028	0.162065172764635	0.289697968568094	-5.92376265519333
9:591646-592448	0.138624408537356	5.87669551699853	1.28481057010832	0.213096868581154	0.347856157465078	-6.13891055059474
16:254922-256039	-0.138603542841352	9.61254585365231	-1.4565274765088	0.160298264474691	0.287573159033554	-5.91495775598244
15:297596-298697	-0.138535363362671	8.759043724978	-1.32395343925811	0.200000996789261	0.334031515533109	-6.08992630039192
10:228188-228535	0.138514773027794	5.1433995013759	1.51604034811754	0.144682017792772	0.267289911459741	-5.83200152330246
11:108328-108649	0.138513235040361	4.65348505224101	1.3531874515896	0.190638418678356	0.324004678964275	-6.05253578727959
4:820150-821412	0.138509632205135	9.1545443004937	1.11100740887882	0.279345708154123	0.421561493492197	-6.34103162303421
14:37778-39297	-0.138307080680447	9.81658490068398	-1.15041352626427	0.263133726603263	0.404737649579452	-6.2974508892834
17:16631-17502	0.138183713848389	6.21402353001683	1.5521957512224	0.135821200532785	0.255113593615085	-5.78031079866253
14:541264-543030	-0.138004340060114	9.62657034625886	-1.13979877507475	0.267430615298589	0.40965757497484	-6.30932187360668
1:1078855-1080198	-0.137735431389649	9.12180256057543	-1.19255335948679	0.246580266681364	0.386176792745201	-6.24937431171632
1:114913-115321	0.137695535485044	5.31274176667994	1.3066906821377	0.205696743885353	0.340013942226901	-6.11168257156838
16:158918-159171	0.137659253434865	4.65036775547401	1.34791088078528	0.192302226001884	0.326100483447607	-6.05933514933642
1:21077-21249	0.137545060669312	4.120825176016	1.20137273251647	0.243217051539985	0.382247023417476	-6.23912180167303
8:25583-26398	0.1375232935321	5.99925287879079	1.40642002196199	0.174483726596681	0.306631001274732	-5.98270742695308
13:290203-291086	0.137448938148417	6.10381723624537	1.42358124572793	0.169515894073943	0.299665537865312	-5.95972249570293
10:206755-206987	0.137376271667148	4.44321671967748	1.66549527798281	0.110927079311104	0.219403273087275	-5.61219119491563
3:848091-850462	0.137289851934318	7.51476280287396	1.64688792052958	0.114729342741409	0.225330644190675	-5.64042771608872
12:486274-487051	0.137230609554369	6.17066495326182	1.64970408606513	0.114146902116293	0.224285133394437	-5.6361697668405
15:20624-20935	0.137182552603226	4.69264524806209	1.30684190719281	0.2056463039221	0.340013942226901	-6.1114930296632
14:57887-58299	0.137004005280982	4.91002572159638	1.35014444741197	0.191596543952629	0.325089511270648	-6.0564596976938
16:464941-466208	0.13685030802672	7.118784041102	1.40253527407262	0.175624337778488	0.307548722964206	-5.98787863872649
8:463728-463964	0.136833360543898	4.72132807179159	1.21630999527436	0.237599983480529	0.376993096795055	-6.22160785462062
16:253810-254288	0.136830500786795	5.19248860212645	1.27020015520586	0.218152127590617	0.353785841701305	-6.15687419425348
14:482977-483484	0.136721871674722	5.20841868866782	0.997404955547317	0.330123193325625	0.471689133649297	-6.4590626437332
8:581262-581584	0.136690190198954	4.85275155454982	1.35475951615129	0.190144921818312	0.32393405360647	-6.05050574136095
8:601610-602834	0.136524825414437	6.5785161129223	1.59969582521583	0.124868721446916	0.23936291100488	-5.71094627610431
1:1042110-1042413	0.136323769282107	4.89260559138605	1.21578198612967	0.237796846850642	0.377131262139115	-6.22223014005565
12:76627-77188	0.13628519567296	5.62422593975303	1.50023462436941	0.148702419568448	0.272114484868509	-5.85429361778844
1:385785-385985	0.136281973790958	4.46829657251398	1.35073862977083	0.191409160436736	0.325000449995395	-6.05569408815581
6:446170-446521	0.136146206561254	4.98908675060518	1.36848598027541	0.185878788438469	0.318893620946947	-6.03269693654544
1:956527-956739	-0.136046813273233	4.28462813885074	-1.15714065414219	0.260437177527919	0.401441028091598	-6.28987759129144
1:326461-326740	0.136009491853324	4.72005726410993	1.13478441885145	0.269478372441254	0.41152684921428	-6.31489597707759
14:171833-172088	0.136003234951563	4.61086686203371	1.266682089343	0.219383115038722	0.355267302067047	-6.16117350639383
11:94747-94994	0.135935158956785	4.51286219305659	1.29716853527647	0.208892259536781	0.343498072625507	-6.12358000373002
19:92576-92989	0.135894395579014	5.438694904872	1.32140325757949	0.200834549073822	0.334799047171109	-6.0931554527722
2:153905-154145	-0.135879781706449	4.67492156948694	-1.13149262530905	0.270828940028848	0.412603926333943	-6.31854345127512
5:630881-632329	-0.135878414919871	10.3764732014851	-1.04098331228836	0.309929312028218	0.452018116858359	-6.41513599260695
17:342467-342722	0.135803682351575	4.28610825313389	0.901774544239723	0.377584176294852	0.517156295316939	-6.54944377574382
2:697762-698054	0.135803635643718	4.83724433063268	1.46597805204095	0.157730557071597	0.284219796075872	-5.90196344909679
12:425729-427051	-0.135706569044547	9.05159893234045	-1.22028914852107	0.236120367650147	0.375443966466096	-6.21691070793681
14:79711-80465	0.13553191070018	5.80185302563274	1.43908020029316	0.165127719632128	0.293531244270614	-5.93876779669044
4:875080-875479	0.135529382295815	5.01246378667761	1.15790337709557	0.260132742740558	0.401272694522736	-6.28901648450744
10:193346-193641	0.135417339242473	4.81731603289476	1.51662816492329	0.144534239608496	0.267218197640491	-5.83116887963283
20:148953-149288	-0.13532514069852	4.65493306880781	-1.3893563197668	0.179538386609719	0.311961886050118	-6.0053339333181
6:543262-543783	0.135275050303721	5.58260932403241	1.53489765846129	0.140002854824316	0.260996575674152	-5.80516212026293
13:404428-404685	-0.134953434654983	4.69626283315657	-1.27044082659488	0.218068110743961	0.353777768644426	-6.15657970565771
1:735132-735349	0.134809167429814	4.42919942556892	1.31709475161363	0.202249008430107	0.335811103548118	-6.09859915183403
14:472074-473312	0.134762477151743	6.62005400370419	1.53332379124317	0.140388547784562	0.261606636088134	-5.80741226902343
7:589296-589588	0.13474155079819	4.77720312780542	1.43558309110985	0.166109744082747	0.294808570386351	-5.94351211141725
9:595748-596848	-0.134679065820887	8.14082794238177	-1.57277942291321	0.130980770512827	0.248158606191408	-5.75045348077653
12:187827-188134	0.134534657451308	4.84823187072011	1.2032112605277	0.242520320140754	0.381693893637747	-6.23697625311543
3:815535-816589	0.134472215286603	6.44943856597903	1.58885641236171	0.127300781606945	0.243191762045534	-5.72691898867437
12:190144-190448	0.134162368502843	4.78754528801734	1.45371409684904	0.161069176815971	0.288485962771942	-5.91881291071805
10:428009-428359	0.134040310017399	4.95535375339185	1.21281720565024	0.238904535938536	0.378272649680421	-6.22571994139933
10:489499-489855	-0.133848196411502	4.89438104052887	-1.12949617427471	0.271650473718827	0.413012065341532	-6.32075106698227
14:93620-93932	-0.133843731293078	4.995933503622	-1.44205625204089	0.164295713981491	0.292516951384707	-5.93472295312495
15:82927-83166	0.133789242084459	4.47846115837651	1.218300108145	0.236859099189307	0.376351199137855	-6.2192603061487
7:611197-611490	-0.133788659893126	4.86414568420895	-1.46411190820402	0.158234918189729	0.284722076146296	-5.9045347462509
4:39488-39919	0.133693108947733	5.24393756664923	1.30258355228226	0.207070339670086	0.341505836537695	-6.11682325416146
14:397893-398283	0.13364407128561	5.21343806827738	1.51149939276246	0.145827815656041	0.268832497066078	-5.83842511411203
4:240499-240962	0.133592107043808	5.51633954543738	1.36072467647601	0.188281546413801	0.321782436711788	-6.0427848901966
20:25604-27009	-0.133512412209766	9.14961756209517	-1.4374047622219	0.16559761297981	0.294249668796201	-5.94104193696044
4:261716-261995	0.133336025281723	4.58920441025369	1.25383218776989	0.223924874475606	0.36070884001776	-6.17679027235648
8:429340-429665	0.133301630237288	4.90439655789052	1.32872097941747	0.198449958296194	0.332528881808829	-6.08387537786844
11:169855-170751	0.133295686529712	6.12717708573565	1.48338685094465	0.153088260541385	0.27822085395846	-5.87784900876862
17:91342-91829	0.133216676085614	5.614499799147	1.36944686654016	0.185583016115797	0.318751017486352	-6.03144467783134
9:31774-32203	-0.132935406696463	5.41271679209903	-1.39252873913203	0.178589892977632	0.310952859934562	-6.00114456066496
8:278909-279267	0.132798107570628	4.79167271949729	1.291388287689	0.210850800790503	0.345702631625747	-6.13076614068824
8:152214-153072	0.132776991962136	6.01397810232048	1.46361432682871	0.158369620308153	0.28479807975062	-5.90521989905186
7:410367-410765	0.132775049520204	5.3094725075819	1.50744487722426	0.146857165142417	0.270173724281734	-5.84414758373378
16:4107-5105	0.132331499898481	6.19794498872873	1.33381451196123	0.196803316013688	0.330665030959936	-6.07739050807342
3:328032-328329	-0.132311479269544	4.87918084523134	-1.56172550250961	0.133562048538344	0.251633898468556	-5.76652602154683
15:53401-53759	0.132290025425668	4.82502139205725	1.18640753183252	0.248944552468616	0.388383309459735	-6.25647997345771
5:643571-644465	0.132279181399261	6.13940987594545	1.58324654237253	0.128574941892534	0.244998484423578	-5.73515231094316
17:36892-37457	0.132085345765033	6.10043528677916	1.44323472630583	0.163967190086749	0.292048206457736	-5.93311936978135
3:691265-692305	0.131997876592634	6.52528831568947	1.55959173154849	0.134065156584366	0.252344676565023	-5.76961829135529
1:51967-52357	-0.131896145761692	5.16588377104758	-1.29011706384967	0.211283441595786	0.34603171773975	-6.1323429011018
2:799189-799569	0.131844462034648	4.97791369554125	1.45385996727716	0.161029132127638	0.288485962771942	-5.91861317428154
1:570933-571226	0.131802551853601	4.55828103258559	1.38055414587419	0.182191133097736	0.314617095580813	-6.01691630898187
13:123909-124645	0.131777980125216	5.99379193601846	1.50468482315544	0.147561287886174	0.27102352260095	-5.84803604196696
2:441112-441836	0.131761822345573	5.9947888397019	1.60455768978748	0.123790556699577	0.237601428725261	-5.7037545220405
9:674379-674883	0.131680855364388	5.6186525369304	1.32096861841478	0.200976886357587	0.33491159468971	-6.09370528893663
1:621443-621831	0.131660581528394	5.15454198908301	1.04223554034745	0.3093622564382	0.451701464790965	-6.41384873834154
5:301992-303232	-0.131514809615336	8.72502427528367	-1.22966450629248	0.2326619045095	0.371222306697697	-6.2057913041292
12:503676-504944	0.131467652776692	8.93028873181596	1.08807744279088	0.289108961281158	0.431067571017343	-6.36577121184757
17:101082-101871	0.131413963720188	6.04651430945264	1.49600557527275	0.149793538321198	0.273847303889589	-5.86022645970281
10:545742-546653	0.131375566257883	6.32393177258098	1.48810659197038	0.151849079524929	0.276853963321216	-5.87127175416021
11:570860-571158	0.131231777706289	4.86024821334347	1.27378776037051	0.216902304796967	0.352653365881302	-6.15247942064534
4:119606-120002	0.131206218569859	5.40457722428103	1.36689812193688	0.186368370252197	0.319580420998809	-6.03476468306508
14:113914-114169	0.13117128764272	4.8809364341228	1.22638701770018	0.233866520479203	0.372389379461014	-6.20968683524821
5:781411-783121	-0.131135737979776	9.74787210070153	-1.25241372001628	0.224430622168776	0.361089671037901	-6.17850580873342
13:498242-499315	0.131121241118722	7.49434795074201	1.36456693105381	0.187088995755884	0.320478509377473	-6.03779679391026
4:32023-32781	0.131000495589857	5.96265569084676	1.52448509920694	0.142570893150353	0.264681591763161	-5.82001483053143
1:462864-463133	0.13083943306592	4.62096804305617	1.34621789925189	0.192838479204234	0.326560542130175	-6.061512008161
2:718729-719250	0.130804645895504	5.67833319162754	1.4078355107474	0.174069600245869	0.30650435314656	-5.98082026068615
18:171104-171551	0.13075133560952	5.12748058772109	1.11634416840485	0.277108309158857	0.419599726588311	-6.33520806417518
2:730477-730896	0.130669485355577	5.13937135720524	1.24342957472266	0.227654252029861	0.364833667055373	-6.18933279165915
7:594699-594955	0.130598142167709	4.74316248606525	1.35309448914636	0.190667632795331	0.324004678964275	-6.05265577032905
1:921838-923117	-0.130564712755611	9.03634944168611	-1.38225090945141	0.181677357446707	0.314127725395795	-6.0146883612118
4:535366-536074	0.130448143669177	5.67792410805931	1.372768242403	0.184563534475083	0.317733223196335	-6.02711052217274
10:381752-382001	0.130283091846942	4.45382390627717	1.36907379145365	0.185697808695541	0.318751017486352	-6.03193096843723
8:290949-291730	0.130212215729578	6.13330573435736	1.3807752948531	0.182124104245905	0.314617095580813	-6.01662605629575
15:372319-373263	0.130169327665966	9.24726301897727	1.00491687761224	0.32657832997149	0.468514296459098	-6.45161186762892
1:1070798-1071054	-0.1301609393734	4.87354396342164	-1.46719120102172	0.157403382254645	0.283744478039383	-5.90029046972491
5:628717-629629	0.130135450328146	6.23159074820779	1.54887923689418	0.13661481945896	0.256174248805323	-5.78509252648366
11:252392-252769	0.129984253213278	4.96588625591706	1.18081150549824	0.25111210000904	0.390541264642274	-6.26292214348852
14:465395-466123	-0.129950734963138	9.40332844764083	-1.24374912896593	0.227538986986053	0.364779550769905	-6.18894883816835
7:100392-101028	0.129939599608068	5.65100113877576	1.39870343431937	0.176755257284306	0.308683781351758	-5.99296786901389
13:371916-373143	-0.129892578388255	8.96721358505116	-1.31540091490491	0.202807216456339	0.336458525151436	-6.10073517001117
1:258087-258518	0.12984329811853	5.33002207506809	1.44026601315574	0.164795798299567	0.293057605557751	-5.93715693857598
2:1031754-1032189	0.129755316895274	5.21904859231632	1.3693238147162	0.185620872067454	0.318751017486352	-6.03160508385268
7:674293-674703	0.129688732601706	5.11413665632366	1.3259322250677	0.199356082001958	0.333203070590277	-6.08741706339825
4:935814-936081	0.129642025130638	4.7505255636836	1.30325295360712	0.206845977510099	0.341387387660473	-6.11598633323779
18:326013-326817	-0.129617980352064	9.5103709920977	-1.00064710199907	0.328589960097059	0.470556866544404	-6.45585310425646
3:378829-379158	0.129479169061774	4.86556914986074	1.15782542989273	0.260163842606117	0.401272694522736	-6.28910450896527
5:170421-170654	0.129469633555455	4.31649060099862	1.28054381534571	0.214563710383796	0.349628088331464	-6.14417465407643
3:980132-980301	-0.129461460186933	4.14502556020894	-1.04980959313491	0.305948139499491	0.448403363588646	-6.40603319420746
5:108060-108387	0.129235028571312	4.49464303862586	0.807480342713044	0.428601755766872	0.563482903215336	-6.63029915925835
3:185719-186018	0.129156504905635	4.7329886697616	1.37127133567698	0.185022451173318	0.31815616267836	-6.02906495781401
18:168681-169665	-0.129035370334643	8.69759427296342	-1.15105787591397	0.262874547996154	0.404477991347812	-6.29672716898868
20:96016-97769	0.129013444643377	9.33908481635927	0.967211119623528	0.344640756362331	0.487330318623975	-6.4884978231282
6:283484-283760	0.128965054754991	4.57878954297794	1.18258064462703	0.250425323210046	0.390150973438276	-6.26088837295713
3:620265-621237	0.128910669321519	6.12348084309388	1.54465389127376	0.137631477190376	0.25746526819109	-5.79117289772787
16:135269-136608	-0.128883567144094	9.42764571341777	-1.18960879329732	0.247710918463327	0.387002801446788	-6.25278273768327
1:511594-511860	0.128858344539562	4.62121281081881	1.48630190355947	0.152321933768395	0.277490018537784	-5.87378868592472
13:202114-202367	0.128843057064847	4.61254205208944	1.27816117042341	0.215386220369875	0.350570444500204	-6.14710775244841
14:505678-505934	0.128837167084601	4.42874561341291	1.33454981661614	0.196566495845201	0.330665030959936	-6.07645262795534
4:850253-851663	-0.128714642927001	9.82178655002977	-1.08251330217969	0.291514907023047	0.433495257088093	-6.37170525321443
12:335861-336586	0.128703791739434	6.10433296168425	1.15400127515196	0.261693022983425	0.403214447805098	-6.29341667884944
9:28276-28553	0.128597152860841	4.7537332399964	1.3254141827602	0.199524761594609	0.333360519931866	-6.08807428157466
6:288104-289078	0.128590266347629	6.23009029218852	1.47038529750625	0.156544605096306	0.282765800004465	-5.89588033332469
1:841992-842299	0.128463818673366	4.46663560374253	1.13741127577336	0.268404182672246	0.410586849501358	-6.31197858692434
5:35621-36580	0.128429046523877	6.13552912103772	1.44477222068786	0.163539381214637	0.291402177673852	-5.93102565311176
3:393209-394002	0.128335487405417	5.8222149721782	1.29538641913614	0.209494585384013	0.344235596247739	-6.12579847436898
6:240255-240730	0.128304812582665	5.42265438643143	1.24392309890564	0.227476253814584	0.364779550769905	-6.18873977271256
6:657786-658143	0.128278144429521	5.00306263119609	1.11200034306291	0.278928431453592	0.421144912762089	-6.33994998862526
6:297826-298711	0.12811045723071	6.12080872358312	1.38407860426175	0.181125228249697	0.313744783918592	-6.0122859560103
17:277010-277357	0.127965611647656	4.98540251627949	1.12870916909735	0.271974827180504	0.413364796760589	-6.32162036833896
6:93936-94898	0.127802046853458	6.06626292862885	1.37934760408505	0.182557174295355	0.315006134212031	-6.01849918685793
3:744343-745821	-0.127689302857727	9.86449977498534	-0.991153314996921	0.333093661590041	0.47361093687326	-6.46522472259164
13:295748-296833	0.127653790267176	6.28913186150225	1.34442017168666	0.193409201767725	0.327259387402632	-6.06382104386705
8:673687-674486	0.127615350366336	6.00497923639383	1.43715458208263	0.165667871114765	0.294257694884797	-5.94138133111908
10:196024-196338	0.127574738432622	4.84620086072251	1.39757326396205	0.177089923500763	0.308968229191498	-5.99446670300866
19:83860-84997	0.127530259568786	6.63668609879344	0.9736006684584	0.341532602813062	0.483612758681198	-6.48233754403472
1:766940-767397	0.12741464600227	5.26748276721931	1.34094211291131	0.194517157999918	0.328757680838525	-6.06828099193724
6:224963-225301	0.127408833770074	5.20335347131359	1.21562453540672	0.237855574847793	0.377131262139115	-6.22241565844197
7:336265-337475	0.127316854254673	8.52099855485216	1.18204683064342	0.250632400367417	0.390201956189412	-6.26150231561176
1:677456-678426	0.126976861815946	6.29061852149096	1.3339112103629	0.196772159474313	0.330665030959936	-6.07726719417487
14:270625-270889	0.126951972666563	4.56645755503553	0.964501591249052	0.345964623460591	0.48865183168495	-6.49109895382223
4:665035-665299	0.12689487315916	4.80486286843937	1.07840664311802	0.293299882827408	0.434724337977626	-6.37606752216295
1:925151-926113	0.126709737369985	6.26156956811033	1.38492846590909	0.180868949097575	0.313543538404626	-6.01116796342834
12:141834-142270	0.126622700346146	5.3915146153486	1.37980780093646	0.182417490551509	0.314886497380855	-6.01789558403152
14:402565-403298	0.126604498297325	5.71555793489989	1.27383216463448	0.216886870303374	0.352653365881302	-6.15242495970846
3:169641-170418	0.126539852801628	5.92700189503166	1.21031040274832	0.239844163842657	0.37907573353098	-6.22866490838306
6:219644-220592	0.126501015765945	6.33361388793324	1.47182965252559	0.156157524797567	0.282294459205941	-5.89388354505415
12:455382-455747	0.126458717317392	4.92986666894142	1.44132027089556	0.164501153770828	0.292766268102675	-5.93572388189203
7:90345-91717	0.126432675911423	6.69931881474344	1.44632137503921	0.163109242117454	0.290983247396463	-5.9289142220228
11:533859-534100	0.12637869602954	4.46596073359787	1.32854523915276	0.198506964296959	0.332528881808829	-6.08409875071893
3:909907-911519	0.126337748409737	9.44514547128887	1.21731780528053	0.23722457397226	0.376664488506504	-6.22041945096879
3:287995-288317	0.126315518666404	4.73196895320975	1.04010961921738	0.310325389224731	0.452401977862999	-6.41603329960109
17:259691-260807	0.126281056927604	6.18380229660939	1.33704156497489	0.195765642861589	0.330138882054157	-6.07327118010674
1:352246-353287	0.126227954951267	6.59474902070692	1.20236790438191	0.242839732343372	0.382008506223744	-6.23796079696351
3:286316-287241	0.126200506670767	6.13057326773255	1.28098824291349	0.214410559506741	0.349618092660172	-6.14362703740789
18:125956-126427	0.126190827433581	5.26701511821163	1.40351437075632	0.175336301112235	0.307405124864225	-5.9865764174914
11:443496-443835	0.126065678119735	5.00738510800712	1.3460933067859	0.192877990533044	0.326560542130175	-6.06167212040922
9:667524-668430	-0.126024613722056	9.54019478037702	-1.04580188205416	0.30775131982593	0.449720831714288	-6.41017502060981
2:907715-908296	-0.125916752440668	8.53806900139947	-1.08255411361105	0.291497207604424	0.433495257088093	-6.37166182737133
1:891835-892053	0.125903399038934	4.38047898644719	1.24931295403777	0.225539237152108	0.362222327051609	-6.18225016647204
11:455414-456195	-0.125880304114245	9.53100381910782	-0.97845266985668	0.33918528618144	0.48074519979358	-6.47763495262561
2:14893-16463	0.125871630931945	9.80821092163356	1.18755220505754	0.248502913817903	0.387830907339238	-6.25515895141838
7:759566-760923	0.125851593167163	6.55739439606054	1.38315966077968	0.181402664923381	0.314103802010466	-6.01349418593737
2:842329-842688	0.125788662925396	4.96759579799838	1.2925557903948	0.210454066299035	0.345305132241379	-6.12931686922427
7:413912-414586	0.125734693050946	5.81883653431456	1.32612107937141	0.199294617047041	0.333203070590277	-6.08717741824688
17:281020-281404	0.125696908718322	4.69042567571323	1.16473458264085	0.257417908931633	0.398134955210087	-6.2812819536414
6:357661-358089	0.12555415871268	5.20842962106985	1.23966539288588	0.229015378971536	0.366621186078897	-6.19384917936409
1:227025-227850	0.12543428823143	6.29852539855004	1.39491498967967	0.177879090280939	0.310162371678022	-5.99798816791909
1:216160-216688	0.125329532921468	5.53112853248543	1.39802952101319	0.176954755632633	0.308911656088794	-5.99386173441913
13:190486-190730	0.125309015127795	4.66944779274212	1.31738090108702	0.202154826000428	0.335811103548118	-6.09823807320541
7:257048-257277	0.125288307649419	4.39634470660146	1.02576196043314	0.316881065280967	0.459313357576946	-6.43067166979021
3:929511-930484	0.125158494208076	6.29422145064613	1.32287555543827	0.200352982307704	0.334369854142163	-6.09129180409245
9:246466-246874	0.125138115364952	5.12979649950319	1.25589999565551	0.223189176066704	0.359998108855699	-6.17428642398592
7:163201-163622	0.125077350209454	4.83072364653978	1.20735439636506	0.240955758631596	0.380429621035282	-6.2321308126159
5:300248-300990	0.12495623105064	6.14160450796231	1.35714036843419	0.189399457706743	0.322953132455384	-6.04742754090267
13:36535-38394	-0.124936650006497	10.0672066014906	-1.03995691033372	0.310394654606182	0.452401977862999	-6.41619006628511
4:552680-553428	0.124921546553802	5.8634780146144	1.39069531777685	0.179137562077744	0.311507275780879	-6.00356666869045
15:320651-321026	0.124914976607856	4.99870857010978	1.02796867593225	0.315866477085225	0.458287958325273	-6.42843216607937
15:34623-34843	0.124884005959071	4.03169787024608	1.19669773080656	0.244995500149648	0.383963535948817	-6.24456466074636
2:629876-630260	0.124862869197692	5.08287136774616	1.33564341384671	0.196214694724594	0.33042023084548	-6.07505694354007
3:707937-709498	-0.124815337852906	9.8819480148245	-1.15350394002491	0.26189238366775	0.403244000446113	-6.29397656099133
11:353547-353767	0.124778435524785	4.34850229498163	0.867196196043929	0.395808999322627	0.533466149041878	-6.58005746974384
2:447247-448051	0.124750335261868	6.21963453828936	1.4826005860137	0.153295497027119	0.278295827967479	-5.87894308342899
1:611437-612136	0.124683486618523	6.00707185755427	1.2529048420316	0.224255415898107	0.361067353079111	-6.1779120198097
10:332094-332266	0.124673209871293	4.29777617208753	1.16334856335426	0.25796702234421	0.39883649604905	-6.28285447599749
6:170856-171856	-0.124657308647048	9.57188987982655	-0.941248044357859	0.357469144499957	0.499697654835043	-6.51314775311206
9:404761-405302	-0.124627984948352	8.79116818174316	-0.966493566538209	0.344991012244989	0.487521342149192	-6.48918731798446
3:631003-631213	0.124587332873401	4.53992993049304	0.927916260285362	0.364180387291636	0.505448500315461	-6.52556629088097
4:428084-428709	0.124534981729577	5.59937519239704	1.41569711655168	0.171783878622411	0.303195836243657	-5.97031055526071
13:261026-262132	-0.124529246273632	8.85804286484336	-1.10610846505023	0.281411142365787	0.423109262085744	-6.34635565823533
1:1054502-1055552	0.124445687522899	6.33300414305016	1.41155738013187	0.172984462310801	0.304714070564009	-5.97585071602662
15:152952-153302	0.124368239149231	5.15728740191257	1.31853949079329	0.201773841886383	0.335654081401095	-6.0967754270216
3:256440-256641	0.124348454162146	4.32798273224666	1.16778368024969	0.256212983172833	0.396819831377716	-6.2778168007693
8:532471-533313	0.124289286916351	5.89340391411906	1.37626175681398	0.183496023800015	0.316138646085015	-6.02254232546642
3:441193-443631	-0.124204902813903	10.0447682160358	-1.04651462254555	0.307430086994204	0.449658836075054	-6.40943946892258
13:492567-492818	0.124097876498879	4.65381683045112	1.10678468914253	0.28112538041118	0.423105986119853	-6.34562199789334
15:181998-182422	0.124008637457064	5.07687452951019	1.43663399942128	0.165814143628784	0.294400677065624	-5.9420873985297
5:83633-83883	0.123863232260101	4.23981001290143	1.20147324896221	0.243178920673263	0.382247023417476	-6.23900457331109
16:519765-520142	0.123839730691011	4.96178395337136	1.34601991608792	0.192901267513892	0.326560542130175	-6.0617664280891
16:51182-51545	0.123831801287732	4.97626357407148	1.03373299919544	0.313227012510687	0.455343977914204	-6.42256173145034
16:113390-113812	0.123764864282132	5.13854064442727	1.3101393719656	0.204548857830434	0.338594928864283	-6.10735545533126
11:312343-313187	0.123670762026824	5.9687463809095	1.21646444320467	0.237542422361003	0.376993096795055	-6.22142578575852
18:318563-319094	0.123655392943115	5.22821614400864	1.03461885292702	0.312822769091565	0.454904065774478	-6.42165694936543
12:82165-82404	-0.123643992003395	4.70517863060671	-0.815755684627088	0.423958352720507	0.559115376186503	-6.62353676387138
10:226958-227269	0.123633623815445	4.69488524840044	1.25471199799776	0.223611622462439	0.360527514973801	-6.17572536786224
14:513503-514086	0.123533290440059	5.57719132811316	1.31736363406808	0.202160508244941	0.335811103548118	-6.09825986352396
12:83587-83951	0.123488956030219	5.15765154064888	1.42808800648049	0.168230326101515	0.297745725437083	-5.95364846028718
5:685184-685381	0.123387001538296	4.34828369609673	1.05773416803136	0.302404828312878	0.444082680947652	-6.39780159461432
5:421619-422558	0.123325184996208	6.30990575151786	1.233476844919	0.231266662858767	0.369168895490671	-6.20124879097338
14:126741-126948	0.123178250370294	4.31141415352983	1.01869284733125	0.32014669871915	0.462101458712323	-6.43781657232551
7:529105-529374	-0.123164027114443	4.73221376506479	-1.2880043417638	0.212003997165044	0.34683110062527	-6.13496049461155
3:275631-276129	0.123015945658568	5.74789719216881	1.42956271330173	0.167811371649617	0.297239295411034	-5.95165749615401
7:630686-630991	0.123009246634683	4.72011230361205	1.13326773318367	0.270100025378657	0.41214466708849	-6.31657770235972
18:185199-185510	0.122932057432101	4.7726794127633	1.2864995594825	0.212518373170907	0.347175398198426	-6.1368226475636
17:314551-314987	0.122690540955094	5.23076932393276	1.36139498700176	0.188073064269507	0.321548905909211	-6.04191552299071
10:310313-310787	0.122580673559816	5.3478191108219	1.38631396548704	0.180451766162187	0.31318422076074	-6.00934412089609
2:422674-422943	0.122527710628118	4.92943440256761	1.30665108044324	0.205709954323156	0.340013942226901	-6.11173220433013
15:67212-67623	0.122517450643556	5.0703948474338	1.19347413934498	0.246227504641543	0.385759296736279	-6.24830697629483
8:265094-265409	0.122395953066585	4.74300637028274	1.25000068583811	0.225292991117315	0.362216748649821	-6.18142037688207
11:380150-380495	0.122273898583028	5.00436708562115	1.18261451625345	0.250412188056061	0.390150973438276	-6.26084940884301
13:449763-450161	0.122267377529582	5.16081753483725	1.37642591721804	0.183445982485779	0.316138646085015	-6.02232742851816
3:680738-681135	0.12223492563608	5.29123494417551	1.28582655366823	0.212748738125278	0.347414575647116	-6.13765488663061
3:94416-94791	0.122120645875505	5.23831809112903	1.14698962410515	0.264514110128033	0.406581441254491	-6.30129057316766
3:76528-76903	-0.122084531761624	5.2877666601218	-1.36045941894376	0.188364098210566	0.32180065022538	-6.04312882052926
11:421958-423560	0.122043941971829	7.04203242510746	1.50142233146308	0.14839715895198	0.271889350580869	-5.85262499477694
7:369063-369267	0.121994002894465	4.29962194138998	1.09287704789556	0.2870451710355	0.428843186099765	-6.36063077369846
15:54829-55606	0.12192818467742	6.01015428541714	1.33460123662006	0.196549943350852	0.330665030959936	-6.0763870255729
1:931273-931663	0.121707513399002	4.95925102390434	1.09729016388584	0.285157011441248	0.426734464463734	-6.3558865137555
2:329793-330036	0.121704744961908	4.88069008025698	1.27635483370233	0.216011407744713	0.351460218489761	-6.14932829894459
5:687510-687674	-0.121640346768711	4.08155370392763	-1.20927944461087	0.240231410032932	0.379465763378143	-6.22987453610898
7:157797-158038	0.121628829364656	4.50329924242574	0.996268255410906	0.330661922580492	0.471952412458636	-6.46018567482021
12:390938-391827	0.121626454946068	6.19056353339337	1.14275514707945	0.266228690961016	0.408655562668556	-6.30602534609764
6:673521-673820	-0.121413915306769	4.52073767421005	-0.839065369763908	0.411049803837805	0.546339291249479	-6.60414195143337
13:438901-439648	0.121299904261417	5.95883921981265	1.40760238777476	0.174137750234965	0.30650435314656	-5.9811311737489
18:152423-152672	0.121165726151069	4.64875326125256	1.27170559256436	0.217626999438314	0.353360332416491	-6.15503133923353
3:817595-818248	0.121026131288449	8.11880851843952	1.24803384491195	0.225997777745535	0.362828570010407	-6.18379244601877
20:98100-98509	0.12100646413845	5.29975413757038	1.33178331424045	0.197458671419511	0.331392955858167	-6.07997904206695
8:190033-191644	-0.120969408766539	9.01413822839422	-1.25923683786523	0.222005890806408	0.35860641185474	-6.17023848740085
4:443837-444564	0.120808806467765	5.9392658046837	1.25673601797991	0.222892258228295	0.359778488218482	-6.17327310552336
4:608814-609879	-0.120801267787556	8.64833016212091	-1.01788813204507	0.320519936634434	0.462193052956097	-6.43862708627574
7:652198-652424	-0.120661272202057	4.56592958400685	-0.996527367829108	0.330539064746673	0.471927545073719	-6.45992978051948
4:337393-337828	-0.12054680836568	5.41576193758814	-1.31846781981999	0.201797393442884	0.335654081401095	-6.09686593854755
3:636941-637199	0.120530774963014	4.79814965244577	1.14548773036311	0.265121303760654	0.407374856035937	-6.30297167531433
5:787139-787940	0.120238658166739	6.16447300705374	1.35731232072374	0.189345707730303	0.322953132455384	-6.047205049368
12:451181-452672	0.120225419225051	8.6950980203812	0.916056088872283	0.370221491465346	0.510808671102839	-6.53647710357765
16:84135-84379	0.120145927640358	4.43104680941975	1.13935832633525	0.267610023800899	0.409792154133707	-6.30981235628356
8:596321-596885	0.120083367944233	5.13259569950106	0.904638174207366	0.376100143643889	0.515754976394009	-6.54685886170075
3:632431-633386	0.120051846940181	6.28243246667829	1.34020442360099	0.194752794939289	0.32890205494682	-6.06922569351244
8:502996-503290	-0.119982944016212	4.65646510351591	-1.13362917999844	0.269951781251619	0.412109199482349	-6.31617710432762
9:221988-222208	0.119953626533888	4.50453685448848	1.29226442847212	0.210553020988943	0.345340902142363	-6.12967865344484
9:491603-491841	0.119939975651023	4.45015719089398	1.344259395288	0.193460308102628	0.327259387402632	-6.06402742229757
11:450056-450295	0.119932930788916	4.57919681219091	1.26421653702794	0.220249009929032	0.356411629950235	-6.16418050454115
12:302807-303179	0.119930500200391	5.06760973817941	1.26275320229433	0.220764172499312	0.356858229002138	-6.16596282543761
7:556688-556953	0.119742425073798	4.76427977916333	1.40286771671969	0.17552649529598	0.307497688041019	-5.98743656629282
15:83742-84093	0.119716761654321	4.90146502911403	1.24943181903737	0.225496662160248	0.362222327051609	-6.18210677674056
3:933328-933705	0.119697085045837	5.12841361972215	1.3584594706612	0.188987432940585	0.322742369264425	-6.04572013376504
1:504823-505305	0.119689050229925	5.56820362426707	1.35783907467522	0.189181126655282	0.322920403343362	-6.04652332847949
18:229833-231159	-0.119614251520494	9.62990549255354	-1.02045399417904	0.319330920017094	0.461615499264785	-6.43604071635788
11:406054-407066	0.119567984344578	6.31416396720708	1.10372653807374	0.282419394183487	0.42419772092795	-6.34893672979753
11:289472-289566	0.119537097872073	3.24026678675597	0.642180976908301	0.527827641279318	0.651559989621132	-6.75166248295228
10:564955-565259	0.119449665996869	4.70025052031162	1.0611397690555	0.300891123347817	0.442440429732204	-6.39424700460968
16:525921-526183	0.119339319400453	4.86338094664525	1.09867335753725	0.284567070019841	0.426564703753786	-6.35439603271612
16:77695-78053	-0.119304158208299	5.01733623400477	-1.21033318610565	0.23983561134883	0.37907573353098	-6.22863816648512
6:580227-580560	0.119196703876339	4.77064047001355	1.05850550479166	0.302061512560876	0.443869773546448	-6.39699740999782
9:4545-4814	-0.119108531158158	4.66923199469967	-1.28772949459534	0.212097875319283	0.346857906441034	-6.1353007533119
17:304004-304665	-0.118993821882841	8.77137277705157	-1.09916056705114	0.284359483218667	0.426396330615329	-6.35387063552068
7:430716-431507	0.11880229424062	6.10978026726718	1.20509683828779	0.241807325456817	0.381370538669736	-6.23477284131001
4:51584-53420	0.118586893079147	9.06549529905669	1.04793261157984	0.306791707076384	0.449345445312138	-6.40797475880537
8:146669-148198	0.118560976826416	9.41071767648561	0.915631494858404	0.370438996067877	0.510808671102839	-6.53686531476278
4:203445-203781	0.118449907941793	4.75550468805287	1.11231107627177	0.278797940624199	0.421144912762089	-6.33961132132433
4:796662-796999	0.118419721003166	4.84839755266866	1.18131377500688	0.25091697651134	0.390509174848664	-6.26234501340494
15:339680-341361	-0.118416338648764	9.85524873039322	-1.06429078920066	0.299495408580916	0.440967581844795	-6.39094902030703
15:287586-288439	0.118349909605485	6.05191841344729	1.33249685005965	0.197228257628206	0.331130413032201	-6.07907009815085
4:592659-593201	0.118299417252858	5.5369915458251	1.42439285085471	0.169283798800759	0.29949181163328	-5.95862980703583
4:482599-482875	0.118158763950965	4.72183823439191	1.01835748129488	0.32030220894949	0.462176881772378	-6.43815442528767
8:703528-704096	0.117875278196202	5.62557651199463	1.26574365809485	0.219712379577564	0.355671830375833	-6.16231861130455
16:228684-229079	0.117849436352415	5.06090800205564	1.18964856032174	0.247695622839063	0.387002801446788	-6.25273675497724
9:339173-339667	0.117791637213108	5.53209871004789	1.43238665789261	0.167011456050385	0.296056743477831	-5.94784027044176
3:485541-486960	-0.117761710542897	9.9273513377407	-0.880434584663203	0.388765089091418	0.527626603630439	-6.56846796861562
8:448661-449413	-0.117759914914019	6.01532851402797	-1.25688669713754	0.222838776014199	0.359778488218482	-6.17309041025177
10:333679-333919	0.11771904523904	4.36499669578362	1.2682183285345	0.218844920703975	0.354618845684777	-6.15929737165215
4:746082-746522	0.117633118615593	5.25715779850515	1.33406292187522	0.196723285348314	0.330665030959936	-6.07707371009978
16:242281-242761	0.117623457090422	5.19695589658447	1.27905779952556	0.215076410289553	0.350193529449269	-6.14600452444604
1:1056924-1058821	0.117616759753792	7.29362280035274	1.34779755019705	0.19233808675194	0.326100483447607	-6.05948094284613
5:76623-77170	0.117511543522798	5.68054694571832	1.08758704089147	0.289320433108066	0.431067571017343	-6.36629530435573
14:174139-175801	-0.117470306669144	9.80871881127911	-1.12960339553569	0.271606305964378	0.413012065341532	-6.32063259233705
1:872640-873611	0.117436198182832	6.27508663188556	1.26347302165606	0.220510646432627	0.356706054728022	-6.16508631625019
7:702445-702759	0.117380224966491	4.83444283249928	1.22090941193107	0.235890359513488	0.375211531337019	-6.21617733049735
15:167177-167959	0.117379696226971	6.19746858089454	1.4002414225773	0.176300641111916	0.308010019366485	-5.9909265805107
5:809052-809246	-0.117345167348186	4.11525130276002	-1.01339666788679	0.32260874790422	0.464456981543676	-6.44314028214901
1:493877-494610	0.117290672099216	5.87051534859051	1.23348079147177	0.231265221811361	0.369168895490671	-6.20124408226308
14:206779-206972	0.117285346173617	4.17514256493115	0.94578677392066	0.35520353488902	0.497618473290534	-6.50888286319766
16:202445-202739	0.117201841341638	5.05991599090927	1.28313821993529	0.21367086690468	0.348665986243291	-6.14097558597039
18:149597-150460	0.117133232609604	6.05763814696529	1.38994491992068	0.179362103043912	0.311776610960991	-6.00455724807088
11:499143-499496	0.117118526881787	4.84567024965767	1.20597391949272	0.24147621445297	0.380982564642754	-6.23374689915064
20:16455-17663	0.117055193389175	8.49406480592357	0.820840642475895	0.421120849221178	0.555874512819485	-6.61934942582099
2:885809-886173	0.117031863161072	4.86032011038869	1.05724837178193	0.302621195321363	0.444109006642106	-6.39830780916362
14:491142-491872	-0.116866292847149	9.02291758415299	-1.19779013213501	0.244579057437848	0.383713936590188	-6.24329448563299
5:78794-79454	0.116780419869406	5.68662811660547	1.33412468270363	0.196703391724977	0.330665030959936	-6.07699493862483
1:501808-502022	-0.116762192916087	4.37738831833773	-1.03906673904396	0.310798634824011	0.452672107239303	-6.41710347918828
19:128055-128411	0.116634812241452	5.15693525242366	1.07670281745726	0.294042764987549	0.435518006646019	-6.37787305647371
8:353897-354298	0.11640975712811	5.02261168326474	1.28907422453492	0.211638869742916	0.346360358672502	-6.1336354003689
20:117075-117501	0.116355904654452	5.11840336223731	1.19959650608567	0.243891606794251	0.383172633208517	-6.24119193972748
9:535263-535487	0.116262091281945	4.46053261986451	1.10502040165567	0.281871385549855	0.423516724310558	-6.34753530327528
2:242135-242418	0.11622411743345	4.69365272169986	1.07460347995829	0.294959955731156	0.436341896278511	-6.38009420767197
15:218287-218553	0.116076931495225	4.6778536718946	1.02104226290994	0.319058754516117	0.461573039823575	-6.43544691722128
4:149350-149955	0.116054307805038	5.58340688181978	1.14320437613426	0.266046405125234	0.408606817559512	-6.30552377181071
12:204784-205538	0.115979427693718	6.2020360391508	1.29451816250454	0.209788530700708	0.34451443729668	-6.12687838812264
10:390855-391329	0.115918224400927	5.28144597394255	1.22376476822994	0.234833721914572	0.373796493346239	-6.21279710700518
8:225083-225919	0.115898806031487	5.91428506400294	1.40292450519614	0.175509786026638	0.307497688041019	-5.98736104201547
2:887882-888933	-0.115894095984826	9.31526027051063	-1.09762036120538	0.28501609940855	0.426734464463734	-6.35553085629567
15:395037-395463	-0.11566683755102	5.37431847497479	-1.32261948049855	0.200436675533092	0.334384852659754	-6.09161607176314
13:344215-344675	0.115587226375052	5.11933480095115	1.26843529415956	0.218768992752738	0.354618845684777	-6.1590322454968
8:414063-414414	-0.115528719912032	5.18523169061669	-1.09089669832373	0.287895407313684	0.429826498711157	-6.36275419331609
10:573649-573919	0.115462903450041	4.54683048499884	1.21150533827227	0.239395916328549	0.37876851236712	-6.22726176818014
12:1342-2341	0.115408170618045	6.36889229363402	1.17922347579645	0.251729771663558	0.391365911068456	-6.26474545189938
1:897201-897619	0.115365425445608	5.35216425862555	1.14123220590973	0.26684734904397	0.409065745391993	-6.30772445308581
1:569070-569483	0.115327601482214	5.35444787623447	1.22924680025422	0.232815165841524	0.371243563344019	-6.20628827634341
2:756463-756823	0.115262662658144	4.64236444115635	1.12396573263406	0.273935800471996	0.415217285104184	-6.32684848966125
7:403557-404599	0.114974981577477	8.92736005705077	0.885238776110031	0.386229251108541	0.525687782442655	-6.56422190147093
3:239742-240610	0.114965290947362	6.25948439462338	1.31704034279984	0.202266920278313	0.335811103548118	-6.09866780028456
1:1013122-1013550	0.114947713204407	5.21730410824651	1.2911426223779	0.210934355389197	0.345705684525996	-6.13107095404251
11:327727-328776	0.114906992064418	6.36835680580872	1.17301419054444	0.254155825882557	0.394315936447253	-6.27185412576074
7:217545-218962	0.114875669328088	7.29627389115655	1.3189717491686	0.201631844548133	0.33562816519057	-6.09622945050569
12:125343-125676	0.114803473673833	4.8458289728017	1.22667971391863	0.233758749536163	0.372350235915966	-6.20933930942772
5:560516-560719	0.114784718180663	4.51066768075449	1.07946548907846	0.292838899168936	0.434453733072641	-6.37494418572318
1:765106-765447	0.114769747174396	4.93629575059009	1.08395102207058	0.29089185316384	0.433037707979077	-6.37017455204957
1:103936-104325	-0.114726672038334	5.18333607681221	-0.979231117770219	0.338809723196067	0.48036500507621	-6.47687849409269
10:245513-245848	0.114566783497808	4.81231243443347	1.30021942873646	0.207864236962858	0.342551647344796	-6.1197760926959
3:762107-763244	-0.114531710000426	8.18916649998148	-0.928954898843968	0.363654513968046	0.505293210402834	-6.52460464492748
12:256166-256419	0.114512785945334	4.31634226742262	0.918433543275996	0.369005179605813	0.509965426947327	-6.5343003072924
5:481610-482467	0.114384084170753	5.9620044868597	1.15710264367072	0.260452356027256	0.401441028091598	-6.28992049172702
5:85146-85425	0.114357500708818	4.9259045949263	1.18987026563202	0.247610361150221	0.387002801446788	-6.25248037207201
15:401799-402545	-0.114197041466966	9.69917274237588	-0.908591939806719	0.374057528528155	0.513268392916009	-6.54327748512356
8:263006-263481	0.114142185786754	5.28389692350772	1.1535579907064	0.261870711571175	0.403244000446113	-6.29391572292189
11:155186-155462	0.114114866062267	4.82997143154622	1.0877290267305	0.289259194260442	0.431067571017343	-6.36614358572954
18:222486-223811	-0.114007992674315	8.79056394095187	-0.90601713903053	0.375386897217342	0.514934646627283	-6.54561141258356
7:14707-14932	0.113986439071465	4.74389431011412	1.04182185570667	0.309549506789489	0.451758588976118	-6.41427414811049
4:86599-87678	0.113979618295221	6.1443416861393	1.30276719446308	0.207008769747171	0.341505836537695	-6.11659369123007
13:360505-360841	0.113840323859415	4.83499470100639	0.934834857561747	0.360687054823002	0.502157156263689	-6.51914192631175
10:433181-433550	0.113828524337969	5.11199503346701	1.18884001210285	0.248006754973839	0.387326669666051	-6.25367141825988
16:413255-413547	0.113708986834492	4.68855254247556	0.96305328177513	0.346673688291154	0.489186207470308	-6.49248659001297
8:551214-551616	-0.113707982829045	5.27226953769932	-1.13551765114179	0.269178216513609	0.411336997247376	-6.31408224653135
6:202868-203146	0.113627565329432	5.0920640914563	1.02448946338487	0.317467167671793	0.459567607535235	-6.43196110056965
5:308195-308803	0.113615074793366	5.63750144931212	1.27163875195102	0.217650294124749	0.353360332416491	-6.15511320052624
5:705-1775	0.113489746953376	6.61212559021893	1.32155708479983	0.200784192080727	0.334799047171109	-6.0929608185915
3:404656-404894	0.113391206890172	4.55354488667291	0.939221599990339	0.358483838877636	0.500178822573659	-6.51504585987796
13:141005-141323	0.113355773403875	4.8839458315643	1.00055620414747	0.328632878645623	0.470556866544404	-6.45594321661074
6:269091-269338	0.113225440737285	4.57310557091965	0.993042713778804	0.332193965395081	0.472782254088516	-6.4633661002862
7:631944-632374	0.113067079034632	5.41061260368961	1.35766349257578	0.189235973630393	0.322920403343362	-6.04675058999788
13:416726-417129	0.113026766795386	5.03357221387865	1.31039064668775	0.204465417707449	0.338594928864283	-6.10703980092805
3:536570-536713	0.113009867482672	3.88454840532383	1.00705021038889	0.325576473018726	0.467526561832472	-6.44948666560628
17:90091-90480	0.112995172829825	5.40724020072792	1.06979897682631	0.297066762037815	0.438309974159429	-6.38516291803956
12:270072-271057	0.112968016841462	6.29605338232224	1.39369045500038	0.17824356471916	0.310676867477788	-5.99960846858706
18:116668-116934	0.112962730102578	4.41593765422222	1.1248320833296	0.273576871848896	0.414868446646031	-6.32589506665693
8:584199-584557	0.112817352542653	5.14711150916421	1.10617488915947	0.281383063180963	0.423109262085744	-6.34628360989486
18:77461-77942	0.112628450553929	5.22622000817664	1.24769328761139	0.226119982569092	0.362894600924796	-6.18420284274819
9:575267-575547	0.11242192275413	4.85379710548403	1.19874634559828	0.244214970104971	0.383411506906296	-6.24218183481147
2:968780-969172	0.112234165020846	5.08230621815029	1.12474491460921	0.273612970174058	0.414868446646031	-6.32599102560586
4:746813-747140	0.111964727271626	4.94583636395517	1.21256900278767	0.238997445535396	0.378272649680421	-6.22601176295649
20:141783-142647	0.111889151227833	6.1245189826521	1.25248964376078	0.22440352974284	0.361089671037901	-6.17841402650474
5:466101-466362	-0.111805701881159	4.79565044432395	-1.19730925379832	0.244762310977755	0.383866889956703	-6.24385374459084
12:14382-14854	0.111653439032374	5.21348635364905	1.25101859071545	0.224928903354994	0.361761326416441	-6.18019149474184
2:816977-817225	0.111320531866816	5.04230949407853	1.28051711811698	0.214572913013077	0.349628088331464	-6.14420754483155
15:101203-101787	0.111181247160642	5.69325327041081	1.21065789376557	0.239713746579263	0.37907573353098	-6.2282569944471
14:246524-246843	0.11115859366901	4.72407488020196	1.00025295312368	0.328776090613043	0.470611378824427	-6.45624379339739
4:540915-542551	0.11105938276162	7.02792501883246	1.29092870304768	0.211007133629361	0.345705684525996	-6.13133633793308
1:1004678-1005442	-0.111035362050089	6.06081527255582	-1.32296662557771	0.200323224368625	0.334369854142163	-6.0911764692401
1:732953-733189	0.11094153143417	4.539049007835	0.859917107038557	0.39971714478874	0.536364248244219	-6.58636041618409
8:618816-619174	0.110899989327778	4.83700887831215	1.02690331537818	0.316356014778807	0.458849488707045	-6.42951389805762
4:510102-510903	0.110862510463996	6.07978876327297	1.13312356381716	0.270159171858273	0.41214466708849	-6.31673745644909
13:221905-222161	0.110762835225245	4.5663475719567	0.938207994348412	0.358992107332764	0.500575910411667	-6.51599386459613
14:257432-257647	0.110760523312819	4.6523255162497	1.02589560827368	0.316819552370432	0.459313357576946	-6.43053615964529
9:413865-414399	0.110748765027752	5.55886106306542	1.24054098328453	0.228698211794245	0.366244435059407	-6.19279966827306
4:300035-300553	-0.110732925814449	5.45852593417139	-1.19689918502118	0.244918662082187	0.383963535948817	-6.24433049826716
11:502497-502786	0.110724560038765	4.64128314278223	1.16616201952941	0.256853297516855	0.397602355200477	-6.27966072725571
3:25006-25220	-0.110681844381268	4.61407082916992	-0.844662474114749	0.407987888709883	0.543174833392455	-6.59940891089179
17:248979-249731	0.110624199465161	5.83310671996049	1.10782347632491	0.280686817006884	0.423105986119853	-6.34449420496905
4:289622-290588	0.110445128008925	6.47098740804982	1.30499243027839	0.206263845888227	0.340803608045664	-6.11380984616757
4:331892-332419	0.11031280804836	5.41483942692564	1.3039226348504	0.206621711179997	0.341143039189105	-6.11514869817755
4:278567-279033	0.11020559127539	5.34806185442438	1.14305835579481	0.266105646377564	0.408606817559512	-6.30568682581072
15:2026-3006	0.110191533642753	6.24228225460883	1.25646630404555	0.22298801539959	0.359803300983622	-6.17360008108568
15:295245-295667	0.110151971678921	4.75840563606134	1.13064139719783	0.27117899401072	0.412856182718361	-6.31948513442141
15:205560-206674	-0.110144701993951	9.19910027071442	-0.900665097041296	0.378160170796033	0.517467164938313	-6.55044320689006
15:277323-277825	0.109921694478516	5.52018007047699	1.212567518625	0.238998001183251	0.378272649680421	-6.22601350778755
4:218756-219815	-0.109422196648055	9.74597953417369	-1.01160753331158	0.323443457546101	0.465502013608796	-6.44493304696486
1:975499-976771	0.109384840597404	8.25573489743226	0.755823258629965	0.458298611113184	0.588114846141804	-6.67104441883518
14:265937-266338	0.10933971837304	4.97074836591513	0.989230516433571	0.334010994952736	0.474613718542364	-6.46711289965014
6:96300-96578	0.109322988112702	4.60555123086185	1.06570822500358	0.298869083396017	0.440480084715367	-6.38946262119016
12:528162-528413	0.109206167156684	4.32124430016371	1.11708224222121	0.276799911743594	0.419274587128368	-6.3344007215389
8:466428-466738	0.109143212789313	4.593508325483	1.0974013569406	0.285109554046054	0.426734464463734	-6.35576675768699
10:431082-431457	0.10912636748319	5.17600531524004	1.0648903149322	0.299230380281305	0.440867406892404	-6.39032054153266
4:575485-576280	0.109121385234554	6.03217475781915	1.10230684506831	0.283021589267539	0.424697866307329	-6.35047276965567
10:278872-279134	-0.109024850265182	4.74055351442824	-1.13613853967562	0.268924242370145	0.411241854748469	-6.31339283127738
9:677156-677425	0.108919319419054	4.59144766577315	1.06441377222301	0.299441028598769	0.440967581844795	-6.39082012385783
15:106986-107527	0.108913125148951	5.36097624243104	1.09816703871969	0.284782915434075	0.426734464463734	-6.35494181772195
15:234508-235110	0.10887344871737	5.6967314676029	1.11077239662747	0.279444537810346	0.421568503956558	-6.34128750396954
1:573660-573915	0.108825459053925	4.41180135598399	1.16530575551544	0.257191875108024	0.397922859655553	-6.28063344666801
10:117139-117336	0.108810618304126	4.29104296747123	0.951432923157835	0.35239874332227	0.495078895169341	-6.50355114292616
2:953193-953595	0.108650624340865	4.60409747238782	0.97263974523263	0.341998803016516	0.484119747723569	-6.48326634996965
15:7304-8284	-0.108608689353886	9.65405667988858	-0.95821582251851	0.349049214174645	0.49183366718623	-6.49710758903428
9:600453-600698	-0.108499932712434	4.67908247097314	-1.04288516683922	0.309068371540573	0.451498051898043	-6.41318039296717
12:2850-4137	-0.108334793978107	9.20264152764241	-0.981005196941506	0.337954888184581	0.479304841417675	-6.47515248258371
8:276737-277698	0.108314401257614	6.15169241449253	1.18960359184037	0.247712919156623	0.387002801446788	-6.25278875204152
5:799616-799848	0.108234221784937	4.79359902940147	0.983500930743585	0.336754846686161	0.477754261098972	-6.47271955678475
8:593390-593662	0.108131859426102	4.58381606531899	1.19793471789375	0.244523978797667	0.383713936590188	-6.2431262950129
9:618464-618845	0.108078503210646	4.96772734637187	0.873033955673768	0.392692677744908	0.530864519959592	-6.57496690789739
10:535933-536877	0.108069932435792	6.28543026670438	1.17642842467908	0.252819682707913	0.392787538979736	-6.26794940964212
4:129499-129803	0.107956272825634	4.84363663831798	1.16007302208186	0.259268192751316	0.400167045087894	-6.28656425648811
11:583651-584393	0.107912703177655	6.03618275461447	1.27213341384174	0.217477944624348	0.353360332416491	-6.15450728936766
17:70094-71257	-0.107879579820418	9.12056006968928	-1.06136462157161	0.300791373087943	0.442439101525347	-6.39401195503141
5:192576-193447	0.107852466748721	6.17797293850863	1.11801013228944	0.276412557866577	0.418829590051049	-6.33338507835347
17:81950-82182	0.107823560111273	4.64787266411955	0.929955367730707	0.363148448924885	0.504819262689508	-6.5236774044378
1:336988-337214	0.107772279321573	4.56032398677819	0.880131832859506	0.388925257103281	0.527683980234703	-6.5687348311532
7:728807-729171	0.107752240348124	4.88972655705565	1.0395623283185	0.310573679051061	0.452515555804866	-6.4165950373191
17:28073-28577	0.107703218668595	5.42034441544885	1.10268512378031	0.28286104250014	0.424697866307329	-6.35006366169964
5:626215-627090	0.107667480406979	6.16302955430623	1.10679550320396	0.281120812273344	0.423105986119853	-6.34561026209048
8:250292-250594	0.107605871144187	4.67962746846231	1.21292077248082	0.238865775934892	0.378272649680421	-6.22559815864472
8:163668-164546	0.107589078476282	6.02103016642933	1.2593995897079	0.221948300635647	0.35860641185474	-6.17004081731647
3:488142-488684	0.107557518748465	8.78564965020791	0.790807349127428	0.438053196709967	0.570655109666227	-6.64372724834226
10:300703-301410	0.107524571842521	5.9988643526763	1.18855782146056	0.248115412014286	0.38736120829297	-6.25399749397029
1:192807-193276	0.107492899945921	5.39598496457272	1.17329279019251	0.254046599951213	0.394283141949248	-6.27153587453447
5:233043-233936	0.107385973878615	6.22349727831081	1.03050198084918	0.314704558891301	0.456898347582699	-6.42585587089548
6:779436-779637	0.107323642571411	4.36754908101032	1.23558876421786	0.230496493571431	0.368333561308721	-6.198727164117
10:236324-236778	0.107233126899658	5.43655040363606	1.21931888815001	0.236480504410054	0.375883074481321	-6.21805726344752
7:551825-552551	0.107187865725156	5.94711696069038	1.1075092498419	0.280819426966909	0.423105986119853	-6.34483545409456
3:457106-457311	-0.107154965239661	4.22606363287489	-0.947516695522284	0.354342572164506	0.496926579048308	-6.50725236728104
16:362557-362786	-0.107064943204616	4.52539346582791	-1.06633674239832	0.298591659838368	0.440216162528503	-6.38880295775855
15:329959-330157	0.107041407658209	4.34430696246089	0.954780505704625	0.350742918903475	0.4932218991555	-6.50037627062739
10:305643-306104	0.10696168429044	5.12055868180495	1.16152315633378	0.25869154281994	0.399552569241564	-6.28492300806397
10:385182-386185	0.106937647688611	6.50630845491014	1.22799571158926	0.233274665348128	0.371711428301253	-6.20777590727881
4:395005-395370	0.106882064489565	4.96414901013098	1.13554044699142	0.269168888757303	0.411336997247376	-6.31405694060393
16:104820-105158	0.106866321102697	4.95885558130953	0.870652872085627	0.393961818069219	0.531616851877547	-6.57704705670394
1:303586-303862	0.10682729485728	4.55198086239266	1.09411017353191	0.286516665686237	0.428482658072702	-6.35930683038285
3:191088-191393	0.106758139629252	4.86441566802013	1.18224670490399	0.250554850100472	0.390201956189412	-6.26127246733503
4:856886-857321	0.106598733549261	5.35029178873937	1.16899141872954	0.255736880559964	0.396356744247367	-6.27644207257954
4:459387-459829	0.106550665277402	5.17806175417765	1.08740070224387	0.289400815662895	0.431067571017343	-6.36649438930533
6:190678-191630	0.106510675815617	8.93668234176333	0.986435828608883	0.335347408488231	0.476361472673221	-6.46985132602173
6:568716-569254	0.106493673523024	5.40117055650654	1.12792486347857	0.27229835123714	0.413575643073444	-6.32248615578959
14:180997-182318	0.10640715043257	9.68309904178337	0.733933644077229	0.471248332697014	0.599916819440226	-6.68754228542227
6:719835-720317	0.106388629820056	5.39312678672042	1.11193118402563	0.278957480508267	0.421144912762089	-6.34002535347268
4:804035-804264	0.106288163373225	4.63611016365074	1.20920206436505	0.240260494507072	0.379465763378143	-6.22996529066301
2:497111-497344	-0.106259117094139	4.56939731293515	-0.966361876611727	0.345055319912565	0.487521342149192	-6.48931380777111
7:720781-721134	0.106207391438157	4.81069108438356	0.812084729098848	0.426014263420888	0.561165345224218	-6.62654455129126
3:290466-291249	0.106181855530272	6.13966790050129	1.11229057813031	0.278806547340145	0.421144912762089	-6.33963366477662
10:13906-14272	0.106152159433551	5.22909312169429	1.07896772989542	0.293055540612922	0.434631080113797	-6.37547238412438
7:190660-191035	0.106033058544758	5.0121409746323	1.19178439211574	0.246875158793311	0.386503396557839	-6.2502651223885
17:214661-214876	0.10601633006191	4.50775786655633	1.08802980494797	0.289129498836203	0.431067571017343	-6.36582213163613
16:503354-505171	0.105996892600444	9.29655801545211	0.940129298100661	0.35802909005463	0.499855959789309	-6.51419611145304
1:600599-601649	-0.105919020079252	8.30087176637131	-1.07405434358386	0.295200210166678	0.436510122466485	-6.38067456888414
12:499184-499795	0.10583816752189	5.59269243013675	1.12988662558434	0.271489660148239	0.413012065341532	-6.32031958821091
11:409873-410609	0.105657520566706	5.84442021631862	1.20604531841019	0.241449275408194	0.380982564642754	-6.23366335369839
12:420283-420631	0.105576615833506	5.02649478269873	1.09215867493596	0.287353384122899	0.429160409520886	-6.36140144143452
7:155792-156002	0.105542530987378	4.22974662055048	1.00454351159367	0.326753891299668	0.468615962017724	-6.45198339091392
7:76289-76695	0.105508253185582	5.37369069341205	1.20437885097585	0.242078631484712	0.381548955433985	-6.23561220580262
15:79257-79880	0.10549995835616	5.82927182612334	1.04585172415319	0.30772884818789	0.449720831714288	-6.41012359795887
8:515860-516707	0.105462801506549	6.18698287353139	1.11497399084256	0.277681491812154	0.420180210580757	-6.33670558177643
2:672547-673758	-0.105442015400168	9.57698824033075	-0.993615591718214	0.331921505108153	0.472695086498279	-6.46280191900826
14:286203-287195	0.105289123720146	6.19093989590309	1.18262654264582	0.25040752443867	0.390150973438276	-6.26083557408802
4:647708-647926	0.105208136072693	4.4355783913974	0.914365912214971	0.371087815133231	0.511225369411528	-6.53802146783265
5:473206-473409	0.105080851938864	4.56250564741125	1.09746836454618	0.285080957849871	0.426734464463734	-6.35569458459625
17:14660-15026	0.105035891371472	4.82380095322261	1.05738082293006	0.302562192429058	0.444109006642106	-6.39816981168199
8:391868-392744	0.105020054616564	6.1571916009614	1.17583121135632	0.253053019130895	0.393013641092951	-6.26863313262955
7:602335-602691	0.104941476984401	5.33807295175411	1.20403426113884	0.242208923372317	0.381548955433985	-6.23601489514105
14:112577-113318	-0.104578087455502	8.96565643826465	-1.05888044968553	0.301894728267703	0.443770378892032	-6.39660630811537
15:406769-406832	-0.10441102478309	2.9496242493962	-0.702635993163406	0.490135403180675	0.618333163651832	-6.71033078404586
17:216527-217660	0.104405876395408	8.96754764094921	0.862455717775122	0.398351341020704	0.535583267806426	-6.58416784815896
9:335207-335409	0.104400023985475	4.05153073255176	0.852640900636333	0.403648567243242	0.539806091120631	-6.59261146257213
4:491005-491707	0.104367710720261	5.69355309973879	0.996990140286852	0.33031972069474	0.471764859549986	-6.4594726053848
13:182110-182850	0.104337776842653	5.95374060757618	1.25375559857512	0.223952159608882	0.36070884001776	-6.17688294407802
3:281829-282067	-0.104326952458049	4.77539458050351	-1.08168176853998	0.291875701939186	0.433887625997939	-6.37258973768588
4:290960-291517	0.10430596421847	5.76689222504719	1.20222313184794	0.242894595333506	0.382008506223744	-6.23812974587263
4:392482-393541	0.104289550364213	6.11478706032406	1.04872480676031	0.306435470970633	0.448970595111146	-6.40715568629336
16:325035-326144	-0.104148587531123	8.81492812819936	-0.913928454709622	0.371312260043985	0.511225369411528	-6.53842075757071
3:255760-256142	0.104106980776078	5.4547824964987	1.07453717290109	0.294988958476044	0.436341896278511	-6.38016429912531
2:58138-58417	-0.10408500081136	5.0429970130445	-1.02966422806351	0.315088465774157	0.457307384178057	-6.426708472933
3:954928-955264	0.104042813993157	4.94125688792617	0.939356700213556	0.358416130143585	0.500178822573659	-6.51491943247435
11:477718-478115	0.103904516592363	5.08789559339343	1.17824461685134	0.252111069952937	0.391822621218523	-6.2658682696701
15:66092-66440	0.103889152744127	4.81229696258475	1.06754612993661	0.298058363518886	0.43957470679095	-6.38753266055029
1:863866-864728	0.103739302421155	6.10495281832064	1.12549192075314	0.273303733261633	0.414868446646031	-6.32516847715121
12:256769-256988	-0.103737487106518	4.33982092167186	-0.825803253105849	0.418363187504034	0.552876772148821	-6.61523935452782
7:131111-131490	0.103670246865161	5.16434451295553	1.15254853092829	0.262275683062278	0.40369530859242	-6.29505153208674
15:119016-120291	0.103650727722773	8.93808214057816	0.876938657882687	0.390617202685607	0.529017427903413	-6.57154429376019
2:639008-640412	0.103634587850387	9.11080330192976	0.862004938213906	0.398593645283906	0.535583267806426	-6.58455761998969
16:367189-367573	0.103621905654708	5.09660304514069	1.16277152422902	0.258195890849456	0.398924683273098	-6.28350867821103
18:212350-213354	0.10356333610069	6.24056538479621	1.09558480007863	0.285885582552918	0.427681773899352	-6.35772185692664
1:113031-113784	0.103481854882944	6.11904140700843	1.08027687865649	0.292486002851717	0.43436209315338	-6.37408271179921
2:463854-464074	-0.103430859009387	4.64472110981069	-0.871529331023162	0.393494347233035	0.531466716419753	-6.57628198293876
7:394415-394656	0.103274257806249	4.75720734272842	0.786826947097352	0.440328480315337	0.57243981350318	-6.64689403078229
12:142899-143286	0.103127972450891	5.20256030043929	1.05203062090127	0.3049520829576	0.447236409999415	-6.40373171723371
16:488224-488616	0.103123880890406	5.23114827313747	0.87092572386506	0.393816250314067	0.531616851877547	-6.57680895702702
12:372474-373016	0.103102424535429	5.5176084425569	1.2390688028951	0.229231675686546	0.366836246111183	-6.19456390644348
12:408449-409629	-0.103099614871303	9.93613225137327	-0.860566906850589	0.399367256748183	0.536163119737513	-6.58579976416938
7:445360-445696	0.103073411935681	4.76728750004457	1.13163556832968	0.270770189618463	0.412603926333943	-6.31838525723335
2:913159-913850	0.102891331412534	8.49668734802913	0.805569113264179	0.42967867287934	0.564331496422513	-6.63185177306778
16:358402-358998	0.102836194175083	5.53342962086178	1.017576328885	0.320664637262656	0.462252791107134	-6.43894098069186
4:122870-123121	0.102786131903308	4.70302557080773	1.03346789506013	0.313348059785355	0.455372050519236	-6.42283236446705
16:319596-320042	0.102642601059081	5.49500116674981	1.14016562525478	0.267281253579369	0.409568945916212	-6.3089132227147
13:102307-102765	0.102483652081363	5.3605003584291	0.956378889630706	0.349954177063203	0.492731958645768	-6.4988567539639
9:111287-111600	0.102420257110158	4.92421310423714	1.10568178252848	0.281591560766779	0.423238356612527	-6.34681837711597
3:913635-913838	0.10235365641587	4.20896842691377	0.951216639465062	0.352505906815168	0.495078895169341	-6.50375591707569
8:236631-237212	0.102286984204954	5.54071708108621	1.19058737500493	0.247334731950928	0.387002801446788	-6.25165081271545
1:20482-20649	0.10220692118397	4.00574728710023	0.904068668136228	0.376394973089369	0.51600119434855	-6.54737354068781
7:172574-173455	0.102077167244623	6.09533312629126	1.079764916804	0.292708633842322	0.434404457917187	-6.37462634255543
14:228118-228445	0.101921387008753	4.8703778895511	0.903177753576985	0.376856500686219	0.516475718637941	-6.54817808561426
12:216349-217552	-0.101904468391913	8.21699673817242	-1.18087196075136	0.251088608113072	0.390541264642274	-6.26285268903647
6:112103-112308	-0.101807634949507	4.55962954369411	-0.971996717798779	0.342311017399739	0.484408508972883	-6.48388741835675
1:70493-71293	0.101792441417196	5.76412406757035	1.02526762244858	0.317108662968166	0.459451991547519	-6.43117275768662
5:256166-256768	-0.101641483568573	8.43555097758713	-0.890600906104475	0.383411748987422	0.523535994041397	-6.55945744836862
5:287350-288290	0.101607450468068	6.24651919380493	1.10696968353826	0.281047241472667	0.423105986119853	-6.34542122140639
10:503428-504629	0.101549726059657	6.63036857664585	1.21738533093434	0.23719943674457	0.376664488506504	-6.22033979468786
17:119329-120572	0.101531732927858	6.79515440027621	1.125049090614	0.273487019942428	0.414868446646031	-6.32565614748905
9:364964-366096	0.101506514451951	7.97215303105853	1.04719069358148	0.307125601501649	0.449658836075054	-6.40874134431029
11:437838-440099	-0.101424871475116	10.2198717211703	-0.920631117768846	0.367883271404989	0.509166828326757	-6.5322835892134
7:305072-305912	0.101420424449399	8.59152055316736	0.792414860613366	0.437136370603325	0.570111420402238	-6.6424440613745
3:831954-832462	0.101387712714342	5.31732612300632	1.01561349855244	0.321576594089469	0.46311995982769	-6.44091498014933
6:72966-74161	-0.101335516432796	8.91143355503925	-1.0758137027189	0.294430964049321	0.435804561866653	-6.37881423440732
5:332329-332613	0.101299216546944	4.83214780681175	1.12999570295975	0.271444747415206	0.413012065341532	-6.32019902579403
18:192270-193223	0.101052429438234	6.19711576797966	1.22950914579642	0.232718899149629	0.371222306697697	-6.20597616368358
13:223952-224250	0.101051249856461	4.87900560898722	1.02297316610174	0.318166558648882	0.460431140159197	-6.43349569005758
20:138840-139214	0.100950144782604	5.02752648250296	1.01973108760271	0.319665599789514	0.461853849147148	-6.43676999586411
16:150978-152020	0.10074832428907	6.39115758950105	1.07979124258709	0.292697182871016	0.434404457917187	-6.37459839391987
2:139062-139297	-0.100633948157921	4.80346089608141	-0.957315645116561	0.349492485929783	0.49223674229758	-6.49796513968793
16:109069-109503	0.100581384632759	5.261676247076	0.945204810065005	0.355493490290521	0.497713125599116	-6.50943076561245
12:47325-47560	0.100574871321649	4.55364231899035	0.885370629408502	0.386159807065275	0.525687782442655	-6.56410506437494
7:276253-276469	-0.100563851543494	4.39519041485527	-0.858037121758219	0.400730547211914	0.537379883888994	-6.58798026238298
1:879553-880477	0.100499926416974	6.18668629123641	1.17015910606572	0.255277194539391	0.395781337983483	-6.27511175164545
5:344163-345050	0.100488494258443	6.16186426423238	1.12835629164196	0.272120353239208	0.413445587609877	-6.32200997211282
18:330157-331185	0.100314827319339	9.07520826895647	0.873144567053812	0.392633785582827	0.530864519959592	-6.57487014803942
17:204936-206562	-0.100255737102533	9.83493878454872	-0.826806411223196	0.417807135057853	0.552454945951968	-6.61440571542043
6:496959-497454	0.100070702404901	5.12007329164504	1.13162040266221	0.270776422350883	0.412603926333943	-6.31840204180736
18:73155-73392	0.100044201524021	4.10180089558785	0.927435247352319	0.364424101964823	0.505629969124162	-6.52601131209401
3:269664-270097	-0.0999442299398323	5.36405826673167	-1.13159014335897	0.270788858527932	0.412603926333943	-6.31843553064158
5:795541-795908	0.0998116173962158	4.78013829051961	1.01139520261274	0.323542619378231	0.465502013608796	-6.44514561827603
6:782161-782568	0.0997588646793055	5.15887912545883	1.01796262141836	0.320485374624689	0.462193052956097	-6.43855208444604
9:220733-221113	-0.099748114081331	5.29405485983065	-1.10764957197021	0.28076020253342	0.423105986119853	-6.34468307524336
1:1025968-1026545	0.0996228693226024	5.46025101003088	0.98420325421442	0.336417674736277	0.477427239099421	-6.47203389422396
9:655920-657174	0.0993881112334822	8.87351141188821	0.775620359768259	0.446773391396675	0.578131743247041	-6.65572908151424
11:70783-71577	0.0993120656941775	5.9143874508838	1.14119745479822	0.266861478227127	0.409065745391993	-6.30776320075238
16:170482-170966	0.0992887090824341	7.78205569491912	0.838136704512709	0.411559247448797	0.546791092781483	-6.60492441166956
9:551108-551311	0.0992075880608869	4.25724688069298	0.799972803123206	0.432841712137359	0.565856611791908	-6.63637814906091
11:394809-395325	0.0991786367366103	5.38107767419841	0.88528590569179	0.38620442812167	0.525687782442655	-6.56418014112433
6:197721-198092	0.0991091021110169	5.08818320849573	1.16605425243717	0.256895891697895	0.397602355200477	-6.27978318551092
11:205835-207559	-0.0989739768960742	9.61756320453923	-0.841322313470962	0.409813375513969	0.545275571022118	-6.60223696027815
15:74711-75026	-0.0989284159072197	4.99883764977469	-0.864790879270607	0.397097664561432	0.53455914182766	-6.58214569103976
4:307580-308342	0.0988966016910764	5.91390156670445	1.03305377239777	0.313537215495816	0.455499051139005	-6.42325499875718
10:522103-522415	0.0988917963983207	4.91998841208261	1.07049454683691	0.296761082648931	0.438309974159429	-6.3844303540416
5:492613-492812	-0.098874857443831	4.44945911106262	-0.994797908018854	0.331359686897979	0.472469837592421	-6.46163661723252
9:115365-115680	-0.0988191982148736	4.98511008195853	-1.01893852320333	0.32003281173591	0.462086085590301	-6.43756901085894
11:255105-255474	0.0987718197366618	4.88521811314803	1.11475474356811	0.277773289345054	0.420180210580757	-6.33694505410982
1:514910-515179	0.0987408726322396	4.39838866886621	0.655292187322218	0.519520207980642	0.644325976980148	-6.7430009066838
8:267412-267979	-0.0985172432300967	9.18385047766991	-0.724392143851356	0.476960231114309	0.605809873571976	-6.69458965131447
1:66642-66916	-0.0984221759399375	4.71162101704391	-0.93518007063908	0.360513343403465	0.502071476376449	-6.51882022585561
2:150651-151411	-0.0983258304754671	9.21615314875853	-0.782217902176987	0.442972185967918	0.574708262142725	-6.65054216294276
10:127873-128326	0.0982714335517665	5.15571142463522	0.935860198887625	0.360171267491491	0.501751196169285	-6.51818610247232
15:346994-347992	-0.0981655286881953	8.9449085346727	-0.902702418707133	0.377102895508494	0.51665520670218	-6.54860703958795
3:521794-522055	0.0981565510643865	4.62791932968836	1.04122679550736	0.309818996041604	0.452004506610893	-6.41488580787316
4:390898-391244	0.0981455982712491	4.91306751509961	0.992516363353697	0.332444433988746	0.472988330112405	-6.46388419995815
18:276981-279633	0.0981273469360762	9.81169870587111	0.790949901342728	0.437971845689757	0.570655109666227	-6.64361355587416
5:378582-378832	0.0981060460450731	4.56530069583186	1.08043013911484	0.292419379988152	0.43436209315338	-6.37391992626177
9:234171-234694	-0.0980722777606271	5.63552994458771	-1.03666051826633	0.311892497485466	0.453698673625267	-6.41956900180554
2:808608-809331	0.0979949260976598	5.94560276570258	1.07800003040186	0.29347704636715	0.434823985282809	-6.37649863878934
5:823177-823451	0.0979895893658842	4.46830789984567	1.05418271648469	0.303989146874997	0.445970311836279	-6.4014975066521
7:509490-510148	0.0979761960141472	5.49151108936788	1.00431712892058	0.326860371295979	0.46861852079462	-6.45220859537846
5:136273-137599	-0.0978645361267638	9.37719063467651	-0.955450884587257	0.350411965084425	0.49306631742153	-6.49973925248413
11:25170-25498	0.0978615984595663	4.91236801978018	0.910853172106098	0.372892637835075	0.51205112767237	-6.54122275375794
5:501783-502003	0.0977052763158204	4.38850981536723	0.802483334091041	0.431420971089652	0.565623979671143	-6.63435125972696
12:154972-155339	0.0976967205465957	5.10629350826716	1.06245325183021	0.300308763802374	0.441926289748259	-6.39287332481114
2:1047312-1047914	-0.0976289359396265	5.77912724854846	-1.11188811182634	0.278975573355584	0.421144912762089	-6.34007228854776
20:162499-162844	0.0975374979074495	4.89757929693613	0.948110672147742	0.354047283346681	0.49677606277735	-6.50669189958172
15:311158-311576	0.0974385950746921	5.46929215317502	0.947225062306112	0.354487615482853	0.496926579048308	-6.50752743039936
8:74656-74861	-0.0971789619487602	4.43561805851885	-0.873558161508764	0.392413628889836	0.530807918679633	-6.57450824594381
1:1064354-1064735	0.0971430884896876	5.20280358510427	1.03097269197199	0.31448899672434	0.456733533205109	-6.42537654217498
16:107429-107790	0.0970581305320719	5.04037370101479	0.985743196441282	0.335679194823587	0.47668149620253	-6.47052892541975
14:200684-201046	0.0970305963195246	4.90936646384779	0.940208254799574	0.357989551875295	0.499855959789309	-6.51412215995492
10:133896-134859	0.0968901612729942	6.39181117729847	1.13531254445004	0.269262154140932	0.411336997247376	-6.31430991762544
12:498136-498356	0.0968442170254145	4.48324463237677	1.09296069034935	0.287009300385154	0.428843186099765	-6.36054101309858
1:58550-59080	0.0968415668733122	5.48847633107327	1.07837729426053	0.29331266771502	0.434724337977626	-6.37609864454342
11:514297-515798	-0.0967719995328942	9.51952088728608	-0.862371043192109	0.398396848264252	0.535583267806426	-6.58424107748191
4:476316-476680	0.0966834454477503	4.95761137766995	1.12499709921145	0.273508545018497	0.414868446646031	-6.32571339232967
3:266793-267252	0.0965474655579817	5.4918702838159	1.04653667620621	0.307420151191572	0.449658836075054	-6.40941670225663
8:329069-329663	-0.0964320701434485	8.72175512372816	-0.734764513771162	0.470752867583952	0.599456567654557	-6.68692446196942
6:544793-545163	0.0964095250262851	5.00642792970172	0.917498788018622	0.369483084069395	0.510365301832241	-6.53515678866239
12:343068-343489	0.0963193737998438	5.23244430799653	1.07018283176215	0.296898042885933	0.438309974159429	-6.38475870035404
13:222849-223286	0.0961961987458135	5.33583129194121	1.05029058362867	0.305732235091243	0.448233699400066	-6.40553515178526
15:505741-506530	0.0961305054048607	6.22060666512016	1.10696762750554	0.281048109823924	0.423105986119853	-6.34542345300522
4:503715-504475	-0.0960555708448094	8.55212729033615	-0.841106952456638	0.409931254801033	0.545275571022118	-6.60241894353138
2:1049758-1050835	-0.0960215839255287	9.52298487956485	-0.764976185020371	0.452947943497767	0.583615478840584	-6.66401004933528
13:310867-311222	0.095992801695945	4.97529394799083	0.99153522884199	0.332911665300274	0.473502578291714	-6.46484928896583
2:274540-274833	-0.0959339989698993	5.00606633866922	-0.807602414538867	0.42853302950154	0.563482903215336	-6.6301998752313
7:44198-44554	0.0959294923256895	5.27271422010808	0.885143346731617	0.386279516634024	0.525687782442655	-6.56430645275673
2:448664-449250	0.0958477285386659	5.69594588875677	1.07646192851694	0.294147903811742	0.435529612127476	-6.37812811950872
15:289866-290143	0.0958382487029334	4.75026463419815	0.954892996117467	0.350687369583772	0.4932218991555	-6.50026940673905
17:88305-88689	-0.0958228541885475	5.29855845235587	-0.868160535307484	0.395293110580151	0.53293168191958	-6.5792187471014
4:318618-318971	-0.0956594455909254	5.18201337250908	-0.831483697778319	0.415220684525817	0.550023019809872	-6.61050633034729
9:25532-25871	0.0955355865945533	5.08661721891528	0.865032644511758	0.396968014393159	0.534545376782124	-6.58193604162109
6:785166-785740	0.0954703892894786	5.72217103960242	0.8004440153317	0.432574825716863	0.565856611791908	-6.63599816829589
8:274207-274785	0.095462842359578	5.38911802237087	1.13902434232239	0.267746125117829	0.409860347478593	-6.3101841688163
8:638726-639038	0.0954506730783926	4.73235969305687	0.995556047114465	0.330999778738098	0.472133527607307	-6.4608887265646
9:64478-65568	-0.0954288063668223	8.92671736789551	-0.91838509061517	0.369029941439319	0.509965426947327	-6.53434472239183
4:683204-683494	0.0953819394000606	4.99145867639498	0.856461133906644	0.401581356611411	0.537624574923832	-6.58933563430332
9:300076-300605	0.0953346039884737	5.46463618167879	1.17336314986539	0.254019020753897	0.394283141949248	-6.2714554905062
12:357434-359821	0.0953140017752183	9.48670174090222	0.873731656491264	0.392321301296758	0.530807918679633	-6.57435638756702
7:491826-492046	0.0952039796245838	4.49956419099734	1.08945110642335	0.288517203485211	0.430467667599935	-6.36430205766131
16:157263-157654	0.0951368021356815	5.15194062272614	0.91715026999221	0.369661373668482	0.510365301832241	-6.53547591718364
4:65420-65632	0.0951023419661281	4.2034980021304	1.00740411308283	0.325410480834471	0.467438161814856	-6.44913371709099
3:770152-770808	-0.0950698842574376	8.83388736093404	-0.794345725699424	0.436036693345322	0.569008816155587	-6.64089952013276
11:528407-528657	-0.0949617723454725	4.8581537088026	-0.925617618964784	0.36534602740457	0.506752035532338	-6.52769102132247
2:739360-740360	-0.0949295322879422	8.62229746715512	-0.92346319922318	0.366440801815987	0.507955722802217	-6.52967804200549
6:740027-740591	0.0949240503947397	5.41455060139527	1.00758450687161	0.325325892873565	0.467438161814856	-6.44895376647127
12:13266-13597	0.0946898149622042	4.86779546839629	0.96708486726461	0.344702365675493	0.487330318623975	-6.48861917253549
4:895936-896708	0.0946729293737798	6.14414595884391	0.958119928790608	0.349096416588618	0.49183366718623	-6.49719897689755
6:49922-50357	0.0946569770488095	5.3945585910769	1.03768248705754	0.311427580182385	0.453169651786852	-6.41852247476368
12:278453-280736	-0.0946296151898522	9.81014341366756	-0.80893309180022	0.427784306784215	0.562999869793045	-6.62911668939296
2:610161-610443	0.0946225905652334	4.80875107595266	0.954322687453561	0.350969057687303	0.493384893909664	-6.50081107101388
5:42676-42937	0.0945490431990468	4.65341080921715	0.964145962774736	0.346138640432618	0.488743392610851	-6.49143986048591
17:23781-24087	-0.0945264394824621	4.68942586202082	-0.933176338319145	0.361522408996499	0.503115529459373	-6.52068596259608
10:551713-551980	-0.0945009805657042	4.66087419488634	-1.01629097826002	0.321261622759337	0.462815263427999	-6.44023403463722
13:247119-247629	0.0944175902010818	5.6454733911824	0.995707578621465	0.330927875403167	0.472133527607307	-6.46073918144084
15:448531-448766	-0.0943845770883263	4.38648882965192	-0.887418023805088	0.385082543213208	0.525496787628756	-6.56228877125542
5:830916-831345	-0.0943620770184461	5.2694632287405	-0.805328542271849	0.429814346536419	0.564344093604287	-6.63204695961117
5:460561-461349	0.0941933674622684	5.89224506118301	0.944190698130349	0.355999140585047	0.498265213651867	-6.51038478475416
5:349500-349757	0.0941812823927615	4.50511301934655	0.743652795758386	0.465471956106272	0.59436014087164	-6.68027379501836
10:505590-506555	-0.0940875340534557	8.74037754535322	-0.851857485955362	0.404073334050972	0.540212736921191	-6.59328155116853
3:467810-468897	0.094081631472501	6.41394781203094	1.07025156479945	0.296867839312905	0.438309974159429	-6.38468630748149
17:105077-105838	0.0940593355337871	8.64151234034208	0.793342722352713	0.436607715591555	0.569587914598601	-6.64170228559302
14:440219-440462	-0.0939665822464617	4.4943333053252	-0.921237216433477	0.367574246979735	0.508973529204133	-6.53172659091004
18:85882-86395	0.0939508599114465	5.10606798142335	0.928604076208206	0.363832081976739	0.505293210402834	-6.52492957222283
2:93616-94379	0.0939057296849848	7.82324432489103	0.82314274112202	0.41984017908238	0.554501222063361	-6.61744569331217
6:715522-715987	0.0938675917279062	5.46309733245022	0.942104050356192	0.357041103586491	0.499255226383359	-6.51234483228388
11:587488-587721	0.093802563171649	4.66191155878671	0.994611232632574	0.331448348194804	0.472469837592421	-6.46182068982575
5:693440-694233	0.0937132611067364	5.99235878135025	1.01012614751625	0.32413573198765	0.466055745704055	-6.44641526972524
9:317094-317550	-0.0936713340271247	5.25822849277541	-1.1419651068978	0.266549493267161	0.408867557184309	-6.30690702286349
15:285366-285691	0.093652960414512	4.88402251362043	0.84919590587728	0.405518585735774	0.541175071482803	-6.5955538296917
10:439127-439400	0.0935318851088596	4.58166344624824	0.881466745474813	0.388219358291525	0.527249505665566	-6.56755752440728
2:608053-609434	-0.0934969846113773	8.87718586772948	-0.942124020293703	0.35703112187351	0.499255226383359	-6.51232609279371
2:54778-56182	-0.0934778809871961	9.23669370648128	-0.962932027025833	0.346733097363743	0.489186207470308	-6.49260267871964
2:258951-259743	0.0932235159989121	5.97721349026585	0.977161875339848	0.339808663218592	0.481476282547141	-6.47888807789114
8:64759-65015	-0.0930935824023802	5.92419492477353	-0.799106339822961	0.433332728979121	0.566305779535926	-6.63707630774416
6:238674-239057	0.0930321978626045	5.14395828687993	0.936577336147607	0.359810814715746	0.501405107928916	-6.51751701515288
4:151999-152849	0.0929816365035281	6.1234030268434	1.03888008293824	0.310883390896697	0.452672107239303	-6.41729491948311
8:682676-683176	0.0929467679155911	5.48097220044468	1.00902391236063	0.324651495483751	0.46664742896123	-6.44751685227686
17:60875-61937	-0.0929069116452119	7.76350590793957	-0.962836054491186	0.346780124285811	0.489186207470308	-6.49269455289334
10:440968-441261	0.0928744256591312	4.62334247042665	0.947433608374799	0.354383891324201	0.496926579048308	-6.50733074145933
5:410719-411237	0.0928504452001784	5.35939833564644	1.02510837838916	0.317182004888703	0.459451991547519	-6.43133412973172
15:447324-447830	0.0928210926100279	5.66402900585069	0.994392564899695	0.33155222517377	0.472469837592421	-6.46203626882428
1:952718-953577	-0.0927687461036175	6.04906083122335	-1.0838930054773	0.290916976741082	0.433037707979077	-6.37023635579624
13:244051-244192	0.0927486468127143	3.76926181573919	0.829734527531334	0.416186750965105	0.550976603762144	-6.61196699510355
17:220397-221778	0.0927277058087368	6.84019295408153	1.0579554669037	0.302306301469079	0.444082680947652	-6.39757092532987
15:93466-94534	-0.0925393732846551	9.00146505946817	-0.837520045283501	0.411897754217446	0.547078441506614	-6.60544353983945
6:749736-750128	0.0925092635380977	4.97069718081267	0.843743977683069	0.408489352122154	0.543680743413251	-6.60018762593335
15:207359-207658	-0.092465902544185	4.92883054309556	-0.886155048296886	0.385746841276713	0.525687782442655	-6.56340964645799
1:608275-609016	0.092400386947558	6.06460478133313	0.875343159618236	0.39146439526678	0.529844158818901	-6.57294451839342
8:378249-378581	0.0923956278627731	4.94368227651593	0.924149207331466	0.366091966653028	0.507629381269812	-6.52904579905682
6:460609-460902	-0.0923483112878092	4.71404016521111	-1.0697864633257	0.297072263365912	0.438309974159429	-6.38517609317503
10:513489-513644	0.0923070577743506	3.65406640925678	0.832340217350836	0.414748148356148	0.549722449523872	-6.60979003532931
18:247058-249399	0.0922292213779237	9.5749479718904	0.869847403460878	0.394391743529251	0.532036601578339	-6.57774953173409
14:330563-331258	0.092226023249089	5.92959933262765	1.0248836434079	0.317285529828877	0.459453261570383	-6.43156182937932
16:432521-432954	0.0921294479596861	4.65212670439399	0.921128042845621	0.367629897211118	0.508973529204133	-6.53182694520074
12:251235-252107	0.0920868309347602	6.30731445324307	1.00657775805269	0.325798161105399	0.467694858597744	-6.44995766912465
10:401970-403645	0.0920860314828396	9.47445803917436	0.780930167146185	0.443712557496265	0.575335286023546	-6.65155781799966
3:5256-5662	0.0919203459074289	5.25561069883109	1.08129296611394	0.292044510309705	0.433994431655458	-6.37300309054136
3:990437-991151	-0.0917392554835459	6.20314414041666	-0.997324473137378	0.330161317185712	0.471689133649297	-6.45914219654275
12:257814-258483	0.0916900209616047	5.67323453183101	0.87182312946155	0.393337726768757	0.531466716419753	-6.57602536207848
1:885032-885926	0.091682960031565	6.19610606324376	1.08952244615315	0.2884864951544	0.430467667599935	-6.36422571365811
6:483332-484494	0.0916523286277933	8.02369306245885	0.923180727387703	0.366584503453351	0.50797156918106	-6.52993824988131
3:278140-278840	0.0915255075659918	5.80258636429904	0.857838684280531	0.400837611198676	0.537379883888994	-6.5881510490258
9:658425-659165	0.0914755252670991	5.92581027852707	1.06237371173093	0.300344006571538	0.441926289748259	-6.39295655351795
5:448784-449002	0.0914522828307547	4.09862554461047	0.772004422165932	0.44886516326107	0.57987365900285	-6.65855432099784
16:264508-264868	0.0914204402616097	4.76850467008936	0.885854265273549	0.385905157486187	0.525687782442655	-6.56367636974654
17:55190-56523	-0.0912630619787489	9.51289637059513	-0.865839629101727	0.396535455628563	0.534123592956198	-6.58123586168298
16:453072-453339	0.0912446388706227	4.69095858728779	0.736132322760669	0.469937887272926	0.598929949724834	-6.68590593357636
10:6427-6649	0.0912241606434785	4.49332295927999	0.714597623121404	0.482865729456397	0.611229356630892	-6.70173274856217
8:648942-649162	0.0912240787447498	4.41675294739453	0.745628793048769	0.464302751566491	0.593775633465095	-6.67878495811357
19:103029-103700	0.091081639985763	5.85667599125291	0.922994606627146	0.366679209120644	0.50797156918106	-6.53010966089032
5:810512-810952	0.0910327141770413	5.32182322344243	0.928360088669282	0.363955609995249	0.505293210402834	-6.52515548375952
3:804977-806023	0.0910002211865626	6.38915538738429	1.0203431097698	0.319382239520059	0.461615499264785	-6.43615260859503
13:161485-161921	0.0909816516906954	5.18966258009755	1.00619045582587	0.325979972943907	0.467805822025306	-6.45034363436969
12:266018-266328	0.0909724405692041	4.73355455431699	0.929926394321527	0.363163097823998	0.504819262689508	-6.52370427005982
16:472942-473841	0.0909195601644459	6.03041388038833	0.901185119632006	0.377890117020442	0.517416997180636	-6.54997489275335
2:662430-663910	-0.0908924319750017	9.39613858061845	-0.829742461076578	0.41618236605496	0.550976603762144	-6.61196037659635
5:663198-663597	-0.0907995588316348	5.28084471213619	-0.9892406029178	0.334006178307435	0.474613718542364	-6.46710300347224
4:56444-56666	0.0907827117222677	4.3259678102971	0.99386316663414	0.331803806686699	0.472677860830574	-6.46255801103033
9:132989-133338	0.090740935111258	5.01621539332581	0.940928676165675	0.357628931584774	0.499764938424429	-6.51344714428615
14:143294-143703	0.0906879015379927	5.15248071036091	1.03778832849041	0.311379458522013	0.453169651786852	-6.41841403689524
8:549572-550412	-0.0906307993084674	9.27058583848504	-0.692591241533891	0.496288650994858	0.623985393778928	-6.71744411024838
15:449883-450297	0.0905786225914831	5.03536992547084	0.814021193991547	0.424928972781689	0.560065395221096	-6.62495949848599
9:248964-249861	0.0905535423829242	6.27809401104279	0.932799014196745	0.361712639365563	0.503115529459373	-6.52103688955476
4:913499-913756	-0.0903043423794481	4.58471447664318	-0.916775657227622	0.36985307645006	0.510472516247446	-6.53581881543434
13:112650-113100	0.090278317210772	5.28710952905085	1.01714779039927	0.320863586854237	0.462390667984406	-6.43937225159278
1:749460-749894	0.0902746167704587	5.33538779838882	0.87732884878936	0.390410197666873	0.528897107977278	-6.57120149854596
1:54252-55216	0.0901967307939175	6.14039100582445	0.779385145482484	0.44460185469253	0.575987815225403	-6.6527743181899
15:356099-356784	0.0899871852191581	5.89810103582359	0.937212863300924	0.359491584836349	0.501116267121613	-6.51692367678289
11:360971-361325	-0.0898227714486008	4.90464711652162	-0.91736078410667	0.36955367516377	0.510365301832241	-6.53528316846123
8:502232-502503	-0.0898076942497115	6.23323886523983	-0.92038002575467	0.36801134363621	0.509186638057396	-6.53251424129915
11:157623-158973	-0.0897716359387548	9.57134237666398	-0.776522696644926	0.44625233162222	0.577791563882284	-6.65502211814524
17:239959-240282	0.0897400361621763	4.99242615096101	0.756312479183274	0.458011659741536	0.587958544428016	-6.67067045905647
15:468825-469082	0.0896294069089336	5.03581577711567	0.97430120387252	0.341193007428154	0.483284778876081	-6.48165989608964
3:476279-476843	0.0894614670919651	5.64598808406198	0.883868667760579	0.386951339642313	0.526282040789728	-6.56543502018566
16:11285-12590	-0.0893721525707605	9.16354894591727	-0.758139333155813	0.456941079529052	0.587656562068345	-6.6692719912177
9:266433-266722	0.0893686098705331	4.65457017138654	0.780008629076992	0.444242853127895	0.5756893487552	-6.6522836805049
17:77844-78583	0.0892464960881414	5.92882237942975	0.950891782648698	0.35266690735578	0.495149647843309	-6.50406340656573
14:517956-518361	0.0891794432694626	5.22299552395306	0.777745306093935	0.445546921736057	0.577045145165101	-6.65406299128367
17:153181-153457	0.089173224037296	4.65166957491337	0.886591527634931	0.385517177524238	0.525687782442655	-6.56302244356641
4:637065-637509	0.0891525039178074	5.13547703499649	1.00400485071524	0.327007292318779	0.468679039519325	-6.45251917286786
3:179179-179398	0.0891340450456486	4.31805525995076	0.915713450684859	0.370397006339433	0.510808671102839	-6.53679039452111
12:186654-187041	0.0891045566224848	5.05366269106283	0.699062049491984	0.492319678479013	0.620389324569838	-6.71287291147968
9:311992-312461	0.0890737929581356	5.1973193759579	0.928572118166882	0.363848260353959	0.505293210402834	-6.5249591657335
7:457798-458930	0.089051393661987	6.40128657301534	0.911471475197178	0.37257453495769	0.511861147474101	-6.5406600956736
9:273316-273538	0.0889451320689125	3.70711972223052	0.735245469920879	0.470466204467414	0.599262017984105	-6.68656652649516
5:64318-64625	-0.088916270762998	4.77657553412646	-0.884891271006737	0.386412313131907	0.52570866674116	-6.56452975350845
2:357039-357251	0.0888248924515933	4.7745006511835	0.767282997623726	0.451605413136755	0.582196379377913	-6.66222455892383
8:691032-692536	-0.0888008683900168	9.69887146301449	-0.727626092602208	0.47501971942886	0.603898668999385	-6.69221086055954
3:918703-919380	0.0887788667157965	5.73111850224885	0.804498617260159	0.430282600415491	0.564627651556652	-6.63271989677671
4:429042-430243	0.0886554067013767	6.51244165573042	1.04213126430294	0.30940944840239	0.451701464790965	-6.41395598421152
1:581754-582473	0.0886392272452596	5.92131950464137	0.984511975504479	0.336269537422964	0.477368363306434	-6.47173235574542
6:284729-285086	0.0885815741524816	5.12964053935847	0.999519024464053	0.329122872282879	0.470891686129166	-6.45697090794872
1:935839-936216	0.0885745979085826	4.95479942681282	1.00116481907191	0.328345587983098	0.470446495458497	-6.45533971955484
6:47164-47618	0.0885239745972717	5.41416274667553	1.02031014359043	0.319397498039106	0.461615499264785	-6.43618587228641
16:521552-521950	-0.0884425380142071	5.28895431419745	-0.857557208250925	0.400989509049568	0.537379883888994	-6.58839324034804
1:440664-440874	-0.0884396769422899	4.66401953996904	-0.789332570783606	0.438895363837966	0.571240374684134	-6.64490232590109
9:26780-27145	-0.0882838514226085	4.96044734720934	-1.06971683964802	0.29710287345838	0.438309974159429	-6.38524939559736
4:729272-730811	0.0881719196402475	7.01327341979313	1.01911542987561	0.319950821438498	0.462086085590301	-6.43739071301007
2:858717-859722	0.0881438015124143	8.14908897641702	0.769981207520878	0.450038166483738	0.58084510760704	-6.66012968497213
7:689237-689607	-0.0881341163657066	5.16634547273786	-0.718153160556654	0.480717037308418	0.609371129706168	-6.69915040030765
13:38752-39145	0.0880947165412609	5.31967507038007	1.09292883313294	0.287022962191681	0.428843186099765	-6.3605752012768
17:155937-156219	-0.0879422418808344	4.73179613088707	-0.913644667866131	0.37145791001011	0.511268636286978	-6.53867969011201
4:481019-481967	0.0879217380298476	6.30364560692138	0.949583649242835	0.353315729990216	0.495905050936408	-6.50530063218784
12:43739-44479	0.0878357810598223	5.82734456739204	0.914395779209585	0.371072494668936	0.511225369411528	-6.53799420028547
5:615687-615906	-0.0877871709731082	4.39031498254461	-0.960586813378509	0.34788350996504	0.490433571843628	-6.49484534850984
8:119246-119757	-0.0877695466414634	5.51358358721561	-0.870837310827312	0.393863415270294	0.531616851877547	-6.57688611681553
7:535586-536246	0.0876844476013812	5.77171447143621	0.895843048782899	0.380670394177839	0.520427820507027	-6.55477387827946
9:166058-167521	0.0875471946918154	9.61256308392727	0.663064785396812	0.514629798830276	0.640034170481888	-6.73778690228358
9:213255-213540	-0.0875336500150361	4.73712038248717	-0.8831912609605	0.387308680073748	0.526576279992852	-6.56603416535634
4:742436-742778	0.0874850970174279	5.17936729508666	0.834107666695356	0.413774138126878	0.548756456964713	-6.60830976483792
6:102739-104213	0.0873838698395364	8.91239048719472	0.701445606632972	0.490862305380807	0.618901317995632	-6.71117887195804
14:306322-306599	0.0873508782311454	4.88932569743179	0.850499124197339	0.404810517400216	0.540391254364261	-6.59444205703462
7:86895-87548	0.0873324233756048	8.01920307661785	0.99739291588399	0.330128896221084	0.471689133649297	-6.45907454470457
7:267918-268122	-0.0873055679090777	4.04455574252251	-0.669312014796547	0.51071782897979	0.637293839563295	-6.7335534606404
17:340962-341339	-0.0872845936159141	4.88691605276346	-0.707680358962432	0.487062003711139	0.615149415522307	-6.70672173713744
1:439251-439618	0.087188037826917	5.29071375765397	0.952670573551622	0.351785942571823	0.494377983972208	-6.50237853474514
3:129019-129279	-0.0871808697324949	4.67457096717169	-0.789796623659204	0.438630260358719	0.571061386086569	-6.64453279919185
16:307415-308400	-0.0870999847453984	9.24916601426721	-0.747816277967847	0.463010458776599	0.592632202883631	-6.67713241017562
9:280532-280702	-0.0869801491263962	4.09373055228691	-0.760066972752503	0.455813075355372	0.586438437853016	-6.6677929134909
12:402788-403165	-0.0868869069762486	5.12999151822916	-0.825160260268299	0.418719845632742	0.553184778350694	-6.61577319312068
7:329430-329681	0.0868749940704125	4.32655071257544	0.785442837031486	0.441121370467913	0.573137664503447	-6.64799169580025
8:297592-299230	0.0868429195755454	8.56426440932591	0.756662585127608	0.457806372255629	0.587958544428016	-6.67040269790993
2:740652-741262	0.0868284024653772	5.86948700909574	0.834229710606411	0.41370693558243	0.548756456964713	-6.60820744260423
1:1071679-1071993	-0.0866685005457359	5.03509335437479	-0.83206632774975	0.41489921428432	0.54975988251528	-6.61001916022244
4:930043-930404	0.0866669004155609	5.33773363647046	0.942327082384314	0.356929634653377	0.499255226383359	-6.51213552169312
15:102819-103194	0.0866523236178285	5.1264442870299	0.999393253182065	0.329182324820858	0.470891686129166	-6.45709546294406
9:418120-418945	0.0866250458822018	6.02639171562822	0.911897514913836	0.372355452326724	0.511772279695259	-6.54027219314313
8:539830-541379	0.0865432786495663	8.42485044982197	0.693518615817884	0.495718708021945	0.623619150395229	-6.71679147076394
8:399477-402869	-0.086524541469851	13.4358891130158	-0.748335206971344	0.462704209239432	0.592564084817951	-6.67673970967959
5:753256-754611	-0.0865184070779144	9.46706122940219	-0.74161144128576	0.466681676425908	0.595288453599989	-6.68180794529691
7:753735-754997	0.0865108420991518	9.38522171165005	0.742747103478058	0.466008444286282	0.594599143849885	-6.68095494798362
2:509014-509341	0.086432673905553	5.1158618846399	0.691546723513368	0.496931037113942	0.624091841223906	-6.71817819179515
11:256897-257207	-0.0863455744400152	5.09218554462139	-0.799935915088763	0.432862609199172	0.565856611791908	-6.63640788632897
4:216177-216412	-0.0861917924507694	4.68990020820448	-0.912295949482923	0.372150642715536	0.511760936272138	-6.53990927346532
18:121988-124109	-0.0861421121546933	9.9156262353175	-0.72262131763599	0.47802477715326	0.606817612744751	-6.69588795029511
14:219799-220187	0.0859982926745166	4.66720198079055	0.890616810709054	0.383403412152342	0.523535994041397	-6.55944327692329
15:230396-231202	0.0858078424376956	6.109611138012	0.961918288543621	0.347230053461013	0.489666578226684	-6.49357270466144
3:185099-185370	0.0857913390212097	4.75583060713034	0.809979784108378	0.427195947024432	0.562390899670988	-6.62826349515542
2:618812-620574	0.0857659680702216	8.82416705140886	0.753291736325942	0.459785199747059	0.589515483834957	-6.67297585625164
17:337888-338268	0.0856848379854274	5.06662115074509	0.774053495356755	0.447679069435971	0.578801708490875	-6.65695484785236
6:241955-242250	0.0855875044467638	4.88480013184747	0.768777987019618	0.450736643996519	0.581243796752642	-6.66106471557608
10:207398-209209	-0.0855177065039605	9.63729644443089	-0.853135303315935	0.403380650353538	0.539609023007303	-6.59218828324565
9:189871-190391	-0.0855127356979395	5.66303388681919	-0.911819598870017	0.372395512727314	0.511772279695259	-6.54034314697382
10:137413-137771	0.0854781286655601	5.02649824415671	0.875680234640283	0.391285312282683	0.529761965449876	-6.5726488951843
8:693124-693405	-0.0854627450299583	4.70056971113271	-0.762456888413428	0.454416898160992	0.585315118321899	-6.66595420353362
10:440343-440666	0.0854598615158269	4.59110100886194	0.573533360516278	0.572483183930168	0.686611664327822	-6.79425762854097
4:460226-460639	0.0852089581640065	5.13650205247747	0.856218547723897	0.401712422006303	0.537624574923832	-6.58954405591439
17:398979-399356	0.0851960766979287	5.04292514891889	0.861592003525332	0.398815690705724	0.535583267806426	-6.58491450252009
2:508272-508622	0.0851269693205134	5.17428459468917	0.946005967950231	0.355094366077549	0.497618473290534	-6.50867641815573
8:43777-44684	0.0851265432020929	6.41294994379481	1.01027359002	0.324066783421112	0.466055745704055	-6.44626783198961
20:107397-110496	0.0851230811742489	9.76505194016025	0.649604545851703	0.523115053006538	0.647349454591447	-6.74677892720076
9:327183-327520	0.0850353664686336	4.96625915309041	0.932807257401013	0.361708482781581	0.503115529459373	-6.52102922442815
6:280892-281397	0.085007497224769	5.53027616416878	0.955583076598602	0.350346729415748	0.49306631742153	-6.49961359061369
15:405472-406488	0.0849168251623826	6.50235273377168	1.04634175812314	0.307507975251506	0.449658836075054	-6.40961790720555
7:706976-707288	0.084857143275717	4.87454538635951	0.848708728771238	0.405783484181552	0.541205862692677	-6.59596903145685
1:28686-28976	0.0848213342755004	4.58508022060675	0.600310258566498	0.554836982177492	0.672657186410199	-6.77819501741174
13:100451-101063	0.084758998880381	5.56017248219629	0.863145825543469	0.397980577058797	0.535425627566929	-6.58357077135029
4:436551-437326	-0.0847403348552298	8.76714018325662	-0.837185111833639	0.412081685730153	0.547160375356917	-6.60572535058894
11:165313-165628	-0.0843010216863824	4.86147439427715	-0.883012586290567	0.387402969172579	0.526576279992852	-6.56619212659366
15:456926-457777	0.0842816890883009	6.22962429481937	0.970644309208477	0.34296830206974	0.485185246543666	-6.48519242090269
9:58005-58608	0.0842704382919415	5.66154803990874	0.914109889936146	0.371219160681061	0.511225369411528	-6.53825517377015
7:512097-512422	0.0841201022876543	5.11237153890922	0.85050148020232	0.404809238048215	0.540391254364261	-6.5944400456936
8:527643-528830	0.084107398629504	7.37911247737318	0.691564358324306	0.496920187629481	0.624091841223906	-6.71816580692067
5:825860-826229	0.0840641764448442	5.10005784749189	0.881405650790821	0.388251646709943	0.527249505665566	-6.56761144208475
17:363887-364243	0.0839945950973844	4.93776015534642	0.622203330826729	0.540624306160881	0.662242581931062	-6.76453665566077
6:131544-131859	0.0839484338356247	4.5215394905814	0.826995423456545	0.417702417594339	0.552454945951968	-6.61424853750407
8:436722-437138	0.0836402586199796	5.46825028480735	0.761019614023977	0.455256236437946	0.585890429642394	-6.66706064138237
6:167886-169365	0.0835754446009584	8.68854700373224	0.673168604461807	0.508311217095571	0.634467654132676	-6.73092107092192
8:704739-704970	0.0835218768027373	4.22575314475337	0.81376702818918	0.425071320882041	0.560088087214606	-6.62516774231835
4:117763-118000	-0.0834673090898752	4.57283378124578	-0.724009690666047	0.477190027753075	0.605929805453266	-6.69487030629213
18:150832-151093	-0.083290801564651	4.80056651400464	-0.769110024361784	0.45054382827182	0.581162586554659	-6.66080682502853
3:589611-590089	0.0832721206917908	5.31076327003663	0.801688004541149	0.431870743591968	0.565716549112569	-6.63499401830265
14:152189-152433	0.0832526970117646	4.23084958097039	0.720081371679027	0.4795541186964	0.608308575878683	-6.69774486525485
10:215347-216160	0.0830612489429248	6.05624365355402	0.829058491251566	0.416560507167054	0.551308347155451	-6.61253075654819
8:172504-172858	0.0830012525360253	5.12010357365759	0.803616045272733	0.430780907186412	0.564950290233337	-6.63343480770178
6:476027-476238	0.0828714539345414	4.31427557448367	0.653148195950233	0.520873697332526	0.64528941856086	-6.74442876427599
5:612820-613073	0.0827221235011057	4.68321669605755	0.811230782672304	0.426493408643642	0.561631214206809	-6.62724240679883
3:969441-970679	0.0827144737697143	6.4726314981388	0.879574572090842	0.389220183468226	0.527924103395085	-6.56922580983709
17:16055-16274	0.0826793765568246	4.35901565667943	0.881785695941834	0.38805082213508	0.527249505665566	-6.56727598593225
2:881563-882072	0.0825266313631907	5.45091569181078	0.912280486747228	0.372158589715328	0.511760936272138	-6.53992336063908
16:340845-341229	0.0824860569799197	5.41159218970025	0.790702543123647	0.438113012855002	0.570655109666227	-6.64381082403733
12:281607-281983	-0.0824481570174083	5.03644196896827	-0.780957504785082	0.443696832086974	0.575335286023546	-6.65153627278981
3:354643-355736	0.0823557592512936	6.57981441457823	0.909652333663622	0.373510957942558	0.512675574287302	-6.54231451532598
6:600477-601144	0.0823335620060082	8.08627678061202	0.791206668776659	0.437825338418661	0.570655109666227	-6.64340872247209
1:476946-477171	0.0822606025803267	4.53886542411845	0.835189992791138	0.413178405681452	0.54845389793303	-6.60740184927565
8:658043-658319	-0.0821042280358588	4.6237190748144	-0.940573394155218	0.357806743888688	0.499855959789309	-6.51378009333898
15:126471-130332	-0.0820372133047051	13.1485050291911	-0.714615307764579	0.482855028374296	0.611229356630892	-6.70171993456383
13:516514-516791	0.0819582552518376	4.73736199704317	0.84054035733768	0.410241487809074	0.545526113913671	-6.60289751716975
1:46491-46959	0.0819304577572106	5.04589750781231	0.753770632584743	0.459503754791179	0.589354090219949	-6.67261095005257
14:337546-338736	-0.0818634446472792	9.18131392141418	-0.748130756408931	0.462824852663887	0.592564084817951	-6.67689445881319
4:582910-583876	0.081744572953518	6.20162464487148	0.993220622309965	0.332109335632251	0.472782254088516	-6.46319092414741
6:274456-274645	-0.081703782610635	4.20382702718399	-0.587614325862292	0.563168047700886	0.68025581571271	-6.78589923113496
14:395830-397542	0.0816865489221836	9.21232254748257	0.607782139295794	0.54996434957301	0.669459402551271	-6.77358658438604
3:819302-820469	-0.0816801369159066	8.75310390442164	-0.868160025168037	0.395293383371985	0.53293168191958	-6.57921919101804
4:89107-89647	0.081677953846329	5.52356567026561	0.684615095342825	0.501206074605687	0.628226936414185	-6.72302290172446
1:1044544-1045455	-0.0816492332175009	8.76862595266943	-0.808036501578088	0.428288694892874	0.563482903215336	-6.62984670748149
11:523258-523494	0.0816217225486184	4.63257268040742	0.795682993156807	0.435276090058133	0.568347660180922	-6.63982773942665
18:127523-128831	-0.0816193838243375	9.73233140205796	-0.694865358843174	0.494891699205775	0.622755301587298	-6.71584221721809
12:263625-264580	0.0813792967275138	6.13642062745882	0.998783345241813	0.329470736500949	0.471153679417971	-6.45769927110257
5:723959-724301	0.0813254686033984	5.19864949135534	0.676559182433967	0.50620069584317	0.632538892963157	-6.72859481602958
14:138640-139440	0.0811714745811214	5.65498772348422	0.746622650996051	0.463715346475249	0.593364748663012	-6.67803471069009
5:179378-179726	0.081148823956811	5.27787892157718	0.74427788328225	0.465101899689609	0.594119892411727	-6.67980322061032
10:462660-463143	0.0810033219032604	5.28426388473129	0.800159979163838	0.432735686623585	0.565856611791908	-6.63622723735298
13:326699-326954	0.0809247533753386	4.59291130477457	0.761920370328	0.454730103917368	0.585381635068777	-6.66636745483864
8:409945-410192	0.080923268924721	4.79236796305878	0.757776237490924	0.457153741984356	0.587656562068345	-6.66955019713795
2:727941-728818	0.0809042589655906	5.91363147805848	0.846050297213248	0.40723093881168	0.54248978634556	-6.59823079496917
5:4192-4725	0.0808741628398568	5.6541233742208	0.900469972477359	0.378261534179445	0.517467164938313	-6.550618864822
13:233656-234079	-0.0808610047487273	6.02169070836839	-0.887138382722016	0.385229563662348	0.525537192000204	-6.56253707667017
20:115184-116792	0.0808084265851274	9.40355299730709	0.7579875576836	0.457029966042688	0.587656562068345	-6.66938829775444
14:453768-454964	0.0807875110639653	9.43323880673438	0.631675087714964	0.534536460155641	0.657123096857085	-6.75848155616558
9:414690-415689	0.0807462166137132	6.2272675653258	0.826601707798296	0.417920564565094	0.552454945951968	-6.61457590384244
9:395-811	-0.0806694548438571	5.36593605358502	-0.914489558096588	0.371024392934235	0.511225369411528	-6.53790857802722
15:70741-71064	0.0806159320510993	4.78275936262997	0.859843610319316	0.399756731935369	0.536364248244219	-6.58642380489217
2:143457-143788	0.0805782435936164	5.32033404815982	0.862069461094169	0.398558956924128	0.535583267806426	-6.58450184114439
17:376287-376836	0.0804265530371957	5.62657398222368	0.85058864940876	0.404761905466612	0.540391254364261	-6.59436562496945
17:195662-196432	0.0803978995388217	5.94815289923708	0.885802245067054	0.385932542482507	0.525687782442655	-6.56372249084148
9:198285-198729	-0.0803800632668681	5.58385177048234	-0.800143919149141	0.432744783155236	0.565856611791908	-6.63624018712839
12:488719-489380	-0.0803602546333053	8.84506266247397	-0.711454784846868	0.48476967536545	0.612946064106146	-6.70400520547039
9:163039-163895	-0.0802922173449954	9.0955891131678	-0.667988221972894	0.511545382511875	0.637970780753177	-6.73445370390149
8:560450-560873	0.0802709593974757	5.30280256230419	0.771601562027028	0.4490985815974	0.57987365900285	-6.65886831661796
9:665680-666596	0.0802452117980366	9.17276239882979	0.597561824934847	0.556635004165476	0.674302681930486	-6.77987632607313
1:191937-192365	0.0802085795409502	5.40369936959382	0.865893409372467	0.396506639265795	0.534123592956198	-6.58118917768327
6:319067-320074	0.0801866829242419	7.77181203349876	0.848224684586722	0.406046789045328	0.54128050358068	-6.59638134324541
16:321580-322099	0.0800380029610226	5.62560644279551	0.945290740298891	0.355450666656788	0.497713125599116	-6.50934988418473
6:88592-88776	0.0800329999852432	4.02938942597736	0.639029016990796	0.529835560412502	0.653317897632606	-6.75371967985012
6:29354-31254	0.079849691392079	9.53394238268601	0.577948369546627	0.569554027990791	0.685486375177946	-6.79165801087213
2:260400-261771	0.0797296416439632	9.92158181931576	0.659522828845277	0.516855156843701	0.641910011662709	-6.74017022025939
16:126113-126500	0.0796409729004806	5.28760070113903	0.919371527793257	0.368526039385811	0.509632350086917	-6.53344005993236
3:686254-686816	0.0796271843357204	5.62473315873918	0.764943516380525	0.452966973523724	0.583615478840584	-6.66403529865491
6:309821-310690	-0.0796154929472017	9.5148966224515	-0.664013909765873	0.514034388064927	0.639810981588916	-6.73714617635408
4:378419-378962	0.0796150082870142	5.58466380726262	0.938225908194748	0.35898312028572	0.500575910411667	-6.51597711829188
19:62886-63278	-0.0795884882518436	8.27967866589885	-0.574003570826644	0.572170855632351	0.686420999681159	-6.79398168060949
5:247648-248034	-0.0795163936854326	5.34227275460935	-0.894540110502108	0.381350549760927	0.521198491825927	-6.55594035670972
4:839230-840119	0.0795042425398558	6.09312101240647	0.834862154414375	0.41335879640488	0.54853067675904	-6.60767697451429
14:348553-349712	-0.0794901857073906	9.03928738753931	-0.675575470010364	0.50681251365225	0.633126656742247	-6.72927088615427
7:269471-271536	0.0794709614218849	9.0451710886364	0.694863407079293	0.494892897172926	0.622755301587298	-6.71584359419244
12:351716-352078	0.0792748506281615	4.61075210281149	0.591836480542259	0.560390289505434	0.678287435323506	-6.78335477905833
12:325521-325744	-0.0791946055514972	4.30388443456871	-0.857060200796912	0.401257808552103	0.537572568416407	-6.58882070146671
10:142935-143324	0.0791939930879586	5.04161956687341	0.716381043779237	0.481787267926113	0.610382058091504	-6.70043899310895
15:392732-393852	0.0791904167139581	8.69975890663574	0.692134457844353	0.496569517715163	0.623987973411867	-6.71776526539733
6:4798-5042	-0.079181380917575	4.72481256576384	-0.707190766443705	0.487359808916327	0.615351905418753	-6.70707309888823
9:172946-173287	0.0791766754146916	4.94353850412091	0.856098895270621	0.401777078445089	0.537624574923832	-6.58964683690359
8:600248-600987	0.0791224920395557	5.94556734350033	0.91930267435004	0.368561196879211	0.509632350086917	-6.53350323451506
14:56580-56871	0.0791140351805648	4.41841708521791	0.774642259289657	0.447338621074775	0.57852865297044	-6.65649452883079
8:106927-107246	0.0790982537644194	4.78082230790459	0.844872999082542	0.407873005761961	0.543174833392455	-6.5992303133653
3:551320-552297	0.0790472098902955	6.13506026643642	0.838979076485545	0.411097125319089	0.546339291249479	-6.60421469316059
11:456926-457160	0.0790361148625651	4.46976113241447	0.850922422652146	0.404580700600049	0.540391254364261	-6.59408060031723
5:44661-44886	-0.0790161407181289	4.34186725895974	-0.710659468145348	0.485252173745275	0.613382866332632	-6.70457875496825
8:53152-53401	0.078670964144723	4.83207855612084	0.615651368967982	0.54485718225995	0.665265367621059	-6.76867364746487
19:119499-119773	-0.0786004046110023	5.20383313184432	-0.715160744365405	0.482525049415246	0.611143780753436	-6.70132457215197
4:579681-579889	-0.0785925427141114	4.5786236455962	-0.75372996141501	0.459527653008852	0.589354090219949	-6.67264194892528
3:576864-578044	0.078563815231349	6.70924161792216	0.900446778138349	0.378273584378499	0.517467164938313	-6.55063974283645
17:162044-162580	0.0784092876864637	5.71577987126418	0.871650409473576	0.393429796833206	0.531466716419753	-6.5761762356155
13:340010-340511	0.0783873663512722	5.55851170533315	0.848742073624056	0.405765349660446	0.541205862692677	-6.59594062003723
7:557311-557519	-0.0783755543102354	4.28054237290359	-0.772239478600092	0.448729005047031	0.57987365900285	-6.65837104283985
11:485458-485784	-0.0783336219813391	4.87700903240626	-0.744453787018967	0.46499779506684	0.594119892411727	-6.67967073035398
3:213696-214005	0.0783152625317891	4.52994512544134	0.807385974759176	0.428654889510326	0.563482903215336	-6.63037590139323
2:1007058-1007332	0.0782456874448529	4.65177147512027	0.642929914646722	0.527351152494999	0.651151381673826	-6.75117224253915
4:694429-694724	0.0782230887114279	4.79551602088627	0.730848696789444	0.473090652623315	0.601919772922672	-6.68983040736264
9:663494-663719	0.0781801166461396	4.45766257915555	0.820827180965896	0.421128345167756	0.555874512819485	-6.61936054320954
10:522790-523245	0.0781545855613928	5.42951073113866	0.801161155667125	0.43216884628169	0.565775886503902	-6.63541947028956
10:547912-548459	0.0779752773229978	5.56346211333764	0.790566422739202	0.438190708651211	0.570655109666227	-6.64391935527716
5:732260-733029	-0.0778079286015103	9.26719736437513	-0.712333218361638	0.484237076759064	0.612445650063173	-6.70337100603495
14:392885-393107	0.0778035619145356	4.13481105948915	0.636867296825313	0.531215065857833	0.654478016729881	-6.75512495214306
7:580266-580999	0.0777075532902956	5.81642991487525	0.804734301662601	0.430149592054963	0.564618643412907	-6.63252886042627
1:638936-639674	0.0776463444066513	6.09528667074811	0.8509387520455	0.404571836740439	0.540391254364261	-6.59406665320823
12:168208-168491	0.0776191233548005	4.80111051203084	0.878526667469168	0.389775175395421	0.528356658107179	-6.5701482930834
7:727595-727879	0.0776098224914996	4.85745726144367	0.910758002119625	0.372941616669331	0.51205112767237	-6.54130932753395
9:79583-81039	-0.0775196691721032	8.95299883684913	-0.750167425496291	0.461623883828935	0.591534069286663	-6.67535111241821
2:641964-642290	0.0774011381631761	4.98601769752089	0.727202057860173	0.475273893558501	0.603898668999385	-6.69252334035213
2:513538-514838	-0.077398198692805	8.91609461229025	-0.597544719387541	0.55664620414056	0.674302681930486	-6.77988676678061
4:431980-432291	0.0773796603726504	4.79108542566288	0.783440506337999	0.442269963226247	0.573963570716348	-6.64957641901542
2:370470-370735	0.0773236845801746	5.04703161680467	0.658944787014256	0.517218839476065	0.642183502217716	-6.74055801300817
7:183343-183910	0.0771420913482208	7.56381981538491	0.604637631604511	0.552012213582782	0.671128706435643	-6.7755327260897
7:599237-601492	-0.0769367093486863	9.62786987761734	-0.638618937041838	0.530097103272616	0.653460378476516	-6.75398661274682
3:135846-136134	0.0769237222984618	4.55472155217972	0.555759234056068	0.584352657332506	0.696554592335632	-6.80452782119425
7:77013-77405	0.0769041219204833	5.33363504666441	0.756356395486472	0.457985906015328	0.587958544428016	-6.67063687827979
16:32537-33336	-0.0768314393219534	9.07589234769185	-0.706485428169772	0.487789031719117	0.615720165249512	-6.70757888598073
1:337734-338825	-0.0767760994243627	9.31944936184978	-0.826828211121814	0.417795056526166	0.552454945951968	-6.61438758887611
2:1023223-1023427	0.0767211600165814	4.46810214985525	0.661803087529857	0.515421890907118	0.640663255679051	-6.73863727812501
20:48154-49243	-0.0766773894204693	7.63973676625431	-0.719993618928376	0.479607007210874	0.608308575878683	-6.69780890886586
7:685930-686672	0.0765985764838204	5.99448564002144	0.861697847756741	0.398758767964647	0.535583267806426	-6.58482304084357
3:987553-987952	0.0764396198284114	5.31134028561001	0.796442254966084	0.434844607685686	0.567949945725454	-6.63921845916423
19:50187-50443	-0.0763843117161347	4.61098103871706	-0.667179136652897	0.512051542685895	0.638246367324441	-6.73500308105258
2:295101-295540	0.0763723845333608	5.13962230883746	0.689963572161725	0.497905593346017	0.625140374703162	-6.71928880608439
14:442734-443428	0.0763595864482616	5.74559176318477	0.794594871216632	0.435894923441064	0.568989698839955	-6.64069996575492
4:208843-209182	0.0762242336704642	4.78325551171416	0.788001235103598	0.439656475945485	0.572064647189532	-6.64596133840844
1:364343-364686	0.0762146226242342	5.10754539427397	0.881060278563385	0.388434208279773	0.527337432896652	-6.56791617709409
18:101036-102280	0.0761449074609262	7.74117994591604	0.668389550274512	0.511294417440497	0.637835510720085	-6.73418096141726
3:939165-939945	0.0760740165417717	5.99629864525265	0.832417756888729	0.414705387168409	0.549722449523872	-6.60972515610951
5:76062-76273	0.0759371264808486	4.42158174145283	0.848161243369392	0.406081307199268	0.54128050358068	-6.59643536661229
16:371260-372432	0.075934930594034	6.41018234378651	0.893261087883767	0.382018999664164	0.521952699174846	-6.55708389724376
11:287739-287948	0.0759278353573256	4.31127166066126	0.551481902929201	0.587227306449476	0.698307498317708	-6.80695252333603
5:545633-545829	0.0756201066641156	4.37803159291474	0.679738994388455	0.504225876270394	0.630599335620643	-6.72640301240054
17:242425-243682	-0.0756136546183388	9.44228298405305	-0.727124150799856	0.475320601180705	0.603898668999385	-6.69258073283453
12:286336-286904	0.0755678711100067	5.41562933015014	0.877506175171888	0.390316145715441	0.528897107977278	-6.57104566489687
9:396413-397729	-0.075335491528767	9.45878522608508	-0.703980194850707	0.489315322827997	0.617472620518217	-6.70937146376897
5:489710-490029	0.0752596506520726	4.88426132363222	0.569814326294527	0.574956541460192	0.688103069405299	-6.79643246649515
8:484436-484642	0.0752501364945184	4.34119666017076	0.784658688130287	0.441570961343733	0.573555317171952	-6.64861275576956
14:42824-43205	0.0752431807263214	4.99354519640172	0.803810192767177	0.430671259211826	0.564950290233337	-6.63327760535403
3:491237-491548	0.0752315982213005	4.88326740954991	0.742888854879197	0.465924453292415	0.594599143849885	-6.6808483915131
13:6042-6244	0.0751630302115718	4.14815445819332	0.490610465828898	0.628879473421024	0.729428484849056	-6.83948201443929
18:81482-82543	0.075133705344073	6.3543077118512	0.89744124506222	0.37983720247405	0.5194473933009	-6.5533409218126
5:102496-103147	0.0751053668902193	5.89872419945589	0.771502590350032	0.449155937391171	0.57987365900285	-6.65894543306332
8:305579-306089	0.0750969921085094	8.67703214177342	0.646744978992004	0.52492759681666	0.649054122472754	-6.74866645834323
1:513444-513665	0.0750865767278039	4.32502746403089	0.695592133649961	0.494445730057812	0.622542640714139	-6.71532921931132
3:323826-325289	-0.0749938101724617	9.67786229362113	-0.6649882423895	0.513423564053974	0.639771303860862	-6.73648752002678
2:475987-476273	0.0749426881701538	4.92243425068313	0.68196405615416	0.502846603210061	0.629401956366956	-6.72486346438178
1:978748-979100	0.0748565997160373	4.98290526503767	0.888092563019311	0.384728057891459	0.525173158622193	-6.56168952056099
7:764566-765008	0.074792894239164	5.20780257592911	0.637048409636568	0.531099413349017	0.654478016729881	-6.75500739153848
15:333867-334263	0.0744947178355444	5.07253617550722	0.717730065348944	0.480972429802589	0.609522252490484	-6.69945832863198
17:268548-268846	0.0744880764648936	4.62844800931826	0.658015657773583	0.517803711487293	0.642553205604969	-6.74118065794472
3:812360-813450	-0.074468780900439	8.77165754658646	-0.610565689855799	0.548154919356409	0.667993852175139	-6.77185571600638
18:416-828	0.0743699082717439	5.83407517865051	0.684318342524514	0.501389561113787	0.628280984195216	-6.72322927024441
11:452931-453237	0.0742587809501716	4.91774033475159	0.633050027652406	0.533655832836201	0.656220743894185	-6.75759527133574
10:61618-62074	0.0742412498954241	5.22467236904149	0.817452521956347	0.423010152284429	0.558029307876541	-6.62214216935402
2:399436-399688	0.0742182784288561	4.50654161428292	0.628260155356218	0.536727073317945	0.659272881495918	-6.76067479899038
9:40207-40525	0.0741190026945819	4.80487640266568	0.787570400842691	0.439902954018462	0.572177588889901	-6.64630368573468
15:6672-6996	0.0740569065550325	4.83608395809468	0.740252902237763	0.46748779320762	0.59614682689382	-6.68282672084852
5:355321-355702	0.0740416727437765	5.26864627098398	0.863577142853993	0.397748963058845	0.535274912402703	-6.58319737292728
15:462573-464160	-0.0740142401671182	9.81785942290556	-0.66742766905255	0.511896032067526	0.638230261708703	-6.7348343928563
2:1013842-1014209	0.0739693876354917	5.24051596485457	0.806174278665058	0.429337498852295	0.564214516988512	-6.63136053205319
2:1039239-1039477	-0.0739081485466189	4.52996766568296	-0.618846213997756	0.542790954608563	0.663444105086819	-6.76666165150176
1:475525-475766	-0.0738029169336292	4.69822787599042	-0.785781608133501	0.440927223611911	0.573051757516526	-6.64772320237016
4:671833-673547	0.0736282900877017	6.94300106472119	0.846414288313285	0.407032558867572	0.542386940604719	-6.59792150628786
1:586591-586976	0.0735246731469754	5.16022136531861	0.659592046740868	0.516811617034319	0.641910011662709	-6.74012376198418
1:358313-358837	0.073448829092821	5.73942243854244	0.805614779243624	0.42965292187599	0.564331496422513	-6.63181471593578
17:42414-42891	0.0734262072739353	5.41220994613278	0.761960621757791	0.454706601613977	0.585381635068777	-6.6663364608418
10:542933-543271	-0.0733410394593799	5.18540062216069	-0.818863909126888	0.422222479519792	0.557154427573876	-6.62098011249047
3:689166-689758	0.0732826261394379	5.78124178015443	0.798598441395273	0.433620711181984	0.566516725992574	-6.63748521992504
16:102564-103785	0.0730488967018808	6.53677258144071	0.856629823851332	0.401490232410103	0.537624574923832	-6.58919066937799
8:495900-496932	0.0728685732433085	6.50493886176056	0.913277019706943	0.371646657315453	0.51137117680417	-6.53901502913272
5:227436-227810	0.0728516596517039	5.12477078495258	0.857549024643053	0.40099392586891	0.537379883888994	-6.58840028068958
3:858172-858410	0.0728097345851149	4.57938692489714	0.696812325363325	0.493697505956763	0.621950474715022	-6.71446679026612
7:436759-436998	0.0727032714182094	4.55807776808046	0.678054016629963	0.505271786331253	0.63173087028455	-6.72756566972619
13:528622-529000	-0.0724010125884655	5.32516442743109	-0.75175446859837	0.460689344429852	0.590505585815584	-6.67414573078665
16:291496-292994	-0.0723791247596282	9.51690440037908	-0.588746499823765	0.562422490228203	0.679644456334081	-6.78521866221004
3:335748-336077	-0.0722455070441645	4.97412294273131	-0.743511628130648	0.465555552702406	0.59436014087164	-6.68038001608794
16:234362-235244	-0.0722241490104718	9.65353999979509	-0.64077914329179	0.528720148305416	0.652481771109745	-6.75257862151174
15:283086-283395	0.0719128122011252	5.02327296908223	0.620297082442313	0.54185400916205	0.662841908994079	-6.76574463581132
12:68111-69473	0.071839602974535	8.84852739418911	0.709056545879387	0.486225474046284	0.614266221233747	-6.70573286062364
6:572814-573159	0.0718317253565122	4.96869496459793	0.801420324738814	0.432022186722345	0.565749358621771	-6.63521021349977
7:708864-709244	0.0718004306728535	5.05605881602389	0.745343373985578	0.464471526479222	0.593775633465095	-6.67900024146199
16:506680-507007	0.0716071908230296	4.97083306478823	0.557439472306635	0.583225353016242	0.695766705783768	-6.80357036756425
17:252346-252572	0.0715638090758421	4.13987084832382	0.489567638233894	0.629604783831628	0.729767859001832	-6.84000700403693
3:280174-280610	0.0715094268798904	5.52718281223042	0.757182665013058	0.457501521567287	0.587934771902146	-6.67000472433612
13:92931-93366	-0.0713914496781749	5.32579167967482	-0.720079043340587	0.479555521940025	0.608308575878683	-6.69774656461593
3:603290-603518	0.0713274259330765	4.57040703966451	0.745181801833853	0.46456708409177	0.593775633465095	-6.67912207606229
2:489325-489629	-0.0711687680846742	5.2001625710317	-0.677188131166902	0.50580974133304	0.632226864620689	-6.72816206925854
12:513958-514207	0.0710203906381839	4.59204665768303	0.727512748681616	0.475087651986192	0.603898668999385	-6.69229440292838
7:679459-681754	-0.0709939864831526	9.62055696367969	-0.630259038606925	0.535444239935905	0.65787768815622	-6.75939240263016
13:35857-36064	-0.0708856125281967	4.52580489786235	-0.570361659677084	0.574592194921024	0.68795141158433	-6.79611325379366
11:559654-559866	0.070667348576964	4.38356059200776	0.680371532950801	0.503833559810668	0.630284799807867	-6.7259658402381
14:252381-253727	-0.070325925763127	9.09585348430782	-0.580975586863368	0.567550056633283	0.684362622168797	-6.78986439439741
16:429323-429589	0.0702064510754381	4.78615396940207	0.489267366214265	0.629813701088025	0.729767859001832	-6.84015796732886
18:341133-342275	0.0701695024554194	6.27923947149866	0.77612477842653	0.44648206603631	0.57792184140501	-6.65533397483646
10:314197-314548	0.0699880515239455	4.75107868208701	0.664769224409747	0.513560834399481	0.639771303860862	-6.73663565844778
17:21135-22363	0.0699351380233537	9.28872863020511	0.587516696880759	0.563232362160702	0.68025581571271	-6.78595785825452
7:736676-738114	-0.0698629954466607	9.29479095079554	-0.564038062176994	0.578808798174426	0.691788566256003	-6.79978316152259
13:77196-77486	-0.0697369997425117	4.71433013443725	-0.590165119755509	0.56148902592991	0.679066436115179	-6.78436411840498
16:224332-225385	-0.0696848076353618	8.94475963690934	-0.535476370244539	0.598046025296783	0.707413850218922	-6.81586417058753
13:435214-435489	0.0696415880757844	4.71610933856258	0.732564081820991	0.472065705528454	0.600786493586966	-6.68855922584599
17:328008-328349	0.0695993444973126	4.92330611298156	0.692803657329166	0.496158071979775	0.623985393778928	-6.71729469623815
18:314210-314904	0.0695242523935518	5.75166535264179	0.802134584667657	0.431618158955778	0.565710177110919	-6.63463318094801
6:249257-250066	0.0694708872056795	6.06318070055021	0.756254857021337	0.458045452283399	0.587958544428016	-6.67071451727619
10:169897-170200	0.0694213973401991	4.70882883670887	0.610217647883349	0.548380989021616	0.668087454235371	-6.77207255276493
10:165020-166795	-0.06941959245232	9.7075193204045	-0.644622907544814	0.526274906533088	0.650001788532589	-6.75006201941303
10:273100-273385	0.0692405793092625	4.65220228010994	0.63080754864736	0.535092510257434	0.657626050497605	-6.75903981734122
2:485474-485682	0.0692138277079737	4.64158254127273	0.66378954883843	0.514175100851334	0.639810981588916	-6.73729771504174
10:177240-177554	0.0691693698977422	4.91280478698258	0.646276146599771	0.525225096649662	0.649169756276444	-6.7489751606524
3:80504-80751	0.0691601775054931	4.5311412075751	0.560163368804902	0.581400155169738	0.694329534295557	-6.8020122476567
4:145237-146362	-0.0691546676118069	8.6540407172611	-0.681191259432625	0.503325402182842	0.629825132840481	-6.7253987170521
15:165128-166129	-0.0690626570612594	9.68212560341234	-0.530250650731466	0.601599228321419	0.70955418866052	-6.81871852258255
6:644669-645226	0.0689578644730071	5.54731178069303	0.592885216062126	0.559701432623159	0.677636898139372	-6.78272003645578
6:191990-193283	-0.0689014483828156	9.39329480032661	-0.624225666617156	0.539321356262956	0.661370517981641	-6.76325121031206
14:313024-313535	-0.0688763627627784	5.6603113843225	-0.748639910544758	0.462524442874715	0.592518433402182	-6.67650900451172
5:229625-230080	-0.0688425567124034	5.36025797335243	-0.682546306169014	0.502486031449049	0.629126566927537	-6.72445980468908
5:46345-46998	0.0687879665307252	5.84304024369435	0.787402659109766	0.439998941233029	0.572177588889901	-6.64643692816074
1:152476-152781	-0.0687581153974737	5.0334218897955	-0.634079930906739	0.532996712198518	0.655954647942226	-6.75693018300676
7:715442-716504	0.0685483161106788	9.11735082016692	0.49594042104755	0.625178384982492	0.727019602801152	-6.83678172495811
11:246437-246763	0.0684635983936399	4.93032959294294	0.654664333791434	0.519916366347647	0.644515920203732	-6.74341950985689
3:460170-460382	0.068304799093621	4.25426071864159	0.579201597600255	0.568723970398416	0.684855660883322	-6.79091657720089
5:526885-527095	0.0682579712687659	4.42852179125654	0.524642439207107	0.605423848871197	0.712563015395077	-6.82175149602268
11:426597-427488	0.0682410286283153	6.14616611165744	0.614792013015614	0.545413675746412	0.665559327328501	-6.76921312571153
1:197421-197778	0.068228708786827	4.60721843863827	0.687649865731944	0.499331827652394	0.626579551604181	-6.7209075498444
3:935847-936183	0.0680963450624406	4.98698250628514	0.814242430884956	0.424805091198476	0.560065395221096	-6.62477818444475
2:436717-436987	0.0679340543445113	4.82288197951749	0.525134106833468	0.605088079717081	0.7123551406664	-6.82148685276719
6:447038-447238	0.0678675255507226	4.31963598076165	0.683251017894952	0.502049818938339	0.628756292548406	-6.72397080503909
7:477242-477642	-0.0674837085185471	5.1038313148018	-0.664011119828932	0.514036137701835	0.639810981588916	-6.73714806104478
3:932357-932734	0.06737657507745	5.05875986484879	0.589110414778965	0.562182954268722	0.679644456334081	-6.7849996378336
2:380309-380616	0.0673373044246315	5.19043060107344	0.615078830240729	0.545227907720808	0.665514075527226	-6.76903315107861
9:389282-389816	0.0673007574322506	5.59122960748163	0.801920042977855	0.431739491736126	0.565710177110919	-6.63480655447768
4:859552-859958	0.0672989408146325	5.02608512561312	0.713587837673585	0.483476986063098	0.611830079055252	-6.7024639219022
13:195153-195392	0.0672682928733819	4.53622525900447	0.604156742370087	0.552325747489349	0.671248994233594	-6.77582949070367
17:354226-355755	-0.0672433873143792	9.87082877491115	-0.619160152398553	0.542588145195509	0.663377366264709	-6.76646340332125
9:145486-145812	0.0670653246389659	5.07755423917215	0.784339700417659	0.441753933200009	0.573626517262326	-6.6488652326254
5:672158-673082	-0.0669725101512224	8.96221625670678	-0.525291415005104	0.604980669915539	0.7123551406664	-6.82140212968243
9:271891-272771	0.0668608176902978	6.13873491997985	0.771517075353293	0.44914754280315	0.57987365900285	-6.65893414726622
1:697443-697758	-0.0667464827268631	4.88787278699194	-0.619429808366791	0.542413975361054	0.66334561576942	-6.76629304162757
4:367048-367322	0.0667096198694246	4.6006294145274	0.623540786980471	0.539762421043476	0.661730100408272	-6.76368698600117
18:7501-7917	0.0666242537416011	5.29596488515739	0.66067758610932	0.51612905236186	0.641364141691195	-6.73939454893578
16:350559-350877	-0.0666239311025638	4.8092608193467	-0.62235830797916	0.540524397752237	0.662242581931062	-6.76443829053416
2:380945-381296	0.0664622568232032	5.34564361885622	0.620953727280009	0.541430244509096	0.662504585681442	-6.76532892622464
8:621372-621867	-0.0664475785957492	5.58649359318209	-0.618045939466397	0.543308128690871	0.663894945132497	-6.76716657675564
4:14991-15330	-0.0664344186184751	5.09589157322663	-0.739045111638927	0.468205155972626	0.596891563125455	-6.68373096262681
9:357172-357691	0.0664125916070031	5.48900668355227	0.686672832559135	0.49993479786428	0.626995819591491	-6.72158955481538
14:404715-404989	0.0661808720187427	4.45627791445527	0.505425603287151	0.618617018707865	0.722392323437622	-6.83190586780493
16:247697-248198	-0.0661379667216373	5.44140456326167	-0.663578638192636	0.514307397622189	0.639810981588916	-6.73744012436222
17:383249-383466	0.066032308785414	4.22046011542339	0.581976223835258	0.566888448559037	0.683749042239356	-6.78926952655197
4:718362-718660	0.0659494966458452	4.80835737962207	0.591182649424658	0.560819978505887	0.678624012920343	-6.78374995794349
13:407973-409135	0.0659348392556485	8.43033340608852	0.542645315230371	0.593188252458105	0.702968127615164	-6.81190413381735
7:191513-192697	-0.0659340027228019	8.81576111767512	-0.588828274002404	0.562368660249418	0.679644456334081	-6.78516945733102
5:19023-19917	-0.0658815220333135	9.14696916919173	-0.500583630746589	0.621962416012671	0.725730910863585	-6.83440614515238
11:202439-202641	0.0656764110754642	4.24707679544474	0.745361248142885	0.464460955999275	0.593775633465095	-6.67898676179305
11:531114-531884	0.0656758088184519	6.03788082098659	0.683792752434528	0.501714634726363	0.628512371966191	-6.72359456756208
4:166192-167456	0.0656538264245308	6.93449458649919	0.783534020368953	0.442216280085856	0.573963570716348	-6.64950249312527
2:413304-413480	-0.0655672429797001	4.42712767316959	-0.649777301092389	0.523005662276129	0.647349454591447	-6.74666463966499
16:141204-141446	0.0655499386701353	4.47971929491587	0.568460539548734	0.57585822819539	0.68899090913572	-6.79722073899386
1:85129-85336	0.0654190685313374	4.52588926465497	0.492502914237335	0.627564214703002	0.728454946139285	-6.83852651466991
12:37310-38423	0.0653678706845557	8.55782307365635	0.600955482122965	0.554415320083071	0.672657186410199	-6.77779923307145
17:124442-125576	-0.0653068238043293	8.85787007247491	-0.594392408254799	0.558712213837988	0.676622258966135	-6.78180591354969
6:285732-285983	0.0651717220313897	4.44621776159813	0.710009508487099	0.485646695018297	0.613708245878571	-6.70504702558369
10:368266-369253	0.065167175532455	6.09708491654893	0.769486808617266	0.450325088574741	0.581047880213474	-6.66051405264512
3:715239-715606	0.0651431750222997	5.29459108664994	0.663816809488976	0.514158002599105	0.639810981588916	-6.73727930517011
3:160029-161941	-0.0650955773566739	9.57865408307396	-0.574391276031221	0.57191339521545	0.686420999681159	-6.79375398697124
2:1004031-1004855	0.0647398976064224	6.3754916927637	0.73524965050691	0.470463713176875	0.599262017984105	-6.6865634142604
12:373345-373589	0.0646446443792987	4.3570693990134	0.611015497700562	0.547862821244192	0.667819713477398	-6.77157530058723
3:755859-756157	0.0645897378722351	4.85885356876079	0.673732983447492	0.50795956649398	0.634346223041138	-6.73053462945282
4:941692-941929	0.0645848284639401	4.64169768254216	0.480956040149805	0.635608965998577	0.734758711727694	-6.84430060366823
9:35834-37237	0.0645269806875053	8.74530568269753	0.530607135807575	0.601356513085708	0.70955418866052	-6.81852467144617
8:545076-545319	-0.0643793819666723	4.71975817624073	-0.621575494171873	0.541029152165847	0.662417084922828	-6.76493490681597
12:432713-433095	0.064367032582175	5.0277232040344	0.712626516764717	0.484059324388823	0.612393876756464	-6.70315908863313
10:211344-211712	-0.0642972210315014	5.02535496307658	-0.774668077145421	0.447323695711389	0.57852865297044	-6.65647433585234
17:291488-291819	0.0641190982485247	4.93772880475152	0.686658384303747	0.499943717632268	0.626995819591491	-6.72159963327963
6:5336-5750	-0.0640347158598766	5.37568300876084	-0.701013421543512	0.491126370429742	0.61905988004605	-6.7114864420521
11:136994-137868	-0.0640173072400128	9.24976744098846	-0.583659482849246	0.565776396271953	0.682959856988474	-6.7882666133087
5:223637-224465	0.0640043412821836	7.69284751803404	0.546660470690463	0.590476035734205	0.701130738787667	-6.80966385717793
3:182724-183596	0.0637850976880214	6.281476788312	0.685427240361204	0.500704109150292	0.627773555338013	-6.7224576810144
6:336770-337504	0.0637835006852185	6.00549903084241	0.646140508909388	0.525311183474817	0.649169756276444	-6.74906443110036
1:34152-35250	-0.0632563957007495	8.56575733328152	-0.528734008673304	0.602632374382344	0.710585486758528	-6.81954183256517
3:177492-178848	-0.0632110689504408	8.98643022954698	-0.579915370108548	0.568251491115809	0.684855660883322	-6.79049360109783
3:204741-206201	-0.06313555393759	9.50826297915822	-0.499192094718158	0.622925409179679	0.726106804927846	-6.83512035631454
13:122379-122749	0.0631314365669979	5.000167151919	0.548685677105339	0.589110349042457	0.700174700561348	-6.80852779748299
10:351466-351995	0.0631039009311287	5.36390337387188	0.626846649559938	0.537635227280099	0.659845154183088	-6.76157927693154
6:177168-178016	-0.0630680986968439	8.7881170612826	-0.577284402353663	0.569994048647281	0.685831548856245	-6.79205019664965
2:410251-410572	0.063039658222098	5.34563162553129	0.509467878766303	0.615830628376679	0.720642586304317	-6.82980055735547
13:46640-47200	0.0630279149906059	5.69402819006761	0.604538510970073	0.552076831344066	0.671128706435643	-6.77559391369523
5:456414-456822	0.0629990180032598	5.26248331458744	0.639696795511953	0.529409812047271	0.653152789063833	-6.75328465116831
6:33080-34077	0.0629859857959252	6.08439256782422	0.600379104462352	0.554791982453216	0.672657186410199	-6.77815280645014
3:678052-678261	0.062944366135131	3.85810217526046	0.536635843695315	0.597259036199879	0.706828481413813	-6.81522716219093
17:367915-368133	0.0629270668074211	4.22120739462679	0.554469998951985	0.585218367843648	0.697148067202705	-6.80526056729109
5:37668-37913	0.0628872541126091	4.68005598850917	0.653422011502683	0.520700730562282	0.645253729234988	-6.74424665827893
4:473608-473847	0.0628404426142941	4.12529866844185	0.575978539140704	0.570859970760638	0.686420999681159	-6.79282025830138
5:186875-187122	0.0627225458286	4.15606016471989	0.520937367729021	0.607956990945092	0.714042375090588	-6.82373801233296
3:405410-405910	0.0626896007772206	5.48426364630325	0.780128771662088	0.444173695509349	0.5756893487552	-6.65218909427112
17:247020-247403	0.0626800553234679	4.93695989370415	0.6581630035145	0.517710935183993	0.642553205604969	-6.74108197212711
11:148813-149434	0.062574123652503	7.9918354504072	0.601557258480084	0.554022203113832	0.6725955834989	-6.77742972964763
6:142616-142725	0.0623784678707806	3.90232989943561	0.572322751888129	0.573287707741483	0.68720829669279	-6.79496707939135
17:99620-99827	0.0623665524862158	4.16699357374612	0.543047661204272	0.592916193633095	0.702831801562959	-6.81168036612901
10:199812-200248	0.0623322724366195	5.02886365394848	0.573264247595458	0.572661976213349	0.686642112384396	-6.79441546179762
9:77646-78840	0.0620988161130747	9.06587684815349	0.52304264455687	0.606516998963412	0.713392634097106	-6.82261092565694
15:179341-179775	0.0619343621875235	5.14917133946268	0.649897030935609	0.522929855277102	0.647349454591447	-6.746585414374
13:255407-255919	0.0618883028364108	5.69671859125231	0.623059172484739	0.54007269850364	0.661929189075107	-6.76399315221389
14:242378-242644	0.06182915059245	4.82390050274846	0.574635285473247	0.571751388072186	0.686420999681159	-6.79361060744315
8:272248-272473	0.0618130438189315	4.53034962021271	0.558714859988803	0.582370398408139	0.695302721599048	-6.80284173899066
16:47291-48705	0.0615905537129038	9.36349751252253	0.433330198819089	0.669271757734726	0.761489107767574	-6.86669822406949
1:207324-207556	0.0614344985532691	4.47926372096283	0.444986633987482	0.660962956847907	0.755016641978127	-6.86142781803618
18:51433-51775	-0.0613310767975461	5.08278009328026	-0.557467760274649	0.583206383396508	0.695766705783768	-6.80355422417282
12:447055-447256	-0.0613283263787645	4.38791820503949	-0.6476980922241	0.524323080042352	0.648485798913945	-6.74803821925912
15:409277-409652	0.0611593444472085	5.21959736050794	0.60066121149073	0.554607608931734	0.672657186410199	-6.77797979150461
1:11126-11452	-0.0611453613479203	4.91609082918641	-0.60092511718736	0.55443516019236	0.672657186410199	-6.77781786832396
4:76346-76875	0.0610666894557061	5.44636044267383	0.662527218725094	0.514967199299685	0.640275884462608	-6.73814940829704
14:367286-368095	0.0609655334143868	6.10276758193876	0.673552173987097	0.508072209473298	0.634346223041138	-6.73065846699751
20:1612-1920	0.060883465760659	4.93372178314715	0.634723144370307	0.532585290939353	0.655954647942226	-6.75651428293798
17:126697-127464	0.0606447366746998	8.86312584313774	0.554090166163313	0.585473544373317	0.697148067202705	-6.8054761330785
3:426355-427823	0.060638538757841	9.53515334218441	0.528201270600956	0.602995482453241	0.710760513647789	-6.81983048516369
5:695138-696317	0.0605818547384711	6.6028420252727	0.692298068885536	0.496468906252129	0.623987973411867	-6.71765025710229
3:652319-653125	0.0604868034895834	6.13333243344075	0.719219714011216	0.480073587065748	0.608727868472036	-6.69837339800675
16:312791-313211	0.0604259570389356	5.55581134164604	0.633549157688357	0.533336342829756	0.656008098517721	-6.75727307421494
1:708817-709091	-0.0604037336985979	4.72515443424804	-0.624320718300126	0.53926015798826	0.661370517981641	-6.76319069437143
18:106189-106552	0.0603505851766277	4.81144174149111	0.546331610904351	0.590697948160923	0.701130738787667	-6.80984794931471
1:299676-299907	0.0601552617896468	4.5051656138782	0.615638682892691	0.544865395183762	0.665265367621059	-6.76868161668834
13:226676-227013	0.0601218902146821	5.12260865684188	0.450720541296094	0.656892104071634	0.752751934926941	-6.85878490952812
1:321713-322195	0.0601116460972042	5.16828494859639	0.728148065768913	0.474706949291056	0.603804576591863	-6.69182597046924
3:752466-752832	0.0600782830563809	5.10937317745011	0.605185988819621	0.551654805970391	0.670980139000943	-6.77519404787321
7:537971-539173	-0.0599467049009785	8.83023983183914	-0.520040895464495	0.608570667259093	0.714302092829831	-6.8242166063391
19:52110-52737	0.0599094536364762	5.45738260147146	0.489252239004169	0.629824226837372	0.729767859001832	-6.84016557021718
16:175733-176240	-0.0598821599089785	8.58238329313183	-0.471584860679044	0.642172091263648	0.739290710004139	-6.84888826174467
7:69552-69923	0.0594431850453834	4.7144392900888	0.493655550266548	0.626763750324513	0.728034920312225	-6.83794278687585
7:762457-763089	0.0594090583577431	5.44758812299521	0.536438067129975	0.597393240658726	0.706828481413813	-6.81533591432181
1:459595-459822	-0.0593547197483364	4.61174333141573	-0.62701615419854	0.537526279641276	0.659845154183088	-6.76147091728494
7:671242-671467	0.0593095667378529	4.25779180034628	0.607612674846477	0.550074610912899	0.669459402551271	-6.7736917145024
13:248711-249036	0.059302732962963	4.83575182064914	0.59916253492277	0.555587450662314	0.673384627447744	-6.77889802415063
11:127876-128579	0.0592927236341501	5.81367982129246	0.579230251682233	0.568704999041884	0.684855660883322	-6.79089960672434
9:631965-633347	0.0592467074146388	9.20489434953968	0.543251217033112	0.59277857639009	0.702831801562959	-6.81156709566668
15:203989-204866	-0.0591549475779587	9.33822128013855	-0.505645630895135	0.618465198777915	0.722392323437622	-6.83179169323093
2:716903-718199	-0.0591252363450447	9.2185345313267	-0.568238401006455	0.576006251560738	0.68899090913572	-6.79734991061027
16:73594-73821	-0.0589969397422756	4.60079879271908	-0.60222939173285	0.553583298060091	0.672412168824143	-6.77701660360896
16:120997-121215	0.0588978054648015	4.10811415699841	0.553183034068801	0.586083191784006	0.697578903947185	-6.80599037603354
2:627521-628445	0.0587554424006438	6.27253935154309	0.702283163193872	0.490350791760328	0.61843058436721	-6.71058229976257
5:341689-342473	0.058754623039218	5.8984753209065	0.55609841414403	0.584125007144121	0.696468708571413	-6.80433477139751
1:902975-903628	0.0586866527142611	5.56839991550711	0.688505591261508	0.498804062701427	0.626092816783956	-6.72030946151012
13:386283-386576	0.0586295966248382	4.93119104579343	0.551995205436786	0.586881962148724	0.698082291410493	-6.80666250620407
1:408382-408766	0.0586143380678354	5.13667971607096	0.634211276100365	0.532912685307478	0.655954647942226	-6.75684528850277
17:8429-8642	-0.0586112318549272	4.4122614826701	-0.552923142977412	0.586257912530341	0.697578903947185	-6.80613755466411
4:30572-30829	0.0582054138608381	4.43514651232691	0.607565387399979	0.550105380380602	0.669459402551271	-6.7737210450177
6:40660-42967	-0.0581394263429917	9.43954679033167	-0.550557887938732	0.587849228175694	0.698861393177797	-6.80747393388727
6:195901-196590	0.0580372089046568	6.02564770296242	0.627932516070683	0.536937502310483	0.659350414359869	-6.76088462423084
3:492151-492466	0.0578665754618353	4.78103896765032	0.587066253494353	0.563529147315823	0.680430661825094	-6.78622823176406
5:204924-205217	-0.0578077070339429	4.73039713902614	-0.507148598064451	0.617428613522808	0.721569314393756	-6.83101049206713
8:309898-310717	-0.0577971335180649	8.78930231735877	-0.579550776012016	0.56849280774365	0.684855660883322	-6.79070971973941
2:250795-251130	0.0577679645568629	5.1540312331788	0.615623040244613	0.544875522274084	0.665265367621059	-6.76869144297358
3:788464-788737	-0.0577298167629046	4.28987892808409	-0.499665597398034	0.622597650350111	0.726106804927846	-6.83487754703305
6:648462-648837	-0.0576235723163077	4.97417524815631	-0.601537920071485	0.554034833860689	0.6725955834989	-6.77744160939127
15:218883-219332	0.0575616387344153	5.1819267048059	0.574363233709715	0.571932015079996	0.686420999681159	-6.79377046081366
11:472955-474959	-0.0574767991130116	9.16658921457027	-0.474433031432263	0.640174158590936	0.738700575883741	-6.84750328022197
5:593906-594186	0.0573493047111757	4.94050926753509	0.496473474502935	0.624808791428643	0.727019602801152	-6.83651009970813
16:105661-105864	0.0573414192855619	4.3782150599932	0.603262431085385	0.552909077074032	0.671775523611121	-6.77638077896053
15:375319-375726	0.0571892776138796	5.03988077910269	0.633991983585093	0.533052979719438	0.655954647942226	-6.75698701799929
10:507638-507921	0.0571076780064415	4.78083162355635	0.574008549823501	0.57216754889326	0.686420999681159	-6.79397875746051
7:169641-171378	-0.0570978423285347	9.7136515218559	-0.495588413908673	0.62542250526502	0.727114580147073	-6.83696093922207
16:507578-508720	-0.0570622773274287	8.16879871198049	-0.49769272255225	0.623963804711077	0.726362025978357	-6.83588774306191
8:285371-285631	0.0569942429544685	4.67038801682598	0.571695824079741	0.573704566024345	0.687523865468532	-6.79533390620218
4:781556-781872	-0.0567300406958964	5.12113447903262	-0.574026518294797	0.572155615436722	0.686420999681159	-6.79396820803929
6:358712-358987	0.0567089883644316	4.6939196357149	0.506353067794032	0.617977183045716	0.72202189279891	-6.83142426858182
2:784965-785401	0.0565645467985156	5.3245476112944	0.621523404121304	0.541062748542864	0.662417084922828	-6.76496793133439
18:159980-160243	0.056557183840229	4.77769214922392	0.645838797289081	0.525502702269403	0.649227186132445	-6.74926293921224
14:146748-147052	-0.0563927123983303	4.8329136360713	-0.545396722832648	0.591329029544698	0.701693726469266	-6.81037070179161
8:32349-33394	-0.0560349618392912	8.49678979240798	-0.486564520366591	0.63169566338578	0.730990121332665	-6.8415127637929
8:429962-430367	0.0559648883225288	5.37664317284726	0.656909912179565	0.518500239340777	0.643239210446042	-6.74192056273615
9:426089-426349	-0.0559172718850904	4.76941685073356	-0.480663729877082	0.635813226057219	0.73480506063313	-6.84444503779409
2:753518-754821	-0.0558560164742374	9.11744350329563	-0.522126812255898	0.607143219455623	0.713392634097106	-6.82310177202928
3:368517-369060	0.0558328658295872	5.77445236958767	0.696279042728388	0.494024435877542	0.622187218623488	-6.71484389069035
6:430367-431137	0.0558267516354682	5.78445216342664	0.639350233203962	0.529630742721801	0.653245302954748	-6.75351047593892
12:180632-180857	-0.0556005214104918	4.86804794032726	-0.530388716448468	0.601505219727038	0.70955418866052	-6.81864345959382
1:380884-381192	0.0555764329902306	4.88552578400648	0.567138605460179	0.57673939106601	0.689683546463121	-6.79798871143499
11:140653-141151	0.0555703495999449	5.44231047259969	0.590783815994026	0.561082170572283	0.678757782562578	-6.7839908076307
10:263643-264353	0.0555643356371052	5.55282228143327	0.508313781895897	0.616625557649747	0.721007313490143	-6.83040330559913
10:66087-67259	-0.0555405332145238	8.41669626281831	-0.494658875325998	0.626067361139928	0.727573384749974	-6.83743358976141
12:92292-92624	0.0555376869392044	4.97058378517207	0.517877069283925	0.610053124786741	0.715325812904265	-6.82536848692304
8:635698-636188	-0.0553319960569905	5.48944816809317	-0.60627718565269	0.550943950498103	0.670297668504895	-6.77451921808924
15:328412-328724	-0.0552264508659137	4.86031548706978	-0.608125015159671	0.549741294594028	0.669459402551271	-6.77337378910526
3:216205-216755	-0.0551672327213426	5.58189241993106	-0.654593063208552	0.519961346705915	0.644515920203732	-6.74346700313729
2:964156-964484	-0.0551408800936448	4.86240935335738	-0.575207795555492	0.571371368895743	0.686420999681159	-6.79327397005258
1:171942-172320	0.0551079171674624	5.20436664788344	0.561829902608132	0.580284879461962	0.693182578188349	-6.80105532738077
9:334091-334293	0.0550957467224293	4.29352698086362	0.448461796802806	0.658494429191477	0.753877149740804	-6.85982998494194
13:119719-119923	0.0549738093169587	4.0502707965954	0.444611105490039	0.661229945610871	0.755016641978127	-6.86159975113932
5:117655-118011	0.0548165427892746	5.18759615678344	0.503063698217783	0.620247842893022	0.7239189947299	-6.83312843156924
11:562034-562326	0.0547307943832065	4.81907465671505	0.538342887832127	0.596101306565832	0.705705393954706	-6.81428688372199
10:577224-578225	0.0547161687414945	8.09242157478239	0.460945443018216	0.649659957545711	0.746183723370439	-6.85398969218522
3:877583-877885	-0.0547013609805189	4.94715813642536	-0.650650519979731	0.522452922483709	0.647066762876891	-6.74608650892388
3:678956-679517	0.0545048908393424	5.46912527900531	0.612807232957206	0.546700117454216	0.666583962333171	-6.77045633615372
20:158182-158494	0.0543787676630156	4.66659862631942	0.482351563863478	0.634634214980817	0.733821427603755	-6.84360987497455
1:446976-447273	0.0542634956632835	4.78486399646814	0.517708852772098	0.610168443625666	0.715325812904265	-6.82545783849258
3:968852-969032	0.0542081286578524	4.29447720489748	0.579679082150733	0.568407878797175	0.684855660883322	-6.79063367934146
16:435516-435725	-0.0541091596166803	4.57656458856826	-0.473252149199683	0.641002184126106	0.738894096355511	-6.84807849857775
2:322865-323556	-0.0539531684184835	6.57393014385836	-0.58285579605151	0.566307215021909	0.683416310174728	-6.78874581256668
9:393625-393838	0.0539228213341607	4.6949963493087	0.504606948559112	0.619182047270333	0.722863548143456	-6.83233025045378
13:530777-531140	0.0539158732420999	5.30049324767662	0.625366103783942	0.538587341436656	0.660832494591687	-6.76252455040429
8:45744-47328	0.0538803999355082	8.82424334490977	0.5166456743614	0.610897533376206	0.715993024192694	-6.82602191283668
3:979438-979798	-0.0536467036001635	5.03317392073379	-0.62095716185868	0.541428028476804	0.662504585681442	-6.7653267507435
16:359742-360175	-0.0536333116406942	5.20010963559307	-0.509190653854621	0.61602153373561	0.72067757056994	-6.8299454647653
13:273064-273374	0.0535345739210582	4.79573170439622	0.447916255161679	0.658881682677066	0.753877149740804	-6.86008162418801
1:173614-174572	0.0534090393676312	6.29165039549873	0.648630022763787	0.52373236916316	0.647934241120593	-6.74742308407576
15:229028-229500	-0.0533606114123319	5.49679340090084	-0.491362892379307	0.628356382322991	0.729010670626673	-6.83910254350201
11:574647-574999	0.053229951541522	5.19018746927339	0.498554634810379	0.62336678605765	0.726106804927846	-6.83544688703589
6:464992-465485	0.0532223209204279	5.18804351458987	0.531835985775752	0.600520206498767	0.708977885849893	-6.81785547019667
4:47828-48962	-0.0531543029604205	8.65499979204197	-0.469226247778332	0.643828718305149	0.740970424990995	-6.85002900872638
18:281359-283163	-0.0530838265199396	8.81557137187666	-0.547092268452478	0.590184724042558	0.701079305948644	-6.80942197810904
1:807563-807924	0.0530164756881781	5.03044138059537	0.612985613992602	0.54658443321918	0.666583962333171	-6.77034476175867
5:828491-828983	0.0529476740851056	5.50088085733535	0.538358226686858	0.596090908624829	0.705705393954706	-6.81427842157477
9:146159-146458	0.0529189119296518	4.80455222617479	0.54383317987437	0.592385217689794	0.702574518913492	-6.81124302973352
15:315824-316957	0.0528868348899838	9.42548546782325	0.377993014959024	0.709296847129352	0.793306518678406	-6.8898411688562
14:260171-261027	0.0526962286137556	6.3906700242028	0.581984133485891	0.566883220383695	0.683749042239356	-6.78926482040521
14:243288-243878	0.0526028954585955	5.61423106546537	0.532773244972176	0.599882724870742	0.708837137413263	-6.81734404985139
1:12564-13452	-0.0524486160365285	8.84444632533796	-0.448218346377851	0.658667230663113	0.753877149740804	-6.85994231720232
6:58537-58746	0.0524107696098781	4.34278885130239	0.493120774028198	0.627135074616208	0.728159946558274	-6.83821377852449
9:94102-94434	0.0523844082010347	5.06613134924398	0.570314122047079	0.574623834912913	0.68795141158433	-6.79614099019588
1:194046-194247	0.0523190383150469	4.26267816826972	0.46181932353053	0.649043483972177	0.745858442685357	-6.85357497694369
16:15283-15799	-0.052302148833153	5.9358551506673	-0.613453397322011	0.54628112675822	0.666436174262686	-6.77005202233665
5:164983-165382	-0.052005608224686	5.00045680473824	-0.570235564062605	0.574676123305141	0.68795141158433	-6.79618682088896
7:381359-381661	-0.0519621146641178	4.88052816333933	-0.532025711712447	0.600391136883504	0.708977885849893	-6.81775201596024
14:105198-106412	0.0518818334686912	9.06723250582646	0.442720855385346	0.662574555474192	0.75616616784867	-6.86246302677044
15:504592-504899	0.0518719694185696	5.09815300537293	0.538348091382556	0.596097779160172	0.705705393954706	-6.8142840130509
11:26082-26364	0.0518078104134059	4.86713511857857	0.507905275483435	0.616907048177934	0.721148066765326	-6.83061633618124
3:338404-338654	0.0516710411091239	4.65048960916932	0.531666643306223	0.600635420720016	0.708977885849893	-6.81794777936928
13:141779-142209	0.0516600117465602	5.19216585851177	0.538302467171193	0.596128707449228	0.705705393954706	-6.81430918189037
1:584544-585930	-0.0516408860426285	8.28140972953806	-0.512344845247624	0.613851113382728	0.7187019574944	-6.82829220768113
7:303254-303519	-0.0515939352416526	5.84511840218197	-0.359145872383263	0.723135473633309	0.803622359576047	-6.89701286777372
1:140312-140701	-0.0514776847316432	4.75582552007331	-0.458163272420062	0.651624337317067	0.747480915897281	-6.85530489561037
12:466638-467043	0.0513416188025353	5.17584635356416	0.57602489150951	0.570829222840823	0.686420999681159	-6.79279295341598
1:420539-421029	0.0513058293546464	5.83048787779717	0.63384607363452	0.533146338072793	0.655954647942226	-6.7570812939864
5:485961-487330	-0.0512052751491634	9.10941854367855	-0.498554401822649	0.623366947404801	0.726106804927846	-6.83544700630645
2:331618-331932	0.0512004483772781	5.0501531770105	0.522373239524096	0.606974688892999	0.713392634097106	-6.82296978006823
16:145861-146693	0.0511831205436	6.31634813282569	0.547209468719465	0.590105667332624	0.701079305948644	-6.80935629432699
2:431485-431681	-0.051157381611282	4.4140534174436	-0.421601512535595	0.677676184961777	0.768697061299775	-6.87186263927163
2:278420-279194	0.051144490559242	6.96030713439792	0.498243395258938	0.623582340961269	0.726106804927846	-6.83560616758318
3:419216-419462	-0.0511163008737814	4.58809225811413	-0.575461597551383	0.571202942203841	0.686420999681159	-6.79312463000053
9:710661-710929	-0.0510875101320174	5.11800042662956	-0.575063566171427	0.571467092918286	0.686420999681159	-6.79335880788154
5:336869-337096	0.0510852686265739	4.53283360300409	0.522427317866653	0.606937707947402	0.713392634097106	-6.82294080638342
2:374532-374719	0.0509744644751571	4.25845696580438	0.444674158733047	0.66118511353465	0.755016641978127	-6.86157089259772
1:340044-340546	0.0509699461015574	5.53823399732792	0.57084221105634	0.574272400311098	0.68795141158433	-6.79583274457148
10:249025-249226	0.0509021561409355	4.48943689941535	0.515652218074579	0.611579184946981	0.716604301524264	-6.82654797475004
16:38996-39352	0.0508453838283156	5.24607103401862	0.375413562138018	0.711184880689089	0.794623945572731	-6.89084407007377
3:435316-435682	0.0508031517957521	5.11521169728625	0.562300486159137	0.579970151172052	0.692991563439964	-6.80078462023572
1:422198-422505	-0.0506700377970164	5.30295281675228	-0.534437955490273	0.598751275229543	0.707873932363295	-6.81643353276243
10:296011-296409	0.0504873250667437	5.2387083129628	0.556601566137867	0.583787384331812	0.696251620641937	-6.8040481838683
1:421319-421523	0.0504706044852599	4.80538741578462	0.492286384105635	0.627714639691516	0.728454946139285	-6.83863602303694
6:18995-19404	0.0504595673713988	5.74362041236057	0.565503831473423	0.577830027393162	0.690803205825799	-6.79893603072534
15:50174-50453	0.0504403783585055	4.73665221055303	0.421795733510811	0.677536656675784	0.768697061299775	-6.87177825286794
15:247442-247705	-0.0503864508445879	4.61074233950156	-0.388951995927031	0.7012969001926	0.787507507592092	-6.88550479763506
2:571115-573796	-0.0503504617018571	9.21151064833596	-0.480227170163369	0.636118339893593	0.73496791155491	-6.84466058750706
16:295648-296110	0.0502907243020099	5.43210732008155	0.487258313764409	0.631212337221676	0.730619710732925	-6.84116570065983
4:324937-325172	-0.0502566135728513	4.45900380745235	-0.44603349700342	0.660218915381923	0.754884774181417	-6.86094776747564
2:931087-932422	0.0499839196440117	9.37274092022529	0.385609947117061	0.703732847565158	0.789450683133245	-6.88684016167148
5:295892-296171	-0.0499293068988544	4.88625577422178	-0.508714440113031	0.61634953388386	0.720872880497558	-6.83019420553179
6:504450-505891	-0.0498684529522251	9.51109039775295	-0.445115332226492	0.660871467170017	0.755016641978127	-6.86136886168761
3:584801-586216	0.0498313635427063	9.30607706332077	0.417466639695822	0.680649487292002	0.770702531019226	-6.87365012184547
12:524757-525007	0.0496589257392355	4.43974926358685	0.459121584967734	0.650947416799723	0.747087342973221	-6.85485275727966
4:768858-769506	0.0493947298383297	8.40840681494202	0.33329397379843	0.742275802749133	0.816321005676934	-6.90626064200009
15:123009-123267	0.0492196428021447	4.90950581458025	0.493510089682516	0.626864741484208	0.728034920312225	-6.83801652573439
7:519282-519625	0.0489776224067899	5.11638676469931	0.53411151493225	0.59897306432191	0.707949151281983	-6.81661229788602
1:537466-538002	0.0488424808082035	5.78984918646024	0.558343724562691	0.582619123751722	0.695414186110055	-6.80305393515925
9:195730-196174	0.0487745552831251	5.10650287451868	0.458701888357732	0.651243838698058	0.747235945145478	-6.85505088687787
2:421131-422136	0.0487503870409496	6.38774630270757	0.496298335683992	0.624930213064748	0.727019602801152	-6.83659937569643
1:1028492-1028733	-0.048720814878366	4.42192770637447	-0.474446218410362	0.640164914697353	0.738700575883741	-6.84749684880886
3:84552-85256	0.0486094078805479	5.80347651840026	0.523299818482577	0.606341206420422	0.713392634097106	-6.82247294098273
10:148309-149592	0.0485277009101814	7.59810383251095	0.477649911659047	0.63792094939045	0.736860430831395	-6.84592919655985
11:567554-567773	-0.0484495814368868	4.65377460902848	-0.498489850467774	0.623411650838152	0.726106804927846	-6.83548004919525
2:411117-411404	0.0484429978500058	5.14094463878381	0.522278533453742	0.607039455317141	0.713392634097106	-6.8230205139339
4:573394-573648	0.048257626958657	4.62037129337441	0.496150054143681	0.625033023421547	0.727019602801152	-6.83667493730625
13:9819-11324	0.048133475601297	8.82739489074598	0.353897275164718	0.727006911028686	0.805865015791084	-6.89894560279837
16:351921-352207	0.0480280919972582	4.83392552228054	0.382526538794727	0.705983178254499	0.79062412105804	-6.88806210882708
20:119254-119463	0.048021073029199	4.21598674822347	0.382482513487456	0.706015328835787	0.79062412105804	-6.88807948592649
14:382616-383472	0.0479935248282048	6.27352207495379	0.555174234709609	0.584745400143206	0.696837170138709	-6.80486051444373
10:274644-275043	0.0479814750650318	5.08854601229526	0.445931052760122	0.660291710110002	0.754884774181417	-6.86099479324524
17:331888-332097	0.0479812141684972	4.2400523559025	0.43052193409879	0.671280081768448	0.763182536447949	-6.86794744083636
4:479218-479945	-0.0477830648833582	8.68922798892915	-0.445722587816077	0.660439851584993	0.754884774181417	-6.86109045380002
3:613328-613680	-0.0476601677207729	5.34180867856212	-0.578444784582541	0.56922516035978	0.685274829954377	-6.79136450814306
8:319201-319595	0.0476535296044123	5.12679146769058	0.520174009029989	0.608479526197159	0.714302092829831	-6.82414559258784
8:520762-521109	-0.0476506249104354	5.06577932965376	-0.473313044313268	0.640959473192821	0.738894096355511	-6.84804887031524
1:90256-91096	0.0476078216027593	6.13967712069233	0.494550964809879	0.626142242640058	0.727573384749974	-6.83748840383161
7:505911-506447	0.0475762415726653	5.56305934428278	0.531809001094865	0.600538565137858	0.708977885849893	-6.81787018155588
2:1035960-1036345	-0.0475259442832217	5.15733107619363	-0.487750136642577	0.630869814918177	0.730608280688701	-6.84091937857773
12:468942-469166	0.0475144998074715	4.65111288617946	0.3910457346099	0.699772495702591	0.786782640232303	-6.8846624292719
2:564555-564972	-0.0473394597981729	5.42363026857088	-0.54645046757085	0.59061773970548	0.701130738787667	-6.80978142705928
6:718253-718911	-0.0472581037927178	8.2859302151606	-0.328953801946013	0.745506450276927	0.818265539833135	-6.9077462680223
4:528263-529203	0.0471694414717865	6.17666856810687	0.552856213222039	0.58630291256687	0.697578903947185	-6.80617544670916
5:238649-239551	0.0470718678266824	6.28987468222806	0.525583357633346	0.604781356229266	0.7123551406664	-6.82124482967421
10:280449-280855	0.0470613947703082	5.19224070176603	0.4188102870944	0.679682710138337	0.769996828834723	-6.87307116985931
10:99136-99338	0.0470266556523411	4.41153552697353	0.490166152786725	0.629188456315097	0.729597805820304	-6.83970582789725
2:363028-363350	0.0469943713907544	5.25423258821261	0.519682374830389	0.608816173972442	0.714302092829831	-6.8244077827678
3:663654-663963	0.0468204119870643	5.06737515905072	0.554306165645821	0.585328426349153	0.697148067202705	-6.80535356487934
6:711649-711967	0.0466602964978993	4.70630022784105	0.395913339770847	0.696233528805283	0.784468978684357	-6.8826868423722
16:250916-251271	-0.0465694792271085	5.19128411736484	-0.487336762394246	0.631157697202383	0.730619710732925	-6.84112642712001
11:203705-203934	0.0465549193712409	4.38557102007185	0.519546263514607	0.608909392282105	0.714302092829831	-6.82448032871451
6:39087-39347	0.0464771777088604	4.58954489643495	0.468800755498819	0.644127775612145	0.740970424990995	-6.85023420277133
10:301719-302350	0.0464498220000271	5.7590748032608	0.454175127070194	0.654444740603806	0.750139477322058	-6.85717658745669
15:497125-500058	-0.0463115440246327	9.81986406413504	-0.433277108638063	0.669309701562002	0.761489107767574	-6.86672191444038
6:372818-373678	0.0462429202108989	6.35239023983809	0.534822328861946	0.598490176923558	0.707752188087146	-6.81622290635514
3:986067-986970	0.0461942717768986	6.32168143323756	0.543889911067034	0.592346878981342	0.702574518913492	-6.81121142094475
11:284135-284448	0.046192316742423	4.81927535331495	0.405238524238986	0.68947356409836	0.777700670773872	-6.8788348817377
9:679900-680132	0.0461894120346384	4.41327317701642	0.465095330985062	0.646734745552027	0.74339617901666	-6.85201344388935
8:115081-115840	0.0461638102536464	6.1893860461147	0.439633585926256	0.664773165128052	0.757810640750488	-6.86386522041533
7:110905-112005	-0.0461098389752124	8.36287095004921	-0.420165896211329	0.678707899335411	0.769324055878886	-6.87248521059344
18:194947-195768	0.0460927585577391	8.92469783748402	0.356646036701922	0.724978445169567	0.804812381095978	-6.89793690804018
19:74339-74553	-0.0460878597319967	4.53979719638506	-0.371773571346672	0.713852414360333	0.796166597860766	-6.89224778852957
11:151494-152219	-0.0460647491008306	8.66466267494589	-0.361467220555394	0.721425632565686	0.802659987910517	-6.89614909691325
9:304898-305163	0.0460318775681774	4.56384352575258	0.438689940382143	0.665445805316193	0.758282949235051	-6.86429188948873
17:63150-64263	0.0460266189669554	8.97315951570463	0.440634962476618	0.664059690633965	0.757281828096211	-6.86341146443094
18:338304-338884	0.0459988687854826	5.64273270158215	0.528050304657758	0.603098398309719	0.710760513647789	-6.81991223130587
4:142160-142701	0.0459776301644652	5.58961626777325	0.46062139065352	0.64988862380405	0.746254869201367	-6.85414328135173
9:296597-296990	0.0459371774864819	4.9118193620511	0.468896677211177	0.64406035161833	0.740970424990995	-6.85018796034365
2:318328-318589	0.0459338939996927	5.01344072863576	0.390124229567074	0.700443263359935	0.786943786847156	-6.88503372491932
2:676771-677054	0.0457443680097409	4.94945350355528	0.472315937277092	0.641658989964625	0.739080195337535	-6.84853353911398
4:252177-252593	0.0456245807499451	5.50194562595574	0.391481240119658	0.699455576778899	0.786623909965415	-6.88448665374949
5:245436-245947	0.0455793921965544	5.57983403266108	0.519448944779926	0.608976046970205	0.714302092829831	-6.82453218726276
7:593492-593851	0.0454210035821694	5.28113392683673	0.487741245228225	0.63087600644813	0.730608280688701	-6.84092383386368
7:495365-496113	-0.0453775777254926	8.32806786729112	-0.3490950433644	0.730555677084786	0.808330076748608	-6.90068934422427
5:619534-620414	0.0453589282003248	6.07274127698894	0.510500755158375	0.615119604677069	0.719998784135607	-6.82925998868555
10:554431-554609	-0.0452735933147661	4.22452635707299	-0.388603399768929	0.701550830972025	0.787595063815095	-6.88564461471839
2:776778-777135	0.045191757141807	5.22146677596731	0.483310509066568	0.633964801184937	0.733236808812346	-6.84313410129212
6:201691-202537	-0.0450720084634497	7.0081450604701	-0.483861856156777	0.633580066208525	0.732981229348503	-6.84286013628567
16:446227-446622	0.0449799241489215	5.21269873094244	0.406356711442786	0.688664744464588	0.777418258820554	-6.87836706549508
3:665209-665553	0.0449649322358017	5.02108300172528	0.476813440890018	0.63850649674982	0.737156326915706	-6.84633949926433
14:413877-415391	-0.0449531523471549	9.63560751159335	-0.387063619678036	0.702672893728636	0.788624998484541	-6.8862607211967
3:579618-579868	0.0446811695336216	4.3476008358773	0.376497098963392	0.710391551964872	0.794165490774525	-6.89042361172243
11:139773-140120	0.0446382489260584	4.70479878763576	0.405618949325972	0.689198347943054	0.777628385528891	-6.8786758655738
14:426824-427202	-0.0445029287897594	5.09917506603083	-0.423073189338037	0.676619229100714	0.768082087104945	-6.87122226372502
8:580640-580862	0.0443783523883905	4.6385660296058	0.410918061251335	0.685369346381931	0.774479473467691	-6.8764455940398
10:516661-517013	0.0443200336102052	4.74719722715017	0.366131136386345	0.717994845639222	0.799439037084865	-6.89439705263509
17:396426-396706	0.044289891415886	4.79187535053305	0.410958044336752	0.685340488443593	0.774479473467691	-6.87642865785777
14:168617-169226	0.0442543040578771	5.47065401514199	0.527450751044277	0.60350720720411	0.711055082770623	-6.82023665749834
5:554736-555497	-0.0442186019493827	6.09423488622446	-0.447912164744352	0.658884586636735	0.753877149740804	-6.86008350981981
1:426582-426892	-0.0441711698213929	4.77817184948251	-0.435991131206901	0.667371139338869	0.759896519888267	-6.86550718869914
16:18128-18996	-0.0441400284882594	8.9766040211173	-0.351214228024985	0.72898886689776	0.80746205598475	-6.89992274737228
4:263893-264136	0.0440461663594958	4.49736191161439	0.473700597423653	0.640687679091374	0.738894096355511	-6.84786022057592
9:689067-690078	0.0439114056327252	6.49088712525548	0.521978880203926	0.607244400337349	0.713392634097106	-6.82318097861884
7:568109-568375	0.0438353813475869	4.67045878398519	0.405991217798546	0.688929075399444	0.77752056013311	-6.87852011670399
10:412022-412338	-0.0438132605886938	4.86671169635013	-0.420590702552655	0.678402542187478	0.769324055878886	-6.87230120591965
20:60158-60688	0.0437574339378992	5.19887990855251	0.42011488565044	0.678744570300652	0.769324055878886	-6.87250729350433
14:69719-70682	0.0436041265528546	6.16180017968939	0.441689565639104	0.663308645973253	0.756618119107105	-6.86293249463777
6:464143-464374	-0.0435536030611896	4.4460068185314	-0.383829318066055	0.705032046493365	0.790313909367468	-6.88754700028121
7:371906-372741	-0.0435409877598367	9.4283288531084	-0.355892679088891	0.725534184701735	0.805029997700785	-6.89821412949864
1:86745-87164	0.0433446063245695	5.19384180185087	0.512518316979647	0.613731851430071	0.7187019574944	-6.82820099445134
17:137487-137820	0.0432541247977092	5.00651316902931	0.426660575703594	0.674045643022296	0.765743222885228	-6.86965208653592
12:84271-85885	-0.0432463718446705	9.71714474942865	-0.412260657983671	0.684400592226263	0.773970957757644	-6.87587600545032
18:208724-209224	0.0431402195788007	5.60317269222037	0.47238099776139	0.641613336592157	0.739080195337535	-6.84850194533581
3:629400-629682	0.0430966495118037	4.88706499265818	0.422628665304766	0.676938413536097	0.768249578850803	-6.8714159220667
12:399964-400340	0.0430772797776688	4.94871462303135	0.394141687295312	0.697520782642879	0.78553395966871	-6.88340867898085
6:385879-387119	0.0429273556304821	8.75424150964264	0.302470944584297	0.765321456594548	0.833677011369481	-6.91639346882271
4:862249-862887	0.0429165417704986	5.71835532402906	0.436984501219685	0.666662193372262	0.759282437031614	-6.86506072085227
11:388648-389033	0.0427414033836424	4.89860344029019	0.460979447614738	0.649635964392306	0.746183723370439	-6.85397356909624
5:675318-675840	0.042693895413084	5.46947887200345	0.472409159283283	0.641593575917139	0.739080195337535	-6.84848826860426
5:541418-542212	0.0426809764661087	6.24831144337462	0.449224335963405	0.657953304572441	0.753775016960903	-6.85947774906961
12:371413-371804	0.0426059367571421	5.16662644240667	0.443920256756683	0.66172123789788	0.755384917324895	-6.86191567951039
3:409598-410380	0.0423179826588855	6.06956975296862	0.43093291839811	0.67098600927854	0.763042016649072	-6.86776511848807
4:559599-559824	0.0422967470190194	4.48676098568235	0.477231061222432	0.638214123319958	0.73700887925184	-6.84613473751974
15:334729-335142	-0.0422721488968802	5.15123247731866	-0.46708100268848	0.645337134287788	0.742170866668072	-6.85106169865398
7:700148-700899	0.0421829287867173	6.07776755302477	0.498272263748399	0.623562346079375	0.726106804927846	-6.83559139787453
10:583851-584051	-0.0420602471802107	4.26009890400223	-0.332515027907183	0.742855261438486	0.816557011345448	-6.90652869096674
10:11385-12224	0.0419174706051804	6.19503014928785	0.466568085021318	0.645698021823426	0.742395156866595	-6.85130792363316
1:313449-313765	0.041881017880872	4.77644245606717	0.321101664003925	0.751363458351463	0.823079500631706	-6.91038505708486
1:289988-290225	-0.041880773022255	4.67136747119921	-0.419710504193865	0.679035304855054	0.769458740387651	-6.87268226046561
1:284448-284808	0.0418377112074326	5.11128957969864	0.411733349380359	0.684781006723931	0.77420555344691	-6.87609993087521
13:317223-318069	0.0417766802513286	5.94311455238245	0.474019816756907	0.640463846879786	0.738844375936578	-6.84770472030991
17:315511-315908	0.0416982795355896	5.02707806094697	0.437730578433974	0.666129944894829	0.758869339106453	-6.86472474240275
4:348753-349041	-0.0416695922827985	4.73790122539793	-0.499294573537626	0.622854466473406	0.726106804927846	-6.83506782485142
6:659046-659846	-0.0416488456372939	8.72839860072169	-0.339707707241206	0.737510612010907	0.81247784872282	-6.90402998302417
15:466825-467156	0.0416197126802169	4.64372484280088	0.439508913107539	0.66486201658337	0.757810640750488	-6.86392164277472
10:96624-96831	0.0416031229032798	4.0684619925853	0.367617850905844	0.716902493571773	0.798421388710439	-6.89383389438302
8:455297-455852	0.0415541850701286	5.66724532476617	0.514008019092558	0.61270813221201	0.717739230510588	-6.8274164548536
6:708341-708635	0.0414436356003876	4.93252266609916	0.380192060141714	0.707688765830619	0.791903728964462	-6.88898082418758
9:326048-326365	0.0412531463924894	5.10998211226218	0.433080367320578	0.669450321507016	0.761489107767574	-6.86680968124508
14:375218-375581	0.0412461763010228	5.18890746829775	0.414710963430221	0.682634006054068	0.772558738583567	-6.87483176764231
11:297700-298108	-0.0411969806274719	5.15105130543024	-0.446215518653827	0.660089583140589	0.754884774181417	-6.86086418654258
1:536004-536269	0.0410712422898651	4.60765714703806	0.371521453662778	0.714037316154044	0.796166597860766	-6.89234451504354
6:477306-477554	0.0410562668550378	4.54608095042359	0.36077510344724	0.721935270987397	0.803027403812025	-6.89640720776245
2:604566-604927	0.0408719614254949	4.84147158387798	0.404242700058936	0.690194195785293	0.778163531570522	-6.87925043700198
16:450235-451304	-0.0407943703954761	8.09063017819759	-0.454614817007891	0.654133532323672	0.74997481830962	-6.85697102135282
4:419377-420400	-0.0407397336944815	8.81921312579272	-0.363556538397955	0.719887975987121	0.801148329318338	-6.89536696638919
9:18139-18828	0.040679304977921	5.77257397528431	0.425571230577179	0.674826706495201	0.766241587588158	-6.87013026339321
4:262546-262761	0.0406333114524147	4.68138166779202	0.350223979718654	0.729720851947698	0.807872998594582	-6.90028153176873
8:90622-92072	-0.0405914281491828	9.6472467856047	-0.322193079650279	0.750548427097287	0.822387946067921	-6.91002205173729
8:270694-270971	-0.040554524724099	4.65013585630616	-0.344787770044239	0.733743959408117	0.809383399954262	-6.90223333296842
2:582463-583410	0.0405409563317791	6.23143970423544	0.448222573460449	0.658664230106573	0.753877149740804	-6.85994036726312
17:49869-50579	0.0403343557681941	5.83799555057885	0.471589758647182	0.642168653046038	0.739290710004139	-6.84888588701093
7:95582-96389	0.0401518993670695	6.70519716146647	0.371734829612151	0.713880826172848	0.796166597860766	-6.892262656246
8:157861-158103	0.0400905297414518	4.67110203440448	0.415284941121414	0.68222045719344	0.772285980373757	-6.87458627799125
7:333562-333931	-0.0399796528302474	5.0864330718008	-0.413149045292136	0.683759880430068	0.773441805611571	-6.87549810786758
4:301034-302402	-0.0399640096268428	9.08286148869601	-0.331014411811718	0.743972012369204	0.817383094591202	-6.90704333029822
6:101094-101548	-0.0399510265600194	5.41690651473636	-0.407446901618769	0.687876543889933	0.776724371960479	-6.87790974121197
8:327085-328214	-0.0399216283258372	8.13361143965253	-0.303114064255609	0.764838237786078	0.833556355571094	-6.91619199037194
3:731354-731977	0.0398466118773664	5.75496747393496	0.383259167542006	0.705448240576526	0.790569946551422	-6.88777264569503
13:33080-33890	0.0398413305122887	6.12299717525783	0.460060091479972	0.65028478613749	0.746518261798257	-6.85440906663696
14:187758-188062	0.0397896487458249	5.08303997663721	0.393115808826583	0.698266597248173	0.785681570960991	-6.88382520200154
10:26313-26539	-0.039532221744528	4.36395441277557	-0.346536408510253	0.732449002891192	0.808636770653497	-6.90160879890501
2:308966-309267	0.0394223169532708	5.2676570078172	0.3713990725121	0.714127076355315	0.796166597860766	-6.8923914439924
11:396804-397145	-0.0394052822804341	4.952557800243	-0.434375549012556	0.668524825393538	0.761016561155004	-6.86623117817701
6:360344-361044	-0.0393169374540987	6.0622064668051	-0.381036533649467	0.70707160470649	0.791410978411165	-6.8886491284793
3:945200-945439	-0.039294716137956	4.53138769001094	-0.34025299670381	0.737105976295207	0.812431999482232	-6.90383839535695
3:270987-272462	-0.0392847257922586	9.39393008097353	-0.355998210081641	0.72545632686288	0.805029997700785	-6.89817533094585
4:237944-238408	-0.0392249703341898	5.41703457690065	-0.384796523769495	0.70432623002664	0.789737987610963	-6.88716345830519
1:235773-236669	0.0392108673609259	6.26312272612075	0.389728023705374	0.70073174058124	0.787070331453358	-6.88519310009534
9:370611-370874	0.0389501982658844	4.62159265191809	0.350911663487334	0.7292124925036	0.807509924900077	-6.90003247802044
13:405520-405826	0.0389158882817693	5.01335167297426	0.390483003033323	0.700182080675262	0.78684785164511	-6.88488926940384
5:702739-703484	-0.0388202230177122	5.82635675945952	-0.402404569490284	0.691525157761753	0.779467793034905	-6.8800148419313
3:131241-131876	-0.0388064524268241	8.28710391032348	-0.346361270071531	0.732578665102755	0.808636770653497	-6.90167149109719
3:13751-14004	-0.0386856093910266	4.62269625896914	-0.359074175199806	0.723188307500518	0.803622359576047	-6.89703945872834
9:244696-245054	-0.0386260064215591	4.83417667883698	-0.418571868329936	0.679854215271409	0.769996828834723	-6.87317403341298
3:301999-303115	0.0386090241015289	9.26462326876864	0.228049441079796	0.82185279172658	0.877741134757378	-6.93683832297917
7:9352-11304	0.0385021071559795	9.55723352582922	0.346996118701752	0.732108699503751	0.808516787312803	-6.90144409299003
18:41739-42128	0.0383665732629721	5.15582556385286	0.384775137783032	0.704341833454639	0.789737987610963	-6.88717194912768
3:142601-143243	0.03806618459845	5.79910388511862	0.42599762362314	0.674520936622643	0.766088736950761	-6.8699432377522
3:399763-400454	-0.0380178470833759	8.89243908334228	-0.348275868770064	0.73116165458955	0.808468272219077	-6.90098444500068
1:820338-820818	0.038012684020071	5.55591267449107	0.429898625843614	0.671726182060584	0.763443070915443	-6.86822362907548
5:407087-407467	0.037912855605855	5.10873913810321	0.394020441787237	0.697608911904183	0.78553395966871	-6.88345796230651
1:367948-368553	0.0378823957713834	7.59423489711094	0.383032533556883	0.705613703412183	0.790569946551422	-6.88786224757441
3:693416-693829	-0.0377343704447695	5.4537810089901	-0.429725136565155	0.671850370048242	0.763443070915443	-6.86830043235932
7:122922-123324	0.0375968362815762	5.20572980602964	0.375938588320903	0.710800432391306	0.794392692979647	-6.89064048684772
16:419530-419841	-0.0375948190970528	4.87770781971968	-0.407583588836331	0.687777745568327	0.776724371960479	-6.87785231718768
12:294212-294411	-0.0375947978347817	4.3787694001513	-0.408271358040214	0.687280708862261	0.776443324802493	-6.87756308910499
4:410736-412932	0.0375937289830119	9.49208088231974	0.353941116613551	0.726974541773469	0.805865015791084	-6.89892957508972
3:63883-64356	0.0375095727773038	5.29209621570044	0.339954086543854	0.737327774905581	0.81247639598163	-6.90394345518563
4:111604-111876	-0.0374860278819664	4.21906742691584	-0.273878016107282	0.786901644001202	0.851588916477123	-6.9249221960102
14:420321-420686	-0.0374337834899849	5.24895140474891	-0.395804459723586	0.696312612223627	0.784468978684357	-6.88273129607026
14:544051-544495	-0.0374327751566694	5.38720370059002	-0.392502630684433	0.698712527863593	0.785985743834492	-6.8840736515501
3:59587-60497	0.0374155077021632	6.27035284219012	0.413945771630043	0.683185483177632	0.772987417265692	-6.87515852012187
4:414762-415095	0.0374116585283204	4.72230593289073	0.386860962339832	0.70282062532503	0.788624998484541	-6.88634163022176
17:83978-84782	0.0373829493850639	8.79732014111129	0.373382877626104	0.712672583278735	0.795888843002899	-6.89162884283375
11:468368-469155	-0.0373294620688833	6.24752237987997	-0.456081485807847	0.65309590553268	0.748977010803042	-6.85628390727065
3:795841-796387	0.0370772009654177	5.7314699296267	0.390663312716136	0.700050831813025	0.78684785164511	-6.8848166206377
14:342592-342894	0.0370002866590875	4.7871737648778	0.332649177992426	0.742755455877907	0.816557011345448	-6.90648257179039
11:440621-440821	0.0369746235384927	4.53129163768373	0.441948038363189	0.663124627814854	0.756601028319981	-6.86281493251425
10:183451-183756	-0.0368486928637326	4.81711073905799	-0.303439222616306	0.764593961977787	0.833493076914898	-6.91608996237101
5:362695-362935	0.0368048641769274	4.47891164822998	0.327387355799626	0.746673634394211	0.819144898908943	-6.90827772533611
4:34457-34722	0.0367680592172839	4.7648738623927	0.405050077384061	0.689609911148682	0.777700670773872	-6.87891359738685
6:604567-604958	-0.0367530778511043	5.09682577089007	-0.381654064510816	0.706620429446602	0.791103812456976	-6.88840611294006
8:187882-188431	-0.036718248040855	5.83006224796642	-0.393742243041922	0.697811141726465	0.785564051903335	-6.88357098682725
12:211621-212430	0.0365140188732074	8.24549388700038	0.290415264164413	0.77439765103419	0.840699463019412	-6.92009178854105
1:406330-406580	0.0363513708257797	4.69135332147939	0.293254759871757	0.772256880001207	0.838985872545	-6.91923414261118
13:24760-25677	0.0361471061264735	6.1833063862513	0.371410882273635	0.714118414324939	0.796166597860766	-6.89238691602129
5:556681-556873	0.0359804515084496	4.26054522759074	0.348777930500089	0.730790237250683	0.808330076748608	-6.9008036627447
7:101862-102356	0.0356752521143564	5.24724150238161	0.329198047480455	0.745324515465612	0.818265539833135	-6.90766317520938
1:344094-344372	-0.0356400236500374	4.57489424614215	-0.344715426985162	0.73379755071814	0.809383399954262	-6.902259103347
10:195370-195710	0.0355539226862662	4.92684879089419	0.347435494416651	0.731783501722657	0.808516787312803	-6.90128647086609
15:399574-399867	0.0355284743207447	4.58559144224879	0.354132733273671	0.726833072470647	0.805865015791084	-6.89885950018923
12:462369-463495	0.0354432207038684	9.43311191915941	0.347147114976202	0.731996935894274	0.808516787312803	-6.90138994665276
12:241554-242270	-0.0354420076318576	5.94190768640734	-0.3702664453718	0.714958000873586	0.796652230995811	-6.89282504352768
16:240117-240525	0.0354144450336147	5.22166180593055	0.371345433974129	0.714166418769208	0.796166597860766	-6.89241200771308
15:140262-140689	0.0351006291597962	5.46780943134749	0.33046005929093	0.744384705215327	0.817635813630382	-6.90723286410296
10:585264-585484	0.0350763506738625	4.47543004409484	0.348688919208948	0.730856081457019	0.808330076748608	-6.90083573267509
5:13069-13436	0.0350175402659119	5.28350345371268	0.305426246557902	0.763101754107909	0.83227179614693	-6.91546411985539
1:776875-777111	0.0349614067866986	4.38019461864361	0.343418142311243	0.734758807785934	0.810244006811983	-6.90272032068866
3:545109-546212	-0.0347331792415773	8.90285196647887	-0.302752776140569	0.765109685612944	0.833649209543218	-6.91630522799622
1:477513-477889	0.0347190174429342	5.2152836410711	0.375113844738711	0.711404382932197	0.79467083054767	-6.89096016213978
9:548976-549146	0.0346714828887467	3.96868440804732	0.334339949446629	0.741497947135119	0.815665964948831	-6.90589972752462
8:578652-578882	0.0345853451296918	4.5456148091236	0.281240716424451	0.78132710816068	0.846989618824704	-6.92280630095231
13:336610-336970	0.034273974356009	5.01598898453831	0.294829375945092	0.771070536096031	0.837900393193939	-6.91875497632519
18:30436-30728	-0.0342650969997642	4.78675929164113	-0.359512270480319	0.722865495925468	0.803622359576047	-6.89687689669319
16:256994-257576	0.0342438819980382	5.94034491036014	0.349960504988837	0.729915655338852	0.807888841072379	-6.900376824714
5:20887-21160	0.0341924301992922	4.88908494644595	0.364077051476334	0.719505087654618	0.800921355966692	-6.8951714213103
5:716042-716279	-0.0340180353690593	4.4826742731689	-0.322607179468082	0.75023926993112	0.822387946067921	-6.90988400286958
13:362721-363102	-0.0339857447427905	4.91382208803386	-0.371085524209096	0.714357067095162	0.796180834740524	-6.89251160934199
9:407141-407402	0.033842023089794	4.49084247188299	0.245813761595866	0.808255288395072	0.866551467865915	-6.93247604066409
3:957512-958886	-0.0337503850029996	9.50944109177797	-0.249176334949246	0.805688287699619	0.865108571572275	-6.93161371024149
13:539799-540792	0.0337356849539585	8.63543632593028	0.318103175010931	0.753604157187991	0.824122210499254	-6.91137607846812
3:262943-263315	-0.0336969202116313	4.92763173789108	-0.270443978401542	0.789505701394565	0.853169367320636	-6.92589001707707
5:175738-175967	0.0335343572073219	4.75637249453384	0.313019284071644	0.757408314980175	0.827473668013489	-6.91303530058122
12:480288-481001	-0.0335005581762484	8.6419586187973	-0.358042632486283	0.723948611150993	0.804067985983088	-6.89742145557407
11:333686-334009	0.0333661437190944	5.00896271978859	0.31859022235424	0.753240046150124	0.824122210499254	-6.91121573214294
4:275253-275469	-0.0333434294754289	4.74579937765052	-0.313959382654527	0.756704381812357	0.826906448484402	-6.91273047703985
17:45728-46394	0.0332279010853691	5.67989759083428	0.376458631600435	0.710419710692851	0.794165490774525	-6.89043855915615
15:346394-346676	-0.0329944475022872	5.11627587364403	-0.312400311935186	0.757871911054565	0.827576158546044	-6.9132355057317
5:428876-429662	-0.0329885188218846	8.57345967377525	-0.271592009615904	0.788634857686822	0.852434103599666	-6.92556781440376
16:513506-513758	0.0329791216998974	4.37410600739676	0.358378386238587	0.723701110029393	0.803992595803317	-6.89729723969391
6:539565-540516	0.0329022403939891	6.24838073842278	0.379188899636882	0.708422167261793	0.792526273597547	-6.88937390665087
11:152987-153292	0.032855538484541	4.91788684755904	0.342024468977731	0.7357919840775	0.811183478012534	-6.90321389119039
11:461291-461677	0.0328056792227898	5.17006615618403	0.356996031068997	0.724720312986077	0.804725408316964	-6.8978079197182
5:616368-616572	0.0327986239963147	4.28377228249503	0.296929721417624	0.769488993578898	0.837198039683798	-6.91811186692825
2:519157-520020	-0.0327725838345518	9.61466671176369	-0.259269838740452	0.79799648040143	0.858613520739615	-6.92895530965284
2:961662-961862	-0.0327029863089381	4.3043107663183	-0.31433882892782	0.75642031892051	0.826797887054506	-6.91260718651265
4:917822-918246	0.0326871536310582	5.40754534226034	0.329260427122755	0.74527805225724	0.818265539833135	-6.90764194374922
3:191851-192510	-0.0326816166563422	8.71468404410255	-0.290742411881135	0.774150911398774	0.840656208345782	-6.91999339812177
13:374941-375247	-0.0325856743412194	4.64894917039124	-0.336164274241513	0.740141939590097	0.814374464504738	-6.90526756649748
4:884405-884639	0.0323059528975422	4.26164239039624	0.238078072407359	0.814169119749243	0.871823200956366	-6.93441563089239
3:636217-636496	0.0322722367421733	4.81859877694948	0.280229970519332	0.78209166947892	0.847407967220442	-6.92310006792257
2:569693-570048	-0.0321735405483743	5.06576345413354	-0.355460204625238	0.725853284187232	0.805184460972007	-6.89837301039177
12:539297-539881	0.0321645654098814	5.46487332368827	0.352744257055843	0.72785840130675	0.806609112218127	-6.89936642305927
2:506320-506790	0.0320903282850793	6.12608851118114	0.347095110220272	0.732035427805243	0.808516787312803	-6.90140859786738
2:1057338-1058137	-0.0319523484264916	9.61843519706137	-0.245784009437335	0.808278011246692	0.866551467865915	-6.93248361861157
13:424992-425259	0.0319266412606432	4.5284786413749	0.33820821515727	0.738623722851897	0.81330375977493	-6.90455526353725
12:178718-178923	0.0318775210439499	4.41565441954169	0.309085030807623	0.760356569772142	0.829682107825477	-6.91430114392998
17:275566-275798	0.0318256560748802	4.36478534074801	0.351331584853514	0.728902135070251	0.80746205598475	-6.89988016058943
15:172585-172993	-0.0317827553062138	5.46241117899082	-0.393187212027529	0.698214676909489	0.785681570960991	-6.88379624578371
9:318707-319508	0.0317153477674266	6.00989806195807	0.306917816121779	0.761982241310722	0.831253354157152	-6.91499166838986
2:668477-668666	-0.0316147371064082	4.21998780033664	-0.252542510145524	0.803120788285889	0.863504359444545	-6.9307387928224
5:582946-583270	0.0315776182566658	4.85011821125093	0.372461638978722	0.713347881027075	0.796166597860766	-6.89198347769562
6:271516-271883	0.031448710384721	5.30134814155058	0.289439621995876	0.775133640020111	0.84129441627789	-6.9203845627499
15:33556-33888	-0.0314332263553929	4.94877937532056	-0.260906129959776	0.796751495081801	0.858610924699911	-6.92851446959684
11:405243-405581	0.0313714803840854	5.23525483976506	0.337578028642589	0.739091702058849	0.813418848885028	-6.90477533562373
4:12548-13861	0.031127285071781	9.38636089644263	0.272846217356668	0.787683797571591	0.852229315429161	-6.92521426378568
4:537927-538787	0.0310872298538483	6.21584528519545	0.332242567348558	0.743057982112791	0.8165793095843	-6.90662230296696
11:371524-372040	-0.031006870910387	5.76482421741354	-0.369709788687951	0.715366511702419	0.796909035933307	-6.89303766746742
6:518558-518948	-0.0309635795047907	5.10474802867588	-0.276758398493854	0.784719398580756	0.849638129667988	-6.92410106462935
6:125059-125409	0.0309545269591318	5.01881108229653	0.360476069803632	0.722155504578003	0.803072804594072	-6.89651857510985
2:1063067-1063342	0.0308202012872485	4.855771157601	0.318694307633418	0.753162240824197	0.824122210499254	-6.91118143355848
14:28714-29046	0.0307357297538173	4.93233458369736	0.318586050336455	0.753243164852855	0.824122210499254	-6.91121710669117
5:596167-596848	0.0306127047188012	5.63893210506712	0.345642555324822	0.73311084510464	0.809024690011925	-6.90192843271759
4:248335-248549	0.0305441317039516	4.52588136734728	0.267804143121873	0.791509229038578	0.854715394252515	-6.92662576372073
6:471084-471394	-0.0304706456842245	4.77133029355936	-0.347337101566401	0.731856321318454	0.808516787312803	-6.90132178555341
14:254726-254979	0.0304588806213202	4.57646162042985	0.322281198515774	0.750482636022722	0.822387946067921	-6.90999269016467
11:382846-383053	0.03033061649462	4.37603640674646	0.272170804595424	0.788195917894993	0.852422209612132	-6.92540485791157
10:79300-82425	-0.0303260166257431	10.518123747762	-0.295628762824382	0.770468483562353	0.837652886185351	-6.91851074382425
16:258948-259451	0.0302161961701257	5.6562922468469	0.312613305872534	0.757712372866172	0.827576158546044	-6.91316665761454
7:706059-706673	0.0301224035192664	7.69438010664148	0.233635289062201	0.81757074400558	0.874419749144319	-6.93550170089658
2:444611-445016	-0.0300347715886478	5.00592379065925	-0.31825636701441	0.753489626244527	0.824122210499254	-6.91132567059315
4:511796-512166	-0.0299320832375312	5.0109878303001	-0.284537645686956	0.778834784347238	0.844901719519689	-6.92184077463125
8:365096-365319	0.0298493906630455	4.61578061750171	0.295990525943095	0.770196073042085	0.837560161063258	-6.91840000072121
3:330139-330899	0.0295382464014402	5.82848024956757	0.328256980787315	0.746025585603534	0.818634596999613	-6.90798299255492
15:17343-17530	-0.0295022132099589	4.24430637752592	-0.279449864081075	0.78268192226817	0.847649107803345	-6.92332608332094
13:42901-43242	0.029467062296713	5.02141975034158	0.29912708098904	0.767835502195635	0.835602165773805	-6.91743420830723
1:989240-989473	0.0293758732721976	4.37610742780561	0.262659269209115	0.795418221295682	0.858004743792181	-6.92803909190939
17:112210-113175	0.0292757927494822	6.53239448018495	0.33766256251709	0.739028920808395	0.813418848885028	-6.90474583849668
10:26894-27173	0.0292725386351309	4.82715871133435	0.326521758009374	0.747318873237253	0.819651868809102	-6.90857032488269
1:1011262-1012402	0.0292450022947541	6.44484938843795	0.338982537278074	0.738048850328621	0.812870731808786	-6.90428430105651
1:533349-533553	-0.0289430141212943	4.31162567391057	-0.300983237863164	0.766439645863022	0.83448889683359	-6.91685791664117
16:53238-54922	0.0288771437952207	9.26099641245478	0.279435256050811	0.782692976441293	0.847649107803345	-6.92333030965108
3:63168-63483	0.0288689045738755	4.93422801522649	0.266461482388754	0.792528822770367	0.855197447136009	-6.92699722631094
11:556274-556472	0.0287869948851371	4.12135667188238	0.219531733124303	0.828393314813112	0.882410394360659	-6.93881454737524
16:167734-168563	0.0287804222210477	6.3034192893599	0.322809057850235	0.750088567906208	0.822387946067921	-6.90981663883167
3:423784-424087	0.0287736286039149	4.69946338353565	0.318600334938685	0.753232486721691	0.824122210499254	-6.91121240029146
7:378226-378494	-0.0286665053846384	4.76978678300021	-0.319255388598887	0.752742870686917	0.824122210499254	-6.91099635291668
2:130218-130490	-0.0286254720394412	4.90006536688748	-0.295072417766001	0.770887475187592	0.837900393193939	-6.91868079039791
20:20121-21887	0.0285076570321845	9.36300081596739	0.229668739042573	0.820610862893361	0.876833187469726	-6.93645415744193
14:504695-504992	-0.0284815250313768	4.83483026000124	-0.283659071134963	0.779498708009419	0.845417062527299	-6.92209916186041
3:10680-10922	0.0284413011746087	4.58214904671424	0.247947836663036	0.806625868694032	0.865402058550932	-6.93193010822819
14:235149-235760	-0.0283865291690635	5.7306961184219	-0.280884842441357	0.781596277051195	0.847076255709721	-6.92290985320971
12:350745-351102	-0.0281101015621976	5.28054215020398	-0.311457418136996	0.758578296849761	0.828145477243788	-6.91353972821646
4:384455-384771	0.0279876058144737	4.90368248420867	0.26096556263743	0.796706285683342	0.858610924699911	-6.92849840573848
5:634821-635967	0.0279643926254787	6.61773881343398	0.309238106019842	0.760241787834407	0.829682107825477	-6.91425218863519
1:134766-135686	-0.0279262987831235	8.88980147868252	-0.230168441796944	0.820227710677388	0.876633054678125	-6.93633506093755
2:652068-652328	-0.0277140798278648	4.83508736041972	-0.249362178706469	0.80554647917757	0.865108571572275	-6.93156571109422
11:100484-100855	0.027670922165103	5.18964023662414	0.260533532482047	0.797034940153737	0.858610924699911	-6.92861509489619
4:26807-27187	-0.0275509001832237	5.38745366586892	-0.266971347842573	0.792141594622615	0.854985719202031	-6.92685638449937
13:29591-29953	0.0275041224115471	4.72054084984963	0.287208300483479	0.776817682667131	0.842917805483171	-6.92105047254873
14:224921-225313	0.0273769416647998	5.08995333900659	0.30131774961898	0.766188174687926	0.834418070536047	-6.91675368306911
15:259460-259662	0.0272929792464822	4.55955982394958	0.250975185028575	0.804315959921148	0.864374126436268	-6.93114761480593
5:714801-715108	0.0272583474102825	4.79676772472925	0.315423604600773	0.755608424074015	0.826112190072128	-6.91225390529871
11:459672-459945	-0.0271524322770595	4.78079480032723	-0.271930045085845	0.78837849352027	0.852422209612132	-6.92547268424145
10:492146-492823	-0.027132276979005	5.87242834903592	-0.303579897524813	0.764488287492223	0.833493076914898	-6.91604578788384
2:687103-687325	-0.0271225158220592	4.08496080278812	-0.248260609711895	0.806387134180917	0.865353347541065	-6.93184970146603
5:131399-131595	0.0268596326225223	4.43903274344117	0.259840150212319	0.797562491492634	0.858613520739615	-6.92880197245149
18:203563-203892	0.0266367724355074	5.12703184677662	0.249065998788295	0.805772483218233	0.865108571572275	-6.93164219069412
7:531833-532194	0.0266139906807972	5.080561610912	0.24988270348696	0.805149328083001	0.865062024123742	-6.93143108224612
2:561651-561947	0.026449689131514	4.88577695426646	0.300236666395709	0.767000980627543	0.834896981830953	-6.91709013378229
1:972615-973588	0.0264179373219822	6.15437393943893	0.296573156491472	0.769757411611525	0.837286555133217	-6.91822136329882
7:255102-255335	-0.0263268945193991	4.43133139977947	-0.238445719858104	0.813887797430512	0.871807752655833	-6.9343248453677
17:307528-308184	0.0257920496627051	6.12186296250499	0.269689074940933	0.79007849049847	0.853582264897696	-6.92610114729187
17:401410-401599	-0.025542302497346	4.24828947960424	-0.226338594323885	0.823165455490264	0.878723724964088	-6.937241269631
7:698546-698830	0.0254417641288285	4.93887245872837	0.255694485596024	0.800718733278048	0.861335508327936	-6.9299089722411
1:525872-527204	0.0254064487238352	9.19578756947469	0.203224644859928	0.840950422785092	0.888806161130124	-6.94238910009308
1:72982-73889	0.0252610693480442	9.33864950923631	0.225848115782201	0.823541878144853	0.878915938620974	-6.93735623259225
4:740965-741337	-0.0252072478104406	5.07948090286486	-0.269243811484671	0.79041639489644	0.85374126051073	-6.92622540313208
11:273848-274790	-0.0252045718205149	9.05491927809946	-0.204051787957279	0.840312411397418	0.888353081555361	-6.94221439944474
4:568473-569111	0.0251414664451399	5.70490835853962	0.274850343012323	0.786164784253654	0.850997236836603	-6.92464596119268
13:355490-356081	0.025111501318829	5.57157721522783	0.248706001148924	0.806047207686959	0.865195995589168	-6.93173502767072
11:414305-414559	-0.0249194336033103	4.47502066455784	-0.160579067659462	0.873986856003179	0.912551785521015	-6.95043794814269
4:204147-204670	0.0248823746006153	5.60702120888032	0.271857629473456	0.78843341103535	0.852422209612132	-6.92549307337796
8:396245-396418	0.0248280167192423	4.62263733275641	0.267491897713498	0.791746308781102	0.854765190087846	-6.92671231546657
4:375131-375561	0.0245651784311418	5.04204810211516	0.260781222600259	0.796846512313245	0.858610924699911	-6.92854821854035
4:828362-829956	0.0245636972749157	9.97823425686768	0.17754457047548	0.860812232608922	0.904204300910946	-6.94746122448157
8:556077-556726	0.0245274435179335	5.82828682843668	0.281407902062999	0.781200665322158	0.846989618824704	-6.92275760833564
6:236910-237693	0.0244622673161254	6.23881880537552	0.259327502466592	0.79795259708799	0.858613520739615	-6.92893982106425
10:459506-459810	0.0244528429313089	4.93878166093913	0.290717110132958	0.774169993476612	0.840656208345782	-6.92000101159983
4:184095-184371	0.0244234442293694	4.46779885798455	0.175584858670653	0.86233200776677	0.904357560160277	-6.94782028602034
16:184840-185968	0.0243612652912599	8.59107894741025	0.259650943783144	0.797706464130524	0.858613520739615	-6.92885288067499
9:210833-211581	0.0242486998240254	6.04124101713152	0.262533587618203	0.795513781666119	0.858004743792181	-6.92807327669875
5:23189-24032	-0.0241463991499264	7.7982087150409	-0.238351463957265	0.813959919202128	0.871807752655833	-6.93434813385665
3:871040-871813	0.0240685956264359	6.13486487359448	0.221617711552806	0.826790345018958	0.881332122959003	-6.93833749300105
5:650755-651343	0.0240519025815562	5.60970386283467	0.235107898618248	0.816442825568359	0.87342210498183	-6.93514396545247
11:104385-105023	0.0238214863904291	7.71907902975573	0.220987075183565	0.827274876028101	0.881638653595661	-6.93848219037893
3:730359-730860	-0.0236873399133488	5.68053926002852	-0.261839928942013	0.796041255297294	0.858366817323702	-6.92826165615899
4:4737-5141	-0.0236053314212237	5.23372361030935	-0.259714450210632	0.79765813943083	0.858613520739615	-6.92883579762828
18:61931-62196	0.0233697692670729	4.59509542420143	0.215613276570074	0.83140652309661	0.884147207740657	-6.93969854110738
1:451242-451631	0.0233174838913222	5.16416116922302	0.235674498430344	0.816008957405963	0.873166649139157	-6.93500572794449
4:103477-103906	0.023252282663087	5.19149399486389	0.217344230925277	0.830075125423162	0.883383496781585	-6.93930999625776
9:156310-156520	-0.0231840338898497	4.85496858809816	-0.183929358051945	0.855864638845273	0.900105762093854	-6.94626383787493
4:133555-134143	-0.0229583745434221	5.74765689373777	-0.214565770743995	0.832212485627732	0.884373951963374	-6.93993217114525
9:683309-684582	-0.0229309265453015	9.19044665720526	-0.187514050823353	0.853089499359812	0.898162302668081	-6.94557309409727
4:104781-105484	0.0229013422886091	5.85984296221187	0.217231388831494	0.830161904224964	0.883383496781585	-6.93933541999203
14:481695-482280	0.0228730865274835	5.5481129795838	0.232768114955179	0.818235130228891	0.874712310223195	-6.93571131427327
11:261564-261936	0.0227531058626997	5.13289308288969	0.251524153381247	0.803897285272899	0.864131663996517	-6.93100470940375
16:212236-212589	0.0227380752025033	5.12702203250925	0.255004334623059	0.80124451085986	0.861694000626798	-6.93009154283761
3:417200-417505	0.0227181819453346	4.86665671934963	0.220049406029793	0.827995437233087	0.882196519175267	-6.93869657667569
6:524676-525084	-0.0226994726212828	5.22017337266966	-0.24647948697729	0.807746894148825	0.866397099978467	-6.93230624031583
2:871347-872538	-0.0225837185384776	9.29818631472166	-0.186635485625711	0.853769473573141	0.898424724867662	-6.94574361631126
13:450452-450813	-0.0224535222456712	5.1346812852957	-0.205090765732571	0.839511162418511	0.888145592089878	-6.94199395588168
6:592727-592951	0.0222904097377778	4.62226393890364	0.217911359538237	0.829639021012417	0.883383496781585	-6.93918202111315
1:436265-436548	0.0222187856758707	4.91589290564894	0.241891556125215	0.811252316116351	0.869323765127313	-6.93346717183531
18:112443-113038	-0.0222171084027716	5.70736204903478	-0.213856366084689	0.832758417086669	0.884534094655892	-6.94008974962701
9:122804-123227	0.0221603938854447	5.38229260266169	0.223550496952918	0.82530578787957	0.880168860268991	-6.93789146589816
1:720944-721267	0.0220636360189195	4.71983735068849	0.202609777985022	0.841424769051503	0.88902643908368	-6.94251850798966
8:92718-93106	-0.0220326205889423	5.09539196300996	-0.209760776740953	0.835911916178676	0.88641121459743	-6.94098933524593
2:383277-383936	-0.021963937980809	6.99744325152663	-0.216803466983575	0.830491008591803	0.883383496781585	-6.93943171292197
10:49859-50186	-0.0219025994830631	4.61084749155718	-0.198493124298997	0.844602194077448	0.891402834400061	-6.94337485755164
15:365051-366115	0.021827847480278	6.37614407164054	0.242881958660632	0.810495249261359	0.868720482685307	-6.93321839548077
20:6460-7442	-0.0217921644494439	9.32204369963015	-0.157614546306494	0.876292937819329	0.913690933421043	-6.95092751625118
12:191302-192227	0.0217874292107076	8.57207520051513	0.202439579172298	0.841556081858255	0.88902643908368	-6.94255425985028
2:648405-650203	0.0216488054087005	9.82239637392886	0.191818577537952	0.849759672683973	0.895579066384145	-6.94472608793042
2:17753-18865	0.0215646967243579	9.67244289645796	0.17499035459341	0.862793159861621	0.904629230157089	-6.94792842651634
5:797839-798083	-0.0215055945656024	4.53698785313782	-0.214076920951241	0.83258867696378	0.884534094655892	-6.94004081391555
7:309070-309528	0.0214226225408662	5.47915171969341	0.210548673695505	0.83530503375501	0.885977566608394	-6.94081762112046
13:543620-544366	-0.0213863191736356	6.09064459306045	-0.211098754088403	0.834881393396425	0.885948107359506	-6.94069735671735
15:159568-159644	0.0213774422770689	3.06631336597592	0.145704914896358	0.885568528091619	0.919889703350681	-6.95280257115188
1:876714-876969	0.0213708061631186	4.73562441979582	0.173595059118118	0.863875676479216	0.904916341661823	-6.94818079497498
6:436351-436598	0.0212252578595038	4.68670517883613	0.190301905812822	0.85093259025098	0.896393098132122	-6.94502671058784
20:104799-106168	0.0212213838963713	9.11200505579197	0.186253042269618	0.854065505878441	0.898424724867662	-6.94581759606721
5:264764-265479	0.0212174361150295	7.54872007278988	0.20403771188597	0.840323267941331	0.888353081555361	-6.94221737835868
15:235678-236168	0.0212086681130801	5.42474293283402	0.228833518774351	0.821251379234235	0.877308155955236	-6.93665264449324
2:411705-411929	-0.0210648934591342	4.54273955969325	-0.174468779306472	0.863197783041986	0.904629659774276	-6.94802300010231
5:347929-348838	-0.0210557214007832	6.86521542540073	-0.210578807339081	0.83528182522135	0.885977566608394	-6.94081104107291
3:97728-98057	0.0209950068096685	4.9191289738588	0.235755432823203	0.81594698764206	0.873166649139157	-6.9349859547749
11:285946-286231	0.0209639584570454	4.63151210373494	0.237469765958	0.814634649872586	0.872113057361803	-6.93456553792606
7:733218-733775	0.0209423138945395	5.19986717769548	0.216945028600806	0.830382133429643	0.883383496781585	-6.93939987899999
1:247459-247667	-0.0209389207095665	4.38726024250313	-0.224278940223624	0.824746450122947	0.879991683134758	-6.93772236369114
1:148908-149109	0.0209045157049577	4.6304622697268	0.160563292979926	0.873999124000259	0.912551785521015	-6.95044057729211
20:33251-34800	0.0207681992674171	9.66144667670715	0.172983391221714	0.864350315452618	0.905114900277716	-6.94829079285764
2:235387-237379	0.020758168924365	10.2305534348205	0.175673186507312	0.862263496860573	0.904357560160277	-6.9478041879564
16:65858-66408	0.0206342509859301	8.59241136018431	0.176082725651546	0.861945855065399	0.904357560160277	-6.94772944250961
17:187742-188010	-0.0204250478692725	4.73330929724493	-0.205064099667756	0.839531724783796	0.888145592089878	-6.94199962765574
3:401806-402115	-0.020383299439751	4.9496239364104	-0.214683107251109	0.832122196183485	0.884373951963374	-6.93990605737712
1:857459-857968	0.0203585221061831	5.82613927573135	0.208132794061685	0.837166211769474	0.886830666848618	-6.94134210685977
4:209741-209988	0.0202199702439643	4.66498918186626	0.20517155798312	0.839448863739513	0.888145592089878	-6.94197676718298
17:9117-9470	-0.0202057935668041	5.0004571185401	-0.222342655413275	0.826233443125078	0.880948282855609	-6.93817065009193
13:387060-388542	0.0202025270086246	9.21974041771191	0.176769297455492	0.861413398375167	0.904204300910946	-6.94760374623729
6:61825-62094	-0.0201347353901111	4.8015724473104	-0.211867871017339	0.834289149975252	0.885739619376003	-6.94052868042495
3:588903-589322	0.0201030476924053	5.08846759732619	0.208657211171197	0.836762120628606	0.886830666848618	-6.94122876842702
16:258088-258610	-0.0200633211752406	5.76549522453959	-0.211607211737399	0.834489854254269	0.885742610301662	-6.9405859144582
9:654198-654704	-0.0200226729281603	5.35604483002486	-0.217045525262452	0.83030484348311	0.883383496781585	-6.93937726707947
2:147979-148216	0.0199466017890941	4.50964614958347	0.193688727389174	0.848313884827164	0.894874663152275	-6.94435212802948
8:438857-439569	-0.01987984166513	8.83331433842702	-0.191422923180299	0.850065617532049	0.895690608303543	-6.94480474065125
1:646560-647159	-0.0198366462035002	5.94079667377697	-0.212803252747262	0.83356901368719	0.885185030904831	-6.94032271727028
7:746010-746943	0.0197127062101305	6.36175921117793	0.180163181516375	0.858782339735994	0.902538096421299	-6.9469752372638
14:89630-89842	0.0197015681022279	4.31403254545724	0.18735310634748	0.85321405517084	0.898162302668081	-6.94560439179404
6:148649-149087	-0.0196783527217939	5.48947328224967	-0.209431864024294	0.836165294271366	0.886469885636815	-6.94106082877405
7:133786-134723	-0.0195962614882994	8.82922222703945	-0.1813921429185	0.857830019099786	0.9019608093706	-6.94674470916706
4:322157-324009	-0.019490782882432	9.93143997206768	-0.168301025162642	0.867985442983995	0.908158682280589	-6.94912000966193
8:340151-340394	0.0194867767279163	4.24636661575186	0.232910826376218	0.8181257820905	0.874712310223195	-6.93567687135908
13:378237-378978	0.0194867525682838	6.10598189269349	0.22751868826196	0.822259959853425	0.877966502935098	-6.93696365138734
5:453688-454006	-0.0194361488110228	5.01048981651777	-0.22390258601243	0.825035423128303	0.880090217807981	-6.93780979962741
17:350144-350468	0.0191418800150709	4.99941082086412	0.200133619969888	0.843335654343676	0.890486055400399	-6.94303569879772
6:743423-743724	0.018818464452325	4.82163023288493	0.204292475371246	0.840126779886411	0.888353081555361	-6.94216343118385
1:48854-49099	0.0187350616952298	4.60239650437099	0.192984381003545	0.848858341549849	0.894874663152275	-6.94449339528978
12:507961-508338	-0.0186471859772421	4.84343671845221	-0.199606267709402	0.843742747780256	0.890705787515195	-6.94314502773125
3:148482-150090	0.018618391571648	8.91845605851848	0.147754391247558	0.88397109288955	0.919153822142163	-6.95249036739654
8:162107-162406	0.0186180727324432	4.82407881360809	0.207556575172971	0.837610272131497	0.886951402427391	-6.94146631335772
14:311751-312107	0.0186036320921321	5.1376074217068	0.180431990945196	0.858574020737189	0.902531074875448	-6.94692494757491
11:518658-519111	0.018477380381551	5.20934048623664	0.173627824049083	0.863850253200331	0.904916341661823	-6.94817489184548
14:490434-490698	-0.018462800244194	4.78702018587772	-0.149263825657138	0.882794909244635	0.918500700552996	-6.95225764749555
18:265533-266326	0.0184598400730822	6.18286439572653	0.208354033251636	0.83699572962894	0.886830666848618	-6.94129432668611
15:65028-65735	0.0183698172471729	5.71051176227988	0.215168395037853	0.831748796642387	0.884301095907678	-6.93979790345188
5:561006-561234	0.0183037570523021	4.63616348607291	0.144164471486137	0.886769534130884	0.92087581361836	-6.95303436747359
7:115755-116101	0.018227778059523	4.85810176257734	0.143431886626956	0.887340791808755	0.92087581361836	-6.95314373961915
6:418090-418614	-0.0182241319546845	5.55810423977775	-0.206923273397209	0.838098387245555	0.887258368332806	-6.94160242878592
13:495691-496034	0.0181171392206227	4.90920879453951	0.125885265426693	0.901041429605762	0.930348659496053	-6.9555971787526
14:408453-408787	-0.0180646184075473	4.87535454371539	-0.163486452486424	0.87172633644989	0.911225246086322	-6.94994897790198
6:612463-613051	-0.0180194689360444	7.71454553759599	-0.146108160371183	0.885254184435814	0.919787637358682	-6.95274148725915
1:458714-459055	0.0179929814729354	5.151705455284	0.207961616807284	0.837298122900415	0.886830666848618	-6.94137904066575
7:730373-730644	-0.0179816293067887	4.71705601062758	-0.201624538523018	0.842184972452583	0.88948087227413	-6.94272505201768
9:384689-385472	-0.017882115188832	5.89100378691993	-0.131256740612269	0.896843737704681	0.926869676741203	-6.95488001248714
9:168864-169515	0.0178723641394019	8.81586534685727	0.146094571673759	0.885264776975247	0.919787637358682	-6.95274354842696
5:636677-637630	-0.0178416420952239	9.19094234605093	-0.158186549763742	0.87584789154602	0.913608753800976	-6.95083376275948
12:337459-337762	-0.0176720038011684	4.88343485536102	-0.193315946159653	0.8486020334463	0.894874663152275	-6.94442695878866
2:1025505-1026934	0.0176574051359477	9.01714966528355	0.146959922426735	0.884590270569043	0.919513713670933	-6.9526119080358
10:75123-75703	-0.0176232091230242	5.59984176264008	-0.170166340704422	0.86653695207056	0.907067211755806	-6.9487923932627
15:188468-188854	-0.017605873483201	5.1575551094997	-0.148662845311843	0.883263172914261	0.918774334641932	-6.9523505875639
14:121720-121990	0.0175878270648946	4.75255506709222	0.15729822649146	0.87653906794235	0.913690933421043	-6.95097921675919
4:798861-799123	0.0175462371598716	4.48934188676167	0.123276639757851	0.90308109510467	0.932239617548087	-6.95593467442389
9:402094-402326	-0.0175316327044719	4.58245274433485	-0.187375346604861	0.853196843079732	0.898162302668081	-6.94560006848838
9:269708-269986	-0.0174293500348588	4.93476321452863	-0.192941642609213	0.848891380639982	0.894874663152275	-6.94450195061632
7:1839-2735	0.0173667591623801	6.42553448860997	0.194621995307158	0.847592592521662	0.894348053778161	-6.94416415728764
16:303528-303945	-0.0173079410900314	5.38128669352625	-0.138936924092716	0.890847254685569	0.922589614061224	-6.9538026462979
2:810223-811160	-0.017307721308419	6.35573587957267	-0.163480870346668	0.871730675545494	0.911225246086322	-6.94994992510303
12:184783-185273	0.017229792438556	5.63515178602212	0.177124480442331	0.861137970023698	0.904204300910946	-6.9475385286086
6:291537-291750	0.0169507022079616	4.38998271118926	0.130528393833483	0.897412746116835	0.927243640724596	-6.95497900989108
4:438237-439255	0.016737161429762	6.34641899030698	0.186289107904791	0.854037588139236	0.898424724867662	-6.94581062599749
5:547831-548886	0.0167251807317674	7.77546200405848	0.139000097401921	0.890797957925998	0.922589614061224	-6.95379353092559
10:397088-397322	-0.0166376869821248	4.64996029468426	-0.154839314672697	0.878452795660538	0.915046477397386	-6.95137757728021
4:778588-778993	-0.0165514131564022	5.21801499615262	-0.140090484083244	0.889947155494285	0.92236456893183	-6.95363554562168
16:498401-498673	-0.0165051299245382	4.63967048809543	-0.149909251145374	0.882292064411617	0.918404483792185	-6.95215741743153
8:408661-408882	-0.01649091067471	4.72553836650563	-0.174677971850325	0.863035492817111	0.904629659774276	-6.94798510249258
1:741532-741953	0.0164428672027697	5.23819795893131	0.162537682922141	0.872463891178838	0.911664258220101	-6.95010950592922
4:492843-493097	-0.0163352670441279	4.75197886477285	-0.168475645979454	0.867849822767036	0.908158682280589	-6.94908949274832
3:318386-318701	0.0162562581850088	4.96954383602482	0.159585400492721	0.874759696179521	0.912686340349542	-6.950603058577
5:194708-195050	-0.0162495000308134	5.22368460367883	-0.172829602257341	0.864469660117792	0.905114900277716	-6.94831838823733
9:240758-241111	0.0162466021617718	4.94310298635666	0.177710997832239	0.86068319202422	0.904204300910946	-6.94743054836264
14:435871-437200	0.0162027720127575	8.96281032536158	0.147667644449753	0.884038696229225	0.919153822142163	-6.9525036700279
9:497667-497882	0.0161176239822121	4.37328505216162	0.160076970371917	0.874377353929902	0.912682531877065	-6.95052150576604
10:241328-242404	0.0160060798821684	6.30992575230978	0.176779421972244	0.861405547019227	0.904204300910946	-6.94760188901115
13:92031-92452	0.0158950767209021	5.63144997264718	0.167330119012229	0.86873957857366	0.908735301167493	-6.94928911066251
3:726551-726842	0.0158301621245363	4.86158044586309	0.176554677237596	0.861579835430112	0.904204300910946	-6.94764309089732
7:225046-225393	-0.0156370009569189	5.14213102401101	-0.162416613706153	0.872558016580633	0.911664258220101	-6.95012992331258
18:260502-261903	0.0155273501657192	8.98168590531599	0.128391637657526	0.899082376045295	0.928754376916396	-6.95526626590642
3:407389-408510	0.0155076544062744	7.92729264204524	0.152790823264164	0.880047683666215	0.916281328702018	-6.95170466571014
12:117741-117999	0.0151113433429408	4.75741320593966	0.156949361102856	0.876810536819846	0.913761108918656	-6.95103611648748
2:295961-296206	-0.0150272712377992	4.40592337911733	-0.142069168037413	0.888403584471742	0.921551435479842	-6.9533457090631
12:392335-392679	0.0150042999561242	5.01452939755834	0.16053760341889	0.874019102888426	0.912551785521015	-6.95044485839307
8:245621-246681	-0.0147750790527965	8.97056823880532	-0.118877000735241	0.906522690712155	0.93385398472442	-6.95648789846902
12:229551-229995	0.0147610941802245	5.46795526984696	0.15525898940505	0.878126115875578	0.914919109557516	-6.95131003024292
4:293830-294135	-0.0147045860474293	4.97149147803114	-0.136081597286251	0.893075854995157	0.923615417504234	-6.95421032748139
1:941413-941660	0.0144686813710608	4.47794934998571	0.149371484134154	0.882711030021877	0.918500700552996	-6.95224095887336
1:391784-392572	0.0141739344076859	5.95340553673356	0.164259799755179	0.871125240129251	0.91101789131274	-6.94981744127681
17:208508-208808	-0.0141715080507154	4.86985586490393	-0.140007699456523	0.89001174558011	0.92236456893183	-6.95364758344532
3:673987-674311	0.0141673817310659	4.85845522032285	0.137028177927297	0.892336941476045	0.923615417504234	-6.95407611177165
10:111640-111944	0.0141394350069284	5.00257558287017	0.141523776262538	0.888828999400805	0.921779101324839	-6.95342600277684
12:99002-99273	0.0140918208951408	4.40781216351223	0.119915101270206	0.905710469167901	0.933272392800212	-6.95635917401844
8:452275-452973	0.0138542976959455	6.08444971180754	0.143612637020212	0.887199839756732	0.92087581361836	-6.95311680594436
6:344256-344456	-0.0138355332111466	4.13141660321619	-0.112590363635027	0.911443637719138	0.937197730859375	-6.95724356102189
5:529353-529565	-0.0138045676780685	4.39234129349764	-0.136346832196252	0.892868798989425	0.923615417504234	-6.95417281346388
7:666393-666956	0.0137740055771767	6.72191536680868	0.143698494719092	0.887132887890068	0.92087581361836	-6.95310400040189
1:98775-99545	0.0136215378229041	6.05346462300681	0.159852246188198	0.874552140129744	0.912682531877065	-6.95055881917818
1:986211-986565	0.0135586856287313	5.09113291017919	0.131866620736232	0.896367323153814	0.926591255989947	-6.95479669411349
4:823539-823777	0.0133534548090131	4.54850375181646	0.127111651372322	0.90008276891081	0.929573251879276	-6.95543607449925
5:820192-820675	0.0133520777149947	5.47279037226455	0.142961472793273	0.887707645983334	0.921042981785212	-6.95321367744114
9:314973-316020	-0.0130385158376507	6.3601408361	-0.153596369683335	0.879420448973063	0.915841305165991	-6.95157656032101
4:901330-901756	-0.012970981607288	5.32511240343674	-0.15748873978998	0.876390826998325	0.913690933421043	-6.95094809095396
1:460203-460499	0.0129612629218681	4.81289750500838	0.113626981994661	0.910631954457206	0.937008880034587	-6.95712178059454
14:430376-430627	-0.0127673141620512	4.6358070384158	-0.11693026350183	0.908046122278438	0.934777930845972	-6.95672628059539
10:84482-86918	-0.0125432842633515	10.0684439168982	-0.136745398300396	0.892557672553218	0.923615417504234	-6.95411630438214
2:696067-696350	-0.0124735390862272	4.76537452464092	-0.137982544187326	0.891592052032854	0.923147357136029	-6.95393985199698
16:187777-188071	-0.0123226094493738	5.05032754392786	-0.139700330619183	0.890251567248071	0.922399540509807	-6.95369221622306
14:492504-492821	-0.0120195799431828	4.80573057587987	-0.109720768635374	0.913691076286895	0.938646145848094	-6.95757486280258
6:563015-563251	0.011981114865824	4.46396156531912	0.122169086763478	0.903947291449376	0.932703567664225	-6.95607583212314
18:5574-6277	0.0118916060467011	6.15640395771149	0.135006777719795	0.893914994388435	0.924269696207585	-6.95436160025876
4:221826-222507	-0.0117988125013158	5.80215846442721	-0.120963881677783	0.904889999143017	0.933219300167045	-6.95622799033006
8:139273-140489	0.0117910574251283	7.52435949415186	0.112854232922807	0.911237015790557	0.937197730859375	-6.9572126677983
2:248202-248505	-0.011756472197245	4.61686422918872	-0.107199653300233	0.915666201631518	0.939381599473453	-6.95785888198937
8:179392-179595	0.0116996442848736	4.43893733286965	0.10478664390984	0.917557157342586	0.940890225948549	-6.95812454589758
18:34784-35198	0.0116470933815878	5.34809825193388	0.14038869287861	0.889714494023705	0.92236456893183	-6.95359212381106
15:199081-199450	0.0116054873411624	5.31396713688163	0.116413895884504	0.908450270254595	0.934978939907925	-6.95678885133048
7:72025-72425	0.0115753425766849	5.197180325307	0.136247486225337	0.892946352643473	0.923615417504234	-6.95418687319593
4:158567-158794	-0.0114642965136813	4.37049877680665	-0.104923301898824	0.917450051765091	0.940890225948549	-6.95810966171688
11:61649-63573	-0.0114347420074523	9.16987194190545	-0.118122299369845	0.907113243539637	0.934247325836037	-6.95658077979367
18:175150-175467	0.0113431430451865	4.80199235793651	0.109068286981788	0.914202197667754	0.938740315843283	-6.95764900136065
6:22419-22752	0.0112488755990006	5.04967499071078	0.12242471781901	0.903747356272753	0.932703567664225	-6.95604336484608
3:599105-599968	-0.0112166957892708	6.34866504814552	-0.119865066567181	0.905749614460259	0.933272392800212	-6.9563654039569
5:98422-98758	-0.0111985398329235	5.13957366451149	-0.110665833111239	0.912950828252138	0.938316396614597	-6.95746669621251
17:298151-298512	-0.0111252487507949	4.82462286053899	-0.108183926344137	0.914895022206904	0.938805621136658	-6.95774878225771
14:134709-135237	-0.0111000798748551	5.37803746131498	-0.109233121686437	0.91407307082562	0.938740315843283	-6.95763031363016
6:65134-65344	0.011087638739288	4.44950277337408	0.102382543303292	0.919441630028833	0.942606673387324	-6.95838322078566
4:752915-753806	0.0110702908274973	6.27650523595575	0.120730449889884	0.905072605456913	0.933219300167045	-6.95625728716759
12:228539-229017	-0.010912900237499	5.41230879956074	-0.121282693077552	0.904640611785246	0.933203820776852	-6.9561878866386
4:70661-70923	-0.0107014973017021	4.45342004808853	-0.108253311255302	0.914840662261164	0.938805621136658	-6.95774098301046
9:437073-437464	0.0105464133108359	5.2393122339772	0.11306898721078	0.911068857949917	0.937197730859375	-6.95718747153606
17:118100-118807	0.0103072062830796	5.94543613407255	0.119929605740477	0.90569912145535	0.933272392800212	-6.95635736754734
12:163667-163884	-0.0102084828036535	4.38824422834697	-0.0950170863035999	0.925218077831046	0.948311453256644	-6.95913838815595
4:388102-388624	0.0100624000935916	5.53809843017337	0.111315663740153	0.912441877363628	0.938008691566283	-6.95739178277529
8:116809-117089	0.0100290605862829	4.75440828110352	0.117238360298293	0.907804994818676	0.934744687556566	-6.9566888152996
9:461638-461853	-0.00988914435449928	4.32734669880318	-0.0915838730571616	0.927912084378683	0.950637328834741	-6.95947115041594
5:163489-164695	-0.00966504696300774	9.66181059231726	-0.0784297859504656	0.938241888915913	0.95771281523093	-6.9606328517179
1:1456-2448	-0.00965226278853581	6.42576650711135	-0.0863483831385981	0.932022016902021	0.953846655672334	-6.95995504204895
7:504184-504832	0.00964190131478126	5.77143445757171	0.0832005490661952	0.934494055623404	0.955412378476554	-6.96023228374176
3:538597-540171	0.00962838146167933	9.56062772369014	0.0863778497106576	0.931998879672093	0.953846655672334	-6.95995239821698
4:761783-762086	-0.00958895561394879	4.98297670461779	-0.0809364975450332	0.93627246846104	0.956793508865665	-6.96042532679602
12:456507-456855	0.00952184852695925	5.15681823882306	0.083224740529838	0.934475055103625	0.955412378476554	-6.96023019233388
15:221988-222347	-0.00948102023382802	4.93354348293393	-0.110228374269298	0.913293470013947	0.938453069738849	-6.95751688039494
7:20356-20662	0.00941439099644814	5.08157631221621	0.0931074085548618	0.926716470456415	0.949629789780887	-6.95932499254815
16:24584-25019	-0.00937911444838679	5.38029898456553	-0.0862360729370515	0.93211020373342	0.953846655672334	-6.95996511060232
14:214334-215439	0.00882034313890223	8.76345520577249	0.081870172517052	0.935539024688355	0.956262314342333	-6.96034636236657
14:292995-294269	-0.00875830943078881	8.8975930592891	-0.0832933026944539	0.934421205054982	0.955412378476554	-6.96022426167523
14:385033-385300	-0.00874976331013411	4.78549748683342	-0.108405015903076	0.914721810008612	0.938805621136658	-6.95772391317112
15:418562-418929	0.00861246025970619	5.1681857667149	0.0872923706740779	0.9312808261928	0.953846655672334	-6.959869896457
6:565837-567116	0.00860168639052894	9.05432599292172	0.0846242083815938	0.93337595019234	0.954923600699637	-6.96010817085354
18:54418-55462	0.00845236953817974	9.26238655941497	0.0757880888206228	0.940317800967786	0.959394227748304	-6.96084449074049
3:587829-588175	-0.0082604873538088	4.95119190169754	-0.0668452414692658	0.947348460211934	0.96546714660943	-6.96150715372602
13:320089-320439	0.00790797768028373	4.8582508690982	0.0787872709661923	0.937961002492006	0.957678569497688	-6.96060365523132
17:174124-175606	-0.00790362877374129	9.12498252090753	-0.0553779563778846	0.95637014160195	0.971956271959908	-6.96223533338411
9:223576-224818	-0.00790312584398301	9.04910519657977	-0.0727579383695395	0.942699504994957	0.961457984276424	-6.96107832726335
2:659973-660336	-0.00779370932981927	5.21070867113257	-0.0802364539048548	0.936822422437453	0.956918567510278	-6.96048393840926
11:244673-245064	-0.00767190957545694	5.01573747119133	-0.0865944653251976	0.931828794417466	0.953846655672334	-6.95993293512487
17:235667-236114	0.00739743991587716	5.44708364551982	0.0787447896776111	0.937994380848495	0.957678569497688	-6.96060713170703
11:464525-464785	0.0070190391020617	4.86934004546828	0.076990486073356	0.939372872032381	0.958648649160268	-6.96074905944638
5:368494-369019	-0.00698258299025678	5.49168659817032	-0.080297587218701	0.936774394838572	0.956918567510278	-6.96047884025971
8:50882-52078	-0.00693683733343953	9.21600800399345	-0.0661075602382756	0.947928612855544	0.965838486487916	-6.96155810753807
20:79566-79769	0.00679597161471079	4.18042490958396	0.0641260383772387	0.949487135337031	0.966986215646997	-6.96169217893765
6:366004-366238	-0.00651473707450112	4.91979676885096	-0.0498866082218435	0.960692565115959	0.974628268689717	-6.96253566875517
19:120914-121141	0.00635930886652503	4.60637340867629	0.0591169134769293	0.953427863716324	0.969675782320896	-6.96201291476806
4:494483-495598	0.0063122731176648	8.59193329666022	0.0548193832390353	0.956809752513918	0.971956271959908	-6.96226731430604
1:1016394-1016701	0.00631046839531457	4.84731247675994	0.0546119237950831	0.956973031842563	0.971956271959908	-6.96227910978316
6:757476-758489	0.00629955738187427	6.3864839042962	0.0699630246758867	0.944896801025274	0.963407307833514	-6.96128555710342
8:701571-701812	0.00627139940841737	4.46936755944489	0.054038261120722	0.95742453862524	0.972194245663924	-6.96231149364831
13:220278-221198	0.00610883410687979	6.26288316310037	0.0656615419472921	0.948279400307003	0.965976011782918	-6.96158864116357
1:16087-16450	-0.00609991832668655	4.9101922988354	-0.072668098251353	0.942770128013679	0.961457984276424	-6.96108511468001
13:282649-282937	-0.00606051652336781	4.7900496155043	-0.0628834352915138	0.950464583812253	0.967541386659915	-6.96177417390412
10:417357-417643	0.00584803865544892	4.7270482621421	0.0522860426959892	0.958803729362604	0.973153172931297	-6.96240829135076
9:199233-199676	-0.00577699780233587	5.58797764500607	-0.0596407002854664	0.953015736365838	0.969476917266702	-6.96198059669646
7:383348-383611	0.00577503559324555	4.7863707716609	0.0597777633248635	0.952907894278281	0.969476917266702	-6.96197209275185
3:717817-718054	0.00572362408714699	4.70754407197155	0.0509189050201035	0.959879910957005	0.97402459339006	-6.96248160089245
13:391584-392089	-0.00567280873728038	5.63422283699459	-0.0484579990583231	0.961817280114338	0.975327173944671	-6.96260866775589
5:605837-606671	-0.00565334263557826	6.2629314955424	-0.0690242416681321	0.945634952298547	0.963940343085469	-6.96135334341059
2:698478-698724	0.00563849785878645	4.68748226174014	0.0563133261423793	0.95563401439632	0.971478048702687	-6.96218105328088
1:1010533-1010927	-0.00562825117976562	4.82642048744128	-0.0567763619604292	0.955269624562361	0.971328223430515	-6.96215384669863
7:255723-256146	-0.00551438183463926	5.44297727543598	-0.0636171688860304	0.949887409213199	0.967173804285322	-6.96172595133521
9:483164-484651	-0.005316186528324	9.40562758819405	-0.0409359539220379	0.967740523686977	0.979558250570536	-6.96295805387007
7:423364-423556	-0.00526654278533734	4.35568811220441	-0.0475000550426406	0.962571495861542	0.975870898182619	-6.96265642914636
14:398640-399054	-0.00522279288662553	5.02033187117682	-0.0550394222855742	0.956636574635147	0.971956271959908	-6.96225475473386
1:826663-827207	0.00521146093487079	5.55913172596569	0.061515474587179	0.951540732823169	0.968416625765463	-6.9618625861305
7:258969-259243	-0.00497205500128839	4.84439989640204	-0.0410883065769872	0.967620533245223	0.979558250570536	-6.96295156063807
12:461098-461676	-0.00487787983498222	5.25712577258363	-0.0439437331396594	0.965371795189292	0.977602750060468	-6.96282540128562
16:296461-296748	0.0047791340474479	4.39215484214874	0.036614657348669	0.97114422133953	0.981410681552424	-6.96313218305153
7:56087-56339	0.00477059972754734	4.71030157350543	0.0444747491122589	0.964953635486457	0.977400423724233	-6.9628010055778
4:567570-567870	-0.00476689172328904	4.89819490876914	-0.0461708469063222	0.96361807753417	0.976489589097339	-6.96272112186337
3:118945-119681	0.00471474297765617	5.98436892063638	0.0523538439321065	0.958750359758397	0.973153172931297	-6.96240460513261
5:661378-661667	-0.00448501407843782	4.73544500676746	-0.0470293791963789	0.962942085165122	0.976025537409213	-6.96267954691003
6:516702-517943	0.00443173270454622	8.62163849279725	0.038622611559218	0.969562568736571	0.980503672189559	-6.96305368460881
7:533583-533846	-0.00442734560854507	4.7055744524426	-0.0454386821486301	0.964194592671218	0.976852647531999	-6.96275597237861
4:73625-73850	-0.00424766265864562	4.45260191087258	-0.032213258727502	0.974611591925723	0.982810046163141	-6.96328959379042
17:66822-68539	0.00421707191742904	9.14138270044878	0.0334643270960966	0.973625959334108	0.982183861613582	-6.96324689853636
6:627007-627251	0.00421129478233251	4.4520500997805	0.0362990026031166	0.971392871810013	0.981410681552424	-6.96314414211811
2:350416-350880	-0.00409868478580488	5.52973677904262	-0.0384874551520756	0.969669026606289	0.980503672189559	-6.96305909988284
3:17016-17249	-0.00403337042600516	4.47785663050916	-0.0490451366757544	0.961355028568259	0.975079335570253	-6.96257892287007
15:170483-171098	-0.00402479711025983	8.7343402887656	-0.0355026536810547	0.972020192350171	0.981410681552424	-6.96317385294729
18:8234-8645	0.00389207835914362	5.24767712909614	0.0391507981852176	0.969146540621515	0.980503672189559	-6.96303233987643
12:161951-163183	-0.00368224439714027	9.07270635657778	-0.0321190245099254	0.974685834432123	0.982810046163141	-6.96329274385828
13:237010-237342	0.00367381296643554	5.03282174980073	0.038359478865565	0.969769829486858	0.980503672189559	-6.96306420997796
5:322705-324124	-0.00367295731193273	8.84581956739151	-0.0354330484148071	0.972075024497882	0.981410681552424	-6.96317641852128
13:426539-426832	-0.00366671560416609	4.80292927018278	-0.0373674578470917	0.970551230589755	0.981072111138154	-6.96310324416158
11:517346-517655	-0.00360771829560402	4.94281958083223	-0.0342867143803151	0.972978079190987	0.981751551501095	-6.96321794695594
17:198895-199266	0.00357618827430706	5.20477232919893	0.0393470621312624	0.968991954903173	0.980503672189559	-6.96302433471822
7:486325-486717	-0.00349796455138396	5.32360837557083	-0.0355370863529957	0.971993067768924	0.981410681552424	-6.96317258193549
3:928433-928724	-0.00321098887870797	5.0326110175662	-0.0344047090837403	0.972885124030338	0.981751551501095	-6.96321373538359
5:778591-778792	-0.00317573959861228	4.35782003892269	-0.0306301932238041	0.975858842207347	0.983771211198217	-6.9633412880387
18:46977-48232	0.00306873398539942	9.18769262674071	0.0269367527837547	0.978769035097596	0.986260738653048	-6.96345176988169
13:142834-143222	0.00302555713478458	5.22208595769375	0.0352722007932508	0.972201734138393	0.981410681552424	-6.96318232793024
7:622867-624161	-0.00301918278443836	9.19406716410737	-0.0273113102242572	0.978473893460802	0.986185351751982	-6.96344121164664
2:465562-465916	0.00294830367783572	5.08883935603553	0.0252129993915057	0.980127348043234	0.987407159541191	-6.96349848067192
16:495456-495664	0.00273868413699763	4.51058648711056	0.0240905521149654	0.981011866956977	0.987631380229291	-6.96352723713895
8:302093-303080	0.00261099607850745	9.39388730013173	0.0176050950984033	0.986123037699503	0.992093163546421	-6.96366775325499
6:198518-199071	0.00244622219398138	8.67359702744337	0.0157935622904126	0.987550820695708	0.993097612544144	-6.96369919260497
1:988171-988371	-0.00237154508372139	4.29468251878667	-0.0243130621669534	0.980836520967871	0.987631380229291	-6.96352164060331
3:721472-722450	0.00218946366815409	8.74784454922798	0.021079895540773	0.983384466639681	0.989574836483636	-6.96359790289634
8:324796-325318	-0.00208891389266963	5.70536543458197	-0.0241789549719288	0.98094220218174	0.987631380229291	-6.96352501980514
5:124698-125082	-0.00202892782694875	5.13750093739458	-0.0173420787026465	0.986330334625017	0.992093163546421	-6.96367252956693
9:208554-209506	0.00192245652016698	6.36510346565936	0.021591279087432	0.982981450292001	0.989391718351022	-6.96358656386473
5:257086-257296	0.00151551678287731	4.48760905244569	0.0146068501668252	0.988486166718545	0.99381493311595	-6.96371793927892
1:244270-245793	-0.00132025118649359	9.57989439003111	-0.0106450650949859	0.991608892675815	0.99605956095533	-6.96376992523683
12:312961-313602	-0.00127433635612562	5.84643110166054	-0.0134418066508007	0.989404450463387	0.994514781108044	-6.96373491992918
1:462206-462552	0.00121676978317886	4.8611616405761	0.0120832979174412	0.99047524185208	0.9953675757813	-6.96375293893314
1:487692-488061	0.00115005858532236	5.34302587731536	0.0113304939023084	0.99106861824923	0.995740322173637	-6.9637620980806
15:387695-389654	0.000889995824341128	9.56360987530793	0.00779407155777868	0.993856167986052	0.996861054667542	-6.96379724262994
2:637643-638488	-0.00086921653503147	9.01300681046873	-0.00765499898408545	0.993965792444424	0.996861054667542	-6.96379835909944
8:526632-526998	-0.00085441439840217	5.13456306785366	-0.00953938597798733	0.992480428912495	0.996487752313219	-6.96378152230381
2:777974-778401	-0.000850710229116203	5.23162488788722	-0.0098854422727084	0.99220765374656	0.996437392454477	-6.9637780292424
4:336143-336560	0.000803270968447123	5.2234627120842	0.00832434075165943	0.99343818254156	0.996861054667542	-6.96379280121282
4:168916-169143	-0.000762794955195822	4.40051400405406	-0.00676133549547361	0.99467022873965	0.996941185026045	-6.96380505381365
18:32921-33784	-0.000728132237637347	6.20163024675178	-0.00853512094086492	0.993272035288761	0.996861054667542	-6.9637909545982
9:572674-572982	0.000715486578215518	4.62280556112032	0.00572435584788046	0.995487640521655	0.997270071390986	-6.96381178181824
1:799836-800636	0.000697911182831135	6.21288281124083	0.00821003620959106	0.993528283099704	0.996861054667542	-6.9637937833093
9:398368-398812	0.000654380017388156	5.26020090939746	0.00672190996954763	0.994701306284495	0.996941185026045	-6.96380533004646
11:579594-579888	0.000636554030089442	5.04460199884075	0.006705957189991	0.994713881216783	0.996941185026045	-6.96380544135967
5:371451-371802	-0.000612052424419751	4.52148749366216	-0.00620087369400785	0.995112018863586	0.9971169456981	-6.96380882891344
2:257605-257926	-0.000561088927399922	5.20051949173266	-0.00444455662075626	0.996496464696326	0.997536082066211	-6.96381854451757
8:395073-395303	0.000532266924289537	4.62773658182879	0.00425659547843952	0.996644628909763	0.997536082066211	-6.96381939438018
8:644183-644324	-0.000507160270412754	3.55400885366966	-0.00445934691584557	0.996484805949259	0.997536082066211	-6.96381847608527
10:451126-451723	0.000444682346307346	5.45108826378085	0.00522634548648157	0.995880205093121	0.997440098007789	-6.96381461571457
6:137690-137956	-0.000378740026683921	4.8175065389253	-0.0036079088969136	0.997155970290732	0.997601726200562	-6.96382204538322
1:317628-318956	-0.000330899140673857	7.43376140312317	-0.00364192869329229	0.997129153409274	0.997601726200562	-6.96382191721983
14:497406-497905	-0.000254105557592865	5.45304678190445	-0.00287672420031769	0.997732344107465	0.997955301055869	-6.96382450924625
2:607160-607359	-8.08987849234555e-05	4.44117869146782	-0.000595064328745009	0.999530923750267	0.999530923750267	-6.96382862555897
