logFC	AveExpr	t	P.Value	adj.P.Val	B
2:533704-534406	1.76168910460203	7.34924256187639	15.1994691426323	1.12358908620607e-12	2.51459237492918e-09	18.9597168204012
9:147649-148260	1.75101276109039	7.30757828113518	15.4806123784953	7.92585049670615e-13	2.51459237492918e-09	19.2807935331022
9:50952-51457	1.57022115995873	6.71026537961419	14.1511488330713	4.33826181705456e-12	6.4726866310454e-09	17.7055499971826
4:19156-19621	1.46256931924698	6.16256045188381	13.8480164459877	6.51123833996035e-12	7.28607570241563e-09	17.3252892665898
2:109807-110307	1.40877444304401	6.68017675640463	11.2489664359493	2.92983841803402e-10	1.24911202124905e-07	13.6977528609918
3:234094-234507	1.37738829825172	6.53358208837398	11.7650964520298	1.3083998284264e-10	9.76066272006094e-08	14.474453469519
2:185641-186238	1.33767640548623	7.28531134103551	13.0475379633638	1.97181616219658e-11	1.76516982839838e-08	16.2805451594612
2:553913-555588	1.22751238371503	8.42323227775762	11.6294674502497	1.61292507261285e-10	1.03135037500216e-07	14.2732422731908
15:465168-465699	1.16778165458572	6.66256860697494	11.2982580324174	2.70956811522463e-10	1.24911202124905e-07	13.7732313608552
2:24267-24675	1.1617220389263	6.11912021331269	9.03373998813075	1.29802087606256e-08	2.42080893385667e-06	9.99881693321004
2:524160-525822	1.15730596211634	8.28206293301053	11.3590433293282	2.46145148448219e-10	1.24911202124905e-07	13.8659266341898
2:452271-452918	1.15093087392084	7.51053379429666	9.05609376476393	1.245672685484e-08	2.42080893385667e-06	10.0393181797952
2:381957-382794	1.1506529653006	8.48033669959604	11.2196204813638	3.06975697804725e-10	1.24911202124905e-07	13.6526837415998
2:336376-337740	1.15048160079232	7.59327652977718	11.0860667308154	3.80015537558822e-10	1.41745795509441e-07	13.4463149700059
2:106819-108281	1.10300958929848	7.65957665723865	10.7240051801394	6.84279978424297e-10	2.18774084530511e-07	12.8763109568458
2:457158-458645	1.09811032220453	7.57642500585604	10.0372294021475	2.17259281533847e-09	6.07782840090937e-07	11.75133650207
8:656265-656487	1.08206893975842	4.08457382905037	6.95809926539076	7.88673444636361e-07	6.30375417534349e-05	5.93470466935104
6:615791-616182	1.06585626270995	5.68272229629895	9.14589003030755	1.05648381529524e-08	2.25181978917215e-06	10.2013299554407
12:528903-530024	1.06126333086255	8.01876147254846	10.9844760802302	4.47568029194368e-10	1.54101115282615e-07	13.287943075562
2:182204-182471	1.05554283895735	5.52702727239183	8.0374897980329	8.67755516704694e-08	1.26651416818746e-05	8.12364903890733
4:617082-617731	1.05219261377948	7.17549095397426	9.79836759071869	3.2884328622488e-09	8.65825028907391e-07	11.3461597087747
2:96288-96835	1.03644145571539	6.45851670000805	7.82693873275011	1.31836756945101e-07	1.68600378310363e-05	7.7095342165398
5:748794-749331	1.01821907843562	7.0062568084981	10.4133953464199	1.14631815128264e-09	3.42061336342739e-07	12.3747471966649
2:78066-79162	1.00002006956655	8.7571784046533	8.01659588426745	9.04289334183765e-08	1.26651416818746e-05	8.0828344577338
18:198726-199966	0.958371162580429	7.17267476374683	7.97613791363467	9.79623818947189e-08	1.32872612533564e-05	8.00362783048091
6:736070-736912	0.937062865435982	7.16197970123802	8.45532284586242	3.85040585761209e-08	6.6286217764122e-06	8.92694650859682
12:298651-300123	0.928613531953493	8.03184738179457	8.01594009421675	9.0546142497763e-08	1.26651416818746e-05	8.08155242704549
2:405919-406473	0.921900044419036	6.35398898915394	7.86483925193193	1.22222291073303e-07	1.60902051424737e-05	7.78453978130264
2:379481-379729	0.907651831648841	5.45136472908971	8.7907666842925	2.03880625948635e-08	3.65027872698435e-06	9.55418501189632
9:149071-149957	0.906392822119233	6.91036768335942	9.39375146460438	6.7398960581387e-09	1.50838873781144e-06	10.6428821940998
2:128172-128667	0.890519315951925	5.87737875393408	9.51684758310297	5.4066196362122e-09	1.27368576272031e-06	10.8591215628292
2:157650-158483	0.890356345307564	6.28806475083139	7.0286991035117	6.79407407213797e-07	5.73778783903576e-05	6.08284583777832
3:314231-315374	0.885900120455385	7.70193810088013	9.58553291030334	4.78475429570312e-09	1.18980890153151e-06	10.9789075728623
7:219415-219639	0.884444460163138	4.90305355598366	7.06828972184237	6.25081925829304e-07	5.38051288463839e-05	6.16562033710338
10:437151-438674	0.851289078724527	7.32301080435728	7.00301005677024	7.17238404063147e-07	5.94510943812342e-05	6.02902098296454
2:310016-310434	0.82776809162092	5.92454130135927	7.24943965039939	4.28049043833994e-07	4.16510330478469e-05	6.54159809568906
10:44687-45068	0.826577105959909	5.04465896220877	6.81975063052152	1.05839933264033e-06	7.61061281407443e-05	5.64243537575732
9:207010-207449	0.824898499670663	5.6144415580433	8.27246446440639	5.47914695462917e-08	9.08320806256303e-06	8.57841488031955
9:137179-138475	0.819495221615278	7.12337642847396	8.0799684120107	7.98110439274474e-08	1.26651416818746e-05	8.20643763083508
13:149956-150569	0.814774575851181	7.04831477536861	9.07850595769756	1.19538250906267e-08	2.42080893385667e-06	10.0798570554759
3:387289-387781	0.813996802624636	5.82278217335914	7.59122980363264	2.12049993142683e-07	2.43368145976064e-05	7.23850792055573
2:760307-760801	0.797526821875238	6.78422637426849	8.04713532438594	8.51408268733117e-08	1.26651416818746e-05	8.14247000939394
2:11906-12116	0.793944493384638	4.48491354484881	6.74536463197929	1.24105874434312e-06	8.29101334280571e-05	5.48422274907144
16:163884-165532	0.789395892497259	8.79742404479548	6.88675870326514	9.17563538045736e-07	7.20528841454862e-05	5.78431793338463
8:322133-322515	0.769609505440619	5.90252067226557	6.84574831016894	1.00128816315729e-06	7.46960969715336e-05	5.69755477248976
12:305048-306826	0.755133748786704	8.20110486050192	7.45820971720769	2.78195767327782e-07	3.05295032526711e-05	6.969229476586
14:182814-183775	0.750854469769164	6.77448749236694	7.77298579576742	1.46891059656473e-07	1.77910507430313e-05	7.60241054830164
2:281674-282291	0.747290402100899	7.59761036958521	6.49649625964305	2.12520796773987e-06	0.000137861316863821	4.94957161043506
2:605411-605870	-0.74619957314151	6.83534457392537	-5.73218030797058	1.16376835186346e-05	0.000598738752062165	3.2595860360172
1:442444-443843	0.738035467082842	8.16508106636461	5.06371402815092	5.42700968923733e-05	0.00222855920816755	1.73223550262647
6:378240-378657	0.736383328889387	5.65878921700923	6.87734079291886	9.36130679628588e-07	7.22434641727166e-05	5.76441318506902
12:367938-368532	0.73222530001367	5.71990770599002	7.77239186498842	1.47066326517462e-07	1.77910507430313e-05	7.60122900843019
7:627587-628691	0.731043324768924	7.04461246333569	7.31107155483468	3.76687759353768e-07	3.74678757970548e-05	6.6684754053089
2:306767-307494	0.729320393401362	7.05161925348018	7.44391979281087	2.86469869663133e-07	3.05295032526711e-05	6.94015366795248
8:102769-103036	0.723600966078952	4.98213764210524	7.12885196370522	5.50487679386614e-07	4.92796570586897e-05	6.29182345087134
9:522670-523362	0.71463249123612	7.84505996650126	6.79028418126316	1.12720048932401e-06	7.76207598494501e-05	5.57985156188507
2:61088-63329	0.699708768893396	8.35520555378045	6.58569260369056	1.75094599471584e-06	0.00011525344518159	5.14212811669792
1:543983-544491	0.692194675537645	5.84908113805944	7.44498663190026	2.85843469865795e-07	3.05295032526711e-05	6.94232536387289
3:540497-541554	0.692120892135089	6.65988402966807	7.41963352272882	3.0111942683915e-07	3.1344431500745e-05	6.8906724285768
2:545229-546443	0.690583012543285	8.16541015785204	7.13183284097782	5.47062170850253e-07	4.92796570586897e-05	6.29802208979856
2:489968-490518	0.689971405004811	5.44109860502048	6.81300845733048	1.07375067539314e-06	7.61061281407443e-05	5.62812597327479
7:657082-657503	0.689559712622112	5.25936829891259	5.91939814939421	7.6240197510669e-06	0.000426563905072193	3.67979443853897
13:79972-80529	0.683219104790365	5.95921906420303	7.11893341862743	5.62045675626101e-07	4.93277734137731e-05	6.27118930426511
17:18045-19109	0.681570183481106	7.61462165853165	7.37433031408884	3.30548161920512e-07	3.36257630171866e-05	6.79814973972679
2:671768-672173	0.678350540632493	5.71335266344288	7.61182522363726	2.03364142689351e-07	2.39541553336194e-05	7.27997727286702
16:454888-455608	0.669991361325224	6.52271337120396	6.75166797827052	1.22439355271595e-06	8.29101334280571e-05	5.49765817002129
2:311330-311915	0.669317747656032	6.69341051786523	5.55458259039701	1.74445633794424e-05	0.000839589953617035	2.85762618288421
14:193800-194355	0.655880410400292	6.31801623296355	6.0967207936984	5.12668292835375e-06	0.000294192728042454	4.07420450766455
2:90776-91650	0.63942960958579	8.89016999814658	5.04617983199176	5.65374484860673e-05	0.00227983440922196	1.69171030063728
9:515402-516528	0.637420644224033	7.73342845885045	6.80675157870137	1.08820201094898e-06	7.61061281407443e-05	5.61484107312406
2:373700-374142	0.635995824870415	5.6865993282107	6.17657488823167	4.29296646624548e-06	0.00025283313030151	4.250622855929
13:213024-214214	0.635607052840378	8.66659681099358	5.35146809914047	2.7825282203858e-05	0.00122103885435753	2.39429521617766
6:701644-701708	0.634264244182561	2.79576634055856	3.97145818399786	0.000715434696588556	0.0188369747172375	-0.806981421329719
2:222352-223179	0.628400545567366	6.83142879668514	6.21131128337075	3.97497052225792e-06	0.000237226240768353	4.32712601384605
9:8854-9901	0.626471726562783	6.76630666295425	7.13807433787183	5.39960651465331e-07	4.92796570586897e-05	6.3109970999138
17:382266-382700	0.624719107249973	5.46399689470126	7.21452741587409	4.6029617717557e-07	4.38358657242096e-05	6.46949177979511
13:329674-329861	0.621125457006536	3.99141083010939	5.82485256207168	9.43471733922408e-06	0.000502735652504369	3.46805818135993
2:28598-28787	0.615301929330745	4.39348748123133	4.34267137202841	0.000296632938956113	0.00976271349093794	0.0558764179263038
17:261256-262668	0.609222474194715	7.01702313701425	6.97129808660004	7.66949839517898e-07	6.24157723942202e-05	5.96245189184156
1:241250-242405	0.604579970494965	7.29868853558842	5.20365154036398	3.91816743475426e-05	0.00163903901289347	2.0549480629245
3:522625-523021	0.603677556963879	5.11497954866997	5.85980832275567	8.71888673093033e-06	0.000475923622044441	3.54645583330904
5:475992-476475	0.592723983659191	6.19361556636269	5.37484552626726	2.63640102439627e-05	0.00118005309851977	2.44780460134005
20:23708-24845	0.592665434062858	6.41795914514947	5.69862477346867	1.25593831123312e-05	0.000638815895577208	3.18388029850594
2:1008504-1009678	0.590539463587149	8.21175998853473	6.04556700680093	5.74630302895736e-06	0.000325575346298901	3.96079698388721
2:79643-80730	0.579729583542009	6.94992706941489	6.0999063149398	5.09043861947123e-06	0.000294192728042454	4.08125663800812
12:152439-153023	0.575625213906567	5.82385600930182	6.31896621508087	3.13443789799735e-06	0.000197602028611777	4.56328859202366
7:690408-690992	0.572827155219572	5.54725384807575	6.27525562896331	3.45124234351523e-06	0.000211613160679098	4.46757265458334
13:215645-216044	0.570597364838839	6.6086869149397	6.85379505501569	9.84261533423825e-07	7.4670417349238e-05	5.71459671845962
2:306028-306408	0.563939852398317	6.60700114583042	6.80824828342373	1.08472700430737e-06	7.61061281407443e-05	5.61801942651947
2:320219-320605	0.561714582635369	6.57714445357504	5.87382110385597	8.44774921676634e-06	0.000466816364126496	3.57784600678138
12:436051-437225	0.55655846995168	7.00345046869804	6.22140772227662	3.88714870503359e-06	0.000235119967617978	4.3493349133939
8:393066-393927	0.554731136674537	6.42600825061734	6.41876572727493	2.51812549298744e-06	0.000161016138665882	4.78093152671093
6:642116-643279	0.553585286559571	6.38103078416496	5.76876573666429	1.07111779175428e-05	0.00055747944603397	3.34199517599086
9:98550-99959	0.55242678750217	8.2094975926591	5.82502673857643	9.43100543529353e-06	0.000502735652504369	3.46844914549419
5:510233-511404	0.55147507254258	8.37732739706828	4.96311917145806	6.86559274697736e-05	0.00262652932781801	1.49949629457403
1:1008056-1008597	0.550011815248794	5.7218373903846	4.1663258869561	0.000450674761758071	0.01327118574756	-0.35469952258583
8:660074-661208	0.549464129427633	7.7166594359542	5.49463404014885	2.00135498157201e-05	0.000942954199738561	2.72125839355122
17:98288-98703	0.545736811290126	5.26467348997208	5.48792306737237	2.03241840697489e-05	0.000947615082252042	2.70597208377292
2:147102-147473	0.543612462676812	5.10068202902751	4.21292882314769	0.000403505249487904	0.0126299964804745	-0.246279449931748
1:307464-308445	0.543410993956829	6.01503373366299	4.74980779969662	0.000113298385929087	0.00412295589771216	1.00430866241315
12:49830-51653	0.537515098696264	8.41711960338831	6.28960237048098	3.34379156580347e-06	0.000207872375674116	4.49901472781364
3:463134-463515	0.534992687942855	5.36748552189412	5.4166357855714	2.39434762133154e-05	0.00108253534879596	2.54334532181813
1:295856-296261	0.532491691072089	5.46763415305939	5.47714603300141	2.08333433061715e-05	0.000961340666375502	2.68141554792805
2:366777-367342	0.531295987096081	6.39224046261473	5.60646922982133	1.54935114763999e-05	0.000753793014873544	2.97538233587649
16:43428-43641	0.530930465409818	4.15420497346067	4.17779719206916	0.000438575532629098	0.0130870938936523	-0.328019041249854
14:283884-284631	0.530732201302909	6.09032142504631	4.41213017481331	0.000251611813480554	0.00863970787267179	0.217751184764848
2:1018351-1018624	0.529861526103213	4.99066408795193	5.46541108572365	2.14025590648596e-05	0.000977529126268488	2.65466444912743
12:121385-121688	0.518883107772652	4.92004252121721	5.78407650692233	1.03461404284957e-05	0.00054481558303467	3.37644134670538
2:501443-501923	0.516898732854484	5.80404318874013	5.66994872529853	1.34059873726503e-05	0.000674215724494188	3.11909262195534
12:46592-46898	0.51429569082805	4.62557870050997	4.2067420832155	0.000409470938283247	0.0126567496025842	-0.260676912708442
4:500808-501398	0.511377972386563	7.36191518028539	5.17014811384202	4.23536349148242e-05	0.00175532286924771	1.97780609562292
6:608691-609632	0.510862675591746	7.64296988319251	5.0393548978496	5.74457496794545e-05	0.00229577835326105	1.67593143085973
4:173751-174805	0.510446048644482	7.78487977912518	4.03919690540683	0.000609292604975426	0.0170333711265489	-0.649995950443883
7:30509-31386	0.510208129877936	5.9654231824864	5.32963865496033	2.92641927615671e-05	0.00125948583462283	2.34428850691885
5:581310-582278	0.509934172606425	7.55192988307986	5.60874297311145	1.54132922073984e-05	0.000753793014873544	2.98053665469492
16:57650-59451	0.509315657372477	7.27213873368403	4.19894200892382	0.000417118280794089	0.0127082344857325	-0.278827082665448
3:228870-229141	0.50887764344728	4.87720820237783	5.22639756268744	3.71667324424047e-05	0.00158436470868765	2.10727504407218
1:452928-453793	0.506033778878054	6.42371064891077	5.52307693990527	1.87497875282693e-05	0.000892809031665249	2.7860002450512
2:590823-591361	0.503989777240387	5.64766173497914	4.18240947648903	0.000433802846756487	0.0130870938936523	-0.31729021929057
2:383277-383936	0.500652441520669	6.99744325152663	4.94188178687777	7.21569560817629e-05	0.0027370723340845	1.45028924330046
1:447589-447983	0.496318917290453	4.71967339142627	4.84962891564816	8.95907699936577e-05	0.00334173572076343	1.23628178594841
20:54613-55976	0.490555977439689	7.25330982837719	5.61533104109226	1.51832448321319e-05	0.000753793014873544	2.99546822355134
2:59343-59731	0.489666147204584	5.84415539152903	4.46311695436374	0.000222991734888644	0.00779774222938727	0.336593509020987
2:133925-134666	0.487898119124065	5.66961583438557	4.29862545827632	0.000329286694659016	0.0105277660378125	-0.0467419284621968
3:479286-479738	0.486058313603359	5.46428668322463	4.98950922082072	6.45441409824853e-05	0.00255663340741243	1.56060860161453
10:297493-298533	0.485204660191194	6.5308236752094	5.36399172139324	2.70324872344318e-05	0.00119799418674571	2.42296659544196
2:867925-868510	0.481755026102581	7.31065794072392	4.97374590804063	6.69691887458984e-05	0.00258408697264346	1.52410951662352
9:502728-503728	0.480618338271785	6.00720010800505	5.34379921505196	2.83223948589754e-05	0.00123078679018227	2.37673182693807
9:97685-97954	0.472656444699888	5.16505951628375	4.13172905988031	0.000489224125491113	0.0141816460877689	-0.435135160919509
2:771976-772181	0.466104204689803	4.19938492534476	3.56506496818445	0.00186780002327067	0.0403877918075338	-1.74033024800245
17:149882-150628	0.465402022863305	5.93489209133357	4.57513793338968	0.000171081026080599	0.00612606938189408	0.597660605668175
7:84276-85850	0.461689149192047	8.95482318981222	4.13011743571558	0.000491098110724795	0.0141816460877689	-0.438880882781787
14:40769-41816	0.460479002610826	7.34890483229741	5.21906494143264	3.78045194463868e-05	0.00159634933058516	2.09041055325293
20:11925-12224	0.459981175390097	4.58130764649628	4.38211450388063	0.000270157990207733	0.00909193356518656	0.147793944520943
8:460229-460570	0.458189695934787	4.90791797830883	4.00715076324798	0.000657393858371258	0.017902916729201	-0.724299200440124
12:386876-387346	0.457707653150305	5.69735464503859	5.05765954133698	5.50423880251323e-05	0.0022397248072772	1.71824442917596
2:98392-100111	0.456026356968582	9.04697642228162	4.42816651612815	0.000242233069324821	0.00840492417285192	0.255128886378154
7:135373-135712	0.455774910802528	4.92678643593058	3.92602943237969	0.000796742136162732	0.0201481231721152	-0.912090765710055
2:389717-390219	0.447495350187109	5.786570784459	4.30478024849357	0.000324515660802082	0.0104498712068354	-0.0324044822373812
12:310129-311509	0.445332727917601	7.36242434321163	3.81328726125715	0.00104041097919001	0.0247613589013229	-1.17223388359584
2:338035-338604	0.438271455083878	5.90539817949089	3.93787041194976	0.000774703257565248	0.0198245080471873	-0.884708516543417
9:649420-650617	0.433500608908697	6.76771082379992	4.98478217431859	6.52618651711489e-05	0.00256238691671985	1.54966481436248
1:971769-972156	0.43209608079447	5.37439757063494	4.97880102901212	6.61816080531463e-05	0.00257590328387724	1.53581585007861
8:65922-66312	0.429524804126627	5.63256449935997	4.52793364468362	0.000191281771448038	0.00674155282678284	0.487663227721388
2:301797-302132	0.427790749796519	5.20304662877451	4.71326526278577	0.00012348440816186	0.00445738879784261	0.919299803908769
8:231554-231894	0.42587730071939	5.11923970714218	4.35709726770875	0.000286660687799243	0.00950439435992158	0.089492217893369
10:372538-372778	0.425032203420861	4.80243863337451	4.85866067286874	8.7710402433826e-05	0.00329909043104038	1.25725088645939
15:452452-453351	0.424075521889581	7.39485819840922	3.27387936921406	0.00368546457060445	0.0665166912017157	-2.39523910542149
3:52073-54055	0.421927386628863	7.47063732378435	4.80865060441315	9.86479802982559e-05	0.00361924885094257	1.14109915021092
10:370847-371398	0.417742102904465	5.47129408002779	4.25997377827895	0.000360898243158932	0.0113759192702773	-0.136762023828521
1:577339-578230	0.417724263865347	6.12006353340614	3.89370753536498	0.000860125916114997	0.0212702961355289	-0.986780160587659
8:56105-56315	0.41709372898247	4.0681588912131	2.79442333382247	0.0109819520644687	0.140436962530025	-3.43232519528209
16:119241-120504	0.416305207137499	7.05820097786946	4.31191477282688	0.000319071837223646	0.0103490256769061	-0.0157838857728336
5:346973-347239	0.416160779566617	4.39281513413385	3.44562093808244	0.00247104793865513	0.0485105726904402	-2.01073968453419
7:118906-120072	0.414657679854805	7.64197724154957	4.29210989979851	0.0003344140425422	0.0106158670526162	-0.061918972075695
1:1081167-1081664	0.410933515443369	5.34301487750375	4.40683135738775	0.0002547903125989	0.00863970787267179	0.205400876226372
18:218448-219243	0.410351240376351	6.90474560115153	3.85285509202831	0.000947452855605905	0.0230478205526741	-1.08105962666132
15:27527-27751	0.409571183603821	4.26427645774661	3.45138305335411	0.00243798570446659	0.0480723524810241	-1.99774700654197
9:594716-594933	0.409375065909604	4.70610328494394	2.95737676087859	0.00761396617169813	0.107508241591548	-3.08690632194538
15:26975-27226	0.4091543150261	4.37886315754679	3.99009283728137	0.000684522499712033	0.0184573657151269	-0.763824440826316
4:314051-315355	0.408651603074603	9.12939751843607	3.63916262581813	0.00156912478264028	0.0347693194410787	-1.57153180179146
14:437694-438646	0.408019683937344	6.81524583332116	4.40761854320232	0.000254315579678231	0.00863970787267179	0.207235613834315
8:336457-337047	0.407480977015319	6.19261951286073	3.57006907173688	0.00184597514968106	0.0401096348056913	-1.72895444011712
18:25562-25949	0.40687960730534	4.97399243464367	4.84562093083806	9.0438226963033e-05	0.00334546697426889	1.22697529043974
11:507436-510008	0.406561882281455	9.40377781615802	4.06076401360419	0.000578912651887882	0.0162969372946551	-0.599956242685611
4:50838-51100	0.406504299367596	4.44063483565164	3.82266179908061	0.001017600475734	0.0243571108523282	-1.15064568007119
7:120925-121361	0.406061406798791	5.53501935023149	4.37489239272017	0.000274821646787095	0.0091798633658137	0.130962451509145
13:47654-48109	0.401756144214508	5.41553914164347	4.0073373278888	0.000657103150749563	0.017902916729201	-0.723866806044486
3:434310-434813	0.401299686584025	5.90550478398063	4.53409689243615	0.000188513608660819	0.00669672152671291	0.502026517150323
2:332241-332652	0.401103048277871	5.63874716062579	3.0225074368528	0.00656710549751887	0.0993052844827515	-2.94665021825448
7:666393-666956	0.400030825289909	6.72191536680868	4.17335589951014	0.00044322090950795	0.0131381244434277	-0.338349380799813
6:493573-493786	0.399504363516744	3.91665915677188	3.98674518164543	0.000689976044490161	0.0184930106295686	-0.77157915361265
2:1011737-1012163	0.397030526873074	4.91878759801778	3.73539492082565	0.00125062697502392	0.0287066991805491	-1.35127022391318
1:861823-862192	0.396541123153185	4.6865378945505	4.20618200116581	0.000410015346821874	0.0126567496025842	-0.261980246468924
12:133467-134216	0.395289002055192	5.9289736410856	4.03685630908495	0.000612683813979976	0.0170333711265489	-0.655424992682968
18:271254-273267	0.395163460374555	8.33766551700255	3.6690418840548	0.00146249036237981	0.0327305343100601	-1.50326155109985
1:929748-930165	0.395135153436723	4.71437933743749	3.41143831602071	0.00267641857409351	0.0516364204208731	-2.08769993663753
2:790457-791169	0.393805369686858	6.61914880737421	3.92011044638667	0.000807991437993169	0.0203178071711091	-0.925774444413249
7:527501-527925	0.392891831210286	5.10384924634126	3.09703964612516	0.00553924516297151	0.0885487905337874	-2.78474970765683
15:445399-446300	0.392553118808883	6.03999764481095	3.93215113973845	0.000785271412349741	0.0199708797822582	-0.89793563565364
4:393997-394559	0.390298766140991	4.89761897496953	3.07309244520462	0.00585124486372446	0.0918953403860725	-2.83692503444217
15:475425-476046	0.390014039950088	5.5973673080731	3.9803949605252	0.000700440142376153	0.0185513022324004	-0.786287160868497
17:255569-255834	0.387875937014798	4.44008936116375	3.17714041433493	0.00460841424703082	0.0758355226827572	-2.60920552038287
2:438418-438666	0.387323264507426	5.16797971350189	3.82791074914348	0.00100504590994843	0.0241859435103719	-1.13855450006067
5:152907-153381	-0.386866347483626	7.11799424775129	-2.70959003406726	0.013257290288205	0.157651841502822	-3.60873899892465
3:717062-717529	0.386686534439378	6.2122988286086	4.16112505752255	0.000456269705127838	0.0133481254911909	-0.366794210774116
13:55407-56007	0.385603015448813	5.58412489747405	4.11881016361539	0.000504449371205766	0.014381626659344	-0.465157933292701
6:652344-653606	0.384516073280835	8.76185951129263	3.38517188662834	0.00284550631090978	0.0539681620662381	-2.14669827804139
17:206991-207511	0.383576041455377	5.74690756858022	3.98407984035916	0.000694348983124029	0.0184994407646616	-0.777752785179736
5:157355-157768	0.381793255967855	4.84519180724165	3.93978220416213	0.000771202270773142	0.0198245080471873	-0.880286521578496
2:1021862-1022731	0.379800070527203	6.03901746474758	4.17807452946638	0.000438287071866414	0.0130870938936523	-0.327373937203801
7:103225-103976	0.37957434291453	5.86913578748714	4.09426557963588	0.000534691727513589	0.0151473428629799	-0.522177128133195
8:249530-249783	0.37851170013516	4.36995658945043	3.91219870255678	0.000823275104562978	0.0205864769163346	-0.944060827069131
7:180679-181554	0.378192449842998	5.97211499105597	4.19869619733558	0.0004173615883384	0.0127082344857325	-0.279399034626984
5:54331-55050	0.378081863354872	6.44713443580163	3.80140038239423	0.00107006510833628	0.0250764996068754	-1.1995955656399
15:448531-448766	-0.377843999754463	4.38648882965192	-3.55254625186202	0.00192351827287438	0.0411194952170942	-1.76877324599293
14:313827-314275	0.376672209787275	4.93307397874668	2.89384247927508	0.00878867342343675	0.121413895812663	-3.22255308663547
18:251190-252295	0.375961190253266	7.27750487251801	3.2984581491399	0.00348130521388029	0.0638619759726564	-2.34055871105224
10:239199-239564	0.373916339571165	4.84805406818709	3.88324795715347	0.000881691866982327	0.0215653158284858	-1.01093222172033
2:498485-499461	0.373910903049723	6.44407442195364	3.52582904043511	0.00204796000270043	0.042834901738725	-1.82939891743525
5:538425-539577	0.373510066737789	7.07452618979561	3.937661445045	0.000775086887457053	0.0198245080471873	-0.885191842792273
2:689481-690350	0.373415388242702	7.41248336651145	2.65147135628868	0.0150670442306209	0.171603282382339	-3.72812977388838
8:206485-207953	0.373168172065638	8.35722852758688	3.5532990720858	0.00192012186267109	0.0411194952170942	-1.76706345086989
13:8707-9290	0.372149468883784	5.06632505219728	3.08398809557546	0.00570723733278739	0.0902671176733441	-2.81320399113259
7:117597-117924	0.371851550457556	4.59322923618086	2.46576861662243	0.0225369787950932	0.217404131652667	-4.10086896020762
8:502996-503290	-0.37125796527919	4.65646510351591	-3.50773908906978	0.00213668044405022	0.044072726578658	-1.87038691570304
4:800862-801391	0.371022368517366	5.47647637804202	3.1594523022042	0.00479991169396876	0.0784102362854167	-2.64810133872879
9:463961-464773	0.369381943235192	8.0472914242169	2.77588460380042	0.0114449553995574	0.144284743035422	-3.47108705564788
2:184763-185092	0.367971774419511	5.68594079248225	4.12141680791167	0.000501339719792187	0.014381626659344	-0.459100837549651
16:132720-133678	0.36622599966142	7.59085319240561	3.24169420986441	0.00397052806815804	0.0705342439508188	-2.46665170356885
8:672180-672594	0.365726146816929	5.31987504980878	3.81120204618336	0.00104555335843388	0.0247613589013229	-1.1770346969569
13:105832-106171	0.365220974068899	4.7638670701065	3.5512900646965	0.00192919883726313	0.0411194952170942	-1.77162609750266
8:37979-38576	0.36285875501291	5.5414370337486	3.11024049732346	0.00537420371560882	0.086218407996649	-2.7559265580036
13:97646-98698	0.362070298380848	8.23989724266728	3.46434455636149	0.00236519273994385	0.0472616192142351	-1.96850062311403
20:37859-38373	0.360588299295637	5.88901590187554	3.89105965121506	0.000865535354325045	0.0212864628898841	-0.992895200540368
1:1043414-1043673	0.359979505663751	4.73749660534929	3.23206844061581	0.0040598780693856	0.0708500366387285	-2.48796656730932
17:19951-20438	0.359769258304434	5.32511239765506	3.78038901347118	0.00112454591008989	0.026080142453691	-1.24792643996086
7:629191-629910	0.35955071425779	5.83937768766133	3.83336337634359	0.000992166917864846	0.0240050763479084	-1.12599143319063
7:210951-212200	0.358835259878397	8.09260515676773	2.77062801468836	0.0115795846543132	0.144373874408652	-3.482056839846
1:381979-382460	0.358284200314603	5.33236785777916	3.54350113326997	0.00196479136359101	0.0413155398792899	-1.78930991858904
15:322513-323360	0.358241010521325	7.21715060180589	3.45786590818393	0.00240130671677377	0.0477699949523528	-1.98312254632882
11:219242-219443	0.358202600727042	4.17599069751072	2.84167568022823	0.00988124274887105	0.13008365454102	-3.33301576114866
3:373556-374636	0.357908263643123	7.76157045503688	4.33145899768207	0.000304623604575282	0.00995252010276616	0.0297508302168081
11:287739-287948	0.356777543350809	4.31127166066126	2.59136004080125	0.0171829474515208	0.188046143748183	-3.85028656205696
16:491184-491316	0.356554135804713	3.45175632778085	2.62516613378717	0.0159607995891806	0.179498841610986	-3.78175644122847
14:422872-423646	0.355733965961231	5.76328008909355	3.14961434535524	0.00490974006106449	0.0799127145939078	-2.66970313020367
2:103790-104382	0.354798179357386	6.81677285174643	3.22952107677747	0.00408384929687041	0.0708500366387285	-2.49360397780092
17:131731-132360	0.354364409218337	6.33875750943336	3.31016505928855	0.00338798530538698	0.0631859259454672	-2.31447138384142
2:314780-315654	0.352258805956998	6.56332331226456	3.54322000594933	0.00196608802374637	0.0413155398792899	-1.78994801723231
11:289472-289566	0.350261869261628	3.24026678675597	1.88168788920138	0.0740639569865575	0.398449845519028	-5.16692891580229
17:357572-358760	0.349684118775807	6.32745612540913	3.89737428372339	0.000852690450208653	0.0212035691951885	-0.978311208504398
15:195271-195775	0.348957831325755	5.1982378354378	3.94168059438017	0.000767741403574154	0.0198245080471873	-0.875895259649754
16:122526-123627	0.348900189525724	6.47357033035598	4.0055074292183	0.000659960067095213	0.017902916729201	-0.728107804647662
15:257922-258146	0.348146382971096	3.92458418257448	3.48976575503892	0.0022285677760296	0.0455482619429612	-1.91106046387837
2:413866-414204	0.348100120953492	5.29543765380641	2.64278360114556	0.0153568597669854	0.173817831012647	-3.74586974460263
3:746688-747033	0.347839587770124	4.92256827457327	3.96180615128166	0.000731988519165839	0.019160120536762	-0.829325821033747
2:290055-290822	0.347162850078856	6.04123649462313	3.39347167546069	0.00279097694794482	0.0533156456205115	-2.12806905224848
17:153842-154244	0.346998962232595	5.02602249136196	3.27068849031858	0.00371281068054606	0.0667411269322256	-2.40232875142453
7:143867-144674	0.346988996954237	6.0682117087127	3.51624812779193	0.00209448764708208	0.0434024384645343	-1.85111347693626
9:123972-124375	0.346917765836441	6.66908226134338	3.72901158206433	0.00126961275058329	0.0289938095490348	-1.36591407000524
8:688706-689069	0.346321524955549	4.97548931451557	3.21061037989464	0.0042661602485121	0.0723308078497733	-2.5354096341723
5:766605-766831	0.345825146706868	4.30051074525323	3.23074242923203	0.00407233897345235	0.0708500366387285	-2.49090125556019
2:144093-144366	0.344449176903876	4.89043840194844	3.23991962946564	0.00398685516522725	0.0705342439508188	-2.47058275526108
17:301036-301557	0.344212968081538	5.9493036314445	3.30734703825742	0.00341022306085671	0.063336756931098	-2.32075347880844
14:818-1287	0.34412803902602	5.74708808754644	3.68475129928694	0.0014093302788968	0.0316993081826234	-1.46732342068017
15:485957-486194	0.342730487239885	4.38940040765035	3.47011074910307	0.00233349900737163	0.047001293849548	-1.95548087095279
11:208451-209021	0.341933700756529	5.42016431841831	3.14188605039211	0.0049977226942081	0.0807574251959403	-2.68665652826477
14:231743-232258	0.34142201297484	5.14677286784791	3.7808006282704	0.00112345267329416	0.026080142453691	-1.24698005769531
8:34142-34395	0.340052635153432	4.28221919115956	2.49820540460597	0.0210216094509852	0.210605928916	-4.03677539824159
2:93616-94379	0.338765872267507	7.82324432489103	2.96949578723581	0.00740772731363594	0.105932867271037	-3.06089842667789
17:158125-158871	0.33857727418258	5.71687349497077	3.59518147613832	0.00174018758980534	0.0383698505023089	-1.67181331703812
8:77710-78122	0.338336761653526	4.75364728654129	3.23644550870932	0.00401900841950738	0.0708231562429726	-2.47827666740165
1:540832-541142	0.336925235145629	4.93060109995591	3.52248934913724	0.00206406191345955	0.042970888951837	-1.83696971080097
8:253751-254982	0.336234236460894	7.12629472381934	3.39670416327488	0.00277001761703717	0.053212870617418	-2.12081024065687
7:605736-606024	0.33618808528692	5.10224797281525	2.42110417727834	0.0247907469804251	0.227850890111669	-4.18838125426599
4:357209-357666	0.335902060336571	5.91207540543258	3.27827992178989	0.00364807337885715	0.0661084066549173	-2.38545829196793
13:498242-499315	0.334303224024167	7.49434795074201	3.47906350302933	0.00228511499678063	0.0464917032981368	-1.93525531359794
6:181536-182333	0.333334878902555	5.70757162798932	3.75081708898663	0.00120590911356912	0.0278229339811103	-1.31587228888948
3:333398-333763	0.332431673961126	5.61559963289546	3.13277318147587	0.00510343321791972	0.0821689463431967	-2.706628886546
14:450625-451492	0.332285725138202	8.09226085189384	3.2409554207639	0.00397731740092613	0.0705342439508188	-2.46828835190132
12:448092-448545	0.332141420069778	4.97590935513484	3.28094562206222	0.00362560329086741	0.0659682940240753	-2.37953147676705
10:251784-251958	0.331784789471269	4.00083255854456	3.6647875613784	0.00147722459449827	0.0328958073879315	-1.5129889196406
2:273797-274158	0.331256053045071	5.65741162671198	3.58523062513234	0.00178137179857339	0.0390853929922278	-1.69446613456831
16:244884-245172	0.330249845482012	4.24474762507421	2.53485380003157	0.0194243269767466	0.202665005939203	-3.96382891647955
7:521909-522463	0.328622257702603	6.11567342640341	3.45539222397182	0.0024152380966542	0.0478345385868328	-1.98870367396899
2:951270-951847	0.328371230296102	5.35068749912476	2.99816535928122	0.00694101517870924	0.101607804524317	-2.99920752101112
7:612141-612610	0.326617888887817	5.15284655954285	3.54924687282818	0.00193847358506271	0.0411213638234156	-1.77626577636902
5:807143-807686	0.326434711215763	5.72120009431826	3.37143673260055	0.00293804528545683	0.0554881464038176	-2.17749987491334
17:365219-365534	0.326190475901586	4.92595845592926	3.24260824562446	0.00396214386825669	0.0705342439508188	-2.46462666705475
9:34141-34412	0.325181739719722	4.50881554818362	2.67908936730316	0.014179694442831	0.16315761523422	-3.67154892258369
5:128966-129288	0.325080081325882	4.97539962761539	4.03142535392374	0.000620625215684503	0.0171476448481718	-0.668020938546184
18:235810-236253	0.324997575444093	5.60498821611304	3.69827105344757	0.00136511215991278	0.0309641910956319	-1.43637093207844
10:78080-78433	0.324852123609976	5.03316597328202	2.68533541014391	0.0139859869729387	0.162371478855406	-3.65871385293171
18:324090-325309	-0.323600206382435	9.20543236556235	-2.52179124389572	0.0199801354788498	0.205270331090206	-3.98989289148362
2:1041173-1041577	0.323177940220741	5.02501419849968	3.42238031986673	0.00260892147929755	0.0507718806145037	-2.06308655282204
16:290174-290467	0.322699244664785	4.67874581424454	3.19762648093582	0.00439589090846074	0.0738092175075702	-2.56406708686437
4:370206-370345	0.321445635853659	3.6564282695379	2.46740570825583	0.0224581171922161	0.217404131652667	-4.0976448948338
7:434389-435342	0.320316725517191	7.64497389504324	2.49222334676407	0.02129371485615	0.211331857419351	-4.04862919962516
18:186523-187606	0.320061824663378	6.21490640485257	3.20008498805075	0.004371035529818	0.0738092175075702	-2.55864368419873
2:952198-952527	0.319625208787944	4.82543392355436	3.46861791508077	0.00234166410376434	0.047001293849548	-1.95885213109115
20:30321-30673	0.319156933717549	4.53066318277206	3.18378798218414	0.00453838092423798	0.0752362704329229	-2.59456894443817
7:42358-42735	0.318774928059261	4.94045978155672	3.35609350080928	0.00304490228810484	0.0572646329477196	-2.21186643198625
13:175252-175753	0.318755183455102	5.74771473001125	3.22315629735707	0.00414434683679676	0.0713465247750088	-2.5076832900432
3:28081-28746	0.318163938130685	5.69511304909125	3.69683916417078	0.00136972963291669	0.0309641910956319	-1.43965015634326
14:325035-325558	0.31785852895509	5.39123018134009	3.06203525937558	0.00600097641399753	0.0932651751008782	-2.86096663726632
17:288206-288463	0.317781079310654	4.28982078449661	3.30060187476922	0.00346403121087981	0.0638065995880578	-2.33578374982485
12:461098-461676	0.317080429222694	5.25712577258363	2.85650697371504	0.00955806329268253	0.127506150849355	-3.30169708878481
12:105155-105447	0.3158921020803	5.07177192203273	2.98792070729833	0.00710444001636626	0.103581346948715	-3.02127822573479
9:121240-122416	0.31539683513287	7.87615518847776	3.14233534089256	0.00499256615894257	0.0807574251959403	-2.6856713188881
12:122584-122955	0.315206758606157	5.00257270180293	2.553058206819	0.018673877629385	0.199810686602346	-3.92738917867373
14:376861-377042	0.315037443669805	4.01253004037546	2.59223935891551	0.017150071648258	0.188046143748183	-3.84850966457908
18:185199-185510	0.314705548097183	4.7726794127633	3.29343344161749	0.00352212406366387	0.064347050240651	-2.35174717758717
7:432061-432974	0.314367367757811	6.03438353840186	3.80515111544516	0.00106061878226194	0.0249859456284445	-1.19096345633072
4:473608-473847	0.314241998533533	4.12529866844185	2.88025735851245	0.00906149852555034	0.124414930675961	-3.25140069173257
4:62523-62896	0.314193697992792	5.16538694624416	2.97771649236316	0.00727089991277184	0.104309448748611	-3.04323274741999
2:125117-125439	0.312120783489911	5.29364660748438	2.77222756179686	0.0115384590467073	0.144308516947544	-3.4787197915448
4:141059-141478	0.311934735292017	5.37384275578088	3.00603529969629	0.00681793816992727	0.100716472767638	-2.98223312762124
15:50872-51244	0.311473032283004	4.913998652769	2.9797598522266	0.00723726905687681	0.104160824111192	-3.03883876445409
6:206484-206752	0.309353412503	4.68208335658474	2.95811597120678	0.00760122989757158	0.107508241591548	-3.0853211494638
17:110778-111158	0.309054448072478	4.90266412102295	2.62187950515683	0.0160759198283048	0.18034039386339	-3.78843824314981
1:366108-366595	0.309030897853855	5.55738353841454	3.21189611925063	0.00425351805044199	0.0723308078497733	-2.53256976396423
8:574998-576136	0.308373840672415	6.03800127281901	3.21900525630757	0.00418427157039881	0.0714839677446759	-2.51686088803645
12:428589-429128	0.308184896540991	5.537879593958	2.8624930031835	0.00943051017994033	0.12701680073886	-3.28903698652837
6:599462-600033	0.307351117973875	5.95645371269309	3.3922114042187	0.00279919050956662	0.0533156456205115	-2.13089858443932
9:334091-334293	0.307309673878611	4.29352698086362	2.50140268026137	0.0208775117093208	0.210605928916	-4.03043364190721
3:501329-501636	0.306890933170756	4.68851418289204	2.95426076675998	0.0076678793025838	0.107929018108066	-3.09358657769686
16:337947-338685	0.306756491040663	6.15456441071095	3.4921478665443	0.00221616976448946	0.0455026415864901	-1.90567268122149
3:901214-903550	0.306493842113397	9.29057558510927	3.16008476325012	0.00479293321659288	0.0784102362854167	-2.64671182659838
19:123199-123953	0.305542122546909	6.42098644764468	3.47474978295983	0.00230830368621934	0.0467509832557365	-1.94500224779162
11:10245-11294	0.304487892210163	7.59682505435715	3.05218446227357	0.00613748494548437	0.0940800774520139	-2.88235850663919
7:459560-459968	0.303063906104072	5.47477344071039	3.22452567988472	0.00413125760018954	0.0713465247750088	-2.50465487286814
12:198695-199786	0.302388220338064	7.48465159389518	2.90708815374198	0.00853025663841198	0.118945260789819	-3.19437226391126
18:114850-115146	0.302229961320815	4.63836668797461	3.08412096997566	0.00570550247072095	0.0902671176733441	-2.81291452227846
3:35983-36961	0.302063658141785	6.14168097538144	3.07346927316505	0.00584620619781069	0.0918953403860725	-2.83610514429939
5:688120-688384	0.301931832551158	4.392411754054	2.70593427931992	0.0133647701196157	0.157838287745119	-3.61628492451766
15:148280-148890	0.2999278194796	6.28450804005156	2.86709752927727	0.00933350470205473	0.126213797723254	-3.27929105729185
2:986436-987304	0.299287688848057	7.38960129273922	3.21920864103755	0.00418230672699263	0.0714839677446759	-2.51641130996172
4:662041-662888	0.299193109517265	6.04638416921239	3.19532152347463	0.00441931865326828	0.0738092175075702	-2.56915052618379
7:327333-327666	0.298228834613815	4.97907586583543	3.57159729930034	0.00183936015452608	0.0401096348056913	-1.72547961654245
3:348068-349109	0.297346626386878	6.2077373556227	3.30454085943824	0.00343250893474332	0.0634872313715334	-2.32700760205201
2:149014-149488	0.297120369886173	5.64352602707113	3.01181638396228	0.00672887136345818	0.0998102037714765	-2.96975330163146
2:816977-817225	0.297079222658761	5.04230949407853	3.41729439908315	0.00264008450377875	0.0511559231121805	-2.07452962615207
20:87250-87566	0.296930596800374	4.42001322761223	2.5243866951088	0.0198685272016056	0.20491135427278	-3.98471971910064
7:23126-23496	0.296675263112811	5.28224028027335	2.99782550462088	0.00694637805729243	0.101607804524317	-2.9999401574236
14:241482-241589	-0.296142360690181	3.24238188915909	-2.86860890869013	0.0093018725372511	0.126213797723254	-3.2760906348114
10:191035-191895	0.296014539008947	6.04434506710886	3.02277340364942	0.00656312937036363	0.0993052844827515	-2.94607507700916
2:463854-464074	-0.295932914954713	4.64472110981069	-2.49359057701347	0.0212312350894578	0.211180018356473	-4.04592128006889
15:369486-369740	0.295175487725373	4.32698577617737	2.98341916570496	0.00717741569483501	0.103719905101614	-3.03096695274529
7:232502-232929	0.294903576276075	5.25721315715793	2.89860831297038	0.00869484163305319	0.120863699222193	-3.21241965067233
11:564182-565112	0.294341550652167	6.26792266834008	3.19577096768294	0.00441474096758852	0.0738092175075702	-2.56815939921856
1:248747-249104	0.293275756693791	5.04148326649541	3.01292800116875	0.00671187418821562	0.0998102037714765	-2.96735257047843
16:232776-233598	0.292742404430379	6.00402968940436	3.34219882749836	0.0031449442254786	0.0588986207248627	-2.24295024891375
6:622892-624372	0.292540346065433	9.2332757947519	2.39435205646039	0.0262392221267429	0.23583686393434	-4.24037510659192
3:153088-153345	0.29196873595085	4.52188458091068	3.01237768395091	0.00672028362960829	0.0998102037714765	-2.96854111848388
11:434931-436179	0.291416586723436	8.51680256256119	2.51684248771549	0.0201945682951216	0.20547631920248	-3.99974889166426
17:184813-185189	0.291073171404778	4.81552859519364	2.8110495092181	0.0105819490354606	0.137289286616584	-3.39746518151993
7:40440-41272	0.291009341438629	6.26882908149682	3.23121834806063	0.00406786235281836	0.0708500366387285	-2.48984801034655
16:458199-458433	0.290638014713189	4.32241010692411	2.43009497274359	0.0243208696715302	0.226792109687019	-4.1708356327964
16:383894-384185	0.289940896175079	4.63616201947772	3.06773479309101	0.00592333921520238	0.0927023298155449	-2.84857809606174
10:330738-331034	0.289026732576111	4.71969332235397	2.85341238360749	0.00962464970833267	0.127833626393166	-3.30823755365843
11:182125-183227	0.287437874337287	6.39206592679468	3.43359148311667	0.00254149524641197	0.0496756887464627	-2.0378461910122
12:260976-261329	0.287192956980982	5.15707477300827	3.028349231982	0.00648030502979842	0.0986593378006046	-2.93401321831929
5:309350-309649	0.286362329608723	4.59624073136949	2.85588050831742	0.00957150730236447	0.127506150849355	-3.30302137650637
2:291204-291747	0.285775745509831	6.15445393086325	2.98593474952494	0.00713654640067377	0.10371162886174	-3.02555332605563
4:441648-442241	0.284027348988873	5.73701584589687	2.83106565833684	0.0101188196558411	0.132398574826749	-3.35537761172225
9:110594-110982	0.284007312694176	4.80416257842162	2.8964929262421	0.00873637114536328	0.12106500695556	-3.21691837839591
16:364318-364763	0.283992611137359	5.2520366051849	2.99803853225224	0.00694301603208163	0.101607804524317	-2.99948093013915
2:326311-326861	0.283991306678159	5.77360976151285	2.78132724074961	0.0113071323724772	0.143373157221552	-3.45971920236802
18:245270-246133	0.283819749534281	9.07803251090027	2.22035172486387	0.0377390517619434	0.289742702721198	-4.57037520079661
8:48318-49702	0.283757532037921	9.4483748667618	2.52664775135334	0.0197717746743771	0.204857554265074	-3.98021079129691
17:262955-263335	0.283604994593897	4.83444944699698	2.77208564869839	0.0115421021151074	0.144308516947544	-3.47901589212299
3:242194-242558	0.283437598856357	5.00343509279615	2.76249971402234	0.0117907345412901	0.146394853328891	-3.49900106328735
7:125072-126297	0.283402554821429	8.58694690389777	2.46785028599669	0.0224367455803871	0.217404131652667	-4.09676915087023
5:726603-726995	0.283343642566522	4.84721938197837	2.74731272512569	0.0121951021059113	0.149140101164096	-3.53059933106286
1:354345-355091	0.282593568022413	5.60046634980423	2.34147232546296	0.0293358134625496	0.24915958455099	-4.34219059766216
2:378961-379196	0.281937684719815	4.76576642985926	2.85052121189199	0.00968725983303636	0.128284541457606	-3.3143453636836
3:718766-720835	0.281433984843465	8.33563464767558	2.56536391360579	0.0181821021477599	0.196103829429815	-3.90268109747929
14:288856-289345	0.280974343164094	5.08403640111296	3.06422707006351	0.00597100460423197	0.093122705953109	-2.85620349816946
17:240698-241089	0.280383747051437	4.8488864347735	2.55221679610488	0.0187079552102981	0.199810686602346	-3.92907638731721
11:458556-458897	0.280050144898043	4.86942962458036	3.06028212154516	0.0060250542102816	0.0933153724748112	-2.86477557696194
10:219750-219957	0.279806441688016	4.13232746044909	2.60406508319364	0.0167136476824777	0.18471675809079	-3.82458332889973
15:145393-145777	0.27978719071479	5.25777350401841	2.44824642824053	0.023397379259208	0.222822701200457	-4.13530446384916
2:611936-613068	0.279782428354077	8.05441962299542	2.55229925794112	0.0187046128838337	0.199810686602346	-3.9289110462944
2:439245-439756	0.279314621049478	5.53032956742448	2.43393130591974	0.0241229073008785	0.226360865993149	-4.16333812515844
17:224205-225370	0.279176145861978	7.80209097741037	2.61317064385598	0.0163847619056504	0.183345485724228	-3.80612359622008
4:586319-586540	0.279048958623305	4.18909725512722	2.22471242593869	0.0374017650247998	0.289430550575441	-4.56228588567798
15:349662-350017	0.278865687581904	4.99077882432841	2.48281211711083	0.0217284736324067	0.213750874678357	-4.06724753459104
4:368140-368393	0.278385096643738	4.47098132025027	1.69287526460928	0.105526790782883	0.458135708578259	-5.4694065897357
2:981927-982860	0.277749629271742	6.09305654242782	2.71352101582578	0.0131426336510817	0.156870475259311	-3.60061966000765
9:260053-260380	0.277612703316443	4.95721617975107	2.69386489854365	0.0137255081948743	0.160405678016338	-3.64116362395887
11:147246-147457	0.277312592298378	4.49357281432584	2.46935160910263	0.0223647145421179	0.217404131652667	-4.09381116793825
8:568232-568642	0.27650706222307	5.17184129749903	2.80333801224845	0.0107657178594966	0.139269806760425	-3.41364515653167
10:412647-412912	0.276423089114173	4.32823727242401	2.67657334210238	0.0142584388576832	0.163571076791733	-3.67671511259378
15:200828-201442	0.276061000877423	6.78021673024639	2.4346127143136	0.0240879024461007	0.226360865993149	-4.1620057423411
2:477431-477694	0.276057050274577	5.0269256722516	2.39724331028836	0.0260789744420007	0.235124906343892	-4.2347713339491
12:21764-22227	0.275720048860253	5.3597942169018	3.17956798250255	0.00458271855796091	0.075690953008978	-2.60386169089695
7:57727-58647	0.275598208369261	6.25493817786221	3.01272928724171	0.0067149095806367	0.0998102037714765	-2.96778175252937
6:603291-604059	0.275557289078496	5.60335708328809	2.43157559599356	0.0242442881999412	0.226792109687019	-4.16794275673596
7:342659-343640	0.275453165293245	8.95948904023461	1.62105657205012	0.120189779014054	0.491244700868127	-5.57817335266393
4:30572-30829	0.275301944215226	4.43514651232691	2.8736834135223	0.00919641547752538	0.125497425845743	-3.26533992344038
3:424980-425408	0.275114671734677	5.16342658525176	2.71774778054618	0.0130203996143465	0.156213286064092	-3.59188326851914
1:812017-812265	0.274799100689711	4.47068491713774	3.0543813891933	0.00610678328378099	0.0940800774520139	-2.8775898794968
9:66846-67291	0.274332238837963	5.43614882425172	2.78297557184986	0.0112657047860895	0.143253677904933	-3.45627442576697
14:223007-223334	0.273921206999566	4.51687302061633	2.71662810812484	0.0130526740366332	0.156213286064092	-3.59419816003423
1:440664-440874	-0.272308013955416	4.66401953996904	-2.43037505485987	0.0243063659034461	0.226792109687019	-4.1702884759957
17:129092-129492	0.271779706347391	5.15816077045591	2.75130608612556	0.0120875156654827	0.148667021543961	-3.5222983617021
20:29446-29956	0.271411408529524	4.73985177450427	2.16881279650968	0.0419410147904421	0.306348297923376	-4.66524237022871
2:234005-234321	-0.271129047034663	5.47987705367976	-2.14553757973144	0.0439744997849073	0.311933218759501	-4.70762994768966
2:178928-179282	0.271023274234531	5.23093487543543	2.98304824859828	0.007183460809093	0.103719905101614	-3.03176502999406
7:400009-400449	0.271002139535526	4.91078118517038	2.26598627346345	0.0343431684990999	0.27548391075622	-4.4852470181714
5:747711-748122	0.270965905372317	4.65658896992554	2.68064578719183	0.0141311892243079	0.163018564350521	-3.66835194616518
3:334539-334760	0.270754459121631	4.35433856299125	1.81865343316994	0.0835121137352452	0.41984687640415	-5.27048550899508
17:246980-247005	0.270208930130227	2.59961935071326	1.30769275001424	0.205362691679333	0.600128152143979	-6.00840561164795
4:803160-803574	0.270077537624518	5.00320635439346	2.58203460562036	0.0175352742581001	0.191433872144527	-3.86911243706549
18:200462-200735	0.269967748454047	4.74943928010013	2.91587460012368	0.00836287450451773	0.116975707131942	-3.17564955662945
1:1092506-1092715	0.269938604040887	4.21629221972667	2.41493002736454	0.0251182924284317	0.229285226925589	-4.2004093943262
7:741794-742046	-0.269682488033052	4.84808388612855	-2.80109281873559	0.0108197915075817	0.139565956161198	-3.4183522636576
14:230779-231133	0.269114128033297	4.89114626597093	2.32479356334418	0.030380454515411	0.253699467184664	-4.3740341536683
9:35834-37237	0.269008373738714	8.74530568269753	2.21206325132445	0.0383878054641341	0.292680248182402	-4.58572404307089
13:353011-353814	0.268928134279659	5.98598572933413	2.57832323339513	0.0176773761243695	0.19251565823036	-3.87659530844612
3:125516-126439	0.26809521026941	6.15572208517862	2.88290992012603	0.00900759855184917	0.124055418824852	-3.24577249520715
3:15224-15582	-0.268088187542932	5.189267870153	-2.33890460021529	0.0294944487363185	0.249559834676298	-4.34710150989044
4:452938-453210	0.268032796481402	4.63547149181458	3.18647278728727	0.00451039008159229	0.0750502081977959	-2.58865468737608
14:539111-539736	0.267751961842693	5.44706465520671	2.33631831203374	0.0296550309556133	0.250445129353443	-4.35204479124545
8:448661-449413	-0.267744257810526	6.01532851402797	-2.85771432598881	0.00953220432537168	0.127506150849355	-3.29914451408463
1:624917-625141	0.267584128927519	4.67613699134822	2.13932601259589	0.0445320876332017	0.31291512120276	-4.71889345945655
12:339492-340280	0.267337229400125	6.15961759010768	3.01146258083948	0.00673428988806656	0.0998102037714765	-2.9705173305837
5:225660-226661	0.267279327170108	6.13559874243682	3.0534196627164	0.00612020493926788	0.0940800774520139	-2.87967754848323
2:942673-944094	0.266980823452154	6.37539047504161	3.08527843405904	0.00569041171054442	0.0902671176733441	-2.81039278028165
3:279534-279849	0.266834616772409	4.71129076889297	1.98915942034592	0.060106850648217	0.363438182199819	-4.98472004444124
8:699242-699458	0.26670669779191	4.83382867836306	2.77467783179128	0.0114757302324866	0.144284743035422	-3.4736062492511
8:542719-543125	0.266625499087093	5.23146961907191	2.39672780685826	0.0261074795471212	0.235124906343892	-4.23577074951358
1:945215-945674	0.266571301422253	4.89036612552925	2.60548458659399	0.0166619702909619	0.18471675809079	-3.82170767322352
5:795541-795908	-0.266425634727212	4.78013829051961	-2.69970185681384	0.0135499118207873	0.159184790839485	-3.62913839165338
5:471863-472099	-0.266087288568681	4.74729882871801	-2.49516860050378	0.0211593355047671	0.21098199937147	-4.0427948870112
4:836643-838007	0.265830756279115	8.77496127500007	2.42268353988187	0.0247075999679499	0.227711422026423	-4.18530170533938
2:20307-22236	0.265734620597236	9.59579092039795	2.34396927649426	0.0291823064775094	0.248327003409376	-4.33741207728943
4:327917-328673	0.265436301025809	5.90610474715867	2.24718512959967	0.0357068427081757	0.28237425434946	-4.5204455913661
2:940564-940845	0.265233756500095	4.44225906587085	2.18856352405428	0.0402828547554478	0.300510096475641	-4.62904993490359
1:428957-429180	0.265138025959298	4.52372089866382	2.02869660798055	0.0555929141555437	0.351460287796912	-4.91596481622723
4:466699-466899	0.265081638851522	3.99542575096229	2.20408520407953	0.0390218554155557	0.294043476161662	-4.60046485256931
4:638922-639692	0.264733977959498	5.71895609940608	2.86799255447845	0.00931476001097401	0.126213797723254	-3.27739588190107
3:567300-568507	0.264417972839713	8.68860265054934	2.46954031433613	0.0223556760501204	0.217404131652667	-4.09343930291182
11:475447-475904	0.264146734051852	5.28651516389116	2.2369810056116	0.0364675483995711	0.285364941672169	-4.53947541813541
4:830297-830886	0.263822388071859	5.70378759431179	2.83296164676316	0.0100759685135525	0.132258167350912	-3.35138424183772
20:159480-159754	0.262666240016673	4.69113149883847	2.59380525991338	0.0170916725471938	0.187966403737689	-3.84534459413412
6:691020-692365	0.262489522742239	9.01006202487106	2.54107187437577	0.019164871699041	0.202107313160955	-3.95139733748857
1:998906-999140	-0.262267771614453	4.54423017563428	-2.96529541194672	0.00747859233920825	0.106543065511345	-3.0699173321104
14:341299-341587	0.262210082711354	4.66918626077241	2.75481643824907	0.0119936880232663	0.148297645282155	-3.51499688683191
3:552912-553378	0.261662966375325	5.15652958502872	2.77750810613636	0.0114036771620147	0.144188867167169	-3.46769714355015
12:89615-89915	0.261484664396749	4.60508621849864	2.16228260149305	0.042502746427707	0.306348297923376	-4.6771637246187
9:583019-584118	0.261092645177293	7.78941869726937	2.75121386048941	0.0120899901344955	0.148667021543961	-3.52249013240572
4:547681-548145	0.260922658335382	5.41763583400962	2.96415151014075	0.00749800394014155	0.106543065511345	-3.07237261066805
10:530408-530635	0.26053891578248	4.42079741269149	2.61038028396427	0.0164848937350465	0.183548219796189	-3.81178390252973
7:152305-152811	0.260209628461798	5.55131645356612	2.79926842146499	0.0108639212561353	0.139691562748582	-3.42217593603748
16:464941-466208	0.259987559603466	7.118784041102	2.66452979479392	0.0146411330112298	0.167177835097613	-3.70141213689467
16:139803-140096	0.259737567852695	4.50543552884478	2.41969618826464	0.0248650910602921	0.228065876200548	-4.19112571358911
5:204924-205217	-0.259060529122896	4.73039713902614	-2.27274512170787	0.0338647238944448	0.274341499452158	-4.47255067779346
16:438120-438356	0.258958999026913	4.10388595657416	2.86159026385963	0.00944964134183207	0.12701680073886	-3.29094694618779
3:982334-983093	0.258742774960706	5.79181480374629	2.72255376470407	0.0128827258913748	0.155426094581653	-3.58194199726986
15:260127-260330	0.25871193913374	4.31354291063624	1.90477722670363	0.0708452848630984	0.388764756009889	-5.12837406966448
16:442630-444635	0.257780538187612	10.2758012549175	2.29827874581067	0.0321119498092321	0.265680383264552	-4.42438455514917
6:53376-54073	0.25712434651045	5.90970814439518	2.7033939686908	0.013439941703744	0.158308365963048	-3.62152562602544
17:315511-315908	0.255543192385437	5.02707806094697	2.68258236703194	0.0140710557830014	0.162744304094869	-3.66437286590338
16:289577-289828	0.255356396343926	4.54296451549344	2.71938546717343	0.0129733298499819	0.156098452711073	-3.5884965983284
4:854507-854789	0.255288839572011	4.80647777906923	2.13854895931299	0.0446022893939591	0.31291512120276	-4.72030104798269
2:1021309-1021564	0.255282325380273	4.62886540495704	2.54968020143925	0.0188110422087937	0.199810686602346	-3.93416107438662
12:410787-411116	0.255159190511359	5.09578246111347	2.57232733617725	0.0179092384136928	0.194201532701748	-3.88867273024972
7:396159-397000	0.254642476081515	6.20068977484214	3.01149986159772	0.00673371873190343	0.0998102037714765	-2.97043682533012
6:290836-291108	0.254629855326263	4.82350448704586	2.3458202870874	0.029068989607478	0.247833899967755	-4.33386783470825
15:109618-109853	0.254337567909318	4.70347446728944	2.57207771906504	0.0179189528609968	0.194201532701748	-3.88917522015955
7:455009-455898	0.253684716694424	6.04959841569932	2.68479831391028	0.0140025448700149	0.162371478855406	-3.65981809654963
2:788547-788778	0.253389487705464	4.26083373221695	2.52532623937238	0.0198282695631565	0.20491135427278	-3.98284636468365
6:645909-646749	0.252735464378801	5.81868307499652	2.69221073850467	0.013775661983882	0.160572559999625	-3.644569271996
2:481956-482336	0.252012786533424	5.20796569184368	2.8183248598576	0.0104113205900645	0.135468229538165	-3.38218248080135
4:448023-448345	0.251963882850348	4.70353723239261	2.2207760866575	0.0377061071183328	0.289742702721198	-4.56958841314065
9:485953-486246	0.251728730566447	4.74555449522326	2.22750604123623	0.0371871368832819	0.288474219565979	-4.55709852178683
13:278933-280004	0.251461858991489	6.41689372184601	2.84595413896841	0.00978695681115993	0.129222474002218	-3.32398825273007
5:598934-599157	0.25105908378903	4.57282822750467	2.70886504136812	0.0132785398227354	0.157651841502822	-3.61023585153158
13:148954-149660	-0.250885275913612	9.3381155628903	-2.31550035341287	0.0309772916333681	0.257721853812185	-4.39171981851321
6:300128-301042	0.250568729691881	6.48483985266069	2.79316449153611	0.0110128181072472	0.140436962530025	-3.43496088498679
2:937484-937740	0.250386101791796	4.56001858292366	2.20964002113026	0.0385793892823094	0.292680248182402	-4.59020482512087
9:254726-255699	0.250206244782065	6.21033342786063	3.04663221565398	0.00621574255345174	0.0949544835127985	-2.89440451857008
8:626881-628121	0.249630983841028	9.25613689135383	2.49989783409118	0.0209452180459238	0.210605928916	-4.03341901951906
2:460499-460838	0.249619601139449	5.29073016360692	1.96787939012683	0.0626690742966682	0.369626473222297	-5.02134857673229
16:194091-194325	0.249528336682876	4.37215563804841	2.9278021246874	0.00814069082816722	0.11422486566419	-3.15019687176639
3:889189-889756	0.248949925572852	5.26606888220618	2.37902536813419	0.0271040577841926	0.238814493389855	-4.27001764943612
1:763377-763802	0.248858000914525	5.01730645894517	2.43635107579763	0.0239988144748883	0.226144618083368	-4.15860573578764
13:233656-234079	0.248460855255324	6.02169070836839	2.7259018359453	0.0127876337992614	0.155237805443173	-3.57501163462634
2:516532-516868	0.248195862364678	5.48503263134007	2.36920341196091	0.027672082696884	0.240039228975296	-4.28895737003553
2:131365-131610	0.247697228583275	4.81995494251271	2.14912976606274	0.0436549378158406	0.310157939148734	-4.70110679706895
8:539830-541379	0.247378214214439	8.42485044982197	1.98237690300814	0.0609131975566027	0.365479185339616	-4.99642347566571
1:481499-481773	0.24702940337388	4.6155220282831	2.64062178078609	0.0154297899359101	0.173964079982705	-3.75027967513843
14:98272-98979	0.24691853752467	5.67189732119357	2.37773184140347	0.027178242861734	0.238997672002203	-4.2725144916563
16:256994-257576	0.246483909216906	5.94034491036014	2.51897940035282	0.0201017114680527	0.205422969248867	-3.99549423360549
17:48536-49549	0.245968083783615	6.13799267215094	2.42326610201312	0.0246769959388278	0.227711422026423	-4.18416550662215
5:234334-234542	0.24550428654034	4.1206457874604	2.54901233054253	0.0188382729549129	0.199810686602346	-3.93549941133695
14:304734-305286	0.245495439068001	5.41605748766462	2.82987473277567	0.0101458246571883	0.132398574826749	-3.35788537300827
1:115714-116009	0.245342857199384	4.58831103460135	2.28834742468599	0.0327835394002312	0.268261649644305	-4.4431565381565
3:854593-855471	0.244861157605323	5.97206505880161	2.47460937516246	0.0221141528324723	0.216592884197256	-4.08344443750702
11:296544-296923	0.244771781297698	5.09330074357996	2.50947136186734	0.020517961910427	0.207912573987519	-4.01441049727412
10:426143-426372	0.24442876933535	4.47783581006608	2.79811344998497	0.0108919471401374	0.139691562748582	-3.42459602062159
18:182029-182653	0.243831389169273	5.4904975490171	2.72349823448568	0.0128558332595314	0.155426094581653	-3.57998738521957
5:196879-197467	0.24349083172348	5.46103938126452	2.37967748885673	0.0270667291474532	0.238814493389855	-4.26875859707074
1:844912-845841	0.243250826285569	5.96010355868705	2.26104464412541	0.0346968903491809	0.276536780454771	-4.494515487515
5:792491-792735	0.24311447585675	4.11160702772671	1.51682853298864	0.144483895114405	0.520700414277034	-5.72948934539293
1:587715-588652	0.243079192937933	5.89224137697104	2.38021165418482	0.0270361879878102	0.238814493389855	-4.26772713687392
3:261085-261288	0.242841337062506	4.05212285571064	2.10850205023659	0.0473948351708077	0.319042807673637	-4.77447984059138
6:685859-686572	0.242830662609745	5.52204785975903	2.74477514301702	0.0122639402894137	0.1495732881074	-3.53587132416933
3:369734-370122	0.242635308194171	5.17109018555968	2.50917343027493	0.0205311344286156	0.207912573987519	-4.01500262599249
3:423784-424087	-0.241641279122122	4.69946338353565	-2.6756094451308	0.0142887155999928	0.163571076791733	-3.67869368244375
11:559654-559866	0.241634118784373	4.38356059200776	2.32640645391542	0.0302779558837607	0.253699467184664	-4.37096052163926
7:649070-649526	0.241598013406803	5.19160467148418	2.69462611026677	0.0137024865862717	0.160405678016338	-3.63959608034717
3:970990-971404	0.241360323956683	4.94168324493601	2.32553064082455	0.030333573870995	0.253699467184664	-4.37262968270986
3:195825-196449	0.241180814640138	5.29104397931998	2.24254180597299	0.0360511783858299	0.283594155456897	-4.52911147039123
11:93405-94001	0.241129530019904	5.4004940628195	2.46704528435265	0.0224754573212317	0.217404131652667	-4.09835480748066
10:577224-578225	0.241057029154067	8.09242157478239	2.03073683066212	0.0553684247084981	0.351460287796912	-4.91239242248022
7:316924-317327	0.24075573123443	5.2980560297504	2.5370634409527	0.0193317526050668	0.202170384720278	-3.95941306405976
1:1082037-1082370	0.240382998297854	4.90047102226864	2.45628870857823	0.0229987433658084	0.220906384775447	-4.11951585923469
3:395515-395914	0.240325516664218	5.07685341313166	2.5377136035116	0.0193045924801748	0.202170384720278	-3.95811336866561
6:143584-144028	0.240134327455714	5.36401132962608	2.64857935259663	0.0151629401437008	0.172257157571586	-3.73403824215363
2:945486-945685	0.23987774374616	4.04697370118008	1.59137999413078	0.126731053617273	0.500886053486062	-5.62205727047673
16:14519-14861	0.239750498777711	5.19954933440225	2.42235835062484	0.0247246986382578	0.227711422026423	-4.1859358720093
1:131947-132831	0.239211144554641	5.93583307348507	1.98507282089488	0.0605915453657772	0.364526555184434	-4.99177482207658
2:302506-303289	0.239140662430952	6.17302992387046	2.76187583587834	0.0118070916111997	0.146394853328891	-3.50030066853178
5:760827-761165	0.238844077097482	4.80617665023067	2.61133603427272	0.0164505319535209	0.183548219796189	-3.80984547978193
1:71899-72113	0.238435421563733	4.28405539577638	2.21631290107023	0.0380539171434076	0.29165981701009	-4.57785879132827
2:752642-753185	0.237950322173483	5.73630438016373	1.96192769578469	0.0634028327513504	0.369626473222297	-5.03154513240295
18:328865-329204	0.237939762505188	4.81296989449858	2.59873418974978	0.0169090715063046	0.186416266163102	-3.83537576985174
5:403125-403546	0.237757459459646	5.05169835230768	1.97803948738317	0.0614338854675598	0.367126931045124	-5.00389364765578
13:86128-86537	0.237414436594769	5.1548083536437	2.30241582570536	0.0318359381002697	0.26388455358668	-4.41655064927615
3:650652-651655	0.237063445361128	6.14282905271335	2.35879161709365	0.0282862337412952	0.244419270706636	-4.30898597107802
10:203235-204297	0.236787635606636	6.27142549409499	2.64215640272886	0.0153779850493763	0.173817831012647	-3.74714935732107
10:495521-496607	0.236778296440493	6.65940176285709	2.87687030190484	0.00913077256183217	0.124982684974804	-3.25858418921117
7:603387-604078	0.236578022095506	6.05706129488911	2.05719558368665	0.052529739768089	0.339773287864113	-4.86584919244294
3:980132-980301	0.236277821296718	4.14502556020894	1.91598892121369	0.0693272436746472	0.385581769176766	-5.10953438624253
20:158809-159145	0.236149199028213	4.65434850369334	1.94728193033209	0.0652409794449475	0.372954187536838	-5.05654671747188
6:142616-142725	0.235881991320125	3.90232989943561	2.16421843949173	0.0423355162116351	0.306348297923376	-4.67363205158714
3:446030-446929	0.235508210931157	6.04213980738149	2.49506188221841	0.0211641907323034	0.21098199937147	-4.04300635120221
5:785298-785858	0.23534851624501	5.66310050804132	2.70714069787437	0.0133292101808891	0.157834774522909	-3.61379525598971
2:910163-911402	0.235072681209521	6.07369851574763	2.39810843066298	0.0260312019073104	0.235124906343892	-4.23309384023385
3:740799-741016	0.234803868942813	4.54971796866267	2.36662913255896	0.0278227705913319	0.240879538040235	-4.29391402964749
17:393110-394742	0.234647105568399	6.99459521419207	2.56731008653076	0.0181054500316444	0.195748778602996	-3.89876791215192
19:65202-65476	0.234601440377404	5.91493547288966	1.68676018064435	0.106713091895197	0.459718767394516	-5.47880696046894
13:364544-364799	0.234557281209332	4.63060836164243	2.23586068772288	0.0365519636811688	0.285526334095832	-4.54156153055033
9:30125-30325	0.234384773976263	4.28336862848376	1.84828404237413	0.0789473389766236	0.411172347544662	-5.22211956797306
10:513489-513644	0.234309391768277	3.65406640925678	2.11278676597514	0.0469871929613279	0.319042807673637	-4.76678379536829
15:350321-350797	0.234061329178276	5.39390720970034	2.29609933669766	0.0322582360247142	0.266398273886754	-4.42850812338996
9:85352-85755	0.23401938885018	5.07655857790734	2.08220006148758	0.049967827196532	0.329876098129318	-4.8215020702638
1:312360-312580	0.233991702072614	4.3826168777102	2.06872671860501	0.0513339729970158	0.335167809669077	-4.84544133784896
4:254686-254886	0.233933600961087	4.40186283650572	2.37641708488845	0.0272538381551683	0.23919250898536	-4.27505152802575
14:415679-416044	0.233283200384361	4.85721235320784	2.52144532928561	0.0199950545923436	0.205270331090206	-3.99058214791756
9:141725-141988	0.233048955774148	4.47793872491473	2.264356778021	0.0344594407355964	0.275922105067136	-4.48830461734485
1:324934-325203	0.232863018748227	4.68187393175247	2.48756487966154	0.0215078902118115	0.212985213690417	-4.05784977898473
10:132311-132830	0.23272800899022	5.45664455665985	2.1111933935675	0.0471384131563988	0.319042807673637	-4.76964691896229
14:277696-278304	-0.232583716253011	8.83881135506567	-2.3720608269413	0.0275057058754906	0.239685826973967	-4.28345197256114
5:80337-80681	0.232550414072099	4.97043218675731	2.43824907533835	0.0239018955217251	0.226144618083368	-4.15489198267482
6:311748-312293	0.232522824045288	5.70094829839371	2.20993820817218	0.0385557672508917	0.292680248182402	-4.58965361120847
9:156310-156520	0.232490273327543	4.85496858809816	1.84444980237792	0.0795254918212398	0.41196708530893	-5.22840966056746
1:720944-721267	-0.232173875271577	4.71983735068849	-2.13204647150448	0.0451936860220146	0.316331532653073	-4.73206725053753
18:163041-163249	0.23205947294945	4.1470896268855	2.1528847771735	0.0433231426030939	0.310157939148734	-4.69428062937259
7:753735-754997	0.231326231936546	9.38522171165005	1.98607347426395	0.0604725415992868	0.36430026406246	-4.9900482793709
12:70305-70927	0.230733553573493	5.07968322968125	1.81656875779919	0.0838417483209157	0.420241506701477	-5.27386717407369
12:30894-31217	0.230578477258741	4.49008191770403	2.48532982869752	0.0216113607112739	0.21326899433904	-4.06227039351652
13:16435-17855	0.230424084155894	8.56873680734703	1.75010685352317	0.0949592254908358	0.437831219178465	-5.38019672068217
15:386232-387058	0.230421436395439	5.89457934494355	2.10050293570766	0.0481644108490197	0.322730393653012	-4.78882072781039
3:581047-581664	0.230195130708313	5.43055661872945	2.44948455651589	0.0233355919667486	0.222708122906538	-4.13287560053142
6:85817-86265	0.230082268718404	5.09667974083893	2.01173996344942	0.0574903946734361	0.356408596341136	-4.94556318438353
15:466825-467156	0.22971933312965	4.64372484280088	2.42586235996753	0.0245410334124546	0.227711422026423	-4.17910007246424
2:687842-688123	0.22958836692403	4.62250543971914	2.29132580202624	0.0325807883801378	0.267274121349055	-4.43753189173709
12:101741-102103	0.229579962352791	5.05898574515185	2.51900793505657	0.0201004742379897	0.205422969248867	-3.99543740736219
6:14060-14465	0.2292694332558	5.35762782541656	2.54057076270435	0.0191856600658601	0.202107313160955	-3.95239977604662
4:258829-259200	0.22914230287726	4.89819518180523	1.82463451708468	0.0825726153722372	0.419041980052306	-5.26076777686546
10:412022-412338	-0.228675900884348	4.86671169635013	-2.19520201230193	0.0397390628640683	0.297943124588894	-4.61683957503459
17:13367-14141	0.228400099393948	5.61789343163022	2.26070182406773	0.0347215528631772	0.276536780454771	-4.49515802909271
3:714197-714583	0.227686915500032	4.91938982876863	2.27221105139336	0.0339023059100226	0.274341499452158	-4.47355473486905
18:125956-126427	0.227589872726074	5.26701511821163	2.53129061363649	0.0195744849348213	0.203287667760415	-3.97094555567912
10:398769-399988	0.227579919323373	7.54596375944037	2.09869800145785	0.0483396100685805	0.323420171400548	-4.79205178669837
4:203445-203781	0.226894338870477	4.75550468805287	2.1306651111372	0.0453202299718223	0.316331532653073	-4.73456388684677
16:50501-50831	0.226836836077635	5.07708317227951	2.16234911544316	0.0424969905888013	0.306348297923376	-4.6770424117594
11:320115-320740	0.226458221479643	5.52870284482108	2.12944041882165	0.0454326898364954	0.316331532653073	-4.73677650644805
19:60670-61000	0.226417796754234	6.1349940131539	1.91372933267161	0.069630860329159	0.386205366584034	-5.11333749279453
6:187152-187665	0.226164671600269	5.48545433127263	2.22895203385497	0.0370764865445218	0.288474219565979	-4.5544119577841
2:787269-787576	0.226133755007088	5.10044048019046	2.41061454981703	0.0253496154552634	0.230619672312518	-4.20880648216649
6:699738-700559	0.225810261441228	5.62488113134911	2.11587326005352	0.0466955124657963	0.318938916195858	-4.76123375991879
6:358712-358987	0.225806742643814	4.6939196357149	2.0162224748482	0.0569832504704625	0.354959373961551	-4.93775490381621
7:481199-482552	0.225714405220256	6.61314663875165	2.74863169022757	0.0121594671491619	0.149111712218215	-3.52785821627415
1:323085-323931	0.225692692289826	6.06756512156857	2.38013955214074	0.027040308592427	0.238814493389855	-4.26786637177204
3:191088-191393	-0.225569146288559	4.86441566802013	-2.49796765711515	0.0210323615338365	0.210605928916	-4.03724679609916
4:527619-527848	0.225450640521014	4.44439447591799	2.16618146024267	0.0421665480100035	0.306348297923376	-4.67004877038332
13:202777-203162	0.225406989876043	4.59484313106095	1.91583017086378	0.0693485364801736	0.385581769176766	-5.10980168022605
18:294894-295539	0.225334846839807	7.68247772681423	2.20968789150294	0.0385755961576859	0.292680248182402	-4.5901163373704
11:173430-174597	0.225094043427065	6.52627067790877	2.72554436870982	0.0127977547382777	0.155237805443173	-3.57575176438682
6:693279-693658	0.22466622549982	4.98496043291922	2.42244640769007	0.0247200674528044	0.227711422026423	-4.18576415246841
1:619345-620192	0.22465946527012	6.77650990227372	2.55537818306836	0.018580218945213	0.199810686602346	-3.9227356522716
2:360106-360459	0.22447951164574	5.32941439663225	2.17934996813254	0.0410488079091304	0.303192185150607	-4.64595876535234
10:425110-425433	0.224155361994058	4.79561808478603	2.4278506263009	0.0244373818765731	0.227404825944992	-4.17521884459494
5:76623-77170	0.223664753664959	5.68054694571832	2.07005099497311	0.0511982241194936	0.3350339929223	-4.84309286172806
14:222307-222679	0.223655811619849	4.66187217384343	2.43710653422047	0.0239601942125091	0.226144618083368	-4.15712774462034
7:426126-426327	0.223646838730442	4.61341598731286	2.10844548071565	0.047400238405489	0.319042807673637	-4.77458138170913
2:963042-963471	0.223079053365286	5.37261743324423	2.08851883675845	0.0493384676858893	0.327431231811199	-4.81024024067125
7:81517-82406	0.222957003468631	6.31149105456247	2.51674659677087	0.0201987445149891	0.20547631920248	-3.99993976914297
14:246524-246843	0.222936686236931	4.72407488020196	2.00608042444375	0.0581364574590935	0.358840501633391	-4.95540519372212
11:139773-140120	0.222849320431239	4.70479878763576	2.0249877489831	0.0560030923662699	0.353056114692147	-4.92245286098866
6:631535-632009	0.222785977326195	5.42662191389298	2.34918615054276	0.0288639759099957	0.247500299182262	-4.32741890438573
12:186654-187041	0.222424813576146	5.05366269106283	1.74501453045979	0.0958611695252225	0.437831219178465	-5.3882236829262
3:710869-712973	0.222367167368325	7.19308296219771	2.48091807771523	0.0218169664137856	0.214150749272159	-4.07098999466007
5:64318-64625	-0.221871581214638	4.77657553412646	-2.20805735346919	0.0387049874784462	0.293119040474678	-4.59312970435209
20:119254-119463	0.221347670227647	4.21598674822347	1.76300961063042	0.0927065297646372	0.437831219178465	-5.35978109603461
1:950731-950986	0.221225204883333	4.39938536634008	2.12391376594786	0.0459433320685205	0.317349312251077	-4.74675130927925
4:731472-731876	0.221165998062649	4.88926654232704	2.43962153400454	0.0238320397268533	0.22600044452838	-4.15220555363567
14:405653-405870	0.220938122759604	3.97739328128638	1.71062782728913	0.10214633852857	0.450230409868613	-5.44197178460443
4:457227-458089	0.220905614381806	8.4243586421163	2.11844756061814	0.0464534873629638	0.317929372227257	-4.75660077717928
7:670333-670654	0.220647035518071	4.76595323258793	2.37214210407921	0.0275009869768049	0.239685826973967	-4.28329532052826
3:775183-775767	0.220630254534305	5.41860314330708	2.46671232513143	0.0224914872105697	0.217404131652667	-4.09901057444871
8:96739-97108	0.220623070301479	4.53817834839667	2.06341803703849	0.051881407424515	0.336694023180137	-4.85484592607228
6:521295-521626	-0.220540075972986	4.91953446758391	-2.25753654375895	0.0349500236692801	0.277861999899996	-4.50108790571183
1:841274-841707	0.220534410123011	5.10772356696168	2.22338162164177	0.0375044055705442	0.289430550575441	-4.56475561691706
4:535366-536074	0.220497667516964	5.67792410805931	2.32040247547613	0.0306611296955513	0.255566511205377	-4.38239584290054
1:754847-755166	0.219631584638454	4.58244508995373	2.2504281325139	0.0354681392686008	0.281481190365704	-4.51438675055371
20:136859-137112	0.219616991861375	4.5439887578211	2.35637620129995	0.0284304995515177	0.244720992293448	-4.31362520311018
2:321165-321548	0.219214304387322	5.81949142790899	2.3402196845116	0.0294131035461969	0.249342900516624	-4.34458672755361
3:258525-259460	0.218960778232036	6.0606280304571	2.3062373588455	0.0315829197073916	0.262273002987542	-4.40930692873826
3:513858-514109	0.218843282860744	4.41970345972932	2.14344428686321	0.0441616958229787	0.312396924406509	-4.71142804402533
14:100772-101473	0.218822712072348	5.70745989380283	2.53764739482817	0.0193073566683973	0.202170384720278	-3.95824572978772
2:17063-17439	0.218766592790135	5.19270147229512	2.36947437930271	0.0276562653761964	0.240039228975296	-4.28843545697269
14:333342-333898	0.218690268792884	5.51112478494693	2.41430435741797	0.0251517083155639	0.229285226925589	-4.20162734283264
2:740652-741262	0.21864585126503	5.86948700909574	2.10070506939075	0.0481448260698858	0.322730393653012	-4.78845877191072
8:267412-267979	-0.218517422366013	9.18385047766991	-1.60674719335052	0.123307566866269	0.495986498326163	-5.59941163265821
5:280919-282580	0.218133914295854	6.95134261445335	2.44672366527739	0.0234735798487784	0.223073765187117	-4.13829078585636
10:97187-97405	0.21810598197543	4.18949584624754	1.87555114899737	0.0749407288563277	0.399327026620146	-5.17712055501479
14:444893-446036	0.218039002085244	6.53236601337753	2.39943301215275	0.0259582149041372	0.235124906343892	-4.23052478362615
7:221711-221921	0.217977834987733	4.3140612587236	2.23820542575882	0.0363754930122954	0.285237880769827	-4.53719473757366
14:101776-102585	0.217949086239019	6.32189188645058	2.55117565587862	0.0187502027441483	0.199810686602346	-3.93116370119872
3:863015-863367	0.217582829681402	4.75507111411133	2.28220458431415	0.0332053752978895	0.271217627433127	-4.4547436151039
13:293697-294727	0.217573340929889	6.28175834605738	2.45457931395612	0.0230829404178544	0.221240345418237	-4.12287409151845
5:208453-209314	0.217532340054786	8.91889772980788	1.63426087853759	0.117371820261535	0.483810713207228	-5.55844650377914
9:186083-186360	0.21722368776409	4.77993438070484	1.72248131283105	0.0999410634762497	0.446889310808885	-5.42353417899661
13:165032-165584	0.216908096659162	5.46448606186351	2.46325311994587	0.0226586582028736	0.218107858314112	-4.10582069807722
10:152406-153437	0.216846713173484	6.05719881591331	2.10886307098683	0.0473603653859689	0.319042807673637	-4.7738317747084
18:35726-35936	0.216837820050952	4.65308419548923	1.71745254058116	0.100871612648303	0.449421424776726	-5.43136783937683
2:713327-714420	0.216108964199542	6.32352772728308	2.34613174643133	0.0290499623947095	0.247833899967755	-4.33327130692106
7:27588-27995	0.216087410089192	5.18525644792753	2.6042414930431	0.016707217229533	0.18471675809079	-3.82422599710595
1:785126-786041	0.216020115640607	6.37287954807722	2.49898258665479	0.0209864973959939	0.210605928916	-4.03523426182202
4:445717-446559	0.215969010343369	5.91950740620359	2.54045992499221	0.0191902609681425	0.202107313160955	-3.95262148527801
4:458593-458982	0.215926569819019	4.79990793826063	2.07280408667886	0.0509170422966257	0.334345103233676	-4.83820738697405
4:880334-880697	0.215920760662005	4.86632146200773	1.63419514642721	0.117385709236606	0.483810713207228	-5.5585450103684
13:187287-187496	0.21570224383263	4.17715711664047	1.75872403215739	0.0934495896887139	0.437831219178465	-5.36657427829479
5:661378-661667	-0.215675722346208	4.73544500676746	-2.26155261773575	0.0346603761919615	0.276536780454771	-4.49356329452208
8:548513-549005	0.215609891037995	5.4546254233481	2.32727191736467	0.0302230875279361	0.253699467184664	-4.36931072806212
17:280351-280715	0.215524932330241	4.72754762170138	1.94969096815006	0.0649354223325	0.372954187536838	-5.0524430891328
7:62684-62918	0.215441401887839	4.46514229788254	2.41687470586809	0.0250146938323415	0.228968853974562	-4.1966227087439
1:254583-254850	0.215422958974726	4.61056938457154	2.26679025684487	0.0342859331102276	0.27548391075622	-4.48373793383195
17:21135-22363	0.215373537722888	9.28872863020511	1.80932722884196	0.0849955999058255	0.420425784567469	-5.28559230654819
2:999393-999649	0.215337124289147	4.49069672812259	2.08873766984884	0.0493168000232202	0.327431231811199	-4.80984982327553
15:332316-332706	0.21513468833417	4.99074867075449	1.96040004363509	0.0635923951414477	0.369626473222297	-5.0341589414983
15:184416-185837	0.21494741439362	6.72363388740411	2.45043547760791	0.0232882406314101	0.222708122906538	-4.13100970498814
14:307998-308310	0.214902992025886	4.53895733789703	2.14959872492236	0.0436133747979376	0.310157939148734	-4.70025469471697
6:105916-106992	0.214509259668004	7.56130597767061	2.16702885822562	0.0420937971335119	0.306348297923376	-4.66850131040303
4:557930-558264	0.214479631347468	5.07260472598849	2.24893312119566	0.0355779984861663	0.281853311901027	-4.51718050422175
13:62510-63829	0.214418233672274	6.42464697885007	2.34627823185575	0.0290410175021796	0.247833899967755	-4.33299073253721
5:201211-201751	0.214407589063862	5.3442938829081	2.17344529367353	0.0415466220966427	0.305357439252172	-4.65677181001953
4:117025-117388	0.214296917103489	5.02202758823596	2.40857097510137	0.0254598462769411	0.23115268141093	-4.21277998003962
11:270848-271201	0.213755887441589	5.06104018822847	1.86912876739449	0.0758680425581373	0.402352320486046	-5.18776142688404
4:695045-695411	0.213676082633897	4.98439136568839	1.74972994884729	0.0950257312499614	0.437831219178465	-5.38079142266276
5:160989-161722	0.213643245446934	5.55753621521628	2.18080600571276	0.0409268880802706	0.302791324045109	-4.64328956924374
11:555155-555457	0.213589153365445	4.81705787957343	2.04202479909365	0.0541409844775291	0.346688192448384	-4.89258448093291
18:229833-231159	-0.213501282691276	9.62990549255354	-1.82142373433932	0.0830758100973849	0.419095538720222	-5.26598733175136
13:77853-78150	0.213498636746931	4.79114406529141	1.84365506401456	0.0796457892085721	0.41196708530893	-5.22971226782977
6:174407-175433	0.213442387694016	6.28241221367525	2.38946128913879	0.0265123731511821	0.237338764449382	-4.24984568378009
5:796430-796661	0.21323825323333	4.41035417977575	1.81130646453179	0.0846788707842418	0.420425784567469	-5.28239098184209
13:472629-473698	0.213034711603187	6.71915440629974	2.38499365777649	0.0267641933680725	0.238638505010942	-4.25848740233825
15:472246-472646	0.213000713911651	5.10591815437451	2.35338518275773	0.0286100870558116	0.245794145224209	-4.31936622520209
13:486051-487375	0.212995381466097	8.81946606135861	1.58593052188531	0.127964012251016	0.502177876179471	-5.63004711663147
18:17380-17765	0.212898675007433	4.9820885562079	2.21362674367287	0.0382646547540013	0.292537873297653	-4.58283140381828
12:293446-293695	0.212793670475922	4.53669243300152	2.02389249075163	0.0561247379202751	0.353325354333547	-4.92436732918724
16:229544-229815	0.212590257064768	4.46846118526657	1.97331804843629	0.0620051669313443	0.368967299414835	-5.01201260985254
10:467829-468157	0.212313654421451	4.44984342127703	1.64813627326128	0.114470848777464	0.478321864470876	-5.53758477604401
9:279617-280085	0.212256207147979	5.37421789269495	2.38770944292752	0.0266108539242212	0.237744874580467	-4.25323535330721
12:357434-359821	0.212187405830974	9.48670174090222	1.94509568510724	0.0655193790541035	0.373585656874098	-5.06026782320475
16:67057-67430	0.212123153041969	4.86969891704436	1.96999006883215	0.0624106740273842	0.369626473222297	-5.01772747687031
14:217550-217855	0.212117253564072	4.69929089450022	2.08348974210647	0.0498387892460201	0.329510222548281	-4.81920529244419
6:462800-463000	0.21207633816202	4.16240993200511	2.07807021728621	0.0503830605772391	0.331875969192664	-4.82885065744158
2:506320-506790	0.211878893801053	6.12608851118114	2.29172251975434	0.0325538692423534	0.267274121349055	-4.43678236765401
7:204918-205343	0.211673729687166	4.89897814936522	2.01245212508032	0.0574095536033098	0.356401056766178	-4.94432341417442
3:320037-320487	0.211666653984158	5.13191716361143	2.27470745675884	0.0337269643167674	0.274341499452158	-4.46886026642566
11:74252-75746	0.211256798679177	9.32646890250405	1.56455053386189	0.132898366712333	0.509931452127049	-5.66118673625554
10:324266-325324	0.211158663336808	6.42350934844725	2.23804443139088	0.0363875848792608	0.285237880769827	-4.53749465867401
11:265363-265648	0.210931366252026	4.65919134325311	2.02878464001433	0.0555832110500822	0.351460287796912	-4.91581072283791
11:281800-282127	0.210772981123114	4.59910620019475	1.81096956963779	0.0847327102270278	0.420425784567469	-5.28293607272743
5:492613-492812	-0.210698725323357	4.44945911106262	-2.11987816309102	0.0463194784967677	0.317929372227257	-4.75402456047145
2:599601-600492	0.210639963955719	6.53572276066906	2.53128221339406	0.0195748402155359	0.203287667760415	-3.97096232707711
2:247633-247869	0.210515411010605	4.44971263323895	2.01590781478943	0.057018719811965	0.354959373961551	-4.93830340203726
17:157463-157782	0.210336564498527	4.79212385143153	2.29099657508296	0.0326031434889598	0.267274121349055	-4.43815384656752
17:305705-306661	0.210315961735638	6.06179812374639	2.22382232461983	0.0374703871472559	0.289430550575441	-4.56393785169822
10:161860-163660	0.209970476199416	8.21919010321891	1.76667611595774	0.0920748561226428	0.437502182595487	-5.35395958064519
11:536831-537228	0.209834199172806	4.96370254786685	2.33042441887526	0.0300240006855519	0.252607945617538	-4.36329825823096
17:272959-274031	0.209833790091592	6.27129727031682	2.29115480074404	0.0325923979194125	0.267274121349055	-4.43785494317075
1:629677-630010	0.209637121066214	4.70105965708545	2.09450662109326	0.0487486721252678	0.325421947849231	-4.79954798424715
2:505052-505858	0.209420108048997	6.06591454919184	2.17817334963254	0.0411475720378693	0.303420976015656	-4.64811492415468
2:585492-585753	0.209280192836186	4.50222190903375	2.07771373511245	0.0504190480453556	0.331875969192664	-4.82948453286729
9:118142-118433	0.208947392272595	4.67826818496264	1.63129940799768	0.117998944942053	0.485217632594803	-5.56288156264438
14:73767-74930	0.20890895803942	7.07761596141607	2.08811945610462	0.0493780342878819	0.327431231811199	-4.81095270256246
1:220468-220732	0.208861108181667	4.43846955747507	2.15919924222208	0.0427703453799458	0.307287425233768	-4.68278480973909
2:461553-461924	0.208850475981178	5.18519394495315	2.18557013037912	0.0405302672099324	0.301351289089132	-4.63454829213819
15:491682-491981	0.20882323812435	4.6240927654459	1.65967241665463	0.112105291390788	0.471158013394525	-5.52013753575183
5:135181-135353	0.208696428594985	4.1837022576595	1.73223660130818	0.0981568435701302	0.443340092653787	-5.40828907297511
15:83742-84093	0.208067282344427	4.90146502911403	2.17150781118189	0.0417111599948731	0.306064183831233	-4.66031588310812
2:560679-561062	0.207893999679992	5.18154815912528	2.27388948444551	0.0337843248702113	0.274341499452158	-4.47039879341247
17:166087-166453	0.207738745743955	4.77978141562714	1.93183454352293	0.0672307058059361	0.379955352509306	-5.08277739339652
2:116511-117323	0.207726266224084	6.15717730502882	2.11885010217877	0.0464157447027853	0.317929372227257	-4.75587599592908
12:188562-188922	0.207685426368518	5.02568815860854	2.11062856865186	0.0471921236779794	0.319042807673637	-4.77066151839169
14:33579-34409	-0.207454647056107	9.43194199408709	-1.9890914600812	0.0601148828386221	0.363438182199819	-4.98483744559144
3:485541-486960	-0.207296965197223	9.9273513377407	-1.54983667113833	0.136385318506487	0.512201703140415	-5.68242434431502
1:728261-728981	0.20729049269767	5.6349678835862	2.3805636519294	0.0270160797995351	0.238814493389855	-4.26704736656049
8:612827-614442	0.207266474905419	8.19602944140288	1.85469349436385	0.0779890728264623	0.410149445934002	-5.21158406416376
13:74467-74862	0.207099206990478	5.06579104778482	2.28024039364504	0.0333413068343514	0.2718318568134	-4.45844473057907
14:471186-471384	-0.206945446039465	4.00217361778991	-1.5643248015075	0.132951296834733	0.509931452127049	-5.66151374425979
1:570933-571226	0.206746085303798	4.55828103258559	2.16554354369748	0.0422213897792	0.306348297923376	-4.67121344037312
1:686923-687171	0.206473449684688	4.34756011780329	1.94752190677708	0.0652104843721901	0.372954187536838	-5.05613809022255
3:890805-892116	0.206448897244335	6.49762365569832	2.48488860738141	0.0216318416956935	0.21326899433904	-4.06314281669849
3:801009-802101	0.20636193668003	6.69604571822013	2.19902535654362	0.0394289158782781	0.296611474741467	-4.60979684635264
14:356202-357197	0.206335316430582	6.20556077092981	1.8786294380958	0.0744997945619128	0.399327026620146	-5.17201119275024
16:309954-310400	0.20629827020197	5.01828407366015	1.87565205785821	0.0749262384719313	0.399327026620146	-5.17695315951292
6:704114-705112	0.206158485967494	5.85342185724646	1.81211872647482	0.0845491847053119	0.420425784567469	-5.28107645313649
1:956527-956739	-0.205858038806438	4.28462813885074	-1.75091720234932	0.0948163729976087	0.437831219178465	-5.37891778528135
15:329959-330157	0.205796037999156	4.34430696246089	1.83564519125392	0.0808671129330982	0.414400747250375	-5.24281836866631
1:48854-49099	0.205775732769443	4.60239650437099	2.11963552936541	0.0463421821047938	0.317929372227257	-4.75446157131357
15:189620-191157	-0.205536849610096	9.44229093366507	-2.16307952167016	0.0424338308206907	0.306348297923376	-4.67571009152932
9:135927-136380	0.205530377485773	4.86019244934327	1.78370397496819	0.0891896945878916	0.432187172592974	-5.32680745538553
2:147979-148216	0.205492333692258	4.50964614958347	1.99540498286012	0.059372756361834	0.361076708526589	-4.97391932681401
7:165905-166575	0.205479424536905	5.28523493235034	1.88517922681425	0.0735691679913136	0.396741681842313	-5.16112019917892
14:529046-529930	0.205183777478375	5.95845417901562	2.14313509741749	0.0441894066898939	0.312396924406509	-4.71198884292551
10:258902-259168	0.204964698636163	4.47172022290862	2.04811614621881	0.0534887929148587	0.344483218830083	-4.88186540659486
11:108328-108649	0.204832577175145	4.65348505224101	2.00108583868826	0.0587119833175744	0.360519273181313	-4.96407541923189
5:430415-431196	0.204572932968612	6.04823718700925	2.18301457074378	0.0407425846721019	0.302092650665477	-4.63923873557719
12:93453-94152	0.204467397205766	5.78185075474418	2.12682753558626	0.0456734673651395	0.317349312251077	-4.74149443338949
7:484785-485717	0.204392151612343	6.23460742488706	2.24519816234242	0.0358538204193716	0.282538204572372	-4.52415520822985
2:240535-241472	0.204293111677226	6.45247107385582	2.35668350875801	0.0284121072722383	0.244720992293448	-4.3130351153196
1:398349-398600	0.204246139062079	4.42655723336204	1.74569901751486	0.0957395075316457	0.437831219178465	-5.38714574071721
5:170421-170654	0.204195340403043	4.31649060099862	2.01963250450948	0.0566001245931516	0.354820949130177	-4.93180706873455
17:335231-335437	0.204184808257573	4.32415588079051	1.97612783624795	0.0616646242120105	0.368014477297279	-5.00718249726467
10:517724-518096	0.20402124372525	4.63617490818331	1.79133603968309	0.087922112675094	0.428225654334843	-5.31457590857247
16:206058-206935	0.204002559090855	6.66313991510703	2.37908322043406	0.0271007442814908	0.238814493389855	-4.26990596160466
4:14991-15330	-0.203918952502257	5.09589157322663	-2.2684823341769	0.0341657602179434	0.27548391075622	-4.48056084698664
4:106214-106453	0.203844536448373	4.27026486249247	1.96222294919295	0.0633662533684594	0.369626473222297	-5.03103979451774
4:619294-619552	0.203603634071809	4.62669821950793	2.20726255649227	0.03876820195733	0.293119040474678	-4.5945980598458
15:459295-459766	0.203455764725148	5.29336152447434	2.37174165994894	0.0275242437588515	0.239685826973967	-4.28406709967455
16:459901-460286	0.203434618190897	4.95858182122342	2.05204482005229	0.0530718999163983	0.342784738853967	-4.87494089690251
12:62358-63121	0.203088013777904	5.96861212496297	2.33487125581221	0.0297452300835565	0.250733803868171	-4.35480923658581
9:158632-159520	0.202870174556301	6.0899467112702	1.85050679205261	0.0786138609852767	0.410590013734071	-5.21846887408969
5:561960-563472	-0.202416749224167	9.84532786465964	-1.64668407137828	0.114771600188052	0.478321864470876	-5.53977449552107
1:233591-234233	-0.202055465224362	8.73545824742529	-1.75741851907324	0.0936769645862584	0.437831219178465	-5.36864126348623
4:344897-345851	0.20198175517455	6.14598874753558	2.16393560353176	0.0423599120917848	0.306348297923376	-4.67414817057807
8:294876-295173	0.201493987956548	4.41334210435546	1.42571774862095	0.168905466836845	0.556561637042848	-5.85516569272844
17:338588-338839	0.201322802250588	4.55267262855172	2.37189693097404	0.0275152238503517	0.239685826973967	-4.28376785334489
4:781556-781872	-0.201322099116365	5.12113447903262	-2.03709044086631	0.0546745115290509	0.349105725540702	-4.90125213854735
3:880510-880983	-0.201248281366574	7.70115592195569	-1.96509417167227	0.0630115083846057	0.369626473222297	-5.02612288291729
1:496771-497269	0.201090516808058	5.30349898640404	2.11536421822837	0.0467435051439863	0.318938916195858	-4.76214945925516
12:37310-38423	0.201005050784044	8.55782307365635	1.84792752063157	0.0790009425577322	0.411172347544662	-5.22270483645978
15:401799-402545	-0.200836271975973	9.69917274237588	-1.59792421584744	0.125263542084056	0.498381879438432	-5.61243414864296
1:231824-232031	0.200824065610222	3.95046364837318	2.22793936674776	0.0371539463004312	0.288474219565979	-4.55629354107421
2:118380-118842	0.200790718656757	5.7716024209628	1.87738992604982	0.0746770679723808	0.399327026620146	-5.17406925205443
12:28277-28941	0.200456821027908	5.64294350459	2.02704919717308	0.0557747754271945	0.352112686617945	-4.9188476656269
12:234058-234823	0.20030999707364	5.95572262407325	2.20408543033026	0.0390218372998366	0.294043476161662	-4.60046443499535
2:410251-410572	0.200141028064933	5.34563162553129	1.61748061296762	0.120962649427132	0.491244700868127	-5.58349450288927
8:132911-133168	0.200041977016821	4.70726285580432	2.11161052502101	0.0470987825859329	0.319042807673637	-4.76889751091484
9:404761-405302	-0.20000989065311	8.79116818174316	-1.55108238844069	0.136087193298945	0.511870821181579	-5.68063243421264
8:169348-170070	0.199935075628491	5.79749968045029	2.39140069180998	0.0264037429313625	0.236839986694947	-4.24609148389098
10:131018-131860	0.199817959208713	6.1037494039177	2.09184488970473	0.0490100634038519	0.326442029457799	-4.80430341975976
18:333568-334162	0.199575897294391	5.25349878544131	1.51332328104667	0.145366709294264	0.523109807792254	-5.73444001935644
4:878458-878712	0.199494560191025	4.50738303317492	1.96983069940465	0.0624301517947181	0.369626473222297	-5.01800098458917
6:36412-37229	0.199471885127545	6.35759549815401	2.23297312596583	0.0367703641340344	0.286731968404073	-4.54693546325557
5:190151-191168	0.199343413324471	6.32904778480744	1.8142232646375	0.0842139755146541	0.420425784567469	-5.27766858310278
2:280761-281100	0.199153901121421	5.26582712976421	2.19340335560888	0.0398857357823923	0.298542731374562	-4.62015014903892
7:98948-99295	0.199127803697421	5.11075291990817	1.75669795680095	0.0938026653506872	0.437831219178465	-5.36978162707713
7:473838-475060	0.199045952283932	6.90766001843313	2.1500293216858	0.0435752433407442	0.310157939148734	-4.69947219361524
2:973299-974417	0.198754582500752	6.13682985036643	2.15121122081861	0.0434707356520146	0.310157939148734	-4.69732388316588
6:400441-401384	0.198638329892138	6.26794157062363	1.94997397769517	0.0648996093286192	0.372954187536838	-5.05196077393339
16:503354-505171	0.198130144340489	9.29655801545211	1.75729635993711	0.09369826480674	0.437831219178465	-5.36883461707382
7:547983-549141	0.197906204689193	6.34782906641919	2.15987590322628	0.0427114886327314	0.307287425233768	-4.68155166031595
6:125935-126326	0.197807017076805	4.93726203242657	1.94380323492099	0.0656844555825998	0.374050411180301	-5.0624662932602
11:500703-501095	0.19771118457607	5.0035703508654	1.94727401195918	0.0652419858894871	0.372954187536838	-5.05656020013585
8:374123-374310	-0.197509587015085	4.02521379114686	-1.96105957464421	0.0635104940810935	0.369626473222297	-5.03303065582373
16:525921-526183	0.197418798572498	4.86338094664525	1.81749632357794	0.0836949396794375	0.419975952920585	-5.27236286435485
1:397775-397920	0.197296104077568	4.03516976183913	1.83119508355511	0.0815526829735761	0.415578760315348	-5.25008217964604
4:26070-26328	0.197205298437117	4.56972317176234	2.13105229800107	0.0452847281810724	0.316331532653073	-4.73386419849634
2:707997-708462	0.197193864517761	5.29733962999318	1.96507333889867	0.0630140759542087	0.369626473222297	-5.02615857625871
16:218583-219161	-0.197164777018415	8.91821104102184	-1.74641748723746	0.0956119481744135	0.437831219178465	-5.3860139457792
10:573649-573919	0.196960487484716	4.54683048499884	2.06662637857265	0.0515499378793426	0.335862477362355	-4.84916407801661
6:44629-45570	0.196905819078915	6.14423219747514	2.1963398629905	0.0396465297567692	0.29774809931426	-4.6147444046437
9:28276-28553	0.196886739659169	4.7537332399964	2.02925547989438	0.055531339640244	0.351460287796912	-4.91498647812185
13:111803-112151	0.196883234676408	4.75357946635125	1.89112990811252	0.0727325292477373	0.395822247974237	-5.15120232834551
4:165050-165306	0.196849523741636	4.6353233066386	2.0228761890468	0.0562378253063353	0.353540036616793	-4.92614316888729
2:697762-698054	0.196650036156388	4.83724433063268	2.12280500129349	0.0460464006326478	0.317571169848585	-4.74875048176026
17:88305-88689	-0.196594688584838	5.29855845235587	-1.78115911413563	0.0896158605093406	0.432708297346072	-5.33087751595188
8:172504-172858	-0.196541217198513	5.12010357365759	-1.90290713540263	0.0711013195955226	0.389534279693463	-5.13150900218245
9:351322-352217	0.196364334384229	6.71877775114412	1.68816755614759	0.106439066048146	0.458980018912814	-5.47664575464805
15:406769-406832	0.19634203725152	2.9496242493962	1.32128750417448	0.20087244871924	0.593157226534162	-5.99131907898272
8:363574-364394	0.196240257356967	6.24240114443501	2.01637087809844	0.0569665288892219	0.354959373961551	-4.93749619557691
1:310675-311311	0.196224611007267	5.36844470253077	1.84712759914228	0.0791213276185257	0.411320629988991	-5.22401770022171
6:688710-689778	0.196205191786008	6.12672527795895	1.96618774852986	0.0628768589671672	0.369626473222297	-5.02424886725288
3:30096-30851	0.196190752208489	6.0757705770196	2.19021924735803	0.0401465957327025	0.299993593488441	-4.62600665334127
15:72384-73279	0.196117542753454	6.61151157993155	2.16830327517267	0.0419846004077452	0.306348297923376	-4.66617334643422
10:26894-27173	-0.196107106011017	4.82715871133435	-2.18748492609383	0.0403718450818962	0.300672842906102	-4.63103167313719
1:184996-185504	0.195796934845021	5.56381065466668	2.27145486797613	0.0339555832655262	0.274341499452158	-4.47497612673652
12:523881-524275	0.195577612058912	5.19186233535968	2.01459822038249	0.0571665527273164	0.35538540278815	-4.94058560228837
2:278420-279194	0.195533742560148	6.96030713439792	1.90486589494927	0.0708331654452281	0.388764756009889	-5.12822537710335
18:236849-237076	0.195515640859644	4.40182103081523	1.66248185139351	0.111535506760837	0.470577718998171	-5.51587451097731
14:224921-225313	0.195430348327064	5.08995333900659	2.15095730875149	0.0434931682673091	0.310157939148734	-4.69778547582005
7:138229-138786	0.195073056698484	5.76671315922711	1.99971647567917	0.058870659502624	0.360965851964034	-4.96644999906324
15:443620-444036	0.195020061692055	5.08617150107481	1.81559370236426	0.0839963145440029	0.420425784567469	-5.27544790489387
1:923637-924029	0.194885276075813	5.17947735445094	1.90607467955974	0.0706681274077821	0.388764756009889	-5.12619781989186
13:43704-44162	0.194885014147644	5.26128544362608	1.94088906719718	0.0660580149215286	0.375284503516083	-5.06741963786378
14:541264-543030	-0.194881751081068	9.62657034625886	-1.60955793904646	0.122689851891279	0.495030951641061	-5.59525136182933
4:56444-56666	-0.194500183776753	4.3259678102971	-2.12933239040789	0.0454426218712971	0.316331532653073	-4.73697163979965
1:703998-704405	0.194164791695594	4.99752052257688	1.99465060258414	0.0594609991153346	0.361122702903986	-4.97522511851467
1:920565-920796	0.194140473888979	4.32931990118174	1.72550787113044	0.099384564125073	0.44529059962345	-5.41881127366873
18:326013-326817	-0.194057639015405	9.5103709920977	-1.49811942428136	0.149247336129119	0.530011834753364	-5.75580734581235
13:73692-74064	0.193950142860316	4.89379255268869	2.07181153644139	0.0510182541350761	0.334345103233676	-4.83996919566657
15:43769-44012	0.19393392497808	4.45517735821418	1.45252272692948	0.161396536901563	0.549722774114345	-5.8188459675338
6:388594-389012	0.193687047930381	4.87341697795383	1.83117239730974	0.0815561908794978	0.415578760315348	-5.25011917752844
12:460388-460949	0.193681095616597	5.36949193979283	2.17530371670994	0.0413893526565764	0.30470187909677	-4.65337050536361
3:343193-343571	0.193616460127851	4.84981221611994	1.9674498012264	0.0627217829708431	0.369626473222297	-5.02208526022152
13:397247-398849	0.193550660022476	8.19158527421344	1.9081905478104	0.0703800580730436	0.387957068885398	-5.12264660747792
16:27863-29025	0.193292327465151	6.59498775530262	2.14169095735058	0.0443190453525767	0.312396924406509	-4.71460750627503
13:484263-484521	0.193113578162251	4.58677713275488	1.81843250362116	0.0835469942640109	0.41984687640415	-5.27084402317299
6:170856-171856	-0.193095916777615	9.57188987982655	-1.45800640181495	0.159894217036367	0.54962572880933	-5.81134800930887
12:345270-345628	0.192639524885205	4.83150687767492	1.77596258466303	0.0904915476045682	0.434296591462861	-5.33917527165682
2:978398-978855	0.192613428293746	5.19130355199334	1.8901617113042	0.0728680813965083	0.395822247974237	-5.15281749408853
1:732953-733189	0.192252651931913	4.539049007835	1.49016641588258	0.15131084351528	0.534257177274691	-5.76691553388329
3:974526-975028	0.191942311598381	5.37518229668732	2.1246578082771	0.0458742843562292	0.317349312251077	-4.74540938159691
8:696728-697134	0.191743270185698	5.20256832056698	2.00549763368544	0.058203352141609	0.358840501633391	-4.95641762072862
9:488812-489845	-0.191665448345761	9.7560214180037	-1.5554856921356	0.135037720913432	0.51002800908474	-5.67428937892229
17:250492-250829	0.191423827169387	4.80106479974625	1.78204391073615	0.0894674920457988	0.432708297346072	-5.32946291921918
11:388648-389033	-0.191297857306734	4.89860344029019	-2.06320741973789	0.0519032341363482	0.336694023180137	-4.85521871942319
3:273174-273898	0.191267990285364	6.05995798510861	2.2460512614747	0.0357906482238187	0.282537815608135	-4.52256273595735
11:317581-317956	0.191085673360743	5.29430117255559	2.13879709583429	0.0445798609740159	0.31291512120276	-4.71985159770022
14:163561-163855	0.190865489551372	4.37937461995812	1.86468136756397	0.0765160685153432	0.403874908814476	-5.19511494737731
12:59653-60343	-0.190834978735319	8.73341318414061	-1.83584577473428	0.0808363303078334	0.414400747250375	-5.24249066343486
16:301786-303210	-0.190748870339903	10.0229449753683	-1.46458364743511	0.158107297935428	0.546477425142067	-5.80232457945776
4:450350-450704	0.190551259053643	4.86035890828395	1.88785730977792	0.073191601581613	0.396137374461064	-5.15665941068785
18:274448-274842	0.190475109672666	4.8835433230603	1.9322317785686	0.0671788748521968	0.379955352509306	-5.08210466426806
9:627576-627963	0.190349029724362	5.04615179863934	2.18274595603632	0.0407649600093718	0.302092650665477	-4.63973155030947
17:148801-148985	0.19034751357665	4.01706504649123	1.50632165121106	0.147143379899234	0.526149498179044	-5.74430145852488
8:465167-465504	0.190317971482714	4.85873344634975	1.94588622950657	0.0654185888620857	0.373486739472826	-5.05892260547569
7:161833-162699	0.190107102272089	5.83060604542598	2.1256957056465	0.0457781233841968	0.317349312251077	-4.74353696818317
14:236769-237295	0.189785221429131	5.40364074947674	2.04596147474079	0.0537186812191475	0.345170617439145	-4.88565943108903
14:487340-487724	0.189776359534647	4.90007277875667	1.81399635736101	0.0842500615094023	0.420425784567469	-5.27803615040318
12:194854-195187	0.189647849104138	5.02595965262319	1.83986306795407	0.0802219621876571	0.412728164082705	-5.23592197892004
11:357732-360397	0.188822598069023	7.52671707686042	2.26634799032183	0.0343174071265452	0.27548391075622	-4.48456811171975
3:624024-624342	0.188795198024581	5.04353782726065	1.91678598447265	0.069220422578427	0.385581769176766	-5.10819210829735
1:88364-89177	0.18874057910929	5.89312407917385	1.91202104485981	0.0698611770367238	0.387003252990564	-5.11621063722862
4:533780-533986	0.188333680176085	4.18873512865573	1.40411554356604	0.175159632014924	0.568698676457074	-5.88403252586189
3:404656-404894	-0.188259847187716	4.55354488667291	-1.55936002216508	0.134119884448087	0.51002800908474	-5.66869661275548
15:209426-209802	0.188157694286943	5.13897091098206	1.95655406348057	0.0640718598647408	0.371027151862147	-5.04073325284327
10:378186-378567	0.188066218740146	4.99878685873861	2.15384560012714	0.0432386118936288	0.310153889160068	-4.69253276320616
4:57484-57775	0.188021973022132	4.88965470368734	2.16822296238066	0.0419914742994076	0.306348297923376	-4.6663200781783
11:382846-383053	0.187892549747045	4.37603640674646	1.68604770863163	0.106852043888925	0.459874758121951	-5.47990053413941
5:71123-71492	0.187858828391358	4.82435458115796	1.70535877369927	0.103139889371553	0.453133236220954	-5.45013698904437
9:354821-355660	0.187780414957508	5.98583498538242	1.53350421995765	0.140344287316953	0.517021423893566	-5.70581255269769
8:505223-505457	0.187458536928817	4.45462771921852	1.86963654721974	0.0757943610895699	0.402352320486046	-5.18692105434135
1:94288-94654	0.18735049069728	5.00809495648754	2.03394181737241	0.0550174113972503	0.350295780105394	-4.90677574542281
1:157162-157865	0.187195430923004	5.70100090636977	2.01993045230448	0.0565667589267882	0.354820949130177	-4.93128706492423
7:158329-158673	0.186896650761845	5.08544576197222	1.75838732001305	0.0935081876797739	0.437831219178465	-5.36710749407851
7:611197-611490	-0.186859464934679	4.86414568420895	-2.04489056090435	0.0538332692787772	0.34521162362723	-4.88754415743472
18:96929-97175	-0.186810349346922	4.6863641779866	-1.6218571025464	0.12001733051615	0.491244700868127	-5.5769808938819
2:404620-405489	-0.186695060078103	9.41980974617506	-1.74587950401285	0.0957074496462257	0.437831219178465	-5.38686145533768
9:543681-544029	0.18661107934501	4.73474699844063	1.6316158358476	0.117931803385746	0.485217632594803	-5.56240797947984
9:258643-259173	0.186604128238734	5.4824641703497	2.05757333237971	0.0524901748853186	0.339773287864113	-4.8651818334867
15:378092-379031	0.186392369248312	5.97786042388029	1.85364253438371	0.078145499907189	0.410149445934002	-5.21331335209316
3:817595-818248	0.186265760085979	8.11880851843952	1.9207915700577	0.0686857950446664	0.385260173709181	-5.10144072365554
14:57887-58299	0.186236277429739	4.91002572159638	1.83531770011209	0.0809173934532681	0.414400747250375	-5.24335335545747
12:531778-532481	0.186077655630457	5.82297081530209	1.77849401881419	0.0900640468215392	0.434296591462861	-5.33513532138399
10:413458-413801	0.185980020580747	4.93814828211162	2.10479178349935	0.0477504007659824	0.320917107850656	-4.78113599210157
9:213255-213540	-0.185970268904882	4.73712038248717	-1.87639057970337	0.0748202624270162	0.399327026620146	-5.17572784853348
1:725009-725385	0.185901819457178	5.17230585316096	1.9174334106228	0.0691337624376367	0.385581769176766	-5.10710153854736
13:539799-540792	0.185761787197469	8.63543632593028	1.75159966023711	0.0946962092189526	0.437831219178465	-5.37784035517824
2:795920-796877	0.185718373125235	5.99088773389839	1.45256209456259	0.16138571100054	0.549722774114345	-5.81879222098904
14:209262-209925	-0.185628844811568	8.79875596267061	-1.94080473149869	0.066068853612751	0.375284503516083	-5.0675629110971
14:66444-66673	0.185514807121512	4.35507733404147	1.70428333472118	0.103343688533605	0.453496421447467	-5.45180122585904
4:711537-713429	0.185371584595936	8.99746269781521	1.72117048203892	0.100182915310944	0.447523681568647	-5.42557779554342
4:422609-423170	0.185353402787295	5.35316589179607	1.89627460387224	0.0720159578015951	0.39310174039017	-5.14261012640218
14:281532-281914	0.185284075022379	5.30146488214727	2.0496752951547	0.0533229930250314	0.343910254726283	-4.87911836219371
6:662215-662596	0.185269327850577	4.94531101634463	2.09414397989937	0.0487842106807047	0.325421947849231	-4.80019610661621
18:171104-171551	0.185079361493528	5.12748058772109	1.58019239292842	0.129273088369295	0.503444186564392	-5.63843706500737
5:175738-175967	0.185077982655613	4.75637249453384	1.72757083936694	0.0990067650299479	0.444507954474153	-5.4155884999277
9:283466-283772	0.185018349070835	5.34270861986383	2.08512697816268	0.0496754089966449	0.328915873770684	-4.81628823011029
3:169641-170418	0.1849554538067	5.92700189503166	1.76903564237753	0.0916703175104244	0.436042870538427	-5.35020853474626
5:424092-424822	0.184863074512574	5.90732948953662	1.99781123725147	0.0590920664905505	0.3610303887722	-4.96975201253366
15:17343-17530	-0.184743996009883	4.24430637752592	-1.74992581767828	0.0949911647139063	0.437831219178465	-5.38048238130413
3:390010-391243	0.18467503840699	8.32236595774429	1.79288295990135	0.087667099704763	0.427914872713761	-5.31209210055503
18:221307-221600	0.184544374932987	5.03079773998989	1.73348317321188	0.0979308281957825	0.443340092653787	-5.40633637689329
11:77119-78114	0.184119240216193	6.08937271759225	2.1251636783655	0.0458273928080463	0.317349312251077	-4.74449684192909
7:183343-183910	0.184095427498931	7.56381981538491	1.44293499601552	0.164050695621049	0.551357005123666	-5.83190030872294
7:43429-43863	0.184023027780597	5.03295289329744	1.75587829642111	0.0939458301350939	0.437831219178465	-5.37107840477363
8:408661-408882	-0.183942074594008	4.72553836650563	-1.94838412273358	0.0651010221390294	0.372954187536838	-5.05466964081243
6:338869-339134	-0.183933384220428	4.53458941328509	-2.04567082868615	0.0537497587924674	0.345170617439145	-4.88617101012544
9:375818-376561	0.183820523144662	5.67929342285893	1.6031063759269	0.124111579726043	0.496890367489954	-5.60479213934009
8:265932-266792	0.183819246336581	5.95362444914429	1.92145189716991	0.0685980114436433	0.385250563640838	-5.10032680951345
11:502497-502786	0.183793464351224	4.64128314278223	1.93573094794047	0.0667238288734197	0.378045389920793	-5.0761746004901
11:261564-261936	-0.183769767707134	5.13289308288969	-2.03148244984787	0.0552865854034921	0.351460287796912	-4.91108626285732
6:261942-263237	-0.183749960642338	9.60436912011809	-1.74675230043967	0.0955525543120817	0.437831219178465	-5.38548640179677
9:523674-523920	0.183686963199555	4.32991704024743	2.11150956144254	0.0471083721116894	0.319042807673637	-4.76907890827285
3:248697-249991	0.183485924509568	7.89258907052913	1.76167888114628	0.0929367128709576	0.437831219178465	-5.36189177152263
13:192968-193203	0.183446418791861	4.50558149010837	1.80182530252351	0.0862054569947411	0.423551729427509	-5.29770334606143
15:131146-133371	-0.183392128682399	12.1488859516186	-1.85067033362323	0.0785893735941958	0.410590013734071	-5.21820014639011
10:206755-206987	0.183313080271682	4.44321671967748	2.22241487470781	0.0375791288218687	0.289508056121659	-4.56654916006918
3:655842-656781	0.183271503187629	6.20361693271826	2.11253104877404	0.0470114324473071	0.319042807673637	-4.76724338552944
12:254430-255217	0.183235283492299	5.79451842746428	2.06542328891368	0.0516740114275775	0.336181504578251	-4.85129537844006
8:382295-383199	0.183122255423276	6.20067822805472	1.85330690213306	0.0781955138478402	0.410149445934002	-5.21386546686588
4:629622-630186	0.183071839205954	5.77287952680455	2.07215911012992	0.0509827909670126	0.334345103233676	-4.83935230365443
6:452196-452560	0.183067356881866	5.27516763423629	1.99616064409214	0.0592844807300194	0.3610303887722	-4.97261098506452
4:494483-495598	0.183031581685528	8.59193329666022	1.58955074253467	0.127143815509738	0.500886053486062	-5.62474164341065
11:400245-401245	0.182802609905071	6.31972904374772	2.14242472088427	0.0442531333212727	0.312396924406509	-4.71327710998621
5:324623-325123	0.182750347684137	5.35772996750743	1.69661420847081	0.104806999002265	0.456782986888156	-5.46364630429718
2:551993-553039	-0.182563213834879	9.99284012761885	-1.55632805856532	0.134837720451737	0.51002800908474	-5.6730743176087
3:426355-427823	0.182513261983068	9.53515334218441	1.58980969620605	0.127085315687032	0.500886053486062	-5.62436178264781
14:531235-531635	0.182500277851199	5.01923057578431	1.98865031400055	0.0601670449084151	0.363438182199819	-4.98559945835975
12:480288-481001	0.182441425426951	8.6419586187973	1.94987223468796	0.0649124822253411	0.372954187536838	-5.05213417360046
1:41543-41991	0.182293662734764	5.09819351111585	1.95510109493272	0.0642538285718574	0.371576403989191	-5.04321466004766
11:29866-30067	0.1822805153402	4.21222673399857	1.58255033235485	0.128733810755317	0.502803260855847	-5.63499230123554
1:769545-769867	0.182227720751109	4.02171031277453	0.97338446598637	0.341637457208695	0.714466461670922	-6.37971858793625
1:408382-408766	0.181981789507823	5.13667971607096	1.96905581049491	0.0625249338840576	0.369626473222297	-5.0193306245004
16:514581-515170	0.181949325256499	5.55154280262232	1.79546377539003	0.0872430726798766	0.426367908242088	-5.30794475293886
5:83633-83883	0.181937345066457	4.23981001290143	1.76479209444115	0.0923989744324112	0.437831219178465	-5.35695205632946
7:92728-93227	0.181866761677449	5.37928890017438	2.00933169807877	0.0577645222485063	0.357118786718666	-4.94975345368646
17:126697-127464	0.181686881362983	8.86312584313774	1.66001074131316	0.112036545102273	0.471158013394525	-5.51962445402014
2:1029735-1030282	0.181590098262753	5.58769331301674	1.60116225699967	0.124542701198045	0.497726009430758	-5.60766133717921
16:70042-70251	0.181583741747538	4.07320168395573	1.53417623495871	0.140179538563506	0.516924780826086	-5.70485409160324
15:165128-166129	-0.18130070376032	9.68212560341234	-1.39199417221538	0.178749437426347	0.571615652288197	-5.900071233865
12:149310-149784	0.181180201399911	5.55626410950994	1.66718761279626	0.110586622808601	0.468736480768274	-5.50872172433746
8:17622-17877	-0.181173163790244	4.55897738903678	-1.88098652296779	0.0741637054131973	0.398507497514371	-5.16809490130614
10:39583-39984	0.181148319781635	5.05380753325931	1.75049262300021	0.0948911969765266	0.437831219178465	-5.37958793338199
8:159987-160394	0.181118084393382	5.2125448638589	1.86349306297082	0.0766900333275896	0.404316359451462	-5.19707764193308
7:710163-710997	-0.181068312420436	9.71400356881962	-1.6550492203545	0.113048291410097	0.47467556505778	-5.52714079637464
5:613653-614099	0.181058692120597	5.30878459372697	1.96159436141391	0.0634441525484427	0.369626473222297	-5.03211558507743
7:149696-149977	0.180990386829118	4.73282403113263	1.84608838667056	0.0792779642225585	0.41165680726238	-5.22572269307007
1:548913-549311	0.180793714818041	5.50754263349626	1.84043611193342	0.0801346587703574	0.412728164082705	-5.23498415712497
13:528622-529000	-0.180780458678725	5.32516442743109	-1.87708034443493	0.0747214016255571	0.399327026620146	-5.17458312540716
4:73625-73850	0.180723934626171	4.45260191087258	1.37056714061687	0.185238654277985	0.578596103662428	-5.92814133357616
7:731011-731385	0.180696999366496	4.89002937455283	1.951975574235	0.0646468193666859	0.372885519955266	-5.04854821199144
2:354868-355108	0.180661359526	4.92114642366732	1.27179187852378	0.217596930682209	0.609498810932401	-6.05280699917132
11:417529-418424	0.180618305684455	6.08443699896545	2.12146092870642	0.0461716231821064	0.317929372227257	-4.75117303781614
5:266759-267313	0.180589434129811	5.81343902969746	1.82261451396641	0.0828888804574637	0.419095538720222	-5.26405233212559
16:498401-498673	-0.180520002590939	4.63967048809543	-1.63958832974323	0.116250744035149	0.481794750279004	-5.55045264025556
11:470232-470566	0.180510869072419	4.34037789725552	1.8108524036275	0.0847514415867399	0.420425784567469	-5.28312562841156
16:250916-251271	-0.180499676887506	5.19128411736484	-1.88887936063412	0.073047958176456	0.396137374461064	-5.15495584500949
11:245396-245980	0.180472920099509	5.72565715536993	1.84055241439113	0.0801169501768869	0.412728164082705	-5.23479379551315
1:222700-222950	0.180369127370887	4.27230390859449	1.69464537761844	0.105185499434509	0.457097374241614	-5.46668071336976
5:52098-52883	0.180216645764082	5.89599565383879	1.98425503989579	0.0606889554897607	0.364622503049891	-4.99318539773289
1:56150-56571	0.180196196800279	5.07562733320067	1.67090578976109	0.109841727119259	0.467349401697532	-5.50305921242664
3:883244-883737	-0.180022639503247	5.26209973954513	-1.92589335371839	0.068010134038611	0.383392141003555	-5.09282757553221
1:910258-910601	0.180018974468378	5.03392987026651	1.82267269835923	0.0828797560034993	0.419095538720222	-5.26395776002339
15:225094-225308	0.179957768541266	4.54577070030453	1.58961480454194	0.127129341266864	0.500886053486062	-5.62464767493897
12:16200-16446	0.179883817642114	4.28670701907537	1.28247055162405	0.213900364068767	0.60714836523982	-6.03970960185239
1:134200-134409	0.179718474480106	4.17305308016199	1.36966478445691	0.185515990378589	0.579040351583567	-5.92931551870327
18:341133-342275	0.179581635934078	6.27923947149866	1.98630106416047	0.0604455042711135	0.36430026406246	-4.98965551029198
11:501588-502079	0.179569725631405	5.25094609795279	1.82826893910559	0.0820062300204561	0.416640051727084	-5.25485157125859
1:179140-179502	0.179470364046465	4.97483597189092	1.7975573583713	0.0869004041754389	0.426158958998638	-5.30457720062441
3:526788-527059	0.179336580781575	4.66529815547185	1.73745042259074	0.0972144968069109	0.441758464677902	-5.40011492906337
7:594147-594241	0.179053794955146	3.78145949955736	1.39896661873671	0.176677395762855	0.57048922937506	-5.89085947188643
4:773754-774233	0.179001321202649	5.28501229025167	1.97993951941505	0.0612053098608543	0.366249955798374	-5.000622654592
7:512097-512422	-0.178945982943223	5.11237153890922	-1.80924439260706	0.0850088782505973	0.420425784567469	-5.28572623529454
8:321103-321846	0.178926114686846	5.8397103587964	1.95374061664678	0.0644246288926667	0.372083405062679	-5.0455369684832
13:417793-418046	0.178919703888152	4.29147155869475	1.43647513379627	0.165858802217316	0.55227871586788	-5.84065613405917
3:823976-824388	0.178784481322518	4.6076715904402	1.69155898351753	0.105781190962197	0.458753912802531	-5.47143219911526
11:88730-89836	0.1787424767144	6.18501961726068	1.71618145148336	0.101107991536363	0.44986020886358	-5.43334519402673
10:260372-260788	0.178692363786991	5.0875622476492	1.64807841533887	0.11448281842044	0.478321864470876	-5.53767204601271
17:254194-254963	0.178677392282598	5.98877888091489	2.00129658727504	0.0586875965111007	0.360519273181313	-4.96370986829705
6:492539-492920	0.178599076861806	5.06710532298486	1.96723165953097	0.0627485630605387	0.369626473222297	-5.02245930014414
5:245436-245947	0.17847646110722	5.57983403266108	2.0340203087923	0.0550088399756479	0.350295780105394	-4.90663811718694
3:1072-1834	0.178267225147096	5.97051087427371	2.06839102575496	0.051368435530158	0.335167809669077	-4.84603650101693
9:427090-427611	0.178213683103023	5.50779103963899	1.91721894713812	0.0691624584854778	0.385581769176766	-5.10746282409473
1:255695-256718	0.178195916520909	6.22327655333882	2.21318777485187	0.0382991943146615	0.292537873297653	-4.58364367235643
2:768306-768722	0.178167689913962	5.05674792306747	1.58546906037445	0.128068877667968	0.502177876179471	-5.63072271564056
17:168517-168895	0.178136487265327	5.24916178782016	1.75493853819226	0.0941102030695046	0.437831219178465	-5.37256463952844
16:116866-117812	0.17795379148348	6.18681252832733	1.9612305167287	0.0634892816343771	0.369626473222297	-5.03273817624318
8:139273-140489	0.177840639856267	7.52435949415186	1.70214326585403	0.103750261079743	0.454389597449049	-5.45511062903265
5:702739-703484	-0.177820312220952	5.82635675945952	-1.84325850351895	0.0797058748609325	0.41196708530893	-5.23036209618292
9:644742-645379	0.177682363685721	5.95101702255508	1.99734244607716	0.0591466581326155	0.3610303887722	-4.97056416149564
9:364964-366096	0.177435253163105	7.97215303105853	1.83050858192586	0.0816588928604342	0.415578760315348	-5.25120161591459
4:270137-270340	-0.177403741289949	4.63818378329832	-1.76239905360401	0.092812079872688	0.437831219178465	-5.36074964848136
6:164454-164684	0.177156379495129	4.39384779117988	1.54224566940445	0.138213714793193	0.514943240541874	-5.69331909566107
1:1044544-1045455	-0.176941364860728	8.76862595266943	-1.75108908941803	0.0947860956291448	0.437831219178465	-5.37864644783724
7:146046-146894	0.176907806392027	5.96914881013609	1.80450096149899	0.0857722428062085	0.422350449725621	-5.2933879659587
14:229943-230496	0.176807701978782	5.41397945892731	1.89373124880608	0.0723694259497061	0.394550000670992	-5.14685984873099
7:525156-525578	0.176751019325835	5.17000660178956	1.63053778099989	0.118160683540736	0.485217632594803	-5.56402116557495
4:339715-339972	0.176739799177977	4.46810001804374	1.57479781969812	0.130513953241516	0.50649868667668	-5.6463030057817
5:336869-337096	0.176702462911102	4.53283360300409	1.80706094420062	0.0853595269357411	0.420937631993957	-5.28925481306724
7:155792-156002	0.176638451328546	4.22974662055048	1.68122754419509	0.107796159691337	0.461276874549164	-5.48728983978706
16:77695-78053	-0.176634720310181	5.01733623400477	-1.79194813509048	0.087821130803615	0.428199761957495	-5.31359328575782
4:58100-58480	0.176613816380588	5.05600297068815	1.61783685349896	0.120885468523884	0.491244700868127	-5.58296481152771
20:79566-79769	-0.176600298837677	4.18042490958396	-1.66638093605084	0.110748795842542	0.468979763662456	-5.50994896933223
5:28064-28969	0.176569050357098	5.88467672514977	1.83021408029905	0.0817044926446618	0.415578760315348	-5.25168174947257
1:848776-849164	0.176485057579052	5.26466170776814	1.68215532371849	0.107613888213007	0.460937572862601	-5.48586879732855
10:177240-177554	0.176341095820478	4.91280478698258	1.64762298778378	0.114577074170478	0.478321864470876	-5.53835890815687
7:67834-68256	0.176237146103688	5.08077920758802	1.775180377443	0.0906239983079339	0.434296591462861	-5.34042275562328
9:381658-382130	0.176236108562556	5.59933424921034	1.83342130814277	0.0812090872217209	0.415419285033626	-5.24644994178231
20:8179-8508	0.17613176322215	4.72334747372344	1.41176701220007	0.172923504456847	0.563733143444172	-5.87384933818111
2:1016556-1017619	0.176021536690138	6.03221863151047	1.70076651219739	0.104012538925919	0.455092985564431	-5.45723799122881
13:146943-147585	-0.176020772855658	8.737188821301	-1.63437108209084	0.117348537726694	0.483810713207228	-5.55828134515492
9:142792-143632	0.175893118682744	5.83867673962475	1.46903168706539	0.156908075146667	0.543591752597897	-5.79620361111059
13:125861-126850	0.175849315092041	6.07363191797257	1.73356687198108	0.0979156688150771	0.443340092653787	-5.40620522934485
5:434369-435195	0.175777659844233	6.01864878796101	2.01785199645357	0.0567998813873575	0.354959373961551	-4.93491349813683
10:193346-193641	0.175640914400096	4.81731603289476	1.96711853284233	0.0627624550150464	0.369626473222297	-5.02265326340769
13:185334-186137	0.175578887753389	5.6369890341673	1.91520619596141	0.0694322846194087	0.385581769176766	-5.11085214145426
12:35118-35550	0.175531672647579	5.221221587003	1.61176147390444	0.122207399972805	0.494575336598801	-5.59198590628275
15:120936-121763	0.175340058016402	5.82440136028723	1.95652130011808	0.0640759580852189	0.371027151862147	-5.04078922061155
16:428588-429011	-0.175298798433587	4.73229110864672	-1.79608428083827	0.0871413892012256	0.426367908242088	-5.3069469599218
13:314586-314828	0.175277928098083	4.51600788589063	1.84849792877967	0.0789151960782928	0.411172347544662	-5.22176841201639
1:595372-595640	0.175171981478148	4.52435836046504	1.44771305842249	0.162723608002764	0.551357005123666	-5.82540344483389
2:1054480-1055882	0.175041706250195	8.88885773010426	1.44796317729485	0.162654378650817	0.551357005123666	-5.82506286993934
8:371888-372180	0.174989410621308	4.93216308899315	1.73266933404173	0.0980783343593753	0.443340092653787	-5.40761133579592
10:46920-47876	0.174948462941501	6.04773024105747	1.97277170676233	0.0620715765101365	0.368967299414835	-5.01295124686639
6:153151-154063	0.174926389571549	5.94704543789886	1.97369637915674	0.061959216611998	0.368967299414835	-5.0113625191042
8:571966-573096	0.174888751867682	6.3161001746442	1.71210483474405	0.101869300538203	0.450230409868613	-5.43967955147757
2:799189-799569	0.17477480290791	4.97791369554125	1.92725644532412	0.0678306073797996	0.382862293356851	-5.09052364494752
3:536570-536713	0.174709938074277	3.88454840532383	1.55687006642768	0.134709163209027	0.51002800908474	-5.67229223105323
5:667426-667762	0.174471995665368	5.09512330298342	1.53475378798043	0.140038075432841	0.516924780826086	-5.70403009088131
4:668252-668852	0.174174282790222	5.59168229386137	2.04001698560829	0.0543575139381168	0.347577474838587	-4.89611306151194
17:140621-142448	-0.173887025780811	9.88084075104302	-1.57593097887502	0.130252482783387	0.50649868667668	-5.64465246845174
6:238674-239057	0.173632393485422	5.14395828687993	1.74799873909974	0.0953317222775341	0.437831219178465	-5.38352181025709
9:115365-115680	-0.173632317578593	4.98511008195853	-1.79034702213638	0.0880854906061944	0.428555060818833	-5.31616310440608
5:588247-589045	0.173590896505986	6.04907478679593	1.90456716630379	0.0708740037766018	0.388764756009889	-5.12872631201712
17:374542-374754	0.17352055793381	4.18537191887989	1.59565072608781	0.12577174178118	0.499515808529335	-5.61578074289105
5:250254-250640	0.173433768293626	4.95055450054512	1.87359713770129	0.0752218071756626	0.400348167560364	-5.18036076932971
1:787973-788280	0.173357848800404	4.4956308746616	1.91025812584155	0.0700995628345617	0.387364991663578	-5.11917379473253
5:663198-663597	-0.173190594026089	5.28084471213619	-1.88687224760358	0.0733302811356722	0.396408621211678	-5.15830071090602
10:293924-294163	0.173164354190633	4.71572951748866	1.78879673338766	0.0883421149538952	0.428871265220862	-5.31864975607189
15:102819-103194	0.173107661279622	5.1264442870299	1.99651459457673	0.0592431727895499	0.3610303887722	-4.9719980454305
4:237944-238408	-0.173017284584935	5.41703457690065	-1.69729764211676	0.10467588312294	0.456782986888156	-5.46259236042942
18:27462-27824	0.172936634132563	5.15922103760849	1.50750707879286	0.146841328622533	0.525941945432747	-5.7426344132737
2:121068-121283	-0.172884953148004	4.66758635568592	-1.60324013686387	0.124081963358759	0.496890367489954	-5.60459463100553
8:383787-384293	0.172848512846048	5.39098121761511	1.85204695117145	0.0783835139999866	0.410344571536772	-5.21593745075597
11:165313-165628	-0.172758050858555	4.86147439427715	-1.80955734864802	0.0849587219935701	0.420425784567469	-5.2852202280317
17:24605-25530	0.172753292826898	6.14062401442116	1.72754621731507	0.0990112668924779	0.444507954474153	-5.41562698145315
10:395528-396024	0.172710547973099	5.43988149970943	1.77155340261111	0.0912403418712276	0.435850341745587	-5.34620188933519
4:262546-262761	0.172688835255088	4.68138166779202	1.48842831101382	0.151764910694105	0.534881685249461	-5.76933687096245
3:378829-379158	0.172661728931875	4.86556914986074	1.54397145096902	0.137796264781447	0.514872811999302	-5.69084593291758
4:249251-250137	0.172526986777743	6.3833499125881	1.78353304648615	0.0892182635111501	0.432187172592974	-5.32708095847882
3:221442-222288	0.172253308678116	5.92424852566069	1.89732734573236	0.0718700955075182	0.392784551271858	-5.14084992005247
1:613693-615535	0.172198384646601	7.20743387849711	1.9909965822655	0.0598900790074399	0.36323576373618	-4.98154532876546
1:36226-36484	0.172088559575758	4.67749779828446	1.68977374088528	0.10612706263082	0.458980018912814	-5.47417759069746
5:630881-632329	-0.171951950475654	10.3764732014851	-1.31734765279789	0.20216576748561	0.593762450961673	-5.99628620768724
19:74339-74553	-0.171759020527691	4.53979719638506	-1.38551594376283	0.180691961881137	0.574415640184639	-5.90859595696868
17:352031-352865	-0.171473351737143	8.73396126555015	-1.7558334154628	0.0939536746314203	0.437831219178465	-5.37114939767988
3:481791-482443	0.17144214500834	5.50440581320732	1.93895232515114	0.0663073190006157	0.376161672809576	-5.07070878181902
2:486335-487145	-0.171339123902351	9.32129662796287	-1.5405535454081	0.138624038774732	0.515778219082047	-5.69574190090564
2:691813-693679	0.171193592246583	9.40106734952627	1.53634084083762	0.139649957324605	0.516924780826086	-5.70176456097608
14:266911-267521	0.170884190458192	5.59335781226273	1.67653869344519	0.108721349869418	0.463905397536238	-5.49446248971466
13:450452-450813	-0.170794050459613	5.1346812852957	-1.56003508973219	0.133960490692012	0.51002800908474	-5.66772100317317
15:283086-283395	0.170771849533671	5.02327296908223	1.47302374621022	0.155838102367794	0.541076690339363	-5.79069734653797
9:615404-615592	0.170731121728966	4.10063091296583	1.37308218610944	0.184467401504613	0.578596103662428	-5.92486525554257
1:9308-10501	0.170719603187779	6.56628506532748	1.924698924707	0.068167791585473	0.383797528473682	-5.09484550199103
10:268418-269398	-0.170692958512143	9.16257655606226	-1.69107856923565	0.105874171565017	0.458753912802531	-5.47217120727764
4:191366-192254	0.170627442076691	6.11487526958432	1.88572587484283	0.0734919608521592	0.396741681842313	-5.1602100279673
9:619756-620744	0.170486750726412	6.31180595981215	1.9111127606168	0.0699839078873505	0.387203920523833	-5.11773754101958
5:17115-17545	0.170404369244291	5.04493006083537	1.75263143670512	0.0945147879435043	0.437831219178465	-5.37621085031091
11:356502-356878	0.170349524377131	5.22251255924438	1.83812860452293	0.0804867139064571	0.4136148466651	-5.23875926317168
8:346181-346503	0.170262755502105	4.91219599056011	1.86742134533281	0.0761162586287918	0.402833669754652	-5.1905860165367
1:541431-541713	0.16995589772951	4.5568154616944	1.76034460212584	0.0931680042548039	0.437831219178465	-5.3640069003352
2:893600-894011	0.169941769517648	5.04662866722947	1.70651489016777	0.10292118431599	0.452974651915802	-5.44834702622635
4:466104-466403	0.16992776986672	4.71910099140208	1.41353479057674	0.17241014672836	0.562766118346237	-5.87149016808264
6:531025-531376	0.169585430306147	5.03047611563315	1.76972349167649	0.0915526754197435	0.435946569339119	-5.34911433838898
13:58284-58611	0.16941568067595	5.03987810046049	1.91671035917897	0.0692305515199906	0.385581769176766	-5.10831948014801
1:558755-559295	0.169314372128827	5.47086201625479	1.89051628471978	0.0728184137006792	0.395822247974237	-5.15222605473816
12:75090-75398	0.169298065818083	4.46259018415592	1.80309384145837	0.0859998326822844	0.423005770424071	-5.29565798804214
1:606160-606383	0.169265257200925	4.16513631101784	1.6426904729453	0.11560211891686	0.480441118172579	-5.54578867293301
12:90383-90774	0.169240835627225	5.14102053865722	1.55251077123974	0.135746017593636	0.511016967829366	-5.67857637057967
4:129499-129803	-0.169206388807348	4.84363663831798	-1.81825253578678	0.0835754170858127	0.41984687640415	-5.271136043403
8:488963-489512	0.169159593047429	5.32503731320756	1.68910337180635	0.106257187885038	0.458980018912814	-5.47520793696066
2:968124-968494	0.169148981820238	4.96182972512492	1.607295935096	0.123186765983887	0.495986498326163	-5.59859986566933
17:275566-275798	0.169147848279966	4.36478534074801	1.86726650570662	0.0761388035327158	0.402833669754652	-5.19084207758281
3:663654-663963	-0.169021248736511	5.06737515905072	-2.00104006615082	0.0587172810878412	0.360519273181313	-4.96415480991638
5:155924-156311	0.168980918891714	5.29405891739628	1.7953915444575	0.0872549159851993	0.426367908242088	-5.30806088636448
15:477095-478547	0.168931805535363	8.48878655390697	1.29716245507402	0.208894312251856	0.604440167922797	-6.02153790068132
5:803330-803679	0.168925413602162	5.13770863890889	1.63678665485454	0.116839180326955	0.482892124786195	-5.55465905420397
7:671242-671467	-0.168823577358209	4.25779180034628	-1.72955816502877	0.0986439830731818	0.444507954474153	-5.41248118578151
7:608701-608992	0.168783053186804	4.95328435578698	1.49002021407957	0.151348994813295	0.534257177274691	-5.76711929365907
6:308358-308880	0.168779039372108	5.4000163057706	1.87955829493879	0.0743671926862088	0.399121767941811	-5.17046831177353
5:440971-441453	0.168418862449606	5.41234887773919	1.76179023687641	0.0929174322345967	0.437831219178465	-5.36171519466178
4:39488-39919	0.168372297498519	5.24393756664923	1.64046589317695	0.116066944161661	0.481485776971921	-5.549133938596
6:471084-471394	-0.168057319162417	4.77133029355936	-1.91569757791888	0.0693663252738516	0.385581769176766	-5.11002492021287
5:687510-687674	-0.167929414088111	4.08155370392763	-1.66945913914919	0.11013104016752	0.46813536162376	-5.50526349371232
9:548976-549146	0.167677538936964	3.96868440804732	1.61692824248125	0.121082404504702	0.491244700868127	-5.5843156402798
11:264574-265012	0.167669711088466	5.01310440934599	1.59902769294784	0.125017498794532	0.497845484523422	-5.61080848721467
17:314551-314987	0.167642261797313	5.23076932393276	1.86018688192134	0.0771758724117563	0.406399064605907	-5.20253371820996
2:759542-759945	0.167638168848375	5.13512792203478	1.52029492999112	0.143615210093725	0.520040005843623	-5.72458457385117
14:505678-505934	0.167632749293461	4.42874561341291	1.73641085015123	0.0974017671538213	0.442160557586718	-5.40174620876456
10:101481-103131	0.1676272568641	6.70014152388538	1.74250588350196	0.0963081974621496	0.439424558451153	-5.39217167035446
16:350559-350877	-0.167625909970559	4.8092608193467	-1.56585443062709	0.132592969408501	0.5098678101997	-5.65929711635485
13:169819-170120	0.167561274790458	4.88729332910712	1.43779654053235	0.165487638171837	0.55227871586788	-5.83886767958274
1:497786-499514	0.167529266472227	8.33379517143124	1.73845718193014	0.0970334321106166	0.441383782649512	-5.39853444907909
8:68544-70011	0.16750091512882	6.84727482946938	2.01598033151673	0.0570105437806152	0.354959373961551	-4.93817699990096
7:615322-618675	0.167477559041972	9.27273128612448	1.58090223653628	0.129110544195618	0.503396163605911	-5.63740046157946
2:639008-640412	0.167417010414171	9.11080330192976	1.39253016499053	0.178589467574458	0.571615652288197	-5.8993644468258
5:590965-592592	0.167307008875614	7.07896243442283	1.98011075875165	0.0611847467956257	0.366249955798374	-5.00032775375688
4:567570-567870	-0.166918259605192	4.89819490876914	-1.6167259206768	0.121126293207123	0.491244700868127	-5.58461635160336
2:401513-402404	0.166833585077327	6.15285360524659	1.54564096748419	0.137393418386072	0.514621707695448	-5.68845132172589
5:93124-93686	0.166830911826987	5.41000472881091	1.5183737846589	0.144096119667993	0.520040005843623	-5.72730399627326
4:169827-170128	0.166785844097688	4.63719812405723	1.83168314176932	0.0814772478207785	0.415578760315348	-5.24928614992735
17:202343-204276	0.166635563264377	7.07850716364384	1.81205164626444	0.0845598882208619	0.420425784567469	-5.28118502889385
4:510102-510903	0.166579297416087	6.07978876327297	1.70260375988488	0.10366266088567	0.454389597449049	-5.45439878442647
7:661879-662328	0.166573414206706	5.4612235112351	1.73245191687681	0.098117772873473	0.443340092653787	-5.40795186584327
6:18995-19404	0.166531022387717	5.74362041236057	1.86632458669908	0.0762760744996859	0.403083482243913	-5.19239942225122
20:115184-116792	0.166109051240381	9.40355299730709	1.55811218433016	0.134414932596581	0.51002800908474	-5.67049911702401
6:312855-313238	0.166099440568112	5.23551394622673	1.59904985452148	0.125012561554939	0.497845484523422	-5.61077582947301
16:351921-352207	-0.166075676556051	4.83392552228054	-1.32273323984233	0.200399492072121	0.592854016202784	-5.98949324881305
7:34704-35760	-0.166024957411818	10.0583755384819	-1.33265584610895	0.197176943694268	0.588375999983695	-5.97691661188209
9:103923-105316	0.165501277293874	9.03186945763499	1.51983417245674	0.143730428310734	0.520040005843623	-5.72523703561911
11:590568-590964	0.165487913122955	6.49307076879712	1.72314976222083	0.0998179253104038	0.446785033689367	-5.42249160390523
13:502110-503008	0.165388194476993	6.0793578510981	1.96172526087031	0.063427923534933	0.369626473222297	-5.0318915778173
6:328817-329705	0.165347737310824	6.27540143608305	1.81269155533858	0.0844578303692429	0.420425784567469	-5.28014915647377
17:378912-379152	0.164891146364599	4.48776235880758	1.7172515095175	0.100908966018903	0.449421424776726	-5.43168064375087
1:335411-336324	0.164813932542184	6.0956726013442	2.00975652842018	0.0577160801786976	0.357118786718666	-4.94901451236983
18:69763-69991	0.164462089444792	4.43795940446343	1.44023159448235	0.164805424837079	0.552147516145781	-5.83556844964779
2:807500-808280	0.164408899574427	5.66922165089568	1.42381311189739	0.169449561017555	0.557645508999221	-5.85772536904177
13:512868-513178	0.164320306873033	4.53143692738112	1.6438061618133	0.11536958831891	0.479920332077546	-5.54410962151839
1:77848-78285	0.164144126467006	5.30743854649425	1.71035771388764	0.102197072481347	0.450230409868613	-5.44239082537447
10:456713-457366	0.16385531028169	5.58971674488082	1.71065845184129	0.102140587841466	0.450230409868613	-5.44192427204011
10:463497-463857	0.163808242150918	4.74821434582547	1.57521088569122	0.130418589860279	0.50649868667668	-5.64570144962017
2:990472-990735	0.1637793159887	4.80694584817263	1.52505357194208	0.142429695890038	0.518305137238872	-5.71783683230669
4:258084-258440	0.16373027250302	4.96359910080526	1.48233391406047	0.153365835973894	0.537140439608098	-5.77780895916368
2:431485-431681	-0.163630879713667	4.4140534174436	-1.34852535864732	0.192107881086529	0.585745828163015	-5.95663861451822
8:409945-410192	0.163619550415854	4.79236796305878	1.53215520012447	0.140675490803077	0.517815375686326	-5.70773558641208
3:292149-292545	0.163557920411176	5.04412957350187	1.76979414010991	0.0915405998775778	0.435946569339119	-5.34900193672376
5:729906-731657	0.16343753693925	7.00290080606835	1.90936195728648	0.0702210192237808	0.3875576843966	-5.12067936788464
3:702188-702462	0.163278651023794	4.74611458236227	1.99785464232607	0.0590870141568408	0.3610303887722	-4.96967680970615
4:379419-381121	0.163262883927198	8.32757576153013	1.4973052403797	0.149457521390976	0.530088641637092	-5.75694671795564
5:739007-739593	0.163116720134911	5.47732360755846	1.76276418378915	0.0927489455133044	0.437831219178465	-5.36017045665465
8:641302-642412	-0.162950645327966	8.9799379614018	-1.7314203856989	0.0983050734572708	0.443562004833411	-5.40956707085067
9:430378-430616	-0.16284503509215	4.53420892847423	-1.77226542872963	0.0911190603235544	0.435736019239562	-5.34506804702681
9:256224-256435	0.162734937011765	4.30091421527565	1.31411750297508	0.203230969938858	0.596108664119481	-6.00034925711965
7:320304-321258	0.162685432600174	6.11822055502175	1.87077223914894	0.0756297931761072	0.402041513368475	-5.18504090735768
6:43632-44052	0.162575331611028	4.94262765562196	1.30978295454701	0.204667258019048	0.599143653952427	-6.00578824773145
1:140312-140701	0.162431182038249	4.75582552007331	1.44567500060773	0.163288603330587	0.551357005123666	-5.82817678645844
6:250353-250861	0.162394536877543	5.53571143591168	1.66089156173336	0.111857733167779	0.471158013394525	-5.51828828409329
3:76528-76903	-0.162306718677108	5.2877666601218	-1.80867879817299	0.0850995891014582	0.420425784567469	-5.28664056394084
10:359168-359508	0.162055312230331	5.11914424506498	1.77292710972557	0.0910064789825477	0.435663101525009	-5.34401407597763
7:518304-518738	0.161988875558974	6.39350832050368	1.46065108840155	0.159173741449942	0.548236004753565	-5.80772367669428
10:524916-525789	0.161904938012226	6.38065051558254	1.74799567126255	0.0953322652683448	0.437831219178465	-5.3835266469423
4:245612-246209	0.161763703884575	5.6463387611413	1.89861741269159	0.0716917050039135	0.392288596084984	-5.13869197000415
11:472955-474959	-0.16158391585591	9.16658921457027	-1.33376855032383	0.196818126362712	0.588025751047661	-5.97550136545946
1:816338-817153	0.161547195229638	5.85192139262083	1.34881189215998	0.192017310297428	0.585745828163015	-5.95627063664014
5:466101-466362	-0.16146325319728	4.79565044432395	-1.72908397289945	0.0987304421542742	0.444507954474153	-5.41322285768361
13:283251-283586	0.161199316057003	5.06506326832434	1.51322581454958	0.145391319934022	0.523109807792254	-5.73457754649787
13:513958-514397	0.160925617585059	5.11460749301367	1.4604497093466	0.159228508976683	0.548236004753565	-5.80799983792358
1:37605-38530	0.160849799920511	6.11230699438771	1.92214441361621	0.0685060549572501	0.385217464809864	-5.09915830992139
3:744343-745821	-0.16081490885464	9.86449977498534	-1.24828177807346	0.225908841806201	0.61964521503493	-6.08131223900829
5:273758-274634	0.160549982205724	5.7050012603304	1.42544654067801	0.168982856287138	0.556561637042848	-5.85553034511023
4:293830-294135	-0.160496204178581	4.97149147803114	-1.48529035448909	0.152587500014468	0.536513472163988	-5.7737025742217
1:641982-642802	0.160393690536101	6.03966771545384	1.73908387041662	0.0969208690427825	0.441320254156149	-5.39755028771077
15:136688-136992	0.160389514733859	4.82143731605783	1.56860037063243	0.131951726559705	0.509271319431852	-5.65531363319808
17:23781-24087	-0.160314475246594	4.68942586202082	-1.58264371121191	0.128712493034578	0.502803260855847	-5.63485579950043
6:5336-5750	-0.160171003042004	5.37568300876084	-1.75345547125143	0.0943701096205787	0.437831219178465	-5.37490892799312
3:738322-740003	-0.160115036966181	9.78218436913725	-1.55504912799341	0.135141469788763	0.51002800908474	-5.67491889179009
18:254562-255342	0.160016853640585	5.95752068742492	1.66242662054163	0.111546684507833	0.470577718998171	-5.51595837092217
14:397893-398283	0.159759646375847	5.21343806827738	1.80686360541188	0.0853912801274605	0.420937631993957	-5.28957357202867
1:378319-379370	0.159719514525285	6.25180891708206	1.56095904032486	0.133742586896294	0.51002800908474	-5.66638516887944
3:33742-34120	0.159700805035474	4.98690525208899	1.72843029911311	0.0988497324584578	0.444507954474153	-5.41424500431944
5:123412-124238	0.15966581195423	5.93691399166853	1.85291057420335	0.0782546083171667	0.410149445934002	-5.21451733445077
15:379768-380268	0.159616499644219	5.48906765841351	1.88845810941277	0.0731071326054172	0.396137374461064	-5.15565806956582
17:291488-291819	0.159234001804869	4.93772880475152	1.70525421274257	0.103159688943063	0.453133236220954	-5.45029883119172
15:106986-107527	0.159188259710347	5.36097624243104	1.60508937307577	0.123673125410246	0.496022320193783	-5.60186278151601
4:83103-83492	0.159142350894242	5.12350199501353	1.74548964738013	0.0957767072705929	0.437831219178465	-5.38747549366103
8:713819-714846	0.159117478235056	6.31244536174273	1.71157937009703	0.101967786739293	0.450230409868613	-5.44049521292722
2:864206-865592	0.159115932992385	9.07167866950622	1.52605871217954	0.142180321269201	0.51800736563388	-5.71640940121297
9:494652-494981	0.159080877515593	5.06257676916017	1.79739751275962	0.0869265258189805	0.426158958998638	-5.30483441458794
9:692940-693386	0.159049874175433	4.97689117330307	1.3628424312034	0.187623499451644	0.581983910980982	-5.93817223950327
18:225974-227604	-0.159008477257714	9.23744371251764	-1.58129496125393	0.129020689038883	0.503396163605911	-5.63682679898346
15:181998-182422	0.158934509923639	5.07687452951019	1.84124852364993	0.0800110296415658	0.412728164082705	-5.23365423772741
18:59069-59308	0.158911032004534	4.48230867482504	1.21867766873066	0.23671873807365	0.631814592497114	-6.11655588410191
1:66642-66916	-0.158864446511818	4.71162101704391	-1.5094856712132	0.14633831036767	0.52526886704546	-5.73984962067787
15:484041-484447	0.1588598853106	4.91375930505157	1.61654793970992	0.121164912814659	0.491244700868127	-5.5848808610589
17:389639-390556	0.158816160425706	6.08173889331751	1.69593744147574	0.104936973810287	0.45682465456946	-5.46468965271071
5:179378-179726	-0.158810097086964	5.27787892157718	-1.45656877253874	0.160286971021689	0.549722774114345	-5.81331593116685
18:155519-155885	0.158775735356249	5.05462029007264	1.56197506006984	0.133503309554584	0.51002800908474	-5.66491550453872
11:129305-129615	0.158748937498328	5.13614917383799	1.52994225569191	0.141220197362757	0.517960146876762	-5.7108872404187
9:452972-453472	0.158689874852857	5.3849505337379	1.84474505258858	0.0794808410150646	0.41196708530893	-5.22792563189857
2:723057-723559	-0.158681439206262	8.67154969599569	-1.45572848579382	0.160516896024284	0.549722774114345	-5.81446544178819
6:777801-778381	0.158627563756422	5.28025206978071	1.58522258194145	0.128124918363931	0.502177876179471	-5.63108350756186
12:441040-441456	0.1586136021357	5.32718676765619	1.76015486341159	0.0932009348659912	0.437831219178465	-5.36430758264107
8:665099-666490	0.15854634676643	6.71874251502219	1.88390364427847	0.0737496049202189	0.397236139137063	-5.16324332832442
9:239210-239499	-0.158546154740693	4.50986745274127	-0.564784062923782	0.57831054993853	0.859933660830184	-6.69585843908194
6:717679-717938	0.158450841620777	4.5311311124953	1.95978462116179	0.0636689032293098	0.369626473222297	-5.03521153552785
10:121084-123411	0.158440712061832	9.21042865575606	1.49198285430013	0.150837500420781	0.533292773999538	-5.76438264552236
17:214661-214876	0.158362022605696	4.50775786655633	1.62524585095733	0.119289636561975	0.489404595097523	-5.57192803675425
4:26807-27187	-0.158314170292242	5.38745366586892	-1.53408226752732	0.140202565666414	0.516924780826086	-5.70498813263122
3:6148-6483	0.158289606730164	5.00963123988095	1.54932824558378	0.136507150402789	0.512201703140415	-5.6831553659588
14:56580-56871	-0.158227717464218	4.41841708521791	-1.54928106320177	0.136518461091715	0.512201703140415	-5.68322319587653
4:746813-747140	0.158195281172834	4.94583636395517	1.71324218806961	0.101656408338126	0.450230409868613	-5.43791343400139
10:353343-354423	0.158167189677817	6.70719772516997	1.64045787556997	0.116068622286127	0.481485776971921	-5.5491459889841
7:460339-460674	0.158136922326267	4.83480430904775	1.4579339450387	0.159913993193705	0.54962572880933	-5.81144723060658
2:610161-610443	0.158023884629781	4.80875107595266	1.59376082773572	0.126195507881951	0.500310977218436	-5.6185598670848
15:434933-435206	0.158010519683096	4.75401311289194	1.61739874591361	0.12098039209284	0.491244700868127	-5.58361621766668
9:280532-280702	-0.157970397045962	4.09373055228691	-1.3804078594158	0.182235482389783	0.576456550654888	-5.91529448797336
1:33259-33860	0.157753953948566	5.43458087565808	1.75300444672147	0.0944492737815716	0.437831219178465	-5.37562157405561
5:213183-214020	0.157707678195336	6.15770812809443	1.77556109361425	0.0905595109566957	0.434296591462861	-5.33981563001401
7:14707-14932	0.157689062907062	4.74389431011412	1.44125839425058	0.164518435313468	0.552012381156734	-5.83417588494816
7:56087-56339	-0.157656972885889	4.71030157350543	-1.46978466342701	0.156705802029309	0.543311518112461	-5.79516595146075
8:324796-325318	-0.157495118407194	5.70536543458197	-1.82298915701089	0.0828301443791444	0.419095538720222	-5.26344335452061
6:563015-563251	-0.157469704830966	4.46396156531912	-1.60568780514654	0.123541063206235	0.496022320193783	-5.6009782036797
11:365852-366735	0.157283868923133	6.26162785256283	1.583407460718	0.128538245058873	0.502803260855847	-5.63373911014928
13:261026-262132	-0.157254894731581	8.85804286484336	-1.39678810751797	0.177322722391369	0.570977094240539	-5.89374172788083
12:507961-508338	-0.157222097086247	4.84343671845221	-1.68296256813933	0.107455510287553	0.460700061347784	-5.48463189156756
17:172244-172436	0.157143202371289	4.3326360352627	1.33880299319362	0.195201067142862	0.588025751047661	-5.96908568297191
3:517562-518450	0.156959903836754	6.12789459809117	1.68302082600771	0.107444088013001	0.460700061347784	-5.48454260820265
8:186274-186678	0.156957261858548	4.86263312924189	1.30714408876945	0.205545542473786	0.600144715011525	-6.00909206249283
12:491552-491810	0.15675336832479	4.767122754525	1.43534237982959	0.166177511440438	0.552608128683063	-5.84218818870189
9:591646-592448	0.15673618640052	5.87669551699853	1.45267569492706	0.161354474773004	0.549722774114345	-5.81863712179424
9:501135-501458	0.156726788334459	4.3467687553741	1.44859360040551	0.162479992328172	0.551357005123666	-5.82420424068082
10:447423-448246	0.156651275657437	5.68782304410142	1.57140025184144	0.131300545790975	0.507952673258777	-5.65124626314304
12:468942-469166	0.156334823737475	4.65111288617946	1.28664020964642	0.2124702541005	0.60663793768088	-6.03457022190632
9:671468-671778	0.156171871638815	4.63834531131815	1.63852360844992	0.116474072498574	0.48207924521048	-5.55205185489475
20:60158-60688	-0.156158670079813	5.19887990855251	-1.49927854355016	0.148948522197986	0.530011834753364	-5.75418441345724
9:667524-668430	-0.156156869426104	9.54019478037702	-1.29585120809558	0.209337364338339	0.604899052664545	-6.02316685534321
17:187742-188010	0.156127844682345	4.73330929724493	1.56749771690953	0.132208912012336	0.50956261590174	-5.65691389007199
2:135194-135984	-0.155972696487614	8.97406437940362	-1.49467991751697	0.150136912625644	0.531235431551292	-5.7606172222828
3:83148-84079	0.155968587626457	6.19285565042224	1.7778073262834	0.0901798405247691	0.434296591462861	-5.33623163917792
5:108060-108387	0.155960071436808	4.49464303862586	0.974462522472022	0.341114838639516	0.714466461670922	-6.37867800383107
5:76062-76273	0.155749175061691	4.42158174145283	1.73960248558255	0.0968278024268951	0.441320254156149	-5.39673564757875
14:214334-215439	0.155718143420385	8.76345520577249	1.44537134951517	0.163372918001331	0.551357005123666	-5.82858971565996
18:291114-291650	0.155714826552718	5.43907693054566	1.63063195637872	0.1181406744101	0.485217632594803	-5.56388027554171
4:65420-65632	0.155678690908254	4.2034980021304	1.6490798259856	0.114275795846745	0.478321864470876	-5.53616123826163
13:172352-172772	0.155605259881634	5.23928571932373	1.43095231452087	0.16741736542504	0.554790115921736	-5.84811644555482
3:584801-586216	0.155600286627992	9.30607706332077	1.30355511421285	0.206744764917719	0.601683724168863	-6.0135763561151
15:360519-361507	0.155543231383361	6.21672854598345	1.66840061883034	0.110343141032397	0.468308798282456	-5.50687545735927
4:477251-478272	0.155506215198663	6.11595836410633	1.71374209743325	0.101562954629936	0.450230409868613	-5.4371368817668
16:453072-453339	0.155464928338874	4.69095858728779	1.25424090908165	0.223779309421882	0.618612522634944	-6.07413006016733
3:153779-154078	0.15540713720064	4.87271187341354	1.6886369589628	0.106347803318599	0.458980018912814	-5.47592462397508
14:138640-139440	0.155051883893554	5.65498772348422	1.42618141646353	0.16877322490461	0.556561637042848	-5.85454213705621
3:256440-256641	0.15495767523123	4.32798273224666	1.45524160701265	0.160650241545866	0.549722774114345	-5.81513124469704
12:256769-256988	-0.15479948129101	4.33982092167186	-1.23228274363301	0.231702992592082	0.624384464083179	-6.10044952351869
5:735951-736287	0.154791726332652	4.84680042183757	1.52618301532896	0.142149506768832	0.51800736563388	-5.71623282248814
4:654751-655606	0.154689715969368	6.10568871185017	1.69740264143442	0.104655751533106	0.456782986888156	-5.46243040949324
7:65599-65958	0.15462028060786	5.05957493189181	1.53440278424431	0.140124034579975	0.516924780826086	-5.70453090075575
9:216325-216598	0.154543087776064	4.49294225011399	1.18135397270972	0.250901365273208	0.647539075482163	-6.15994531250523
17:405458-406084	0.154470598695997	5.32421595064735	1.42342322869958	0.169561112097395	0.557645508999221	-5.85824899474402
9:565833-566665	0.154410752834491	6.08395215944767	1.50311939885027	0.147961876147184	0.527711041940077	-5.74879948447262
8:133710-133994	0.154263572631753	4.97230606330818	1.52584973542879	0.142232138597864	0.51800736563388	-5.71670623718358
14:311751-312107	-0.15419490379091	5.1376074217068	-1.49549794076842	0.149924950672433	0.530905125957129	-5.75947408543268
1:511594-511860	0.153988772046182	4.62121281081881	1.7761659583385	0.0904571378541043	0.434296591462861	-5.33885086029614
7:213967-214818	0.153635102589203	5.6680349157505	1.71447975996147	0.101425189186564	0.450230409868613	-5.43599069769987
3:430411-431754	0.153620198577478	6.80963038154607	1.82177689410057	0.0830203325543397	0.419095538720222	-5.26541354715236
7:341564-341910	0.153248858754951	5.05917733985186	1.82098382960394	0.0831449594243871	0.419095538720222	-5.26670194042365
5:150166-150614	0.153138894112357	5.19584989748757	1.74785802061869	0.0953566314342681	0.437831219178465	-5.38374365749173
20:75989-76281	0.153138437574051	4.31422891187779	1.33854813407066	0.195282675570207	0.588025751047661	-5.96941095180625
17:81950-82182	0.153081182220084	4.64787266411955	1.32029277235158	0.201198371974581	0.593157226534162	-5.99257435656563
14:201461-201897	0.153057749171583	5.00451796186558	1.61960728966089	0.120502510104952	0.491244700868127	-5.58033102762585
4:51584-53420	0.153018686899189	9.06549529905669	1.35220063549318	0.190948713383828	0.585745828163015	-5.9519137205563
15:205560-206674	-0.152794930390641	9.19910027071442	-1.24942061049167	0.225500676567034	0.61964521503493	-6.0799419404535
8:2057-2398	0.152718604976169	4.66561341236024	1.59322922625675	0.126314922178089	0.500341231565598	-5.6193411333429
1:159060-159999	0.152619623600141	6.02317181893408	1.69692094040721	0.104748135563683	0.456782986888156	-5.46317332310731
9:444251-445280	0.152536940745195	6.1406770286975	1.59444130478453	0.126042789249851	0.500148514789301	-5.61755951043488
10:6427-6649	0.152518331831045	4.49332295927999	1.19474091775815	0.245742807294864	0.640247267434115	-6.1445175719626
17:55190-56523	-0.152506553825901	9.51289637059513	-1.44687472825477	0.162955819948888	0.551357005123666	-5.82654460985232
17:398979-399356	0.152500837030654	5.04292514891889	1.54224826786801	0.138213085464053	0.514943240541874	-5.69331537352941
3:579618-579868	-0.1523738116716	4.3476008358773	-1.28394799534474	0.213392779434036	0.60714836523982	-6.03789017701184
19:52110-52737	-0.152342990508105	5.45738260147146	-1.24411331899213	0.227407676028561	0.620976608616019	-6.08631878426938
5:691145-692227	0.152283056230781	6.4296675805251	1.63823440995924	0.116534795200567	0.48207924521048	-5.55248609433159
13:247119-247629	0.152206479123672	5.6454733911824	1.60513675953778	0.12366266383733	0.496022320193783	-5.60179274610344
5:707644-708279	0.15214019970887	5.64890073041862	1.47684439403353	0.154819646973034	0.539376460984784	-5.78541621396356
18:101036-102280	0.15208735246066	7.74117994591604	1.33500191284342	0.196421000147053	0.588025751047661	-5.97393149551273
17:83978-84782	0.152029591645737	8.79732014111129	1.51847961027085	0.144069594476947	0.520040005843623	-5.72715426912302
3:245990-247258	0.151955723562418	6.35446475027281	1.78116211676102	0.0896153566500927	0.432708297346072	-5.33087271627628
16:285560-285874	0.151873324981689	5.03383199568464	1.61123275108886	0.122323015554671	0.494596041212925	-5.5927697447901
1:1020984-1021186	0.151824790697228	3.91528676262345	1.65167974122021	0.113739789431865	0.476684735484108	-5.53223552619063
7:599237-601492	-0.151798561153827	9.62786987761734	-1.26001536313682	0.221730511558726	0.617205080682125	-6.06714251595065
18:75623-76185	0.151785914414496	5.55793906790384	1.43679594194142	0.165768630094387	0.55227871586788	-5.84022206044173
7:556688-556953	0.1516239002035	4.76427977916333	1.77638188426136	0.0904206166993712	0.434296591462861	-5.33850639648945
7:265477-266120	0.151356807474007	5.57627915036926	1.78906676672478	0.0882973689726537	0.428871265220862	-5.31821673738643
9:15363-15632	0.151275995080625	4.70586070087671	1.47353321261376	0.15570198121095	0.541076690339363	-5.78999376898844
1:687562-687907	0.15123641643447	4.96244372178935	1.54641418340833	0.137207175712671	0.514354538098755	-5.68734159450336
14:478982-479762	0.15114521428038	5.50011096572783	1.67535932409423	0.10895511833676	0.464035895868415	-5.49626421284231
17:155937-156219	-0.150971748096139	4.73179613088707	-1.56846732237476	0.131982736939443	0.509271319431852	-5.6555067700097
11:171588-171900	0.150898516431333	4.89436717344289	1.60922736292161	0.12276236736407	0.495030951641061	-5.59574094986629
3:641212-641621	0.150627749990424	5.03500812203595	1.64522281197513	0.115074900868545	0.479139773290797	-5.54197638214583
15:366412-367279	0.150488011733804	5.92791846889422	1.51862236826551	0.144033818552023	0.520040005843623	-5.72695227509752
9:463092-463430	0.150409263269276	4.93339782639146	1.33543882451705	0.196280471716221	0.588025751047661	-5.97337508593216
16:65858-66408	-0.15030492459303	8.59241136018431	-1.28262958608177	0.213845681947721	0.60714836523982	-6.03951384155736
5:556681-556873	0.150276501241078	4.26054522759074	1.45671121145738	0.160248022420437	0.549722774114345	-5.81312102165834
14:67534-68680	0.150238406687991	6.1697213312834	1.66456607362737	0.111114390120874	0.470083185426305	-5.5127083765365
10:243247-244049	0.150173620080289	5.70738127799606	1.43613281064944	0.165955065425	0.55227871586788	-5.84111923159596
14:234198-234450	0.150063406828748	4.7312168468052	1.32361088774352	0.200112805199727	0.592789487805412	-5.98838404094357
3:707937-709498	-0.150056174298115	9.8819480148245	-1.38677178025929	0.180314083972485	0.57362177673123	-5.9069459677702
6:695834-696211	0.149695085929864	4.79197253476505	1.45068798550479	0.161901735118135	0.550662740417	-5.82134952997749
8:498497-499267	0.149674661943622	5.45341311456268	1.34791971064005	0.192299432227492	0.585754969054323	-5.95741619697158
3:358194-358858	0.149614577476487	5.98408178721832	1.53761561822458	0.139338851152035	0.516924780826086	-5.6999434633366
1:151564-151879	0.149587190194226	5.15691254757153	1.41399407386912	0.172276972690353	0.562766118346237	-5.87087683953451
2:556551-557306	0.149558030325	5.99327842452678	1.5854354537741	0.128076517444995	0.502177876179471	-5.63077191112132
6:489545-491172	0.149539901708736	6.98861779283928	1.68474592134264	0.107106326441102	0.460526337320241	-5.48189774728217
13:268981-269232	0.149504275683928	4.63417462753508	1.30503420723703	0.20624988057697	0.600728135256509	-6.01172954605345
3:323826-325289	-0.149428112474435	9.67786229362113	-1.3250151932465	0.199654752751604	0.592789487805412	-5.9866079334181
7:397777-398617	-0.149388593964243	9.42024197836291	-1.5205630092628	0.143548208507442	0.520040005843623	-5.72420488421965
9:461638-461853	-0.149344483534279	4.32734669880318	-1.38308692152602	0.181424639965526	0.575926729422477	-5.91178383206818
3:135016-135511	0.149284557268296	5.63572994287441	1.6205565609602	0.120297595937979	0.491244700868127	-5.57891793164699
12:439009-439370	0.149242862561196	5.34835120883858	1.34656780694095	0.192727549042052	0.586105477451608	-5.95915083214476
13:414965-415309	0.149191200401873	4.86698238098325	1.67533835992019	0.108959277604492	0.464035895868415	-5.49629623113351
14:84870-85632	0.14910863468158	6.00756524314533	1.71794430044317	0.100780289117182	0.449421424776726	-5.4306025456908
8:585088-586006	-0.149080139623356	8.85914313680262	-1.41322113278637	0.172501142620875	0.562766118346237	-5.87190893377279
4:70661-70923	0.149068667970675	4.45342004808853	1.5079363622954	0.146732071273185	0.525941945432747	-5.7420304611957
13:36535-38394	-0.148895477742913	10.0672066014906	-1.23938716932247	0.229116230910715	0.622534612632649	-6.09197774377738
9:520700-521133	-0.148837667062877	5.54156251738097	-1.32426154299726	0.199900473941485	0.592789487805412	-5.98756131612509
2:526696-528701	-0.148771414599576	10.5667682951867	-1.25263489873869	0.224351704340072	0.619493046654017	-6.07606857298169
17:385045-385316	0.148747832985916	4.37907602263899	1.57176970648663	0.131214820191894	0.507952673258777	-5.65070913408929
16:499722-501502	0.148737417198473	6.71018328226282	1.56045621176889	0.133861137054085	0.51002800908474	-5.66711222820603
5:593906-594186	0.148609655881539	4.94050926753509	1.28651519964837	0.212513021957913	0.60663793768088	-6.0347245111984
1:1013959-1014321	0.148599318708817	5.0524947744925	1.38949069268996	0.17949813023926	0.572526970936529	-5.9033694696047
7:233267-233507	0.14858631560708	4.35999394132055	1.26895425349254	0.218587463375472	0.611498428792884	-6.05627164494221
12:233008-233427	-0.148567280339893	5.1752839939251	-1.53880658913592	0.139048715571367	0.516499627300779	-5.69824100771853
12:176285-176513	0.148516953002997	4.43970297792253	1.36679007804232	0.186401720400266	0.580195246357422	-5.93305192405947
5:713696-713902	0.148514391838369	4.28317380357238	1.40532971384783	0.174803253818918	0.568205783655394	-5.88241965061664
5:265919-266252	0.148414508371492	4.9570337080059	1.38156024902647	0.18188634818211	0.576166521205327	-5.91378508234403
13:340010-340511	-0.148384383474093	5.55851170533315	-1.60663733437429	0.123331763323731	0.495986498326163	-5.59957412390533
10:388947-389732	0.148335244313389	5.89872199534338	1.44374969343733	0.163823799387529	0.551357005123666	-5.8307937785771
17:197228-197913	0.148187753271521	5.546414683686	1.58321120839022	0.128583000846962	0.502803260855847	-5.63402609371128
3:269664-270097	-0.148181887000763	5.36405826673167	-1.67774730822721	0.108482226628868	0.463685852708202	-5.49261509229749
15:98140-99170	-0.148019733058499	8.97069466585908	-1.56051265651857	0.133847824922423	0.51002800908474	-5.66703062172877
3:328032-328329	-0.148001008020755	4.87918084523134	-1.74691530847655	0.0955236491412649	0.437831219178465	-5.38522953328983
1:1035002-1035449	0.14797460823184	5.48106408555357	1.58967178784689	0.127116467550992	0.500886053486062	-5.62456408728457
7:607233-607698	0.147912514275169	5.56040693706306	1.33619303527047	0.196038073220726	0.588025751047661	-5.97241423468883
5:373113-373904	0.147897859905158	5.99388916610074	1.77058497766697	0.0914055201988801	0.435946569339119	-5.34774348960311
1:81684-82523	0.147843043024552	6.24472456882943	1.59716456622041	0.125433157257088	0.498613509664943	-5.6135527707036
4:798198-798546	0.147820118607544	4.89806039731059	1.42813266666059	0.168217626070741	0.556245515242806	-5.85191621393111
9:179969-180778	0.147703222662271	6.08442105714018	1.55768000938401	0.13451724483174	0.51002800908474	-5.67112312988215
6:302947-303231	0.147671141931771	4.28009331056434	1.211276898305	0.239481560276125	0.63298732536915	-6.12525239229867
6:748026-748600	0.14754640117207	5.57551622069026	1.48791083543238	0.151900312447392	0.534937685691996	-5.77005732244559
9:492469-493006	0.147509083785011	5.3963586538445	1.71216673424166	0.101857704262341	0.450230409868613	-5.43958345459515
14:198536-199094	0.147291224422261	5.3709192083106	1.7269125255975	0.0991271905885261	0.444582470014271	-5.41661723061294
13:313253-314155	0.147258428633958	6.16883246763243	1.44528823990921	0.16339600115245	0.551357005123666	-5.82870272248698
11:101693-102571	0.146915818520744	6.16095724878866	1.56193727991743	0.133512200584183	0.51002800908474	-5.66497016667891
20:138840-139214	-0.146650349156554	5.02752648250296	-1.48136409675065	0.153621862855042	0.537296566373172	-5.7791545641745
2:604566-604927	0.146534723235933	4.84147158387798	1.44929653746279	0.16228572597825	0.551357005123666	-5.82324648987927
10:128891-129793	0.146526763080939	5.84502891056823	1.50736173254961	0.14687833596759	0.525941945432747	-5.74283886743182
4:865302-866081	0.146509484626457	5.9605069854491	1.53920882196658	0.138950839467935	0.516499627300779	-5.69766579275889
5:20887-21160	-0.146452572351317	4.88908494644595	-1.55941009200029	0.134108056791007	0.51002800908474	-5.66862426308963
10:531577-532985	0.146248325858751	6.49652069941757	1.60004801812971	0.124790356042306	0.497826767954868	-5.60930455097659
16:114658-115447	0.146233312776485	6.05102437995874	1.58870761272069	0.127334441555916	0.500886053486062	-5.62597810174535
1:459595-459822	-0.146210225362963	4.61174333141573	-1.54454731823001	0.137657200431477	0.514872811999302	-5.69002018937633
5:126252-126751	0.146028799324955	5.12969857448781	1.45226802794437	0.161466592070705	0.549722774114345	-5.81919366597953
5:830916-831345	0.146008281765384	5.2694632287405	1.24610055680258	0.226692186848233	0.620715818089299	-6.08393379693771
6:546953-547718	0.145911817669012	5.7624538997348	1.68874866967715	0.106326093994092	0.458980018912814	-5.47575298359413
7:693905-694792	0.145910801121487	6.26497492791942	1.4666678696025	0.157544452008756	0.54537429790502	-5.7994583408762
5:814317-815507	-0.145903232798313	10.1513623723318	-1.25759700293808	0.222586792176824	0.61805116735947	-6.07007226601094
1:103936-104325	-0.145858021151967	5.18333607681221	-1.24494775757698	0.227107032776459	0.620715818089299	-6.08531772923332
4:160597-160983	0.145823237322087	5.21185296441208	1.52979523103928	0.14125644841492	0.517960146876762	-5.7110965034264
1:789456-790373	0.145733377907894	6.12445761017702	1.71518329479856	0.101293946298881	0.450230409868613	-5.43489719791759
15:39009-40335	-0.145422664574049	8.6069528671272	-1.33342705443809	0.196928195000099	0.588025751047661	-5.97593581890262
20:67308-67582	0.145294460327953	4.46095204488666	1.39324087848397	0.178377527801705	0.571615652288197	-5.89842691762499
9:452157-452665	0.145262186401431	4.93777371588183	1.35239957458237	0.190886126821189	0.585745828163015	-5.95165766021897
11:466708-467184	0.145100767040261	5.58901771726378	1.57448925382646	0.130585228870618	0.50649868667668	-5.64675229576623
16:332645-333064	0.144876858109947	5.29529258397847	1.74965320358702	0.0950392780481042	0.437831219178465	-5.3809125041806
16:17232-17497	0.144809329916693	5.95906437134737	1.60019636508086	0.124757360126887	0.497826767954868	-5.60908582889215
4:353536-354674	0.144700033512561	7.74402063779145	1.55564678220586	0.134999454772042	0.51002800908474	-5.67405705655008
8:566168-567154	0.144606889098378	6.24478476562519	1.76339378955529	0.0926401678378222	0.437831219178465	-5.35917153037717
3:293557-294183	0.144540318411565	5.59726733500691	1.35681761857022	0.189500377582801	0.584564913894292	-5.94596296279343
6:396748-397081	0.144518386349434	4.97085090728098	1.58864898711967	0.127347705287564	0.500886053486062	-5.62606405776761
8:701571-701812	-0.144324875739143	4.46936755944489	-1.24359250838653	0.227595475342683	0.620976608616019	-6.08694329552215
3:473812-474230	0.144285803358401	5.2809830850835	1.69550196224103	0.10502068131188	0.45682465456946	-5.46536085049199
14:406230-406590	0.144263143820258	4.87416257209505	1.24915893036351	0.225594414423386	0.61964521503493	-6.0802569015602
4:823539-823777	-0.144200341794909	4.54850375181646	-1.37264429588907	0.184601499204045	0.578596103662428	-5.92543600657163
7:426931-427147	0.144175356665314	4.34129315109377	1.39360129361501	0.178270126293096	0.571615652288197	-5.89795132932281
14:305711-305932	0.144164399534146	4.40453246485322	1.55273760612611	0.135691902363928	0.511016967829366	-5.67824971931537
6:518558-518948	0.144163968333696	5.10474802867588	1.28856513473771	0.211812549963148	0.60618476575131	-6.03219284142372
3:975740-976132	0.144155957762531	4.734875967848	1.43819120385539	0.165376913194844	0.55227871586788	-5.8383332633966
6:411342-412027	0.144143134022675	5.85011265671309	1.56194507813999	0.13351036534146	0.51002800908474	-5.66495888392084
10:333679-333919	0.144110559142738	4.36499669578362	1.55254106987578	0.135738788315421	0.511016967829366	-5.67853274151465
13:334051-334799	0.144083537445126	5.80078252807342	1.33379840793819	0.196808505159057	0.588025751047661	-5.97546337595531
5:133096-133531	-0.143977202818877	5.22185596623529	-1.42560882957551	0.168936543560886	0.556561637042848	-5.85531214655053
13:546411-547118	0.143684343277245	5.81430368435322	1.53518428351427	0.139932708602069	0.516924780826086	-5.70341573866194
18:51433-51775	-0.143652886684063	5.08278009328026	-1.30573042539434	0.206017255474433	0.600728135256509	-6.01085962815521
16:99996-100984	0.143617640553084	5.96342155069421	1.27379457388264	0.216899936430796	0.609443889180315	-6.05035780183789
3:785043-785927	0.14358131847312	6.04227924926362	1.53502519712444	0.139971638490513	0.516924780826086	-5.7036427838158
2:1023223-1023427	0.143564550459411	4.46810214985525	1.23839971571519	0.229474442314681	0.622534612632649	-6.0931577547478
7:358919-359228	-0.143531407832596	4.86080724386939	-1.3454400647289	0.193085254170623	0.586105477451608	-5.96059673044987
4:241524-241764	0.143250379743812	4.70314199869142	1.40072250363914	0.176158629987777	0.569715338024053	-5.88853367128203
1:387240-387949	0.143232032003966	5.77070115010051	1.4078241910152	0.174072908904868	0.566654792915048	-5.8791024458466
20:91291-92157	0.143118217184953	6.16520498952616	1.51802145147468	0.144184460958877	0.520040005843623	-5.72780243424755
13:59111-59326	0.143065424761839	4.16284674248378	1.36487209380494	0.186994537312132	0.581241353478544	-5.93554119510798
9:600453-600698	-0.143048164397876	4.67908247097314	-1.37495761577581	0.183893953357269	0.578596103662428	-5.92241908928169
1:406330-406580	-0.142963298327222	4.69135332147939	-1.15331737893339	0.26196719720471	0.652599233163857	-6.19176373013084
12:41908-42437	0.142864521331208	5.56679758204863	1.6598614494292	0.112066876245425	0.471158013394525	-5.51985087044574
20:100733-101182	0.142764695554682	4.8887236205741	1.421223748722	0.170191522350356	0.559307822349627	-5.86120076637144
11:455414-456195	-0.142698835548007	9.53100381910782	-1.10918111939631	0.280114388979566	0.668875450830085	-6.2404902952836
7:206808-207247	0.142596065314018	4.976378170031	1.45761701210863	0.160000519356246	0.54962572880933	-5.81188118713307
15:291781-293181	-0.14259132021437	8.89539147117302	-1.54195313822789	0.1382845788944	0.514943240541874	-5.69373809602103
5:437555-438454	0.142485414896987	6.0416018482631	1.54393302993851	0.137805547090072	0.514872811999302	-5.69090101667197
13:6042-6244	0.142382828232677	4.14815445819332	0.92937319701774	0.363442869487565	0.729291416130868	-6.42130037464482
15:415147-416083	0.142335176364788	7.52288950071004	1.2236134834478	0.234889615101045	0.629298309190673	-6.1107304573749
14:392885-393107	0.14224486356296	4.13481105948915	1.16435674042968	0.257567516122932	0.651864429919093	-6.17931508845713
16:234362-235244	-0.142162439506432	9.65353999979509	-1.26127794433403	0.221284471274017	0.616346791177661	-6.06561103450353
8:367232-367649	0.142146608218534	5.27362339133414	1.45264146015108	0.161363887653184	0.549722774114345	-5.81868386375699
1:148908-149109	0.142091685992962	4.6304622697268	1.09137706561118	0.287689000711756	0.672834265107407	-6.25966942637493
5:360387-360752	0.142042605115013	5.11313969853554	1.56111152617367	0.133706653070595	0.51002800908474	-5.66616464727868
2:274540-274833	-0.142037294280665	5.00606633866922	-1.195714377044	0.245370828767649	0.639650454026788	-6.14338981532732
1:610697-611014	0.142016683170815	4.83363367268035	1.41602909426125	0.171687890964597	0.562766118346237	-5.8681572978106
9:219059-219422	0.141852432361822	5.05787149981393	1.09642626145219	0.285525921987045	0.670873504889245	-6.25425826453563
5:666738-666971	-0.141711370134552	4.35378046834231	-1.35052580719266	0.191476260292872	0.585745828163015	-5.95406819346002
7:486325-486717	-0.141635719459448	5.32360837557083	-1.43892847373415	0.165170228437638	0.55227871586788	-5.83733460098421
6:711059-711355	0.141576615891174	4.70950813643708	1.34230497458347	0.194082415852788	0.586968171187216	-5.96461095727855
17:385827-386308	0.141518669937118	5.20523559877455	1.48420242666161	0.152873540415362	0.53667605246993	-5.77521443091286
13:419598-419943	0.141412697162618	4.80911159744995	1.36093971499039	0.188214644503984	0.582606326970837	-5.94063576188994
8:527643-528830	0.141323255499048	7.37911247737318	1.16201580476913	0.258495857166937	0.652246582431495	-6.18196354637386
7:22581-22815	0.141255438679142	4.50599160955496	1.25495965010577	0.223523507902486	0.618612522634944	-6.07326182443417
7:380690-381064	0.141230715844772	4.98669631795814	1.57152757142888	0.13127099820607	0.507952673258777	-5.65106117162435
3:895535-896863	0.141073741520172	8.84029962766121	1.21590814063473	0.237749800055796	0.63298732536915	-6.11981566937076
6:344863-345228	-0.141064507809602	4.59597029204098	-1.10390218546726	0.282344954242899	0.670206533157814	-6.24620566939343
10:17999-18302	0.140952762177828	4.6839330754551	1.35849096907247	0.18897760301699	0.583756902073188	-5.94380202906615
13:245756-246737	0.140900468601619	6.22626696351806	1.46406804403218	0.1582467890787	0.546537521540324	-5.8030331322942
1:169813-170205	0.14084050168461	4.86008981759695	1.39393385016099	0.178171072316545	0.571615652288197	-5.89751241189204
2:436717-436987	-0.14073689031052	4.82288197951749	-1.08790417272815	0.289183666272065	0.673005230960339	-6.263378385337
10:535933-536877	0.140632369974536	6.28543026670438	1.53089683447636	0.140985018871857	0.517960146876762	-5.70952818189495
4:825688-825998	-0.140554830156189	4.78832024843348	-1.41924931590631	0.170759035292382	0.560761145978506	-5.86384733090516
10:156989-158237	-0.140509578313827	9.3795172323225	-1.26538984042903	0.219836621338247	0.614003967412214	-6.06061431262252
13:381710-382616	0.140455542606701	5.95286150255246	1.37792207093378	0.182990407455418	0.57761993213713	-5.91854683015839
3:788464-788737	-0.14017899184898	4.28987892808409	-1.21328325001513	0.238730155827852	0.63298732536915	-6.12289929330936
5:643571-644465	0.140139130551846	6.13940987594545	1.67732209672218	0.108566303315057	0.463685852708202	-5.49326515346287
12:528162-528413	0.139877726546229	4.32124430016371	1.43082509418061	0.167453406302562	0.554790115921736	-5.84828802015801
16:182327-183161	0.139765642183033	6.17814391858752	1.6174335218959	0.120972854988927	0.491244700868127	-5.58356451550867
15:427857-428793	0.139732375953706	6.17872314293103	1.60155528101917	0.124455444474418	0.497726009430758	-5.60708151667236
5:544941-545331	0.139683784372012	4.97974982661008	1.47936629636854	0.154150371771275	0.53820363810314	-5.78192424219351
14:202548-202953	0.139615764275178	5.28792311109065	1.45478736448553	0.160774729738753	0.549722774114345	-5.81575225478844
12:456507-456855	-0.139608913740893	5.15681823882306	-1.22023739285934	0.236139567553933	0.630644811677448	-6.11471723927222
4:571262-572057	0.139598268555691	5.98200849769756	1.48125573065586	0.153650492617887	0.537296566373172	-5.77930487623286
17:198895-199266	-0.139537478290533	5.20477232919893	-1.53526308091291	0.13991342947381	0.516924780826086	-5.70330327356633
11:247206-247717	0.13953228716414	5.3958139725372	1.49889935369994	0.149046221030423	0.530011834753364	-5.7547154440419
9:176945-177200	0.139477378925352	4.59656051851016	1.46551704331748	0.157855031734	0.546027142226727	-5.80104137394564
1:436265-436548	-0.139460428464073	4.91589290564894	-1.51827829617614	0.144120057307509	0.520040005843623	-5.72743909082341
5:55355-56298	0.139424007647309	6.24267676530454	1.5278464255191	0.141737680402209	0.51800736563388	-5.71386876709552
1:86745-87164	0.139263782482722	5.19384180185087	1.64669252916495	0.114769846647495	0.478321864470876	-5.53976174662281
3:984273-985013	0.139090953916896	5.76525086052542	1.56716791837845	0.132285915924446	0.50956261590174	-5.65739234783859
6:579243-579510	0.139035180183662	4.50982131171121	1.40196841652276	0.175791272558236	0.569215434522918	-5.88688190824377
13:239452-239770	0.138946490341268	4.98473569544636	1.53117567927296	0.140916381233442	0.517960146876762	-5.7091310563876
1:697443-697758	0.138929735170568	4.88787278699194	1.28931466823972	0.211556878814483	0.605854375227736	-6.03126631285901
4:831500-832352	0.138889848663357	6.09877791937896	1.61969460892198	0.120483648715603	0.491244700868127	-5.58020106986784
19:62886-63278	-0.138846700457599	8.27967866589885	-1.0013822804118	0.328242979936891	0.707714633043124	-6.35235455609402
11:60961-61342	0.138641715762695	5.00260302268901	1.22941435255952	0.232753679665101	0.626085018137614	-6.10385809417801
14:265937-266338	0.138595549511573	4.97074836591513	1.25391714062192	0.223894612749913	0.618612522634944	-6.07452103172041
15:197708-198708	0.138536099002782	6.21256628454805	1.61363512705261	0.121798427097768	0.493366298361636	-5.5892065895501
18:73155-73392	0.138484893447445	4.10180089558785	1.28379025923009	0.21344692607202	0.60714836523982	-6.03808450895073
3:909907-911519	0.138402664191194	9.44514547128887	1.33356838742914	0.196882635640361	0.588025751047661	-5.9757560254144
9:683309-684582	0.138345054747468	9.19044665720526	1.13129495992353	0.270910197104702	0.660814191956756	-6.21628610901431
1:832909-833641	0.138280484010712	5.52362006738367	1.40311678711828	0.175453219036665	0.569078701745011	-5.88535838982637
11:479444-479729	0.13819695676133	4.40617696812852	1.19338357881749	0.246262182637353	0.640495213995725	-6.14608872212265
5:192576-193447	0.138120521033011	6.17797293850863	1.4317719997242	0.167185302775525	0.554723065398999	-5.8470106853363
10:280449-280855	-0.138104391393922	5.19224070176603	-1.22902306850407	0.232897287314853	0.626095049862631	-6.10432253481817
1:948240-949715	0.13809352488939	6.75279611817127	1.55618749538056	0.134871076838551	0.51002800908474	-5.67327710728764
2:889840-890334	0.138043087771535	5.17986680164464	1.49847673026402	0.149155172476708	0.530011834753364	-5.75530717369537
18:46977-48232	0.137905339530269	9.18769262674071	1.21050637043181	0.239770608377316	0.63298732536915	-6.12615519051572
7:267918-268122	0.137855840027392	4.04455574252251	1.05684634153339	0.302800337701005	0.684166739802978	-6.29607802069824
5:400652-400944	0.137726223708178	4.74935919207584	1.45418102124164	0.16094102409486	0.549722774114345	-5.8165809615903
13:6650-6911	0.137656380633714	4.60852876471231	1.33795865134016	0.19547153673154	0.588025751047661	-5.97016309151329
3:488989-489290	0.137614319363832	4.68678275568845	1.27260911912823	0.217312299388773	0.609498810932401	-6.0518079512298
10:169897-170200	0.137534650691364	4.70882883670887	1.20893664292095	0.240360277205531	0.63298732536915	-6.12799284152033
11:268407-269043	-0.137438753443341	8.7316957969348	-1.4829087470762	0.153214247483438	0.537029735110312	-5.77701105342989
3:546649-546978	0.137404320920037	4.97883297421523	1.22549389389674	0.234195602997369	0.628829945420649	-6.1085057825278
4:410736-412932	0.13732871030509	9.49208088231974	1.29293577368839	0.210325067601383	0.605601391356154	-6.02678367690803
11:558054-558986	0.137296227572568	6.36129233882966	1.66322448241519	0.111385303520895	0.470577718998171	-5.51474672888917
1:331291-331874	0.137250495929979	5.46498553715901	1.34920702951224	0.191892466076966	0.585745828163015	-5.95576307812529
18:146028-146723	0.137111949405694	5.65683240111292	1.40627480943145	0.17452625573612	0.567717674909064	-5.88116341358643
10:178279-179008	0.137096207576975	6.0772728143437	1.34622430804291	0.19283644699203	0.586105477451608	-5.95959134551861
17:102291-102725	-0.137057878989763	5.26272763344806	-1.56609806179586	0.132535971126214	0.5098678101997	-5.65894390666478
13:199513-199853	0.137057203015166	4.69922497497932	1.41342421136227	0.172442222685775	0.562766118346237	-5.87163781151737
2:616684-617110	0.136955796463253	5.23493817408791	1.27934946839119	0.214975705020705	0.60714836523982	-6.04354725661922
1:729505-730848	0.136881197770618	6.79613828545356	1.59243594789071	0.126493292944231	0.500604756161252	-5.62050659491738
2:150651-151411	-0.136872954204968	9.21615314875853	-1.0888743536185	0.288765554796991	0.672834265107407	-6.26234331647419
14:136300-137583	0.136814582818736	6.5878022056408	1.66821138499382	0.110381095216263	0.468308798282456	-5.50716354959439
13:160106-160611	0.136446950379908	5.28327236403617	1.57024313356639	0.131569336904551	0.508552980988576	-5.65292789110357
2:589024-589455	0.136401452557571	5.27374543265376	1.24913714798789	0.225602218552879	0.61964521503493	-6.08028311651807
1:425863-426138	0.136383078081556	4.78070722036882	1.35934284491295	0.188711905810481	0.583338736469414	-5.9427010793304
16:84135-84379	0.136278247822011	4.43104680941975	1.29234306483668	0.210526310310584	0.605601391356154	-6.02751813280023
17:328008-328349	0.136231703299284	4.92330611298156	1.35607343677741	0.189733236167912	0.584880141244886	-5.94692327154044
14:88419-88950	0.136222262448953	5.2246227240634	1.40394751136852	0.175208997952257	0.568698676457074	-5.88425564545456
8:425226-426051	0.136210811357313	6.15461282496416	1.48890889701984	0.151639249805214	0.534859954395696	-5.76866759838256
9:48308-48775	0.135998334033921	5.4035484866707	1.43867924080165	0.165240074527001	0.55227871586788	-5.83767224395499
9:710661-710929	0.135877387095964	5.11800042662956	1.52949585101212	0.14133028862371	0.517960146876762	-5.71152256740943
16:158918-159171	0.135816702392511	4.65036775547401	1.32986927053083	0.198077796061116	0.590277107303299	-5.98045649919295
9:539896-540617	0.135784960100239	5.80037736580765	1.57986631063969	0.129347813795588	0.503444186564392	-5.63891312966509
20:117075-117501	0.135781119740933	5.11840336223731	1.39986498594415	0.176411825967271	0.570122262115167	-5.88966981796557
2:14893-16463	0.135675834149172	9.80821092163356	1.2800512301615	0.214733555439396	0.60714836523982	-6.04268507040553
1:1060595-1060980	0.135663833072583	5.01962904787095	1.43219296552419	0.167066223246639	0.554723065398999	-5.84644259886952
4:419377-420400	0.135647091120472	8.81921312579272	1.21049850893333	0.239773558821621	0.63298732536915	-6.12616439897141
9:68774-69841	0.135510192454452	8.73109511961556	1.09049568560233	0.288067798587967	0.672834265107407	-6.26061171326467
1:1073470-1074348	0.13543656120007	6.01916624407853	1.56468245474511	0.13286744178043	0.509931452127049	-5.66099561142826
8:369844-370157	0.135422155472348	4.87331893535332	1.4746712184972	0.155398274423463	0.54045273995293	-5.788421463647
12:142899-143286	0.135383747051602	5.20256030043929	1.38107871303743	0.182032172080376	0.576220652214825	-5.9144159275342
2:603089-603338	0.135305487908592	4.4818926266771	1.28035118098195	0.214630118983468	0.60714836523982	-6.04231642733628
3:399763-400454	-0.135206378357925	8.89243908334228	-1.23860561547818	0.229399714256429	0.622534612632649	-6.09291177045611
10:106628-106997	-0.135186160383106	4.92452181761943	-1.50372766840133	0.147806115591914	0.527575895844823	-5.74794567117069
4:630609-631686	0.135064610276343	6.49683575271056	1.47673850574748	0.154847799902915	0.539376460984784	-5.78556272791262
5:705796-706018	0.135028736898676	4.12574956375306	1.24858082594872	0.225801606236633	0.61964521503493	-6.08095251384316
16:432521-432954	0.135021634199763	4.65212670439399	1.34997241822905	0.191650822744297	0.585745828163015	-5.95477957394791
3:296348-297138	0.1350129992146	5.81444204709474	1.48536300901708	0.152568413112149	0.536513472163988	-5.77360157692061
20:98100-98509	0.134857180294711	5.29975413757038	1.4842227132306	0.15286820262046	0.53667605246993	-5.77518624750684
7:321983-322195	0.134848471483617	4.2452138933293	1.33183721897126	0.197441257210185	0.588772196717379	-5.97795718898089
3:704866-704963	0.134780183285301	3.00962319867726	0.853227162429715	0.403330884489516	0.759475462633397	-6.48904915098049
11:123171-123889	0.134687132263116	5.82148248552381	1.68318536017746	0.107411834349872	0.460700061347784	-5.48429043799099
17:189201-189564	0.134661341975836	4.80749353208844	0.992471879024321	0.332465608260014	0.709302222388857	-6.36113971028729
13:309286-309764	0.134610881997642	5.15715981199489	1.24866504065381	0.225771414730298	0.61964521503493	-6.08085119850081
11:452931-453237	-0.134438105385127	4.91774033475159	-1.14607384127001	0.264884225118524	0.654316662047744	-6.19987542524848
9:422364-422694	0.134425407113293	4.92078161593123	1.37362913990178	0.184300013389037	0.578596103662428	-5.92415213745632
14:379501-380150	0.134370740399169	5.72029736169791	1.34313177085664	0.193819047804076	0.586757826151437	-5.96355307337437
2:1047312-1047914	-0.134217343536083	5.77912724854846	-1.5285905478983	0.141553769760448	0.51800736563388	-5.71281055065133
12:524757-525007	0.134211877771583	4.43974926358685	1.24085588092574	0.228584227824289	0.621593562418906	-6.09022113187392
4:179193-180528	-0.134145805764225	9.63880050163662	-1.29049274834798	0.211155511661645	0.605610581735487	-6.02980911600894
12:40562-41254	-0.134069773307971	9.03568716706976	-1.29159605000584	0.21078015765658	0.605610581735487	-6.02844339010534
11:202439-202641	0.134017892667656	4.24707679544474	1.52096836773655	0.143446945350844	0.520040005843623	-5.72363066025659
12:416648-417500	0.133988452982725	6.08863625083163	1.44875447725008	0.162435515177186	0.551357005123666	-5.82398507953326
3:668944-669613	-0.133907106536157	5.57856947779737	-1.15244065253113	0.262318988797328	0.652662475740321	-6.19274792123202
4:6249-7099	0.133894312519836	6.07162652176359	1.4606804093063	0.159165768543473	0.548236004753565	-5.80768346488915
4:95257-95484	0.133878708553982	4.28470646902082	1.03436589882037	0.312938162493862	0.692380789691674	-6.31921703814965
15:170483-171098	-0.133874839579402	8.7343402887656	-1.18090724475983	0.251074898101142	0.647539075482163	-6.16045753144176
20:82712-83623	-0.13381491273025	8.53292128667339	-1.1205497709746	0.275354398991608	0.665130215804877	-6.22809975772783
4:305048-305879	0.133713158092937	5.79274698067022	1.39575934583701	0.177628120598088	0.571166284336955	-5.89510153160281
3:606024-606221	0.133656615377281	4.28749806619742	1.23275485529684	0.23153040598667	0.624295239274902	-6.09988784730967
14:144074-144451	0.133591002442443	5.03328662925139	1.38260956750784	0.181568904631341	0.57597619924159	-5.91240977197384
9:163039-163895	-0.133453115583483	9.0955891131678	-1.11025840788928	0.279660774360758	0.668875450830085	-6.2393209719943
5:276885-277133	0.133424896164573	4.44991670025194	1.13964356960685	0.267493825189037	0.656776398260993	-6.20703873411921
4:471093-471824	0.13341892684778	5.97224513841402	1.41585111170684	0.171739347276925	0.562766118346237	-5.86839527661053
16:309125-309533	0.133295221994048	4.92262749076933	1.06904063710805	0.29740028413597	0.680601734784834	-6.28333999750284
8:420760-421276	0.133248927985184	5.43829666640937	1.65422641277943	0.113216822260181	0.474937672386663	-5.52838563143193
14:432471-432718	0.133176252155242	4.20903101067165	1.2954552447987	0.209471298398133	0.604899052664545	-6.02365848376123
8:302093-303080	-0.133108809545577	9.39388730013173	-0.897509295312581	0.379801752410107	0.745283929762227	-6.45030149592975
18:118565-119474	0.132893402630708	6.17106978437516	1.62444060874536	0.119462215833612	0.489663807757554	-5.57312944443328
3:99470-100068	0.132849751157572	5.4910603745888	1.19701343988699	0.244875091402356	0.639596277188449	-6.14188360258772
5:185364-185663	0.132838023961167	4.43680785506969	1.44326933876997	0.163957549191592	0.551357005123666	-5.83144626260726
13:124918-125208	0.132724016597844	4.86891818374345	1.24482279877156	0.227152035306138	0.620715818089299	-6.08546767586928
9:94102-94434	0.132649764838935	5.06613134924398	1.44417082815062	0.163706611412165	0.551357005123666	-5.83022158981424
5:100476-100817	0.132614779518756	4.86270538089147	1.43726018381574	0.165638212023852	0.55227871586788	-5.83959377193015
3:728078-728967	0.132588829998213	6.25448268496853	1.37090452002887	0.185135046478843	0.578596103662428	-5.92770215571257
10:365249-366649	0.132522262901837	6.73442601269318	1.49784770830916	0.14931745389276	0.530011834753364	-5.75618764140215
3:639380-639896	0.132405055287704	5.48542739285479	1.34954439141775	0.191785926827	0.585745828163015	-5.9553296344945
13:163881-164152	0.132181145707424	4.57815570992032	1.29448748380638	0.209798922731445	0.605454531364248	-6.02485952060156
4:158567-158794	0.132110062354311	4.37049877680665	1.20909503166914	0.240300728671318	0.63298732536915	-6.12780751241461
19:99899-100367	0.132105367073828	5.79145092312719	1.29034442029769	0.211206013871558	0.605610581735487	-6.02999264886925
12:226637-227265	0.132063213897464	5.39871016198332	1.40167786446428	0.175876886940392	0.569215434522918	-5.88726721444958
4:589751-590703	0.131908257407627	6.08113266948114	1.49654607615304	0.149653721508055	0.530364257696006	-5.75800864800911
7:714695-715019	0.131698173974174	4.93246884088019	1.32314038679131	0.200266456033292	0.592852286511254	-5.98897875659572
2:316200-317152	-0.131692187150412	9.59923479238991	-1.0901639869478	0.288210448938218	0.672834265107407	-6.26096615819707
8:484436-484642	0.131668895587643	4.34119666017076	1.37295621898161	0.184505969224707	0.578596103662428	-5.92502945800373
5:339282-339696	0.131654348320947	5.13148144248103	1.33351755264398	0.196899021519936	0.588025751047661	-5.97582069554994
13:438901-439648	0.13155521912975	5.95883921981265	1.5266082994772	0.142044121332446	0.51800736563388	-5.71562859904027
14:491142-491872	-0.131491611172398	9.02291758415299	-1.34768846075086	0.192372610480307	0.585754969054323	-5.95771301820267
16:507578-508720	-0.13147821250525	8.16879871198049	-1.14674269241946	0.264613870218858	0.654172391767634	-6.19912829192052
7:394415-394656	-0.131443072972429	4.75720734272842	-1.00143979749552	0.328215844524078	0.707714633043124	-6.35229761623451
5:718360-719775	0.131428392743312	6.45330906660296	1.29988919685405	0.207975320706754	0.603486660206489	-6.01814601576429
8:596321-596885	-0.131420248001975	5.13259569950106	-0.990043627537138	0.3336228606343	0.710416709894923	-6.36352147206384
6:498027-499623	0.131343707691764	6.96555272665746	1.60985721422506	0.122624233612144	0.495030951641061	-5.59480806380407
6:47164-47618	0.131251859059352	5.41416274667553	1.5127834439495	0.145503063159374	0.523109807792254	-5.73520165127241
12:221225-221934	0.131156397294465	5.67410953291886	1.1741836339269	0.253697577112374	0.65000020329421	-6.16814641528447
8:582735-582950	0.131098065982237	4.40639228354514	1.08719048961834	0.2894915163371	0.673005230960339	-6.26413927687458
7:580266-580999	-0.131078700114475	5.81642991487525	-1.35744238150704	0.189305060495819	0.584365138468472	-5.94515641542366
1:885032-885926	0.131029197859601	6.19610606324376	1.55709689259955	0.134655393181103	0.51002800908474	-5.6719648701428
3:131241-131876	-0.131026163490034	8.28710391032348	-1.16945470562104	0.255554423525979	0.65140182215392	-6.17353128225297
3:571097-571328	0.131022434962699	4.40909869789829	1.07313626862994	0.295602194474677	0.679990982565746	-6.27903243804615
1:391784-392572	-0.13101133234748	5.95340553673356	-1.5182725274492	0.144121503552262	0.520040005843623	-5.72744725204714
5:720356-720634	0.130982254796868	4.61296044108602	1.32006973385411	0.201271507221473	0.593157226534162	-5.99285570526804
4:884405-884639	-0.130961261793396	4.26164239039624	-0.9651163940804	0.345663927894716	0.718287716460887	-6.38766435078729
7:742798-743693	0.130899694479458	6.20635726293512	1.51901935370715	0.14393437029924	0.520040005843623	-5.72639048492967
1:289988-290225	0.130811853272523	4.67136747119921	1.3109382881345	0.204283655997001	0.598412070839384	-6.00434001838888
17:91342-91829	0.130523652240943	5.614499799147	1.34176299711804	0.194255210595152	0.58709407334497	-5.96530412016366
15:510284-510755	0.13047450466534	5.379199789186	1.36149126792527	0.188043133694213	0.582478246654184	-5.93992193949583
17:79989-80792	0.130394001103675	5.88114717817119	1.36149409517132	0.188042254853363	0.582478246654184	-5.93991827983991
8:578652-578882	0.13038841679619	4.5456148091236	1.06029104569289	0.301267851743225	0.682945660660198	-6.2924929796545
9:414690-415689	0.130361806722326	6.2272675653258	1.33451815561654	0.196576688309586	0.588025751047661	-5.97454738495042
10:325999-327711	-0.130326936663938	9.72704982896249	-1.10781060461736	0.280692248231787	0.66927953273636	-6.24197644171484
17:367915-368133	0.130306199577202	4.22120739462679	1.14816853873265	0.264038213863838	0.654172391767634	-6.19753428632404
6:433285-434149	0.130223002846624	5.77762054921043	1.47945998862718	0.154125552796791	0.53820363810314	-5.78179441795397
3:89436-90318	-0.130117457806023	5.9684716185795	-1.50609837269123	0.147200329129948	0.526149498179044	-5.74461533372057
4:111604-111876	-0.130111210334277	4.21906742691584	-0.950610191932662	0.352806505441333	0.720749392220633	-6.40145545190266
1:902975-903628	-0.130087297115496	5.56839991550711	-1.52617038583206	0.142152637344331	0.51800736563388	-5.71625076383
5:69399-70135	0.130047397706496	6.04703061828681	1.3794666489709	0.182521032388599	0.576952076957181	-5.91652651545589
4:804035-804264	-0.129909007017214	4.63611016365074	-1.47792787531034	0.154531817413663	0.539114898475103	-5.78391655168264
17:8429-8642	-0.129797038395642	4.4122614826701	-1.22447155856604	0.234572727438131	0.629087793896388	-6.10971565206533
14:264842-265348	0.129796963600409	5.40426628695769	1.0991977232284	0.284343656493898	0.670206533157814	-6.25127868801392
1:717114-717632	0.129772501060854	5.41186846618284	1.45213730306465	0.161502557631895	0.549722774114345	-5.81937210382653
3:156214-156729	0.12971612745246	5.41186856601967	1.34991142634598	0.191670069870484	0.585745828163015	-5.95485796399293
9:64478-65568	-0.129702139402079	8.92671736789551	-1.24822383914018	0.225929622640082	0.61964521503493	-6.08138192529458
2:399436-399688	-0.129699581168673	4.50654161428292	-1.09791119842232	0.284892026236655	0.670792587814449	-6.25266265159752
1:346206-347088	0.129656842989546	6.10274061005804	1.38490571317378	0.180875806506815	0.5745919871714	-5.90939726580994
3:932357-932734	0.129586869655075	5.05875986484879	1.1330492006258	0.270189683600382	0.660814191956756	-6.21434798880784
14:476556-478066	0.12956862074656	6.57062099261301	1.25776961677917	0.222525589818359	0.61805116735947	-6.06986331063853
11:178544-178825	0.129313785916391	4.57612565729118	1.48300709578679	0.153188324330951	0.537029735110312	-5.77687451405097
4:622032-623332	0.129289837739252	7.7418430159733	1.09462863836169	0.286294667705442	0.671597777791488	-6.25618730086571
6:664226-664434	0.129120589924534	4.47479653484052	1.00382774613082	0.327090637160994	0.706932733912413	-6.34993101712098
9:695219-695616	0.129058052166274	4.86300958998193	1.23511119707754	0.230670480002326	0.624160226485357	-6.09708171322704
1:857459-857968	0.129027467320674	5.82613927573135	1.31909610845469	0.201591006886932	0.593157226534162	-5.99408340205368
13:136268-136822	-0.128991947085206	5.74063603000378	-1.36699494396288	0.186338488005889	0.580195246357422	-5.93278586526934
10:547912-548459	0.128967806793771	5.56346211333764	1.30756338631707	0.205405792914338	0.600128152143979	-6.00856748539983
3:185719-186018	0.128856375928437	4.7329886697616	1.36808482746558	0.186002378758213	0.579767860251924	-5.93136987902299
4:828362-829956	-0.128838718671838	9.97823425686768	-0.93123664207351	0.362501036272991	0.729194364818241	-6.41957554433964
8:15993-16215	0.128820765998173	4.43790396292838	1.10999092533924	0.27977335335477	0.668875450830085	-6.23961139994624
6:305588-306664	0.128795794142251	6.29263697130187	1.41480495413465	0.172042051135409	0.562766118346237	-5.86979358769854
7:557311-557519	-0.128727168400861	4.28054237290359	-1.26835723565103	0.218796307286211	0.611700356910106	-6.05699974290103
3:285339-285599	0.128710685471384	4.57662158078787	1.46273855689647	0.158606929694734	0.54735899561575	-5.80485920901446
1:176693-177031	0.128661692799475	4.94175564840976	1.47264136164259	0.155940333006653	0.541076690339363	-5.79122529390791
7:663697-664025	0.128563318451304	4.90536240281647	1.37555015716217	0.183713067579132	0.578596103662428	-5.92164564762396
9:270421-270830	0.128489462663529	5.02703867233734	1.03823170014694	0.311177933265186	0.690889101832823	-6.31526982383648
14:79711-80465	-0.128479559589172	5.80185302563274	-1.36419821274546	0.187203177321202	0.581486066405066	-5.93641510623487
7:200648-201370	0.128443507783248	6.02003012357928	1.33640765538561	0.195969138760319	0.588025751047661	-5.97214072925882
1:396107-396966	0.128361078928116	6.11800048418889	1.39185991590939	0.178789524844387	0.571615652288197	-5.9002482357749
2:235387-237379	0.128356840645203	10.2305534348205	1.08626417331479	0.289891439966831	0.673005230960339	-6.26512620372806
14:320907-322085	0.128191781180432	6.47337541424498	1.54214871451302	0.138237198263586	0.514943240541874	-5.69345797375285
7:551825-552551	0.128124603556455	5.94711696069038	1.32383626272538	0.200039237557886	0.592789487805412	-5.98809910275661
5:65418-66266	0.128087488488855	6.20198619110843	1.42851754581807	0.168108209879102	0.556245515242806	-5.8513979104708
6:391343-392069	0.128009326241908	5.65499648325022	1.21216501000281	0.239148730395344	0.63298732536915	-6.12421120867681
8:419651-419883	0.127902288626027	4.43890894984217	1.37167555549482	0.184898437543268	0.578596103662428	-5.92669813629748
1:618090-618575	0.127892842336389	5.45860855676872	1.25470800618534	0.223613042966776	0.618612522634944	-6.07356585756302
5:131399-131595	-0.127885210181184	4.43903274344117	-1.23716182906944	0.229924105762186	0.623343608353449	-6.09463589150803
5:269372-270297	0.127810114922528	5.76321881928566	1.2354903779576	0.230532329287344	0.624160226485357	-6.09662972122403
5:508159-508924	0.127742508962248	5.8413913288601	1.41537651273256	0.171876618576212	0.562766118346237	-5.86902973840342
5:62052-62450	0.127738031603377	4.61634143424564	1.29249281251186	0.210475452294666	0.605601391356154	-6.02733259976171
3:210176-210989	0.127723887678274	6.15936423134001	1.39861885219257	0.176780286225024	0.57048922937506	-5.89131982921593
3:810511-811298	-0.127711941923704	6.12839951979947	-1.39701557958854	0.177255251751507	0.570977094240539	-5.89344094666095
16:303528-303945	0.127688595065594	5.38128669352625	1.0250012146362	0.317231367271615	0.69604294113125	-6.32872394843596
3:671226-671501	0.127622656283126	4.54251199789307	1.29871103999273	0.208372007003684	0.604062890769748	-6.01961230460283
1:108183-108476	0.127581629757859	4.50536035401419	1.14475603656822	0.265417490165096	0.654640864998336	-6.20134634433417
4:211276-212323	0.12755060386827	6.37564994967012	1.25437863712203	0.223730274303516	0.618612522634944	-6.07396371835119
5:653262-654146	0.12754318788343	6.1977658953773	1.37216468392111	0.184748462481606	0.578596103662428	-5.9260609646697
9:252976-253311	0.12728231384245	5.22460274229411	1.15193326143368	0.262522742463929	0.652806552926969	-6.19331720568683
12:180632-180857	-0.127255351409986	4.86804794032726	-1.21392391264167	0.238490596148208	0.63298732536915	-6.12214719847706
7:664573-665436	0.127233166594327	6.01833976386602	1.44280861438969	0.164085916137291	0.551357005123666	-5.83207191592782
5:194708-195050	-0.127072442568216	5.22368460367883	-1.35154187299843	0.191156076916979	0.585745828163015	-5.95276140847026
1:936712-937618	0.126976473328449	8.17105532499951	1.19898774857674	0.244123118277975	0.638629501702055	-6.13959174878449
12:200083-200349	0.126974960112266	4.49734636098503	1.08290976809542	0.291342997442133	0.674625585385923	-6.26869382318634
6:201691-202537	0.126959222272895	7.0081450604701	1.36294625066465	0.187591286706424	0.581983910980982	-5.93803773783193
11:179126-180159	0.126828748949655	6.29590315992644	1.42796429121543	0.168265511089982	0.556245515242806	-5.85214292340499
2:1057338-1058137	-0.126776492294502	9.61843519706137	-0.975190748505658	0.340762121595835	0.714403398718013	-6.37797449654209
4:181680-182621	0.126687981545957	6.14376213221788	1.30290421369284	0.206962840448862	0.601927013547178	-6.0143885154616
11:437838-440099	-0.126664957991951	10.2198717211703	-1.14973477572396	0.263406947174065	0.653552935449619	-6.19578132753661
12:353047-353997	0.126617893280072	6.15066557600501	1.34033721838264	0.194710360282365	0.588025751047661	-5.96712650207944
4:198301-198594	0.126572609337948	4.9971190968197	1.32498981968912	0.199663021726429	0.592789487805412	-5.98664003890188
14:482977-483484	0.126535573854755	5.20841868866782	0.923094504703816	0.366628374957499	0.731487453493794	-6.4270886419234
16:266004-266491	0.126529972666587	5.56123813920732	1.44061955632132	0.164696942345909	0.552147516145781	-5.83504238375162
1:344094-344372	-0.126489664399814	4.57489424614215	-1.22342619917835	0.234958822553646	0.629298309190673	-6.11095186809035
6:297826-298711	0.126472266223728	6.12080872358312	1.36637993101157	0.186528364501414	0.580195246357422	-5.9335844811436
2:737413-737932	0.126353961673104	5.15152540692017	1.17948651393096	0.25162738317644	0.647539075482163	-6.16208542053627
8:225083-225919	0.126328756418716	5.91428506400294	1.52917630611847	0.141409137507463	0.517960146876762	-5.71197725606915
9:450357-450634	0.126224718038383	4.5247574546521	1.26463451263828	0.220102033035087	0.614003967412214	-6.06153321902579
4:431980-432291	0.126209264899678	4.79108542566288	1.27782223288871	0.215503422518109	0.607809274852588	-6.04542223054388
2:899540-900422	0.126123674405649	5.8562979852273	1.47591167141172	0.15506777716089	0.53972268318207	-5.78670649848629
13:515614-515861	0.126111210164935	4.54088503540341	1.11237366977314	0.278771660199577	0.668693435719886	-6.23702207378251
2:422674-422943	0.125964686268661	4.92943440256761	1.34330342554258	0.193764404180873	0.586757826151437	-5.96333337322813
16:60288-60816	0.125905472250208	5.4116905208482	1.40214628978748	0.175738876702631	0.569215434522918	-5.88664599489899
14:335308-335732	0.125883780925403	5.32918230662105	1.33897566863601	0.195145790010704	0.588025751047661	-5.96886527313348
4:611563-611994	0.125853122609248	4.56768914624086	1.10899582685646	0.280192464322254	0.668875450830085	-6.24069131633136
4:633874-634356	0.125801852956989	5.22233266231112	1.38876845941748	0.179714586616411	0.572526970936529	-5.90432007118956
15:488171-488450	0.125774693283423	4.56884028421459	0.922584987658909	0.366887697295257	0.731487453493794	-6.42755677809905
5:812919-813962	0.125635355092965	6.71618462006284	1.44498668554159	0.163479778080246	0.551357005123666	-5.82911271132879
4:83898-84179	0.12556990713509	4.7461019534814	0.873188518147844	0.392610386558566	0.752493840948125	-6.47180772171724
2:377056-377375	0.125559712886544	5.09713983690263	1.29712407540762	0.208907269833907	0.604440167922797	-6.02158559935822
16:307415-308400	-0.125549500180231	9.24916601426721	-1.07793313856423	0.29350619891671	0.677531586565855	-6.27396865657021
6:246875-247999	0.125548108266814	8.72361340670475	0.961247549003106	0.347559131649432	0.718530505462297	-6.39136113516023
8:590986-591938	0.125445193154603	6.20674241905493	1.50031809469449	0.148680949490343	0.529853447387561	-5.75272803822228
12:284399-284717	0.125443577984697	4.64990096829508	1.38917924668984	0.179591446393025	0.572526970936529	-5.9037794441528
5:349500-349757	0.125385986551565	4.50511301934655	0.990044275030613	0.33362255168126	0.710416709894923	-6.36352083767311
7:309070-309528	-0.125298270409898	5.47915171969341	-1.231473158845	0.231999175243881	0.624806443075579	-6.10141226368192
12:337459-337762	-0.12529160698432	4.88343485536102	-1.37057833523303	0.185235215719856	0.578596103662428	-5.92812676261759
16:275349-276088	-0.125272433453754	9.61158232421478	-1.15916877692531	0.259628252047278	0.652348140610286	-6.18517828876268
3:300252-300519	0.125201838822053	4.5252875223527	1.37184229772257	0.184847300688125	0.578596103662428	-5.92648094784639
1:770500-770774	0.125178821491706	4.73542615666666	1.27782557795624	0.215502265576951	0.607809274852588	-6.04541812591713
1:1089674-1090570	0.125162211846194	6.12587865954589	1.31262376101413	0.203725041079823	0.597166525129854	-6.00222531724626
3:441193-443631	-0.124969927935735	10.0447682160358	-1.05296050317083	0.304535748958674	0.685786758512502	-6.30010961686311
2:590087-590538	0.124934396615171	5.34050321496021	1.21061629624058	0.239729355765929	0.63298732536915	-6.12602642504162
4:168916-169143	0.124868308754079	4.40051400405406	1.10681975868858	0.281110566329248	0.669571102736804	-6.24304987180019
1:161995-162346	0.124732242666518	4.95349024554546	1.14990243878525	0.263339437448482	0.653552935449619	-6.19559355186272
18:93358-94622	0.124731646215563	6.36526379455986	1.32879229907221	0.198426827547852	0.590923805791207	-5.98182294680967
2:473444-475211	-0.124717177413274	9.1055046347867	-1.17803843425497	0.252191440075703	0.647995916061334	-6.16374288720139
1:259404-260416	0.124690354439347	5.93968032418098	1.31931974574205	0.201517584166098	0.593157226534162	-5.99380147325337
9:392326-392776	0.124649797136914	5.45877390599115	1.34554144795757	0.193053075320791	0.586105477451608	-5.9604667866789
1:43662-44982	0.124536206328225	6.53014307594852	1.3903622120035	0.179237209340553	0.572526970936529	-5.90222183406441
17:28073-28577	0.124514634998023	5.42034441544885	1.27480345901018	0.216549470005322	0.609224027494545	-6.04912274088607
2:153905-154145	-0.124508133969369	4.67492156948694	-1.03679909996974	0.311829424673745	0.691649407750091	-6.31673413961746
12:13266-13597	0.124493352528508	4.86779546839629	1.27147399488968	0.217707721987911	0.609498810932401	-6.0531954528879
18:177868-178345	0.124373306019087	5.58229396019473	1.3445759123502	0.193359706305657	0.586367239447235	-5.96170398953283
17:170306-171266	0.124290231483909	6.03175817034594	1.28409175192618	0.213343440872603	0.60714836523982	-6.03771305026845
5:480672-480946	0.124241710756083	4.31517977087295	1.24858038166947	0.225801765521771	0.61964521503493	-6.08095304832221
12:368842-370687	0.124074021098768	7.42183433841431	1.25697148687628	0.222808684994617	0.618283740877808	-6.07082927043106
7:190660-191035	0.124019324948015	5.0121409746323	1.3939454149706	0.178167628459667	0.571615652288197	-5.89749714677673
15:246596-246828	0.123976894073897	4.16161234756617	1.06708610222932	0.298261138581345	0.680601734784834	-6.28539048017174
4:32023-32781	0.123946812524278	5.96265569084676	1.4423996484643	0.164199930256892	0.551357005123666	-5.832627146117
1:1076821-1077769	0.123858605589077	6.4214526072439	1.32367681823484	0.200091281757359	0.592789487805412	-5.98830069024376
6:483332-484494	0.123696604888137	8.02369306245885	1.24595112187243	0.226745929685728	0.620715818089299	-6.08411325519148
15:26255-26473	0.12357760957004	4.25758078359488	0.985774198355744	0.335664339360879	0.711536696090269	-6.36769630806783
3:908585-909642	0.123491900674234	6.35800809684647	1.35316250626818	0.190646257577779	0.585745828163015	-5.95067537679869
1:879553-880477	0.123402264826764	6.18668629123641	1.43681979723104	0.165761926478626	0.55227871586788	-5.8401897795738
3:219129-219535	0.12331030698375	5.25902615731447	1.20402250931497	0.242213367755123	0.634861901439371	-6.1337323668046
3:144815-145717	0.123302448168435	6.01781102721956	1.38909816340305	0.179615747102241	0.572526970936529	-5.90388616634787
2:778722-779159	0.1232985896824	5.04704849700935	1.29078954762711	0.21105448664749	0.605610581735487	-6.02944181936084
1:503148-504462	0.1232677438792	8.81091458502454	0.988091453923159	0.334555246208532	0.710640974648479	-6.36543242768969
9:89482-89685	0.123210082185812	4.13806119310052	1.04131800877993	0.309777676825152	0.690749898579527	-6.31210901039393
2:563094-564092	0.123163070773775	6.46137667121595	1.41413528265361	0.172236044324529	0.562766118346237	-5.8706882359316
4:336143-336560	-0.123079716207036	5.2234627120842	-1.27548179577008	0.216314075602867	0.608944529810334	-6.04829186340868
12:462369-463495	0.122992474773108	9.43311191915941	1.20464455355231	0.24197820359732	0.634861901439371	-6.1330069625269
5:13069-13436	0.122948471278117	5.28350345371268	1.07236801378258	0.295938881599212	0.679990982565746	-6.27984156731941
12:240245-240563	0.122926511019934	5.10842233096442	1.18611799734294	0.249056354206785	0.644379330306111	-6.15447237533802
17:259691-260807	-0.122915684723869	6.18380229660939	-1.30140959746148	0.207464270098109	0.602602253704826	-6.01625211962843
4:751203-751891	0.12277132772115	5.67303315787874	1.37103723438491	0.185094303075474	0.578596103662428	-5.9275293724563
8:638726-639038	0.122770854241445	4.73235969305687	1.28050711857314	0.214576359969909	0.60714836523982	-6.04212474916968
2:895295-898481	0.122769564810421	9.8523121298528	0.961826478590462	0.347275084672576	0.718300960718322	-6.39080881517273
1:476946-477171	0.122765827196357	4.53886542411845	1.2464386001914	0.226570648790303	0.620715818089299	-6.08352776829222
13:116425-117703	0.122754415108451	6.71373970985593	1.24904002490707	0.225637018061547	0.61964521503493	-6.08039999878903
14:523772-523979	-0.122672384214479	4.40926642872584	-1.23532186711285	0.230593716708589	0.624160226485357	-6.09683060462297
3:973037-973950	0.122660859119019	6.07132766998626	1.34899839584459	0.191958376197786	0.585745828163015	-5.95603108597963
10:48740-48950	0.122447621745079	4.40959964335976	1.03213604438724	0.313956686801381	0.692429551466876	-6.32148782421509
4:719660-720521	0.122378101705198	6.15142481257928	1.22307847449045	0.235087358922585	0.629298309190673	-6.11136287667371
16:321580-322099	-0.122375776735679	5.62560644279551	-1.44532202585635	0.163386617007489	0.551357005123666	-5.82865678327676
3:307946-308285	0.122323001791496	4.74189450269843	1.30493751650936	0.206282203728609	0.600728135256509	-6.01185032915876
7:410367-410765	0.122284660203489	5.3094725075819	1.38834355741519	0.179842028850929	0.572526970936529	-5.90487913514915
9:544472-544695	0.122273741009731	4.31944398985345	1.01125179185702	0.323609606531867	0.703581237438694	-6.34254075494522
8:341610-342889	-0.122252395178474	9.56305693541417	-1.15323067775259	0.262001970955195	0.652599233163857	-6.19186108796864
11:169855-170751	0.122187688508101	6.12717708573565	1.35977101134354	0.188578473893154	0.58332912864254	-5.94214750710401
6:596234-597260	0.122154154147887	6.17856916169165	1.28001874423057	0.214744760356594	0.60714836523982	-6.0427249915828
16:254922-256039	-0.122109372457697	9.61254585365231	-1.2831970415609	0.213650657335867	0.60714836523982	-6.03881517528932
4:63395-63626	0.121846556594837	4.2902242203403	1.17740405367061	0.252438842375484	0.648259471298145	-6.16446843727787
15:307105-308431	0.121834165139803	6.62072440539755	1.3788434111306	0.182710309936251	0.577142799770401	-5.91734193911047
2:970283-972284	0.121735874905793	7.37192592702044	1.51106308969948	0.145938297635694	0.524253467269156	-5.73762737502633
4:704275-704724	0.121550518824592	5.29564353482694	1.33635489548003	0.195986083099773	0.588025751047661	-5.97220796831381
17:138488-139375	-0.121541534541668	8.59958961327238	-1.11244663227328	0.27874102854534	0.668693435719886	-6.23694270790622
3:968852-969032	0.121540348169241	4.29447720489748	1.29970170923472	0.208038408556437	0.603486660206489	-6.01837943100292
5:322705-324124	0.12148800987293	8.84581956739151	1.17199579795305	0.254555388739281	0.651105811598325	-6.17064008105495
7:700148-700899	0.121453721769702	6.07776755302477	1.43463298133802	0.166377357990346	0.552861955727386	-5.8431471508492
4:784381-785102	0.121449070822035	5.78173233361241	1.27387130189663	0.216873267272349	0.609443889180315	-6.05026390192161
10:332094-332266	0.121301143317837	4.29777617208753	1.13188319252962	0.27066843683754	0.660814191956756	-6.21563651293496
5:453688-454006	-0.121215157324101	5.01048981651777	-1.396387085356	0.177441719858934	0.570977094240539	-5.8942718920596
2:577408-578142	0.12117899098256	5.9973321531944	1.35361887769844	0.190502886234924	0.585745828163015	-5.95008757214937
12:129654-129978	-0.121126256541442	4.86912685746635	-1.0865598333326	0.289763749662886	0.673005230960339	-6.26481127953497
15:503270-503576	0.121121448023797	4.77165443016505	1.07335919306503	0.295504549581992	0.679990982565746	-6.27879755621445
10:205990-206261	0.121089569328432	4.69478218442289	0.940191110648226	0.357998136691242	0.725124559127194	-6.4112429387074
17:289074-289291	0.121076545191264	4.23296977321164	1.30848567898856	0.205098658811934	0.600014115583148	-6.00741311806278
15:82927-83166	0.121013883348305	4.47846115837651	1.10196623340773	0.283166206337502	0.670206533157814	-6.24829561608162
1:836242-836517	0.120990523057997	4.56691105995791	0.982716822792005	0.337131557456732	0.712128764122857	-6.37067586614596
16:113390-113812	0.120900453698082	5.13854064442727	1.27981754270166	0.214814168064412	0.60714836523982	-6.04297222408025
18:256927-257805	0.120865599013777	6.29743012580158	1.12198042433432	0.274759615699449	0.664340610572925	-6.22653259254429
9:327183-327520	0.120864573142976	4.96625915309041	1.32584071395788	0.199385870766704	0.592789487805412	-5.98556310945423
9:221988-222208	0.120832056281083	4.50453685448848	1.3017277815029	0.207357443130243	0.602602253704826	-6.01585553461792
2:860045-861211	0.120746223681502	6.52136728139993	1.50575107808154	0.147288945759236	0.526149498179044	-5.74510347138666
10:226284-226649	0.120677676181955	5.0274873070868	1.27338221980294	0.217043306053043	0.609464139205408	-6.05086235909929
1:234541-235101	0.120657103232251	5.52804268240145	1.18036004131468	0.251287583485903	0.647539075482163	-6.16108472554521
1:299676-299907	0.120654942674516	4.5051656138782	1.23480220653643	0.230783104296976	0.624160226485357	-6.09744994848746
1:162657-164303	0.120535708819584	6.89441349042159	1.42626796267534	0.168748550444745	0.556561637042848	-5.85442572850383
11:565516-565849	-0.120446334781922	4.86924129504492	-1.24527786481451	0.226988181148749	0.620715818089299	-6.08492154876848
9:40207-40525	-0.120394776826545	4.80487640266568	-1.27928546253334	0.214997801363967	0.60714836523982	-6.04362587434291
17:340962-341339	-0.120360558619901	4.88691605276346	-0.975851519729374	0.340442293531784	0.714287492687304	-6.37733574015702
6:789638-790449	0.120282370731251	5.77325562004317	1.10753084162777	0.280810313333084	0.66927953273636	-6.24227960841403
12:490040-490905	0.120278722935563	6.09815494841167	1.15623369261635	0.260799528461189	0.652348140610286	-6.18848522510428
12:495692-496054	0.120150892923482	5.22381088038731	1.26453601421891	0.220136662200448	0.614003967412214	-6.06165301433975
8:135020-135451	0.120134770008707	5.43061503648179	1.28158356579722	0.214205542365957	0.60714836523982	-6.04080104061418
8:190033-191644	-0.120107738817463	9.01413822839422	-1.25026724337831	0.225197604232969	0.61964521503493	-6.07892253606237
9:207939-208433	0.120012968401206	5.59597527336574	1.25056669751985	0.225090482338117	0.61964521503493	-6.07856183085984
8:704739-704970	0.119886089119156	4.22575314475337	1.16806937533426	0.256100299646634	0.651824325231732	-6.17510517104175
7:90345-91717	0.119821050181041	6.69931881474344	1.37068795552422	0.185201547235902	0.578596103662428	-5.92798407516774
12:47325-47560	0.119785611722699	4.55364231899035	1.05448469435108	0.303854203264177	0.685786758512502	-6.2985298402222
4:890289-891383	-0.119750515561698	8.96954172347097	-1.1588325617976	0.259762223562083	0.652348140610286	-6.18555747236732
6:581618-581995	0.11972640948068	4.69112828841754	1.08914298017107	0.288649864235723	0.672834265107407	-6.26205657837348
18:342859-343213	0.11972157563238	4.78408438689811	1.16698616746564	0.256527732950033	0.651824325231732	-6.17633467868567
12:176881-177700	-0.119676891454491	9.34483617145958	-1.06095462592244	0.300973275286943	0.682945660660198	-6.29180116504384
8:459674-459917	0.119663565921125	4.49926330136628	1.02829361468344	0.315717272713733	0.693520108605009	-6.32539042742261
6:224963-225301	0.119521462275181	5.20335347131359	1.14037008070884	0.26719803701917	0.656770133826362	-6.20623117915038
9:71999-73191	0.119507448645084	9.08537127898314	1.03864038704395	0.310992255087229	0.690889101832823	-6.31485175576714
12:499184-499795	0.119478793405857	5.59269243013675	1.27550857947641	0.216304785261484	0.608944529810334	-6.04825904899713
6:668399-668906	0.119448033990089	5.45900167325867	1.349941060467	0.191660718080244	0.585745828163015	-5.95481987699817
7:168538-168871	0.119385056559624	5.06127771525254	1.15752948889623	0.260281944170586	0.652348140610286	-6.18702616776459
4:95871-96369	0.119280130892067	5.48122951299369	1.22218262449429	0.235418755981405	0.62947093893236	-6.11242130155965
16:430011-431126	0.119252538542358	6.2157540963433	1.28183923563915	0.214117541465924	0.60714836523982	-6.04048650399306
1:787265-787594	-0.119135362500161	4.89249206329815	-1.1141720608689	0.278017362988332	0.668693435719886	-6.23506450805987
11:380821-381054	0.119124215567958	4.3750873230124	1.22498047164075	0.23438493920326	0.628961023905151	-6.10911349436285
16:98812-99177	-0.119122612606952	4.81414577503003	-1.35413139046571	0.190341979451176	0.585745828163015	-5.94942726039287
6:65134-65344	0.119096129205228	4.44950277337408	1.09972600048762	0.284118705325727	0.670206533157814	-6.25070998322817
16:71002-71260	0.119072703421542	4.37230384890824	0.984694966806768	0.336181751866902	0.712128764122857	-6.3687490316108
15:468825-469082	0.119015931985972	5.03581577711567	1.29374242018313	0.210051426747864	0.605601391356154	-6.02578366096558
14:342592-342894	-0.118972205613693	4.7871737648778	-1.06961350775429	0.297148307563536	0.680601734784834	-6.28273836911831
7:730373-730644	0.118964930892357	4.71705601062758	1.33393080695633	0.196765845860895	0.588025751047661	-5.97529490871679
4:290960-291517	0.118961694622296	5.76689222504719	1.37114403908103	0.185061519129433	0.578596103662428	-5.9273903113677
4:845724-846127	0.118946293968635	4.91896131063474	1.16305739834626	0.258082486957796	0.652246582431495	-6.1807856977696
11:314074-314505	0.1189320084001	5.27156537159076	1.281471781679	0.21424402697049	0.60714836523982	-6.04093854572818
3:512053-512303	0.118806253701323	4.41279373876951	1.05044353240609	0.305663603014474	0.687512707081801	-6.30271389137449
13:330922-331204	0.118733261859736	4.91906318165231	1.09986939846401	0.284057665889947	0.670206533157814	-6.25055556954781
5:382194-382667	0.118677613643532	5.0906413353457	1.06275862559286	0.300173485751991	0.682711647472515	-6.28991844921022
1:129006-130408	-0.118665579164331	9.74500514054363	-1.09855334214737	0.284618222232021	0.670500611952909	-6.25197205315857
5:271661-272313	0.118644508224135	5.60034526652985	1.22059443262411	0.23600713990568	0.630644811677448	-6.11429606542784
14:107876-109087	0.118552065918918	6.35072942577469	1.35051383705203	0.191480034855605	0.585745828163015	-5.95408358363174
2:19197-19451	0.118416567154235	4.90878056004285	1.10052466675764	0.283778862719509	0.670206533157814	-6.24984973664683
10:59123-59521	0.118342850748108	5.09937901575191	1.25908435280512	0.22205985847704	0.617737679641537	-6.06827096919348
5:158193-158442	0.118252349761146	4.49868445721304	1.29150413113108	0.210811409551944	0.605610581735487	-6.02855721003813
14:522921-523457	0.118107008386424	5.39678074204223	1.08671725728455	0.289695777651994	0.673005230960339	-6.26464356725041
10:273692-274069	0.118106380877746	5.15448557383678	1.39776841755522	0.177032098409599	0.57089025394911	-5.8924451977082
6:600477-601144	0.118070670838426	8.08627678061202	1.13463209750939	0.269540757626618	0.659630634847863	-6.21259690090337
13:119719-119923	-0.117961240219689	4.0502707965954	-0.954033894880061	0.35111175747849	0.720749392220633	-6.39821773900315
1:772167-773239	0.117827396243686	6.1690967761294	1.41114507499694	0.173104404773375	0.563912165768287	-5.87467876109636
12:439683-440085	0.117800893405787	5.01210095508318	1.16634427700068	0.256781273521935	0.651824325231732	-6.17706279305287
5:346058-346362	0.11766479890325	4.77155816080043	1.03782012740604	0.311365001917636	0.690961699843004	-6.31569069440784
14:89630-89842	0.117554049310094	4.31403254545724	1.1178864640465	0.276464161061772	0.667090881354442	-6.23101248635992
1:451242-451631	-0.117532687217662	5.16416116922302	-1.18792650348958	0.248358629480337	0.644379330306111	-6.15238973037614
15:180082-180776	0.117473683328966	5.89176198303751	1.25431888317042	0.223751547404454	0.618612522634944	-6.07403588844424
14:61845-62897	0.117448055196387	6.25243896835872	1.21168936904352	0.239326938610851	0.63298732536915	-6.12476891165177
8:658043-658319	-0.117429992672188	4.6237190748144	-1.34525991444755	0.193142443977015	0.586105477451608	-5.96082761042672
3:675905-676801	0.117378719004168	6.20209860435483	1.15997864177931	0.25930575645732	0.652348140610286	-6.18426452703375
12:68111-69473	0.11734932344805	8.84852739418911	1.15823727442998	0.259999553550484	0.652348140610286	-6.18622860133604
7:679459-681754	-0.117301669247324	9.62055696367969	-1.04136196527504	0.309757766119569	0.690749898579527	-6.31206393184153
12:11250-12004	-0.117221328478244	8.76622136731597	-1.20961273807432	0.240106167362021	0.63298732536915	-6.12720160258319
3:678956-679517	0.117178592673893	5.46912527900531	1.31745771861038	0.202129548342966	0.593762450961673	-5.99614761304171
1:677456-678426	0.117154719168718	6.29061852149096	1.23072811070564	0.232272002431598	0.625165052846562	-6.10229777666779
16:45759-46487	0.117102363362541	5.96747944687557	1.23836616731199	0.229486619938309	0.622534612632649	-6.09319783101605
15:79257-79880	0.117026428096145	5.82927182612334	1.16011696594852	0.259250704312596	0.652348140610286	-6.18410840146625
6:592727-592951	0.117022244541196	4.62226393890364	1.14401111079487	0.265719284172969	0.65493365416201	-6.20217716403702
5:526885-527095	0.116864557646487	4.42852179125654	0.898240973777201	0.379420730222801	0.74500253629741	-6.44964602479166
8:473825-474813	0.11685259849568	6.3542603124542	1.3395138830095	0.194973575071058	0.588025751047661	-5.96817812192009
7:766305-767471	0.116751792962048	6.16365711262947	1.29246468839723	0.210485003211778	0.605601391356154	-6.02736744611741
5:817453-817921	0.116702905538607	5.48150290969659	1.19243236303553	0.24662665015952	0.641057425153318	-6.14718885029645
4:675646-676806	0.116482661184237	6.32129241531894	1.21715891770129	0.237283729737104	0.632568180049598	-6.11834427575995
1:780679-781843	0.116467515512949	6.4654429324514	1.24141516450101	0.228381890213815	0.621593562418906	-6.0895517461079
10:518431-519549	0.116238716720501	6.17927571133838	1.16602150570119	0.256908835656733	0.651824325231732	-6.17742878916994
15:22787-23235	0.116114489239973	5.29774769960531	1.29585683250573	0.209335462368932	0.604899052664545	-6.02315987115261
3:412960-413146	-0.116082227786036	4.38141328675438	-1.210121130415	0.239915222458189	0.63298732536915	-6.12660637508665
9:455527-455849	0.116038143493144	4.88763297218529	1.11536914284786	0.277516100043549	0.668547935304051	-6.23375992127018
13:152765-153373	0.116024789477297	5.67226184937505	1.15247609377989	0.262304760995681	0.652662475740321	-6.19270814851329
13:223952-224250	-0.115998272262226	4.87900560898722	-1.1742865131008	0.253657293277765	0.65000020329421	-6.16802905500528
14:200684-201046	0.115971853025656	4.90936646384779	1.12374547488156	0.274027108215807	0.664340610572925	-6.2245966877638
1:894962-896471	0.115960685458512	6.69226501282396	1.31878050094585	0.201694660139632	0.593157226534162	-5.99448120477829
13:320089-320439	0.115937516328609	4.8582508690982	1.1550867849442	0.2612582791421	0.652348140610286	-6.18977543933797
14:435871-437200	0.115916866519392	8.96281032536158	1.05643470249643	0.302983840159744	0.684235957898594	-6.29650573068437
16:32537-33336	-0.115730776274408	9.07589234769185	-1.06417513130309	0.299546556033439	0.681632122422813	-6.28843812901029
9:113256-113712	0.11570976483069	5.3410858524775	1.36926290653875	0.185639612270424	0.579040351583567	-5.92983825283276
6:555806-556750	0.11561847695276	5.89837999962585	1.20490781528251	0.241878729329712	0.634861901439371	-6.13269985889354
1:560340-561153	-0.115417470082122	9.34221710712218	-1.06678630638273	0.298393338476887	0.680601734784834	-6.28570469616805
2:776778-777135	0.115310093495275	5.22146677596731	1.23320232521249	0.231366918012432	0.624295239274902	-6.09935531661984
2:594677-595270	0.115303469538668	4.88645975441288	1.31426818001437	0.203181183958894	0.596108664119481	-6.0001599148407
1:109926-110300	0.115299823124043	4.99260389331535	0.941393294694704	0.357396488464015	0.725124559127194	-6.4101186743575
6:782161-782568	0.114948652748071	5.15887912545883	1.17296274627922	0.254175998618142	0.650853415225861	-6.16953846743625
9:26780-27145	-0.114944160372507	4.96044734720934	-1.39275418990369	0.178522640065024	0.571615652288197	-5.89906896969165
4:407378-408547	0.114928470425191	8.79505324044663	0.8936557518467	0.381812655900924	0.746937695722262	-6.45374552966659
9:311992-312461	0.114882717189982	5.1973193759579	1.19762372858654	0.244642458942973	0.639596277188449	-6.14117550614682
3:636217-636496	0.11487765048204	4.81859877694948	0.997518729956622	0.33006930453951	0.708893396652959	-6.35617254456054
11:61649-63573	0.114850409013012	9.16987194190545	1.18641893165081	0.248940151278912	0.644379330306111	-6.15412601611975
8:45744-47328	0.114684671500981	8.82424334490977	1.09968262146273	0.284137172117367	0.670206533157814	-6.25075669106868
2:879979-880475	0.114625074987917	5.06748566807781	0.833640972569761	0.414031183670602	0.769222327852964	-6.50560543368903
2:143457-143788	-0.114572992168272	5.32033404815982	-1.22576359584826	0.234096190862362	0.628829945420649	-6.10818646201721
14:235149-235760	-0.114399893631721	5.7306961184219	-1.13198749683966	0.27062558493883	0.660814191956756	-6.21552129668931
9:296597-296990	-0.114364699772694	4.9118193620511	-1.16736009149562	0.256380122621341	0.651824325231732	-6.17591036464239
15:6672-6996	0.114329910282477	4.83608395809468	1.14281100624011	0.266206019696078	0.654985896677466	-6.2035146467762
9:132409-132703	0.114255244629488	4.39956901944629	0.800547694345832	0.432516117457801	0.779131673971111	-6.53276176157709
4:221826-222507	-0.114230759513893	5.80215846442721	-1.17111752358645	0.254900353390469	0.651119188348396	-6.1716399832809
5:111541-112564	0.114212065206188	6.2905403549449	1.27139142931966	0.217736505514055	0.609498810932401	-6.05329633444189
10:99136-99338	-0.113940513402974	4.41153552697353	-1.18761970900433	0.248476887783808	0.644379330306111	-6.1527432242594
15:433162-433393	-0.113853699100828	4.50173248846438	-1.32453866947734	0.199810091677017	0.592789487805412	-5.98721079861692
6:549862-550130	0.113840097647657	4.44877504115775	1.03264696259979	0.31372310952864	0.692429551466876	-6.32096791723211
13:336610-336970	0.113798001141584	5.01598898453831	0.97890584009525	0.338966618867002	0.712976779158223	-6.3743780611055
16:107429-107790	0.113758082860939	5.04037370101479	1.1553514950849	0.261152344793377	0.652348140610286	-6.18947775324644
11:189557-191235	0.1137511786352	6.96376409078606	1.38191814157146	0.181778027613773	0.576166521205327	-5.91331610049956
5:353524-354495	0.113717837330321	6.34914969206878	1.26444409256714	0.220168982952771	0.614003967412214	-6.06176480369418
7:137302-137594	0.113535276876046	4.46571717337629	1.01843306116996	0.320267157707549	0.699958885692866	-6.33534531587355
8:95964-96406	0.113381671164294	5.19287305241655	1.14733318037401	0.264375360146341	0.654172391767634	-6.19846837503224
9:622112-624620	0.113354099765772	7.45564176726217	1.19632579711717	0.245137409715916	0.639596277188449	-6.14268107457759
1:329656-330112	0.113195332226291	5.26206998739863	1.21776778888516	0.237057100367069	0.632340632445174	-6.11762753643476
4:734596-735185	0.112978043051332	5.50162256904016	1.28006542788442	0.214728658559783	0.60714836523982	-6.04266762289535
3:491237-491548	0.112955150109638	4.88326740954991	1.11539730780169	0.277504314289663	0.668547935304051	-6.2337292120138
13:237010-237342	0.112933993715784	5.03282174980073	1.17918064548278	0.251746446462297	0.647539075482163	-6.16243566439707
2:1043093-1043428	0.112931704114249	4.7889134725919	1.10109575474822	0.283536038864737	0.670206533157814	-6.24923427554304
2:718729-719250	0.112769259231063	5.67833319162754	1.21372269753322	0.238565815844841	0.63298732536915	-6.12238344848159
5:295892-296171	-0.112673324219713	4.88625577422178	-1.14799404610643	0.264108611857105	0.654172391767634	-6.19772945144851
4:486367-486630	0.112624732818753	4.52945838555364	1.18613974283103	0.249047956028057	0.644379330306111	-6.15444735001444
5:229625-230080	-0.11258174176305	5.36025797335243	-1.11620276253625	0.277167423000312	0.668427470554631	-6.23285070551006
1:21077-21249	0.112531118865351	4.120825176016	0.982891112967205	0.33704779769135	0.712128764122857	-6.37050623830492
7:328186-328634	0.112526070619039	5.37183988485904	0.996418688300203	0.330590591148148	0.708893396652959	-6.35725716572146
9:310573-311053	0.112395382171762	5.35756158700081	1.28692310756998	0.212373494985173	0.60663793768088	-6.03422101784034
9:132989-133338	0.112383091743733	5.01621539332581	1.16534476538271	0.257176442886336	0.651824325231732	-6.1781958693185
3:386525-386933	0.11232462429141	4.84319708769086	0.989450903497825	0.33390576346016	0.7105755876745	-6.36410204360957
11:523258-523494	0.11232206899661	4.63257268040742	1.09496292489481	0.286151597975891	0.671597777791488	-6.25582878963803
3:665209-665553	0.112281707885112	5.02108300172528	1.19064846367278	0.247311262489802	0.642463848464511	-6.14924996126042
6:4798-5042	-0.112201534898762	4.72481256576384	-1.00210287496519	0.32790313065267	0.707663651302483	-6.3516409791944
7:736676-738114	-0.112195370755229	9.29479095079554	-0.905807990359129	0.375495018092847	0.74072970514922	-6.44283821954519
11:312343-313187	0.112113268336557	5.9687463809095	1.1027813066544	0.282820231716403	0.670206533157814	-6.24741610487968
11:369022-369257	0.112077634398593	4.55426413875468	1.10970862109452	0.279892206430714	0.668875450830085	-6.23991785378874
6:625270-625660	0.112076460721455	5.16954123607124	1.1967053151556	0.244992607020766	0.639596277188449	-6.14224098973937
10:551713-551980	-0.112025888585068	4.66087419488634	-1.20475892651091	0.241934983620655	0.634861901439371	-6.13287354978458
8:654901-655644	0.112021809826688	6.02108357181658	1.20006483072186	0.243713614897898	0.637931076188883	-6.13834004774003
14:520995-521311	0.112018399386704	4.88106043261816	0.939747523008857	0.358220308521568	0.725124559127194	-6.41165744247244
5:737022-737510	0.112016666259149	5.21138015887395	1.27557110912016	0.216283097091328	0.608944529810334	-6.04818243769275
13:92031-92452	0.111983218859249	5.63144997264718	1.17886598901721	0.251868974623424	0.647539075482163	-6.16279588855725
11:260506-261025	-0.111973585463751	5.38268132652908	-1.20249698428274	0.242790824122584	0.635887494893321	-6.13551000026101
2:54778-56182	-0.111961247830362	9.23669370648128	-1.15333242669888	0.261961162258033	0.652599233163857	-6.19174683215313
7:423364-423556	-0.111892283778266	4.35568811220441	-1.00917999814065	0.32457842417739	0.704906854254245	-6.34460807831187
14:196635-197224	0.111788786276886	5.63970778746275	1.24301900922528	0.227802410935546	0.620976608616019	-6.08763072651823
18:62887-63153	0.111715566660539	4.34992629953443	1.13498464943123	0.269396381592393	0.659630634847863	-6.21220659516967
9:182650-183032	0.111656983389255	5.11335717105551	1.09701186623496	0.285275814524393	0.670873504889245	-6.25362924234021
18:61931-62196	-0.111633404027834	4.59509542420143	-1.02994786735123	0.314958448821696	0.693094403601725	-6.32371187649621
4:577949-578821	0.111595659100639	6.02654387346006	1.18743422712793	0.248548404928478	0.644379330306111	-6.15295690111346
13:92931-93366	-0.111565426726895	5.32579167967482	-1.12528777759148	0.273388216578088	0.664304586039543	-6.22290289202467
5:596167-596848	-0.11145175449423	5.63893210506712	-1.25838175922956	0.2223086514799	0.618045667095673	-6.06912209193409
10:381752-382001	-0.111419425967048	4.45382390627717	-1.17084583876397	0.255007135204365	0.651119188348396	-6.17194915972815
12:350745-351102	-0.111357200265381	5.28054215020398	-1.23382784686419	0.231138524515958	0.624295239274902	-6.09861060894033
16:15283-15799	-0.111309896711208	5.9358551506673	-1.30555695734186	0.206075196637424	0.600728135256509	-6.01107641151892
3:216205-216755	0.111295294036782	5.58189241993106	1.32058694718702	0.201101942664293	0.593157226534162	-5.99220321272337
1:352246-353287	0.111213987252337	6.59474902070692	1.05935431531133	0.301684035889291	0.682945660660198	-6.29346890677408
1:61686-62654	0.111200415211241	6.14844019450491	1.16490403379635	0.257350835525904	0.651864429919093	-6.17869522577554
10:401970-403645	0.111198074126118	9.47445803917436	0.943008719295564	0.356589106040483	0.724180053828131	-6.40860588006373
6:395044-395270	0.111121822035032	4.44928452797109	0.986148602659135	0.335484968620419	0.711536696090269	-6.36733085494469
15:226052-226825	-0.11108951837614	5.62190236054558	-1.3429347698943	0.19388177499508	0.586757826151437	-5.96380518514678
10:24092-24392	0.110960996920506	5.03241628110441	1.11977392642648	0.275677344863269	0.665551130317147	-6.22894889357653
15:74711-75026	-0.110888232271361	4.99883764977469	-0.969338597078613	0.34360371315759	0.715667854859643	-6.38361446194108
16:315250-316014	0.110887752052074	5.88431620142603	1.2052570443151	0.24174681973586	0.634861901439371	-6.1322923817404
15:399574-399867	0.110761273129154	4.58559144224879	1.104021299648	0.282294481393073	0.670206533157814	-6.24607697402375
17:41647-42076	0.110498365776787	5.06421150879056	1.24114161693543	0.228480837130991	0.621593562418906	-6.0898791774323
11:277660-278066	0.110495260157669	5.32753981644172	1.11030656397107	0.279640509773264	0.668875450830085	-6.23926867836336
7:147436-148242	0.110425667023261	5.96470862777274	1.25474388793055	0.223600274535809	0.618612522634944	-6.07352250886659
10:228940-230552	0.110382890861873	6.85356582798909	1.05863388296274	0.302004399523821	0.683057954658223	-6.29421895945156
18:320659-322118	0.110271908587634	6.72137298531785	1.29785036116421	0.208662170320373	0.604440167922797	-6.02068276051949
1:279962-280766	0.110231866480552	5.94343665743126	1.06021044016981	0.301303648178254	0.682945660660198	-6.29257698842689
14:315925-316599	0.110185348876325	5.42356785012685	1.21625028510877	0.23762223966704	0.63298732536915	-6.11941330618975
5:384203-384591	0.110138747868628	5.2097779884211	1.06064480969306	0.30111078321669	0.682945660660198	-6.29212421173982
17:16055-16274	-0.110123632711938	4.35901565667943	-1.17448205531399	0.253580739068332	0.65000020329421	-6.16780596383573
3:118945-119681	-0.110113999825034	5.98436892063638	-1.22273710123765	0.235213599480786	0.629298309190673	-6.11176627978741
15:203989-204866	-0.110108463380524	9.33822128013855	-0.941186928778273	0.35749971826258	0.725124559127194	-6.41031175828155
7:640719-642181	0.110070709238341	6.98355050141025	1.18026088645133	0.251326137141798	0.647539075482163	-6.16119834782171
11:253090-253435	0.109998027851028	4.63857922274774	0.924567654412922	0.365879295580371	0.731319038239269	-6.42573379816019
17:174124-175606	-0.109954368487845	9.12498252090753	-0.770411717957672	0.449788412418768	0.793556536849193	-6.55659186852575
4:698978-700553	0.109944127285737	6.79255272780534	1.07496637056131	0.29480126351506	0.679632109931404	-6.27710288254173
3:270987-272462	-0.109933947822432	9.39393008097353	-0.996221504992823	0.330684092612528	0.708893396652959	-6.35745147015738
4:760176-760515	0.109914306089778	5.22828034135368	1.1468399056167	0.26457459288591	0.654172391767634	-6.199019669029
9:39291-39665	0.109899788632331	5.12760773818923	0.881004273399692	0.388463817544382	0.752493840948125	-6.46495612926885
15:96723-97154	0.109668693636325	5.43262454217229	1.12756134643857	0.272448396981983	0.663796181088466	-6.2204022611222
7:258969-259243	-0.109632916154062	4.84439989640204	-0.905989750455291	0.375401054758363	0.74072970514922	-6.44267404749098
18:304985-307604	0.109526648680967	7.36329207763705	1.16730482803315	0.256401934447305	0.651824325231732	-6.17597308289853
6:360344-361044	-0.109500723738826	6.0622064668051	-1.06121633339986	0.300857154812176	0.682945660660198	-6.29152821573065
11:14219-15004	0.109485110350645	5.79476662762831	1.1710197019209	0.254938796942173	0.651119188348396	-6.17175131124151
18:29716-29948	-0.109443974444908	4.55798552196648	-1.15027121685643	0.263190993651872	0.653552935449619	-6.19518045111652
6:26218-26899	0.109418581824924	5.57906526382687	1.15583951275193	0.260957128621051	0.652348140610286	-6.18892878454534
10:588068-588878	0.109415768311668	6.12904376280619	0.93917545960543	0.358506965223035	0.725124559127194	-6.4121917336428
9:496227-496616	0.109379683879265	5.18215791527631	1.05271918643916	0.304643754174854	0.685786758512502	-6.30035954622257
2:891263-892386	0.109375789437768	6.14912311572882	1.16198318471887	0.258508810820704	0.652246582431495	-6.18200041865982
7:653712-654772	0.109240443899645	6.35591985141871	1.14657985967059	0.264679669680783	0.654172391767634	-6.19931021785429
3:595948-596702	0.109179982035188	5.74611847604865	1.21252429937816	0.239014182238897	0.63298732536915	-6.1237898057517
9:304125-304413	0.109116976208546	4.75786227453971	0.903972869997653	0.376444582184618	0.742020528998644	-6.44449406152222
7:287849-288507	0.109069036160062	7.55561770481511	0.972613814728488	0.342011389480129	0.714466461670922	-6.38046180865362
7:38347-38822	0.108998136410262	5.30348199564682	1.13189586076467	0.270663232012179	0.660814191956756	-6.21562251989491
12:399964-400340	0.108976881324788	4.94871462303135	0.997099447857872	0.330267926065873	0.708893396652959	-6.35658607714007
5:114317-115398	0.108968834866322	6.05902716431508	1.10205865333112	0.283126961325872	0.670206533157814	-6.24819591864633
5:462514-463907	0.108962831974707	6.57823645858905	1.20820130332721	0.240636884990806	0.633210286430835	-6.12885297962022
7:11850-12363	0.108956153643716	5.45826475508428	1.00667942981737	0.325750444919708	0.706110518451267	-6.34709814094003
3:363440-363744	0.108921978319978	4.95388309474702	1.00747020664155	0.32537948730038	0.705966496904233	-6.34631129094848
5:78794-79454	-0.108765537915322	5.68662811660547	-1.24256094405756	0.227967797899507	0.621049216919168	-6.08817959563046
14:44727-45527	0.108726864391071	5.70283277469888	1.31884616243954	0.201673091856279	0.593157226534162	-5.99439844934702
9:339173-339667	0.108701830696771	5.53209871004789	1.32185149695185	0.200687840690362	0.593157226534162	-5.990607008373
3:875266-876337	0.108657664459979	6.29358644224115	1.16747180014414	0.256336036783202	0.651824325231732	-6.17578357906692
3:872696-873074	0.108397402065401	5.14061297253458	1.00307215670529	0.327446381507001	0.707199594512725	-6.35068040344783
5:88684-89923	0.10831265901966	6.46442117854887	1.17986995015551	0.251478185207288	0.647539075482163	-6.16164624344845
5:427287-427786	0.10826587851011	5.4566057254849	1.12724841972086	0.272577609660545	0.663796181088466	-6.2207467043399
1:215097-215296	0.108203686539398	4.1693276859116	0.993872470418762	0.331799384183258	0.709302222388857	-6.35976352507663
14:408453-408787	0.108171512000295	4.87535454371539	0.978962099173509	0.338939479068678	0.712976779158223	-6.37432350319206
6:572814-573159	0.107906735814972	4.96869496459793	1.20390608507778	0.242257401174809	0.634861901439371	-6.13386810021621
5:451454-451845	0.107688134678837	4.75544922684461	1.24308695473505	0.227777886654473	0.620976608616019	-6.0875492971189
7:336265-337475	0.107532262260529	8.52099855485216	0.998360904697814	0.329670602115631	0.708893396652959	-6.35534144197014
5:257086-257296	0.107503287878873	4.48760905244569	1.03613792749064	0.312130425920391	0.691974138890376	-6.31740933585384
17:60875-61937	-0.107454854227005	7.76350590793957	-1.11360291767041	0.278255916551655	0.668693435719886	-6.23568432862626
12:516952-517853	0.107337872609111	6.12050243795865	1.10950458993698	0.279978128645732	0.668875450830085	-6.24013929570741
16:53238-54922	0.107336303213151	9.26099641245478	1.03866045702478	0.310983138741919	0.690889101832823	-6.31483122127895
12:82165-82404	-0.107263145659887	4.70517863060671	-0.707681136828983	0.487061530641053	0.810441416784146	-6.60342001136168
6:118804-119029	0.107214238088795	4.18627515022837	0.711662149922275	0.484643918158596	0.810334769397786	-6.60056038154061
3:680738-681135	0.107195131908355	5.29123494417551	1.12761836532788	0.272424857777364	0.663796181088466	-6.22033949047163
1:278049-278967	0.107121272891846	6.1972064236237	1.16962133200685	0.255488824545369	0.65140182215392	-6.17334186631943
13:371916-373143	-0.107078879240179	8.96721358505116	-1.08437031173954	0.290710330037765	0.67455647343133	-6.26714165207136
2:329793-330036	0.107037591115891	4.88069008025698	1.12253591140906	0.274528930251449	0.664340610572925	-6.22592362508815
8:669845-670077	0.106964275370145	4.40470168104012	0.950936283024206	0.352644849810578	0.720749392220633	-6.4011475343352
11:210017-211053	0.10693627561394	6.20450241057331	1.28930038411317	0.211561748990382	0.605854375227736	-6.03128397431996
9:396413-397729	-0.106649447998105	9.45878522608508	-0.996596659275229	0.330506215669963	0.708893396652959	-6.3570817631673
16:258088-258610	-0.106637741312808	5.76549522453959	-1.1247048735393	0.273629553160615	0.664304586039543	-6.22354329313128
4:360954-361311	0.106567943571251	4.83061077814988	1.18707854471503	0.248685590367316	0.644379330306111	-6.15336656929254
17:184018-184452	0.106510777156666	5.29231659491159	0.99547646649351	0.331037544947651	0.708958876165401	-6.35818531617045
5:700083-701583	0.106395007424251	6.62437835588602	1.14505214067248	0.26529759906655	0.654640864998336	-6.20101596577803
13:89478-90279	0.106377340417301	6.00839166323004	1.06733305969393	0.298152270197598	0.680601734784834	-6.2851315847749
17:267944-268190	0.106361749129216	4.44685186906093	0.823942645542505	0.419395763926876	0.772828576161267	-6.51367052915782
6:240255-240730	-0.106336002669307	5.42265438643143	-1.03093412712342	0.314506653575466	0.692781388486115	-6.32270997333519
4:428084-428709	0.106335027400966	5.59937519239704	1.20880245525614	0.240410735730017	0.63298732536915	-6.12814983672249
2:968780-969172	0.106300329350934	5.08230621815029	1.06527949699221	0.299058427175306	0.681214005107721	-6.28728278708105
1:321713-322195	-0.106277280857602	5.16828494859639	-1.28736445457682	0.212222610050827	0.60663793768088	-6.03367609684143
14:42824-43205	0.106265510153995	4.99354519640172	1.1352164990482	0.269301466282462	0.659630634847863	-6.21194985918321
6:22419-22752	-0.106254535538275	5.04967499071078	-1.15639838095631	0.260733704061075	0.652348140610286	-6.18829986669764
7:512757-513099	0.106242216407772	4.91227848562233	1.14340777097312	0.265963902972999	0.654985896677466	-6.20284972359881
8:121900-122800	0.106058632316885	6.25012548260353	1.14988430824592	0.26334673711274	0.653552935449619	-6.19561385847419
3:646756-647185	0.105987296489689	5.32336475465885	0.963657928850948	0.346377543812596	0.718300960718322	-6.38905954502872
2:844033-844578	0.105984729196151	5.51883261768526	1.1254248484454	0.273331488584045	0.664304586039543	-6.22275225809146
13:158816-159154	0.105974070971653	5.11388357105423	1.10059548999808	0.283748740808282	0.670206533157814	-6.24977342589051
7:421707-422031	0.105923242667537	4.78853186348603	1.01097648488702	0.323738229596925	0.703581237438694	-6.34281568884063
13:508563-509122	0.105918118929073	5.30827499313099	1.21091450799022	0.239617470862141	0.63298732536915	-6.12567705320487
8:241193-241403	0.105893932856682	4.10235487177821	1.12398089328283	0.273929516453854	0.664340610572925	-6.22433827802933
1:34152-35250	0.105889146934661	8.56575733328152	0.885083516275913	0.386311033323061	0.751141696417906	-6.4613576371755
4:568473-569111	0.105885259163109	5.70490835853962	1.15755379124096	0.260272244300433	0.652348140610286	-6.1869987898109
14:389378-389639	0.105854835456665	4.36210854253925	1.21275701749879	0.238927063611682	0.63298732536915	-6.12351679790576
16:81198-83485	0.105838896498792	9.71204764824197	0.992577650448696	0.332415263235116	0.709302222388857	-6.36103584349441
1:223619-223903	0.105831788210043	4.47007597924563	1.08372018979669	0.2909918223442	0.674606819221727	-6.26783278974214
5:203113-204001	0.105830646378806	5.91842569519789	1.23277324788093	0.231523684321231	0.624295239274902	-6.09986596170914
11:533859-534100	0.10581789316353	4.46596073359787	1.11240155656237	0.278759952271972	0.668693435719886	-6.23699174012136
11:579594-579888	-0.105737603759236	5.04460199884075	-1.11392248051911	0.278121954947041	0.668693435719886	-6.23533634593471
4:327326-327632	0.105630710022672	4.9864016277866	1.02849378438738	0.315625384153125	0.693520108605009	-6.32518744688146
11:284135-284448	-0.105613825404922	4.81927535331495	-0.92653483879102	0.364880605899199	0.730740757049133	-6.42392149741385
10:512789-513204	0.105593523035006	5.21054262968218	1.15823836648381	0.259999118021427	0.652348140610286	-6.18622737042762
12:191302-192227	-0.105583290931943	8.57207520051513	-0.981035292286078	0.337940399672822	0.712742662303674	-6.37231100940659
3:27299-27588	0.105563092645216	4.738793514965	1.13928283110814	0.267640784277938	0.656776398260993	-6.2074395454656
13:265249-266056	0.105533510151612	6.03413015796909	1.12652175566142	0.272877835088516	0.664165954244805	-6.2215462290541
14:440219-440462	-0.105472420609138	4.4943333053252	-1.03403908974375	0.313087291853429	0.692380789691674	-6.31955012215727
4:265721-266083	-0.105397744592735	5.3881921965359	-1.10515944254301	0.281812541688746	0.669884724694013	-6.24484666117416
10:349396-350333	0.105397531445865	9.49563431214752	0.712229816143165	0.484299752338153	0.810061917588032	-6.60015137357513
1:1049981-1051165	0.105298484177432	6.50351130710557	1.16271488751291	0.258218362567952	0.652246582431495	-6.18117311578595
15:7304-8284	-0.105296514695889	9.65405667988858	-0.928993684003452	0.36363488653013	0.729291416130868	-6.42165126806209
7:371906-372741	-0.105291965513716	9.4283288531084	-0.86062906748701	0.399333796409459	0.756418989728625	-6.48269906794966
5:529353-529565	-0.10528318373227	4.39234129349764	-1.03987527318491	0.31043168791182	0.690749898579527	-6.31358762441032
4:279824-280117	0.105267663257407	4.53141888122514	0.938419591867312	0.358885962450274	0.725225087100418	-6.41289723532141
6:551616-552939	0.105247047319892	8.48937416541647	0.881645870524866	0.388124701187364	0.752493840948125	-6.46439116690714
16:11285-12590	-0.104999836638186	9.16354894591727	-0.89070816625253	0.383355527945782	0.74832069039918	-6.45637063055077
2:756463-756823	0.10499389761196	4.64236444115635	1.02383148480211	0.317770526754947	0.696884310512073	-6.32990596642443
17:204936-206562	-0.104935687136226	9.83493878454872	-0.865401835324512	0.396770083314765	0.755504461783805	-6.47857747216083
8:706382-707328	0.104879778628705	6.15120262389751	1.06718172424571	0.298218981322859	0.680601734784834	-6.28529024213928
17:62440-62789	0.104845975367223	4.64207983011373	0.878520259565955	0.389778570742597	0.752493840948125	-6.46713984828243
2:1019063-1019280	0.104845706052547	4.38766504283428	1.158763296098	0.259789830223501	0.652348140610286	-6.18563557828573
9:235808-236826	0.104775492811116	6.35079580659068	1.26364699688607	0.220449404640933	0.614403197492414	-6.0627338903193
8:549572-550412	-0.104650969567698	9.27058583848504	-0.799731939844495	0.432978172441809	0.779131673971111	-6.53341814181456
10:11385-12224	0.104594304088971	6.19503014928785	1.16420107077973	0.257629172593136	0.651864429919093	-6.17949135282269
17:36892-37457	0.104586843273704	6.10043528677916	1.14277146532082	0.266222067814319	0.654985896677466	-6.20355869300772
15:177908-178368	0.104500702697464	5.07082618789378	0.99770378562366	0.329981666741739	0.708893396652959	-6.35598997636545
8:703528-704096	0.104477813485515	5.62557651199463	1.12188180468844	0.274800585813333	0.664340610572925	-6.22664067910844
4:331892-332419	-0.104352568075124	5.41483942692564	-1.23347123443971	0.231268711485409	0.624295239274902	-6.09903520964868
3:402812-403565	0.104334500711938	5.76072204294182	1.1608533212167	0.25895778589982	0.652348140610286	-6.18327700768922
3:264038-265108	0.104237216832455	6.32764422844229	1.0540789846771	0.304035510945836	0.685786758512502	-6.2989505457645
17:268548-268846	0.104141233429778	4.62844800931826	0.919966865420995	0.368222145472826	0.732351733689813	-6.42995851683804
10:382763-383382	0.104127109923594	5.71767253077009	1.09430237980819	0.286434351609462	0.671597777791488	-6.2565371085133
7:495365-496113	-0.104096917065736	8.32806786729112	-0.800829828268865	0.432356384164391	0.779131673971111	-6.53253460200707
18:16912-17089	0.104089886615019	4.10159189392574	0.954999202859144	0.350634928726054	0.720749392220633	-6.39730294667508
1:671883-673162	0.103915251871392	8.89102021988122	0.846420121115165	0.407029380417777	0.761521655821662	-6.49484381197376
10:564955-565259	0.103886952385515	4.70025052031162	0.922887274252691	0.366733831562265	0.731487453493794	-6.42727907065706
14:115200-116085	0.103782999530366	6.35228689226277	1.21341021680533	0.238682665306549	0.63298732536915	-6.12275027013095
6:389361-389630	0.103780243185406	4.42645553993191	0.893099516027288	0.382103496122596	0.747180099888485	-6.45424152369817
4:608814-609879	0.103676520077762	8.64833016212091	0.873592647591053	0.392395275549549	0.752493840948125	-6.47145483470467
16:75034-75453	0.103609614976364	4.92178961971773	0.889109018548325	0.384194292899057	0.748978072742239	-6.45779146404178
13:66763-67249	0.103564084084246	5.38260725180664	1.14466529709667	0.26545423815281	0.654640864998336	-6.2014475719852
4:369215-369739	0.103519192538186	5.67187947712127	0.972494773974583	0.34206917501358	0.714466461670922	-6.38057656444229
6:280892-281397	0.103517540469364	5.53027616416878	1.16365747767025	0.257844561117196	0.652040822350603	-6.18010670018195
15:229028-229500	-0.103443440726244	5.49679340090084	-0.952542838014935	0.351849155007386	0.720749392220633	-6.39962910425422
3:632431-633386	0.103423502603152	6.28243246667829	1.15457312174562	0.261463933032809	0.652348140610286	-6.19035292081639
4:125630-125979	0.10319363962522	5.66742408813223	0.901019134340405	0.377976301243912	0.743657988733078	-6.44715272786037
1:828111-828604	0.103174711368521	5.20780818849694	1.02864414463124	0.315556373196577	0.693520108605009	-6.32503495181665
1:319987-320920	0.10309016737945	6.06730127033958	1.12459063995008	0.273676866992162	0.664304586039543	-6.22366876026349
12:211621-212430	0.103008068072114	8.24549388700038	0.819277532941723	0.421991817669963	0.774747898232467	-6.51751857031682
7:574721-575242	0.102964626655775	5.4511823929358	1.03416365604515	0.313030443893609	0.692380789691674	-6.31942317528401
8:182045-182398	0.102910745302824	5.14090979801734	1.03162109905036	0.314192229452463	0.692429551466876	-6.32201159467713
8:467657-468241	0.102909878550407	5.39529688298564	0.963826295335355	0.346295111961887	0.718300960718322	-6.38889858093823
8:76822-77166	0.10286650236642	4.67174081387402	0.868788396514674	0.39495746087924	0.754447779129822	-6.47564011159677
13:123909-124645	0.102862120726879	5.99379193601846	1.17451391945946	0.253568265984822	0.65000020329421	-6.16776960743799
1:23648-24541	0.102824001574233	5.97654330289488	1.10826997433227	0.28049846433615	0.669249001262584	-6.24147849598278
6:791833-792575	0.102766873066009	5.88678106394389	1.04975856856784	0.305971049498243	0.687513261824366	-6.30342164588129
17:307528-308184	0.102580000454847	6.12186296250499	1.07260593058298	0.295834585280761	0.679990982565746	-6.2795910476534
6:447038-447238	-0.102560311859539	4.31963598076165	-1.03251793704017	0.313782084751325	0.692429551466876	-6.32109923465615
15:326069-326958	0.102538688956394	6.07474292030341	1.15467150581646	0.261424533977041	0.652348140610286	-6.19024233080722
12:366070-366768	0.102511326052795	5.88785275937265	1.07110557054112	0.296492744955535	0.680216056597116	-6.2811700537444
3:956473-956790	0.102482810801915	4.85634439224463	1.13148042996073	0.270833952822055	0.660814191956756	-6.21608132318458
13:142834-143222	0.102423577494491	5.22208595769375	1.19406272313083	0.246002210080301	0.640495213995725	-6.14530279145553
20:110859-111401	0.102401879376539	5.05299306671915	1.04039835973175	0.310194452846992	0.690749898579527	-6.31305174257796
14:282911-283289	0.102178965462778	5.03753601254379	1.06644170226215	0.298545349224061	0.680601734784834	-6.28606577817212
10:317252-317594	0.102128681348105	4.45773433461858	0.880898975127213	0.38851949148697	0.752493840948125	-6.46504881391378
1:978748-979100	-0.102125067133856	4.98290526503767	-1.21160342526211	0.23935914986037	0.63298732536915	-6.12486966304673
14:465395-466123	-0.102064233149878	9.40332844764083	-0.976849427706163	0.339959675373639	0.714140399211774	-6.3763703324884
13:438310-438525	0.102027642762005	4.31622932056446	0.991483537672444	0.332936294048651	0.709684684818003	-6.36210976884302
3:368517-369060	-0.102021055992141	5.77445236958767	-1.27228151643085	0.217426363404244	0.609498810932401	-6.05220849974839
14:417308-418190	0.101947705299392	6.11529637629594	1.1719700465884	0.254565498279059	0.651105811598325	-6.17066940791879
2:331618-331932	0.101910466263209	5.0501531770105	1.03974285559086	0.310491763564378	0.690749898579527	-6.31372324264818
18:268348-269234	0.101875784498842	6.11947889394129	1.20465640225947	0.241973725862092	0.634861901439371	-6.13299314186323
1:369301-369771	0.101802292039737	5.15237572176316	1.09038235341868	0.28811653248404	0.672834265107407	-6.26073282800791
16:296461-296748	0.101771226627583	4.39215484214874	0.779705811539764	0.444417193125806	0.790271063021819	-6.54933435737695
14:413877-415391	-0.101766397111762	9.63560751159335	-0.876247114406515	0.390984257913755	0.752493840948125	-6.46913318148085
3:204741-206201	-0.101728665669448	9.50826297915822	-0.804335157312685	0.430374864003452	0.779131673971111	-6.5297060267377
3:545109-546212	-0.101672909768821	8.90285196647887	-0.886234901697478	0.38570481784605	0.750288902511483	-6.46033916006084
11:288457-288870	0.10161988013512	5.29229665201029	1.13851667039206	0.267953103574073	0.657182515943864	-6.20829044502939
10:201600-202057	0.101574084213357	5.05513707340035	1.09047215506002	0.288077916449524	0.672834265107407	-6.26063686057863
6:319067-320074	0.101573605602693	7.77181203349876	1.07445820718235	0.295023500803556	0.679632109931404	-6.27763895552673
11:574647-574999	0.101523436218198	5.19018746927339	0.950874051218631	0.352675696572491	0.720749392220633	-6.40120630533475
16:446227-446622	0.101494125256492	5.21269873094244	0.916916152046896	0.36978117243982	0.733986930306267	-6.43274916858966
16:419530-419841	-0.101468186362269	4.87770781971968	-1.10006560860109	0.283974161636577	0.670206533157814	-6.25034425775795
3:625370-625673	0.101423188554843	4.84899929024931	1.02081913227133	0.31916196783276	0.698015619110332	-6.33294435699
17:399742-399993	0.101390856627607	4.45332636363427	0.82312390327582	0.419850648694829	0.772828576161267	-6.51434735210758
8:350221-350587	0.101337478995872	5.08866592645649	1.18526742692035	0.249385014115387	0.64485691691535	-6.15545092238365
6:397702-398129	0.101305079854443	5.18725463074532	1.10557510557687	0.281636681207568	0.669884724694013	-6.24439705629629
3:580512-580742	0.101148864855985	4.34395532349581	0.971070726651088	0.342760965303055	0.714577587655553	-6.38194835942803
10:160748-161100	0.101144382642173	4.85471480170799	1.05908859027455	0.301802170863689	0.682945660660198	-6.29374561020398
16:362557-362786	-0.101072253098665	4.52539346582791	-1.00665123326234	0.325763677524992	0.706110518451267	-6.3471261871495
16:109069-109503	0.101053896676671	5.261676247076	0.949645200882347	0.353285182756727	0.72126628943095	-6.40236609640374
15:346994-347992	-0.101008692118835	8.9449085346727	-0.92884734493445	0.363708945923847	0.729291416130868	-6.42178653632424
6:408527-409347	0.100930255429932	5.71576127780554	1.18330328575497	0.250145200640991	0.64607612121701	-6.15770825116658
4:743973-744483	0.100926770099598	5.3516203657303	1.11424753871003	0.277985738056167	0.668693435719886	-6.23498228850352
1:85129-85336	-0.100918920031893	4.52588926465497	-0.759761080877866	0.455991962869552	0.798459359567643	-6.56480766612049
20:56756-57762	0.100898263181817	5.99502031761268	1.14832829186503	0.263973774616851	0.654172391767634	-6.19735558406183
9:679135-679601	0.100850906847274	5.14536076421116	0.870673800895525	0.393950651208515	0.753879057207916	-6.47400017472972
5:186875-187122	0.100805039270786	4.15606016471989	0.837228641118056	0.412057778301319	0.766571328211431	-6.50259960071025
5:685184-685381	0.100785541414339	4.34828369609673	0.863983316463032	0.397530930824943	0.75556197298193	-6.47980466818741
17:379543-379652	0.100761149553882	3.80803389494083	0.985619452845402	0.335738494669939	0.711536696090269	-6.36784731711043
11:73012-73406	0.100753998166598	5.17833304222176	1.08072904988466	0.292289473912014	0.67611766678562	-6.27100787854507
7:537971-539173	-0.100739854579599	8.83023983183914	-0.873923667215319	0.392219136808083	0.752493840948125	-6.47116567452856
13:373648-374074	0.100711257895496	5.08118851434622	1.02222412792048	0.31851245170062	0.697827574063621	-6.33152822232082
9:589781-589981	-0.10064436818978	4.33112078941893	-0.811789512341696	0.426179869957757	0.777767166327991	-6.5236523133116
6:323758-324558	0.100587253274687	5.98913533027858	1.07264429734253	0.29581776880115	0.679990982565746	-6.27955064389234
4:261716-261995	-0.100523044230869	4.58920441025369	-0.945273628810919	0.355459193948158	0.723394420808093	-6.40648086155463
16:445128-445572	0.100481359485737	5.28256277878272	1.09674783168152	0.285388562025151	0.670873504889245	-6.25391288966489
1:54252-55216	-0.100352768999932	6.14039100582445	-0.867142930549059	0.395837507277609	0.755504461783805	-6.47706865047859
13:282649-282937	-0.100205979148456	4.7900496155043	-1.03972923451466	0.310497943686776	0.690749898579527	-6.31373719207618
18:215125-215779	0.100148043789356	5.44650368651043	1.03495701329618	0.312668553040166	0.692380789691674	-6.31861433322861
19:86728-87490	0.100085531541994	5.79405692395861	0.911964322415396	0.3723211056484	0.737719906543709	-6.43726069690516
10:49859-50186	-0.100030601273689	4.61084749155718	-0.906531052977324	0.375121313531778	0.74072970514922	-6.44218494416958
11:152987-153292	-0.0999518884666131	4.91788684755904	-1.04049402788512	0.310151078447494	0.690749898579527	-6.31295370806131
1:1022884-1025426	0.0999151172854553	7.49739621219596	1.19614306799602	0.245207151844365	0.639596277188449	-6.14289292195555
6:644669-645226	0.0998680719955019	5.54731178069303	0.858644679548312	0.400402863192805	0.756844849781005	-6.48440647789427
3:398691-399292	0.0998136668480578	5.81399236307027	0.9938760070639	0.331797703068952	0.709302222388857	-6.35976004783015
6:638266-638568	0.0997354236378296	4.80259944267344	0.725514819192175	0.476286048682825	0.80735605794863	-6.59049090059836
1:374450-374787	0.099718163292243	4.89114744169657	1.0594984395774	0.301619975529088	0.682945660660198	-6.29331880202842
10:542122-542588	0.0997121110766352	5.20691556406332	1.19337031585447	0.246267261681556	0.640495213995725	-6.14610406663939
8:445881-446862	0.0996098412103432	5.94872977955234	1.07152459264768	0.296308827642993	0.680142724374377	-6.28072926600423
16:491956-492408	-0.0995902396006132	5.0469004045325	-0.859234396440309	0.40008496705048	0.756844849781005	-6.48389945566644
3:726551-726842	0.0995213133983039	4.86158044586309	1.1099667348362	0.279783536369393	0.668875450830085	-6.23963766252123
1:863866-864728	0.0995206493406471	6.10495281832064	1.0797227681971	0.292726967967213	0.676285661768731	-6.27207428562125
10:148309-149592	0.0994025605744708	7.59810383251095	0.978402507981117	0.339209496662589	0.713152516233795	-6.37486604644568
6:362228-362671	0.0993864541987728	5.10850339748194	0.912209503950686	0.372195072437245	0.737719906543709	-6.43703784584173
7:194109-195492	0.0993734231878394	6.65973563609875	1.18334654546155	0.250128439028719	0.64607612121701	-6.15765856920938
9:189871-190391	-0.0993532467458138	5.66303388681919	-1.05940053086601	0.301663492938106	0.682945660660198	-6.29342077548317
6:243503-244422	0.0992824180795564	6.34976721246243	1.10653272832907	0.281231830461392	0.669571102736804	-6.24336066623615
4:119606-120002	0.0992018964651402	5.40457722428103	1.03347910982267	0.31334293842427	0.692429551466876	-6.32012063371722
1:675383-676423	0.0991730254129113	6.20828509209739	1.07728796170072	0.293787484593313	0.67783133043282	-6.27465090605185
9:595748-596848	-0.0990860417702439	8.14082794238177	-1.15712480365297	0.26044350693121	0.652348140610286	-6.18748199431684
15:137427-137939	0.0990571479623839	5.3801700267353	0.869660639328128	0.394491473937218	0.753946984347988	-6.47488183947797
14:112577-113318	-0.0990487446358159	8.96565643826465	-1.00289440945635	0.327530107110116	0.707199594512725	-6.35085661718744
6:485509-488123	0.0990469434502135	9.89225018993298	1.00429643390408	0.326870106487174	0.706932733912413	-6.34946592023642
7:462139-462802	0.0988861618816639	5.71634582922303	1.08000790730794	0.292602952112672	0.676285661768731	-6.2717721993766
11:333686-334009	0.0988801439543145	5.00896271978859	0.944138085420897	0.35602538729679	0.723691931671404	-6.4075468525091
11:13268-13681	0.0988303848728957	4.90821975280466	0.908034866962055	0.374344879587077	0.740091731904487	-6.44082473261468
11:228349-228825	0.0987159544102196	5.1598236662932	0.960619107425435	0.347867650879535	0.718530505462297	-6.39196034759896
4:209741-209988	0.0984975599036417	4.66498918186626	0.999452401716479	0.329154364164691	0.708775779552271	-6.35426334872406
2:444611-445016	-0.0984533171112325	5.00592379065925	-1.04323733349721	0.308909137527468	0.690749898579527	-6.31013909888789
2:125844-126325	0.0984422278885031	5.41550736403354	0.96452505681993	0.345953143337158	0.718300960718322	-6.38823026684301
14:313024-313535	-0.0984154063716449	5.6603113843225	-1.06970952104501	0.297106091218208	0.680601734784834	-6.28263750783654
1:16087-16450	0.0982492395053756	4.9101922988354	1.1704395054377	0.255166901010056	0.651155672132846	-6.17241144873599
3:686254-686816	-0.0982014453303135	5.62473315873918	-0.94337831396761	0.356404557821687	0.724133817889183	-6.40825943214768
20:152137-154074	0.0981858228562249	8.430810727812	0.956646327371086	0.349822324804303	0.720749392220633	-6.39574006507446
11:406054-407066	0.098159598138281	6.31416396720708	0.906106714316185	0.37534059696203	0.74072970514922	-6.44256838558432
3:990437-991151	-0.0980778019816624	6.20314414041666	-1.06623267948122	0.298637579784945	0.680601734784834	-6.28628474492998
1:12564-13452	-0.0980481787585799	8.84444632533796	-0.837905665955478	0.411686052175381	0.766198240971727	-6.5020310216972
10:418687-419105	0.0980283267460518	4.26338902311701	0.754431433649941	0.459115575464193	0.799922660871051	-6.56887833184502
13:405520-405826	0.097938775215928	5.01335167297426	0.982720136896808	0.337129964641763	0.712128764122857	-6.37067264095001
13:226676-227013	-0.097832229728489	5.12260865684188	-0.733426633493639	0.471550825523298	0.803755329414425	-6.58465710913846
7:131837-132115	-0.0977370572376728	4.58787266023573	-1.06648374445774	0.298526800721904	0.680601734784834	-6.28602173123886
1:421319-421523	-0.0976465348741247	4.80538741578462	-0.952436771144017	0.351901650149076	0.720749392220633	-6.39972942530095
16:112054-112322	0.097636328656808	4.71541053398614	1.04764823331861	0.306919658767857	0.68895305548893	-6.30559959285781
3:954928-955264	0.0976022235275869	4.94125688792617	0.881207448237703	0.3883564084583	0.752493840948125	-6.46477726362895
5:131881-132247	0.0975056080173307	5.06050965465759	1.08684293773223	0.289641520027569	0.673005230960339	-6.26450965751307
1:935839-936216	0.0974778988296841	4.95479942681282	1.10179944645139	0.283237040433769	0.670206533157814	-6.24847551772474
5:524371-525613	0.0974658872572665	6.46187185382106	1.16542318087593	0.257145423969512	0.651824325231732	-6.17810700589683
9:108706-109425	0.0973875390794392	5.81660616572325	1.08951560157965	0.288489441312266	0.672834265107407	-6.26165872957312
6:352376-352688	0.0973829281130962	4.79853689600771	1.02817514180472	0.315771666965373	0.693520108605009	-6.32551054715305
1:404582-404902	0.0973549595270269	4.89816801863953	1.00746530024771	0.325381788005682	0.705966496904233	-6.34631617470245
6:229990-230735	0.0973463024635786	5.9386670491473	1.09139815974941	0.287679939335657	0.672834265107407	-6.25964686624898
11:482026-482362	0.0973237387013564	4.8484465949495	0.920012912840231	0.368198647254391	0.732351733689813	-6.42991632942267
4:263893-264136	-0.0972291266712402	4.49736191161439	-1.04566411104282	0.30781344085975	0.689921362688153	-6.30764369389077
5:626215-627090	-0.0972260050229092	6.16302955430623	-0.999459676655219	0.329150925274605	0.708775779552271	-6.35425615953979
16:253810-254288	-0.0972038140179325	5.19248860212645	-0.902344864209506	0.377288307929593	0.742630811914186	-6.44596042805305
20:11281-11636	0.0970669997871436	4.92198048817788	0.875933889956902	0.391150584187163	0.752493840948125	-6.46940747425
20:58595-58977	0.0970023592052458	4.57776136662136	0.932650998601925	0.361787280771928	0.728549433978005	-6.41826427847312
8:513110-513339	0.0969987815403934	4.54915787519042	1.07183643481409	0.296172007002505	0.680142724374377	-6.28040112558252
10:282901-283236	0.0969163615355741	4.9346835130168	0.906412041518866	0.375182805925248	0.74072970514922	-6.44229250215952
5:586880-587084	0.0969145656766957	4.40472356558874	0.745625097351072	0.464304936683963	0.802245526524776	-6.57554500515412
2:735116-736355	0.0968514459197216	6.49894179384745	0.993155302038659	0.332140406260389	0.709302222388857	-6.36046841642255
6:516702-517943	0.0968131563662471	8.62163849279725	0.843727991157866	0.408498083633554	0.763048146600005	-6.49712361539896
3:419216-419462	0.0967567967584086	4.58809225811413	1.08927719503873	0.288592073907806	0.672834265107407	-6.26191329078314
13:94721-95701	0.0967254048990682	6.19411910304137	1.08336836025107	0.291144240929051	0.674606819221727	-6.26820666194233
1:305646-306368	-0.0966826153081692	5.80611450147973	-1.0647443079175	0.299294909132533	0.681405907058604	-6.28784281374848
5:247648-248034	-0.0966724366576832	5.34227275460935	-1.08754142588982	0.289340108962772	0.673005230960339	-6.26376518256411
1:102268-103139	0.0966485096553003	6.04297827932758	1.09470540149155	0.286261809623391	0.671597777791488	-6.25610498356033
18:153019-153853	0.0966479282295722	5.81309461394887	0.923714349476137	0.366313066070697	0.731319038239269	-6.42651881787019
14:254726-254979	-0.096638585226283	4.57646162042985	-1.02251948969507	0.318376027100955	0.697827574063621	-6.33123029525342
1:826663-827207	0.0965211487853388	5.55913172596569	1.13932433715481	0.267623872345499	0.656776398260993	-6.20739343438182
13:170436-170682	0.0964980089385987	4.67030334414146	0.928606135759523	0.363831039370024	0.729291416130868	-6.42200945486765
5:633415-633587	0.0964822649639752	4.16486934963601	1.04697583384528	0.307222345697903	0.688974284125637	-6.30629270833711
20:1612-1920	0.0964691163292839	4.93372178314715	1.0057111579662	0.326205068482033	0.706383109107682	-6.34806084275996
5:485961-487330	0.0964629230828304	9.10941854367855	0.939200400262091	0.358494464416742	0.725124559127194	-6.41216844598945
10:79300-82425	0.0963904057154554	10.518123747762	0.939647852254059	0.358270241649829	0.725124559127194	-6.41175055362337
12:496437-496748	0.0963892558438317	4.85818718686858	0.873071831481658	0.392672511105367	0.752493840948125	-6.47190958466587
12:55246-55519	0.0963679263852395	4.55118175123509	0.980493744159666	0.338201177489451	0.712742662303674	-6.37283707581694
7:535586-536246	0.0963000390748485	5.77171447143621	0.983865702101609	0.336579697872085	0.712128764122857	-6.36955721563214
14:462673-463688	0.0961670704629451	6.12144959428383	0.988863473167853	0.334186303542834	0.7105755876745	-6.36467711836621
15:237454-238442	0.0961253691400525	6.44740115423994	1.1352228445192	0.269298868900563	0.659630634847863	-6.21194283194986
1:791395-791729	0.0961242790875261	4.71951920745544	0.971151165020442	0.34272186343857	0.714577587655553	-6.38187092139906
11:221678-222059	-0.0961041547060502	4.94449536595289	-0.952931414414454	0.351656884348293	0.720749392220633	-6.39926149040648
14:93620-93932	-0.0960759347681508	4.995933503622	-1.03513927073437	0.312585457912176	0.692380789691674	-6.31842843960737
7:378930-379217	0.0960490743404039	4.82965251358394	0.876996192709271	0.39058667466987	0.752493840948125	-6.46847683972146
9:130852-131768	0.0960130404795354	5.90042768055808	1.08327619814023	0.291184176661389	0.674606819221727	-6.26830458026891
10:211344-211712	0.0960107743855589	5.02535496307658	1.15676044446873	0.260589034030668	0.652348140610286	-6.18789227913474
12:334946-335345	0.0960096837354278	5.10067638173362	0.923868292220574	0.366234785092537	0.731319038239269	-6.42637724358492
16:434720-435173	0.0957940779392574	5.2937184914192	0.924752881696988	0.365785182318148	0.731319038239269	-6.42556330553434
1:805314-806329	0.0957309420026196	6.17764186225787	1.09931696664963	0.28429286891893	0.670206533157814	-6.25115034044497
11:151494-152219	-0.095676783606141	8.66466267494589	-0.750769769006906	0.461269056574343	0.80101470630132	-6.57165932326981
1:75172-75451	0.0956763017316682	4.68844754593778	0.987592316168884	0.334793930716837	0.710640974648479	-6.36592047658862
3:129019-129279	-0.095615012531157	4.67457096717169	-0.866203953917347	0.396340270891104	0.755504461783805	-6.47788271144629
6:677463-678016	0.0955884152617053	5.36685933197319	1.14251589418028	0.266325811428281	0.654985896677466	-6.2038433517194
3:987553-987952	0.0955867363700378	5.31134028561001	0.995940534899226	0.330817356302236	0.708893396652959	-6.35772827782367
1:477513-477889	-0.0955648552066837	5.2152836410711	-1.03250906559779	0.313786140013142	0.692429551466876	-6.32110826313785
7:1839-2735	-0.09552918023061	6.42553448860997	-1.07055550737484	0.296734303335501	0.680421486541856	-6.28174845549415
3:969441-970679	0.0955035926207923	6.4726314981388	1.01557233920684	0.321595736713619	0.701969179990858	-6.33821719688929
5:672158-673082	-0.095498283217152	8.96221625670678	-0.749030135027429	0.462294282749857	0.801429131699551	-6.57297606877458
14:242378-242644	-0.0954765130837867	4.82390050274846	-0.887351238472157	0.385117652050299	0.750124721748101	-6.45935051541471
4:710161-711156	0.0954501971822417	6.42197283623003	1.06105861482143	0.30092713122943	0.682945660660198	-6.29169271644246
1:735132-735349	0.0954176847063639	4.42919942556892	0.932237281291021	0.361995965408196	0.728549433978005	-6.41864802954045
1:235773-236669	0.0953666062858911	6.26312272612075	0.947875971555941	0.354163942153778	0.722493269399261	-6.40403348684353
3:629400-629682	-0.0953412108267662	4.88706499265818	-0.934966618906661	0.36062074578331	0.727089395552295	-6.41611349667873
5:142719-143063	0.0953080020820973	4.74729761242769	0.851343855199521	0.404351980116039	0.760134171776308	-6.49065668865061
7:59162-59501	-0.095259277823625	5.05675103275439	-0.884264238269606	0.386742771252876	0.751654643563992	-6.46208159652389
8:378249-378581	0.0952032994493957	4.94368227651593	0.952231785817517	0.352003117596862	0.720749392220633	-6.39992327725963
5:605837-606671	-0.0951138580017163	6.2629314955424	-1.16128852325034	0.258784780542246	0.652348140610286	-6.18278541855774
17:49869-50579	-0.0950677868090386	5.83799555057885	-1.11153367352776	0.279124490756507	0.668875450830085	-6.23793545819423
16:258948-259451	-0.0950117683776526	5.6562922468469	-0.982980876947685	0.337004664836564	0.712128764122857	-6.37041886487371
8:236631-237212	0.0949638586168682	5.54071708108621	1.10534856443172	0.281732517280517	0.669884724694013	-6.24464211472935
3:96741-96990	0.0948598292780893	4.32251723575224	0.974847670003135	0.340928260762237	0.714417085754576	-6.37830598930571
18:233028-233526	0.0947954158587585	5.66344804375473	1.04353779414107	0.308773328713212	0.690749898579527	-6.30983042401386
4:218756-219815	-0.0947639493729309	9.74597953417369	-0.876092127636142	0.391066552146308	0.752493840948125	-6.46926891581188
1:866467-867994	0.0946735886215313	6.76017365008715	1.16681681598466	0.256594607023804	0.651824325231732	-6.17652681285507
5:659408-659931	-0.0946579109557177	8.17973748049482	-0.954050511069626	0.351103545923986	0.720749392220633	-6.39820199951367
7:366618-367319	0.0946550597866	5.77967146027064	0.889226847766554	0.384132449461842	0.748978072742239	-6.45768685408582
9:111287-111600	0.0946431369600118	4.92421310423714	1.02172358604296	0.318743740772307	0.697992653472039	-6.33203293416414
20:148953-149288	-0.094627691847216	4.65493306880781	-0.971523702205267	0.342540809467943	0.714577587655553	-6.38151220355474
4:100719-101802	0.0945899791814862	6.37629922651056	1.12188936788604	0.274797443633044	0.664340610572925	-6.22663239018467
6:459956-460217	0.0945772680379715	4.455435753866	0.872140424624884	0.393168626036171	0.753026431381215	-6.47272221396921
2:858717-859722	0.0945770479800814	8.14908897641702	0.826178907171444	0.418154906957034	0.772456196260702	-6.51181868960758
6:219644-220592	0.0945474025071116	6.33361388793324	1.10005180382671	0.283980036169171	0.670206533157814	-6.25035912613525
5:244801-245122	0.0945430972040366	4.84238172968485	0.96568281455551	0.34538705415095	0.718045728926918	-6.38712198354804
2:780530-781445	0.0945093459806357	6.01090424483934	1.04694336211298	0.307236968524301	0.688974284125637	-6.30632617037934
6:607048-607821	0.0944660859643633	5.85323756227787	1.09091641369909	0.287886933802824	0.672834265107407	-6.26016199566365
14:32246-32532	0.0944515281284879	4.93631198648807	0.953178663298473	0.351534580869804	0.720749392220633	-6.39902750847468
11:353547-353767	0.0943797340366839	4.34850229498163	0.6559286145561	0.51911881065725	0.825985419757184	-6.63920025225148
5:634821-635967	0.0943334170721277	6.61773881343398	1.0431654146919	0.308941651261319	0.690749898579527	-6.31021297201808
12:325521-325744	-0.0943143561423474	4.30388443456871	-1.02068923066773	0.319222067095364	0.698015619110332	-6.33307519967853
18:302653-303788	0.094244192265073	8.52955072042206	0.642875970778042	0.527385464757789	0.82837101437415	-6.64781366552109
13:443048-443385	-0.0942412976474332	4.62993560930895	-1.02094425096691	0.319104088912728	0.698015619110332	-6.33281831764806
12:432713-433095	0.0942015874399509	5.0277232040344	1.0429337261328	0.309046411737169	0.690749898579527	-6.31045092537072
4:479218-479945	-0.0941490980530517	8.68922798892915	-0.878227039793153	0.389933959381096	0.752493840948125	-6.46739724327046
14:187758-188062	-0.0941038737886446	5.08303997663721	-0.92973227018043	0.363261256856076	0.729291416130868	-6.42096825845933
10:186685-187138	0.0940062617942958	4.67517681303482	0.966625855469485	0.344926420333056	0.717421309205743	-6.38621834502499
12:64681-64940	0.0940034784956989	4.08348849831803	0.64184677135388	0.528040345407716	0.828923419181145	-6.64848576338906
8:481826-482743	0.0939822887266155	6.19683923026521	0.971935018997715	0.342340984814193	0.714577587655553	-6.38111599897622
3:933328-933705	0.0939755383721286	5.12841361972215	1.06654193009977	0.298501131292061	0.680601734784834	-6.28596076851417
18:23292-23622	0.0939066695393986	4.93759319187613	0.954318476283088	0.350971138250566	0.720749392220633	-6.39794813800651
9:498332-498702	-0.093896823754223	5.16135529644542	-0.908915830939314	0.373890525380682	0.739847034307663	-6.44002692794263
8:90622-92072	-0.0938424190443179	9.6472467856047	-0.744871007804871	0.464750928101705	0.802245526524776	-6.57611243025857
12:343068-343489	0.0937995370867952	5.23244430799653	1.04218549454158	0.309384904913346	0.690749898579527	-6.31121906450315
16:137292-138297	0.0937820857527791	6.41485852229851	1.01279031283035	0.322891469904068	0.70341422176383	-6.3410030725638
20:134468-134678	-0.0937700611471417	4.15768286079937	-0.855916896552517	0.401875437711003	0.757706174892354	-6.4867475361306
6:344256-344456	0.0937196903295643	4.13141660321619	0.762669125427462	0.454293035588448	0.796792957403564	-6.56257514824293
9:398368-398812	-0.093694052674369	5.26020090939746	-0.96244226599845	0.346973127858526	0.718300960718322	-6.39022099818976
4:248335-248549	0.0936652529355886	4.52588136734728	0.821236073948161	0.420900693523742	0.773061757986159	-6.51590554861892
3:848091-850462	0.0935079098827147	7.51476280287396	1.1216928643312	0.274879090880486	0.664340610572925	-6.22684773320075
10:199114-199510	0.0934495264379489	5.29793458354711	0.860786581165618	0.399249016762777	0.756418989728625	-6.48256338278129
3:338404-338654	-0.0933897698144452	4.65048960916932	-0.960929456240809	0.347715268754397	0.718530505462297	-6.3916644779995
5:547831-548886	0.0933610578907995	7.77546200405848	0.775907677680216	0.446607437630652	0.792002730124721	-6.55231013260124
17:304004-304665	-0.0933209990750576	8.77137277705157	-0.862017545432843	0.398586867321609	0.756418989728625	-6.48150221236421
9:289288-290468	-0.0932136504297585	8.72616153628749	-0.946971084441656	0.354613963772971	0.722493269399261	-6.40488518722031
3:916110-916765	0.0931756086670052	5.65557788936752	1.12467572788885	0.2736416242793	0.664304586039543	-6.22357530598644
5:216571-217268	0.0931226809104437	5.92088444914041	1.05348130535301	0.304302748542649	0.685786758512502	-6.29957005210022
7:303254-303519	-0.0931213239715492	5.84511840218197	-0.648218419056481	0.523993221927727	0.826989946682154	-6.64430827706312
9:449742-450010	0.0930933687974642	4.53451051014103	0.877082946737779	0.390540645870724	0.752493840948125	-6.46840079231152
15:10631-11062	0.0930912155501984	5.15432064244986	0.938799567411283	0.358695406325147	0.725167406825364	-6.41254264396972
1:860427-860773	0.0930837439434518	5.21899248938562	0.852302700732041	0.403831903723746	0.759475462633397	-6.48983865862833
1:698918-699637	0.0930236333234422	5.68265223857414	0.924634026465169	0.365845570333294	0.731319038239269	-6.42567270955338
4:286606-287443	0.0929271925472888	6.13147870797487	1.05249739749068	0.304743043494497	0.685786758512502	-6.30058920553892
2:1013842-1014209	0.092863800246505	5.24051596485457	1.01209986415922	0.323213613018923	0.70341422176383	-6.34169340637542
13:9819-11324	0.0928512735546878	8.82739489074598	0.682681071667561	0.50240259573572	0.818323878643771	-6.62102833126234
15:259460-259662	-0.092790699235259	4.55955982394958	-0.853265695151312	0.40331001006476	0.759475462633397	-6.48901622601216
1:529356-530211	0.0927759582703036	6.03573242848215	1.07468790005049	0.294923033303447	0.679632109931404	-6.27739667537683
10:522103-522415	-0.0927393689448364	4.91998841208261	-1.00389508885724	0.327058944147237	0.706932733912413	-6.34986420244393
13:477739-478070	0.0926989398260671	4.7083324184651	0.861969851588392	0.398612509140671	0.756418989728625	-6.48154335378263
8:21019-21254	0.0926622331331357	4.47706780330156	0.834079104320251	0.41378986678189	0.769154254034776	-6.50523900282907
8:535654-536727	0.0926262687838104	6.36501219258712	0.972775948027987	0.341932696472231	0.714466461670922	-6.38030549087944
16:355934-356544	0.0926152004798233	5.30208690838328	1.04866789302662	0.306461054247413	0.688268780136188	-6.30454775610973
9:129233-130122	0.0925644527259744	6.0245753016968	1.08106349012116	0.292144176146668	0.67611766678562	-6.27065325937251
6:241955-242250	0.0925307068309014	4.88480013184747	0.831144347469668	0.415407996306695	0.770881505584066	-6.50769004959074
4:637065-637509	0.0924890358388248	5.13547703499649	1.04157972619329	0.309659141672946	0.690749898579527	-6.3118405870121
6:72966-74161	-0.0923535581941479	8.91143355503925	-0.980458055552546	0.338218367902816	0.712742662303674	-6.37287173487899
14:492504-492821	0.0923129779643883	4.80573057587987	0.842679273747643	0.409071132248262	0.763343149621811	-6.49800987827664
3:39839-40100	0.0922947768031301	4.56838987148611	0.7877282970085	0.439812612546399	0.786182609328148	-6.54300389623453
5:776712-777046	0.0922601917088102	4.71319273836436	0.908145248089423	0.374287930803506	0.740091731904487	-6.44072481010053
13:77196-77486	0.092241832383106	4.71433013443725	0.780617351704879	0.443892522422952	0.790271063021819	-6.54861814349372
7:378226-378494	0.0922170067997046	4.76978678300021	1.02700960393458	0.316307150734393	0.694355471646465	-6.32669162159426
5:23189-24032	0.0922017919897709	7.7982087150409	0.910132892436346	0.373263433107472	0.738932829097322	-6.43892357844498
1:646560-647159	0.092180176700686	5.94079667377697	0.988889010747292	0.334174104125737	0.7105755876745	-6.36465212437592
15:65028-65735	0.09216305668759	5.71051176227988	1.07951955767569	0.29281537366126	0.676285661768731	-6.2722895304683
11:522551-522936	0.0921196020498769	4.85277843195447	0.762786350249912	0.454224631365212	0.796792957403564	-6.56248498532871
12:417797-418097	0.0920825438239765	4.9134941656903	0.963125343168982	0.346638384925543	0.718300960718322	-6.38956854602854
7:701736-702027	0.0920641831968254	4.58334342394267	0.873635076289819	0.392372695950943	0.752493840948125	-6.47141777705246
11:371524-372040	-0.0919654093152209	5.76482421741354	-1.09654766979861	0.285474056305558	0.670873504889245	-6.25412787935829
9:530635-530928	0.0919538052854492	5.46488770481792	0.920979172595157	0.367705791533532	0.732351733689813	-6.42903061985815
16:142696-143496	0.0919221779507167	6.05312084019868	0.938048701473142	0.359072028317046	0.725273645643997	-6.41324322147378
6:476027-476238	0.0919047950918284	4.31427557448367	0.724344128930308	0.476989077262386	0.80735605794863	-6.59134900884127
4:44381-45446	0.0918455596411505	6.39492155027087	1.12224916773752	0.274647992851675	0.664340610572925	-6.22623800871006
14:28714-29046	-0.0918191643581894	4.93233458369736	-0.951736143972189	0.352248541815412	0.720749392220633	-6.40039184156696
10:305643-306104	-0.0917075420948166	5.12055868180495	-0.995874685970181	0.330848593746209	0.708893396652959	-6.35779314098872
9:395-811	-0.0915891125093617	5.36593605358502	-1.03827758830482	0.31115708104595	0.690889101832823	-6.31522288971861
12:140816-141306	0.0915048207762501	5.34551690044414	0.975634621996601	0.340547254109631	0.714287492687304	-6.37754545498008
14:146041-146335	0.0914958097464194	4.47591153940954	0.801754572265913	0.431833087215445	0.779131673971111	-6.53178951931507
20:85173-85516	0.0914163205609002	4.83901942939486	0.935793443211127	0.360204833100858	0.726905695653489	-6.41534434426159
7:252141-252540	0.0913657196021544	5.02262398860984	0.738223559292821	0.46869348790489	0.802245526524776	-6.58109086065816
7:282652-282948	0.09135948111365	4.76608398429837	0.871083878905	0.393731889842026	0.753782694154365	-6.47364304925041
10:505590-506555	0.0913329389086304	8.74037754535322	0.826917704947151	0.417745473564755	0.772018472203074	-6.51120586242002
13:167259-168272	0.0913091293652872	6.20408837663498	0.890894748077424	0.383257742898669	0.74832069039918	-6.45620469979811
8:490376-491591	0.0912798021512575	8.7323100727064	0.801090043212281	0.432209093076872	0.779131673971111	-6.53232502383007
1:564394-564739	0.0912017461767993	4.56512336492674	0.807429289592232	0.42863050064372	0.778191907736033	-6.52719962778551
2:774111-774448	0.0911836242100801	4.72412005887202	0.84782827023841	0.406262507622197	0.761521655821662	-6.49364863833197
1:154469-155610	-0.0911594916315721	8.77478512098465	-0.808296380386716	0.428142458558979	0.778191907736033	-6.52649562229172
4:236195-237633	-0.0911439981480378	9.55084255877098	-0.727495339913693	0.475098086419919	0.806117905540393	-6.58903619576051
2:913159-913850	0.0911052274552446	8.49668734802913	0.713291939051651	0.483656188732748	0.810061917588032	-6.59938527230931
6:80308-81229	0.0909359087014945	6.25407232699084	1.01430801024205	0.322184147336129	0.702695006074916	-6.33948413154624
9:651906-652814	0.0908814427376736	6.25249682676218	0.997715415453006	0.329976159681976	0.708893396652959	-6.3559785018356
3:370522-370941	0.0908392304476324	5.25173639175985	0.846011564560214	0.407252052262639	0.761521655821662	-6.49519022981833
12:251235-252107	0.0908080180953119	6.30731445324307	0.992599379734805	0.332404921196233	0.709302222388857	-6.36101450424447
7:191513-192697	-0.0907816012333758	8.81576111767512	-0.810731509660597	0.426773704618833	0.777767166327991	-6.52451471075605
4:768858-769506	-0.0907732776737955	8.40840681494202	-0.612498267115346	0.546900519772608	0.839439503365629	-6.66721519883222
13:435214-435489	0.0907701706089812	4.71610933856258	0.95481692083964	0.35072493595101	0.720749392220633	-6.39747575446298
3:783503-783702	0.0907441399107025	4.0274897775795	0.886739754290287	0.385439205036288	0.750288902511483	-6.4598921977114
1:371508-372376	0.090719231275636	6.26124469658002	1.11266702161286	0.278648518001939	0.668693435719886	-6.23670294864226
6:580227-580560	0.0907028112030446	4.77064047001355	0.805470468865538	0.429734301650681	0.778741187930546	-6.52878741742025
1:794528-795381	-0.0906704381978081	9.23418246562747	-0.810129842519642	0.427111638702905	0.777767166327991	-6.52500467036969
19:83860-84997	0.0906609052947616	6.63668609879344	0.692129995629897	0.496572261886226	0.815300033792487	-6.61444416919117
6:672387-672841	-0.0905068845340748	5.08432617531319	-0.728138876197477	0.474712454698927	0.806039330431103	-6.58856270385653
7:303986-304497	0.0904830332233324	5.53460984056032	0.872978072414475	0.392722433524312	0.752493840948125	-6.47199142355395
4:658602-659507	0.0904352610009935	6.07362721965015	0.898104252857983	0.379491908569726	0.74500253629741	-6.4497685431565
5:223637-224465	0.0904057035335581	7.69284751803404	0.77215425480075	0.448778368666273	0.793401001935598	-6.55523741863334
10:486183-487148	0.0903486608594246	6.26902526887897	1.04431968027813	0.308420113340518	0.690749898579527	-6.30902678770288
13:347516-348545	0.0901204476567825	6.47794001930246	1.0677213774946	0.297981142377698	0.680601734784834	-6.28472438734259
6:236910-237693	-0.0901009967256892	6.23881880537552	-0.95517174056965	0.350549747538561	0.720749392220633	-6.39713934894205
2:1066218-1066664	0.0900982412766638	5.40895558545518	0.903410083171047	0.376736109009251	0.742196665460127	-6.44500124705883
3:613328-613680	0.0900868755130002	5.34180867856212	1.09337179854529	0.286833041004558	0.672180466772986	-6.25753434906705
5:564152-564918	0.0900141529272451	5.9064333827512	1.01082108815897	0.323810846542384	0.703581237438694	-6.34297084509035
6:696717-697539	0.0899865735546044	6.02821513622787	1.01405061019967	0.322304032053575	0.702695006074916	-6.33974188729382
4:648215-648374	0.0899839429226432	3.99858206686333	0.869666941399932	0.394488108419071	0.753946984347988	-6.47487635828901
6:331381-332367	0.0899607988727	6.05918383332962	1.04990642711004	0.305904664463607	0.687513261824366	-6.30326890273302
3:543305-544019	0.0899376616856493	5.82935181784239	0.981159798035069	0.337880464623065	0.712742662303674	-6.37219002564693
1:546766-547474	0.0898960495460024	5.64454392876178	0.82874274937989	0.41673514236065	0.771585666703782	-6.50968980649448
2:672547-673758	-0.0898863222604405	9.57698824033075	-0.847029060865609	0.406697640341302	0.761521655821662	-6.49432719853398
12:294212-294411	-0.0898400393020964	4.3787694001513	-0.975643359313893	0.340543025539784	0.714287492687304	-6.37753700783354
6:309821-310690	-0.0898062050829225	9.5148966224515	-0.749007098378371	0.462307868196658	0.801429131699551	-6.57299348603885
16:157263-157654	0.0897753347003798	5.15194062272614	0.865463948868776	0.396736789203868	0.755504461783805	-6.47852369343544
11:272407-273200	0.0896436458628065	5.78978333554549	0.961964420093009	0.347207428231435	0.718300960718322	-6.3906771691372
8:618816-619174	0.0895135048283535	4.83700887831215	0.828870367224941	0.416664552007525	0.771585666703782	-6.50958367805372
16:371260-372432	0.0894935151290124	6.41018234378651	1.05275759202399	0.3046265633057	0.685786758512502	-6.30031977337477
7:93545-94174	0.0894909300489974	5.39502642005337	0.923808432755043	0.366265222723811	0.731319038239269	-6.42643229624724
6:632889-633642	0.0894209684253626	5.73614563217053	1.03027941876039	0.314806517515789	0.693094403601725	-6.32337516264913
5:8604-9487	0.0894085325773784	6.44148462416332	1.01553327148581	0.321613907292188	0.701969179990858	-6.33825636648234
2:567611-567827	-0.0893828609596294	4.38010645654372	-0.967625496200668	0.344438599647917	0.716739735947966	-6.38525959296863
2:885809-886173	0.0893277428324444	4.86032011038869	0.806973486652736	0.42888718865669	0.778191907736033	-6.52756941756937
12:395825-396699	0.0892827432761409	7.78551867356847	0.680891745739928	0.503511040360721	0.818937288028556	-6.62226542744106
2:258951-259743	-0.0892316180712935	5.97721349026585	-0.93531910183662	0.360443398755491	0.727059329801523	-6.41578567611314
16:184840-185968	-0.089220325286453	8.59107894741025	-0.95094164397027	0.352642192608409	0.720749392220633	-6.4011424713549
4:194523-194676	-0.0891430519165941	3.69921793242719	-0.5979470147448	0.556382829727511	0.845005059904425	-6.67618816047211
6:421569-422063	0.0890469752152301	5.2323660805982	0.833388652089669	0.414170198866319	0.769222327852964	-6.50581637994974
3:730359-730860	-0.0889802694608868	5.68053926002852	-0.983588174869312	0.336712949772499	0.712128764122857	-6.36982754958007
11:113162-113892	0.0889610952692106	5.65978871931951	0.960001062718807	0.348171248360456	0.71882587991762	-6.39254929760786
7:276253-276469	-0.0888935364198513	4.39519041485527	-0.758462936352535	0.456751597839704	0.798655095721778	-6.56580165524515
2:141450-142107	-0.0888131731631354	8.90616373117587	-0.850469045061947	0.404826851126172	0.760251130494857	-6.49140227648672
1:1067711-1068020	0.088766441032532	4.74318248579691	0.841403644667003	0.409768863973099	0.763694790922435	-6.49908651650551
9:11387-12665	-0.0887333069095702	6.52468776216469	-0.992556436495099	0.332425360217175	0.709302222388857	-6.36105667625284
13:112650-113100	0.0886972563815762	5.28710952905085	0.999334293442419	0.32921019787515	0.708775779552271	-6.35438005814125
6:718253-718911	-0.0886905468560286	8.2859302151606	-0.617356394850894	0.543753955277186	0.836947284670111	-6.66417314826835
14:428002-429004	-0.0886815204408347	9.04256053364876	-0.852708880636097	0.403611722086408	0.759475462633397	-6.48949187151853
10:68367-68891	0.0885176224938631	5.54434445965498	0.956472403983205	0.349908068730607	0.720749392220633	-6.39590520933769
8:35621-36334	-0.0884675486306978	8.95695647934363	-0.815970176300449	0.423838420121701	0.774848636350253	-6.52023426627139
2:413304-413480	-0.0883348325001956	4.42712767316959	-0.875406170001628	0.391430914720011	0.752493840948125	-6.4698693964665
10:420527-420813	0.0883289524149689	4.57651075746235	0.779437655998359	0.444571612307627	0.790271063021819	-6.54954490204599
9:25532-25871	0.0882614401316548	5.08661721891528	0.799168453212328	0.433297518378565	0.779131673971111	-6.53387117283531
3:380748-381206	0.0882567754079853	5.33277206322386	0.954331355594432	0.35096477514774	0.720749392220633	-6.39793593492473
5:787139-787940	0.0881376379996333	6.16447300705374	0.994940427649281	0.331292008423195	0.709164528791115	-6.35871299413741
4:103477-103906	0.0880626399183519	5.19149399486389	0.823140980334305	0.419841157677982	0.772828576161267	-6.51433324158482
8:53152-53401	0.0880518248096482	4.83207855612084	0.689062693886217	0.498460643325017	0.816359253392893	-6.61659098528201
1:1064354-1064735	0.0880420669637028	5.20280358510427	0.93438419753334	0.360913912077811	0.727352845772302	-6.41665491894426
3:111500-112257	0.0880341515496204	6.05776443824491	1.01203602377541	0.323243410431512	0.70341422176383	-6.3417572146374
9:603465-604338	0.0880171081740979	6.17623491148482	0.771234654298524	0.449311233350148	0.793401001935598	-6.55595257116194
20:73201-73457	0.0879877403220135	4.21509336695613	0.667813482840463	0.511654674778505	0.823397201837729	-6.63121313550001
8:532471-533313	0.0879653057490479	5.89340391411906	0.97404441873048	0.341317461036535	0.714466461670922	-6.37908169919857
7:280682-281592	0.0879388112164365	6.0815599961473	0.83030567281394	0.415871150952349	0.771171058439718	-6.50838900975174
9:46663-46962	-0.0879075252824748	4.85949011995771	-0.883035225813712	0.387391021150957	0.752493840948125	-6.46316645541492
14:218194-218551	0.0878898298994768	5.05169310232707	0.794071838876669	0.436192574598814	0.783152011193058	-6.53795511045764
13:300193-300644	-0.0878474421673152	5.17189741709411	-1.01199507704947	0.323262523272609	0.70341422176383	-6.34179813884461
3:220323-221099	0.0878346921894737	6.00109015868924	0.981550637007204	0.337692368721129	0.712742662303674	-6.37181015188723
13:108052-109234	0.0877691860151408	6.41800152935245	1.0578165468068	0.302368148894779	0.683535269925774	-6.2950693466379
1:462864-463133	-0.0877229235198351	4.62096804305617	-0.902588516702057	0.377161953650803	0.742630811914186	-6.44574112226715
3:287995-288317	0.0877195937646587	4.73196895320975	0.722302328579434	0.478216688124887	0.807735055112073	-6.59284248490002
4:256522-256794	-0.087622946736456	4.82945641001264	-0.864757851308462	0.397115378421727	0.755504461783805	-6.47913483065531
18:30436-30728	-0.0874185495129467	4.78675929164113	-0.917202750592299	0.369634522761828	0.733986930306267	-6.43248736467699
5:152000-152306	0.0873816336845792	4.67081379872078	0.860901004254984	0.39918743734871	0.756418989728625	-6.48246480215688
13:295748-296833	0.0873649150908422	6.28913186150225	0.920107063801166	0.368150604689051	0.732351733689813	-6.42983006477881
17:16631-17502	-0.0872512075767835	6.21402353001683	-0.980078982667215	0.338400996127836	0.712791933490916	-6.37323980141228
7:3855-4084	-0.0872058884399998	4.70746896785615	-0.841293650005748	0.409829063403863	0.763694790922435	-6.49917928137231
1:426582-426892	-0.0871444162407391	4.77817184948251	-0.860158170335882	0.399587319922853	0.756579037214336	-6.48310456967588
6:543262-543783	0.0871244853555826	5.58260932403241	0.988557522371515	0.3343324816002	0.7105755876745	-6.3649765111427
14:51271-51710	0.0870612070033951	4.9469361029379	0.71289074970717	0.483899219578515	0.810061917588032	-6.59967477481184
14:448092-448770	0.0869860114380332	5.90723808500016	0.954071034749048	0.351093403507562	0.720749392220633	-6.39818255835447
14:473954-474683	0.0869418200556229	5.91185007753456	0.96237199410806	0.34700757722882	0.718300960718322	-6.39028809554024
3:771490-772464	0.0869410528808139	6.34428454816882	0.969984329432876	0.343289373433075	0.715346012796296	-6.38299366133169
3:899930-900499	0.0868904680370237	5.44997680824479	0.930352961545022	0.362947466390769	0.729291416130868	-6.42039388680229
6:423262-423605	0.0868798264395636	4.73703847650608	0.771544098908129	0.449131881922448	0.793401001935598	-6.55571201282256
19:128055-128411	-0.0868767142134557	5.15693525242366	-0.801993857300628	0.431697744088301	0.779131673971111	-6.5315965916228
12:187827-188134	0.0867939883736319	4.84823187072011	0.776242390887723	0.446414156040157	0.791973746506438	-6.55204844061129
8:691032-692536	-0.0866850134515502	9.69887146301449	-0.71028897316518	0.485477038936935	0.810441416784146	-6.6015484828229
7:682084-682395	0.0866618193310993	4.91185868453389	0.849951804230304	0.405107792104249	0.760277768326466	-6.49184277735506
6:565837-567116	-0.08665537047378	9.05432599292172	-0.852523772132832	0.403712055960917	0.759475462633397	-6.4896499320053
11:456926-457160	0.0865938921821563	4.46976113241447	0.932291328472414	0.36196869867588	0.728549433978005	-6.4185979059658
12:278453-280736	-0.0865805824537755	9.81014341366756	-0.740126630692536	0.467562761084091	0.802245526524776	-6.57966992620631
16:203290-203523	-0.0865792850383151	4.60731698617386	-0.850904762990195	0.404590286691449	0.760251130494857	-6.49103100973936
6:500692-501386	0.0865170394042796	6.00195039853543	1.01543963846649	0.321657459374721	0.701969179990858	-6.33835023811395
1:712838-715131	0.0865097458230419	7.24932555139386	0.976769158132827	0.339998478713202	0.714140399211774	-6.37644802103858
2:250795-251130	0.0864437066296579	5.1540312331788	0.921215381112839	0.367585376882519	0.732351733689813	-6.4288139722316
6:148649-149087	-0.0863744977964727	5.48947328224967	-0.919262518231175	0.368581702167983	0.732580683349863	-6.4306035787033
6:745570-746527	0.0863457404673404	6.40467221748748	0.991429623122425	0.332961983493701	0.709684684818003	-6.36216266081543
2:696067-696350	0.0863180748300607	4.76537452464092	0.954852307117455	0.35070746168243	0.720749392220633	-6.39744220977039
2:902489-902814	0.08624597095951	4.76168430109891	0.896750885897204	0.380196961338365	0.745732514877528	-6.45098039293499
16:475840-476190	0.0861672361918187	5.02866379176365	0.696885844851041	0.493652444454738	0.814144562041049	-6.61109754773458
7:157797-158038	0.0861272382486682	4.50329924242574	0.705472821218274	0.488405621052173	0.81077856629467	-6.6049996964012
11:390020-392083	0.086123408803541	7.20493886780582	1.03163758948524	0.314184684580396	0.692429551466876	-6.32199482527854
10:405905-406713	0.0861004889896231	6.01506066160195	0.928998095272277	0.363632654228964	0.729291416130868	-6.42164719020949
1:412261-412925	0.0860521791740956	5.5247035755076	0.723109133333717	0.477731383764132	0.807675894012047	-6.59225282570121
2:808608-809331	0.0860516561088014	5.94560276570258	0.946617254540017	0.354790037117868	0.722493269399261	-6.40521801740001
6:269091-269338	0.0860222844405341	4.57310557091965	0.754457675148182	0.459100164298818	0.799922660871051	-6.56885835554814
12:390938-391827	0.0860049647357295	6.19056353339337	0.808069397153128	0.428270182507319	0.778191907736033	-6.52667998225189
9:332156-333069	0.0859829274618438	6.33050999098859	0.898901503926661	0.37907697552181	0.744841326793513	-6.44905386774841
9:335207-335409	0.0858805395712094	4.05153073255176	0.70139122398399	0.490895528666687	0.812822832074402	-6.60790702591923
12:482912-483124	0.0858726946448813	4.56789891032787	0.845920312587045	0.407301797148583	0.761521655821662	-6.49526758167844
4:117763-118000	0.0858642277949428	4.57283378124578	0.744800972775538	0.464792361926961	0.802245526524776	-6.57616510149011
11:535728-536507	0.0858269305258341	5.85380486301002	0.806019685352197	0.429424637822065	0.778635197873472	-6.52834259611422
8:584199-584557	-0.0858237840647806	5.14711150916421	-0.841502771386278	0.409714617341031	0.763694790922435	-6.49900290751105
8:441456-442510	0.0858179647703237	6.58250121422807	1.00605647432423	0.326042884560115	0.70637364534902	-6.34771760907823
11:409873-410609	0.0858168592952095	5.84442021631862	0.979570794757674	0.338645935541096	0.712972345946352	-6.37373303090367
19:50187-50443	0.0857839923809056	4.61098103871706	0.749280692454572	0.462146536496942	0.801429131699551	-6.57278659767335
16:41727-42147	0.0856613594331348	5.09673395905722	1.04119054218041	0.309835419726954	0.690749898579527	-6.31223972110205
4:307580-308342	-0.0856285344990191	5.91390156670445	-0.894458243018534	0.381393312691099	0.746937695722262	-6.45302944725515
7:509490-510148	0.0856138610997119	5.49151108936788	0.877595484142414	0.390268782826131	0.752493840948125	-6.46795136660782
2:957495-958543	0.0855866784333923	6.51569691998788	0.987496949819342	0.334839547706354	0.710640974648479	-6.36601369878023
9:670800-671049	0.0855777075834219	4.53063883597495	0.73470452131778	0.470788632001579	0.803067803673424	-6.58370922481346
2:727941-728818	-0.0854686983068333	5.91363147805848	-0.893782583629871	0.381746359518598	0.746937695722262	-6.453632394118
5:763600-763947	0.0854637748979439	5.09804801621028	0.879801736302487	0.389099940754709	0.752493840948125	-6.46601400413534
14:509108-509443	0.085397594563676	4.80132924917239	0.769041886909507	0.450583391934918	0.794455598146514	-6.55765459244507
9:442969-443506	0.0853351307494625	5.74047592239864	0.96220102178008	0.347091402711349	0.718300960718322	-6.3904513254927
16:104820-105158	0.0852318954253519	4.95885558130953	0.694394583622579	0.495180703095093	0.815300033792487	-6.61285333789022
7:116743-117130	-0.0850941440959199	5.03785525401101	-0.832853914409375	0.414464908967156	0.769450407522601	-6.50626323691155
6:33080-34077	0.0850340218562513	6.08439256782422	0.810539824784182	0.426881348719128	0.777767166327991	-6.52467084379859
17:162044-162580	-0.0850146270565846	5.71577987126418	-0.945079807145195	0.355555792175559	0.723394420808093	-6.40666289465419
1:802597-803572	0.0850131575159523	6.09540635387338	0.967860407354668	0.344324032583169	0.716739735947966	-6.38503415929402
15:479895-480631	0.0849786486476258	5.91646931498001	0.903902694695195	0.376480925235907	0.742020528998644	-6.44455731966958
10:36402-36658	-0.0849524644160891	4.68575341935003	-0.792781139554709	0.436927633620251	0.783723660145789	-6.53898545579648
13:248711-249036	-0.0848862303347779	4.83575182064914	-0.85764426707262	0.40094252400386	0.757542734251279	-6.4852658641401
11:120626-121103	0.084805514885903	5.0654229517021	0.949450516605294	0.353381808025486	0.72126628943095	-6.40254971379508
17:407259-408311	0.08479702773562	6.07595842105695	0.878714262339538	0.389675783311423	0.752493840948125	-6.46696950444672
18:247058-249399	0.0847917793134503	9.5749479718904	0.799702176476219	0.432995036636865	0.779131673971111	-6.53344207841877
4:492843-493097	-0.084749567947747	4.75197886477285	-0.874074367312466	0.392138964892775	0.752493840948125	-6.47103399770782
11:70783-71577	0.0847453145203865	5.9143874508838	0.973810549209127	0.341430835502504	0.714466461670922	-6.37930744044788
1:870089-870342	-0.0846625441300803	4.29270158419591	-0.778852086072952	0.444908930981478	0.790556718965103	-6.55000443019987
11:94747-94994	0.0845616078575508	4.51286219305659	0.806933672252324	0.428909614920642	0.778191907736033	-6.52760170941543
9:304898-305163	0.0845615338903416	4.56384352575258	0.805882710433297	0.429501855127257	0.778635197873472	-6.5284535614414
5:723959-724301	-0.0844108482943078	5.19864949135534	-0.702226934455906	0.4903851222048	0.812347819018759	-6.60731305622615
14:75390-77014	-0.0843996081838529	10.7301030698902	-0.754539910710426	0.459051870831596	0.799922660871051	-6.568795749607
2:753518-754821	0.084314320495384	9.11744350329563	0.788147278782075	0.439572944430329	0.786068117966501	-6.54267160613289
20:164561-165065	0.084261044220665	5.38041704626268	0.919808644954942	0.368302893774747	0.732351733689813	-6.43010345939197
10:380899-381255	0.0842552015248001	4.72176696040432	0.713042268477499	0.483807424794829	0.810061917588032	-6.59956545546384
1:482122-482825	0.0841549197919047	8.51638175750006	0.727124657714034	0.47532029726169	0.806189333286595	-6.58930875057787
10:542933-543271	-0.084115731971516	5.18540062216069	-0.939164996964818	0.358512209416551	0.725124559127194	-6.41220150267733
13:35857-36064	-0.0840415784146336	4.52580489786235	-0.67621753465677	0.506413135630344	0.819192336494912	-6.62548242131388
17:208508-208808	0.0840362544321067	4.86985586490393	0.830237869666124	0.415908609265746	0.771171058439718	-6.50844548878521
2:257605-257926	-0.0840015457677712	5.20051949173266	-0.665401878675461	0.513164371926294	0.824282715030161	-6.63284494022423
11:414305-414559	-0.0839891877586787	4.47502066455784	-0.541220385601885	0.594152256876353	0.869946189656053	-6.70917386146887
2:648405-650203	0.0839760711169752	9.82239637392886	0.744067407174822	0.465226483472191	0.802245526524776	-6.57671651216946
8:414063-414414	-0.0839048084919982	5.18523169061669	-0.792283326839438	0.437211344813234	0.783723660145789	-6.53938243088423
9:41031-42944	0.0839009629929119	7.37695684446276	0.900608455454172	0.378189593138498	0.743750711286431	-6.44752174496241
15:293717-294651	0.0838942731933976	6.02931213707722	0.940329587722202	0.357928799224745	0.725124559127194	-6.41111350416339
7:477242-477642	0.0838142586328328	5.1038313148018	0.824696818745864	0.418977028577945	0.77276036453663	-6.51304652597851
20:16455-17663	0.0838115713742926	8.49406480592357	0.587722271023564	0.563096941742034	0.850631762145577	-6.68236857021623
6:178405-178864	0.0837656017690662	5.11466553025204	0.743744833445782	0.465417458086388	0.802245526524776	-6.5769588232774
13:273064-273374	0.0837331630981115	4.79573170439622	0.700583606083305	0.491389068904893	0.812822832074402	-6.60848038880431
9:313592-313965	0.0837234503541451	4.92093443154191	0.714842731017266	0.482717425551589	0.810061917588032	-6.59826474734993
4:204147-204670	0.0837076410041728	5.60702120888032	0.914565479278927	0.370985453945206	0.735724808089828	-6.43489363285621
8:375510-375924	-0.0836424409294771	5.2953822855489	-0.739012467229568	0.468224554082775	0.802245526524776	-6.58050224075781
3:804977-806023	0.0835952927969057	6.38915538738429	0.937315095527561	0.359440250698779	0.725689924279537	-6.41392719835104
7:639864-640252	0.0834992564404748	5.17215921972695	0.798625743167213	0.433605227851215	0.779131673971111	-6.53430721638325
3:864832-865795	0.0834515936935558	6.05028423386945	0.822000200953851	0.420475472940163	0.772915078800891	-6.51527524875577
4:252177-252593	-0.0834377668334296	5.50194562595574	-0.715936889629505	0.482055723012916	0.810061917588032	-6.59747277028768
13:31173-32274	0.0831677932860053	8.52864216669178	0.815723680775981	0.423976249438747	0.774848636350253	-6.52043625362652
5:138334-138695	0.0831472216289102	4.8786373194308	0.955234433908419	0.3505187995754	0.720749392220633	-6.39707989734194
10:414861-415902	0.0830848363468579	6.22422409333665	0.924242514830001	0.366044536980656	0.731319038239269	-6.42603299724318
1:765106-765447	0.0829902412732828	4.93629575059009	0.783807223286517	0.442059466770446	0.788310029189051	-6.5461055980896
3:722797-724401	0.0828920990032929	6.92956889521602	1.00459873504345	0.326727920401025	0.706932733912413	-6.34916583088488
11:241207-241499	0.0828543692736163	4.68058956596534	0.842573909589102	0.409128734571654	0.763343149621811	-6.49809886386934
17:119329-120572	0.0828030287807708	6.79515440027621	0.917520754778049	0.369471848569343	0.733986930306267	-6.43219678396496
9:326048-326365	-0.082732861384633	5.10998211226218	-0.86853927836308	0.395090615344125	0.754447779129822	-6.47585654926504
7:540860-541683	-0.0827323845745944	9.30357136168667	-0.728196921556726	0.474677680763104	0.806039330431103	-6.58851997653231
3:185099-185370	-0.0826637293631105	4.75583060713034	-0.780451155408269	0.443988154530589	0.790271063021819	-6.54874878574444
3:239742-240610	-0.0826380350937512	6.25948439462338	-0.946699870641927	0.354748920270551	0.722493269399261	-6.40514031473775
15:505741-506530	0.0826173093075191	6.22060666512016	0.951359680154263	0.352435031031251	0.720749392220633	-6.40074758954006
4:107818-108475	0.0825496003620012	5.7927391105058	0.856443781557993	0.401590730889591	0.757706174892354	-6.48629588906847
2:228980-229957	0.0825239867871659	6.38224541965387	0.845382633619709	0.407594985205508	0.761751629970712	-6.49572319983267
14:481695-482280	-0.0823622786212725	5.5481129795838	-0.838160268184672	0.411546316006519	0.766198240971727	-6.50181709064513
13:102307-102765	0.0823604767477288	5.3605003584291	0.76858913301522	0.450846334834627	0.794455598146514	-6.55800544947987
2:350416-350880	-0.0823541766386757	5.52973677904262	-0.773321893633914	0.448102332996313	0.793396377567839	-6.55432821409079
17:52369-52731	-0.0823287865784268	4.75719839078429	-0.668720426024951	0.511087560843224	0.82319204515144	-6.6305979929079
7:286734-287018	0.0822811342872134	4.56340104874775	0.927229123820126	0.364528572012416	0.730362528347169	-6.42328103063135
1:113031-113784	0.0822510551083884	6.11904140700843	0.858642446825113	0.400404067087001	0.756844849781005	-6.48440839691245
9:198285-198729	-0.0822300720140339	5.58385177048234	-0.818559844557196	0.422392095062447	0.774847138319472	-6.51810874371373
18:194947-195768	0.0821314082071094	8.92469783748402	0.635497682116816	0.532090099389873	0.831286312345225	-6.65260903025317
18:150832-151093	-0.0820565969771154	4.80056651400464	-0.757713338262539	0.457190587665527	0.798655095721778	-6.56637489073131
5:809052-809246	-0.0819760288462854	4.11525130276002	-0.707947641617995	0.486899467832961	0.810441416784146	-6.60322905332492
4:718362-718660	-0.0818826048572614	4.80835737962207	-0.734009776318101	0.471202920582859	0.803468294296715	-6.58422475207048
13:386283-386576	0.081877089595487	4.93119104579343	0.770869381568966	0.449522998415701	0.793401001935598	-6.55623641242735
14:455842-457134	-0.0817890243164747	9.1419706882992	-0.802999400562507	0.431129282726842	0.779131673971111	-6.53078526422121
4:378419-378962	0.0817060784376507	5.58466380726262	0.962868199056631	0.346764372835782	0.718300960718322	-6.38981421097376
17:363887-364243	0.0816169488609528	4.93776015534642	0.604590537930708	0.552042913935769	0.843275002398689	-6.67211728336116
13:190486-190730	-0.0813105196608594	4.66944779274212	-0.854822181384435	0.402467392150121	0.758502756742713	-6.48768510145453
2:242135-242418	0.0813016193799889	4.69365272169986	0.751711478144866	0.460714644623482	0.80101470630132	-6.57094532887653
1:50357-51309	0.0811822074300501	5.98884225906531	0.766330241181174	0.452159609889922	0.795232382659053	-6.55975304104878
4:300035-300553	-0.0811731246993173	5.45852593417139	-0.877390767774313	0.390377354841666	0.752493840948125	-6.46813090426337
13:196347-196689	0.0811593150184935	5.00898414342952	0.619929002350427	0.542091626764004	0.836401972214988	-6.66255286315372
14:354228-355102	0.0811338038315998	8.61032942968597	0.566600212386792	0.577098463833551	0.859312283472713	-6.69480932678016
4:37482-38138	0.0810973494948577	5.68334938814996	0.791400147063218	0.437714962900469	0.783998468964586	-6.54008613555436
9:4545-4814	-0.0809914074693152	4.66923199469967	-0.875630176889165	0.391311903849051	0.752493840948125	-6.46967335098219
1:525872-527204	-0.0809493958799816	9.19578756947469	-0.647509315770742	0.524442782004682	0.826989946682154	-6.6447751500269
11:196943-197432	-0.0809474779808816	5.08143267466322	-0.847781749875887	0.406287827633768	0.761521655821662	-6.49368815229733
8:24461-24876	0.0808564232611575	5.21851437324879	0.705291848689115	0.488515865064851	0.81077856629467	-6.60512894391304
7:381359-381661	-0.0808132111211322	4.88052816333933	-0.827424103895802	0.417464979559503	0.771818772618065	-6.5107855124319
16:291496-292994	-0.0807019513460361	9.51690440037908	-0.656446061509001	0.518792581508244	0.825985419757184	-6.63885536843578
4:4737-5141	-0.0807006849190426	5.23372361030935	-0.887898315908674	0.384830117079258	0.749890990007296	-6.45886559478323
7:139130-139850	0.0804389806685295	5.88589424644377	0.83800846567407	0.411629627825346	0.766198240971727	-6.50194465091882
16:488224-488616	0.0804059171602747	5.23114827313747	0.679062705953313	0.504645518894291	0.819192336494912	-6.62352677412773
4:309294-309762	0.0804035230120714	5.18014344028765	0.835671649317052	0.412913468470402	0.767844073482974	-6.50390556546484
8:162107-162406	-0.0803777458482191	4.82407881360809	-0.896061041769846	0.38055667638015	0.745939443761454	-6.45159745247427
5:582946-583270	-0.0803144786482699	4.85011821125093	-0.947318512368853	0.354441133858211	0.722493269399261	-6.40455826822952
8:195515-196651	0.0802924824988924	6.42268673817183	0.861114440994891	0.39907258787042	0.756418989728625	-6.48228088426987
7:276817-277187	-0.0801581515908385	5.12413080773487	-0.718332495877004	0.480608809274833	0.809636819839726	-6.59573475412867
7:619565-620367	0.0801096375874284	5.94483128093626	0.85029062244819	0.404923747788145	0.760251130494857	-6.49155425579667
17:176149-176549	-0.0799776125300076	5.43782309222751	-0.688400464166222	0.498868882212281	0.81647532164249	-6.61705328782382
9:483164-484651	-0.0798904980879733	9.40562758819405	-0.615176636695058	0.545164567384646	0.83808054534276	-6.66554092819532
1:303586-303862	0.0797962210355303	4.55198086239266	0.817261706018247	0.423116714503063	0.774848636350253	-6.51917500565315
9:679900-680132	0.079777808350002	4.41327317701642	0.803307176804539	0.430955381554329	0.779131673971111	-6.53053674273353
18:243684-244844	-0.07976459636531	9.02099043480962	-0.8799392778258	0.389027148985184	0.752493840948125	-6.46589307634215
15:358322-359052	0.0796786655770072	5.82279011254634	0.800048675621375	0.43279873235848	0.779131673971111	-6.5331633614611
4:792037-792706	0.0796397561421118	6.02214843603924	0.860693269990818	0.399299238859513	0.756418989728625	-6.48264376552443
5:33865-34752	0.079591404559622	5.91262142740221	0.809672568358918	0.427368584587977	0.777918578534277	-6.52537681737016
2:421131-422136	-0.0794909650550268	6.38774630270757	-0.809249650173767	0.427606311651033	0.778034898760173	-6.5257208287948
18:208724-209224	-0.0794705483883344	5.60317269222037	-0.870194387206452	0.394206500752587	0.753946984347988	-6.47441748477707
19:119499-119773	-0.0794334657141214	5.20383313184432	-0.72274050940042	0.477953080321667	0.807675894012047	-6.59252231481368
1:313449-313765	0.0793970884468518	4.77644245606717	0.608737287376076	0.549343105254923	0.840923303392967	-6.66955433001299
8:250292-250594	-0.0791711926151661	4.67962746846231	-0.892408407496102	0.382465060759097	0.747560529239179	-6.45485738553251
15:33556-33888	-0.0791407013003997	4.94877937532056	-0.656893882452106	0.518510340560587	0.825985419757184	-6.63855668063575
20:104799-106168	0.0790330331427622	9.11200505579197	0.693646697808055	0.495640021269943	0.815300033792487	-6.6133792621156
14:511459-511674	0.0790240667275484	4.2216547221036	0.663652329994981	0.514261171206423	0.824282715030161	-6.63402522904641
2:698478-698724	-0.0789373859012619	4.68748226174014	-0.7883707449064	0.439445149117792	0.786068117966501	-6.54249430948459
4:895936-896708	0.0789236771127655	6.14414595884391	0.798732524654706	0.43354467342765	0.779131673971111	-6.5342214441622
8:502232-502503	0.078841803962697	6.23323886523983	0.807997824328564	0.428310461625848	0.778191907736033	-6.52673810494596
14:126741-126948	-0.0787778262807644	4.31141415352983	-0.651498198093191	0.521916658310302	0.825985419757184	-6.64214249527778
4:643268-644039	0.0786679903387091	6.12216113263659	0.856452998843978	0.401585751407598	0.757706174892354	-6.48628798568736
7:450363-451995	0.0786390012633493	6.85752080495514	0.894244585697123	0.381504930046156	0.746937695722262	-6.45322015693073
14:504082-504392	0.0786318953655396	4.7094551938413	0.714483745543644	0.482934640765809	0.810061917588032	-6.59852433825506
13:155052-155270	-0.0785783960938287	4.00292138289351	-0.715338935747883	0.482417275487267	0.810061917588032	-6.59790572575784
10:278872-279134	-0.0785586349076182	4.74055351442824	-0.818652743165984	0.422340269125927	0.774847138319472	-6.51803237811398
1:273982-275122	0.0785551735286987	6.42117954120732	0.88639132688321	0.385622506663538	0.750288902511483	-6.46020069697478
13:115417-115982	0.0785266364752797	5.75148205126413	0.874815840903926	0.39174465907841	0.752493840948125	-6.47038581553475
6:349026-349907	0.0785038124051871	6.1350043985293	0.817301866797974	0.423094285090554	0.774848636350253	-6.51914204224533
12:488719-489380	-0.078449717629347	8.84506266247397	-0.694540195672212	0.495091303067731	0.815300033792487	-6.61275087849976
4:907630-908719	0.0784370444514124	6.29856586174385	0.810663108378736	0.426812114642274	0.777767166327991	-6.52457042961011
8:478071-478448	-0.0784085478091852	4.86388931838965	-0.825297197484673	0.418643872586167	0.772721638637395	-6.51254939059986
12:447055-447256	-0.0783999662458177	4.38791820503949	-0.827994363554535	0.417149255901326	0.771585666703782	-6.51031186510451
16:467303-467664	0.0782677137820054	4.91697845347366	0.847155818749046	0.406628606584825	0.761521655821662	-6.49421961590021
17:296857-297135	0.0782305427180665	4.60752489655132	0.539252325920434	0.595484967877037	0.8701895906685	-6.71026104449002
4:715987-717258	0.0782196988632844	6.64889301109456	0.817524003409399	0.42297023741655	0.774848636350253	-6.5189596882113
2:1025505-1026934	-0.0782171651682919	9.01714966528355	-0.650989680367571	0.52223832393048	0.825985419757184	-6.6424789787078
7:468237-468588	0.0781770068225933	5.22935373565723	0.915469168747077	0.370522172550534	0.735131757241219	-6.434069817808
2:328950-329410	0.0781186316345055	5.3996619247547	0.802621276343894	0.431342992068229	0.779131673971111	-6.53109046752352
15:344471-345490	0.0781007429066864	6.25819656675802	0.930957063516375	0.362642237731324	0.729194364818241	-6.41983452842921
17:354226-355755	0.078100626404785	9.87082877491115	0.719130871874871	0.480127166142171	0.809207356351389	-6.59515430479827
11:195181-196110	0.0780928611255902	6.16846215964757	0.895909424821967	0.380635766208928	0.745939443761454	-6.451733013678
4:367048-367322	0.0780286106410282	4.6006294145274	0.729340406695967	0.473992945678869	0.80565578662357	-6.58767759524495
4:40622-41394	0.0779851849021806	5.80045481726714	0.695509152477468	0.494496637928307	0.815236446175728	-6.61206855374495
4:563989-564875	0.0779630533718993	6.31289504463004	0.859545296260688	0.399917437246933	0.756844849781005	-6.48363202227839
13:454267-454804	0.077884384235924	5.7101022650461	0.774701030934926	0.447304645489694	0.792611082031619	-6.55325265342824
14:490434-490698	0.077871292733291	4.78702018587772	0.629556021215857	0.535895229696985	0.831715342622644	-6.65643200910243
4:42855-43411	0.0778322078413733	5.25867469071895	0.822705744793679	0.420083093342351	0.772828576161267	-6.51469278484701
7:236474-237319	0.0777528689315128	6.19871255913856	0.880685074634568	0.388632602322591	0.752493840948125	-6.46523705976349
4:761783-762086	-0.077695307336743	4.98297670461779	-0.655794677198563	0.51920327121793	0.825985419757184	-6.63928948042554
4:89107-89647	-0.0776940135551136	5.52356567026561	-0.651222171868737	0.522091246602414	0.825985419757184	-6.6423251716123
4:22611-22867	0.077684874050278	4.37112210724089	0.602864833357995	0.55316852104948	0.843275002398689	-6.67317889744764
11:244673-245064	0.0775495413249141	5.01573747119133	0.875318067972052	0.391477728224566	0.752493840948125	-6.46994648851321
13:360505-360841	0.077533728948219	4.83499470100639	0.636692078872232	0.531326967165035	0.830810608903053	-6.65183636520769
6:271516-271883	0.0774360103575207	5.30134814155058	0.712685807861891	0.484023395865951	0.810061917588032	-6.59982260323205
8:94842-95273	0.0773867230266916	5.43104708150057	0.827963186248409	0.41716651327595	0.771585666703782	-6.51033776829387
10:207398-209209	-0.0773263105961473	9.63729644443089	-0.771416916351599	0.44920559055486	0.793401001935598	-6.55581089395728
4:322157-324009	-0.0773171470030523	9.93143997206768	-0.667626086738322	0.511771898014424	0.823397201837729	-6.63134013902091
4:683204-683494	-0.077307337207567	4.99145867639498	-0.694164221240967	0.495322155383091	0.815300033792487	-6.61301538969255
13:362721-363102	0.0772504859667631	4.91382208803386	0.843487094290168	0.408629671000941	0.763048146600005	-6.49732728640362
5:48764-49687	0.0771861519921062	5.89629830494156	0.944287998496035	0.355950604156706	0.723691931671404	-6.40740618892267
7:418882-420259	0.0771407700265669	6.75407659928482	0.910354023093945	0.373149570414593	0.738932829097322	-6.43872296224843
3:163785-164057	0.0771016875460191	4.8232364000635	0.70277300963916	0.490051774840999	0.812096165934214	-6.60692457677996
3:181524-181889	0.077067674442338	4.98385425928735	0.656386751537422	0.51882996824776	0.825985419757184	-6.63889491238243
8:164939-165658	0.0770295268208496	5.57255110115618	0.825615902308704	0.418467088242063	0.772713979773711	-6.51228535394503
3:721472-722450	-0.0770141747182436	8.74784454922798	-0.741483305629878	0.466757672925606	0.802245526524776	-6.57865484375054
7:219963-220317	-0.0767488214355314	4.80780073838829	-0.741704632210822	0.466626410071555	0.802245526524776	-6.5784890771012
11:285946-286231	0.0764012270004715	4.63151210373494	0.865436817759419	0.396751331802267	0.755504461783805	-6.47854718434869
8:556077-556726	-0.076376810627961	5.82828682843668	-0.876285293628854	0.390963987402756	0.752493840948125	-6.46909974145887
16:311243-311998	-0.0763351400180561	8.60623972685058	-0.697009843480541	0.493576448677976	0.814144562041049	-6.61100999937957
2:842329-842688	-0.0762950135003795	4.96759579799838	-0.783978135904443	0.441961383537594	0.788310029189051	-6.54597070413855
2:411705-411929	-0.0762359688537968	4.54273955969325	-0.631420066328446	0.534699883883135	0.831529606475931	-6.6552363640697
8:374865-375084	0.0762253533595993	4.49767050762817	0.760957583089183	0.455292482303109	0.798233118209447	-6.56389008203626
1:247459-247667	-0.0762253013150183	4.38726024250313	-0.816457067405012	0.423566255036192	0.774848636350253	-6.51983512209312
6:195901-196590	-0.0761646717743032	6.02564770296242	-0.824062267734217	0.419329329138406	0.772828576161267	-6.51357158935281
15:61178-62507	-0.0761535025763482	9.50309184604631	-0.690256622261209	0.497725115218959	0.815453007218178	-6.615756431949
2:561651-561947	0.0761462666809107	4.88577695426646	0.864354252070056	0.39733188182285	0.755504461783805	-6.4794839431939
14:46840-47341	-0.0759992178396178	5.20064517523975	-0.659234540036364	0.517036519757197	0.825985419757184	-6.63699233092333
14:537856-538166	0.0759470540649332	5.10642442562038	0.846309275658071	0.40708978579297	0.761521655821662	-6.49493781399194
17:101082-101871	0.0759316043217968	6.04651430945264	0.864399034844435	0.397307855155641	0.755504461783805	-6.47944521365336
18:3475-4406	0.0759205456197254	6.22040459265481	0.86352318666573	0.397777932331014	0.75571053697522	-6.48020233606269
4:820150-821412	0.0759091825807197	9.1545443004937	0.608879418033625	0.549250692875175	0.840923303392967	-6.66946618480538
1:799836-800636	-0.075791255170774	6.21288281124083	-0.891587589696165	0.38289477744675	0.748073777325035	-6.45558826127427
17:137487-137820	-0.0757513623143815	5.00651316902931	-0.74721474556566	0.463365609128307	0.802020288653636	-6.57434707144015
16:18128-18996	-0.0756755270026943	8.9766040211173	-0.602136489415829	0.553643952657858	0.843275002398689	-6.67362607926379
11:225061-225309	0.0756668777613809	4.11511067166271	0.668621095448957	0.511149655308641	0.82319204515144	-6.63066540375367
6:379030-379791	0.0755988413893611	5.79892263532758	0.880319617587391	0.388825906268309	0.752493840948125	-6.46555858685811
9:168864-169515	-0.0755694458966172	8.81586534685727	-0.617729458944375	0.543512725597015	0.836947284670111	-6.66393858658923
16:368132-368361	0.075555859752181	4.32094634891227	0.756679580578787	0.457796408245424	0.798655095721778	-6.5671645508355
17:235667-236114	0.0755068669400734	5.44708364551982	0.803760817799954	0.430699142883245	0.779131673971111	-6.53017027618628
11:449371-449653	0.0754028001050253	4.57871068714769	0.780296684484648	0.444077050991867	0.790271063021819	-6.54887018751178
4:166192-167456	-0.075390721498275	6.93449458649919	-0.899737278556977	0.378642314710887	0.744314009945512	-6.4483040299513
7:169641-171378	-0.0753536540498665	9.7136515218559	-0.654042190910134	0.520309086463931	0.825985419757184	-6.64045536524581
4:764661-765016	0.0753424377157605	4.51656368811981	0.628776946215241	0.536395250764467	0.832202822329897	-6.65693071971695
17:281020-281404	0.0753305389877488	4.69042567571323	0.698028971298139	0.49295210468571	0.814144562041049	-6.61028988878502
9:586651-587060	0.0753173094224096	5.0406756274369	0.796361095779192	0.434890717134553	0.78112794939577	-6.53612375695086
12:56048-56358	0.0752564897336194	4.64814533525234	0.738440593343139	0.468564453125054	0.802245526524776	-6.58092898666056
5:608266-608862	0.0752253416484985	5.7359320347633	0.828864810722848	0.416667625365431	0.771585666703782	-6.50958829922168
5:42676-42937	0.0751837332811256	4.65341080921715	0.766671882196907	0.451960837616276	0.795195247315429	-6.55948904212712
3:858172-858410	0.0751338377860638	4.57938692489714	0.719054732440698	0.480173087236213	0.809207356351389	-6.59520968746474
9:625339-625596	0.0751158834577987	4.6623286655382	0.639726280468086	0.529391017949491	0.829173740806548	-6.64986724622851
13:377045-377731	-0.0751143602536359	8.67696264440783	-0.618787249263765	0.542829051329676	0.836674529528798	-6.66327276547718
15:277323-277825	0.0750656105951215	5.52018007047699	0.828063300927249	0.417111099043707	0.771585666703782	-6.51025458630214
3:229468-232418	-0.074985594196427	12.4234758286872	-0.748587569325844	0.462555319714904	0.801547662037906	-6.57331058967367
16:141204-141446	0.0749373695115256	4.47971929491587	0.649869982628877	0.522946980393656	0.826522134266244	-6.64321898811118
8:284512-284928	0.0749363537878969	5.09005568991485	0.674402629603897	0.50754250442851	0.819412895471312	-6.62672580676194
4:451793-452602	-0.0749353778408395	9.47276244748974	-0.652182955184851	0.521483684480685	0.825985419757184	-6.64168899703489
4:575485-576280	0.0749211841855972	6.03217475781915	0.75682813218409	0.45770932169986	0.798655095721778	-6.56705113890446
3:72921-73227	0.07491824507186	4.74918127193539	0.622068491422016	0.540711240526711	0.835946047014872	-6.66120042377826
9:266433-266722	-0.074888576962068	4.65457017138654	-0.653626998722845	0.52057126282237	0.825985419757184	-6.64073114378172
15:395037-395463	-0.0748775870421756	5.37431847497479	-0.856205264806555	0.401719599347956	0.757706174892354	-6.48650037822923
9:77646-78840	-0.0747988249734242	9.06587684815349	-0.630011611696557	0.535602942313944	0.831715342622644	-6.65614009594175
16:105661-105864	0.0747829919609453	4.3782150599932	0.7867571137284	0.440368463457658	0.786861973028534	-6.54377349224277
4:752915-753806	-0.07477296084478	6.27650523595575	-0.815459443934935	0.424124030173843	0.774848636350253	-6.52065271536619
15:261261-262253	0.0746063369849486	6.16206095014599	0.864570321433322	0.397215965873124	0.755504461783805	-6.47929706246122
7:566100-567112	0.0745839557683805	6.5680607514852	0.857069973749795	0.401252531704053	0.757706174892354	-6.48575877930436
4:289622-290588	0.0745833315367452	6.47098740804982	0.881258275806706	0.388329541325087	0.752493840948125	-6.46473251143411
20:154577-157040	0.0745700278256516	7.92098818897289	0.659533696070046	0.516848320949025	0.825985419757184	-6.63679200935099
4:395005-395370	0.0745146636995102	4.96414901013098	0.791661490904474	0.437565898734023	0.783998468964586	-6.53987797750932
15:235678-236168	0.0744862619564097	5.42474293283402	0.803678634271294	0.430745557125384	0.779131673971111	-6.53023668122547
6:283484-283760	0.0744802201585761	4.57878954297794	0.682966924136352	0.502225645448053	0.818323878643771	-6.62083041251142
5:291775-292304	0.0744029038212171	5.48842605114854	0.671718289726281	0.509215501034788	0.821350840588004	-6.62855897938287
13:270161-270369	0.0742967378560335	4.38106148043298	0.703699352477272	0.489486595580645	0.811738750054515	-6.60626491589053
1:581754-582473	-0.0742451105353981	5.92131950464137	-0.824637158021504	0.419010144041644	0.77276036453663	-6.51309590873689
1:514910-515179	0.0741342835134873	4.39838866886621	0.491990960825851	0.627919899100038	0.882993863767443	-6.7352099885065
2:784965-785401	-0.0739413965886584	5.3245476112944	-0.812457822334613	0.425805028530217	0.777602328723481	-6.52310701823085
17:401410-401599	-0.073931022438753	4.24828947960424	-0.655126674560903	0.519624625754068	0.825985419757184	-6.63973423848129
4:390898-391244	-0.0739178178495576	4.91306751509961	-0.747508243378607	0.463192304911136	0.802020288653636	-6.57412563199118
12:513958-514207	0.0738611724535181	4.59204665768303	0.756612912286846	0.457835494955725	0.798655095721778	-6.56721544199386
12:241554-242270	-0.0737998158344588	5.94190768640734	-0.770994571243096	0.44945041347286	0.793401001935598	-6.55613914599096
11:297700-298108	-0.0737803512671791	5.15105130543024	-0.799134723120754	0.433316638943311	0.779131673971111	-6.53389828158287
6:481171-481630	-0.0737294145547152	5.04162162720267	-0.776755541520296	0.446117934312261	0.791973746506438	-6.55164703262771
18:212350-213354	0.0737126015749103	6.24056538479621	0.779797261274069	0.444364538696054	0.790271063021819	-6.54926253921587
14:430376-430627	0.0736717223308183	4.6358070384158	0.674727181883041	0.507340439642835	0.819412895471312	-6.62650369170252
18:330157-331185	0.0736607548041448	9.07520826895647	0.641146374678778	0.528486262926478	0.829025949766784	-6.64894255187889
5:413338-414255	0.0735784878709298	6.00880225172105	0.785797913274574	0.440917880600163	0.787215170947879	-6.54453271563234
16:264508-264868	-0.0735661954503843	4.76850467008936	-0.712848547143095	0.483924789011123	0.810061917588032	-6.59970521962387
8:179392-179595	0.0735185647329271	4.43893733286965	0.658461357957	0.517523104487513	0.825985419757184	-6.63750966749211
7:363947-364333	0.0732749183351045	5.16344978936135	0.776521682322814	0.446252917139826	0.791973746506438	-6.55182999812686
14:132896-133372	-0.0731972967514984	5.29635895860803	-0.822384497446364	0.420261722475471	0.772839552095402	-6.51495804958247
11:587488-587721	0.0731265796271643	4.66191155878671	0.775378785418528	0.446912953009893	0.792230644622686	-6.55272342454812
12:204784-205538	-0.0731229281230803	6.2020360391508	-0.81617025047597	0.423726568255238	0.774848636350253	-6.52007027621681
11:471072-472399	-0.0731207905052162	9.5317258737681	-0.70107976407749	0.491085829823338	0.812822832074402	-6.60812821935283
17:118100-118807	0.0730031703200318	5.94543613407255	0.849429146349676	0.405391802485611	0.760491914470074	-6.49228763798405
1:1042110-1042413	-0.0728877563754837	4.89260559138605	-0.650037933057299	0.522840650803925	0.826522134266244	-6.64310806741014
6:627007-627251	-0.0728392646017513	4.4520500997805	-0.627833669226935	0.537000996246027	0.832853935965772	-6.65753374614145
15:328412-328724	-0.0728324979521062	4.86031548706978	-0.801993668374194	0.431697850937448	0.779131673971111	-6.53159674396932
8:152214-153072	0.0726952998743862	6.01397810232048	0.8013277060803	0.432074594557557	0.779131673971111	-6.53213355332452
18:141800-142380	0.0726505575593128	5.74536226423217	0.865023854227584	0.396972727831867	0.755504461783805	-6.4789046558591
11:140653-141151	0.0725429612349613	5.44231047259969	0.77122436281991	0.449317198952024	0.793401001935598	-6.55596057006361
11:517346-517655	-0.0724118758293493	4.94281958083223	-0.688181587605931	0.499003853060788	0.81647532164249	-6.61720599224203
10:440968-441261	-0.0723681699512602	4.62334247042665	-0.738244526432364	0.468681021242351	0.802245526524776	-6.58107522436746
5:713079-713347	0.0723114528381563	4.63393073980462	0.736335221754255	0.469817065513115	0.802889834150627	-6.5824973660254
12:281607-281983	0.0722498434338368	5.03644196896827	0.684358019516295	0.50136502605008	0.818122441341654	-6.61986611507355
3:617305-618989	0.0722167189080558	6.80399543900847	0.751869144122759	0.460621861133731	0.80101470630132	-6.57082570536305
12:335861-336586	0.0721726261641367	6.10433296168425	0.647123923070565	0.524687203773601	0.826989946682154	-6.64502868652956
5:615687-615906	-0.0721467764810786	4.39031498254461	-0.789446126891599	0.438830482527786	0.785367948738253	-6.54164044672372
17:318576-318966	-0.0720940050170533	5.19029192967389	-0.822885683629939	0.419983059544394	0.772828576161267	-6.51454416094168
6:446170-446521	0.0720614517963973	4.98908675060518	0.72433223805831	0.476996221155498	0.80735605794863	-6.59135771801966
1:420539-421029	0.0720087760114545	5.83048787779717	0.889615868531994	0.383928315824303	0.748978072742239	-6.45734138648145
8:87178-88504	0.0718944654103417	6.40267700642187	0.816597533645362	0.42348775685834	0.774848636350253	-6.51971992905562
3:281829-282067	0.0718709291150077	4.77539458050351	0.745171519727792	0.46457316557138	0.802245526524776	-6.57588637107284
3:420864-421322	-0.0718538728386351	5.53729718754287	-0.724858865164226	0.476679890227299	0.80735605794863	-6.59097187270227
5:473206-473409	0.0718195339423717	4.56250564741125	0.750085910076759	0.461671915336827	0.801257655311221	-6.57217728741787
13:543620-544366	0.0718057755563413	6.09064459306045	0.708775999891629	0.486395939127583	0.810441416784146	-6.60263507474339
7:570897-571359	0.0717479164095254	5.50230483104236	0.661817486155236	0.515412847637859	0.825102970682066	-6.6352598626206
10:236324-236778	-0.0717348625802989	5.43655040363606	-0.815677723963519	0.424001949554796	0.774848636350253	-6.52047390597901
14:91834-92744	0.0716853590785771	6.02101206934049	0.777917364615291	0.445447703810091	0.791199969148399	-6.55073728196648
11:255105-255474	-0.0715676298195849	4.88521811314803	-0.807723853220621	0.428464666527726	0.778191907736033	-6.52696054614913
10:552810-553523	0.0715609530807191	5.72473323906266	0.752168079164576	0.460445974247288	0.80101470630132	-6.57059883375756
9:628280-628510	0.0715410584903422	4.31363459414995	0.764699902957436	0.453108897682167	0.796316497910037	-6.56101133495323
9:535263-535487	-0.0715335183322505	4.46053261986451	-0.679894850400146	0.504129194352134	0.819192336494912	-6.62295331075317
10:172393-174126	-0.0714996453708707	9.11331098675661	-0.741412878004753	0.466799446274036	0.802245526524776	-6.57870758199581
9:300076-300605	-0.0714958859454917	5.46463618167879	-0.8799599980041	0.389016183915973	0.752493840948125	-6.46587485744915
7:577036-577932	0.0714527610551734	6.08168072815741	0.76766541288378	0.451383086973786	0.794803578794124	-6.55872067225564
1:959129-959486	-0.0714209539527459	5.19228867668776	-0.759907678220694	0.455906226518657	0.798459359567643	-6.56469531560912
1:874085-875014	0.0714096998492098	6.39696868784575	0.790794289132164	0.438060650192646	0.784303788104913	-6.54056844740172
16:170482-170966	0.0713581845134286	7.78205569491912	0.602363694329428	0.553495619991181	0.843275002398689	-6.67348663809804
2:566785-567143	0.0712945439545392	4.82087034468712	0.653329847134754	0.520758946398705	0.825985419757184	-6.64092841440191
3:929511-930484	0.0712330422122642	6.29422145064613	0.752904953661759	0.460012585643136	0.80101470630132	-6.57003923120179
7:255723-256146	-0.071212060328639	5.44297727543598	-0.821544427734679	0.420729068518539	0.773061757986159	-6.51565126511027
15:447324-447830	-0.0712032276775538	5.66402900585069	-0.762800331352385	0.454216473386068	0.796792957403564	-6.56247423095667
17:342467-342722	-0.0711716349804421	4.28610825313389	-0.472599620171784	0.641459938462194	0.889565817998287	-6.74480055957234
1:29933-30476	0.0710924286740378	5.36606023380256	0.78317731222944	0.44242107527125	0.78864067419917	-6.54660252058385
6:61825-62094	0.0710462233461451	4.8015724473104	0.747584301086118	0.463147400783643	0.802020288653636	-6.57406823422485
7:198398-199445	0.0708785910640426	6.62091905540091	0.800356421173887	0.432624429784633	0.779131673971111	-6.53291572203948
18:300496-300941	0.0708655910627698	4.90345466009452	0.705611850439972	0.488320937656951	0.81077856629467	-6.60490038263884
5:371451-371802	-0.0707675299653179	4.52148749366216	-0.716965569359309	0.481434102874218	0.810061917588032	-6.59672713779643
9:230713-231613	0.0707163855676427	5.99016633751544	0.750627287886291	0.461352974272744	0.80101470630132	-6.57176727726292
3:265401-266182	0.0706405936659831	6.04725392789108	0.759669698300291	0.45604541220942	0.798459359567643	-6.56487769030932
16:120997-121215	-0.0705677690791635	4.10811415699841	-0.662790273739612	0.514802078991524	0.824715141576972	-6.63460569904253
4:525683-526363	-0.0705655418108169	7.40096607638387	-0.64277761101423	0.527448031940645	0.82837101437415	-6.64787794206807
5:312930-313852	0.0704980438401579	6.13717625344295	0.738549876669496	0.468499488136116	0.802245526524776	-6.5808474610449
1:164703-165169	0.0704863708465577	5.14716503499222	0.68515177772441	0.500874333269725	0.817974628489198	-6.61931504777687
10:318244-318815	0.070466943998488	5.47201820691685	0.8114112194799	0.426392138305614	0.777767166327991	-6.52396078788
14:129514-130784	0.070446105378247	6.51724155937632	0.751016357927988	0.461123843719085	0.80101470630132	-6.57147244387233
5:514496-514814	-0.0703594241879557	4.74222219187141	-0.751005163317368	0.461130435478107	0.80101470630132	-6.57148092905629
18:168681-169665	0.0703480858716024	8.69759427296342	0.627538930511681	0.537190344727253	0.832859017318734	-6.65772199070825
16:228684-229079	-0.0702344535095989	5.06090800205564	-0.708992075726345	0.486264644267276	0.810441416784146	-6.60248002771478
16:9495-10402	0.0701996454348484	6.32963969394298	0.792462387912978	0.437109282012905	0.783723660145789	-6.53923966766698
11:25170-25498	0.0701942755736091	4.91236801978018	0.65333777065095	0.520753941349868	0.825985419757184	-6.6409231553177
17:122221-123004	0.0701314504601562	6.14181612311373	0.731144460850002	0.472913839026179	0.804852602084098	-6.58634603595556
13:511435-511773	-0.0701029843433112	4.82460519982402	-0.78438189939265	0.441729725125728	0.788310029189051	-6.5456519210733
17:99620-99827	0.0700523520675738	4.16699357374612	0.609970640281298	0.548541462105152	0.840846433007761	-6.66878878023128
20:72060-72308	0.0700218047572374	4.46408903150816	0.76315871577915	0.454007386208825	0.796792957403564	-6.5621984953344
5:251567-252123	-0.0699621295580624	8.26743526170231	-0.561312656173969	0.580630915231641	0.860279369936056	-6.69785463859558
11:567554-567773	-0.0699260208281718	4.65377460902848	-0.719457436631295	0.479930238098237	0.809207356351389	-6.59491670333831
9:655920-657174	0.0699204431430047	8.87351141188821	0.545656000427782	0.591153974958269	0.868681940877615	-6.70670945868512
4:21923-22294	-0.0698897555313023	5.13546862269459	-0.735120411830752	0.470540732573722	0.803067803673424	-6.58340039687466
8:25583-26398	0.0698024469526617	5.99925287879079	0.713854042139042	0.483315799903498	0.810061917588032	-6.59897939210687
15:153837-154746	0.0696953296164038	6.16591197835016	0.786303261548025	0.440628371318608	0.787012206712725	-6.54413283257186
16:448703-449395	-0.069645355387328	8.74777486343261	-0.707950062748264	0.486897995675764	0.810441416784146	-6.60322731820451
3:957512-958886	-0.0695394711990076	9.50944109177797	-0.513404234237249	0.613122953848053	0.877907338907193	-6.72418215023045
13:469615-470660	-0.0694803243179756	8.28117665496626	-0.652747789065357	0.521126687896633	0.825985419757184	-6.64131457716054
17:230218-231049	0.0694562094278304	6.05088143545066	0.780166764643626	0.444151827001416	0.790271063021819	-6.54897227656876
10:137413-137771	-0.0694338612509373	5.02649824415671	-0.711314822416079	0.484854566758273	0.810384257210616	-6.60081048071206
3:318386-318701	0.0694061160311223	4.96954383602482	0.681350080529924	0.5032269808385	0.818914004324971	-6.62194884151574
12:450308-450714	0.0692793130079101	5.16627979272348	0.658482441936981	0.517509832384059	0.825985419757184	-6.63749556790579
1:584544-585930	0.0692625981937862	8.28140972953806	0.687175179832323	0.499624725405332	0.816771464906599	-6.61790753982002
13:323949-324340	0.0691504954704971	5.0505080323217	0.721912605330708	0.478451215748616	0.807826345413355	-6.59312709298024
14:152189-152433	-0.0689709119120323	4.23084958097039	-0.596553272605107	0.557295562296216	0.845005059904425	-6.67703667745739
16:469292-470205	0.0689619988570911	6.29354861756139	0.73151713832378	0.472691100706032	0.804852602084098	-6.58607057636729
2:380309-380616	0.0689492540608727	5.19043060107344	0.629802854392542	0.535736861370535	0.831715342622644	-6.65627387944592
1:59832-60245	0.0689062680102497	5.11999793808358	0.697017089220754	0.49357200814617	0.814144562041049	-6.61100488311668
5:117655-118011	-0.0688666360172787	5.18759615678344	-0.632004552564535	0.534325371385135	0.831296615335372	-6.65486075992921
6:29354-31254	-0.0688631311461254	9.53394238268601	-0.498428155124051	0.623454377804931	0.882621349231317	-6.73194301641076
4:796662-796999	-0.0688415701962155	4.84839755266866	-0.686739459246979	0.499893666418007	0.816912760455275	-6.61821096822533
6:316758-317497	-0.0688338771494754	6.42199083851227	-0.810180037894553	0.427083439423824	0.777767166327991	-6.52496380747536
7:728807-729171	0.0687742426325189	4.88972655705565	0.663513923872184	0.514347994432359	0.824282715030161	-6.63411847421525
11:46470-47115	0.0687058511712957	5.93207693760795	0.700431475158066	0.491482069066073	0.812822832074402	-6.60858832266816
8:365096-365319	-0.0686971460088071	4.61578061750171	-0.681210032307633	0.503313768073725	0.818914004324971	-6.62204559872391
2:100483-100802	0.068687121242534	5.095289625017	0.622202229389605	0.540625016254777	0.835946047014872	-6.66111573475552
10:195370-195710	-0.0685708021424354	4.92684879089419	-0.670078819575824	0.510238813933506	0.822563431607477	-6.62967515539689
6:259456-260244	0.0683650234133566	6.15843280420137	0.722660485352279	0.478001216094261	0.807675894012047	-6.59258080057688
17:365969-366348	0.068257980200082	4.92176440454847	0.709281651247018	0.486088720834869	0.810441416784146	-6.60227216982679
9:491603-491841	-0.0682259429077368	4.45015719089398	-0.764660525052605	0.453131840968915	0.796316497910037	-6.56104169549708
12:167533-167842	0.0681996848372153	4.94673196620166	0.713728621378233	0.483391737966759	0.810061917588032	-6.59906998157783
1:988171-988371	0.0681537421725302	4.29468251878667	0.698711646565479	0.49253413453151	0.81379947809636	-6.60980695288328
5:124698-125082	0.0680163782090553	5.13750093739458	0.581363894912071	0.567293265283491	0.854525204912531	-6.68615996186919
5:355321-355702	0.0680105677461631	5.26864627098398	0.793233993799069	0.436669643893645	0.783694196498779	-6.53862412869201
16:175733-176240	-0.0679847119960222	8.58238329313183	-0.535394197264786	0.598101819146783	0.871695063321554	-6.71238115624636
4:855135-855480	0.067960009857325	5.15405740426606	0.706379350813907	0.487853602417251	0.81077856629467	-6.60435179305581
9:418120-418945	0.0679525645165659	6.02639171562822	0.715333239753126	0.482420720328288	0.810061917588032	-6.5979098483549
3:554661-554967	-0.0678872489819309	4.81676818128153	-0.677544082967738	0.505588557364975	0.819192336494912	-6.6245715863473
4:474554-475484	0.0678805297903713	6.16811648653098	0.771276142323822	0.449287184715873	0.793401001935598	-6.55592032417818
9:460364-461262	0.067859183842641	5.96828415925855	0.727873098277703	0.474871696681595	0.806039330431103	-6.58875830230446
9:240758-241111	-0.0678516531783213	4.94310298635666	-0.742185034804318	0.466341571906103	0.802245526524776	-6.5781291093776
8:385213-385765	-0.0678391194762886	5.40599926150939	-0.654453196596736	0.520049625721029	0.825985419757184	-6.64018220206703
13:423906-424202	0.0678275873673782	4.73034082569084	0.664011282720501	0.514036035548502	0.824282715030161	-6.63378331330116
8:50882-52078	0.067795236475872	9.21600800399345	0.646083721408907	0.525347227792254	0.827310092742022	-6.64571227589456
2:294241-294441	0.0677461891121309	4.47257579113261	0.616808882598244	0.544108089718984	0.837204472183627	-6.66451714593999
16:271817-272813	0.0676690660359247	6.31466349614402	0.767201550855356	0.451652772734761	0.794965714023118	-6.5590795275479
1:501808-502022	-0.0676597166735817	4.37738831833773	-0.602103809571141	0.55366528969359	0.843275002398689	-6.67364613150076
8:609116-611331	0.0675103271714921	9.24962840702149	0.568463229574885	0.575856435798374	0.858351562471992	-6.69372974991754
18:8234-8645	0.0674593176647864	5.24767712909614	0.678579896882564	0.504945226904899	0.819192336494912	-6.62385918907593
7:749118-750942	0.0674411982158993	9.31111401053344	0.4854507577662	0.632471911727834	0.884670086529307	-6.7384867601322
16:462543-462899	0.0674151929577942	5.09037375668746	0.706333553659663	0.487881481285371	0.81077856629467	-6.60438454362012
9:188132-188467	0.0673798747593741	4.92649924206953	0.704468226912488	0.489017777150478	0.811283754827851	-6.60571676167698
9:479305-480138	-0.0673797210593916	5.7474894016791	-0.64476942490429	0.526181821250578	0.827340752278519	-6.64657448262183
12:379396-381049	0.0673718505693399	6.9952968087445	0.743754209455717	0.465411906509481	0.802245526524776	-6.57695178160553
11:282851-283078	-0.0673455177410309	4.32993029964806	-0.545001179288791	0.59159613511981	0.868858688348715	-6.70707450299597
10:484643-485375	0.0673223205912024	5.82852050909055	0.739356830088124	0.468019949287427	0.802245526524776	-6.58024511794894
4:275253-275469	-0.0672794931422116	4.74579937765052	-0.633498967099469	0.533368464813662	0.831296615335372	-6.65389889577935
12:154972-155339	0.0672536284658687	5.10629350826716	0.731384184250728	0.472770556310353	0.804852602084098	-6.58616886288174
16:224332-225385	-0.0672498070114909	8.94475963690934	-0.516765185700034	0.610815556075788	0.876721013553624	-6.72240968073919
11:551796-552041	-0.0671947437305116	4.13514464170042	-0.666606500820717	0.512409950639167	0.824127538289944	-6.63203054273033
1:317628-318956	0.067194206662017	7.43376140312317	0.739550150438773	0.467905110417455	0.802245526524776	-6.58010072314802
3:648688-649136	0.0671778801611591	5.41836856006186	0.708315661546154	0.486675724642175	0.810441416784146	-6.60296524436314
14:185623-186388	0.0671605932124315	5.90828464998489	0.75696664193348	0.457628131066154	0.798655095721778	-6.56694537448168
15:481287-481571	0.0671386102506641	4.82080142308357	0.656375018781274	0.518837364305967	0.825985419757184	-6.63890273459854
4:913499-913756	-0.0671231344230492	4.58471447664318	-0.681438500679163	0.503172191654033	0.818914004324971	-6.62188774357872
14:404715-404989	-0.0671215562542393	4.45627791445527	-0.512609641253498	0.613669070330108	0.877955141156651	-6.72459954862237
6:568716-569254	-0.0671170965288104	5.40117055650654	-0.710868913006086	0.485125081799581	0.810441416784146	-6.60113139515857
8:331532-332919	0.0670809274555939	8.87838930744594	0.49516513003571	0.625716115073289	0.88294619516647	-6.7336042316442
5:264764-265479	0.0670656326552184	7.54872007278988	0.644937407091457	0.526075110072711	0.827340752278519	-6.64646437664745
17:182194-183118	0.0670222293805276	6.12217387601932	0.677523282875881	0.505601480775396	0.819192336494912	-6.62458588128165
17:396426-396706	0.0670164969494689	4.79187535053305	0.621834184826544	0.540862321750462	0.835946047014872	-6.66134875522028
1:941413-941660	0.0670058943682372	4.47794934998571	0.691754115723269	0.496803451551898	0.815300033792487	-6.61470773814323
10:477990-478912	0.0669553378770313	6.13218475306945	0.756583456906275	0.45785276488429	0.798655095721778	-6.56723792537202
7:333562-333931	-0.06694112718227	5.0864330718008	-0.691768457909421	0.496794629079273	0.815300033792487	-6.61469768383432
12:239097-239459	0.0668239834958699	4.97333940721755	0.759211515312009	0.456313458841383	0.798459359567643	-6.56522866449567
8:12767-13692	0.0667972962959613	5.75572902093961	0.564514475047012	0.578490580638766	0.859933660830184	-6.69601389028896
5:551551-552560	0.0667606604637383	6.29340274326345	0.721070585467778	0.478958156789948	0.808072638443952	-6.59374150703529
3:354643-355736	0.0667464329058207	6.57981441457823	0.737241074679892	0.469277875556809	0.802631933890821	-6.58182307865435
3:819302-820469	-0.0667084694639257	8.75310390442164	-0.709029498669275	0.486241906934389	0.810441416784146	-6.60245316999754
14:390114-390454	0.0666995606843637	5.22197889662387	0.759486969239228	0.456152301127773	0.798459359567643	-6.56501768715836
10:253695-254000	0.0666698967064763	4.83779003734394	0.636264646969714	0.531599996402669	0.830810608903053	-6.65211303462104
11:145208-146320	0.0666668402572634	6.18863551123903	0.691277811240214	0.497096497109066	0.815300033792487	-6.61504152908909
1:218137-219128	0.0666589039087446	6.22633587288967	0.768310897258972	0.451007970261459	0.794455598146514	-6.55822096872064
8:600248-600987	0.066608243276959	5.94556734350033	0.773903028075181	0.447766101391651	0.793114788218849	-6.55387521965838
5:819506-819827	0.0665751165976669	4.89213438130563	0.64929937956271	0.523308318851595	0.826731514562336	-6.64359563013883
6:376544-377320	0.0665627201283634	6.37406126526842	0.684800111185154	0.501091696004777	0.817974628489198	-6.61955926783529
17:77844-78583	0.0665563206120305	5.92882237942975	0.709135496936572	0.4861775081385	0.810441416784146	-6.60237708978163
1:334004-334230	0.0665116050472756	4.29952646440425	0.521284859930015	0.607719196344576	0.875670311277261	-6.72000837394161
10:397088-397322	-0.0664954779909346	4.64996029468426	-0.618842886755332	0.542793104279594	0.836674529528798	-6.66323771434763
15:34623-34843	-0.0664878537332454	4.03169787024608	-0.637118124756904	0.531054899290569	0.830810608903053	-6.65156041525
4:240499-240962	0.0664844652691947	5.51633954543738	0.677188604147392	0.505809447392627	0.819192336494912	-6.62481583269913
12:420283-420631	0.0664779502031898	5.02649478269873	0.687694613368471	0.499304221853219	0.81654574242419	-6.61754557504895
7:213180-213670	0.0664516713918655	5.27221509475885	0.53662926482063	0.597263500163975	0.871499455474322	-6.7117040746224
6:156181-156648	-0.0663891099025316	5.46005363025777	-0.688060146766402	0.499078748886026	0.81647532164249	-6.61729069832558
7:633309-633604	-0.0663281201551369	4.8001241652143	-0.511856093246709	0.614187189778471	0.878249328577459	-6.72499480405698
9:220733-221113	-0.0662871825544054	5.29405485983065	-0.736083785239605	0.469966793001484	0.802889834150627	-6.58268438778983
2:1031754-1032189	0.0662447704402096	5.21904859231632	0.699089208324309	0.492303058786554	0.813718054331098	-6.6095396661124
8:526632-526998	-0.0662313497475457	5.13456306785366	-0.739461331956069	0.467957869537881	0.802245526524776	-6.58016706787583
9:704683-705651	0.0662177869618876	6.11637069482949	0.645876630031465	0.525478684911879	0.827310092742022	-6.64584824414655
12:375194-376729	-0.0662047554400829	8.32389902458462	-0.581391258675683	0.567275171653465	0.854525204912531	-6.68614373078637
15:426706-426913	0.0661148930566746	4.7143757891762	0.72403377241638	0.477175556336106	0.80735605794863	-6.591576277395
8:27558-27790	0.0661139213019668	4.58431506414283	0.59680517237267	0.55713054044315	0.845005059904425	-6.67688346121839
11:529669-529912	0.0660886353979775	4.62413548912283	0.534254316248166	0.598876037833472	0.871695063321554	-6.71300470917991
9:551674-552054	0.0660760343563496	5.05443446963759	0.608014059525211	0.549813470597452	0.841355587827076	-6.67000254701583
2:102279-102629	0.0660717042070784	5.28025159677319	0.613152617958092	0.546476139082659	0.839405352962932	-6.66680680872992
2:637643-638488	-0.066069279867337	9.01300681046873	-0.581857626817248	0.566966842609296	0.854525204912531	-6.68586698634993
8:289711-290078	0.0660423206848275	5.02046909180696	0.763106553929984	0.454037814636441	0.796792957403564	-6.56223863548827
1:718177-719209	0.0660304154840219	6.42999203007916	0.757480504812437	0.457326994546385	0.798655095721778	-6.56655283495296
7:269471-271536	-0.0659307713737576	9.0451710886364	-0.576473212459703	0.570531872130466	0.855883492425572	-6.68904904435578
12:78014-79507	-0.0659243695142653	9.57172717547408	-0.610924121399067	0.547922152882086	0.840472774605969	-6.66819592468273
1:991768-991985	0.0658998526147245	4.24471075537235	0.486502747444611	0.631738705249741	0.884069661238295	-6.73796258365935
17:167839-168139	0.0657902215999497	4.85289765567661	0.620650287975439	0.541626046468006	0.835971787583032	-6.66209741680186
12:190144-190448	0.0657625975137126	4.78754528801734	0.712569523912865	0.48409386171227	0.810061917588032	-6.59990646305678
17:163298-163679	0.0657616114377788	4.78211562027419	0.589882457984671	0.561674955625659	0.849267778511405	-6.68107141373477
7:413912-414586	-0.0657496635599246	5.81883653431456	-0.693460274906505	0.495754551944194	0.815300033792487	-6.61351027324762
2:964156-964484	0.065663691898953	4.86240935335738	0.684977595589465	0.500981987373019	0.817974628489198	-6.61943602611785
5:85146-85425	0.0656505124258908	4.9259045949263	0.683082370416388	0.502154191167005	0.818323878643771	-6.62075045728935
2:508272-508622	0.0656132186117375	5.17428459468917	0.729151958287436	0.47410575110958	0.80565578662357	-6.58781650754258
13:426539-426832	-0.0655891316980108	4.80292927018278	-0.668418109975062	0.511276560661529	0.82319204515144	-6.63080313034714
4:301034-302402	-0.0655325913763711	9.08286148869601	-0.542794188858794	0.593087579735116	0.869773616720182	-6.70830170190496
12:312961-313602	0.0655095318572778	5.84643110166054	0.691000030547035	0.497267446884158	0.815300033792487	-6.61523609462978
6:418090-418614	-0.065408362585555	5.55810423977775	-0.742669803281111	0.46605425025148	0.802245526524776	-6.57776564644399
11:303901-304717	0.0653947792917959	5.73610296890892	0.723875275599423	0.477270806374458	0.80735605794863	-6.59169230610576
2:631985-632814	0.0653735734845649	5.99958842201837	0.751195722013474	0.461018235893707	0.80101470630132	-6.57133647487743
5:828491-828983	0.0652638283752305	5.50088085733535	0.663585691307416	0.514302973146109	0.824282715030161	-6.63407012631946
8:621372-621867	-0.0651650946892444	5.58649359318209	-0.606117228329027	0.551048123727483	0.842668739939944	-6.67117565761249
18:66658-67365	0.0651562754972419	5.65691946801694	0.746429903334558	0.463829232378702	0.802245526524776	-6.57493881801336
3:524130-524523	-0.0651383543831514	4.90501533803594	-0.710126551706327	0.485575636786158	0.810441416784146	-6.6016652368437
1:446976-447273	0.0651117481275838	4.78486399646814	0.621208199233758	0.541266069255089	0.835971787583032	-6.6617447812663
11:168229-169106	0.0650549856197573	6.0190311961886	0.744803551622779	0.464790836201225	0.802245526524776	-6.57616316210012
8:333615-333986	0.0650139078816565	5.1617369627977	0.691726903126097	0.496820191393854	0.815300033792487	-6.61472681445518
6:496959-497454	0.0649841549312615	5.12007329164504	0.734854395969307	0.470699287450992	0.803067803673424	-6.58359795145329
6:452911-453208	0.0648395062119702	4.82761774571914	0.560561141254522	0.581133860560235	0.860670526902892	-6.69828521890166
2:497111-497344	0.0647016622290906	4.56939731293515	0.588422165000754	0.562636018373485	0.850222423443524	-6.68194879923796
1:192807-193276	-0.0646768573749688	5.39598496457272	-0.705952583738433	0.488113431262175	0.81077856629467	-6.60465690531597
15:449883-450297	0.0645653415131893	5.03536992547084	0.580242389267467	0.568035089267967	0.854760639673562	-6.68682455795513
7:593492-593851	0.0645416897400439	5.28113392683673	0.693063597020575	0.495998305242362	0.815300033792487	-6.61378893202736
14:252381-253727	0.0644938474005023	9.09585348430782	0.532795699964026	0.599867456029054	0.872010783766063	-6.71380073596112
12:389679-390417	-0.0644758501368985	5.92692780883714	-0.72518593604508	0.47648348956385	0.80735605794863	-6.59073210271189
3:84552-85256	0.0644184565322821	5.80347651840026	0.693490582998046	0.495735930848459	0.815300033792487	-6.61348897612669
5:309953-310346	0.0644170188171591	4.86950450423193	0.56568174939604	0.577711279251634	0.85965282112045	-6.6953402917521
6:112103-112308	-0.0643916976440293	4.55962954369411	-0.614772347815853	0.545426413892641	0.83808054534276	-6.66579410359722
5:141995-142279	-0.0643316702768013	4.5589532346574	-0.526071578152166	0.604448111335166	0.874292973214117	-6.71744298820685
11:256897-257207	0.0642463286292774	5.09218554462139	0.595200692293238	0.558182087041317	0.846062655467976	-6.67785830652062
2:260400-261771	0.0642169841294784	9.92158181931576	0.53120227508501	0.600951414366022	0.87249167599957	-6.71466791419838
12:161951-163183	-0.0642069482376453	9.07270635657778	-0.560056400860858	0.581471776888817	0.860670526902892	-6.6985740957875
3:777921-779008	0.0641533242796068	6.49220052075926	0.742714901143097	0.466027526175677	0.802245526524776	-6.57773182216842
16:160265-160587	-0.0640813278819099	4.85270378485899	-0.643045601240629	0.527277571448281	0.82837101437415	-6.6477027925131
9:572674-572982	-0.0640572548087599	4.62280556112032	-0.51249951058235	0.613744780312592	0.877955141156651	-6.72465735036868
6:539565-540516	-0.0640063356431675	6.24838073842278	-0.737654691343012	0.469031801187512	0.80251771487588	-6.58151493452562
9:146159-146458	0.0638851355842611	4.80455222617479	0.656530060135773	0.518739634541842	0.825985419757184	-6.6387993578744
9:466748-467634	0.0637745906240754	5.82625137912657	0.721460723269471	0.478723233787217	0.807980842545845	-6.59345691182702
1:63258-63592	0.0637183444067739	4.64355898566895	0.591792304718963	0.560419315863866	0.848017869441062	-6.67992075184134
17:345219-345748	-0.0637097067971961	8.5518747162956	-0.521103155989764	0.60784353376641	0.875670311277261	-6.72010530628102
2:370470-370735	0.0636247524335749	5.04703161680467	0.542203843089058	0.593486838321278	0.869773616720182	-6.70862914407847
2:363028-363350	-0.0636099198598163	5.25423258821261	-0.703423691757768	0.489654741989989	0.811738750054515	-6.60646130402171
18:71321-71683	0.0635683322186393	5.01339186432419	0.67384260334256	0.507891280950249	0.819510228382594	-6.62710883369147
6:58537-58746	-0.0635667521723349	4.34278885130239	-0.59808482621046	0.556292622435508	0.845005059904425	-6.6761041563096
14:385834-386129	0.0635201629045348	4.88146167604232	0.659002282161437	0.517182659273901	0.825985419757184	-6.63714779593525
6:416278-416982	0.0635172589462991	5.87726875052774	0.768594163133349	0.45084341301357	0.794455598146514	-6.558001552512
16:295067-295353	0.0634707562110464	4.71763099723751	0.665216536501351	0.513280501700072	0.824282715030161	-6.63297011755762
5:820192-820675	0.0634567620285278	5.47279037226455	0.679435242359522	0.504414332480545	0.819192336494912	-6.62327012766438
9:271891-272771	0.0634183280958291	6.13873491997985	0.731793667898705	0.47252586724594	0.804852602084098	-6.58586609713494
8:429962-430367	0.063414043506441	5.37664317284726	0.744347304164958	0.465060812857775	0.802245526524776	-6.57650617835784
2:938302-938701	-0.0632939104106427	4.99152801395051	-0.608851028689395	0.54926915077403	0.840923303392967	-6.66948379261848
3:928433-928724	-0.063287931598067	5.0326110175662	-0.678109752911785	0.505237169734575	0.819192336494912	-6.62418266689872
14:94567-95447	0.0632799786155989	6.28818239866798	0.740225292270353	0.467504184734542	0.802245526524776	-6.57959616568312
1:1070798-1071054	0.0632039815211147	4.87354396342164	0.712443579492714	0.484170188359327	0.810061917588032	-6.59999727498104
11:205835-207559	0.0631799462214975	9.61756320453923	0.537057317357827	0.596973087629346	0.871499455474322	-6.71146905619939
6:785166-785740	0.0631717029311041	5.72217103960242	0.529644970821198	0.602011718328873	0.872673012229145	-6.71551299344779
20:6460-7442	-0.0631338083956905	9.32204369963015	-0.456623140394015	0.652712882209522	0.895603636609413	-6.75241867710902
17:124442-125576	0.0631277821929377	8.85787007247491	0.574559782571407	0.571801514814472	0.856267507631173	-6.6901729392385
5:650755-651343	-0.063053836881477	5.60970386283467	-0.616352699698266	0.544403245795608	0.837370765697986	-6.6648035375311
7:51276-51660	-0.0630390995960184	5.07567756585811	-0.743521293331946	0.465549828881167	0.802245526524776	-6.57712668387894
3:610366-610573	-0.0629488168443713	4.30786762878346	-0.676637192303359	0.506152195637821	0.819192336494912	-6.62519446041829
15:221988-222347	-0.0628614147350843	4.93354348293393	-0.730840287186982	0.473095680620972	0.804856049585507	-6.58657076313874
3:433467-433743	0.0626990799895077	4.59570664943263	0.494261157407128	0.62634336691568	0.882993863767443	-6.73406256246546
6:749736-750128	0.0626799624814947	4.97069718081267	0.571681568337014	0.573714046779497	0.857410375086821	-6.69185670693678
7:73827-74147	0.0626763233552126	4.90478534729522	0.639083006282249	0.529801132097677	0.829313544143083	-6.6502854659991
15:297596-298697	0.062665757621339	8.759043724978	0.59888351474049	0.555769975565583	0.845005059904425	-6.67561694080357
4:652849-653216	0.0626055599004633	5.2447265852921	0.614961615471597	0.545303822223891	0.83808054534276	-6.6656755996138
9:58005-58608	0.0625715696984921	5.66154803990874	0.678734937773429	0.50484897291718	0.819192336494912	-6.62375246776538
3:616030-616801	0.0624550222834683	5.90817462778699	0.740022782329582	0.46762442159842	0.802245526524776	-6.579747554364
2:730477-730896	-0.0624073206764066	5.13937135720524	-0.593857915618805	0.559062914155395	0.84682423139071	-6.678672198447
14:544051-544495	-0.0623702097146026	5.38720370059002	-0.653984944660444	0.520345230711416	0.825985419757184	-6.64049339927298
16:472942-473841	-0.0623660083099562	6.03041388038833	-0.618165316221546	0.543230965241047	0.836947284670111	-6.66366437120313
12:212735-213123	0.0623542110174951	5.09755781548938	0.577449736324431	0.569884463155393	0.855883492425572	-6.6884740677496
2:344739-344956	-0.0623357090106018	4.15486569034953	-0.69128986400436	0.497089080445883	0.815300033792487	-6.61503308529932
11:504551-505968	0.0623051477955867	6.76628416220357	0.664206806726667	0.513913425785464	0.824282715030161	-6.63365148743463
20:145007-145330	-0.0623022002439333	4.62911000006628	-0.664755002994079	0.513569748434828	0.824282715030161	-6.6332816852807
15:470171-471352	0.0622907912145028	8.18501997764622	0.496022958846753	0.625121150626821	0.882621349231317	-6.73316854053745
9:654198-654704	-0.0622297188441925	5.35604483002486	-0.674569377521838	0.507438682258214	0.819412895471312	-6.62661170163015
12:302807-303179	0.062050641807792	5.06760973817941	0.653333776781435	0.520756464154784	0.825985419757184	-6.64092580618079
11:461291-461677	-0.0619577876510879	5.17006615618403	-0.674233389134906	0.507647890782384	0.819412895471312	-6.62684158995234
3:693416-693829	-0.0619296719723712	5.4537810089901	-0.705265158318055	0.488532125401413	0.81077856629467	-6.60514800305121
12:408449-409629	-0.0619087608024191	9.93613225137327	-0.516749076678852	0.610826605550824	0.876721013553624	-6.72241820304874
12:166444-166948	0.0618588376793081	5.57706387250749	0.669925102880248	0.51033481893967	0.822563431607477	-6.62977967421339
4:513715-514629	0.0618244796607659	6.1341884450211	0.700271542476112	0.491579849514166	0.812822832074402	-6.60870176763583
7:708864-709244	0.0618107505590411	5.05605881602389	0.641642855600238	0.528170150023375	0.828923419181145	-6.64861880369576
10:196024-196338	0.0617843056875245	4.84620086072251	0.676843196562358	0.506024131532264	0.819192336494912	-6.62505304180798
3:207081-207549	0.0617315759151653	5.24973403232211	0.736586706300605	0.469667337748025	0.802889834150627	-6.58231024795167
1:169266-169504	0.061696022516613	4.15619518080843	0.561556988964611	0.580467444649086	0.860279369936056	-6.6977145276913
9:234171-234694	-0.0616898305393256	5.63552994458771	-0.652084494812598	0.521545929028098	0.825985419757184	-6.64175423311292
12:425729-427051	0.0615424779630178	9.05159893234045	0.553397072522816	0.585939316539826	0.864709654082512	-6.70236177745657
4:436551-437326	-0.0614711137904695	8.76714018325662	-0.607298771725783	0.550278881567986	0.841779997914663	-6.67044533776188
7:523776-524473	0.0614140022117837	5.87900456641018	0.683440351936839	0.50193265894025	0.818323878643771	-6.62050244611234
3:795841-796387	-0.0614019983005827	5.7314699296267	-0.646961136194439	0.524790464447071	0.826989946682154	-6.64513573485322
2:875172-875459	0.0613507612107744	4.44529264909982	0.531188831639757	0.600960563573218	0.87249167599957	-6.7146752196813
13:244051-244192	-0.0612574375588975	3.76926181573919	-0.548012426675581	0.589564178004764	0.867168942643285	-6.7053922953407
5:799616-799848	0.061246212231941	4.79359902940147	0.556531065140581	0.583834685715638	0.863311547163263	-6.70058470530052
14:134709-135237	0.0612318186849965	5.37803746131498	0.602567078517296	0.553362856629588	0.843275002398689	-6.67336177322716
17:277010-277357	0.0611885781542476	4.98540251627949	0.53970835068481	0.5951760312159	0.8701895906685	-6.71000947278892
15:497125-500058	-0.0611333111340127	9.81986406413504	-0.57194517797825	0.573538746576783	0.857410375086821	-6.69170283480318
6:437613-438570	0.061103436180602	6.08101424698258	0.578689857163778	0.569062839308269	0.855147303238579	-6.68774252792964
3:142601-143243	0.0610779320029717	5.79910388511862	0.683521455158948	0.501882476981244	0.818323878643771	-6.620446240196
8:278909-279267	0.0609747827026608	4.79167271949729	0.592946101921816	0.55966145359185	0.847444068429337	-6.6792238601486
5:341689-342473	-0.0608720112129966	5.8984753209065	-0.576138985330738	0.570753542126451	0.855883492425572	-6.68924562069667
13:195691-196048	0.0608180597022843	5.05659946613378	0.612359137920228	0.546990774907872	0.839439503365629	-6.66730197724969
4:758097-758403	0.0607375455373722	4.74377259151497	0.569621219544625	0.575085115933233	0.858026992972384	-6.69305699032885
5:227436-227810	-0.0606202847742496	5.12477078495258	-0.713571472911887	0.483486895909043	0.810061917588032	-6.59918346610628
20:141783-142647	0.0606166551308638	6.1245189826521	0.678544183754074	0.50496740014708	0.819192336494912	-6.62388376865532
15:339680-341361	-0.0605753541798411	9.85524873039322	-0.544433244954459	0.591979758103994	0.869039487462603	-6.70739076559152
11:556274-556472	0.0605645796667096	4.12135667188238	0.461869924013582	0.649007796078465	0.893283793126448	-6.74994512341053
14:149234-151258	0.0605123001334551	7.37828549164722	0.730049626006951	0.473568548247848	0.805354415637297	-6.58715449803924
6:743423-743724	0.0605005734330382	4.82163023288493	0.656791734486507	0.518574712221722	0.825985419757184	-6.63862482851822
5:98422-98758	-0.0604836520597285	5.13957366451149	-0.597709508977364	0.556538311926998	0.845005059904425	-6.67633289028656
3:762107-763244	0.0604811644336163	8.18916649998148	0.490556492941443	0.628917003367374	0.88343767581577	-6.73593235238297
10:368266-369253	0.0603922734105575	6.09708491654893	0.713105291922426	0.483769246219857	0.810061917588032	-6.59951997814057
18:147546-147873	0.0603444520573095	4.88958030448674	0.547832240021793	0.589685668742807	0.867168942643285	-6.70549320825992
11:468368-469155	-0.0601378111146076	6.24752237987997	-0.734747856686765	0.47076279752012	0.803067803673424	-6.58367705299181
1:569070-569483	-0.0601344532247188	5.35444787623447	-0.640957440035919	0.528606586124369	0.829025949766784	-6.64906569025769
18:318563-319094	0.0600864504188321	5.22821614400864	0.502740502691917	0.620471156006394	0.881100537526847	-6.72973125451262
2:1007058-1007332	-0.0600834176344982	4.65177147512027	-0.493694001968569	0.626737055124885	0.882993863767443	-6.73434970330738
11:421958-423560	0.0600700314472897	7.04203242510746	0.73900011102123	0.468231896570082	0.802245526524776	-6.58051146456433
5:460561-461349	-0.0600603284297829	5.89224506118301	-0.602042425681095	0.55370536909065	0.843275002398689	-6.67368379359903
8:309898-310717	-0.060040635948738	8.78930231735877	-0.602047109230255	0.553702311006068	0.843275002398689	-6.67368092013707
10:528952-529236	0.0600371754168023	4.75718113909914	0.691702867773181	0.496834977021057	0.815300033792487	-6.61474366289052
2:1037341-1038223	-0.0599906761517683	9.40757895441156	-0.563960495738151	0.578860616640158	0.859933660830184	-6.69633310301005
16:73594-73821	0.0599786886402134	4.60079879271908	0.612250895292564	0.547060998953874	0.839439503365629	-6.66736947778656
4:722477-724001	0.0599044465994716	9.59992535013392	0.430632892794069	0.671200681921336	0.903399579248148	-6.76426286945539
12:2850-4137	0.059894818964791	9.20264152764241	0.542366182800001	0.593377032670104	0.869773616720182	-6.70853913497273
12:218722-219076	0.0598596615134142	5.01090379597088	0.577060844627424	0.570142242758941	0.855883492425572	-6.68870315978648
9:373199-374653	0.0598269723714226	6.86973676336956	0.65349749348264	0.520653054877255	0.825985419757184	-6.64081712926102
13:434524-434906	-0.0598147279011085	4.96187938793684	-0.602240466922775	0.553576067459799	0.843275002398689	-6.67356227204651
4:216177-216412	0.0597842312411672	4.68990020820448	0.632785448050865	0.533825230695264	0.831296615335372	-6.6543584172646
8:395073-395303	-0.0597559610545533	4.62773658182879	-0.477874806844577	0.637763559329944	0.888185965015815	-6.74222888551436
16:249788-250164	0.0597083345274916	5.21360985012496	0.674874187088057	0.507248929799168	0.819412895471312	-6.6264030515699
4:872762-873712	0.0595897847425118	6.1898585442121	0.676598025333013	0.506176546152902	0.819192336494912	-6.62522134325684
10:516661-517013	0.0595665510069612	4.74719722715017	0.492083765156984	0.627855415534853	0.882993863767443	-6.73516318351231
7:502461-502811	0.0595191801505299	5.12401296498513	0.575810529617346	0.570971427252627	0.855883492425572	-6.6894386950551
15:70741-71064	0.059448190238423	4.78275936262997	0.634070030836517	0.533003045969952	0.831296615335372	-6.65353075986022
1:468794-469796	-0.0594143878462203	6.49419629956834	-0.697254729504071	0.493426383689877	0.814144562041049	-6.61083705570769
9:575267-575547	0.0594070147882126	4.85379710548403	0.633452445356408	0.533398239673787	0.831296615335372	-6.65392887194714
10:507638-507921	-0.0593993089856326	4.78083162355635	-0.59704250639494	0.556975084136351	0.845005059904425	-6.67673904734025
1:1025968-1026545	0.0593154605097066	5.46025101003088	0.585994658212833	0.56423551818618	0.852064163090871	-6.68340266206668
11:117760-118085	-0.0592357899490601	4.77691896114007	-0.566164800204193	0.577388937845616	0.859458891186224	-6.69506114334532
6:414000-414307	0.0592273024469581	4.73995781717431	0.597082021929528	0.55694920324566	0.845005059904425	-6.67671499739813
14:496708-497056	-0.0591907221851811	4.92477420809481	-0.538886456227292	0.595732885252632	0.870267752738506	-6.71046273160233
9:91941-93285	0.0591893304497599	8.57505845217039	0.433249276867437	0.669329593434908	0.903399579248148	-6.7631013638753
2:941140-941630	0.0591868039227919	5.29553702798503	0.632808282630396	0.533810609639038	0.831296615335372	-6.65434371902064
11:405243-405581	-0.0591468514950551	5.23525483976506	-0.636459525775061	0.531475504851057	0.830810608903053	-6.65198691502631
14:143294-143703	0.0591044802372878	5.15248071036091	0.676362984604432	0.5063226873354	0.819192336494912	-6.62538263573732
1:493877-494610	0.0590558352471984	5.87051534859051	0.621057387582553	0.541363363752432	0.835971787583032	-6.6618401339474
8:162857-163290	0.0589706501218856	5.15652835719841	0.627024732802537	0.537520766134526	0.83308273864894	-6.65805019636353
1:472077-472658	0.0589168943663081	5.61904777253443	0.651453081608439	0.521945192560861	0.825985419757184	-6.64217235880038
2:295961-296206	0.0588315891839422	4.40592337911733	0.556199112760914	0.584057428992609	0.863355697546538	-6.70077339373853
7:131111-131490	0.0587627699864077	5.16434451295553	0.653292012598371	0.52078284571376	0.825985419757184	-6.64095352551748
4:870324-870974	0.0587624271041838	5.57753464065019	0.640667714052379	0.528791127476356	0.829025949766784	-6.64925445179769
13:122379-122749	0.0587031214968849	5.000167151919	0.510198464001893	0.615327659304548	0.878249328577459	-6.72586227887882
16:437503-437666	0.0586993462367147	4.13406391404665	0.405263540212468	0.68945546509233	0.910998018885623	-6.77516658950566
2:582463-583410	0.0586894647643499	6.23143970423544	0.648873270684851	0.523578245068835	0.826731514562336	-6.64387668781063
7:255102-255335	-0.0586487865732011	4.43133139977947	-0.531188823769041	0.600960568929811	0.87249167599957	-6.71467522395838
6:152273-152715	0.0585590169186814	5.26809554106583	0.508651111651832	0.616393158616974	0.878535100710686	-6.72666956791372
3:467810-468897	0.0585081280059381	6.41394781203094	0.665575358035159	0.513055688350016	0.824282715030161	-6.6327277446053
13:355490-356081	0.0584173035639814	5.57157721522783	0.578568910828391	0.569142943777419	0.855147303238579	-6.6878139402818
11:411900-412686	0.0581651242342671	6.0842107295619	0.617508105662317	0.543655849546565	0.836947284670111	-6.6640777775274
3:407389-408510	-0.0581540718844975	7.92729264204524	-0.572969211630142	0.572858023870236	0.856989476886088	-6.69110444224129
13:530777-531140	-0.058144665831791	5.30049324767662	-0.67441554667529	0.507534461450986	0.819412895471312	-6.62671696861028
8:113326-113822	0.0581046057299011	5.21176482904482	0.66499578359251	0.513418837941944	0.824282715030161	-6.63311916720128
5:823177-823451	0.058104257428977	4.46830789984567	0.625091954483998	0.538763741868264	0.834317268314014	-6.65928154794779
3:614860-615109	-0.0580731055343584	4.62905737998716	-0.537331584333125	0.596787047293388	0.871499455474322	-6.71131837661209
4:151999-152849	0.0580675101771773	6.1234030268434	0.64878595448892	0.523633566529093	0.826731514562336	-6.64393425894961
9:79583-81039	0.0580653013310641	8.95299883684913	0.561905101961736	0.580234580042341	0.860279369936056	-6.697514802647
14:412505-413391	0.0580602485082515	5.89901034493646	0.584941302061718	0.564930312227899	0.852825658526838	-6.68403172173537
12:95894-96655	0.0579721800906761	5.7925271416948	0.645107530940176	0.525967050507261	0.827340752278519	-6.64635283883008
11:380150-380495	0.0579180654557838	5.00436708562115	0.56017470412802	0.581392565722681	0.860670526902892	-6.69850641019731
2:953193-953595	-0.0579120306427869	4.60409747238782	-0.518428155125832	0.609675407248109	0.876721013553624	-6.72152851185138
3:460170-460382	0.0578912275278025	4.25426071864159	0.490898032291768	0.628679531982925	0.88343767581577	-6.7357605481408
3:751314-751601	0.0578747625239693	4.8295906704215	0.497480388266062	0.62411092253663	0.882621349231317	-6.73242662461064
6:504450-505891	-0.057866678321405	9.51109039775295	-0.51650581120998	0.610993477400438	0.876721013553624	-6.72254686864206
15:172585-172993	0.0578245852827708	5.46241117899082	0.715352940767087	0.482408805550251	0.810061917588032	-6.5978955891953
13:195153-195392	0.0577664355484693	4.53622525900447	0.518817707846199	0.609408472844104	0.876721013553624	-6.72132169827375
6:667277-667678	0.0577463864176595	5.06261673993962	0.624916735932617	0.538876501942765	0.834317268314014	-6.65939299687731
1:358313-358837	-0.0576800663772428	5.73942243854244	-0.632656973776071	0.533907497245448	0.831296615335372	-6.65444110453974
1:258087-258518	0.0576657083666694	5.33002207506809	0.639647645188795	0.529441141918033	0.829173740806548	-6.64991839203716
9:370611-370874	0.0576577561878544	4.62159265191809	0.519452532660111	0.608973589529084	0.876721013553624	-6.72098434554432
9:208554-209506	0.0575883017904877	6.36510346565936	0.646779307144839	0.524905817364611	0.826989946682154	-6.64525527471033
1:517190-518185	0.0575797628778831	6.37809244826186	0.634821485200492	0.532522404009927	0.831296615335372	-6.65304584934798
13:22828-23416	-0.0575697523016183	6.30606614324376	-0.525645639737006	0.604738839381347	0.874292973214117	-6.71767219007946
1:653686-653951	0.0575616881551486	4.54514830789916	0.632834929992895	0.53379354752011	0.831296615335372	-6.65432656590608
7:430716-431507	-0.0575355403932987	6.10978026726718	-0.583624232682849	0.565799672906117	0.85353288544465	-6.68481672996209
1:336988-337214	-0.0575343086953195	4.56032398677819	-0.469859010898548	0.643384095209462	0.890308755682363	-6.7461255936063
5:501783-502003	0.0575274018739789	4.38850981536723	0.472490156091507	0.641536742738711	0.889565817998287	-6.744853627999
4:278567-279033	0.0575166431423622	5.34806185442438	0.596565734826078	0.557287397579646	0.845005059904425	-6.67702909886899
17:248979-249731	0.0575077119909659	5.83310671996049	0.575899249181795	0.570912569848656	0.855883492425572	-6.68938655401609
16:383090-383491	0.057274970229412	5.30714773053519	0.690429127938504	0.497618893191491	0.815453007218178	-6.61563573685067
5:716042-716279	-0.0572355965161906	4.4826742731689	-0.542788969349349	0.593091109178573	0.869773616720182	-6.70830459848366
10:84482-86918	-0.0572171291144468	10.0684439168982	-0.62377435973612	0.539611977615161	0.835167085686536	-6.66011887570305
16:295648-296110	-0.0572138971794427	5.43210732008155	-0.554335763711229	0.585308542455349	0.86434874167936	-6.70183053158387
4:559599-559824	0.0571378174672468	4.48676098568235	0.644681758943928	0.526237516027021	0.827340752278519	-6.64663193341003
7:467361-467788	0.0571285127407002	5.0348326248106	0.535423716467064	0.598081775892211	0.871695063321554	-6.71236499109292
14:124448-125355	0.0570509822919858	6.33716535014998	0.662141535456271	0.515209347093369	0.825072285363119	-6.63504205371425
4:650855-651083	0.0569150771282398	4.33684629706736	0.488676089816539	0.630225180534774	0.884069661238295	-6.73687615823409
11:485458-485784	-0.0567765933568829	4.87700903240626	-0.539583755601605	0.595260431086407	0.8701895906685	-6.71007822772704
17:376287-376836	0.0567117935185806	5.62657398222368	0.599782112161497	0.555182258104503	0.844949264629634	-6.67506802852463
6:288104-289078	0.056651059825394	6.23009029218852	0.647785309272297	0.524267781339293	0.826989946682154	-6.64459349444558
7:589296-589588	0.056648949368916	4.77720312780542	0.603557502206261	0.552716576104275	0.843275002398689	-6.67275313514134
13:141779-142209	-0.0566257324585093	5.19216585851177	-0.590045771521163	0.561567527095761	0.849267778511405	-6.68097315964718
7:115755-116101	-0.0564682818057225	4.85810176257734	-0.444341168052894	0.661421891107039	0.90143885555884	-6.75810060017691
1:367948-368553	-0.0563440977458951	7.59423489711094	-0.569700571231816	0.575032280169436	0.858026992972384	-6.69301084067739
9:426089-426349	-0.0563185161724391	4.76941685073356	-0.484112817596261	0.633404978280127	0.884686787604176	-6.73915181571344
6:509387-509769	0.0562986999248274	5.10467684141416	0.539781240398356	0.59512665893496	0.8701895906685	-6.70996924312018
5:0-214	-0.0562881050081767	4.42182688980742	-0.169639246805561	0.866946212657574	0.961878660762086	-6.84508391240198
16:359742-360175	0.0562563647683971	5.20010963559307	0.534093724284772	0.598985152730251	0.871695063321554	-6.71309245448248
17:285788-286454	0.0562496814622664	5.8378284234401	0.631191029116906	0.534846679411127	0.831529606475931	-6.65538345744847
9:413865-414399	0.056236958516215	5.55886106306542	0.629932548657806	0.53565365959401	0.831715342622644	-6.65619076903213
1:1078855-1080198	-0.0562203190470321	9.12180256057543	-0.48677184711672	0.631551212971671	0.884069661238295	-6.73782832089034
10:51407-52086	0.0561542639649879	5.76677977740852	0.632090951113381	0.534270023147604	0.831296615335372	-6.65480520990746
2:571115-573796	-0.0561518735754039	9.21151064833596	-0.535559246827976	0.597989756284987	0.871695063321554	-6.71229076153256
5:767414-768247	0.0561508931429682	5.81323281967205	0.548884745320702	0.588976193037721	0.867168942643285	-6.70490330067947
15:289866-290143	-0.0560563532904643	4.75026463419815	-0.558522509221439	0.582499300259524	0.861906402631943	-6.69945043558294
7:706059-706673	0.0558575920449993	7.69438010664148	0.433242475335836	0.669334454651202	0.903399579248148	-6.76310439227138
5:612820-613073	0.055855331203972	4.68321669605755	0.547756297000926	0.589736876989758	0.867168942643285	-6.70553573023639
4:462324-463127	0.0558294247193638	6.03043038290032	0.659927406821871	0.516600695952633	0.825985419757184	-6.63652823909697
2:852848-853594	-0.0557747054091466	5.65024623308235	-0.638926451131557	0.529900968777752	0.829313544143083	-6.65038718796702
1:536004-536269	-0.0556963226683109	4.60765714703806	-0.503816724494552	0.619727682577031	0.880324058144967	-6.72917637223245
4:429042-430243	0.0555102574224717	6.51244165573042	0.652514910278605	0.521273859809098	0.825985419757184	-6.64146898666617
14:296623-297079	0.0553557102496152	5.35182900238962	0.632383213120816	0.534082818663019	0.831296615335372	-6.65461724567132
2:447247-448051	0.0553415288531109	6.21963453828936	0.65770871826744	0.517997005730968	0.825985419757184	-6.63801270025998
5:448784-449002	0.0553224980407139	4.09862554461047	0.467010902414941	0.64538645136813	0.890764648881822	-6.74749461020784
12:229551-229995	0.0552583245824065	5.46795526984696	0.581213799338429	0.567392517649696	0.854525204912531	-6.68624897937504
18:308694-309681	0.0552570290033216	6.28357432981271	0.59990564985419	0.555101485185304	0.844949264629634	-6.6749925028478
8:261366-261879	-0.0552427487609597	5.17978256002593	-0.473103714153916	0.641106299623518	0.889520085900455	-6.74455601848391
12:371413-371804	0.0552350889325046	5.16662644240667	0.57550606152992	0.571173437874374	0.855899667869333	-6.68961757370523
2:655311-655552	0.0551156773963379	4.60585181410564	0.570225971768873	0.574682508125639	0.857998300990781	-6.69270511915466
6:190678-191630	0.0551076635028913	8.93668234176333	0.510373005277689	0.615207525635262	0.878249328577459	-6.72577106668577
7:674293-674703	-0.0550585814977023	5.11413665632366	-0.562916654436944	0.579558185206509	0.860279369936056	-6.69693375738045
11:246437-246763	-0.0549930017877882	4.93032959294294	-0.525855457839008	0.604595617753753	0.874292973214117	-6.7175593073665
17:42414-42891	-0.0549614018538715	5.41220994613278	-0.570347093824655	0.574601889535161	0.857998300990781	-6.69263460159748
1:194046-194247	-0.0549416029934928	4.26267816826972	-0.484968660458739	0.632808049423751	0.884686787604176	-6.73872660499282
3:438015-438303	0.0548920420691372	4.90173621901282	0.530904947930616	0.601153782123028	0.87249167599957	-6.7148294467383
17:105077-105838	0.0548716660615884	8.64151234034208	0.462814633829647	0.64834166295513	0.892641428295036	-6.74949680725774
1:439251-439618	0.0548639015959944	5.29071375765397	0.599477014318123	0.555381767317088	0.844965598406283	-6.67525448800003
17:9117-9470	0.0547264597356056	5.0004571185401	0.602204825004893	0.553599336986358	0.843275002398689	-6.67358414539389
14:410765-411089	-0.0544415041466646	4.92294417477732	-0.475903774608886	0.639143557480967	0.888449243256151	-6.743193038527
5:256166-256768	-0.0543225849589248	8.43555097758713	-0.475984230923945	0.639087200489267	0.888449243256151	-6.7431537586933
9:70546-70932	0.0542807048915979	5.19494802010027	0.530181457805846	0.601646344285923	0.872640647123717	-6.71522213852366
7:9352-11304	-0.0542368889008227	9.55723352582922	-0.488804154608998	0.630136047576028	0.884069661238295	-6.73681199272644
7:262996-263764	0.0542332325943438	6.07413301637572	0.651284090358533	0.522052079969585	0.825985419757184	-6.64228419992748
3:803481-803970	-0.0542283958109628	5.40584434911152	-0.630751222528701	0.535128623370654	0.831679068821891	-6.65566576825301
3:603290-603518	-0.0541090124245862	4.57040703966451	-0.565295198116851	0.577969291717167	0.859750930450662	-6.69556350808352
3:833231-834373	0.0540692735064869	6.29048600405664	0.633575214159708	0.533319667098682	0.831296615335372	-6.65384976160141
10:199812-200248	0.0539305917937156	5.02886365394848	0.495994753896363	0.625140708570468	0.882621349231317	-6.73318287753177
11:386394-387085	0.0538150733512213	5.6682414661669	0.490873773718328	0.628696397542345	0.88343767581577	-6.7357727547627
13:404428-404685	-0.0537801279328862	4.69626283315657	-0.506281817577375	0.618026325845584	0.87930255387312	-6.72790104947483
6:76907-77208	-0.0537433817319641	4.43257441459968	-0.453301938771195	0.655062966077758	0.896106918143046	-6.75397011993238
10:314197-314548	-0.0537121318518521	4.75107868208701	-0.510175257848597	0.615343632523273	0.878249328577459	-6.72587440371477
7:225046-225393	0.0536690787847549	5.14213102401101	0.55744385134745	0.583222416456401	0.86269118838693	-6.70006529616244
10:107527-108406	0.0536242413256112	6.23473801126827	0.619174819574638	0.542578670948535	0.836674529528798	-6.66302853652448
8:429340-429665	-0.0536194821532616	4.90439655789052	-0.534467063273844	0.598731500864595	0.871695063321554	-6.71288842754803
1:1010533-1010927	0.0534765382321867	4.82642048744128	0.539457674166525	0.595345843773663	0.8701895906685	-6.71014778716943
9:618464-618845	0.0534644565739972	4.96772734637187	0.43187391224111	0.670312901765778	0.903399579248148	-6.76371279819265
12:386169-386474	0.0534009400777178	4.61423876435906	0.500064950297306	0.622321280478961	0.882621349231317	-6.73110570891192
5:753256-754611	-0.0533897106661172	9.46706122940219	-0.457641577257335	0.651992975387488	0.895603636609413	-6.75194070855219
5:742519-744590	-0.0533086806304883	9.05791550141542	-0.580093093980761	0.568133878763816	0.854760639673562	-6.68691293561251
13:402043-402383	0.0533037857557837	4.62644486535634	0.469069713258568	0.643938731414776	0.890308755682363	-6.74650580579502
5:489710-490029	0.0532795333532974	4.88426132363222	0.403395991609746	0.690807156787817	0.910998018885623	-6.77594353427587
18:112443-113038	0.0532772500511571	5.70736204903478	0.512833573315257	0.61351514055361	0.877955141156651	-6.72448198123734
1:1016394-1016701	-0.0532107498275698	4.84731247675994	-0.460495359872191	0.649977566491034	0.893794036133292	-6.7505958264924
7:685930-686672	0.0531962861983599	5.99448564002144	0.598433122780823	0.556064672002547	0.845005059904425	-6.67589176582966
3:140917-141838	0.0531169934232185	6.02126256174162	0.571960077665478	0.573528839110927	0.857410375086821	-6.69169413562447
11:187090-187657	-0.05306096859871	5.57507932982487	-0.505963041767354	0.618246214825081	0.879335893726427	-6.72806631078888
6:612463-613051	-0.0530154086898635	7.71454553759599	-0.429867487354638	0.671748471065308	0.903399579248148	-6.76460135387453
4:777225-778052	0.0529895841386763	6.07704066423719	0.640005046084766	0.529213347101724	0.829173740806548	-6.64968588336836
4:423664-424540	0.0529715977760015	5.80632942387727	0.468857039878953	0.644088212574888	0.890308755682363	-6.74660814559494
8:416150-416834	0.0528822487152354	6.0020221738509	0.516460262282156	0.611024724830561	0.876721013553624	-6.72257095337547
13:538092-539197	-0.0528535979535718	8.81557257089388	-0.465301489488681	0.646589578871795	0.891875178745811	-6.74831237085469
1:891835-892053	0.0528473689534366	4.38047898644719	0.524393329523412	0.605594004814937	0.874436034976064	-6.71834502452506
1:244270-245793	-0.0528165832165168	9.57989439003111	-0.425855301011155	0.674622990893658	0.903534562309997	-6.76636598289538
4:881821-882149	0.052723770801169	4.74444273171471	0.499223944416657	0.622903360281327	0.882621349231317	-6.73153626260791
15:240111-240856	-0.0527108705426045	6.04105398475569	-0.60943451099641	0.548889854145474	0.840923303392967	-6.66912174257312
4:213982-214200	0.0526954858415021	4.40138796945355	0.463292040526666	0.648005149180733	0.892641428295036	-6.7492699106411
9:166058-167521	-0.0526134100586884	9.61256308392727	-0.39848335029312	0.69436787132056	0.911400931666641	-6.77797044273852
2:777974-778401	0.0525170912904409	5.23162488788722	0.610260293709595	0.54835328588861	0.840845943006995	-6.66860877391765
11:222710-223099	0.0525005188453678	4.65381072626287	0.358103944066583	0.723903412960538	0.921910208987312	-6.79370278447363
1:487692-488061	-0.0524551877134645	5.34302587731536	-0.51679383304222	0.610795906570099	0.876721013553624	-6.72239452452242
4:122870-123121	0.0523997584062599	4.70302557080773	0.52685578315876	0.603913021528733	0.874018620346115	-6.71702052682386
10:263643-264353	-0.0523858587597124	5.55282228143327	-0.479236432482989	0.636811017584402	0.88753562071728	-6.74156055497214
8:593390-593662	0.0523821348544748	4.58381606531899	0.580313501243835	0.567988037193838	0.854760639673562	-6.68678245438271
15:207359-207658	0.0523623159403224	4.92883054309556	0.501818825473101	0.621108198573041	0.881725435081805	-6.73020553598698
12:92292-92624	0.0523252587695664	4.97058378517207	0.487921862694237	0.630750239066433	0.884069661238295	-6.73725372252686
6:673521-673820	-0.0523141186739968	4.52073767421005	-0.361531585717861	0.721378244212373	0.920960930146771	-6.79243168610769
6:82972-83312	-0.0523099816109536	4.98503078773387	-0.486350002543687	0.631845139924331	0.884069661238295	-6.73803876089245
1:872640-873611	0.052268064678028	6.27508663188556	0.562341855720232	0.579942487144005	0.860279369936056	-6.69726405146278
12:74069-74376	0.0522604743500867	4.47104372697127	0.381868355241231	0.706463891999157	0.91470418877299	-6.78464433470193
13:416726-417129	0.0522132341625392	5.03357221387865	0.60534097913081	0.55155380871207	0.84315397807214	-6.67165471565043
11:327727-328776	0.05220699041306	6.36835680580872	0.532948774481935	0.599763374159148	0.872010783766063	-6.71371729631419
13:429501-429806	0.0521887038445383	4.54082291725799	0.469129147322244	0.643896959921363	0.890308755682363	-6.74647719762048
14:348553-349712	-0.0521744570808895	9.03928738753931	-0.443423084891351	0.662074895074857	0.90143885555884	-6.75851922454588
4:678955-679392	0.0521603167666411	5.16510403474846	0.541651670000879	0.593860399816149	0.869803386641716	-6.70893509997928
10:104274-105367	0.052097301850627	6.48768524172602	0.568736995710387	0.575674036903511	0.858351562471992	-6.69357081921
7:349267-350098	-0.0520709619146018	5.98303494218631	-0.54833613232711	0.58934595081509	0.867168942643285	-6.70521092415582
17:45728-46394	0.0520469027347428	5.67989759083428	0.589670281376563	0.561814542487102	0.849267778511405	-6.68119902598102
8:81733-82112	0.05201966076147	4.87628870100356	0.507056334863456	0.617492223219501	0.878840058585105	-6.72749909753061
3:935847-936183	0.0519296903117858	4.98698250628514	0.620934313520057	0.541442770596626	0.835971787583032	-6.66191793264794
5:19023-19917	-0.0518828137508827	9.14696916919173	-0.394218082387852	0.697465255883096	0.911660718421671	-6.77971041891481
2:434079-434414	0.0518352245830602	5.07760105262063	0.388273197559312	0.701791395918484	0.912614261513984	-6.78210481020981
14:206779-206972	-0.0517507603549809	4.17514256493115	-0.41731713535317	0.680757093103145	0.907676124137527	-6.77006709593748
10:140765-142135	0.0517395774643239	6.943193643275	0.548646342153686	0.589136859435677	0.867168942643285	-6.7050370170579
1:152476-152781	-0.0516756889602865	5.0334218897955	-0.476547635083967	0.638692617211117	0.888449243256151	-6.74287851539262
15:103542-103911	0.0516696694107095	5.00389774580297	0.508340943245673	0.616606843656363	0.878535100710686	-6.72683110221782
5:378582-378832	0.0516055526731645	4.56530069583186	0.568325772992107	0.575948028406305	0.858351562471992	-6.69380952026053
6:50661-51060	-0.0515741806951739	5.34028465294235	-0.49658418655008	0.624732041740916	0.882621349231317	-6.73288309471435
13:449763-450161	0.0514798118911726	5.16081753483725	0.579534367483884	0.568503669416486	0.854760639673562	-6.68724348714244
6:294461-295313	0.0514080270676631	6.06790867184617	0.594708395243282	0.558504937135954	0.846265436229022	-6.6781569067455
4:778588-778993	-0.0513710340887403	5.21801499615262	-0.434802331700892	0.668219978305249	0.903399579248148	-6.76240864091466
9:551108-551311	-0.0512923436330883	4.25724688069298	-0.41360223262093	0.683433132370269	0.909618406330457	-6.77165442224585
10:117139-117336	0.0512923280556903	4.29104296747123	0.448496758663722	0.658469614819253	0.899667275925206	-6.756195128367
3:135846-136134	-0.0512779621991521	4.55472155217972	-0.37047350471659	0.714806069647021	0.916754145484259	-6.78905942874056
7:77013-77405	0.0512705871116266	5.33363504666441	0.504249128574945	0.619429087548974	0.880179236783875	-6.7289531058589
5:798443-798870	0.0512675337923261	5.31892067852697	0.467361944874501	0.645139502109449	0.890698461271405	-6.74732631281366
18:289053-290097	0.0512568332441106	7.9571035290776	0.428704267669105	0.672581328454562	0.903399579248148	-6.76511463097512
10:417357-417643	0.051256473280195	4.7270482621421	0.458272988308143	0.651546821966522	0.895603636609413	-6.75164385346084
8:685463-686447	0.0512322926073612	6.28006059112163	0.622117725395596	0.540679497271995	0.835946047014872	-6.66116924860376
1:20482-20649	-0.0511619609968554	4.00574728710023	-0.45255179788078	0.655594275753259	0.896559724494833	-6.7543189989184
4:842504-843565	0.0511231120249267	6.23426422470223	0.573424726569875	0.57255535433726	0.856916794679265	-6.69083792966897
2:322865-323556	0.0511172261981763	6.57393014385836	0.552219127087932	0.586731341779501	0.86559310672546	-6.70302719143842
8:650309-651380	0.0510701863726899	6.29720075857801	0.561676358206964	0.580387589211146	0.860279369936056	-6.69764605474985
3:913635-913838	0.0510551749167183	4.20896842691377	0.474477743269479	0.640142816439895	0.888734257563576	-6.74388816810762
4:846587-847056	0.0509664297965307	5.04975195350972	0.447407897042387	0.65924262984313	0.900448584430226	-6.7566960880862
16:24584-25019	0.0509359845699224	5.38029898456553	0.468329851892134	0.644458822427526	0.890308755682363	-6.74686163599666
7:95582-96389	0.0509114588052109	6.70519716146647	0.471349120778651	0.642337582902873	0.890124774326087	-6.74540608829403
5:457972-458245	-0.0508960302109616	4.65595288233834	-0.43694092954788	0.666693282801925	0.903399579248148	-6.76145076092108
2:1035960-1036345	-0.050875707061941	5.15733107619363	-0.522128143806495	0.607142308753516	0.875559132510369	-6.71955808243879
8:74656-74861	-0.0508349091862597	4.43561805851885	-0.456963615567624	0.6524721703607	0.895603636609413	-6.75225900280462
2:646797-647245	0.0508331978456829	5.2057571268351	0.555161330558037	0.584754064908488	0.864005730107957	-6.70136258561875
9:223576-224818	0.0508238049016256	9.04910519657977	0.467895278113698	0.64476439646299	0.890455241767462	-6.74707038437288
10:188872-189378	0.0507499337173707	5.51670129756648	0.507037931456841	0.617504911584039	0.878840058585105	-6.72750865531263
8:455297-455852	0.0506673254501306	5.66724532476617	0.626733782491164	0.53770777821747	0.833084117445966	-6.65823579145448
3:755859-756157	0.0506121556114305	4.85885356876079	0.527933379544738	0.603178113829818	0.873729850324357	-6.71643901282058
7:163201-163622	0.0505001862808285	4.83072364653978	0.487471327313137	0.631063976837905	0.884069661238295	-6.73747898764718
7:689237-689607	-0.0503627374031597	5.16634547273786	-0.41037637332502	0.685760360202238	0.909800495051175	-6.77302146425503
5:420074-420533	0.0502978143402393	5.10892131831001	0.442175545801578	0.662962673276935	0.90143885555884	-6.75908671186717
7:445360-445696	0.0502427794020388	4.76728750004457	0.551611857561946	0.587139864844002	0.865910390458568	-6.7033696965897
7:76289-76695	0.0502259682880544	5.37369069341205	0.573330447140627	0.572617992154978	0.856916794679265	-6.69089310748549
8:279989-280860	-0.0501390793343566	5.81957756318348	-0.488034355975565	0.630671913657366	0.884069661238295	-6.73719744480957
10:328084-329000	0.0501325965458443	6.37491369985473	0.575132362247116	0.571421432427147	0.855984716045485	-6.6898370013176
5:705-1775	0.0500969248795311	6.61212559021893	0.583364997971385	0.565970867738991	0.85353288544465	-6.68497103914094
6:214130-214961	-0.0500785045106449	5.99891485624075	-0.579681497038658	0.568406280386738	0.854760639673562	-6.68715647283916
10:124955-125608	-0.0500734017971043	5.44840039228618	-0.46316192228772	0.648096859092545	0.892641428295036	-6.74933177451795
13:161485-161921	-0.0500456208106428	5.18966258009755	-0.553467925453141	0.58589169354335	0.864709654082512	-6.702321709209
16:305207-306193	0.050038377654249	6.1732226137525	0.562678817438008	0.579717183947926	0.860279369936056	-6.6970704642938
1:475525-475766	-0.0500174684714549	4.69822787599042	-0.532537309407587	0.600043166666549	0.872010783766063	-6.71394152961834
3:37855-38534	-0.0499468384619988	8.52757304415248	-0.431007150423658	0.67093289964439	0.903399579248148	-6.76409714665542
11:514297-515798	0.0498729458971532	9.51952088728608	0.444436247964188	0.66135427952471	0.90143885555884	-6.7580571974388
3:636941-637199	0.0498183688656395	4.79814965244577	0.473458585990216	0.640857397583001	0.889450453203569	-6.74438371359847
14:219799-220187	-0.0498011718571503	4.66720198079055	-0.515751644243185	0.611510948238251	0.876721013553624	-6.72294538012948
10:489499-489855	-0.0497476900026106	4.89438104052887	-0.419802634950742	0.678969061906635	0.906913017336346	-6.76899728591845
3:986067-986970	0.0496441989598377	6.32168143323756	0.584509245814396	0.565215424421893	0.852968388304921	-6.6842894273091
6:657786-658143	-0.0495395060088306	5.00306263119609	-0.429441413593672	0.672053486817626	0.903399579248148	-6.76478951979871
9:384689-385472	0.0495322858990273	5.89100378691993	0.363572560266348	0.719876189207655	0.92015258162331	-6.79166913772617
1:422198-422505	-0.0494706729387424	5.30295281675228	-0.521787755675727	0.607375135488091	0.875559132510369	-6.71973992608106
10:503428-504629	0.0493933631065921	6.63036857664585	0.592131146234249	0.560196695201515	0.84796767254717	-6.67971622812238
1:462206-462552	0.0493826571264444	4.8611616405761	0.490401196892613	0.629024993928699	0.88343767581577	-6.73601043219574
5:745815-746838	0.0493162180041464	6.28364561140161	0.52678212810898	0.603963269153381	0.874018620346115	-6.71706023181067
4:850253-851663	-0.0492186967733605	9.82178655002977	-0.413938094077833	0.683191017344531	0.909566625114253	-6.7715114871569
13:225068-225813	0.0492167819155824	5.7830549169226	0.470749191391806	0.642758825032557	0.890308755682363	-6.74569603460475
10:274644-275043	0.0492091081531401	5.08854601229526	0.457340450129446	0.652205798180819	0.895603636609413	-6.75208214091489
8:693124-693405	0.049162661961426	4.70056971113271	0.438605268905068	0.665506174161975	0.903399579248148	-6.76070211008773
6:706114-706489	0.0491478067601436	5.12369222332398	0.564126551773805	0.578749685322468	0.859933660830184	-6.69623745045368
14:367286-368095	0.0491161274262515	6.10276758193876	0.542638972432448	0.59319254183122	0.869773616720182	-6.70838782805265
17:297508-297729	-0.0490736541346575	4.62155893797734	-0.455061193984395	0.653817657071822	0.895603636609413	-6.75314969614371
6:368855-369688	0.0490495206818187	6.05702173451661	0.513882478069778	0.612794372383555	0.877717635452414	-6.72393062582349
11:497030-497314	-0.0490007527399294	4.66504572704994	-0.5072767771841	0.617340247165831	0.878840058585105	-6.72738458484408
13:420577-420989	0.0489894011179492	5.12761148355356	0.47850765072254	0.637320765660075	0.887845548426547	-6.74191849624285
7:140712-142812	-0.0489332139535481	9.34036206077871	-0.483006513011097	0.634176977846242	0.88511885027745	-6.7397003763462
1:470610-471586	-0.0489023581525672	6.3145745222785	-0.514256430313566	0.612537503565028	0.877630558885105	-6.72373379286389
11:583651-584393	0.0488904483608117	6.03618275461447	0.57634709488374	0.570615512117232	0.855883492425572	-6.68912323361906
15:78204-78448	-0.0488546475231413	4.61048492103769	-0.405762269559825	0.68909467526731	0.910998018885623	-6.77495850875134
8:486722-488230	0.0488482291748422	6.71494574695863	0.534002823141018	0.599046920191488	0.871695063321554	-6.71314211028313
10:554431-554609	-0.0488369176941328	4.22452635707299	-0.419188998722254	0.679410322762852	0.907231683975694	-6.76926198806769
15:372319-373263	-0.0488073048072568	9.24726301897727	-0.376796018163664	0.710172752779962	0.91606145286545	-6.78662597109321
6:464143-464374	-0.0487274141554579	4.4460068185314	-0.429425095327597	0.672065169817506	0.903399579248148	-6.76479672275144
10:435511-436317	0.0487164704071521	5.76361325867488	0.455917288379182	0.653212034811143	0.895603636609413	-6.75274933251083
8:399477-402869	-0.0486469112555774	13.4358891130158	-0.420738391496059	0.678296394450445	0.906872126137537	-6.76859289917867
12:84271-85885	-0.048583970598651	9.71714474942865	-0.463143122350217	0.648110110135061	0.892641428295036	-6.74934071142004
3:417200-417505	0.0485652154789422	4.86665671934963	0.470405019449401	0.643000542064967	0.890308755682363	-6.74586221004479
4:76346-76875	0.0485641568941659	5.44636044267383	0.526884232363023	0.603893613963804	0.874018620346115	-6.71700518935808
17:177151-177415	-0.0484968155645182	4.71296323985589	-0.401833825724568	0.691938633144238	0.910998018885623	-6.77659071972295
9:615916-616219	0.0484918278988919	4.68407215524284	0.515945103430546	0.611378186548648	0.876721013553624	-6.72284320791362
3:179179-179398	0.0484483858644706	4.31805525995076	0.497731686891863	0.623936809647374	0.882621349231317	-6.73229848431408
3:255760-256142	0.0483908970206999	5.4547824964987	0.499465235579274	0.622736331117334	0.882621349231317	-6.73141280572986
5:445554-445883	0.0483249085711739	5.3120065025895	0.510334512185413	0.61523401879679	0.878249328577459	-6.72579118511103
1:766940-767397	-0.0482888260769334	5.26748276721931	-0.508203118725113	0.616701806620415	0.878535100710686	-6.72690284977711
3:63168-63483	-0.0482822999075747	4.93422801522649	-0.445648125428116	0.660492770268394	0.90105627544082	-6.75750319334044
14:260171-261027	-0.0482635911561484	6.3906700242028	-0.533029497875608	0.599708490429641	0.872010783766063	-6.71367328527567
17:153181-153457	0.0481887204738944	4.65166957491337	0.479109191811366	0.636900003070577	0.88753562071728	-6.74162308762573
6:202868-203146	-0.0480730188783429	5.0920640914563	-0.433436210405249	0.669195993418953	0.903399579248148	-6.76301811305866
14:472074-473312	0.0480572275443061	6.62005400370419	0.546793824900523	0.590386060935377	0.867838426517815	-6.706074141106
15:210128-210528	0.0479406646430984	5.17576820171788	0.510239163814999	0.615299645353464	0.878249328577459	-6.72584101259316
6:720705-720978	-0.0479217371019907	4.7588540854183	-0.44034600681682	0.664265536192514	0.902900862434769	-6.75991610553467
8:581262-581584	-0.0478993629153841	4.85275155454982	-0.474738659978084	0.63995993252441	0.888734257563576	-6.74376113483072
12:267120-267974	0.0478901860749188	6.24715505445011	0.52529605221949	0.604977503771308	0.874355604417299	-6.7178601717334
1:992273-992698	-0.0478767789795702	5.20742502250438	-0.504410959454323	0.619317353174071	0.880179236783875	-6.7288694984885
14:168617-169226	-0.0478611069411219	5.47065401514199	-0.570438906211017	0.574540783230289	0.857998300990781	-6.69258113853549
4:208843-209182	-0.0478341734978782	4.78325551171416	-0.494506615303546	0.626173018946672	0.882993863767443	-6.73393819164437
8:115081-115840	0.0477880875289509	6.1893860461147	0.455102128040893	0.653788693732832	0.895603636609413	-6.75313056958727
1:830415-830916	0.0477263996122721	5.26037943529714	0.495781320501382	0.625288717250336	0.882621349231317	-6.73329134309253
7:286030-286251	-0.0476934982531221	3.70027670503193	-0.335085827775122	0.740943436622756	0.930514776151639	-6.80192876965555
7:630686-630991	0.0476678792571352	4.72011230361205	0.439157794631799	0.665112277833704	0.903399579248148	-6.76045295618472
1:114913-115321	-0.0476314596033882	5.31274176667994	-0.452008732317441	0.655979035032132	0.896811900062254	-6.75457121694523
8:146669-148198	0.0475864423841532	9.41071767648561	0.367504102458505	0.716986047432636	0.918234491647633	-6.79018829390234
4:552680-553428	0.0475700690779632	5.8634780146144	0.529576155259594	0.60205859288731	0.872673012229145	-6.71555028088298
8:340151-340394	-0.0475344103146682	4.24636661575186	-0.568143153805172	0.576069726020077	0.858351562471992	-6.69391547096161
5:810512-810952	0.0474835381109848	5.32182322344243	0.484241539424106	0.633315181651725	0.884686787604176	-6.73908790939451
14:105198-106412	0.0474729261630173	9.06723250582646	0.405098530128461	0.689574853075381	0.910998018885623	-6.77523537986614
13:321066-322114	0.0474626554079789	6.48123940805248	0.548723881694091	0.589084601040646	0.867168942643285	-6.70499353260595
13:121354-121721	0.0474226646964437	4.84070773063898	0.436017839461035	0.667352074078647	0.903399579248148	-6.76186477969808
8:305579-306089	-0.0474038506001069	8.67703214177342	-0.408248073587388	0.687297533686528	0.910699751563321	-6.77391762196037
3:689166-689758	-0.0473860776045871	5.78124178015443	-0.516390442215517	0.611072624200206	0.876721013553624	-6.72260786784977
2:662430-663910	0.047381646711365	9.39613858061845	0.432539467784971	0.669836991095016	0.903399579248148	-6.76341715609678
3:94416-94791	0.0473773091337106	5.23831809112903	0.444980302919346	0.6609674576512	0.901429110434727	-6.75780866828754
20:25604-27009	-0.0473634822886222	9.14961756209517	-0.50991884477463	0.615520139353773	0.878249328577459	-6.72600833956785
5:46345-46998	0.0473467287320011	5.84304024369435	0.541968922530575	0.593645754933011	0.869773616720182	-6.70875934921525
13:182110-182850	0.0472411461873596	5.95374060757618	0.567664496099319	0.576388765859998	0.858541136768503	-6.69419301862698
15:162886-164230	0.0472056353576686	8.54281268124358	0.340572255718152	0.736869104314566	0.929337572065859	-6.8000171027707
2:130218-130490	-0.0471857831284312	4.90006536688748	-0.48639278656102	0.631815326626657	0.884069661238295	-6.73801742592085
7:762457-763089	-0.0471785492277332	5.44758812299521	-0.426001866673636	0.674517894187073	0.903534562309997	-6.76630180682318
3:5256-5662	0.0471777228746078	5.25561069883109	0.55496897229869	0.584883235528845	0.864005730107957	-6.70147167807635
4:789869-791070	0.0471559399020451	6.69321451477399	0.483126209676708	0.634093430672895	0.88511885027745	-6.73964108398508
5:102496-103147	0.0471187580447943	5.89872419945589	0.484016594163915	0.633472107746064	0.884686787604176	-6.73919957676096
18:5574-6277	0.0470432341166465	6.15640395771149	0.534087273549417	0.598989535912215	0.871695063321554	-6.71309597854218
7:668598-669137	0.0469832771514174	6.54276643384672	0.411009706514912	0.685303201807512	0.909800495051175	-6.77275390335347
12:181671-181931	-0.0469376232545988	4.15840482490164	-0.373011527028104	0.712944766217924	0.916550183371531	-6.78808745526702
9:677156-677425	-0.0468375543715416	4.59144766577315	-0.457719881066311	0.651937638845707	0.895603636609413	-6.75190391614486
6:197721-198092	0.0467618116530213	5.08818320849573	0.550169542133408	0.588110707585286	0.866771000049964	-6.7041817085326
6:583197-583782	0.0467475861934181	5.52187715436123	0.51611778813181	0.611259692970492	0.876721013553624	-6.72275197586028
8:159131-159653	-0.0467183480657152	5.16790703359536	-0.476995112781648	0.63837930195165	0.888449243256151	-6.74265967946794
12:256166-256419	-0.0466952595165608	4.31634226742262	-0.374512700026879	0.711844717148742	0.916274156428413	-6.78750947772611
14:53465-54620	-0.0466785490486936	6.24570442442787	-0.561474325989591	0.580522747628772	0.860279369936056	-6.69776193680481
12:125343-125676	-0.046640208075158	4.8458289728017	-0.498352491156204	0.623506780568218	0.882621349231317	-6.73198165775788
1:753935-754393	0.0466179977237351	5.47205420764532	0.509340950678459	0.615918031387034	0.878535100710686	-6.72630995845655
5:72192-72629	0.0466010378444048	4.94938442995126	0.386003856996672	0.703445564685752	0.913968751098236	-6.78300936718519
8:354639-355525	-0.0465654744435913	6.25653257970964	-0.384037911675122	0.704879802620779	0.914099394082438	-6.78378876669955
10:586691-587586	0.0464927907429127	5.93964195824786	0.518753391265812	0.609452540844384	0.876721013553624	-6.72135585438059
11:407590-408483	0.0464666105995564	6.02823061574836	0.497069233608144	0.624395840714218	0.882621349231317	-6.7326361412765
17:247020-247403	0.0464507964799523	4.93695989370415	0.487749979943616	0.630869924035145	0.884069661238295	-6.73733968690746
8:466428-466738	-0.0464187589147276	4.593508325483	-0.466726310493112	0.645586685231354	0.890766338808736	-6.74763095891378
5:636677-637630	-0.0463596572881748	9.19094234605093	-0.41103134988954	0.685287581173242	0.909800495051175	-6.77274475262072
6:780450-781331	0.0463555995057741	5.93303112724843	0.508701271427781	0.616358605204707	0.878535100710686	-6.72664343590525
7:72025-72425	-0.0462939784349414	5.197180325307	-0.544902938927715	0.591662484827275	0.868858688348715	-6.70712923249701
7:602335-602691	0.0462402448698533	5.33807295175411	0.530532261090904	0.601407488096198	0.872576958417692	-6.7150317966026
1:693010-693384	0.0462091712897781	4.95603680789161	0.486565239487162	0.631695162328018	0.884069661238295	-6.73793141076956
5:515148-515426	0.046164466937392	4.74460065575703	0.496580552347056	0.624734561035535	0.882621349231317	-6.7328849441186
5:693440-694233	0.0461147579351486	5.99235878135025	0.4970665007978	0.624397734673913	0.882621349231317	-6.73263753329949
6:140986-141353	0.0460613694726097	5.29666679143724	0.504287305660637	0.619402727743126	0.880179236783875	-6.72893338462838
3:538597-540171	0.0459545173065496	9.56062772369014	0.412265800355882	0.684396882804953	0.909800495051175	-6.77222204750094
6:108817-109752	0.0458902966916135	6.24589034235125	0.53649463422516	0.597354854645938	0.871499455474322	-6.71177795468912
3:570492-570712	-0.0458104007263263	4.40909064268492	-0.454937812388244	0.653904960456394	0.895603636609413	-6.75320733635302
4:47828-48962	-0.0457957529333903	8.65499979204197	-0.404267728411734	0.690176080229179	0.910998018885623	-6.77558131046956
1:638936-639674	-0.0457632245089323	6.09528667074811	-0.501526523248313	0.621310295075436	0.881732682548399	-6.73035577305354
5:545633-545829	0.0457245333080802	4.37803159291474	0.41101169597351	0.685301765953066	0.909800495051175	-6.77275306223807
4:941692-941929	0.0455187611755274	4.64169768254216	0.338973155897282	0.738055814316141	0.929337572065859	-6.80057745602017
11:430754-431664	0.0454863469771647	6.22953176934502	0.524841844654918	0.605287660299166	0.874436034976064	-6.7181042282947
16:513506-513758	0.0454277755921897	4.37410600739676	0.493655745452684	0.626763614814677	0.882993863767443	-6.73436906032115
4:708411-709303	0.0454260854526307	6.11246530226612	0.496325890924528	0.624911108623006	0.882621349231317	-6.73301450549751
5:35621-36580	0.0453761894293327	6.13552912103772	0.510462856671462	0.615145686831901	0.878249328577459	-6.72572410007412
3:652319-653125	0.045366479387873	6.13333243344075	0.539431156031592	0.595363809000332	0.8701895906685	-6.71016241527983
2:887882-888933	-0.045333618552192	9.31526027051063	-0.429349764085643	0.672119104033523	0.903399579248148	-6.76482997080045
1:1046690-1048314	0.045293605985897	9.09901373634148	0.304914480426794	0.76348598821477	0.938062938031652	-6.81189231904144
15:334729-335142	0.0451974827296615	5.15123247731866	0.499404125488486	0.622778631430209	0.882621349231317	-6.73144407827723
15:275766-276079	0.0451360353018062	5.00452982511517	0.460764744014248	0.64978746270655	0.893794036133292	-6.75046845274278
12:257814-258483	-0.0450590292622159	5.67323453183101	-0.428438160335187	0.672771920210102	0.903399579248148	-6.76523186031586
4:540915-542551	0.0450304902967984	7.02792501883246	0.523424054689922	0.606256292898108	0.875073578526905	-6.71886471874321
3:979438-979798	-0.0449916008378439	5.03317392073379	-0.52077490113784	0.608068184777626	0.875712096224149	-6.72028033469841
10:323325-323778	-0.044904605876261	5.19507280836922	-0.551227894718667	0.587398237758026	0.866006097564204	-6.70358606612834
5:456414-456822	0.0448978938073985	5.26248331458744	0.455896610838326	0.653226659723223	0.895603636609413	-6.75275901132002
10:111640-111944	-0.0448532499109975	5.00257558287017	-0.44894306610846	0.658152881172509	0.899509098054398	-6.75598944778513
1:933550-934475	-0.0448384271184752	6.06876058967468	-0.517395466243195	0.610383309772119	0.876721013553624	-6.72207603424472
15:493416-493782	0.0447502449064423	5.09846421576879	0.433886071479532	0.668874527145161	0.903399579248148	-6.76281762299651
3:115334-116253	0.0447206247253531	5.81410106380241	0.442171874550308	0.662965286577196	0.90143885555884	-6.75908837955118
6:93936-94898	0.0447129876483023	6.06626292862885	0.48258031778543	0.634474498853993	0.885258060121719	-6.73991137775817
13:46640-47200	0.0446740710451472	5.69402819006761	0.428495792580635	0.672730640848893	0.903399579248148	-6.76520647741452
14:113914-114169	-0.0446367705434101	4.8809364341228	-0.417331848228893	0.680746503195186	0.907676124137527	-6.77006078158791
5:656596-657193	-0.0445921936265243	4.69891908629972	-0.324147218523025	0.749089891496569	0.93306639022103	-6.8056485061689
4:885809-887234	-0.0445531773499113	8.62082614261072	-0.383071504488409	0.705585250123666	0.914099394082438	-6.78417046102307
8:145904-146161	0.0445173314243021	4.34660421898244	0.400344651398842	0.693017929916342	0.910998018885623	-6.77720536448001
9:302079-302811	0.0444944200142956	5.95772220422463	0.514832001618368	0.612142241986561	0.877345076891402	-6.72343056336147
16:212236-212589	0.0444744387976845	5.12702203250925	0.498774613608849	0.623214456431625	0.882621349231317	-6.73176600804131
2:876959-877335	0.0443681400780855	5.01366137734041	0.434616575958489	0.668352654764205	0.903399579248148	-6.76249162332875
16:521552-521950	0.0443377697165142	5.28895431419745	0.42990821918813	0.67171931518416	0.903399579248148	-6.7645833559769
1:870649-871008	-0.0443044277453311	4.95563747811852	-0.492255974550123	0.627735766752115	0.882993863767443	-6.7350763084789
5:293307-294870	0.0441926897373648	6.97664226200471	0.521885706382564	0.607308132457534	0.875559132510369	-6.71968761025654
3:488142-488684	-0.0441282554964832	8.78564965020791	-0.324449179907192	0.748864598530168	0.93306639022103	-6.80554746199284
6:131544-131859	-0.0441253770782239	4.5215394905814	-0.434689287633856	0.668300718959936	0.903399579248148	-6.76245914508532
3:457106-457311	-0.0440974799517493	4.22606363287489	-0.389931520124058	0.700583569181817	0.911838341278805	-6.78144050059016
15:126471-130332	-0.0440626974912774	13.1485050291911	-0.383824326305594	0.705035689928955	0.914099394082438	-6.78387320645142
6:363419-364699	0.0440334219692513	8.08297633222629	0.341322328901616	0.736312698477654	0.929337572065859	-6.79975336531756
4:19956-20156	0.04400089793943	4.22452306053895	0.380135362240215	0.707730209388261	0.915549253532328	-6.78532431035762
3:381827-382088	0.0439900008389733	4.34974383394791	0.378256604113273	0.709104020440807	0.915678331288328	-6.78605803493692
4:935814-936081	0.0439821155255462	4.7505255636836	0.442139205298572	0.6629885416666	0.90143885555884	-6.75910321912182
3:947031-947439	0.0439814880580558	5.08148865249634	0.484160871432944	0.633371455139978	0.884686787604176	-6.73912796044466
20:158182-158494	0.0439733878369326	4.66659862631942	0.39005356875613	0.700494708049932	0.911838341278805	-6.78139149876543
1:741532-741953	0.0439295719915904	5.23819795893131	0.434243660501728	0.668619044066258	0.903399579248148	-6.76265811026503
18:34784-35198	0.0438960195309068	5.34809825193388	0.529102377959801	0.602381360022648	0.872858196005624	-6.7158068672661
7:369063-369267	0.0438807924041171	4.29962194138998	0.393103838910965	0.698275301237127	0.911660718421671	-6.7801619261911
1:635131-635653	0.0438577047183024	5.32971496347899	0.453795426970675	0.654713540576169	0.895993802908153	-6.75374029735278
10:290236-290527	-0.0438092075531893	4.92396954835879	-0.397119784502935	0.695357483041587	0.911400931666641	-6.77852870167051
4:868490-869108	-0.0437742175671589	5.55260542516531	-0.468649419082828	0.644234157356489	0.890308755682363	-6.74670801024326
4:348753-349041	0.0437611746359661	4.73790122539793	0.524356391084487	0.605619237807372	0.874436034976064	-6.71836484689089
5:44661-44886	-0.0437375453258237	4.34186725895974	-0.393369005582193	0.698082493844433	0.911660718421671	-6.78005459102318
9:371341-372339	0.0436947680883835	6.36174042685272	0.493316115225314	0.626999426806529	0.882993863767443	-6.73454084204358
2:418991-419313	0.0435845477117587	5.08515514341838	0.372263949753528	0.713492825099856	0.916550183371531	-6.78837443129151
4:142160-142701	0.0435536491569284	5.58961626777325	0.436337026744041	0.667124245192467	0.903399579248148	-6.76172171695535
1:841992-842299	0.0435177264497781	4.46663560374253	0.385303451751278	0.703956409489288	0.914099394082438	-6.78328749278492
16:202445-202739	-0.0434986260097228	5.05991599090927	-0.476227582338483	0.638916754484093	0.888449243256151	-6.74303491179724
3:191851-192510	-0.0434493325613161	8.71468404410255	-0.386534236550722	0.703058824777332	0.913731503978902	-6.78279842629672
3:752466-752832	0.0434098559483536	5.10937317745011	0.437280082920603	0.666451304999143	0.903399579248148	-6.76129843003108
2:614708-615893	0.0433498122667064	8.08553711639	0.392524331141297	0.698696744411641	0.911660718421671	-6.78039625338524
2:945996-946398	-0.0433279054607789	4.86697557490769	-0.430577216687578	0.671240522148906	0.903399579248148	-6.76428751098189
12:1342-2341	0.0433170635416573	6.36889229363402	0.44260729511037	0.66265537267055	0.90143885555884	-6.75889049288221
6:464992-465485	-0.0433104141228711	5.18804351458987	-0.432789032703612	0.669658574440463	0.903399579248148	-6.76330618326008
15:84395-85274	0.0432957360298323	6.12300463166451	0.422132332119754	0.67729487248497	0.906299506500067	-6.76798886756461
1:207324-207556	0.0432254508766805	4.47926372096283	0.313093593032701	0.757352665553605	0.934902341496936	-6.80928322080066
7:519282-519625	0.0431225863684483	5.11638676469931	0.470261086619339	0.643101640255541	0.890308755682363	-6.74593166940532
7:86895-87548	0.0430829158922066	8.01920307661785	0.492034841649842	0.627889408849923	0.882993863767443	-6.73518785869883
16:111447-111758	0.0430629212254923	4.47031690180514	0.419865255699092	0.67892403847395	0.906913017336346	-6.76897025202121
4:747500-748611	0.0430520768102474	6.48545043617026	0.522776378343251	0.606699032368612	0.875430325235948	-6.7192114604327
2:749844-750174	0.0430357620297599	4.72048110792046	0.437046000776141	0.66661831301477	0.903399579248148	-6.76140358053361
10:300703-301410	0.0430270912065289	5.9988643526763	0.475613944904764	0.639346592166853	0.888455556205785	-6.74333448337406
8:616814-617561	0.0429941412231978	6.43344612748353	0.492160861939741	0.627801848422245	0.882993863767443	-6.73512429391714
5:38749-39402	0.0429910841523578	5.70048076393687	0.409867036692574	0.686128103926976	0.909958338719154	-6.77323634654605
5:167868-168487	0.0429828713192828	5.45990148016071	0.468329000534636	0.644459421003319	0.890308755682363	-6.74686204513335
9:195730-196174	-0.0428829623949429	5.10650287451868	-0.403294211802675	0.690880853320309	0.910998018885623	-6.77598577562097
1:1071679-1071993	-0.0427396153617989	5.03509335437479	-0.410324334442157	0.685797928884389	0.909800495051175	-6.77304343080121
9:216932-217220	0.0426425745333407	4.73603362392079	0.480055426296558	0.636238390751465	0.887166055141295	-6.74115767046115
10:187874-188263	0.042626464642427	5.10145384394498	0.427852487139104	0.673191471392024	0.903399579248148	-6.76548961747069
3:10680-10922	0.0426128644381301	4.58214904671424	0.371493817620491	0.714057585380472	0.916550183371531	-6.78866947162705
11:26082-26364	0.0425829717905222	4.86713511857857	0.417468251323201	0.68064832736058	0.907676124137527	-6.7700022308234
10:461109-461381	0.042458919083515	4.09936958127589	0.27227442629456	0.788117342097775	0.942392034259137	-6.82162230211971
18:203563-203892	0.0424101775281027	5.12703184677662	0.396554546929461	0.695767869415754	0.911400931666641	-6.77875956377345
3:25006-25220	-0.042388113436223	4.61407082916992	-0.323482581702951	0.749585857113991	0.93306639022103	-6.80587058297225
1:819428-819645	-0.042334832689602	4.24333776042103	-0.406248697907738	0.688742857356972	0.910998018885623	-6.77475531766755
8:237745-238110	-0.0422256390001854	5.12571863560809	-0.369561873779865	0.715475076000621	0.917086609444095	-6.78940695318511
10:310313-310787	0.0421982899834088	5.3478191108219	0.477237373762064	0.638209704413185	0.888449243256151	-6.74254111957428
14:165816-166575	0.0421552323419903	6.03523794673071	0.460685842682196	0.649843140664336	0.893794036133292	-6.7505057674623
2:380945-381296	0.042151249439212	5.34564361885622	0.393817133210112	0.697756699869051	0.911660718421671	-6.77987303418872
8:601610-602834	0.0421091695787252	6.5785161129223	0.493403764289077	0.626938566405342	0.882993863767443	-6.73449652103636
5:481610-482467	-0.0421003623216141	5.9620044868597	-0.425884780168486	0.674601851954389	0.903534562309997	-6.76635307672727
2:1063830-1064680	0.0420868844957862	8.64985909621938	0.371248529455482	0.714237497676475	0.916550183371531	-6.78876331581783
12:373345-373589	-0.0420686336859912	4.3570693990134	-0.397629028607666	0.694987832358254	0.911400931666641	-6.77832043192942
15:173445-174087	0.0419844914696395	5.77080851220319	0.438446620633623	0.66561929305665	0.903399579248148	-6.76077359347128
15:66092-66440	0.0419447276441289	4.81229696258475	0.431016429386237	0.670926261093321	0.903399579248148	-6.76409303609714
8:270694-270971	0.0418398008102523	4.65013585630616	0.35571497184603	0.725665299061365	0.923536502302722	-6.79458163378268
14:402565-403298	0.0418118999673647	5.71555793489989	0.420690763434224	0.678330625180624	0.906872126137537	-6.76861350299676
13:504811-505851	0.0416661968784862	9.06264230891193	0.378952737382596	0.708594865589725	0.915678331288328	-6.78578658714715
1:72982-73889	-0.0416645255720152	9.33864950923631	-0.372504206601511	0.713316672259149	0.916550183371531	-6.78828226469196
1:743554-743967	0.0416483396234799	5.34295167551209	0.40080198264296	0.692686402325129	0.910998018885623	-6.77701684368425
5:105356-106102	-0.0415156023259042	5.65100630991945	-0.480885286273463	0.635658404537384	0.886633536525189	-6.74074875460931
14:180997-182318	-0.0415107384884994	9.68309904178337	-0.286316543985524	0.777491032761402	0.94019682025344	-6.81757014514503
1:913129-913501	0.0415045870667079	5.01557697392338	0.416300230287061	0.681489196045113	0.908381668105398	-6.77050299247975
8:436722-437138	-0.0414872918674449	5.46825028480735	-0.3774814110429	0.709671164262558	0.915678331288328	-6.7863597318503
3:782866-783145	0.041473013981828	4.721231345133	0.454959451916848	0.653889648209368	0.895603636609413	-6.75319722811693
7:719885-720185	-0.0414089603384067	4.8089467882676	-0.433569855578886	0.669100485096768	0.903399579248148	-6.76295857259142
8:403581-407263	-0.0413769879567099	12.9520022454782	-0.40604847772228	0.688887661397232	0.910998018885623	-6.77483898274647
3:555396-555667	0.0413715071141523	4.67874024479366	0.438661379614955	0.665466168236125	0.903399579248148	-6.76067682177438
4:460226-460639	-0.0412807355350076	5.13650205247747	-0.41480769381932	0.682564304981471	0.909002626925636	-6.77114087494871
10:246514-246929	0.0412567361732226	4.75744609096385	0.442854481126085	0.662479463735263	0.90143885555884	-6.75877806861517
1:46491-46959	0.041165255715109	5.04589750781231	0.378725588630799	0.708760987799228	0.915678331288328	-6.78587521483604
1:270444-270957	0.0411523205291795	5.18701507340435	0.357611612813063	0.724266383060085	0.92201829652359	-6.79388437735544
10:139147-139530	0.0410714794206735	5.06916645638029	0.391691286587591	0.699302745306062	0.911660718421671	-6.78073250300768
1:385785-385985	0.0410547011662423	4.46829657251398	0.406907599415912	0.688266410503696	0.910998018885623	-6.77447969902979
13:411629-412174	-0.0410367554419615	5.23939628434113	-0.426108732265145	0.674441269202451	0.903534562309997	-6.76625500037358
13:29591-29953	-0.0409842663132061	4.72054084984963	-0.427972988857713	0.673105140191899	0.903399579248148	-6.76543661247146
1:749460-749894	-0.0408174141028548	5.33538779838882	-0.396681771759508	0.695675490458244	0.911400931666641	-6.77870762909701
10:245513-245848	-0.0408169575209421	4.81231243443347	-0.46323200818198	0.648047460453489	0.892641428295036	-6.74929845474615
10:560631-561894	0.0408029759140049	8.9278038488629	0.27851973108755	0.783385865466663	0.940819730031871	-6.81984504861392
1:897201-897619	-0.0407669595277129	5.35216425862555	-0.403279985925937	0.690891154217228	0.910998018885623	-6.77599167890511
15:336507-336853	-0.0407420577087798	5.2699367494602	-0.437926521513646	0.665990189815809	0.903399579248148	-6.76100776059299
10:494975-495189	0.0407191379777387	4.19649575110766	0.391607356439581	0.699363811976772	0.911660718421671	-6.78076634150319
8:329069-329663	-0.0407026690910399	8.72175512372816	-0.310134137112044	0.759570021580225	0.935562855419122	-6.81023517212425
4:859552-859958	0.0406907502530185	5.02608512561312	0.431454405298071	0.67061294652307	0.903399579248148	-6.76389891496433
9:357172-357691	0.0406475088152822	5.48900668355227	0.420274820471229	0.678629597545437	0.906913017336346	-6.76879334178139
3:770152-770808	-0.0404932034212617	8.83388736093404	-0.338336407041961	0.738528539731515	0.929337572065859	-6.80079985832113
16:102564-103785	0.0404753944429084	6.53677258144071	0.474646867747273	0.640024269622211	0.888734257563576	-6.74380583377001
14:167244-167706	0.040466237637613	5.38377791445024	0.446377671601311	0.65997437743898	0.900898235259797	-6.75716897131712
7:127482-129827	0.0404411051318565	7.49608256693988	0.488846178694168	0.630106800117757	0.884069661238295	-6.73679093342468
8:515860-516707	0.0404271225939175	6.18698287353139	0.427403687109737	0.673513046459131	0.903399579248148	-6.76568690181
7:101862-102356	0.0403159744338346	5.24724150238161	0.372020918684675	0.713671028653508	0.916550183371531	-6.78846760244655
10:351466-351995	0.0401961613095283	5.36390337387188	0.399291147936295	0.693781873620281	0.911400931666641	-6.77763883277519
13:208290-209139	0.0400955731496584	6.00228487155869	0.428154950915161	0.672974785651487	0.903399579248148	-6.76535654517579
11:477718-478115	-0.0400954266570333	5.08789559339343	-0.454669557862895	0.654094791795391	0.895603636609413	-6.75333260403113
1:75858-76296	0.0400715418950144	5.19168121626916	0.335246299569817	0.740824155485214	0.930514776151639	-6.80187329145206
17:298151-298512	-0.0400379713236134	4.82462286053899	-0.389336457787784	0.70101688501718	0.912137086435145	-6.78167919828919
15:504592-504899	-0.0400048490242257	5.09815300537293	-0.415186359022825	0.68229147795448	0.908909718846504	-6.77097925370533
4:766141-766507	0.0399692102704226	5.07571727023526	0.410313397895573	0.685805824464403	0.909800495051175	-6.77304804696531
9:29615-29840	0.0399683552474972	4.60185851220632	0.39248209364736	0.69872746525114	0.911660718421671	-6.78041331903757
4:184095-184371	-0.0398980177912023	4.46779885798455	-0.286834557375134	0.777099867811296	0.94019682025344	-6.81741679521631
13:407201-407636	0.0398340148069591	4.8299429694674	0.353469169268668	0.727323019985555	0.924139551904843	-6.79540251577559
9:665680-666596	-0.039803104840793	9.17276239882979	-0.29640168470861	0.769886504179701	0.939204376475355	-6.81453517163017
15:101203-101787	-0.0396969687148454	5.69325327041081	-0.43226218234225	0.670035248921569	0.903399579248148	-6.76354038157958
1:28686-28976	-0.0395567912167234	4.58508022060675	-0.279957250922791	0.782298002302799	0.94019682025344	-6.81943030417748
15:123009-123267	0.039509560447665	4.90950581458025	0.396150106131902	0.696061569291842	0.911518895304354	-6.77892455231251
16:435516-435725	-0.0394211832834754	4.57656458856826	-0.344787460109586	0.733744189002902	0.92906336350127	-6.79852752566682
10:96624-96831	-0.0393821529808536	4.0684619925853	-0.347992684984838	0.731371179349178	0.927521451898408	-6.79738273609865
20:33251-34800	-0.0393545447809736	9.66144667670715	-0.32779359098697	0.746370881964715	0.932651051835306	-6.80442210811393
1:380884-381192	-0.0393312339545497	4.88552578400648	-0.401361871855512	0.692280614705956	0.910998018885623	-6.77678575804436
3:262943-263315	-0.0392967700984972	4.92763173789108	-0.315387126687619	0.755635721078923	0.934902341496936	-6.80853931425487
11:148813-149434	0.0392884289644613	7.9918354504072	0.377699889959313	0.709511304039971	0.915678331288328	-6.78627476394253
4:839230-840119	-0.0392814993308654	6.09312101240647	-0.412489146645892	0.684235781105163	0.909800495051175	-6.77212731097018
7:122922-123324	0.0392251018433933	5.20572980602964	0.392219954448006	0.698918140313678	0.911660718421671	-6.78051919340221
7:20356-20662	-0.0391540880942634	5.08157631221621	-0.387230111662137	0.702551534700392	0.913337400324994	-6.78252123212327
15:188468-188854	-0.0391337813297845	5.1575551094997	-0.330443092519572	0.744397337529008	0.931745660732617	-6.80352247611484
12:539297-539881	-0.0391099242578239	5.46487332368827	-0.428913028981828	0.672431824958818	0.903399579248148	-6.76502261446817
16:47291-48705	-0.0390425708195306	9.36349751252253	-0.27469025614704	0.7862860889617	0.941769744110195	-6.82093956345125
13:344215-344675	0.0390171445593355	5.11933480095115	0.428167755109908	0.672965613340334	0.903399579248148	-6.76535090979038
12:184783-185273	-0.0390117633887401	5.63515178602212	-0.401045940977618	0.69250957842033	0.910998018885623	-6.77691619267942
3:160029-161941	-0.0389799338963162	9.57865408307396	-0.343951691950423	0.73436340605619	0.92932163005584	-6.79882431063244
15:214250-214647	0.0389502609985861	4.86428688748532	0.443692500710584	0.661883239342879	0.90143885555884	-6.75839646530251
3:509819-510402	0.0388829568925395	5.13507449415179	0.3475516318501	0.731697552871599	0.927521451898408	-6.79754088537272
10:522790-523245	0.0388064505203936	5.42951073113866	0.397804179024599	0.694860711970611	0.911400931666641	-6.77824873848797
18:192270-193223	0.038790028305967	6.19711576797966	0.471959900746765	0.641908848921364	0.889806134336334	-6.74511052671093
2:851423-852156	-0.0387461999946526	5.63625616788704	-0.374607982251433	0.711774916709118	0.916274156428413	-6.78747271514391
5:417688-418188	0.0387315005398978	5.07458104822828	0.344849380954146	0.733698319509396	0.92906336350127	-6.79850550897376
3:587829-588175	-0.0387160479918371	4.95119190169754	-0.313296717966253	0.757200553701192	0.934902341496936	-6.80921755435845
8:36796-37663	0.0386873799252045	5.97996580552512	0.374245862815539	0.712040206599654	0.916274156428413	-6.7876123819956
4:247759-248020	0.0386472069600874	4.41081460353283	0.300718493387557	0.766638687814376	0.939204376475355	-6.81320425970883
9:402094-402326	0.0386212895680709	4.58245274433485	0.412778298583571	0.684027236121306	0.909800495051175	-6.77200458678327
10:26313-26539	-0.0386146474957325	4.36395441277557	-0.338493023375617	0.738412257156536	0.929337572065859	-6.80074519404204
5:825860-826229	-0.0386126152509334	5.10005784749189	-0.404849945759171	0.689754724340517	0.910998018885623	-6.77533895911113
14:418717-419215	-0.038594371782974	5.3989421727398	-0.426255032389996	0.674336374668841	0.903534562309997	-6.76619090314696
1:979443-979908	0.0385286085340724	5.3449996765243	0.38903317161147	0.701237773860857	0.91215933618169	-6.78180071746858
5:476802-478127	0.0384942558970778	8.76109722269287	0.291882532395722	0.77329120735444	0.94019682025344	-6.81590802582498
10:232407-233414	0.0384654906781048	6.25724379762578	0.401827140774495	0.691943476641841	0.910998018885623	-6.7765934839017
3:802856-803152	0.0384530393183198	4.65260419462867	0.382864396624487	0.705736467893122	0.914099394082438	-6.78425213745551
9:383744-383987	-0.0384526696822727	4.78777629514478	-0.368359297114812	0.716357953875415	0.917955396950002	-6.78986409723727
3:79139-79995	0.0383503095016211	5.9077650503949	0.453701416749666	0.654780100382612	0.895993802908153	-6.7537840977851
6:88592-88776	0.0383081410234114	4.02938942597736	0.305873998293818	0.762765633428278	0.937950267918949	-6.81158978007226
12:458074-458485	-0.0382698554607472	5.33121728351739	-0.404328095955344	0.690132386902822	0.910998018885623	-6.77555619807736
15:409277-409652	0.0381896374249608	5.21959736050794	0.375069976459104	0.711436512638884	0.916274156428413	-6.78729433389855
19:44232-44445	0.0381725016055707	4.65179886452123	0.400489273650868	0.692913083830521	0.910998018885623	-6.77714577129366
1:11126-11452	-0.0380608656033372	4.91609082918641	-0.374055032446312	0.712180024623425	0.916274156428413	-6.78768593028469
2:65355-65576	-0.0380295539120219	4.62599650497645	-0.294323304495575	0.771451756816875	0.939800461030208	-6.81516915143266
12:372474-373016	0.0380163649465892	5.5176084425569	0.456874724498907	0.652535011527717	0.895603636609413	-6.75230070173064
18:144079-145153	0.0379884484405517	6.37298585032439	0.402195378115271	0.691676695014531	0.910998018885623	-6.77644115298677
2:126936-127231	0.0378513896355335	5.01819535832704	0.346193874296647	0.732702602764479	0.928269699964282	-6.79802649479179
19:103029-103700	0.0378210614171195	5.85667599125291	0.38326753570063	0.705442131367647	0.914099394082438	-6.78409311274365
2:295101-295540	-0.0377776784049324	5.13962230883746	-0.341291189210653	0.736335795012229	0.929337572065859	-6.79976432593259
9:393625-393838	0.0377690442061533	4.6949963493087	0.353440745037342	0.727344009908909	0.924139551904843	-6.79541287244216
5:347929-348838	0.0377629508259956	6.86521542540073	0.377668235401649	0.709534464713114	0.915678331288328	-6.7862870776144
15:151328-152224	-0.0377546980212156	9.7657753786042	-0.311840370396889	0.758291375154081	0.934902341496936	-6.80968743095387
3:583227-583937	0.0377385664387839	5.83344490421554	0.359219207665151	0.723081434112978	0.921910208987312	-6.79329051502887
8:603122-604109	-0.0377252069229863	6.2243801910365	-0.413110476041093	0.683787691798307	0.909800495051175	-6.7718634969729
5:364909-365859	0.0377057302732435	6.42564380831744	0.446950151527985	0.659567713724676	0.900617781156696	-6.7569063295796
12:276068-277105	0.0376740739694661	6.48008774924865	0.463032770579925	0.648187893445726	0.892641428295036	-6.74939316203715
14:35944-36897	0.0376077208786914	6.53365786925767	0.397063820543581	0.695398110969069	0.911400931666641	-6.77855157368258
9:346414-347099	-0.0375808711159094	5.62998668079301	-0.408760553967553	0.686927265311433	0.91065290412331	-6.77370225216435
4:918585-918925	0.0375668489205321	5.0477248554106	0.384113396796352	0.704824712272033	0.914099394082438	-6.78375891301607
12:43739-44479	-0.0375386900339283	5.82734456739204	-0.390788575110445	0.699959657976743	0.911838341278805	-6.78109607848357
9:360988-361607	0.0375275645784026	5.522341392854	0.38448448543095	0.704553909545767	0.914099394082438	-6.78361206671759
3:280174-280610	-0.0375263506997134	5.52718281223042	-0.39735043994618	0.695190044966365	0.911400931666641	-6.77843440118025
15:194576-194940	0.0375180133091426	5.03512716948027	0.353394803528888	0.727377935960849	0.924139551904843	-6.79542960997271
2:519157-520020	-0.0374960549001226	9.61466671176369	-0.296638072738975	0.76970854118909	0.939204376475355	-6.81446278474664
4:318618-318971	-0.0374678278908824	5.18201337250908	-0.325674980551925	0.747950267016096	0.93306639022103	-6.80513632080196
12:53899-54312	-0.0374518758530966	5.26026692097851	-0.411715943449387	0.684793565292021	0.909800495051175	-6.77245506460671
8:576839-577253	0.0373757774985846	5.15845699167887	0.392838881073382	0.698467977674956	0.911660718421671	-6.78026910562014
12:309135-309542	-0.037363531036628	5.00803744502625	-0.361560980453032	0.721356602947966	0.920960930146771	-6.79242073373293
17:337888-338268	0.0373530022498656	5.06662115074509	0.337436851529025	0.739196555028815	0.929655459485522	-6.80111334844419
18:222486-223811	-0.0373045143691186	8.79056394095187	-0.296457542921433	0.769844450559855	0.939204376475355	-6.81451807185728
10:226958-227269	0.0372787198100735	4.69488524840044	0.378327962670723	0.709051822060592	0.915678331288328	-6.7860302322675
9:641867-642147	0.0371964662346462	4.76900773198751	0.347906796140628	0.731434731873095	0.927521451898408	-6.79741354896795
1:83662-84527	0.0370221085792339	6.08766839262496	0.425168920716142	0.675115259003041	0.903923391952621	-6.7666662365634
2:308966-309267	-0.0369585743090131	5.2676570078172	-0.348188064035088	0.731226618103536	0.927521451898408	-6.79731261530809
2:652068-652328	0.0369338720540142	4.83508736041972	0.332318837957412	0.743001232045743	0.931300340139105	-6.80288123925819
3:67207-68042	0.0369180029622127	6.11750690530633	0.397071618883525	0.69539244958367	0.911400931666641	-6.77854838675521
4:324937-325172	0.0368978340908566	4.45900380745235	0.327472720531397	0.746610011652102	0.93268948148334	-6.80453057243259
6:411090-411246	-0.0368972273173158	4.01981411082454	-0.293160127968821	0.772328195621463	0.940152571009428	-6.81552203105522
12:216349-217552	-0.0368901116044018	8.21699673817242	-0.427483692423478	0.673455716199264	0.903399579248148	-6.76565174782347
5:640577-641416	-0.036827150773739	6.08752351128622	-0.367758163940865	0.716799431720843	0.918234491647633	-6.79009205910288
5:468409-468618	-0.0368163361099967	4.34240497975365	-0.383039570513541	0.705608565587011	0.914099394082438	-6.78418305755659
7:217545-218962	0.0367855908286776	7.29627389115655	0.422362327578083	0.677129683585185	0.906299506500067	-6.76788901570661
19:120914-121141	-0.0366860020460651	4.60637340867629	-0.341037564661768	0.736523919707867	0.929337572065859	-6.79985356042505
1:716068-716506	0.0366764730077023	5.1411253422912	0.418414649777069	0.679967319247407	0.907594747876068	-6.76959547313412
2:122397-122713	-0.0366535830344139	4.98955557720693	-0.3003446074233	0.76691981342018	0.939204376475355	-6.81332028671092
7:329430-329681	-0.0366490677787539	4.32655071257544	-0.331346759544786	0.743724630892435	0.93168526388876	-6.80321399939849
3:393209-394002	0.0366134455160729	5.8222149721782	0.369566992249564	0.715471319122075	0.917086609444095	-6.78940500432255
16:36444-37266	-0.0365789991499934	6.32552625274847	-0.435301281635657	0.667863657309312	0.903399579248148	-6.76218557336408
9:317094-317550	-0.0365721587465089	5.25822849277541	-0.44585816574734	0.660343504193396	0.90105627544082	-6.75740702395679
11:2648-3724	0.0365229170753123	6.19731042182691	0.408578589428314	0.687058725921452	0.91065290412331	-6.77377875316602
3:278140-278840	0.036516478523442	5.80258636429904	0.342257024562487	0.735619547157397	0.929337572065859	-6.79942390893885
4:296540-297328	0.0363959400525857	5.77068598931204	0.306066775733031	0.762620933015786	0.937950267918949	-6.81152888311937
4:61300-61502	-0.0363524861104203	4.44884610289263	-0.297249836741348	0.769248039666252	0.939204376475355	-6.81427518439152
6:357661-358089	-0.0362873033368594	5.20842962106985	-0.358284541181938	0.723770284857527	0.921910208987312	-6.79363611066416
1:263393-264441	0.0362209362088128	6.43450112962268	0.363716518696153	0.719770286774276	0.92015258162331	-6.79161519202514
15:430586-430788	-0.0362061450707518	4.70642605808067	-0.291287823209362	0.773739608620884	0.94019682025344	-6.81608713266296
9:292497-293464	0.0361643670744725	6.11984043128408	0.442743651355863	0.662558332823483	0.90143885555884	-6.75882848343294
13:202114-202367	-0.0361081419948315	4.61254205208944	-0.358203430478213	0.723830074924614	0.921910208987312	-6.79366605965436
16:247697-248198	0.0360824576194485	5.44140456326167	0.362024254397345	0.721015558770655	0.920960930146771	-6.79224800338414
3:631003-631213	0.0360514502968776	4.53992993049304	0.26850825172841	0.79097469390482	0.942392034259137	-6.82267471871989
9:423809-424824	0.0359952466252471	6.32617009834212	0.350503213545218	0.729514417317128	0.926065380576138	-6.79647875631595
7:172574-173455	0.0359393288118985	6.09533312629126	0.380163629458628	0.707709547235759	0.915549253532328	-6.78531324359284
15:320651-321026	-0.0359376260649524	4.99870857010978	-0.295743191772042	0.770382314359321	0.939204376475355	-6.81473651405774
10:492146-492823	-0.0358966070042754	5.87242834903592	-0.401642968788757	0.692076921490743	0.910998018885623	-6.77666961989108
5:541418-542212	0.0358665719239015	6.24831144337462	0.377501601178042	0.709656390638824	0.915678331288328	-6.78635188180521
11:273848-274790	-0.0357381205796212	9.05491927809946	-0.289329549195871	0.775216688577295	0.94019682025344	-6.81667433975126
4:243342-244030	-0.0356135993631748	5.88025557948775	-0.421605498457983	0.67767332135703	0.906534903285734	-6.768217389429
16:87369-87651	0.0355526680024267	4.66154491489726	0.371774322539269	0.713851863466567	0.916550183371531	-6.78856207899576
8:272248-272473	-0.0355508455072187	4.53034962021271	-0.321336475974766	0.751188083742637	0.93306639022103	-6.8065845861752
14:370567-371384	0.0355433811601635	5.94090777490841	0.401217803494927	0.692385021226909	0.910998018885623	-6.77684525038014
1:1056924-1058821	0.0355012753340471	7.29362280035274	0.4068172939321	0.68833170188535	0.910998018885623	-6.77451749982158
5:233043-233936	0.0354495866627058	6.22349727831081	0.340182874511117	0.737158006557281	0.929337572065859	-6.80015378909134
14:69719-70682	-0.0354461777186543	6.16180017968939	-0.359053329990254	0.723203668663223	0.921910208987312	-6.79335191367223
20:48154-49243	0.035403597865642	7.63973676625431	0.332436520635687	0.742913671771634	0.931300340139105	-6.8028408888967
2:699543-699770	-0.0352966582650831	4.37172881765187	-0.334730298855129	0.74120773052376	0.930514776151639	-6.80205158930008
6:557572-558443	0.0352516841205173	6.39134111212916	0.418247253787956	0.680087753435284	0.907594747876068	-6.76966748506929
1:537466-538002	-0.0351840847730767	5.78984918646024	-0.402207517154402	0.691667901188836	0.910998018885623	-6.77643612902044
1:302531-302898	-0.0351477904325961	4.83422306955217	-0.364041192816044	0.719531462787063	0.92015258162331	-6.79149344914912
9:439817-440978	-0.0351404450329156	9.0751682457537	-0.300488060583114	0.766811946803167	0.939204376475355	-6.81327578620323
13:458918-459265	0.0351261554919606	4.83037557120118	0.288545156810898	0.775808582777788	0.94019682025344	-6.81690844530002
11:518658-519111	0.0350673843254183	5.20934048623664	0.329520392489978	0.745084428890394	0.932344954910094	-6.80383658995069
3:13751-14004	0.0350661609894409	4.62269625896914	0.325478983862867	0.748096436501533	0.93306639022103	-6.80520216237187
6:167886-169365	0.0350631326554751	8.68854700373224	0.282420275362492	0.780435138179382	0.94019682025344	-6.81871476250183
7:44198-44554	0.0350391738262887	5.27271422010808	0.323307158574491	0.749716780012488	0.93306639022103	-6.80592912229688
8:43777-44684	0.0350348106169545	6.41294994379481	0.415789747430872	0.681856830762707	0.908601123695707	-6.77072141687314
2:931087-932422	-0.0349880896215939	9.37274092022529	-0.269921916584351	0.789901807009021	0.942392034259137	-6.82228139164649
8:560450-560873	0.0348962645399826	5.30280256230419	0.335439023403596	0.740680909758216	0.930514776151639	-6.80180662837323
17:26045-27553	-0.0348918327499135	9.37757642744726	-0.32529415320017	0.748234287552104	0.93306639022103	-6.80526421697693
5:516836-517199	0.0348370854254068	5.05057849292522	0.363509236391261	0.719922774987675	0.92015258162331	-6.79169286047566
5:230569-231502	0.0348116070452749	5.99643747990711	0.382787574959043	0.705792561650783	0.914099394082438	-6.78428242228722
2:1063067-1063342	0.0347703153092729	4.855771157601	0.359540207424571	0.722844912316099	0.921910208987312	-6.79317161933429
6:460609-460902	-0.0347519201855055	4.71404016521111	-0.402575133974722	0.691401611468147	0.910998018885623	-6.77628391328954
3:576864-578044	0.0347390662417251	6.70924161792216	0.398156329103709	0.694605156946649	0.911400931666641	-6.77810450057989
4:579681-579889	0.0347385991629707	4.5786236455962	0.333155310955681	0.742378942720227	0.931300340139105	-6.80259412742497
11:553386-554145	0.0347282245918699	5.77188898402112	0.344236761695318	0.734152178226445	0.929317067234606	-6.79872316111234
14:497406-497905	0.0344879049213516	5.45304678190445	0.390436917812195	0.700215628020271	0.911838341278805	-6.78123748806969
3:235474-236165	0.034414215667554	5.88104433984291	0.39184607052818	0.699190131659555	0.911660718421671	-6.78067007933543
5:519100-519725	0.0343748720349009	5.73006059054257	0.317883414631617	0.753768466817018	0.934589378801377	-6.80772353385079
10:385182-386185	-0.0343546738548017	6.50630845491014	-0.394504583545627	0.69725703181909	0.911660718421671	-6.77959412115149
9:314973-316020	0.0343360927041259	6.3601408361	0.404486158864415	0.690017988061997	0.910998018885623	-6.77549042775216
17:212702-213555	0.0343013377107937	6.28182114982396	0.398875293438558	0.694083520897553	0.911400931666641	-6.77780962826844
11:131893-132487	0.0342820488258777	5.69085916897341	0.406644567719799	0.688456590874843	0.910998018885623	-6.77458977794619
13:13518-14301	-0.0342773299093118	5.9110352714933	-0.380728661344223	0.707296581112046	0.915517494811313	-6.78509186044351
6:66991-67770	0.0342197962461803	5.95410734338567	0.35800614416875	0.723975510408937	0.921910208987312	-6.79373887690716
3:825143-826131	-0.0341957217244415	6.37297202148854	-0.392367848426644	0.698810562540328	0.911660718421671	-6.78045946965424
2:1027517-1028268	0.0341595835975657	5.97359759074434	0.393915811233502	0.697684967838809	0.911660718421671	-6.77983302789231
1:326461-326740	0.0340534508064616	4.72005726410993	0.284122268649978	0.779148656051968	0.94019682025344	-6.81821667719868
15:456926-457777	-0.0339957817679801	6.22962429481937	-0.391518163282321	0.699428710245759	0.911660718421671	-6.78080229408045
17:350144-350468	-0.0339389216325809	4.99941082086412	-0.354840759572989	0.726310428184558	0.923936316031417	-6.79490178481773
17:361444-361960	0.0339336699436723	5.25837438849644	0.358269107533079	0.72378166150138	0.921910208987312	-6.79364180983847
2:374532-374719	-0.0339217291836382	4.25845696580438	-0.295915151690431	0.770252827946571	0.939204376475355	-6.81468397800002
16:325035-326144	0.0338121864850276	8.81492812819936	0.296709922593817	0.769654452135415	0.939204376475355	-6.81444077150375
20:162499-162844	0.033750860499139	4.89757929693613	0.328074348019126	0.74616166844626	0.932651051835306	-6.80432711717265
15:247442-247705	-0.0336792297746875	4.61074233950156	-0.25998266245333	0.797454054695101	0.945087163531481	-6.82500332341467
10:75123-75703	-0.0336672893446099	5.59984176264008	-0.325084914399866	0.748390353198772	0.93306639022103	-6.80533442421164
15:365051-366115	-0.0335823232779697	6.37614407164054	-0.373675895504468	0.712457842364909	0.916368190352107	-6.78783194437638
8:163668-164546	-0.0335728987648567	6.02103016642933	-0.392992444294299	0.698356304479633	0.911660718421671	-6.78020699566046
2:318328-318589	-0.0334761006855002	5.01344072863576	-0.284318111347754	0.77900066644369	0.94019682025344	-6.81815917370104
1:653064-653392	0.0334092614726318	4.80921846070489	0.358207643896847	0.72382696899424	0.921910208987312	-6.79366450407348
14:286203-287195	0.0333612216012771	6.19093989590309	0.374719294517313	0.711693376505418	0.916274156428413	-6.78742975603517
16:413255-413547	-0.0333387048511637	4.68855254247556	-0.282360699983886	0.780480181019754	0.94019682025344	-6.81873214334343
18:127523-128831	0.0332119148038874	9.73233140205796	0.282749121798574	0.780186523246443	0.94019682025344	-6.81861875760562
2:17753-18865	-0.0331706052268821	9.67244289645796	-0.269168449012952	0.790473590644123	0.942392034259137	-6.82249128581182
10:218206-218888	0.0331285959809176	5.82250927615108	0.340341965362142	0.737039963927322	0.929337572065859	-6.80009796135879
18:310612-311499	0.033128402274146	5.95774329802408	0.315311932297395	0.755691991275776	0.934902341496936	-6.80856378877403
2:676771-677054	0.0331061986256058	4.94945350355528	0.341825363730129	0.735939629373569	0.929337572065859	-6.79957616906134
18:281359-283163	-0.0330908876149998	8.81557137187666	-0.341041141101537	0.736521266784232	0.929337572065859	-6.79985230255722
4:666453-667270	-0.0330884527465676	5.81340662180936	-0.338733778296478	0.738233516930462	0.929337572065859	-6.80066111382957
11:252392-252769	0.0330520877063876	4.96588625591706	0.300253949841152	0.766987984003696	0.939204376475355	-6.81334839867671
1:488948-489414	0.0330366255880774	5.13977116322565	0.363693239682578	0.71978741149445	0.92015258162331	-6.79162391682438
13:255407-255919	-0.0330148122934091	5.69671859125231	-0.332375920561977	0.742958760026315	0.931300340139105	-6.80286166886728
5:534221-534865	-0.0329717410887058	5.88650439023385	-0.354729847284593	0.72639229135714	0.923936316031417	-6.79494234711542
11:550767-551134	0.032946238330676	4.78541815543471	0.33070057104891	0.744205644327826	0.931745660732617	-6.80343466788177
4:388102-388624	0.0329402840055035	5.53809843017337	0.3644030791617	0.719265300862871	0.92015258162331	-6.79135762646328
18:175150-175467	0.0328865133037244	4.80199235793651	0.316215325554156	0.755016047445008	0.934902341496936	-6.80826936698348
8:623457-623710	0.0328657367762721	4.57690274100321	0.351713894083868	0.728619617685663	0.925454429273844	-6.79604052529225
7:727595-727879	-0.0328306533252007	4.85745726144367	-0.385270565900557	0.703980398512957	0.914099394082438	-6.78330053927069
17:166747-167174	0.0328266318997521	5.384753390711	0.36616721448766	0.717968330187759	0.919229475377691	-6.79069360628155
15:356099-356784	0.0328092311811945	5.89810103582359	0.34170680439822	0.736027551308379	0.929337572065859	-6.79961795535037
10:439127-439400	0.0327602103884983	4.58166344624824	0.308740019498275	0.76061529387828	0.936334998734648	-6.81068050681511
9:243950-244395	-0.0326361180305987	5.11587266694512	-0.323032149623038	0.749922042021361	0.93306639022103	-6.80602083050661
2:871347-872538	-0.0325559170522922	9.29818631472166	-0.269047339511101	0.790565508275172	0.942392034259137	-6.82252496905332
7:229411-229936	0.0324950721401676	5.37436655625537	0.291784853870809	0.773364849834801	0.94019682025344	-6.8159374682467
11:5536-5806	0.032483822003381	4.79209522953341	0.316094747675816	0.75510625551156	0.934902341496936	-6.80830871234226
17:112210-113175	-0.0324558027185287	6.53239448018495	-0.374340316187726	0.711971006137527	0.916274156428413	-6.78757596485564
6:383486-384280	-0.0324399503168706	5.91959098429854	-0.351168722111206	0.729022498760256	0.925703462255576	-6.79623804641095
11:105464-105960	0.0324374673785721	5.14604820413429	0.311980143211831	0.758186661205837	0.934902341496936	-6.80964242866604
8:119246-119757	0.0324259925888368	5.51358358721561	0.32172621675169	0.75089702754141	0.93306639022103	-6.80645527015242
7:542106-542478	-0.0323850243184625	5.21918205331461	-0.316561862148508	0.754756812606987	0.934902341496936	-6.80815620708231
11:321914-322254	0.0323472534181546	5.0060188049993	0.321161625430725	0.751318673497446	0.93306639022103	-6.80664255117742
6:96300-96578	0.0323469872740612	4.60555123086185	0.315326638863139	0.755680985806056	0.934902341496936	-6.80855900248693
1:611437-612136	0.0323418167981258	6.00707185755427	0.324992667156059	0.748459161477939	0.93306639022103	-6.8053653623199
14:395830-397542	0.0322732554679916	9.21232254748257	0.240126538691963	0.812601970743324	0.951888781278829	-6.83013720978027
18:196053-196450	0.0321789830076673	5.10677584742951	0.281674078886097	0.780999368071251	0.94019682025344	-6.81893219926935
5:415040-416021	0.0321040882790262	6.16545938976771	0.342979110827425	0.735084220874779	0.929337572065859	-6.79916878212576
10:501053-501498	0.0320830453604994	5.20767530590725	0.374118142046481	0.712133784189221	0.916274156428413	-6.78766161119074
3:624661-624860	0.0320674385079345	4.19075162273616	0.311739949214064	0.758366610882417	0.934902341496936	-6.8097197509685
1:213494-213767	-0.0320263621191055	4.8348443979601	-0.288442230173066	0.775886260521769	0.94019682025344	-6.81693911744805
2:87313-87648	0.0320045340078607	5.26725741570735	0.30312337782746	0.764831240598592	0.938893230233922	-6.81245453898492
4:276318-276764	0.0319738811620205	5.39788244903482	0.372526030066254	0.713300672424177	0.916550183371531	-6.78827388993471
10:133896-134859	-0.0319521298290804	6.39181117729847	-0.374399767120236	0.711927451222569	0.916274156428413	-6.78755303849606
13:495691-496034	0.031922142010492	4.90920879453951	0.221808049882681	0.826644118036016	0.954033676975188	-6.83451396424769
11:157623-158973	-0.0319197649538427	9.57134237666398	-0.276105271994155	0.785214063950185	0.941689230750061	-6.82053688507112
13:326699-326954	0.0318874567405913	4.59291130477457	0.300225849758517	0.767009114444633	0.939204376475355	-6.81335711050995
10:474793-475674	0.0318665204199648	5.97735011533784	0.379078942132069	0.708502573863277	0.915678331288328	-6.78573732260721
14:340576-340857	0.0318118036007062	4.77164515143265	0.298442797511147	0.768350297502827	0.939204376475355	-6.8139082551958
7:330879-331485	0.031733672052737	5.41097057511857	0.283867787657053	0.77934096885714	0.94019682025344	-6.81829133939343
18:121988-124109	0.0317115864285356	9.9156262353175	0.266019346358312	0.792864656877038	0.942843306105638	-6.82336222819259
7:383348-383611	-0.0316860141574811	4.7863707716609	-0.327983962078005	0.746229019724768	0.932651051835306	-6.80435770700879
4:537927-538787	-0.0316797038532943	6.21584528519545	-0.338574591256403	0.738351698181906	0.929337572065859	-6.80071671424751
15:405472-406488	-0.0316467095180979	6.50235273377168	-0.38994950191152	0.700570476730823	0.911838341278805	-6.78143328195478
2:58138-58417	-0.0315989958625282	5.0429970130445	-0.312594085879289	0.757726768703211	0.934902341496936	-6.80944452259218
1:121973-122280	-0.0315498847635443	4.84164191010937	-0.320949024758439	0.751477467808845	0.93306639022103	-6.80671298871441
2:668477-668666	-0.0315285730076234	4.21998780033664	-0.251854220449541	0.803645586335975	0.94910755789969	-6.8271539480852
5:797839-798083	-0.0314845493636398	4.53698785313782	-0.313412185129072	0.75711408962644	0.934902341496936	-6.80918020720854
11:100484-100855	-0.031440852517254	5.18964023662414	-0.296029034438823	0.770167077629671	0.939204376475355	-6.81464916862996
13:198797-199114	-0.0313594704526814	4.65100460709356	-0.28070801561288	0.781730032266916	0.94019682025344	-6.81921285590313
7:439045-439901	0.0313379008910291	6.07295836791061	0.362636176396142	0.720565177047971	0.920710742925127	-6.79201951535008
3:826811-827103	0.0312655355812774	4.80403396082521	0.239025987902818	0.813443831186667	0.951888781278829	-6.830409907643
11:459672-459945	-0.0312205360331568	4.78079480032723	-0.312671869852095	0.757668508812813	0.934902341496936	-6.80941942121357
18:284591-284804	0.0312198301183608	4.4268891050541	0.334260646659599	0.741556911925586	0.93053230663833	-6.80221363583336
4:34457-34722	-0.0310918136174294	4.7648738623927	-0.342518527761469	0.735425663051648	0.929337572065859	-6.79933157627704
14:25837-26037	-0.0310194164254254	4.16474516406319	-0.275290882727137	0.785830997142664	0.941769744110195	-6.82076889088952
10:73804-73925	-0.030953384488555	3.85660977235635	-0.220618217734739	0.827558309612611	0.954033676975188	-6.83478629961413
9:631965-633347	-0.0308437403733723	9.20489434953968	-0.282815707857341	0.780136185701396	0.94019682025344	-6.81859930467935
9:691138-691934	-0.030837186483466	5.97576147302768	-0.339531752462957	0.737641197122643	0.929337572065859	-6.80038201011419
11:136994-137868	0.0308271403507554	9.24976744098846	0.281057632233508	0.781465582230235	0.94019682025344	-6.81911139722943
13:387060-388542	-0.0307733365011504	9.21974041771191	-0.2692624081803	0.790402281268915	0.942392034259137	-6.82246514331276
13:275267-275678	-0.0307580616776377	5.44563901399224	-0.329184243873862	0.745334797157112	0.932397583028294	-6.80395080871587
1:490503-490831	0.030710779291371	5.08085593631092	0.280517306320922	0.781874296217719	0.94019682025344	-6.81926814687951
8:643297-643765	0.0307088756647369	5.26938031536801	0.254092251940667	0.801939510969342	0.948393862937864	-6.82656858057588
10:273100-273385	0.0306795680179954	4.65220228010994	0.279502327797577	0.782642222369053	0.94019682025344	-6.81956178498458
8:681338-682143	0.0306469888514984	6.1133807321967	0.353850642701362	0.727041341535244	0.924139551904843	-6.7952634423196
16:173976-174337	0.0306293048180404	5.1232081654779	0.287224181228942	0.776805693018042	0.94019682025344	-6.81730127185539
8:353897-354298	-0.0306033559177346	5.02261168326474	-0.338889095476806	0.738118215086137	0.929337572065859	-6.80060684015738
4:857786-858671	-0.0305535938088974	6.21920334564799	-0.323902185477667	0.749272727217716	0.93306639022103	-6.80573043219204
9:88826-89096	0.0304836455542308	4.67573981725671	0.347645185630417	0.731628319943958	0.927521451898408	-6.79750735617541
14:37778-39297	-0.0304744090984848	9.81658490068398	-0.253480676906256	0.802405620854712	0.948393862937864	-6.82672905186089
5:238649-239551	0.0304686470218796	6.28987468222806	0.340199243065247	0.737145861068844	0.929337572065859	-6.80014804627352
17:331888-332097	0.0304116810113886	4.2400523559025	0.272875456678518	0.787661629574124	0.942162868512501	-6.82145300414717
1:774767-775635	0.030390423237562	5.95718654378771	0.311685841253165	0.758407149681719	0.934902341496936	-6.80973716104857
7:764566-765008	0.030368926991077	5.20780257592911	0.25866730842332	0.798455059684033	0.945722372888523	-6.82535594254027
5:616368-616572	0.0303271265676113	4.28377228249503	0.274554970480763	0.7863886050784	0.941769744110195	-6.82097795483174
9:38553-38984	0.0303024916353714	5.0846512220915	0.321256007540062	0.751248181851091	0.93306639022103	-6.80661126628257
8:470024-470477	0.0302993418830058	5.26740074108967	0.320921749218233	0.75149784109625	0.93306639022103	-6.80672202213534
14:174139-175801	-0.0302921031459285	9.80871881127911	-0.291291165757602	0.773737088165867	0.94019682025344	-6.81608612700977
14:330563-331258	0.0302698804133037	5.92959933262765	0.336381253691481	0.739980717923562	0.930178669174183	-6.80148016591898
5:16185-16549	0.0302144460166298	4.90054026135638	0.286755448195808	0.77715960121989	0.94019682025344	-6.81744023206687
15:276415-276650	-0.0301621343013627	4.72663688156138	-0.264974370885452	0.793658554831089	0.943536704229471	-6.82364898625453
9:570461-571330	-0.0300352641742458	6.05480878556245	-0.317969252986214	0.75370428608718	0.934589378801377	-6.80769536884333
3:492151-492466	-0.0300073746273526	4.78103896765032	-0.30442992105693	0.763849853166263	0.938252454108725	-6.8120447441721
15:287586-288439	-0.0299869178862551	6.05191841344729	-0.337621496793948	0.739059419087797	0.929655459485522	-6.8010490679079
13:38752-39145	0.0298750696430767	5.31967507038007	0.370638856525298	0.71468475033035	0.916754145484259	-6.78899630417501
2:643234-643625	0.0298640847290947	5.04642185405476	0.288112687208912	0.776134979623279	0.94019682025344	-6.81703724827358
1:191937-192365	0.0297671351699051	5.40369936959382	0.32135173452811	0.751176688025989	0.93306639022103	-6.80657952630448
2:569693-570048	0.0297425331106451	5.06576345413354	0.328601910930099	0.74576859538687	0.932651051835306	-6.80414840460182
2:248202-248505	-0.0297379636118951	4.61686422918872	-0.271161223840359	0.788961598787368	0.942392034259137	-6.82193488959551
4:826291-826802	0.0297358513505444	5.34664878063491	0.250675397098153	0.804544620798508	0.94927338420741	-6.82746020544472
8:72273-73180	0.0297175878218612	5.82348134140819	0.244164982584486	0.80951478484133	0.950067732715725	-6.82912588083371
3:69415-69687	0.0297128237900575	4.66520743687523	0.21505980375875	0.831832347511422	0.955349438578739	-6.83603922518715
1:58550-59080	-0.0296979225487251	5.48847633107327	-0.330700611289661	0.744205614369848	0.931745660732617	-6.80343465415313
5:366702-367139	-0.0296708421403862	5.42393000276162	-0.249620464908469	0.805349404684214	0.949301046133989	-6.82773306519492
16:145861-146693	0.0296476748840702	6.31634813282569	0.316969505762346	0.754451903210109	0.934902341496936	-6.80802293586874
2:659973-660336	0.02962941859822	5.21070867113257	0.305035686985116	0.763394980648438	0.938062938031652	-6.81185415421261
10:249025-249226	-0.0296066982271803	4.48943689941535	-0.299923633263006	0.767236384177373	0.939204376475355	-6.81345075522143
16:510439-510853	-0.0296010480869686	4.79574841964531	-0.286268477382901	0.777527332136536	0.94019682025344	-6.81758436058511
2:485474-485682	-0.0295898830820214	4.64158254127273	-0.283779351491264	0.77940780399337	0.94019682025344	-6.81831727014421
3:54541-55600	0.0295898436276039	6.36117252136814	0.281440571370841	0.781175958183744	0.94019682025344	-6.8190001245716
12:455382-455747	0.0295078482415168	4.92986666894142	0.33631734310782	0.740028203960962	0.930178669174183	-6.80150233818779
11:450056-450295	0.0294594777523596	4.57919681219091	0.310533218039075	0.759270888046963	0.935562855419122	-6.81010732443535
5:136273-137599	0.0293814803919332	9.37719063467651	0.286851218449484	0.777087287621536	0.94019682025344	-6.81741185839625
8:198585-199483	0.0293481113257856	6.08662501057584	0.346246708790014	0.732663483981707	0.928269699964282	-6.79800763337428
3:831954-832462	0.0293320281207334	5.31732612300632	0.293822623095064	0.771828975591386	0.939800461030208	-6.81532121590517
1:586591-586976	-0.0293245805139604	5.16022136531861	-0.263071690809906	0.795104665035536	0.944002249522297	-6.82416823358385
14:420321-420686	-0.029265254106269	5.24895140474891	-0.309434874337623	0.760094251381958	0.93595099564942	-6.81045879195451
1:876714-876969	0.0292511115053946	4.73562441979582	0.237606779654991	0.814529788680754	0.952090633136034	-6.83075972443757
8:389766-390122	0.0292371298184353	4.89327459239602	0.319854290493273	0.75229531843141	0.933538631909895	-6.80707495822285
7:133786-134723	-0.0291956722783588	8.82922222703945	-0.270248769729871	0.789653805854513	0.942392034259137	-6.82219015869319
8:187882-188431	0.0291387051268543	5.83006224796642	0.312464230407155	0.757824033236003	0.934902341496936	-6.80948641398867
7:720781-721134	0.0290149149087666	4.81069108438356	0.221854326657029	0.826608566986465	0.954033676975188	-6.8345033427119
12:228539-229017	0.0289179916552857	5.41230879956074	0.321385867186394	0.751151196560771	0.93306639022103	-6.80656820675318
3:107061-107985	-0.0289047494152257	5.94190670817724	-0.289696856941474	0.774939570230724	0.94019682025344	-6.81656449835291
10:462660-463143	0.0288864739709345	5.28426388473129	0.285343858345757	0.778225695800452	0.94019682025344	-6.81785735088491
13:490725-490989	0.0288104463128978	4.58571076829674	0.310253192216436	0.759480779057255	0.935562855419122	-6.81019704923688
10:556398-557154	0.0287949507733236	5.79226676159594	0.303845113461292	0.764289071047694	0.93853439835651	-6.81222838390251
3:275631-276129	0.0287892909548901	5.74789719216881	0.33455904168501	0.741335051777646	0.930514776151639	-6.80211070511864
10:55530-55851	0.0287480022844981	4.71885055971909	0.297625266706593	0.768965480384138	0.939204376475355	-6.81415986727738
16:313908-314437	0.0285713995104491	5.16501558334966	0.267680111024017	0.791603400876322	0.942392034259137	-6.82290418151874
10:314837-315205	-0.0284208923901748	4.94887407714645	-0.279482615823764	0.782657138575584	0.94019682025344	-6.81956747729626
1:563594-564018	0.0284132723791437	5.29693747176049	0.277849897727817	0.78389292674457	0.941176164192246	-6.82003758113236
17:66822-68539	-0.0282993153136175	9.14138270044878	-0.224567558437046	0.824524860019196	0.953669144026139	-6.83387674192602
13:509579-509958	0.0282312413955621	5.01537527935881	0.298758504465011	0.768112773427431	0.939204376475355	-6.81381090670008
8:520762-521109	-0.0282309782550421	5.06577932965376	-0.280417943876941	0.78194946312648	0.94019682025344	-6.81929693954493
1:807563-807924	0.0281986583299352	5.03044138059537	0.326037739509669	0.747679756032469	0.93306639022103	-6.80501435495293
3:529029-529430	0.028178408119337	5.49031045737577	0.308435915205638	0.760843365648727	0.936358236085703	-6.81077738531917
15:35506-36941	0.0281652124851846	6.31201314148692	0.301663261425624	0.765928461937331	0.939204376475355	-6.81291043491876
2:716903-718199	-0.0281646864611051	9.2185345313267	-0.270684015639421	0.789323596782407	0.942392034259137	-6.82206850040895
8:644183-644324	-0.0281270152543436	3.55400885366966	-0.247314559210875	0.807109298177981	0.949651443988829	-6.82832550867462
7:436759-436998	-0.0281029322633035	4.55807776808046	-0.262096955590916	0.795845794773311	0.944130871297467	-6.82443280213709
4:691743-692368	0.0281002726580475	5.78725480975987	0.289722839464464	0.774919968668398	0.94019682025344	-6.81655672318534
16:150978-152020	-0.0280932996772281	6.39115758950105	-0.301095816539916	0.766355011230113	0.939204376475355	-6.81308702100184
4:12548-13861	-0.0280313071375566	9.38636089644263	-0.24570842276826	0.808335740433182	0.949651443988829	-6.82873493515641
18:41739-42128	-0.027979692493969	5.15582556385286	-0.280605983774007	0.781807214268625	0.94019682025344	-6.81924244190007
3:251472-251848	-0.0279221643422556	5.1560051827241	-0.299415094322608	0.767618858918315	0.939204376475355	-6.81360811993643
8:673687-674486	-0.0278625160817683	6.00497923639383	-0.313776850044423	0.756841042834108	0.934902341496936	-6.8090621690688
4:459387-459829	0.0278354091265909	5.17806175417765	0.284073716036383	0.779185346431213	0.94019682025344	-6.81823092717698
10:433181-433550	-0.0278321697146557	5.11199503346701	-0.290682824651035	0.774195851142543	0.94019682025344	-6.81626896658517
2:82945-84545	0.0277860377916932	7.00364411029974	0.331525465191345	0.74359162392589	0.93168526388876	-6.80315289754773
17:242425-243682	0.0277115187564831	9.44228298405305	0.266482484478341	0.792512871201136	0.942675421604115	-6.82323477717929
18:117292-118037	0.0276758434232818	8.12237614940861	0.197925699425649	0.845040373385744	0.960586559932311	-6.83970111925395
5:714801-715108	-0.0276756119476094	4.79676772472925	-0.32025203687712	0.751998136707216	0.933428635580005	-6.80694358658403
11:499143-499496	0.0276602537283086	4.84567024965767	0.284818683183753	0.778622445713211	0.94019682025344	-6.81801201673245
1:94997-95195	-0.0276071663764093	4.06626139356861	-0.248205869629578	0.806428914985271	0.949301046133989	-6.82809715721526
8:97636-98431	-0.0275647429728139	6.07926305734656	-0.252896510222073	0.802850912088258	0.948635511201516	-6.82688197263131
4:392482-393541	0.0275413661743835	6.11478706032406	0.276953096626416	0.784571956044498	0.941540651776054	-6.82029463139818
11:203705-203934	-0.0275108954731857	4.38557102007185	-0.307017671646192	0.761907312798394	0.937409876878948	-6.81122794595797
15:285366-285691	-0.0274658719277392	4.88402251362043	-0.249046115458104	0.805787656083276	0.949301046133989	-6.8278811406689
1:1004678-1005442	0.0273465579590972	6.06081527255582	0.325829382967129	0.747835124364795	0.93306639022103	-6.80508442445887
13:24760-25677	-0.0273444489534977	6.1833063862513	-0.280963734014294	0.781536604185501	0.94019682025344	-6.81913865878239
15:199081-199450	-0.0273354065639317	5.31396713688163	-0.274199702274236	0.786657837433231	0.941769744110195	-6.82107868349765
10:127873-128326	-0.027294023586836	5.15571142463522	-0.259926912829295	0.797496473784273	0.945087163531481	-6.82501830478979
9:145486-145812	0.0272748687921558	5.07755423917215	0.318983953817185	0.752945740080747	0.934086788415028	-6.80736185788167
15:159568-159644	0.0272502047649676	3.06631336597592	0.185732638859561	0.854468362337886	0.961679756053402	-6.84212265978164
15:375319-375726	0.0272356966974066	5.03988077910269	0.301930957933976	0.765727260462868	0.939204376475355	-6.81282701467177
6:249257-250066	0.0271768122195732	6.06318070055021	0.295844735343021	0.770305850868	0.939204376475355	-6.81470549479774
13:238178-238746	0.0270385273649305	7.89452254925205	0.276661781533584	0.784792568515317	0.941540651776054	-6.82037795362152
3:148482-150090	0.0269932159791626	8.91845605851848	0.214216474042177	0.832481280540727	0.955432361974435	-6.83622654019487
8:290949-291730	0.0269597867417577	6.13330573435736	0.285882605398839	0.777818757354263	0.94019682025344	-6.8176983943605
12:451181-452672	0.0269309922770677	8.6950980203812	0.205200361236419	0.839426653892505	0.957511137314692	-6.83818334481184
7:759566-760923	0.026869638885298	6.55739439606054	0.295308145654514	0.77070993628105	0.939204376475355	-6.81486929127441
20:61333-62629	0.0268367181459226	6.44261007871188	0.280062427468796	0.782218426409255	0.94019682025344	-6.81939987610067
9:117435-117674	0.026822201564439	4.48317712459853	0.246343182474687	0.807850978663925	0.949651443988829	-6.82857344300532
6:198518-199071	-0.0268035998585709	8.67359702744337	-0.173052278331531	0.864296858149332	0.961707205211066	-6.84447824138581
7:631944-632374	-0.0267763698867247	5.41061260368961	-0.32151975773405	0.7510512052251	0.93306639022103	-6.80652379259949
14:535150-536074	0.0267656107952474	6.22310553005205	0.27589652489232	0.785372184626894	0.941689230750061	-6.82059641844692
2:881563-882072	0.0267361105176329	5.45091569181078	0.295551042298242	0.770527011710498	0.939204376475355	-6.81479518247634
18:260502-261903	-0.0267206379381388	8.98168590531599	-0.220946035705801	0.8273064099605	0.954033676975188	-6.83471141231664
5:352130-352375	-0.0267021811718466	4.61436777300993	-0.267642382508484	0.791632047041992	0.942392034259137	-6.82291461864418
11:56036-56353	0.0266766750516876	4.84734008444919	0.23392312582543	0.817350248697272	0.952353237940446	-6.83165803042136
5:173884-174256	0.0266706413109885	4.77026090506126	0.263160150828438	0.795037415202462	0.944002249522297	-6.82414417494783
18:338304-338884	0.0265935159852164	5.64273270158215	0.305283903467348	0.76320861903842	0.938062938031652	-6.81177595031763
5:628717-629629	0.0265867335259875	6.23159074820779	0.316436754407833	0.754850398969834	0.934902341496936	-6.80819707458514
17:97042-97151	0.0265837895642003	3.6213102710159	0.17088127293185	0.865981906374761	0.961820102464871	-6.84486489678741
12:466638-467043	0.0265747323322216	5.17584635356416	0.298153966812716	0.768567621527867	0.939204376475355	-6.8139972270042
1:957679-958403	0.0265390039749454	5.61154912831014	0.267790134417584	0.791519865036411	0.942392034259137	-6.82287373657094
1:348618-349628	0.0265320537170952	6.03054090555542	0.232211970507952	0.818661294646664	0.952353237940446	-6.83207056880984
3:715239-715606	-0.0265316781089284	5.29459108664994	-0.270360999546436	0.789568656301381	0.942392034259137	-6.82215880723971
9:247877-248143	-0.026531261009505	4.66772996712576	-0.227557610006078	0.822230099207875	0.953446094314624	-6.83317743356161
7:746010-746943	0.0264056837849536	6.36175921117793	0.241333277638346	0.811679149598474	0.951316018225391	-6.82983676858662
14:190339-191944	0.0263915548282947	6.822251850585	0.31285219108982	0.757533454600863	0.934902341496936	-6.80936120662127
6:279139-280423	0.0263560730483023	7.87823850810972	0.187184331428939	0.853344675227016	0.961480623286599	-6.84184239721108
12:144549-145032	0.0262767836729729	5.58479076944332	0.273674498129396	0.787055902261371	0.941769744110195	-6.82122735667348
15:218287-218553	-0.026227583123954	4.6778536718946	-0.230704503285754	0.819816731266156	0.95237469222614	-6.83243150424053
7:531833-532194	-0.0261671301087292	5.080561610912	-0.245687063337786	0.808352053864035	0.949651443988829	-6.82874036210456
3:620265-621237	-0.0261186217119613	6.12348084309388	-0.312962696372828	0.757450693991646	0.934902341496936	-6.80932551486112
14:360326-361009	-0.0261008342129507	8.73095675549051	-0.217773831208311	0.829744770883662	0.954377666713527	-6.83543143007066
7:504184-504832	-0.0260300494994485	5.77143445757171	-0.224614870020943	0.824488537414274	0.953669144026139	-6.8338657484324
17:211429-211833	0.026022549984364	5.33469917746715	0.281540699099756	0.781100235080553	0.94019682025344	-6.8189710051329
7:733218-733775	-0.0260135511339969	5.19986717769548	-0.269478846663882	0.79023802460814	0.942392034259137	-6.82240488861065
1:608275-609016	-0.0259961288570114	6.06460478133313	-0.246270977030152	0.807906117491596	0.949651443988829	-6.82859183400416
8:245621-246681	-0.0259416780940249	8.97056823880532	-0.20872097366363	0.836712991405214	0.957476482893659	-6.83742922044673
4:746082-746522	-0.0259243812048693	5.25715779850515	-0.294005260975802	0.771691367521488	0.939800461030208	-6.81526577577619
17:63150-64263	0.0259075616367728	8.97315951570463	0.248025549256093	0.806566550144674	0.949301046133989	-6.82814342072373
3:812360-813450	-0.0258944236515166	8.77165754658646	-0.212307042616208	0.833951019750029	0.956383490750994	-6.83664794338269
8:635698-636188	-0.0258465993945691	5.48944816809317	-0.283203293868018	0.77984319915845	0.94019682025344	-6.81848598231762
18:276981-279633	0.0257380344675404	9.81169870587111	0.207459963593212	0.837684730832285	0.957476482893659	-6.83770080044561
2:863209-863810	0.0257328744343468	5.58947279537305	0.26735013620117	0.791853951406903	0.942392034259137	-6.82299541547123
1:711467-711835	-0.0256548439533919	4.7897212549467	-0.274134654882196	0.786707135166217	0.941769744110195	-6.8210971122655
1:121111-121423	0.0256291883219752	4.61787596571843	0.217716803276126	0.829788622431559	0.954377666713527	-6.83544427927415
18:152423-152672	-0.0255804598407705	4.64875326125256	-0.268481978140554	0.790994638017962	0.942392034259137	-6.82268200946609
17:383249-383466	0.025421023989054	4.22046011542339	0.224048376004129	0.824923479355472	0.953669144026139	-6.83399722966762
5:332329-332613	-0.0254144122814894	4.83214780681175	-0.283498507197457	0.779620062105645	0.94019682025344	-6.81839956456454
15:167177-167959	0.0253913630426199	6.19746858089454	0.30289768546705	0.76500080667183	0.938893230233922	-6.81252515004374
4:917822-918246	0.0253777499705148	5.40754534226034	0.255632193889366	0.800766184979534	0.947556013131857	-6.82616281301386
4:671833-673547	0.025371507068277	6.94300106472119	0.291665147636209	0.773455102589574	0.94019682025344	-6.81597353696993
18:315843-317269	-0.0253694288101212	9.85637816543773	-0.233826194733545	0.817424500339036	0.952353237940446	-6.83168147980442
15:311158-311576	-0.0252613818905409	5.46929215317502	-0.245572239797422	0.808439752767997	0.949651443988829	-6.82876952813141
3:266793-267252	-0.0252395242512833	5.4918702838159	-0.273586547987642	0.787122567630974	0.941769744110195	-6.82125222567016
4:573394-573648	-0.0252308394410932	4.62037129337441	-0.259405261794441	0.797893421683185	0.945307293661709	-6.82515833134428
7:447633-448224	-0.0251991148169397	5.49890253282737	-0.213384223486353	0.833121808526206	0.95592238271297	-6.83641067606588
3:207858-208220	0.0251364308697672	5.07552178672964	0.245877324618468	0.808206743486589	0.949651443988829	-6.82869200449909
9:658425-659165	0.0250611777714944	5.92581027852707	0.291054206813362	0.77391577386634	0.94019682025344	-6.81615739112719
2:961662-961862	0.0250609322161752	4.3043107663183	0.240883936722285	0.812022738216746	0.95146957493669	-6.8299488157625
4:740965-741337	0.0250040503307636	5.07948090286486	0.267073417305832	0.79206408241351	0.942392034259137	-6.82307183866729
3:877583-877885	-0.0249981428746091	4.94715813642536	-0.297342778467333	0.769178086009078	0.939204376475355	-6.81424664983917
11:127876-128579	0.0249926245893155	5.81367982129246	0.244152795550295	0.809524096451659	0.950067732715725	-6.82912895800307
4:133555-134143	-0.024931126341599	5.74765689373777	-0.2330028342766	0.818055285945244	0.952353237940446	-6.83188027577168
11:110071-111024	0.0249234290379921	6.11324208822403	0.276615574216214	0.784827562952739	0.941540651776054	-6.8203911618856
6:191990-193283	0.0248382085520333	9.39329480032661	0.225026434928121	0.824172583009271	0.953669144026139	-6.83377001848309
10:296011-296409	-0.0246285551320948	5.2387083129628	-0.271519482169328	0.788689865292332	0.942392034259137	-6.82183442932983
8:106927-107246	0.0245887051177416	4.78082230790459	0.262639591238706	0.795433182968091	0.944130871297467	-6.82428563704154
2:123117-123335	-0.0245676441921754	4.57065667665003	-0.233631578145671	0.817573586828117	0.952353237940446	-6.83172853188552
8:116809-117089	-0.024543819750944	4.75440828110352	-0.286913929605046	0.777039937202162	0.94019682025344	-6.8173932739896
7:403557-404599	0.0245338892526767	8.92736005705077	0.188896312895892	0.852019921511968	0.961480623286599	-6.84150908919901
1:98775-99545	0.024525559093731	6.05346462300681	0.287813737415329	0.776360630183809	0.94019682025344	-6.81712617285488
16:135269-136608	-0.0244790562637522	9.42764571341777	-0.225944247418467	0.82346809752152	0.953669144026139	-6.83355590737019
6:40660-42967	0.0244770022537359	9.43954679033167	0.231787747343552	0.818986408641429	0.952353237940446	-6.83217237771834
15:346394-346676	0.0244170050200774	5.11627587364403	0.231186777237788	0.819447034274128	0.952353237940446	-6.83231628696197
1:429509-429853	-0.0243988656765985	4.86609344981154	-0.245412731769252	0.808561584683071	0.949651443988829	-6.828810021856
5:308195-308803	0.0242149241562224	5.63750144931212	0.271025970705123	0.789064193407356	0.942392034259137	-6.82197278207993
13:1328-2490	0.0241183234087563	6.55797591963427	0.267546979200768	0.791704485349982	0.942392034259137	-6.82294100426718
1:776875-777111	-0.0240986768017537	4.38019461864361	-0.23671595567962	0.815211629993158	0.952213117089333	-6.83097824289821
1:51967-52357	-0.0240945377884936	5.16588377104758	-0.235676138730163	0.816007701450587	0.952213117089333	-6.83123227669651
7:257048-257277	0.0240489627055487	4.39634470660146	0.196893960769702	0.845837238966001	0.960586559932311	-6.8399119614298
14:243288-243878	-0.024020570228541	5.61423106546537	-0.243285413001931	0.810186902006829	0.950562666679572	-6.82934757585905
17:143152-143519	0.0239929604266385	5.29583027977879	0.2573454444777	0.799461377462864	0.946663789821106	-6.82570851672207
17:190008-190333	-0.0239817905156343	4.95441101989872	-0.219870011506192	0.828133312486508	0.954033676975188	-6.83495680659065
8:265094-265409	0.0239029597404983	4.74300637028274	0.244115228654081	0.809552799950352	0.950067732715725	-6.82913844250852
9:677743-678086	0.0238797000914177	4.73947639447856	0.192313255350421	0.849377190859013	0.961480623286599	-6.84083479954163
13:222849-223286	-0.0238194261519107	5.33583129194121	-0.260065567256929	0.797390974807565	0.945087163531481	-6.8249810388337
2:995891-997128	-0.0237559509137242	8.59558269433951	-0.214793610986641	0.832037166674339	0.955349438578739	-6.83609842935657
10:307290-307486	0.0237553954971892	4.25324496703778	0.171042564008654	0.865856696032926	0.961820102464871	-6.8448363382672
2:441112-441836	0.0237472781441088	5.9947888397019	0.289187543700759	0.775323834035235	0.94019682025344	-6.81671676867994
1:899178-899586	-0.023741072891502	4.94104742787838	-0.21977804051259	0.828203999816058	0.954033676975188	-6.83497772585873
16:495456-495664	0.0236915649305205	4.51058648711056	0.208400403658629	0.836959998636965	0.957476482893659	-6.83749841600589
8:632104-632745	-0.0236477174880738	5.87856143119043	-0.273766684793814	0.786986027447306	0.941769744110195	-6.82120128122986
9:556570-556935	0.0236218698565169	4.81026078771313	0.224823754297421	0.824328175151043	0.953669144026139	-6.83381718376677
2:489325-489629	0.023586044912542	5.2001625710317	0.224426951678295	0.824632810673631	0.953669144026139	-6.83390940022839
6:659046-659846	0.0235800149772274	8.72839860072169	0.192329768137787	0.849364423930225	0.961480623286599	-6.84083151171137
7:346681-347232	0.0234715750679397	5.33890947105461	0.20968619444721	0.83596936908741	0.956981814842774	-6.83722023648144
11:375647-376022	0.0233467965124436	5.20062544533512	0.250318716756989	0.804816699310799	0.94927338420741	-6.82755258930729
12:182245-182651	0.0233373450539993	5.19399848999466	0.255574172854651	0.800810384138908	0.947556013131857	-6.82617814545221
9:122804-123227	-0.0233279450149873	5.38229260266169	-0.235328565365259	0.816273845011567	0.952213117089333	-6.83131694301389
15:216668-216834	-0.0233131062359995	4.30823120970387	-0.204104153526676	0.840272023347479	0.958111018307596	-6.83841554713776
10:60797-61065	0.0232385938390491	4.64301059656259	0.207271985457022	0.837829610360065	0.957476482893659	-6.8377411443824
9:349691-349981	0.0232152558926257	4.81097038759509	0.223044394725731	0.82569445638594	0.954003197414421	-6.83422943846943
3:213696-214005	-0.0232112991195752	4.52994512544134	-0.239295339876797	0.813237770392226	0.951888781278829	-6.83034328191024
8:463728-463964	0.023140477989271	4.72132807179159	0.205695413471534	0.839044946468503	0.957511137314692	-6.83807807521591
10:241328-242404	-0.0231356633899029	6.30992575230978	-0.255522228498173	0.800849954798439	0.947556013131857	-6.82619186915465
9:527777-528002	0.0231076148203773	4.26255334497447	0.221206774544763	0.827106068422491	0.954033676975188	-6.83465176967796
4:713794-714991	-0.0230061268348294	9.58913033247287	-0.212489130254556	0.833810835165685	0.956383490750994	-6.83660791945989
9:210833-211581	-0.0229977834408501	6.04124101713152	-0.248990281450504	0.80583026314171	0.949301046133989	-6.82789551739089
13:33080-33890	0.0229214597220277	6.12299717525783	0.264681141944243	0.793881370613101	0.943550986421731	-6.82372925158833
9:273316-273538	-0.0229096116769227	3.70711972223052	-0.189377291497566	0.851647814464056	0.961480623286599	-6.84141490268245
3:945200-945439	0.0228629986345883	4.53138769001094	0.197970734073827	0.845005594650085	0.960586559932311	-6.83969189114177
1:90256-91096	0.0228409718673293	6.13967712069233	0.237272454271007	0.814785665412268	0.952090633136034	-6.83084182989514
7:310686-311017	0.0227588705272455	5.1306632428428	0.248575225281606	0.806147012851	0.949301046133989	-6.82800228994095
2:623257-624173	-0.0227364061349373	6.16526661870683	-0.251574748468497	0.803858701606171	0.949108823104516	-6.82722668381921
10:165020-166795	0.0227342444047807	9.7075193204045	0.211107760955378	0.834874457252114	0.956510763590154	-6.83691069901605
17:86941-87219	0.0226918242609182	4.61287103848291	0.22434594751752	0.824695003129438	0.953669144026139	-6.83392820557676
2:741579-742767	0.0226776710471999	9.34046675405911	0.187974566915642	0.852733125180841	0.961480623286599	-6.84168892096014
5:495616-496362	0.0226462846475171	6.00188953576857	0.223877020367647	0.825055053914562	0.953669144026139	-6.83403693561359
4:735470-737715	-0.0225181989221417	7.32057597971672	-0.239063047385105	0.813415478960353	0.951888781278829	-6.83040074519759
16:367189-367573	0.0225158070529314	5.09660304514069	0.25265641584921	0.803033948155171	0.948635511201516	-6.82694472188935
9:663494-663719	0.0224707578789873	4.45766257915555	0.235924550067644	0.815817502113168	0.952213117089333	-6.83117168936833
8:285371-285631	0.0224540927456722	4.67038801682598	0.225231714481323	0.824015003314069	0.953669144026139	-6.83372220530371
11:570860-571158	0.0224281223408616	4.86024821334347	0.217696264008719	0.829804416211729	0.954377666713527	-6.8354489062425
6:711649-711967	-0.0223885658834115	4.70630022784105	-0.18996732890414	0.851191382995166	0.961480623286599	-6.8412990339896
17:236714-237036	0.0223759262880003	5.05854337694272	0.250279780809393	0.804846401489526	0.94927338420741	-6.8275626662018
12:403553-404454	0.0223577783577618	6.19041739026019	0.262152540596887	0.79580352596794	0.944130871297467	-6.8244177411453
2:451130-451396	-0.022344536019431	4.70833031707255	-0.23751037964981	0.814603566475787	0.952090633136034	-6.83078341067451
2:907715-908296	-0.0223234977715308	8.53806900139947	-0.191923583433785	0.849678479595728	0.961480623286599	-6.84091230475311
7:416233-416470	-0.0223070470815196	4.03749514904382	-0.217154331747997	0.830221164607693	0.954551742302603	-6.83557083265403
11:23527-24557	0.0222476813756112	6.15549856967385	0.253673087558428	0.802258967562504	0.948393862937864	-6.82667860662547
13:155578-155997	0.022217349546362	5.3145435918187	0.237893487977101	0.814310372707929	0.952090633136034	-6.8306892214649
13:374941-375247	-0.0222046808126173	4.64894917039124	-0.229070613422776	0.82106954231233	0.953149094101907	-6.83282006829334
1:573660-573915	0.0222027366774524	4.41180135598399	0.237747463354218	0.814422122426889	0.952090633136034	-6.83072514019608
10:301719-302350	-0.0221228312637818	5.7590748032608	-0.216311694377961	0.830869258477824	0.954806367380421	-6.83575981223265
9:389282-389816	0.0221039151734006	5.59122960748163	0.263378500957824	0.794871426200178	0.944002249522297	-6.82408475546729
3:950628-952134	0.0220745514640601	6.91459390237172	0.248464049162245	0.80623186260099	0.949301046133989	-6.82803085975874
14:86124-86465	-0.0220601594323835	5.13317986674976	-0.227813730348163	0.822033611348962	0.953446094314624	-6.83311710464263
20:20121-21887	0.0220553245859794	9.36300081596739	0.177686246930703	0.8607023825515	0.961707205211066	-6.84363665249487
10:77427-77689	-0.0219612749723161	4.64022646468637	-0.178390344881366	0.860156497140405	0.961707205211066	-6.84350683894927
4:433039-433983	0.0219075198297327	6.04935011156423	0.263236149037381	0.794979640499445	0.944002249522297	-6.82412349915746
14:483891-484233	0.0218798322475928	4.77593629035013	0.172906813361211	0.864409741662353	0.961707205211066	-6.84450430078551
2:810223-811160	0.021808149413399	6.35573587957267	0.205989869100702	0.838817927285544	0.957511137314692	-6.83801534135582
8:93760-94493	0.0217973551672692	5.91520317460366	0.231434576250703	0.819257095614976	0.952353237940446	-6.83225699364997
1:134766-135686	-0.0217712688086351	8.88980147868252	-0.179438709602801	0.859343835623325	0.961707205211066	-6.84331260512628
20:96016-97769	0.0217514577640205	9.33908481635927	0.163070227878473	0.872049886535104	0.962244362726436	-6.84621577694447
10:471575-471887	0.0217487913238612	4.74993577800394	0.208000263370071	0.837268340991887	0.957476482893659	-6.8375846383404
6:285732-285983	0.0217012967935108	4.44621776159813	0.236423506846605	0.815435504662686	0.952213117089333	-6.83104980240024
6:544793-545163	0.0216775948435011	5.00642792970172	0.206298775879752	0.838579782051201	0.957511137314692	-6.83794943261994
3:965114-966102	0.0216613290309882	6.22392288342938	0.196190771113981	0.846380446154078	0.960586559932311	-6.84005503352135
1:251053-251427	-0.0216531955388826	4.76369169254062	-0.182533005236814	0.856946165183415	0.961707205211066	-6.84273269937338
12:83587-83951	0.0215975520316265	5.15765154064888	0.249764886004513	0.805239215990395	0.949301046133989	-6.82769577803631
16:216898-218003	-0.0215833939238408	6.35926693792493	-0.217628477810349	0.829856541297821	0.954377666713527	-6.83546417364513
16:51182-51545	0.0215763716041311	4.97626357407148	0.180116957826271	0.858818162731741	0.961707205211066	-6.84318633951442
9:506353-507307	-0.0215525874674487	8.42169491158883	-0.197780749450883	0.845152315550981	0.960586559932311	-6.83973080695528
6:125059-125409	-0.0215468581951832	5.01881108229653	-0.250920544483542	0.804357635226021	0.94927338420741	-6.82739663395344
4:3219-3964	0.0215421289612188	6.21065988599553	0.23414639325887	0.817179226955644	0.952353237940446	-6.83160398121747
8:546791-547200	0.021528125871968	5.18468880417288	0.239790816028315	0.812858755393319	0.951888781278829	-6.83022052821302
5:407087-407467	-0.0215243714594733	5.10873913810321	-0.223698326494417	0.825192268725031	0.953669144026139	-6.83407830975065
7:291268-291508	0.0215004984041673	4.45834709191738	0.207405002375405	0.837727090228617	0.957476482893659	-6.83771260000976
17:329784-330426	0.0214590858413342	5.38889503559236	0.203963293943563	0.840380665298396	0.958111018307596	-6.83844529466718
8:276737-277698	0.0214495927697591	6.15169241449253	0.235578208494459	0.816082686196457	0.952213117089333	-6.83125614435742
5:675318-675840	-0.0214308319519603	5.46947887200345	-0.237132761187779	0.814892586135868	0.952090633136034	-6.83087610243107
4:414762-415095	-0.021415952238061	4.72230593289073	-0.22145492122378	0.826915413432807	0.954033676975188	-6.83459494241313
1:592775-593598	0.0212585695725309	5.99652078865497	0.2252949056759	0.82396649709795	0.953669144026139	-6.83370747824265
13:220278-221198	-0.0211860591098851	6.26288316310037	-0.227720917707498	0.822104813043809	0.953446094314624	-6.83313897437817
10:61618-62074	-0.021183736804951	5.22467236904149	-0.233249023959846	0.817866664007523	0.952353237940446	-6.83182090769271
6:430367-431137	-0.0211306142110201	5.78445216342664	-0.241996224530024	0.811172298279305	0.951220122373112	-6.82967107771442
15:179341-179775	-0.0211271978650904	5.14917133946268	-0.221694430677085	0.826731404952194	0.954033676975188	-6.83454003299669
7:755727-756274	0.021113359521852	5.68906935876335	0.26035409485201	0.797171453518024	0.945087163531481	-6.82490342839153
5:732260-733029	-0.021079926705994	9.26719736437513	-0.192987171143079	0.848856184631014	0.961480623286599	-6.84070038892504
4:665035-665299	0.0210736197057919	4.80486286843937	0.179092589948566	0.859612119755476	0.961707205211066	-6.84337685725624
1:1456-2448	-0.0210548870776632	6.42576650711135	-0.188355362483637	0.852438467772065	0.961480623286599	-6.84161473437595
5:171071-172110	0.0210247074052372	6.38290734479935	0.253627599252574	0.802293637576044	0.948393862937864	-6.82669053594882
13:407973-409135	0.0210187110489741	8.43033340608852	0.172984498205621	0.864349456413273	0.961707205211066	-6.84449038661123
5:362695-362935	0.0209822648443083	4.47891164822998	0.186641857256788	0.85376454176554	0.961480623286599	-6.84194738130219
8:504591-504809	0.0209532693796088	3.83460027437414	0.126520551479936	0.900544809738833	0.973274033901659	-6.85169895999355
18:262502-263470	0.0209357984179039	6.21581749889844	0.205457537680289	0.839228354277125	0.957511137314692	-6.83812868946422
7:203606-204588	0.0208724482236642	6.18240308945958	0.23110414241375	0.819510376636118	0.952353237940446	-6.83233604576148
1:227025-227850	0.0208282114533631	6.29852539855004	0.23162394249736	0.819111953517847	0.952353237940446	-6.83221163952781
15:315824-316957	-0.0208080313031616	9.42548546782325	-0.14871925128447	0.883219221411707	0.966810769146197	-6.84853339813381
12:249135-250228	0.0207623379491126	6.48870850574007	0.242343585284891	0.810906760016455	0.951157929201691	-6.82958408111579
5:11741-12563	-0.0205781813435184	8.88978570968098	-0.193887841630562	0.848159984457223	0.961480623286599	-6.84052002129247
11:104385-105023	-0.020492064560389	7.71907902975573	-0.190100707296442	0.851088213737988	0.961480623286599	-6.84127279201311
8:545076-545319	-0.0204286887804166	4.71975817624073	-0.197236629741868	0.845572559012462	0.960586559932311	-6.83984205665613
16:187777-188071	-0.0203764624537532	5.05032754392786	-0.23100614795378	0.81958549431336	0.952353237940446	-6.83235946809356
4:71213-71447	-0.0203746149147968	4.59520357433678	-0.178081846920207	0.860395666033396	0.961707205211066	-6.84356377927757
1:557376-558144	-0.0203533017361091	6.02702790845381	-0.214587727330997	0.83219559003988	0.955349438578739	-6.8361441700603
2:694873-695495	0.0203527224030973	5.66974414373242	0.229001969985727	0.821122186518533	0.953149094101907	-6.83283633261685
8:396245-396418	0.02022804545126	4.62263733275641	0.217932762249145	0.829622564090899	0.954377666713527	-6.8353956029733
18:85882-86395	-0.0202035259117634	5.10606798142335	-0.199690311862232	0.843677866274577	0.959914115263093	-6.83933796558127
18:45994-46412	0.0201534345617596	5.35038110841556	0.177402404487489	0.860922465137494	0.961707205211066	-6.84368883937929
3:63883-64356	-0.0201511780392263	5.29209621570044	-0.182632720553213	0.856868922429263	0.961707205211066	-6.84271384723698
8:597688-598582	0.0201465547712321	6.07578745284255	0.232764930109625	0.81823757055998	0.952353237940446	-6.83193758656781
16:127308-127696	0.0200882830225755	4.95454985935091	0.187069050334762	0.853433897264206	0.961480623286599	-6.84186473277036
12:503676-504944	0.0200861525448595	8.93028873181596	0.166240813119567	0.869585831921127	0.961878660762086	-6.84567503927342
15:2026-3006	0.0200285956817279	6.24228225460883	0.228377396697557	0.821601225647715	0.953446094314624	-6.83298409572727
7:110905-112005	-0.0200165051559953	8.36287095004921	-0.182396057214787	0.857052252010774	0.961707205211066	-6.84275857398421
12:168208-168491	0.0199768761047761	4.80111051203084	0.226106887481201	0.823343275779689	0.953669144026139	-6.83351787557198
2:1039239-1039477	0.0199108455267538	4.52996766568296	0.166717088900605	0.869215805881305	0.961878660762086	-6.84559291416674
12:178718-178923	-0.0198927801840343	4.41565441954169	-0.192880762828277	0.848938444495408	0.961480623286599	-6.84072164291071
13:54225-54722	0.0198762366477165	5.48932151049543	0.233745642021184	0.817486207071226	0.952353237940446	-6.8317009596067
5:560516-560719	-0.0198205253079529	4.51066768075449	-0.186397400145779	0.853953762304144	0.961480623286599	-6.84199459141512
6:266039-266875	0.0198152945552552	6.05023101187541	0.229790337024548	0.82051762215506	0.952941587121445	-6.83264924555052
12:351716-352078	0.0196785314422891	4.61075210281149	0.14691257944682	0.884627170215786	0.967583525432791	-6.84881008161527
5:778591-778792	-0.0196756771307056	4.35782003892269	-0.189773050846501	0.851341663526939	0.961480623286599	-6.84133722503726
8:92718-93106	0.0196728378969206	5.09539196300996	0.18729454997414	0.853259373244261	0.961480623286599	-6.84182102969118
15:234508-235110	0.0196475692899298	5.6967314676029	0.20045270803108	0.843089353803883	0.959488417906479	-6.83918007271753
17:252346-252572	-0.0196200247323262	4.13987084832382	-0.134220485107437	0.894528954188999	0.971117279995475	-6.85065867579961
13:492567-492818	0.0195605726317618	4.65381683045112	0.174453769157686	0.86320942805703	0.961707205211066	-6.84422605121606
13:221905-222161	0.0195125781472774	4.5663475719567	0.16527977792276	0.870332568383925	0.961878660762086	-6.84584003891236
9:246466-246874	0.0195012025790637	5.12979649950319	0.195716230525738	0.846747068495865	0.960719867829529	-6.84015129611839
16:4107-5105	-0.0194940011652829	6.19794498872873	-0.196486714579602	0.846151823123637	0.960586559932311	-6.83999488253749
16:319596-320042	0.0194290532638544	5.49500116674981	0.215820121802448	0.831247396577739	0.954995725637054	-6.83586972018505
17:39955-40640	0.0193709174683159	6.07926664751829	0.211676398857158	0.834436579935958	0.956510763590154	-6.83678629850772
3:290466-291249	-0.0193609200659619	6.13966790050129	-0.202812136459266	0.84126865039618	0.958398738483587	-6.83868763605423
4:749428-749915	-0.0193338329390791	5.22606545151277	-0.190757717145745	0.850580051339994	0.961480623286599	-6.84114325855262
11:586816-587070	0.0193275348336899	4.77600790433632	0.211415750869246	0.834637284028807	0.956510763590154	-6.83684336163991
12:163667-163884	-0.0192969772903151	4.38824422834697	-0.179609702230803	0.859211302318783	0.961707205211066	-6.84328081716909
8:495900-496932	-0.0192642416127535	6.50493886176056	-0.241442756238206	0.811595442664794	0.951316018225391	-6.82980943766252
13:141005-141323	0.0192311246807684	4.8839458315643	0.169747164474099	0.866862417161817	0.961878660762086	-6.84506494568483
7:622867-624161	0.0191627909942955	9.19406716410737	0.173345228485451	0.864069532431388	0.961707205211066	-6.84442569436339
5:206344-206782	0.0191162982331026	5.23025327672203	0.222403265941578	0.826186886364309	0.954033676975188	-6.83437718087585
1:504823-505305	0.0191008496089138	5.56820362426707	0.216693840486282	0.830575324827375	0.954713701573531	-6.8356741983672
7:69552-69923	0.0190696849687235	4.7144392900888	0.158367284987467	0.875707279586216	0.963379392374481	-6.84699872747142
14:257432-257647	-0.0190671958456239	4.6523255162497	-0.176605814915429	0.861540177781663	0.961707205211066	-6.84383485498348
1:458714-459055	0.0190613256731176	5.151705455284	0.22030946407822	0.827795577421168	0.954033676975188	-6.83485673062928
16:242281-242761	-0.0190526780076032	5.19695589658447	-0.207182113247533	0.837898879243624	0.957476482893659	-6.83776041992107
1:298211-299177	0.0190447775771752	6.10627463422929	0.219366251147565	0.828520512383573	0.95406684163336	-6.83507128261815
18:77461-77942	-0.0189561930030075	5.22622000817664	-0.209995917125696	0.835730786863028	0.956981814842774	-6.83715297367532
18:7501-7917	-0.0188792917076235	5.29596488515739	-0.187215978751864	0.853320182069595	0.961480623286599	-6.84183626318522
1:197421-197778	-0.0187874962958237	4.60721843863827	-0.189351660539659	0.851667642851501	0.961480623286599	-6.84141992782582
16:440440-441249	-0.018628277786048	5.99541388968016	-0.205326877316715	0.83932910047038	0.957511137314692	-6.83815646603082
17:284120-284707	0.0186256914635194	5.39146978279901	0.179958499041068	0.858940969411397	0.961707205211066	-6.84321588139528
3:691265-692305	-0.0185929611851865	6.52528831568947	-0.219681022740308	0.828278567633061	0.954033676975188	-6.83499978360107
6:385879-387119	-0.0185420038547264	8.75424150964264	-0.130649031091081	0.897318496406775	0.972728890752416	-6.85114881719793
14:146748-147052	-0.0185288780617485	4.8329136360713	-0.179200271504277	0.859528651802615	0.961707205211066	-6.84335688097803
17:195662-196432	0.0183818163624174	5.94815289923708	0.202525865671121	0.841489508990281	0.958398738483587	-6.83874768960552
3:515098-515315	-0.0182856042819308	4.15649257587788	-0.159857078959089	0.874548381223167	0.963208305697563	-6.84675317815953
17:106180-106632	0.0182774191634794	5.4181136910988	0.180705091475612	0.858362387098593	0.961707205211066	-6.84307646561547
16:340845-341229	-0.018274109877531	5.41159218970025	-0.175173667920655	0.862650959804685	0.961707205211066	-6.84409572115035
1:759893-760311	0.018252858895881	5.13014269799166	0.183744375890564	0.856007897637134	0.961707205211066	-6.84250298323009
6:708341-708635	0.0182476986776479	4.93252266609916	0.167399168837284	0.868685940996973	0.961878660762086	-6.8454748938163
7:609392-610379	0.0182142405162784	6.30791056089735	0.211052790051351	0.834916790291942	0.956510763590154	-6.83692270730058
10:431082-431457	0.0181663130458602	5.17600531524004	0.17727274596163	0.861023002179689	0.961707205211066	-6.84371265054412
1:364343-364686	-0.0181412583867333	5.10754539427397	-0.209717526865025	0.835945232700711	0.956981814842774	-6.83721343648092
5:301992-303232	-0.0180259740464397	8.72502427528367	-0.168542999386068	0.867797513489829	0.961878660762086	-6.84527589810127
9:101092-101847	-0.0179905581643984	5.68250278756688	-0.205598384104478	0.839119757250667	0.957511137314692	-6.8380987277752
7:646419-647006	0.0179649949845295	5.65350086711467	0.187619028486766	0.853008258691239	0.961480623286599	-6.84175805188995
5:513737-513947	0.0179216738994201	4.19932447499305	0.163458895483845	0.871747757033909	0.962244362726436	-6.84615004886953
6:719835-720317	0.0178734090133101	5.39312678672042	0.186805684783785	0.853637737122065	0.961480623286599	-6.8419157080478
6:101094-101548	0.0178130694510727	5.41690651473636	0.181669423318969	0.85761518553922	0.961707205211066	-6.84289553851287
11:426597-427488	0.0178045649964567	6.14616611165744	0.160403566227855	0.874123345619212	0.963079883636317	-6.84666253066441
7:594699-594955	-0.0178028819170724	4.74316248606525	-0.184451179879572	0.855460543256977	0.961707205211066	-6.84236825009213
2:739360-740360	0.0177218715180434	8.62229746715512	0.172396258296463	0.864805965365179	0.961707205211066	-6.84459559151431
15:93466-94534	0.0177100808992723	9.00146505946817	0.160283641765191	0.874216614659151	0.963079883636317	-6.84668244932591
7:729487-729883	-0.0177072781190653	5.24405683025806	-0.199024309124396	0.844192047014612	0.960255045092098	-6.83947540483429
16:517814-518077	0.0176420341119057	4.29444408873788	0.186238682481139	0.854076621578981	0.961480623286599	-6.84202521031576
2:856204-856761	-0.0175591005994447	5.49212422581073	-0.175735978149754	0.862214793612423	0.961707205211066	-6.8439935486078
8:391868-392744	0.0175189028391287	6.1571916009614	0.196146086784813	0.846414967018104	0.960586559932311	-6.84006410783426
6:528025-528413	-0.0174990364294354	5.05794673913157	-0.186416298419346	0.853939133888511	0.961480623286599	-6.84199094393685
16:460636-460908	0.0174961667930944	4.4877999079508	0.144208256227839	0.886735393504314	0.967583525432791	-6.84921792995021
1:834343-835205	0.0174714104931075	6.23699151646239	0.200941054955951	0.842712436151189	0.959303373400997	-6.83907862078887
13:179611-179845	0.017450847853679	4.41389506465182	0.144346839903866	0.886627336035666	0.967583525432791	-6.84919721348879
11:360971-361325	-0.0174492426616899	4.90464711652162	-0.178209274463939	0.860296873745539	0.961707205211066	-6.84354027153046
4:875080-875479	0.0174386159704847	5.01246378667761	0.148987857703242	0.883009928739529	0.966810769146197	-6.84849197415318
10:390855-391329	-0.0174174237877978	5.28144597394255	-0.183878158029019	0.855904290014617	0.961707205211066	-6.84247752082693
6:604567-604958	0.0173872973705027	5.09682577089007	0.180554475986865	0.858479102122466	0.961707205211066	-6.8431046372961
1:706822-707714	-0.0173727003426878	6.22172863197193	-0.160504788771128	0.874044623114359	0.963079883636317	-6.84664570670356
5:428876-429662	-0.0173624123274294	8.57345967377525	-0.1429434428762	0.887721707203518	0.967716113356782	-6.84940608542797
2:391696-392098	-0.0173333021159792	5.26749878117403	-0.153255100053526	0.879686166966731	0.965777601997324	-6.84782388383029
1:1028492-1028733	0.0172222585461075	4.42192770637447	0.167711387013654	0.868443419505504	0.961878660762086	-6.84542071035129
5:340623-340853	-0.0172204258376274	4.47501239824708	-0.144780071313748	0.886289548311262	0.967583525432791	-6.84913232294017
8:260537-260975	-0.0171916903351326	5.24976225695641	-0.186343017174198	0.853995858339824	0.961480623286599	-6.84200508559325
11:531114-531884	-0.0171906208474475	6.03788082098659	-0.178982522740275	0.859697438657307	0.961707205211066	-6.84339726373249
6:336770-337504	-0.0171373615340773	6.00549903084241	-0.17360513900986	0.863867855176999	0.961707205211066	-6.84437899953271
5:449312-450317	0.0170970644986319	6.4040704679481	0.203524828646912	0.840718864998275	0.958252518393755	-6.83853776134195
12:402788-403165	-0.0170965314121316	5.12999151822916	-0.162364834940851	0.872598272633289	0.962244362726436	-6.84633466819172
15:418562-418929	0.0170592996183192	5.1681857667149	0.17290607571097	0.86441031410019	0.961707205211066	-6.84450443287658
5:410719-411237	0.016992812288394	5.35939833564644	0.187607869964133	0.853016894028132	0.961480623286599	-6.8417602194433
18:301762-302243	0.016920649606317	5.43922339690541	0.157444079059523	0.876425577691887	0.963379392374481	-6.84714974020019
1:178046-178626	0.0168210291313402	5.54754784538179	0.17522316567646	0.862612564159477	0.961707205211066	-6.84408674044384
7:408036-408962	0.0168169792005273	6.03004882237408	0.182875121157799	0.856681157113666	0.961707205211066	-6.84266797628394
7:706976-707288	0.0167100893046692	4.87454538635951	0.167127929411195	0.868896642227972	0.961878660762086	-6.84552188394985
5:289384-290338	0.0167027138350235	6.18790047715522	0.202728692732108	0.841333026045525	0.958398738483587	-6.83870514950576
13:81219-82337	-0.016682707257643	6.383549001988	-0.188028405903739	0.852691463542137	0.961480623286599	-6.84167844113092
2:629876-630260	-0.0166517797451773	5.08287136774616	-0.178122127806135	0.860364436731651	0.961707205211066	-6.8435563500989
9:689067-690078	0.0165920879532715	6.49088712525548	0.197231661462444	0.845576396413192	0.960586559932311	-6.83984307105465
3:17016-17249	0.0165631089897929	4.47785663050916	0.201404745505705	0.842354584687676	0.959139944304767	-6.83898206353947
17:70094-71257	0.0165455376893568	9.12056006968928	0.162781949814745	0.872273991506573	0.962244362726436	-6.84626442721016
6:39087-39347	0.0164990031337124	4.58954489643495	0.16642028443537	0.869446394266294	0.961878660762086	-6.84564412021671
1:621443-621831	-0.0164239159988213	5.15454198908301	-0.130013013515068	0.897815412397119	0.972811854695492	-6.85123471915867
8:157861-158103	0.016356510317495	4.67110203440448	0.169431845075608	0.867107259663094	0.961878660762086	-6.84512032984416
9:638642-639477	0.0162438078178813	6.04600864288978	0.147689050640912	0.88402201391515	0.967216459125938	-6.8486915821192
3:830268-830587	-0.0162090583886076	5.02258669830275	-0.163720714300664	0.871544244353361	0.962244362726436	-6.84610568438158
13:310867-311222	0.0162079424223922	4.97529394799083	0.167416156367101	0.868672745263849	0.961878660762086	-6.8454719483294
7:325690-326144	0.0160781864574249	5.50207567212088	0.179875074702742	0.859005625337123	0.961707205211066	-6.84323142399554
18:416-828	-0.0160673251031644	5.83407517865051	-0.147844276521415	0.883901044636411	0.967216459125938	-6.84866781789254
8:589393-589611	0.0160284036513039	4.24247969290554	0.120388449225308	0.905340151507502	0.973877077180384	-6.85248354386845
1:597037-597244	0.0160231212334869	4.5737835509121	0.14525353380121	0.885920418056075	0.967583525432791	-6.84906118453921
13:378237-378978	0.0159987228561151	6.10598189269349	0.186793998914644	0.85364678200276	0.961480623286599	-6.8419179682283
13:216638-216966	-0.0159947053097804	5.07320162684216	-0.150674034545976	0.881696294944481	0.966792851634987	-6.84823023140584
3:59587-60497	-0.0159354867991537	6.27035284219012	-0.176301960991289	0.861775824254966	0.961707205211066	-6.84389037908237
4:763064-764078	-0.0159249163079611	6.1767059836446	-0.180553600984647	0.858479780189298	0.961707205211066	-6.84310480089136
5:37668-37913	-0.0159181997235258	4.68005598850917	-0.165396028648708	0.87024223348696	0.961878660762086	-6.84582013060834
5:421619-422558	0.0159157148133593	6.30990575151786	0.159186184826859	0.875070228589703	0.963379392374481	-6.84686403944025
9:528321-528797	0.015848314678542	5.47280579016176	0.171176847288722	0.865752454615614	0.961820102464871	-6.84481254130683
8:606598-607545	-0.0158475127249567	6.30810807628721	-0.175079197599713	0.86272424185045	0.961707205211066	-6.84411285450663
12:263625-264580	0.0158331281984072	6.13642062745882	0.194322946788272	0.847823702462262	0.961480623286599	-6.84043258769868
3:12814-13318	-0.0157632160188728	5.61541410729429	-0.163329616781883	0.871848249184698	0.962244362726436	-6.84617192867771
18:159980-160243	0.0157595122436271	4.77769214922392	0.179961301857591	0.858938797176904	0.961707205211066	-6.84321535908412
1:342083-342747	0.0156955006184729	5.6542006593821	0.157617212521634	0.876290863277789	0.963379392374481	-6.84712148712024
13:298554-299481	0.0156052159519717	6.05645158353795	0.18444780676925	0.85546315524209	0.961707205211066	-6.84236889430908
11:464525-464785	-0.0155957633367327	4.86934004546828	-0.171066919918909	0.865837788842088	0.961820102464871	-6.84483202342631
14:238501-238933	-0.0155623396269364	5.31962534577406	-0.165734032824757	0.869979591076488	0.961878660762086	-6.84576216702217
5:287350-288290	-0.0154717079581426	6.24651919380493	-0.168557636111575	0.867786146121315	0.961878660762086	-6.84527334294846
7:505911-506447	0.0154326646954814	5.56305934428278	0.172506901021189	0.864720096362596	0.961707205211066	-6.84457583068595
1:952718-953577	-0.0153819946379521	6.04906083122335	-0.179720402599205	0.859125502730079	0.961707205211066	-6.843260221599
2:775995-776470	0.0153579710518956	5.4458205226808	0.16242412150935	0.872552179573985	0.962244362726436	-6.84632469545771
6:366004-366238	-0.0152875939273001	4.91979676885096	-0.117064771791155	0.907940850208685	0.974008901970881	-6.85289253556232
2:1004031-1004855	-0.0152765455823864	6.3754916927637	-0.173495405703086	0.863953001441302	0.961707205211066	-6.84439872243378
3:405410-405910	-0.015218064772049	5.48426364630325	-0.189378302469691	0.851647032367103	0.961480623286599	-6.84141470445982
5:368494-369019	0.0151956281251318	5.49168659817032	0.174745116015562	0.862983404123045	0.961707205211066	-6.84417337040405
15:391675-392027	0.015057213268685	5.03125317615445	0.167770975717488	0.868397134340525	0.961878660762086	-6.84541035767126
6:374650-375563	0.0150317186472115	6.19141820523102	0.178845706637571	0.859803494491645	0.961707205211066	-6.8434226120234
3:464520-464726	-0.0150291819506689	4.4297672239882	-0.14352392366296	0.887269019375194	0.967585742975296	-6.84931993763957
8:379887-380262	-0.0150206410357638	4.97811935175465	-0.121885995306212	0.904168711697848	0.97376525782852	-6.85229552860469
16:450235-451304	-0.0149879854323132	8.09063017819759	-0.167026974275441	0.868975067642161	0.961878660762086	-6.84553935424079
14:364507-365298	0.0149850792841777	5.61513777663547	0.172952111198715	0.864374589382079	0.961707205211066	-6.84449618822292
4:511796-512166	-0.0149496769337345	5.0109878303001	-0.142113258363913	0.88836919476825	0.96818614944794	-6.84952868565995
2:884813-885161	-0.0149426812624895	4.82496499405553	-0.132301107187605	0.896027943766168	0.971809674697931	-6.85092372873625
17:220397-221778	0.0149205818643461	6.84019295408153	0.170232952655255	0.866485234140122	0.961878660762086	-6.84497941863657
4:476316-476680	-0.0147657659137428	4.95761137766995	-0.171812700133582	0.86525888889982	0.961820102464871	-6.84469960603404
14:442734-443428	0.0147649841159936	5.74559176318477	0.153643847457357	0.879383483173699	0.965682156694179	-6.84776208509192
9:437073-437464	0.0147384824811958	5.2393122339772	0.158012514592087	0.875983294845695	0.963379392374481	-6.8470568629739
4:937912-938712	-0.0147039514929457	6.17384822671726	-0.160425791326188	0.874106060665034	0.963079883636317	-6.84665883759014
9:199233-199676	-0.0146918420344901	5.58797764500607	-0.151675970357155	0.880915891608115	0.966297610694846	-6.84807331031848
4:81304-81521	-0.0146245922285266	3.90386903904434	-0.144973803364668	0.886138503862402	0.967583525432791	-6.84910324244524
15:392732-393852	0.0144600634799801	8.69975890663574	0.126382820199845	0.900652474370726	0.973274033901659	-6.85171700946737
18:85187-85334	-0.0144425238202226	3.6033313797735	-0.127296609885037	0.899938201174725	0.972976663878761	-6.85159689183772
15:387695-389654	-0.0144003763158462	9.56360987530793	-0.126110213548179	0.900865576955892	0.973274033901659	-6.85175267627945
9:174706-174953	-0.0143935196294844	4.67657716385801	-0.134219069882131	0.894530059298781	0.971117279995475	-6.85065887263645
3:182724-183596	-0.0143791776814624	6.281476788312	-0.154516970798949	0.878703727050808	0.965172486448937	-6.84762271627983
4:88044-88409	-0.0143787087791063	5.19735962964867	-0.129414394183924	0.898283148735508	0.972811854695492	-6.85131518770735
14:500197-501147	-0.0143723725047211	6.19375102528589	-0.151564230086363	0.881002919468359	0.966297610694846	-6.84809086225602
18:314210-314904	0.014345795633786	5.75166535264179	0.16551431229056	0.870150320739644	0.961878660762086	-6.84579985983249
1:798322-798632	0.0143396628912935	4.85235782228206	0.149941889369863	0.882266637634326	0.966792851634987	-6.84834424225355
4:86599-87678	0.0143086906734311	6.1443416861393	0.163545843404947	0.871680171099067	0.962244362726436	-6.84613532363419
13:42901-43242	-0.0142563852765987	5.02141975034158	-0.144719920510019	0.886336446178203	0.967583525432791	-6.84914134408879
15:412426-413293	0.0142509968441527	5.97770379895394	0.162813433411198	0.872249515884277	0.962244362726436	-6.84625911816455
8:580640-580862	-0.0141888007551776	4.6385660296058	-0.13138014784263	0.896747333562331	0.972345219240551	-6.85104955388768
8:316723-317498	0.0141791750368929	6.05342268078823	0.149852289302866	0.882336440792168	0.966792851634987	-6.84835815686687
5:554736-555497	-0.0141541084921668	6.09423488622446	-0.143373989571404	0.887385941669703	0.967585742975296	-6.84934222238099
10:428009-428359	0.0141511991589933	4.95535375339185	0.128042212214986	0.899355457827163	0.972811854695492	-6.85149824234243
5:781411-783121	0.0141346746600419	9.74787210070153	0.134993410224551	0.89392543154238	0.970931868862823	-6.85055086383261
15:333867-334263	-0.01410325204019	5.07253617550722	-0.1358798086971	0.893233386785718	0.970931868862823	-6.85042646325951
15:483161-483509	0.0140621718647349	4.67326757932307	0.168207471056578	0.86805810401169	0.961878660762086	-6.84533441105696
13:242566-243262	-0.0140065967980698	5.68416195792946	-0.145193631298927	0.885967118970668	0.967583525432791	-6.84907019778126
4:145237-146362	-0.0139797290690531	8.6540407172611	-0.137703926284931	0.891809504637612	0.970677399239785	-6.85016790253154
15:54829-55606	-0.013947640562824	6.01015428541714	-0.152668051216582	0.880143286618359	0.966042508804261	-6.84791691028298
15:67212-67623	-0.0139450522946865	5.0703948474338	-0.135842357134429	0.893262624872204	0.970931868862823	-6.85043173579948
13:290203-291086	0.0139415367839177	6.10381723624537	0.144394788126925	0.886589950026616	0.967583525432791	-6.84919004122763
3:871040-871813	0.0139008227720243	6.13486487359448	0.127995358734329	0.899392075573809	0.972811854695492	-6.85150445839132
7:698546-698830	-0.0139003910994866	4.93887245872837	-0.139701529098739	0.890250632124615	0.969764378045698	-6.8498808030547
4:503715-504475	-0.0138701230872993	8.55212729033615	-0.121453205238925	0.904507234321484	0.97376525782852	-6.85235010337684
16:240117-240525	-0.0136924324145093	5.22166180593055	-0.143574811134304	0.887229336671558	0.967585742975296	-6.84931236893848
12:141834-142270	0.0136527727744609	5.3915146153486	0.148774290290101	0.883176335421301	0.966810769146197	-6.84852491619695
3:104324-104561	0.0136487006689485	3.97964881206046	0.115639156303862	0.909056687196371	0.974129215200133	-6.85306445919977
4:856886-857321	-0.0136213339904918	5.35029178873937	-0.149375344493896	0.882708022352069	0.966810769146197	-6.84843208525527
11:66604-67014	0.013589006045323	5.39551396836591	0.157840891338565	0.876116825437217	0.963379392374481	-6.84708493984937
15:370436-371388	0.0135788123777747	5.78719629543735	0.129492632075395	0.898222014729058	0.972811854695492	-6.85130469175176
10:215347-216160	-0.0135674544952753	6.05624365355402	-0.135420710585587	0.893591811151924	0.970931868862823	-6.85049099631323
8:639489-639757	0.0135126548421542	4.46640898984925	0.113945225919039	0.910382786116195	0.974369274194469	-6.85326600559427
14:228118-228445	0.0134352969692664	4.8703778895511	0.119057066347611	0.90638179779598	0.974008901970881	-6.8526487485037
5:490487-491373	-0.0133260675504712	5.93263800326099	-0.13526983519579	0.893709606795336	0.970931868862823	-6.85051215649218
2:475987-476273	-0.0133221628865234	4.92243425068313	-0.121229121354872	0.904682517079301	0.97376525782852	-6.85237828415885
4:528263-529203	0.0132098405413226	6.17666856810687	0.154827833255367	0.878461733244546	0.965143524301077	-6.8475729059061
8:442904-443738	0.0131684293382888	6.29654146220019	0.157968239220927	0.876017742708188	0.963379392374481	-6.84706410916018
8:274207-274785	0.0131600098134426	5.38911802237087	0.157019958260322	0.876755600531019	0.963505540873273	-6.84721882019395
9:248964-249861	-0.0131286809989044	6.27809401104279	-0.13523955409381	0.893733249005585	0.970931868862823	-6.85051640056067
3:330139-330899	-0.0131209518988831	5.82848024956757	-0.145812449285173	0.885484699459576	0.967583525432791	-6.84897690840464
5:297697-298744	-0.0131195391076364	6.20960667897092	-0.113127143586842	0.911023320826151	0.974369274194469	-6.85336227860396
5:695138-696317	-0.0131130517856555	6.6028420252727	-0.149849166348492	0.882338873755344	0.966792851634987	-6.84835864170236
4:901330-901756	-0.0130234868010604	5.32511240343674	-0.158126237941622	0.87589481506592	0.963379392374481	-6.84703824152367
5:706314-706683	-0.0129709478996096	4.95496545188692	-0.116338609700793	0.908509196990265	0.974008901970881	-6.85298037073578
2:1000727-1001424	0.0129630572340949	5.6004284748718	0.128603350932542	0.898916924849405	0.972811854695492	-6.85142361960064
8:349575-349913	-0.0129203615770086	4.72618727501818	-0.110666239887426	0.912950509650792	0.975266463292827	-6.85364770421251
1:144238-145422	-0.0129070402539089	6.46062134267946	-0.151537988454979	0.881023357740318	0.966297610694846	-6.84809498236744
4:798861-799123	-0.0129068803611885	4.48934188676167	-0.0906813709507365	0.928620417075109	0.982643669470368	-6.85573338337411
3:599105-599968	0.0128684218149333	6.34866504814552	0.137515919700434	0.891956242867121	0.970677399239785	-6.85019471072257
10:545742-546653	0.0128154530791589	6.32393177258098	0.145162154191965	0.885991659179218	0.967583525432791	-6.84907493250347
1:460203-460499	0.0128092756094187	4.81289750500838	0.112294560939768	0.91167527263772	0.974369274194469	-6.85345954667393
14:306322-306599	0.0128091109257982	4.88932569743179	0.124716978749889	0.901954818593781	0.973516135704263	-6.85193376100582
4:443837-444564	0.0127487523040841	5.9392658046837	0.132621260595948	0.895777883523635	0.971809674697931	-6.85087978256737
11:562034-562326	-0.0127254478531489	4.81907465671505	-0.125170014859557	0.901600609629548	0.973516135704263	-6.85187509832929
16:429323-429589	0.0127164836530227	4.78615396940207	0.0886209225664429	0.930237795675627	0.98349291915664	-6.85592489450403
16:167734-168563	0.0126436144440989	6.3034192893599	0.141814224793976	0.888602440280319	0.968204606303483	-6.84957267183575
1:261372-262176	0.0126365860188891	5.51733607654145	0.112515903707777	0.911501944470625	0.974369274194469	-6.85343375790917
3:335748-336077	-0.0126268070766242	4.97412294273131	-0.129948259369172	0.897866006766904	0.972811854695492	-6.8512434415253
3:199912-200968	-0.0125814140565268	6.547336318342	-0.139083367245662	0.890732979697804	0.97005372679498	-6.84997008746751
17:320873-321276	0.0125572924965498	5.3197958145087	0.12414454639418	0.902402408195821	0.973524506889491	-6.8520075803279
4:337393-337828	-0.0125319772430448	5.41576193758814	-0.137067160364364	0.8923065134115	0.970822545947951	-6.85025855233262
10:585264-585484	-0.0125232424730095	4.47543004409484	-0.124491738707561	0.902130931662899	0.973516135704263	-6.85196284781175
9:411559-411950	0.0125069422659827	5.09548805781963	0.122220529875767	0.903907056031815	0.97376525782852	-6.85225321101017
13:424992-425259	0.012488129482044	4.5284786413749	0.132290394980619	0.896036310875416	0.971809674697931	-6.85092519732448
2:139062-139297	0.0123761969877352	4.80346089608141	0.117732904454974	0.907417966144644	0.974008901970881	-6.8528112373912
3:678052-678261	0.0121626026362809	3.85810217526046	0.103692974097782	0.918414377813668	0.978156882188831	-6.85442243568346
10:259515-259886	0.0121591086080688	5.01540143395939	0.111050783309078	0.912649328515445	0.975177463460284	-6.85360351660899
9:634919-636715	0.0121118573461958	7.05977116658064	0.137577130340363	0.891908467822268	0.970677399239785	-6.85018598660295
9:643016-643774	0.0120798719675603	6.00754644581679	0.113893316927752	0.910423427494813	0.974369274194469	-6.8532721348985
20:63931-65850	-0.0120671281436433	9.23542675626507	-0.125113733752197	0.901644612203326	0.973516135704263	-6.85188239760274
6:740027-740591	-0.0120422544521546	5.41455060139527	-0.127824181156823	0.899525859204751	0.972811854695492	-6.8515271492038
11:344617-345111	0.0120340103200141	5.43476023813303	0.133299647429319	0.895248056900551	0.971661082125816	-6.85078631276189
8:32349-33394	0.0119964628642109	8.49678979240798	0.104168058798025	0.918041992947447	0.978137576870453	-6.85437125196987
12:392335-392679	0.0119417205575516	5.01452939755834	0.127769719654594	0.899568424169938	0.972811854695492	-6.85153436210816
12:345952-346340	0.0119413856662751	5.17788533879407	0.123850920658171	0.902632009532575	0.973537560160917	-6.85204531393042
1:744586-745392	0.0119272287900625	5.90922014509082	0.112494859667487	0.911518423355063	0.974369274194469	-6.85343621194342
16:506680-507007	-0.0119124925229199	4.97083306478823	-0.0927350098434188	0.927008698795079	0.982313195030013	-6.8555381290323
10:13906-14272	-0.0119119794607387	5.22909312169429	-0.121077531591428	0.904801096360325	0.97376525782852	-6.85239731861398
13:268361-268565	-0.0117793836606799	4.36024419646193	-0.118537630840606	0.906788240361402	0.974008901970881	-6.85271270514246
3:286316-287241	0.0116803077373877	6.13057326773255	0.118560038148176	0.906770706779316	0.974008901970881	-6.85270995195698
5:164983-165382	0.0116719215769931	5.00045680473824	0.127981289160115	0.899403071516935	0.972811854695492	-6.85150632455758
14:171833-172088	-0.0116600428533324	4.61086686203371	-0.108597177475581	0.914571264920032	0.976298827040798	-6.85388283068213
3:717817-718054	0.0116125693006337	4.70754407197155	0.103308551409965	0.918715713298	0.978156882188831	-6.85446368076061
4:45962-46408	0.0115212180481521	4.93500366889378	0.135050005047326	0.893881243228764	0.970931868862823	-6.85054294538588
8:327085-328214	-0.0115107050699645	8.13361143965253	-0.0873976524135536	0.931198166082628	0.98349291915664	-6.85603651232322
1:776150-776579	0.0114957293644693	5.27316153816625	0.101546149206579	0.92009735851148	0.979162096219064	-6.85465081153261
15:152952-153302	-0.0114677871826503	5.15728740191257	-0.121580319668223	0.904407805172025	0.97376525782852	-6.8523340943697
8:569614-570409	0.0114155858428031	6.31499479611221	0.122403864822678	0.903763665655693	0.97376525782852	-6.85222997057489
3:87834-88589	0.0113882598768367	5.94269602713121	0.113303800857617	0.910884998039298	0.974369274194469	-6.85334154799365
4:104781-105484	-0.011379811842394	5.85984296221187	-0.107943556321321	0.915083344573743	0.976612553722478	-6.85395618636861
3:476279-476843	-0.0113722919693293	5.64598808406198	-0.112356893744907	0.911626460868902	0.974369274194469	-6.85345228937574
4:188605-188883	-0.0113576595844407	4.68183692421954	-0.12443262665756	0.90217715167589	0.973516135704263	-6.85197047266318
3:409598-410380	0.011304158087821	6.06956975296862	0.115112619476332	0.909468859301243	0.974187615497964	-6.85312742548831
13:428667-429204	-0.011302866155968	5.39953289196652	-0.117827626610954	0.907343839579709	0.974008901970881	-6.85279967423289
12:522137-522458	0.011222307729823	4.60083290208416	0.106965099135115	0.915849987786359	0.976964858277346	-6.85406517157651
1:989240-989473	0.011203285770943	4.37610742780561	0.100172234066716	0.921174627068846	0.980075500537237	-6.8547944617946
16:519765-520142	-0.0110972704425931	4.96178395337136	-0.120616759634381	0.905161543705671	0.973877077180384	-6.85245502969939
9:172946-173287	-0.0110668835603942	4.94353850412091	-0.119660831179381	0.90590940318846	0.974008901970881	-6.85257405768781
4:742436-742778	-0.0110026597855715	5.17936729508666	-0.104902471324432	0.917466377605366	0.977989880009911	-6.85429166941441
3:630476-630714	-0.0109678002431854	4.52741833029654	-0.0966114964855368	0.923967271957817	0.981689378498467	-6.85515765740427
15:119016-120291	-0.0109653211003522	8.93808214057816	-0.0927722764736835	0.926979454485866	0.982313195030013	-6.85553454546539
1:921838-923117	-0.0109544311940173	9.03634944168611	-0.115971399629205	0.908796621227503	0.974083734821433	-6.85302457996696
15:218883-219332	0.0108934832514382	5.1819267048059	0.108697674427358	0.91449253393103	0.976298827040798	-6.85387151270867
6:523425-523928	-0.0108902218815174	5.21472564231261	-0.0861960928906918	0.932141596588484	0.983974895091612	-6.85614463991337
8:202616-203138	0.010882159150726	5.3775627916578	0.104202347261239	0.918015117423356	0.978137576870453	-6.85436754882587
16:124699-125050	0.010623223763095	5.03668500143461	0.0944256719948273	0.925682089722881	0.982007934188822	-6.85537410685291
8:507457-507662	0.0106231374215957	4.56983798529366	0.121106999002126	0.904778045651791	0.97376525782852	-6.85239362038391
9:244696-245054	-0.0106134959735593	4.83417667883698	-0.115013465039072	0.90954648015326	0.974187615497964	-6.85313925083352
3:80504-80751	0.0105627754504471	4.5311412075751	0.0855532778206394	0.932646358916686	0.984093612095965	-6.85620187228694
13:317223-318069	0.0105539879737151	5.94311455238245	0.119751004992694	0.905838852916978	0.974008901970881	-6.85256287004219
3:589611-590089	-0.0105490584816978	5.31076327003663	-0.101559244243121	0.920087091622128	0.979162096219064	-6.85464943297084
1:533349-533553	-0.0105376011681448	4.31162567391057	-0.109582274520794	0.913799562427732	0.975940549135416	-6.85377143787336
14:382616-383472	-0.0105231269350661	6.27352207495379	-0.121728274050296	0.904292076999313	0.97376525782852	-6.85231543968425
2:357039-357251	-0.0104567024207842	4.7745006511835	-0.0903265937873328	0.928898882141905	0.982687638021075	-6.85576667205075
1:216160-216688	0.0104453325096694	5.53112853248543	0.116515899045653	0.908370432918944	0.974008901970881	-6.85295897651877
1:340044-340546	-0.0104248252355017	5.53823399732792	-0.116753709636116	0.908184303687804	0.974008901970881	-6.85293022787024
15:50174-50453	0.0104114226298595	4.73665221055303	0.0870630591594707	0.931460868858728	0.983538298894	-6.85606677242495
12:157605-159087	0.0103635689931822	7.09818221870346	0.118695922870328	0.906664378855225	0.974008901970881	-6.85269324467224
14:375218-375581	-0.0103018812134019	5.18890746829775	-0.103580585312284	0.918502474147306	0.978156882188831	-6.85443450981349
4:517278-518410	0.0102545825361275	8.60743933851741	0.0742041472511939	0.941562711993847	0.985624380952372	-6.85714182207644
6:443648-444938	0.0102262594812608	6.56417936430147	0.116685356095858	0.908237801978671	0.974008901970881	-6.85293849704577
14:398640-399054	0.0102033047455103	5.02033187117682	0.10752561144721	0.91541080344681	0.976729143320125	-6.85400286033206
10:183451-183756	-0.0101641879195578	4.81711073905799	-0.0836993945006992	0.934102259322248	0.984333653361349	-6.85636453312138
4:729272-730811	0.0101584597161199	7.01327341979313	0.117414286574544	0.90766731277857	0.974008901970881	-6.85285006434736
6:177168-178016	-0.0101403982429389	8.7881170612826	-0.0928186176571081	0.926943089234184	0.982313195030013	-6.85553008728087
15:140262-140689	-0.0101266545690093	5.46780943134749	-0.0953388856381687	0.924965611948712	0.981741412672293	-6.85528427850446
1:709915-710276	0.0100160801710532	5.09029949916079	0.0877783018213445	0.930899312538284	0.98349291915664	-6.85600194594449
5:408904-409248	-0.00989424898602742	4.84765046451776	-0.0875064553560011	0.931112742199337	0.98349291915664	-6.85602664736182
4:491005-491707	0.00986326787572711	5.69355309973879	0.0942205281235411	0.925843047872393	0.982007934188822	-6.855394167031
11:394809-395325	-0.0098515652016129	5.38107767419841	-0.0879367987800966	0.930774877288427	0.98349291915664	-6.85598750873537
1:337734-338825	0.00984804050929355	9.31944936184978	0.106056934103252	0.916561630771925	0.977258184691553	-6.85416544028404
7:568109-568375	0.00978859237853502	4.67045878398519	0.0906592441567471	0.928637784150951	0.982643669470368	-6.85573546333958
10:451126-451723	-0.00963450131368759	5.45108826378085	-0.113234161134181	0.910939525653303	0.974369274194469	-6.85334972402527
14:170892-171240	-0.0096302460147033	4.92447288328766	-0.0850285051676123	0.93305845152519	0.984296400901897	-6.85624827747361
8:452275-452973	-0.00959257418980641	6.08444971180754	-0.099435922732719	0.921752023061663	0.980237373432794	-6.85487064255691
10:110046-110430	0.00950349325171906	4.93360708493093	0.0897380337077857	0.929360864340143	0.982944052170718	-6.85582160895804
3:97728-98057	0.00946698789306843	4.9191289738588	0.10630593495376	0.916366505198182	0.977258184691553	-6.85413803356643
6:146799-147432	0.00939545655545881	5.66095331418357	0.0973252238680588	0.923407422039584	0.981517839242265	-6.8550859094013
6:291537-291750	-0.0093852524855409	4.38998271118926	-0.0722708662821041	0.943082396530752	0.986039898825426	-6.85728863416873
15:53401-53759	-0.00922628490869037	4.82502139205725	-0.0827434560639151	0.934853074271469	0.984333653361349	-6.8564470162571
3:346042-346818	0.00917651581448808	5.92380259607697	0.0978031310707292	0.923032572946146	0.981352445726116	-6.85503757248876
4:647708-647926	-0.00916955714333589	4.4355783913974	-0.0796927955855099	0.937249542525554	0.985439573678251	-6.8567039102156
3:521794-522055	0.0090763896513657	4.62791932968836	0.0962806864033813	0.924226774127019	0.981689378498467	-6.85519073339998
5:4192-4725	-0.00892920675573539	5.6541233742208	-0.0994196697590932	0.921764768717299	0.980237373432794	-6.8548723177998
2:618812-620574	-0.00892831418495099	8.82416705140886	-0.078418345250165	0.938250878344995	0.985439573678251	-6.85680837498678
18:172013-172384	-0.00891562991591144	5.02060265580548	-0.0921621971410396	0.927458216429239	0.982420467833014	-6.85559302982451
1:907239-907424	0.00885037456323845	3.77346388149815	0.0725787876242905	0.942840335280212	0.986029615926942	-6.85726551016153
6:102739-104213	-0.00871464851010728	8.91239048719472	-0.0699540077818756	0.944903890635812	0.987483029298598	-6.85745947233073
9:445668-446398	-0.00870825852882984	5.78154990685575	-0.0957632061246746	0.924632726078358	0.981741412672293	-6.85524224625263
10:142935-143324	-0.00870759472380378	5.04161956687341	-0.0787680422947836	0.937976110810385	0.985439573678251	-6.8567798783949
14:4919-5346	-0.00868923161747848	5.13230957210263	-0.0881953994499281	0.930571854968744	0.98349291915664	-6.85596389738376
10:66087-67259	-0.00864132351460967	8.41669626281831	-0.0769619433532398	0.939395301866977	0.985624380952372	-6.85692569339956
14:337546-338736	-0.00857050137940085	9.18131392141418	-0.0783237952837359	0.938325170468433	0.985439573678251	-6.85681605804143
8:312151-313014	-0.00856521495803531	6.08652994782663	-0.0812766972474562	0.936005219498877	0.985083320591812	-6.85657173458085
2:531952-532179	0.00839967080451398	4.41794901340013	0.0794563201657296	0.937435333294723	0.985439573678251	-6.85672342092055
15:487513-487878	0.00839597001816106	5.06479061128084	0.0950999068180014	0.925153100681799	0.981741412672293	-6.85530786912659
9:579404-580091	0.00839376889432231	6.05719195142091	0.0932467317365085	0.926607143638096	0.982313195030013	-6.85548879600232
13:506652-507243	-0.00836039847327097	5.5539410982341	-0.0954378569285198	0.924887966202968	0.981741412672293	-6.85527449130274
16:126113-126500	0.00834081045046364	5.28760070113903	0.0962859112288726	0.924222675473686	0.981689378498467	-6.85519021187757
11:396804-397145	-0.00832483133933604	4.952557800243	-0.0917669655993437	0.927768390869113	0.982420467833014	-6.8556307123247
17:14660-15026	0.00832362232379324	4.82380095322261	0.0837926779843746	0.934028995794864	0.984333653361349	-6.85635643345282
9:269708-269986	-0.00831280631569253	4.93476321452863	-0.0920221638807055	0.927568112020102	0.982420467833014	-6.85560639950329
4:702244-702590	-0.00815481798600892	4.42263339946133	-0.0580703849014678	0.954251336104134	0.988281724271341	-6.85824827994567
12:14382-14854	-0.00811563739639531	5.21348635364905	-0.0909314871658559	0.928424106166351	0.982643669470368	-6.85570983665172
1:513444-513665	-0.00807794909438542	4.32502746403089	-0.0748330539351739	0.941068399420354	0.985624380952372	-6.85709322835126
3:588903-589322	-0.00806520336109084	5.08846759732619	-0.0837118265152174	0.934092495359415	0.984333653361349	-6.85636345418845
4:641227-641491	0.00805040259403178	4.42025156968119	0.0831694308034274	0.934518496665988	0.984333653361349	-6.85641037798361
1:708817-709091	-0.00804450830245518	4.72515443424804	-0.0831464032806424	0.934536583086733	0.984333653361349	-6.85641236339789
15:20624-20935	0.00797920712826539	4.69264524806209	0.0760123066928816	0.9401415877917	0.985624380952372	-6.85700100619634
3:301999-303115	-0.00796191089726861	9.26462326876864	-0.0470281073480265	0.962943086573842	0.99030564022534	-6.85885002590242
16:38996-39352	0.00788704775167748	5.24607103401862	0.058233500630218	0.954122983244361	0.988281724271341	-6.85823844355987
13:516514-516791	-0.00787209030384872	4.73736199704317	-0.0807339001624626	0.936431625530084	0.98516802176308	-6.85661732344462
9:75076-76420	-0.00779913162329926	9.60465589953509	-0.0652643690547154	0.948591780569382	0.987738449833155	-6.8577882445985
17:144935-145732	-0.00779855212065605	6.11628879646614	-0.0828987029714889	0.93473113570334	0.984333653361349	-6.85643368517654
4:688640-688886	0.00777459802191593	4.28228296965797	0.0725636067708989	0.94285226902755	0.986029615926942	-6.85726665250278
6:715522-715987	0.00774814450320527	5.46309733245022	0.0777644145848971	0.938764712594324	0.985552789114845	-6.85686132334457
4:481019-481967	-0.00772798746564796	6.30364560692138	-0.0834648029414711	0.934286506859831	0.984333653361349	-6.85638486251702
1:1013122-1013550	-0.00765430829337177	5.21730410824651	-0.0859765140766111	0.93231401476397	0.983974895091612	-6.85616423802703
4:482599-482875	0.00762693565530803	4.72183823439191	0.0657331434777094	0.948223085928469	0.987738449833155	-6.85775640606029
1:975499-976771	0.00761581570224479	8.25573489743226	0.0526234769805254	0.958538120624169	0.988549411506915	-6.858560906366
10:378957-379447	-0.00749732502083233	5.44613781325722	-0.0813511953701907	0.935946697417439	0.985083320591812	-6.85656545374942
12:266018-266328	-0.0074912698411449	4.73355455431699	-0.0765762631922146	0.93969838743464	0.985624380952372	-6.85695639321883
13:100451-101063	-0.0074899771285537	5.56017248219629	-0.0762744083498562	0.939935605681336	0.985624380952372	-6.85698031308109
9:497667-497882	0.00731290603153756	4.37328505216162	0.072630298574715	0.942799842358507	0.986029615926942	-6.85726163224333
18:54418-55462	-0.00722933741805143	9.26238655941497	-0.06482178327375	0.948939888498057	0.987738449833155	-6.85781809539709
7:424300-424496	-0.00715856284730343	4.24906668962548	-0.0806138948723127	0.936525900938764	0.98516802176308	-6.85662736133401
16:193439-193755	0.0071512184501703	4.56533489434737	0.0682522633977063	0.946241985057866	0.987738449833155	-6.85758141000408
7:715442-716504	-0.00714264218144045	9.11735082016692	-0.0516763236770994	0.959283677321177	0.988549411506915	-6.85861212916732
14:426824-427202	-0.00713305954576349	5.09917506603083	-0.0678114077844405	0.946588659879214	0.987738449833155	-6.85761250979915
7:457798-458930	0.00710710335247899	6.40128657301534	0.0727436338801292	0.942710749674231	0.986029615926942	-6.85725309029791
15:462573-464160	0.00710109055475172	9.81785942290556	0.0640344926326027	0.949559143697358	0.987738449833155	-6.85787069346414
6:137690-137956	-0.00707123305469182	4.8175065389253	-0.0673611523808218	0.946942737609842	0.987738449833155	-6.85764406476585
3:641950-642150	0.00706224654199383	4.02999024262816	0.0634482854343795	0.950020254992697	0.987882792712861	-6.85790944006953
7:725544-726871	0.00702448665390776	8.77653015258928	0.0533953254180954	0.957930584848528	0.988549411506915	-6.85851847641099
3:435316-435682	0.00701342803676397	5.11521169728625	0.077626167970237	0.938873345126385	0.985552789114845	-6.8568724603444
2:1049758-1050835	0.00697706075369453	9.52298487956485	0.0555842249192226	0.956207806741177	0.988465902059537	-6.85839478912107
1:783086-783975	0.00697657763878379	6.08950024376195	0.0789906972008156	0.937801168254042	0.985439573678251	-6.85676166836051
1:972615-973588	0.00688391066547034	6.15437393943893	0.0772801861924724	0.939145218809611	0.985607033855057	-6.85690024546398
6:779436-779637	0.00684485924266465	4.36754908101032	0.0788030574648245	0.93794859876959	0.985439573678251	-6.8567770180514
6:477306-477554	-0.00680245073199348	4.54608095042359	-0.0597754022594133	0.952909751972042	0.988281724271341	-6.85814409944975
11:355761-356108	-0.00679549645367494	4.53713700736197	-0.0632935638813377	0.950141962160158	0.987882792712861	-6.85791960730433
15:230396-231202	-0.00676239620801233	6.109611138012	-0.0758074367338654	0.940302595288677	0.985624380952372	-6.85701713125786
6:116218-116625	0.00675692856589105	5.06611998913254	0.0749908955877564	0.940944341729301	0.985624380952372	-6.85708096805657
3:177492-178848	-0.00670890003273072	8.98643022954698	-0.0615492556936921	0.951514156708827	0.988281724271341	-6.85803251441927
2:513538-514838	-0.00667492004829384	8.91609461229025	-0.0515330239534734	0.959396479800276	0.988549411506915	-6.85861979792761
17:2156-3236	-0.00666177687516534	6.27147258455494	-0.0743936840985278	0.9414137359121	0.985624380952372	-6.85712722028578
1:70493-71293	0.00664407371323161	5.76412406757035	0.0669200341842604	0.947289640821572	0.987738449833155	-6.85767477560433
7:39592-39973	0.00662097724714705	5.0139082028955	0.0613100384816034	0.951702353802083	0.988281724271341	-6.8580477527569
17:239959-240282	0.00655963645856605	4.99242615096101	0.0552834066564607	0.956444553579056	0.988465902059537	-6.85841208175015
6:479649-479897	-0.0065022925047078	4.64431822714003	-0.0611640906579423	0.951817175373996	0.988281724271341	-6.85805702062058
10:228188-228535	0.00650011184282207	5.1433995013759	0.0711435437938274	0.943968648417244	0.986736027630916	-6.85737245442767
7:652198-652424	0.00635112652309378	4.56592958400685	0.0524532128768683	0.958672142055851	0.988549411506915	-6.85857018295228
10:212803-213893	0.00631729234212397	6.25495033539921	0.0754842626355589	0.940556583447634	0.985624380952372	-6.85704247947066
16:173035-173242	-0.00631236270684532	4.61134383901601	-0.0652469436289504	0.948605486027439	0.987738449833155	-6.85778942371956
11:443496-443835	0.00628435933542448	5.00738510800712	0.0671025941796612	0.947146071081435	0.987738449833155	-6.85766209016107
17:179330-179617	-0.00621006527784651	4.6522367535904	-0.0642653786196832	0.949377533470295	0.987738449833155	-6.85785533479163
11:440621-440821	-0.0062058661611184	4.53129163768373	-0.0741771007727907	0.941583970722149	0.985624380952372	-6.85714390268357
10:109259-109659	0.0061956664280638	5.18443171119283	0.0629517743366847	0.950410825295525	0.987932850446533	-6.85794197940623
2:687103-687325	0.00618993277945545	4.08496080278812	0.0566583312545595	0.955362508843795	0.988281724271341	-6.85833227829372
7:702445-702759	-0.00615605787242401	4.83444283249928	-0.0640311347075753	0.949561784993759	0.987738449833155	-6.85787091642764
2:448664-449250	0.00612637982372721	5.69594588875677	0.068805121836729	0.945807250241875	0.987738449833155	-6.85754212435715
1:858404-858773	0.0060679992641921	4.76723556711341	0.0567237375064015	0.95531103730371	0.988281724271341	-6.85832843314893
1:681876-682452	0.00604251919572807	5.56736112124919	0.0658052249115925	0.948166394388007	0.987738449833155	-6.85775149018024
14:504695-504992	-0.00603918424870109	4.83483026000124	-0.0601466878094568	0.952617626710986	0.988281724271341	-6.85812101347695
1:171942-172320	-0.00596893915435892	5.20436664788344	-0.0608538423540234	0.952061260674977	0.988281724271341	-6.85807664840713
11:121424-121897	0.00595229574995049	5.12654486217043	0.0648177239108139	0.948943081365916	0.987738449833155	-6.85781836824667
16:358402-358998	0.00594691556381122	5.53342962086178	0.0588454342963069	0.953641474969221	0.988281724271341	-6.85820129622716
3:350270-351686	0.00594561395734861	6.59643539627094	0.0654613926742232	0.948436818552185	0.987738449833155	-6.85777489076317
7:339228-340935	-0.00592730953804033	6.98401416677634	-0.0656642681594036	0.948277256144665	0.987738449833155	-6.8577610982551
6:648462-648837	-0.00576779459670096	4.97417524815631	-0.0602105531752524	0.952567378509428	0.988281724271341	-6.85811702802099
9:576658-576870	-0.00571578514071458	4.14394020691387	-0.0449588752750894	0.964572409170157	0.990871299107291	-6.85894872381786
14:517956-518361	-0.00562702214369981	5.22299552395306	-0.0490739782522028	0.961332322046673	0.989713457388028	-6.85874807775738
7:491826-492046	0.00560459210629549	4.49956419099734	0.0641352293815093	0.949479905870386	0.987738449833155	-6.8578639991909
6:372818-373678	-0.00557016964976587	6.35239023983809	-0.0644217772289774	0.949254515105586	0.987738449833155	-6.85784489967171
1:888166-888793	-0.00552909129273527	5.6477170559281	-0.0558518981555422	0.955997148843235	0.988465902059537	-6.8583793229671
4:616273-616699	0.00552571298663107	5.2492083480424	0.0529319082086087	0.958295345737421	0.988549411506915	-6.85854402541497
8:208768-209407	-0.00551588579382667	5.67204837203495	-0.0579421736245096	0.954352224167666	0.988281724271341	-6.8582559921243
7:529105-529374	-0.00547920749707753	4.73221376506479	-0.0572995476926319	0.954857911348225	0.988281724271341	-6.85829439067021
4:582910-583876	0.00547150885360015	6.20162464487148	0.0664804430703598	0.947635353787333	0.987738449833155	-6.85770517948871
9:476357-476647	0.00546532590764404	4.55959119996911	0.0451561219124501	0.96441708931793	0.990871299107291	-6.85893950700174
7:293327-294486	0.00540231437337901	8.65977021971304	0.052910413406844	0.958312264765494	0.988549411506915	-6.85854520505812
6:436351-436598	-0.00540087719363491	4.68670517883613	-0.0484233091448415	0.961844591803972	0.989713457388028	-6.85878097197742
5:300248-300990	-0.00530900727407957	6.14160450796231	-0.0576607347019311	0.954573688156797	0.988281724271341	-6.85827286151021
16:213347-213761	-0.00530322013352347	5.31841707002112	-0.0624740726872124	0.950786611610912	0.988094003615148	-6.85797304484876
1:1054502-1055552	0.0052496654034746	6.33300414305016	0.0595456868855661	0.953090494067037	0.988281724271341	-6.85815831124621
6:189139-190202	-0.00519369864667496	6.42536727749943	-0.0573547203467723	0.95481449480248	0.988281724271341	-6.85829111076254
12:498136-498356	-0.00518686406495217	4.48324463237677	-0.0585377083248103	0.953883611048533	0.988281724271341	-6.85822002520309
8:648942-649162	-0.0051619753405534	4.41675294739453	-0.0421919025753478	0.966751382906285	0.991334918357756	-6.85907376501918
6:314638-315498	-0.00515476448116114	6.1171291033601	-0.0577538951786773	0.954500379858585	0.988281724271341	-6.85826728658365
3:551320-552297	0.00511365218904025	6.13506026643642	0.054274492382254	0.957238608729256	0.988549411506915	-6.85846939454004
6:757476-758489	-0.00509922353962278	6.3864839042962	-0.0566320902730387	0.955383159276607	0.988281724271341	-6.85833381971886
1:295062-295472	-0.0050189544449788	5.23747597600214	-0.0485626462041913	0.961734890740543	0.989713457388028	-6.85877396480357
18:106189-106552	-0.00494159607699007	4.81144174149111	-0.0447344485108017	0.964749133491862	0.990871299107291	-6.85895916162842
3:687267-688030	0.00492169166974588	6.11044759497549	0.0539274051354371	0.957511790602271	0.988549411506915	-6.85848886735318
10:93542-93954	0.00486665948930209	5.24889724754606	0.0548591769368103	0.956778433418395	0.988549411506915	-6.85843630928676
1:284448-284808	0.00475945866700123	5.11128957969864	0.0468387921243087	0.963092147430944	0.99030564022534	-6.85885924033468
20:130124-130522	0.00468807119844783	5.13961916098107	0.0515678593116258	0.959369058070586	0.988549411506915	-6.85861793565369
2:580817-581154	0.00468765514366165	4.93646771836434	0.0428790355288201	0.966210244422908	0.991334918357756	-6.8590434539722
9:286797-287282	-0.00468463838129196	5.49988333299819	-0.0521205968216391	0.958933960575882	0.988549411506915	-6.85858821833686
18:149597-150460	0.00466503137701757	6.05763814696529	0.0553569343157061	0.956386686228943	0.988465902059537	-6.85840786365306
2:607160-607359	0.00466317256659288	4.44117869146782	0.0343007333891017	0.972967035121936	0.992027437176717	-6.85938676691198
8:297592-299230	-0.00466176437610955	8.56426440932591	-0.0406179651872982	0.967990968901366	0.991334918357756	-6.85914135004599
7:305072-305912	-0.00463985356676488	8.59152055316736	-0.036251957505944	0.971429930864698	0.992008876856445	-6.85931538113738
6:284729-285086	-0.00461490274484877	5.12964053935847	-0.0520727152758382	0.958971650897246	0.988549411506915	-6.85859080516573
15:295245-295667	0.00442006990122046	4.75840563606134	0.0453692651403014	0.964249253488252	0.990871299107291	-6.85892950203209
3:376171-376454	0.00427973285886551	4.81610728003383	0.0421375148733919	0.966794215612076	0.991334918357756	-6.85907614327966
8:551214-551616	-0.00420952299491795	5.27226953769932	-0.0420373974165304	0.9668730627788	0.991334918357756	-6.85908051318702
8:64759-65015	0.00418419896972999	5.92419492477353	0.0359167607208383	0.971693978910714	0.992008876856445	-6.85932792521025
1:186197-187161	0.0041141955380084	6.48809466116208	0.0472048223645526	0.962803947979217	0.99030564022534	-6.85884139122032
2:627521-628445	-0.00410491200149465	6.27253935154309	-0.0490645711657609	0.961339728094847	0.989713457388028	-6.85874855645468
3:473209-473461	-0.00409377529478228	4.40229970729908	-0.0348648404646173	0.97252264048022	0.992027437176717	-6.85936653469286
3:495884-496556	0.00406095556811881	5.71696383278201	0.0407936907795208	0.967852568503315	0.991334918357756	-6.85913393175634
15:282433-282683	0.00405168377607534	4.26426628424585	0.0375044503639651	0.970443321671816	0.991872477062377	-6.85926747804977
11:279463-279989	-0.0040348385922373	5.57075381481567	-0.0415388508280334	0.967265696632495	0.991334918357756	-6.85910211891487
12:486274-487051	-0.00402721538342821	6.17066495326182	-0.0484127680776183	0.961852890893191	0.989713457388028	-6.8587815012621
2:975384-976097	0.00402610178440188	5.93418901417045	0.0489694740381074	0.961414596738268	0.989713457388028	-6.85875339049913
16:480532-481582	-0.00397998363172913	6.23923865585196	-0.0404381783360315	0.968132568993913	0.991334918357756	-6.85914890664456
7:491112-491360	-0.00396493580641177	4.48930570833697	-0.037816105438119	0.970197833337854	0.991872477062377	-6.85925530568447
4:862249-862887	0.00395043066994383	5.71835532402906	0.0402240465958283	0.968301220522812	0.991334918357756	-6.85915786305673
13:476980-477312	-0.00395019690124787	4.71856385486653	-0.0347630314888609	0.972602843309501	0.992027437176717	-6.85937021056875
19:92576-92989	-0.00386275359254284	5.438694904872	-0.0375604538999929	0.970399207889559	0.991872477062377	-6.85926529813332
4:438237-439255	0.00382273383773057	6.34641899030698	0.0425480556769902	0.966470899237555	0.991334918357756	-6.85905811538406
18:81482-82543	0.00380322295648128	6.3543077118512	0.0454279358336348	0.964203054596494	0.990871299107291	-6.85892673975484
2:564555-564972	0.00375552240692567	5.42363026857088	0.0433508743865418	0.96583866637171	0.991334918357756	-6.85902235654385
7:533583-533846	0.0037309845546547	4.7055744524426	0.0382917974492881	0.96982314021155	0.991872477062377	-6.85923653231456
8:263006-263481	0.00372905612411678	5.28389692350772	0.0376870519879842	0.970299487393447	0.991872477062377	-6.85926035836507
1:820338-820818	0.00362652130765095	5.55591267449107	0.0410135870944696	0.96767938098079	0.991334918357756	-6.85912460368774
16:312791-313211	0.00355947481459307	5.55581134164604	0.0373200919125746	0.970588540840928	0.991872477062377	-6.85927463115766
5:561006-561234	0.00355384977909878	4.63616348607291	0.0279909132142061	0.977938391883046	0.993909034531146	-6.85959058530723
7:498923-499799	0.00351616264408783	6.25671325687165	0.0415262381889593	0.967275629915628	0.991334918357756	-6.85910266217175
18:265533-266326	-0.00348373510873046	6.18286439572653	-0.0393205064513391	0.969012871197773	0.99183663651526	-6.85919513153626
17:193078-193839	0.00346354523038528	6.00160547296177	0.0373067215359838	0.9705990727286	0.991872477062377	-6.85927514855757
13:391584-392089	-0.0034591934495074	5.63422283699459	-0.0295489590222196	0.976710751156821	0.993579929799367	-6.85954409644392
9:31774-32203	0.00345057237542878	5.41271679209903	0.0361455335237448	0.971513764970888	0.992008876856445	-6.85931937646665
1:173614-174572	-0.00344893452884776	6.29165039549873	-0.0418858400833385	0.966992421908944	0.991334918357756	-6.85908710855691
4:683822-684650	-0.00336360293880134	6.0974482639219	-0.0325622419604638	0.974336647259689	0.992030023928994	-6.85944704394844
1:200287-200906	0.00331189122922204	5.72116482321091	0.0343817272818118	0.972903228855153	0.992027437176717	-6.85938388227967
8:682676-683176	0.00329133567903561	5.48097220044468	0.0357305205789255	0.971840689234922	0.992008876856445	-6.85933484452585
15:141977-143356	0.00328327498727532	6.96476989558039	0.0346811615139598	0.972667338856714	0.992027437176717	-6.85937315873776
2:608053-609434	-0.00325818785737297	8.87718586772948	-0.0328311876133685	0.974124762027308	0.992030023928994	-6.85943792398006
9:407141-407402	0.00320650101688891	4.49084247188299	0.0232906311313326	0.981642241771296	0.99520207685772	-6.85971557907169
1:600599-601649	0.00318808401416781	8.30087176637131	0.032328239824775	0.974521004293071	0.992030023928994	-6.85945491795655
17:90091-90480	0.00316901834789807	5.40724020072792	0.0300031629778642	0.976352878424486	0.993579929799367	-6.85953007002764
10:583851-584051	0.00314507799957742	4.26009890400223	0.0248639931743385	0.980402371656528	0.99520207685772	-6.85967629000106
3:401806-402115	0.00307919579978133	4.9496239364104	0.0324310263942084	0.974440024394147	0.992030023928994	-6.85945146625356
11:155186-155462	0.00307240250843233	4.82997143154622	0.02928576710065	0.976918125530955	0.993579929799367	-6.85955212625475
14:453768-454964	-0.00301886484247049	9.43323880673438	-0.0236044122297233	0.981394966229793	0.99520207685772	-6.85970794845816
1:986211-986565	-0.0030094563025429	5.09113291017919	-0.0292688276530842	0.976931472530611	0.993579929799367	-6.85955264060555
9:318707-319508	-0.0029541348908495	6.00989806195807	-0.0285879453656784	0.977467961821981	0.993899726741296	-6.8595730686066
5:344163-345050	0.00294342234284173	6.16186426423238	0.03305083974055	0.97395171349373	0.992030023928994	-6.85943041991282
14:352956-353934	0.00292669427512493	6.28762492633488	0.0326390423073718	0.97427614093532	0.992030023928994	-6.85944444729402
14:121720-121990	0.00292219569311314	4.75255506709222	0.0261349055964484	0.979400880513722	0.994509605530722	-6.85964267911082
12:270072-271057	0.00290039047315993	6.29605338232224	0.0357822207668731	0.971799962405499	0.992008876856445	-6.85933292733309
14:270625-270889	0.00284315863816431	4.56645755503553	0.0216005389525169	0.982974152725997	0.995266505507133	-6.85975492302707
1:1011262-1012402	0.00281240120462201	6.44484938843795	0.0325988996881593	0.974307766844776	0.992030023928994	-6.8594458052971
4:149350-149955	-0.00275708754401638	5.58340688181978	-0.0271589620869544	0.978593939498113	0.994141278527815	-6.85961437800036
13:178889-179297	0.00269990120075114	5.17382987578934	0.0266966275912105	0.978958249223032	0.994285709898409	-6.85962728986875
1:29265-29616	-0.0025929456174163	4.85622606349571	-0.0241899718640502	0.980933520467442	0.99520207685772	-6.85969343558888
10:440343-440666	-0.0025367714832969	4.59110100886194	-0.0170246364535436	0.986580528720223	0.995266505507133	-6.85984657812285
12:99002-99273	-0.00252691839263353	4.40781216351223	-0.0215029467950932	0.983051063773289	0.995266505507133	-6.85975710442483
11:78720-79587	0.00245760404513629	5.89594969938601	0.0277308957642252	0.978143274600022	0.993909034531146	-6.85959809857076
11:528407-528657	0.00239224926941883	4.8581537088026	0.0233178890624958	0.981620761052994	0.99520207685772	-6.85971492025578
4:592659-593201	0.00233935783490846	5.5369915458251	0.0281672103972605	0.977799478072278	0.993909034531146	-6.85958545127463
18:116668-116934	0.00233610494001812	4.41593765422222	0.0232618827835605	0.981664897033675	0.99520207685772	-6.85971627307564
14:292995-294269	0.0022819095769524	8.8975930592891	0.0217014238440022	0.982894646898627	0.995266505507133	-6.85975265764647
1:266020-266394	0.00222552966616618	5.05266538111113	0.021836312351827	0.982788343630824	0.995266505507133	-6.8597496122198
4:694429-694724	-0.00211926309948485	4.79551602088627	-0.0198005563309619	0.984392721008102	0.995266505507133	-6.85979356759394
1:925151-926113	-0.00210544092696452	6.26156956811033	-0.0230123203912024	0.981861566444078	0.99520207685772	-6.85972226165949
6:163785-164064	-0.00207548835972737	4.48465183273855	-0.0162160340809071	0.987217840083682	0.99544650872146	-6.85986051663257
2:682595-683018	0.00203987471269418	5.31218580105944	0.0237143993783096	0.981308291188937	0.99520207685772	-6.85970524959231
2:854417-855386	0.00197549409305697	6.23015515842516	0.0186340657316604	0.985312062140905	0.995266505507133	-6.85981681708386
3:759450-760220	0.00196607922530934	5.98200603681086	0.0199376534354332	0.984284672703632	0.995266505507133	-6.85979074241723
4:554855-555660	0.00195523013331655	6.09250378540243	0.0215115336477948	0.98304429658507	0.995266505507133	-6.85975691288624
6:630749-631185	0.00194408507777144	5.32748376121027	0.0210414380353014	0.983414774807346	0.995266505507133	-6.85976728635242
6:49922-50357	-0.00187749446279017	5.3945585910769	-0.0205821396829551	0.983776747515175	0.995266505507133	-6.8597772002063
3:673987-674311	0.00183431897974717	4.85845522032285	0.0177416965465857	0.986015375376926	0.995266505507133	-6.8598336502985
18:32921-33784	-0.00176382498673178	6.20163024675178	-0.0206754471263683	0.983703211691788	0.995266505507133	-6.85977520389395
3:815535-816589	-0.00169934793997761	6.44943856597903	-0.0200786449863452	0.984173555449925	0.995266505507133	-6.85978781665574
12:117741-117999	-0.00166385692485793	4.75741320593966	-0.017281142741357	0.986378361573067	0.995266505507133	-6.85984201484956
14:81783-83659	0.00164123746406997	7.12712383435243	0.0179567769267293	0.985845860501917	0.995266505507133	-6.85982966866669
14:424868-425322	0.00162871239998097	5.42181537762351	0.0182698420412347	0.98559912051848	0.995266505507133	-6.85982378737209
7:100392-101028	0.00159812605250043	5.65100113877576	0.0172026418801494	0.986440232452989	0.995266505507133	-6.8598434186341
2:411117-411404	-0.00156689490830519	5.14094463878381	-0.0168931653924402	0.986684148876448	0.995266505507133	-6.85984889055598
8:438857-439569	-0.0015589017907871	8.83331433842702	-0.0150106596808008	0.988167889048785	0.995930583431362	-6.85988003575145
3:457721-458076	0.00153395531684097	4.95156514020394	0.0185070261641639	0.985412186568122	0.995266505507133	-6.85981926391372
18:19561-20443	-0.00151436586058917	6.21848669246445	-0.0151861913656168	0.988029537771074	0.995930583431362	-6.85987728703613
5:619534-620414	-0.00149201881918692	6.07274127698894	-0.0167922119001916	0.986763716486955	0.995266505507133	-6.8598506540507
9:401335-401602	0.00143855938788295	4.77316939388813	0.0127568720735646	0.989944320928986	0.996399995610106	-6.85991248940319
3:74870-75777	-0.00141228423510054	6.14020468721526	-0.0142562851340833	0.9887624793441	0.995930583431362	-6.85989148500813
14:385033-385300	0.00134990711807337	4.78549748683342	0.0167246469893568	0.986816968597108	0.995266505507133	-6.85985182839645
18:121259-121640	-0.0013452357740702	5.16918676272594	-0.0141068227069628	0.988880284906149	0.995930583431362	-6.85989368336909
9:18139-18828	0.00132992326767933	5.77257397528431	0.0139131453181588	0.989032940874085	0.995930583431362	-6.85989649760057
4:195004-195295	-0.00132477533056541	4.69320646932044	-0.0128815341901521	0.989846060956918	0.996399995610106	-6.85991083195691
8:319201-319595	0.001306447339811	5.12679146769058	0.0142608523645042	0.988758879479305	0.995930583431362	-6.85989141746643
2:509014-509341	0.00128099863963893	5.1158618846399	0.010249253806904	0.991920884258956	0.998164990544759	-6.85994240650391
17:216527-217660	0.00104491702324694	8.96754764094921	0.00863164691886559	0.993195948896697	0.998191502288221	-6.85995824490082
6:274456-274645	-0.00090881651927166	4.20382702718399	-0.00653621643014137	0.994847681093898	0.998191502288221	-6.85997472705054
8:204014-204520	-0.000846086120348311	5.1887595818901	-0.00745955751756461	0.994119850092403	0.998191502288221	-6.85996802549733
8:230853-231125	0.000843288563601163	4.68463192808204	0.00769723987379417	0.993932495897548	0.998191502288221	-6.85996615730922
20:107397-110496	-0.000827189950676654	9.76505194016025	-0.00631258108646749	0.995023964160797	0.998191502288221	-6.8599762171645
4:375131-375561	0.000809827465403146	5.04204810211516	0.00859703897999673	0.993223228521579	0.998191502288221	-6.85995855410386
3:731354-731977	0.000803644381898394	5.75496747393496	0.00772974319006381	0.993906875038826	0.998191502288221	-6.85996589727839
20:43392-45456	0.000796931368505227	8.97781893576687	0.00680116722814092	0.994638831007308	0.998191502288221	-6.85997289451517
1:931273-931663	-0.000768677881577418	4.95925102390434	-0.0069302432947284	0.99453708566339	0.998191502288221	-6.8599719753844
6:524676-525084	0.000759910246900475	5.22017337266966	0.00825139380679717	0.993495682962372	0.998191502288221	-6.85996157409682
6:660774-661180	0.000759342281280162	4.94493435451421	0.00850440275738469	0.99329624884385	0.998191502288221	-6.85995937564523
3:939165-939945	0.000633685086738112	5.99629864525265	0.00693391439620829	0.994534191886771	0.998191502288221	-6.85997194899034
2:465562-465916	0.000632184028512839	5.08883935603553	0.00540624619032273	0.995738395379112	0.998191502288221	-6.85998172510901
2:641964-642290	0.000618539747877733	4.98601769752089	0.00581132769103124	0.995419083703401	0.998191502288221	-6.85997936865963
11:48242-48568	0.000571625376061924	4.94276240339951	0.00564740288226771	0.995548299844066	0.998191502288221	-6.85998034274705
12:76627-77188	0.000557125664140123	5.62422593975303	0.00613286870478225	0.995165624649999	0.998191502288221	-6.85997737702354
10:459506-459810	0.000511669967814932	4.93878166093913	0.00608318692443415	0.995204786951838	0.998191502288221	-6.85997769175836
4:384455-384771	-0.000504398077431745	4.90368248420867	-0.00470317214494071	0.996292605935044	0.998299911386894	-6.8599854110139
4:930043-930404	0.000457190359173687	5.33773363647046	0.00497101956096983	0.996081470228114	0.998299911386894	-6.85998406726201
12:286336-286904	-0.000314258628058006	5.41562933015014	-0.00364922132476786	0.997123404826412	0.998908764548572	-6.85998997609345
9:674379-674883	0.000291581199830304	5.6186525369304	0.0029250236386278	0.997694270877824	0.999257005247066	-6.8599924450885
1:848237-848452	0.000240096997494277	4.28070039528863	0.00195974286062149	0.998455178327731	0.999795386620788	-6.85999489029066
3:918703-919380	0.000144172345745375	5.73111850224885	0.0013064646699153	0.998970142599205	0.999861197096697	-6.85999599681077
3:892413-893283	8.46481977054836e-05	5.76445382462089	0.000783631741524372	0.999382280193871	0.999861197096697	-6.85999656350222
5:163489-164695	4.70766108460197e-05	9.66181059231726	0.00038201661368624	0.999698864612873	0.999861197096697	-6.85999680627224
7:184451-184937	4.34292140329973e-05	5.37186865307357	0.00042925088712394	0.999661630864805	0.999861197096697	-6.85999678640037
14:513503-514086	2.67891456537939e-05	5.57719132811316	0.000285680452178881	0.999774804311	0.999861197096697	-6.85999683962918
1:1065440-1065851	1.55218406456825e-05	5.03140042537392	0.00017608363643532	0.999861197096697	0.999861197096697	-6.85999686587351
