logFC	AveExpr	t	P.Value	adj.P.Val	B
2:605411-605870	-0.658228504103657	6.83534457392537	-5.05640127008272	5.52042831304834e-05	0.0836603324583329	1.61784327986739
9:147649-148260	0.604361535865233	7.30757828113518	5.34312877730009	2.83662813240417e-05	0.0836603324583329	2.1407600854488
7:219415-219639	0.60121916491654	4.90305355598366	4.80481413515823	9.95419709123576e-05	0.0836603324583329	1.1502945697869
2:533704-534406	0.55869896507529	7.34924256187639	4.82033274628264	9.59754334351262e-05	0.0836603324583329	1.17934743321684
4:370206-370345	0.522338063668371	3.6564282695379	4.00944911419294	0.000653821454762531	0.225115756270545	-0.365688477948455
2:185641-186238	0.491571248820595	7.28531134103551	4.79472801073553	0.000101931554010178	0.0836603324583329	1.13139790415875
5:0-214	-0.484116324528985	4.42182688980742	-1.45901391861466	0.159619433841254	0.772967761391932	-4.7494021837879
4:19156-19621	0.471082506054954	6.16256045188381	4.46034126753379	0.000224461999976176	0.143527415984767	0.499235788934743
15:485957-486194	0.469550704658336	4.38940040765035	4.75415233878322	0.000112145217772564	0.0836603324583329	1.05526761587204
9:50952-51457	0.455663554221612	6.71026537961419	4.10653157531373	0.000519358502123105	0.193720721291918	-0.17871741476764
15:465168-465699	0.442604715161512	6.66256860697494	4.2821894475071	0.000342374958804853	0.153247031561052	0.158731645474882
7:594147-594241	0.432959854425032	3.78145949955736	3.3827620562047	0.00286153327818149	0.401806491538301	-1.57010737427584
8:656265-656487	0.431550492013116	4.08457382905037	2.77502758939359	0.011466802691972	0.587140600073218	-2.70169306403788
15:257922-258146	0.430586210238878	3.92458418257448	4.31612989415541	0.000315898726522231	0.153247031561052	0.223758441871072
2:24267-24675	0.425570996318467	6.11912021331269	3.30930945476767	0.00339472209978143	0.415165958285036	-1.70976160141934
2:771976-772181	0.423216071008397	4.19938492534476	3.23702891658919	0.00401359135270648	0.419480168225539	-1.84660318091479
11:565516-565849	-0.423117652240955	4.86924129504492	-4.37455442294644	0.000275041858943383	0.153247031561052	0.335531682444898
2:109807-110307	0.41087350196275	6.68017675640463	3.28079647939462	0.00362685689243539	0.415165958285036	-1.76381630737992
1:686923-687171	0.407392275372176	4.34756011780329	3.84265086940093	0.000970606031450082	0.27152703729816	-0.687241151091809
6:615791-616182	0.406557220408448	5.68272229629895	3.48858261566085	0.00223475088261432	0.401806491538301	-1.36803219161647
2:452271-452918	0.405327546344899	7.51053379429666	3.18931774993253	0.00448091253710755	0.436012272088987	-1.93657111237173
8:249530-249783	0.39871360797685	4.36995658945043	4.12100037927961	0.000501835218723571	0.193720721291918	-0.150874623767976
2:336376-337740	0.389420052945894	7.59327652977718	3.75246043943919	0.00120123843642704	0.316279014202791	-0.861061601257054
15:50872-51244	0.387487173133085	4.913998652769	3.70696208686747	0.00133741422690213	0.317813581993225	-0.94868408409649
1:428957-429180	0.38556672065827	4.52372089866382	2.95015358705918	0.00773950290543577	0.517045000070605	-2.38228850998651
8:460229-460570	0.37994177431874	4.90791797830883	3.32282455161938	0.00328982032814978	0.415165958285036	-1.68410794250547
16:43428-43641	0.379716716489173	4.15420497346067	2.98792315620028	0.00710440051169795	0.517045000070605	-2.31256075270577
2:381957-382794	0.379584500956868	8.48033669959604	3.70119764148989	0.00135572249111914	0.317813581993225	-0.959781163850526
11:219242-219443	0.376731701661117	4.17599069751072	2.98866985445808	0.00709236494630159	0.517045000070605	-2.31117950438189
8:502996-503290	-0.374576836403707	4.65646510351591	-3.53909662227798	0.00198520359261296	0.399575918082654	-1.27126699467695
3:261085-261288	0.370654870780287	4.05212285571064	3.21825997346266	0.00419147921851813	0.42638774959289	-1.88203131536562
16:229544-229815	0.368813990766707	4.46846118526657	3.42342736936448	0.00260255078139	0.401806491538301	-1.49256510676967
10:44687-45068	0.363743637631556	5.04465896220877	3.00110042269464	0.00689486581359287	0.517045000070605	-2.28817008096605
14:222307-222679	0.360448800125864	4.66187217384343	3.92769639955428	0.000793602197521171	0.253725959721769	-0.523272584688462
9:600453-600698	-0.354503037082852	4.67908247097314	-3.40743030645948	0.00270156824862139	0.401806491538301	-1.52308679427744
18:324090-325309	-0.35004335071609	9.20543236556235	-2.72786061136353	0.0127323099287327	0.587140600073218	-2.7864996418754
1:870649-871008	-0.347288676463069	4.95563747811852	-3.85864200447925	0.00093456699780364	0.27152703729816	-0.656411590962006
6:711059-711355	0.341233846093187	4.70950813643708	3.23527926009487	0.00402985863129986	0.419480168225539	-1.84990773853105
15:26975-27226	0.34101715596801	4.37886315754679	3.32561593864951	0.00326855194952371	0.415165958285036	-1.67880700024109
10:530408-530635	0.340085513276207	4.42079741269149	3.40737012761369	0.00270194762097319	0.401806491538301	-1.52320157000099
9:334091-334293	0.33977289247812	4.29352698086362	2.76564292037434	0.0117086522224117	0.587140600073218	-2.71861098415099
6:411090-411246	-0.338948239445791	4.01981411082454	-2.69305084623804	0.0137501684320324	0.587140600073218	-2.84872234928116
2:93616-94379	-0.338353219442617	7.82324432489103	-2.96587862587036	0.00746871402427026	0.517045000070605	-2.35329133785453
1:295856-296261	0.335691273184204	5.46763415305939	3.45288040369655	0.00242946540683339	0.401806491538301	-1.43631278202468
7:612141-612610	0.33540993316878	5.15284655954285	3.64478706438423	0.0015484818947009	0.330047855270535	-1.06831416768789
16:290174-290467	0.334826428286839	4.67874581424454	3.31779473087806	0.00332848572052431	0.415165958285036	-1.69365762191614
5:561960-563472	-0.331609442425483	9.84532786465964	-2.69768183143751	0.0136104390205944	0.587140600073218	-2.84046283826952
10:97187-97405	0.330000971108653	4.18949584624754	2.83776581883392	0.00996816443595936	0.556260594855417	-2.58805234552443
14:209262-209925	-0.328656638576129	8.79875596267061	-3.43620281554032	0.00252603720432491	0.401806491538301	-1.46817419117625
2:671768-672173	0.328090396314896	5.71335266344288	3.68152836139016	0.0014200785611851	0.317813581993225	-0.997637955671697
7:117597-117924	0.32766473727415	4.59322923618086	2.17276336470904	0.041604466544526	0.642826438817089	-3.73325058665787
5:152907-153381	-0.327468348936923	7.11799424775129	-2.29356980911735	0.0324287911342662	0.629548859470632	-3.53652966636688
1:222700-222950	0.324112890117869	4.27230390859449	3.0451797326456	0.00623637344542835	0.510357763712118	-2.20635167183509
1:1008056-1008597	0.324076704753416	5.7218373903846	2.45487301716024	0.0230684535182041	0.615008572523987	-3.26514245405881
14:277696-278304	-0.320992315376724	8.83881135506567	-3.27371713428996	0.00368685018746109	0.415165958285036	-1.77722270388938
4:617082-617731	0.319813619486815	7.17549095397426	2.97821079830046	0.00726275055969332	0.517045000070605	-2.33051718629083
6:290836-291108	0.318877136396945	4.82350448704586	2.93770914918765	0.00796046375779844	0.517803550973377	-2.40520169271969
2:121068-121283	-0.318764401910562	4.66758635568592	-2.95604605282747	0.0076369454302791	0.517045000070605	-2.37142838734846
1:442444-443843	0.317770288439865	8.16508106636461	2.18024463466861	0.0409738548542398	0.642826438817089	-3.72124288173718
2:247633-247869	0.3177446945339	4.44971263323895	3.04274166790811	0.00627115214570297	0.510357763712118	-2.21088610116725
10:330738-331034	0.316552316110569	4.71969332235397	3.12515832289552	0.005193426090769	0.464915503645641	-2.05705431919743
2:411705-411929	-0.316121803522906	4.54273955969325	-2.61826081768698	0.0162035766554773	0.587140600073218	-2.98129942410155
9:149071-149957	0.315861240980094	6.91036768335942	3.27354974869627	0.0036882803275225	0.415165958285036	-1.77753961588253
5:186875-187122	-0.315741863775227	4.15606016471989	-2.62237020554612	0.0160586825458612	0.587140600073218	-2.97405570907513
1:606160-606383	0.314026794607091	4.16513631101784	3.04757652149659	0.00620236511660714	0.510357763712118	-2.20189300657853
2:19197-19451	0.313008620109959	4.90878056004285	2.90899926941904	0.00849357857339301	0.517803550973377	-2.45794417850981
5:346973-347239	0.312304713519304	4.39281513413385	2.58574020618802	0.0173944658471862	0.587140600073218	-3.03845067534531
2:952198-952527	0.311561008943368	4.82543392355436	3.38110407924236	0.0028726111995589	0.401806491538301	-1.57326563466967
13:148954-149660	-0.310878208111971	9.3381155628903	-2.86919428862573	0.00928964851350373	0.547111404558456	-2.53078436416689
6:261942-263237	-0.310525892700825	9.60436912011809	-2.95190167946231	0.00770894030054073	0.517045000070605	-2.37906739627736
12:16200-16446	-0.309969129537985	4.28670701907537	-2.20990573669	0.0385583389637949	0.634048840072785	-3.6734037277876
2:553913-555588	0.308319733826721	8.42323227775762	2.92102495777338	0.00826622979954164	0.517803550973377	-2.43587247477003
1:131947-132831	0.30793474329782	5.93583307348507	2.5553696115112	0.0185805641704557	0.587140600073218	-3.09153891226071
10:426143-426372	0.30790256801772	4.47783581006608	3.5247336849832	0.0020532274611039	0.399575918082654	-1.29879827083858
7:599237-601492	-0.307484842696168	9.62786987761734	-2.55230104148529	0.0187045405997749	0.587140600073218	-3.09688719493697
3:15224-15582	-0.306928585354027	5.189267870153	-2.67776318979792	0.0142211485686561	0.587140600073218	-2.87594754486568
3:131241-131876	-0.30657129500867	8.28710391032348	-2.73625689714629	0.0124977292072083	0.587140600073218	-2.77144409576556
7:629191-629910	0.305972521287626	5.83937768766133	3.26213746979389	0.00378707256952003	0.415165958285036	-1.7991386270793
14:313827-314275	0.305699281828862	4.93307397874668	2.348581988939	0.0289006765617801	0.621920328319844	-3.44504039551656
11:555155-555457	0.303210705916241	4.81705787957343	2.89885404326822	0.00869002971488638	0.518620973384419	-2.47654114871127
15:448531-448766	-0.303168597713606	4.38648882965192	-2.85043686333414	0.00968909228785285	0.556260594855417	-2.56499006621676
6:39087-39347	-0.302323166600138	4.58954489643495	-3.04943922788841	0.0061760586951331	0.510357763712118	-2.19842719247417
7:423364-423556	-0.301283083928653	4.35568811220441	-2.7173353855343	0.0130322780317225	0.587140600073218	-2.80534698956292
3:434310-434813	0.300497434570065	5.90550478398063	3.39517953743502	0.0027798839572029	0.401806491538301	-1.54644522589213
12:298651-300123	0.300485472521777	8.03184738179457	2.59383851735386	0.0170904342684115	0.587140600073218	-3.02424791819317
2:306767-307494	0.298989298891592	7.05161925348018	3.05167986524811	0.0061445576245563	0.510357763712118	-2.19425739672493
7:120925-121361	0.297757336248837	5.53501935023149	3.20802785840011	0.00429166373078578	0.426877485755492	-1.90132597115778
8:701571-701812	-0.296646931606788	4.46936755944489	-2.55609367333757	0.0185514233144213	0.587140600073218	-3.09027650582247
12:46592-46898	0.296369586005697	4.62557870050997	2.42418988117122	0.0246285388182067	0.615851060057504	-3.31748138731712
14:231743-232258	0.294421850661132	5.14677286784791	3.26033552510912	0.00380290533728473	0.415165958285036	-1.80254757045512
2:457158-458645	0.29145534653633	7.57642500585604	2.66403485561869	0.0146570661314964	0.587140600073218	-2.90034175324762
1:929748-930165	0.29088518626106	4.71437933743749	2.51138594312064	0.0204335006170628	0.597780057267798	-3.16791847691397
2:157650-158483	0.287756482883114	6.28806475083139	2.27162275411375	0.033943748117179	0.629548859470632	-3.57270492542831
7:690408-690992	0.287171540388116	5.54725384807575	3.14593120957723	0.00495148163636228	0.461725662590783	-2.01811160540228
1:945215-945674	0.28673304632274	4.89036612552925	2.80254674331073	0.0107847454487304	0.574672864625207	-2.65196063200289
6:112103-112308	-0.285864303759282	4.55962954369411	-2.72925665278113	0.0126930187677819	0.587140600073218	-2.78399762525825
10:370847-371398	0.285683557168237	5.47129408002779	2.91329136795308	0.0084117553390685	0.517803550973377	-2.45006997614804
8:322133-322515	0.285473191419119	5.90252067226557	2.53931065552147	0.0192380284725744	0.587140600073218	-3.11949620471686
2:551993-553039	-0.285119407647249	9.99284012761885	-2.43060649975346	0.0242943868355777	0.615008572523987	-3.3065626987317
17:184813-185189	0.283554505306035	4.81552859519364	2.73843772385552	0.0124374749128428	0.587140600073218	-2.76753066497282
7:190660-191035	0.282072306025437	5.0121409746323	3.17042039891088	0.00468027719226726	0.445721717289112	-1.9721198390957
14:223007-223334	0.281932011543579	4.51687302061633	2.79607568734419	0.0109415625095021	0.576169809323899	-2.66367140503106
12:367938-368532	0.281704102039838	5.71990770599002	2.99021991043936	0.00706744321318998	0.517045000070605	-2.30831186529107
15:189620-191157	-0.281579789774597	9.44229093366507	-2.96335901875037	0.00751148064143604	0.517045000070605	-2.35794076510527
2:135194-135984	-0.281053912042891	8.97406437940362	-2.69332804734481	0.0137417664177608	0.587140600073218	-2.84822811313059
9:247877-248143	-0.280441634204741	4.66772996712576	-2.40533716067875	0.0256351885555954	0.619232594155348	-3.34947876938496
5:155924-156311	0.280133098776854	5.29405891739628	2.97636324956274	0.00729325514433127	0.517045000070605	-2.33393095571321
7:741794-742046	-0.27973557560049	4.84808388612855	-2.90551054195022	0.00856064851922026	0.517803550973377	-2.46434170977226
15:260127-260330	0.279341424730153	4.31354291063624	2.05666265763592	0.0525856032233706	0.692021750956516	-3.91645620168056
16:57650-59451	0.276884390403253	7.27213873368403	2.28271305162178	0.0331702699162249	0.629548859470632	-3.55444835891345
14:491142-491872	-0.276448628766991	9.02291758415299	-2.83338704011467	0.010066378057035	0.556260594855417	-2.59601361538292
9:488812-489845	-0.276095263184835	9.7560214180037	-2.24068675526578	0.0361895910897749	0.629548859470632	-3.62337322443635
7:43429-43863	0.27574308455423	5.03295289329744	2.6310364707956	0.0157571128768679	0.587140600073218	-2.958763587489
2:182204-182471	0.275133122316179	5.52702727239183	2.09501649966343	0.048698743882216	0.677463236588102	-3.85660060305788
3:581047-581664	0.274971343638768	5.43055661872945	2.9259439921909	0.0081749272150183	0.517803550973377	-2.42683561727174
13:329674-329861	0.274844684604953	3.99141083010939	2.57746602917951	0.0177103505495928	0.587140600073218	-3.05294166416175
18:198726-199966	0.274157220211103	7.17267476374683	2.28170033052195	0.0332402234678401	0.629548859470632	-3.55611747594184
12:191302-192227	-0.273656395469166	8.57207520051513	-2.5426995080888	0.0190974957876384	0.587140600073218	-3.11360315313747
14:428002-429004	-0.273367874246151	9.04256053364876	-2.62854327363302	0.0158433194109795	0.587140600073218	-2.96316517808393
8:56105-56315	0.273031339046089	4.0681588912131	1.82924146703546	0.0818552468798668	0.735745292558264	-4.25673572441212
17:140621-142448	-0.27282487188524	9.88084075104302	-2.47260061802153	0.0222095704111987	0.615008572523987	-3.23475757244334
9:85352-85755	0.272822457887951	5.07655857790734	2.42745244904971	0.0244581068444391	0.615025203571402	-3.31193149435808
2:513538-514838	-0.272445220405707	8.91609461229025	-2.10338490462749	0.0478858541184625	0.677463236588102	-3.84345190163364
2:486335-487145	-0.272269787625715	9.32129662796287	-2.44804675710467	0.0234073578625876	0.615008572523987	-3.27681439290102
5:196879-197467	0.272229213276072	5.46103938126452	2.66054260054415	0.0147699559909042	0.587140600073218	-2.90653897215668
13:111803-112151	0.272141956015758	4.75357946635125	2.61401532293757	0.0163545638850355	0.587140600073218	-2.98877793760615
2:234005-234321	-0.271325242268919	5.47987705367976	-2.1470901402286	0.04383612431733	0.651862101144084	-3.77427488933726
16:14519-14861	0.271155059347844	5.19954933440225	2.73965946129029	0.0124038401252745	0.587140600073218	-2.7653377634343
14:33579-34409	-0.271060284790579	9.43194199408709	-2.59894731352197	0.0169012175352414	0.587140600073218	-3.01527815971193
16:307415-308400	-0.270842267828252	9.24916601426721	-2.32537648813302	0.0303433729890655	0.623013474766318	-3.48377247074155
16:383894-384185	0.26923293154605	4.63616201947772	2.8486330919353	0.00972835826565359	0.556260594855417	-2.56827527342933
4:781556-781872	-0.267855570317378	5.12113447903262	-2.71031359309908	0.0132361149339275	0.587140600073218	-2.81790478229752
15:445399-446300	0.267638441488085	6.03999764481095	2.68089782582408	0.0141233493322046	0.587140600073218	-2.87037033142337
15:369486-369740	0.267341181584946	4.32698577617737	2.70209024153389	0.0134786764237282	0.587140600073218	-2.83259499973241
17:110778-111158	0.267307176204923	4.90266412102295	2.2677143501545	0.0342202551902611	0.629548859470632	-3.57912730272974
11:287739-287948	0.266616459440496	4.31127166066126	1.93649867288499	0.0666243560538015	0.715337466469972	-4.09948484109399
7:710163-710997	-0.266296128644553	9.71400356881962	-2.43407139661863	0.0241157067929271	0.615008572523987	-3.30066082998649
6:493573-493786	0.265658373791608	3.91665915677188	2.65106551616692	0.0150804668244665	0.587140600073218	-2.92333960901389
3:883244-883737	-0.265480450857194	5.26209973954513	-2.84012631555049	0.00991560029165034	0.556260594855417	-2.5837588050566
20:54613-55976	0.264992536203202	7.25330982837719	3.03333540438318	0.00640709439238492	0.512109901791338	-2.22837061261885
2:404620-405489	-0.264785911461161	9.41980974617506	-2.47614637247503	0.0220414027401349	0.615008572523987	-3.22866761841715
16:289577-289828	0.264733661398408	4.54296451549344	2.81924745879023	0.0103898714736375	0.567134935560996	-2.62169148462601
9:544472-544695	0.264207680850725	4.31944398985345	2.1851011384482	0.0405691557682506	0.642826438817089	-3.71343532090938
12:121385-121688	0.263262595594504	4.92004252121721	2.93463204239971	0.00801602768503507	0.517803550973377	-2.41086261368203
18:229833-231159	-0.26321000825458	9.62990549255354	-2.24549918439497	0.0358315180215632	0.629548859470632	-3.61551639462624
14:511459-511674	0.26313481531471	4.2216547221036	2.20983354208382	0.0385640572739124	0.634048840072785	-3.67352061311919
6:125935-126326	0.262964046029282	4.93726203242657	2.58408610014658	0.0174571879638445	0.587140600073218	-3.04134923383827
18:25562-25949	0.262850614088053	4.97399243464367	3.1303471946995	0.00513193835038921	0.464915503645641	-2.04733291665204
1:910258-910601	0.262519385778063	5.03392987026651	2.65798046378583	0.0148533013673205	0.587140600073218	-2.91108349600416
14:341299-341587	0.26212680311068	4.66918626077241	2.75394149091473	0.0120170093355764	0.587140600073218	-2.7396749027709
13:146943-147585	-0.262118542439188	8.737188821301	-2.43379777791174	0.0241297723555616	0.615008572523987	-3.30112704366047
9:256224-256435	0.260925147470632	4.30091421527565	2.10702329538938	0.0475362611633602	0.677463236588102	-3.8377253407791
13:6042-6244	0.260392905959977	4.14815445819332	1.69965852270677	0.104224026493638	0.748668820481616	-4.43841893801486
2:316200-317152	-0.259855102786331	9.59923479238991	-2.15111223385427	0.0434794797012781	0.65088344863853	-3.76786659081385
17:129092-129492	0.259823446903722	5.15816077045591	2.63026934715501	0.0157835902239722	0.587140600073218	-2.96011808731571
10:156989-158237	-0.259161808895648	9.3795172323225	-2.33393853955856	0.0298035030438986	0.623013474766318	-3.46950508880565
1:103936-104325	-0.258593595300596	5.18333607681221	-2.20718417849524	0.0387744408781475	0.634048840072785	-3.67780852194823
14:217550-217855	0.258467164791011	4.69929089450022	2.5387547569333	0.019261173477617	0.587140600073218	-3.12046254388247
16:67057-67430	0.258311747125599	4.86969891704436	2.39894405303051	0.0259851353627044	0.619232594155348	-3.36030098589909
6:170856-171856	-0.258180344731727	9.57188987982655	-1.94943840203091	0.0649673976972057	0.715337466469972	-4.08011449072249
12:59653-60343	-0.257164863317124	8.73341318414061	-2.47394387999313	0.0221457219281026	0.615008572523987	-3.23245096466973
11:458556-458897	0.256792624199942	4.86942962458036	2.80613272694379	0.0106987694695127	0.574672864625207	-2.64546674944909
18:326013-326817	-0.256724714254222	9.5103709920977	-1.98190745321188	0.0609693629719101	0.715337466469972	-4.03114323015299
5:471863-472099	-0.256663414950359	4.74729882871801	-2.40679852587887	0.0255558127644493	0.619232594155348	-3.34700295217037
15:131146-133371	-0.256651196645411	12.1488859516186	-2.58995170148842	0.017235725820283	0.587140600073218	-3.03106701750063
8:574998-576136	0.256474089352411	6.03800127281901	2.67724214197901	0.0142374670343873	0.587140600073218	-2.87687434625707
2:106819-108281	0.256397693245503	7.65957665723865	2.4928252820443	0.0212661864394587	0.615008572523987	-3.19996542928681
2:526696-528701	-0.256095535625837	10.5667682951867	-2.15628927236815	0.0430242975582749	0.647642938557455	-3.75960784073647
2:405919-406473	0.255697277736884	6.35398898915394	2.18138397837315	0.0408785835015723	0.642826438817089	-3.71941211087614
1:861823-862192	0.255161607757788	4.6865378945505	2.70654441437273	0.0133467747802074	0.587140600073218	-2.82464026440458
12:11250-12004	-0.254685953548146	8.76622136731597	-2.6281170638466	0.0158581008081627	0.587140600073218	-2.96391744836636
15:475425-476046	0.254622535871143	5.5973673080731	2.59861993364994	0.0169132834516344	0.587140600073218	-3.0158531870409
8:267412-267979	-0.254183176339239	9.18385047766991	-1.86899561947018	0.0758873733871528	0.72701135596687	-4.19915252371599
1:28686-28976	-0.254149832711018	4.58508022060675	-1.79870728387553	0.0867126861221992	0.737972739853081	-4.30038726877866
9:430378-430616	-0.253846514464913	4.53420892847423	-2.76264733238631	0.0117868673834636	0.587140600073218	-2.72400662242605
7:135373-135712	0.253843655438594	4.92678643593058	2.18660053209151	0.0404449459538425	0.642826438817089	-3.71102280721281
18:225974-227604	-0.25373816995187	9.23744371251764	-2.52335533641002	0.0199128070602012	0.594198162676404	-3.14719340242556
3:13751-14004	-0.253717741151831	4.62269625896914	-2.35497101045496	0.0285147402053634	0.619232594155348	-3.43434137774772
2:379481-379729	0.253475184628503	5.45136472908971	2.45495148098727	0.023064584727216	0.615008572523987	-3.26500820043259
17:289074-289291	0.253460345227122	4.23296977321164	2.73916993086712	0.0124173066504497	0.587140600073218	-2.76621646915265
3:387289-387781	0.253258593117928	5.82278217335914	2.36185716443095	0.0281041121613627	0.619232594155348	-3.42279303752974
7:627587-628691	0.253151269544189	7.04461246333569	2.53173373331851	0.0195557521513605	0.591429369118172	-3.13265913080225
19:62886-63278	-0.252898159436976	8.27967866589885	-1.82393772969984	0.0826815901951794	0.735745292558264	-4.26435421357618
5:688120-688384	0.252708483645957	4.392411754054	2.26479117089017	0.0344284095072861	0.629548859470632	-3.5839267871248
13:261026-262132	-0.252508388189943	8.85804286484336	-2.24286000301783	0.0360274851654738	0.629548859470632	-3.6198263111208
9:213255-213540	-0.251955921133534	4.73712038248717	-2.54216827076406	0.0191194618993636	0.587140600073218	-3.11452718560454
11:117760-118085	0.251894462465075	4.77691896114007	2.40756100554619	0.025514488410572	0.619232594155348	-3.34571087496487
8:102769-103036	0.251862737799237	4.98213764210524	2.48132915393089	0.021797731678784	0.615008572523987	-3.21975853292653
16:77695-78053	-0.251547600739979	5.01733623400477	-2.55193459836734	0.0187193974342432	0.587140600073218	-3.09752568350608
4:918585-918925	0.251522660645413	5.0477248554106	2.57176809681692	0.0179310094338579	0.587140600073218	-3.06290878652373
4:318618-318971	-0.250230653267119	5.18201337250908	-2.17503569658746	0.0414120004750503	0.642826438817089	-3.72960592802222
2:332241-332652	0.250084896909189	5.63874716062579	1.88451188291378	0.0736635184148198	0.72701135596687	-4.17645108843927
14:541264-543030	-0.249093556008129	9.62657034625886	-2.05730145800781	0.0525186479379023	0.692021750956516	-3.91546481441191
18:152423-152672	-0.248894332961406	4.64875326125256	-2.61229247939271	0.0164162127787185	0.587140600073218	-2.99181126738237
16:244884-245172	0.248547438007304	4.24474762507421	1.90774174867931	0.0704410742208835	0.715337466469972	-4.14223035536263
5:62052-62450	0.24843448855254	4.61634143424564	2.51373680026028	0.0203302381756185	0.597780057267798	-3.16385155924249
3:522625-523021	0.248369061638103	5.11497954866997	2.41088156701021	0.0253352452767959	0.619232594155348	-3.34008155849321
2:17063-17439	0.247924090490175	5.19270147229512	2.68528102456641	0.0139876627572397	0.587140600073218	-2.86256719074714
6:565837-567116	-0.247280594044572	9.05432599292172	-2.43276999056755	0.0241826746966301	0.615008572523987	-3.3028780408226
2:141450-142107	-0.247198794925424	8.90616373117587	-2.36715923520176	0.0277916785886995	0.619232594155348	-3.41388943143376
3:229468-232418	-0.247149754559146	12.4234758286872	-2.46731703612646	0.0224623820838063	0.615008572523987	-3.24382455581665
20:25604-27009	-0.247077246442498	9.14961756209517	-2.66005238610423	0.0147858682028483	0.587140600073218	-2.9074086178959
12:458074-458485	-0.246537083181303	5.33121728351739	-2.60470984865157	0.0166901561401732	0.587140600073218	-3.00515138278026
7:762457-763089	-0.246498547298986	5.44758812299521	-2.22577512451315	0.0373199869133853	0.629910227456321	-3.64765852695483
6:344863-345228	-0.246245197091418	4.59597029204098	-1.92699507091415	0.0678649993688106	0.715337466469972	-4.11365780948695
1:1043414-1043673	0.246101291933315	4.73749660534929	2.20961528736424	0.0385813492553004	0.634048840072785	-3.6738739612293
16:301786-303210	-0.245179126661316	10.0229449753683	-1.88250309928818	0.073948165613684	0.72701135596687	-4.17939717038585
7:527501-527925	0.245055062801689	5.10384924634126	1.93169005993997	0.0672495666841106	0.715337466469972	-4.1066617471156
13:8707-9290	0.244756316724158	5.06632505219728	2.02828602539244	0.0556381895815368	0.694932659060104	-3.9603032317662
17:42414-42891	-0.244596750154888	5.41220994613278	-2.53823666981247	0.0192827676967746	0.587140600073218	-3.12136306713515
16:254922-256039	-0.244520591217912	9.61254585365231	-2.5695660614442	0.0180169760527995	0.587140600073218	-3.06675807569631
17:298151-298512	-0.24401261276939	4.82462286053899	-2.37282267733546	0.0274615027293036	0.619232594155348	-3.40436767116998
6:701644-701708	0.243294811637826	2.79576634055856	1.52339530355924	0.142841899190605	0.7699312400524	-4.66975471898656
3:707937-709498	-0.243186001979272	9.8819480148245	-2.24744824047651	0.0356874215717267	0.629548859470632	-3.61233168660096
15:346994-347992	-0.243103677899494	8.9449085346727	-2.23551261801398	0.0365782268838223	0.629548859470632	-3.63181013826622
5:814317-815507	-0.243099676917035	10.1513623723318	-2.09537115280158	0.0486640427772705	0.677463236588102	-3.85604400068074
4:764661-765016	0.242999037997305	4.51656368811981	2.0279698623718	0.0556730757195351	0.694932659060104	-3.96078962948083
4:106214-106453	0.242996083472759	4.27026486249247	2.33909870660191	0.0294824291401696	0.623013474766318	-3.46089315854292
4:368140-368393	0.242734323990507	4.47098132025027	1.47608093216663	0.155022725020713	0.772967761391932	-4.7285506391375
17:385045-385316	0.242484017504594	4.37907602263899	2.56224931395795	0.0183054087104481	0.587140600073218	-3.07953761837287
16:458199-458433	0.242313165812813	4.32241010692411	2.02603918366422	0.0558865358907644	0.694932659060104	-3.96375883565502
17:166087-166453	-0.242282868981882	4.77978141562714	-2.25307230929336	0.0352745951982763	0.629548859470632	-3.60313354673446
3:880510-880983	-0.242280658300996	7.70115592195569	-2.36575590262549	0.0278740581527717	0.619232594155348	-3.4162470039103
10:260372-260788	0.241686102398567	5.0875622476492	2.22906922382687	0.037067532118547	0.629910227456321	-3.64230149710438
3:407389-408510	-0.241647137134279	7.92729264204524	-2.3808542578326	0.0269994891166905	0.619232594155348	-3.39084450628004
1:956527-956739	-0.24139835160375	4.28462813885074	-2.05320389182954	0.052949462353315	0.692021750956516	-3.92182075094889
2:473444-475211	-0.241271690670629	9.1055046347867	-2.27897496241306	0.0334291512627006	0.629548859470632	-3.56060729966864
7:537971-539173	-0.241263219448683	8.83023983183914	-2.09297143007259	0.048899279485222	0.677463236588102	-3.85980908390181
1:108183-108476	0.241167497226105	4.50536035401419	2.16393181994625	0.0423602385296319	0.642826438817089	-3.74739483333915
18:315843-317269	-0.240933874178888	9.85637816543773	-2.22065113894817	0.0377158045036403	0.629910227456321	-3.65598258460424
11:139773-140120	0.240864864316199	4.70479878763576	2.18869143714206	0.040272313065038	0.642826438817089	-3.70765697380506
10:297493-298533	0.240520910406671	6.5308236752094	2.65898553351686	0.0148205539524775	0.587140600073218	-2.9093009961832
15:291781-293181	-0.240476531764612	8.89539147117302	-2.60046363458268	0.0168454376334266	0.587140600073218	-3.01261440190338
17:352031-352865	-0.240388914264303	8.73396126555015	-2.46150719103636	0.0227434720006635	0.615008572523987	-3.25378388957002
3:738322-740003	-0.240127859980339	9.78218436913725	-2.33213960627708	0.0299161919084971	0.623013474766318	-3.47250502928936
11:281800-282127	0.239576964366117	4.59910620019475	2.05845450276101	0.0523979862295392	0.692021750956516	-3.91367486602246
14:440219-440462	-0.239313270820332	4.4943333053252	-2.34619889534628	0.0290458617403487	0.62205395765455	-3.44902724489925
11:261564-261936	-0.23917308780641	5.13289308288969	-2.64393831704117	0.0153180383159917	0.587140600073218	-2.9359579465578
9:64478-65568	-0.239077941743613	8.92671736789551	-2.30083164142597	0.0319413705228484	0.627059537106445	-3.5245187547036
11:178544-178825	0.238645794847114	4.57612565729118	2.73685751778062	0.0124811069822163	0.587140600073218	-2.77036642018481
8:408661-408882	-0.238390723903719	4.72553836650563	-2.52512483881761	0.0198368927439217	0.594198162676404	-3.14412563634924
1:56150-56571	0.238217672879035	5.07562733320067	2.20892169704425	0.0386363482926471	0.634048840072785	-3.67499673301054
11:380821-381054	0.237825535634407	4.3750873230124	2.44561221595999	0.023529343732868	0.615008572523987	-3.28097329182687
7:568109-568375	-0.237202688874493	4.67045878398519	-2.19690591391528	0.0396005700991309	0.639565677012251	-3.69441593685998
15:165128-166129	-0.236878484030914	9.68212560341234	-1.81871036601245	0.0835031271858275	0.735745292558264	-4.27184812889666
8:341610-342889	-0.236799377265415	9.56305693541417	-2.23377469158387	0.0367096184811964	0.629548859470632	-3.63464155381963
1:941413-941660	0.236787239082443	4.47794934998571	2.44453937568327	0.0235832875021413	0.615008572523987	-3.28280537280171
16:234362-235244	-0.23665168062073	9.65353999979509	-2.09959498650136	0.0482524708934159	0.677463236588102	-3.84941064260944
5:630881-632329	-0.236536741114909	10.3764732014851	-1.8121406581678	0.0845456854751845	0.735745292558264	-4.28124541545154
16:218583-219161	-0.236442936769945	8.91821104102184	-2.09432985827	0.0487659918293292	0.677463236588102	-3.8576780756145
2:951270-951847	0.2360479819844	5.35068749912476	2.15521585760026	0.0431183189656214	0.647642938557455	-3.76132117354692
7:397777-398617	-0.235879191096945	9.42024197836291	-2.40091403981415	0.0258768322666559	0.619232594155348	-3.35696774438191
11:296544-296923	0.235016323137129	5.09330074357996	2.40945557268588	0.0254120763908534	0.619232594155348	-3.3424995078303
15:401799-402545	-0.234935863571081	9.69917274237588	-1.86923259368295	0.0758529717282492	0.72701135596687	-4.19880676091113
10:78080-78433	0.234537600047868	5.03316597328202	1.93876560023623	0.0663313987935387	0.715337466469972	-4.09609739095135
5:659408-659931	-0.234529712826982	8.17973748049482	-2.36380868882971	0.0279887393319696	0.619232594155348	-3.4195170963065
11:93405-94001	0.234389246225504	5.4004940628195	2.39808406940398	0.0260325460410092	0.619232594155348	-3.36175565730621
6:338869-339134	-0.234257718881285	4.53458941328509	-2.60536815511265	0.0166662033357977	0.587140600073218	-3.00399388998855
10:268418-269398	-0.234237900739529	9.16257655606226	-2.32062703403893	0.0306467182856684	0.623105026152649	-3.49167480836946
14:376861-377042	0.234163274455079	4.01253004037546	1.92677812955848	0.067893556489532	0.715337466469972	-4.11398080708747
4:890289-891383	-0.234123265358352	8.96954172347097	-2.26562417789219	0.0343689746042609	0.629548859470632	-3.58255944166367
13:149956-150569	0.233072174287361	7.04831477536861	2.59697244557593	0.0169741265071355	0.587140600073218	-3.01874644307348
3:603290-603518	0.232605728718048	4.57040703966451	2.43011091141328	0.0243200440877448	0.615008572523987	-3.30740651196868
4:179193-180528	-0.232328669163184	9.63880050163662	-2.23501928428077	0.0366154803776439	0.629548859470632	-3.63261399823947
8:309898-310717	-0.232301588323098	8.78930231735877	-2.32936406334746	0.0300908288830004	0.623013474766318	-3.47713120194946
1:857459-857968	0.232167455820075	5.82613927573135	2.37353482821572	0.0274202426628384	0.619232594155348	-3.4031695307083
3:191088-191393	-0.231622741977524	4.86441566802013	-2.56500557648086	0.018196248837374	0.587140600073218	-3.07472539981696
1:46491-46959	-0.231587904460003	5.04589750781231	-2.13063817806423	0.0453227004453575	0.662955579063465	-3.8004140095336
9:396413-397729	-0.231562107937714	9.45878522608508	-2.16385576781941	0.0423668005922791	0.642826438817089	-3.74751649042156
12:395825-396699	-0.231516490426664	7.78551867356847	-1.76560062504618	0.0922597582806245	0.741390804423834	-4.34713831608323
1:21077-21249	0.231475008927314	4.120825176016	2.02179389525926	0.0563584797227028	0.694932659060104	-3.97028148544921
3:721472-722450	-0.231337188446524	8.74784454922798	-2.22728690961116	0.0372039315896261	0.629910227456321	-3.64520053638691
2:524160-525822	0.231329168511635	8.28206293301053	2.27051284144078	0.0340220617623009	0.629548859470632	-3.57452937226018
7:674293-674703	-0.231223412523025	5.11413665632366	-2.36401858283229	0.027976356666631	0.619232594155348	-3.4191646732101
14:455842-457134	-0.231189048179813	9.1419706882992	-2.26979926287752	0.0340724982199345	0.629548859470632	-3.57570207813829
12:266018-266328	-0.230744299955078	4.73355455431699	-2.35868372360792	0.0282926634387817	0.619232594155348	-3.42811718023288
3:744343-745821	-0.230682283438369	9.86449977498534	-1.79060817800654	0.0880423241915875	0.737972739853081	-4.31188029522673
17:250492-250829	0.230659168905074	4.80106479974625	2.14730200247759	0.0438172722442976	0.651862101144084	-3.77393750976038
1:367948-368553	-0.230229703670901	7.59423489711094	-2.3278745945559	0.030184933375622	0.623013474766318	-3.47961259910552
1:1044544-1045455	-0.230155308412114	8.76862595266943	-2.27771753512423	0.0335166505074513	0.629548859470632	-3.5626778281129
8:419651-419883	0.2295655601316	4.43890894984217	2.46195334421808	0.0227217706436193	0.615008572523987	-3.25301948684908
5:28064-28969	0.22828697507168	5.88467672514977	2.36629259363444	0.0278425262394159	0.619232594155348	-3.41534545785661
2:938302-938701	-0.228225885178419	4.99152801395051	-2.19540180189377	0.0397228012085357	0.639565677012251	-3.69684255329445
16:18128-18996	-0.228027952613809	8.9766040211173	-1.81437720110848	0.0841895020125371	0.735745292558264	-4.27804890405226
15:449883-450297	0.227484322382371	5.03536992547084	2.04437928533335	0.0538880531022382	0.694932659060104	-3.93548250133597
15:246596-246828	0.22649347971987	4.16161234756617	1.94946039147078	0.0649646132370929	0.715337466469972	-4.08008150196137
8:190033-191644	-0.226451622671721	9.01413822839422	-2.35725898117694	0.0283776949658386	0.619232594155348	-3.43050629629882
15:216668-216834	-0.225990609656081	4.30823120970387	-1.97852751246017	0.0613751033023825	0.715337466469972	-4.03626519722532
5:661378-661667	-0.225834792054195	4.73544500676746	-2.36807953899478	0.0277377765442313	0.619232594155348	-3.41234294858725
1:629677-630010	0.225693992594966	4.70105965708545	2.25493252066662	0.0351390146909429	0.629548859470632	-3.60008838985327
17:272959-274031	0.22568080932435	6.27129727031682	2.46418686663185	0.0226134197580379	0.615008572523987	-3.24919174775883
3:524130-524523	-0.22504637238187	4.90501533803594	-2.4534148261334	0.0231404622192698	0.615008572523987	-3.26763707823683
2:723057-723559	-0.225018590409471	8.67154969599569	-2.0642992244761	0.0517901774796011	0.691978610145357	-3.90459225431119
2:940564-940845	0.224174541817519	4.44225906587085	1.84976539833168	0.0787249548929715	0.730743819987527	-4.22711211099264
17:246980-247005	0.224159943070816	2.59961935071326	1.08483584260533	0.290508883590376	0.842480328509785	-5.15569148465402
13:36535-38394	-0.224019399962931	10.0672066014906	-1.86470921885731	0.0765119953019825	0.728654661641858	-4.20540160042219
16:491184-491316	0.22372917319487	3.45175632778085	1.64722882062728	0.114658704326264	0.758544098928206	-4.50919667148612
12:447055-447256	-0.223478605010276	4.38791820503949	-2.36019266568765	0.0282028636357784	0.619232594155348	-3.42558605941863
15:287586-288439	-0.223442708732044	6.05191841344729	-2.51573242891979	0.0202429628404274	0.597780057267798	-3.16039779071381
7:467361-467788	-0.223192648093964	5.0348326248106	-2.09182125347819	0.0490123902089714	0.677463236588102	-3.86161274963778
3:323826-325289	-0.223174039857289	9.67786229362113	-1.97893815730088	0.0613256802506875	0.715337466469972	-4.0356432034802
13:402043-402383	0.223123647420461	4.62644486535634	1.96347302227713	0.0632115872858372	0.715337466469972	-4.05901072460822
12:216349-217552	-0.223055576729934	8.21699673817242	-2.58477454822291	0.0174310568664634	0.587140600073218	-3.04014293698617
14:88419-88950	0.222828745120887	5.2246227240634	2.29653990874708	0.0322286146350302	0.629548859470632	-3.53161964925579
7:305072-305912	-0.222242315008597	8.59152055316736	-1.73641664414245	0.0974007225570728	0.746516496858661	-4.38784197415253
8:403581-407263	-0.222192520114232	12.9520022454782	-2.18046162876944	0.0409556943636643	0.642826438817089	-3.72089424401326
17:60875-61937	-0.222162550094535	7.76350590793957	-2.30237029087326	0.0318389641110425	0.627059537106445	-3.52197125030109
2:937484-937740	0.221899421520657	4.56001858292366	1.95824703906853	0.0638604091512468	0.715337466469972	-4.06688042506955
10:152406-153437	0.221650859025525	6.05719881591331	2.15558402712555	0.0430860496722602	0.647642938557455	-3.76073357515291
14:360326-361009	-0.221646636548305	8.73095675549051	-1.84932162787389	0.0787915171200666	0.730743819987527	-4.22775501472806
3:160029-161941	-0.221483006749803	9.57865408307396	-1.95432488706866	0.0643512278355789	0.715337466469972	-4.07277781838636
8:641302-642412	-0.22144343016573	8.9799379614018	-2.3529312725111	0.028637432303431	0.619232594155348	-3.4377587480184
3:579618-579868	-0.221432957174808	4.3476008358773	-1.86586132058309	0.0763436682432348	0.72860183167744	-4.20372291920324
18:243684-244844	-0.221227991407027	9.02099043480962	-2.44052133232148	0.0237863447162318	0.615008572523987	-3.2896634679321
16:224332-225385	-0.221058898541239	8.94475963690934	-1.69867465546465	0.104412129508675	0.748668820481616	-4.4397619655299
20:30321-30673	0.220951152572106	4.53066318277206	2.20412452273828	0.0390187073163205	0.635082668901276	-3.68275685082791
10:359168-359508	0.220460536027369	5.11914424506498	2.4118953928028	0.0252807526437427	0.619232594155348	-3.33836205774875
13:175252-175753	0.220426634064918	5.74771473001125	2.22888765600775	0.037081406464151	0.629910227456321	-3.64259688719471
6:715522-715987	-0.219866358482552	5.46309733245022	-2.20669331182914	0.0388135348927486	0.634048840072785	-3.67860265405596
17:155937-156219	-0.219655768204237	4.73179613088707	-2.28203553939164	0.0332170539806604	0.629548859470632	-3.55556504560435
7:276253-276469	-0.219491530379252	4.39519041485527	-1.87275922795645	0.0753426206217154	0.72701135596687	-4.19365765879577
2:481956-482336	0.219265241162736	5.20796569184368	2.45210050081984	0.023205545928013	0.615008572523987	-3.26988496625661
3:441193-443631	-0.21925267123917	10.0447682160358	-1.84735965558262	0.0790863875479535	0.730743819987527	-4.23059612810233
2:887882-888933	-0.219196598296525	9.31526027051063	-2.07598711006576	0.0505936810979416	0.690622947773874	-3.88638226410036
3:153088-153345	0.219125773779194	4.52188458091068	2.26082285406763	0.0347128441168147	0.629548859470632	-3.59043682871624
18:185199-185510	0.218950487212553	4.7726794127633	2.29134459498498	0.0325795127292019	0.629548859470632	-3.54020603753784
8:399477-402869	-0.218708093326304	13.4358891130158	-1.89156698787796	0.0726714086219429	0.72701135596687	-4.16608745684602
7:98948-99295	0.218704525471115	5.11075291990817	1.92940305625038	0.0675487351978647	0.715337466469972	-4.11007103189928
6:627007-627251	-0.218667442342207	4.4520500997805	-1.88479089426277	0.0736240583157314	0.72701135596687	-4.1760417243209
13:22828-23416	-0.218473513934044	6.30606614324376	-1.9947914556899	0.0594445141240282	0.715337466469972	-4.01156775762031
12:375194-376729	-0.21825643880546	8.32389902458462	-1.91666572631659	0.0692365300756583	0.715337466469972	-4.12901036800117
1:374450-374787	0.217441770017972	4.89114744169657	2.31030344349423	0.0313157432017094	0.625755654334158	-3.50882209481328
3:399763-400454	-0.216726583573525	8.89243908334228	-1.98540014678114	0.0605525948786254	0.715337466469972	-4.02584453855322
16:175733-176240	-0.216694204231745	8.58238329313183	-1.70651336337756	0.102921472880893	0.748668820481616	-4.42904614879334
10:325999-327711	-0.216629378630369	9.72704982896249	-1.84140231529587	0.0799876450653956	0.731318825866227	-4.23921032545211
15:7304-8284	-0.216617917316681	9.65405667988858	-1.91114281047553	0.0699798443987486	0.715337466469972	-4.13719682094741
1:12564-13452	-0.21642366289503	8.84444632533796	-1.84952556674303	0.0787609217237543	0.730743819987527	-4.22745957530037
15:74711-75026	-0.216236143950862	4.99883764977469	-1.89024602630582	0.0728562680802969	0.72701135596687	-4.16802985478975
8:414063-414414	-0.21615246180944	5.18523169061669	-2.04105097937563	0.0542459078522101	0.694932659060104	-3.94062574741502
11:471072-472399	-0.216054238265016	9.5317258737681	-2.0715210180882	0.0510479129202877	0.691978610145357	-3.89334794063453
8:17622-17877	-0.215987404780599	4.55897738903678	-2.24243695381651	0.0360589888883861	0.629548859470632	-3.62051691059183
1:1081167-1081664	0.215822832142956	5.34301487750375	2.31447372527316	0.0310438831170779	0.623105026152649	-3.50190022082057
17:204936-206562	-0.215274096843441	9.83493878454872	-1.7753597807416	0.0905936052624076	0.741140737705541	-4.33342026899417
7:152305-152811	0.215171632449844	5.55131645356612	2.31476121568787	0.0310252219815726	0.623105026152649	-3.50142279712705
9:349691-349981	0.215024617124349	4.81097038759509	2.0658844252872	0.0516264231832741	0.691978610145357	-3.90212615690649
5:309350-309649	0.214928491395284	4.59624073136949	2.14347358500872	0.0441590708158732	0.654269990746159	-3.780031055744
14:305711-305932	0.214888061097742	4.40453246485322	2.31447413267211	0.0310438566653104	0.623105026152649	-3.5018995442919
20:82712-83623	-0.214775835915223	8.53292128667339	-1.79850667489376	0.0867454089365461	0.737972739853081	-4.300672377967
13:79972-80529	0.214597868598804	5.95921906420303	2.23604393908598	0.0365381435885553	0.629548859470632	-3.6309442695426
6:309821-310690	-0.214553035960337	9.5148966224515	-1.78942809981269	0.088237524815423	0.738226469296885	-4.31355187038112
14:98272-98979	0.214516587182935	5.67189732119357	2.06571335213382	0.0516440729559206	0.691978610145357	-3.9023923512107
13:371916-373143	-0.214432570179492	8.96721358505116	-2.17152359664777	0.0417098170481062	0.642826438817089	-3.7352381591876
3:485541-486960	-0.214215506966685	9.9273513377407	-1.60156251157653	0.124453839671226	0.758544098928206	-4.56950612219752
16:295648-296110	-0.214201304555828	5.43210732008155	-2.07536017650551	0.0506572244412213	0.690622947773874	-3.88736063123503
3:279534-279849	0.213903020577144	4.71129076889297	1.59457274909868	0.126013307181279	0.758544098928206	-4.57862516270877
11:268407-269043	-0.21350695223553	8.7316957969348	-2.30365394839069	0.0317537601845274	0.627059537106445	-3.51984523292615
7:649070-649526	0.213468830474841	5.19160467148418	2.38089161501946	0.0269973570806931	0.619232594155348	-3.39078155175123
18:333568-334162	0.213430828237801	5.25349878544131	1.61838100514162	0.12076765581016	0.758544098928206	-4.54744174183324
16:448703-449395	-0.213194632298711	8.74777486343261	-2.16713882029996	0.0420843650214169	0.642826438817089	-3.74226248678898
14:398640-399054	-0.213172545954118	5.02033187117682	-2.24647885358524	0.0357590232690936	0.629548859470632	-3.61391583118167
7:329430-329681	0.213154867379258	4.32655071257544	1.92714791584031	0.0678448859634782	0.715337466469972	-4.11343022886832
15:203989-204866	-0.212796007522538	9.33822128013855	-1.81894120240572	0.0834666994912265	0.735745292558264	-4.27151751546857
5:735951-736287	0.212702808256484	4.84680042183757	2.09716256136451	0.0484891024038127	0.677463236588102	-3.85323164812448
2:150651-151411	-0.212605863510984	9.21615314875853	-1.6913573141656	0.105820214089996	0.748668820481616	-4.44973282236268
15:332316-332706	0.212340340548383	4.99074867075449	1.93493674172127	0.066826870953978	0.715337466469972	-4.10181731736132
15:126471-130332	-0.212224583554343	13.1485050291911	-1.84866026017486	0.0788908085077427	0.730743819987527	-4.22871296383607
4:479218-479945	-0.212156037549875	8.68922798892915	-1.97900110234388	0.0613181076442701	0.715337466469972	-4.03554785486449
8:498497-499267	0.211807065510563	5.45341311456268	1.90746325895866	0.0704789594980469	0.715337466469972	-4.14264225467945
14:471186-471384	0.211748254959582	4.00217361778991	1.60062979518786	0.124660996735023	0.758544098928206	-4.57072470397794
4:327917-328673	0.211576158608358	5.90610474715867	1.79120487877916	0.0879437643263015	0.737972739853081	-4.31103477922211
18:96929-97175	-0.211147167268905	4.6863641779866	-1.83314540181963	0.0812516020480181	0.735745292558264	-4.25111828481735
4:533780-533986	0.211084738488664	4.18873512865573	1.57373530875834	0.130759519038002	0.758544098928206	-4.60563148414343
6:662215-662596	0.2103433159069	4.94531101634463	2.37756132560576	0.0271880361331583	0.619232594155348	-3.39639179641466
2:1011737-1012163	0.210288411634695	4.91878759801778	1.97846314467363	0.0613828534791554	0.715337466469972	-4.03636268606562
9:404761-405302	-0.210142232944376	8.79116818174316	-1.62965899097928	0.118347534750071	0.758544098928206	-4.53254967781834
17:153842-154244	0.210126589130626	5.02602249136196	1.98057830535749	0.0611286333108755	0.715337466469972	-4.03315808873863
12:40562-41254	-0.210024418749436	9.03568716706976	-2.02332489246789	0.0561878714497038	0.694932659060104	-3.96793017909321
1:1076821-1077769	0.209744767453733	6.4214526072439	2.24154216095138	0.0361257055783509	0.629548859470632	-3.62197736193848
8:688706-689069	0.209694228359335	4.97548931451557	1.94399255507116	0.065660251927133	0.715337466469972	-4.08827696501791
16:450235-451304	-0.209644557979547	8.09063017819759	-2.3362910479712	0.0296567280665304	0.623013474766318	-3.4655801645157
12:386876-387346	0.209640442636099	5.69735464503859	2.31652229900641	0.0309111345870268	0.623105026152649	-3.49849755073342
5:672158-673082	-0.209532250651668	8.96221625670678	-1.64344284222725	0.115445267576596	0.758544098928206	-4.51424448583212
9:492469-493006	0.209427122894038	5.3963586538445	2.43086150267003	0.0242811948155149	0.615008572523987	-3.30612848514248
1:233591-234233	-0.209143662566554	8.73545824742529	-1.81906955762437	0.0834464500638821	0.735745292558264	-4.27133366732646
6:177168-178016	-0.209065850909237	8.7881170612826	-1.91365297652042	0.0696411406001329	0.715337466469972	-4.13347800743541
1:254583-254850	0.208747144253574	4.61056938457154	2.19654392916267	0.0396299553116245	0.639565677012251	-3.69500002118501
8:383787-384293	0.208656309833422	5.39098121761511	2.23572234499852	0.0365624001081463	0.629548859470632	-3.63146836984296
18:274448-274842	0.208606792977884	4.8835433230603	2.11616454932007	0.0466680696165023	0.673826708398271	-3.82331158494095
1:94288-94654	0.208213022797003	5.00809495648754	2.26043269175428	0.0347409255296782	0.629548859470632	-3.5910765538028
4:95257-95484	0.208154827905358	4.28470646902082	1.60823373623528	0.122980546635484	0.758544098928206	-4.56077472389151
13:73692-74064	0.207972041603689	4.89379255268869	2.22159606947088	0.0376425234574933	0.629910227456321	-3.65444832809516
6:736070-736912	0.207747291622771	7.16197970123802	1.87454917467761	0.0750847444575868	0.72701135596687	-4.19104173232591
4:218756-219815	-0.206888680825939	9.74597953417369	-1.91268457855563	0.0697716377349966	0.715337466469972	-4.13491307145696
14:342592-342894	-0.20682186863379	4.7871737648778	-1.85942139383372	0.0772887430388232	0.730021607739642	-4.21309730197842
10:413458-413801	-0.206757129543947	4.93814828211162	-2.33993256955828	0.0294308454912413	0.623013474766318	-3.45950057035746
12:152439-153023	0.206573975739817	5.82385600930182	2.26768032754506	0.0342226712257483	0.629548859470632	-3.57918318293967
10:172393-174126	-0.20656903149864	9.11331098675661	-2.1420097869808	0.0442903948159263	0.654269990746159	-3.78235924148884
9:176945-177200	0.206296675513414	4.59656051851016	2.16760091330977	0.0420447494869281	0.642826438817089	-3.74152260992265
1:564394-564739	0.20570552786282	4.56512336492674	1.82115666848629	0.083117784636665	0.735745292558264	-4.26834296569149
12:200083-200349	0.205692658348292	4.49734636098503	1.75425602617978	0.0942297362458375	0.744672943074757	-4.36301797518411
5:475992-476475	0.204926344442115	6.19361556636269	1.85828054204793	0.0774572286920754	0.730021607739642	-4.21475571844197
20:11925-12224	0.204510144611607	4.58130764649628	1.94831205892984	0.065110164732049	0.715337466469972	-4.08180391838644
4:247759-248020	-0.204391548786838	4.41081460353283	-1.59039484213708	0.126953209097566	0.758544098928206	-4.58406143309513
4:768858-769506	-0.204037382860351	8.40840681494202	-1.37675477443724	0.183345769000194	0.774997180650747	-4.84718424190516
11:317581-317956	0.203999610662937	5.29430117255559	2.28334111691103	0.033126954360137	0.629548859470632	-3.55341301120684
9:595748-596848	-0.203548139645783	8.14082794238177	-2.37703108241714	0.0272185105934138	0.619232594155348	-3.3972846809442
13:469615-470660	-0.2035480707498	8.28117665496626	-1.91227594940971	0.0698267674535301	0.715337466469972	-4.13551847318072
7:481199-482552	0.203498785263142	6.61314663875165	2.47810151749629	0.0219491834429093	0.615008572523987	-3.22530780974963
4:800862-801391	0.20336060853078	5.47647637804202	1.73172346823112	0.0982500093751687	0.74790313259057	-4.39434265259806
7:663697-664025	0.203056405805207	4.90536240281647	2.17258137299819	0.0416199163111259	0.642826438817089	-3.73354239331991
3:571097-571328	0.202442240397893	4.40909869789829	1.65809855797236	0.112425563230083	0.756075612242365	-4.49465655945628
10:6427-6649	0.202069181405096	4.49332295927999	1.5828937829585	0.128655417960258	0.758544098928206	-4.59379475025105
14:241482-241589	-0.202044075143305	3.24238188915909	-1.95711762597346	0.0640014027465516	0.715337466469972	-4.0685794067211
14:230779-231133	0.201975198181954	4.89114626597093	1.74480115228463	0.0958991229109097	0.746426993139541	-4.37619713455946
11:196943-197432	-0.201892893089784	5.08143267466322	-2.11447119120361	0.0468278077555625	0.673959059530218	-3.82598444908806
1:511594-511860	0.201683519887257	4.62121281081881	2.32629559689066	0.0302849905915611	0.623013474766318	-3.48224223534574
2:54778-56182	-0.201367186272869	9.23669370648128	-2.07431866026981	0.0507629467867749	0.690622947773874	-3.88898558170072
7:310686-311017	-0.200760965403729	5.1306632428428	-2.19273632859955	0.0399402542296951	0.640761928072098	-3.70114049142019
8:159987-160394	0.200707086546507	5.2125448638589	2.06504096330961	0.051713496446879	0.691978610145357	-3.90343847515844
11:171588-171900	0.200635878922754	4.89436717344289	2.13964162128291	0.0445036030040322	0.655256996862	-3.78612385483283
11:455414-456195	-0.200497746175266	9.53100381910782	-1.55844519463022	0.134336140475736	0.767929201493479	-4.62527660110282
16:71002-71260	0.200374931257425	4.37230384890824	1.65703961205051	0.112641488681087	0.756075612242365	-4.49607617396489
5:72192-72629	0.200194210597044	4.94938442995126	1.65824069620245	0.112396607076658	0.756075612242365	-4.49446595931085
15:205560-206674	-0.200085551863582	9.19910027071442	-1.63612111816028	0.116979331699182	0.758544098928206	-4.52398209423546
2:413304-413480	-0.200023401338087	4.42712767316959	-1.98224997682183	0.0609283785849555	0.715337466469972	-4.03062385796071
3:819302-820469	-0.199833628120016	8.75310390442164	-2.12398722833566	0.0459365105232788	0.667570847734402	-3.81094744300422
2:590823-591361	0.199661296967334	5.64766173497914	1.65690920378722	0.112668103969092	0.756075612242365	-4.49625095212069
7:169641-171378	-0.199559815175261	9.7136515218559	-1.73210629770489	0.0981804946593449	0.74790313259057	-4.39381285263674
5:190151-191168	0.199550707373238	6.32904778480744	1.81610984658983	0.0839144643106407	0.735745292558264	-4.27557070443043
17:304004-304665	-0.199348806996699	8.77137277705157	-1.84140944691396	0.0799865608217292	0.731318825866227	-4.23920002459697
17:262955-263335	0.199136558838605	4.83444944699698	1.94645231011584	0.065346500947184	0.715337466469972	-4.0845920116286
10:207398-209209	-0.199013425481382	9.63729644443089	-1.98538274765518	0.0605546647452004	0.715337466469972	-4.02587094913524
8:502232-502503	-0.198943129036783	6.23323886523983	-2.03883735971962	0.0544850901804865	0.694932659060104	-3.94404358909649
7:133786-134723	-0.198880422663573	8.82922222703945	-1.84093001989295	0.0800594782561329	0.731318825866227	-4.23989244484386
9:132409-132703	0.198535086413314	4.39956901944629	1.39106792156751	0.179026151560885	0.774997180650747	-4.83049787392286
17:26045-27553	-0.198503560787215	9.37757642744726	-1.85063502328222	0.0785946601147776	0.730743819987527	-4.22585195533153
7:34704-35760	-0.198402741448588	10.0583755384819	-1.59254715313471	0.126468275464152	0.758544098928206	-4.58126219990728
20:8179-8508	0.198239114493489	4.72334747372344	1.58896633548528	0.127275920684205	0.758544098928206	-4.5859177307125
12:30894-31217	0.198228894298864	4.49008191770403	2.13664427733146	0.0447747891674304	0.657088381355471	-3.79088514487794
2:306028-306408	0.197637694207327	6.60700114583042	2.38601064742001	0.02670667615165	0.619232594155348	-3.38215018505345
13:268981-269232	0.197556977833595	4.63417462753508	1.72448990352806	0.0995714429300645	0.748584652653834	-4.40433748946988
1:215097-215296	0.197512428471526	4.1693276859116	1.8141911010761	0.0842190898007399	0.735745292558264	-4.27831498561081
5:251567-252123	-0.197498195686698	8.26743526170231	-1.58454634686991	0.128278776030356	0.758544098928206	-4.59165338227417
20:6460-7442	-0.197448958013469	9.32204369963015	-1.42807420567061	0.168234250798883	0.772967761391932	-4.78671255980211
18:146028-146723	0.197316415885375	5.65683240111292	2.02375581668581	0.0561399342754044	0.694932659060104	-3.96726816477787
3:956473-956790	0.197233152992569	4.85634439224463	2.17758910986441	0.0411966927457581	0.642826438817089	-3.72550781485432
9:219059-219422	0.196897056933753	5.05787149981393	1.52188510574257	0.143218150750953	0.7699312400524	-4.67165363615493
11:264574-265012	0.196829063997106	5.01310440934599	1.87711377365178	0.0747166132813539	0.72701135596687	-4.18729076388807
7:309070-309528	-0.196714379966727	5.47915171969341	-1.93337448390449	0.0670299722552046	0.715337466469972	-4.10414905244207
1:385785-385985	0.196651391256335	4.46829657251398	1.94908118351403	0.0650126460656156	0.715337466469972	-4.08065035945786
16:15283-15799	-0.196648265448208	5.9358551506673	-2.3064931213728	0.0315660522795	0.627059537106445	-3.51514069382268
12:176881-177700	-0.196571667111893	9.34483617145958	-1.74263900919381	0.0962844302342411	0.746426993139541	-4.37920384746766
7:9352-11304	-0.196218293749331	9.55723352582922	-1.76839636525514	0.0917797692610338	0.741390804423834	-4.34321388956381
15:39009-40335	-0.195987929648416	8.6069528671272	-1.79707618824048	0.0869790566041341	0.737972739853081	-4.30270477190414
4:336143-336560	-0.195710702964561	5.2234627120842	-2.02816066336033	0.0556520199701613	0.694932659060104	-3.96049609933909
9:110594-110982	0.195447046775285	4.80416257842162	1.9932972255863	0.0596196015960211	0.715337466469972	-4.01384216645251
15:484041-484447	0.195398571315781	4.91375930505157	1.98836325020129	0.0602010095854083	0.715337466469972	-4.02134461833977
16:32537-33336	-0.194948291379372	9.07589234769185	-1.79260115808826	0.0877135075432736	0.737972739853081	-4.30905550602717
11:270848-271201	0.19474461756894	5.06104018822847	1.70289001790799	0.103608237578951	0.748668820481616	-4.43400383153059
8:90622-92072	-0.194705239099719	9.6472467856047	-1.54546620973831	0.137435540855413	0.7699312400524	-4.64183737555917
5:44661-44886	-0.19463961725167	4.34186725895974	-1.75055989344656	0.0948793384636791	0.745052489409523	-4.36817602684586
10:489499-489855	-0.194634257589736	4.89438104052887	-1.64244760276437	0.115652790041346	0.758544098928206	-4.5155700053025
8:77710-78122	0.194511003081672	4.75364728654129	1.86064399044786	0.0771085408937126	0.730021607739642	-4.21131929239392
7:110905-112005	-0.194429805304921	8.36287095004921	-1.77169938589576	0.0912154647514124	0.741390804423834	-4.33857176094059
17:382266-382700	0.19418268633424	5.46399689470126	2.24250594865491	0.036053849245638	0.629548859470632	-3.62040428607172
9:304898-305163	-0.194104074028324	4.56384352575258	-1.84983774640301	0.0787141078845776	0.730743819987527	-4.22700728821829
5:157355-157768	0.193899320635033	4.84519180724165	2.00087634052223	0.0587362343831917	0.714411372552082	-4.00229463928391
12:133467-134216	0.193830124434275	5.9289736410856	1.97947414839528	0.0612612244067754	0.715337466469972	-4.03483122672835
16:285560-285874	0.193460994537328	5.03383199568464	2.05243870504809	0.0530302637573917	0.692021750956516	-3.92300680574251
2:320219-320605	0.193393560462716	6.57714445357504	2.02230672286666	0.0563012807507018	0.694932659060104	-3.96949400849939
8:682676-683176	0.193374646931241	5.48097220044468	2.09926226778657	0.0482847768954513	0.677463236588102	-3.8499334551565
16:507578-508720	-0.193336141506911	8.16879871198049	-1.68626271402017	0.106810095609123	0.748668820481616	-4.45665644934222
6:18995-19404	0.193324513331874	5.74362041236057	2.16660107690256	0.0421305087890078	0.642826438817089	-3.74312337571167
6:395044-395270	0.193061966752178	4.44928452797109	1.71332493701609	0.101640934067349	0.748668820481616	-4.41970558136836
14:112577-113318	-0.192733461079483	8.96565643826465	-1.95147663246498	0.0647097510598252	0.715337466469972	-4.0770556940455
1:560340-561153	-0.192636229906347	9.34221710712218	-1.78050768251174	0.0897252327062716	0.739610118066245	-4.32616271426639
17:240698-241089	0.192635601763592	4.8488864347735	1.75348187446334	0.0943654770788829	0.744672943074757	-4.36409896195078
11:157623-158973	-0.192605619249047	9.57134237666398	-1.66603441370137	0.11081852203805	0.756075612242365	-4.48399662024087
4:458593-458982	0.192591879967962	4.79990793826063	1.84880089649622	0.0788696855796434	0.730743819987527	-4.22850928053427
5:352130-352375	0.192534248362952	4.61436777300993	1.92981706680469	0.0674944904893534	0.715337466469972	-4.10945405345464
7:605736-606024	0.192413606074218	5.10224797281525	1.38569272921702	0.180638729440778	0.774997180650747	-4.83678068543608
15:472246-472646	0.192397326946835	5.10591815437451	2.12574413542427	0.045773640829432	0.667370737304683	-3.80816683890753
11:165313-165628	-0.192336735423178	4.86147439427715	-2.01463463653536	0.0571624372866759	0.702821490399212	-3.98126188110975
2:739360-740360	-0.192240658314873	8.62229746715512	-1.8700942590736	0.075727998464245	0.72701135596687	-4.1975492791538
2:258951-259743	-0.192074465006552	5.97721349026585	-2.01331007975381	0.0573122975861734	0.702821490399212	-3.98329071945227
1:794528-795381	-0.191862131674965	9.23418246562747	-1.71426587991365	0.101465116849465	0.748668820481616	-4.41841318108359
3:125516-126439	0.191594705933541	6.15572208517862	2.06027656303288	0.0522078217705348	0.692021750956516	-3.91084510518419
5:229625-230080	-0.191384552647627	5.36025797335243	-1.89750098929593	0.0718460613572129	0.722399235440732	-4.1573507125952
11:472955-474959	-0.191355979088209	9.16658921457027	-1.57951727727572	0.129427838625483	0.758544098928206	-4.59816471987559
17:174124-175606	-0.190919268372012	9.12498252090753	-1.33770439101711	0.195553042185255	0.780967182561144	-4.89199410345329
10:293924-294163	0.190904611612017	4.71572951748866	1.97205450992689	0.062158849973753	0.715337466469972	-4.04605878141669
16:163884-165532	0.19088533058939	8.79742404479548	1.66530029387845	0.110966362379924	0.756075612242365	-4.48498430341364
16:65858-66408	-0.190825948534712	8.59241136018431	-1.62841642112164	0.11861215856362	0.758544098928206	-4.53419420760618
12:408449-409629	-0.190634580704801	9.93613225137327	-1.59121653034955	0.126767892816668	0.758544098928206	-4.58299310613594
13:484263-484521	0.190515138533043	4.58677713275488	1.79396458621517	0.0874891721187632	0.737972739853081	-4.30712176484282
10:84482-86918	-0.190493105338927	10.0684439168982	-2.07673325551268	0.0505181483645945	0.690622947773874	-3.88521762543481
12:417797-418097	0.190314500287488	4.9134941656903	1.99056966486294	0.0599403899695196	0.715337466469972	-4.01799107194379
12:448092-448545	0.190226960985081	4.97590935513484	1.87909208887914	0.0744337214966391	0.72701135596687	-4.18439494197215
4:619294-619552	0.190169972441141	4.62669821950793	2.06162852373477	0.0520671211954645	0.692021750956516	-3.90874444266527
8:265094-265409	0.189901166969149	4.74300637028274	1.9394153401768	0.0662476425548274	0.715337466469972	-4.09512601396226
3:35983-36961	0.189890970535006	6.14168097538144	1.93212274121664	0.0671930984539149	0.715337466469972	-4.10601644292593
2:1021862-1022731	0.189830679434125	6.03901746474758	2.0882743006184	0.0493626904669163	0.679838161630515	-3.86717118481638
3:334539-334760	0.189806088206217	4.35433856299125	1.27492450197367	0.216507451531112	0.801011482501697	-4.96180108144767
9:641867-642147	-0.189721311759416	4.76900773198751	-1.77450549515738	0.0907384102463442	0.741140737705541	-4.3346232232496
1:354345-355091	0.189656905014041	5.60046634980423	1.5714313582258	0.131293326292268	0.758544098928206	-4.60860098857951
9:163039-163895	-0.189585718385205	9.0955891131678	-1.57725158331899	0.12994831119258	0.758544098928206	-4.60109308299437
20:107397-110496	-0.189433824757177	9.76505194016025	-1.44563697651447	0.163299159534776	0.772967761391932	-4.76561140517379
5:204924-205217	-0.189431150622485	4.73039713902614	-1.66188467588794	0.111656414864569	0.756075612242365	-4.48957546912687
3:770152-770808	-0.189325887071	8.83388736093404	-1.58189115652926	0.128884379654967	0.758544098928206	-4.5950931150247
14:465395-466123	-0.189267500364398	9.40332844764083	-1.81146562031029	0.0846534463064133	0.735745292558264	-4.28220965842704
12:410787-411116	0.188773874172537	5.09578246111347	1.90307939101447	0.0710777020276248	0.719782339990155	-4.14912095667967
15:98140-99170	-0.188708671073313	8.97069466585908	-1.98947980461714	0.0600689974524648	0.715337466469972	-4.01964785431303
5:795541-795908	-0.188591495937925	4.78013829051961	-1.9110053440774	0.0699984349759342	0.715337466469972	-4.13740038453034
1:329656-330112	0.188464096218785	5.26206998739863	2.02751740043291	0.0557230354141571	0.694932659060104	-3.96148563258931
14:75390-77014	-0.188390266384079	10.7301030698902	-1.68422552941841	0.107208120281462	0.748668820481616	-4.45942075936996
9:354821-355660	0.18826222173016	5.98583498538242	1.53743888332088	0.139381948620136	0.7699312400524	-4.65202683504015
8:327085-328214	-0.188067998968869	8.13361143965253	-1.42794915724866	0.168269815642197	0.772967761391932	-4.78686206492142
6:153151-154063	0.187989435803962	5.94704543789886	2.1210868735974	0.0462065272960857	0.669321735201553	-3.81553476287608
15:468825-469082	0.187972453259614	5.03581577711567	2.04332254135957	0.0540014428996025	0.694932659060104	-3.93711605443248
14:182814-183775	0.187966035123161	6.77448749236694	1.94585952394772	0.0654219914374035	0.715337466469972	-4.08548033998706
1:72982-73889	-0.187904426987718	9.33864950923631	-1.67997087524705	0.108043463156216	0.750312117003624	-4.46518616558707
11:289472-289566	0.187837291179243	3.24026678675597	1.00910543502057	0.324613329347308	0.851493059090313	-5.22530495912595
8:549572-550412	-0.187814794414303	9.27058583848504	-1.43526133096436	0.166200334120928	0.772967761391932	-4.77810225506747
3:663654-663963	-0.187633630210848	5.06737515905072	-2.22139177538882	0.037658355802746	0.629910227456321	-3.65478006557262
4:731472-731876	0.187590775181199	4.88926654232704	2.06926244866547	0.051279017492096	0.691978610145357	-3.89686710475314
9:199233-199676	-0.187442117612144	5.58797764500607	-1.93511916394686	0.0668031906542931	0.715337466469972	-4.10154496440157
4:422609-423170	0.187416930256133	5.35316589179607	1.91738570663435	0.0691401445086555	0.715337466469972	-4.12794201622536
5:420074-420533	0.187136183084582	5.10892131831001	1.64514194065983	0.115091706360736	0.758544098928206	-4.51198015316945
1:577339-578230	0.186847240453118	6.12006353340614	1.74164771129737	0.0964615298539764	0.746426993139541	-4.38058147728097
9:46663-46962	-0.186843973692135	4.85949011995771	-1.87685650313782	0.074753471206288	0.72701135596687	-4.1876672015504
15:61178-62507	-0.186791823025466	9.50309184604631	-1.69308421104213	0.105486455269817	0.748668820481616	-4.4473825071085
2:713327-714420	0.186696712313346	6.32352772728308	2.0268251496882	0.0557995495672019	0.694932659060104	-3.96255030519866
17:252346-252572	-0.186694534120985	4.13987084832382	-1.27717631748645	0.215726911975975	0.801011482501697	-4.95934548839617
17:55190-56523	-0.186348471717782	9.51289637059513	-1.76794300056871	0.091857458926059	0.741390804423834	-4.34385058174258
13:187287-187496	0.186081013671037	4.17715711664047	1.51720791057416	0.144388612202691	0.770247644231625	-4.67752547989578
8:96739-97108	0.186077961481888	4.53817834839667	1.74032852272615	0.0966976423940012	0.746426993139541	-4.38241391990263
17:247020-247403	-0.185910248932229	4.93695989370415	-1.95212411970466	0.0646280937525846	0.715337466469972	-4.07608356896183
17:216527-217660	-0.185892861879141	8.96754764094921	-1.53558752779454	0.139834071125907	0.7699312400524	-4.65437105935785
17:374542-374754	0.185730198409992	4.18537191887989	1.70792746103539	0.102654502796601	0.748668820481616	-4.42710923172792
2:608053-609434	-0.185398913094341	8.87718586772948	-1.86817542927762	0.0760065463065299	0.72701135596687	-4.20034901375409
7:369063-369267	-0.185395014172657	4.29962194138998	-1.66085177120426	0.111865805672897	0.756075612242365	-4.49096250438324
2:338035-338604	0.185028347571236	5.90539817949089	1.66248028891884	0.111535822965016	0.756075612242365	-4.48877536284799
17:405458-406084	0.184981627331823	5.32421595064735	1.70457774780147	0.103287862164763	0.748668820481616	-4.43169552265973
2:637643-638488	-0.184796527586109	9.01300681046873	-1.62746240312026	0.118815668824162	0.758544098928206	-4.53545620859633
1:313449-313765	-0.184746804156929	4.77644245606717	-1.41645330595681	0.17156529761455	0.772967761391932	-4.80056153923288
9:66846-67291	0.184740105817656	5.43614882425172	1.87410420229599	0.0751487789046937	0.72701135596687	-4.19169219613109
7:657082-657503	0.184587155258451	5.25936829891259	1.58455438338173	0.128276946650264	0.758544098928206	-4.59164296455279
10:440343-440666	-0.184570823453046	4.59110100886194	-1.23868120952522	0.229372283261323	0.801399683716858	-5.00082321386754
11:437838-440099	-0.184431003730147	10.2198717211703	-1.67407578285148	0.109210020107114	0.754117248109952	-4.47315692096868
6:688710-689778	0.184285196628893	6.12672527795895	1.84673653407873	0.0791802396545912	0.730743819987527	-4.23149803568828
2:616684-617110	0.184280784658163	5.23493817408791	1.72142786194806	0.100135388532321	0.748584652653834	-4.40855938292054
17:365219-365534	0.184121158798162	4.92595845592926	1.8303194967991	0.081688167709438	0.735745292558264	-4.25518534794433
3:242194-242558	0.18405544376961	5.00343509279615	1.79388025028917	0.0875030341315926	0.737972739853081	-4.30724140761015
16:291496-292994	-0.183900744544166	9.51690440037908	-1.49588600338746	0.149824483635238	0.772522938606357	-4.70411553951114
13:74467-74862	0.183639443912497	5.06579104778482	2.02193955235687	0.0563422283691841	0.694932659060104	-3.97005783311188
17:376287-376836	0.183563123286282	5.62657398222368	1.94135771360389	0.0659978138718561	0.715337466469972	-4.0922208548081
4:850253-851663	-0.183324682535305	9.82178655002977	-1.54179355937682	0.138323248681136	0.7699312400524	-4.64650429754087
4:828362-829956	-0.18330813110596	9.97823425686768	-1.32493748956537	0.199680076410306	0.786026251546107	-4.90641465036986
1:171942-172320	-0.183281751649102	5.20436664788344	-1.86857304669939	0.0759487523885367	0.72701135596687	-4.19976901525894
4:466699-466899	0.183235896509444	3.99542575096229	1.52355904430985	0.14280115371322	0.7699312400524	-4.66954874450928
9:501135-501458	0.183214095889788	4.3467687553741	1.69341035843632	0.105423521255121	0.748668820481616	-4.44693842359212
13:538092-539197	-0.182966836208806	8.81557257089388	-1.61076529718514	0.122425309916336	0.758544098928206	-4.55745425933135
7:670333-670654	0.182887411927695	4.76595323258793	1.96619423923433	0.0628760605455987	0.715337466469972	-4.05490755310903
3:540497-541554	0.182835340371231	6.65988402966807	1.96002062063623	0.0636395546046811	0.715337466469972	-4.06421114110378
14:395830-397542	-0.182153993163077	9.21232254748257	-1.35530200634857	0.18997485991455	0.780967182561144	-4.87193132808611
5:11741-12563	-0.182029040690896	8.88978570968098	-1.71507954101862	0.101313292206745	0.748668820481616	-4.41729519307155
8:585088-586006	-0.181896421159468	8.85914313680262	-1.72430658443317	0.0996051286651075	0.748584652653834	-4.40459039812655
4:941692-941929	0.181868996371548	4.64169768254216	1.35435820456993	0.190270803971932	0.780967182561144	-4.87301278451011
4:865302-866081	0.181859155889431	5.9605069854491	1.91058768525529	0.0700549446995695	0.715337466469972	-4.13801880456598
1:971769-972156	0.181519899635115	5.37439757063494	2.0915520951447	0.0490388938012836	0.677463236588102	-3.8620347477341
6:269091-269338	0.181440537873168	4.57310557091965	1.59132261217796	0.126743984546483	0.758544098928206	-4.58285515235073
13:438310-438525	0.181233818466938	4.31622932056446	1.7611927769285	0.0930209195386876	0.743011434517442	-4.35331680159184
15:339680-341361	-0.181053906209534	9.85524873039322	-1.62725859392731	0.118859183296071	0.758544098928206	-4.53572574162849
10:405905-406713	0.180927338385344	6.01506066160195	1.95215096586646	0.064624710043147	0.715337466469972	-4.0760432581349
17:331888-332097	-0.180834149071734	4.2400523559025	-1.62257393770972	0.119863088070084	0.758544098928206	-4.54191416471117
10:332094-332266	0.180729537739602	4.29777617208753	1.68642042907293	0.106779333777054	0.748668820481616	-4.45644234023261
17:149882-150628	0.180616657967979	5.93489209133357	1.77555335532798	0.0905608213064077	0.741140737705541	-4.33314763233821
7:455009-455898	0.180487172294986	6.04959841569932	1.9101334214142	0.0701164527484954	0.715337466469972	-4.13869132368384
11:282851-283078	-0.180439620550848	4.32993029964806	-1.46022793036929	0.159288842227399	0.772967761391932	-4.74792528821243
8:596321-596885	-0.180337598387	5.13259569950106	-1.35855846266337	0.188956541195671	0.780967182561144	-4.86819519217734
4:629622-630186	0.180245994452284	5.77287952680455	2.04017385245442	0.0543405689952351	0.694932659060104	-3.9419803114712
13:208290-209139	-0.180196899710087	6.00228487155869	-1.92420730494269	0.0682327761341501	0.715337466469972	-4.117806617037
9:539896-540617	0.180037417635622	5.80037736580765	2.09474635900112	0.048725190807663	0.677463236588102	-3.85702453115933
13:387060-388542	-0.179998239406512	9.21974041771191	-1.57495952409969	0.130476614085717	0.758544098928206	-4.60405228016331
17:98288-98703	0.179912134284892	5.26467348997208	1.80919434316364	0.0850169018656468	0.737472195253169	-4.28545219259224
14:4919-5346	-0.179503926783408	5.13230957210263	-1.82195862907466	0.0829917965341213	0.735745292558264	-4.26719317845288
1:819428-819645	0.179363800719384	4.24333776042103	1.72119046810192	0.10017922407052	0.748584652653834	-4.40888647309483
11:273848-274790	-0.179148594778226	9.05491927809946	-1.45035556782509	0.161993403727897	0.772967761391932	-4.75990725139318
4:477251-478272	0.17900813324497	6.11595836410633	1.97274284717775	0.0620750862410244	0.715337466469972	-4.04501831121447
16:453072-453339	0.178928201932028	4.69095858728779	1.44353503423225	0.163883558114846	0.772967761391932	-4.76814762782523
10:437151-438674	0.17889006673396	7.32301080435728	1.47161401185978	0.156215265917933	0.772967761391932	-4.73402652045815
9:463961-464773	0.178759345893503	8.0472914242169	1.34336646698309	0.193744338959823	0.780967182561144	-4.88556229325136
2:184763-185092	0.178726973195552	5.68594079248225	2.00180666714819	0.0586286099052202	0.714411372552082	-4.00087528464277
4:702244-702590	-0.178694259006338	4.42263339946133	-1.27248019734886	0.21735718158558	0.801011482501697	-4.96446248016454
9:77646-78840	-0.178667790644402	9.06587684815349	-1.50487367658698	0.147513020972734	0.770247644231625	-4.69294289192589
11:466708-467184	0.178621720860177	5.58901771726378	1.93822531562706	0.0664011167301838	0.715337466469972	-4.09690496807509
2:65355-65576	-0.178604271788445	4.62599650497645	-1.38227757263235	0.181669293125336	0.774997180650747	-4.84076227941851
12:278453-280736	-0.178500448809206	9.81014341366756	-1.52589566863675	0.142220747784853	0.7699312400524	-4.66660757057076
1:1067711-1068020	0.178377914921449	4.74318248579691	1.6908172277404	0.105924781483611	0.748668820481616	-4.45046752541848
9:166058-167521	-0.178315362532466	9.61256308392727	-1.35052457142408	0.191476649966947	0.780967182561144	-4.87739922818262
14:523772-523979	-0.178234949132831	4.40926642872584	-1.79484185913087	0.0873450904786821	0.737972739853081	-4.30587699375327
16:184840-185968	-0.178088037476982	8.59107894741025	-1.89812501339887	0.0717597479912341	0.722399235440732	-4.15643089304646
6:250353-250861	0.178022152709167	5.53571143591168	1.82072314082352	0.0831859611276837	0.735745292558264	-4.26896437824018
13:450452-450813	-0.177748586339867	5.1346812852957	-1.62355791138084	0.119651636519007	0.758544098928206	-4.54061543956313
15:102819-103194	0.177746954062121	5.1264442870299	2.05002127175269	0.0532862643980002	0.693341044899561	-3.9267520859212
12:70305-70927	0.177488768012475	5.07968322968125	1.39737175559528	0.177149647400138	0.774997180650747	-4.82310460210894
1:587715-588652	0.177481055827185	5.89224137697104	1.73788003971511	0.0971371951399224	0.746516496858661	-4.38581241032344
2:995891-997128	-0.177442582201861	8.59558269433951	-1.60437833502648	0.123830191316522	0.758544098928206	-4.56582405192457
11:13268-13681	0.177417593906632	4.90821975280466	1.63007926648193	0.118258143378845	0.758544098928206	-4.53199323603099
1:759893-760311	0.177314230190017	5.13014269799166	1.78495285306417	0.0889811975271649	0.738923636607774	-4.31988405223634
9:452157-452665	0.177300825343561	4.93777371588183	1.65068120415798	0.113945398934054	0.758544098928206	-4.50458616278111
3:181524-181889	0.177252299144784	4.98385425928735	1.50966097887428	0.146293810187989	0.770247644231625	-4.68697051157818
2:1057338-1058137	-0.177208659691708	9.61843519706137	-1.36312531100007	0.187535738782567	0.780846480735601	-4.86294332523161
3:446030-446929	0.177181476952401	6.04213980738149	1.87712669393222	0.0747147626744395	0.72701135596687	-4.18727185804923
11:77119-78114	0.176668370144843	6.08937271759225	2.03916333190926	0.0544498095899418	0.694932659060104	-3.94354043049311
3:957512-958886	-0.17645641812458	9.50944109177797	-1.30276331788946	0.207010069302991	0.792751879716869	-4.93118947502861
16:368132-368361	0.176424812011705	4.32094634891227	1.76686564344011	0.0920423050374874	0.741390804423834	-4.34536313010053
1:408382-408766	0.176415940152469	5.13667971607096	1.90883292751778	0.0702928048148912	0.715337466469972	-4.14061606789163
6:612463-613051	-0.176314461678667	7.71454553759599	-1.42961935971241	0.167795295572696	0.772967761391932	-4.7848643459592
2:477431-477694	-0.176222398885888	5.0269256722516	-1.53029225818351	0.14113393008335	0.7699312400524	-4.66106403218815
12:93453-94152	0.176210248894123	5.78185075474418	1.8329025288241	0.0812890427664957	0.735745292558264	-4.25146799799568
12:82165-82404	-0.176186201617046	4.70517863060671	-1.16240905193366	0.2583397339445	0.817726377288983	-5.07981374911247
5:516836-517199	0.176182757355114	5.05057849292522	1.8383874198832	0.080447159549944	0.733363515571383	-4.24356258149191
4:81304-81521	-0.176060013521145	3.90386903904434	-1.7452855697958	0.0958129786128236	0.746426993139541	-4.37552313227682
3:620265-621237	-0.176001792407636	6.12348084309388	-2.10891662377112	0.0473552541643728	0.677463236588102	-3.83474303720764
18:281359-283163	-0.175820981548362	8.81557137187666	-1.81204532421383	0.0845608970465231	0.735745292558264	-4.28138160817656
4:111604-111876	-0.175445286681074	4.21906742691584	-1.28182711710306	0.214121712002543	0.801011482501697	-4.95426235650205
8:302093-303080	-0.175413089664008	9.39388730013173	-1.18275326051233	0.250358389500866	0.811663524583236	-5.05916444713404
17:211429-211833	0.175393627353985	5.33469917746715	1.89760206023445	0.0718320752988498	0.722399235440732	-4.15720174636539
2:96288-96835	0.175389150208204	6.45851670000805	1.32449365615272	0.199824770180312	0.786026251546107	-4.90691392369057
5:76623-77170	0.175323868556776	5.68054694571832	1.62264881972482	0.119846985219709	0.758544098928206	-4.54181535021765
14:413877-415391	-0.17515015444871	9.63560751159335	-1.50810898075707	0.146688156810041	0.770247644231625	-4.68890831533496
9:310573-311053	0.175109456744386	5.35756158700081	2.00499701930809	0.0582608691425673	0.712501776727134	-3.99600475338733
14:185623-186388	0.175093164549636	5.90828464998489	1.97347400395074	0.0619862216218324	0.715337466469972	-4.04391286140736
12:305048-306826	0.175000405782793	8.20110486050192	1.7284219239593	0.0988512616589996	0.748584652653834	-4.39890820743407
10:239199-239564	0.174974443334291	4.84805406818709	1.81716891647799	0.0837467338552693	0.735745292558264	-4.27405511627563
3:545109-546212	-0.174844885424612	8.90285196647887	-1.5240405748091	0.142681384488296	0.7699312400524	-4.66894291351576
8:393066-393927	0.174802828153212	6.42600825061734	2.02263462099273	0.0562647353517178	0.694932659060104	-3.96899043618084
15:283086-283395	0.174654741145972	5.02327296908223	1.50651633626238	0.14709373845749	0.770247644231625	-4.6908952596441
4:237944-238408	-0.17462231862747	5.41703457690065	-1.71304300826586	0.101693663743285	0.748668820481616	-4.42009271569611
5:309953-310346	-0.174612588320073	4.86950450423193	-1.53337047012114	0.140377096013248	0.7699312400524	-4.65717548307136
18:114850-115146	0.174592121461821	4.63836668797461	1.78163415910101	0.0895361754517168	0.739610118066245	-4.32457263718273
16:364318-364763	0.174557585608544	5.2520366051849	1.84276050582955	0.0797813859941641	0.731318825866227	-4.23724807515056
16:454888-455608	0.17414743038479	6.52271337120396	1.754926551443	0.0941123012675194	0.744672943074757	-4.36208141447941
13:42901-43242	-0.174052774761295	5.02141975034158	-1.76685065949708	0.092044878147802	0.741390804423834	-4.34538416213407
6:53376-54073	0.173997376426247	5.90970814439518	1.82940069418756	0.0818305502362284	0.735745292558264	-4.25650677008218
6:167886-169365	-0.173944904029746	8.68854700373224	-1.40106042938842	0.176058931886292	0.774997180650747	-4.81876595208633
4:86599-87678	-0.173926739018397	6.1443416861393	-1.98795234816652	0.06024965618715	0.715337466469972	-4.02196889020915
8:116809-117089	-0.173922683767243	4.75440828110352	-2.03313262375129	0.0551058466734964	0.694932659060104	-3.95284112196952
1:536004-536269	-0.173896644642634	4.60765714703806	-1.57303092389424	0.130922527335263	0.758544098928206	-4.60653969877999
12:122584-122955	-0.173862092941524	5.00257270180293	-1.40821867272746	0.173957635086246	0.774044847074752	-4.81032011352449
11:151494-152219	-0.173798644963069	8.66466267494589	-1.3637871551972	0.187330535273652	0.780846480735601	-4.86218101415264
4:331892-332419	-0.173763852207543	5.41483942692564	-2.05392849679691	0.0528730480783982	0.692021750956516	-3.92069734789358
7:30509-31386	0.17371350408919	5.9654231824864	1.81461280615786	0.0841520564449665	0.735745292558264	-4.27771201436514
9:240758-241111	-0.17338282097114	4.94310298635666	-1.89652173512628	0.0719816932543715	0.722399235440732	-4.15879374078931
17:157463-157782	0.173373271622861	4.79212385143153	1.88839050616748	0.0731166329564415	0.72701135596687	-4.17075676266531
7:180679-181554	0.173344443438528	5.97211499105597	1.92447166990443	0.0681978243720957	0.715337466469972	-4.11741335300049
2:672547-673758	-0.173189759147126	9.57698824033075	-1.63202537775309	0.117844952112084	0.758544098928206	-4.52941520882198
9:679900-680132	-0.173172605825033	4.41327317701642	-1.74372798604449	0.0960902018760618	0.746426993139541	-4.37768982881437
11:528407-528657	-0.173100643668463	4.8581537088026	-1.6872579531348	0.106616103577948	0.748668820481616	-4.45530509938553
8:699242-699458	0.173040896258046	4.83382867836306	1.80022752640095	0.0864650557177448	0.737972739853081	-4.29822595478885
10:249025-249226	0.172989948665585	4.48943689941535	1.7524336392949	0.094549544244316	0.744672943074757	-4.36556212704308
7:764566-765008	-0.172949409636816	5.20780257592911	-1.47309644154705	0.15581867342458	0.772967761391932	-4.73221069490681
1:154469-155610	-0.17278562891752	8.77478512098465	-1.53206205889484	0.140698382091471	0.7699312400524	-4.65882906824315
1:525872-527204	-0.172727968658782	9.19578756947469	-1.38164056179666	0.181862036063577	0.774997180650747	-4.84150406450286
2:28598-28787	0.17269301904599	4.39348748123133	1.21883094170676	0.236661775662956	0.801399683716858	-5.02179242596061
20:11281-11636	0.172478780429256	4.92198048817788	1.55645079592159	0.134808599827272	0.768210888185074	-4.62782827447104
12:488719-489380	-0.172450795269805	8.84506266247397	-1.52676150673247	0.142006172354779	0.7699312400524	-4.66551683241234
7:287849-288507	-0.172263018904439	7.55561770481511	-1.53614075866054	0.139698838948615	0.7699312400524	-4.65367077471393
2:17753-18865	-0.172039733771143	9.67244289645796	-1.39604532359425	0.177543183062315	0.774997180650747	-4.82466250969256
5:742519-744590	-0.171970493135165	9.05791550141542	-1.87134429620681	0.0755470176234301	0.72701135596687	-4.19572432960788
8:329069-329663	-0.171967077168956	8.72175512372816	-1.31030377811795	0.204494260913127	0.789065786075133	-4.92280346288407
8:237745-238110	-0.171945648354964	5.12571863560809	-1.50488086146134	0.147511184927812	0.770247644231625	-4.69293393951306
16:187777-188071	-0.171730264376781	5.05032754392786	-1.94689077904479	0.0652907121620012	0.715337466469972	-4.08393482461488
6:311748-312293	0.171680918209238	5.70094829839371	1.63168593157454	0.117916934409251	0.758544098928206	-4.52986504006069
7:484785-485717	0.171544096846672	6.23460742488706	1.88437025571964	0.073683555609831	0.72701135596687	-4.17665886768698
13:282649-282937	-0.171506581165337	4.7900496155043	-1.77953858506867	0.0898881529180471	0.739610118066245	-4.32753007995822
7:491112-491360	-0.171398380389325	4.48930570833697	-1.63473497206285	0.117271686896816	0.758544098928206	-4.52582198704661
2:1037341-1038223	-0.171332072042887	9.40757895441156	-1.61065896374803	0.122448589203468	0.758544098928206	-4.55759380785894
5:349500-349757	-0.171281199531733	4.50511301934655	-1.35243160484309	0.190876051564389	0.780967182561144	-4.87521847051898
5:656596-657193	-0.171206744697	4.69891908629972	-1.2445270253066	0.227258582049286	0.801399683716858	-4.99459328200838
4:713794-714991	-0.171149940604725	9.58913033247287	-1.5807746468284	0.129139747867173	0.758544098928206	-4.59653822186325
17:112210-113175	-0.171017066473028	6.53239448018495	-1.97248496030767	0.0621064567326693	0.715337466469972	-4.04540815263707
16:472942-473841	-0.170853636231696	6.03041388038833	-1.69348327607984	0.105409455305134	0.748668820481616	-4.44683913017161
17:315511-315908	0.170760150940637	5.02707806094697	1.79256651538635	0.0877192140595391	0.737972739853081	-4.30910462621714
7:146046-146894	-0.170557366189885	5.96914881013609	-1.73972498759249	0.0968058303816215	0.746426993139541	-4.38325194191517
7:233267-233507	0.170551702890089	4.35999394132055	1.45654266975082	0.160294109419932	0.772967761391932	-4.75240556148359
2:1025505-1026934	-0.170526303994109	9.01714966528355	-1.41926473418638	0.170754597713035	0.772967761391932	-4.79721937498272
15:170483-171098	-0.170417627665623	8.7343402887656	-1.50325043732924	0.147928309539151	0.770247644231625	-4.69496460911173
5:636677-637630	-0.17026925249937	9.19094234605093	-1.5096315372752	0.146301282880565	0.770247644231625	-4.68700728636114
5:301992-303232	-0.17015366234585	8.72502427528367	-1.59093808381234	0.126830665841588	0.758544098928206	-4.58335517807974
7:679459-681754	-0.170029946593941	9.62055696367969	-1.50946461782526	0.146343655317511	0.770247644231625	-4.68721577084429
6:504450-505891	-0.170026471684677	9.51109039775295	-1.51762055870727	0.144285031915516	0.770247644231625	-4.67700799589236
6:492539-492920	0.169815907177984	5.06710532298486	1.87048687351835	0.0756711147291935	0.72701135596687	-4.19697618326879
14:229943-230496	0.16979802580516	5.41397945892731	1.81865282933999	0.0835122090511307	0.735745292558264	-4.27193053080288
12:161951-163183	-0.169794066693877	9.07270635657778	-1.48105861577682	0.153702580518381	0.772967761391932	-4.72243327662032
2:147102-147473	0.169710042207255	5.10068202902751	1.31523167234233	0.202863056917483	0.786841458199874	-4.91730133419655
10:324266-325324	0.169690810956504	6.42350934844725	1.79853181734555	0.0867413071787585	0.737972739853081	-4.3006366462603
2:760307-760801	0.16968439914463	6.78422637426849	1.71213467045947	0.10186371096287	0.748668820481616	-4.42133970046039
11:88730-89836	0.169597172268944	6.18501961726068	1.62837354960149	0.118621297576785	0.758544098928206	-4.53425093102369
11:501588-502079	0.169371932194383	5.25094609795279	1.72444125366049	0.0995803816179706	0.748584652653834	-4.40440460913733
15:336507-336853	-0.16930916995386	5.2699367494602	-1.81986330656732	0.0833213224192969	0.735745292558264	-4.27019655178823
15:181998-182422	0.169308945421182	5.07687452951019	1.96143585145389	0.0634638096630188	0.715337466469972	-4.0620800660232
8:172504-172858	-0.169269957757501	5.12010357365759	-1.63886748549397	0.116401903732846	0.758544098928206	-4.52033330607635
6:131544-131859	-0.169104964269989	4.5215394905814	-1.66589208571651	0.110847171631117	0.756075612242365	-4.48418813292922
7:232502-232929	0.169065923312077	5.25721315715793	1.66174956892904	0.111683784909106	0.756075612242365	-4.48975693339533
20:158182-158494	-0.169065848613077	4.66659862631942	-1.49965105829141	0.148852594338775	0.770247644231625	-4.69944151585931
3:752466-752832	0.168962790539075	5.10937317745011	1.70201124706163	0.103775386779309	0.748668820481616	-4.43520507289016
17:66822-68539	-0.1688763702254	9.14138270044878	-1.3401085403992	0.194783439006205	0.780967182561144	-4.88926584297416
14:444893-446036	0.168855433665309	6.53236601337753	1.85818728733454	0.0774710151198235	0.730021607739642	-4.2148912491422
20:60158-60688	-0.168658857063365	5.19887990855251	-1.61929277090766	0.120570468268148	0.758544098928206	-4.54624066146353
1:725009-725385	0.168627556791022	5.17230585316096	1.73926275862662	0.0968887584928671	0.746426993139541	-4.38389361728842
16:432521-432954	0.168585497122663	4.65212670439399	1.68555041255328	0.106949121741439	0.748668820481616	-4.45762326652498
3:314231-315374	0.168530326465675	7.70193810088013	1.82351593979972	0.0827476172719108	0.735745292558264	-4.26495943696569
3:863015-863367	0.168349529767937	4.75507111411133	1.76580141533272	0.0922252134240778	0.741390804423834	-4.34685660909603
10:505590-506555	-0.168154500158636	8.74037754535322	-1.52245110043837	0.143077042956495	0.7699312400524	-4.67094212707013
5:38749-39402	-0.167899001960768	5.70048076393687	-1.60071018803387	0.124643130055565	0.758544098928206	-4.57061969278019
17:255569-255834	0.167883782326361	4.44008936116375	1.3751571026695	0.18383303995987	0.774997180650747	-4.84903814133045
9:88826-89096	0.167775075538225	4.67573981725671	1.91336030252289	0.0696805573868681	0.715337466469972	-4.13391177004906
12:221225-221934	0.167702930403486	5.67410953291886	1.50136813989527	0.148411075895437	0.770247644231625	-4.69730685259073
19:44232-44445	-0.167642525127065	4.65179886452123	-1.7588324133134	0.0934307348535244	0.74396801598138	-4.35662084799703
8:24461-24876	0.167611446685329	5.21851437324879	1.46203582011451	0.158797560843791	0.772967761391932	-4.74572411805361
6:563015-563251	-0.167574074617098	4.46396156531912	-1.70872008911315	0.102505119902641	0.748668820481616	-4.42602304782612
3:104324-104561	-0.167442931391649	3.97964881206046	-1.41866685956615	0.170926741668419	0.772967761391932	-4.79793055939168
8:21019-21254	0.167332673037658	4.47706780330156	1.50620896271983	0.147172119869441	0.770247644231625	-4.69127854351242
1:787973-788280	0.167299731240361	4.4956308746616	1.84350275031945	0.0796688626441683	0.731318825866227	-4.23617529866036
3:177492-178848	-0.167168815119439	8.98643022954698	-1.53365173062653	0.140308110446459	0.7699312400524	-4.65681988085566
4:451793-452602	-0.167082124131523	9.47276244748974	-1.4541611267525	0.160946482676675	0.772967761391932	-4.75529610784039
1:709915-710276	-0.166995537879659	5.09029949916079	-1.46350513139684	0.158399193483523	0.772967761391932	-4.74393359615761
7:42358-42735	0.166980584420683	4.94045978155672	1.75798786167841	0.093577746424825	0.74396801598138	-4.35780229493577
7:371906-372741	-0.166953065267629	9.4283288531084	-1.36463081655228	0.1870692178499	0.780846480735601	-4.86120884943978
3:381827-382088	-0.166846941298824	4.34974383394791	-1.43466597451087	0.166368059094589	0.772967761391932	-4.77881681097633
7:491826-492046	0.166831533025682	4.49956419099734	1.9091092510822	0.0702553016058992	0.715337466469972	-4.14020717865472
17:179330-179617	-0.166790667472583	4.6522367535904	-1.72604713731322	0.0992856872635178	0.748584652653834	-4.40218833970917
17:16055-16274	-0.166566572815949	4.35901565667943	-1.77645293721115	0.0904086017716654	0.741140737705541	-4.33188035897273
6:163785-164064	0.166525113859439	4.48465183273855	1.30108025372222	0.207574888969654	0.792751879716869	-4.93305579081544
20:159480-159754	0.166503394804276	4.69113149883847	1.64420589874569	0.115286371746244	0.758544098928206	-4.51322779942266
11:101693-102571	-0.166454779647245	6.16095724878866	-1.76966597858054	0.0915625068268902	0.741390804423834	-4.34143027082969
9:156310-156520	-0.166409284431285	4.85496858809816	-1.320199625516	0.201228912675849	0.786841458199874	-4.9117372040183
18:127523-128831	-0.166285974821788	9.73233140205796	-1.41567306871379	0.171790833461727	0.772967761391932	-4.80148812720864
2:11906-12116	0.16624495169191	4.48491354484881	1.41241966753518	0.172733832514068	0.773156634332969	-4.80534736462954
19:65202-65476	0.166240310106132	5.91493547288966	1.19525069860568	0.245547956768992	0.808141657719123	-5.0463272398459
12:528903-530024	0.165771623148177	8.01876147254846	1.71579887507479	0.10117923028783	0.748668820481616	-4.41630649490602
13:43704-44162	0.165749177785868	5.26128544362608	1.65072090570182	0.113937217965886	0.758544098928206	-4.50453310167953
3:624661-624860	0.165702822938683	4.19075162273616	1.61086111055458	0.122404336939037	0.758544098928206	-4.55732851108989
2:295961-296206	-0.165686305545134	4.40592337911733	-1.5664131705283	0.132462280660379	0.761472240004049	-4.61505736107844
5:726603-726995	0.165679625894064	4.84721938197837	1.60643711780462	0.123375871293074	0.758544098928206	-4.56312884337044
3:270987-272462	-0.165609415429413	9.39393008097353	-1.50075262781027	0.148569220760559	0.770247644231625	-4.69807227147202
5:194708-195050	-0.165531291784318	5.22368460367883	-1.7605900037526	0.0931254277846928	0.743011434517442	-4.35416086313213
15:392732-393852	-0.165437256143157	8.69975890663574	-1.44594296051632	0.163214228277755	0.772967761391932	-4.76524195791471
5:451454-451845	0.165401617135666	4.75544922684461	1.90929662925841	0.0702298802783815	0.715337466469972	-4.13992988392835
15:27527-27751	0.165397733202099	4.26427645774661	1.39377709245554	0.178217758064911	0.774997180650747	-4.8273238049378
3:830268-830587	-0.165279540366223	5.02258669830275	-1.66941741829137	0.110139393427518	0.756075612242365	-4.47944101277754
1:841992-842299	0.165218563781782	4.46663560374253	1.4628356789727	0.158580598061088	0.772967761391932	-4.7447495755841
8:34142-34395	0.165170292907177	4.28221919115956	1.2134277925383	0.238676091862494	0.802351582133777	-5.02745035178404
2:497111-497344	-0.165106840929539	4.56939731293515	-1.50154604146342	0.148365392981166	0.770247644231625	-4.69708557790644
3:974526-975028	0.165087251612198	5.37518229668732	1.8273923829717	0.0821425214250501	0.735745292558264	-4.25939354099438
6:546953-547718	0.165087007722078	5.7624538997348	1.91067775815152	0.0700427543341508	0.715337466469972	-4.13788544276784
8:520762-521109	-0.164979976969509	5.06577932965376	-1.63874398912804	0.116427817318738	0.758544098928206	-4.52049747911162
4:823539-823777	-0.16487772291504	4.54850375181646	-1.56947246491546	0.131748612209902	0.759383219169377	-4.6111231578176
10:280449-280855	-0.164620731991086	5.19224070176603	-1.46499814472935	0.157995232513442	0.772967761391932	-4.74211273768537
1:425863-426138	0.164602800881063	4.78070722036882	1.64061145105189	0.116036481743785	0.758544098928206	-4.51801394300353
5:400652-400944	0.164518416665098	4.74935919207584	1.73706613539353	0.0972836869218944	0.746516496858661	-4.38694135370655
5:440971-441453	0.164413337643444	5.41234887773919	1.71988938091276	0.100419765817596	0.748668820481616	-4.41067858543418
16:81198-83485	-0.16440391956244	9.71204764824197	-1.54181176866017	0.138318835682487	0.7699312400524	-4.64648117960272
8:50882-52078	-0.164260441830443	9.21600800399345	-1.56539018159268	0.13270163836104	0.761503247825661	-4.61637160531261
16:120997-121215	-0.16421483182697	4.10811415699841	-1.54234709073209	0.13818915303851	0.7699312400524	-4.64580145774654
2:1018351-1018624	0.164041151413973	4.99066408795193	1.69205024951776	0.105686182011851	0.748668820481616	-4.44878994290692
15:66092-66440	-0.163877381532683	4.81229696258475	-1.68397431125697	0.107257290495344	0.748668820481616	-4.45976147558313
12:256769-256988	-0.16368738242609	4.33982092167186	-1.30303496518138	0.20691901952404	0.792751879716869	-4.93088806323175
9:483164-484651	-0.163640553270321	9.40562758819405	-1.26007281963497	0.221710198515863	0.801011482501697	-4.97790581815247
2:509014-509341	-0.163507845909903	5.1158618846399	-1.30822419344888	0.205185700080147	0.790371078794095	-4.92512024675567
13:323949-324340	0.163483162341115	5.0505080323217	1.70672031849332	0.102882364452324	0.748668820481616	-4.42876275061744
17:48536-49549	0.163195048546525	6.13799267215094	1.60779001517563	0.123078083311034	0.758544098928206	-4.56135631754887
2:964156-964484	-0.163072240427649	4.86240935335738	-1.70110494742528	0.103948013101847	0.748668820481616	-4.43644347555189
11:371524-372040	-0.163027416837991	5.76482421741354	-1.94385405749941	0.065677957389374	0.715337466469972	-4.08848435788336
5:737022-737510	0.163025124954618	5.21138015887395	1.85642142725194	0.0777324785852482	0.730743819987527	-4.21745677380226
3:671226-671501	0.162990106734417	4.54251199789307	1.65861655908479	0.112320067361743	0.756075612242365	-4.49396188840725
10:251784-251958	0.16297210035136	4.00083255854456	1.80013715267407	0.0864797594231628	0.737972739853081	-4.29835447365284
2:366777-367342	0.162825779742264	6.39224046261473	1.71820933362627	0.100731099786653	0.748668820481616	-4.41299123744977
12:78014-79507	-0.162658365227548	9.57172717547408	-1.50736244573936	0.14687815436003	0.770247644231625	-4.68983987728645
4:743973-744483	0.162644410380977	5.3516203657303	1.79562006961194	0.0872174507502201	0.737972739853081	-4.30477242918645
2:907715-908296	-0.162468167932131	8.53806900139947	-1.39680050602206	0.177319044333775	0.774997180650747	-4.82377568663312
6:396748-397081	0.162463302015474	4.97085090728098	1.78591227532074	0.0888213108390047	0.738923636607774	-4.31852746408387
4:448023-448345	0.162437601677067	4.70353723239261	1.4317033746963	0.167204721379342	0.772967761391932	-4.7823690567239
6:672387-672841	-0.162420038766434	5.08432617531319	-1.30668893430771	0.205697326917133	0.790618388064536	-4.92682866309357
13:255407-255919	-0.162392316392951	5.69671859125231	-1.63488119131527	0.117240818437669	0.758544098928206	-4.5256279583602
18:186523-187606	0.162370081686105	6.21490640485257	1.62343029025333	0.119679044011527	0.758544098928206	-4.5407839169849
6:485509-488123	-0.162224905403344	9.89225018993298	-1.64489572632697	0.115142883777849	0.758544098928206	-4.5123083820594
8:241193-241403	0.162215143908659	4.10235487177821	1.72178629536048	0.100069233759337	0.748584652653834	-4.40806545859966
4:525683-526363	-0.162209807433217	7.40096607638387	-1.47756014946404	0.154629455751185	0.772967761391932	-4.72673443171835
7:140712-142812	-0.162161769311108	9.34036206077871	-1.60065494191781	0.124655407841069	0.758544098928206	-4.57069185710015
10:428009-428359	-0.1620426473418	4.95535375339185	-1.46618663236261	0.157674265580924	0.772967761391932	-4.74066222829942
7:540860-541683	-0.162017366997523	9.30357136168667	-1.42605037305491	0.168810591117496	0.772967761391932	-4.7891309249871
17:345219-345748	-0.161821980320619	8.5518747162956	-1.32359649561751	0.200117503845261	0.786026251546107	-4.90792272882611
9:118142-118433	0.161805604355045	4.67826818496264	1.26325283950295	0.220588172512052	0.801011482501697	-4.97447081035437
6:190678-191630	-0.161785205126849	8.93668234176333	-1.49835424152441	0.149186762017283	0.771085388902262	-4.70105244739104
14:306322-306599	-0.161761445964097	4.88932569743179	-1.57500383404623	0.130466384031474	0.758544098928206	-4.6039951040854
13:196347-196689	0.161750787694302	5.00898414342952	1.23552058592258	0.230521326037912	0.801399683716858	-5.00418119312088
5:713079-713347	0.16171815916702	4.63393073980462	1.64674850135363	0.114758242585818	0.758544098928206	-4.50983755248177
2:646797-647245	-0.161565270782631	5.2057571268351	-1.76449238885082	0.0924506249747274	0.741593185281147	-4.34869275580259
17:342467-342722	-0.161512786191718	4.28610825313389	-1.07249020523511	0.295885312855727	0.84600349983364	-5.16734383434683
16:491956-492408	-0.161509533273117	5.0469004045325	-1.39345529138006	0.178313627839541	0.774997180650747	-4.82770108845951
1:584544-585930	-0.161480683762637	8.28140972953806	-1.60209869103628	0.124334884332117	0.758544098928206	-4.56880536935166
2:90776-91650	0.161446845003125	8.89016999814658	1.27408834526948	0.216797840956646	0.801011482501697	-4.96271198330793
9:239210-239499	-0.161327455893407	4.50986745274127	-0.574691805989605	0.571713865296412	0.931770235950016	-5.53408264050189
9:670800-671049	0.161125766231646	4.53063883597495	1.38330217405958	0.181359616804483	0.774997180650747	-4.83956857282779
16:247697-248198	0.161032321325541	5.44140456326167	1.61567725448751	0.121353989519036	0.758544098928206	-4.55100045601821
8:632104-632745	-0.160935552752977	5.87856143119043	-1.86313088207615	0.0767431244877765	0.729304087488933	-4.20770019655281
4:12548-13861	-0.160893161604422	9.38636089644263	-1.41030900835355	0.173347827359859	0.774044847074752	-4.80784725374946
9:667524-668430	-0.16076210627025	9.54019478037702	-1.33406727729564	0.196721882383071	0.780967182561144	-4.89611390061635
6:206484-206752	0.160693869608319	4.68208335658474	1.53659563124677	0.139587730516403	0.7699312400524	-4.6530948475128
9:223576-224818	-0.160634874254146	9.04910519657977	-1.47884046283789	0.154289725003392	0.772967761391932	-4.72516128894866
4:141059-141478	0.160442033916262	5.37384275578088	1.546138864772	0.137273467073794	0.7699312400524	-4.64098169458798
12:56048-56358	0.160405140081182	4.64814533525234	1.57394621030168	0.130710745229999	0.758544098928206	-4.60535949341431
13:142834-143222	0.160242455984013	5.22208595769375	1.86812009533385	0.0760145921788416	0.72701135596687	-4.20042972195148
13:31173-32274	-0.160228256054383	8.52864216669178	-1.57154563838826	0.131266805780341	0.758544098928206	-4.60845377359747
1:452928-453793	0.160193069006794	6.42371064891077	1.74841815367683	0.0952575131636984	0.746426993139541	-4.37116135496114
8:505223-505457	0.160140102360494	4.45462771921852	1.59717339606881	0.125431184618143	0.758544098928206	-4.57523579073314
14:335308-335732	0.160086003595248	5.32918230662105	1.70277109670098	0.103630843889283	0.748668820481616	-4.43416641783299
3:207081-207549	-0.160034298966488	5.24973403232211	-1.90954362371775	0.0701963832744871	0.715337466469972	-4.13956433758121
7:95582-96389	-0.159967921939697	6.70519716146647	-1.48101706626695	0.153713561877476	0.772967761391932	-4.72248440607248
15:218287-218553	-0.159953747190659	4.6778536718946	-1.40699391247427	0.174315729636137	0.774044847074752	-4.81176763189768
16:275349-276088	-0.159945629648314	9.61158232421478	-1.48000621351727	0.153980923347167	0.772967761391932	-4.72372798142391
9:576658-576870	-0.159870076222952	4.14394020691387	-1.25749632643262	0.222622494243099	0.801011482501697	-4.980683572791
4:236195-237633	-0.159819650008957	9.55084255877098	-1.27565229714094	0.21625493984208	0.801011482501697	-4.96100782088475
4:337393-337828	-0.159689295343247	5.41576193758814	-1.74658458348486	0.0955823023325377	0.746426993139541	-4.37371507261481
15:406769-406832	0.159592824290658	2.9496242493962	1.07398297095712	0.295231446970881	0.845907023304233	-5.16594114211144
6:181536-182333	0.159519004813363	5.70757162798932	1.79497150505816	0.0873238151191654	0.737972739853081	-4.30569300199535
14:483891-484233	0.159346149221012	4.77593629035013	1.25924342432819	0.222003559945905	0.801011482501697	-4.97880052256789
1:436265-436548	-0.159291309883182	4.91589290564894	-1.73417320761643	0.0978059104167891	0.74790313259057	-4.39095100032089
5:371451-371802	-0.159270719600882	4.52148749366216	-1.61361604985898	0.121802585388537	0.758544098928206	-4.55371045504001
5:410719-411237	0.159096309190493	5.35939833564644	1.75649087271854	0.0938388176444801	0.744672943074757	-4.3598954543998
7:269471-271536	-0.159043204190095	9.0451710886364	-1.3906123791514	0.179162368699804	0.774997180650747	-4.83103109842536
6:378240-378657	0.159012806234856	5.65878921700923	1.48507606841782	0.152643805974213	0.772967761391932	-4.71748422384616
8:470024-470477	0.158929392029579	5.26740074108967	1.68333354200442	0.107382793286237	0.748668820481616	-4.46063035540163
3:370522-370941	0.158921325034324	5.25173639175985	1.48007945654911	0.153961538478319	0.772967761391932	-4.72363789846312
7:736676-738114	-0.158711063561626	9.29479095079554	-1.28135188256701	0.214285311325184	0.801011482501697	-4.95478247592192
7:225046-225393	-0.158618351298932	5.14213102401101	-1.64751895587923	0.114598613915693	0.758544098928206	-4.50880948261093
3:854593-855471	0.158614113287875	5.97206505880161	1.60298176980735	0.124139174428201	0.758544098928206	-4.56765085695183
1:687562-687907	0.158538096464462	4.96244372178935	1.62107491544163	0.120185825190872	0.758544098928206	-4.54389156303199
20:48154-49243	-0.158284992142335	7.63973676625431	-1.486281486315	0.152327290256163	0.772967761391932	-4.71599723593502
8:672180-672594	0.158154637029178	5.31987504980878	1.64811644315033	0.114474951110334	0.758544098928206	-4.50801197031658
9:535263-535487	-0.157984510031894	4.46053261986451	-1.50157377014194	0.148358273639649	0.770247644231625	-4.69705108702596
2:893600-894011	0.157968237756681	5.04662866722947	1.58627952780818	0.127884749568864	0.758544098928206	-4.58940573748423
3:746688-747033	0.15794777928089	4.92256827457327	1.798985812822	0.086667270946847	0.737972739853081	-4.29999138170049
5:705796-706018	0.157866154680109	4.12574956375306	1.45975337048252	0.159418004948753	0.772967761391932	-4.74850272546041
10:440968-441261	-0.1576034991505	4.62334247042665	-1.60774993581855	0.123086896559875	0.758544098928206	-4.56140884440427
10:349396-350333	-0.15756259264592	9.49563431214752	-1.06473818553221	0.299297615182597	0.847347327993234	-5.17460040725577
8:438857-439569	-0.157385975331914	8.83331433842702	-1.51546898476872	0.144825778666912	0.770247644231625	-4.67970499325771
5:256166-256768	-0.157305489699148	8.43555097758713	-1.37833890988764	0.182863641542154	0.774997180650747	-4.84534432577833
9:244696-245054	-0.157292176242286	4.83417667883698	-1.70450134981253	0.10330234621568	0.748668820481616	-4.43180004789458
16:525921-526183	0.157261769851819	4.86338094664525	1.44779874364435	0.162699888863177	0.772967761391932	-4.76299994350173
17:288206-288463	0.157210901848312	4.28982078449661	1.6328555447678	0.11766906446198	0.758544098928206	-4.52831478568482
17:275566-275798	-0.156950246773224	4.36478534074801	-1.73261405239372	0.0980883609171927	0.74790313259057	-4.39311003897899
13:364544-364799	0.156912535172222	4.63060836164243	1.49573088071993	0.149864637327019	0.772522938606357	-4.70430791572681
1:81684-82523	0.156719269025322	6.24472456882943	1.69305540666963	0.105492014953397	0.748668820481616	-4.44742172426931
13:165032-165584	0.156700855024046	5.46448606186351	1.77952725592672	0.0898900590321799	0.739610118066245	-4.32754606193692
9:551674-552054	0.156652698502109	5.05443446963759	1.4414763851925	0.164457559096562	0.772967761391932	-4.77062877181584
1:71899-72113	0.156610154303651	4.28405539577638	1.45572794153407	0.160517045035046	0.772967761391932	-4.75339484122385
8:321103-321846	0.156532751795456	5.8397103587964	1.70922168378562	0.102410682667492	0.748668820481616	-4.42533549612781
5:54331-55050	0.156525925235504	6.44713443580163	1.57378009821743	0.130749159607933	0.758544098928206	-4.60557372340096
8:253751-254982	0.156514095314192	7.12629472381934	1.58113606978493	0.129057037017844	0.758544098928206	-4.59607051396292
1:164703-165169	0.156434381374536	5.14716503499222	1.5205960132251	0.143539961541417	0.770114360110866	-4.67327338430332
16:11285-12590	-0.15638097502609	9.16354894591727	-1.32657169727077	0.199148017979007	0.785519899625145	-4.90457512318963
2:489325-489629	-0.156328272958844	5.2001625710317	-1.48750152437086	0.152007482005564	0.772967761391932	-4.71449125130154
8:490376-491591	-0.156047679859249	8.7323100727064	-1.36950606438075	0.185564806537429	0.779894905222096	-4.85558144004675
14:315925-316599	0.156001406692674	5.42356785012685	1.72197807877616	0.100033852347563	0.748584652653834	-4.40780114913289
15:119016-120291	-0.155952663952291	8.93808214057816	-1.31944003505057	0.201478100450121	0.786841458199874	-4.91258907056433
5:586880-587084	-0.155654648609102	4.40472356558874	-1.19754973581042	0.244670654948994	0.807632332956242	-5.04395312824957
9:34141-34412	0.155582629638187	4.50881554818362	1.28180558096526	0.214129123717301	0.801011482501697	-4.95428593016435
20:130124-130522	0.155286387498752	5.13961916098107	1.70811966042613	0.102618262814043	0.748668820481616	-4.42684588319595
10:263643-264353	-0.155252245986373	5.55282228143327	-1.42027895052282	0.170462896880007	0.772967761391932	-4.79601239494978
3:536570-536713	0.155052076385185	3.88454840532383	1.38169550697754	0.181845404661529	0.774997180650747	-4.84144009296334
6:642116-643279	0.155042556456708	6.38103078416496	1.61565744091728	0.12135829508624	0.758544098928206	-4.55102651850802
2:14893-16463	-0.154903815270563	9.80821092163356	-1.46146010848022	0.15895387265292	0.772967761391932	-4.74642530076895
1:429509-429853	0.154867350474798	4.86609344981154	1.55771256113513	0.134509536344563	0.767939648824315	-4.62621423682172
3:402812-403565	-0.154843911726935	5.76072204294182	-1.72283442170947	0.0998759994544851	0.748584652653834	-4.40662070861744
10:55530-55851	-0.15478905301257	4.71885055971909	-1.60251598459657	0.124242370611353	0.758544098928206	-4.56825987099956
2:571115-573796	-0.154698393193039	9.21151064833596	-1.47546554849512	0.155186572860263	0.772967761391932	-4.72930579653288
1:129006-130408	-0.154578235865156	9.74500514054363	-1.43101680225022	0.167399098768107	0.772967761391932	-4.7831914423462
18:46977-48232	-0.154515617752242	9.18769262674071	-1.35630817673483	0.189659760310555	0.780967182561144	-4.87077772903368
3:513858-514109	0.154491279285428	4.41970345972932	1.51315336539369	0.145409615825118	0.770247644231625	-4.68260430830957
2:698478-698724	-0.15439837122943	4.68748226174014	-1.54202166120293	0.138267976877524	0.7699312400524	-4.64621469144505
5:702739-703484	-0.154189161724656	5.82635675945952	-1.59830156605666	0.125179358408741	0.758544098928206	-4.5737641764808
10:77427-77689	0.154111556203184	4.64022646468637	1.25184050998614	0.224635245929506	0.801399683716858	-4.98676442234348
4:390898-391244	-0.153800932301568	4.91306751509961	-1.55534170352169	0.135071932305999	0.768210888185074	-4.62924618962256
2:787269-787576	0.153793392188555	5.10044048019046	1.63945709416017	0.116278251556862	0.758544098928206	-4.5195493684994
17:49869-50579	-0.153644698814343	5.83799555057885	-1.79641561272714	0.0870871352417954	0.737972739853081	-4.30364291931111
17:291488-291819	0.153597357936277	4.93772880475152	1.64489078160538	0.115143911770548	0.758544098928206	-4.51231497350719
4:500808-501398	0.153504494028392	7.36191518028539	1.55196549934152	0.135876174474917	0.768877063147571	-4.63355773013736
2:489968-490518	0.153467409540498	5.44109860502048	1.51538853862607	0.144846029174984	0.770247644231625	-4.67980577498646
15:82927-83166	0.153465461508977	4.47846115837651	1.39747400792418	0.177119339410617	0.774997180650747	-4.82298445622233
2:273797-274158	0.153424203910521	5.65741162671198	1.66053163237354	0.111930771806049	0.756075612242365	-4.49139227400353
12:41908-42437	0.153311512743544	5.56679758204863	1.78123908851184	0.0896024411466849	0.739610118066245	-4.32513037881991
4:221826-222507	-0.153258321578313	5.80215846442721	-1.57123621342973	0.131338623027113	0.758544098928206	-4.60885235407199
4:557930-558264	0.153248035434131	5.07260472598849	1.60688723903876	0.123276727550749	0.758544098928206	-4.56253923211606
15:459295-459766	0.153217381641247	5.29336152447434	1.78609855345094	0.0887902966151319	0.738923636607774	-4.31826401460144
2:768306-768722	0.153200530951249	5.05674792306747	1.36329264847874	0.187483839298822	0.780846480735601	-4.86275061466485
16:419530-419841	-0.153197525028811	4.87770781971968	-1.66088834982535	0.111858384765434	0.756075612242365	-4.49091339562601
9:216932-217220	0.153181035685205	4.73603362392079	1.72445937402102	0.0995770521915451	0.748584652653834	-4.40437960958595
9:4545-4814	-0.153099781595416	4.66923199469967	-1.65522236282752	0.113012854695158	0.757253798825639	-4.49851080891552
5:663198-663597	-0.152959757371188	5.28084471213619	-1.6664618699812	0.110732515916895	0.756075612242365	-4.48342137454053
8:202616-203138	0.152957278911625	5.3775627916578	1.46464568956612	0.158090519823116	0.772967761391932	-4.74254271914837
13:123909-124645	0.152922723222961	5.99379193601846	1.74612253527142	0.0956642971805126	0.746426993139541	-4.3743582935916
9:75076-76420	-0.15285343920916	9.60465589953509	-1.27910179615728	0.215061217120257	0.801011482501697	-4.95724289178762
5:126252-126751	0.152848946421144	5.12969857448781	1.52009493345519	0.143665212397804	0.770114360110866	-4.67390270582418
12:21764-22227	0.152805594111231	5.3597942169018	1.76213436995872	0.0928578692558402	0.743011434517442	-4.35199788385446
5:163489-164695	-0.152784617810628	9.66181059231726	-1.23981444862863	0.228961362423705	0.801399683716858	-4.99961744745937
15:17343-17530	-0.15278130455637	4.24430637752592	-1.44716989496892	0.162874030119926	0.772967761391932	-4.76375992556744
18:203563-203892	-0.152718338334229	5.12703184677662	-1.42798627583721	0.168259258164968	0.772967761391932	-4.78681768785074
9:266433-266722	-0.152698962129852	4.65457017138654	-1.33275551991838	0.197144780603779	0.781162625843851	-4.89759748023304
1:77848-78285	0.152670386451708	5.30743854649425	1.59080302640237	0.12686112255683	0.758544098928206	-4.5835307798569
10:160748-161100	0.152656175651456	4.85471480170799	1.59847150819419	0.125141461206119	0.758544098928206	-4.57354243180539
7:143867-144674	0.152625068365698	6.0682117087127	1.54664158116167	0.137152442758848	0.7699312400524	-4.64034200532237
18:54418-55462	-0.152593406370833	9.26238655941497	-1.36822728623442	0.185958481470964	0.780816288052565	-4.85705908980564
12:101741-102103	0.152517723819389	5.05898574515185	1.67346205914706	0.109332079885016	0.754117248109952	-4.47398556090658
1:787265-787594	-0.152494083334192	4.89249206329815	-1.42614790044845	0.16878278115355	0.772967761391932	-4.78901444808275
11:470232-470566	0.152417995923382	4.34037789725552	1.5290297791609	0.141445305711642	0.7699312400524	-4.66265711625984
17:88305-88689	-0.15235889349956	5.29855845235587	-1.38038028254895	0.182243843761101	0.774997180650747	-4.84297081583874
8:265932-266792	0.152200152639264	5.95362444914429	1.59093934866203	0.126830380634982	0.758544098928206	-4.58335353346779
7:529105-529374	0.151883895151109	4.73221376506479	1.58834621587073	0.127416224051009	0.758544098928206	-4.58672316398762
10:26894-27173	-0.151761703324933	4.82715871133435	-1.69283227484354	0.105535091258184	0.748668820481616	-4.44772550191803
4:718362-718660	-0.151695446822846	4.80835737962207	-1.35982411874916	0.188561928942973	0.780967182561144	-4.8667411294959
1:244270-245793	-0.15166921622305	9.57989439003111	-1.22289507944911	0.235155172396216	0.801399683716858	-5.01752257967153
6:603291-604059	0.151648037391599	5.60335708328809	1.33817424367493	0.195402447606367	0.780967182561144	-4.8914612245777
19:119499-119773	-0.151581365994981	5.20383313184432	-1.37919191476683	0.182604450012709	0.774997180650747	-4.84435288082104
7:378930-379217	0.151418502320462	4.82965251358394	1.38255835314099	0.181584387929605	0.774997180650747	-4.840435228779
4:758097-758403	0.151406804387844	4.74377259151497	1.41995412886238	0.170556275833962	0.772967761391932	-4.79639902786786
3:37855-38534	-0.151406666747977	8.52757304415248	-1.30653626935447	0.205748257050785	0.790618388064536	-4.92699845580158
5:823177-823451	0.151303024102561	4.46830789984567	1.62773447662103	0.118757600415325	0.758544098928206	-4.53509635843086
3:76528-76903	-0.151295081042892	5.2877666601218	-1.68596967260812	0.106867272447882	0.748668820481616	-4.45705423469676
17:357572-358760	0.151053147479515	6.32745612540913	1.68354986930241	0.107340408883138	0.748668820481616	-4.46033704360948
12:84271-85885	-0.15104643563909	9.71714474942865	-1.43990120526916	0.164897854321509	0.772967761391932	-4.7725253246446
17:138488-139375	-0.151027161175225	8.59958961327238	-1.38232298501689	0.181655558734143	0.774997180650747	-4.84070938712329
1:184996-185504	0.151001450568088	5.56381065466668	1.75177910847189	0.0946646346312638	0.744672943074757	-4.36647543107309
8:568232-568642	0.150976509407652	5.17184129749903	1.53065959464577	0.141043437172842	0.7699312400524	-4.66060031105845
3:812360-813450	-0.150970672400714	8.77165754658646	-1.23780074855223	0.22969193371212	0.801399683716858	-5.00175938122375
14:478982-479762	0.15096881229449	5.50011096572783	1.67340400772344	0.109343631372511	0.754117248109952	-4.47406392951655
7:168538-168871	0.150870130362226	5.06127771525254	1.46280137498346	0.158589898116121	0.772967761391932	-4.74479137995726
4:881821-882149	0.150831060320203	4.74444273171471	1.42816941446701	0.168207176663983	0.772967761391932	-4.78659872327157
3:889189-889756	0.150651609307333	5.26606888220618	1.4396630144302	0.164964516438323	0.772967761391932	-4.77281196842355
9:543681-544029	0.150476187834195	4.73474699844063	1.31567392380991	0.20271716432048	0.786841458199874	-4.91680671328556
7:14707-14932	0.150353916123231	4.74389431011412	1.37421606626434	0.184120526510553	0.774997180650747	-4.85012927947371
17:399742-399993	0.150208303453022	4.45332636363427	1.21943979127034	0.236435605413131	0.801399683716858	-5.02115352787418
14:266911-267521	0.150194962946895	5.59335781226273	1.47355742076469	0.155695515597824	0.772967761391932	-4.73164574926191
4:166192-167456	-0.150180035183589	6.93449458649919	-1.79229716156471	0.0877635943143801	0.737972739853081	-4.30948652281719
6:397702-398129	0.150033883318123	5.18725463074532	1.63736830006819	0.116716811115764	0.758544098928206	-4.52232566659619
6:720705-720978	-0.149890214529489	4.7588540854183	-1.3773198014192	0.183173688619554	0.774997180650747	-4.84652818034576
17:162044-162580	-0.149853874638564	5.71577987126418	-1.66587651850913	0.110850305578166	0.756075612242365	-4.48420907901502
7:749118-750942	-0.149809712908734	9.31111401053344	-1.07835033445679	0.293324412241966	0.844966231911068	-5.16182743229697
9:551108-551311	0.149632557951349	4.25724688069298	1.20658085901021	0.241247286614333	0.804617590220097	-5.03458940202986
14:472074-473312	-0.149528471028776	6.62005400370419	-1.70133086703706	0.103904958433828	0.748668820481616	-4.43613481491695
12:190144-190448	0.149288376721243	4.78754528801734	1.61761170555647	0.12093424289296	0.758544098928206	-4.54845475693415
6:101094-101548	-0.149273743627861	5.41690651473636	-1.52239202772007	0.143091764984554	0.7699312400524	-4.67101639664583
6:302947-303231	0.149224823433052	4.28009331056434	1.22402101665613	0.234739072274014	0.801399683716858	-5.01633751849324
8:278909-279267	0.149062013328303	4.79167271949729	1.44954579303122	0.162216885978228	0.772967761391932	-4.76088720947792
10:307290-307486	0.149051741514518	4.25324496703778	1.07319585740489	0.295576091252864	0.845907023304233	-5.16668097562424
8:382295-383199	0.149017198020895	6.20067822805472	1.50814329470927	0.146679428561948	0.770247644231625	-4.68886548813694
2:128172-128667	0.148968831054337	5.87737875393408	1.59200775814916	0.126589660025482	0.758544098928206	-4.581963989379
5:347929-348838	-0.148951247888424	6.86521542540073	-1.4896652332627	0.151441659651844	0.772967761391932	-4.71181804575374
4:466104-466403	0.148917413520526	4.71910099140208	1.23876129898644	0.229343223738911	0.801399683716858	-5.00073802927189
15:497125-500058	-0.148817160274159	9.81986406413504	-1.3922893368664	0.178661329835296	0.774997180650747	-4.82906747891611
1:1020984-1021186	0.148791772809732	3.91528676262345	1.61868398225009	0.120702100924824	0.758544098928206	-4.54704268233697
3:515098-515315	0.148744165375081	4.15649257587788	1.30035668619191	0.207818079753101	0.793004028111578	-4.93385752470199
3:488142-488684	-0.148740331533093	8.78564965020791	-1.09360041637906	0.286735056886133	0.84138666613082	-5.14734794060243
3:877583-877885	-0.148701212246444	4.94715813642536	-1.76874065535997	0.0917208087519889	0.741390804423834	-4.34273030187143
11:221678-222059	-0.148635203389238	4.94449536595289	-1.47380885905206	0.155628373356486	0.772967761391932	-4.73133754455958
2:519157-520020	-0.14861066828685	9.61466671176369	-1.17568587806068	0.253109826474495	0.816297428239867	-5.0663727329346
14:453768-454964	-0.148302129646321	9.43323880673438	-1.15956983349176	0.259468510395579	0.817726377288983	-5.08267100208376
2:687103-687325	-0.148287572847236	4.08496080278812	-1.3573211087524	0.189342961034864	0.780967182561144	-4.86961567169813
5:588247-589045	0.148245248659881	6.04907478679593	1.62648525263198	0.119024418272007	0.758544098928206	-4.53674823947814
5:141995-142279	-0.148049588955112	4.5589532346574	-1.21067400506281	0.239707701131934	0.802931952545143	-5.03032576184056
14:254726-254979	-0.148016322528987	4.57646162042985	-1.56614021433042	0.132526111475236	0.761472240004049	-4.6154080945827
4:393997-394559	0.147998054375581	4.89761897496953	1.1652911622126	0.257197648365397	0.817726377288983	-5.07690716967377
10:381752-382001	-0.14778342582486	4.45382390627717	-1.5529752344667	0.135635231363614	0.768814897099246	-4.63226901099156
15:360519-361507	0.147777852767537	6.21672854598345	1.58510697517341	0.128151210407801	0.758544098928206	-4.59092654464077
3:204741-206201	-0.147751776439573	9.50826297915822	-1.16822478269706	0.256039019580638	0.817726377288983	-5.07394227384721
11:253090-253435	0.147747045645326	4.63857922274774	1.24185989610414	0.228221093007029	0.801399683716858	-4.99743873419441
8:133710-133994	0.147728510441001	4.97230606330818	1.46121021785083	0.159021759508777	0.772967761391932	-4.74672958493474
10:564955-565259	0.147725830652263	4.70025052031162	1.31233312804728	0.203821280057673	0.787827331207379	-4.9205397073777
10:494975-495189	-0.147700705752815	4.19649575110766	-1.42047906209954	0.17040538976052	0.772967761391932	-4.79577416833903
5:466101-466362	-0.147673333601735	4.79565044432395	-1.58140994498242	0.12899439071113	0.758544098928206	-4.595716045408
1:998906-999140	-0.147659393688508	4.54423017563428	-1.66949114616734	0.110124632155792	0.756075612242365	-4.4793416543134
13:100451-101063	-0.147628436764576	5.56017248219629	-1.50337864543072	0.147895474002762	0.770247644231625	-4.69480498982384
13:216638-216966	-0.14756267946166	5.07320162684216	-1.39007651796545	0.179322708823851	0.774997180650747	-4.83165815761554
20:33251-34800	-0.147490573893002	9.66144667670715	-1.22848492142869	0.233094906329712	0.801399683716858	-5.01163010939281
5:732260-733029	-0.147422096286405	9.26719736437513	-1.34965238366821	0.191751832631173	0.780967182561144	-4.87839576592727
14:435871-437200	-0.147409427579436	8.96281032536158	-1.3434493136855	0.19371797248819	0.780967182561144	-4.88546801855814
8:548513-549005	0.147364053161557	5.4546254233481	1.59063306836647	0.126899458376235	0.758544098928206	-4.583751743485
3:918703-919380	-0.147284617962682	5.73111850224885	-1.33466753832289	0.196528601941402	0.780967182561144	-4.89543461356162
11:48242-48568	0.147268236903568	4.94276240339951	1.45494427011862	0.16073171985879	0.772967761391932	-4.75434599736043
15:247442-247705	-0.147219451195439	4.61074233950156	-1.13644240508952	0.268800010784388	0.82573472671998	-5.10572009758392
13:244051-244192	0.147185336305258	3.76926181573919	1.31672816451315	0.202369716044977	0.786841458199874	-4.91562707989827
15:70741-71064	0.147118205133059	4.78275936262997	1.56915197066908	0.13182322638396	0.759383219169377	-4.61153558195797
16:232776-233598	0.147113614238078	6.00402968940436	1.67957542731902	0.108121384152667	0.750312117003624	-4.46572149032128
9:179969-180778	0.14703607621433	6.08442105714018	1.55064427470905	0.136191981087834	0.768929181952762	-4.63524303307931
10:463497-463857	0.146914684841844	4.74821434582547	1.41275925919257	0.172635207909053	0.773156634332969	-4.80494486826948
2:508272-508622	-0.146840592615518	5.17428459468917	-1.63182218350341	0.117888036641561	0.758544098928206	-4.52968448849207
5:17115-17545	0.146811827772555	5.04493006083537	1.50997903267048	0.146213103644493	0.770247644231625	-4.6865732028435
2:662430-663910	-0.14674412115505	9.39613858061845	-1.33960359063996	0.194944882547311	0.780967182561144	-4.88983920013945
6:777801-778381	0.146649136054382	5.28025206978071	1.46551782420726	0.157854820822317	0.772967761391932	-4.74147860034047
10:36402-36658	-0.146543672210662	4.68575341935003	-1.36755372840835	0.186166104273666	0.780846480735601	-4.85783694581833
11:388648-389033	-0.146367227184694	4.89860344029019	-1.57861647477685	0.129634561415741	0.758544098928206	-4.59932937006916
1:426582-426892	-0.146348285799758	4.77817184948251	-1.44452942799637	0.163606878322756	0.772967761391932	-4.76694814835929
4:611563-611994	-0.146335296216526	4.56768914624086	-1.28948117822867	0.211500113619259	0.800232044429251	-4.9458632329833
2:589024-589455	0.14630490030616	5.27374543265376	1.33983093638943	0.194872182073452	0.780967182561144	-4.88958107696434
18:45994-46412	-0.146264767403715	5.35038110841556	-1.28750865514791	0.212173329697003	0.801011482501697	-4.94803175215499
8:448661-449413	-0.146055751045543	6.01532851402797	-1.55889659621112	0.134229397528219	0.767929201493479	-4.62469872283414
18:121988-124109	-0.146049586373545	9.9156262353175	-1.22516782913237	0.234315833351755	0.801399683716858	-5.01512953483457
5:687510-687674	-0.146014685107761	4.08155370392763	-1.4515953135836	0.161651741280756	0.772967761391932	-4.75840611919031
6:462800-463000	0.145932792586303	4.16240993200511	1.42995014261006	0.167701445203024	0.772967761391932	-4.78446847755257
6:648462-648837	-0.145838210500964	4.97417524815631	-1.52241886931522	0.143085075401496	0.7699312400524	-4.67098265014442
6:22419-22752	-0.145817137308198	5.04967499071078	-1.58696944694792	0.127728182747966	0.758544098928206	-4.58851051160458
12:178718-178923	-0.145737374706826	4.41565441954169	-1.41307226772675	0.172544343657762	0.773156634332969	-4.80457381046472
14:37778-39297	-0.14550971735175	9.81658490068398	-1.21032376810199	0.239839146682944	0.802931952545143	-5.03069106856003
15:315824-316957	-0.145433688421448	9.42548546782325	-1.03944428660536	0.310627249569343	0.851493059090313	-5.19795348235589
9:663494-663719	-0.145377228624135	4.45766257915555	-1.52634181000644	0.142110149898991	0.7699312400524	-4.66604560433993
2:999393-999649	0.145369414134533	4.49069672812259	1.41006142043088	0.173419965809023	0.774044847074752	-4.80814030313366
13:477739-478070	0.145343559976758	4.7083324184651	1.35149082672966	0.19117215255366	0.780967182561144	-4.87629459675512
1:774767-775635	0.145265065010276	5.95718654378771	1.48984644400944	0.151394350272295	0.772967761391932	-4.71159402674887
14:337546-338736	-0.145145333857807	9.18131392141418	-1.32644905031951	0.199187910204321	0.785519899625145	-4.9047132441664
7:459560-459968	0.145003613662828	5.47477344071039	1.54280290893931	0.138078809649541	0.7699312400524	-4.64522254266466
5:223637-224465	-0.144855271388499	7.69284751803404	-1.23720749644328	0.229907505099853	0.801399683716858	-5.00238985089301
3:96741-96990	0.144671795702209	4.32251723575224	1.4867511783309	0.152204104969688	0.772967761391932	-4.71541757427254
3:928433-928724	-0.144641729841553	5.0326110175662	-1.54978943389239	0.136396633972483	0.768929181952762	-4.63633284961151
5:265919-266252	0.144568680225767	4.9570337080059	1.34576022280921	0.192983651001423	0.780967182561144	-4.88283641986864
15:329959-330157	0.144501896732299	4.34430696246089	1.28891797161228	0.211692164966744	0.800282204722251	-4.94648268364751
1:420539-421029	-0.144492817046941	5.83048787779717	-1.78510328954073	0.088956111005304	0.738923636607774	-4.3196713741767
10:273692-274069	0.1444152405744	5.15448557383678	1.70912918326981	0.102428092518513	0.748668820481616	-4.42546230044833
10:24092-24392	0.144113183927391	5.03241628110441	1.4543325158822	0.160899462439833	0.772967761391932	-4.75508821293373
16:135269-136608	-0.143939443875846	9.42764571341777	-1.32857610889675	0.198496949948643	0.784176829629415	-4.9023163300943
4:577949-578821	0.143884895530753	6.02654387346006	1.53100802573211	0.140957645840336	0.7699312400524	-4.66016037657408
8:65922-66312	0.143698364884888	5.63256449935997	1.51482907342527	0.144986926398925	0.770247644231625	-4.6805065499747
5:203113-204001	-0.143684615164968	5.91842569519789	-1.67371697866633	0.109281366437248	0.754117248109952	-4.47364139960351
9:594716-594933	0.14368300668405	4.70610328494394	1.0379840402747	0.311290490455317	0.851493059090313	-5.19928646813465
2:741579-742767	-0.143376750417596	9.34046675405911	-1.18844578481738	0.248158561457542	0.81077205918537	-5.05333149054573
4:638922-639692	0.14332698075897	5.71895609940608	1.55273122415548	0.135693424644416	0.768814897099246	-4.63258049868737
5:19023-19917	-0.143270471128359	9.14696916919173	-1.08860345667095	0.288882257142202	0.841499144339063	-5.15211208488126
5:766605-766831	0.143097147867989	4.30051074525323	1.3368317241287	0.195832986966098	0.780967182561144	-4.89298342250444
7:321983-322195	0.143059870371209	4.2452138933293	1.41293748312695	0.172583466002073	0.773156634332969	-4.80473359974158
3:328032-328329	-0.143043396445629	4.87918084523134	-1.68839862896275	0.106394131838771	0.748668820481616	-4.45375556068346
7:525156-525578	0.142956669864197	5.17000660178956	1.31878306642066	0.201693817406539	0.786841458199874	-4.9133255222217
3:182724-183596	-0.142723102938814	6.281476788312	-1.53368586282671	0.140299740649673	0.7699312400524	-4.65677672354496
5:430415-431196	0.142591819058573	6.04823718700925	1.5216090132583	0.143287024790806	0.7699312400524	-4.6720006364049
8:626881-628121	-0.142586573758935	9.25613689135383	-1.42791516271651	0.168279485026207	0.772967761391932	-4.7869027062237
7:44198-44554	0.142569327925941	5.27271422010808	1.3154900438043	0.202777813800678	0.786841458199874	-4.91701238423237
7:86895-87548	-0.142557990484886	8.01920307661785	-1.62810470975664	0.118678620252836	0.758544098928206	-4.53460660838847
10:388947-389732	0.142540687013884	5.89872199534338	1.3873511594039	0.180139962926614	0.774997180650747	-4.83484432126357
2:308966-309267	-0.142473615935138	5.2676570078172	-1.34224908390031	0.194100229469399	0.780967182561144	-4.88683334412674
4:752915-753806	-0.142457759029616	6.27650523595575	-1.55361675731499	0.135482335245674	0.768814897099246	-4.63144990610771
3:363440-363744	0.142036468379426	4.95388309474702	1.31376157829673	0.203348610731622	0.787365703890424	-4.91894452221745
12:68111-69473	-0.141873106167026	8.84852739418911	-1.40028689534419	0.176287214009272	0.774997180650747	-4.81967655281929
1:337734-338825	-0.14180328985316	9.31944936184978	-1.52712838187337	0.141915332464201	0.7699312400524	-4.66505451799212
2:302506-303289	0.141704772300057	6.17302992387046	1.63657231047928	0.116884302357088	0.758544098928206	-4.52338295733055
1:179140-179502	0.141651750157642	4.97483597189092	1.41876987420675	0.170897071073894	0.772967761391932	-4.79780803841757
12:188562-188922	0.141651491552588	5.02568815860854	1.43955062274105	0.164995978897593	0.772967761391932	-4.77294720981384
8:363574-364394	0.141595669417854	6.24240114443501	1.45489711501787	0.160744644705489	0.772967761391932	-4.75440321743531
6:314638-315498	-0.141569713423437	6.1171291033601	-1.58614470543004	0.12791536419834	0.758544098928206	-4.58958064607549
7:138229-138786	0.14155476252296	5.76671315922711	1.45109424960487	0.161789759469447	0.772967761391932	-4.75901294919032
1:923637-924029	0.141544913974977	5.17947735445094	1.38437947689394	0.181034465833955	0.774997180650747	-4.83831269456217
4:798861-799123	-0.141496063907782	4.48934188676167	-0.994125357965991	0.331679191133439	0.851493059090313	-5.23854266420432
1:1082037-1082370	0.14121531696515	4.90047102226864	1.44297055530524	0.164040786924384	0.772967761391932	-4.76882823416555
4:117763-118000	0.141047129739093	4.57283378124578	1.22346688644023	0.234943786007226	0.801399683716858	-5.01692086222375
8:691032-692536	-0.140877565865175	9.69887146301449	-1.1543377293967	0.26155821655086	0.818511769527216	-5.08792053692616
1:324934-325203	0.140778009659418	4.68187393175247	1.50386452318586	0.147771089514763	0.770247644231625	-4.69419997512293
10:199812-200248	0.140761999391744	5.02886365394848	1.29457532217185	0.209769169635622	0.797728804833514	-4.9402501362506
8:132911-133168	0.140758792558296	4.70726285580432	1.48582688637573	0.152446594955538	0.772967761391932	-4.71655813546642
1:37605-38530	0.140593069305474	6.11230699438771	1.68007782970337	0.108022396527455	0.750312117003624	-4.46504136369689
15:481287-481571	0.140529003271284	4.82080142308357	1.37387006995114	0.184226318188649	0.774997180650747	-4.85053031209994
14:170892-171240	-0.140484264892649	4.92447288328766	-1.24038025873432	0.228756406248747	0.801399683716858	-4.99901507691681
3:378829-379158	-0.140399525134017	4.86556914986074	-1.25547716843527	0.223339461107835	0.801399683716858	-4.98285711610505
6:645909-646749	0.140073940899117	5.81868307499652	1.49210784010929	0.150804975152263	0.772967761391932	-4.7087966194873
2:370470-370735	0.140000978642188	5.04703161680467	1.19307448363392	0.246380570956842	0.808614322008447	-5.04857092448014
12:241554-242270	-0.139994891214656	5.94190768640734	-1.46254160539342	0.158660337886802	0.772967761391932	-4.74510792167467
13:546411-547118	0.139949074170213	5.81430368435322	1.4952750888378	0.149982670609679	0.772522938606357	-4.70487307843478
13:105832-106171	0.13984323419526	4.7638670701065	1.35979016396513	0.188572507000111	0.780967182561144	-4.86678015323199
14:89630-89842	-0.139731340307783	4.31403254545724	-1.32878258851891	0.19842997679873	0.784176829629415	-4.9020834864505
3:148482-150090	-0.139706799070987	8.91845605851848	-1.10870442113338	0.280315283908138	0.83836857349564	-5.13283143796688
1:540832-541142	0.139652371750229	4.93060109995591	1.46003902574798	0.159340246909287	0.772967761391932	-4.74815516223765
2:623257-624173	-0.139325076386876	6.16526661870683	-1.54160999937113	0.138367740740802	0.7699312400524	-4.64673732789151
5:481610-482467	-0.13921449467307	5.9620044868597	-1.40828561063639	0.173938080844215	0.774044847074752	-4.81024097186129
9:317094-317550	-0.139200595243944	5.25822849277541	-1.69702101799848	0.104728936256452	0.748668820481616	-4.44201799470832
7:715442-716504	-0.139195821144927	9.11735082016692	-1.00706827043298	0.325568000823071	0.851493059090313	-5.2271155952768
13:237010-237342	0.139150398532807	5.03282174980073	1.45291467486789	0.161288779441022	0.772967761391932	-4.75680746992171
2:931087-932422	-0.138752270565261	9.37274092022529	-1.07042937200809	0.296789715175418	0.846050867144908	-5.1692774891825
12:399964-400340	0.138585430909213	4.94871462303135	1.26800707600439	0.21891886886357	0.801011482501697	-4.96932181418804
1:920565-920796	0.138513909867305	4.32931990118174	1.23110259777034	0.232134839462317	0.801399683716858	-5.00886288624127
4:414762-415095	-0.13849194104886	4.72230593289073	-1.43209704402481	0.167093350751684	0.772967761391932	-4.78189737252689
4:307580-308342	-0.13838655896902	5.91390156670445	-1.44555782855572	0.163321134270067	0.772967761391932	-4.76570695888273
1:1042110-1042413	0.13826250420894	4.89260559138605	1.23307228709725	0.231414419765483	0.801399683716858	-5.00677738141129
4:473608-473847	0.138188975924043	4.12529866844185	1.26660286221433	0.219410898512205	0.801011482501697	-4.97084431194928
10:517724-518096	0.138159745646553	4.63617490818331	1.21306255707082	0.238812720618226	0.802351582133777	-5.02783203786982
4:47828-48962	-0.138148279911677	8.65499979204197	-1.2195211941403	0.236405379011022	0.801399683716858	-5.02106808699138
17:97042-97151	0.13796905668111	3.6213102710159	0.886868592377979	0.385371440031836	0.86135446731776	-5.32807694395307
12:460388-460949	0.137939437396231	5.36949193979283	1.54924862384549	0.136526237992909	0.768929181952762	-4.63702207807852
13:270161-270369	0.137934412988847	4.38106148043298	1.30644170801507	0.205779808332257	0.790618388064536	-4.92710361790202
13:77853-78150	0.137895624800251	4.79114406529141	1.19078965019241	0.247257026897355	0.809052466957717	-5.0509228304035
4:517278-518410	-0.137882423366015	8.60743933851741	-0.997743946255953	0.329962649794276	0.851493059090313	-5.23536122643927
10:195370-195710	-0.137793416112417	4.92684879089419	-1.34652719129835	0.192740422710883	0.780967182561144	-4.88196219884298
17:301036-301557	0.137733477007326	5.9493036314445	1.32340280433934	0.200180747300871	0.786026251546107	-4.90814044949759
12:345270-345628	0.137707779953335	4.83150687767492	1.26954146590565	0.218382199571202	0.801011482501697	-4.96765655879702
6:125059-125409	0.137687211960478	5.01881108229653	1.60341474755087	0.124043311247946	0.758544098928206	-4.56708461948987
15:415147-416083	-0.137643794065204	7.52288950071004	-1.18328305505765	0.250153039612594	0.811663524583236	-5.05862259622418
2:153905-154145	-0.137554936157977	4.67492156948694	-1.14544190373998	0.265139846993406	0.82403424782206	-5.0967988674683
14:257432-257647	-0.137525115518208	4.6523255162497	-1.27379690721569	0.216899125372465	0.801011482501697	-4.96302935591087
13:35857-36064	-0.137385309402255	4.52580489786235	-1.10543325071432	0.281696688775091	0.839463634458926	-5.13599015615377
9:452972-453472	0.137223299122832	5.3849505337379	1.59519945674826	0.125872820194365	0.758544098928206	-4.57780876727449
7:349267-350098	-0.137221600085915	5.98303494218631	-1.44501961738772	0.163470627362973	0.772967761391932	-4.76635662009802
2:879979-880475	0.137219968959491	5.06748566807781	0.997968275191452	0.329856439101265	0.851493059090313	-5.23516365656708
7:116743-117130	-0.137185657659062	5.03785525401101	-1.3426965297798	0.193957654547025	0.780967182561144	-4.88632446746029
11:113162-113892	0.137155978462386	5.65978871931951	1.48008390278552	0.153960361779171	0.772967761391932	-4.72363242984207
7:633309-633604	-0.137051927672719	4.8001241652143	-1.05763383775102	0.302449504990255	0.849978907148597	-5.18120984525605
2:871347-872538	-0.13701988917904	9.29818631472166	-1.13235442222418	0.270474878702681	0.827405613928307	-5.1097523510063
16:111447-111758	-0.136916730057589	4.47031690180514	-1.33494375762605	0.196439711179172	0.780967182561144	-4.89512194485916
11:247206-247717	0.136905516773621	5.3958139725372	1.47068176678375	0.156465089069434	0.772967761391932	-4.73516768926513
2:436717-436987	0.136901683536173	4.82288197951749	1.05825780606564	0.302171730885386	0.849978907148597	-5.18063091225467
4:486367-486630	0.136798858845632	4.52945838555364	1.4407364988991	0.164664254007969	0.772967761391932	-4.77151981715924
14:270625-270889	0.136755500237773	4.56645755503553	1.03898265478574	0.31083681344733	0.851493059090313	-5.19837506298775
3:546649-546978	0.136736922594244	4.97883297421523	1.21954144227382	0.236397860957569	0.801399683716858	-5.021046833691
5:339282-339696	0.136702743749311	5.13148144248103	1.38465239173033	0.180952168639576	0.774997180650747	-4.83799441531399
16:337947-338685	0.13667201521123	6.15456441071095	1.55588846618062	0.134942060826936	0.768210888185074	-4.62854727937433
1:207324-207556	0.136515040148726	4.47926372096283	0.988815236308543	0.334209347349896	0.851493059090313	-5.24319249018503
2:410251-410572	0.136508129709684	5.34563162553129	1.10321834284896	0.28263484946233	0.839671075504422	-5.13812428603753
2:516532-516868	-0.136447179606978	5.48503263134007	-1.30248393505572	0.207103744420856	0.792751879716869	-4.93149941557056
6:500692-501386	0.136405102319957	6.00195039853543	1.60096957476228	0.124585498008681	0.758544098928206	-4.57028084816043
6:459956-460217	0.136381501984787	4.455435753866	1.25763646507782	0.222572799249384	0.801011482501697	-4.98053261015096
4:436551-437326	-0.136361371567578	8.76714018325662	-1.34717086379964	0.192536481963757	0.780967182561144	-4.88122820070798
18:168681-169665	-0.13635709147677	8.69759427296342	-1.21637116764193	0.237577183917109	0.801399683716858	-5.02437083660385
13:381710-382616	0.13631750992942	5.95286150255246	1.33732640307724	0.195674259093906	0.780967182561144	-4.8924226833239
9:671468-671778	0.136265926677797	4.63834531131815	1.4296744704786	0.167779656498814	0.772967761391932	-4.78479839655905
17:297508-297729	-0.136138150739217	4.62155893797734	-1.26241239855957	0.220884284527366	0.801011482501697	-4.97537934808534
16:258948-259451	-0.136077625808771	5.6562922468469	-1.40784353595851	0.174067254577206	0.774044847074752	-4.81076358726556
7:671242-671467	-0.135917902545324	4.25779180034628	-1.3924472031656	0.178614220482106	0.774997180650747	-4.82888252830588
7:40440-41272	0.135827176213394	6.26882908149682	1.50815524263347	0.146676389535418	0.770247644231625	-4.688850575771
17:19951-20438	0.135790212078222	5.32511239765506	1.42685850452249	0.168580263614923	0.772967761391932	-4.78816558209011
4:688640-688886	0.135721959078218	4.28228296965797	1.26675036329413	0.219359174815672	0.801011482501697	-4.97068445257941
10:314837-315205	-0.135634280527495	4.94887407714645	-1.33378723640301	0.196812104988599	0.780967182561144	-4.89643072375123
1:798322-798632	0.135550389061431	4.85235782228206	1.41737512204916	0.171299143650221	0.772967761391932	-4.79946628919102
8:580640-580862	-0.135466145891391	4.6385660296058	-1.25433872685735	0.223744482649115	0.801399683716858	-4.98408130824018
11:556274-556472	-0.135430553681199	4.12135667188238	-1.03280332963716	0.313651647515603	0.851493059090313	-5.20400223255065
5:23189-24032	-0.135385894747902	7.7982087150409	-1.33640738778332	0.1959692247004	0.780967182561144	-4.89346428966199
7:316924-317327	0.135362692758936	5.2980560297504	1.42644055577314	0.168699352561359	0.772967761391932	-4.78866489183366
16:99996-100984	0.135342568543297	5.96342155069421	1.20040009543304	0.243586254079471	0.806388333911576	-5.04100427964583
17:105077-105838	-0.135198894065134	8.64151234034208	-1.14033400372237	0.267212719525297	0.824604375593859	-5.10186983306719
7:161833-162699	0.135140951183864	5.83060604542598	1.51108788759177	0.145932016395217	0.770247644231625	-4.68518752737365
17:195662-196432	-0.135080021738234	5.94815289923708	-1.48827503213136	0.151805007087253	0.772967761391932	-4.71353595178684
16:258088-258610	-0.135061665265514	5.76549522453959	-1.42449109745175	0.169255720527005	0.772967761391932	-4.79099230280383
12:523881-524275	0.135060775437063	5.19186233535968	1.39122875555422	0.17897807844264	0.774997180650747	-4.83030957977923
3:63168-63483	-0.13494814948997	4.93422801522649	-1.24557839964793	0.226880018177946	0.801399683716858	-4.99347019814873
9:665680-666596	-0.134899370302046	9.17276239882979	-1.0045548150977	0.326748575285693	0.851493059090313	-5.22934504483222
4:322157-324009	-0.134755475844294	9.93143997206768	-1.16360050120493	0.257867144731213	0.817726377288983	-5.07861293680171
1:638936-639674	-0.134754991805316	6.09528667074811	-1.47680158589533	0.154831028036317	0.772967761391932	-4.72766598703113
1:192807-193276	0.134663826981802	5.39598496457272	1.46986542717675	0.15668411895984	0.772967761391932	-4.73616650992875
5:792491-792735	0.134495989360752	4.11160702772671	0.839141122781731	0.411008265284543	0.874984542969067	-5.3649066528522
8:374865-375084	-0.134446550677964	4.49767050762817	-1.34217970464412	0.194122343990023	0.780967182561144	-4.88691223615491
17:214661-214876	0.13441682619967	4.50775786655633	1.37949986673136	0.182510948526792	0.774997180650747	-4.84399482704245
14:42824-43205	0.134393164125059	4.99354519640172	1.4356994762738	0.166076986215466	0.772967761391932	-4.77757623560519
8:696728-697134	0.134369692326969	5.20256832056698	1.40541099429355	0.174779417490322	0.774997180650747	-4.81363695022289
3:986067-986970	-0.134328683639501	6.32168143323756	-1.58158171972691	0.128955111842133	0.758544098928206	-4.59549369873513
5:598934-599157	0.134117318115284	4.57282822750467	1.44709248915221	0.162895475827626	0.772967761391932	-4.76385345466884
15:96723-97154	-0.134103083012755	5.43262454217229	-1.37878411632087	0.182728325927464	0.774997180650747	-4.84482692574376
3:751314-751601	0.134095573285394	4.8295906704215	1.15265989791577	0.262230982462473	0.818511769527216	-5.08959961422116
10:17999-18302	0.134056514060314	4.6839330754551	1.29202550473269	0.210634193172021	0.798692888385825	-4.94306201196499
3:273174-273898	0.134010262435848	6.05995798510861	1.57367638226094	0.130773149288929	0.758544098928206	-4.6057074741909
7:430716-431507	-0.133866916231658	6.10978026726718	-1.35790809877264	0.1891595688887	0.780967182561144	-4.86894194013779
6:677463-678016	0.133697381970896	5.36685933197319	1.59801146921238	0.125244072378278	0.758544098928206	-4.57414266099851
17:261256-262668	0.133412172382111	7.01702313701425	1.52662789284971	0.142039267646517	0.7699312400524	-4.66568518345204
10:79300-82425	-0.133309871820526	10.518123747762	-1.29955189845555	0.20808882920744	0.793360817318998	-4.93474881798736
6:782161-782568	0.133105461386157	5.15887912545883	1.3582390380377	0.189056236179295	0.780967182561144	-4.86856199205668
1:63258-63592	-0.133092841313721	4.64355898566895	-1.23611685199826	0.230304218203791	0.801399683716858	-5.00354825007936
14:292995-294269	-0.133085690408873	8.8975930592891	-1.26567196365066	0.219737550443007	0.801011482501697	-4.97185284522327
6:66991-67770	-0.133076128732022	5.95410734338567	-1.39223715376661	0.178676904132264	0.774997180650747	-4.82912861108004
2:475987-476273	0.133043408447385	4.92243425068313	1.21066944200551	0.239709413317697	0.802931952545143	-5.03033052181261
6:5336-5750	-0.133028214110172	5.37568300876084	-1.45631259986002	0.160357038400043	0.772967761391932	-4.75268496706383
3:802856-803152	0.132911961464846	4.65260419462867	1.32336113952303	0.200194353610939	0.786026251546107	-4.90818727982897
9:389282-389816	-0.132894016178811	5.59122960748163	-1.58349443946293	0.128518413516668	0.758544098928206	-4.59301662386136
15:209426-209802	0.132882101206198	5.13897091098206	1.38177190183004	0.181822282654193	0.774997180650747	-4.84135114459002
8:305579-306089	-0.132702193228985	8.67703214177342	-1.14284839861579	0.26619084424578	0.824304272991656	-5.09937607422269
5:244801-245122	0.13261069491605	4.84238172968485	1.35451315742621	0.190222191039058	0.780967182561144	-4.87283527380885
18:260502-261903	-0.13254497147647	8.98168590531599	-1.09598004614497	0.285716604072539	0.84138666613082	-5.14507245181256
3:492151-492466	-0.132396783497792	4.78103896765032	-1.3431878946079	0.193801180336435	0.780967182561144	-4.88576548194674
15:387695-389654	-0.132394675625589	9.56360987530793	-1.1594364237143	0.259521639668008	0.817726377288983	-5.08280511095974
1:1078855-1080198	-0.132306460420555	9.12180256057543	-1.14554775241512	0.265097017957089	0.82403424782206	-5.09669357648762
9:395-811	-0.132306422658949	5.36593605358502	-1.49985942293666	0.148798959560825	0.770247644231625	-4.6991825799037
4:668252-668852	0.132256561649118	5.59168229386137	1.54905550865571	0.136572542370966	0.768929181952762	-4.63726814664222
13:407201-407636	0.132222423333683	4.8299429694674	1.17328244117342	0.254050656691541	0.816436502822255	-5.0688156288022
3:740799-741016	0.132208464759773	4.54971796866267	1.33255216653853	0.197210403754145	0.781162625843851	-4.89782736268995
18:17380-17765	0.132144856106061	4.9820885562079	1.37398406779642	0.184191456921807	0.774997180650747	-4.85039819010905
15:109618-109853	0.13213765577728	4.70347446728944	1.33628831583152	0.196007467424879	0.780967182561144	-4.89359920205451
2:778722-779159	0.132018013841616	5.04704849700935	1.38207154521553	0.181731613857278	0.774997180650747	-4.84100222410413
3:775183-775767	0.131946986559091	5.41860314330708	1.47520682825779	0.155255500080293	0.772967761391932	-4.72962320672072
7:639864-640252	0.131845022843491	5.17215921972695	1.26102714970095	0.22137301612525	0.801011482501697	-4.97687572910347
15:443620-444036	0.13175325999783	5.08617150107481	1.22659375165076	0.233790396979201	0.801399683716858	-5.01362621543813
3:979438-979798	-0.131712330604193	5.03317392073379	-1.5245617997957	0.142551835527054	0.7699312400524	-4.66828697476187
20:37859-38373	0.131710921102361	5.88901590187554	1.42127476606108	0.170176878530929	0.772967761391932	-4.79482664188988
8:578652-578882	0.131674568623943	4.5456148091236	1.07074976050726	0.296648981587194	0.846050867144908	-5.16897708792648
17:52369-52731	-0.131668327217324	4.75719839078429	-1.0694837556835	0.297205365448148	0.846050867144908	-5.17016365122232
15:277323-277825	0.131621032870616	5.52018007047699	1.45193712655125	0.161557643597359	0.772967761391932	-4.75799206017227
6:411342-412027	0.131579498589995	5.85011265671309	1.42580464619592	0.168880676570037	0.772967761391932	-4.7894243682143
2:1039239-1039477	-0.131525572121372	4.52996766568296	-1.10128725927776	0.283454645908664	0.839671075504422	-5.13998188500551
10:467829-468157	0.131299989759285	4.44984342127703	1.01924803843067	0.31988937150476	0.851493059090313	-5.21624150757595
1:770500-770774	0.131235812408818	4.73542615666666	1.33965534937526	0.194928329295291	0.780967182561144	-4.8897804376125
2:1047312-1047914	-0.131127923857437	5.77912724854846	-1.49340539525818	0.15046764916968	0.772967761391932	-4.70719001274409
5:80337-80681	0.131096178606922	4.97043218675731	1.37451974680044	0.184027713091071	0.774997180650747	-4.8497772260782
17:296857-297135	-0.131049003260441	4.60752489655132	-0.903336182549928	0.376774401064381	0.858327668341916	-5.31493523393305
9:570461-571330	-0.130921743208495	6.05480878556245	-1.38600708307914	0.180544104222882	0.774997180650747	-4.83641379333542
20:136859-137112	0.130846006897566	4.5439887578211	1.4039096614308	0.17522011936912	0.774997180650747	-4.81540835865353
2:961662-961862	-0.13083011482381	4.3043107663183	-1.25752996052744	0.222610566376	0.801011482501697	-4.98064734216358
15:33556-33888	-0.130668573696265	4.94877937532056	-1.08459219187365	0.29061430456191	0.842480328509785	-5.15592258804325
18:59069-59308	0.130452948967044	4.48230867482504	1.00043460621199	0.328690298723215	0.851493059090313	-5.23298889526831
9:11387-12665	-0.130438413259599	6.52468776216469	-1.45906301879367	0.159606052402441	0.772967761391932	-4.7493424702136
16:311243-311998	-0.130357501621786	8.60623972685058	-1.19028355460439	0.247451480622233	0.809052466957717	-5.05144326065801
13:233656-234079	0.130322310954071	6.02169070836839	1.42978589657223	0.167748040117092	0.772967761391932	-4.784665050102
13:225068-225813	0.130319491144292	5.7830549169226	1.24648123446982	0.226555323867231	0.801399683716858	-4.99250514678753
6:464143-464374	-0.130263910721242	4.4460068185314	-1.14799016629018	0.264110177303424	0.822111538223917	-5.09426169120133
8:146669-148198	-0.130230167617988	9.41071767648561	-1.00575118595979	0.326186265743392	0.851493059090313	-5.22828447910134
9:115365-115680	-0.130202169608786	4.98511008195853	-1.34253271444858	0.194009843362904	0.780967182561144	-4.88651078947786
11:514297-515798	-0.130080257992001	9.51952088728608	-1.15919324106897	0.259618505834837	0.817726377288983	-5.08304953367606
9:655920-657174	-0.129958972446733	8.87351141188821	-1.01419398873022	0.322237249286176	0.851493059090313	-5.22076794429262
18:182029-182653	0.129905721050597	5.4904975490171	1.45099448900435	0.16181724994894	0.772967761391932	-4.759133747738
7:191513-192697	-0.129835757441132	8.81576111767512	-1.15950741348542	0.259493367607969	0.817726377288983	-5.08273375084334
7:22581-22815	0.129788256955298	4.50599160955496	1.15308144634653	0.26206183209012	0.818511769527216	-5.08917795136788
9:289288-290468	-0.129657716716173	8.72616153628749	-1.31721167488732	0.202210520485676	0.786841458199874	-4.91508579909358
13:62510-63829	0.129576566909605	6.42464697885007	1.41789563831258	0.171149002812599	0.772967761391932	-4.798847588967
7:445360-445696	-0.129466656871767	4.76728750004457	-1.42140510416254	0.170139471391235	0.772967761391932	-4.79467139446924
4:256522-256794	-0.129381876457427	4.82945641001264	-1.27688005996986	0.215829478273742	0.801011482501697	-4.95966876261346
12:234058-234823	0.129170967582353	5.95572262407325	1.42131621900659	0.170164980784639	0.772967761391932	-4.79477726797803
15:365051-366115	-0.129166883825977	6.37614407164054	-1.43726062618356	0.165638087790336	0.772967761391932	-4.77570094363791
18:175150-175467	-0.129103719703837	4.80199235793651	-1.24137741144416	0.228395544202113	0.801399683716858	-4.99795292717359
6:40660-42967	-0.129059527568216	9.43954679033167	-1.22214382538181	0.235433116750116	0.801399683716858	-5.01831276798397
3:300252-300519	0.128970784793569	4.5252875223527	1.41313881181694	0.172525031311742	0.773156634332969	-4.80449491688538
1:785126-786041	0.128970253864106	6.37287954807722	1.49196484617687	0.150842187178265	0.772967761391932	-4.70897360497699
2:648405-650203	-0.128953397452246	9.82239637392886	-1.14258763017173	0.266296688727867	0.824304272991656	-5.09963492380493
1:978748-979100	-0.128852491102877	4.98290526503767	-1.52869539237782	0.141527873164963	0.7699312400524	-4.66307889897992
8:35621-36334	-0.12878825405909	8.95695647934363	-1.18786352732236	0.248382901091368	0.810913103781885	-5.05392921394299
14:356202-357197	0.128787904630525	6.20556077092981	1.17258040501746	0.254325962816976	0.816542902661811	-5.06952837959269
5:748794-749331	0.128778800616249	7.0062568084981	1.31702949930492	0.20227049019821	0.786841458199874	-4.91528976051965
18:341133-342275	0.128731602710758	6.27923947149866	1.42386340410288	0.1694351760124	0.772967761391932	-4.79174114945437
6:389361-389630	0.128723680246926	4.42645553993191	1.1077547421468	0.280715820323635	0.83858187543303	-5.13374931086978
14:101776-102585	0.128666860064731	6.32189188645058	1.50609377070523	0.147201503098899	0.770247644231625	-4.6914221681935
10:433181-433550	-0.128644692847876	5.11199503346701	-1.34358201594661	0.193675745074142	0.780967182561144	-4.88531700123161
3:118945-119681	-0.128509867030667	5.98436892063638	-1.42701003090607	0.168537104920019	0.772967761391932	-4.7879845296157
9:29615-29840	0.128474273352766	4.60185851220632	1.26159436566943	0.221172795335367	0.801011482501697	-4.97626317474784
7:328186-328634	0.128377668076813	5.37183988485904	1.13678463069422	0.268660146786892	0.82573472671998	-5.10538196500238
19:52110-52737	-0.128310373447477	5.45738260147146	-1.04785027547669	0.306828749055349	0.851493059090313	-5.19024771570128
5:346058-346362	0.128286801990949	4.77155816080043	1.13150769327566	0.270822746564865	0.827405613928307	-5.11058595848359
10:401970-403645	-0.128206100531056	9.47445803917436	-1.08724428563887	0.289468302951263	0.841499144339063	-5.15340461491248
4:433039-433983	0.12817987606499	6.04935011156423	1.54018242236818	0.138714167179563	0.7699312400524	-4.64854891686327
7:542106-542478	-0.127936433878031	5.21918205331461	-1.25057172558554	0.225088684012693	0.801399683716858	-4.98812538737051
4:907630-908719	0.127707954954511	6.29856586174385	1.31988817850277	0.20133105534536	0.786841458199874	-4.91208653498379
1:991768-991985	0.127644628662783	4.24471075537235	0.942330825898021	0.356927763887689	0.851493059090313	-5.28293661167387
7:217545-218962	-0.127589654865861	7.29627389115655	-1.46495033490173	0.158008155304773	0.772967761391932	-4.74217106857994
10:323325-323778	0.12743956719769	5.19507280836922	1.56438839534226	0.132936383467067	0.761873562610233	-4.61765797678688
16:303528-303945	0.127415195279488	5.38128669352625	1.02280653849698	0.318243481568842	0.851493059090313	-5.21304244335179
2:294241-294441	-0.127237517403734	4.47257579113261	-1.15845971504719	0.259910851763098	0.817726377288983	-5.08378653211702
6:312855-313238	0.127198863924587	5.23551394622673	1.22455153466036	0.234543208791078	0.801399683716858	-5.01577882183739
5:297697-298744	-0.127198206269568	6.20960667897092	-1.09680451627074	0.285364353959542	0.84138666613082	-5.14428305166578
4:357209-357666	0.127119323277653	5.91207540543258	1.2406375976232	0.228663235537215	0.801399683716858	-4.99874103300469
3:195825-196449	0.127083398662151	5.29104397931998	1.18164388311829	0.250788796804874	0.811663524583236	-5.06029839590144
10:165020-166795	-0.126997152543014	9.7075193204045	-1.17928196968915	0.251707000019621	0.813458867933445	-5.06270958077053
8:324796-325318	-0.126949898196957	5.70536543458197	-1.4694314988122	0.156800646694899	0.772967761391932	-4.73669725910617
7:611197-611490	-0.126871207307478	4.86414568420895	-1.38841098771364	0.179821799449887	0.774997180650747	-4.83360589711312
9:234171-234694	-0.126793256355915	5.63552994458771	-1.34025196363256	0.194737602654858	0.780967182561144	-4.88910295733907
16:119241-120504	0.126751163899272	7.05820097786946	1.31283540710016	0.203654979837582	0.787827331207379	-4.91997896375411
1:412261-412925	0.126738980438741	5.5247035755076	1.06500631575226	0.299179119991293	0.847347327993234	-5.17435018989278
13:498242-499315	-0.126731989134567	7.49434795074201	-1.31888838150273	0.201659224823541	0.786841458199874	-4.91320748602715
3:433467-433743	0.126581263952693	4.59570664943263	0.997848804763724	0.329913000564962	0.851493059090313	-5.23526888093169
20:20121-21887	-0.126547292970173	9.36300081596739	-1.01951406153435	0.319766123141672	0.851493059090313	-5.21600269903814
12:186654-187041	0.126437761574629	5.05366269106283	0.991956462047366	0.3327110118327	0.851493059090313	-5.24044456786482
4:378419-378962	-0.12638113422615	5.58466380726262	-1.48934298933374	0.151525818970792	0.772967761391932	-4.71221636223814
18:310612-311499	-0.1263101389145	5.95774329802408	-1.20220388657152	0.242901889226812	0.806388333911576	-5.03913506949454
10:106628-106997	-0.126187095353153	4.92452181761943	-1.40362760610994	0.175303013270613	0.774997180650747	-4.81574098315655
6:695834-696211	0.126186875804628	4.79197253476505	1.22287103495118	0.235164064365791	0.801399683716858	-5.01754787667529
13:340010-340511	-0.126051866945831	5.55851170533315	-1.36483119558273	0.187007194533608	0.780846480735601	-4.86097787747368
2:981927-982860	0.125923659501001	6.09305654242782	1.23023205230402	0.232453788295463	0.801399683716858	-5.00978371928479
7:103225-103976	0.125919495069986	5.86913578748714	1.3582262976775	0.189060213411131	0.780967182561144	-4.86857662053571
15:462573-464160	-0.125886795599527	9.81785942290556	-1.1351914221071	0.269311731168909	0.82573472671998	-5.10695536662894
16:109069-109503	0.125858997148285	5.261676247076	1.18274897416525	0.250360051416675	0.811663524583236	-5.05916883017531
9:158632-159520	0.125851231019253	6.0899467112702	1.14796843990824	0.264118943692134	0.822111538223917	-5.09428334369357
17:77844-78583	-0.125848360891054	5.92882237942975	-1.34087249893738	0.194539384890687	0.780967182561144	-4.88839805118885
5:453688-454006	-0.125790506849802	5.01048981651777	-1.44909467679686	0.162341493685866	0.772967761391932	-4.76143294476893
8:333615-333986	0.12573180240177	5.1617369627977	1.33774561680175	0.195539825068999	0.780967182561144	-4.89194735377449
2:716903-718199	-0.125717239076353	9.2185345313267	-1.20823809472485	0.240623039695936	0.80360666828322	-5.03286461858938
11:400245-401245	0.125677120822471	6.31972904374772	1.47292082229812	0.155865613736866	0.772967761391932	-4.73242588568773
1:624917-625141	0.125669366312863	4.67613699134822	1.00472231076295	0.326669809500776	0.851493059090313	-5.22919663037684
1:812017-812265	0.125625694237695	4.47068491713774	1.3963247387675	0.17746022603274	0.774997180650747	-4.82433443295512
19:74339-74553	-0.125329209579458	4.53979719638506	-1.01098397951993	0.3237347276404	0.851493059090313	-5.2236324033223
4:275253-275469	-0.125246619906956	4.74579937765052	-1.17931334851237	0.251694784894868	0.813458867933445	-5.06267757450521
5:65418-66266	0.125214233209879	6.20198619110843	1.39647307661927	0.177416197830754	0.774997180650747	-4.8241602398063
6:152273-152715	0.12518042247805	5.26809554106583	1.08733316235357	0.289429954932679	0.841499144339063	-5.15332013923629
10:459506-459810	-0.125083894381476	4.93878166093913	-1.48710840702285	0.152110469762485	0.772967761391932	-4.71497661116782
11:25170-25498	-0.125080283582516	4.91236801978018	-1.16419284849652	0.257632429519235	0.817726377288983	-5.0780155398118
16:517814-518077	0.12500822714295	4.29444408873788	1.3196532426323	0.201408132162138	0.786841458199874	-4.91235000309017
18:117292-118037	-0.124998448974653	8.12237614940861	-0.893935012640557	0.381666693217349	0.860939768650335	-5.32246483965586
1:716068-716506	0.124986075908356	5.1411253422912	1.42587334303444	0.168861080710531	0.772967761391932	-4.78934233557553
18:328865-329204	0.12495131774139	4.81296989449858	1.36469524071984	0.187049274859879	0.780846480735601	-4.86113459230267
5:739007-739593	0.124787322779212	5.47732360755846	1.34854736537246	0.192100923753605	0.780967182561144	-4.87965757309656
3:710869-712973	0.124664754247533	7.19308296219771	1.3908664940375	0.179086372591798	0.774997180650747	-4.83073366759427
4:50838-51100	0.124649700452002	4.44063483565164	1.17217369884155	0.254485556124492	0.816542902661811	-5.06994112514942
3:890805-892116	0.124614662866958	6.49762365569832	1.49990414191605	0.148787450591975	0.770247644231625	-4.69912700371505
9:168864-169515	-0.124519071118696	8.81586534685727	-1.01785976485308	0.320533099295934	0.851493059090313	-5.21748685568299
14:348553-349712	-0.124516148457985	9.03928738753931	-1.05824454641528	0.302177631832798	0.849978907148597	-5.18064321802343
12:125343-125676	0.124364537004478	4.8458289728017	1.32884005851339	0.198411339149736	0.784176829629415	-4.90201867319206
4:169827-170128	0.124359606053945	4.63719812405723	1.36574776569568	0.186723696500397	0.780846480735601	-4.85992101773089
17:379543-379652	0.124347401733952	3.80803389494083	1.21633405933133	0.237591014363778	0.801399683716858	-5.02440970077343
8:245621-246681	-0.124336372891744	8.97056823880532	-1.00038280938141	0.328714759960894	0.851493059090313	-5.23303461816042
9:28276-28553	0.124253365862848	4.7537332399964	1.28064400888038	0.214529176042863	0.801011482501697	-4.95555690822561
16:170482-170966	-0.124231725281508	7.78205569491912	-1.0486909315834	0.306450698008988	0.851493059090313	-5.18947405723627
6:344256-344456	0.124217455060922	4.13141660321619	1.01085286860208	0.323795994603207	0.851493059090313	-5.22374922782344
1:533349-533553	-0.12421424252282	4.31162567391057	-1.29172465405848	0.210736439049075	0.798692888385825	-4.94339347841708
3:424980-425408	0.124135865576479	5.16342658525176	1.22628855462139	0.233902783149557	0.801399683716858	-5.01394810279797
8:713819-714846	0.124122067135487	6.31244536174273	1.33514414531548	0.196375243756807	0.780967182561144	-4.89489508109794
15:93466-94534	-0.124101770324206	9.00146505946817	-1.12317294371526	0.274264555202477	0.829712604526198	-5.11876259175023
4:208843-209182	-0.124006510694846	4.78325551171416	-1.2819713479952	0.214072079707661	0.801011482501697	-4.95410447146829
13:238178-238746	-0.123809827049848	7.89452254925205	-1.26683849533178	0.219328274343637	0.801011482501697	-4.97058892900407
10:425110-425433	0.123796933197274	4.79561808478603	1.3408577832954	0.194544083671458	0.780967182561144	-4.88841477073574
1:36226-36484	0.123681771438599	4.67749779828446	1.21445731266705	0.238291283656751	0.802351582133777	-5.02637393480218
13:213024-214214	-0.123675703626445	8.66659681099358	-1.04128262837556	0.309793703530643	0.851493059090313	-5.19627298437
6:29354-31254	-0.123628228434738	9.53394238268601	-0.894815393874929	0.381206780523402	0.860939768650335	-5.32176278562394
18:268348-269234	0.123403236769597	6.11947889394129	1.45921329553763	0.159565102631427	0.772967761391932	-4.7491597000892
4:95871-96369	0.123381028425745	5.48122951299369	1.26420174094738	0.220254214206288	0.801011482501697	-4.97344441433183
7:330879-331485	-0.123324114515115	5.41097057511857	-1.10317342077503	0.282653900452676	0.839671075504422	-5.13816753103539
1:439251-439618	0.12314743413122	5.29071375765397	1.34558523886153	0.193039177477041	0.780967182561144	-4.88303581634448
12:436051-437225	0.123119173069841	7.00345046869804	1.37626972807282	0.183493593655888	0.774997180650747	-4.84774726253441
2:629876-630260	-0.123088270363024	5.08287136774616	-1.31666073900531	0.202391923650934	0.786841458199874	-4.91570254844731
2:694873-695495	0.123007490791808	5.66974414373242	1.3840388109474	0.181137235172119	0.774997180650747	-4.83870991538999
4:30572-30829	0.123006102292209	4.43514651232691	1.28397420848871	0.213383782186332	0.801011482501697	-4.95191047083461
2:860045-861211	0.122948049423673	6.52136728139993	1.53320867786343	0.140416791951276	0.7699312400524	-4.65738001689149
8:681338-682143	-0.122885213366042	6.1133807321967	-1.41883471615327	0.170878397220698	0.772967761391932	-4.7977309146748
4:89107-89647	-0.122864226744754	5.52356567026561	-1.02983363742606	0.315010805936854	0.851493059090313	-5.20669593754193
10:351466-351995	-0.122839560155169	5.36390337387188	-1.22023465396733	0.236140583639347	0.801399683716858	-5.02031902850544
5:707644-708279	0.122800911970727	5.64890073041862	1.19204417223859	0.246775505778271	0.808614322008447	-5.04963195880764
3:401806-402115	-0.122741171077691	4.9496239364104	-1.29274733330025	0.210389032638901	0.798692888385825	-4.94226646526762
15:372319-373263	-0.122723091453008	9.24726301897727	-0.947431380995925	0.354384999042585	0.851493059090313	-5.27866022840658
7:62684-62918	0.12268218713962	4.46514229788254	1.37627898983264	0.183490770117549	0.774997180650747	-4.84773651339558
14:325035-325558	0.122665572219486	5.39123018134009	1.1816776113647	0.250775703021088	0.811663524583236	-5.06026393407204
1:799836-800636	-0.122484482346591	6.21288281124083	-1.44087393914398	0.164625842771935	0.772967761391932	-4.77135432531362
5:136273-137599	-0.12244176887566	9.37719063467651	-1.19539826184988	0.245491576262238	0.808141657719123	-5.04617497509006
14:115200-116085	0.12233987720244	6.35228689226277	1.43037354472218	0.167581378505172	0.772967761391932	-4.78396165940742
14:404715-404989	-0.122334540697206	4.45627791445527	-0.934273108659416	0.360969847749536	0.851493059090313	-5.28964959835797
5:785298-785858	0.122323000863927	5.66310050804132	1.40704338913325	0.174301252236929	0.774044847074752	-4.81170917608812
5:20887-21160	-0.12226787361926	4.88908494644595	-1.30189421044727	0.20730158342418	0.792751879716869	-4.93215346066792
8:693124-693405	0.122254709834899	4.70056971113271	1.09069683663833	0.287981316468368	0.84138666613082	-5.15011857008638
17:63150-64263	-0.122220670116608	8.97315951570463	-1.17007726397117	0.255309393380084	0.816664745370825	-5.07206673676119
1:514910-515179	-0.122199524357462	4.39838866886621	-0.81097514606925	0.42663691072887	0.88485749980392	-5.38575582599033
4:452938-453210	0.122183742229149	4.63547149181458	1.4525654127894	0.161384798531773	0.772967761391932	-4.75723077717709
14:504082-504392	0.122137290948054	4.7094551938413	1.10979277176832	0.279856774251657	0.83836857349564	-5.13177869224767
14:218194-218551	-0.122106773252728	5.05169310232707	-1.10321694884367	0.282635440631608	0.839671075504422	-5.13812562802359
3:491237-491548	0.12202657778009	4.88326740954991	1.2049748612972	0.241853400720996	0.804859346934706	-5.03625893358036
2:885809-886173	0.121939674992296	4.86032011038869	1.10158481082872	0.283328214733926	0.839671075504422	-5.13969584207032
15:152952-153302	-0.121938027659454	5.15728740191257	-1.29277463441058	0.210379764493188	0.798692888385825	-4.94223636872275
4:719660-720521	0.121885040782374	6.15142481257928	1.21815069580361	0.236914661844909	0.801399683716858	-5.02250592337771
15:240111-240856	-0.121851042463636	6.04105398475569	-1.40882193205681	0.173781471553694	0.774044847074752	-4.8096067621731
14:105198-106412	-0.121784340766107	9.06723250582646	-1.03921669516648	0.310730555198919	0.851493059090313	-5.19816134875737
9:26780-27145	-0.121738209505328	4.96044734720934	-1.47507625276868	0.155290296959758	0.772967761391932	-4.7297833862833
1:708817-709091	0.121681564172671	4.72515443424804	1.25767592326711	0.222558808398891	0.801011482501697	-4.98049010174862
12:310129-311509	0.121668231615711	7.36242434321163	1.04181859682615	0.309550982209414	0.851493059090313	-5.19578253858138
9:182650-183032	0.121659706507693	5.11335717105551	1.19528700875188	0.245534082596397	0.808141657719123	-5.04628977431307
13:429501-429806	-0.12165110366118	4.54082291725799	-1.09353316574755	0.286763877549778	0.84138666613082	-5.14741218506265
14:296623-297079	0.121640656167838	5.35182900238962	1.38962193144431	0.179458819780223	0.774997180650747	-4.83218995697199
18:149597-150460	-0.121625903778796	6.05763814696529	-1.44325656623463	0.163961106777826	0.772967761391932	-4.76848341006263
11:382846-383053	0.121624335472893	4.37603640674646	1.09139203451116	0.287682570523407	0.84138666613082	-5.14945579294164
1:703998-704405	0.121535031786699	4.99752052257688	1.24852668844556	0.225821016509374	0.801399683716858	-4.99031655526612
6:531025-531376	0.121512206383804	5.03047611563315	1.26805118679506	0.218903426454305	0.801011482501697	-4.96927396482082
16:206058-206935	0.121383817664997	6.66313991510703	1.41558128057801	0.17181738145162	0.772967761391932	-4.80159710534604
9:8854-9901	0.121334935625948	6.76630666295425	1.38250100292773	0.181601727486075	0.774997180650747	-4.84050203416872
2:990472-990735	0.121316322628405	4.80694584817263	1.12965358319174	0.271585633930972	0.827405613928307	-5.11240944276682
2:978398-978855	-0.121300314854726	5.19130355199334	-1.19034904647399	0.247426310643881	0.809052466957717	-5.05137592446331
4:878458-878712	0.121281609544022	4.50738303317492	1.19754762999182	0.244671457437146	0.807632332956242	-5.04395530461699
9:18139-18828	-0.121266614991794	5.77257397528431	-1.26864464862409	0.21869574762056	0.801011482501697	-4.96863006897601
5:729906-731657	0.121167710966009	7.00290080606835	1.415543957053	0.171828177521218	0.772967761391932	-4.80164141716889
12:503676-504944	-0.121160777299234	8.93028873181596	-1.00277373137735	0.32758695950428	0.851493059090313	-5.23092185516485
15:297596-298697	-0.121104028163426	8.759043724978	-1.15736582128302	0.260347276329207	0.818338770259503	-5.0848848560502
7:65599-65958	0.120918628978202	5.05957493189181	1.19995824766163	0.243754114339223	0.806388333911576	-5.04146178676704
8:638726-639038	0.120898342427482	4.73235969305687	1.26097671192894	0.221390826836615	0.801011482501697	-4.97693018724144
8:206485-207953	0.120870801621912	8.35722852758688	1.15092909684126	0.262926332033217	0.819539179791559	-5.0913294875919
3:301999-303115	-0.120828433434939	9.26462326876864	-0.713689541567408	0.483415400902587	0.899160656200959	-5.45263547740023
5:295892-296171	-0.120608097774012	4.88625577422178	-1.2288390274773	0.23296485671718	0.801399683716858	-5.01125606523937
14:450625-451492	-0.120533718211742	8.09226085189384	-1.17562801489802	0.253132446469378	0.816297428239867	-5.06643159655998
7:551825-552551	0.120516592955135	5.94711696069038	1.24522715844988	0.227006434343592	0.801399683716858	-4.99384548490362
11:297700-298108	-0.120505172566986	5.15105130543024	-1.30522376296649	0.206186524654036	0.791501616081874	-4.92845753628362
9:710661-710929	0.120499511843416	5.11800042662956	1.35639569874365	0.189632370845296	0.780967182561144	-4.87067734985856
13:47654-48109	0.120481143253867	5.41553914164347	1.20174536126113	0.243075717640859	0.806388333911576	-5.03961045146143
12:75090-75398	0.120468832592884	4.46259018415592	1.28304247946528	0.213703763988092	0.801011482501697	-4.95293147358888
6:372818-373678	-0.120467548236226	6.35239023983809	-1.39326699970825	0.178369742098974	0.774997180650747	-4.82792181131974
14:126741-126948	-0.120462054520378	4.31141415352983	-0.996229715439525	0.330680198971154	0.851493059090313	-5.23669378992883
8:369844-370157	0.120363131791523	4.87331893535332	1.31068690792908	0.204367073186123	0.789065786075133	-4.92237630063693
6:659046-659846	-0.120298860862992	8.72839860072169	-0.981214475027429	0.337854146322601	0.851493059090313	-5.24980914999106
5:192576-193447	0.120213241406239	6.17797293850863	1.24614323602502	0.226676839467102	0.801399683716858	-4.99286650657242
3:826811-827103	0.120137003970507	4.80403396082521	0.918451116344574	0.368996199126692	0.856079557271314	-5.30267839807585
12:256166-256419	0.119841287816278	4.31634226742262	0.961170036090174	0.347597174758633	0.851493059090313	-5.26703751438821
3:655842-656781	0.119827128532583	6.20361693271826	1.3812214398185	0.181988940317323	0.774997180650747	-4.84199197175686
5:781411-783121	-0.119710347573267	9.74787210070153	-1.14329536736813	0.266009494413609	0.824304272991656	-5.09893227540239
3:320037-320487	0.11964376286643	5.13191716361143	1.2857696497027	0.212768224810347	0.801011482501697	-4.94994125595657
8:429962-430367	-0.119470918920145	5.37664317284726	-1.40233695104599	0.175682727795989	0.774997180650747	-4.81726235148116
16:139803-140096	0.119407322744263	4.50543552884478	1.11238988677618	0.278764851645357	0.836937528930229	-5.12926289432568
7:100392-101028	-0.119338495608313	5.65100113877576	-1.28459041090881	0.213172365114527	0.801011482501697	-4.95123488726212
1:247459-247667	-0.119319105027515	4.38726024250313	-1.27803924544095	0.215428375466921	0.801011482501697	-4.95840351004299
11:225061-225309	-0.119315054452251	4.11511067166271	-1.05431286147415	0.303930984276128	0.85015879995347	-5.18428604207759
3:412960-413146	-0.119284811030211	4.38141328675438	-1.24350706493404	0.22762629676384	0.801399683716858	-4.99568204473892
17:254194-254963	0.119219101637534	5.98877888091489	1.33532719611126	0.196316368393016	0.780967182561144	-4.89468782040244
16:253810-254288	-0.119205567020392	5.19248860212645	-1.10658755803748	0.281208663147228	0.83858187543303	-5.13487646219086
14:113914-114169	-0.119131630625768	4.8809364341228	-1.11382214677073	0.278164010045473	0.836937528930229	-5.12787328195562
1:732953-733189	0.119035438851758	4.539049007835	0.922653661701136	0.366852737992343	0.855622193277864	-5.29923753910878
16:167734-168563	-0.119014572277078	6.3034192893599	-1.33489987228595	0.196453831906818	0.780967182561144	-4.89517162478181
4:803160-803574	0.118994538089698	5.00320635439346	1.13762891179262	0.268315327542606	0.825415399368183	-5.10454740358501
7:460339-460674	0.118992341516703	4.83480430904775	1.09704281166488	0.285262602387386	0.84138666613082	-5.14405479554314
4:26070-26328	0.118940817272637	4.56972317176234	1.28530573967212	0.212927141803657	0.801011482501697	-4.95045028585489
13:163881-164152	-0.118917765118031	4.57815570992032	-1.16459543245487	0.257472998123407	0.817726377288983	-5.07760937427959
4:149350-149955	-0.118840973577993	5.58340688181978	-1.17065470147519	0.255082278982383	0.816664745370825	-5.0714815896036
1:342083-342747	0.118739627605745	5.6542006593821	1.19240600054815	0.246636756978574	0.808614322008447	-5.04925943046832
7:574721-575242	0.118722844509963	5.4511823929358	1.19243719831054	0.246624796451357	0.808614322008447	-5.04922730559188
10:66087-67259	-0.118689548940376	8.41669626281831	-1.05708093519785	0.302695794905019	0.849978907148597	-5.18172258919159
14:252381-253727	-0.118555461186444	9.09585348430782	-0.979408772671507	0.338724053592923	0.851493059090313	-5.2513743045815
3:191851-192510	-0.118472787712195	8.71468404410255	-1.05395838902115	0.304089418839478	0.85015879995347	-5.18461388138636
20:56756-57762	-0.118430574014836	5.99502031761268	-1.34786441782439	0.192316927454511	0.780967182561144	-4.88043699985073
4:14991-15330	-0.118372808237405	5.09589157322663	-1.31683014765629	0.202336129984891	0.786841458199874	-4.91551292534244
7:720781-721134	0.11831186520531	4.81069108438356	0.904638158450388	0.376100151799051	0.857696941145989	-5.313886768252
13:404428-404685	-0.118247251389108	4.69626283315657	-1.11317015518289	0.278437406922834	0.836937528930229	-5.12850605315339
7:255723-256146	-0.118222205252443	5.44297727543598	-1.36388125145411	0.187301375371003	0.780846480735601	-4.86207260976397
7:383348-383611	-0.118213258052263	4.7863707716609	-1.22363300582496	0.23488240185829	0.801399683716858	-5.01674600861593
1:959129-959486	-0.118191409464222	5.19228867668776	-1.25753794343061	0.222607735421811	0.801011482501697	-4.98063874286533
8:409945-410192	0.118171778983773	4.79236796305878	1.10657623259429	0.281213448397001	0.83858187543303	-5.13488739409631
1:134766-135686	-0.118093791138573	8.88980147868252	-0.973328549671094	0.341664579238586	0.851493059090313	-5.25662544348477
14:180997-182318	-0.118089020823424	9.68309904178337	-0.814508282818545	0.424656257411497	0.884429600851279	-5.38317680024775
2:614708-615893	-0.118034103651551	8.08553711639	-1.06877642981792	0.297516547114854	0.846050867144908	-5.1708260531072
1:1016394-1016701	-0.117992434481349	4.84731247675994	-1.02112766226294	0.319019257631991	0.851493059090313	-5.21455298003353
6:274456-274645	0.117984152368406	4.20382702718399	0.848543065463537	0.405873587496668	0.874944423282028	-5.35780025345025
7:346681-347232	-0.117913477109162	5.33890947105461	-1.05339450878311	0.30434157141767	0.850332630253115	-5.18513519348808
1:858404-858773	-0.117866324662342	4.76723556711341	-1.1018159643566	0.283230024736433	0.839671075504422	-5.13947358232983
13:273064-273374	0.117858165196435	4.79573170439622	0.986102702019419	0.335506955271222	0.851493059090313	-5.2455590920272
8:2057-2398	0.117739954753834	4.66561341236024	1.22831620313209	0.233156889554177	0.801399683716858	-5.01180829532293
16:309125-309533	0.117720420713881	4.92262749076933	0.94412921692132	0.356029811622098	0.851493059090313	-5.28143120392814
4:535366-536074	0.117511569449657	5.67792410805931	1.2366304810326	0.230117324726912	0.801399683716858	-5.00300282016431
1:1028492-1028733	0.117494081812878	4.42192770637447	1.14416441803954	0.265657153620919	0.82403424782206	-5.09806895764626
8:452275-452973	-0.117468293956137	6.08444971180754	-1.21766774697236	0.23709432591997	0.801399683716858	-5.02301227407429
6:96300-96578	-0.117417908015315	4.60555123086185	-1.14461955801679	0.265472763151433	0.82403424782206	-5.0976165933309
11:529669-529912	-0.117407047928056	4.62413548912283	-0.949107539228127	0.353552077448478	0.851493059090313	-5.27725034125221
20:115184-116792	-0.117356355813852	9.40355299730709	-1.10080917648211	0.283657871662644	0.839717350239413	-5.14044133492088
11:110071-111024	0.117265389453807	6.11324208822403	1.30148355549337	0.207439435637619	0.792751879716869	-4.93260876004743
8:297592-299230	-0.117158446672445	8.56426440932591	-1.02080185191828	0.319169962167459	0.851493059090313	-5.21484586506537
12:176285-176513	0.117118919082812	4.43970297792253	1.07783639050418	0.293548366984297	0.844966231911068	-5.16231229022534
9:258643-259173	0.117032057794367	5.4824641703497	1.29044326845297	0.211172357358895	0.799667911623025	-4.94480454333164
13:443048-443385	0.117019707468712	4.62993560930895	1.26770959836487	0.219023032473712	0.801011482501697	-4.96964446789552
1:218137-219128	0.116987668824153	6.22633587288967	1.34840052164028	0.192147351542772	0.780967182561144	-4.87982518854006
11:104385-105023	-0.116922624012741	7.71907902975573	-1.08466735785826	0.29058177935954	0.842480328509785	-5.15585129776888
7:219963-220317	-0.116918096307149	4.80780073838829	-1.12990260955508	0.271483078388381	0.827405613928307	-5.11216468093502
8:74656-74861	-0.116875480858067	4.43561805851885	-1.05061350868986	0.305587343128521	0.85120747153332	-5.18770263571121
1:950731-950986	0.116610623367341	4.39938536634008	1.1195419995487	0.27577393845858	0.832904283765588	-5.12230818924324
6:555806-556750	-0.116539818395275	5.89837999962585	-1.21450949430379	0.238271792030134	0.802351582133777	-5.02631935550317
5:547831-548886	-0.116539664332005	7.77546200405848	-0.968541085034008	0.343992210988907	0.851493059090313	-5.26073934449975
14:505678-505934	-0.116438545680424	4.42874561341291	-1.20611965709259	0.241421229594636	0.804617590220097	-5.03506904329424
1:223619-223903	0.116421638750205	4.47007597924563	1.19216052734939	0.246730881162727	0.808614322008447	-5.04951217338252
9:198285-198729	-0.116398386928209	5.58385177048234	-1.1586885816469	0.259819610994533	0.817726377288983	-5.08355662531381
16:116866-117812	0.116137528964269	6.18681252832733	1.27995286890717	0.214767483198721	0.801011482501697	-4.95631268864897
1:921838-923117	-0.116127992652219	9.03634944168611	-1.22941352275443	0.232753984145749	0.801399683716858	-5.01064902846325
7:593492-593851	0.116030011914438	5.28113392683673	1.24595711304824	0.226743774829121	0.801399683716858	-4.99306545847786
15:320651-321026	0.115992306141113	4.99870857010978	0.954540925356972	0.350861246955812	0.851493059090313	-5.27266456792782
12:522137-522458	-0.11590372921931	4.60083290208416	-1.10473301789137	0.281993038359535	0.839671075504422	-5.13666525629835
8:289711-290078	-0.115867090898991	5.02046909180696	-1.33882237227522	0.195194862866865	0.780967182561144	-4.89072590366619
19:60670-61000	0.115803378879762	6.1349940131539	0.978793743961915	0.339020699341234	0.851493059090313	-5.25190680902886
4:859552-859958	-0.115795546430279	5.02608512561312	-1.22780971868503	0.233343035698158	0.801399683716858	-5.01234307658939
4:796662-796999	0.115709438131384	4.84839755266866	1.15427693972743	0.261582569207007	0.818511769527216	-5.08798140858742
6:496959-497454	-0.115707812139362	5.12007329164504	-1.30844810536571	0.205111164252991	0.790371078794095	-4.92487094164631
1:693010-693384	-0.115648946218152	4.95603680789161	-1.2177400209192	0.237067432370563	0.801399683716858	-5.02293650886326
12:294212-294411	-0.115566760966866	4.3787694001513	-1.25502998185028	0.223498488748	0.801399683716858	-4.98333809741047
13:195691-196048	-0.115554623684877	5.05659946613378	-1.16348548586975	0.2579127375503	0.817726377288983	-5.07872890224224
2:274540-274833	-0.115525432425928	5.00606633866922	-0.972529230196063	0.342052448361783	0.851493059090313	-5.25731357685534
9:427090-427611	0.115487831806161	5.50779103963899	1.24241559597123	0.228020295825892	0.801399683716858	-4.99684630538698
8:635698-636188	-0.115427035657724	5.48944816809317	-1.26474342719752	0.220063746745619	0.801011482501697	-4.97285819994298
1:1064354-1064735	0.115364387256495	5.20280358510427	1.22435404038192	0.234616107748606	0.801399683716858	-5.01598683008998
14:307998-308310	-0.115286314605514	4.53895733789703	-1.15316828556375	0.26202699707495	0.818511769527216	-5.08909107202254
4:301034-302402	-0.115201842221209	9.08286148869601	-0.954195297182259	0.351031999608786	0.851493059090313	-5.27295698400477
2:344739-344956	0.115161590330888	4.15486569034953	1.27711774490005	0.215747187199761	0.801011482501697	-4.9594094073814
2:79643-80730	0.11510825618427	6.94992706941489	1.211167411037	0.239522616141688	0.802931952545143	-5.0298109732415
9:318707-319508	-0.115032336259461	6.00989806195807	-1.1131983696676	0.278425571798359	0.836937528930229	-5.128478677115
20:96016-97769	-0.114975399112589	9.33908481635927	-0.861968183333508	0.398613406070063	0.870673460757569	-5.34752614601396
3:234094-234507	0.114959630776535	6.53358208837398	0.981938895438833	0.337505586288018	0.851493059090313	-5.24918050411269
1:88364-89177	0.114836279204736	5.89312407917385	1.16333956157733	0.257970591519209	0.817726377288983	-5.07887601774515
8:263006-263481	0.114796875237415	5.28389692350772	1.16017449486773	0.259227810726539	0.817726377288983	-5.0820630051931
14:236769-237295	0.114736793435577	5.40364074947674	1.23690905612554	0.230016008451034	0.801399683716858	-5.00270691722208
13:102307-102765	-0.114632931224893	5.3605003584291	-1.06975613430459	0.297085597260192	0.846050867144908	-5.16990846888512
3:932357-932734	-0.114553051534357	5.05875986484879	-1.00160026872882	0.328140145659266	0.851493059090313	-5.23195936249652
9:137179-138475	0.114475374702435	7.12337642847396	1.12869164718937	0.271982051835096	0.827496897458766	-5.1133544650932
6:452911-453208	0.114302739578873	4.82761774571914	0.988188804791094	0.334508707371401	0.851493059090313	-5.2437395512532
3:420864-421322	-0.114265735931844	5.53729718754287	-1.15270796691388	0.262211690223172	0.818511769527216	-5.08955153890879
2:281674-282291	0.114227577126447	7.59761036958521	0.993026306056924	0.332201771179733	0.851493059090313	-5.23950688844853
1:446976-447273	-0.114191404594336	4.78486399646814	-1.08945987254133	0.288513429964498	0.841499144339063	-5.15129693109435
3:933328-933705	-0.11419001954372	5.12841361972215	-1.29595899051971	0.209300918611194	0.796624924918116	-4.93872233132899
3:909907-911519	-0.114189066800009	9.44514547128887	-1.10026010383849	0.283891404835468	0.83985322408695	-5.1409687923239
16:17232-17497	0.113976497595335	5.95906437134737	1.25948222577664	0.221919064042537	0.801011482501697	-4.97854296789379
7:158329-158673	0.113968707257849	5.08544576197222	1.07225639894342	0.29598781964689	0.84600349983364	-5.16756337692871
9:141725-141988	0.113891520604049	4.47793872491473	1.10659597586365	0.281205106468288	0.83858187543303	-5.13486833680484
1:321713-322195	-0.113873236262067	5.16828494859639	-1.37937624587736	0.182548478155754	0.774997180650747	-4.84413856800285
11:461291-461677	-0.113844414629932	5.17006615618403	-1.23887098652191	0.229303429467192	0.801399683716858	-5.00062135607985
4:510102-510903	0.11383269111206	6.07978876327297	1.16348172246818	0.257914229488336	0.817726377288983	-5.07873269656511
9:313592-313965	0.113727723326543	4.92093443154191	0.971023482563589	0.342783932535648	0.851493059090313	-5.25860848821363
6:14060-14465	0.113674805105321	5.35762782541656	1.25964845032122	0.221860262868033	0.801011482501697	-4.97836366541617
10:420527-420813	-0.113639826875104	4.57651075746235	-1.00278739717714	0.327580521092929	0.851493059090313	-5.23090976624745
17:187742-188010	0.113605481008607	4.73330929724493	1.14058022431368	0.267112525233091	0.824604375593859	-5.10162584361045
11:356502-356878	0.113575189153412	5.22251255924438	1.22551445159782	0.23418802429837	0.801399683716858	-5.01476423464696
5:753256-754611	-0.113547651029243	9.46706122940219	-0.973298515061377	0.34167914804085	0.851493059090313	-5.25665130947138
12:212735-213123	0.113519926193204	5.09755781548938	1.05128507566942	0.30528617704202	0.85120747153332	-5.18708319040936
1:121973-122280	0.113364418083885	4.84164191010937	1.15322764881768	0.262003185849778	0.818511769527216	-5.08903167808234
13:172352-172772	-0.113313410717644	5.23928571932373	-1.04203474520082	0.30945313437782	0.851493059090313	-5.19558468540914
5:280919-282580	0.113281410428043	6.95134261445335	1.27063372344005	0.218000789717326	0.801011482501697	-4.96647011673991
1:380884-381192	0.113262828531425	4.88552578400648	1.1558086614713	0.260969466498894	0.818511769527216	-5.08644677649278
5:35621-36580	0.113210499765595	6.13552912103772	1.27357003402741	0.216977996654427	0.801011482501697	-4.96327637608961
6:418090-418614	-0.113128128341387	5.55810423977775	-1.2844969893714	0.213204407298056	0.801011482501697	-4.95133732887521
15:78204-78448	0.113108777744769	4.61048492103769	0.939424940956046	0.3583819329342	0.851493059090313	-5.28536357917717
1:597037-597244	-0.113086142881076	4.5737835509121	-1.02515369122313	0.317161134258374	0.851493059090313	-5.21092692738878
4:830297-830886	0.11306010195646	5.70378759431179	1.21405516401642	0.238441540491756	0.802351582133777	-5.0267944946132
8:584199-584557	-0.113058906363989	5.14711150916421	-1.1085433259781	0.280383197989769	0.83836857349564	-5.1329871862494
5:807143-807686	0.11305005897653	5.72120009431826	1.1675876013204	0.256290341797046	0.817726377288983	-5.07458679408544
2:618812-620574	-0.112924075387619	8.82416705140886	-0.991824318383415	0.332773949132481	0.851493059090313	-5.24056032399192
8:36796-37663	-0.112822830173217	5.97996580552512	-1.09140183452843	0.287678360787708	0.84138666613082	-5.14944644730054
9:631965-633347	-0.112818427549659	9.20489434953968	-1.03446673654257	0.312892158415968	0.851493059090313	-5.20249039716971
8:182045-182398	0.112796085409604	5.14090979801734	1.13071595445573	0.271148320231797	0.827405613928307	-5.11136493760146
6:718253-718911	-0.112723266334623	8.2859302151606	-0.784643141654386	0.441579877746256	0.888874834232216	-5.40464746310314
12:389679-390417	-0.112664120114503	5.92692780883714	-1.26717887752478	0.219208962527264	0.801011482501697	-4.9702199470246
12:28277-28941	0.112597659433003	5.64294350459	1.13860428388945	0.267917375017979	0.824758026534025	-5.1035825909144
15:153837-154746	-0.112595852883574	6.16591197835016	-1.27030730533052	0.218114719080868	0.801011482501697	-4.96682477115339
13:245756-246737	0.11257617081484	6.22626696351806	1.16975604016992	0.255435800607497	0.816664745370825	-5.07239214181854
9:439817-440978	-0.112512429360129	9.0751682457537	-0.96210055559204	0.347140666416406	0.851493059090313	-5.26624483319647
9:270421-270830	0.112380658441662	5.02703867233734	0.908067943151552	0.374327814030145	0.857696941145989	-5.31111819272377
5:417688-418188	0.112348875641954	5.07458104822828	1.00030826784291	0.328749964692426	0.851493059090313	-5.23310041488444
6:198518-199071	-0.112311285959581	8.67359702744337	-0.725116179177503	0.476525373416086	0.898248575839062	-5.44519676396383
10:127873-128326	-0.112237456561084	5.15571142463522	-1.06886166837656	0.29747903478716	0.846050867144908	-5.17074624875368
6:360344-361044	-0.112128177346428	6.0622064668051	-1.0866800617519	0.289711836779825	0.841499144339063	-5.15394075774972
7:486325-486717	-0.112115503814748	5.32360837557083	-1.13902193176828	0.267747107624736	0.824758026534025	-5.10316924513556
9:123972-124375	0.112039054103604	6.66908226134338	1.20430537591104	0.242106408490922	0.805102737299679	-5.03695434405501
1:305646-306368	-0.111976340373694	5.80611450147973	-1.23317072727395	0.231378459770874	0.801399683716858	-5.00667307902806
3:153779-154078	0.111948663675985	4.87271187341354	1.21642193785284	0.237558262603545	0.801399683716858	-5.02431766245905
3:293557-294183	-0.111922440955524	5.59726733500691	-1.05062961996139	0.305580115507224	0.85120747153332	-5.18768777897596
8:162107-162406	-0.111863124905295	4.82407881360809	-1.24706393766689	0.226345950354184	0.801399683716858	-4.99188197507078
4:71213-71447	-0.111832812208223	4.59520357433678	-0.977461111662916	0.339664079659268	0.851493059090313	-5.25305959544201
3:464520-464726	0.111788874588208	4.4297672239882	1.06754831736215	0.298057399562513	0.846513274392009	-5.17197524619852
15:378092-379031	0.111759905154823	5.97786042388029	1.11143452207363	0.279166159672214	0.836937528930229	-5.13018894336882
14:260171-261027	-0.111710376370308	6.3906700242028	-1.23374420339989	0.231169054856835	0.801399683716858	-5.00606531177394
7:56087-56339	-0.111693243560152	4.71030157350543	-1.04127976954086	0.30979499855853	0.851493059090313	-5.19627559978749
2:78066-79162	0.111580858842945	8.7571784046533	0.894480701923404	0.381381581118376	0.860939768650335	-5.32202975808013
9:506353-507307	-0.111525881273577	8.42169491158883	-1.02343500123929	0.317953422816857	0.851493059090313	-5.21247642659094
2:311330-311915	0.111477291581633	6.69341051786523	0.925135819590084	0.365590664519737	0.854809031760612	-5.2971985321181
8:593390-593662	0.111315087667291	4.58381606531899	1.23319999165615	0.231367770374019	0.801399683716858	-5.00664207056528
1:159060-159999	0.11122047787546	6.02317181893408	1.23661920699948	0.230121425750027	0.801399683716858	-5.00301479427535
6:528025-528413	-0.111192076224915	5.05794673913157	-1.18452323629337	0.249672835839421	0.811663524583236	-5.05735337883734
1:58550-59080	-0.111170978491908	5.48847633107327	-1.23794216530214	0.229640569578944	0.801399683716858	-5.0016090550175
2:389717-390219	0.111167944338344	5.786570784459	1.06940456666922	0.297240192323319	0.846050867144908	-5.17023782997711
16:435516-435725	-0.111137143936745	4.57656458856826	-0.97203306420906	0.342293364610864	0.851493059090313	-5.25774046915144
9:393625-393838	-0.110997589352864	4.6949963493087	-1.03870964973568	0.310960794840811	0.851493059090313	-5.19862430378597
8:374123-374310	-0.110976091981503	4.02521379114686	-1.10187424836396	0.283205270612668	0.839671075504422	-5.13941753439246
9:189871-190391	-0.110849214317891	5.66303388681919	-1.18198166985822	0.250657686332813	0.811663524583236	-5.05995322426333
1:543983-544491	0.110842973627304	5.84908113805944	1.19218550222794	0.246721303566565	0.808614322008447	-5.04948646090484
18:41739-42128	0.110532462456288	5.15582556385286	1.10852077352872	0.280392706551156	0.83836857349564	-5.13300898858675
10:203235-204297	0.110511974721012	6.27142549409499	1.23312993450554	0.231393360768295	0.801399683716858	-5.00671630189973
7:366618-367319	0.110449748043468	5.77967146027064	1.0376083593495	0.311461286078243	0.851493059090313	-5.19962913901567
2:884813-885161	0.110407490545302	4.82496499405553	0.977537630921457	0.339627114256752	0.851493059090313	-5.25299344116366
14:313024-313535	-0.110353694627156	5.6603113843225	-1.19947071477188	0.243939431859178	0.806405389218375	-5.04196643120909
18:416-828	-0.110277581202356	5.83407517865051	-1.01472454840556	0.321990209849649	0.851493059090313	-5.22029371642098
10:107527-108406	0.110269337234437	6.23473801126827	1.27323007839253	0.217096221932453	0.801011482501697	-4.96364645184974
1:102268-103139	0.110217942313272	6.04297827932758	1.24840183487513	0.225865785951904	0.801399683716858	-4.99045023255037
11:443496-443835	-0.110188676888017	5.00738510800712	-1.17656322208236	0.252767038469071	0.81629528440661	-5.06547991445298
13:141005-141323	0.110137381737813	4.8839458315643	0.972148460526134	0.342237322867193	0.851493059090313	-5.25764120177266
2:235387-237379	-0.110082984751275	10.2305534348205	-0.931615345358974	0.362309830740013	0.851744223535547	-5.29185231971678
16:428588-429011	0.1100518185556	4.73229110864672	1.12757385191242	0.272443234198079	0.827557150087478	-5.11445172648667
13:220278-221198	-0.110047331220581	6.26288316310037	-1.18285704419275	0.250318152694955	0.811663524583236	-5.05905831807544
8:609116-611331	-0.109970555684209	9.24962840702149	-0.925994879029236	0.36515454752921	0.854809031760612	-5.29649168190048
4:19956-20156	0.109647613579648	4.22452306053895	0.947274652536664	0.354462949019	0.851493059090313	-5.27879194377277
9:398368-398812	-0.109493994797007	5.26020090939746	-1.12474213098568	0.273614122986317	0.829353591329379	-5.11722719387018
17:354226-355755	-0.109487794191276	9.87082877491115	-1.00813599737793	0.325067390232676	0.851493059090313	-5.22616700575391
6:385879-387119	-0.10930359271771	8.75424150964264	-0.770165328150492	0.449931341378911	0.893239960253339	-5.41478592495955
13:136268-136822	-0.109300271663901	5.74063603000378	-1.15831198857419	0.259969757569755	0.817726377288983	-5.0839349091889
5:830916-831345	0.109293799273481	5.2694632287405	0.932762597320307	0.3617310027316	0.851493059090313	-5.2909021916176
13:386283-386576	-0.109235662275519	4.93119104579343	-1.0284492015975	0.31564584839641	0.851493059090313	-5.20794935028604
11:100484-100855	-0.10916061205259	5.18964023662414	-1.02779371414772	0.315946836088224	0.851493059090313	-5.20854227833898
13:94721-95701	0.109029010273503	6.19411910304137	1.22117431509391	0.235792179130065	0.801399683716858	-5.01933191458742
9:186083-186360	0.108968318236816	4.77993438070484	0.864067329790406	0.397485842495863	0.870072803900924	-5.34590623600775
1:841274-841707	0.108967734855365	5.10772356696168	1.09858982502646	0.284602672019732	0.841132447999826	-5.14257190010081
4:107818-108475	0.108848363897489	5.7927391105058	1.12929080194164	0.271735087684229	0.827405613928307	-5.11276592749013
3:913635-913838	0.10884095603929	4.20896842691377	1.01150591063599	0.323490914306393	0.851493059090313	-5.22316720973882
20:61333-62629	-0.108771671989166	6.44261007871188	-1.13511862111776	0.269341532844319	0.82573472671998	-5.10702721676789
4:742436-742778	-0.108750359362811	5.17936729508666	-1.03685669437305	0.311803214339076	0.851493059090313	-5.200314426154
1:789456-790373	0.108626652047954	6.12445761017702	1.27846222764631	0.215282158318382	0.801011482501697	-4.95794158546882
18:35726-35936	0.108545462847067	4.65308419548923	0.859728625252956	0.399818670809554	0.870845922405628	-5.34925040400624
19:86728-87490	-0.10853175027496	5.79405692395861	-0.988924998200486	0.334156913280229	0.851493059090313	-5.24309660331559
14:492504-492821	0.108514356851049	4.80573057587987	0.990573605562917	0.333370046689696	0.851493059090313	-5.24165524598894
16:70042-70251	0.108513382998685	4.07320168395573	0.916814753178814	0.369833066549824	0.856079557271314	-5.30401430414804
7:403557-404599	-0.108471677934181	8.92736005705077	-0.835167217246735	0.413190936143101	0.874984542969067	-5.36788825442249
6:368855-369688	0.108421054730739	6.05702173451661	1.13590672254262	0.26901904637726	0.82573472671998	-5.10624919589748
8:473825-474813	0.108376708326649	6.3542603124542	1.24235239324852	0.22804312675075	0.801399683716858	-4.99691369676401
2:788547-788778	0.108230866199706	4.26083373221695	1.07864871901008	0.293194445553515	0.844966231911068	-5.16154584105399
3:629400-629682	-0.108135110167271	4.88706499265818	-1.06043040004909	0.301205972474707	0.849978907148597	-5.17861276964797
4:474554-475484	0.108034011663581	6.16811648653098	1.22751039234631	0.23345309906314	0.801399683716858	-5.01265903814046
12:539297-539881	-0.108014170636988	5.46487332368827	-1.18457619082713	0.249652347012769	0.811663524583236	-5.05729915910874
2:975384-976097	0.108012605842649	5.93418901417045	1.31375727213159	0.203350034338099	0.787365703890424	-4.91894933317355
16:194091-194325	0.107993469321498	4.37215563804841	1.26712466060991	0.219227963456153	0.801011482501697	-4.97027872494725
6:316758-317497	-0.107956976615164	6.42199083851227	-1.27066193315134	0.217990945868698	0.801011482501697	-4.96643946320828
2:753518-754821	-0.107942051266976	9.11744350329563	-1.00901286367931	0.324656668341917	0.851493059090313	-5.22538730774978
11:136994-137868	-0.107932200151415	9.24976744098846	-0.984040954533967	0.336495570952558	0.851493059090313	-5.24735399123646
1:613693-615535	0.107813783200511	7.20743387849711	1.24656729105716	0.226524393181934	0.801399683716858	-4.99241312905574
18:153019-153853	-0.107788565155634	5.81309461394887	-1.03019119155042	0.314846942016099	0.851493059090313	-5.20637197832739
14:61845-62897	0.107743746334855	6.25243896835872	1.11157185018149	0.279108448029937	0.836937528930229	-5.13005587198989
13:278933-280004	0.107743547888913	6.41689372184601	1.21940240675613	0.236449487963013	0.801399683716858	-5.02119276523468
8:64759-65015	-0.107675964836631	5.92419492477353	-0.924280105320189	0.366025430305568	0.85507819731092	-5.2979020356437
1:482122-482825	-0.107668035567423	8.51638175750006	-0.930285284595279	0.362981671612903	0.851744223535547	-5.2929525141585
5:366702-367139	-0.107656981027179	5.42393000276162	-0.905716983949985	0.375542070945332	0.857696941145989	-5.31301695643647
6:557572-558443	-0.107640878685137	6.39134111212916	-1.27711634290908	0.215747672524725	0.801011482501697	-4.95941093731352
6:58537-58746	-0.10763274396918	4.34278885130239	-1.01269152145512	0.322937549275179	0.851493059090313	-5.22210968517954
9:502728-503728	0.107547403772617	6.00720010800505	1.19577570412221	0.245347408656986	0.808141657719123	-5.04578543401062
13:435214-435489	0.107538853290914	4.71610933856258	1.13120770932755	0.270946070135233	0.827405613928307	-5.1108811636497
2:123117-123335	-0.107536640132048	4.57065667665003	-1.02264404132552	0.318318510292539	0.851493059090313	-5.21318874384037
9:463092-463430	-0.107526357321812	4.93339782639146	-0.954694339333115	0.350785473100049	0.851493059090313	-5.27253474247704
5:714801-715108	-0.107495010680688	4.79676772472925	-1.24389286097038	0.227487156595836	0.801399683716858	-4.99527031303791
6:388594-389012	0.107457325202242	4.87341697795383	1.01593209200964	0.321428447848791	0.851493059090313	-5.21921355662886
3:636217-636496	-0.107429031326933	4.81859877694948	-0.932840029718978	0.361691957864101	0.851493059090313	-5.2908380255394
14:496708-497056	0.107167340435645	4.92477420809481	0.97567703482298	0.340526728055697	0.851493059090313	-5.25460068567721
13:391584-392089	-0.10710146878	5.63422283699459	-0.91487711178755	0.370825650217009	0.856400282290196	-5.30559335845563
17:168517-168895	0.106989725337065	5.24916178782016	1.05402545580097	0.304059438237967	0.85015879995347	-5.18455186113138
1:331291-331874	0.106967456077024	5.46498553715901	1.05151710156145	0.305182173549577	0.85120747153332	-5.1868690909731
4:608814-609879	-0.106925855507406	8.64833016212091	-0.900971995767135	0.378000779285406	0.859017327010441	-5.31683555227537
4:503715-504475	-0.106922725575961	8.55212729033615	-0.936264779508244	0.359967884296682	0.851493059090313	-5.28799518623107
6:509387-509769	-0.106779118220826	5.10467684141416	-1.0237779017782	0.317795240031459	0.851493059090313	-5.21216746693168
7:418882-420259	0.10673187565351	6.75407659928482	1.2595647199279	0.221889880614584	0.801011482501697	-4.9784539858919
5:713696-713902	0.106720270579154	4.28317380357238	1.00984938535781	0.324265182034193	0.851493059090313	-5.22464291828301
2:61088-63329	0.106682812437265	8.35520555378045	1.00410376437064	0.326960750320697	0.851493059090313	-5.22974460136587
13:326699-326954	0.106681480230312	4.59291130477457	1.00442435143693	0.326809935739439	0.851493059090313	-5.22946063063607
9:91941-93285	-0.106657884098405	8.57505845217039	-0.78070575907372	0.443841656503352	0.888874834232216	-5.4074222169415
2:784965-785401	-0.106630676716416	5.3245476112944	-1.1716431038087	0.254693876430243	0.816625924714734	-5.0704794140799
4:760176-760515	0.106574463656017	5.22828034135368	1.11199217088796	0.278931863918873	0.836937528930229	-5.12964849062135
14:174139-175801	-0.106520458908934	9.80871881127911	-1.02430882739116	0.317550429052309	0.851493059090313	-5.21168891112969
12:403553-404454	-0.106444549553896	6.19041739026019	-1.2480984761421	0.225974591334532	0.801399683716858	-4.99077498346559
11:551796-552041	-0.106435950982598	4.13514464170042	-1.05589950801193	0.303222540481489	0.85015879995347	-5.18281741114912
3:239742-240610	-0.106419952350922	6.25948439462338	-1.21914509475016	0.236545056263738	0.801399683716858	-5.02146280238365
4:173751-174805	0.10630224519747	7.78487977912518	0.841177438790347	0.409892671253166	0.874984542969067	-5.36337373469899
6:632889-633642	0.106185317498871	5.73614563217053	1.22343281581588	0.23495637723293	0.801399683716858	-5.01695672172378
1:422198-422505	-0.106177381094058	5.30295281675228	-1.11989698327325	0.275626103848865	0.832904283765588	-5.1219619908723
6:118804-119029	0.106175049113798	4.18627515022837	0.70476426515151	0.488837338192218	0.901808188932309	-5.45836802170667
13:192968-193203	-0.105945683560615	4.50558149010837	-1.04060692266364	0.310099899306018	0.851493059090313	-5.19689097927324
7:325690-326144	0.105928064665879	5.50207567212088	1.18507261968547	0.249460333311246	0.811663524583236	-5.05679076846701
14:86124-86465	-0.105888863866736	5.13317986674976	-1.09350692381662	0.28677512425726	0.84138666613082	-5.14743725301243
5:501783-502003	0.105864950665286	4.38850981536723	0.869501236541778	0.394576606585931	0.869155950333969	-5.34169602621931
6:498027-499623	0.105823360129612	6.96555272665746	1.29705870750956	0.208929340509161	0.795887428186386	-4.93750708937558
7:689237-689607	0.105784929085101	5.16634547273786	0.861979268578531	0.398607446164694	0.870673460757569	-5.3475176010819
1:501808-502022	-0.105763964659192	4.37738831833773	-0.941193507266219	0.357496427214377	0.851493059090313	-5.2838873000513
1:972615-973588	-0.105760062903766	6.15437393943893	-1.1872840526428	0.248606319757254	0.811050938216813	-5.05452383146455
12:480288-481001	-0.10574930622685	8.6419586187973	-1.13021280976457	0.271355369707407	0.827405613928307	-5.11185972723196
5:434369-435195	0.105639760142514	6.01864878796101	1.21269904888566	0.238948762060841	0.802351582133777	-5.02821182179514
15:167177-167959	-0.10563055564339	6.19746858089454	-1.26008402011647	0.221706238889237	0.801011482501697	-4.97789373232491
16:53238-54922	-0.105609222776369	9.26099641245478	-1.02194802980225	0.318640015789745	0.851493059090313	-5.21381514671028
8:507457-507662	0.10553720932486	4.56983798529366	1.20315629904306	0.242541126551169	0.8059495786511	-5.03814714917847
12:53899-54312	0.105388954111652	5.26026692097851	1.15856179918517	0.259870151597002	0.817726377288983	-5.08368398884817
20:29446-29956	0.105366238784116	4.73985177450427	0.841967728008115	0.409460233226162	0.874984542969067	-5.36277788623704
13:119719-119923	-0.105352409533336	4.0502707965954	-0.852057586160508	0.403964812568271	0.874345503411791	-5.35512502270264
5:164983-165382	0.10531781278024	5.00045680473824	1.15479780790397	0.261373961285019	0.818511769527216	-5.08745974805066
11:574647-574999	-0.105263375529965	5.19018746927339	-0.985902527176133	0.335602851735573	0.851493059090313	-5.24573350671874
5:706314-706683	-0.105209317271133	4.95496545188692	-0.943640032604068	0.356273914016514	0.851493059090313	-5.2818409511449
13:268361-268565	0.10515478740067	4.36024419646193	1.05818773962097	0.30220291351488	0.849978907148597	-5.18069593666819
15:386232-387058	0.105139563447741	5.89457934494355	0.958443646284701	0.348937088409668	0.851493059090313	-5.26935604866244
9:113256-113712	0.105100723524258	5.3410858524775	1.24371977060644	0.227549574850584	0.801399683716858	-4.99545505296587
19:99899-100367	0.105099929953832	5.79145092312719	1.02656774053559	0.316510323536576	0.851493059090313	-5.20965034134316
3:730359-730860	-0.105054305444219	5.68053926002852	-1.16127061853262	0.258791896486891	0.817726377288983	-5.08096013771009
9:556570-556935	0.105025304490563	4.81026078771313	0.999589930654194	0.32908935796586	0.851493059090313	-5.2337342552796
17:350144-350468	-0.104992219409983	4.99941082086412	-1.09772252896001	0.284972509465303	0.841383213962202	-5.14340347557993
12:286336-286904	-0.104880741588135	5.41562933015014	-1.2178919036401	0.237010923485179	0.801399683716858	-5.02277727684442
16:340845-341229	-0.104876980982534	5.41159218970025	-1.00533955209191	0.326379662636883	0.851493059090313	-5.22864951424
4:494483-495598	-0.104866720135403	8.59193329666022	-0.910722462885136	0.372959907884626	0.857696941145989	-5.30896884889236
1:1073470-1074348	-0.104699347197731	6.01916624407853	-1.20957908360916	0.240118811556497	0.803267414444603	-5.03146749568576
5:796430-796661	-0.104663935376177	4.41035417977575	-0.889045280926989	0.384227748734001	0.86135446731776	-5.32635258728172
2:144093-144366	0.104554961032493	4.89043840194844	0.98345327357749	0.336777734425808	0.851493059090313	-5.24786499064839
16:325035-326144	-0.104526469113289	8.81492812819936	-0.917244454845954	0.369613186338541	0.856079557271314	-5.30366371162692
4:845724-846127	-0.104506802832643	4.91896131063474	-1.02186798896037	0.318677003334776	0.851493059090313	-5.21388715820911
6:85817-86265	0.104374284097398	5.09667974083893	0.912603651053806	0.371992524444209	0.8570397621187	-5.30744219511675
5:201211-201751	0.104369064910786	5.3442938829081	1.05798705132536	0.302292241300615	0.849978907148597	-5.18088216220778
6:477306-477554	-0.104368164701785	4.54608095042359	-0.917117855596378	0.369677958655131	0.856079557271314	-5.3037670192166
14:437694-438646	0.104362958629003	6.81524583332116	1.12737725601319	0.272524405547128	0.827557150087478	-5.11464461310706
8:566168-567154	0.104329135308935	6.24478476562519	1.2722308765545	0.217443999214578	0.801011482501697	-4.96473370451177
8:164939-165658	0.104235916176722	5.57255110115618	1.11721872818158	0.276742909861856	0.834704356160152	-5.1245715997715
4:45962-46408	0.104176052715189	4.93500366889378	1.22113620158881	0.235806303128791	0.801399683716858	-5.01937196537425
14:219799-220187	-0.104118922185865	4.66720198079055	-1.0782779463146	0.293355948439159	0.844966231911068	-5.16189573603809
6:82972-83312	-0.104079335267146	4.98503078773387	-0.967673537880241	0.344415167412959	0.851493059090313	-5.26148287402776
11:333686-334009	0.104040224125334	5.00896271978859	0.993408121026178	0.3320201600837	0.851493059090313	-5.23917202170917
11:148813-149434	-0.104003354727914	7.9918354504072	-0.999837781033841	0.328972228377519	0.851493059090313	-5.23351560525686
4:650855-651083	0.103992314075533	4.33684629706736	0.892883924217512	0.382216262306572	0.86135446731776	-5.32330219323727
3:982334-983093	0.103950045451334	5.79181480374629	1.09378740190009	0.286654934152981	0.84138666613082	-5.14716929530493
5:513737-513947	0.103945132469407	4.19932447499305	0.948056338918265	0.354074287561888	0.851493059090313	-5.2781348142122
4:145237-146362	-0.103935051209795	8.6540407172611	-1.02378698181621	0.317791052089563	0.851493059090313	-5.2121592843967
8:32349-33394	-0.103922115588659	8.49678979240798	-0.902379740560863	0.377270219893985	0.858702603506883	-5.31570456489905
18:32921-33784	-0.103820072010509	6.20163024675178	-1.21697244661806	0.237353169449062	0.801399683716858	-5.02374096635373
7:396159-397000	0.103815846994912	6.20068977484214	1.22776613575163	0.233359058840525	0.801399683716858	-5.01238908572734
20:63931-65850	-0.103797763014557	9.23542675626507	-1.07619025266735	0.29426651242472	0.845402381009657	-5.16386389642161
19:128055-128411	-0.103659064463677	5.15693525242366	-0.95691847586615	0.349688184809214	0.851493059090313	-5.27065046146906
17:378912-379152	0.103613991379434	4.48776235880758	1.07908330450947	0.293005228380018	0.844966231911068	-5.1611355916378
3:281829-282067	0.103579169794755	4.77539458050351	1.07392861506758	0.295255237858047	0.845907023304233	-5.16599224834353
2:463854-464074	-0.103486899633639	4.64472110981069	-0.872001540654141	0.393242637671447	0.867926058292602	-5.33975061511385
6:72966-74161	-0.103459466861091	8.91143355503925	-1.09836231208205	0.284699655656778	0.841132447999826	-5.14279009835527
6:164454-164684	0.103437144263146	4.39384779117988	0.900478369732017	0.378257171600364	0.859017327010441	-5.31723175048261
7:646419-647006	0.103434182764376	5.65350086711467	1.08022411914317	0.292508940131648	0.844966231911068	-5.16005796851882
6:524676-525084	-0.103430314315977	5.22017337266966	-1.1230855992046	0.274300793031867	0.829712604526198	-5.11884800061277
7:194109-195492	0.10342195251441	6.65973563609875	1.23155675136078	0.231968579972693	0.801399683716858	-5.00838227928676
1:114913-115321	-0.103290247325889	5.31274176667994	-0.98019447951599	0.33834534531452	0.851493059090313	-5.25069358523139
9:129233-130122	-0.103205805634287	6.0245753016968	-1.20534422398698	0.241713899010067	0.804859346934706	-5.03587512665286
3:87834-88589	-0.103200331649689	5.94269602713121	-1.02675825386278	0.316422712503476	0.851493059090313	-5.20947822839105
3:435316-435682	-0.103168119368849	5.11521169728625	-1.14188749372196	0.266581024137166	0.824604375593859	-5.10032965500613
16:510439-510853	0.103133160324382	4.79574841964531	0.997389439961916	0.330130542693506	0.851493059090313	-5.23567336423063
4:804035-804264	-0.103122568123425	4.63611016365074	-1.17318822999705	0.254087589015058	0.816436502822255	-5.06891129916475
16:355934-356544	0.103037564177316	5.30208690838328	1.16667873922015	0.25664914085337	0.817726377288983	-5.07550560008467
12:182245-182651	0.10303084074997	5.19399848999466	1.12832123115394	0.272134815250068	0.827496897458766	-5.11371818137332
10:585264-585484	0.10299493807744	4.47543004409484	1.0238577546488	0.317758411210523	0.851493059090313	-5.21209550478243
3:668944-669613	-0.1029821660089	5.57856947779737	-0.886292278762066	0.385674624604538	0.86135446731776	-5.32853284569759
8:260537-260975	0.102965112255628	5.24976225695641	1.11605254092926	0.277230232313184	0.835611124467214	-5.12570619315317
1:468794-469796	-0.102961977460294	6.49419629956834	-1.20830540119498	0.240597712565048	0.80360666828322	-5.03279452612942
13:77196-77486	0.102859759035791	4.71433013443725	0.870473955482991	0.39405728993654	0.868867206776331	-5.3409397943401
14:379501-380150	0.102825255027437	5.72029736169791	1.02781205538881	0.3159384113789	0.851493059090313	-5.20852569215764
3:256440-256641	0.102691883698685	4.32798273224666	0.964402064227101	0.346013318226776	0.851493059090313	-5.26428127010863
8:230853-231125	0.10268003381905	4.68463192808204	0.937227047381526	0.359484462251008	0.851493059090313	-5.28719471621074
16:213347-213761	-0.102532763036839	5.31841707002112	-1.20787731406659	0.240758834264477	0.80360666828322	-5.03324027618787
9:346414-347099	-0.102528796977974	5.62998668079301	-1.11518776989183	0.277592005157735	0.836138502749677	-5.126546868493
17:167839-168139	0.10246954475003	4.85289765567661	0.96667484789057	0.344902501203688	0.851493059090313	-5.26233805426164
8:601610-602834	-0.102469509001959	6.5785161129223	-1.20066109049949	0.243487141682546	0.806388333911576	-5.04073396719679
7:84276-85850	0.102440199041157	8.95482318981222	0.916395919025733	0.370047469807526	0.856079557271314	-5.30435588561197
8:375510-375924	-0.102436716375826	5.2953822855489	-0.905066969143364	0.375878260461558	0.857696941145989	-5.3135411496978
15:391675-392027	-0.102413841667152	5.03125317615445	-1.14111886687615	0.266893432714858	0.824604375593859	-5.10109192269484
14:35944-36897	-0.102325653088453	6.53365786925767	-1.08035833615058	0.292450591627913	0.844966231911068	-5.15993112009981
10:137413-137771	-0.102311972737249	5.02649824415671	-1.04813446072975	0.306700911138401	0.851493059090313	-5.18998624068624
5:341689-342473	-0.10229592775625	5.8984753209065	-0.96820641944502	0.344155328742605	0.851493059090313	-5.26102624023736
9:375818-376561	0.102280338612826	5.67929342285893	0.89199105821904	0.382683512855566	0.86135446731776	-5.32401278873859
10:273100-273385	0.102118718557234	4.65220228010994	0.930339681827029	0.362954178042815	0.851744223535547	-5.29290754612389
1:600599-601649	-0.10209571783329	8.30087176637131	-1.03528477810793	0.312519129153402	0.851493059090313	-5.20174610240959
16:84135-84379	-0.101995580660144	4.43104680941975	-0.967236396246332	0.344628422644914	0.851493059090313	-5.26185729741762
8:616814-617561	-0.10196644677613	6.43344612748353	-1.16722634541647	0.256432912973261	0.817726377288983	-5.07495207630138
6:436351-436598	0.101902647361635	4.68670517883613	0.913641102909291	0.371459739920653	0.856596494531087	-5.30659903367524
18:155519-155885	0.101791906466479	5.05462029007264	1.00138990923807	0.328239380718938	0.851493059090313	-5.23214523501488
15:307105-308431	0.101768210057771	6.62072440539755	1.15174939426633	0.262596607194862	0.819081821466343	-5.09050991007551
2:421131-422136	-0.101750185212458	6.38774630270757	-1.03585736732844	0.312258214108659	0.851493059090313	-5.20122482098205
9:283466-283772	0.101536379366592	5.34270861986383	1.14429863278687	0.265602769471117	0.82403424782206	-5.09793557761061
7:495365-496113	-0.10153137666307	8.32806786729112	-0.781092824157726	0.443618997461603	0.888874834232216	-5.40715002321564
13:320089-320439	-0.101353587983061	4.8582508690982	-1.00978694208084	0.324294393645063	0.851493059090313	-5.22469850329119
17:14660-15026	0.101342079464094	4.82380095322261	1.02019576339113	0.319450443312975	0.851493059090313	-5.21539048235751
13:504811-505851	-0.101340075449665	9.06264230891193	-0.921684767875666	0.367346170664286	0.855929963505123	-5.3000320970522
20:100733-101182	0.10133793490709	4.8887236205741	1.00881999696652	0.324746975472133	0.851493059090313	-5.22555885434202
9:383744-383987	-0.101299612190762	4.78777629514478	-0.970404766506883	0.343084812566103	0.851493059090313	-5.25914004623594
5:322705-324124	-0.101241932102305	8.84581956739151	-0.976681724596985	0.340040748673251	0.851493059090313	-5.25373314413967
4:168916-169143	-0.101100880212558	4.40051400405406	-0.896147733212664	0.380511459320107	0.860939768650335	-5.32069911614216
10:412022-412338	-0.101018527535657	4.86671169635013	-0.969739592447055	0.343408487115903	0.851493059090313	-5.25971117669014
1:735132-735349	0.101017408169807	4.42919942556892	0.986946961091013	0.33510271007139	0.851493059090313	-5.24482312880105
20:16455-17663	-0.100963040628308	8.49406480592357	-0.70799564492731	0.486870280122159	0.900508832159827	-5.45630045437471
2:378961-379196	0.100951778522816	4.76576642985926	1.02066946582003	0.319231212042767	0.851493059090313	-5.21496484882947
9:572674-572982	0.100948325938361	4.62280556112032	0.807651963731083	0.428505135341082	0.88485749980392	-5.38817206705751
7:165905-166575	0.100863086265502	5.28523493235034	0.925372432829384	0.365470508716512	0.854809031760612	-5.29700390194322
2:682595-683018	0.100741085674475	5.31218580105944	1.17115738756999	0.254884688234495	0.81665273052083	-5.07097198962104
16:50501-50831	0.100689662230351	5.07708317227951	0.959836179268318	0.348252273383185	0.851493059090313	-5.26817257655806
4:286606-287443	0.100660332143733	6.13147870797487	1.14008327065206	0.267314778593988	0.824604375593859	-5.10211824716226
16:446227-446622	-0.100646481519695	5.21269873094244	-0.909258386324133	0.373713952584359	0.857696941145989	-5.31015500934067
5:468409-468618	-0.10057483426007	4.34240497975365	-1.04638715825357	0.307487517763553	0.851493059090313	-5.19159291451827
1:592775-593598	0.100546465179677	5.99652078865497	1.06557528771695	0.298927784730672	0.847347327993234	-5.17381904462256
11:108328-108649	0.100541722929515	4.65348505224101	0.982229588311723	0.337365787144665	0.851493059090313	-5.24892812588193
2:889840-890334	0.100493166898015	5.17986680164464	1.09086716747773	0.287908099773394	0.84138666613082	-5.14995621696267
9:339173-339667	0.100432330232226	5.53209871004789	1.22129153859572	0.235748742793162	0.801399683716858	-5.01920872604871
2:718729-719250	0.100320734042892	5.67833319162754	1.0797406382848	0.292719194598042	0.844966231911068	-5.16051479100965
20:85173-85516	0.100276409968607	4.83901942939486	1.02649074455868	0.316545736393023	0.851493059090313	-5.20971989272932
8:542719-543125	0.100248732349638	5.23146961907191	0.901147584335832	0.377909605262221	0.859017327010441	-5.31669457199898
1:447589-447983	-0.10024281360144	4.71967339142627	-0.97949207755661	0.338683887052453	0.851493059090313	-5.25130215433798
12:531778-532481	0.100241124872657	5.82297081530209	0.958085162999259	0.34911353066297	0.851493059090313	-5.26966046127558
1:902975-903628	-0.100094332382096	5.56839991550711	-1.17429610160598	0.253653539002963	0.816436502822255	-5.06778585043223
20:43392-45456	-0.0999212811802579	8.97781893576687	-0.852747639024033	0.40359071601006	0.874030654163553	-5.35459855863062
18:247058-249399	-0.0997602796186978	9.5749479718904	-0.940875558726408	0.357655512116251	0.851493059090313	-5.28415288782611
11:29866-30067	0.0997282662626837	4.21222673399857	0.865835827952459	0.396537492398874	0.870072803900924	-5.34453866763943
11:303901-304717	-0.0996299263833675	5.73610296890892	-1.10283483176704	0.282797522650031	0.839671075504422	-5.13849342990049
10:188872-189378	-0.0995367996870282	5.51670129756648	-0.994463033158016	0.33151874712287	0.851493059090313	-5.23824622145632
7:426931-427147	0.0995094385630582	4.34129315109377	0.961859817904262	0.347258731848011	0.851493059090313	-5.26644997679159
16:145861-146693	-0.0993671638364759	6.31634813282569	-1.06235517400311	0.300352220726473	0.84874722117796	-5.17682177159043
9:401335-401602	-0.0993276962129137	4.77316939388813	-0.880819189407791	0.388561679752515	0.863843437537194	-5.33284884928851
2:963042-963471	0.0992654035791318	5.37261743324423	0.929346176101841	0.363456538640057	0.851744223535547	-5.29372846063078
7:447633-448224	-0.0990897039043652	5.49890253282737	-0.839084216915104	0.411039468905062	0.874984542969067	-5.36494944158605
1:303586-303862	0.0990359711630964	4.55198086239266	1.01431252883375	0.322182043069822	0.851493059090313	-5.22066200933347
7:622867-624161	-0.0990147313995138	9.19406716410737	-0.895680135685019	0.38075539374255	0.860939768650335	-5.32107258653676
3:354643-355736	-0.0990031479359406	6.57981441457823	-1.09352940679202	0.286765488534824	0.84138666613082	-5.14741577588677
15:148280-148890	0.0989581627710621	6.28450804005156	0.945969948619681	0.355112303816062	0.851493059090313	-5.27988765626706
3:665209-665553	-0.0989549040865345	5.02108300172528	-1.04932946552679	0.30616376482411	0.851493059090313	-5.18888604475646
18:106189-106552	-0.0988388946078613	4.81144174149111	-0.894752094831893	0.381239835858479	0.860939768650335	-5.32181328415042
1:144238-145422	-0.0987667547906863	6.46062134267946	-1.15959314085768	0.259459229271861	0.817726377288983	-5.08264757121527
12:168208-168491	0.0987384653528887	4.80111051203084	1.11756447597303	0.276598550497905	0.834704356160152	-5.12423502017002
9:71999-73191	-0.0986574094199355	9.08537127898314	-0.857432495350075	0.401056821929693	0.872120861985102	-5.35101391920309
2:441112-441836	0.0985630478760928	5.9947888397019	1.20027253405539	0.243634706351085	0.806388333911576	-5.04113637664148
2:687842-688123	0.098539517316099	4.62250543971914	0.983438932776161	0.336784621921979	0.851493059090313	-5.24787745680564
9:522670-523362	0.0984949476370316	7.84505996650126	0.935877801633706	0.360162416956632	0.851493059090313	-5.28831688606631
17:383249-383466	0.0984516801755682	4.22046011542339	0.867704584508941	0.395536974346255	0.8699869764982	-5.34309076978248
16:182327-183161	0.0984319897500159	6.17814391858752	1.13910112214915	0.267714832165809	0.824758026534025	-5.10309085564452
1:749460-749894	0.0983925265379435	5.33538779838882	0.956222303956195	0.35003139271077	0.851493059090313	-5.27124068271928
3:871040-871813	-0.0982872321916943	6.13486487359448	-0.905004671284517	0.375910491569316	0.857696941145989	-5.313591370658
11:533859-534100	0.09827004201951	4.46596073359787	1.03305541660159	0.313536464325594	0.851493059090313	-5.20377325524386
1:113031-113784	0.0982674327724089	6.11904140700843	1.0258420248559	0.316844213726278	0.851493059090313	-5.21030570434143
7:714695-715019	-0.0981361199341384	4.93246884088019	-0.9859503725034	0.335579929061292	0.851493059090313	-5.24569182141965
2:130218-130490	-0.0981017966280247	4.90006536688748	-1.0112369248736	0.323616551453957	0.851493059090313	-5.22340698170181
12:117741-117999	-0.0980245339285633	4.75741320593966	-1.01810193993641	0.320420739836381	0.851493059090313	-5.21726972214313
13:509579-509958	0.0980062398688739	5.01537527935881	1.03715586718998	0.311667090445984	0.851493059090313	-5.20004172551536
8:429340-429665	0.0979886261419844	4.90439655789052	0.976728814699292	0.340017982396846	0.851493059090313	-5.25369246247201
3:330139-330899	-0.0979289185452474	5.82848024956757	-1.08827892815812	0.289022108886472	0.841499144339063	-5.15242083049437
7:731011-731385	0.0978945961572828	4.89002937455283	1.05750433719734	0.302507178045897	0.849978907148597	-5.18132996115934
16:332645-333064	0.0978518595734172	5.29529258397847	1.18174028490905	0.250751373622823	0.811663524583236	-5.06019989514854
15:10631-11062	0.0977848851411069	5.15432064244986	0.98613394751872	0.335491988402416	0.851493059090313	-5.24553186458324
7:1839-2735	-0.0977671341440125	6.42553448860997	-1.09563531944337	0.285863980103828	0.84138666613082	-5.14540236075855
17:99620-99827	0.0977644419936867	4.16699357374612	0.851269622212105	0.404392261921083	0.874637177391045	-5.35572570471139
7:23126-23496	0.0976691722207477	5.28224028027335	0.986921297132989	0.335114993430827	0.851493059090313	-5.2448455091071
3:538597-540171	-0.0976499806263185	9.56062772369014	-0.876034605022558	0.39109709813943	0.865324078730642	-5.33660177427633
5:716042-716279	0.0975263236238435	4.4826742731689	0.924882693748858	0.365719234991415	0.854809031760612	-5.29740669480819
4:191366-192254	-0.0974159045118537	6.11487526958432	-1.07661282102942	0.294082041824627	0.845402381009657	-5.16346579392849
10:109259-109659	0.0973320313103274	5.18443171119283	0.988953188800657	0.334143447340987	0.851493059090313	-5.24307197475071
2:942673-944094	0.0973161312688866	6.37539047504161	1.12460272317559	0.273671862018207	0.829353591329379	-5.11736367535758
7:728807-729171	-0.0973031761374994	4.88972655705565	-0.938752790767795	0.358718860925121	0.851493059090313	-5.28592398311871
9:392326-392776	0.0972812493497086	5.45877390599115	1.05010963608191	0.30581344511162	0.851256828556973	-5.18816717134402
1:472077-472658	-0.0972468441912637	5.61904777253443	-1.07527317939084	0.294667143822578	0.845907023304233	-5.16472739922292
10:140765-142135	-0.0972176442930577	6.943193643275	-1.03089564214092	0.314524274557846	0.851493059090313	-5.20573342315437
2:310016-310434	0.097114280145866	5.92454130135927	0.850508880731109	0.404805219448254	0.874895298044609	-5.35630514708569
7:439045-439901	0.0970440903155261	6.07295836791061	1.12297559355478	0.274346437600262	0.829712604526198	-5.11895556018703
8:195515-196651	0.0970378093019546	6.42268673817183	1.04070339229546	0.310056171002061	0.851493059090313	-5.19680277074869
4:884405-884639	-0.0970066033236838	4.26164239039624	-0.714888219002046	0.482689905716095	0.899160656200959	-5.45186038747799
14:79711-80465	-0.0970056253639644	5.80185302563274	-1.03000742819272	0.314931151635455	0.851493059090313	-5.20653848824045
5:83633-83883	-0.0969718123405316	4.23981001290143	-0.940626498312866	0.357780162407917	0.851493059090313	-5.28436087527106
9:48308-48775	0.0969660978805624	5.4035484866707	1.02577074251153	0.316877022973103	0.851493059090313	-5.21037005411405
3:580512-580742	0.0969506852074495	4.34395532349581	0.93076647442127	0.362738516163434	0.851744223535547	-5.2925546505754
10:111640-111944	-0.0969337486544566	5.00257558287017	-0.97022477561093	0.343172375699184	0.851493059090313	-5.25929462454773
2:777974-778401	-0.0969334439992808	5.23162488788722	-1.12638820147396	0.272933040183894	0.828236127364819	-5.11561456260846
5:515148-515426	-0.0969012787277483	4.74460065575703	-1.04234476657167	0.309312829660509	0.851493059090313	-5.1953008411846
13:420577-420989	0.0967030215909581	5.12761148355356	0.944554018283485	0.355817928145103	0.851493059090313	-5.28107522839011
11:396804-397145	0.0966981999141012	4.952557800243	1.06593155144252	0.298770487378325	0.847347327993234	-5.17348633863339
4:582910-583876	-0.096679890449396	6.20162464487148	-1.17468912598773	0.253499690334353	0.816436502822255	-5.06738637098369
17:70094-71257	-0.0966307667960784	9.12056006968928	-0.95069407392411	0.352764917170791	0.851493059090313	-5.27591375916548
5:428876-429662	-0.0964851598549394	8.57345967377525	-0.794355108957806	0.43603135352404	0.887690338090762	-5.39774745745375
16:296461-296748	-0.0964176551741458	4.39215484214874	-0.738690183517385	0.46841608863672	0.897258997844768	-5.43621517423137
6:757476-758489	-0.0964062421386132	6.3864839042962	-1.07068987371404	0.296675283767078	0.846050867144908	-5.16903324474549
9:527777-528002	-0.0963469640888182	4.26255334497447	-0.922319388172995	0.367022924730451	0.855622193277864	-5.29951175181188
15:188468-188854	-0.0963320560143561	5.1575551094997	-0.813421586580112	0.42526483686486	0.884519242475424	-5.38397114916808
5:508159-508924	0.0962985964751546	5.8413913288601	1.06698054365227	0.29830768157459	0.846686862858506	-5.17250614004201
14:136300-137583	0.0962542766681311	6.5878022056408	1.17365032940138	0.253906476906406	0.816436502822255	-5.06844197928506
3:115334-116253	-0.0962323195898662	5.81410106380241	-0.951489953610873	0.352370489761271	0.851493059090313	-5.27524250537027
17:13367-14141	0.0961522972577891	5.61789343163022	0.951714444852586	0.352259289105276	0.851493059090313	-5.27505307492812
1:816338-817153	0.0961367570872698	5.85192139262083	0.80267813408137	0.431310852834187	0.88485749980392	-5.39177119707537
2:776778-777135	0.0961198332900253	5.22146677596731	1.02796900357343	0.315866326614921	0.851493059090313	-5.2083837514436
5:519100-519725	0.0960997401561992	5.73006059054257	0.888687338677152	0.384415667945474	0.86135446731776	-5.32663641300952
4:773754-774233	0.0960558847008119	5.28501229025167	1.06247730974121	0.300298104763375	0.84874722117796	-5.17670802766306
4:181680-182621	0.096021093116704	6.14376213221788	0.987515037326279	0.334830895502106	0.851493059090313	-5.24432760278977
15:350321-350797	0.0960084819080445	5.39390720970034	0.94182585564361	0.357180175219826	0.851493059090313	-5.28335884662914
3:899930-900499	0.0959589027810104	5.44997680824479	1.02745043738151	0.316104543138112	0.851493059090313	-5.20885265854124
7:265477-266120	-0.0959250961056215	5.57627915036926	-1.13385320687951	0.269859928751229	0.826456374027855	-5.10827546408726
12:420283-420631	0.0959007065942625	5.02649478269873	0.992064273063883	0.332659669785877	0.851493059090313	-5.24035011655856
10:211344-211712	0.0958942128230884	5.02535496307658	1.15535608328454	0.261150508923064	0.818511769527216	-5.08690039761775
3:52073-54055	0.0958778652981724	7.47063732378435	1.09270734616107	0.287117958795232	0.84138666613082	-5.14820080699883
18:71321-71683	-0.0957857709852332	5.01339186432419	-1.01535671978725	0.321696031285025	0.851493059090313	-5.21972837599756
3:228870-229141	0.0956753907190375	4.87720820237783	0.982628408423979	0.337174052819636	0.851493059090313	-5.24858176266087
12:451181-452672	-0.0956740658892681	8.6950980203812	-0.728987356999545	0.474204294590704	0.898248575839062	-5.44265132325473
17:280351-280715	0.0956553896992629	4.72754762170138	0.865321925102209	0.396812919466838	0.870072803900924	-5.34493633112279
9:210833-211581	-0.0956477721857931	6.04124101713152	-1.03555048154562	0.312398035355113	0.851493059090313	-5.20150423964513
7:149696-149977	0.0955757598720446	4.73282403113263	0.974865590588425	0.340919581162333	0.851493059090313	-5.25530077368433
1:197421-197778	-0.0955236828016188	4.60721843863827	-0.962744991378707	0.346824749603159	0.851493059090313	-5.26569545158576
16:173976-174337	-0.0954196889588443	5.1232081654779	-0.894791514111742	0.381219250530616	0.860939768650335	-5.3217818367366
2:1049758-1050835	-0.0951633352026899	9.52298487956485	-0.758138765692806	0.456941411841373	0.893703229955274	-5.42307316983628
2:1035960-1036345	-0.0949393913275705	5.15733107619363	-0.974345734549318	0.341171428344313	0.851493059090313	-5.25574901276514
5:718360-719775	0.0949361509433766	6.45330906660296	0.938963601595743	0.358613164995149	0.851493059090313	-5.28574825921137
14:121720-121990	0.0949316737721855	4.75255506709222	0.849029494498283	0.405609058039294	0.874944423282028	-5.35743059630369
4:133555-134143	-0.0949083256351742	5.74765689373777	-0.886999992156142	0.385302335708823	0.86135446731776	-5.32797296005305
1:289988-290225	-0.094903027128761	4.67136747119921	-0.951075982875725	0.352575610738228	0.851493059090313	-5.27559171642185
9:101092-101847	-0.094790703483655	5.68250278756688	-1.08328020099636	0.291182442059585	0.843580977772623	-5.15716623021425
8:187882-188431	-0.094742576125312	5.83006224796642	-1.01595681781014	0.32141695233142	0.851493059090313	-5.21919142716089
15:218883-219332	0.0946494702581058	5.1819267048059	0.944434123169848	0.355877721074443	0.851493059090313	-5.28117571295459
2:58138-58417	-0.0946337169448093	5.0429970130445	-0.936167097537484	0.360016982054229	0.851493059090313	-5.28807640195388
12:498136-498356	0.0946074075796872	4.48324463237677	1.06771659347838	0.297983250217576	0.846513274392009	-5.17181785258848
4:654751-655606	0.0945989162257481	6.10568871185017	1.03802925276698	0.31126993999678	0.851493059090313	-5.19924522090424
10:503428-504629	-0.0945642356780212	6.63036857664585	-1.13364277593236	0.269946206172637	0.826456374027855	-5.10848292299026
1:366108-366595	0.094554523270534	5.55738353841454	0.982747383706096	0.337116869560121	0.851493059090313	-5.24847841171302
6:288104-289078	-0.0944857170412217	6.23009029218852	-1.08041155141685	0.292427459542948	0.844966231911068	-5.15988082254079
4:694429-694724	-0.0943418940124907	4.79551602088627	-0.881448833426128	0.388228824591428	0.863674065045344	-5.33235357098262
10:132311-132830	0.0943191864248991	5.45664455665985	0.855617010306984	0.402037541877629	0.872283101039393	-5.3524051984541
4:573394-573648	-0.0942045349913245	4.62037129337441	-0.968542965790018	0.343991294448424	0.851493059090313	-5.26073773194814
1:975499-976771	-0.0940560307384324	8.25573489743226	-0.6499048246381	0.522924920901272	0.91744885811909	-5.49209622172152
12:257814-258483	-0.094019883898409	5.67323453183101	-0.893976340634135	0.381645095225052	0.860939768650335	-5.32243189709931
4:637065-637509	0.0939596823283111	5.13547703499649	1.0581416413863	0.302223430497651	0.849978907148597	-5.18073871556336
1:610697-611014	0.0939590710528861	4.83363367268035	0.936853159150451	0.359672243350882	0.851493059090313	-5.2875058268206
14:81783-83659	-0.0937773630012328	7.12712383435243	-1.02601800474027	0.316763225410758	0.851493059090313	-5.21014682233002
7:92728-93227	0.0937641722318201	5.37928890017438	1.03594148634844	0.312219896097967	0.851493059090313	-5.20114821798576
8:331532-332919	-0.0937212620380592	8.87838930744594	-0.691813644569944	0.496766833479632	0.906822327346996	-5.46656433838571
4:552680-553428	-0.0936862807293135	5.8634780146144	-1.04296717055188	0.309031287925937	0.851493059090313	-5.19473076448237
10:512789-513204	0.0936613732316287	5.21054262968218	1.02735653491236	0.316147693158225	0.851493059090313	-5.20893754614602
7:505911-506447	-0.0936236877373702	5.56305934428278	-1.04652907015326	0.307423577909396	0.851493059090313	-5.19146251289001
5:810512-810952	-0.0935963113146165	5.32182322344243	-0.954503890789948	0.350879540648192	0.851493059090313	-5.27269590532744
6:202868-203146	-0.0935709504801343	5.0920640914563	-0.843654905109314	0.408538003250932	0.874984542969067	-5.36150408457662
7:566100-567112	0.0934593301529825	6.5680607514852	1.07397341446521	0.295235629626922	0.845907023304233	-5.16595012743534
12:439009-439370	-0.093390384464298	5.34835120883858	-0.842629811833693	0.409098172308061	0.874984542969067	-5.36227830104595
13:492567-492818	0.093328855156015	4.65381683045112	0.832366764493443	0.414733507931168	0.874984542969067	-5.36998153882759
7:504184-504832	-0.0933147534466201	5.77143445757171	-0.805218646122552	0.429876333027113	0.88485749980392	-5.38993543738344
15:197708-198708	0.0933040735709794	6.21256628454805	1.08678338494438	0.289667228701537	0.841499144339063	-5.15384259517815
4:73625-73850	-0.0932847136521264	4.45260191087258	-0.707448980224582	0.487202731658522	0.900553667634487	-5.45665086217325
9:230713-231613	-0.0932279296341649	5.99016633751544	-0.989578686959466	0.333844759307145	0.851493059090313	-5.24252534935181
9:476357-476647	-0.093168126961011	4.55959119996911	-0.769782327806251	0.450153572016416	0.893239960253339	-5.41505172856987
1:34152-35250	-0.0931544201747414	8.56575733328152	-0.778639210454489	0.445031597234555	0.889268495188334	-5.40887332773628
14:354228-355102	-0.0930901695322692	8.61032942968597	-0.650097830216155	0.522802732735783	0.91744885811909	-5.49198212501979
11:449371-449653	-0.0930265315822654	4.57871068714769	-0.962673721156813	0.346859678188033	0.851493059090313	-5.26575622581588
1:848776-849164	0.0929217131630873	5.26466170776814	0.885676989488559	0.385998486003672	0.86135446731776	-5.32901927942089
4:528263-529203	-0.0928666500538258	6.17666856810687	-1.08845690941843	0.288945403891178	0.841499144339063	-5.15225151506827
1:364343-364686	-0.092860787217484	5.10754539427397	-1.07349414372665	0.295445450049265	0.845907023304233	-5.16640066292844
20:134468-134678	-0.0928384072250816	4.15768286079937	-0.847412920721902	0.406488609050762	0.874944423282028	-5.35865833991175
1:70493-71293	-0.0927620277747936	5.76412406757035	-0.934312040718038	0.360950243943905	0.851493059090313	-5.28961728953868
6:243503-244422	0.0927314395770065	6.34976721246243	1.03352008162013	0.313324228645301	0.851493059090313	-5.20335105729716
14:107876-109087	0.0926118266737692	6.35072942577469	1.05500947982747	0.303619796209932	0.85015879995347	-5.1836414793923
8:644183-644324	-0.0925590744844662	3.55400885366966	-0.813851256526669	0.425024144645018	0.884429600851279	-5.38365718868835
4:276318-276764	0.0925194802802052	5.39788244903482	1.07793966324981	0.2935033552609	0.844966231911068	-5.16221487841648
5:675318-675840	-0.0924725592152322	5.46947887200345	-1.02321148100845	0.318056564329226	0.851493059090313	-5.21267777270507
4:4737-5141	-0.0924454418894527	5.23372361030935	-1.01711840797165	0.3208772308597	0.851493059090313	-5.21815126750581
1:826663-827207	-0.0924167387105301	5.55913172596569	-1.09087636127863	0.287904148202529	0.84138666613082	-5.14994745313487
3:984273-985013	0.0922625397994583	5.76525086052542	1.03954202893897	0.310582890991605	0.851493059090313	-5.19786419879874
18:194947-195768	-0.0922142171878146	8.92469783748402	-0.713514142279132	0.483521613984021	0.899160656200959	-5.45274879102779
14:304734-305286	0.0921590317616081	5.41605748766462	1.06233548113701	0.300360946904801	0.84874722117796	-5.17684011029945
10:68367-68891	0.0921098362271771	5.54434445965498	0.995287876070275	0.331127055389754	0.851493059090313	-5.23752171747569
11:205835-207559	-0.0920734951117161	9.61756320453923	-0.78266518478979	0.442715202484711	0.888874834232216	-5.40604300221495
9:615404-615592	0.092054686826208	4.10063091296583	0.740337492947573	0.467437575398031	0.897023137706027	-5.4351145023289
1:1013122-1013550	-0.0918832277539119	5.21730410824651	-1.03207230772629	0.313985834007083	0.851493059090313	-5.20466595795354
18:294894-295539	-0.0918251340640452	7.68247772681423	-0.900459426149928	0.378267013301515	0.859017327010441	-5.31724695117626
14:818-1287	0.0917930879927491	5.74708808754644	0.982874575417169	0.337055744632484	0.851493059090313	-5.24836791089647
2:98392-100111	-0.0917139444316852	9.04697642228162	-0.890572686399365	0.383426541413954	0.86135446731776	-5.32514027218739
1:248747-249104	0.0916038488519755	5.04148326649541	0.941079495735866	0.357553467147537	0.851493059090313	-5.28398254517511
13:511435-511773	-0.0915375090652271	4.82460519982402	-1.02421267651932	0.317594754585386	0.851493059090313	-5.21177559421283
1:194046-194247	-0.0915285653110098	4.26267816826972	-0.807921198037268	0.428353587313564	0.88485749980392	-5.3879766544452
15:479895-480631	-0.0915278108625337	5.91646931498001	-0.973564962432569	0.341549918082401	0.851493059090313	-5.25642181825866
4:722477-724001	-0.0914650130909127	9.59992535013392	-0.6575111767602	0.518121428106292	0.915795621117662	-5.48757518771107
18:208724-209224	-0.0914550724672791	5.60317269222037	-1.00142370169259	0.328223438045372	0.851493059090313	-5.23211537854259
11:564182-565112	0.0913584866680024	6.26792266834008	0.991911603027705	0.332732376332338	0.851493059090313	-5.24048386533439
2:564555-564972	-0.0913372371223469	5.42363026857088	-1.05432711198919	0.303924616115277	0.85015879995347	-5.18427286022765
12:425729-427051	-0.0912561669766205	9.05159893234045	-0.820585997282432	0.421262660845548	0.881075927546229	-5.37871595305741
16:24584-25019	-0.0912212832396149	5.38029898456553	-0.838732193551163	0.411232530091325	0.874984542969067	-5.36521407570765
5:373113-373904	0.0911483786374987	5.99388916610074	1.09119868304888	0.287765636499395	0.84138666613082	-5.1496401646298
1:490503-490831	0.0911041687259999	5.08085593631092	0.832160452952264	0.414847294861497	0.874984542969067	-5.37013549485387
18:29716-29948	-0.0910987680291662	4.55798552196648	-0.957460575481737	0.349421092378192	0.851493059090313	-5.27019059497313
8:527643-528830	-0.090992572400161	7.37911247737318	-0.748176985254197	0.462797572019006	0.895582331326014	-5.42984479966752
3:457106-457311	-0.0909481993526624	4.22606363287489	-0.804208532209395	0.430446344951578	0.88485749980392	-5.39066598761828
16:141204-141446	0.0909270142838228	4.47971929491587	0.788534980321602	0.43935124114011	0.888872275365647	-5.40189197638218
7:293327-294486	-0.0909235245666586	8.65977021971304	-0.89050746415933	0.383460731555981	0.86135446731776	-5.32519207867074
5:514496-514814	-0.0908571258259396	4.74222219187141	-0.969794329714497	0.343381843983593	0.851493059090313	-5.25966419163056
18:69763-69991	0.0907861015379483	4.43795940446343	0.795034358472796	0.435644914023705	0.887549674633638	-5.3972619083594
12:95894-96655	-0.0907661476926398	5.7925271416948	-1.01003490535226	0.324178404717586	0.851493059090313	-5.22447775617635
16:113390-113812	-0.0907373420584836	5.13854064442727	-0.960519490146548	0.347916572905787	0.851493059090313	-5.26759128268881
12:76627-77188	-0.0907142794359208	5.62422593975303	-0.998587574112373	0.329563349506204	0.851493059090313	-5.2346180238601
14:320907-322085	0.0906179464139347	6.47337541424498	1.09013501713783	0.288222910125575	0.841499144339063	-5.15065391806625
20:58595-58977	0.0905908763878749	4.57776136662136	0.871006355099103	0.393773239852878	0.868668813002209	-5.34052555517086
12:99002-99273	-0.0905698015753105	4.40781216351223	-0.770708555604111	0.449616255747838	0.893239960253339	-5.41440871055317
1:312360-312580	-0.0905245230981278	4.3826168777102	-0.800329661108915	0.432639584560745	0.885862205166466	-5.39346337881954
1:213494-213767	-0.0905242939482456	4.8348443979601	-0.815298007752728	0.424214333115197	0.884389080122786	-5.38259891113135
3:346042-346818	-0.0904919106644897	5.92380259607697	-0.964461063270508	0.345984451684835	0.851493059090313	-5.26423087854277
13:116425-117703	0.0904915442926937	6.71373970985593	0.920761673927306	0.36781669158715	0.856079557271314	-5.30078838803647
14:281532-281914	0.0904909923715023	5.30146488214727	1.00104205650431	0.328403522752147	0.851493059090313	-5.23245251904022
2:531952-532179	-0.0904840204800896	4.41794901340013	-0.855929651110229	0.401868544140776	0.872283101039393	-5.35216580331097
13:248711-249036	-0.090481887605617	4.83575182064914	-0.914179742377762	0.371183321636055	0.856400282290196	-5.30616092376644
5:809052-809246	0.0902381366837597	4.11525130276002	0.779299472642907	0.444651198962879	0.889268495188334	-5.40841008933512
9:498332-498702	-0.090185418987482	5.16135529644542	-0.872989647149068	0.392716270283497	0.867757614594478	-5.33898038146898
10:148309-149592	-0.0901514111272244	7.59810383251095	-0.887345016417679	0.385120923071552	0.86135446731776	-5.32769985598891
3:762107-763244	-0.0901150618789561	8.18916649998148	-0.730913981741583	0.473051620629421	0.898248575839062	-5.44137972899416
16:98812-99177	0.0900606366584027	4.81414577503003	1.02376813667494	0.317799743986028	0.851493059090313	-5.21217626674541
1:957679-958403	-0.090045112639566	5.61154912831014	-0.908594491344153	0.374056212723364	0.857696941145989	-5.31069230669252
10:431082-431457	-0.0899464467278772	5.17600531524004	-0.877726457795232	0.39019933084879	0.865100134892166	-5.33527686957635
13:424992-425259	0.0898969410308093	4.5284786413749	0.952304494729549	0.351967124511156	0.851493059090313	-5.27455498534401
5:538425-539577	0.0898729082118326	7.07452618979561	0.947468668543913	0.354366455536752	0.851493059090313	-5.27862888885834
4:63395-63626	0.0898233090375369	4.2902242203403	0.867963208238789	0.395398638323853	0.8699869764982	-5.34289016356714
2:485474-485682	-0.0897597587703149	4.64158254127273	-0.860833618816456	0.399223701627312	0.870673460757569	-5.34840017571969
15:184416-185837	0.0896372770812457	6.72363388740411	1.02187953502814	0.318671667613572	0.851493059090313	-5.2138767707024
11:285946-286231	-0.0895137796148715	4.63151210373494	-1.01396958683706	0.322341775356167	0.851493059090313	-5.2209684537601
18:75623-76185	0.0894644714782125	5.55793906790384	0.846865073506143	0.406786960828682	0.874953597630553	-5.3590739239237
2:1063830-1064680	-0.0894023344885913	8.64985909621938	-0.788618250231844	0.439303633063193	0.888872275365647	-5.40183288062799
15:237454-238442	-0.0893118656826859	6.44740115423994	-1.05475662789803	0.303732722010288	0.85015879995347	-5.18387548023813
18:276981-279633	-0.0892374457223699	9.81169870587111	-0.719293358009216	0.480029176364396	0.898248575839062	-5.44900136440282
5:825860-826229	-0.0892157969453216	5.10005784749189	-0.935419948103658	0.360392670135349	0.851493059090313	-5.28869734963533
3:1072-1834	0.0892007742687371	5.97051087427371	1.03497477360524	0.312660455042123	0.851493059090313	-5.20202822146435
2:122397-122713	-0.089194461209023	4.98955557720693	-0.730871942614849	0.473076754395141	0.898248575839062	-5.44140750910006
3:262943-263315	-0.0891879599057299	4.92763173789108	-0.715802706922075	0.482136842735725	0.898810707240777	-5.45126823292828
17:242425-243682	-0.0891400403068374	9.44228298405305	-0.857198034370027	0.401183390265265	0.872120861985102	-5.35119374919421
1:517190-518185	0.0891265415766025	6.37809244826186	0.982627240310758	0.337174614284754	0.851493059090313	-5.24858277731672
3:599105-599968	-0.0890604570423639	6.34866504814552	-0.951727479504066	0.352252833186307	0.851493059090313	-5.2750420747707
6:33080-34077	0.0890375577944207	6.08439256782422	0.848701318819201	0.405787514137443	0.874944423282028	-5.35768001180683
4:265721-266083	-0.0890109384464655	5.3881921965359	-0.933333815574897	0.361443035757602	0.851493059090313	-5.29042872496065
1:396107-396966	0.0889929253938702	6.11800048418889	0.964978533131598	0.345731339112743	0.851493059090313	-5.26378878394774
18:85187-85334	-0.0889856699203322	3.6033313797735	-0.784320957348619	0.441764685704029	0.888874834232216	-5.40487500352297
11:173430-174597	0.088953595487645	6.52627067790877	1.07709190152959	0.293873001811999	0.845357041202124	-5.1630142846996
2:569693-570048	-0.0889338073377708	5.06576345413354	-0.982559855569978	0.337207004516366	0.851493059090313	-5.24864130775154
7:333562-333931	-0.0889259301346064	5.0864330718008	-0.918959033807108	0.368736697868474	0.856079557271314	-5.30226329873832
1:41543-41991	0.0889193124077314	5.09819351111585	0.953660387536152	0.351296375561566	0.851493059090313	-5.27340935116026
3:318386-318701	-0.0889156703795049	4.96954383602482	-0.872872631949063	0.392778580689994	0.867757614594478	-5.33907163728005
11:452931-453237	-0.0888634527566889	4.91774033475159	-0.757553659043472	0.457284134054596	0.893703229955274	-5.42347322972893
12:14382-14854	0.0888517555225192	5.21348635364905	0.995537611198391	0.331008527519673	0.851493059090313	-5.23730225531852
10:101481-103131	0.0887843415161882	6.70014152388538	0.922924113589894	0.366715083067536	0.855622193277864	-5.29901561456741
9:296597-296990	-0.0886604325674902	4.9118193620511	-0.904987735548958	0.375919253945172	0.857696941145989	-5.31360502272986
8:231554-231894	0.0886002256600262	5.11923970714218	0.906457800144744	0.375159161969778	0.857696941145989	-5.31241911829849
13:362721-363102	0.0885427231620683	4.91382208803386	0.966785429837228	0.344848516950449	0.851493059090313	-5.26224340198295
5:234334-234542	0.0885029569072437	4.1206457874604	0.918905048971397	0.36876427358988	0.856079557271314	-5.30230742819094
3:398691-399292	-0.0883851575392507	5.81399236307027	-0.880078753068408	0.388953342914811	0.863997599447492	-5.33343086070993
9:273316-273538	0.0883731900086389	3.70711972223052	0.730517636040689	0.473288613614188	0.898248575839062	-5.44164158046098
14:392885-393107	0.0883619691313093	4.13481105948915	0.723293986008437	0.477620233039554	0.898248575839062	-5.44639049134381
3:652319-653125	-0.0883538060114457	6.13333243344075	-1.0505729419525	0.305605542170251	0.85120747153332	-5.18774004274423
2:451130-451396	-0.0883122948366486	4.70833031707255	-0.938712115398515	0.358739257084868	0.851493059090313	-5.28595788443777
10:73804-73925	0.0882517315215456	3.85660977235635	0.629008428060171	0.536246656200621	0.924624517185608	-5.5042575721381
8:416150-416834	0.0882434741377986	6.0020221738509	0.861806161899582	0.398700522351205	0.870673460757569	-5.3476510267822
4:527619-527848	0.0882108181767727	4.44439447591799	0.847549771807151	0.406414103303406	0.874944423282028	-5.35855448909421
13:215645-216044	0.0881818345137182	6.6086869149397	1.05920612076965	0.301749915548126	0.849978907148597	-5.17975046427938
1:830415-830916	0.0881756606747981	5.26037943529714	0.915967804832954	0.370266709261244	0.856079557271314	-5.30470488822145
16:460636-460908	-0.0881755224051384	4.4877999079508	-0.726767095809953	0.475534700973984	0.898248575839062	-5.44411279119493
4:58100-58480	0.0881611676961587	5.05600297068815	0.807583399018969	0.428543734759596	0.88485749980392	-5.38822182223126
4:652849-653216	0.0881202917887478	5.2447265852921	0.865587610435791	0.396670509504136	0.870072803900924	-5.34473076816156
7:746010-746943	-0.0881165760068345	6.36175921117793	-0.805336543267828	0.42980983382388	0.88485749980392	-5.38985011428331
8:371888-372180	0.0881087017741686	4.93216308899315	0.872414194003467	0.393022760155452	0.867868709647658	-5.33942904754276
5:797839-798083	-0.0880808750213218	4.53698785313782	-0.876798940003053	0.390691343562959	0.86523203734515	-5.33600350803508
5:158193-158442	0.08805777601233	4.49868445721304	0.961731261390175	0.347321791295946	0.851493059090313	-5.26655950666659
8:648942-649162	0.0877440577269519	4.41675294739453	0.717184506112801	0.481301862238831	0.898751412340846	-5.45037212388598
6:187152-187665	0.0877189885011145	5.48545433127263	0.864509104997757	0.397248804775391	0.870072803900924	-5.34556485559385
16:506680-507007	-0.0876771545440249	4.97083306478823	-0.682539088611335	0.502490500189199	0.910954831448707	-5.47234540463134
10:547912-548459	0.0876572972755865	5.56346211333764	0.888729329516708	0.384393619683931	0.86135446731776	-5.32660312234078
5:216571-217268	-0.087635664099067	5.92088444914041	-0.991407602400857	0.332972476420528	0.851493059090313	-5.24092527103407
2:87313-87648	0.0876086926388266	5.26725741570735	0.829765021206256	0.416169897118476	0.874984542969067	-5.37192044778435
1:134200-134409	-0.0876014444948323	4.17305308016199	-0.667625373180038	0.511772344400455	0.912997660815812	-5.48148583331597
2:465562-465916	0.0876007728729897	5.08883935603553	0.749135256909309	0.462232292059979	0.895579482100619	-5.42919706623259
8:532471-533313	0.0875850309017441	5.89340391411906	0.969833615511577	0.343362722663009	0.851493059090313	-5.25963046823943
2:431485-431681	-0.0873089699905556	4.4140534174436	-0.719536314146017	0.479882679757687	0.898248575839062	-5.44884319779327
3:264038-265108	0.0872930373429641	6.32764422844229	0.882734199626116	0.387549907625116	0.863034490669373	-5.33134149170429
11:567554-567773	-0.0871583472817914	4.65377460902848	-0.896758036188935	0.380193234037501	0.860939768650335	-5.32021139814292
17:102291-102725	-0.0871297330012473	5.26272763344806	-0.995591840351154	0.330982793482152	0.851493059090313	-5.23725459330996
3:80504-80751	-0.0870709509556304	4.5311412075751	-0.705231810726316	0.48855244189747	0.901757002034258	-5.45806942163043
11:369022-369257	0.0869181338234082	4.55426413875468	0.860598128706524	0.399350450164274	0.870673460757569	-5.34858145615129
9:130852-131768	0.086897723523923	5.90042768055808	0.980431773599548	0.338231027724055	0.851493059090313	-5.25048790213522
9:371341-372339	-0.0868874087241256	6.36174042685272	-0.98096318641808	0.337975113622656	0.851493059090313	-5.25002711853048
4:481019-481967	-0.0868825038260441	6.30364560692138	-0.938359578497888	0.358916065149675	0.851493059090313	-5.28625165415764
7:509490-510148	0.086863699567381	5.49151108936788	0.890407108113636	0.38351334310178	0.86135446731776	-5.32527178538463
12:211621-212430	-0.0867877754019855	8.24549388700038	-0.690268984280541	0.497717502755639	0.907077989549772	-5.46753230827349
2:399436-399688	-0.0867685094355028	4.50654161428292	-0.734498271476771	0.47091159984437	0.898248575839062	-5.43900563143315
18:171104-171551	0.0866639815859482	5.12748058772109	0.73992995943955	0.467679539776452	0.897023137706027	-5.43538701640668
14:93620-93932	-0.0866629934457039	4.995933503622	-0.933722560717485	0.361247146839982	0.851493059090313	-5.29010635435121
1:270444-270957	0.0866429952525669	5.18701507340435	0.75292330718641	0.460001794250931	0.89455496007368	-5.42662893938236
5:485961-487330	-0.0865609186634551	9.10941854367855	-0.842790648029218	0.40901024984116	0.874984542969067	-5.36215688482178
5:476802-478127	-0.0864962892416941	8.76109722269287	-0.655857747041555	0.519163498584335	0.916315386302636	-5.48856221842988
1:298211-299177	-0.086394755990268	6.10627463422929	-0.995133372579132	0.331200399720114	0.851493059090313	-5.23765746725881
13:185334-186137	0.0863885513687164	5.6369890341673	0.942322228819923	0.356932060160375	0.851493059090313	-5.28294380190937
13:152765-153373	0.0863770421815415	5.67226184937505	0.857984544631494	0.400758912621019	0.872045159402859	-5.3505903218294
14:144074-144451	0.0863714167737921	5.03328662925139	0.893907112060955	0.381681274504085	0.860939768650335	-5.32248707842714
6:685859-686572	0.0863693102585268	5.52204785975903	0.976253712646316	0.340247724312855	0.851493059090313	-5.25410282741077
13:377045-377731	-0.0863571278143933	8.67696264440783	-0.711404442428186	0.484800208549252	0.899555442555328	-5.45410966023405
7:262996-263764	-0.086339572758984	6.07413301637572	-1.03684747186071	0.311807411258921	0.851493059090313	-5.20032283150473
12:260976-261329	0.0863344618485167	5.15707477300827	0.910366688587869	0.373143049507075	0.857696941145989	-5.30925724926661
18:112443-113038	0.0862798406788725	5.70736204903478	0.830508311857891	0.415759214376633	0.874984542969067	-5.37136709651676
12:89615-89915	0.0862360998527718	4.60508621849864	0.713108046938239	0.483767577316265	0.899229101356978	-5.45301104063352
16:60288-60816	0.0861916092685933	5.4116905208482	0.959872855300542	0.348234249379791	0.851493059090313	-5.26814138568956
12:462369-463495	-0.0861419150181497	9.43311191915941	-0.843713316205827	0.408506098895732	0.874984542969067	-5.36145994251721
12:302807-303179	0.0859087513976418	5.06760973817941	0.904536800490444	0.37615261292886	0.857696941145989	-5.31396844019739
11:536831-537228	0.0859081357961262	4.96370254786685	0.954098131899225	0.351080012910967	0.851493059090313	-5.27303917268095
16:47291-48705	-0.0858995105490568	9.36349751252253	-0.604359755526709	0.552193373940332	0.92905427932109	-5.51811278585244
6:600477-601144	-0.0858480940678623	8.08627678061202	-0.824980516733893	0.418819580936852	0.878461314092478	-5.37547131857988
4:671833-673547	-0.0857803212168324	6.94300106472119	-0.986111309220227	0.335502832300301	0.851493059090313	-5.24555159175793
7:729487-729883	0.0857526870078109	5.24405683025806	0.963833581453401	0.346291544997876	0.851493059090313	-5.26476667316156
18:61931-62196	-0.0856959531541186	4.59509542420143	-0.790644744378743	0.438146002609108	0.888872275365647	-5.40039290173323
5:131881-132247	-0.0856715381362205	5.06050965465759	-0.954934880991246	0.350666687785181	0.851493059090313	-5.27233114783401
13:313253-314155	0.0856206328465072	6.16883246763243	0.840335557662637	0.41035366051229	0.874984542969067	-5.36400791154549
12:37310-38423	-0.0856150418086372	8.55782307365635	-0.787096599419194	0.44017411168684	0.888872275365647	-5.40291185905358
11:140653-141151	0.0856141568823272	5.44231047259969	0.910187873032611	0.373235120814703	0.857696941145989	-5.30940216316431
9:643016-643774	-0.0855995662381792	6.00754644581679	-0.807063067607333	0.428836733055011	0.88485749980392	-5.38859928149935
5:544941-545331	0.0855904514823358	4.97974982661008	0.906473358974268	0.375151122786845	0.857696941145989	-5.31240655754168
8:459674-459917	0.0855267394025194	4.49926330136628	0.734948848760487	0.470642986614868	0.898248575839062	-5.4387064110193
20:98100-98509	-0.0854997740044023	5.29975413757038	-0.941000740754731	0.357592871833134	0.851493059090313	-5.28404833089301
11:5536-5806	0.085420404276876	4.79209522953341	0.831211953244142	0.415370675553601	0.874984542969067	-5.37084283905668
2:133925-134666	0.0854078038465405	5.66961583438557	0.752485294695002	0.460259375649109	0.89455496007368	-5.4269265149502
2:639008-640412	-0.0853212258891389	9.11080330192976	-0.709679264195844	0.48584722256125	0.899555442555328	-5.45521965727553
3:823976-824388	0.0852942971936965	4.6076715904402	0.807007037711158	0.42886829091501	0.88485749980392	-5.38863991323828
6:779436-779637	-0.085153670982713	4.36754908101032	-0.980351734037879	0.338269584198583	0.851493059090313	-5.25055728428623
15:26255-26473	0.0850373640673352	4.25758078359488	0.678340030086535	0.50509416379689	0.911513601656283	-5.47493838917306
9:485953-486246	0.0850361224440261	4.74555449522326	0.752470629956053	0.460268001020998	0.89455496007368	-5.4269364750178
15:180082-180776	0.0850346656429641	5.89176198303751	0.907953030989651	0.374387104823014	0.857696941145989	-5.3112111067027
4:300035-300553	-0.0850234219724983	5.45852593417139	-0.919008178625371	0.368711595650081	0.856079557271314	-5.30222312366123
1:586591-586976	-0.0849754704175414	5.16022136531861	-0.762317492298568	0.45449826154577	0.893647265961363	-5.42020757958972
8:589393-589611	0.0849725007240201	4.24247969290554	0.638223731539791	0.530349226078873	0.921200049939881	-5.4989412875109
13:122379-122749	0.0849370920401196	5.000167151919	0.73820220783244	0.468706183279857	0.897317740102926	-5.43654077808596
15:35506-36941	0.0849090712846943	6.31201314148692	0.909417863679712	0.373631767670678	0.857696941145989	-5.31002588917119
3:207858-208220	0.0848639535617082	5.07552178672964	0.830114743274685	0.415976636754008	0.874984542969067	-5.37166015043589
5:78794-79454	-0.0848449009176386	5.68662811660547	-0.969286432112061	0.343629115454373	0.851493059090313	-5.26010006589979
7:700148-700899	0.0848369125397355	6.07776755302477	1.00210871261053	0.327900378483842	0.851493059090313	-5.23150995970172
5:593906-594186	0.0848235313985803	4.94050926753509	0.734318115366017	0.471019025966848	0.898248575839062	-5.43912522149022
7:206808-207247	0.0848048892354569	4.976378170031	0.866875597074682	0.395980605587832	0.870072803900924	-5.34373341773354
16:158918-159171	0.0847964638880621	4.65036775547401	0.830297081197786	0.415875897331165	0.874984542969067	-5.37152439636673
16:362557-362786	-0.0847155014535836	4.52539346582791	-0.843742584143638	0.408490113239993	0.874984542969067	-5.36143782327513
1:504823-505305	0.084696263177273	5.56820362426707	0.960855612106139	0.347751522294314	0.851493059090313	-5.26730520582062
4:880334-880697	0.0846727384317205	4.86632146200773	0.640845177441832	0.528678087753772	0.921122273563988	-5.49741546410699
2:752642-753185	0.0846664798557111	5.73630438016373	0.698084836432413	0.492917893408081	0.903851081890442	-5.46261336981643
10:121084-123411	-0.0846617576461295	9.21042865575606	-0.797231274583286	0.434396495319886	0.886620480187785	-5.39568883014847
15:379768-380268	0.0845889911490261	5.48906765841351	1.00079106269393	0.328521995254917	0.851493059090313	-5.23267418097781
3:269664-270097	-0.0844830201488467	5.36405826673167	-0.956534988955183	0.349877212799286	0.851493059090313	-5.27097563346203
16:126113-126500	0.0844787305209378	5.28760070113903	0.975218367085025	0.340748749447493	0.851493059090313	-5.25499647398328
5:634821-635967	-0.0844011402765323	6.61773881343398	-0.933331508915012	0.361444198298369	0.851493059090313	-5.29043063741595
4:305048-305879	0.0843586910272203	5.79274698067022	0.880574754819428	0.388690947989256	0.863843437537194	-5.33304103401259
14:214334-215439	-0.0843437164471119	8.76345520577249	-0.782875961571013	0.442594133725071	0.888874834232216	-5.4058944464193
12:218722-219076	-0.0842960682026277	5.01090379597088	-0.812633400956978	0.425706584353651	0.884533808856861	-5.38454667644205
9:695219-695616	0.0842265510690865	4.86300958998193	0.806064825638504	0.429399192643674	0.88485749980392	-5.38932279248293
18:51433-51775	-0.0841812562319877	5.08278009328026	-0.765164070470554	0.452838506512127	0.893239960253339	-5.41824705146495
6:452196-452560	0.0841033429721376	5.27516763423629	0.917060180127585	0.369707469823386	0.856079557271314	-5.30381407927028
11:120626-121103	-0.0840824851131226	5.0654229517021	-0.941355748332133	0.357415268667279	0.851493059090313	-5.28375174595721
1:279962-280766	-0.0840726058128576	5.94343665743126	-0.808610588398217	0.427965692340288	0.88485749980392	-5.38747601233187
15:145393-145777	0.0840356921969221	5.25777350401841	0.735344898171419	0.47040695540608	0.898248575839062	-5.43844325869488
14:385033-385300	-0.0839691707934866	4.78549748683342	-1.0403343464952	0.310223477818929	0.851493059090313	-5.19714017431229
13:190486-190730	-0.0839297240975645	4.66944779274212	-0.882358028645214	0.387748516697075	0.863034490669373	-5.33163782370172
6:481171-481630	0.0838782036371581	5.04162162720267	0.883675258801628	0.387053343212502	0.863034490669373	-5.33059965583399
17:124442-125576	-0.0838501216844101	8.85787007247491	-0.763164901569604	0.45400377783207	0.893239960253339	-5.41962465914917
5:287350-288290	-0.0837592481942746	6.24651919380493	-0.912521159028169	0.372034910142233	0.8570397621187	-5.30750920077034
5:133096-133531	-0.0836138191350404	5.22185596623529	-0.827913006362524	0.417194289976178	0.876083783622803	-5.37329720138001
10:501053-501498	-0.0835854202831774	5.20767530590725	-0.974683724289375	0.341007672768701	0.851493059090313	-5.25545761004196
1:319987-320920	0.0835477334809918	6.06730127033958	0.911406019120473	0.372608202071448	0.857696941145989	-5.30841445058753
8:72273-73180	-0.0834825797904131	5.82348134140819	-0.685907711043741	0.500407277682111	0.909388134350437	-5.47025423041465
4:592659-593201	-0.083376898874989	5.5369915458251	-1.00390569490401	0.327053952896398	0.851493059090313	-5.22992000744193
5:812919-813962	0.0833689198251113	6.71618462006284	0.958862089784598	0.348731211234565	0.851493059090313	-5.26900058941948
15:334729-335142	0.0833572459614267	5.15123247731866	0.921045819553471	0.367671813498231	0.856079557271314	-5.30055566110044
15:199081-199450	-0.0833360406132559	5.31396713688163	-0.835938454817764	0.412766757510057	0.874984542969067	-5.36731062451381
6:284729-285086	0.0833159947932156	5.12964053935847	0.940104334730137	0.358041591269989	0.851493059090313	-5.28479676566235
14:198536-199094	0.0832969316740275	5.3709192083106	0.976612932752408	0.340074008804148	0.851493059090313	-5.25379257100853
15:477095-478547	-0.083283720697505	8.48878655390697	-0.639503705446749	0.529532899195172	0.921200049939881	-5.49819702091674
7:303254-303519	-0.0832774603844726	5.84511840218197	-0.579695191296404	0.568397216223202	0.930590997675752	-5.53144368003856
4:360954-361311	0.0832421478774465	4.83061077814988	0.927248518174185	0.364518741472277	0.853786439994722	-5.29545909185138
9:619756-620744	-0.0832214347009721	6.31180595981215	-0.932890943936714	0.36166628619177	0.851493059090313	-5.29079583170107
2:59343-59731	0.0831632160477449	5.84415539152903	0.758000449165276	0.457022415808285	0.893703229955274	-5.42316776835229
7:236474-237319	0.083144580481509	6.19871255913856	0.941755488550728	0.35721535806498	0.851493059090313	-5.28341766833041
3:5256-5662	0.0831167099441279	5.25561069883109	0.977732545954816	0.339532965999434	0.851493059090313	-5.25282490742758
9:442969-443506	0.0831159773775916	5.74047592239864	0.937178834280656	0.359508673015322	0.851493059090313	-5.28723484043727
10:124955-125608	-0.0831109193826673	5.44840039228618	-0.768747714412365	0.450754225944955	0.893239960253339	-5.41576913411831
7:630686-630991	-0.0830676232424601	4.72011230361205	-0.765290900224042	0.452764641493891	0.893239960253339	-5.41815954022771
2:643234-643625	0.0830329404248831	5.04642185405476	0.801057317164789	0.432227615489569	0.885829124052798	-5.39293956391463
9:649420-650617	0.082911330620596	6.76771082379992	0.95338948650388	0.351430318481779	0.851493059090313	-5.27363836152415
2:727941-728818	-0.0828658684260208	5.91363147805848	-0.86656368288951	0.396147609479657	0.870072803900924	-5.34397507340431
11:375647-376022	0.082849197185884	5.20062544533512	0.888289094088932	0.384624816784044	0.86135446731776	-5.32695207269442
11:523258-523494	0.082820939816358	4.63257268040742	0.807373469114012	0.428661931104988	0.88485749980392	-5.38837413704156
10:518431-519549	0.0827618808996338	6.17927571133838	0.830206455335318	0.415925965053201	0.874984542969067	-5.37159187251155
20:154577-157040	-0.0827505953931373	7.92098818897289	-0.731886625538562	0.472470330362916	0.898248575839062	-5.44073656991435
18:256927-257805	-0.0827260140679043	6.29743012580158	-0.767935368911824	0.451226181700429	0.893239960253339	-5.41633178391112
4:846587-847056	-0.0827258454539574	5.04975195350972	-0.726207362245493	0.475870446620218	0.898248575839062	-5.4444805666398
1:675383-676423	0.0827203216728289	6.20828509209739	0.898566987899392	0.379251039434775	0.860815239609561	-5.31876400411675
14:138640-139440	0.0827122710258053	5.65498772348422	0.760795037688687	0.455387468975497	0.893703229955274	-5.42125332619337
11:360971-361325	-0.0827102786048552	4.90464711652162	-0.844720829818184	0.407956042074375	0.874984542969067	-5.36069810566276
2:363028-363350	-0.0826780678888657	5.25423258821261	-0.914286826173549	0.37112838485591	0.856400282290196	-5.30607379757621
8:179392-179595	0.0826615013415015	4.43893733286965	0.740349116196932	0.467430675433563	0.897023137706027	-5.43510672789031
9:461638-461853	-0.082621442921802	4.32734669880318	-0.765161420351515	0.452840050006242	0.893239960253339	-5.4182488798749
8:353897-354298	0.0826034103168736	5.02261168326474	0.914716512817558	0.370907998903834	0.856400282290196	-5.30572409953003
7:640719-642181	0.0825920697899534	6.98355050141025	0.885614258131672	0.386031515066896	0.86135446731776	-5.32906885598282
1:1070798-1071054	-0.0825019676872465	4.87354396342164	-0.929973013719998	0.363139527341762	0.851744223535547	-5.2932106098118
13:158816-159154	0.0824467952320864	5.11388357105423	0.856252573532837	0.40169403674939	0.872283101039393	-5.35191845054293
12:140816-141306	0.0824364939525353	5.34551690044414	0.878947108292482	0.389552439191	0.864470360842298	-5.33431950766552
11:314074-314505	-0.0824326882566861	5.27156537159076	-0.888197931826032	0.384672703605424	0.86135446731776	-5.32702431216395
9:122804-123227	-0.0824284987429476	5.38229260266169	-0.83152546621349	0.415197633235149	0.874984542969067	-5.37060911937104
14:146041-146335	-0.0824171769836815	4.47591153940954	-0.722200816223734	0.478277769720995	0.898248575839062	-5.44710527009787
9:589781-589981	0.0823783030222689	4.33112078941893	0.664456875638422	0.513756635664157	0.913269649796611	-5.483402992372
16:212236-212589	-0.0823768539072898	5.12702203250925	-0.92384490032194	0.366246679316846	0.855148741065312	-5.29825960070119
6:549862-550130	0.0823219913008542	4.44877504115775	0.74674526839483	0.463642906089111	0.896055979125587	-5.43081109951076
14:129514-130784	0.0822907624791416	6.51724155937632	0.877290637947541	0.390430466211591	0.865132062754002	-5.335618388723
1:952718-953577	-0.0821728348439361	6.04906083122335	-0.960092322775401	0.348126407985177	0.851493059090313	-5.26795471862551
11:131893-132487	0.0821725280063248	5.69085916897341	0.974708725820138	0.340995561708044	0.851493059090313	-5.25543605099239
11:353547-353767	0.0821610889259476	4.34850229498163	0.571010395183679	0.574160499475634	0.932435827217715	-5.53601024931019
5:100476-100817	0.0821461876640317	4.86270538089147	0.890288738632416	0.383575404272666	0.86135446731776	-5.32536578848437
5:720356-720634	-0.0821306451647708	4.61296044108602	-0.827731810481226	0.417294599348485	0.876083783622803	-5.3734317457047
1:619345-620192	-0.082104065352973	6.77650990227372	-0.933888706144403	0.361163447870329	0.851493059090313	-5.28996853943566
6:191990-193283	-0.0820625868578908	9.39329480032661	-0.743461482857174	0.465585249869504	0.897023137706027	-5.43302082276518
4:492843-493097	-0.082061791157515	4.75197886477285	-0.846353673811731	0.407065590272333	0.874984542969067	-5.35946163535402
13:24760-25677	-0.0819939426319527	6.1833063862513	-0.842486324284859	0.409176621184955	0.874984542969067	-5.36238660256508
1:404582-404902	-0.0819874127218965	4.89816801863953	-0.848436215018586	0.405931709643729	0.874944423282028	-5.35788142719428
4:151999-152849	0.0819785712624785	6.1234030268434	0.915943277779274	0.370279272313956	0.856079557271314	-5.30472487839216
1:802597-803572	0.081973252243281	6.09540635387338	0.933251600418223	0.361484473187327	0.851493059090313	-5.29049688702078
11:355761-356108	-0.0819641660686763	4.53713700736197	-0.763417980777963	0.453856163228321	0.893239960253339	-5.41945045176667
18:34784-35198	0.0819299989377011	5.34809825193388	0.987546427385283	0.334815880356003	0.851493059090313	-5.24430021414711
15:470171-471352	-0.0819109145432009	8.18501997764622	-0.652258438228065	0.521435968491077	0.91744885811909	-5.49070265669142
1:75172-75451	-0.0819107805246704	4.68844754593778	-0.845501508664447	0.407530152843543	0.874984542969067	-5.36010721261986
12:350745-351102	-0.0818477434996616	5.28054215020398	-0.906865697882266	0.374948440683454	0.857696941145989	-5.31208975430801
1:50357-51309	0.0818234031330372	5.98884225906531	0.772382893274156	0.448645943383947	0.893239960253339	-5.41324449033302
4:586319-586540	0.0818158536791671	4.18909725512722	0.6522753111741	0.521425302725988	0.91744885811909	-5.49069264891983
3:83148-84079	0.0818152929928067	6.19285565042224	0.932571292066767	0.361827479533015	0.851493059090313	-5.29106070019595
3:650652-651655	0.0818094723162979	6.14282905271335	0.814007816365686	0.424936464309084	0.884429600851279	-5.3835427518258
6:156181-156648	-0.0817471647782861	5.46005363025777	-0.84723181674921	0.40658722082811	0.874944423282028	-5.35879574863135
6:400441-401384	0.0817224070177245	6.26794157062363	0.802244799207221	0.431555836030375	0.88485749980392	-5.39208378246255
14:238501-238933	0.081677349396629	5.31962534577406	0.869838136838352	0.394396691438055	0.869155950333969	-5.34143419416351
8:163668-164546	-0.0816377922231002	6.02103016642933	-0.955623038012136	0.350327010415874	0.851493059090313	-5.27174843474856
3:213696-214005	0.0815993590867707	4.52994512544134	0.841243149114824	0.40985670413586	0.874984542969067	-5.36332421132443
13:283251-283586	-0.0814090250725599	5.06506326832434	-0.764210675891142	0.453393992715015	0.893239960253339	-5.41890444825227
10:161860-163660	-0.0813468188730617	8.21919010321891	-0.684446140302547	0.5013105372373	0.909556629310927	-5.47116274647695
14:544051-544495	-0.0813202361193435	5.38720370059002	-0.852686087823617	0.403624075548718	0.874030654163553	-5.35464553406699
12:1342-2341	-0.0812991411460882	6.36889229363402	-0.830702499555664	0.415651964204887	0.874984542969067	-5.37122245551766
3:348068-349109	0.0812766349791838	6.2077373556227	0.903262177445751	0.376812749841793	0.858327668341916	-5.31499478786249
15:136688-136992	-0.0811401972791703	4.82143731605783	-0.793546534114095	0.436491645581495	0.887778016416628	-5.39832494714776
16:160265-160587	-0.0811387968875685	4.85270378485899	-0.814214501370172	0.424820729078231	0.884429600851279	-5.38339164478045
3:588903-589322	-0.0811135856527834	5.08846759732619	-0.841908890103254	0.409492418669702	0.874984542969067	-5.36282226566243
5:803330-803679	0.0811088202744594	5.13770863890889	0.785896164379917	0.440861584296634	0.888872275365647	-5.40376169360388
9:39291-39665	-0.0810878419445213	5.12760773818923	-0.650035238128439	0.522842356872027	0.91744885811909	-5.49201913034991
3:895535-896863	-0.0810672058244712	8.84029962766121	-0.698714547713269	0.492532358729899	0.903851081890442	-5.4622147711214
1:706822-707714	0.0810180756839172	6.22172863197193	0.748518587656625	0.462596014883072	0.895579482100619	-5.42961398667905
1:94997-95195	-0.081003209958971	4.06626139356861	-0.728270040341197	0.474633878746352	0.898248575839062	-5.44312395104527
8:95964-96406	0.0809921218522769	5.19287305241655	0.819576460602354	0.421825166786364	0.881075927546229	-5.37945905602984
7:327333-327666	0.080971626398961	4.97907586583543	0.969718580502036	0.343418714967534	0.851493059090313	-5.2597292121664
5:666738-666971	0.080967627832278	4.35378046834231	0.771630891937869	0.449081585265556	0.893239960253339	-5.41376767375592
16:173035-173242	0.0809649271851942	4.61134383901601	0.836883792220257	0.412247202617459	0.874984542969067	-5.36660192586536
1:1065440-1065851	-0.0809603040251439	5.03140042537392	-0.918433906459522	0.369004994004305	0.856079557271314	-5.30269245931593
7:719885-720185	-0.0809457740475459	4.8089467882676	-0.847537520302449	0.406420773025329	0.874944423282028	-5.35856378690346
3:624024-624342	-0.0809211296813936	5.04353782726065	-0.821570086760333	0.420714789086029	0.880785498572995	-5.37799076301303
8:236631-237212	0.0808316458306075	5.54071708108621	0.940854183695154	0.357666208786049	0.851493059090313	-5.28417073982684
1:397775-397920	0.0808215532676839	4.03516976183913	0.750141680095636	0.461639053523478	0.895275738115723	-5.42851594542824
9:300076-300605	-0.0807440717819068	5.46463618167879	-0.993785199028362	0.331840869772441	0.851493059090313	-5.23884119602457
4:100719-101802	0.0807316393490334	6.37629922651056	0.957521807504719	0.349390932111281	0.851493059090313	-5.2701386366503
13:355490-356081	0.0806761981109787	5.57157721522783	0.799022502292011	0.433380257296568	0.886211666060929	-5.39440324269588
7:706976-707288	0.0806559831689713	4.87454538635951	0.806690330367518	0.429046698060331	0.88485749980392	-5.38886953353335
4:826291-826802	0.0806139413395295	5.34664878063491	0.679581408943377	0.504323641685282	0.911513601656283	-5.47417340283394
9:565833-566665	0.0806099690178312	6.08395215944767	0.784701880841784	0.441546189519656	0.888874834232216	-5.40460596954091
2:139062-139297	-0.0805596273364584	4.80346089608141	-0.766351644009119	0.452147155820153	0.893239960253339	-5.41742710492167
4:698978-700553	0.0805236314722437	6.79255272780534	0.787310773254588	0.440051526745669	0.888872275365647	-5.40276010959494
16:157263-157654	-0.0805097455340444	5.15194062272614	-0.77614060170159	0.44647292923413	0.891750482486375	-5.41062301717194
17:202343-204276	0.0805004107666321	7.07850716364384	0.875388776543496	0.391440156541804	0.8656552078464	-5.33710690805911
20:117075-117501	0.0804812053555484	5.11840336223731	0.829738491027105	0.416184560317503	0.874984542969067	-5.37194018998371
4:855135-855480	0.0804564672950638	5.15405740426606	0.836268082597134	0.412585547665025	0.874984542969067	-5.36706359411784
6:391343-392069	0.0803286036454791	5.65499648325022	0.76065959801573	0.455466625021391	0.893703229955274	-5.42134626216821
8:612827-614442	-0.0803142297191943	8.19602944140288	-0.718680044290843	0.480399106018734	0.898565147739179	-5.44940041244163
7:589296-589588	0.0803081167848765	4.77720312780542	0.85563045587859	0.402030272942513	0.872283101039393	-5.35239490458047
2:973299-974417	0.080296307464697	6.13682985036643	0.86908344670596	0.394799793291617	0.869219810513172	-5.34202059421154
7:341564-341910	0.0802376349949476	5.05917733985186	0.953425931119647	0.351412296969736	0.851493059090313	-5.27360755593692
2:1019063-1019280	0.0802151343943009	4.38766504283428	0.886544208888236	0.385542071045873	0.86135446731776	-5.32833358596974
1:152476-152781	-0.0801499831652031	5.0334218897955	-0.739134507887276	0.468152036972233	0.897258997844768	-5.43591852050949
10:447423-448246	0.0801318252562373	5.68782304410142	0.80381835296078	0.430666650989865	0.88485749980392	-5.3909479502349
11:195181-196110	0.0801085303119855	6.16846215964757	0.919033907590124	0.368698454250147	0.856079557271314	-5.30220208987602
14:482977-483484	0.0800966033411745	5.20841868866782	0.584315794659834	0.565343106141514	0.929603475683682	-5.52898702292818
11:256897-257207	-0.0800896948093248	5.09218554462139	-0.741979235438227	0.466463580855127	0.897023137706027	-5.43401525163282
5:448784-449002	0.0799990303321643	4.09862554461047	0.675320541748664	0.506971133814926	0.911513601656283	-5.47679356082991
8:495900-496932	-0.0799776053999484	6.50493886176056	-1.00237600177893	0.327774381746427	0.851493059090313	-5.23127362648319
12:239097-239459	0.0799546906947768	4.97333940721755	0.908394242651461	0.374159488514077	0.857696941145989	-5.31085429969643
12:2850-4137	-0.0798147555249038	9.20264152764241	-0.722747393403168	0.477948939614503	0.898248575839062	-5.44674801345995
4:429042-430243	-0.0796645230618518	6.51244165573042	-0.936444749705818	0.3598774379429	0.851493059090313	-5.28784553343862
2:652068-652328	0.0796553485125653	4.83508736041972	0.716712637550584	0.481586903401992	0.898763520080358	-5.45067831862532
13:89478-90279	0.0795412041883932	6.00839166323004	0.798073692245928	0.433918372669779	0.886211666060929	-5.39508455138322
10:435511-436317	0.0795279160002744	5.76361325867488	0.744268858360671	0.465107241259378	0.896949595810848	-5.43247837418702
6:336770-337504	-0.0795276335504678	6.00549903084241	-0.805631943412083	0.429643243266347	0.88485749980392	-5.3896362797255
7:766305-767471	0.0794583712502286	6.16365711262947	0.879619373998493	0.389196466970033	0.864108822498942	-5.33379172415849
16:250916-251271	-0.0794535950332333	5.19128411736484	-0.831459969205321	0.415233780284396	0.874984542969067	-5.37065795326237
6:630749-631185	-0.0794392059578195	5.32748376121027	-0.85979525734085	0.399782777423786	0.870845922405628	-5.3491991630398
4:392482-393541	-0.0794156821849663	6.11478706032406	-0.798595790875578	0.43362221435813	0.886211666060929	-5.39470974332302
4:339715-339972	0.0793797305126613	4.46810001804374	0.707294152878839	0.487296913094443	0.900553667634487	-5.4567500587047
1:1092506-1092715	0.0793415959250723	4.21629221972667	0.709807339706991	0.485769448155074	0.899555442555328	-5.45513733988521
7:450363-451995	0.0793390002596928	6.85752080495514	0.90220463481292	0.377361041353449	0.858702603506883	-5.31584533351713
2:774111-774448	0.0792160698061917	4.72412005887202	0.736553564531866	0.469687067928031	0.898248575839062	-5.43763934208297
1:712838-715131	0.0792149253515237	7.24932555139386	0.894404384280988	0.381421447164583	0.860939768650335	-5.32209062126621
14:311751-312107	-0.0791931279273728	5.1376074217068	-0.768074409897439	0.451145380496797	0.893239960253339	-5.41623552039871
14:420321-420686	-0.0791707514260374	5.24895140474891	-0.837108450511735	0.412123792294165	0.874984542969067	-5.36643339532249
15:151328-152224	-0.0791662823263479	9.7657753786042	-0.653885320171824	0.52040813512735	0.917426866022063	-5.48973657468965
12:254430-255217	0.0791347321513491	5.79451842746428	0.892004616317318	0.382676414883336	0.86135446731776	-5.32400200327789
7:72025-72425	-0.0791088044265775	5.197180325307	-0.931149611340473	0.362544987276077	0.851744223535547	-5.29223772648229
5:271661-272313	-0.078962374928186	5.60034526652985	-0.812351424155645	0.425864691261514	0.884533808856861	-5.38475244767673
7:27588-27995	0.0787851208999033	5.18525644792753	0.949502244472537	0.353356132814632	0.851493059090313	-5.27691800942642
3:111500-112257	0.0787696193231637	6.05776443824491	0.905531443546476	0.375638012625258	0.857696941145989	-5.31316661740737
18:318563-319094	-0.0787485262228689	5.22821614400864	-0.658885212615663	0.517256329581961	0.915795621117662	-5.48675313967712
8:478071-478448	-0.0787385873677993	4.86388931838965	-0.828771062648535	0.416719480545588	0.875697837991573	-5.37265969315971
3:687267-688030	-0.0786964509065564	6.11044759497549	-0.862283880326463	0.398443696315291	0.870673460757569	-5.34728275500218
2:260400-261771	-0.0786673900227974	9.92158181931576	-0.650735893651648	0.522398899014097	0.91744885811909	-5.49160469867839
20:152137-154074	-0.078610256144211	8.430810727812	-0.765917223550488	0.452399981078907	0.893239960253339	-5.41772718395457
17:91342-91829	-0.0785938180896695	5.614499799147	-0.807932318046688	0.428347328744303	0.88485749980392	-5.38796858214045
3:438015-438303	0.0785532737470351	4.90173621901282	0.759751689615081	0.455997455610778	0.893703229955274	-5.42196884937706
7:213967-214818	0.0785413996094029	5.6680349157505	0.876477039947184	0.390862193814096	0.86523203734515	-5.33625552665907
4:122870-123121	-0.078513732217707	4.70302557080773	-0.789419935022744	0.438845446963961	0.888872275365647	-5.40126363523185
1:546766-547474	-0.0784581046962547	5.64454392876178	-0.723297472196884	0.477618136962841	0.898248575839062	-5.44638821023454
1:255695-256718	0.078408729473046	6.22327655333882	0.973833996308502	0.341419467730441	0.851493059090313	-5.25619004181118
8:420760-421276	0.0783509869525165	5.43829666640937	0.972692794185936	0.341973054461563	0.851493059090313	-5.25717280627052
8:81733-82112	0.0783008217527659	4.87628870100356	0.763229269733367	0.453966230777828	0.893239960253339	-5.41958035638654
1:844912-845841	0.0781643978829925	5.96010355868705	0.726547144333843	0.475666618080794	0.898248575839062	-5.44425734321304
10:397088-397322	-0.0781558734175967	4.64996029468426	-0.72736083390849	0.475178710923768	0.898248575839062	-5.44372238046768
5:640577-641416	-0.0781411392191078	6.08752351128622	-0.780322161332086	0.444062388571148	0.888919164241708	-5.40769184775802
16:437503-437666	0.0781123258223291	4.13406391404665	0.539291827362584	0.595458204284257	0.937957106686267	-5.55212201877421
10:59123-59521	0.0781087390422286	5.09937901575191	0.831021819431549	0.415475641493238	0.874984542969067	-5.37098454141814
12:486274-487051	-0.0780750474854708	6.17066495326182	-0.938571396532936	0.358809824856587	0.851493059090313	-5.28607515777795
9:207010-207449	0.0779857031415512	5.6144415580433	0.782076774570198	0.443053288974423	0.888874834232216	-5.40645751654063
4:369215-369739	-0.0779827845765428	5.67187947712127	-0.732597005455764	0.472046046430514	0.898248575839062	-5.44026632244711
15:162886-164230	-0.0778923513743059	8.54281268124358	-0.56196624851547	0.580193681891569	0.934129534914999	-5.54069502126138
6:61825-62094	0.077885811701611	4.8015724473104	0.819553909597549	0.421837737428858	0.881075927546229	-5.37947564573544
6:791833-792575	-0.0778693183090695	5.88678106394389	-0.795431267729405	0.435419202143929	0.887549674633638	-5.39697800567424
8:546791-547200	-0.0777887137645825	5.18468880417288	-0.866448815021589	0.396209123098112	0.870072803900924	-5.34406404714977
8:643297-643765	0.0777460622419648	5.26938031536801	0.643288678174057	0.527122983661099	0.92048896250263	-5.49598782797916
9:622112-624620	0.077681744585262	7.45564176726217	0.819843968629687	0.421676067358937	0.881075927546229	-5.37926223067799
9:692940-693386	0.07765646236812	4.97689117330307	0.665410912904519	0.513158711728619	0.913269649796611	-5.48282664880987
5:760827-761165	0.0775102704390509	4.80617665023067	0.847437226342049	0.406475375718395	0.874944423282028	-5.35863989648106
3:686254-686816	-0.0774996909092804	5.62473315873918	-0.744505617988489	0.46496712274204	0.896949595810848	-5.43231919818721
16:228684-229079	-0.0774973445048834	5.06090800205564	-0.782308402759732	0.44292018202284	0.888874834232216	-5.40629437743326
10:314197-314548	-0.0774937371574351	4.75107868208701	-0.736060662142246	0.469980563955812	0.898248575839062	-5.43796733508963
11:357732-360397	0.0774467989524279	7.52671707686042	0.929557155539895	0.363349819014553	0.851744223535547	-5.29355419917957
1:173614-174572	-0.0773330591246859	6.29165039549873	-0.939177047450105	0.358506169351545	0.851493059090313	-5.2855703023271
13:321066-322114	0.0772990652396821	6.48123940805248	0.893667721812984	0.381806398742385	0.860939768650335	-5.32267786354282
12:129654-129978	-0.0772306236321381	4.86912685746635	-0.69279523645807	0.496163248192998	0.906822327346996	-5.46594815092916
6:706114-706489	0.0772211598654389	5.12369222332398	0.886357083062976	0.385640524830999	0.86135446731776	-5.32848159483594
5:695138-696317	-0.0772147574145148	6.6028420252727	-0.8823702687595	0.387742053167745	0.863034490669373	-5.33162818327067
18:291114-291650	-0.0772007433979267	5.43907693054566	-0.808439389027824	0.428061999520158	0.88485749980392	-5.38760037613474
7:57727-58647	0.0770477017877225	6.25493817786221	0.842254632437686	0.409303314247355	0.874984542969067	-5.36256144287181
6:667277-667678	0.077019217741328	5.06261673993962	0.833482424456525	0.414118531805417	0.874984542969067	-5.36914838580682
3:28081-28746	0.076972940028317	5.69511304909125	0.894370936410681	0.381438920194005	0.860939768650335	-5.32211729438385
5:667426-667762	0.0768444266111601	5.09512330298342	0.675966789838652	0.506569083143304	0.911513601656283	-5.47639716886609
3:476279-476843	-0.0768333610925591	5.64598808406198	-0.759104480576387	0.456376090107325	0.893703229955274	-5.42241223876239
9:437073-437464	-0.0767635844480141	5.2393122339772	-0.822988867626524	0.419925703018258	0.879956669807922	-5.37694382091922
5:480672-480946	0.0765329125048551	4.31517977087295	0.769125702826092	0.450534724950789	0.893239960253339	-5.41550714016625
1:741532-741953	-0.0765311660024315	5.23819795893131	-0.756510299570485	0.457895659322273	0.894215083388523	-5.42418589445286
18:30436-30728	-0.0765254669040596	4.78675929164113	-0.802911614592373	0.431178891976782	0.88485749980392	-5.39160271105266
6:516702-517943	-0.0765118238683957	8.62163849279725	-0.666801598824976	0.512287824661559	0.912997660815812	-5.48198510961605
12:345952-346340	0.0765015492653998	5.17788533879407	0.793441194605653	0.436551633639824	0.887778016416628	-5.3984001409087
16:315250-316014	0.0764803406825365	5.88431620142603	0.831277284040876	0.415334612689206	0.874984542969067	-5.37079414257335
7:701736-702027	0.0764743558101015	4.58334342394267	0.725696762328703	0.476176842088499	0.898248575839062	-5.44481582519777
5:445554-445883	0.0764736966562456	5.3120065025895	0.807599389879866	0.428534732297089	0.88485749980392	-5.38821021853729
15:173445-174087	0.0764245530532381	5.77080851220319	0.798106297032519	0.433899874062738	0.886211666060929	-5.39506115151177
3:512053-512303	0.0764113105168578	4.41279373876951	0.675602204719742	0.506795880540979	0.911513601656283	-5.47662084036777
6:483332-484494	-0.0763310899107319	8.02369306245885	-0.768855436202377	0.45069166438655	0.893239960253339	-5.41569448154982
2:380309-380616	0.0762564049004952	5.19043060107344	0.696548528714241	0.493859211439528	0.905206318756481	-5.46358440123135
5:526885-527095	0.0762426349372589	4.42852179125654	0.586013929531542	0.564222810935577	0.929218970885025	-5.52807944443657
4:410736-412932	-0.0762113754461975	9.49208088231974	-0.71752231166722	0.481097864975989	0.898751412340846	-5.45015280535403
15:195271-195775	0.076200347412791	5.1982378354378	0.860727009739005	0.39928107892454	0.870673460757569	-5.3484822491219
11:222710-223099	0.0761945846993486	4.65381072626287	0.519720221769952	0.608790255020122	0.937957106686267	-5.56161849668653
8:571966-573096	0.0761708432529593	6.3161001746442	0.745688145219257	0.464267659856325	0.896717458962374	-5.43152345901387
12:270072-271057	0.0761468656088748	6.29605338232224	0.939426598293042	0.358381102426979	0.851493059090313	-5.28536219692529
2:545229-546443	0.0761384260509939	8.16541015785204	0.786301599529722	0.440629323281404	0.888872275365647	-5.40347480596981
8:706382-707328	0.0760953570959142	6.15120262389751	0.774292007997092	0.447541132221898	0.892688996357049	-5.41191413300371
18:314210-314904	-0.0760722728450665	5.75166535264179	-0.877682231487922	0.390222782025756	0.865100134892166	-5.33531153350951
10:199114-199510	0.0759355291462551	5.29793458354711	0.699460842813467	0.492075671652559	0.903851081890442	-5.46174193509418
7:258969-259243	-0.0759350243875287	4.84439989640204	-0.627515496340507	0.53720540104773	0.924624517185608	-5.5051118695657
9:280532-280702	0.0759254079394074	4.09373055228691	0.663466268419989	0.514377890958719	0.913269649796611	-5.48400059398032
3:990437-991151	-0.0758969708985688	6.20314414041666	-0.825098330209518	0.418754207417001	0.878461314092478	-5.37538411101547
7:203606-204588	-0.075886102232321	6.18240308945958	-0.840226905324859	0.410413179424433	0.874984542969067	-5.36408971492911
6:297826-298711	-0.0758784976411055	6.12080872358312	-0.819775429568949	0.421714265422076	0.881075927546229	-5.37931266560084
8:467657-468241	-0.0757867011168445	5.39529688298564	-0.709797896976015	0.485775182047084	0.899555442555328	-5.45514340944896
1:891835-892053	-0.0757817701017576	4.38047898644719	-0.751966569534475	0.460564533705006	0.89455496007368	-5.42727871421491
18:77461-77942	-0.0757628557115151	5.22622000817664	-0.839297762302651	0.410922381763801	0.874984542969067	-5.36478885837562
8:45744-47328	-0.0756608238005558	8.82424334490977	-0.725492709444725	0.476299320483087	0.898248575839062	-5.44494974349712
10:187874-188263	0.0755495687538552	5.10145384394498	0.758309917671447	0.456841190049046	0.893703229955274	-5.42295609179508
5:424092-424822	0.0755429635747902	5.90732948953662	0.816391169101373	0.423603084806693	0.883526284992897	-5.38179811967125
1:421319-421523	-0.0755146755592726	4.80538741578462	-0.736564322086563	0.469680663614495	0.898248575839062	-5.43763218135377
11:208451-209021	0.0754485756030192	5.42016431841831	0.693265468377656	0.495874249389175	0.906822327346996	-5.46565267230199
6:644669-645226	-0.075447400668561	5.54731178069303	-0.648680883443184	0.523700141307926	0.91744885811909	-5.49281901036769
12:281607-281983	0.0754162579337079	5.03644196896827	0.714350626463379	0.483015203054903	0.899160656200959	-5.45220815827084
10:516661-517013	0.0753641135246825	4.74719722715017	0.622588619183444	0.540375942406037	0.924624517185608	-5.50791736017466
6:4798-5042	-0.0753340055088261	4.72481256576384	-0.672828794821335	0.508523010210495	0.911513601656283	-5.47831855574209
16:132720-133678	0.0753267486692906	7.59085319240561	0.666763925103362	0.512311406103538	0.912997660815812	-5.48200792900231
2:257605-257926	-0.0753081616430498	5.20051949173266	-0.596538930074146	0.557304958989266	0.92905427932109	-5.52239772253179
13:29591-29953	-0.0752710514128161	4.72054084984963	-0.78600838188545	0.440797290883578	0.888872275365647	-5.40368230186868
6:443648-444938	0.075269301592388	6.56417936430147	0.858850225293861	0.400292042028457	0.871452908618373	-5.34992556271153
2:1023223-1023427	-0.0752581204283977	4.46810214985525	-0.64918278673632	0.52338216901968	0.91744885811909	-5.49252277285186
2:566785-567143	0.0752563490826077	4.82087034468712	0.68963508727135	0.498107938836831	0.907226286279446	-5.4679289487021
11:417529-418424	0.0751235833701438	6.08443699896545	0.882367633448	0.387743444767517	0.863034490669373	-5.33163025887758
1:754847-755166	0.0751057825598762	4.58244508995373	0.769562202382911	0.45028132696434	0.893239960253339	-5.41520444029702
13:411629-412174	-0.075069069201442	5.23939628434113	-0.779486232896534	0.44454363653394	0.889268495188334	-5.40827899208538
3:554661-554967	-0.0748477515102604	4.81676818128153	-0.747012906248629	0.463484813471377	0.896055979125587	-5.43063059673191
11:288457-288870	0.0747954848336825	5.29229665201029	0.837984715588876	0.411642663251272	0.874984542969067	-5.3657756523029
4:158567-158794	-0.0747918518355499	4.37049877680665	-0.68450846856138	0.501271999070402	0.909556629310927	-5.4711240406731
8:389766-390122	0.0747744422567314	4.89327459239602	0.818032629180186	0.422686291854851	0.882025101325088	-5.38059379962932
1:302531-302898	0.0747601828271254	4.83422306955217	0.774324240487457	0.447522493439657	0.892688996357049	-5.41189164553099
18:262502-263470	-0.0747461082662007	6.21581749889844	-0.733535499769845	0.471485863995468	0.898248575839062	-5.43964441108678
2:377056-377375	0.0747289086842224	5.09713983690263	0.772004525614289	0.448865103332289	0.893239960253339	-5.41350778852129
8:115081-115840	-0.074692740570022	6.1893860461147	-0.711324242930414	0.484848852663577	0.899555442555328	-5.45416131794364
18:222486-223811	-0.0746814710688231	8.79056394095187	-0.593490782261708	0.55930387037666	0.92905427932109	-5.52405322330217
5:456414-456822	0.0745806999873784	5.26248331458744	0.757298070685732	0.457433891829208	0.893703229955274	-5.42364789423038
1:570933-571226	0.0745732506428141	4.55828103258559	0.781110903380736	0.443608599070912	0.888874834232216	-5.40713730637282
17:197228-197913	0.0745473418361149	5.546414683686	0.796450344546227	0.43484001187082	0.887121191036367	-5.396248470904
11:255105-255474	-0.074528747619981	4.88521811314803	-0.841143507966845	0.40991124437338	0.874984542969067	-5.36339930566887
14:405653-405870	0.0745051619630166	3.97739328128638	0.5768610764802	0.570274683694442	0.931247531636746	-5.53294120089806
10:96624-96831	0.0743775998587726	4.0684619925853	0.657223100275032	0.518302904080035	0.915795621117662	-5.48774732833905
5:413338-414255	0.0743667054752448	6.00880225172105	0.794215859424317	0.436110601756386	0.887690338090762	-5.39784694957126
5:88684-89923	0.0742938455480786	6.46442117854887	0.809296684589399	0.427579868990395	0.88485749980392	-5.3869773676002
17:18045-19109	0.0742566729848537	7.61462165853165	0.803428976042889	0.430886574049054	0.88485749980392	-5.3912292058791
14:490434-490698	-0.0741696794009945	4.78702018587772	-0.599630064168481	0.555281680442554	0.92905427932109	-5.52071054229201
4:419377-420400	-0.0741050507942482	8.81921312579272	-0.661304660128668	0.515734990128115	0.914229630025126	-5.48530167137646
1:299676-299907	-0.0741024398507646	4.5051656138782	-0.758376359966422	0.456802286881827	0.893703229955274	-5.42291063465888
6:780450-781331	-0.0740818943534842	5.93303112724843	-0.812966594094029	0.425519807426564	0.884533808856861	-5.38430344465463
5:490487-491373	-0.0740299572648544	5.93263800326099	-0.751461005344685	0.46086206627475	0.89455496007368	-5.42762175776185
18:172013-172384	-0.0739209456039074	5.02060265580548	-0.764131847761081	0.453439939648074	0.893239960253339	-5.41895876839846
6:357661-358089	0.0737732841958625	5.20842962106985	0.728404286045439	0.47455346468075	0.898248575839062	-5.44303553223682
7:609392-610379	0.0737361316079674	6.30791056089735	0.85439830936387	0.402696746715243	0.872867137190039	-5.35333761033915
12:325521-325744	-0.0737310966116089	4.30388443456871	-0.797932990850378	0.433998206435558	0.886211666060929	-5.39518552002394
5:817453-817921	0.0736667779885156	5.48150290969659	0.752703197479515	0.460131223028758	0.89455496007368	-5.42677849718669
5:142719-143063	0.0736604852619198	4.74729761242769	0.657976246787045	0.517828528196272	0.915795621117662	-5.48729713236185
3:235474-236165	-0.0736490090537067	5.88104433984291	-0.838580052928473	0.411315986900354	0.874984542969067	-5.36532841582413
1:763377-763802	0.0735963274643661	5.01730645894517	0.720517286700175	0.479291443716863	0.898248575839062	-5.44820406237971
6:305588-306664	0.0735913187821824	6.29263697130187	0.808391012204483	0.428089216067183	0.88485749980392	-5.38763551390862
2:242135-242418	0.0734936726636262	4.69365272169986	0.679519519212273	0.504362040777388	0.911513601656283	-5.47421157322513
1:334004-334230	-0.0734570194804061	4.29952646440425	-0.575719561774255	0.571031779407723	0.931770235950016	-5.5335423670552
3:755859-756157	0.073450551466224	4.85885356876079	0.766159777162914	0.452258808457956	0.893239960253339	-5.41755965800002
13:92931-93366	-0.0734310333392285	5.32579167967482	-0.740650994997055	0.46725149093588	0.897023137706027	-5.43490477004425
1:121111-121423	0.0734113135509213	4.61787596571843	0.623620081518685	0.53971134516898	0.924624517185608	-5.50733177352383
4:165050-165306	0.0734010738772879	4.6353233066386	0.754288259247768	0.459199664727766	0.89455496007368	-5.42570057823497
16:216898-218003	0.0733893116476567	6.35926693792493	0.739995027556198	0.467640901961446	0.897023137706027	-5.43534351541411
7:436759-436998	-0.0733882600740614	4.55807776808046	-0.684442440429694	0.501312824957564	0.909556629310927	-5.47116504399
3:583227-583937	-0.0733525723929596	5.83344490421554	-0.698215523844595	0.492837867015848	0.903851081890442	-5.46253067449009
5:170421-170654	-0.0733441620601738	4.31649060099862	-0.725424260026506	0.476340409940087	0.898248575839062	-5.44499465834333
9:586651-587060	0.07334230475825	5.0406756274369	0.775478553763542	0.446855311910292	0.892116135642492	-5.41108574373416
7:652198-652424	-0.0733327150584531	4.56592958400685	-0.60564633688419	0.551354855184522	0.928816082727107	-5.51740274385557
4:875080-875479	0.0733166467579016	5.01246378667761	0.626385153095465	0.537931910491991	0.924624517185608	-5.50575738967257
18:320659-322118	0.0731462820248758	6.72137298531785	0.860898571174725	0.399188746702861	0.870673460757569	-5.34835016730322
11:407590-408483	-0.0730954742062622	6.02823061574836	-0.7819272995194	0.443139199018248	0.888874834232216	-5.40656276999675
6:785166-785740	-0.0729895528618947	5.72217103960242	-0.611959909295971	0.547249804289269	0.927037763886458	-5.51389736692327
6:143584-144028	0.0729531449431615	5.36401132962608	0.804642116146772	0.430201613845983	0.88485749980392	-5.39035250902845
8:119246-119757	0.0729529490649989	5.51358358721561	0.723829077529644	0.477298571608953	0.898248575839062	-5.44604024463705
6:437613-438570	0.0729129700929319	6.08101424698258	0.690533935338003	0.497554363359619	0.907077989549772	-5.46736642121635
14:415679-416044	0.0728958454638517	4.85721235320784	0.78789595121431	0.439716700457334	0.888872275365647	-5.40234529427656
2:354868-355108	-0.0728403542375498	4.92114642366732	-0.512770252538585	0.613558665082574	0.937957106686267	-5.56490873235725
7:339228-340935	-0.0726745659481143	6.98401416677634	-0.80510763882984	0.42993895191483	0.88485749980392	-5.39001576360087
5:340623-340853	-0.0726084806069842	4.47501239824708	-0.610453022438756	0.548228096739825	0.927037763886458	-5.51473718246881
15:456926-457777	-0.0725838589812513	6.22962429481937	-0.835924272788711	0.412774555086683	0.874984542969067	-5.36732125081672
12:390938-391827	0.0725742704545027	6.19056353339337	0.681879786303021	0.502898801425489	0.911014250635456	-5.4727535411915
5:105356-106102	0.0725716130055556	5.65100630991945	0.8406145868135	0.410200835736774	0.874984542969067	-5.36379778808618
5:613653-614099	0.0725649583521353	5.30878459372697	0.786170558688088	0.440704384206378	0.888872275365647	-5.40356754615887
3:702188-702462	0.0725556300134462	4.74611458236227	0.887780498799762	0.384892027914761	0.86135446731776	-5.32735501059101
1:148908-149109	0.0724969840391001	4.6304622697268	0.556834449203262	0.583631149229978	0.936510480280067	-5.54332109527985
3:185719-186018	0.0724296550693762	4.7329886697616	0.768995026012612	0.450610602701363	0.893239960253339	-5.41559772944624
5:138334-138695	-0.0723576533589156	4.8786373194308	-0.831278793099359	0.415333779706288	0.874984542969067	-5.37079301770444
13:360505-360841	-0.0723381784137107	4.83499470100639	-0.594027216552621	0.558951817150919	0.92905427932109	-5.52376246858
3:307946-308285	0.0723325257375826	4.74189450269843	0.771640861624212	0.449075808041063	0.893239960253339	-5.41376074075644
10:560631-561894	-0.0723093658664631	8.9278038488629	-0.493581281391929	0.626815313181022	0.938022514810517	-5.57376939500865
1:1071679-1071993	0.0723051768308283	5.03509335437479	0.69417034544373	0.49531839456254	0.906822327346996	-5.46508354119563
11:94747-94994	0.0722368029320863	4.51286219305659	0.689323561112384	0.498299881218138	0.907226286279446	-5.46812374921936
4:395005-395370	0.0721402182840665	4.96414901013098	0.766434818671988	0.452098759377354	0.893239960253339	-5.41736963322028
3:817595-818248	-0.0720393615314077	8.11880851843952	-0.742877264602982	0.465931320460947	0.897023137706027	-5.43341299367061
8:68544-70011	0.0718571288666396	6.84727482946938	0.864846370319819	0.397067904244316	0.870072803900924	-5.34530412657969
11:277660-278066	0.0718472059454918	5.32753981644172	0.721953360265691	0.478426687087341	0.898248575839062	-5.44726692956372
12:284399-284717	0.0718096210619787	4.64990096829508	0.795229511901613	0.435533926332573	0.887549674633638	-5.39712233484291
15:349662-350017	0.0718072231666556	4.99077882432841	0.639317964573505	0.529651316275031	0.921200049939881	-5.49830511217589
4:51584-53420	-0.0717666369926633	9.06549529905669	-0.634189811160912	0.532926416814915	0.923100701462706	-5.5012775555738
3:804977-806023	-0.0717322171151364	6.38915538738429	-0.804299951446149	0.430394737271885	0.88485749980392	-5.3905999051607
2:737413-737932	0.0717303224416561	5.15152540692017	0.669586824501304	0.510546129167431	0.912986206213913	-5.48029466541301
10:178279-179008	0.071707278431866	6.0772728143437	0.704133856032293	0.489221626664719	0.901876441907448	-5.45877033823205
6:460609-460902	-0.0716877109269527	4.71404016521111	-0.830448783166693	0.415792095681303	0.874984542969067	-5.37141143026904
7:661879-662328	0.0716453339477576	5.4612235112351	0.745149498941322	0.464586190199675	0.896717458962374	-5.43188606911202
7:653712-654772	0.0716401519650711	6.35591985141871	0.751929893861941	0.460586114039757	0.89455496007368	-5.42730360728186
8:526632-526998	-0.0715511788024967	5.13456306785366	-0.798856284554003	0.433474497334139	0.886211666060929	-5.39452265265205
20:75989-76281	0.0715470096295441	4.31422891187779	0.625376082942288	0.538580920968155	0.924624517185608	-5.50633271040242
2:627521-628445	-0.0715465395106447	6.27253935154309	-0.855170653647573	0.402278898950589	0.872383891328893	-5.35274684245438
6:523425-523928	-0.071396157173492	5.21472564231261	-0.5651004968236	0.578099271583208	0.932435827217715	-5.53907969417452
16:495456-495664	-0.0713413743447315	4.51058648711056	-0.627547030118318	0.537185140829451	0.924624517185608	-5.50509384516238
17:126697-127464	-0.0713216810999882	8.86312584313774	-0.651641746648492	0.521825875709441	0.91744885811909	-5.49106826243631
6:291537-291750	-0.0711979034981427	4.38998271118926	-0.548257403965182	0.589399022106557	0.936510480280067	-5.54765816609501
3:89436-90318	-0.0711727617891311	5.9684716185795	-0.823818590664085	0.41946466752537	0.879402272526257	-5.37633077671842
6:607048-607821	0.071156116926363	5.85323756227787	0.821727449566872	0.42062722223571	0.880785498572995	-5.37787472513315
4:559599-559824	0.071128692390916	4.48676098568235	0.802539763585529	0.431389070326785	0.88485749980392	-5.39187102750642
1:20482-20649	-0.0711030698226831	4.00574728710023	-0.628940358347007	0.536290349712094	0.924624517185608	-5.50429656585757
15:50174-50453	-0.0710516783342845	4.73665221055303	-0.594152854428979	0.558869379735828	0.92905427932109	-5.52369433458933
13:515614-515861	0.0709780336406629	4.54088503540341	0.626067227892628	0.538136347086253	0.924624517185608	-5.50593875045687
7:276817-277187	0.0708529667201026	5.12413080773487	0.63494463649981	0.532443656991643	0.922654978201547	-5.50084147252092
3:463134-463515	0.070851544805719	5.36748552189412	0.717350015629869	0.481201906443419	0.898751412340846	-5.45026467988094
9:243950-244395	-0.0708345535993544	5.11587266694512	-0.701120093245599	0.491061186412435	0.903778729597886	-5.4606889557309
9:615916-616219	-0.0708019010990988	4.68407215524284	-0.753320626762526	0.459768218043499	0.89455496007368	-5.42635886879884
12:228539-229017	-0.0707170268238508	5.41230879956074	-0.785927780239627	0.440843469858424	0.888872275365647	-5.40373932706139
15:366412-367279	0.0707043931302422	5.92791846889422	0.713500508812325	0.483529870302884	0.899160656200959	-5.45275759758551
10:586691-587586	0.0706421607555239	5.93964195824786	0.788205222201227	0.439539805675801	0.888872275365647	-5.40212594486441
8:504591-504809	0.0705903014594922	3.83460027437414	0.42624011117241	0.674347072599682	0.944676949914767	-5.60225275699314
2:422674-422943	0.0705389261753266	4.92943440256761	0.752236074825881	0.460405972709982	0.89455496007368	-5.4270957564846
7:577036-577932	0.070532509962101	6.08168072815741	0.757778532028684	0.457152397903059	0.893703229955274	-5.42331950976532
3:728078-728967	0.0705152975315313	6.25448268496853	0.729094148567868	0.474140359249048	0.898248575839062	-5.44258092253644
6:660774-661180	-0.0704660202927103	4.94493435451421	-0.789198009979043	0.43897225403411	0.888872275365647	-5.40142126973994
10:228188-228535	0.0704227702447815	5.1433995013759	0.77077526666327	0.449577570916217	0.893239960253339	-5.41436236953775
15:230396-231202	-0.0703900767552188	6.109611138012	-0.789082911762961	0.439038029590468	0.888872275365647	-5.40150300828635
6:102739-104213	-0.0703528355748588	8.91239048719472	-0.564734515864037	0.57834363532722	0.932435827217715	-5.53926876082686
7:432061-432974	0.0703137782788774	6.03438353840186	0.851088819292335	0.404490383645992	0.874637177391045	-5.35586346224797
11:497030-497314	0.0702453837786488	4.66504572704994	0.727210295817683	0.475268954813726	0.898248575839062	-5.44382139483128
11:482026-482362	0.070216145725019	4.8484465949495	0.663761602450529	0.514192629537096	0.913269649796611	-5.48382251735197
4:913499-913756	-0.0702052096055663	4.58471447664318	-0.712727931803132	0.483997871038568	0.899283715553603	-5.45325638463228
13:55407-56007	0.0701598019218217	5.58412489747405	0.749410387510836	0.462070070303698	0.895579482100619	-5.42901095051185
12:343068-343489	0.0700868429880419	5.23244430799653	0.778719100210074	0.444985559581713	0.889268495188334	-5.40881729682081
3:521794-522055	-0.069996770447549	4.62791932968836	-0.742512977469614	0.466147189153463	0.897023137706027	-5.43365738340727
10:131018-131860	0.0699748909025519	6.1037494039177	0.732549859491142	0.472074198002369	0.898248575839062	-5.44029754481532
15:6672-6996	-0.0699672012527097	4.83608395809468	-0.699373308960505	0.492129224397358	0.903851081890442	-5.46179741938354
3:584801-586216	-0.0699119009308191	9.30607706332077	-0.585693111353926	0.564434373437951	0.929218970885025	-5.52825110209866
17:284120-284707	-0.0698151953440416	5.39146978279901	-0.674543427769133	0.507454838552348	0.911513601656283	-5.47726974467861
14:264842-265348	0.0697883308795459	5.40426628695769	0.591009005779745	0.560934123557628	0.92905427932109	-5.52539508868197
4:482599-482875	0.0697015939457293	4.72183823439191	0.600726829558473	0.554564728282577	0.92905427932109	-5.52010989792145
1:1089674-1090570	0.069683188581056	6.12587865954589	0.730794124884299	0.473123281055255	0.898248575839062	-5.44145892828237
17:170306-171266	0.0696434636230201	6.03175817034594	0.719514286410105	0.479895960863918	0.898248575839062	-5.44885754012729
9:79583-81039	-0.0695839143479642	8.95299883684913	-0.673372144642119	0.508184380429934	0.911513601656283	-5.47798647319514
1:169266-169504	0.069505391584828	4.15619518080843	0.632637839897576	0.533919749922315	0.923387987512937	-5.5021726110772
18:233028-233526	0.0694392209484693	5.66344804375473	0.764408814487468	0.453278515175844	0.893239960253339	-5.41876788852229
4:198301-198594	0.0692193320841463	4.9971190968197	0.724603141366045	0.476833481312501	0.898248575839062	-5.44553314443805
11:123171-123889	0.0691368976882805	5.82148248552381	0.864003948125253	0.397519857903796	0.870072803900924	-5.34595520079491
13:416726-417129	-0.0690467804327826	5.03357221387865	-0.800502905889674	0.432541478320693	0.885862205166466	-5.39333870605328
4:735470-737715	-0.06897985161969	7.32057597971672	-0.73232027096806	0.472211302997683	0.898248575839062	-5.44044956249216
10:259515-259886	-0.068945548997565	5.01540143395939	-0.629689023155296	0.535809892420235	0.924624517185608	-5.50386747110301
2:560679-561062	0.068915577341234	5.18154815912528	0.753780324934527	0.459498059715273	0.89455496007368	-5.4260462303592
17:393110-394742	0.0688468606161754	6.99459521419207	0.753264095279289	0.459801447416335	0.89455496007368	-5.42639730319679
11:517346-517655	-0.0688344521756878	4.94281958083223	-0.654182784767048	0.520220323942725	0.917426866022063	-5.48955968451515
3:169641-170418	0.0687745053104551	5.92700189503166	0.657804615527754	0.517936610410626	0.915795621117662	-5.48739976883539
11:386394-387085	-0.0686401407877373	5.6682414661669	-0.626100511229151	0.538114942819303	0.924624517185608	-5.50591976807628
2:697762-698054	0.0685547760605827	4.83724433063268	0.740037603492872	0.467615621158293	0.897023137706027	-5.43531504951491
6:539565-540516	-0.0685373648932126	6.24838073842278	-0.789873506079439	0.438586348622994	0.888872275365647	-5.40094133252527
7:535586-536246	0.0684500238857781	5.77171447143621	0.699331292658242	0.492154930939909	0.903851081890442	-5.46182404953682
17:220397-221778	-0.0684281426910669	6.84019295408153	-0.780715181279288	0.443836235569337	0.888874834232216	-5.40741559251339
14:165816-166575	-0.0683562573438623	6.03523794673071	-0.747019012054898	0.463481207172256	0.896055979125587	-5.43062647808766
5:605837-606671	-0.0683145369266898	6.2629314955424	-0.834083375134408	0.413787514916806	0.874984542969067	-5.36869917877957
14:265937-266338	-0.0682787045248983	4.97074836591513	-0.617738724258821	0.543506735212951	0.925346575432928	-5.51065830152156
17:21135-22363	-0.0682718486293137	9.28872863020511	-0.573543602405463	0.572476380022792	0.931783373448007	-5.53468512965312
1:513444-513665	-0.0682613405222883	4.32502746403089	-0.632364046530341	0.534095094473719	0.923387987512937	-5.50233029574478
6:47164-47618	0.068235390583931	5.41416274667553	0.786467863438948	0.440534097718109	0.888872275365647	-5.40335711691815
7:229411-229936	0.0682129540693728	5.37436655625537	0.612508467418517	0.546893902998963	0.927037763886458	-5.51359115183316
17:248979-249731	-0.068173418626988	5.83310671996049	-0.682708792302609	0.502385434374193	0.910954831448707	-5.47224029004105
17:320873-321276	-0.0680768530770157	5.3197958145087	-0.673024861650026	0.508400801596812	0.911513601656283	-5.4781987537703
3:39839-40100	-0.0680380627853854	4.56838987148611	-0.580699246329087	0.567732839335988	0.930590997675752	-5.53091144856759
4:831500-832352	0.0680084209375886	6.09877791937896	0.793095203241953	0.43674870244625	0.887778016416628	-5.39864705189299
9:679135-679601	0.0679861791915446	5.14536076421116	0.586943507951871	0.563610035121544	0.929218970885025	-5.5275815508225
5:131399-131595	-0.0679112994901843	4.43903274344117	-0.65697407364562	0.518459808738194	0.915795621117662	-5.48789607664263
10:301719-302350	-0.0678924317676683	5.7590748032608	-0.663835780149324	0.51414610412934	0.913269649796611	-5.48377777878721
11:414305-414559	-0.0678536040711943	4.47502066455784	-0.437243825543422	0.666477171989593	0.944676949914767	-5.59787744396389
12:90383-90774	-0.0678188672088238	5.14102053865722	-0.622128350080301	0.540672647213271	0.924624517185608	-5.50817836638853
18:196053-196450	-0.0678063290814652	5.10677584742951	-0.59353290568936	0.559276221264589	0.92905427932109	-5.52403040097625
13:161485-161921	0.067711580241955	5.18966258009755	0.74884050269787	0.46240612210544	0.895579482100619	-5.42939638525512
4:22611-22867	0.0676205917500763	4.37112210724089	0.52476208882819	0.605342129620188	0.937957106686267	-5.5592046674705
4:563989-564875	0.0675885217107739	6.31289504463004	0.74516573434576	0.464576587428507	0.896717458962374	-5.43187514324181
7:424300-424496	-0.0675334661092339	4.24906668962548	-0.760506801912543	0.455555934803254	0.893703229955274	-5.42145108912185
15:137427-137939	0.0674333831786278	5.3801700267353	0.592023496875296	0.56026741640839	0.92905427932109	-5.5248472202531
2:321165-321548	0.0673789101201079	5.81949142790899	0.719302749082529	0.480023513290351	0.898248575839062	-5.44899525166869
9:370611-370874	-0.0672611716797471	4.62159265191809	-0.605972002533305	0.551142711966643	0.928808275136556	-5.51722278446053
3:54541-55600	-0.0672027737967875	6.36117252136814	-0.639191855594299	0.529731723927935	0.921200049939881	-5.49837848373914
10:395528-396024	0.0671787013230647	5.43988149970943	0.689075787834378	0.498452573338916	0.907226286279446	-5.46827862471684
6:423262-423605	-0.0671451508557199	4.73703847650608	-0.596288540574656	0.557469018230067	0.92905427932109	-5.52253402098161
10:245513-245848	0.0671251596735329	4.81231243443347	0.761804024691282	0.45479804080357	0.893647265961363	-5.42056049060845
8:436722-437138	-0.0671102550219169	5.46825028480735	-0.610617676421555	0.548121155877747	0.927037763886458	-5.51464551456781
12:293446-293695	0.0671065019065358	4.53669243300152	0.63825368952699	0.530330111979654	0.921200049939881	-5.49892388414169
2:444611-445016	-0.0670830244398655	5.00592379065925	-0.710829432598049	0.485149037181823	0.899555442555328	-5.45447991082454
14:73767-74930	-0.06706830912277	7.07761596141607	-0.670371641702738	0.510055957580128	0.912474207085792	-5.47981712210317
10:218206-218888	-0.0670492465324868	5.82250927615108	-0.688820991812081	0.49860962114554	0.907226286279446	-5.46843783476116
11:468368-469155	-0.067013447726973	6.24752237987997	-0.818752564717541	0.422284585504211	0.881597856677633	-5.3800648817101
11:406054-407066	0.0669276751114092	6.31416396720708	0.617806276127875	0.543463061384247	0.925346575432928	-5.51062026547667
14:385834-386129	-0.0669019099054093	4.88146167604232	-0.694086874035332	0.49536965505054	0.906822327346996	-5.46513607083911
10:333679-333919	0.0668484855951359	4.36499669578362	0.72017636988454	0.479496867204843	0.898248575839062	-5.44842627405982
3:473812-474230	0.0667509535173458	5.2809830850835	0.784390217442207	0.441724953448218	0.888874834232216	-5.40482609644036
7:468237-468588	0.06668559061937	5.22935373565723	0.780902271562529	0.443728604204122	0.888874834232216	-5.40728404028691
2:460499-460838	0.0666592880714632	5.29073016360692	0.52550936928658	0.604831866209744	0.937957106686267	-5.55884497675843
10:353343-354423	-0.0666073647153826	6.70719772516997	-0.690829597724307	0.497372350059688	0.907077989549772	-5.46718123428647
1:98775-99545	-0.0666043087498327	6.05346462300681	-0.781618676091826	0.443316611153064	0.888874834232216	-5.40678002885444
2:391696-392098	-0.0665734219621577	5.26749878117403	-0.588619316472331	0.562506217285676	0.929218970885025	-5.52668204661174
9:304125-304413	0.0665647840377703	4.75786227453971	0.55145185431453	0.587247525958698	0.936510480280067	-5.54605047207546
13:516514-516791	0.0663599256440746	4.73736199704317	0.680568363032858	0.503711516110348	0.911513601656283	-5.47356425372122
12:180632-180857	-0.0662890401434639	4.86804794032726	-0.632349446090956	0.534104445860365	0.923387987512937	-5.50233870267895
10:398769-399988	-0.0662880911538837	7.54596375944037	-0.611295956333627	0.547680737672775	0.927037763886458	-5.51426764507066
1:621443-621831	0.0662451051885595	5.15454198908301	0.524401473851022	0.605588441416765	0.937957106686267	-5.55937806561817
14:430376-430627	0.0662382505176753	4.6358070384158	0.606647254749439	0.550702980523957	0.928808275136556	-5.51684935100088
2:816977-817225	-0.0662249606354637	5.04230949407853	-0.761783961307258	0.454809756894545	0.893647265961363	-5.42057427582474
12:456507-456855	-0.0662182790492976	5.15681823882306	-0.578774076966975	0.569007062757206	0.930590997675752	-5.53193116498923
9:248964-249861	-0.0661270117257926	6.27809401104279	-0.681179440653529	0.503332726710102	0.911374306130427	-5.47318667454459
9:460364-461262	0.066124780450969	5.96828415925855	0.709269491531016	0.48609610738329	0.899555442555328	-5.45548293410448
3:785043-785927	0.0660145151214113	6.04227924926362	0.705759949587658	0.488230739079209	0.901561536305831	-5.45773189770321
1:1013959-1014321	-0.0659984497053356	5.0524947744925	-0.617124172535581	0.543904143119821	0.925671081598601	-5.51100415034226
1:278049-278967	0.0659829482153143	6.1972064236237	0.720445731253152	0.47933455602551	0.898248575839062	-5.44825071090368
2:641964-642290	0.0659751367987473	4.98601769752089	0.6198520640163	0.542141302090317	0.925346575432928	-5.50946646512897
20:148953-149288	-0.0659537052308155	4.65493306880781	-0.677133581398688	0.505843642705589	0.911513601656283	-5.47568057513569
13:124918-125208	0.0659324327986468	4.86891818374345	0.618382397022504	0.543090662295917	0.925346575432928	-5.5102957102289
1:595372-595640	-0.0658265039980011	4.52435836046504	-0.544024727151325	0.59225577572746	0.937957106686267	-5.54977444722101
18:85882-86395	-0.0658220640925382	5.10606798142335	-0.650580921541112	0.522496965849895	0.91744885811909	-5.49169640007007
5:102496-103147	-0.0657973809168402	5.89872419945589	-0.675888447356758	0.506617812801445	0.911513601656283	-5.47644524135049
7:685930-686672	0.0656552871670328	5.99448564002144	0.738591005769319	0.468475039759433	0.897258997844768	-5.43628136742664
13:121354-121721	0.065647111819974	4.84070773063898	0.603578732781511	0.552702726885602	0.92905427932109	-5.51854311082016
12:49830-51653	0.0656046627684717	8.41711960338831	0.767657026684472	0.4513879617759	0.893239960253339	-5.41652444200274
9:579404-580091	-0.0655873551201251	6.05719195142091	-0.72861268700527	0.474428647049414	0.898248575839062	-5.44289824176195
3:221442-222288	0.0655806280581333	5.92424852566069	0.722354304366449	0.478185415241379	0.898248575839062	-5.44700497216484
6:749736-750128	0.0655001798467678	4.97069718081267	0.597403764436072	0.556738499858986	0.92905427932109	-5.52192653017091
10:253695-254000	0.065471831546855	4.83779003734394	0.624830903353923	0.538931743241696	0.924624517185608	-5.50664317426973
5:171071-172110	0.0654537627475076	6.38290734479935	0.789589143274481	0.43874877724479	0.888872275365647	-5.40114341790344
8:272248-272473	-0.0654494305454421	4.53034962021271	-0.591583380534708	0.560556603095068	0.92905427932109	-5.52508501294172
3:968852-969032	0.0653733952621307	4.29447720489748	0.699075778871027	0.492311276823462	0.903851081890442	-5.46198596284814
7:257048-257277	-0.0653124378119081	4.39634470660146	-0.534726787419585	0.598555071421232	0.937957106686267	-5.55436749533546
4:37482-38138	0.0653030579918283	5.68334938814996	0.637269282169176	0.530958390196847	0.92125929970818	-5.499495342657
6:300128-301042	0.0652636915995091	6.48483985266069	0.727513868895267	0.475086980559321	0.898248575839062	-5.44362170396941
4:445717-446559	0.0652617732391203	5.91950740620359	0.767679211403139	0.451375066121309	0.893239960253339	-5.41650908897199
13:66763-67249	-0.0652565951741249	5.38260725180664	-0.721263173068215	0.478842180964054	0.898248575839062	-5.44771754239577
12:35118-35550	0.0652293098496344	5.221221587003	0.598946543374526	0.555728741765984	0.92905427932109	-5.52108433896808
3:163785-164057	0.0652062255306625	4.8232364000635	0.594347242218819	0.558741844497873	0.92905427932109	-5.52358888988018
13:160106-160611	0.0651987782400161	5.28327236403617	0.750313096505665	0.461538057248345	0.895275738115723	-5.42839984955772
16:429323-429589	0.0650523107132779	4.78615396940207	0.453348264173583	0.655030160874242	0.944676949914767	-5.59127715300639
14:390114-390454	-0.0649715083109959	5.22197889662387	-0.73981017907345	0.467750671002204	0.897023137706027	-5.43546708559867
3:970990-971404	0.0649111890264731	4.94168324493601	0.625425739155492	0.53854897338055	0.924624517185608	-5.50630441974149
18:289053-290097	-0.0648605692861777	7.9571035290776	-0.542483823064254	0.593297467713688	0.937957106686267	-5.55054093454768
5:123412-124238	0.064752778891628	5.93691399166853	0.751451467592471	0.46086768050266	0.89455496007368	-5.42762822738543
4:32023-32781	0.0646971254095838	5.96265569084676	0.752896416187832	0.460017605506245	0.89455496007368	-5.42664721319722
3:858172-858410	0.0646722578949008	4.57938692489714	0.618934084391724	0.542734184788572	0.925346575432928	-5.50998464746766
8:319201-319595	0.0646530328001234	5.12679146769058	0.705736333630859	0.488245121538278	0.901561536305831	-5.45774699534403
2:501443-501923	0.0646516203493466	5.80404318874013	0.709174445764134	0.48615384618886	0.899555442555328	-5.45554397994875
2:756463-756823	0.0646425158580612	4.64236444115635	0.630351329911612	0.535385049782585	0.924624517185608	-5.5034874645317
11:531114-531884	-0.0646373351956386	6.03788082098659	-0.672980540911758	0.508428425301918	0.911513601656283	-5.47822583781032
9:260053-260380	0.0646020110272936	4.95721617975107	0.626877256706028	0.537615553920713	0.924624517185608	-5.50547649462264
2:178928-179282	0.064549497455558	5.23093487543543	0.710471327145411	0.485366354933967	0.899555442555328	-5.45471035280284
6:201691-202537	-0.0645448131947077	7.0081450604701	-0.692908396638453	0.496093692509315	0.906822327346996	-5.46587706209713
1:885032-885926	0.0645123764211624	6.19610606324376	0.766638447769782	0.45198028796476	0.893239960253339	-5.41722890568652
12:402788-403165	-0.0644698423565551	5.12999151822916	-0.612266608971745	0.547050804168856	0.927037763886458	-5.51372619407486
4:62523-62896	0.0642853621975306	5.16538694624416	0.609253414234673	0.549007562462771	0.927909399291104	-5.51540432427565
13:407973-409135	-0.0642607966892239	8.43033340608852	-0.528867904586442	0.602541129118508	0.937957106686267	-5.55722227041394
9:520700-521133	-0.0642338276317336	5.54156251738097	-0.571511159579545	0.573827382980198	0.932435827217715	-5.53574874863966
1:381979-382460	0.0640935339869628	5.33236785777916	0.633897643598725	0.533113340768788	0.923100701462706	-5.50144621538021
18:342859-343213	-0.0640429592022222	4.78408438689811	-0.624258803125426	0.539300021159768	0.924624517185608	-5.50696868955046
1:186197-187161	-0.0640121905046609	6.48809466116208	-0.73445320088047	0.470938473837042	0.898248575839062	-5.43903555249827
12:466638-467043	-0.0639706485157001	5.17584635356416	-0.717715699864718	0.480981102616871	0.898751412340846	-5.45002720509181
8:673687-674486	-0.0639463961592952	6.00497923639383	-0.720139512873564	0.479519078926225	0.898248575839062	-5.44845029173181
4:56444-56666	-0.063857219100794	4.3259678102971	-0.699090573347547	0.492302223476902	0.903851081890442	-5.46197658945327
9:188132-188467	0.0638449576912832	4.92649924206953	0.667510058495972	0.51184448554341	0.912997660815812	-5.48155575903618
7:698546-698830	-0.0638401411913998	4.93887245872837	-0.641605353294507	0.528194024392638	0.920751094142076	-5.49697188168132
10:583851-584051	0.0638324909096619	4.26009890400223	0.504639509256086	0.619159569533853	0.937957106686267	-5.56870330681676
8:665099-666490	0.0637804578208083	6.71874251502219	0.757861908350269	0.457103559812072	0.893703229955274	-5.42326250400824
10:128891-129793	0.0637673560390182	5.84502891056823	0.655992599972929	0.519078464304186	0.916315386302636	-5.48848180551488
7:342659-343640	0.0637364029588596	8.95948904023461	0.375092131489215	0.711420285933753	0.95184994639547	-5.62115196605559
16:127308-127696	-0.0637213206439178	4.95454985935091	-0.593395011686084	0.559366735229402	0.92905427932109	-5.5241051056632
16:266004-266491	0.0635912616910019	5.56123813920732	0.724024618614304	0.477181057088871	0.898248575839062	-5.44591219123557
15:210128-210528	0.0635380722120775	5.17576820171788	0.676244542649966	0.506396339974336	0.911513601656283	-5.47622669156544
1:75858-76296	0.0635374435486984	5.19168121626916	0.531566588818422	0.600703499057718	0.937957106686267	-5.55591111003049
3:689166-689758	-0.0635041740367281	5.78124178015443	-0.692037623096762	0.496629071064486	0.906822327346996	-5.46642381046728
2:434079-434414	-0.063501827300037	5.07760105262063	-0.475662211073012	0.639312778205937	0.942259996464262	-5.58174636888456
16:193439-193755	0.0634978289867423	4.56533489434737	0.606032465569897	0.551103330233822	0.928808275136556	-5.51718936299289
17:396426-396706	-0.0634182797327885	4.79187535053305	-0.588446965684809	0.562619689182084	0.929218970885025	-5.5267746713018
5:492613-492812	-0.0634047678049328	4.44945911106262	-0.637926890631423	0.530538639835709	0.921200049939881	-5.49911368782499
15:426706-426913	-0.0633947314211545	4.7143757891762	-0.694244888255898	0.495272619772106	0.906822327346996	-5.46503662536626
9:466748-467634	0.0633007555096707	5.82625137912657	0.716100384284875	0.481956893621217	0.898810707240777	-5.45107532465966
20:23708-24845	0.0632419664081443	6.41795914514947	0.608087153026207	0.549765923130789	0.928356284854995	-5.51605171215002
4:930043-930404	-0.063218626158263	5.33773363647046	-0.687374571542477	0.499501681834986	0.908480100728728	-5.46934057468945
2:876959-877335	-0.0631462188372192	5.01366137734041	-0.618560826923485	0.542975354588474	0.925346575432928	-5.51019513363951
5:560516-560719	0.0630434939924642	4.51066768075449	0.592877494098821	0.559706503145073	0.92905427932109	-5.52438532407779
6:352376-352688	0.0630282702135583	4.79853689600771	0.665456481132613	0.513130162489106	0.913269649796611	-5.48279910085933
6:236910-237693	-0.0629562438497828	6.23881880537552	-0.667406878980499	0.511909039726979	0.912997660815812	-5.48161831634992
15:447324-447830	-0.0629276721494065	5.66402900585069	-0.67414428716879	0.507703379699472	0.911513601656283	-5.47751411894273
14:28714-29046	-0.0629270432600348	4.93233458369736	-0.652259709860179	0.521435164659886	0.91744885811909	-5.49070190246283
3:72921-73227	-0.062903846000502	4.74918127193539	-0.522309359337528	0.607018374126438	0.937957106686267	-5.56038175512861
12:141834-142270	-0.0628168980812926	5.3915146153486	-0.68451585510541	0.501267432010308	0.909556629310927	-5.47111945341255
14:283884-284631	0.0627807012825334	6.09032142504631	0.521914113831043	0.60728870104902	0.937957106686267	-5.56057093621923
2:102279-102629	-0.0627623715422905	5.28025159677319	-0.582441650056471	0.566580850185914	0.92996548787391	-5.5299857242365
8:27558-27790	-0.0626874883391491	4.58431506414283	-0.565875031265807	0.577582290700816	0.932435827217715	-5.53867917762689
1:378319-379370	0.0626860098584476	6.25180891708206	0.612638312113994	0.546809678540272	0.927037763886458	-5.51351863161061
8:618816-619174	-0.0626098024451549	4.83700887831215	-0.579749503095745	0.568361268234696	0.930590997675752	-5.53141491305379
2:448664-449250	0.0625753083852185	5.69594588875677	0.702780735327709	0.490047059693731	0.903026199748514	-5.45963272496974
5:626215-627090	-0.0625217613544748	6.16302955430623	-0.6427084952481	0.527491999289376	0.92048896250263	-5.49632727516005
2:953193-953595	-0.0624954769807111	4.60409747238782	-0.559459139581292	0.581871762050656	0.935135747683786	-5.54198088310342
4:353536-354674	-0.0624656574386844	7.74402063779145	-0.671558234189542	0.509315352489358	0.911513601656283	-5.47909409601744
6:374650-375563	0.0624285897605361	6.19141820523102	0.742768376135174	0.465995839167462	0.897023137706027	-5.43348605563536
4:683204-683494	-0.0624031747281126	4.99145867639498	-0.560335574252119	0.581284862178926	0.934610748159536	-5.54153200354963
14:520995-521311	0.0623909236565563	4.88106043261816	0.523411477806232	0.606264888743294	0.937957106686267	-5.55985350056187
6:376544-377320	-0.0623542079268651	6.37406126526842	-0.641502757682288	0.528259340875078	0.920751094142076	-5.49703177825465
10:365249-366649	0.0623329436314162	6.73442601269318	0.704525071682778	0.488983126572546	0.901808188932309	-5.45852071113232
6:26218-26899	0.0622125185293969	5.57906526382687	0.657179849206461	0.518330153466794	0.915795621117662	-5.48777316687848
1:66642-66916	-0.062196493753123	4.71162101704391	-0.590973740075041	0.560957307025851	0.92905427932109	-5.52541411739366
20:145007-145330	-0.0621510278522637	4.62911000006628	-0.663142016562082	0.514581335296482	0.913269649796611	-5.48419602007933
11:583651-584393	-0.0621233990554702	6.03618275461447	-0.73234428749119	0.472196959778059	0.898248575839062	-5.44043366251331
5:185364-185663	-0.0620981198460928	4.43680785506969	-0.674688690004371	0.50736440214091	0.911513601656283	-5.47718077354558
3:135016-135511	-0.0620527242341673	5.63572994287441	-0.673612537178953	0.508034602078484	0.911513601656283	-5.47783946953304
11:365852-366735	0.0620318288394222	6.26162785256283	0.624486549439633	0.539153397867291	0.924624517185608	-5.50683914002531
2:413866-414204	0.0619630670589926	5.29543765380641	0.47042493708891	0.642986552505931	0.942259996464262	-5.58402348429415
6:238674-239057	0.0619459264476196	5.14395828687993	0.623624423698883	0.53970854832188	0.924624517185608	-5.50732930639634
4:751203-751891	0.0619148362649682	5.67303315787874	0.691428100158051	0.49700402141691	0.906885446335952	-5.46680613431537
1:440664-440874	-0.061848651416434	4.66401953996904	-0.552005126091644	0.586875288636397	0.936510480280067	-5.54577110473224
13:434524-434906	-0.0617317417348371	4.96187938793684	-0.621541788634559	0.541050891005954	0.924624517185608	-5.50851072132394
9:418120-418945	0.0617140721423475	6.02639171562822	0.649660943306729	0.523079340061656	0.91744885811909	-5.49224034772352
11:485458-485784	-0.0617071166462608	4.87700903240626	-0.586441626359031	0.563940831445966	0.929218970885025	-5.52785045920074
18:235810-236253	0.0616802888154284	5.60498821611304	0.701883472154164	0.4905948531766	0.903585026426117	-5.46020371223717
18:302653-303788	-0.0616607236687372	8.52955072042206	-0.420611569102563	0.678387544460367	0.945055290695488	-5.60444851559757
18:215125-215779	-0.0616561705894894	5.44650368651043	-0.637171568710759	0.531020775971203	0.92125929970818	-5.4995520202661
14:224921-225313	-0.0616433922016713	5.08995333900659	-0.678463228088396	0.505017665204418	0.911513601656283	-5.47486252920358
7:38347-38822	0.0616036779658051	5.30348199564682	0.63972605765404	0.52939115997272	0.921200049939881	-5.4980675843153
7:733218-733775	-0.0615753763212741	5.19986717769548	-0.637869905130555	0.530575006422032	0.921200049939881	-5.49914677528551
1:323085-323931	0.0615729283058624	6.06756512156857	0.649343851212127	0.523280151918458	0.91744885811909	-5.49242766165044
13:317223-318069	-0.0615589376547785	5.94311455238245	-0.698479538616282	0.492676220477738	0.903851081890442	-5.46236356856039
11:210017-211053	0.0615359576087773	6.20450241057331	0.741921610101653	0.46649774766839	0.897023137706027	-5.43405387429515
5:42676-42937	-0.0614738763119016	4.65341080921715	-0.626868212060669	0.537621367508195	0.924624517185608	-5.5054816592557
8:198585-199483	-0.0614723622699014	6.08662501057584	-0.725246094415618	0.476447370640491	0.898248575839062	-5.44511154752236
3:509819-510402	0.0614013169471139	5.13507449415179	0.548829862957496	0.589013177834797	0.936510480280067	-5.54737072538772
14:206779-206972	0.0613389219627605	4.17514256493115	0.494635885995965	0.626083313598687	0.938022514810517	-5.57329096494224
18:93358-94622	-0.0613335385407741	6.36526379455986	-0.653399006271275	0.520715261532723	0.91744885811909	-5.49002560047535
6:259456-260244	-0.0613206671108681	6.15843280420137	-0.648197292181543	0.524006612959069	0.917626603914238	-5.4931042325278
4:61300-61502	0.061280589378768	4.44884610289263	0.501083891014291	0.621616387522485	0.937957106686267	-5.57034415282609
5:590965-592592	0.0612731918090148	7.07896243442283	0.725180057544904	0.476487019085902	0.898248575839062	-5.4451548654681
6:430367-431137	-0.0612642642146488	5.78445216342664	-0.701622796691963	0.490754065961102	0.903585026426117	-5.46036946745745
1:358313-358837	-0.0612615644420345	5.73942243854244	-0.671940210942212	0.509077072586941	0.911513601656283	-5.47886108713833
1:307464-308445	0.0612088186488275	6.01503373366299	0.535009647323245	0.598362954785385	0.937957106686267	-5.55422889843549
6:105916-106992	0.0612042852357488	7.56130597767061	0.618301757967063	0.543142778400507	0.925346575432928	-5.51034115536656
1:231824-232031	-0.0611181461397559	3.95046364837318	-0.678043855917601	0.505278097074089	0.911513601656283	-5.47512070671309
6:704114-705112	0.0610789141815502	5.85342185724646	0.536879399660451	0.597093787631543	0.937957106686267	-5.55331096206465
7:502461-502811	-0.0610728815190003	5.12401296498513	-0.590841610448491	0.561044172699934	0.92905427932109	-5.52548540233536
2:1031754-1032189	0.061064208675651	5.21904859231632	0.644418102988843	0.526405037930389	0.920386308506415	-5.49532619636876
7:125072-126297	0.0610470700900017	8.58694690389777	0.531593758834666	0.600685011864937	0.937957106686267	-5.55589787651808
2:357039-357251	0.0610260520361381	4.7745006511835	0.527152365142994	0.603710713113002	0.937957106686267	-5.55805240198478
10:531577-532985	0.0609853385887984	6.49652069941757	0.667217689987234	0.512027417525724	0.912997660815812	-5.48173299691602
1:162657-164303	0.0609733233869907	6.89441349042159	0.72148161384171	0.478710656354475	0.898248575839062	-5.44757496976081
13:454267-454804	0.0609350119629894	5.7101022650461	0.606108876007344	0.551053563516206	0.928808275136556	-5.51714712187731
14:539111-539736	0.0608996906863721	5.44706465520671	0.531391298007943	0.600822778167816	0.937957106686267	-5.55599647194709
2:577408-578142	0.0608938699449197	5.9973321531944	0.680209425950907	0.503934086190352	0.911513601656283	-5.47378588735638
11:105464-105960	-0.0608913222164791	5.14604820413429	-0.585646320772998	0.564465232760586	0.929218970885025	-5.52827613039892
15:434933-435206	0.0608069814041263	4.75401311289194	0.622421441705742	0.540483700465541	0.924624517185608	-5.50801218342608
10:142935-143324	-0.0607810048051078	5.04161956687341	-0.54981896942452	0.588346803352468	0.936510480280067	-5.5468733951824
10:104274-105367	0.0606303578534382	6.48768524172602	0.661890853259132	0.515366769718988	0.914229630025126	-5.48494924039423
11:147246-147457	0.0606068235658554	4.49357281432584	0.539678187905425	0.595196462741327	0.937957106686267	-5.55193112456395
8:37979-38576	0.0606059468121991	5.5414370337486	0.519483318370607	0.608952503715745	0.937957106686267	-5.56173135921227
3:501329-501636	0.0605493908800607	4.68851418289204	0.582873818004421	0.566295309076616	0.929837785556469	-5.52975570326819
1:563594-564018	0.0605157274012864	5.29693747176049	0.591775859007149	0.560430121954579	0.92905427932109	-5.52498103872086
13:344215-344675	-0.0605029428954227	5.11933480095115	-0.663949387625749	0.514074852310243	0.913269649796611	-5.48370924982336
7:115755-116101	-0.0603033802414492	4.85810176257734	-0.474519031873711	0.640113874522774	0.942259996464262	-5.58224551133155
6:696717-697539	-0.0602030548827823	6.02821513622787	-0.678422814962778	0.505042758616207	0.911513601656283	-5.4748874152925
8:385213-385765	-0.0600705822277581	5.40599926150939	-0.579509062969549	0.568520420022095	0.930590997675752	-5.53154224572967
7:90345-91717	-0.0600483691238782	6.69931881474344	-0.686920838889425	0.499781702938535	0.908620187795646	-5.46962338687737
7:3855-4084	-0.0600365636236901	4.70746896785615	-0.579185427134635	0.568734676718633	0.930590997675752	-5.53171355690505
12:105155-105447	0.0599840532313447	5.07177192203273	0.567369660644634	0.576585327157616	0.932435827217715	-5.5379047977629
10:554431-554609	0.0599821992026044	4.22452635707299	0.514853909953438	0.612127199289153	0.937957106686267	-5.56392681039668
16:36444-37266	-0.0599766290428256	6.32552625274847	-0.713740236124887	0.483384705335036	0.899160656200959	-5.45260272216289
7:693905-694792	-0.0598906455008166	6.26497492791942	-0.602009479563236	0.553726881236148	0.92905427932109	-5.51940611469941
3:84552-85256	-0.0598694870876209	5.80347651840026	-0.644519098084596	0.526340864139187	0.920386308506415	-5.49526697809324
14:330563-331258	0.059738666899074	5.92959933262765	0.663860160363782	0.514130812992687	0.913269649796611	-5.48376307338357
5:71123-71492	-0.0596659059472264	4.82435458115796	-0.54163957621328	0.593868582915709	0.937957106686267	-5.5509599927348
1:161995-162346	-0.0596424829404771	4.95349024554546	-0.549842086715499	0.58833123339441	0.936510480280067	-5.54686176126898
12:392335-392679	0.059630282328885	5.01452939755834	0.638010613241819	0.530485212823703	0.921200049939881	-5.49906507088085
1:234541-235101	0.059586791408492	5.52804268240145	0.582923555137507	0.566262451620689	0.929837785556469	-5.52972922017538
2:350416-350880	-0.0595269593137342	5.52973677904262	-0.558969839510815	0.58219954860663	0.935135747683786	-5.54223119022803
9:98550-99959	0.0595241475833239	8.2094975926591	0.627648331160026	0.53712005845275	0.924624517185608	-5.50503593659134
1:406330-406580	0.0594447164000345	4.69135332147939	0.479554020592095	0.636588937582743	0.942259996464262	-5.58003831603742
10:310313-310787	-0.0593944189576776	5.3478191108219	-0.671715288241073	0.509217373425155	0.911513601656283	-5.47899830706151
3:693416-693829	-0.0593834382163951	5.4537810089901	-0.676268234939801	0.506381606537826	0.911513601656283	-5.476212146782
7:77013-77405	0.0593738480867554	5.33363504666441	0.583945159291891	0.565587774647665	0.929603475683682	-5.52918477380926
15:483161-483509	0.0593427173864693	4.67326757932307	0.709839739779869	0.485749774217961	0.899555442555328	-5.45511651330478
3:292149-292545	0.0593422134117239	5.04412957350187	0.642118102829855	0.527867653716203	0.920751094142076	-5.49667239493644
8:349575-349913	-0.0593301025146085	4.72618727501818	-0.508177678952188	0.616719335722075	0.937957106686267	-5.56705931010417
20:162499-162844	-0.059269401414177	4.89757929693613	-0.576126650961567	0.570761723512846	0.931702944727753	-5.53332810980163
1:263393-264441	-0.0591622097478881	6.43450112962268	-0.594083842665499	0.558914661086581	0.92905427932109	-5.52373176169869
1:481499-481773	0.0591255104084709	4.6155220282831	0.632022376495816	0.534313952846457	0.923393533953954	-5.50252698065612
6:76907-77208	-0.0590927686502116	4.43257441459968	-0.498421679716649	0.623458862412198	0.937957106686267	-5.57156531721474
11:411900-412686	0.0590392114188516	6.0842107295619	0.626787823167304	0.537673040218852	0.924624517185608	-5.50552755942502
2:505052-505858	-0.0590375658657374	6.06591454919184	-0.614048258278227	0.545895553753219	0.927037763886458	-5.51273020517968
4:747500-748611	-0.0590064934933014	6.48545043617026	-0.716509010776	0.48170993848811	0.898763520080358	-5.45081039283317
12:64681-64940	-0.05898666110168	4.08348849831803	-0.402755287218346	0.691271129257392	0.94652673539571	-5.61122480638254
1:115714-116009	-0.0588935613765944	4.58831103460135	-0.549308551490425	0.588690632138501	0.936510480280067	-5.54713014540499
5:8604-9487	0.0588018957268606	6.44148462416332	0.667892423862181	0.511605298738115	0.912997660815812	-5.48132385215042
15:503270-503576	0.0587291256951676	4.77165443016505	0.520448260767114	0.60829177032359	0.937957106686267	-5.56127134076792
8:484436-484642	0.0586271045199567	4.34119666017076	0.611324697395831	0.547662079783887	0.927037763886458	-5.51425162453775
7:20356-20662	-0.0586041085533848	5.08157631221621	-0.579588916599288	0.568467560882894	0.930590997675752	-5.53149996236252
5:264764-265479	-0.0585968465055151	7.54872007278988	-0.563497230292101	0.579170151081441	0.932841164534196	-5.53990706925269
7:210951-212200	0.0585802882626361	8.09260515676773	0.452308359618788	0.655766738430924	0.944676949914767	-5.59171040455124
9:68774-69841	-0.0585793954647453	8.73109511961556	-0.471407920411366	0.642296303218813	0.942259996464262	-5.58359796885745
1:1054502-1055552	-0.058534935291954	6.33300414305016	-0.66394763492062	0.514075951521956	0.913269649796611	-5.48371030715442
3:79139-79995	-0.058479772537698	5.9077650503949	-0.691842021520849	0.496749378465449	0.906822327346996	-5.46654653659573
13:423906-424202	0.0584613732613306	4.73034082569084	0.572318918533851	0.573290256155376	0.932429936973641	-5.53532646818377
4:407378-408547	-0.0584408507847183	8.79505324044663	-0.454421800389077	0.654270139669288	0.944676949914767	-5.59082886885398
8:597688-598582	-0.0583859886489471	6.07578745284255	-0.674567474269071	0.507439867211922	0.911513601656283	-5.47725501778567
2:301797-302132	-0.0583584363788461	5.20304662877451	-0.642975078600325	0.527322425843851	0.92048896250263	-5.49617134181042
12:379396-381049	-0.0583210349755712	6.9952968087445	-0.643837372676167	0.526774125937034	0.92048896250263	-5.49566653426301
12:386169-386474	0.0582944712338049	4.61423876435906	0.545889675682021	0.590996228048623	0.93713273581024	-5.54884395529301
8:669845-670077	-0.0582754306175746	4.40470168104012	-0.518081585570005	0.609912935072325	0.937957106686267	-5.56239813227726
8:294876-295173	0.0582480894083517	4.41334210435546	0.412147954065289	0.684481892618285	0.946076158481373	-5.60769635197126
9:220733-221113	-0.0582296481511904	5.29405485983065	-0.646609165944254	0.525013768100399	0.919030749322404	-5.49403947963684
8:465167-465504	0.0582285293879403	4.85873344634975	0.595351519447563	0.558083193584644	0.92905427932109	-5.5230435958137
4:39488-39919	0.0582274265594362	5.24393756664923	0.567314865552994	0.576621861764262	0.932435827217715	-5.53793322239096
3:678956-679517	-0.0582153561269871	5.46912527900531	-0.654524589526317	0.520004563911835	0.917426866022063	-5.48935633220448
11:145208-146320	0.0582087110157348	6.18863551123903	0.603574283568767	0.55270562919974	0.92905427932109	-5.51854556069827
2:913159-913850	-0.0581992369252795	8.49668734802913	-0.455660423856055	0.653393721357321	0.944676949914767	-5.59031035976788
12:499184-499795	0.0581956858998121	5.59269243013675	0.621274240706264	0.541223466270396	0.924624517185608	-5.50866221834047
18:73155-73392	-0.0581949342157078	4.10180089558785	-0.539481872880338	0.595329450115839	0.937957106686267	-5.55202813705276
9:302079-302811	0.0581589270418341	5.95772220422463	0.672940040825433	0.508453668455466	0.911513601656283	-5.47825058559634
5:554736-555497	-0.0581440139902236	6.09423488622446	-0.588969574458709	0.562275651850064	0.929218970885025	-5.52649373061011
5:529353-529565	0.058134168167129	4.39234129349764	0.574187461483855	0.572048733402229	0.931770235950016	-5.53434742499844
11:344617-345111	-0.0580550628734038	5.43476023813303	-0.643070697690962	0.527261609899835	0.92048896250263	-5.49611539600021
4:641227-641491	-0.0579258964796354	4.42025156968119	-0.598437628766683	0.556061723280697	0.92905427932109	-5.52136238250747
2:891263-892386	0.0578692415606641	6.14912311572882	0.614789488163517	0.545415311212166	0.926833307891288	-5.51231501977457
13:167259-168272	0.0578561993345827	6.20408837663498	0.564497597219403	0.578501852587935	0.932435827217715	-5.53939109047858
1:894962-896471	0.0578047231844696	6.69226501282396	0.657392990536647	0.518195876147533	0.915795621117662	-5.48764581881241
15:276415-276650	0.0577954393354343	4.72663688156138	0.507732974893064	0.617025793911684	0.937957106686267	-5.56726655391171
5:206344-206782	0.057759788240781	5.23025327672203	0.671990224686862	0.509045878290776	0.911513601656283	-5.47883056901196
13:528622-529000	-0.0576447569109417	5.32516442743109	-0.598537258662195	0.555996527466817	0.92905427932109	-5.52130796799493
4:704275-704724	0.0576070781034215	5.29564353482694	0.633345719806441	0.533466549602489	0.923355095135631	-5.5017646218246
9:674379-674883	0.0576043201832395	5.6186525369304	0.577863038910331	0.569610568085362	0.930842242698094	-5.53241258182989
2:858717-859722	-0.0575943194724271	8.14908897641702	-0.503115850380889	0.620211811691005	0.937957106686267	-5.56940782688989
3:258525-259460	0.0575548647875328	6.0606280304571	0.606205277621218	0.550990779775743	0.928808275136556	-5.51709382196491
6:279139-280423	-0.0575519602891195	7.87823850810972	-0.408741666082065	0.686940910425483	0.946076158481373	-5.60898519251434
11:187090-187657	-0.0575228942702832	5.57507932982487	-0.548509748782874	0.589228923221466	0.936510480280067	-5.54753149556076
3:373556-374636	-0.0573150189834255	7.76157045503688	-0.693634877694858	0.49564728261787	0.906822327346996	-5.46542041388304
6:711649-711967	-0.0573098181049581	4.70630022784105	-0.486274695845862	0.631897617647802	0.939627933626179	-5.57705676188216
8:270694-270971	0.0572917293762352	4.65013585630616	0.487084677924283	0.63133328349726	0.939627933626179	-5.57669469073611
9:246466-246874	0.0572730999883158	5.12979649950319	0.574799179424505	0.5716425858075	0.931770235950016	-5.53402623971422
5:705-1775	-0.0572483211432635	6.61212559021893	-0.66664105287729	0.512388320815308	0.912997660815812	-5.48208234551836
11:522551-522936	-0.0572042003287363	4.85277843195447	-0.47367316202795	0.640706918052586	0.942259996464262	-5.58261408605974
12:154972-155339	0.0571814552701042	5.10629350826716	0.621849154774143	0.540852668429526	0.924624517185608	-5.50833660033155
1:698918-699637	0.0571685954479619	5.68265223857414	0.568243001352286	0.576003185896765	0.932435827217715	-5.53745139959631
17:193078-193839	-0.0571481682233461	6.00160547296177	-0.615557371532513	0.544918037461543	0.926691920850253	-5.51188439792307
3:179179-179398	0.0571338545841549	4.31805525995076	0.586961346872449	0.563598279118602	0.929218970885025	-5.5275719886424
10:75123-75703	-0.0571131900522897	5.59984176264008	-0.551474052728404	0.587232588762997	0.936510480280067	-5.54603926849676
11:260506-261025	-0.0570145786919429	5.38268132652908	-0.612286001678558	0.547038222628494	0.927037763886458	-5.51371536799919
1:261372-262176	0.056979198746304	5.51733607654145	0.507341621376393	0.617295546011916	0.937957106686267	-5.56744878899357
1:235773-236669	0.0569598963485038	6.26312272612075	0.56614069844542	0.577405018872583	0.932435827217715	-5.538541677437
6:414000-414307	0.0569012799325979	4.73995781717431	0.573632933949004	0.572417036905018	0.931783373448007	-5.53463829702513
2:842329-842688	-0.0568775081093271	4.96759579799838	-0.584451338778757	0.565253642688759	0.929603475683682	-5.52891467375854
2:322865-323556	-0.0568130195820977	6.57393014385836	-0.613750753204502	0.546088370488109	0.927037763886458	-5.51289671159532
4:76346-76875	0.0567992878270829	5.44636044267383	0.616229150868551	0.544483198149868	0.926304369030335	-5.51150724723011
8:113326-113822	0.0567698031978701	5.21176482904482	0.649719231164715	0.52304243145676	0.91744885811909	-5.49220590617855
17:28073-28577	0.0567677120635759	5.42034441544885	0.58119815152564	0.567402865453985	0.930590997675752	-5.53064665766136
9:618464-618845	0.0567368189499744	4.96772734637187	0.4583073229993	0.65152256500159	0.944676949914767	-5.58919769703835
5:355321-355702	-0.0567070745838461	5.26864627098398	-0.661396908443594	0.515677034126025	0.914229630025126	-5.48524622959753
7:413912-414586	-0.0566648006593411	5.81883653431456	-0.597642423020697	0.556582233600581	0.92905427932109	-5.52179638490416
15:123009-123267	-0.0566059124703955	4.90950581458025	-0.567569924310955	0.576451811408244	0.932435827217715	-5.53780088962441
4:820150-821412	-0.0566047156813543	9.1545443004937	-0.454035271758752	0.654543742366458	0.944676949914767	-5.59099039382505
1:832909-833641	0.0565870548228364	5.52362006738367	0.574182590721575	0.572051967915693	0.931770235950016	-5.53434998109005
9:364964-366096	-0.0565811557196376	7.97215303105853	-0.583718789100342	0.565737235871838	0.929603475683682	-5.52930549315189
15:79257-79880	-0.0565194546461898	5.82927182612334	-0.560293767039809	0.581312851402178	0.934610748159536	-5.54155343118583
3:135846-136134	0.056514539177293	4.55472155217972	0.408306775435802	0.687255117364172	0.946109598548924	-5.60914898635797
10:412647-412912	0.0565064574191529	4.32823727242401	0.547145602306321	0.590148747374098	0.937020014175272	-5.54821558962808
17:166747-167174	0.056448602565502	5.384753390711	0.629660320506015	0.535828308115532	0.924624517185608	-5.50388393094624
14:487340-487724	0.0563176111113606	4.90007277875667	0.538317531550241	0.59611849533995	0.937957106686267	-5.55260281357815
6:568716-569254	0.0562854680438329	5.40117055650654	0.59614601279993	0.557562416005213	0.92905427932109	-5.52261158077308
14:51271-51710	0.0562046979639037	4.9469361029379	0.460225749764644	0.650167854245124	0.944676949914767	-5.58838732065205
16:309954-310400	0.0561633227775191	5.01828407366015	0.510633714188083	0.615028104944875	0.937957106686267	-5.56591155526202
11:579594-579888	0.0561463486493201	5.04460199884075	0.591489477120655	0.56061831414314	0.92905427932109	-5.52513572645367
2:439245-439756	0.0561082186536597	5.53032956742448	0.488923742650556	0.630052819648218	0.93943043737007	-5.57587042750361
14:40769-41816	0.0560265398359947	7.34890483229741	0.635004306797777	0.532405504104718	0.922654978201547	-5.50080697819378
14:32246-32532	-0.056010092924736	4.93631198648807	-0.565238345668657	0.578007244091544	0.932435827217715	-5.53900845044892
9:402094-402326	-0.0560007270422069	4.58245274433485	-0.598527006385504	0.556003236167009	0.92905427932109	-5.52131356784733
10:542122-542588	0.0558748920911816	5.20691556406332	0.668719545732419	0.511088111121396	0.912997660815812	-5.48082176488832
17:23781-24087	-0.0558408025459141	4.68942586202082	-0.551267094517683	0.587371857182015	0.936510480280067	-5.54614370374001
2:438418-438666	-0.0558403644356087	5.16797971350189	-0.551869590201333	0.586966465362761	0.936510480280067	-5.54583956687485
3:815535-816589	-0.0556824396759499	6.44943856597903	-0.657915846381472	0.517866563017646	0.915795621117662	-5.48733325506296
7:557311-557519	-0.0556543436928756	4.28054237290359	-0.548365899717839	0.589325885043743	0.936510480280067	-5.54760371096389
11:169855-170751	0.0555904037674146	6.12717708573565	0.618640228608643	0.542924046625191	0.925346575432928	-5.51015036789291
9:97685-97954	0.0555050945889066	5.16505951628375	0.485198107115634	0.632648059791082	0.940150303992325	-5.57753709997438
14:246524-246843	0.055383041970825	4.72407488020196	0.498360490680934	0.623501240222721	0.937957106686267	-5.57159331036608
14:25837-26037	-0.0553193987855849	4.16474516406319	-0.490948182736786	0.628644665987903	0.939073964153966	-5.57495957973668
11:121424-121897	0.0552967524301922	5.12654486217043	0.602155837470716	0.553631320300525	0.92905427932109	-5.51932571715027
3:59587-60497	-0.0552026162209911	6.27035284219012	-0.610733114982539	0.548046186466844	0.927037763886458	-5.51458123223661
2:580817-581154	0.0551980047136515	4.93646771836434	0.50490855933311	0.618973849921534	0.937957106686267	-5.56857868625579
16:75034-75453	0.0551446843593286	4.92178961971773	0.473215118114906	0.641028157806298	0.942259996464262	-5.58281340373997
6:88592-88776	0.0551086700849739	4.02938942597736	0.440018983151503	0.664498533367489	0.944676949914767	-5.59675673128944
18:23292-23622	0.0549938637160459	4.93759319187613	0.558870424047974	0.582266159248148	0.935135747683786	-5.542282021481
4:293830-294135	-0.0549680321532584	4.97149147803114	-0.508694198596983	0.616363477388854	0.937957106686267	-5.56681837686429
1:717114-717632	0.0549416848191813	5.41186846618284	0.614790262705511	0.545414809504517	0.926833307891288	-5.51231458567857
2:970283-972284	0.0549302238635319	7.37192592702044	0.681828868058371	0.502930342564838	0.911014250635456	-5.47278504618004
4:289622-290588	0.054911301481404	6.47098740804982	0.648818413829682	0.523613000688512	0.91744885811909	-5.49273785781799
11:272407-273200	0.05479043731206	5.78978333554549	0.587955239306106	0.562943496033425	0.929218970885025	-5.52703879108154
14:124448-125355	-0.0547702985651179	6.33716535014998	-0.635671606909387	0.531978937077134	0.922564014861391	-5.50042101261414
5:820192-820675	0.0547493604725169	5.47279037226455	0.586204587384245	0.564097101665091	0.929218970885025	-5.5279773877309
4:666453-667270	-0.0547447261900356	5.81340662180936	-0.560433819199374	0.581219091509748	0.934610748159536	-5.54148164354771
13:495691-496034	-0.0546611885274366	4.90920879453951	-0.379808210475203	0.707969360439586	0.951781188543464	-5.6195086977258
2:585492-585753	0.0546534374975609	4.50222190903375	0.542594099426679	0.593222888033583	0.937957106686267	-5.5504861500662
12:416648-417500	0.0546521433119507	6.08863625083163	0.590928065455835	0.560987333994062	0.92905427932109	-5.52543876093502
9:683309-684582	-0.0545168386664248	9.19044665720526	-0.445802887041176	0.660382786841441	0.944676949914767	-5.59439866172621
4:579681-579889	0.054509797930514	4.5786236455962	0.522768019357253	0.606704747429903	0.937957106686267	-5.56016204689062
5:747711-748122	0.0544199134984975	4.65658896992554	0.538372204645621	0.596081433288683	0.937957106686267	-5.55257585585113
10:61618-62074	-0.054411768020886	5.22467236904149	-0.599114872869596	0.555618627225649	0.92905427932109	-5.52099232276056
6:579243-579510	-0.0543792933205447	4.50982131171121	-0.548336411313467	0.589345762752815	0.936510480280067	-5.5476185125287
14:418717-419215	-0.0542952697258299	5.3989421727398	-0.599663393557738	0.555259885959786	0.92905427932109	-5.52069230498033
1:348618-349628	0.0542935506275404	6.03054090555542	0.475184187079005	0.639647704265771	0.942259996464262	-5.58195522946154
10:39583-39984	0.0542687576681766	5.05380753325931	0.52441590444804	0.605578583922171	0.937957106686267	-5.55937112903063
15:179341-179775	0.0542055590315877	5.14917133946268	0.56879623250452	0.575634573769249	0.932435827217715	-5.53716383912267
4:26807-27187	-0.0541835100883645	5.38745366586892	-0.525044358729907	0.605149363710943	0.937957106686267	-5.55906886005157
17:163298-163679	0.0541809181717223	4.78211562027419	0.486003497910656	0.632086619336109	0.939627933626179	-5.57717785916821
16:514581-515170	0.0541304450122233	5.55154280262232	0.534155611889073	0.598943101786251	0.937957106686267	-5.5546471457196
2:373700-374142	0.0540104143818798	5.6865993282107	0.524530753393038	0.605500133727511	0.937957106686267	-5.55931591613274
13:449763-450161	0.054006374832686	5.16081753483725	0.607977168699117	0.549837468979131	0.928356284854995	-5.51611270260687
4:83898-84179	0.0539694349098339	4.7461019534814	0.37529287047649	0.711273267829005	0.95184994639547	-5.62108243267404
1:459595-459822	-0.0539260560776427	4.61174333141573	-0.569668401034713	0.575053700172172	0.932435827217715	-5.53670995150055
2:691813-693679	-0.0538862531629327	9.40106734952627	-0.483590830751909	0.633769176893	0.94051174442565	-5.57825228177688
3:220323-221099	0.0538458300248079	6.00109015868924	0.601725894900623	0.553912065827517	0.92905427932109	-5.51956184037833
1:317628-318956	-0.0537504486893283	7.43376140312317	-0.591586007024241	0.560554877080605	0.92905427932109	-5.5250835943674
13:373648-374074	0.0537440357462966	5.08118851434622	0.545504556488538	0.591256221163565	0.93713273581024	-5.54903635816299
5:362695-362935	0.0537134566673609	4.47891164822998	0.477793002159997	0.637820807277867	0.942259996464262	-5.58081288085895
10:169897-170200	0.0537122141144293	4.70882883670887	0.472133120554957	0.64178728145751	0.942259996464262	-5.58328348718868
12:334946-335345	0.0536990521595095	5.10067638173362	0.516727580825923	0.610841350101489	0.937957106686267	-5.56304054043103
8:53152-53401	-0.0536567794464577	4.83207855612084	-0.419899134067503	0.678899680919032	0.945137162898692	-5.60472440320156
3:290466-291249	-0.0536189560735929	6.13966790050129	-0.561676562836458	0.580387452323193	0.934129534914999	-5.54084388101826
6:657786-658143	-0.0536178923400144	5.00306263119609	-0.464795581052113	0.646945840479617	0.943849277049142	-5.58644362092404
14:537856-538166	0.0536147236064615	5.10642442562038	0.597450927605404	0.556707617053855	0.92905427932109	-5.52190081512285
1:295062-295472	0.0536040755817258	5.23747597600214	0.518664950263177	0.609513140738364	0.937957106686267	-5.56212085128081
11:74252-75746	-0.0535880795096766	9.32646890250405	-0.396868924123113	0.695539606460653	0.94652673539571	-5.61339533874675
17:24605-25530	0.0534345824472569	6.14062401442116	0.534349934927527	0.598811073910654	0.937957106686267	-5.55455203671551
5:225660-226661	0.0533103647137052	6.13559874243682	0.609021721084364	0.549158176658207	0.927909399291104	-5.51553303125629
15:311158-311576	-0.0532303701946741	5.46929215317502	-0.517465801775744	0.610335082719482	0.937957106686267	-5.56269049364611
7:204918-205343	0.0532242109746042	4.89897814936522	0.506020169058607	0.618206806178925	0.937957106686267	-5.56806311785179
1:933550-934475	-0.0531730760425315	6.06876058967468	-0.613569882768582	0.54620561258664	0.927037763886458	-5.51299790255235
18:177868-178345	-0.0531703150976037	5.58229396019473	-0.574814059548571	0.571632708045976	0.931770235950016	-5.53401842272633
6:174407-175433	0.0531511540723519	6.28241221367525	0.595020635315432	0.558300157719348	0.92905427932109	-5.52322335438619
1:497786-499514	-0.0531327355459901	8.33379517143124	-0.551360294535965	0.587309138047797	0.936510480280067	-5.54609667784551
1:879553-880477	-0.0530922908827085	6.18668629123641	-0.618173861944225	0.543225441631319	0.925346575432928	-5.51041322109188
10:495521-496607	0.0530401854569611	6.65940176285709	0.644441389445528	0.526390240987458	0.920386308506415	-5.4953125431877
13:426539-426832	-0.0530365642326247	4.80292927018278	-0.540495034865923	0.594643272164899	0.937957106686267	-5.55152709821
5:763600-763947	0.0530268486916876	5.09804801621028	0.545881732995139	0.591001589568572	0.93713273581024	-5.54884792473197
16:312791-313211	-0.053013218894046	5.55581134164604	-0.555828683938424	0.584306040494403	0.936510480280067	-5.54383304128928
5:473206-473409	-0.0529096217743108	4.56250564741125	-0.552590077126452	0.586481865456862	0.936510480280067	-5.54547544658026
3:140917-141838	0.0528579710045749	6.02126256174162	0.569170942341042	0.575384976525546	0.932435827217715	-5.53696891761866
8:121900-122800	0.0528251025736282	6.25012548260353	0.572728076950939	0.57301828020985	0.932326362129875	-5.53511234858889
2:864206-865592	-0.0527891369520912	9.07167866950622	-0.506293246937332	0.618018442647692	0.937957106686267	-5.56793629464954
7:81517-82406	0.0527773435995309	6.31149105456247	0.59575253445409	0.557820302959174	0.92905427932109	-5.5228256085159
13:58284-58611	-0.0527595688275939	5.03987810046049	-0.596903496265447	0.557066134494496	0.92905427932109	-5.52219917404805
17:385827-386308	0.0527582985185404	5.20523559877455	0.553312115797505	0.585996421786165	0.936510480280067	-5.54511008096439
12:524757-525007	0.0527410844792637	4.43974926358685	0.487617682794632	0.630962051940035	0.939627933626179	-5.57645611112487
17:177151-177415	0.0526393270071157	4.71296323985589	0.436157754042547	0.667252202060849	0.944676949914767	-5.59831414939623
5:93124-93686	0.0525946350023307	5.41000472881091	0.47867816657419	0.637201481426404	0.942259996464262	-5.58042389838282
16:459901-460286	0.0525825244044347	4.95858182122342	0.530399878786321	0.601497619630768	0.937957106686267	-5.55647875247758
8:250292-250594	-0.0525714839651412	4.67962746846231	-0.592579608003169	0.559902124254416	0.92905427932109	-5.52454651267724
8:340151-340394	-0.0525601826346964	4.24636661575186	-0.628212440818636	0.536757715595613	0.924624517185608	-5.50471330044426
15:194576-194940	0.0525445684747732	5.03512716948027	0.494934987619072	0.625875779554461	0.938022514810517	-5.57315509400359
1:743554-743967	0.0525029184448336	5.34295167551209	0.505260809853929	0.618730738289375	0.937957106686267	-5.56841543063178
8:396245-396418	-0.0524596190071476	4.62263733275641	-0.565189044305479	0.578040156689184	0.932435827217715	-5.53903393255283
3:156214-156729	0.0524444222105958	5.41186856601967	0.545771186517591	0.591076213806415	0.93713273581024	-5.54890316565849
18:3475-4406	-0.0524202241554566	6.22040459265481	-0.596229632426283	0.557507619468628	0.92905427932109	-5.52256607937872
3:589611-590089	-0.052410055939025	5.31076327003663	-0.504568789825345	0.619208390005352	0.937957106686267	-5.56873605242945
4:65420-65632	-0.0523592927771448	4.2034980021304	-0.554633732580319	0.585108386617406	0.936510480280067	-5.54444012165322
3:704866-704963	-0.0523042035663019	3.00962319867726	-0.331112231072986	0.743899198111867	0.954976994788794	-5.63550109702963
16:351921-352207	-0.0523024369998772	4.83392552228054	-0.416570164753463	0.681294830017921	0.945594457030678	-5.60600745086649
5:269372-270297	0.0522876114516642	5.76321881928566	0.505443883483514	0.618604404633106	0.937957106686267	-5.56833053875756
1:791395-791729	0.052249394614428	4.71951920745544	0.527879750392836	0.603214678043813	0.937957106686267	-5.55770074745164
1:284448-284808	0.0522010584879862	5.11128957969864	0.513721138947971	0.612905212449905	0.937957106686267	-5.56446110791713
1:462206-462552	0.0521370826898639	4.8611616405761	0.517754394789476	0.61013722180834	0.937957106686267	-5.56255351772588
12:251235-252107	0.0520922763866327	6.30731445324307	0.569407441268835	0.575227470963717	0.932435827217715	-5.536845828687
13:275267-275678	-0.0520199081921779	5.44563901399224	-0.556736452514487	0.583696890072126	0.936510480280067	-5.54337101606842
1:273982-275122	0.0519512053796616	6.42117954120732	0.586200702017891	0.564099663316718	0.929218970885025	-5.527979467837
20:110859-111401	0.0519411701129462	5.05299306671915	0.527719886754713	0.603323679003118	0.937957106686267	-5.55777807389732
4:856886-857321	-0.0518554089894643	5.35029178873937	-0.568660865894635	0.575724756064933	0.932435827217715	-5.53723422543378
2:604566-604927	0.0518247609470466	4.84147158387798	0.512570979333403	0.61369564819219	0.937957106686267	-5.56500243694048
3:417200-417505	0.0518149220094974	4.86665671934963	0.501881833639045	0.621064639019933	0.937957106686267	-5.56997690092618
15:433162-433393	-0.0517914255438594	4.50173248846438	-0.602525402529496	0.553390060153067	0.92905427932109	-5.51912262347888
6:518558-518948	-0.0517872457754658	5.10474802867588	-0.462884312229082	0.648292543330281	0.944591496509781	-5.58725882943237
13:458918-459265	0.0517734782268846	4.83037557120118	0.42529523041715	0.675024659174169	0.944676949914767	-5.60262336514328
1:780679-781843	0.0517464615056111	6.4654429324514	0.551560164561005	0.587174646352752	0.936510480280067	-5.54599580357291
8:576839-577253	-0.0517315652773238	5.15845699167887	-0.543725684916873	0.592457865696485	0.937957106686267	-5.54992336358129
2:699543-699770	0.0517176826439023	4.37172881765187	0.490456496971368	0.628986538099551	0.939073964153966	-5.57518113900253
2:594677-595270	0.0517113726646539	4.88645975441288	0.589423821416123	0.561976706306862	0.929218970885025	-5.52624934430118
11:559654-559866	0.0517050110915598	4.38356059200776	0.497805823566305	0.623885448174089	0.938017946877941	-5.57184691039548
1:462864-463133	-0.0516506246036137	4.62096804305617	-0.531437608063408	0.600791264718753	0.937957106686267	-5.55597392284802
7:291268-291508	0.0516449275881206	4.45834709191738	0.498193861729998	0.623616649548949	0.937957106686267	-5.57166952388294
1:783086-783975	-0.0516321296873139	6.08950024376195	-0.584592924085174	0.56516019966442	0.929603475683682	-5.5288390827249
3:587829-588175	0.0515626857982658	4.95119190169754	0.417253853841896	0.68080264209922	0.945594457030678	-5.60574476193105
2:851423-852156	0.0515548393525282	5.63625616788704	0.498445121013487	0.62344262798197	0.937957106686267	-5.57155459225399
3:10680-10922	-0.0514843757201673	4.58214904671424	-0.448834584022439	0.658229862237483	0.944676949914767	-5.59315061443427
8:603122-604109	0.0514609884907147	6.2243801910365	0.56352436969646	0.579152015374034	0.932841164534196	-5.53989308270166
20:73201-73457	-0.0514194281617835	4.21509336695613	-0.390265590191483	0.700340350014299	0.948766164244553	-5.61579285026537
2:280761-281100	0.0513311228014537	5.26582712976421	0.565340956746993	0.577938746037695	0.932435827217715	-5.53895540758296
4:662041-662888	0.0512863104189423	6.04638416921239	0.54772735844637	0.589756390786069	0.936745778977447	-5.54792405142375
5:213183-214020	0.051281959991532	6.15770812809443	0.577360937699353	0.569943318689584	0.931046092866634	-5.53267759286293
10:11385-12224	0.0511356845341453	6.19503014928785	0.569172663925048	0.575383829891338	0.932435827217715	-5.53696802177635
13:13518-14301	0.0511199553991348	5.9110352714933	0.567804792222212	0.576295244975665	0.932435827217715	-5.53767898172219
9:254726-255699	0.0510801461264903	6.21033342786063	0.621976557398991	0.540770517013488	0.924624517185608	-5.50826440334156
3:551320-552297	-0.0510431139435088	6.13506026643642	-0.54175352497203	0.593791483211526	0.937957106686267	-5.55090346898283
1:776875-777111	0.0510240951489802	4.38019461864361	0.501198366418183	0.621537217866157	0.937957106686267	-5.57029150063329
1:43662-44982	0.0510043443505621	6.53014307594852	0.569428884369056	0.575213191188362	0.932435827217715	-5.53683466590645
17:367915-368133	-0.0510037774717391	4.22120739462679	-0.44941018032589	0.657821452028497	0.944676949914767	-5.59291272597846
4:648215-648374	-0.0510034871940936	3.99858206686333	-0.492932908562917	0.627265543940974	0.938382545013301	-5.57406304097438
7:725544-726871	-0.0510023438935665	8.77653015258928	-0.387684806514312	0.702220140871899	0.950449758252985	-5.61671911646878
13:242566-243262	0.0509948898267343	5.68416195792946	0.528617574873905	0.602711725273937	0.937957106686267	-5.55734356540994
2:506320-506790	-0.0509293963346842	6.12608851118114	-0.550862062774795	0.587644462756256	0.936510480280067	-5.54634798107868
2:1043093-1043428	-0.0509260510158205	4.7889134725919	-0.496534246245699	0.624766661666653	0.938022514810517	-5.57242725211776
14:201461-201897	0.0507338141829194	5.00451796186558	0.536848710553316	0.597114608437243	0.937957106686267	-5.5533260536352
5:541418-542212	-0.0507319963403097	6.24831144337462	-0.533962651631698	0.599074217779295	0.937957106686267	-5.55474155453686
5:360387-360752	0.0504792864836405	5.11313969853554	0.55478985265601	0.585003529086062	0.936510480280067	-5.54436087853199
3:636941-637199	-0.0504365115978107	4.79814965244577	-0.479333226019143	0.636743329003926	0.942259996464262	-5.58013558254441
1:834343-835205	0.0504304616379416	6.23699151646239	0.580007559632422	0.568190481280371	0.930590997675752	-5.53127819438397
1:569070-569483	-0.0504303461326572	5.35444787623447	-0.5375238956031	0.596656615926628	0.937957106686267	-5.55299383377012
4:40622-41394	-0.0504142780722256	5.80045481726714	-0.449618627675993	0.657673576759487	0.944676949914767	-5.59282650310624
1:711467-711835	-0.0503230988424681	4.7897212549467	-0.537727119246762	0.596518798604847	0.937957106686267	-5.55289375982237
3:617305-618989	-0.0502936164941374	6.80399543900847	-0.523621385186848	0.606121432306426	0.937957106686267	-5.55975276765663
6:717679-717938	-0.0502409062268159	4.5311311124953	-0.621400015104966	0.541142334884711	0.924624517185608	-5.5085910073179
13:476980-477312	-0.0502180310812266	4.71856385486653	-0.441935184353417	0.663133778636869	0.944676949914767	-5.59597884496011
10:241328-242404	-0.0502043194443402	6.30992575230978	-0.554482461490627	0.585209996291111	0.936510480280067	-5.54451688295791
2:228980-229957	-0.0502038098548727	6.38224541965387	-0.514292033688512	0.612513050174856	0.937957106686267	-5.5641919752189
13:195153-195392	0.0501073234490939	4.53622525900447	0.450028921662552	0.657382550894332	0.944676949914767	-5.59265667342605
13:417793-418046	-0.0500315926569224	4.29147155869475	-0.401683756423052	0.692047367252334	0.94652673539571	-5.61162225991791
17:79989-80792	-0.0500252531213476	5.88114717817119	-0.522332976652908	0.607002222965688	0.937957106686267	-5.56037044648749
6:271516-271883	-0.0500036581898584	5.30134814155058	-0.460210919552211	0.650178321951904	0.944676949914767	-5.58839359787782
3:552912-553378	-0.0499544260627447	5.15652958502872	-0.530257778732218	0.601594374709601	0.937957106686267	-5.55654780613398
18:236849-237076	0.049929779285363	4.40182103081523	0.424556068972449	0.675554919047834	0.944676949914767	-5.6029127222685
2:291204-291747	0.0498617516777271	6.15445393086325	0.520981711520325	0.60792664328267	0.937957106686267	-5.56101667213833
13:298554-299481	-0.0498571025036458	6.05645158353795	-0.589292274901536	0.562063270209194	0.929218970885025	-5.52632013541066
10:117139-117336	-0.0497501248158763	4.29104296747123	-0.435011834495213	0.668070353819563	0.944676949914767	-5.59877376593699
17:235667-236114	0.0497305472076581	5.44708364551982	0.529375233182304	0.602195463519876	0.937957106686267	-5.55697627806451
3:390010-391243	-0.0496935272771637	8.32236595774429	-0.482440285601951	0.634572267239827	0.94051174442565	-5.57876281315877
10:226284-226649	0.0496909146331621	5.0274873070868	0.524334982090717	0.605633862722344	0.937957106686267	-5.55941002488998
7:213180-213670	0.0496883091588547	5.27221509475885	0.401257037717796	0.692356587514374	0.94652673539571	-5.61178024925573
1:1025968-1026545	0.0496754030049225	5.46025101003088	0.490757730873398	0.628777078186785	0.939073964153966	-5.57504542520325
2:799189-799569	-0.0495915906318958	4.97791369554125	-0.546850639159673	0.590347730110426	0.937020014175272	-5.54836329131275
6:148649-149087	-0.0495542486847613	5.48947328224967	-0.527393670552466	0.603546134823481	0.937957106686267	-5.55793579499441
16:413255-413547	-0.0495484756819913	4.68855254247556	-0.419648643795868	0.679079784602813	0.945137162898692	-5.60482129552142
9:357172-357691	0.0495483792376845	5.48900668355227	0.512305348979445	0.613878268632136	0.937957106686267	-5.56512728971164
8:590986-591938	-0.0494665605350155	6.20674241905493	-0.591617534212873	0.560534159001927	0.92905427932109	-5.52506656597159
10:474793-475674	-0.0494567985390253	5.97735011533784	-0.588330028642433	0.562696684668028	0.929218970885025	-5.52683750068247
1:33259-33860	-0.0494287614072642	5.43458087565808	-0.549265716478456	0.588719491280303	0.936510480280067	-5.54715168175814
15:418562-418929	-0.0493890370637775	5.1681857667149	-0.500587056497386	0.621960046126016	0.937957106686267	-5.57057253287826
2:867925-868510	0.0493725775407468	7.31065794072392	0.50973345830837	0.615647768549288	0.937957106686267	-5.56633288765877
13:486051-487375	-0.0493669324703738	8.81946606135861	-0.367578510095904	0.71693139093094	0.951952587302501	-5.62372822642112
8:336457-337047	-0.0493224899468627	6.19261951286073	-0.432129855950866	0.670129870392256	0.944676949914767	-5.59992446099842
17:361444-361960	0.0492863130917573	5.25837438849644	0.520361146739818	0.60835140657737	0.937957106686267	-5.5613129048148
1:59832-60245	0.0492491784210509	5.11999793808358	0.498177016123531	0.62362831758229	0.937957106686267	-5.57167722742303
5:799616-799848	0.049236115202425	4.79359902940147	0.44739791471871	0.659249718400032	0.944676949914767	-5.593743074561
18:251190-252295	0.0491795794846679	7.27750487251801	0.431472154381677	0.670600250668205	0.944676949914767	-5.60018601272352
18:200462-200735	0.0491681941062501	4.74943928010013	0.531057095335848	0.601050222941356	0.937957106686267	-5.55615914401029
14:481695-482280	-0.049074154007406	5.5481129795838	-0.499403449884153	0.622779099089987	0.937957106686267	-5.57111571324755
7:198398-199445	0.0490636069804475	6.62091905540091	0.554023045651007	0.585518642562452	0.936510480280067	-5.54474988568771
15:229028-229500	-0.049053846095787	5.49679340090084	-0.451704713682964	0.656194473560794	0.944676949914767	-5.59196145287706
9:31774-32203	-0.0490497645988874	5.41271679209903	-0.513807484017941	0.612845892155744	0.937957106686267	-5.56442042154326
2:360106-360459	0.0490493209711671	5.32941439663225	0.476193285132106	0.638940775384501	0.942259996464262	-5.58151408911371
3:17016-17249	0.0490485406494869	4.47785663050916	0.596422377768807	0.557381322799149	0.92905427932109	-5.52246117412883
8:551214-551616	-0.04900683929728	5.27226953769932	-0.489395112499666	0.629724816445086	0.93943043737007	-5.57565867360072
3:935847-936183	0.0489828400093089	4.98698250628514	0.585698199870451	0.564431017512255	0.929218970885025	-5.528248380133
7:730373-730644	0.0489808495730912	4.71705601062758	0.549212811761804	0.588755135631345	0.936510480280067	-5.54717827865873
9:94102-94434	-0.0489723979260379	5.06613134924398	-0.533167235955847	0.599614848128618	0.937957106686267	-5.55513037487838
2:1004031-1004855	-0.0489616662522687	6.3754916927637	-0.556056610084063	0.584153062710523	0.936510480280067	-5.5437171027123
5:551551-552560	0.0489602063073153	6.29340274326345	0.52881089523994	0.602579978127041	0.937957106686267	-5.5572498986761
4:462324-463127	0.04895956988502	6.03043038290032	0.578722817864343	0.569041009972862	0.930590997675752	-5.53195827108642
10:588068-588878	-0.0489544251875182	6.12904376280619	-0.420202640667325	0.678681484631845	0.945137162898692	-5.60460692759171
4:766141-766507	0.0489505410702247	5.07571727023526	0.502513377158561	0.620628111701157	0.937957106686267	-5.56968583082767
14:100772-101473	0.0489309457037317	5.70745989380283	0.567443323024439	0.576536214641419	0.932435827217715	-5.53786658166341
5:291775-292304	-0.0488529346833921	5.48842605114854	-0.441050121007241	0.663763988623776	0.944676949914767	-5.59633854981181
8:515860-516707	0.048781559772884	6.18698287353139	0.515728480587723	0.611526845254692	0.937957106686267	-5.56351351674473
18:62887-63153	0.048696051762489	4.34992629953443	0.494732049350613	0.626016586417917	0.938022514810517	-5.57324729016835
5:150166-150614	0.0486653059431434	5.19584989748757	0.555443774173906	0.584564426833779	0.936510480280067	-5.54402872793236
1:876714-876969	-0.0485748358965656	4.73562441979582	-0.394573393476828	0.697207025603141	0.94652673539571	-5.61423327604037
2:295101-295540	-0.048496509295572	5.13962230883746	-0.438127275917788	0.665847016011801	0.944676949914767	-5.59752142710085
9:269708-269986	-0.0484800354762438	4.93476321452863	-0.536670481677843	0.597235533557019	0.937957106686267	-5.55341368232854
15:346394-346676	-0.0484466071278691	5.11627587364403	-0.45870551940288	0.65124127392173	0.944676949914767	-5.58902976416599
7:73827-74147	0.0484317527135056	4.90478534729522	0.493837361011884	0.626637532344476	0.938022514810517	-5.57365331380771
12:371413-371804	0.0484005388285862	5.16662644240667	0.504295440009216	0.619397111356956	0.937957106686267	-5.56886258113999
2:735116-736355	0.048373643172595	6.49894179384745	0.496043603062059	0.625106835645734	0.938022514810517	-5.57265079287622
15:356099-356784	-0.0483135873509903	5.89810103582359	-0.50318404145306	0.620164700907683	0.937957106686267	-5.56937634053082
1:772167-773239	0.0482819897681663	6.1690967761294	0.578243212058178	0.569358687436406	0.930770447394213	-5.53221177711198
13:155578-155997	0.0482551632378874	5.3145435918187	0.516694805184138	0.610863832071679	0.937957106686267	-5.56305607060326
8:285371-285631	0.0482350161983645	4.67038801682598	0.483834084032896	0.633599443303455	0.94051174442565	-5.57814419115311
4:537927-538787	-0.0482032313928089	6.21584528519545	-0.515168621576649	0.611911131432464	0.937957106686267	-5.56377816641991
17:340962-341339	0.0482017503246146	4.88691605276346	0.3908070205659	0.699946232608322	0.948766164244553	-5.61559775889682
4:423664-424540	0.04818353923977	5.80632942387727	0.426477443145669	0.674176923218617	0.944676949914767	-5.60215954215745
6:664226-664434	-0.0481706443097023	4.47479653484052	-0.374495108296356	0.711857604521596	0.95184994639547	-5.62135855059995
14:243288-243878	-0.0480909794168669	5.61423106546537	-0.487075605524061	0.631339603181221	0.939627933626179	-5.57669874945409
15:452452-453351	0.0480617435744133	7.39485819840922	0.37103851228107	0.714391553206458	0.951952587302501	-5.62254824523764
1:541431-541713	-0.0480334206584887	4.5568154616944	-0.497513613280915	0.624087901206995	0.938017946877941	-5.57198040164073
6:241955-242250	0.0479729941529348	4.88480013184747	0.430910821791015	0.671001818735735	0.944676949914767	-5.60040893204905
17:36892-37457	-0.0479380753698582	6.10043528677916	-0.5237969033228	0.606001490942316	0.937957106686267	-5.55966850778034
13:353011-353814	-0.0479188410153446	5.98598572933413	-0.459417388359784	0.650738533391668	0.944676949914767	-5.5887291897433
12:267120-267974	-0.0479087602306558	6.24715505445011	-0.525499787712744	0.604838407457442	0.937957106686267	-5.55884959182978
7:512757-513099	0.0479059787398439	4.91227848562233	0.515577236801734	0.611630647389009	0.937957106686267	-5.56358503838462
17:122221-123004	-0.047875831828244	6.14181612311373	-0.4991219919185	0.622973941201133	0.937957106686267	-5.57124469564713
11:518658-519111	-0.0478467944975876	5.20934048623664	-0.449605660802142	0.657682775209269	0.944676949914767	-5.59283186790917
7:93545-94174	0.0478408028062409	5.39502642005337	0.4938571656142	0.626623784158347	0.938022514810517	-5.57364433391455
16:519765-520142	0.0478035829218939	4.96178395337136	0.519579413764828	0.608886688101915	0.937957106686267	-5.56168558468267
6:285732-285983	-0.0477969335928945	4.44621776159813	-0.520720893505565	0.608105150321818	0.937957106686267	-5.56114121794102
13:97646-98698	0.0477779382370631	8.23989724266728	0.457146694953811	0.65234275150719	0.944676949914767	-5.58968635966887
9:414690-415689	-0.0477586106034122	6.2272675653258	-0.488906486798168	0.630064828638282	0.93943043737007	-5.5758781755929
1:54252-55216	-0.0476103330264674	6.14039100582445	-0.411398351200608	0.685022727976257	0.946076158481373	-5.60798088126942
13:419598-419943	0.0476082546887833	4.80911159744995	0.458176428760389	0.651615042020224	0.944676949914767	-5.58925286842465
5:33865-34752	-0.0476026390983701	5.91262142740221	-0.484255194046334	0.633305656497801	0.94051174442565	-5.57795694384918
12:335861-336586	0.0475918633398607	6.10433296168425	0.426724576166699	0.673999766236981	0.944676949914767	-5.60206242377595
1:635131-635653	-0.0475892466713628	5.32971496347899	-0.49240567082006	0.627631768325342	0.93861670398404	-5.57430154807149
9:651906-652814	0.0475702800163917	6.25249682676218	0.522236446298135	0.607068238428147	0.937957106686267	-5.56041666482958
16:137292-138297	-0.047565922597677	6.41485852229851	-0.513683452879887	0.612931104169945	0.937957106686267	-5.56447886376099
4:375131-375561	-0.0475497245081939	5.04204810211516	-0.504782626607445	0.619060775382765	0.937957106686267	-5.56863702473104
16:434720-435173	-0.0475095233349201	5.2937184914192	-0.458635539452411	0.65129070480119	0.944676949914767	-5.58905928740048
17:2156-3236	0.0474966521579283	6.27147258455494	0.530406677165524	0.601492990843991	0.937957106686267	-5.55647544834886
13:472629-473698	-0.0474458087571588	6.71915440629974	-0.531171432684998	0.600972404882334	0.937957106686267	-5.55610350184839
1:681876-682452	-0.047409175743935	5.56736112124919	-0.516303113262507	0.611132537885281	0.937957106686267	-5.56324159299703
5:643571-644465	-0.0473877894215278	6.13940987594545	-0.567183384102271	0.576709531753826	0.932435827217715	-5.53800141679822
15:221988-222347	-0.0473624864590754	4.93354348293393	-0.550646423589336	0.587789623797775	0.936510480280067	-5.54645667920875
2:603089-603338	0.0473549279796988	4.4818926266771	0.448104056245543	0.658748360722291	0.944676949914767	-5.59345210501825
11:570860-571158	-0.0473441056257249	4.86024821334347	-0.459540694531389	0.650651468669129	0.944676949914767	-5.58867707954085
4:471093-471824	0.0473392523237903	5.97224513841402	0.502367502224625	0.620728928743006	0.937957106686267	-5.56975309429985
8:560450-560873	0.0473376531120646	5.30280256230419	0.455031400622717	0.653838738042607	0.944676949914767	-5.59057385218743
14:66444-66673	0.047308146481714	4.35507733404147	0.434609435744519	0.668357754900314	0.944676949914767	-5.59893488289468
3:426355-427823	-0.0472429303131499	9.53515334218441	-0.411516773482466	0.684937275246477	0.946076158481373	-5.60793596514821
6:280892-281397	0.047238980596326	5.53027616416878	0.531021049758256	0.601074756593433	0.937957106686267	-5.55617668314745
8:169348-170070	0.0472238741887079	5.79749968045029	0.564839386234892	0.578273608547994	0.932435827217715	-5.53921459663407
1:820338-820818	-0.0472140909378407	5.55591267449107	-0.533960527594317	0.599075661134923	0.937957106686267	-5.55474259357126
4:870324-870974	-0.0471699879783722	5.57753464065019	-0.514279104169785	0.612521930475064	0.937957106686267	-5.56419807370161
10:215347-216160	-0.0471492651051033	6.05624365355402	-0.470610532458009	0.642856202362472	0.942259996464262	-5.58394320987458
4:568473-569111	0.0470960950757364	5.70490835853962	0.514861689327171	0.612121857859102	0.937957106686267	-5.56392313712208
3:947031-947439	0.0470441341210517	5.08148865249634	0.517875360237721	0.610054296350862	0.937957106686267	-5.56249608140308
3:473209-473461	-0.0470318179481639	4.40229970729908	-0.400548811658913	0.692869922688077	0.94652673539571	-5.61204210028549
5:510233-511404	-0.0470205533308281	8.37732739706828	-0.423171637863614	0.676548547913059	0.944676949914767	-5.60345335283493
7:163201-163622	0.0469934336814219	4.83072364653978	0.453621128529999	0.654836947262259	0.944676949914767	-5.5911633093836
3:386525-386933	0.04685788399589	4.84319708769086	0.412764128508866	0.684037455397958	0.946076158481373	-5.60746208773473
12:507961-508338	-0.0467804279442348	4.84343671845221	-0.500754732386615	0.621844055429094	0.937957106686267	-5.57049548190852
7:668598-669137	-0.0467801536519765	6.54276643384672	-0.409232782150475	0.686586150656558	0.946076158481373	-5.60880001647923
6:349026-349907	0.0466855752232833	6.1350043985293	0.486042736186982	0.632059272026534	0.939627933626179	-5.5771603422806
6:116218-116625	-0.0466736521595763	5.06611998913254	-0.518001476805087	0.60996784537102	0.937957106686267	-5.5624361853686
9:444251-445280	0.046653236141422	6.1406770286975	0.487657916451906	0.630934033733844	0.939627933626179	-5.57643809171659
4:6249-7099	0.0466288438271469	6.07162652176359	0.508683583380934	0.616370789811528	0.937957106686267	-5.56682333078179
2:318328-318589	-0.0466258773374815	5.01344072863576	-0.396001359568939	0.696169599514518	0.94652673539571	-5.61371258753096
13:221905-222161	0.0466230520347537	4.5663475719567	0.394916941688744	0.696957380077468	0.94652673539571	-5.61410817479173
3:219129-219535	-0.0465296050802397	5.25902615731447	-0.454322864296556	0.654340166425747	0.944676949914767	-5.59087022567895
8:582735-582950	0.0465163512275284	4.40639228354514	0.385758052854628	0.703624827063523	0.950973686005734	-5.61740670311446
13:513958-514397	0.0465157542373413	5.11460749301367	0.422144844154821	0.677285885577297	0.944676949914767	-5.6038532047025
13:223952-224250	-0.0464413438789171	4.87900560898722	-0.470140138329006	0.643186599630972	0.942259996464262	-5.58414660642429
15:120936-121763	0.04643177629747	5.82440136028723	0.518106132483543	0.609896109940427	0.937957106686267	-5.56238647091165
8:395073-395303	-0.0463536684192887	4.62773658182879	-0.37069524029883	0.714643383089184	0.951952587302501	-5.62266579966988
5:257086-257296	0.0463300214246001	4.48760905244569	0.446537899692609	0.659860547805994	0.944676949914767	-5.59409684201524
4:324937-325172	-0.0462913925285413	4.45900380745235	-0.410841682771421	0.685424474200126	0.946076158481373	-5.60819184871255
1:897201-897619	0.0462475416461707	5.35216425862555	0.45749568180326	0.65209608377868	0.944676949914767	-5.58953955206859
10:300703-301410	-0.0461900428376953	5.9988643526763	-0.510576659340216	0.615067368156808	0.937957106686267	-5.56593827918534
1:1046690-1048314	-0.0461694845947385	9.09901373634148	-0.310810855094224	0.759062806320598	0.956521712018861	-5.64152895707543
17:190008-190333	-0.0461409651957299	4.95441101989872	-0.423029904371742	0.676650306541021	0.944676949914767	-5.60350860307886
4:854507-854789	0.0460564846183473	4.80647777906923	0.385814152374642	0.703583912714361	0.950973686005734	-5.6173867309303
3:939165-939945	0.0460073144102724	5.99629864525265	0.503421630706782	0.620000572033505	0.937957106686267	-5.56926660428444
3:265401-266182	0.045986364804631	6.04725392789108	0.494537857966557	0.626151338051331	0.938022514810517	-5.57333547809009
3:338404-338654	-0.0459654517964028	4.65048960916932	-0.472959261901387	0.641207628786494	0.942259996464262	-5.58292465756638
2:240535-241472	-0.0459598542717625	6.45247107385582	-0.53018346892828	0.601644974814724	0.937957106686267	-5.55658390990675
14:522921-523457	0.0459501768687716	5.39678074204223	0.422793286027478	0.67682020259452	0.944676949914767	-5.60360080067948
7:521909-522463	0.0459342864389178	6.11567342640341	0.482989123391546	0.634189116057633	0.94051174442565	-5.57851942528626
14:497406-497905	0.0458538180724641	5.45304678190445	0.519110205127311	0.609208080732472	0.937957106686267	-5.56190901176979
5:564152-564918	0.045846203254019	5.9064333827512	0.514833585099019	0.612141154731449	0.937957106686267	-5.56393640715781
8:513110-513339	0.0457838354068532	4.54915787519042	0.505911333475475	0.618281886250053	0.937957106686267	-5.56811364487393
15:20624-20935	-0.045764833853517	4.69264524806209	-0.435969455448708	0.667386612401869	0.944676949914767	-5.5983897553578
2:143457-143788	-0.0457291852041655	5.32033404815982	-0.489235459686211	0.629835902243656	0.93943043737007	-5.57573041684659
8:159131-159653	-0.0455749394338669	5.16790703359536	-0.465320891584083	0.646575917614098	0.943849277049142	-5.58621898666607
7:408036-408962	-0.0455615652644452	6.03004882237408	-0.495456209377553	0.625514201759243	0.938022514810517	-5.57291813086163
17:401410-401599	-0.0455597232922038	4.24828947960424	-0.403719426970768	0.690572985213008	0.94652673539571	-5.6108662972317
1:671883-673162	-0.0455491890214681	8.89102021988122	-0.371011467459691	0.714411392513321	0.951952587302501	-5.62255751070121
7:336265-337475	-0.0455480609936636	8.52099855485216	-0.422881490865433	0.676756867933144	0.944676949914767	-5.60356643785431
2:856204-856761	0.0455305823760801	5.49212422581073	0.455681735193285	0.653378646488473	0.944676949914767	-5.59030142639853
8:43777-44684	-0.0454211577212345	6.41294994379481	-0.53905391136296	0.595619409515185	0.937957106686267	-5.5522395031398
16:464941-466208	-0.0454150720536983	7.118784041102	-0.465444626675047	0.646488797201754	0.943849277049142	-5.58616603876991
1:653686-653951	0.045382822499187	4.54514830789916	0.498940114851099	0.623099862516573	0.937957106686267	-5.57132800593631
12:204784-205538	-0.0453543526305404	6.2020360391508	-0.50622799574351	0.618063449133901	0.937957106686267	-5.56796660474964
3:6148-6483	0.0453234384520069	5.00963123988095	0.443622830527197	0.661932798703129	0.944676949914767	-5.59529100016926
2:250795-251130	0.0452968668985108	5.1540312331788	0.482720745443053	0.634376461232592	0.94051174442565	-5.5786384740155
16:122526-123627	0.0452808182736364	6.47357033035598	0.519841087626472	0.608707485245607	0.937957106686267	-5.56156089604866
18:101036-102280	-0.0452529692144834	7.74117994591604	-0.397224354857559	0.695281571045358	0.94652673539571	-5.61326516864597
9:449742-450010	0.0452339495893384	4.53451051014103	0.426173489163556	0.674394838843394	0.944676949914767	-5.60227891440014
6:137690-137956	-0.0452145585493513	4.8175065389253	-0.430717633645746	0.671140045699442	0.944676949914767	-5.60048558614238
6:599462-600033	0.0452006317415643	5.95645371269309	0.498876006966916	0.623144249983737	0.937957106686267	-5.57135736403567
10:477990-478912	0.0451915470771187	6.13218475306945	0.510656476311775	0.615012441153569	0.937957106686267	-5.56590089289952
15:370436-371388	-0.0451719271864581	5.78719629543735	-0.430776387842777	0.671098005549284	0.944676949914767	-5.60046227694315
20:1612-1920	0.0451686890412226	4.93372178314715	0.470893238043207	0.642657671001372	0.942259996464262	-5.58382087356244
7:426126-426327	0.0451227045868121	4.61341598731286	0.425397305429389	0.674951446176451	0.944676949914767	-5.60258336738168
15:333867-334263	-0.04496677041125	5.07253617550722	-0.433238812140291	0.669337072830291	0.944676949914767	-5.59948257231801
2:655311-655552	0.0449617792978927	4.60585181410564	0.465173894321073	0.646679423410709	0.943849277049142	-5.58628187088284
8:312151-313014	0.0449302144314041	6.08652994782663	0.42635000446529	0.674268285053871	0.944676949914767	-5.60220960147574
16:9495-10402	0.0449158286987998	6.32963969394298	0.507041091806878	0.617502732648658	0.937957106686267	-5.56758863883105
1:537466-538002	-0.0449096117980909	5.78984918646024	-0.513385059585243	0.61313612969672	0.937957106686267	-5.56461940748524
5:69399-70135	-0.044819996340526	6.04703061828681	-0.475424277987418	0.639479475432414	0.942259996464262	-5.58185035338596
1:9308-10501	0.0448136401385959	6.56628506532748	0.505230584984962	0.618751596734882	0.937957106686267	-5.56842944313066
11:284135-284448	-0.0447911680441289	4.81927535331495	-0.392946449046	0.698389752093925	0.947557602416614	-5.61482426506827
3:144815-145717	0.0447693196757273	6.01781102721956	0.504361273130641	0.619351657552422	0.937957106686267	-5.56883211427083
12:450308-450714	0.0447592727369388	5.16627979272348	0.425425627528633	0.674931132820886	0.944676949914767	-5.60257226779101
3:280174-280610	-0.0447437857258857	5.52718281223042	-0.473772765311125	0.640637072888007	0.942259996464262	-5.58257071880515
14:424868-425322	0.0446704457373803	5.42181537762351	0.501084161662316	0.621616200340387	0.937957106686267	-5.57034402835715
7:421707-422031	-0.0446523139819162	4.78853186348603	-0.426180678523961	0.674389684191538	0.944676949914767	-5.60227609187688
10:542933-543271	-0.0446506445647623	5.18540062216069	-0.498531267389343	0.62338296840914	0.937957106686267	-5.57151517398368
18:221307-221600	0.0446326273077133	5.03079773998989	0.419248261792066	0.679367702017242	0.945243964634497	-5.60497604976356
11:279463-279989	0.0446196673293269	5.57075381481567	0.459361548874661	0.650777962536743	0.944676949914767	-5.58875278347249
4:194523-194676	0.0446137089597411	3.69921793242719	0.299256459315868	0.767738181564851	0.9593692508127	-5.64479118161828
14:57887-58299	0.0445924959999502	4.91002572159638	0.439449275567498	0.664904520677124	0.944676949914767	-5.5969873670405
6:489545-491172	0.044564148295863	6.98861779283928	0.502068452778563	0.620935631633106	0.937957106686267	-5.56989092769598
1:848237-848452	-0.0445267013191764	4.28070039528863	-0.363440134312223	0.719973612921552	0.951952587302501	-5.62512524682958
7:221711-221921	0.0444754317848322	4.3140612587236	0.456675573181005	0.652675810329196	0.944676949914767	-5.58988437178794
11:502497-502786	0.0444713491521584	4.64128314278223	0.468376648507991	0.644425920858773	0.942630856785578	-5.58490736434891
1:1049981-1051165	0.044455862300671	6.50351130710557	0.490885441875072	0.628688285333207	0.939073964153966	-5.5749878635303
8:186274-186678	0.0443999387624592	4.86263312924189	0.369763824928201	0.715326852559927	0.951952587302501	-5.62298422532898
4:348753-349041	0.0443847166996321	4.73790122539793	0.531827814530341	0.600525765659161	0.937957106686267	-5.55578384945794
7:416233-416470	-0.0443840278865943	4.03749514904382	-0.432069017507146	0.670173375490689	0.944676949914767	-5.59994867133742
10:212803-213893	-0.0443259855777276	6.25495033539921	-0.529643739077656	0.602012557330465	0.937957106686267	-5.55684599293101
1:496771-497269	0.0443096394067153	5.30349898640404	0.466113605014173	0.646017867658483	0.943849277049142	-5.58587953585905
3:285339-285599	0.0442846634749241	4.57662158078787	0.503275112759448	0.620101785596558	0.937957106686267	-5.56933428303958
2:461553-461924	0.0442823284403744	5.18519394495315	0.463403944320635	0.647926281758718	0.944591496509781	-5.58703751695817
18:16912-17089	-0.0442533176428794	4.10159189392574	-0.406013345265038	0.688913071295966	0.946225141005595	-5.61000993299564
4:34457-34722	-0.0441922827003118	4.7648738623927	-0.48683797591158	0.631505142347051	0.939627933626179	-5.57680503152845
6:596234-597260	0.044151206806589	6.17856916169165	0.462647976952259	0.648459153998533	0.944591496509781	-5.58735940489056
14:509108-509443	0.0441279259257268	4.80132924917239	0.397390858521426	0.695160705839671	0.94652673539571	-5.61320415027763
11:475447-475904	0.0440164364479863	5.28651516389116	0.372762255124181	0.713127493107282	0.951952587302501	-5.62195632414337
15:488171-488450	0.0439945532616361	4.56884028421459	0.322709706685449	0.750162732178568	0.954976994788794	-5.63804169570789
4:117025-117388	0.0439376294900136	5.02202758823596	0.493833044986355	0.626640528511103	0.938022514810517	-5.57365527075316
7:267918-268122	0.0439059986560464	4.04455574252251	0.336597231149531	0.739820252949371	0.954976994788794	-5.6338078347181
5:85146-85425	0.0439046687775875	4.9259045949263	0.456820580872014	0.652573289435143	0.944676949914767	-5.5898234464315
4:243342-244030	0.0438559113253794	5.88025557948775	0.519180697410344	0.609159790641629	0.937957106686267	-5.56187545737168
16:114658-115447	-0.0437872892348645	6.05102437995874	-0.475713764716258	0.639276662018937	0.942259996464262	-5.58172383157271
4:540915-542551	-0.0437428406520901	7.02792501883246	-0.508456711593923	0.616527083017845	0.937957106686267	-5.56692918345542
3:33742-34120	-0.0436641739863797	4.98690525208899	-0.472574207043232	0.641477768939022	0.942259996464262	-5.58309198006744
18:212350-213354	0.0436598144956584	6.24056538479621	0.461872231396545	0.649006168730485	0.944591496509781	-5.58768918044348
3:625370-625673	0.0436042550628963	4.84899929024931	0.438874565578999	0.665314179808948	0.944676949914767	-5.5972197314211
1:558755-559295	0.0435584551542076	5.47086201625479	0.486361363012994	0.631837223516355	0.939627933626179	-5.57701804874022
7:498923-499799	-0.0435581986797464	6.25671325687165	-0.514426753409301	0.612420525111387	0.937957106686267	-5.56412842293095
11:456926-457160	0.0435188504121289	4.46976113241447	0.468534741214419	0.644314775233902	0.942630856785578	-5.58483927811456
6:551616-552939	-0.0434774507988394	8.48937416541647	-0.36420703415306	0.719409484459841	0.951952587302501	-5.62486753604643
18:245270-246133	0.0434451865214474	9.07803251090027	0.339876259450637	0.737385528358745	0.954976994788794	-5.63278244847145
8:685463-686447	0.0433724688980481	6.28006059112163	0.526675273004823	0.60403616950824	0.937957106686267	-5.55828279674141
11:189557-191235	0.0433577726218077	6.96376409078606	0.526736454805097	0.603994428587294	0.937957106686267	-5.55825326247287
2:103790-104382	0.0433510363060554	6.81677285174643	0.394599221743827	0.697188255800854	0.94652673539571	-5.61422387453657
14:473954-474683	0.0432555863020188	5.91185007753456	0.478802546566827	0.637114477865324	0.942259996464262	-5.58036918373969
9:515402-516528	0.0432437630617066	7.73342845885045	0.461782270713223	0.64906961741401	0.944591496509781	-5.58772738844612
1:870089-870342	0.0431660526841586	4.29270158419591	0.397105597593857	0.695367782165258	0.94652673539571	-5.61330867409724
6:283484-283760	-0.0431456513448643	4.57878954297794	-0.395635951748303	0.696435012500379	0.94652673539571	-5.61384600462722
9:704683-705651	-0.0431252278041327	6.11637069482949	-0.420635875667423	0.67837007441246	0.945055290695488	-5.60443909488359
1:369301-369771	0.0431040744608726	5.15237572176316	0.461678427969329	0.649142860425399	0.944591496509781	-5.58777148337913
8:290949-291730	-0.0430999453291161	6.13330573435736	-0.45703346177255	0.652422794738789	0.944676949914767	-5.58973396971073
4:658602-659507	-0.0429894398578776	6.07362721965015	-0.42692417025167	0.673856701651469	0.944676949914767	-5.60198394698648
9:351322-352217	0.0428624583965442	6.71877775114412	0.368493656797095	0.716259292780126	0.951952587302501	-5.6234171891584
10:486183-487148	0.0428170701449533	6.26902526887897	0.494912803121638	0.625891171352015	0.938022514810517	-5.57316517435657
14:67534-68680	-0.0427803378514362	6.1697213312834	-0.473984652630836	0.64048850176073	0.942259996464262	-5.58247843349451
3:30096-30851	0.0426404612448179	6.0757705770196	0.476026305436548	0.639057729573935	0.942259996464262	-5.58158714951236
12:92292-92624	0.042577177146792	4.97058378517207	0.397023083501846	0.695427685264007	0.94652673539571	-5.61333889472086
9:455527-455849	0.0425359165753108	4.88763297218529	0.408859081872985	0.686856087891863	0.946076158481373	-5.60894094058174
9:634919-636715	-0.0425259671862417	7.05977116658064	-0.483047344697236	0.634148477141473	0.94051174442565	-5.57849359060716
2:945996-946398	0.042468835737199	4.86697557490769	0.422040089250055	0.67736112846977	0.944676949914767	-5.6038939445754
8:139273-140489	-0.0424403466025511	7.52435949415186	-0.406203836358372	0.688775301240688	0.946225141005595	-5.60993860462403
7:477242-477642	0.042387923600792	5.1038313148018	0.417079221567225	0.680928346038603	0.945594457030678	-5.60581189983368
9:132989-133338	-0.0423666715731059	5.01621539332581	-0.439316788480866	0.664998949294926	0.944676949914767	-5.59704096008831
2:659973-660336	-0.0423444745231665	5.21070867113257	-0.435937540704015	0.667409394758271	0.944676949914767	-5.59840256664878
4:710161-711156	0.0423190879915447	6.42197283623003	0.470434155301764	0.642980077952754	0.942259996464262	-5.58401949792706
3:717817-718054	0.0423027933488553	4.70754407197155	0.3763370696291	0.710508698800789	0.95184994639547	-5.62072014463531
8:486722-488230	0.0422832582998236	6.71494574695863	0.462235370352699	0.648750077006452	0.944591496509781	-5.58753487453214
2:1063067-1063342	-0.0422431795388247	4.855771157601	-0.43681287899083	0.666784653494886	0.944676949914767	-5.59805085334192
4:901330-901756	-0.0422155028480908	5.32511240343674	-0.512564626520675	0.613700015440294	0.937957106686267	-5.56500542365228
15:106986-107527	0.042171978941135	5.36097624243104	0.425218513998185	0.675079685971019	0.944676949914767	-5.60265342002687
6:379030-379791	0.042138845547548	5.79892263532758	0.490690752877226	0.628823647877671	0.939073964153966	-5.5750756075719
3:350270-351686	-0.0420755682486256	6.59643539627094	-0.463253301487913	0.648032452622814	0.944591496509781	-5.58710170105075
17:62440-62789	0.0420538576668106	4.64207983011373	0.352375623611644	0.728130708965957	0.951952587302501	-5.62878376572619
3:848091-850462	-0.0419676862510237	7.51476280287396	-0.503431787314132	0.619993556207445	0.937957106686267	-5.56926191209047
9:25532-25871	0.0419462798329926	5.08661721891528	0.379805082742147	0.707971646991553	0.951781188543464	-5.61950979425101
7:666393-666956	0.0419411926060764	6.72191536680868	0.437555089581432	0.666255121705242	0.944676949914767	-5.59775208967226
4:746813-747140	0.0419308692271629	4.94583636395517	0.454107945634106	0.65449229665722	0.944676949914767	-5.59096003467792
3:251472-251848	-0.0419084218016916	5.1560051827241	-0.449392601263212	0.657833923502601	0.944676949914767	-5.59291999565321
8:703528-704096	0.0418996338200186	5.62557651199463	0.449917884358334	0.657461305324571	0.944676949914767	-5.59270264915916
4:184095-184371	-0.0418969680525141	4.46779885798455	-0.301205396959669	0.766272633509234	0.9593692508127	-5.64424950412375
6:743423-743724	-0.0418813648550644	4.82163023288493	-0.454662372684203	0.654099876745097	0.944676949914767	-5.59072826915331
1:765106-765447	0.0418784476643452	4.93629575059009	0.395523970960034	0.696516357438992	0.94652673539571	-5.61388686662406
15:504592-504899	-0.0418734137248578	5.09815300537293	-0.434579072495738	0.668379443047663	0.944676949914767	-5.59894703414758
10:378186-378567	-0.0418458328629736	4.99878685873861	-0.47924323464016	0.636806260669041	0.942259996464262	-5.58017521386141
10:552810-553523	-0.0418119652174029	5.72473323906266	-0.439480250188892	0.664882444702424	0.944676949914767	-5.59697483505104
7:255102-255335	-0.041751203218233	4.43133139977947	-0.37814546257926	0.709185322764662	0.95184994639547	-5.6200903723172
13:290203-291086	-0.0417339079153827	6.10381723624537	-0.432244944337969	0.670047574831375	0.944676949914767	-5.59987865304244
13:6650-6911	0.0417322939865832	4.60852876471231	0.405619292927602	0.689198099386559	0.946225141005595	-5.61015737946965
14:187758-188062	0.0417002416186483	5.08303997663721	0.4119921821099	0.684594267146563	0.946076158481373	-5.60775552071989
11:56036-56353	0.041672008317275	4.84734008444919	0.365414596313555	0.71852153934769	0.951952587302501	-5.62446065867305
13:125861-126850	0.0416505252820834	6.07363191797257	0.410601376478709	0.685597932192357	0.946076158481373	-5.60828283384956
8:660074-661208	0.0416308892841677	7.7166594359542	0.416308343222945	0.681483354003114	0.945594457030678	-5.60610793671502
13:414965-415309	0.0416135290342794	4.86698238098325	0.467297945823791	0.645184520648332	0.943432183737973	-5.5853713333718
3:555396-555667	0.0415929296551312	4.67874024479366	0.441009119015302	0.66379319031864	0.944676949914767	-5.59635519660824
5:167868-168487	0.0415660202800714	5.45990148016071	0.452891399212673	0.655353719758199	0.944676949914767	-5.59146761479707
10:226958-227269	0.0415402757187016	4.69488524840044	0.42157692006338	0.677693853033136	0.944676949914767	-5.604073955251
17:318576-318966	0.0415344017867509	5.19029192967389	0.474076375703729	0.640424192185795	0.942259996464262	-5.58243847197699
7:753735-754997	-0.0415079394909093	9.38522171165005	-0.356370381794233	0.725181773232423	0.951952587302501	-5.62747575225094
1:346206-347088	0.0415079284954611	6.10274061005804	0.443359301290465	0.662120272628518	0.944676949914767	-5.59539857757606
3:731354-731977	-0.0414993775252146	5.75496747393496	-0.399156067089848	0.693879851144753	0.94652673539571	-5.61255571084027
16:383090-383491	-0.0414413551137791	5.30714773053519	-0.499560603125435	0.622670320517765	0.937957106686267	-5.57104366458853
3:788464-788737	-0.0414243660322642	4.28987892808409	-0.358537957696173	0.723583492690337	0.951952587302501	-5.62675993072893
15:214250-214647	0.0413923726643857	4.86428688748532	0.471511226547939	0.642223781070909	0.942259996464262	-5.58355319917233
3:185099-185370	0.0413469999137561	4.75583060713034	0.390368473621722	0.700265452546353	0.948766164244553	-5.61575579917873
10:201600-202057	0.0413315883702206	5.05513707340035	0.443724859457816	0.661860221732816	0.944676949914767	-5.59524933330782
8:658043-658319	-0.0413253562413241	4.6237190748144	-0.473416917915598	0.640886620728917	0.942259996464262	-5.58272561380812
3:795841-796387	0.0413182461967709	5.7314699296267	0.435349015420738	0.667829572831291	0.944676949914767	-5.59863864913797
11:179126-180159	0.0412991116232666	6.29590315992644	0.464986504600425	0.646811381565143	0.943849277049142	-5.58636200651775
15:326069-326958	0.0412841096245495	6.07474292030341	0.464893646599503	0.646876775754624	0.943849277049142	-5.58640170477155
12:455382-455747	-0.0412658945293982	4.92986666894142	-0.470330330273562	0.643053002736932	0.942259996464262	-5.58406439209994
3:368517-369060	-0.0412619724782575	5.77445236958767	-0.514568727063649	0.612323025253564	0.937957106686267	-5.56406143118794
11:228349-228825	-0.0412393876926309	5.1598236662932	-0.401306395027523	0.692320818089036	0.94652673539571	-5.61176198352938
8:623457-623710	0.0411612490988791	4.57690274100321	0.440488625113517	0.66416393470192	0.944676949914767	-5.59656638525039
8:162857-163290	0.041078174754686	5.15652835719841	0.436777133986756	0.666810160351379	0.944676949914767	-5.59806522931696
6:719835-720317	-0.0410741512723405	5.39312678672042	-0.42929051473216	0.672161525521478	0.944676949914767	-5.60105080125435
17:86941-87219	-0.0410023409949707	4.61287103848291	-0.405375475113121	0.689374482756757	0.946225141005595	-5.61024854076443
3:987553-987952	0.0409775440731703	5.31134028561001	0.426954603880402	0.67383488861866	0.944676949914767	-5.6019719778718
5:48764-49687	0.0408826570313501	5.89629830494156	0.50015451457253	0.622259305885949	0.937957106686267	-5.57077117999169
1:836242-836517	-0.0408809484199439	4.56691105995791	-0.332045805973692	0.743204391712993	0.954976994788794	-5.63521483631821
6:789638-790449	0.0408196362680409	5.77325562004317	0.375857291771326	0.710859956293197	0.95184994639547	-5.62088672811425
10:528952-529236	0.0407886158972506	4.75718113909914	0.469935542316186	0.643330328238335	0.942259996464262	-5.58423501095023
4:314051-315355	0.0406679945358679	9.12939751843607	0.362160443439857	0.72091531304888	0.951952587302501	-5.6255540846713
5:449312-450317	-0.0406598847763817	6.4040704679481	-0.484018533273853	0.633470754910369	0.94051174442565	-5.57806219502371
10:451126-451723	-0.0406520649902662	5.45108826378085	-0.477783159467249	0.637827695474536	0.942259996464262	-5.58081720224802
2:1027517-1028268	-0.0406459374936041	5.97359759074434	-0.468714069520458	0.644188710454393	0.942630856785578	-5.58476201912235
7:523776-524473	-0.0406126674762088	5.87900456641018	-0.451954517755045	0.656017451167939	0.944676949914767	-5.5918576024577
14:531235-531635	0.0405808992815135	5.01923057578431	0.442197782100946	0.662946844945675	0.944676949914767	-5.59587198493445
14:382616-383472	-0.0405655878035667	6.27352207495379	-0.46925015916221	0.643811914023368	0.942630856785578	-5.58453088652259
3:255760-256142	-0.0405600849041026	5.4547824964987	-0.418639736169328	0.679805393129013	0.945559024128484	-5.6052109773895
15:375319-375726	0.0405014443578811	5.03988077910269	0.448993100068158	0.658117377382455	0.944676949914767	-5.59308513102999
6:592727-592951	0.0404852620581977	4.62226393890364	0.395784492081892	0.696327115810871	0.94652673539571	-5.61379178443561
10:414861-415902	0.040417348222225	6.22422409333665	0.449605887261061	0.65768261456321	0.944676949914767	-5.5928317742173
16:475840-476190	0.0404053705232981	5.02866379176365	0.326782336513208	0.747124611286182	0.954976994788794	-5.63681835120249
6:93936-94898	-0.0403908166409463	6.06626292862885	-0.435931798687153	0.667413493734822	0.944676949914767	-5.59840487152501
8:106927-107246	0.0403095116705598	4.78082230790459	0.430558405474915	0.67125398313836	0.944676949914767	-5.60054874011044
17:39955-40640	0.040255404084399	6.07926664751829	0.439892379132941	0.664588745301338	0.944676949914767	-5.59680800991188
3:901214-903550	-0.0401249220459192	9.29057558510927	-0.413705390978116	0.683358764091121	0.946076158481373	-5.60710356452273
10:26313-26539	0.0401192930907213	4.36395441277557	0.351682630677168	0.72864271911022	0.951952587302501	-5.62900919336438
5:273758-274634	0.0400855812149681	5.7050012603304	0.355900712593827	0.72552825769749	0.951952587302501	-5.62763029172134
1:29933-30476	0.0400746778889447	5.36606023380256	0.441475683176174	0.663460934853517	0.944676949914767	-5.59616568221117
7:607233-607698	0.0400367864112763	5.56040693706306	0.361679168388929	0.721269591949118	0.951952587302501	-5.62571497908781
12:43739-44479	-0.0400256866006874	5.82734456739204	-0.416678925672757	0.681216523254372	0.945594457030678	-5.60596569071922
14:422872-423646	-0.039984886558611	5.76328008909355	-0.354020094657276	0.726916231598661	0.951952587302501	-5.62824707408048
15:172585-172993	0.0399338847565414	5.46241117899082	0.494025538741866	0.626506906596445	0.938022514810517	-5.57356797523597
20:91291-92157	0.03991650532046	6.16520498952616	0.423385034667215	0.676395350037275	0.944676949914767	-5.6033701327117
12:337459-337762	-0.0399125728380971	4.88343485536102	-0.43660791773668	0.666930914996957	0.944676949914767	-5.59813326930036
9:70546-70932	-0.039887526325427	5.19494802010027	-0.389597498737667	0.700826785877672	0.948939817938426	-5.61603321419382
6:319067-320074	-0.0398671016179062	7.77181203349876	-0.42171914914081	0.677591673443922	0.944676949914767	-5.60401869855786
3:616030-616801	0.0398327951443624	5.90817462778699	0.471974467592143	0.641898625360634	0.942259996464262	-5.58335232707347
5:545633-545829	-0.0398006123617645	4.37803159291474	-0.357762365279347	0.724155234068797	0.951952587302501	-5.62701655468662
7:286030-286251	0.0397868310604994	3.70027670503193	0.27953502487278	0.782617480422856	0.964628893982983	-5.65007642388094
8:25583-26398	0.0397837389569	5.99925287879079	0.406859416906224	0.688301246423477	0.946225141005595	-5.60969287480647
14:462673-463688	-0.0397690706780169	6.12144959428383	-0.408936043970214	0.686800491874922	0.946076158481373	-5.6089119281576
1:872640-873611	0.0397430682722142	6.27508663188556	0.42758787611296	0.673381063237671	0.944676949914767	-5.60172273107518
2:116511-117323	0.0397053211977667	6.15717730502882	0.405002339887891	0.689644452402734	0.946305508569784	-5.61038794841456
9:575267-575547	-0.039631492546369	4.85379710548403	-0.422587567413047	0.6769679264671	0.944676949914767	-5.60368091717875
1:1056924-1058821	0.0396179305532458	7.29362280035274	0.453990994610952	0.65457508694584	0.944676949914767	-5.59100888805209
17:137487-137820	-0.0396109837853862	5.00651316902931	-0.390724473679645	0.700006314443039	0.948766164244553	-5.61562751986398
1:948240-949715	0.0395998811145803	6.75279611817127	0.446254376216603	0.660061975004261	0.944676949914767	-5.59421332347734
9:221988-222208	0.0395824538311311	4.50453685448848	0.42642309828924	0.674215882860911	0.944676949914767	-5.60218089121007
4:327326-327632	-0.0395528763727846	4.9864016277866	-0.385114210586295	0.704094458316131	0.950973686005734	-5.61763571500149
1:1456-2448	0.0395387203529438	6.42576650711135	0.353710280028936	0.727144980163378	0.951952587302501	-5.62834837405213
13:155052-155270	-0.039518047132205	4.00292138289351	-0.359752796998186	0.722688285896028	0.951952587302501	-5.62635686954603
9:235808-236826	0.0394268522449748	6.35079580659068	0.475508366501785	0.6394205603225	0.942259996464262	-5.5818136097696
6:308358-308880	0.0393747986851603	5.4000163057706	0.438485902962593	0.665591283331738	0.944676949914767	-5.59737670508433
11:203705-203934	0.039332588933207	4.38557102007185	0.438946085410415	0.665263193894445	0.944676949914767	-5.59719083104149
7:462139-462802	-0.0392936288002792	5.71634582922303	-0.429154383218038	0.672258997522683	0.944676949914767	-5.60110462051803
8:157861-158103	-0.0392454368612345	4.67110203440448	-0.406530894984671	0.688538786464935	0.946225141005595	-5.60981606261377
5:179378-179726	-0.0392198207665997	5.27787892157718	-0.359714950378206	0.722716168667551	0.951952587302501	-5.62636944664416
5:289384-290338	0.0392147696759979	6.18790047715522	0.475968101395336	0.639098498512026	0.942259996464262	-5.58161261026768
4:263893-264136	-0.0392140637622571	4.49736191161439	-0.421733080694904	0.677581665140557	0.944676949914767	-5.60401328509766
12:166444-166948	0.0392004137634796	5.57706387250749	0.424536609620646	0.675568881141895	0.944676949914767	-5.60292033328896
8:539830-541379	-0.0391021523929407	8.42485044982197	-0.313346929145815	0.757162954184625	0.956282597723196	-5.6407965635482
4:459387-459829	0.039096608071306	5.17806175417765	0.398999658626328	0.693993304991301	0.94652673539571	-5.61261328067853
7:147436-148242	0.0390926740994049	5.96470862777274	0.444201925253091	0.661520912392278	0.944676949914767	-5.59505438337162
14:397893-398283	0.0390783908316568	5.21343806827738	0.44197219857177	0.663107428209881	0.944676949914767	-5.59596378636857
6:43632-44052	-0.0390394193749657	4.94262765562196	-0.314519832412717	0.756284827673868	0.956282597723196	-5.64045584889096
4:21923-22294	-0.0390388522465805	5.13546862269459	-0.41062179889945	0.685583190179566	0.946076158481373	-5.60827510351373
6:608691-609632	0.0389854040210302	7.64296988319251	0.384567704952134	0.704493185441781	0.95122518794492	-5.61782980927241
3:646756-647185	0.038884865904774	5.32336475465885	0.353549062788737	0.727264023652951	0.951952587302501	-5.62840105257958
14:500197-501147	-0.0387866426612344	6.19375102528589	-0.409025554455523	0.68673583342009	0.946076158481373	-5.6088781786182
11:562034-562326	0.0387741159982111	4.81907465671505	0.381389852182005	0.706813452520097	0.951781188543464	-5.61895306460118
14:352956-353934	0.0387317462122354	6.28762492633488	0.431943682674398	0.670263005201301	0.944676949914767	-5.59999853714532
4:675646-676806	0.0386998197601782	6.32129241531894	0.404384912360743	0.690091264862419	0.94652673539571	-5.61061834948299
5:332329-332613	0.0386822387003072	4.83214780681175	0.431501496282097	0.670579262735252	0.944676949914767	-5.60017435249279
1:48854-49099	0.0386787426511646	4.60239650437099	0.398418394876755	0.694415000222532	0.94652673539571	-5.61282703419684
12:312961-313602	-0.0386760871281178	5.84643110166054	-0.40795860738547	0.687506709368328	0.946109598548924	-5.60927999424174
5:723959-724301	-0.0386548216105895	5.19864949135534	-0.321575454222448	0.751009611630151	0.954976994788794	-5.63837970389481
11:464525-464785	-0.0386339447687059	4.86934004546828	-0.423768288425715	0.676120247730917	0.944676949914767	-5.60322056874435
2:563094-564092	0.0386246927898508	6.46137667121595	0.443481479575245	0.662033352526006	0.944676949914767	-5.59534870996867
10:93542-93954	-0.0386187986332791	5.24889724754606	-0.43532848599069	0.667844231853226	0.944676949914767	-5.59864687872449
14:529046-529930	0.0385549260688771	5.95845417901562	0.402704425525336	0.69130796659817	0.94652673539571	-5.61124369558641
4:729272-730811	-0.0385459726420301	7.01327341979313	-0.445525011129789	0.660580268730494	0.944676949914767	-5.5945126396997
2:411117-411404	-0.0384938836771047	5.14094463878381	-0.415014140455694	0.682415555335675	0.945594457030678	-5.60660373472836
13:226676-227013	-0.0384685325707546	5.12260865684188	-0.288390098202913	0.775925604937251	0.963396118640537	-5.64774746395066
12:366070-366768	0.0384425921982618	5.88785275937265	0.401673417319687	0.692054858796944	0.94652673539571	-5.61162608984265
9:445668-446398	-0.0383734133366884	5.78154990685575	-0.421985759713363	0.677400153412378	0.944676949914767	-5.60391506978449
2:790457-791169	0.0382670077418856	6.61914880737421	0.380926488940995	0.707152016264798	0.951781188543464	-5.61911608023352
17:335231-335437	0.0382475997872822	4.32415588079051	0.370165377406406	0.715032164599016	0.951952587302501	-5.6228470422173
9:591646-592448	-0.0382435925538234	5.87669551699853	-0.354452527303857	0.726596992952193	0.951952587302501	-5.62810553544896
1:913129-913501	0.0382297348228455	5.01557697392338	0.383452734633513	0.705306931341162	0.951462876637444	-5.61822495540325
3:12814-13318	0.0382104769370688	5.61541410729429	0.395915563658609	0.696231913554133	0.94652673539571	-5.61374392406985
5:293307-294870	-0.0381762014379623	6.97664226200471	-0.450835058306231	0.656810912167131	0.944676949914767	-5.59232255439826
16:462543-462899	-0.0381535905118628	5.09037375668746	-0.399749077155225	0.693449766998556	0.94652673539571	-5.61233723800402
1:16087-16450	-0.0380873807094035	4.9101922988354	-0.453733537942474	0.65475735805187	0.944676949914767	-5.59111639079204
9:103923-105316	-0.0380612646020282	9.03186945763499	-0.349524858870812	0.73023779690033	0.951952587302501	-5.62970830274357
6:383486-384280	0.0380256612905665	5.91959098429854	0.411635121275055	0.684851880594108	0.946076158481373	-5.60789106459888
1:352246-353287	0.0379885482008255	6.59474902070692	0.36185495604656	0.721140182696347	0.951952587302501	-5.6256562362055
14:242378-242644	-0.0379743434471536	4.82390050274846	-0.35293057527591	0.727720783017156	0.951952587302501	-5.62860292660984
3:405410-405910	0.037938495668862	5.48426364630325	0.472118368244759	0.641797634380633	0.942259996464262	-5.58328988920236
2:740652-741262	0.0379258827779188	5.86948700909574	0.364384202818103	0.719279183224016	0.951952587302501	-5.62480792373592
11:553386-554145	0.0379236187723171	5.77188898402112	0.375910484090983	0.710821009599284	0.95184994639547	-5.62086826954547
3:825143-826131	-0.0378750505453658	6.37297202148854	-0.434585127674426	0.668375117873858	0.944676949914767	-5.59894461095525
17:305705-306661	0.0378559440813486	6.06179812374639	0.400278195116171	0.693066110520179	0.94652673539571	-5.61214203476158
12:83587-83951	-0.0378543054207965	5.15765154064888	-0.437766107212533	0.666104603308934	0.944676949914767	-5.59766705757217
4:428084-428709	0.0377947662766127	5.59937519239704	0.429645878575155	0.67190710811234	0.944676949914767	-5.60091023017118
10:507638-507921	0.0377697915624067	4.78083162355635	0.379636925168408	0.708094583970003	0.951781188543464	-5.61956873409028
2:147979-148216	-0.0377214373907515	4.50964614958347	-0.366288818554535	0.717878960469202	0.951952587302501	-5.62416526882245
8:346181-346503	0.0376068737993087	4.91219599056011	0.412467651289704	0.684251285228982	0.946076158481373	-5.60757484871815
13:239452-239770	0.0375988005556485	4.98473569544636	0.414334819391583	0.682905072011751	0.94575591037271	-5.60686337040677
15:103542-103911	0.0375597790076121	5.00389774580297	0.369523817484908	0.715503008971701	0.951952587302501	-5.62306614946188
7:155792-156002	-0.0375597269113177	4.22974662055048	-0.357489815840274	0.72435618788044	0.951952587302501	-5.62710660427274
7:410367-410765	-0.037537301067208	5.3094725075819	-0.426175041192334	0.67439372606318	0.944676949914767	-5.60227830508183
9:479305-480138	-0.0374462307653047	5.7474894016791	-0.358330136957633	0.723736675113226	0.951952587302501	-5.62682874712074
7:157797-158038	-0.0374107966384916	4.50329924242574	-0.306433838878932	0.762345436885841	0.958768804580225	-5.6427791402967
9:145486-145812	-0.0374017363870873	5.07755423917215	-0.437419290383989	0.666351994599725	0.944676949914767	-5.59780679035936
4:622032-623332	-0.0373893151998086	7.7418430159733	-0.316555546066844	0.754761537234835	0.956282597723196	-5.63986150817089
11:61649-63573	-0.0373440437371855	9.16987194190545	-0.385768591117276	0.703617141256196	0.950973686005734	-5.61740295156914
1:51967-52357	-0.0372884533422191	5.16588377104758	-0.364729914309075	0.719024949985394	0.951952587302501	-5.62469151917879
7:39592-39973	0.0372429471678135	5.0139082028955	0.344868504873787	0.733684153169516	0.954452745124366	-5.63120247240326
5:616368-616572	0.0371523255428272	4.28377228249503	0.336344283061633	0.740008187245812	0.954976994788794	-5.63388652626728
4:777225-778052	-0.0370982389470536	6.07704066423719	-0.44807032387414	0.658772306827558	0.944676949914767	-5.59346601484243
16:242281-242761	0.0370835750910219	5.19695589658447	0.403253204146182	0.690910546957	0.94652673539571	-5.61103976435262
10:535933-536877	-0.0370071324311061	6.28543026670438	-0.402852500474009	0.691200723289241	0.94652673539571	-5.61118869644183
11:129305-129615	0.0369477948061778	5.13614917383799	0.35608422594451	0.725392869000097	0.951952587302501	-5.62756993260623
10:186685-187138	0.0369457438833996	4.67517681303482	0.379897153717207	0.707904339020359	0.951781188543464	-5.61947751215344
1:718177-719209	0.0369442679214309	6.42999203007916	0.423813215620658	0.676088001707248	0.944676949914767	-5.60320302731029
17:148801-148985	0.0369239084516315	4.01706504649123	0.29219863029958	0.77305290762979	0.961696724444396	-5.64672365127537
4:895936-896708	-0.036867392227129	6.14414595884391	-0.373109646537834	0.712872845303721	0.951952587302501	-5.6218367051607
14:163561-163855	0.0368556813743375	4.37937461995812	0.360065627941107	0.722457828848358	0.951952587302501	-5.62625286034911
1:728261-728981	0.0368474669695118	5.6349678835862	0.423163355886388	0.676554493846486	0.944676949914767	-5.60345658179681
9:146159-146458	-0.0367738447351904	4.80455222617479	-0.37791474142799	0.709354111402786	0.95184994639547	-5.62017088633731
2:383277-383936	0.0367655402772327	6.99744325152663	0.362908354803811	0.720364884011386	0.951952587302501	-5.62530363281448
7:608701-608992	0.0367164290166668	4.95328435578698	0.324133379451917	0.749100217359627	0.954976994788794	-5.6376157745429
10:110046-110430	-0.0366845892675292	4.93360708493093	-0.346399247208422	0.732550548365231	0.953722005376025	-5.63071345750175
4:872762-873712	-0.0366491083676648	6.1898585442121	-0.416123576531188	0.681616407690713	0.945594457030678	-5.60617881196792
11:182125-183227	-0.0366193472152849	6.39206592679468	-0.437436712213342	0.666339566334566	0.944676949914767	-5.59779977367766
14:228118-228445	-0.0365968264247956	4.8703778895511	-0.324303273811954	0.748973455990251	0.954976994788794	-5.63756482332131
4:763064-764078	-0.036584660030762	6.1767059836446	-0.414789753466458	0.682577232052306	0.945594457030678	-5.60668954133779
9:407141-407402	-0.0365742970259566	4.49084247188299	-0.265659813121108	0.793137778654232	0.965233554650282	-5.65358085176031
8:208768-209407	-0.0365414835208036	5.67204837203495	-0.38385366590244	0.705014275357447	0.951462876637444	-5.61808299514414
14:167244-167706	0.0365314444323772	5.38377791445024	0.402973492420758	0.691113099789755	0.94652673539571	-5.61114374192609
14:517956-518361	0.036464635240419	5.22299552395306	0.318012737654919	0.753671773605769	0.956076984541536	-5.63943374162693
16:107429-107790	0.0364564430285803	5.04037370101479	0.37025945672833	0.714963129050768	0.951952587302501	-5.62281488051285
3:691265-692305	-0.0364450091632751	6.52528831568947	-0.430607949267758	0.671218530671805	0.944676949914767	-5.60052909222694
3:576864-578044	-0.0364046510780582	6.70924161792216	-0.417246167029425	0.6808081750262	0.945594457030678	-5.6057477177295
6:471084-471394	-0.0363933647315164	4.77133029355936	-0.414850605828752	0.682533384781074	0.945594457030678	-5.60666627561804
7:594699-594955	-0.0362889676153264	4.74316248606525	-0.375980862224315	0.710769480932338	0.95184994639547	-5.62084384327639
1:83662-84527	-0.0362874546165264	6.08766839262496	-0.416732015191009	0.681178300677385	0.945594457030678	-5.60594530243319
1:109926-110300	0.036274268935677	4.99260389331535	0.296170042769805	0.770060906739333	0.960644542520974	-5.64564187923162
20:67308-67582	0.036212858906727	4.46095204488666	0.347248169281493	0.731922141473453	0.953181118776601	-5.63044133709382
1:344094-344372	0.0362117667982922	4.57489424614215	0.350245408822766	0.7297050088908	0.951952587302501	-5.62947531965441
17:83978-84782	-0.0361876677134667	8.79732014111129	-0.36144434100831	0.721442477732109	0.951952587302501	-5.62579340733832
8:621372-621867	-0.0361589158501312	5.58649359318209	-0.336323333204355	0.740023753229629	0.954976994788794	-5.63389304109762
6:745570-746527	0.0361266839549659	6.40467221748748	0.414809861659386	0.68256274293301	0.945594457030678	-5.60668185373107
9:548976-549146	-0.0361154294637176	3.96868440804732	-0.348264044543124	0.731170402782227	0.952479255778012	-5.63011483605424
18:5574-6277	-0.0361074283478189	6.15640395771149	-0.409931806842838	0.686081335105049	0.946076158481373	-5.60853607158865
6:604567-604958	0.0360414881333693	5.09682577089007	0.374264721252602	0.712026389922113	0.95184994639547	-5.62143818344734
9:311992-312461	-0.0359773300110371	5.1973193759579	-0.375054709414239	0.711447694553082	0.95184994639547	-5.62116492452494
11:244673-245064	-0.0359544612254954	5.01573747119133	-0.405825605118904	0.689048862611471	0.946225141005595	-5.61008019913124
12:353047-353997	0.0359441779080729	6.15066557600501	0.38049376897933	0.707468246197012	0.951781188543464	-5.61926813909969
10:471575-471887	0.0359301909334944	4.74993577800394	0.343627793646831	0.734603430845359	0.954452745124366	-5.63159726436847
2:331618-331932	-0.0358797454508819	5.0501531770105	-0.366063568943173	0.718044505033836	0.951952587302501	-5.62424144466404
11:421958-423560	0.0358779466280303	7.04203242510746	0.441381599152208	0.663527929417965	0.944676949914767	-5.59620391413645
19:120914-121141	-0.0358549809049178	4.60637340867629	-0.3333122904331	0.74226217887124	0.954976994788794	-5.63482522298079
13:310867-311222	-0.0356954367550548	4.97529394799083	-0.368707678349106	0.716102146018879	0.951952587302501	-5.62334433820337
11:73012-73406	0.0356880424287178	5.17833304222176	0.382804701431867	0.705780056068685	0.9515955663047	-5.6184540998578
9:111287-111600	-0.035676909174029	4.92421310423714	-0.385151430426693	0.704067306126982	0.950973686005734	-5.61762248631894
17:281020-281404	0.0356503599800391	4.69042567571323	0.330343900862333	0.744471190425425	0.954976994788794	-5.63573609149739
1:266020-266394	-0.035621025173886	5.05266538111113	-0.349504139987136	0.730253118897551	0.951952587302501	-5.62971499499743
8:535654-536727	-0.0356002701262943	6.36501219258712	-0.373879753301812	0.712308457698993	0.95184994639547	-5.62157113917908
7:631944-632374	-0.0355757761964375	5.41061260368961	-0.427179449352853	0.673673741753851	0.944676949914767	-5.60188352341436
9:252976-253311	0.0355423359582998	5.22460274229411	0.321666048828233	0.75094195812133	0.954976994788794	-5.63835274987161
16:358402-358998	-0.0355390447047093	5.53342962086178	-0.351663059225314	0.728657181149979	0.951952587302501	-5.62901555351612
8:445881-446862	0.0355192247728819	5.94872977955234	0.382087978391153	0.706303473104909	0.951781188543464	-5.61870708873099
14:146748-147052	-0.0354992076008216	4.8329136360713	-0.343327190078858	0.734826217994012	0.954463770093209	-5.63169270443906
4:554855-555660	0.0354949542907281	6.09250378540243	0.39051715219669	0.700157222487332	0.948766164244553	-5.61570223905779
6:631535-632009	0.0354453305773887	5.42662191389298	0.373756376829292	0.712398865152999	0.95184994639547	-5.62161372098466
6:249257-250066	0.0354352230706487	6.06318070055021	0.385745175205158	0.703634219085841	0.950973686005734	-5.61741128732767
3:488989-489290	0.0354252475488117	4.68678275568845	0.327600305596117	0.746514925352656	0.954976994788794	-5.63657081906794
3:717062-717529	0.0353259360525318	6.2122988286086	0.380141599452758	0.707725650227302	0.951781188543464	-5.61939176675472
16:240117-240525	0.0353176590437778	5.22166180593055	0.370330564607562	0.714910951643727	0.951952587302501	-5.62279056642062
5:312930-313852	0.0352999984026781	6.13717625344295	0.369808976910655	0.715293714527092	0.951952587302501	-5.62296880729508
5:427287-427786	0.0352902471041681	5.4566057254849	0.367436867710976	0.717035436391231	0.951952587302501	-5.62377629928742
4:441648-442241	0.0352830706602667	5.73701584589687	0.35168687107968	0.728639585740117	0.951952587302501	-5.62900781531105
6:544793-545163	0.0352655348652116	5.00642792970172	0.335610879618363	0.740553182438145	0.954976994788794	-5.63411435596815
1:310675-311311	0.0352574712755098	5.36844470253077	0.33189031658495	0.743320097998378	0.954976994788794	-5.6352625690822
6:366004-366238	-0.0351784391629284	4.91979676885096	-0.269378946887331	0.790313837995561	0.965088543810267	-5.65265887941753
4:476316-476680	0.0351605797657513	4.95761137766995	0.409124334159559	0.686664482145215	0.946076158481373	-5.60884092574032
15:101203-101787	-0.0351486782069745	5.69325327041081	-0.382735630454081	0.705830491539679	0.9515955663047	-5.61847850084887
1:769545-769867	-0.0351306852397926	4.02171031277453	-0.187653465405387	0.852981608831554	0.976605635632255	-5.66998129603716
4:740965-741337	-0.0350436725346617	5.07948090286486	-0.374308692190703	0.71199417490705	0.95184994639547	-5.62142298870253
16:305207-306193	-0.034984050519248	6.1732226137525	-0.393393732933915	0.698064515214759	0.947403508217483	-5.6146620281348
10:60797-61065	0.0349788364477348	4.64301059656259	0.311986729047074	0.75818172739676	0.956410908662057	-5.64119010840607
15:322513-323360	-0.0349540507770945	7.21715060180589	-0.337388565198484	0.73923241873088	0.954976994788794	-5.6335612752008
9:689067-690078	-0.0349471650939543	6.49088712525548	-0.415420136048875	0.682123064642969	0.945594457030678	-5.60644836439247
17:101082-101871	0.0348926191652108	6.04651430945264	0.397214659152733	0.695288609425226	0.94652673539571	-5.613268721043
14:535150-536074	-0.034878422391655	6.22310553005205	-0.359522358940254	0.722858062842924	0.951952587302501	-5.62643342795499
12:142899-143286	0.0348758443650086	5.20256030043929	0.355775987152735	0.725620280322687	0.951952587302501	-5.62767129746988
7:303986-304497	-0.0348011127797303	5.53460984056032	-0.335760277590845	0.740442152819363	0.954976994788794	-5.63406798575867
1:860427-860773	0.0347634541145796	5.21899248938562	0.318304620908138	0.753453551390526	0.956076984541536	-5.63934782409385
10:177240-177554	-0.0347421878774359	4.91280478698258	-0.324609684012857	0.74874485601156	0.954976994788794	-5.63747286434094
7:137302-137594	-0.0346941708961666	4.46571717337629	-0.311213321909742	0.758761201219608	0.956410908662057	-5.64141312174051
17:16631-17502	-0.034675749259133	6.21402353001683	-0.389507194238048	0.700892546493395	0.948939817938426	-5.61606567259341
17:184018-184452	-0.0346607701323132	5.29231659491159	-0.323948260432906	0.749238346422679	0.954976994788794	-5.63767126157869
7:118906-120072	0.0346337120665883	7.64197724154957	0.358492572668197	0.723616944489729	0.951952587302501	-5.62677496258683
1:61686-62654	0.0346273073250636	6.14844019450491	0.362745857610744	0.72048446139423	0.951952587302501	-5.62535809129877
13:1328-2490	-0.0345778930437026	6.55797591963427	-0.383576033631392	0.70521692541541	0.951462876637444	-5.61818131369788
12:157605-159087	0.0345670050267941	7.09818221870346	0.395902470009874	0.69624142373666	0.94652673539571	-5.6137487058742
20:138840-139214	-0.0345596037657758	5.02752648250296	-0.349098086100677	0.730553426582683	0.951952587302501	-5.62984607244393
3:801009-802101	0.034537783667556	6.69604571822013	0.36804007204844	0.71659238309168	0.951952587302501	-5.62357144742139
4:211276-212323	-0.03439516210444	6.37564994967012	-0.338254428091276	0.738589409019439	0.954976994788794	-5.63329083917399
15:207359-207658	0.034344332968093	4.92883054309556	0.329141912885365	0.74536632792813	0.954976994788794	-5.63610263829219
13:92031-92452	-0.0343339898079957	5.63144997264718	-0.361439626974669	0.72144594847799	0.951952587302501	-5.62579498122914
5:250254-250640	0.0343215051046704	4.95055450054512	0.370773663966304	0.714585847274613	0.951952587302501	-5.6226389527179
4:715987-717258	-0.0342911638914902	6.64889301109456	-0.358398843175523	0.723686031186149	0.951952587302501	-5.62680600055005
3:107061-107985	-0.0342856114409713	5.94190670817724	-0.343626361539536	0.734604492170117	0.954452745124366	-5.6315977192506
7:131837-132115	0.034280875178081	4.58787266023573	0.374064834326895	0.712172842706265	0.95184994639547	-5.62150723487972
5:114317-115398	-0.0342217615300147	6.05902716431508	-0.346102520712944	0.732770242931769	0.953730621507007	-5.63080841756219
4:279824-280117	0.0341819763668356	4.53141888122514	0.304718802705322	0.763632919630064	0.959049344129236	-5.64326421079132
14:200684-201046	-0.0341521548210633	4.90936646384779	-0.330927966022358	0.744036362539931	0.954976994788794	-5.63555750383576
2:82945-84545	-0.0341379278136307	7.00364411029974	-0.40731220780481	0.687973906966321	0.946225141005595	-5.60952292892937
8:284512-284928	0.0341023127011253	5.09005568991485	0.306909639963398	0.761988376554506	0.958768804580225	-5.64264409003469
5:582946-583270	0.0340330870178196	4.85011821125093	0.401424175412176	0.692235465185808	0.94652673539571	-5.61171838746255
9:135927-136380	-0.0339774744157202	4.86019244934327	-0.294874932436181	0.771036221564559	0.960790124644478	-5.64599624371167
11:152987-153292	-0.0338987891165052	4.91788684755904	-0.352884654500976	0.727754700126096	0.951952587302501	-5.62861790122152
14:442734-443428	-0.0338656584281489	5.74559176318477	-0.352404717587284	0.728109216052965	0.951952587302501	-5.62877429200303
18:300496-300941	-0.0338419337307858	4.90345466009452	-0.336965643327457	0.739546561482833	0.954976994788794	-5.63369311802561
3:641950-642150	0.0338105578064263	4.02999024262816	0.303759138064879	0.764353649467749	0.959049344129236	-5.64353446050908
6:358712-358987	0.033760179876098	4.6939196357149	0.301443759491616	0.766093452885867	0.9593692508127	-5.64418301591407
11:312343-313187	0.0337578230269848	5.9687463809095	0.332052545964066	0.743199376339571	0.954976994788794	-5.63521276674901
15:412426-413293	0.0337130228050455	5.97770379895394	0.385161336683031	0.704060079497261	0.950973686005734	-5.6176189652235
3:722797-724401	0.0336511708917238	6.92956889521602	0.407830470178028	0.687599312797062	0.946109598548924	-5.6093281817864
5:619534-620414	-0.0336405604636063	6.07274127698894	-0.378614138428849	0.708842500859993	0.95184994639547	-5.6199266710357
4:749428-749915	0.0336228359205197	5.22606545151277	0.331740500932961	0.743431588105007	0.954976994788794	-5.6353085392009
4:309294-309762	0.0335974492306734	5.18014344028765	0.349194099457899	0.730482413406303	0.951952587302501	-5.62981509213838
15:54829-55606	-0.0335421312897077	6.01015428541714	-0.367145381656837	0.717249569429744	0.951952587302501	-5.62387517105021
2:730477-730896	-0.033504218445521	5.13937135720524	-0.318820694669179	0.753067768216758	0.956076984541536	-5.63919572399692
16:73594-73821	-0.0334798216009462	4.60079879271908	-0.341755567087732	0.735991389133284	0.954652764455004	-5.63219034377727
6:479649-479897	0.0334131000882971	4.64431822714003	0.314301745343483	0.756448079053494	0.956282597723196	-5.6405192959494
8:367232-367649	0.0332653136743097	5.27362339133414	0.339948834754767	0.737331672070973	0.954976994788794	-5.63275964236364
13:247119-247629	0.0332252962619988	5.6454733911824	0.350386821137451	0.729600462441323	0.951952587302501	-5.62942953972332
6:673521-673820	-0.0332242653050123	4.52073767421005	-0.229605728328985	0.820659180271878	0.971097540148762	-5.66185865741485
8:442904-443738	-0.0332201825873666	6.29654146220019	-0.398508707083661	0.694349473850572	0.94652673539571	-5.61279384294946
10:236324-236778	-0.0331387182139515	5.43655040363606	-0.376811403486928	0.710161491915232	0.95184994639547	-5.62055524563599
11:440621-440821	-0.0330674088173062	4.53129163768373	-0.395246119148394	0.6967182103811	0.94652673539571	-5.61398820614329
14:426824-427202	0.0330276653966877	5.09917506603083	0.313982025807289	0.75668742959539	0.956282597723196	-5.64061223176135
3:714197-714583	-0.0330011218274775	4.91938982876863	-0.329336069049442	0.745221712028623	0.954976994788794	-5.63604351970659
20:87250-87566	0.032829181587644	4.42001322761223	0.279100739715533	0.782946124179564	0.964628893982983	-5.65018879223519
18:121259-121640	0.0328180048205304	5.16918676272594	0.344146196914412	0.734219281575983	0.954452745124366	-5.63143248028512
4:344897-345851	0.032783021713179	6.14598874753558	0.351221563626858	0.728983445458059	0.951952587302501	-5.62915893391988
13:309286-309764	0.0327552991438775	5.15715981199489	0.303841683006235	0.764291647720525	0.959049344129236	-5.6435112483275
5:52098-52883	0.0327490965510755	5.89599565383879	0.360580231687214	0.722078788175275	0.951952587302501	-5.62608157233326
10:461109-461381	-0.0326884583347207	4.09936958127589	-0.209619826214447	0.836020495256682	0.974983503923251	-5.66593100801536
11:586816-587070	0.0326417598775057	4.77600790433632	0.357054442461403	0.724677235963558	0.951952587302501	-5.62725031001935
5:233043-233936	0.0326300762845255	6.22349727831081	0.313126165661748	0.7573282725806	0.956282597723196	-5.6408605519101
10:48740-48950	0.0326298522704622	4.40959964335976	0.275043697634972	0.786018278568205	0.964628893982983	-5.6512301545593
6:219644-220592	0.0326298151800817	6.33361388793324	0.379645406384181	0.708088383309948	0.951781188543464	-5.61956576200877
6:693279-693658	0.0326272541394346	4.98496043291922	0.35180087441727	0.728555346824824	0.951952587302501	-5.62897076016392
16:124699-125050	-0.0326195592768528	5.03668500143461	-0.289942476368827	0.774754277812171	0.96261292203461	-5.64733175939145
9:172946-173287	0.0325872089569561	4.94353850412091	0.352349646431687	0.728149899568215	0.951952587302501	-5.62879222389089
13:530777-531140	-0.0325843607529208	5.30049324767662	-0.377943516501057	0.709333059590255	0.95184994639547	-5.62016084743341
5:64318-64625	-0.0325830670165432	4.77657553412646	-0.324265416645938	0.749001701301339	0.954976994788794	-5.6375761789495
7:101862-102356	0.0325492685045523	5.24724150238161	0.300352625519462	0.766913784251669	0.9593692508127	-5.64448694742733
4:935814-936081	0.0325007927079479	4.7505255636836	0.326720861144554	0.747170439778477	0.954976994788794	-5.63683693003818
1:776150-776579	0.0324816831614463	5.27316153816625	0.286923059878883	0.777033043410481	0.963701829400197	-5.64813828297729
4:643268-644039	0.0324709278181237	6.12216113263659	0.353508757314655	0.727293786489941	0.951952587302501	-5.62841421888953
6:65134-65344	0.0324605560846853	4.44950277337408	0.299738688023188	0.767375475398221	0.9593692508127	-5.64465747771987
8:391868-392744	-0.0324088331446388	6.1571916009614	-0.362857529204665	0.720402284434962	0.951952587302501	-5.62532066883201
4:443837-444564	0.0323861732610604	5.9392658046837	0.336903174625541	0.739592966659189	0.954976994788794	-5.63371257834388
2:1054480-1055882	-0.032385414362107	8.88885773010426	-0.267895511774438	0.791439859135241	0.965088543810267	-5.65302814741585
9:38553-38984	0.0322786061937332	5.0846512220915	0.34220605617303	0.735657338326584	0.954652764455004	-5.63204793122946
8:600248-600987	0.0321926270922619	5.94556734350033	0.37403736178424	0.712192972129689	0.95184994639547	-5.62151672249731
6:229990-230735	0.032179997550938	5.9386670491473	0.36078607218774	0.721927193152511	0.951952587302501	-5.62601298991843
15:466825-467156	0.0321741061211505	4.64372484280088	0.339762230464292	0.737470149167688	0.954976994788794	-5.63281827129592
1:874085-875014	0.0321580406142186	6.39696868784575	0.356119615697918	0.725366760937481	0.951952587302501	-5.62755828908268
17:81950-82182	0.0320924755836769	4.64787266411955	0.276790804366019	0.784694857430625	0.964628893982983	-5.65078356080416
16:440440-441249	-0.0320876760214706	5.99541388968016	-0.353680699499421	0.727166822021191	0.951952587302501	-5.62835804141071
2:1013842-1014209	0.0320810458971206	5.24051596485457	0.349643479034594	0.730150077324589	0.951952587302501	-5.62966998058182
2:290055-290822	0.0320770696928721	6.04123649462313	0.313549181341882	0.757011508412172	0.956282597723196	-5.64073790152211
4:241524-241764	-0.0320715600726373	4.70314199869142	-0.313600257122516	0.756973264622048	0.956282597723196	-5.64072308137768
15:141977-143356	0.0320458375804442	6.96476989558039	0.338499477894726	0.73840746502222	0.954976994788794	-5.63321417816676
5:98422-98758	-0.032017085490847	5.13957366451149	-0.316398163733937	0.754879267354796	0.956282597723196	-5.63990759233022
7:358919-359228	-0.0319496610172205	4.86080724386939	-0.299490924224834	0.76756182300118	0.9593692508127	-5.64472619994059
14:202548-202953	0.0319371675453839	5.28792311109065	0.332783250112839	0.742655712962561	0.954976994788794	-5.63498815186708
1:608275-609016	-0.0319239799333069	6.06460478133313	-0.302427710376039	0.765353944868104	0.959049344129236	-5.64390800405548
9:426089-426349	0.0318980406593541	4.76941685073356	0.274194907623597	0.786661471143361	0.964684039681557	-5.65144610911512
11:241207-241499	0.0318578296566336	4.68058956596534	0.323972969924726	0.749219908600893	0.954976994788794	-5.63766385704007
14:134709-135237	-0.031851101620652	5.37803746131498	-0.313438758855883	0.757094191161085	0.956282597723196	-5.64076993353822
17:153181-153457	0.0318441784798491	4.65166957491337	0.316606012057169	0.7547237873612	0.956282597723196	-5.63984672609096
7:473838-475060	0.031842608749221	6.90766001843313	0.343953452477821	0.734362101493773	0.954452745124366	-5.63149377631707
13:502110-503008	0.0318159194319794	6.0793578510981	0.377379371271937	0.709745831092805	0.95184994639547	-5.62035752633331
14:412505-413391	0.0317912710414179	5.89901034493646	0.320288458195647	0.75197092598718	0.955385144683116	-5.63876180445636
5:276885-277133	0.0317181257770152	4.44991670025194	0.270919139687173	0.78914523155363	0.965088543810267	-5.6522733421005
1:493877-494610	0.031541871113272	5.87051534859051	0.33170832299766	0.74345553509819	0.954976994788794	-5.63531841014975
3:715239-715606	0.031527773513508	5.29459108664994	0.321271814228638	0.751236376447118	0.954994041743056	-5.63846998917124
1:989240-989473	-0.0314611868993806	4.37610742780561	-0.281304738853964	0.781278687133145	0.964414872844509	-5.64961673101812
13:141779-142209	0.0314606312844425	5.19216585851177	0.327822911118604	0.746349032354731	0.954976994788794	-5.63650334875223
2:1000727-1001424	-0.0313903311896659	5.6004284748718	-0.311415872426733	0.75860942654802	0.956410908662057	-5.64135476887844
16:350559-350877	-0.0313701826150456	4.8092608193467	-0.293040255208624	0.772418535989018	0.961411014104395	-5.64649560946061
14:402565-403298	-0.0313647621878683	5.71555793489989	-0.315576803734012	0.755493786295017	0.956282597723196	-5.6401477322608
16:469292-470205	-0.0313206093942915	6.29354861756139	-0.332234606513484	0.743063905554654	0.954976994788794	-5.63515684786262
5:117655-118011	-0.0313194055357533	5.18759615678344	-0.287425203653692	0.776653929996616	0.963580125925614	-5.64800473423221
6:625270-625660	-0.0313105718587874	5.16954123607124	-0.334321119017986	0.741511948163543	0.954976994788794	-5.63451382465451
14:370567-371384	0.0312905807963508	5.94090777490841	0.353211700390033	0.727513156348453	0.951952587302501	-5.62851121073704
6:543262-543783	0.0312904630453854	5.58260932403241	0.355037077071487	0.726165536572106	0.951952587302501	-5.62791393674098
4:708411-709303	-0.0312733115824964	6.11246530226612	-0.341692533677122	0.736038134525071	0.954652764455004	-5.63221025567662
8:316723-317498	-0.0312610141116139	6.05342268078823	-0.330381317556615	0.744443331624244	0.954976994788794	-5.63572466006596
11:405243-405581	-0.031209473962539	5.23525483976506	-0.335834731617919	0.740386822226946	0.954976994788794	-5.63404486907255
10:193346-193641	-0.0312014920747119	4.81731603289476	-0.349446104412136	0.730296037892993	0.951952587302501	-5.62973373855638
1:641982-642802	-0.0311927174426518	6.03966771545384	-0.338210010616154	0.738622389684913	0.954976994788794	-5.63330472879875
7:67834-68256	0.0311428483831051	5.08077920758802	0.313691946162386	0.756904612622187	0.956282597723196	-5.64069647090091
10:385182-386185	-0.0311170518685859	6.50630845491014	-0.357326040714788	0.724476950964068	0.951952587302501	-5.62716068256769
7:11850-12363	0.0310995344412728	5.45826475508428	0.28733816817084	0.776719636805098	0.963580125925614	-5.64802789852583
20:79566-79769	-0.0310897831427077	4.18042490958396	-0.29335976369203	0.772177750410988	0.961409627493625	-5.64640886711343
9:658425-659165	0.0310775179788445	5.92581027852707	0.360926466726117	0.721823803740275	0.951952587302501	-5.62596619080277
10:418687-419105	0.0310626799969071	4.26338902311701	0.239060106205678	0.813417729089715	0.968717976611461	-5.65980382837262
11:327727-328776	-0.0310595589955813	6.36835680580872	-0.317067767585843	0.754378411447294	0.956282597723196	-5.63971136424641
6:142616-142725	-0.0310063497631607	3.90232989943561	-0.284483412757408	0.778875762224318	0.963825410198211	-5.64878383049956
18:125956-126427	-0.0309201732102338	5.26701511821163	-0.343899064055817	0.73440240405355	0.954452745124366	-5.63151106663358
3:614860-615109	-0.0308971328524805	4.62905737998716	-0.28588113541047	0.777819867609685	0.963825410198211	-5.64841465187958
4:261716-261995	-0.0308465122899904	4.58920441025369	-0.290066768586439	0.774660518469033	0.96261292203461	-5.64729838009778
1:487692-488061	0.0307766479064577	5.34302587731536	0.303214658703557	0.764762663338584	0.959049344129236	-5.64368741525219
12:194854-195187	0.0307671011529349	5.02595965262319	0.298486133044452	0.768317692362904	0.9593692508127	-5.64500432181346
17:9117-9470	0.0307563012544696	5.0004571185401	0.338439451487034	0.738452031832336	0.954976994788794	-5.63323296180762
8:425226-426051	-0.0307493469028053	6.15461282496416	-0.336118518970104	0.740175938574181	0.954976994788794	-5.63395671158326
13:543620-544366	-0.0306656676705694	6.09064459306045	-0.302692772233874	0.765154771554201	0.959049344129236	-5.64383376818967
8:350221-350587	0.030649065878368	5.08866592645649	0.358478815647716	0.723627084445423	0.951952587302501	-5.62677951864341
1:470610-471586	-0.0306390436072332	6.3145745222785	-0.322199701382914	0.750543483129041	0.954976994788794	-5.63819382333051
4:379419-381121	-0.0305863329779932	8.32757576153013	-0.280511256143004	0.781878873067255	0.964414872844509	-5.64982319821805
6:294461-295313	0.0305541058068197	6.06790867184617	0.353461983836704	0.727328326059604	0.951952587302501	-5.62842949620098
11:590568-590964	0.0305252240663441	6.49307076879712	0.317845162217846	0.753797068464495	0.956076984541536	-5.63948303320134
9:332156-333069	0.0305074379552668	6.33050999098859	0.318937522464655	0.752980444545075	0.956076984541536	-5.63916125803589
3:343193-343571	0.0304647444331572	4.84981221611994	0.309570040376986	0.759992909613913	0.957251263357223	-5.64188514645362
1:86745-87164	-0.0303933158998921	5.19384180185087	-0.359378765510064	0.722963863779089	0.951952587302501	-5.62648110951968
3:275631-276129	0.0303857926466637	5.74789719216881	0.353111915282529	0.72758685078974	0.951952587302501	-5.62854377345225
16:150978-152020	-0.0303099913614888	6.39115758950105	-0.324853673408212	0.748562842575296	0.954976994788794	-5.63739957751378
8:441456-442510	0.0303006215200661	6.58250121422807	0.35521859016228	0.726031580676917	0.951952587302501	-5.62785437856686
2:611936-613068	0.0302503648082064	8.05441962299542	0.2759572290034	0.785326201809043	0.964628893982983	-5.65099698839364
9:30125-30325	0.0302319220221845	4.28336862848376	0.238399355452848	0.813923273862841	0.968915046226084	-5.65995011530443
15:200828-201442	0.0301693340946514	6.78021673024639	0.266066717630379	0.792828673014339	0.965233554650282	-5.65348059991196
4:937912-938712	-0.0301461659474249	6.17384822671726	-0.328906316773857	0.745541823035366	0.954976994788794	-5.63617432864785
17:143152-143519	-0.0301429498132029	5.29583027977879	-0.323309449088876	0.749715070491388	0.954976994788794	-5.6378624963396
13:336610-336970	0.0301133365709845	5.01598898453831	0.259039005416403	0.798172156300799	0.966153718564215	-5.65519066578088
15:328412-328724	-0.0300881922874021	4.86031548706978	-0.3313155581069	0.743747854328427	0.954976994788794	-5.63543881900108
2:986436-987304	-0.0300838579670435	7.38960129273922	-0.323589038680505	0.749506409247729	0.954976994788794	-5.63777884424251
8:569614-570409	-0.0300723883271399	6.31499479611221	-0.322451830889692	0.750355244472246	0.954976994788794	-5.6381186462757
8:354639-355525	-0.0300072637641087	6.25653257970964	-0.247477923262927	0.806984582223543	0.96780723148585	-5.65790495455323
15:2026-3006	0.0299052798695962	6.24228225460883	0.340996946199328	0.736554049818432	0.954976994788794	-5.63242974699222
3:929511-930484	0.0299015491810231	6.29422145064613	0.316047494271933	0.75514160823337	0.956282597723196	-5.64001019263508
9:208554-209506	-0.0299004496103219	6.36510346565936	-0.335814592217712	0.740401788702118	0.954976994788794	-5.63405112250715
3:726551-726842	0.029866055047755	4.86158044586309	0.333097770435571	0.742421743875612	0.954976994788794	-5.63489131966564
5:421619-422558	-0.0298328142381186	6.30990575151786	-0.298382569485872	0.768395613083899	0.9593692508127	-5.6450329351374
2:968780-969172	0.0298228405594729	5.08230621815029	0.298867000545141	0.768031151130344	0.9593692508127	-5.64489900826972
5:266759-267313	-0.0297844726372283	5.81343902969746	-0.30060237123522	0.766725996762836	0.9593692508127	-5.64441747795713
2:567611-567827	-0.0297244266640844	4.38010645654372	-0.321785550286936	0.750852720931981	0.954976994788794	-5.6383171838969
1:581754-582473	-0.0296707213070047	5.92131950464137	-0.329551388887635	0.745061343788962	0.954976994788794	-5.63597791670116
11:265363-265648	0.0296263308960745	4.65919134325311	0.28495261814273	0.77852125704022	0.963825410198211	-5.64866009989589
1:340044-340546	-0.0294443397944768	5.53823399732792	-0.329764367376087	0.744902731040415	0.954976994788794	-5.63591298536274
4:431980-432291	-0.0293874388466557	4.79108542566288	-0.2975369736585	0.769031929283449	0.959705515129767	-5.64526619477647
12:226637-227265	-0.0293371403550324	5.39871016198332	-0.311375280282501	0.758639842156728	0.956410908662057	-5.64136646609626
5:128966-129288	0.0293145445378791	4.97539962761539	0.363539339619709	0.719900628661369	0.951952587302501	-5.62509193980683
13:378237-378978	-0.0292806509477215	6.10598189269349	-0.341867905990896	0.735908081536265	0.954652764455004	-5.63215484755872
7:615322-618675	0.0292204335188639	9.27273128612448	0.275825901492598	0.785425682229029	0.964628893982983	-5.65103055510846
4:245612-246209	0.0291241357238592	5.6463387611413	0.341829408495541	0.735936629897889	0.954652764455004	-5.6321670130795
12:240245-240563	-0.0290367611302127	5.10842233096442	-0.280175729997807	0.782132705188912	0.964414872844509	-5.64991032942745
4:129499-129803	0.0289829974014308	4.84363663831798	0.311444555322634	0.758587934756081	0.956410908662057	-5.64134650257425
1:477513-477889	-0.0289756016575238	5.2152836410711	-0.31306039576829	0.757377526570315	0.956282597723196	-5.64087960670608
12:496437-496748	-0.0289435823787327	4.85818718686858	-0.262164348669547	0.795794546774554	0.965233554650282	-5.65443578023164
11:450056-450295	0.0289367439112755	4.57919681219091	0.305023065306081	0.763404457432988	0.959049344129236	-5.64317835165164
3:630476-630714	0.0289006209212515	4.52741833029654	0.254575409348664	0.801571327669402	0.967215025365267	-5.65625320280356
17:176149-176549	-0.0288572826293212	5.43782309222751	-0.248386593800197	0.806290978076017	0.96761792490181	-5.65769607486729
18:265533-266326	-0.0287470926439708	6.18286439572653	-0.324465037233103	0.748852768037596	0.954976994788794	-5.63751628603096
8:135020-135451	0.0287345316020717	5.43061503648179	0.306536596103086	0.762268319115643	0.958768804580225	-5.64274999148785
7:252141-252540	-0.0286964474195912	5.02262398860984	-0.231863697296928	0.818928200043173	0.9704852060877	-5.66137539842625
10:139147-139530	0.0286788147984405	5.06916645638029	0.273504680733612	0.787184623735587	0.964796926571875	-5.65162123292572
15:409277-409652	0.0286596244015644	5.21959736050794	0.281473336078224	0.78115117913489	0.964414872844509	-5.64957278689736
2:957495-958543	0.0286066228114628	6.51569691998788	0.330062496734659	0.744680722888725	0.954976994788794	-5.63582202420708
15:65028-65735	-0.0285573070971585	5.71051176227988	-0.334495975219586	0.741381940498922	0.954976994788794	-5.63445975668937
7:320304-321258	0.0285424665550833	6.11822055502175	0.328219024989886	0.746053866426118	0.954976994788794	-5.63638317713395
13:169819-170120	0.0285385702382559	4.88729332910712	0.244881507446257	0.808967368701628	0.968424162157927	-5.65849761156778
11:10245-11294	-0.0285221434670877	7.59682505435715	-0.28590576291584	0.777801266968067	0.963825410198211	-5.64840813097014
2:895295-898481	-0.0285144467143859	9.8523121298528	-0.223393720704345	0.825426181549147	0.97328967034088	-5.6631639075643
13:539799-540792	-0.0284640273159056	8.63543632593028	-0.268395246017525	0.791060476863403	0.965088543810267	-5.65290397574628
10:551713-551980	-0.0284398918734006	4.66087419488634	-0.305850853193336	0.762783006939703	0.959049344129236	-5.64294433081341
4:798198-798546	0.0284163602110992	4.89806039731059	0.274538626185312	0.786400990648772	0.964628893982983	-5.65135873781826
2:676771-677054	0.0283568973306814	4.94945350355528	0.292788273698721	0.772608449002125	0.961411014104395	-5.64656395306823
2:118380-118842	0.028313441632621	5.7716024209628	0.264730214864906	0.793844080328982	0.965233554650282	-5.65380931192685
2:610161-610443	-0.0281878312565951	4.80875107595266	-0.284290323458604	0.779021663990695	0.963825410198211	-5.6488346899121
16:430011-431126	0.0281637262404244	6.2157540963433	0.302730405222802	0.765126494649934	0.959049344129236	-5.6438232230993
17:363887-364243	-0.0281437897486319	4.93776015534642	-0.208479601614642	0.83689897301797	0.974983503923251	-5.66615222168113
1:925151-926113	-0.0281312868173256	6.26156956811033	-0.307472974884378	0.761565697659058	0.958596193116407	-5.64248392622049
8:650309-651380	-0.0281284670425288	6.29720075857801	-0.309360432231374	0.760150066807555	0.957251263357223	-5.64194517752923
2:380945-381296	-0.02811657598527	5.34564361885622	-0.262691841820058	0.795393455670482	0.965233554650282	-5.65430748483247
2:326311-326861	-0.0280684887413241	5.77360976151285	-0.274894514399311	0.786131314673897	0.964628893982983	-5.65126815866263
1:1060595-1060980	0.0279883481190595	5.01962904787095	0.295470903223803	0.770587362638254	0.960677841813469	-5.64583336692671
12:249135-250228	-0.0279834902282632	6.48870850574007	-0.326630814281291	0.747237569404784	0.954976994788794	-5.63686413739719
2:910163-911402	0.0279629074394316	6.07369851574763	0.285265321905187	0.778285023156486	0.963825410198211	-5.64857752691086
3:610366-610573	0.0279600898833303	4.30786762878346	0.300543166076963	0.766770512664529	0.9593692508127	-5.64443395168272
18:27462-27824	0.0279391694865945	5.15922103760849	0.24354871937862	0.80998568242093	0.968627533144529	-5.6587994211938
7:602335-602691	-0.0279213872499415	5.33807295175411	-0.320352903670797	0.751922778959567	0.955385144683116	-5.63874270706424
1:391784-392572	-0.0278611173633427	5.95340553673356	-0.322878703077434	0.750036580185282	0.954976994788794	-5.63799123390936
2:807500-808280	0.0278032341846695	5.66922165089568	0.240781426600117	0.812101128051317	0.968627533144529	-5.65942084706658
9:625339-625596	0.0277773258755722	4.6623286655382	0.236566283264353	0.81532620480766	0.969321406558587	-5.66035384154532
7:702445-702759	-0.0277445699607277	4.83444283249928	-0.288580181241796	0.775782150725844	0.963396118640537	-5.6476966812711
15:34623-34843	0.0277006793344334	4.03169787024608	0.265441037439021	0.793303986375762	0.965233554650282	-5.65363469007812
5:384203-384591	0.0276800121885419	5.2097779884211	0.266560695742033	0.792453468771255	0.965233554650282	-5.65335869051634
3:457721-458076	0.0276169801254857	4.95156514020394	0.333196259464802	0.742348483949387	0.954976994788794	-5.63486097900525
13:33080-33890	-0.0275484428509358	6.12299717525783	-0.318110338564702	0.753598801370203	0.956076984541536	-5.63940502090793
14:56580-56871	0.0275277876025806	4.41841708521791	0.269537352418441	0.790193625904899	0.965088543810267	-5.65261932834348
1:646560-647159	-0.0275247466404185	5.94079667377697	-0.295279532438895	0.770731485690833	0.960677841813469	-5.64588570341929
10:246514-246929	0.0275113797626076	4.75744609096385	0.295310267847604	0.770708338005887	0.960677841813469	-5.64587730009802
13:512868-513178	0.0274603777783868	4.53143692738112	0.274704563646608	0.786275247326666	0.964628893982983	-5.6513165186035
3:216205-216755	0.0274583855594663	5.58189241993106	0.325810591314632	0.747849137557746	0.954976994788794	-5.63711162369196
14:408453-408787	0.0274374600181444	4.87535454371539	0.248311528226384	0.806348270751509	0.96761792490181	-5.65771335930382
11:26082-26364	-0.0273982077539197	4.86713511857857	-0.268602246378783	0.790903344368388	0.965088543810267	-5.65285247399076
4:296540-297328	-0.0273913097344272	5.77068598931204	-0.230343544950567	0.820093459435695	0.971094794823855	-5.66170126433963
17:267944-268190	-0.0273246330251249	4.44685186906093	-0.211673187095183	0.834439052985574	0.974983503923251	-5.66552960943783
13:506652-507243	0.0272952813330454	5.5539410982341	0.311588396535803	0.758480159071369	0.956410908662057	-5.64130503670755
2:1066218-1066664	0.0272774730921483	5.40895558545518	0.273509714348402	0.787180808169048	0.964796926571875	-5.6516199573859
2:222352-223179	0.0272486855100045	6.83142879668514	0.269334692592446	0.790347423016314	0.965088543810267	-5.65266992481358
10:522790-523245	0.0271826843471432	5.42951073113866	0.278649175211669	0.783287888147247	0.964628893982983	-5.65030544777762
8:481826-482743	-0.0271599431843805	6.19683923026521	-0.280879517327737	0.781600304968296	0.964414872844509	-5.64972744717649
16:503354-505171	-0.0271553876451467	9.29655801545211	-0.24085211273803	0.812047073907768	0.968627533144529	-5.65940506154433
20:141783-142647	-0.0271423042661239	6.1245189826521	-0.303831556751213	0.764299253738346	0.959049344129236	-5.64351409623319
5:608266-608862	0.0270959624142622	5.7359320347633	0.298554838910447	0.768265999788766	0.9593692508127	-5.64498533381038
7:759566-760923	-0.027064961087544	6.55739439606054	-0.297454815269117	0.769093762906719	0.959705515129767	-5.64528882341775
6:476027-476238	0.0270535061716881	4.31427557448367	0.213221174617302	0.833247310368984	0.974983503923251	-5.66522442884509
4:42855-43411	0.0270115996512175	5.25867469071895	0.285519309106771	0.778093163236768	0.963825410198211	-5.64851039263137
3:333398-333763	0.0269899708643626	5.61559963289546	0.254348377473134	0.801744328223852	0.967215025365267	-5.65630675652933
17:90091-90480	-0.0269617692368458	5.40724020072792	-0.25526464910536	0.801046184154522	0.967155636464154	-5.65609032986729
8:556077-556726	-0.0269482869450508	5.82828682843668	-0.309182687052311	0.760283342545784	0.957251263357223	-5.64199605162572
11:558054-558986	0.0268939834774278	6.36129233882966	0.325797238133764	0.74785909526222	0.954976994788794	-5.63711564766515
7:127482-129827	-0.0268150877685676	7.49608256693988	-0.324136868769373	0.749097613841155	0.954976994788794	-5.6376147283641
3:648688-649136	-0.0267623512075863	5.41836856006186	-0.282179081189467	0.780617501460932	0.964414872844509	-5.64938855420798
15:259460-259662	0.026734461465364	4.55955982394958	0.245839281681711	0.808235797876253	0.96780723148585	-5.65827971320277
12:368842-370687	-0.0267184771280267	7.42183433841431	-0.27068006360454	0.789326594899567	0.965088543810267	-5.65233333002649
11:78720-79587	-0.0267118655444154	5.89594969938601	-0.301408992447807	0.766119586947473	0.9593692508127	-5.64419271698494
9:326048-326365	0.0267029571178554	5.10998211226218	0.280330774460682	0.782015407906912	0.964414872844509	-5.64987007950964
8:654901-655644	-0.0266870621108071	6.02108357181658	-0.285892583988941	0.777811220719919	0.963825410198211	-5.6484116205763
1:488948-489414	0.0266761437242495	5.13977116322565	0.293672037037939	0.771942440091836	0.961384073970801	-5.64632399851688
12:263625-264580	0.0266413831334615	6.13642062745882	0.32697468321708	0.746981227386804	0.954976994788794	-5.63676019864564
7:381359-381661	-0.0266201357833324	4.88052816333933	-0.272556203256088	0.787903683802859	0.965088543810267	-5.65186116563557
6:580227-580560	-0.0265781663141711	4.77064047001355	-0.236022762676435	0.815742307579668	0.969321406558587	-5.66047295423756
6:224963-225301	0.0265237165940384	5.20335347131359	0.253066288324041	0.802721488676778	0.967215025365267	-5.6566082933077
17:189201-189564	0.0265044141728783	4.80749353208844	0.195341033667373	0.847036964718048	0.975854210084202	-5.66861455085978
10:13906-14272	0.0264741663746637	5.22909312169429	0.269092700012621	0.790531080966179	0.965088543810267	-5.65273029171596
4:249251-250137	0.0264286612700904	6.3833499125881	0.273211696500085	0.787406720273482	0.964804949341392	-5.65169543627807
3:680738-681135	0.0264134695892126	5.29123494417551	0.277851362002979	0.783891818186303	0.964628893982983	-5.65051109412533
9:40207-40525	-0.0263754330571206	4.80487640266568	-0.280258902980552	0.782069780868646	0.964414872844509	-5.64988874026509
3:759450-760220	0.0263444384598124	5.98200603681086	0.267154180361271	0.792002751992527	0.965233554650282	-5.65321192704896
1:529356-530211	-0.0262410155709434	6.03573242848215	-0.303967778343672	0.764196937221759	0.959049344129236	-5.6434757774323
10:317252-317594	0.0261956374326635	4.45773433461858	0.22594740148053	0.82346567682065	0.972771805080293	-5.66263164448168
11:426597-427488	-0.026192642782445	6.14616611165744	-0.235972814391849	0.815780549264119	0.969321406558587	-5.66048388675487
5:152000-152306	-0.0261888531719041	4.67081379872078	-0.258017721176543	0.798949537158885	0.966153718564215	-5.65543539521032
4:450350-450704	0.026168625692347	4.86035890828395	0.259261636713888	0.798002722372572	0.966153718564215	-5.65513718942245
13:490725-490989	0.0261506430304728	4.58571076829674	0.281610371134185	0.781047545870441	0.964414872844509	-5.64953705008396
13:438901-439648	0.0261408815883435	5.95883921981265	0.303347043563938	0.764663209104218	0.959049344129236	-5.64365025079366
10:522103-522415	0.0260774681330993	4.91998841208261	0.282286179931	0.780536524114741	0.964414872844509	-5.64936055642271
1:888166-888793	-0.0260251380114962	5.6477170559281	-0.262891907683249	0.795241346342974	0.965233554650282	-5.65425875842482
7:59162-59501	0.0260231822359236	5.05675103275439	0.241565650537539	0.811501480892692	0.968627533144529	-5.65924545752082
3:423784-424087	-0.0260045125945183	4.69946338353565	-0.287938881000346	0.776266167974266	0.963551682710154	-5.64786787857199
14:69719-70682	-0.025960480066753	6.16180017968939	-0.262967615016154	0.795183788520884	0.965233554650282	-5.6542403101623
3:526788-527059	-0.0258308642182028	4.66529815547185	-0.250254832317018	0.804865433536203	0.967215025365267	-5.65726422652125
17:389639-390556	0.0258271122163851	6.08173889331751	0.275797919402875	0.785446879112435	0.964628893982983	-5.65103770515536
4:616273-616699	-0.025702565764866	5.2492083480424	-0.246210010379326	0.807952674746436	0.96780723148585	-5.65819514374222
18:150832-151093	-0.0256856797091238	4.80056651400464	-0.237182418415065	0.814854578198531	0.969321406558587	-5.660218486017
13:170436-170682	-0.0256571236850398	4.67030334414146	-0.246900042207388	0.807425773827087	0.96780723148585	-5.65803739873666
3:631003-631213	0.025620200301474	4.53992993049304	0.190817155349677	0.850534082314766	0.976386051490558	-5.66942545252352
13:202777-203162	0.0255492730597249	4.59484313106095	0.217154171653576	0.830221287728625	0.974983503923251	-5.66443909914794
6:521295-521626	-0.0255354804371422	4.91953446758391	-0.261391404691233	0.796382376524462	0.965233554650282	-5.65462331113527
3:479286-479738	-0.0254868427048871	5.46428668322463	-0.261628765781001	0.796201848396328	0.965233554650282	-5.65456578129971
12:513958-514207	-0.025399566054543	4.59204665768303	-0.260185954338104	0.797299378260468	0.965821926141774	-5.65491467924624
4:248335-248549	-0.0253706567789491	4.52588136734728	-0.222444267363036	0.826155392317591	0.97363652870288	-5.66336026738451
17:206991-207511	-0.0253623714061071	5.74690756858022	-0.263430719602251	0.794831731247572	0.965233554650282	-5.65412734668368
12:351716-352078	0.0253246017338311	4.61075210281149	0.189064035346926	0.851890159728825	0.976605635632255	-5.66973460994555
12:74069-74376	-0.0253164890186088	4.47104372697127	-0.184988103193571	0.855044795667145	0.977007178433933	-5.67044240079904
19:50187-50443	-0.0252777547793226	4.61098103871706	-0.220788670229383	0.82742732928786	0.973936548411194	-5.6637006772541
7:512097-512422	-0.0252695787172588	5.11237153890922	-0.255489633495986	0.800874785605518	0.967155636464154	-5.6560370695672
1:451242-451631	-0.0252345300399481	5.16416116922302	-0.255050469339169	0.801209361038669	0.967155636464154	-5.65614098911051
2:945486-945685	-0.025211531751268	4.04697370118008	-0.167256564213883	0.868796716306012	0.978742341288337	-5.67334259843716
12:62358-63121	0.0252065790621456	5.96861212496297	0.289796112605268	0.774864691262445	0.96261292203461	-5.64737104793219
5:778591-778792	-0.0251534946582481	4.35782003892269	-0.242606919651955	0.810705470894384	0.968627533144529	-5.65901170472295
5:615687-615906	-0.0251339465384888	4.39031498254461	-0.27502125134467	0.786035285807963	0.964628893982983	-5.65123587400978
2:780530-781445	-0.0251275511702973	6.01090424483934	-0.278354723873416	0.783510766130021	0.964628893982983	-5.65038141437783
6:708341-708635	0.0250354780679256	4.93252266609916	0.229668315662642	0.82061118754378	0.971097540148762	-5.66184532560132
16:41727-42147	-0.0249280564279744	5.09673395905722	-0.30299375073549	0.764928629907674	0.959049344129236	-5.64374939507617
1:611437-612136	-0.0249224139061983	6.00707185755427	-0.250437438870535	0.804726134346746	0.967215025365267	-5.65722184408849
5:437555-438454	0.024866893626152	6.0416018482631	0.269450865894875	0.790259258843898	0.965088543810267	-5.652640925366
5:462514-463907	-0.0248643341196093	6.57823645858905	-0.27570062511452	0.785520582432012	0.964628893982983	-5.65106256041226
16:438120-438356	-0.024855023873982	4.10388595657416	-0.274656971153931	0.786311311133453	0.964628893982983	-5.65132863007663
15:235678-236168	0.0248417999659898	5.42474293283402	0.268033639292988	0.791334991824955	0.965088543810267	-5.65299384908752
10:278872-279134	0.024787657383091	4.74055351442824	0.25831003475543	0.798727012082951	0.966153718564215	-5.65536544641471
10:378957-379447	-0.0247799536779594	5.44613781325722	-0.268879746752149	0.790692710139678	0.965088543810267	-5.65278337000081
14:94567-95447	-0.0247773485104181	6.28818239866798	-0.289836065751886	0.774834551043988	0.96261292203461	-5.6473603252282
6:323758-324558	0.0247751214975427	5.98913533027858	0.264197419903055	0.794248975810768	0.965233554650282	-5.65393989450932
2:447247-448051	0.0247741553167957	6.21963453828936	0.294429486811191	0.771371765369381	0.960940724128402	-5.64611776973161
14:513503-514086	0.0247458661411537	5.57719132811316	0.263890842960186	0.794481984782114	0.965233554650282	-5.65401491502942
12:528162-528413	-0.0247323220548195	4.32124430016371	-0.252989721145466	0.802779855823194	0.967215025365267	-5.65662625339037
2:149014-149488	-0.0247288824560936	5.64352602707113	-0.250668957388795	0.804549532833127	0.967215025365267	-5.65716806519131
14:193800-194355	0.0246639714997183	6.31801623296355	0.22926336190731	0.820921723764139	0.971097540148762	-5.6619315214164
4:290960-291517	-0.0246596580066596	5.76689222504719	-0.284225465928012	0.779070673390779	0.963825410198211	-5.64885176560171
16:480532-481582	-0.0246293261967567	6.23923865585196	-0.250243512837774	0.80487406868241	0.967215025365267	-5.65726685272769
14:375218-375581	0.0245632378886542	5.18890746829775	0.246971839896754	0.807370955265248	0.96780723148585	-5.65802096020516
17:106180-106632	-0.0245558408241182	5.4181136910988	-0.242778557666898	0.810574280422855	0.968627533144529	-5.65897307807264
14:235149-235760	-0.0245353654276688	5.7306961184219	-0.242777558726784	0.810575043940117	0.968627533144529	-5.65897330295982
6:36412-37229	0.0245274257311481	6.35759549815401	0.274570436188321	0.786376885348047	0.964628893982983	-5.6513506464082
8:639489-639757	0.0245194217774767	4.46640898984925	0.206759595836268	0.838224552041837	0.975155242419834	-5.66648364582532
20:72060-72308	0.0244515378431052	4.46408903150816	0.266494191114671	0.792503979782557	0.965233554650282	-5.65337511633762
11:320115-320740	0.0243549037821582	5.52870284482108	0.229014942232521	0.821112237742398	0.971097540148762	-5.66198432355373
2:689481-690350	0.0243379641059791	7.41248336651145	0.172814020871157	0.864481751907517	0.978114338103652	-5.67246492524206
5:382194-382667	0.0243338957689891	5.0906413353457	0.217910158696389	0.829639944363251	0.974983503923251	-5.6642865094482
2:401513-402404	-0.0243198805430271	6.15285360524659	-0.225313168653672	0.823952478381389	0.973031587087749	-5.66276439909184
12:372474-373016	0.0242864932782139	5.5176084425569	0.291871275465647	0.773299694146565	0.961736435398729	-5.64681217390358
14:367286-368095	-0.024279414182887	6.10276758193876	-0.268240943532163	0.791177612711641	0.965088543810267	-5.65294234062369
4:188605-188883	0.0242606175797908	4.68183692421954	0.265795285317719	0.793034863110882	0.965233554650282	-5.65354749145692
1:936712-937618	-0.0242439490751885	8.17105532499951	-0.228925856548865	0.821180560648585	0.971097540148762	-5.66200324504133
9:279617-280085	0.0241246849749492	5.37421789269495	0.271383055865966	0.788793339315261	0.965088543810267	-5.65215678838254
2:248202-248505	-0.0240085331983453	4.61686422918872	-0.218918259825671	0.828864884732018	0.974776464545589	-5.66408221179262
5:227436-227810	0.0239899728819255	5.12477078495258	0.282389968114163	0.780458052320903	0.964414872844509	-5.64933341403468
7:547983-549141	-0.0239820175117824	6.34782906641919	-0.261730963997805	0.796124123793025	0.965233554650282	-5.65454099528438
3:678052-678261	0.0239600384447711	3.85810217526046	0.204272697228825	0.840142033529104	0.975487503860984	-5.6669580081801
13:314586-314828	-0.023895819752874	4.51600788589063	-0.252007618979625	0.803528616803818	0.967215025365267	-5.65685614287413
3:266793-267252	-0.0238563160711145	5.4918702838159	-0.258593113587174	0.798511533737097	0.966153718564215	-5.65529763248996
11:434931-436179	0.0238420584209926	8.51680256256119	0.20591383044884	0.838876550130003	0.975457577418386	-5.66664561215299
4:160597-160983	0.023811561964493	5.21185296441208	0.249801160677978	0.805211540223292	0.967291157820573	-5.65736938943703
13:295748-296833	-0.0237536054953855	6.28913186150225	-0.250167474944887	0.804932075398932	0.967215025365267	-5.65728449104656
3:404656-404894	0.02373676476941	4.55354488667291	0.19661209009719	0.846054971890688	0.975854210084202	-5.6683833099134
7:518304-518738	-0.0236445525145434	6.39350832050368	-0.213202550150193	0.83326164626919	0.974983503923251	-5.66522811374849
16:445128-445572	0.0236371028606213	5.28256277878272	0.257997517572394	0.798964917895105	0.966153718564215	-5.65544022690009
16:45759-46487	0.0235485512763143	5.96747944687557	0.249027674185502	0.805801728591934	0.967480830787955	-5.65754824967002
6:408527-409347	0.0235051850238257	5.71576127780554	0.275574083831388	0.785616444310448	0.964628893982983	-5.6510948742309
12:187827-188134	-0.0235001717820591	4.84823187072011	-0.210173882687014	0.835593705698969	0.974983503923251	-5.66582308262204
17:158125-158871	0.0234852783401882	5.71687349497077	0.249378337203653	0.805534149722301	0.967419064705398	-5.65746723098096
3:142601-143243	0.0234711041110938	5.79910388511862	0.262664479789876	0.795414259569218	0.965233554650282	-5.65431414604283
7:76289-76695	0.0234595272349294	5.37369069341205	0.267790979402755	0.791519223486928	0.965088543810267	-5.65305409209951
4:278567-279033	0.0234592163259322	5.34806185442438	0.243320261081372	0.810160270217594	0.968627533144529	-5.65885099122609
17:41647-42076	0.0234076193899266	5.06421150879056	0.262919459251639	0.79522039964334	0.965233554650282	-5.6542520453054
6:266039-266875	-0.0233910940965645	6.05023101187541	-0.271257506712004	0.788888566981753	0.965088543810267	-5.65218835071961
15:140262-140689	-0.0233818206487966	5.46780943134749	-0.220131605127504	0.827932264288589	0.974191591733892	-5.66383507620674
18:218448-219243	0.023374896488261	6.90474560115153	0.219470736527646	0.828440199229213	0.974533070105113	-5.66396985119687
1:216160-216688	0.0233727823052456	5.53112853248543	0.260719392223563	0.796893547978223	0.96559164070128	-5.65478590745778
4:885809-887234	0.0233483016692126	8.62082614261072	0.20075041960374	0.842859568403568	0.975487503860984	-5.66762008474619
5:628717-629629	0.0233209146113946	6.23159074820779	0.277566799330149	0.784107260793699	0.964628893982983	-5.6505843022405
16:467303-467664	0.023317903008655	4.91697845347366	0.252388836472564	0.803237951102981	0.967215025365267	-5.65676701331894
8:92718-93106	-0.0233122159357668	5.09539196300996	-0.221943118500096	0.826540355798788	0.973833806937451	-5.66346357633511
1:157162-157865	0.0233034694812888	5.70100090636977	0.251455857749885	0.80394936813717	0.967215025365267	-5.65698490897166
13:374941-375247	-0.023279462368107	4.64894917039124	-0.240158404879414	0.812577598333427	0.968627533144529	-5.65955978019398
9:381658-382130	0.0232688191628396	5.59933424921034	0.242070420281256	0.811115577732036	0.968627533144529	-5.6591322673576
9:603465-604338	-0.0232688167934043	6.17623491148482	-0.203888973949249	0.840437988019486	0.975487503860984	-5.6670306924347
2:418991-419313	-0.0231728162128535	5.08515514341838	-0.197923450929425	0.845042109831835	0.975854210084202	-5.66814317116543
14:143294-143703	0.0231147741439219	5.15248071036091	0.264514256206542	0.794008190095534	0.965233554650282	-5.65386227264679
16:271817-272813	0.0230704485292934	6.31466349614402	0.261562408460108	0.796252316158396	0.965233554650282	-5.65458186971899
9:207939-208433	-0.023044472971506	5.59597527336574	-0.24012946970631	0.812599728989658	0.968627533144529	-5.6595662240117
15:405472-406488	0.0230080759256346	6.50235273377168	0.283504600755185	0.779615456494221	0.964232877388266	-5.64904129494478
17:230218-231049	0.0229548913608753	6.05088143545066	0.257840781598774	0.799084241761556	0.966153718564215	-5.65547769753045
3:67207-68042	0.022898607294195	6.11750690530633	0.246285994336979	0.807894649619679	0.96780723148585	-5.658177794888
3:245990-247258	0.0228655782011371	6.35446475027281	0.268020846565695	0.791344703976284	0.965088543810267	-5.65299702637605
4:491005-491707	-0.0228428538844732	5.69355309973879	-0.218210210242848	0.829409236709944	0.974983503923251	-5.66422580028384
9:58005-58608	0.0227905616498543	5.66154803990874	0.24721691525038	0.807183844386246	0.96780723148585	-5.65796481289985
17:172244-172436	0.0227777959598816	4.3326360352627	0.194058546276735	0.848028047523205	0.975854210084202	-5.66884635758034
1:29265-29616	0.0227660070938995	4.85622606349571	0.212387435879563	0.83388912634726	0.974983503923251	-5.66538907262729
15:493416-493782	0.022762279541543	5.09846421576879	0.220696804427481	0.827497920823899	0.973936548411194	-5.66371949184549
1:90256-91096	0.0226825402765316	6.13967712069233	0.235626663864147	0.81604558390929	0.969378989803074	-5.66055958785024
10:46920-47876	-0.0226818666084299	6.04773024105747	-0.255767578344657	0.800663054717749	0.967155636464154	-5.65597120766351
1:227025-227850	0.022638936112811	6.29852539855004	0.25176043791069	0.80371709977633	0.967215025365267	-5.65691386288769
4:678955-679392	0.0226330749133634	5.16510403474846	0.235030068527472	0.816502427909544	0.969462339644691	-5.66068980049717
1:1035002-1035449	-0.0225900524949116	5.48106408555357	-0.242681967982494	0.810648107457035	0.968627533144529	-5.65899481864783
4:778588-778993	0.0225516951116429	5.21801499615262	0.190876625169964	0.850488089383819	0.976386051490558	-5.66941491535567
3:74870-75777	0.0225480674839655	6.14020468721526	0.22761117860321	0.82218900199287	0.971776597021412	-5.66228162688373
13:115417-115982	0.0225385575853689	5.75148205126413	0.251087886758184	0.804230002216402	0.967215025365267	-5.6570706276056
12:233008-233427	-0.0225163170914904	5.1752839939251	-0.233215934384682	0.817892015425836	0.970284829325747	-5.66108373654075
5:247648-248034	0.0224999997675228	5.34227275460935	0.253119531023507	0.802680902473351	0.967215025365267	-5.65659580118117
6:240255-240730	-0.0224570986845141	5.42265438643143	-0.21772296163928	0.829783886939477	0.974983503923251	-5.66432434276396
13:508563-509122	0.0224494369884587	5.30827499313099	0.256654378121469	0.799987619810485	0.966723700397335	-5.65576059594004
3:517562-518450	-0.0224279697326519	6.12789459809117	-0.240486514214371	0.812326659821672	0.968627533144529	-5.65948665677699
1:200287-200906	-0.0223675023834602	5.72116482321091	-0.232203690790911	0.818667639693917	0.9704852060877	-5.6613022244463
13:300193-300644	-0.0223222609327856	5.17189741709411	-0.257150551174473	0.79960977750156	0.966528048635426	-5.65564244086147
14:132896-133372	-0.0223058619687233	5.29635895860803	-0.250610280698391	0.804594290193625	0.967215025365267	-5.65718169973248
13:198797-199114	-0.0222783271781992	4.65100460709356	-0.199419981367449	0.843886563609593	0.975854210084202	-5.66786718170719
13:222849-223286	0.0222650342116699	5.33583129194121	0.243094385033638	0.810332894634877	0.968627533144529	-5.65890193108857
4:457227-458089	0.0222564158824543	8.4243586421163	0.213435272191848	0.833082516296976	0.974983503923251	-5.66518204603069
5:300248-300990	-0.0222464880721036	6.14160450796231	-0.241617458886913	0.811461870455433	0.968627533144529	-5.65923385076772
5:819506-819827	0.0222293679103354	4.89213438130563	0.216800443316952	0.830493334134553	0.974983503923251	-5.66451031508442
6:652344-653606	-0.0222035726894276	8.76185951129263	-0.195474039380567	0.846934195176462	0.975854210084202	-5.66859042334474
2:1021309-1021564	0.0221790331335718	4.62886540495704	0.22151726165725	0.826867518020847	0.973923806779183	-5.66355118211145
4:746082-746522	0.0221445102750923	5.25715779850515	0.251138203498836	0.804191626416537	0.967215025365267	-5.65705891370801
19:92576-92989	-0.0220589077230438	5.438694904872	-0.214495324841612	0.832266694292988	0.974983503923251	-5.66497157412253
3:771490-772464	0.0220458212160652	6.34428454816882	0.24596091720188	0.808142902633887	0.96780723148585	-5.65825198004691
12:516952-517853	-0.0220345926685921	6.12050243795865	-0.227761936294603	0.822073345229535	0.971776597021412	-5.66224978501196
15:234508-235110	0.0219967767065903	5.6967314676029	0.224420303281533	0.824637915059751	0.973031587087749	-5.66295066043744
17:277010-277357	-0.0219502766855877	4.98540251627949	-0.19361044143222	0.848374395700072	0.975854210084202	-5.66892699302963
2:556551-557306	0.0219127682450964	5.99327842452678	0.232292974109218	0.818599219324165	0.9704852060877	-5.66128299106615
7:682084-682395	0.0218904186140847	4.91185868453389	0.21469432490579	0.832113564418204	0.974983503923251	-5.66493194727546
12:357434-359821	-0.0218822967263854	9.48670174090222	-0.200592305542554	0.842981605213201	0.975487503860984	-5.66764953629443
9:691138-691934	-0.0218354861082926	5.97576147302768	-0.240418848464149	0.812378408995458	0.968627533144529	-5.65950174508684
2:941140-941630	0.0216970243438626	5.29553702798503	0.231978343198598	0.818840336618277	0.9704852060877	-5.6613507360519
4:258084-258440	0.021673717007757	4.96359910080526	0.196223247376289	0.846355356826884	0.975854210084202	-5.66845420991719
15:43769-44012	0.0216406739794266	4.45517735821418	0.162083919998738	0.872816679664001	0.97914115381928	-5.67413380056082
18:163041-163249	0.0216400027203223	4.1470896268855	0.200760743969816	0.842851599912957	0.975487503860984	-5.66761816084629
4:695045-695411	0.021622894208762	4.98439136568839	0.177063455635561	0.861185290713358	0.97754867068117	-5.671774533898
9:528321-528797	0.021607906152358	5.47280579016176	0.233385904223572	0.817761796028209	0.970284829325747	-5.66104695672495
2:126936-127231	-0.0215999772229587	5.01819535832704	-0.197556281857497	0.845325674318256	0.975854210084202	-5.66821056805819
4:3219-3964	-0.0215517274825592	6.21065988599553	-0.234250721812307	0.817099315007917	0.969858534599691	-5.6608594060542
3:460170-460382	0.0215010295258553	4.25426071864159	0.182321459350997	0.857110040436053	0.97754867068117	-5.67089715046767
5:13069-13436	0.02149545327865	5.28350345371268	0.187485344861582	0.853111714772591	0.976605635632255	-5.67001057488464
2:863209-863810	-0.0214172717089296	5.58947279537305	-0.222513443768146	0.826102257159559	0.97363652870288	-5.66334598886294
15:399574-399867	-0.0213171600898319	4.58559144224879	-0.212480392490052	0.833817562016019	0.974983503923251	-5.66537074767889
7:184451-184937	-0.0213112543443721	5.37186865307357	-0.210638737926391	0.835235667933752	0.974983503923251	-5.6657323141212
3:950628-952134	0.0212566921107173	6.91459390237172	0.239258487413568	0.813265962600961	0.968717976611461	-5.65975982921517
4:88044-88409	-0.0212392073442293	5.19735962964867	-0.19116175128286	0.850267585370155	0.976386051490558	-5.66936434981751
3:395515-395914	-0.0212363558583082	5.07685341313166	-0.224244973645221	0.824772529359008	0.973031587087749	-5.66298714968837
2:1007058-1007332	-0.021229907195595	4.65177147512027	-0.174442104951045	0.863218477280633	0.97754867068117	-5.67220239114993
11:60961-61342	0.0211868849626082	5.00260302268901	0.187876068294207	0.852809346440138	0.976605635632255	-5.66994248865268
18:8234-8645	-0.0211768728108579	5.24767712909614	-0.213020241913718	0.833401978404405	0.974983503923251	-5.66526416703452
9:450357-450634	0.0211116344880988	4.5247574546521	0.21151563661038	0.83456036866932	0.974983503923251	-5.66556054591725
6:49922-50357	0.0211007567830972	5.3945585910769	0.231318244678257	0.819346262683421	0.970662065086218	-5.66149256897572
5:745815-746838	-0.0210035068752044	6.28364561140161	-0.224353620314954	0.82468911214536	0.973031587087749	-5.6629645417046
15:225094-225308	-0.0209695759605655	4.54577070030453	-0.185229838434221	0.854857630630994	0.977007178433933	-5.67040085184748
15:487513-487878	-0.0209117251331215	5.06479061128084	-0.236864008239883	0.815098299359799	0.969321406558587	-5.66028847958739
5:828491-828983	0.0208824198947166	5.50088085733535	0.212327033013382	0.833935629380821	0.974983503923251	-5.66540097583464
10:380899-381255	-0.0208288321406034	4.72176696040432	-0.176272057398157	0.861799015969332	0.97754867068117	-5.67190437626826
1:805314-806329	-0.0208038146807956	6.17764186225787	-0.238898583584474	0.813541303414317	0.968717976611461	-5.65983962583922
20:164561-165065	-0.0207910310500807	5.38041704626268	-0.226958617404611	0.822689675137872	0.972111664708847	-5.66241921401495
9:530635-530928	0.0207892322785579	5.46488770481792	0.208218136088649	0.837100448073515	0.974983503923251	-5.66620277904225
4:195004-195295	0.0207261062708133	4.69320646932044	0.201531565689904	0.842256717767158	0.975487503860984	-5.66747424339766
11:70783-71577	-0.0206377359938177	5.9143874508838	-0.237148745465308	0.814880351623626	0.969321406558587	-5.66022589249227
15:491682-491981	-0.0206146174464488	4.6240927654459	-0.163839581566994	0.871451851426245	0.979070457394095	-5.67386803455392
9:627576-627963	0.0206008115423479	5.04615179863934	0.23623098132016	0.815582895139055	0.969321406558587	-5.66042735524311
15:510284-510755	0.0205948841538994	5.379199789186	0.214906007969809	0.831950682530381	0.974983503923251	-5.66488975473034
13:293697-294727	0.0204849271944516	6.28175834605738	0.231103122857322	0.81951115816819	0.970662065086218	-5.6615387045881
5:561006-561234	-0.020458900224086	4.63616348607291	-0.161138859610356	0.873551525871119	0.97914115381928	-5.67427567845692
12:490040-490905	0.0204524157013317	6.09815494841167	0.196608107835866	0.846058048106132	0.975854210084202	-5.66838403673118
6:50661-51060	-0.0204344895137423	5.34028465294235	-0.196754349094244	0.845945081378063	0.975854210084202	-5.66835733606246
3:570492-570712	0.020409048802069	4.40909064268492	0.202679912590294	0.841370659759341	0.975487503860984	-5.66725882119139
6:197721-198092	-0.0203309150036617	5.08818320849573	-0.23920053144466	0.813310299559886	0.968717976611461	-5.65977268707533
7:519282-519625	-0.0202909567589931	5.11638676469931	-0.221277251148641	0.827051919027631	0.973923806779183	-5.66360048248662
5:173884-174256	0.0201011637201898	4.77026090506126	0.198338885621502	0.844721295836076	0.975854210084202	-5.66806676445804
2:374532-374719	0.0200999260458046	4.25845696580438	0.175341081010681	0.862521098077132	0.97754867068117	-5.67205637673667
5:489710-490029	0.0200476687976794	4.88426132363222	0.151787163383689	0.880829291497321	0.980597949547127	-5.67563500281886
1:178046-178626	-0.0200445843937667	5.54754784538179	-0.208802654386993	0.836650057121709	0.974983503923251	-5.66608966850586
4:571262-572057	-0.020041090678407	5.98200849769756	-0.21265292702496	0.833684737097461	0.974983503923251	-5.66533671403138
6:446170-446521	-0.0199902296321959	4.98908675060518	-0.200933611630509	0.842718180794767	0.975487503860984	-5.6675859330897
5:693440-694233	-0.0199849079817174	5.99235878135025	-0.215415383795536	0.831558769418118	0.974983503923251	-5.66478805667645
2:775995-776470	-0.0199623454038003	5.4458205226808	-0.211119450904178	0.834865454900157	0.974983503923251	-5.6656382393025
7:286734-287018	0.0199132801954747	4.56340104874775	0.224403485780628	0.824650826932744	0.973031587087749	-5.66295416169172
4:575485-576280	-0.0198774670684143	6.03217475781915	-0.200795361651942	0.842824881626267	0.975487503860984	-5.66761170927561
4:367048-367322	0.0197883805125008	4.6006294145274	0.184963763576909	0.855063641254655	0.977007178433933	-5.6704465812463
3:908585-909642	-0.0197737882090054	6.35800809684647	-0.216671285041584	0.830592672993478	0.974983503923251	-5.66453628966177
2:328950-329410	-0.0197736346153778	5.3996619247547	-0.203162030886652	0.840998724236436	0.975487503860984	-5.66716801581702
4:254686-254886	0.0197503659802392	4.40186283650572	0.200634312280976	0.842949182854358	0.975487503860984	-5.66764171404815
3:965114-966102	0.0197220893493331	6.22392288342938	0.178626709002442	0.859973260695841	0.97754867068117	-5.67151635215881
3:25006-25220	-0.0197195640230436	4.61407082916992	-0.15048878006398	0.881840602375653	0.981332340629804	-5.67581732368301
10:232407-233414	-0.0196610820586107	6.25724379762578	-0.205388160890959	0.839281847174341	0.975487503860984	-5.66674594625562
12:167533-167842	-0.0196565184254487	4.94673196620166	-0.205710918318434	0.839032992194099	0.975457577418386	-5.66668437207276
11:321914-322254	-0.0196507469994618	5.0060188049993	-0.195103607891885	0.847220423467753	0.975854210084202	-5.66865757973733
11:390020-392083	0.0196157652734659	7.20493886780582	0.234969343222217	0.816548932185095	0.969462339644691	-5.66070303597646
3:129019-129279	0.0195936059484039	4.67457096717169	0.177504122989843	0.860843594445506	0.97754867068117	-5.67170198365553
2:668477-668666	0.019559380378376	4.21998780033664	0.156242799078818	0.877360394245265	0.979965547977686	-5.6749974563486
5:612820-613073	-0.019442330290472	4.68321669605755	-0.190665037972608	0.850651729749799	0.976386051490558	-5.66945239057831
3:63883-64356	-0.0193696475266343	5.29209621570044	-0.175549608914172	0.862359349319371	0.97754867068117	-5.67202240011763
18:284591-284804	-0.0193491040452312	4.4268891050541	-0.207164613193687	0.837912367543379	0.975155242419834	-5.66640584991856
11:66604-67014	0.019250852637489	5.39551396836591	0.223605150310051	0.825263818795207	0.97328967034088	-5.66312006781084
17:259691-260807	-0.019075636497262	6.18380229660939	-0.201969475832096	0.841918803387407	0.975487503860984	-5.66739223813013
6:140986-141353	-0.0190585040370346	5.29666679143724	-0.208655577565354	0.836763379336606	0.974983503923251	-5.66611815915715
5:230569-231502	0.0190312100563235	5.99643747990711	0.209266717750826	0.836292521682415	0.974983503923251	-5.66599964254568
9:384689-385472	-0.0190238183937828	5.89100378691993	-0.139636970794547	0.890301004501913	0.981353642860158	-5.67728003869478
17:208508-208808	-0.019022791361718	4.86985586490393	-0.187936050719818	0.852762930020618	0.976605635632255	-5.66993202380182
11:550767-551134	0.0190011972614856	4.78541815543471	0.190726076886768	0.850604521882366	0.976386051490558	-5.66944158393271
3:409598-410380	-0.0189928208497081	6.06956975296862	-0.193407889580924	0.848530961940955	0.975854210084202	-5.66896338084741
2:607160-607359	0.0189844746066345	4.44117869146782	0.139643427884147	0.890295966260282	0.981353642860158	-5.67727920080793
14:288856-289345	0.0189831357825936	5.08403640111296	0.207024733591932	0.838020182650101	0.975155242419834	-5.66643273518302
5:160989-161722	0.018973481215113	5.55753621521628	0.193675590803896	0.848324038640505	0.975854210084202	-5.66891528108224
2:631985-632814	0.0189056693089951	5.99958842201837	0.217241572545696	0.830154072565726	0.974983503923251	-5.66442148497662
12:163667-163884	0.018881042778581	4.38824422834697	0.17573832524382	0.862212973140536	0.97754867068117	-5.6719916168143
12:373345-373589	-0.0188690864318879	4.3570693990134	-0.178348946738532	0.860188591035553	0.97754867068117	-5.6715623916794
18:304985-307604	-0.0188533637666337	7.36329207763705	-0.200933953649595	0.842717916829524	0.975487503860984	-5.66758586929963
3:783503-783702	0.0188513246334159	4.0274897775795	0.184212655383933	0.855645250102998	0.977007178433933	-5.67057531830783
16:249788-250164	-0.0188418660483372	5.21360985012496	-0.212966734597811	0.833443166851957	0.974983503923251	-5.66527474281815
2:125844-126325	-0.0188261621921626	5.41550736403354	-0.184456462918161	0.855456452312626	0.977007178433933	-5.67053358784379
3:380748-381206	-0.0188240245909208	5.33277206322386	-0.203546490595792	0.840702155830965	0.975487503860984	-5.66709545018193
7:131111-131490	0.018822303833276	5.16434451295553	0.209255975438584	0.836300797636025	0.974983503923251	-5.6660017287493
7:580266-580999	-0.0187616066107106	5.81642991487525	-0.194293961843528	0.847846103283477	0.975854210084202	-5.66880392069493
9:216325-216598	0.0187492073690558	4.49294225011399	0.143322169430751	0.887426352903017	0.981332340629804	-5.67679555344884
4:683822-684650	-0.0187350475334078	6.0974482639219	-0.181369549861619	0.857847524430487	0.97754867068117	-5.6710578885808
14:171833-172088	0.0187105398691427	4.61086686203371	0.174262808841437	0.863357579657683	0.97754867068117	-5.67223142348816
2:278420-279194	-0.0185911289861824	6.96030713439792	-0.181112513322289	0.858046684244785	0.97754867068117	-5.67110114764991
9:677743-678086	-0.0185620450141935	4.73947639447856	-0.149487945366765	0.882620293958279	0.981332340629804	-5.67595679595505
15:177908-178368	-0.018523201777386	5.07082618789378	-0.176847313540768	0.86135289887469	0.97754867068117	-5.6718100532329
18:338304-338884	0.0185048499639331	5.64273270158215	0.212428955735209	0.833857161351223	0.974983503923251	-5.66538088862033
3:481791-482443	0.0183848570553673	5.50440581320732	0.207926477665929	0.837325202128655	0.974991572509849	-5.66625910003641
12:309135-309542	-0.0183839757503934	5.00803744502625	-0.177898825740558	0.860537563175242	0.97754867068117	-5.67163684831615
16:359742-360175	0.0183097014989544	5.20010963559307	0.173830938141467	0.863692654349264	0.97754867068117	-5.67230123154243
8:365096-365319	-0.0182708561787983	4.61578061750171	-0.181176238766188	0.857997306906002	0.97754867068117	-5.67109042840181
5:534221-534865	-0.0182647340952675	5.88650439023385	-0.196503009012384	0.846139235709137	0.975854210084202	-5.66840321342131
10:205990-206261	-0.0181752195347471	4.69478218442289	-0.141120163655887	0.889143846302317	0.981353642860158	-5.67708656065268
10:51407-52086	-0.0181744544557674	5.76677977740852	-0.204577665020692	0.83990683814132	0.975487503860984	-5.66690014463372
1:931273-931663	0.0181420434055513	4.95925102390434	0.163564970031378	0.871665303817919	0.979070457394095	-5.67390979266051
4:384455-384771	-0.0180879094470399	4.90368248420867	-0.168657565676466	0.867708538277723	0.978742341288337	-5.67312403820431
4:825688-825998	0.0180764626545828	4.78832024843348	0.182526685337061	0.85695106083462	0.97754867068117	-5.67086238642987
5:408904-409248	0.0180354276135608	4.84765046451776	0.159508452184819	0.874819549293419	0.979412782050361	-5.67451849968762
1:807563-807924	0.018011874977832	5.03044138059537	0.20825639764105	0.837070964508223	0.974983503923251	-5.66619538467623
12:149310-149784	-0.0180112986212411	5.55626410950994	-0.165736729066922	0.869977496053197	0.978742341288337	-5.67357764163053
2:844033-844578	0.0179803991633278	5.51883261768526	0.190929279688256	0.850447367745691	0.976386051490558	-5.66940558302813
2:707997-708462	-0.0179765033045385	5.29733962999318	-0.179139180910929	0.859576005172052	0.97754867068117	-5.67143122176523
4:216177-216412	0.0179763822668253	4.68990020820448	0.19027079333277	0.850956654795502	0.976386051490558	-5.66952210669523
12:428589-429128	-0.0179726296951168	5.537879593958	-0.166933965059631	0.869047321618536	0.978742341288337	-5.67339266737891
17:131731-132360	-0.0179513190444913	6.33875750943336	-0.167685657824075	0.868463404647474	0.978742341288337	-5.67327585169825
7:282652-282948	0.0179355039609908	4.76608398429837	0.171009381511489	0.86588245532634	0.978583939781518	-5.67275306201763
3:595948-596702	0.0178455046070747	5.74611847604865	0.198187502575051	0.84483819620905	0.975854210084202	-5.6680946252874
7:664573-665436	-0.0178439500763004	6.01833976386602	-0.202348220782029	0.841626569183289	0.975487503860984	-5.66732116951853
16:371260-372432	0.0178429745610824	6.41018234378651	0.209895956219747	0.835807785893971	0.974983503923251	-5.66587725572782
1:753935-754393	0.0177854678095155	5.47205420764532	0.194321239106919	0.847825022228745	0.975854210084202	-5.66879900028145
20:104799-106168	-0.0177812352165496	9.11200505579197	-0.156059999223723	0.877502662264202	0.979965547977686	-5.67502397464017
11:459672-459945	0.0177626562274842	4.78079480032723	0.177891978865741	0.860542871681895	0.97754867068117	-5.67163797944218
6:421569-422063	-0.0177450657257605	5.2323660805982	-0.166075673774316	0.869714138406056	0.978742341288337	-5.67352540901354
2:498485-499461	0.0177067720190642	6.44407442195364	0.166967720085119	0.869021098975692	0.978742341288337	-5.67338743295092
13:112650-113100	0.0175913963834926	5.28710952905085	0.19819875374651	0.844829507750936	0.975854210084202	-5.66809255532867
14:410765-411089	-0.0175745776339564	4.92294417477732	-0.153629257020981	0.879394843135869	0.980597949547127	-5.67537365265992
1:259404-260416	-0.017566804630694	5.93968032418098	-0.185870289029782	0.854361800150247	0.977007178433933	-5.67029051119408
10:99136-99338	-0.0175606935880657	4.41153552697353	-0.183037843047216	0.856555116411659	0.97754867068117	-5.67077563000964
17:119329-120572	0.0175520846976109	6.79515440027621	0.194490494331049	0.847694217049691	0.975854210084202	-5.66876845377352
5:653262-654146	-0.0175412055691053	6.1977658953773	-0.188715863189222	0.852159534792627	0.976605635632255	-5.66979567074018
7:533583-533846	0.0175356933641702	4.7055744524426	0.17997212494378	0.858930409096279	0.97754867068117	-5.67129233690625
15:344471-345490	0.0175009539921254	6.25819656675802	0.208610521883389	0.836798095321864	0.974983503923251	-5.66612688301779
5:308195-308803	0.0174861892928471	5.63750144931212	0.195714485680501	0.846748416600729	0.975854210084202	-5.66854676437419
5:650755-651343	0.0174745236191587	5.60970386283467	0.170813868612864	0.866034233451259	0.978583939781518	-5.67278409745614
15:67212-67623	-0.0174277286156146	5.0703948474338	-0.169768006932917	0.866846233674784	0.978583939781518	-5.67294951501372
1:1010533-1010927	0.0173200375124969	4.82642048744128	0.174720119548518	0.86300279565619	0.97754867068117	-5.67215731507772
17:198895-199266	-0.0173154758315874	5.20477232919893	-0.190513768045352	0.8507687253095	0.976386051490558	-5.66947915733979
11:245396-245980	-0.0173118164608761	5.72565715536993	-0.17655449674662	0.861579975402867	0.97754867068117	-5.67185810380325
15:358322-359052	0.0173031370770618	5.82279011254634	0.173739755834881	0.863763403159971	0.97754867068117	-5.67231594827591
9:628280-628510	0.0172762900463619	4.31363459414995	0.184665667529939	0.855294457149717	0.977007178433933	-5.67049773622952
1:11126-11452	0.0172432045287438	4.91609082918641	0.169462972721044	0.867083088734026	0.978583939781518	-5.67299756964567
13:9819-11324	-0.0172422199626983	8.82739489074598	-0.126771952084532	0.90034829479114	0.982925337570536	-5.67887264131966
8:48318-49702	0.0171252770300629	9.4483748667618	0.15248773270811	0.880283704569611	0.980597949547127	-5.67553597892231
4:44381-45446	-0.0170774660175823	6.39492155027087	-0.208667377064038	0.836754287726792	0.974983503923251	-5.66611587418137
1:191937-192365	0.0170719420828132	5.40369936959382	0.184300510235931	0.855577216719503	0.977007178433933	-5.67056028727706
16:105661-105864	-0.0170654516872828	4.3782150599932	-0.179537688475608	0.859267118363547	0.97754867068117	-5.67136485482894
18:192270-193223	-0.0169814028102131	6.19711576797966	-0.206613439970503	0.838337214662985	0.975155242419834	-5.6665116822961
6:581618-581995	0.0169786984367883	4.69112828841754	0.154454061514754	0.878752700857255	0.980597949547127	-5.67525561289661
16:4107-5105	-0.0169562394775333	6.19794498872873	-0.170907745327259	0.865961355593317	0.978583939781518	-5.67276920001738
4:711537-713429	-0.0169421731402988	8.99746269781521	-0.157307649790216	0.876531735438224	0.979965547977686	-5.67484236577697
18:330157-331185	-0.0169412619836464	9.07520826895647	-0.147457472193689	0.884202491008143	0.981332340629804	-5.67623690195628
14:504695-504992	-0.0169249070631459	4.83483026000124	-0.168562020864002	0.867782740782259	0.978742341288337	-5.67313900121752
3:632431-633386	-0.0169081966272184	6.28243246667829	-0.188755446021622	0.852128909273174	0.976605635632255	-5.66978873453797
9:335207-335409	0.0169056366167482	4.05153073255176	0.138069290412617	0.89152435108957	0.981814600032109	-5.67748232031276
10:368266-369253	0.0168822398500694	6.09708491654893	0.199343622896031	0.843945515102146	0.975854210084202	-5.66788131381829
16:102564-103785	-0.0168041393340363	6.53677258144071	-0.197058786205024	0.845709924291718	0.975854210084202	-5.66830168864293
5:124698-125082	0.0167764134379071	5.13750093739458	0.143394889815207	0.88736964298725	0.981332340629804	-5.67678586636227
2:696067-696350	0.0167180229428627	4.76537452464092	0.184935111317795	0.855085826132663	0.977007178433933	-5.67045150170851
10:573649-573919	0.0166966221406391	4.54683048499884	0.175190872999755	0.862637613703261	0.97754867068117	-5.67208082603046
9:195730-196174	0.0166500888926908	5.10650287451868	0.156586301444839	0.877093067467408	0.979965547977686	-5.67494754161331
5:135181-135353	-0.016618657853857	4.1837022576595	-0.137939338937784	0.891625771812732	0.981814600032109	-5.67749898597634
3:673987-674311	0.0165615331212781	4.85845522032285	0.160184623409633	0.874293625774763	0.97914115381928	-5.67441809444041
18:66658-67365	-0.0165538356562731	5.65691946801694	-0.189640642508044	0.851444089098922	0.976605635632255	-5.66963324070865
7:619565-620367	0.016503018824082	5.94483128093626	0.175164469229917	0.862658095311363	0.97754867068117	-5.67208512160259
9:292497-293464	-0.016500504490387	6.11984043128408	-0.202008059265733	0.8418890318892	0.975487503860984	-5.66738500430632
9:496227-496616	0.0162581875896866	5.18215791527631	0.156476096889092	0.877178831260391	0.979965547977686	-5.67496356747891
18:116668-116934	0.0162311370907409	4.41593765422222	0.161622366350454	0.873175553102688	0.97914115381928	-5.67420319500707
8:93760-94493	-0.0162095606236869	5.91520317460366	-0.172105870889613	0.865031341043515	0.978488825501838	-5.67257835106051
5:700083-701583	0.0161994902972911	6.62437835588602	0.174343340836952	0.863295100371305	0.97754867068117	-5.67221838710883
5:46345-46998	-0.016168743456598	5.84304024369435	-0.185080505127336	0.854973251851608	0.977007178433933	-5.67042652532896
3:803481-803970	0.0161686506886509	5.40584434911152	0.18806376319995	0.852664103630225	0.976605635632255	-5.66990973132201
2:329793-330036	-0.0161678705794053	4.88069008025698	-0.16955739705265	0.867009768109698	0.978583939781518	-5.67298270338493
2:968124-968494	-0.016097777944915	4.96182972512492	-0.152965112627382	0.879911967255871	0.980597949547127	-5.67546824177647
10:290236-290527	-0.0160629352843067	4.92396954835879	-0.145606591738592	0.885645177295451	0.981332340629804	-5.67648890330711
3:892413-893283	0.0160284289040842	5.76445382462089	0.148383379640384	0.883480938101507	0.981332340629804	-5.67610964600522
8:378249-378581	-0.0160068205870605	4.94368227651593	-0.160101629261064	0.874358175115206	0.97914115381928	-5.67443044111634
15:159568-159644	0.015969358448308	3.06631336597592	0.108844359559145	0.914377619968971	0.985057874492625	-5.68083584389502
7:708864-709244	0.0159667189383326	5.05605881602389	0.16574675184331	0.869969708204212	0.978742341288337	-5.67357609861064
6:416278-416982	-0.015954983838955	5.87726875052774	-0.193064179011179	0.84879665413784	0.975909022327503	-5.66902504059291
1:979443-979908	-0.015880326994286	5.3449996765243	-0.160347705558868	0.874166789991021	0.97914115381928	-5.67439381483524
6:572814-573159	0.0158689820813329	4.96869496459793	0.177048855638316	0.861196612122112	0.97754867068117	-5.67177693452484
17:268548-268846	0.0158260427575261	4.62844800931826	0.139804710086109	0.890170124931978	0.981353642860158	-5.67725825991367
1:828111-828604	-0.0157626721452315	5.20780818849694	-0.157152660674964	0.876652337785429	0.979965547977686	-5.67486500455319
9:411559-411950	-0.0157273075820319	5.09548805781963	-0.153690632395678	0.879347057086687	0.980597949547127	-5.67536489079194
5:16185-16549	0.0156922753169519	4.90054026135638	0.148930264657108	0.883054803334402	0.981332340629804	-5.67603410928266
4:547681-548145	0.0156866682207593	5.41763583400962	0.178204766087711	0.860300368968656	0.97754867068117	-5.67158626169237
5:108060-108387	0.0156672267874827	4.49464303862586	0.0978912435395848	0.922963463457763	0.987463228116875	-5.68188845198237
5:495616-496362	-0.0156562254589652	6.00188953576857	-0.154774576073409	0.878503190934146	0.980597949547127	-5.6752095731989
5:55355-56298	0.0154879426491297	6.24267676530454	0.169721113418119	0.866882645038342	0.978583939781518	-5.67295690815184
3:99470-100068	-0.0154489257907029	5.4910603745888	-0.139199145215969	0.89064263560745	0.981417143520174	-5.67733676176278
3:864832-865795	0.0154431756917823	6.05028423386945	0.15211565124359	0.880573465288195	0.980597949547127	-5.67558862843592
4:203445-203781	-0.0154332751794	4.75550468805287	-0.144927110738089	0.886174907665097	0.981332340629804	-5.67658061916332
9:41031-42944	-0.0153982400198043	7.37695684446276	-0.16528755649825	0.870326523833177	0.978763087653028	-5.67364669684061
12:47325-47560	0.0153658715559368	4.55364231899035	0.135267300789095	0.89371158554955	0.982139223402845	-5.67783819047593
8:76822-77166	0.0152993952028933	4.67174081387402	0.129215407544613	0.898438637064797	0.982925337570536	-5.67858196879962
4:270137-270340	0.0152983957954227	4.63818378329832	0.151980325079199	0.880678855628982	0.980597949547127	-5.67560774526502
3:973037-973950	0.0151866268885348	6.07132766998626	0.167019336551729	0.868981000944415	0.978742341288337	-5.67337942668973
18:308694-309681	-0.0151709511435847	6.28357432981271	-0.164705549119394	0.870778810727039	0.978806116728837	-5.67373589598971
4:868490-869108	-0.015130706301469	5.55260542516531	-0.161990256196292	0.87288950414017	0.97914115381928	-5.67414789884338
17:212702-213555	0.015122910963413	6.28182114982396	0.175857734734304	0.862120356833243	0.97754867068117	-5.67197212177631
1:1004678-1005442	0.0151183805773085	6.06081527255582	0.180132820457133	0.858805869282575	0.97754867068117	-5.67126546870054
3:286316-287241	0.0150955320109443	6.13057326773255	0.153226001516706	0.879708824226907	0.980597949547127	-5.67543113407126
12:198695-199786	0.0150700797473746	7.48465159389518	0.14488014863992	0.886211521820982	0.981332340629804	-5.67658694225982
8:15993-16215	0.0150024506319095	4.43790396292838	0.129269407228224	0.898396441251722	0.982925337570536	-5.67857548245836
1:992273-992698	-0.0149967096656489	5.20742502250438	-0.157999449259855	0.875993460127077	0.979965547977686	-5.67474104540863
4:104781-105484	0.014895920235535	5.85984296221187	0.141295710963541	0.889006904447956	0.981353642860158	-5.67706352603114
9:413865-414399	0.0147858977860178	5.55886106306542	0.16562272431313	0.870066080425892	0.978742341288337	-5.67359518626793
6:214130-214961	0.0146579550617059	5.99891485624075	0.169672505533565	0.866920387877237	0.978583939781518	-5.67296456942497
4:258829-259200	-0.0146325233807474	4.89819518180523	-0.116517146320475	0.908369456689678	0.984576807433141	-5.68003213300053
14:91834-92744	-0.0146153136335885	6.02101206934049	-0.158602905963051	0.875523972854332	0.979956314702673	-5.67465230156059
10:556398-557154	-0.0146129575759204	5.79226676159594	-0.154196330725246	0.878953345088853	0.980597949547127	-5.67529256509007
6:668399-668906	-0.0146030435213556	5.45900167325867	-0.16503618685679	0.87052186147156	0.978763087653028	-5.67368526054064
12:461098-461676	0.0145861635372517	5.25712577258363	0.131403498998814	0.896729092123407	0.982925337570536	-5.6783169733467
13:16435-17855	-0.0145778530258518	8.56873680734703	-0.110721067130014	0.912907567173193	0.985057874492625	-5.68064431117783
16:321580-322099	-0.014539206581353	5.62560644279551	-0.171715645620727	0.865334221521876	0.978583939781518	-5.67264065583074
16:319596-320042	-0.0145226992652683	5.49500116674981	-0.161319786495286	0.873410834304539	0.97914115381928	-5.67424858070629
2:881563-882072	-0.0145131003077852	5.45091569181078	-0.160433280679175	0.87410023604288	0.97914115381928	-5.6743810645894
9:142792-143632	-0.0145002148039559	5.83867673962475	-0.121103515451828	0.904780770634011	0.98342989769356	-5.67952562396023
17:236714-237036	-0.0144628973010166	5.05854337694272	-0.161770767376382	0.873060163267223	0.97914115381928	-5.67418090448309
14:53465-54620	-0.0144467891825721	6.24570442442787	-0.173773636591333	0.863737114773446	0.97754867068117	-5.67231048085415
4:240499-240962	0.0144273978070339	5.51633954543738	0.146952665451479	0.884595926719075	0.981332340629804	-5.67630594743273
11:479444-479729	0.0144168387658059	4.40617696812852	0.124494916854684	0.902128446663569	0.983181623390829	-5.67913853010665
16:202445-202739	0.0144103658261718	5.05991599090927	0.157766217178377	0.876174926467177	0.979965547977686	-5.67477525392909
4:567570-567870	-0.0144081980870601	4.89819490876914	-0.13955397913142	0.890365760423392	0.981353642860158	-5.67729080444265
4:204147-204670	0.014394872096303	5.60702120888032	0.157274209856874	0.876557755937048	0.979965547977686	-5.67484725212662
10:206755-206987	-0.0143812899707365	4.44321671967748	-0.174353039625336	0.863287575804407	0.97754867068117	-5.67221681668079
6:108817-109752	-0.0143720728099632	6.24589034235125	-0.168021139568002	0.868202826372429	0.978742341288337	-5.67322354779068
16:488224-488616	-0.0143685552451309	5.23114827313747	-0.121348656292909	0.90458901391226	0.98342989769356	-5.67949800150405
12:13266-13597	0.014313664116262	4.86779546839629	0.146188140376774	0.885191839586251	0.981332340629804	-5.67641006636273
2:1016556-1017619	0.0142422798633541	6.03221863151047	0.137612664361503	0.891880733630597	0.981814600032109	-5.67754081128169
5:556681-556873	-0.0142231911183375	4.26054522759074	-0.137873065939598	0.891677495355787	0.981814600032109	-5.67750747914572
2:561651-561947	0.0141825921767431	4.88577695426646	0.160989952464953	0.873667321611501	0.97914115381928	-5.67429795780416
2:795920-796877	-0.0141488671673127	5.99088773389839	-0.110662762021832	0.912953233637324	0.985057874492625	-5.6806503108875
7:570897-571359	-0.0139199793799678	5.50230483104236	-0.128400742789514	0.899075260404979	0.982925337570536	-5.67867949654347
8:274207-274785	0.0139173350839519	5.38911802237087	0.166056059604516	0.869729378054828	0.978742341288337	-5.673528434529
1:258087-258518	-0.0139096790181901	5.33002207506809	-0.154290889357389	0.878879729925232	0.980597949547127	-5.67527901487985
16:498401-498673	-0.0139011684739208	4.63967048809543	-0.126258549038925	0.900749618903695	0.982925337570536	-5.67893301132095
4:511796-512166	-0.0138904677020264	5.0109878303001	-0.132044299959367	0.896228534620786	0.982925337570536	-5.67823852638772
1:85129-85336	-0.0138638636857236	4.52588926465497	-0.104373134945161	0.917881254407386	0.985742489435349	-5.68127899079369
4:125630-125979	0.0138035775006538	5.66742408813223	0.120523779329904	0.905234281808071	0.98342989769356	-5.67959072669474
1:251053-251427	-0.0137974234649496	4.76369169254062	-0.116310092201391	0.908531517869071	0.984576807433141	-5.6800545390338
4:784381-785102	0.0137971843385145	5.78173233361241	0.144717757466963	0.886338132649177	0.981332340629804	-5.67660879126177
1:653064-653392	0.0137896333693046	4.80921846070489	0.147849783613634	0.883896752950746	0.981332340629804	-5.6761830800225
16:203290-203523	0.013721761867111	4.60731698617386	0.134858038203653	0.894031129240484	0.982249222994699	-5.67788955992472
3:358194-358858	-0.0137068340145508	5.98408178721832	-0.140867570611543	0.889340896628715	0.981353642860158	-5.67711965477153
17:307528-308184	-0.0136688494938051	6.12186296250499	-0.142925413982182	0.887735767663793	0.981332340629804	-5.67684831891538
1:1022884-1025426	0.0136622327765252	7.49739621219596	0.16355868334018	0.871670190508371	0.979070457394095	-5.67391074781245
14:406230-406590	-0.0136584116923455	4.87416257209505	-0.118266706854332	0.907000240594252	0.983700769784316	-5.67984121840065
5:581310-582278	0.013590996592689	7.55192988307986	0.149486758746134	0.882621218457456	0.981332340629804	-5.67595696076666
1:336988-337214	0.0135241944025362	4.56032398677819	0.110446527459402	0.913122598300276	0.985057874492625	-5.68067253428974
10:196024-196338	0.0135136921679324	4.84620086072251	0.148041650748047	0.883747232875764	0.981332340629804	-5.6761567054644
4:792037-792706	-0.0134719328888941	6.02214843603924	-0.145595648868491	0.885653708035206	0.981332340629804	-5.67649038375891
3:782866-783145	-0.0133209584894871	4.721231345133	-0.146131071545454	0.885236324972796	0.981332340629804	-5.67641781670426
8:145904-146161	0.0133113543002992	4.34660421898244	0.119709095907096	0.905871641686896	0.98342989769356	-5.67968168620783
17:182194-183118	0.013283600571449	6.12217387601932	0.134283039385062	0.894480107526265	0.982501340193266	-5.67796146964201
4:789869-791070	0.0132829257987366	6.69321451477399	0.136087407183294	0.893071319406936	0.982139223402845	-5.67773478555707
12:339492-340280	-0.013277351410327	6.15961759010768	-0.149564828791621	0.882560394250926	0.981332340629804	-5.67594611471285
9:15363-15632	0.0132537566956445	4.70586070087671	0.129100791388121	0.898528200128475	0.982925337570536	-5.67859572731382
10:390855-391329	-0.0132501048927907	5.28144597394255	-0.139883194613691	0.890108888020999	0.981353642860158	-5.67724806075122
1:866467-867994	-0.0132175644402954	6.76017365008715	-0.162901572443301	0.872180996531268	0.97914115381928	-5.67401038234882
13:405520-405826	0.0131926000411839	5.01335167297426	0.132374881040871	0.895970320694085	0.982925337570536	-5.67819790765801
1:986211-986565	0.0131759011462558	5.09113291017919	0.128143804413434	0.899276060516906	0.982925337570536	-5.67871012824732
12:439683-440085	-0.0131299443550539	5.01210095508318	-0.129999315056996	0.897826115378902	0.982925337570536	-5.67848754188046
11:535728-536507	-0.0130821093428564	5.85380486301002	-0.12285698197139	0.903409287038694	0.983380342603404	-5.67932681625166
2:852848-853594	-0.0129513733139088	5.65024623308235	-0.148364297543716	0.883495807594383	0.981332340629804	-5.67611227665274
16:295067-295353	-0.0129454140561167	4.71763099723751	-0.135676711860054	0.893391944464662	0.982139223402845	-5.67778664695449
17:224205-225370	0.0129404023218544	7.80209097741037	0.12112596283163	0.904763211353387	0.98342989769356	-5.6795230969103
14:389378-389639	0.0128872541233003	4.36210854253925	0.147646612522684	0.88405508692488	0.981332340629804	-5.67621097125317
14:476556-478066	0.0127682236101458	6.57062099261301	0.123945779653676	0.902557833359781	0.983233011769712	-5.67920193268825
7:183343-183910	0.0127567486022571	7.56381981538491	0.0999870515180267	0.921319838167801	0.987463228116875	-5.68169566174347
11:394809-395325	-0.012754271500337	5.38107767419841	-0.113846864285914	0.91045979711862	0.984757532057199	-5.68031804061072
1:458714-459055	-0.0127215773680502	5.151705455284	-0.147035098200825	0.884531678284508	0.981332340629804	-5.67629468874383
16:142696-143496	-0.0127139015332078	6.05312084019868	-0.129742996627834	0.898026387692342	0.982925337570536	-5.67851847988257
8:581262-581584	0.0127012662083033	4.85275155454982	0.125884390370841	0.90104211368875	0.982925337570536	-5.67897685380128
17:45728-46394	0.0126939399978845	5.67989759083428	0.143817187517926	0.887040332624701	0.981332340629804	-5.6767295151537
4:734596-735185	-0.0126795572052725	5.50162256904016	-0.143662099121132	0.887161269085764	0.981332340629804	-5.67675022928789
4:839230-840119	-0.0125753901858294	6.09312101240647	-0.132052290641973	0.896222293030679	0.982925337570536	-5.67823754576249
9:523674-523920	-0.0125323141972569	4.32991704024743	-0.144060856544086	0.886850327536725	0.981332340629804	-5.67669692484692
4:83103-83492	0.0124898094021875	5.12350199501353	0.136989512136572	0.892367122547854	0.982108492875385	-5.67762032121551
1:371508-372376	0.0123665046432766	6.26124469658002	0.151674586476479	0.880916969421134	0.980597949547127	-5.6756508728923
3:975740-976132	-0.0123599747617043	4.734875967848	-0.123310942246593	0.90305426974649	0.983233011769712	-5.67927488135989
15:261261-262253	0.0123459329623543	6.16206095014599	0.14306998119758	0.887623022959259	0.981332340629804	-5.67682910947312
2:808608-809331	0.0123412876516431	5.94560276570258	0.135761196966576	0.8933259863947	0.982139223402845	-5.67777599120418
6:447038-447238	-0.0122625553563056	4.31963598076165	-0.123452319223384	0.90294371085908	0.983233011769712	-5.67925866821018
7:51276-51660	-0.0122315186138344	5.07567756585811	-0.144265933324758	0.886690420825208	0.981332340629804	-5.67666945352532
10:328084-329000	-0.0122302334560178	6.37491369985473	-0.140307974113428	0.889777469518912	0.981353642860158	-5.67719276100765
5:324623-325123	0.0122243473784023	5.35772996750743	0.113488164122823	0.910740644546202	0.984757532057199	-5.68035594242836
15:84395-85274	-0.0121699198208063	6.12300463166451	-0.118656410694291	0.906695296403745	0.983700769784316	-5.67979830645783
13:334051-334799	-0.0121653763851715	5.80078252807342	-0.112616333151109	0.911423302094226	0.984918083093616	-5.68044756592488
3:833231-834373	-0.0120853994702745	6.29048600405664	-0.141614803769578	0.888757993990869	0.981353642860158	-5.67702158276281
7:742798-743693	-0.0120758414361184	6.20635726293512	-0.140133534510588	0.889913567070479	0.981353642860158	-5.67721549060222
16:313908-314437	0.0120705829176302	5.16501558334966	0.113087039167759	0.911054723022533	0.984757532057199	-5.68039818556748
5:364909-365859	0.0120359877007994	6.42564380831744	0.142670264908743	0.887934758612759	0.981332340629804	-5.67688217469846
3:248697-249991	-0.0120318886642483	7.89258907052913	-0.115520164376447	0.909149831572875	0.984722941265619	-5.68013965431735
2:100483-100802	0.0120288437020717	5.095289625017	0.108963270450378	0.914284465914909	0.985057874492625	-5.68082380513793
13:202114-202367	-0.0120048340529673	4.61254205208944	-0.119091498552046	0.906354856567426	0.983700769784316	-5.67975023055685
15:83742-84093	0.0119844543617162	4.90146502911403	0.12507654238565	0.901673689916135	0.982925337570536	-5.679071071336
13:265249-266056	0.0119754726181913	6.03413015796909	0.127832670583393	0.899519224231262	0.982925337570536	-5.67874713903979
3:287995-288317	-0.0119461923945474	4.73196895320975	-0.0983675620681678	0.922589882102513	0.987463228116875	-5.68184499437816
9:583019-584118	-0.0118983345644175	7.78941869726937	-0.125376427007882	0.901439232042885	0.982925337570536	-5.67903616712339
11:409873-410609	-0.0118541766472289	5.84442021631862	-0.135311468339556	0.89367710155416	0.982139223402845	-5.6778326374061
4:842504-843565	0.0118040794072085	6.23426422470223	0.132400997090852	0.895949922185097	0.982925337570536	-5.67819469444002
16:513506-513758	-0.0117933897107596	4.37410600739676	-0.128156717188679	0.899265968878376	0.982925337570536	-5.67870859027257
5:175738-175967	0.0117129257888795	4.75637249453384	0.109331800283288	0.913995769971402	0.985057874492625	-5.68078641110875
16:38996-39352	-0.0117100675582309	5.24607103401862	-0.0864605170403714	0.931933969396789	0.990816258199531	-5.6828681360415
5:415040-416021	0.0117095011509942	6.16545938976771	0.125096662396872	0.901657959260964	0.982925337570536	-5.67906873213633
3:641212-641621	0.0115892116675846	5.03500812203595	0.126582488349794	0.900496394287642	0.982925337570536	-5.67889494844074
7:706059-706673	-0.0115786865256613	7.69438010664148	-0.089806571100916	0.929307065530417	0.990816258199531	-5.68259392378169
11:23527-24557	0.0115521686388753	6.15549856967385	0.13172043581277	0.896481513460439	0.982925337570536	-5.67827822149792
1:720944-721267	-0.0115459783800071	4.71983735068849	-0.106026409889429	0.916585550960556	0.985742489435349	-5.68111729625223
4:119606-120002	0.0115359352293316	5.40457722428103	0.120180646707406	0.905502720406555	0.98342989769356	-5.67962911258081
15:293717-294651	-0.0115195673384161	6.02931213707722	-0.129117156556086	0.898515412015812	0.982925337570536	-5.67859376358622
9:327183-327520	0.0115000902335662	4.96625915309041	0.126151836302064	0.900833039041433	0.982925337570536	-5.67894552875128
6:246875-247999	-0.0114932039157729	8.72361340670475	-0.0879966591830347	0.930727881627874	0.990816258199531	-5.68274353929719
15:22787-23235	-0.0114900327157939	5.29774769960531	-0.128230658360853	0.899208182444667	0.982925337570536	-5.67869978053784
17:314551-314987	-0.011485684700812	5.23076932393276	-0.127447099444214	0.899820577779254	0.982925337570536	-5.67879287987575
10:456713-457366	0.0114821207749873	5.58971674488082	0.119873972439631	0.905742646818599	0.98342989769356	-5.67966332743682
9:638642-639477	0.0114778401551181	6.04600864288978	0.104356769971848	0.917894081129693	0.985742489435349	-5.68128057864403
4:836643-838007	-0.0114702241976197	8.77496127500007	-0.104535395946248	0.917754076903221	0.985742489435349	-5.68126323357798
18:141800-142380	0.0114196678258471	5.74536226423217	0.135969845360764	0.893163096638044	0.982139223402845	-5.67774964689902
6:583197-583782	-0.0113738972880961	5.52187715436123	-0.125573771584319	0.901284947775816	0.982925337570536	-5.67901315224181
5:368494-369019	-0.0113431223018789	5.49168659817032	-0.130442467155556	0.897479878601683	0.982925337570536	-5.67843390900653
19:83860-84997	0.0113294557918202	6.63668609879344	0.0864921452326895	0.931909135111609	0.990816258199531	-5.68286559277923
1:475525-475766	-0.0113153405412643	4.69822787599042	-0.120474729949886	0.905272653276571	0.98342989769356	-5.67959622049082
10:258902-259168	0.0111124555035076	4.47172022290862	0.111041558338166	0.912656553516465	0.985057874492625	-5.68061127565174
11:500703-501095	0.0110759350556382	5.0035703508654	0.109087811790908	0.914186902357843	0.985057874492625	-5.68081118226851
5:378582-378832	-0.0110033894804547	4.56530069583186	-0.121179010941288	0.90472171509905	0.98342989769356	-5.67951712307559
17:329784-330426	-0.0109770080568428	5.38889503559236	-0.104333741775996	0.917912130466161	0.985742489435349	-5.68128281258816
13:179611-179845	-0.0109092474386223	4.41389506465182	-0.0902371854191885	0.928969060365737	0.990723258088405	-5.68255787908268
1:1011262-1012402	-0.0108369522274909	6.44484938843795	-0.125612490141438	0.901254678023314	0.982925337570536	-5.679008632534
4:388102-388624	-0.0108232402400956	5.53809843017337	-0.119732485285759	0.90585334231731	0.98342989769356	-5.67967908336892
3:810511-811298	-0.0108163796645835	6.12839951979947	-0.118318229905196	0.906959922837428	0.983700769784316	-5.67983555306491
17:338588-338839	-0.0107690593524854	4.55267262855172	-0.126876332646332	0.900266704469436	0.982925337570536	-5.67886033751016
10:513489-513644	0.0107448104831049	3.65406640925678	0.0968868265172481	0.923751297438448	0.987475238536384	-5.68197940071686
16:87369-87651	0.0106061933797301	4.66154491489726	0.110908986020416	0.912760385066595	0.985057874492625	-5.68062495247795
10:305643-306104	-0.0105870056189499	5.12055868180495	-0.114966889912233	0.909582940778503	0.984757532057199	-5.6801989251219
15:226052-226825	0.0105682144464234	5.62190236054558	0.127756631257928	0.899578653591541	0.982925337570536	-5.67875617060832
8:87178-88504	0.0105611527167957	6.40267700642187	0.119956539237954	0.905678049828057	0.98342989769356	-5.67965412425884
5:4192-4725	-0.0104282532913897	5.6541233742208	-0.116110369796086	0.908687844393724	0.984576807433141	-5.68007611397248
17:285788-286454	0.0103731738144264	5.8378284234401	0.116399845917857	0.90846126716716	0.984576807433141	-5.68004483136377
12:441040-441456	0.0102575457211671	5.32718676765619	0.113829260193791	0.910473580116295	0.984757532057199	-5.68031990352263
1:557376-558144	0.0102463305857494	6.02702790845381	0.108028506744793	0.91501678799823	0.985470438662194	-5.68091808829525
4:460226-460639	-0.0102256384807182	5.13650205247747	-0.102751888042783	0.919152084436124	0.986127691739235	-5.68143508802898
14:286203-287195	-0.0101411606835189	6.19093989590309	-0.113907356940714	0.910412435049034	0.984757532057199	-5.68031163692412
1:220468-220732	0.0101265209332286	4.43846955747507	0.104687639147998	0.917634753240855	0.985742489435349	-5.68124842696273
8:279989-280860	-0.0101251667353033	5.81957756318348	-0.0985544467990053	0.922443311556536	0.987463228116875	-5.68182788612356
11:477718-478115	0.0100951352503857	5.08789559339343	0.114475666267885	0.909967500131148	0.984757532057199	-5.68025131045451
7:400009-400449	0.0100796803796293	4.91078118517038	0.0842813175581756	0.933645235013623	0.990891533295315	-5.68304112997617
10:191035-191895	0.0100766254270184	6.04434506710886	0.102898173317115	0.919037408154176	0.986127691739235	-5.68142110354277
10:577224-578225	-0.0100387524611492	8.09242157478239	-0.0845694665212449	0.933418940447536	0.990891533295315	-5.6830185086597
1:677456-678426	0.0100111993419647	6.29061852149096	0.105169168937103	0.917257357745882	0.985742489435349	-5.68120145344863
4:862249-862887	0.00998858637381961	5.71835532402906	0.10170571193259	0.919972257670925	0.986720591878191	-5.68153452044093
13:38752-39145	-0.00997268281194419	5.31967507038007	-0.123724021335129	0.902731241466035	0.983233011769712	-5.67922745726519
6:362228-362671	-0.00989657741662775	5.10850339748194	-0.0908348330646355	0.928499967364968	0.990695078408962	-5.68250756735254
2:125117-125439	-0.00985949375531359	5.29364660748438	-0.0875710999704313	0.931061988516031	0.990816258199531	-5.68277827602869
14:333342-333898	0.00985507316726775	5.51112478494693	0.10879837599423	0.914413643547108	0.985057874492625	-5.68084049583563
1:169813-170205	0.00983991840232967	4.86008981759695	0.0973881460216934	0.923358067662401	0.987463228116875	-5.68193412397722
16:499722-501502	0.00982583686278193	6.71018328226282	0.103086287614474	0.91888994382927	0.986127691739235	-5.68140309110392
1:573660-573915	0.00982365802910934	4.41180135598399	0.105191977512027	0.917239482186057	0.985742489435349	-5.68119922311789
6:748026-748600	0.0097504875474792	5.57551622069026	0.0983274140026204	0.922621369922607	0.987463228116875	-5.68184866547671
13:347516-348545	0.00973824549402647	6.47794001930246	0.115375956995482	0.909262715873727	0.984722941265619	-5.68015513024472
13:54225-54722	0.00962823936528512	5.48932151049543	0.113228627323209	0.910943858623621	0.984757532057199	-5.68038329173876
3:467810-468897	0.00961959985216154	6.41394781203094	0.109430413071968	0.913918521541679	0.985057874492625	-5.68077638366954
18:159980-160243	-0.0096122730340511	4.77769214922392	-0.109764638795719	0.913656711978137	0.985057874492625	-5.68074233077782
2:1008504-1009678	-0.0095919478678681	8.21175998853473	-0.0981962546731312	0.922724238087105	0.987463228116875	-5.68186064811903
5:460561-461349	0.0095091686338904	5.89224506118301	0.0953195412051571	0.924980788287249	0.988117901759839	-5.68211944461472
5:787139-787940	0.00945433678182894	6.16447300705374	0.106725141430411	0.916038012913264	0.985742489435349	-5.68104819550394
13:81219-82337	-0.00944037470484815	6.383549001988	-0.106401112209971	0.916291922477519	0.985742489435349	-5.68108029660007
16:104820-105158	0.00939280347462557	4.95885558130953	0.0765243084793735	0.939739216603976	0.991474378679582	-5.68362110387141
2:899540-900422	0.0093463268010856	5.8562979852273	0.109371637605355	0.913964563258962	0.985057874492625	-5.68078236133849
5:596167-596848	0.00929682128957054	5.63893210506712	0.104968740803613	0.917414439420227	0.985742489435349	-5.68122103148942
5:238649-239551	0.00927377613701275	6.28987468222806	0.103546823720224	0.918528938496599	0.986127691739235	-5.68135885485564
6:328817-329705	-0.00925709064800362	6.27540143608305	-0.101484606427339	0.920145610031182	0.986720591878191	-5.68155540500979
3:718766-720835	0.00925623042440016	8.33563464767558	0.0843736037066864	0.933572758490903	0.990891533295315	-5.6830338933913
15:395037-395463	-0.00914930607833231	5.37431847497479	-0.104619878164374	0.917687862024673	0.985742489435349	-5.6812550198053
1:863866-864728	-0.00914026961388092	6.10495281832064	-0.0991649197925456	0.921964547614697	0.987463228116875	-5.68177177467887
14:234198-234450	0.00903369436418888	4.7312168468052	0.079680292948654	0.93725936533426	0.991474378679582	-5.6833918849732
1:326461-326740	0.00893989952728269	4.72005726410993	0.074589343371699	0.941259949909497	0.991591804590247	-5.68375706281304
15:275766-276079	0.00890340572346116	5.00452982511517	0.090889140607824	0.928457342752281	0.990695078408962	-5.68250297913823
3:69415-69687	-0.00886858838110083	4.66520743687523	-0.0641903607120266	0.949436540723185	0.993611867261392	-5.68442813319241
4:142160-142701	0.00886756376896702	5.58961626777325	0.088838627401184	0.930066890383678	0.990816258199531	-5.68267431696929
7:434389-435342	-0.00879309515940196	7.64497389504324	-0.0684146511899942	0.946114291218829	0.992688131152246	-5.68416765263582
2:875172-875459	-0.00874780544654108	4.44529264909982	-0.0757404873689489	0.940355211427237	0.991474378679582	-5.68367659778716
4:213982-214200	0.00871199668986566	4.40138796945355	0.0765947720009554	0.939683842129542	0.991474378679582	-5.68361608713777
5:76062-76273	-0.00870475934201842	4.42158174145283	-0.0972256898424999	0.923485494391698	0.987463228116875	-5.68194882179523
2:749844-750174	0.00866014694785378	4.72048110792046	0.0879473816932972	0.930766568755545	0.990816258199531	-5.68274757023923
14:417308-418190	-0.00861797266759634	6.11529637629594	-0.0990704577320256	0.92203862758091	0.987463228116875	-5.68178047976689
9:644742-645379	-0.00859782411723575	5.95101702255508	-0.0966488665337408	0.923937957772648	0.987475238536384	-5.68200081040639
6:691020-692365	0.00855887572613234	9.01006202487106	0.0828555675546308	0.934765016219554	0.990982777815369	-5.68315192411289
8:466428-466738	-0.00850168639655546	4.593508325483	-0.0854818357406551	0.932702459698513	0.990891533295315	-5.6829463736767
14:340576-340857	0.00844961683833478	4.77164515143265	0.0792701765288763	0.937581582652259	0.991474378679582	-5.68342219495697
10:133896-134859	0.00838665836908525	6.39181117729847	0.0982708494582024	0.922665733282299	0.987463228116875	-5.68185383514104
12:482912-483124	-0.00838465902744989	4.56789891032787	-0.0825961432183727	0.934968782554581	0.990982777815369	-5.6831718807041
14:364507-365298	0.00830555211532769	5.61513777663547	0.0958595377292127	0.924557154442772	0.987901127544963	-5.68207145116119
17:239959-240282	0.00830546834681023	4.99242615096101	0.0699969559272564	0.944870122328808	0.992645383005348	-5.6840658134042
14:432471-432718	-0.00826352806288266	4.20903101067165	-0.0803824300230632	0.936707740981845	0.991474378679582	-5.6833396301048
16:442630-444635	0.00823045988879834	10.2758012549175	0.0733798259700486	0.942210654516105	0.991614128759485	-5.68384028129943
9:117435-117674	0.00822732473747223	4.48317712459853	0.0755622298271254	0.940495307076829	0.991474378679582	-5.6836891385878
2:582463-583410	-0.00822073334253748	6.23143970423544	-0.0908887847728422	0.928457622037412	0.990695078408962	-5.68250300921014
4:103477-103906	-0.00820801106708213	5.19149399486389	-0.0767220955744346	0.939583784400176	0.991474378679582	-5.68360701048362
3:606024-606221	-0.00818812465674057	4.28749806619742	-0.0755215175685836	0.940527303814456	0.991474378679582	-5.68369199863997
9:174706-174953	0.00817099456402648	4.67657716385801	0.0761942400904531	0.939998608363314	0.991474378679582	-5.68364454204811
2:599601-600492	0.00811251928643131	6.53572276066906	0.0974889825744404	0.923278974952182	0.987463228116875	-5.6819249887116
5:37668-37913	-0.00809080360180836	4.68005598850917	-0.0840664652760974	0.933813970600658	0.990891533295315	-5.68305794688222
5:407087-407467	0.00805355244666028	5.10873913810321	0.0836988995495161	0.934102648051499	0.990891533295315	-5.68308661750892
7:200648-201370	-0.00803020253525677	6.02003012357928	-0.0835513162761326	0.934218559094332	0.990891533295315	-5.68309809388332
4:70661-70923	-0.00802958717164159	4.45342004808853	-0.0812250262591797	0.936045809918142	0.991474378679582	-5.68327631713998
11:380150-380495	-0.00802005317434595	5.00436708562115	-0.0775687322888923	0.938918477755481	0.991474378679582	-5.68354627220489
13:86128-86537	0.00800699937426153	5.1548083536437	0.077650889053471	0.938853919505835	0.991474378679582	-5.68354034276676
1:729505-730848	-0.00791550753776793	6.79613828545356	-0.0920867069709933	0.927517459576063	0.990591302567993	-5.68240110545935
11:246437-246763	-0.00790589116408835	4.93032959294294	-0.0755979103261142	0.940467265004202	0.991474378679582	-5.68368663075209
16:264508-264868	0.00788396398946123	4.76850467008936	0.0763947658460371	0.939841019815082	0.991474378679582	-5.68363031477266
4:209741-209988	0.00787827050534684	4.66498918186626	0.0799406237641211	0.937054836214838	0.991474378679582	-5.68337256391713
15:72384-73279	0.0078360677406879	6.61151157993155	0.0866366726201971	0.931795653896769	0.990816258199531	-5.68285395932503
7:556688-556953	0.00783105625093139	4.76427977916333	0.0917463964461789	0.927784533693334	0.990640165269887	-5.68243019024715
11:46470-47115	-0.00782838191839463	5.93207693760795	-0.0798075418865155	0.937159391545024	0.991474378679582	-5.68338244876622
6:80308-81229	0.00781976380494154	6.25407232699084	0.0872224094839087	0.931335755433916	0.990816258199531	-5.68280661285304
9:491603-491841	0.00776671334967549	4.45015719089398	0.0870475196792402	0.931473069731994	0.990816258199531	-5.68282078298175
17:118100-118807	0.00775857300834382	5.94543613407255	0.0902749568063725	0.928939412857403	0.990723258088405	-5.68255470919964
4:589751-590703	-0.00772997246462026	6.08113266948114	-0.0876992857615421	0.930961348369618	0.990816258199531	-5.68276783043254
10:545742-546653	-0.00771510779835882	6.32393177258098	-0.0873899393892126	0.931204221801285	0.990816258199531	-5.68279301239778
6:331381-332367	0.00744381968887176	6.05918383332962	0.0868746635371021	0.931608789457879	0.990816258199531	-5.68283476041256
6:44629-45570	0.00741249030097801	6.14423219747514	0.0826808877880023	0.93490221894161	0.990982777815369	-5.68316536848349
6:433285-434149	-0.0073833854464187	5.77762054921043	-0.0838824409651668	0.933958497787257	0.990891533295315	-5.68307231672085
10:219750-219957	0.00738225427059502	4.13232746044909	0.0687041744476642	0.945886627942553	0.992681957015444	-5.6841491924905
1:398349-398600	-0.00730224456188111	4.42655723336204	-0.0624125440797418	0.95083501424441	0.993669829275265	-5.68453279818048
9:677156-677425	-0.00727649217055237	4.59144766577315	-0.0711095012447712	0.943995412352874	0.992418366356101	-5.68399281511707
16:27863-29025	0.00723811103959093	6.59498775530262	0.0801987185165752	0.936852068264143	0.991474378679582	-5.68335334664562
14:149234-151258	-0.0071343815090037	7.37828549164722	-0.0860726255811169	0.932238545449604	0.990891533295315	-5.68289925127922
8:606598-607545	0.00709477809450654	6.30810807628721	0.0783812625673486	0.938280015793165	0.991474378679582	-5.68348735431582
14:448092-448770	-0.00704880955555964	5.90723808500016	-0.0773120288566461	0.939120196414576	0.991474378679582	-5.68356475864801
15:427857-428793	0.00702438032023966	6.17872314293103	0.0805105711613617	0.936607072168604	0.991474378679582	-5.68333004407389
9:422364-422694	0.00699145838240689	4.92078161593123	0.0714423796119937	0.943733709394469	0.992418366356101	-5.68397075010334
10:228940-230552	-0.0069674835438418	6.85356582798909	-0.0668220781400461	0.947366676659626	0.992985983694302	-5.68426780278068
8:225083-225919	0.00693605884086335	5.91428506400294	0.0839591644687512	0.933898241159094	0.990891533295315	-5.6830663294656
6:699738-700559	-0.00687283314229425	5.62488113134911	-0.0643993934278091	0.949272121439679	0.993611867261392	-5.68441563381241
10:49859-50186	-0.00686878860515083	4.61084749155718	-0.0622486527884529	0.950963943353924	0.993669829275265	-5.68454229899495
3:27299-27588	-0.00686215762050857	4.738793514965	-0.0740593910759924	0.941676491918509	0.991614128759485	-5.68379369250583
1:23648-24541	-0.00682310837917832	5.97654330289488	-0.0735416442901127	0.942083456958259	0.991614128759485	-5.68382922649085
9:654198-654704	-0.00681934970808307	5.35604483002486	-0.0739216659358991	0.941784746560239	0.991614128759485	-5.68380316917656
13:178889-179297	0.00674827048981363	5.17382987578934	0.0667269098962544	0.947441520586451	0.992985983694302	-5.68427371285426
15:295245-295667	-0.0067144330603135	4.75840563606134	-0.0689194742590055	0.945717332494104	0.992681957015444	-5.68413541435412
5:798443-798870	0.00668898642245086	5.31892067852697	0.0609777274697716	0.951963794498514	0.993669829275265	-5.68461512717614
17:337888-338268	0.00667854943991042	5.06662115074509	0.0603321971473501	0.952471671627366	0.993669829275265	-5.68465154311172
11:2648-3724	-0.00666262506425852	6.19731042182691	-0.0745341875357639	0.941303301542439	0.991591804590247	-5.6837608872905
13:330922-331204	-0.00666098172250429	4.91906318165231	-0.0617030968875872	0.951393128216311	0.993669829275265	-5.68457374508242
2:131365-131610	0.00651944380935454	4.81995494251271	0.0565655531513016	0.955435521043031	0.993669829275265	-5.684856303193
11:14219-15004	0.00650678604840138	5.79476662762831	0.0695946200762734	0.945186466123502	0.992645383005348	-5.68409192891417
13:59111-59326	0.00643781352218031	4.16284674248378	0.0614179983470595	0.951617419199966	0.993669829275265	-5.68459006820967
8:455297-455852	0.00643703277814378	5.66724532476617	0.0796234232856129	0.937304045624155	0.991474378679582	-5.68339609730562
13:46640-47200	0.00642752795754031	5.69402819006761	0.0616502732360588	0.951434685005417	0.993669829275265	-5.68457677516878
11:499143-499496	0.00642105111699909	4.84567024965767	0.0661178072248681	0.947920553864054	0.993186423009247	-5.68431133955336
3:97728-98057	-0.00641405272495721	4.9191289738588	-0.0720241622225512	0.943276338099208	0.992418366356101	-5.68393193904275
12:432713-433095	0.00640701077339756	5.0277232040344	0.0709339173666477	0.944133455843496	0.992418366356101	-5.68400441229388
5:403125-403546	-0.00637442967484514	5.05169835230768	-0.0530325047846958	0.958216164242971	0.993669829275265	-5.68503637540409
10:492146-492823	-0.00632016058470253	5.87242834903592	-0.0707155431196957	0.944305143501035	0.992418366356101	-5.68401879575901
4:647708-647926	-0.00629689378104459	4.4355783913974	-0.0547264236508039	0.956882915388657	0.993669829275265	-5.68495148814288
6:622892-624372	0.00628795318102604	9.2332757947519	0.0514649477667223	0.959450068225332	0.993669829275265	-5.6851125534378
8:276737-277698	-0.00628436824719714	6.15169241449253	-0.0690204345175918	0.945637945907568	0.992681957015444	-5.68412893855094
3:916110-916765	-0.00626347430456775	5.65557788936752	-0.0756032359045631	0.940463079524198	0.991474378679582	-5.68368625633759
8:261366-261879	0.00625142603438889	5.17978256002593	0.0535377572978048	0.957818477013922	0.993669829275265	-5.68501133492257
4:761783-762086	-0.00624246618383761	4.98297670461779	-0.0526901332433077	0.958485653255915	0.993669829275265	-5.68505320853355
3:613328-613680	0.00614672053855791	5.34180867856212	0.0746018868134515	0.941250090984605	0.991591804590247	-5.68375619266259
11:507436-510008	0.00609101010410562	9.40377781615802	0.0608373674837737	0.952074222278914	0.993669829275265	-5.68462307818431
3:529029-529430	-0.00608845281224646	5.49031045737577	-0.0666431370920097	0.94750740311849	0.992985983694302	-5.6842789082887
3:969441-970679	0.0060710396245014	6.4726314981388	0.0645586175731987	0.949146881739865	0.993611867261392	-5.68440608554573
15:53401-53759	0.00605769573328097	4.82502139205725	0.0543268158002773	0.957197427016737	0.993669829275265	-5.68497175412279
9:271891-272771	0.00603546871870808	6.13873491997985	0.0696441852657695	0.945147494099791	0.992645383005348	-5.68408871977757
3:543305-544019	0.00602278256838584	5.82935181784239	0.0657045337587367	0.948245587349171	0.993294465006995	-5.6843366727186
14:196635-197224	-0.00602188141350979	5.63970778746275	-0.0669594269478238	0.947258661212668	0.992985983694302	-5.68425925839509
16:521552-521950	0.00592379005209676	5.28895431419745	0.057438298056583	0.954748725983135	0.993669829275265	-5.68481003362964
17:398979-399356	0.00589880341015991	5.04292514891889	0.0596548813694997	0.953004578554131	0.993669829275265	-5.68468933564744
12:276068-277105	0.00582990397084604	6.48008774924865	0.0716523673554279	0.943568624178051	0.992418366356101	-5.6839567779801
5:457972-458245	-0.00580649891548823	4.65595288233834	-0.0498486232233839	0.960722468857494	0.994264455631478	-5.68518870884336
9:497667-497882	0.00579870579875585	4.37328505216162	0.057591569164744	0.954628115021943	0.993669829275265	-5.68480183468223
3:335748-336077	0.00577921836681128	4.97412294273131	0.0594765852304648	0.95314486437011	0.993669829275265	-5.68469921321453
12:55246-55519	-0.00577086405607652	4.55118175123509	-0.0587155531681708	0.953743672177045	0.993669829275265	-5.6847410419184
10:183451-183756	0.00574704721203201	4.81711073905799	0.047325411102291	0.962709001751976	0.995014811930366	-5.6853027373218
10:462660-463143	-0.00573115219652198	5.28426388473129	-0.0566129698684521	0.955398206166588	0.993669829275265	-5.68485380753447
1:935839-936216	-0.0056951372778844	4.95479942681282	-0.0643725313694068	0.9492932502532	0.993611867261392	-5.68441724233826
19:103029-103700	-0.00568533688718365	5.85667599125291	-0.0576135353354322	0.954610829657544	0.993669829275265	-5.68480065785415
5:353524-354495	0.00567447626468542	6.34914969206878	0.0630952729997165	0.950297943687117	0.993669829275265	-5.68449295155929
7:280682-281592	-0.00567134650457746	6.0815599961473	-0.0535480422137436	0.957810381812763	0.993669829275265	-5.68501082273369
14:44727-45527	0.00558057369725962	5.70283277469888	0.0676918096190983	0.946682709945833	0.992985983694302	-5.6842134012616
4:630609-631686	0.00557897553994469	6.49683575271056	0.0609981251610116	0.951947746761067	0.993669829275265	-5.68461397017864
4:917822-918246	-0.00553450141184797	5.40754534226034	-0.0557494947203072	0.956077739598455	0.993669829275265	-5.68489892678021
5:685184-685381	0.00549919036229696	4.34828369609673	0.047141769150658	0.96285359351081	0.995014811930366	-5.68531080531011
2:1041173-1041577	0.00548773185185425	5.02501419849968	0.0581138226132134	0.954217155618287	0.993669829275265	-5.68477373372047
14:152189-152433	-0.00547713833178776	4.23084958097039	-0.0473736638498591	0.962671009836293	0.995014811930366	-5.68530061221905
6:146799-147432	-0.00545057584587205	5.66095331418357	-0.0564611747473964	0.955517662637862	0.993669829275265	-5.68486178951971
10:484643-485375	0.00540215447995518	5.82852050909055	0.0593283145451758	0.953261526940473	0.993669829275265	-5.68470740486973
7:363947-364333	0.00537238309772281	5.16344978936135	0.0569331506047924	0.955146240724826	0.993669829275265	-5.68483690091922
5:245436-245947	0.00535581417725339	5.57983403266108	0.0610379359780483	0.951916425946279	0.993669829275265	-5.68461171091594
1:476946-477171	-0.00535060854828373	4.53886542411845	-0.0543246046672898	0.957199167310406	0.993669829275265	-5.68497186584662
9:121240-122416	-0.00525281509525932	7.87615518847776	-0.0523344075600936	0.958765659038542	0.993669829275265	-5.68507058278446
11:504551-505968	0.00522708946497286	6.76628416220357	0.0557236203562966	0.95609810261022	0.993669829275265	-5.68490026809812
12:229551-229995	0.0052232347738066	5.46795526984696	0.0549386205727868	0.95671590858582	0.993669829275265	-5.68494066629211
7:172574-173455	-0.00518589199269837	6.09533312629126	-0.054855991669826	0.956780940337368	0.993669829275265	-5.68494488526847
1:176693-177031	0.00516880491130323	4.94175564840976	0.0591613225119758	0.953392921158808	0.993669829275265	-5.68471660636857
3:430411-431754	-0.00516699647956287	6.80963038154607	-0.0612752417034478	0.951729729383356	0.993669829275265	-5.68459821325455
3:831954-832462	-0.0051444513180261	5.31732612300632	-0.0515326173296158	0.959396799887128	0.993669829275265	-5.6851093121106
12:468942-469166	-0.00513802180801015	4.65111288617946	-0.0422860709993011	0.966677221377178	0.996739747266586	-5.68551275450212
15:289866-290143	-0.00513293822945293	4.75026463419815	-0.0511424909276141	0.959703903475642	0.993669829275265	-5.68512794042008
7:394415-394656	0.00505943071548476	4.75720734272842	0.038546841279498	0.969622250205299	0.997060959354437	-5.68565332581288
7:139130-139850	-0.00501308357568142	5.88589424644377	-0.0522260033709781	0.958850989359966	0.993669829275265	-5.68507585403905
17:407259-408311	0.00499733310902606	6.07595842105695	0.0517851626858166	0.95919800216519	0.993669829275265	-5.68509717775798
2:314780-315654	-0.00498715248070081	6.56332331226456	-0.0501636244247534	0.960474485533853	0.994237695941148	-5.68517405770091
7:603387-604078	-0.00495029809561309	6.05706129488911	-0.043045973966747	0.96607877774602	0.996406414477568	-5.68548259721183
2:810223-811160	0.00482968471893042	6.35573587957267	0.0456190071056139	0.964052600801524	0.995409328993684	-5.68537649703769
9:286797-287282	-0.00466966273159919	5.49988333299819	-0.0519539799483077	0.959065114734302	0.993669829275265	-5.68508903331935
3:199912-200968	-0.00464206494275921	6.547336318342	-0.051316491159995	0.959566931442408	0.993669829275265	-5.68511964949371
7:122922-123324	0.00461070924538554	5.20572980602964	0.0461034410418671	0.963671152855242	0.99524505772498	-5.68535583250462
1:618090-618575	0.00459422219885042	5.45860855676872	0.0450721656488817	0.964483199644219	0.995624262363359	-5.68539956147957
5:524371-525613	0.00459194371054306	6.46187185382106	0.0549069812643121	0.956740809759079	0.993669829275265	-5.68494228252398
5:691145-692227	0.00454552814400166	6.4296675805251	0.0488999945316078	0.961469297216655	0.99457743802675	-5.68523227355467
8:94842-95273	-0.00453951126231988	5.43104708150057	-0.048568385657893	0.961730372044265	0.994617639849845	-5.68524730493719
5:767414-768247	0.0045267631728958	5.81323281967205	0.0442498972359302	0.965130698571816	0.995915786847314	-5.68543371931118
18:81482-82543	0.00447411738786219	6.3543077118512	0.0534414942099526	0.957894245391004	0.993669829275265	-5.68501612405662
1:766940-767397	-0.00443912179568962	5.26748276721931	-0.0467183761596499	0.963186959898273	0.995014811930366	-5.68532928684188
18:147546-147873	-0.00442560800565417	4.88958030448674	-0.040177525266007	0.968337861221542	0.997060959354437	-5.6855936212753
10:243247-244049	-0.0043881501844778	5.70738127799606	-0.0419645371445176	0.966930443859954	0.996771226788842	-5.68552535311845
5:344163-345050	-0.0043819235701994	6.16186426423238	-0.0492033547364381	0.961230466381015	0.99456023289908	-5.68521843308744
1:907239-907424	-0.00432788969620113	3.77346388149815	-0.0354914907699679	0.972028986019923	0.997060959354437	-5.68575853415488
5:633415-633587	0.00430069311595194	4.16486934963601	0.0466689060716772	0.963225911549213	0.995014811930366	-5.68533143538471
9:89482-89685	0.00419704622370531	4.13806119310052	0.0354716086451034	0.972044648326972	0.997060959354437	-5.6857591903463
8:704739-704970	0.00410536416075757	4.22575314475337	0.0399992208104281	0.968478296388918	0.997060959354437	-5.68560026998918
11:587488-587721	-0.00405340578400537	4.66191155878671	-0.0429792405119276	0.96613133128522	0.996406414477568	-5.68548526708544
18:271254-273267	-0.00404615500871763	8.33766551700255	-0.0375680286388115	0.970393241302724	0.997060959354437	-5.68568797553952
13:199513-199853	-0.00402120312909116	4.69922497497932	-0.0414692970265433	0.967320474895404	0.99694368999121	-5.68554456995608
2:854417-855386	-0.00394013722329323	6.23015515842516	-0.0371657785607413	0.970710094287921	0.997060959354437	-5.68570195676381
1:241250-242405	0.00393726817618401	7.29868853558842	0.0338882738590438	0.973291969937206	0.997285972064019	-5.68581026642896
1:503148-504462	0.00387008589991922	8.81091458502454	0.0310218933462929	0.975550227286845	0.997843422608756	-5.68589680037622
10:372538-372778	0.00386207265690075	4.80243863337451	0.044148420714524	0.96521060843245	0.995915786847314	-5.6854378911592
1:548913-549311	-0.00386164177335857	5.50754263349626	-0.0393105754710148	0.969020693233095	0.997060959354437	-5.68562567095768
9:35834-37237	0.00385750882074554	8.74530568269753	0.03172040106201	0.974999892843764	0.997843422608756	-5.68587641713642
14:282911-283289	0.00382249537949786	5.03753601254379	0.0398953782800423	0.968560084751492	0.997060959354437	-5.6856041285022
1:151564-151879	0.00368949459875445	5.15691254757153	0.0348754695601755	0.972514267134159	0.997244870490835	-5.68577869460033
1:899178-899586	0.00366063340426859	4.94104742787838	0.0338875517674292	0.973292538803768	0.997285972064019	-5.68581028919067
3:495884-496556	0.00366039659258188	5.71696383278201	0.0367699385584187	0.971021902895349	0.997060959354437	-5.68571556828373
8:488963-489512	-0.00365142111841799	5.32503731320756	-0.0364604076652954	0.971265727949436	0.997060959354437	-5.6857261104133
3:675905-676801	0.00363175690959405	6.20209860435483	0.0358903256314626	0.971714803040502	0.997060959354437	-5.68574529331501
11:127876-128579	-0.00362226743467531	5.81367982129246	-0.0353859082404996	0.972112159656561	0.997060959354437	-5.68576201460234
5:776712-777046	-0.0036178107343785	4.71319273836436	-0.035611216127562	0.971934671632006	0.997060959354437	-5.68575457495582
5:336869-337096	-0.00361085356778634	4.53283360300409	-0.0369266638963423	0.970898447621913	0.997060959354437	-5.68571019648735
17:328008-328349	0.00356827421711259	4.92330611298156	0.0355192056164325	0.97200715344148	0.997060959354437	-5.68575761883819
15:282433-282683	-0.00356204524036485	4.26426628424585	-0.0329721064857796	0.974013741762212	0.997411463767482	-5.68583875575313
13:397247-398849	-0.00344673704215914	8.19158527421344	-0.0339809280106422	0.973218976760107	0.997285972064019	-5.68580734176942
15:430586-430788	0.00334619193785723	4.70642605808067	0.0269209816100124	0.978781462445977	0.998784065539829	-5.68600731642971
7:380690-381064	0.00332465974767793	4.98669631795814	0.036994745993062	0.97084481840387	0.997060959354437	-5.68570785584084
11:430754-431664	0.00328512187768126	6.22953176934502	0.0379052076233785	0.970127648779996	0.997060959354437	-5.68567614008939
1:988171-988371	-0.00325892486929291	4.29468251878667	-0.0334104729816966	0.973668386487883	0.997285972064019	-5.68582522162334
4:633874-634356	0.00322431881672003	5.22233266231112	0.0355943268760758	0.971947976218389	0.997060959354437	-5.68575513427432
18:118565-119474	0.0032148352176895	6.17106978437516	0.0392969761828705	0.969031404578836	0.997060959354437	-5.68562616813227
15:285366-285691	0.00317924232779365	4.88402251362043	0.0288277012985462	0.977279049065167	0.998291802758264	-5.68595787763134
14:168617-169226	-0.00314316399019265	5.47065401514199	-0.0374622139603469	0.970476591198059	0.997060959354437	-5.68569166798393
10:382763-383382	0.00305598594109213	5.71767253077009	0.0321162537830097	0.974688017355188	0.997843422608756	-5.68586466424954
16:51182-51545	-0.0030463699870813	4.97626357407148	-0.0254307306415359	0.979955772912488	0.998784065539829	-5.6860436024138
18:19561-20443	0.00302496134731101	6.21848669246445	0.0303345730971422	0.976091759647402	0.998169229193916	-5.68591641419219
5:111541-112564	-0.00300233073613843	6.2905403549449	-0.0334214914949507	0.973659705916076	0.997285972064019	-5.68582487913504
2:20307-22236	-0.0029872018151309	9.59579092039795	-0.0263492549883715	0.979231974533725	0.998784065539829	-5.68602148157672
3:875266-876337	0.00290969119273843	6.29358644224115	0.0312631642832802	0.975360135322196	0.997843422608756	-5.68588981112214
6:638266-638568	-0.00282232545121364	4.80259944267344	-0.0205307087968499	0.983817280385107	0.999319968024353	-5.68614834994401
8:463728-463964	-0.00276081653923832	4.72132807179159	-0.0245408629770299	0.98065700669993	0.998784065539829	-5.68606428470567
12:495692-496054	-0.00273333079157112	5.22381088038731	-0.028767120581587	0.97732678277183	0.998291802758264	-5.6859595004242
1:744586-745392	-0.00273299722428622	5.90922014509082	-0.025776996872389	0.979682912556542	0.998784065539829	-5.68603535543361
12:491552-491810	0.00270729203237963	4.767122754525	0.0247898404364617	0.980460805764004	0.998784065539829	-5.68605857218541
10:296011-296409	-0.002674232789321	5.2387083129628	-0.0294822939576527	0.976763277784654	0.998291802758264	-5.6859401251572
9:314973-316020	-0.00263907175590994	6.3601408361	-0.0310888022907543	0.975497511078886	0.997843422608756	-5.68589486755072
3:567300-568507	-0.00262689775275859	8.68860265054934	-0.0245339975660763	0.980662416846318	0.998784065539829	-5.68606444140826
7:378226-378494	0.00262622653568645	4.76978678300021	0.0292479659431589	0.976947909984996	0.998291802758264	-5.68594652590332
9:494652-494981	-0.00261532200103343	5.06257676916017	-0.0295495808995788	0.976710261168747	0.998291802758264	-5.68593827775428
3:210176-210989	0.00249399340775369	6.15936423134001	0.0273100534342852	0.978474883773732	0.998784065539829	-5.68599750290282
18:254562-255342	0.00248619860297694	5.95752068742492	0.0258292963991513	0.979641700362998	0.998784065539829	-5.68603410012793
3:393209-394002	-0.00246684577880796	5.8222149721782	-0.0248997263701221	0.980374213095246	0.998784065539829	-5.68605603263102
3:872696-873074	0.00240876785625144	5.14061297253458	0.0222899066078605	0.982430876371002	0.99904956316765	-5.68611331338153
18:7501-7917	-0.00234790945432195	5.29596488515739	-0.0232829797494014	0.981648271475054	0.99904956316765	-5.68609226395499
10:524916-525789	-0.00226687665488523	6.38065051558254	-0.0244741799025691	0.980709554970409	0.998784065539829	-5.68606580488771
6:178405-178864	0.00225767672226418	5.11466553025204	0.0200456435853467	0.984199564248804	0.999319968024353	-5.68615750430752
14:190339-191944	-0.00221580349916728	6.822251850585	-0.0262666972161778	0.979297029423801	0.998784065539829	-5.68602350191388
1:460203-460499	-0.00216400404289985	4.81289750500838	-0.0189710871464611	0.985046444717607	0.999319968024353	-5.68617700436317
8:204014-204520	-0.00215509915664569	5.1887595818901	-0.0190005316579776	0.985023238634593	0.999319968024353	-5.68617648434361
18:144079-145153	0.0021329582356211	6.37298585032439	0.0225822843336754	0.982200462175338	0.99904956316765	-5.68610721135022
3:278140-278840	-0.00212954585833636	5.80258636429904	-0.0199595376831224	0.984267425425179	0.999319968024353	-5.68615910646225
3:376171-376454	0.00211857133579585	4.81610728003383	0.0208590896012383	0.983558483045186	0.999319968024353	-5.68614202836303
4:857786-858671	0.00210032987563213	6.21920334564799	0.0222658401887628	0.982449842471002	0.99904956316765	-5.68611381211469
14:46840-47341	-0.00208964933447486	5.20064517523975	-0.0181260946758285	0.985712413772434	0.999319968024353	-5.68619158412266
3:94416-94791	-0.00206932626369305	5.23831809112903	-0.0194356632846821	0.984680300237168	0.999319968024353	-5.68616870546399
13:108052-109234	-0.00204677196122027	6.41800152935245	-0.0246682161065675	0.980556648850021	0.998784065539829	-5.68606136992861
6:189139-190202	0.00202586060909837	6.42536727749943	0.0223718541642316	0.982366295777789	0.99904956316765	-5.6861116111257
3:296348-297138	0.00201431561503096	5.81444204709474	0.0221607543011231	0.982532657967827	0.99904956316765	-5.68611598351816
4:691743-692368	-0.00200052049685784	5.78725480975987	-0.0206260090715001	0.983742173924744	0.999319968024353	-5.68614652567184
11:202439-202641	0.00199271213761953	4.24707679544474	0.0226152796988089	0.982174459608538	0.99904956316765	-5.68610651773172
1:140312-140701	0.00193067867699881	4.75582552007331	0.017183485723119	0.986455330495459	0.999319968024353	-5.68620706449761
11:168229-169106	0.00191086321467004	6.0190311961886	0.0218771504657644	0.982756159893956	0.999049868654406	-5.68612179239349
3:639380-639896	-0.00189351996349085	5.48542739285479	-0.0192997861087253	0.984787388201878	0.999319968024353	-5.6861711534616
10:439127-439400	-0.00177090922348544	4.58166344624824	-0.0166894699913322	0.986844693802974	0.999319968024353	-5.68621484758341
6:464992-465485	-0.00155289158806049	5.18804351458987	-0.015517617688522	0.987768313880944	0.999319968024353	-5.68623240185914
18:301762-302243	-0.00154161909807016	5.43922339690541	-0.0143445319655821	0.988692923741788	0.999319968024353	-5.68624869520407
1:387240-387949	0.00152344331891907	5.77070115010051	0.0149738876702899	0.988196872210253	0.999319968024353	-5.68624011304898
4:252177-252593	-0.00152330648782151	5.50194562595574	-0.0130707154593503	0.989696946636756	0.999319968024353	-5.68626493794421
11:252392-252769	0.00149971662891168	4.96588625591706	0.0136238244758792	0.989260983542001	0.999319968024353	-5.68625807052326
3:777921-779008	0.0014955594701469	6.49220052075926	0.0173143686082823	0.986352174452157	0.999319968024353	-5.68620496443308
17:144935-145732	-0.00148056152354403	6.11628879646614	-0.0157383868277547	0.987594308646756	0.999319968024353	-5.686229192408
3:954928-955264	-0.001454192673636	4.94125688792617	-0.013129264568635	0.989650797798165	0.999319968024353	-5.68626422446405
13:428667-429204	0.00140233214681462	5.39953289196652	0.0146187229238459	0.988476808729801	0.999319968024353	-5.68624500151574
9:373199-374653	0.00139414222409684	6.86973676336956	0.0152283896860003	0.987996277784659	0.999319968024353	-5.68623653793213
4:438237-439255	-0.00136055790669243	6.34641899030698	-0.0151433754017479	0.988063284596242	0.999319968024353	-5.68623773887182
3:980132-980301	0.00135626935065147	4.14502556020894	0.0109980574383517	0.991330653565977	0.999319968024353	-5.68628814087517
16:256994-257576	0.0013529027329211	5.94034491036014	0.0138261930595653	0.989101476538059	0.999319968024353	-5.68625548680014
7:69552-69923	-0.00135007488376715	4.7144392900888	-0.0112119153631873	0.991162084909723	0.999319968024353	-5.68628593167458
4:57484-57775	0.00131111803629924	4.88965470368734	0.0151194894245729	0.98808211113312	0.999319968024353	-5.68623807508316
8:152214-153072	0.00129937088867749	6.01397810232048	0.0143230978532399	0.988709817967014	0.999319968024353	-5.68624898100073
7:531833-532194	-0.00128424458748899	5.080561610912	-0.0120579627951772	0.990495211453039	0.999319968024353	-5.6862767747358
5:208453-209314	-0.00122513539569447	8.91889772980788	-0.00920410660589994	0.992744710185464	0.999319968024353	-5.6863049975025
8:379887-380262	0.00120914308240838	4.97811935175465	0.00981167233249659	0.992265802030516	0.999319968024353	-5.68629962384562
17:365969-366348	0.00119777367189311	4.92176440454847	0.0124462939766203	0.990189122512348	0.999319968024353	-5.68627234880166
10:274644-275043	0.00119663200605036	5.08854601229526	0.0111212789832171	0.991233526928183	0.999319968024353	-5.68628687316334
10:417357-417643	-0.00117813645167164	4.7270482621421	-0.0105334619764199	0.991696861817542	0.999319968024353	-5.68629279364523
7:457798-458930	0.00116974563213468	6.40128657301534	0.0119727466700206	0.99056238038888	0.999319968024353	-5.68627772720218
7:727595-727879	0.00104720767969368	4.85745726144367	0.0122890730006065	0.990313046453549	0.999319968024353	-5.68627415759908
8:97636-98431	-0.00103637679331925	6.07926305734656	-0.00950838085318181	0.99250486841646	0.999319968024353	-5.68630234925035
11:155186-155462	0.000997860775360238	4.82997143154622	0.00951148756905061	0.992502419575959	0.999319968024353	-5.68630232176688
19:123199-123953	0.000987054544833832	6.42098644764468	0.0112251873386273	0.991151623590141	0.999319968024353	-5.68628579317002
4:513715-514629	-0.000967077597279875	6.1341884450211	-0.010953863654934	0.991365488364977	0.999319968024353	-5.68628859210267
3:369734-370122	-0.000958425119296002	5.17109018555968	-0.00991139691145485	0.992187195319716	0.999319968024353	-5.68629870901836
1:697443-697758	-0.000944355302191724	4.88787278699194	-0.00876393481676834	0.993091673357222	0.999319968024353	-5.68630867612919
8:12767-13692	0.0008874558553158	5.75572902093961	0.0075000292537482	0.994087948037965	0.999319968024353	-5.68631823714724
8:545076-545319	0.00087385564648379	4.71975817624073	0.00843697529714139	0.993349398446188	0.999319968024353	-5.68631129195214
14:84870-85632	-0.000864921716173583	6.00756524314533	-0.00996513270880005	0.992144838751629	0.999319968024353	-5.68629821223549
10:282901-283236	0.000859966618816266	4.9346835130168	0.00804285351047986	0.993660065025772	0.999319968024353	-5.68631431292074
20:119254-119463	0.000836589791166631	4.21598674822347	0.00666334477550711	0.994747470870236	0.999319968024353	-5.68632374892785
2:759542-759945	0.00083180134779326	5.13512792203478	0.00754352890214197	0.994053659227458	0.999319968024353	-5.68631793277877
20:158809-159145	0.000791570094063054	4.65434850369334	0.00652727236468885	0.994854731348641	0.999319968024353	-5.68632458375937
2:1029735-1030282	-0.000782950618325451	5.58769331301674	-0.00690363071087344	0.994558063258757	0.999319968024353	-5.68632223266331
10:318244-318815	-0.000729785646914394	5.47201820691685	-0.00840331974286329	0.993375927402204	0.999319968024353	-5.68631155556673
16:367189-367573	-0.000679040879473902	5.09660304514069	-0.00761971509258582	0.993993605118849	0.999319968024353	-5.68631739546039
4:665035-665299	-0.000631766299482805	4.80486286843937	-0.00536901891541205	0.995767740384382	0.999497492533866	-5.68633099259333
12:181671-181931	-0.000595619861071484	4.15840482490164	-0.00473336863908577	0.996268802972718	0.999497492533866	-5.68633397939462
15:505741-506530	0.000590425508751657	6.22060666512016	0.00679890240760689	0.994640616272841	0.999319968024353	-5.68632290012831
9:360988-361607	0.000578394806042937	5.522341392854	0.0059258796001203	0.995328786553214	0.999347610725031	-5.68632806714248
16:112054-112322	-0.000561157867265294	4.71541053398614	-0.00602128384322787	0.995253582868492	0.999347610725031	-5.68632753699546
3:945200-945439	0.000374911945561607	4.53138769001094	0.00324636301047544	0.997440967299668	0.999497492533866	-5.68633949845542
6:740027-740591	0.00037030036794139	5.41455060139527	0.00393060464734737	0.996901598139019	0.999497492533866	-5.68633721435682
9:423809-424824	-0.000343710597356051	6.32617009834212	-0.00334687716289582	0.997361734629073	0.999497492533866	-5.68633919021434
2:590087-590538	0.000342271453016352	5.34050321496021	0.00331661583987847	0.99738558883357	0.999497492533866	-5.68633928400385
3:419216-419462	0.000309019063750249	4.58809225811413	0.00347890205393878	0.997257662912115	0.999497492533866	-5.68633877106146
9:108706-109425	0.000295164306688633	5.81660616572325	0.00330212797454908	0.997397009237398	0.999497492533866	-5.68633932860482
12:184783-185273	-0.000277851501929938	5.63515178602212	-0.00285634914610649	0.997748405250735	0.999534884042589	-5.68634060550578
13:182110-182850	-0.000265220896416452	5.95374060757618	-0.00318697785024401	0.997487779077028	0.999497492533866	-5.68633967615194
1:335411-336324	-0.000152754857757564	6.0956726013442	-0.00186270704115129	0.998531669408988	0.999685124120055	-5.68634278647564
2:902489-902814	-0.000139161580055003	4.76168430109891	-0.00144694608697449	0.998859404261122	0.999685124120055	-5.68634342649156
17:8429-8642	-0.000119180972403043	4.4122614826701	-0.00112432234844174	0.999113721321617	0.999685124120055	-5.68634381233255
6:195901-196590	7.76749195434689e-05	6.02564770296242	0.000840402365741692	0.999337529159982	0.999685124120055	-5.68634407178771
7:755727-756274	6.19867584381595e-05	5.68906935876335	0.00076437415700112	0.999397460524488	0.999685124120055	-5.68634412853616
6:363419-364699	5.98339865049979e-05	8.08297633222629	0.000463799421167289	0.999634397009056	0.999685124120055	-5.68634430023876
4:262546-262761	5.53109989693823e-05	4.68138166779202	0.000476732943706962	0.999624201795484	0.999685124120055	-5.68634429458086
12:144549-145032	3.83528575707004e-05	5.58479076944332	0.000399447633246133	0.999685124120055	0.999685124120055	-5.68634432607685
