k4_temp10_1	k4_temp10_2	k4_temp10_3	k4_temp14_1	k4_temp14_2	k4_temp14_3	k4_temp20_1	k4_temp20_2	k4_temp20_3	k4_temp24_1	k4_temp24_2	k4_temp24_3	k4_temp26_1	k4_temp26_2	k4_temp26_3
4.76976616812824	4.15394044462231	4.76409865217625	4.55476490399359	4.79553534985275	4.63611407137767	4.76167709833521	4.33094048996635	4.57991764116483	4.85768734240881	4.89845193850849	5.80659014522652	4.50429564266405	4.77993738927818	4.87783304652184
8.85008533263998	8.7712082593383	8.91111368136039	8.77861092247153	8.72942267783929	8.75543950404507	8.69661023647329	8.69704226032132	8.73351777206026	8.68240342512786	8.75910508672614	8.58419772389007	8.87643518350518	8.62087688362913	8.83388969893424
8.53319396185795	8.59110448340436	8.41139597665551	8.62640026193874	8.56636439588524	8.51422176635715	8.62344105614308	8.52689678129916	8.6565979580767	8.57247614573035	8.5367126653897	8.3953642598977	8.1312214364889	8.78431730674852	8.43168501470297
9.35656299209828	9.33816898409412	9.34681641144425	9.28969299851997	9.31070952041704	9.32727597593075	9.26536160827384	9.2991474368953	9.30335177814756	9.24806278745339	9.37644951378357	9.26810207430487	9.45363602439753	9.35708038554004	9.30221771805994
4.72502785336295	4.5007432081487	4.49242532806859	4.28706912078993	4.81938209180712	4.71411658337894	4.47054215699344	4.55506379938192	4.69398940787362	5.055417709511	4.85913901448367	5.71195327108845	4.37054425377523	4.86326577287708	4.86624507224663
9.78380793990921	9.75126433135309	9.73589954686099	9.79440192615325	9.73844077648984	9.72003655492276	9.60340506421421	9.63426077905953	9.61515176123781	9.50577574452283	9.50522527322098	9.29078966901276	9.60342424847199	9.60967726349666	9.59679738228138
8.84486762336896	8.91809086811475	8.8816448431917	8.94818996217484	8.89145976985129	8.91671302050635	8.84957065911132	8.80789937099634	8.87558487451645	8.76729232271437	8.79340005601041	8.58753343645333	8.95413210452016	8.79978353236016	8.80459157850831
4.5307590329409	4.68566092406649	4.87791855173342	4.44605864455108	4.74662574937181	4.72671662015857	4.52332957135288	4.52358556790875	4.44606189443004	4.92924060343385	4.78555788210256	5.8293102217266	4.66752599153236	5.09404597970624	4.88932868535967
8.73140363362351	8.71651471359261	8.75193534324959	8.7471372693475	8.73570210033557	8.6469270568653	8.5804944464897	8.62718194119007	8.58447592312714	8.47887003104272	8.61373127566772	8.47316641150133	8.54412859780313	8.45679028710166	8.55950718831467
4.17928666243952	4.31687901574852	4.3273660817981	4.60056859360671	4.79553534985275	4.45108217754515	4.67100673939514	4.70290926735331	4.51454163231281	4.80793430721172	4.77714564228636	5.35287217778362	4.54868976202251	5.13119897812371	4.83091199913435
4.92616772547081	4.6303784885653	4.90746282734743	4.81002195923566	4.96546035129506	5.10039508967636	4.86754573344203	4.79367473127649	4.71908038883646	5.1516330247703	5.2419361767623	5.85167803475506	4.54868976202251	4.7877147398699	5.26960076647784
4.27550197769882	4.08981010720259	4.54349951266286	4.58925328037888	4.53250094401896	4.6091470237774	4.25856635160233	4.48051684601686	4.43600822976611	4.75640400657163	4.6354175326747	5.07723773517019	4.42712778214159	4.49648344220546	4.75753881280413
8.87397476482622	8.90592104465202	8.74853836724904	8.83118952673658	8.78800167716735	8.74463852815584	8.62746531270188	8.59914336623921	8.63203853131615	8.5505835398815	8.57239734704237	8.28463744203117	8.49534501614968	8.63009887994645	8.70646462820986
6.33625600877792	6.46642884362337	6.43947644811963	6.67471005635922	6.43939153962748	6.53943805196599	7.20167141659932	7.00027221664414	7.1341178881153	7.23085971592087	7.24346364650889	7.62372608807672	6.80502951528229	7.40337403781397	6.89789069886309
9.52138688137051	9.55741565728559	9.55793243458024	9.58213587550972	9.50611221953843	9.52823520765584	9.46942161709953	9.43788275498563	9.48437125132752	9.48448942540702	9.51884915545923	9.37813213018536	9.67901330915386	9.49915043595418	9.39435254418294
4.76976616812824	4.76992984096409	5.03785946460311	4.7401199460055	5.14603259693688	5.16662878807644	4.81910537838428	4.95182256494245	4.87604973517486	5.43447591168427	5.12084435984494	5.71195327108845	4.80197619130474	5.06873489117706	5.22493171714411
4.94579653221974	4.71784132981564	5.31271930583369	4.7401199460055	5.29803569038194	5.15735097448843	4.90117651132331	4.88733383849074	4.86859393025581	5.51936480927078	5.24803637629872	6.16916022461123	4.90232671663721	5.47737461925775	5.46663761353739
6.94335748676832	6.93871751870471	6.92923064242967	6.79532544802896	6.97875717390853	7.03857350457704	6.90117651132331	6.95575897950162	7.02097073048728	7.00295028961686	6.95548288354487	7.09609676242151	6.51179017921097	7.07351466929039	7.0541558191623
9.31801452516893	9.28501451709327	9.28953180828922	9.23038053798894	9.35930362830478	9.30591776072715	9.26794188178237	9.33887467150857	9.25305896083881	9.2098617241643	9.25221535103105	9.2534765105447	9.05022541174952	9.31195101005038	9.28545772208845
4.88609028609547	4.8971650292602	5.18182523898274	4.92249668849407	5.21057284913159	5.11963130853928	4.87433489910467	4.78485088088949	4.7679899893174	5.210260754741	5.01750461015225	5.73620081733512	4.7896978615263	5.14337369206981	5.26077691609083
7.54530734151005	7.4247943549154	7.50858109645963	7.45854958873428	7.39841975857117	7.38902120941289	7.36242018174694	7.52093111446277	7.3924808542252	7.33990850308493	7.41321900893157	7.51581074890983	7.31057673137034	7.73539095032492	7.52307355916711
4.66708050415367	4.5007432081487	4.94593697516207	4.60056859360671	4.7341348051886	4.66258628273886	4.73208231614691	4.86238748136051	4.75187032395413	5.10432730999194	4.74299741987451	5.18686222634469	4.57038483312182	4.8996076199408	4.854563267199
4.65520640386539	4.54924172583989	5.13263768935521	4.60056859360671	4.96546035129506	4.92562068857265	4.59083639071115	4.684050240102	4.81529570409576	4.97504429304697	4.95920596958759	5.73620081733512	4.42712778214159	4.7877147398699	5.05160011425855
4.12866058936955	4.02269591134406	4.59282722502643	4.92249668849407	5.0883170990806	5.04109790599258	5.38279926235178	5.15722191536559	5.15265383955273	5.62370146908552	5.56874649302941	5.97905734123129	5.25472349663682	4.81841153709281	4.98886435891058
7.23219819347796	7.1162077972672	7.3328205118902	7.57067448421889	7.75437802509599	7.73920756434177	7.97014048585567	8.02483736224067	7.97049478020918	8.30147378016928	8.19928419794035	8.40673904976235	8.35500340287945	7.58171127907248	7.91907602875372
5.0672600447054	4.78012560806998	5.43947644811963	5.45231763502277	5.52526937478788	5.55365191118569	5.71327246637215	5.80681013346563	5.67701632926991	5.98999463451294	5.9138819790781	6.42922306391373	5.53404298605811	5.97306978188182	5.99419780321363
5.35839498604717	5.33081820670639	5.39149641921781	5.02683334830881	5.40434459252828	5.41260802973051	5.10540956354092	5.10145864384359	5.20687423055061	5.63325577579877	5.38166094042891	6.18686222634469	5.143334816141	5.53395814762411	5.30436618463851
4.40876850856228	4.27423467834002	4.75329189721967	4.49538635691465	4.48855759643136	4.76386961857604	4.40641181957373	4.34301332226693	4.32053101234618	4.71200988721318	4.98134494685684	5.44402006584181	4.7202330418632	4.70798754739916	4.57026024461155
4.42284369377401	4.45055745098048	4.37043480368998	4.02683334830881	4.48855759643136	4.43581542089184	4.27917663127762	4.3668600642213	4.30955989452518	4.71200988721318	4.54911768628048	5.35287217778362	4.30303743441695	4.53395814762412	4.54140538193937
8.43331069282508	8.47586853950967	8.36423346452166	8.45153674458915	8.46796069182424	8.49317351103418	8.53676508511443	8.43753092105122	8.51215108488782	8.48811387528634	8.47628680494744	8.58419772389007	8.67338550947182	8.63872488496205	8.57560686607702
7.70212745125288	7.83127709360374	7.84902600061073	7.80269241743717	7.79101986873026	7.80008980648879	7.84870909142917	7.87802943120065	7.88069012206677	7.80370972134999	7.76443459053681	7.93783467850477	7.89947271958205	8.01591278288755	7.88646335166528
8.48033602765097	8.57142609490588	8.45206182924741	8.71496164847402	8.6088890125318	8.63611407137767	8.60417102921277	8.59283787088311	8.61096882110573	8.66678781221825	8.67274306836352	8.73017702970735	8.89051741434757	8.72631419520576	8.61854477992094
9.07786198983603	9.11922283502263	9.12741620323246	9.08941294006405	9.05040649754891	9.07721386724271	8.98746563450954	8.97479667974108	9.03436010771446	8.94802407911327	9.07224994909801	9.03632454190414	9.33401837775011	9.1034243120221	8.94753521315191
5.0672600447054	4.92499923745692	5.14095295756721	5.28004869311216	5.37246053150849	5.2906175053519	5.75065007618618	5.86657527832394	5.84219093115882	6.23557184327019	5.92534716557155	6.45866684180621	6.01473016473545	6.10653692388944	6.05670700469164
4.61898621595263	4.68566092406649	4.92682815221436	4.87669299888095	4.954733944702	4.90359438224265	4.90117651132331	4.97528153776644	5.00405734755093	5.22928558042276	5.15370899375056	5.78350653211348	4.68751746671982	5.29295004812032	5.01008084482028
9.47527984826693	9.50497568096693	9.36467730240884	9.42473180335087	9.41563295967624	9.3805742020908	9.27469322465664	9.37091931883681	9.30611423957731	9.14872142935039	9.19139197343959	9.13537191115495	8.90125712926024	9.31867687323869	9.197450980722
4.66708050415367	4.52519625187324	4.42592991628168	4.78047768362164	4.88864475424423	4.95804216626503	4.45250823416319	4.74900568194277	4.72734800482006	5.18449765867592	4.66307387557756	5.68729121685418	4.26806129617397	5.13119897812371	5.11172110669612
3.98427068003438	4.07332198441403	4.03785946460311	4.53130593116959	4.41220671030125	4.52508275898892	4.76898189895844	4.50221191711618	4.73556851162503	4.94467064400346	4.79392135503718	5.18686222634469	4.42712778214159	5.08775971685881	4.70646462820986
7.99961236696345	7.96129536667991	7.93162913847819	7.96031815392904	7.87448669124757	7.93650900471539	7.95900606974343	8.00976991415173	7.98866389342755	7.97785930865403	7.84612814896351	7.84611850941316	7.52203200696086	8.07589863299598	7.87783304652184
8.17721233420166	8.18496734024293	8.10952044973056	8.13195005412302	8.24179157974231	8.1456691694408	8.06220968159249	8.06911792380137	8.17246929689767	7.98813429248741	7.97031792470781	7.76004755928949	7.76717349757361	8.0924769800509	8.08572589816317
4.19577478522809	4.16953729967333	4.56837418130189	4.20048143579384	4.45850036257518	4.40478852527121	4.128309965651	4.3668600642213	4.52406440643131	4.77378608479987	4.66307387557756	5.38389907340424	4.43503298022694	4.77211788481888	4.75753881280413
4.14573410272849	4.76992984096409	4.58065251108033	4.5663528782688	4.68306062059434	4.73920756434177	4.53194270165759	4.56540574360338	4.66845431576649	5.0974409244067	4.92914873573141	5.38389907340424	4.48157556616397	4.82598475679762	5.02057321863793
5.90125009326648	5.88304392101555	6.0686968685257	5.95371541910479	6.25496696849005	6.04109790599259	6.30453220555451	6.16063657977836	6.21865139832697	6.46422325507832	6.41186117820461	6.76004755928949	6.15055432265408	6.28472954131535	6.37965431194275
4.32130566731195	4.4377334106229	4.90746282734743	4.61179584902996	4.81938209180712	4.92562068857265	4.66318723493584	4.89555434529571	4.91276151353138	5.10432730999194	4.83502655836686	5.68729121685418	4.47392199362053	5.27092374179032	5.24296563997437
8.66189760646434	8.64788288967471	8.7217638150179	8.84374257707966	8.77890903126534	8.75390144948481	8.77034744098267	8.78374409522655	8.78739538849	8.75913379932721	8.81050423923279	8.79797701492182	8.96065005777234	8.67377183206125	8.86406192674924
4.32130566731195	4.12223158489497	4.84775658122317	4.63399159514416	4.83115925958347	4.71411658337894	4.33929762371519	4.354985963933	4.71908038883646	4.98999463451294	4.66307387557756	5.22162764450537	4.51924598413002	4.99002291516301	4.88932868535967
4.21207659755719	4.24508833268051	4.65220577210536	4.50745918921523	4.38049785057391	4.72671662015857	4.40641181957373	4.28161277760278	4.44606189443004	4.92146325284213	4.52921812884277	5.35287217778362	4.45071460245921	4.60610793337995	4.70646462820986
4.75871097961924	4.52519625187324	5.24490392160612	4.68803143485705	5.10781327470639	5.12915408265779	4.83311223637815	4.74900568194277	4.95561699249317	5.0974409244067	5.16664804945807	5.66220023589135	4.45849195305093	5.06873489117706	5.26960076647784
5.04012391476789	4.9341592367424	5.25259831339612	5.26590451079189	5.32327298188096	5.51058318929381	5.16199309190728	5.4019070113205	5.29850470601618	5.56000679376813	5.5392022174154	6.2555749764287	5.29002054875011	5.58394628345579	5.6535157482609
9.32693021650582	9.3705808773332	9.23910607706801	9.35336735204223	9.23127505292264	9.24207365339386	9.19694015666153	9.17040895875476	9.2555620883192	9.03798986660762	9.11418062956393	9.03388136597581	8.92671087526417	9.28094609762839	9.09009109072457
3.32130566731194	3.56111582612818	4.07304889306541	4.15515744528435	4.07846931312425	3.88122656921419	3.79783676163062	3.73990347483551	3.81529570409576	4.28489955563376	3.9138819790781	5.15123831661396	3.5917584839144	4.37783894570683	3.93441657488821
8.95974158130242	8.90242501295524	8.90135746469825	8.93930497618063	8.96077735841147	8.94596933396445	8.88697910835689	8.85450244602337	8.91412019676558	8.7536690388504	8.78555788210256	8.53666935380749	8.52388637102193	8.92935496333485	8.79163201147254
8.07061645189798	8.07849479397476	8.00179020989559	8.17042420193766	8.11505694703302	8.24645541846574	8.19219332968298	8.07636766288075	8.21056493361453	8.31934020096279	8.22811568217546	8.16022709984122	8.10544738148454	8.31733420674728	8.24855532167001
4.33625600877792	4.27423467834002	4.46619378649541	4.7604399303851	4.68306062059434	4.91464957075164	4.97251529304357	4.99071157833605	4.86859393025581	5.37876647909798	5.1730743186175	5.80659014522652	4.75853693003984	5.30925186044942	5.17883530255466
7.91376270458003	8.10509843509178	7.99950565670103	8.07731479754617	8.05856975568655	7.95670571870222	7.98589919022873	7.92797582298808	8.03934925980213	8.056305795129	8.11918131062229	7.95859323867157	8.40314891920715	7.90587437834316	7.91063919160508
4.93601551142715	4.76992984096409	5.04673761594956	4.77049359504902	5.04851609102262	5.17584731810582	4.73953812106595	4.83700216294059	4.90549351306734	5.00479163644103	4.75161055017922	5.35287217778362	4.48918875027384	4.6914994246106	4.79469181122159
4.92616772547081	4.8971650292602	5.15744108035578	5.06817414368971	5.60974394295142	5.51058318929381	5.31953436889376	5.22402528604984	5.46101223589601	5.93697625221345	5.76868406353816	6.13309096990371	5.73311433315993	5.25418047795575	5.67359999430423
4.46426362115399	4.2885899713171	4.73143246325593	4.27299393557821	4.68306062059434	4.76386961857604	4.42502749774108	4.46954572819586	4.59806498787509	4.84129290415814	4.86708776759916	5.66220023589135	4.41118623827257	4.76425576704591	4.84278609942264
4.65520640386539	4.51302153792714	4.90746282734743	4.4207475560219	4.77128780360608	5.04109790599258	4.84006499701992	4.73990347483551	4.77598278007094	5.24183083374187	5.16664804945807	5.68729121685418	4.83222247817286	4.86326577287708	5.1694366045524
8.81115362775125	8.74802158995439	8.88659830742583	8.71365957704909	8.74273393411481	8.73920756434177	8.57007783054436	8.63518155031143	8.63643531960577	8.60622134875095	8.61136717019664	8.74518960056238	8.77147247013014	8.75535936655752	8.66777091550203
8.84028659648235	8.94722567216777	8.92201113591659	9.16899978677417	8.91378431652274	8.92562068857265	8.91235222811868	8.86395933011693	8.98004046643239	8.94706674992028	8.88481393649553	8.89539941218438	9.32686647361422	8.96408899228845	8.87277475669881
4.3656997866704	3.8971650292602	4.47936917524314	4.55476490399359	4.31490950894633	4.52508275898892	4.16199309190728	4.26901274082316	4.14650161257114	4.72099867044043	4.60722064084405	5.22162764450537	4.21395389083453	4.27092374179032	4.77002975698732
9.07674965744408	9.08158960039763	9.02106422206013	9.16899978677417	9.01728356709683	9.03224310810645	8.96219610982899	8.97334112719701	8.975709346275	8.84489514083834	8.85214774757521	8.83212523733366	8.85117868212657	8.83727056434413	8.96393741776513
4.27550197769882	4.21534098928646	4.37043480368998	4.54308309894595	4.79553534985275	4.52508275898892	4.57425350651555	4.684050240102	4.70240164768983	5.13827464191528	4.99591774794411	5.63666514378421	4.67422064410636	4.90676741151366	5.04133177880472
4.11138259793771	4.16953729967333	4.604900057327	4.71950966633022	5.0179277711892	4.64941089399112	4.90780960365575	5.05817454611479	5.25913046768204	5.77809907767095	5.54416847030874	5.91677306297695	5.63700956500929	5.67062069493468	5.62629427952588
8.28420167264921	8.38860170329202	8.26596553713395	8.41675227503905	8.24068818003967	8.25517922458439	8.26826409173143	8.27768707438899	8.27543228001114	8.20866396980667	8.2691862111705	8.26393844936333	8.15474907754542	8.45006727326201	8.16234717976609
4.40876850856228	4.4247943549154	4.68669414849065	4.93148547172133	4.72153476840897	5.02077792161299	4.79783676163062	4.78485088088949	4.74374244307073	5.29094860030657	4.99591774794411	5.58419772389008	4.64043233065008	5.4284650187768	5.22493171714411
9.19064246021069	9.28367143394811	9.17576772816237	9.15659558633139	9.20039306924919	9.22995472344527	9.25304189036477	9.14218699399338	9.22559887234788	9.22297180649056	9.17507667152865	8.93521873029776	8.89553923209149	9.31026463342249	9.08447627050523
9.67959056249234	9.70518894972575	9.57912342239358	9.67035398859001	9.70082205975868	9.68455048825569	9.81558231182058	9.75523030248339	9.82013534312227	9.84900099929341	9.81487721497907	9.7688894360413	9.44827555700779	9.77774243401275	9.81893935746827
9.11301122844846	9.17630825765076	9.24297389450772	8.91174925366006	9.19584556338504	9.15676912530092	9.08250627603787	9.03928540619279	9.11888007371939	9.20946258319042	9.12995702031722	9.34501006001065	9.15714061566603	9.24996412315468	9.20494551726893
8.91064471105842	9.0275182948009	8.98051876795932	8.99449526924713	8.96211690822069	8.98844364480558	8.99059342986127	8.85344784433833	8.94900416942152	8.98207155994094	8.92534716557155	8.73319206746279	8.64555130127509	9.13767958505611	8.91345695625256
4.07619316947541	4.34462400623142	4.58065251108033	4.02683334830881	4.70882371665942	4.52508275898892	4.29949661565722	4.3668600642213	4.3846613497659	4.6284865316509	4.41457556290165	5.5297499398677	4.19545754721713	4.6235953601088	4.40390185818943
8.987825577211	8.96632705376759	9.04063976039689	9.03311049399497	9.09015609874438	9.02715871503471	9.18504367590962	9.09968083087568	9.11297625273644	9.34754663913103	9.23427447505424	9.11471244058886	9.34716974540142	9.33103765662497	9.15938293988848
2.19577478522809	2.27423467834002	2.74240358107694	2.60056859360671	2.84284106463111	2.83542287960107	2.66318723493584	2.99071157833605	2.0310243951512	3.00479163644103	2.78555788210256	4.07723773517019	2.00679598319324	3.00344343092533	3.04133177880472
4.95551168705295	4.90650289383954	5.28297196243964	5.07630202457311	5.41220671030125	4.96868941046454	4.88109226527997	5.01355155469416	5.14032303764201	5.47754463357616	5.29003046496335	6.23870115786431	4.94170095497135	5.51065077413205	5.23397685674712
7.37658810281314	7.39525007930139	7.46784730534792	7.44291893702052	7.51800137432384	7.39889595734801	7.57112288313688	7.44455134872899	7.46472573869508	7.52065235513125	7.49371944762138	7.59086145417109	7.48252941415964	7.61269058376992	7.34667698949648
4.63116092989874	4.39856281334223	4.72037727474694	4.62293640663516	5.12704949356931	5.00016764193771	4.49717728349691	4.5959940634368	4.87604973517486	5.30894502960041	4.85913901448367	5.47316641150133	4.75853693003984	4.3465880117224	5.10187332073977
4.76976616812824	4.54924172583989	4.66379374638057	4.78047768362164	4.72153476840897	5.1850073173913	5.24814973565699	5.15036824432453	5.20094939659351	5.71200988721318	5.52420005407615	6.22162764450537	5.74588162923381	5.44331278318411	5.61940789394064
9.45744235529797	9.38108547479025	9.3840722116139	9.23674003524263	9.31438517856044	9.30171318203997	9.19389041850459	9.2511056630852	9.18377869665326	9.13112736933566	9.14065284092512	9.00423590422728	9.18260234231556	9.07589863299598	9.22946137562462
5.04922612187514	5.0979840386483	5.2215714177755	5.13195005412302	5.29803569038194	5.3406581878515	5.30453220555451	5.41340265015833	5.50975656974743	5.6380093057694	5.42538231785823	5.8293102217266	5.04345445377208	5.58840593164649	5.40390185818943
7.51770288011545	7.54326782479526	7.5897931649368	7.53720653260928	7.45469879241532	7.60061539015628	7.67587249456696	7.63211002468692	7.70449706569202	7.98160413889655	7.82077257468662	7.92734230468713	8.15474907754542	7.72124676800465	7.67526112867416
9.693808013396	9.66723893523834	9.57299080937226	9.68404792093855	9.66836410938764	9.63694872285648	9.67829923196149	9.63118729037923	9.65686850567072	9.64923656119266	9.61874217368615	9.58586654425069	9.51015407287342	9.59728408299295	9.60945076936246
9.06949851690141	8.971341252817	8.95951677092054	8.78544393651499	8.98470099342518	8.99431755265658	8.898681218039	8.84763371467048	8.87604973517486	8.84797562964052	8.79496338833701	8.70582716829161	8.74070853431543	8.74640776571299	8.92397482816656
4.58183321753516	4.48835948369287	4.94593697516207	4.60056859360671	4.78346251755218	5.11963130853928	4.73208231614691	4.73074347555004	4.65117632433465	5.210260754741	5.02462904458564	5.2555749764287	4.50429564266405	5.43838048764189	4.93441657488821
4.16260792129289	4.4247943549154	3.82729247866345	4.50745918921523	4.44323360592187	4.23877857383228	4.88781812846829	4.83700216294059	4.92718858416666	5.48811387528634	5.33083668135123	5.76004755928949	4.85597108094547	5.62793429583313	5.39586453912401
9.59237956640994	9.56185472245209	9.57452640828348	9.49841404961222	9.4941242723059	9.52958415122386	9.46352446127612	9.47880809887776	9.38008032287929	9.35189320041298	9.3885803543687	9.3070684881705	9.32819357796766	9.46499866792236	9.45120757296778
4.46426362115399	4.13817312876399	4.89768180655485	4.25878007635851	4.41220671030125	4.73920756434177	4.41574968415306	4.29410372178598	4.57075764187936	4.83302528817454	4.81050423923279	5.22162764450537	4.46622760183054	4.68318415639859	4.854563267199
9.27259038227892	9.23955722670728	9.15179451721464	9.08287237592989	9.12525695445999	9.1561870413548	9.02874893517306	9.04299056403256	8.99081172029573	8.84438108594572	8.85564761596507	8.81799490849877	8.70396798750042	9.0623371199789	9.07632720016093
5.18755427842312	5.0898101072026	5.44620231130794	5.5194318308813	5.80750799151883	5.66258628273886	5.81558231182057	5.69821757202859	5.84978408048105	6.10775821539221	5.98864974748007	6.5297499398677	5.45849195305093	5.62793429583313	5.68023308663668
9.72218510359413	9.72676422301795	9.70328311828242	9.62778347876654	9.67164296316465	9.6074447285464	9.54290365434988	9.59788446996309	9.52850666091376	9.47256352018892	9.5314080599336	9.51756053085978	9.61064047213401	9.3791264915673	9.55725684463444
9.4188989076711	9.30103473768374	9.52773219680454	9.37205806310731	9.39544819203988	9.459599260575	9.515750668155	9.50792024894262	9.49318580654407	9.64805885088979	9.64527323332867	9.44033501903396	9.97901558919053	9.47526915338083	9.40039103939228
5.42284369377401	5.54326782479526	5.64052396705772	5.44605864455109	5.63683760383369	5.46618906993535	5.78708370533375	5.5756740790572	5.79183673127177	5.94082857770906	5.72998053420768	6.20434965307353	5.63357865960902	5.97987495978693	5.8129155698405
4.27550197769882	4.05664324326739	4.53089947588323	4.43345860777145	4.54685623699603	4.52508275898892	4.74695559262844	4.74900568194277	4.80751835350404	5.01943841240543	5.04579365458368	5.68729121685418	4.66080012834404	5.18519386776444	4.98886435891058
7.13508685852898	7.10813675500918	7.33463408226213	7.14553302639595	7.31070952041704	7.32209573682507	7.50047236305849	7.32029324576685	7.42206903880824	7.68355344116396	7.5454073669421	7.35287217778362	7.69823161795127	7.52001895666624	7.45120757296779
9.31140963116945	9.37689280970376	9.28859651163352	9.40953276852597	9.33158825009296	9.28317269319074	9.45250823416318	9.35274864886965	9.42334181792996	9.39500447089486	9.41796137774103	9.03388136597581	9.4572795023191	9.4497609360614	9.30651145647007
4.12866058936955	4.02269591134406	4.17374289268488	4.060000212244	4.45850036257518	4.40478852527121	4.03444304218677	4.1085480686299	4.09631585540292	4.57990635120584	4.42538231785824	4.91677306297695	3.87352945232977	4.27092374179032	4.43561071791676
5.45744235529797	5.76992984096409	5.77482505876932	6.00995952974441	6.18785277263151	6.28636803235054	6.92262348779924	6.99454343992708	6.99894442415728	7.36879225143218	7.31784584283148	7.59749454650353	7.63443715117906	7.29840447821243	7.32779053014985
5.52424572598222	5.48835948369287	5.73143246325593	5.49538635691465	5.90545304193079	5.7577435157792	5.67878408998686	5.75805082154577	5.81916871324297	6.05185989009781	5.8749929656845	6.45866684180621	5.55957807816524	6.17633389084421	5.81893935746827
8.74266924511573	8.7244561742372	8.67027131045178	8.62501571764736	8.73335051865617	8.72593233362613	8.84049843401909	8.79587228698074	8.73966126625891	8.81477298383877	8.82944356267482	8.84611850941316	8.19079616984727	8.91921217788031	8.75910610795109
3.84486762336896	3.87830600200888	4.23716827282652	4.12413054966372	4.28096217702299	4.20315466410156	4.30955028032114	4.13656244479951	4.1216269439321	4.79947272846352	4.5392022174154	5.38389907340424	4.00679598319323	4.87060774821824	4.55590495163448
4.29093201826843	4.57289299390454	4.56837418130189	4.44605864455108	4.69599967630183	4.85850649271411	4.47054215699344	4.74900568194277	4.57075764187936	5.01943841240543	4.98864974748007	5.63666514378421	5.06399138477478	4.65794686489957	4.86624507224663
8.72573766643552	8.86818596228843	8.68242792051962	9.03206619786476	8.72706083004157	8.76157537737022	8.76898189895843	8.71863203289925	8.84028638297346	8.67143230730685	8.77133364195211	8.50879032123205	9.06812746336723	8.93942693805418	8.7457295105145
7.89369010195363	8.03445562480653	7.8716865980219	8.14649836269218	8.06606429223347	8.01821768129443	8.13609876761205	8.12960968415774	8.21056493361453	8.06780143396682	8.12582203599932	8.23018965800879	7.59969266545661	8.23510907851853	8.1129473668982
4.46426362115399	4.48835948369287	4.98341168058073	4.69860067656724	4.67000446776889	4.82374107455344	4.67100673939514	4.53415480961893	5.02432974257719	5.15826611710274	4.89067458791677	5.66220023589135	4.49676196997865	5.67062069493468	4.88932868535967
7.20394871667378	7.12823032551642	7.16968467611053	7.29927326037706	7.22626665623674	7.25409162932679	7.45137359388379	7.3683374786268	7.56500296715355	7.4972988679172	7.46912378167926	7.74219955795656	7.26695451051103	7.31867687323869	7.46471785937403
3.75871097961925	3.63037848856529	4.01993755660585	4.00995952974442	4.44323360592187	4.22107657209882	3.70948088720978	3.94391736685711	4.08349181504533	4.51936480927078	4.2419361767623	4.78350653211348	4.04861615888786	4.20275223914875	4.46663761353739
9.00663849306283	9.02430516420572	8.95598652028246	9.09192066717014	9.10660245210835	9.0857977134634	9.11583136902743	9.04899122394945	9.13100527624796	9.06692039879997	9.03083419411235	8.83493477092048	8.80235821038307	9.1289047369179	9.00414517685055
4.64323376219931	4.71784132981564	4.96479600241339	4.81973711406887	4.92206775578168	5.05115157065651	4.59905689751612	4.75805082154577	4.78393153318643	5.04829327507761	4.95920596958759	5.89539941218438	4.76482319288727	5.08775971685881	5.08197376330206
5.16260792129289	5.37184547496645	5.46619378649541	5.82457026780481	5.80153409047419	5.73920756434177	6.08213978421807	6.04714752396576	6.03436010771445	6.1516330247703	5.87892938024367	6.32116331805628	5.80807639084115	6.24573540969949	6.13121728232192
9.02981481542892	9.10052892383966	8.98109781474249	9.12853423474066	9.15601668550951	9.04109790599259	9.21877668430072	9.15893025782796	9.17700370096848	9.17798435171725	9.16825730231972	9.03876358735555	9.39379960607553	8.96065297984941	9.22209344150726
7.65222254542656	7.7191667272822	7.71620964053171	7.69332573452656	7.70722693172509	7.78961918998795	7.68458971166806	7.59851405541531	7.66630584918791	7.77378608479987	7.66307387557757	7.32915610880981	7.75143198798203	7.78674486081429	7.62285519555911
9.25253564447016	9.25380277843521	9.22255117675433	9.37946706961509	9.22905124509753	9.25626600056112	9.26083499528811	9.2394466456999	9.28211224948811	9.23557184327019	9.2874413435695	9.18686222634469	9.08675128777463	9.30519364387507	9.14925872261478
3.98427068003438	3.91578070742754	4.28297196243964	3.88597081246896	4.39643939444293	4.1480131099091	4.128309965651	4.31876577602025	4.07055275933783	4.52963314472461	4.03171846937196	5.66220023589135	3.96372726130135	4.36749700148537	4.58447410383125
7.89242624287947	7.90067381503734	7.79208714739039	7.86501119383331	7.92481836679772	7.91464957075165	7.87687262190657	7.88113757252684	7.8620383426785	7.81424808114392	7.85913901448367	7.80659014522652	7.85007047950578	7.94465409971773	7.96461681266391
8.66708050415368	8.72247490355609	8.67457358513381	8.69200397993032	8.68711655534585	8.60488751362418	8.5303316517516	8.57119067243623	8.61932260843561	8.5461648686145	8.6682009314644	8.65585870901752	8.76482319288727	8.50062997155805	8.6535157482609
9.51565214055069	9.58711763362438	9.50737566953456	9.38683822125518	9.56812485374968	9.52237516662543	9.4713819911343	9.54235848827416	9.44918935076184	9.45448775421686	9.42907852238376	9.21085317291119	9.47894922775562	9.28335489133914	9.52675860597496
4.76976616812824	4.5007432081487	4.73143246325593	4.61179584902996	4.954733944702	4.95804216626503	5.13962527887883	5.0943342094102	5.09631585540292	5.36736171582573	5.46258093581248	6.07723773517019	4.57754462469469	5.22009948271264	5.26960076647784
9.61936823503096	9.69276198044163	9.45581613391571	9.68537698141107	9.60974394295142	9.64153069450058	9.67926878511686	9.5880905976266	9.63396377519851	9.71903715410715	9.61314061238786	9.21301451420066	9.3148672774052	9.61842586739674	9.53501570665026
3.96516185708667	4.4247943549154	4.35622094447028	4.44605864455108	4.58908447238532	4.6756424355643	4.23765736183935	4.46954572819586	4.52406440643131	4.83302528817454	4.61668097009311	5.18686222634469	4.22311389012	4.96965511746905	4.73222772427494
4.79162560209198	4.5007432081487	5.09888889800067	5.13195005412302	5.06855384425917	5.08089891405056	4.75433512299404	4.99071157833605	4.78393153318643	5.37876647909798	4.87499296568451	5.61066993525126	4.86770037352758	5.37783894570683	5.21582951003686
4.98427068003438	5.02269591134406	5.17374289268488	5.01842110849261	5.34807637288153	5.11963130853928	5.21108764143545	5.28787176807447	5.23033320337461	5.68470254121745	5.58329480159857	6.16916022461123	5.01736522490342	5.49172991223482	5.52675860597496
8.87972638058061	8.75126433135309	8.86981175040147	8.78172085047228	8.73570210033557	8.7948639972633	8.62444817314097	8.69939192703107	8.70240164768983	8.50447484719312	8.56813711813507	8.56401984195245	8.41418872643409	8.73186788376122	8.60291977115207
9.08838659238622	9.08055873573005	9.01655227142121	8.97777912399526	9.05543550496241	9.06610191212248	9.04425990054698	8.96945245896424	9.00957597588716	8.98813429248742	8.99908602067977	8.38389907340424	9.18348248166622	9.05026428767833	8.85236235900572
4.94579653221974	4.61906317533746	5.08171375419253	4.95812059822479	4.98667683720476	5.07105112809421	4.88109226527997	4.86238748136051	5.01760387938888	5.2542679369801	5.2419361767623	5.71195327108845	4.90801782871506	5.18519386776444	5.07192009863814
4.07619316947541	4.15394044462231	4.23716827282652	4.66665778406448	4.57514528142745	4.93650900471539	4.68651973876646	4.21748244018307	4.78393153318643	5.00479163644103	4.9061875872881	5.2887418403639	4.82622373755141	5.15544652437039	5.02057321863793
4.49123066875426	3.97022849144992	4.76409865217625	4.12413054966372	4.57514528142745	4.34065818785149	4.128309965651	4.45849053968687	4.37416897594826	4.77378608479987	4.85913901448367	5.07723773517019	4.28565535618871	4.57947280687649	4.8068665251677
4.71362309009071	4.56111582612818	4.8878340205985	4.5194318308813	4.8773294410164	4.77604433252214	4.31953436889376	4.55506379938192	4.82303135287536	5.00479163644103	4.95920596958759	5.8293102217266	4.36227663779162	4.96280144642799	5.05160011425855
8.24809582035817	8.29037438099527	8.05885654589815	8.45621575963398	8.28952419052642	8.35898483565808	8.52440902897218	8.43612272665841	8.50375283640195	8.52771339056124	8.49179285702897	8.43293656671279	8.28783960345059	8.68422618969842	8.62715277109592
10.2118232931863	10.2347000524426	10.2176457145617	10.1618565387715	10.1806787397438	10.1564781126845	10.0336851251528	10.0777229424928	10.0632232175393	9.94610878505049	10.0389931331697	9.92074560805021	10.1647372928732	10.0641393626129	10.0725505094154
4.21207659755719	4.10611191953169	4.28297196243964	4.43345860777145	4.34807637288153	4.55365191118569	4.24814973565699	4.15036824432453	4.41568824538652	4.57990635120584	4.62607966809536	5.03876358735556	4.15773788126798	4.39830304826655	4.6535157482609
9.63683265142544	9.60694261198063	9.58713311801272	9.57318945566545	9.56900427775794	9.54300466698618	9.42560538480704	9.46195439499044	9.47795450965565	9.41140882495019	9.44410151520482	9.29283459499779	9.59903314771215	9.29397432579266	9.55410045478773
9.68324944104719	9.63740575545927	9.55053897112268	9.53904553227306	9.56592394555641	9.57601972421415	9.54928139193868	9.52225895168572	9.54409397739057	9.4200591389154	9.5131617826237	9.5724616158391	9.2627964856108	9.45098589477722	9.49607170211729
9.00019918618687	9.07487577566911	9.14405886843503	8.94984982242416	9.00693698727122	9.05677611985039	8.85344135911332	8.84975065568258	8.90230221289223	8.9992605304678	8.89116190257801	8.78059493669358	9.21567582663579	8.85542376613602	8.8785542137655
8.84028659648235	8.863998165325	8.96069160408065	8.83178977431789	9.07041819305304	9.1648937367057	9.32635856800769	9.27217308171648	9.32734583390249	9.53537712725942	9.37470817978715	9.42549997787102	9.42340725646347	9.26571231514498	9.51799120148512
9.52015992591097	9.57618807346612	9.40061506382873	9.51196058145017	9.51663453855994	9.51558387035217	9.59828821174664	9.44350045997968	9.54497126233149	9.53760473667656	9.50076168279355	9.32316567096743	9.1073037339271	9.58562026744661	9.50963580144597
3.75871097961925	3.9341592367424	4.17374289268488	4.36875291838364	4.33158825009296	4.07105112809422	4.28937239838351	4.56540574360338	4.62486504721881	5.04113348350475	4.64469534626271	5.41427272244776	4.65404276216873	5.08775971685881	4.70646462820986
4.25990512264781	4.23029133075242	4.38450998890171	4.27299393557821	4.51800137432385	4.1480131099091	3.85387079654495	4.17758971305956	4.46596145186775	4.42350479386327	4.60722064084405	4.73620081733513	3.75222315610764	4.53395814762412	4.54140538193937
9.19474977982732	9.2312206029526	9.07359197420899	9.27476086175239	9.16360522638483	9.26762799285498	9.18640824923518	9.22972603593782	9.21755136393064	9.14996997554765	9.17106918272712	9.15798514905455	8.85486655489364	9.15206123918575	9.15224381583968
8.88036403585768	8.81339348944806	8.80326324141937	8.64564564554165	8.77966894439373	8.7461864843568	8.67587249456696	8.72729342598027	8.68074629082544	8.53855837450409	8.59051430811165	8.7511511588011	8.59087420865478	8.69512233782793	8.6818866054892
8.39723043689336	8.51378547495367	8.40450547977967	8.45699412223224	8.4987468172439	8.57122454063364	8.61738354532272	8.61478757766488	8.65388968800995	8.65803887672866	8.58871281563088	8.70275433424198	8.17199857439315	8.61214317528644	8.73063093934061
9.15208493488088	9.10205370295734	9.07250560741	9.08337655033338	8.9912766430992	9.05739971832169	8.9181131401012	8.98301718654605	8.95429685053049	8.7596791386045	8.83046026112485	8.54011665542595	8.6472535965061	9.06473961019421	8.93857220437952
7.65371524606763	7.69107442025286	7.83500057379871	7.897484800486	7.92619170820641	7.93107511866476	8.34174910270929	8.29953468560005	8.37219313216867	8.56125858997759	8.53858023204646	8.66536057678467	8.09301027824631	8.42659825762669	8.34040893456405
8.8277785529144	8.8177305617658	8.82729247866345	8.76484703190788	8.68224806352364	8.69900969098873	8.62344105614308	8.6625349194472	8.5475999208921	8.47489018013018	8.6018718168518	8.55723067628981	8.54504198500736	8.73438523746377	8.66860508438384
8.80847577075802	8.83127709360374	8.73418307427197	8.7761181442429	8.82307279487104	8.81712825148179	8.94939340758924	8.85027940593255	8.90412667730343	8.96467531966343	8.94096448597861	8.77475405810452	8.68917098557234	9.04134622306293	8.87638962965217
4.93601551142715	5.39192972100978	5.04673761594956	5.58925328037888	5.71519324153515	5.70777505650511	5.91770240841419	6.05083257077362	5.97310441922202	6.26352590484119	6.09738538702095	6.51581074890982	5.59529017488464	5.89241211853659	5.84868670086232
9.57239352164886	9.56074623600425	9.44410384542395	9.50971164094661	9.45041001787194	9.46900408554241	9.36362695307693	9.3646411019163	9.38987905903692	9.22059699930266	9.29445817700416	9.23445168486295	9.16012447410485	9.29192504271956	9.28654490755127
4.25990512264781	3.95230658345266	4.18986255804816	4.28706912078993	4.60289027191036	4.4959364133294	4.25856635160233	4.41340265015833	4.32053101234618	4.92146325284213	4.5392022174154	4.82931022172661	4.13850166240506	4.36749700148537	4.28708819320668
9.25794360631452	9.28903628069138	9.21960990144221	9.29883917129874	9.27018770542882	9.21549985452139	9.17648572555187	9.13526135193433	9.14418774673289	9.10002717255831	9.07439713663663	9.08197565417685	9.11131765530321	9.1774443681595	9.14566843861946
7.75454334540401	7.79779663439704	7.85282757077059	7.67738419065754	7.89426930343811	7.79411590544416	7.79783676163062	7.80135157590996	7.83264294765966	7.76946015939708	7.84914108783976	7.95859323867157	7.89159499067619	7.93593161219933	7.91204876185976
4.25990512264781	4.30280383053679	4.39844917985958	4.47093331319011	4.78346251755218	4.52508275898892	4.30955028032114	4.4019070113205	4.21865139832697	4.59953515795477	4.5392022174154	5.32116331805628	4.28565535618871	4.39830304826655	4.74493877602449
4.07619316947541	4.16953729967333	4.31271930583369	4.53130593116959	4.57514528142745	4.55365191118569	4.33929762371519	4.29410372178598	4.18302748859625	4.85768734240881	4.64469534626271	4.99923522316892	4.56318933171762	4.57048402364923	4.68023308663668
4.25990512264781	4.20023409689625	4.69800946171849	4.27299393557821	4.58908447238532	4.34065818785149	4.36844396937471	4.53415480961893	4.30955989452518	4.68470254121744	4.40368724675892	5.8293102217266	4.08925814338521	4.58840593164649	4.75753881280413
5.17097139422752	4.88776633125795	5.26025188593956	5.20789890735632	5.43553921413187	5.1850073173913	4.73208231614691	4.97528153776644	4.89084673710294	5.51936480927078	5.39821211669276	5.71195327108845	5.04345445377208	4.87060774821824	5.41189464894296
4.24413780678949	4.05664324326739	4.50536438377609	4.67738419065754	4.58908447238532	4.90359438224265	4.81205062085032	4.63579507149477	4.95561699249317	5.26659873889082	5.14719568679189	5.66220023589135	5.00679598319323	5.30925186044942	5.04133177880472
9.022323272519	8.95736966346612	8.9880283086511	8.97940530681733	8.90057082055104	8.95670571870221	8.86882113801092	8.87022965526837	8.84123897134804	8.77270581890073	8.816674006473	8.75708818380895	9.01933836636562	8.84521159643653	8.92955316296917
9.50370002071648	9.52822394457081	9.31547692701268	9.41033672231712	9.41171658118463	9.39100157354113	9.31673332058252	9.29604569952017	9.32428314720729	9.212254253802	9.20830720109528	8.93783467850477	8.9911306642271	9.29089930855556	9.2135449568423
8.65072829874623	8.38275913511819	8.62800752432751	8.36626908125781	8.40926343480051	8.46242715113915	8.39288185865998	8.4083845753917	8.42588401249241	8.64333837210697	8.69356641270765	8.91145926308048	8.65488916585443	8.47977710947305	8.5639973725832
6.7614827288693	6.73890294534347	6.70363401091237	7.08840862742976	6.91101256727268	6.89245382463745	7.03595768278877	7.13135101815416	7.2053953016247	7.02851770631629	6.97767862965907	7.00921931174154	6.84562913672401	7.06713810624272	6.93441657488821
8.10920822670337	8.24784595385949	8.19186491095931	8.39010223857707	8.11866518994987	8.22995472344528	8.28619395461961	8.27059377664263	8.24983425929308	8.25194413238497	8.25638225571321	8.10077324963098	8.21165477474494	8.35969159899657	8.08072087999198
8.00897295156716	7.92154918788716	8.10421446713734	7.86383779397937	7.9707937955981	7.92288572085141	7.883618139939	8.00027221664414	7.89176652995583	7.78561592778812	7.89067458791677	7.89539941218438	7.65573507326118	7.97392218665751	7.96733119736095
9.71969309426725	9.68362561447772	9.6795767436215	9.67871940134136	9.60760566622844	9.66912912860563	9.54848571490359	9.56508367751411	9.58020295611501	9.56687827047342	9.56264113038023	9.56401984195245	9.69164771586454	9.43776276335889	9.55455179064027
6.85268712782826	6.96576884325922	6.94593697516207	7.41274589912116	7.52163995138719	7.50144639472169	8.06517971875238	7.99741067182324	8.01507357466387	8.3420949572153	8.21494029342773	8.42549997787102	8.32074602065708	7.90408665191751	8.09195785187469
6.88354809153302	6.95455903518404	7.12427421642059	7.5327833455751	7.31490950894633	7.43004847767295	8.07552696114641	8.00407880207388	8.05010026142129	8.37876647909798	8.36281103950907	8.52627774796089	8.343499430761	8.43838048764188	8.21011132957877
6.07619316947541	6.12223158489497	6.2215714177755	6.49841404961223	6.17866360117685	6.26924385455933	6.18401939823728	6.30648744624182	6.20094939659351	6.4262554048793	6.38166094042892	6.38389907340424	6.16250712541585	6.21434021342395	6.40790378874692
8.14679451809479	8.25425997857876	8.04341470843628	8.47324347387731	8.33985586607656	8.3406581878515	8.44796430901824	8.5537658280475	8.5793468419325	8.38514225935854	8.33370771720599	8.3371048619253	8.15952819592282	8.3505315997111	8.41786031577935
8.38019935636551	8.44656216999764	8.37131853728018	8.48702728931042	8.40237235019667	8.39001173127871	8.38814588381726	8.33321185497117	8.48437125132752	8.39430225864401	8.35506027827826	8.27225371757534	8.25192919973211	8.65210060696388	8.32250011336375
4.16260792129289	4.12223158489497	4.38450998890171	4.96689080785253	4.75900947382764	4.83542287960107	5.35394439967959	5.20430705143534	5.45604598300266	5.5549887190015	5.40368724675891	5.89539941218438	5.05375946216382	5.35184373717389	5.05160011425855
5.94579653221974	6.1302243756485	6.09461424290034	6.15131537898995	6.03839187374891	6.15735097448844	6.14244029448588	5.99071157833605	6.15877994234957	6.33552562870373	6.27517250623623	6.41427272244776	6.08925814338521	6.36489988999933	6.16471419431
8.1026653808366	8.22190083513603	8.02668438904643	8.09141947034701	7.98535990873277	7.9726619555378	8.07257817107354	7.95575897950162	8.03685684045335	7.790961228608	7.8730207233529	7.7058271682916	7.86038074828348	7.96794474970395	7.82942084133659
4.79162560209198	4.64160574398855	4.83756081411728	5.17042420193766	5.28952419052642	5.2990790841001	5.31953436889376	5.24347764871601	5.52406440643132	5.76512122367274	5.45205026832032	5.87370434108506	5.07920447872129	5.49172991223482	5.25189876474438
4.88609028609547	4.88776633125795	5.00179020989559	4.82938728410259	5.13657226768782	5.16662878807644	5.32450062178711	5.28161277760279	5.25341681648764	5.48811387528634	5.39821211669276	5.87370434108506	4.87933507401098	5.40337403781397	5.1694366045524
7.40345470866582	7.60192204251607	7.24683137017723	7.48321164296855	7.19925753590376	7.20540711583294	7.50047236305849	7.38156656303632	7.40025820481692	7.87288974905249	7.81256376141109	7.61066993525127	7.44973947904197	8.04864691638686	7.77623490651404
4.54369808864839	4.6303784885653	4.94593697516207	4.4207475560219	4.954733944702	5.04109790599258	4.78348146865355	4.55506379938192	4.67701632926991	5.03393798210054	5.00314931717519	5.85167803475506	4.41118623827257	4.48696066808695	4.83091199913435
10.002836922903	9.95877292691775	9.96625903371297	9.90748470712925	9.93849330369479	9.94394733637924	9.88907574444874	9.92546896737751	9.86765923955846	9.86632169864967	9.89602601723587	9.7965364805626	9.95413210452016	9.71896060582751	9.92676669171976
9.01537330304044	9.07435803116655	8.88288480462677	9.01947532486461	9.04725444245871	9.09067993484315	9.07589513648104	9.01685237825737	9.02223127669319	9.02670641286947	9.01884312428033	8.93259803013863	8.54092718096044	9.04012584088875	8.98552091583621
6.09828694032603	6.01408278103935	6.35622094447028	6.42393583365295	6.33985586607656	6.48113941140133	6.827875588012	6.73533074504568	6.89452239524633	7.11459564544577	6.82281750067164	7.47316641150133	6.54868976202251	7.0084441119837	7.03358227919978
8.39366161617208	8.45930831621678	8.43947644811963	8.53720653260928	8.44993269940906	8.38206844877113	8.44112147386138	8.39395028749215	8.44606189443004	8.43924966469799	8.44343713801561	8.37234204198185	8.76873824289066	8.40527107298657	8.4188521996554
9.33486097720341	9.32473637578675	9.38713386663174	9.40711821559267	9.3919736108709	9.42570809152499	9.45080593893218	9.4251623636208	9.50765810386343	9.37699041702351	9.35187747140626	9.40673904976235	9.38081258922905	9.39193914275169	9.40039103939228
4.17928666243952	4.07332198441403	4.38450998890171	4.13972740471474	4.31490950894633	4.71411658337894	4.21644087592966	4.21748244018307	4.1216269439321	4.70296474761017	4.56874649302941	5.15123831661396	3.88511742660498	4.39830304826655	4.25189876474438
8.57712109018584	8.58893120399631	8.58446815742219	8.5290869688646	8.69760892916349	8.6609459243576	8.73348321773705	8.77819739465755	8.73403073030243	8.61046012002104	8.6371616735773	8.63988185646775	8.26418382588589	8.71259108095178	8.6818866054892
8.84356024218217	8.92786798972628	8.87916171858405	8.80330463685688	8.91239910754365	8.86279385111721	8.77262047602179	8.85292025426447	8.73863916558499	8.79309381590081	8.79287856855096	8.72109392494491	8.86441113705071	8.7493978083188	8.79621928096819
3.96516185708667	3.24508833268051	3.37043480368999	3.40792351566432	4.07846931312425	4.05115157065651	3.79783676163062	3.81116215800533	3.83072574466536	4.44536422782701	4.01750461015225	5.38389907340424	3.48918875027384	3.64087335154063	3.04133177880472
8.64248216278617	8.64927410968695	8.79076660263834	8.68205203170038	8.70882371665942	8.6756424355643	8.683140495031	8.68108111980955	8.67327669922333	8.57309679320858	8.68065755943991	8.63666514378421	9.03924692739517	8.77211788481888	8.61508715084617
7.34736796389814	7.25973510864491	7.41910865042567	7.60338360921376	7.6551736628431	7.75467068172957	8.41923585993131	8.34826358295413	8.46410748497193	8.77540496850169	8.63658052753082	8.71805347062486	8.41218776211764	8.5217687386162	8.73302545448099
8.6067078861742	8.71585094774658	8.5567675616539	8.93316465139593	8.69358242629614	8.61424189090016	8.68217354121404	8.65770984792322	8.68870673979294	8.64923656119266	8.68628430230128	8.7481734590012	8.75340909537778	8.5994951103083	8.52399570367973
8.14679451809479	8.29482577311327	8.12950706597653	8.44919153403605	8.18326550313586	8.09554569001496	8.22044280648716	8.13829541202396	8.2274216079547	8.11203540512721	8.10664695687852	8.11008099185721	8.32074602065708	8.30925186044942	8.15997627530334
5.17928666243952	5.21534098928645	5.40536859379937	5.81973711406887	6.06855384425917	5.99496873526339	6.35637113707413	6.45014319697334	6.44606189443004	6.92535716894662	6.76868406353816	7.04847874218877	6.67922132516473	6.38554704084209	6.73541600190599
6.05827126147815	6.05244325473811	6.01993755660585	5.90890762374612	5.9707937955981	6.09554569001496	5.91111474837943	5.95575897950162	5.99381331605412	6.17471663788334	6.03877322690591	6.39916583005755	5.3287240780806	5.91389184594704	6.08697444436043
8.518522360422	8.55221942563979	8.44787888911533	8.40146849352701	8.55841564276975	8.53854501879549	8.60110472616498	8.59725460964272	8.56500296715355	8.51549526280913	8.46716404168007	8.67166056514042	8.06144019924545	8.46287504956263	8.52399570367973
10.0708958003432	10.0240370800201	10.1458675666725	10.0197387586352	9.9691292113118	9.9818889082194	9.87539282614546	9.87802943120065	9.91502527523999	9.88343691382072	9.86038389767497	9.83913883909471	10.0905099395947	9.80649821554932	9.91099171330284
4.55652212900598	4.74931956128881	4.94593697516207	4.63399159514416	5.17404697310648	5.1850073173913	5.14524982807271	5.12262325384163	5.07703679290803	5.44536422782701	5.27218246363042	6.13309096990371	5.00679598319323	5.44331278318411	5.4894775898955
4.83437524955132	4.78012560806998	5.14922057355081	4.92249668849407	5.19242550242133	4.97925865217472	4.84006499701992	4.77597272954304	4.87604973517486	5.3558660769879	5.26015993538121	6.03876358735555	4.81415090525084	5.13729917766013	5.14086745235563
5.33625600877792	5.26700310910895	5.41225497938461	5.56057052567479	5.74662574937181	5.72671662015857	6.00998999846223	6.00597833498936	6.10268538027864	6.48283893324567	6.38443268967897	6.99923522316892	5.63700956500929	6.01010716120635	6.15997627530334
5.38019935636552	5.02269591134406	5.63464740072106	5.06000021224401	5.51069657370061	5.61593618944003	5.33929762371519	5.48051684601686	5.37416897594826	5.6892898107131	5.61195855985071	5.95859323867157	5.11408999636514	5.49648344220545	5.52675860597496
7.86820012719958	7.87116982072725	7.79998513266771	8.09342321378146	8.02178696664483	7.97925865217472	8.23963050330155	8.1572219153656	8.21865139832697	8.1094706132679	8.2039988918124	8.21732750707174	7.95619358861594	8.442697167625	8.14566843861946
4.19577478522809	4.20023409689625	4.604900057327	4.69860067656724	4.69599967630183	4.6091470237774	4.79067697005776	4.72152494552066	4.75995267025198	5.04113348350475	5.01034481857939	5.35287217778362	4.61282009944222	5.10030497017793	5.22493171714411
4.5307590329409	4.70719408561613	5.01993755660585	4.92249668849407	4.77128780360608	5.28210600549638	4.73208231614691	4.72152494552066	5.07703679290803	5.27272484168766	4.92153555162153	5.58419772389008	4.98542233240067	5.35184373717389	5.20666951075138
3.43678288473188	3.15394044462231	3.8679344631608	2.99288601638547	3.6435322564077	3.63611407137766	3.38755279232241	3.6649414171543	3.52406440643131	3.67548401118807	3.86708776759916	4.63666514378421	3.04861615888786	3.80314478043951	3.49701126258091
5.0672600447054	4.76992984096409	5.2215714177755	4.82938728410259	4.85442903890632	5.38902120941289	4.94698020093643	4.78485088088949	5.23033320337461	5.6284865316509	5.35364656425932	6.01913478060662	5.25025002005751	5.43343127167015	5.27837097610557
4.61898621595263	4.39856281334223	4.97413386699272	4.25878007635851	4.88864475424423	4.76386961857604	4.21644087592966	4.51293832370924	4.63368889760581	5.00479163644103	4.77714564228636	5.5017355636981	4.46622760183054	4.75635056896056	4.84278609942264
8.91500801759726	8.91866783074627	8.81889530450627	8.7103992478855	8.85587101308023	8.75390144948481	8.68507246055692	8.79037210860365	8.59750132502717	8.53218884962837	8.59590532761621	8.65585870901752	8.2491294801636	8.71156934221156	8.68683582146093
9.49456638131752	9.39980313011805	9.55909636771388	9.26501587815468	9.38149937441898	9.33758098432249	9.18128443051604	9.26227394145862	9.2127748319903	9.12352087522525	9.1191813106223	9.29895203896612	9.33110891751942	9.15281421156239	9.32937387953967
6.31377199462654	6.33081820670639	6.4891723502735	6.67738419065754	6.72153476840897	6.93650900471539	7.14244029448588	7.18933947583736	7.26055535178887	7.46556094181383	7.35223146356628	7.52279717922593	7.47871023246958	7.60610793337995	7.55590495163448
4.49123066875426	4.56111582612818	5.11586197660438	4.77049359504902	4.84284106463111	5.1480131099091	4.77624989942247	4.65529124712057	4.95561699249317	5.13154877872696	5.13408018700163	5.78350653211348	4.75853693003984	5.20855786082995	5.11172110669612
4.3656997866704	4.31687901574852	4.75329189721967	4.87669299888095	4.83115925958347	4.97925865217472	4.89451278104229	4.88733383849074	5.02432974257719	5.39008179232582	5.22965784698387	5.5017355636981	4.92495769113678	5.49172991223482	4.97813795231753
4.87589451898959	4.13817312876399	5.05556146633657	4.81002195923566	4.9971692110224	5.25626600056112	4.78348146865355	4.72152494552066	4.75995267025198	5.24183083374187	5.23581007396546	5.44402006584181	4.5340429860581	4.94899564690296	5.26077691609083
8.39901154210833	8.12423393780612	8.38363430144484	8.26590451079189	8.3295139218551	8.40576828425004	8.90574003646555	8.94490788872292	8.9181885859157	9.12182508303366	9.03789326649992	9.21732750707174	9.2165360244398	8.92407197284465	9.03681629768223
5.76424916316067	5.33081820670639	5.74240358107694	5.66126452529426	5.96546035129506	6.11004525971008	5.82962325029827	5.87075095429514	5.85356572102348	5.7432286178239	5.77292105642463	6.01913478060662	5.399113405972	5.50594377145452	5.47429118608083
7.80377752734731	7.7218138748889	7.87418261082598	7.74904517578499	7.82085950621262	7.9201455585065	7.79605014215661	7.83272750784027	7.8220666620732	7.98347291511755	7.95641455619003	8.05331189592471	8.01604829643143	7.98495786008016	7.96461681266391
8.91749542345636	8.82636578659381	8.87355901235467	8.77049359504902	8.76208886675961	8.69500776043123	8.63047615561912	8.71978989414991	8.68658824449172	8.58052381110864	8.65448808328112	8.66220023589134	8.81035733209239	8.67009483561015	8.69094723786813
4.95551168705295	4.53726908417382	4.8878340205985	5.00144802988889	5.21057284913159	5.24754878346002	4.94052517879913	5.16404318122161	5.45604598300266	5.41244960535427	5.34228670209477	5.71195327108845	5.06908026144758	5.30383836426306	5.17883530255466
4.29093201826843	4.34462400623142	4.45289696388195	4.63399159514416	4.56107009621573	4.6885814912718	4.61535870984522	4.87906622250714	4.68552782912543	5.14496929448929	4.95175016466854	5.15123831661396	4.95275614348035	5.14942273674262	4.8068665251677
4.96516185708667	5.138173128764	5.47279652131966	5.21527843772192	5.32327298188096	5.31585479685092	4.93404114522893	4.98301718654605	5.10268538027864	5.33259629766505	5.27815636467506	6.01913478060662	4.76482319288727	5.33070497011574	5.37148038049705
8.99137173640952	8.95736966346612	8.92140787643011	8.87378140346104	8.87163832893854	8.89803485690075	8.79381375193837	8.81820631680038	8.84219093115882	8.72547214701974	8.77186297420567	8.84333069204154	8.60845754685615	8.84753889979796	8.86260465890727
8.7342282944199	8.7851965976174	8.60038457620451	8.88539269383133	8.70001944775417	8.71332541525333	8.61079241260322	8.60979986296183	8.60031743960647	8.55624487497193	8.58148426585679	8.65585870901752	8.40667075715008	8.65635477898384	8.5486733824034
9.12973362403478	9.14903164423869	9.0849497070428	9.09392371510162	9.06606429223347	9.04613349588989	9.06072236698562	9.04483958067898	9.05626651261304	8.99231669366688	8.9804292406751	8.96630133380684	9.1802526756058	9.11506214098807	9.00216118152404
7.53400469244455	7.4377334106229	7.62726787035546	7.59915902335204	7.67817839921459	7.71094930430026	7.76076139215347	7.76142818174809	7.74476093590574	7.89490077995866	7.78450903069984	8.0960967624215	8.143334816141	8.00260829629079	7.83686126546554
8.20088891692473	8.21534098928645	8.24875624710173	8.24081352982905	8.3295139218551	8.29379641601941	8.15573711709934	8.16404318122161	8.14495944776273	8.14246243887871	8.15857474892239	8.30909048575571	8.41068521550633	7.97647638332507	8.23847824898206
3.9261677254708	4.16953729967333	4.2215714177755	4.00995952974442	4.60289027191036	4.64941089399112	4.24814973565699	4.2563016890736	4.2648215797599	4.65686833302072	4.66307387557756	5.07723773517019	3.98542233240067	4.35708038554004	4.63996921642295
8.30619877492174	8.23029133075243	8.10527722596322	8.07122746766726	8.15073959961441	8.17584731810583	8.10901180022111	8.11736113843622	8.08026791417105	8.0826972940204	8.06146581276601	8.21732750707174	7.57307392064946	8.14791285168498	8.03228663920171
6.0446821967302	5.9341592367424	6.21370930000253	6.09242168993638	6.23294066216005	6.16662878807645	6.2559692401163	6.25948996670465	6.36359973423807	6.7432286178239	6.42538231785823	7.03876358735556	5.97190119274705	6.47496812155065	6.5880057948015
8.51524164259917	8.69915676655071	8.64637669330316	8.75221942358013	8.67000446776889	8.72828391530553	8.90283764569323	8.75748715869786	8.81723350833725	8.90725904501536	8.8641121150333	8.48394625025457	9.14574533473168	9.00886005404825	8.73780259474287
7.01013876580506	7.07952713394074	6.94593697516207	6.95371541910479	6.98930709324943	7.16662878807645	7.39110768949904	7.3668600642213	7.42588401249241	7.48019421199011	7.46258093581248	7.67480027267097	6.89087669589366	7.31060206648236	7.22266154351928
9.06164862168047	9.13122036812223	9.02556210579973	9.15707464827864	9.1192656873741	9.11124700491983	9.12759980317498	9.07093377683013	9.11100293134975	9.08051634872087	9.08081959140794	8.99923522316892	8.58111123971488	9.15769897610177	8.98015523771853
8.84028659648235	8.79465692686647	8.64491573617488	8.78482408901206	8.684684363074	8.69099469792461	8.65285939268488	8.67393020038155	8.73043618660763	8.51226269358557	8.63192291237683	8.75708818380895	8.26085196518814	8.88336697893359	8.64506408354572
8.48705015281574	8.54027157233534	8.45039010827138	8.6429119734004	8.58126025593881	8.62606040671374	8.64791526501918	8.62037822206376	8.72166911201604	8.62788926604895	8.6406436423815	8.64629384498199	8.23674575570777	8.65635477898384	8.65604162291993
5.43678288473188	5.46326850273004	5.5245579490094	5.58925328037888	5.76516170080923	5.85277012316497	5.77987021510117	5.82844014943717	5.84978408048105	6.0870493185601	6.11418062956393	6.38389907340424	5.55232833908585	6.01342751949796	6.10187332073977
9.60014227031964	9.58129884059539	9.60677734456767	9.39376545266765	9.5152664066026	9.51376744576109	9.33530506437481	9.44455134872899	9.33379023295167	9.27043060048184	9.28187753011412	9.356787227787	9.23872301794311	9.19107043410111	9.30972339480802
9.80209586840776	9.81246241807602	9.74274508777539	9.93400350889076	9.71638440305119	9.72043035731114	9.70829397225933	9.75183838468061	9.74221335438398	9.57712450666571	9.66592448911296	9.49819520599285	9.60057155372071	9.64060496812606	9.62027049189811
6.34736796389814	6.37857133815476	6.47936917524314	6.60899721567729	6.57163933792592	6.70777505650511	6.96139926084939	6.92797582298809	6.9643872021209	7.078332101459	6.98500197046493	6.85167803475506	6.65404276216873	7.07510441605278	7.12636788266052
4.5307590329409	4.21534098928646	4.39844917985958	4.53130593116959	4.51800137432385	4.73920756434177	4.37803001820391	4.21748244018307	4.41568824538652	4.80793430721172	4.74299741987451	6.01913478060662	4.64725359650609	4.94204288626119	5.23397685674712
5.80243235704856	6.09390286183648	6.00634849185789	5.81002195923566	5.98667683720476	5.81196390677708	6.22443366668319	6.17758971305956	6.09950413303396	6.27577816566521	6.3899602636474	5.87370434108506	6.1360790001382	6.68526747089909	5.98351112441638
10.8196562752415	10.8051481618697	10.7734886112065	10.8005476012226	10.7411742636484	10.7560158520283	10.7141005476778	10.6870132623818	10.7056744022372	10.5918994089937	10.6609322129928	10.527146579689	10.6558407768214	10.6497021109154	10.6271527710959
4.59432416171836	4.71784132981564	4.68669414849065	4.49538635691465	4.81938209180712	4.66258628273886	4.46155337376619	4.62594728553843	4.42588401249241	5.00479163644103	4.84310890466472	5.38389907340424	4.57038483312182	4.82598475679762	4.9995116031101
4.25990512264781	4.21534098928646	4.65220577210536	4.49538635691465	4.74662574937181	4.80008980648879	4.76898189895844	4.73074347555004	4.80751835350404	5.32671973132839	5.29593106640303	5.78350653211348	5.04861615888786	4.88518054930552	5.13121728232192
8.94640564983102	8.96855773846541	8.9159671595826	9.00304776582167	8.9234437168215	8.96004451917618	8.99838337881425	8.95870425791324	9.00192916448189	8.89738091644858	8.90811503585921	8.85997735797355	9.09737547080772	8.95850130899437	8.90073344863192
9.00488516689091	9.06917034114356	9.03228274702568	8.96251236734195	9.08893035946853	8.93921829197337	8.94456295093073	8.91691292775423	8.9244944749974	8.81739463646078	8.87203359020396	8.96373654194753	8.74110712391346	9.15017708710798	8.90922824279738
4.69053947697767	4.68566092406649	5.03785946460311	4.60056859360671	4.72153476840897	4.6756424355643	4.56589003358093	4.78485088088949	4.54292343368263	5.12479141255165	5.18584161469138	5.8293102217266	4.61977286008399	5.04945582868217	5.07192009863814
5.17097139422752	5.29571440575047	5.45289696388195	5.23719321415036	5.68306062059434	5.43581542089184	5.33929762371519	5.14348185873929	5.18302748859625	5.652176637696	5.49371944762139	6.01913478060662	5.33718565682879	5.74040902509154	5.69995132125119
5.45058868425691	5.30280383053679	5.58065251108033	5.00995952974441	5.53969644542316	5.53943805196599	5.2057144693366	5.30030887131269	5.35295249003856	5.853606165597	5.56386427164966	6.4875217044784	5.16250712541585	5.40337403781397	5.63314795056694
4.39455464934259	4.13817312876399	4.45289696388195	4.21527843772192	4.28096217702299	4.43581542089184	4.51466471022575	4.26901274082316	4.2303332033746	4.67548401118806	4.60722064084405	5.38389907340424	4.33718565682879	5.00344343092534	4.52675860597496
9.75871097961925	9.82051181043009	9.73246455704567	9.83178977431789	9.78042845746254	9.79822561829701	9.72576137035932	9.69909842788635	9.73326122452853	9.62160300320152	9.69049000455349	9.46955515794895	9.54321463195636	9.75981442426414	9.59196864037817
9.57002391524553	9.57142609490588	9.51978344368905	9.53867791982595	9.58169604964123	9.60701884070835	9.53167431824301	9.46264616917818	9.50705798112562	9.59067393001507	9.5562025699416	9.26810207430487	9.96799029566879	9.45922727254749	9.55410045478773
4.29093201826843	4.21534098928646	4.6752893852184	4.57784851710662	4.78346251755218	4.7515912887976	5.20032121056638	5.23702262657872	5.29294518067428	6.08007976374526	5.68572261452276	6.23870115786431	5.74905587702896	5.57498541588417	5.81893935746827
4.94579653221974	5.07332198441403	5.18182523898274	5.61737688129327	5.38849064132744	5.34883211929719	5.86754573344203	5.78485088088949	5.88716169029508	5.9825388295939	5.96662344115007	6.27225371757533	5.63013957564225	6.23154950345618	5.87205069392784
5.86046447841998	5.75966150551027	5.85282757077059	6.10041448068992	5.86018830819501	6.06610191212248	6.34174910270929	6.47778187829562	6.65551526005899	6.89390753032157	6.77925330524835	6.95859323867157	6.48157556616397	6.74441095564904	6.66359282094885
9.00254407908975	8.94212680357026	8.93162913847818	8.68138612121503	8.86305934404976	8.78510841495038	8.73907326040755	8.79587228698074	8.73095024150025	8.57371717379904	8.63017242272924	8.64309141294364	8.3371856568288	8.8878966374141	8.70565207113916
8.705009959786	8.70251109273253	8.60940144956194	8.69332573452656	8.69680452711261	8.78661357423233	8.83267657427583	8.79532321179204	8.80459100375252	8.82105696491389	8.74245738803557	8.92470724451916	8.31540269958277	8.9372433519844	8.76457827126395
9.10375791783762	9.1573666939973	8.96362450820294	9.18318104487373	9.07723359995158	9.07043340381122	9.20099647153864	9.04391536857762	9.12866640239192	9.17062155979778	9.12747745217739	8.98665715708945	8.70028294069256	9.27473352565109	9.01468065071472
4.65520640386539	4.54924172583989	4.61687269899308	4.32848904816991	4.83115925958347	4.89245382463745	4.54050471516101	4.51293832370924	4.56153911184998	5.07658231950904	4.83502655836686	5.66220023589135	4.24126123683026	4.98326554898771	4.68023308663668
8.93294529311396	8.88658717709269	9.0289263398331	8.73755970568694	8.78800167716735	8.80974494447209	8.64494063501506	8.76535846839221	8.6876478809998	8.54489990137792	8.60484583365614	8.52279717922593	8.82246181875522	8.87426477182633	8.73461959280992
5.03096391548242	5.00541791991222	5.00179020989559	5.5313059311696	5.11746344474011	5.03097368871888	5.56169004505164	5.40766628060918	5.61598689587235	5.83716501853547	5.64931197433308	6.03876358735555	5.22311389012	5.87060774821824	5.66693626402322
8.8138265234503	8.87295717801664	8.78348192089977	8.85972336247355	8.86305934404976	8.80974494447209	8.83441843387878	8.77485910923233	8.83407917977518	8.84951341096312	8.79340005601041	8.93783467850477	8.55505126227394	9.08815341178304	8.84352499574655
9.20801838098283	9.2011829262898	9.08009305186045	9.19442653246493	9.13775820695796	9.1752728824857	9.10829207207404	9.13482739342876	9.19872129570139	9.03032672854816	9.05669513490317	9.09375282195321	9.02262095035492	9.11583466847153	9.1129473668982
8.89810490989547	8.8549831701038	8.95067489416873	9.00677359902556	8.84211371647308	8.88755264773913	8.7884322286046	8.83004940229883	8.8383793172088	8.69443311398905	8.71849361253409	8.67480027267098	8.9193331419429	8.81936036648637	8.76223559950553
5.2599051226478	4.99670070281111	5.35622094447028	5.41434978482375	5.21956163235885	5.64277780165868	5.04651587448735	5.14348185873929	5.2476804469385	5.17144150585048	5.17947208981565	5.66220023589135	4.9582521312352	4.60610793337995	5.02057321863793
8.60052931124507	8.68294653936945	8.43525680474622	8.77362105138082	8.48483451038864	8.58685895657561	8.57529553981538	8.69115129647714	8.59411471539485	8.46355394630228	8.49243533980106	8.13309096990371	7.92776176401348	8.75981442426414	8.51289087624706
8.79636352109864	8.84287487375925	8.69659989146381	8.79224473995914	8.61486291357643	8.70538977895835	8.72035493047779	8.73074347555004	8.73249130809602	8.55498871900151	8.61373127566772	8.37234204198185	8.40717317576595	8.89556456720351	8.54322581756373
4.46426362115399	4.34462400623142	4.78547230296882	4.02683334830881	4.57514528142745	4.32417006506292	4.55747779376472	4.54464718343658	4.44606189443004	4.75640400657163	4.46781758417863	5.38389907340424	4.37054425377523	4.74040902509154	4.87783304652184
9.01885247283163	9.13370734519196	8.96830478819052	9.03988005542555	9.01082565550399	8.9540291037584	9.03064946902832	9.0088229531457	9.06403945237916	9.10518580156198	9.10454726935771	8.58419772389007	9.28292038846747	9.04337790209309	8.87999546767246
3.9261677254708	3.97022849144992	3.42592991628169	4.00995952974442	4.07846931312425	4.09067993484314	4.63947116596203	4.52358556790875	4.58901984827208	5.15826611710274	5.10076011380161	5.35287217778362	4.75853693003984	5.0364584881533	5.09195785187469
4.45058868425691	4.64160574398855	4.74240358107694	5.00144802988889	4.93303887360269	4.78811716482271	5.21108764143545	5.1365624447995	5.11534068108467	5.65686833302072	5.49884447979926	5.80659014522652	5.06908026144758	5.57947280687648	5.56310045303868
9.62356378205918	9.5772847630217	9.56837418130189	9.5677948524427	9.53655282852604	9.54878167625533	9.43367159215033	9.43858616555095	9.44261384380453	9.35550535813595	9.39889764535422	9.27639344793626	9.61042232817942	9.4172280468941	9.45169226809779
9.11246855586696	9.07124765617617	9.16051173431575	8.88654869953492	9.05794345003708	9.05115157065651	9.0138382137097	9.07591561993772	8.94546489738363	8.94323106792437	8.93009756512496	9.22591500290847	8.6908226114435	8.85773466690385	9.18467854683612
8.9323304646193	8.9134668415893	8.76880127114154	8.90776940274752	8.81271493982958	8.86065176454567	8.96339055866849	8.96847865194726	8.96744422317884	8.853606165597	8.91340227997446	8.82931022172661	8.75774921774024	9.03155413768228	8.89290236823949
5.96996284335049	5.7493195612888	5.97413386699272	6.03102114527224	6.36842501827333	6.22107657209882	6.42964412581145	6.4019070113205	6.4684297074585	6.80370972134999	6.52420005407615	7.17803837595768	6.30087609312749	6.58394628345579	6.76691714512
4.5307590329409	4.48835948369287	4.97413386699272	4.63399159514416	4.74662574937181	4.6756424355643	4.59905689751612	4.50221191711618	4.52406440643131	4.9825388295939	4.86708776759916	5.87370434108506	4.61977286008399	4.96280144642799	5.11172110669612
7.88227531241131	7.86997701781442	7.75193534324959	7.84612129986239	7.82085950621262	7.97398371013405	8.10973116949101	8.21502120266678	8.19574513159098	8.14747180169245	8.18106710937103	8.42176725899468	7.82321498767908	8.29226679210903	8.22038779199916
9.34321100396494	9.32299399025988	9.44704084375869	9.31051397383921	9.42294763669886	9.35391740845698	9.32697735207933	9.35759178718982	9.33040203261349	9.36162534627659	9.36245963406563	9.28052133355893	9.66290533087853	9.27922306500881	9.36840317696804
9.14626440784047	9.10560526630756	9.09568409466675	9.028928766311	9.01857168775462	9.03920501915963	9.04576427507421	8.96847865194726	8.98522070553807	8.92438467478045	8.9995380636228	9.10775967994709	8.84303202523797	8.91166923721767	9.01271110086495
9.46128328505315	9.47272883197911	9.46908620198128	9.43819652677811	9.42877279282633	9.43341532877135	9.35242561330826	9.33396818266392	9.36591838134173	9.28110598247531	9.30802536722007	8.83493477092048	9.32261151741395	9.40874250536253	9.28219124135515
5.16260792129289	5.02269591134406	5.20580410191718	4.63399159514416	4.98667683720476	5.05115157065651	4.92098499240349	4.93596861374162	4.99038241065385	5.33844902391049	5.22965784698387	5.73620081733512	5.15773788126797	5.35708038554004	5.31292819814194
4.07619316947541	4.05664324326739	4.29792230390561	4.00995952974442	4.60289027191036	4.40478852527121	4.27917663127762	4.23053859300852	4.40541990993269	4.77378608479987	4.66307387557756	5.47316641150133	4.17672098463555	4.64943536504405	4.43561071791676
9.15419568147669	9.04717601617136	9.11796963956637	8.95040268506396	8.97677044643244	9.02077792161299	8.92997377563074	9.04252793935619	8.90594883736996	8.85002564070075	8.92487126418479	8.76594816072918	8.88979858272289	9.02581124395379	9.04197569537015
4.16260792129289	3.8971650292602	4.55599045684606	4.04351208945544	4.60289027191036	4.40478852527121	4.02226832824067	4.16404318122161	4.18302748859625	4.68470254121744	4.43610872445129	5.15123831661396	4.20473536080515	4.67482068346396	4.77002975698732
9.59432416171836	9.54251934486102	9.65619964541222	9.4440971282178	9.52572241138789	9.45013272371628	9.30861071985753	9.35237542547062	9.33311322916595	9.30297112855578	9.37610141508701	9.49464613891178	9.58289124616016	9.26918869041957	9.3240892764114
9.74266924511572	9.72610515720435	9.70608787258674	9.59598244583186	9.69760892916349	9.68131755683919	9.61206227893016	9.60855023530389	9.58134365199645	9.58637653735408	9.59829488516604	9.66061746552866	9.68233797152888	9.51826704990465	9.63314795056694
8.58026421787982	8.60335827463159	8.44620231130795	8.47708554017171	8.46796069182424	8.45582009655181	8.36000360657406	8.34451534743216	8.37482698966132	8.19017277995081	8.23504247882051	8.17803837595768	7.79661727546609	8.39703251094015	8.33621505067785
9.53319396185795	9.58239165345478	9.41739828266057	9.50105807844136	9.4532706170396	9.46853529754774	9.43424602777045	9.39757242105661	9.43695374266128	9.27577816566521	9.35964530488076	9.22377291633692	9.23759348565531	9.34560042808482	9.33411352803257
5.91126884909147	5.71784132981564	5.84775658122317	5.83418827036641	6.05355168091992	5.98451437762622	6.08213978421807	6.16063657977836	6.10902690715247	6.5423666346324	6.32218913273772	6.94825129445011	5.76482319288727	6.40842726554025	6.35913198806941
9.06221074716621	9.06709003070251	8.8878340205985	9.01207958161878	9.01663907522063	9.06795985834306	9.04049208685957	8.9468868945763	9.03269321551181	9.00846729458442	8.94143510905924	9.08197565417685	8.62582916000408	9.07669241295597	9.01795727043091
9.02058891642046	9.02000982782582	9.03228274702568	8.8969112782996	8.99782245759951	9.04172831676988	8.85730170194522	8.85292025426447	8.84836340578142	8.90528882273457	8.85064520096389	8.78059493669358	8.71780494304451	8.82504027555872	8.85015808807899
4.98427068003438	4.69646767902307	5.05556146633657	4.79039315248673	5.20152770952859	4.91464957075164	4.83311223637815	4.73074347555004	4.88346720673734	5.26044651190922	5.03877322690591	5.97905734123129	4.75853693003984	5.30925186044942	4.98886435891058
8.79162560209198	8.83739280874283	8.74853836724904	8.80636184300387	8.82085950621262	8.74076135559685	8.7830305559945	8.72383510620786	8.77598278007093	8.77648321596659	8.7505367168279	8.84890095008449	9.00679598319324	8.89601435521679	8.79009967458829
8.00663849306283	8.04717601617136	7.92682815221437	8.09141947034701	7.95473394470201	7.83251128418117	7.98354633016786	7.88630297382317	7.93524085646139	7.62968032157494	7.76549813281931	7.81799490849877	7.65065217296796	7.92186500432356	7.85162797617445
13.1685261754397	13.1080419043035	13.2018351997142	13.113000438735	13.1030397724089	13.0854538097824	13.1081795821097	13.109459410174	13.0978859663344	13.0182140158025	13.0454106067221	12.9280003184002	13.1739927266089	13.0052946614533	13.0588958311531
12.2958995072936	12.2879202482687	12.3057443207183	12.1610805592939	12.2326631941256	12.1867183613249	12.0858005196024	12.1422949437889	12.0726835467884	11.9848729104151	11.9976159021491	11.7696238188726	11.804457509047	11.9247334055945	12.036412441609
5.09389517120887	5.07332198441403	5.34906115289741	5.17042420193766	5.36437818521063	5.33243768104653	4.97882906697577	4.9439173668571	4.96962385048705	5.67548401118807	5.40368724675891	5.85167803475506	4.82622373755141	5.22009948271264	5.32143969799745
5.51113022619196	5.18496734024294	5.59887626969923	5.2587800763585	5.44323360592187	5.87558000607306	5.38755279232241	5.4640287232283	5.48559025861668	5.95232421654689	5.84310890466472	6.64948918414179	5.55232833908585	5.46287504956263	5.58447410383125
9.82281116005486	9.7181727933532	9.76846587766313	9.9454192775497	9.75089465509575	9.82154016636017	9.67222471755181	9.70115166911657	9.74476093590575	9.74212521812125	9.77080411541253	9.73469722674474	9.70314990126308	9.64033653477503	9.53135171727544
8.21915112331746	8.21534098928645	8.46205167902507	8.36128854107233	8.36437818521063	8.36302600087995	8.32944983775884	8.30956683917379	8.38531459634301	8.50512544248753	8.49692472563589	8.49819520599285	8.82057717441027	8.24149426492768	8.57382685963174
9.74652157061133	9.7509403850082	9.76443506235404	9.68803143485705	9.63431907824637	9.68616424126611	9.54583028429768	9.53973838305296	9.57734726428615	9.52290279910539	9.56813711813508	9.48930611415658	9.86148106233774	9.53482489144165	9.64081961140242
8.778002318228	8.77248554586785	8.78348192089977	8.74650073942722	8.79478375043961	8.74076135559685	8.62444817314097	8.6721369185585	8.60481182031567	8.55247312108272	8.62783512770058	8.59749454650353	8.85302379689513	8.75287837705376	8.71617978304307
9.51071843939285	9.4953384037079	9.53445437305985	9.27564351399215	9.4413138517585	9.37508201845502	9.27405159909975	9.30455948251658	9.25841749754601	9.18936341384774	9.24117183500091	9.04847874218877	9.14995407507276	9.22404568570762	9.30811831949962
4.73634316659079	4.97022849144992	5.11586197660438	4.77049359504902	5.00758582696774	5.10039508967636	4.94052517879913	4.87075095429513	4.93434837573952	5.37307536702013	5.10748597698992	5.85167803475506	4.73311433315993	4.87791254884148	5.23397685674712
6.27937498684603	6.34118492226465	6.43947644811963	6.71950966633022	6.38849064132744	6.4996120714728	6.77443632905055	6.5628271995016	6.64027154799578	6.7629468524384	6.76230515097546	7.14219317701096	6.62323671538756	6.90140090176385	6.78241348144316
9.39276802986857	9.34376500350233	9.39280261671843	9.33527821383255	9.32118665463249	9.24645541846574	9.23634043336736	9.2563016890736	9.22158072936564	9.13785519285261	9.22850137795129	9.21732750707174	9.41418872643409	9.28025713150217	9.22946137562462
9.1195074272259	9.13271306876329	9.24393923080395	9.11083826450489	9.06544123239183	9.09372295440815	8.97449131724085	8.99979568648592	8.95517707938079	8.97269424359284	9.01168998887814	8.70582716829161	9.17347598879864	8.83773889580122	8.97881069424666
3.86562618353576	3.80030349000761	4.12427421642058	3.90434934178381	4.07846931312425	4.22107657209882	3.93404114522894	4.2563016890736	4.17095465629567	4.58975413716218	4.40368724675892	5.32116331805628	4.12878650757185	4.52468033403611	4.74493877602449
9.02290092819875	8.98407669761333	8.9960720294375	8.75665166989539	8.96546035129506	9.00211241200199	8.8391977321661	8.84763371467048	8.8383793172088	8.87591110102772	8.81923697577539	9.10077324963098	8.45800709502557	8.90498079203965	8.89004413047272
8.72573766643552	8.79402816458112	8.62800752432751	8.69728374809524	8.72784854234118	8.77680185159488	8.79157388960227	8.69997874625449	8.78244447408803	8.74157320164584	8.64411722762509	8.36846903283463	8.32606962463462	8.76129639156537	8.61248848000085
9.31518755814899	9.41132828731496	9.35040632319616	9.3929522085419	9.36184313792176	9.31272417347225	9.3173562459121	9.31110407431219	9.31162334427988	9.29321046913814	9.35964530488076	9.27225371757534	9.65911375171615	9.29602070208029	9.22322942191311
6.47443542621128	6.59904528176051	6.46288105245457	6.65041714305727	6.59945118794358	6.6527160387148	6.83832994564917	6.941934280578	6.89268573676672	6.83509663819424	6.87104578116784	6.94825129445011	6.52851188008488	7.04621745461563	6.96189731131031
4.79162560209198	4.82020304744531	5.0643316759643	4.94929674783779	4.91101256727269	5.09067993484315	5.13397871573768	5.1365624447995	5.24192117764982	5.33259629766505	5.25411089070841	6.15123831661397	4.92495769113678	5.22583585226178	5.24296563997437
9.8513868167525	9.85347517891299	9.79735727212168	9.83897333293179	9.75553728192083	9.78058349213731	9.78415757350427	9.75494794705811	9.7227033020538	9.60014427556605	9.65017594983004	9.43848895986858	9.69741027147826	9.7207390449514	9.66818806023268
8.8974750495751	8.92729469544459	8.94237329683899	8.81973711406887	8.83481999496779	8.79710594804997	8.73953812106596	8.8262916828586	8.80946662529356	8.70749440609069	8.78712973085898	8.79797701492182	8.84525840691575	8.72124676800465	8.84868670086232
4.17928666243952	4.23029133075242	4.39844917985958	4.5194318308813	4.45850036257518	4.72671662015857	4.65532511716287	4.23053859300852	4.58901984827208	5.00479163644103	4.76017256368264	5.66220023589135	4.73951210435808	5.02991564228653	5.02057321863793
9.12866058936955	9.15589929766037	9.1717152113379	9.13584397022751	9.21169951458588	9.1850073173913	9.08250627603787	9.02390024298662	9.09910598344102	9.16610350757863	9.1049674514026	9.13992300338614	9.49155965473659	9.09678762985568	9.25745400857755
9.45786963059827	9.49379044750694	9.46660734391286	9.49652248641888	9.40828100708744	9.48763178191198	9.44739531076953	9.3884999786264	9.44261384380453	9.43447591168427	9.44110940550966	9.305043652693	9.51715293058841	9.42004550582752	9.42281292977764
8.62051368569922	8.70986327239211	8.56451567394469	8.68138612121503	8.5847429252001	8.55806517568835	8.67295501118466	8.5413765063593	8.64736902135735	8.66911192877547	8.66421479698213	8.22162764450536	8.62841695449324	8.82645676564884	8.67110470101992
9.79805187125141	9.78234635953349	9.81272785090691	9.69497622668792	9.75011942937001	9.70578759918448	9.58023494562725	9.5959940634368	9.5690336483969	9.51096763511361	9.53640116910415	9.54183722216643	9.85725862680593	9.54976630006029	9.63996921642295
7.30809581009434	7.44255579407974	7.39671412848883	7.44919153403605	7.45850036257518	7.27783135039605	7.5092226251575	7.47229633921189	7.53470292687766	7.45886007031123	7.50395137023234	7.9688615741254	7.18260234231556	7.87700146889905	7.4838014053633
4.67885767193003	4.47586853950968	5.03785946460311	4.7604399303851	4.954733944702	4.89245382463745	4.72458777959998	4.75805082154577	5.04432121776466	5.3957063415197	5.16664804945807	5.5572306762898	4.57754462469469	5.04297179511198	5.15997627530334
7.02866479939283	6.97910664279638	7.15333668202304	7.15515744528434	7.30015574225631	7.28210600549638	7.38160842857316	7.46126228893692	7.51931087646068	7.55875391045805	7.47433677756217	7.57750307131606	7.59264221750459	7.12353727641564	7.34876030399697
6.91873751999532	6.94326144384966	6.79340648451104	7.37040643723615	7.11264642844234	7.08335039304466	7.40641181957373	7.36241872143952	7.40025820481692	7.36162534627659	7.29150787936884	7.42176725899468	7.55595776248654	7.67691610146616	7.32143969799745
9.62850647645276	9.65447926881821	9.54467514361822	9.58854311790286	9.5623954936823	9.60147082750176	9.49552691720724	9.47160917795057	9.53116546280646	9.38443522918467	9.41118178330584	9.43664053547622	9.30222731083503	9.3973502501862	9.4560472119943
5.78073728594924	5.76992984096409	5.79604154467901	6.52240953068119	6.31490950894633	6.3810724562974	6.9898121165246	7.05450822891702	7.08188076513935	6.95613583049691	6.96291947238666	7.14219317701096	6.53035793925025	6.81460996693296	6.81593060759594
7.80108593134104	7.9680003905578	8.01768158266548	7.94708232677235	7.93849330369479	8.05240336686597	7.99059342986127	7.82629168285859	8.0201297540479	8.11032605061338	8.05626065363475	7.97396846455848	8.40163692426608	8.17411036863542	7.98485129640396
3.64323376219931	3.78012560806998	3.82729247866345	3.81002195923566	4.60289027191036	4.12915408265778	4.40641181957373	4.26901274082316	4.47580923782409	4.91364374838283	4.51916446417885	5.63666514378421	4.29437257328982	4.41848093020418	4.73222772427494
8.09499436748368	8.23493171764433	8.03228274702568	8.23809914513202	8.15777143339365	8.17928913693321	8.3108020765306	8.27532651475535	8.33818303070822	8.29997487609586	8.34086040930347	8.13309096990371	8.51878112347161	8.21145193409913	8.2440853102214
9.59820550664994	9.60228123461076	9.62948569560528	9.6205067500315	9.5152664066026	9.54211383951676	9.51112969092216	9.44804879296522	9.48131921921637	9.39289680793287	9.46356425633735	9.25976277339213	9.52804999596347	9.43528921789073	9.51752827992142
4.32130566731195	4.18496734024293	4.62874679928137	4.35545609577018	4.67000446776889	4.7515912887976	4.4883534331099	4.3668600642213	4.42588401249241	4.86581522329221	4.93672195543621	5.80659014522652	4.59175848391439	4.91389184594705	4.84278609942264
9.14520360261555	9.14755574125484	9.08817841791867	9.1808271611065	9.12166518071873	9.0815121744385	8.99098392791234	9.02530569369776	8.9865128641922	8.9736347227923	8.93908045692745	8.93521873029776	9.10761289390704	9.04215923804127	8.8957549545191
9.02693805467336	9.05244325473811	8.98283356194311	8.89633752802722	9.01663907522063	8.91533771531079	8.95860681831127	8.88733383849074	8.94324843506276	8.91315361926621	8.94378592437634	8.45136204118298	9.14122230341416	8.94726059553221	8.82568618990886
4.88609028609547	5.01408278103935	5.21370930000253	5.13972740471474	5.42002621476054	5.47368360648228	5.15643356656538	5.45293101434497	5.39507796571124	5.54995312910421	5.65850114578774	5.85167803475506	4.96372726130135	5.43838048764189	5.47429118608083
9.13882233880575	9.11116868966111	9.10261885955619	9.05846243092141	9.05731687237646	9.09615275715663	8.94657760708956	9.01166197349294	8.97744335494635	8.90824314808277	8.9023249476557	8.76004755928949	9.08077998946091	9.04012584088875	8.98685922302021
9.21410143303468	9.27873607057496	9.25403645444316	9.36419594533434	9.24509672446599	9.30644247251358	9.20268324250232	9.15679451348397	9.20613495559676	9.23713913841715	9.25638225571322	9.11008099185721	9.57977479215207	9.13958011891136	9.14806295375984
4.63116092989874	4.45055745098048	5.09032688449725	4.83897333293179	4.93303887360269	5.00016764193771	4.4883534331099	4.684050240102	4.84599250131867	5.0974409244067	5.13408018700163	5.66220023589135	4.76482319288727	5.27646192533175	5.05160011425855
9.12812377260396	9.21815600489351	9.07738782878975	9.16852466902218	9.17346885446886	9.20596967970861	9.25010858869505	9.20884967589826	9.25913046768204	9.2554284371426	9.23925920706482	9.34106287549399	8.94620234720629	9.31228804895879	9.25689944580274
5.79162560209198	5.72313562948515	5.82213077354767	6.21895409586532	6.36842501827333	6.4996120714728	6.53623006006069	6.41626230429757	6.60031743960647	7.24650732095135	6.99772904139093	7.34501006001065	7.01999548094809	6.43343127167015	6.82792814069552
8.59898052414958	8.59976500990758	8.69165552173508	8.59562906063943	8.58300264146569	8.59633057845036	8.47445720699683	8.43400785448752	8.4727390195109	8.48613803150676	8.52921812884277	8.52627774796089	8.78197049950169	8.65210060696388	8.50357110843049
9.54651310425545	9.50957880651269	9.60790254548853	9.52686458838782	9.56636439588524	9.51376744576109	9.63573005821895	9.63977661218801	9.65443174889962	9.70664617772276	9.7275267387814	9.92338790739851	9.81130666096845	9.71105820135913	9.7242260673742
4.3656997866704	4.61906317533746	5.07304889306541	4.79039315248673	5.12704949356931	5.00016764193771	4.93404114522893	4.74900568194277	5.01760387938888	5.21663027961673	5.05973284554155	5.89539941218438	4.70069285546755	5.30925186044942	5.23397685674712
5.49123066875426	5.65274630159375	5.6810030364128	5.82457026780481	5.78951156222498	5.92562068857265	6.20840355686424	6.18431557624787	6.0509239525889	6.37592372932916	6.26015993538121	6.5017355636981	6.37260377595352	5.97306978188182	6.18351178976413
5.20394871667379	5.039769424703	5.47936917524314	5.46475473826099	5.48110179151231	5.48855688296381	5.61535870984522	5.80681013346563	5.79577314583094	5.95613583049691	5.85114622373013	6.5572306762898	5.50804777752516	5.8996076199408	5.88932868535967
4.14573410272849	3.69646767902307	4.59282722502643	3.84849610705029	4.48855759643136	4.27354399199296	4.05848851615342	3.77597272954304	4.15877994234957	4.54995312910421	4.20478317834483	5.03876358735556	3.98542233240067	4.35708038554004	4.57026024461155
4.19577478522809	4.08981010720259	4.18986255804816	4.47093331319011	4.60289027191036	4.6756424355643	5.12830996565099	5.03603556884554	5.12788593440379	5.26659873889082	4.72561534164627	5.07723773517019	4.68088437438738	5.17929326632475	4.91204876185975
7.05375578035566	7.1202264490046	6.93162913847818	7.41755221686209	7.17173310726824	7.16662878807645	7.34663959905636	7.27375065982982	7.33953197427624	7.32671973132839	7.25411089070841	7.61721278111803	7.00414152974726	7.4689342564571	7.28708819320668
9.4419755539522	9.53952153590519	9.37308438210393	9.41875129855535	9.43312627655502	9.53138078288929	9.47891857905892	9.33018257293243	9.43411534293316	9.4571799780742	9.4424399982172	9.15349076834535	9.21251737270241	9.40337403781397	9.35706360772818
7.04240485601913	7.14410608451773	7.14509268792813	6.96031815392904	7.080937568715	7.19863918297907	7.13821570862416	7.10145864384359	7.31916417658228	7.21185577429638	7.07182012784028	6.989181558505	7.64980327912712	7.02334298836304	7.02318443209446
7.32318295455262	7.34634047882044	7.47114866843818	8.1063801475263	7.95203983553275	7.90775001173396	8.57425350651555	8.59725460964272	8.55806691994317	8.71931753405961	8.66250307634524	8.89000615341416	8.57575800522068	8.64301862337218	8.74256396883659
7.77114212916806	7.61194577046831	7.75600118447766	7.59492203046557	7.78042845746254	7.79561170136964	7.71137792238237	7.85923863680551	7.71388896531133	7.7432286178239	7.87991180795674	8.25976277339214	7.91227147810871	7.62685078467376	7.89361604376277
8.59665422151027	8.47743583465663	8.78148878905033	8.47478152843759	8.6216600759302	8.58685895657561	8.46549285945425	8.65468596284868	8.4959104438806	8.51290978713349	8.4982048455432	8.61721278111803	8.76089748967347	8.36619903015096	8.52859760563874
8.61822187419123	8.45454169830946	8.56837418130189	8.49538635691465	8.59686648428258	8.47461769200593	8.4279146210598	8.49546718748284	8.38596754726652	8.43652374033313	8.45732521036098	8.85167803475506	8.40163692426608	8.78722988184454	8.53410058131613
5.68471039817547	5.56701642756787	5.82213077354767	5.89977661199399	5.954733944702	6.01050958615916	5.89116933796793	5.95968468271542	5.89084673710294	6.41244960535427	6.26015993538121	6.76004755928949	5.91368657880175	6.60170275425995	6.41189464894296
9.04411319848149	8.99779323981213	9.00919012177184	8.94486450152253	8.92481836679772	8.90844145437403	8.78528371128754	8.8465740781624	8.75389515943162	8.68240342512786	8.73106977173838	8.69349636638088	8.86074761288581	8.78722988184454	8.88932868535967
8.91189271722698	8.97965971738275	8.91050584691243	8.83178977431789	8.86806994957571	8.84556743700662	8.86712034790426	8.82790333267158	8.83694736171567	8.79309381590081	8.80585953646653	8.29283459499779	9.05536299132845	8.8031447804395	8.66860508438384
9.73915818219784	9.67682043657261	9.7444514097258	9.63399159514416	9.61826549779727	9.64069869041703	9.5503416124831	9.5663715107091	9.57075764187936	9.4976258243018	9.58238981774815	9.38581627639853	9.74210311638718	9.64221452021664	9.55364897769411
9.70356942542678	9.67750240067932	9.70993552802529	9.60338360921376	9.60674946736599	9.61169670639842	9.55853201013673	9.58109955070852	9.55080623506158	9.4702331019399	9.49916419061295	9.40862615930662	9.36719124689693	9.75014435169427	9.55455179064027
9.7356385536142	9.70184085112192	9.62689790111612	9.70221604363748	9.67532278813488	9.66831289376581	9.52413924027745	9.54333980224979	9.58219858241607	9.40200785863262	9.44642442894099	9.2450519900167	9.46188140427811	9.55490248245037	9.54322581756373
9.46085701971074	9.46405923722004	9.48550396141525	9.50105807844136	9.40729790991762	9.39544747857233	9.34174910270929	9.36056411899761	9.37087439803582	9.26889907694005	9.32255048403351	9.20434965307353	9.52063966806473	9.29329155481878	9.3435463661178
9.16574990810477	9.12573388080128	9.14198900431974	8.97506473929823	9.09748874497885	9.05552811368183	8.89659850504428	8.99597776817204	8.92134497576241	8.9229247032871	9.01616485301444	8.98918155850499	9.27825901109761	8.73840388920116	9.00744578465231
9.08672990890363	9.07384010079269	9.09728738622745	9.01472527288085	9.02563586632446	8.94057103003862	8.87771753849932	8.92546896737751	8.79969884904474	8.79362647052783	8.88187465865529	8.83493477092048	8.98070433460271	8.82267636377162	8.83016661289153
9.35518746835744	9.34204546212964	9.30857296564352	9.15323769112098	9.26639754926645	9.22940143674976	9.17957243904792	9.21789223852154	9.1920162718235	9.18449765867592	9.18703277620742	9.03876358735555	9.34821669395309	9.16107107356427	9.2334131938992
8.70716806795341	8.74477154343261	8.58599159477694	8.7246899054359	8.66918452171619	8.71253381301625	8.59341033437498	8.5959940634368	8.58504469705167	8.50512544248753	8.59650308815548	8.66851400982355	8.19079616984727	8.60885435537991	8.52215082485942
4.93601551142715	5.01408278103935	5.36334537890366	5.10836323380541	5.23737290847531	5.16662878807644	5.04049208685957	4.99071157833605	5.00405734755093	5.3957063415197	5.45205026832032	6.13309096990371	4.7958500885079	5.49172991223482	5.31292819814194
8.7977143592506	8.87949194127903	8.74240358107694	8.91231690861167	8.80527067645547	8.83977928464521	8.83615819295713	8.79532321179204	8.85309355769382	8.75913379932721	8.75910508672614	8.78641226328889	8.39506657290929	8.96022290232622	8.75439910527356
4.84486762336896	4.51302153792714	4.78547230296882	4.70909305038488	4.91101256727269	4.92562068857265	4.81910537838428	4.91993850392267	4.65117632433465	5.14496929448929	4.86708776759916	5.68729121685418	4.58466905912807	5.01010716120635	5.04133177880472
4.73634316659079	4.48835948369287	4.75329189721967	4.58925328037888	4.8773294410164	4.93650900471539	4.33929762371519	4.55506379938192	4.72734800482006	5.07658231950904	4.84310890466472	5.5297499398677	4.54868976202251	5.24290936562073	4.97813795231753
8.22819626292046	8.30103473768374	8.23328483833929	8.61668043182722	8.49504996694202	8.4213546077963	8.73394988280367	8.68523617937214	8.80116823811173	8.73437770024164	8.71188835853476	8.54011665542595	8.79661727546609	8.89331352127812	8.65940259133782
9.62089530057802	9.65066398940995	9.63059333100778	9.78327330412568	9.7466257493718	9.74541271386848	9.7884322286046	9.79009654847658	9.74857389303906	9.70154630777426	9.78660597153542	9.71195327108845	9.73251308495748	9.6868279848867	9.76184478410536
8.80108593134105	8.84165843604731	8.79010587670927	8.71561224376842	8.75128211180303	8.76539708832263	8.66220681013366	8.76255221378071	8.7564222139241	8.62549772792835	8.64353887723013	8.78641226328889	8.39607934588236	8.82172971344835	8.75046483765709
8.00195821307525	7.96129536667991	7.92201113591659	7.78172085047227	7.97212408157608	7.92698623059688	7.94133363779529	7.90066847699235	7.96875239468231	7.99741210607543	7.9023249476557	7.91677306297695	7.71780494304451	8.02169513548156	7.99153354568657
5.8552842393143	5.57289299390454	5.8679344631608	6.1666226317778	5.92756374353653	6.0857977134634	6.34419642312803	6.45014319697334	6.53823173835791	6.95423128231155	6.64469534626271	6.90612581877744	6.31379583655321	6.78965254411139	6.69668360741728
6.30239720476188	6.25973510864491	6.46619378649541	6.45854958873428	6.34807637288153	6.3569600001806	6.66122571860256	6.57054904687934	6.54292343368263	6.78668657350768	6.61903639109124	7.16916022461123	6.21395389083452	6.88155112590482	6.45894322174739
9.08672990890363	9.17871877624145	8.99263021061011	9.27828823524772	9.13062790393856	9.21382262700341	9.31548666244412	9.2280995475571	9.28911054136227	9.34427810271269	9.32543804074606	9.02406707614885	8.95688009590507	9.33932998340262	9.25134206203985
4.73634316659079	4.56111582612818	5.01089241700284	4.43345860777145	5.0179277711892	5.01050958615917	4.83311223637815	4.56540574360338	4.74374244307073	5.26044651190922	5.10076011380161	5.07723773517019	4.42712778214159	4.94204288626119	5.23397685674712
7.98545661930452	7.96911487113922	8.06760680799716	7.79778528671676	8.02563586632446	7.92425385280875	7.79157388960227	7.77708549091011	7.85733747491269	7.91853590309061	7.75589790858232	7.94305238777579	8.06462847687649	7.67167183890897	7.9454717633972
4.39455464934259	4.18496734024293	4.38450998890171	3.99288601638547	4.34807637288153	4.64941089399112	4.11690520237875	4.20430705143534	4.21865139832697	4.86581522329221	4.76017256368264	4.78350653211348	4.01736522490342	4.99674877835133	4.69340847538442
6.95066228739155	6.99012804888763	7.04673761594956	7.23719321415036	7.21731968157218	7.15967602743468	7.71516452571336	7.6923314151858	7.79282184229734	7.88393724156664	7.94237589490339	8.13309096990371	7.62841695449324	7.92803602826731	7.82643389401519
9.23967202321745	9.23168501468714	9.07792927936502	9.32209505761419	9.23958393579066	9.24262210238009	9.42184497455141	9.3233433421268	9.40767236166407	9.39008179232582	9.39855492174152	9.28669110079914	8.90339551162933	9.41879398109852	9.42380141562713
9.44628854682329	9.46089369554213	9.36689444598473	9.37946706961509	9.38599764772128	9.3467929740236	9.40289447925149	9.33018257293243	9.38922787643011	9.41522135460433	9.35470697962561	9.08433879154533	8.8890793927574	9.45190393174163	9.28925929224831
9.49206532023307	9.48446766843587	9.54663240214782	9.45426801390693	9.46371121882289	9.47087771572898	9.26665232188343	9.35237542547062	9.32768573142813	9.24222112051306	9.28336331298581	9.26185212211487	9.45339279839326	9.38682772893409	9.30436618463851
7.49289948911487	7.53426033430148	7.52931670552054	7.39335888790777	7.39841975857117	7.4792790693758	7.39819131276876	7.28318007274974	7.41568824538653	7.28034606934693	7.28410563100624	7.17803837595768	7.01209028286275	7.62793429583313	7.40990059881087
8.89684491414648	8.92270012136734	8.86228790001966	8.91741577720918	8.90893025508888	8.87981699895953	8.86712034790426	8.8465740781624	8.92314553142938	8.80846151169077	8.87450015780921	9.03143404555706	8.84859155057987	8.95289189994419	8.92117755139901
8.99961236696345	9.08055873573005	8.9983620220467	9.01894831297166	8.90823548260211	9.01629451499201	8.96259436933212	8.87699189426928	8.92584215845914	8.93069420057535	8.97905459069889	8.68105926314266	9.1011065807517	8.86372574260547	8.83240161727483
3.84486762336896	3.82020304744532	3.82729247866345	4.31481411127283	3.97610759549457	4.25626600056113	4.91441233848	4.75805082154577	4.79969884904474	5.27882504122408	5.2419361767623	5.41427272244776	5.24126123683026	5.45312707301107	5.29575305433381
9.10484962809848	9.12323310874005	9.0686968685257	9.12462051232453	9.14071879704042	9.19183935087373	9.15747761078479	9.06684488876225	9.07501366112103	9.07920619723907	9.01661157698175	8.95084373906664	8.85486655489364	9.03523396265252	9.0693956972226
8.7356385536142	8.73366629697732	8.648565358766	8.76421826962253	8.84065791913372	8.86065176454567	8.85515834240541	8.84285920935014	8.83503587413443	8.83406133492707	8.76709197762244	8.80944979936576	8.53220163923394	8.84054569637699	8.86842491910942
3.84486762336896	3.83983185419425	4.12427421642058	4.61179584902996	4.22849475712886	4.35696000018059	4.74695559262844	4.66494141715429	4.57075764187936	5.1516330247703	4.77714564228636	5.5017355636981	4.66752599153236	5.06873489117706	5.10187332073977
8.61516045120502	8.63600303775918	8.5237632946016	8.62985582057495	8.64102540079713	8.55099745773972	8.65433933301732	8.60792501534139	8.641912528314	8.62549772792835	8.59111430605786	8.12393097061824	8.73511668607108	8.75535936655752	8.57115272533341
4.60670788617419	4.68566092406649	4.99263021061011	4.54308309894595	4.77128780360608	4.8812265692142	4.62344105614308	4.72152494552066	4.71908038883646	5.21663027961673	4.89067458791677	5.41427272244776	4.41118623827257	4.77993738927818	4.84278609942264
4.50452749136772	4.20023409689625	4.3273660817981	4.02683334830881	4.75900947382764	4.11004525971007	4.19490771438002	4.354985963933	4.28736414841098	4.71200988721318	4.75161055017922	5.61066993525126	4.07920447872129	4.81079835298294	4.63996921642295
4.97474790591587	5.01408278103935	5.47279652131966	4.89518934249834	5.36437818521063	5.3074913239163	5.00381142353311	5.21090978625958	5.2476804469385	5.5650074748265	5.50904024690514	5.71195327108845	5.13365226274366	5.35708038554004	5.37965431194275
4.59432416171836	4.65274630159375	5.09032688449725	4.78047768362164	4.86592467774415	5.10039508967636	5.00381142353311	4.93596861374162	5.03768812543221	5.26044651190922	5.14719568679189	5.87370434108506	4.68751746671982	5.33070497011574	5.32990127674565
8.78619171604135	8.88067690647163	8.68811342557598	8.84908919854514	8.82822396855893	8.82007102668037	8.87475816301877	8.81495943986902	8.81820143527117	8.78508030682749	8.8238388777344	8.76004755928949	8.48728921735836	8.87882305378864	8.77700867700235
8.74757042201404	8.863998165325	8.6958945895476	8.87611114969343	8.85875064485641	8.80752256399531	8.90449686961492	8.97963794281058	8.91502527523999	8.84951341096312	8.84159690972364	8.92470724451916	8.67129555540375	8.97732677830453	8.83686126546553
5.6067078861742	5.52519625187324	5.62874679928137	5.7246899054359	5.58908447238533	5.58858570129508	6.0762632178814	5.83272750784027	6.0310243951512	6.18124468088083	6.13078259690106	6.16916022461123	6.20704552149235	6.32804071258868	6.04647508208068
8.60593700983157	8.54102121903492	8.74649633571082	8.49083287062782	8.72706083004157	8.63778289173829	8.45023806053835	8.48801138256379	8.51931087646068	8.4688997422878	8.51347833666576	8.59749454650353	8.52481266000457	8.28678906349365	8.56489373486173
9.90970799743983	9.83127709360374	9.87199883588501	9.67604774309473	9.71201199429047	9.77452810007476	9.62595753164749	9.70290926735331	9.64709668628511	9.58821984472693	9.62109423459577	9.65426896225513	9.79316171682987	9.57638922551219	9.65098544353589
4.93601551142715	4.75966150551026	5.32736608179809	4.96689080785253	5.18326550313586	5.21214344732882	4.97882906697577	5.11560282616386	4.96263742017095	5.61408346652392	5.29593106640303	6.13309096990371	4.94723913851278	5.05591085081947	5.27837097610557
4.63116092989874	4.74931956128881	4.92682815221436	4.93148547172133	5.22849475712886	4.92562068857265	4.86754573344203	4.89555434529571	4.55226129826197	5.3208191298887	5.07353864506658	5.91677306297695	5.06399138477478	5.12507287532687	5.22493171714411
4.11138259793771	4.24508833268051	4.68669414849065	4.90434934178381	4.70882371665942	4.51058318929381	4.90117651132331	4.96750418717473	4.81529570409576	5.6380093057694	5.31929505946854	5.76004755928949	5.1239042861921	5.24855592876187	5.32990127674565
4.50452749136772	4.30280383053679	4.62874679928137	4.48321164296855	4.61656520880743	4.52508275898892	4.59905689751612	4.39031903704528	4.35295249003856	4.97504429304697	4.77714564228636	5.32116331805628	4.4191790290261	4.81079835298294	4.73222772427494
8.9323304646193	8.971341252817	9.08009305186045	8.98157070315763	8.96345521540469	8.84773202111994	8.83180485519137	8.82306297198272	8.84361769413077	8.84438108594572	8.83907339142956	9.02652691483665	9.27688514656098	8.69098112209348	8.90569482187635
9.86401513362977	9.81865824052944	9.83115167411908	9.75412062531482	9.7290293049559	9.77755897312414	9.70663064912586	9.6929211127378	9.69398940787363	9.62759054049847	9.67472576530584	9.50879032123205	9.8458144659093	9.59063059676101	9.68436333578141
4.66708050415367	4.8971650292602	5.0289263398331	4.80024093844307	5.19242550242133	5.24754878346002	5.22708812012917	5.36093523026419	5.45106257548841	5.61408346652392	5.41998905908801	6.09609676242151	5.21395389083452	5.64943536504405	5.53410058131613
3.46426362115398	3.46326850273004	3.65220577210536	3.99288601638547	4.17404697310648	4.12915408265778	4.68651973876646	4.65529124712057	4.68552782912543	4.98999463451294	4.97400297151567	5.47316641150133	4.83819637921749	4.92098127073336	5.197450980722
8.87845022389334	8.87474232368581	8.94771551868819	8.85854565217069	8.83262466858797	8.85993702832056	8.79739031414419	8.83379735960668	8.86812666060285	8.82575205326237	8.86262198402712	8.83493477092048	9.10017470750956	8.82975651068683	8.88359231581053
7.36022465660425	7.38860170329202	7.3273660817981	7.57067448421889	7.48483451038865	7.55718360215594	7.6651460879739	7.60354087249015	7.60031743960647	7.60197008687182	7.59171405457654	7.72412798503454	7.51365774586774	7.64301862337218	7.53226858736724
9.45573198753287	9.43652529188582	9.37924787349629	9.50407390403059	9.46418400107876	9.50282060823174	9.47947528176345	9.44804879296522	9.40541990993269	9.39780990695807	9.38304748069988	9.23657798597134	9.19458468541322	9.43343127167015	9.41984340205845
4.95551168705295	4.97022849144992	5.08171375419253	5.31481411127283	5.28952419052642	5.3074913239163	5.88781812846829	5.684050240102	5.82688367837097	6.31192272940031	6.12416471813655	6.32116331805628	5.63013957564225	6.09717886919121	6.14086745235563
4.87589451898959	4.82020304744531	5.29792230390561	5.10041448068992	5.38849064132744	5.49593641332941	5.30955028032114	5.41911630135272	5.45604598300266	5.94467064400345	5.85514815428763	6.27225371757533	5.4546085185637	5.76425576704591	5.69340847538441
4.45058868425691	4.31687901574852	4.45289696388195	4.13972740471474	4.7341348051886	4.40478852527121	4.47947528176345	4.45849053968687	4.41568824538652	4.69386254050292	4.60722064084405	5.18686222634469	4.46622760183054	4.41848093020418	4.73222772427494
5.43678288473188	5.34462400623142	5.64637669330316	5.67738419065754	5.91101256727269	5.80603907281998	5.84352885232349	5.82414001200355	5.92718858416666	6.37022136996497	6.02817811166671	6.67480027267098	5.62669227402378	5.95591506084275	6.32143969799746
8.83042085226269	8.8349496328145	8.81759908245961	8.77362105138082	8.77586536971262	8.79111965298424	8.7520330720175	8.67929671013136	8.72580143146392	8.56563134296201	8.64585088900842	8.56062925275167	8.70845918836813	8.68890604796243	8.71375712077622
8.66486154184868	8.69848496442407	8.54349951266286	8.75412062531482	8.55486875704741	8.5650984378368	8.52062738842976	8.55051578152572	8.59919165332937	8.3985104143964	8.43075548995708	8.25976277339214	8.16547991657876	8.64836788808755	8.32673399766697
8.83108067163888	8.81401387003852	8.7774942455453	8.66193978626652	8.73020910197481	8.7188545023856	8.53623006006069	8.61540983130442	8.65117632433465	8.52514973810364	8.60722064084405	8.78059493669358	8.5473229262586	8.69822046723806	8.67276870932538
9.8659481777433	9.85618842918884	9.8058803759981	9.88220889367276	9.87874871810173	9.89175467510068	9.91461818781201	9.905255746488	9.90981330288005	9.86175700671786	9.85639648441734	9.965019507831	9.74984834891974	9.74116023314855	9.82830146067196
4.05827126147815	4.00541791991222	4.05556146633656	4.00995952974442	4.41220671030125	4.35696000018059	4.11690520237875	4.42480741343058	4.35295249003856	4.59953515795477	4.42538231785824	4.91677306297695	3.99614873899373	4.21434021342395	4.58447410383125
4.55652212900598	4.61906317533746	4.87791855173342	4.95812059822479	5.05856975568654	5.01050958615917	5.18401939823728	5.3668600642213	5.51931087646068	5.87389756959007	5.69021000551508	5.91677306297695	5.60933111336234	5.91033402653386	5.80079201075801
4.22819626292046	4.12223158489497	4.66379374638057	4.31481411127283	4.60289027191036	4.43581542089184	4.47054215699344	4.37863723199765	4.49530541344989	4.68470254121744	4.81050423923279	5.11471244058885	4.19545754721713	4.67482068346396	4.77002975698732
4.76976616812824	4.87830600200888	5.03785946460311	5.16281101782778	5.10781327470639	5.16662878807644	5.23765736183936	5.17083234688425	5.45106257548841	5.72547214701974	5.56386427164966	6.15123831661397	5.26362904985871	5.16144526499183	5.57738467904493
3.64323376219931	3.65274630159375	4.26786507004943	3.9581205982248	3.9971692110224	4.34065818785149	4.07036261644171	3.99071157833605	3.96263742017095	4.37876647909798	4.26618372300898	4.78350653211348	3.713749008293	4.41848093020418	4.63996921642295
4.51770288011545	4.30280383053679	4.75329189721967	4.34203558000786	4.80750799151883	4.73920756434177	4.45250823416319	4.63579507149477	4.36359973423807	4.790961228608	4.72561534164627	5.5017355636981	4.16726065538648	4.48696066808695	5.03098983458326
9.19679906290043	9.18592626021236	9.02219000833722	9.14069663218881	9.12046593290164	9.11963130853928	9.25661895642581	9.22769263878529	9.30300609825112	9.19622859564634	9.19534348245853	9.1489823426736	8.79891639155568	9.33170279957861	9.28654490755127
9.23668713586119	9.25471703387828	9.22597510285244	9.18365136110964	9.26096570911149	9.26654974539007	9.24160094982806	9.18263704779687	9.2164504901337	9.25155646745159	9.21299254770068	9.18245704722469	9.32234516551789	9.25312754392952	9.14925872261478
4.38019935636551	4.23029133075242	4.46619378649541	4.20048143579384	4.7341348051886	4.51058318929381	4.60723082896182	4.52358556790875	4.59806498787509	5.10432730999194	4.66307387557756	5.35287217778362	4.05888449434169	4.37783894570683	4.854563267199
7.00546984574021	7.27243018149328	7.01768158266548	7.297536119841	6.99193256265625	7.05115157065651	7.25726838026792	7.10323426873344	7.31368384694991	7.11800224688902	7.28262061281965	6.989181558505	7.17672098463555	7.18077068073026	7.04647508208068
7.99843801196097	8.05244325473811	7.99377839613899	8.07528854013319	7.95876569872105	8.03097368871888	8.02455892682859	7.92195203536031	8.09471907046859	8.08531008382157	8.11584944992454	7.96373654194753	8.38183541454016	8.01425641641297	8.07695568853544
7.15630334443868	7.32560678006105	7.25259831339612	7.28706912078993	7.33365960011265	7.24536122422225	7.12546721588217	7.14348185873929	7.22304316744413	7.25581506317758	7.09738538702095	7.62372608807672	7.59529017488465	6.93855390018131	7.25634466977557
9.69706916142985	9.69747667431368	9.57567703578636	9.6636265572302	9.67041426610736	9.65518993764776	9.72951045816903	9.70583384780119	9.65117632433465	9.6430428287195	9.55957873262476	9.7511511588011	9.51272426473464	9.50741636017162	9.62715277109592
9.75523878771244	9.84924439863498	9.6243054564996	9.7304955271171	9.70362769067102	9.74425127945108	9.77307465359232	9.75945901593858	9.75440092456945	9.76674985418349	9.7307975394438	9.3953642598977	9.56724121622471	9.65821204182172	9.76301691284219
8.66041335217614	8.71585094774658	8.46867335463524	8.656528828059	8.54864064667421	8.62690089321633	8.61028415293938	8.66674365978828	8.67167102845003	8.48085584696657	8.52105487070513	8.46593484227026	8.22539483137124	8.61433156408814	8.5063733657846
4.93601551142715	4.57289299390454	5.07304889306541	4.6558510291079	4.9971692110224	5.11963130853928	5.0938215892657	5.07997891643314	4.93434837573952	5.4179877888957	5.17947208981565	5.5297499398677	4.98542233240067	5.32001829131849	5.35499225770848
8.84682647640702	8.93015889142384	8.78613515390669	8.99717337478857	8.88299819110309	8.86706850621754	8.9082231610732	8.89657862296805	8.93524085646139	8.88793362927694	8.98728291171616	8.71195327108845	8.9654339869717	8.80026419038256	8.92047738393033
5.66115567019657	5.68022703801586	5.75329189721967	6.18176917553167	6.12704949356931	5.97925865217472	6.71894121645884	6.76030327327715	6.73761634027388	7.164868851927	7.06492551476187	7.21301451420066	6.94031308084711	6.77407673785694	6.87205069392783
3.86562618353576	4.05664324326739	4.38450998890171	5.09242168993639	4.51800137432385	4.6091470237774	5.24291308729085	5.28787176807447	5.38987905903692	5.72099867044043	5.62138797277064	6.18686222634469	5.87352945232977	5.48217560552157	5.68683582146093
6.33625600877792	6.35489234168525	6.6951889426561	6.464754738261	6.73726769467357	6.6756424355643	6.92262348779924	6.81982701913246	6.9181885859157	7.19421281350914	7.13078259690106	7.11471244058885	7.19196292691927	7.02827528390527	7.07192009863814
8.57633423713068	8.7590173014179	8.48754310668884	8.82938728410259	8.56371967462968	8.62606040671374	8.51085740724845	8.48119977859335	8.5644262351687	8.30371922037492	8.38512479573249	8.32915610880981	8.29110978628082	8.64996880747604	8.3477190227963
9.151028402398	9.22002963508008	9.28812863582566	9.02997533512069	9.15601668550951	9.1058312507527	9.00960461177879	9.07501110891067	8.96744422317884	9.0093847477415	8.9840885832607	8.97651514666883	9.06621997735878	9.04378389479055	9.0081050010407
9.66004204988586	9.61977298841003	9.76745922914627	9.56129458844577	9.51982180994821	9.59675963274078	9.4049473031137	9.41733321493011	9.48559025861668	9.44976423957345	9.44907461575446	9.37427465451584	9.69679395461269	9.44300500824089	9.50357110843049
5.04922612187514	4.99670070281111	5.14922057355081	5.22992521368632	5.36437818521063	5.33243768104653	5.27405159909975	5.24990391787545	5.3422260834455	5.87389756959007	5.52921812884277	6.15123831661397	5.15773788126797	5.47255760295997	5.43561071791677
9.00488516689091	8.96967178874539	9.02780579993919	8.84612129986239	8.93508670225155	8.93039444158637	8.88907574444874	8.91792215832416	8.82592156093559	8.66154482023019	8.77292105642463	8.97905734123129	8.60495798166925	8.87791254884148	8.86260465890727
8.84159694629167	8.81649272810694	8.89829506694278	9.00517799144442	9.10174897388614	9.05615225171488	9.14244029448588	9.0768195642285	9.16488014188599	9.17308000124623	9.16906125611087	9.3191581821659	9.40138477097681	9.02991564228653	9.13605043605786
5.58809220800685	5.59616277322739	5.83243578193941	5.82938728410259	6.12226443100393	6.07598342363644	6.35394439967959	6.27847307007222	6.5475999208921	6.6164939851146	6.40095227903768	6.66220023589135	5.96099229358011	6.42846501877681	6.29575305433381
9.29667600080323	9.34161525635908	9.23959012170965	9.31137502730606	9.30649726913013	9.30276547606247	9.31517482951502	9.23742691270743	9.28141054955167	9.26928211027321	9.25902766975797	8.85167803475506	9.34795502803401	9.38906620113009	9.20033810404072
6.65818410366528	6.79024982534369	6.54975850313455	6.92924352093466	6.78649021024974	6.77907202521971	7.05101726672229	6.92195203536032	7.10109563351625	7.16815892186117	7.08721358196366	6.64948918414179	6.87788585737391	7.20275223914874	6.91204876185975
8.86820012719958	8.91635859449351	8.93222813995695	8.98589176978258	8.83628169219606	8.89175467510068	8.86413913199878	8.79037210860365	8.82303135287537	8.82575205326237	8.8084417727759	8.70275433424198	8.95000027818984	8.84893348186971	8.81818775805513
7.7377513609836	7.84348270820721	7.75735392254291	7.85441607859411	7.92069048117504	7.9726619555378	8.23304284326679	8.08627694033351	8.26197882999107	8.52193875293461	8.50586180314125	8.3953642598977	8.53220163923394	8.65369739189821	8.37352820914591
4.19577478522809	4.039769424703	4.18986255804816	4.7401199460055	5.13657226768782	4.94731575967197	5.56169004505164	5.72152494552066	5.71908038883646	6.11800224688902	6.21727412252803	6.5017355636981	5.88511742660498	6.10653692388944	6.14086745235563
2.43678288473188	2.38526599072877	2.69800946171848	3.82938728410259	3.41220671030125	3.27354399199296	3.95980424129401	4.03603556884554	4.24192117764981	4.6189004828217	4.57846164786262	4.68729121685418	5.29871150901416	5.13729917766013	4.84278609942264
9.65929915849927	9.66276865743182	9.62578742380083	9.79655589163522	9.60117175468406	9.61762850053249	9.56169004505164	9.52722748503491	9.60929224329834	9.4058452796957	9.4727097388864	9.33313595972236	9.67838908110307	9.55604137735134	9.48994959874672
8.57318252633951	8.57362588446685	8.65801139378656	8.56563135035134	8.51709029438141	8.52056727786643	8.45873285470381	8.52755811298202	8.52821093578391	8.53410266159271	8.53733545626528	8.21301451420066	8.42960281284107	8.45312707301107	8.51381955026746
7.58653000423656	7.63600303775918	7.70363401091236	7.79039315248673	7.67980764279925	7.70140553162938	7.77534339920988	7.5679796872672	7.65334742337628	7.70523135458212	7.63658052753082	7.56401984195244	7.98676750269942	7.94204288626119	7.68353823136035
7.45915069776034	7.48680401719083	7.43271908194432	7.45543697686695	7.58734942101457	7.48670608727586	7.71799797023963	7.57822978396096	7.73659278929737	7.74102097387225	7.53671266538969	7.40673904976235	7.69164771586455	7.98241864844041	7.71133038338167
8.30999035408411	8.42966011008722	8.2176457145617	8.51345792983667	8.38149937441898	8.32209573682507	8.42329244637033	8.33396818266392	8.40348643404685	8.445364227827	8.39821211669276	8.35287217778362	8.68337535924948	8.25628404339412	8.44829597754788
9.92771088000973	9.96772163583935	9.85377640016413	9.83598452920923	9.82270414914503	9.82410756637324	9.90117651132331	9.85027940593255	9.87906768390297	9.91290849225162	9.87153977022964	9.82790065147193	9.68524077943151	9.8029049508253	9.83277378161093
9.10811981092871	9.09543465639647	9.14405886843503	8.94319889228512	8.86592467774415	8.7676852649179	8.70948088720978	8.75296991026088	8.74170329779713	8.724355077633	8.69524169260276	8.97905734123129	8.94308749524231	8.73438523746377	8.86260465890727
6.75871097961925	6.86159966927648	6.8091451319532	6.99073754980689	6.77128780360607	6.78510841495038	6.58877392425427	6.68642114456474	6.65551526005899	6.5549887190015	6.71904268772279	6.69967494131001	6.76639048803424	6.40842726554025	6.4894775898955
9.5985930674423	9.59399710600927	9.64455026561159	9.4980359353286	9.4987468172439	9.52101946249351	9.37623747909458	9.44560147254648	9.385314596343	9.40862973419747	9.44973640248207	9.34303781767904	9.68731064354681	9.36294898362918	9.3968716561219
8.91625225660573	8.98242191436073	8.96421037421745	9.1666226317778	9.07103910764876	9.01308352982299	8.9937144587494	8.93447333458801	9.05339220817965	9.02806509610367	9.00810007712623	8.80659014522652	9.05760494211512	9.09796102970963	8.94202610844933
8.30619877492174	8.21534098928645	8.54035980513229	8.17516212094432	8.31909730590976	8.28423859278919	8.17029241512577	8.30417358040357	8.1263237306335	8.20466425823209	8.16180949252169	8.38005700710985	8.50241590944583	7.98833653853513	8.31292819814194
4.82380600784113	4.68566092406649	5.09888889800067	5.10041448068992	5.22849475712886	5.26493086168825	4.82612580606204	4.99071157833605	5.01760387938888	5.49860624910399	5.21104216881652	5.91677306297695	5.28565535618871	5.28747491805417	5.44343022237607
4.84486762336896	5.21534098928645	5.19785534880169	5.18553109432787	5.29803569038194	5.3074913239163	5.4883534331099	5.4019070113205	5.55226129826197	5.88593681921299	6.01392915592843	6.23870115786431	5.62323671538756	5.82598475679762	5.93995475842964
9.7356385536142	9.661390396003	9.72971066445879	9.6558510291079	9.71479596904444	9.7310225914598	9.81778523642159	9.90041320050918	9.77049249652057	9.78855829377507	9.79340005601041	9.8208320678023	9.8207657496724	9.74516008333747	9.9053410033483
9.66115567019657	9.64614197593518	9.7127273915785	9.61039721097482	9.6671326154666	9.67767182827605	9.63697817235588	9.60165786803633	9.63670967446842	9.58699123486695	9.6313396517904	9.47496865413532	9.88709976973741	9.62576645915042	9.55138947051199
4.93601551142715	5.01408278103935	4.96479600241339	4.94041859649133	5.43553921413187	5.2990790841001	5.69804599214749	5.8370021629406	5.3582859343416	5.97504429304697	5.95548288354487	6.09609676242151	5.4191790290261	5.56596854252674	5.69340847538441
9.33857806793186	9.19738385881233	9.3378023549978	9.39213850573359	9.44945522297217	9.44965776238166	9.53676508511443	9.60008681807068	9.41216674237328	9.50447484719312	9.51853377781213	9.5017355636981	9.5454984618474	9.35544597385409	9.6241458129473
5.52424572598222	5.16175994908161	5.54349951266286	5.90890762374612	5.96546035129506	6.14332141458438	6.58670850508848	6.59851405541532	6.54292343368263	6.91951234647197	6.816674006473	6.99923522316892	6.30950209814308	6.12813917837465	6.6568825993593
5.12004745906484	4.8971650292602	5.10740039785619	4.82938728410259	5.29803569038194	5.49593641332941	5.49277210437691	5.5498648927076	5.1341178881153	6.3957063415197	6.17947208981565	6.86273322326406	5.82922622571294	6.00009998785097	6.02579092790894
9.15893360048335	9.18304758607957	9.23765296795652	9.06255954419228	9.15718675454436	9.1643149222382	9.01037528222494	9.05450822891702	9.02684387921268	8.94754549392364	8.97308259187304	9.08197565417685	8.95241194807352	8.9841119526734	9.1006376075671
5.351053010706	5.18496734024294	5.72037727474694	5.5313059311696	5.8252826932468	5.58166628735529	5.86754573344203	6.03231248280282	5.81529570409576	6.32671973132839	6.32507741206255	6.62372608807671	5.79277725445827	5.89601435521679	6.1552227453327
6.73352264752841	6.67203764020251	6.84775658122317	7.00571005674306	7.13419746049992	7.27354399199296	7.67684367941742	7.76703960477303	7.63148798941254	8.13070583681523	7.93483237423499	8.44769572398521	7.89732851055586	7.49529652725501	7.85162797617445
6.26382017265119	6.11821852238835	6.44620231130794	6.37205806310731	6.57864272566368	6.53943805196599	6.95660890213421	6.90576454389793	6.99209888324287	7.56125858997759	7.20635047349179	7.72412798503454	6.7958500885079	6.89601435521678	7.14806295375984
8.16992860774128	8.12823032551642	8.34096368519882	8.48702728931042	8.44897758845667	8.50236268248884	9.16199309190728	9.24749742016835	9.20391485507007	9.41071455398352	9.31784584283147	9.47676864818153	9.26112991433472	8.92847580728029	9.17414360722993
5.74196771578467	5.44415967978234	5.96947248962286	5.80513973785591	6.14603259693688	6.26060493628546	6.50375993388688	6.61104840915909	6.37416897594826	6.54489990137792	6.66990590905999	7.10543462700084	6.17199857439315	6.09404597970624	6.37148038049705
8.50865774051244	8.43692811055126	8.62133694713768	8.7246899054359	8.88158309041004	8.90220650811841	9.21710863573833	9.3222003115315	8.91909111646806	9.1873380098356	9.22541292070353	9.19999762853382	9.0524753543435	8.8117522009786	9.04197569537015
7.80243235704856	7.52519625187324	7.76544382247501	7.35378534278566	7.57163933792591	7.53227826039313	8.12546721588217	8.1985047653688	7.75793632465348	8.16322099904551	8.07782600346968	8.5674024813471	7.56499157435161	7.85218227374806	7.97274469354731
5.67298110559336	5.61337206325961	6.04673761594956	5.98427288608076	6.22849475712886	6.07105112809421	6.82086369065663	6.97915454691365	6.64027154799578	7.42074892857276	7.29887234171515	7.64948918414179	6.92916175931101	6.74040902509155	7.30221771805993
8.64097778825894	8.55519099217108	8.61836231713357	8.60338360921376	8.65102679295463	8.65765960165893	9.07073211190817	9.19059272193403	8.91004030233625	8.96751062036156	9.06708362292928	9.01170457513113	8.77692542764042	9.00719556578644	9.106805616282
4.04012391476789	4.20023409689625	3.8878340205985	4.22992521368632	4.03839187374891	4.30749132391629	4.88781812846829	4.60604772810072	4.77598278007094	5.19098169224612	5.32507741206255	5.80659014522652	4.713749008293	5.31464511921964	5.04133177880472
6.55971040663703	6.4312783884856	6.59887626969924	6.45854958873428	6.91655075081411	6.76080981882698	6.81028152799727	7.01166197349294	6.73556851162503	7.37307536702013	7.12747745217739	7.63666514378421	6.56499157435161	6.75039311366417	7.02579092790894
4.29093201826843	4.12223158489497	4.2215714177755	4.78047768362164	4.83115925958347	4.98975102599237	5.69421413055647	5.71689349678901	5.69820165916054	5.94467064400345	6.08721358196366	6.3371048619253	5.78351928659718	5.73639596258492	5.87783304652184
5.76424916316067	5.82513534298755	5.88288480462677	6.46165549960211	6.28952419052642	6.39692640749824	7.21376674163133	7.33547964958152	7.15877994234957	7.51549526280913	7.53671266538969	7.7058271682916	7.41718497889402	7.10653692388944	7.27837097610557
5.82910030751064	5.54326782479526	5.78547230296882	6.22262041306309	6.42780356535226	6.38505230720995	7.21376674163133	7.22728561521342	7.15877994234957	7.56000679376813	7.3018076327397	7.5297499398677	7.00944556160718	6.81841153709282	7.35084061443802
4.84486762336896	4.88776633125795	5.07304889306541	4.7604399303851	5.21057284913159	5.17584731810582	5.02836852777709	4.96750418717473	4.83072574466537	5.40130904774907	5.3018076327397	5.93783467850477	4.75853693003984	5.12507287532687	5.37965431194275
4.97474790591587	4.84954700902746	5.29046649898657	4.95812059822479	5.44323360592187	5.31585479685092	5.29949661565722	5.31263967322341	5.10902690715247	5.68010063925844	5.56386427164966	6.13309096990371	5.10915770082291	5.17929326632475	5.4277486001438
4.80243235704856	4.86878322789038	4.97413386699272	4.84849610705029	5.18326550313586	5.03097368871888	5.1111688328296	5.32486597555667	5.16488014188599	5.6189004828217	5.46781758417863	6.2555749764287	5.03307530799209	5.23154950345618	5.56310045303868
4.75871097961924	4.59616277322739	4.83756081411728	4.49538635691465	5.12704949356931	4.90359438224265	4.64741991907753	4.81982701913246	4.89084673710294	5.11800224688901	5.08721358196366	6.03876358735555	4.70723570133433	5.04945582868217	5.28708819320668
5.32880020385887	5.0979840386483	5.45956069416296	5.47093331319011	5.59600388632511	5.72043035731114	6.15921600723671	6.21748244018307	6.09631585540292	6.64038021023215	6.65850114578774	6.95859323867157	6.08925814338521	6.15844901253191	6.34250131352529
9.10484962809848	9.0846777821852	9.11638918108344	8.96798334485354	8.97411721342552	8.98123179363692	8.94415968187405	8.99693319538635	8.84171502977206	8.82887364490408	8.903291577535	8.82648970266423	8.72386754493812	8.83867510286905	8.94684772443702
9.06781998845041	8.92557344444595	9.00464082343099	8.93540052172471	8.92481836679772	8.85779069262953	8.89200592543172	8.93696460621534	8.86531986002708	8.73714944949169	8.76017256368264	8.8845926572278	8.70192190143786	8.79689621643802	8.82418961815547
4.91625225660572	4.73890294534347	4.89768180655485	4.85795643629936	4.97610759549457	5.01050958615917	4.66318723493584	4.87906622250714	4.66845431576649	5.21663027961673	5.1921831415652	5.76004755928949	4.70069285546755	5.04297179511198	5.07192009863814
4.59432416171836	3.97022849144992	4.49242532806859	4.62293640663516	4.98667683720476	4.8812265692142	4.97882906697577	5.16404318122161	4.79969884904474	5.34427810271269	5.24803637629872	5.8293102217266	5.01736522490342	5.02334298836304	5.62629427952588
9.25843423547785	9.18784219016312	9.37484806819264	9.19068776771389	9.23737290847531	9.21270339107382	9.08213978421807	9.1897573455118	9.08911636423921	9.08661470640412	9.12499361505156	9.21732750707174	9.34454904524228	8.9841119526734	9.18117544100917
4.80243235704856	4.4247943549154	4.59282722502643	4.94929674783779	5.38849064132744	5.22107657209882	5.73208231614691	5.92797582298808	5.37942470139975	6.00110658963317	6.14065284092512	5.87370434108506	5.66080012834404	5.45312707301107	5.99419780321363
4.73634316659079	4.60765841206521	4.91717798218065	5.13195005412302	5.28952419052642	5.09067993484315	5.85730170194522	6.05083257077362	5.64245910723355	6.04471782085379	6.04228771108214	6.32116331805628	6.03827421466641	5.76425576704591	5.98351112441638
6.44370229867167	6.33773762064618	6.49242532806859	7.04971723898215	7.0179277711892	7.15967602743468	7.70377476886456	7.817665677843	7.76297191455078	7.98533927377485	7.92724920281593	8.04847874218877	7.66248453605539	7.71819774600138	7.97139322268418
5.84486762336896	5.54326782479526	5.72591545828837	5.85795643629936	6.07352009715252	5.89803485690075	6.48392118679464	6.54725839689312	6.29572762134561	7.03933796984313	6.95361773132531	7.28052133355894	6.85449819154659	6.91566747083689	7.27399253559499
4.95551168705295	5.1302243756485	5.17374289268488	4.47093331319011	5.05856975568654	5.04109790599258	4.70948088720978	4.91993850392267	4.50495558348361	4.85768734240881	4.76868406353816	5.2555749764287	4.30303743441695	4.46772444922403	4.88932868535967
10.1761740505722	10.0707286077659	10.1323770633874	10.1365729108953	10.1806787397438	10.1651830568793	10.2345276916302	10.3583354444439	10.1054632288294	10.1615712618264	10.2535424902647	10.2639384493633	10.1767209846355	9.99549006513416	10.2055204106979
4.16260792129289	4.57289299390454	4.89768180655485	4.79039315248673	5.06855384425917	5.04109790599258	5.16753127544871	5.16404318122161	5.1341178881153	5.28489955563376	5.14719568679189	5.8293102217266	4.90801782871506	5.14942273674262	5.44343022237607
9.85398626797988	9.74542213872701	9.83275663038749	9.90120714760042	9.86198337504459	9.86991125598636	9.82042431345181	9.93172795784919	9.81626493156983	9.77189508831413	9.81333532487054	9.66693815489801	10.0019811842959	9.75635056896056	9.87638962965217
6.56606590167685	6.4312783884856	6.65801139378657	6.47401270612209	6.90545304193078	6.6527160387148	6.70377476886456	6.90779794105046	6.61598689587235	6.9018344460932	6.97031792470782	7.48036191290553	6.59881324144834	6.62793429583313	6.65014102148024
7.31377199462654	7.07539333443372	7.37043480368998	7.43661894866478	7.5522028584615	7.56772709639742	7.96855510653031	8.08986350536498	7.90913209013069	7.97879642790808	7.83705139384435	8.23445168486295	7.45071460245921	7.3855470408421	7.83091199913435
5.81315876364162	5.7493195612888	6.07304889306541	5.80024093844307	6.15543129493913	6.19863918297907	6.18674919099285	6.18766678574751	5.99381331605412	6.43447591168427	6.22347927205474	6.99923522316892	5.84414564554868	6.08460628381994	6.21125678024703
5.89116127564289	5.59038042063338	6.07738782878975	6.10439433160246	6.32327298188096	6.26924385455933	6.43194691168087	6.46678986290535	6.51215108488781	6.81634654702792	6.60959154530679	7.45136204118299	6.23221609722726	6.52932669889247	6.51937907560936
5.84486762336896	5.67477260792375	5.87293514421916	6.23719321415036	6.22403510893816	6.32001842179246	6.64146246378113	6.74446175679781	6.73351777206026	7.17961543729618	7.00314931717519	7.63021012164691	6.65234846362886	6.68734778134012	6.93995475842964
5.32880020385887	5.039769424703	5.41225497938461	5.46475473826099	5.51800137432384	5.51785118975785	6.13962527887883	6.15379914972481	5.87232664913214	6.68699799920511	6.42538231785823	6.90612581877744	5.92776176401348	5.95245950220653	6.27837097610557
6.17513501916905	6.12623351545247	6.43610172133898	6.41114022834786	6.57514528142745	6.57471352671352	6.93404114522894	7.04345304040802	6.75793632465348	7.47089931993415	7.24803637629872	7.88459265722779	6.87498304947127	6.64943536504405	6.99419780321363
5.92616772547081	6.07332198441403	6.29792230390561	5.96689080785252	6.39643939444293	6.2990790841001	6.29444338793093	6.40478951985362	6.41568824538652	6.91755879838621	6.72342778240851	7.31312599899086	6.54868976202251	6.53164428178587	6.71294866178006
9.67922416374983	9.661390396003	9.72867659796542	9.63295876247323	9.55131312976178	9.57471352671352	9.53649759738939	9.64161054680898	9.46194150809619	9.43481741838273	9.52953117973711	9.36458559834741	9.59131641403476	9.41848093020418	9.51891659923391
5.2677246271071	5.28858997131709	5.68669414849065	5.41434978482375	5.70882371665942	5.7515912887976	5.61130049327087	5.68878815910866	5.61598689587235	6.08356874982514	5.92153555162153	6.47316641150133	5.61282009944222	5.89601435521679	5.85456326719899
5.94091431083999	5.99670070281111	6.23328483833929	6.05177970543904	6.19698378438364	6.23877857383228	6.0130693913942	6.21748244018307	5.96962385048705	6.18124468088083	6.05973284554155	6.71195327108845	5.77420152520313	5.92098127073336	6.07695568853544
4.63116092989874	4.68566092406649	4.87791855173342	4.6558510291079	4.86592467774415	5.11004525971008	4.94698020093643	5.07997891643314	4.86109939370889	5.60925031278798	5.41457556290165	5.99923522316892	5.00148218329677	5.26536421644842	5.45120757296779
5.14573410272849	4.57289299390454	5.5245579490094	5.45854958873428	5.53250094401896	5.41260802973051	5.36362695307693	5.68878815910866	5.40025820481692	5.6189004828217	5.5392022174154	6.01913478060662	5.18142798731308	5.33601877001221	5.67359999430423
6.05827126147815	6.06917034114356	6.11586197660438	6.785443936515	6.79553534985275	6.66258628273886	7.60621161659807	7.70875251163478	7.51215108488782	7.70862460202854	7.75482726286276	8.11471244058886	7.70886678691325	7.59728408299294	7.82493809808972
6.00780619449516	5.86878322789038	6.05556146633657	6.09642362049388	6.3844997811314	6.36906660303725	6.51466471022575	6.53678506566361	6.4684297074585	6.86581522329222	6.80223662324919	7.03876358735556	6.43108579571027	6.51065077413205	6.71940368391736
4.88609028609547	4.80030349000761	5.17374289268488	5.10041448068992	5.35625030432723	5.3406581878515	5.66318723493584	5.88320595286806	5.47580923782409	6.05185989009781	5.78555788210256	6.38389907340424	5.60933111336234	5.75635056896056	5.97813795231753
4.49123066875426	4.3582989431285	4.78547230296882	4.70909305038488	5.0179277711892	4.92562068857265	4.55747779376472	4.78485088088949	4.75187032395413	5.19098169224612	4.98864974748007	5.63666514378421	4.75222315610764	5.13119897812371	5.30436618463851
4.73634316659079	4.30280383053679	5.0289263398331	5.10836323380541	5.14603259693688	5.01050958615917	5.60314965215001	5.55506379938192	5.51454163231281	6.15826611710274	6.05278008489979	6.07723773517019	5.86770037352757	6.04297179511197	6.03617007368894
7.82380600784113	7.68158742948006	7.93402365361857	8.28706912078993	8.40138521704773	8.35999618868996	8.98629096077857	9.02296251462024	8.86999483184595	8.99879864634639	8.99047018310444	9.32716205867772	8.71537275077267	8.67639253222039	8.8698763226935
6.68762788155776	6.51912173746355	6.85029430402507	6.68803143485705	6.98404177703679	6.94731575967197	7.16476484115733	7.30956683917379	7.0509239525889	7.27272484168765	7.11418062956393	7.44402006584181	6.46815505040164	6.74241137800269	6.87494476719702
9.54450293945916	9.47978358951306	9.61351542395042	9.40429612015982	9.4441925258913	9.45629303379285	9.34968776211906	9.42622669051591	9.26624085684523	9.27692149821024	9.31857063312096	9.23445168486295	9.39050027566729	9.31329869351212	9.34823975734117
5.81315876364162	5.60765841206521	5.93641420104356	6.12804559966711	6.32327298188096	6.13389200166445	6.68265709913407	6.89144994696297	6.50975656974743	7.08356874982514	7.08210065857	7.37620468161424	6.49487238877743	6.44577262187192	6.77313566785514
4.61898621595263	4.53726908417382	5.03785946460311	4.86735513430161	5.38049785057391	5.01050958615917	4.92752783827026	5.06547934673802	4.73556851162503	5.14496929448929	4.98134494685684	5.78350653211348	4.60583366912612	4.63226022123592	5.05160011425855
4.56923318075553	4.64160574398855	5.01993755660585	4.78047768362164	5.02819610664303	4.89245382463745	5.0938215892657	5.10854806862991	5.26482157975989	5.3558660769879	5.44144216875433	5.71195327108845	5.04345445377208	5.20855786082995	5.51196160404688
4.22819626292046	4.13817312876399	4.41225497938461	4.31481411127283	4.60289027191036	4.51058318929381	4.16199309190728	4.44734998208166	4.2303332033746	4.50902286504932	4.64469534626271	5.5572306762898	4.36227663779162	4.60610793337995	4.78241348144316
6.72218510359413	6.61906317533746	6.82986642232728	7.24622702601542	7.35828657148375	7.27354399199296	7.89200592543172	7.92597068709771	7.81723350833725	8.08095280161813	8.12582203599932	8.3953642598977	8.08549622458901	7.73840388920117	8.17179202555054
6.08507132082187	6.02269591134406	5.89768180655485	6.64769250572073	6.68630628009799	6.59890299228059	7.53301573632282	7.64313704683594	7.42461347516601	7.72770369431832	7.79704519972406	7.94825129445012	7.6370095650093	7.4555702489394	7.6535157482609
4.70212745125288	4.67477260792375	4.98341168058073	4.34203558000786	5.00758582696774	4.73920756434177	4.50594749312464	5.05817454611479	4.52406440643131	5.17798435171725	5.2419361767623	5.66220023589135	4.96372726130135	5.07510441605278	5.28708819320668
9.11788611777538	8.95793113264654	9.01145940268154	8.87959873005636	8.94528246935743	8.8910551865823	8.7991752757587	8.94738122216068	8.70972233413822	8.67779417187527	8.75857105190943	8.81515215872995	8.53909460524132	8.62087688362913	8.78395399951894
4.88609028609547	4.84954700902746	4.98341168058073	4.80024093844307	4.97610759549457	4.93650900471539	4.82612580606204	4.84551366279611	4.81529570409576	5.29094860030657	5.14719568679189	5.5297499398677	5.09425882444357	5.08144594292661	5.37965431194275
4.30619877492173	3.91578070742754	3.74240358107694	4.60056859360671	4.44323360592187	4.63611407137767	4.84698441095971	4.9439173668571	4.89084673710294	5.22297180649056	5.1921831415652	5.63666514378421	4.94723913851278	5.19107043410111	5.1215021274887
4.5307590329409	4.00541791991222	4.74240358107694	4.18553109432786	4.48855759643136	4.76386961857604	4.63947116596203	4.87906622250714	4.7679899893174	4.72993179521044	4.93672195543621	5.47316641150133	4.69412020154407	4.83351842948302	5.21582951003686
9.47189919050232	9.41132828731496	9.45581613391571	9.30317419571696	9.32795621606308	9.35035958904379	9.25791751190582	9.38740744162538	9.13100527624796	9.20346217925055	9.25940519037792	9.03143404555706	9.22339920507018	9.17966276179121	9.23960140594099
2.86562618353576	3.0566432432674	3.05556146633657	2.77049359504902	3.2105728491316	3.46618906993535	3.53194270165759	3.45849053968687	3.3422260834455	3.71200988721318	3.81872474603776	3.91677306297695	3.36227663779162	2.97647638332507	3.23397685674712
5.10266538083661	5.28143017974423	5.37748956122393	5.50143540158746	5.53969644542316	5.54656248639937	5.76898189895844	5.76255221378071	5.92718858416666	6.26352590484119	6.1730743186175	6.5297499398677	5.59175848391439	5.89601435521679	5.93441657488821
5.66708050415368	5.69646767902307	5.8878340205985	5.81002195923566	5.99193256265626	5.93107511866476	5.9756756339369	6.07274734720206	5.94856223495922	6.293963638062	6.05626065363475	6.82931022172661	5.69082261144349	5.84101296602995	5.97274469354731
8.90313391730897	8.75579195904861	8.93402365361857	8.58142219998645	8.78042845746254	8.82740180993776	8.86243281004838	8.95625027698326	8.64791353732565	8.83302528817454	8.89262285970629	8.94565418296407	8.89589726535823	8.45129197201203	8.80535029272032
5.12004745906484	5.16953729967333	5.44620231130794	5.06000021224401	5.43553921413187	5.38902120941289	5.49717728349691	5.57054904687934	5.33141932848892	5.86986205635492	5.71243995289854	6.3371048619253	5.23674575570777	5.67482068346397	5.7946918112216
9.60130308173339	9.60873144673044	9.67278252960783	9.5290869688646	9.68021466637111	9.69019074413346	9.57685717991831	9.62068817910457	9.54526357213715	9.52707290440605	9.54633584174035	9.4875217044784	9.76443110291587	9.39289552000971	9.63015347498151
7.38019935636551	7.1101587525944	7.46949893121908	7.6367422061602	7.94121280504838	7.66912912860563	8.61890030912903	8.76479765398636	8.41696666376073	8.90627427020518	8.86063274546186	9.10543462700084	8.45558035763102	8.64836788808755	8.67276870932538
4.66708050415367	4.57289299390454	4.90746282734743	4.80024093844307	5.16476915951847	4.86991125598636	5.1111688328296	5.26267121394933	4.78393153318643	5.29697238793434	5.33083668135123	5.5017355636981	4.85007047950578	5.29295004812032	5.40390185818943
9.57041912002567	9.47900142899464	9.5458498173492	9.45582642079991	9.39097933444223	9.47834799800377	9.39907432516451	9.45501834778006	9.33885766015277	9.29922483966571	9.38200770044522	9.28669110079914	9.31084526465001	9.26466776698238	9.36429000229057
9.85593278733191	9.72544579017235	9.86856049703519	9.68105305067428	9.71678123843834	9.71134559465871	9.62495146811935	9.72614157359103	9.53676244905596	9.50837402535281	9.59948818138039	9.53148290709215	9.73571685041762	9.38362387453968	9.58844664890452
6.22015894385505	6.11419426582956	6.0643316759643	6.85795643629937	6.86305934404976	6.86706850621754	7.92834361156929	7.86028901547651	7.98780386655207	8.29245690681184	8.30839028312967	8.28463744203117	8.38744802832099	8.32403507824988	8.25745400857755
7.49955553340519	7.3565966478975	7.53248051170271	7.7143107596559	7.68306062059434	7.73609495247444	8.21777608661348	8.3881358915479	8.09950413303396	8.24728526383398	8.24040708807556	8.29283459499779	8.02130881289213	8.2716171784972	8.28164610813843
10.1173452761417	10.0352539435805	10.1898625580482	9.9611413750874	10.0036884044059	9.97827106853715	9.91461818781201	9.99167049830547	9.84694133071222	9.84515209961378	9.90883716570205	9.73920330549665	10.0625568980667	9.84334704685114	9.91767331105363
6.87845022389335	6.7493195612888	6.9880283086511	7.48931184250497	7.39445630816382	7.56246498099201	8.52278953951394	8.59473241487289	8.25341681648765	8.61829923461925	8.64931197433308	8.70582716829161	8.19371129518926	8.29840447821243	8.52767839882785
4.80243235704856	4.70719408561613	4.64052396705772	4.5663528782688	4.78346251755218	4.81196390677708	4.79067697005776	4.93596861374162	4.79969884904474	5.22928558042276	5.67217608268481	5.63666514378421	5.09924223195783	5.39321417159375	5.68023308663668
5.77526215588309	5.53726908417382	5.90258060596769	6.03936044618497	6.00758582696774	6.1850073173913	6.35394439967959	6.48051684601686	6.48315121316526	6.81214655849863	6.62607966809536	6.9688615741254	6.40918110238219	6.66218385778604	6.7606717022891
4.3656997866704	4.07332198441403	4.20580410191718	4.02683334830881	4.15543129493913	4.71411658337894	4.46155337376619	4.30648744624182	4.42588401249241	4.83302528817454	4.71684513201854	5.76004755928949	4.25918314482752	4.91389184594705	4.78241348144316
8.88418406026313	8.85015203945817	8.85029430402507	8.81792049887705	8.76669566697277	8.80157942462928	8.65975282920368	8.74161451876909	8.72270330205379	8.65041331088342	8.76337026364169	8.75412272533239	8.79123837960208	8.70234098425802	8.60988511982213
4.42284369377401	4.47586853950968	5.01089241700284	5.04351208945544	4.84284106463111	4.96868941046454	5.01614222544383	5.19101022882188	5.12788593440379	5.92146325284213	5.48341443922965	6.05812891222249	5.46236496219813	5.44331278318411	5.70646462820986
4.75871097961924	4.88776633125795	5.0289263398331	5.13195005412302	5.31490950894633	5.1850073173913	5.11690520237875	5.27532651475536	5.2476804469385	5.5650074748265	5.29593106640303	6.18686222634469	5.15773788126797	5.27646192533175	5.26960076647784
7.52750605514581	7.52822394457081	7.36689444598473	7.08639790230862	6.92481836679772	6.90081729757208	6.73394988280367	6.65044184745918	6.72115173885616	6.72547214701974	6.49115008800925	6.39916583005755	5.78351928659718	6.28197893029932	6.37557313513093
8.83503326326438	8.7635207009659	8.68882254087209	8.70123093261191	8.71678123843834	8.68938634208257	8.71610962567568	8.76142818174809	8.7071120655758	8.69728260146663	8.66763215753987	8.63666514378421	8.48681394308594	8.7084997771368	8.67609097916634
7.65222254542656	7.80030349000761	7.70643808378907	7.95261201940214	7.8956720211382	7.87840605015182	8.04876832621872	7.91993850392267	8.04597473661717	8.03843937433549	7.90522289648593	7.88459265722779	7.87425643397322	7.94117143045645	7.92467330072481
7.76424916316067	7.71518687636966	7.74649633571082	7.7143107596559	7.81642271632658	7.75313180687338	7.82700096231629	7.63824655048887	7.80459100375252	8.01487724818605	7.9023249476557	8.05812891222249	8.08298281795872	7.93855390018131	7.79009967458829
8.52750605514581	8.58602839609367	8.62059386443215	8.55549188563703	8.56724489334369	8.66012504522257	8.52332957135288	8.5354705370616	8.54526357213715	8.56563134296201	8.56325283063992	8.47316641150133	8.81035733209239	8.64462548640174	8.48095491636184
9.01421171276763	8.95005060951229	9.04286014566148	8.92531170410112	9.03011330963732	8.9553680319667	8.88529960288096	8.94836936948759	8.92179532539644	8.85258406492308	8.92391899019584	8.90879500555342	9.13971146963812	8.94291381598332	8.9253714352852
8.92183809080166	8.91578070742755	8.86480021243666	9.02000214431209	8.90893025508888	8.95067633664198	9.09054563090893	9.00645282768921	9.027262476355	9.01761567679861	9.03304386683852	8.89808849971202	9.09019709235482	8.94465409971773	8.93511001159509
8.70716806795341	8.70385064254176	8.73349591301064	8.76735934432489	8.72627268741564	8.68697044136582	8.76304956874874	8.78706190820484	8.74781210737977	8.71819568715948	8.73106977173838	8.65903295681266	8.90054363021459	8.75138773282861	8.69586552117993
8.87908844334232	8.84651804499043	8.76611593757726	8.91004494744782	8.85587101308023	8.82959380079887	8.86200591404263	8.99167049830547	8.87465470360035	8.79042758886051	8.82434929523163	8.87096937336382	8.71577840100475	8.86326577287708	8.80535029272032
4.21207659755719	4.20023409689625	4.20580410191718	4.00995952974442	4.2105728491316	4.43581542089184	4.11690520237875	4.42480741343058	4.07055275933783	4.42350479386327	4.51916446417885	5.07723773517019	3.85007047950578	4.37783894570683	3.86624507224663
9.33996951157698	9.39109843603092	9.28484924968031	9.32508244672666	9.34756396121182	9.28743157463305	9.36272196922652	9.37091931883681	9.33311322916595	9.26314133998729	9.31167037936844	9.20217528183919	9.19923385774566	9.24855592876187	9.23002658426687
5.03096391548242	5.0898101072026	5.09032688449725	5.58356216830102	5.60289027191036	5.62269355561534	5.80851026314507	5.73533074504569	5.76397692681078	5.95232421654689	5.77714564228636	6.38389907340424	5.58111123971488	5.83351842948302	5.76379780327581
9.60400801497153	9.57984046792545	9.62504663043878	9.59244469261012	9.59686648428259	9.5452293321007	9.48058804313053	9.48460960065075	9.50945697571855	9.47422580294096	9.46520163597162	9.51756053085978	9.51645457073246	9.493514321913	9.49982627818796
6.98189587284648	7.08364912257592	7.20183519971423	7.24081352982906	7.2680231213155	7.28849433345893	7.39701312157148	7.41911630135272	7.55806691994317	7.4179877888957	7.43610872445129	7.48036191290553	7.62755487198125	7.08775971685881	7.37965431194275
9.19269758169908	9.25927964059349	9.0686968685257	9.2738776691684	9.20831687519123	9.27622508371587	9.37713402705148	9.26584546174447	9.33311322916595	9.36628788247442	9.31784584283147	9.15573970884891	9.28374142332273	9.39766791946876	9.28925929224831
9.17513501916905	9.23539493647666	9.15333668202305	9.19769002239628	9.21844109246493	9.21270339107382	9.18504367590962	9.0604612719714	9.17964220341161	9.18409143734679	9.13695940828122	9.09375282195321	9.06621997735878	9.22045867480733	9.10249078064258
8.81516111655277	8.83005083340166	8.76409865217626	8.74267565090926	8.75205671318587	8.70856927344832	8.6016162294644	8.71921107968241	8.56960854182586	8.45818826818459	8.59111430605786	8.5674024813471	8.143334816141	8.76474840664124	8.51752827992142
8.67077120721759	8.6155088620322	8.60113813853081	8.6047890599249	8.5925483276889	8.5859948085768	8.68168982116227	8.62656474544123	8.60200447356315	8.56000679376813	8.6354175326747	8.74219955795657	8.25862644212299	8.77260784747969	8.57560686607702
4.66708050415367	4.66380149010275	4.84775658122317	4.62293640663516	5.02819610664303	4.94731575967197	4.85387079654495	4.66494141715429	5.0509239525889	5.1516330247703	5.03877322690591	5.78350653211348	4.48157556616397	5.30383836426306	4.9454717633972
9.3547286688494	9.44936002799774	9.25115873731703	9.43227169282101	9.34448566337063	9.29008700523896	9.38903506414795	9.36056411899761	9.32360166630615	9.31229451011126	9.27180827220286	9.32316567096743	8.86404520298638	9.42877591093206	9.20494551726893
9.10266538083661	9.02376894600929	8.92502365536762	9.06153635617713	9.04535989846893	9.02524743848109	9.00729012725957	9.11031499480409	9.08991808420477	8.86328017600334	8.96847186554244	9.04362934252737	8.83483910417483	9.07072839023805	8.84130717049673
6.24809582035817	5.98352531406338	6.16561501180148	6.62847459017659	6.4470654675129	6.46242715113915	7.00535854973058	7.07274734720206	7.02600632038458	7.0500776847558	7.06146581276601	7.2471627366125	6.56499157435161	6.92098127073336	6.92885704954631
5.98427068003438	6.18112527394854	6.13263768935521	6.23356379074967	6.35625030432723	6.18043458760148	6.53408797348914	6.49681865834596	6.50735807369891	6.79522325546216	6.66763215753987	6.42922306391373	6.69082261144349	6.84101296602995	6.54140538193936
7.93724177162923	8.01083955365427	8.00862224337801	8.1808271611065	8.01017827158426	8.03097368871888	8.11045018024145	8.00692716438291	8.0509239525889	8.17308000124623	8.10832450944066	8.26393844936333	8.07161798424948	8.14942273674262	7.98082703984517
4.88609028609547	4.83983185419425	5.19785534880169	5.10041448068992	5.15543129493913	5.10039508967636	5.00998999846223	5.17758971305956	4.94856223495922	5.46154415488244	5.17947208981565	5.38389907340424	5.02262095035492	5.20855786082995	5.33831351656185
8.8257936477067	8.95343324890694	8.81695053444199	8.9459738403245	8.93303887360269	8.96204409682253	9.06703289182786	8.91741763128951	9.02600632038457	9.13491562982536	9.05190862909504	8.77767745331128	8.9934746046954	9.16555497784467	9.11417258569021
6.96275535937958	6.97022849144992	7.06651592322618	7.25162028478564	7.21731968157218	7.15967602743468	7.43768784659784	7.45014319697335	7.53470292687766	7.60440091312659	7.60959154530679	7.85167803475506	7.24126123683026	7.62685078467376	7.40390185818943
9.24314660438644	9.27693719871985	9.25019822127564	9.26768013568174	9.27180901487934	9.25300321355212	9.2224396165511	9.16574347021145	9.18902622921769	9.20786491410035	9.20674203138289	9.13537191115495	9.32181231415786	9.09169183987322	9.22889594546223
9.35885262127412	9.34591155209188	9.3378023549978	9.30274127897226	9.27612362008661	9.24536122422225	9.27116074755517	9.25869355760858	9.32564514404282	9.24183083374188	9.19928419794035	9.01418556463489	9.21424102289655	9.26988296138624	9.20953826302073
7.48955991576975	7.4992010433403	7.46288105245458	7.60899721567729	7.65682907902116	7.7093630534083	7.83224078057341	7.80681013346563	7.88346720673734	7.83509663819424	7.79392135503719	7.7481734590012	7.4901375796674	7.94639228672424	7.81743576687789
9.19423700390549	9.31205614377499	9.11375123000857	9.34498200416436	9.22291803955142	9.28636803235054	9.24618821932371	9.10545073105432	9.20908978518244	9.3500837243939	9.35223146356627	9.27017938933747	9.57329778519191	9.17373944819608	9.106805616282
3.98427068003438	4.039769424703	3.92682815221436	4.44605864455108	4.28096217702299	4.37307966554387	4.88109226527997	4.96750418717473	5.12788593440379	5.64274722477607	5.66307387557756	6.13309096990371	5.65742540156339	5.47737461925775	5.4277486001438
8.55652212900598	8.67135308738261	8.49323742774716	8.64085831463243	8.53969644542316	8.50327838867057	8.5590588295842	8.4784661064521	8.55690766311833	8.48481929737391	8.5166400627633	8.32516524861377	8.26140780994204	8.64194638620586	8.42676281599824
8.36752022229477	8.47115641216035	8.35264549024645	8.56129458844577	8.49319798332327	8.40674737830927	8.4564724624813	8.50221191711618	8.46039238839308	8.32377244727805	8.41321900893156	8.2969157718096	8.60408176236452	8.58394628345579	8.30651145647007
9.29045231916479	9.31073801207901	9.29606196188008	9.34329907012589	9.32275168285419	9.24536122422225	9.22808228236505	9.18724831002568	9.28980850704636	9.17798435171725	9.25486840978115	9.11932906865922	9.53035793925025	9.25523264407085	9.21754055397044
5.00312970728569	4.83983185419425	5.19785534880169	5.30792772568759	5.30649726913013	5.33243768104653	5.1111688328296	5.08717441783734	5.20094939659351	5.5347400351577	5.52420005407615	5.97905734123129	5.24126123683026	5.64516070994373	5.32990127674565
4.55652212900598	4.53726908417382	4.55599045684606	4.49538635691465	4.72153476840897	4.72671662015857	4.40641181957373	4.51293832370924	4.65117632433465	4.94467064400346	4.78555788210256	5.63666514378421	4.38693869202589	4.64943536504405	4.61248848000085
6.8911612756429	6.86639268046538	7.01542207548335	6.95591969003152	7.10539061243953	6.96603495701856	7.18265256247337	7.26267121394933	7.26055535178887	7.0518598900978	7.16825730231972	7.39916583005755	6.77575867056843	7.24855592876187	7.30221771805993
8.58574826753855	8.64370116199074	8.42763020527152	8.44448964489574	8.5530920387922	8.53675729236984	8.51792013479072	8.50288465904532	8.50795807164513	8.4966447327707	8.42874289482825	8.42549997787102	7.95688009590508	8.37848286227226	8.4885331086566
7.6357000895139	7.68022703801586	7.64198937606222	7.78915743931406	7.73570210033557	7.82520648355793	8.25401833374613	8.30648744624182	8.22231213371129	8.30596117116159	8.28410563100624	8.14672283549147	8.03112087774391	8.31666240462064	8.30006604720489
4.19577478522809	3.85919717906118	4.26786507004943	4.15515744528435	4.68306062059434	4.59547208688032	4.62344105614308	4.5756740790572	4.99038241065385	4.59953515795477	5.07353864506658	6.05812891222249	4.85597108094547	5.08144594292661	5.15045350118483
8.88291184233158	8.85136133964707	9.0159872841256	8.65109749913726	9.02050171485303	8.93379462001835	8.80762381455136	8.73189166107892	8.77896869705447	8.91217286121288	8.79392135503719	8.92734230468713	9.09644118364659	8.69822046723806	8.89075922096611
9.45786963059827	9.48251781675254	9.41825372000605	9.48015184321949	9.38849064132744	9.43677434086126	9.3593988297717	9.36501116605605	9.41472868762525	9.23321770343717	9.26392774906861	9.32116331805628	9.2202576329192	9.39448807458238	9.33568995693561
9.54852047210524	9.55852670473434	9.46412421930521	9.70647710217787	9.51800137432384	9.51739801085012	9.51520779136933	9.5162740362725	9.52139247329428	9.45212793004631	9.49147150831601	9.16693212371911	9.4577646048929	9.4689342564571	9.35187964584115
8.51688293406275	8.56628017083288	8.7382991827442	8.71300810038826	8.69116111936546	8.74308890927335	8.76259222366934	8.69645424521601	8.78393153318643	8.78132538175326	8.724521976652	8.89808849971202	9.03307530799208	8.71105820135913	8.69995132125119
9.63720997457154	9.65309306161006	9.68598398601464	9.64496271296516	9.63725693098121	9.61381800517921	9.51954509652536	9.51660718372598	9.51065497872772	9.46622932034832	9.49147150831601	9.40106286523015	9.81642227025566	9.49648344220545	9.5586074720143
8.61898621595263	8.70919643852728	8.53010830775762	8.74075929679855	8.64936470170986	8.6527160387148	8.62947323931812	8.64740267414042	8.65551526005899	8.59281783557598	8.62256232777312	8.36069168224292	8.33031440898669	8.54489861345476	8.51660199093879
9.31424400347776	9.39690739716416	9.28015144337726	9.28794427704418	9.27612362008661	9.27622508371587	9.29918130693759	9.20430705143534	9.23505204907908	9.29207997799431	9.34299932005981	8.89539941218438	9.5201752563302	9.262925170997	9.12028312019954
8.19372404566333	8.42072698531721	8.33825439794083	8.34624291760884	8.34191538825486	8.32727597593075	8.38992369678516	8.33925140347073	8.35428770072238	8.49074413133101	8.39202765598718	8.30909048575571	8.68379010556279	8.19984064372884	8.29898900718406
4.05827126147815	4.46326850273004	4.31271930583369	4.89518934249834	4.6435322564077	4.92562068857265	5.2217743202327	5.23702262657872	5.15265383955273	5.68470254121745	5.5392022174154	5.73620081733512	5.83222247817286	5.73639596258492	5.5486733824034
9.26674950368986	9.21815600489351	9.16917659544288	9.22262041306309	9.22738113681815	9.17928913693321	9.17957243904792	9.16871416262342	9.1216269439321	9.14496929448928	9.15614392266762	8.91411860953097	9.31352785196233	9.0739122702412	9.04775804796415
4.49123066875426	4.73890294534347	4.75329189721967	4.84849610705029	4.97610759549457	4.98975102599237	5.61535870984522	5.60604772810072	5.52880232543798	6.32966100664051	6.25411089070841	6.58419772389007	6.50241590944583	6.21145193409913	6.17883530255466
9.21410143303468	9.20355227325178	9.18484448328153	9.04868489901617	9.16010778214861	9.10462498392583	9.12901977872356	9.15122673589458	9.14418774673289	9.01579063539028	9.08551128673266	8.91411860953097	8.90090042384591	9.22009948271264	9.07883951257793
8.55652212900598	8.51988245197677	8.57759271133127	8.50520321527486	8.54059336496768	8.60999741875686	8.46436838937324	8.51760616475209	8.51752425698666	8.5486914805403	8.57057307488247	8.64309141294364	8.80921731224573	8.43838048764188	8.52122750000173
8.67812440886932	8.80280599721078	8.63979070399702	8.73691893506086	8.68549554951139	8.70220326183544	8.6314783752085	8.56733663174468	8.66469239697029	8.59098039736426	8.51727157734589	8.25137498789942	8.72306066849601	8.75138773282861	8.58181965038527
5.29093201826843	4.98793049318338	5.47279652131966	5.21527843772192	5.60289027191036	5.71411658337894	5.60723082896182	5.66012440085652	5.57534491137501	5.88193488865549	5.88285508345747	6.03876358735555	5.48157556616397	5.63226022123592	5.90073344863192
8.65892756930445	8.65274630159375	8.86291638839417	8.7401199460055	8.73178066535558	8.83178246626171	8.65827843455222	8.64983452476408	8.72992194848388	8.72267785011503	8.76815356342522	8.78350653211348	9.05343854234471	8.79882173563061	8.71294866178006
7.19167038689535	7.1578554946257	7.10527722596322	7.13584397022751	6.9734531420486	7.12440055268714	7.08653155333522	7.04899122394945	7.20094939659351	7.03574022473453	7.0889138709535	7.15123831661397	6.62496552930431	7.37655024973826	6.91486377746681
5.94091431083999	6.15001474140851	6.13263768935521	6.68537698141107	6.64018881333333	6.74850530892386	6.7960501421566	6.84339049090314	6.89452239524633	7.07483041274744	7.04053153917826	7.47316641150133	6.62841695449324	7.05268694994518	6.90640219871861
9.11680423167976	9.11922283502263	9.05830788833653	9.06817414368971	9.14956428790714	9.13802495529359	9.06035029863001	8.99119111799175	9.05256992543246	8.9811365663626	8.93057174591506	9.01418556463489	8.73391560784917	9.01176829557627	9.00414517685055
4.19577478522809	4.34462400623142	4.46619378649541	4.44605864455108	4.67000446776889	4.70140553162939	4.63947116596203	4.75805082154577	4.56153911184998	5.10432730999194	4.88285508345747	5.38389907340424	4.40314891920715	4.40842726554025	4.6535157482609
8.6228018622945	8.70585763805331	8.54663240214782	8.56346459894397	8.5760204376817	8.52508275898892	8.43940568173737	8.49411444941759	8.46904611209974	8.4595315597536	8.47173263418201	8.59086145417109	8.32606962463462	8.25698455083245	8.47524503407649
5.25204300487483	5.33773762064618	5.53089947588323	5.33527821383255	5.37246053150849	5.70777505650511	5.44796430901823	5.19767395910289	5.46101223589601	5.71651127944812	5.6354175326747	5.71195327108845	5.65742540156339	5.74441095564904	5.64675838208559
7.22418320041384	7.23029133075242	7.20778446604542	7.30447216705137	7.39445630816382	7.37307966554388	7.47278062918944	7.40334898549441	7.43978656900355	7.37734580439836	7.47563708863793	7.94305238777579	7.39709140838679	7.55575673790268	7.52859760563874
8.77594768454455	8.80468003303293	8.83179387089839	8.82938728410259	8.80377720319488	8.78661357423233	8.74325162386502	8.67989175862026	8.76045631663199	8.79734955657055	8.82230654085015	8.73319206746279	9.23476577984827	8.67534482335743	8.73382274383032
8.92986852709201	8.82267130303607	9.00919012177184	8.93316465139593	9.10599665951456	9.11843652996922	8.93485324490751	9.03138020810745	8.96482431621027	8.93938516083939	8.99637078454412	9.14219317701096	9.01010719658365	8.67796267027585	9.05479403861128
9.48201749059293	9.57472452270313	9.57644361127778	9.46861944735187	9.5152664066026	9.47508450807242	9.55351760725147	9.46471950372552	9.50194683361127	9.58268284203777	9.54602641652933	8.99923522316892	9.87734202559983	9.54747766973162	9.3791447957655
9.28612783453865	9.37479189912295	9.25834229593092	9.32933944314937	9.32587665528371	9.33089110769039	9.46183512262772	9.45744975928278	9.43821346336204	9.32671973132839	9.38547072428969	9.45319171174006	9.29328579731309	9.45739991949648	9.40540388335466
7.94701451037641	7.971341252817	7.94830787962482	7.89863116132573	7.98667683720476	7.9962702193759	8.06666244759912	7.98398123271682	7.98522070553807	8.23400284361485	8.07782600346968	7.85167803475506	8.21107942277684	7.98326554898771	8.02057321863792
6.58809220800685	6.8349496328145	6.65801139378657	6.68005337743352	6.69277577542755	6.60232575792138	6.88949470627567	6.5262351463227	6.84028638297346	7.03754021878074	7.06319670084513	6.63666514378421	7.30842666384737	6.76819218160509	6.59504334554144
8.56289165388171	8.62543895559802	8.51179065293552	8.67136040302977	8.49319798332327	8.52508275898892	8.43997783920705	8.52225895168572	8.53823173835791	8.30819964335759	8.47368618226777	8.30098543611865	8.19487569802962	8.63979951818931	8.35395546640199
5.2677246271071	5.17727294845294	5.37043480368998	5.61737688129327	5.65682907902116	5.6756424355643	6.07036261644171	6.27217308171648	6.10268538027864	6.33552562870373	6.18901586248652	6.54355573939273	5.95550675449638	6.27922306500881	6.47429118608083
4.49123066875426	4.31687901574852	4.91717798218065	4.6558510291079	4.75900947382764	4.64941089399112	4.54901621501653	4.684050240102	4.47580923782409	4.85768734240881	4.73433255874738	5.41427272244776	4.41118623827257	4.91389184594705	4.92327601728301
4.80243235704856	4.34462400623142	4.87791855173342	4.91345154889106	5.16476915951847	5.02077792161299	4.84698441095971	4.82844014943717	4.82303135287536	5.29094860030657	5.18584161469138	5.89539941218438	4.9582521312352	5.33601877001221	5.31292819814194
8.29284922126272	8.42804001441906	8.29326694316752	8.24081352982905	8.15425980072869	8.14096983290498	8.18128443051604	8.18515410869862	8.19052202514317	8.20946258319042	8.25411089070841	7.89539941218438	8.20935198887552	8.48337335987919	8.21582951003686
4.33625600877792	4.39856281334223	4.73143246325593	4.40792351566432	4.54685623699603	4.95804216626503	4.50594749312464	4.74900568194277	4.70240164768983	4.83302528817454	4.80223662324919	5.76004755928949	4.50429564266405	5.0167402535388	4.70646462820986
8.70284861849653	8.75320648337297	8.5567675616539	8.74777351854894	8.59945118794358	8.59890299228059	8.68507246055692	8.62594728553843	8.65497360619834	8.58729848543587	8.55835195105348	8.43293656671279	8.77731413707047	8.56030424376683	8.5675794850154
9.53885953171201	9.43974469638137	9.57452640828348	9.28312433468702	9.49504996694202	9.51739801085012	9.46014380351152	9.44455134872899	9.43000554821097	9.50545063014604	9.42032672908157	9.41051080365156	9.53081908518381	9.2251200521772	9.51984140377896
8.86111070241326	8.88304392101555	8.83820016491032	8.88133936373731	8.78800167716735	8.82007102668037	8.80939616740434	8.86709789924648	8.80018881170555	8.74212521812125	8.76070600611464	8.89539941218438	8.80655375741128	8.76622531689568	8.75988911749047
8.65296908880203	8.76287821819381	8.71829496256313	8.78606351781758	8.73335051865617	8.72593233362613	8.65581775675819	8.62223696620005	8.67914891656273	8.59709611250335	8.61432169721919	8.2969157718096	8.6994627615682	8.72580825269982	8.61335522381838
9.45144717582696	9.47154967781384	9.44955352080758	9.47708554017171	9.40286566360236	9.47974437982682	9.30986333121547	9.31685416180007	9.36127735468949	9.30558775455775	9.3340661952898	9.02898256656297	9.56161052044675	9.25768471830112	9.33148231256513
12.5091731912453	12.4868526509127	12.4958735990522	12.3657510764981	12.429196625178	12.4157118442657	12.3952071495395	12.4487909088324	12.391261846936	12.3678536224514	12.3929742216141	12.3353698105546	12.2682687239917	12.3210235370037	12.378507647391
5.65520640386538	5.48212752998136	5.73143246325593	6.03102114527224	5.67000446776889	6.03097368871888	7.01153051653802	7.02296251462024	6.98349602506861	7.50642575356329	7.33514109540725	7.61066993525127	7.38999201600345	7.45679028710166	7.47619825184549
7.27550197769882	7.33255117393085	7.62133694713767	7.34708291474517	7.58908447238533	7.49777541299319	7.51792013479072	7.44595134402652	7.54409397739057	7.69157798730837	7.456008281889	7.85721621829649	7.84711110402524	7.65476093418072	7.68023308663668
9.34829010841077	9.31468879968965	9.35443432499626	9.39050972199763	9.24674646168508	9.31637590758113	9.18265256247338	9.18221711036387	9.22887814017422	9.08617996328168	9.1754768088328	8.99672836755834	9.31165056472166	9.30044458466724	9.20321946118161
9.23818035149309	9.24646780214741	9.17120784539601	9.36626908125781	9.18899731457245	9.19750810096042	9.23666977820178	9.13352473416112	9.21938428888928	9.21821827651992	9.22193048495925	9.00423590422728	9.64469939983854	9.02169513548156	9.11539676483952
6.88862800889737	6.85919717906118	6.96479600241339	7.17232123711026	7.13419746049992	7.31793811135141	7.87179270454221	7.86552946817239	7.89818871244411	8.12986240209908	7.92058107256529	8.305043652693	7.79123837960209	7.9858032717896	8.04519097426036
9.67040256149158	9.63985723445336	9.69483598973914	9.60584225017065	9.59514077230542	9.55982670831366	9.48364371876015	9.47538452099947	9.52228366762359	9.42659886281234	9.49788492203798	9.46593484227025	9.66269494880877	9.48696066808695	9.57293603216232
4.71362309009071	4.54924172583989	4.84775658122317	4.54308309894595	4.60289027191036	4.93650900471539	5.0938215892657	4.76703960477303	4.94856223495922	5.21663027961673	4.96662344115007	5.47316641150133	4.64043233065008	4.83351842948302	5.13121728232192
4.51770288011545	4.46326850273004	4.70923671714174	4.75031571311139	4.88864475424423	4.93650900471539	4.86072446758601	5.03603556884554	5.22450412457241	5.42900078161812	5.38166094042891	5.71195327108845	5.13850166240506	4.99002291516301	5.23397685674712
5.56923318075553	5.44415967978234	5.72037727474694	5.43345860777145	5.58213171174356	5.52508275898892	5.55747779376472	5.53941053507043	5.60705377110235	5.70749440609069	5.69914313028509	6.39916583005755	5.36641636815255	5.76819218160508	5.4277486001438
7.0916942630156	7.05244325473811	7.1918649109593	7.060000212244	7.26585528463278	7.17584731810583	7.50813174038652	7.49951780794692	7.5145416323128	7.78454448693613	7.67104144240542	7.7481734590012	7.73471643775644	7.90855182119185	7.80838116576969
4.67885767193003	4.64160574398855	4.70923671714174	5.3010083117478	4.98667683720476	5.27354399199296	5.81205062085032	5.68878815910866	5.66415417833286	6.31785975440816	5.97767862965907	6.32116331805628	6.17199857439315	6.21434021342395	6.16943660455241
8.00312970728569	7.99888495007299	7.85788079849687	8.0163103618968	8.02947452501723	8.02715871503471	8.09962721094691	8.18599215405525	8.17246929689767	8.31637778710693	8.23504247882051	8.20868858879786	8.17495189178249	8.24007777483756	8.28708819320668
8.96034484078889	8.92212476939924	8.92502365536762	8.85913462749664	8.92756374353654	8.82520648355794	8.80362804176533	8.81279078851608	8.73556851162503	8.70012647197332	8.74838664930493	8.74518960056238	8.92671087526417	8.91788393315777	8.8494225820519
7.82910030751064	7.71518687636966	7.74785801116905	7.62432294690613	7.70082205975868	7.58339925457974	7.67684367941742	7.6673439073696	7.66952735043172	7.79415892856705	7.69356641270765	7.73620081733512	7.43404719608138	8.08144594292661	7.76223559950553
4.47781015299193	4.20023409689625	5.04673761594956	4.66665778406448	4.75900947382764	4.71411658337894	4.32944983775884	4.39031903704528	4.75995267025198	4.84951341096311	4.85114622373014	5.5017355636981	4.04861615888786	4.71616147884486	4.70646462820986
9.41626304510921	9.55667448334641	9.3058021036377	9.55075994357941	9.48995128036607	9.55011155348044	9.59803189211536	9.56185905605342	9.62458843039486	9.62759054049847	9.5562025699416	9.18024940327304	9.25583970175315	9.70208379644366	9.50870442953442
5.74757042201404	5.65828448513518	5.69800946171848	5.61179584902996	6.01276606607342	6.1052282434123	5.82261986256051	5.83272750784027	5.94856223495922	6.28792724833133	6.00314931717519	6.64948918414179	5.74905587702896	6.09717886919121	6.07695568853544
5.04012391476789	4.99670070281111	5.27543828975423	5.61737688129327	5.41220671030125	5.69500776043123	5.39229071132908	5.49681865834596	5.5935495067526	5.94850250559448	5.79808497997872	6.47316641150133	5.55595776248654	5.92098127073336	5.86624507224663
10.0016651908257	10.0105689553151	9.98514464780519	9.89805809476769	9.88794014126764	9.93039444158637	9.80917474233432	9.82494726468201	9.8148108460704	9.77648321596659	9.84487089830365	9.68261977713028	9.97867760276732	9.71080256300621	9.80610860813378
4.51770288011545	4.16953729967333	4.55599045684606	4.50745918921523	4.69599967630183	4.63611407137767	4.72458777959998	4.83700216294059	4.93434837573952	5.18449765867592	5.11418062956393	5.71195327108845	4.73311433315993	4.64087335154063	5.03098983458326
4.54369808864839	4.47586853950968	4.92682815221436	4.91345154889106	4.89987200966749	4.89245382463745	5.0938215892657	5.28787176807447	5.3846613497659	5.5398289118305	5.55896547223683	6.20434965307353	5.10915770082291	5.61049970249711	5.54140538193936
9.91407413362406	9.95089701319799	9.99435214641137	9.86676950610567	9.92481836679772	9.85814863706528	9.68748378493724	9.71544311460102	9.74272323070697	9.73437770024163	9.71794432829335	9.67949705937238	10.0312838480961	9.56512031415881	9.8431555948891
4.73634316659079	4.73890294534347	5.19785534880169	5.02683334830881	5.36437818521063	4.84701085387628	4.83311223637815	4.99071157833605	4.94147281017291	5.26044651190922	5.21727412252803	5.95859323867157	5.08424006861858	5.28197893029932	5.26960076647784
8.71862377114907	8.83127709360374	8.73555641568066	8.85382517338786	8.67246151356442	8.76539708832263	8.68023768712836	8.65952114137004	8.7564222139241	8.73825665986137	8.70469837411826	8.46593484227026	9.0304688121776	8.86326577287708	8.69831838950822
4.43678288473188	4.12223158489497	4.28297196243964	4.69860067656724	4.74662574937181	4.64941089399112	4.79783676163062	4.80244494090423	5.01084651321357	5.26044651190922	5.27815636467506	5.35287217778362	5.143334816141	5.45312707301107	5.29575305433381
9.48159730854805	9.4497592794299	9.45748158292132	9.48778920907509	9.5152664066026	9.52463184632987	9.43568111695761	9.49850621853474	9.48954493384607	9.36664591574115	9.43176073564232	9.38773093499527	9.48895144538953	9.33203525609371	9.4819043701907
5.12866058936955	5.05664324326739	5.14095295756721	5.6558510291079	5.58908447238533	5.73297561063026	6.07036261644171	6.30030887131269	6.20687423055062	6.52707290440605	6.50904024690514	6.51581074890982	6.31807683388109	6.50122136121212	6.4894775898955
8.86046447841998	8.8096655932113	8.77482505876931	8.84016712285583	8.6749143818927	8.79710594804997	8.67149405405638	8.66554241488883	8.66415417833286	8.62968032157494	8.69244847771108	8.60409728132778	8.83109961260245	8.78237231819523	8.69586552117993
8.33718528097809	8.39856281334223	8.29606196188009	8.50595559862484	8.42877279282633	8.50052952462989	8.60875829870842	8.60291347737659	8.61375879498024	8.49402522221738	8.56691759562722	8.57750307131606	8.19545754721713	8.74690653669147	8.67027197658648
4.98427068003438	4.83005083340166	5.0643316759643	4.67738419065754	4.80750799151883	5.24754878346002	4.52332957135288	5.01355155469416	4.81529570409576	5.12479141255165	5.07353864506658	5.63666514378421	4.33718565682879	4.86326577287708	4.70646462820986
4.14573410272849	4.34462400623142	4.61687269899308	4.18553109432786	4.29803569038193	4.4959364133294	4.30955028032114	4.30648744624182	4.27613689298773	4.79947272846352	4.75161055017922	5.35287217778362	4.09924223195783	4.89241211853659	4.55590495163448
9.24809582035817	9.30853844610806	9.16306562954966	9.43503964359093	9.25987688261385	9.27300717522736	9.40787485087332	9.32790642987672	9.42143222792133	9.36807716093878	9.35364656425932	9.2492703995745	9.01407064699099	9.51387795299674	9.34197850321303
4.40876850856228	4.4377334106229	4.73143246325593	4.47093331319011	4.33158825009296	4.59547208688032	4.49717728349691	4.50221191711618	4.57991764116483	4.77378608479987	4.86708776759916	5.32116331805628	4.10915770082292	4.8996076199408	4.33831351656185
4.33625600877792	4.38526599072877	4.28297196243964	4.28706912078993	4.58908447238532	4.38902120941289	4.25856635160233	4.354985963933	4.21865139832697	4.77378608479987	4.89845193850849	5.2555749764287	4.1861196826378	3.94899564690296	4.52675860597496
4.19577478522809	3.98793049318338	4.34186565149321	4.17042420193766	4.03839187374891	4.40478852527121	4.31953436889376	4.28161277760278	4.3422260834455	4.60925031278798	4.22965784698386	5.18686222634469	3.98542233240067	4.41848093020418	4.4819043701907
4.9062681680331	4.65274630159375	5.13263768935521	4.92249668849407	4.84284106463111	4.73920756434177	4.78348146865355	4.97528153776644	4.79183673127177	5.30894502960041	5.16019302732076	6.16916022461123	4.92495769113678	5.08144594292661	5.33831351656185
9.90908318364016	9.88097299575762	9.93611559915056	9.77205817067236	9.84284106463111	9.81307210939787	9.71398227944472	9.75466553636113	9.73761634027388	9.68384080199368	9.7394835941503	9.60738735126196	9.85541892362257	9.73589354396905	9.71092552999305
5.76424916316067	5.61337206325961	5.79604154467901	5.78544393651499	5.89987200966749	5.89245382463745	6.13114712495452	6.09075875518638	6.08991808420477	6.33552562870373	6.29887234171515	6.59749454650353	5.80197619130474	6.21145193409913	6.31292819814194
7.2540125547246	7.24324698585634	7.43441139303677	7.43503964359093	7.4566008296597	7.51785118975785	7.68072189422835	7.54725839689312	7.70030318180583	7.92535716894662	7.78660597153542	7.80085377567738	8.14995407507276	7.72327587528835	7.83982672394209
8.7690776951775	8.68362561447772	8.71063400058354	8.53352148580142	8.67736308693469	8.68938634208257	8.63498067111481	8.64983452476408	8.58958683395079	8.58545399972856	8.61609151347985	8.85167803475506	8.78274510088453	8.72073904495141	8.66442940841265
9.37839485951877	9.37899066530228	9.39758191500575	9.32806366263214	9.2511365602903	9.27408060908707	9.13150137788224	9.21584208180182	9.10189072587084	9.08313308772282	9.1049674514026	9.14219317701096	8.85744246816214	9.16069678505759	9.14866096207551
8.09499436748368	8.10712469250477	8.15744108035578	8.18834610993492	8.0179277711892	8.00405456402186	8.03898220180194	8.03882159167638	8.12710504397017	8.03574022473453	8.01213810040244	7.88459265722779	8.10668521514339	8.26327385862188	7.89075922096611
9.0463878462383	9.01300251514021	9.03004601008014	8.95647023193513	8.90126929310929	8.84989336240941	8.79515600203447	8.88475529438896	8.8254402615013	8.81896534433601	8.84159690972364	9.01418556463489	9.05696474017832	8.71463239015812	8.80231303888086
8.7676997628465	8.84165843604731	8.83179387089839	8.75158513249896	8.76669566697277	8.79934442024597	8.61028415293938	8.64374719488517	8.63533737812136	8.59770626055257	8.67783593710318	8.69967494131001	8.90303933460225	8.636573214107	8.64336779288482
6.20801838098284	6.29215658633728	6.40191303516315	6.04351208945544	6.34807637288153	6.21214344732882	6.22708812012917	6.41626230429757	6.35562167681454	6.26044651190922	6.26317497313664	6.89539941218438	5.71049603049792	6.23439786576521	6.25634466977557
7.57397109976219	7.71119601617362	7.31455830549747	7.85677728213409	7.5522028584615	7.50510805922765	7.55431051468604	7.53678506566361	7.62375826155586	7.3471838338881	7.44011065500879	7.58419772389007	7.17081555256311	7.62468131803804	7.53775760492422
8.90187830796871	8.92097337664787	8.78480914734194	8.91741577720918	8.78042845746254	8.78661357423233	8.79336605758539	8.8513363254237	8.79429824874469	8.6539378119219	8.69076994926008	8.73620081733512	8.75971769265456	8.83304872573774	8.73461959280992
3.94579653221974	4.07332198441403	4.39844917985958	4.13972740471474	4.19242550242133	4.59547208688032	4.26890829582379	4.00597833498935	4.42588401249241	4.60925031278798	4.5392022174154	4.87370434108506	4.08925814338521	4.57048402364923	4.62629427952587
5.78073728594924	5.66380149010275	5.89276631614073	6.02263335977952	5.98140189516409	5.94192250090175	5.90780960365575	6.10145864384359	6.11848723640154	6.49336960073784	6.29003046496335	7.02898256656297	5.65742540156339	6.08144594292661	6.20666951075138
4.8552842393143	4.75966150551026	5.12427421642058	4.96689080785253	5.13657226768782	4.96868941046454	4.77624989942247	4.88733383849074	4.71076512062446	5.28489955563376	5.21104216881652	6.05812891222249	4.75222315610764	5.14942273674262	5.11172110669612
4.64323376219931	4.64160574398855	5.07304889306541	4.4207475560219	5.10781327470639	5.01050958615917	4.38755279232241	4.55506379938192	4.66845431576649	5.02670641286947	4.77714564228636	5.8293102217266	4.57038483312182	5.02334298836304	5.04133177880472
8.68251840731435	8.8096655932113	8.67600483033145	8.77736507175431	8.68792637576616	8.6756424355643	8.66220681013366	8.6443570849982	8.6897648220119	8.6164939851146	8.6834736740192	8.46593484227026	8.67004012816785	8.58784922894196	8.60553571935908
8.02405554614024	7.97910664279638	7.97413386699272	8.03102114527224	8.11023187550904	8.06734080875584	8.128309965651	8.22402528604984	8.14109680813033	8.18855359342744	8.14964162415238	8.20434965307353	7.96577508995021	8.19984064372884	8.197450980722
8.7538475677002	8.78582921987744	8.75802981622634	8.64496271296516	8.75283089889851	8.75774351577919	8.73860824991492	8.65286858485372	8.66469239697029	8.71594937290124	8.61373127566772	8.63021012164691	8.45314953137626	8.89511463891641	8.72101293677902
4.43678288473188	4.41173820208996	4.73143246325593	4.20048143579384	4.60289027191036	4.55365191118569	4.44340602705593	4.44734998208166	4.59806498787509	4.60925031278798	4.5392022174154	5.07723773517019	4.57038483312182	4.98326554898771	4.58447410383125
4.60670788617419	4.56111582612818	4.90746282734743	4.60056859360671	4.86592467774415	4.95804216626503	4.81910537838428	4.81116215800533	4.8981887124441	5.33844902391049	5.08039231610764	5.93783467850477	4.60583366912612	5.17929326632475	5.20666951075138
5.03096391548242	4.66380149010275	5.36334537890366	4.82938728410259	5.34807637288153	5.02077792161299	5.18401939823728	5.06547934673802	5.07055275933783	5.5347400351577	5.26618372300898	5.95859323867157	4.64725359650609	5.36229809481106	5.28708819320668
7.79026904812189	7.86279941574137	7.84648604389676	7.64085831463243	7.78346251755217	7.79111965298424	7.66416699391467	7.67810587635274	7.49409459085184	7.5650074748265	7.56386427164966	7.63021012164691	7.16726065538648	7.72934612985769	7.63314795056694
4.59432416171836	4.37184547496644	4.69800946171849	4.44605864455108	4.89987200966749	4.77604433252214	4.50594749312464	4.75805082154577	4.60705377110234	4.95232421654689	4.93672195543621	5.80659014522652	4.26806129617397	4.91389184594705	4.93441657488821
8.69923917192805	8.71518687636966	8.65365936924686	8.7604399303851	8.74195430964791	8.78510841495038	8.85601606837651	8.74843847334852	8.85827887464651	8.97410473258336	8.92772432056792	8.86822921101891	9.08014999161644	8.99926291498682	8.95917267397378
8.88163850152439	8.90766588869565	8.76880127114154	8.86266343897689	8.98733485091782	8.98254572363747	9.17063718631653	9.15036824432453	9.18377869665326	9.19219421091188	9.17427606382725	9.09609676242151	9.08706488304614	9.23724061553403	9.24016265669341
9.36888404313768	9.34075445976977	9.34456817187303	9.32763815163042	9.40631414237804	9.43629496054754	9.48973572222675	9.45536594326202	9.50164561322373	9.61980188556323	9.58720985160195	9.58919840494844	9.49864907952291	9.47466702689426	9.47572172168727
9.42939446198779	9.47351439967665	9.41397145197363	9.48053467327107	9.38549853163227	9.32675878824251	9.30170184925314	9.32448546782905	9.39734660939701	9.31748940527485	9.32543804074606	9.09843690087602	9.62474954082559	9.25523264407085	9.28980155688197
4.49123066875426	4.13817312876399	4.72037727474694	4.57784851710662	4.50335459835944	4.56772709639742	4.49717728349691	4.4914051621596	4.39507796571124	4.7476337969439	4.81872474603776	5.2555749764287	4.30303743441695	4.83351842948302	4.98886435891058
9.29572025711747	9.32124949785761	9.32691061374667	9.28881890273989	9.30385835300952	9.25843709960275	9.26890829582379	9.29488082659383	9.20206215796058	9.17267055182078	9.16423079945237	9.11471244058886	9.41368874547574	9.3567536512977	9.20839144655264
5.22015894385505	4.91578070742754	5.37043480368998	5.62293640663516	5.91655075081412	5.94731575967197	6.52979423507901	6.73761892164095	6.79380628112154	7.17798435171725	7.16019302732077	7.2887418403639	6.46815505040164	6.38810728116066	6.66359282094885
8.67739077293137	8.64509641842531	8.68029006627676	8.64085831463243	8.69680452711261	8.71411658337894	8.64394772717072	8.52159518583969	8.66469239697029	8.73104455657752	8.56202917065063	8.73620081733512	8.65573507326119	8.50476461728926	8.68518796857945
8.78619171604135	8.79654157121141	8.76745922914627	8.86148812726961	8.8773294410164	8.80157942462928	8.91523555963837	8.85871316055097	8.93524085646139	8.84386684782197	8.82893494463998	8.93783467850477	8.99247052505328	8.7877147398699	8.84130717049673
4.25990512264781	4.4377334106229	4.8878340205985	4.67738419065754	4.81938209180712	4.86991125598636	4.70948088720978	4.92797582298808	4.94147281017291	5.1516330247703	4.97400297151567	6.03876358735555	4.7266880640005	5.32001829131849	5.23397685674712
3.94579653221974	4.16953729967333	4.41225497938461	3.9581205982248	4.42780356535226	4.45108217754515	4.07036261644171	4.33094048996635	4.49530541344989	4.24806278745339	4.76868406353816	5.73620081733512	4.25025002005751	4.53395814762412	4.6535157482609
4.69053947697767	4.61906317533746	4.62874679928137	4.87669299888095	5.19242550242133	4.90359438224265	4.7018677030999	4.58586984616309	4.74374244307073	5.30297112855578	4.98864974748007	5.61066993525126	4.38693869202589	4.92098127073336	5.07192009863814
8.46256132592299	8.60908894767165	8.52773219680454	8.47170377784976	8.61230569865422	8.60232575792138	8.49056446042526	8.47366968062059	8.52761930360794	8.52835359249804	8.50586180314125	8.15123831661397	8.43946069226775	8.46044422330787	8.42478922466325
5.83437524955132	5.84954700902746	5.94118344519144	5.37535565320788	5.54685623699603	5.48855688296381	5.40641181957373	5.48597127610897	5.44104381966342	5.70749440609069	5.47303529344965	6.11471244058885	5.41518816883007	5.77603293482226	5.53410058131613
7.14361093083552	7.22470309249015	7.29419921786289	7.38847115299814	7.55930100336268	7.55894621085521	7.80762381455136	7.64313704683594	7.81626493156983	8.00110658963317	7.79079073165851	7.77182472706584	8.15175406911897	7.78091185405072	7.87060147729077
9.73528611803387	9.7045199513178	9.72314902399699	9.66058894811456	9.65682907902116	9.58469761528615	9.54050471516101	9.56121326596167	9.58476033811887	9.36914966380633	9.45006718204121	9.60574325417134	9.13910669283577	9.38970512719938	9.57960386890089
9.82015487384367	9.74020914284409	9.85693466552545	9.78109940095119	9.74039379566029	9.73492598951442	9.67198120416767	9.69439430294126	9.72322011919738	9.64805885088979	9.68234788774211	9.57917964912345	9.75182762627901	9.72504900610346	9.61162121514702
9.51524164259917	9.57215973084383	9.44620231130795	9.54491462774454	9.43167657449947	9.51558387035217	9.33561257690734	9.40946134745877	9.39669878943063	9.28830526354137	9.33621519525154	9.12851824011388	9.46163956452549	9.24573540969949	9.28110076886114
5.2677246271071	4.83983185419425	5.05556146633657	4.95812059822479	5.39643939444293	5.28210600549638	4.90780960365575	4.69351056935106	5.05749660651239	5.36736171582573	5.26618372300898	5.93783467850477	4.85007047950578	4.92803602826731	5.46663761353739
9.01943151961479	8.90125778389408	8.98514464780519	9.03102114527224	9.01470387031491	8.96204409682253	8.88949470627567	8.90372827674141	8.87139437443677	8.92730019286441	8.94519457709123	9.15798514905455	9.09550629105039	8.82125615524916	8.85895503631615
8.78210282797347	8.81401387003852	8.76207854210399	9.1063801475263	8.92893447526995	8.88825383610816	9.19592429342917	9.22647122341032	9.18114775537802	9.12606083193922	9.10832450944066	9.2323222453016	8.90624176664059	9.08618386193327	9.14925872261478
9.86627010010118	9.86848462599738	9.92050251396495	9.93204541546632	9.85731154743944	9.85779069262953	9.76715916335162	9.77708549091011	9.78120408621962	9.72686726852957	9.74811766542406	9.87370434108506	9.94516481027493	9.80098487728834	9.77313566785515
4.92616772547081	5.03125792484748	5.39149641921781	5.02683334830881	5.26368418559116	5.50327838867057	5.05251461510879	5.19767395910289	5.01084651321357	5.33844902391049	5.20478317834484	6.16916022461123	5.07920447872129	5.39321417159375	5.46663761353739
7.19167038689535	7.28322346156728	7.26976210522203	7.25162028478564	7.27881371044441	7.46054250679421	7.36121240014363	7.39612465872649	7.44606189443004	7.39710905921978	7.32507741206255	7.78931215379468	7.14212804481101	7.64409006422417	7.45508058211499
5.57554695468773	5.37857133815476	5.93641420104356	5.71950966633022	6.14131018669448	5.9201455585065	5.88109226527997	6.05083257077362	5.91999308276245	6.17798435171725	6.16019302732077	6.54355573939273	5.83222247817286	5.86694143102047	6.03617007368894
4.72502785336295	4.56111582612818	5.01993755660585	4.89518934249834	4.83115925958347	4.78811716482271	4.87433489910467	4.88733383849074	4.99038241065385	5.30297112855578	5.11418062956393	5.58419772389008	4.92495769113678	5.24855592876187	5.30436618463851
7.84486762336896	7.84591148831096	7.92802989742412	7.98319262018163	7.85587101308022	7.87981699895952	7.92426012443635	7.87906622250714	7.99466976905695	8.04740024190711	7.99863383605269	8.11471244058886	8.24968985890084	8.19107043410111	8.01402443280898
4.40876850856228	4.10611191953169	4.45289696388195	4.40792351566432	4.51800137432385	4.43581542089184	4.23765736183935	4.21748244018307	4.3846613497659	4.59953515795477	4.67217608268481	5.61066993525126	4.07920447872129	4.30383836426306	4.43561071791676
8.57318252633951	8.75255938982505	8.66018249282819	8.83718079382246	8.7442919202715	8.69340387472865	8.80983891561739	8.69468876054834	8.76598485342703	8.89142141038721	8.83249151107799	8.11008099185721	8.95000027818984	8.85125479377983	8.70889955712691
9.33950584612517	9.33125164370556	9.20877362963638	9.37864572314207	9.30491449876744	9.35696000018059	9.47975355257941	9.36722955968775	9.38792462878874	9.44231018567322	9.38754455556325	9.06532441362669	9.08957119427954	9.48606467693452	9.39031279344147
8.72573766643552	8.81896733427265	8.64052396705772	8.83118952673658	8.77128780360608	8.81196390677708	8.85858619086304	8.84763371467048	8.83551398351441	8.76783458734804	8.8011998319427	8.50526725466836	8.38438930977407	8.90810592564174	8.77002975698733
4.5307590329409	4.56111582612818	4.50536438377609	4.34203558000786	4.77128780360608	4.70140553162939	4.38755279232241	4.55506379938192	4.43600822976611	4.92146325284213	4.9061875872881	5.85167803475506	4.10915770082292	4.6914994246106	4.92327601728301
8.75662866743544	8.80405562486872	8.72729668868673	8.78853918559091	8.76439410566429	8.7676852649179	8.66954380699915	8.65468596284868	8.7071120655758	8.64746963501847	8.61785916129039	8.69658896143626	8.5400111840783	8.81127535581119	8.67276870932538
4.86562618353576	4.46326850273004	5.28297196243964	4.90434934178381	5.09809811987318	5.21214344732882	4.77624989942247	4.91993850392267	4.84599250131867	4.88193488865549	5.17947208981565	5.15123831661396	4.76482319288727	5.08144594292661	5.11172110669612
9.54450293945916	9.5214026787148	9.55676756165391	9.47823616767459	9.52934159181432	9.58123272009706	9.44369134200611	9.470233872755	9.4401009844	9.3420949572153	9.35929312740046	9.44953004723409	9.34873988345688	9.1640618909938	9.43854800099632
8.17097139422751	8.25334543335581	8.18685380817582	8.34203558000786	8.40138521704773	8.39692640749824	8.42964412581144	8.35647558207349	8.45604598300266	8.46288432687003	8.51347833666576	8.30909048575571	8.41418872643409	8.45495984273571	8.5675794850154
8.74477178866137	8.68633872301759	8.70573757635074	8.66058894811456	8.64269712177316	8.63694872285648	8.6016162294644	8.61603181667335	8.58561324682884	8.54300036846244	8.53234558517457	8.32516524861377	8.67838908110307	8.69822046723806	8.60901628809404
8.54691480133194	8.60192204251607	8.40709327426883	8.58996309345144	8.5432807827722	8.57732474017006	8.68265709913406	8.66674365978828	8.72837813341855	8.79042758886051	8.75482726286276	8.67793316215594	8.2001039120735	8.72073904495141	8.65772308586189
6.99843801196097	6.89012175225608	7.13055136210674	7.19675834975112	7.33985586607656	7.41455630152003	7.55007663038282	7.50490100464383	7.48193014238489	7.59709611250335	7.53046992505223	7.76594816072918	7.11900548677926	7.67377183206125	7.7512525499567
8.53805152550725	8.59904528176051	8.50858109645963	8.69001907472262	8.56195382980593	8.52778527936874	8.5054009142051	8.48119977859335	8.5475999208921	8.43310907592036	8.43008493682352	8.41802485730887	8.35500340287945	8.52409848484859	8.45023769391217
8.47781015299194	8.67272186835899	8.34906115289741	8.63742904027976	8.38250020348505	8.51603761938592	8.52332957135288	8.51093318781886	8.45168644362392	8.33844902391049	8.44343713801561	8.42922306391373	7.78661188165256	8.58115198655108	8.38676870838624
7.40699941570923	7.51912173746356	7.40536859379936	7.41274589912116	7.47735938982649	7.39297922298158	7.36483271582233	7.3157059762712	7.3989648877954	7.37450025112695	7.40641703951449	7.39155264594768	7.23900526288989	7.28335489133914	7.30221771805993
4.56923318075553	4.21534098928646	4.83756081411728	4.44605864455108	4.94392718974542	4.81196390677708	4.81205062085032	4.81116215800533	4.79969884904474	4.99741210607543	4.97400297151567	6.09609676242151	4.59175848391439	4.90676741151366	4.84278609942264
8.57712109018584	8.56406914351753	8.50697363663775	8.64905546759905	8.57514528142745	8.55453564477589	8.62646030044188	8.64130505288705	8.61152724768165	8.30819964335759	8.44410151520482	8.48036191290553	7.929161759311	8.74540970614991	8.49419074351853
6.28708995197403	6.39525007930139	6.604900057327	7.01419652263088	6.8773294410164	6.83542287960107	7.47724718087133	7.49411444941759	7.52168959924341	7.63800930576941	7.58450056434396	7.65585870901752	7.228809495784	7.81079835298294	7.72101293677901
5.14573410272849	4.83005083340166	5.01089241700284	4.95812059822479	5.47360725496539	5.23877857383228	5.34419642312803	5.01355155469416	5.07703679290803	5.5347400351577	5.36491767659434	6.05812891222249	5.26806129617397	5.48696066808695	5.31292819814194
6.90376131242253	6.98793049318338	7.11163739074266	7.05383922761733	7.00238692029342	7.1456691694408	7.05401041103427	7.00407880207387	7.18001873872391	7.31785975440816	7.31057784236743	7.38389907340424	7.57396917047087	7.2471463585072	7.10926545496981
8.55492534407165	8.57215973084383	8.55754424810114	8.70713153405159	8.66507778668897	8.6748298784936	8.74741792079804	8.73418529437743	8.76095978724988	8.8095153430312	8.84763540493298	8.97651514666883	8.91545350497594	8.80745490990857	8.70727672788843
9.69162981211526	9.62437828035782	9.54271522613042	9.58783260567925	9.60117175468406	9.60531403100819	9.58230964674466	9.60134379487936	9.56384927253718	9.45381391252274	9.50203840415199	9.58419772389007	9.42514469586249	9.50976938012792	9.47667462465513
9.43287608066909	9.50228372622448	9.46908620198128	9.64564564554165	9.4853004219189	9.45013272371628	9.52656552420314	9.48699168994915	9.52732339651206	9.49958600808282	9.53546627650795	9.56232554341257	9.82019994992364	9.65316532659958	9.40440270701962
4.38019935636551	4.37184547496644	4.68669414849065	4.25878007635851	5.00758582696774	4.76386961857604	4.19490771438002	4.53415480961893	4.33141932848892	4.82471001996254	4.64469534626271	5.41427272244776	4.08925814338521	4.76425576704591	4.86624507224663
8.35747927986543	8.43853826143367	8.45373161536077	8.37946706961508	8.40039740801161	8.32727597593075	8.29507601019096	8.33396818266392	8.31162334427988	8.41106173123003	8.36281103950907	8.45866684180621	8.78545293524597	8.3855470408421	8.23397685674712
4.50452749136772	4.74931956128881	5.23716827282651	4.5194318308813	4.954733944702	4.93650900471539	4.71705410691457	4.65529124712057	4.85356572102348	5.27272484168766	5.12084435984494	5.68729121685418	4.70069285546755	5.20275223914874	5.17883530255466
8.95187616633644	8.93358843751007	9.02724520345228	9.06868347998481	9.02435404034863	9.06362092261873	9.00264998911571	9.00834923945211	9.079057091573	8.9811365663626	8.96616096477461	9.15123831661397	9.30681200778528	8.92407197284465	9.05670700469164
9.905955049195	9.95315166501986	10.0026459855258	9.90520511741399	9.91724153131134	9.90185933087191	9.79090125222547	9.77346587393246	9.82399539904615	9.8502816873854	9.88211982732627	9.67636756781794	10.2534667327411	9.79182946721167	9.8541966822546
8.51442029612615	8.47508425297724	8.6529327537488	8.58925328037888	8.73804985519199	8.71411658337894	8.83180485519137	8.70933553651274	8.88439171496564	8.96372897981914	8.8749929656845	8.89808849971202	8.99481229143091	8.78528881859728	8.95644288121821
4.27550197769882	3.82020304744532	4.73143246325593	4.40792351566432	4.34807637288153	4.35696000018059	4.11690520237875	4.07997891643314	4.35295249003856	4.73880994655689	4.33657305090038	4.87370434108506	4.26806129617397	4.57947280687649	4.55590495163448
9.86240228266147	9.85859593085873	9.80947120157621	9.82998828183713	9.79365561663453	9.79897158265741	9.75041944793201	9.76787943891388	9.78937100679378	9.66504226446642	9.74407687749381	9.75412272533239	9.76011106553795	9.58562026744661	9.72221869952441
4.33625600877792	4.30280383053679	4.53089947588323	4.25878007635851	4.78346251755218	4.48113941140132	4.24814973565699	4.33094048996635	4.58901984827208	5.04829327507761	4.61668097009311	4.68729121685418	4.1861196826378	4.89241211853659	4.63996921642295
8.49206532023307	8.60335827463159	8.38100404540017	8.70778566919809	8.63935174046918	8.65023789031121	8.40289447925149	8.42480741343058	8.40606382649812	8.30969003092907	8.24879709081193	8.5017355636981	7.99815109190488	8.08381684738936	8.14686619297708
9.07061645189798	8.98021258002255	8.92682815221436	8.88017917465919	8.93917365977479	8.86065176454567	8.84179796424437	8.81061887234993	8.87651444609557	8.74046853463866	8.8238388777344	8.80659014522652	8.57173000342057	9.11235503249072	8.83834475664086
5.10266538083661	4.82020304744531	5.0289263398331	4.93148547172133	5.06855384425917	5.03097368871888	5.03444304218677	5.02108522737957	4.91276151353138	5.33844902391049	5.3018076327397	5.63666514378421	4.82622373755141	5.30925186044942	5.13121728232192
5.2599051226478	4.9341592367424	5.46619378649541	5.36211982605119	5.78346251755218	5.66912912860563	5.27917663127762	5.50758508921503	5.24192117764982	5.73880994655689	5.66307387557756	6.36846903283464	5.23221609722725	5.636573214107	5.66693626402322
8.97534492435637	8.94948606439028	8.8816448431917	8.93092531056465	8.90545304193078	8.8713305330717	8.88739867940562	8.89196363578481	8.90503804501592	8.6696923733783	8.70802128163154	8.76004755928949	8.4320736047464	8.86556415641383	8.8129155698405
9.13775604530497	9.1554098336893	9.14457587078455	9.1522768552274	9.14779952311107	9.15909511539104	9.07036261644171	9.07952800377408	9.06199799874733	9.13154877872697	9.10664695687852	9.04605607992191	9.28702089821294	8.97093656392567	8.97004048461893
3.84486762336896	3.82020304744532	4.07304889306541	3.70909305038488	3.91101256727269	4.1480131099091	3.64741991907752	3.82844014943717	3.71908038883645	4.01943841240543	3.50904024690514	4.87370434108506	3.83819637921749	4.0167402535388	4.08197376330206
7.5786935100046	7.58893120399631	7.46619378649541	7.5357336432104	7.59081743960978	7.58858570129508	7.61028415293938	7.60228580930452	7.6876478809998	7.55749993815756	7.46781758417863	7.59749454650353	7.21165477474493	7.56143888404622	7.68023308663668
5.74757042201404	5.54924172583989	5.64637669330316	5.77049359504902	5.87163832893854	5.84122850128228	5.93078816743385	6.07997891643314	5.84978408048105	6.3500837243939	6.23273723991584	7.01913478060662	5.70069285546756	6.23439786576521	6.26960076647784
4.02174538545304	4.24508833268051	4.65220577210536	4.67738419065754	4.65682907902116	4.59547208688032	4.37803001820391	4.31876577602025	4.49530541344989	4.89787643252451	4.59769786672554	5.22162764450537	4.64725359650609	4.82598475679762	4.66693626402322
5.02174538545304	4.76992984096409	5.17374289268488	4.80024093844307	5.19242550242133	5.17584731810582	5.1111688328296	5.30030887131269	5.05749660651239	5.66154482023019	5.54416847030874	6.47316641150133	5.05888449434169	5.69563915497152	5.80079201075801
9.33066777051564	9.38651778693823	9.29280057980775	9.27166731935518	9.43987235784252	9.3610068332433	9.35120943195835	9.3683374786268	9.29329327937084	9.33076244074991	9.32939901801264	9.35483103082167	9.12726258745456	9.21902136954186	9.26574697090779
7.40699941570923	7.49765722827496	7.45623267644521	7.21895409586532	7.34602563331676	7.27568926382451	7.09236652606532	6.88939336066903	7.16488014188599	7.16157126182642	7.06319670084513	7.16916022461123	6.80655375741128	6.37783894570683	6.49324934378471
9.6533422156736	9.68362561447772	9.6478361724776	9.72274949486646	9.61826549779727	9.63819979537964	9.64766761330783	9.65650105435364	9.64355164423456	9.52226017324136	9.57361224820123	9.5555283810588	9.75419918030492	9.68422618969841	9.50917019064932
4.79162560209198	4.4247943549154	5.0289263398331	4.5663528782688	5.04851609102262	5.08089891405056	4.70948088720978	4.61603181667335	4.65117632433465	4.88193488865549	4.67217608268481	5.11471244058885	4.83222247817286	4.848468770949	5.02057321863793
8.6281268698091	8.72511599361339	8.79208714739039	8.96031815392904	8.82159764643895	8.81417946140891	8.96696798311294	8.86552946817239	8.92853375446541	8.97504429304697	8.94753927944528	8.60738735126196	9.19254595179723	8.90498079203965	8.94684772443702
7.42284369377401	7.44415967978234	7.59282722502643	7.49235229682502	7.46607358227998	7.56597518963582	7.57945616286022	7.58205487247893	7.59919165332937	7.61287669519393	7.59411055851779	7.54355573939272	7.71130996284159	7.40590286412471	7.58270501097819
3.98427068003438	3.80030349000761	4.29792230390561	3.9581205982248	4.42780356535226	4.32417006506292	4.50594749312464	4.37863723199765	4.40541990993269	4.54995312910421	4.57846164786262	5.41427272244776	4.12878650757185	4.77211788481888	4.83091199913435
8.34921166388183	8.44496095447157	8.2156788498523	8.40872836647509	8.24399585066904	8.22330123721334	8.24094443330211	8.25150602247195	8.24119964973235	8.10088822602517	8.19060037120251	8.16916022461123	7.99881792576971	8.33601877001221	8.11539676483952
8.46256132592299	8.53952153590519	8.367780350244	8.52612303348026	8.42197448655007	8.40772580835076	8.39878004774567	8.37349654685056	8.41056321320866	8.34645794957549	8.38443268967897	8.37234204198185	8.21911354480144	8.51885125523391	8.32673399766697
7.37477908058126	7.47900142899464	7.37572910335949	7.50896121438046	7.51617863871703	7.43389566672847	7.50047236305849	7.4515377790451	7.43600822976612	7.43037151335154	7.39133885433127	7.63666514378421	7.22994592360243	7.5408775615639	7.45701319464899
4.9062681680331	5.01408278103935	5.26786507004943	4.93148547172133	5.15543129493913	5.47368360648228	5.31953436889376	5.15036824432453	5.30404288955761	5.70296474761017	5.39821211669276	5.95859323867157	5.19545754721713	5.66218385778604	5.41984340205845
8.65744025469758	8.66723893523834	8.60565126538401	8.67537905476716	8.52345580441595	8.65683684997374	8.59649301725917	8.55636060400037	8.66415417833286	8.49795270660543	8.56630744757799	8.46593484227026	8.29219820205549	8.64194638620586	8.50169990837454
8.7136230900907	8.79402816458112	8.7444514097258	8.7761181442429	8.80078561053995	8.81344132118258	8.8982649159034	8.78429759419397	8.89314512063969	8.99370813731201	8.92201255444978	8.64948918414179	8.74190397289306	8.80936639748981	8.73621197160391
6.16260792129289	6.37857133815476	6.08602674706362	6.08438437087097	6.09809811987318	6.26924385455933	6.21644087592966	6.06911792380137	6.13100527624796	6.18124468088083	6.05626065363475	4.73620081733513	5.82622373755141	6.26536421644842	6.05670700469164
8.53562478811271	8.61408468122465	8.53010830775762	8.74203714899979	8.54059336496768	8.56597518963582	8.54210445109379	8.51227025468092	8.52761930360794	8.4595315597536	8.5454073669421	8.38005700710985	8.32287782014491	8.84893348186971	8.40390185818943
3.82380600784113	3.71784132981564	4.14095295756721	3.68803143485705	4.42780356535226	4.03097368871888	4.07036261644171	4.354985963933	4.01760387938888	4.28489955563376	4.21727412252803	5.11471244058885	3.68751746671982	4.09404597970624	3.93441657488821
5.0672600447054	4.87830600200888	5.2293909222348	5.17799742164246	5.21956163235885	5.43581542089184	5.0938215892657	5.07274734720206	5.02432974257719	5.48811387528634	5.03877322690591	5.95859323867157	5.17672098463555	5.41848093020418	5.45894322174739
5.48453601618025	5.66380149010275	5.68669414849065	5.75031571311139	6.15073959961441	6.04613349588989	6.16476484115734	6.32486597555667	6.27895190859478	6.60197008687182	6.33943270503962	7.06771496105168	6.26584687510853	6.09717886919121	6.25634466977557
8.52913346089185	8.57801542651713	8.5245579490094	8.67471005635921	8.53069644717221	8.55541883735988	8.57685717991831	8.50758508921503	8.50795807164513	8.57247614573035	8.58690907081468	8.13309096990371	8.83968599735798	8.66429769705196	8.49042145322056
9.01479262481127	9.01192143974988	8.92983064037589	9.05846243092141	9.08463205227274	8.99431755265658	9.06406667121803	9.06456826679559	9.07622788061272	8.96656613912267	8.97170092053913	8.82931022172661	8.84562913672401	8.99758731080207	8.90640219871861
7.8513868167525	7.98572958499011	7.9494918723387	7.90320751739426	8.04851609102262	8.09675956895986	8.50102081204472	8.38667862370592	8.52406440643131	8.67085256245642	8.54911768628048	8.62697174758037	8.73271352886762	8.63387910493774	8.53318487513439
5.93601551142715	5.97910664279638	6.33100465886144	6.37535565320788	6.21057284913159	6.24754878346001	6.51466471022575	6.57822978396096	6.44104381966342	6.76076919913303	6.65391387629209	7.16022709984122	6.29871150901415	6.65369739189821	6.66693626402323
7.53724306651109	7.65690193108506	7.4122549793846	7.5327833455751	7.46607358227998	7.65601362881537	7.61535870984522	7.4981688643789	7.70972233413822	7.61046012002104	7.64006389753107	7.80659014522652	7.16844659465663	7.87243741877533	7.57560686607703
4.86562618353576	4.66380149010275	4.93641420104356	5.00995952974441	5.0883170990806	5.09067993484315	4.67100673939514	4.9439173668571	4.99038241065385	5.1516330247703	5.0940027476263	5.5017355636981	4.61977286008399	5.08144594292661	5.07192009863814
9.95581423398515	9.91578070742754	10.020782638173	9.82818453702093	9.74507028286976	9.76882799372291	9.7522634424836	9.76983715275238	9.70580515812082	9.7533952566993	9.75963892393515	9.79220622706387	9.95533499486277	9.72403605535734	9.73142955272435
6.96756434730197	6.98131767011172	7.06651592322618	7.17988453118673	7.11264642844234	7.19410952449855	7.52979423507901	7.56153619714172	7.55806691994317	7.63087312448777	7.59530731930054	8.01913478060663	7.46622760183053	7.82030857226541	7.7242260673742
4.94579653221974	4.67477260792375	5.03785946460311	4.78047768362164	5.38849064132744	4.96868941046454	4.70948088720978	4.96750418717473	4.89084673710294	5.33259629766505	5.14065284092512	5.95859323867157	4.75853693003984	5.36229809481106	5.39586453912401
9.86111070241326	9.82667323359356	9.90135746469825	9.76201544112472	9.79215006466811	9.76080981882698	9.6319792240387	9.65286858485372	9.66818593235191	9.62160300320152	9.70608384915116	9.69504349257837	10.0364892028589	9.47647265296336	9.68560010828826
8.89242624287947	8.91866783074627	8.95775272540926	8.97180072197633	8.79478375043961	8.77376938586275	8.74603049157661	8.81712483620934	8.74781210737977	8.65158910152787	8.72889047367913	8.57077720812775	8.69823161795127	8.82172971344835	8.69258852933172
9.21106311311727	9.14558551897405	9.2156788498523	9.18318104487373	9.14603259693688	9.18272276419675	9.1021598423901	9.13526135193433	9.13722379898312	9.05541770951099	9.10286531633609	9.00921931174154	9.26778467935003	9.15769897610177	9.08635030632739
4.3656997866704	4.05664324326739	4.62874679928137	4.40792351566432	4.36437818521063	4.6091470237774	4.35879379934099	4.4914051621596	4.50495558348361	4.87389756959007	4.84310890466472	5.18686222634469	4.47392199362053	5.05591085081947	4.57026024461155
8.28997246050716	8.23955722670728	8.28015144337726	8.10439433160246	8.25058852797948	8.21326311757585	8.15991077972347	8.17674677114782	8.15188624440778	8.07483041274744	8.06923850763296	8.02406707614885	8.06844513264978	8.07112675971204	8.17061479574969
8.95551168705295	9.07952713394073	8.94593697516207	8.90092115393493	8.98140189516409	8.91602553179147	8.89784849360555	8.84763371467048	8.88762283622865	8.90775118045963	8.91148188695761	8.41427272244776	9.07351835120819	8.92407197284465	8.75832267320966
9.32224461628156	9.33298409067555	9.21960990144221	9.33527821383255	9.26205371447293	9.30118674706209	9.28905486893557	9.22524877308364	9.25913046768204	9.17961543729618	9.17867391826506	8.90612581877744	9.09082271900855	9.36229809481106	9.18234408833179
8.99078131485805	8.90300827354167	8.94534363974721	8.84076364758663	8.88087501921012	8.86706850621754	8.81866546527189	8.83004940229883	8.82736449658602	8.72603035752811	8.72178493344652	8.73017702970735	8.45655154248149	8.71208030203305	8.71294866178006
6.3547286688494	6.37184547496645	6.37396649466023	6.58356216830103	6.63011174064538	6.76080981882698	7.39701312157148	7.35349480613525	7.42334181792995	7.61408346652393	7.53297026370388	7.8682292110189	7.2151020763634	7.8316386962648	7.49324934378471
9.4689346025558	9.44736211182068	9.32645500185567	9.56851529941942	9.35012420153039	9.43101123716206	9.32481044569916	9.33396818266392	9.3777843430185	9.24650732095135	9.26806101024965	8.91942264139089	9.23476577984827	9.41063249913618	9.29142712893102
4.07619316947541	3.73890294534347	4.43947644811963	4.24442478338143	4.51800137432385	4.38902120941289	4.25856635160233	4.20430705143534	4.54292343368263	4.6284865316509	4.31348943778734	5.47316641150133	4.08925814338521	4.66640844364777	4.73222772427494
9.73810319491801	9.75223573417795	9.63206885661928	9.72952954446241	9.72272070767912	9.76692294255359	9.7196482466327	9.67870141610976	9.73608074136266	9.6955735844365	9.66392965120773	9.55382407484655	9.34087204879117	9.67848567011515	9.70035926556067
4.17928666243952	4.10611191953169	4.39844917985958	4.47093331319011	4.42780356535226	4.23877857383228	4.18401939823728	4.51293832370924	3.90549351306734	4.72099867044043	4.54911768628048	5.2887418403639	4.42712778214159	4.43838048764189	4.57026024461155
4.42284369377401	4.38526599072877	4.62874679928137	4.67738419065754	4.61656520880743	5.02077792161299	4.92752783827026	5.00597833498936	5.00405734755093	5.21663027961673	5.27815636467506	5.71195327108845	4.90232671663721	4.94204288626119	4.97813795231753
5.07619316947541	4.91578070742754	5.32006128117486	5.20789890735632	5.42002621476054	5.42812102910184	5.18947382832939	5.08717441783734	5.17095465629567	5.59465293657502	5.45732521036099	6.38389907340424	4.73311433315993	5.45312707301107	5.54140538193936
10.2817903482689	10.2209655384803	10.2475535000201	10.1295110086716	10.1530873544708	10.184436518159	10.0909099938458	10.1432661286393	10.0322761913607	10.0523050976437	10.0356910144452	9.89808849971202	10.1043634051242	9.92913522454212	10.1257605599654
9.35885262127412	9.36508810879114	9.45997615710058	9.44370450471806	9.40877230456908	9.34168246552384	9.28141312054983	9.23094469998963	9.31848027278142	9.34282303951231	9.34868762724519	9.20868858879787	9.75873379093131	9.28987284459131	9.26022362939531
5.32880020385887	5.46958227666224	5.70363401091236	5.58356216830102	5.53969644542316	5.62269355561534	5.72833991446109	5.71689349678901	5.77598278007093	5.99370813731201	5.97767862965907	6.41427272244776	5.55595776248654	6.02004539826247	5.96733119736094
9.28275536171014	9.37142406557514	9.24297389450772	9.35211265269581	9.26964686379516	9.31011012122439	9.33068449341048	9.25030461084869	9.29642239383238	9.34355075455466	9.32001912223952	9.21732750707174	9.11316647448945	9.28163473489249	9.25634466977557
4.49123066875426	4.47586853950968	5.26025188593956	4.63399159514416	4.94392718974542	5.12915408265779	4.60723082896182	4.73074347555004	4.69398940787362	4.9825388295939	4.9138819790781	5.68729121685418	4.7896978615263	5.23724061553403	5.10187332073977
4.42284369377401	4.60765841206521	4.76409865217625	5.00144802988889	4.94392718974542	5.03097368871888	4.93404114522893	4.86238748136051	4.87604973517486	5.26044651190922	5.15370899375056	5.5017355636981	4.75222315610764	5.20275223914874	5.24296563997437
8.87845022389334	8.79402816458112	8.86605472994257	8.88307789984755	8.8956720211382	8.88333834569405	8.71185179167252	8.68523617937214	8.78492205505224	8.60257817751977	8.67670574116533	8.57750307131606	8.45558035763102	8.90855182119185	8.79621928096819
4.80243235704856	4.99670070281111	5.20580410191718	5.04351208945544	5.16476915951847	5.3074913239163	5.08213978421807	4.89555434529571	5.07055275933783	5.29094860030657	5.14065284092512	6.3371048619253	4.91368657880176	5.45800929439082	5.15045350118483
8.6341886225963	8.7915103715496	8.66811535233067	8.82155144468849	8.69196867328572	8.73219472019663	8.58567468559538	8.60479484479064	8.68552782912543	8.62968032157494	8.65620933427975	8.38389907340424	8.87134630683238	8.76228352471431	8.59679738228138
6.76424916316068	6.97910664279638	6.8679344631608	7.18553109432787	7.01534922708742	7.0436178979711	7.16891250584708	7.05450822891702	7.18902622921769	7.0642740604715	7.18425186792898	6.11471244058885	6.80044710261799	7.3253715258127	7.11661990610896
4.78073728594924	4.78012560806998	5.29792230390561	4.84849610705029	5.18326550313586	5.1480131099091	4.89451278104229	4.60604772810072	4.8383793172088	5.16486885192699	5.31348943778734	6.07723773517019	4.7958500885079	4.92098127073336	5.04133177880472
8.5266916633427	8.68904673890587	8.55131901712216	8.68271763496058	8.5152664066026	8.48763178191198	8.66465662400283	8.57054904687934	8.58731755304108	8.62968032157494	8.63017242272924	8.63021012164691	8.70151233577411	8.75436748268146	8.56578954056632
9.69090301359062	9.60873144673044	9.71586179362444	9.51233506426626	9.61528867572823	9.56597518963582	9.43826068561307	9.48324663877244	9.4727390195109	9.42040407496985	9.45798322407405	9.54355573939273	9.78274510088454	9.35511886920675	9.4937201204379
8.76079029063144	8.87889909350373	8.77682741168046	8.71626254580372	8.72706083004157	8.80826373793449	8.77216615542572	8.7324654113513	8.83503587413443	8.79149467103999	8.7135425093457	8.8208320678023	8.7266880640005	8.72479583508572	8.77235981677923
4.45058868425691	4.27423467834002	4.75329189721967	4.68803143485705	4.77128780360608	4.84701085387628	4.74695559262844	4.89555434529571	4.8981887124441	5.17144150585048	5.08721358196366	5.63666514378421	4.95275614348035	5.36229809481106	5.26077691609083
4.96516185708667	4.64160574398855	5.04673761594956	5.03519682124344	5.20152770952859	5.19410952449855	4.95980424129402	4.97528153776644	5.14032303764201	5.5650074748265	5.34228670209477	6.09609676242151	5.02262095035492	5.17336843236765	5.24296563997437
8.8251314053077	8.86459716680377	8.91172125982416	8.83718079382246	8.86377621116557	8.86991125598636	8.89743195107606	8.93895453072516	8.88115334089909	8.89738091644858	8.93388665473807	9.01170457513113	9.02785759872106	8.98157125044783	8.90569482187635
9.29953943880753	9.40927696457367	9.27921004364344	9.37946706961509	9.36893007518061	9.4286031327123	9.37414336461882	9.29643378157789	9.29676965464543	9.32819111854506	9.27964598281554	9.03388136597581	9.14815183243878	9.22976641703356	9.3513602236786
8.58026421787982	8.73366629697732	8.6752893852184	8.85382517338786	8.63011174064538	8.64941089399112	8.60314965215001	8.63087958108066	8.63643531960577	8.57371717379904	8.64006389753106	8.42922306391373	8.92495769113677	8.52351640090247	8.52859760563874
6.42284369377401	6.49765722827496	6.4891723502735	6.48321164296855	6.53250094401896	6.52147150543654	6.57007783054436	6.49951780794692	6.5935495067526	6.6685312505463	6.50395137023234	7.27225371757533	6.19312874115716	6.32269739151438	6.45894322174739
4.86562618353576	5.05664324326739	5.26786507004943	5.13195005412302	5.21956163235885	5.19410952449855	4.89451278104229	4.98301718654605	4.99723608169491	5.28489955563376	5.2419361767623	5.91677306297695	4.7202330418632	5.28747491805417	5.63314795056694
4.99373100928344	4.97022849144992	5.23716827282651	5.11626843189075	5.29803569038194	5.22995472344528	5.28937239838351	5.16404318122161	5.09631585540292	5.6284865316509	5.37610141508701	6.03876358735555	5.07920447872129	5.68734778134013	5.66024161144921
8.63040301286481	8.64996921692318	8.49486025698564	8.86325073596887	8.70082205975868	8.61678259312573	8.70520341566315	8.66133016360191	8.73351777206026	8.68010063925844	8.68516070797588	8.67480027267098	8.80197619130474	8.75436748268146	8.71052056296137
9.72111762663763	9.68633872301759	9.66703616386925	9.46823344198745	9.54462261673117	9.53496734792077	9.45364198278018	9.49749391931822	9.47580923782409	9.42591186516083	9.43276528137692	9.19125399546185	9.49463601701629	9.43063985827259	9.4603890495359
7.42983012409011	7.56995770287999	7.50375333387011	7.60197678799952	7.59427714160564	7.52327826214217	7.50156905261407	7.49276044177161	7.5145416323128	7.59342979530558	7.6060337258936	7.8682292110189	7.98945408641972	7.46530178695718	7.56668479038772
5.32130566731195	5.07332198441403	5.18986255804816	5.26590451079189	5.52526937478788	5.58166628735529	5.50594749312464	5.60604772810072	5.53352473568038	5.84129290415815	5.97400297151567	6.68729121685418	5.46622760183053	5.86326577287708	5.93995475842964
9.56804626580509	9.5428936333677	9.57835826987451	9.51607455583864	9.47548454220606	9.51603761938592	9.47836166145274	9.45084065651842	9.44856440163321	9.37378798498517	9.40300399074762	9.2534765105447	9.5910953282875	9.38458577814742	9.48569594935307
5.14573410272849	4.88776633125795	5.23716827282651	5.06817414368971	5.68306062059434	5.42812102910184	5.18947382832939	5.23053859300852	5.45604598300266	5.90971804516903	5.71684513201855	6.2555749764287	5.59175848391439	5.64087335154063	5.67359999430423
4.30619877492173	4.38526599072877	4.8679344631608	4.32848904816991	4.58908447238532	4.78811716482271	4.26890829582379	4.3668600642213	4.60705377110234	4.72993179521044	4.74299741987451	5.38389907340424	4.51924598413002	4.82598475679762	4.77002975698732
5.51113022619196	5.57874572014998	5.69236289857734	5.54893582519139	5.56107009621573	5.72671662015857	5.47947528176345	5.50758508921503	5.45106257548841	5.84951341096311	5.75589790858232	6.72412798503455	5.48538718011399	5.93505645594509	5.78856570842475
7.36205200965526	7.40516554816647	7.4122549793846	7.4724738312659	7.49041554265194	7.52327826214217	7.45137359388379	7.51694025426673	7.47948489596749	7.37592372932916	7.50267634139028	7.7058271682916	7.41818234847462	7.5591687104214	7.4608706703185
4.64323376219931	4.73890294534347	5.0289263398331	4.44605864455108	4.79553534985275	4.86991125598636	4.47054215699344	4.41340265015833	4.58901984827208	5.01213361178219	4.9061875872881	5.73620081733512	4.50429564266405	5.10030497017793	4.6535157482609
7.6357000895139	7.80155528621707	7.78015850307236	8.00783635785144	7.77890903126535	7.82227417555478	7.7217672605376	7.69939192703107	7.78591189731466	7.81109464810504	7.66307387557757	7.45866684180621	8.02785759872107	7.90319195728983	7.75910610795109
4.84486762336896	4.71784132981564	4.85788079849687	4.5194318308813	5.21057284913159	5.04109790599258	4.81910537838428	4.92797582298808	4.54292343368263	5.16486885192699	4.93672195543621	5.32116331805628	4.43503298022694	4.91389184594705	5.15045350118483
5.3436734803404	5.26700310910895	5.50536438377609	5.22262041306309	5.40434459252828	5.25626600056112	5.34419642312803	5.24347764871601	5.22450412457241	5.46689738937665	5.57846164786262	6.16916022461123	5.25025002005751	5.61049970249711	5.40390185818943
5.29858559081186	5.0979840386483	5.2215714177755	5.12413054966372	5.19242550242133	5.2990790841001	5.25856635160233	5.29410372178598	5.27613689298773	5.36736171582573	5.25411089070841	5.5572306762898	4.83222247817286	5.10030497017793	5.24296563997437
4.96516185708667	4.76992984096409	5.11586197660438	5.25162028478564	5.23737290847531	5.27354399199296	5.61535870984522	5.63579507149478	5.78788954675511	6.24495017558605	5.97031792470781	6.78350653211348	6.29002054875011	6.15544652437039	6.47046947512842
8.62127681454055	8.73497724212967	8.51898615433972	8.77487013807434	8.57689506337741	8.67076021418456	8.59700615795136	8.5459533809372	8.59750132502717	8.54679693655052	8.59411055851779	8.40295740921993	8.83894138054615	8.54145268417104	8.52583822633233
3.86562618353576	3.75966150551026	4.07304889306541	3.90434934178381	4.57514528142745	4.52508275898892	3.90780960365575	4.34301332226693	4.2648215797599	4.6284865316509	4.6354175326747	5.5017355636981	4.27688514656098	4.23724061553403	4.35499225770848
7.70788672054156	7.79779663439704	7.73692845101079	7.78792066680721	7.75592349395389	7.82959380079888	7.90946312250827	7.80353747790524	7.828805990502	7.9107004728821	7.9100399127837	7.9688615741254	7.58998939106133	7.97817667231491	7.87494476719701
7.16260792129289	7.24324698585634	7.17374289268488	7.4207475560219	7.32535629638144	7.24754878346001	7.93078816743385	7.90066847699235	7.95032916113341	7.95327806454255	7.98226007219097	7.7950945063887	7.53955296745039	8.35380970846275	7.97274469354731
9.46638866946999	9.42885028966692	9.50858109645963	9.35503858888233	9.40828100708744	9.43101123716206	9.31548666244412	9.40694762802103	9.3566213500553	9.3723623968841	9.40232041099501	9.41427272244776	9.53496277891099	9.30620926872581	9.39132379210996
4.351053010706	4.2597351086449	4.53089947588323	4.4207475560219	4.61656520880743	4.63611407137767	4.35879379934099	4.28161277760278	4.21865139832697	5.07658231950904	4.49884447979926	5.44402006584181	4.28565535618871	4.64943536504405	4.52675860597496
4.46426362115399	4.33081820670639	4.75329189721967	4.81973711406887	4.88864475424423	4.8812265692142	4.66318723493584	4.44734998208166	4.54292343368263	5.04829327507761	4.77714564228636	5.61066993525126	4.50429564266405	4.83351842948302	4.91204876185975
9.52750605514581	9.46879456436264	9.45373161536077	9.50143540158746	9.4470654675129	9.42425838946943	9.41749382505567	9.3884999786264	9.39410459670486	9.36126606473049	9.39030503483817	9.42922306391373	9.42266199856956	9.40716561697635	9.41338837992115
4.47781015299193	4.33081820670639	4.45289696388195	4.25878007635851	4.85442903890632	4.62269355561535	4.53194270165759	4.55506379938192	4.62486504721881	4.93697625221346	4.75161055017922	5.2555749764287	4.26806129617397	4.63226022123592	4.87783304652184
8.45058868425691	8.4953384037079	8.4036418490799	8.67604774309473	8.44323360592187	8.43101123716206	8.49001202119167	8.49411444941759	8.55980406047923	8.47223083367969	8.48212112220813	8.24716273661251	8.30735042728803	8.60115115989617	8.34250131352528
8.10920822670337	8.20213113206884	8.19885134127541	8.27299393557821	8.30755148550213	8.25191397602142	8.27148223948762	8.26267121394933	8.27049032984659	8.27196049992626	8.32218913273772	8.49819520599285	8.54367168725588	8.21722272195708	8.27179832218208
9.02001033408229	8.94382842952835	8.97820025393539	8.80697250758056	8.915168196764	8.86849058128674	8.8456895462138	8.87179298759496	8.8383793172088	8.74488213667641	8.83907339142956	8.71805347062486	8.96884139299799	8.92186500432356	8.9961927724749
4.351053010706	4.24508833268051	5.01993755660585	4.86735513430161	4.84284106463111	4.92562068857265	4.6314783752085	4.90372827674141	4.83072574466537	5.00479163644103	5.12747745217739	5.2887418403639	4.41118623827257	5.01010716120635	5.14086745235563
4.84486762336896	4.71784132981564	5.07304889306541	5.10041448068992	5.28096217702299	5.02077792161299	5.42039604900943	5.31876577602025	5.2127748319903	5.56000679376813	5.50904024690514	5.85167803475506	5.30303743441695	5.28747491805417	5.34667698949648
8.0435439757316	7.91809086811475	7.86291638839417	7.99824322655498	8.02947452501723	7.99886967060329	8.06220968159249	8.00027221664414	8.07541851450965	8.05096906262838	7.94988017731549	8.08197565417685	7.85080937582969	8.05993062227181	8.13242708955498
7.08285689975642	7.10205370295734	6.99950565670103	7.22445008362017	7.2680231213155	7.28636803235054	7.66807938964362	7.57950594064823	7.56960854182586	7.69500346190749	7.61785916129039	7.61066993525127	7.29110978628082	7.91033402653385	7.66693626402322
7.68324944104719	7.73366629697732	7.68100303641279	7.64496271296516	7.70082205975868	7.6609459243576	7.68072189422835	7.60228580930452	7.58674967464726	7.72993179521044	7.724521976652	7.12393097061823	7.79508249336295	7.6526330650031	7.52307355916711
4.74757042201404	4.83005083340166	5.21370930000253	5.62293640663516	5.33985586607656	5.45108217754514	5.91111474837943	5.97139810327921	6.08026791417105	6.27577816566521	6.13737025693582	6.63666514378421	5.71699466779666	5.97306978188182	6.13605043605786
9.00663849306283	9.03658349398415	8.93342539732101	9.31524342091471	9.02242916342414	9.09857847448453	9.27693666957973	9.24789878198507	9.30127645526624	9.08748379982852	9.10244452151296	9.06292989848631	9.05632425402313	9.17411036863542	9.20264364994232
4.27550197769882	4.4247943549154	4.604900057327	4.83897333293179	4.70882371665942	4.77604433252214	5.19490771438002	5.17083234688425	4.91276151353138	5.6284865316509	5.51411123645257	5.63666514378421	4.82019994992365	4.92098127073336	5.09195785187469
8.43244133754665	8.45374572861153	8.5996306200646	8.51794067308355	8.66918452171619	8.66831289376581	8.86797099358981	8.8295131841024	8.90093234884796	8.89440424061771	8.90666969089856	9.12163185452864	9.08140971231721	8.83492662387583	8.86697205389007
8.64848402288651	8.81958532316232	8.67600483033145	8.82094692130194	8.66672188377959	8.7477327814404	8.75295433324988	8.69997874625449	8.71232788846915	8.68240342512786	8.64815920156628	8.20868858879786	8.68088437438738	8.71514226648111	8.59942444529722
8.7773177654081	8.83433819180476	8.89645450317085	9.02840519706523	9.02050171485303	8.9378642843274	9.09709012568404	9.08088031917467	9.07582325431898	9.08182531149709	9.07568391689814	9.29487662653601	9.02360427087979	9.11467572206494	9.09133586650576
8.27453209864321	8.34290548900512	8.22353027081355	8.44684250495662	8.21844109246493	8.31481201036469	8.20638721126573	8.10234672946159	8.20687423055062	8.18774331817958	8.1921831415652	8.51230480540829	8.40616816350595	8.09952407974431	8.1939787888152
6.37296778713444	6.33081820670639	6.64929417668545	6.67738419065754	6.80153409047419	6.91189370546114	7.44112147386138	7.34000457239459	7.4548017439942	7.78668657350768	7.5540499818227	7.82931022172661	7.61282009944222	7.38298224898279	7.6568825993593
4.46426362115399	4.37184547496644	4.81695053444199	4.63399159514416	4.75900947382764	4.76386961857604	4.57425350651555	4.54464718343658	4.67701632926991	5.01943841240543	4.82689867748346	5.66220023589135	4.44289509799991	4.82598475679762	4.83091199913435
5.14573410272849	4.85919717906118	4.97413386699272	4.95812059822479	5.22849475712886	5.16662878807644	4.95980424129402	4.93596861374162	4.93434837573952	5.47223083367969	5.40368724675891	5.68729121685418	4.70723570133433	4.96965511746905	5.24296563997437
4.80243235704856	4.91578070742754	5.07304889306541	5.10836323380541	5.02819610664303	4.92562068857265	5.00381142353311	5.11560282616386	5.20687423055061	5.5650074748265	5.46258093581248	5.5297499398677	5.1529528187026	5.42348161126255	5.41189464894296
9.4224059164862	9.43208684748176	9.41697037370269	9.32678675293891	9.33882500140898	9.37808034660224	9.31797890239172	9.35200210549418	9.2974639256121	9.37485625237266	9.39512320023548	9.39726629714207	9.52504413935378	9.38650766347723	9.39384819352551
10.188326943821	10.1096535188155	10.1266313478096	10.1348714760613	10.1234621853616	10.025566160462	9.96119997981573	9.96115407178241	9.96962385048705	9.89638937342612	9.93908045692745	9.8022900077929	10.0796773126276	9.85449836838723	10.031962547312
4.16260792129289	4.4247943549154	4.26786507004943	4.57784851710662	4.75900947382764	4.71411658337894	4.68651973876646	4.4914051621596	4.63368889760581	5.21663027961673	4.98864974748007	5.63666514378421	4.49676196997865	4.73237170602613	4.73222772427494
4.22819626292046	4.2597351086449	4.73143246325593	4.55476490399359	4.63011174064538	4.55365191118569	4.54901621501653	4.52358556790875	4.72734800482006	5.15826611710274	4.92914873573141	5.5017355636981	4.54868976202251	5.0167402535388	4.71940368391736
4.12866058936955	3.78012560806998	4.47936917524314	4.24442478338143	4.57514528142745	4.64941089399112	4.37803001820391	4.354985963933	4.40541990993269	4.69386254050292	4.70802128163154	5.58419772389008	4.34559789664499	4.81079835298294	4.9454717633972
4.94579653221974	4.83005083340166	4.95539730441114	5.15515744528435	5.18326550313586	5.10039508967636	5.21108764143545	5.06547934673802	5.12788593440379	5.52963314472461	5.0940027476263	5.89539941218438	4.90232671663721	5.41346285543756	5.31292819814194
8.55172646240433	8.55370597398449	8.44031889780248	8.80819306183347	8.67246151356442	8.7093630534083	8.74278795841321	8.84869257346362	8.81238410867586	8.61829923461925	8.80223662324919	8.67166056514042	8.35760519806773	8.92539453523602	8.63058163792898
5.51770288011545	5.37857133815476	5.61089879794845	6.01842110849261	6.00758582696774	6.03097368871888	6.77443632905055	6.77374462865092	6.85356572102347	7.12309711401178	6.93860906498047	6.85167803475506	6.23900526288989	6.88518054930552	6.73222772427495
7.8898951982989	7.89247333393548	7.98918016104034	7.85205100422692	7.98272243991614	7.96204409682253	7.9356648877086	7.96555328080456	7.93613278541771	7.99463502140486	7.92724920281593	8.38389907340424	7.89518110994968	8.11428919961363	8.03487675666742
5.98900859904104	5.89247333393548	6.13680131429675	5.73499491382764	6.02819610664303	6.07598342363644	5.96617376616974	5.98301718654605	6.01084651321357	6.18124468088083	6.02107122517245	6.05812891222249	6.20473536080514	5.82220311625519	5.89504233655406
4.67885767193003	4.2885899713171	5.04673761594956	4.79039315248673	5.21057284913159	5.11004525971008	4.70948088720978	4.99071157833605	4.71076512062446	5.13827464191528	5.21104216881652	5.97905734123129	4.73311433315993	5.23724061553403	5.24296563997437
8.34274837928858	8.39026667178713	8.24875624710173	8.32678675293891	8.26150981435682	8.23877857383228	8.32077753574439	8.21502120266678	8.33953197427624	8.3311293986664	8.21960418231994	8.14219317701096	8.04151404320265	8.44761475241489	8.30221771805994
6.88862800889737	6.85679068135408	6.90258060596768	7.05589581391127	7.01534922708742	7.04864471504594	7.2057144693366	7.16744175768348	7.26055535178887	7.2542679369801	7.15045601595548	7.27225371757533	6.99748394967755	7.21289679655429	7.01533657027177
5.05827126147815	5.01408278103935	5.31271930583369	5.38847115299814	5.63011174064538	5.49593641332941	5.79067697005776	5.70758575456279	5.85356572102348	6.47489018013018	6.30473696377837	6.59749454650353	6.16250712541585	6.13119897812371	6.18351178976413
4.60670788617419	4.57289299390454	4.81695053444199	5.07630202457311	5.14603259693688	5.22995472344528	5.2057144693366	5.19767395910289	5.10902690715247	5.58483864674807	5.47303529344965	6.2887418403639	4.89087669589367	5.3465880117224	5.32990127674565
8.33346459538036	8.39856281334223	8.29606196188009	8.6429119734004	8.46890332174402	8.55541883735988	8.64543683279842	8.59157345797055	8.6232045501536	8.66212831671576	8.68065755943991	8.64309141294364	8.35344007055285	8.86050287058185	8.53410058131613
4.71362309009071	4.58457479895217	4.87791855173342	4.60056859360671	5.05856975568654	5.04109790599258	4.804961196064	4.82844014943717	4.74374244307073	5.1516330247703	4.98864974748007	5.2887418403639	4.42712778214159	4.84101296602995	5.02057321863793
8.8552842393143	8.73563226826618	8.83050919134699	8.70647710217787	8.75900947382764	8.76080981882698	8.74325162386502	8.79202436498683	8.72218629970428	8.6696923733783	8.72725383704203	8.78641226328889	8.85781008060925	8.71768894859146	8.74730968048724
5.39455464934259	5.06500671620202	5.42592991628168	5.58356216830102	5.55398067142941	5.60232575792138	5.33929762371519	5.44174727585229	5.44606189443004	5.76512122367274	5.69021000551508	6.32116331805628	5.22311389012	5.73237170602613	5.72582995307679
9.2296982880857	9.27873607057496	9.18986255804816	9.22901413374389	9.20152770952859	9.1935423159043	9.14138530720604	9.16063657977836	9.131784059015	9.09614605966079	9.13036986766326	8.99923522316892	8.88367400973532	9.12852200842623	8.98552091583621
3.96516185708667	4.07332198441403	4.66379374638057	4.63399159514416	4.68306062059434	4.37307966554387	4.39701312157148	4.3668600642213	4.75995267025198	5.04113348350475	4.67217608268481	5.07723773517019	4.60583366912612	5.06233711997891	4.79469181122159
9.73845494307064	9.68396503220447	9.59320603428183	9.55912130903772	9.63683760383369	9.62311484194945	9.53623006006069	9.57727192509593	9.57563113199709	9.62489922344314	9.55528042542897	9.5808542808157	9.66058943903503	9.48785610312607	9.6250055835573
4.66708050415367	4.6303784885653	4.8679344631608	4.96689080785253	5.26368418559116	5.03097368871888	5.13397871573768	5.05083257077362	5.15265383955273	5.50382395837501	5.45205026832032	6.05812891222249	5.29871150901416	5.73639596258492	5.5915288613652
7.41582326609624	7.51302153792714	7.37043480368998	7.7654755202824	7.43939153962748	7.59203300291355	7.65532511716287	7.4981688643789	7.63588645331006	7.56999088234076	7.56019173243891	7.66220023589135	7.23334984584425	7.7069625419984	7.59328717363756
8.71433853520375	8.7915103715496	8.74308651365343	8.76924071173894	8.77814871765571	8.73297561063025	8.59649301725917	8.61851708006294	8.63533737812136	8.54806024227125	8.53546627650795	8.70582716829161	8.69164771586455	8.56709873846459	8.67443080057015
4.74757042201404	4.86878322789038	4.91717798218065	4.89518934249834	4.9971692110224	4.94731575967197	4.9851153298232	4.75805082154577	4.95561699249317	5.36736171582573	5.29593106640303	5.8293102217266	4.7896978615263	5.36229809481106	4.9995116031101
7.43851585195634	7.58893120399631	7.61239459387393	7.65313664441087	7.76516170080923	7.78510841495038	7.93971626650382	7.84763371467048	7.91547760163996	8.19421281350913	8.03965265091417	7.989181558505	8.48300610177041	8.01839377239131	8.14566843861946
6.25204300487483	6.14213114233268	6.2215714177755	6.01419652263088	6.24179157974232	6.32417006506293	6.18128443051604	6.21748244018307	6.27049032984659	6.41522135460433	6.21104216881652	6.36846903283464	6.2024214949669	6.39066298606442	6.45508058211499
3.84486762336896	4.15394044462231	4.15744108035578	4.54308309894595	4.8773294410164	4.93650900471539	4.75433512299404	4.83700216294059	5.07703679290803	5.19098169224612	5.36491767659434	5.5572306762898	4.713749008293	5.04297179511198	5.34667698949648
8.70932295265708	8.69512125331555	8.73624259645026	8.6807199032208	8.67246151356442	8.6821264691345	8.56536570319504	8.58840756896499	8.62818031878316	8.59465293657502	8.64988801548303	8.81799490849877	8.96952190953933	8.71054687934744	8.59854928904297
7.33996951157699	7.3582989431285	7.51818842413367	7.14166520895623	7.46796069182425	7.52688500162291	7.48724664744696	7.51827176801228	7.48680823677335	7.66271157730218	7.59291280416016	8.06292989848631	7.79661727546609	7.5420275776	7.77932750156942
8.63267557050073	8.69444756895081	8.56991469937767	8.65381571951914	8.71360349477276	8.71569761919842	8.65975282920368	8.55895072146608	8.62983510203576	8.57805238431002	8.58450056434396	8.58419772389007	8.22197206573045	8.69408814779018	8.55770719426847
5.82380600784113	5.73890294534347	6.09461424290034	5.81002195923566	6.07846931312425	6.01050958615916	5.82261986256051	5.95182256494245	5.5935495067526	6.14162585141491	6.01750461015225	5.58419772389008	5.80502951528229	5.53857477569449	6.16943660455241
8.52179563474933	8.54924172583989	8.66811535233067	8.43819652677811	8.54596320382552	8.54300466698619	8.59597969398712	8.51827176801228	8.55864619922856	8.61408346652392	8.58991406053033	8.53666935380749	8.91333293373542	8.61433156408814	8.50357110843049
8.18135801245921	8.21346125606823	8.19386448860565	8.34287802969071	8.29272189048547	8.2110229074349	8.34113662337897	8.200164943965	8.26765873906342	8.17471663788334	8.11834906656063	8.03876358735555	7.99280529591936	8.61323778462643	8.19860652346771
5.61898621595263	5.35147767727248	5.63464740072106	5.72985161055168	5.79553534985275	5.80008980648879	5.72458777959998	5.85397524154431	5.70240164768983	6.10775821539221	5.89067458791677	6.51581074890982	5.76482319288727	6.28747491805417	6.01008084482028
8.70788672054156	8.80655163767279	8.6909477978843	9.02263335977952	8.89005294863704	8.93379462001835	8.98668262497016	8.93147811889439	9.07298768825489	9.26506313997959	9.12747745217739	8.91942264139089	9.46478032362099	8.81460996693296	8.98418136602699
9.48830558005164	9.3819225476544	9.48957937384536	9.45153674458915	9.43167657449947	9.43964728248286	9.31048922929075	9.35349480613525	9.32326080510175	9.27425231143425	9.35823607884355	9.25976277339213	9.56836472304956	9.30282106838763	9.35187964584115
4.65520640386539	4.54924172583989	4.87791855173342	4.81973711406887	5.05856975568654	5.04109790599258	4.84698441095971	5.15722191536559	5.01760387938888	5.52963314472461	5.34797781417263	5.91677306297695	4.7266880640005	5.0167402535388	5.35499225770848
9.57633423713068	9.50420706345227	9.52495511213397	9.44134651720177	9.43070929652767	9.48253309533604	9.34755472439049	9.41268685007374	9.36459389647396	9.19622859564634	9.27180827220286	9.18905978204894	9.00779014542912	9.50623840947063	9.36429000229057
8.7524550048113	8.77885507074357	8.81435342295595	8.81184854108872	8.79026591259034	8.82300781149273	8.7991752757587	8.71224713193265	8.81238410867586	8.81004197017371	8.84713316122351	8.87370434108506	9.10234814282565	8.77015636848559	8.75675452627169
7.42109178701241	7.4992010433403	7.33825439794083	7.68005337743352	7.45088717846531	7.52508275898892	7.80762381455136	7.66133016360191	7.72115173885615	7.79841153309321	7.78345941621856	7.77182472706584	7.38285751521408	8.07351466929039	7.64845069317804
5.32880020385887	5.34462400623142	5.84266770455037	5.49538635691465	5.62335437447007	5.7515912887976	5.78708370533375	5.75353534042328	5.57534491137501	6.04829327507761	5.99228832454342	6.77182472706585	5.72990477668404	6.09090627217568	5.92885704954631
3.82380600784113	3.63037848856529	4.15744108035578	4.09242168993639	3.93303887360268	3.90359438224265	3.75433512299403	4.00597833498935	4.04432121776466	4.10432730999194	4.05973284554155	4.95859323867158	3.56318933171762	4.57947280687649	3.81893935746828
8.32973428938253	8.35489234168524	8.26120573393522	8.39579655963539	8.34807637288153	8.33037521458963	8.21108764143545	8.15208471691356	8.16411902604618	8.22297180649056	8.2227050863421	8.42549997787102	8.37208917097539	8.13882020578298	8.29142712893102
5.97474790591587	5.85919717906118	5.9880283086511	6.15131537898995	6.09321589849344	6.03097368871888	6.10540956354092	6.07636766288076	6.17700370096848	6.04829327507761	6.11418062956393	6.68729121685418	6.38693869202589	6.38810728116066	6.197450980722
5.56289165388171	5.48212752998136	5.72591545828837	5.45854958873428	5.75283089889851	5.94192250090175	5.88109226527997	5.90372827674141	5.92359531944265	6.04829327507761	5.9023249476557	6.5017355636981	5.87352945232977	5.91744091302811	6.15045350118483
8.83305832107933	8.83372649154506	8.71968350457685	8.71105190342294	8.69196867328572	8.66258628273886	8.65285939268488	8.65408042452252	8.62265062615336	8.5983161506656	8.64642831348717	8.44033501903396	8.72467397035928	8.63387910493774	8.69340847538441
9.40079045113876	9.42763470607508	9.31822928722597	9.45426801390693	9.29644360446621	9.37007091567154	9.30201660763573	9.24669436139956	9.30645917563176	9.16198387302353	9.1774758323491	9.00672975971584	8.8537611825697	9.37622789580085	9.18642691510612
4.49123066875426	4.48835948369287	4.93641420104356	4.5194318308813	5.07846931312425	5.16662878807644	4.73953812106595	4.84551366279611	4.84599250131867	5.16486885192699	5.18584161469138	6.16916022461123	5.074151250995	4.95591506084275	5.01008084482028
3.9261677254708	4.4377334106229	4.29792230390561	4.5663528782688	4.81938209180712	4.6885814912718	4.47054215699344	4.52358556790875	4.29850470601618	4.67548401118806	4.47823420012397	5.47316641150133	4.22311389012	4.98326554898771	4.6535157482609
4.46426362115399	4.65274630159375	5.12427421642058	4.62293640663516	5.03839187374891	4.94731575967197	4.71705410691457	4.82844014943717	4.75187032395413	5.210260754741	5.36491767659434	5.8293102217266	4.84414564554868	4.60610793337995	5.13121728232192
4.96516185708667	4.72841057152582	4.8878340205985	5.17799742164246	5.29803569038194	5.56772709639742	6.15085253430208	6.26267121394933	6.2274216079547	6.90971804516903	6.94425562812162	7.32116331805629	6.77575867056843	6.44084874323264	6.77002975698733
9.58026421787982	9.48602565459256	9.60038457620451	9.27652562654846	9.40237235019667	9.37558217274704	9.32139871768764	9.40514942880918	9.027262476355	9.18368510160522	9.26618372300898	9.31513953042851	9.3764574734837	9.17966276179121	9.31506078543475
8.65520640386539	8.65343973830063	8.62726787035546	8.88365694663071	8.79703737501798	8.78058349213731	8.85944188189695	8.808987786771	8.86672394290276	8.88393724156664	8.86708776759916	8.85167803475506	8.93648952832601	8.81698712192933	8.79316272253485
9.10594051286947	9.05244325473811	9.07467752357615	9.16328802065603	9.09443800364139	9.11364749639027	9.0633241621739	9.06320056717581	9.10744413678978	8.97739052065936	9.02950676413902	8.80085377567738	9.11439770566372	9.07470714356207	9.0081050010407
5.86046447841998	5.81525383147358	6.0423053696343	6.50445043934289	6.40434459252827	6.47368360648228	6.90117651132331	6.89555434529571	6.89452239524633	7.24806278745339	7.10076011380161	7.58419772389007	7.03177264872445	6.9420428862612	7.04133177880472
3.78073728594924	3.8971650292602	3.78547230296883	4.40792351566432	4.38049785057391	4.45108217754515	4.11690520237875	4.24347764871601	4.39507796571124	4.80793430721172	4.26618372300898	5.03876358735556	4.14815183243878	4.21434021342395	4.55590495163448
4.79162560209198	4.74931956128881	5.05556146633657	5.20048143579384	5.11746344474011	5.38902120941289	5.18947382832939	5.06547934673802	5.25341681648764	5.67085256245642	5.29593106640303	5.93783467850477	5.1861196826378	5.67062069493468	5.46663761353739
4.39455464934259	3.95230658345266	4.39844917985958	4.27299393557821	4.41220671030125	4.55365191118569	4.33929762371519	4.24347764871601	4.1216269439321	4.77378608479987	4.46781758417863	5.63666514378421	4.04861615888786	4.49648344220546	4.78241348144316
6.52097801214831	6.36508810879114	6.65511150328077	6.54308309894594	6.78346251755218	6.82667040559211	6.88109226527997	6.9379599115607	6.88716169029508	7.13659611346428	6.93672195543621	7.46593484227025	6.44681014800329	6.44822827359823	6.70971028771351
6.29476387985946	6.25608733162976	6.30903425902584	6.09242168993638	6.40828100708745	6.48113941140133	6.12546721588217	6.40766628060918	6.27895190859478	6.49336960073784	6.2870710894828	6.72412798503455	5.61630066817718	6.19107043410111	6.44732413848056
9.455304078575	9.44295693270068	9.54780548396409	9.43898466940405	9.41856328236456	9.41747378490233	9.29507601019096	9.32828603652038	9.29224873120824	9.24572895835308	9.30875510676061	9.37234204198185	9.49463601701629	9.29567984087589	9.26132999067721
7.4140628082318	7.48835948369287	7.64637669330316	7.47093331319011	7.73256580553326	7.69660986502774	7.56169004505164	7.4640287232283	7.56269465459568	7.62010222803145	7.33227291346676	7.49464613891178	7.75459406057038	7.33999131508548	7.58270501097819
9.86820012719958	9.81463398397065	9.79076660263834	9.72274949486646	9.66590006943616	9.73453612461787	9.61890030912903	9.64161054680898	9.62043280090355	9.43788734633341	9.51632420177881	9.41615000968843	9.65150056760628	9.6914994246106	9.5972355584551
9.05996092988237	9.09543465639647	8.98109781474249	9.04868489901617	9.03584967918646	9.07043340381122	9.02684589434721	8.98205249574388	8.99894442415727	9.04561251548146	8.99772904139093	9.16022709984122	9.29979420703187	8.93023358397156	9.02318443209446
4.29093201826843	4.15394044462231	4.47936917524314	4.54308309894595	4.56107009621573	4.6756424355643	4.59083639071115	4.42480741343058	4.48559025861668	4.78239921510458	4.89845193850849	5.38389907340424	4.41118623827257	4.95591506084275	4.95644288121821
8.49373317595743	8.58384745079415	8.5348488214672	8.65991305443113	8.57951576353655	8.59890299228059	8.515750668155	8.41911630135272	8.54526357213715	8.57619603186746	8.53359467186809	8.44033501903396	8.93195768080795	8.55233667693897	8.5586074720143
9.26821194176834	9.28546193376328	9.2171542497159	9.31395510854374	9.17981545356609	9.23161331152704	9.10360506669417	9.07410603043626	9.14302942066433	9.06339086788751	9.13078259690106	9.11932906865922	9.28072867510879	9.1231531211635	9.07758390323768
9.12166634276666	9.14657096644466	9.25355723336555	9.13389832591254	9.19641478613494	9.17584731810583	9.28364614814572	9.14348185873929	9.25913046768204	9.46556094181383	9.35753094928851	9.18466131815142	9.76873824289065	9.31430863057884	9.33673995337271
9.29380686818861	9.34762649439294	9.1015541399205	9.36378096042111	9.32327298188096	9.39050673730206	9.50102081204472	9.44909637503295	9.47519571664075	9.51064368876872	9.42773554342629	9.26185212211487	9.07541621823158	9.53655681846944	9.4094016553368
8.33346459538036	8.40681152101003	8.27921004364344	8.46475473826099	8.34397197454879	8.32830979542385	8.35029662266445	8.29021190652898	8.34960904696419	8.173898551646	8.27068511524392	8.07248420519956	7.95137886887371	8.53164428178587	8.22946137562462
8.97594169583991	9.05769133270026	9.00691726578242	9.10935375567122	8.98667683720476	8.99431755265658	8.89284202805778	8.88733383849074	8.9356868898676	8.70239753901593	8.71684513201854	8.690397127722	8.55822152419516	9.03971881731689	8.8294208413366
3.96516185708667	4.12223158489497	4.42592991628168	4.89518934249834	4.33158825009296	4.4959364133294	4.70948088720978	4.73074347555004	4.81529570409576	4.92146325284213	5.22347927205474	5.38389907340424	4.55595776248654	5.19692316034654	5.04133177880472
4.47781015299193	4.53726908417382	4.98341168058073	4.84849610705029	5.05856975568654	5.09067993484315	4.60723082896182	4.87075095429513	4.75995267025198	5.29094860030657	4.98134494685684	5.78350653211348	4.66080012834404	5.04297179511198	5.1694366045524
8.53643415421578	8.53877110933905	8.45956069416297	8.56057052567479	8.57951576353655	8.59718855946934	8.70472735723914	8.53283788114695	8.65551526005899	8.67085256245642	8.62197526976262	8.45866684180621	8.16191183139424	8.75535936655752	8.69340847538441
9.3147158579516	9.3480549116317	9.19984664662078	9.51756764268952	9.41953873543815	9.43821152680866	9.61002995594447	9.50490100464383	9.56817087848727	9.51387988357767	9.5506608408194	9.52279717922593	9.25556073142629	9.55973658881522	9.50683987994902
9.25647071691564	9.2087511799261	9.10740039785619	9.14408380975888	9.18613425540521	9.20484433250578	9.25986315622078	9.22361722635517	9.26091135303457	9.27844453349646	9.19613248714918	9.17803837595768	8.89589726535823	9.34888974788841	9.30704727636143
4.91625225660572	4.65274630159375	5.31271930583369	5.24442478338143	5.29803569038194	5.28210600549638	5.30453220555451	5.40766628060918	5.43095500203983	5.73437770024163	5.54911768628048	6.20434965307353	5.47775385521156	5.73237170602613	5.67359999430423
8.65147561554144	8.75514602438777	8.8253590027776	8.62293640663516	8.73726769467357	8.69340387472865	8.6319792240387	8.57439452683063	8.60761371484735	8.64038021023215	8.54788197310781	8.95084373906664	9.02425944575067	8.42472907786936	8.66526551103871
8.64022501232697	8.61764250063784	8.595854917724	8.60969738314597	8.59859013447673	8.53675729236984	8.51737807390105	8.58650469547626	8.5388190353499	8.60014427556605	8.54168748080499	8.49464613891178	8.59881324144834	8.62468131803804	8.47619825184549
4.47781015299193	4.16953729967333	4.2215714177755	4.36875291838364	4.79553534985275	4.7515912887976	4.89451278104229	4.90372827674141	5.08349181504533	5.21663027961673	5.38719912397034	5.44402006584181	4.7202330418632	4.92803602826731	5.21582951003686
7.08063907450661	7.14410608451773	7.04008412971763	7.20233938201442	7.16010778214861	7.13152498712053	7.19626299399203	7.2009943173945	7.30266033550749	7.16815892186117	7.08551128673266	7.36069168224291	6.65573507326119	7.06073323427631	7.12879462005506
9.22116606085294	9.29126575886786	9.31731241713417	9.29710150768501	9.26639754926645	9.30118674706209	9.31486292916986	9.25988800644807	9.33006277451883	9.28906099694833	9.33871832273193	9.13080641670915	9.59793328104236	9.24114027276767	9.29737193803563
4.25990512264781	3.97022849144992	4.39844917985958	4.07630202457311	4.44323360592187	4.27354399199296	4.0938215892657	4.28161277760278	4.1341178881153	4.51936480927078	4.60722064084405	4.87370434108506	4.04861615888786	4.44822827359823	4.57026024461155
8.87589451898958	8.81401387003852	8.79274696676658	8.70123093261191	8.68549554951139	8.70538977895835	8.5726890440009	8.63824655048887	8.60031743960647	8.48217820731661	8.57118142194646	8.48394625025457	8.56409073445915	8.67534482335743	8.62285519555911
5.40876850856229	5.48835948369287	5.79076660263834	5.69860067656724	5.92206775578168	5.66912912860563	5.84006499701992	5.74446175679782	5.84599250131868	6.11800224688902	5.8749929656845	6.45866684180621	5.61282009944222	5.99002291516302	5.71940368391736
7.87845022389334	7.98352531406338	7.77882698932681	8.18740838156853	8.16709421246471	8.18157912954242	8.27019584168425	8.30494528143341	8.27895190859478	8.2253427109533	8.18425186792899	8.12851824011388	7.85817759940907	8.20855786082995	8.10434157633052
4.54369808864839	4.24508833268051	4.68669414849065	4.71950966633022	4.58908447238532	5.05115157065651	4.90780960365575	4.85397524154431	5.0509239525889	5.57990635120584	5.37610141508701	6.27225371757533	5.29871150901416	5.60610793337995	5.41984340205845
8.85658104393275	8.9341592367424	8.91232858251925	8.94708232677235	8.8442946617726	8.92903212322179	8.80895328327473	8.81928698729352	8.88069012206677	8.83716501853547	8.87647038009	8.76594816072918	9.01538938112384	8.78334514024213	8.78472364213036
5.13722260287297	5.08158960039763	5.58065251108033	5.58925328037888	5.45850036257518	5.58166628735529	5.47054215699345	5.5602440384876	5.50495558348361	5.7476337969439	5.71684513201855	6.16916022461123	5.53404298605811	5.67062069493468	5.78241348144316
4.97474790591587	5.24508833268051	5.21370930000253	5.47093331319011	5.63011174064538	5.70140553162939	5.73208231614691	5.73533074504569	5.81916871324297	6.39008179232582	6.00675155385538	6.5572306762898	6.26584687510853	6.03319077431939	5.99951160311009
9.26235327365253	9.21016581809229	9.39236734893994	9.08186349823781	9.25168438450075	9.22774030237983	9.03557917169099	9.04345304040802	9.08026791417105	9.04337473770863	9.04360343852481	9.00423590422728	9.46308999531879	8.98072335442525	9.11661990610896
4.5307590329409	4.3582989431285	4.61687269899308	4.4207475560219	4.48855759643136	4.76386961857604	4.61535870984522	4.4914051621596	4.75995267025198	4.95232421654689	5.08721358196366	5.38389907340424	4.40314891920715	5.15544652437039	5.1215021274887
8.38918813959277	8.35914933810796	8.53957380944906	8.28881890273989	8.52979335165546	8.56334333416427	8.43539421329933	8.3932247682207	8.41632759617956	8.62788926604895	8.52042501038477	8.60079969122721	8.67045872531017	8.33137026643414	8.52030358383766
9.39589316347066	9.46918847427386	9.38844401811354	9.41835171538124	9.35574078814998	9.38256618727559	9.29823496709331	9.20472060885279	9.27507984443081	9.46789891322172	9.35964530488076	9.18905978204894	9.69597178901648	9.26988296138624	9.261882853317
8.63947184340311	8.48056532621107	8.86918625937026	8.54234983588524	8.79628655790976	8.72906692484491	8.56589003358092	8.66434016895184	8.57133184886838	8.5461648686145	8.56691759562722	8.79797701492182	8.87897290630708	8.57161068910352	8.75361310959033
8.80175930126734	8.76992984096409	8.82793639522888	8.69332573452656	8.73570210033557	8.71806592896291	8.69517305052589	8.72729342598027	8.73966126625891	8.60561479207147	8.71959155401851	8.65585870901752	8.73271352886762	8.77211788481888	8.72582995307679
5.21207659755719	5.4377334106229	5.50536438377609	5.70909305038488	5.8252826932468	5.89245382463745	6.10252128421609	6.08717441783734	6.24480368618294	6.42900078161812	6.08039231610765	6.71195327108845	5.89374773174842	5.82220311625519	6.11172110669612
7.78483004058313	7.81153074543087	7.97878023184909	7.60338360921376	7.95069089196472	7.86564502801533	7.83398316610028	7.79037210860365	7.77797407789003	7.94467064400345	7.72342778240851	8.13764925186602	8.05824486008564	7.43467016830351	7.74018524605386
4.69053947697767	4.56111582612818	4.90746282734743	4.57784851710662	4.86592467774415	4.85850649271411	4.71705410691457	4.80244494090423	4.78393153318643	5.22297180649056	5.14719568679189	6.01913478060662	5.25025002005751	5.16144526499183	4.77002975698732
8.77457630132257	8.72906858523889	8.73555641568066	8.74522683643859	8.71678123843834	8.72043035731114	8.67344166831219	8.67393020038155	8.71648701218829	8.60985534321869	8.61491187724005	8.53321379517127	8.79085340427201	8.4402320751143	8.69586552117993
8.67150821619449	8.66448963466189	8.62282196532426	8.72404339185085	8.64018881333333	8.69179820395535	8.73953812106596	8.64679407044403	8.67006356862814	8.73604138872993	8.70414381134345	8.72412798503455	9.09519452550819	8.73237170602612	8.70158240683011
4.50452749136772	4.38526599072877	4.74240358107694	4.66665778406448	4.8773294410164	4.93650900471539	4.7018677030999	4.72152494552066	4.77598278007094	5.27882504122408	4.78555788210256	5.71195327108845	4.52666345569251	4.68318415639859	4.78241348144316
5.76976616812824	5.68022703801586	5.74785801116905	5.64496271296516	5.9707937955981	5.91464957075165	6.23502230167138	6.15036824432453	6.09312051624311	6.73659552549145	6.5392022174154	7.15123831661397	6.54138496139928	6.41848093020419	6.74493877602449
9.7652852099132	9.64857866737852	9.58865374533757	9.53425924855894	9.5760204376817	9.63360721576709	9.56693812301379	9.55895072146608	9.4727390195109	9.47089931993414	9.45831211841969	9.59252258854101	9.11039235647455	9.53597974044539	9.55770719426846
5.00312970728569	4.95230658345266	5.24490392160612	5.38847115299814	5.30649726913013	5.51785118975785	5.91770240841419	5.95182256494245	6.04762636248833	6.18774331817958	6.27218246363042	6.58419772389007	5.7896978615263	6.11892064834527	6.26519558735784
13.4926649278627	13.441075630709	13.5309736256553	13.4299940394708	13.4314952592724	13.4082453295378	13.4271212379402	13.4385202353776	13.4239976561663	13.3528648568195	13.3721140507594	13.371737569253	13.5037084890843	13.3184671639512	13.3834382028937
13.0118493493105	13.0040933025227	13.0043916194849	12.9149394113119	12.9606935952367	12.9335398844229	12.9336603160841	12.9946032320833	12.9293738494294	12.8400042081896	12.8909182658231	12.8101638281063	12.7258827639289	12.8029948916028	12.9252841869382
4.76976616812824	4.16953729967333	4.77482505876932	4.35545609577018	5.05856975568654	5.08089891405056	4.76167709833521	4.63579507149477	4.52406440643131	5.17798435171725	4.9138819790781	5.61066993525126	4.48918875027384	4.6914994246106	5.03098983458326
4.78073728594924	4.83983185419425	5.0643316759643	4.99288601638547	4.9971692110224	5.16662878807644	5.17304828041628	5.14348185873929	5.22450412457241	5.73437770024163	5.58811181789634	6.36846903283464	5.26806129617397	5.79930271414511	5.55590495163448
8.86240228266147	8.86878322789038	8.75057751252264	8.81367281324862	8.80228218229334	8.83614986124452	8.7884322286046	8.83433198812526	8.79331414567727	8.79042758886051	8.79496338833701	8.92470724451916	8.66416697944244	8.9372433519844	8.8083811657697
3.88609028609547	4.02269591134406	3.78547230296883	4.4207475560219	4.13657226768782	4.52508275898892	4.43424602777046	4.354985963933	4.3422260834455	4.6284865316509	4.21727412252803	4.41427272244776	4.35396136957962	4.83351842948302	4.74493877602449
3.09389517120887	2.95230658345266	2.90746282734743	3.21527843772192	3.17404697310648	3.58166628735528	3.38755279232241	2.92797582298808	3.29850470601618	3.36736171582573	3.33657305090038	3.41427272244776	2.6472535965061	3.57048402364923	3.66693626402322
8.41582326609623	8.49997233180608	8.61687269899308	8.57927905271307	8.45279424422997	8.46900408554241	8.57893674069767	8.59977240267424	8.63313898525271	8.52963314472461	8.53484267803665	8.72412798503455	8.84488758181645	8.68630800108547	8.71133038338168
6.24809582035817	6.06500671620202	6.19785534880169	5.80513973785591	6.29803569038194	6.13389200166445	6.25856635160233	6.34601581042845	6.07379841884149	6.21980452741188	6.26618372300898	5.71195327108845	5.85597108094547	6.32537152581269	6.13121728232192
6.76424916316068	6.92499923745693	6.63170011667072	6.93148547172133	6.7246951093023	6.6527160387148	6.99916006526148	6.78263645982405	6.92718858416666	6.81214655849863	6.8690681317274	7.21301451420066	6.54321463195636	7.02827528390527	6.72582995307679
8.13294794777265	8.20780731660105	7.97180506093275	8.37123248652347	8.07228013571745	8.2076560563365	8.36663947252796	8.28082849107035	8.38531459634301	8.19904596724508	8.27068511524392	8.35287217778362	8.14995407507276	8.25277639508006	8.13846095464854
3.90626816803311	4.15394044462231	4.12427421642058	4.45854958873428	4.15543129493913	4.52508275898892	4.47947528176345	4.29410372178598	4.64245910723355	4.94467064400346	4.71684513201854	5.63666514378421	4.57038483312182	5.09404597970624	5.06179588136443
9.28757077018908	9.33989314927201	9.31960350073602	9.30749623322411	9.2707283443862	9.26114638686074	9.19558551333112	9.14993880689291	9.23650090186556	9.18043028907773	9.20674203138289	9.09140506709678	9.40817748840023	9.12007619109098	9.13000645972387
8.91500801759726	8.98021258002255	8.8330774074963	8.81610159335237	8.87163832893854	8.94529564959971	8.74788010085674	8.71805275361386	8.77498609951945	8.70636332407204	8.66078932238301	9.01418556463489	8.38744802832099	8.92759611515493	8.82792814069553
4.50452749136772	4.2597351086449	4.47936917524314	4.47093331319011	4.47360725496539	4.72671662015857	4.35879379934099	4.50221191711618	4.40541990993269	4.86581522329221	4.52921812884277	5.47316641150133	4.41118623827257	4.71616147884486	4.63996921642295
4.8552842393143	4.5007432081487	4.94593697516207	4.77049359504902	5.04851609102262	5.01050958615917	4.73953812106595	4.69351056935106	4.71076512062446	5.24183083374187	5.03171846937196	5.8293102217266	4.54138496139927	5.28747491805417	5.05160011425855
9.01072131983715	9.09900253148332	9.09568409466675	9.06307086620397	9.11324943578273	9.07598342363645	9.15190062373495	9.03370976624463	9.12710504397017	9.29434007512633	9.20282166201155	9.16246557203722	9.36123984648514	9.17188341418106	9.04647508208068
7.6341886225963	7.65690193108506	7.8130531118802	7.66800295436323	7.83992946921121	7.76234052988929	7.93809707998044	7.8697081678089	7.96351257642519	8.26506313997959	8.0492910988199	8.20434965307353	8.3710594100174	8.04621745461563	8.00480590277961
5.41582326609624	5.40516554816647	5.56219560637276	5.47093331319011	5.54685623699603	5.47368360648228	5.46605476600113	5.50758508921503	5.39507796571124	5.59953515795477	5.35364656425932	6.2555749764287	4.90232671663721	5.39830304826655	5.26077691609083
9.13935519016579	9.17341030882054	9.11796963956637	9.06000021224401	9.18670732196325	9.21214344732882	9.42877963260218	9.35162868889034	9.38008032287929	9.38266613633162	9.3344245843218	9.6024494284463	9.00015066955122	9.39002448415495	9.45797853094522
9.08507132082187	9.04082984006929	9.02050099931595	8.90149308458301	9.0049887154817	8.99692052141121	8.88319746781446	8.86918649178048	8.82640269985647	8.88793362927694	8.80689298568041	8.83212523733366	8.55776905593337	8.96751684074608	8.90357060793545
7.42284369377401	7.35147767727248	7.35978755949047	7.45387814901038	7.65019598668871	7.6243779633267	7.89618160140292	7.93097831114961	7.9405841775357	8.19421281350913	8.09146055306385	8.44402006584182	7.50523459163367	7.84101296602995	8.02839272309722
5.10266538083661	4.83983185419425	5.23716827282651	4.60056859360671	5.22849475712886	5.1480131099091	5.23238241979868	4.85397524154431	4.98349602506861	5.44536422782701	5.16019302732076	6.03876358735555	4.85597108094547	5.24290936562073	5.46663761353739
9.66449138275983	9.67954636093747	9.64198937606222	9.68935683232362	9.67573107879585	9.6214289579821	9.50266490913534	9.56926493905901	9.59524446881271	9.49369744872036	9.51284515910857	9.41989727164164	9.68668999606858	9.43436054387033	9.55138947051199
5.66708050415368	5.48835948369287	5.78547230296882	5.91345154889106	5.91655075081412	5.95268893177082	6.43194691168087	6.45571345501629	6.44104381966342	6.95041462653826	6.82485953220986	7.38389907340424	6.29871150901415	6.70798754739916	6.67027197658648
5.05827126147815	4.86878322789038	5.18986255804816	5.10836323380541	4.94392718974542	5.19410952449855	5.39229071132908	5.10854806862991	5.27613689298773	5.40689008001237	5.38719912397034	6.01913478060662	5.08424006861858	5.47255760295997	5.30436618463851
8.37929739007112	8.55593292843885	8.2773253992985	8.67136040302977	8.53520346439878	8.50144639472168	8.67587249456696	8.65286858485372	8.68181022526959	8.53855837450409	8.47108086320147	8.49464613891178	8.38234655539259	8.47617187217609	8.44829597754788
5.39455464934259	5.51302153792714	5.85282757077059	5.84849610705029	5.70882371665942	5.59547208688032	5.77624989942248	5.70758575456279	5.84219093115882	5.90971804516903	6.14392797295798	6.5017355636981	5.64384699506285	6.3957608537041	5.95644288121821
5.61286011315579	5.53726908417382	5.75870539340604	6.09642362049388	6.22849475712886	6.46618906993535	7.27533456498323	7.26267121394933	7.22158072936564	7.44264984312997	7.43209566194467	7.68105926314266	7.29110978628082	7.27369549104037	7.67027197658648
8.90438843481488	8.84409028667097	9.00862224337801	8.66598472828326	8.87021203614725	8.86777971897085	8.66954380699915	8.77318706534315	8.74832000917727	8.71313655266747	8.7008119506457	8.61066993525127	8.89625520979398	8.71208030203305	8.74730968048724
8.5266916633427	8.58020519932441	8.45039010827138	8.62293640663516	8.64186150342319	8.55365191118569	8.65680253156837	8.61291920480601	8.67594885231341	8.61829923461925	8.72616171356755	8.69658896143626	8.90090042384591	8.74040902509154	8.6535157482609
9.11355369697934	9.10052892383966	8.93462166193424	9.02683334830881	9.13300858936474	9.14038133808104	9.16164624852518	9.17125561079836	9.14070997476137	9.14955391352865	9.00810007712623	9.11702260127606	8.55459779848241	8.97945057530354	9.14925872261478
9.65818410366528	9.74444613573056	9.4964812628201	9.69365598405093	9.61869025712343	9.56860225265166	9.66024395943511	9.56733663174468	9.61124806141259	9.59189940899374	9.57815903747013	9.23870115786431	9.29735699286838	9.63711143274444	9.50823851800416
9.00897295156716	8.93015889142384	9.10368279400035	8.92531170410112	8.95136552140928	9.00922089019059	8.8982649159034	8.87335462769789	8.9181885859157	8.98066884224085	8.95594879507513	8.99923522316892	9.25220887309557	8.95979269655565	8.90922824279738
5.69634509865887	5.74412065461449	5.80653391849665	6.02263335977952	6.16476915951847	6.16662878807645	6.2057144693366	6.3757019409731	6.21571610730242	6.52963314472461	6.28113406447495	7.03876358735556	6.143334816141	6.39321417159375	6.40790378874692
8.71075775639632	8.78898817677978	8.66667625491369	8.7983995916189	8.73726769467357	8.72828391530553	8.65680253156837	8.72383510620786	8.69451661235269	8.56063282764252	8.60959154530679	8.62697174758037	8.33507491023299	8.68526747089908	8.58447410383125
8.32973428938253	8.37437134962547	8.40191303516315	8.34119263809612	8.43264320437878	8.42619100200343	8.39524402871842	8.35870712937208	8.43221996927641	8.47754463357616	8.44476558658174	8.77767745331128	8.79393033434453	8.24290936562072	8.46183342980762
7.72218510359413	7.83127709360374	7.89890806675693	7.99503128821703	7.99586182983561	8.05989142022067	8.33745627689102	8.3888639738449	8.38596754726652	8.556872543044	8.55835195105348	8.92734230468713	8.28072867510879	8.47617187217609	8.4885331086566
8.86175663707411	8.7590173014179	8.96421037421745	8.80819306183347	9.059821551896	9.05240336686597	9.01076046312187	9.02857976392649	8.99937119388111	9.16363313875432	9.07096010096481	9.22377291633692	9.1598263658197	8.88653923253972	9.00546632624772
4.12866058936955	4.31687901574852	4.29792230390561	4.34203558000786	4.39643939444293	4.7515912887976	4.39701312157148	4.19101022882188	4.40541990993269	4.84951341096311	4.70802128163154	5.03876358735556	4.3787647605802	4.59728408299294	4.78241348144316
7.34736796389814	7.51302153792714	7.53721324981543	7.59774807454433	7.58561228047852	7.53943805196599	7.72646506684065	7.78041863457423	7.80556744713388	7.78454448693613	7.7212369011357	7.89539941218438	7.34139790811571	7.91832681728738	7.69176811700316
6.17928666243952	6.15785549462569	6.56837418130189	6.45543697686694	6.6199637852693	6.69500776043123	6.60519168368823	6.67929671013136	6.61598689587235	6.6356344985815	6.78555788210256	6.84053747714986	6.67422064410637	6.74040902509155	6.83982672394209
5.29093201826843	5.039769424703	5.53721324981543	5.7246899054359	5.84284106463111	5.70140553162939	6.64940028320576	6.63824655048887	6.81141226960854	7.26506313997959	6.93860906498047	7.42176725899468	7.04216113675057	6.75039311366417	7.03617007368894
6.17928666243952	5.97022849144992	6.2293909222348	6.87669299888094	6.91655075081411	6.89803485690075	7.82261986256051	7.92897734683316	7.89727300626237	8.33039538947179	8.29593106640303	8.46955515794895	8.28456199119444	8.07827866384793	8.29791116250122
5.69053947697766	5.45055745098048	5.61089879794845	6.18553109432787	6.18785277263151	6.1052282434123	6.75801078113743	6.80898778677099	6.92179532539644	7.14996997554764	6.94425562812162	7.39916583005755	6.70560276959137	6.68318415639859	6.91767331105363
9.16260792129289	9.14064815946348	9.04950087103851	9.11232124737409	9.10902308193946	9.01179713201963	8.96299251892506	8.97625076524051	8.96700790228004	8.98673746000048	8.90570532251981	8.82366365858546	9.12482096209346	9.0623371199789	8.93788043019178
9.47570187402419	9.38443085609422	9.57606037444702	9.31610165713329	9.46276518925398	9.46759726432816	9.33899089573681	9.31187207807847	9.31162334427988	9.37200577964316	9.38754455556325	9.22162764450537	9.76305794824204	9.26397098114856	9.32779053014985
5.72502785336296	5.72313562948515	5.77482505876932	6.12413054966372	5.96010711680086	6.01565288943512	6.55536704716892	6.44734998208166	6.56153911184998	6.69386254050292	6.77503489569055	6.76004755928949	6.84414564554868	6.85958072606922	6.77932750156941
8.79906393375583	8.76480480878623	8.86542760755022	8.79532544802896	8.86735521335059	8.85277012316497	8.71610962567568	8.70466472695853	8.71180715392428	8.74267702346012	8.69691502939297	8.76594816072918	9.01242053238711	8.7374002752192	8.73063093934061
5.15419568147669	5.0979840386483	5.0289263398331	5.13195005412302	5.48110179151231	5.33243768104653	5.85730170194522	5.94391736685711	5.81141226960853	6.24183083374187	5.8749929656845	6.85167803475506	5.47007992732614	5.94552345499616	5.96733119736094
8.93540199024381	9.00704655042296	8.92381940234203	8.99342263347958	8.87874871810173	8.91671302050635	9.04049208685957	8.9508367807969	8.98306453260513	8.99278065734378	8.9605996535223	8.84333069204154	8.88439589868752	9.03890442551378	8.90427902682564
4.93601551142715	4.52519625187324	5.12427421642058	4.78047768362164	5.31490950894633	5.16662878807644	5.02836852777709	4.99071157833605	4.99723608169491	5.37876647909798	5.25411089070841	5.71195327108845	4.66080012834404	5.28747491805417	5.37148038049705
8.67298110559336	8.69781284932182	8.69377661259629	8.69794236259693	8.70482843567657	8.69099469792461	8.62344105614308	8.54791046245942	8.53940609336039	8.49008701674854	8.52420005407615	8.67480027267098	8.16607374043604	8.59506966192751	8.54595217120827
4.50452749136772	4.70719408561613	4.99263021061011	4.82938728410259	4.86592467774415	5.08089891405056	4.76898189895844	4.78485088088949	4.80751835350404	5.22297180649056	5.11418062956393	6.03876358735555	4.61282009944222	5.34131306968172	5.02057321863793
5.38739485776972	6.03125792484748	5.82213077354767	5.7604399303851	5.79553534985275	5.85850649271411	5.94052517879913	5.78041863457423	5.91276151353138	6.00110658963317	5.69021000551508	5.5572306762898	5.55595776248654	6.29567984087589	5.71294866178006
7.72644713044829	7.78646156485398	7.77882698932681	7.77923344461318	7.88723518398956	7.85850649271412	8.04124643722494	7.82090647675176	7.94502187725398	8.04203040304926	7.99953806362281	8.0960967624215	7.68088437438737	8.05671570163024	7.85895503631615
5.17928666243952	4.98793049318338	5.41225497938461	5.22262041306309	5.32327298188096	5.39692640749824	5.16199309190728	5.08717441783734	5.35295249003856	5.3500837243939	4.92153555162153	5.73620081733512	5.02262095035492	5.36229809481106	5.57738467904493
9.41714220116377	9.44736211182068	9.44410384542395	9.37247067430443	9.33572798045388	9.3370674783406	9.29000724769667	9.34976015470751	9.26872123699353	9.24572895835308	9.32507741206255	9.27639344793626	9.39024616821777	9.36197254024781	9.27344429502564
8.87269350804494	8.88894452245523	8.88598005370268	8.85500674187397	8.76822800385702	8.86493276187355	8.65088377438109	8.71166528274513	8.64081874885229	8.63027684630574	8.72014021158012	8.80659014522652	8.89804360104925	8.61104773480793	8.7551846729711
4.40876850856228	4.61906317533746	4.42592991628168	4.44605864455108	5.05856975568654	4.56772709639742	4.6314783752085	4.48051684601686	4.49530541344989	5.11800224688901	4.84310890466472	5.5017355636981	4.54868976202251	5.09404597970624	5.11172110669612
9.11463802250268	9.2011829262898	8.99492566859777	9.2276464341241	9.0697970111098	9.12142162319412	9.02188620797863	9.06593467104065	9.05133562188571	8.95518387068613	8.99818150965272	8.77767745331128	8.5824464503987	8.91921217788031	8.83388969893424
7.64173017160892	7.74931956128881	7.55754424810114	8.14360041386195	7.86305934404976	7.93243551012896	7.97882906697577	7.97625076524051	8.05585624813113	7.9964870050236	8.01839709087412	7.99421714840229	8.15594534215865	8.05591085081947	8.04519097426036
4.71362309009071	4.56111582612818	4.96479600241339	4.75031571311139	5.0883170990806	5.24754878346002	4.81205062085032	5.05817454611479	5.15265383955273	5.3148942959316	5.3018076327397	6.05812891222249	5.074151250995	5.25418047795575	5.25189876474438
9.33625600877792	9.36551137270525	9.31639496397709	9.38315735310167	9.26585528463278	9.27139552541438	9.22210700674193	9.20182321430951	9.22559887234788	9.24572895835308	9.28929119000949	8.99672836755834	9.4810984055706	9.17633389084421	9.22266154351928
9.86337020959539	9.87741590735388	9.83820016491033	9.72759563661131	9.74195430964791	9.7275004805641	9.65088377438109	9.65589627755129	9.63203853131615	9.58021511419062	9.60246711087341	9.42363482565145	9.79258498484503	9.5566104878285	9.69176811700316
4.3656997866704	4.24508833268051	4.74240358107694	4.7604399303851	4.78346251755218	4.78811716482271	4.4883534331099	4.60604772810072	4.53352473568038	4.87389756959007	4.79392135503718	5.71195327108845	4.45849195305093	4.89241211853659	4.83091199913435
4.351053010706	4.51302153792714	5.00179020989559	4.4207475560219	4.78346251755218	4.90359438224265	4.54050471516101	4.51293832370924	4.65984118546178	4.89787643252451	4.75161055017922	5.61066993525126	4.67422064410636	5.10653692388944	5.06179588136443
4.17928666243952	4.4247943549154	4.61687269899308	4.50745918921523	4.79553534985275	4.97925865217472	5.27917663127762	5.19767395910289	5.32598544243829	5.72099867044043	5.46258093581248	6.39916583005755	5.64043233065008	5.64516070994373	5.7946918112216
8.47612377636405	8.56554353816899	8.4036418490799	8.45543697686695	8.53159897772457	8.57471352671352	8.50867728588022	8.39177263418678	8.44856440163321	8.46556094181383	8.54230812828322	8.2887418403639	7.9603077407602	8.47737461925775	8.38575451147917
7.25794360631452	7.28501451709326	7.239106077068	7.26768013568174	7.50335459835944	7.62941941880365	7.94456295093074	7.94292616445406	7.91728549039896	8.11203540512721	7.98317461741392	8.55040941043379	7.47775385521156	7.8531091578409	7.90215272571726
7.35839498604717	7.30103473768374	7.36156756593576	7.62154853251092	7.53250094401896	7.62774089035266	8.04651587448734	8.03882159167638	8.0509239525889	8.19984992103623	8.1977092031978	7.97396846455848	8.2151020763634	8.2251200521772	8.2407236891877
7.19577478522809	7.1578554946257	7.43271908194432	7.20233938201442	7.43167657449948	7.50693541227866	7.50266490913534	7.49951780794692	7.59128645524403	7.6356344985815	7.59291280416016	7.85167803475506	7.61803780871324	7.45067975259233	7.53043426411836
4.12866058936955	4.38526599072877	4.55599045684606	4.78047768362164	4.51800137432385	4.72671662015857	4.69421413055647	4.71224713193265	4.86109939370889	5.09052151046691	4.9061875872881	5.61066993525126	4.36227663779162	5.04297179511198	5.14086745235563
7.9025062492369	7.83250231239576	7.93999261141281	7.76421826962253	7.860188308195	7.83832861077648	7.72458777959999	7.72152494552066	7.79479004866112	7.69728260146662	7.53671266538969	7.51581074890983	7.56048173935413	7.74341151325307	7.7449387760245
5.22015894385505	5.16953729967333	5.36334537890366	4.91345154889106	5.27234904671829	5.2990790841001	5.27917663127762	5.32486597555667	5.11534068108467	5.54995312910421	5.37610141508701	5.87370434108506	5.09924223195783	5.46287504956263	5.17883530255466
4.63116092989874	4.47586853950968	4.89768180655485	4.35545609577018	4.72153476840897	4.56772709639742	4.71705410691457	4.66494141715429	4.57991764116483	5.13827464191528	5.08721358196366	5.71195327108845	4.81415090525084	5.21434021342396	4.96733119736094
4.17928666243952	4.039769424703	4.50536438377609	4.24442478338143	4.75900947382764	4.55365191118569	4.30955028032114	4.20430705143534	4.20687423055061	4.92924060343385	4.80223662324919	4.73620081733513	4.10915770082292	4.50594377145452	4.71940368391736
4.351053010706	4.5007432081487	4.76409865217625	4.5194318308813	4.74662574937181	4.32417006506292	4.31953436889376	4.354985963933	4.61598689587235	4.80793430721172	4.77714564228636	4.91677306297695	4.75853693003984	5.24290936562073	4.84278609942264
9.11896719316571	9.10914810804106	9.10527722596322	9.16328802065603	9.10599665951456	9.14508258881028	9.08067288521941	9.04622478965808	9.04721363325053	9.10904270431003	9.09780765982973	8.98159506403319	9.18875207168399	9.16443530759764	9.1092654549698
4.83437524955132	4.86878322789038	4.83756081411728	4.66665778406448	4.74662574937181	5.12915408265779	4.4883534331099	4.66494141715429	4.78393153318643	5.13827464191528	4.9061875872881	5.61066993525126	4.46622760183054	4.87060774821824	4.62629427952587
4.96516185708667	4.84954700902746	5.36334537890366	4.94929674783779	5.42780356535227	5.33243768104653	5.26890829582379	5.20430705143534	5.2476804469385	5.60440091312659	5.38719912397034	6.2555749764287	4.92495769113678	5.42348161126255	5.50450579912783
5.49123066875426	5.36508810879114	5.59887626969923	5.52538109721249	5.69599967630184	5.93650900471539	6.06740324096117	6.05450822891702	6.00745592401279	6.3384490239105	6.31929505946854	6.5017355636981	5.9934746046954	6.42098343740735	6.37965431194275
8.65967065200998	8.70919643852728	8.68385139872182	8.74904517578499	8.66836410938764	8.66749619686266	8.72927642539361	8.67751009065735	8.77548452586433	8.67721697841252	8.72561534164628	8.52279717922593	8.94412652664545	8.66059644331352	8.67692035259584
9.0993827968473	9.18784219016312	9.16612434809658	9.17941298516491	9.16593215437459	9.16893894876365	9.14630199418782	8.98927200225696	9.14958100550311	9.21663027961673	9.15978862786727	8.93521873029776	9.44068820450116	9.17373944819608	9.07946690769149
9.61516045120502	9.57582232494321	9.58827373873959	9.65177753452148	9.50932279637964	9.57906292717657	9.39583396740621	9.40442952108921	9.4548017439942	9.3500837243939	9.40129443367959	9.17582395489224	9.52735689239939	9.36911782520477	9.46183342980761
9.13668896312549	9.21909312414756	9.01429099346471	9.3246560554007	9.15543129493913	9.17297285004814	9.2445515826866	9.2280995475571	9.26624085684523	9.23046634303748	9.25031731754996	9.15573970884891	8.78158304279441	9.31531786114878	9.19513711488375
