k4_temp10_1	k4_temp10_2	k4_temp10_3	k4_temp14_1	k4_temp14_2	k4_temp14_3	k4_temp20_1	k4_temp20_2	k4_temp20_3	k4_temp24_1	k4_temp24_2	k4_temp24_3	k4_temp26_1	k4_temp26_2	k4_temp26_3
5.02221540065498	4.33726764861645	4.97046944592651	4.69141481950224	4.91068821760109	4.74017182650472	4.70705953383321	4.28669679092589	4.49037048860044	4.7275334471068	4.78380322047354	5.59290665206633	4.48026138402922	4.58804089689451	4.72755040138979
9.10253456516671	8.95453546333244	9.11748447511064	8.91526083798019	8.84457554558763	8.85949725917212	8.64199267197129	8.65279856128086	8.64397061949587	8.55224952982584	8.64445636869119	8.37051423072988	8.85240092487035	8.42898039124546	8.68360705380219
8.78564319438469	8.77443168739849	8.61776677040577	8.76305017744739	8.68151726363358	8.6182795214842	8.56882349164109	8.4826530822587	8.56705080551231	8.44232225042833	8.42206394735474	8.18168076673751	8.10718717785407	8.59242081436486	8.28140236957092
9.60901222462501	9.52149618808826	9.55318720519451	9.42634291402863	9.42586238816538	9.4313337310578	9.21074404377184	9.25490373785484	9.21380462558317	9.11790889215137	9.26180079574862	9.05441858114468	9.42960176576269	9.16518389315637	9.15193507292789
4.97747708588969	4.68407041214284	4.69879612181884	4.42371903629858	4.93453495955546	4.81817433850599	4.41592459249144	4.51082010034146	4.60444225530923	4.92526381420898	4.74449029644871	5.49826977792826	4.34650999514039	4.67136928049341	4.71596242711458
10.0362571724359	9.93459153534722	9.94227034061124	9.93105184166191	9.85359364423818	9.82409431004981	9.54878749971221	9.59001708001907	9.52560460867341	9.37562184922082	9.39057655518602	9.07710617585257	9.57938998983716	9.41778077111299	9.44651473714933
9.09731685589569	9.10141807210888	9.08801563694195	9.0848398776835	9.00661263759963	9.0207707756334	8.79495309460933	8.76365567195588	8.78603772195205	8.63713842741235	8.67875133797546	8.37384994329314	8.93009784588533	8.60788703997649	8.65430893337625
4.78320826546763	4.86898812806062	5.08428934548367	4.58270856005974	4.86177861712015	4.83077437528562	4.46871200685088	4.47934186886829	4.35651474186565	4.79908670813184	4.6709091640676	5.61562672856641	4.64349173289752	4.90214948732257	4.73904604022762
8.98385286615025	8.89984191758674	8.95830613699984	8.88378718485615	8.85085496808391	8.75098481199234	8.5258768819877	8.58293824214961	8.49492877056274	8.34871613574071	8.49908255763276	8.25948291834114	8.5200943391683	8.26489379471799	8.40922454318262
4.43173589496626	4.50020621974265	4.53373687554835	4.73721850911537	4.91068821760109	4.5551399326722	4.61638917489314	4.65866556831285	4.42499447974841	4.6777804119097	4.6624969242514	5.13918868462343	4.52465550338767	4.93930248574004	4.6806293540023
5.17861695799754	4.81370569255944	5.11383362109768	4.94667187474432	5.0806132190434	5.20445284480341	4.81292816894003	4.74943103223603	4.62953323627206	5.02147912946828	5.12728745872735	5.63799454159487	4.52465550338767	4.59581824748623	5.11931812134578
4.52795121022556	4.27313731119673	4.74987030641311	4.72590319588753	4.6476538117673	4.71320477890445	4.20394878710034	4.4362731469764	4.34646107720172	4.62625011126962	4.52076881463974	4.86355424201	4.40309352350676	4.30458694982179	4.60725616767208
9.12642399735295	9.08924824864616	8.95490916099929	8.96783944224523	8.90315454491568	8.84869628328288	8.57284774819988	8.55489966719874	8.54249137875175	8.42042964457949	8.45774862900741	8.07095394887098	8.47131075751484	8.43820238756279	8.55618198307781
6.58870524130465	6.6497560476175	6.64584724186988	6.81135997186788	6.55454440737582	6.64349580709304	7.14705385209732	6.95602851760368	7.0445707355509	7.10070582061885	7.12881492847393	7.41004259491652	6.78099525664745	7.21147754543031	6.74760805373104
9.77383611389725	9.74074286127973	9.76430322833049	9.71878579101838	9.62126508728677	9.63229296278289	9.41480405259753	9.39363905594517	9.39482409876312	9.35433553010501	9.40420043742427	9.16444863702517	9.65497905051902	9.30725394357051	9.24406989905088
5.02221540065498	4.95325704495823	5.24423025835336	4.87676986151416	5.26118546468522	5.27068654320349	4.76448781388228	4.90757886590199	4.78650258261046	5.30432201638225	5.00619564180998	5.49826977792826	4.7779419326699	4.87683839879339	5.07464907201206
5.19824576474648	4.90116853380978	5.51909009958394	4.87676986151416	5.41318855813028	5.26140872961548	4.84655894682131	4.84309013945028	4.77904677769142	5.38921091396877	5.13338765826376	5.95547673145104	4.87829245800237	5.28547812687408	5.31635496840534
7.19580671929506	7.12204472269885	7.13560143617993	6.93197536353762	7.09391004165687	7.14263125970409	6.84655894682131	6.91151528046116	6.93142357792288	6.87279639431484	6.84083416550992	6.88241326926132	6.48775592057614	6.88161817690672	6.90387317403025
9.57046375769567	9.4683417210874	9.49590260203947	9.3670304534976	9.47445649605312	9.4099755158542	9.21332431728037	9.29463097246811	9.16351180827441	9.07970782886228	9.1375666329961	9.03979301738451	9.02619115311468	9.12005451766671	9.1351750769564
5.13853951862221	5.08049223325433	5.38819603273299	5.05914660400273	5.32572571687993	5.22368906366633	4.81971733460267	4.74060718184903	4.67844283675301	5.08010685943899	4.9028558921173	5.52251732417493	4.76566360289146	4.95147719968614	5.11049427095878
7.79775657403679	7.60812155890954	7.71495189020988	7.59519950424294	7.51357262631951	7.49307896453994	7.30780261724494	7.47668741542231	7.3029337016608	7.20975460778292	7.29857029089661	7.30212725574963	7.2865424727355	7.54349445794125	7.37279091403506
4.91952973668041	4.68407041214284	5.15230776891232	4.73721850911537	4.84928767293694	4.7666440378659	4.67746475164491	4.81814378232005	4.66232317138973	4.97417341468992	4.62834870183955	4.9731787331845	4.54635057448699	4.70771112755713	4.70428062206694
4.90765563639212	4.73256892983403	5.33900848310546	4.73721850911537	5.0806132190434	5.0296784436997	4.53621882620916	4.63980654106154	4.72574855153136	4.84489039774496	4.84455725155263	5.52251732417493	4.40309352350676	4.59581824748623	4.9013174691265
4.38110982189629	4.2060231153382	4.79919801877668	5.05914660400273	5.20346996682894	5.14515566111963	5.32818169784978	5.11297821632513	5.06310668698833	5.4935475737835	5.45409777499445	5.7653738480711	5.23068923800199	4.62651504470915	4.83858171377853
7.48464742600469	7.29953500126134	7.53919130564046	7.70732439972755	7.86953089284433	7.84326531946882	7.91552292135367	7.98059366320021	7.88094762764479	8.17131988486726	8.08463547990539	8.19305555660216	8.33096914424461	7.38981478668881	7.76879338362167
5.31970927723214	4.96345281206412	5.64584724186988	5.58896755053142	5.64042224253622	5.65770966631274	5.65865490187015	5.76256643442517	5.58746917670552	5.85984073921093	5.79923326104314	6.21553957075354	5.51000872742327	5.78117328949815	5.84391515808157
5.6108442185739	5.51414541070053	5.59786721296806	5.16348326381746	5.51949746027662	5.51666578485756	5.05079199903892	5.05721494480313	5.11732707798622	5.50310188049675	5.26701222239396	5.9731787331845	5.11930055750617	5.34206165524045	5.15408353950646
4.66121774108902	4.45756188233416	4.95966269096993	4.63203627242331	4.6037104641797	4.86792737370309	4.35179425507173	4.29876962322647	4.23098385978179	4.58185599191116	4.86669622882188	5.23033657268162	4.69619878322836	4.51609105501549	4.41997759947949
4.67529292630074	4.63388465497462	4.57680559744023	4.16348326381747	4.6037104641797	4.53987317601888	4.22455906677562	4.32261636518084	4.22001274196078	4.58185599191116	4.43446896824552	5.13918868462343	4.27900317578211	4.34206165524045	4.39112273680731
8.68575992535181	8.65919574350381	8.57060425827192	8.5881866600978	8.58311355957258	8.59723126616123	8.48214752061243	8.39328722201076	8.42260393232342	8.35795997998433	8.36163808691249	8.37051423072988	8.64935125083699	8.44682839257838	8.42532422094497
7.95457668377961	8.01460429759788	8.05539679436099	7.93934233294583	7.9061727364786	7.90414756161584	7.79409152692717	7.83378573216019	7.79114296950237	7.67355582604797	7.64978587250185	7.72415118534458	7.87543846094722	7.82401629050388	7.73618070653323
8.7327852601777	8.75475329890001	8.65843262299766	8.85161156398267	8.72404188028014	8.74017182650471	8.54955346471077	8.54859417184265	8.52142166854134	8.53663391691623	8.55809435032856	8.51649353654716	8.86648315571274	8.53441770282209	8.46826213478889
9.33031122236277	9.30255003901677	9.33378699698271	9.2260628555727	9.16555936529725	9.18127162236975	8.93284807000754	8.93055298070062	8.94481295515006	8.81787018381125	8.95760123106305	8.82264104874395	9.30998411911528	8.91152781963843	8.79725256801986
5.31970927723214	5.10832644145106	5.34732375131747	5.41669860862081	5.48761339925683	5.39467526047895	5.69603251168418	5.82233157928348	5.75264377859443	6.10541794796818	5.8106984475366	6.24498334864602	5.99069590610062	5.91464043150577	5.90642435955958
4.87143544847937	4.86898812806062	5.13319894596462	5.0133429143896	5.06988681245034	5.0076521373697	4.84655894682131	4.93103783872598	4.91451019498653	5.09913168512074	5.03906027571561	5.56982303895329	4.66348320808499	5.10105355573665	4.85979819968823
9.72772908079367	9.68830288496107	9.57104809615909	9.56138171885952	9.53078582742458	9.48463195721784	9.22007566015465	9.32667561979635	9.21656708701291	9.01856753404838	9.07674325540464	8.92168841799475	8.8772228706254	9.12678038085502	9.04716833558995
4.91952973668041	4.70852345586738	4.63230071003194	4.9171275991303	5.00379762199257	5.06209992139208	4.39789066966119	4.70476198290231	4.63780085225566	5.05434376337391	4.54842515754261	5.47360772369399	4.24402703753914	4.93930248574004	4.96143846156407
4.23671991256111	4.25664918840816	4.24423025835336	4.66795584667825	4.52735957804959	4.62914051411597	4.71436433445644	4.45796821807572	4.64602135906063	4.81451674870144	4.67927263700223	4.9731787331845	4.40309352350676	4.89586322447514	4.55618198307781
8.25206159949019	8.14462257067405	8.13799993222844	8.0969680694377	7.98963955899591	8.04056675984244	7.90438850524143	7.96552621511128	7.89911674086316	7.84770541335202	7.73147943092855	7.63243501625297	7.49799774832603	7.88400214061232	7.72755040138979
8.42966156672839	8.36829454423707	8.31589124348081	8.26859996963168	8.35694444749065	8.24972692456785	8.00759211709049	8.02487422476091	8.08292214433327	7.8579803971854	7.85566920667286	7.5463640661293	7.74313923893877	7.90058048766723	7.93544325303112
4.44822401775482	4.35286450366747	4.77474497505214	4.3371313513025	4.57365323032352	4.50884628039826	4.073692401149	4.32261636518084	4.43451725386692	4.64363218949786	4.54842515754261	5.17021558024405	4.4109987215921	4.58022139243521	4.60725616767208
4.39818333525522	4.95325704495823	4.78702330483058	4.70300279377745	4.79821348834268	4.84326531946882	4.47732513715559	4.52116204456292	4.57890716320209	4.96728702910468	4.81450001769645	5.17021558024405	4.45754130752913	4.63408826441395	4.87029057350587
6.15369932579321	6.06637112500968	6.27506766227595	6.09036533461345	6.37011983623839	6.14515566111964	6.24991464105252	6.1163928807379	6.12910424576257	6.33406935977631	6.29721246016966	6.5463640661293	6.12652006401925	6.09283304893168	6.2293716668107
4.57375489983868	4.62106061461704	5.11383362109768	4.74844576453862	4.93453495955546	5.0296784436997	4.60856967043384	4.85131064625525	4.82321436096698	4.97417341468992	4.7203778403319	5.47360772369399	4.4498877349857	5.07902724940666	5.09268299484232
8.91434683899108	8.83121009366885	8.92813460876815	8.98039249258832	8.89406189901368	8.85795920461185	8.71572987648067	8.73950039618608	8.6978482359256	8.62897990402519	8.69585552119784	8.58429352176162	8.9366157991375	8.48187533967758	8.71377928161719
4.57375489983868	4.30555878888911	5.05412737497342	4.77064151065282	4.94631212733181	4.81817433850599	4.28468005921319	4.31074226489254	4.62953323627206	4.85984073921093	4.54842515754261	5.00794415134518	4.49521172549519	4.79812642277934	4.73904604022762
4.46452583008392	4.42841553667464	4.85857656585561	4.64410910472389	4.49565071832224	4.83077437528562	4.35179425507173	4.23736907856232	4.35651474186565	4.79130935754012	4.41456941080782	5.13918868462343	4.42668034382437	4.41421144099628	4.55618198307781
5.01116021214598	4.70852345586738	5.45127471535637	4.82468135036571	5.22296614245473	5.23321183778483	4.77849467187615	4.70476198290231	4.86606983992878	4.96728702910468	5.05199933142311	5.44851674273115	4.43445769441609	4.87683839879339	5.11931812134578
5.29257314729463	5.11748644073654	5.45896910714637	5.40255442630054	5.4384258496293	5.61464094442086	5.10737552740528	5.35766331228004	5.20895755345179	5.42985289846611	5.42455349938044	6.04189148326851	5.26598629011528	5.39204979107212	5.50323310312885
9.57937944903256	9.55390808132733	9.44547687081826	9.49001726755088	9.34642792067098	9.34613140852091	9.14232259215953	9.1261652597143	9.16601493575481	8.90783597130561	8.99953191152897	8.82019787281562	8.90267661662933	9.08904960524472	8.93980844559252
3.57375489983867	3.74444303012232	4.27941968681566	4.291807360793	4.19362218087259	3.98528432434124	3.74321919712862	3.69565977579505	3.72574855153137	4.15474566033174	3.79923326104314	4.93755482345377	3.56772422527956	4.18594245332316	3.78413392975616
9.21219081382915	9.08575221694937	9.1077282584485	9.07595489168928	9.07593022615981	9.0500270890915	8.83236154385489	8.81025874698291	8.82457304420119	8.62351514354838	8.6709091640676	8.3229858606473	8.4998521123871	8.73745847095118	8.64134936634049
8.32306568442471	8.2618219979689	8.20816100364584	8.30707411744631	8.23020981478136	8.35051317359279	8.13757576518098	8.0321239638403	8.12101778105014	8.18918630566077	8.11346696414051	7.94654360668103	8.08141312284971	8.12543771436361	8.09827267653796
4.58870524130466	4.45756188233416	4.67256458024566	4.89708984589376	4.79821348834268	5.01870732587869	4.91789772854157	4.94646787929559	4.77904677769142	5.24861258379597	5.05842560058254	5.59290665206633	4.734502671405	5.11735536806575	5.0285526574226
8.16621193710676	8.28842563908592	8.20587645045129	8.21396471305483	8.17372262343489	8.06076347382927	7.93128162572674	7.88373212394762	7.94980210723773	7.92615189982699	8.00453259258734	7.74490974551138	8.37911466057232	7.71397788595949	7.76035654647303
5.18846474395389	4.95325704495823	5.25310840969981	4.90714351055768	5.16366895877096	5.27990507323287	4.68492055656396	4.79275846390013	4.81594636050294	4.87463774113901	4.63696183214426	5.13918868462343	4.46515449163901	4.49960293222693	4.64440916608954
5.17861695799754	5.08049223325433	5.36381187410603	5.20482405919836	5.72489681069976	5.61464094442086	5.26491680439176	5.17978158700938	5.37146508333162	5.80682235691144	5.65403534550321	5.91940747674352	5.7090800745251	5.06228398557208	5.52331734917218
4.71671285368073	4.47191717531123	4.93780325700619	4.40964385108686	4.79821348834268	4.86792737370309	4.37040993323908	4.4253020291554	4.50851783531069	4.71113900885613	4.7524390495642	5.44851674273115	4.38715197963773	4.57235927466224	4.69250345429059
4.90765563639212	4.69634874192127	5.11383362109768	4.55739747153055	4.88644067135442	5.14515566111963	4.78544743251792	4.69565977579505	4.68643562750654	5.11167693843986	5.05199933142311	5.47360772369399	4.80818821953802	4.67136928049341	5.01915395942035
9.06360286027798	8.93134879394853	9.09296910117608	8.85030949255775	8.85788680186315	8.84326531946882	8.51546026604236	8.59093785127097	8.54688816704138	8.47606745344894	8.49671845216169	8.53150610740219	8.7474382114953	8.56346287417385	8.51748827036998
9.09273582900908	9.13055287616191	9.12838192966684	9.30564970228282	9.02893718427108	9.0296784436997	8.85773466361668	8.81971563107647	8.890493313868	8.81691285461827	8.77016521846057	8.68171591902419	9.30283221497938	8.77219249990478	8.72249211156676
4.61814901919714	4.08049223325434	4.6857399689934	4.69141481950224	4.43006237669467	4.62914051411597	4.10737552740528	4.2247690417827	4.05695446000674	4.59084477513842	4.49257192280909	5.00794415134518	4.18991963219969	4.07902724940665	4.61974711185527
9.32919888997082	9.26491680439176	9.22743501581038	9.30564970228282	9.13243643484517	9.13630086323349	8.907578545327	8.92909742815655	8.8861621937106	8.71474124553633	8.73749902954025	8.61844174417347	8.82714442349173	8.64537407196046	8.81365477263308
4.52795121022556	4.39866819328059	4.57680559744023	4.67973301445461	4.91068821760109	4.62914051411597	4.51963594201356	4.63980654106154	4.61285449512543	5.00812074661326	4.88126902990915	5.42298165062402	4.65018638547153	4.71487091912999	4.89104913367267
4.36383183046445	4.35286450366747	4.81127085107726	4.85615958183887	5.13308063893754	4.75346864911817	4.85319203915376	5.01393084707433	5.16958331511764	5.64794518236894	5.42951975227379	5.70308956981675	5.61297530637446	5.47872420255101	5.47601163439383
8.53665090517594	8.57192890728616	8.4723363308842	8.55340219054771	8.35584104778801	8.35923697971144	8.21364652722943	8.23344337534853	8.18588512744674	8.07851007450466	8.15453749313555	8.05025495620314	8.13071481891059	8.25817078087834	8.01206453463403
4.66121774108902	4.60812155890954	4.8930649422409	5.06813538722998	4.83668763615731	5.12483567674004	4.74321919712862	4.74060718184903	4.65419529050633	5.16079470500455	4.88126902990915	5.37051423072988	4.61639807201525	5.23656852639313	5.07464907201206
9.44309169273742	9.46699863794225	9.38213852191262	9.29324550184004	9.31554593699753	9.33401247857232	9.19842432586277	9.09794329495292	9.13605171978349	9.09281791118854	9.06042795349369	8.72153523713757	8.87150497345666	9.11836814103882	8.93419362537318
9.93203979501908	9.88851615371989	9.78549421614383	9.80700390409867	9.81597492750702	9.78860824338274	9.76096474731858	9.71098660344293	9.73058819055788	9.7188471039914	9.70022849694412	9.55520594288111	9.42424129837296	9.58584594162909	9.66865671233622
9.36546046097519	9.3596354616449	9.44934468825797	9.04839916916872	9.31099843113338	9.26082688042797	9.02788871153587	8.99504170715233	9.02933292115499	9.0793086878884	9.01530830228226	9.13132656685045	9.1331063570312	9.05806763077101	9.05466287213687
9.16309394358516	9.21084549879504	9.18688956170957	9.13114518475578	9.07726977596903	9.09250139993263	8.93597586535927	8.80920414529787	8.85945701685713	8.85191766463893	8.8106984475366	8.51950857430259	8.62151704264026	8.94578309267244	8.76317431112051
4.32864240200215	4.52795121022556	4.78702330483058	4.16348326381747	4.82397658440776	4.62914051411597	4.24487905115522	4.32261636518084	4.2951141972015	4.49833263634888	4.2999268448667	5.3160664467075	4.1714232885823	4.43169886772513	4.25361921305737
9.24027480973774	9.14965425776173	9.24701055414714	9.16976040950362	9.20530896649272	9.13121647016176	9.13042611140762	9.05543713183522	9.02342910017205	9.21739274382901	9.11962575701928	8.90102894742866	9.32313548676658	9.1391411642413	9.00910029475643
2.44822401775482	2.45756188233416	2.94877437482719	2.73721850911537	2.95799393237945	2.93948063472812	2.60856967043384	2.94646787929559	1.9414772425868	2.87463774113901	2.6709091640676	3.86355424201	1.9827617245584	2.81154693854166	2.89104913367267
5.20796091957969	5.08983009783367	5.48934275618989	5.21295194008176	5.52735957804959	5.07274716559158	4.82647470077797	4.9693078556537	5.05077588507761	5.34739073827414	5.17538174692839	6.02501766470412	4.91766669633652	5.31875428174838	5.08369421161507
7.62903733533987	7.57857728329553	7.67421809909818	7.57956885252917	7.63315424207218	7.50295371247506	7.51650531863488	7.40030764968853	7.37517858613069	7.39049845982923	7.37907072958643	7.3771779610109	7.4584951555248	7.42079409138625	7.19639434436443
4.88361016242547	4.58189001733636	4.92674806849719	4.75958632214382	5.24220236131765	5.10422539706475	4.44255971899491	4.55175036439634	4.78650258261046	5.1787911342984	4.74449029644871	5.25948291834114	4.734502671405	4.15469151933873	4.95159067560772
5.02221540065498	4.73256892983403	4.87016454013082	4.9171275991303	4.83668763615731	5.28906507251835	5.193532171155	5.10612454528407	5.11140224402911	5.58185599191116	5.40955133604119	6.00794415134517	5.72184737059898	5.25141629080045	5.46912524880858
9.70989158782471	9.56441267878438	9.59044300536415	9.37338995075129	9.42953804630878	9.40577093716702	9.13927285400259	9.20686196404474	9.09423154408886	9.00097347403364	9.02600412289016	8.79055241106709	9.15856808368072	8.88400214061232	9.07917873049257
5.30167535440188	5.28131124264243	5.42794221152575	5.26859996963168	5.41318855813028	5.44471594297854	5.24991464105252	5.36915895111787	5.42020941718303	5.50785541046739	5.31073359982328	5.61562672856641	5.01942019513725	5.39650943926282	5.25361921305738
7.77015211264218	7.72659502878939	7.79616395868705	7.67385644811794	7.56985166016366	7.70467314528333	7.62125493006496	7.58786632564646	7.61494991312762	7.85145024359454	7.70612385665166	7.71365881152694	8.13071481891059	7.52935027562098	7.5249784835421
9.94625724592274	9.85056613923248	9.77936160312251	9.82069783644721	9.78351697713598	9.74100647798353	9.6236816674595	9.58694359133877	9.56732135310633	9.51908266589064	9.50409345565119	9.3721830510905	9.48611981423859	9.40538759060928	9.45916812423041
9.32194774942814	9.15466845681113	9.16588756467079	8.92209385202365	9.09985386117352	9.09837530778363	8.844063653537	8.80339001563002	8.78650258261046	8.7178217343385	8.68031467030206	8.49214367513142	8.7166742756806	8.55451127332932	8.77369218303451
4.8342824500619	4.67168668768701	5.15230776891232	4.73721850911537	4.89861538530052	5.22368906366633	4.67746475164491	4.68649977650958	4.56162917177026	5.08010685943899	4.90998032655068	5.04189148326851	4.48026138402922	5.24648399525822	4.78413392975616
4.41505715381962	4.60812155890954	4.03366327241371	4.64410910472389	4.55838647367021	4.34283632895933	4.83320056396629	4.79275846390013	4.83764143160226	5.35795997998433	5.21618796331628	5.5463640661293	4.83193682231063	5.43603780344946	5.24558189399196
9.84482879893668	9.74518192644623	9.78089720203374	9.63506396512088	9.60927714005424	9.63364190635091	9.40890689677413	9.4345643998373	9.29053317031489	9.22173930511097	9.27393163633375	9.0933849950103	9.30415931933282	9.27310217553869	9.30092492783573
4.71671285368073	4.32150033275813	5.1040526003051	4.39542999186716	4.52735957804959	4.84326531946882	4.36113211965107	4.24986002274552	4.48121048931496	4.70287139287253	4.69585552119784	5.00794415134518	4.4421933431957	4.49128766401492	4.70428062206694
9.52503961480565	9.42288443070141	9.35816531096489	9.21952229143855	9.24040982220833	9.26024479648185	8.97413137067107	8.9987468649921	8.90126456773134	8.7142271906437	8.74099889793012	8.60431141533858	8.67993372886558	8.87044062759524	8.92604455502887
5.44000351094985	5.27313731119673	5.6525731050582	5.65608174638996	5.92266085926717	5.76664403786591	5.76096474731858	5.65397387298813	5.76023692791666	5.9776043200902	5.87400102944511	6.31606644670751	5.43445769441609	5.43603780344946	5.52995044150463
9.97463433612086	9.91009142701209	9.90965391203267	9.7644333942752	9.78679583091299	9.71150248367345	9.48828608984788	9.55364077092263	9.43895950834936	9.3424096248869	9.41675934189864	9.30387703769959	9.58660621349918	9.18722999918363	9.40697419950239
9.67134814019784	9.48436194167788	9.73410299055479	9.50870797861596	9.51060105978822	9.56365701570205	9.461133103653	9.46367654990216	9.40363865397967	9.51790495558778	9.53062451529372	9.22665152587376	9.95498133055569	9.28337266099716	9.25010839426023
5.67529292630074	5.7265950287894	5.84689476080798	5.58270856005974	5.75199047158203	5.5702468250624	5.73246614083175	5.53143038001674	5.70228957870738	5.81067468240705	5.61533181617272	5.99066615991334	5.60954440097418	5.78797846740326	5.66263292470845
4.52795121022556	4.23997044726153	4.73727026963348	4.57010852328011	4.66200910474437	4.62914051411597	4.69233802812644	4.70476198290231	4.71797120093965	4.88928451710341	4.93114493654872	5.47360772369399	4.63676586970921	4.99329737538077	4.83858171377853
7.38753609105572	7.29146395900332	7.54100487601238	7.28218294190461	7.42586238816538	7.42615349195212	7.44585479855649	7.27604954672639	7.33252188624385	7.55339954586194	7.43075864890715	7.13918868462343	7.67419735931644	7.32812246428257	7.30092492783573
9.56385886369618	9.5602200136979	9.49496730538377	9.54618268403463	9.4467411178413	9.38723044831778	9.39789066966119	9.30850494982919	9.33379466536556	9.26485057559285	9.30331265970608	8.82019787281562	9.43324524368426	9.25786444367773	9.15622881133802
4.38110982189629	4.2060231153382	4.38011368643514	4.19665012775266	4.57365323032352	4.50884628039826	3.97982547768478	4.06430436958944	4.00676870283852	4.44975245590382	4.31073359982328	4.70308956981675	3.84949519369494	4.07902724940665	4.28532807278471
5.70989158782471	5.95325704495823	5.98119585251957	6.14660944525307	6.30300564037985	6.39042578747759	6.86800592329724	6.95029974088662	6.90939727159289	7.23863835613017	7.20319712479652	7.38381105334334	7.61040289254423	7.10650798582876	7.1775078850178
5.77669495850896	5.67168668768701	5.93780325700619	5.63203627242331	6.02060590967913	5.86180127090624	5.62416652548486	5.71380712250531	5.72962156067857	5.92170599479579	5.76034424764955	6.24498334864602	5.53554381953041	5.98443739846054	5.66865671233622
8.99511847764246	8.90778337823134	8.87664210420203	8.76166563315601	8.84850338640451	8.82999008875318	8.78588086951709	8.75162858794028	8.65011411369452	8.68461908853676	8.71479484463986	8.63243501625297	8.16676191121243	8.72731568549664	8.60882346281904
4.09731685589569	4.06163320600302	4.44353906657677	4.26078046517238	4.39611504477133	4.30721241922861	4.25493271581914	4.09231874575905	4.03207979136771	4.66931883316151	4.42455349938044	5.17021558024405	3.9827617245584	4.67871125583458	4.40562230650243
4.54338125079516	4.75622019789868	4.77474497505214	4.58270856005974	4.81115254405017	4.96256424784116	4.41592459249144	4.70476198290231	4.48121048931496	4.88928451710341	4.87400102944511	5.42298165062402	5.03995712613994	4.4660503725159	4.71596242711458
8.97818689896226	9.05151316628257	8.88879871426987	9.16871611337342	8.84221369778991	8.86563313249727	8.71436433445644	8.67438833385879	8.75073923040907	8.54127841200484	8.65668492391716	8.29510682807186	9.04409320473239	8.74753044567051	8.59544686538244
8.14613933448037	8.21778282880067	8.07805739177216	8.28314827820083	8.18121715998181	8.12227543642148	8.08148120311006	8.08536598511728	8.12101778105014	7.93764753866481	8.01117331796437	8.0165061648486	7.57565840682177	8.04321258613486	7.96266472176615
4.71671285368073	4.67168668768701	5.18978247433098	4.83525059207589	4.78515733551723	4.92779882968048	4.61638917489314	4.48991111057847	4.93478259001279	5.02811222180073	4.77602586988182	5.44851674273115	4.47272771134381	5.47872420255101	4.73904604022762
7.45639794920052	7.31155752951055	7.37605546986078	7.43592317588571	7.34141952398508	7.35814938445384	7.39675602938179	7.32409377958634	7.47545581458916	7.36714497261519	7.3544750636443	7.52851606479637	7.24292025187619	7.12678038085502	7.31443521424197
4.01116021214598	3.81370569255943	4.2263083503561	4.14660944525307	4.55838647367021	4.32513432722587	3.65486332270778	3.89967366781665	3.99394466248094	4.38921091396877	4.12728745872734	4.56982303895329	4.02458190025303	4.01085574676508	4.31635496840534
9.25908772558957	9.20763236819985	9.16235731403271	9.2285705826788	9.22175531985669	9.18985546859045	9.06121380452543	9.00474752490899	9.04145812368357	8.93676650349795	8.91618547607739	8.62125127776029	8.77832395174823	8.93700824453423	8.85386253171849
4.89568299472604	4.90116853380978	5.17116679616364	4.95638702957753	5.03722062353002	5.15520932578356	4.54443933301412	4.71380712250531	4.69438438062203	4.9181393797756	4.84455725155263	5.68171591902419	4.74078893425244	4.89586322447514	4.93169111817001
5.41505715381962	5.55517267896058	5.67256458024566	5.96122018331347	5.91668695822253	5.84326531946882	6.02752221971607	6.0029038249253	5.94481295515006	6.02147912946828	5.76428066220872	6.10747982489609	5.78404213220632	6.05383891731582	5.98093463718986
9.28226404795566	9.28385612783379	9.18746860849274	9.26518415024932	9.27116955325785	9.14515566111963	9.16415911979872	9.1146865587875	9.08745654840408	9.04783045641523	9.05360858428477	8.82508009419536	9.36976534744069	8.76875648746574	9.07181079637521
7.9046717779533	7.90249393127634	7.92258043428196	7.82997565003522	7.82237979947343	7.89367694511499	7.62997214716606	7.55427035637485	7.57675869662352	7.64363218949785	7.54842515754261	7.11547261564962	7.72739772934719	7.59484836843062	7.47257255042706
9.50498487699689	9.43712998242935	9.42892197050459	9.51611698512374	9.34420411284587	9.36032375568817	9.20621743078611	9.19520294665944	9.19256509692372	9.10541794796818	9.17279262553454	8.9731787331845	9.0627170291398	9.1132971514914	8.99897607748272
4.23671991256111	4.09910791142168	4.48934275618989	4.02262072797762	4.51159226219127	4.25207086503614	4.073692401149	4.27452207697979	3.98100560677344	4.39947924942259	3.917069751337	5.44851674273115	3.93969300266652	4.1756005091017	4.4341914586992
8.1448754754062	8.08400101903148	7.99845794114064	8.00166110934197	8.03997123454606	8.01870732587869	7.82225505740457	7.83689387348638	7.77249119011411	7.6840941858419	7.74449029644871	7.59290665206633	7.82603622087095	7.75275760733406	7.81433416753186
8.91952973668041	8.90580210755023	8.88094437888406	8.82865389543897	8.80226942309419	8.70894526875123	8.4757140872496	8.52694697339577	8.52977545587121	8.41601097331248	8.55355221342944	8.44217521585733	8.74078893425244	8.30873347917438	8.50323310312885
9.76810137307742	9.77044483761851	9.71374646328481	9.52348813676383	9.68327772149802	9.62643292175248	9.4167644266323	9.4981147892337	9.35964219819745	9.32433385891484	9.31442980434881	8.997169679751	9.45491496912078	9.09145839895547	9.37647596084291
5.02221540065498	4.68407041214284	4.93780325700619	4.74844576453862	5.06988681245034	5.06209992139208	5.08500771437683	5.05009051036974	5.00676870283852	5.23720782052372	5.34793221777753	5.86355424201	4.55351036605986	5.02820299032897	5.11931812134578
9.8718174675577	9.87608918443577	9.66218692766597	9.82202689691973	9.72489681069976	9.74558844962763	9.62465122061487	9.54384689858614	9.54441662263411	9.58888325880513	9.49849189435291	8.99933102104047	9.29083301877036	9.42652937501307	9.38473306151821
4.2176110896134	4.60812155890954	4.56259173822053	4.58270856005974	4.70423734013366	4.77970019069135	4.18303979733735	4.4253020291554	4.43451725386692	4.70287139287253	4.50203225205816	4.9731787331845	4.19907963148516	4.77775862508538	4.58194507914289
5.04407483461872	4.68407041214284	5.30525969175092	5.26859996963168	5.18370671200751	5.18495666917761	4.69971755849204	4.94646787929559	4.69438438062203	5.24861258379597	4.76034424764955	5.39698644209107	4.84366611489274	5.18594245332316	5.06554686490481
5.23671991256111	5.2060231153382	5.38011368643514	5.15507102400126	5.46322924062987	5.22368906366633	5.15647007693345	5.24362806903401	5.14078605081021	5.55454864591543	5.46864608356361	5.95547673145104	4.99333096626859	5.29983341985115	5.37647596084291
9.13217561310735	8.93459153534722	9.07618254415172	8.91837076598093	8.85085496808391	8.89892175239035	8.56983060863898	8.65514822799061	8.61285449512543	8.37432095189111	8.45348840010012	8.35033634879225	8.39015446779926	8.53997139137755	8.45263712602002
9.34083582491296	9.26388593972419	9.22292306517146	9.11442903950392	9.17058837271075	9.17015966724953	8.98964233604498	8.92520875992379	8.92002882332277	8.8579803971854	8.88443730264482	8.17021558024405	9.15944822303139	8.85836779529466	8.70207971387367
5.19824576474648	4.8023903793316	5.28808454794279	5.09477051373345	5.1018297049531	5.17510888322126	4.82647470077797	4.81814378232005	4.92805672682448	5.12411404167808	5.12728745872735	5.49826977792826	4.88398357008023	4.99329737538077	4.92163745350609
4.32864240200215	4.33726764861645	4.44353906657677	4.80330769957314	4.69029814917579	5.04056675984243	4.63190217426447	4.17323874114261	4.69438438062203	4.87463774113901	4.79153886925314	5.07505834720371	4.80218947891658	4.96355003198672	4.87029057350587
4.74367990128099	4.15355569544406	4.97046944592651	4.26078046517238	4.69029814917579	4.44471594297854	4.073692401149	4.41424684064641	4.28462182338386	4.64363218949786	4.74449029644871	4.86355424201	4.26162109755388	4.38757631449282	4.65658388003565
4.96607232261744	4.74444303012232	5.09420481434875	4.65608174638996	4.99248230876474	4.88010208764919	4.26491680439176	4.51082010034146	4.73348420031097	4.87463774113901	4.84455725155263	5.61562672856641	4.33824237915679	4.77090495404432	4.9013174691265
8.50054505288491	8.47370158498941	8.2652273396484	8.59286567514263	8.40467705827476	8.46304259078513	8.46979146447018	8.39187902761795	8.41420568383756	8.39755949525923	8.37714413899401	8.2192530735526	8.26380534481575	8.49232969731475	8.47687012596387
10.464272525713	10.4180272564367	10.424016508312	10.2985064542802	10.2958316074921	10.2605358678116	9.97906756065085	10.0334792434523	9.97367606497495	9.81595488974848	9.92434441513475	9.70706211489002	10.1407030342384	9.87224287022922	9.92226786428339
4.46452583008392	4.28943912352583	4.48934275618989	4.57010852328011	4.46322924062987	4.65770966631274	4.193532171155	4.10612454528407	4.32614109282213	4.44975245590382	4.51143095006041	4.82508009419537	4.13370362263314	4.20640655588288	4.50323310312885
9.88928188395217	9.79026981597476	9.79350391176297	9.70983937117411	9.68415714550629	9.64706242211323	9.37098782030504	9.41771069594998	9.38840735709126	9.28125492964817	9.32945279716987	9.07915110183759	9.57499888907732	9.10207783340899	9.40381780965568
9.93569867357392	9.8207329594534	9.75690976487293	9.67569544778172	9.68107681330475	9.6800774793412	9.49466382743668	9.47801525264526	9.45454682482617	9.28990524361338	9.39851306458874	9.35877812267891	9.23876222697596	9.25908940239355	9.34578905698524
9.25264841871361	9.25820297966324	9.35042966218529	9.08649973793282	9.12208985501956	9.16083387497744	8.79882379461133	8.80550695664212	8.81275506032783	8.86910663516578	8.77651318454306	8.56691144353339	9.19164156800095	8.66352727375235	8.72827156863345
9.09273582900908	9.04732536931914	9.1670623978309	8.96843968982655	9.18557106080138	9.26895149183275	9.2717410035057	9.22792938267602	9.2377986813381	9.4052232319574	9.26005946175219	9.21181648471083	9.39937299782864	9.07381582276131	9.36770855635307
9.77260915843771	9.75951527746026	9.60698585757898	9.64861049695883	9.63178740630828	9.61964162547922	9.54367064724465	9.39925676093922	9.45542410976709	9.40745084137455	9.38611296475859	9.10948217780724	9.08326947529226	9.39372377506294	9.35935315631392
4.01116021214598	4.11748644073654	4.38011368643514	4.50540283389229	4.4467411178413	4.17510888322127	4.23475483388151	4.52116204456292	4.53531789465441	4.91097958820273	4.53004662822775	5.20058922928757	4.6300085035339	4.89586322447514	4.55618198307781
4.51235435517454	4.41361853474656	4.59088078265196	4.40964385108686	4.63315424207219	4.25207086503614	3.79925323204295	4.1333460140191	4.37641429930335	4.29335089856125	4.49257192280909	4.52251732417494	3.7281888974728	4.34206165524045	4.39112273680731
9.44719901235406	9.41454780694673	9.27996276795924	9.41141077726105	9.27875809413318	9.37168574798202	9.13179068473318	9.18548233689736	9.12800421136624	9.01981608024564	9.05642046469216	8.94430165589436	8.83083229625881	8.96016474680208	9.00196117070763
9.13281326838442	8.99672069344219	9.00963403516962	8.78229556105031	8.89482181214207	8.85024423948385	8.62125493006496	8.68304972693981	8.59119913826105	8.40840447920208	8.47586559007669	8.53746766564091	8.56683995001994	8.50322584544427	8.53160396035714
8.64967966942009	8.69711267894781	8.61087627352992	8.5936440377409	8.61389968499224	8.67528229576069	8.56276598082072	8.57054387862442	8.56434253544555	8.52788498142664	8.47406409759592	8.48907084108179	8.14796431575831	8.42024668290278	8.58034829420856
9.40453416740762	9.28538090695148	9.27887640116025	9.22002646584203	9.10642951084754	9.16145747344874	8.8634955755992	8.93877348750559	8.86474969796609	8.62952524330248	8.7158115430899	8.32643316226577	8.62321933787126	8.87284311781054	8.78828955924747
7.90616447859437	7.87440162424699	8.04137136754896	8.03413471599466	8.04134457595475	8.03513287379181	8.28713153820729	8.25529098655959	8.28264597960428	8.43110469467558	8.42393151401151	8.45167708362449	8.06897601961148	8.23470176524302	8.19012628943199
9.08022778544113	9.00105776575993	9.0336632724137	8.90149694741654	8.79740093127198	8.80306744611578	8.56882349164109	8.61829122040674	8.45805276832771	8.34473628482817	8.48722309881685	8.34354718312961	8.52100772637253	8.5424887450801	8.51832243925179
9.06092500328476	9.01460429759788	8.94055386802222	8.91276805975156	8.93822566261938	8.92118600660883	8.89477584308724	8.80603570689209	8.81457952473904	8.83452142436141	8.82631576794365	8.56107056494433	8.6651367269375	8.84944973067926	8.72610698452012
5.18846474395389	5.57525692500391	5.25310840969981	5.72590319588753	5.83034610928349	5.81183281163216	5.86308484391219	6.00658887173316	5.88355726665762	6.13337200953918	5.982736668986	6.30212725574963	5.57125591624981	5.70051562615292	5.69840405573027
9.8248427541756	9.74407343999838	9.6504746391742	9.64636155645526	9.56556288562028	9.57306184066945	9.30900938857493	9.32039740287584	9.30033190647252	9.09044310400064	9.1798094589692	9.02076819170276	9.13609021547002	9.10002855033589	9.13626226241922
4.51235435517454	4.13563378744679	4.39623335179841	4.42371903629858	4.7180431396587	4.59999416845645	4.20394878710034	4.36915895111787	4.23098385978179	4.79130935754012	4.42455349938044	4.61562672856642	4.11446740377022	4.1756005091017	4.13680554807462
9.51039283884125	9.47236348468552	9.42598069519246	9.4354890868074	9.38534057317716	9.31955760964844	9.12186816104987	9.09101765289387	9.05464059416849	8.9698732772563	8.95974841860167	8.86829216101666	9.08728339666837	8.98554787577583	8.9953857934874
8.00699257793075	7.98112383839117	8.05919836452084	7.8140341061662	8.00942217118645	7.89817366057121	7.74321919712863	7.7571078768695	7.74309579509526	7.63930626409506	7.7344923698048	7.74490974551138	7.86756073204135	7.74403511981567	7.7617661167277
4.51235435517454	4.48613103453093	4.60481997360983	4.60758322869877	4.89861538530052	4.62914051411597	4.25493271581914	4.35766331228004	4.12910424576257	4.46938126265275	4.42455349938044	5.10747982489609	4.26162109755388	4.20640655588288	4.59465613089244
4.32864240200215	4.35286450366747	4.51909009958394	4.66795584667825	4.69029814917579	4.65770966631274	4.28468005921319	4.24986002274552	4.09348033603185	4.7275334471068	4.53004662822775	4.78555173000873	4.53915507308279	4.37858753126556	4.52995044150463
4.51235435517454	4.38356130089038	4.90438025546874	4.40964385108686	4.70423734013366	4.44471594297854	4.31382640487271	4.48991111057847	4.22001274196078	4.55454864591543	4.28903852872396	5.61562672856641	4.06522388475037	4.39650943926282	4.60725616767208
5.42342062675425	5.07109353525208	5.46662267968981	5.34454882286498	5.55069208188021	5.28906507251835	4.67746475164491	4.93103783872598	4.80129958453854	5.38921091396877	5.28356339865781	5.49826977792826	5.01942019513725	4.67871125583458	5.26161200381091
4.49658703931622	4.23997044726153	4.71173517752634	4.8140341061662	4.70423734013366	5.0076521373697	4.75743305634833	4.59155137245431	4.86606983992878	5.1364448435888	5.03254696875693	5.44851674273115	4.9827617245584	5.11735536806575	4.89104913367267
9.27477250504574	9.14069686746025	9.19439910240135	9.11605522232598	9.01572368829938	9.06076347382926	8.81420357350892	8.82598595622791	8.75169181878365	8.64255192359872	8.70202528843804	8.54340469064876	8.99530410773078	8.65331510405286	8.77927051783712
9.75614925324321	9.71155114856495	9.52184772076293	9.54698663782578	9.52686944893297	9.49505932866818	9.26211575608052	9.25180200047971	9.23473599464289	9.08210035849998	9.09365848306032	8.72415118534458	8.96709640559227	9.09900281617189	9.06326231171025
8.90317753127297	8.56608633911233	8.83437831807776	8.50291899676647	8.52441630254885	8.5664849062662	8.33826429415798	8.36414087635124	8.33633685992802	8.51318447680495	8.57891769467269	8.69777576992028	8.63085490721959	8.28788061708939	8.41371472745115
7.01393196139604	6.92223014933761	6.91000480466262	7.22505854293842	7.02616543502102	6.9965115797645	6.98134011828677	7.0871073191137	7.11584814906031	6.89836381101427	6.86302991162412	6.79553581858135	6.82159487808917	6.87524161385906	6.78413392975616
8.36165745923011	8.43117315785363	8.39823570470956	8.52675215408573	8.23381805769821	8.33401247857232	8.23157639011762	8.22635007760217	8.16028710672869	8.12179023708296	8.14173353767826	7.88708975647079	8.1876205161101	8.16779510661291	7.93043823485993
8.2614221840939	8.10487639188129	8.31058526088759	8.00048770948803	8.08594666334644	8.02694347597846	7.829000575437	7.95602851760368	7.80221937739143	7.65546203248611	7.77602586988182	7.68171591902419	7.63170081462635	7.78202569427384	7.81704855222889
9.97214232679398	9.86695281847186	9.88594753737175	9.81536931685002	9.72275853397678	9.77318688373268	9.49386815040159	9.52083997847365	9.49065580355062	9.4367243751714	9.44799241234527	9.35033634879225	9.66761345722971	9.24586627097522	9.40426914550822
7.10513636035499	7.14909604725336	7.15230776891232	7.54939581462981	7.63679281913553	7.60550414984874	8.01056215425038	7.95316697278278	7.92552642209947	8.21194106191329	8.10029157539277	8.21181648471083	8.29671176202224	7.71219015953384	7.94167520674263
7.13599732405975	7.13788623917818	7.33064501017084	7.66943326108375	7.43006237669467	7.5341062328	8.02090939664441	7.95983510303342	7.96055310885689	8.24861258379597	8.24816232147411	8.3125942548007	8.31946517212616	8.24648399525822	8.05982868444672
6.32864240200215	6.30555878888911	6.42794221152575	6.63506396512088	6.29381646892519	6.37330160968638	6.12940183373528	6.26224374720136	6.11140224402911	6.29610150957729	6.26701222239396	6.17021558024405	6.13847286678102	6.02244372104029	6.25762114361487
8.39924375062152	8.43758718257289	8.24978550218653	8.60989338938597	8.4550087338249	8.44471594297854	8.39334674451624	8.50952212900704	8.48979968936811	8.25498836405652	8.21905899917103	8.12342136876511	8.13549393728798	8.15863510732743	8.2675776706473
8.63264858889225	8.62988937399178	8.57768933103043	8.62367720481907	8.51752521794501	8.49406948640576	8.33352831931526	8.28896815593071	8.39482409876312	8.264148363342	8.24041156024331	8.05857022441514	8.22789494109727	8.46020411458021	8.1722174682317
4.41505715381962	4.30555878888911	4.59088078265196	5.10354072336118	4.87416234157598	4.93948063472812	5.2993268351776	5.16006335239488	5.36649883043827	5.42483482369949	5.28903852872396	5.68171591902419	5.02972520352899	5.15994724479022	4.9013174691265
6.19824576474648	6.31355157964264	6.30098503665059	6.28796529449861	6.15354474149725	6.26140872961548	6.08782272998388	5.94646787929559	6.06923278978518	6.20537173340171	6.16052378820128	6.20058922928757	6.06522388475037	6.17300339761567	6.01443154917795
8.35511461336334	8.40522803913017	8.23305518279668	8.22806938585566	8.10051277648111	8.07671971066485	8.01796060657155	7.91151528046116	7.94730968788896	7.66080733330598	7.75837200531794	7.49214367513141	7.83634648964864	7.77604825732028	7.67913819620454
5.04407483461872	4.82493294798269	5.04393160786753	5.30707411744631	5.40467705827476	5.40313683922714	5.26491680439176	5.19923394967555	5.43451725386692	5.63496732837073	5.33740155028536	5.66002084792487	5.05517022008645	5.29983341985115	5.10161611961233
5.13853951862221	5.07109353525208	5.20816100364584	4.96603719961125	5.25172513543616	5.27068654320349	5.26988305728511	5.23736907856233	5.16386966392325	5.35795997998433	5.28356339865781	5.66002084792487	4.85530081537614	5.2114775454303	5.01915395942035
7.65590394119256	7.78524924651021	7.45320216392748	7.61986155847721	7.3144104036521	7.30946487095999	7.44585479855649	7.33732286399586	7.31071105225252	7.74273585375047	7.69791504337613	7.39698644209107	7.42570522040713	7.85675042400319	7.62595226138198
4.79614732117513	4.81370569255944	5.15230776891232	4.55739747153055	5.06988681245034	5.14515566111963	4.72886390415155	4.51082010034146	4.58746917670552	4.90378408679853	4.88850059914023	5.63799454159487	4.38715197963773	4.29506417570328	4.6806293540023
10.2552861554297	10.1421001309119	10.1726298274632	10.0441346226379	10.0536461714431	10.0480050915063	9.83445817994674	9.88122526833705	9.77811208699407	9.73616780334766	9.78137729920092	9.58285298740241	9.93009784588532	9.52706411344384	9.77648404658771
9.26782253556717	9.25768523516069	9.08925559837702	9.15612524037327	9.16240731020705	9.1947376899702	9.02127757197904	8.97260867921691	8.9326841241288	8.89655251756745	8.90419440624537	8.71891453697843	8.5168929223256	8.84822934850508	8.83523827070416
6.35073617285277	6.19740998503349	6.56259173822053	6.5605857491616	6.4550087338249	6.58519716652837	6.77325802351	6.69108704600522	6.80497524268194	6.98444175014376	6.70816878263668	7.25948291834114	6.52465550338767	6.81654761960003	6.88329963406773
8.64611084869881	8.64263552021092	8.64584724186988	8.67385644811794	8.5650855671574	8.48612620389817	8.38650390935938	8.34970658845169	8.35651474186565	8.30909576939597	8.32878841998065	8.15865854882165	8.74470398425582	8.2133745806029	8.26856955452335
9.58731020973015	9.50806357978089	9.59350466038199	9.54376813110133	9.50712647861923	9.52976584665203	9.39618837443018	9.38091866458034	9.41811095129904	9.2468365217215	9.23722875337131	9.19305555660216	9.35677833059422	9.20004265036802	9.25010839426023
4.43173589496626	4.25664918840816	4.59088078265196	4.2763773202234	4.43006237669467	4.81817433850599	4.16182331142766	4.17323874114261	4.03207979136771	4.57281085230816	4.45409777499445	4.93755482345377	3.86108316797015	4.20640655588288	4.10161611961232
8.82957032271258	8.77225840799044	8.79083895117244	8.66573688437326	8.81276179691183	8.76500367948465	8.67886565323505	8.73395369561709	8.64448357773803	8.48030622471903	8.52251295554234	8.42619836330756	8.24014956725105	8.52069458856811	8.53160396035714
9.09600947470891	9.11119519372041	9.0855325123343	8.93995455236553	9.02755197529199	8.96685160624426	8.71800291151979	8.80867655522401	8.6490920130206	8.6629399205988	8.678229850516	8.50741043178472	8.84037687841588	8.55750131593513	8.64593663583614
4.2176110896134	3.42841553667464	3.57680559744024	3.54457343117297	4.19362218087259	4.15520932578356	3.74321919712862	3.76691845896487	3.74117859210097	4.315210332525	3.9028558921173	5.17021558024405	3.46515449163901	3.44897685915696	2.89104913367267
8.89493139531291	8.83260131368109	8.99713739638859	8.81870194720904	8.82397658440776	8.77970019069135	8.628522930529	8.63683742076909	8.58372954665894	8.44294289790656	8.56600884140495	8.42298165062402	9.01521266876033	8.58022139243521	8.46480450571412
7.59981719642488	7.44306231263905	7.62547944417592	7.74003352472242	7.77032653059144	7.85872843685662	8.36461829542931	8.30401988391367	8.37456033240753	8.64525107319968	8.52193180949586	8.50436997746467	8.38815350348281	8.32987224623253	8.58274280934894
8.85915711870093	8.89917815174072	8.76313835540416	9.06981456690458	8.80873529404448	8.71829964602721	8.62755597671204	8.61346614888276	8.59915958722854	8.51908266589064	8.57163558426632	8.53448996584101	8.72937483674295	8.40759861792463	8.37371305854768
8.39924375062152	8.47815297710741	8.33587785972679	8.58584144954471	8.2984183708842	8.19960344514201	8.16582524198516	8.0940517129835	8.13787445539031	7.98188150982519	7.99199823884357	7.89639749869702	8.29671176202224	8.11735536806575	8.00969363017129
5.43173589496625	5.39866819328059	5.61173938754962	5.95638702957753	6.18370671200751	6.09902649039044	6.30175357257213	6.40589949793288	6.35651474186565	6.79520327364461	6.65403534550321	6.83479524902858	6.65518706652989	6.19365054845842	6.58513335677394
6.31072049400489	6.23577045873225	6.2263083503561	6.04555753925477	6.08594666334644	6.19960344514201	5.85649718387743	5.91151528046116	5.90426616348973	6.04456274258132	5.92412450887095	6.18548233689736	5.30468981944576	5.72199535356337	5.93669179922838
8.77097159294873	8.73554662963392	8.65424968286558	8.53811840903567	8.67356851051809	8.64260277392253	8.54648716166299	8.55301091060226	8.47545581458916	8.38534136750712	8.35251532364512	8.45797707198022	8.03740594061061	8.27097855717896	8.37371305854768
10.3233450328699	10.2073642840142	10.3522383604228	10.1563886741439	10.0842820790601	10.0859466633464	9.82077526164347	9.83378573216019	9.82547812267559	9.75328301851871	9.74573517964002	9.62545534593452	10.0664756809598	9.61460172316565	9.76070906817079
4.80897136153271	4.93264676528294	5.15230776891232	4.77064151065282	5.28919984085482	5.28906507251835	5.09063226357071	5.07837955480117	4.98748964034364	5.31521033252499	5.15753374559547	5.91940747674352	4.9827617245584	5.25141629080045	5.33919494476345
5.08682448207805	4.96345281206412	5.35559136730106	5.05914660400273	5.30757837016967	5.08331640730177	4.78544743251792	4.73172903050258	4.78650258261046	5.22571218168589	5.14551121734625	5.82508009419536	4.790116646616	4.94540268527646	4.99058480722358
5.58870524130465	5.45033031310308	5.61862577313486	5.69722044118345	5.86177861712015	5.83077437528562	5.95537243396023	5.9617346359489	6.01313822771425	6.35268503794366	6.26978397164401	6.78555173000873	5.61297530637446	5.81821066882268	6.00969363017129
5.63264858889225	5.2060231153382	5.84101819447131	5.19665012775267	5.62584944144895	5.71999394456708	5.28468005921319	5.4362731469764	5.28462182338386	5.55913591541108	5.49730984181575	5.74490974551138	5.09005573773031	5.30458694982178	5.37647596084291
8.12064935972632	8.05449702472139	8.00635592641797	8.23007312929011	8.13693983439317	8.08331640730177	8.18501293879955	8.11297821632514	8.12910424576258	7.97931671796588	8.08935017377744	8.00364401391155	7.93215932998111	8.25080067524133	7.9953857934874
4.44822401775482	4.38356130089038	4.81127085107726	4.83525059207589	4.81115254405017	4.71320477890445	4.73605940555576	4.6772812464802	4.67040551768759	4.91097958820273	4.89569610054443	5.13918868462343	4.58878584080739	4.90840847779426	5.07464907201206
4.78320826546763	4.89052128961026	5.2263083503561	5.05914660400273	4.88644067135442	5.38616376062343	4.67746475164491	4.6772812464802	4.98748964034364	5.14257094638564	4.80688683358658	5.37051423072988	4.96138807376583	5.15994724479022	5.05638686561933
3.68923211725862	3.33726764861645	4.07430525691105	3.12953593189413	3.75868512415604	3.74017182650471	3.33293522782041	3.62069771811384	3.43451725386692	3.54533011588605	3.7524390495642	4.42298165062401	3.02458190025302	3.61124828805584	3.34672861744886
5.31970927723214	4.95325704495823	5.42794221152575	4.96603719961125	4.96958190665466	5.49307896453994	4.89236263643443	4.74060718184903	5.14078605081021	5.49833263634888	5.23899784622436	5.80545128744643	5.22621576142268	5.24153477928648	5.12808833097352
4.87143544847937	4.58189001733636	5.18050466074298	4.39542999186716	5.00379762199257	4.86792737370309	4.16182331142766	4.46869462466878	4.54414174504142	4.87463774113901	4.6624969242514	5.28805207053791	4.4421933431957	4.56445407657689	4.69250345429059
9.167457250124	9.1019950347404	9.02526609825653	8.84704916339416	8.97102388082857	8.85795920461185	8.63045489605492	8.74612840956319	8.50795417246278	8.40203495432635	8.48125660958125	8.44217521585733	8.22509522152876	8.51967284982789	8.53655317632887
9.74701561384425	9.58313033411219	9.76546716146413	9.40166579366334	9.49665224216732	9.44163873944953	9.12666686601404	9.21803024241816	9.1232276794259	8.99336697992324	9.00453259258734	9.08526854580593	9.30707465888459	8.96091771917872	9.17909123440762
6.56622122715327	6.51414541070053	6.69554314402375	6.81403410616619	6.83668763615731	7.04056675984244	7.08782272998388	7.1450957767969	7.17100819922447	7.33540704651182	7.23758274553132	7.30911368606574	7.45467597383474	7.41421144099628	7.40562230650243
4.74367990128099	4.74444303012232	5.32223277035463	4.90714351055768	4.95799393237945	5.25207086503614	4.72163233492048	4.61104754808011	4.86606983992878	5.00139488342495	5.01943146896668	5.56982303895329	4.734502671405	5.01666136844628	4.96143846156407
4.61814901919714	4.50020621974265	4.95966269096993	5.0133429143896	4.94631212733181	5.08331640730177	4.8398952165403	4.84309013945028	4.93478259001279	5.2599278970238	5.11500912894891	5.28805207053791	4.90092343250194	5.29983341985115	4.82785530718548
5.12834375151632	4.32150033275813	5.26193226008682	4.94667187474432	5.11232207877074	5.36032375568817	4.72886390415155	4.6772812464802	4.67040551768759	5.11167693843986	5.12116135593051	5.23033657268162	4.51000872742327	4.75709915451929	5.11049427095878
8.65146077463507	8.30756114180026	8.59000509519509	8.40255442630054	8.44466678960344	8.50982603937709	8.85112247196355	8.90066418968246	8.82864143335131	8.99167118773164	8.92324454846496	9.00364401391155	9.19250176580496	8.73217548046098	8.88653365255018
6.01669839568741	5.51414541070053	5.94877437482719	5.79791444080292	6.0806132190434	6.21410301483713	5.77500568579628	5.82650725525468	5.76401856845908	5.61307472252189	5.65827233838968	5.80545128744643	5.37507914733716	5.31404727907085	5.32400854094877
8.05622675987405	7.90514107888304	8.08055340457623	7.88569509129365	7.93601237396096	8.02420331363355	7.74143257765461	7.78848380879981	7.7325195095088	7.85331901981554	7.84176583815508	7.83962840276452	7.9920140377966	7.79306136769649	7.81433416753186
9.16994465598309	9.00969299058794	9.07992980610492	8.90714351055768	8.87724173450795	8.79906551555828	8.57585859111713	8.67554619510945	8.59704109192733	8.45036991580663	8.53983936524616	8.44851674273115	8.78632307345756	8.47819834322648	8.54066459273608
5.20796091957969	4.72059628816795	5.09420481434875	5.13809794539755	5.32572571687993	5.35160653858706	4.88590761429713	5.11979948218115	5.36649883043827	5.28229571005226	5.22763798405981	5.49826977792826	5.04504600281274	5.11194187187939	5.0285526574226
4.54338125079516	4.52795121022556	4.6592677576322	4.77064151065282	4.67622296396407	4.79263924639885	4.56074114534323	4.83482252346668	4.59598067656103	5.01481539918727	4.83710144663359	4.93755482345377	4.92872188484551	4.95752624435895	4.65658388003565
5.21761108961341	5.32150033275813	5.67916731506991	5.35192835323057	5.4384258496293	5.41991255197797	4.87942358072693	4.93877348750559	5.01313822771425	5.20244240236304	5.1635076466401	5.80545128744643	4.74078893425244	5.13880847773207	5.221197735365
9.24382096893625	9.14069686746025	9.12777867018037	9.0104313189697	8.98679119668688	9.0020926120278	8.73919618743638	8.77396261775992	8.75264377859443	8.59531825171773	8.65721425617071	8.62964719888135	8.58442328822132	8.65564240741429	8.71232201377521
8.98667752694663	8.96852380161154	8.80675536995476	9.02204260933999	8.81517231550252	8.81738317038038	8.55617484810122	8.56555616392137	8.51077028704208	8.42609097966991	8.46683554782184	8.44217521585733	8.38263649851524	8.46445828660018	8.39839073727135
9.38218285656151	9.33235884823283	9.29132050079305	9.23057363061027	9.18121715998181	9.15019125101693	9.00610480248362	9.00059588163852	8.96671936004864	8.86216279836487	8.86578052264014	8.75261784064664	9.15621841697097	8.9231656486044	8.85187853639199
7.78645392497129	7.62106061461704	7.83363866410571	7.73580893886069	7.79333126696293	7.8150070594273	7.70614382765147	7.71718448270763	7.65521378334135	7.76474688465665	7.66986031266489	7.88241326926131	8.11930055750616	7.81071180390712	7.68657862033349
8.45333814945146	8.39866819328059	8.45512704085198	8.37746344533771	8.44466678960344	8.39785417114645	8.10111955259734	8.11979948218115	8.05541229519833	8.0123085435767	8.04392603088743	8.09540699259551	8.38665095687149	7.7845798909414	8.08819560385001
4.17861695799754	4.35286450366747	4.42794221152575	4.14660944525307	4.7180431396587	4.75346864911817	4.193532171155	4.21205799003314	4.1752744271955	4.5267144377187	4.54842515754261	4.86355424201	3.96138807376583	4.16518389315637	4.4896865712909
8.55864800744847	8.41361853474656	8.31164801971347	8.20787738317592	8.26589246736275	8.27990507323287	8.05439423571911	8.07311743939576	7.99072076160665	7.95254339871838	7.94681709473105	8.00364401391155	7.54903966201463	7.95601635930131	7.88200399406966
6.29713142925693	6.11748644073654	6.42008009375278	6.22907160544504	6.34809352990839	6.2706865432035	6.2013516756143	6.21524626766419	6.27405258167367	6.61307472252189	6.31073359982328	6.82508009419536	5.94786693411221	6.28307162916698	6.43772314966945
8.7676908751259	8.88248397054485	8.85274748705341	8.88886933908879	8.78515733551723	8.83234167043258	8.84822008119123	8.7132434596574	8.72768635577286	8.77710514971334	8.74946339699835	8.27026275709438	9.12171107609685	8.81696356166458	8.58751994961082
7.26258799833179	7.26285433793487	7.15230776891232	7.09036533461345	7.10445996099777	7.2706865432035	7.33649012499704	7.32261636518084	7.33633685992802	7.35004031668809	7.34793221777752	7.46111677951078	6.86684243725883	7.11870557409869	7.07237889838723
9.31409785420721	9.31454757211636	9.23193289954998	9.29372456378729	9.23441855512244	9.21530476004688	9.07298223867298	9.02669007778967	9.02145577878535	8.95036245341886	8.96617087337298	8.78555173000873	8.55707698108005	8.9658024837181	8.82987259258648
9.09273582900908	8.97798413086061	8.85128652992513	8.92147400452071	8.79983723082234	8.79505245305166	8.59824182818288	8.62968650134109	8.64088903404323	8.38210879828356	8.51727419434187	8.54340469064876	8.23681770655331	8.69147048654992	8.49478143841366
8.73949938534247	8.72359877632948	8.65676090202163	8.77956188890906	8.69641312368715	8.73011816184079	8.59329770051718	8.5761345230233	8.63212195945165	8.49773537074694	8.52599492434654	8.4326103518218	8.21271149707293	8.46445828660018	8.50575897778788
5.68923211725862	5.64659570672418	5.73092874275965	5.72590319588753	5.88031456855757	5.95682787829202	5.72525265059918	5.78419645039671	5.76023692791666	5.95689542325809	5.99953191152897	6.17021558024405	5.52829408045102	5.82153102711429	5.95159067560772
9.85259150284637	9.76462604458953	9.81314813831793	9.53041536817631	9.63041927435094	9.61782520088814	9.28068749987281	9.40030764968853	9.24424308038727	9.14027670517983	9.16722881207917	9.14310373462681	9.21468875930827	8.99917394171744	9.15944074967597
10.0545451009345	9.99578962207016	9.94911588152565	10.0706534243994	9.83153727079953	9.82448811243819	9.65367640775733	9.70759468564015	9.65266620181959	9.4469706113637	9.55127577107801	9.28451171283266	9.57653729508587	9.44870847574239	9.46998784676605
6.59981719642488	6.56189854214889	6.6857399689934	6.74564713118595	6.68679220567426	6.81183281163216	6.90678169634739	6.88373212394763	6.87484004955651	6.94817820615698	6.87035325242998	6.63799454159487	6.63000850353389	6.88320792366911	6.97608523752847
4.78320826546763	4.39866819328059	4.60481997360983	4.66795584667825	4.63315424207219	4.84326531946882	4.32341245370191	4.17323874114261	4.32614109282213	4.6777804119097	4.62834870183955	5.80545128744643	4.62321933787126	4.75014639387753	5.08369421161507
6.0548815895753	6.27723006583062	6.21271928560815	5.94667187474432	6.1018297049531	5.91602166190413	6.16981610218119	6.1333460140191	6.00995698046957	6.1456242703632	6.27531154561245	5.66002084792487	6.11204474150337	6.49337097851542	5.83322847928433
11.0721055077683	10.9884753658639	10.9798594049568	10.9371975167313	10.8563271313968	10.8600736071554	10.6594829831758	10.6427695633413	10.6161272496728	10.4617455136917	10.5462834949579	10.3134630865288	10.6318065181866	10.4578056185317	10.4768701259639
4.8467733942451	4.90116853380978	4.8930649422409	4.63203627242331	4.93453495955546	4.7666440378659	4.40693580926419	4.58170358649797	4.33633685992801	4.87463774113901	4.72846018662976	5.17021558024405	4.54635057448699	4.63408826441395	4.84922895797804
4.51235435517454	4.39866819328059	4.85857656585561	4.63203627242331	4.86177861712015	4.90414756161584	4.71436433445644	4.68649977650958	4.71797120093965	5.19656583602637	5.18128234836808	5.56982303895329	5.02458190025303	4.69328405692185	4.98093463718987
9.19885488235776	9.15188494245955	9.12233795333285	9.13969768133033	9.03859658456984	9.06410227430322	8.94376581431225	8.91446055887278	8.91238201191749	8.76722702114657	8.79346631782425	8.64629386481336	9.07334121217288	8.7666048166107	8.75045080349987
9.25733439941765	9.25249754513769	9.23865354077593	9.09916228285061	9.20408322721687	9.04327604710042	8.88994538642874	8.87266922871377	8.834947322433	8.68724074115877	8.757384872169	8.75005304878734	8.71707286527863	8.95828059472431	8.75894559766532
4.9429887095044	4.86898812806062	5.24423025835336	4.73721850911537	4.83668763615731	4.77970019069135	4.51127246907893	4.74060718184903	4.45337628111824	4.99463751724964	5.07119289665642	5.61562672856641	4.59573860144915	4.8575593362985	4.92163745350609
5.42342062675425	5.47904160974461	5.6592677576322	5.37384312965902	5.79821348834268	5.53987317601888	5.28468005921319	5.09923815969883	5.09348033603185	5.52202274239398	5.37907072958643	5.80545128744643	5.31315139819396	5.54851253270787	5.54966867611913
5.70303791678365	5.48613103453093	5.78702330483058	5.14660944525307	5.6548493131715	5.64349580709304	5.1510969048346	5.25606517227223	5.26340533747416	5.72345227029498	5.44921555361471	6.27383821131821	5.13847286678101	5.2114775454303	5.48286530543489
4.64700388186932	4.32150033275813	4.6592677576322	4.35192835323057	4.39611504477133	4.53987317601888	4.46004714572376	4.2247690417827	4.14078605081021	4.54533011588605	4.49257192280909	5.17021558024405	4.31315139819396	4.81154693854167	4.37647596084291
10.011160212146	10.0038390144242	9.93883535079592	9.96843968982655	9.89558132521088	9.90228337342405	9.67114380585732	9.65485472884589	9.64371407196414	9.49144910789951	9.57584128651853	9.25587166478876	9.51918037332152	9.56791793188047	9.44168599524612
9.82247314777227	9.75475329890001	9.7261542374393	9.67532783533461	9.69684891738957	9.7110765958354	9.47705675374101	9.41840247013772	9.41751082856123	9.46052003471306	9.44155385190664	9.05441858114468	9.94395603703395	9.26733078016382	9.40381780965568
4.54338125079516	4.39866819328059	4.88166017896866	4.71449843261528	4.89861538530052	4.85564904392465	5.14570364606438	5.19277892753826	5.20339802810989	5.94992586844325	5.57107389648781	6.02501766470412	5.72502161839412	5.3830889235005	5.66865671233622
5.19824576474648	5.25664918840816	5.38819603273299	5.75402679680192	5.50364350907578	5.45288987442424	5.81292816894003	5.74060718184903	5.79761453773069	5.85238493429188	5.85197472311512	6.05857022441514	5.60610531700741	6.03965301107251	5.72176804879578
6.11291371094671	5.9429887095044	6.05919836452084	6.23706439619857	5.97534117594335	6.17015966724953	6.28713153820729	6.43353817925516	6.5659681074946	6.76375363501955	6.66460458721339	6.74490974551138	6.45754130752913	6.55251446326537	6.5133101758168
9.25499331161649	9.12545400756439	9.13799993222844	8.81803603672369	8.9782122117981	8.88916617007743	8.68445569590555	8.75162858794028	8.64140308893586	8.44356327849702	8.51552370469429	8.42940791978345	8.31315139819396	8.69600014503043	8.55536942600711
8.95745919231273	8.88583829672667	8.8157722433122	8.82997565003522	8.81195739486095	8.89067132935938	8.77805900977383	8.75107951275158	8.71504385118812	8.69090306961187	8.62780867000061	8.71102375135897	8.29136844094793	8.74534685960074	8.6142956261319
9.35620715036435	9.34069389799144	9.16999530195319	9.31983096038239	9.19238646769992	9.17449115893827	9.14637890703664	8.99967166953716	9.03911924982753	9.04046766449576	9.01282873414243	8.77297366392926	8.67624868205773	9.08283703326743	8.86439800558267
4.90765563639212	4.73256892983403	4.82324349274333	4.46513896367856	4.94631212733181	4.9965115797645	4.48588715065901	4.46869462466878	4.47199195928558	4.94642842420702	4.7203778403319	5.44851674273115	4.21722697819542	4.79136905660404	4.52995044150463
9.1853945256407	9.06991438108682	9.23529713358335	8.8742096211956	8.90315454491568	8.91380269959913	8.59032307051307	8.72111476935175	8.59810072843541	8.4147460060759	8.49019711562119	8.30911368606574	8.79842756012038	8.68236827944266	8.58433694767787
5.28341314800915	5.18874512390636	5.20816100364584	5.66795584667825	5.23261631248845	5.13503144384593	5.50707248054964	5.36342258156872	5.52643974330796	5.70701112323346	5.53466325629812	5.82508009419536	5.19907963148516	5.67871125583458	5.51665361889117
9.06627575597703	9.05628438201078	8.98985271465002	8.99637327798221	8.9782122117981	8.91380269959913	8.77980086937678	8.73061541019187	8.74453202721078	8.7193595156611	8.67875133797546	8.72415118534458	8.53101700363911	8.89625691939937	8.69324235061449
9.46046761350957	9.38451013028393	9.2864638456107	9.33107644797359	9.2529110747063	9.27933063761275	9.05367450757204	9.0905836943883	9.109174143137	8.90017283324615	8.94204641686821	8.88006932879302	8.99858669172008	8.92393817608786	8.96266472176615
9.1505541424222	9.03831037409793	9.15704568791898	9.14342351453422	8.95726658422142	8.99161040286618	8.7338146641026	8.78580570325837	8.74883216464441	8.56427921868704	8.60384489449914	8.46111677951079	8.89529888330806	8.6274638741027	8.61195295437347
5.51235435517454	5.18002790680525	5.56259173822053	5.5509997003324	5.33471450010719	5.74683555678572	4.99189830998535	5.09923815969883	5.15813329437411	5.04128761054846	5.06482337178069	5.44851674273115	4.93421787260036	4.41421144099628	4.87029057350587
8.85297854377181	8.86627374336359	8.64162759849648	8.91027096688948	8.59998737813698	8.69091671170266	8.52067797531338	8.64690759743668	8.50456756283045	8.33340005100026	8.37778662176611	7.91940747674351	7.90372750537864	8.56791793188047	8.362608231115
9.04881275362538	9.02620207775338	8.90297068521407	8.92889465546779	8.73001578132477	8.8094475340854	8.66573736597579	8.68649977650958	8.64294415553162	8.42483482369949	8.49908255763276	8.15865854882165	8.38313891713111	8.70366807481984	8.39294317243168
4.71671285368073	4.52795121022556	4.99184309671907	4.16348326381747	4.69029814917579	4.42822782018997	4.50286022926273	4.50040348439612	4.35651474186565	4.62625011126962	4.35316886614368	5.17021558024405	4.34650999514039	4.54851253270788	4.72755040138979
9.27130170535836	9.3170345491861	9.17467558194078	9.17652997093421	9.12597852325232	9.05808685888545	8.97603190452632	8.96457925410524	8.97449229981477	8.97503190625997	8.98989855132276	8.37051423072988	9.25888612983264	8.85148140970942	8.72971282254041
4.17861695799754	4.15355569544406	3.63230071003194	4.14660944525307	4.19362218087259	4.19473768997019	4.58485360146004	4.47934186886829	4.49947269570769	5.02811222180073	4.98611139576665	5.13918868462343	4.734502671405	4.84456199576963	4.94167520674264
4.70303791678365	4.82493294798269	4.94877437482719	5.13809794539755	5.04819174135103	4.89217491994976	5.15647007693345	5.09231874575904	5.02579352852028	5.5267144377187	5.3841957617643	5.59290665206633	5.04504600281274	5.38757631449282	5.41281780790663
9.87601301458591	9.76061196701583	9.77474497505214	9.70444476795136	9.65170569627438	9.65283943138238	9.37905402764833	9.39434246651049	9.35306669124014	9.22535146283393	9.28424892731926	9.06270995477607	9.58638806954459	9.22533155451043	9.30140962296574
9.3649177883937	9.2545748601703	9.366882528066	9.02319861504358	9.17309631778542	9.15520932578356	8.9592206492077	9.03167192089726	8.85591774481924	8.81307717262235	8.81544884709	9.01223150974827	8.66678835280866	8.66583817452018	9.03439590170407
9.18477969714603	9.09679404558344	8.9751720648918	9.04441931825618	8.92786780757792	8.96470951967272	8.90877299416649	8.9242349529068	8.87789707061445	8.72345227029498	8.79875356193951	8.61562672856642	8.7337149591054	8.83965764529861	8.74261972310744
6.22241207587723	5.93264676528294	6.18050466074297	6.1676710607809	6.48357788602167	6.32513432722587	6.37502656130945	6.35766331228004	6.3788825548941	6.67355582604797	6.40955133604119	6.96435488279749	6.27684183449265	6.39204979107212	6.61663449998794
4.78320826546763	4.67168668768701	5.18050466074298	4.77064151065282	4.86177861712015	4.77970019069135	4.54443933301412	4.45796821807572	4.43451725386692	4.85238493429188	4.7524390495642	5.66002084792487	4.59573860144915	4.77090495404432	4.96143846156407
8.13472454493804	8.05330422180856	7.95830613699984	7.98277121537105	7.93601237396096	8.0780414652611	8.05511360498901	8.17077750362633	8.10619797902659	8.01731790639044	8.06641839133607	8.20808376583449	7.79918072904424	8.10037029972536	8.07010514686711
9.59566023649168	9.50632119425402	9.65341163750894	9.44716388934786	9.5381005044472	9.45797516358403	9.27235978757733	9.31334808814936	9.2408548800491	9.23147145097457	9.24781091603067	9.06683784039874	9.63887107224369	9.08732657262514	9.21812053183599
9.3987136403672	9.2889324703017	9.302054888417	9.16557868181966	9.13372455550297	9.14326277428668	8.99114671057221	8.9242349529068	8.89567355297368	8.79423077947843	8.88488934558785	8.8940761867869	8.81899776660313	8.719772744834	8.8624284557329
9.71373251757988	9.65605603597324	9.67545699573154	9.57484644228677	9.54392566057467	9.5374730838984	9.29780804880626	9.28972448362346	9.27637122877733	9.1509520871733	9.19337664918512	8.62125127776029	9.29857725877911	9.21684601297886	9.1319085962231
5.41505715381962	5.2060231153382	5.41217489566743	4.77064151065282	5.1018297049531	5.15520932578356	4.86636742790149	4.89172491470116	4.90083525808946	5.20829512860848	5.11500912894891	5.52251732417493	5.13370362263314	5.16518389315637	5.16264555300989
4.32864240200215	4.23997044726153	4.50429309765587	4.14660944525307	4.7180431396587	4.50884628039826	4.22455906677562	4.18629489396806	4.3158727573683	4.64363218949786	4.54842515754261	5.25948291834114	4.15268672600071	4.45753887266038	4.28532807278471
9.40664491400342	9.2305032201655	9.32434043331663	9.08705260057261	9.09192331418078	9.12483567674004	8.87535621112874	8.99828424031574	8.81640168480557	8.71987174539873	8.81022254614983	8.55226466756899	8.86576432408806	8.83391475157012	8.8916930502381
4.41505715381962	4.08049223325434	4.76236125059631	4.18016200496409	4.7180431396587	4.50884628039826	3.96765076373867	4.11979948218115	4.09348033603185	4.55454864591543	4.32146000641634	4.93755482345377	4.18070110217031	4.4829241910803	4.61974711185527
9.8467733942451	9.72584654885516	9.86257043916247	9.58074704372646	9.64087527913624	9.55419047884333	9.25399315535553	9.30813172643016	9.24356607660155	9.17281723325376	9.26145269705206	9.28096264575159	9.55885698752533	9.07729219803591	9.17380663127935
9.99511847764246	9.90943236119848	9.91245866633699	9.73263236134052	9.81276179691183	9.78537531196624	9.55744471442816	9.56430653626343	9.49179649943206	9.45622264205207	9.48364616713109	9.44693397236847	9.65830371289404	9.32637055752098	9.48286530543489
8.83271345040656	8.78668547862573	8.6525731050582	8.61373545568037	8.58311355957258	8.55987785167886	8.30538604207206	8.3002716483917	8.28527983709693	8.0600188846488	8.12039376078556	7.96435488279749	7.77258301683125	8.20513601855648	8.1859324055458
9.78564319438468	9.76571885744892	9.62376907641082	9.63770799395001	9.56842348478794	9.57259305267479	9.37962846326846	9.35332872201615	9.34740659009688	9.1456242703632	9.24499658684581	9.01008942317673	9.21355922702048	9.15370393570115	9.18383088290051
6.1637180816182	5.90116853380977	6.05412737497342	5.97083818587507	6.16870454866826	6.08857213275327	6.02752221971607	6.1163928807379	6.01947975458808	6.41221273933038	6.20754041470276	6.73456780128992	5.74078893425244	6.21653077315658	6.20884934293735
9.31465997969294	9.25041723469665	9.09420481434876	9.14872949712744	9.13179194296897	9.17201761347011	8.98587452235758	8.90264319553584	8.94314606294742	8.87831339928241	8.82678639102428	8.86829216101666	8.60179490136925	8.88479592057231	8.86767462529886
9.2730381489472	9.20333703181995	9.23865354077593	9.03356119380826	9.11297532534785	9.14578607189693	8.80268413744323	8.80867655522401	8.75881625321703	8.77513492743255	8.73599648292894	8.56691144353339	8.69377068440968	8.63314378317505	8.69987544294694
5.23671991256111	4.87979488301721	5.26193226008682	4.92704306799538	5.31668057727693	5.01870732587869	4.77849467187615	4.68649977650958	4.79392005417294	5.13029261660721	4.92412450887095	5.7653738480711	4.734502671405	5.11735536806575	4.83858171377853
9.04407483461872	9.02072001273697	8.95490916099929	8.94301175851252	8.93601237396096	8.8448191107239	8.7284129914925	8.6795914071674	8.68643562750654	8.64632932066458	8.63588799879295	8.63521745692429	8.9827617245584	8.70411786283312	8.63981702945624
8.25908772558956	8.2305032201655	8.13319894596462	8.22806938585566	8.06988681245035	7.93656903930822	7.92892876566587	7.84205927478271	7.845693703897	7.49952642627292	7.65084941478436	7.60431141533858	7.62661791433313	7.7299685119399	7.7013453310424
13.4209754079665	13.2913691082977	13.4082059934645	13.2496503542436	13.2181926401572	13.1895115649094	13.0535620176077	13.0652157111335	13.00833881377	12.8880601205005	12.9307618886872	12.71431682524	13.149958467974	12.8133981690696	12.9086131860211
12.5483487398204	12.4712474522628	12.5121151144685	12.2977304748026	12.3478160618739	12.2907761164519	12.0311829551004	12.0980512447484	11.983136394224	11.8547190151131	11.8829671841142	11.5559403257124	11.7804232504122	11.7328369132108	11.886129796477
5.34634440373561	5.25664918840816	5.55543194664767	5.30707411744631	5.47953105295897	5.43649543617358	4.92421150247378	4.89967366781664	4.88007669792266	5.54533011588605	5.28903852872396	5.63799454159487	4.80218947891658	5.02820299032897	5.1711570528654
5.7635794587187	5.36829454423707	5.80524706344948	5.39542999186716	5.55838647367021	5.97963776120011	5.33293522782041	5.41978502418784	5.39604310605228	5.82217032124487	5.72846018662976	6.4358056909816	5.52829408045102	5.27097855717897	5.4341914586992
10.0752603925816	9.90149999734733	9.97483667141339	10.0820691930584	9.86604752284409	9.92559792148721	9.61760715304981	9.65690797007611	9.65521378334135	9.61197132281923	9.65615539737758	9.52101373358455	9.67911564262824	9.44844004239136	9.38106907214339
8.47160035584419	8.39866819328059	8.66842247277532	8.49793845658099	8.47953105295897	8.46708375600699	8.27483227325684	8.26532314013333	8.29576744377861	8.37497154718551	8.38227600760093	8.28451171283266	8.79654291577544	8.04959777254401	8.42354421449969
9.99897080313807	9.93426758900234	9.97080585610429	9.82468135036571	9.74947194599471	9.79022199639315	9.49121271979568	9.4954946840125	9.48780011172176	9.39274890380337	9.45348840010012	9.27562262099639	9.83744680370291	9.34292839905798	9.49053696627037
9.03045155075474	8.95581274986198	8.98985271465002	8.88315065493588	8.90993661818795	8.8448191107239	8.56983060863898	8.62789321951804	8.51526466775128	8.42231922578071	8.51318640966563	8.38381105334334	8.82898953826029	8.56098188467009	8.56589713791102
9.76316767191959	9.67866560770203	9.7408251668101	9.41229342950081	9.55646671950684	9.47913977358207	9.21943403459776	9.26031578347612	9.16887034498162	9.05920951854572	9.12652311696595	8.83479524902858	9.12591981643793	9.03214919332395	9.15783567436757
4.98879239911753	5.15355569544406	5.32223277035463	4.90714351055768	5.12273869471608	5.20445284480341	4.88590761429713	4.82650725525467	4.84480122317513	5.24292147171811	4.99283725895496	5.63799454159487	4.7090800745251	4.68601605645781	5.08369421161507
6.53182421937276	6.52451212625879	6.64584724186988	6.85615958183887	6.50364350907578	6.60366982659985	6.71981876454855	6.51858350046114	6.55072439543139	6.63279295713639	6.6476564329405	6.92850968385077	6.59920245675273	6.70950440938018	6.63213083631111
9.64521726239531	9.52709220749646	9.59917341046869	9.4719281293412	9.43633952238083	9.35051317359279	9.18172286886537	9.21205799003314	9.13203357680125	9.00770129755059	9.11385265991633	9.00364401391155	9.39015446779926	9.0883606391185	9.07917873049257
9.37195665975263	9.31604027275743	9.4503100245542	9.24748818001354	9.18059410014017	9.19778070953519	8.91987375273885	8.95555198744546	8.86562992681639	8.84254034829082	8.89704127084318	8.49214367513142	9.14944173016381	8.64584240341755	8.82852804911461
4.1180754160625	3.98363069400174	4.33064501017083	4.04099925729247	4.19362218087259	4.32513432722587	3.87942358072694	4.21205799003314	4.08140750373128	4.45960024186017	4.28903852872396	5.10747982489609	4.10475224893701	4.33278384165244	4.59465613089244
9.27535016072548	9.16740390160747	9.20244282318775	8.89330158540405	9.0806132190434	9.10617016712903	8.7845801676641	8.80339001563002	8.74883216464441	8.74575720572571	8.70458825774043	8.88708975647079	8.43397283639073	8.71308429965598	8.73976148534067
8.97818689896226	8.97735536857526	8.83437831807776	8.8339336636039	8.84300141008952	8.88085960672193	8.73695632510028	8.65573504721404	8.69289732152364	8.61141930634382	8.52946850959013	8.15478553967444	8.30203536599978	8.5693998991817	8.46220583486879
9.56763679067573	9.5946554913091	9.55677711694641	9.52960212405056	9.4769960056701	9.4167819285993	9.2627386814101	9.26686037527172	9.22207619171549	9.16305657383612	9.24499658684581	9.05857022441514	9.63507949308132	9.10412420969662	9.07294677678106
6.72688465873802	6.78237248575464	6.66925184620483	6.78706705856593	6.71460405569192	6.75677379384184	6.78371238114718	6.89769058153754	6.80313858420232	6.70494274289223	6.75639706313288	6.73456780128992	6.50447762145004	6.85432096223196	6.81161466617826
5.04407483461872	5.00353025143945	5.27070246971455	5.08594666334644	5.02616543502103	5.1947376899702	5.07936115123569	5.09231874575904	5.15237402508542	5.20244240236304	5.13946217267345	5.93755482345378	4.90092343250194	5.03393935987812	5.09268299484232
10.1038360492792	10.0368023829071	10.0037280658719	9.97562324844045	9.87069014966917	9.88464124726436	9.72954000900227	9.71070424801765	9.6331561494894	9.46999038026403	9.53552723179508	9.22480546670839	9.67337601284342	9.52884255256773	9.51790541510063
9.14992428210183	9.11062189943872	9.14874409058925	8.95638702957753	8.94997286271613	8.90116370317702	8.68492055656396	8.78204798381813	8.71991947272917	8.57734051078867	8.67248101282402	8.58429352176162	8.82122414828092	8.52935027562098	8.69840405573027
4.43173589496626	4.41361853474656	4.60481997360983	4.65608174638996	4.57365323032352	4.83077437528562	4.60070755266087	4.18629489396806	4.49947269570769	4.87463774113901	4.64552384564769	5.44851674273115	4.71547784572325	4.83801914990286	4.87029057350587
9.38110982189629	9.3392265016545	9.37808600508815	9.27249388573617	9.32685238233422	9.28906507251835	9.02788871153587	8.97965654394616	9.00955883087662	9.03594961227662	8.99031873336764	8.92623951022594	9.46752539610175	8.90489113747202	9.1071713634455
9.710318863125	9.67711765150107	9.67297813766311	9.63317240192753	9.52343387483578	9.59168953703903	9.39277774626753	9.34425627958593	9.35306669124014	9.30432201638225	9.3264606874747	9.09136015953281	9.49311867195357	9.22814901344385	9.27253028464559
8.87296291822596	8.89319047638625	8.77088646769494	8.81803603672369	8.69989579294844	8.6621229308154	8.61833744668266	8.49713280731884	8.55782186879295	8.53895803347345	8.54956607894718	8.00794415134517	8.6043826958584	8.63456027326517	8.52082205588787
10.0505011037781	9.96567356352762	10.0190986446572	9.83162614219657	9.86527229711835	9.80984535431153	9.52561738112525	9.55175036439634	9.47948649583251	9.38081373981159	9.4217524510692	9.32815372900624	9.8332243681711	9.35786980767663	9.4896865712909
7.56054504262107	7.62588299807388	7.60308492223908	7.58584144954471	7.57365323032352	7.3818891055231	7.4546050606555	7.42805264017143	7.44515577431327	7.32870617500922	7.38930265219738	7.75517808096521	7.15856808368072	7.68510497651538	7.33351876023124
4.93130690445676	4.65919574350381	5.24423025835336	4.89708984589376	5.06988681245034	4.9965115797645	4.66997021509798	4.71380712250531	4.95477406520026	5.26555244621768	5.05199933142311	5.34354718312961	4.55351036605986	4.85107530272831	5.00969363017129
7.28111403191957	7.16243384679051	7.3597074757733	7.291807360793	7.41530861000465	7.38616376062343	7.32699086407116	7.41701858989646	7.42976372389629	7.42860001515604	7.35968805952722	7.36381957815587	7.56860795886976	6.93164078403197	7.19847765886492
7.17118675252205	7.12658864784379	6.99977727826129	7.5070563527448	7.22779929619068	7.18740814817171	7.35179425507173	7.31817502239906	7.31071105225252	7.23147145097457	7.17685916133388	7.20808376583449	7.53192350385171	7.48501960908249	7.1711570528654
9.88095570897949	9.83780647281234	9.75104593736847	9.72519303341152	9.67754836143063	9.70552858262881	9.44090935270525	9.42736547891011	9.44161831024206	9.25428133388266	9.29653306527088	9.22295704231603	9.2781930522002	9.20545375780253	9.30576456686224
6.03318651847598	5.95325704495823	6.00241233842926	6.65905944618985	6.43006237669467	6.48513021142445	6.9351945520226	7.01026452987656	6.99233361257495	6.82598193519489	6.8482707543517	6.92850968385077	6.50632368061541	6.62271347454929	6.66564796246389
8.05353516386778	8.15132759455194	8.22405237641573	8.083732242281	8.05364617144313	8.15646112199301	7.93597586535927	7.78204798381813	7.93058260148351	7.98017215531137	7.94161193559979	7.76028497139829	8.37760266563125	7.98221387625175	7.83456865127191
3.89568299472605	3.96345281206412	4.03366327241371	3.94667187474432	4.7180431396587	4.23321183778483	4.35179425507173	4.2247690417827	4.3862620852597	4.78348985308082	4.4045157461439	5.42298165062402	4.27033831465498	4.22658443782051	4.58194507914289
8.34744360001041	8.41825892163847	8.23865354077593	8.37474906064067	8.27292430114199	8.28334689206026	8.2561845120286	8.23108281571489	8.24863587814382	8.16982098079384	8.22621169126852	7.91940747674351	8.49474686483678	8.01955544171546	8.09380266508935
9.85065473917668	9.7856084386049	9.83585648935553	9.75715666554016	9.63041927435094	9.64617159464381	9.45651212642016	9.40380509392476	9.39177206665198	9.26274291263086	9.3489155383024	9.04607928023194	9.50401573732864	9.24339272550707	9.36724563478937
4.57375489983868	4.36829454423707	4.83511759303162	4.49210601127884	4.78515733551723	4.85564904392465	4.43373586860791	4.32261636518084	4.33633685992801	4.7356613279902	4.82207323740125	5.59290665206633	4.56772422527956	4.72199535356338	4.69250345429059
9.39765283514229	9.33088294524897	9.29454921166892	9.31747707661515	9.23681804846707	9.18556992956554	8.93636636341034	8.9810619946573	8.8969657116278	8.84348082749029	8.8244317388925	8.72153523713757	9.0835786352722	8.85026274565761	8.74547230938705
9.2793872872001	9.23577045873225	9.18920435569336	9.03298744353587	9.13179194296897	9.01939547043784	8.90398925380927	8.84309013945028	8.85370128249836	8.7829997239642	8.82913720634138	8.23767854802279	9.11718804477933	8.75536410314854	8.6754035447768
5.13853951862221	5.19740998503349	5.42008009375278	5.2763773202234	5.53517908250888	5.57774136160933	5.10181600206338	5.40868731530451	5.30553081314684	5.41979923380219	5.54385242775278	5.63799454159487	4.93969300266651	5.24648399525822	5.32400854094877
9.39127157133249	9.29449589365525	9.30898965330645	9.19511234643007	9.1724697401248	9.20021051228368	8.89196004258756	8.96741827445248	8.88789620238196	8.77808925278076	8.78767622962074	8.5463640661293	9.05674573082607	8.84822934850508	8.83657657788816
9.46655066556141	9.4620632745691	9.46040724819341	9.500845860843	9.36024959221433	9.41050022764063	9.14806567800032	9.11255081444351	9.11658780303236	9.10698524311514	9.14173353767826	8.89639749869702	9.55574053351723	8.9476836265277	8.99778030862779
4.88361016242547	4.63388465497462	5.2966976782475	4.97562324844045	5.04819174135103	5.10422539706475	4.43373586860791	4.63980654106154	4.75644534875428	4.96728702910468	5.01943146896668	5.44851674273115	4.74078893425244	5.08456543294808	4.9013174691265
9.38057300513069	9.40148320888764	9.28375862254	9.30517458453083	9.2886217222172	9.31002743483566	9.19549102419306	9.1646059768578	9.16958331511764	9.12527454184058	9.12461048902986	9.12737938233379	8.92216808857146	9.12039155657512	9.10661680067069
6.04407483461872	5.90646283347929	6.02850156729792	6.35560401137397	6.48357788602167	6.60366982659985	6.48161249555869	6.37201860525711	6.51077028704208	7.11635342564933	6.88308032335597	7.13132656685046	6.99596122231326	6.24153477928648	6.67764549556347
8.85142975667632	8.78309221390172	8.89802631548533	8.73227897614809	8.69815550921403	8.70038833357741	8.41983964249483	8.38976415544706	8.3831918669465	8.35598413620475	8.41456941080782	8.3125942548007	8.75793624086685	8.46020411458021	8.35328846329844
9.79896233678218	9.69290601050683	9.81427333923878	9.66351450389648	9.68151726363358	9.61782520088814	9.58111249371695	9.59553291314755	9.56488459633523	9.57649228242075	9.61287802074645	9.70970441423832	9.78727240233362	9.51916170897546	9.57394342224215
4.61814901919714	4.8023903793316	5.27941968681566	4.92704306799538	5.24220236131765	5.10422539706475	4.87942358072693	4.70476198290231	4.92805672682448	5.08647638431472	4.9450841275066	5.68171591902419	4.67665859683272	5.11735536806575	5.08369421161507
5.74367990128099	5.83607350558789	5.88737383016305	5.96122018331347	5.90466442997332	6.0296784436997	6.15378599236224	6.14007187720741	5.96137680002451	6.24576983402714	6.14551121734625	6.28805207053791	6.34856951731869	5.78117328949815	6.03322914463208
5.45639794920052	5.22309662869714	5.6857399689934	5.60140465376965	5.59625465926065	5.59261463809086	5.56074114534323	5.76256643442517	5.70622599326655	5.82598193519489	5.73649750569518	6.34354718312961	5.48401351889032	5.70771112755713	5.73904604022762
4.39818333525522	3.8797948830172	4.79919801877668	3.98514602255895	4.6037104641797	4.37760174712001	4.00387095165142	3.73172903050258	4.06923278978518	4.41979923380219	4.09013446030988	4.82508009419537	3.96138807376583	4.16518389315637	4.41997759947949
4.44822401775482	4.27313731119673	4.39623335179841	4.60758322869877	4.7180431396587	4.77970019069135	5.07369240114899	4.99179186980508	5.03833878183939	5.1364448435888	4.61096662361132	4.86355424201	4.65685011575254	4.98739677394109	4.7617661167277
7.30620501288239	7.30355365299873	7.13799993222843	7.55420213237075	7.28688597501658	7.2706865432035	7.29202203455436	7.22950696078936	7.24998482171185	7.19656583602638	7.13946217267345	7.40352928795784	6.98010727111242	7.27703776407343	7.13680554807462
9.69442478647894	9.72284873989933	9.57945517585418	9.55540121406401	9.54827914430336	9.63543853801634	9.42430101455692	9.28593887389197	9.34456819036876	9.32702608277219	9.32779128018225	8.93980727518515	9.18848311406757	9.2114775454303	9.20678096259613
7.29485408854587	7.32743328851187	7.35146348167839	7.09696806943769	7.19609043646334	7.30269693810612	7.08359814412216	7.05721494480313	7.22961702401788	7.08170187899436	6.95717140980533	6.7754980653448	7.62576902049228	6.83144649597937	6.87290178696241
7.57563218707935	7.52966768281458	7.67751946218843	8.24303006303496	8.06719270328109	8.01180776686101	8.51963594201355	8.55301091060226	8.46851976737878	8.5891636387576	8.54785435831028	8.67632266025397	8.55172374658584	8.45112213098852	8.59228132370454
8.02359136169479	7.79527297446245	7.96237197822791	7.73157194597422	7.89558132521088	7.89966945649669	7.65676035788037	7.81499493776505	7.62434181274694	7.61307472252189	7.76526308992178	8.04607928023195	7.88823721947388	7.43495429229009	7.74333339863072
8.849103454037	8.66076303865077	8.98785958280058	8.61143144394624	8.73681294367853	8.69091671170266	8.41087529495225	8.61044226380822	8.40636329131621	8.38275589183147	8.38355612750825	8.40352928795784	8.73686323103864	8.17430253776729	8.37831496050669
8.87067110671797	8.63786890230359	8.77474497505214	8.63203627242331	8.71201935203092	8.57867544713298	8.3732970565578	8.45122348844238	8.29642039470213	8.30636984503112	8.34267649232603	8.63799454159487	8.37760266563125	8.59533338946087	8.38381793618408
5.9371596307022	5.750343631562	6.02850156729792	6.03642652750264	6.06988681245035	6.11456734128621	5.83655177346593	5.91544098367496	5.80129958453854	6.28229571005226	6.14551121734625	6.5463640661293	5.88965232016692	6.40980626187628	6.26161200381091
9.29656243100823	9.18112044380626	9.21556091552209	9.08151441703118	9.03997123454606	9.01249920950108	8.73066614678554	8.80233037912194	8.66434800686722	8.55224952982584	8.61642105370343	8.47981287322069	8.83671335425097	8.59533338946087	8.73904604022762
9.16434194975372	9.16298692137689	9.11687664066268	8.96843968982655	8.98322281732405	8.94962519213366	8.81250278340226	8.78365963363112	8.74740020915127	8.6629399205988	8.69121081843157	8.0791511018376	9.03132873269361	8.61124828805584	8.51832243925179
9.99160741472458	9.86014764056675	9.95082220347605	9.77064151065282	9.73341836554561	9.74475644554408	9.4957240479811	9.52212781166864	9.48121048931496	9.36747192899979	9.4677410997132	9.17213278323834	9.71806885775235	9.45031802783297	9.40336633256206
9.95601865795352	9.86082960467346	9.91630632177554	9.74003352472242	9.72190233511433	9.71575446152547	9.50391444563473	9.53685585166806	9.46125908249718	9.34007920663789	9.38451547257799	9.19494266614643	9.34315698826209	9.5582478593106	9.40426914550822
9.98808778614094	9.88516805511606	9.83326869486637	9.83886595914613	9.79047565588323	9.77237064889286	9.46952167577545	9.49909610320933	9.49265142985168	9.27185396333061	9.33177571090603	9.0313684968565	9.43784714564327	9.3630059900667	9.39294317243168
9.71330625223747	9.64738644121418	9.6918747551655	9.63770799395001	9.52245077766596	9.49950523369937	9.28713153820729	9.31632041995715	9.28132724547143	9.13874518163803	9.20790176599855	8.99066615991334	9.4966054094299	9.10139506243511	9.19326372098575
9.41819914063151	9.30906108479542	9.34835979806999	9.11171465480688	9.21264161272719	9.15958586880888	8.84198094054228	8.95173406913158	8.83179782319802	8.79277080798508	8.90151613497948	8.7754980653448	9.25422475246278	8.5465073968175	8.85716313952026
9.33917914143037	9.25716730478683	9.3036581799777	9.15137518838951	9.1407887340728	9.04462878516567	8.82309997399732	8.88122526833705	8.71015169648035	8.66347257522582	8.76722594062034	8.62125127776029	8.95667007596787	8.63077987138795	8.67988396775947
9.60763670088417	9.52537266612378	9.51494375939378	9.28988760662964	9.38155041701479	9.3334591918768	9.12495487454592	9.17364853948108	9.10246911925911	9.05434376337391	9.07238405817246	8.82508009419536	9.32418243531825	8.9691745811806	9.08313054876715
8.95961730048014	8.92809874742674	8.79236238852719	8.86133982094455	8.78433738946453	8.8165915681433	8.53879276987298	8.55175036439634	8.49549754448727	8.37497154718551	8.48185437012053	8.45483051666336	8.16676191121243	8.41695786299625	8.37186817972737
5.18846474395389	5.19740998503349	5.56971617265391	5.24501314931406	5.35252577622365	5.27068654320349	4.98587452235758	4.94646787929559	4.91451019498653	5.26555244621768	5.33740155028536	5.91940747674352	4.77181582987306	5.29983341985115	5.16264555300989
9.05016359177733	9.06281914527316	8.94877437482719	9.04896682412033	8.92042354420381	8.94383703977226	8.78154062845513	8.75107951275158	8.76354640512942	8.62897990402519	8.64445636869119	8.5727287701287	8.37103231427446	8.76832640994255	8.60411646014151
5.09731685589569	4.69634874192127	4.99184309671907	4.84574296589354	5.02616543502103	5.0296784436997	4.76448781388228	4.87569480488221	4.56162917177026	5.01481539918727	4.7524390495642	5.47360772369399	4.56063480049324	4.81821066882268	4.89104913367267
4.98879239911753	4.67168668768701	4.95966269096993	4.72590319588753	4.99248230876474	5.04056675984243	4.28468005921319	4.51082010034146	4.63780085225566	4.94642842420702	4.72846018662976	5.3160664467075	4.52465550338767	5.05101287323706	4.82785530718548
8.4806454954472	8.48436194167788	8.43965563208954	8.75333034733588	8.61020283469036	8.52541236292334	8.67933231830168	8.64099248033168	8.71162108554734	8.60422380493962	8.59723964049981	8.32643316226577	8.77258301683126	8.70141702889446	8.50911994620576
9.87334453310476	9.83399119340408	9.83696412475803	9.91992321963433	9.86177861712014	9.84947046899553	9.7338146641026	9.74585284943612	9.65902674047466	9.57139241247225	9.67195725350047	9.49826977792825	9.70847882632265	9.49493149250303	9.61156213897331
9.05353516386778	9.02498564004144	8.99647667045953	8.85226215927707	8.86643497955137	8.86945484344968	8.60758924563166	8.71830851474025	8.66687506135971	8.49534383262633	8.52889015919517	8.5727287701287	8.37204508724753	8.62983322106469	8.60018219252504
8.25440744560198	8.14462257067405	8.12838192966684	7.91837076598093	8.08727694932442	8.03104398572393	7.88671607329329	7.85642477795189	7.87920524211791	7.86725821077341	7.78767622962074	7.70308956981676	7.69377068440968	7.82979864309789	7.84125090055452
6.10773347184103	5.75622019789867	6.07430525691105	6.30327254728646	6.04271661128487	6.18985546859045	6.28957885862603	6.40589949793288	6.44868458579351	6.82407738700953	6.53004662822775	6.69244232561724	6.28976157791837	6.59775605172772	6.54640096228523
6.55484643728862	6.44306231263904	6.67256458024566	6.59519950424294	6.46322924062987	6.46101775530764	6.60660815410056	6.52630534783888	6.45337628111823	6.65653267820566	6.50438767305628	6.95547673145104	6.18991963219968	6.68965463352115	6.30866057661534
9.33917914143037	9.36204598023558	9.19900100436036	9.41493815075638	9.2457807716869	9.31788038213046	9.26086909794212	9.18385584851664	9.19956338879788	9.21412420741068	9.21078932271111	8.81038358298866	8.93284583727024	9.14743349101895	9.1010594169078
4.98879239911753	4.74444303012232	5.21726321075309	4.57010852328011	5.13308063893754	5.11456734128621	4.77849467187615	4.52116204456292	4.65419529050633	5.13029261660721	4.98611139576665	4.86355424201	4.40309352350676	4.75014639387753	5.08369421161507
8.23790585183125	8.15244207513335	8.27397760174741	7.93443520222542	8.1407887340728	8.02831160793579	7.73695632510028	7.73284179186965	7.76779032234829	7.78838200778859	7.64124919054737	7.7293688946156	8.04059421824166	7.4797753465253	7.79518911826515
4.64700388186932	4.36829454423707	4.59088078265196	4.12953593189413	4.46322924062987	4.75346864911817	4.06228763787675	4.16006335239488	4.12910424576257	4.7356613279902	4.64552384564769	4.56982303895329	3.99333096626859	4.80485228596766	4.54312583025236
7.20311151991829	7.17345525288176	7.25310840969982	7.37384312965901	7.33247254932052	7.26373378256172	7.66054696121136	7.64808771614534	7.70327468973294	7.75378334626463	7.82772717686844	7.91940747674351	7.6043826958584	7.73613953588365	7.67615124888314
9.49212125574419	9.41501221868127	9.28430007311528	9.45874497312284	9.354736803539	9.34667985750714	9.36722741004942	9.27909964308633	9.31812520909968	9.2599278970238	9.28390620370656	9.07300760763895	8.8793612529945	9.22689748871485	9.27351877049508
9.69873777935002	9.64422089953627	9.57326523973498	9.51611698512374	9.50115051546962	9.45085072915064	9.34827691474949	9.28593887389197	9.29968072386571	9.28506745930231	9.24005826159066	8.87065529838514	8.86504513412257	9.26000743935796	9.13897664711625
9.74451455275981	9.66779487243001	9.75300319589807	9.59091792941559	9.57886408657123	9.57493547085603	9.21203475738143	9.30813172643016	9.23813857886373	9.11206722521105	9.16871459495085	9.04816862895467	9.42935853975843	9.19493123655042	9.15408353950646
7.74534872164161	7.71758753829562	7.73568749927079	7.53000880341643	7.51357262631951	7.58333682450284	7.34357374826676	7.23893637370928	7.32614109282213	7.15019217404491	7.16945691297129	6.96435488279749	6.98805602422792	7.43603780344946	7.25961795367882
9.14929414667321	9.10602732536147	9.06865869376991	9.05406569271784	9.02408312283722	8.98387475408657	8.81250278340226	8.80233037912194	8.83359837886498	8.67830761638876	8.75985143977425	8.81775055239687	8.82455729194503	8.76099540756052	8.77089490626696
9.25206159949019	9.26388593972419	9.20473281579696	9.15559822848032	9.02338835035046	9.12035227011906	8.90797680483012	8.83274819522882	8.83629500589475	8.80054030527333	8.86440587266393	8.46737576998247	9.07707232211687	8.6718292502218	8.68211897214278
4.09731685589569	4.00353025143945	4.03366327241371	4.45146402678149	4.09126046324291	4.36032375568817	4.859794773978	4.71380712250531	4.71015169648035	5.14867114592206	5.12728745872735	5.20058922928757	5.21722697819542	5.2612305806274	5.14547040920175
9.35729886062522	9.30656031273418	9.27506766227595	9.26127042783319	9.25587166478876	9.29589710600077	9.10286004628279	9.02260118972179	8.98546650855663	8.94905230193706	8.90196285894679	8.73716024590645	8.83083229625881	8.84333747026885	8.91911305209054
8.98808778614094	8.91699350097146	8.85493615251625	8.90086818513119	8.95581078688206	8.96470951967272	8.80054077790341	8.79861551030968	8.74548872157004	8.70390743962506	8.65244325958748	8.59576630620557	8.5081673805991	8.64864920399332	8.71814227397737
4.09731685589569	4.02315905818839	4.33064501017083	4.74844576453862	4.3436476248772	4.46101775530764	4.69233802812644	4.62069771811383	4.48121048931496	5.02147912946828	4.6624969242514	5.28805207053791	4.64349173289752	4.87683839879339	4.95159067560772
8.86760968373175	8.81933024175331	8.73013408835185	8.76650573608361	8.75617826854547	8.65505521286676	8.59972176851532	8.56368131630093	8.5523653757496	8.49534383262633	8.47646558802291	7.91024747745804	8.71108242743625	8.56346287417385	8.42087008020136
4.85915711870093	4.86898812806062	5.19900100436037	4.67973301445461	4.88644067135442	4.98528432434125	4.56882349164109	4.6772812464802	4.62953323627206	5.08647638431472	4.77602586988182	5.20058922928757	4.38715197963773	4.58804089689451	4.69250345429059
4.75697672389445	4.38356130089038	4.53373687554835	4.16348326381747	4.87416234157598	4.21410301483712	4.14029014987802	4.31074226489254	4.19781699584659	4.58185599191116	4.63696183214426	5.39698644209107	4.05517022008645	4.61890186059927	4.4896865712909
5.22719713844261	5.19740998503349	5.67916731506991	5.031839258007	5.47953105295897	5.41154907904334	4.94919385903111	5.16666608721912	5.15813329437411	5.43485357952448	5.39439152887019	5.49826977792826	5.10961800410883	5.16518389315637	5.2293716668107
4.8467733942451	4.83607350558789	5.2966976782475	4.9171275991303	4.98107754549249	5.20445284480341	4.94919385903111	4.89172491470116	4.94814097286781	5.13029261660721	5.03254696875693	5.66002084792487	4.66348320808499	5.13880847773207	5.1796186316136
9.03864094856809	9.06400411046577	8.89448421932624	8.98573911405379	8.94337683630727	8.92412878180742	8.82014059851678	8.77071574082856	8.72865428270678	8.65492641152547	8.70919015969944	8.5463640661293	8.46325495872353	8.68692656140497	8.6267260318703
9.00001965454078	9.04732536931914	8.90226538329785	9.01276106520209	8.97390351260475	8.91158031912236	8.84987930511292	8.93539424377012	8.82547812267559	8.7193595156611	8.72694819168869	8.71102375135897	8.64726129676891	8.78543028592086	8.68657862033348
5.85915711870093	5.70852345586738	5.83511759303162	5.86133982094455	5.70423734013367	5.69264345642213	6.0216456533794	5.78848380879981	5.9414772425868	6.05109078557882	6.0161338788661	5.95547673145104	6.18301126285751	6.13614422020501	5.89619243694863
8.85838624235831	8.72434842302906	8.95286712946107	8.62748278613648	8.84221369778991	8.74184064686533	8.39562049603636	8.44376768352333	8.42976372389628	8.33874584698578	8.3988296186308	8.38381105334334	8.50077840136973	8.09489257110998	8.41461108972968
10.1621572299666	10.0146042975979	10.0783696296353	9.81269765860338	9.82716486203881	9.87858585520181	9.57133996714549	9.65866556831285	9.55754953372072	9.45806594942492	9.50644551656081	9.44058546909494	9.76912745819504	9.38449273312852	9.50070279840384
5.18846474395389	4.9429887095044	5.53373687554835	5.10354072336118	5.2984183708842	5.31620120245586	4.92421150247378	5.0713591271234	4.87309026760655	5.48392957122191	5.18128234836808	5.91940747674352	4.92320487987794	4.8640143584358	5.12808833097352
4.88361016242547	4.93264676528294	5.13319894596462	5.06813538722998	5.3436476248772	5.0296784436997	4.81292816894003	4.85131064625525	4.46271414569757	5.19066523458669	4.95888992703163	5.70308956981675	5.03995712613994	4.9331763829432	5.07464907201206
4.36383183046445	4.42841553667464	4.8930649422409	5.04099925729247	4.82397658440776	4.61464094442085	4.84655894682131	4.92326048813427	4.72574855153136	5.50785541046739	5.20464634143359	5.5463640661293	5.09987002755726	5.0566594363782	5.1796186316136
4.75697672389445	4.48613103453093	4.83511759303162	4.61986155847721	4.73171807655577	4.62914051411597	4.54443933301412	4.34607533800482	4.26340533747417	4.84489039774496	4.6624969242514	5.10747982489609	4.39514477039127	4.61890186059927	4.58194507914289
9.18477969714603	9.15466845681113	9.2864638456107	9.11822061866629	9.07860808315303	8.95178977624699	8.77718729068937	8.77881927294226	8.75407054156638	8.7142271906437	8.7244246733946	8.81284342167646	9.25285088792614	8.49908462970981	8.7554121767443
10.1164643661565	10.0019854445236	10.0375224678693	9.89077054082348	9.84418217270424	9.88161672825119	9.65201308462386	9.64867741369734	9.60444225530923	9.49743664519646	9.56007704727088	9.29510682807186	9.82178020727446	9.39873410437734	9.53408069064935
4.91952973668041	5.08049223325433	5.23529713358335	4.93689085395173	5.30757837016967	5.35160653858706	5.17247055562717	5.31669153122373	5.36151542292401	5.48392957122191	5.30534034105306	5.88241326926132	5.18991963219969	5.45753887266038	5.38381793618408
3.71671285368072	3.64659570672418	3.85857656585561	4.12953593189413	4.28919984085482	4.23321183778483	4.63190217426447	4.61104754808011	4.59598067656103	4.85984073921093	4.85935425348071	5.25948291834114	4.81416212058265	4.72908477834969	5.04716833558995
9.13089945642007	9.05806952767994	9.15408631243844	8.99519556767934	8.94777753633631	8.96399478344761	8.74277274964219	8.78955366056622	8.77857950803846	8.69559815796035	8.74797326599217	8.62125127776029	9.07614044887472	8.63786001830316	8.73330967067847
7.61267388913098	7.57192890728616	7.53373687554835	7.70732439972755	7.59998737813699	7.66124135728299	7.6105285234719	7.55929717344969	7.51077028704207	7.47181619156981	7.47706533654158	7.51044449187435	7.48962348723291	7.45112213098852	7.38198594223519
9.70818122005961	9.61985249587996	9.58561866724654	9.64072381953925	9.5793368688271	9.60687836335878	9.42485771726145	9.40380509392476	9.3158727573683	9.26765601165606	9.26839876266492	9.02289449281114	9.17055042677839	9.24153477928648	9.2695607569264
5.20796091957969	5.15355569544406	5.28808454794279	5.45146402678149	5.40467705827476	5.41154907904334	5.83320056396629	5.63980654106154	5.73733652580658	6.18176883409829	6.0095160001016	6.10747982489609	5.60610531700741	5.90528237680754	5.99058480722358
5.12834375151632	5.00353025143945	5.50429309765586	5.23706439619857	5.50364350907578	5.59999416845645	5.25493271581914	5.37487260231226	5.36649883043827	5.81451674870144	5.74049943625267	6.05857022441514	5.43057425992886	5.57235927466224	5.54312583025236
4.70303791678365	4.50020621974265	4.6592677576322	4.2763773202234	4.84928767293694	4.50884628039826	4.42485771726145	4.41424684064641	4.32614109282213	4.5637086452009	4.49257192280909	4.9731787331845	4.4421933431957	4.22658443782051	4.58194507914289
5.68923211725862	5.52795121022556	5.85274748705341	5.8140341061662	6.02616543502103	5.91009682794703	5.78891128782149	5.77989631296309	5.83764143160226	6.24006747466296	5.91352939363175	6.46111677951079	5.60265801538894	5.76401856845908	6.1711570528654
9.08287008478943	9.01827683680864	9.02396987620986	8.91027096688948	8.89101823746096	8.89517740811129	8.6974155075155	8.6350530110909	8.63625427889952	8.43547744765999	8.53120217097346	8.34694575959148	8.68442492973329	8.49700955557876	8.56347447564416
8.91731077437542	8.88181216841821	8.74987030641311	8.89077054082348	8.67002162479575	8.66915619296385	8.46600982392776	8.50627208248526	8.50964450076498	8.26835651909439	8.31610677192213	8.04607928023195	8.14144565794393	8.45647139570388	8.17645135253492
9.08352990416562	8.99734107403265	8.98386503929555	8.79858970177518	8.84536196972315	8.82291225751265	8.48161249555869	8.57116613226395	8.56162917177026	8.39499584280162	8.49257192280909	8.56691144353339	8.52328866762377	8.50632397485439	8.52248606419333
10.11839741027	10.039515633183	10.0122511697483	10.0188588091814	9.99390158585007	9.99581243022773	9.86000062331001	9.86101204744754	9.82026615031566	9.73160311141585	9.74174776638238	9.75133601467081	9.7258140902849	9.54926374076489	9.67801881553991
4.31072049400488	4.18874512390636	4.26193226008682	4.14660944525307	4.52735957804959	4.46101775530764	4.06228763787675	4.38056371439012	4.26340533747417	4.46938126265275	4.31073359982328	4.70308956981675	3.97211448035889	4.02244372104028	4.4341914586992
4.80897136153271	4.8023903793316	5.08428934548367	5.09477051373345	5.17372262343488	5.11456734128621	5.12940183373528	5.32261636518084	5.42976372389629	5.74374367428806	5.57556128748012	5.70308956981675	5.58529685472751	5.71843753415019	5.65050936562596
4.4806454954472	4.30555878888911	4.87016454013082	4.45146402678149	4.7180431396587	4.53987317601888	4.41592459249144	4.33439353295719	4.4057582608855	4.55454864591543	4.69585552119784	4.90102894742866	4.1714232885823	4.4829241910803	4.61974711185527
5.02221540065498	5.06163320600302	5.24423025835336	5.29946093333644	5.22296614245473	5.27068654320349	5.18303979733736	5.12658864784379	5.36151542292401	5.59531825171773	5.44921555361471	5.93755482345378	5.23959479122388	4.96954877260816	5.42710203391288
3.89568299472605	3.83607350558789	4.47423586379969	4.09477051373345	4.11232207877074	4.44471594297854	4.01574505193971	3.94646787929559	3.87309026760655	4.24861258379597	4.15153500497402	4.56982303895329	3.68971474965816	4.22658443782051	4.4896865712909
4.77015211264218	4.48613103453093	4.95966269096993	4.47868549551651	4.92266085926717	4.84326531946882	4.39789066966119	4.59155137245431	4.27405258167368	4.66080733330599	4.61096662361132	5.28805207053791	4.14322639675164	4.29506417570328	4.88070718945121
9.44924829542716	9.3692534642065	9.22856080208748	9.27734654769747	9.23561880064998	9.22368906366633	9.20200139192381	9.18344893974483	9.21345894568673	9.06607470034433	9.08069476442357	8.93529884951341	8.77488213292084	9.13980630719494	9.13626226241922
9.48913636838793	9.43804423787242	9.43234589660269	9.3203012766183	9.37611857685983	9.37060750051712	9.18698338532606	9.13839334875641	9.1269033375693	9.12140257214957	9.09834382966572	8.9687735540645	9.29831090688306	9.06123105154585	8.99897607748272
4.63264858889225	4.41361853474656	4.67256458024566	4.3371313513025	4.84928767293694	4.61464094442085	4.55261326445983	4.47934186886829	4.50851783531069	4.97417341468992	4.54842515754261	5.13918868462343	4.03485023570685	4.18594245332316	4.70428062206694
7.25791907826694	7.45575738548741	7.22405237641573	7.43418603534965	7.10708543040459	7.15520932578356	7.20265081576592	7.05899056969298	7.22413669438552	6.98784835158701	7.16797189478469	6.7754980653448	7.15268672600071	6.98887418834659	6.89619243694863
8.2508872444877	8.23577045873225	8.20014918988924	8.21193845564185	8.07391856646939	8.13503144384593	7.96994136232659	7.87770833631985	8.00517191790419	7.95515618851955	8.00120073188959	7.75005304878734	8.35780115590532	7.8223599240293	7.92667304340339
7.40875257696542	7.50893398405519	7.45896910714638	7.42371903629859	7.44881246786099	7.34941897934929	7.07084965138017	7.09923815969883	7.13349601487973	7.12566116787557	6.982736668986	7.41004259491652	7.57125591624981	6.74665740779764	7.10606202464352
9.94951839395658	9.88080387830782	9.78204782953662	9.80027647273886	9.7855671338557	9.7592476927748	9.67489289366703	9.66159014876073	9.56162917177026	9.51288893341749	9.4449300145898	9.53746766564091	9.4886900060998	9.31551986778796	9.47687012596387
10.0076880202392	10.0325716026291	9.83067625024985	9.86714544262576	9.81878055841936	9.84830903457813	9.71845708909032	9.71521531689812	9.66485377200505	9.63659595888147	9.61614882140884	9.18168076673751	9.54320695758987	9.46631554943805	9.61273426771014
8.91286258470287	8.89917815174072	8.6750441483855	8.79317874356766	8.66379351442255	8.73095864834338	8.55566658843738	8.62249996074782	8.58212387588564	8.35070195166455	8.40640615267018	8.25225134911006	8.2013605727364	8.42243507170447	8.35609072065255
5.18846474395389	4.75622019789868	5.27941968681566	4.79250094461656	5.11232207877074	5.22368906366633	5.0392040247637	5.03573521739268	4.84480122317513	5.28783389359369	5.06482337178069	5.3160664467075	4.96138807376583	5.12812179893482	5.20470961257643
9.09927570893375	9.11348609541797	8.99250594765694	9.13382329029722	8.99815105885143	8.97112626134459	8.8536055965712	8.85233492392759	8.845693703897	8.75777973397492	8.87263419368121	8.49826977792825	8.94139972833686	8.60836769799889	8.77019473879828
5.91360490272331	5.86355424200999	5.95966269096993	6.31841909104032	6.24220236131765	6.08331640730177	6.66432365195684	6.71605957423669	6.64806918770949	7.03471495662498	6.95027679672692	6.99933102104047	6.91627882221228	6.58218024547327	6.72176804879578
4.1180754160625	4.23997044726153	4.59088078265196	5.22907160544504	4.63315424207219	4.71320477890445	5.18829552278885	5.24362806903401	5.30033190647252	5.59084477513842	5.50673925473568	5.9731787331845	5.84949519369493	5.2902791131379	5.53655317632888
6.58870524130465	6.53821954567938	6.90155973640635	6.60140465376965	6.85242056242191	6.77970019069135	6.86800592329724	6.775583320092	6.82864143335131	7.06405891820712	7.01613387886611	6.90102894742866	7.16792866828443	6.8363787915216	6.92163745350609
8.82878346965741	8.94234450541203	8.6939139004391	8.96603719961125	8.67887254237802	8.73011816184079	8.45623984274645	8.43695607955289	8.4748790826043	8.1735653250729	8.27047607769753	8.11547261564962	8.26707552764598	8.45807231509238	8.19743637766425
9.40347763492474	9.40335683907422	9.49449942957591	9.16662525062935	9.27116955325785	9.20988900587974	8.95498704727679	9.03076740987021	8.87789707061445	8.87923085243949	8.86943986522574	8.76283165350864	9.04218571872394	8.85188740240688	8.85782235590865
9.9124912824126	9.80310019240417	9.97383002289652	9.69794450395442	9.63497467769655	9.70081738786783	9.3503297386117	9.37308951588964	9.39604310605228	9.31961034427144	9.3344258977195	9.16059116135565	9.67275969597785	9.25110851585722	9.35328846329844
5.30167535440188	5.18002790680525	5.35559136730106	5.36657512919497	5.47953105295897	5.43649543617358	5.21943403459776	5.20566021883499	5.25267893088111	5.74374367428806	5.41456941080782	5.93755482345378	5.13370362263314	5.2806611105763	5.28532807278472
9.25733439941765	9.15299899273953	9.23417659368944	8.98277121537105	9.05023956999988	9.03445219671342	8.83445817994675	8.8736784592837	8.73637440837119	8.53139092492818	8.65827233838968	8.7653738480711	8.58092372303442	8.68601605645781	8.71232201377521
9.09404617881841	8.99981993210108	9.10466586069303	9.14182790695308	9.21690184163448	9.16021000684192	9.08782272998388	9.03257586518805	9.07533298932159	9.04292610594422	9.05441253807592	9.10547468900571	9.37735051234197	8.83801914990286	8.98576779092581
5.84054144053358	5.77948997722152	6.03880657568966	5.96603719961125	6.23741729875227	6.18004117876349	6.2993268351776	6.23422937103176	6.45805276832771	6.48634008981259	6.28630356100272	6.44851674273116	5.93695803494527	6.23656852639314	6.14547040920175
9.54912523332997	9.52494246035322	9.4459609154599	9.44802494281472	9.42165013687847	9.40682323118952	9.26055726501302	9.19318321366697	9.19186339698727	9.13912821497119	9.14437895172301	8.63799454159487	9.32392076939917	9.19716970874642	9.05005545890867
6.91063333619202	6.97357702933783	6.7561292968848	7.06589343644331	6.90164307799808	6.88312978034676	6.99639970222029	6.87770833631986	7.01154848095186	7.03800502655916	6.97256486392871	6.4358056909816	6.85385159873907	7.01085574676507	6.7617661167277
9.12064935972632	9.09968579848765	9.13859893370721	9.12254168529124	8.9514345599444	8.99581243022773	8.80952156749678	8.74612840956319	8.73348420031097	8.69559815796035	8.69379305474094	8.48907084108179	8.925966019555	8.65703698948604	8.66790511292308
7.99020059351033	8.02680991220134	7.96372471629316	7.99106599410277	8.03584334892338	8.07671971066485	8.17842527876479	8.04203324129304	8.17243167742667	8.39178485763259	8.39121308510629	8.18168076673751	8.5081673805991	8.46180089951454	8.22324556401386
4.44822401775482	4.22309662869714	4.39623335179841	4.87676986151416	5.25172513543616	5.05137351479902	5.50707248054964	5.6772812464802	5.62953323627206	5.987848351587	6.10262540449308	6.28805207053791	5.86108316797015	5.91464043150577	5.99058480722358
2.68923211725862	2.5685931947229	2.90438025546874	3.96603719961125	3.52735957804959	3.37760174712001	3.90518667679201	3.99179186980508	4.15237402508542	4.48874658751969	4.46381292982767	4.47360772369399	5.27467725037932	4.94540268527646	4.69250345429059
9.911748391026	9.84609586142596	9.83215821755108	9.93320580714388	9.7163246224324	9.72168625565954	9.50707248054964	9.48298378599445	9.51974509073395	9.27569138439368	9.35806102085145	9.11945246656216	9.65435482246823	9.36414488496768	9.33966695361467
8.82563175886624	8.75695308846099	8.86438218753682	8.70228126585999	8.63224316212975	8.62462503299348	8.40411529020181	8.48331441394156	8.43866378321952	8.40394876629069	8.42268673823033	7.99933102104047	8.40556855420624	8.2612305806274	8.36353690513541
7.8389792367633	7.81933024175331	7.91000480466261	7.92704306799539	7.79496051054759	7.80546328675643	7.72072583470788	7.52373598822674	7.56380027081188	7.57507745928011	7.52193180949586	7.35033634879225	7.96273324406458	7.75014639387752	7.5332555862283
7.71159993028707	7.67013122118496	7.63908987569457	7.5920868923756	7.70250228876292	7.59076384240291	7.66338040573763	7.5339860849205	7.64704563673297	7.61086707857023	7.42206394735474	7.19305555660216	7.66761345722971	7.79052215605674	7.56104773824962
8.56243958661085	8.61298731408136	8.42401650831195	8.65010784534533	8.49665224216732	8.42615349195212	8.36867488186833	8.28972448362346	8.31393928148245	8.31521033252499	8.2835633986578	8.13918868462343	8.65934110061465	8.06438755101045	8.29801333241583
10.1801601125365	10.1510488398335	10.0601471939144	9.97263444471789	9.93785701689337	9.92816532150029	9.84655894682131	9.80603570689209	9.78952053133857	9.78275459694961	9.75689105219468	9.61421715831174	9.66120652079668	9.61100845844163	9.68249113647888
9.36056904345545	9.27876186039061	9.35042966218529	9.07984880779378	8.98107754549249	8.87174302004495	8.65486332270778	8.70872621122042	8.65215614523273	8.59420118233099	8.5805929745678	8.7653738480711	8.91905323660748	8.5424887450801	8.71232201377521
7.01116021214598	7.04492687327062	7.01551592570345	7.12738746531554	6.88644067135441	6.88916617007743	6.53415635975227	6.64217744552428	6.5659681074946	6.42483482369949	6.60439396968783	6.48599144814982	6.7423562293994	6.21653077315658	6.33919494476345
9.85104229996904	9.77732431000341	9.85092105936184	9.63468585083726	9.61389968499224	9.62507721762056	9.32161991459258	9.40135777350602	9.29576744377861	9.27847583889545	9.33508768444711	9.12935432451885	9.66327638491197	9.17105249124551	9.24658901098985
9.16870148913246	9.16574911835487	9.1705811679677	9.30327254728646	9.1861919753971	9.11714128495004	8.9390968942474	8.89022963554755	8.96384505561526	8.89791120080166	8.89345135909127	8.59290665206633	9.03357068348028	8.90606453732596	8.79174346331728
8.55864800744847	8.39866819328059	8.74673059888255	8.31181203645298	8.4342501736581	8.38829634791624	8.11567485062377	8.25992988136311	8.03677657806911	8.07451036293008	8.04716077448673	8.16637351394965	8.47838165081099	7.79644004615146	8.16264555300989
5.07625524036787	4.86898812806062	5.30525969175092	5.23706439619857	5.3436476248772	5.3689886168153	4.77150824156004	4.94646787929559	4.92805672682448	5.36845235380197	5.09639345078156	5.70308956981675	5.26162109755388	5.0955784256705	5.29314757724401
5.09731685589569	5.39866819328059	5.40422614255194	5.32218100983652	5.41318855813028	5.41154907904334	5.43373586860791	5.35766331228004	5.46271414569757	5.75578292391097	5.89928043789347	6.02501766470412	5.59920245675272	5.63408826441395	5.78967211329759
9.98808778614094	9.84471759999714	9.93608145820904	9.79250094461656	9.82994883679278	9.83508034658685	9.76316767191959	9.85616950146872	9.68094534395618	9.65840439847306	9.67875133797546	9.60714857464211	9.79673149103757	9.5532635909538	9.75505835821625
9.91360490272331	9.82946917992931	9.91909818532875	9.74704712648347	9.78228548321494	9.7817295834031	9.58236060785388	9.55741416899587	9.54716252190403	9.45683733956494	9.51669093375544	9.26128516097512	9.86306551110258	9.43386996676675	9.40110682537993
5.18846474395389	5.19740998503349	5.17116679616364	5.07706851199999	5.55069208188021	5.40313683922714	5.6434284276455	5.79275846390014	5.26873878177721	5.84489039774496	5.84083416550992	5.88241326926132	5.39514477039127	5.37407205014307	5.54312583025236
9.59102730045859	9.38071106280647	9.54417314874805	9.52878842124224	9.56460809072051	9.5537155175087	9.48214752061243	9.55584311903022	9.32261958980889	9.37432095189111	9.40388505977718	9.28805207053791	9.52146420321256	9.16354948147042	9.47386316781525
5.77669495850896	5.34508715307575	5.74987030641311	6.04555753925477	6.0806132190434	6.24737916971142	6.53209094058648	6.55427035637486	6.45337628111823	6.78935845116995	6.70202528843804	6.78555173000873	6.28546783950825	5.93624268599098	6.50659995422724
5.37249669159158	5.08049223325433	5.31377119160644	4.96603719961125	5.41318855813028	5.59999416845645	5.43815453987491	5.50562119366714	5.04457073555091	6.26555244621768	6.06482337178069	6.64904973010387	5.8051919670781	5.8082034954673	5.87550828277689
9.41138283301009	9.36637479007371	9.44402376170677	9.19920945970094	9.2723396222927	9.26837267736525	8.95575771772294	9.01026452987656	8.93729672664828	8.81739159862163	8.85843387383808	8.86829216101666	8.92837768943868	8.79221546028973	8.95035496243505
5.60350224323273	5.36829454423707	5.92674806849719	5.66795584667825	5.94043556099514	5.68572404248234	5.81292816894003	5.98806878376236	5.72574855153136	6.19656583602637	6.21042869402759	6.41004259491652	5.76874299582344	5.70411786283312	6.00494010020065
6.98597188005514	6.85536484419665	7.05412737497342	7.14235997225171	7.24935032824826	7.37760174712001	7.62222611491542	7.72279590573257	7.54194083684815	8.00055194151321	7.82018365620003	8.23401223082502	7.87329425192102	7.30340003487134	7.7013453310424
6.51626940517792	6.30154572638249	6.6525731050582	6.50870797861597	6.69379559341202	6.64349580709304	6.90199133763221	6.86152084485747	6.90255173067847	7.43110469467557	7.09170175545684	7.51044449187435	6.77181582987306	6.70411786283311	6.99778030862779
8.42237784026802	8.31155752951055	8.54733447894907	8.62367720481907	8.56413045620502	8.60642043761589	9.10737552740528	9.20325372112789	9.11436770250568	9.28056065868151	9.20319712479652	9.26308515502134	9.23709565569989	8.73657931489662	9.02386096209788
5.9944169483114	5.62748688377647	6.17584328337311	5.94178965336457	6.26118546468522	6.36466269141251	6.44914236938488	6.56680471011863	6.28462182338386	6.41474600607591	6.55525719102503	6.89175113384065	6.14796431575831	5.90214948732257	6.221197735365
8.76110697303918	8.62025531454539	8.82770774088793	8.86133982094455	8.99673595815839	9.00626426324546	9.16249107123634	9.27795661249104	8.82954396390367	9.05718411453359	9.11076420266857	8.98631413537363	9.02844109570866	8.61985570859493	8.8916930502381
8.0548815895753	7.70852345586738	7.97181461622526	7.49043525829432	7.68679220567425	7.63633601552017	8.07084965138017	8.15426106632834	7.66838917208908	8.03306710374349	7.96317728543473	8.3537189881869	7.54095731571677	7.66028578136439	7.82246204841525
5.9254303381201	5.79669926725375	6.25310840969981	6.12092280158942	6.3436476248772	6.17510888322126	6.76624612615464	6.93491084787319	6.55072439543139	7.29059503327075	7.1842236236802	7.4358056909816	6.90512750067617	6.54851253270788	7.15193507292788
8.89342702078567	8.73851819616521	8.82473311088382	8.74003352472242	8.76617966070297	8.76171735678598	9.01611454740617	9.14634902289357	8.82049314977185	8.83735672505955	8.95243490489433	8.79802108197094	8.75289116900559	8.81529907340277	8.95652297114995
4.29257314729463	4.38356130089038	4.09420481434875	4.36657512919497	4.15354474149725	4.41154907904334	4.83320056396629	4.56180402906026	4.68643562750654	5.06082779694411	5.21042869402759	5.59290665206633	4.68971474965817	5.12274862683597	4.89104913367267
6.81215963916376	6.61460559247974	6.80524706344949	6.59519950424294	7.03170361856245	6.86486757395403	6.75566396349527	6.96741827445248	6.64602135906063	7.24292147171811	7.01282873414243	7.42298165062401	6.54095731571677	6.5584966212805	6.87550828277689
4.54338125079516	4.30555878888911	4.42794221152575	4.9171275991303	4.94631212733181	5.09380878111942	5.63959656605447	5.67264979774855	5.60865450659615	5.81451674870144	5.9725648639287	6.12342136876511	5.75948502796234	5.54449947020125	5.72755040138979
6.01669839568741	6.00846254698168	6.08925559837702	6.59830541511076	6.40467705827476	6.50098416262529	7.15914917712933	7.29123595054106	7.06923278978517	7.38534136750712	7.42206394735474	7.49214367513141	7.39315072025918	6.91464043150577	7.12808833097351
6.08154954003738	5.7265950287894	5.99184309671908	6.35927032857174	6.5429564331006	6.489110062337	7.15914917712933	7.18304191617296	7.06923278978517	7.42985289846611	7.18715891470474	7.31606644670751	6.98541130297235	6.62651504470915	7.20055796930597
5.09731685589569	5.07109353525208	5.27941968681566	4.89708984589376	5.32572571687993	5.27990507323287	4.97375096327509	4.92326048813427	4.74117859210097	5.27115515244706	5.18715891470474	5.72415118534458	4.734502671405	4.9331763829432	5.2293716668107
5.22719713844261	5.0328742130216	5.49683729273682	5.09477051373345	5.55838647367021	5.41991255197797	5.24487905115522	5.26839597418295	5.01947975458808	5.54994674395642	5.44921555361471	5.91940747674352	5.08512344218808	4.98739677394109	5.27746595501174
5.0548815895753	5.05211043188451	5.18050466074298	4.98514602255895	5.2984183708842	5.13503144384593	5.0565512683276	5.28062227651621	5.07533298932159	5.48874658751968	5.35316886614368	6.04189148326851	5.00904104935725	5.03965301107251	5.41281780790663
5.01116021214598	4.77948997722152	5.04393160786753	4.63203627242331	5.24220236131765	5.0076521373697	4.59280235457553	4.775583320092	4.80129958453854	4.987848351587	4.9725648639287	5.82508009419536	4.68320144269949	4.8575593362985	5.13680554807462
5.5812494363856	5.28131124264243	5.66593148791321	5.60758322869877	5.71115675407346	5.82448811243819	6.10459844273471	6.17323874114261	6.00676870283852	6.51022631493013	6.54385242775278	6.74490974551138	6.06522388475037	5.96655252014824	6.19221866839323
9.35729886062522	9.26800498617933	9.32275997483369	9.10463326036219	9.08927008117386	9.08528954876397	8.88954211737206	8.95268949634589	8.75216787720766	8.69871974960206	8.78864285950005	8.61280620950403	8.69983328630329	8.64677861048538	8.79656507930497
9.32026922097714	9.10890064844009	9.21101161718124	9.07205043723337	9.03997123454606	8.96184844775657	8.83738836092972	8.89272090717488	8.77577270746269	8.60699555418967	8.64552384564769	8.67090916406761	8.67788764280303	8.60499972405435	8.67390697302342
5.16870148913246	4.9222301493376	5.1040526003051	4.99460635180802	5.09126046324291	5.11456734128621	4.60856967043384	4.83482252346668	4.57890716320209	5.08647638431472	5.07753442353025	5.5463640661293	4.67665859683272	4.85107530272831	4.92163745350609
4.8467733942451	4.15355569544406	4.69879612181884	4.75958632214382	5.1018297049531	4.98528432434125	4.92421150247378	5.11979948218115	4.71015169648035	5.21412420741068	5.13338765826376	5.61562672856641	4.99333096626859	4.83144649597937	5.47601163439383
9.51088346800459	9.37116939415726	9.58121886194289	9.32733768322254	9.35252577622365	9.31676114620087	9.02752221971607	9.14551364647134	8.99956921167482	8.9564608111021	9.0103448970166	9.00364401391155	9.32051478660745	8.79221546028973	9.03089279587712
5.0548815895753	4.60812155890954	4.79919801877668	5.08594666334644	5.50364350907578	5.32513432722587	5.67746475164491	5.88373212394762	5.28987754883536	5.87095269433115	6.02600412289017	5.66002084792487	5.63676586970921	5.2612305806274	5.84391515808157
4.98879239911753	4.79098561605935	5.1235487759309	5.26859996963168	5.40467705827476	5.1947376899702	5.80268413744322	6.00658887173316	5.55291195466915	5.91456392555177	5.92763899304719	6.10747982489609	6.01423995603157	5.57235927466224	5.83322847928433
6.69615153119841	6.52106482464032	6.69879612181884	7.1863671544908	7.13308063893754	7.26373378256172	7.64915720436256	7.77342197880254	7.67342476198638	7.85518537847284	7.81260048478097	7.83479524902858	7.63845027742056	7.52630125361771	7.82111057755213
6.09731685589569	5.7265950287894	5.93228625203862	5.99460635180802	6.18867296490086	6.0020926120278	6.42930362229264	6.50301469785266	6.20618046878122	6.90918407454112	6.83896901329035	7.06683784039875	6.83046393291176	6.72377097845323	7.12370989046294
5.20796091957969	5.31355157964264	5.38011368643514	4.60758322869877	5.17372262343488	5.14515566111963	4.65486332270778	4.87569480488221	4.41540843091921	4.7275334471068	4.6540353455032	5.04189148326851	4.27900317578211	4.27582795684036	4.73904604022762
10.4286232830989	10.25405581176	10.3387478571377	10.2732228264039	10.2958316074921	10.2692408120064	10.1799101271282	10.3140917454034	10.015916076265	10.0314173665244	10.1388937722297	10.0502549562031	10.1526867260007	9.80359357275049	10.0552377655658
4.41505715381962	4.75622019789868	5.1040526003051	4.92704306799538	5.18370671200751	5.14515566111963	5.11291371094671	5.11979948218115	5.04457073555091	5.15474566033175	5.03254696875693	5.61562672856641	4.88398357008023	4.95752624435895	5.29314757724401
10.1064355005066	9.92874934272114	10.0391274241377	10.0378570631091	9.97713624279293	9.97396901111341	9.76580674894981	9.88748425880873	9.72671777900544	9.64174119301212	9.69868660683558	9.45325466173782	9.97794692566105	9.56445407657689	9.72610698452012
6.81851513420358	6.61460559247974	6.86438218753682	6.61066262163075	7.02060590967912	6.75677379384184	6.64915720436256	6.86355424201	6.52643974330796	6.77168055079118	6.85566920667286	7.26667841974534	6.57477898281351	6.43603780344947	6.49985837634819
7.56622122715328	7.25872053842786	7.57680559744023	7.57326886417344	7.66735572620984	7.67178485152446	7.91393754202831	8.04561980632452	7.81958493756629	7.84864253260606	7.72240267580939	8.02076819170276	7.42668034382437	7.19365054845843	7.6806293540023
6.06560799616836	5.93264676528294	6.27941968681566	5.93689085395173	6.27058416268747	6.30269693810611	6.13213162649085	6.14342308670705	5.90426616348973	6.30432201638226	6.10883055401978	6.78555173000873	5.82011138691384	5.89270979143627	6.06097413511498
6.14361050816963	5.77370762462751	6.28375862254	6.24104424711112	6.4384258496293	6.37330160968638	6.37732934717887	6.42254616386489	6.42260393232342	6.6861926517259	6.49494282727184	7.23767854802279	6.20818183859242	6.3374302065088	6.36909643047731
6.09731685589569	5.85809981191789	6.07930593796941	6.37384312965901	6.3391879766865	6.42407617691951	6.58684489927913	6.70021805775735	6.64397061949586	7.04946154199417	6.88850059914023	7.41652662848672	6.62831420499402	6.49545128895646	6.78967211329759
5.5812494363856	5.22309662869714	5.61862577313486	5.60140465376965	5.63315424207218	5.6219089448849	6.08500771437683	6.10955545068435	5.78277949656774	6.55684410390309	6.31073359982328	6.69244232561724	5.90372750537864	5.76056300982286	6.12808833097352
6.42758425169579	6.30956071944661	6.64247251508923	6.54779014385651	6.69029814917579	6.67877128184057	6.87942358072694	6.99920934136756	6.66838917208908	7.34074542463213	7.13338765826376	7.6709091640676	6.85094879083644	6.45753887266038	6.84391515808158
6.17861695799754	6.25664918840816	6.50429309765586	6.10354072336118	6.51159226219127	6.40313683922714	6.23982582342893	6.36054582081316	6.32614109282213	6.7874049030842	6.60877906437356	7.09944250583067	6.52465550338767	6.3397477894022	6.56266601664801
9.93167339627657	9.84471759999714	9.93504739171568	9.76960867798189	9.66646599751011	9.67877128184057	9.48188003288739	9.59736684776852	9.37239435553179	9.30466352308071	9.41488246170215	9.15090210518722	9.56728215539992	9.22658443782051	9.36863395410185
5.52017385963384	5.47191717531123	5.8930649422409	5.5509997003324	5.82397658440776	5.85564904392465	5.55668292876887	5.6445444600682	5.52643974330796	5.95341485452313	5.80688683358658	6.25948291834114	5.58878584080739	5.70411786283312	5.70428062206694
6.19336354336673	6.18002790680525	6.43965563208954	6.1884296209477	6.31213665213198	6.34283632895933	5.95845182689221	6.17323874114261	5.88007669792266	6.05109078557882	5.9450841275066	6.49826977792825	5.7501672665683	5.7290847783497	5.92667304340339
4.88361016242547	4.86898812806062	5.08428934548367	4.79250094461656	4.98107754549249	5.21410301483713	4.89236263643443	5.03573521739268	4.77155224114449	5.47909641748597	5.29992684486669	5.78555173000873	4.97744792466193	5.07346772406475	5.30092492783573
5.39818333525523	4.75622019789868	5.73092874275965	5.59519950424294	5.6476538117673	5.51666578485756	5.30900938857494	5.6445444600682	5.31071105225252	5.48874658751968	5.42455349938044	5.80545128744643	5.15739372867824	5.14412227762854	5.52331734917218
6.31072049400489	6.2524975451377	6.32223277035463	6.92209385202365	6.91068821760109	6.7666440378659	7.55159405209607	7.66450881259432	7.42260393232342	7.57847070672652	7.64017854482781	7.90102894742866	7.68483252827842	7.40538759060927	7.67465545295766
6.2602554270219	6.05211043188451	6.26193226008682	6.23307353600254	6.49965264887974	6.4731243581643	6.46004714572375	6.49254136662315	6.3788825548941	6.7356613279902	6.68758790521423	6.82508009419536	6.40705153707544	6.31875428174838	6.56912103878531
5.13853951862221	4.98363069400175	5.38011368643514	5.23706439619857	5.47140317207557	5.44471594297854	5.60856967043384	5.8389622538276	5.3862620852597	5.92170599479579	5.6709091640676	6.17021558024405	5.58529685472751	5.56445407657689	5.82785530718547
4.74367990128099	4.54162614712263	4.99184309671907	4.84574296589354	5.13308063893754	5.0296784436997	4.50286022926273	4.74060718184903	4.66232317138973	5.06082779694411	4.87400102944511	5.42298165062402	4.7281888974728	4.93930248574004	5.15408353950646
4.98879239911753	4.48613103453093	5.23529713358335	5.24501314931406	5.26118546468522	5.11456734128621	5.54853208764801	5.51082010034146	5.42499447974841	6.02811222180073	5.93813136686483	5.86355424201	5.84366611489274	5.8510753027283	5.88588742855689
8.07625524036787	7.8649146334742	8.14039444736882	8.42371903629858	8.51653808479607	8.46405394381701	8.93167339627657	8.97871881557978	8.78044767928156	8.86864475104437	8.87582146506948	9.11347856551753	8.69133849213783	8.48449603983672	8.71959367756144
6.94007711408449	6.70244894145769	7.05666509777532	6.8246813503657	7.09919464478513	7.05137351479902	7.11014727665533	7.26532314013333	6.9613768000245	7.14257094638564	6.99953191152898	7.23033657268162	6.44412079176681	6.55051488561902	6.72466212206497
9.7969521719859	9.66311079350719	9.81988621770067	9.54094603566848	9.55934539363964	9.5603507889199	9.29507019761706	9.38198299147545	9.17669370428083	9.14676760290822	9.20392191508601	9.02076819170276	9.36646601703245	9.12140220112846	9.19795711220912
6.06560799616836	5.79098561605935	6.14278499479381	6.26469551517576	6.4384258496293	6.23794975679149	6.62803953463207	6.84720624792251	6.42020941718304	6.95341485452313	6.96745194053505	7.16252118845405	6.47083813014259	6.25387612948825	6.62285302272309
4.87143544847937	4.72059628816795	5.24423025835336	5.00400504981027	5.49565071832224	5.11456734128621	4.87291027376826	5.02123564769756	4.64602135906063	5.01481539918727	4.86669622882188	5.56982303895329	4.58179941049128	4.44036372885225	4.9013174691265
4.82168241328227	4.82493294798269	5.2263083503561	4.9171275991303	5.14334897439137	4.9965115797645	5.0392040247637	5.06430436958945	5.1752744271955	5.22571218168589	5.32679345071937	5.49826977792826	5.01942019513725	5.01666136844628	5.36167895891483
4.4806454954472	4.32150033275813	4.61862577313486	4.45146402678149	4.7180431396587	4.61464094442085	4.10737552740528	4.40310628304121	4.14078605081021	4.37886896974731	4.53004662822775	5.34354718312961	4.33824237915679	4.41421144099628	4.63213083631111
6.97463433612087	6.8023903793316	7.03623721607753	7.38287694152408	7.47343943923209	7.37760174712001	7.83738836092972	7.88172698805725	7.72768635577286	7.95079890631612	8.01117331796437	8.18168076673751	8.06146196595417	7.5465073968175	8.02150938041848
6.3375205533486	6.2060231153382	6.1040526003051	6.78434242122939	6.80145914784633	6.70296074740764	7.47839817182082	7.59889334779548	7.33506632260161	7.59754979901631	7.6823964816891	7.73456780128992	7.61297530637446	7.26367375655573	7.50323310312885
4.95457668377961	4.85809981191789	5.18978247433098	4.47868549551651	5.12273869471608	4.84326531946882	4.45132992862265	5.01393084707433	4.43451725386692	5.04783045641524	5.12728745872735	5.44851674273115	4.93969300266651	4.88320792366912	5.13680554807462
9.37033535030211	9.14125833664067	9.21783019643179	9.01624864556501	9.06043533710577	8.99511294170935	8.7445577112567	8.90313752312022	8.62017518157383	8.54764027657325	8.64392233387447	8.60146866556976	8.51506034660648	8.42898039124546	8.63367135438689
5.13853951862221	5.0328742130216	5.18978247433098	4.93689085395173	5.09126046324291	5.04056675984243	4.77150824156004	4.80126996375565	4.72574855153136	5.16079470500455	5.03254696875693	5.3160664467075	5.07022456580874	4.88954945054294	5.2293716668107
4.55864800744847	4.09910791142168	3.94877437482719	4.73721850911537	4.55838647367021	4.74017182650472	4.79236684645771	4.89967366781664	4.80129958453854	5.09281791118854	5.07753442353025	5.42298165062402	4.92320487987794	4.99917394171744	4.97121948235665
4.78320826546763	4.18874512390636	4.94877437482719	4.32218100983652	4.6037104641797	4.86792737370309	4.58485360146004	4.83482252346668	4.67844283675301	4.59977789990843	4.82207323740125	5.25948291834114	4.67008594290923	4.64162193709936	5.06554686490481
9.72434842302906	9.5946554913091	9.66218692766597	9.43982411122561	9.44310908381142	9.45441734417084	9.20329994740382	9.34316374258492	9.04145812368357	9.07330828394853	9.14475647234296	8.81775055239687	9.19936494643535	8.98776626940754	9.08931876080894
3.11807541606249	3.23997044726153	3.26193226008682	2.90714351055768	3.32572571687994	3.5702468250624	3.47732513715559	3.41424684064641	3.25267893088111	3.58185599191117	3.7040760280028	3.70308956981675	3.33824237915679	2.7845798909414	3.08369421161506
5.35511461336334	5.46475738373836	5.58386035497418	5.63808531709611	5.6548493131715	5.65062024152642	5.71436433445644	5.71830851474025	5.83764143160226	6.13337200953918	6.05842560058254	6.31606644670751	5.56772422527956	5.70411786283312	5.78413392975616
5.91952973668041	5.87979488301721	6.09420481434875	5.94667187474432	6.1070854304046	6.03513287379181	5.9210580694349	6.0285036481616	5.85901508239483	6.16380974275998	5.94161193559979	6.61562672856641	5.66678835280866	5.64911647364628	5.82246204841526
9.15558314983571	8.93911916304275	9.14039444736882	8.7180721154951	8.89558132521088	8.9314595650648	8.80781524554638	8.9120065779428	8.55836638476126	8.70287139287253	8.77797414167134	8.73197068980388	8.87186300672339	8.25939547962837	8.65506764758826
5.37249669159158	5.35286450366746	5.6525731050582	5.19665012775267	5.55069208188021	5.49307896453994	5.44255971899491	5.52630534783888	5.24187217592452	5.7397081610529	5.59779123486359	6.12342136876511	5.21271149707293	5.4829241910803	5.64440916608954
9.85375231426013	9.79205865072458	9.87915332335808	9.66573688437326	9.79536753411945	9.79424849926051	9.52223961541631	9.57644448006411	9.45571641957275	9.39691900910403	9.4316871237054	9.27383821131821	9.74039684428103	9.20099902762604	9.47987082984946
7.63264858889225	7.29348595658854	7.67586972496934	7.77339212166885	8.05636567279672	7.77318688373267	8.56428274462703	8.7205539549459	8.32741951119634	8.77612037490317	8.7459840274269	8.89175113384065	8.43154609899619	8.45647139570388	8.52248606419333
4.91952973668041	4.75622019789868	5.11383362109768	4.93689085395173	5.27992202726681	4.97396901111341	5.0565512683276	5.21842751490887	4.69438438062203	5.16681849263232	5.21618796331628	5.28805207053791	4.82603622087095	5.10105355573665	5.25361921305738
9.82286835255241	9.66232863298877	9.75222061109945	9.59247633630856	9.50613220219057	9.58240575313081	9.34445676066251	9.4107746487396	9.24931050758838	9.1690709443637	9.26735898241026	9.07300760763895	9.28681100601518	9.07277127459871	9.21400735715852
10.1083820198586	9.90877299416649	10.0749312907854	9.81770296618293	9.83193410618668	9.81540334978576	9.57033390361735	9.68189787455057	9.44721529649156	9.37822013005079	9.48483946334543	9.31779941393196	9.71168259178279	9.19172738215602	9.43816400377247
6.47260817638178	6.29752146982369	6.27070246971455	6.99460635180802	6.9782122117981	6.97112626134459	7.87372604706729	7.81604531643605	7.89825671398768	8.16230301150983	8.19374156509471	8.07095394887098	8.36341376968616	8.13213858586622	8.1071713634455
7.75200476593193	7.53992385189163	7.73885130545296	7.85096067516456	7.79821348834268	7.84015270760148	8.16315852211148	8.34389219250744	8.00995698046957	8.11713136853197	8.1257583700406	8.0791511018376	7.99727455425729	8.07972068611353	8.13136346300638
10.3697945086685	10.2185811475746	10.3962333517984	10.0977912905961	10.1188412721543	10.0823288236642	9.86000062331001	9.94742679926501	9.75739417814783	9.71499820431177	9.79418844766709	9.52551981233646	10.0385226394319	9.65145055446747	9.76739066592158
7.13089945642008	6.93264676528294	7.19439910240135	7.62596175801363	7.50960917591216	7.66652273611905	8.46817197501194	8.55048871583243	8.16386966392325	8.48814533931724	8.53466325629812	8.49214367513142	8.16967703655442	8.10650798582876	8.3773957536958
5.0548815895753	4.89052128961026	4.84689476080798	4.70300279377745	4.89861538530052	4.91602166190413	4.73605940555576	4.89172491470116	4.71015169648035	5.09913168512074	5.55752736464986	5.42298165062402	5.075207973323	5.20131767921008	5.52995044150463
6.02771138840983	5.72059628816795	6.10895139971794	6.17601036169363	6.12273869471608	6.28906507251835	6.2993268351776	6.4362731469764	6.39360406060087	6.68199266319662	6.51143095006041	6.75517808096521	6.38514684374735	6.47028736540237	6.61038905715704
4.61814901919714	4.25664918840816	4.41217489566743	4.16348326381747	4.27058416268747	4.81817433850599	4.40693580926419	4.26224374720136	4.33633685992801	4.70287139287253	4.60219641398359	5.5463640661293	4.23514888619269	4.72199535356338	4.63213083631111
9.13663329278986	9.03347924345231	9.05666509777532	8.9545704143857	8.88184853472111	8.90563717975633	8.60513526470168	8.69737081972863	8.6331561494894	8.5202594155814	8.64872154560674	8.54043923217219	8.76720412096725	8.51044449187435	8.45960247469008
4.67529292630074	4.65919574350381	5.21726321075309	5.18016200496409	4.95799393237945	5.07274716559158	4.96152466094183	5.14676652978142	5.03833878183939	5.79130935754012	5.36876572119469	5.8444454190623	5.4383307035633	5.25141629080045	5.55618198307781
5.01116021214598	5.07109353525208	5.23529713358335	5.26859996963168	5.43006237669467	5.28906507251835	5.06228763787675	5.2310828157149	5.15813329437411	5.43485357952448	5.18128234836808	5.9731787331845	5.13370362263314	5.08456543294808	5.11931812134578
7.77995528767254	7.71155114856495	7.57326523973498	7.22304781781727	7.03997123454606	7.00487505269913	6.67933231830167	6.60619814841872	6.63160458629176	6.59531825171773	6.3765013699743	6.18548233689736	5.75948502796234	6.09008243791565	6.22529048999888
9.08748249579112	8.94684790496004	8.89519333462234	8.83788084812056	8.83193410618668	8.79344409720962	8.66149206117368	8.71718448270763	8.6175649130114	8.56712870616461	8.55298343950491	8.42298165062402	8.4627796844511	8.51660328475313	8.52580833403429
7.9046717779533	7.98363069400174	7.91280887753932	8.0892619349108	8.01082488888654	7.98246380527887	7.99415076171672	7.87569480488221	7.95642758405278	7.90828547903347	7.79057417845098	7.6709091640676	7.85022217533838	7.74927493807278	7.77439065559276
8.01669839568741	7.8985140803638	7.95286712946107	7.85096067516456	7.93157558407492	7.85718956200043	7.77238339781429	7.59400285144841	7.71504385118812	7.88472335288404	7.78767622962074	7.8444454190623	8.05894855932388	7.74665740779764	7.63981702945624
8.77995528767254	8.76935560008781	8.8269646581824	8.69214180114569	8.68239776109203	8.76418280034962	8.46871200685088	8.49122683802115	8.45571641957275	8.43547744765999	8.44860411260497	8.25948291834114	8.78632307345756	8.45272899401807	8.33067227122979
9.26666094529437	9.13337781350643	9.24923093941173	9.06196161960978	9.14526617738566	9.05942578709375	8.83068203837896	8.90412567044713	8.83224817283205	8.72243016962106	8.80927027216088	8.69511151239323	9.11567721100329	8.75101732359965	8.77508879015315
9.17428732332839	9.09910791142168	9.07117100618692	9.15665205982075	9.02408312283722	9.05473409176903	9.03592806640693	8.96220912864875	8.9377153237906	8.88746178149659	8.91839514880357	8.68440500655183	9.06616283371999	8.75275760733406	8.78482736646304
8.95961730048014	8.8871778465359	8.93986670676089	8.90400925983355	8.84142555516398	8.79102819649286	8.70843200424674	8.74281820916438	8.65826495481538	8.58804179185746	8.61642105370343	8.44534946365247	8.87650937157976	8.55949124044495	8.54558287604788
9.13153767586905	9.02984524898457	8.97248673132751	9.04669486295647	8.97102388082857	8.93365155592592	8.80738834954063	8.94742679926501	8.78510755103596	8.6602736935585	8.70970057719668	8.65728588020363	8.69174414236991	8.67136928049341	8.65506764758826
4.46452583008392	4.38356130089038	4.41217489566743	4.14660944525307	4.32572571687994	4.53987317601888	4.06228763787675	4.38056371439012	3.98100560677344	4.29335089856125	4.4045157461439	4.86355424201	3.82603622087094	4.18594245332316	3.71596242711458
9.59241874410372	9.57442564002506	9.49122004343056	9.46173236223532	9.46271682896016	9.3914893297601	9.30810440472452	9.32667561979635	9.24356607660155	9.13298744468527	9.19702166133349	8.988491788679	9.17519959911082	9.0566594363782	9.07974393913482
5.28341314800915	5.27313731119673	5.2966976782475	5.72021208380968	5.7180431396587	5.72675131074239	5.75389269864308	5.69108704600523	5.67442977424639	5.82217032124487	5.6624969242514	6.17021558024405	5.55707698108005	5.64162193709936	5.61351515814376
9.85645724749827	9.76316767191959	9.83141742418903	9.72909460811878	9.71201935203093	9.64928708722775	9.42597047862853	9.44036590161029	9.41990982315416	9.34407190763895	9.35055291793666	9.30387703769959	9.49242031209762	9.30161782952933	9.34954363305591
7.23434510537321	7.26697632657006	7.40820599346449	7.37746344533771	7.38317598906384	7.39255208858597	7.34239555706948	7.37487260231226	7.46851976737878	7.28783389359369	7.32146000641633	7.26667841974534	7.60352061334642	6.89586322447514	7.2293716668107
9.44514681422581	9.44260684458762	9.27506766227595	9.41052758467706	9.32346974293957	9.38028283884292	9.32251646254948	9.22160176270401	9.24356607660155	9.2361339871724	9.20319712479652	8.94205621568872	9.25970716468789	9.20577142708509	9.13897664711625
9.42758425169579	9.4187221404708	9.3597074757733	9.33433993790494	9.33359396021327	9.31676114620087	9.13042611140762	9.01621757293094	9.09009505084722	9.05393754204477	9.02231069024626	8.88006932879302	9.04218571872394	9.02856218242367	8.95220813551053
9.06761034907951	9.0133780373958	8.97046944592651	8.87932556641792	8.86720958093421	8.81262702857536	8.5469986649624	8.67496738064195	8.48006138926147	8.32803437288257	8.47646558802291	8.3537189881869	8.11930055750616	8.57285191425757	8.36724563478937
8.92322043974433	8.79883606602633	8.80750893228106	8.74143897543356	8.70770119543724	8.69005256370385	8.62707225666027	8.58232104640078	8.51245732099875	8.42985289846612	8.52076881463974	8.52851606479638	8.23459218348815	8.58071135509602	8.42532422094497
4.91952973668041	4.84712869409689	5.05412737497342	4.75958632214382	5.14334897439137	5.05137351479902	4.79925323204295	4.62069771811383	4.96137680002451	5.02147912946828	4.92412450887095	5.56982303895329	4.45754130752913	5.11194187187939	4.79518911826515
9.60717790137613	9.63268723199188	9.45752953106728	9.56892160832967	9.45963853111897	9.39414476036601	9.33441749964596	9.31632041995715	9.23405451374176	9.18214061480925	9.1571595541679	9.10948217780724	8.84001094435155	9.23687941854839	9.05466287213687
9.35511461336334	9.20709615000342	9.13139444911787	9.19818627168579	9.16051276621728	9.12930519360814	8.95267256275757	9.06607129576363	9.00037093164037	8.73312628070133	8.85382314750748	8.82994584936718	8.81080484553999	8.87883189785438	8.69102452536467
6.5005450528849	6.16685251805752	6.37198580555173	6.76512450568525	6.56221833526124	6.5664849062662	6.95074098522859	7.0285036481616	6.93645916782018	6.91992378945378	6.94681709473105	7.03347924345231	6.54095731571677	6.72908477834969	6.77857440441426
6.23671991256111	6.36445247794268	6.33900848310546	6.37021370625832	6.47140317207557	6.28449234272852	6.47947040898715	6.4525749593055	6.41781092113452	6.66506936016015	6.55298343950491	6.21553957075354	6.66678835280866	6.64911647364628	6.39112273680731
8.18969100415597	8.19416675764841	8.21499303712826	8.31747707661515	8.1253311393326	8.13503144384593	8.05583261573945	7.96268346534245	7.9613768000245	8.04292610594422	7.99367579140571	8.05025495620314	8.04758372561464	7.95752624435895	7.83054439471311
5.13853951862221	5.02315905818838	5.40422614255194	5.23706439619857	5.27058416268747	5.20445284480341	4.95537243396023	5.1333460140191	4.85901508239483	5.33139025958043	5.06482337178069	5.17021558024405	4.99858669172008	5.01666136844628	5.1880308714298
9.07824288023343	9.13676045290108	9.02332132819224	9.08262375583316	9.04819174135103	9.06610185194957	9.01241532732586	8.87317393224905	8.93645916782018	9.00476173452335	8.93725991106009	8.56399396015109	8.96944034606057	8.97365848546101	8.96388994055816
7.21520459190631	7.15355569544406	7.27288671697643	7.38827020029429	7.33247254932052	7.26373378256172	7.38307028209584	7.40589949793289	7.44515577431327	7.47424701782457	7.49494282727183	7.63799454159487	7.21722697819542	7.43495429229009	7.25361921305737
9.49559583691317	9.46026440271398	9.45656901502589	9.40433005119039	9.38696188262768	9.35706096867917	9.1678220520491	9.12149977117099	9.0994790766533	9.07771101879834	9.09209331334794	8.92168841799475	9.29777805552302	8.89979534748955	9.07861330033018
9.61130185380086	9.52923875608602	9.54417314874805	9.43939119448092	9.39127648783495	9.3494189793493	9.21654318305317	9.21444985856812	9.23609799147843	9.11167693843986	9.08463547990539	8.8005020714747	9.19020676426172	9.07798646900257	9.05925561788868
7.74200914829648	7.68252824733443	7.66925184620483	7.74564713118595	7.7719819467695	7.81342080853535	7.77762321607141	7.76256643442517	7.79392005417295	7.70494274289223	7.67927263700223	7.53448996584101	7.46610332103256	7.75449579434057	7.66715312174583
9.44668623643222	9.49538334776913	9.32012202375883	9.48163191967302	9.33807090729976	9.39042578747759	9.19157065482171	9.06120703201385	9.11954263261805	9.21992982909188	9.23758274553132	9.05649589617728	9.54926352655707	8.98184295581241	8.95652297114995
4.23671991256111	4.22309662869714	4.13319894596462	4.58270856005974	4.39611504477133	4.47713742067092	4.82647470077797	4.92326048813427	5.03833878183939	5.51259332947405	5.54842515754261	5.91940747674352	5.63339114292855	5.28547812687408	5.27746595501174
8.80897136153271	8.85468029137674	8.69960822149741	8.77750823014108	8.6548493131715	8.60733614379762	8.50444126508221	8.43422240741164	8.46736051055394	8.35466540207189	8.40199134472835	8.11148175545358	8.2373735513072	8.45004989382219	8.27648017086619
8.6199694548215	8.65448361615449	8.5590162839967	8.69794450395442	8.60835085107161	8.51080513343631	8.4018548979793	8.45796821807572	8.37084523582868	8.19361855197604	8.29857029089661	8.08323227864941	8.58004750372969	8.39204979107212	8.15622881133802
9.54290155169153	9.49406521607315	9.50243275563034	9.47994898563454	9.43790455060253	9.3494189793493	9.17346471786306	9.14300461098522	9.20026135448197	9.04783045641523	9.14021969174619	8.90564557549903	9.50632368061541	9.06333615168719	9.06725790883839
5.25557893981243	5.02315905818838	5.40422614255194	5.44457764119625	5.42165013687847	5.43649543617358	5.0565512683276	5.04293071879688	5.11140224402911	5.40458613985568	5.40955133604119	5.7653738480711	5.21722697819542	5.45326421756006	5.1796186316136
4.80897136153271	4.72059628816795	4.76236125059631	4.63203627242331	4.83668763615731	4.83077437528562	4.35179425507173	4.46869462466878	4.56162917177026	4.81451674870144	4.6709091640676	5.42298165062402	4.36290443339106	4.45753887266038	4.46220583486879
7.14361050816963	7.04971988445952	7.2217928692336	7.09256960554018	7.22054348018787	7.07009271214561	7.12803499797137	7.21842751490887	7.17100819922447	6.92170599479579	7.05360858428476	7.18548233689736	6.75172441193359	7.0566594363782	7.15193507292788
8.83819750006528	8.82702836598488	8.63400099902177	8.5811395604044	8.66824490654054	8.64081504749689	8.46330257028872	8.45864096000486	8.41841091908074	8.36649083746868	8.31409417679329	8.21181648471083	7.93284583727024	8.18658636988859	8.33825046352455
7.88814932204064	7.86355424201	7.84836016981248	7.92580735482272	7.85085496808391	7.92926423868498	8.19940076924414	8.26224374720136	8.13276498114689	8.17580727585957	8.16945691297129	7.93303934233128	8.00708661910907	8.12476591223697	8.14978340207284
4.44822401775482	4.04252438305531	4.47423586379969	4.291807360793	4.79821348834268	4.69952984200737	4.56882349164109	4.53143038001674	4.90083525808946	4.46938126265275	4.95888992703163	5.8444454190623	4.83193682231063	4.88954945054294	5.00017085605278
9.13536107485831	9.03468854364121	9.22235807787585	8.78774741464592	9.13565458260137	9.0378523751454	8.75300625004936	8.68764796203846	8.68942154449008	8.78201896591087	8.67927263700223	8.71365881152694	9.07240692501176	8.50632397485439	8.74047657583406
9.710318863125	9.66584502074668	9.6246245137563	9.61680175872815	9.50364350907578	9.54083209598831	9.3047812652697	9.32076746701559	9.32518153506085	9.10306380813515	9.14927903103366	9.10747982489609	9.19622337428436	9.20259158219871	9.18540731180356
9.80096970463197	9.74185390872847	9.67049501305546	9.84312701768652	9.63315424207218	9.62145576597717	9.46059022686734	9.47203033723204	9.43184532072989	9.32197403474429	9.37682279028105	8.95324863055892	9.43373034625806	9.27703776407343	9.20159700070909
8.76933216658949	8.74960737482702	8.94466997649445	8.84965801589692	8.8063139871138	8.84714666440039	8.70797465916734	8.65221054617555	8.69438438062203	8.65117148645125	8.60987325861705	8.68440500655183	9.00904104935725	8.51916170897546	8.54966867611913
9.88965920709827	9.83642026560419	9.89235477976489	9.78161262847382	9.75240979872956	9.71787576030625	9.46492753202337	9.47236348468552	9.42110782616332	9.33607542504631	9.37682279028105	9.18737937206996	9.79238801162082	9.30458694982178	9.40832482688225
8.87143544847937	8.89252364252141	8.73647910150787	8.8774092123072	8.7645175694582	8.75677379384184	8.57485567481613	8.60315897509996	8.5659681074946	8.46266394027397	8.50791360973817	8.14700818908273	8.30628015035186	8.35300212107109	8.36631934580674
9.56669323600449	9.5802346011583	9.48652223712751	9.42459419255283	9.39127648783495	9.38028283884292	9.2445637424356	9.16006335239488	9.14550489651468	9.1619260826923	9.22835060202485	8.68171591902419	9.49614099769536	9.07102867861333	8.97000047506749
8.44617327819006	8.60405418931135	8.54462519169108	8.4828928331175	8.4570682560032	8.4313337310578	8.33530613228316	8.29500770443027	8.26474054815798	8.360590236029	8.27737893795222	8.09540699259551	8.65975584692795	8.00794415134517	8.14870636205201
4.31072049400488	4.64659570672418	4.51909009958394	5.031839258007	4.75868512415604	5.0296784436997	5.1671567557307	5.19277892753826	5.06310668698833	5.55454864591543	5.42455349938044	5.52251732417493	5.80818821953802	5.54449947020125	5.39839073727135
9.51919873621659	9.40148320888764	9.37554738919313	9.35927032857174	9.34253400456649	9.28334689206026	9.12495487454592	9.12447046358296	9.03207979136771	9.01481539918727	9.04149520463266	8.70043511637078	9.28949359332749	8.88201577785753	8.8974754028321
4.74367990128099	4.9222301493376	4.95966269096993	4.98514602255895	5.09126046324291	5.09380878111942	5.56074114534323	5.56180402906026	5.43925517287358	6.1995071113385	6.13946217267345	6.37051423072988	6.47838165081099	6.01955544171546	6.0285526574226
9.46655066556141	9.38687947724592	9.39121527703179	9.18533481452483	9.27526064989695	9.20868273905287	9.07440221422156	9.10698303685412	9.05464059416849	8.88563674008827	8.9708625686977	8.70043511637078	8.87686616521107	9.02820299032897	8.92855686744588
8.80897136153271	8.70320965597091	8.78396350508152	8.64185313078352	8.65574623271602	8.71405517388391	8.40975082487125	8.47336246571163	8.42797710442227	8.41853758523828	8.45592435684751	8.42940791978345	8.78518305361089	8.24648399525822	8.37094485486968
8.93057364139605	8.98613320120492	8.84616149774727	8.87356885056952	8.80064841725973	8.80626101696249	8.5768608107065	8.52309293270422	8.57514524440589	8.46082650206225	8.40262285931094	8.03769149473923	8.69902640986118	8.55949124044495	8.43153700525322
5.54338125079516	5.17125769717752	5.67916731506991	5.35192835323057	5.7180431396587	5.81817433850599	5.55261326445983	5.61588070181606	5.48579775881061	5.75178099335348	5.76820636542252	5.82508009419536	5.45754130752913	5.44036372885225	5.75045080349987
8.91137680183119	8.83607350558789	9.06928718214442	8.87676986151416	8.84693353310392	8.93584022138876	8.60366087005022	8.60559082572362	8.64037479591949	8.59252395481302	8.65350484539026	8.56982303895329	9.02940428370987	8.60692524324694	8.56266601664801
7.44411961942208	7.34118269861983	7.31164801971347	7.27249388573617	7.08860600979694	7.22845830781419	7.03191398883323	7.00474752490899	7.11140224402911	6.90558632943251	6.97426515291854	6.93755482345378	6.60093127066948	7.18465375735459	6.76458113233476
6.19336354336673	6.33334194540265	6.33900848310546	6.82202689691972	6.75534168108167	6.85256306405091	6.7414325776546	6.79914679186268	6.80497524268194	6.94467651744543	6.92588282114331	7.25948291834114	6.6043826958584	6.86079045756152	6.75611955358655
9.3692534642065	9.30255003901677	9.26467868208678	9.20482405919836	9.26471715565548	9.24208271042063	9.00573273412801	8.94694741895129	8.96302277286807	8.85098267106058	8.8159230278801	8.8005020714747	8.70988134921434	8.8198718031926	8.85386253171849
4.44822401775482	4.52795121022556	4.67256458024566	4.58270856005974	4.78515733551723	4.80546328675643	4.58485360146004	4.71380712250531	4.47199195928558	4.97417341468992	4.76820636542252	5.17021558024405	4.37911466057231	4.21653077315659	4.50323310312885
8.87525109482123	8.88918484204745	8.75300319589808	8.70011451445263	8.69117330543004	8.62914051411597	8.38478811723537	8.44987075037713	8.37949895953535	8.32937766445158	8.35708391614705	8.3771779610109	8.30203536599978	8.06508805844878	8.32496238894444
5.50449223740157	5.52106482464032	5.73727026963348	5.4719281293412	5.48761339925683	5.81183281163216	5.39334674451624	5.15343026006243	5.37146508333162	5.5863573841461	5.52076881463974	5.49826977792826	5.63339114292855	5.55251446326537	5.49647573695354
7.47663243294058	7.41361853474656	7.41415525979567	7.44112208256003	7.50960917591216	7.47713742067092	7.41816306468744	7.35910528645395	7.35023941643916	7.24719190909634	7.36098837060297	7.7293688946156	7.37305714975195	7.36386024551901	7.37831496050669
9.02839691707128	8.98800723702706	9.03816466464864	8.96603719961125	8.91893007094322	8.89067132935938	8.68863405936302	8.6356480595798	8.6709091640676	8.66719566126853	8.7076578228152	8.51950857430259	9.21073152121344	8.48344833097376	8.58354009869827
9.18231775961874	9.0059985070302	9.21556091552209	9.06981456690458	9.22114952726291	9.22249428509627	8.88023568040551	8.98713650906699	8.87527716364587	8.80923126553738	8.88172206650917	8.92850968385077	8.98607293794881	8.48606617789218	8.90451139347923
9.73446672311966	9.75805172669727	9.78281440502803	9.60526936286053	9.63041927435094	9.57914226319947	9.49890004274947	9.42047580468506	9.41239968104688	9.45252894673576	9.43137769849437	8.78555173000873	9.853307766965	9.35558117734795	9.22886215063345
9.53857706706538	9.55811910311709	9.46471308968118	9.46598935865803	9.44102952303205	9.43494886281744	9.40721755812572	9.41320606024232	9.34866631079765	9.19656583602637	9.27082200625473	9.23950821857987	9.26925153867825	9.26550342711281	9.25512123822261
8.19946374290314	8.15466845681114	8.15467867337507	8.03528107683438	8.1018297049531	8.10032797450295	8.01204488309713	7.93973753367636	7.89567355297368	8.10384894831284	7.96317728543473	7.63799454159487	8.187045164142	7.79136905660404	7.87029057350587
6.84054144053358	7.01827683680864	6.86438218753682	6.81670329294218	6.80792864317589	6.70638351304843	6.83487714177367	6.48199144728224	6.75073923040906	6.90738632347872	6.94854798281017	6.42298165062402	7.28439240521253	6.57629568922142	6.44476070040938
8.81534088640844	8.80876615959215	8.71816144668577	8.80801031853843	8.60835085107161	8.62914051411597	8.38536027470505	8.47801525264526	8.44868458579351	8.17804574805558	8.35903746423281	8.08730194295846	8.17084143939478	8.44790302580564	8.20367282126994
5.52017385963384	5.36060015244707	5.57680559744023	5.75402679680192	5.7719819467695	5.77970019069135	6.01574505193972	6.22792938267602	6.01313822771425	6.20537173340171	6.07436714445156	6.32987224623254	5.93147249586155	6.08732657262514	6.32400854094877
4.74367990128099	4.50020621974265	5.1235487759309	4.79250094461656	4.87416234157598	4.75346864911817	4.49439865051453	4.63980654106154	4.3862620852597	4.7275334471068	4.61968384071243	5.20058922928757	4.38715197963773	4.72199535356338	4.77299337215095
5.0548815895753	4.52795121022556	5.08428934548367	5.05010146439972	5.27992202726681	5.12483567674004	4.79236684645771	4.78419645039671	4.73348420031097	5.16079470500455	5.07119289665642	5.68171591902419	4.93421787260036	5.14412227762854	5.16264555300989
8.54529845378945	8.61136721841319	8.49963773691777	8.37746344533771	8.26941266847703	8.24502758803203	8.12666686601404	8.14091040965816	8.10097487257878	8.0793086878884	8.13946217267345	7.68171591902419	8.18531773024068	8.29147686749552	8.06554686490481
4.58870524130466	4.58189001733636	4.93780325700619	4.54457343117297	4.66200910474437	5.06209992139208	4.45132992862265	4.70476198290231	4.61285449512543	4.70287139287253	4.68758790521424	5.5463640661293	4.48026138402922	4.82484376115513	4.55618198307781
8.95529785102326	8.9365336873671	8.76313835540416	8.8844234340576	8.71460405569193	8.70296074740764	8.63045489605492	8.58170358649797	8.56542645363395	8.45714459013385	8.44370323301852	8.2192530735526	8.75327987843563	8.36840775138316	8.41729683988334
9.79130876423875	9.62307190037551	9.78089720203374	9.41977425019568	9.61020283469036	9.62145576597717	9.40552623900952	9.40030764968853	9.34045839564657	9.37529673484403	9.30567801104662	9.19682731049137	9.50678482654898	9.03322355979353	9.36955875864691
9.11355993494	9.06637112500968	9.04457095866057	9.01798927924597	8.90315454491568	8.92412878180742	8.75477860290234	8.82285420020602	8.71064165914116	8.61197132281923	8.64605728807968	8.68171591902419	8.78251949877645	8.57432882451201	8.60960647235841
8.90541832132876	8.94620542218794	8.92466575631338	8.92271343332623	8.84850338640451	8.82999008875318	8.6012001922562	8.5779932671596	8.58960176399833	8.46694221720134	8.49967297918423	8.08323227864941	8.67542850293337	8.53391176031615	8.46307257868633
9.70389640835369	9.65487688180798	9.65592431455783	9.61373545568037	9.5180185313507	9.58380213495387	9.25524576671348	9.27261046275962	9.2717302021251	9.17543385925573	9.21941747725485	8.81529907340278	9.53757626181191	9.06578822591746	9.18119966743308
12.761622423772	12.6701798549068	12.7022443928025	12.5024009920067	12.5443494929263	12.5197695993928	12.3405895850375	12.4045472097919	12.3017146943716	12.2376997271494	12.2783255035792	12.1216863173944	12.2442344653568	12.1291270446201	12.228225002259
5.90765563639212	5.66545473397549	5.93780325700619	6.1676710607809	5.78515733551723	6.13503144384593	6.95691295203602	6.97871881557978	6.89394887250422	7.37627185826127	7.22049237737229	7.39698644209107	7.36595775736861	7.26489379471799	7.32591560671344
7.52795121022555	7.51587837792498	7.82770774088793	7.48373283025383	7.70423734013367	7.60183316812023	7.46330257028872	7.40170764498606	7.45454682482617	7.56142409200635	7.34135956385404	7.6435327251363	7.8230768453904	7.46286444179706	7.52995044150463
9.60073934093751	9.49801600368378	9.56080511874652	9.52715963750628	9.36189932943342	9.42043366270818	9.12803499797138	9.13797341132341	9.13933098760982	8.95602606797967	9.06082809079784	8.78304487439815	9.28761630608682	9.10854809228358	9.05293681604956
9.49062958401982	9.42979500614155	9.37757863914626	9.50291899676647	9.30415018232079	9.30156585608747	9.18205221369978	9.08928103512066	9.12983713632489	9.08806438121791	9.1072817669243	8.79055241106709	9.62066514120371	8.82979864309789	8.96511411970747
7.14107724142411	7.04252438305532	7.17116679616364	7.30897115261891	7.24935032824826	7.42199586647846	7.81717514004022	7.82128576913193	7.80864155987971	7.99970850679707	7.80593235453034	8.09136015953282	7.76720412096725	7.79390677940594	7.8949083291283
9.92285179401832	9.8231844384475	9.9012067834894	9.7424921656793	9.71029364005376	9.66388446344071	9.42902615425816	9.43114082195901	9.4327365150592	9.29644496751032	9.38323620400303	9.25225134911006	9.63866069017393	9.29506417570328	9.42265338703027
4.96607232261744	4.73256892983403	5.05412737497342	4.67973301445461	4.7180431396587	5.04056675984243	5.0392040247637	4.72279590573257	4.85901508239483	5.08647638431472	4.85197472311512	5.25948291834114	4.61639807201525	4.64162193709936	4.98093463718987
4.77015211264218	4.64659570672418	4.91560751089199	4.88696562862005	5.00379762199257	5.04056675984243	4.80610690308401	4.99179186980508	5.13495697200801	5.2988468863161	5.26701222239396	5.49826977792826	5.11446740377022	4.79812642277934	5.08369421161507
5.82168241328227	5.62748688377647	5.92674806849719	5.57010852328011	5.6972845794919	5.62914051411597	5.50286022926273	5.49516683602997	5.51750661853795	5.57734051078867	5.58449441225013	6.18548233689736	5.34238210951771	5.57629568922141	5.27746595501174
7.34414349554234	7.23577045873225	7.39823570470956	7.19665012775266	7.38100815238112	7.27990507323287	7.45351417588452	7.45527410890646	7.42499447974841	7.65439059163412	7.55639272437046	7.53448996584101	7.7106821791216	7.71665532880818	7.65809852063764
4.93130690445676	4.82493294798269	4.91560751089199	5.43765822725646	5.1018297049531	5.37760174712001	5.75743305634832	5.6445444600682	5.57460702576847	6.18770585910614	5.86302991162411	6.10747982489609	6.14796431575831	6.02244372104029	6.01915395942035
8.25557893981243	8.18221215406713	8.06425159224713	8.15296027740546	8.14462739276557	8.13121647016176	8.04500964644491	8.14174845501479	8.08292214433327	8.18622389180492	8.12039376078556	7.99500509563767	8.15091763314766	8.04818128245389	8.13680554807462
9.21279407331563	9.10545197339337	9.13139444911787	8.9957845430053	9.04271661128488	8.92926423868498	8.74901047726333	8.76854708947562	8.64602135906063	8.56997257667131	8.63373793126998	8.53150610740219	8.90267661662933	8.7259874407741	8.69913993691985
8.08154954003738	7.8985140803638	7.9542288049193	7.76097286241478	7.81597492750702	7.68745700970679	7.62222611491542	7.62310020832914	7.57998019786732	7.66400503326504	7.57891769467269	7.52251732417493	7.41001293744655	7.88954945054294	7.61195295437348
4.73025938551867	4.38356130089038	5.25310840969981	4.80330769957314	4.87416234157598	4.81817433850599	4.27483227325684	4.34607533800482	4.67040551768759	4.7193595156611	4.73649750569518	5.28805207053791	4.02458190025303	4.5242649864612	4.55618198307781
9.66871227763594	9.74000168734054	9.51217289738795	9.68740985908807	9.60510414811441	9.65416930860749	9.54341432761336	9.51761535701296	9.53504127783046	9.49743664519646	9.44155385190664	8.96656591011284	9.23180544311831	9.51018730405999	9.35842178440236
6.00001965454078	5.84161168912932	5.90438025546874	5.74844576453862	6.12791893382176	6.20928599853935	5.76800229805851	5.78848380879981	5.85901508239483	6.15777335302931	5.88850059914023	6.4358056909816	5.72502161839412	5.90528237680754	5.92667304340339
5.29257314729463	5.18002790680525	5.48180908350449	5.75402679680192	5.52735957804959	5.79906551555828	5.33767314682708	5.4525749593055	5.5040023541882	5.81834861029247	5.68343626194376	6.25948291834114	5.53192350385171	5.7290847783497	5.71596242711458
10.2541144233524	10.1938961593093	10.1915154415554	10.0347080102763	10.003093009016	10.0344521967134	9.75455717783233	9.78070356564155	9.725263693506	9.64632932066458	9.73022218026869	9.46893628397009	9.95464334413249	9.51890607062255	9.65582596300172
4.77015211264218	4.35286450366747	4.76236125059631	4.64410910472389	4.81115254405017	4.74017182650472	4.66997021509798	4.79275846390013	4.84480122317513	5.05434376337391	4.99953191152897	5.49826977792826	4.7090800745251	4.44897685915696	4.88070718945121
4.79614732117513	4.65919574350381	5.13319894596462	5.05010146439972	5.01502487741583	4.9965115797645	5.0392040247637	5.24362806903401	5.2951141972015	5.40967501652848	5.44431675420187	5.99066615991334	5.08512344218808	5.41860321011344	5.39112273680731
10.1665233661508	10.1342242171921	10.2007229401616	10.0034194216143	10.0399712345461	9.96220639219232	9.63286622043525	9.67119941556056	9.65317607814258	9.60422380493962	9.60329561025839	9.46581356621219	10.0072495894612	9.37322382177514	9.69287294975704
4.98879239911753	4.9222301493376	5.40422614255194	5.16348326381746	5.47953105295897	4.95106860900333	4.77849467187615	4.94646787929559	4.85192565760851	5.13029261660721	5.10262540449308	5.74490974551138	5.06020580998375	5.09008243791565	5.11931812134578
8.97107300367581	9.01460429759788	8.94192720943092	8.99047508889652	8.78761438131276	8.86945484344968	8.62562012262636	8.61527744232958	8.66687506135971	8.60810276455936	8.5900496560833	8.25225134911006	9.00643455354277	8.67136928049341	8.54803574437617
4.68923211725862	4.30555878888911	4.48934275618989	4.83525059207589	4.86177861712015	4.75346864911817	4.74321919712862	4.75820124186377	4.92129936064917	5.13029261660721	5.1635076466401	5.13918868462343	5.11930055750617	5.2612305806274	5.14547040920175
9.73404654107478	9.63308648342404	9.66385237667157	9.62443912458375	9.63041927435094	9.62868960145692	9.38106355245561	9.45426251949428	9.39999778128167	9.23649202043913	9.31711201760736	9.17404744183508	9.4649171867547	9.14013876371004	9.33162172505865
5.38110982189629	5.23997044726153	5.34732375131747	5.79250094461656	5.70423734013367	5.8370333657573	6.01574505193972	6.25606517227223	6.11732707798622	6.39691900910403	6.39439152887019	6.30212725574963	6.29404257524626	6.30932486882845	6.33919494476345
9.11291371094671	8.99299279720544	8.98119585251957	8.97681703836449	8.79006724964104	8.90116370317702	8.61687648955438	8.62129871584836	8.57460702576847	8.49952642627293	8.57779975967612	8.39041378816759	8.80706535396761	8.59047582581157	8.54558287604788
8.58963451350482	8.58189001733636	8.50243275563034	8.6426055141335	8.54392566057468	8.60458727975693	8.55414073420642	8.55866977833613	8.52421164241584	8.36387132691536	8.45226887759226	8.36381957815587	8.1714232885823	8.5550100443078	8.51998933145443
5.23671991256111	5.0133780373958	5.27070246971455	4.8140341061662	4.92266085926717	5.35160653858706	4.46871200685088	4.9693078556537	4.72574855153136	4.99463751724964	4.95888992703163	5.42298165062402	4.31315139819396	4.67136928049341	4.55618198307781
4.39818333525522	4.52795121022556	4.82324349274333	4.32218100983652	4.41318855813027	4.59999416845645	4.25493271581914	4.26224374720136	4.18658974042334	4.66931883316151	4.63696183214426	5.13918868462343	4.075207973323	4.70051562615292	4.40562230650243
9.5005450528849	9.49186565010219	9.36943642329991	9.57168955909959	9.37502975036219	9.37706493035441	9.35325728637132	9.28366273083626	9.33188507535693	9.23792326563676	9.23899784622436	9.0355869064143	8.99003638835615	9.32198146061307	9.19169585808098
4.66121774108902	4.62106061461704	4.93780325700619	4.60758322869877	4.4467411178413	4.69952984200737	4.44255971899491	4.45796821807572	4.49037048860044	4.64363218949786	4.7524390495642	5.10747982489609	4.08512344218808	4.70771112755713	4.1880308714298
4.58870524130466	4.5685931947229	4.48934275618989	4.42371903629858	4.70423734013366	4.49307896453994	4.20394878710034	4.31074226489254	4.12910424576257	4.64363218949786	4.78380322047354	5.04189148326851	4.16208542400296	3.75709915451929	4.37647596084291
4.44822401775482	4.17125769717752	4.54823644524346	4.30707411744631	4.15354474149725	4.50884628039826	4.26491680439176	4.23736907856232	4.2526789308811	4.47909641748597	4.11500912894891	4.9731787331845	3.96138807376583	4.22658443782051	4.33162172505865
5.15871740055984	4.83607350558789	5.33900848310546	5.05914660400273	4.95799393237945	4.84326531946882	4.72886390415155	4.93103783872598	4.70228957870738	5.1787911342984	5.04554430928581	5.95547673145104	4.90092343250194	4.88954945054294	5.1880308714298
10.1615324161669	10.0643001997518	10.1424863929008	9.90870808618102	9.95799393237945	9.91712986452492	9.65936471494272	9.71042183732067	9.64806918770949	9.55368690669167	9.62483487611534	9.39370385810177	9.83138466498773	9.54399705158538	9.560642884861
6.01669839568741	5.79669926725375	6.00241233842926	5.92209385202365	6.01502487741583	5.9965115797645	6.07652956045252	6.04651505614592	6.00037093164037	6.20537173340171	6.1842236236802	6.38381105334334	5.7779419326699	6.01955544171546	6.16264555300989
7.50646178725134	7.42657418985048	7.64078218678703	7.57168955909959	7.57175369740804	7.6219089448849	7.62610432972635	7.50301469785266	7.61075602924143	7.7952032736446	7.67195725350047	7.58717028251719	8.12591981643793	7.53137938290468	7.68954407881004
9.02152692770424	8.86695281847186	8.9170047943338	8.67017140131008	8.79251595468303	8.79344409720962	8.58036310661281	8.60559082572362	8.50003968138639	8.45530010442654	8.50144279544489	8.63799454159487	8.7587108422497	8.52884255256774	8.51414676328059
9.6308440920455	9.56231786929641	9.603952708756	9.4647135781408	9.36628942803864	9.37813836421412	9.07688381338024	9.17159838276136	9.01234357330645	8.9529791924208	8.99031873336764	8.92850968385077	8.8334082095273	8.96880029267392	8.99837831694345
8.34744360001041	8.2904518964989	8.36381187410603	8.32499602544358	8.13308063893754	8.10811231914891	7.98436463729994	7.99457789263592	8.03755789140577	7.90558632943251	7.89748938236748	7.6709091640676	8.08265095650856	8.07137736623821	7.74047657583406
9.29883707876503	9.19632971913435	9.23641680383039	9.09312014744378	9.01642216085763	8.95395111753646	8.74053843753247	8.8405115953485	8.73589310893691	8.68881144903399	8.72694819168869	8.8005020714747	9.03293048154349	8.52273589777445	8.65203039374881
9.02014899537324	9.02498564004144	9.03816466464864	8.88823504800761	8.88184853472111	8.90340217537302	8.55566658843738	8.59950349584471	8.54579022555696	8.46755236525056	8.56318721906823	8.48599144814982	8.87900507596741	8.44467672172333	8.49308514775277
6.46046761350957	6.47548379033142	6.6082838289134	6.18016200496409	6.46322924062987	6.31620120245586	6.17247055562717	6.37201860525711	6.26607452425015	6.13029261660721	6.14852625510169	6.68171591902419	5.68646177186308	6.04250137338154	6.10606202464352
7.82642033228893	7.89452322016776	7.52092909924772	7.99342719764275	7.66735572620984	7.6091658143547	7.49969295018404	7.49254136662315	7.53421110899147	7.21702993858609	7.32546193697384	7.37051423072988	7.14678129392827	7.43278482565437	7.38747495979216
9.15432754049545	9.10430058064201	8.99117994109219	9.05406569271784	8.89558132521088	8.89067132935938	8.7387484930834	8.80709262638324	8.70475109618029	8.52378391661988	8.57612123122512	8.52251732417493	8.73568343401973	8.64115223335407	8.58433694767787
4.19824576474648	4.25664918840816	4.60481997360983	4.2763773202234	4.30757837016967	4.69952984200737	4.2142907313218	3.96173463594889	4.33633685992801	4.47909641748597	4.42455349938044	4.66002084792486	4.06522388475037	4.37858753126556	4.47601163439382
6.03318651847598	5.84712869409688	6.09913710989098	6.15928327528818	6.09655476291243	6.0459802560288	5.85319203915376	6.05721494480313	6.02894008383714	6.36321570543583	6.17538174692839	6.81529907340278	5.63339114292855	5.88954945054294	6.05638686561933
5.10773347184103	4.9429887095044	5.33064501017084	5.10354072336118	5.25172513543616	5.07274716559158	4.72163233492048	4.84309013945028	4.62121796806006	5.15474566033175	5.09639345078156	5.8444454190623	4.7281888974728	4.95752624435895	4.96143846156407
4.89568299472604	4.82493294798269	5.27941968681566	4.55739747153055	5.22296614245473	5.11456734128621	4.33293522782041	4.51082010034146	4.57890716320209	4.89655251756745	4.6624969242514	5.61562672856641	4.54635057448699	4.83144649597937	4.89104913367267
8.93496763984108	8.99299279720544	8.8823756240817	8.91401498726297	8.8030792435145	8.77970019069135	8.60758924563166	8.60011338595774	8.60021766944751	8.48634008981259	8.56882495598424	8.25225134911006	8.64600586953301	8.39595273655829	8.45525307422703
8.27650477866697	8.16243384679051	8.18050466074298	8.1676710607809	8.22538474325738	8.17139856388289	8.073692401149	8.17978158700938	8.05154965556594	8.05839969812542	8.03499290611742	7.99066615991334	7.94174083131537	8.00794415134517	8.04716833558995
9.00629680022694	8.96915642387157	8.96440060997659	8.78161262847382	8.86798376664685	8.86180127090624	8.68399068541292	8.60862488581326	8.57514524440589	8.58579547759922	8.49908255763276	8.41652662848672	8.42911527274143	8.70321814653275	8.57073029164696
4.68923211725862	4.59506540608409	4.93780325700619	4.3371313513025	4.7180431396587	4.65770966631274	4.38878846255393	4.40310628304121	4.50851783531069	4.47909641748597	4.42455349938044	4.86355424201	4.54635057448699	4.79136905660404	4.4341914586992
4.85915711870093	4.74444303012232	5.11383362109768	4.73721850911537	4.98107754549249	5.06209992139208	4.76448781388228	4.76691845896487	4.80864155987971	5.20829512860848	4.96574359807269	5.72415118534458	4.58179941049128	4.98739677394109	5.05638686561933
5.28341314800915	4.84712869409689	5.56971617265391	4.96603719961125	5.46322924062987	5.12483567674004	5.12940183373528	5.02123564769756	4.98100560677344	5.40458613985568	5.15153500497402	5.74490974551138	4.62321933787126	5.17040160242739	5.13680554807462
8.04271828064863	8.04612661973551	8.05285683764701	7.77750823014108	7.89861538530051	7.89517740811129	7.60954942941268	7.63386217731228	7.40454743828745	7.43485357952448	7.4492155536147	7.41652662848672	7.14322639675164	7.53744963747402	7.48286530543488
4.8467733942451	4.55517267896058	4.90438025546874	4.58270856005974	5.01502487741583	4.88010208764919	4.45132992862265	4.71380712250531	4.51750661853795	4.82217032124488	4.82207323740125	5.59290665206633	4.24402703753914	4.72199535356338	4.78413392975616
8.95168840445479	8.8985140803638	8.86003016299711	8.89708984589375	8.85710717739625	8.88916617007743	8.80139850387451	8.70419477430806	8.76873172208211	8.84395083728134	8.81307560253297	8.65454571785872	9.05611573298161	8.80736642260315	8.80889002884173
9.13408773405112	9.09099309268979	8.9751720648918	8.99931335448555	9.10248771866616	9.08660347876452	9.11601962181454	9.10612454528408	9.09423154408886	9.06204031560987	9.0596273457923	8.88241326926132	9.06303062441131	9.04534412315036	9.08988001156136
9.62133327566442	9.5240816637639	9.55093896562328	9.46428806713907	9.52146701012638	9.54035271567458	9.43511815772476	9.41112224422156	9.41209846065933	9.48964799026121	9.47256113356699	9.37551491178825	9.47461482088807	9.28277053451059	9.32543907655521
9.68184369451452	9.65684160367078	9.62034224572388	9.61718458877972	9.50065139938062	9.43081654336956	9.24708428475114	9.28024176878859	9.30779945683262	9.18733550997283	9.21078932271111	8.88475340771583	9.60071528219076	9.06333615168719	9.13951891174992
4.74367990128099	4.32150033275813	4.92674806849719	4.71449843261528	4.61850746610778	4.67178485152446	4.44255971899491	4.44716146311914	4.30553081314684	4.61747990164189	4.70407602800281	5.04189148326851	4.27900317578211	4.64162193709936	4.83858171377853
9.54816948964421	9.50457670185175	9.53328140749693	9.42546881824854	9.41901122075786	9.3624948547298	9.21429073132179	9.25063712755337	9.11251500539619	9.04251665651877	9.04958208141741	8.90102894742866	9.38965448684091	9.16485715891403	9.05810880142059
5.47260817638178	5.09910791142168	5.57680559744023	5.75958632214382	6.03170361856246	6.05137351479902	6.47517667057701	6.6933752226005	6.70425912855715	7.04783045641524	7.04554430928581	7.07505834720371	6.44412079176681	6.19621078877699	6.5133101758168
8.9298400054581	8.82842362241944	8.88666086002702	8.77750823014108	8.81195739486095	8.81817433850599	8.58933016266872	8.47735148679923	8.57514524440589	8.6008906612755	8.44738045261567	8.52251732417493	8.63170081462635	8.31286812490559	8.5349053234474
9.03864094856809	8.97986877520555	8.97383002289652	8.99813804277827	8.99248230876474	8.90563717975633	8.86061799513637	8.81446946151051	8.845693703897	8.71371295251996	8.71428622660502	8.72415118534458	8.96843626641844	8.59581824748623	8.69102452536467
4.51235435517454	4.62106061461704	5.09420481434875	4.8140341061662	4.93453495955546	4.97396901111341	4.65486332270778	4.88373212394762	4.85192565760851	5.02147912946828	4.85935425348071	5.82508009419536	4.70265380536566	5.12812179893482	5.08369421161507
4.19824576474648	4.35286450366747	4.61862577313486	4.09477051373345	4.5429564331006	4.5551399326722	4.01574505193971	4.28669679092589	4.4057582608855	4.11790889215138	4.6540353455032	5.52251732417493	4.22621576142268	4.34206165524045	4.50323310312885
4.9429887095044	4.8023903793316	4.83511759303162	5.0133429143896	5.30757837016967	5.0076521373697	4.6472501385979	4.54162614712263	4.65419529050633	5.17281723325377	4.87400102944511	5.39698644209107	4.36290443339106	4.72908477834969	4.92163745350609
8.71501055844973	8.79241615166579	8.7341029905548	8.60835369335841	8.72745856640256	8.70638351304843	8.43594689592326	8.42942598158013	8.43807215104355	8.39819969719602	8.39121308510629	7.93755482345378	8.41542643363291	8.2685477309242	8.2745065795312
6.08682448207805	6.0328742130216	6.14755423894169	5.51200556871654	5.66200910474437	5.59261463809086	5.35179425507173	5.44172757706851	5.35149666709902	5.57734051078867	5.35838657541469	5.90102894742866	5.39115391019523	5.58413644243859	5.38381793618408
7.39606016336225	7.40803029648428	7.50057001161315	7.5251210685068	7.67445387111102	7.66300396598225	7.75300625004936	7.59889334779548	7.72671777900544	7.87095269433116	7.67614201362355	7.55814123390565	8.12771981048414	7.58901536166705	7.72031883215872
9.98773535056061	9.88784715531194	9.92951981774725	9.79723886362322	9.7719819467695	9.68875537041319	9.48588715065901	9.51696956692121	9.49521318555447	9.23899576850431	9.33541846400626	9.39205976101115	9.11507243420093	9.19780863481571	9.42932122376883
10.0726041063704	9.92353634683823	10.0633054592757	9.91774931645985	9.85554666340863	9.83898374464147	9.61736363966568	9.6501506039008	9.63367296663299	9.51790495558778	9.56769916970715	9.36549615596326	9.72779336764417	9.53315251371979	9.46133857001497
9.7676908751259	9.75548693483796	9.6525731050582	9.6815645432532	9.54682944224781	9.61964162547922	9.28099501240534	9.36521764841831	9.30715163686624	9.15815136823936	9.22156647721659	8.91483474695369	9.43760530589065	9.05383891731582	9.13081812372909
5.52017385963384	5.02315905818838	5.26193226008682	5.09477051373345	5.51159226219127	5.38616376062343	4.85319203915376	4.6492668703106	4.96794945394799	5.23720782052372	5.15153500497402	5.72415118534458	4.82603622087095	4.73613953588364	5.31635496840534
9.27188075214153	9.08458498788822	9.19151544155544	9.1676710607809	9.12985673806325	9.06610185194957	8.83487714177367	8.85948457770095	8.78184722187237	8.7971462975624	8.83054585905628	8.94430165589436	9.07147203241555	8.62935966286549	8.7086723911841
9.03455206050021	8.99734107403265	8.96844933585425	9.24303006303496	9.04408734301829	8.99231159123521	9.14130672892717	9.18222752436987	9.09160060281363	8.99590693663721	8.99367579140571	9.01863875214141	8.88220750800575	8.8942873695496	8.99897607748272
10.1187193326279	10.0518118299915	10.1268733077152	10.068695330975	9.97246441518778	9.96184844775658	9.71254159884962	9.73284179186965	9.69165693365522	9.59671337322756	9.6334689473891	9.66002084792487	9.92113055164009	9.60908838490467	9.6228530227231
5.17861695799754	5.21458512884162	5.59786721296806	5.16348326381746	5.3788370533395	5.60733614379762	4.99789705060679	5.15343026006243	4.92129936064917	5.20829512860848	5.09013446030988	5.95547673145104	5.05517022008645	5.20131767921008	5.31635496840534
7.44411961942208	7.46655066556142	7.47613289897228	7.38827020029429	7.39396657819275	7.56460026192126	7.30659483564163	7.35188095968603	7.35651474186565	7.26695516391777	7.21042869402759	7.57562866063449	7.11809378617617	7.4521935718405	7.30479793698294
5.82799618721447	5.5618985421489	6.14278499479381	5.85615958183887	6.25646305444282	6.02420331363355	5.82647470077798	6.00658887173316	5.83044593019806	6.04783045641523	6.04554430928581	6.32987224623254	5.80818821953802	5.67504493863681	5.88588742855689
4.97747708588969	4.74444303012232	5.2263083503561	5.031839258007	4.94631212733181	4.89217491994976	4.81971733460267	4.84309013945028	4.90083525808946	5.17281723325377	4.99953191152897	5.37051423072988	4.90092343250194	5.0566594363782	5.15408353950646
8.0973168558957	8.02923869230509	8.13440069117437	8.11984253569028	7.97102388082856	7.98387475408657	7.86964255993435	7.83482252346668	7.90512261649256	7.91724634660509	7.88398511801774	7.90102894742866	8.225655600266	7.99917394171744	7.86374178767693
4.66121774108902	4.28943912352583	4.6592677576322	4.54457343117297	4.63315424207219	4.53987317601888	4.18303979733735	4.17323874114261	4.2951141972015	4.46938126265275	4.55752736464986	5.39698644209107	4.05517022008645	4.11194187187939	4.28532807278471
8.82563175886624	8.93588659381919	8.86655328657845	8.97383070933112	8.85944478801984	8.79746162985569	8.75522135111539	8.65044506150788	8.67643770086263	8.7612675150852	8.71784279304303	7.89639749869702	8.925966019555	8.65935830139616	8.55861691199486
9.59195507865191	9.5145788476997	9.41514442338663	9.51529563865072	9.42006736651578	9.46101775530764	9.42513598807742	9.32298586064729	9.29837747622435	9.3121562903712	9.2728958375283	8.8516409204665	9.06553693564471	9.29416818455085	9.24003014830942
8.97818689896226	9.00229453826678	8.84689476080798	8.96783944224523	8.88644067135441	8.91602166190413	8.80396862636104	8.80339001563002	8.74596683095002	8.63768069204602	8.68655111390775	8.29158376150817	8.36035505113924	8.71620943325807	8.61974711185527
4.78320826546763	4.74444303012232	4.71173517752634	4.47868549551651	4.88644067135442	4.80546328675643	4.33293522782041	4.51082010034146	4.34646107720172	4.79130935754012	4.79153886925314	5.63799454159487	4.08512344218808	4.49960293222693	4.77299337215095
9.00907789996217	8.98738282886286	8.93366748243698	8.92518910109957	8.87954697341263	8.87174302004495	8.61492624249715	8.61044226380822	8.6175649130114	8.51731573971646	8.50321044325544	8.48290546827607	8.51597692544347	8.61937886342752	8.52248606419333
5.11807541606249	4.64659570672418	5.48934275618989	5.04099925729247	5.21325098762152	5.31620120245586	4.72163233492048	4.87569480488221	4.75644534875428	4.75178099335348	5.06482337178069	4.93755482345377	4.74078893425244	4.88954945054294	4.96143846156407
9.7969521719859	9.70472988270893	9.76313835540416	9.61488608318325	9.64449445956267	9.68529047522411	9.38907377750411	9.42599017371454	9.35055383183561	9.21194106191329	9.2446444093655	9.2358465540739	9.32470562482204	8.97216539861013	9.28826535586427
8.42342062675425	8.43667263734994	8.39322460192607	8.47868549551651	8.51653808479607	8.50098416262529	8.37502656130945	8.31223188303303	8.36649883043827	8.33273043156801	8.3988296186308	8.09540699259551	8.39015446779926	8.26306335035205	8.41729683988334
8.99722102118811	8.86966592701173	8.91210837010099	8.79723886362322	8.7578499895215	8.74100647798353	8.5469986649624	8.57178811763289	8.49606609426444	8.41284647316043	8.41769686713962	8.11148175545358	8.65435482246823	8.50632397485439	8.45873364296199
8.79936403385867	8.78524924651021	8.61346406801908	8.7266130089601	8.65843365052054	8.68138249529711	8.62803953463207	8.62249996074782	8.63883098085415	8.6602736935585	8.64017854482781	8.46424966899575	8.17606965343866	8.52884255256774	8.50744044072984
7.25088724448771	7.07344895625022	7.336922155857	7.33340826525977	7.4550087338249	7.51861405664708	7.49545906588082	7.46065730560337	7.39238298982049	7.46694221720133	7.41582120701728	7.55226466756899	7.09497122814443	7.48187533967759	7.60096990482465
8.79050075803399	8.78237248575464	8.71495189020988	8.82666899023127	8.67710669755427	8.63184303449579	8.4507833497031	8.43695607955289	8.45805276832771	8.30295518061835	8.31543621878857	8.20434136414868	8.33096914424461	8.33220199246492	8.29995504878012
8.73025938551867	8.85604907235313	8.55543194664767	8.77407895578841	8.49765307123339	8.62009537451296	8.46871200685088	8.4666894887784	8.36213929105953	8.20829512860848	8.32878841998065	8.21553957075354	7.76257762301772	8.38925549416741	8.23648606325419
7.65944864823596	7.70244894145769	7.61173938754962	7.54939581462981	7.59251225757483	7.49703697810863	7.31021515132033	7.27146227723074	7.30941773523101	7.24434635582494	7.29176832147953	7.17786915278749	7.21497100425506	7.09145839895547	7.15193507292788
4.82168241328227	4.39866819328059	5.04393160786753	4.58270856005974	5.05908005749376	4.91602166190413	4.75743305634833	4.76691845896487	4.71015169648035	4.86725821077341	4.85935425348071	5.88241326926132	4.56772422527956	4.71487091912999	4.69250345429059
8.82957032271258	8.74739634751167	8.713344430388	8.7857053831077	8.69029814917579	8.65859339990294	8.57184273593988	8.59706135384659	8.52198009511726	8.17804574805558	8.32945279716986	8.26667841974534	7.90512750067617	8.55351321376624	8.34390809838648
6.53953918450077	6.57857728329552	6.81127085107725	7.15084643813953	6.99248230876474	6.93948063472812	7.42262961636934	7.44987075037713	7.43214244667901	7.50785541046739	7.46985184630901	7.44217521585732	7.20477523714916	7.61890186059927	7.57073029164696
5.39818333525523	5.0133780373958	5.21726321075309	5.09477051373345	5.58876012271373	5.34283632895933	5.28957885862603	4.9693078556537	4.98748964034364	5.40458613985568	5.25026895855938	5.8444454190623	5.24402703753914	5.29506417570328	5.16264555300989
7.15621054494926	7.17125769717752	7.31800818449291	7.19048914312599	7.11753978804176	7.24972692456785	6.99939284653228	6.95983510303341	7.09047158615952	7.18770585910614	7.19592912433248	7.17021558024405	7.54993491183603	7.05524986612353	6.95898280983776
8.80737457659838	8.75548693483796	8.76391504185139	8.84378144956025	8.78023065443731	8.77888763362065	8.69280035629604	8.68994159533697	8.67141263468548	8.67936144772918	8.73298668689803	8.76283165350864	8.89141924634111	8.6155584175249	8.55699408275638
9.94407904464199	9.80770548435196	9.74908601988068	9.7244825211879	9.7163246224324	9.70937178613523	9.52769208224266	9.55710009583889	9.47430211997278	9.32366001722072	9.38738968611703	9.37051423072988	9.40111043722766	9.31787288774425	9.32639197952308
9.68532531319583	9.68561093021862	9.67545699573154	9.78229556105031	9.60045328966724	9.55419047884333	9.47194795970114	9.44274799090869	9.43777624394767	9.36943211278081	9.42081755847299	9.34864205025238	9.79616569128881	9.46126883421591	9.25412006188757
4.63264858889225	4.55517267896058	4.8930649422409	4.39542999186716	5.12273869471608	4.86792737370309	4.14029014987802	4.48991111057847	4.24187217592452	4.69455612466052	4.53004662822775	5.20058922928757	4.06522388475037	4.57235927466224	4.71596242711458
8.60992851239216	8.62186546542781	8.66010240911102	8.51611698512374	8.51555027575995	8.4313337310578	8.24045844568897	8.28972448362346	8.22207619171549	8.28090783592802	8.24816232147411	8.24498334864602	8.76141867661113	8.19365054845843	8.08369421161506
4.75697672389445	4.93264676528294	5.44353906657677	4.65608174638996	5.06988681245034	5.04056675984243	4.66243654241258	4.61104754808011	4.76401856845909	5.14257094638564	5.00619564180998	5.47360772369399	4.67665859683272	5.01085574676507	5.0285526574226
9.20432539886318	9.11691564150421	9.23361599720254	9.20533339549347	9.13950690809697	9.16767867774577	8.94803242461371	8.96410554041164	8.9895099390086	8.85098267106058	8.85151224673966	8.93755482345377	9.28277774915044	8.73217548046098	8.90642435955959
10.1584042817217	10.136478869014	10.209016779276	10.0418550329226	10.0323943990597	10.005917085999	9.73628368772347	9.729222174892	9.73444824648175	9.72012779208339	9.76747110929131	9.46268407465775	10.2294324741062	9.59993297482801	9.70391403712255
8.76686952865288	8.65841145697137	8.85930354749906	8.72590319588753	8.85320272294033	8.81817433850599	8.77718729068937	8.66509183747229	8.79484456240124	8.83357508451712	8.76034424764955	8.68440500655183	8.97077803279608	8.59339232621361	8.80616023608616
4.52795121022556	4.00353025143945	4.93780325700619	4.54457343117297	4.46322924062987	4.46101775530764	4.06228763787675	4.03573521739268	4.26340533747417	4.60865605125488	4.22192433286543	4.66002084792486	4.24402703753914	4.38757631449282	4.40562230650243
10.1148515151882	10.0419231348529	10.0158419953265	9.96663819734578	9.90880848438287	9.90302933778446	9.69580188343001	9.72363573987342	9.69982385422939	9.5348883691644	9.62942815945886	9.5404392321722	9.73607680690311	9.39372377506294	9.57193605439236
4.58870524130466	4.48613103453093	4.73727026963348	4.39542999186716	4.89861538530052	4.58519716652837	4.193532171155	4.28669679092589	4.49947269570769	4.9181393797756	4.50203225205816	4.47360772369399	4.16208542400296	4.70051562615292	4.4896865712909
8.74451455275981	8.78668547862573	8.58737483915042	8.84443558470675	8.75450460821752	8.75429564543826	8.34827691474949	8.38056371439012	8.31651667393372	8.17953613562706	8.13414837277698	8.28805207053791	7.97411683327004	7.89192035500569	7.99658354784502
9.32306568442472	9.16353978401668	9.13319894596462	9.01682909016785	9.05432652752313	8.96470951967272	8.78718039974238	8.76637517330947	8.78696729353118	8.61031463933664	8.70919015969944	8.59290665206633	8.54769574478574	8.92045854010705	8.68806211150881
5.35511461336334	5.00353025143945	5.23529713358335	5.06813538722998	5.18370671200751	5.13503144384593	4.97982547768477	4.97684152833911	4.82321436096698	5.20829512860848	5.18715891470474	5.42298165062402	4.80218947891658	5.11735536806575	4.98093463718987
5.51235435517454	5.11748644073654	5.67256458024566	5.49876974155984	5.89861538530052	5.77318688373268	5.22455906677562	5.46334139017457	5.15237402508542	5.60865605125488	5.54842515754261	6.15478553967444	5.20818183859242	5.44467672172333	5.51665361889117
9.22779415688311	9.13281326838442	9.08801563694195	9.06757522607331	9.02060590967912	8.97538828819875	8.83278111490362	8.84771993674435	8.81549089245152	8.53953847807629	8.59337256359658	8.5463640661293	8.40803934611156	8.67366766403016	8.66263292470845
9.3902052778317	9.33873703768344	9.3509466645348	9.28892677073605	9.26295239085941	9.26315287051809	9.01574505193971	9.03528430473363	8.97245084618293	9.00139488342495	8.99199823884357	8.83237258676172	9.26298663957811	8.779040071542	8.81975783948688
4.09731685589569	4.00353025143945	4.27941968681566	3.84574296589353	4.02616543502103	4.25207086503614	3.59280235457552	3.78419645039671	3.62953323627206	3.88928451710342	3.39439152887019	4.66002084792486	3.81416212058266	3.82484376115513	3.93169111817001
7.83114274253133	7.77225840799045	7.67256458024566	7.67238355871906	7.70597030735812	7.69264345642212	7.55566658843738	7.55804211026406	7.5981007284354	7.42734604285554	7.35316886614367	7.38381105334334	7.1876205161101	7.36954239166255	7.52995044150463
6.00001965454078	5.73256892983403	5.85274748705341	5.90714351055768	5.98679119668688	5.94528625640933	5.87617060293185	6.03573521739268	5.76023692791666	6.21992982909188	6.11808852188088	6.80545128744643	5.67665859683272	6.04250137338154	6.11931812134579
4.27419461797977	4.42841553667464	4.85857656585561	4.8140341061662	4.7719819467695	4.69952984200737	4.32341245370191	4.27452207697979	4.4057582608855	4.7677225372225	4.48304914869058	5.00794415134518	4.62321933787126	4.63408826441395	4.51665361889117
5.27419461797978	4.95325704495823	5.38011368643514	4.93689085395173	5.30757837016967	5.27990507323287	5.0565512683276	5.25606517227223	4.96794945394799	5.53139092492818	5.42951975227379	6.25948291834114	5.03485023570685	5.50374266258785	5.65050936562596
9.58311700304237	9.56984499093236	9.499171373558	9.40831723486383	9.55502522559086	9.46506458837035	9.29659186745636	9.32409377958634	9.20374612680645	9.2006085454479	9.21475029997768	9.14114753766148	9.10322832881973	9.0271248771582	9.11546432577574
7.65944864823596	7.68098443226909	7.66260347019546	7.35560401137397	7.4611785010651	7.37974701895156	7.03774896156332	6.84514966162857	7.0753329893216	7.0314173665244	6.94854798281017	6.95547673145104	6.78251949877644	6.18594245332316	6.34296669865266
9.90579144820033	9.86695281847186	9.85420696622785	9.85939941037512	9.73341836554561	9.74225755050669	9.59305004880583	9.61225735531318	9.55400449167016	9.39210627793935	9.45896353016627	9.34184488789861	9.73016492167008	9.49232969731474	9.35888754551727
5.04407483461872	4.60812155890954	5.23529713358335	4.70300279377745	5.16366895877096	5.18495666917761	4.65486332270778	4.57178811763289	4.56162917177026	4.75178099335348	4.55752736464986	4.90102894742866	4.80818821953802	4.65657227856533	4.87029057350587
8.88057610233584	8.90844319760753	8.99845794114064	9.0969680694377	8.93675051418729	8.91823721653596	8.91235041861095	8.82128576913193	8.83898660190101	8.84489039774496	8.83289056141032	8.39370385810177	9.1685116931624	8.71308429965598	8.79656507930497
7.67529292630074	7.62748688377647	7.79919801877668	7.62900221233368	7.58122645002832	7.67003294476287	7.52483859835822	7.53781117343847	7.50964450076498	7.48272279989191	7.47946184048283	7.32987224623253	7.68727570420675	7.21400637174104	7.43242236584614
4.23671991256111	3.98363069400174	4.50429309765587	4.09477051373345	4.5429564331006	4.42822782018997	4.45132992862265	4.33439353295719	4.3158727573683	4.41979923380219	4.46381292982767	5.20058922928757	4.10475224893701	4.58022139243521	4.6806293540023
8.60166089640857	8.62828815846571	8.42204964360255	8.54537828198374	8.35914871841738	8.32735899234038	8.18632686880011	8.20726232343149	8.15165249716796	7.97073433072315	8.07595165316756	7.95547673145104	7.97478366713488	8.14412227762854	7.96511411970747
8.71501055844973	8.72284873989933	8.57415114399426	8.66277294898892	8.53712735429841	8.51178356347781	8.34416248324367	8.3292528478101	8.32101606064426	8.21630405427347	8.26978397164401	8.15865854882165	8.1950792861666	8.32695476285024	8.17645135253492
7.627228313108	7.66232863298877	7.58209989710975	7.64561112988912	7.63133150646537	7.53795342185551	7.44585479855649	7.40729408000464	7.34646107720173	7.30021761804952	7.27669013629632	7.42298165062401	7.20591166496759	7.34898106918024	7.30673054951694
5.15871740055984	5.19740998503349	5.47423586379968	5.06813538722998	5.27058416268747	5.57774136160933	5.26491680439176	5.10612454528407	5.21449573699322	5.57281085230816	5.28356339865781	5.74490974551138	5.1714232885823	5.47028736540237	5.2695607569264
8.90988948722432	8.85056613923248	8.81202205913426	8.81202897027582	8.63860867216429	8.76089460510078	8.54187545275717	8.51211690495991	8.57460702576847	8.36779881130342	8.45165872954304	8.25225134911006	8.26816394342065	8.45004989382219	8.35141726324249
8.96607232261744	8.97735536857526	8.95082220347605	8.91276805975156	8.91593847828829	8.91749907630963	8.8436473514014	8.74005389515351	8.8035979680753	8.86355424201	8.80736383641483	8.4358056909816	8.71786971425823	8.61746990510614	8.58592932647186
6.41505715381962	6.56189854214889	6.29239754081387	6.22103428637962	6.21325098762152	6.37330160968638	6.16182331142766	6.02487422476091	6.04145812368357	6.05109078557882	5.94161193559979	4.52251732417494	5.80218947891658	6.07346772406475	5.90642435955958
8.78807402063945	8.79741188521878	8.73647910150787	8.87868706450845	8.65574623271602	8.67003294476287	8.48748688659179	8.46802655564046	8.43807215104355	8.32937766445158	8.43075864890715	8.16637351394965	8.29884356151008	8.65703698948604	8.25361921305737
4.07625524036786	3.90116853380977	4.34732375131747	3.82468135036571	4.5429564331006	4.13503144384593	4.01574505193971	4.31074226489254	3.92805672682449	4.15474566033174	4.10262540449307	4.90102894742866	3.66348320808499	3.90214948732257	3.78413392975616
5.31970927723214	5.06163320600302	5.43576171598505	5.31464733715112	5.33471450010719	5.53987317601888	5.0392040247637	5.0285036481616	4.93478259001279	5.35795997998433	4.92412450887095	5.74490974551138	5.15268672600071	5.22658443782051	5.30866057661534
5.73698524870698	5.84712869409688	5.8930649422409	5.88696562862005	6.26589246736275	6.15019125101693	6.11014727665534	6.28062227651621	6.18940475603039	6.47181619156981	6.22478398700466	6.85403146789149	6.24181261647369	5.90528237680754	6.10606202464352
8.78158269341859	8.76134263051126	8.73092874275965	8.81135997186787	8.64584931492055	8.65947659248693	8.52223961541631	8.46334139017458	8.41841091908074	8.44232225042833	8.47226035277973	7.91940747674351	8.81565173872314	8.47240120466829	8.34013880808851
9.26724185733801	9.19524864374402	9.13620143412614	9.19511234643007	9.19978492002108	9.09837530778363	9.00944910671603	9.02032456775513	8.98668072804833	8.83641224382066	8.85705220250417	8.61562672856642	8.82159487808917	8.8056908184184	8.75611955358656
8.10383604927924	8.16905678898425	8.15586266608895	8.03985743290292	8.16366895877096	8.2008173240869	8.44640324754272	8.34243492466546	8.43451725386692	8.5406986671544	8.43446896824552	8.41328825442018	8.70867927023279	8.44198261255407	8.38290223000234
6.18846474395389	6.16243384679051	6.53737545261169	6.51200556871654	6.32572571687993	6.35160653858706	6.46004714572375	6.5339860849205	6.35149666709902	6.63061530383102	6.53926515825713	6.94654360668103	6.27467725037932	6.46180089951454	6.51665361889117
7.78969229903783	7.8402291350792	7.61862577313486	7.66943326108375	7.58122645002832	7.76007138394242	7.56074114534322	7.45392516533844	7.62017518157383	7.48030622471903	7.52541517949611	7.59290665206633	7.14441233602179	7.68054092639166	7.42532422094498
5.11807541606249	4.84712869409689	5.14278499479382	5.14660944525307	5.20346996682894	5.1947376899702	4.61638917489314	4.89967366781664	4.90083525808946	5.02147912946828	4.97935402959134	5.28805207053791	4.59573860144915	4.88954945054294	4.92163745350609
10.2082634665119	10.0991079114217	10.2271534319233	9.96483445252959	9.8602231506181	9.87288574884995	9.6976458779816	9.72559345371192	9.61625800555643	9.62324136139728	9.6449902059002	9.57852273390368	9.93130073622793	9.53213956297367	9.5811469075923
7.22001357982871	7.16464487410586	7.27288671697643	7.31653444669538	7.22779929619068	7.2981672796256	7.47517667057702	7.51729249810126	7.46851976737878	7.50071922918576	7.48065860126558	7.80545128744643	7.4421933431957	7.62841207988174	7.57394342224215
5.19824576474648	4.85809981191789	5.24423025835336	4.9171275991303	5.50364350907578	5.07274716559158	4.65486332270778	4.92326048813427	4.80129958453854	5.20244240236304	5.02600412289016	5.74490974551138	4.734502671405	5.17040160242739	5.24558189399196
10.11355993494	10.0100004375877	10.1077282584485	9.89866535663337	9.90730293241645	9.86486757395403	9.5773616595367	9.60862488581326	9.57863877978752	9.49144910789951	9.59143513111621	9.48135999941817	10.0124549442241	9.28457616057969	9.53531746315621
9.14487547540621	9.1019950347404	9.16412351915952	9.10845063748499	8.90993661818795	8.8778271409898	8.69141292707461	8.77288113716888	8.65826495481538	8.52143520622586	8.61424175564418	8.35709371496756	8.67419735931644	8.62983322106469	8.54230588419966
9.46351234564401	9.32891272296818	9.42204964360255	9.31983096038239	9.26118546468522	9.28678051932379	9.0475422778881	9.09101765289387	9.04767664641873	8.92526381420898	8.98821659830114	8.79553581858135	9.24375042071519	8.9658024837181	8.93606766119533
4.61814901919714	4.23997044726153	4.83511759303162	4.54457343117297	4.47953105295897	4.71320477890445	4.30417623483899	4.44716146311914	4.41540843091921	4.74374367428806	4.72846018662976	4.9731787331845	4.4498877349857	4.8640143584358	4.41997759947949
8.54242169303389	8.42288443070141	8.48652223712751	8.24104424711112	8.36574139572782	8.3173208727029	8.10529321522148	8.13250307210737	8.06233909184339	7.94467651744543	7.954589789598	7.81038358298866	8.04441087401495	7.87923026732837	8.02033215061763
9.20796091957969	9.26285433793487	9.15230776891232	9.03757106944358	9.09655476291243	9.02008328691851	8.84323092910355	8.80339001563002	8.79807568366425	8.77759728515762	8.79683316892266	8.20058922928757	9.04948409257336	8.73217548046098	8.60804002807761
9.5746938488083	9.51631129466968	9.42598069519246	9.4719281293412	9.37720658222127	9.40524450218913	9.23443730443357	9.18100507404318	9.16958331511764	9.04946154199416	9.0640252002301	8.69244232561725	9.06678846037372	9.17040160242739	9.03206144319974
9.24323054738478	9.0863354775358	9.15171443349747	8.97741356309529	8.99602788695846	8.97112626134459	8.76404790076989	8.78580570325837	8.73781734402162	8.5958764622261	8.60713621541157	8.51649353654716	8.43251728384666	8.52018380964938	8.56266601664801
6.60717790137613	6.55517267896058	6.58033728841049	6.72021208380968	6.74526460839372	6.86486757395403	7.34239555706948	7.30925110709479	7.33379466536556	7.48392957122191	7.41832154566893	7.65454571785871	7.19106781772857	7.63974220388113	7.34296669865266
9.72138383508253	9.63068931581482	9.53282579560592	9.70516521492807	9.46527706927873	9.5350689922891	9.27019288119716	9.28972448362346	9.2882371904541	9.11635342564933	9.15341229221469	8.7057391482307	9.21073152121344	9.21873600675251	9.14114448379896
4.32864240200215	3.92223014933761	4.64584724186988	4.38107469889009	4.63315424207219	4.49307896453994	4.20394878710034	4.16006335239488	4.45337628111824	4.49833263634888	4.19884071975238	5.25948291834114	4.06522388475037	4.4745119512641	4.58194507914289
9.99055242744474	9.93556293817209	9.83843965036953	9.86617945997106	9.83787357542746	9.87098069768064	9.6650306821307	9.6344577170693	9.64653358879827	9.56541968913449	9.54928093317278	9.34014058168636	9.31683779015634	9.48658917773148	9.55007662042862
4.43173589496626	4.28943912352583	4.60481997360983	4.60758322869877	4.5429564331006	4.34283632895933	4.12940183373528	4.46869462466878	3.81594636050295	4.59084477513842	4.43446896824552	5.07505834720371	4.40309352350676	4.24648399525822	4.41997759947949
4.67529292630074	4.5685931947229	4.83511759303162	4.8140341061662	4.73171807655577	5.12483567674004	4.87291027376826	4.9617346359489	4.91451019498653	5.08647638431472	5.1635076466401	5.49826977792826	4.87829245800237	4.75014639387753	4.82785530718548
5.32864240200215	5.09910791142168	5.52643207492511	5.34454882286498	5.53517908250888	5.53217878422888	5.13485626382739	5.04293071879688	5.08140750373128	5.46449904127301	5.34267649232603	6.17021558024405	4.7090800745251	5.2612305806274	5.39112273680731
10.5342395807956	10.4042927424745	10.4539242937703	10.2661609241803	10.2682402222192	10.288494273286	10.0362924293438	10.0990224295989	9.94272903879627	9.92215120234164	9.92104229641027	9.68440500655183	10.0803291464893	9.73723873215845	9.97547791483338
9.61130185380086	9.54841531278527	9.66634695085083	9.58035442022672	9.52392517231742	9.44574022065088	9.22679555604783	9.18670100094917	9.22893312021703	9.21266914421029	9.23403890921024	8.99500509563768	9.73469953229647	9.09797635220764	9.10994098426326
5.5812494363856	5.65290948065638	5.91000480466262	5.72021208380968	5.6548493131715	5.72675131074239	5.67372234995909	5.67264979774855	5.68643562750654	5.86355424200999	5.86302991162411	6.20058922928757	5.53192350385171	5.8281489058788	5.81704855222889
9.53520459423688	9.55475126956927	9.44934468825797	9.48876256820446	9.3847997315435	9.41416787635143	9.27606692890848	9.20606091180823	9.20687524126798	9.21339685925265	9.20537040420456	9.00364401391155	9.08913221585461	9.08973824250882	9.10606202464352
4.74367990128099	4.65919574350381	5.46662267968981	4.77064151065282	5.05908005749376	5.23321183778483	4.55261326445983	4.68649977650958	4.60444225530923	4.85238493429188	4.79923326104314	5.47360772369399	4.76566360289146	5.04534412315037	4.95159067560772
4.67529292630074	4.79098561605935	4.97046944592651	5.13809794539755	5.05908005749376	5.13503144384593	4.87942358072693	4.81814378232005	4.78650258261046	5.13029261660721	5.03906027571561	5.28805207053791	4.7281888974728	5.01085574676507	5.09268299484232
9.13089945642007	8.97735536857526	9.07242552369283	9.0197278153562	9.01082488888654	8.9873961008211	8.65723422717052	8.64099248033168	8.69537490248785	8.47242428221775	8.56205702313037	8.36381957815587	8.43154609899619	8.71665532880818	8.64593663583614
5.0548815895753	5.18002790680525	5.41217489566743	5.18016200496409	5.27992202726681	5.41154907904334	5.02752221971607	4.85131064625525	4.98100560677344	5.16079470500455	5.02600412289016	6.12342136876511	4.88965232016692	5.26611280200715	5.00017085605278
8.88663785512304	8.97483757554374	8.87448614608092	8.95820136019714	8.80712154103406	8.83625247532368	8.53105712109338	8.56055114575018	8.59598067656103	8.49952642627293	8.54156061624479	8.17021558024405	8.84731204819755	8.57038703233064	8.44651473714933
7.01669839568742	7.16243384679051	7.07430525691105	7.32218100983652	7.13050209483576	7.14767565309815	7.11429494134508	7.01026452987656	7.0994790766533	6.93412016516949	7.06960314989402	5.90102894742866	6.77641284398315	7.13347503342903	6.9663372609769
5.03318651847598	4.96345281206412	5.50429309765586	4.98514602255895	5.2984183708842	5.25207086503614	4.8398952165403	4.56180402906026	4.7488321646444	5.03471495662498	5.19884071975238	5.86355424201	4.77181582987306	4.72908477834969	4.89104913367267
8.77914089586944	8.87237394290001	8.75768981087241	8.81936755046924	8.63041927435094	8.59168953703903	8.61003905950083	8.52630534783888	8.49777040047669	8.49952642627293	8.51552370469429	8.41652662848672	8.67747807713927	8.56247099029779	8.41550689543427
9.94335224611736	9.79205865072458	9.9222325873747	9.64898497977492	9.73044154347657	9.67003294476287	9.38364312111107	9.43900293973198	9.38319186694651	9.29025017966784	9.3433345060391	9.32987224623254	9.7587108422497	9.16322237682308	9.34343747530585
9.01323952315817	9.06222629749786	8.98319820543071	8.85291246131238	8.84221369778991	8.91232149306154	8.71754859092372	8.68822171231084	8.74548872157004	8.66134077573798	8.59889379131074	8.60714857464211	8.70265380536567	8.53289934270205	8.62207717164718
4.70303791678365	4.45756188233416	4.95966269096993	4.82468135036571	4.88644067135442	4.95106860900333	4.69233802812644	4.85131064625525	4.80864155987971	5.04128761054846	4.9725648639287	5.42298165062402	4.92872188484551	5.17040160242739	5.11049427095878
5.21761108961341	4.82493294798269	5.25310840969981	5.17184673675209	5.31668057727693	5.2981672796256	4.90518667679202	4.93103783872598	5.05077588507761	5.43485357952448	5.22763798405981	5.88241326926132	4.99858669172008	4.98147193998398	5.09268299484232
9.07758063783443	9.0479243707979	9.11809205357441	8.97383070933112	8.97892907891391	8.97396901111341	8.84281438657406	8.8947108316847	8.7916061883347	8.76722702114657	8.81923793670311	8.79802108197094	9.00382334008623	8.78967475806416	8.7554121767443
9.55198867133426	9.59260416856781	9.48558083739369	9.51611698512374	9.48408294292894	9.53266088783935	9.31952580011682	9.25219008253743	9.20722250208104	9.19803722324304	9.16499726478059	8.82019787281562	9.12411757380394	9.03786992464989	9.20107757854655
8.83271345040656	8.91699350097146	8.88166017896865	8.99047508889652	8.74526460839372	8.75346864911817	8.54853208764801	8.5866358820402	8.54688816704138	8.44356327849702	8.52541517949611	8.21553957075354	8.90092343250194	8.3316199085188	8.37831496050669
6.67529292630074	6.68098443226909	6.69554314402375	6.61986155847721	6.6476538117673	6.62552926056359	6.51546026604236	6.45527410890646	6.5040023541882	6.53837735524428	6.38930265219739	7.05857022441514	6.16909448252232	6.13080089913071	6.30866057661534
5.11807541606249	5.23997044726153	5.47423586379968	5.26859996963168	5.33471450010719	5.2981672796256	4.8398952165403	4.93877348750559	4.90768892913052	5.15474566033175	5.12728745872735	5.70308956981675	4.69619878322836	5.0955784256705	5.48286530543489
5.24618024181018	5.15355569544406	5.44353906657677	5.25291834739941	5.41318855813028	5.33401247857232	5.23475483388151	5.11979948218115	5.00676870283852	5.49833263634888	5.26145269705206	5.82508009419536	5.05517022008645	5.49545128895646	5.50995896631716
8.88285224539155	8.83329642091731	8.7012310507359	8.99990065147753	8.81597492750702	8.72084034825278	8.65058585116116	8.61708646456145	8.64397061949587	8.54994674395642	8.57051198994092	8.46111677951079	8.7779419326699	8.56247099029779	8.56023791782932
9.97356685916437	9.86966592701173	9.87340695761951	9.60488335749611	9.65977548447952	9.63902510304781	9.39902441827819	9.45325022027776	9.3862620852597	9.29575796985882	9.31811656334196	8.97757050230166	9.47060175838145	9.23874336588892	9.31010640440385
7.68227935661685	7.75328490687413	7.71012412762036	7.73862670350818	7.70943000935398	7.62733601726922	7.44695148811207	7.44851674273115	7.42499447974841	7.46327590000357	7.49138500785865	7.65454571785871	7.96541982778488	7.27340529457351	7.41640214525567
5.57375489983868	5.25664918840816	5.39623335179841	5.40255442630054	5.64042224253622	5.68572404248234	5.45132992862265	5.56180402906026	5.44397758311599	5.71113900885613	5.85935425348071	6.47360772369399	5.4421933431957	5.67136928049341	5.78967211329759
9.82049549833182	9.72622083736183	9.78472906362476	9.6527244713473	9.5906374099544	9.62009537451296	9.42374409695075	9.40659695747796	9.35901724906882	9.24363408968315	9.28835527271266	9.03979301738451	9.56706106965266	9.19268928576375	9.33541330422102
5.39818333525523	5.07109353525208	5.44353906657677	5.20482405919836	5.79821348834268	5.53217878422888	5.13485626382739	5.18629489396806	5.36649883043827	5.77956414986702	5.60219641398359	6.04189148326851	5.56772422527956	5.44897685915696	5.52331734917218
4.55864800744847	4.5685931947229	5.07430525691105	4.46513896367856	4.70423734013366	4.89217491994976	4.2142907313218	4.32261636518084	4.51750661853795	4.59977789990843	4.62834870183955	5.17021558024405	4.49521172549519	4.63408826441395	4.61974711185527
5.7635794587187	5.76207292414411	5.8987336923276	5.68558574070004	5.67622296396407	5.83077437528562	5.42485771726145	5.46334139017457	5.36151542292401	5.7193595156611	5.64124919054736	6.51044449187436	5.46135292147915	5.74315996356142	5.6382830632927
7.61450124218199	7.58849275216061	7.61862577313486	7.60912374677456	7.60556841040028	7.62733601726922	7.39675602938179	7.47269655522627	7.38993774340309	7.24576983402714	7.38802762335533	7.49214367513141	7.39414808983978	7.36727221803773	7.31058802518645
4.89568299472604	4.9222301493376	5.23529713358335	4.58270856005974	4.91068821760109	4.97396901111341	4.41592459249144	4.36915895111787	4.49947269570769	4.88197971648018	4.79153886925314	5.52251732417493	4.48026138402922	4.90840847779426	4.50323310312885
7.88814932204064	7.98488249021121	7.98652929682261	8.1444862733601	7.89406189901369	7.92633193068183	7.6671496960356	7.65514822799061	7.69636474475027	7.68094075280303	7.54842515754261	7.24498334864602	8.00382334008623	7.71129546490617	7.60882346281904
5.09731685589569	4.90116853380978	5.06425159224713	4.65608174638996	5.32572571687993	5.14515566111963	4.76448781388228	4.88373212394762	4.45337628111824	5.03471495662498	4.82207323740125	5.10747982489609	4.4109987215921	4.72199535356338	5.00017085605278
5.59612271286714	5.45033031310308	5.71173517752634	5.35927032857174	5.51949746027662	5.36032375568817	5.28957885862603	5.19923394967555	5.13495697200801	5.33674349407463	5.46381292982767	5.95547673145104	5.22621576142268	5.41860321011344	5.25361921305738
5.5510348233386	5.28131124264243	5.42794221152575	5.26078046517238	5.30757837016967	5.40313683922714	5.20394878710034	5.24986002274552	5.18658974042334	5.23720782052372	5.13946217267345	5.34354718312961	4.80818821953802	4.90840847779426	5.09268299484232
5.21761108961341	4.95325704495823	5.32223277035463	5.38827020029429	5.35252577622365	5.37760174712001	5.56074114534323	5.59155137245432	5.69834239419071	6.11479628028404	5.85566920667286	6.56982303895329	6.26598629011527	5.96355003198672	6.32018682999637
8.87372604706729	8.9183044461238	8.72535694808998	8.911520053583	8.69204793112575	8.7748179693116	8.54238859344937	8.50170968189674	8.50795417246278	8.4166430412485	8.47946184048283	8.18927391605974	8.81490712191131	8.34955619178737	8.37555558120028
4.1180754160625	3.9429887095044	4.27941968681566	4.04099925729247	4.69029814917579	4.62914051411597	3.85319203915376	4.29876962322647	4.1752744271955	4.49833263634888	4.52076881463974	5.28805207053791	4.25285088792614	4.04534412315037	4.20470961257643
7.9603359530683	7.98112383839117	7.94329924476104	7.92457058231586	7.87107636170223	7.93365155592593	7.85484555800627	7.75929377886478	7.73925883793761	7.78054657758008	7.79539119474875	7.75517808096521	7.5659551324265	7.78628017993124	7.72466212206496
7.41505715381962	7.42657418985048	7.38011368643514	7.55739747153056	7.44050916412979	7.35160653858706	7.87617060293185	7.85642477795189	7.86078200856902	7.82312416924054	7.86761135415602	7.5814110132285	7.51551870881555	8.16191321607908	7.82246204841525
9.71883790199673	9.61217749366105	9.71495189020988	9.49168850439099	9.52343387483578	9.5350689922891	9.26086909794212	9.36270392898057	9.2670741974909	9.24220850158209	9.28767169296005	9.20058922928757	9.51092852027615	9.11431277634214	9.24104114697791
4.60350224323273	4.44306231263904	4.73727026963348	4.55739747153055	4.73171807655577	4.74017182650472	4.30417623483899	4.23736907856232	4.12910424576257	4.94642842420702	4.3841957617643	5.23033657268162	4.26162109755388	4.45753887266038	4.37647596084291
4.71671285368073	4.51414541070053	4.95966269096993	4.95638702957753	5.00379762199257	4.98528432434125	4.60856967043384	4.40310628304121	4.45337628111824	4.9181393797756	4.6624969242514	5.39698644209107	4.48026138402922	4.64162193709936	4.7617661167277
9.77995528767254	9.65212176835677	9.66010240911102	9.63808531709611	9.56221833526124	9.52831614459648	9.36287626055367	9.34425627958593	9.30455744414047	9.23111216942848	9.27565631680321	9.21553957075354	9.39862773993472	9.21526912459268	9.2631057347891
4.73025938551867	4.51414541070053	4.6592677576322	4.39542999186716	4.96958190665466	4.7267513107424	4.47732513715559	4.51082010034146	4.53531789465441	4.80682235691144	4.63696183214426	5.04189148326851	4.24402703753914	4.44036372885225	4.72755040138979
8.70303791678365	8.67866560770204	8.61001264283015	8.81269765860338	8.55838647367021	8.5350689922891	8.43539445668967	8.44987075037713	8.47025690791484	8.34207693837767	8.36747240417317	8.03347924345231	8.2833161686532	8.4092546675125	8.19221866839323
8.36165745923011	8.38545833606298	8.40522213502567	8.40964385108686	8.42270435325047	8.35597173114847	8.21686467498562	8.21842751490887	8.18094317728219	8.14180660462425	8.20754041470276	8.28451171283266	8.51963742862105	8.02532622957341	8.12151567705003
9.27245956660903	9.12715563352249	9.18457104768564	8.94362242308921	9.03032106451234	8.97254833641378	8.7910719817118	8.8275492885545	8.74883216464441	8.6147282413744	8.7244246733946	8.50436997746467	8.94480713436315	8.72996851193989	8.84591012734285
4.60350224323273	4.42841553667464	5.2263083503561	5.00400504981027	4.95799393237945	5.0296784436997	4.5768608107065	4.85948457770095	4.74117859210097	4.87463774113901	5.01282873414243	5.07505834720371	4.38715197963773	4.81821066882268	4.99058480722358
5.09731685589569	4.90116853380978	5.27941968681566	5.23706439619857	5.39611504477133	5.12483567674004	5.36577848450743	5.27452207697979	5.1232276794259	5.42985289846611	5.39439152887019	5.63799454159487	5.27900317578211	5.0955784256705	5.19639434436443
8.29599320825834	8.10141807210888	8.06928718214442	8.13489314206363	8.14462739276557	8.10292742573034	8.00759211709049	7.95602851760368	7.98587136194526	7.92081516732637	7.83523145928054	7.86829216101666	7.82677511719485	7.86803412988814	7.98214444442293
7.33530613228316	7.28538090695148	7.20587645045129	7.36109999912882	7.38317598906384	7.39042578747758	7.61346182514162	7.53526224160777	7.48006138926147	7.56484956660547	7.50321044325544	7.39698644209107	7.26707552764598	7.71843753415018	7.51665361889117
7.93569867357392	7.91699350097145	7.88737383016305	7.78161262847382	7.81597492750702	7.76500367948465	7.62610432972635	7.55804211026406	7.49720252208286	7.59977789990842	7.60987325861705	6.91024747745804	7.77104823472812	7.46073657261943	7.37279091403506
5.00001965454078	5.0133780373958	5.42008009375278	5.75958632214382	5.4550087338249	5.55513993267219	5.85649718387743	5.92715440423876	5.99072076160665	6.1456242703632	6.02272153890086	6.42298165062402	5.69296040916182	5.78117328949815	5.98576779092581
9.25908772558957	9.21991069797829	9.13979619107126	9.45189333642337	9.13758203117248	9.20263622961158	9.22231910507773	9.20365508294461	9.21172930270184	8.95732990452651	8.987795803478	8.84924640532612	9.03228999538829	8.98221387625175	9.05236100481027
4.52795121022556	4.60812155890954	4.81127085107726	4.97562324844045	4.82397658440776	4.88010208764919	5.14029014987802	5.12658864784379	4.82321436096698	5.49833263634888	5.39946251841761	5.42298165062402	4.79616569128881	4.72908477834969	4.94167520674264
8.68489057007339	8.63707293260567	8.80600141381485	8.65459058859221	8.78433738946453	8.77237064889286	8.81335342908781	8.78526948506194	8.81138519628357	8.76425034531569	8.79202097286361	8.90794836136845	9.05737545368237	8.64303013149216	8.71668940875802
8.90093325541325	9.00291252715646	8.8823756240817	8.95759683681059	8.78187475152793	8.85179053656745	8.69833676874788	8.65573504721404	8.62278073590475	8.55224952982584	8.53351048353132	7.99500509563767	8.65685011575254	8.52324577409744	8.44914180016517
9.02976699793483	9.0176653957989	9.1028252969211	9.16505511257389	9.13565458260137	9.04192203945444	9.04247256118204	9.03663662013421	8.98627610175459	8.95167141619508	8.96103519886318	9.08119313337581	8.99957001224495	8.92277922968127	8.94105322137371
8.52698133116994	8.52623269299926	8.42990106456381	8.58349242046527	8.33359396021327	8.41886976549174	8.15176964676374	8.05810303042113	8.11732707798622	8.05758942287756	8.07753442353025	8.29862131224809	8.38213390487111	7.90762758736064	8.04369614368314
6.62541701966117	6.51414541070053	6.8556649704357	6.81403410616619	6.91668695822253	7.01595146058819	7.38650390935938	7.29576087335413	7.3652545914298	7.65653267820566	7.43940126378775	7.61562672856642	7.58878584080739	7.19108575659912	7.50659995422725
4.71671285368073	4.55517267896058	5.02332132819224	4.77064151065282	4.87416234157598	4.86792737370309	4.51963594201356	4.50040348439612	4.58746917670552	4.88928451710341	4.7122499594485	5.44851674273115	4.41886083936507	4.63408826441395	4.6806293540023
5.39818333525523	5.04252438305532	5.18050466074298	5.09477051373345	5.3436476248772	5.27068654320349	4.90518667679202	4.89172491470116	4.84480122317513	5.34207693837767	5.28903852872396	5.47360772369399	4.68320144269949	4.77775862508538	5.09268299484232
5.0548815895753	5.09910791142168	5.27941968681566	5.24501314931406	5.14334897439137	5.0296784436997	4.94919385903111	5.0713591271234	5.11732707798622	5.43485357952448	5.34793221777753	5.3160664467075	5.12891856006776	5.23158511887888	5.26161200381091
9.67485514901294	9.6154140514759	9.62334116745295	9.46343666844756	9.45397786915733	9.48213810172929	9.26336133788972	9.30775840645372	9.20791677304771	9.24470235707064	9.28047448220052	9.18358280398188	9.50100988071894	9.19461117109356	9.24356554839346
10.4407761763477	10.2929807228096	10.3330021415599	10.27152139157	10.2386150531099	10.1296239155891	9.90658241531373	9.91691037274195	9.88007669792266	9.76623547812411	9.8244317388925	9.5886065146327	10.0556430539928	9.66260187600356	9.88167990217998
4.41505715381962	4.60812155890954	4.47423586379969	4.71449843261528	4.87416234157598	4.81817433850599	4.63190217426447	4.44716146311914	4.54414174504142	5.08647638431472	4.87400102944511	5.42298165062402	4.47272771134381	4.54047521364246	4.58194507914289
4.4806454954472	4.44306231263904	4.93780325700619	4.69141481950224	4.74526460839372	4.65770966631274	4.49439865051453	4.47934186886829	4.63780085225566	5.02811222180073	4.81450001769645	5.28805207053791	4.52465550338767	4.82484376115513	4.56912103878531
4.38110982189629	3.96345281206412	4.6857399689934	4.38107469889009	4.69029814917579	4.75346864911817	4.32341245370191	4.31074226489254	4.3158727573683	4.5637086452009	4.59337256359658	5.37051423072988	4.32156363801016	4.61890186059927	4.79518911826515
5.19824576474648	5.0133780373958	5.16176809816139	5.291807360793	5.2984183708842	5.20445284480341	5.15647007693345	5.02123564769756	5.03833878183939	5.39947924942259	4.97935402959134	5.68171591902419	4.87829245800237	5.22156636305389	5.16264555300989
8.80417569493106	8.73703317797863	8.64668969155274	8.94484297734212	8.78761438131276	8.81342080853535	8.68817039391121	8.80444887442316	8.72283695611146	8.48814533931724	8.68758790521423	8.45797707198022	8.33357093943289	8.73349804285235	8.48029899279693
5.77015211264218	5.5618985421489	5.8172695916987	6.15507102400126	6.12273869471608	6.13503144384593	6.71981876454855	6.72950092961046	6.76401856845908	6.99294321870976	6.82396034694552	6.63799454159487	6.21497100425505	6.69328405692185	6.5819450791429
8.14234443082564	8.07580053792962	8.19555095479059	7.98870091973558	8.09787530766448	8.06610185194957	7.8810473232066	7.9213095817641	7.84658563285331	7.86448112610284	7.81260048478097	8.17021558024405	7.87114685131484	7.92239270722996	7.88459411153537
6.24145783156777	6.07580053792961	6.343172108047	5.87164482933629	6.14334897439137	6.18004117876349	5.91155620166774	5.93877348750559	5.92129936064917	6.05109078557882	5.90642250713749	5.8444454190623	6.1807011021703	5.63030662387152	5.74475969142201
4.93130690445676	4.47191717531123	5.25310840969981	4.92704306799538	5.32572571687993	5.21410301483713	4.65486332270778	4.94646787929559	4.62121796806006	5.00812074661326	5.09639345078156	5.7653738480711	4.7090800745251	5.04534412315037	5.09268299484232
8.59519761181531	8.57359387578127	8.45512704085198	8.46343666844757	8.37666268210516	8.34283632895933	8.2661599712424	8.17077750362633	8.24998482171184	8.20097550336439	8.10495546428498	7.92850968385077	8.01747978456781	8.25571826003122	8.15193507292789
7.14107724142411	7.04011788534822	7.10895139971794	7.19254572941993	7.13050209483576	7.15270247017298	7.1510969048346	7.12319805864302	7.17100819922447	7.12411404167809	7.03580729792053	7.05857022441514	6.97344969104271	7.02100030417062	6.86505392513972
5.31072049400489	5.19740998503349	5.51909009958394	5.5251210685068	5.74526460839372	5.59999416845645	5.73605940555576	5.66334205552233	5.76401856845908	6.34473628482816	6.19008824574342	6.38381105334334	6.13847286678102	5.93930248574004	6.03322914463208
4.85915711870093	4.75622019789868	5.02332132819224	5.21295194008176	5.26118546468522	5.33401247857232	5.1510969048346	5.15343026006243	5.01947975458808	5.45468475144605	5.35838657541469	6.07505834720371	4.86684243725883	5.15469151933873	5.1796186316136
8.58591382790709	8.58189001733636	8.50243275563034	8.77956188890906	8.58405618949236	8.65947659248693	8.59081926829642	8.54732975893009	8.53365739758921	8.53197442141374	8.56600884140495	8.42940791978345	8.32940581191802	8.66860637819818	8.38381793618408
4.96607232261744	4.76790200294631	5.08428934548367	4.73721850911537	5.17372262343488	5.14515566111963	4.75034363156201	4.78419645039671	4.65419529050633	5.02147912946828	4.87400102944511	5.07505834720371	4.40309352350676	4.64911647364628	4.87029057350587
9.10773347184103	8.91895947226032	9.03687998509725	8.84312701768652	8.87416234157598	8.86486757395403	8.68863405936302	8.74778066594637	8.63263914713988	8.53953847807629	8.61260511900707	8.5727287701287	8.83377582197441	8.52579245620779	8.59702703535519
5.64700388186932	5.24833392019616	5.63230071003194	5.72021208380968	5.66913353917775	5.70638351304843	5.28468005921319	5.39750357681183	5.35651474186565	5.63496732837073	5.57556128748012	6.10747982489609	5.19907963148516	5.54047521364246	5.57554730794474
9.48214752061243	9.4620632745691	9.39623335179841	9.36566404925255	9.31668057727693	9.29760007103135	9.08676774270405	9.1163928807379	9.0422369064506	8.96599216435877	9.01572114962831	8.78555173000873	8.85963975110048	8.93662551604256	8.83523827070416
4.2176110896134	4.25664918840816	4.87016454013082	4.77064151065282	4.79821348834268	4.47713742067092	4.34239555706948	4.32261636518084	4.67040551768759	4.91097958820273	4.55752736464986	4.86355424201	4.58179941049128	4.87044062759524	4.64440916608954
9.99090417559738	9.86729223619861	9.79957682803208	9.69577122454638	9.75199047158203	9.7271725970765	9.48161249555869	9.53302822605547	9.4860839794327	9.49474532814112	9.44063170739401	9.36717078765551	9.63655518040019	9.2959596107424	9.47472293842525
4.91952973668041	4.81370569255944	5.07430525691105	5.10354072336118	5.3788370533395	5.13503144384593	5.07936115123569	5.00658887173316	5.06310668698833	5.37367006307299	5.33740155028536	5.8444454190623	5.27467725037932	5.54449947020125	5.44124621623315
7.66827249862297	7.69634874192128	7.57680559744023	7.90212543579105	7.55454440737582	7.6960907580406	7.60070755266087	7.45392516533844	7.54633930074566	7.43983698703874	7.44554301440395	7.44851674273116	7.20931558720942	7.51506604961473	7.44300452850551
8.96678776773049	8.97483757554374	8.94945730740368	8.9058906272476	8.89330158540405	8.8370333657573	8.54187545275717	8.57427338102248	8.54579022555696	8.41790634696924	8.420817558473	8.49214367513142	8.66761345722971	8.37520224608092	8.5241481554381
5.00001965454078	5.05211043188451	5.1235487759309	5.031839258007	5.11232207877074	5.05137351479902	4.9304977653212	4.71380712250531	4.86606983992878	5.23720782052372	5.18128234836808	5.61562672856641	4.76566360289146	5.17040160242739	4.84922895797804
7.69096508448307	7.77225840799045	7.81876538762418	7.78978655991952	7.88031456855757	7.88916617007743	7.88509870200182	7.80339001563002	7.82593044907557	8.06405891820712	7.92500393287922	7.77549806534481	8.45897184313557	7.82649728000764	7.9953857934874
6.50449223740157	6.32545834632681	6.42794221152575	6.15084643813954	6.35694444749066	6.42822782018998	6.12666686601404	6.17323874114261	6.18094317728219	6.28506745930231	6.09639345078156	6.15478553967444	6.17838723633206	6.19876649368075	6.30479793698294
4.09731685589569	4.33726764861645	4.36381187410603	4.67973301445461	4.99248230876474	5.04056675984243	4.69971755849204	4.79275846390013	4.98748964034364	5.06082779694411	5.25026895855938	5.34354718312961	4.68971474965817	4.85107530272831	5.19639434436443
8.96177218518381	8.87844845730969	8.94261339020052	8.81736981872945	8.78761438131276	8.78618422426155	8.51074813869304	8.54416386992453	8.53863316621877	8.46449904127301	8.53523929744808	8.60431141533858	8.94548765090449	8.51865038696377	8.44826664391092
7.59241874410372	7.54162614712264	7.72455921788392	7.27831512446489	7.58311355957259	7.63094275674996	7.43262908294496	7.47402806897182	7.39726108420895	7.53255768200017	7.4782640861252	7.84924640532612	7.77258301683125	7.35013108521633	7.62904485643737
8.88512480302747	8.87777477294494	8.77628549312792	8.79046563502779	8.82875636252109	8.81975537432547	8.60513526470168	8.51470702242562	8.54028794947137	8.447898489008	8.46985184630901	8.37051423072988	8.19793780709561	8.50219165540651	8.40742454913641
6.07625524036786	5.9222301493376	6.30098503665059	5.94667187474432	6.19362218087259	6.11456734128621	5.76800229805851	5.90757886590199	5.5040023541882	6.0114719561129	5.9028558921173	5.37051423072988	5.78099525664746	5.34667828331082	6.01915395942035
8.77424486727607	8.73256892983403	8.87448614608092	8.57484644228677	8.66111607157386	8.64706242211323	8.54136212948512	8.47402806897182	8.46909904666417	8.48392957122191	8.47526534249537	8.3229858606473	8.88929867510058	8.42243507170447	8.35328846329844
8.43380724498595	8.39678846006237	8.40023528235591	8.47952794519936	8.40787475823381	8.31508066256194	8.28651905887698	8.15592124492454	8.17811158649903	8.04456274258132	8.00370034852567	7.82508009419536	7.96877103728452	8.42134129224276	8.04832387833566
5.87143544847937	5.53480488126662	5.84101819447131	5.86650152606033	5.91068821760109	5.90414756161584	5.66997021509799	5.80973154250385	5.61285449512543	5.9776043200902	5.77602586988182	6.30212725574963	5.74078893425244	6.0955784256705	5.85979819968823
8.9603359530683	8.98987884166692	8.89731859163455	9.15928327528818	9.00520581638538	9.0378523751454	8.93206506046816	8.88723441985393	8.98344053569049	9.13490924467758	9.01282873414243	8.7057391482307	9.44074606498616	8.62271347454929	8.83389872089493
9.74075481257838	9.56524975164853	9.69595016759562	9.5881866600978	9.54682944224781	9.54370503760991	9.25587166478876	9.30925110709479	9.23371365253736	9.14409841613224	9.24358736080859	9.04607928023194	9.54433046441472	9.11092457600396	9.20159700070909
4.90765563639212	4.73256892983403	5.08428934548367	4.95638702957753	5.17372262343488	5.14515566111963	4.79236684645771	5.11297821632513	4.92805672682448	5.39947924942259	5.23332909613767	5.70308956981675	4.70265380536566	4.82484376115513	5.20470961257643
9.82878346965741	9.68753426744641	9.73132590588422	9.57799643271042	9.54586216427601	9.58659085046309	9.2929371598885	9.36844315103328	9.27504674390956	9.06607470034433	9.1571595541679	8.97537628888874	8.98375588679429	9.31434191708697	9.21400735715852
9.00490423733804	8.96218227473771	9.0207242167062	8.94849845659737	8.90541878033868	8.92706556661977	8.7445577112567	8.66800343289219	8.72283695611146	8.67988807487169	8.73248444318856	8.66002084792487	9.07831388419082	8.57825987610192	8.60647188113964
7.67354101953915	7.68252824733443	7.54462519169108	7.81670329294218	7.56604004621365	7.62914051411597	7.75300625004936	7.61708646456145	7.63160458629176	7.6682576377912	7.66881069818361	7.55814123390565	7.35882325657924	7.88161817690672	7.49816804804599
5.5812494363856	5.52795121022556	6.04903849830062	5.63203627242331	5.73850724221841	5.85564904392465	5.73246614083175	5.70929164138282	5.48579775881061	5.9181393797756	5.87763960650846	6.55814123390565	5.70587051804921	5.89900977979201	5.77857440441426
4.07625524036786	3.81370569255943	4.36381187410603	4.22907160544504	4.04819174135102	4.0076521373697	3.69971755849203	3.96173463594889	3.95477406520026	3.97417341468992	3.9450841275066	4.74490974551138	3.53915507308278	4.38757631449282	3.66865671233622
8.58218352190926	8.53821954567938	8.46757652768547	8.53244647514405	8.46322924062987	8.43443296971668	8.15647007693345	8.1078410178731	8.07457187348179	8.09281791118854	8.10805636830714	8.21181648471083	8.34805491234055	7.94692371339931	8.14114448379896
6.2271971384426	6.04252438305531	6.19439910240136	6.28796529449861	6.20836876624178	6.13503144384593	6.05079199903892	6.0321239638403	6.08745654840408	5.9181393797756	5.99953191152897	6.47360772369399	6.36290443339105	6.19621078877699	6.04716833558995
5.81534088640844	5.66545473397549	5.93228625203862	5.59519950424294	5.86798376664685	6.0459802560288	5.82647470077798	5.85948457770095	5.83404816687825	5.9181393797756	5.78767622962074	6.28805207053791	5.84949519369493	5.72554442064445	6.00017085605278
9.08550755360606	9.0170536955392	8.9260542983271	8.84770181893159	8.80712154103406	8.76664403786591	8.59824182818288	8.60983672548207	8.53310347358897	8.46816225536359	8.53177959545221	8.22665152587376	8.70063971172445	8.44198261255407	8.54312583025236
9.6532396836655	9.61096191006922	9.52460008097622	9.59091792941559	9.41159647221455	9.47412867079858	9.24739904313373	9.2024506623591	9.21691202306737	9.03182997772152	9.06282711431414	8.79304626655565	8.82972692393487	9.18433140341718	9.03614426997406
4.74367990128099	4.67168668768701	5.14278499479382	4.65608174638996	5.19362218087259	5.27068654320349	4.68492055656396	4.80126996375565	4.75644534875428	5.03471495662498	5.07119289665642	5.95547673145104	5.05011699236017	4.76401856845908	4.85979819968823
4.17861695799754	4.62106061461704	4.50429309765587	4.70300279377745	4.93453495955546	4.79263924639885	4.41592459249144	4.47934186886829	4.20895755345179	4.54533011588605	4.36358548208901	5.25948291834114	4.19907963148516	4.79136905660404	4.50323310312885
4.71671285368073	4.83607350558789	5.33064501017084	4.75958632214382	5.15354474149725	5.05137351479902	4.66243654241258	4.78419645039671	4.66232317138973	5.08010685943899	5.25026895855938	5.61562672856641	4.82011138691384	4.41421144099628	4.98093463718987
5.21761108961341	4.91173777551996	5.09420481434875	5.31464733715112	5.41318855813028	5.67178485152446	6.09623496980008	6.21842751490887	6.13787445539031	6.77956414986701	6.82960691008666	7.1074798248961	6.75172441193359	6.24895225084897	6.61974711185527
9.83271345040656	9.6693528585867	9.80675536995476	9.41317554205711	9.51752521794501	9.47963992787409	9.26678115318564	9.36090572976872	8.9377153237906	9.05353120630321	9.15153500497402	9.10145603726832	9.35242321484886	8.98776626940754	9.1647781403027
8.90765563639212	8.83676694229477	8.83363866410571	9.02030686213937	8.91219024276632	8.88464124726436	8.80482431739496	8.76474408773054	8.77717679033837	8.75378334626463	8.7524390495642	8.63799454159487	8.91245526969117	8.62509062954566	8.6428800774028
9.3583897453962	9.23577045873225	9.2810483173264	9.29993793616469	9.20959087138973	9.21770525151732	9.0087065976719	9.01895686813535	9.01789698422539	8.84723662535735	8.91485804610407	8.58717028251719	9.09036344702888	8.88281065117841	8.85782235590865
6.11291371094671	5.99858103546772	6.24867616338455	6.64110035485155	6.51949746027661	6.57774136160933	6.84655894682131	6.85131064625525	6.80497524268194	7.11790889215137	6.98611139576666	7.37051423072988	7.00773839008962	6.75014639387753	6.89104913367267
4.03318651847598	4.08049223325434	3.99184309671908	4.54457343117297	4.49565071832224	4.5551399326722	4.06228763787675	4.19923394967555	4.30553081314684	4.6777804119097	4.15153500497402	4.82508009419537	4.12411757380394	4.02244372104028	4.40562230650243
5.04407483461872	4.93264676528294	5.26193226008682	5.33713135130249	5.23261631248845	5.49307896453994	5.13485626382739	5.02123564769756	5.16386966392325	5.54069866715441	5.18128234836808	5.72415118534458	5.16208542400296	5.47872420255101	5.31635496840534
4.64700388186932	4.13563378744679	4.60481997360983	4.40964385108686	4.52735957804959	4.65770966631274	4.28468005921319	4.19923394967555	4.03207979136771	4.64363218949786	4.35316886614368	5.42298165062402	4.02458190025303	4.30458694982179	4.63213083631111
6.77342724467504	6.54841531278527	6.86148229703102	6.6797330144546	6.89861538530052	6.93072816071916	6.82647470077797	6.89371621252024	6.79761453773069	7.00644221816226	6.82207323740125	7.25225134911006	6.42277588936845	6.25633178121457	6.55942764258146
6.54721311238619	6.4394145356239	6.51540505277609	6.22907160544504	6.52343387483579	6.58519716652837	6.07084965138017	6.36342258156872	6.18940475603039	6.36321570543583	6.17242237144785	6.51044449187436	5.59226640954235	5.99917394171744	6.29704149334851
9.70775331110174	9.62628413669481	9.75417627771435	9.5756345849127	9.5337161501129	9.52153154002937	9.24045844568897	9.28404233747992	9.20270157864385	9.11557506305107	9.19410638872566	9.15865854882165	9.47060175838145	9.10378334849223	9.11104734554515
7.66651204075854	7.67168668768701	7.85274748705341	7.60758322869877	7.8477186732816	7.80066762015479	7.50707248054964	7.41978502418784	7.47314750203129	7.48994833272943	7.2176241954318	7.28096264575159	7.73055980193555	7.14809482270181	7.43242236584614
10.1206493597263	9.99796118796479	9.99713739638859	9.85939941037512	9.7810529371845	9.83859387974492	9.56428274462703	9.59736684776852	9.53088564833915	9.30773345103139	9.40167548374386	9.20246651652824	9.62746630897145	9.49960293222693	9.44695291332305
9.3124101624091	9.27876186039061	9.18746860849274	9.18533481452483	9.1510025469348	9.17449115893827	8.97222832984522	8.93780879670342	8.90939727159288	8.91545862017945	8.88308032335597	8.94654360668103	9.27575994839703	8.73833709158789	8.87290178696241
4.54338125079516	4.33726764861645	4.6857399689934	4.67973301445461	4.67622296396407	4.77970019069135	4.53621882620916	4.38056371439012	4.39604310605228	4.65224531980256	4.78380322047354	5.17021558024405	4.38715197963773	4.76401856845908	4.80616023608616
8.74618240848416	8.76717465478828	8.74121961521745	8.79656296993979	8.69466863128489	8.70296074740764	8.461133103653	8.37487260231226	8.45571641957275	8.44604213656544	8.41894595383313	8.22665152587376	8.90792342217312	8.3604401845553	8.40832482688225
9.52066117429508	9.46878913775741	9.42352504346615	9.4506050240524	9.29496832131443	9.33567106665409	9.04898750219217	9.0298623313958	9.05348226809993	8.9332369725855	9.0161338788661	8.90564557549903	9.25669441647395	8.93125662877983	8.92730125810563
9.3741155752934	9.3298981704388	9.4599280271158	9.2705482414212	9.31156765388327	9.27990507323287	9.22902858364372	9.09923815969883	9.16958331511764	9.33540704651182	9.24288223125355	8.97097782499123	9.74470398425581	9.12241213819517	9.18645730824066
9.54625610071535	9.53095369838708	9.30792493367075	9.50043087592977	9.4384258496293	9.4945644924291	9.44640324754272	9.40485267599249	9.38564856407636	9.38048979346671	9.31308682539133	9.04816862895467	9.05138195959674	9.34466032608577	9.25911901020475
8.58591382790709	8.59013872500417	8.48558083739369	8.60140465376965	8.45912484229713	8.4323675505509	8.29567905816245	8.24596820748852	8.2600618943998	8.04374465634398	8.15603639720896	7.85880071203937	7.92734461023887	8.3397477894022	8.07917873049257
9.22839092836665	9.2410185366944	9.21328805953268	9.24600367117988	9.1018297049531	9.09837530778363	8.83822446355578	8.84309013945028	8.8461397373032	8.57224364371391	8.60219641398359	8.47671363456181	8.53418726556032	8.84782232493322	8.67913819620454
4.2176110896134	4.30555878888911	4.63230071003194	5.031839258007	4.4467411178413	4.59999416845645	4.65486332270778	4.68649977650958	4.72574855153136	4.79130935754012	5.10883055401979	5.17021558024405	4.53192350385171	5.00502666796288	4.89104913367267
4.73025938551867	4.72059628816795	5.18978247433098	4.98514602255895	5.17372262343488	5.1947376899702	4.55261326445983	4.82650725525467	4.67040551768759	5.16079470500455	4.86669622882188	5.56982303895329	4.63676586970921	4.85107530272831	5.01915395942035
8.78888338674252	8.72209831333318	8.66593148791322	8.69722044118345	8.69466863128489	8.70124631459639	8.65010979273714	8.48859418210649	8.5659681074946	8.5406986671544	8.50732655172767	8.24498334864602	8.13787757275941	8.56346287417385	8.54312583025236
9.56716509047833	9.53138211562583	9.40621744037103	9.65421755819817	9.5346916031865	9.54226928193571	9.55541239144247	9.46065730560336	9.47862372592288	9.38372598827566	9.43601212278445	9.30911368606574	9.23152647279145	9.36784009643155	9.35655723481697
9.50891994944238	9.39207838392024	9.31377119160644	9.28073372526753	9.30128712315355	9.30890208763282	9.20524559171879	9.17937352731471	9.17136420047018	9.14829063819445	9.08148376911422	8.96435488279749	8.87186300672339	9.15699325550474	9.15676463122937
5.16870148913246	4.83607350558789	5.51909009958394	5.38107469889009	5.41318855813028	5.38616376062343	5.24991464105252	5.36342258156872	5.34140784947544	5.60422380493962	5.43446896824552	5.99066615991334	5.45371959657672	5.54047521364246	5.52331734917218
8.90392484806817	8.93847322838191	9.03172979652786	8.75958632214382	8.85242056242191	8.79746162985569	8.5773616595367	8.53015082779017	8.51806656228295	8.51022631493013	8.43323325507285	8.73716024590645	9.00022518711584	8.23283258548569	8.51498286590666
8.8926742448537	8.80096970463197	8.80222571147425	8.74634729865462	8.71374300222507	8.64081504749689	8.46276050939905	8.5422609964358	8.4492718827855	8.46999038026403	8.42703876277004	8.28096264575159	8.57477898281351	8.43278482565437	8.32591560671343
4.73025938551867	4.35286450366747	4.42794221152575	4.50540283389229	4.91068821760109	4.85564904392465	4.8398952165403	4.85948457770095	4.99394466248094	5.08647638431472	5.27255040593539	5.23033657268162	4.69619878322836	4.73613953588364	5.06554686490481
7.33308830703335	7.32743328851187	7.24645492346788	7.33898929752307	7.27526064989695	7.23558274224758	7.14164542949003	7.15675061835404	7.2131131829431	7.03800502655916	6.9708625686977	7.14700818908272	6.63170081462635	6.86883674189265	6.978511974923
9.47361529337967	9.474592962862	9.52368321088442	9.43375142319367	9.38155041701479	9.40524450218913	9.26024536466787	9.21564430740761	9.24051562195444	9.15890710164632	9.22406960469698	8.91712292354896	9.57389902240752	9.049243780384	9.14708929290357
4.51235435517454	4.15355569544406	4.60481997360983	4.21295194008177	4.55838647367021	4.37760174712001	4.0392040247637	4.23736907856232	4.04457073555091	4.38921091396877	4.49257192280909	4.66002084792486	4.02458190025303	4.25633178121457	4.41997759947949
9.12834375151632	8.99734107403265	8.99911776051683	8.83788084812056	8.80064841725973	8.8094475340854	8.5180714794989	8.59400285144841	8.51077028704208	8.3520243120146	8.45653270391151	8.27026275709438	8.54005647582432	8.48344833097376	8.47257255042705
5.66121774108902	5.67168668768701	5.99713739638859	5.83525059207589	6.03722062353002	5.77318688373268	5.78544743251792	5.70021805775736	5.75644534875428	5.987848351587	5.76034424764955	6.24498334864602	5.58878584080739	5.79812642277935	5.56912103878531
8.13089945642007	8.16685251805752	7.98519778307706	8.32405829707719	8.28224708021305	8.28563688466947	8.21557827718226	8.26070158239295	8.18940475603039	8.09518881565129	8.06960314989403	7.91483474695369	7.83414334077423	8.01666136844628	7.95405893119847
4.79614732117513	4.42841553667464	4.8930649422409	4.85615958183887	4.70423734013366	5.15520932578356	4.85319203915376	4.80973154250385	4.96137680002451	5.44975245590382	5.26145269705206	6.05857022441514	5.27467725037932	5.41421144099628	5.2695607569264
9.10903027645949	9.11748644073654	9.1186993762695	9.083732242281	8.95944752952095	9.03308987834884	8.75433571877273	8.77504328825306	8.79114296950237	8.70701112323345	8.76182166205504	8.55226466756899	8.99135512248901	8.59144864785847	8.63444099699831
5.38967183539971	5.26491680439176	5.78702330483058	5.72590319588753	5.57365323032352	5.68572404248234	5.41592459249145	5.51600033944714	5.41540843091921	5.61747990164189	5.60219641398359	5.95547673145104	5.51000872742327	5.47872420255101	5.63213083631111
5.22719713844261	5.42841553667464	5.42008009375278	5.60758322869877	5.74526460839372	5.80546328675643	5.67746475164491	5.69108704600523	5.72962156067857	6.2599278970238	5.89210283582042	6.34354718312961	6.24181261647369	5.84129428193572	5.84922895797804
9.51480250617926	9.39349302208642	9.59873814269019	9.21851341374646	9.36683725224909	9.33179805750688	8.980961607189	8.99920934136756	8.99072076160665	8.91322084240662	8.92895472048985	8.79055241106709	9.43905573668395	8.78882686204159	8.96633726097691
4.78320826546763	4.54162614712263	4.82324349274333	4.55739747153055	4.6037104641797	4.86792737370309	4.56074114534323	4.44716146311914	4.67040551768759	4.82217032124488	4.9725648639287	5.17021558024405	4.37911466057231	4.96355003198672	4.97121948235665
8.64163737211951	8.5424765421021	8.74594460319931	8.42546881824855	8.6449462194038	8.66740108929132	8.38077664879733	8.34898106918024	8.32678044361517	8.49773537074694	8.40577629234981	8.38711619806701	8.64642446667533	8.13947377405047	8.37002093870561
9.64834239599739	9.65251567826799	9.59481481186379	9.5550016308899	9.47089365589832	9.48662394240264	9.24361740259131	9.16047690981233	9.18553269186642	9.33774501791971	9.24499658684581	8.97537628888874	9.67193753038165	9.07798646900257	9.11160020818495
8.89192107592985	8.66389253020521	9.07555705312051	8.6789997513939	8.9114394256581	8.83312467997196	8.51127246907892	8.62009646991138	8.48178469630399	8.41601097331248	8.45226887759226	8.58429352176162	8.85493864767225	8.37971419671985	8.60333046445828
9.05420853379407	8.95325704495823	9.03430718897913	8.82997565003522	8.85085496808391	8.82212368408996	8.64055548602389	8.68304972693981	8.65011411369452	8.47546089676946	8.60494283598355	8.44217521585733	8.70867927023279	8.58022139243521	8.57554730794474
5.46452583008392	5.62106061461704	5.71173517752634	5.84574296589354	5.94043556099514	5.9965115797645	6.04790371971409	6.04293071879688	6.15525653361854	6.29884688631611	5.96574359807269	6.49826977792825	5.86971347311359	5.63030662387152	5.96143846156407
8.03727927310986	7.994857949425	8.18515102559934	7.74003352472242	8.06584375971306	7.96970278314238	7.77936560159828	7.74612840956319	7.68842692532563	7.81451674870144	7.60877906437356	7.92396575870582	8.0342106014508	7.24277367591984	7.58990260092181
4.9429887095044	4.74444303012232	5.11383362109768	4.71449843261528	4.98107754549249	4.96256424784116	4.66243654241258	4.75820124186377	4.69438438062203	5.09281791118854	5.03254696875693	5.80545128744643	5.22621576142268	4.96954877260816	4.61974711185527
9.0270255338493	8.91239578923303	8.94192720943092	8.88187675194725	8.83193410618668	8.82448811243819	8.6188241038102	8.62968650134109	8.6269398596239	8.47970144791667	8.5002631592051	8.31953030201108	8.76681914563717	8.24833558273063	8.54558287604788
8.92395744872122	8.84781683865603	8.82919275907452	8.86069330735951	8.75534168108167	8.79585595908239	8.68492055656396	8.60255037140357	8.58051641606375	8.60588749342791	8.5894950933085	8.51044449187436	9.07116026687336	8.54047521364246	8.55129976169806
4.75697672389445	4.5685931947229	4.94877437482719	4.80330769957314	4.99248230876474	5.04056675984243	4.6472501385979	4.6772812464802	4.68643562750654	5.14867114592206	4.6709091640676	5.49826977792826	4.50262919705767	4.49128766401492	4.63213083631111
6.02221540065497	5.86355424200999	5.9542288049193	5.78161262847382	6.08594666334644	6.0187073258787	6.18040473716939	6.10612454528407	6.00357336367872	6.60644163018944	6.42455349938044	6.93755482345378	6.51735070276444	6.22658443782052	6.59465613089244
10.0177344424399	9.83190587137266	9.79502453908783	9.6709091640676	9.69117330543004	9.73766497089414	9.51232055851179	9.51470702242562	9.38319186694651	9.34074542463213	9.34366340038473	9.37883909538082	9.08635809783972	9.34408324806172	9.40742454913641
5.25557893981243	5.1356337874468	5.45127471535637	5.5251210685068	5.42165013687847	5.6219089448849	5.86308484391219	5.90757886590199	5.95807920992393	6.05758942287756	6.15753374559547	6.37051423072988	5.76566360289147	5.9270241559616	6.11491294222578
13.7451141603894	13.6244028347031	13.7373444194056	13.5666439549795	13.5466481270207	13.5123030846649	13.3725036734382	13.3942765363372	13.3344505036019	13.2227109615175	13.2574653327244	13.1580540760928	13.4796742304495	13.1265706715675	13.2331555577617
13.2642985818373	13.1874205065168	13.2107624132352	13.0515893268205	13.075846462985	13.03759763955	12.8790427515821	12.9503595330428	12.839826696865	12.7098503128876	12.7762695477881	12.5964803349461	12.701848505294	12.6110983992191	12.7750015418062
5.02221540065498	4.35286450366747	4.98119585251957	4.49210601127884	5.17372262343488	5.18495666917761	4.70705953383321	4.59155137245431	4.43451725386692	5.04783045641524	4.79923326104314	5.39698644209107	4.46515449163901	4.49960293222693	4.88070718945121
5.03318651847598	5.02315905818838	5.27070246971455	5.12953593189413	5.11232207877074	5.27068654320349	5.11843071591428	5.09923815969883	5.13495697200801	5.60422380493962	5.47346309986139	6.15478553967444	5.24402703753914	5.60740622176144	5.40562230650243
9.11485151518821	9.05211043188451	8.95694830627289	8.95032272875727	8.91743505004168	8.94020761637157	8.7338146641026	8.7900882890848	8.70376699311288	8.6602736935585	8.68031467030206	8.71102375135897	8.64013272080761	8.74534685960074	8.65809852063764
4.13853951862221	4.2060231153382	3.99184309671908	4.55739747153055	4.25172513543616	4.62914051411597	4.37962846326846	4.31074226489254	4.2526789308811	4.49833263634888	4.10262540449307	4.20058922928757	4.32992711094479	4.64162193709936	4.59465613089244
3.34634440373561	3.1356337874468	3.11383362109769	3.35192835323058	3.28919984085482	3.68572404248233	3.33293522782041	2.88373212394763	3.20895755345179	3.23720782052372	3.22192433286542	3.20058922928757	2.62321933787126	3.37858753126556	3.51665361889117
8.66827249862297	8.68329953580022	8.82324349274333	8.71592896822172	8.5679471119783	8.57306184066946	8.52431917619568	8.55552870363378	8.54359183268832	8.3994792494226	8.42019396000169	8.51044449187436	8.82085332318162	8.4944115087018	8.56104773824963
6.5005450528849	6.24833392019616	6.40422614255194	5.94178965336457	6.41318855813028	6.23794975679149	6.20394878710034	6.30177211138799	5.98425126627709	6.08965063210986	6.15153500497402	5.49826977792826	5.83193682231063	6.13347503342902	5.98093463718986
7.01669839568742	7.10832644145106	6.83807091042097	7.06813538722998	6.83984797705064	6.75677379384184	6.94454250075949	6.73839276078359	6.83764143160226	6.68199266319662	6.75441941369244	6.99933102104047	6.51918037332152	6.8363787915216	6.57554730794474
8.38539718029938	8.39113452059518	8.178175854683	8.50788240203213	8.18743300346579	8.31171381146355	8.31202190802596	8.23658479202989	8.29576744377861	8.06889207194307	8.15603639720896	8.13918868462343	8.12591981643793	8.06087990269639	7.98817830951649
4.15871740055984	4.33726764861645	4.33064501017083	4.59519950424294	4.27058416268747	4.62914051411597	4.42485771726145	4.24986002274552	4.55291195466915	4.81451674870144	4.60219641398359	5.42298165062402	4.54635057448699	4.90214948732257	4.91151323623238
9.54002000271581	9.52322035326615	9.52597429448628	9.44414614873277	9.38588121213454	9.36520414198779	9.14096794882912	9.10569510785245	9.14695374930117	9.05027639377572	9.09209331334794	8.87772157393659	9.3841432297654	8.92817969870731	8.97972381459181
9.167457250124	9.16353978401668	9.03944820124655	8.95275150886102	8.98679119668688	9.04935340472676	8.69326253635474	8.6738090545734	8.68543894695506	8.57620942877002	8.54614060434805	8.8005020714747	8.36341376968616	8.73569962277126	8.67764549556348
4.75697672389445	4.44306231263904	4.6857399689934	4.60758322869877	4.58876012271373	4.83077437528562	4.30417623483899	4.45796821807572	4.3158727573683	4.7356613279902	4.41456941080782	5.25948291834114	4.38715197963773	4.5242649864612	4.4896865712909
5.10773347184103	4.68407041214284	5.15230776891232	4.90714351055768	5.16366895877096	5.11456734128621	4.68492055656396	4.6492668703106	4.62121796806006	5.11167693843986	4.917069751337	5.61562672856641	4.51735070276444	5.0955784256705	4.9013174691265
9.26317055236389	9.28232973547745	9.302054888417	9.19972078171263	9.22840230353107	9.18004117876349	9.09728305923295	8.98946606720417	9.03755789140577	9.16418617982432	9.08817294397659	8.94878207887703	9.3372055878503	8.97998692179739	8.89619243694863
7.88663785512304	7.8402291350792	8.01942390563045	7.80465286987188	7.95508233695955	7.86639828501634	7.88347951547845	7.82546446876844	7.8739654238608	8.13490924467758	7.93464238078495	7.99066615991334	8.34702515138257	7.85432096223196	7.85452325764755
5.66827249862297	5.58849275216061	5.76856640012302	5.60758322869877	5.66200910474437	5.57774136160933	5.41143720149913	5.46334139017457	5.30553081314684	5.46938126265275	5.23899784622436	6.04189148326851	4.87829245800237	5.20640655588288	5.11049427095878
9.39180442269252	9.35673751281467	9.32434043331663	9.19665012775266	9.30186018971159	9.31620120245586	9.37416206810019	9.30738498984988	9.29053317031489	9.2525122410296	9.21977586628684	9.38876593528611	8.97611641091639	9.19812799177128	9.30769588581317
9.3375205533486	9.22415704406343	9.22687179306621	9.03814300009167	9.12014158323004	9.10097827653826	8.82857990331246	8.82494279274002	8.73685554729207	8.75777973397492	8.69224426764545	8.61844174417347	8.53373479729853	8.77562034836241	8.7532879628034
7.67529292630074	7.53480488126662	7.56615835324072	7.59052806451904	7.76534885443705	7.72843571845375	7.84156403690092	7.88673461210915	7.8510370249713	8.06405891820712	7.97681183502889	8.23033657268163	7.48120033299883	7.64911647364628	7.87811007796517
5.35511461336334	5.02315905818838	5.44353906657677	4.73721850911537	5.3436476248772	5.25207086503614	5.17776485529668	4.80973154250385	4.89394887250422	5.31521033252499	5.04554430928581	5.82508009419536	4.83193682231063	5.05101287323706	5.31635496840534
9.91694061528656	9.8628735649316	9.84836016981247	9.82600674783227	9.79088394654419	9.72548671310915	9.44804734463334	9.52502124001855	9.50569731624832	9.36354355341835	9.39819644107362	9.20621377848145	9.66265573743375	9.24246405148666	9.40110682537993
5.91952973668041	5.67168668768701	5.99184309671908	6.05010146439972	6.03170361856246	6.05674668689787	6.37732934717887	6.41146975597583	6.35149666709902	6.82026073123624	6.7102108141749	7.17021558024405	6.27467725037932	6.51609105501549	6.51998933145442
5.31072049400489	5.05211043188451	5.39623335179841	5.24501314931406	5.05908005749376	5.2981672796256	5.33767314682708	5.06430436958945	5.18658974042334	5.27673618471036	5.27255040593539	5.80545128744643	5.06020580998375	5.2806611105763	5.15408353950646
8.63174662259786	8.73926013243299	8.48369619304875	8.80801031853843	8.65035633214712	8.60550414984873	8.62125493006496	8.60862488581326	8.5922630727052	8.40840447920208	8.35643214516652	8.28096264575159	8.35831229675775	8.28427537979242	8.29801333241583
5.64700388186932	5.69634874192128	6.05919836452084	5.98514602255895	5.82397658440776	5.69952984200737	5.72163233492048	5.66334205552233	5.75264377859443	5.77956414986702	6.02927925492303	6.28805207053791	5.61981273642801	6.20386436132043	5.80616023608615
5.86530934568252	5.72059628816795	5.96507618715629	6.23307353600254	6.3436476248772	6.5702468250624	7.22071700048123	7.21842751490887	7.13203357680124	7.31249594782796	7.31744694390972	7.46737576998247	7.26707552764598	7.0817989986567	7.51998933145442
9.15683766734161	9.02741749066511	9.21499303712826	8.80263464379192	8.98536490389559	8.9718374740979	8.61492624249715	8.72894336630269	8.65877285661288	8.58298265736545	8.58616323261075	8.39698644209107	8.87222095115914	8.52018380964938	8.59702703535519
8.77914089586944	8.76353240331854	8.65676090202163	8.75958632214382	8.75701437117153	8.65770966631274	8.60218496706637	8.56867550576555	8.58640169974902	8.48814533931724	8.6115129955326	8.48290546827607	8.87686616521107	8.54851253270787	8.50323310312885
9.36600292950608	9.28385612783379	9.14099245568449	9.16348326381746	9.24816145711308	9.24443909320808	9.10702868402318	9.1270119117579	9.05116282219698	9.01940001822664	8.89345135909127	8.90333910811586	8.53056353984757	8.78755408291987	8.99897607748272
9.91063333619202	9.9277733397247	9.70285205657036	9.83030589955958	9.73384312487177	9.67266000777871	9.60562639493311	9.52309293270422	9.52170090884819	9.46174551369172	9.46351031943518	9.02501766470412	9.27332273423355	9.44521494036077	9.35795587287211
9.2614221840939	9.11348609541797	9.3100535877506	9.06196161960978	9.06651838915762	9.11327864531764	8.8436473514014	8.82911092865743	8.82864143335131	8.85051494693884	8.84130007704017	8.78555173000873	9.22817461446073	8.76789620417198	8.75894559766532
5.94879433118561	5.92744785860862	6.01290471224691	6.15928327528818	6.27992202726681	6.2706865432035	6.1510969048346	6.33145824193264	6.12616895473803	6.3994792494226	6.16648534643999	6.82508009419536	6.11930055750617	6.20131767921009	6.25762114361487
8.96320698892305	8.97231538077391	8.87304704866394	8.93504950712756	8.85242056242191	8.83234167043258	8.60218496706637	8.6795914071674	8.60496945978829	8.4304789323405	8.49494282727184	8.41328825442018	8.31104065159815	8.49337097851541	8.4341914586992
8.58218352190926	8.55769855361961	8.6082838289134	8.47784255360478	8.54779607212711	8.53024875713048	8.34062646421643	8.31446343033162	8.34267281671202	8.34739073827414	8.33011686854679	8.56399396015109	8.7698960757097	8.05101287323706	8.31155078467556
7.97463433612086	8.01460429759788	8.10527886050718	8.13168120372568	8.11101469758395	8.16394917534772	8.28283871238902	8.34462027480444	8.29642039470213	8.42671864774198	8.44370323301852	8.71365881152694	8.25669441647395	8.28427537979242	8.33825046352455
9.11420586960084	8.94234450541203	9.1705811679677	8.94484297734212	9.17497441964434	9.15646112199302	8.95614289861987	8.98433606488603	8.90982404131671	9.03347924345231	8.95631138292985	9.01008942317673	9.13579210718486	8.69464274015605	8.85518368111566
4.38110982189629	4.50020621974265	4.50429309765587	4.47868549551651	4.51159226219127	4.85564904392465	4.34239555706948	4.14676652978142	4.3158727573683	4.7193595156611	4.59337256359658	4.82508009419537	4.35473050194536	4.40538759060928	4.63213083631111
7.59981719642488	7.69634874192128	7.74358404356568	7.73439799005298	7.70076514822686	7.64349580709304	7.67184750233865	7.73617493553377	7.71602029456948	7.65439059163412	7.60658818310075	7.68171591902419	7.31736364948087	7.72643032490372	7.54148547187111
6.43173589496625	6.34118269861983	6.77474497505214	6.5920868923756	6.73511665301764	6.79906551555828	6.55057411918623	6.6350530110909	6.52643974330796	6.50548060327948	6.6709091640676	6.62685398398967	6.65018638547153	6.54851253270788	6.68954407881004
5.54338125079516	5.22309662869714	5.74358404356568	5.86133982094455	5.95799393237945	5.80546328675643	6.59478271870376	6.59400285144841	6.72186511704414	7.13490924467758	6.82396034694552	7.20808376583449	7.01812687811573	6.5584966212805	6.88588742855689
6.43173589496625	6.15355569544406	6.43576171598505	7.0133429143896	7.03170361856245	7.0020926120278	7.76800229805851	7.8847336477927	7.80772585369797	8.20024149416977	8.18128234836808	8.25587166478876	8.26052773255961	7.88638217146426	8.14762851736916
5.9429887095044	5.63388465497462	5.8172695916987	6.32218100983652	6.30300564037985	6.20928599853935	6.70339321663543	6.76474408773053	6.83224817283205	7.01981608024563	6.82960691008666	7.18548233689736	6.68156851095653	6.49128766401493	6.76739066592158
9.41505715381962	9.32397536345761	9.25587166478876	9.24897116288274	9.2241759496878	9.11585488714667	8.90837495442307	8.93200706620005	8.87746074971565	8.85658356469846	8.79105660448486	8.60998016542527	9.10078670345863	8.87044062759524	8.78759778505973
9.72815110655092	9.56775806008836	9.78243116819727	9.45275157264195	9.57791805700232	9.57165501945521	9.28437333123481	9.267628379038	9.22207619171549	9.24185188434114	9.2728958375283	9.00794415134517	9.73902368960721	9.07207448876489	9.17750788501779
5.97747708588969	5.90646283347929	5.98119585251957	6.26078046517238	6.0752599845492	6.11971064456217	6.50074948266692	6.40310628304121	6.47199195928558	6.56370864520091	6.6603861776556	6.5463640661293	6.82011138691384	6.66768423368555	6.62904485643736
9.05151316628257	8.94813201278036	9.07179840130047	8.93197536353761	8.98250808109893	8.95682787829202	8.66149206117368	8.66042102791807	8.62226000135989	8.61252312815811	8.58226631135801	8.55226466756899	8.98838627375228	8.54550378283554	8.58034829420856
5.40664491400342	5.28131124264243	5.23529713358335	5.26859996963168	5.59625465926065	5.43649543617358	5.80268413744322	5.89967366781665	5.72186511704414	6.11167693843986	5.76034424764955	6.63799454159487	5.4460456686913	5.75362696261249	5.81704855222889
9.18785122277055	9.1903737544171	9.13019019609228	9.13007254898824	8.99390158585007	9.0207707756334	8.98587452235758	8.90659308175644	8.89351738004074	8.86262676204177	8.84595093548735	8.62964719888135	8.86036164005269	8.84700793313011	8.75399638169359
5.18846474395389	4.70852345586738	5.33064501017084	4.9171275991303	5.43006237669467	5.27068654320349	4.97375096327509	4.94646787929559	4.90768892913052	5.24861258379597	5.13946217267345	5.49826977792826	4.63676586970921	5.0955784256705	5.221197735365
8.92543033812009	8.88114005331596	8.90014740634654	8.83459227810559	8.81998130342491	8.79505245305166	8.56882349164109	8.50366676341896	8.449858940796	8.35993312144652	8.40955133604119	8.46111677951079	8.1420394818012	8.40317316954384	8.39566952607622
4.75697672389445	4.89052128961026	5.19900100436037	4.96603719961125	4.98107754549249	5.18495666917761	4.71436433445644	4.74060718184903	4.71797120093965	5.09281791118854	4.99953191152897	5.82508009419536	4.58878584080739	5.14941657729805	4.87029057350587
5.63984409029645	6.21458512884162	6.02850156729792	5.89708984589376	5.91068821760109	5.96256424784116	5.88590761429713	5.73617493553377	5.82321436096698	5.87095269433115	5.57556128748012	5.34354718312961	5.53192350385171	6.10378334849223	5.56266601664801
7.97889636297503	7.96978876884811	7.98519778307706	7.91588336012184	8.0023880517379	7.96256424784117	7.98662887272294	7.7766627777113	7.85547472468958	7.91187650774725	7.88488934558785	7.88241326926131	7.65685011575254	7.86481920924657	7.7086723911841
5.43173589496625	5.17125769717752	5.61862577313486	5.35927032857174	5.4384258496293	5.50098416262529	5.10737552740528	5.04293071879688	5.26340533747416	5.21992982909188	4.80688683358658	5.52251732417493	4.99858669172008	5.17040160242739	5.42710203391288
9.66959143369051	9.63068931581482	9.6504746391742	9.50912058981308	9.45088084820222	9.44112523346764	9.23538968319468	9.30551645566705	9.17917408442914	9.11557506305107	9.21042869402759	9.06270995477607	9.36621190958294	9.17007604786414	9.12316164989359
9.12514274057168	9.07227172644937	9.09235084745293	8.99165665738262	8.88338087160536	8.9689905170006	8.5962662098791	8.66742158370467	8.5512715962879	8.50012295100373	8.60549149354517	8.59290665206633	8.87400934241442	8.41915124242426	8.60490202783905
4.66121774108902	4.8023903793316	4.63230071003194	4.58270856005974	5.17372262343488	4.67178485152446	4.5768608107065	4.4362731469764	4.4057582608855	4.987848351587	4.72846018662976	5.28805207053791	4.52465550338767	4.90214948732257	4.96143846156407
9.36708725502942	9.38451013028393	9.20129646234803	9.36429634963276	9.18494987885814	9.22547937832117	8.96726864347663	9.02169097200019	8.96178846932132	8.82502997538412	8.88353279161777	8.56399396015109	8.55841219176387	8.72731568549664	8.68360705380219
7.89417940413565	7.93264676528294	7.76391504185139	8.2802503293706	7.9782122117981	8.03649326525601	7.92421150247377	7.93200706620005	7.96630909556674	7.86633310972158	7.90374837283917	7.7805336552421	8.13191108352381	7.8640143584358	7.8949083291283
4.96607232261744	4.74444303012232	5.17116679616364	4.88696562862005	5.20346996682894	5.35160653858706	4.75743305634833	5.01393084707433	5.06310668698833	5.18474040062959	5.18715891470474	5.8444454190623	5.05011699236017	5.06228398557208	5.10161611961233
9.58870524130465	9.54883857669938	9.52276575772734	9.51980726861033	9.38100815238112	9.37545328054143	9.16748944223993	9.15757951526905	9.13605171978349	9.11557506305107	9.17464247197453	8.78304487439815	9.45706414693577	8.98443739846054	9.07237889838723
10.1158194421221	10.060743111348	10.0445709586606	9.86424555211996	9.85710717739625	9.83155823569115	9.5962662098791	9.61165257851082	9.54249137875175	9.4500612188886	9.48781839283846	9.20995133249126	9.76855072621019	9.36471399544483	9.54148547187111
4.61814901919714	4.42841553667464	4.94877437482719	4.89708984589376	4.89861538530052	4.89217491994976	4.43373586860791	4.56180402906026	4.44397758311599	4.74374367428806	4.67927263700223	5.49826977792826	4.43445769441609	4.70051562615292	4.6806293540023
4.60350224323273	4.69634874192127	5.20816100364584	4.55739747153055	4.89861538530052	5.0076521373697	4.48588715065901	4.46869462466878	4.57029403289739	4.7677225372225	4.63696183214426	5.39698644209107	4.65018638547153	4.91464043150577	4.91151323623238
4.43173589496626	4.60812155890954	4.82324349274333	4.64410910472389	4.91068821760109	5.08331640730177	5.22455906677562	5.15343026006243	5.2364382898739	5.59084477513842	5.34793221777753	6.18548233689736	5.61639807201524	5.45326421756006	5.64440916608954
8.72857300889078	8.74887074216313	8.61001264283015	8.5920868923756	8.64675184547291	8.67877128184057	8.45405972137822	8.34752893514632	8.35901724906882	8.33540704651182	8.42765941024826	8.07505834720371	7.93627348212537	8.28547812687408	8.23547186634712
7.51039283884126	7.4683417210874	7.44547687081826	7.4043300511904	7.61850746610778	7.7334771739307	7.88994538642874	7.8986824654136	7.82773833783456	7.98188150982519	7.86852589937896	8.3367259172736	7.45371959657672	7.66121266545723	7.7518700805852
7.6108442185739	7.48436194167787	7.56793835968601	7.75819844801958	7.6476538117673	7.73179864547971	7.99189830998535	7.99457789263592	7.9613768000245	8.06969602573422	8.08306048516284	7.76028497139829	8.19106781772857	8.03322355979353	8.09044104405565
7.44822401775482	7.34118269861983	7.63908987569457	7.33898929752307	7.54682944224782	7.61099316740571	7.44804734463334	7.45527410890646	7.50173930267963	7.50548060327949	7.4782640861252	7.63799454159487	7.59400355007841	7.25878326020866	7.38015161898631
4.38110982189629	4.5685931947229	4.76236125059631	4.9171275991303	4.63315424207219	4.83077437528562	4.63959656605447	4.66800343289219	4.77155224114449	4.96036761516489	4.79153886925314	5.39698644209107	4.33824237915679	4.85107530272831	4.99058480722358
8.15495548176364	8.01582951638989	8.14636340516306	7.90086818513119	7.97534117594334	7.94238636590353	7.66997021509799	7.6772812464802	7.70524289609672	7.56712870616461	7.42206394735474	7.30212725574963	7.5364474807193	7.5515150208694	7.59465613089244
5.47260817638178	5.35286450366746	5.56971617265391	5.05010146439972	5.38750191446663	5.40313683922714	5.22455906677562	5.28062227651621	5.02579352852028	5.41979923380219	5.26145269705206	5.66002084792487	5.075207973323	5.27097855717897	5.0285526574226
4.88361016242547	4.65919574350381	5.1040526003051	4.49210601127884	4.83668763615731	4.67178485152446	4.66243654241258	4.62069771811383	4.49037048860044	5.00812074661326	4.9725648639287	5.49826977792826	4.790116646616	5.02244372104029	4.81704855222889
4.43173589496626	4.22309662869714	4.71173517752634	4.38107469889009	4.87416234157598	4.65770966631274	4.25493271581914	4.16006335239488	4.11732707798622	4.79908670813184	4.68758790521424	4.52251732417494	4.08512344218808	4.31404727907085	4.56912103878531
4.60350224323273	4.68407041214284	4.97046944592651	4.65608174638996	4.86177861712015	4.42822782018997	4.26491680439176	4.31074226489254	4.52643974330796	4.6777804119097	4.6624969242514	4.70308956981675	4.734502671405	5.05101287323706	4.69250345429059
9.37141642569244	9.2924753120352	9.31164801971347	9.29993793616469	9.22114952726291	9.24914034393733	9.02605532071741	9.00198109061762	8.95766648068613	8.97888880900801	8.98315894179477	8.767911570873	9.16471781304916	8.97253881521397	8.95898280983775
5.08682448207805	5.05211043188451	5.04393160786753	4.80330769957314	4.86177861712015	5.23321183778483	4.43373586860791	4.62069771811383	4.69438438062203	5.00812074661326	4.79153886925314	5.39698644209107	4.4421933431957	4.67871125583458	4.47601163439382
5.21761108961341	5.0328742130216	5.56971617265391	5.08594666334644	5.54295643310061	5.43649543617358	5.2142907313218	5.16006335239488	5.15813329437411	5.47424701782457	5.27255040593539	6.04189148326851	4.90092343250194	5.23158511887888	5.35422315399578
5.74367990128099	5.54841531278527	5.80524706344948	5.66203101272115	5.81115254405018	6.04056675984244	6.01278567645917	6.01026452987656	5.9179087714484	6.20829512860848	6.20464634143359	6.28805207053791	5.96944034606057	6.22908694502368	6.2293716668107
8.91211988453672	8.89252364252141	8.89022219247208	8.88569509129364	8.78351697713598	8.77155395198971	8.67465886089161	8.63326639161689	8.68593737329993	8.5470630831105	8.61096662361132	8.30911368606574	8.92009226801061	8.46869995092985	8.52663770746379
9.35183202937404	9.37116939415726	9.37249514184683	9.31606290067357	9.28108502212293	9.27299670389069	9.09168442968582	8.9450283032165	9.06003385293871	9.08647638431472	9.04513990983232	8.72153523713757	9.41665394586632	8.98184295581241	8.92918426255944
9.86760968373175	9.75914952893734	9.79464453248985	9.78842745003013	9.62447566412798	9.68312068230362	9.34121640290422	9.36018582204875	9.36525459142981	9.21992982909188	9.28664571564464	8.96214046173205	9.50332263376456	9.1772213328211	9.31155078467556
9.38913819565222	9.4024203281417	9.22066178721496	9.46130597090936	9.27058416268747	9.27703060517519	9.1899340181846	9.18385584851664	9.17669370428083	9.10031244773547	9.135668599515	8.94205621568872	8.75754878415957	9.12342136876511	9.0448544697517
