k4_temp10_1	k4_temp10_2	k4_temp10_3	k4_temp14_1	k4_temp14_2	k4_temp14_3	k4_temp20_1	k4_temp20_2	k4_temp20_3	k4_temp24_1	k4_temp24_2	k4_temp24_3	k4_temp26_1	k4_temp26_2	k4_temp26_3
5.06694884629475	4.5320544647679	4.83431293352261	4.75471041530121	4.80863326385191	4.59369939073767	4.8759086372099	4.40948389381137	4.62201884160872	4.55066791693433	4.71486099597216	4.99632154669275	4.68243204666145	4.56230737851648	4.65894862536964
8.79363413753807	8.69646707804427	8.84413386849019	8.72281659768516	8.68314137669442	8.71387647645454	8.68448622670049	8.68033152521491	8.70371311563647	8.70455825096829	8.75368854000189	8.60376172687498	8.83032381058258	8.52272591923904	8.82281264127584
8.51557639724301	8.54000016006132	8.44312747927764	8.54000016006132	8.52412001764166	8.45972533202458	8.58513173977196	8.48326889745707	8.6250416614176	8.57448212932376	8.4899788219945	8.40026083822718	8.07803413040849	8.73489482512257	8.38984306236031
9.29330340058735	9.24880246429455	9.29330340058735	9.21617682607589	9.26200149585839	9.28246719356102	9.22617322389272	9.26961127892029	9.27985937549055	9.25262522260723	9.37688126961884	9.36223523294778	9.37688126961884	9.35807871515955	9.30175278173902
5.0220059585236	4.88907251666215	4.59369939073767	4.47371547160449	4.82724178326369	4.6742395090865	4.58305432029445	4.67070202978853	4.73456259961089	4.73738588595036	4.67301311763694	4.90575958048566	4.53022894019404	4.63500879386324	4.64669434920176
9.66968982466573	9.67645504562919	9.65198516336582	9.72926356135049	9.69605417146691	9.65198516336582	9.5954749203366	9.62138480866257	9.613118386033	9.54473751616615	9.51642486475383	9.38952899821722	9.51642486475383	9.63008324507637	9.613118386033
8.78801710902707	8.84988973042175	8.82281264127584	8.90358395748893	8.84988973042175	8.87868667709754	8.81631895329946	8.77602958442559	8.85237314878742	8.77602958442559	8.78491825839728	8.60985224432156	8.91857862161734	8.75299197042601	8.79363413753807
4.860515168834	5.07989453032951	4.90128706774223	4.61172825424105	4.72306103801697	4.69530781266164	4.64774480839586	4.62648129486228	4.50593147202086	4.60882978590079	4.60328535150912	5.0233234241119	4.8254297822139	4.88403131917296	4.67185757371273
8.69193452178509	8.64654394234514	8.71760795818015	8.68033152521491	8.69646707804427	8.5877273719349	8.52787809217192	8.59671614349907	8.52133182083642	8.42253616293447	8.59671614349907	8.51036948024761	8.59187775056797	8.38382987798764	8.53811063532546
4.48408591645563	4.71486099597216	4.44201626573812	4.80778441622451	4.80863326385191	4.42764755527405	4.77829581673935	4.78087008403512	4.56087556816356	4.49060209088323	4.58834709179824	4.51922675074196	4.7210885672336	4.91109935437338	4.59425781171198
5.23204218766693	5.02068849293531	4.94275059147362	5.0220059585236	4.9615374051707	5.11012028932307	4.98675861975919	4.88067494271973	4.76298276514229	4.81968654087312	5.03458389529814	5.05088478855194	4.7210885672336	4.56804094171676	5.04822658383519
4.59425781171198	4.45410130865027	4.61638045267864	4.79132429645774	4.50095649338629	4.5751582467211	4.37294327972613	4.56804094171676	4.49060209088323	4.43421143512312	4.42863860975809	4.29313312566823	4.59500037572154	4.3370597985491	4.52345241722234
8.81631895329946	8.83846691070062	8.71265768051975	8.78061116467966	8.75438510957776	8.70286798030464	8.59671614349907	8.55337118280696	8.5877273719349	8.5427563774857	8.54524610515436	8.19823032173275	8.55879463653917	8.53223126441613	8.68956733608577
6.82753255816739	6.93763229190769	6.76589051054885	6.83248261111707	6.67057051191827	6.71105439865225	7.07632285268707	6.82258250521772	6.88597279786068	6.85526341677973	6.97354350806144	7.30348549281563	6.77569840332949	7.23008427785437	6.64131271581716
9.42537487155412	9.44777761702757	9.46130455691131	9.51191302786147	9.45181382350165	9.46762739617921	9.44777761702757	9.41105959973395	9.47049966457852	9.51642486475383	9.54087558477235	9.46315265528425	9.56304264003607	9.53702966369196	9.3945378260857
5.06694884629475	5.18194794646551	5.10380714300484	4.93580315336643	5.13698026050925	5.18578650889593	4.93915128887784	5.02845767443863	4.93996988823324	5.11425026297258	4.90951757414717	4.90575958048566	4.96253977213115	4.84336377172577	4.97422115706032
5.27505685594409	5.11753789296958	5.49048499733528	4.93580315336643	5.31115382825284	5.1726588436572	5.03169952212304	4.9615374051707	4.93334427438074	5.16277171535413	5.04351047559608	5.38697812133492	5.03314170871059	5.26827091052194	5.25056950395719
7.2487397337652	7.20399468956324	7.17997490708986	6.95664985275887	7.10650864776606	7.12041187414931	6.72418194621347	6.78544499557879	6.82258250521772	6.53771929902824	6.59314082094479	6.45720864789511	6.4346246882202	6.90636591218417	6.87208314422273
9.25482035761198	9.20655689260486	9.24880246429455	9.16874748407932	9.30175278173902	9.26456808187666	9.23042015212465	9.31183084065364	9.21270605550985	9.20297263356668	9.227786433666	9.34385511142622	9.00190501489563	9.3049277845776	9.27985937549055
5.19550218549115	5.33346802480888	5.2917058839754	5.13698026050925	5.21874965800742	5.13557167680126	4.99264973265914	4.87128155562703	4.82254241598759	4.88067494271973	4.83227023294996	4.94044862868511	4.95219519507512	4.92463625618223	5.03564946213086
7.76184175111739	7.59974741468694	7.69063440864702	7.5745201035669	7.47529403934739	7.44382170588764	7.19233963662134	7.46202237302462	7.17997490708986	7.04191329427502	7.23008427785437	7.11346026095768	7.28376821123045	7.55500897271021	7.33016260238651
4.97628170147569	4.88907251666215	4.98451694070074	4.80778441622451	4.70622504377143	4.6242500682355	4.84140780861335	4.93881142997431	4.80321830379015	4.76925679821278	4.5320544647679	4.3955323409905	4.74727293735895	4.6742395090865	4.63500879386324
4.9597766011826	4.93881142997431	5.24486991529254	4.80778441622451	4.9615374051707	4.88235313094635	4.69530781266164	4.76752037061	4.88768209579676	4.64155335285657	4.78087008403512	4.94044862868511	4.59500037572154	4.56804094171676	4.81659578275158
4.41957286907802	4.3713230960536	4.65894862536964	5.13698026050925	5.07881177461881	5.04674918059481	5.43722851396954	5.22037267604949	5.20183170818654	5.26585451897835	5.36783075922272	5.17663360614627	5.33181803528715	4.58305432029445	4.73456259961089
7.47071044289329	7.37680874141499	7.49290531145198	7.66692391746568	7.80429627983203	7.7859467571936	7.89000428910418	7.97920285078495	7.89000428910418	8.19257236872661	8.09003845219173	8.41865867018366	8.45331093357702	7.37680874141499	7.80429627983203
5.4542271203827	5.19650067068563	5.65498394367906	5.65498394367906	5.61663161099258	5.64742304701288	5.64742304701288	5.73236401243271	5.64742304701288	5.6124878079683	5.63709792435781	5.73236401243271	5.48911561284374	5.75484698279892	5.74357970478302
5.79678710503555	5.794277265492	5.60066168514996	5.25056950395719	5.47553095091665	5.46004137950945	5.17520708019743	5.1726588436572	5.23717528810705	5.285077198304	5.17910072985918	5.42525026166233	5.24089449724317	5.31619301292819	5.08376159869159
4.7210885672336	4.67301311763694	4.81790603093517	4.67301311763694	4.45629356743923	4.75818276003366	4.53405451283252	4.42361021217604	4.36317500138137	4.38764986839973	4.80556574490614	4.61405435345985	4.8752660017934	4.51563422521158	4.29667103133627
4.73974793881662	4.83431293352261	4.45919258949139	4.26217609276493	4.45629356743923	4.40354471522727	4.40097381756948	4.47672987125051	4.34679832333502	4.38764986839973	4.34679832333502	4.51922675074196	4.48483260877917	4.3713230960536	4.24278649242326
8.44312747927764	8.44828557879975	8.38984306236031	8.38382987798764	8.4309450371791	8.4386372416843	8.49359276111574	8.40026083822718	8.4386372416843	8.44828557879975	8.40026083822718	8.60376172687498	8.654531872333	8.5427563774857	8.55988288158477
7.86005235269005	7.94543491640333	7.95249923311427	7.91356801722172	7.8522119722874	7.86005235269005	7.75131132636137	7.80429627983203	7.77043727272094	7.64477401638382	7.61297579801364	7.70932989927715	7.84412580966069	7.8742278974497	7.75131132636137
8.46891845510728	8.51557639724301	8.47890180308802	8.64863512666239	8.56489863831186	8.57980529052903	8.55879463653917	8.54000016006132	8.56097112663038	8.68033152521491	8.67007358156206	8.73108557760982	8.84413386849019	8.66484371169642	8.60038784229075
9.00723580246041	9.05117347599591	9.11082876572229	9.05002124488672	8.99889442219497	9.03511129140672	8.95755392286335	8.94846177414328	9.01205783361797	8.93694076091968	9.05002124488672	9.09323933920874	9.29574226611182	9.07194061194628	8.95755392286335
5.4542271203827	5.36783075922272	5.25149392239584	5.54401156453656	5.42174326515228	5.32139651255572	5.68436298086363	5.79176742594846	5.75683978492391	5.83140201873829	5.65498394367906	5.75484698279892	6.02624370006058	5.88915415455459	5.79964106771813
4.92463625618223	5.07989453032951	4.96738601709057	5.0809772860402	4.95219519507512	4.85521064821232	5.03169952212304	5.04674918059481	5.05140049847058	4.91771592264772	4.94742409606067	4.97787679981989	4.84140780861335	5.06372638029391	4.75242756377344
9.38354822964163	9.41674159777012	9.30175278173902	9.3608981556487	9.36357231024686	9.32619430453433	9.24234575617862	9.36501049401742	9.28246719356102	9.11521505034325	9.17356479506693	9.20147612734196	8.86512815402354	9.32279857610456	9.18450848575216
4.97628170147569	4.91109935437338	4.5320544647679	4.98065930341589	4.9032616947159	4.93915128887784	4.56523483324885	4.8254297822139	4.77048132445657	4.86503217962902	4.46657037598031	4.87128155562703	4.44984468007632	4.91109935437338	4.8759086372099
4.32327054157109	4.43879320600413	4.16537368571286	4.72503350880035	4.36954176636531	4.48616310971312	4.88403131917296	4.59369939073767	4.77958295038724	4.62201884160872	4.61091420034307	4.3955323409905	4.59500037572154	4.8752660017934	4.45410130865027
8.09003845219173	8.03811321260564	8.03574177235209	8.00812393252113	7.91356801722172	7.99770021045636	7.8742278974497	7.97232187640061	7.91356801722172	7.75131132636137	7.70932989927715	7.58363585616806	7.45332583885839	7.95249923311427	7.74274351762016
8.24371467934382	8.18454479668911	8.20990731886335	8.12452684828891	8.23639613244325	8.16333549717848	7.97028468629931	8.00812393252113	8.08694148830643	7.79573501968753	7.8522119722874	7.49290531145198	7.70932989927715	7.97920285078495	7.97232187640061
4.51563422521158	4.56230737851648	4.64155335285657	4.38764986839973	4.42962966424212	4.37294327972613	4.26217609276493	4.47672987125051	4.56935140580521	4.45410130865027	4.46657037598031	4.56673047762831	4.60882978590079	4.55458216100457	4.52345241722234
4.44523932547212	5.18194794646551	4.64774480839586	4.76752037061	4.64879526758996	4.71986923471804	4.65569827970019	4.68658179838757	4.71006438543439	4.75818276003366	4.75644658766744	4.56673047762831	4.65569827970019	4.59425781171198	4.76803227196899
6.38905419520569	6.40992135932374	6.4346246882202	6.18320944074503	6.4346246882202	6.14530267013044	6.23535230338289	6.04938701879875	6.14530267013044	6.0792330284589	6.16240255989728	6.09851117067976	6.0792330284589	6.06900482293627	6.12497356026741
4.63500879386324	4.8254297822139	4.94275059147362	4.82146705081108	4.82724178326369	4.88235313094635	4.76803227196899	4.97628170147569	4.97683480245362	4.76925679821278	4.64518844057358	4.87128155562703	4.64774480839586	5.03671502896359	5.01161813283396
8.64142418873608	8.5830051620985	8.68448622670049	8.79828660827459	8.74326342488683	8.71049195801539	8.7458222090557	8.75299197042601	8.75876136368158	8.76964339027109	8.80852079422399	8.80852079422399	8.92546562523457	8.59187775056797	8.85653821461646
4.63500879386324	4.48408591645563	4.87655127262639	4.84902906824091	4.84221377312418	4.6742395090865	4.46657037598031	4.44778031029133	4.76298276514229	4.65569827970019	4.46657037598031	4.42361021217604	4.69530781266164	4.77654311170348	4.67185757371273
4.53605456089714	4.64518844057358	4.71864990220247	4.68722233424188	4.33010486829799	4.69530781266164	4.53405451283252	4.34679832333502	4.50593147202086	4.597849322089	4.29313312566823	4.51922675074196	4.61638045267864	4.42863860975809	4.45410130865027
5.05140049847058	4.91109935437338	5.40057135788343	4.9032616947159	5.09424655646959	5.14990732030744	4.95732957179621	4.8254297822139	5.01431129632314	4.75818276003366	4.96053503821025	4.84060184410251	4.6242500682355	4.84336377172577	5.04822658383519
5.40824974269381	5.37366793615065	5.41232147410177	5.53355607756537	5.35621788606236	5.59393649965954	5.22037267604949	5.40824974269381	5.32733704830304	5.20183170818654	5.32139651255572	5.4971203634938	5.35621788606236	5.33842291607201	5.38224038209063
9.26200149585839	9.28246719356102	9.20297263356668	9.28564874895521	9.19046432261691	9.19046432261691	9.15785588311065	9.14632547289684	9.21617682607589	9.02911380696646	9.09323933920874	9.08607014301743	8.89187067096313	9.26200149585839	9.07546915877669
3.64492277960622	3.90774344895922	4.20554167068884	4.35496727823198	4.0821827222724	3.76514479344294	3.92469376590489	3.64492277960622	3.76514479344294	3.92469376590489	3.76514479344294	4.36776043667702	3.83340104571923	4.21379648885786	3.92469376590489
8.89556406437521	8.83229194177751	8.84013784731678	8.89050843618704	8.90741399020751	8.90992638063681	8.85653821461646	8.84749414352651	8.89050843618704	8.7659424306885	8.77602958442559	8.56293488247112	8.56880278158891	8.90175237722921	8.78186810084684
8.14501535231244	8.13549210166153	8.11671008737282	8.15550354402572	8.15550354402572	8.249370760149	8.10140710552101	8.01820191249467	8.12061846783087	8.249370760149	8.12452684828891	8.02482857322482	8.05870009888142	8.2173253405472	8.18454479668911
4.64774480839586	4.67301311763694	4.56935140580521	4.95099541646718	4.64879526758996	4.86816790858978	5.08654591134298	5.06897966423794	4.93334427438074	5.07442230099921	4.96738601709057	4.99632154669275	4.92194766006045	5.0809772860402	4.93996988823324
8.05033062742451	8.14501535231244	8.11153456694148	8.08384452442114	8.11671008737282	8.00812393252113	7.91356801722172	7.8742278974497	7.95249923311427	7.88092823354397	7.99770021045636	7.74702742199076	8.50388981642842	7.68141349867402	7.7859467571936
5.25056950395719	5.18194794646551	5.12386368122026	4.9615374051707	5.03671502896359	5.20349208315508	4.8501975964467	4.9118786521312	4.97271371362288	4.67546590053605	4.55293725283897	4.51922675074196	4.66511154066366	4.50593147202086	4.5751582467211
5.23204218766693	5.33346802480888	5.26585451897835	5.2823263479625	5.73809992968159	5.59393649965954	5.37121357460646	5.28964146350822	5.48355412484162	5.52978997987326	5.51627305294122	5.33346802480888	5.75883258704891	5.03007859828084	5.42174326515228
4.77479040666761	4.68068843740427	4.79027657641093	4.45919258949139	4.64879526758996	4.75818276003366	4.55293725283897	4.56230737851648	4.64879526758996	4.52840341562018	4.68450692252451	4.84060184410251	4.56935140580521	4.54527706442848	4.61172825424105
4.9597766011826	4.90294002238145	4.94275059147362	4.57696135039971	4.76803227196899	5.04674918059481	4.96496289461086	4.815285534568	4.82983269486053	4.9269657275483	4.96053503821025	4.87128155562703	4.98900029881764	4.63500879386324	4.93088539539504
8.75299197042601	8.67007358156206	8.83032381058258	8.64654394234514	8.70954503144582	8.69431356943826	8.50937441854054	8.60249583559373	8.59855199289491	8.62231606106456	8.59187775056797	8.74872795754862	8.73489482512257	8.70455825096829	8.63264666045549
8.77935422851247	8.89050843618704	8.85653821461646	9.12361987796059	8.87280145266125	8.88264788609657	8.90175237722921	8.85237314878742	8.96513420290054	8.93132661036516	8.87735491611063	8.89802539686686	9.28828228991457	8.94143067385592	8.86512815402354
4.68068843740427	4.26217609276493	4.58072900345358	4.75471041530121	4.2655701944892	4.48616310971312	4.28004644709527	4.31819928735259	4.19479754723502	4.40097381756948	4.3926617620693	4.42361021217604	4.40948389381137	4.0821827222724	4.54215554782726
9.00455728472585	9.01205783361797	8.99266846291951	9.12361987796059	8.96284281543048	8.981963274727	8.93132661036516	8.94560354191141	8.96038436522069	8.84988973042175	8.84988973042175	8.84353716564247	8.80605716634804	8.79828660827459	8.96513420290054
4.59425781171198	4.61010014644508	4.45919258949139	4.74210999168288	4.80863326385191	4.48616310971312	4.68722233424188	4.76752037061	4.74269554695419	4.8006342349696	4.82254241598759	4.80667508056533	4.83105146390525	4.68068843740427	4.80321830379015
4.40097381756948	4.56230737851648	4.67070202978853	4.92580099186526	5.01287473739608	4.60882978590079	5.03807431529057	5.11753789296958	5.30286899925108	5.43722851396954	5.33346802480888	5.11589407797108	5.66599545957573	5.4342123135288	5.3573184957192
8.30699371039502	8.35517132445498	8.32265060013263	8.35517132445498	8.22806150132448	8.26635998150373	8.18454479668911	8.2038882747389	8.2173253405472	8.09697831812182	8.19257236872661	8.16909676635076	8.12061846783087	8.36291840674903	8.06648143549494
4.7210885672336	4.81040542806142	4.74727293735895	5.15611256315449	4.6878628700962	5.01161813283396	4.91441536562289	4.87128155562703	4.79132429645774	4.98900029881764	4.82254241598759	4.7432811022255	4.80439202434815	5.20017133321801	4.97422115706032
9.13485951677162	9.20297263356668	9.15785588311065	9.10109522565084	9.15785588311065	9.18450848575216	9.20943723980848	9.11082876572229	9.19865815093134	9.22036425498419	9.15325625573133	8.95755392286335	8.84749414352651	9.30175278173902	9.06805100405911
9.56304264003607	9.62511863465181	9.49702667240629	9.59015729467653	9.64214368701002	9.62511863465181	9.82366051298013	9.74670278948457	9.83957109187212	9.85126464572283	9.82366051298013	9.81297808558258	9.37186272742568	9.85126464572283	9.79878813566157
9.05002124488672	9.10391908591507	9.21107164765916	8.86045016379908	9.15009159754517	9.09775484353706	9.05351868610594	9.01489043569884	9.08197394071086	9.19997962111724	9.11082876572229	9.44452968175994	9.14120584578535	9.21617682607589	9.19865815093134
8.85456314495539	8.96284281543048	8.92894312343409	8.94846177414328	8.90992638063681	8.94143067385592	8.96038436522069	8.84413386849019	8.93694076091968	8.981963274727	8.91633318402149	8.73633527743724	8.63899548384552	9.10391908591507	8.91857862161734
4.38624531167876	4.74269554695419	4.64774480839586	4.26217609276493	4.67546590053605	4.48616310971312	4.41437857113696	4.47672987125051	4.41697572010749	4.29950895943307	4.20554167068884	4.70622504377143	4.3955323409905	4.44523932547212	4.11991463518791
8.90741399020751	8.90992638063681	9.01982746222484	9.00190501489563	9.03988108559533	8.97812381344851	9.13987552444109	9.08607014301743	9.07846441915555	9.3497766590306	9.21617682607589	9.17115613957312	9.3049277845776	9.32619430453433	9.15325625573133
2.65666608908397	2.65666608908397	3.02158458420296	2.65666608908397	2.65666608908397	2.65666608908397	2.65666608908397	3.02158458420296	2.65666608908397	2.65666608908397	2.65666608908397	3.28332520076901	2.65666608908397	3.02158458420296	2.83912533664346
5.29616869463795	5.34449932789919	5.4542271203827	5.2917058839754	5.48911561284374	4.95099541646718	5.00202288120418	5.0897381550255	5.19252850979285	5.13698026050925	5.07881177461881	5.47169988050224	5.06253473223627	5.31115382825284	4.98900029881764
7.58828513011139	7.58363585616806	7.65541754832445	7.54414345204262	7.60702552144724	7.46202237302462	7.47071044289329	7.31192760756838	7.32591326748307	7.29504337806287	7.33441193728995	7.23008427785437	7.408677919667	7.40131813228651	7.16392711181853
4.93881142997431	4.79237201650454	4.77263586556209	4.83105146390525	5.11425026297258	4.97683480245362	4.61638045267864	4.70259311471834	4.93996988823324	5.01064155264884	4.67301311763694	4.64155335285657	4.92194766006045	4.13932034890061	4.86291528469936
5.06694884629475	4.93881142997431	4.72668239310614	4.98065930341589	4.6878628700962	5.22037267604949	5.30701935008896	5.210491224041	5.22962303273576	5.35841910537604	5.30494417467002	5.45715099938819	5.76802270261331	5.22199569409155	5.35424001931237
9.35807871515955	9.29574226611182	9.31954853542379	9.17356479506693	9.26456808187666	9.25805499871948	9.14632547289684	9.23848723538496	9.14449833704493	9.09775484353706	9.12539413921632	9.03316711947196	9.15785588311065	9.05002124488672	9.22910329289532
5.42174326515228	5.64226048568534	5.35621788606236	5.36952216691459	5.31115382825284	5.41527887137201	5.35522895268737	5.43119611308806	5.51627305294122	5.2917058839754	5.22720387780459	5.0233234241119	5.14106239577523	5.34449932789919	5.1878184524841
7.72308125794454	7.73268024584514	7.74274351762016	7.65541754832445	7.51918485121301	7.68141349867402	7.5491658477694	7.56416355944029	7.58828513011139	7.77043727272094	7.69063440864702	7.69934443638572	8.12061846783087	7.53566287132275	7.50086550343881
9.57924381046972	9.56624015443631	9.47049966457852	9.613118386033	9.60649516197874	9.57924381046972	9.66968982466573	9.61721538308364	9.66121776820698	9.69605417146691	9.64214368701002	9.65717551779703	9.42537487155412	9.62511863465181	9.62138480866257
8.99889442219497	8.92012570905758	8.90741399020751	8.72992670746979	8.92894312343409	8.94846177414328	8.8867985790453	8.82465911945185	8.85456314495539	8.85237314878742	8.79205195001768	8.71049195801539	8.71387647645454	8.68448622670049	8.92894312343409
4.89488386882242	4.87337636863316	4.98451694070074	4.80778441622451	4.79027657641093	5.13557167680126	4.84140780861335	4.8094821114793	4.69061792633368	4.88067494271973	4.83635563409526	4.44778031029133	4.68243204666145	5.210491224041	4.69530781266164
4.46209161154356	4.81040542806142	4.05055629122039	4.68722233424188	4.41193123247416	4.20966907977335	5.01064155264884	4.9118786521312	4.98239980964562	5.14531551587508	5.12660516976721	4.96053503821025	5.01161813283396	5.36952216691459	5.17910072985918
9.47573123058613	9.45877359778316	9.47708388042368	9.43438321131286	9.44212575159206	9.47049966457852	9.44452968175994	9.47843653026122	9.36223523294778	9.35807871515955	9.3945378260857	9.40663467027552	9.29119456166422	9.49424878261077	9.44212575159206
4.77479040666761	4.50845077132356	4.92892556147167	4.43879320600413	4.36954176636531	4.71986923471804	4.5483985810297	4.3713230960536	4.61010014644508	4.51743048797677	4.62956142926555	4.42361021217604	4.63721648381549	4.49060209088323	4.63500879386324
9.21617682607589	9.17356479506693	9.13114155167921	9.04355034378011	9.07846441915555	9.09323933920874	8.99889442219497	9.02211310350926	8.97812381344851	8.84581400600835	8.85237314878742	8.82655729692937	8.68448622670049	9.03114046321921	9.05471166510679
5.62923975873915	5.61663161099258	5.66599545957573	5.73809992968159	5.90524626372567	5.73809992968159	5.75484698279892	5.62077541401686	5.78220109732533	5.71552558680623	5.70115868893895	5.8635295465431	5.43119611308806	5.36952216691459	5.44174091267631
9.60649516197874	9.64538201987573	9.60649516197874	9.5514221205822	9.61721538308364	9.5514221205822	9.53702966369196	9.58484771110224	9.52106338066928	9.50829975300788	9.54801199604914	9.58750250288939	9.52470396448041	9.37688126961884	9.57575947440693
9.32619430453433	9.22036425498419	9.43001904913582	9.29842020646307	9.33337654980143	9.39178845292731	9.49702667240629	9.50545152862109	9.48168262115587	9.68007430159786	9.65717551779703	9.5305416141092	9.83957109187212	9.50545152862109	9.40493642440148
5.85487711536484	6.03564826975387	5.86606364476358	5.64742304701288	5.76802270261331	5.51037442684685	5.71552558680623	5.54401156453656	5.69716996471575	5.53732217525749	5.4971203634938	5.44625331138308	5.65498394367906	5.76802270261331	5.56440405026866
4.59425781171198	4.40948389381137	4.61010014644508	4.59425781171198	4.50719112167221	4.48616310971312	4.86291528469936	4.8254297822139	4.8752660017934	4.69724264275212	4.8501975964467	4.87128155562703	4.81790603093517	4.9615374051707	4.73456259961089
7.3853479023781	7.36013369045796	7.50086550343881	7.2487397337652	7.3853479023781	7.4170650487166	7.36013369045796	7.19233963662134	7.24088480509916	7.49290531145198	7.40131813228651	6.78544499557879	7.64477401638382	7.32591326748307	7.24088480509916
9.24234575617862	9.29119456166422	9.24513009007516	9.3497766590306	9.28246719356102	9.23848723538496	9.43001904913582	9.33337654980143	9.40663467027552	9.41427535326587	9.43001904913582	9.08607014301743	9.38078656682795	9.47573123058613	9.30847352789471
4.41957286907802	4.3713230960536	4.28004644709527	4.28959522000019	4.42962966424212	4.37294327972613	4.11991463518791	4.11991463518791	4.11991463518791	4.20016960896193	4.22125545275377	4.19479754723502	4.06935509831428	4.0821827222724	4.15535236047839
5.88337125992617	6.33314011108085	6.04938701879875	6.2238487633551	6.33314011108085	6.46688286932689	6.75041677712841	6.81270851623858	6.81270851623858	7.09274299989768	7.12990012927149	7.24481226943218	7.58363585616806	7.12041187414931	7.1448349407764
5.95818281611831	5.9739785632074	5.99247505290871	5.71552558680623	5.9739785632074	5.86606364476358	5.62077541401686	5.69716996471575	5.73236401243271	5.68067741570609	5.58988022996616	5.75484698279892	5.53732217525749	5.95259188318456	5.57775443980147
8.69824521749877	8.64986471925817	8.64283004473579	8.53811063532546	8.69075092893543	8.67928164389123	8.80852079422399	8.77175402203797	8.71466155409817	8.82031608152845	8.82565813078668	8.86045016379908	8.20689779680112	8.87590921471334	8.7564000281155
4.15535236047839	4.24650108577765	4.35496727823198	4.31521765385228	4.23907189906888	4.16537368571286	4.42863860975809	4.13932034890061	4.15535236047839	4.48154174751432	4.31819928735259	4.56673047762831	4.19479754723502	4.64669434920176	4.2655701944892
4.61010014644508	4.97787679981989	4.64155335285657	4.61172825424105	4.66753834769816	4.81435586766377	4.58305432029445	4.8254297822139	4.61010014644508	4.69724264275212	4.81342620075954	4.80667508056533	5.16277171535413	4.47371547160449	4.64669434920176
8.68712626775337	8.80852079422399	8.654531872333	8.99889442219497	8.67669158572915	8.72043736965239	8.74326342488683	8.70041623266362	8.82031608152845	8.69431356943826	8.76857670996551	8.5427563774857	9.02911380696646	8.91351431031485	8.73489482512257
8.03574177235209	8.11153456694148	7.97920285078495	8.14501535231244	8.12452684828891	8.08384452442114	8.06648143549494	8.05870009888142	8.12061846783087	7.89000428910418	8.0131629225079	8.11153456694148	7.54414345204262	8.09697831812182	7.99770021045636
4.77479040666761	4.87337636863316	5.02589054927526	4.91109935437338	4.63500879386324	4.80556574490614	4.77829581673935	4.6436825319454	5.0809772860402	4.83227023294996	4.70440907924488	4.84060184410251	4.67185757371273	5.4342123135288	4.67185757371273
7.45332583885839	7.39277619037253	7.37680874141499	7.4170650487166	7.33441193728995	7.34370506883344	7.30348549281563	7.25825470237402	7.47071044289329	7.26465381933141	7.29504337806287	7.46202237302462	7.2487397337652	7.1448349407764	7.27573093215717
4.0135683050885	3.96797873394771	4.15535236047839	4.20966907977335	4.41193123247416	4.18874239691353	3.76514479344294	3.94164408285057	4.09501034623052	4.12961749204426	4.09501034623052	4.05055629122039	4.23389315785928	3.94164408285057	4.18268724659203
8.9329602826893	8.96038436522069	8.90175237722921	9.05232570710509	9.0581696211132	9.04355034378011	9.07546915877669	9.03988108559533	9.09942503459395	9.04660262759336	9.02211310350926	8.85113143960458	8.7659424306885	9.10109522565084	9.0003997185453
4.94979563785923	5.11753789296958	5.00202288120418	5.03169952212304	4.92463625618223	5.06253473223627	4.70622504377143	4.84278877242498	4.84278877242498	4.72668239310614	4.78087008403512	5.09424655646959	4.93996988823324	4.8752660017934	4.84786054003512
5.58572254931751	5.84778238793544	5.69569322837073	6.08514708814318	5.894937049183	5.84778238793544	6.00142234373761	5.91720179276649	5.96377374905206	5.75484698279892	5.60333060094701	5.57394401093409	5.86099544832261	6.03564826975387	5.85793628184373
8.97510776654727	9.03114046321921	8.9329602826893	9.07546915877669	9.11302190803277	8.98909461499694	9.17356479506693	9.13485951677162	9.13485951677162	9.14820853522101	9.14120584578535	9.09942503459395	9.3414359664441	8.93694076091968	9.21617682607589
7.8332997206195	7.86005235269005	7.8292707523205	7.82139340120504	7.77609766810444	7.8292707523205	7.58828513011139	7.53566287132275	7.55500897271021	7.58363585616806	7.54665464990601	6.75608261776821	7.69063440864702	7.58828513011139	7.42778043508628
9.19447815296413	9.18450848575216	9.19447815296413	9.31183084065364	9.1870356829014	9.20943723980848	9.22311310601955	9.22617322389272	9.24880246429455	9.227786433666	9.26690627799525	9.26200149585839	9.05002124488672	9.29574226611182	9.14193852348919
4.32327054157109	4.28004644709527	4.39015581523452	4.03282322513216	4.34679832333502	4.13932034890061	4.26217609276493	4.3955323409905	4.05995569476734	4.15535236047839	3.90774344895922	4.84060184410251	4.11991463518791	4.18874239691353	4.32834179578958
8.02482857322482	8.00812393252113	7.91356801722172	7.95985886011564	7.95249923311427	7.94880139671324	7.77043727272094	7.82139340120504	7.76184175111739	7.66426191194676	7.72308125794454	7.55208741023981	7.77609766810444	7.77043727272094	7.8332997206195
8.64446704905499	8.64863512666239	8.64446704905499	8.61823899263462	8.63659667879088	8.55524127246013	8.48662235255507	8.52412001764166	8.5726243351769	8.53005467829403	8.66808893247612	8.66176543399981	8.72992670746979	8.42823675795799	8.61732827352763
9.41674159777012	9.49424878261077	9.41427535326587	9.32279857610456	9.51191302786147	9.46130455691131	9.45181382350165	9.5305416141092	9.44212575159206	9.48168262115587	9.44212575159206	9.28564874895521	9.39856497262026	9.26690627799525	9.5305416141092
5.06694884629475	4.88907251666215	4.79027657641093	4.82146705081108	4.95219519507512	4.93915128887784	5.20349208315508	5.16541599575705	5.14318895582515	5.06043653203945	5.25241834083448	5.285077198304	4.76058276258798	4.99264973265914	5.04822658383519
9.50545152862109	9.60649516197874	9.3788339182234	9.61721538308364	9.55436870275962	9.5954749203366	9.67645504562919	9.57575947440693	9.63008324507637	9.74163177711536	9.63635039147583	9.28828228991457	9.27717550245212	9.63635039147583	9.54087558477235
4.29313312566823	4.81040542806142	4.45190904986131	4.61172825424105	4.56230737851648	4.63942417376775	4.33010486829799	4.56230737851648	4.56935140580521	4.51743048797677	4.41193123247416	4.3955323409905	4.41697572010749	4.76058276258798	4.48616310971312
5.09424655646959	4.88907251666215	5.20614170345084	5.36952216691459	5.06491802835156	5.07661703780901	4.87128155562703	5.06897966423794	4.84278877242498	5.07442230099921	4.69337298257115	4.76803227196899	5.0157478552502	5.16541599575705	4.96053503821025
5.35424001931237	5.51037442684685	5.27731617678254	5.24337771202448	5.37366793615065	5.13557167680126	5.27505685594409	5.33842291607201	5.25826675358621	5.33346802480888	5.37612229769484	5.38697812133492	5.11589407797108	5.2917058839754	5.28735933090611
8.82565813078668	8.67220765235411	8.81631895329946	8.72508386234714	8.69646707804427	8.75438510957776	8.59094770179614	8.68314137669442	8.66808893247612	8.47310278837322	8.53811063532546	8.58513173977196	8.52272591923904	8.66808893247612	8.5830051620985
9.01982746222484	9.00838863400321	8.98616125089918	8.93132661036516	9.00190501489563	9.01982746222484	9.01205783361797	8.94143067385592	8.99266846291951	8.98909461499694	8.99624196071311	8.38382987798764	9.16159929697905	9.02462471994693	8.84413386849019
5.27505685594409	5.00966497246372	5.18918588588656	5.18918588588656	4.98065930341589	5.06897966423794	5.00202288120418	4.93881142997431	5.07119227321382	4.93580315336643	5.03458389529814	4.90575958048566	5.03991174456416	4.9615374051707	4.84060184410251
4.38624531167876	4.5320544647679	4.35496727823198	4.87861310767306	4.53405451283252	4.90575958048566	4.79027657641093	4.25098470077357	4.84278877242498	4.67546590053605	4.72668239310614	4.46657037598031	4.97891879718615	4.93915128887784	4.76803227196899
4.81040542806142	4.32327054157109	4.83431293352261	4.31521765385228	4.53405451283252	4.28959522000019	4.26217609276493	4.55458216100457	4.40948389381137	4.45410130865027	4.67301311763694	4.29313312566823	4.46873450740855	4.39840291991169	4.58072900345358
5.01224643511502	4.95732957179621	4.91441536562289	4.70814471460291	4.8911195789744	4.77479040666761	4.44778031029133	4.67070202978853	4.89725899096272	4.67546590053605	4.78087008403512	5.0233234241119	4.51922675074196	4.75242756377344	4.81659578275158
8.28964469179955	8.30014480811532	8.17485803552304	8.39564555063122	8.26635998150373	8.34478105940308	8.48326889745707	8.39564555063122	8.42253616293447	8.50080897110682	8.41366286365695	8.46174014646641	8.37511195032467	8.60502761815623	8.60502761815623
10.089085598393	10.1828831202373	10.089085598393	10.1828831202373	10.1359843593152	10.0466200660251	10.0466200660251	10.0466200660251	10.089085598393	10.0466200660251	10.089085598393	9.99393925466075	10.0466200660251	10.1828831202373	10.0466200660251
4.53605456089714	4.46440624455207	4.39015581523452	4.59425781171198	4.30234688752987	4.52592791642126	4.35134499037824	4.15535236047839	4.46440624455207	4.20016960896193	4.41957286907802	4.25098470077357	4.36776043667702	4.24650108577765	4.40354471522727
9.52106338066928	9.50545152862109	9.50261179153528	9.50829975300788	9.51642486475383	9.48490026483124	9.3945378260857	9.45877359778316	9.46315265528425	9.43936601076505	9.45877359778316	9.39178845292731	9.50829975300788	9.28246719356102	9.56142640163018
9.56624015443631	9.52470396448041	9.45539951325012	9.48168262115587	9.50545152862109	9.51642486475383	9.54801199604914	9.51642486475383	9.53702966369196	9.44452968175994	9.52470396448041	9.63635039147583	9.227786433666	9.47843653026122	9.48168262115587
8.91857862161734	9.00190501489563	9.12031432722691	8.90741399020751	8.94846177414328	9.00954146554601	8.81822407404889	8.83229194177751	8.87446351331605	9.00455728472585	8.88001843808446	8.7904697624973	9.19046432261691	8.82031608152845	8.87280145266125
8.77935422851247	8.80255971410768	8.90992638063681	8.78491825839728	9.02211310350926	9.10653004120402	9.31183084065364	9.25805499871948	9.30847352789471	9.57575947440693	9.37186272742568	9.51191302786147	9.3608981556487	9.23848723538496	9.51642486475383
9.42060205823717	9.47573123058613	9.3414359664441	9.45539951325012	9.47049966457852	9.443327716676	9.59015729467653	9.41674159777012	9.54087558477235	9.57924381046972	9.50829975300788	9.42298846489564	9.09006314122676	9.61516688455832	9.50829975300788
4.0135683050885	4.28959522000019	4.28004644709527	4.5391050543622	4.2834183975142	3.99431338504485	4.40948389381137	4.68658179838757	4.67185757371273	4.71864990220247	4.44650981788173	4.597849322089	4.81342620075954	4.8752660017934	4.45410130865027
4.57335514304249	4.62648129486228	4.47371547160449	4.45919258949139	4.48408591645563	4.13932034890061	3.99431338504485	4.18268724659203	4.51563422521158	4.04168975817627	4.3926617620693	3.94164408285057	3.99431338504485	4.3713230960536	4.24278649242326
9.14267120119302	9.16159929697905	9.04355034378011	9.19447815296413	9.12539413921632	9.22311310601955	9.14267120119302	9.21617682607589	9.1870356829014	9.12184561670487	9.14632547289684	9.23237545874523	8.81516856296552	9.11521505034325	9.15009159754517
8.82745646307206	8.74057454754812	8.7659424306885	8.56097112663038	8.7458222090557	8.70455825096829	8.66395315929337	8.71265768051975	8.64863512666239	8.51702703932103	8.56097112663038	8.75438510957776	8.62231606106456	8.62052204618665	8.65592330097172
8.42253616293447	8.46891845510728	8.43365331640021	8.40026083822718	8.45972533202458	8.52412001764166	8.57633992347061	8.57633992347061	8.61641755442064	8.67434674540178	8.55524127246013	8.70371311563647	8.18454479668911	8.50937441854054	8.71466155409817
9.11082876572229	9.03511129140672	9.03988108559533	9.04660262759336	8.93694076091968	9.01205783361797	8.90741399020751	8.96038436522069	8.94143067385592	8.77279797349928	8.82745646307206	8.57071355838291	8.64142418873608	9.03511129140672	8.94560354191141
7.84412580966069	7.8292707523205	7.94206843609343	7.96824749619801	7.95985886011564	7.97920285078495	8.26635998150373	8.22806150132448	8.27393887032335	8.56097112663038	8.49752622163746	8.67220765235411	8.05033062742451	8.32265060013263	8.314157000865
8.76307508160388	8.75299197042601	8.78186810084684	8.70041623266362	8.62803074788986	8.64654394234514	8.58513173977196	8.64283004473579	8.48830058727479	8.41366286365695	8.5830051620985	8.57980529052903	8.59532991877492	8.67327719887794	8.6359482320245
8.74962313375531	8.76725957032701	8.69193452178509	8.71652729496097	8.78801710902707	8.78569349612041	8.92546562523457	8.83559065025638	8.87735491611063	8.94846177414328	8.93459395501345	8.77935422851247	8.66808893247612	9.01205783361797	8.86841189597875
5.25056950395719	5.86606364476358	5.12386368122026	5.81388440856982	5.83140201873829	5.794277265492	5.88915415455459	5.93573412613173	5.90524626372567	5.8635295465431	5.83140201873829	5.84778238793544	5.57394401093409	5.63709792435781	5.58988022996616
9.46315265528425	9.45539951325012	9.35948843540412	9.45181382350165	9.41105959973395	9.40323817852744	9.35807871515955	9.35235136266217	9.37688126961884	9.21617682607589	9.27240870336915	9.32117355576418	9.14632547289684	9.27717550245212	9.28405797125811
4.57335514304249	4.29950895943307	4.29667103133627	4.47371547160449	4.5907440307808	4.44778031029133	4.37294327972613	4.51743048797677	4.36317500138137	4.597849322089	4.31819928735259	4.09501034623052	4.35134499037824	4.18874239691353	4.05055629122039
9.19997962111724	9.21270605550985	9.18875000275916	9.22311310601955	9.2343307653658	9.16874748407932	9.11878303774895	9.10522456355955	9.12031432722691	9.07546915877669	9.05232570710509	9.12539413921632	9.10109522565084	9.16422237479999	9.12539413921632
7.89862895836646	7.9023216716961	7.95985886011564	7.80429627983203	7.93189460111895	7.84412580966069	7.69063440864702	7.69934443638572	7.74274351762016	7.5745201035669	7.71675878197715	7.74702742199076	7.82139340120504	7.73268024584514	7.79573501968753
4.57335514304249	4.69337298257115	4.50095649338629	4.64774480839586	4.79027657641093	4.48616310971312	4.42863860975809	4.50845077132356	4.2655701944892	4.24278649242326	4.31819928735259	4.48483260877917	4.46873450740855	4.24650108577765	4.50845077132356
4.38624531167876	4.56230737851648	4.42863860975809	4.72503350880035	4.53405451283252	4.52592791642126	4.46657037598031	4.3713230960536	4.23389315785928	4.55066791693433	4.44650981788173	4.22871441664968	4.73738588595036	4.38694759003925	4.42863860975809
4.57335514304249	4.59369939073767	4.76058276258798	4.45919258949139	4.56230737851648	4.28959522000019	4.48749361064706	4.6436825319454	4.34679832333502	4.35134499037824	4.18874239691353	5.0233234241119	4.2865068087572	4.40948389381137	4.52345241722234
5.60066168514996	5.31115382825284	5.42174326515228	5.4542271203827	5.52978997987326	5.22037267604949	4.84140780861335	5.04674918059481	4.95732957179621	5.16277171535413	5.19650067068563	4.90575958048566	5.14106239577523	4.64669434920176	5.19550218549115
4.56087556816356	4.40948389381137	4.59995570444689	4.89177622042126	4.56230737851648	4.85521064821232	4.9269657275483	4.72668239310614	5.01431129632314	4.95732957179621	4.93881142997431	4.84060184410251	5.10828017975758	5.0809772860402	4.80321830379015
8.96513420290054	8.90266816735907	8.94560354191141	8.93459395501345	8.85456314495539	8.92167279649783	8.84413386849019	8.86045016379908	8.82196517443466	8.78186810084684	8.81084925643643	8.75988456126807	8.97510776654727	8.80852079422399	8.93459395501345
9.40663467027552	9.43001904913582	9.26456808187666	9.35235136266217	9.3608981556487	9.33646366121822	9.29574226611182	9.26456808187666	9.30175278173902	9.20655689260486	9.19997962111724	8.96513420290054	8.94143067385592	9.27240870336915	9.20943723980848
8.62231606106456	8.35193305495664	8.6111386038885	8.30699371039502	8.38382987798764	8.41865867018366	8.314157000865	8.37511195032467	8.35517132445498	8.66046826110929	8.69193452178509	8.91857862161734	8.64283004473579	8.41865867018366	8.54000016006132
7.10650864776606	7.05910335756478	7.05910335756478	7.21500237674531	7.01988802647107	7.00237172564025	6.85526341677973	7.00237172564025	7.01988802647107	6.54819750402501	6.63287793963552	6.36356438953398	6.81270851623858	6.88597279786068	6.73212604973441
8.18855858270786	8.27393887032335	8.24371467934382	8.33007243970922	8.16333549717848	8.23639613244325	8.20990731886335	8.18454479668911	8.17485803552304	8.14501535231244	8.18454479668911	7.90601438502574	8.26635998150373	8.26635998150373	7.96824749619801
8.11671008737282	8.02482857322482	8.19257236872661	7.95249923311427	8.01820191249467	7.95985886011564	7.77609766810444	7.95065031491375	7.7859467571936	7.60702552144724	7.75131132636137	7.66958592298459	7.61297579801364	7.79573501968753	7.84412580966069
9.5954749203366	9.58750250288939	9.59015729467653	9.60098637511643	9.5514221205822	9.613118386033	9.54473751616615	9.5514221205822	9.57575947440693	9.58484771110224	9.59015729467653	9.63008324507637	9.58484771110224	9.46762739617921	9.56858644590228
7.1448349407764	7.24088480509916	7.20949853315428	7.4968854074454	7.61297579801364	7.53566287132275	7.97920285078495	7.94206843609343	7.93189460111895	8.28964469179955	8.10140710552101	8.44312747927764	8.40321310696876	7.66958592298459	7.97920285078495
7.17997490708986	7.23008427785437	7.34370506883344	7.63636226220933	7.39277619037253	7.4798776358015	8.00812393252113	7.95985886011564	7.96824749619801	8.30699371039502	8.27697842784696	8.55430622763355	8.44312747927764	8.33282796563513	8.11153456694148
6.57648942902568	6.63287793963552	6.61282189978721	6.71623784269253	6.31125587416693	6.44812597236486	6.108795889276	6.17107267118558	6.108795889276	6.05286899518717	6.11972763096524	5.66285106749695	6.09478615925361	5.99247505290871	6.14946822148306
8.21361632970527	8.28964469179955	8.16333549717848	8.41865867018366	8.314157000865	8.33558349156103	8.38984306236031	8.50937441854054	8.51847768139905	8.314157000865	8.249370760149	8.314157000865	8.14501535231244	8.249370760149	8.37133506464757
8.40616537571033	8.41865867018366	8.40026083822718	8.43614527904226	8.37999422454165	8.37133506464757	8.30014480811532	8.26635998150373	8.41366286365695	8.32265060013263	8.26635998150373	8.18454479668911	8.33007243970922	8.57071355838291	8.28001798537057
4.46209161154356	4.48408591645563	4.47371547160449	5.20614170345084	4.74727293735895	4.80778441622451	5.42525026166233	5.27731617678254	5.46004137950945	5.19650067068563	5.2087913237466	5.09424655646959	5.15458956677153	5.13175487570371	4.81659578275158
6.45720864789511	6.66016810136781	6.486763330805	6.45266731012998	6.15363377283569	6.3024835027032	6.0624329892396	5.88337125992617	6.09106114782745	5.96377374905206	6.02624370006058	5.71552558680623	6.04938701879875	6.13021948956957	5.92512509582221
8.17485803552304	8.24371467934382	8.14501535231244	8.09350838515678	8.04048465285918	8.03028517278846	7.99770021045636	7.90601438502574	7.94880139671324	7.62019418769134	7.73268024584514	7.408677919667	7.80429627983203	7.7859467571936	7.66426191194676
5.09424655646959	5.03564946213086	4.86816790858978	5.41527887137201	5.28964146350822	5.33346802480888	5.37121357460646	5.3090865891709	5.53732217525749	5.4282231873752	5.23841128246186	5.07340488218969	5.1878184524841	5.2917058839754	5.02589054927526
5.19550218549115	5.31115382825284	5.04174917383774	5.04174917383774	5.12386368122026	5.18578650889593	5.38224038209063	5.33181803528715	5.29616869463795	5.14531551587508	5.19650067068563	5.07340488218969	5.02068849293531	5.18194794646551	4.93088539539504
7.60702552144724	7.77043727272094	7.42778043508628	7.59974741468694	7.29504337806287	7.31192760756838	7.36013369045796	7.26465381933141	7.20949853315428	7.68141349867402	7.68141349867402	7.26465381933141	7.36766152610669	7.90601438502574	7.60702552144724
4.8752660017934	5.02068849293531	4.98451694070074	4.57696135039971	4.95219519507512	5.04674918059481	4.90294002238145	4.67070202978853	4.71986923471804	4.71006438543439	4.82724178326369	5.05088478855194	4.56935140580521	4.32327054157109	4.59425781171198
9.89890143717525	9.87103730492652	9.83957109187212	9.85126464572283	9.89890143717525	9.89890143717525	9.88526522704136	9.89890143717525	9.88526522704136	9.89890143717525	9.92633383178448	9.83957109187212	9.78802890423443	9.74163177711536	9.94645030933033
8.95206623268534	8.99889442219497	8.82565813078668	8.97198992711699	8.99624196071311	9.04660262759336	9.04355034378011	8.99624196071311	8.99624196071311	9.01982746222484	9.01489043569884	8.95206623268534	8.5877273719349	9.00838863400321	8.98406226281309
6.60483738207437	6.49175802029438	6.70587095461196	6.60483738207437	6.5098315055683	6.63709532772634	6.66016810136781	6.53771929902824	6.70587095461196	6.68640144252836	6.45720864789511	7.03090066037304	6.50079476293134	6.80004082803549	6.82258250521772
8.41865867018366	8.43365331640021	8.45446838099333	8.47890180308802	8.41865867018366	8.36291840674903	8.38382987798764	8.37133506464757	8.37133506464757	8.35517132445498	8.35355218970581	8.35517132445498	8.73224444774986	8.30699371039502	8.37511195032467
9.26690627799525	9.23848723538496	9.32279857610456	9.34627425640834	9.32958326695441	9.35235136266217	9.42537487155412	9.40323817852744	9.49702667240629	9.3945378260857	9.33337654980143	9.48490026483124	9.32958326695441	9.40323817852744	9.40493642440148
4.48408591645563	4.43879320600413	4.47371547160449	4.3318679408064	4.2655701944892	4.6742395090865	4.31521765385228	4.25098470077357	4.15535236047839	4.37456346339866	4.35858956608572	4.36776043667702	4.09501034623052	4.24650108577765	4.03282322513216
8.55430622763355	8.53811063532546	8.5726243351769	8.47310278837322	8.65202732519758	8.60502761815623	8.70455825096829	8.74962313375531	8.70635874825493	8.62803074788986	8.63264666045549	8.64446704905499	8.35517132445498	8.64446704905499	8.65592330097172
8.78569349612041	8.86841189597875	8.82031608152845	8.7458222090557	8.86841189597875	8.83032381058258	8.74962313375531	8.84153915505576	8.71143888458497	8.80469609019103	8.78186810084684	8.72281659768516	8.82565813078668	8.68956733608577	8.78685530257374
4.29313312566823	3.76514479344294	3.64492277960622	3.64492277960622	4.0821827222724	3.94164408285057	3.92469376590489	3.83340104571923	3.83340104571923	4.06935509831428	3.83340104571923	4.56673047762831	3.64492277960622	3.47553963218606	2.83912533664346
8.61823899263462	8.58513173977196	8.75876136368158	8.60985224432156	8.66306260689033	8.6214190536256	8.67669158572915	8.66808893247612	8.64283004473579	8.57980529052903	8.67746167414835	8.64212711673594	8.99889442219497	8.72395023001615	8.59671614349907
7.54665464990601	7.4798776358015	7.59974741468694	7.71992001996085	7.71675878197715	7.80429627983203	8.34478105940308	8.30699371039502	8.39564555063122	8.78414302067414	8.63018395167856	8.71902266391627	8.51847768139905	8.44312747927764	8.71760795818015
8.5830051620985	8.64364854689539	8.55228403172084	8.88133316209052	8.64654394234514	8.56097112663038	8.67220765235411	8.63659667879088	8.66046826110929	8.66484371169642	8.68448622670049	8.75299197042601	8.72043736965239	8.49752622163746	8.4955594913766
8.21361632970527	8.30699371039502	8.2173253405472	8.37999422454165	8.20990731886335	8.13549210166153	8.13549210166153	8.06648143549494	8.15550354402572	7.95617904661496	7.96824749619801	7.91803691633871	8.40321310696876	8.2038882747389	8.05870009888142
5.61663161099258	5.7227818303669	5.6124878079683	6.06900482293627	6.17107267118558	6.06900482293627	6.28678304578653	6.29463327424487	6.28678304578653	6.48176864131561	6.38905419520569	6.4346246882202	6.66016810136781	6.15363377283569	6.46688286932689
6.55678423371841	6.53771929902824	6.37718069297357	6.15801816636649	6.06571890608793	6.2238487633551	5.87184509877863	5.85487711536484	5.92116344429435	5.76802270261331	5.76802270261331	5.69569322837073	5.38224038209063	5.68436298086363	5.83140201873829
8.49752622163746	8.49359276111574	8.46891845510728	8.34478105940308	8.51557639724301	8.4899788219945	8.54842623158974	8.54981155611223	8.50937441854054	8.4899788219945	8.37999422454165	8.67746167414835	7.99770021045636	8.39564555063122	8.4955594913766
9.92633383178448	9.92633383178448	9.99393925466075	9.94645030933033	9.92633383178448	9.94645030933033	9.87103730492652	9.85126464572283	9.94645030933033	9.92633383178448	9.87103730492652	9.89890143717525	9.94645030933033	9.92633383178448	9.89890143717525
4.88403131917296	5.15611256315449	4.98451694070074	4.84902906824091	5.16541599575705	5.22037267604949	5.2087913237466	5.1878184524841	5.12660516976721	5.11914261238354	5.06491802835156	5.33346802480888	5.10828017975758	5.22199569409155	5.27068730206553
5.13557167680126	5.19650067068563	5.25826675358621	5.13698026050925	5.19055331928903	4.96053503821025	4.96496289461086	4.860515168834	4.93996988823324	5.05114264351126	5.05556391862575	5.23399074070959	4.97004986535672	4.91771592264772	4.90793579392096
5.77498744455435	5.75195323134169	5.62923975873915	5.77498744455435	5.84201434035527	5.82601628491108	5.94333575470384	5.894937049183	6.04938701879875	6.09851117067976	6.13021948956957	6.34029708677023	5.66599545957573	5.79176742594846	5.91720179276649
5.80249503040071	5.51037442684685	5.85793628184373	5.27287207900481	5.59799276935291	5.70115868893895	5.39696470448101	5.46293175963071	5.36783075922272	5.33842291607201	5.39171586057921	5.15611256315449	5.22199569409155	5.30286899925108	5.28735933090611
7.98825047924117	7.98825047924117	7.92250581545571	8.10140710552101	8.08384452442114	8.05033062742451	8.15550354402572	8.08384452442114	8.13549210166153	7.94206843609343	8.09697831812182	8.09350838515678	7.88092823354397	8.35193305495664	8.03811321260564
4.51563422521158	4.59369939073767	4.67070202978853	4.91109935437338	4.66753834769816	4.5751582467211	4.90951757414717	4.79532810331819	4.81237747270153	4.71864990220247	4.82983269486053	4.51922675074196	4.78822300530576	4.89177622042126	4.97422115706032
4.860515168834	5.10117421581758	5.06043653203945	5.13698026050925	4.76803227196899	5.31115382825284	4.84140780861335	4.79532810331819	5.12660516976721	4.9615374051707	4.74870882480231	4.7432811022255	5.09544045708509	5.13175487570371	4.9539180872563
3.76514479344294	3.64492277960622	4.09501034623052	3.28332520076901	3.64492277960622	3.64492277960622	3.15245489248599	3.47553963218606	3.47553963218606	3.28332520076901	3.64492277960622	3.64492277960622	3.28332520076901	3.64492277960622	3.47553963218606
5.4542271203827	5.18194794646551	5.35621788606236	5.04174917383774	4.86816790858978	5.43722851396954	5.07391359159445	4.87128155562703	5.25826675358621	5.27505685594409	5.14761141809126	5.19833600195182	5.32139651255572	5.20349208315508	5.05695112523419
4.92463625618223	4.79237201650454	5.01224643511502	4.43879320600413	4.9032616947159	4.75818276003366	4.31521765385228	4.6075594253565	4.67720536434157	4.67546590053605	4.58834709179824	4.67546590053605	4.63721648381549	4.53605456089714	4.61172825424105
8.85977413577343	8.8534681468714	8.77602958442559	8.64142418873608	8.80968502533021	8.71049195801539	8.67928164389123	8.75988456126807	8.54137826877351	8.50937441854054	8.57633992347061	8.66176543399981	8.314157000865	8.63899548384552	8.66306260689033
9.40323817852744	9.31524157085171	9.46315265528425	9.17971654574491	9.31183084065364	9.29119456166422	9.13114155167921	9.25262522260723	9.17971654574491	9.09006314122676	9.09775484353706	9.39856497262026	9.29330340058735	9.11878303774895	9.33337654980143
6.81270851623858	6.78057169945414	6.83714486431085	6.84853526714219	6.83248261111707	7.07632285268707	6.97354350806144	7.05910335756478	7.09274299989768	7.24088480509916	7.19233963662134	7.12990012927149	7.40131813228651	7.39277619037253	7.37680874141499
4.81040542806142	4.95732957179621	5.22199569409155	4.9615374051707	4.85786290852316	5.16012743495121	4.89177622042126	4.74210999168288	5.01431129632314	4.79237201650454	4.91771592264772	4.97787679981989	4.92194766006045	4.98239980964562	4.8759086372099
4.68068843740427	4.71486099597216	4.81790603093517	5.0809772860402	4.84221377312418	4.96053503821025	5.01821817409275	4.9615374051707	5.0809772860402	5.0809772860402	5.01821817409275	4.67546590053605	5.05140049847058	5.2917058839754	4.7210885672336
5.18194794646551	4.50845077132356	5.14318895582515	5.0220059585236	4.99264973265914	5.28735933090611	4.90294002238145	4.79532810331819	4.81237747270153	4.9269657275483	5.0233234241119	4.61405435345985	4.70622504377143	4.74210999168288	5.03564946213086
8.42823675795799	8.16333549717848	8.41366286365695	8.22806150132448	8.30356925925517	8.37999422454165	8.89556406437521	8.91351431031485	8.89679473062104	9.08607014301743	9.02911380696646	9.29452283334958	9.19447815296413	8.8867985790453	9.02911380696646
6.16240255989728	5.794277265492	6.00726979733327	5.894937049183	6.04938701879875	6.25945336257234	5.77498744455435	5.79678710503555	5.79964106771813	5.41232147410177	5.52420022531581	5.19833600195182	5.40417801128585	5.30701935008896	5.26273050032272
7.95249923311427	7.86602169108491	7.98825047924117	7.84412580966069	7.8701247942673	7.95249923311427	7.68141349867402	7.75131132636137	7.72308125794454	7.77609766810444	7.84412580966069	7.8522119722874	7.95249923311427	7.8373286889185	7.8332997206195
8.86512815402354	8.76100775885456	8.81822407404889	8.70635874825493	8.72281659768516	8.64446704905499	8.60249583559373	8.70455825096829	8.654531872333	8.59187775056797	8.65202732519758	8.67007358156206	8.77441377896244	8.59001765302432	8.66484371169642
5.29616869463795	4.92194766006045	4.91441536562289	5.22720387780459	5.21874965800742	5.27287207900481	5.06694884629475	5.23399074070959	5.46004137950945	5.10117421581758	5.13557167680126	4.90575958048566	5.17393296192732	5.07119227321382	4.93996988823324
4.61010014644508	4.74269554695419	4.55622706917017	4.84902906824091	4.51743048797677	4.65062160081035	4.72585795095325	4.95219519507512	4.72585795095325	4.8094821114793	4.77479040666761	4.36776043667702	5.07391359159445	4.93088539539504	4.58072900345358
5.31619301292819	5.66913985165451	5.71211560806248	5.46731582006648	5.35621788606236	5.36952216691459	5.05833833184264	5.05348220854816	5.14990732030744	5.02845767443863	5.07340488218969	5.19833600195182	4.93996988823324	5.10828017975758	5.15888149724433
8.91351431031485	8.90266816735907	8.85456314495539	8.82565813078668	8.83130787618004	8.86246401317786	8.7659424306885	8.7904697624973	8.82565813078668	8.73777572975191	8.77071007057666	8.85781816118212	8.63264666045549	8.81084925643643	8.85237314878742
8.69431356943826	8.70286798030464	8.58513173977196	8.84294046279475	8.654531872333	8.66306260689033	8.5726243351769	8.56880278158891	8.54981155611223	8.55119688063472	8.54842623158974	8.66176543399981	8.50937441854054	8.58140522631377	8.52787809217192
9.08197394071086	9.08607014301743	9.06101087919174	9.05471166510679	9.01489043569884	8.99624196071311	9.02211310350926	9.03316711947196	9.02911380696646	8.99266846291951	8.97198992711699	8.98616125089918	9.15325625573133	9.08197394071086	8.99624196071311
7.74274351762016	7.60702552144724	7.77609766810444	7.69934443638572	7.73268024584514	7.77043727272094	7.65541754832445	7.65541754832445	7.63344597504192	7.69934443638572	7.63927854937673	7.89431662373532	8.08694148830643	7.86005235269005	7.68141349867402
8.26635998150373	8.22806150132448	8.30356925925517	8.21361632970527	8.30356925925517	8.28001798537057	8.07803413040849	8.09003845219173	8.05870009888142	7.97920285078495	8.03574177235209	8.27393887032335	8.51557639724301	7.80429627983203	8.15550354402572
4.2554683157695	4.56230737851648	4.3318679408064	4.20966907977335	4.5907440307808	4.60882978590079	4.35134499037824	4.29950895943307	4.30729145394092	4.31819928735259	4.46657037598031	4.29313312566823	4.15535236047839	4.16036302309562	4.37456346339866
8.33282796563513	8.249370760149	8.2038882747389	8.06648143549494	8.17485803552304	8.17485803552304	8.02482857322482	8.05033062742451	8.00812393252113	7.91356801722172	7.93189460111895	8.09350838515678	7.50086550343881	8.01820191249467	7.93189460111895
6.53771929902824	6.4346246882202	6.59314082094479	6.35882338865648	6.40992135932374	6.3186195047792	6.19492421698572	6.11972763096524	6.23535230338289	6.28678304578653	6.1771410559653	6.40992135932374	6.00726979733327	6.32598313539147	6.3024835027032
8.4899788219945	8.6250416614176	8.62231606106456	8.68956733608577	8.61242496345545	8.68381380169745	8.89050843618704	8.73224444774986	8.78414302067414	8.89802539686686	8.85909810774778	8.51990475111774	9.13114155167921	8.97812381344851	8.72992670746979
7.32591326748307	7.33441193728995	7.20949853315428	7.05910335756478	7.12990012927149	7.26145426085272	7.23008427785437	7.2487397337652	7.26465381933141	7.25825470237402	7.27573093215717	7.3853479023781	6.85526341677973	7.12990012927149	7.00237172564025
8.98909461499694	9.06101087919174	8.99889442219497	9.10391908591507	9.06805100405911	9.065481985367	9.07846441915555	9.06101087919174	9.07546915877669	9.05232570710509	9.0581696211132	9.02097028286705	8.61823899263462	9.12361987796059	8.97510776654727
8.77935422851247	8.72043736965239	8.62052204618665	8.7274106462109	8.63018395167856	8.6359482320245	8.62653620465373	8.65592330097172	8.69646707804427	8.48326889745707	8.6250416614176	8.75988456126807	8.34478105940308	8.84294046279475	8.61242496345545
8.47310278837322	8.48326889745707	8.4749920407495	8.55430622763355	8.54524610515436	8.57071355838291	8.62052204618665	8.5877273719349	8.68314137669442	8.64550549570007	8.63659667879088	8.65202732519758	8.30699371039502	8.58140522631377	8.62052204618665
5.8635295465431	5.92512509582221	5.75683978492391	5.81388440856982	5.85487711536484	5.91720179276649	5.70115868893895	5.75484698279892	5.78220109732533	5.70115868893895	5.84489836414536	5.66285106749695	5.50374739517033	5.79678710503555	5.84201434035527
9.48885226004149	9.48490026483124	9.52106338066928	9.33646366121822	9.46222860609778	9.43687461103895	9.32279857610456	9.42298846489564	9.33337654980143	9.27240870336915	9.26200149585839	9.45181382350165	9.21270605550985	9.17971654574491	9.31954853542379
9.68369355756652	9.70521473987745	9.65717551779703	9.88526522704136	9.66121776820698	9.65717551779703	9.70521473987745	9.72926356135049	9.73492606766064	9.59015729467653	9.67645504562919	9.57093273736826	9.51191302786147	9.65717551779703	9.63008324507637
6.84180711750464	6.86367328050123	6.82258250521772	6.78544499557879	6.71623784269253	6.84180711750464	6.80004082803549	6.7447509364886	6.77569840332949	6.66016810136781	6.64131271581716	6.17107267118558	6.62080641750005	6.91399023404231	6.93763229190769
4.860515168834	4.61010014644508	4.50095649338629	4.72503350880035	4.48408591645563	4.71986923471804	4.50095649338629	4.25098470077357	4.46440624455207	4.49060209088323	4.5320544647679	5.19833600195182	4.8094821114793	4.73173931327141	4.98900029881764
6.24803551905348	6.59314082094479	6.36356438953398	6.05286899518717	6.09106114782745	5.894937049183	6.16240255989728	6.0624329892396	6.03564826975387	5.88049890635993	6.14530267013044	5.07340488218969	6.0624329892396	6.46688286932689	5.7227818303669
10.6711479247844	10.6711479247844	10.6711479247844	10.6711479247844	10.6711479247844	10.6711479247844	10.6711479247844	10.6711479247844	10.6711479247844	10.6711479247844	10.6711479247844	10.6711479247844	10.6711479247844	10.6711479247844	10.6711479247844
4.9032616947159	5.11753789296958	4.74727293735895	4.67301311763694	4.82724178326369	4.6242500682355	4.57135327442385	4.7210885672336	4.48154174751432	4.67546590053605	4.65569827970019	4.56673047762831	4.74727293735895	4.59425781171198	4.74527701979222
4.57335514304249	4.61010014644508	4.71864990220247	4.67301311763694	4.72306103801697	4.79532810331819	4.88403131917296	4.8094821114793	4.8752660017934	5.02068849293531	5.0897381550255	4.97787679981989	5.14990732030744	4.65894862536964	4.89725899096272
8.8867985790453	8.91351431031485	8.85237314878742	8.95499168572135	8.87735491611063	8.92546562523457	8.9686325405734	8.93132661036516	8.98909461499694	8.88865350761617	8.89802539686686	8.87735491611063	9.07546915877669	8.92894312343409	8.89556406437521
8.92720437433433	8.98909461499694	9.0134741346584	8.91857862161734	9.03511129140672	8.90175237722921	8.91857862161734	8.89050843618704	8.91351431031485	8.82196517443466	8.86246401317786	8.981963274727	8.71544663174179	9.11082876572229	8.91492374716817
4.99837578929155	5.07989453032951	5.10380714300484	4.80778441622451	4.6878628700962	4.63942417376775	4.68243204666145	4.87128155562703	4.5907440307808	4.78822300530576	4.98451694070074	5.0233234241119	4.79532810331819	4.82853723906211	4.84060184410251
5.60066168514996	5.77498744455435	5.67699185054856	5.4971203634938	5.794277265492	5.48911561284374	5.39696470448101	5.20017133321801	5.22199569409155	5.30286899925108	5.279575497621	5.19833600195182	5.39171586057921	5.51037442684685	5.47169988050224
5.87762655279369	5.78220109732533	5.79964106771813	5.23717528810705	5.64742304701288	5.62923975873915	5.26273050032272	5.3573184957192	5.35522895268737	5.46293175963071	5.35621788606236	5.79176742594846	5.2596064816671	5.18194794646551	5.36952216691459
4.70622504377143	4.50845077132356	4.55622706917017	4.39840291991169	4.23907189906888	4.40354471522727	4.6436825319454	4.31819928735259	4.2865068087572	4.33010486829799	4.3926617620693	4.56673047762831	4.49733353225284	4.78616943420059	4.21379648885786
9.65717551779703	9.72926356135049	9.64538201987573	9.75775334471165	9.75775334471165	9.75775334471165	9.72926356135049	9.67645504562919	9.71494579777847	9.64376285344287	9.70521473987745	9.54801199604914	9.46762739617921	9.83957109187212	9.60649516197874
9.45877359778316	9.46130455691131	9.42060205823717	9.47843653026122	9.52470396448041	9.54801199604914	9.51191302786147	9.46130455691131	9.49424878261077	9.62138480866257	9.57750164243832	9.36223523294778	9.81297808558258	9.48885226004149	9.56142640163018
4.61010014644508	4.61010014644508	4.73738588595036	4.77958295038724	4.79027657641093	4.73974793881662	5.25692702550532	5.3007180420422	5.32139651255572	5.6942164920257	5.44625331138308	5.47169988050224	5.77859427093984	5.33181803528715	5.57775443980147
5.27505685594409	5.58988022996616	5.2917058839754	5.84778238793544	5.44877827638015	5.42525026166233	5.81725747982684	5.71893556554997	5.82063055108387	5.60333060094701	5.66913985165451	5.52978997987326	5.64226048568534	6.00726979733327	5.6124878079683
6.35882338865648	6.31125587416693	6.18906682886537	6.39925713734959	5.94333575470384	6.16240255989728	6.24803551905348	6.34029708677023	6.51451730482562	6.42225572768887	6.40992135932374	6.2734925130534	6.39925713734959	6.54819750402501	6.35882338865648
8.92167279649783	8.88264788609657	8.87280145266125	8.60591628734557	8.81727151367418	8.74191898621748	8.71143888458497	8.77175402203797	8.69824521749877	8.58406845093523	8.6214190536256	8.64863512666239	8.4386372416843	8.84749414352651	8.68712626775337
8.66484371169642	8.62803074788986	8.59187775056797	8.6214190536256	8.64924992296028	8.74783278134193	8.79828660827459	8.76725957032701	8.77279797349928	8.82565813078668	8.74057454754812	8.93694076091968	8.39564555063122	8.90867018542216	8.76307508160388
9.02911380696646	9.09775484353706	8.91351431031485	9.13987552444109	9.02911380696646	9.0268692634567	9.16159929697905	9.02911380696646	9.09323933920874	9.13854520309684	9.10522456355955	9.00455728472585	8.67823176256755	9.25262522260723	9.01982746222484
4.9597766011826	4.93881142997431	4.68068843740427	4.49733353225284	4.84221377312418	4.84140780861335	4.66511154066366	4.6075594253565	4.60162052797801	4.7432811022255	4.64518844057358	4.84060184410251	4.42764755527405	4.76803227196899	4.42863860975809
8.88001843808446	8.82565813078668	9.00723580246041	8.66484371169642	8.75438510957776	8.77441377896244	8.61641755442064	8.74326342488683	8.65731472961043	8.52412001764166	8.58513173977196	8.54981155611223	8.78186810084684	8.83559065025638	8.72395023001615
5.39171586057921	5.45130324137722	5.04174917383774	5.75683978492391	5.10380714300484	5.02845767443863	5.54988631209145	5.42174326515228	5.61663161099258	5.44625331138308	5.41232147410177	5.23399074070959	5.2917058839754	5.62923975873915	5.40057135788343
8.75438510957776	8.81401817263158	8.74872795754862	8.81822407404889	8.81727151367418	8.77441377896244	8.80178441418133	8.74783278134193	8.80178441418133	8.85555067978593	8.78491825839728	8.96513420290054	8.60249583559373	9.0581696211132	8.83559065025638
9.15009159754517	9.13300053422541	9.05644064310999	9.15009159754517	9.09006314122676	9.11878303774895	9.07194061194628	9.10109522565084	9.15785588311065	9.02462471994693	9.03988108559533	9.14193852348919	8.97812381344851	9.08607014301743	9.10109522565084
8.84413386849019	8.79828660827459	8.89802539686686	8.96038436522069	8.80333501403402	8.85456314495539	8.75758069589854	8.80728898028601	8.81631895329946	8.70954503144582	8.71387647645454	8.68314137669442	8.88264788609657	8.77279797349928	8.76100775885456
5.68067741570609	5.4342123135288	5.52978997987326	5.625007586378	5.23593929375225	5.72662809518383	5.14106239577523	5.20017133321801	5.2823263479625	4.84902906824091	4.97628170147569	4.84060184410251	5.07989453032951	4.42863860975809	4.76803227196899
8.57633992347061	8.60502761815623	8.4521534861607	8.71049195801539	8.44312747927764	8.53905539769339	8.51847768139905	8.67434674540178	8.53811063532546	8.38984306236031	8.41865867018366	7.97028468629931	7.86005235269005	8.70954503144582	8.46891845510728
8.73777572975191	8.78569349612041	8.67434674540178	8.73777572975191	8.5726243351769	8.65094602222787	8.70041623266362	8.71544663174179	8.70041623266362	8.54842623158974	8.59671614349907	8.35517132445498	8.51136454195469	8.85456314495539	8.52133182083642
4.77479040666761	4.74269554695419	4.84786054003512	4.26217609276493	4.53405451283252	4.26896429621348	4.67720536434157	4.65062160081035	4.50593147202086	4.43421143512312	4.25098470077357	4.56673047762831	4.53022894019404	4.5320544647679	4.65894862536964
8.95499168572135	9.06805100405911	8.92167279649783	9.00455728472585	8.95206623268534	8.91633318402149	9.00190501489563	8.98909461499694	9.03511129140672	9.07846441915555	9.07546915877669	8.60376172687498	9.24234575617862	9.01982746222484	8.87446351331605
4.2554683157695	4.32327054157109	3.76514479344294	4.20966907977335	4.0821827222724	4.03282322513216	4.75014471224567	4.62648129486228	4.63721648381549	4.83227023294996	4.8911195789744	4.51922675074196	4.92194766006045	4.81132874464353	4.85270412232951
4.75818276003366	5.03564946213086	4.80667508056533	5.22720387780459	4.92892556147167	4.78822300530576	5.27505685594409	5.19252850979285	5.16277171535413	5.30701935008896	5.285077198304	4.99632154669275	5.17393296192732	5.33511801433061	5.32436678042938
9.51191302786147	9.47843653026122	9.46762739617921	9.50261179153528	9.48885226004149	9.49424878261077	9.40323817852744	9.41427535326587	9.43220113022434	9.3608981556487	9.41105959973395	9.37603369892517	9.52106338066928	9.43936601076505	9.44452968175994
9.04660262759336	8.99266846291951	9.13854520309684	8.84413386849019	9.00723580246041	8.99889442219497	8.98909461499694	9.07194061194628	8.93459395501345	8.92894312343409	8.92167279649783	9.31183084065364	8.67007358156206	8.82196517443466	9.16874748407932
8.87590921471334	8.84294046279475	8.73356963643621	8.85653821461646	8.78186810084684	8.82565813078668	8.94143067385592	8.93576735796656	8.95627280429235	8.86246401317786	8.90358395748893	8.8393023790087	8.72281659768516	8.99624196071311	8.89050843618704
6.46688286932689	6.29463327424487	6.34029708677023	6.28218502715409	6.57093019621874	6.38905419520569	6.3024835027032	6.2238487633551	6.30686968843506	6.35408238777897	6.23535230338289	6.61282189978721	6.26939801758516	6.38905419520569	6.5098315055683
4.860515168834	4.87337636863316	5.01224643511502	4.84902906824091	4.72306103801697	4.63942417376775	4.70622504377143	4.59369939073767	4.56935140580521	4.64774480839586	4.68450692252451	5.07340488218969	4.79532810331819	4.75242756377344	4.8759086372099
8.00812393252113	7.97920285078495	7.86005235269005	7.92250581545571	7.8701247942673	8.04048465285918	8.03574177235209	8.14025372698699	8.10140710552101	7.98825047924117	8.05033062742451	8.43365331640021	7.76184175111739	8.18454479668911	8.12452684828891
9.28246719356102	9.23569320006224	9.36644867778796	9.2343307653658	9.3751861282315	9.30175278173902	9.31524157085171	9.3414359664441	9.31954853542379	9.36644867778796	9.36644867778796	9.38078656682795	9.55436870275962	9.25482035761198	9.38078656682795
9.10391908591507	9.03988108559533	9.0699958080027	8.98909461499694	8.96513420290054	8.98616125089918	9.01489043569884	8.93576735796656	8.97198992711699	8.91633318402149	8.99889442219497	9.16159929697905	8.79363413753807	8.86841189597875	9.01489043569884
9.37186272742568	9.38078656682795	9.39655139935298	9.37186272742568	9.37688126961884	9.36357231024686	9.3497766590306	9.30670065623616	9.35235136266217	9.28828228991457	9.27717550245212	8.85113143960458	9.28564874895521	9.43001904913582	9.27717550245212
5.58572254931751	5.51037442684685	5.32957754179509	4.84902906824091	4.98065930341589	5.06253473223627	5.04822658383519	5.01064155264884	5.03739467212708	5.03739467212708	5.01821817409275	4.94044862868511	5.25241834083448	5.13902132814224	5.10117421581758
4.38624531167876	4.40948389381137	4.41193123247416	4.20966907977335	4.5907440307808	4.37294327972613	4.40097381756948	4.27281939644491	4.44778031029133	4.45410130865027	4.46657037598031	4.64155335285657	4.37456346339866	4.46440624455207	4.15535236047839
9.11521505034325	8.97198992711699	9.10522456355955	8.90992638063681	8.92167279649783	8.97198992711699	8.90992638063681	9.01982746222484	8.88264788609657	8.85909810774778	8.91351431031485	8.77279797349928	8.84294046279475	8.98909461499694	9.03413920543934
4.46209161154356	4.26217609276493	4.62956142926555	4.2834183975142	4.5907440307808	4.37294327972613	4.09501034623052	4.16537368571286	4.23389315785928	4.35134499037824	4.23907189906888	4.36776043667702	4.40354471522727	4.48408591645563	4.54215554782726
9.47843653026122	9.43936601076505	9.57575947440693	9.38354822964163	9.48168262115587	9.38487767045967	9.27717550245212	9.32788878574437	9.32619430453433	9.30847352789471	9.3751861282315	9.56624015443631	9.49424878261077	9.24234575617862	9.32619430453433
9.64214368701002	9.64214368701002	9.613118386033	9.5305416141092	9.63635039147583	9.62138480866257	9.60649516197874	9.60649516197874	9.57924381046972	9.60649516197874	9.62138480866257	9.71494579777847	9.56624015443631	9.55436870275962	9.65717551779703
8.55988288158477	8.55228403172084	8.46375496090823	8.42823675795799	8.4309450371791	8.41366286365695	8.28001798537057	8.30014480811532	8.28001798537057	8.05033062742451	8.14025372698699	8.04048465285918	7.74702742199076	8.30014480811532	8.30699371039502
9.43438321131286	9.48885226004149	9.35235136266217	9.44074588117855	9.41427535326587	9.39856497262026	9.40663467027552	9.38078656682795	9.41674159777012	9.27985937549055	9.3608981556487	9.30670065623616	9.20943723980848	9.3414359664441	9.3414359664441
6.39925713734959	6.23535230338289	6.17107267118558	6.108795889276	6.16240255989728	6.0624329892396	6.00142234373761	6.04938701879875	6.0624329892396	6.15363377283569	6.09106114782745	6.25374444081291	5.794277265492	6.22960053336899	6.09106114782745
8.99266846291951	8.98616125089918	8.83229194177751	8.96284281543048	8.95896914404202	9.02211310350926	9.00838863400321	8.91633318402149	9.00954146554601	9.00723580246041	8.93694076091968	9.12539413921632	8.63529978525811	9.05232570710509	9.02211310350926
8.96284281543048	8.95499168572135	9.0134741346584	8.84988973042175	8.94143067385592	8.99266846291951	8.82366010811703	8.84153915505576	8.83032381058258	8.89323290573921	8.84749414352651	8.7904697624973	8.69431356943826	8.78569349612041	8.84294046279475
5.35424001931237	5.09424655646959	5.14318895582515	5.00019933524787	5.20183170818654	4.86816790858978	4.95732957179621	4.8094821114793	4.94979563785923	4.94275059147362	4.84336377172577	5.17663360614627	4.92194766006045	5.0809772860402	4.73456259961089
8.73489482512257	8.77935422851247	8.71265768051975	8.74783278134193	8.78414302067414	8.69735614777152	8.75299197042601	8.70795188985038	8.74783278134193	8.78569349612041	8.7458222090557	8.86246401317786	8.95755392286335	8.85653821461646	8.77935422851247
8.11153456694148	8.11671008737282	8.01820191249467	8.09350838515678	7.99770021045636	7.89000428910418	7.90601438502574	7.8292707523205	7.8373286889185	7.44382170588764	7.62019418769134	7.56416355944029	7.60702552144724	7.71675878197715	7.70433716783144
13.0584637635258	13.0584637635258	13.0584637635258	13.0584637635258	13.0584637635258	13.0584637635258	13.0584637635258	13.0584637635258	13.0584637635258	13.0584637635258	13.0584637635258	13.0584637635258	13.0584637635258	13.0584637635258	13.0584637635258
12.0560164815091	12.0560164815091	12.0560164815091	12.0560164815091	12.0560164815091	12.0560164815091	12.0560164815091	12.0560164815091	12.0560164815091	12.0560164815091	12.0560164815091	12.0560164815091	12.0560164815091	12.0560164815091	12.0560164815091
5.47936202133105	5.58988022996616	5.52420022531581	5.41527887137201	5.40057135788343	5.39171586057921	5.09424655646959	5.02068849293531	5.02845767443863	5.32139651255572	5.2087913237466	5.05088478855194	4.97891879718615	4.99264973265914	5.11425026297258
5.93042961097697	5.70663714850072	5.81725747982684	5.52420022531581	5.54988631209145	5.93573412613173	5.44625331138308	5.45715099938819	5.4971203634938	5.57775443980147	5.55576105964633	5.98937521567546	5.50374739517033	5.25149392239584	5.33842291607201
9.70521473987745	9.63008324507637	9.68369355756652	9.89890143717525	9.74163177711536	9.78802890423443	9.66121776820698	9.68369355756652	9.74670278948457	9.76432570381978	9.77552916954591	9.76432570381978	9.60649516197874	9.65198516336582	9.53702966369196
8.27393887032335	8.22806150132448	8.4899788219945	8.30014480811532	8.34478105940308	8.35517132445498	8.24371467934382	8.25710263664905	8.29489474995743	8.4778915481069	8.42253616293447	8.53370703197312	8.77935422851247	8.11153456694148	8.55524127246013
9.64538201987573	9.66968982466573	9.66968982466573	9.62138480866257	9.57575947440693	9.63008324507637	9.54087558477235	9.52470396448041	9.57093273736826	9.56624015443631	9.5954749203366	9.56304264003607	9.74670278948457	9.55981016322429	9.66968982466573
8.72508386234714	8.69824521749877	8.74872795754862	8.67823176256755	8.76204142022922	8.69735614777152	8.59094770179614	8.65202732519758	8.55524127246013	8.54524610515436	8.61823899263462	8.61732827352763	8.80852079422399	8.69646707804427	8.70635874825493
9.41105959973395	9.40663467027552	9.43438321131286	9.19733668074543	9.3945378260857	9.31524157085171	9.23848723538496	9.27240870336915	9.22036425498419	9.17971654574491	9.22311310601955	9.11082876572229	9.13854520309684	9.19447815296413	9.31524157085171
5.03564946213086	5.39696470448101	5.22199569409155	4.9615374051707	5.0048648570273	5.11012028932307	5.06694884629475	4.94275059147362	4.99001623002099	5.06897966423794	4.89488386882242	5.05088478855194	4.8911195789744	4.65244793403074	4.98900029881764
6.75608261776821	6.81270851623858	6.76589051054885	6.91399023404231	6.60483738207437	6.66536930664304	6.59898910150958	6.42225572768887	6.486763330805	6.31125587416693	6.37718069297357	6.51451730482562	6.5653709634118	6.73212604973441	6.5653709634118
9.30847352789471	9.26456808187666	9.33337654980143	9.27100999114472	9.26690627799525	9.20297263356668	9.19046432261691	9.24234575617862	9.19447815296413	9.10653004120402	9.21270605550985	9.29452283334958	9.35417566395749	9.25805499871948	9.22910329289532
9.06805100405911	9.065481985367	9.21617682607589	9.065481985367	9.01205783361797	9.05002124488672	8.94846177414328	8.97812381344851	8.94560354191141	8.95755392286335	9.00723580246041	8.71049195801539	9.15009159754517	8.80178441418133	8.97198992711699
4.20554167068884	4.17403046615245	4.23907189906888	4.05995569476734	4.0821827222724	4.18874239691353	4.05055629122039	4.29950895943307	4.21379648885786	4.21379648885786	4.18874239691353	4.48483260877917	4.3370597985491	4.35858956608572	4.50845077132356
8.9686325405734	8.93694076091968	8.95499168572135	8.69431356943826	8.91633318402149	8.95755392286335	8.80605716634804	8.82465911945185	8.81631895329946	8.86841189597875	8.81401817263158	9.15325625573133	8.54842623158974	8.85977413577343	8.88264788609657
8.68712626775337	8.71544663174179	8.6111386038885	8.6250416614176	8.68033152521491	8.73489482512257	8.76100775885456	8.68580624722693	8.75299197042601	8.7564000281155	8.64142418873608	8.34478105940308	8.42059741655906	8.71143888458497	8.59187775056797
9.25262522260723	9.32449644031944	9.29574226611182	9.33337654980143	9.3049277845776	9.27240870336915	9.29842020646307	9.27717550245212	9.2897384257894	9.29842020646307	9.3608981556487	9.37186272742568	9.54473751616615	9.28828228991457	9.22311310601955
6.91399023404231	7.00237172564025	6.80004082803549	6.82258250521772	6.75608261776821	6.78544499557879	6.67057051191827	6.77569840332949	6.67057051191827	6.39925713734959	6.49175802029438	6.25374444081291	6.44812597236486	6.84180711750464	6.75608261776821
5.09424655646959	5.2121911243354	5.15763555953745	5.17520708019743	4.91771592264772	5.09199235574754	5.19833600195182	5.19252850979285	5.26827091052194	5.02845767443863	5.05088478855194	5.35621788606236	5.05140049847058	4.99837578929155	5.01161813283396
9.71494579777847	9.75775334471165	9.70521473987745	9.77552916954591	9.74670278948457	9.74670278948457	9.77552916954591	9.74163177711536	9.69605417146691	9.63008324507637	9.66121776820698	9.52470396448041	9.60098637511643	9.74670278948457	9.68369355756652
8.84294046279475	8.86512815402354	8.8867985790453	8.7659424306885	8.79592872547256	8.75758069589854	8.71466155409817	8.79828660827459	8.77602958442559	8.72043736965239	8.77935422851247	8.80852079422399	8.79828660827459	8.65731472961043	8.83846691070062
4.48408591645563	4.62648129486228	4.50095649338629	4.70814471460291	4.42962966424212	4.69530781266164	4.76298276514229	4.27281939644491	4.63721648381549	4.67546590053605	4.56523483324885	4.84060184410251	4.89963411310301	4.8094821114793	4.76803227196899
9.07846441915555	9.09323933920874	9.15325625573133	9.08197394071086	9.16874748407932	9.13485951677162	9.05351868610594	9.00190501489563	9.065481985367	9.13485951677162	9.08021917993321	9.20655689260486	9.41105959973395	9.065481985367	9.25482035761198
9.36223523294778	9.40323817852744	9.39178845292731	9.42537487155412	9.35326351330983	9.42537487155412	9.42060205823717	9.37603369892517	9.43220113022434	9.45877359778316	9.45181382350165	9.40323817852744	9.43936601076505	9.44777761702757	9.43001904913582
8.59187775056797	8.63899548384552	8.55879463653917	8.60591628734557	8.55119688063472	8.51136454195469	8.65731472961043	8.49752622163746	8.60680495653491	8.68314137669442	8.66306260689033	8.10140710552101	8.63659667879088	8.78801710902707	8.64142418873608
9.67645504562919	9.69605417146691	9.72926356135049	9.63635039147583	9.73492606766064	9.64214368701002	9.57575947440693	9.57924381046972	9.55981016322429	9.55436870275962	9.55436870275962	9.60649516197874	9.74163177711536	9.57575947440693	9.66121776820698
7.50874183090437	7.61297579801364	7.56416355944029	7.5491658477694	7.53566287132275	7.37680874141499	7.40131813228651	7.36766152610669	7.4128714841918	7.23008427785437	7.3516924956487	7.77326747041269	7.12990012927149	7.65541754832445	7.29504337806287
4.98900029881764	4.85521064821232	5.10380714300484	4.95099541646718	4.95219519507512	4.84140780861335	4.83105146390525	4.84278877242498	5.09424655646959	5.08814203318424	4.96053503821025	4.72503350880035	4.76058276258798	4.81790603093517	4.92463625618223
7.33441193728995	7.26145426085272	7.36766152610669	7.25825470237402	7.37680874141499	7.3853479023781	7.21500237674531	7.3516924956487	7.39277619037253	7.32591326748307	7.31192760756838	7.19233963662134	7.52979877195074	6.97354350806144	7.17997490708986
7.24088480509916	7.21500237674531	7.07632285268707	7.46202237302462	7.24481226943218	7.17997490708986	7.26465381933141	7.24088480509916	7.20949853315428	7.07632285268707	7.07632285268707	6.91017807311324	7.47071044289329	7.50874183090437	7.12990012927149
9.51642486475383	9.5514221205822	9.44212575159206	9.52106338066928	9.50261179153528	9.54087558477235	9.47843653026122	9.47049966457852	9.52470396448041	9.40323817852744	9.42537487155412	9.52106338066928	9.26200149585839	9.41427535326587	9.44777761702757
6.21623916382379	6.33314011108085	6.09478615925361	6.7447509364886	6.46688286932689	6.54819750402501	6.81270851623858	6.91017807311324	6.85526341677973	6.51920310408295	6.60483738207437	6.51451730482562	6.45720864789511	6.63287793963552	6.57648942902568
7.94206843609343	8.05033062742451	8.13549210166153	7.98825047924117	7.96824749619801	8.11153456694148	7.92250581545571	7.74274351762016	7.94206843609343	7.94880139671324	7.92250581545571	7.79084088844057	8.49916759637214	8.03574177235209	7.88092823354397
3.92469376590489	4.1473363546895	4.05055629122039	3.90774344895922	4.5907440307808	4.0821827222724	4.53405451283252	4.31819928735259	4.52133958398215	4.59314096976336	4.28004644709527	4.80667508056533	4.47974427089653	4.28004644709527	4.48616310971312
8.1594195206021	8.25710263664905	8.15550354402572	8.2038882747389	8.19257236872661	8.18454479668911	8.22806150132448	8.19257236872661	8.24371467934382	8.18454479668911	8.25710263664905	7.97028468629931	8.56489863831186	8.07803413040849	8.17485803552304
9.48168262115587	9.50261179153528	9.5514221205822	9.54801199604914	9.46222860609778	9.48168262115587	9.48885226004149	9.43687461103895	9.46762739617921	9.41105959973395	9.48168262115587	9.35106401084638	9.45539951325012	9.46315265528425	9.51191302786147
4.63500879386324	4.57768251850621	4.69724264275212	4.52840341562018	4.63500879386324	4.73974793881662	4.60542238843281	4.47672987125051	4.48154174751432	4.56373918886939	4.76752037061	4.99632154669275	4.76925679821278	4.69337298257115	4.61172825424105
9.10109522565084	9.08197394071086	9.065481985367	9.13485951677162	9.07546915877669	9.03988108559533	8.96284281543048	9.00455728472585	8.97510776654727	8.96038436522069	8.93132661036516	8.95755392286335	9.09323933920874	9.01489043569884	8.89323290573921
8.97198992711699	8.97661578999789	8.93694076091968	8.84749414352651	8.95896914404202	8.87280145266125	8.92894312343409	8.87590921471334	8.93132661036516	8.90992638063681	8.94143067385592	8.48326889745707	9.12539413921632	8.92167279649783	8.81084925643643
5.19550218549115	5.47553095091665	5.33842291607201	5.39171586057921	5.50374739517033	5.52420022531581	5.2121911243354	5.45130324137722	5.39434028253011	5.19252850979285	5.41823626864224	5.05088478855194	5.08814203318424	5.210491224041	5.26273050032272
9.09323933920874	9.04660262759336	9.08197394071086	9.0134741346584	9.00455728472585	9.05232570710509	8.92167279649783	8.99266846291951	8.96284281543048	8.90358395748893	8.8867985790453	8.7659424306885	9.04355034378011	9.00838863400321	8.98909461499694
9.15972759004485	9.19865815093134	9.227786433666	9.29330340058735	9.19997962111724	9.26690627799525	9.16422237479999	9.13114155167921	9.16874748407932	9.23042015212465	9.2343307653658	9.16422237479999	9.48885226004149	9.10653004120402	9.13114155167921
4.93881142997431	4.83431293352261	5.19650067068563	5.05114264351126	4.92892556147167	4.97683480245362	4.60542238843281	4.76752037061	4.91265794988901	4.75818276003366	4.91771592264772	4.84060184410251	4.93996988823324	5.03991174456416	4.81659578275158
9.07546915877669	9.14820853522101	9.05002124488672	9.11878303774895	9.13485951677162	9.15009159754517	9.20655689260486	9.1870356829014	9.22617322389272	9.25805499871948	9.22036425498419	9.43936601076505	8.90741399020751	9.30847352789471	9.25262522260723
6.23535230338289	6.25374444081291	6.13021948956957	6.5098315055683	6.57093019621874	6.66536930664304	6.40992135932374	6.26442569007875	6.44812597236486	6.87208314422273	6.66016810136781	6.77569840332949	6.97354350806144	6.27758700852164	6.59314082094479
8.5726243351769	8.54524610515436	8.66808893247612	8.51557639724301	8.54842623158974	8.5427563774857	8.42253616293447	8.38984306236031	8.40616537571033	8.44312747927764	8.47310278837322	8.55430622763355	8.7458222090557	8.57071355838291	8.45709685650896
9.44777761702757	9.42060205823717	9.52470396448041	9.46762739617921	9.50829975300788	9.43687461103895	9.63008324507637	9.62511863465181	9.65717551779703	9.73492606766064	9.72926356135049	10.0466200660251	9.69605417146691	9.73492606766064	9.74163177711536
4.68068843740427	5.00966497246372	5.17663360614627	5.00019933524787	5.11425026297258	4.97683480245362	5.05833833184264	4.8254297822139	5.07119227321382	4.89488386882242	4.85521064821232	5.09424655646959	4.8501975964467	5.0809772860402	4.98900029881764
5.91122402824608	6.14530267013044	5.894937049183	6.08514708814318	5.86606364476358	5.98937521567546	6.14530267013044	6.06900482293627	5.97994166997009	6.00726979733327	5.98465844282277	5.81388440856982	6.31125587416693	5.75484698279892	5.96887615612973
5.63709792435781	5.53732217525749	5.72662809518383	5.68067741570609	5.58572254931751	5.54066686989702	5.59799276935291	5.73236401243271	5.70115868893895	5.58988022996616	5.56440405026866	5.90009165645434	5.47936202133105	5.66913985165451	5.62923975873915
4.44523932547212	4.05055629122039	4.65894862536964	3.99431338504485	4.45629356743923	4.24278649242326	4.13932034890061	3.76514479344294	4.20554167068884	4.17403046615245	3.99431338504485	4.25098470077357	4.15535236047839	4.16036302309562	4.29667103133627
4.51563422521158	4.45410130865027	4.29667103133627	4.64774480839586	4.5907440307808	4.63942417376775	5.19450370029666	5.10380714300484	5.17663360614627	4.95732957179621	4.51743048797677	4.29313312566823	4.83635563409526	4.95564097943747	4.68068843740427
7.3516924956487	7.3853479023781	7.19233963662134	7.50874183090437	7.28376821123045	7.26145426085272	7.16392711181853	7.12990012927149	7.16392711181853	7.01988802647107	7.01988802647107	7.28376821123045	6.91399023404231	7.29504337806287	7.07632285268707
9.3414359664441	9.43438321131286	9.30847352789471	9.35807871515955	9.38952899821722	9.47573123058613	9.45877359778316	9.30008649410105	9.41427535326587	9.48490026483124	9.45539951325012	9.22311310601955	9.18450848575216	9.42060205823717	9.37186272742568
7.34370506883344	7.40499802597676	7.36013369045796	7.09274299989768	7.21500237674531	7.29504337806287	6.95664985275887	6.95664985275887	7.1448349407764	6.84180711750464	6.75608261776821	6.30686968843506	7.59974741468694	6.81270851623858	6.80004082803549
7.52979877195074	7.54414345204262	7.66958592298459	8.11671008737282	7.98825047924117	7.94206843609343	8.51557639724301	8.54981155611223	8.49752622163746	8.72992670746979	8.66046826110929	8.89323290573921	8.61641755442064	8.55337118280696	8.73224444774986
7.91356801722172	7.77609766810444	7.86602169108491	7.68141349867402	7.8373286889185	7.8522119722874	7.60702552144724	7.77043727272094	7.60702552144724	7.56416355944029	7.74274351762016	8.15025944816908	7.8522119722874	7.42242274190144	7.77043727272094
8.56880278158891	8.4521534861607	8.7458222090557	8.42253616293447	8.57633992347061	8.53905539769339	8.41865867018366	8.6339732228568	8.41865867018366	8.48662235255507	8.42823675795799	8.63018395167856	8.7274106462109	8.27393887032335	8.50822665544049
8.5877273719349	8.42823675795799	8.56097112663038	8.44828557879975	8.55524127246013	8.42823675795799	8.35517132445498	8.44312747927764	8.31057535563001	8.35193305495664	8.37511195032467	8.87060667432	8.49916759637214	8.74191898621748	8.51702703932103
6.0792330284589	6.0624329892396	6.13021948956957	6.14530267013044	6.02624370006058	6.08514708814318	5.85487711536484	5.86099544832261	5.83140201873829	6.03564826975387	5.98465844282277	6.09851117067976	5.9739785632074	6.39925713734959	6.16240255989728
8.97812381344851	8.94143067385592	8.97031123384519	8.89556406437521	8.88133316209052	8.86841189597875	8.75438510957776	8.81927007778867	8.7274106462109	8.70455825096829	8.73633527743724	8.69431356943826	8.82196517443466	8.74191898621748	8.88001843808446
8.85653821461646	8.92546562523457	8.84294046279475	8.78491825839728	8.82565813078668	8.81084925643643	8.8393023790087	8.80178441418133	8.81084925643643	8.80469609019103	8.80178441418133	8.22269342093584	9.00954146554601	8.7564000281155	8.6359482320245
9.63635039147583	9.57093273736826	9.66121776820698	9.55981016322429	9.56464139723619	9.59015729467653	9.5514221205822	9.55436870275962	9.56304264003607	9.52470396448041	9.613118386033	9.46762739617921	9.62138480866257	9.66121776820698	9.55436870275962
9.59015729467653	9.57575947440693	9.61721538308364	9.53702966369196	9.54801199604914	9.55436870275962	9.55981016322429	9.57093273736826	9.54801199604914	9.50261179153528	9.50545152862109	9.48885226004149	9.32279857610456	9.81297808558258	9.56858644590228
9.61930009587311	9.61721538308364	9.54801199604914	9.64214368701002	9.62138480866257	9.60649516197874	9.50545152862109	9.53702966369196	9.58484771110224	9.42060205823717	9.46130455691131	9.33337654980143	9.38952899821722	9.57924381046972	9.54473751616615
9.36644867778796	9.36644867778796	9.40323817852744	9.44074588117855	9.3497766590306	9.3414359664441	9.33337654980143	9.34802545771947	9.35417566395749	9.26690627799525	9.29574226611182	9.27985937549055	9.44452968175994	9.27985937549055	9.35417566395749
9.12539413921632	9.0581696211132	9.11521505034325	8.92894312343409	9.04660262759336	9.00455728472585	8.87280145266125	8.97198992711699	8.90358395748893	8.91351431031485	9.00954146554601	9.00723580246041	9.23569320006224	8.67823176256755	9.00723580246041
9.0134741346584	8.99624196071311	9.07546915877669	8.96513420290054	8.981963274727	8.90358395748893	8.84988973042175	8.89802539686686	8.7659424306885	8.80852079422399	8.87446351331605	8.85113143960458	8.93694076091968	8.78414302067414	8.81822407404889
9.29119456166422	9.26200149585839	9.26200149585839	9.09775484353706	9.22697982877936	9.17971654574491	9.12361987796059	9.19447815296413	9.15325625573133	9.16874748407932	9.16874748407932	9.09942503459395	9.31183084065364	9.13485951677162	9.23569320006224
8.66908125701909	8.66808893247612	8.57633992347061	8.65889149535986	8.60832860042823	8.66046826110929	8.53518279953012	8.54524610515436	8.52412001764166	8.4778915481069	8.57980529052903	8.67434674540178	8.20689779680112	8.50388981642842	8.4899788219945
5.25056950395719	5.47553095091665	5.54988631209145	5.33346802480888	5.25826675358621	5.18578650889593	5.13698026050925	5.06897966423794	5.05140049847058	5.08814203318424	5.23841128246186	5.33346802480888	4.9597766011826	5.2917058839754	5.10117421581758
8.74057454754812	8.82031608152845	8.70286798030464	8.86246401317786	8.77935422851247	8.80852079422399	8.80333501403402	8.76725957032701	8.83229194177751	8.76964339027109	8.75368854000189	8.80178441418133	8.4899788219945	8.93459395501345	8.74783278134193
5.14990732030744	4.90294002238145	4.84786054003512	4.91771592264772	4.91771592264772	4.88235313094635	4.93915128887784	4.99103216122433	4.69061792633368	4.8094821114793	4.68450692252451	4.87128155562703	4.767008469251	4.79132429645774	4.80321830379015
5.03564946213086	4.87337636863316	4.81790603093517	4.79132429645774	4.8911195789744	4.90575958048566	4.46657037598031	4.67070202978853	4.77048132445657	4.7432811022255	4.65569827970019	4.70622504377143	4.7210885672336	5.01287473739608	4.7210885672336
8.28001798537057	8.314157000865	8.28964469179955	8.52787809217192	8.45446838099333	8.39564555063122	8.70635874825493	8.67114061695808	8.77071007057666	8.7458222090557	8.70635874825493	8.57071355838291	8.75876136368158	8.84988973042175	8.6250416614176
9.50829975300788	9.54473751616615	9.55436870275962	9.720976247618	9.72926356135049	9.70521473987745	9.78802890423443	9.81297808558258	9.75775334471165	9.72926356135049	9.78802890423443	9.75775334471165	9.613118386033	9.70521473987745	9.75775334471165
8.7458222090557	8.78300556076049	8.7564000281155	8.64986471925817	8.71387647645454	8.72395023001615	8.64550549570007	8.73777572975191	8.73108557760982	8.64212711673594	8.63899548384552	8.80178441418133	8.49359276111574	8.78061116467966	8.74326342488683
8.09697831812182	8.03811321260564	8.00812393252113	7.8742278974497	8.02482857322482	7.97232187640061	7.86005235269005	7.8407272492896	7.88092823354397	7.82139340120504	7.76613951191916	7.69063440864702	7.66958592298459	7.89000428910418	7.89000428910418
6.34029708677023	6.06900482293627	6.20862956429249	6.46688286932689	6.01585483588605	6.20862956429249	6.25945336257234	6.29463327424487	6.37718069297357	6.5098315055683	6.28678304578653	6.22960053336899	6.28678304578653	6.62080641750005	6.39925713734959
6.80004082803549	6.7447509364886	6.81270851623858	6.63709532772634	6.52846120155559	6.51920310408295	6.5098315055683	6.4346246882202	6.39415566627764	6.32598313539147	6.26939801758516	6.58481512498523	6.17107267118558	6.68640144252836	6.2017768906391
9.0134741346584	9.10653004120402	8.94846177414328	9.20297263356668	9.08197394071086	9.16422237479999	9.29224898112578	9.21107164765916	9.25262522260723	9.34627425640834	9.30334028315831	9.065481985367	8.92167279649783	9.33646366121822	9.24513009007516
5.03564946213086	4.95732957179621	5.05088478855194	4.59425781171198	5.01287473739608	4.99103216122433	4.95732957179621	4.68658179838757	4.79132429645774	4.94275059147362	4.8911195789744	4.29313312566823	4.59500037572154	4.73173931327141	4.98900029881764
8.07803413040849	8.05870009888142	8.18454479668911	7.90601438502574	8.09003845219173	7.96824749619801	7.66958592298459	7.66958592298459	7.75131132636137	7.71675878197715	7.60702552144724	7.71992001996085	8.00812393252113	7.49290531145198	7.82139340120504
4.70622504377143	4.57768251850621	4.47371547160449	4.16036302309562	4.30234688752987	4.60882978590079	4.22871441664968	4.21379648885786	4.2655701944892	4.56373918886939	4.56523483324885	4.05055629122039	4.20554167068884	4.78087008403512	4.43879320600413
7.25825470237402	7.29504337806287	7.28376821123045	7.3516924956487	7.31892043752573	7.24088480509916	7.61297579801364	7.62019418769134	7.66958592298459	7.69063440864702	7.8292707523205	7.97028468629931	7.5745201035669	7.72308125794454	7.65541754832445
9.18450848575216	9.16422237479999	9.05232570710509	9.24880246429455	9.19733668074543	9.19447815296413	9.39178845292731	9.28828228991457	9.39178845292731	9.40663467027552	9.40663467027552	9.38487767045967	8.87280145266125	9.44452968175994	9.43438321131286
9.34627425640834	9.36357231024686	9.3049277845776	9.31183084065364	9.31954853542379	9.29574226611182	9.38078656682795	9.30008649410105	9.3751861282315	9.44212575159206	9.34627425640834	9.13485951677162	8.84013784731678	9.48168262115587	9.2897384257894
9.39856497262026	9.3945378260857	9.44777761702757	9.39065872557227	9.42060205823717	9.40663467027552	9.227786433666	9.32788878574437	9.31183084065364	9.23569320006224	9.26456808187666	9.35612718955852	9.3751861282315	9.38952899821722	9.3049277845776
7.70932989927715	7.72308125794454	7.70932989927715	7.4798776358015	7.47529403934739	7.50874183090437	7.25825470237402	7.1448349407764	7.23008427785437	6.97354350806144	7.05910335756478	6.61282189978721	6.95664985275887	7.44382170588764	7.23008427785437
8.84013784731678	8.86045016379908	8.80178441418133	8.86677002500114	8.8637960836007	8.84988973042175	8.8393023790087	8.81927007778867	8.90992638063681	8.81401817263158	8.86512815402354	9.07696678896612	8.80333501403402	8.92546562523457	8.92546562523457
8.91633318402149	9.00838863400321	8.95755392286335	8.9686325405734	8.86045016379908	8.9686325405734	8.93459395501345	8.86841189597875	8.91633318402149	8.92167279649783	8.9686325405734	8.68956733608577	9.08197394071086	8.83032381058258	8.82031608152845
4.15535236047839	4.20554167068884	4.05055629122039	4.48483260877917	3.90774344895922	4.22871441664968	5.04527177735442	4.84278877242498	4.86503217962902	4.97004986535672	5.03458389529814	4.597849322089	5.3090865891709	5.23717528810705	5.07391359159445
9.03413920543934	9.05471166510679	9.03413920543934	9.07194061194628	9.09323933920874	9.13854520309684	9.10391908591507	9.0581696211132	9.04355034378011	9.05002124488672	9.01205783361797	8.97661578999789	8.81516856296552	8.99889442219497	9.05232570710509
8.69646707804427	8.65889149535986	8.6250416614176	8.69824521749877	8.80178441418133	8.82565813078668	8.82031608152845	8.81631895329946	8.80469609019103	8.83846691070062	8.76307508160388	8.82196517443466	8.57807260699982	8.80605716634804	8.86045016379908
4.15535236047839	4.22871441664968	4.23907189906888	4.82146705081108	4.21379648885786	4.31223602035197	4.86291528469936	4.75242756377344	4.61010014644508	4.81968654087312	4.58834709179824	4.67546590053605	4.8254297822139	4.84336377172577	4.86291528469936
8.58513173977196	8.5726243351769	8.51847768139905	8.5427563774857	8.5877273719349	8.49752622163746	8.63018395167856	8.56489863831186	8.60502761815623	8.64212711673594	8.56685070995038	7.94880139671324	8.71143888458497	8.70455825096829	8.55337118280696
4.91265794988901	5.07989453032951	5.03564946213086	4.74210999168288	4.76803227196899	4.82983269486053	4.73456259961089	4.79532810331819	4.76298276514229	4.89488386882242	4.70440907924488	4.597849322089	4.56935140580521	4.56230737851648	4.61172825424105
4.82853723906211	4.59369939073767	4.44201626573812	4.26217609276493	4.74727293735895	4.05055629122039	4.29950895943307	4.44778031029133	4.32834179578958	4.38764986839973	4.55293725283897	4.76803227196899	4.2655701944892	4.57696135039971	4.37456346339866
5.33511801433061	5.47553095091665	5.71211560806248	5.09663435770058	5.40057135788343	5.35522895268737	5.11012028932307	5.285077198304	5.2823263479625	5.21547039117141	5.2917058839754	4.90575958048566	5.23204218766693	5.13902132814224	5.1726588436572
4.9032616947159	5.04955568619356	5.19650067068563	4.98065930341589	4.87655127262639	5.11012028932307	5.11012028932307	5.01064155264884	5.0897381550255	4.94275059147362	4.93881142997431	5.07340488218969	4.84140780861335	5.10828017975758	5.12230550650889
8.73108557760982	8.82196517443466	8.66046826110929	8.80333501403402	8.7904697624973	8.78924343576218	8.84749414352651	8.78569349612041	8.78569349612041	8.7904697624973	8.81927007778867	8.7659424306885	8.55524127246013	8.84013784731678	8.77071007057666
8.70286798030464	8.80255971410768	8.67220765235411	8.82745646307206	8.81401817263158	8.76857670996551	8.89323290573921	8.95499168572135	8.89323290573921	8.85555067978593	8.8393023790087	8.93694076091968	8.65202732519758	8.95206623268534	8.82565813078668
6.00726979733327	5.99557489014196	5.84778238793544	5.9479638189442	5.69916432682735	5.68436298086363	5.98937521567546	5.76342764483111	5.95259188318456	5.794277265492	5.86099544832261	5.38697812133492	6.16240255989728	6.11972763096524	5.79176742594846
8.57980529052903	8.48662235255507	8.70954503144582	8.44312747927764	8.67669158572915	8.58513173977196	8.39564555063122	8.42823675795799	8.44828557879975	8.40026083822718	8.4457065290387	8.61732827352763	8.5726243351769	8.17485803552304	8.5427563774857
9.82366051298013	9.74163177711536	9.78802890423443	9.5954749203366	9.65198516336582	9.73492606766064	9.62138480866257	9.69605417146691	9.64538201987573	9.61721538308364	9.64538201987573	9.70521473987745	9.68369355756652	9.60649516197874	9.67645504562919
5.25056950395719	5.16903741970713	5.51627305294122	5.20614170345084	5.17663360614627	5.24486991529254	5.09424655646959	5.18194794646551	5.0233234241119	5.25149392239584	5.0897381550255	5.33346802480888	5.06694884629475	4.83431293352261	5.05695112523419
4.93881142997431	5.15611256315449	4.96738601709057	5.15611256315449	5.24846581125889	4.88235313094635	4.98675861975919	4.97628170147569	4.5957429397311	5.0157478552502	4.86291528469936	5.11589407797108	5.16277171535413	4.9032616947159	4.97422115706032
4.40097381756948	4.64518844057358	4.74727293735895	5.11218527614782	4.67546590053605	4.46209161154356	5.03169952212304	5.03564946213086	4.88768209579676	5.2917058839754	5.11753789296958	4.96053503821025	5.22720387780459	5.0220059585236	5.12230550650889
4.82853723906211	4.69337298257115	4.69724264275212	4.66268473362916	4.61010014644508	4.48616310971312	4.70622504377143	4.50344398270358	4.3926617620693	4.64155335285657	4.58834709179824	4.48483260877917	4.58305432029445	4.57696135039971	4.48616310971312
8.87590921471334	8.92012570905758	9.05644064310999	8.93694076091968	8.91351431031485	8.81401817263158	8.79478143150532	8.79592872547256	8.82745646307206	8.84581400600835	8.83394129601695	9.06805100405911	9.2343307653658	8.61641755442064	8.90549897384822
9.75775334471165	9.720976247618	9.73492606766064	9.68369355756652	9.68369355756652	9.74163177711536	9.69605417146691	9.66121776820698	9.67645504562919	9.65919664300201	9.68369355756652	9.57924381046972	9.72926356135049	9.62138480866257	9.69605417146691
4.97628170147569	5.33346802480888	5.07881177461881	5.01224643511502	5.19055331928903	5.27287207900481	5.28964146350822	5.39171586057921	5.43722851396954	5.25149392239584	5.22199569409155	5.3007180420422	5.285077198304	5.41232147410177	5.29616869463795
3.83340104571923	3.83340104571923	3.83340104571923	4.16036302309562	4.18268724659203	4.0821827222724	4.79027657641093	4.74210999168288	4.72585795095325	4.65569827970019	4.79532810331819	4.64155335285657	4.99426730409395	4.71246269070327	4.94979563785923
8.82114062798155	8.81631895329946	8.89556406437521	8.81401817263158	8.79363413753807	8.82196517443466	8.77071007057666	8.81084925643643	8.84294046279475	8.82889013682732	8.85653821461646	8.85113143960458	9.07846441915555	8.7904697624973	8.87735491611063
7.56416355944029	7.5745201035669	7.4798776358015	7.66692391746568	7.5745201035669	7.61297579801364	7.53566287132275	7.55500897271021	7.51918485121301	7.3853479023781	7.45332583885839	7.43580107048696	7.44382170588764	7.45332583885839	7.36013369045796
9.35417566395749	9.3414359664441	9.31524157085171	9.44777761702757	9.42537487155412	9.43001904913582	9.46130455691131	9.43687461103895	9.38952899821722	9.41674159777012	9.38354822964163	9.32619430453433	9.17356479506693	9.45877359778316	9.42537487155412
5.29616869463795	5.39696470448101	5.18918588588656	5.57394401093409	5.28964146350822	5.35522895268737	5.84778238793544	5.58988022996616	5.74905947988446	5.91720179276649	5.85487711536484	5.57394401093409	5.64226048568534	5.86606364476358	5.88049890635993
5.18194794646551	5.2121911243354	5.47553095091665	5.31115382825284	5.44877827638015	5.56440405026866	5.35841910537604	5.43722851396954	5.46004137950945	5.54988631209145	5.57394401093409	5.52978997987326	5.42525026166233	5.53355607756537	5.46004137950945
4.75818276003366	4.71486099597216	4.55622706917017	4.3318679408064	4.70622504377143	4.37294327972613	4.59500037572154	4.55458216100457	4.46440624455207	4.36954176636531	4.3926617620693	4.3955323409905	4.63721648381549	4.28004644709527	4.48616310971312
5.8635295465431	5.81725747982684	5.88049890635993	5.90524626372567	5.97994166997009	5.88337125992617	5.79176742594846	5.74905947988446	5.8635295465431	5.99557489014196	5.75883258704891	6.01585483588605	5.62923975873915	5.73809992968159	6.06900482293627
8.7659424306885	8.77602958442559	8.77279797349928	8.71049195801539	8.73777572975191	8.75299197042601	8.73224444774986	8.66306260689033	8.68956733608577	8.56685070995038	8.64283004473579	8.5830051620985	8.68712626775337	8.61242496345545	8.70455825096829
8.64283004473579	8.62231606106456	8.5427563774857	8.69193452178509	8.51136454195469	8.51847768139905	8.46891845510728	8.50707889234044	8.54524610515436	8.33007243970922	8.34478105940308	8.15025944816908	8.16333549717848	8.55988288158477	8.29489474995743
8.76857670996551	8.7458222090557	8.74326342488683	8.58513173977196	8.68448622670049	8.67434674540178	8.4899788219945	8.57980529052903	8.61242496345545	8.49752622163746	8.5877273719349	8.7904697624973	8.59671614349907	8.6250416614176	8.64446704905499
9.76432570381978	9.76432570381978	9.71494579777847	9.79878813566157	9.83957109187212	9.85126464572283	9.9363920705574	9.88526522704136	9.92633383178448	9.88526522704136	9.85126464572283	10.089085598393	9.62511863465181	9.78802890423443	9.81297808558258
4.36317500138137	4.35496727823198	4.18268724659203	4.20966907977335	4.36954176636531	4.31223602035197	4.22871441664968	4.52840341562018	4.3926617620693	4.24278649242326	4.22125545275377	4.19479754723502	4.18268724659203	4.0135683050885	4.32834179578958
4.88403131917296	5.00966497246372	4.90128706774223	5.18918588588656	5.05088478855194	4.99103216122433	5.23717528810705	5.39696470448101	5.52978997987326	5.48355412484162	5.45715099938819	5.11589407797108	5.58572254931751	5.67699185054856	5.54988631209145
4.55293725283897	4.48408591645563	4.72668239310614	4.48483260877917	4.5907440307808	4.40354471522727	4.58305432029445	4.49060209088323	4.5391050543622	4.35134499037824	4.62956142926555	4.3318679408064	4.3955323409905	4.48408591645563	4.54215554782726
5.06694884629475	5.29616869463795	5.10380714300484	5.40417801128585	5.09424655646959	5.18578650889593	5.29856708483332	5.24486991529254	5.43722851396954	5.38224038209063	5.35621788606236	5.35621788606236	5.33511801433061	4.94275059147362	5.33346802480888
3.92469376590489	4.03282322513216	4.3713230960536	4.11991463518791	3.94164408285057	4.28959522000019	4.16537368571286	3.99431338504485	3.94164408285057	3.99431338504485	4.12961749204426	4.05055629122039	3.94164408285057	4.28004644709527	4.37456346339866
4.84221377312418	4.69337298257115	4.81790603093517	4.51204249826757	4.81659578275158	4.71986923471804	4.56523483324885	4.72668239310614	4.40354471522727	4.47371547160449	4.51743048797677	4.67546590053605	4.3713230960536	4.32327054157109	4.78616943420059
9.14632547289684	9.11521505034325	8.99624196071311	9.08607014301743	9.07194061194628	9.07546915877669	9.21270605550985	9.20655689260486	9.27717550245212	9.18875000275916	9.17971654574491	9.21617682607589	8.76100775885456	9.32958326695441	9.28405797125811
9.17356479506693	9.1870356829014	9.19733668074543	9.14267120119302	9.21617682607589	9.22036425498419	9.19733668074543	9.15785588311065	9.18450848575216	9.25482035761198	9.20297263356668	9.25482035761198	9.28246719356102	9.22036425498419	9.14193852348919
4.69530781266164	4.62648129486228	4.56935140580521	4.38764986839973	4.70622504377143	4.46209161154356	4.71864990220247	4.62648129486228	4.64879526758996	4.76925679821278	4.46657037598031	4.51922675074196	4.2554683157695	4.21379648885786	4.63500879386324
7.31192760756838	7.49290531145198	7.26465381933141	7.408677919667	7.1448349407764	7.16392711181853	7.12990012927149	6.97354350806144	7.12990012927149	6.70587095461196	7.04191329427502	6.30686968843506	7.12041187414931	7.00237172564025	6.85526341677973
8.08384452442114	8.12452684828891	8.10140710552101	8.07803413040849	8.00812393252113	8.09919271182142	7.93189460111895	7.86005235269005	8.01820191249467	7.92250581545571	7.97920285078495	7.76184175111739	8.47310278837322	7.86602169108491	7.95985886011564
7.40131813228651	7.52979877195074	7.44382170588764	7.40131813228651	7.408677919667	7.32591326748307	6.93763229190769	7.01988802647107	7.05910335756478	6.91399023404231	6.82258250521772	7.30348549281563	7.53566287132275	6.77569840332949	7.01988802647107
9.58484771110224	9.613118386033	9.48168262115587	9.58484771110224	9.613118386033	9.60098637511643	9.73492606766064	9.70521473987745	9.65198516336582	9.66968982466573	9.58484771110224	9.78802890423443	9.43001904913582	9.54473751616615	9.64538201987573
9.65198516336582	9.74670278948457	9.53702966369196	9.67645504562919	9.64538201987573	9.69605417146691	9.76432570381978	9.75775334471165	9.76432570381978	9.78802890423443	9.73492606766064	9.47573123058613	9.47843653026122	9.67645504562919	9.76432570381978
8.63899548384552	8.64364854689539	8.49359276111574	8.57633992347061	8.50707889234044	8.57633992347061	8.56685070995038	8.64924992296028	8.64142418873608	8.42823675795799	8.46375496090823	8.49916759637214	8.30014480811532	8.51702703932103	8.46375496090823
5.25056950395719	4.97787679981989	5.17663360614627	4.86918674262089	4.99264973265914	5.13557167680126	5.16012743495121	5.14761141809126	4.99001623002099	5.10644007019209	4.97628170147569	4.70622504377143	5.09544045708509	5.09890428675908	5.15224844353948
8.7904697624973	8.87363248298865	8.75438510957776	8.95206623268534	8.84413386849019	8.8370287804785	8.89802539686686	8.88264788609657	8.9235692108662	8.87590921471334	8.97812381344851	8.71544663174179	8.92894312343409	8.75438510957776	8.92167279649783
6.04590504241034	6.2017768906391	6.02624370006058	6.48176864131561	6.24803551905348	6.05286899518717	6.54819750402501	6.57648942902568	6.57648942902568	6.77569840332949	6.7447509364886	6.63709532772634	6.88597279786068	6.60483738207437	6.62080641750005
4.20554167068884	4.40948389381137	4.47371547160449	5.29856708483332	4.48408591645563	4.5751582467211	5.30286899925108	5.33842291607201	5.38224038209063	5.37366793615065	5.39696470448101	5.42525026166233	5.93953494041778	5.27505685594409	5.45130324137722
6.82753255816739	6.82258250521772	7.04191329427502	6.67057051191827	6.85526341677973	6.82258250521772	6.75041677712841	6.63287793963552	6.73212604973441	6.83248261111707	6.87208314422273	6.48176864131561	7.1448349407764	6.82753255816739	6.88597279786068
8.55119688063472	8.68381380169745	8.49752622163746	8.77441377896244	8.52133182083642	8.57071355838291	8.4521534861607	8.42059741655906	8.50707889234044	8.2038882747389	8.30014480811532	8.30699371039502	8.37999422454165	8.56489863831186	8.33007243970922
9.10653004120402	9.15785588311065	9.24234575617862	8.99266846291951	9.11302190803277	9.06101087919174	8.97812381344851	9.06805100405911	8.95627280429235	9.00954146554601	8.97510776654727	8.99088153895823	9.02336891172809	9.02211310350926	9.01079964958199
9.54473751616615	9.51642486475383	9.67645504562919	9.49702667240629	9.47843653026122	9.53702966369196	9.38354822964163	9.39856497262026	9.47573123058613	9.47049966457852	9.46315265528425	9.46130455691131	9.5954749203366	9.47049966457852	9.48885226004149
5.42174326515228	5.4342123135288	5.25826675358621	5.49048499733528	5.40057135788343	5.39171586057921	5.32139651255572	5.31619301292819	5.34449932789919	5.48355412484162	5.31115382825284	5.35621788606236	5.25241834083448	5.25826675358621	5.22199569409155
8.92720437433433	8.91633318402149	9.00455728472585	8.80178441418133	8.89556406437521	8.89050843618704	8.86045016379908	8.89556406437521	8.79363413753807	8.67669158572915	8.77279797349928	8.99756819145404	8.63018395167856	8.83846691070062	8.85237314878742
8.78414302067414	8.74962313375531	8.83846691070062	8.95755392286335	9.05002124488672	9.00723580246041	9.09323933920874	9.07546915877669	9.13114155167921	9.14267120119302	9.14267120119302	9.41427535326587	9.34627425640834	8.99266846291951	9.12184561670487
5.99557489014196	6.09851117067976	6.15363377283569	6.09851117067976	6.23535230338289	6.18906682886537	6.2734925130534	6.15363377283569	6.40992135932374	6.19492421698572	6.15363377283569	6.00726979733327	5.99557489014196	6.26939801758516	6.05286899518717
9.23569320006224	9.25805499871948	9.20655689260486	9.23569320006224	9.25805499871948	9.26200149585839	9.28828228991457	9.22311310601955	9.24513009007516	9.26961127892029	9.23569320006224	8.87060667432	9.30847352789471	9.39178845292731	9.1870356829014
7.01988802647107	7.09274299989768	6.87208314422273	7.01988802647107	6.90636591218417	6.90636591218417	6.87208314422273	6.73212604973441	6.87208314422273	6.79274291180714	6.80004082803549	5.98937521567546	6.84180711750464	7.01988802647107	6.67057051191827
8.81084925643643	8.84749414352651	8.87446351331605	8.94143067385592	8.79828660827459	8.86045016379908	8.83559065025638	8.75988456126807	8.78801710902707	8.82889013682732	8.80605716634804	8.70371311563647	8.91172034547583	8.81516856296552	8.80605716634804
7.89000428910418	7.95985886011564	7.8742278974497	7.94206843609343	7.94880139671324	8.03028517278846	8.14501535231244	8.02482857322482	8.19257236872661	8.49359276111574	8.43614527904226	8.40026083822718	8.57807260699982	8.57633992347061	8.34478105940308
4.51563422521158	4.38764986839973	4.29667103133627	4.93580315336643	5.12386368122026	4.92580099186526	5.54988631209145	5.66285106749695	5.66913985165451	5.73236401243271	5.94333575470384	5.81388440856982	5.95259188318456	5.88915415455459	5.88049890635993
3.02158458420296	3.02158458420296	2.65666608908397	3.94164408285057	3.47553963218606	3.02158458420296	4.06935509831428	4.06935509831428	4.29667103133627	4.2834183975142	4.36954176636531	3.79927291958109	5.36783075922272	4.91771592264772	4.61172825424105
9.54087558477235	9.56304264003607	9.54473751616615	9.73492606766064	9.54280655046925	9.56304264003607	9.56304264003607	9.52106338066928	9.60098637511643	9.42537487155412	9.48885226004149	9.43438321131286	9.55981016322429	9.58484771110224	9.47573123058613
8.54683616837205	8.52133182083642	8.63264666045549	8.50080897110682	8.46891845510728	8.46891845510728	8.40616537571033	8.48662235255507	8.46375496090823	8.51136454195469	8.49359276111574	8.08384452442114	8.52787809217192	8.37511195032467	8.47310278837322
7.7859467571936	7.7859467571936	7.81180818491949	7.89862895836646	7.74274351762016	7.75131132636137	7.66426191194676	7.50086550343881	7.5491658477694	7.52979877195074	7.52979877195074	7.17997490708986	7.91356801722172	7.76184175111739	7.52979877195074
7.69063440864702	7.63927854937673	7.61000065973044	7.56416355944029	7.66958592298459	7.51918485121301	7.62019418769134	7.50874183090437	7.62019418769134	7.55500897271021	7.3853479023781	6.88597279786068	7.63927854937673	7.82139340120504	7.54414345204262
8.34478105940308	8.39564555063122	8.27393887032335	8.45972533202458	8.35193305495664	8.30014480811532	8.35193305495664	8.27697842784696	8.32265060013263	8.36291840674903	8.314157000865	8.32636151992093	8.66306260689033	8.13549210166153	8.3979531944292
9.85126464572283	9.88526522704136	9.75775334471165	9.76432570381978	9.78802890423443	9.79878813566157	9.89890143717525	9.83957109187212	9.89890143717525	9.99393925466075	9.88526522704136	9.88526522704136	9.57093273736826	9.89890143717525	9.82366051298013
9.04355034378011	9.02097028286705	9.12031432722691	8.89323290573921	8.82196517443466	8.72866867684034	8.69193452178509	8.72992670746979	8.71760795818015	8.73489482512257	8.69431356943826	8.99756819145404	8.90175237722921	8.67327719887794	8.85237314878742
7.09274299989768	7.1448349407764	7.09274299989768	7.10650864776606	6.87208314422273	6.91399023404231	6.45720864789511	6.51920310408295	6.51451730482562	6.17107267118558	6.35408238777897	6.04590504241034	6.70587095461196	6.22960053336899	6.25374444081291
9.48490026483124	9.49702667240629	9.56624015443631	9.43001904913582	9.44777761702757	9.45877359778316	9.36357231024686	9.43001904913582	9.36644867778796	9.43001904913582	9.46762739617921	9.44212575159206	9.57924381046972	9.36644867778796	9.39856497262026
8.86246401317786	8.93459395501345	8.91745590281942	9.11521505034325	9.02462471994693	8.96513420290054	8.96513420290054	8.90358395748893	9.02462471994693	9.02211310350926	9.00323114981074	8.81822407404889	9.01982746222484	9.06805100405911	8.94846177414328
8.33282796563513	8.22806150132448	8.54000016006132	8.16333549717848	8.28964469179955	8.27393887032335	8.09003845219173	8.23639613244325	8.03574177235209	8.09003845219173	8.04048465285918	8.37322350748612	8.56097112663038	7.8522119722874	8.27393887032335
5.12934665831416	5.07989453032951	5.20614170345084	5.31115382825284	5.24846581125889	5.29377030444258	4.94742409606067	5.06897966423794	5.07119227321382	5.15458956677153	5.0048648570273	5.11589407797108	5.35424001931237	5.05140049847058	5.22962303273576
5.14990732030744	5.7227818303669	5.31367342059051	5.43722851396954	5.31115382825284	5.35522895268737	5.51037442684685	5.40824974269381	5.56440405026866	5.4971203634938	5.73809992968159	5.47169988050224	5.62077541401686	5.58988022996616	5.67306585110153
9.61930009587311	9.55708943299196	9.64214368701002	9.57575947440693	9.65717551779703	9.66968982466573	9.83957109187212	9.87103730492652	9.77552916954591	9.82366051298013	9.79878813566157	9.87103730492652	9.720976247618	9.79878813566157	9.88526522704136
9.54801199604914	9.53702966369196	9.62138480866257	9.54473751616615	9.60098637511643	9.61721538308364	9.63635039147583	9.60098637511643	9.63635039147583	9.613118386033	9.65198516336582	9.5514221205822	9.76432570381978	9.64214368701002	9.54971705831567
5.25056950395719	5.47553095091665	5.00202288120418	5.16541599575705	5.52978997987326	5.33346802480888	5.63709792435781	5.77498744455435	5.35841910537604	5.59799276935291	5.66285106749695	5.3007180420422	5.41823626864224	5.32733704830304	5.46004137950945
9.27240870336915	9.12539413921632	9.28696551943489	9.32958326695441	9.40663467027552	9.38078656682795	9.52470396448041	9.59015729467653	9.3945378260857	9.53702966369196	9.53702966369196	9.57575947440693	9.47049966457852	9.35235136266217	9.63635039147583
5.95818281611831	5.67699185054856	5.78220109732533	6.15801816636649	6.04938701879875	6.28678304578653	6.44812597236486	6.45720864789511	6.39415566627764	6.46688286932689	6.44812597236486	6.34029708677023	6.27758700852164	5.91720179276649	6.34029708677023
5.51332373989404	5.33346802480888	5.2121911243354	5.04174917383774	5.31115382825284	5.56440405026866	5.51627305294122	5.51627305294122	5.18578650889593	6.02624370006058	5.91720179276649	6.19492421698572	5.87762655279369	5.78220109732533	5.76802270261331
9.11878303774895	9.11082876572229	9.19997962111724	9.02462471994693	9.11878303774895	9.10391908591507	8.981963274727	9.04355034378011	9.00190501489563	8.93459395501345	8.96513420290054	9.12539413921632	8.91633318402149	8.96398850916551	9.08197394071086
5.79176742594846	5.70663714850072	5.95818281611831	5.75683978492391	5.92116344429435	5.66913985165451	5.81725747982684	5.90524626372567	5.71893556554997	5.93573412613173	6.09851117067976	5.95259188318456	5.84201434035527	5.65498394367906	5.90524626372567
7.07632285268707	7.04191329427502	7.12041187414931	7.12041187414931	7.26145426085272	7.35591309305333	7.55958626607525	7.66426191194676	7.53566287132275	7.97232187640061	7.82139340120504	8.47890180308802	7.8373286889185	7.31192760756838	7.70433716783144
6.7447509364886	6.62080641750005	6.78544499557879	6.5653709634118	6.7447509364886	6.71105439865225	6.78544499557879	6.70587095461196	6.80004082803549	7.34370506883344	6.95664985275887	7.43580107048696	6.7447509364886	6.71623784269253	6.97354350806144
8.22806150132448	8.17485803552304	8.37511195032467	8.43614527904226	8.41366286365695	8.4521534861607	9.11082876572229	9.23042015212465	9.16422237479999	9.43438321131286	9.28696551943489	9.55436870275962	9.22617322389272	8.89802539686686	9.15785588311065
6.11972763096524	5.90009165645434	6.32598313539147	6.03094598490722	6.26939801758516	6.42225572768887	6.35408238777897	6.46688286932689	6.24803551905348	6.16240255989728	6.34029708677023	6.46688286932689	6.11426176012062	5.85487711536484	6.09851117067976
8.48326889745707	8.40026083822718	8.60249583559373	8.65889149535986	8.84294046279475	8.86512815402354	9.16874748407932	9.28564874895521	8.90175237722921	9.17356479506693	9.20943723980848	9.27240870336915	9.00455728472585	8.7659424306885	9.03413920543934
7.94880139671324	7.70932989927715	7.88092823354397	7.45332583885839	7.65541754832445	7.59974741468694	8.05033062742451	8.11671008737282	7.63927854937673	7.99770021045636	7.95065031491375	8.58887251247961	7.49290531145198	7.63344597504192	7.86303702188748
6.06900482293627	6.12497356026741	6.39925713734959	6.20862956429249	6.39415566627764	6.17107267118558	6.64131271581716	6.80004082803549	6.486763330805	7.19233963662134	7.09274299989768	7.36013369045796	6.87208314422273	6.51451730482562	7.10650864776606
8.61641755442064	8.50080897110682	8.59671614349907	8.51847768139905	8.59671614349907	8.60038784229075	9.03988108559533	9.16874748407932	8.8867985790453	8.95499168572135	9.04355034378011	9.04831193624004	8.73777572975191	8.97510776654727	9.09165124021775
4.35134499037824	4.59369939073767	4.11991463518791	4.40354471522727	4.0135683050885	4.2554683157695	5.01064155264884	4.71006438543439	4.82983269486053	4.87337636863316	5.12074733179751	4.99632154669275	4.86816790858978	5.09424655646959	4.80321830379015
6.95664985275887	6.91017807311324	6.90636591218417	6.63709532772634	7.0505083259199	6.87902797104171	6.63287793963552	6.84180711750464	6.5653709634118	7.10650864776606	6.85526341677973	7.34769878224107	6.52846120155559	6.57093019621874	6.81270851623858
4.61010014644508	4.48408591645563	4.3318679408064	4.98065930341589	4.84221377312418	4.97004986535672	5.62923975873915	5.65120349534597	5.65498394367906	5.54988631209145	5.82063055108387	5.60333060094701	5.81725747982684	5.49048499733528	5.62077541401686
6.16240255989728	6.36356438953398	6.23535230338289	6.66016810136781	6.44812597236486	6.57648942902568	7.11346026095768	7.20399468956324	6.91017807311324	7.28376821123045	7.3853479023781	7.408677919667	7.34370506883344	6.95664985275887	7.05910335756478
6.28678304578653	6.03564826975387	6.06571890608793	6.51920310408295	6.66016810136781	6.5653709634118	7.11346026095768	7.09274299989768	6.91017807311324	7.33441193728995	7.10650864776606	7.1448349407764	6.93763229190769	6.64131271581716	7.19233963662134
5.14990732030744	5.31115382825284	5.17663360614627	4.95099541646718	5.21874965800742	5.20349208315508	5.12660516976721	5.03564946213086	4.9032616947159	5.09424655646959	5.10644007019209	5.13557167680126	4.92194766006045	4.9032616947159	5.1726588436572
5.33511801433061	5.2596064816671	5.46293175963071	5.18918588588656	5.54988631209145	5.36952216691459	5.34449932789919	5.36783075922272	5.15611256315449	5.32733704830304	5.35621788606236	5.33346802480888	5.21547039117141	4.95564097943747	5.2121911243354
5.11589407797108	5.2823263479625	5.01224643511502	5.06043653203945	5.17663360614627	5.02845767443863	5.18194794646551	5.37918133989273	5.2121911243354	5.25826675358621	5.2596064816671	5.4971203634938	5.13416309309326	5.00202288120418	5.32436678042938
5.05140049847058	4.99103216122433	4.86816790858978	4.67301311763694	5.11425026297258	4.85521064821232	4.75818276003366	4.89488386882242	4.95732957179621	4.77958295038724	4.8759086372099	5.23399074070959	4.86171522676668	4.82853723906211	5.06491802835156
5.75683978492391	5.64226048568534	5.68436298086363	5.69716996471575	5.71211560806248	5.81388440856982	6.0792330284589	6.09851117067976	6.02624370006058	6.2238487633551	6.31125587416693	6.2734925130534	6.04938701879875	5.94333575470384	6.0792330284589
9.03413920543934	9.01489043569884	9.10109522565084	8.92167279649783	8.91857862161734	8.93459395501345	8.91633318402149	8.97510776654727	8.82366010811703	8.83229194177751	8.89050843618704	8.83559065025638	8.69824521749877	8.80333501403402	8.95352895920334
8.99624196071311	8.86246401317786	8.96038436522069	8.8867985790453	8.88133316209052	8.82031608152845	8.86512815402354	8.90741399020751	8.83846691070062	8.74962313375531	8.7564000281155	8.89050843618704	8.68314137669442	8.74783278134193	8.80852079422399
5.22037267604949	5.13902132814224	4.92892556147167	5.06897966423794	4.97271371362288	4.99103216122433	4.76803227196899	4.95219519507512	4.71006438543439	4.89488386882242	4.99264973265914	4.96053503821025	4.8501975964467	4.81790603093517	4.84060184410251
4.9032616947159	4.32327054157109	4.59369939073767	4.83105146390525	4.98065930341589	4.82983269486053	5.09424655646959	5.23399074070959	4.86503217962902	5.04527177735442	5.04351047559608	5.0233234241119	5.11589407797108	4.80667508056533	5.3573184957192
9.20297263356668	9.12031432722691	9.31183084065364	9.14632547289684	9.19447815296413	9.15972759004485	9.05002124488672	9.16422237479999	9.0581696211132	9.065481985367	9.10109522565084	9.29452283334958	9.30175278173902	8.96398850916551	9.16159929697905
5.11589407797108	4.81040542806142	4.65894862536964	5.17520708019743	5.44877827638015	5.25056950395719	5.67306585110153	5.82063055108387	5.37121357460646	5.63316884154848	5.87762655279369	5.07340488218969	5.71211560806248	5.23717528810705	5.74357970478302
5.03564946213086	4.99632154669275	4.95901816415495	5.36952216691459	5.28964146350822	5.09199235574754	5.79964106771813	5.93573412613173	5.62923975873915	5.64742304701288	5.77498744455435	5.57394401093409	6.03564826975387	5.53355607756537	5.7227818303669
6.90636591218417	6.80004082803549	6.85526341677973	7.1448349407764	7.20399468956324	7.24088480509916	7.59974741468694	7.72308125794454	7.64477401638382	7.7859467571936	7.80805223237576	7.84412580966069	7.62019418769134	7.52979877195074	7.8522119722874
6.3186195047792	6.03564826975387	5.97696011658874	6.13021948956957	6.18320944074503	5.96377374905206	6.34029708677023	6.40992135932374	6.20862956429249	6.59314082094479	6.57648942902568	6.70587095461196	6.82258250521772	6.7447509364886	7.04191329427502
5.29616869463795	5.66285106749695	5.27731617678254	4.64774480839586	5.05088478855194	5.04674918059481	4.81040542806142	4.99103216122433	4.55458216100457	4.55066791693433	4.57135327442385	4.44778031029133	4.48483260877917	4.31223602035197	4.67185757371273
9.99393925466075	9.99393925466075	9.94645030933033	10.089085598393	10.1359843593152	10.089085598393	10.1828831202373	10.1828831202373	10.1828831202373	10.1828831202373	10.1828831202373	10.1828831202373	10.089085598393	10.089085598393	10.1828831202373
4.46209161154356	4.97787679981989	4.92892556147167	5.00019933524787	5.06491802835156	5.04674918059481	5.22720387780459	5.23399074070959	5.18578650889593	4.97683480245362	4.93881142997431	5.0233234241119	5.03991174456416	4.93088539539504	5.22962303273576
9.720976247618	9.66121776820698	9.74163177711536	9.82366051298013	9.82366051298013	9.83957109187212	9.85126464572283	9.92633383178448	9.82366051298013	9.79878813566157	9.81297808558258	9.720976247618	9.85126464572283	9.82366051298013	9.87103730492652
6.97354350806144	6.91017807311324	7.01112987605566	6.68640144252836	7.00237172564025	6.78544499557879	6.53771929902824	6.71623784269253	6.462045758611	6.4346246882202	6.62080641750005	7.06771310512593	6.54819750402501	6.40992135932374	6.32598313539147
7.51918485121301	7.32591326748307	7.54665464990601	7.53566287132275	7.63636226220933	7.64477401638382	7.88092823354397	8.03574177235209	7.81180818491949	7.76184175111739	7.69934443638572	8.11671008737282	7.37680874141499	7.21500237674531	7.66958592298459
6.26442569007875	6.29463327424487	6.44812597236486	6.01585483588605	6.28678304578653	6.36356438953398	6.11972763096524	6.0792330284589	5.92116344429435	6.06900482293627	5.95259188318456	6.34029708677023	5.90524626372567	5.84201434035527	5.99557489014196
6.37718069297357	6.09106114782745	6.45720864789511	6.40992135932374	6.486763330805	6.44812597236486	6.3186195047792	6.32598313539147	6.36356438953398	6.38905419520569	6.25945336257234	6.95664985275887	6.18320944074503	6.36356438953398	6.27758700852164
6.3186195047792	6.18320944074503	6.2238487633551	6.54819750402501	6.37718069297357	6.49175802029438	6.48176864131561	6.5653709634118	6.54819750402501	6.82258250521772	6.67057051191827	7.33016260238651	6.60483738207437	6.48176864131561	6.7447509364886
5.75683978492391	5.53732217525749	5.62923975873915	5.68067741570609	5.60333060094701	5.60790920445766	6.05286899518717	6.03564826975387	5.81388440856982	6.24803551905348	6.1771410559653	6.22960053336899	5.97994166997009	5.72662809518383	6.04590504241034
6.63287793963552	6.64131271581716	6.7447509364886	6.59314082094479	6.73212604973441	6.73212604973441	6.77569840332949	6.87208314422273	6.59314082094479	7.2487397337652	7.00237172564025	7.64477401638382	6.83248261111707	6.42225572768887	6.77569840332949
6.40992135932374	6.57648942902568	6.66016810136781	6.19492421698572	6.62080641750005	6.48176864131561	6.2238487633551	6.23535230338289	6.25945336257234	6.45720864789511	6.36356438953398	6.73212604973441	6.50079476293134	6.37718069297357	6.42225572768887
9.55981016322429	9.55708943299196	9.63635039147583	9.55436870275962	9.49702667240629	9.51191302786147	9.52106338066928	9.6332168182761	9.44777761702757	9.46130455691131	9.54473751616615	9.45539951325012	9.50261179153528	9.44212575159206	9.52106338066928
5.69716996471575	5.76802270261331	5.91122402824608	5.625007586378	5.81725747982684	5.85793628184373	5.58156486866885	5.60333060094701	5.61663161099258	5.69716996471575	5.64742304701288	5.77498744455435	5.60066168514996	5.65498394367906	5.59799276935291
6.44137533029253	6.48176864131561	6.64131271581716	6.32598313539147	6.35408238777897	6.39925713734959	5.95259188318456	6.09851117067976	5.894937049183	5.794277265492	5.80249503040071	6.05765099221338	5.80249503040071	5.69916432682735	5.81725747982684
4.93881142997431	5.07989453032951	4.90128706774223	4.86918674262089	4.87655127262639	5.12230550650889	5.07391359159445	5.14761141809126	4.92580099186526	5.2463621185606	5.21874965800742	5.18375456530777	5.10117421581758	5.03458389529814	5.23593929375225
5.54988631209145	4.97787679981989	5.75683978492391	5.66599545957573	5.62923975873915	5.46004137950945	5.43119611308806	5.60333060094701	5.40417801128585	5.25826675358621	5.32139651255572	5.19833600195182	5.27068730206553	5.11589407797108	5.42174326515228
6.55678423371841	6.5653709634118	6.5098315055683	6.93763229190769	6.91399023404231	6.81270851623858	7.49290531145198	7.63927854937673	7.36766152610669	7.53566287132275	7.59974741468694	7.93698151860619	7.65541754832445	7.3853479023781	7.64477401638382
6.51920310408295	6.39925713734959	6.40992135932374	6.38311744408963	6.59314082094479	6.53771929902824	6.37037254125378	6.39925713734959	6.30686968843506	6.40992135932374	6.4346246882202	6.40992135932374	6.35408238777897	6.35408238777897	6.4346246882202
5.19550218549115	5.20349208315508	5.27731617678254	5.31115382825284	5.38224038209063	5.41527887137201	5.6124878079683	5.80249503040071	5.49048499733528	5.68067741570609	5.53732217525749	5.66285106749695	5.58572254931751	5.52420022531581	5.71211560806248
4.81040542806142	4.75644658766744	4.84786054003512	4.91771592264772	5.01287473739608	4.88235313094635	4.67720536434157	4.87128155562703	4.80321830379015	4.87337636863316	4.81342620075954	4.80667508056533	4.90358336705036	4.91109935437338	5.08376159869159
5.03564946213086	4.69337298257115	5.07881177461881	5.33346802480888	5.13698026050925	4.99103216122433	5.56440405026866	5.52420022531581	5.52420022531581	5.75883258704891	5.78220109732533	5.285077198304	5.92512509582221	5.82063055108387	5.77859427093984
7.95985886011564	7.82139340120504	8.04048465285918	8.24371467934382	8.37322350748612	8.35193305495664	8.95206623268534	8.99889442219497	8.84413386849019	9.00190501489563	8.981963274727	9.43001904913582	8.68956733608577	8.60038784229075	8.86246401317786
7.04191329427502	6.97354350806144	7.12990012927149	6.90636591218417	7.12041187414931	7.09274299989768	7.00237172564025	7.16392711181853	6.84180711750464	6.95664985275887	6.84180711750464	6.93763229190769	6.38311744408963	6.53771929902824	6.63287793963552
9.443327716676	9.38952899821722	9.5305416141092	9.3414359664441	9.39856497262026	9.38952899821722	9.3414359664441	9.40663467027552	9.23501198271402	9.28246719356102	9.29119456166422	9.32117355576418	9.33646366121822	9.31183084065364	9.35807871515955
6.26442569007875	6.108795889276	6.29463327424487	6.4346246882202	6.486763330805	6.2734925130534	6.51920310408295	6.67057051191827	6.35408238777897	6.67057051191827	6.77569840332949	6.81270851623858	6.40992135932374	6.3024835027032	6.53771929902824
4.92463625618223	4.92194766006045	5.10380714300484	5.07391359159445	5.43119611308806	4.99103216122433	5.05114264351126	5.13175487570371	4.77958295038724	4.8094821114793	4.80556574490614	4.97787679981989	4.77829581673935	4.44984468007632	4.81659578275158
4.8911195789744	5.03564946213086	5.06043653203945	4.98065930341589	5.0233234241119	4.84140780861335	5.16012743495121	5.17663360614627	5.30701935008896	5.05114264351126	5.23204218766693	4.90575958048566	5.14106239577523	4.98239980964562	5.279575497621
4.55293725283897	4.50845077132356	4.52133958398215	4.48483260877917	4.5907440307808	4.46209161154356	4.28004644709527	4.54215554782726	4.2865068087572	4.09501034623052	4.44650981788173	4.72503350880035	4.51922675074196	4.42863860975809	4.56373918886939
7.05910335756478	7.01988802647107	7.10650864776606	7.36766152610669	7.44382170588764	7.35591309305333	7.7859467571936	7.86602169108491	7.71675878197715	7.90601438502574	8.0131629225079	8.40026083822718	8.04048465285918	7.56416355944029	8.08384452442114
6.59314082094479	6.5098315055683	6.26939801758516	6.81270851623858	6.81270851623858	6.7447509364886	7.42778043508628	7.58596049313972	7.25825470237402	7.54414345204262	7.66958592298459	7.73268024584514	7.58828513011139	7.26465381933141	7.46202237302462
5.0048648570273	5.06694884629475	5.02589054927526	4.51204249826757	5.0048648570273	4.71986923471804	4.63382517876603	5.11753789296958	4.56935140580521	4.85786290852316	5.03458389529814	4.84060184410251	5.08814203318424	4.8501975964467	5.06491802835156
9.06101087919174	8.90741399020751	8.97510776654727	8.83032381058258	8.90175237722921	8.85909810774778	8.77441377896244	8.91857862161734	8.67434674540178	8.69824521749877	8.74962313375531	8.82366010811703	8.5830051620985	8.52272591923904	8.77279797349928
5.19550218549115	5.2596064816671	5.02589054927526	5.01224643511502	4.97271371362288	4.90575958048566	4.94742409606067	4.92194766006045	4.88768209579676	4.98900029881764	4.93881142997431	4.70622504377143	5.20017133321801	4.86291528469936	5.1726588436572
4.6242500682355	4.28004644709527	3.90774344895922	4.80778441622451	4.41193123247416	4.59369939073767	4.97572860049776	5.02068849293531	4.95732957179621	4.91109935437338	4.99264973265914	4.80667508056533	5.06694884629475	4.96738601709057	4.88907251666215
4.860515168834	4.35496727823198	4.80667508056533	4.37294327972613	4.45629356743923	4.75818276003366	4.75014471224567	4.95219519507512	4.82254241598759	4.41193123247416	4.76752037061	4.64155335285657	4.84336377172577	4.61010014644508	4.96053503821025
9.38078656682795	9.32449644031944	9.3788339182234	9.227786433666	9.27985937549055	9.29842020646307	9.21617682607589	9.37186272742568	9.09942503459395	9.19447815296413	9.23848723538496	9.07696678896612	9.19997962111724	9.17115613957312	9.23848723538496
3.28332520076901	3.47553963218606	3.47553963218606	3.02158458420296	3.28332520076901	3.28332520076901	3.47553963218606	3.28332520076901	3.28332520076901	3.47553963218606	3.47553963218606	3.02158458420296	3.47553963218606	2.65666608908397	3.28332520076901
5.49048499733528	5.75883258704891	5.58988022996616	5.72662809518383	5.64742304701288	5.63709792435781	5.6942164920257	5.70115868893895	5.8635295465431	5.8635295465431	5.90524626372567	5.8635295465431	5.56008255495749	5.65498394367906	5.66285106749695
6.05765099221338	6.2238487633551	6.24803551905348	6.05286899518717	6.09851117067976	5.99557489014196	5.93573412613173	5.9739785632074	5.88049890635993	5.90524626372567	5.794277265492	6.14530267013044	5.71893556554997	5.60333060094701	5.70115868893895
8.84988973042175	8.68033152521491	8.88001843808446	8.50707889234044	8.74872795754862	8.79828660827459	8.83229194177751	8.92894312343409	8.60985224432156	8.83559065025638	8.88264788609657	8.97198992711699	8.85113143960458	8.37133506464757	8.79710766687358
5.51332373989404	5.68928973644466	5.66599545957573	5.27287207900481	5.52978997987326	5.43722851396954	5.52420022531581	5.53732217525749	5.33842291607201	5.47169988050224	5.47936202133105	5.60333060094701	5.30286899925108	5.45130324137722	5.53355607756537
9.49424878261077	9.51010639043468	9.58484771110224	9.47049966457852	9.63008324507637	9.63635039147583	9.57093273736826	9.613118386033	9.54473751616615	9.57093273736826	9.56304264003607	9.55981016322429	9.65717551779703	9.40663467027552	9.65198516336582
7.59974741468694	7.36766152610669	7.66426191194676	7.76184175111739	7.97232187640061	7.73268024584514	8.57980529052903	8.74057454754812	8.35193305495664	8.89556406437521	8.85456314495539	9.15785588311065	8.54137826877351	8.55988288158477	8.64446704905499
4.97628170147569	4.97787679981989	4.94275059147362	5.01224643511502	5.15763555953745	4.82146705081108	5.18194794646551	5.32139651255572	4.84278877242498	4.99837578929155	5.12660516976721	4.67546590053605	5.00344386911574	5.06372638029391	5.1878184524841
9.46130455691131	9.3862071112777	9.44452968175994	9.3945378260857	9.32619430453433	9.41427535326587	9.37688126961884	9.44777761702757	9.33646366121822	9.3049277845776	9.38078656682795	9.38487767045967	9.26690627799525	9.23569320006224	9.37603369892517
9.72926356135049	9.63635039147583	9.77552916954591	9.60649516197874	9.66968982466573	9.64538201987573	9.61721538308364	9.720976247618	9.5305416141092	9.54801199604914	9.62511863465181	9.60098637511643	9.61721538308364	9.38078656682795	9.60098637511643
6.68640144252836	6.60483738207437	6.42225572768887	6.97354350806144	6.95664985275887	6.97354350806144	7.82139340120504	7.77609766810444	7.90601438502574	8.17485803552304	8.23639613244325	8.19823032173275	8.48494562500607	8.22806150132448	8.19257236872661
7.71675878197715	7.55500897271021	7.71675878197715	7.8332997206195	7.75131132636137	7.77609766810444	8.12452684828891	8.34478105940308	8.02482857322482	8.13549210166153	8.15550354402572	8.22269342093584	7.95985886011564	8.16333549717848	8.20990731886335
9.94645030933033	9.94645030933033	10.0466200660251	9.92633383178448	9.94645030933033	9.92633383178448	9.9363920705574	9.99393925466075	9.87103730492652	9.83957109187212	9.94645030933033	9.77552916954591	9.89890143717525	9.94645030933033	9.92633383178448
7.16392711181853	7.07632285268707	7.24088480509916	7.60702552144724	7.45767410594151	7.63344597504192	8.47310278837322	8.5427563774857	8.18454479668911	8.63659667879088	8.64863512666239	8.71049195801539	8.2173253405472	8.19257236872661	8.50388981642842
5.11589407797108	5.10117421581758	4.71006438543439	4.76752037061	4.79027657641093	4.8006342349696	4.90951757414717	5.01064155264884	4.86503217962902	4.91771592264772	5.43722851396954	4.80667508056533	5.20614170345084	5.17393296192732	5.44174091267631
6.19492421698572	6.01156231660966	6.27758700852164	6.3024835027032	6.11426176012062	6.35408238777897	6.2734925130534	6.35408238777897	6.32598313539147	6.37037254125378	6.27758700852164	6.28678304578653	6.34029708677023	6.44812597236486	6.49175802029438
4.68068843740427	4.43879320600413	4.31521765385228	4.26217609276493	4.16036302309562	4.6742395090865	4.57135327442385	4.38694759003925	4.48154174751432	4.51743048797677	4.50719112167221	4.96053503821025	4.43879320600413	4.69337298257115	4.56373918886939
8.83559065025638	8.79363413753807	8.79828660827459	8.76307508160388	8.72866867684034	8.76450875614619	8.64212711673594	8.72508386234714	8.68712626775337	8.66808893247612	8.76100775885456	8.7564000281155	8.75438510957776	8.63018395167856	8.59001765302432
4.73974793881662	4.85521064821232	5.05088478855194	5.26273050032272	4.85786290852316	4.95099541646718	5.12074733179751	5.25241834083448	5.17663360614627	5.52420022531581	5.27505685594409	5.2596064816671	5.43722851396954	5.22199569409155	5.47936202133105
5.05140049847058	5.31115382825284	5.07881177461881	5.36952216691459	5.3414611219856	5.22037267604949	5.19055331928903	5.32733704830304	5.2823263479625	5.21547039117141	5.0897381550255	5.42525026166233	5.25241834083448	5.03991174456416	5.04822658383519
7.73268024584514	7.71675878197715	7.53566287132275	7.20399468956324	7.07632285268707	7.04191329427502	6.5653709634118	6.49175802029438	6.53771929902824	6.26939801758516	6.19492421698572	5.69569322837073	5.81725747982684	6.0624329892396	6.108795889276
8.77279797349928	8.68956733608577	8.66306260689033	8.63141530606702	8.66908125701909	8.63141530606702	8.69735614777152	8.73489482512257	8.67114061695808	8.71143888458497	8.66484371169642	8.64212711673594	8.55337118280696	8.63264666045549	8.64986471925817
7.8332997206195	7.91356801722172	7.82139340120504	7.99770021045636	7.94206843609343	7.92250581545571	7.95985886011564	7.8522119722874	7.95985886011564	7.8522119722874	7.77609766810444	7.64477401638382	7.81180818491949	7.75131132636137	7.81180818491949
7.90601438502574	7.84816889097405	7.84412580966069	7.8332997206195	7.86005235269005	7.79573501968753	7.72308125794454	7.5745201035669	7.69063440864702	7.8373286889185	7.76613951191916	7.86005235269005	8.03574177235209	7.74274351762016	7.62019418769134
8.50937441854054	8.53518279953012	8.60038784229075	8.48662235255507	8.52787809217192	8.60249583559373	8.4778915481069	8.49359276111574	8.48108535027255	8.56685070995038	8.52412001764166	8.51036948024761	8.77441377896244	8.55524127246013	8.42823675795799
8.94560354191141	8.89556406437521	9.02211310350926	8.87363248298865	8.98616125089918	8.91857862161734	8.85456314495539	8.92167279649783	8.90741399020751	8.86045016379908	8.90992638063681	8.91633318402149	9.12184561670487	8.91633318402149	8.93132661036516
8.86841189597875	8.84413386849019	8.80605716634804	8.97510776654727	8.8637960836007	8.91351431031485	9.0581696211132	8.981963274727	9.00589654359313	9.01489043569884	9.02462471994693	8.90741399020751	9.0581696211132	8.91857862161734	8.93694076091968
8.66908125701909	8.63018395167856	8.68956733608577	8.70286798030464	8.67220765235411	8.62803074788986	8.74057454754812	8.7564000281155	8.72162698366878	8.7274106462109	8.73633527743724	8.66808893247612	8.85909810774778	8.69312404561168	8.67669158572915
8.82366010811703	8.7904697624973	8.7274106462109	8.85909810774778	8.80968502533021	8.80178441418133	8.83032381058258	8.9686325405734	8.84988973042175	8.79592872547256	8.82196517443466	8.88264788609657	8.69193452178509	8.82655729692937	8.79710766687358
4.53605456089714	4.59369939073767	4.31521765385228	4.20966907977335	4.20554167068884	4.40354471522727	4.22871441664968	4.52840341562018	4.05995569476734	4.04168975817627	4.28004644709527	4.29313312566823	4.05055629122039	4.21379648885786	3.83340104571923
9.27985937549055	9.30847352789471	9.23848723538496	9.25482035761198	9.29330340058735	9.24513009007516	9.35417566395749	9.36501049401742	9.32619430453433	9.26200149585839	9.28246719356102	9.27717550245212	9.17971654574491	9.21270605550985	9.2343307653658
5.39171586057921	5.61663161099258	5.19650067068563	5.79176742594846	5.7227818303669	5.71552558680623	5.73809992968159	5.67306585110153	5.67699185054856	5.57775443980147	5.52978997987326	5.66285106749695	5.54401156453656	5.59799276935291	5.51037442684685
9.49702667240629	9.48168262115587	9.54087558477235	9.52470396448041	9.53702966369196	9.48885226004149	9.46762739617921	9.48490026483124	9.50261179153528	9.51191302786147	9.48490026483124	9.58750250288939	9.43438321131286	9.52470396448041	9.48490026483124
7.28376821123045	7.34370506883344	7.40131813228651	7.36013369045796	7.35591309305333	7.40131813228651	7.24481226943218	7.29504337806287	7.44857377237302	7.17997490708986	7.2487397337652	7.06771310512593	7.56416355944029	6.93763229190769	7.20399468956324
9.13854520309684	9.19046432261691	9.03413920543934	9.19046432261691	9.16422237479999	9.23501198271402	9.36644867778796	9.25482035761198	9.32619430453433	9.37186272742568	9.28696551943489	9.22697982877936	9.24513009007516	9.41674159777012	9.2897384257894
9.13114155167921	9.16874748407932	9.13485951677162	9.15325625573133	9.17356479506693	9.15972759004485	9.13987552444109	9.04660262759336	9.13854520309684	9.16422237479999	9.12184561670487	9.14193852348919	9.02336891172809	9.19046432261691	9.08607014301743
8.7564000281155	8.76307508160388	8.72508386234714	8.67434674540178	8.71544663174179	8.654531872333	8.55228403172084	8.70286798030464	8.51136454195469	8.37133506464757	8.56685070995038	8.58887251247961	8.08694148830643	8.71544663174179	8.47890180308802
8.64654394234514	8.56097112663038	8.5877273719349	8.52133182083642	8.55337118280696	8.53518279953012	8.67007358156206	8.59532991877492	8.55337118280696	8.55524127246013	8.62803074788986	8.7458222090557	8.33558349156103	8.7274106462109	8.55988288158477
4.97628170147569	5.05833833184264	4.87655127262639	4.83105146390525	5.0233234241119	4.92580099186526	4.97891879718615	4.75242756377344	5.09890428675908	4.81968654087312	4.84336377172577	4.97787679981989	4.65569827970019	5.07119227321382	4.70440907924488
9.28828228991457	9.35807871515955	9.22311310601955	9.36357231024686	9.29119456166422	9.24880246429455	9.37186272742568	9.34802545771947	9.29842020646307	9.31524157085171	9.25372279010961	9.42298846489564	8.82366010811703	9.45181382350165	9.19865815093134
9.02462471994693	8.95755392286335	8.86145708848847	9.02211310350926	8.99266846291951	8.97510776654727	8.97510776654727	9.09323933920874	9.06101087919174	8.86512815402354	8.96038436522069	9.10391908591507	8.78569349612041	9.03988108559533	8.83130787618004
6.71105439865225	6.46688286932689	6.5653709634118	6.80004082803549	6.68640144252836	6.59314082094479	6.83248261111707	6.93763229190769	6.83248261111707	6.60483738207437	6.70587095461196	6.66016810136781	6.52846120155559	6.75608261776821	6.71623784269253
6.49175802029438	6.71623784269253	6.52846120155559	6.53771929902824	6.54819750402501	6.34029708677023	6.39925713734959	6.36356438953398	6.34029708677023	6.34029708677023	6.32598313539147	5.73236401243271	6.67057051191827	6.66016810136781	6.28678304578653
8.05870009888142	8.10140710552101	8.12452684828891	8.17485803552304	8.06648143549494	8.09919271182142	8.04048465285918	7.96824749619801	7.97576236359278	8.00812393252113	7.97232187640061	8.16909676635076	8.02482857322482	8.02482857322482	7.8742278974497
5.19550218549115	5.2463621185606	5.31367342059051	5.31115382825284	5.14761141809126	5.11012028932307	5.11753789296958	5.25056950395719	5.00726491474551	5.12386368122026	4.97628170147569	4.56673047762831	5.12386368122026	4.98239980964562	5.13557167680126
8.76100775885456	8.89802539686686	8.77071007057666	8.89802539686686	8.89323290573921	8.93013486689962	9.03316711947196	8.89323290573921	8.99889442219497	9.10391908591507	9.03511129140672	8.78414302067414	8.94846177414328	9.14267120119302	9.10391908591507
7.26465381933141	7.2487397337652	7.30348549281563	7.38107832189654	7.31892043752573	7.24088480509916	7.27573093215717	7.33441193728995	7.4128714841918	7.39277619037253	7.50874183090437	7.59974741468694	7.24088480509916	7.42242274190144	7.21500237674531
9.1870356829014	9.19447815296413	9.22036425498419	9.18450848575216	9.23848723538496	9.20655689260486	9.18450848575216	9.14120584578535	9.15009159754517	9.19733668074543	9.19590741685478	9.20147612734196	9.27985937549055	9.06101087919174	9.22617322389272
9.29708123628745	9.26690627799525	9.28696551943489	9.22617322389272	9.24373792312689	9.19865815093134	9.23569320006224	9.24513009007516	9.3049277845776	9.2343307653658	9.1870356829014	9.05644064310999	9.1870356829014	9.24696627718486	9.20655689260486
7.69934443638572	7.66692391746568	7.63927854937673	7.73268024584514	7.72308125794454	7.76184175111739	7.73268024584514	7.71675878197715	7.77609766810444	7.66958592298459	7.66426191194676	7.47529403934739	7.4170650487166	7.77609766810444	7.63927854937673
9.14120584578535	9.227786433666	9.09775484353706	9.27985937549055	9.17971654574491	9.24234575617862	9.20297263356668	9.09006314122676	9.17356479506693	9.35326351330983	9.33646366121822	9.36644867778796	9.48490026483124	9.15167392663825	9.09165124021775
4.32327054157109	4.38764986839973	4.13932034890061	4.61172825424105	4.23907189906888	4.33010486829799	5.00202288120418	5.03564946213086	5.17663360614627	5.29856708483332	5.4282231873752	5.33346802480888	5.69716996471575	5.26827091052194	5.2121911243354
8.53905539769339	8.60038784229075	8.50080897110682	8.54981155611223	8.4899788219945	8.45446838099333	8.50080897110682	8.41366286365695	8.49359276111574	8.4386372416843	8.4521534861607	8.29489474995743	8.35193305495664	8.54981155611223	8.38382987798764
8.39564555063122	8.4386372416843	8.38382987798764	8.49359276111574	8.45021953248023	8.38382987798764	8.40026083822718	8.44828557879975	8.38984306236031	8.25710263664905	8.32265060013263	8.24005540589353	8.62803074788986	8.48662235255507	8.26635998150373
9.227786433666	9.22617322389272	9.25482035761198	9.27717550245212	9.26961127892029	9.19865815093134	9.1870356829014	9.16159929697905	9.25482035761198	9.14820853522101	9.23042015212465	9.18577208432678	9.45877359778316	9.22464316495613	9.21270605550985
5.36952216691459	5.2463621185606	5.31367342059051	5.56440405026866	5.33346802480888	5.39171586057921	5.18194794646551	5.15763555953745	5.22962303273576	5.18014132762325	5.30494417467002	5.17663360614627	5.3090865891709	5.40057135788343	5.12230550650889
4.88403131917296	4.92194766006045	4.62956142926555	4.67301311763694	4.6878628700962	4.69530781266164	4.53405451283252	4.6075594253565	4.69061792633368	4.62201884160872	4.60328535150912	4.80667508056533	4.54527706442848	4.46440624455207	4.34225165629179
7.21500237674531	7.16392711181853	7.25825470237402	7.07632285268707	7.23008427785437	7.10650864776606	7.04191329427502	7.11346026095768	7.09274299989768	6.62080641750005	6.91399023404231	6.86367328050123	6.72418194621347	7.07632285268707	7.10650864776606
8.56489863831186	8.57633992347061	8.44828557879975	8.37133506464757	8.50937441854054	8.48494562500607	8.46375496090823	8.4521534861607	8.4309450371791	8.46375496090823	8.33007243970922	8.44312747927764	7.89000428910418	8.28001798537057	8.43614527904226
7.80805223237576	7.81180818491949	7.7859467571936	7.89000428910418	7.79573501968753	7.8742278974497	8.17485803552304	8.249370760149	8.14501535231244	8.20990731886335	8.2173253405472	8.00812393252113	7.97232187640061	8.20990731886335	8.249370760149
4.51563422521158	4.23907189906888	4.3713230960536	4.35496727823198	4.64879526758996	4.56230737851648	4.73456259961089	4.69337298257115	5.03739467212708	4.24278649242326	4.86291528469936	5.2596064816671	5.01161813283396	4.86291528469936	4.91617278135677
8.83229194177751	8.79592872547256	8.981963274727	8.56880278158891	8.97031123384519	8.89439848505721	8.78186810084684	8.71760795818015	8.74962313375531	8.90741399020751	8.78801710902707	8.94703265802734	9.07194061194628	8.6250416614176	8.8867985790453
9.36223523294778	9.39178845292731	9.35417566395749	9.41427535326587	9.32279857610456	9.37186272742568	9.35235136266217	9.35417566395749	9.39856497262026	9.22617322389272	9.24234575617862	9.41674159777012	9.19733668074543	9.41105959973395	9.34627425640834
9.45181382350165	9.45181382350165	9.38952899821722	9.64538201987573	9.47573123058613	9.45360666837588	9.49424878261077	9.50829975300788	9.50829975300788	9.47573123058613	9.49563772750853	9.24234575617862	9.38354822964163	9.49702667240629	9.36501049401742
8.49359276111574	8.51136454195469	8.70041623266362	8.64446704905499	8.64142418873608	8.70041623266362	8.73777572975191	8.67823176256755	8.75438510957776	8.78801710902707	8.72281659768516	8.90741399020751	8.99624196071311	8.63659667879088	8.68314137669442
9.52470396448041	9.54801199604914	9.5954749203366	9.56304264003607	9.58484771110224	9.55981016322429	9.50261179153528	9.51191302786147	9.50545152862109	9.49424878261077	9.49563772750853	9.48168262115587	9.70521473987745	9.5305416141092	9.58484771110224
8.59001765302432	8.6359482320245	8.53005467829403	8.67007358156206	8.59532991877492	8.59532991877492	8.60038784229075	8.61823899263462	8.6214190536256	8.60249583559373	8.61641755442064	8.33558349156103	8.42823675795799	8.46375496090823	8.47688129312578
9.24513009007516	9.31183084065364	9.23569320006224	9.20943723980848	9.24373792312689	9.23501198271402	9.26690627799525	9.17971654574491	9.20655689260486	9.29574226611182	9.32619430453433	8.89802539686686	9.44212575159206	9.23042015212465	9.11521505034325
8.25710263664905	8.38382987798764	8.37133506464757	8.28964469179955	8.32265060013263	8.31057535563001	8.30699371039502	8.28964469179955	8.26635998150373	8.45446838099333	8.30699371039502	8.27393887032335	8.66484371169642	8.05451536315297	8.24371467934382
4.36317500138137	4.84221377312418	4.42863860975809	5.09663435770058	4.62201884160872	4.88235313094635	5.285077198304	5.3007180420422	5.20183170818654	5.33346802480888	5.32139651255572	4.94044862868511	5.88915415455459	5.49048499733528	5.31115382825284
9.20943723980848	9.14820853522101	9.14632547289684	9.15785588311065	9.18450848575216	9.12539413921632	9.12361987796059	9.14267120119302	9.08607014301743	9.11082876572229	9.13114155167921	8.9235692108662	9.27240870336915	9.04355034378011	9.04355034378011
4.81040542806142	5.13902132814224	4.81790603093517	5.06043653203945	4.97271371362288	4.97004986535672	5.59799276935291	5.56008255495749	5.54401156453656	5.94333575470384	5.9739785632074	5.92116344429435	6.42225572768887	5.97696011658874	5.95259188318456
9.15972759004485	9.13854520309684	9.16159929697905	9.00838863400321	9.12184561670487	9.0581696211132	9.08197394071086	9.12539413921632	9.12031432722691	9.01205783361797	9.06101087919174	8.9235692108662	8.86145708848847	9.1870356829014	9.06101087919174
8.53905539769339	8.47310278837322	8.56880278158891	8.4521534861607	8.4955594913766	8.55879463653917	8.41366286365695	8.46891845510728	8.44312747927764	8.54000016006132	8.54000016006132	8.64863512666239	8.77071007057666	8.33282796563513	8.48662235255507
8.654531872333	8.72508386234714	8.61641755442064	8.66306260689033	8.6339732228568	8.64863512666239	8.60502761815623	8.51847768139905	8.63529978525811	8.60038784229075	8.45446838099333	8.13549210166153	8.69646707804427	8.69312404561168	8.56489863831186
5.71552558680623	5.41527887137201	5.71211560806248	5.46731582006648	5.7227818303669	5.80249503040071	5.57394401093409	5.58156486866885	5.57775443980147	5.49048499733528	5.6124878079683	5.23399074070959	5.46293175963071	5.37612229769484	5.64742304701288
8.63529978525811	8.59001765302432	8.80333501403402	8.66808893247612	8.68712626775337	8.80333501403402	8.63899548384552	8.6214190536256	8.69431356943826	8.73224444774986	8.7659424306885	8.79592872547256	9.00723580246041	8.74962313375531	8.70164210648413
7.42242274190144	7.42242274190144	7.32591326748307	7.23008427785437	7.09274299989768	7.19233963662134	6.90636591218417	6.88597279786068	7.00237172564025	6.5653709634118	6.81270851623858	6.54295840152663	6.57648942902568	7.19233963662134	6.68640144252836
6.44137533029253	6.68640144252836	6.52846120155559	6.88597279786068	6.80004082803549	6.85526341677973	6.62080641750005	6.64131271581716	6.70587095461196	6.64131271581716	6.68640144252836	7.03090066037304	6.59314082094479	6.85526341677973	6.66016810136781
9.0581696211132	9.05117347599591	9.02911380696646	9.03316711947196	9.10391908591507	9.08197394071086	9.01982746222484	8.96513420290054	9.02211310350926	8.97661578999789	8.92546562523457	9.05644064310999	8.70954503144582	8.981963274727	9.0003997185453
4.51563422521158	4.74269554695419	4.56935140580521	4.61172825424105	4.63500879386324	4.6608166794994	4.75014471224567	4.84278877242498	4.60162052797801	4.76925679821278	4.69724264275212	4.56673047762831	4.55458216100457	4.26217609276493	4.40354471522727
8.59671614349907	8.63264666045549	8.54524610515436	8.49752622163746	8.53518279953012	8.4749920407495	8.37511195032467	8.43614527904226	8.40026083822718	8.37755308743316	8.38984306236031	8.61242496345545	8.42059741655906	8.14501535231244	8.41865867018366
5.66913985165451	5.80249503040071	5.76802270261331	5.58156486866885	5.42174326515228	5.794277265492	5.47936202133105	5.26273050032272	5.48355412484162	5.36783075922272	5.40417801128585	4.90575958048566	5.69716996471575	5.51627305294122	5.37612229769484
7.46202237302462	7.45332583885839	7.408677919667	7.42778043508628	7.45767410594151	7.42778043508628	7.32591326748307	7.28376821123045	7.28376821123045	7.1448349407764	7.32591326748307	7.71992001996085	7.33441193728995	7.3516924956487	7.34370506883344
8.72043736965239	8.72992670746979	8.78924343576218	8.77441377896244	8.77602958442559	8.74783278134193	8.72162698366878	8.66484371169642	8.73489482512257	8.81084925643643	8.81631895329946	8.73633527743724	9.20476476308577	8.59602303113699	8.72043736965239
8.87280145266125	8.75876136368158	8.97031123384519	8.88133316209052	9.05351868610594	9.07194061194628	8.91351431031485	9.00954146554601	8.94846177414328	8.92546562523457	8.98616125089918	9.21107164765916	8.96284281543048	8.60249583559373	9.04660262759336
9.39178845292731	9.46762739617921	9.48885226004149	9.40323817852744	9.46222860609778	9.41105959973395	9.55436870275962	9.46315265528425	9.48885226004149	9.60098637511643	9.55981016322429	9.02097028286705	9.75775334471165	9.57093273736826	9.38354822964163
9.22311310601955	9.28828228991457	9.23042015212465	9.26690627799525	9.27717550245212	9.28564874895521	9.44212575159206	9.45539951325012	9.42060205823717	9.32279857610456	9.3862071112777	9.54087558477235	9.25262522260723	9.48490026483124	9.41427535326587
8.06648143549494	8.06648143549494	8.05870009888142	7.97232187640061	8.05033062742451	8.05870009888142	7.98825047924117	7.93189460111895	7.89862895836646	8.12452684828891	7.95065031491375	7.59974741468694	8.25710263664905	7.8292707523205	7.91356801722172
7.00237172564025	7.10650864776606	7.01112987605566	6.87208314422273	6.82258250521772	6.75608261776821	6.70587095461196	6.38905419520569	6.63287793963552	6.57648942902568	6.72418194621347	5.96887615612973	7.27573093215717	6.59314082094479	6.31125587416693
8.5427563774857	8.56880278158891	8.51136454195469	8.59094770179614	8.45021953248023	8.4749920407495	8.37999422454165	8.47890180308802	8.46891845510728	8.22269342093584	8.39564555063122	8.249370760149	8.22806150132448	8.54524610515436	8.33558349156103
5.69716996471575	5.69716996471575	5.57775443980147	5.84778238793544	5.77498744455435	5.75883258704891	5.97696011658874	6.14530267013044	6.04938701879875	5.96377374905206	5.92512509582221	5.88049890635993	5.98937521567546	6.05286899518717	6.23535230338289
4.81040542806142	4.71486099597216	4.95901816415495	4.86918674262089	4.74727293735895	4.60882978590079	4.67185757371273	4.76752037061	4.52133958398215	4.55066791693433	4.52345241722234	4.597849322089	4.56935140580521	4.69337298257115	4.68722233424188
5.11589407797108	4.74269554695419	4.90128706774223	5.12074733179751	5.15763555953745	5.01161813283396	4.97572860049776	4.90294002238145	4.89725899096272	4.98900029881764	4.98451694070074	5.09424655646959	5.07989453032951	5.11589407797108	5.10117421581758
8.32265060013263	8.38984306236031	8.35193305495664	8.21361632970527	8.18454479668911	8.15550354402572	8.09697831812182	8.10140710552101	8.09697831812182	8.10140710552101	8.17485803552304	7.66958592298459	8.249370760149	8.42253616293447	8.11671008737282
4.64774480839586	4.79237201650454	4.79027657641093	4.55622706917017	4.50719112167221	4.93915128887784	4.63382517876603	4.8254297822139	4.74269554695419	4.51743048797677	4.61919964714368	4.96053503821025	4.68243204666145	4.79805016614904	4.45410130865027
8.66306260689033	8.67669158572915	8.55228403172084	8.68314137669442	8.56097112663038	8.54981155611223	8.67928164389123	8.59187775056797	8.61823899263462	8.59671614349907	8.51702703932103	8.46174014646641	8.74057454754812	8.47310278837322	8.54981155611223
9.43936601076505	9.34627425640834	9.47708388042368	9.20655689260486	9.44452968175994	9.45360666837588	9.43936601076505	9.42298846489564	9.41105959973395	9.54087558477235	9.43438321131286	9.49424878261077	9.46130455691131	9.19733668074543	9.52470396448041
8.80333501403402	8.82366010811703	8.79592872547256	8.83559065025638	8.75438510957776	8.78924343576218	8.78569349612041	8.85653821461646	8.76857670996551	8.75876136368158	8.75876136368158	8.89802539686686	8.76857670996551	8.71760795818015	8.75876136368158
8.62803074788986	8.68712626775337	8.68033152521491	8.73224444774986	8.69075092893543	8.67928164389123	8.63264666045549	8.59001765302432	8.64654394234514	8.60680495653491	8.60249583559373	8.24005540589353	8.67669158572915	8.66306260689033	8.59532991877492
9.3497766590306	9.37688126961884	9.37186272742568	9.40663467027552	9.3414359664441	9.41674159777012	9.27985937549055	9.28246719356102	9.34627425640834	9.31183084065364	9.31183084065364	9.07194061194628	9.47573123058613	9.227786433666	9.33646366121822
12.3702361659474	12.3702361659474	12.3702361659474	12.3702361659474	12.3702361659474	12.3702361659474	12.3702361659474	12.3702361659474	12.3702361659474	12.3702361659474	12.3702361659474	12.3702361659474	12.3702361659474	12.3702361659474	12.3702361659474
6.03564826975387	5.9479638189442	5.99247505290871	6.28218502715409	5.78220109732533	6.11972763096524	6.84180711750464	6.85526341677973	6.78544499557879	7.27573093215717	7.17997490708986	7.26465381933141	7.32591326748307	7.27573093215717	7.28376821123045
7.50086550343881	7.53566287132275	7.77043727272094	7.44382170588764	7.68141349867402	7.52979877195074	7.408677919667	7.32591326748307	7.42778043508628	7.50086550343881	7.26465381933141	7.61297579801364	7.77043727272094	7.4798776358015	7.51396334105869
9.28564874895521	9.23042015212465	9.29842020646307	9.32619430453433	9.20297263356668	9.27717550245212	9.13485951677162	9.15325625573133	9.20297263356668	9.06101087919174	9.15785588311065	9.01079964958199	9.26961127892029	9.29119456166422	9.19447815296413
9.17971654574491	9.17971654574491	9.15009159754517	9.29574226611182	9.14632547289684	9.14267120119302	9.19447815296413	9.09775484353706	9.19046432261691	9.21270605550985	9.20655689260486	9.03316711947196	9.53702966369196	8.98616125089918	9.10653004120402
7.19816716309229	7.12990012927149	7.23008427785437	7.26465381933141	7.26145426085272	7.408677919667	7.76184175111739	7.7859467571936	7.80429627983203	7.96824749619801	7.79573501968753	8.25710263664905	7.72308125794454	7.84412580966069	7.95065031491375
9.55436870275962	9.5305416141092	9.60098637511643	9.54087558477235	9.5305416141092	9.50261179153528	9.47049966457852	9.47573123058613	9.51191302786147	9.45539951325012	9.50261179153528	9.54473751616615	9.5514221205822	9.51642486475383	9.59015729467653
5.01224643511502	4.93881142997431	4.87655127262639	4.74210999168288	4.5907440307808	4.90575958048566	5.16012743495121	4.85521064821232	5.00726491474551	4.89488386882242	4.79027657641093	4.64155335285657	4.80439202434815	4.61010014644508	4.89725899096272
4.84221377312418	4.84221377312418	4.76752037061	4.93996988823324	4.9032616947159	4.90575958048566	4.98239980964562	5.10380714300484	5.25056950395719	5.11012028932307	5.17910072985918	4.90575958048566	5.23593929375225	4.77654311170348	4.98900029881764
5.97994166997009	5.90009165645434	5.95818281611831	5.63709792435781	5.6942164920257	5.62077541401686	5.53732217525749	5.51037442684685	5.60333060094701	5.35522895268737	5.47169988050224	5.69569322837073	5.39696470448101	5.54401156453656	5.2121911243354
7.37680874141499	7.31192760756838	7.39277619037253	7.19233963662134	7.34370506883344	7.27573093215717	7.39277619037253	7.4128714841918	7.38107832189654	7.59401627239916	7.55500897271021	7.47529403934739	7.68141349867402	7.69063440864702	7.63344597504192
4.98900029881764	5.03564946213086	4.76752037061	5.55576105964633	4.98065930341589	5.3007180420422	5.74905947988446	5.60333060094701	5.63709792435781	5.92512509582221	5.69569322837073	5.57394401093409	6.11426176012062	5.99247505290871	5.93953494041778
8.10140710552101	8.09697831812182	7.96824749619801	8.05033062742451	8.09919271182142	8.09003845219173	8.01820191249467	8.11153456694148	8.08694148830643	8.24371467934382	8.14025372698699	8.07225778295172	8.19257236872661	8.10140710552101	8.2173253405472
8.89802539686686	8.85909810774778	8.86145708848847	8.81631895329946	8.8867985790453	8.79592872547256	8.77935422851247	8.78414302067414	8.70954503144582	8.71387647645454	8.74326342488683	8.74872795754862	8.89187067096313	8.87280145266125	8.84013784731678
7.96824749619801	7.84816889097405	7.8522119722874	7.75131132636137	7.76613951191916	7.65541754832445	7.55958626607525	7.60702552144724	7.56416355944029	7.63344597504192	7.56416355944029	7.45332583885839	7.36013369045796	7.96824749619801	7.59974741468694
4.79385005991136	4.59369939073767	5.12386368122026	4.87861310767306	4.74727293735895	4.6742395090865	4.45629356743923	4.50344398270358	4.81237747270153	4.53405451283252	4.66753834769816	4.67546590053605	4.23389315785928	4.52133958398215	4.45410130865027
9.31954853542379	9.44452968175994	9.25805499871948	9.48885226004149	9.43936601076505	9.49702667240629	9.58484771110224	9.54801199604914	9.62138480866257	9.65919664300201	9.57750164243832	9.25262522260723	9.22311310601955	9.720976247618	9.50261179153528
6.13776107985001	6.15363377283569	5.93573412613173	5.83140201873829	6.13021948956957	6.24169391121818	5.76342764483111	5.76342764483111	5.88049890635993	5.894937049183	5.71893556554997	5.98937521567546	5.77859427093984	5.86606364476358	5.81725747982684
5.40824974269381	5.4342123135288	5.44625331138308	5.84778238793544	5.48911561284374	5.76802270261331	5.4542271203827	5.47936202133105	5.59393649965954	5.56440405026866	5.54401156453656	5.77498744455435	5.52420022531581	5.69916432682735	5.60333060094701
9.88526522704136	9.89890143717525	9.85126464572283	9.81297808558258	9.85126464572283	9.88526522704136	9.81297808558258	9.82366051298013	9.81297808558258	9.81297808558258	9.83957109187212	9.74163177711536	9.82366051298013	9.72926356135049	9.78802890423443
4.84221377312418	4.56230737851648	4.62956142926555	4.68722233424188	4.66753834769816	4.59369939073767	4.83105146390525	4.9118786521312	4.99001623002099	4.86503217962902	4.90294002238145	4.90575958048566	4.8911195789744	4.45629356743923	4.78616943420059
4.8752660017934	4.85521064821232	4.96738601709057	5.12074733179751	4.9118786521312	4.84140780861335	5.16012743495121	5.33842291607201	5.37612229769484	5.1878184524841	5.34449932789919	5.44625331138308	5.21547039117141	5.3573184957192	5.30494417467002
9.83957109187212	9.83957109187212	9.87103730492652	9.78802890423443	9.88526522704136	9.82366051298013	9.68369355756652	9.71494579777847	9.74163177711536	9.75775334471165	9.720976247618	9.73492606766064	9.87103730492652	9.60098637511643	9.83957109187212
5.03564946213086	5.13902132814224	5.31367342059051	5.25056950395719	5.40057135788343	4.81040542806142	4.95732957179621	5.06897966423794	5.00019933524787	4.94275059147362	5.01161813283396	5.15611256315449	5.19550218549115	5.04527177735442	5.04822658383519
8.68314137669442	8.76725957032701	8.69539032374127	8.80728898028601	8.61823899263462	8.72395023001615	8.66808893247612	8.63899548384552	8.73108557760982	8.75299197042601	8.70286798030464	8.49916759637214	8.99266846291951	8.82655729692937	8.68033152521491
4.74870882480231	4.48408591645563	4.39015581523452	4.91109935437338	4.72306103801697	4.60882978590079	4.91441536562289	4.88585670748486	5.06043653203945	4.94275059147362	5.07340488218969	4.51922675074196	5.24089449724317	5.23717528810705	5.07391359159445
9.38952899821722	9.3608981556487	9.38354822964163	9.42060205823717	9.46222860609778	9.46315265528425	9.41105959973395	9.49702667240629	9.47843653026122	9.3751861282315	9.44452968175994	9.47049966457852	9.40663467027552	9.33337654980143	9.46762739617921
5.52420022531581	5.56008255495749	5.25149392239584	5.88337125992617	5.69916432682735	5.84201434035527	5.97696011658874	6.16240255989728	6.11972763096524	6.13021948956957	6.2238487633551	5.84778238793544	6.3024835027032	6.34029708677023	6.25374444081291
8.80178441418133	8.73633527743724	8.73777572975191	8.79363413753807	8.62231606106456	8.75758069589854	8.654531872333	8.64654394234514	8.62910734978421	8.64986471925817	8.68956733608577	8.62231606106456	8.78414302067414	8.72992670746979	8.67669158572915
8.37511195032467	8.37322350748612	8.359044865602	8.45446838099333	8.39564555063122	8.44312747927764	8.56097112663038	8.55879463653917	8.56880278158891	8.45972533202458	8.53370703197312	8.59602303113699	8.23639613244325	8.68712626775337	8.63899548384552
5.35424001931237	5.22962303273576	5.15763555953745	4.89177622042126	4.81659578275158	5.27287207900481	4.64774480839586	5.0897381550255	4.88768209579676	4.78822300530576	4.86291528469936	4.80667508056533	4.49733353225284	4.63500879386324	4.45410130865027
4.44523932547212	4.74269554695419	4.68068843740427	4.37294327972613	4.2554683157695	4.44778031029133	4.42863860975809	4.38694759003925	4.31819928735259	4.48154174751432	4.55293725283897	4.51922675074196	4.30234688752987	4.66753834769816	4.2655701944892
9.19046432261691	9.22311310601955	9.14120584578535	9.36644867778796	9.21270605550985	9.227786433666	9.3862071112777	9.29330340058735	9.40323817852744	9.37688126961884	9.3414359664441	9.33646366121822	8.9686325405734	9.5514221205822	9.35235136266217
4.7210885672336	4.8254297822139	4.79027657641093	4.64774480839586	4.2834183975142	4.56230737851648	4.61638045267864	4.59369939073767	4.62201884160872	4.45410130865027	4.68450692252451	4.48483260877917	4.31819928735259	4.6742395090865	4.06935509831428
4.64774480839586	4.77829581673935	4.39015581523452	4.47371547160449	4.56230737851648	4.34679832333502	4.37294327972613	4.44778031029133	4.2655701944892	4.45410130865027	4.71486099597216	4.44778031029133	4.38694759003925	3.76514479344294	4.21379648885786
4.51563422521158	4.34225165629179	4.44778031029133	4.36776043667702	4.0135683050885	4.37294327972613	4.44778031029133	4.34679832333502	4.38040438753871	4.26896429621348	4.06935509831428	4.3955323409905	4.15535236047839	4.28004644709527	4.19479754723502
5.210491224041	5.04955568619356	5.24486991529254	5.13698026050925	4.85786290852316	4.71986923471804	4.90294002238145	5.04674918059481	4.85521064821232	5.01064155264884	4.9539180872563	5.38697812133492	5.05140049847058	4.86291528469936	5.13557167680126
9.81297808558258	9.81297808558258	9.82366051298013	9.70521473987745	9.79878813566157	9.77552916954591	9.71494579777847	9.73492606766064	9.72926356135049	9.71494579777847	9.74163177711536	9.69605417146691	9.73492606766064	9.77552916954591	9.72926356135049
6.16240255989728	6.12497356026741	6.09478615925361	6.00726979733327	5.96377374905206	5.9479638189442	6.04590504241034	6.00726979733327	6.00726979733327	5.96377374905206	6.0624329892396	5.93953494041778	5.84778238793544	5.97696011658874	6.0624329892396
7.4798776358015	7.46636640795896	7.62019418769134	7.52979877195074	7.52979877195074	7.55500897271021	7.57907797986748	7.4798776358015	7.58363585616806	7.72308125794454	7.64477401638382	7.54414345204262	8.09919271182142	7.54414345204262	7.69063440864702
8.71544663174179	8.60680495653491	8.67823176256755	8.47688129312578	8.6250416614176	8.63141530606702	8.60985224432156	8.6214190536256	8.53518279953012	8.59532991877492	8.60680495653491	8.87060667432	8.74783278134193	8.65327959876529	8.62803074788986
9.3049277845776	9.29330340058735	9.33646366121822	9.26456808187666	9.20655689260486	9.23042015212465	9.08607014301743	9.19046432261691	9.06805100405911	9.0581696211132	9.08021917993321	9.21107164765916	8.81822407404889	9.13114155167921	9.13485951677162
8.1594195206021	8.15550354402572	8.22806150132448	8.19257236872661	8.07803413040849	8.07803413040849	7.94206843609343	7.99297534484877	8.04048465285918	7.84412580966069	7.89000428910418	7.64477401638382	8.06648143549494	8.15550354402572	7.76184175111739
8.981963274727	8.95206623268534	9.00954146554601	8.91351431031485	8.85653821461646	8.81631895329946	8.76857670996551	8.87280145266125	8.7904697624973	8.82366010811703	8.8393023790087	9.05644064310999	9.01489043569884	8.64654394234514	8.7904697624973
8.71387647645454	8.78300556076049	8.78924343576218	8.68712626775337	8.72866867684034	8.76100775885456	8.56685070995038	8.60985224432156	8.59360383467144	8.60985224432156	8.67434674540178	8.70041623266362	8.86841189597875	8.54000016006132	8.60985224432156
6.67057051191827	6.75608261776821	6.73212604973441	6.31125587416693	6.52846120155559	6.37718069297357	6.17107267118558	6.26442569007875	6.2238487633551	5.85487711536484	5.99557489014196	6.20862956429249	5.73809992968159	6.02104926797331	6.01156231660966
7.77043727272094	7.8373286889185	7.47071044289329	7.94880139671324	7.63636226220933	7.54414345204262	7.45332583885839	7.47071044289329	7.52979877195074	7.05910335756478	7.25825470237402	7.20949853315428	7.10650864776606	7.408677919667	7.36766152610669
8.84749414352651	8.85653821461646	8.75299197042601	8.86677002500114	8.74872795754862	8.74783278134193	8.76307508160388	8.83846691070062	8.76307508160388	8.67220765235411	8.68712626775337	8.74191898621748	8.72508386234714	8.79363413753807	8.72395023001615
4.27281939644491	4.43879320600413	4.50095649338629	4.3318679408064	4.19479754723502	4.56230737851648	4.39015581523452	4.04168975817627	4.48154174751432	4.26896429621348	4.31819928735259	4.1473363546895	4.2865068087572	4.38694759003925	4.35496727823198
6.21623916382379	6.16673761554143	6.25945336257234	6.26442569007875	6.0792330284589	6.02104926797331	5.86099544832261	6.01585483588605	6.06900482293627	6.11426176012062	6.05286899518717	6.38905419520569	5.69716996471575	5.83140201873829	5.98937521567546
5.16277171535413	5.16903741970713	5.23593929375225	5.20614170345084	5.12386368122026	4.95099541646718	4.89177622042126	4.9615374051707	4.75014471224567	4.97683480245362	5.0048648570273	5.2596064816671	4.90358336705036	4.93088539539504	4.8759086372099
4.94979563785923	5.03564946213086	5.17663360614627	4.57696135039971	5.09424655646959	4.99103216122433	4.51204249826757	4.67070202978853	4.71006438543439	4.70622504377143	4.58834709179824	5.0233234241119	4.74727293735895	4.80667508056533	4.80321830379015
8.65731472961043	8.73633527743724	8.64924992296028	8.72043736965239	8.63899548384552	8.6214190536256	8.64550549570007	8.61242496345545	8.66306260689033	8.63264666045549	8.68033152521491	8.49916759637214	8.64863512666239	8.4899788219945	8.58513173977196
8.12452684828891	8.07803413040849	8.08384452442114	8.05870009888142	8.14501535231244	8.12452684828891	8.05870009888142	8.15550354402572	8.05033062742451	8.04048465285918	8.02482857322482	8.05451536315297	7.90601438502574	8.05451536315297	8.09697831812182
8.70635874825493	8.70455825096829	8.72043736965239	8.55879463653917	8.71760795818015	8.71544663174179	8.70954503144582	8.62653620465373	8.63529978525811	8.72508386234714	8.59671614349907	8.6377960813182	8.53811063532546	8.85237314878742	8.70954503144582
4.74870882480231	4.79805016614904	4.79027657641093	4.38764986839973	4.5907440307808	4.52592791642126	4.56087556816356	4.54215554782726	4.64879526758996	4.26896429621348	4.31819928735259	4.29313312566823	4.74727293735895	4.76803227196899	4.32834179578958
4.91265794988901	4.95732957179621	4.94275059147362	4.80778441622451	4.87655127262639	4.93915128887784	4.93915128887784	4.8911195789744	4.96496289461086	5.03739467212708	4.86918674262089	5.13557167680126	4.77829581673935	4.95564097943747	4.9539180872563
5.39171586057921	5.05833833184264	5.54988631209145	5.04174917383774	5.37366793615065	5.01161813283396	5.23717528810705	5.13175487570371	5.11589407797108	5.18014132762325	5.06043653203945	5.15611256315449	4.8094821114793	5.15458956677153	5.06491802835156
7.93189460111895	7.97232187640061	7.94880139671324	7.77043727272094	7.84412580966069	7.8373286889185	7.52979877195074	7.61297579801364	7.36013369045796	7.3516924956487	7.42778043508628	7.33016260238651	7.07632285268707	7.5491658477694	7.44382170588764
4.9032616947159	4.767008469251	4.76058276258798	4.61172825424105	4.9118786521312	4.77479040666761	4.63382517876603	4.84278877242498	4.6608166794994	4.63382517876603	4.76752037061	4.99632154669275	4.44984468007632	4.69337298257115	4.69530781266164
8.66046826110929	8.64142418873608	8.63018395167856	8.69646707804427	8.70635874825493	8.74191898621748	8.82196517443466	8.7274106462109	8.83559065025638	8.96284281543048	8.91857862161734	8.88001843808446	9.03988108559533	8.97198992711699	8.96284281543048
8.83032381058258	8.84013784731678	8.73356963643621	8.82196517443466	8.93459395501345	8.93694076091968	9.11521505034325	9.12184561670487	9.14449833704493	9.18450848575216	9.15009159754517	9.14632547289684	9.05232570710509	9.20297263356668	9.24234575617862
9.30175278173902	9.25482035761198	9.29119456166422	9.26200149585839	9.34627425640834	9.36644867778796	9.47573123058613	9.45181382350165	9.48490026483124	9.63635039147583	9.61721538308364	9.66121776820698	9.42060205823717	9.50261179153528	9.46130455691131
9.33337654980143	9.38354822964163	9.34627425640834	9.41674159777012	9.31524157085171	9.27985937549055	9.26961127892029	9.29119456166422	9.3862071112777	9.31954853542379	9.30334028315831	9.15009159754517	9.5305416141092	9.22464316495613	9.29330340058735
4.81040542806142	4.50845077132356	4.77263586556209	4.77958295038724	4.46873450740855	4.5483985810297	4.61638045267864	4.57768251850621	4.42863860975809	4.42764755527405	4.63500879386324	4.44778031029133	4.48483260877917	4.61010014644508	4.73456259961089
9.2343307653658	9.2343307653658	9.28246719356102	9.21270605550985	9.25262522260723	9.21270605550985	9.2343307653658	9.26200149585839	9.16159929697905	9.14120584578535	9.13854520309684	9.17115613957312	9.35235136266217	9.35417566395749	9.20297263356668
5.658917505588	5.35621788606236	5.57775443980147	5.8635295465431	5.99247505290871	6.03564826975387	6.38905419520569	6.54819750402501	6.60483738207437	6.81270851623858	6.90636591218417	6.71623784269253	6.38311744408963	6.16673761554143	6.35882338865648
8.65202732519758	8.57980529052903	8.65202732519758	8.54981155611223	8.64924992296028	8.66646632208627	8.61242496345545	8.47688129312578	8.63529978525811	8.74326342488683	8.52133182083642	8.74191898621748	8.64446704905499	8.43365331640021	8.66046826110929
8.73108557760982	8.72281659768516	8.72992670746979	8.82031608152845	8.83559065025638	8.76450875614619	8.90358395748893	8.84988973042175	8.9235692108662	8.84294046279475	8.82366010811703	8.96513420290054	8.94560354191141	8.7458222090557	8.83130787618004
4.57335514304249	4.8254297822139	4.91441536562289	4.89177622042126	4.82724178326369	4.82146705081108	4.81040542806142	5.00019933524787	5.00019933524787	4.81968654087312	4.79532810331819	5.23399074070959	4.88235313094635	5.09890428675908	4.98900029881764
4.27281939644491	4.56230737851648	4.52133958398215	4.11991463518791	4.39015581523452	4.42764755527405	4.16537368571286	4.40948389381137	4.5391050543622	3.83340104571923	4.57135327442385	4.94044862868511	4.42962966424212	4.3713230960536	4.40354471522727
4.99837578929155	5.00966497246372	4.69724264275212	5.0809772860402	5.19055331928903	4.85521064821232	4.8006342349696	4.69724264275212	4.79132429645774	5.00344386911574	4.81342620075954	4.76803227196899	4.54527706442848	4.71246269070327	4.84060184410251
8.45331093357702	8.55524127246013	8.52412001764166	8.41366286365695	8.56880278158891	8.55337118280696	8.43365331640021	8.40616537571033	8.45709685650896	8.50388981642842	8.43614527904226	8.01820191249467	8.53518279953012	8.38984306236031	8.37999422454165
6.3024835027032	6.37718069297357	6.31125587416693	5.59799276935291	5.66599545957573	5.54066686989702	5.46293175963071	5.47169988050224	5.41823626864224	5.35522895268737	5.26827091052194	5.31367342059051	5.41232147410177	5.55576105964633	5.29616869463795
7.39277619037253	7.44382170588764	7.46202237302462	7.47071044289329	7.64477401638382	7.62019418769134	7.70433716783144	7.58596049313972	7.70932989927715	7.8292707523205	7.65541754832445	7.51396334105869	8.11153456694148	7.58363585616806	7.72308125794454
9.613118386033	9.62138480866257	9.63008324507637	9.57924381046972	9.59015729467653	9.5305416141092	9.5305416141092	9.54473751616615	9.59015729467653	9.38078656682795	9.47049966457852	9.68369355756652	9.11878303774895	9.3945378260857	9.5954749203366
9.69605417146691	9.65198516336582	9.76432570381978	9.71494579777847	9.70521473987745	9.68369355756652	9.65717551779703	9.66968982466573	9.70521473987745	9.68007430159786	9.69605417146691	9.64214368701002	9.63008324507637	9.76432570381978	9.62511863465181
9.41427535326587	9.46315265528425	9.36357231024686	9.48490026483124	9.38487767045967	9.443327716676	9.32619430453433	9.39178845292731	9.38354822964163	9.29119456166422	9.31954853542379	9.19447815296413	9.3862071112777	9.20943723980848	9.27240870336915
5.69716996471575	5.2463621185606	5.14318895582515	5.18918588588656	5.46293175963071	5.31115382825284	5.03807431529057	4.77654311170348	5.10828017975758	5.06043653203945	5.06043653203945	5.13557167680126	5.00344386911574	4.72306103801697	5.25056950395719
8.95755392286335	8.83032381058258	8.94143067385592	8.99624196071311	8.95499168572135	8.93013486689962	8.86246401317786	8.8867985790453	8.84749414352651	8.91857862161734	8.94560354191141	9.23237545874523	9.06805100405911	8.77602958442559	8.84749414352651
8.7274106462109	8.7458222090557	8.72281659768516	9.0581696211132	8.89050843618704	8.85653821461646	9.15325625573133	9.20297263356668	9.14120584578535	9.09323933920874	9.09006314122676	9.31524157085171	8.87446351331605	9.05471166510679	9.14193852348919
9.77552916954591	9.78802890423443	9.81297808558258	9.87103730492652	9.81297808558258	9.81297808558258	9.75775334471165	9.79878813566157	9.78802890423443	9.74670278948457	9.75775334471165	9.92633383178448	9.77552916954591	9.88526522704136	9.77552916954591
5.23204218766693	5.52420022531581	5.60066168514996	5.25056950395719	5.26827091052194	5.58156486866885	5.14531551587508	5.26273050032272	5.06043653203945	5.03739467212708	4.99837578929155	5.38697812133492	5.1878184524841	5.17393296192732	5.25056950395719
7.42242274190144	7.50086550343881	7.45332583885839	7.38107832189654	7.36766152610669	7.50086550343881	7.17997490708986	7.27573093215717	7.29504337806287	7.16392711181853	7.1448349407764	7.52979877195074	7.05910335756478	7.46202237302462	7.2487397337652
5.98937521567546	5.85793628184373	6.29463327424487	5.93573412613173	6.25945336257234	5.97994166997009	5.83670817954678	5.93573412613173	5.84778238793544	5.77498744455435	5.894937049183	5.88049890635993	5.88915415455459	5.62077541401686	5.77859427093984
5.0220059585236	4.95732957179621	5.06043653203945	5.09663435770058	4.84221377312418	4.78822300530576	4.99264973265914	4.9615374051707	5.03739467212708	5.00344386911574	4.90294002238145	4.7432811022255	5.05140049847058	5.0220059585236	5.08376159869159
7.97232187640061	7.96824749619801	8.02482857322482	8.01820191249467	7.89000428910418	7.93189460111895	7.81180818491949	7.81180818491949	7.92250581545571	7.86602169108491	7.8742278974497	7.93698151860619	8.32265060013263	8.04048465285918	7.90601438502574
4.7210885672336	4.46440624455207	4.55622706917017	4.55622706917017	4.48408591645563	4.40354471522727	4.33010486829799	4.25098470077357	4.41697572010749	4.24278649242326	4.48483260877917	4.76803227196899	4.2655701944892	4.11991463518791	4.15535236047839
8.54683616837205	8.67434674540178	8.63529978525811	8.78924343576218	8.71143888458497	8.64212711673594	8.78801710902707	8.67669158572915	8.74057454754812	8.88001843808446	8.83032381058258	7.91803691633871	8.91172034547583	8.81822407404889	8.69431356943826
9.27717550245212	9.24234575617862	9.17356479506693	9.3049277845776	9.25482035761198	9.3049277845776	9.46315265528425	9.35807871515955	9.37186272742568	9.46762739617921	9.39065872557227	9.11878303774895	9.05471166510679	9.51191302786147	9.3862071112777
8.68712626775337	8.75438510957776	8.61823899263462	8.78061116467966	8.73489482512257	8.77935422851247	8.82565813078668	8.82465911945185	8.80852079422399	8.77935422851247	8.79592872547256	8.54000016006132	8.47890180308802	8.86246401317786	8.7659424306885
4.860515168834	4.95732957179621	4.59995570444689	4.51204249826757	4.76803227196899	4.6608166794994	4.51204249826757	4.67070202978853	4.49060209088323	4.597849322089	4.72668239310614	5.05088478855194	4.31819928735259	4.50593147202086	4.68722233424188
8.70954503144582	8.7274106462109	8.68712626775337	8.73489482512257	8.72508386234714	8.72866867684034	8.65094602222787	8.6339732228568	8.67114061695808	8.66306260689033	8.60985224432156	8.69735614777152	8.58513173977196	8.76307508160388	8.64446704905499
5.17520708019743	4.84221377312418	5.4542271203827	5.11218527614782	5.08654591134298	5.24486991529254	4.89177622042126	4.99103216122433	4.91265794988901	4.57768251850621	4.97628170147569	4.36776043667702	4.93996988823324	4.86291528469936	4.8759086372099
9.443327716676	9.42537487155412	9.45877359778316	9.41105959973395	9.48490026483124	9.52470396448041	9.41674159777012	9.46762739617921	9.42537487155412	9.33337654980143	9.35417566395749	9.53702966369196	9.31524157085171	9.13854520309684	9.43936601076505
8.23639613244325	8.28001798537057	8.23639613244325	8.27393887032335	8.37322350748612	8.37511195032467	8.36291840674903	8.314157000865	8.38382987798764	8.38382987798764	8.4457065290387	8.27393887032335	8.52272591923904	8.37999422454165	8.54981155611223
8.70041623266362	8.60985224432156	8.67669158572915	8.5830051620985	8.59187775056797	8.5830051620985	8.55228403172084	8.5830051620985	8.52787809217192	8.52133182083642	8.47688129312578	8.29489474995743	8.65731472961043	8.6250416614176	8.5877273719349
8.52787809217192	8.54842623158974	8.4386372416843	8.51136454195469	8.50080897110682	8.53223126441613	8.67434674540178	8.64924992296028	8.69193452178509	8.79592872547256	8.74783278134193	8.68712626775337	8.24371467934382	8.65327959876529	8.62231606106456
7.29504337806287	7.17997490708986	7.3516924956487	7.29504337806287	7.4170650487166	7.47071044289329	7.44382170588764	7.42778043508628	7.34370506883344	7.37680874141499	7.36013369045796	7.50086550343881	7.04191329427502	7.50086550343881	7.58363585616806
8.52412001764166	8.5427563774857	8.50937441854054	8.61641755442064	8.51847768139905	8.47890180308802	8.44312747927764	8.42059741655906	8.48830058727479	8.34478105940308	8.33558349156103	8.42823675795799	8.45331093357702	8.4521534861607	8.40616537571033
8.46375496090823	8.60249583559373	8.37999422454165	8.54524610515436	8.35517132445498	8.46375496090823	8.4778915481069	8.45972533202458	8.37999422454165	8.28001798537057	8.35355218970581	8.45331093357702	7.71675878197715	8.48326889745707	8.35517132445498
7.61658499285249	7.69934443638572	7.5745201035669	7.4968854074454	7.56416355944029	7.45332583885839	7.20399468956324	7.17997490708986	7.19233963662134	7.12041187414931	7.21500237674531	6.84180711750464	7.23008427785437	7.10650864776606	7.10650864776606
4.8911195789744	4.61010014644508	4.86816790858978	4.61172825424105	4.93915128887784	4.8006342349696	4.9269657275483	4.8911195789744	4.86503217962902	4.66268473362916	4.79532810331819	5.3007180420422	4.76925679821278	4.68068843740427	4.61172825424105
8.55430622763355	8.50707889234044	8.50707889234044	8.56489863831186	8.53223126441613	8.50388981642842	8.59532991877492	8.60680495653491	8.56489863831186	8.22269342093584	8.36291840674903	8.51557639724301	7.86602169108491	8.68314137669442	8.44828557879975
6.77569840332949	6.88597279786068	6.91399023404231	7.12990012927149	6.97354350806144	6.95664985275887	7.33441193728995	7.3853479023781	7.40131813228651	7.47071044289329	7.44382170588764	7.36766152610669	7.19233963662134	7.59974741468694	7.5491658477694
5.54988631209145	5.22962303273576	5.05088478855194	5.18918588588656	5.57394401093409	5.2596064816671	5.41527887137201	5.0897381550255	5.12660516976721	5.18014132762325	5.15763555953745	5.2596064816671	5.3414611219856	5.279575497621	5.10117421581758
7.23008427785437	7.28376821123045	7.33441193728995	7.16392711181853	7.16392711181853	7.21500237674531	6.88597279786068	6.83248261111707	6.95664985275887	7.00237172564025	7.12041187414931	6.82753255816739	7.50874183090437	7.05910335756478	6.90636591218417
8.53518279953012	8.51847768139905	8.55524127246013	8.63659667879088	8.60038784229075	8.61823899263462	8.7274106462109	8.72281659768516	8.73777572975191	8.81631895329946	8.84413386849019	8.99088153895823	8.88001843808446	8.75876136368158	8.69193452178509
9.57575947440693	9.52106338066928	9.43936601076505	9.51642486475383	9.54280655046925	9.54473751616615	9.57924381046972	9.5954749203366	9.5514221205822	9.47843653026122	9.51191302786147	9.65198516336582	9.36357231024686	9.54801199604914	9.46315265528425
9.33646366121822	9.41105959973395	9.39655139935298	9.56624015443631	9.43438321131286	9.38487767045967	9.50829975300788	9.48885226004149	9.51642486475383	9.5305416141092	9.5514221205822	9.62511863465181	9.71494579777847	9.66968982466573	9.41105959973395
4.69530781266164	4.767008469251	4.74727293735895	4.43879320600413	5.0048648570273	4.75818276003366	4.29950895943307	4.6436825319454	4.3713230960536	4.50593147202086	4.44650981788173	4.597849322089	4.2865068087572	4.54527706442848	4.64669434920176
8.38984306236031	8.40616537571033	8.48326889745707	8.32265060013263	8.36291840674903	8.31057535563001	8.2173253405472	8.27697842784696	8.23639613244325	8.33558349156103	8.27697842784696	8.48830058727479	8.74962313375531	8.28964469179955	8.14501535231244
4.82853723906211	5.15611256315449	5.37918133989273	4.70814471460291	4.95219519507512	4.90575958048566	4.82254241598759	4.74210999168288	4.91925906393868	4.9615374051707	4.90951757414717	4.87128155562703	4.8501975964467	4.97628170147569	4.93996988823324
8.89050843618704	8.87735491611063	9.00190501489563	9.03511129140672	8.97812381344851	9.01489043569884	8.97198992711699	8.98616125089918	9.05232570710509	8.97661578999789	8.95755392286335	9.22036425498419	9.26456808187666	8.8867985790453	9.05002124488672
9.79878813566157	9.85126464572283	9.88526522704136	9.83957109187212	9.87103730492652	9.87103730492652	9.79878813566157	9.78802890423443	9.85126464572283	9.87103730492652	9.89890143717525	9.72926356135049	10.1828831202373	9.87103730492652	9.85126464572283
8.48662235255507	8.44312747927764	8.62803074788986	8.50937441854054	8.70455825096829	8.66646632208627	8.79478143150532	8.69193452178509	8.86246401317786	8.94560354191141	8.86841189597875	8.90741399020751	8.95206623268534	8.73777572975191	8.96038436522069
4.59425781171198	4.20554167068884	4.79027657641093	4.55622706917017	4.30234688752987	4.31223602035197	4.22871441664968	4.09501034623052	4.3926617620693	4.41957286907802	4.16537368571286	4.1473363546895	4.44984468007632	4.39840291991169	4.2655701944892
9.74163177711536	9.77552916954591	9.720976247618	9.74670278948457	9.77552916954591	9.76432570381978	9.74163177711536	9.76432570381978	9.79878813566157	9.70521473987745	9.74670278948457	9.79878813566157	9.64538201987573	9.61516688455832	9.73492606766064
4.64774480839586	4.69337298257115	4.61010014644508	4.43879320600413	4.79027657641093	4.43879320600413	4.35134499037824	4.40948389381137	4.63721648381549	4.72668239310614	4.41193123247416	3.79927291958109	4.38694759003925	4.66753834769816	4.37456346339866
8.47688129312578	8.55228403172084	8.40616537571033	8.63899548384552	8.5830051620985	8.59187775056797	8.33558349156103	8.38382987798764	8.33007243970922	8.23639613244325	8.16333549717848	8.53811063532546	7.94206843609343	7.97232187640061	8.05033062742451
9.00190501489563	8.93013486689962	8.86512815402354	8.83229194177751	8.89802539686686	8.82565813078668	8.81084925643643	8.78186810084684	8.85653821461646	8.75438510957776	8.81927007778867	8.81822407404889	8.61242496345545	9.07546915877669	8.82745646307206
5.49048499733528	5.2121911243354	5.07881177461881	5.15611256315449	5.06491802835156	5.02845767443863	5.13416309309326	5.09663435770058	4.97683480245362	5.03739467212708	5.10644007019209	4.80667508056533	4.97891879718615	5.0809772860402	4.89725899096272
5.68067741570609	5.37366793615065	5.69569322837073	5.58988022996616	5.86099544832261	5.75195323134169	5.33181803528715	5.49048499733528	5.26827091052194	5.40417801128585	5.4282231873752	5.62923975873915	5.29856708483332	5.38224038209063	5.40057135788343
8.90175237722921	8.89323290573921	8.82281264127584	8.87735491611063	8.85909810774778	8.84749414352651	8.85909810774778	8.88001843808446	8.88001843808446	8.68580624722693	8.70455825096829	8.7659424306885	8.53223126441613	8.83229194177751	8.80333501403402
9.09006314122676	9.09006314122676	9.12539413921632	9.09323933920874	9.10109522565084	9.10109522565084	9.03511129140672	9.07846441915555	9.03316711947196	9.10109522565084	9.08607014301743	9.10653004120402	9.24880246429455	8.94846177414328	8.9686325405734
4.15535236047839	4.20554167068884	4.20554167068884	3.83340104571923	3.76514479344294	4.13932034890061	3.64492277960622	3.90774344895922	3.64492277960622	3.64492277960622	3.28332520076901	4.1473363546895	4.03282322513216	3.83340104571923	3.99431338504485
7.77609766810444	7.75657653873938	7.64477401638382	7.64477401638382	7.69063440864702	7.66426191194676	7.50086550343881	7.54665464990601	7.5745201035669	7.31192760756838	7.28376821123045	7.24481226943218	7.16392711181853	7.36766152610669	7.51396334105869
6.13776107985001	6.05286899518717	5.88049890635993	5.99557489014196	5.95259188318456	5.90524626372567	5.90524626372567	5.98937521567546	5.78220109732533	5.98937521567546	5.96377374905206	6.37718069297357	5.72662809518383	6.02104926797331	6.03564826975387
4.34225165629179	4.64518844057358	4.71864990220247	4.89177622042126	4.62648129486228	4.56230737851648	4.50095649338629	4.3955323409905	4.5391050543622	4.58570070604634	4.37456346339866	4.42361021217604	4.8094821114793	4.59425781171198	4.41957286907802
5.37612229769484	5.18194794646551	5.27731617678254	5.01224643511502	5.19055331928903	5.20349208315508	5.18194794646551	5.3573184957192	5.10828017975758	5.31115382825284	5.33346802480888	5.77498744455435	5.15763555953745	5.46293175963071	5.54988631209145
9.26456808187666	9.3049277845776	9.25262522260723	9.1870356829014	9.39178845292731	9.30847352789471	9.34627425640834	9.3608981556487	9.26200149585839	9.32958326695441	9.30847352789471	9.44777761702757	9.11521505034325	9.18450848575216	9.26690627799525
7.61658499285249	7.65541754832445	7.63344597504192	7.33441193728995	7.42778043508628	7.36766152610669	6.91399023404231	6.66016810136781	6.93763229190769	6.75608261776821	6.72418194621347	6.58481512498523	6.78544499557879	6.14530267013044	6.26939801758516
9.5305416141092	9.58750250288939	9.57093273736826	9.65458034058143	9.56464139723619	9.58484771110224	9.64214368701002	9.65198516336582	9.64214368701002	9.56304264003607	9.60098637511643	9.62138480866257	9.63635039147583	9.69605417146691	9.50545152862109
5.09424655646959	4.81040542806142	5.07881177461881	4.76752037061	5.03671502896359	5.07661703780901	4.81040542806142	4.71864990220247	4.69061792633368	4.57768251850621	4.48483260877917	4.3318679408064	4.98900029881764	4.62648129486228	4.76803227196899
8.60038784229075	8.65202732519758	8.76100775885456	8.91633318402149	8.78569349612041	8.78414302067414	8.94560354191141	8.85456314495539	8.91857862161734	8.96513420290054	8.94846177414328	8.6250416614176	9.16874748407932	8.85977413577343	8.95352895920334
7.65983973013561	7.62019418769134	7.75131132636137	7.61297579801364	7.54665464990601	7.63927854937673	7.4798776358015	7.52979877195074	7.50874183090437	7.408677919667	7.4798776358015	7.16392711181853	7.66426191194676	7.24088480509916	7.40499802597676
4.32327054157109	4.17403046615245	4.41193123247416	4.11991463518791	4.39015581523452	4.26896429621348	4.63382517876603	4.49060209088323	4.44778031029133	4.17403046615245	4.36954176636531	4.597849322089	4.3370597985491	4.55458216100457	4.59425781171198
8.38382987798764	8.41366286365695	8.26635998150373	8.35193305495664	8.24371467934382	8.22806150132448	8.16333549717848	8.16333549717848	8.16333549717848	7.93189460111895	8.06648143549494	8.03574177235209	7.94880139671324	8.24371467934382	8.00812393252113
8.45331093357702	8.47890180308802	8.39564555063122	8.46891845510728	8.38984306236031	8.38984306236031	8.33007243970922	8.33007243970922	8.33558349156103	8.30014480811532	8.28964469179955	8.35517132445498	8.28001798537057	8.4386372416843	8.29489474995743
7.58363585616806	7.63344597504192	7.55500897271021	7.62019418769134	7.59974741468694	7.49290531145198	7.36013369045796	7.34370506883344	7.27573093215717	7.20399468956324	7.20399468956324	7.34769878224107	7.20399468956324	7.33441193728995	7.25825470237402
5.210491224041	5.47553095091665	5.4342123135288	5.15611256315449	5.14761141809126	5.52420022531581	5.37121357460646	5.210491224041	5.33181803528715	5.34449932789919	5.19650067068563	5.15611256315449	5.279575497621	5.41823626864224	5.20183170818654
8.63264666045549	8.59671614349907	8.59001765302432	8.59671614349907	8.47310278837322	8.59671614349907	8.54137826877351	8.51136454195469	8.62910734978421	8.46891845510728	8.52787809217192	8.49916759637214	8.38382987798764	8.54981155611223	8.4521534861607
8.67823176256755	8.71544663174179	8.70635874825493	8.71652729496097	8.77071007057666	8.78186810084684	8.88133316209052	8.75438510957776	8.86841189597875	8.99889442219497	8.90741399020751	8.654531872333	8.71760795818015	8.76100775885456	8.7274106462109
6.62080641750005	6.86367328050123	6.46688286932689	6.34029708677023	6.2238487633551	6.44812597236486	6.15363377283569	5.96377374905206	6.0792330284589	5.794277265492	5.794277265492	3.94164408285057	5.86606364476358	6.04590504241034	5.79964106771813
8.51847768139905	8.55879463653917	8.53005467829403	8.67220765235411	8.4955594913766	8.52133182083642	8.49752622163746	8.46375496090823	8.45709685650896	8.37755308743316	8.50707889234044	8.37322350748612	8.41366286365695	8.81516856296552	8.36291840674903
4.0821827222724	4.06935509831428	4.2554683157695	3.76514479344294	4.39015581523452	3.90774344895922	4.16537368571286	4.44778031029133	3.99431338504485	3.92469376590489	4.04168975817627	4.3318679408064	3.90774344895922	3.90774344895922	3.92469376590489
5.4542271203827	5.29616869463795	5.36783075922272	5.4282231873752	5.23593929375225	5.48911561284374	5.16012743495121	5.14106239577523	5.0809772860402	5.14531551587508	4.84336377172577	5.15611256315449	5.26585451897835	5.19055331928903	5.23841128246186
5.894937049183	6.16673761554143	5.91122402824608	5.97994166997009	6.27758700852164	6.15363377283569	6.09106114782745	6.18320944074503	6.18906682886537	6.18320944074503	6.108795889276	6.44812597236486	6.21623916382379	5.86606364476358	6.01156231660966
8.51136454195469	8.52412001764166	8.52133182083642	8.59532991877492	8.47890180308802	8.50822665544049	8.52133182083642	8.45446838099333	8.4309450371791	8.57448212932376	8.55337118280696	7.97028468629931	8.7904697624973	8.5877273719349	8.44312747927764
8.94846177414328	8.94846177414328	8.86841189597875	9.0134741346584	9.03316711947196	8.94846177414328	9.02911380696646	9.05232570710509	9.05002124488672	8.95206623268534	8.96284281543048	8.8393023790087	8.80178441418133	8.9686325405734	8.90992638063681
7.97920285078495	8.09003845219173	8.06648143549494	7.97920285078495	8.11153456694148	8.14501535231244	8.4386372416843	8.33558349156103	8.4521534861607	8.69075092893543	8.51136454195469	8.6339732228568	8.70545849961161	8.53664671742779	8.51136454195469
6.42225572768887	6.45720864789511	6.68640144252836	6.57648942902568	6.36356438953398	6.40992135932374	6.37037254125378	6.44812597236486	6.2734925130534	6.3024835027032	6.3024835027032	6.5653709634118	6.25374444081291	6.4346246882202	6.37718069297357
7.75131132636137	7.80001564975978	7.58596049313972	7.63636226220933	7.54665464990601	7.71675878197715	7.50874183090437	7.39704716132952	7.59974741468694	7.40131813228651	7.53566287132275	7.55208741023981	7.09274299989768	7.64477401638382	7.39277619037253
5.17520708019743	5.05833833184264	4.97628170147569	5.23717528810705	5.07881177461881	5.09199235574754	4.77829581673935	5.02068849293531	5.03739467212708	4.81968654087312	4.88585670748486	4.67546590053605	4.79532810331819	4.86291528469936	4.84060184410251
9.87103730492652	9.82366051298013	9.89890143717525	9.74163177711536	9.720976247618	9.72926356135049	9.74670278948457	9.77552916954591	9.68369355756652	9.77552916954591	9.76432570381978	9.82366051298013	9.79878813566157	9.75775334471165	9.74670278948457
7.27573093215717	7.27573093215717	7.30348549281563	7.27573093215717	7.24481226943218	7.28376821123045	7.4170650487166	7.49290531145198	7.44857377237302	7.45332583885839	7.49290531145198	7.82139340120504	7.3853479023781	7.60702552144724	7.55500897271021
5.27505685594409	5.06694884629475	5.10380714300484	4.98065930341589	5.44877827638015	4.95099541646718	4.81040542806142	5.03564946213086	4.95732957179621	5.02845767443863	4.92580099186526	5.15611256315449	4.92194766006045	5.15458956677153	5.17910072985918
9.73492606766064	9.73492606766064	9.79878813566157	9.69605417146691	9.76432570381978	9.71494579777847	9.62511863465181	9.64214368701002	9.66968982466573	9.64376285344287	9.71494579777847	9.74670278948457	9.88526522704136	9.50829975300788	9.70521473987745
8.83846691070062	8.8534681468714	8.90358395748893	8.92546562523457	8.76204142022922	8.73224444774986	8.72508386234714	8.78801710902707	8.72162698366878	8.67007358156206	8.73224444774986	8.59187775056797	8.67434674540178	8.78061116467966	8.66808893247612
9.15325625573133	9.07546915877669	9.17971654574491	9.13987552444109	9.09775484353706	9.13114155167921	9.065481985367	9.10522456355955	9.10653004120402	9.03988108559533	9.07194061194628	9.04355034378011	9.23042015212465	9.12361987796059	9.07194061194628
4.68068843740427	4.40948389381137	4.69724264275212	4.55622706917017	4.31819928735259	4.5751582467211	4.4833392241321	4.57768251850621	4.55458216100457	4.57135327442385	4.65569827970019	4.3955323409905	4.64774480839586	4.83431293352261	4.29667103133627
8.314157000865	8.26635998150373	8.34478105940308	8.11153456694148	8.249370760149	8.2173253405472	8.08384452442114	8.09697831812182	8.06648143549494	7.89862895836646	7.94206843609343	7.8292707523205	8.01820191249467	7.94206843609343	8.07803413040849
8.89323290573921	9.00455728472585	8.89323290573921	8.85237314878742	8.92546562523457	8.87446351331605	8.87735491611063	8.82465911945185	8.86512815402354	8.90175237722921	8.90175237722921	8.42253616293447	9.03316711947196	8.8867985790453	8.75438510957776
9.25805499871948	9.24513009007516	9.18875000275916	9.27100999114472	9.22036425498419	9.25372279010961	9.25482035761198	9.19997962111724	9.22617322389272	9.15325625573133	9.16422237479999	8.91351431031485	9.06101087919174	9.36357231024686	9.16422237479999
8.90992638063681	8.83559065025638	8.89050843618704	8.79592872547256	8.84013784731678	8.8370287804785	8.7904697624973	8.80728898028601	8.79828660827459	8.74057454754812	8.72043736965239	8.73108557760982	8.54524610515436	8.64212711673594	8.70164210648413
6.85526341677973	6.84180711750464	6.71623784269253	6.77569840332949	6.78544499557879	6.87902797104171	7.24481226943218	7.23008427785437	7.2487397337652	7.4170650487166	7.36766152610669	7.62682008136663	7.17997490708986	7.61297579801364	7.31192760756838
9.37688126961884	9.35326351330983	9.27985937549055	9.50545152862109	9.29574226611182	9.35948843540412	9.30847352789471	9.30670065623616	9.35807871515955	9.24880246429455	9.24880246429455	8.93013486689962	9.20476476308577	9.43438321131286	9.29574226611182
4.38624531167876	4.09501034623052	4.54215554782726	4.41437857113696	4.48408591645563	4.34679832333502	4.37294327972613	4.21379648885786	4.5907440307808	4.29950895943307	4.15535236047839	4.64155335285657	4.2865068087572	4.47974427089653	4.48616310971312
9.62511863465181	9.68369355756652	9.55981016322429	9.66968982466573	9.67645504562919	9.720976247618	9.720976247618	9.65717551779703	9.720976247618	9.720976247618	9.66968982466573	9.61721538308364	9.29842020646307	9.68369355756652	9.720976247618
4.48408591645563	4.46440624455207	4.50095649338629	4.64774480839586	4.39015581523452	4.20966907977335	4.28959522000019	4.6075594253565	3.90774344895922	4.40097381756948	4.34679832333502	4.46657037598031	4.59500037572154	4.29667103133627	4.29667103133627
4.73974793881662	4.77829581673935	4.69724264275212	4.89177622042126	4.61010014644508	5.01161813283396	5.05114264351126	5.0809772860402	5.05140049847058	4.89488386882242	5.07340488218969	4.90575958048566	5.03314170871059	4.73173931327141	4.7210885672336
5.47169988050224	5.35621788606236	5.51037442684685	5.4542271203827	5.50374739517033	5.47553095091665	5.2463621185606	5.15763555953745	5.21874965800742	5.23593929375225	5.2463621185606	5.66285106749695	4.8911195789744	5.23717528810705	5.30494417467002
10.1828831202373	10.089085598393	10.1828831202373	9.99393925466075	10.0466200660251	10.1828831202373	10.089085598393	10.089085598393	10.0466200660251	10.089085598393	10.0466200660251	9.94645030933033	9.99393925466075	10.0466200660251	10.089085598393
9.29708123628745	9.27717550245212	9.3862071112777	9.38078656682795	9.35807871515955	9.29330340058735	9.24880246429455	9.22036425498419	9.29330340058735	9.33646366121822	9.32958326695441	9.28246719356102	9.64214368701002	9.26961127892029	9.25805499871948
5.75683978492391	5.93573412613173	5.94333575470384	5.79176742594846	5.64742304701288	5.71552558680623	5.66285106749695	5.65120349534597	5.68436298086363	5.62077541401686	5.69569322837073	5.71552558680623	5.52420022531581	5.80249503040071	5.69569322837073
9.22036425498419	9.28564874895521	9.21107164765916	9.28246719356102	9.23042015212465	9.26961127892029	9.31954853542379	9.23569320006224	9.26456808187666	9.3414359664441	9.29330340058735	9.29452283334958	9.10391908591507	9.26456808187666	9.24880246429455
4.81040542806142	4.85521064821232	5.42174326515228	4.84902906824091	4.93915128887784	5.14990732030744	4.71864990220247	4.8094821114793	4.73456259961089	4.64774480839586	4.74269554695419	4.87128155562703	4.95219519507512	5.00726491474551	4.86291528469936
4.73974793881662	4.99632154669275	4.83431293352261	5.22720387780459	4.93915128887784	5.02845767443863	5.05833833184264	4.93881142997431	4.93996988823324	4.94275059147362	4.94742409606067	4.67546590053605	4.90358336705036	4.97628170147569	5.01161813283396
8.82114062798155	8.71544663174179	8.81084925643643	8.83846691070062	8.85237314878742	8.85237314878742	8.69431356943826	8.67114061695808	8.7564000281155	8.61823899263462	8.67220765235411	8.59602303113699	8.54137826877351	8.86512815402354	8.78685530257374
5.11589407797108	5.4342123135288	5.32957754179509	5.26273050032272	5.15763555953745	5.35522895268737	5.14990732030744	4.97628170147569	5.11589407797108	4.98900029881764	4.92580099186526	5.60333060094701	5.04527177735442	5.2463621185606	4.91617278135677
8.60680495653491	8.71049195801539	8.6402098362908	8.77071007057666	8.64364854689539	8.68956733608577	8.53223126441613	8.56097112663038	8.65202732519758	8.64986471925817	8.654531872333	8.38382987798764	8.82745646307206	8.71387647645454	8.5726243351769
7.1251560017104	7.26145426085272	7.1448349407764	7.28376821123045	7.1861572718556	7.12990012927149	7.01988802647107	6.91017807311324	6.97354350806144	6.63287793963552	6.93763229190769	5.31367342059051	6.75608261776821	7.16392711181853	6.91399023404231
5.07989453032951	5.19650067068563	5.47553095091665	5.06043653203945	5.17663360614627	5.16012743495121	5.01821817409275	4.71006438543439	4.90793579392096	4.84221377312418	5.11425026297258	5.285077198304	4.9597766011826	4.71246269070327	4.80321830379015
8.50548435438443	8.61242496345545	8.54842623158974	8.61242496345545	8.46375496090823	8.43365331640021	8.64863512666239	8.52133182083642	8.53223126441613	8.64986471925817	8.6214190536256	8.6377960813182	8.68033152521491	8.69933072508119	8.54524610515436
9.57093273736826	9.51010639043468	9.62511863465181	9.45877359778316	9.55981016322429	9.50545152862109	9.41427535326587	9.48168262115587	9.45360666837588	9.44777761702757	9.47573123058613	9.613118386033	9.66968982466573	9.3497766590306	9.47843653026122
8.71143888458497	8.81822407404889	8.74057454754812	8.65202732519758	8.67669158572915	8.77071007057666	8.74783278134193	8.72043736965239	8.80469609019103	8.80178441418133	8.70954503144582	8.83032381058258	8.70286798030464	8.66046826110929	8.76857670996551
4.75818276003366	4.67301311763694	4.81790603093517	4.9032616947159	4.76803227196899	4.81040542806142	4.86291528469936	4.97628170147569	4.96496289461086	4.84902906824091	4.8759086372099	4.80667508056533	5.07391359159445	5.15458956677153	5.03564946213086
5.31619301292819	5.03564946213086	5.12386368122026	5.25692702550532	5.20183170818654	5.23593929375225	5.07989453032951	5.04674918059481	5.19252850979285	5.21547039117141	5.13557167680126	5.3007180420422	5.12386368122026	4.94979563785923	5.01161813283396
8.75876136368158	8.80605716634804	8.84749414352651	8.78924343576218	8.82031608152845	8.84413386849019	8.87446351331605	8.90992638063681	8.86045016379908	8.88865350761617	8.92894312343409	9.04831193624004	8.98909461499694	8.96038436522069	8.90549897384822
9.23848723538496	9.31954853542379	9.2343307653658	9.31183084065364	9.30847352789471	9.35417566395749	9.3608981556487	9.26690627799525	9.26690627799525	9.32619430453433	9.25805499871948	9.08607014301743	9.13485951677162	9.19997962111724	9.3608981556487
8.55988288158477	8.65889149535986	8.64654394234514	8.80728898028601	8.57980529052903	8.59001765302432	8.55524127246013	8.60038784229075	8.59855199289491	8.58406845093523	8.63529978525811	8.45331093357702	8.8867985790453	8.44828557879975	8.50822665544049
6.88597279786068	6.95664985275887	6.83714486431085	6.70587095461196	6.70587095461196	6.68640144252836	6.4346246882202	6.37718069297357	6.4346246882202	6.23535230338289	6.20862956429249	6.67848597722332	6.13021948956957	6.09851117067976	6.2017768906391
5.17520708019743	5.56008255495749	5.4342123135288	5.36952216691459	5.23593929375225	5.23593929375225	5.01821817409275	5.05348220854816	5.04674918059481	4.97683480245362	5.03458389529814	5.11589407797108	4.8752660017934	5.05140049847058	5.36952216691459
5.35841910537604	5.39696470448101	5.37918133989273	5.34449932789919	5.31115382825284	5.2546726831699	5.33842291607201	5.23399074070959	5.14318895582515	5.27505685594409	5.1726588436572	5.23399074070959	5.1878184524841	5.45715099938819	5.39171586057921
8.60249583559373	8.5877273719349	8.50388981642842	8.82366010811703	8.65731472961043	8.56489863831186	8.68956733608577	8.64142418873608	8.70371311563647	8.70041623266362	8.68314137669442	8.68314137669442	8.76307508160388	8.69933072508119	8.69646707804427
9.60098637511643	9.60098637511643	9.57924381046972	9.39856497262026	9.49424878261077	9.47843653026122	9.43438321131286	9.49424878261077	9.46130455691131	9.45181382350165	9.44777761702757	9.26961127892029	9.415508475518	9.45539951325012	9.45539951325012
7.66958592298459	7.74274351762016	7.68141349867402	7.70932989927715	7.69934443638572	7.56934183150359	7.37680874141499	7.37680874141499	7.38107832189654	7.36766152610669	7.50086550343881	7.62682008136663	7.92250581545571	7.28376821123045	7.3853479023781
5.73809992968159	5.58988022996616	5.3007180420422	5.53355607756537	5.61663161099258	5.66913985165451	5.52978997987326	5.56008255495749	5.55576105964633	5.45130324137722	5.68436298086363	6.03094598490722	5.44625331138308	5.6124878079683	5.67306585110153
9.45539951325012	9.44212575159206	9.49424878261077	9.46130455691131	9.43001904913582	9.44777761702757	9.45539951325012	9.44452968175994	9.43936601076505	9.38952899821722	9.42060205823717	9.34385511142622	9.49702667240629	9.38354822964163	9.47049966457852
5.54988631209145	5.31115382825284	5.37918133989273	5.2823263479625	5.794277265492	5.47553095091665	5.2463621185606	5.29377030444258	5.46004137950945	5.51332373989404	5.48911561284374	5.4971203634938	5.56008255495749	5.39171586057921	5.42174326515228
4.6242500682355	4.77829581673935	4.88907251666215	4.49733353225284	4.56230737851648	4.78822300530576	4.39015581523452	4.47672987125051	4.6608166794994	4.41193123247416	4.5320544647679	4.56673047762831	4.69530781266164	4.59425781171198	4.54215554782726
5.93042961097697	6.0792330284589	5.92512509582221	5.76802270261331	5.68436298086363	5.82601628491108	5.4971203634938	5.49048499733528	5.43722851396954	5.45715099938819	5.51037442684685	6.07411892569758	5.47169988050224	5.71211560806248	5.52420022531581
7.5745201035669	7.58828513011139	7.58596049313972	7.58828513011139	7.58363585616806	7.56934183150359	7.30348549281563	7.44382170588764	7.33441193728995	7.12990012927149	7.34370506883344	7.408677919667	7.3516924956487	7.36013369045796	7.26465381933141
4.94979563785923	5.13902132814224	5.07881177461881	4.61172825424105	4.80863326385191	4.82146705081108	4.58305432029445	4.51743048797677	4.63721648381549	4.6878628700962	4.72668239310614	4.94044862868511	4.68243204666145	4.89177622042126	4.40354471522727
7.80805223237576	7.92250581545571	7.90601438502574	8.04048465285918	7.8292707523205	7.86602169108491	7.63344597504192	7.63344597504192	7.66426191194676	7.65541754832445	7.54665464990601	6.97354350806144	7.96824749619801	7.66426191194676	7.58828513011139
5.14990732030744	5.11753789296958	4.88403131917296	4.70814471460291	5.21874965800742	5.04674918059481	4.93915128887784	5.00019933524787	4.5907440307808	4.84221377312418	4.76752037061	4.48483260877917	4.60882978590079	4.69337298257115	4.91617278135677
5.78220109732533	5.75195323134169	5.74357970478302	5.48355412484162	5.47553095091665	5.28735933090611	5.41527887137201	5.3090865891709	5.25056950395719	5.12934665831416	5.37121357460646	5.38697812133492	5.32139651255572	5.3573184957192	5.1878184524841
5.72662809518383	5.64226048568534	5.35621788606236	5.35424001931237	5.19055331928903	5.33346802480888	5.31115382825284	5.35424001931237	5.31367342059051	5.06043653203945	5.05088478855194	4.72503350880035	4.98900029881764	4.89177622042126	5.01161813283396
5.31619301292819	5.18194794646551	5.22199569409155	5.51627305294122	5.25826675358621	5.3007180420422	5.59799276935291	5.57394401093409	5.6942164920257	5.84778238793544	5.67699185054856	6.13021948956957	6.23535230338289	5.93573412613173	6.2238487633551
8.59532991877492	8.66306260689033	8.51557639724301	8.71387647645454	8.53811063532546	8.61641755442064	8.54524610515436	8.50080897110682	8.54137826877351	8.53518279953012	8.5726243351769	8.41366286365695	8.78801710902707	8.45972533202458	8.50080897110682
4.20554167068884	4.11991463518791	4.20554167068884	4.05995569476734	4.53405451283252	4.48616310971312	4.03282322513216	4.42361021217604	4.30729145394092	4.29950895943307	4.42863860975809	4.67546590053605	4.46209161154356	4.05055629122039	4.09501034623052
7.86602169108491	7.9023216716961	7.8373286889185	7.88092823354397	7.81180818491949	7.88092823354397	7.80429627983203	7.70932989927715	7.73268024584514	7.70932989927715	7.7859467571936	7.77326747041269	7.51918485121301	7.81180818491949	7.73268024584514
7.408677919667	7.46636640795896	7.3853479023781	7.51918485121301	7.40131813228651	7.33441193728995	7.8292707523205	7.8407272492896	7.86602169108491	7.74274351762016	7.86005235269005	7.53566287132275	7.46202237302462	8.25710263664905	7.86303702188748
9.3751861282315	9.33337654980143	9.41674159777012	9.28828228991457	9.35326351330983	9.35948843540412	9.29224898112578	9.38952899821722	9.3414359664441	9.3862071112777	9.41674159777012	9.49702667240629	9.46315265528425	9.29842020646307	9.38952899821722
4.66511154066366	4.66268473362916	4.61010014644508	4.57696135039971	4.61010014644508	4.59369939073767	4.4833392241321	4.34679832333502	4.2655701944892	4.7432811022255	4.26896429621348	4.61405435345985	4.46873450740855	4.46440624455207	4.21379648885786
4.77479040666761	4.72585795095325	4.81790603093517	5.03169952212304	4.9032616947159	4.82983269486053	4.76803227196899	4.54215554782726	4.5907440307808	4.72668239310614	4.58834709179824	4.76803227196899	4.68243204666145	4.61010014644508	4.68068843740427
9.43001904913582	9.37186272742568	9.3751861282315	9.44452968175994	9.40323817852744	9.3497766590306	9.38952899821722	9.37603369892517	9.38078656682795	9.36357231024686	9.39856497262026	9.51642486475383	9.35807871515955	9.42537487155412	9.42060205823717
4.79385005991136	4.72585795095325	4.55622706917017	4.43879320600413	4.86816790858978	4.58305432029445	4.65569827970019	4.67070202978853	4.67185757371273	4.61172825424105	4.55293725283897	4.44778031029133	4.44984468007632	4.44984468007632	4.65894862536964
8.44828557879975	8.45972533202458	8.42538646044623	8.60038784229075	8.40616537571033	8.40616537571033	8.42823675795799	8.43614527904226	8.50388981642842	8.40616537571033	8.40616537571033	8.12452684828891	8.38984306236031	8.50080897110682	8.32265060013263
8.18855858270786	8.19257236872661	8.25710263664905	8.23639613244325	8.28001798537057	8.25710263664905	8.2038882747389	8.17485803552304	8.20990731886335	8.16333549717848	8.24371467934382	8.53370703197312	8.59001765302432	8.08384452442114	8.2038882747389
8.96038436522069	8.8867985790453	8.92546562523457	8.74962313375531	8.87446351331605	8.84294046279475	8.81401817263158	8.86246401317786	8.81631895329946	8.76307508160388	8.83394129601695	8.71902266391627	8.93132661036516	8.88001843808446	8.99266846291951
4.66511154066366	4.64518844057358	5.06043653203945	5.07391359159445	4.85786290852316	4.88235313094635	4.74269554695419	4.98345837517318	4.9032616947159	4.67546590053605	4.91265794988901	4.46657037598031	4.56935140580521	4.79132429645774	4.90793579392096
5.14990732030744	5.11753789296958	5.17663360614627	5.31115382825284	5.279575497621	5.01161813283396	5.47169988050224	5.37121357460646	5.24337771202448	5.20183170818654	5.2917058839754	5.05088478855194	5.37612229769484	5.05140049847058	5.14318895582515
8.13549210166153	8.01820191249467	7.97232187640061	8.03574177235209	8.09919271182142	8.06648143549494	7.97028468629931	7.95065031491375	7.99770021045636	7.8742278974497	7.8373286889185	7.88092823354397	7.7859467571936	7.93189460111895	8.01820191249467
7.36766152610669	7.3516924956487	7.2487397337652	7.34370506883344	7.35591309305333	7.39277619037253	7.54414345204262	7.51918485121301	7.4798776358015	7.50874183090437	7.51918485121301	7.26465381933141	7.26145426085272	7.69934443638572	7.4798776358015
7.8522119722874	7.8742278974497	7.80429627983203	7.77609766810444	7.76613951191916	7.72308125794454	7.57907797986748	7.54665464990601	7.49290531145198	7.5491658477694	7.58828513011139	6.49175802029438	7.73268024584514	7.47071044289329	7.33016260238651
5.04674918059481	5.22962303273576	5.33842291607201	5.8635295465431	5.36783075922272	5.4971203634938	5.87184509877863	5.86606364476358	5.99557489014196	5.88049890635993	5.86606364476358	5.96887615612973	5.74905947988446	5.75484698279892	5.86606364476358
8.9329602826893	8.96513420290054	8.87735491611063	9.24234575617862	8.97510776654727	9.05471166510679	9.24513009007516	9.2343307653658	9.27240870336915	9.06805100405911	9.06805100405911	9.11521505034325	9.01205783361797	9.15785588311065	9.19046432261691
4.59425781171198	4.81040542806142	4.67070202978853	5.05114264351126	4.67546590053605	4.77479040666761	5.25241834083448	5.24486991529254	4.97683480245362	5.27505685594409	5.29856708483332	4.80667508056533	4.97572860049776	4.71246269070327	4.85270412232951
8.4386372416843	8.42253616293447	8.5830051620985	8.46375496090823	8.60832860042823	8.61242496345545	8.84294046279475	8.80333501403402	8.87280145266125	8.88264788609657	8.89556406437521	9.19046432261691	9.04660262759336	8.79592872547256	8.85909810774778
8.62052204618665	8.7564000281155	8.64924992296028	8.76857670996551	8.60249583559373	8.70635874825493	8.73489482512257	8.68580624722693	8.67823176256755	8.70455825096829	8.64654394234514	8.07225778295172	8.66046826110929	8.64863512666239	8.57980529052903
8.72281659768516	8.77279797349928	8.83559065025638	8.98616125089918	8.97031123384519	8.89802539686686	9.06101087919174	9.08197394071086	9.04660262759336	9.05471166510679	9.05471166510679	9.3945378260857	8.981963274727	9.07846441915555	9.07846441915555
8.30014480811532	8.32265060013263	8.28001798537057	8.37511195032467	8.2173253405472	8.28964469179955	8.11153456694148	8.04048465285918	8.11153456694148	8.03574177235209	8.07803413040849	8.54524610515436	8.50707889234044	7.98825047924117	8.09003845219173
6.87208314422273	6.78057169945414	6.95664985275887	6.84853526714219	6.93763229190769	7.05910335756478	7.28376821123045	7.21500237674531	7.31192760756838	7.61297579801364	7.408677919667	7.5745201035669	7.5491658477694	7.20399468956324	7.47071044289329
4.77479040666761	4.767008469251	4.85786290852316	4.84902906824091	4.74727293735895	4.75818276003366	4.68722233424188	4.65062160081035	4.71986923471804	4.69724264275212	4.63942417376775	4.84060184410251	4.61172825424105	4.59425781171198	4.59425781171198
5.54988631209145	5.27068730206553	5.01224643511502	5.18918588588656	5.24846581125889	5.18578650889593	5.07989453032951	5.01064155264884	4.99001623002099	5.13416309309326	5.2087913237466	4.87128155562703	4.86171522676668	4.76058276258798	5.01161813283396
5.11589407797108	5.35621788606236	5.17663360614627	5.33346802480888	5.0233234241119	4.88235313094635	5.11012028932307	5.18194794646551	5.23717528810705	5.21547039117141	5.25241834083448	4.70622504377143	5.2463621185606	5.19550218549115	5.19550218549115
9.32958326695441	9.33646366121822	9.3497766590306	9.25805499871948	9.28828228991457	9.32279857610456	9.30175278173902	9.32279857610456	9.26961127892029	9.39178845292731	9.40323817852744	9.47843653026122	9.44777761702757	9.3862071112777	9.39178845292731
10.0466200660251	10.0466200660251	9.92633383178448	10.0466200660251	9.99393925466075	9.99393925466075	9.99393925466075	9.94645030933033	9.99393925466075	9.94645030933033	9.99393925466075	9.85126464572283	9.92633383178448	9.99393925466075	9.99393925466075
4.46209161154356	4.81040542806142	4.3713230960536	4.77958295038724	4.74727293735895	4.6742395090865	4.79027657641093	4.57768251850621	4.67720536434157	4.89488386882242	4.81342620075954	4.80667508056533	4.67185757371273	4.52840341562018	4.48616310971312
4.55293725283897	4.66268473362916	4.79027657641093	4.75471041530121	4.61638045267864	4.52592791642126	4.67185757371273	4.62648129486228	4.77048132445657	4.83227023294996	4.75644658766744	4.67546590053605	4.7210885672336	4.79805016614904	4.47122498950652
4.41957286907802	4.1473363546895	4.58072900345358	4.41437857113696	4.53405451283252	4.60882978590079	4.50095649338629	4.44778031029133	4.44778031029133	4.36954176636531	4.49733353225284	4.7432811022255	4.50593147202086	4.57696135039971	4.70440907924488
5.27505685594409	5.22962303273576	4.99426730409395	5.39696470448101	5.17663360614627	5.11012028932307	5.27505685594409	5.13175487570371	5.17663360614627	5.17393296192732	4.88585670748486	5.09424655646959	5.03314170871059	5.1878184524841	5.10117421581758
8.53223126441613	8.49752622163746	8.45972533202458	8.75368854000189	8.61823899263462	8.65731472961043	8.71760795818015	8.83032381058258	8.78061116467966	8.63659667879088	8.79828660827459	8.67746167414835	8.45972533202458	8.89323290573921	8.60680495653491
5.94333575470384	5.85793628184373	5.83670817954678	6.24803551905348	6.11426176012062	6.11972763096524	6.59898910150958	6.59314082094479	6.64131271581716	6.71623784269253	6.52846120155559	6.17107267118558	6.19492421698572	6.70587095461196	6.45720864789511
8.01820191249467	7.99770021045636	8.09697831812182	7.93189460111895	8.03574177235209	8.01820191249467	7.8373286889185	7.91356801722172	7.84412580966069	7.80429627983203	7.80805223237576	8.38382987798764	7.8292707523205	7.99770021045636	7.94206843609343
6.5098315055683	6.42225572768887	6.54819750402501	5.9739785632074	6.14530267013044	6.18906682886537	5.92512509582221	5.87762655279369	5.94333575470384	5.794277265492	5.75484698279892	5.2596064816671	6.15363377283569	5.57775443980147	5.63709792435781
4.98900029881764	4.68068843740427	5.12386368122026	5.00019933524787	5.21874965800742	5.12230550650889	4.81040542806142	5.06897966423794	4.75014471224567	4.8006342349696	5.0048648570273	5.17663360614627	4.8911195789744	5.00726491474551	5.01161813283396
8.37999422454165	8.36291840674903	8.30356925925517	8.25710263664905	8.25710263664905	8.24371467934382	8.23639613244325	8.14025372698699	8.249370760149	8.27393887032335	8.11153456694148	7.99770021045636	7.97920285078495	8.35517132445498	8.25710263664905
7.19816716309229	7.12041187414931	7.16392711181853	7.17997490708986	7.1861572718556	7.1448349407764	7.09274299989768	7.04191329427502	7.09274299989768	6.90636591218417	6.88597279786068	6.67848597722332	6.90636591218417	7.04191329427502	6.78544499557879
5.4342123135288	5.47553095091665	5.49048499733528	5.60790920445766	5.75683978492391	5.56440405026866	5.72662809518383	5.63316884154848	5.79964106771813	6.09106114782745	6.06900482293627	5.93953494041778	6.09478615925361	5.92512509582221	5.96887615612973
4.91265794988901	4.97787679981989	4.85786290852316	5.2917058839754	5.13698026050925	5.2546726831699	5.26273050032272	5.26273050032272	5.15611256315449	5.23204218766693	5.26827091052194	5.54401156453656	5.0233234241119	5.12386368122026	5.12230550650889
8.3671267356983	8.37322350748612	8.359044865602	8.55430622763355	8.4386372416843	8.50822665544049	8.61823899263462	8.53811063532546	8.57980529052903	8.67823176256755	8.67746167414835	8.64863512666239	8.44828557879975	8.82366010811703	8.51702703932103
5.01224643511502	4.98900029881764	4.90128706774223	4.80778441622451	5.05088478855194	5.04674918059481	4.91925906393868	4.90294002238145	4.79132429645774	4.81968654087312	4.81342620075954	4.46657037598031	4.59500037572154	4.62201884160872	4.76803227196899
8.79592872547256	8.66484371169642	8.78569349612041	8.63529978525811	8.72043736965239	8.71760795818015	8.72162698366878	8.76307508160388	8.68448622670049	8.68580624722693	8.72992670746979	8.80178441418133	8.82031608152845	8.64986471925817	8.73917513865002
5.82601628491108	5.57394401093409	5.64742304701288	5.79176742594846	5.67699185054856	5.69716996471575	5.39696470448101	5.44625331138308	5.42525026166233	5.4282231873752	5.45715099938819	5.57394401093409	5.2917058839754	5.47553095091665	5.4971203634938
9.16874748407932	9.19865815093134	9.16422237479999	9.16422237479999	9.16159929697905	9.14120584578535	9.09006314122676	9.13854520309684	9.10391908591507	9.07194061194628	9.11521505034325	9.02097028286705	8.83559065025638	9.09775484353706	8.98406226281309
4.29313312566823	4.43879320600413	4.72668239310614	4.84902906824091	4.64879526758996	4.33010486829799	4.52133958398215	4.47672987125051	4.81237747270153	4.71864990220247	4.48483260877917	4.29313312566823	4.77829581673935	4.84060184410251	4.5751582467211
9.63008324507637	9.5954749203366	9.51191302786147	9.49424878261077	9.57924381046972	9.57093273736826	9.51642486475383	9.56624015443631	9.56624015443631	9.65198516336582	9.57093273736826	9.64538201987573	9.54801199604914	9.52106338066928	9.64214368701002
4.97628170147569	5.02068849293531	4.88907251666215	5.20614170345084	5.26827091052194	5.02845767443863	5.19833600195182	5.11012028932307	5.20183170818654	5.15763555953745	5.23841128246186	5.2596064816671	5.36783075922272	5.49048499733528	5.34449932789919
7.63927854937673	7.68602395366052	7.54665464990601	7.86005235269005	7.50086550343881	7.66958592298459	7.51918485121301	7.39704716132952	7.54414345204262	7.36013369045796	7.4170650487166	7.37680874141499	7.21500237674531	7.51918485121301	7.4170650487166
8.68033152521491	8.71049195801539	8.70455825096829	8.70455825096829	8.74057454754812	8.69193452178509	8.54137826877351	8.58513173977196	8.59360383467144	8.53811063532546	8.48662235255507	8.71049195801539	8.67220765235411	8.47688129312578	8.64863512666239
5.04674918059481	5.2823263479625	4.95901816415495	5.09663435770058	4.99264973265914	4.92580099186526	5.10117421581758	4.84278877242498	5.01431129632314	5.06043653203945	5.0897381550255	5.0233234241119	4.95219519507512	5.15458956677153	4.74527701979222
7.68141349867402	7.75657653873938	7.76184175111739	7.7859467571936	7.82139340120504	7.82139340120504	7.8522119722874	7.76184175111739	7.82139340120504	8.06259076718818	7.90601438502574	7.80429627983203	8.55119688063472	7.88092823354397	8.03811321260564
6.73212604973441	6.67057051191827	6.61282189978721	6.23535230338289	6.42225572768887	6.5098315055683	6.09851117067976	6.09851117067976	6.17107267118558	6.04590504241034	5.93573412613173	5.62923975873915	6.14530267013044	6.18320944074503	6.18320944074503
4.15535236047839	4.5320544647679	4.2655701944892	4.74210999168288	4.8911195789744	4.90575958048566	4.87128155562703	4.9118786521312	5.12660516976721	4.87337636863316	5.15763555953745	4.72503350880035	4.86816790858978	4.81790603093517	5.14318895582515
8.67434674540178	8.61823899263462	8.69824521749877	8.60249583559373	8.61823899263462	8.6250416614176	8.50388981642842	8.53518279953012	8.5830051620985	8.60502761815623	8.64986471925817	8.82655729692937	8.93459395501345	8.63529978525811	8.57633992347061
7.53566287132275	7.56416355944029	7.69934443638572	7.24088480509916	7.55500897271021	7.58828513011139	7.34370506883344	7.45332583885839	7.3516924956487	7.4798776358015	7.46636640795896	7.86602169108491	7.74702742199076	7.34370506883344	7.61297579801364
8.60502761815623	8.61641755442064	8.56489863831186	8.5726243351769	8.66484371169642	8.67007358156206	8.64212711673594	8.51557639724301	8.58513173977196	8.59001765302432	8.55119688063472	8.60376172687498	8.28964469179955	8.61823899263462	8.53223126441613
6.27758700852164	6.26939801758516	6.486763330805	6.05286899518717	6.19492421698572	6.08514708814318	5.76342764483111	5.84489836414536	5.59393649965954	5.74905947988446	5.74905947988446	4.7432811022255	5.85487711536484	5.32139651255572	5.93953494041778
8.50080897110682	8.4899788219945	8.6402098362908	8.36291840674903	8.50388981642842	8.49359276111574	8.53811063532546	8.47310278837322	8.50080897110682	8.63018395167856	8.55879463653917	8.56293488247112	8.87735491611063	8.51702703932103	8.45709685650896
8.249370760149	8.20990731886335	8.249370760149	8.28001798537057	8.27393887032335	8.20990731886335	8.25710263664905	8.12452684828891	8.2038882747389	8.02482857322482	7.98825047924117	7.8373286889185	7.93189460111895	8.51136454195469	8.10140710552101
6.02624370006058	5.83140201873829	5.85793628184373	5.96377374905206	5.88049890635993	5.87762655279369	5.65498394367906	5.78220109732533	5.66285106749695	5.71552558680623	5.62077541401686	5.84778238793544	5.794277265492	6.0792330284589	5.75883258704891
8.67220765235411	8.73224444774986	8.66484371169642	8.97812381344851	8.84749414352651	8.89439848505721	8.95499168572135	8.90175237722921	9.03988108559533	9.26456808187666	9.10522456355955	8.93013486689962	9.3945378260857	8.76857670996551	8.97812381344851
9.3945378260857	9.29842020646307	9.40663467027552	9.3862071112777	9.38487767045967	9.37688126961884	9.28246719356102	9.33646366121822	9.29574226611182	9.27717550245212	9.35235136266217	9.35106401084638	9.48168262115587	9.29330340058735	9.36501049401742
4.9597766011826	4.93881142997431	4.90128706774223	5.03169952212304	5.05088478855194	5.04674918059481	4.97572860049776	5.22037267604949	5.07119227321382	5.17393296192732	5.14106239577523	5.11589407797108	4.88235313094635	4.79805016614904	5.15224844353948
9.46762739617921	9.41427535326587	9.42537487155412	9.37688126961884	9.38078656682795	9.42060205823717	9.33646366121822	9.3945378260857	9.3497766590306	9.18875000275916	9.25372279010961	9.26573717993595	8.96038436522069	9.54087558477235	9.37603369892517
8.70455825096829	8.70041623266362	8.76857670996551	8.7564000281155	8.75876136368158	8.79363413753807	8.77441377896244	8.69646707804427	8.78061116467966	8.81822407404889	8.84294046279475	8.8867985790453	9.08607014301743	8.72043736965239	8.75299197042601
7.64477401638382	7.66692391746568	7.50874183090437	7.81180818491949	7.50874183090437	7.58363585616806	7.70433716783144	7.59974741468694	7.61297579801364	7.63927854937673	7.63344597504192	7.51396334105869	7.31192760756838	7.94880139671324	7.45332583885839
5.75683978492391	5.81725747982684	6.16240255989728	5.71552558680623	5.74905947988446	5.85793628184373	5.71552558680623	5.6942164920257	5.57775443980147	5.66285106749695	5.71211560806248	6.11972763096524	5.75484698279892	5.84778238793544	5.65498394367906
4.0821827222724	3.96797873394771	4.2655701944892	4.30234688752987	3.83340104571923	3.83340104571923	3.83340104571923	4.04168975817627	4.03282322513216	3.76514479344294	3.94164408285057	4.21379648885786	3.76514479344294	4.39840291991169	3.76514479344294
8.35355218970581	8.33007243970922	8.314157000865	8.33558349156103	8.33558349156103	8.33007243970922	8.11671008737282	8.07803413040849	8.07803413040849	8.11153456694148	8.11671008737282	8.44312747927764	8.46891845510728	8.00812393252113	8.22806150132448
6.48176864131561	6.38905419520569	6.35408238777897	6.45266731012998	6.20862956429249	6.11972763096524	6.02624370006058	5.97994166997009	6.09851117067976	5.66285106749695	5.84489836414536	6.03094598490722	6.32598313539147	6.16673761554143	5.97994166997009
5.9739785632074	5.9479638189442	5.97696011658874	5.66599545957573	5.84778238793544	6.02104926797331	5.83670817954678	5.81388440856982	5.85487711536484	5.66285106749695	5.62923975873915	5.81388440856982	5.93953494041778	5.6942164920257	5.894937049183
8.77071007057666	8.77071007057666	8.68314137669442	8.64283004473579	8.64364854689539	8.60680495653491	8.62653620465373	8.63018395167856	8.57633992347061	8.61242496345545	8.64446704905499	8.47101062174025	8.70041623266362	8.53664671742779	8.67114061695808
9.31524157085171	9.32958326695441	9.27240870336915	9.39065872557227	9.24880246429455	9.31183084065364	9.27240870336915	9.227786433666	9.28564874895521	9.12539413921632	9.16159929697905	9.03988108559533	8.81084925643643	9.3751861282315	9.17356479506693
4.81040542806142	4.87337636863316	4.97628170147569	4.70814471460291	5.07340488218969	5.18578650889593	4.8501975964467	4.92194766006045	4.91265794988901	4.84221377312418	4.98451694070074	5.38697812133492	5.17910072985918	4.74527701979222	4.75242756377344
4.2554683157695	4.8254297822139	4.41193123247416	4.76752037061	4.82724178326369	4.65062160081035	4.58305432029445	4.62648129486228	4.3318679408064	4.33010486829799	4.26217609276493	4.64155335285657	4.41697572010749	4.76803227196899	4.40354471522727
4.77479040666761	5.04955568619356	5.23593929375225	4.83105146390525	5.03169952212304	4.92580099186526	4.82254241598759	4.90294002238145	4.80321830379015	4.88067494271973	5.15763555953745	5.0233234241119	4.99837578929155	4.42863860975809	4.89725899096272
5.31619301292819	5.12934665831416	4.91441536562289	5.4282231873752	5.31115382825284	5.65498394367906	6.06900482293627	6.13021948956957	6.15363377283569	6.44812597236486	6.55678423371841	6.7447509364886	6.72418194621347	6.28678304578653	6.51920310408295
9.47049966457852	9.39856497262026	9.51642486475383	9.19997962111724	9.33646366121822	9.31954853542379	9.3049277845776	9.3862071112777	9.00589654359313	9.16159929697905	9.24513009007516	9.41105959973395	9.32619430453433	9.17115613957312	9.32279857610456
8.63018395167856	8.59187775056797	8.60680495653491	8.84013784731678	8.76857670996551	8.73777572975191	8.82745646307206	8.77935422851247	8.84013784731678	8.87280145266125	8.86045016379908	8.87060667432	8.89802539686686	8.77071007057666	8.78414302067414
9.03988108559533	8.97661578999789	9.04660262759336	9.10867940346315	9.04355034378011	9.06805100405911	9.02462471994693	9.05002124488672	9.07194061194628	8.9686325405734	9.01982746222484	8.81401817263158	9.10653004120402	9.04660262759336	9.01079964958199
6.35882338865648	6.35408238777897	6.38905419520569	6.73212604973441	6.63287793963552	6.62080641750005	6.72418194621347	6.68640144252836	6.70587095461196	6.88597279786068	6.83248261111707	7.20949853315428	7.00237172564025	6.78544499557879	6.84180711750464
4.05055629122039	4.26217609276493	3.96797873394771	4.55622706917017	4.33010486829799	4.42764755527405	4.22871441664968	4.2865068087572	4.42863860975809	4.49060209088323	4.12961749204426	4.25098470077357	4.35858956608572	4.0135683050885	4.2655701944892
5.09424655646959	5.15611256315449	5.14318895582515	5.44625331138308	5.10380714300484	5.43722851396954	5.2463621185606	5.13175487570371	5.29616869463795	5.31619301292819	5.0897381550255	5.13557167680126	5.27505685594409	5.4342123135288	5.25056950395719
4.70622504377143	4.29950895943307	4.50095649338629	4.45919258949139	4.36954176636531	4.52592791642126	4.46657037598031	4.2865068087572	4.15535236047839	4.45410130865027	4.25098470077357	4.80667508056533	4.23389315785928	4.3370597985491	4.56373918886939
6.93763229190769	6.83248261111707	6.97354350806144	6.75608261776821	6.88597279786068	6.93763229190769	6.68640144252836	6.75608261776821	6.66016810136781	6.73212604973441	6.5098315055683	7.00237172564025	6.36356438953398	6.31125587416693	6.40992135932374
6.78544499557879	6.73212604973441	6.67057051191827	6.35882338865648	6.64131271581716	6.63709532772634	6.03564826975387	6.24803551905348	6.18906682886537	6.11426176012062	6.04590504241034	6.07411892569758	5.6124878079683	5.96377374905206	6.17107267118558
9.35235136266217	9.3497766590306	9.45181382350165	9.3751861282315	9.36644867778796	9.34627425640834	9.26200149585839	9.29574226611182	9.25805499871948	9.24234575617862	9.27985937549055	9.45877359778316	9.415508475518	9.28564874895521	9.26200149585839
7.63344597504192	7.64477401638382	7.79573501968753	7.58363585616806	7.7859467571936	7.74274351762016	7.46202237302462	7.36013369045796	7.46202237302462	7.42778043508628	7.16392711181853	7.09274299989768	7.69934443638572	7.17997490708986	7.40499802597676
9.78802890423443	9.71494579777847	9.69605417146691	9.65458034058143	9.5954749203366	9.67645504562919	9.613118386033	9.6332168182761	9.61721538308364	9.46315265528425	9.5305416141092	9.50261179153528	9.54087558477235	9.71494579777847	9.61721538308364
8.98616125089918	9.02097028286705	8.9329602826893	9.00838863400321	8.98909461499694	9.0268692634567	8.99624196071311	8.95755392286335	8.981963274727	9.03511129140672	8.98909461499694	9.23569320006224	9.25805499871948	8.90358395748893	9.02462471994693
4.61010014644508	4.5320544647679	4.58072900345358	4.74210999168288	4.51743048797677	4.63942417376775	4.69530781266164	4.52840341562018	4.52840341562018	4.46873450740855	4.71486099597216	4.56673047762831	4.56935140580521	4.74527701979222	4.71006438543439
8.47890180308802	8.53223126441613	8.53518279953012	8.57980529052903	8.54137826877351	8.54981155611223	8.45446838099333	8.37999422454165	8.48108535027255	8.5877273719349	8.47890180308802	8.47101062174025	8.89556406437521	8.46891845510728	8.53518279953012
9.21270605550985	9.20943723980848	9.18450848575216	9.23848723538496	9.13854520309684	9.1870356829014	9.06805100405911	9.065481985367	9.11521505034325	9.04355034378011	9.11878303774895	9.18577208432678	9.23848723538496	9.09323933920874	9.0581696211132
9.07194061194628	9.07846441915555	9.22617322389272	9.07846441915555	9.15325625573133	9.12184561670487	9.25262522260723	9.11521505034325	9.22617322389272	9.48885226004149	9.3497766590306	9.25805499871948	9.66121776820698	9.31524157085171	9.3497766590306
9.23042015212465	9.26961127892029	9.07846441915555	9.29119456166422	9.27240870336915	9.33337654980143	9.48168262115587	9.44212575159206	9.45877359778316	9.5514221205822	9.43936601076505	9.35612718955852	9.03511129140672	9.56624015443631	9.41674159777012
8.3671267356983	8.37999422454165	8.33558349156103	8.40616537571033	8.33007243970922	8.32265060013263	8.27393887032335	8.2173253405472	8.25710263664905	8.01820191249467	8.20689779680112	7.8742278974497	7.8742278974497	8.45446838099333	8.13549210166153
8.90358395748893	8.981963274727	8.96284281543048	9.06101087919174	8.93132661036516	8.94846177414328	8.86841189597875	8.87590921471334	8.92894312343409	8.71544663174179	8.71143888458497	8.69193452178509	8.60680495653491	9.00455728472585	8.81631895329946
4.29313312566823	4.48408591645563	4.5320544647679	5.09663435770058	4.2834183975142	4.44778031029133	4.81040542806142	4.8094821114793	4.88768209579676	4.597849322089	5.01287473739608	4.56673047762831	4.73173931327141	4.97271371362288	4.80321830379015
4.79385005991136	4.92194766006045	5.02589054927526	5.06043653203945	5.05088478855194	5.09199235574754	4.71864990220247	4.94275059147362	4.81237747270153	4.98900029881764	4.80556574490614	4.97787679981989	4.81790603093517	4.81790603093517	4.93088539539504
8.52133182083642	8.47688129312578	8.48662235255507	8.4899788219945	8.54137826877351	8.54524610515436	8.68712626775337	8.4899788219945	8.6214190536256	8.69075092893543	8.61242496345545	8.48830058727479	8.15550354402572	8.70455825096829	8.67114061695808
9.24880246429455	9.27240870336915	9.16874748407932	9.46315265528425	9.37186272742568	9.3751861282315	9.60098637511643	9.50261179153528	9.55436870275962	9.55981016322429	9.56624015443631	9.5954749203366	9.22036425498419	9.5954749203366	9.49424878261077
9.19733668074543	9.14120584578535	9.09323933920874	9.09006314122676	9.14120584578535	9.14632547289684	9.22036425498419	9.19733668074543	9.23042015212465	9.28564874895521	9.18450848575216	9.24880246429455	8.85113143960458	9.34627425640834	9.31183084065364
5.22037267604949	5.04955568619356	5.49048499733528	5.51037442684685	5.31115382825284	5.31115382825284	5.35522895268737	5.42174326515228	5.41232147410177	5.39434028253011	5.33842291607201	5.44625331138308	5.45715099938819	5.47553095091665	5.42174326515228
8.6250416614176	8.67823176256755	8.77935422851247	8.53370703197312	8.70164210648413	8.64212711673594	8.60680495653491	8.52787809217192	8.55879463653917	8.65731472961043	8.50937441854054	8.97661578999789	8.98616125089918	8.314157000865	8.63018395167856
8.61242496345545	8.56489863831186	8.57980529052903	8.52412001764166	8.55879463653917	8.48494562500607	8.45972533202458	8.53223126441613	8.47310278837322	8.61641755442064	8.50080897110682	8.52599905490679	8.6250416614176	8.52787809217192	8.42253616293447
4.79385005991136	4.56230737851648	4.3318679408064	4.5391050543622	4.80863326385191	4.73974793881662	5.01821817409275	4.98345837517318	5.13698026050925	4.89488386882242	5.1878184524841	4.61405435345985	4.8752660017934	4.72306103801697	4.96053503821025
7.36013369045796	7.40499802597676	7.27573093215717	7.31892043752573	7.27573093215717	7.20399468956324	7.05910335756478	7.07632285268707	7.12041187414931	6.79274291180714	6.78544499557879	6.80004082803549	6.63287793963552	6.87208314422273	6.95664985275887
9.16422237479999	9.21617682607589	9.26961127892029	9.22036425498419	9.22697982877936	9.25372279010961	9.28564874895521	9.24880246429455	9.31524157085171	9.29330340058735	9.32279857610456	9.19733668074543	9.50545152862109	9.20655689260486	9.29842020646307
4.57335514304249	4.32327054157109	4.50095649338629	4.29667103133627	4.41193123247416	4.24278649242326	4.19479754723502	4.34679832333502	4.18268724659203	4.12961749204426	4.3926617620693	4.1473363546895	4.23389315785928	4.30234688752987	4.29667103133627
8.81822407404889	8.7458222090557	8.76307508160388	8.63141530606702	8.6339732228568	8.65094602222787	8.51136454195469	8.60502761815623	8.54981155611223	8.43365331640021	8.5427563774857	8.51990475111774	8.60985224432156	8.59602303113699	8.60249583559373
5.84201434035527	5.9739785632074	6.0792330284589	5.91720179276649	6.00726979733327	5.75195323134169	5.78220109732533	5.68436298086363	5.76802270261331	5.73236401243271	5.58988022996616	5.75484698279892	5.60066168514996	5.77498744455435	5.49048499733528
7.99770021045636	8.08384452442114	7.89431662373532	8.18454479668911	8.2038882747389	8.19257236872661	8.19257236872661	8.24371467934382	8.22806150132448	8.11671008737282	8.05870009888142	7.95249923311427	7.79573501968753	8.06648143549494	7.98825047924117
4.8752660017934	4.64518844057358	4.74727293735895	4.92580099186526	4.56230737851648	5.06253473223627	5.03807431529057	4.92892556147167	5.09890428675908	5.22720387780459	5.1726588436572	5.52978997987326	5.36783075922272	5.35424001931237	5.20183170818654
8.79828660827459	8.88001843808446	8.84988973042175	8.90175237722921	8.80605716634804	8.8867985790453	8.78414302067414	8.79363413753807	8.85909810774778	8.84013784731678	8.87280145266125	8.77279797349928	8.97198992711699	8.73224444774986	8.77602958442559
5.52978997987326	5.60333060094701	5.79964106771813	5.81388440856982	5.56440405026866	5.66913985165451	5.49048499733528	5.52978997987326	5.51037442684685	5.41823626864224	5.48911561284374	5.38697812133492	5.48911561284374	5.4342123135288	5.51627305294122
5.33511801433061	5.73809992968159	5.33842291607201	5.69716996471575	5.75683978492391	5.77859427093984	5.67306585110153	5.67306585110153	5.73236401243271	6.01585483588605	5.72662809518383	5.90009165645434	6.21623916382379	5.81388440856982	5.75484698279892
9.20655689260486	9.14267120119302	9.32958326695441	9.03988108559533	9.20943723980848	9.17356479506693	9.00455728472585	9.02462471994693	9.05471166510679	9.03316711947196	9.03316711947196	9.03316711947196	9.39178845292731	8.95755392286335	9.11082876572229
4.860515168834	4.75644658766744	4.68068843740427	4.57696135039971	4.45629356743923	4.75818276003366	4.72585795095325	4.57768251850621	4.81237747270153	4.63382517876603	4.8759086372099	4.56673047762831	4.55458216100457	4.93915128887784	4.88907251666215
8.41366286365695	8.33558349156103	8.53811063532546	8.249370760149	8.47688129312578	8.51557639724301	8.37133506464757	8.36291840674903	8.34478105940308	8.64550549570007	8.45972533202458	8.62052204618665	8.64986471925817	8.23639613244325	8.48326889745707
9.31183084065364	9.3751861282315	9.32619430453433	9.35417566395749	9.29842020646307	9.32958326695441	9.26456808187666	9.18450848575216	9.24234575617862	9.49702667240629	9.3608981556487	9.26573717993595	9.59015729467653	9.24696627718486	9.26456808187666
8.60985224432156	8.45446838099333	8.81401817263158	8.48326889745707	8.7659424306885	8.68712626775337	8.50707889234044	8.64446704905499	8.51557639724301	8.53005467829403	8.53370703197312	8.80852079422399	8.83229194177751	8.47890180308802	8.7458222090557
8.74783278134193	8.69431356943826	8.78414302067414	8.6214190536256	8.69646707804427	8.67220765235411	8.68314137669442	8.71265768051975	8.71466155409817	8.62052204618665	8.71544663174179	8.66176543399981	8.70545849961161	8.72395023001615	8.71143888458497
5.64742304701288	5.88337125992617	5.74357970478302	5.92512509582221	5.92116344429435	5.9479638189442	6.01585483588605	5.99557489014196	6.16240255989728	6.0624329892396	5.81388440856982	6.05765099221338	5.96377374905206	5.57775443980147	5.84778238793544
7.92250581545571	7.93189460111895	8.09003845219173	7.71992001996085	7.97920285078495	7.91356801722172	7.74274351762016	7.69063440864702	7.65541754832445	7.73268024584514	7.58363585616806	7.98825047924117	7.98825047924117	7.2487397337652	7.56416355944029
4.99837578929155	4.95732957179621	4.94275059147362	4.77958295038724	4.87655127262639	4.81435586766377	4.82254241598759	4.88585670748486	4.84278877242498	4.91109935437338	4.93881142997431	5.19833600195182	5.32139651255572	4.94275059147362	4.54215554782726
8.71760795818015	8.654531872333	8.69539032374127	8.67669158572915	8.66908125701909	8.67669158572915	8.66046826110929	8.65592330097172	8.68033152521491	8.6250416614176	8.60502761815623	8.55879463653917	8.75299197042601	8.34478105940308	8.67669158572915
8.64863512666239	8.59532991877492	8.60502761815623	8.654531872333	8.58513173977196	8.63899548384552	8.71466155409817	8.61641755442064	8.63899548384552	8.74783278134193	8.70041623266362	8.72624725427902	9.065481985367	8.67007358156206	8.68448622670049
4.82853723906211	4.77829581673935	4.80667508056533	4.87861310767306	4.8911195789744	4.90575958048566	4.8006342349696	4.79532810331819	4.82983269486053	4.97004986535672	4.60328535150912	4.90575958048566	4.70259311471834	4.49060209088323	4.56373918886939
6.18320944074503	6.2017768906391	6.01585483588605	5.87762655279369	6.06571890608793	5.9739785632074	6.18320944074503	6.02624370006058	6.01585483588605	6.27758700852164	6.24803551905348	6.54295840152663	6.46688286932689	6.24803551905348	6.48176864131561
9.66121776820698	9.54087558477235	9.50829975300788	9.47573123058613	9.52106338066928	9.57575947440693	9.56624015443631	9.54087558477235	9.45360666837588	9.50545152862109	9.47843653026122	9.66968982466573	9.09775484353706	9.56304264003607	9.57924381046972
5.36952216691459	5.38224038209063	5.40057135788343	5.60790920445766	5.33346802480888	5.60790920445766	5.88915415455459	5.84489836414536	5.9739785632074	5.81388440856982	6.01585483588605	5.92116344429435	5.83140201873829	5.90524626372567	6.02624370006058
13.3918762872332	13.3918762872332	13.3918762872332	13.3918762872332	13.3918762872332	13.3918762872332	13.3918762872332	13.3918762872332	13.3918762872332	13.3918762872332	13.3918762872332	13.3918762872332	13.3918762872332	13.3918762872332	13.3918762872332
12.882274582548	12.882274582548	12.882274582548	12.882274582548	12.882274582548	12.882274582548	12.882274582548	12.882274582548	12.882274582548	12.882274582548	12.882274582548	12.882274582548	12.882274582548	12.882274582548	12.882274582548
5.06694884629475	4.56230737851648	4.84221377312418	4.52840341562018	5.05088478855194	5.07661703780901	4.8759086372099	4.72668239310614	4.56935140580521	4.85786290852316	4.74269554695419	4.76803227196899	4.66511154066366	4.50593147202086	4.78616943420059
5.07989453032951	5.2463621185606	5.15763555953745	5.21874965800742	4.99264973265914	5.18578650889593	5.23204218766693	5.20017133321801	5.25056950395719	5.39434028253011	5.38224038209063	5.62923975873915	5.3414611219856	5.56440405026866	5.31619301292819
8.80852079422399	8.81084925643643	8.71544663174179	8.75876136368158	8.77279797349928	8.80605716634804	8.75758069589854	8.81401817263158	8.76100775885456	8.79592872547256	8.79205195001768	8.93694076091968	8.64654394234514	8.90867018542216	8.80178441418133
4.22871441664968	4.3713230960536	3.96797873394771	4.57696135039971	4.13932034890061	4.48616310971312	4.55622706917017	4.44778031029133	4.38040438753871	4.29950895943307	4.04168975817627	3.47553963218606	4.50845077132356	4.61010014644508	4.50845077132356
3.47553963218606	3.28332520076901	3.28332520076901	3.47553963218606	3.02158458420296	3.47553963218606	3.15245489248599	2.65666608908397	3.02158458420296	3.02158458420296	3.02158458420296	2.65666608908397	3.02158458420296	3.28332520076901	3.64492277960622
8.43365331640021	8.46375496090823	8.59532991877492	8.50388981642842	8.42253616293447	8.42253616293447	8.52412001764166	8.55524127246013	8.59001765302432	8.50707889234044	8.48326889745707	8.72624725427902	8.79592872547256	8.60985224432156	8.69824521749877
6.71105439865225	6.54819750402501	6.57648942902568	6.03094598490722	6.45720864789511	6.2734925130534	6.20862956429249	6.19492421698572	5.98937521567546	5.82063055108387	6.00726979733327	4.90575958048566	5.91720179276649	6.108795889276	5.85793628184373
7.1251560017104	7.19233963662134	6.93763229190769	7.04191329427502	6.84180711750464	6.78544499557879	6.82258250521772	6.60483738207437	6.75608261776821	6.37037254125378	6.48176864131561	6.63709532772634	6.48176864131561	6.82753255816739	6.44812597236486
8.2038882747389	8.2038882747389	8.07803413040849	8.314157000865	8.13549210166153	8.2038882747389	8.28964469179955	8.20990731886335	8.29489474995743	8.07803413040849	8.20689779680112	8.32636151992093	8.09919271182142	8.12452684828891	8.02482857322482
4.23907189906888	4.5320544647679	4.23907189906888	4.63500879386324	4.16036302309562	4.48616310971312	4.59500037572154	4.3713230960536	4.68243204666145	4.62201884160872	4.50719112167221	4.80667508056533	4.74727293735895	4.88403131917296	4.82853723906211
9.22617322389272	9.25262522260723	9.27717550245212	9.23042015212465	9.23569320006224	9.21617682607589	9.15009159754517	9.11878303774895	9.20943723980848	9.15785588311065	9.19590741685478	9.13854520309684	9.3497766590306	9.09006314122676	9.11878303774895
8.85977413577343	8.93013486689962	8.79363413753807	8.76100775885456	8.83130787618004	8.90741399020751	8.72992670746979	8.69824521749877	8.74326342488683	8.71760795818015	8.65731472961043	9.05644064310999	8.48494562500607	8.89556406437521	8.81401817263158
4.82853723906211	4.66268473362916	4.58072900345358	4.64774480839586	4.44523932547212	4.69530781266164	4.4833392241321	4.59369939073767	4.44778031029133	4.56373918886939	4.29313312566823	4.64155335285657	4.56935140580521	4.52133958398215	4.37456346339866
5.16277171535413	4.88907251666215	4.98451694070074	4.9615374051707	5.03671502896359	4.99103216122433	4.8501975964467	4.77654311170348	4.75014471224567	4.9269657275483	4.84060184410251	5.0233234241119	4.71006438543439	5.05140049847058	4.81659578275158
8.94143067385592	9.02462471994693	9.0699958080027	9.02911380696646	9.065481985367	9.03316711947196	9.10109522565084	9.01205783361797	9.09006314122676	9.30175278173902	9.19046432261691	9.23848723538496	9.31954853542379	9.14632547289684	9.03988108559533
7.79573501968753	7.80001564975978	7.93189460111895	7.79573501968753	7.88092823354397	7.81180818491949	7.84412580966069	7.79573501968753	7.8742278974497	8.15550354402572	7.91356801722172	8.05451536315297	8.46375496090823	7.89862895836646	7.89862895836646
5.84778238793544	5.87762655279369	5.79176742594846	5.69716996471575	5.66599545957573	5.52420022531581	5.48774622835219	5.49048499733528	5.39434028253011	5.23841128246186	5.14761141809126	5.4971203634938	5.03314170871059	5.17806013209511	5.03564946213086
9.09775484353706	9.10109522565084	9.10522456355955	9.01982746222484	9.14267120119302	9.15325625573133	9.39856497262026	9.31954853542379	9.36223523294778	9.39856497262026	9.31524157085171	9.67645504562919	8.95499168572135	9.39856497262026	9.45181382350165
9.00954146554601	8.9686325405734	8.98909461499694	8.85456314495539	8.94560354191141	8.95499168572135	8.85237314878742	8.85909810774778	8.79592872547256	8.87590921471334	8.80333501403402	8.84353716564247	8.60502761815623	8.94560354191141	8.89802539686686
7.65983973013561	7.5491658477694	7.51918485121301	7.55500897271021	7.70932989927715	7.69063440864702	7.79573501968753	7.89000428910418	7.8522119722874	8.06259076718818	7.95985886011564	8.47688129312578	7.42778043508628	7.62019418769134	7.92250581545571
5.49048499733528	5.2463621185606	5.37918133989273	4.80778441622451	5.24846581125889	5.16012743495121	5.29377030444258	4.92892556147167	5.03169952212304	5.11914261238354	4.9539180872563	5.23399074070959	5.01161813283396	5.01287473739608	5.25056950395719
9.5514221205822	9.57924381046972	9.56304264003607	9.62511863465181	9.62511863465181	9.56624015443631	9.48490026483124	9.56304264003607	9.5954749203366	9.52106338066928	9.52106338066928	9.50545152862109	9.57575947440693	9.46130455691131	9.54971705831567
6.05765099221338	5.9739785632074	6.06571890608793	6.17107267118558	5.99247505290871	6.04590504241034	6.3186195047792	6.31125587416693	6.2734925130534	6.49175802029438	6.46688286932689	6.82753255816739	6.25374444081291	6.49175802029438	6.38905419520569
5.4342123135288	5.2823263479625	5.3007180420422	5.33346802480888	4.93915128887784	5.23593929375225	5.4542271203827	5.17663360614627	5.31367342059051	5.09663435770058	5.1878184524841	5.19833600195182	5.19550218549115	5.25826675358621	5.08376159869159
8.40026083822718	8.50388981642842	8.33007243970922	8.59094770179614	8.48662235255507	8.44828557879975	8.66395315929337	8.62653620465373	8.64986471925817	8.51702703932103	8.38382987798764	8.52599905490679	8.47688129312578	8.40321310696876	8.3979531944292
5.82601628491108	5.98937521567546	6.18906682886537	6.11972763096524	5.81725747982684	5.6942164920257	5.69716996471575	5.63316884154848	5.75683978492391	5.51332373989404	5.88337125992617	5.81388440856982	5.68436298086363	6.20862956429249	5.68436298086363
6.01585483588605	6.01156231660966	6.03564826975387	6.38311744408963	6.39415566627764	6.60483738207437	7.1448349407764	7.11346026095768	7.04191329427502	7.21500237674531	7.24088480509916	7.39277619037253	7.26145426085272	7.09274299989768	7.49290531145198
8.85237314878742	8.78801710902707	8.96513420290054	8.5877273719349	8.82745646307206	8.84013784731678	8.65094602222787	8.7458222090557	8.72508386234714	8.72281659768516	8.69824521749877	8.62803074788986	8.85456314495539	8.64212711673594	8.73917513865002
8.50548435438443	8.52787809217192	8.4749920407495	8.53370703197312	8.59001765302432	8.50080897110682	8.6359482320245	8.5726243351769	8.64446704905499	8.63659667879088	8.7274106462109	8.69735614777152	8.86145708848847	8.68033152521491	8.61732827352763
9.05232570710509	9.03114046321921	8.88264788609657	8.981963274727	9.08607014301743	9.08607014301743	9.10653004120402	9.15009159754517	9.11082876572229	9.11878303774895	9.00323114981074	9.17971654574491	8.60038784229075	8.95499168572135	9.14193852348919
9.53702966369196	9.65717551779703	9.41105959973395	9.63008324507637	9.57093273736826	9.50829975300788	9.65198516336582	9.55981016322429	9.60649516197874	9.62511863465181	9.60649516197874	9.32958326695441	9.25482035761198	9.64538201987573	9.49702667240629
8.93694076091968	8.87363248298865	9.08607014301743	8.87363248298865	8.90358395748893	8.96038436522069	8.88133316209052	8.86512815402354	8.89679473062104	8.97198992711699	8.95206623268534	9.02097028286705	9.21617682607589	8.93132661036516	8.91492374716817
6.09851117067976	6.27758700852164	6.108795889276	6.26442569007875	6.3024835027032	6.3186195047792	6.13021948956957	6.20862956429249	6.13021948956957	6.14530267013044	6.03564826975387	6.40992135932374	6.06900482293627	6.19492421698572	6.14946822148306
8.67669158572915	8.70635874825493	8.63659667879088	8.74326342488683	8.70164210648413	8.68381380169745	8.6359482320245	8.70795188985038	8.66484371169642	8.55879463653917	8.59001765302432	8.6339732228568	8.43365331640021	8.60680495653491	8.56880278158891
8.35355218970581	8.34478105940308	8.41865867018366	8.26635998150373	8.40026083822718	8.40026083822718	8.32265060013263	8.32265060013263	8.36291840674903	8.41865867018366	8.37133506464757	8.78414302067414	8.7564000281155	8.11671008737282	8.41366286365695
7.8742278974497	7.94543491640333	7.99770021045636	8.02482857322482	8.05870009888142	8.11671008737282	8.249370760149	8.35193305495664	8.31057535563001	8.55337118280696	8.51702703932103	8.94703265802734	8.36291840674903	8.40321310696876	8.43614527904226
8.80605716634804	8.68381380169745	8.91745590281942	8.75368854000189	9.00954146554601	9.00190501489563	8.98616125089918	9.00723580246041	8.98616125089918	9.13114155167921	9.04660262759336	9.30670065623616	9.14267120119302	8.84413386849019	9.00455728472585
4.41957286907802	4.71486099597216	4.41193123247416	4.51204249826757	4.34679832333502	4.73974793881662	4.52133958398215	4.19479754723502	4.44778031029133	4.53405451283252	4.49733353225284	4.25098470077357	4.53605456089714	4.41437857113696	4.56373918886939
7.54665464990601	7.68602395366052	7.72308125794454	7.69063440864702	7.66426191194676	7.60702552144724	7.64477401638382	7.68141349867402	7.69934443638572	7.59401627239916	7.5745201035669	7.66958592298459	7.29504337806287	7.70932989927715	7.53566287132275
6.65074040859249	6.70587095461196	6.88597279786068	6.62080641750005	6.77569840332949	6.83248261111707	6.46688286932689	6.5098315055683	6.462045758611	6.20862956429249	6.42225572768887	6.15363377283569	6.64131271581716	6.51451730482562	6.60483738207437
5.71552558680623	5.53732217525749	5.77498744455435	5.9479638189442	5.93573412613173	5.77859427093984	6.49175802029438	6.48176864131561	6.62080641750005	6.93763229190769	6.52846120155559	6.91017807311324	7.01988802647107	6.57093019621874	6.83248261111707
6.65074040859249	6.44812597236486	6.63287793963552	7.00237172564025	7.0505083259199	7.01988802647107	7.71675878197715	7.88092823354397	7.79573501968753	8.26635998150373	8.22806150132448	8.50707889234044	8.37133506464757	7.95985886011564	8.23639613244325
6.09106114782745	5.91720179276649	5.83670817954678	6.49175802029438	6.33314011108085	6.24169391121818	6.57648942902568	6.62080641750005	6.7447509364886	6.7447509364886	6.55678423371841	6.86367328050123	6.68640144252836	6.45720864789511	6.70587095461196
9.12184561670487	9.07194061194628	9.02462471994693	9.06805100405911	9.06101087919174	8.96284281543048	8.93694076091968	8.95206623268534	8.95206623268534	8.98616125089918	8.89323290573921	8.83229194177751	9.11082876572229	9.03114046321921	8.94143067385592
9.3862071112777	9.30175278173902	9.48490026483124	9.24513009007516	9.41674159777012	9.3945378260857	9.32958326695441	9.27985937549055	9.2897384257894	9.38354822964163	9.39065872557227	9.30175278173902	9.65198516336582	9.2343307653658	9.32958326695441
6.108795889276	6.25374444081291	6.04938701879875	6.42225572768887	6.03564826975387	6.09851117067976	6.42225572768887	6.27758700852164	6.42225572768887	6.25945336257234	6.39925713734959	6.09851117067976	6.80004082803549	6.67057051191827	6.54819750402501
8.74326342488683	8.69193452178509	8.80852079422399	8.74057454754812	8.82366010811703	8.81822407404889	8.69735614777152	8.68956733608577	8.67669158572915	8.76100775885456	8.69646707804427	8.77279797349928	8.96513420290054	8.67669158572915	8.71466155409817
5.57394401093409	5.64226048568534	5.07881177461881	5.36952216691459	5.58572254931751	5.39171586057921	5.79964106771813	5.83140201873829	5.71211560806248	5.84201434035527	5.58988022996616	6.17107267118558	5.45130324137722	5.71893556554997	5.69569322837073
8.88264788609657	8.94560354191141	8.85909810774778	8.94560354191141	8.83846691070062	8.87868667709754	9.00838863400321	8.92546562523457	8.9686325405734	8.99624196071311	8.95499168572135	8.85781816118212	8.83846691070062	9.00190501489563	8.90175237722921
5.25056950395719	4.91109935437338	5.23593929375225	4.98065930341589	5.3414611219856	5.18578650889593	5.12660516976721	5.06897966423794	5.04674918059481	5.07442230099921	5.05088478855194	4.90575958048566	4.81790603093517	5.05140049847058	5.15888149724433
8.64986471925817	8.62052204618665	8.67007358156206	8.62803074788986	8.66046826110929	8.6359482320245	8.58513173977196	8.50388981642842	8.47688129312578	8.4521534861607	8.46891845510728	8.68314137669442	8.17485803552304	8.49359276111574	8.52412001764166
4.82853723906211	5.10117421581758	5.03564946213086	5.04174917383774	4.87655127262639	5.07661703780901	4.88403131917296	4.87128155562703	4.8752660017934	4.91109935437338	4.90294002238145	5.23399074070959	4.78822300530576	5.12074733179751	4.76803227196899
5.81388440856982	6.51920310408295	6.13021948956957	5.98937521567546	5.88049890635993	5.92512509582221	5.91720179276649	5.71211560806248	5.84201434035527	5.63316884154848	5.45715099938819	4.72503350880035	5.52420022531581	6.09106114782745	5.48774622835219
7.88092823354397	7.89000428910418	7.89431662373532	7.86602169108491	7.92250581545571	7.90601438502574	7.94880139671324	7.73268024584514	7.86005235269005	7.86005235269005	7.88092823354397	7.89431662373532	7.63344597504192	7.92250581545571	7.71675878197715
5.61663161099258	5.41527887137201	5.62923975873915	5.48355412484162	5.35621788606236	5.45130324137722	5.22037267604949	5.15763555953745	5.35522895268737	5.04822658383519	4.74870882480231	4.94044862868511	5.12386368122026	5.15458956677153	5.33346802480888
9.32279857610456	9.35326351330983	9.35948843540412	9.30175278173902	9.28564874895521	9.28828228991457	9.25805499871948	9.31524157085171	9.23848723538496	9.24234575617862	9.29842020646307	9.37603369892517	9.33337654980143	9.3608981556487	9.26961127892029
8.81401817263158	8.82745646307206	8.82745646307206	8.81084925643643	8.73224444774986	8.83229194177751	8.62231606106456	8.69431356943826	8.60249583559373	8.654531872333	8.71760795818015	8.81822407404889	8.85653821461646	8.50707889234044	8.74962313375531
4.7210885672336	5.00966497246372	4.5320544647679	4.61172825424105	5.05088478855194	4.5483985810297	4.74269554695419	4.56804094171676	4.5391050543622	4.77958295038724	4.65569827970019	4.67546590053605	4.7210885672336	4.88403131917296	4.8759086372099
9.05471166510679	9.13300053422541	8.95206623268534	9.16159929697905	9.01982746222484	9.07846441915555	8.99266846291951	9.05471166510679	9.01982746222484	8.94143067385592	8.99266846291951	8.78414302067414	8.62052204618665	8.87590921471334	8.82281264127584
7.82139340120504	7.88092823354397	7.73268024584514	8.13549210166153	7.90601438502574	7.98825047924117	7.89862895836646	7.92250581545571	7.98825047924117	7.81180818491949	7.89862895836646	7.81180818491949	8.13549210166153	7.91356801722172	7.95065031491375
5.01224643511502	4.95732957179621	5.00202288120418	4.93996988823324	5.07881177461881	5.27287207900481	4.9269657275483	5.11753789296958	5.20183170818654	5.01287473739608	5.10644007019209	5.2596064816671	5.17910072985918	5.03007859828084	5.02589054927526
9.26961127892029	9.27985937549055	9.26690627799525	9.31954853542379	9.22311310601955	9.22617322389272	9.17971654574491	9.17356479506693	9.19865815093134	9.24234575617862	9.26961127892029	9.01079964958199	9.40323817852744	9.16159929697905	9.22036425498419
9.74670278948457	9.79878813566157	9.74670278948457	9.66121776820698	9.71494579777847	9.66121776820698	9.64538201987573	9.64538201987573	9.62511863465181	9.5954749203366	9.63008324507637	9.50829975300788	9.67645504562919	9.59015729467653	9.71494579777847
4.68068843740427	4.64518844057358	4.80667508056533	4.95099541646718	4.79027657641093	4.78822300530576	4.60542238843281	4.71006438543439	4.57840368661272	4.57135327442385	4.61091420034307	4.90575958048566	4.6242500682355	4.66753834769816	4.59425781171198
4.66511154066366	4.90294002238145	5.04174917383774	4.57696135039971	4.79027657641093	4.85521064821232	4.66511154066366	4.6075594253565	4.70259311471834	4.58570070604634	4.55293725283897	4.76803227196899	4.83105146390525	4.89963411310301	4.82853723906211
4.48408591645563	4.81040542806142	4.68068843740427	4.68722233424188	4.80863326385191	4.96053503821025	5.33181803528715	5.26273050032272	5.33511801433061	5.37366793615065	5.25241834083448	5.69569322837073	5.67699185054856	5.40057135788343	5.53355607756537
8.45972533202458	8.50937441854054	8.42538646044623	8.38984306236031	8.48326889745707	8.52787809217192	8.44828557879975	8.35517132445498	8.37511195032467	8.39564555063122	8.50388981642842	8.20990731886335	7.89862895836646	8.41366286365695	8.35193305495664
7.49290531145198	7.50874183090437	7.4170650487166	7.39277619037253	7.58828513011139	7.70932989927715	7.86602169108491	7.89862895836646	7.8292707523205	7.95617904661496	7.86602169108491	8.57633992347061	7.39277619037253	7.63927854937673	7.77609766810444
7.55500897271021	7.51918485121301	7.52979877195074	7.74274351762016	7.62019418769134	7.69934443638572	7.95249923311427	7.99297534484877	7.97576236359278	8.08384452442114	8.08384452442114	7.79084088844057	8.27393887032335	8.09003845219173	8.16333549717848
7.44382170588764	7.42242274190144	7.61000065973044	7.31892043752573	7.49290531145198	7.5491658477694	7.3853479023781	7.4128714841918	7.50086550343881	7.46202237302462	7.46636640795896	7.59974741468694	7.55500897271021	7.25825470237402	7.3516924956487
4.41957286907802	4.77829581673935	4.62956142926555	4.98065930341589	4.48408591645563	4.69530781266164	4.79532810331819	4.78616943420059	4.92580099186526	4.75014471224567	4.72668239310614	4.76803227196899	4.51922675074196	4.81790603093517	4.90793579392096
8.04048465285918	7.95249923311427	8.05033062742451	7.8522119722874	7.89862895836646	7.89862895836646	7.63927854937673	7.64477401638382	7.68141349867402	7.51918485121301	7.3853479023781	7.11346026095768	7.4798776358015	7.5745201035669	7.5745201035669
5.658917505588	5.68928973644466	5.54988631209145	5.12074733179751	5.27505685594409	5.33346802480888	5.33181803528715	5.37918133989273	5.16277171535413	5.19252850979285	5.1726588436572	5.07340488218969	5.20614170345084	5.25149392239584	4.93996988823324
4.93881142997431	4.85521064821232	4.92892556147167	4.52840341562018	4.6878628700962	4.5483985810297	4.82254241598759	4.75242756377344	4.62201884160872	4.8006342349696	4.8759086372099	4.90575958048566	4.97004986535672	4.98900029881764	4.71486099597216
4.48408591645563	4.38764986839973	4.59995570444689	4.41437857113696	4.74727293735895	4.52592791642126	4.42863860975809	4.21379648885786	4.24650108577765	4.60882978590079	4.61919964714368	3.94164408285057	4.31819928735259	4.35134499037824	4.47122498950652
4.66511154066366	4.88907251666215	4.83431293352261	4.70814471460291	4.72306103801697	4.26896429621348	4.44778031029133	4.44778031029133	4.66753834769816	4.49060209088323	4.58834709179824	4.19479754723502	4.92194766006045	5.01287473739608	4.61172825424105
9.065481985367	9.04355034378011	9.09006314122676	9.10867940346315	9.05351868610594	9.09006314122676	9.04660262759336	9.03511129140672	9.01489043569884	9.08197394071086	9.065481985367	9.00190501489563	9.16422237479999	9.14120584578535	9.09775484353706
5.13557167680126	5.2823263479625	4.86816790858978	4.87861310767306	4.72306103801697	5.14990732030744	4.60542238843281	4.75242756377344	4.84278877242498	4.8006342349696	4.72668239310614	4.76803227196899	4.63721648381549	4.64669434920176	4.35496727823198
5.31619301292819	5.2596064816671	5.54988631209145	5.17520708019743	5.51627305294122	5.39171586057921	5.31619301292819	5.27731617678254	5.2823263479625	5.24337771202448	5.1878184524841	5.4971203634938	5.05140049847058	5.19550218549115	5.27505685594409
5.91122402824608	5.84201434035527	5.81725747982684	5.74905947988446	5.80249503040071	6.00726979733327	5.96377374905206	5.95259188318456	5.93573412613173	5.97994166997009	6.0792330284589	5.81388440856982	6.01585483588605	6.25945336257234	6.12497356026741
8.63659667879088	8.6359482320245	8.65731472961043	8.68448622670049	8.60502761815623	8.60985224432156	8.70286798030464	8.66046826110929	8.7458222090557	8.69646707804427	8.72508386234714	8.54981155611223	8.90358395748893	8.58513173977196	8.65202732519758
9.02211310350926	9.12031432722691	9.14267120119302	9.13114155167921	9.13114155167921	9.11082876572229	9.09775484353706	8.96284281543048	9.12539413921632	9.20943723980848	9.13485951677162	8.95755392286335	9.36644867778796	9.15167392663825	9.065481985367
9.50261179153528	9.47049966457852	9.50545152862109	9.57093273736826	9.45539951325012	9.52106338066928	9.3751861282315	9.38354822964163	9.44452968175994	9.35326351330983	9.41427535326587	9.24513009007516	9.45181382350165	9.37186272742568	9.45877359778316
9.08607014301743	9.15325625573133	8.97812381344851	9.25262522260723	9.10653004120402	9.11521505034325	9.19997962111724	9.21107164765916	9.23501198271402	9.22311310601955	9.22617322389272	9.22697982877936	8.74326342488683	9.31954853542379	9.17971654574491
