k4_temp10_1	k4_temp10_2	k4_temp10_3	k4_temp14_1	k4_temp14_2	k4_temp14_3	k4_temp20_1	k4_temp20_2	k4_temp20_3	k4_temp24_1	k4_temp24_2	k4_temp24_3	k4_temp26_1	k4_temp26_2	k4_temp26_3
6.01160476754079	5.81956364522988	5.91450647558924	5.86316385031253	5.87123508339254	5.79540686628475	5.87987496605174	5.68605108917568	5.77615873825706	5.69373143074393	5.79892579886295	6.05373022828153	5.81344919421171	5.74158016053789	5.77544785172815
8.92609948127335	8.84085295540381	8.98721184352522	8.8456666463015	8.80791409666744	8.83033415783326	8.76712473526154	8.77527999291033	8.79834206412316	8.74836123644683	8.82632455444628	8.63183897213093	8.94130526134615	8.67919548663391	8.90045346199511
8.63660368280078	8.67711682326521	8.5264076621418	8.70576782979394	8.65682551865515	8.60693519199526	8.69953954024141	8.61814855483755	8.7270021491853	8.64452295164704	8.61773189442129	8.44808175195438	8.26221798548471	8.83253311140303	8.52286897388971
9.39885536524537	9.3670158086515	9.39786326666627	9.32321697687311	9.35550194920324	9.36956990317374	9.30041017020563	9.34130609321312	9.33447673777138	9.28880743168248	9.4144156895541	9.30195601464825	9.48513475802188	9.3773365007738	9.3472166307435
5.99340484691715	5.9333819912637	5.80040229390756	5.76459960099224	5.88238683080515	5.83015994115704	5.75688938148739	5.77589256933339	5.8255913511777	5.80667014376622	5.7782923164579	5.97386950085002	5.76243824365715	5.78377804629382	5.76930201606524
9.80515720231939	9.75855014649373	9.76990497701769	9.80417727691332	9.76549640842563	9.7460860440284	9.62285071861642	9.66172551859786	9.6325307423187	9.53782842316239	9.53845900641887	9.32428728978977	9.628139985624	9.62060026025948	9.6312961147532
8.92128963690813	8.97570236110406	8.95970790353537	9.00287022937552	8.9592406511626	8.98115085358491	8.90922653129477	8.87839211835684	8.93080378147721	8.82883965329459	8.85866393833852	8.63509071186565	9.01374691210356	8.84709786995687	8.87273875714032
5.91822322214283	6.00178786952352	5.96605036819522	5.82174179348346	5.84867019775454	5.83587178156451	5.7781270709655	5.76276693735928	5.72096355947566	5.7338312825076	5.74039365541512	6.07302445697424	5.87971911159906	5.90692788311809	5.78156768306191
8.81703920025083	8.79093478119755	8.83910568667976	8.81664170601379	8.81375720676184	8.72949690231081	8.65999425190855	8.71059207927954	8.66036828909944	8.55645827132993	8.68974393023341	8.52371368280626	8.63468562173096	8.52638778038497	8.64215830603913
5.79756986807392	5.87075074531718	5.73709225114572	5.88119951619124	5.87123508339254	5.71711531227804	5.84003071779541	5.83979122776374	5.7488243991477	5.66636710911124	5.7361207383125	5.67887052845618	5.83103192757841	5.92761178732484	5.75070625522829
6.07788331836347	5.98075670667135	5.97979457748483	5.96814981333352	5.95284905483878	6.01775542773436	5.92818415382405	5.88087373642793	5.83676285485784	5.86401739571071	5.99052213757915	6.09206447268825	5.83103192757841	5.74546760855931	5.99678815067538
5.82869005728097	5.80049158553786	5.82090441867872	5.87671164699807	5.75471569599509	5.78363441349144	5.67623620090462	5.74507873437901	5.71693927230021	5.63847529141945	5.66597979474373	5.46203231430517	5.78366108500998	5.60705722538003	5.71278181759877
8.94813877486517	8.96448729799782	8.83595759559611	8.89426301519736	8.86249078911823	8.82027330085422	8.7032498365945	8.68469552655026	8.70428317658006	8.62389620393694	8.65106579593638	8.34064672561774	8.59015207481214	8.68781842109755	8.78014198659243
6.86422255513585	6.95651674910664	6.89462456455813	7.06853717367781	6.86393545966848	6.93526520722048	7.45564500981518	7.29555870132653	7.39267182668389	7.42475806882777	7.45768228180414	7.70538592643725	7.15942712756946	7.58123517784919	7.16783618960884
9.55489479970202	9.57409335257459	9.59918979259745	9.60094454055579	9.54217488992385	9.56168898430034	9.49463766056752	9.4735602021748	9.50717206044425	9.51720449765933	9.55160563142665	9.41030842137706	9.70055345144718	9.5139642971303	9.43584257850098
6.01160476754079	6.03481388722796	6.04226076067978	5.93830844704639	6.04506733580733	6.05252049907212	5.9058405893882	5.9558536607827	5.90911201021574	6.04142771323744	5.92067310232767	5.97386950085002	5.93768318323653	5.89297236189992	5.97023433762518
6.08649516547569	6.01426122948762	6.18359065369199	5.93830844704639	6.12707072927468	6.04760496811285	5.94393502560044	5.92475580422002	5.90557925666792	6.09717428446729	5.99410654641816	6.36683926761155	5.98296167093529	6.13157669640233	6.11786638091891
7.29992346572753	7.29510177211374	7.26225091384446	7.15825026079868	7.27726700531789	7.32292593880168	7.21571669794998	7.26015144983555	7.30144158703861	7.22952519058208	7.21644635171736	7.20802303469461	6.94179630887531	7.3022013902864	7.29748049787935
9.36250195098767	9.31708365742604	9.34347880382553	9.26724957964339	9.4018184585535	9.34922224379491	9.30285767773082	9.37911631950422	9.28667884338305	9.252027162151	9.29514881188586	9.28756309673356	9.10369609438936	9.33404649563377	9.33111841905531
6.06050411625809	6.08692184068513	6.11465290177262	6.01791540265623	6.07939881260054	6.02777393015718	5.93134808718732	5.87681761597276	5.85885023012045	5.89971763748081	5.86304162283874	5.99425215872405	5.93226184605873	5.93444117782978	5.99151627011622
7.7780799630133	7.67384318413292	7.73339661676229	7.6830551047522	7.62169894083921	7.61162514972885	7.58795455479148	7.72510041506195	7.60595980554478	7.51968129149983	7.60337105665062	7.60283753295758	7.55942167187592	7.87125959432271	7.69972553537271
5.97032787092644	5.9333819912637	5.99791922953091	5.88119951619124	5.84297352325921	5.8070842651523	5.86671516779724	5.91291945036699	5.85152519452607	5.83562803198499	5.71890172702298	5.54719743212855	5.8397437697781	5.80255933131059	5.76312995470634
5.96566793292443	5.95078932940597	6.0895147684861	5.88119951619124	5.95284905483878	5.92967214727257	5.80596742755833	5.83143278095957	5.88060528480144	5.75995999586307	5.83133902391783	5.99425215872405	5.78366108500998	5.74546760855931	5.87038702435115
5.78175499701624	5.78116464980721	5.84111993918038	6.01791540265623	6.01497695725131	5.98727639122481	6.19100471996024	6.05971151579858	6.04698861356736	6.16722270642707	6.19124566505354	6.20131871142433	6.15575835859975	5.76091376024264	5.83551115358484
7.52424227029913	7.43010730153914	7.58679498991789	7.77644941366218	7.9267677671634	7.91150448269893	8.10939471577787	8.16377228300837	8.10478902299959	8.3905361621049	8.30541936823401	8.45913209413486	8.46279244472328	7.73596937345259	8.05245240663469
6.14125489793793	6.03888957745717	6.25316697783332	6.28173276505672	6.25703874758918	6.27072744715311	6.38355780119118	6.43573210953272	6.34450749706835	6.42589523510597	6.42171655581418	6.5976021180239	6.30798727633414	6.45747742911554	6.47227585873612
6.28288523523107	6.28525697369396	6.22650623738709	6.06602432805561	6.18678209110322	6.188249988078	6.04379617103233	6.03079148765767	6.07557097254914	6.1737202226078	6.07418580397714	6.382394105681	6.09881132473926	6.1668108298627	6.01768546340704
5.87414954383264	5.85696935991592	5.90972824247608	5.84029823425102	5.73639895092961	5.85287316795069	5.73171142111941	5.69067817294809	5.67191716381483	5.6148142840961	5.8433090972998	5.75248188626738	5.90207554413339	5.70611486436405	5.62022287499815
5.87911349250779	5.91576248882886	5.75318144177846	5.67957737948536	5.73639895092961	5.71091365210951	5.6837569550238	5.69988818156247	5.6677539144551	5.6148142840961	5.62497806976199	5.67887052845618	5.7377960325627	5.62404491610321	5.60650329434267
8.54655224276614	8.57336673894684	8.48359700724722	8.54659625667261	8.5662740997374	8.58757638078575	8.61982527644696	8.5362058080283	8.59380721943043	8.56513970518485	8.56141258428278	8.63183897213093	8.75329796369405	8.69588731433178	8.65723250386904
7.90895907423871	8.01037761795698	8.02524866071435	7.97339321070314	7.9587606353549	7.96466669944568	8.00278938216791	8.03396096869088	8.02555277311889	7.93291544751555	7.91197644219459	8.00589210036269	8.05812583212737	8.12239342232904	8.02301571293996
8.58887220291389	8.65934173726627	8.56342361576082	8.7870208384454	8.69610670802828	8.71947851675352	8.68178414461682	8.67887706255669	8.68481566757807	8.7335840815339	8.74508559446976	8.77431532862083	8.95441531341397	8.77799299121461	8.69748735329961
9.13733886593732	9.162087863126	9.19018737801285	9.1347716896593	9.1087218889403	9.13227944786286	9.03821135155925	9.03462869310411	9.07984127161598	9.00096455945941	9.12314636613308	9.07415297675152	9.3714370555168	9.13477225223898	9.00823751750677
6.14125489793793	6.09868453648214	6.09373494360447	6.19061692290607	6.16867079462636	6.11963799887446	6.40648642091398	6.47384850803192	6.44775761368715	6.60968639758839	6.42968292178784	6.62401752176938	6.6007623008686	6.55159247995457	6.51701314981692
5.95159730139316	6.00178786952352	5.98888531232013	5.99738756439577	5.94754915151517	5.91894748877105	5.94393502560044	5.96734501985165	5.97126836755118	5.9114244766182	5.93938413551144	6.03417491843109	5.88814333663071	6.02040626449253	5.84723015622359
9.51115008345684	9.52440697281317	9.41484206577786	9.45110814350748	9.45559764928779	9.42040770180846	9.30926269973128	9.4096509008596	9.33710454095469	9.19323755633596	9.23691111816796	9.17142475389622	8.96441952234411	9.34049471491376	9.24671047855303
5.97032787092644	5.94211186169381	5.77435903948544	5.95543601345087	5.91533509137244	5.94561141601102	5.74974028626719	5.86047838239547	5.84046759257657	5.88395958746883	5.67939286017085	5.95319531125026	5.725315696977	5.92761178732484	5.90444144898632
5.73871657708365	5.79568401057388	5.63660806584854	5.85406094710619	5.70534602594042	5.74773097578741	5.88314628553052	5.75394987333731	5.84416286305414	5.74259339945375	5.74465398795644	5.54719743212855	5.78366108500998	5.90345161134082	5.6869350212729
8.16333486705059	8.12129314114442	8.09748252054057	8.10980434760367	8.03201601349662	8.0847919191249	8.09957448939251	8.15037952070321	8.12088981924551	8.09155251954875	7.98500797282372	7.9178581962153	7.7348624238721	8.17673532971909	8.01523677446569
8.31863183288709	8.31538143017718	8.25474126610543	8.2605240704411	8.36012483601511	8.27148064556651	8.19093422131985	8.20322044950193	8.2850262856334	8.10096461076061	8.09684569521083	7.83545371230991	7.94344803850109	8.19179105677863	8.20385184790296
5.8028032937349	5.8242926171585	5.83104750396264	5.73515900560733	5.72405765335447	5.69843000289062	5.6302718232823	5.69988818156247	5.752761073112	5.64783242620984	5.67939286017085	5.70382613937729	5.78666765709275	5.73768223713475	5.71278181759877
5.78704585868288	6.03481388722796	5.83609249140767	5.8676939015575	5.81995971937645	5.84156114935225	5.78163656461519	5.78024144309442	5.81433287298626	5.83152652412706	5.81522322040948	5.70382613937729	5.80457700642382	5.76474966255695	5.85305423342816
6.58600248057056	6.58482072928951	6.6384224273758	6.57571300450883	6.73134219699109	6.58089056573015	6.77226610977098	6.66955126189645	6.69917554653911	6.78761162074771	6.78473906431236	6.89742824435665	6.69025435470462	6.68116032894671	6.75662212895583
5.84400256509514	5.91132385450221	5.97979457748483	5.88567349834986	5.88238683080515	5.92967214727257	5.8366602693745	5.92867981773925	5.92664743709465	5.83562803198499	5.76576943987486	5.95319531125026	5.8016074737374	6.00750909946351	5.98091447135308
8.75351432590004	8.72853347237504	8.8111638497615	8.90588500695554	8.8540094908336	8.82890118083274	8.83549372146294	8.85587754798962	8.84847272958209	8.82109439570303	8.87480907637947	8.84060262337296	9.01983589656416	8.72870256445844	8.92902655220538
5.84400256509514	5.81005905507126	5.95217422021662	5.89458014274367	5.88793061494012	5.83015994115704	5.70608746220312	5.69529050591545	5.83676285485784	5.76856572379124	5.67939286017085	5.5745078160185	5.81933389055362	5.85027892157556	5.78156768306191
5.80801784950338	5.84770825221743	5.86599828349738	5.84490037492586	5.69273578889923	5.83587178156451	5.73171142111941	5.66739334478882	5.72096355947566	5.72943024067709	5.61570663360651	5.67887052845618	5.79266211569988	5.65743352370307	5.6869350212729
6.00707622718572	5.94211186169381	6.14750426237921	5.91660962001234	6.02507685223284	6.03275725852997	5.91225977947535	5.86047838239547	5.94741298840879	5.83152652412706	5.94680126073485	5.93222114629225	5.7956500535851	5.89297236189992	5.99678815067538
6.12880097353932	6.10258425336186	6.15155865897747	6.18336408903377	6.14107092010926	6.24518703776451	6.07274354028329	6.19295865303266	6.12502875637265	6.1242613228447	6.17238249111233	6.4429904051515	6.17425263021986	6.19837093597873	6.23850983022091
9.37090503028285	9.39751693553053	9.29569797340791	9.38344201133069	9.27995154374874	9.2884852451591	9.23559269484678	9.21913605457336	9.28905583132183	9.08701482093633	9.1631360241741	9.07175513144609	8.98815032878772	9.30433763717071	9.14403536451386
5.57712142206925	5.66472579759043	5.64812384652762	5.72021092081431	5.5808651994767	5.51131011649022	5.52537275260388	5.4876762425012	5.49996130685973	5.40465808411952	5.36222820525521	5.51936193331231	5.52030691837031	5.55486407786251	5.35086586148192
9.02749187559711	8.96126691618269	8.97810199809962	8.99460066363095	9.02430941828926	9.0086248280247	8.94413855009567	8.92190130474528	8.9668824810871	8.81590769394493	8.85126508410393	8.58552789950343	8.61619098186442	8.96946492539601	8.86048935376329
8.22513323017656	8.22249535356479	8.15923641669738	8.29460383784554	8.24591785733752	8.36243937663574	8.30703453649666	8.20969154504117	8.31931887504954	8.40718631085174	8.33188648892013	8.22023984740036	8.23932939824426	8.39749976470421	8.35325726859988
5.84907091217016	5.85696935991592	5.79004119894817	5.94689759649862	5.81995971937645	5.92431976304627	5.97799443321181	5.97495548597425	5.90557925666792	6.00546155308867	5.95049560086007	6.05373022828153	5.91861888420847	6.03000416918355	5.9431835850073
8.08915363215498	8.24562183453763	8.15721997485607	8.21230990293869	8.19534129180473	8.1026899206804	8.1233086716047	8.07795237686644	8.1659261264436	8.1635518104265	8.23211748781653	8.025848066926	8.50635464085995	8.02327623032332	8.04483097943084
6.08219565708603	6.03481388722796	6.04662099944231	5.95117310912742	5.99456293684087	6.05741936744778	5.87001636316334	5.90098538984462	5.92315732602898	5.77712055213651	5.7232257326678	5.67887052845618	5.80754045420626	5.69811420694053	5.73186831370379
6.07788331836347	6.08692184068513	6.10213849846176	6.08560646589413	6.30757603659317	6.24518703776451	6.15626099004164	6.09506622765061	6.21628818662773	6.38727234956167	6.32252654480375	6.33521782571559	6.42459956961637	5.99776013535298	6.25180350366372
5.89390389599344	5.86157776512331	5.90012413689961	5.75973425933273	5.81995971937645	5.85287316795069	5.738949953621	5.74062267927788	5.78387459871467	5.68466737284963	5.78244262936434	5.93222114629225	5.77762912568448	5.73377378189397	5.75693144345329
5.96566793292443	5.93775351626565	5.97979457748483	5.81237350930013	5.85999665734738	5.98727639122481	5.91545871784538	5.8563645607699	5.86249887940757	5.91917670092757	5.94680126073485	5.95319531125026	5.95114823892587	5.78377804629382	5.93771215591514
8.89024406705112	8.81967057994559	8.96432845956067	8.78582326035861	8.82030254266406	8.81521644008859	8.65041676363289	8.71798757712887	8.70834834048946	8.67635211804217	8.68752980975587	8.78898692700461	8.84387348014602	8.80528768925286	8.7437283587297
8.91706782891067	9.00258140716953	8.99739212960714	9.20946979456098	8.98017583362331	8.9895122533087	8.96785250678667	8.93074168318194	9.02874041636399	9.00005016424514	8.94507474739654	8.93596983404165	9.36465409510578	9.00236949178072	8.93728346727515
5.85915462050722	5.74670834334185	5.79523102486406	5.86316385031253	5.66718072207663	5.74773097578741	5.6419005172192	5.66269107300547	5.60817463950794	5.61957753419941	5.65244122808112	5.5745078160185	5.70639096045917	5.50988462824698	5.71917200391038
9.13630153864559	9.12707070186318	9.09015381277819	9.20946979456098	9.07749132182137	9.08983638686697	9.01451552075423	9.03326120565793	9.02467088405533	8.90262067257268	8.91416204201254	8.87401493049349	8.91781464714528	8.88243736324054	9.02382938536635
5.82869005728097	5.8383874482311	5.75318144177846	5.85861956201768	5.87123508339254	5.74773097578741	5.79905741984349	5.83143278095957	5.82932478324072	5.85596286388911	5.85123445010047	5.91093819089371	5.88253264388391	5.8062864969134	5.86463248231452
5.77644470954031	5.8242926171585	5.84612996853612	5.92966795985328	5.97906095757417	5.80125735166227	5.94706471024233	6.00871524801794	6.10359895747306	6.27389254498641	6.17554350576914	6.14772399873895	6.3674700019001	6.25404410146446	6.22059247335819
8.41330591077345	8.4953627603782	8.39482136502318	8.51514463588341	8.35912627403464	8.370341372752	8.3754857215138	8.39073378124027	8.37791552607167	8.30427517174	8.36966314139211	8.32059080195403	8.28315138275746	8.52015283340408	8.27398286370072
5.87414954383264	5.90687155081795	5.88072238551138	6.02198621426921	5.83725431775412	5.97697219519972	5.89615804574271	5.87681761597276	5.84784871444201	5.94977646210154	5.85123445010047	5.86740865715225	5.86840991217109	6.10154403838709	5.97023433762518
9.24278826856113	9.31582344748753	9.23580826755319	9.19781097690774	9.2506353218626	9.27697102178703	9.28872746875758	9.19242981563826	9.26061627756012	9.26464555782012	9.22130734018208	8.97498754937075	8.95909257839045	9.33242992757092	9.13867484745483
9.70551752704132	9.71459946685839	9.61947161613293	9.68525329925444	9.7292430993047	9.71189944503063	9.82687967711745	9.77814512110958	9.82991198867106	9.87158578388861	9.83827096754044	9.79603214156133	9.48002970851574	9.78327471842537	9.84678414100931
9.1701455640344	9.21532442780949	9.29935980184423	8.96897618132224	9.24632108094023	9.20754154064751	9.12755974981317	9.09529837881689	9.15957460419716	9.25164305834041	9.1781959360777	9.37767816541629	9.20421178797052	9.27467769298091	9.25389027708869
8.98202327414943	9.07687098150101	9.05213479282224	9.04602473814914	9.025568734839	9.0485712791184	9.04114615190571	8.92091568832527	8.99959503155529	9.03350266688989	8.98348385358569	8.77726160842351	8.72768251997727	9.16741855933387	8.97587113085209
5.76576528435251	5.87986589771091	5.83609249140767	5.67957737948536	5.83151240272473	5.74773097578741	5.69123881828578	5.69988818156247	5.69664818802516	5.57122456246536	5.56362411783327	5.82252787921875	5.70002729888871	5.66566167577555	5.54310319571715
9.05355135828376	9.02022653485434	9.10853322641146	9.08208364172148	9.14625401573319	9.08504248276672	9.224339527627	9.15226014191692	9.15399660217595	9.38475706304438	9.27795979762685	9.15112580940105	9.38391449980191	9.35234847120358	9.2102655416037
5.40897408650962	5.46128872568372	5.32856166254974	5.37067866683839	5.26057165826969	5.25439501865683	5.27475021676876	5.30674623389286	5.15243828608217	4.95566309061471	5.04795891142915	4.76160065276104	5.25129531778976	5.11295385579653	5.08046272627665
6.09078191952799	6.0908533875489	6.16766342411461	6.0894912512583	6.19127466158651	5.95088568844813	5.93450511109299	5.98629657811191	6.04055947235056	6.06956978842617	6.01895155862954	6.42807802124165	6.00120121078507	6.15223421462595	5.97558426850444
7.64000107800689	7.65004134222281	7.69915858122615	7.67013300944559	7.72297268509666	7.6199340848089	7.76346229207893	7.66043747845603	7.66675760422397	7.67898126301141	7.67328616381317	7.67411538636557	7.70175830667494	7.76310163373002	7.54625007305422
5.95630274624067	5.89792559750063	5.89529805297137	5.89013367896532	6.03510665694801	5.96659401650182	5.76754720544207	5.79321015186453	5.90911201021574	5.96108641824577	5.7782923164579	5.77620948437456	5.91861888420847	5.5415163583202	5.89882112263612
6.01160476754079	5.95078932940597	5.8709229964347	5.95543601345087	5.83725431775412	6.06230168563068	6.11788604125424	6.05612800312477	6.07242292852617	6.22780019912438	6.16285773937152	6.41301004583914	6.43230509691182	6.11061955799625	6.21607819566439
9.49424588784763	9.40741088245707	9.43329081434599	9.27324417584138	9.35900276164658	9.34521828806042	9.23270739599499	9.29565063726115	9.22097353462056	9.17633788467011	9.18841024959305	9.04266576431172	9.22821418625345	9.10856609417874	9.27738745783874
6.13296421992784	6.17474666571748	6.13527236186454	6.11639619724992	6.12707072927468	6.14747497862276	6.14812315229771	6.1994715244215	6.24453821197021	6.17695805581655	6.10103092694034	6.07302445697424	6.04957871912475	6.20120614262376	6.0786234032789
7.75528953485912	7.77022381697238	7.80211105422135	7.74844571762396	7.66920136214426	7.79157932395656	7.85302440650012	7.82014134725172	7.87184953972086	8.09498220626465	7.96229402723938	7.99580965066326	8.28315138275746	7.85873658835888	7.83401986903583
9.71909170743731	9.67844871355089	9.61360079939374	9.69836063003098	9.69799112768921	9.66608986709425	9.69473625992431	9.65877247936956	9.67261492105894	9.6770639892746	9.64812920127054	9.61519988158722	9.53901415137524	9.60862916751371	9.64354321800681
9.12954067012932	9.02486140465919	9.03246785966001	8.85197452115025	9.04681062933773	9.05410108230391	8.95507206138362	8.91548272927139	8.93123863968181	8.9055534535686	8.86013916682075	8.75052595059816	8.81541483235703	8.79687204836452	8.98585654793872
5.93738836363512	5.92899720690007	5.99791922953091	5.88119951619124	5.86562678914408	6.02777393015718	5.86671516779724	5.85223900179637	5.80677823061122	5.89971763748081	5.86695601857835	5.60131246703483	5.81344919421171	6.10760071367089	5.80579129597115
5.79231743579446	5.90687155081795	5.57157929365593	5.84490037492586	5.71784729664974	5.63434311608633	5.93765525559211	5.90098538984462	5.93360248299106	6.0765205047696	6.04337668962177	6.0143513775973	5.96183070156239	6.22647568932301	6.07364224213217
9.62238752744119	9.57830365176586	9.61507074478978	9.52114993955412	9.53069056982639	9.56298248138972	9.48900645024114	9.51268458101048	9.40755491001939	9.38895450978968	9.42608316826811	9.34031382375897	9.36591260723788	9.48107407805541	9.49063758599041
5.89390389599344	5.81481915849765	5.97522767966425	5.75485249700767	5.70534602594042	5.84156114935225	5.73533521501436	5.67208038469319	5.77228531718207	5.68011396063555	5.75313719357033	5.5745078160185	5.79863183116855	5.69409722535575	5.76312995470634
9.3197363383111	9.27447186644082	9.21317813929655	9.12864425504584	9.17944417616929	9.20699006152527	9.0769787064807	9.09878896115192	9.03886430824801	8.90213129560595	8.91747223862139	8.86018704991846	8.78148765460142	9.09566355890054	9.13089654563407
6.19799463603838	6.17103717055628	6.25693580435589	6.31861628940785	6.43049159463536	6.33670658954414	6.44686235054676	6.36795389142737	6.45261021803404	6.51304496446089	6.47401394912298	6.68801598918435	6.26548921934344	6.22647568932301	6.25620768126933
9.74620283798459	9.73517176410176	9.73855416584166	9.64454076813309	9.70114696545768	9.63772558858332	9.56489155702954	9.62679072185306	9.54942481486464	9.50565386696904	9.56372842363437	9.54778444587017	9.63504611810386	9.39850394355748	9.59304763098962
9.45775684262563	9.33212093524563	9.57030753097226	9.40114728457068	9.4363157723224	9.49594083424262	9.53891314990496	9.54054504722514	9.51560619894844	9.67591933004423	9.67380263352671	9.47161725658595	9.98941710611433	9.49096214742488	9.44165854868073
6.31622478428954	6.39428917140169	6.36914387564778	6.27833254334026	6.32403637464611	6.21918693769569	6.42905670476047	6.29379717108699	6.41581189271529	6.39006564393513	6.29662690462329	6.39778320136383	6.36545913620879	6.46221354265074	6.34572276547085
5.82869005728097	5.79086040117473	5.81580607192032	5.81706523744171	5.76077009472432	5.74773097578741	5.87331003862885	5.86047838239547	5.87700209753106	5.78562507795459	5.87863602178181	5.95319531125026	5.87690009373297	5.95809312496548	5.83551115358484
7.44771080223515	7.42388267473852	7.58829234389897	7.42912086529931	7.54825437630461	7.55555251020631	7.70359898647853	7.55639356237631	7.63080134521992	7.82449768588854	7.71844396711458	7.44876171539221	7.8842571298218	7.68215673442652	7.63690403551704
9.35627873876714	9.40346144209153	9.34259177123835	9.43668228839059	9.37539312746331	9.32756913723361	9.47848981448994	9.39233257585231	9.44883839787181	9.43061006593322	9.45435734286989	9.07175513144609	9.48860514532209	9.46640856709036	9.35134201239799
5.78175499701624	5.78116464980721	5.68213131748837	5.6898432534305	5.72405765335447	5.69843000289062	5.59879726071662	5.60503868639822	5.59069156014209	5.54642857033146	5.56843709439066	5.34008145343044	5.59763438400519	5.50988462824698	5.55743401881325
6.33441955753579	6.51920496762443	6.45039692554485	6.61129026085643	6.68429269412074	6.7508830158362	7.23250097531028	7.29098933224696	7.283844977944	7.54497730785424	7.52121914556888	7.6804239430529	7.82984809268393	7.49138282551349	7.52996507914021
6.37013561043359	6.36535998002203	6.4238172916893	6.30531281233842	6.49370436540252	6.39593922046921	6.36260613241922	6.40506138904842	6.43310119251956	6.47144687350675	6.3948400887266	6.62401752176938	6.32257104628584	6.60182110717476	6.3498500892796
8.82735997423772	8.79817256581822	8.76357777416647	8.70450084072175	8.81156881272188	8.80286119236243	8.90076889254389	8.86717875124336	8.80405169829755	8.87395879611654	8.89269891540222	8.88771153598116	8.31529622673563	8.95986428701965	8.82977260625132
5.69997802825392	5.74171832009675	5.70436686880088	5.71015902533472	5.65423191723937	5.62117796656228	5.69496529077671	5.61480832752444	5.59945949737626	5.66175564814538	5.62034977612664	5.70382613937729	5.63813423892196	5.78755386541413	5.61337934155571
5.83381226387246	5.95941501852461	5.83104750396264	5.82174179348346	5.82574759753158	5.89725650481621	5.75688938148739	5.86047838239547	5.77228531718207	5.78562507795459	5.84727720339761	5.91093819089371	6.05956033520808	5.6819789264541	5.76930201606524
8.81185099425848	8.92976025755282	8.77480047950002	9.08110763999836	8.80571681493245	8.83605187538044	8.83422529682783	8.79531768996272	8.8978100980022	8.73797829855825	8.83785077004296	8.55838133091991	9.12049528945464	8.97900209885753	8.81715129530008
8.07189674858254	8.18433598895376	8.04501276418803	8.27339850053993	8.20203964984428	8.15737442216623	8.25679444611835	8.25732120032526	8.31931887504954	8.174129463569	8.23818116165156	8.28790990623704	7.80036583906216	8.32196185520069	8.22873125965183
5.89390389599344	5.92899720690007	6.01581941611685	5.92097551880509	5.81414858326795	5.88077199787902	5.84003071779541	5.76715539596943	5.98137280292424	5.86802789860282	5.79482258475713	5.93222114629225	5.81049784191065	6.25404410146446	5.78156768306191
7.50186704815649	7.43939418606608	7.4534810154431	7.55254206826644	7.47824645785156	7.4990155606007	7.66226427531175	7.5964486072761	7.75192920023709	7.65826669002199	7.65187033883262	7.81839264218041	7.5237868408805	7.50866184995208	7.64868380948104
5.67736690495989	5.68045557359664	5.63081562749827	5.6744169981158	5.71784729664974	5.62777551176627	5.50004642368172	5.55009413562808	5.58628759337113	5.51610167087883	5.48944081849972	5.24137384601381	5.6513861801244	5.48221062387559	5.5716243654037
9.0710284205352	9.07389218308173	9.02916381399693	9.13712148315199	9.16179964488644	9.14038921816041	9.15897105678598	9.10444320690891	9.17103458311342	9.11473511225635	9.08370133557822	8.87676467357463	8.8724901559787	9.15905240046749	9.06208741081008
5.96099292389856	6.01426122948762	6.00689703362631	5.97236301796879	5.93153185000003	5.99240107327703	5.80941008969189	5.86458053311997	5.86613834495161	5.80248555838342	5.83133902391783	6.12940801619847	5.92135779601465	5.90345161134082	5.88751449719596
6.18602230122081	6.30570302303997	6.26818364414797	6.49597132956005	6.42668560369212	6.38428543880087	6.61969364657813	6.59244358645874	6.5733728789129	6.54598271045299	6.39755035466568	6.50114615078548	6.47022782487434	6.6524348345942	6.5710534352547
9.09258116826529	9.14468551963586	9.05267728784983	9.17145825497456	9.20856531358963	9.09818757948116	9.25626138021932	9.20827045914214	9.21455695577099	9.22136343250854	9.21478765814191	9.07654684341086	9.42820134846845	8.99911260093251	9.27032393166688
7.86705507625947	7.91595311686638	7.91022747188218	7.87996335939984	7.8857525649911	7.95550358159958	7.86051983178104	7.79131016243721	7.83885627662123	7.90583304269402	7.82198926426329	7.42641659189245	7.92989780769432	7.91684462600347	7.78758806032147
9.30088064444103	9.28781662625164	9.28003067291884	9.40816899961782	9.27783942568428	9.30197553890106	9.29611701560996	9.28458221957319	9.3142807801091	9.27677707524212	9.32892439295021	9.22203832009828	9.13798535072867	9.32756932670631	9.20057993804074
5.73871657708365	5.75168121162249	5.72082209541614	5.63776964937227	5.69905464647173	5.60120293306583	5.6302718232823	5.68140916021891	5.58187018638151	5.52120047280529	5.40588543767078	5.93222114629225	5.6247598216796	5.55042849780413	5.62703419974921
8.07081130945818	8.06939562347415	7.9757650898901	8.02708405217487	8.07643683766169	8.06545278760184	8.02741611017246	8.03669321121093	8.00916964864401	7.94246585050283	7.99667940970041	7.8799876053257	8.0151401600777	8.0581211488525	8.09366549781056
8.75824208137588	8.79636652082983	8.76754870483239	8.76591833879172	8.76859402663299	8.69057788289723	8.61392405989162	8.65891690378607	8.69253161981793	8.61973522954044	8.74082096834326	8.70173705636001	8.83771861758427	8.56709613877185	8.73032781402689
9.54944999373476	9.60227728796105	9.550854390697	9.41515670542142	9.60164541876121	9.55607039027574	9.49650985685792	9.57353350439815	9.47353087925089	9.48815265481795	9.46506130773784	9.24563116338405	9.50925397031859	9.30664478026449	9.56356963844121
6.01160476754079	5.9333819912637	5.90012413689961	5.88567349834986	5.94754915151517	5.94561141601102	6.06123407828094	6.02713545197533	6.0178295467752	5.99815965997269	6.12411814753115	6.28644849828558	5.84263609273709	5.97806269608995	5.99678815067538
9.64808805689585	9.70275671808525	9.50163820632674	9.69963304137019	9.64161628622149	9.67049684328328	9.69566783962629	9.61739096043213	9.65060093737299	9.74495185035421	9.64271067269137	9.24775695865928	9.35327780920928	9.62905300644645	9.5715484556242
5.73324560664188	5.90687155081795	5.74783823763514	5.82174179348346	5.77878270473286	5.81288779547917	5.66867615069569	5.74062267927788	5.752761073112	5.68011396063555	5.65696817275503	5.54719743212855	5.7095623251151	5.83940564655709	5.69991613868892
6.02061950242235	5.9333819912637	6.07250973235899	6.11639619724992	6.00480598730604	6.00766699476113	5.87659622829993	5.97495548597425	5.86613834495161	6.00546155308867	5.7865810667472	5.88933723645834	5.96714247420945	6.07087392491206	5.96486453242394
6.10356640558208	6.14101328065536	6.11049346470646	6.0620758562298	6.15493675844846	6.02777393015718	6.09830948935779	6.12957656336068	6.08809501568432	6.20894344700757	6.2005856927915	6.36683926761155	6.03700396351357	6.14046610663368	6.15607170570938
8.95344916007753	8.82263123990428	8.94867440914278	8.8485372814571	8.81375720676184	8.86710058750622	8.70046800924294	8.7774596958668	8.76944995856592	8.58051351663071	8.64708336648743	8.61217310804958	8.51636287683188	8.78320940710345	8.68283004538421
9.14715645370305	9.12611239503605	9.08591972399856	9.03043516577828	9.11346714915593	9.12178516518316	9.09156173232499	9.02960822295571	9.05651161692885	9.03930018523669	9.05350077011891	8.43694612115737	9.22904431385879	9.08418234731447	8.9179433062798
6.08649516547569	5.97651350242679	6.06393158210209	6.03413030253201	5.96339092129767	6.00259624846785	5.93450511109299	5.91291945036699	5.97801249997236	5.92688757723035	5.99052213757915	5.97386950085002	5.98558145348481	5.95809312496548	5.88182785310146
5.76576528435251	5.81956364522988	5.70436686880088	5.90783806853691	5.77280339140449	5.9350047878869	5.84674813810418	5.64372767197001	5.86613834495161	5.77712055213651	5.8030174044155	5.62762971694289	5.94846524282937	5.94123845686268	5.85305423342816
5.90368077067756	5.7664980531284	5.91450647558924	5.71015902533472	5.77280339140449	5.67313483674465	5.6302718232823	5.73615285488751	5.69255559566638	5.64783242620984	5.7782923164579	5.46203231430517	5.73156932389272	5.64500289806451	5.73817492485545
5.98881883230334	5.9551086077169	5.97064630719002	5.84948791516534	5.90989559498614	5.85849616411277	5.69868218970483	5.77589256933339	5.8841995149827	5.77712055213651	5.83133902391783	6.07302445697424	5.75938082786731	5.83576297639517	5.87038702435115
8.38126600042874	8.40817675568734	8.20972597098973	8.55083247942139	8.40339109836365	8.46470690343798	8.60849332526215	8.5349179904308	8.58609564183683	8.60236791379139	8.57584949691003	8.48459177570323	8.40225776124441	8.73850099642145	8.70556641627113
10.2173744562063	10.2232096240532	10.2358451140471	10.1587203197224	10.194018379142	10.16883507174	10.0377282771205	10.090163551974	10.0652374951056	9.96638969920073	10.056441116875	9.9462682493833	10.1692838818836	10.0617797822678	10.0939224751717
5.80801784950338	5.80528323205562	5.72082209541614	5.81706523744171	5.68001467472899	5.75979808276269	5.67246111338483	5.61966852822491	5.70885695774018	5.54642857033146	5.66148099913328	5.43249340409229	5.68721538300084	5.56369467357703	5.6606180770349
9.66473106918269	9.62110541836082	9.62714098538859	9.59240748315818	9.60248954093566	9.57585406555993	9.45282243881418	9.49656663059264	9.50103365357055	9.44647145796659	9.47953080688395	9.32630036970317	9.62393830445431	9.31681801074087	9.58999586573909
9.70901028020678	9.65006194930197	9.59211655335104	9.55984833916328	9.59953295002268	9.60753940206416	9.57099646293579	9.5542760872761	9.56436030815533	9.45483785442077	9.54611696365417	9.60196645751977	9.30396776690531	9.46758730967594	9.53393054991455
9.06504453006728	9.12083029905701	9.20588039060953	9.00441550982967	9.0677443043392	9.11298123895599	8.91283611084191	8.91746071871077	8.95581136796606	9.04994247205291	8.95108630406913	8.82360174621246	9.25942800347057	8.89956938672378	8.94276194088182
8.91706782891067	8.92591077499325	9.03356752886612	8.8948185714615	9.12760999706357	9.21524019562488	9.35832813161432	9.31566229503016	9.35730933655345	9.56652427207033	9.41274117751848	9.45699200110865	9.45635823795496	9.28975049692552	9.55509940585959
9.55372978418796	9.59190288115693	9.44903615259962	9.53404621009757	9.5522584477906	9.54956008997567	9.61794494084221	9.47892779194082	9.56520110747662	9.5686844631752	9.53415272820626	9.3561642804145	9.15730248806386	9.59736581168491	9.54702884156233
5.67736690495989	5.75663704217946	5.68213131748837	5.79345289071951	5.67361192782099	5.57413336056778	5.6875027229293	5.78024144309442	5.79537175332947	5.79828882992437	5.67046464630523	5.72835856679429	5.87407556890064	5.90345161134082	5.6869350212729
5.82354964284142	5.84305536021003	5.75850498097315	5.75973425933273	5.74863584908107	5.60120293306583	5.54201416002934	5.62934023630247	5.72897870418306	5.46938605606623	5.65244122808112	5.20691960667823	5.5629967015413	5.62404491610321	5.60650329434267
9.24663859278703	9.26666627216039	9.13950609149768	9.30911478339701	9.21575467161071	9.31278020212638	9.22563005523826	9.2753574936514	9.25298313692594	9.19443713450669	9.21747580216313	9.19364915059435	8.92124287413516	9.18113549431279	9.20343540101331
8.95403799812557	8.87946635719767	8.88673840537647	8.72338983258406	8.8547181731015	8.82171486868221	8.74794312303701	8.80336245937681	8.74936890697548	8.61257409195177	8.66800992822323	8.79481404421641	8.67748023268262	8.74871822890473	8.75700558151361
8.51417685069038	8.6074128552276	8.52014494218461	8.55153730884741	8.5945504036674	8.65947503740656	8.69395614353833	8.69913984729994	8.72449541377229	8.72530867696524	8.66632444180994	8.74752450691647	8.29852269299934	8.67103243314266	8.80291321761348
9.2066770190158	9.1461043666868	9.13848430424591	9.12911652120284	9.05299918553481	9.11356984173107	8.97324049595745	9.04235340050953	9.00456254315426	8.82161204180722	8.89365964303421	8.58888558607465	8.72924798494407	9.09794887774296	8.99972103411733
7.86830507619639	7.89247638232069	8.01303595619551	8.05518773141323	8.07765143735062	8.0799813829808	8.44194665413321	8.41053055534603	8.46578489830311	8.63395174633801	8.61947508025576	8.7110115338395	8.22830111875908	8.49840421823174	8.43813182834091
8.90554596819333	8.8834416042011	8.90907927333366	8.83296755228346	8.76407441418106	8.77782867440377	8.69953954024141	8.7432985522758	8.62639778963086	8.55272160585568	8.67863919176452	8.60555779690036	8.63552068022389	8.78557428467567	8.74451276332183
8.88778063142897	8.89586440402661	8.82266008491642	8.84336601864396	8.89523730232755	8.88789344279981	9.00252004436961	8.91795479264057	8.95752015562564	9.01687337066861	8.99829774487018	8.81788997541271	8.76784253659374	9.07570434068097	8.94070995038605
6.08219565708603	6.31581853313826	6.04662099944231	6.3578069686476	6.37232095092272	6.36465103797344	6.51174397469909	6.59491658571237	6.53270329614536	6.63109873861406	6.55150765636466	6.67544123664713	6.34315284154286	6.40186556818879	6.37031162694526
9.60337029052316	9.57725222831353	9.49046946820457	9.53190482122008	9.48884713493704	9.50494213500889	9.39377529016969	9.40366602429846	9.4169006550304	9.26235949768392	9.33565634822638	9.26884439297791	9.20702336892966	9.31485458884299	9.33216245155464
5.82354964284142	5.76157595105889	5.68772232458049	5.76459960099224	5.7847374007165	5.73556235420834	5.67623620090462	5.71813414995401	5.67191716381483	5.72943024067709	5.62034977612664	5.27502857348059	5.68076662775526	5.55042849780413	5.49179788067271
9.30596372694418	9.32085769595254	9.27724810675132	9.33185879009589	9.31693607992444	9.26324375800562	9.21624747025832	9.18588043904007	9.18349979928531	9.14648520358342	9.12519284491822	9.1189708108692	9.16107707762789	9.20536074003363	9.19714590562859
7.95321885593307	7.98205797676597	8.02856153572216	7.86643204882206	8.04945364885306	7.95943775972484	7.95846051849629	7.96678524934315	7.9834023715041	7.90192229541662	7.9877097731793	8.025848066926	8.05125851051794	8.05027541707458	8.04610401626701
5.82354964284142	5.86617152941478	5.76380899906317	5.83104977864521	5.86562678914408	5.74773097578741	5.69496529077671	5.71359418624403	5.63400953949041	5.55639799095387	5.62034977612664	5.6534769215264	5.73156932389272	5.56369467357703	5.70636327985361
5.76576528435251	5.8242926171585	5.73168917305967	5.85406094710619	5.77280339140449	5.75979808276269	5.70608746220312	5.67208038469319	5.62114973690877	5.69373143074393	5.67046464630523	5.40233959180934	5.83684565010689	5.6408355131044	5.67383638107713
5.82354964284142	5.83370441922199	5.88559728622039	5.75973425933273	5.77878270473286	5.67313483674465	5.71712478033158	5.76715539596943	5.6677539144551	5.60042974587719	5.5587950858026	6.07302445697424	5.66451786143986	5.64915831603148	5.71278181759877
6.19002411318999	6.08297956823617	6.15560171049238	6.15398308585974	6.20466915577817	6.06230168563068	5.86671516779724	5.96734501985165	5.91615172466527	6.09717428446729	6.08431125650333	5.97386950085002	6.04957871912475	5.78755386541413	6.08358745365523
5.81839089095531	5.79086040117473	5.8055551379874	5.91223049665298	5.77878270473286	5.91894748877105	5.90262027452901	5.8103228251636	5.94741298840879	5.93455754336424	5.93566125297867	5.93222114629225	6.03194326539737	6.03000416918355	5.86463248231452
9.08561177991375	9.01194982109942	9.05917136677415	9.0319512176944	8.96778224006571	9.01871560942552	8.92718479354884	8.93660531745142	8.89869979262436	8.83398015455861	8.88063552741018	8.8006177209605	9.07474229543773	8.88993019244582	8.99115397921116
9.53810567317868	9.54642277016742	9.3680968462846	9.43744515081241	9.45185551282534	9.43036377546031	9.34918056575328	9.33835615320133	9.35439388050945	9.25432963998923	9.2530967448124	8.97755159215342	9.04833434746684	9.31387187496533	9.26213050312868
8.74333095000052	8.49015840323917	8.72461790826126	8.46962941702518	8.51250045971395	8.55933898191383	8.48837978612811	8.50957301894334	8.51477134645134	8.71140997333881	8.76464715422502	8.95170376932828	8.73627163270644	8.54772170516322	8.64636140598826
7.16403921837486	7.14803994453221	7.08905396651434	7.38393583229233	7.22342006004578	7.20638107240916	7.32208282520864	7.4010953164729	7.45084204472141	7.25120312395988	7.23475571678821	7.12720711313478	7.19043904816386	7.29690693732922	7.19792372629034
8.25888496774878	8.37063927194175	8.32827405131538	8.49109764342539	8.24915555082826	8.34750546447173	8.39167178870524	8.38431240800332	8.35476165103677	8.34445261527223	8.35787682287894	8.16282062864861	8.33393625818954	8.43654686000968	8.19928186254097
8.17145916645501	8.08723132344887	8.25001861865086	8.02607015443905	8.11717018660952	8.07273537199099	8.03332345620169	8.14194547261803	8.03529409313041	7.91653326260476	8.02501318657338	7.96513255630143	7.84797321013454	8.08448196287168	8.09612582651934
9.74382105153856	9.69405294333057	9.71578508283213	9.69325973275226	9.63956158198612	9.69705247126683	9.57023476095512	9.59532001581434	9.59898498905551	9.59708135924628	9.59389268250936	9.59363349959293	9.71267245621976	9.45486507255849	9.59043222763021
7.23163896709327	7.31541911082866	7.27532320032202	7.64525757579268	7.72607415898728	7.70674803479048	8.19357441273069	8.13940561442098	8.14433403415514	8.42841223081206	8.31978618016164	8.47736330878778	8.43188151261368	8.02167219912688	8.20954404912165
7.25476132516492	7.30698828741722	7.4168716526232	7.74475266470209	7.55175458097216	7.64620565770861	8.20277722136271	8.14532501027984	8.1755014313481	8.46266680758074	8.45609481915041	8.57540769856736	8.45240425181962	8.50931950560553	8.31785827071866
6.69424681525774	6.73060235313535	6.74158218965971	6.9409610509422	6.67790196335475	6.73872890380721	6.68866982688578	6.77145661982721	6.68687130734673	6.75763711983879	6.76177824416852	6.55705017567872	6.69826679237598	6.6294568966831	6.77822685602648
8.29186516438468	8.37629223415338	8.19604109816272	8.56625974001589	8.44915639786353	8.44800225652441	8.53856637119626	8.64286709543126	8.65563924639648	8.46862820531158	8.42918145955755	8.39152370370014	8.28740812695335	8.42809514856371	8.5100101214686
8.49892367476874	8.54711533620338	8.49002004148521	8.57876048768988	8.50619953848691	8.49303027565553	8.48407276112663	8.44110114442325	8.56831284649347	8.47719585900404	8.44892329714245	8.32864665711657	8.37000740438143	8.70840530721811	8.42155165327424
5.79231743579446	5.81005905507126	5.75850498097315	6.03815576109588	5.85434451766281	5.88628774291943	6.1750729049901	6.0845503379041	6.21343256149247	6.12090308142437	6.08767070245827	6.12940801619847	6.05457814481393	6.05529126673575	5.87038702435115
6.61308863597347	6.73563586107381	6.65565987217909	6.70293371513998	6.58190942930973	6.66035570754569	6.66032912841287	6.554831149618	6.65774693145208	6.68669278025947	6.68175128092684	6.58421095133534	6.64951126678666	6.74085531052299	6.59559637961857
8.25315474309451	8.34780329844193	8.1812332513379	8.22473629429662	8.13010617509964	8.11685016704445	8.20015383166201	8.10250094628044	8.16370738709219	7.92137089028654	8.00914395495125	7.78365311541703	8.02409545148171	8.07909396599854	7.97168638861662
6.02061950242235	5.98498749117755	5.94751907878937	6.13531185738098	6.12237369139466	6.1243148972361	6.15626099004164	6.10550614364662	6.25290660639685	6.2647909795793	6.11755935311527	6.11085687653346	6.06700156290808	6.14046610663368	5.98622509085625
6.06050411625809	6.08297956823617	6.02468705583161	5.97656397788011	6.04009557761121	6.05252049907212	6.15896344894903	6.1261623838563	6.10051144802587	6.0765205047696	6.08431125650333	6.11085687653346	5.97243479916843	6.08629034757628	5.93771215591514
7.66179046949925	7.81847751315423	7.51618103633779	7.70349273349265	7.45600394143818	7.45882027623023	7.70359898647853	7.60751661439345	7.61248154999035	7.99572811226037	7.95494939096989	7.69295891203749	7.67439209055822	8.15202130857626	7.92401347927609
5.9230383793229	5.98075670667135	5.99791922953091	5.81237350930013	5.94754915151517	5.98727639122481	5.88966680312173	5.77589256933339	5.81809544628108	5.79407988788341	5.85518089654815	6.09206447268825	5.77762912568448	5.60277896351544	5.75070625522829
10.0155393236222	9.95725454463479	9.99206931584783	9.91294376060176	9.95883818276589	9.96247224499578	9.89780935719556	9.94257309272868	9.87581718383427	9.88848437881814	9.91716237395062	9.82337152878602	9.96537496515217	9.72630957689498	9.95172342153565
9.07914847883372	9.12034914818459	8.96086443058699	9.06934382681828	9.10574815599515	9.14500298723484	9.12133325194834	9.07417565401277	9.06842129124265	9.07620972547933	9.07229098066116	8.97241894164272	8.63175910494469	9.07454437922053	9.04435983838305
6.70827119994662	6.66351779268055	6.8353400957694	6.88838244303818	6.79178068023613	6.89201642881126	7.15876636144269	7.08822281261873	7.20117110318206	7.32460989020127	7.10806259776193	7.56242171519245	6.96854630728305	7.24836194090981	7.28027605637833
8.51097902935564	8.55852595701001	8.55195781846676	8.6243617424985	8.54973882805293	8.48577407920958	8.53232251091327	8.49640081781091	8.53322218042877	8.51928718987261	8.53086354999048	8.42572387503433	8.84134230409689	8.47866308315632	8.51093242131091
9.378382311577	9.35438700307517	9.43620421282247	9.43439127787349	9.43299783494633	9.46352486408376	9.47686504464345	9.46140960813979	9.52945870953862	9.41319917210016	9.39079378888612	9.43849944216789	9.41585967769139	9.41081183328119	9.44165854868073
5.79756986807392	5.79568401057388	5.75850498097315	5.71519370346718	5.66718072207663	5.83015994115704	5.66107639281671	5.64372767197001	5.59945949737626	5.61003530543498	5.6341904869878	5.51936193331231	5.60105299639738	5.56369467357703	5.47679902707454
8.67639793553231	8.67515259366106	8.68457671144087	8.61697316240442	8.77833821834162	8.74249377065845	8.8012814747904	8.8507112267712	8.7988187309498	8.6803531916648	8.71170023495961	8.68614586410993	8.38100380769177	8.76510852509771	8.75700558151361
8.92008466613891	8.98471779914033	8.95739206442905	8.8684733731795	8.97887624709546	8.93060673211534	8.83760528752051	8.92042262750187	8.80310166036675	8.85334870811646	8.85817186011117	8.76544021625911	8.93011832668532	8.79968271984531	8.86482455807998
5.73324560664188	5.60003896673991	5.4518810791304	5.51615206966291	5.5808651994767	5.56728612295166	5.52537275260388	5.50878258977599	5.50463542605433	5.47989831517016	5.40049967963027	5.70382613937729	5.49481061643894	5.28283191508323	5.08046272627665
8.73581719230324	8.72979570130071	8.87513020871853	8.75677906009189	8.78875888229648	8.75612872953587	8.75466338589091	8.76048022905599	8.74244744499983	8.64510797590068	8.75251849138408	8.68300730485183	9.0934003206023	8.8210511974055	8.69424301803871
7.61639057909404	7.54210672064548	7.65839717841207	7.80391995567977	7.84067852347824	7.9249797935287	8.51237011219586	8.4547855834858	8.54974184841532	8.83654355312525	8.71115538008197	8.76246967156513	8.51454835380973	8.5867563592713	8.80517069766571
8.70326472207331	8.79032999030692	8.65915276753257	8.98888771611783	8.77459823654978	8.69923059833235	8.7537691573793	8.7388311546698	8.75674809590541	8.71698553212264	8.75780435587607	8.79190342749675	8.82715816307239	8.65921653181084	8.60894699319148
8.29186516438468	8.41211322964646	8.27254765596727	8.54447347180414	8.30726083262018	8.22647983417982	8.3324121222911	8.26510882368525	8.33452144287968	8.21489336053907	8.22067895270301	8.17180445766048	8.43188151261368	8.39005931150706	8.27180808688962
6.19401487119153	6.22927561388988	6.2341739308142	6.49304033712152	6.60230037284145	6.54992619703355	6.80887749656271	6.87480505886106	6.86125428772818	7.16409978339825	7.06437131653541	7.16368508281157	7.06466248369658	6.756365729992	7.03567478211088
6.68292838573283	6.6870937876353	6.60627581300946	6.54773665145469	6.53671566512601	6.61785575289323	6.50750805865871	6.53178423824702	6.54638749524577	6.56341205233941	6.50952691225439	6.57069442628994	6.19477957617257	6.41658072950825	6.53887255248662
8.623338038826	8.64201549181722	8.55961179874701	8.50134838768242	8.64949288882979	8.62933419283648	8.67896057836515	8.682952449863	8.64242109855645	8.59087491213023	8.55292385316605	8.71716156182712	8.20035589196555	8.53203262710361	8.60894699319148
10.0811586211011	10.0199915352222	10.1661104905635	10.0212237052814	9.98852361422022	9.99924704584159	9.88459425158527	9.896686770419	9.92162037900903	9.90518732798461	9.88249655670942	9.86551108554834	10.0973093587478	9.81116759526261	9.93635794887796
5.92783755176478	6.02662786290607	5.99791922953091	5.89458014274367	6.05988080433136	6.06230168563068	6.06412004869999	6.04170442847383	6.00797764452102	6.04851477452257	6.00835594789952	6.33521782571559	6.03194326539737	6.11061955799625	6.13231201788192
6.03848202241356	6.03888957745717	6.09794282984785	6.01791540265623	6.06967275964974	5.95614078717344	5.91545871784538	5.87275008485267	5.90911201021574	5.99082069123335	6.00124880705647	6.25299614345877	5.94308426533089	5.93103051542383	5.92117251092121
6.27159883254487	6.2540348162717	6.23799256965451	6.34160655038661	6.39197264997998	6.37646367964411	6.57180803579332	6.5649573194601	6.61941673662622	6.80236866334825	6.76388074771344	7.11794171901356	6.3674700019001	6.48333591185297	6.59211568299331
6.29408413675523	6.14101328065536	6.36565707975127	6.08171120893742	6.24844126064982	6.3082108137669	6.16704062898248	6.237943962789	6.16695781520769	6.21210338089612	6.21908652846934	6.18367378872547	6.08421685363201	6.14341713150085	6.15607170570938
8.05003128471931	8.04425226772951	7.98261361330405	8.2265027886055	8.16252013544458	8.12270949846974	8.34967781620939	8.28209505759796	8.3266096568458	8.21252710165795	8.30974445286176	8.27546116846783	8.10771222524277	8.5133202016754	8.25869013329032
5.8028032937349	5.83370441922199	5.84612996853612	5.92097551880509	5.82574759753158	5.78363441349144	5.89291606740045	5.84810163846023	5.8551923507303	5.79828882992437	5.85911660139972	5.67887052845618	5.85701156017876	5.91039581630386	5.97023433762518
5.91822322214283	6.0101153919455	6.03350061922594	6.01791540265623	5.85999665734738	6.11494591370386	5.86671516779724	5.84810163846023	6.00797764452102	5.93837732005043	5.81116605066948	5.86740865715225	6.02176839575161	6.05529126673575	5.95947470497929
5.60134089478348	5.58340518601504	5.58362209388361	5.43307727349932	5.44466374151315	5.43815279990498	5.41679322127	5.46625772247333	5.4181024730847	5.1587641444888	5.34551158796697	5.13545497313166	5.39990329049892	5.33530663915456	5.2038681870473
6.14125489793793	6.03481388722796	6.13527236186454	5.97656397788011	5.89895481737204	6.17478577436415	5.9657018458921	5.87681761597276	6.08809501568432	6.17047511704252	6.05715077958976	6.23597490832571	6.15342984030746	6.10457554929293	6.0020408725388
5.95159730139316	5.89792559750063	6.0113651098518	5.75485249700767	5.91533509137244	5.85287316795069	5.66107639281671	5.75836512358906	5.79918391708388	5.77712055213651	5.7361207383125	5.79955410284428	5.79863183116855	5.72985473790325	5.75693144345329
8.98605948174902	8.97623424333265	8.90126913981868	8.78282495885998	8.92590885867146	8.82890118083274	8.75645018188328	8.86205281205399	8.67238366417223	8.60657920516206	8.6730546052888	8.70173705636001	8.36749649006481	8.76414952718889	8.76166263952012
9.52943973790482	9.4250507792152	9.60030345662006	9.29991582759826	9.42299799245542	9.37939241081194	9.22078461283522	9.30625741043806	9.24845358864332	9.16903412628852	9.16790879068446	9.33232281059121	9.36867747564537	9.18185383825493	9.37331607027188
6.84911090291746	6.86530219502856	6.93047780656595	7.07050519332578	7.07565513506196	7.24126656325754	7.40756483689335	7.44837045071557	7.49621705420525	7.63017640911747	7.55075091676347	7.60946480336239	7.69856556027034	7.75733037323321	7.72855469297675
5.90368077067756	5.9551086077169	6.0810372635151	5.95117310912742	5.89345322352692	6.0426726610324	5.88641022015566	5.81880382145861	5.94741298840879	5.85191871027643	5.92818660166078	6.03417491843109	5.91861888420847	5.97143677858305	5.90444144898632
5.85915462050722	5.87075074531718	5.90972824247608	5.99738756439577	5.88793061494012	5.95614078717344	5.94079855054051	5.92475580422002	5.98137280292424	6.01272674261801	5.98332654283954	5.79955410284428	5.99341243143976	6.14046610663368	5.82961584418767
6.05612646184719	5.81481915849765	6.05096812278717	5.96814981333352	5.96863316421423	6.10077754456678	5.88966680312173	5.84810163846023	5.8551923507303	5.91917670092757	5.98692881783011	5.75248188626738	5.82519473765065	5.82844999211683	5.99151627011622
8.51577310736842	8.26229057401807	8.50119200231019	8.37961835944948	8.43974093528543	8.50743409661821	8.96167006477163	9.00656510817669	8.97069508101366	9.16740603530497	9.09042068752188	9.2519991754087	9.26024036889152	8.96446386821002	9.09321193868982
6.50477242579856	6.28525697369396	6.43050820271953	6.39909684454658	6.5331799199495	6.62777505912382	6.4556835185704	6.47653299455797	6.45503041916959	6.24949309847045	6.32537582404983	6.23597490832571	6.23277452307842	6.14930116113892	6.12269765741963
7.99501733052833	7.91816920226658	8.04719215693523	7.92743437793729	7.98488993163112	8.07031192577949	7.95690737795057	7.99421939970484	7.97414739544552	8.09669399727653	8.08427795517392	8.11704275150912	8.16030033743082	8.09443517349791	8.09366549781056
8.98836082645542	8.89135938890001	8.95216779489482	8.83817615368947	8.83832975546838	8.77411051341201	8.70602631053787	8.79639292119153	8.75478399958288	8.65210982601359	8.72795092965176	8.7079266609522	8.87990891813791	8.7252573311013	8.7655320708793
6.09078191952799	5.94645710661949	5.97064630719002	6.05414640035112	6.07939881260054	6.09602371451025	5.96261229541977	6.06328616455501	6.21343256149247	6.02714847136527	6.05028014456788	5.97386950085002	6.06204500416246	6.02681194441495	5.9431835850073
5.83381226387246	5.87986589771091	5.78483268283309	5.89458014274367	5.76679925686814	5.81866812911519	5.81627092512837	5.92082111067958	5.82184825553658	5.85999573816691	5.82732687904329	5.51936193331231	6.00637050994583	5.93784381243417	5.73817492485545
6.0950559945664	6.19315261007831	6.27191354564938	6.15768855197637	6.14107092010926	6.13362352395111	5.95951612741344	5.97115526153457	6.0210986472229	5.97603001024908	6.01189645580109	6.23597490832571	5.92135779601465	6.04270302339864	6.05859490623969
9.05684447486741	9.01194982109942	8.99682843876894	8.93372610045673	8.9406698054105	8.96362847268114	8.85730439167667	8.88800674518346	8.89958893893777	8.78916152015493	8.83834982702705	8.88498259736757	8.69360751441825	8.89212658032928	8.92764579375017
8.81962632357438	8.85364628685513	8.69920304856294	8.94449918359995	8.78057756265114	8.79113526795878	8.68788298033965	8.69453337936161	8.6749825137188	8.62922845529076	8.65956273641293	8.70173705636001	8.50954661650227	8.71238823448271	8.63202062509342
9.18577206422081	9.18986916074935	9.15019139211822	9.13899856628852	9.12349930155098	9.10293807498494	9.10704955013968	9.10053109046691	9.10048153508194	9.04330024794339	9.03576867019307	9.00545934780229	9.22599817464148	9.14585936366635	9.06019841361186
7.76873922258929	7.68429705112777	7.834017196365	7.80036636180232	7.86057189132368	7.8869271719923	7.92628210509976	7.93198696708761	7.90676091784813	8.01577082059169	7.92988154402795	8.1583076498777	8.27299099574735	8.11036979235558	7.97837002037384
8.33951303101655	8.34203738005606	8.37933530619938	8.35721812516337	8.43974093528543	8.4053743689989	8.27435993788272	8.2882226220687	8.26031944989831	8.24298984484096	8.26812306684082	8.36435152892533	8.51318596237449	8.08678495930714	8.34397114179337
5.72224119836682	5.8242926171585	5.69883993658077	5.6744169981158	5.7847374007165	5.80125735166227	5.67246111338483	5.65797347031576	5.65098008733152	5.58590081153912	5.67939286017085	5.46203231430517	5.63146248069639	5.54597928587446	5.65396336594971
8.43286985239224	8.35518292382561	8.25096438561323	8.20695136879973	8.27797242122574	8.29865089549348	8.23260826977129	8.24634742416021	8.20241147422191	8.18784579441083	8.17952065937344	8.27546116846783	7.77785197225217	8.24224960550508	8.15512944942166
6.67438094944101	6.61517844303316	6.73619049293377	6.66436798027516	6.71582877698573	6.6667845307189	6.73832195194555	6.73828104010485	6.80163568514182	7.01278049114453	6.79505628395079	7.15465166158224	6.57314466291463	6.82417137807076	6.91825402279665
8.62037348017335	8.77512723084101	8.74154011650104	8.82132511496082	8.75271304978479	8.8050492327575	8.95895689318804	8.83143334924586	8.87629115622894	8.96205205394927	8.92547980910764	8.53420172243234	9.19347752910564	9.0448432352945	8.80967508844415
7.3508861915225	7.40188257577153	7.27532320032202	7.27890874651584	7.2856990854585	7.42697484551586	7.61183678673765	7.59521357192219	7.63401024398372	7.64311903635	7.64618136633752	7.75405061117482	7.22524245481933	7.50177504838088	7.43986461971806
9.12222412736264	9.17326465880906	9.09437551182666	9.19826113947153	9.17377593540088	9.16444854822715	9.17007355751528	9.12513053584792	9.15213246537507	9.12777029646702	9.13131492141665	9.03775999854064	8.66853278061843	9.18651437591645	9.03925454946795
8.91706782891067	8.86230442176671	8.74019362004207	8.85140221624592	8.76633599019105	8.7703827454703	8.72668128166749	8.75385350834177	8.79547875124014	8.58783515961271	8.70678911768502	8.8006177209605	8.37801309075644	8.92596423407003	8.72238660436405
8.59492571265053	8.6312488342276	8.56190009724492	8.72088554312271	8.67057517817034	8.71016862082856	8.72211677491574	8.70430460410618	8.78733503501254	8.69681186872613	8.71496505024985	8.69240257385684	8.35639625715252	8.71238823448271	8.73270167843268
6.32353021989541	6.35231418919659	6.3014110310922	6.3578069686476	6.40363658660385	6.45655267079258	6.42457077864503	6.44946088700174	6.45261021803404	6.49758576516545	6.56362617733605	6.55705017567872	6.31841925832358	6.48566388355816	6.54967939973306
9.62977737182566	9.59675355618222	9.64595816608235	9.42172527324404	9.55094719103804	9.54781903681559	9.36683334055854	9.4799319955868	9.36344490838226	9.31036000313786	9.32358741327508	9.38927918229342	9.28120289326749	9.21837321537768	9.3544283257138
9.82267397370074	9.81702452091857	9.77648836551317	9.93849663978374	9.74423642726986	9.74646559786064	9.72356751484244	9.77487583726999	9.75475804868842	9.60702481373513	9.69379681866196	9.52867927820878	9.62541028519991	9.65048978693289	9.65401825962842
6.87171946750409	6.89710094416901	6.92337804800465	7.02048126987648	6.96188456921836	7.06262508170315	7.26298363833945	7.23816602875266	7.25634723859308	7.29360590639047	7.24080758036636	6.98156399668249	7.04594448951096	7.30352197411011	7.35818162047788
5.91822322214283	5.8383874482311	5.76380899906317	5.85406094710619	5.74863584908107	5.84156114935225	5.72078525240095	5.64372767197001	5.70885695774018	5.66636710911124	5.71890172702298	6.23597490832571	5.87124551559202	5.82477958470642	5.97558426850444
6.5270954472654	6.71284557211626	6.59738289548594	6.48716044450957	6.54727124902141	6.43034674872607	6.71646488462971	6.68123585525158	6.61725714894845	6.6405143469675	6.76807659073795	6.11085687653346	6.68058036036008	6.98752410047531	6.46468301777132
10.8093079851685	10.7780691773703	10.7788131989267	10.7813296828965	10.7420930634296	10.7550700291812	10.7012910328332	10.6849249652566	10.6923671958542	10.6001815175007	10.6659120610803	10.5476498789601	10.6480142185707	10.6352705252976	10.6377118300989
5.94214021107754	6.01426122948762	5.88072238551138	5.84029823425102	5.88238683080515	5.8070842651523	5.75331925061957	5.80606360273732	5.71290375926517	5.77712055213651	5.76995579077539	5.70382613937729	5.8397437697781	5.76474966255695	5.84138252654916
5.82354964284142	5.8383874482311	5.86599828349738	5.84029823425102	5.84867019775454	5.86967697859994	5.88314628553052	5.85223900179637	5.87700209753106	5.9723085705236	6.02246623745721	6.03417491843109	6.05208059381805	5.79507605918452	5.91561697653287
9.01513018153155	9.02228831545242	8.99174528586608	9.05400553861265	8.98924030831365	9.02185455946041	9.04845714002054	9.01951456560729	9.0493183343144	8.95263040121366	8.96714785496068	8.90127933539856	9.14796889937318	8.99707330426409	8.96379668255511
9.06939891023153	9.11552879328879	9.10068498762813	9.01620799201283	9.14509579657439	9.00228206076733	8.99799590245566	8.98031220074591	8.97660583817602	8.87645219827926	8.93297596194355	9.0029444690864	8.81578326197897	9.1793380680984	8.97185753234242
5.97960291961703	6.00178786952352	6.04226076067978	5.88119951619124	5.83725431775412	5.81288779547917	5.79558999557998	5.87681761597276	5.76060242419749	5.84786321420371	5.95785607694595	6.07302445697424	5.85986958296361	5.88241660361907	5.88182785310146
6.19002411318999	6.26799470846268	6.2606948237539	6.16874827066292	6.35239816966559	6.20158988186202	6.16704062898248	6.05253558254127	6.06293744019658	6.18662824497147	6.14361777243588	6.23597490832571	6.19930178285212	6.29973573589358	6.26934021826203
6.33079889235587	6.2714637038556	6.33389123344445	6.05811656677322	6.26558536847577	6.26226405202595	6.09549106244108	6.13638081551814	6.15510172520305	6.32732953841528	6.18811885596496	6.64995831401362	6.10845972123944	6.08629034757628	6.22509268884515
5.86916849445511	5.81481915849765	5.78483268283309	5.74010757115939	5.65423191723937	5.71091365210951	5.77460904095203	5.66269107300547	5.63827087076839	5.59560295411276	5.65244122808112	5.70382613937729	5.75016961274209	5.85748261221706	5.59959442393884
9.78113387488882	9.82472381308572	9.76660198286746	9.84010189485798	9.80600011279232	9.82151839149717	9.74036800055771	9.72407886449747	9.74613326052974	9.65021288967331	9.71759249537912	9.50043036226082	9.57057632519599	9.7658931983399	9.62662332923684
9.60111639814288	9.58738403288769	9.56271008026787	9.55949798470523	9.61467413413475	9.63731631709229	9.55414541328948	9.49722804308442	9.52888416935497	9.62017703722762	9.5876726273046	9.30195601464825	9.97876286271524	9.47551873092431	9.58999586573909
5.83381226387246	5.8383874482311	5.87583099282168	5.87220980448393	5.86562678914408	5.84722822025293	6.09266712769277	6.10203454552209	6.12198674604511	6.49239570102191	6.26729416437847	6.42807802124165	6.43422507182042	6.19268377610745	6.3498500892796
6.08649516547569	6.16358948549048	6.11465290177262	6.37382768731103	6.17775482214944	6.15206277825038	6.47966751993837	6.42187156706158	6.47663162173565	6.42044051722903	6.45852262360874	6.4577503748557	6.36344546695082	6.64203562881933	6.38647467281697
6.56149178094281	6.51335579429114	6.4989523895237	6.66956998963775	6.46430153548125	6.59781032967702	6.79851150245123	6.89501709245016	7.01682344064766	7.13774110836625	7.07287684260829	7.0802736218301	6.92003354337586	7.03440348150204	6.97815810865263
9.06722336291847	8.99787428832363	9.00638135858468	8.75616771146475	8.93263710737008	8.85799644478775	8.80646531781252	8.86717875124336	8.79595636485239	8.64569276302975	8.70514835659045	8.68927761060791	8.44670628014398	8.93024555853852	8.77937672095084
8.79288578484508	8.77818062547408	8.70749486004812	8.76713254676075	8.77759099718019	8.85940082691133	8.89347981551652	8.86666697608748	8.86449964718403	8.87993573768543	8.8106420731237	8.96468556551855	8.42706665134747	8.97693415660941	8.83493769415417
9.16150378656137	9.1976442383995	9.0363130404222	9.22280623630538	9.1340460903388	9.12587535058673	9.23943080585032	9.09966028876673	9.16882361544618	9.21428464583674	9.17582848154761	9.02542210379266	8.77808845459022	9.29838798629097	9.07212050274943
5.96566793292443	5.95078932940597	5.85112269948007	5.77909819465917	5.88793061494012	5.91355517637818	5.78513756312327	5.75836512358906	5.76840149513154	5.8191517374459	5.76576943987486	5.93222114629225	5.7158842741411	5.84666357354113	5.67383638107713
9.00266165359215	8.94668557523471	9.09753369886626	8.80781912519934	8.86249078911823	8.88099573385087	8.71937112310514	8.83875800749669	8.75576638197253	8.61854417223066	8.68142339963227	8.57201846157191	8.89114084845691	8.91736328119173	8.80667372436702
6.12462569706823	6.13340880349018	6.02468705583161	6.32522236025474	6.03010045512915	5.98213347518901	6.29295022245412	6.19621875872476	6.30749025326086	6.31562432191765	6.24339142760543	6.25299614345877	6.13937937180384	6.38699893043713	6.24738585775871
8.89270330360997	8.93414712599094	8.86836673617151	8.92069130808483	8.93263710737008	8.88099573385087	8.89510279589321	8.84760253063528	8.89201367108245	8.90701761145331	8.85866393833852	8.97755159215342	8.64467456510318	9.12023044314872	8.90957463706058
9.25908164999285	9.23856594489502	9.14562166457532	9.2333873324543	9.19127548419728	9.22507848254359	9.15186108325036	9.18547011414369	9.23513124305299	9.07967616833671	9.1083253967016	9.13053718166858	9.07781757187262	9.14659548378235	9.16586615194988
8.97042864052221	8.91762713405188	9.02419351450729	9.05748330430636	8.9130380912905	8.9538010673426	8.85230034591252	8.89906000889891	8.89602906112381	8.75975084502691	8.78808624911052	8.72022677280018	8.98126907230587	8.86554663081244	8.83272634889389
6.23332761871056	6.12959150393464	6.2071570416478	6.26121033366147	6.08423740128035	6.32456288620445	6.01425712194336	6.05253558254127	6.09741732754058	5.87601568620269	5.95418052366543	5.93222114629225	6.00894824303797	5.65743352370307	5.85305423342816
8.69764998393546	8.76038030575287	8.54811554749948	8.84106171650837	8.58176619595713	8.67391355927093	8.65521345503424	8.76981628459516	8.66925885273702	8.54208152750523	8.57644791122218	8.19402230627061	8.08282594466121	8.80947717265761	8.59857239357355
8.87664282086035	8.90650777198086	8.78789285941342	8.85825493716064	8.70163200965793	8.78375787266364	8.78911291247548	8.80656784889295	8.79738825775516	8.62804521247362	8.68974393023341	8.42572387503433	8.51000203708957	8.93749477891068	8.6269249464745
5.89390389599344	5.87986589771091	5.92401582334181	5.67957737948536	5.77280339140449	5.66674133850059	5.79211423812063	5.77153058000681	5.72096355947566	5.63847529141945	5.58753055128854	5.70382613937729	5.76243824365715	5.72198465371135	5.77544785172815
9.08238374874093	9.17558229917008	9.04069502043665	9.08841160969699	9.07140715705598	9.01619952294537	9.07876503634523	9.0666199065266	9.1078095554118	9.15143511486461	9.15394385251487	8.63183897213093	9.32301351339596	9.07763553971319	8.94412831493783
5.72224119836682	5.7664980531284	5.46495707107709	5.6744169981158	5.5808651994767	5.58094836135334	5.82650153184468	5.76276693735928	5.78002181377522	5.86802789860282	5.90932912546841	5.67887052845618	5.91861888420847	5.87533637300781	5.89317886253763
5.88899055360347	5.98498749117755	5.90493416464885	6.05414640035112	5.9368906936605	5.86409737842053	6.09830948935779	6.04893420972804	6.02761474834377	6.18983731134598	6.14684227799119	6.05373022828153	6.06204500416246	6.19553015445191	6.17944699372348
9.65208540891938	9.59294368534065	9.60918195563395	9.58726089492506	9.57135453694379	9.58139628547454	9.46051590694787	9.47423224401992	9.46724733966778	9.39244307748812	9.43600930933956	9.31011652757854	9.63483732635045	9.43511702467849	9.49110505362245
9.16963865455456	9.11745886833046	9.22140454025742	8.94557208069396	9.11583393923698	9.10767297980744	9.06296890195138	9.12982989257354	8.99627382956934	8.99638677698113	8.98798899595931	9.26044636960443	8.7693650493722	8.90175116016136	9.23447805517305
9.00209233392617	8.97144022945001	8.85474392156433	8.96527810387467	8.88556050756663	8.9286011861405	9.01563500007442	9.02869353024603	9.01690700471069	8.91091478364938	8.97215906347326	8.87125993663816	8.83117295748262	9.06639843039889	8.95636779612727
6.62791979763241	6.50748283163947	6.57641724123268	6.6247437393769	6.81235021248924	6.70476766087345	6.86128052826485	6.83978144140954	6.87758772213959	7.06266978077881	6.8711465452346	7.28455241890002	6.79259770289727	6.90815728752791	7.06107976178895
5.91822322214283	5.92899720690007	6.0113651098518	5.89458014274367	5.84867019775454	5.81288779547917	5.80941008969189	5.75394987333731	5.752761073112	5.76426926000467	5.78244262936434	6.11085687653346	5.85986958296361	5.83576297639517	5.90444144898632
8.0620982742179	8.04323736246976	7.94102622429229	8.01077556642337	7.98488993163112	8.11802393844569	8.23324997001188	8.33410876110174	8.30596777642691	8.24761985548954	8.28871871802533	8.47373544908119	7.99185375354201	8.37443402407433	8.32731344036215
9.38625741968617	9.35274939787475	9.49326976903944	9.34289416970284	9.46258810034021	9.39497063541317	9.35891631021761	9.39694753218335	9.36021891291073	9.39835435142	9.40096485609023	9.31417953960642	9.68510888451829	9.30268741601872	9.41085975177914
9.2012311223034	9.14940959346412	9.16029481684032	9.07817566700125	9.07870508191043	9.09640210320318	9.09297660627144	9.02869353024603	9.03360875118363	8.97839333135844	9.05393054940904	9.14429552734924	8.91024375021783	8.95272687437509	9.0702446050063
9.49788492654523	9.49390106221147	9.51429749556118	9.46389434416236	9.46815617594588	9.47089370588852	9.38311663825833	9.37444387790195	9.39405287657598	9.3206505740455	9.34867647863905	8.87676467357463	9.36061946299442	9.4269597155512	9.32798178077316
6.18602230122081	6.14101328065536	6.1270598528456	5.89458014274367	5.96339092129767	5.99240107327703	5.95330382520402	5.94814168842492	5.96449262179583	5.97974189350703	5.98332654283954	5.99425215872405	6.10605365500686	6.05842126918461	6.02286292055774
5.76576528435251	5.79086040117473	5.7262658384968	5.6744169981158	5.7847374007165	5.69843000289062	5.6837569550238	5.64849187126547	5.70479880457078	5.64783242620984	5.67939286017085	5.77620948437456	5.69363552267264	5.67791683279103	5.55743401881325
9.20865225942711	9.09510556823452	9.18128446200941	9.00493023573031	9.03934915047317	9.07902761504946	8.98433772780749	9.09835309992795	8.95922692178276	8.90750533406962	8.98303256464571	8.80927969544725	8.95374589315414	9.06094213312083	9.09813013812503
5.79231743579446	5.74670834334185	5.82598485432237	5.68471942141755	5.7847374007165	5.69843000289062	5.59481437377972	5.624512461754	5.62114973690877	5.60042974587719	5.57323412152353	5.51936193331231	5.70321262858164	5.69006905968127	5.71917200391038
9.62423854020651	9.55996961514893	9.69334685624536	9.46949948945725	9.56096983455795	9.4868830203662	9.34146343687729	9.39197696700313	9.36280028610897	9.34173607893415	9.41408094259459	9.5251782649724	9.60849747966513	9.29307873080508	9.36823560968386
9.76578782072911	9.7345431251059	9.74124900287656	9.61416229047879	9.72614819080122	9.70878643840627	9.6311524466047	9.63703020288873	9.6000793736837	9.61600523010495	9.628353373259	9.68902278015928	9.70374206901976	9.53238721598711	9.66648873477839
8.67924969428865	8.68819722638869	8.5580842476247	8.5697430484381	8.5662740997374	8.55327751664352	8.45850598738413	8.45137662259955	8.4681842300673	8.28713618045754	8.338251685627	8.2374572268719	7.96884807927024	8.47104303946615	8.43424771750557
9.56610837829811	9.59779086811742	9.465019120535	9.52366659251497	9.49158364393506	9.50449340128518	9.46106387368311	9.43507214573308	9.46183958048123	9.31551446357655	9.3982595749932	9.25833920327049	9.28013526919354	9.36631921619434	9.37787323846288
6.59206569046714	6.48971925462402	6.49576566117383	6.50181552733969	6.59214089686155	6.54295411110045	6.61969364657813	6.66955126189645	6.62372624555282	6.84982057509368	6.71690321414224	7.07070095929376	6.44378684355177	6.77361804946412	6.74098979655789
9.12274796985148	9.11359613274697	8.9654812900888	9.06243704348818	9.07688405863924	9.1235395218702	9.08801846497793	9.00842216197603	9.0782714659111	9.05875146764779	8.998744284762	9.1189708108692	8.7095565150509	9.10932148535054	9.07524158888988
9.08399866714409	9.06991086051261	9.10068498762813	8.95519241893617	9.05916130947871	9.09878224754551	8.91643668215827	8.92042262750187	8.90535507147552	8.96017263914045	8.9127410580638	8.82360174621246	8.79425728284438	8.87090194008427	8.91585568545353
6.10356640558208	6.00595762818625	6.05096812278717	5.95968638346677	6.0745439685253	5.92431976304627	5.91225977947535	5.85223900179637	5.91263615228384	5.93072764697494	5.87475316149019	6.20131871142433	5.91861888420847	6.03000416918355	5.83551115358484
8.87228812277373	8.90147596290629	8.83595759559611	8.87129903058133	8.89316916035701	8.8166630669663	8.84727888360701	8.80014993251596	8.83784297759159	8.83756763864637	8.81825165904937	8.8904353225727	9.06299609423182	8.93792007142978	8.85904138602893
8.16943237630716	8.19534203479896	8.09327007750215	8.22473629429662	8.10292465388359	7.99309197516548	8.12123011289739	8.04123548259391	8.07361472023913	7.77618054864136	7.91292437586492	7.89090957819546	7.84364390109571	8.03763282717815	7.99164511533652
13.133446261276	13.0549643390063	13.1845831822932	13.070403922768	13.0826406942103	13.063581111678	13.072411680478	13.0845907068235	13.0621807550696	13.0090228124275	13.0314843768381	12.9406834635668	13.1406501340936	12.9712487956278	13.0504705133941
12.2658735018003	12.2399380677655	12.2929553836986	12.1240246085115	12.2165531378841	12.1693642735826	12.0556284824196	12.1224456728884	12.0424665738404	11.9798812044354	11.9884930375874	11.7845615205787	11.7797119257229	11.8960237236095	12.032464123508
6.15360239570642	6.16358948549048	6.20325590903986	6.13531185738098	6.16410727280939	6.14287256534813	5.98105131503993	5.95200281745601	5.95426907691403	6.20260276861324	6.08767070245827	6.09206447268825	5.94846524282937	5.97806269608995	6.02802189673902
6.3630627067198	6.21493461536146	6.34455766332018	6.17972397262295	6.20910653197715	6.47131670289974	6.19364302535861	6.22842147751012	6.23048225195222	6.3984132579218	6.37297289363112	6.79651605950767	6.31841925832358	6.12263225852846	6.19329276361203
9.84252699326708	9.72697801350615	9.80123479648594	9.94950184062834	9.77750577267142	9.84403846973511	9.68890021853646	9.72605517576279	9.75721283312931	9.76742680401768	9.79547660129945	9.76222858339251	9.72370917863687	9.65023027206459	9.56800776121329
8.35564661062408	8.34203738005606	8.57253109617964	8.46514755074796	8.4715059342639	8.46839292762414	8.43080055986639	8.4196303868344	8.47774185444484	8.58112507467184	8.58062987610626	8.54806822128619	8.88939161305878	8.32781511292393	8.65556534961065
9.76947240690063	9.75824091356904	9.7973555745979	9.70217450234676	9.6652394268486	9.71345343305398	9.56769284599925	9.57102253858397	9.59624539003126	9.55442934959295	9.59920289725465	9.51991076367127	9.87598273313097	9.54835133585916	9.67391960552418
8.8597732093167	8.84202068460923	8.86836673617151	8.81605520947676	8.86881920297186	8.8166630669663	8.70046800924294	8.75219206140009	8.67913096034276	8.62567581164521	8.70295776852029	8.64480218783545	8.91952977890431	8.80295493101084	8.78929365234042
9.5447666060507	9.51528613888825	9.57673405548679	9.30994815095535	9.48014712034513	9.41516506574378	9.30865392127484	9.34645401867792	9.29176760218793	9.23230630335296	9.28456704385757	9.08608278622891	9.19744155395146	9.24988629200755	9.352885994348
5.9979763568842	6.11807872165951	6.0810372635151	5.95117310912742	5.97385646425793	6.01775542773436	5.96261229541977	5.91687567894481	5.93706749814814	6.00181521759964	5.91312034990647	6.09206447268825	5.90761105116389	5.79131985273029	5.97558426850444
6.82614259905925	6.87217543060126	6.89462456455813	7.10163393307888	6.82686533300339	6.90567138989596	7.11765931827132	6.95785696068124	7.00530704501384	7.02900516294372	7.05924383703413	7.25103933764661	7.02315768342013	7.16072692270277	7.07361650552769
9.43304860666069	9.3722790357483	9.44159925069018	9.36631817908018	9.3654818187002	9.29264955609903	9.27289787394009	9.30058490997671	9.2568047553979	9.18279921835968	9.2724305499023	9.2519991754087	9.44758837869412	9.30367777520021	9.27738745783874
9.17621462613684	9.17465568975282	9.30027380857161	9.15485593196432	9.12291110205273	9.14787911827156	9.02604179731048	9.05812815437835	9.00538880143305	9.02453766702625	9.06548645836377	8.75052595059816	9.21960811541105	8.88287919674211	9.03797539947459
5.70557602223663	5.72158428991702	5.66522748797525	5.64306215197725	5.5808651994767	5.62777551176627	5.56662301046986	5.65797347031576	5.6168376165179	5.55142186232989	5.5587950858026	5.6534769215264	5.67753143958649	5.61981665047565	5.70636327985361
9.08614908361589	9.03663886400927	9.06671103077179	8.82541066345046	9.02871222552139	9.06144133690203	8.89955660087217	8.91548272927139	8.89602906112381	8.93216306689715	8.88305628786807	9.13743275496208	8.55615676904832	8.94639970008299	8.95365687059532
8.81185099425848	8.86172882646818	8.72461790826126	8.77076905148132	8.80644961406482	8.85024781173778	8.85522148145136	8.77800410744981	8.84386071825106	8.80443088744198	8.71822249426672	8.42196364469387	8.43668035917977	8.81087096803564	8.69180496990268
9.35983814637734	9.4359188492307	9.40127504947259	9.42095405097838	9.40424094159815	9.35570506460974	9.34977248478179	9.35268047641711	9.34234583175459	9.33232204510759	9.3982595749932	9.30604204092412	9.68147449801918	9.31877876421972	9.27141288149563
6.95877072447929	7.04838978585687	6.91146695891398	7.05070318682661	6.98277700841194	7.02057148968848	7.16684911513755	7.24920060497316	7.19972821659529	7.0887033472684	7.14725177613723	7.07070095929376	6.95389519364694	7.27956457676042	7.22064854466005
6.02061950242235	6.05507836251438	6.05530220924316	6.03009360054149	5.92615306775373	6.01272001341759	6.05834233306425	6.04893420972804	6.09431656769122	5.97603001024908	5.99768208835087	6.35111508219872	5.99341243143976	5.98136429973717	5.98091447135308
9.8699325088145	9.85627281804952	9.82905148117521	9.84700846484164	9.781983635794	9.80448573787693	9.79659021008437	9.7778729635726	9.73596392057597	9.62937190388332	9.67854853244097	9.46979718712896	9.71820137125601	9.728031993392	9.70043908196647
8.96984645561966	8.98418903586782	9.01642774151638	8.88366659530328	8.90621760078239	8.86919340997776	8.80689646516094	8.89555223837453	8.86904625503915	8.77212287034201	8.85274789355563	8.84060262337296	8.91231248347051	8.77323437262695	8.91446225815155
5.79756986807392	5.84305536021003	5.76380899906317	5.84948791516534	5.72405765335447	5.83587178156451	5.83328194681278	5.64849187126547	5.78002181377522	5.77712055213651	5.7275368522982	5.93222114629225	5.91037087698721	5.87178321358	5.85305423342816
9.18476899445193	9.19627520705068	9.23198131242837	9.17831989621025	9.26136481736211	9.23430899730803	9.12755974981317	9.0808097866906	9.14089677826016	9.20994156010534	9.15434473235224	9.17589710596971	9.52127699176005	9.1284515274983	9.30423707148951
9.49465067905814	9.51382143952	9.5119323245781	9.5193496387309	9.44857316216326	9.52277798748715	9.47361000523778	9.42641657949659	9.46724733966778	9.46878509058972	9.47664849333551	9.33832021610425	9.5456930622927	9.43782591038256	9.46326197862527
8.71581855674893	8.7848754333327	8.66626003091128	8.75616771146475	8.67379143750444	8.64733156691635	8.74524622860819	8.63146479302224	8.71846141900123	8.7357828629852	8.73707905171204	8.27962269350945	8.71193373106116	8.87223766717046	8.74686342152393
9.81879969637846	9.78823502552915	9.8438586939595	9.70882461451342	9.77675810905755	9.73235517413614	9.60064214818491	9.62497618643142	9.58827100671548	9.54286018321757	9.56854916138842	9.57173983425323	9.87191367728705	9.56276259706402	9.67309584075381
7.58480367658937	7.68819780778981	7.63974425141036	7.67531574234452	7.67242046124052	7.51870099264974	7.7109888109448	7.6838654311023	7.72609971474073	7.62425480028752	7.68220912256311	8.03572349246862	7.45544875679318	7.99739525601665	7.66534697192179
5.97497283457547	5.92459908266166	6.04226076067978	5.94689759649862	5.94754915151517	5.91355517637818	5.86340641819129	5.86458053311997	5.99140709302052	6.01634568827536	5.94680126073485	5.84514238436952	5.84263609273709	5.87888082218522	5.93221993965659
7.36512241637149	7.32547151193248	7.44027572873069	7.4367703736643	7.5394665388398	7.52225148810177	7.60391987992499	7.67453984549804	7.71300949065679	7.71285812224871	7.65640542287044	7.66141492291348	7.79439640552341	7.34387195815164	7.54804822413996
7.28127735860375	7.2985079213166	7.15721847130605	7.61050730910241	7.38518177486458	7.35911093594123	7.62460983327242	7.59150211086207	7.61248154999035	7.5386947545563	7.49866680630318	7.51379314990843	7.76340932962126	7.81957911882644	7.52449564959576
9.65679531721276	9.66630419749466	9.58650781771105	9.60706009161893	9.59614655307677	9.63198519528848	9.51957808001962	9.50579892539597	9.55197195419519	9.42039382826168	9.44783122817706	9.46797481865007	9.34129935171041	9.41601105775829	9.49530546018573
6.51438172205449	6.51920496762443	6.46350551431287	6.95807009051232	6.77391332476468	6.8188503867223	7.28543040379885	7.33899899764513	7.35038087038813	7.18998567376309	7.2225753193091	7.25103933764661	6.95523327533553	7.09055699176774	7.10081991675398
7.99272668833692	8.12705241522542	8.17327314983101	8.09827357567474	8.08853706765101	8.18787636079691	8.12745682737615	7.9885860062874	8.14882795219441	8.21331628588816	8.17478637680515	8.04063597371882	8.50498448653755	8.26615497836199	8.11201650809387
5.64859685858352	5.71650669026095	5.57157929365593	5.61640393349314	5.7847374007165	5.59448285272319	5.73171142111941	5.66269107300547	5.73296968440663	5.72501576851564	5.61104854692021	5.91093819089371	5.73468602855623	5.57247172796572	5.69991613868892
8.24644058992609	8.35926646447883	8.1861861055305	8.35479734267845	8.28429875371158	8.30175325230315	8.41391828398104	8.38859649740226	8.43483844054657	8.38913993735442	8.43579213202873	8.19402230627061	8.61153003916567	8.30029443232693	8.34913747803763
9.62793345633989	9.61667725751788	9.66772382168865	9.63758691046093	9.55094719103804	9.57499952347751	9.53449418082787	9.48327430187156	9.5042522666062	9.42857259769597	9.4982846904772	9.29374908047738	9.55609491799209	9.45248571694128	9.55465222362336
5.84400256509514	5.82900617518246	5.85609825078435	5.78868380478012	5.81414858326795	5.84722822025293	5.76400331598954	5.69988818156247	5.71290375926517	5.69824225379001	5.81926903968546	6.05373022828153	5.84840344073702	5.81000408152415	5.75693144345329
9.20023874689138	9.18849272803422	9.15322985565973	9.2205920396178	9.17604590475719	9.13634003126269	9.04151258254245	9.0821329603694	9.03482327239872	9.02543667800916	8.99651020193776	8.97498754937075	9.1575931919721	9.07647713052698	8.95907363734832
9.08990461705356	9.09999452877602	9.05430355007557	8.95465963531182	9.07688405863924	8.9798601724502	9.01115186143306	8.95260850371164	8.99419418915481	8.96767565331602	9.00097491344987	8.50250607109536	9.1892182384744	8.98642224413492	8.89269024737347
6.06050411625809	6.13721604480214	6.13117194199844	6.12019919092143	6.19575330535503	6.22355291354176	6.06987475692619	6.2220381030375	6.17871740643611	6.11753701691857	6.24940429264131	6.09206447268825	6.0115213869914	6.10760071367089	6.12269765741963
9.19427011689606	9.15458827070712	9.16682430350241	9.10579173131815	9.11524260562061	9.15017590197941	8.99988268597986	9.06929116165292	9.02630007471191	8.96299084405294	8.96166115722218	8.80351082794017	9.13237607080189	9.07454437922053	9.04563334283569
9.26478860259412	9.311193236959	9.30983608065004	9.39369821075825	9.29308268442273	9.34972195784462	9.24102701011308	9.20624930065644	9.24215833632957	9.27828636732285	9.29914236988443	9.14657588286086	9.60551724626799	9.16923088764936	9.19943616853109
5.95630274624067	5.91576248882886	6.06822702208594	5.98075276389832	5.9368906936605	5.96659401650182	5.76400331598954	5.83143278095957	5.89492890461022	5.83152652412706	5.92818660166078	5.93222114629225	5.92135779601465	6.01074419605527	5.87038702435115
9.1842671979236	9.2544396690246	9.14307665877718	9.20902311633403	9.22510240556324	9.25419709886512	9.28594660153989	9.25555689150777	9.29244474923062	9.29590327821038	9.28273473088454	9.37379033685305	9.00634148690498	9.33436959199637	9.30370494705596
6.52075257692296	6.4926950669589	6.47972567106842	6.74789257593805	6.81235021248924	6.90567138989596	6.93884387668391	6.85017100937915	6.97526450205909	7.43832118839963	7.25133765696118	7.44135171939471	7.32591833547577	6.79254853947378	7.1105863059509
8.69624287857332	8.68494710862661	8.78332402855399	8.67763377032371	8.67218420406363	8.6826664913632	8.56276458436591	8.53298410614772	8.55764966664469	8.56328379046353	8.61073801282959	8.57540769856736	8.85359520067248	8.70840530721811	8.58986954005093
9.57876352896335	9.52876457585229	9.64703632064237	9.54824148126191	9.59995569129461	9.54781903681559	9.65385874992324	9.66702580476286	9.67027228280483	9.73289388071497	9.75349232200999	9.94888382750296	9.82765918184013	9.71865691684132	9.75478676129312
5.85915462050722	5.97651350242679	6.05962333663708	5.95968638346677	6.03510665694801	5.96659401650182	5.95951612741344	5.86047838239547	5.97801249997236	5.90363045941288	5.88637059944799	6.12940801619847	5.89373234058966	6.03000416918355	5.97558426850444
6.35238798079584	6.45352281373153	6.39331855500425	6.49597132956005	6.41904339809333	6.50399401522481	6.70541099343526	6.68588334188219	6.58446962160857	6.71816074348684	6.67058843378717	6.6627559973631	6.84261789601446	6.45747742911554	6.60943585949974
6.20592142702654	6.14857794506011	6.27563384104501	6.28850929094189	6.23109124449755	6.23224547956178	6.32459133677361	6.43573210953272	6.41829450117845	6.40118510832327	6.37847080968331	6.71284161187287	6.29325475884929	6.40678730001607	6.39847934855355
5.78704585868288	5.69601617980176	5.84111993918038	5.62712622029323	5.73639895092961	5.64738957723656	5.60673030408947	5.49826787010287	5.6125126097189	5.5313445240366	5.47413694155302	5.43249340409229	5.63146248069639	5.54597928587446	5.62022287499815
5.8028032937349	5.80049158553786	5.68772232458049	5.83104977864521	5.7847374007165	5.81288779547917	6.05544478993276	5.99754937826278	6.03410160308625	5.93455754336424	5.71021474879472	5.46203231430517	5.8853407118485	5.95473787616434	5.79373020433598
7.38447070170861	7.43320957513674	7.26412564859829	7.64921389756986	7.43341321509407	7.42697484551586	7.57485138990334	7.51780451319415	7.56171156995774	7.50815178809316	7.46674764070849	7.69918579723945	7.31345044298251	7.63782272989199	7.49496999501454
9.4795972431616	9.55712819948161	9.42283752827749	9.44543094638488	9.47231817527641	9.5647053421517	9.50370851260108	9.37083936660725	9.45912808059838	9.49075886147232	9.47793023254465	9.18923157523354	9.25644541060695	9.42179986854783	9.39994783410543
7.37570817180566	7.45168445404926	7.43362749204357	7.28400645002729	7.35944952973091	7.45325131763379	7.40414986136741	7.3768639976213	7.54476230190631	7.40831224186779	7.31295388819557	7.108616458839	7.84292108501262	7.26065213640501	7.27159630594229
7.59691845240723	7.61084843426867	7.70192771966256	8.23793258302337	8.10053666388847	8.05935576175108	8.65425539169406	8.682952449863	8.63603311361889	8.78332715286679	8.73547239745957	8.93068682590263	8.66362886288733	8.69990490126706	8.81416545987717
7.96728665068234	7.82675846494905	7.94453799037321	7.79680399457003	7.94950243346951	7.96074677225091	7.88359300217193	8.01745796242594	7.87998130995549	7.87823257231311	8.01533607937147	8.3165459439594	8.06929323864048	7.77552740174562	8.02946627773496
8.69412964405497	8.57477221744318	8.86651663662884	8.56765407272466	8.70792083790882	8.67391355927093	8.55457237739552	8.73603199023898	8.57889779514258	8.58844362268553	8.58182250015605	8.66403120418889	8.83408580669253	8.44255362793169	8.61324782161099
8.7137338220326	8.55425754273914	8.66980057627514	8.58634685337437	8.68499221632433	8.57052886929059	8.52027905278698	8.58928167085085	8.47833710895959	8.51673211176352	8.54377301709443	8.89315397655812	8.50498448653755	8.83527522701178	8.61839194949305
6.45906366713638	6.40696290451053	6.47972567106842	6.54207574249378	6.52608235006792	6.56032160805643	6.49472524233326	6.53436324688865	6.4790119307058	6.74677930008438	6.67058843378717	6.89742824435665	6.53607585516302	6.92197845535254	6.78128701961149
9.10588994421102	9.04933233664093	9.07901271653568	8.99977469424829	8.99053059673304	8.97338939000261	8.84937328393529	8.91449271669265	8.81728695736556	8.74836123644683	8.79992077099973	8.73848252858646	8.92671114955941	8.83527522701178	8.95297834254789
8.98317762899597	9.0325532520185	8.98664416030338	8.8948185714615	8.93732828133872	8.91448375636895	8.92559752442379	8.89705661302756	8.89469183911289	8.85334870811646	8.870423744506	8.34859167915738	9.1085158577889	8.85026440558426	8.74451276332183
9.76243001142475	9.68757167922264	9.77812952935517	9.65047465615086	9.64980596459061	9.66969657552459	9.57201144041073	9.59655507767604	9.58992449935468	9.52993099585983	9.61297700867483	9.41788005205655	9.76111226645033	9.6520458965945	9.58955937182641
9.72841495573197	9.68822111744927	9.74494620387841	9.62122969777843	9.63873888022709	9.6418119304837	9.57985339813832	9.61068281226174	9.57079394858185	9.50339713210138	9.53261165135729	9.4403594011687	9.40292116057081	9.75652063866201	9.59043222763021
9.75906436881056	9.71140829829731	9.66524273785041	9.71575867655872	9.70468905097733	9.69626680307215	9.54693658976282	9.57447399102885	9.60089961770882	9.43738092020136	9.48176863196118	9.27927364180713	9.49298901927073	9.56771775892393	9.57948338916503
9.49748104189678	9.48570583297851	9.52996698150759	9.52366659251497	9.44763397442786	9.43460972117948	9.37296113429826	9.39978018525587	9.39877725329482	9.30888391137359	9.36262135983552	9.2392349190682	9.54902095865329	9.31616383362445	9.38694461622456
9.2194680053123	9.16815270659694	9.20392807373113	9.02790486699234	9.15318387222762	9.11180331250425	8.95312571570242	9.05453767266246	8.97365348656637	8.97699988032056	9.06974304420826	9.02789813801757	9.31860060792904	8.78935004438618	9.06523025362787
9.1456107428674	9.11986783679474	9.16180424646269	9.06490754924984	9.08536257094151	9.00355284697963	8.93548942688386	8.98833245140961	8.85993866603209	8.85385491204287	8.94229171176139	8.87676467357463	9.03858163918081	8.86867297648837	8.8969299056782
9.3975572190989	9.37066162536871	9.36154380901796	9.19465589991698	9.3133315590127	9.27644545821872	9.21916584225666	9.26413167752842	9.22877746139951	9.22762666115096	9.23274127602858	9.07654684341086	9.38490804909659	9.18973210523054	9.28117661915896
8.79485930423903	8.81670383193105	8.68597610183354	8.79597112774558	8.75195243491261	8.79039922368424	8.67187739195425	8.68178922769013	8.66089278273068	8.58112507467184	8.67361403768878	8.71408982478925	8.31529622673563	8.66795934130966	8.60722306562594
6.08219565708603	6.13721604480214	6.21104766841216	6.104926791265	6.09386624462953	6.05252049907212	6.01126973889553	5.97495548597425	5.97126836755118	6.01634568827536	6.11755935311527	6.33521782571559	5.93497505600435	6.14046610663368	6.02286292055774
8.87788460992599	8.9401573725645	8.83027366320818	8.96950370515059	8.87860855694345	8.90906914144412	8.89672395258755	8.86666697608748	8.90977492924483	8.82109439570303	8.82632455444628	8.82929099353069	8.49903206904558	8.99870497213594	8.82533062273063
6.04291336888758	5.93775351626565	5.92401582334181	5.92532827250004	5.92615306775373	5.92967214727257	5.9058405893882	5.94038835287424	5.80677823061122	5.85999573816691	5.78244262936434	5.95319531125026	5.84552264207285	5.8610710440161	5.86463248231452
5.9979763568842	5.92899720690007	5.90972824247608	5.87671164699807	5.90989559498614	5.9350047878869	5.70608746220312	5.77589256933339	5.84046759257657	5.8191517374459	5.76995579077539	5.82252787921875	5.83103192757841	5.99122410217837	5.82961584418767
8.36364624788148	8.41760631179904	8.3654289779095	8.69687545168714	8.59115234253701	8.52169553880644	8.80171417381759	8.76433180652098	8.86130847498127	8.7976059755404	8.78187296275563	8.58888558607465	8.86716758649349	8.93536643375799	8.73586076735009
9.64954292124042	9.66267386279693	9.66878583855621	9.79349127355283	9.77338881960377	9.77055166578921	9.80070903172634	9.81176677510658	9.76088719593981	9.72793188027357	9.81081561461848	9.73974824387118	9.75190014424087	9.6952007739824	9.79130597653837
8.88098441451908	8.90539110781166	8.87451665609473	8.78761925491935	8.82826228091394	8.83961397604102	8.73531426003311	8.83614632490309	8.81963767280428	8.69455283838834	8.71768009741243	8.82929099353069	8.49994942553305	8.86778042593937	8.82161849407601
8.16537023465387	8.12129314114442	8.08904530002573	7.95539801493761	8.11835098984934	8.07636292618971	8.08400638217001	8.05387829137725	8.10324620160721	8.10946810245396	8.03549653116303	7.98565625068502	7.90102125265605	8.12762241646923	8.11808200865742
6.55839848008114	6.41011403595343	6.50847059529252	6.7130462668692	6.50818428108899	6.611204819231	6.8002443455469	6.87480505886106	6.92899468413382	7.18838133710845	6.96551902022382	7.03176248733891	6.8015516822289	7.07053043315417	7.00458650708391
6.84149533542518	6.81862475308355	6.91385705277788	6.91271893811	6.79768765787623	6.80142595545078	7.03175678710369	6.96361031945888	6.93247340826162	7.04859078920289	6.94528000638983	7.27624682615678	6.73300261978838	7.1446073267497	6.81751175885459
9.1456107428674	9.21757552938005	9.0634845697262	9.3124453692214	9.18452662190703	9.26165140523485	9.34799599864066	9.27381428857441	9.32093360634086	9.38160094434902	9.36539423430728	9.06212369783026	9.01631382791978	9.3603029835774	9.29837288017662
5.9979763568842	5.9551086077169	6.0291005558905	5.81706523744171	5.97906095757417	5.97179241989518	5.91225977947535	5.78024144309442	5.84784871444201	5.93072764697494	5.90932912546841	5.46203231430517	5.78366108500998	5.82477958470642	5.97558426850444
8.15106199407429	8.12801006316353	8.21748801355192	7.96917919369508	8.16595025916392	8.07394557037043	7.95301719652367	7.94561953317257	8.005044635323	8.03732266918744	7.90437046947434	8.01090702734322	8.20317489733588	7.81495618209575	8.07632471609553
5.86916849445511	5.82900617518246	5.75850498097315	5.66923814640813	5.68001467472899	5.80125735166227	5.62637473379086	5.63894773587266	5.63400953949041	5.69824225379001	5.7275368522982	5.24137384601381	5.6414586187468	5.85388525288025	5.68040052398419
7.30547064055213	7.33379535257791	7.35488670157453	7.502392976578	7.47087031325109	7.42128137960459	7.88685925527266	7.87205728075811	7.9486005961913	8.00578426767243	8.07159978255222	8.19402230627061	7.82473199144516	8.04317759597294	7.96900424300835
9.28879441133513	9.2671010259703	9.14358601921915	9.35384577999026	9.28784456119051	9.28900644184312	9.44923647766481	9.36432846495804	9.43387885060675	9.42585148968402	9.43567953590318	9.32025268355382	8.96641206647195	9.43662258907233	9.4642146634757
9.48368125297743	9.48271416985327	9.41695043463544	9.40816899961782	9.42729212913558	9.38817585056241	9.43117174402725	9.37083936660725	9.41627948532554	9.45015865110211	9.39351309234201	9.12129151513381	8.95307616214419	9.46847073503195	9.33476923218231
9.52706723888695	9.50500187786808	9.58837982004609	9.47916378449119	9.50157333488045	9.50673567549008	9.3016344429776	9.39197696700313	9.35763291273616	9.28318069052035	9.32501253937175	9.29580519490353	9.48490310178596	9.40590127008098	9.34928079610827
7.73487698054369	7.76284453859578	7.75088443028496	7.62932291410333	7.62169894083921	7.68790238841064	7.61774609164743	7.52560532050741	7.62543727177186	7.46771877993971	7.49233920614433	7.28455241890002	7.31969785374685	7.77647881254681	7.60097649629172
8.96926403569457	8.97995193866442	8.94166215858938	8.97424275986755	8.97562214998622	8.94655151923378	8.92559752442379	8.91449271669265	8.9753412843388	8.8679569904893	8.93531054467882	9.06935329424773	8.9154100320821	8.99175760315608	8.98320052025448
9.06449930732547	9.12611239503605	9.06885800314722	9.06885158018935	8.97497044888224	9.07480223720947	9.01488877705271	8.9429308099262	8.97786928460786	8.98441611540268	9.03446260234634	8.72633772705615	9.15147607503542	8.90740837816164	8.89904507195354
5.69997802825392	5.72664412990081	5.57157929365593	5.77428146047659	5.54624631430318	5.64088104921704	5.95018763374633	5.86458053311997	5.87338990851556	5.9421870302632	5.99052213757915	5.72835856679429	6.14876151559618	6.11663839156627	6.01248939264429
9.16252315704343	9.16582309067235	9.13490233923756	9.16778532539584	9.19407821912597	9.24078928013276	9.19828354959123	9.1212741895132	9.11815944317888	9.12651396179028	9.07016801289107	8.99030389576276	8.92124287413516	9.06989518469879	9.12428199176439
8.82091814761159	8.80657101097274	8.74355750787959	8.83238765633939	8.91167657023159	8.9286011861405	8.91443747421385	8.91102231298715	8.89290694626082	8.8923087346348	8.83385208737253	8.8518262556679	8.62378564838973	8.88552736001954	8.93316091660048
5.69997802825392	5.73168633367817	5.66522748797525	5.88567349834986	5.6345888232408	5.67950020821904	5.87331003862885	5.8230257408186	5.77228531718207	5.86401739571071	5.7361207383125	5.79955410284428	5.87971911159906	5.89297236189992	5.89882112263612
8.71094948154355	8.71775970535311	8.62891393123108	8.70893044323407	8.72585000516691	8.6408130132665	8.72804782245806	8.69280215500153	8.7134137407425	8.69455283838834	8.66857131974554	8.18517617985158	8.81024691431965	8.80528768925286	8.65306100056321
5.94687648983666	6.00178786952352	6.02026003688128	5.85861956201768	5.85999665734738	5.90814267614284	5.81968917545374	5.84810163846023	5.83676285485784	5.90363045941288	5.79482258475713	5.72835856679429	5.77762912568448	5.74158016053789	5.75693144345329
5.9085445260434	5.83370441922199	5.73709225114572	5.67957737948536	5.85434451766281	5.58773142642732	5.65343650920669	5.69529050591545	5.65939130638096	5.6148142840961	5.7232257326678	5.88933723645834	5.66124609653422	5.7570676581481	5.65396336594971
6.09931746525016	6.13721604480214	6.27191354564938	6.00563371858677	6.16410727280939	6.12897670662868	5.99321460113078	6.08806414415852	6.09741732754058	6.12761177740195	6.15326978088453	5.97386950085002	6.09396286020938	6.05842126918461	6.06362811362862
5.94214021107754	5.98920592830038	6.06822702208594	5.95543601345087	5.90443555546111	6.01775542773436	5.99321460113078	5.94814168842492	5.9880700635715	5.93072764697494	5.93566125297867	6.11085687653346	5.88814333663071	6.04270302339864	6.03316252318328
8.86729517690657	8.9412474597411	8.78005169700416	8.91083734334447	8.90005146890286	8.89064331903295	8.93272652378273	8.88497746358692	8.87719421617651	8.84573425874786	8.88740344731533	8.80351082794017	8.58281080432723	8.92167016697992	8.84667463128441
8.8318522000534	8.92591077499325	8.78724105443962	8.93588716218924	8.92860392459506	8.87891997407645	8.96050790166646	9.03917764601641	8.96773059663979	8.90701761145331	8.90418563770273	8.96468556551855	8.75137324190644	9.01492095355124	8.90326612421175
6.4152840083663	6.38471034795627	6.36216184579236	6.43619045027746	6.29510650531999	6.29167150318755	6.61576328090485	6.45219105010195	6.57114325979199	6.56835346488357	6.57564383613571	6.36683926761155	6.72831484305265	6.71330451668405	6.50965252290148
8.7025640736043	8.6319241093556	8.83406543845972	8.58221378162594	8.80571681493245	8.72102434212016	8.54064166760397	8.58244136112609	8.60038449453183	8.54709839912753	8.5960576181937	8.64480218783545	8.61703681062097	8.36939798000489	8.64720055862219
9.92593344206458	9.83502378299113	9.9010106468393	9.69070250504434	9.74002329246422	9.79864120249644	9.6444813869936	9.7277470047486	9.66322145770394	9.61779462479318	9.65040461264616	9.68275125870261	9.81019898359289	9.58845392811394	9.68376826861667
6.08219565708603	6.03072667079796	6.19148890572835	6.03815576109588	6.06478507546261	6.07685044605087	5.98105131503993	6.03807592972448	5.95084509732559	6.16069583816604	6.02246623745721	6.33521782571559	6.00378817134678	5.8859437595065	6.0020408725388
5.95630274624067	6.02662786290607	5.98888531232013	6.02198621426921	6.089059842878	5.92967214727257	5.92818415382405	5.92867981773925	5.76450721624141	5.96857752509175	5.89406402059392	6.14772399873895	6.05956033520808	5.92418495537292	5.97023433762518
5.77644470954031	5.84770825221743	5.88072238551138	6.00973922010916	5.83151240272473	5.74165946067639	5.94393502560044	5.96352470807908	5.88060528480144	6.17695805581655	6.03644010024925	6.0143513775973	6.08909807320347	5.99449581322645	6.03316252318328
5.9085445260434	5.86617152941478	5.85609825078435	5.83568140012572	5.79066768072359	5.74773097578741	5.80941008969189	5.70903993042848	5.68433551621955	5.75995999586307	5.7361207383125	5.6534769215264	5.78064824990107	5.7570676581481	5.69991613868892
9.00209233392617	9.02486140465919	9.14562166457532	9.0339701452804	9.02682695313109	8.91650900938633	8.89266764016423	8.89253877495856	8.90092163180607	8.90213129560595	8.9018001006702	9.06453759085319	9.31730012158313	8.7448344768168	8.96850431652877
9.8820507534932	9.8229506967923	9.86161482139401	9.76551374636386	9.75642332274909	9.80156642977302	9.72196810405527	9.71813363497686	9.70832079587374	9.6560296483142	9.70232081753869	9.53913162962728	9.86088740675269	9.60220373555847	9.71611989104031
5.97032787092644	6.08692184068513	6.03788732726039	5.96392429252471	6.06967275964974	6.09602371451025	6.10673193658257	6.16992957983411	6.21057128064305	6.16069583816604	6.09770243321288	6.30288857887014	6.13466535522892	6.24032565731073	6.16077711561356
5.60733296552407	5.64348318403366	5.5223805382683	5.66923814640813	5.6146754273972	5.59448285272319	5.84674813810418	5.81880382145861	5.82184825553658	5.76856572379124	5.83933007218135	5.77620948437456	5.95382626455198	5.81371213415538	5.9540647057155
8.9522707625077	8.93578876880226	9.02142482022832	8.9195997408303	8.90416515025292	8.92793205080396	8.86063080583503	8.90255927159132	8.92382816521367	8.88440225033292	8.92406993406215	8.87676467357463	9.15060008008075	8.87534956291433	8.94753859930989
7.62676774019426	7.64469829945519	7.58229358275986	7.77644941366218	7.69475528800787	7.75432309080959	7.84381013707495	7.79561797058359	7.78213354484117	7.75140139212881	7.7590720270235	7.80112742454743	7.72783234072546	7.78973311138562	7.70779158200558
9.4926255863026	9.45969642586971	9.42870069689576	9.5265374020472	9.50202577234862	9.53732836297188	9.50424032021493	9.48327430187156	9.43172905343162	9.43332222200542	9.42076116890246	9.27093628279173	9.23951812825031	9.4506986215089	9.46040014366845
6.09078191952799	6.11807872165951	6.06393158210209	6.20859129398834	6.12237369139466	6.12897670662868	6.49258372831038	6.35925351488797	6.43800321207564	6.66839826349207	6.57084876867027	6.50114615078548	6.36344546695082	6.54491019595543	6.5781083771299
6.05612646184719	6.05507836251438	6.17564898623113	6.10108333614435	6.17775482214944	6.23657222688333	6.15084086075595	6.20271698305365	6.21343256149247	6.39285354630332	6.38121193928246	6.4577503748557	6.26333113881174	6.31552322006626	6.2649759579091
5.88899055360347	5.87075074531718	5.78483268283309	5.71519370346718	5.84297352325921	5.69843000289062	5.76045072225519	5.73615285488751	5.70885695774018	5.60524049433283	5.65244122808112	5.54719743212855	5.79863183116855	5.57247172796572	5.69991613868892
6.32353021989541	6.29210453013291	6.37262227408031	6.40845994610493	6.49733797916961	6.42656392215778	6.46445113091899	6.44672555269176	6.50260168230363	6.71370709645572	6.50199016982003	6.81955851004136	6.36142898630656	6.44556874170204	6.71241782009581
8.90797928150327	8.89923395781712	8.90006381934026	8.84106171650837	8.85117127555061	8.86360578963336	8.81848900614173	8.758826400183	8.79117309878216	8.63807197945002	8.71984846243429	8.60886924400043	8.7856313857189	8.74288867322099	8.78701117241746
8.7562177971855	8.77451577569497	8.64698948330795	8.82307748116294	8.64622194158635	8.65382080148408	8.60502672948735	8.63987521538853	8.67394353559053	8.48113306600928	8.51908318225166	8.3165459439594	8.2927114570035	8.70491120330382	8.42547004728434
8.90858696912131	8.88003492066749	8.8628093048898	8.73832496605338	8.80864578089214	8.79627709046405	8.61933442926145	8.6997146230368	8.72198431541838	8.59995593104266	8.68364690389317	8.82360174621246	8.63760621435821	8.75162419744316	8.74842840196689
9.8839060972647	9.85887102292843	9.8372614800611	9.88860465487905	9.90100436533565	9.91193396637687	9.92248990521525	9.92301563422994	9.91657795511528	9.88403044862849	9.87861983235846	9.99010075078672	9.76855404393966	9.74781466647404	9.85588707778657
5.7603958562721	5.77629229051049	5.64237741124439	5.6744169981158	5.70534602594042	5.67950020821904	5.62637473379086	5.72265991073514	5.68433551621955	5.55639799095387	5.56843709439066	5.34008145343044	5.63480220464549	5.48685984049891	5.62703419974921
5.92783755176478	5.97651350242679	5.96605036819522	6.03413030253201	5.99969353581655	5.97179241989518	6.08416206048703	6.17324200652658	6.2501225244888	6.34182891360178	6.27025438767198	6.14772399873895	6.35130413630313	6.41413859112496	6.33743256635485
5.81321367063888	5.81005905507126	5.8709229964347	5.77428146047659	5.7847374007165	5.71091365210951	5.75688938148739	5.70447129249048	5.74091876355281	5.60042974587719	5.75313719357033	5.49098080574282	5.70002729888871	5.69006905968127	5.71917200391038
6.01160476754079	6.07902651161887	6.04226076067978	6.13154848343134	6.02507685223284	6.05252049907212	6.11231975143239	6.06685199306184	6.21057128064305	6.23713707159955	6.18811885596496	6.35111508219872	6.16040416744417	5.94462514847759	6.18869223455854
5.64859685858352	5.68566105932109	5.71535779006329	5.65882450134382	5.55323663868863	5.67313483674465	5.61068057930568	5.56528702796942	5.54603708128645	5.44812983006252	5.49955428583843	5.24137384601381	5.55244168774655	5.57247172796572	5.65396336594971
5.91339197361037	5.86617152941478	5.90972824247608	5.78389894092041	5.87682170846675	5.84156114935225	5.74974028626719	5.8103228251636	5.68845139368598	5.65712944368553	5.71021474879472	5.79955410284428	5.69042901394787	5.60277896351544	5.85885494669698
9.24855990835858	9.22430783599227	9.09121039624269	9.18287626045024	9.17491136652153	9.17237998347515	9.29211904331286	9.27342822924766	9.33414792557862	9.23890992027	9.24069145379884	9.18480043187141	8.86929897118605	9.35298644864715	9.33216245155464
9.2859908428768	9.28867335454562	9.28327023169424	9.22324866815108	9.30816657111508	9.31175466576333	9.2778827438517	9.23071607419956	9.25193911804962	9.29217297293021	9.25758144362173	9.217706951004	9.36036692346241	9.27770487790606	9.20057993804074
5.8641702264093	5.84305536021003	5.79004119894817	5.73515900560733	5.84297352325921	5.74165946067639	5.81284457599937	5.76276693735928	5.78387459871467	5.83562803198499	5.67939286017085	5.67887052845618	5.65468028957162	5.55486407786251	5.76312995470634
7.34730508275859	7.55212974266042	7.33183239862954	7.55113316116781	7.28779942990281	7.3330686751772	7.5011095269095	7.37830068810547	7.54020867123561	7.32752820539659	7.49107034975477	7.108616458839	7.45071247403636	7.39184196240403	7.29105284381268
8.16231610551661	8.199903223645	8.15216650649948	8.21052593522617	8.10649924468029	8.16874675784795	8.15751761210857	8.07263718581139	8.21532356931895	8.1902528453308	8.2290760676996	8.03079422855456	8.48705305061006	8.12089593669032	8.1958448491943
7.46433746532781	7.59431405674156	7.52089313237679	7.54265070791701	7.56740127736093	7.49179011349576	7.39385617714874	7.41095585121942	7.46532572506789	7.44639828952269	7.33433731227312	7.70538592643725	7.79663783814782	7.19100953943752	7.46862999377357
9.72220615608595	9.70724919842841	9.61617222181022	9.67881600653832	9.69996433511485	9.68363757242411	9.74397495658227	9.73056231836999	9.66714283616064	9.67104437088057	9.59093409573792	9.77849435141786	9.54146667693704	9.52192918345263	9.66068259120274
9.77781163414527	9.85222184243645	9.66275737985043	9.74285783926632	9.73194570870413	9.76943156905217	9.78591339884416	9.78222133526179	9.7665031060229	9.79140797251719	9.75666407325202	9.4272890498416	9.59353436538546	9.66751537120037	9.79244429217565
8.75216068819203	8.79032999030692	8.57857096640613	8.73336374682783	8.64047987897928	8.71094674415111	8.68741475334166	8.74719620990058	8.74095994465101	8.5583229811977	8.6031228521181	8.51667905924501	8.3462304889052	8.67307753054068	8.59248591262249
6.08219565708603	5.95941501852461	6.05962333663708	5.90343225474401	5.96863316421423	6.02777393015718	6.03793646273571	6.01979551777008	5.93706749814814	6.03073152985262	5.95418052366543	5.82252787921875	6.02176839575161	6.03636754379287	6.04847559567868
8.92309520818763	8.98683091644151	8.87082985082875	9.04852348398224	8.95131096966233	8.93460947969916	8.96399158629096	8.96126326959069	8.9866825644185	8.94362247944192	9.04228133287151	8.75651017043853	9.02430612969849	8.84755065791595	8.98253574862173
6.4457338077096	6.46871507367398	6.43716825734522	6.72308847620167	6.64223815563331	6.53945540318893	7.0753470537409	7.10740697417541	7.07935650488174	7.36777681143046	7.30719772150367	7.3173048815966	7.26355356862964	7.05806683897817	7.1466327173132
5.70557602223663	5.79086040117473	5.75850498097315	6.09722963099485	5.74863584908107	5.78363441349144	6.11510557661861	6.12957656336068	6.17578646965338	6.2340314810016	6.22520119581352	6.382394105681	6.51082385806391	6.13454591389297	6.26059847234259
6.86422255513585	6.88128913027174	7.08269453772959	6.91710000798314	7.0877600215989	7.03803631644616	7.23250097531028	7.15344176106135	7.21979852383671	7.3930704617881	7.36236441930933	7.22538371664747	7.46299462321204	7.26472571884666	7.31236795254916
8.67568411422461	8.82971213342537	8.59579606233378	8.89259506168448	8.6543854471516	8.71016862082856	8.5960741899373	8.5761946295702	8.64188984542155	8.39262796906968	8.47675700344958	8.38381230214365	8.4051986928493	8.70640971270476	8.44490396279378
9.20568838376868	9.25619268328421	9.34214805034455	9.07915365353427	9.20856531358963	9.15932664636085	9.05899269650816	9.12897660183295	9.01690700471069	9.05962941620502	9.0392457484447	9.01547525294288	9.11870470356792	9.07802146950782	9.06585800146351
9.68686342956256	9.63329755553579	9.8002659684472	9.58106065621097	9.55531342013224	9.62745880819161	9.43312808056671	9.45393355209219	9.50833832542954	9.48358043375069	9.4843219031754	9.40650765226428	9.71760999996694	9.45990821156818	9.54117189464519
6.13296421992784	6.12959150393464	6.09794282984785	6.16507109626311	6.16410727280939	6.14287256534813	6.13170867158809	6.10896942134084	6.14913699643938	6.34182891360178	6.16603963843	6.35111508219872	6.10605365500686	6.1286013648322	6.09837810379846
9.06939891023153	9.02331810188675	9.09648173781892	8.90808814429733	9.00017115228475	8.99399455406801	8.94609704961064	8.98125807702751	8.88439841850004	8.72862453692266	8.83934742341111	9.01796840222124	8.69039644759878	8.92080981776455	8.92764579375017
8.9182753209082	8.88230693657079	8.97524333440233	9.05599385970188	9.15721096991355	9.11239239594577	9.18408155665113	9.13068267894067	9.20307876086958	9.21664810264195	9.21555621051416	9.35221796206372	9.43541214126431	9.06484159282021	9.18794832307203
6.40498971448953	6.42265025358037	6.48616306268844	6.49889638497237	6.63895187881425	6.60452310681415	6.8071549918008	6.751642897537	6.93594376868131	6.90945901268502	6.77643186767493	6.80808326013486	6.56615691804184	6.78878224886437	6.69305077201663
9.34240248769892	9.37025698929415	9.2961562105629	9.3437082571747	9.3514905911211	9.34622031923536	9.34769970483038	9.28266525964171	9.3136138070684	9.30925307592314	9.301677981395	8.89315397655812	9.38465972591135	9.40805169837972	9.24947616962409
7.08883443280806	7.18531435868829	6.97464971264701	7.26006158027876	7.12582721007603	7.11763832511138	7.33409631230376	7.2334109740138	7.36590317573135	7.37060920967118	7.32582192657324	6.79651605950767	7.21522441051431	7.41034707244005	7.17948266801073
8.94280877114587	8.97410553689793	9.00694133005872	9.0379995444572	8.9075842808043	8.95774006598878	8.92281559453382	8.86205281205399	8.8817010565127	8.88440225033292	8.87286168542837	8.74752450691647	9.00988795478159	8.89344280986718	8.88559634613985
7.93901255080456	8.02072690518034	7.94570668226144	8.01793322113383	8.07278689175716	8.11685016704445	8.34374743906445	8.2185421762187	8.36574174172149	8.5969352711137	8.58895761549868	8.44808175195438	8.62378564838973	8.70990019376291	8.46883393099411
5.8028032937349	5.78602065029269	5.68772232458049	5.93830844704639	6.04009557761121	5.94031782971823	6.29295022245412	6.38233905489184	6.3703793375807	6.52071294074472	6.63886533833761	6.6627559973631	6.51808388756162	6.55159247995457	6.5781083771299
5.43614793893221	5.47337278827784	5.32139292861125	5.62177500684398	5.38324869325846	5.34518931964362	5.57473386665033	5.58032212186981	5.6425196905871	5.56629922561846	5.63877479665902	5.17162716578402	6.17883944357733	5.93103051542383	5.75693144345329
9.68615475679579	9.67419336104031	9.66417810864699	9.8062459508812	9.63337985291395	9.64751343403371	9.58287758768143	9.55903540437118	9.62690418873258	9.44109138967823	9.5071002536737	9.36598310720053	9.69995480028905	9.56881659859053	9.52802007656731
8.67282529203572	8.66132759585499	8.7522670862391	8.65025687262036	8.61142168749383	8.61277581464203	8.54839755075663	8.6187565121765	8.60856414579042	8.60838028814913	8.61831319041535	8.27128760552313	8.5303485854513	8.5229902408485	8.59943979859424
7.81225418115675	7.84667367831865	7.89941133028889	7.96283500160881	7.8619824059741	7.87864081638864	7.93892505373771	7.76518968982295	7.82768871636775	7.84399203934424	7.798587394712	7.6486016809664	8.13454123402711	8.05577190562436	7.84137090013956
7.70720313178387	7.7241052023457	7.66975719521917	7.68047992680081	7.78228074536117	7.69421165826216	7.88930410206902	7.77394915756063	7.89966814624213	7.87624075954322	7.71083345691434	7.49959287430776	7.87862552486267	8.0921443653241	7.86608793129786
8.43624536109355	8.53200062077918	8.35138730851778	8.60276174890269	8.48712996817626	8.43110193451103	8.51606634705621	8.44178845775524	8.49431684528282	8.52501962496076	8.48888661591474	8.40682395031378	8.76250105352996	8.3413810707169	8.53833077254231
9.94323811228629	9.96585020606263	9.88343077543736	9.84413474438738	9.84682318459804	9.84651913855538	9.90949996130263	9.86986846882652	9.88684465777528	9.93396010064426	9.89334432307809	9.85439367091826	9.70652634005668	9.80768124713153	9.8602361698956
9.16557695413831	9.13994592646637	9.20588039060953	8.9982244324501	8.9353196457174	8.84174702259989	8.77903995425183	8.82723107352918	8.80594989944194	8.78810247950078	8.76622166323395	9.01796840222124	9.00343333304356	8.78557428467567	8.92764579375017
7.16200225397521	7.2377076318174	7.16927341238424	7.30756049930124	7.11403871283998	7.12232444598448	6.97764893238102	7.05087493660626	7.01682344064766	6.85993299953121	7.02458707383423	6.8422389217089	7.13010581046897	6.77361804946412	6.84116623005199
9.62830242802033	9.60880936859	9.68217081908263	9.5207900590659	9.53511844127483	9.55477067833169	9.40577963650456	9.48093550074243	9.41254684019341	9.44378393168645	9.48495951555728	9.37573556074493	9.70851182041852	9.38296994069495	9.43826874934768
8.9872106129683	9.03510811503409	9.03686151632767	9.20723501919319	9.12819628433247	9.0717765156419	9.04407499441965	8.9967761644342	9.09777232787118	9.07751061777689	9.06207212440548	8.84902852252899	9.1106194516618	9.12956896360861	9.00300255679604
8.43286985239224	8.34203738005606	8.64411256978271	8.29880776090011	8.43026362460247	8.3966955451268	8.28739512549507	8.41473761046792	8.24361000521504	8.30056658417102	8.27108336376651	8.43321506278071	8.59659878991879	8.09748393759574	8.4126961630027
6.03403704686364	6.00178786952352	6.07250973235899	6.10108333614435	6.089059842878	6.1055157867978	5.90905374714507	5.97495548597425	5.97801249997236	6.08343794931051	5.97246553811879	6.14772399873895	6.17195375128483	6.01719274653612	6.10327486882844
6.04291336888758	6.22927561388988	6.1229360279019	6.14280932643808	6.12707072927468	6.12897670662868	6.25049916440785	6.19295865303266	6.26949935076142	6.35045918374494	6.49187959748251	6.42807802124165	6.35940968642367	6.35679853632893	6.433906029266
9.75906436881056	9.67288149265913	9.76395413208059	9.67137743611095	9.74270580142658	9.75667598738918	9.82900390817337	9.91833151590103	9.78201591015384	9.81265540258766	9.81741220600155	9.84740152946383	9.83676458154867	9.75169047479109	9.93085499124337
9.68792578644027	9.65837165641735	9.74762913871082	9.62792852638439	9.69680590652273	9.70527625812215	9.65505657987283	9.63041296045612	9.65323933221741	9.61660194163318	9.66031755690716	9.50576933850729	9.90068006468445	9.63614669072858	9.58737491913996
6.08219565708603	6.13721604480214	6.00689703362631	6.02604559225347	6.20466915577817	6.1243148972361	6.37428345089667	6.45491606148875	6.15807488098991	6.41496511872002	6.45071419461631	6.30288857887014	6.24376194609346	6.1869741405736	6.2649759579091
9.38188766765524	9.23501460616011	9.38929834309146	9.42018241622618	9.4879338106002	9.48642863345169	9.55901668101081	9.62890479943994	9.43816885850611	9.53656773628359	9.551301252629	9.53217181615637	9.57275785235238	9.37576774462621	9.65777073335618
6.37013561043359	6.204084663309	6.31231911896001	6.54773665145469	6.5331799199495	6.65065847771899	6.97611659642015	6.98451191094999	6.93247340826162	7.15919406184103	7.10308827509303	7.11794171901356	6.79857318908831	6.56706525547411	6.97281386002537
6.16584526772037	6.08692184068513	6.07677978802223	5.97656397788011	6.12707072927468	6.23657222688333	6.25303111879057	6.2784977682461	6.03733414473316	6.7336411940614	6.61110807401673	6.99174433440678	6.48326895704954	6.47632939426045	6.49481774552514
9.21308668747982	9.22161868203148	9.2943223880244	9.10962571125376	9.20967370321129	9.21469165201783	9.05971645852473	9.10964291514768	9.07276365572821	9.00050743429433	9.02878927235108	9.1189708108692	9.01214026741109	9.02135665419483	9.15410676307009
6.27913289066065	6.21493461536146	6.41709523730235	6.32522236025474	6.44184975258197	6.28750691518971	6.47966751993837	6.58250901429509	6.43064392887079	6.67985947414166	6.71907204908757	6.77309983153158	6.46084009481573	6.40432853067932	6.58862657529563
7.14353903351537	7.1000509726493	7.19897745996315	7.3191949116067	7.40273137104174	7.5151417397961	7.85385915691082	7.9368705400044	7.8088818692356	8.23212835386801	8.06479226194473	8.49894096249087	8.0562561654205	7.66067537083558	7.99164511533652
6.81581597168232	6.72807900262235	6.8994567634538	6.85223497270148	6.96713609813074	6.93526520722048	7.25920833087852	7.22065369612409	7.27838718557682	7.71508854956902	7.42616145538036	7.80112742454743	7.15244414787558	7.1563484942945	7.37651228830821
8.31221623222177	8.26577537752165	8.46252244076216	8.57876048768988	8.54886327885803	8.5960251903536	9.20254979760116	9.29222468954991	9.2400537998377	9.44580004559926	9.35810404116733	9.50754461567666	9.30239112363325	8.9686326187908	9.22439198599838
6.49185974427697	6.34245193047145	6.57339714109754	6.48421149563875	6.65530896935345	6.73261325917064	6.91505000729785	6.99391348982762	6.80922406148217	6.85184873526119	6.98547816666897	7.2167294802768	6.70464487871415	6.5426758782176	6.75038949400473
8.61442602554793	8.53849775460839	8.71847699594685	8.79597112774558	8.94998510840653	8.96754076772429	9.25468195148858	9.36324045223586	8.97154095894004	9.23035829676582	9.26947293012924	9.23495494755352	9.10580672238939	8.85837515565349	9.09813013812503
7.99387246400088	7.75542732776747	7.95269902426841	7.59691577703248	7.76880903685615	7.7330316046637	8.24729564728854	8.31922433197596	7.91821282330235	8.26218429803104	8.19441088494003	8.61546942369639	7.77102873724346	7.97519118419809	8.10103393355918
6.45241411735408	6.43198151626127	6.62389899651144	6.59497884755299	6.71270598784066	6.60117061936388	7.15335260054514	7.27873314017426	7.00530704501384	7.59063707604544	7.50496678141458	7.729923417813	7.25488597594327	7.03121885041035	7.50796186641357
8.73444684040161	8.64469464876349	8.71573928905723	8.6847188851782	8.73511664692792	8.73944620043655	9.11647177342488	9.23825289622268	8.96305977923449	9.01958306801272	9.11822294071222	9.0499932768229	8.84892254887746	9.04326295028564	9.15999843852697
5.7550064215985	5.83370441922199	5.58960612859199	5.74503926553984	5.56711683280812	5.66031946455602	5.93765525559211	5.79750734077781	5.86249887940757	5.88791523058292	6.03991255657131	6.05373022828153	5.89929982243759	6.03318935868062	5.86463248231452
7.01852854184713	6.93260477237978	7.01082652107186	6.91271893811	7.22780252811285	7.10348797317094	7.14519369079291	7.30465426360843	7.07778647785705	7.54873375223153	7.35958607672593	7.71770682953552	6.98042394469204	7.03916729170437	7.27377114256351
5.83381226387246	5.81005905507126	5.69883993658077	5.95543601345087	5.88793061494012	5.96137685081401	6.37195552797483	6.37947346153463	6.35750134592657	6.39285354630332	6.54418742208679	6.51532636815044	6.45517802349579	6.29708763069663	6.39048732864855
6.50477242579856	6.5509586420777	6.5179264727358	6.91491113519131	6.75582205356224	6.83035091537974	7.46550871504753	7.56903061385066	7.41273882144471	7.67440365491889	7.71083345691434	7.78365311541703	7.64732500774639	7.32968300706401	7.48749321217938
6.54283178788428	6.39428917140169	6.45696609359024	6.75034970666533	6.85546492001734	6.82173411992555	7.46550871504753	7.47949445104095	7.41273882144471	7.71397376686856	7.50747909033526	7.61606177541907	7.31761838710512	7.09361348515197	7.54984413731511
6.04291336888758	6.08297956823617	6.05962333663708	5.94689759649862	6.07939881260054	6.05741936744778	6.00527638479371	5.96352470807908	5.88778483240012	6.01995559503573	6.02597238998727	6.16581070257064	5.91861888420847	5.92418495537292	6.06362811362862
6.09931746525016	6.0671020436866	6.17166172226593	6.03413030253201	6.20910653197715	6.13362352395111	6.1454003223971	6.1431531758593	6.02436037002412	6.20577658637716	6.18811885596496	6.33521782571559	6.08177004692657	5.95473787616434	6.09346468873803
6.02510587198201	6.07506261176959	6.0113651098518	5.98492944624262	6.06478507546261	5.98213347518901	6.0467171397884	6.14989394149495	6.05338928075896	6.16396295784721	6.12738641428865	6.4429904051515	6.04456193868806	5.98465837923872	6.17944699372348
6.00707622718572	5.96798954211183	5.94751907878937	5.84029823425102	6.03510665694801	5.91894748877105	5.82989571331915	5.89297426817572	5.91615172466527	5.84379631201557	5.90171671996487	6.25299614345877	5.89651876143515	5.88241660361907	6.0072745741963
6.26781701665578	6.17474666571748	6.26444408686874	6.29188566958666	6.29927498775675	6.3725368574717	6.67173225337846	6.70889897829796	6.61509432626829	6.9288032201814	6.97644002700676	7.0802736218301	6.64951126678666	6.58888550453017	6.72836089955486
9.16252315704343	9.12994180902796	9.1797952867041	9.02130524617918	9.03685339081214	9.04178372019436	8.99761824947013	9.0554361311427	8.89914443427741	8.8873722618642	8.96257705708149	8.86849967191773	8.79985521016514	8.88376245802416	9.00758418526634
9.12797596011321	8.98260158230489	9.0747457560362	8.99096776995268	8.99053059673304	8.92592278072951	8.9488344900893	8.99911289675107	8.92120358930039	8.80023476377278	8.82733049761388	8.92538440140203	8.7796001989647	8.84437815399988	8.89127425481233
6.07355807263236	6.02251739773633	5.97522767966425	5.98909409452756	5.95812959788203	5.97179241989518	5.8366602693745	5.92082111067958	5.81433287298626	5.90363045941288	5.96152230813444	6.0143513775973	5.89373234058966	5.87888082218522	5.88182785310146
5.94214021107754	5.7664980531284	5.80040229390756	5.89013367896532	5.96339092129767	5.90814267614284	5.98105131503993	6.06328616455501	5.87338990851556	5.98344426915937	5.99410654641816	6.07302445697424	6.03700396351357	5.8682213010822	6.22059247335819
9.30642493853471	9.22609782465186	9.42451515212635	9.2298689159029	9.2857439751876	9.26058885949332	9.12721453734386	9.23746139809517	9.1314663982433	9.13361876948009	9.17345713573984	9.2519991754087	9.38142762896557	9.02135665419483	9.23112386063378
6.02510587198201	5.90687155081795	5.84111993918038	6.03009360054149	6.17775482214944	6.08166766496868	6.39506761199605	6.51360104082007	6.16990669834837	6.43403887535902	6.58280671139175	6.11085687653346	6.38146821193259	6.11663839156627	6.47227585873612
5.9979763568842	5.97225780545219	5.98434709165401	6.11639619724992	6.12237369139466	6.01272001341759	6.47316583334463	6.59491658571237	6.32347109001701	6.46616183566704	6.51203044359682	6.50114615078548	6.61606817919453	6.31552322006626	6.46468301777132
6.93749512386308	6.86988798648449	6.93283665361716	7.35354573902834	7.30863644171757	7.42128137960459	7.87703823062874	7.98104043725004	7.92259331313654	8.09840375982126	8.05795247036614	8.11238405518302	7.85372548972728	7.85603888788028	8.09980847115132
6.55219192698894	6.39428917140169	6.42046017550598	6.51632337276713	6.60567104105801	6.48593131733071	6.90058311501504	6.94628098476209	6.75328263681555	7.26039490387242	7.21491003419455	7.38066076023161	7.19724101635999	7.17233820489807	7.48374024313668
6.09078191952799	6.18949013236419	6.11049346470646	5.83104977864521	5.99969353581655	5.98727639122481	5.85676611772467	5.94038835287424	5.74487698217415	5.69373143074393	5.73183516228212	5.60131246703483	5.7377960325627	5.59418431335934	5.78156768306191
10.1828753632354	10.0649413880679	10.1530152101287	10.1342269349473	10.194018379142	10.1773057276904	10.2327683255821	10.3633391906051	10.1062533015552	10.1772509288352	10.2660834666279	10.286366485497	10.1809142910191	9.99488564200451	10.2239173325992
5.79231743579446	5.95941501852461	5.97522767966425	5.95968638346677	6.00480598730604	5.98727639122481	6.07560663994479	6.06328616455501	6.03733414473316	5.94598672681424	5.93566125297867	6.07302445697424	5.98558145348481	5.93784381243417	6.10327486882844
9.87242661468392	9.75297378734487	9.86316200092337	9.90689737064801	9.88478912213635	9.89080031778126	9.83154886375438	9.94863082402833	9.82617568861481	9.79642010255295	9.83677317607822	9.69526715702429	10.0116185534877	9.7625356910655	9.90266953082982
7.02302443061134	6.93260477237978	7.0548085458126	6.92364678100949	7.21902424336295	7.02057148968848	7.06385109989629	7.22225453661838	6.98702213023335	7.14437604585081	7.22867836826035	7.56923678447563	7.00518250417652	6.94246519370578	6.96744975040673
7.58935864507228	7.39871214513121	7.61791768682694	7.66493159440556	7.75217095434191	7.76335270906396	8.10799591180349	8.22174717407972	8.05058459389745	8.09241070582603	7.97687208338032	8.29203573061766	7.67520443156306	7.56590946505493	7.97302559404752
6.53341057763776	6.50748283163947	6.64130966432865	6.48125651234449	6.66180026763125	6.68906261862262	6.69053957195618	6.68820148697518	6.54638749524577	6.76411282816427	6.64344010793789	7.11794171901356	6.49251246913062	6.53595210612749	6.62994948816683
6.57991370242517	6.41952638622754	6.64419113904085	6.67216398238204	6.77989371505486	6.73872890380721	6.86293967982043	6.88696620885177	6.90971038036482	7.07313962425324	6.93784943267809	7.54178123397724	6.74542944591561	6.86588156424891	6.86443932719083
6.55219192698894	6.4656893808146	6.51162943947001	6.76013662055997	6.70957642928034	6.77488850145294	7.01692915566567	7.09522841062013	7.07621474108687	7.38047905245557	7.2558271324824	7.71155952854083	7.04468794971701	6.98916623479141	7.20249740642276
6.26781701665578	6.14857794506011	6.23799256965451	6.28850929094189	6.25274640014023	6.24947525430332	6.65841982051529	6.66485081686663	6.46707095570128	6.96673085843083	6.79505628395079	7.03176248733891	6.54498846370661	6.44317517446587	6.679993548715
6.75766002972096	6.73312130084344	6.89220238538884	6.8794300825393	6.96451272200821	6.9616520974596	7.24145845583538	7.33011800326478	7.09496355030201	7.63489626159285	7.46157441109258	7.95476018566826	7.21298870291328	6.95931812315636	7.24745425783663
6.60111303150276	6.7000270966531	6.79441975332351	6.58400129152184	6.83263075976648	6.75993191593483	6.76518599695426	6.84186534580486	6.83918484916642	7.15755510872166	7.02809043823635	7.41132527416693	6.96854630728305	6.86766799508538	7.01762142725183
9.70516778620309	9.67288149265913	9.7629599338052	9.64948736813639	9.58551253835062	9.60628525999354	9.55876070813852	9.66878824843584	9.48572042534627	9.46911552980579	9.56191648597359	9.39696169073049	9.61655578845598	9.43632160185921	9.55599335472236
6.23720068941911	6.26451736240269	6.39673928376665	6.26121033366147	6.36835831915073	6.39206506554073	6.32218186113902	6.36215946762587	6.30749025326086	6.49499306480458	6.42703234613022	6.63704617684288	6.35333479232497	6.40432853067932	6.37436937764537
6.61010403401054	6.65291471260302	6.74963216542621	6.63807301533775	6.69065526073043	6.71720983513794	6.57383530003138	6.70889897829796	6.530409934978	6.56835346488357	6.52448340420688	6.85344688156455	6.44949366506477	6.42145265211354	6.53162279104831
5.95630274624067	6.00178786952352	5.96605036819522	5.90343225474401	5.90443555546111	6.022773359729	5.9657018458921	6.01979551777008	5.90203784954149	6.15742131402205	6.09436625493567	6.21875072801582	6.02940625560463	6.00426674556804	6.10815509610988
6.17798526959559	5.95941501852461	6.3014110310922	6.28512500180102	6.2613183786922	6.188249988078	6.18040305415625	6.36215946762587	6.18164240947253	6.16396295784721	6.17238249111233	6.23597490832571	6.11804412166476	6.04586037865967	6.25180350366372
6.68292838573283	6.69744968712014	6.66986885063488	7.15082851421572	7.13285436524032	7.02808230729886	7.79335815949166	7.88626515644998	7.70692756164673	7.8470461609179	7.90341689758245	8.17627548203957	7.89336186596725	7.74959927554286	7.96766129819745
6.65133725650872	6.57642936504154	6.62972591163272	6.66697132787737	6.82397396153944	6.8101644609164	6.92302495682271	6.93851176718866	6.87758772213959	7.11427563655336	7.09141441296387	7.15465166158224	6.88395393151735	6.85150996539776	7.02280261176767
6.06050411625809	6.04700663762064	6.11049346470646	6.10108333614435	6.15952929134525	6.14747497862276	6.35319582151933	6.48455664118847	6.2248213499313	6.47144687350675	6.33389009257618	6.55705017567872	6.35130413630313	6.31027987468476	6.46087157390363
5.90368077067756	5.88440201493735	5.92401582334181	5.92532827250004	5.97906095757417	5.92967214727257	5.79211423812063	5.87681761597276	5.85152519452607	5.88791523058292	5.84727720339761	5.91093819089371	5.91587477360858	5.92761178732484	6.01768546340704
5.9979763568842	5.86617152941478	6.03788732726039	6.104926791265	6.04506733580733	5.97179241989518	6.31735081824074	6.28157063973974	6.24733306660471	6.55098402715263	6.5195150997331	6.28644849828558	6.50718010937187	6.50644845079471	6.50225418415717
8.01208220414377	7.8845651450499	8.09958413910913	8.39854558871705	8.5052971563468	8.46562929270991	9.03710926047324	9.07992699624419	8.92557523372545	9.04950060723283	9.0453105436873	9.36009983371762	8.79201201607664	8.73115841817259	8.934536409458
7.11012074980133	6.99270962197529	7.20093616024976	7.07835054616551	7.28148920378757	7.2498577485804	7.42564279698981	7.54748131382327	7.32545724317906	7.46108990210054	7.34841890524489	7.53483493988775	6.91040817415164	7.03281204429287	7.14900410076323
9.57685320286472	9.50057179600273	9.65241504070669	9.43171382600752	9.48290016539084	9.4927770640209	9.38051204281097	9.46242607533467	9.29919879670317	9.31661659898771	9.35879993456577	9.26884439297791	9.42506544425624	9.33533844716778	9.39145900511455
6.53341057763776	6.42887778967696	6.55207769648851	6.68763082044101	6.77989371505486	6.64415728333745	7.04789314949237	7.20939781525115	6.90794441895444	7.29807603655129	7.32154531685211	7.47076610305195	6.92959515232183	6.80192149944837	7.06610753431438
5.95159730139316	5.94645710661949	6.04226076067978	5.99324677776997	6.17321994771723	5.97179241989518	5.95641331351999	6.01241811756209	5.84416286305414	5.85999573816691	5.8433090972998	6.03417491843109	5.85414787717687	5.66975827211101	5.87038702435115
5.93262084502878	5.98498749117755	6.03350061922594	5.95543601345087	5.98424677884864	5.91355517637818	6.03793646273571	6.03443829812192	6.10667988402749	5.99082069123335	6.11097065224609	5.97386950085002	6.04957871912475	5.97143677858305	6.14661466314666
5.81321367063888	5.81481915849765	5.76909363832402	5.77428146047659	5.7847374007165	5.74165946067639	5.6419005172192	5.73166917607917	5.63827087076839	5.51098485051664	5.67046464630523	5.84514238436952	5.75938082786731	5.65743352370307	5.72553408746833
7.13525672541684	7.06248147072094	7.18519161595865	7.50966472184336	7.58800307136275	7.5151417397961	8.04067378893462	8.07618282120479	7.96992088320835	8.18623885997528	8.23818116165156	8.44808175195438	8.22164346109263	7.87392901326812	8.28264933756171
6.69987292783298	6.6687902739108	6.527320832108	7.04870796138922	7.04866153685683	6.97984003860763	7.73111782416144	7.82962512936149	7.6329414037531	7.8642317945406	7.94107661078655	8.0159045843714	7.83203516656839	7.6262592397884	7.81473005227701
5.98421822088303	5.99760604667703	6.01581941611685	5.78389894092041	5.97385646425793	5.84156114935225	5.77108243305259	6.00871524801794	5.752761073112	5.87999309253327	5.99052213757915	5.93222114629225	6.0115213869914	5.89647389127836	6.0072745741963
9.17469975241377	9.01246850911335	9.08114147368406	8.9391226974614	9.0097477157571	8.9570843125905	8.86229114129351	9.0088860521735	8.77624338514019	8.74399857703776	8.82582131972088	8.85740549850458	8.63008414055052	8.67919548663391	8.85323493910597
6.06050411625809	6.0671020436866	6.01581941611685	5.96392429252471	5.95812959788203	5.9350047878869	5.90905374714507	5.90497436567811	5.88060528480144	5.94977646210154	5.93566125297867	5.82252787921875	6.0744046708409	5.89996696086107	6.06362811362862
5.83891639084854	5.75168121162249	5.54718889938944	5.88119951619124	5.71784729664974	5.79540686628475	5.91865059351396	5.95200281745601	5.91615172466527	5.9075327202127	5.96152230813444	5.91093819089371	6.00378817134678	5.96144060389861	5.91004001109932
5.91822322214283	5.77629229051049	5.90493416464885	5.73019345336818	5.73639895092961	5.85287316795069	5.82650153184468	5.92082111067958	5.85885023012045	5.62432515861232	5.81926903968546	5.77620948437456	5.89094053924626	5.76857541890834	5.96486453242394
9.5079454701015	9.4359188492307	9.50163820632674	9.3359558162182	9.37193190924123	9.39157724316444	9.29335036905523	9.42537441325081	9.17103458311342	9.24586919589094	9.30203984809818	9.06935329424773	9.26672287732763	9.20747886025944	9.28711098138765
5.49548693627856	5.56657803260241	5.38466974406736	5.39596149388763	5.33541642148379	5.39241649862422	5.45243214719723	5.41128335076354	5.37281707263026	5.17177720507959	5.32859991109568	4.66365921484136	5.46511148127896	5.10693403737974	5.12917573796659
6.15769489051459	6.26103162542671	6.21879762937824	6.30865018613287	6.26558536847577	6.26650194780681	6.41781565417127	6.40787670844037	6.50260168230363	6.63109873861406	6.60642953623933	6.68801598918435	6.3411078096656	6.40432853067932	6.43001237458046
6.44907782527295	6.47775430017762	6.52106472164424	6.48716044450957	6.55077269893324	6.50757959978824	6.54931822778963	6.60966628692211	6.51657274808655	6.65452362006864	6.52200138875386	6.96098534684382	6.39926882463625	6.36693566233344	6.45705004385244
8.9750776816349	8.82676598335879	9.00861994160525	8.66466192039592	8.85542650743295	8.89749516607032	8.92122350857917	9.01721067058883	8.71896521688601	8.89132279040159	8.95247003636817	8.98521649236399	8.95942608923035	8.52128846608529	8.87345608169239
6.16584526772037	6.20771037541926	6.25693580435589	6.08171120893742	6.20466915577817	6.17478577436415	6.25555864311948	6.29075022659207	6.1431475419934	6.33894065934463	6.28496518784011	6.51532636815044	6.14642168484715	6.25677222613902	6.33326955464727
9.63088259096575	9.62280494465113	9.70926223414864	9.55035877646007	9.70939834441885	9.71733109576376	9.59740579852077	9.64868669123853	9.56548126506132	9.55847226724363	9.57814257979465	9.51815064739875	9.78256968400157	9.41173070603928	9.66358858381667
7.64292541102707	7.42544135041327	7.70054381472012	7.83203797230719	8.09094498388394	7.85067081560462	8.69535401971747	8.83823604905753	8.50662431125459	8.96111265257728	8.92218795492708	9.14201156183649	8.55395001962619	8.70491120330382	8.74842840196689
5.97032787092644	5.95941501852461	5.97979457748483	5.96392429252471	6.05495983348698	5.9027098366594	6.0467171397884	6.11587117405331	5.86613834495161	5.95355628811373	6.04337668962177	5.79955410284428	5.95916747767568	6.02040626449253	6.0786234032789
9.60149229148316	9.49983212467981	9.58763131057029	9.48064486986866	9.43204844962193	9.5138876234729	9.42753149450469	9.48993577462836	9.36827041649044	9.33812256266447	9.41976110470879	9.32025268355382	9.34946569166089	9.28875052771905	9.4069013242472
9.87429436858391	9.73391421207074	9.89769295287224	9.69549359477599	9.74461883013097	9.73771049638589	9.64351615087794	9.75011717137375	9.55733452557154	9.54034649684911	9.62950722980373	9.56152190606273	9.75497739206098	9.4028236587678	9.6232154084582
6.78703083596979	6.72555123389684	6.63552940510774	7.2055830534454	7.18562177632935	7.18638094737513	8.07257767530091	8.01837976488152	8.12012717514682	8.38213847400471	8.40580262309589	8.34064672561774	8.49213324007946	8.40367096542652	8.36146172561499
7.74034862545237	7.61904511453298	7.75355615028495	7.89780994845627	7.86479930542703	7.90879425268529	8.3300143496315	8.49109807941024	8.21960204960853	8.34012359718611	8.34318305259819	8.34859167915738	8.16493479996631	8.35545752996345	8.38378634318187
10.1260057381076	10.0307850244166	10.2088412460559	9.96466359781276	10.0220338394341	9.99573918240324	9.92248990521525	10.0066881320552	9.85579861340262	9.86783135515268	9.9296282967098	9.76668292018908	10.0702342551742	9.84693479026508	9.94286556498729
7.25093323399929	7.15557224050692	7.30840380783897	7.7085572284868	7.61836454241069	7.7588449631634	8.60700866115986	8.68062506691513	8.35799977273731	8.68775444677551	8.72309491173834	8.75052595059816	8.31789956552559	8.38007864133018	8.61238868096306
6.02510587198201	6.0101153919455	5.86105674000476	5.8676939015575	5.86562678914408	5.87523513045139	5.89291606740045	5.94814168842492	5.87338990851556	5.9114244766182	6.25837692237261	5.91093819089371	6.07686396964428	6.08014350003663	6.25620768126933
6.51118572311342	6.3911032839538	6.53043875232684	6.630090225508	6.56122639053279	6.67955692948197	6.8071549918008	6.89702281671543	6.8883748978269	7.06965810840088	6.95082794109377	7.08978321169697	6.86841376177835	6.96933623200666	7.05603441377419
5.85915462050722	5.79568401057388	5.69329180941337	5.67957737948536	5.6079762711484	5.83015994115704	5.75331925061957	5.67675229079242	5.71290375926517	5.68011396063555	5.7058516200273	6.0143513775973	5.72217871644859	5.81000408152415	5.72553408746833
8.9575659884409	8.91318966768418	8.93048925181216	8.88198633902872	8.84262297459077	8.87336996943861	8.73304742717532	8.81667152061188	8.78829550858266	8.71809806291389	8.83034412564184	8.79771880085484	8.8621820762478	8.75548973961803	8.68936279485364
5.87911349250779	5.92459908266166	6.0291005558905	6.07388905374228	5.89345322352692	5.95088568844813	5.99925807497387	6.07749698896094	6.03410160308625	6.37604483269504	6.13714709275808	6.26981915409074	6.26764408062712	6.11061955799625	6.27369133297082
6.00707622718572	6.08297956823617	6.03788732726039	6.11639619724992	6.13641924595073	6.06230168563068	6.04963221676135	6.12274011807196	6.09741732754058	6.12761177740195	6.02246623745721	6.382394105681	6.10605365500686	6.01074419605527	5.99678815067538
7.76337438202243	7.75790397016243	7.61498237332205	7.38235220918983	7.23435137810406	7.21298665912618	7.08675216475406	7.02359351388291	7.06674820628204	6.99820383906604	6.84556447983835	6.57069442628994	6.45517802349579	6.67912735449602	6.75350917500643
8.91222772946211	8.83382666244178	8.78070675734628	8.77439641331362	8.79615640019188	8.76888893721183	8.78517969131102	8.83510032666866	8.77382083179683	8.76244945531156	8.74028700264143	8.68300730485183	8.58237779938242	8.76126870284515	8.75155327935759
7.86705507625947	7.98417489629842	7.90182193393046	8.10308926779145	8.05069116707359	8.03346312810086	8.17899320635157	8.07086109537509	8.17182613820239	8.14712554979911	8.03810550902359	7.95476018566826	8.03616083543731	8.05498797377214	8.05751108409107
7.96144172907515	7.91262259386952	7.93633053425327	7.89780994845627	7.98100057530718	7.92363791152636	7.98384887068667	7.82541780874819	7.95887365766422	8.12548795543421	8.03549653116303	8.1216864540329	8.21941739749852	8.05263361940803	7.93642347035764
8.63145930495878	8.67252945408969	8.71779305609623	8.64101456896934	8.65763795962383	8.7417324814028	8.60750371896644	8.62603208785965	8.6242478396804	8.63807197945002	8.64251851737134	8.52371368280626	8.87990891813791	8.70140861674243	8.56876597710352
9.07806844130626	9.00518985239646	9.11061889966883	8.98158382018033	9.08958321535712	9.01745811468244	8.9425698340113	9.00981338533732	8.97407562115327	8.90994147707527	8.98212956305479	8.94909333374732	9.18779567600932	8.98230465352125	8.98718273040956
8.9923793675973	8.9735728691728	8.94400336438628	9.06983590555469	8.97562214998622	9.01304823167072	9.1351336006661	9.06439007624632	9.07315776881787	9.06750700381231	9.08580449673794	8.93860410130934	9.14122288842255	8.98395310023282	8.99643203055673
8.79485930423903	8.77940017623184	8.82202380274545	8.83528480804113	8.8049836434088	8.76664532080728	8.82871586710916	8.8589684839522	8.81162956413468	8.78226381928693	8.79992077099973	8.70483517792154	8.96375472897163	8.80155346345344	8.77016173140827
8.95286008160371	8.90985258813293	8.85225316682987	8.96739245154417	8.92590885867146	8.89954439078735	8.92082521242498	9.05048767112782	8.92993367165708	8.85081502094128	8.88788565747327	8.91204244962285	8.79238646993951	8.90697399423185	8.87345608169239
5.80801784950338	5.83370441922199	5.69329180941337	5.6744169981158	5.62798142312248	5.71091365210951	5.62637473379086	5.72265991073514	5.58187018638151	5.46938605606623	5.61104854692021	5.46203231430517	5.59077284001656	5.55486407786251	5.3259845185941
9.3831999835251	9.41684566015148	9.33903817704003	9.35667156789651	9.39062234465719	9.33162230597157	9.39291400262693	9.4096509008596	9.36280028610897	9.30333507762685	9.35217535554541	9.23709652042442	9.24390550833801	9.27333023592169	9.27792937627579
6.12462569706823	6.17103717055628	6.06822702208594	6.3545813893125	6.30343147526458	6.31231621946583	6.44243147811809	6.39090187809882	6.39831310306331	6.3984132579218	6.32821949377001	6.55705017567872	6.33495528348352	6.36187599289856	6.31227259302526
9.63345814775576	9.5953693124045	9.66346791913381	9.61078465111159	9.6292439357351	9.57798820894151	9.50530334770588	9.51823471314728	9.53118095855055	9.50726366192675	9.49986285403823	9.54778444587017	9.5450265608567	9.50853440085417	9.53755576553875
7.32926501471497	7.40504605627154	7.47953450302251	7.50530607343641	7.51277728682406	7.52756090508213	7.61676288651079	7.63902208914015	7.74600945611828	7.58820557254113	7.62319849775019	7.56923678447563	7.82399963676211	7.31404336508867	7.5747550188035
9.24471471513523	9.29294938136163	9.13490233923756	9.30828093417778	9.2581543388607	9.32095835475322	9.40663327981108	9.30965023597526	9.36280028610897	9.40285845116819	9.35810404116733	9.19144205371915	9.3237908621824	9.41631631177569	9.33476923218231
9.22825733691317	9.27057434813738	9.21463326975933	9.23645892397083	9.26776442079925	9.26058885949332	9.224339527627	9.11525486481141	9.21705568419207	9.22723600494156	9.18488270341227	9.13053718166858	9.11870470356792	9.24645679022154	9.15587679336625
8.89393135170922	8.89473946834548	8.85038227481544	8.81253121462731	8.82898372063227	8.78671335916834	8.67943155664931	8.79585540574362	8.64666409606342	8.53704715012638	8.66857131974554	8.61546942369639	8.27299099574735	8.81411793038873	8.60290421314686
8.76160958953952	8.69919318010012	8.69989585590463	8.68600335804794	8.68100191303111	8.6731151986966	8.75332183519427	8.71002162153639	8.67653957937921	8.63277237244176	8.71006505264738	8.78606451890482	8.37601582982	8.82151223269715	8.65723250386904
5.97032787092644	5.99341208976562	5.95217422021662	5.89013367896532	5.98424677884864	5.94031782971823	5.92183543753419	5.8230257408186	5.99473643597717	5.86401739571071	5.87475316149019	6.03417491843109	5.80457700642382	6.02681194441495	5.81178433032653
9.39712424401789	9.47181708888335	9.30711046394056	9.45826733717829	9.38768727335141	9.33414976616143	9.41796718789782	9.39978018525587	9.35374520052014	9.3507304704563	9.31393081404691	9.3561642804145	8.92977797083225	9.44622117403264	9.25389027708869
9.16048369532627	9.07339511818348	9.00020728493405	9.10866817102748	9.10396096965817	9.08324065401615	9.05681922940957	9.16230364688879	9.13222310120908	8.92012859399335	9.02440994065467	9.08132269344985	8.90263291478032	9.10364638736428	8.90747486289797
6.80541493931953	6.64491098631833	6.70341047761367	7.03466361678779	6.86955499740042	6.87823105996892	7.29775159978063	7.35368027045235	7.30547205283439	7.26952850986899	7.30431100542253	7.34933047727304	6.98042394469204	7.17666846411738	7.19333550554546
6.63674591406446	6.76793271453292	6.68113619945868	6.7576961052726	6.80357056328218	6.67637440731089	6.93726976329644	6.90899898541571	6.90617629437454	7.05564745182547	6.98367506065416	6.5976021180239	7.07331516168375	7.11181774999117	6.88165117145211
8.10938166059683	8.16393756539759	8.16526888855499	8.30383635304707	8.15218056335589	8.16874675784795	8.23389138497972	8.14785447885321	8.17623536786807	8.27130771538311	8.22220934038491	8.32059080195403	8.20935738956149	8.24362634903091	8.10836493059289
6.06050411625809	6.06310525487553	6.1229360279019	6.10108333614435	6.05002204900851	6.01775542773436	5.99623949667591	6.07040904466548	5.94397271154751	6.05908062567747	5.95418052366543	5.70382613937729	6.0395276828074	5.97143677858305	6.03828492973249
8.90371828617101	9.00831377423864	8.89946078127727	9.00080727744187	8.99824818784275	9.02373465659475	9.11298923188795	8.98078521640268	9.0719751064207	9.17997594486374	9.10376623019465	8.82074868738802	9.05052747752184	9.19401127782436	9.16703683631439
7.31466881015108	7.31877769745121	7.3706343245118	7.51401024461891	7.47087031325109	7.42128137960459	7.65078259671574	7.66515359800034	7.72609971474073	7.75357307390803	7.77479971728645	7.92318804397885	7.5028911573844	7.77552740174562	7.59577018124495
9.29205837033324	9.30950583292192	9.30620077954993	9.30243045622136	9.31847812204308	9.2988735714366	9.25973004901004	9.2147192041066	9.22594455154541	9.25010561966165	9.25159874192697	9.17142475389622	9.3598617117431	9.12359927814615	9.27684533576881
9.40101634983462	9.37429825216612	9.38929834309146	9.33554663677093	9.32258219463056	9.29160960469392	9.3059112348122	9.30285658723963	9.3556903661594	9.2828047930337	9.24446190979426	9.0524275340961	9.25807304377569	9.29374345721905	9.25829092049392
7.73213335764706	7.73420244917005	7.69499488386987	7.80864450785893	7.84210860996173	7.88554941320034	7.98841732028847	7.9715526444188	8.02799427577941	7.96137908072502	7.93828597676097	7.82410210953549	7.70812268397818	8.05968518867505	7.96092776082059
9.2461578638359	9.34247203524642	9.17730990694229	9.37550271303123	9.27201510662423	9.33061008081234	9.2822304208674	9.15770905107724	9.24495961802624	9.38720705750843	9.39113398224922	9.3040004743226	9.59932425205464	9.2018236145446	9.15999843852697
5.73871657708365	5.78602065029269	5.60150048663869	5.82174179348346	5.65423191723937	5.68583769860271	5.93450511109299	5.96352470807908	6.03410160308625	6.18018864914373	6.25240136582737	6.33521782571559	6.37947675496941	6.13157669640233	6.09346468873803
8.65772282644386	8.74984261037277	8.60099792373081	8.71900446926514	8.63223708568174	8.59686735649289	8.64029150200311	8.57368834424762	8.63496569426176	8.56204518634162	8.59900567147456	8.37994109020733	8.37851197428787	8.69890155288377	8.51828967163444
8.48758039742273	8.56914206983666	8.47309820291416	8.64630313282618	8.58945030603813	8.50832957867262	8.54633338849837	8.59547211673786	8.54633947013068	8.41131899740397	8.50280520413036	8.35254780971699	8.68959256297994	8.6447001073598	8.40676216191604
9.3365434595407	9.34123381737509	9.34967280816293	9.37390959707278	9.36697286268008	9.29160960469392	9.26507436914248	9.23508429501466	9.32159720477092	9.22136343250854	9.29769144568087	9.15566143196126	9.55829843594375	9.2797194781771	9.26595989443677
6.11202698796535	6.06310525487553	6.1229360279019	6.20501426537272	6.13175254807544	6.14287256534813	6.0467171397884	6.02347014436707	6.07242292852617	6.10739151885646	6.16285773937152	6.20131871142433	6.14876151559618	6.23756626594401	6.03316252318328
5.92783755176478	5.94645710661949	5.82598485432237	5.84029823425102	5.83725431775412	5.83587178156451	5.73171142111941	5.75836512358906	5.80677823061122	5.74259339945375	5.74039365541512	5.91093819089371	5.76853375512244	5.67791683279103	5.64056142227066
7.2604844897412	7.24125180323643	7.33004364139959	7.28060998256692	7.37928415944824	7.26477034727806	7.44016618940751	7.50864995056729	7.49621705420525	7.27104517330264	7.39393671689577	7.4924399881574	7.13719744545802	7.449048954289	7.50796186641357
8.68422674868372	8.72474014629847	8.54117356831846	8.54021850912732	8.64458368286856	8.62768688058534	8.60254548011852	8.59608970296577	8.58995658291032	8.5731545288183	8.51721429983149	8.47736330878778	8.10831387755264	8.45389804536906	8.57583485186966
7.8532331279263	7.88343141901333	7.84658469361814	7.96177491894539	7.91050132394027	7.98668068201237	8.36263947270104	8.4168365466686	8.32991150847974	8.39471674765493	8.38340724336678	8.20719062598967	8.1735844971411	8.39688119037209	8.40080365425982
5.8028032937349	5.73671102343538	5.71535779006329	5.72021092081431	5.81995971937645	5.77771205703656	5.81968917545374	5.78457727972699	5.96449262179583	5.55639799095387	5.89406402059392	6.26981915409074	5.96183070156239	5.89996696086107	5.92670677800431
8.95639094997961	8.91430031446849	9.08538958812267	8.72838540851995	9.08052380957541	8.99718769295966	8.87015174578608	8.8076347314636	8.84062351564504	8.96673990766045	8.85915584878968	8.96726796613093	9.14709077169531	8.75162419744316	8.95433507967746
9.49465067905814	9.50315766331435	9.46583400631965	9.50377360741444	9.42967224944411	9.47410577670004	9.38975154190649	9.40401876395967	9.44061457627859	9.27451017248748	9.30637518369425	9.35419247054949	9.26375534282411	9.41326086131268	9.37938910126771
9.58067132890569	9.57514707983843	9.50956326979367	9.71984046634806	9.55356851384806	9.55129904458291	9.53839397315546	9.54854410452024	9.5426103755912	9.4858683555548	9.52519148129583	9.20244392789196	9.48906723354191	9.48486281708742	9.39496045637808
8.62185652093708	8.65469740965232	8.82647189629209	8.78522409833323	8.77234958501688	8.81883029119758	8.82829119210832	8.77473455223777	8.84524587034168	8.84216704917646	8.79375835075902	8.93860410130934	9.0876146361278	8.7636697890863	8.77400846566854
9.66509075008459	9.66498513249927	9.72193753783501	9.6609639021318	9.66806451273572	9.64385076930163	9.5425421652647	9.54886314616286	9.53232798342677	9.49952021198603	9.52519148129583	9.43290513453071	9.83258323388759	9.51139478829136	9.59435355682862
8.71442906836623	8.78426809653004	8.63472278347428	8.81076598410556	8.73357633396611	8.73486274075789	8.70510141277473	8.72929175446566	8.72599997760267	8.66370458909015	8.6980167505616	8.41441365567841	8.44050797723239	8.60829136653742	8.6020388890887
9.35894911741044	9.42232092120965	9.33458384000755	9.32156503206228	9.32258219463056	9.32095835475322	9.33250745951054	9.25125031097364	9.26958550183862	9.33123184696692	9.38226277910109	8.93596983404165	9.54857768241544	9.28708237062898	9.17287605132524
8.33318981487727	8.52401973971281	8.46007083184235	8.45161780658867	8.45103213945346	8.43581636039713	8.48568940260798	8.44659050504431	8.44948419736657	8.56761055029929	8.48315371965734	8.36435152892533	8.76288324455524	8.28967071926394	8.39980817283326
5.7603958562721	5.92018753730129	5.73168917305967	6.00563371858677	5.80245578604786	5.92967214727257	6.1039299052061	6.10203454552209	6.04698861356736	6.20894344700757	6.17238249111233	5.99425215872405	6.48512239898875	6.29708763069663	6.17014221099687
9.31424306091442	9.2544396690246	9.22958430022459	9.25993678143722	9.27625330546771	9.22888643759976	9.21916584225666	9.21753149122607	9.16217030973251	9.18963282573921	9.20320997071628	8.95430949022098	9.35200822223122	9.10667588407506	9.10364314571951
5.90368077067756	6.02251739773633	5.90972824247608	5.98492944624262	5.95812959788203	5.96137685081401	6.32459133677361	6.31194508810408	6.25568533298364	6.68214083835249	6.66609901565862	6.73724754201005	6.93503062526094	6.62734974551535	6.60598840583264
9.26478860259412	9.24078110059134	9.24438198029373	9.09664498582744	9.21244095752759	9.15818597235184	9.17141352784606	9.20098099867839	9.18349979928531	9.06576014220823	9.1357879908569	8.95430949022098	8.96408716394877	9.24611339124137	9.13329433888681
8.65772282644386	8.61289590098208	8.6782626032792	8.59526143032481	8.63306348741326	8.69530397773385	8.55354507310135	8.60961014280906	8.59874298465822	8.62211439842511	8.64936038631584	8.68927761060791	8.87885142771484	8.50931950560553	8.6063603287726
8.76832111705479	8.8697663382744	8.73547096153999	8.80722903044341	8.76708906174304	8.78079631939442	8.70695061576375	8.65536567762604	8.73449632872607	8.66197130380828	8.59959455995744	8.308422049254	8.79911007360931	8.80155346345344	8.66305241959904
6.24875798555434	6.12576409293256	6.27191354564938	6.15768855197637	6.30343147526458	6.368599329737	6.31976835944836	6.34463539850634	6.28318251655241	6.34758815293601	6.40025554403382	6.25299614345877	6.27837043206296	6.22925632583258	6.4064273860603
8.75080577926531	8.73294645078015	8.94224781630897	8.81017709365139	8.8101080370701	8.90159070898113	8.73168561591623	8.73154200030323	8.79500097946452	8.78651245950241	8.83485279751819	8.82644917419948	9.10671033288125	8.84619186751016	8.78624954263541
7.4921704301721	7.46235323763461	7.4016232276746	7.42143059163859	7.27303241779065	7.39247215211514	7.36252709746093	7.33456533219294	7.44719829597121	7.25733747752801	7.3272446514451	7.25949085009267	7.02443309922815	7.55818513443145	7.18180072785883
6.61010403401054	6.74814338095345	6.68113619945868	7.07639320230703	7.01355936151827	7.09397673775951	7.13424289686387	7.1717836715431	7.20117110318206	7.2906181086842	7.28686838688891	7.56242171519245	7.02698055473481	7.28492291872581	7.17483534869831
9.17368895219424	9.162087863126	9.12513479391509	9.11488085266025	9.20245390260132	9.18978880414086	9.10669939439858	9.05003696836079	9.09699733332118	9.03260866959245	8.98843873742687	9.0524275340961	8.80913709082018	9.04760457579296	9.06208741081008
5.8028032937349	5.87986589771091	5.79004119894817	5.82174179348346	5.81414858326795	5.82442545031633	5.82650153184468	5.86458053311997	5.76840149513154	5.83562803198499	5.79070769620373	5.70382613937729	5.77460368611583	5.5680898529656	5.6606180770349
8.7179002834408	8.78122757164424	8.64986067159536	8.64828135707351	8.66573730568529	8.6169332592766	8.53075731459459	8.58804038793971	8.55426590756074	8.53830739231793	8.55717446177888	8.63833513922325	8.43668035917977	8.34202389797382	8.56344149923596
6.2294441363663	6.28868480948227	6.30505622082225	6.21926954510296	6.16867079462636	6.36465103797344	6.22750963183266	6.08102796676691	6.21628818662773	6.23091919979366	6.23432494203881	5.97386950085002	6.37947675496941	6.30237899525801	6.23405128126478
7.51788467372221	7.5189321085209	7.48436759502229	7.55676055463419	7.61836454241069	7.5982305281369	7.68025879594672	7.62577670412923	7.64571552832214	7.55248044320218	7.65753697029912	8.01090702734322	7.63067014595399	7.71329406292956	7.70457057201425
8.857886573767	8.87148285208869	8.91326728307119	8.89259506168448	8.87721413795368	8.85940082691133	8.810341013444	8.75937788714356	8.82339086903777	8.85739337522739	8.88595584906841	8.77726160842351	9.27746274742341	8.73017657827135	8.8059224067441
8.99981280600169	8.88797137195899	9.07901271653568	8.98888771611783	9.16122685801852	9.17124958739232	8.98890483441606	9.08785273135092	9.01444654775979	8.99271406398675	9.05091940231598	9.17812809373993	9.06609648364384	8.73262992633684	9.11035278224592
9.5175380342826	9.59051397321268	9.61690607290579	9.49280615372175	9.55094719103804	9.51076300785615	9.57505209551665	9.49921046315817	9.52399131777219	9.61241976878241	9.57784374906816	9.03775999854064	9.89127139853646	9.56055482815842	9.42119924367285
9.33247322559055	9.40148266015108	9.31391487506006	9.36069883080135	9.36995033562854	9.3730153930277	9.48739348763929	9.4922600424545	9.46304305768826	9.36465070241754	9.4230919596709	9.48429385406739	9.33282911824383	9.4737599572327	9.44648734452883
8.11781460827759	8.12992345429759	8.11212996854049	8.05618138017969	8.13127644323942	8.13783332717078	8.19489269893215	8.12749346565231	8.11783682118677	8.32778703510374	8.19441088494003	7.92318804397885	8.33342171812001	8.09290837224533	8.14447138467911
7.03865066482876	7.21805756326579	7.0548085458126	7.07247053312806	7.05360716362825	6.98241970758777	7.20659750122469	6.93070050547701	7.15873034370894	7.2588670003675	7.30575508525434	6.78485542357582	7.55766067613959	7.05336510274024	6.92380375055846
8.66349480294165	8.70818616497212	8.6179588917723	8.74696625912561	8.58945030603813	8.6169332592766	8.53127923539078	8.61388566519295	8.61777870012931	8.39680250661593	8.55899232462682	8.35649312227978	8.31893958720152	8.69689276038964	8.45068345657392
6.23720068941911	6.2113270110142	6.21492784568786	6.37382768731103	6.33625968589835	6.34474603851475	6.6118221869027	6.74720267225879	6.61941673662622	6.68669278025947	6.61809757782645	6.70048216166336	6.56265032326184	6.67709151331511	6.82938744533757
5.90368077067756	5.87075074531718	5.98434709165401	5.90343225474401	5.85434451766281	5.80125735166227	5.78863010741483	5.83143278095957	5.73296968440663	5.69373143074393	5.7145647583127	5.72835856679429	5.77762912568448	5.81000408152415	5.79977332327474
6.02510587198201	5.87986589771091	5.96605036819522	6.01383309294226	6.05495983348698	5.97697219519972	5.91865059351396	5.89698537771247	5.8841995149827	5.94977646210154	5.95785607694595	6.12940801619847	6.00894824303797	6.04586037865967	6.02286292055774
8.42099299032482	8.53055283131656	8.41942669913906	8.35721812516337	8.28113905487725	8.26725481824485	8.29724824708807	8.30720523269395	8.30126555045128	8.30501574671749	8.35578685255777	7.96513255630143	8.3318769960045	8.55106156853581	8.32311879061648
5.84907091217016	5.89792559750063	5.90012413689961	5.80766651053206	5.76077009472432	5.94561141601102	5.77108243305259	5.86047838239547	5.82932478324072	5.68011396063555	5.74890180965127	6.0143513775973	5.81344919421171	5.86465059237901	5.6869350212729
8.7909095622024	8.82440472399183	8.65915276753257	8.81722796422911	8.68738111166761	8.6850444672837	8.75645018188328	8.70945093814843	8.72549863064114	8.65849847377817	8.6379391793935	8.48459177570323	8.84928252140282	8.62264788365734	8.64971509204031
9.57149079351587	9.46273615145454	9.61507074478978	9.31701240647491	9.53157723195839	9.55129904458291	9.48577871972028	9.4799319955868	9.4552024508594	9.53751335470503	9.45663452655486	9.44221696538805	9.55873873595873	9.2509135548634	9.55688675001075
8.93626746739447	8.94342516629953	8.91922914382628	8.94073774811715	8.86249078911823	8.89064331903295	8.8718011667023	8.9336764792111	8.86039541353698	8.80495454583919	8.82783320630059	8.93596983404165	8.87638093156393	8.81550725183187	8.83051160903105
8.74537338347435	8.83323959050895	8.80795412656042	8.85254659912417	8.81156881272188	8.80286119236243	8.72941307012168	8.70602208926491	8.747888529315	8.66774084186997	8.69029692984048	8.35254780971699	8.77733198797423	8.77751783502416	8.69261811047155
9.4885668531235	9.4927862683802	9.49566570837631	9.5008570955765	9.44340004711921	9.51522467561684	9.34265337759026	9.35815218225568	9.38962945656066	9.34426016598	9.3736810240103	9.06694745184336	9.58815256193733	9.28206629514344	9.37534325570981
12.4776187537429	12.4373587273028	12.4818949122999	12.3271801924257	12.4118820327407	12.3969288723412	12.3629100993833	12.4269770225764	12.3589094762033	12.3609489351945	12.3816232642731	12.3489829313251	12.2396735585671	12.2898849240605	12.3726995454485
6.4423820288389	6.36210956276792	6.4238172916893	6.6247437393769	6.34435146801421	6.57406675165169	7.30265077353364	7.31369285864471	7.27153579058365	7.66635773027772	7.53606057708309	7.69295891203749	7.62479523072772	7.62731430370348	7.65870477993947
7.55871702295432	7.59984659356263	7.82895938733426	7.59144311513982	7.78376986726494	7.70362413677775	7.71834098229586	7.66161795418908	7.73409660730652	7.83171049456508	7.64046987598835	7.92849827629501	8.01257126312041	7.80006245837796	7.83843498024056
9.39104890943774	9.34494528743423	9.40510368565158	9.4186379074956	9.29465042001893	9.3591837858657	9.22207832283482	9.23031830660318	9.26372732322998	9.13320180674153	9.22168993491683	9.03530084599372	9.35022892142057	9.32301794373426	9.25223656903102
9.28739330810936	9.28094442308701	9.23150222848249	9.3956622253036	9.23982543320327	9.24616736934948	9.27320993341673	9.18423843878855	9.25472149125497	9.26006980943476	9.26613834433833	9.04266576431172	9.66766136935645	9.05703210528449	9.16820657151137
7.25857928892552	7.2359322768217	7.29011938663412	7.45043812777353	7.40273137104174	7.55208311027572	8.02296967432019	8.02297996408321	8.04094630523397	8.23134939532322	8.0519409389163	8.36042767584369	7.96420259719532	8.095197968684	8.16688013199731
9.69674846975342	9.65239349586733	9.73043932035547	9.62357782752443	9.62758624326697	9.59199492913099	9.50822264103677	9.50940979565508	9.54346394280375	9.46116402467618	9.53137760355554	9.49686003660482	9.68490721416904	9.50222151462013	9.60821037100816
5.98881883230334	5.95078932940597	5.95217422021662	5.85861956201768	5.7847374007165	5.9350047878869	6.03793646273571	5.86867107882891	5.94397271154751	5.90363045941288	5.83534006792525	5.77620948437456	5.86840991217109	5.76857541890834	5.91561697653287
5.91339197361037	5.92018753730129	5.89045580554407	5.94260940091073	5.91533509137244	5.9350047878869	5.92501328075521	5.99754937826278	6.08497416595791	6.03787110730716	6.07418580397714	5.97386950085002	6.0963891259464	5.85027892157556	5.97558426850444
6.39462151674162	6.34245193047145	6.41709523730235	6.2715079941943	6.29092595860913	6.25375077909782	6.29048733849589	6.27233234504845	6.30212377415254	6.22467444995565	6.27615669741173	6.57069442628994	6.21501895545746	6.31813777238481	6.09346468873803
7.41387149062001	7.38114916526846	7.47144320317526	7.36160538610905	7.51098032876396	7.43453135858721	7.7100671499327	7.70691907444354	7.70895772097906	7.91556378769483	7.82903688730538	7.82410210953549	7.91553176761157	8.02567893854861	7.95280581588538
5.97497283457547	5.98498749117755	5.89045580554407	6.20142835824361	5.96339092129767	6.1102385429312	6.4446486136653	6.36215946762587	6.33665470460336	6.67299367169922	6.46628905883258	6.50114615078548	6.70464487871415	6.6294568966831	6.59906870559366
8.1663868427482	8.15362917843348	8.03296690310711	8.15873282417818	8.16937224757629	8.16534445906678	8.22424009085967	8.30795936684655	8.2850262856334	8.40442459538223	8.338251685627	8.26710193483556	8.30115644613203	8.32651643955855	8.38881230372662
9.02805126195966	8.97942142549481	9.00020728493405	8.92014562769148	8.99310771687886	8.8954430265619	8.86643363963735	8.8829544031412	8.80024778724865	8.76514302737948	8.81622635729756	8.78898692700461	8.98815032878772	8.95860730662954	8.9151591400273
8.01659895543057	7.91262259386952	7.93750589019184	7.82155782226105	7.88019471332262	7.77679206369989	7.85385915691082	7.8504796567575	7.84163471362177	7.92426570068849	7.84898532449095	7.81266049319505	7.66133205075414	8.18177138169641	7.91149582516951
5.89880059765177	5.83370441922199	6.04662099944231	5.90783806853691	5.85434451766281	5.83015994115704	5.70238956399602	5.70903993042848	5.8551923507303	5.68920649985334	5.77413005984998	5.79955410284428	5.6513861801244	5.71009866219819	5.6869350212729
9.45526338135055	9.57339043992247	9.35891423718888	9.57101499378187	9.52669383295462	9.58267224143629	9.61769921351683	9.59222772754697	9.64159413116116	9.6560296483142	9.5876726273046	9.21553638029372	9.29738702250057	9.70996774694477	9.54612931898983
6.49509875570601	6.4565740786004	6.40355653048784	6.37063772861794	6.56469420352777	6.62447618983898	6.45127966983824	6.45219105010195	6.51657274808655	6.64986894983366	6.48424993978561	6.79651605950767	6.43422507182042	6.54491019595543	6.53162279104831
6.12880097353932	6.12959150393464	6.16365403062706	6.37382768731103	6.19127466158651	6.35672192608948	6.19627652162343	6.24740408973666	6.29403648626106	6.39563607742059	6.34235446561712	6.63704617684288	6.32049664402899	6.42145265211354	6.3824508373932
10.0144105715837	10.007035960195	10.0103374438743	9.90386464637813	9.9098968167727	9.94934338791592	9.82070166066688	9.84540212353236	9.82477207767335	9.80088992767724	9.8674158694959	9.71076086956983	9.98909045375957	9.71840937972817	9.83431124619934
5.91339197361037	5.8242926171585	5.82598485432237	5.84490037492586	5.82574759753158	5.79540686628475	5.86340641819129	5.90098538984462	5.93706749814814	5.88395958746883	5.91690165831684	5.97386950085002	5.90761105116389	5.67384330280581	5.85885494669698
5.9230383793229	5.92459908266166	5.98888531232013	6.01383309294226	5.92075419830488	5.91355517637818	6.03793646273571	6.12957656336068	6.17284957503588	6.11078127249405	6.18498526502855	6.39778320136383	6.08177004692657	6.21529931143489	6.16546725114312
9.93012947463491	9.94969109937444	10.0192467176016	9.87374526571782	9.9455938640649	9.87942423743442	9.70356207381518	9.73981406629866	9.75524933983745	9.75988395947067	9.74420135193737	9.70767540981251	10.0399631410243	9.57757731590481	9.87033335474
5.9979763568842	6.02251739773633	6.1229360279019	6.06602432805561	6.16410727280939	5.89178252576995	5.91225977947535	5.97495548597425	5.94052422785038	5.93072764697494	5.97609494814951	6.18367378872547	6.06947348180315	6.01397206769933	5.99678815067538
8.80533938967818	8.89586440402661	8.82393180803555	8.91522519430635	8.75499249139582	8.83961397604102	8.75197903589009	8.74050805024545	8.81963767280428	8.80128493937812	8.77511156910699	8.51667905924501	9.08517160002634	8.90697399423185	8.77247100250655
5.88406045724098	5.81005905507126	5.72082209541614	5.92097551880509	5.84867019775454	5.80125735166227	5.89615804574271	5.88491850992016	5.97464436701626	5.93072764697494	6.01189645580109	5.67887052845618	6.09881132473926	6.11663839156627	6.01248939264429
9.5171396149226	9.47219422367327	9.50322670553561	9.51103919647073	9.55094719103804	9.55823397826581	9.46243288065925	9.53153313295536	9.51212218863607	9.40320433864577	9.46764429227085	9.41976676704132	9.51878987391281	9.35330533160645	9.52025427897554
6.16990327960505	6.15610321078423	6.09373494360447	6.39596227261583	6.29510650531999	6.3803798542463	6.6118221869027	6.767077011924	6.6909843829698	6.83759140610902	6.85939574755128	6.67544123664713	6.8045240425773	6.84427015116692	6.84116623005199
8.93567133014676	8.87605026302331	8.86033244730005	8.90257398001475	8.75726833734212	8.86919340997776	8.74389588857837	8.74608366747803	8.73399792601567	8.6985038232658	8.76359652613178	8.65124037783273	8.89916012699098	8.83070213464354	8.77016173140827
8.46048443827935	8.50424107065807	8.42194829213427	8.59594489094723	8.53035293081759	8.59433938188264	8.68600915991842	8.68817537490006	8.68739223941337	8.57069316801934	8.64594350752643	8.6253134231676	8.31945931704328	8.79734087402355	8.74608029425637
6.10356640558208	6.05909738166691	6.05530220924316	5.91223049665298	5.87682170846675	6.09602371451025	5.7781270709655	5.98629657811191	5.88060528480144	5.84786321420371	5.89406402059392	5.91093819089371	5.75016961274209	5.78377804629382	5.6869350212729
5.78704585868288	5.87986589771091	5.85112269948007	5.73019345336818	5.66072080413312	5.73556235420834	5.69496529077671	5.67675229079242	5.6551918084179	5.66175564814538	5.7232257326678	5.67887052845618	5.66778224517735	5.79882253532515	5.61337934155571
9.29670839662754	9.3391677564299	9.22381516991836	9.46089600517901	9.30713135092581	9.3178969775626	9.43591825325089	9.36867232922665	9.44701492884217	9.40458705989736	9.39249395409237	9.28342432285207	9.06980817761384	9.52815660579409	9.38543667537331
5.87414954383264	5.91132385450221	5.90012413689961	5.83104977864521	5.67361192782099	5.77771205703656	5.76754720544207	5.75394987333731	5.77615873825706	5.64783242620984	5.78244262936434	5.6534769215264	5.671039280878	5.80255933131059	5.51400883920865
5.84907091217016	5.89343177696976	5.72082209541614	5.76459960099224	5.77878270473286	5.692147550379	5.67623620090462	5.69529050591545	5.63400953949041	5.64783242620984	5.79892579886295	5.60131246703483	5.69683494058516	5.38594779729317	5.59959442393884
5.8028032937349	5.77140346209295	5.74247522310772	5.72521079773924	5.56711683280812	5.69843000289062	5.69868218970483	5.66739334478882	5.68020789684221	5.56135707338638	5.48435747444201	5.54719743212855	5.63146248069639	5.57247172796572	5.57866771252033
6.0692198425288	5.98920592830038	6.0895147684861	6.01791540265623	5.89345322352692	5.84156114935225	5.88966680312173	5.96734501985165	5.86976867276488	5.96108641824577	5.94309745512883	6.36683926761155	5.99341243143976	5.89996696086107	6.03828492973249
9.92533301135795	9.88261423061828	9.96292779653173	9.78272552901494	9.86628251089813	9.83585753793985	9.72903778660535	9.77760075468521	9.75032888351928	9.71070872243484	9.76508814377592	9.63644862114034	9.87014093664637	9.74271181514199	9.74188167414832
6.50477242579856	6.43198151626127	6.46350551431287	6.47235510792489	6.49006158540692	6.48229150650048	6.6526767002008	6.62184363967834	6.61075893706223	6.68669278025947	6.69943423116826	6.74929750758283	6.46648005293779	6.62734974551535	6.70599096151181
7.54158259803781	7.52911682715936	7.67117092954931	7.66362830575541	7.67081180937856	7.7207224819857	7.85719333769762	7.74750959574281	7.86822065684737	8.04354846020817	7.9317534308903	7.87449545892029	8.27888204263709	7.86053225734234	7.98103482835222
8.85157991091532	8.76099777982834	8.80086749895382	8.62100798690724	8.75954059894922	8.76888893721183	8.71018102876388	8.73154200030323	8.66508188171455	8.65675891896962	8.69195465803253	8.89315397655812	8.85431272887107	8.77275764638567	8.7405864687
9.41946840233407	9.40543751372211	9.44614857765144	9.35949183188456	9.2988227387157	9.31891815858238	9.1737554854366	9.26218733282918	9.14352627592375	9.13027968851362	9.15434473235224	9.17812809373993	8.92363779528487	9.1893749339431	9.20000816663106
8.24644058992609	8.24738553484323	8.2974793154368	8.31051399535114	8.15908183764856	8.14476044444475	8.17030726165884	8.17621608865175	8.24431010935526	8.14464540126669	8.1347179749785	7.95476018566826	8.24042760407513	8.34779649125037	8.02688951140057
9.10800800141843	9.0634176866823	9.09858489343993	9.01058013351044	8.9684371955273	8.91853142343408	8.85855269591926	8.95019515938862	8.88394920823179	8.87794617378595	8.90418563770273	9.0524275340961	9.11001873775272	8.76702461069355	8.8705846411004
8.85031526339324	8.90539110781166	8.91326728307119	8.82074051958996	8.84262297459077	8.87128320103226	8.68741475334166	8.72590979135008	8.7073331228338	8.66831652873647	8.74986827910784	8.74451680614244	8.96608016682751	8.69387431771169	8.72079310373195
6.7790796951844	6.83981657672987	6.86775438814594	6.63275606253754	6.79768765787623	6.69850613016958	6.71829899922881	6.85017100937915	6.79591811022793	6.62873521097931	6.67282791866192	7.02186148680002	6.41101516935743	6.64412147081116	6.66350418308928
7.80182498107621	7.90928436543599	7.57173536735075	8.01997176049143	7.75217095434191	7.70986518434691	7.74917640636131	7.738587642326	7.80224113045814	7.52604698924125	7.62666935108251	7.66777912775767	7.44596059500301	7.77362269609669	7.71260965557509
8.97391682506572	8.97835981356737	8.86959881914155	8.97424275986755	8.85542650743295	8.85940082691133	8.85688805013198	8.91894243319569	8.854904876779	8.72143051719844	8.76201914807544	8.78020188381464	8.83299417729357	8.87845476096889	8.80667372436702
5.72775386635953	5.79568401057388	5.76380899906317	5.71519370346718	5.621343717308	5.77771205703656	5.68000146450115	5.57031609735422	5.71290375926517	5.56135707338638	5.62034977612664	5.30791987361566	5.66451786143986	5.6408355131044	5.64727790921045
6.51438172205449	6.45961891006872	6.52419616495934	6.61937738155256	6.54376128776237	6.51472416928689	6.50538543186298	6.62910105606584	6.63016648641207	6.81073401935645	6.69282847968965	7.14556134253896	6.37947675496941	6.53370387317258	6.62655072606897
6.04733116946298	6.03072667079796	6.08528223262324	6.03815576109588	6.04009557761121	5.95088568844813	5.88641022015566	5.92475580422002	5.83304860137717	5.94598672681424	5.97246553811879	6.26981915409074	5.91587477360858	5.93784381243417	5.90444144898632
5.96099292389856	5.98498749117755	6.05962333663708	5.81237350930013	6.02507685223284	5.97179241989518	5.72443648568519	5.77589256933339	5.81433287298626	5.78985866114062	5.7361207383125	6.07302445697424	5.8397437697781	5.8682213010822	5.86463248231452
8.7723330982874	8.87605026302331	8.76886992336073	8.84451679104994	8.76934592078969	8.75612872953587	8.73531426003311	8.72647400268784	8.75772914229056	8.68604983165645	8.75516384437812	8.51667905924501	8.75021717513279	8.64834292932533	8.68528329414564
8.18456435584159	8.13660041153329	8.13485110301498	8.17162723076068	8.24158959981906	8.20122851559244	8.24983478115923	8.34223021433446	8.25685423790137	8.28563616690079	8.2599507922963	8.26290408595586	8.11611261243467	8.28967071926394	8.30621716674095
8.83760744212265	8.85422511514954	8.84475499802237	8.72276416761926	8.82970479977821	8.8324809582276	8.8060340415827	8.73434988108017	8.73449632872607	8.78013479814812	8.68974393023341	8.67670962904429	8.55173988976605	8.93706936098647	8.79384780778979
5.88406045724098	5.90240549350211	5.90012413689961	5.73515900560733	5.7847374007165	5.75979808276269	5.74615244472454	5.73166917607917	5.78387459871467	5.56135707338638	5.62034977612664	5.46203231430517	5.8397437697781	5.84666357354113	5.62703419974921
5.94687648983666	5.9551086077169	5.97979457748483	5.88119951619124	5.90443555546111	5.94561141601102	5.9058405893882	5.88895199962066	5.91965876885024	5.97974189350703	5.89789543359847	6.16581070257064	5.85414787717687	5.95473787616434	5.95947470497929
6.12462569706823	5.99341208976562	6.21104766841216	5.97656397788011	6.15493675844846	5.97697219519972	6.08416206048703	6.01241811756209	6.00467869731311	6.10739151885646	6.00480674589282	6.18367378872547	5.87124551559202	6.06154450719487	6.0072745741963
7.98352757999965	8.03713289345187	8.02303584396162	7.83551450816796	7.95215370132257	7.95681616656253	7.84296955109373	7.85976674948493	7.69160963188687	7.718427739444	7.73461828073155	7.71155952854083	7.44310193855279	7.86590589497096	7.79669223728891
5.94214021107754	5.88892394526623	5.88559728622039	5.82174179348346	5.92075419830488	5.85849616411277	5.77108243305259	5.86458053311997	5.78771714761752	5.74695463488426	5.81926903968546	6.05373022828153	5.725315696977	5.81000408152415	5.80579129597115
8.7876098304239	8.78972494578596	8.74825381314913	8.82890337740025	8.81957674778094	8.85799644478775	8.91523748985863	8.82301652212968	8.91462118468634	9.02588597351276	8.98573818326082	8.90935918933373	9.13178434964174	9.0357328672009	9.01929913727213
8.95521495372871	8.96609479729338	8.85474392156433	8.92341661849217	9.04928923819611	9.04302019937565	9.21071883111363	9.20016878045558	9.22097353462056	9.23502910129673	9.22054184619846	9.13283936999914	9.13827997273392	9.26250503291905	9.2876492604159
9.41048641546324	9.36944737652402	9.39572679795849	9.35908927440991	9.44669417489687	9.47364734704808	9.51404356592413	9.49026804223101	9.52370298556052	9.64846327905968	9.61763622333371	9.61848935782444	9.52803832869145	9.49038236851463	9.51428739410783
9.46768781515929	9.49464377982717	9.46175496688601	9.50413775719092	9.42681563351922	9.36907701793628	9.33490116144105	9.36541565778485	9.42402494978578	9.35574294401412	9.36539423430728	9.13513789054097	9.64855317397442	9.2797194781771	9.33529002357677
5.90368077067756	5.81481915849765	5.89529805297137	5.87220980448393	5.74253033971754	5.76579409345674	5.76754720544207	5.74952110453951	5.70072923607255	5.63377393683589	5.75736021214773	5.60131246703483	5.7377960325627	5.76857541890834	5.83551115358484
9.34150264602711	9.35110993174689	9.37895286186923	9.32239124090634	9.34897781673442	9.3040398181322	9.30377442365405	9.33724836877713	9.23829767129267	9.21625446195064	9.2109387430441	9.15112580940105	9.44711281015548	9.37702288597884	9.25719201740726
6.21380496276072	6.09477426693534	6.21492784568786	6.37701061597126	6.50096247267909	6.51828324159223	6.93411637724375	7.0899774026326	7.12263786051537	7.37907320105708	7.38713169088806	7.38838819222629	6.91040817415164	6.75829286755636	6.97815810865263
8.76765136751942	8.72600569681371	8.77282633488778	8.71900446926514	8.77759099718019	8.79187093691911	8.71845474346414	8.61327565145816	8.73449632872607	8.79444509400198	8.64137504479673	8.78020188381464	8.73704993153521	8.57093999937925	8.76011195652938
8.86729517690657	8.8640298311126	8.85349908170136	8.92232711201824	8.94600019821854	8.87336996943861	8.97054901658944	8.92583705090366	8.9866825644185	8.90164175258671	8.89221831157281	8.97755159215342	9.0495879728347	8.83573174001252	8.90747486289797
5.82354964284142	5.91132385450221	5.97064630719002	5.91223049665298	5.88238683080515	5.9027098366594	5.85676611772467	5.9442702187059	5.94052422785038	5.86401739571071	5.83933007218135	6.25299614345877	5.90484594694142	6.03636754379287	5.97558426850444
5.72775386635953	5.8242926171585	5.76909363832402	5.65882450134382	5.7116101645891	5.71711531227804	5.61068057930568	5.68605108917568	5.74091876355281	5.38801388869226	5.73183516228212	5.99425215872405	5.71903491870755	5.62404491610321	5.6606180770349
5.97960291961703	5.97651350242679	5.85609825078435	5.99738756439577	6.06967275964974	5.91894748877105	5.85343449700079	5.78890015696842	5.84784871444201	5.95732625643429	5.84727720339761	5.88933723645834	5.76853375512244	5.81371213415538	5.88182785310146
8.57285982918689	8.69338223380308	8.63254720369311	8.56486405848322	8.69926661380748	8.6882090172368	8.57749542559261	8.56929184133993	8.60802027608836	8.60297027995918	8.58895761549868	8.21155349298766	8.53930020389079	8.52977733797326	8.51645387331244
6.54595858080632	6.56516447627691	6.55514267148531	6.24039213967088	6.26983979130521	6.23224547956178	6.2041483298991	6.24110422679806	6.20483166200392	6.22467444995565	6.13064730534005	6.31914365039597	6.24157113673904	6.32335272184093	6.16077711561356
7.45438447346799	7.51454512756121	7.55498620865215	7.6253116014636	7.75824338685299	7.75583195666461	7.96697303547609	7.82962512936149	7.96907409307062	8.1128555160881	7.93548993497748	7.84671670657747	8.28048452599811	7.91165772114677	8.00872213477094
9.75872737230894	9.71396179758657	9.75764594097323	9.67590982743861	9.68689101366656	9.61587260324198	9.56259554072055	9.59160847374202	9.60335755542823	9.40562323185531	9.48527821610641	9.63482516761913	9.18722625804053	9.40866551819642	9.61466022023188
9.83998061245285	9.7479988641564	9.88647711143938	9.79140421651003	9.76737947385754	9.76043935022677	9.6886662851207	9.71955138959495	9.73646165251337	9.67591933004423	9.70970413171407	9.60859834260709	9.77045602488487	9.73220646365386	9.64564431962466
9.54906029158857	9.58808016223804	9.49247023756156	9.56544247022949	9.47093217581378	9.54956008997567	9.3671257312013	9.44641855378403	9.42340684057647	9.32759189189337	9.3757453055172	9.16469012291486	9.49275862086336	9.27063154047289	9.32693471742366
6.23720068941911	6.06310525487553	6.05096812278717	6.03413030253201	6.18227550714745	6.11494591370386	5.94706471024233	5.83561804347653	5.99805812770407	5.99815965997269	6.00480674589282	6.16581070257064	5.95916747767568	5.81741070344537	6.11786638091891
9.08292225575078	8.96019185619167	9.05646905208606	9.08013097756766	9.07506073395962	9.02373465659475	8.94648843067936	8.96795904226622	8.92688414815331	8.98117620237888	9.00231163711548	9.19364915059435	9.14621210921308	8.86733394351417	8.9241881052294
8.86353909521737	8.88003492066749	8.84850895355778	9.15067532652014	8.99439455271668	8.95445831439925	9.23463156956412	9.27226943104501	9.21848158836877	9.17147282305847	9.15754776733692	9.2667494656057	8.96906451849904	9.11835546350725	9.20057993804074
9.88421508938685	9.87064843490591	9.94784167369404	9.93660928439295	9.88027169015936	9.87907810349201	9.78021590195856	9.79921677271126	9.7923456717785	9.7525729621726	9.7734633110401	9.89971090913078	9.95671432044137	9.8058184108841	9.80227225247764
6.07788331836347	6.14480056342083	6.22650623738709	6.06602432805561	6.10819026730666	6.24088605400731	6.01723834301341	6.08102796676691	5.97464436701626	5.97974189350703	5.96882699217731	6.36683926761155	6.06700156290808	6.08014350003663	6.11786638091891
7.4921704301721	7.56066583908453	7.53493779551372	7.51401024461891	7.52172866404367	7.67200745448096	7.58695083250753	7.61971564590506	7.65100488401382	7.56983751289069	7.52742163639335	7.86344805052047	7.42293119378895	7.79067520444777	7.64027950939754
6.39808585963045	6.30908273692734	6.55207769648851	6.43313544733455	6.6520523428248	6.50039950532935	6.48829114911044	6.59491658571237	6.4979144599869	6.56588487243878	6.59702673380751	6.70048216166336	6.48512239898875	6.38450621101983	6.50225418415717
5.99340484691715	5.9551086077169	6.03350061922594	6.00563371858677	5.88793061494012	5.86409737842053	5.93134808718732	5.92475580422002	5.96449262179583	5.95732625643429	5.91690165831684	5.86740865715225	5.99341243143976	5.99449581322645	6.01768546340704
8.03006498797814	8.02278788438617	8.09432434179967	8.12976408395345	8.01563302354112	8.03470670427539	8.06898755947257	8.03487229119349	8.1262170705157	8.15536205609747	8.12247721185864	8.17627548203957	8.36799902263176	8.28165128237902	8.13851604060416
5.87414954383264	5.80528323205562	5.78483268283309	5.80766651053206	5.74863584908107	5.71091365210951	5.66867615069569	5.64372767197001	5.69664818802516	5.55639799095387	5.68383639195594	5.88933723645834	5.66124609653422	5.52352578958967	5.55743401881325
8.67282529203572	8.82381380482261	8.75426954417455	8.89980897450577	8.8217530379841	8.77262056184788	8.87221322745853	8.77309699188597	8.82853562331543	8.94694773443455	8.8955791811706	8.17180445766048	9.00988795478159	8.89563386080938	8.78243535105012
9.38276267752162	9.36051152055614	9.26699920150644	9.40739049456829	9.34998345172731	9.39787291818022	9.50450615052769	9.406133392728	9.41503634299642	9.47636611012724	9.42508678765643	9.10262050958082	9.14063478533154	9.50135852228481	9.43195219869151
8.81185099425848	8.88457538015644	8.7361465742454	8.89426301519736	8.84690345616624	8.88306851139989	8.91763487852939	8.91548272927139	8.89335337653373	8.8293545284052	8.86602504243786	8.55495181222743	8.48936444538718	8.94935583483641	8.84008435680218
5.91822322214283	5.9551086077169	5.8055551379874	5.78389894092041	5.85999665734738	5.82442545031633	5.72443648568519	5.77589256933339	5.71693927230021	5.72943024067709	5.8030174044155	6.09206447268825	5.671039280878	5.69811420694053	5.79977332327474
8.84015797666649	8.87091090770188	8.81628460021042	8.85483264531034	8.84047796195894	8.84174702259989	8.74209346697259	8.73603199023898	8.77382083179683	8.71531512573898	8.69361048368314	8.74150282213438	8.63092186581437	8.85792575264317	8.74842840196689
6.05173550655923	5.92018753730129	6.16766342411461	6.00973922010916	6.02003572708688	6.07685044605087	5.88641022015566	5.94038835287424	5.89492890461022	5.70722192534146	5.95418052366543	5.51936193331231	5.92135779601465	5.89996696086107	5.90444144898632
9.57685320286472	9.53996117370958	9.59807526824747	9.50195147855233	9.56443971414143	9.6125450965112	9.47007540528383	9.50448363775686	9.46484639325949	9.37949302291378	9.39792105789983	9.48068332054495	9.3854045672785	9.19258629673425	9.47842995582714
8.31313449504942	8.37548602289952	8.32378642877779	8.44783691783137	8.5052971563468	8.49934964862722	8.52185565160254	8.46225706533916	8.54235986126445	8.54145319018065	8.5960576181937	8.36435152892533	8.51636287683188	8.52469001070898	8.64971509204031
8.82928692685207	8.7634650368335	8.79633963558494	8.73708625972397	8.72739858459035	8.72025163646897	8.67943155664931	8.70028916988186	8.66141708575974	8.6167557406174	8.61365625144408	8.37994109020733	8.7579068467257	8.75162419744316	8.68854781699544
8.6490213326018	8.68689805774012	8.52249664904421	8.67245901749492	8.63553985626807	8.66510720065379	8.7542163409162	8.74719620990058	8.79356671410905	8.85081502094128	8.8222937532232	8.7232854853784	8.32361042964235	8.77275764638567	8.73428208754244
7.34191670189794	7.258843266418	7.42191886445424	7.46995466739352	7.57257936645404	7.63312965977998	7.74558272518494	7.71148593166738	7.6813065870998	7.7470481984475	7.70537269725641	7.84109619897776	7.40443530482828	7.81680713453626	7.90168423389093
8.64099859692969	8.68429620556134	8.61502344458805	8.76409510868575	8.65275643714609	8.61942198778007	8.59107644781853	8.5761946295702	8.62639778963086	8.51353188780675	8.51846049038767	8.4700984441594	8.46279244472328	8.58892438227802	8.54013896181874
8.58659557250015	8.75108634146107	8.46985237121631	8.71586388576415	8.48804378115166	8.60860635537693	8.60750371896644	8.60348019074259	8.53836924505959	8.42500974652638	8.53086354999048	8.4809820691522	7.96020881636513	8.64209244887061	8.48112240749565
7.66467101932093	7.7504612536696	7.64694701749432	7.64525757579268	7.68840910735971	7.61495446727526	7.58995990726371	7.55258076531389	7.61139663746212	7.54998373043136	7.59748722787968	7.48525146959624	7.50105976042406	7.47857873565046	7.50796186641357
5.93262084502878	5.8383874482311	5.94751907878937	5.82174179348346	5.94222974571192	5.87523513045139	5.90262027452901	5.88895199962066	5.87338990851556	5.77284946284872	5.83933007218135	6.30288857887014	5.84840344073702	5.8062864969134	5.75693144345329
8.67639793553231	8.65270239776113	8.61355347828498	8.72651409398495	8.66492941407589	8.6440759715249	8.70232315665271	8.72365073697457	8.68533135018905	8.39680250661593	8.53148091286549	8.5307141736171	8.08404992000798	8.79593393976032	8.58111387174372
6.83127834186759	6.90828998576901	7.01528552645165	7.3258012757559	7.19684205047241	7.16155386127593	7.68401868987893	7.70233771742892	7.71503111697313	7.78363833959892	7.75273263468574	7.73599314288447	7.49278958880771	7.93825824288832	7.87471147458131
6.17798526959559	6.05909738166691	6.0291005558905	6.03413030253201	6.22672098538648	6.09125419389629	6.169723019001	5.98629657811191	6.00797764452102	6.10739151885646	6.06398890474067	6.26981915409074	6.16272148197705	6.1375090423419	6.02286292055774
7.26997294793833	7.33213442094019	7.40672395965195	7.35677500138467	7.29617037217356	7.40982661264063	7.33648705517585	7.2985969294274	7.43007141512417	7.50041395537575	7.51498987963462	7.47802696192234	7.77860812161323	7.44785510083821	7.34376169564436
8.65627621702298	8.66000399388583	8.65986507145699	8.77982041336445	8.74814333399739	8.75537460293618	8.81420632558027	8.8097661327073	8.82385933280423	8.8689590268813	8.90989488460032	9.01547525294288	8.97765146332263	8.85432548018138	8.78090684653635
9.71701166688317	9.63767507278711	9.58463338319108	9.60638186470482	9.63337985291395	9.63567806910966	9.60263014551401	9.6301114543528	9.5832991279018	9.48750036686382	9.53538440555729	9.61355232660676	9.45801142039969	9.52419681201725	9.51520698420634
9.47098300608796	9.52185894623346	9.51429749556118	9.66161695475269	9.52223998963202	9.4868830203662	9.54925764218856	9.52051387021424	9.54829130784506	9.53183032477815	9.56764649919648	9.59196111676781	9.83621987514264	9.66263462703706	9.44552287745745
5.8641702264093	5.88892394526623	5.88072238551138	5.75485249700767	5.97385646425793	5.85287316795069	5.65343650920669	5.76715539596943	5.67606846856228	5.67554617327493	5.67046464630523	5.72835856679429	5.66451786143986	5.73377378189397	5.76930201606524
8.47860483382575	8.53993759741011	8.56494552718915	8.48151343803298	8.50439420946071	8.43581636039713	8.39969723350121	8.44178845775524	8.4107173683853	8.49288062909471	8.45609481915041	8.50960996847433	8.85682127107893	8.46042532531811	8.33982471169915
5.9085445260434	6.02662786290607	6.14343845694526	5.84948791516534	5.94754915151517	5.9350047878869	5.86009007977104	5.81880382145861	5.89848774642876	5.93837732005043	5.92067310232767	5.95319531125026	5.89373234058966	5.968112395244	5.9431835850073
9.02020004686294	8.9899948005875	9.09595546951818	9.11535764496668	9.08415440118617	9.11944269953721	9.05246244754643	9.06617421609217	9.12197397091157	9.03260866959245	9.0222152797542	9.18701770475957	9.3456434746193	8.96446386821002	9.1121772804619
9.92232710375472	9.95185613285103	10.0272734972311	9.91074800417918	9.93825732773475	9.92171378812238	9.80308824911658	9.7957261340018	9.83363863751357	9.87283509208302	9.90363431053085	9.70458333717771	10.2554638884151	9.7969369420205	9.88107391774913
8.61963138773447	8.57266348593365	8.7475838476055	8.67181086641767	8.81594228642385	8.79187093691911	8.89266764016423	8.78668686977461	8.93904375717632	9.01596900609237	8.9357770082411	8.93860410130934	9.05177919950124	8.83344772914157	9.01670402291015
5.82869005728097	5.72664412990081	5.90012413689961	5.80766651053206	5.68001467472899	5.67950020821904	5.62637473379086	5.59520265085134	5.68433551621955	5.62905725919949	5.52947765491032	5.30791987361566	5.725315696977	5.64500289806451	5.61337934155571
9.88050280895828	9.8611766167265	9.84072092567092	9.83837007382518	9.81876835131184	9.82223874372125	9.76409775238176	9.79033937475091	9.80022330420749	9.69242865334783	9.76954350430875	9.78143216146752	9.77841707601213	9.59736581168491	9.75283884980651
5.84907091217016	5.86617152941478	5.81580607192032	5.75485249700767	5.86562678914408	5.72943944031968	5.67246111338483	5.68605108917568	5.78002181377522	5.80248555838342	5.65696817275503	5.17162716578402	5.69683494058516	5.79882253532515	5.65396336594971
8.59944923487562	8.68819722638869	8.4988052825694	8.78042182323183	8.7242997617928	8.73256553891691	8.49748974525468	8.52457385703742	8.49666923304004	8.39819133932736	8.35089844946963	8.55151412202665	8.14454820390197	8.18392432030255	8.25978786297364
9.13058286815508	9.03306458669155	9.00189374520897	8.93966124858721	9.00400940908762	8.9286011861405	8.90198016642017	8.88092850191394	8.9316733668548	8.80338300010356	8.88740344731533	8.84902852252899	8.65993995492916	9.14327998146875	8.90467040173161
6.15769489051459	6.05507836251438	6.03788732726039	6.02198621426921	6.00480598730604	5.98213347518901	6.00827616839123	5.99005725382467	5.92664743709465	5.97974189350703	6.02597238998727	5.91093819089371	5.94846524282937	6.03000416918355	5.91561697653287
6.23332761871056	6.10258425336186	6.26818364414797	6.2333855345017	6.41520707654795	6.34073190754287	6.13445740053904	6.25367659833372	6.09431656769122	6.24641398547883	6.25240136582737	6.54327576466001	6.14407805885081	6.23203162048715	6.24738585775871
9.04196589335584	9.00466854049689	8.95970790353537	8.98680465905373	8.97236069666409	8.93860115275792	8.94453046274725	8.95694237646288	8.95837379109304	8.73633203515661	8.77823615023374	8.80351082794017	8.53259170230246	8.90914460720879	8.88060977948256
9.19327294014835	9.19581857442654	9.20636805731116	9.19375318058677	9.20078265136141	9.20974535153343	9.11612389731341	9.13323801775493	9.10588473479685	9.17674256691032	9.15594713873577	9.08370470299575	9.32689607567528	9.00886129941579	9.02963316559573
5.69997802825392	5.72664412990081	5.64812384652762	5.58924544800859	5.52507051941091	5.60120293306583	5.48291271968982	5.51401145531308	5.4715952688	5.28990593465527	5.22885185372527	5.30791987361566	5.5873298315711	5.41061980679482	5.40731304667946
7.80574477011576	7.80776026193632	7.6977720166278	7.74721574990966	7.78525745395081	7.78124417538597	7.79683494258652	7.79454222365558	7.85727892494932	7.71174161437583	7.65073433724422	7.6804239430529	7.47889976241908	7.71825388000298	7.83843498024056
6.49509875570601	6.3974680465136	6.37262227408031	6.46339849445645	6.47170855845272	6.44911366315412	6.52017871065767	6.61454955940999	6.45261021803404	6.6980102387557	6.65027519753313	7.13641340465966	6.40515393907529	6.64412147081116	6.6734203845587
5.74959683107672	5.84770825221743	5.86599828349738	5.91223049665298	5.80831400198637	5.77771205703656	5.72078525240095	5.68140916021891	5.74091876355281	5.71614620446935	5.64790007676461	5.5745078160185	5.87124551559202	5.76474966255695	5.6672423231281
6.12043832089839	6.03481388722796	6.11049346470646	5.96392429252471	6.06967275964974	6.05741936744778	6.0467171397884	6.13638081551814	5.99805812770407	6.19303926559056	6.17554350576914	6.63704617684288	6.05707138700523	6.27033609770001	6.33743256635485
9.37442857874123	9.41252904451661	9.34657913006574	9.30619420020511	9.47876862526438	9.4017335687712	9.38195962075801	9.40718954594787	9.32491062616903	9.36855275958677	9.3691982556466	9.38735214601136	9.17607745019017	9.24508270361107	9.31219547553083
7.66467101932093	7.73294415064369	7.68942453195639	7.48773862229864	7.57773894078362	7.51692246359672	7.36721157872905	7.20778264188991	7.41771227036428	7.36493884304607	7.30575508525434	7.27624682615678	7.16058767975634	6.75056883361111	6.84409596988025
9.68047280783738	9.69405294333057	9.68532283998739	9.73543290639912	9.64980596459061	9.66729310535964	9.66531706953712	9.68310151349781	9.65981428672091	9.55380635545853	9.60449363827431	9.58525213164875	9.77273509711343	9.69268284824756	9.54657915038184
6.02061950242235	5.90687155081795	6.03788732726039	5.8676939015575	5.99456293684087	6.00766699476113	5.85676611772467	5.80179179939547	5.80677823061122	5.70722192534146	5.68383639195594	5.49098080574282	5.95114823892587	5.77619670687757	5.85305423342816
8.72274599646711	8.79877407875915	8.87635653174833	9.01416403715901	8.89385887047045	8.88513831528001	9.01898823554663	8.9322098274346	8.98039286300156	9.02678414497996	9.00453676134607	8.65444873111	9.23759444598062	8.94639970008299	9.00758418526634
7.67756280260946	7.68949572019743	7.80468967003729	7.71108282572569	7.67883719472285	7.76185169125558	7.77055254297716	7.77722029702333	7.7811690157883	7.76114832362286	7.76117898362777	7.62916592362024	7.89545482513548	7.58341133822231	7.75214666601065
5.73871657708365	5.72158428991702	5.7262658384968	5.65882450134382	5.7116101645891	5.66674133850059	5.77108243305259	5.70447129249048	5.70479880457078	5.5313445240366	5.63877479665902	5.72835856679429	5.67753143958649	5.73768223713475	5.75070625522829
8.47121943075366	8.54568264231843	8.34962245203775	8.50789990008826	8.36211988904528	8.34148834787853	8.35086097214243	8.36704769831495	8.34696037855474	8.20461142660866	8.29745621488598	8.22887421922258	8.14513469336788	8.4147130422308	8.23097189474781
8.57285982918689	8.6305732428942	8.48681209865737	8.61427699698739	8.52412966221297	8.50922450527717	8.49374554933099	8.47775533498139	8.50077670503885	8.43248464852579	8.47611576923155	8.42572387503433	8.34060863414374	8.58404174111631	8.42547004728434
7.63853668606335	7.71775835301295	7.62230949168715	7.72489514166278	7.72141944468453	7.64945622619455	7.70359898647853	7.66633022338182	7.64253258324256	7.59911521715928	7.5844577296199	7.71770682953552	7.49371084085031	7.70031818110858	7.64196428991553
6.0692198425288	6.13721604480214	6.15963348014422	6.02198621426921	6.05002204900851	6.22355291354176	6.15626099004164	6.05612800312477	6.12806437589467	6.22154192306096	6.08431125650333	6.18367378872547	6.12519093172022	6.24857234692801	6.08853451021978
8.74944959673009	8.74610497116427	8.70404572810345	8.7506538851367	8.6172803344425	8.73868330096383	8.67471484084132	8.64525614037882	8.73399792601567	8.57438363635489	8.64537324016227	8.51667905924501	8.40617767273836	8.69890155288377	8.58812265204069
8.80076371662841	8.86172882646818	8.83217079650859	8.84336601864396	8.87442125031367	8.8844487105343	8.95468300225004	8.85639316406446	8.9472369387393	9.04463114143615	8.9803218625513	8.69552078317646	8.81651983908929	8.85612673944062	8.80817518687577
6.74954500385372	6.89710094416901	6.64993689335436	6.65914715978651	6.62240735010172	6.73872890380721	6.7109485185005	6.60721844322973	6.63870902963526	6.56835346488357	6.52200138875386	5.20691960667823	6.48141313318236	6.66686902209073	6.51701314981692
8.63880281332512	8.69790387980615	8.63472278347428	8.81194304439767	8.63306348741326	8.65462990742178	8.62472458553319	8.60470826649533	8.60802027608836	8.53830739231793	8.62584880252284	8.43321506278071	8.4338029670347	8.89344280986718	8.49703563226758
5.69435828962814	5.70116607902927	5.67088406859971	5.58375205955604	5.7116101645891	5.56040634312171	5.61068057930568	5.69529050591545	5.56406450469405	5.40465808411952	5.47925622416279	5.49098080574282	5.54536201431293	5.43968209302043	5.35086586148192
6.14125489793793	6.07902651161887	6.13936117838522	6.13906545485473	6.08423740128035	6.20158988186202	6.03793646273571	6.01611152476296	5.98137280292424	6.0765205047696	5.87475316149019	6.18367378872547	6.1156539748566	6.09546187025716	6.11301889679448
6.34881213446683	6.45961891006872	6.39673928376665	6.45136927066284	6.65855826665856	6.58429041730091	6.67551336810964	6.78451628266023	6.74143287046164	6.89772681805196	6.72986761788996	7.1815840490243	6.76844529951142	6.54491019595543	6.66350418308928
8.63293099988648	8.66529113161929	8.62964131805722	8.75003993497384	8.62394692898986	8.64489055934269	8.65664935822487	8.60040542023623	8.58995658291032	8.64452295164704	8.66463698404698	8.19402230627061	8.90713507780501	8.71982671595006	8.57759667221666
9.07860856113524	9.06241613798813	9.004700138925	9.10579173131815	9.14103469151087	9.05410108230391	9.11019713339831	9.1191273124917	9.11930486084669	9.0186804009201	9.02747686806125	8.87125993663816	8.91265698413594	9.03414256614887	8.96917558346535
8.03563895300143	8.14229902735968	8.11317054677473	8.06014914637958	8.18636149785897	8.22756775589826	8.58706575183589	8.48976934397173	8.60475274543753	8.73742975278427	8.62931354678981	8.67355045250096	8.80802641294065	8.69135411588043	8.6175358675309
6.60711324973421	6.64223318729116	6.81758000251531	6.85452090333205	6.70014684222732	6.72339094046536	6.92302495682271	6.9693408364917	6.85759939983858	7.02721140194312	6.97280886486178	7.26789315643751	6.79109995856357	6.96266522450313	6.98082283092691
7.77141418137908	7.86402052103842	7.6526834552754	7.74475266470209	7.67883719472285	7.83932921632393	7.80116917362665	7.70577509813771	7.87637284650478	7.75898802161635	7.80166142280331	7.8799876053257	7.44405545338809	7.99330908716299	7.74589309282795
6.05173550655923	5.99341208976562	5.99340932878832	6.05811656677322	6.01497695725131	6.01272001341759	5.84003071779541	5.95200281745601	5.96449262179583	5.86401739571071	5.90552793296902	5.79955410284428	5.85986958296361	5.89996696086107	5.88182785310146
9.97026813609603	9.91598810095843	10.0448313077618	9.83663617142266	9.77188882817945	9.79314036348549	9.76587293627898	9.79222702919332	9.71969343885979	9.77840101646455	9.78464142305817	9.81908907794204	9.96653686081651	9.73122532147565	9.76177754609315
7.31833172496827	7.327140125412	7.3706343245118	7.45647137870793	7.38518177486458	7.44952670291587	7.72838943757182	7.75968789579043	7.74600945611828	7.77724831020396	7.76223130933911	8.08411150115872	7.68814007413027	7.94673549168205	7.87757457377894
6.08649516547569	5.99760604667703	6.04226076067978	5.95543601345087	6.17775482214944	5.95088568844813	5.85676611772467	5.96352470807908	5.91615172466527	5.97603001024908	5.93192875824925	6.18367378872547	5.91861888420847	6.06154450719487	6.07364224213217
9.87926325639941	9.83061851136641	9.92935036199273	9.77308806639846	9.81731483029989	9.78540378163776	9.65025928140821	9.67960933174989	9.68349721623538	9.65021288967331	9.73270420811382	9.72303714162218	10.0450002630143	9.49212100673252	9.71731907711013
8.96518049961397	8.97623424333265	9.03081678266349	9.02486263902995	8.86881920297186	8.84741977697471	8.81291903848892	8.88699769120651	8.81162956413468	8.71920973647748	8.79786955414624	8.61875822535251	8.7761965438448	8.86778042593937	8.76707694232738
9.26193794815021	9.1866554392977	9.27352965058702	9.22280623630538	9.19910946190257	9.23214241852793	9.14607961600694	9.18588043904007	9.17691398532828	9.10371082631378	9.15233921834239	9.0475549053995	9.30868738503592	9.18651437591645	9.14046390041042
5.85915462050722	5.79086040117473	5.85609825078435	5.80766651053206	5.68638921283427	5.78363441349144	5.71345502273381	5.74952110453951	5.74487698217415	5.70273905644187	5.76995579077539	5.54719743212855	5.8016074737374	5.8859437595065	5.62022287499815
8.41843517846892	8.36333848011854	8.40760064110715	8.23618003582578	8.36808854917088	8.33241535838539	8.27809630979468	8.29964213186467	8.26653593589701	8.18060045348261	8.18659308304071	8.08886223359008	8.20655044952602	8.17240467885049	8.28156887090436
9.02357008637495	9.12515345124824	9.0197610496889	8.95891640546935	9.04370636809292	8.98050565734883	8.95429383817178	8.91548272927139	8.94206771370525	8.96252152535993	8.97033881910506	8.46645224780161	9.12555658092486	8.96446386821002	8.82903322474641
9.36648845857171	9.36214034373316	9.27724810675132	9.36631817908018	9.30920104901845	9.34471701136955	9.32289273771782	9.2711097013454	9.29244474923062	9.22293179059634	9.22474704572008	8.94647816638655	9.14181075188143	9.3823450881032	9.2322427921675
9.05629614383274	8.96180414592119	9.01920603286486	8.90312634579146	8.94932172057934	8.93460947969916	8.88042982410452	8.89906000889891	8.8857452107221	8.78969074910676	8.79118288681635	8.77431532862083	8.55483312446836	8.76462910582403	8.78624954263541
6.87669586508319	6.89260092908375	6.84789341635588	7.00203962958548	7.00592510007335	7.10348797317094	7.61676288651079	7.58405042706521	7.63187177122358	7.7622272629621	7.70755948166171	7.93906046834468	7.48168844391312	7.95684288100252	7.67360694518905
9.50513558234743	9.46992993473553	9.37852018604417	9.58794816838077	9.39306368437598	9.46859498329959	9.35685663515616	9.37444387790195	9.40536549740366	9.28730911178037	9.31033782936568	8.9595068558462	9.27746274742341	9.42877644097658	9.33685127074231
5.76576528435251	5.70629771156309	5.77960534175362	5.74995420309299	5.74863584908107	5.692147550379	5.67623620090462	5.63894773587266	5.76060242419749	5.57122456246536	5.51957175108168	5.77620948437456	5.66451786143986	5.68602964764481	5.69991613868892
9.76142114279988	9.75947744777742	9.67020064604061	9.74193180971954	9.75034274315321	9.79130207972208	9.73448739526185	9.70445183051436	9.74884946826079	9.72212122732165	9.69186505469495	9.58356999924562	9.37793879235349	9.68712789433323	9.73163209643978
5.79756986807392	5.80528323205562	5.76380899906317	5.83104977864521	5.7116101645891	5.63434311608633	5.64960138780295	5.75836512358906	5.52778234334974	5.61957753419941	5.62497806976199	5.62762971694289	5.78366108500998	5.58119588421524	5.62022287499815
5.87911349250779	5.89343177696976	5.85609825078435	5.91223049665298	5.79066768072359	5.97697219519972	5.95641331351999	5.9825260924432	5.97126836755118	5.90363045941288	6.01189645580109	5.97386950085002	5.98296167093529	5.82477958470642	5.82961584418767
6.14538246582824	6.09477426693534	6.18754517699274	6.15398308585974	6.19575330535503	6.19715692241304	6.08700264843959	6.02347014436707	6.05657901506003	6.14755297778572	6.12084247167862	6.55705017567872	5.90761105116389	6.11663839156627	6.16546725114312
10.2851626435559	10.209929162588	10.264930167773	10.1273881610621	10.1671686146374	10.1960458556978	10.0932192139467	10.1538416374886	10.0352097265993	10.0702341039504	10.0532202305737	9.92384227051241	10.1107337909127	9.9303063965086	10.1459097440808
9.40101634983462	9.39234514269174	9.50560617975493	9.46912648984258	9.44904252685644	9.38330276508987	9.31563941202223	9.27651381516194	9.34887078154442	9.38019600565116	9.38772843342516	9.24350223121485	9.7770932811179	9.31288849125331	9.30689475365259
6.26781701665578	6.35558670057814	6.40695312431539	6.3545813893125	6.26558536847577	6.31231621946583	6.39277297622204	6.37947346153463	6.40583856115037	6.42861488746168	6.46628905883258	6.58421095133534	6.32049664402899	6.49030859835052	6.4532183741471
9.32929953006487	9.39831095300804	9.29935980184423	9.38225389824999	9.31642169940069	9.35321511817386	9.36244035506584	9.29489001829702	9.32788621299976	9.38089864601846	9.36019071518301	9.2519991754087	9.16281587070733	9.3049971974763	9.30317262628465
5.90368077067756	5.92459908266166	6.15560171049238	5.89458014274367	5.94222974571192	6.03275725852997	5.81284457599937	5.85223900179637	5.8255913511777	5.76426926000467	5.80709746675414	5.95319531125026	5.93226184605873	5.98794496874588	5.89882112263612
5.87911349250779	5.97225780545219	5.91450647558924	6.05414640035112	5.94222974571192	5.98213347518901	5.95951612741344	5.91291945036699	5.90911201021574	5.93072764697494	5.93938413551144	5.79955410284428	5.91587477360858	5.968112395244	5.98091447135308
8.9522707625077	8.86172882646818	8.94517254412802	8.94235099285405	8.96318920770564	8.94985128490935	8.78123571810129	8.76433180652098	8.84616856681087	8.67291377279202	8.74880682959557	8.6253134231676	8.55395001962619	8.94977764578286	8.86482455807998
6.02510587198201	6.12959150393464	6.1270598528456	6.07388905374228	6.05495983348698	6.12897670662868	6.03205289954911	5.92867981773925	6.00467869731311	5.94977646210154	5.93192875824925	6.51532636815044	5.98819649637639	6.11963843294163	5.92670677800431
8.72826409859339	8.8594241461371	8.7615882028091	8.88534489698518	8.77309952500787	8.80868860879628	8.66475925924074	8.68991215668409	8.75380094782556	8.6985038232658	8.72956597699106	8.43694612115737	8.93656987883599	8.81179941745909	8.6770895236029
7.16607331186637	7.32547151193248	7.21457313016468	7.46097982084724	7.3065662271871	7.32699159173339	7.42900734596003	7.33899899764513	7.43743641098764	7.2816174207687	7.40745124922957	6.31914365039597	7.15593986104465	7.51437585049966	7.34995931517091
6.0161191633115	6.03888957745717	6.17564898623113	5.98492944624262	6.06478507546261	6.0426726610324	5.94079855054051	5.79750734077781	5.89136128105146	5.87202730841273	6.03295928063367	6.28644849828558	5.93497505600435	5.81371213415538	5.86463248231452
8.63072289415989	8.76592808177618	8.65415676891411	8.7573901497775	8.60974340941867	8.58248324413894	8.73757753686806	8.65832563944236	8.66298885261772	8.6985038232658	8.70514835659045	8.67670962904429	8.77922241134853	8.80435503852295	8.64803922346452
9.71631765307163	9.62280494465113	9.75064148859083	9.53440279943502	9.64694486232445	9.59789633546301	9.46489382433347	9.51693071928446	9.49604526661945	9.4551715032247	9.49290598459802	9.57343580860898	9.80017922612996	9.37545378859642	9.53166015557521
8.84397534414027	8.93961201995781	8.86219048902074	8.7882174232883	8.80571681493245	8.87961222588933	8.83718322147108	8.80816787704339	8.89290694626082	8.85182902981967	8.78342879469283	8.86296324893939	8.8024601616604	8.77656705292136	8.84228446149051
5.88899055360347	5.85696935991592	5.90972824247608	5.91660962001234	5.85999665734738	5.89178252576995	5.87331003862885	5.92867981773925	5.91965876885024	5.87601568620269	5.90171671996487	5.91093819089371	6.00637050994583	6.06154450719487	5.99151627011622
6.0950559945664	5.98498749117755	6.04662099944231	6.06996204110202	6.0745439685253	6.06716756488026	5.97186120674539	5.96734501985165	6.04055947235056	6.12761177740195	6.05028014456788	6.30288857887014	6.0395276828074	5.95137482141361	5.98091447135308
8.90310854395075	8.92646133031459	8.98777930346496	8.89980897450577	8.93330820970212	8.93727182179183	8.95390456909221	9.0009795614442	8.93601344917775	8.95263040121366	8.99158300829315	9.0499932768229	9.08272442001625	9.01894662943419	8.96850431652877
9.3450986501577	9.43398411722988	9.33369131991229	9.40816899961782	9.41100233402445	9.46629259224358	9.40378583567493	9.33872522573327	9.32821645524391	9.36607085368757	9.32144708112667	9.07175513144609	9.19574401964131	9.2553565943653	9.39446076903698
8.67924969428865	8.80657101097274	8.76820946533682	8.91522519430635	8.71574351957379	8.73179899143284	8.68084356971985	8.71401009717083	8.70834834048946	8.64569276302975	8.71442142716227	8.4809820691522	8.98651490884362	8.58838268187317	8.61324782161099
6.92313514854632	6.97791641861325	6.93047780656595	6.93016399492536	6.93265457782326	6.92188863973973	6.96379899059138	6.91098538859217	6.97019605074757	6.95167918257571	6.8554574613458	7.37289172666297	6.71889337567355	6.70932541524767	6.81751175885459
6.05173550655923	6.15610321078423	6.15963348014422	6.11639619724992	6.08423740128035	6.06716756488026	5.94079855054051	5.97115526153457	5.967884464817	5.94598672681424	5.99052213757915	6.14772399873895	5.90207554413339	6.01719274653612	6.22509268884515
6.1078028889162	6.11807872165951	6.14343845694526	6.10876005065074	6.12707072927468	6.08646887897573	6.13993922092186	6.06328616455501	6.0178295467752	6.17047511704252	6.07079482570829	6.25299614345877	6.06700156290808	6.26492582267805	6.24295466103683
8.72481775880016	8.73042640189593	8.60248073151049	8.92396106335087	8.78132323902807	8.70158145128501	8.7750791383004	8.74218299904945	8.79834206412316	8.74618155573986	8.75674873112218	8.72022677280018	8.87213592826022	8.80435503852295	8.78396223792324
9.74518255381088	9.69663731825213	9.70374634179	9.49243913215664	9.57909430180133	9.56814490371423	9.47957197872387	9.53056422345159	9.49898170032039	9.46049941680926	9.468611720467	9.2263567244165	9.52421079572725	9.44801382084873	9.49949367293717
7.68325571989804	7.79213788768323	7.72933069001419	7.80273639653738	7.78822803430608	7.7253507168682	7.70452478688188	7.70119010177995	7.70895772097906	7.74377466281062	7.77166786371295	7.93906046834468	8.13690206683846	7.63467822960214	7.73803781960307
6.26402527398038	6.16358948549048	6.11880040009394	6.18336408903377	6.25703874758918	6.28750691518971	6.260600463355	6.31194508810408	6.25845872478531	6.31855953084727	6.46370488521111	6.83094325872806	6.26979573224063	6.38200918187923	6.433906029266
9.59923546097327	9.56032439895085	9.61873906919943	9.53796385366862	9.51284192287761	9.54999502516913	9.50317650888235	9.48594258307996	9.47293362460308	9.4101047306975	9.43996072219575	9.28756309673356	9.61634430333264	9.40374763170033	9.52391397960616
6.17798526959559	6.08297956823617	6.14343845694526	6.08560646589413	6.35239816966559	6.19715692241304	6.08700264843959	6.09855458695658	6.21343256149247	6.3675665439164	6.28788945527676	6.4429904051515	6.3411078096656	6.23480159374417	6.25180350366372
5.83891639084854	5.89343177696976	5.9614397699373	5.77909819465917	5.77878270473286	5.86409737842053	5.68000146450115	5.69988818156247	5.78771714761752	5.62432515861232	5.71890172702298	5.70382613937729	5.81933389055362	5.76474966255695	5.71917200391038
6.3630627067198	6.41325830690168	6.40015192957172	6.33507515963663	6.27831123030335	6.37646367964411	6.24542190325477	6.25367659833372	6.21057128064305	6.32441211510293	6.31394482776811	6.86456848895568	6.28050617750998	6.43114746692301	6.32909450958998
7.62824411848042	7.65801899293959	7.6526834552754	7.69458686847361	7.69949667385779	7.7253507168682	7.66226427531175	7.72170881798803	7.67923712068644	7.55123262679805	7.68109676559499	7.78365311541703	7.64815272603893	7.71627199850455	7.6453279610703
5.96099292389856	6.02251739773633	6.03788732726039	5.82174179348346	5.87123508339254	5.9027098366594	5.75688938148739	5.71813414995401	5.78002181377522	5.78137906595526	5.8030174044155	5.99425215872405	5.81344919421171	5.91039581630386	5.6606180770349
7.8532331279263	7.9852321925032	7.96543096707791	8.15131252078479	7.94817497042265	7.98410816672256	7.89255746711211	7.87816350917367	7.94257402464755	7.93960736122308	7.82198926426329	7.54869425047183	8.1707070225301	8.02086951432938	7.90869931477863
6.04291336888758	6.01426122948762	5.95681441878692	5.84948791516534	6.07939881260054	5.98727639122481	5.9058405893882	5.9442702187059	5.76060242419749	5.87202730841273	5.81926903968546	5.6534769215264	5.78666765709275	5.81000408152415	5.92670677800431
6.27537077342265	6.2540348162717	6.29041994172796	6.16138453934459	6.18678209110322	6.10077754456678	6.169723019001	6.10550614364662	6.08497416595791	6.06258547921435	6.19747905449879	6.36683926761155	6.15342984030746	6.21529931143489	6.0786234032789
6.25258996134439	6.17474666571748	6.13527236186454	6.11258316816594	6.06967275964974	6.1243148972361	6.12343097098677	6.13298269464917	6.11282210014565	5.99815965997269	5.99768208835087	5.84514238436952	5.95114823892587	5.91039581630386	5.98091447135308
6.0950559945664	6.03481388722796	6.0810372635151	6.1760746618144	6.09386624462953	6.1102385429312	6.32459133677361	6.32986782047399	6.4133250092519	6.61685918584399	6.46111607901079	6.91892639741646	6.78509339341022	6.58671825869397	6.82642767034161
8.71651279944236	8.80776680788812	8.62454189227727	8.84221432761934	8.66654474515929	8.75159804585828	8.67518720692859	8.63567613264052	8.67238366417223	8.62033038967474	8.67137500538632	8.45545804261364	8.90644335113036	8.60508153567049	8.6106688633356
5.70557602223663	5.71141120616928	5.64812384652762	5.64306215197725	5.77280339140449	5.74773097578741	5.55846645286562	5.69067817294809	5.65098008733152	5.57122456246536	5.66597979474373	5.79955410284428	5.72844588971435	5.49611373365031	5.52133742155241
7.91380989506048	7.98205797676597	7.92807612482856	7.96071405686294	7.92811506263686	7.99053087547802	8.05598867050614	7.96869409802657	7.9800437902286	8.03017442880025	8.04244334926841	8.03572349246862	7.79215148563307	8.08831825061244	8.01263444722401
7.46928833614448	7.52911682715936	7.4567635417803	7.65184543189635	7.56046812717533	7.49359986985809	8.07472746477245	8.05387829137725	8.08694618657538	8.0690586071101	8.10764988418282	7.86898232763673	7.74959217679879	8.43111930357145	8.10103393355918
9.50272274366217	9.45245130530935	9.55200598284789	9.38502464161949	9.44857316216326	9.46859498329959	9.34799599864066	9.44401918543898	9.38519243248892	9.40872729007713	9.43930290448431	9.44592493409367	9.56269540090071	9.32854275781055	9.43292577758461
5.8541215563219	5.85234622038231	5.81580607192032	5.81237350930013	5.79066768072359	5.79540686628475	5.71345502273381	5.66739334478882	5.63400953949041	5.8191517374459	5.60168715532644	5.75248188626738	5.73156932389272	5.67791683279103	5.59959442393884
5.89390389599344	5.87531550448491	5.90972824247608	5.97236301796879	5.91533509137244	5.90814267614284	5.8366602693745	5.73166917607917	5.76060242419749	5.80248555838342	5.7361207383125	5.88933723645834	5.81344919421171	5.76857541890834	5.79373020433598
9.56070580738002	9.4901817279619	9.49965011960143	9.52402575626567	9.48564796697812	9.46213900633609	9.44508772426425	9.42641657949659	9.42093175214219	9.3980072990761	9.42774227497209	9.46066223787797	9.45564915087805	9.42544402819771	9.45417995754056
5.89880059765177	5.87531550448491	5.78483268283309	5.75485249700767	5.89895481737204	5.78953261800713	5.78163656461519	5.77589256933339	5.79537175332947	5.73821897525994	5.7232257326678	5.60131246703483	5.725315696977	5.66975827211101	5.77544785172815
8.56208532499364	8.59083757268777	8.51936018729228	8.75126757415011	8.54359879636499	8.53053788026682	8.57698996137753	8.58804038793971	8.63763276338318	8.55022510820674	8.56684336962266	8.3043428837709	8.41981409700384	8.66076323529629	8.4400699696418
8.25888496774878	8.33043595170142	8.33453336525617	8.38595506442215	8.41976617169377	8.36738319354772	8.37838944041821	8.37714386884033	8.37344238932539	8.36306303497547	8.41854097489441	8.54806822128619	8.63426791116803	8.30557709780697	8.37469525724143
9.08346056183521	8.99944503495638	9.04996277052485	8.87186349857249	8.98147425056582	8.93594126486001	8.90560789833006	8.93806750995009	8.89602906112381	8.80756999061938	8.9018001006702	8.76246967156513	9.02749069452219	8.96237496714655	9.05451653673612
5.8541215563219	5.84770825221743	6.03350061922594	5.99324677776997	5.89345322352692	5.92967214727257	5.82309936508016	5.93259320893995	5.88778483240012	5.77712055213651	5.92443473316577	5.62762971694289	5.77762912568448	5.8610710440161	5.92117251092121
6.04291336888758	6.01426122948762	6.05962333663708	6.10108333614435	6.1176613353243	5.97697219519972	6.21197747943625	6.14652748960798	6.07871217373782	6.1242613228447	6.15326978088453	6.09206447268825	6.18112740108112	6.01719274653612	6.0433892448578
8.20152424554882	8.08427397557143	8.03735886082689	8.14291880859441	8.16937224757629	8.14014606350439	8.19093422131985	8.14194547261803	8.19808163579405	8.15864353831267	8.07837533524423	8.14468339438676	8.01578167030914	8.16224898883141	8.24655966114205
7.40700735345068	7.41919652091283	7.31745987243165	7.49215057565827	7.51277728682406	7.52579326913124	7.84632896082601	7.7750403615606	7.75586224687198	7.83479069495907	7.78208104815659	7.69295891203749	7.54349480488838	8.02727852407655	7.82663119549738
7.89308032444326	7.92809968106658	7.87998012942523	7.83898268779342	7.88019471332262	7.84359276990503	7.85719333769762	7.79454222365558	7.77051642374029	7.866240242418	7.87645776718106	7.23398636602303	7.96752232416372	7.79818988692372	7.69972553537271
6.00253345349581	6.05909738166691	6.13117194199844	6.37701061597126	6.15032958145813	6.21041520210666	6.50750805865871	6.54207274995576	6.60423134684292	6.6405143469675	6.58042303230509	6.78485542357582	6.41490948258035	6.45747742911554	6.57458521501223
9.0710284205352	9.08527766326583	9.0080606214006	9.34736597680134	9.08234024741449	9.15246903508361	9.31139140364659	9.29260575240193	9.33250273957539	9.13445233361259	9.15193778078338	9.100269552258	9.10941777361853	9.20217771758659	9.25168491151101
5.82869005728097	5.90687155081795	5.84612996853612	5.98075276389832	5.83151240272473	5.85849616411277	6.089837663579	6.06685199306184	5.92664743709465	6.17047511704252	6.15647284172432	5.91093819089371	5.94577725781457	5.81371213415538	5.89317886253763
8.54577118145095	8.55354491102026	8.69850990837788	8.60683645691404	8.75195243491261	8.74932735743203	8.92639137727068	8.89855942067562	8.95452844772711	8.94979186568467	8.96577813545133	9.15792390729849	9.13296754937303	8.88022616381004	8.93178411111213
8.7412856210596	8.88514193419371	8.76886992336073	8.88478567998748	8.74966818137153	8.82315499755986	8.81934401883073	8.77800410744981	8.77866187754461	8.74836123644683	8.72201357344134	8.26710193483556	8.76020577881242	8.76750323474583	8.67955254456658
8.85914460488214	8.89867291173898	8.97352541341151	9.07768642501659	9.08052380957541	9.00101015423881	9.14130094979194	9.13451399192381	9.11892315599006	9.12902553807468	9.12641934025386	9.32831064460935	9.07873887800089	9.14549116271466	9.14522389055141
8.40471639959907	8.45472007747603	8.3566689619824	8.54234755903269	8.33900851464624	8.42447575064437	8.31977912476009	8.23290893115885	8.31599266490893	8.28488557490895	8.29890733381208	8.56180271685784	8.5090910521136	8.19819572649402	8.30302595114959
6.88906231489768	6.86530219502856	7.04829607686911	7.07050519332578	7.13752019870789	7.22174733861392	7.65366159269596	7.57280024922329	7.65837755939107	7.91750208656064	7.72601454771471	7.90174949776675	7.81149239656843	7.56370672940558	7.81771455330157
5.89390389599344	5.88892394526623	5.9381635809975	5.89458014274367	5.85434451766281	5.85287316795069	5.79905741984349	5.77153058000681	5.81809544628108	5.78562507795459	5.76157093718829	5.93222114629225	5.78966799206943	5.76474966255695	5.75070625522829
6.17798526959559	6.07108780913898	6.0113651098518	6.03413030253201	6.089059842878	6.05252049907212	5.97186120674539	5.94814168842492	5.93706749814814	6.06608185317647	6.08767070245827	5.95319531125026	5.89651876143515	5.83940564655709	5.98091447135308
6.02510587198201	6.09477426693534	6.05962333663708	6.104926791265	5.98424677884864	5.92967214727257	5.99321460113078	6.03807592972448	6.07557097254914	6.12761177740195	6.12411814753115	5.82252787921875	6.10364357578179	6.09850615431168	6.08358745365523
9.46107476816417	9.45550631816559	9.46461150497653	9.35828382233103	9.38229075172864	9.41802704684856	9.35036416105755	9.39162127048006	9.3288767130391	9.41113694880391	9.43237764905328	9.42916350820922	9.55322530395482	9.40559380421419	9.4353568543458
10.194633074215	10.102455267734	10.147438915698	10.1325791620664	10.1383552474821	10.0416174822779	9.96753734902746	9.9771219841741	9.97447802215869	9.91783095172476	9.95906835531331	9.82906176082646	10.0868150042278	9.85776403638923	10.0542973104291
5.79231743579446	5.90687155081795	5.71535779006329	5.87220980448393	5.85434451766281	5.83015994115704	5.84674813810418	5.74952110453951	5.79918391708388	5.90363045941288	5.84727720339761	5.91093819089371	5.81049784191065	5.71803349735906	5.69991613868892
5.81321367063888	5.85234622038231	5.90012413689961	5.86316385031253	5.79657374366781	5.75979808276269	5.78863010741483	5.76276693735928	5.84046759257657	5.86802789860282	5.81522322040948	5.79955410284428	5.83103192757841	5.86465059237901	5.69344013875389
5.78175499701624	5.71650669026095	5.79523102486406	5.74995420309299	5.77280339140449	5.80125735166227	5.72078525240095	5.69529050591545	5.70479880457078	5.60524049433283	5.70147529286083	5.86740865715225	5.75324653991984	5.7570676581481	5.81178433032653
6.08649516547569	6.05909738166691	6.00241510219774	6.12777528202526	6.06478507546261	6.01775542773436	6.09830948935779	6.01241811756209	6.03410160308625	6.10399379469089	5.90552793296902	6.12940801619847	5.98296167093529	6.09241115924474	6.02286292055774
8.65337863949622	8.64335569217677	8.55272504629519	8.87299177244926	8.75499249139582	8.7874512857726	8.80991089438041	8.9164720629673	8.87176735817132	8.68775444677551	8.86700369141133	8.71716156182712	8.46514300267944	8.96571575864661	8.70878541650541
6.36660348815353	6.30908273692734	6.35162510511785	6.61668670452274	6.56122639053279	6.57406675165169	7.11765931827132	7.1177645700338	7.16908951252901	7.33189464263664	7.20256026026073	6.98156399668249	6.75006206554938	7.14755158556229	7.03310951553461
8.06863797843908	8.06239953654411	8.14811094928368	8.0158917975548	8.12776278738853	8.10742546080517	8.07901745818084	8.11116804599176	8.07440234321852	8.1069223129884	8.05795247036614	8.43694612115737	8.05438407282742	8.21162404762974	8.15748725439703
6.63967600349716	6.59038800087538	6.68393935047876	6.44228113638148	6.57504794950769	6.60452310681415	6.54312335868069	6.5497413093956	6.55769275751982	6.56835346488357	6.49694373238593	6.26981915409074	6.72674886207277	6.35425309874556	6.4024588348622
5.97497283457547	5.86157776512331	6.04662099944231	5.95968638346677	6.07939881260054	6.022773359729	5.85676611772467	5.97495548597425	5.83304860137717	5.85596286388911	5.97246553811879	6.20131871142433	5.90761105116389	5.98794496874588	5.98091447135308
8.4654489771667	8.49684627795745	8.37933530619938	8.43414308767719	8.37798177158514	8.35548944923124	8.42294674092412	8.33410876110174	8.43606461466623	8.41818061099365	8.32406847470953	8.20281452633166	8.18275404090838	8.51787888289414	8.40279255892479
7.25857928892552	7.23415473514635	7.24146647863354	7.35838692677967	7.3065662271871	7.33104582281565	7.45894040852861	7.43047706239081	7.49621705420525	7.44505524163089	7.37892307342544	7.37289172666297	7.30822352775484	7.4189022472681	7.26505206177456
6.13711550525182	6.13721604480214	6.18359065369199	6.24736492570833	6.31993884221077	6.23657222688333	6.43129445326267	6.37372516136329	6.45503041916959	6.7960626793523	6.70382133345037	6.74929750758283	6.69826679237598	6.56926217894552	6.60943585949974
5.94687648983666	5.95941501852461	5.9381635809975	6.0894912512583	6.04506733580733	6.08646887897573	6.09549106244108	6.08102796676691	6.02436037002412	6.14093644272466	6.13064730534005	6.47236101139472	5.97770781805216	6.052154470534	6.03316252318328
8.45716522982383	8.50424107065807	8.42194829213427	8.72088554312271	8.56713914978557	8.64489055934269	8.71982909475057	8.67771054863642	8.69611832412147	8.72917644009579	8.75251849138408	8.68927761060791	8.46138026959583	8.90436494057525	8.61839194949305
5.98881883230334	5.96370863811824	5.96605036819522	5.88119951619124	5.99969353581655	5.98727639122481	5.89939277068054	5.89698537771247	5.84784871444201	5.86401739571071	5.84727720339761	5.62762971694289	5.78366108500998	5.77239108269045	5.85305423342816
8.93089334373533	8.80836433488309	8.91207194885652	8.77921875269534	8.83546049545393	8.83533839866457	8.810341013444	8.863592506974	8.78781535172384	8.73633203515661	8.79632922541504	8.82929099353069	8.92397960257622	8.76989397619313	8.8186418989577
6.30150212465905	6.15985119678271	6.24559969805514	6.3545813893125	6.27408172089239	6.2999648305271	6.16704062898248	6.21562639786463	6.20770432166335	6.2647909795793	6.27025438767198	6.50114615078548	6.13937937180384	6.29443466188895	6.28666658825253
9.27942791827965	9.311193236959	9.24912322976251	9.26596177632635	9.25171186931249	9.24240481299028	9.18308548329756	9.20988534972182	9.17177082002349	9.14276159317949	9.1785901344102	9.03775999854064	8.94804324521	9.15868755160574	9.04435983838305
5.73324560664188	5.79568401057388	5.8709229964347	5.89458014274367	5.81995971937645	5.68583769860271	5.72807852657649	5.69988818156247	5.8551923507303	5.79828882992437	5.68383639195594	5.46203231430517	5.85414787717687	5.8894623317379	5.73186831370379
9.76175751073527	9.69437624348355	9.63295707132418	9.57898797440512	9.6676612675748	9.65278758764986	9.55850468984231	9.60701063310242	9.59459913003858	9.65341500873602	9.5867818548043	9.61025156143605	9.68288895867327	9.50308399104614	9.65860329261464
5.97032787092644	5.98075670667135	5.9614397699373	6.03815576109588	6.10819026730666	5.98213347518901	6.05834233306425	6.00500286761131	6.04698861356736	6.08688429373518	6.11755935311527	6.26981915409074	6.17883944357733	6.29708763069663	6.19787868960697
7.67184733598316	7.74547802901093	7.61791768682694	7.94148393895441	7.65625266667208	7.78420463649123	7.83538215928205	7.70577509813771	7.812662900011	7.72286800610761	7.73139788969552	7.74203744251854	7.49647107338541	7.84610394219309	7.76147650020345
8.80141827335064	8.8594241461371	8.830906318196	8.83702031066708	8.8533004602873	8.80941538364823	8.67471484084132	8.7025850719853	8.7073331228338	8.62151997391491	8.61656859934188	8.75052595059816	8.77012570367914	8.6289829879889	8.7499916866879
6.00253345349581	6.07506261176959	5.98434709165401	6.00563371858677	5.96863316421423	5.94031782971823	5.98410174571113	5.86458053311997	5.94741298840879	5.99815965997269	6.02246623745721	6.07302445697424	5.93226184605873	6.06154450719487	5.84138252654916
7.69034042625395	7.80776026193632	7.82133927558284	7.84589413832355	7.93617252297902	7.95155864709914	8.08258273467103	8.00727907566717	8.05617733876822	8.29087940574349	8.15969116876548	8.05527385452415	8.57890907351901	8.12463674067947	8.25869013329032
6.80802223150438	6.7431533689762	6.74158218965971	6.61399100388361	6.72205416364968	6.77786131312205	6.68679765720066	6.70889897829796	6.73547131212255	6.74895740691477	6.63427602721173	6.54327576466001	6.72518118059782	6.76021743596893	6.81452750892788
5.69997802825392	5.81956364522988	5.67651862163879	5.85861956201768	5.90989559498614	5.9350047878869	5.87659622829993	5.90098538984462	6.00797764452102	5.88791523058292	6.06398890474067	5.84514238436952	5.89929982243759	5.87888082218522	6.0433892448578
8.79683012776933	8.77145460678713	8.82456724947773	8.75555610367655	8.75499249139582	8.76214759368797	8.64608606393467	8.67479013082403	8.70071673784675	8.66543579455995	8.72363527711715	8.86018704991846	9.02812676483622	8.76318989141019	8.67873200468643
7.61042709363356	7.62040671261692	7.74149425977304	7.42604967196964	7.68043692942545	7.72842798004574	7.69244280069756	7.7228402363401	7.6854366371533	7.80578318912427	7.76012588989646	8.12631525894916	7.96884807927024	7.70132047912983	7.92678049390009
8.72688655039926	8.77084159282663	8.67121436521154	8.73087672493952	8.79320194305121	8.79334115042671	8.73304742717532	8.64764123589063	8.70224629123751	8.64977964955579	8.66238396583746	8.63183897213093	8.34316673854988	8.7477482705688	8.64047363157106
6.53969820940702	6.50158588555008	6.65565987217909	6.48716044450957	6.60903385878483	6.56032160805643	6.45127966983824	6.52920061513639	6.29403648626106	6.53844810458557	6.49441388486519	5.86740865715225	6.4683551547012	6.16970858839351	6.59906870559366
8.62629651846656	8.63933135052223	8.7615882028091	8.53452563497107	8.63801198195158	8.63344426344853	8.67424232004872	8.61022170799285	8.63656652729735	8.68377387408343	8.66744831817334	8.58552789950343	8.97567439204622	8.67307753054068	8.58986954005093
8.32228512257543	8.34038573361436	8.33006519934429	8.44859388863869	8.4062943549615	8.33039136674518	8.44139138975209	8.32071970380122	8.37088007082933	8.27282269184608	8.23135773362939	8.10302129165938	8.13984768598793	8.67205534420445	8.30727933866857
6.42210633021875	6.29551617393166	6.36565707975127	6.43923900424569	6.42286955592253	6.42277116096974	6.39047468890993	6.46576497599794	6.36008614658879	6.51304496446089	6.40565076879929	6.67544123664713	6.44378684355177	6.68319044472347	6.48359078657557
8.79551654459238	8.87319732609793	8.78267015573752	9.07229378485168	8.95792206052587	8.99718769295966	9.03747671771837	8.99396708066958	9.11624839058111	9.30518706114243	9.17582848154761	8.9595068558462	9.4957509340338	8.86106863798829	9.04308520881235
9.52350115897143	9.40819947479529	9.53385790478342	9.47656822079514	9.47093217581378	9.47685329978814	9.34324798010517	9.39304353070176	9.35342075111972	9.31404363876808	9.39690502978433	9.29374908047738	9.59460832115101	9.32529543001189	9.39496045637808
5.96566793292443	5.95078932940597	5.96605036819522	5.97236301796879	5.99969353581655	5.98727639122481	5.91865059351396	6.05971151579858	5.97801249997236	6.10399379469089	6.05371954508774	6.14772399873895	5.90484594694142	5.86465059237901	6.04847559567868
9.6071189706264	9.52367942430236	9.56765297182604	9.46688646474339	9.47000743589007	9.51789506825433	9.37848299045934	9.44949760413339	9.39279042559133	9.23890992027	9.31393081404691	9.22419913800187	9.06392691083314	9.52079403118981	9.4069013242472
8.83633048201219	8.84784519553713	8.89704610528062	8.87637130963699	8.86460334621071	8.89338796395862	8.86229114129351	8.78938955155313	8.87176735817132	8.86945978421726	8.90941997599452	8.91472072875768	9.15264324154379	8.81920558157095	8.82755332400704
7.67613605692126	7.73420244917005	7.59128239861254	7.86869609778899	7.6659750655001	7.72689016879166	7.96697303547609	7.84529421434111	7.88627448753764	7.92811643566865	7.92894468913977	7.84671670657747	7.61889629863844	8.17457162909295	7.81024169414844
6.26781701665578	6.29210453013291	6.49257188476327	6.30531281233842	6.31582965277488	6.39206506554073	6.42905670476047	6.40224057084953	6.28318251655241	6.46880677233157	6.47657975688926	6.90821734344133	6.42266674663639	6.54043809783514	6.42610819376273
5.69435828962814	5.68045557359664	5.67651862163879	5.70003679897384	5.53216358662076	5.51842661816861	5.51276496010183	5.57031609735422	5.5729947229496	5.32529545845184	5.41659726028637	5.37154484582616	5.5130679553495	5.64500289806451	5.30915646658358
8.45383836772461	8.46536749985443	8.39053632856577	8.4962321192977	8.45664477672489	8.43863763930814	8.3240024262015	8.27748224559502	8.27752176202218	8.31754770759253	8.32691629287809	8.47736330878778	8.47823582364676	8.23396144209601	8.3928205044048
6.63086783547068	6.57080790623185	6.5854398239953	6.70293371513998	6.61907557230852	6.57406675165169	6.63530898302127	6.61210998765251	6.67030081572915	6.46880677233157	6.56362617733605	6.83094325872806	6.85270447003784	6.75829286755636	6.61972910518352
6.39114884387558	6.36210956276792	6.42046017550598	6.28512500180102	6.39587110489214	6.51472416928689	6.48829114911044	6.49783110291762	6.50025997293874	6.46880677233157	6.41370600228869	6.6627559973631	6.51082385806391	6.41901874521061	6.58512901581007
8.91040849772369	8.89811164739943	8.80923887285855	8.78342511784841	8.77309952500787	8.74401514511458	8.72668128166749	8.73547150506577	8.69560648338122	8.66889198598553	8.72039004486828	8.49178420777949	8.8005999620793	8.69135411588043	8.76784875816216
9.44063166847883	9.45130400560703	9.37070974969423	9.47916378449119	9.3419186759962	9.41038244445539	9.33520009512721	9.29146226176533	9.33743268006855	9.20598192284739	9.22360138817119	9.04511240589601	8.92021526110914	9.39572013828668	9.2361522326532
5.90368077067756	5.92899720690007	5.99340932878832	5.84948791516534	6.00990041900068	6.05252049907212	5.87001636316334	5.90497436567811	5.89492890461022	5.87202730841273	5.95785607694595	6.36683926761155	6.06452540853272	5.83211110707205	5.84723015622359
5.72224119836682	5.91132385450221	5.7262658384968	5.8676939015575	5.88238683080515	5.81866812911519	5.75688938148739	5.76276693735928	5.66357865175192	5.59560295411276	5.59226482053974	5.77620948437456	5.7095623251151	5.84666357354113	5.6606180770349
5.89390389599344	5.98920592830038	6.08528223262324	5.89013367896532	5.98941406132813	5.94031782971823	5.86009007977104	5.89698537771247	5.85152519452607	5.89971763748081	6.06398890474067	6.07302445697424	5.95649933805365	5.65743352370307	5.91561697653287
6.0950559945664	6.01839520891171	5.97064630719002	6.13906545485473	6.12707072927468	6.27914154478968	6.66604194891077	6.74051662235278	6.70528856410219	7.15098062046105	7.20720381865084	7.41889066066485	7.13719744545802	6.79817961515209	7.06359583733473
9.6108579355676	9.50647555402681	9.6398333575637	9.31078103740891	9.44292884284229	9.41564245703449	9.35361405025043	9.44230290453299	9.07315776881787	9.22684524292298	9.30853797592873	9.34826081961278	9.41172221401168	9.20747886025944	9.35955755455869
8.7474129296671	8.73357577582832	8.72393687401378	8.94288834048201	8.87092252063898	8.85377507751012	8.91843312363288	8.87940720692598	8.92251647407194	8.93981277964176	8.92829543264619	8.89315397655812	8.99727457870154	8.86330937174852	8.86193586974599
9.16354180779023	9.09999452877602	9.14052715559913	9.20410050666307	9.15030047613175	9.16671912538861	9.1094982636594	9.1178376511509	9.14877093732395	9.0290271303886	9.08243796567077	8.84341672760677	9.16397390295409	9.10743226532003	9.06585800146351
6.56149178094281	6.54523694304745	6.6209766966525	6.94525736052156	6.83837325127215	6.88651806935024	7.21571669794998	7.21262274913405	7.20117110318206	7.43967051535694	7.33716464474011	7.66777912775767	7.33519907082055	7.19386073273075	7.28675178117846
5.68305290006126	5.74670834334185	5.55943546334768	5.80766651053206	5.69273578889923	5.71711531227804	5.62637473379086	5.65324043672636	5.70072923607255	5.66636710911124	5.49955428583843	5.43249340409229	5.68399459821296	5.48685984049891	5.61337934155571
6.02061950242235	6.02662786290607	6.05096812278717	6.15026809232458	6.03010045512915	6.17478577436415	6.08700264843959	6.01241811756209	6.10051144802587	6.19942196312396	6.02246623745721	6.16581070257064	6.12043032142592	6.25404410146446	6.11786638091891
5.86916849445511	5.76157595105889	5.76380899906317	5.75973425933273	5.70534602594042	5.75979808276269	5.70608746220312	5.65324043672636	5.59945949737626	5.64783242620984	5.58753055128854	5.91093819089371	5.6513861801244	5.60705722538003	5.72553408746833
6.99125509055451	6.88808684135053	7.05264098621902	6.97287592941089	7.12347720108261	7.15470805256827	7.20004832913383	7.24605646878144	7.19539088117229	7.34347429523411	7.20100908133002	7.55557430662916	6.89515170825606	6.80378881063107	7.01502384367675
6.83639587780262	6.816250786621	6.80218119591073	6.66436798027516	6.84123595315277	6.89201642881126	6.64883522214116	6.84394624617468	6.74143287046164	6.81073401935645	6.69061982881464	6.86456848895568	6.35536259736786	6.61251294751253	6.80854043720836
9.49222022642127	9.46576948596791	9.58950185662164	9.46464295627464	9.45839789554915	9.45565400978264	9.32860920338692	9.3690337282404	9.32391739852926	9.28655936790283	9.34937693318584	9.40460350625174	9.52421079572725	9.31845215697237	9.30795645720842
7.67041492502645	7.72537122904297	7.85033369655173	7.69331010305388	7.90777233163544	7.87447972467343	7.75544389209922	7.6768768982665	7.74995864943544	7.76760989119013	7.53359758124596	7.58277111680879	7.93261805311816	7.52686757143289	7.75214666601065
9.88606765366086	9.81910145260361	9.82270415147123	9.73543290639912	9.69561971086843	9.76006345539519	9.63771113327018	9.66878824843584	9.63760259424944	9.47208608191859	9.54916880107715	9.44777535082638	9.6741781426161	9.69972199578863	9.63172016391534
9.12065145771323	9.13994592646637	9.05267728784983	9.09664498582744	9.09499167815731	9.12587535058673	9.07519016211676	9.0414467551735	9.04651123222851	9.09431633332376	9.05221066354658	9.19585287618954	9.33899421543381	8.97029675212576	9.08022132516699
5.83381226387246	5.81956364522988	5.79523102486406	5.85861956201768	5.76679925686814	5.81288779547917	5.80596742755833	5.72265991073514	5.73694968416498	5.65248840143936	5.79892579886295	5.70382613937729	5.77762912568448	5.83211110707205	5.81775263168072
8.60095392940089	8.67055896485313	8.63906412587238	8.73646650751235	8.66896435582226	8.6850444672837	8.60055740364264	8.51937384549211	8.6242478396804	8.64802954413969	8.61482189615695	8.49178420777949	8.99304549493879	8.61522159844288	8.64131621469841
9.31561834239063	9.31750348290494	9.27492519500267	9.34614776701192	9.23111882444913	9.27854656473567	9.14744204704622	9.12812280612194	9.18240424922779	9.11135198772259	9.1789842250648	9.15566143196126	9.32093853329923	9.15356995587149	9.13209594039698
9.17823198662923	9.18757437613544	9.3093821686375	9.17649331374178	9.24686106710974	9.22562309186389	9.31775873489684	9.19365452068025	9.29244474923062	9.49887304454145	9.39622727997115	9.2198742610116	9.78671037366887	9.33630665214403	9.38039879235228
9.33970127720657	9.37591159299125	9.16582168852844	9.39330508680501	9.36746953509513	9.42989123143628	9.52482937992067	9.48427548572751	9.49839489151946	9.54254621183058	9.46376807922068	9.29580519490353	9.1273386882828	9.55002153929362	9.4503387781842
8.45716522982383	8.51159815539179	8.40675220184739	8.55856672967786	8.45290544558723	8.43675739981561	8.44969800044078	8.40207946301384	8.44522785396208	8.27206540245868	8.37104345827807	8.13552855613664	8.10349361963786	8.59594804169779	8.33566633091718
9.04251969688834	9.10486697811246	9.0768808137564	9.15346374240136	9.04866998507677	9.05410108230391	8.949615662889	8.95260850371164	8.98710090450477	8.76729427013916	8.78653543426935	8.7354558990273	8.64757502715168	9.07415751806055	8.89622416058312
5.73324560664188	5.81005905507126	5.77435903948544	6.00563371858677	5.67361192782099	5.73556235420834	5.85676611772467	5.85223900179637	5.88060528480144	5.72943024067709	5.97971526794494	5.70382613937729	5.83394171049599	5.96478034879622	5.86463248231452
5.89880059765177	5.94645710661949	6.01581941611685	5.98492944624262	5.99969353581655	6.01272001341759	5.81284457599937	5.91687567894481	5.8551923507303	5.94977646210154	5.8433090972998	6.03417491843109	5.87690009373297	5.87888082218522	5.93771215591514
8.63953511257003	8.62989733505913	8.57025961017333	8.64564312152562	8.66896435582226	8.68345958557323	8.77463837567122	8.62361097026249	8.72599997760267	8.73742975278427	8.69746670256913	8.50960996847433	8.28953179876133	8.80528768925286	8.76784875816216
9.35939370037324	9.3763146464582	9.25855923944112	9.53938581787076	9.45933010446033	9.47548019229506	9.62920339214399	9.53765449500895	9.58744354920258	9.54568285516504	9.58231972375358	9.55295133455786	9.29712316734432	9.57238205845147	9.54432858955618
9.30457920686745	9.24564250408385	9.17132746838943	9.18605717510491	9.23711025796688	9.2531290468888	9.29519538946351	9.26956194349307	9.29413622767293	9.31808480438799	9.24144633371482	9.21336253905478	8.95942608923035	9.36947560615826	9.35185685666431
6.07355807263236	5.98920592830038	6.18359065369199	6.1724161101111	6.12707072927468	6.11494591370386	6.14812315229771	6.19621875872476	6.19906914977501	6.2433282954466	6.17869761965946	6.39778320136383	6.27623152420056	6.29443466188895	6.25180350366372
8.74401208247207	8.82617603071801	8.90728068378606	8.70259826847939	8.81521429418104	8.77262056184788	8.70741254641236	8.66186959632954	8.68171769520047	8.70861409301129	8.62815955628157	8.99030389576276	9.07935275539784	8.49667317788931	8.74137258288706
8.73376117604834	8.70112497280317	8.6950392035875	8.69049002894387	8.6865852526378	8.62768688058534	8.60204871776777	8.67303503841123	8.61831890436465	8.67061698185774	8.62237571777537	8.54461407069436	8.68475982632517	8.68275235035444	8.56433027789753
5.89880059765177	5.8242926171585	5.69883993658077	5.79345289071951	5.87123508339254	5.84722822025293	5.94079855054051	5.93259320893995	6.01126907915508	5.90363045941288	6.07756884389618	5.75248188626738	5.90207554413339	5.81741070344537	5.96486453242394
7.40528620543754	7.45168445404926	7.34959907360431	7.47442124533793	7.42389502769984	7.39828019257881	7.45123940578921	7.45791423452948	7.53105807295034	7.37060920967118	7.32439779770046	7.45613385582181	7.04719993632822	7.29159298903286	7.36022989762548
9.27141830664024	9.32295012593713	9.36983930758702	9.33021671637222	9.3133315590127	9.34471701136955	9.34740335015728	9.30399108592886	9.35989591626659	9.328320617961	9.37814990680864	9.16693849473422	9.62288596938045	9.26623536518743	9.34256143228631
5.82354964284142	5.7664980531284	5.76380899906317	5.69494900367908	5.71784729664974	5.64738957723656	5.61854893014123	5.66739334478882	5.60382362819111	5.51610167087883	5.65244122808112	5.30791987361566	5.6513861801244	5.58553832338653	5.62022287499815
8.94991107596509	8.88003492066749	8.87696930259732	8.77439641331362	8.76708906174304	8.78375787266364	8.65281710275188	8.7208219357045	8.6749825137188	8.5595647835414	8.64992908020426	8.53420172243234	8.65294617836075	8.73017657827135	8.70153253985344
6.30888221221974	6.36535998002203	6.46023950553575	6.42085039691125	6.5045778915572	6.34073190754287	6.46226421316144	6.39658235190737	6.45018595408984	6.52071294074472	6.3948400887266	6.62401752176938	6.35333479232497	6.46928871599672	6.28235444016719
8.0588172729723	8.14040198845942	7.96427814901388	8.30968097826518	8.29269094356163	8.30381779038158	8.37722865403339	8.41543759519894	8.38110215426913	8.31974797482967	8.29163710019917	8.18960602263389	8.02218113405047	8.29764582863603	8.22086152085829
5.9230383793229	5.84770825221743	5.88072238551138	5.92966795985328	5.77878270473286	5.99240107327703	5.94706471024233	5.9089523658166	5.99473643597717	6.13761677837367	6.07079482570829	6.4577503748557	6.17883944357733	6.21249165462501	6.08853451021978
8.93208932460619	8.99052144071062	8.98834654029816	9.00183912213243	8.91507796677039	8.99271531705947	8.87138898822426	8.88901509392205	8.93558002799091	8.89526253111312	8.93717549471459	8.80927969544725	9.07104328996365	8.83161791348252	8.85396202422303
6.17394992576471	6.16731812688433	6.33389123344445	6.3578069686476	6.21794060439913	6.28750691518971	6.24032673438662	6.28463698825755	6.24173793969045	6.25256566236258	6.28788945527676	6.36683926761155	6.30798727633414	6.25404410146446	6.32490736149795
6.09931746525016	6.24347564754411	6.13117194199844	6.29188566958666	6.31993884221077	6.3606919232347	6.39506761199605	6.39090187809882	6.43310119251956	6.72923512059459	6.48679764066294	6.71284161187287	6.76844529951142	6.49955344830264	6.47605736068495
9.31010933298617	9.24696550334709	9.44118496328469	9.12769925870101	9.29934343116631	9.27486761780468	9.08339916937962	9.09922469073835	9.12311636533314	9.09217266287983	9.09585721139476	9.04266576431172	9.49414045971918	9.01814239238581	9.1693753590787
5.91822322214283	5.88440201493735	5.85112269948007	5.81237350930013	5.73639895092961	5.85287316795069	5.81627092512837	5.74952110453951	5.8551923507303	5.74695463488426	5.90171671996487	5.70382613937729	5.77460368611583	5.94123845686268	5.91004001109932
8.50697175967756	8.46915118810559	8.64339244415508	8.40011170693338	8.62311528734012	8.65220122708744	8.52709857293653	8.49573904036338	8.5060406160014	8.69681186872613	8.60253540229682	8.64802487405539	8.75060263366056	8.41042893739728	8.60549707571663
9.43600231311353	9.49055409316493	9.43745101341886	9.44505167107699	9.39842013413126	9.42230940139556	9.33160879638501	9.25164234993773	9.30759713351484	9.50113686165733	9.3982595749932	9.22419913800187	9.71682112765163	9.29374345721905	9.30848701613849
8.73307518568063	8.57757907364138	8.94809135492193	8.62904394162833	8.87022175539902	8.8057778427699	8.64656789523216	8.74497026648539	8.64825200861321	8.61973522954044	8.64594350752643	8.84060262337296	8.94366713687463	8.63319098951845	8.82458896069809
8.88160357702909	8.83968428029733	8.90967830525996	8.76713254676075	8.81375720676184	8.79554366537606	8.76579472722892	8.80336245937681	8.80405169829755	8.67577962923834	8.789119200349	8.70173705636001	8.80802641294065	8.8210511974055	8.79838763291457
6.20986857231674	6.33914948929689	6.29041994172796	6.42700598509294	6.44184975258197	6.48229150650048	6.6333662769257	6.61941637160957	6.71743749045946	6.75979891846397	6.53928656733319	6.85344688156455	6.52350505560238	6.35425309874556	6.55683929064201
7.97890593831665	7.99366278603714	8.13894405014536	7.80391995567977	8.09934118515233	8.02222244571903	7.98993692807106	7.95720294145195	7.9356555501904	8.06118982383447	7.87548556258535	8.19842511350661	8.19753136799935	7.60820410753001	7.89180546700946
5.97960291961703	5.9551086077169	5.97979457748483	5.87220980448393	5.90443555546111	5.89725650481621	5.86009007977104	5.88491850992016	5.86613834495161	5.9075327202127	5.93566125297867	6.23597490832571	6.15342984030746	5.94462514847759	5.71917200391038
8.85662744472915	8.80237789944877	8.82393180803555	8.81488150066198	8.79615640019188	8.79774282307253	8.74569606124299	8.75385350834177	8.78252305253742	8.67978228860537	8.69084971756786	8.58216238052111	8.86182530827784	8.51103544821215	8.77016173140827
8.76228214899278	8.74360782147975	8.71984390374949	8.79537616612145	8.72507509169714	8.77112906999811	8.80689646516094	8.72872864419137	8.73947090908579	8.79918382318943	8.77459014705579	8.76840465733871	9.14591910276096	8.78368269282956	8.77554429218304
5.9085445260434	5.89343177696976	5.90493416464885	5.90783806853691	5.90989559498614	5.9350047878869	5.85343449700079	5.84810163846023	5.86249887940757	5.9421870302632	5.74039365541512	5.97386950085002	5.82226728319855	5.69409722535575	5.72553408746833
6.50798263485868	6.46871507367398	6.43384206930333	6.38967264492067	6.53671566512601	6.49679602559806	6.72378740352618	6.66249484315887	6.61292825888701	7.00733148336118	6.88280245729314	7.25949085009267	6.96323582033397	6.78122006045566	7.04334333890799
9.78742513282613	9.66068982313395	9.62859720647765	9.55528708139399	9.60922479700661	9.66287631699312	9.5879038588762	9.58943898983966	9.49604526661945	9.50404227378132	9.49322293476501	9.62177135090704	9.16020689460117	9.54946501962816	9.5934830709611
6.11202698796535	6.11035225551463	6.14750426237921	6.24736492570833	6.13175254807544	6.24947525430332	6.51174397469909	6.52920061513639	6.5822570851171	6.57327802441089	6.67952560560658	6.73724754201005	6.45895520327739	6.56045435784693	6.6701225458229
13.4563585574509	13.3866230075041	13.512662222238	13.3862252154863	13.4100397162873	13.3853226674138	13.3902746144112	13.4125773488304	13.3872174614024	13.3428416637746	13.3572740949988	13.3839357803847	13.4692532368522	13.2834853117043	13.3741368634485
12.977468162769	12.9515137877095	12.9879008084189	12.8732168226485	12.9408322758674	12.9122484212509	12.8985913385039	12.9701707639915	12.8943265666191	12.8313411482773	12.8775014423861	12.8230028147021	12.6945217833486	12.7696706717066	12.9172806565673
6.01160476754079	5.8242926171585	5.91926896816091	5.78868380478012	5.99969353581655	6.00766699476113	5.87987496605174	5.8103228251636	5.752761073112	5.87999309253327	5.80709746675414	5.88933723645834	5.80754045420626	5.69811420694053	5.85885494669698
6.0161191633115	6.06310525487553	6.05530220924316	6.05016529714009	5.96863316421423	6.05252049907212	6.07846407834993	6.05253558254127	6.08497416595791	6.2433282954466	6.20368566511163	6.54327576466001	6.16272148197705	6.33888554274094	6.17480209292144
8.93745900343066	8.93030934613475	8.83784727442663	8.87805811422827	8.87581836994796	8.90567465869596	8.85230034591252	8.90305847414903	8.85398775243226	8.85081502094128	8.86013916682075	8.96468556551855	8.74480991458631	8.97693415660941	8.8763218187146
5.7111524387348	5.78116464980721	5.55943546334768	5.81237350930013	5.60124596240761	5.74773097578741	5.74255568196165	5.69529050591545	5.68020789684221	5.57122456246536	5.47925622416279	4.98102040439257	5.75631693576255	5.76857541890834	5.70636327985361
5.53373710895683	5.54955297317352	5.35688721713296	5.47521025726989	5.32728861723972	5.42306723347842	5.41679322127	5.29465155847404	5.36255851492817	5.05726005534931	5.17942710601026	4.38555509954641	5.33162145632173	5.26129843420471	5.25746762826195
8.53085010771661	8.59499927988099	8.71436848504161	8.66270604426053	8.55236229217399	8.56537508787812	8.65856167550482	8.68527608444752	8.7053005418876	8.60417425834232	8.61598659987841	8.76840465733871	8.91196790052492	8.74045272255585	8.78472507581379
6.80541493931953	6.69486766800222	6.72534631119532	6.48421149563875	6.76187770303314	6.64415728333745	6.74012852458333	6.79960471763473	6.59986316721423	6.59765199293125	6.67506393511896	5.97386950085002	6.49986491230263	6.71131633686201	6.5710534352547
7.16607331186637	7.28483482138941	7.03518231504741	7.26178516631084	7.07808424787523	7.02057148968848	7.29283573761602	7.12462856790624	7.22689938123758	7.06965810840088	7.14563996385879	7.3173048815966	6.96456527489249	7.26472571884666	7.02796526384688
8.27970320612773	8.33541941955262	8.13280026721154	8.47409740391456	8.20759795751737	8.32735004562275	8.46453043672596	8.39357857692528	8.47774185444484	8.29535849455455	8.37104345827807	8.40682395031378	8.27888204263709	8.33816263130634	8.2520861583355
5.71670744299219	5.81956364522988	5.66522748797525	5.82640327500385	5.6079762711484	5.74773097578741	5.76045072225519	5.67208038469319	5.80298605870119	5.74259339945375	5.7058516200273	5.91093819089371	5.8397437697781	5.90692788311809	5.87611875469808
9.33383124653185	9.36863730916752	9.37201442895771	9.34004124058387	9.31745027711903	9.30661602056892	9.23431105213067	9.19976249980803	9.2709604467205	9.22371533075433	9.25159874192697	9.12823131382537	9.44187118361877	9.15063744444224	9.1821699148725
8.98605948174902	9.03306458669155	8.9144616277528	8.88030412360363	8.9406698054105	9.00799180465342	8.81463516616459	8.79477977369945	8.83691493945339	8.77105124378213	8.73386395204008	9.0524275340961	8.49213324007946	8.96779983175615	8.8948116338623
5.9085445260434	5.85234622038231	5.79523102486406	5.83104977864521	5.73024146298643	5.83587178156451	5.71345502273381	5.75394987333731	5.70479880457078	5.69824225379001	5.61570663360651	5.77620948437456	5.77762912568448	5.71009866219819	5.65396336594971
6.04733116946298	5.9333819912637	5.99791922953091	5.95117310912742	5.99456293684087	5.97179241989518	5.87001636316334	5.83561804347653	5.83304860137717	5.91917670092757	5.87085984586636	6.07302445697424	5.82811627784646	6.01719274653612	5.87038702435115
9.07482346910169	9.14326527585104	9.16029481684032	9.11010424315259	9.16808533717915	9.13111717895315	9.19301540503399	9.0900466192918	9.1673477523728	9.33341142005774	9.24784691567804	9.19805324078788	9.39727002632858	9.20005179449376	9.10241985219119
7.85196999680252	7.86402052103842	7.99395607425417	7.85847978374856	8.00162370195403	7.93167054783067	8.08115768107849	8.02664959257445	8.09860781428083	8.35664809629408	8.16844973810063	8.26290408595586	8.47730455219274	8.14982019844516	8.13013704585839
6.31255816386667	6.32252306401252	6.32314544805835	6.29188566958666	6.26983979130521	6.22355291354176	6.23777239504914	6.25367659833372	6.17871740643611	6.15084991776419	6.05715077958976	6.4429904051515	5.98296167093529	6.08322019210356	5.99151627011622
9.19476844693012	9.21261846131734	9.18128446200941	9.10723066803405	9.23765370195978	9.26005729302224	9.45584976739572	9.39126548623985	9.40755491001939	9.41868406637292	9.3740252761064	9.63157276976385	9.05677525561104	9.40897233019901	9.4971683892738
9.1440633742122	9.08921686262261	9.08962523073372	8.95944761973336	9.06590938480931	9.05655198565827	8.94060653723002	8.9356296985214	8.88484748894652	8.94362247944192	8.87139941528454	8.87401493049349	8.64716103225652	9.00561904695184	8.96648863974919
7.67756280260946	7.61495259442692	7.60909377229734	7.67919061234555	7.8363797400135	7.81203015570793	8.04433496101612	8.08060264779233	8.07833402176185	8.29087940574349	8.20683192192046	8.49536702267163	7.72076783884957	7.96521195457144	8.15158550177902
6.15769489051459	6.06310525487553	6.14343845694526	5.88119951619124	6.089059842878	6.0426726610324	6.10952854501909	5.9089523658166	5.96109280120958	6.04851477452257	5.94309745512883	6.25299614345877	5.96183070156239	5.99122410217837	6.11786638091891
9.6911081714506	9.69016767989684	9.67971447735014	9.70344355592741	9.70508207975761	9.65116682376981	9.52640104987061	9.59933010717589	9.61341864426569	9.52612482014615	9.54581142454853	9.45146907949143	9.70791646316437	9.45159244593467	9.58737491913996
6.44907782527295	6.36535998002203	6.45696609359024	6.55055880517809	6.50096247267909	6.52183356331214	6.86293967982043	6.87887017014151	6.85759939983858	7.18516730351394	7.10971690275666	7.47802696192234	6.79109995856357	7.00548563420049	6.98348264274967
6.13711550525182	6.07506261176959	6.11880040009394	6.104926791265	5.94222974571192	6.06716756488026	6.19627652162343	6.03443829812192	6.11282210014565	6.02355650785756	6.07756884389618	6.23597490832571	6.06947348180315	6.1286013648322	6.01768546340704
8.49811639160431	8.64536366136302	8.40505382507388	8.74696625912561	8.62809796175294	8.5951825323418	8.74794312303701	8.73434988108017	8.75035498220973	8.61257409195177	8.55656799814658	8.54461407069436	8.48751562589657	8.54437409242803	8.53833077254231
6.30150212465905	6.3782889882682	6.4989523895237	6.51053771381753	6.36835831915073	6.29582411878165	6.42232257941256	6.37372516136329	6.44775761368715	6.3675665439164	6.58518646181065	6.6627559973631	6.37148335369872	6.76405889265771	6.44552439975724
6.4186991978373	6.3911032839538	6.44048680209858	6.66697132787737	6.71270598784066	6.880998685967	7.51595152849474	7.50864995056729	7.46412428860289	7.60994299838625	7.61971927569647	7.76001989648541	7.54349480488838	7.47037112532435	7.82959120666768
8.97623760490622	8.90762357253482	9.07848003610673	8.74203471669966	8.93933412435262	8.93527552594991	8.74209346697259	8.84604566708047	8.8121018618036	8.77746909605182	8.77145765117324	8.65764996561713	8.95975952299204	8.76462910582403	8.8186418989577
8.63072289415989	8.6672688237507	8.56190009724492	8.70259826847939	8.72662450264919	8.64326092352902	8.73032251803453	8.69741414491307	8.74492320924029	8.68775444677551	8.79530142522022	8.74150282213438	8.96408716394877	8.79123422518018	8.73032781402689
9.1706522954717	9.14468551963586	9.00917904505662	9.07621770283943	9.18677975228786	9.19201987933696	9.20222207219529	9.21993766753475	9.18021065019797	9.19403738592934	9.06207212440548	9.15339540305551	8.6442597369757	9.01693519560112	9.20057993804074
9.68509109451824	9.75204229504608	9.54044848636988	9.70756028753489	9.65021423069785	9.6004181385804	9.67739263793837	9.59748068071517	9.62878214581238	9.62136676975037	9.60888781607457	9.27302514384292	9.33668539018532	9.64711244702061	9.54567934729884
9.07319824193609	8.98683091644151	9.16782622219922	8.98158382018033	9.01546328940416	9.06813725362197	8.95468300225004	8.93952822204238	8.97069508101366	9.03216146311933	9.01251891252805	9.03775999854064	9.29395313578146	8.99829722813597	8.97185753234242
6.46568273875358	6.5045373687496	6.47001545564879	6.61937738155256	6.66826251104204	6.6667845307189	6.70356042167197	6.82088967583896	6.69713210845536	6.83963680908114	6.68619236457673	7.15465166158224	6.68542546032131	6.76213944206627	6.77822685602648
8.79814251605411	8.8571157783577	8.76026029602358	8.86394077868838	8.81521429418104	8.8050492327575	8.73032251803453	8.80014993251596	8.76213561440128	8.63336217989835	8.68586698668082	8.67355045250096	8.44480194460682	8.73947718951993	8.66553950032614
8.45383836772461	8.48269089008234	8.51778939581419	8.44707954966365	8.53389706915762	8.5261234835345	8.49052848666361	8.46428804507216	8.52056261944147	8.55521379115822	8.53209801168417	8.82074868738802	8.86467698484292	8.32911261839745	8.55094076511836
7.9258660759991	8.01037761795698	8.06880692053255	8.14011001809524	8.13944185011953	8.19456788355904	8.43805530833755	8.49176198852143	8.47833710895959	8.62981971299705	8.6379391793935	8.96726796613093	8.39586510284081	8.54437409242803	8.57583485186966
8.93686335842133	8.82971213342537	9.03686151632767	8.87299177244926	9.11760648725198	9.10885428194393	9.06007820342256	9.08521565452437	9.04691258135867	9.20756708208033	9.12191708402779	9.25833920327049	9.20674245726967	8.9289624946739	9.06334536961865
5.78175499701624	5.87075074531718	5.7262658384968	5.78389894092041	5.69905464647173	5.84722822025293	5.72807852657649	5.63415195898867	5.70479880457078	5.68920649985334	5.70147529286083	5.43249340409229	5.76548921038246	5.65330183533	5.72553408746833
7.61639057909404	7.74547802901093	7.75755447761342	7.79917988301307	7.780790085068	7.73914701207653	7.89661388485901	7.94852411487347	7.95972645365517	7.91556378769483	7.87353918600523	7.96513255630143	7.58471751583701	8.03445479463243	7.84868467035768
6.76035493289047	6.75311620416582	6.98832249385514	6.91052340663183	6.99825024444811	7.05283978606222	6.98984940624539	7.04545974946692	6.98702213023335	6.9249550623285	7.07795620226192	6.97131134555138	7.06093825443809	7.03121885041035	7.12028705141044
6.24875798555434	6.14857794506011	6.30869223477037	6.43619045027746	6.4531192757677	6.3606919232347	7.02287849980701	7.01438389855768	7.13627853270536	7.45443043285252	7.20256026026073	7.51379314990843	7.34339880408177	7.03916729170437	7.28243786158905
6.76035493289047	6.63686264353744	6.74695382460538	7.21984009964727	7.22780252811285	7.21078815452548	7.98003074868049	8.07883634152043	8.04014020072374	8.41749591623379	8.39430902910643	8.52020065840847	8.39931082270693	8.17889579045985	8.39881200408098
6.46237699526069	6.34574683804905	6.35162510511785	6.72558815178853	6.68429269412074	6.62447618983898	7.10509537556662	7.1450268409642	7.22264306073865	7.35496177080888	7.20720381865084	7.4924399881574	7.08436435103413	6.98588009576936	7.18411507046206
9.2165262885689	9.18205195487834	9.11685788940621	9.15624677940155	9.16408852100523	9.07056444801116	9.01526193680947	9.035994885613	9.01649721983685	9.03796436266623	8.9648642661358	8.86573411612576	9.17377982762009	9.09566355890054	8.99906383296632
9.51155016009027	9.410562668829	9.61653919401814	9.34817754557139	9.5006680340667	9.50359551490622	9.37033812332927	9.35341123732111	9.34234583175459	9.40838272433702	9.42508678765643	9.25622895481941	9.78124969570207	9.28808349632314	9.37179380972249
6.48209888992524	6.4926950669589	6.45039692554485	6.68506449347049	6.52963549582145	6.56377018009556	6.95293417778679	6.87276820213399	6.94630506725731	6.97233501583092	7.06948064467285	6.89742824435665	7.18930226347917	7.12681451410578	7.07111785332258
8.87912533108672	8.83500009013255	8.94458807269334	8.86110065890073	8.93665904680518	8.92122357305497	8.78517969131102	8.78235202042318	8.77817850328547	8.80547801423907	8.76779445581846	8.80927969544725	9.06826279876341	8.78840703043305	8.80291321761348
6.18200937396572	6.17474666571748	6.03788732726039	6.11639619724992	6.23109124449755	6.14287256534813	6.47316583334463	6.52401945930878	6.4281824770473	6.61447221350232	6.3948400887266	6.98156399668249	6.27194418371917	6.43837610552786	6.4532183741471
9.00493668831454	9.05790054484664	8.99908188188954	9.04502402679749	8.94732972493334	8.98115085358491	9.08801846497793	9.01212911386403	9.03158227437742	9.04374401553523	9.01693443242634	8.88498259736757	8.94871531607374	9.07338348439714	8.96716084496193
6.08219565708603	5.94211186169381	6.08528223262324	5.95543601345087	6.13641924595073	6.05252049907212	6.00527638479371	5.97495548597425	5.967884464817	6.00546155308867	5.99768208835087	5.97386950085002	5.87690009373297	6.01719274653612	6.05859490623969
8.76362632806062	8.77390406129727	8.78528387082206	8.7713742454668	8.78504585087844	8.7703827454703	8.69953954024141	8.63747723621171	8.618858906411	8.56699323560982	8.60605651870413	8.72022677280018	8.29324071944212	8.65508386436216	8.62947503545102
5.9085445260434	6.0101153919455	6.02026003688128	5.97656397788011	5.90443555546111	6.00766699476113	5.88314628553052	5.87681761597276	5.87700209753106	5.9075327202127	5.91690165831684	6.25299614345877	5.85701156017876	6.04901085107439	5.85305423342816
6.2977978925341	6.67404357049293	6.47972567106842	6.45739640767436	6.42286955592253	6.46025785375294	6.52647258625332	6.41908342356319	6.49321197380315	6.43403887535902	6.27025438767198	5.84514238436952	6.32049664402899	6.68926372006592	6.2780293808899
7.9294633737296	7.97249321480848	7.96427814901388	7.95326610189961	8.04325008641496	8.01593957406372	8.17231635658658	7.98387465187813	8.08225501579294	8.15042579670341	8.1232965015057	8.1583076498777	7.86942702652452	8.15933418495466	7.99823714036281
6.19401487119153	6.12576409293256	6.23799256965451	6.16138453934459	6.14107092010926	6.17928780175582	6.07274354028329	6.02347014436707	6.15510172520305	5.98713718569496	5.81116605066948	5.99425215872405	6.0395276828074	6.06154450719487	6.18869223455854
9.456095014031	9.46992993473553	9.49046946820457	9.40153827770358	9.37933866417573	9.37890287046772	9.32379684475401	9.38948524776598	9.3015552631421	9.28655936790283	9.36504791630983	9.31011652757854	9.42482393829017	9.3820325602924	9.31958391891146
8.94695603011791	8.94885509497919	8.96375169867105	8.91632007507391	8.8440512133305	8.93260949406208	8.72485721151045	8.78884942007678	8.71240208242849	8.69906736746788	8.78963539876885	8.84902852252899	8.96142553687298	8.67000879632699	8.82607190369883
5.87414954383264	5.97651350242679	5.77435903948544	5.82174179348346	5.99969353581655	5.76579409345674	5.82309936508016	5.74507873437901	5.74091876355281	5.84379631201557	5.76995579077539	5.79955410284428	5.83103192757841	5.90692788311809	5.90444144898632
9.17166522471865	9.23856594489502	9.06563634528018	9.26467282246411	9.12702347144621	9.17407391868229	9.07052954340603	9.1204158220297	9.09583406036458	9.00780411304595	9.05264082726406	8.82074868738802	8.6697561600452	8.95986428701965	8.90045346199511
7.85827462378124	7.94123489029999	7.77475366711714	8.27083278857009	8.02195620702327	8.08118552147433	8.11706399070623	8.12064210544669	8.18063116411358	8.10862000496408	8.14039498503751	8.06012033244343	8.28421674676862	8.158604562979	8.16688013199731
5.98881883230334	5.9551086077169	6.00689703362631	5.94260940091073	6.01497695725131	6.09602371451025	5.90262027452901	6.00871524801794	6.04698861356736	5.96483682433392	6.02597238998727	6.26981915409074	6.06452540853272	5.99776013535298	5.98622509085625
9.37969781838417	9.39274363178674	9.36896833999542	9.41166708307275	9.31281589151535	9.31636384948799	9.259415059867	9.24889583740533	9.26061627756012	9.28655936790283	9.33069900788642	9.03530084599372	9.51130269095573	9.20430051264418	9.27086850932196
9.88143177496794	9.87920554678498	9.86841003488067	9.74007796554961	9.76888415856447	9.7532805469191	9.66840476697371	9.68252006990923	9.64875118588293	9.61002450127575	9.63238784021109	9.45515337540367	9.80964415226578	9.5693657047349	9.72330010135681
5.85915462050722	5.84770825221743	5.90493416464885	5.94689759649862	5.86562678914408	5.86409737842053	5.76400331598954	5.79750734077781	5.75668706223067	5.70273905644187	5.74465398795644	5.97386950085002	5.7956500535851	5.79882253532515	5.75070625522829
5.8541215563219	5.93775351626565	6.02468705583161	5.81237350930013	5.86562678914408	5.91894748877105	5.78513756312327	5.75836512358906	5.81056048483445	5.71614620446935	5.7232257326678	5.88933723645834	5.88253264388391	5.91385545072239	5.87611875469808
5.79756986807392	5.90687155081795	5.85112269948007	5.84490037492586	5.87123508339254	5.95614078717344	6.13445740053904	6.08102796676691	6.14014347851132	6.2340314810016	6.12411814753115	6.57069442628994	6.36947807181184	6.23756626594401	6.33326955464727
8.58507582064452	8.65403271215778	8.51936018729228	8.5501273055009	8.62477809153929	8.66269610812561	8.59407717006719	8.4944145741346	8.53551203192493	8.54396489927585	8.62295514613786	8.34462467111644	8.11131838158302	8.54549082659975	8.48018084702496
7.54471311924057	7.56208362543088	7.50987421027438	7.52696884360771	7.71049969315219	7.81637501891801	8.08684946996612	8.09115531692844	8.0577712921816	8.21489336053907	8.10847763424602	8.59891201375543	7.69776626862768	7.97601967959744	8.03716908049042
7.62528984980703	7.57478140434552	7.61056817694768	7.8192185265367	7.73533878203119	7.81492818437851	8.17699339369998	8.17621608865175	8.17623536786807	8.29610365934338	8.30397478737975	8.04063597371882	8.33701965108591	8.31280932499438	8.34603989675806
7.49540988129092	7.46235323763461	7.66975719521917	7.47442124533793	7.64973448259639	7.7114212375517	7.70544999366904	7.70691907444354	7.77439919900716	7.78151147252562	7.76012588989646	7.92318804397885	7.81591910652827	7.62203125283396	7.70618197577003
5.78175499701624	5.89343177696976	5.82598485432237	5.95543601345087	5.74863584908107	5.83587178156451	5.85009518230631	5.84395240317259	5.90203784954149	5.82741335011044	5.8030174044155	5.88933723645834	5.75938082786731	5.87888082218522	5.92117251092121
8.07947204426391	8.01141589355969	8.10482483173989	7.94040804708932	8.01943025794397	7.99820057681158	7.89499268596852	7.8973311626105	7.95031786050269	7.83684051496123	7.71083345691434	7.60283753295758	7.76722406273528	7.87836709954142	7.8960475087902
6.21380496276072	6.20771037541926	6.21104766841216	6.01383309294226	6.11293356098274	6.1243148972361	6.13445740053904	6.14989394149495	6.02761474834377	6.11753701691857	6.07079482570829	6.11085687653346	6.07686396964428	6.12263225852846	5.9431835850073
5.95630274624067	5.92459908266166	5.97522767966425	5.78868380478012	5.83725431775412	5.76579409345674	5.86009007977104	5.8230257408186	5.77615873825706	5.85596286388911	5.90171671996487	5.97386950085002	5.94308426533089	5.97475353391215	5.82369640285393
5.79756986807392	5.78602065029269	5.8055551379874	5.74995420309299	5.85434451766281	5.75979808276269	5.69496529077671	5.63894773587266	5.62973562308001	5.7338312825076	5.74890180965127	5.20691960667823	5.671039280878	5.61132287802147	5.69344013875389
5.8541215563219	5.9333819912637	5.91450647558924	5.84948791516534	5.84867019775454	5.66674133850059	5.69868218970483	5.69529050591545	5.7915495145945	5.66636710911124	5.7361207383125	5.34008145343044	5.91861888420847	5.99122410217837	5.75693144345329
9.1757098449449	9.15270726542144	9.16932779683816	9.20410050666307	9.16122685801852	9.19647170573143	9.12583286085838	9.10183630831484	9.09194969580012	9.15513643511114	9.1475145797026	9.0204572505931	9.23401507386759	9.19294267397725	9.16234838841652
6.03848202241356	6.07506261176959	5.94751907878937	5.90783806853691	5.84867019775454	6.03275725852997	5.76400331598954	5.8230257408186	5.86613834495161	5.85596286388911	5.8030174044155	5.88933723645834	5.79863183116855	5.78755386541413	5.64727790921045
6.0950559945664	6.0671020436866	6.21104766841216	6.03009360054149	6.20021810836444	6.14287256534813	6.12895470368303	6.0845503379041	6.09741732754058	6.15413935182707	6.07756884389618	6.4429904051515	5.99341243143976	6.09850615431168	6.14186282821718
6.35238798079584	6.30231538276929	6.34455766332018	6.32192310147029	6.36040028980363	6.51115630319331	6.60984759845909	6.59738535655824	6.55543877510226	6.68896338056436	6.71473111607727	6.6627559973631	6.58701951238297	6.78311432461105	6.75662212895583
8.75148339278021	8.78426809653004	8.77611507680426	8.81839976646875	8.75119141883543	8.74856966643091	8.79738133269401	8.75717067334953	8.83737903314182	8.74345231588022	8.79478725041962	8.57201846157191	9.004403369146	8.71636019660085	8.75233344231701
9.15741908689273	9.22609782465186	9.22670261874891	9.21926188863263	9.21795959349552	9.2190741721725	9.18772795322723	9.04823274799932	9.1886013951115	9.25854132929006	9.20669304285564	8.97498754937075	9.47280543026567	9.2018236145446	9.13389316504626
9.64407959854727	9.59155577950473	9.62823328898121	9.66748116397522	9.54525126633178	9.61046150077295	9.42444409297559	9.44161582008172	9.47889507387326	9.38720705750843	9.43831561519356	9.21118541741671	9.5554332057942	9.38889258157644	9.50088704633704
9.19227507370035	9.25531644240924	9.08379801069272	9.35626822261328	9.2080107992907	9.22289798710521	9.28067918267888	9.27381428857441	9.29919879670317	9.27186094287726	9.29332989743814	9.19144205371915	8.85323630270936	9.3372742077972	9.24449410204239
