logFC	AveExpr	t	P.Value	adj.P.Val	B
16:413517-416214	2.11404308610964	9.21831660825948	15.3210238854635	1.26316368371127e-09	1.3339008499991e-06	12.5270275352014
10:461452-462575	1.98666080217619	7.40633744682534	14.0936703019837	3.48715534054805e-09	1.84121801980937e-06	11.5707961294845
8:101892-104963	-1.8747163153265	9.8573303916832	-7.20504632842859	7.41527427519788e-06	0.00022494689493176	3.95720342241473
15:66767-67143	1.76917628496012	5.28069479812384	6.59593124587998	1.83889729262366e-05	0.000340679919475542	3.02957504625466
16:417731-419294	1.61365964906894	8.56090840542345	8.1581594555577	1.96678932136122e-06	9.47653750454538e-05	5.30807105513012
2:996721-998069	1.46783946800924	8.28318444999899	11.7370345046652	3.11519365714779e-08	8.22411125487018e-06	9.45463459864441
8:615756-616149	1.40075769110836	5.11095970359602	7.21222713495316	7.33841984196697e-06	0.00022494689493176	3.96783284553893
8:508615-512703	-1.34210923627511	9.32542820923892	-6.20855789887063	3.36229192941061e-05	0.000529937354844419	2.41246165797343
16:225146-227374	1.21322580060167	8.59696462085971	11.9274009416931	2.57536492233996e-08	8.22411125487018e-06	9.64107539185849
9:238154-240016	1.21281392826512	7.36852413446747	9.62806664453053	3.10345588413668e-07	4.09656176706042e-05	7.17228942750766
16:195393-195729	1.15701087316016	5.79968573047912	6.83545512041022	1.27914726788038e-05	0.000293647720626453	3.40052311452333
4:171069-171914	1.13699956453757	6.21015259895036	6.72759928364782	1.50484297581895e-05	0.00030488527040799	3.23448695098227
17:52909-54964	1.12930274750482	7.92586883965618	5.91783442236757	5.3607633429344e-05	0.000698884702486263	1.93528103891893
7:271662-272132	1.1231087150459	5.32896442824161	3.10579909475781	0.00846601623711539	0.0282914972987147	-3.18558862874259
2:249459-249731	1.10596507394536	4.57390024160921	5.38425602562143	0.000130130833603674	0.00128273434923933	1.02845838509906
1:251517-253313	1.07230645018649	8.26197945141667	9.69108145491383	2.88131134935461e-07	4.09656176706042e-05	7.24678321094171
16:482132-484446	-1.0498374438222	11.1699798123301	-5.76732709359023	6.85674477373137e-05	0.000841944474541898	1.68352861614413
2:22192-22449	-1.03315085384582	6.91553592428995	-3.19731583099866	0.00710555228619954	0.0249284492167	-3.01274638276548
16:19257-20279	1.03281537440872	6.84446611533111	6.54640969919541	1.98411230138774e-05	0.000361245274183699	2.95187196172014
7:702481-706641	1.03210294398544	9.13794231201556	8.7173332482908	9.48487685500793e-07	7.15430711349169e-05	6.04691941691934
19:0-42832	-1.01394058922151	16.5534969595406	-5.73034753288772	7.28771915161009e-05	0.000864700160011264	1.62118375073414
6:611557-611758	1.0093800235723	4.84305168556545	8.22004413274446	1.81116187754614e-06	9.47653750454538e-05	5.39172819192173
19:131826-185428	-0.986264342343262	16.6342561710354	-5.9687496691432	4.93602466066048e-05	0.000659802790083223	2.0197199052717
5:668850-672117	0.963079043522598	9.50051398990055	7.80954003614331	3.15533495813135e-06	0.000133281348631468	4.82774184307574
19:46500-48926	-0.957877509272526	11.2137434034399	-6.88865756228788	1.18129012493675e-05	0.000292229936697834	3.48182447733685
8:303801-304176	-0.951084636907925	8.11677499874589	-7.99587374139644	2.44653605749669e-06	0.000112327916378979	5.08640137743479
2:6983-10370	-0.946905185947129	11.9660212516655	-5.49913869887285	0.00010715101945049	0.0011429442074719	1.22704545131238
10:149326-152579	-0.940337980633489	8.74037971078383	-7.10338864775257	8.59984082963128e-06	0.000245444105840287	3.8059667123654
2:400038-401182	0.932205247720787	6.66222336873838	6.17294104240497	3.55779742448355e-05	0.000552505011802151	2.35464895611177
15:374168-375246	0.93108377488496	6.66831073422968	3.95587253386221	0.00168280536947532	0.00789796653407082	-1.57351895316117
10:538826-540897	0.923026342087955	8.60932995589412	8.30106082115211	1.62695293190937e-06	9.47653750454538e-05	5.50052784939605
14:62704-64145	0.912625203405112	7.24501282593604	5.77649243278029	6.75412928426525e-05	0.000839101238139306	1.69895093477035
2:19301-19581	-0.912473273674787	7.64325554595894	-9.88238112043362	2.30494318759062e-07	4.0567000101595e-05	7.47037672483216
2:115109-115820	0.909598808239524	5.69618203163203	4.4736479382757	0.000646572653160347	0.00387943591896208	-0.605502060746454
19:106273-107091	-0.905810052437552	8.46074421387828	-8.15531414438075	1.97427864678029e-06	9.47653750454538e-05	5.30421317676446
2:71537-77707	-0.88936395994107	12.4874828962898	-5.48997099497647	0.00010881804233835	0.00114911852709298	1.21126450328769
6:664592-666846	0.879978003345922	8.03497767210192	7.13286075574422	8.23703928813645e-06	0.000241619819118669	3.84995845417783
5:672900-673577	0.879006681425156	6.05551060734181	6.52273835088461	2.05776318082173e-05	0.000362166319824624	2.91460710427994
2:556153-556550	-0.875793012715	8.26971071664081	-4.91692820032849	0.000292256079053623	0.0021733973202861	0.202545167992795
2:237579-240391	0.872582418115877	8.28737479391971	5.08405005592959	0.000218084558524324	0.00181274530676488	0.50114891584806
19:84372-85045	-0.872489282245706	8.6277617291485	-7.75776463516111	3.38896015211332e-06	0.000137643920024295	4.7550732888561
7:658001-661407	0.87117777388878	8.43052617292633	11.2773514779722	4.98645757718222e-08	1.05313984030089e-05	8.9919328539239
15:298677-306370	0.85330446800992	10.9773757877935	4.81072679748252	0.000352689575277902	0.0025336067448535	0.0110012668678214
17:64548-66705	0.842108905020784	7.78536459986493	8.91699148796435	7.37086032543097e-07	6.48635708637925e-05	6.30166972821486
6:720821-722488	0.837468672811584	7.83235679403648	4.99236154883256	0.000255962488571637	0.00198747344067389	0.337759173974359
10:97527-97872	-0.834949752854773	6.69444166941232	-6.83920757003938	1.27197147791402e-05	0.000293647720626453	3.40627038945497
19:96763-98581	-0.834699173313377	9.26907747228934	-7.3429886233596	6.07725368618576e-06	0.000207018706213296	4.16016561675434
7:720947-723979	0.832341944620968	8.59036966125005	8.77358348331068	8.83065022737808e-07	7.15430711349169e-05	6.11916254256384
2:112719-113262	-0.826647336541779	7.90495558169746	-7.05530366658191	9.22861107851267e-06	0.000249882392279728	3.73393565813288
14:395149-395554	0.822015421936968	5.66021109337827	8.57728441036857	1.13488628998931e-06	7.98959948152471e-05	5.86542448958797
7:575377-576887	0.815828507524508	7.16622768985324	6.47533720602684	2.21407354939565e-05	0.000383288798059313	2.83974646689693
13:119831-121134	0.811855384869974	8.63542255534108	6.08688697684113	4.08132672800575e-05	0.000582416354699199	2.21422108602382
11:26294-28887	0.811716540248735	7.77002167703061	9.35458786055702	4.30277679626445e-07	4.13066572441387e-05	6.84406080920385
2:714953-716235	0.806291257424391	6.51425248259871	4.50940016564008	0.000605912630351219	0.00374177624357244	-0.539533843632722
8:58157-65315	-0.804843199894709	13.2351609292259	-3.54867352931334	0.00363224391690745	0.0148094578233755	-2.34579268244486
18:161090-162572	0.804137001596685	7.56949391934805	5.11057270609253	0.000208256098931728	0.00177353581025729	0.548212410198
7:747449-749011	0.801630196332343	7.15315984351928	9.42445807191382	3.95543706879921e-07	4.13066572441387e-05	6.9286893293809
3:889787-890663	0.799253376958196	6.05274146228779	5.85612307963627	5.92772647413961e-05	0.000745199899606123	1.83244462903258
8:18037-20642	0.798739373775216	9.0554756278104	7.63649634992383	4.01119658515708e-06	0.000151279414068781	4.58349803000596
17:149797-150046	-0.797802375469281	6.86131839181631	-4.27963958884984	0.000922169444325471	0.00523554265165429	-0.9656288163153
10:170337-172670	0.797759141250872	8.93312834736461	6.64378001990193	1.70922880404633e-05	0.000331648923799008	3.10432393314392
2:220001-222649	-0.793501637831712	10.1269042309504	-7.02011373700332	9.71955579893383e-06	0.000256596273091853	3.68101911717867
14:325281-332462	-0.788870776663037	11.8901053730972	-4.39629821042041	0.000744505978023334	0.00434363708725216	-0.748657987344577
18:343135-345706	0.778503116961199	9.04222104400966	6.09239331965708	4.04550820397603e-05	0.000582416354699199	2.22323825264573
19:117744-119562	-0.775864085450429	9.06783830431891	-6.71656580032485	1.53020069428253e-05	0.00030488527040799	3.21740960357743
2:803896-807583	0.775740278001921	9.0117778473642	7.20130762608872	7.4556262524731e-06	0.00022494689493176	3.95166640223618
8:697350-698928	0.774980166026968	8.43098056461132	6.45583293783569	2.28199152681585e-05	0.000388674685857667	2.80885074819673
2:1051260-1054352	0.765376761688245	10.5144018823235	7.06902331493562	9.04438754617456e-06	0.000249882392279728	3.75452011867852
15:471192-472216	0.760829162454349	7.89899096493921	4.52276061806888	0.00059140655116358	0.00369026257407343	-0.514915254706268
6:120693-122995	0.757205361293067	7.94538497859607	8.48388341381814	1.28066036058185e-06	8.39613131699583e-05	5.74307745336177
10:525323-528839	-0.75275890209041	9.02950676452247	-4.96486023604217	0.000268616845496689	0.0020555028177138	0.28854497830755
16:223700-224463	0.748699164939763	7.46017982340521	4.17904254447727	0.00111039897587743	0.00609566093702738	-1.15367366905764
16:176744-177194	-0.747213563715733	7.29079116761492	-4.23807517396228	0.000995597722515536	0.00559229359030003	-1.04322355131857
20:0-4212	0.737911722224778	9.40307233679189	8.16985939430512	1.93630950419711e-06	9.47653750454538e-05	5.32392401332667
2:171230-177767	0.734137665973437	10.1416268608683	5.87504973624404	5.74741760965415e-05	0.00073123771033672	1.86404158314351
1:835316-836122	0.731649340331099	6.15046768301855	7.22674573179607	7.18560016273175e-06	0.00022494689493176	3.98930256473434
17:355753-357964	0.728777375725318	7.90722881489565	6.63687113926028	1.7273381447865e-05	0.000331648923799008	3.09355092752708
13:210632-212290	0.725726051097904	7.34484109731018	6.53206953939146	2.02839085623235e-05	0.000362166319824624	2.92930630504489
1:655738-659031	0.721768771973113	8.0055880670699	7.00096854454703	9.9982153051606e-06	0.000257515008835356	3.65215776393854
20:85627-87124	0.717363815206824	7.62014087046251	6.07662472789534	4.14897730044145e-05	0.000584176003902156	2.19740413717189
20:65141-67226	0.712622579961264	7.42160583009911	3.7302650782333	0.00257349350622512	0.0112763864837084	-2.00076758656828
18:218888-221200	0.711911111597472	8.18572921713977	8.44242258925886	1.35164992792547e-06	8.39613131699583e-05	5.68842945015993
20:5002-5646	0.707050935736794	5.91510194107834	5.08837781492602	0.000216448315650648	0.00181274530676488	0.508834548077906
14:349341-351238	0.705624154474807	9.05393651280752	6.3888822069962	2.53237628293855e-05	0.000411413746889709	2.70238617375876
16:161387-164261	0.704218258523284	8.93210291126609	6.32097542950888	2.81617864886022e-05	0.000450588583817636	2.59374979252781
16:419773-421141	0.704083022576541	6.81443138491074	5.67363612833769	8.00484024607932e-05	0.000918816445636931	1.52519911788218
15:185948-188469	0.703932468183255	8.43834232524321	5.60121683883397	9.02999750343824e-05	0.00102534165200331	1.40197434773981
18:196438-198090	0.700110169974676	6.99143842253165	4.47871533739546	0.00064064183218206	0.00387943591896208	-0.596144095613027
15:145908-146742	0.696804745372861	6.62619693731592	3.86686685553211	0.00198885389591174	0.00910708338306174	-1.7418068293901
9:273505-276817	0.69566218307274	9.1167691096723	9.37136692240672	4.21649355764179e-07	4.13066572441387e-05	6.86443275087143
18:79962-80661	0.695238280289989	5.59855827305417	5.02436527877789	0.000242015806858221	0.00192156911309986	0.394911143046534
1:181203-182023	-0.693815249644186	7.61488511536064	-3.68475056056899	0.00280508816805075	0.0119442463929903	-2.08718773343173
19:101895-102385	-0.692405919433023	7.45896379729191	-4.00515536181773	0.00153455788570868	0.00743345471242371	-1.48052359179126
2:166699-168165	0.685490826642343	8.11609698500625	7.57990422907602	4.3421396545953e-06	0.000158113775008712	4.50276695554446
17:30035-37922	-0.684418694184705	13.7764543615811	-4.47452641355126	0.000645540435536435	0.00387943591896208	-0.603879596078964
7:303082-303596	-0.680811053528882	7.94689309529206	-3.20925789650759	0.00694498177510293	0.0245280961689254	-2.9901518322963
5:823802-825576	0.679454779872205	8.5615855474397	3.56974248134488	0.00348953752850228	0.0144507907062683	-2.30573935625672
2:360938-361271	0.671478726666264	4.53634434133209	3.0510734469461	0.00940087057899079	0.0309607424000276	-3.28863993609944
11:219515-221811	0.670561277481976	8.62615653587153	6.88376361874214	1.18995144678095e-05	0.000292229936697834	3.47436229831398
4:112055-113623	0.669423514206697	8.00729653390463	6.43880405902663	2.34309035953478e-05	0.000392746574550592	2.78183197626204
2:1048018-1049248	0.668945294065557	6.9127481702144	5.24573519057981	0.000164885809342901	0.00154087977580623	0.786631284498754
1:1040176-1042064	0.662710384576714	7.7603674510633	5.17355376815809	0.000186727045451361	0.00166758599687288	0.659605105608828
5:511315-513055	0.651873564464785	7.42737598827526	7.852748558446	2.97347291328683e-06	0.000130832808184621	4.88812014433561
10:246782-248952	0.649764148728535	8.06447796387485	7.41360743410289	5.49375484738315e-06	0.000193380170627887	4.26307386340469
18:189253-192477	0.644904525615345	9.11305690085252	6.8625395910413	1.22829963684888e-05	0.000293647720626453	3.4419616802688
4:302495-304734	0.640136018959382	7.84838690760091	6.76221983440447	1.42812272914818e-05	0.00030488527040799	3.28796065144403
16:67326-69999	0.634940306220202	7.97188588058135	6.80475219236738	1.33949557034369e-05	0.000294689025475611	3.35342429196121
11:367968-368022	0.633991823295619	3.24198370444354	2.1746656320616	0.0489670829278466	0.117216293919621	-4.87227581724251
10:0-5626	0.632367763917495	9.81968662507795	5.41702311128052	0.000123092285015626	0.00124986012477404	1.08528364587136
2:592067-593378	0.626968889581262	6.46476503672521	5.07974065637856	0.000219726703850289	0.00181274530676488	0.493493499587183
19:110008-110476	-0.621376903557173	7.10875073293797	-2.81283844161887	0.0148189832428829	0.0433486047215631	-3.73356055409933
1:892301-893060	0.616725725949767	6.2838030450279	4.08312013797628	0.0013268622702716	0.00676892056718264	-1.3337153510288
10:234040-236152	0.614095091036877	7.86270989178549	6.40684646474366	2.46246594842732e-05	0.000406306881490508	2.73101537807289
11:274964-275746	0.610617831967377	6.12480359485809	5.87574860493715	5.74087122755597e-05	0.00073123771033672	1.86520733250109
6:670146-671445	0.60279297508505	6.76302997713812	7.64799936687744	3.9472667483057e-06	0.000151279414068781	4.59985586678017
14:147777-147812	-0.601867194909952	2.63880743883983	-1.55600198750031	0.144015149478592	0.267469111160428	-5.83711701242434
16:235124-240149	0.598509442018832	8.97732836769388	6.60984096395192	1.80016275293774e-05	0.000339459261982545	3.05133803109838
2:500753-501168	-0.597931751238445	7.17520573011689	-3.33622716132145	0.0054473836384159	0.0201134165110741	-2.74948595538337
1:249273-249458	0.595456688683379	3.77370701849665	2.26561532064564	0.0414453322820113	0.102257642265897	-4.71672156182193
17:312831-314218	0.593383963890685	6.69054753690803	5.99842511800719	4.70495336544686e-05	0.000636978301783575	2.06876433339908
2:800244-802964	0.591688210056459	9.40516106363316	4.6334577066951	0.000484233448415438	0.00315992262028266	-0.311661746878265
12:0-1476	0.591259425347251	8.32679156195567	5.06611630533121	0.000225003918539875	0.00182772413829314	0.469274922771002
14:180483-180943	0.590052250454788	6.3879450567625	5.40161966294053	0.000126349966379777	0.00125873174053816	1.05858890776559
2:656994-658312	0.586403897217933	6.91121267884445	6.81640779610172	1.31623828075165e-05	0.000294689025475611	3.37131973177424
3:438596-441054	0.582310741025226	7.96200379016797	6.1279507061448	3.82204572329448e-05	0.00056056670608319	2.28136285964376
13:213240-214095	-0.579542300837073	7.14094146531933	-2.10794983090346	0.0552805762681816	0.127613712793107	-4.98452968732109
2:978950-982070	-0.578899287665863	11.1465528447623	-3.00440135620916	0.0102789438266205	0.0331943874033985	-3.37631155913508
6:472156-475888	0.576290253730342	8.51501471471286	5.28014908709222	0.000155430298581977	0.00147868824596908	0.84695057917737
14:396910-397202	0.576226705104057	6.17599438374678	3.14703545475384	0.00782343074726866	0.0266800889295235	-3.10778004074632
6:377342-378210	0.571522338138041	6.24843689958969	5.75133909857593	7.03969082303016e-05	0.000854472817140213	1.65659763238209
8:295668-296835	0.569966129442027	6.38438479224465	4.69069348710722	0.000436935746881058	0.00296181712486307	-0.20709167418429
3:359232-361663	0.567353579056838	7.51007792233824	5.47635561790976	0.00011134420093951	0.00115799291075171	1.18780615744618
2:982655-986684	0.567289209444699	9.757620729583	5.04879723941886	0.000231903978571121	0.00186939390359621	0.438454410521335
6:95402-95751	0.566264710952963	4.77766001425327	3.25987531225541	0.00630382258558767	0.0225655479673918	-2.89429640379175
4:723945-727695	0.565575541998784	8.27123009674208	5.46473149993523	0.000113549580043994	0.00116415880122774	1.16775845884862
16:71659-73086	0.564633297315681	6.87294614738516	3.85272961893404	0.00204247252080292	0.00929677147399948	-1.7685726037677
20:38490-41072	0.564276078270749	8.05531461438461	4.64237458617846	0.000476528561825578	0.00314727357342207	-0.295346697891977
17:380121-380451	-0.56300509238465	6.18135621122551	-3.14244404291634	0.00789249600940794	0.0267507693423832	-3.11644971756618
8:329570-331327	0.56138226866032	7.43572520550145	6.06559717962355	4.22299216497526e-05	0.000586773648186036	2.17931635425445
7:512722-518680	0.560423537711866	10.8078451053171	5.52748934005242	0.000102163291465134	0.00111221067821837	1.27577389622961
11:317820-319630	0.55881146970402	7.42276746817372	6.15428731205444	3.66494182484206e-05	0.000552882652433316	2.32429835821891
2:761106-766669	0.5553525801853	9.02785184372067	5.52893443646732	0.000101915674107353	0.00111221067821837	1.27825472379843
18:202063-203749	-0.555265307313103	9.21063112868606	-4.74002175913082	0.000400029042985253	0.00283510516370756	-0.11726419563061
16:429354-429695	0.554497615082715	4.82431234012816	1.28863416489023	0.220271669382426	0.365734092559501	-6.18767475814648
15:445991-446951	0.55400906022819	6.45224804002929	5.53136246031142	0.000101501049223238	0.00111221067821837	1.28242231388588
5:629861-630900	0.550761110628488	6.43952113684553	5.47366002440443	0.000111851587970336	0.00115799291075171	1.18315881638267
5:809609-810314	0.550058987232776	6.06888246300711	2.44874427124823	0.0294957581905289	0.0767180311556615	-4.3957063963833
16:84844-85534	0.549475682659066	5.80861851079417	5.93434966549918	5.21892523624386e-05	0.000688898131184189	1.96271059115698
2:998435-999236	0.548440445638565	6.01001955425792	4.31529649008059	0.000863638975478176	0.00498362162898882	-0.899181111660615
13:301887-309314	-0.545530521802998	11.9581110176363	-3.10870709605704	0.0084190213274567	0.0282237667358548	-3.18010576773968
18:180899-182185	0.545356739840677	6.80029268225385	5.16236249401041	0.000190375484744265	0.00166758599687288	0.639849177785926
11:17852-19704	0.541572649514947	7.41548448506259	5.69664910517787	7.70528403677982e-05	0.000904086660315499	1.56420321437116
14:131220-132888	0.540018409190693	7.02105504227984	4.73312846924369	0.000404985280851741	0.00283848571271636	-0.129800284955785
8:380363-383571	0.538774760671208	8.07597340726466	5.41004112764351	0.000124557859503026	0.00125269618700186	1.07318761813249
2:262620-263484	0.537916904248041	6.24188999033466	4.81658719048139	0.000349037018521858	0.00252454172300741	0.0216062496486682
1:1012406-1013010	0.537174216544614	5.70691612666995	3.32699830561835	0.00554434249745456	0.0203292558240001	-2.7670013922632
17:316471-318494	0.535735602301637	7.54827531756085	4.91830660149866	0.000291546822884122	0.0021733973202861	0.205022253042515
12:470316-470693	0.535269999874547	4.77895984200856	1.65523998324442	0.122110008637872	0.235482954599382	-5.69544751959316
11:440785-443297	0.53447332227822	8.8345309183233	5.12047990128394	0.000204704533313625	0.00176469934553285	0.565769100246103
2:708498-711326	0.533122620761289	8.03585819810913	4.18116912422256	0.00110603514643465	0.00609566093702738	-1.14969001482299
5:721500-723929	0.531018177360695	7.62899059842329	5.50624021901573	0.000105878129689431	0.00114089086685755	1.23926179052248
2:1058195-1059511	0.530220507227231	6.9719026725713	4.17446778806061	0.00111984680093117	0.00609566093702738	-1.16224460816844
11:96064-96240	0.529780338424445	4.30695014838948	4.02058110388355	0.0014909644170885	0.00740176403282907	-1.45144567893401
3:395701-398612	0.528210301277374	8.85900546944425	5.16023467607691	0.000191077562141685	0.00166758599687288	0.636091094312505
13:376177-376928	0.527737136730834	5.75857313942373	2.60728001699464	0.0218912061704373	0.059427027547511	-4.1107174573242
16:470011-472805	0.521889176229962	8.59781478246095	5.37949217511064	0.000131188740263113	0.00128273434923933	1.02018468048426
10:543373-545818	0.520798169050816	7.99884628166399	6.72278730785959	1.51584699028898e-05	0.00030488527040799	3.22704120209626
5:220615-222357	0.520658538301166	6.92484734118972	4.5991528114752	0.000515102595147733	0.00329665660894549	-0.374509689028193
3:300860-301771	-0.517747234494127	8.07287678971943	-2.42906974012014	0.0306009603189517	0.0788161319434462	-4.43064706666619
4:641756-642855	0.517006230439283	6.62310410169971	5.54525430508449	9.91625849989854e-05	0.00111221067821837	1.30625134508291
5:791684-791950	-0.514261766994854	5.83989377770243	-3.47153977796833	0.00420713236756521	0.0163335727211355	-2.49242897589044
4:505548-505785	0.513406546523654	4.36852829212986	2.94256179283662	0.0115690671489204	0.036072016018721	-3.49212848035381
4:897898-901435	0.5127473477867	9.16619675720052	5.27438769915414	0.000156972844637193	0.00148002967800782	0.836863247989234
16:75275-77560	0.512570824188391	8.20187679330181	3.9675647040501	0.001646354413111	0.00776138509038044	-1.55144332336245
1:645523-646447	0.511657541070402	6.82734445920399	3.37077475175438	0.00509934994630053	0.019095438096785	-2.68389447679325
8:66133-67895	0.509039464576863	7.46642915512705	3.97828500325978	0.00161364511324989	0.00764129703852865	-1.53120954839571
3:51726-51741	0.508451609284332	2.33559469804227	1.72461147710641	0.108581199560592	0.215493509361739	-5.5930709979904
4:660438-661533	0.506977888632861	6.44083051888443	2.93647928489637	0.0117043269275662	0.0361335279302622	-3.50349698334356
16:392185-406924	-0.503232593007471	10.9600455116667	-4.71716878192582	0.000416706853072778	0.00285741842107048	-0.158845348908505
2:351683-352173	-0.502828390665337	6.95867509929444	-5.22890914978078	0.000169726222068183	0.00155852948264349	0.757081991008455
16:293089-294600	0.502033177285959	6.78656123381467	4.95850359082631	0.000271633577738055	0.00206363351144882	0.277156212705583
12:504845-507441	0.500274045192987	8.07110289387706	5.01370634407347	0.000246570518355309	0.00192872938802375	0.375890842812431
12:130595-131607	0.499684860939317	6.23262385790636	3.26624866146904	0.00622742357259679	0.0223678887505517	-2.88221793430171
14:443843-444713	0.498475674727199	6.23630324279623	1.94169976748761	0.0744510492650029	0.162438652941825	-5.25663589813195
15:134765-135024	0.497318837810877	4.67979588875905	2.82114342588421	0.0145863081026318	0.0431460542195495	-3.71817342482073
16:363235-364088	0.496929701957535	5.94309308332192	6.74179571901987	1.47286841831023e-05	0.00030488527040799	3.25643464765013
16:186687-193137	0.495738462869671	10.7291759165909	5.06901834497796	0.000223868859275474	0.00182772413829314	0.474435564358593
4:770182-772862	0.494036126395655	7.66607281315881	4.46070790391573	0.000661976970651553	0.00393279928922144	-0.629410069550383
6:761598-777626	-0.493321996026646	13.3969084378907	-4.00051335821587	0.00154793083388842	0.00746399525381815	-1.48927676177703
4:695648-698998	0.492698387737851	9.1944021418453	3.68615657218419	0.00279762520419457	0.0119442463929903	-2.08451730797427
7:132997-133960	0.492193085924161	6.49412484278448	3.75936316011733	0.00243574016957645	0.0107620988245721	-1.94554873243161
16:433413-434352	0.491982303413452	6.35849128518865	2.23228594062365	0.0440653703083291	0.107466584400913	-4.7740492974404
2:791363-792644	0.490601233709848	6.63479857252178	4.47774668133093	0.000641771162722825	0.00387943591896208	-0.597932713393308
6:379593-383340	0.490324388320252	9.30243308354025	5.68969899675653	7.79449048874512e-05	0.000904503511660972	1.55243147947241
9:65347-66624	0.487875652994797	7.16599195657657	5.30504232979052	0.000148945604849138	0.00142987780655173	0.890483922253495
12:134516-136296	0.48696951232845	7.03849875191245	4.22073989169734	0.00102798101910268	0.00574363997974828	-1.07562868176515
6:414462-416168	0.486918191064477	7.80820097697116	4.02785143703355	0.00147086127213304	0.0073612772671682	-1.43774608917165
7:123473-125021	0.486504380164193	7.16901861117263	4.68992089026846	0.000437541166172954	0.00296181712486307	-0.208500778569152
2:158260-165902	0.485537354286382	11.090605906246	5.2313144881139	0.000169025257668207	0.00155852948264349	0.761308458419589
8:639813-641586	0.485209909205254	7.58310854987069	5.73058501506445	7.28486233965651e-05	0.000864700160011264	1.6215847423325
9:5-4513	0.483353813880765	9.40572201931136	4.76600740885871	0.000381905564447668	0.00272494781119417	-0.0700561327214508
2:1066400-1074072	0.483136079178042	10.7758263315365	5.11811262593111	0.00020554736695127	0.00176469934553285	0.5615751698671
1:665787-666999	0.483091611756154	6.50823962194034	3.9860935896647	0.00159024020319282	0.00757929648161955	-1.51647564641503
9:5554-7389	0.481245400169275	7.43271148494604	6.00306247348486	4.6698862633604e-05	0.000636978301783575	2.07641714655735
2:387525-389528	-0.480627497723047	9.04455024233556	-2.25096479219253	0.0425783344468372	0.104808207869138	-4.74196580735823
7:223499-223809	0.479926630619272	4.63033138220839	1.79388766437083	0.0964126305219524	0.197309569440275	-5.48825383567625
1:702906-703464	0.479020813253096	5.46364142334531	5.35562175642457	0.000136627037226479	0.00132365276432259	0.978680976913539
16:74346-74897	0.478827201495485	5.49702043358058	4.44148102425471	0.000685570816482812	0.0040371804103083	-0.664964324152499
2:187317-189289	0.478585776747455	7.35290343708569	3.48568222145587	0.00409521983087804	0.0161363885873404	-2.46554519202151
9:92932-93974	0.478027314708729	6.65754171617345	2.92614949084528	0.0119376344717451	0.0366457616341942	-3.52279381676071
9:660567-660823	0.476500796185467	4.500657769286	1.9169290979056	0.0777809429246551	0.167968662021341	-5.29616738981552
7:109157-109193	0.47630668610808	-Inf	2.050275732426	0.0631659825745853	0.143140080684039	-5.08956687785957
1:914341-915916	0.474640151335988	6.83290459903588	3.41970123363124	0.00464447388661927	0.0176423180729135	-2.5909509758354
10:18255-22832	0.473508159047364	9.36727233465464	4.6839695484231	0.000442234057429799	0.00296832454530533	-0.219357411635868
18:163378-168660	0.473098429900546	10.3164676629095	4.93263235490922	0.000284280875081773	0.00214429002918823	0.230752837292296
15:400268-401624	0.471275139667445	6.70218873034556	3.98504096934378	0.00159337482852229	0.00757929648161955	-1.51846160947975
10:40280-43106	0.470450711373305	8.18408540699087	5.21640450465216	0.000173419659374788	0.001578716899136	0.735097503509878
8:635860-638403	0.468453533367091	8.59495868253381	5.1651057970298	0.000189474305145052	0.00166758599687288	0.644693438512966
2:993926-995444	0.468015670428545	6.92460062121856	4.03660277052915	0.00144703181298716	0.0073113186340404	-1.42126029895001
5:758579-760015	0.467313630548748	7.21906582520906	3.83737629962192	0.00210238089912724	0.00952838725098012	-1.79765082249202
2:393049-397784	0.466990682038256	8.54046667416488	6.16111006720666	3.62536339704406e-05	0.000552882652433316	2.33540509278164
2:45095-45865	0.46657505791916	7.57829873265448	4.83774192635193	0.000336176483395671	0.00244829218252295	0.0598539928454054
14:317015-320214	0.465581072811154	8.06460104757901	5.04078877532292	0.000235168988645236	0.00188135190916188	0.424189864335266
2:690122-691892	0.465504305577407	6.90371569421795	3.81781334047712	0.00218132771327994	0.00980205134137709	-1.83471633661074
15:22-1698	0.463826942531079	7.06071651669473	3.69674509849384	0.00274206821736243	0.0117708294208729	-2.06440810945245
4:922606-922815	0.463122320408191	4.14970328091267	1.79078887477639	0.0969297732231931	0.197602008732996	-5.49299553666958
8:0-2184	0.458960834152308	8.49600138073424	3.66516077258859	0.00291120335729752	0.012346308214081	-2.12439899123154
12:354358-356545	0.456676014000585	7.43913415652197	3.86598007165783	0.00199217449004476	0.00910708338306174	-1.7434854936302
16:286024-289521	0.456282136091122	9.34864482827225	4.10261161228232	0.00127960616929184	0.00659153226718141	-1.29707661987583
3:214612-214709	0.456164017661377	3.45270584603509	1.53989863082088	0.147871590771262	0.272993706039253	-5.85954989238842
11:68123-69360	0.455839089870805	6.37959374638108	4.11051056230794	0.00126095177883879	0.00652727979634198	-1.2822363577141
1:430327-434540	0.455452921559058	9.0092504024183	3.76491235714777	0.00241033616746695	0.0106946008102735	-1.93502119590313
3:542049-543142	0.45239999065466	6.52419360039695	4.87255016389201	0.000316078901935549	0.00233412112198559	0.122670773074828
2:601873-602426	0.451079305821012	5.40264200821828	2.97043425439622	0.0109688091363261	0.0345763058148072	-3.43997907853385
1:632535-634728	0.450448568299889	7.52316107568762	4.12761207714951	0.00122151702506206	0.00648201999228913	-1.25012204424255
2:635617-637483	0.446607736764314	7.60340835720502	3.46004434836757	0.00430037589206823	0.0166344210330551	-2.51427963161765
9:557120-559702	0.446055065760325	7.77943667080265	4.11194906857582	0.00125758479476063	0.00652727979634198	-1.27953422446614
7:649697-652035	0.444966373912906	8.01369111272188	6.14368610623087	3.72734552394608e-05	0.000554377024406629	2.30702753300809
14:399106-402102	0.444724065612752	8.36477043236717	4.6294331973061	0.000487753207486812	0.00315992262028266	-0.319028173503994
18:0-3583	0.443610303819936	9.18422850891551	4.11790877986584	0.00124373369226821	0.00652727979634198	-1.26834091175374
19:44788-45121	0.442365060882873	4.64044001029546	2.20790044084641	0.0460805690083757	0.111607983653314	-4.8157591024959
14:518521-519069	0.438983329662411	5.6396222655966	2.43003269843302	0.0305459533287023	0.0788161319434462	-4.42893928278134
9:608253-608631	0.437377297992698	4.87068203080355	1.67762322894782	0.117591371839888	0.229531402334421	-5.66270636091867
16:138594-141018	0.436888102711505	8.04602932091117	5.17979835221078	0.000184723116117791	0.00166724453521698	0.670621529753262
6:501677-504338	0.434795123299765	7.55252370227789	4.57615621451876	0.000536933918756119	0.00339522286351175	-0.416711481160171
12:429023-430970	-0.434567159180389	10.4384781916257	-2.81537857276269	0.0147474328491968	0.0433486047215631	-3.72885539538004
7:109798-109995	0.433952669524916	4.12885416160368	2.47093848619496	0.0282950827429334	0.0737768083371299	-4.35617097768748
13:150710-151474	0.433745456952743	6.02782803343279	4.29807785225203	0.000891408562638264	0.00508825644403247	-0.931254639538206
14:535891-537509	0.433468402045362	7.12278730814798	4.00872924213604	0.00152434289955554	0.00741800046972648	-1.47378542351994
2:872351-877051	-0.432929062881877	11.1991580034174	-3.23244490524751	0.00664353131475992	0.0236214446747019	-2.94625867884861
1:187891-191149	0.432877429472224	8.30206261258207	4.43941630401065	0.000688155751757097	0.0040371804103083	-0.66878455854405
19:89259-89533	-0.431845864133975	5.53154813123447	-2.57310310382272	0.0233501250478603	0.0627423207392886	-4.1726399737443
14:278285-281364	-0.430955896255265	11.299789481439	-3.60548732426439	0.00326031863760939	0.0136622876242679	-2.23779342586035
7:196039-196141	0.429888872944867	3.70627882784599	1.74095394698722	0.10559371454919	0.210788209005566	-5.56857148523989
4:548809-551441	0.429267131480258	8.01081434428709	3.74062231632738	0.0025235726894051	0.0111037198333824	-1.98110986906399
2:35889-36229	0.429126981262585	6.43492047396921	3.00571251152266	0.0102531966680245	0.0331943874033985	-3.3738515284175
2:108884-109345	-0.428457863804276	7.04450033057163	-1.93682647725641	0.0750956888394945	0.163507314256714	-5.26443501881794
11:305085-308153	0.426967265150234	9.10427901877006	4.3048099762685	0.000880443033821371	0.00505297741149656	-0.918711448772833
2:319932-320461	0.424733622532901	6.94471948076757	3.35851138334106	0.00522024829122106	0.0194790890301394	-2.70718151376465
9:257011-259747	0.424488226785856	8.07350205749599	3.82493119168527	0.00215225851209511	0.00971275636227538	-1.8212284672393
7:496208-499114	-0.42419943659176	10.9609169916429	-4.13643044824656	0.00120168081886683	0.00640896436728976	-1.23357069528709
2:36757-37288	0.42413689111522	7.24523706700646	4.7305725460296	0.000406839168229965	0.00283848571271636	-0.134449854934122
14:78115-78285	0.423195979183934	4.08500401445114	1.74476227419187	0.10490810153946	0.209816203078919	-5.56284187961725
7:184533-186321	0.422997318677071	9.12541856373009	4.14256552117182	0.00118807633797355	0.00640106435153095	-1.22205907003103
13:441506-441728	0.422888648136485	4.21437926501333	1.86861242755128	0.0846691048175602	0.178464220932821	-5.37246403646647
7:0-2084	0.421975078392139	8.972917034535	2.87496420147404	0.0131633570135739	0.0393782011510878	-3.61821626026379
5:621271-623491	0.421567588620331	7.30912885914332	4.62577090594772	0.000490979266949343	0.00316142747499089	-0.325733139165019
10:32271-32506	0.420398741460047	4.27726778547364	1.85105550235958	0.0873059279535632	0.182203675729175	-5.39991498551348
6:461346-462339	0.419757884963175	6.4803499901289	4.1155044765906	0.00124930259923518	0.00652727979634198	-1.27285627818007
16:479659-479676	0.419519798259867	2.19228107313429	1.31560152498739	0.211326522344435	0.352898060419443	-6.15453606329961
11:172125-173245	0.418791925510171	6.60362339832632	4.0198615095009	0.00149296944980359	0.00740176403282907	-1.45280180226187
11:180672-181666	0.417845325739414	6.1824457042086	4.01172732815314	0.00151582752909813	0.00741800046972648	-1.46813346181276
12:419057-419935	0.416551837676244	6.1505150957268	3.27329179842928	0.00614407740608218	0.0221438421188491	-2.86886794390752
2:605060-608208	0.414999884521016	9.80530345240503	2.15028112117638	0.0511919890130188	0.121207938111542	-4.9134936310772
14:321900-323691	0.414971924098018	7.72130154324262	3.17660014946648	0.00739296586110102	0.0255966293420416	-3.051920338517
14:380712-382753	0.414947959990648	7.40940126335822	3.88266077802475	0.00193065266825689	0.0089419702529793	-1.71191540291658
9:498729-501027	0.414896727869294	9.22792401502229	4.52027632655952	0.000594076361356519	0.00369026257407343	-0.519491535024027
7:618090-619769	0.413191566318501	7.23542829703764	2.47984959742614	0.0278263658117503	0.0727342631119018	-4.3402622571537
16:20744-21051	0.412778830338539	4.66885592455752	2.09606094532405	0.0564825219116141	0.129382956916843	-5.00435901738506
4:144117-144127	-0.412099154594009	2.31476495877245	-1.05625026329437	0.31033245969044	0.460915720721666	-6.45044139777673
9:152069-154909	0.411505310948402	7.96082779534365	4.96975377412934	0.000266318293464293	0.00205278918173937	0.297308972022678
14:0-2777	-0.410940253834079	9.56499090215572	-2.51004948603014	0.0262929125384573	0.0695872572446389	-4.28620209412074
19:51168-51392	-0.409820724581169	4.48944243829332	-1.45973457259982	0.168405154835885	0.299386941930462	-5.96880349514262
15:451173-452789	0.409812432649787	6.78871524347388	2.9008988928109	0.0125275031168637	0.03801449221669	-3.56990901493861
6:638725-640834	0.409447982381423	7.42635098623358	4.39245045277373	0.000749761289709339	0.00435026330732452	-0.755794367214513
2:908873-909329	-0.40937903231887	5.09824111430892	-2.50811752164497	0.0263885190375109	0.0696656902590288	-4.28966706939589
5:369391-370527	0.408244094170497	6.61626825100434	4.08688360677033	0.00131760007825121	0.00675429943025863	-1.32663897339545
6:184078-186592	0.406396745510203	7.77693424713932	4.64198836821825	0.000476859632336678	0.00314727357342207	-0.296053172663259
3:175346-175732	0.406032248398478	5.07535857111811	1.64059482050827	0.125148103065931	0.239413762386999	-5.7167162371991
11:324735-327399	0.405750240789112	7.74498783395264	4.47574959603617	0.00064410602578057	0.00387943591896208	-0.601620617080853
14:8931-25982	-0.405700851609948	13.4717518979147	-3.44249587423313	0.00444676679110517	0.0170755844778439	-2.54763306111219
4:591450-591701	0.404273116905426	4.45348670508276	1.12751052116569	0.280166133625876	0.435472532644486	-6.37435929786925
13:466305-466915	0.403683197479351	5.28814098146378	1.52085139405397	0.152546732648996	0.279184314865407	-5.88587684742804
10:360899-361102	0.40306040961029	4.10311612618644	1.49564126995805	0.158927651169671	0.287376026772555	-5.92037236818672
16:174899-175442	-0.402362491133228	6.94152902205663	-2.48195458550075	0.0277167426016739	0.0726274942614582	-4.33650140242907
4:901788-905724	0.402282400203326	8.49773369750521	4.86704277361113	0.000319173466532543	0.00234060542123865	0.112741552353351
14:269114-269555	0.401345250858721	5.05615115563431	2.17360295938593	0.0490621230231749	0.117216293919621	-4.87407652267107
20:27638-29306	0.400574966222838	7.04271510099227	4.72452906834346	0.000411257873149245	0.00283848571271636	-0.145446733486414
7:519331-522621	0.399714988952756	9.48950550489153	4.59368259018865	0.000520210719764169	0.00330929228958411	-0.384543129708065
4:634794-637212	0.398956739171192	9.76498697856304	4.00939543683606	0.00152244649253028	0.00741800046972648	-1.47252947188905
12:32983-33389	-0.398190216195887	9.15554330609797	-1.40004991350984	0.185206794331054	0.321674958574988	-6.04743432660318
16:128723-128976	0.396641142148865	4.24813144548591	1.40132360832165	0.184834212805545	0.321556719477192	-6.0457812375665
16:320830-321048	0.396212909115291	4.00090548814765	1.83657251618415	0.089536654141699	0.186123438530776	-5.42244754256252
3:104953-105784	0.395483309631037	5.91028556495092	2.76808088878667	0.0161372083715518	0.0461812792421646	-3.8163035947164
13:240299-242006	0.395210509669814	7.05985850908501	4.18190355990525	0.00110453216280489	0.00609566093702738	-1.14831430182491
7:153889-155658	0.3937656600308	7.44595690453162	3.90608783458279	0.00184751649340708	0.00863264343822071	-1.6675997573135
15:245175-245621	0.393588907867692	5.34308875354322	2.6951520508034	0.0185356597961083	0.051509623012343	-3.95042017637323
3:884063-886722	0.392895134089731	8.32157241347293	4.12394060900729	0.00122987478449733	0.00649373886214592	-1.25701476911007
6:87841-93243	0.391697196802221	10.1588418397292	4.68159091650895	0.000444124316437729	0.00296832454530533	-0.223697702669002
7:612198-615974	0.391649492212741	9.86019869646635	2.62678438107941	0.0210987440126413	0.0575717666081376	-4.07526914768223
2:912462-930561	-0.390872415541358	13.5534193216633	-3.29823355927388	0.00585783949719322	0.0213306155484001	-2.82157446650553
9:507671-509593	0.388042342933131	7.54165037170637	4.63057256233871	0.000486754052729239	0.00315992262028266	-0.316942509821136
16:436346-436717	0.387345277829541	4.62001333108521	1.99508329700261	0.0677138264268383	0.150222270392313	-5.17051790405591
4:115285-115888	0.385375072796076	5.44566948592974	3.06555483962118	0.00914391567801548	0.0303647011194476	-3.2613957645635
10:216855-217620	0.385179159190718	5.71138506993876	1.55877535521757	0.143359764980596	0.266998080810423	-5.83323752096436
9:705882-707276	0.384209804684722	6.76850133213931	4.72741270221926	0.000409143304143689	0.00283848571271636	-0.140199072573017
4:774467-775093	0.384156908245792	5.42713800302139	1.83712308301809	0.0894509228939651	0.186123438530776	-5.42159284445328
2:1-943	-0.384027117700291	8.06769739500105	-1.15652989777299	0.268539736863229	0.423250689742641	-6.34221030235122
15:396210-398509	0.3839618915881	7.64417091775445	3.19176447994139	0.007181456395249	0.0251113177264336	-3.02324673702922
2:1032309-1034859	0.383425183902003	7.74995035326243	3.11086464309332	0.00838432259133083	0.028196957504603	-3.17603741439054
15:280323-281805	0.382990412922294	6.7554966909868	2.14321919958049	0.0518538117353099	0.122226841947516	-4.92539038042515
9:510722-510922	0.382844679484577	4.30217292315019	2.01819695451002	0.0649745298781243	0.145366744812075	-5.13285187972922
1:664718-665309	0.382576661118974	5.42200044105302	3.55798027989128	0.00356849015824276	0.0146627455529352	-2.32809974522404
13:72170-72586	0.382262144696718	4.82642255981016	2.88379278172232	0.0129434005787153	0.0390520886032095	-3.60178157939508
10:312837-313064	0.381776297294157	4.12779881006094	1.99067746629744	0.0682478960752221	0.150773594676641	-5.17767204156014
11:216167-217744	0.381772524879932	6.87672826491287	2.90575031320691	0.0124119758599249	0.0378816373065917	-3.56086289387309
1:760620-763071	0.380588290092398	7.56605495193742	4.45993001060557	0.000662915031705886	0.00393279928922144	-0.630847836634672
2:532797-533461	0.379281420192154	5.59958701093345	1.86525629726748	0.0851675136355153	0.178800982900803	-5.37772290454891
1:773737-774307	0.379042220410181	5.56231216159946	3.20645427532487	0.00698234884081434	0.0245778679196665	-2.99545706812837
1:505886-506095	0.378908930016491	4.0931652353881	2.02716630948071	0.063939342793352	0.144273388867051	-5.11817534191976
14:374316-374861	0.378411423906783	5.47636081166921	2.0453300782408	0.0618895185799081	0.140549100258888	-5.08835275710171
9:59191-59589	0.377646742776801	5.08200477499947	2.30412615215865	0.0386017658122208	0.0959140345828356	-4.65003738381017
5:152053-156118	0.377303395009882	10.400102637357	3.72333145290169	0.00260747461148701	0.0113312476943633	-2.01392914611271
7:150433-150481	0.376788208289535	2.82191455506869	0.580298563163108	0.571762048561253	0.698404562009534	-6.84460319761045
2:307311-307532	0.376640406338452	5.99593607488193	2.9932952953814	0.0104996267350179	0.0338036763176186	-3.39714201600154
1:441873-442949	0.375364078214488	6.79215297943446	2.23319386240264	0.0439919700318151	0.107466584400913	-4.77249249082921
3:461019-462630	0.37493954473408	7.23405674065765	3.71911608637409	0.00262835705255717	0.0113751846209032	-2.02193151212415
4:612173-615624	0.373799639578406	8.35338094154609	4.13710097556361	0.00120018615450139	0.00640896436728976	-1.23231240630932
2:136390-136692	-0.373113510130376	5.55763238370026	-1.74625273143489	0.104640853091144	0.209678825169352	-5.56059740606564
11:199018-200195	0.372942169312222	6.35269237151495	3.59012212641397	0.00335691494337524	0.0139563077960797	-2.26699908451485
9:287481-289541	0.372404903570265	7.59441349317349	5.01715059835131	0.00024508903451923	0.00192872938802375	0.382038499197185
16:478340-478561	0.370293299006329	4.18420178717944	1.78185988696569	0.0984337966445082	0.199896325493463	-5.50663109260552
2:574249-575107	0.369557430044494	6.10105707229291	2.76040868562726	0.0163744627211664	0.046733601712302	-3.83045524614377
7:284092-284829	0.36797593993831	5.65863353965053	2.05271192882654	0.0610739750075247	0.138995943120573	-5.07619439211877
7:295548-300543	0.367507352850723	8.43933198461402	4.54234963226557	0.000570785611581026	0.00358779527279502	-0.478852987407749
6:558680-562360	0.367139141807558	8.45146204006804	5.10234810503992	0.00021125338435109	0.00178466859099801	0.533627840721335
6:53877-57523	0.36707044199898	9.76471230090123	2.89889741411624	0.0125754737903316	0.0380507172567053	-3.57364016917933
9:94765-94986	0.366848396259952	4.17822639747253	1.40641880613898	0.183349970726491	0.320558889217177	-6.03915734032279
6:513355-513617	0.364756775419545	4.37182839009939	1.50173448352074	0.157365004178746	0.285528255004735	-5.91207173839059
1:843486-843947	0.363855741172598	5.14985436262876	1.49353125352835	0.159471835777742	0.287867108685976	-5.92324128149596
9:512303-513906	0.363788293820291	7.08667684695541	3.02026066715601	0.00997178175687034	0.0327024892399226	-3.34654421566484
11:3591-5361	0.363115103318015	7.21956990199945	3.99467162168149	0.00156493022381641	0.00751166507431876	-1.50029406549613
2:794280-795347	0.362637440963641	6.58215358156547	2.78482003390501	0.0156312263983625	0.0451804322145276	-3.785394714004
8:200737-202397	-0.361646063001285	7.0608246059796	-3.22030354916887	0.00679970486688705	0.0240955984544722	-2.96924602853204
1:663202-664374	0.360386825331284	6.3793247616385	2.37969347031406	0.0335523551463617	0.0853765952639952	-4.51787869189585
3:447195-447735	0.360146347259673	5.6246447126805	3.12539180045877	0.00815437957085651	0.0275112614275542	-3.14863511685746
9:542355-542685	0.359941148359382	4.73419981845367	2.32393953536754	0.0372119621213612	0.0935615047622797	-4.61554993255233
8:268010-269837	0.359713429463262	7.06304233196949	3.14911225709229	0.00779238978780304	0.0266800889295235	-3.10385805739042
16:78067-80746	0.3594120966488	7.98108414668596	3.88863639903588	0.00190908949963201	0.00888105071194448	-1.70060909601071
17:78379-80246	0.35938506658936	7.93906535140509	3.5427737299583	0.00367325646326459	0.0148791356454541	-2.3570088561835
4:583776-586074	0.359277838506584	9.41721756958373	3.55976232602324	0.0035564127971872	0.0146627455529352	-2.3247119621258
5:211846-212056	0.35904861590891	3.96875596521212	1.32574811171471	0.208037900534829	0.350592346115506	-6.14193226940758
11:330258-332489	0.358783882950371	7.76240876818003	2.16018966601485	0.0502767157843563	0.119308341277034	-4.89677076313572
7:634308-638345	0.358765710196405	8.231791821084	4.17610866722562	0.00111644855355149	0.00609566093702738	-1.1591701863226
5:557546-560275	0.358521480136539	7.55532965454626	3.33192905487252	0.00549232544046002	0.0202086956973024	-2.75764368403183
5:319269-323150	0.357920216678684	9.07734861050041	3.87665260552567	0.0019525847612877	0.00900405898654941	-1.72328502691445
2:42053-43125	0.357150461885923	7.83381220822833	4.16058724849144	0.00114902311196528	0.00622240208325811	-1.18826009691425
4:330173-330188	0.356633626256504	2.30854189817172	0.459625695231285	0.653474001793729	0.760825298670538	-6.91029729205283
8:154850-154946	0.356104408200034	3.45130171679206	1.83001569591082	0.0905633508668443	0.187853054306465	-5.43261489304744
16:0-4407	-0.355385356593226	11.1846894571633	-2.54813029556769	0.0244753559085565	0.0652676157561508	-4.21772538445539
8:241557-245301	0.355366442988954	10.1013881044976	2.81383069680801	0.0147909928224697	0.0433486047215631	-3.73172268586612
6:532080-536153	-0.355006393803302	10.8167086389359	-2.80009128761672	0.0151832366816602	0.0441694158011932	-3.75715778267295
7:338112-339129	0.35484060267506	6.32369653041729	2.7045676933926	0.0182074062532553	0.0508651349297291	-3.93315698449402
5:804616-807183	0.354158262891538	8.25160148435368	4.07450059759348	0.00134832878013678	0.00684536149915598	-1.34992618777518
15:373168-373660	0.353257165044882	5.13455081007401	3.64721721528351	0.00301198567425291	0.0127226274880443	-2.15849003023151
11:347579-352527	0.351622224236841	9.03672848331178	3.55198418256348	0.00360943366063448	0.0147734959132946	-2.33949880763555
1:976754-977897	0.351291209618799	6.34003426025227	2.70179738585757	0.0183033913749701	0.0509983675249825	-3.93823789447264
1:1086403-1086701	0.350779147428717	4.71437314125598	1.39352825131375	0.187124268723906	0.323939717659745	-6.05588131250529
10:422820-424112	0.3504793553119	6.48334586280662	2.62067345755518	0.021343978957644	0.0580908293280207	-4.0863838692538
16:133853-134026	0.349830482238956	3.95369239792772	1.66267344123388	0.120592786168188	0.233662352648819	-5.68460549356666
20:130695-133860	-0.348743427584356	8.26345984136732	-3.52949452308392	0.00376729408701438	0.0150493241410533	-2.38225432784261
6:506258-509193	0.348480662967845	8.56582549453129	3.40275333386463	0.00479720752604401	0.0181571725716934	-2.62315206428747
13:472308-472528	0.347696307835297	3.93527148548768	1.76030038076718	0.102151604521313	0.205862775523867	-5.53938565887968
18:109295-109787	0.347592879351014	5.35000515604498	1.88719846492854	0.0819564605704228	0.174840449216902	-5.34324401507218
8:324976-327557	0.34754138336325	9.48479002251032	3.63740592332249	0.00306858630871401	0.0129100682948287	-2.17713300518026
1:667413-667613	0.3473310774847	3.74399690359993	0.473378615075284	0.64389392343678	0.755502203499155	-6.90355083939288
4:518851-521429	0.346589281674412	7.5161543687821	2.75818869592673	0.0164437498762394	0.0468048513997542	-3.83454829943931
5:502485-503217	0.345348104377798	5.83578247929346	3.52003749619309	0.00383574980179672	0.0152276383108922	-2.40023337550374
2:935075-936229	0.345050980702758	6.46034774969035	2.94031181787286	0.011618919502002	0.0360869970415121	-3.49633429928918
6:264234-265576	0.343775464850437	6.94224391361874	3.42455556984223	0.0046016387216904	0.0175427093505598	-2.58172672657731
8:85231-85979	0.343616001880201	5.81335184944392	2.78541178027184	0.0156136276669958	0.0451804322145276	-3.78430123774035
2:52325-52513	0.34337337214172	5.1846077183642	2.56708731417036	0.0236165098101595	0.0632970415216458	-4.18351341786057
2:624761-627075	0.343070504935477	7.58358240715142	2.77041901198529	0.0160655779338963	0.046101223636398	-3.81198894166958
8:142924-144710	0.342698216359623	7.05761036559369	4.03395755942838	0.00145419247933426	0.00731251075322372	-1.42624283768078
9:629736-631579	0.34226137160916	7.07038659956825	3.28216657583479	0.00604065084009638	0.0219207123269477	-2.85204300659538
10:347317-348975	0.340045309428742	6.83938912877227	3.52820120664458	0.00377658228918477	0.0150493241410533	-2.3847130944984
2:48654-49194	0.338761098841267	6.69925019933922	4.01416593020983	0.00150893727397551	0.00741800046972648	-1.46353664490052
7:401566-402336	0.338454471552461	5.92819480917632	2.9792782758833	0.0107848821542001	0.034186677673019	-3.4234137962807
17:139119-140428	0.338035996699545	7.01840614744093	3.47680165670594	0.00416513663440347	0.0162304000255303	-2.48242670825385
8:710401-710584	0.337473116290819	3.98438964092855	0.460396034434301	0.652935678218362	0.760825298670538	-6.90992448827138
14:377244-379422	-0.337244866693572	9.79134675984394	-2.14548038895084	0.0516410330479751	0.121997608274411	-4.92158309080702
15:381299-381534	0.335413384135233	4.40621642770735	1.88735281824293	0.0819342664332245	0.174840449216902	-5.34300066688255
5:768761-776578	0.334784797848389	11.0486089771053	3.53815463411819	0.00370569382079019	0.0148791356454541	-2.36579032412234
3:773235-774312	0.334733755466746	6.53863074916469	1.68059962605426	0.117001701911324	0.229227824152798	-5.65833147451426
2:37813-38752	0.33440235925597	7.68791381215547	2.55102425284813	0.0243423153529711	0.0650771772474366	-4.21250783635345
4:276944-278598	0.334061147785214	7.06364133534213	2.43044267317236	0.0305225631985231	0.0788161319434462	-4.42821212773923
14:458764-462736	0.333956479728144	9.23680637393656	3.53948764486649	0.00369630311008839	0.0148791356454541	-2.36325610332611
1:286248-286290	0.33148988897516	-Inf	2.1881123904912	0.0494766151650455	0.117674111743892	-4.86243362668716
15:309099-310184	0.331156614264865	6.46577068178764	2.77754820313216	0.0158490912927916	0.0456039248097764	-3.7988276655924
4:497019-497363	0.330504255355506	4.586660039457	1.38320158023757	0.190194023367803	0.327913739809576	-6.06919726239344
4:785643-788022	0.329452952761383	7.46937069279821	4.26670461998862	0.000944401531503297	0.00533309100143038	-0.989760820041405
5:198951-200257	0.32918947202366	6.63170518995387	3.01466201564248	0.0100791594364418	0.0328561055458891	-3.35705554859305
9:55598-56968	0.328275405327974	6.63419657557175	3.17069715404874	0.00747697689447689	0.0258029006554497	-3.06307812993936
7:196606-196859	0.327282815965658	4.67837477268597	1.20836531945815	0.248701529728839	0.400195201834221	-6.28314941925945
5:686033-686225	0.327220741855688	4.28672677348241	1.68320072592252	0.116488513477228	0.228646598944151	-5.65450418601972
9:52494-52710	0.326199698260673	4.17606145831546	1.17788735344971	0.260222664712854	0.411369960983194	-6.31812745890688
5:696726-697290	0.324796587384966	5.35562345220237	1.42096142083673	0.179167995211833	0.314810986595168	-6.0201551893994
2:746293-746650	0.324189899240841	4.84902773078176	2.33766555265288	0.0362772192903348	0.0914289822687196	-4.59158880035329
11:367069-367965	0.321886337966966	6.12582976566488	2.67485463426627	0.0192630800542551	0.0532508181604538	-3.98757931203951
20:112581-113016	0.321446255384576	4.97910107613134	2.09318159094655	0.0567772581005786	0.12977658994418	-5.00915329514988
10:37343-38572	0.321348037885659	6.54012927482888	3.34593656195554	0.00534721941382884	0.0198219000033782	-2.73105548001185
9:178725-178990	0.319646526495802	4.39152967473098	0.793167329639773	0.442098121452048	0.588720827557834	-6.69396464919493
18:10633-15835	0.319024722164809	8.68974414968352	3.27397496735405	0.00613605290028714	0.0221438421188491	-2.86757290508779
17:408500-411047	0.318580003126955	8.89154898469461	2.71446607519635	0.0178684558186437	0.0500506348660153	-3.91499152962709
8:153633-154574	0.31817064701623	6.13822668225983	2.64273840571759	0.020471360739634	0.0561500180287104	-4.04621604483845
14:546719-547272	0.317908141020508	5.08016474114258	1.2872119792507	0.220751740568076	0.365955789701551	-6.18940779394924
7:581556-581913	0.31741640717445	4.83019359199574	2.10441059475722	0.0556358720444874	0.127998869017383	-4.99043838845729
6:452910-458723	0.317020027207041	10.7065092638268	3.34569776292207	0.00534966051227537	0.0198219000033782	-2.73150880634064
4:779657-781116	0.316737626153697	6.80768123167067	2.30647569976039	0.0384344146739629	0.0958868864569064	-4.64595399228552
3:248311-248693	0.315299921640972	4.97454620110071	1.51207119758525	0.154743901082644	0.281255696287903	-5.89793647885788
4:79028-80504	0.314639844615361	6.76266618047293	3.05049058436416	0.00941136203637202	0.0309607424000276	-3.28973609293531
3:297930-300006	0.314083742967582	7.47980264029243	2.66027450281681	0.0198027356662245	0.0544575230821173	-4.01422388402834
2:39157-41601	0.312489323803096	9.09048974257344	2.94562058079578	0.0115016338786779	0.0360407281183498	-3.48640982109997
18:286119-286912	0.312416844837382	5.91601925038167	1.90174014317845	0.0798893460712931	0.171469815957897	-5.3202692672736
9:32234-34488	0.311979685791735	8.78239858999775	3.31238598672663	0.00570142774767218	0.020832898621252	-2.79472803217182
1:919262-919848	0.31138356793498	5.55557668631805	2.13460801537365	0.052671659360799	0.123328763381383	-4.93987228925712
1:974444-974949	0.310738214309581	4.96620535741233	1.68816736392765	0.115514107468233	0.227156233680548	-5.64718578834058
1:1001333-1001499	0.309691199585809	3.86096797883594	1.55556248142964	0.144119246449132	0.267469111160428	-5.83773137922646
18:157642-159802	0.30807482589606	7.34884894679433	3.00674772278698	0.0102329135210165	0.0331943874033985	-3.37190910910665
16:207409-210265	0.307709046834129	8.05088339452744	3.17734632480565	0.00738241385701129	0.0255966293420416	-3.05050976474237
9:701499-704724	0.307470541065223	9.37860024006531	3.54092292579767	0.00368621891619311	0.0148791356454541	-2.36052745733511
8:255362-260041	0.30651952886218	9.18894073067819	3.70454413569019	0.00270186736814501	0.0116455997582087	-2.04959832287875
4:28726-30230	0.30570072415518	6.72118078212026	2.98114963632677	0.0107463581358368	0.034186677673019	-3.41990755986027
4:413550-414143	0.304304956489514	5.70574058242812	1.19259550126232	0.254612007096158	0.407027683316516	-6.3013367447265
3:988234-997348	-0.30266243218488	12.7902721270626	-2.80640235164993	0.0150018083242837	0.0437621811890707	-3.74547797020239
2:47845-48092	0.302612945589998	5.91426650119911	1.88402036540757	0.0824146469662706	0.175384753571147	-5.34825201386648
14:268417-268908	0.302167064723359	5.15363586007415	1.66908981015403	0.119296463876019	0.232419782033376	-5.67522186328968
6:387817-388040	0.301819331533919	3.75905154365475	0.962476936057568	0.353595329191531	0.508022677042526	-6.54415602509583
14:310538-310706	0.300953929593795	3.78449714752452	0.947163338458681	0.361049679195191	0.515924846048879	-6.55874888035627
7:306295-308880	0.300950656166904	7.61038940743408	2.48699616338008	0.0274558781151474	0.0721229037054618	-4.32748946583166
5:815511-816308	0.29984286564415	5.97076530782096	2.93782766612421	0.0116742077595959	0.0361335279302622	-3.50097716878222
13:190051-192890	-0.299720426065271	10.5987628076195	-2.87030544197597	0.0132809099960639	0.0396176298187669	-3.62688449940049
9:489956-490568	0.299199020841646	5.7092400740952	2.1388970172366	0.0522628149498559	0.122916553645986	-4.93266265259243
4:330488-330545	0.29859975794746	3.06299507956972	1.56393172615574	0.142148051213241	0.265209084949086	-5.8260121428194
14:6748-7032	0.298439943001523	4.49595434716219	1.31495243087579	0.211538325990064	0.352898060419443	-6.15533984626946
2:882774-884499	0.298231326171808	6.98452133089569	3.1417072028699	0.00790363639661322	0.0267507693423832	-3.11784090763024
8:83354-85077	0.298219098764238	6.94783091068857	2.63154932254225	0.0209094296429466	0.0572029992304445	-4.06659728625633
6:753032-755420	0.297682760024269	7.37604284550392	2.98277898147278	0.0107129275573034	0.034186677673019	-3.41685446399223
13:206905-207210	0.297404366053859	4.38664833890732	0.914657526559465	0.377236555961553	0.529055656537978	-6.5890489170531
11:376289-379204	0.297315686142611	7.85388214673501	3.3985700416722	0.0048356815152059	0.0182374274287765	-2.63109944762732
9:503926-505138	0.297270919460876	7.68988732564153	2.66828287845075	0.0195045201304512	0.0537774758688158	-3.99959392697381
1:92611-93775	0.29629984935079	6.52020202050564	2.18804604828792	0.0477851043242721	0.115207922754409	-4.84956845096993
10:523924-524835	0.295711622217122	6.19426734824875	3.72802133463161	0.00258444019346206	0.0112775572078344	-2.00502655888955
13:36-1905	0.295661413648521	9.34713479313176	1.32989070101356	0.206707238195292	0.349252549654766	-6.13676538778753
3:865970-868956	0.294857742978553	7.95198718209481	3.44051068321116	0.00446364165407804	0.0170782811112551	-2.55140594927591
15:376634-377346	0.294545919620766	5.7935026965127	1.31502685735108	0.2115140314267	0.352898060419443	-6.15524769815845
9:707911-713054	-0.294479488897023	11.1694335528033	-1.88789126671668	0.0818568867591582	0.174840449216902	-5.34215167989345
20:88989-89490	0.294463198531273	4.95058837353745	2.17071474753997	0.0493213055996931	0.117569523054799	-4.87896858566991
5:139415-140169	0.292818958836436	5.76174281739028	1.86571070215364	0.0850998763035366	0.178800982900803	-5.37701119230662
5:363459-364181	0.290223944159786	5.91067170545459	3.14644869980597	0.00783222307590178	0.0266800889295235	-3.10888805638712
10:409274-409476	0.290208821295883	3.80771284426615	1.07704434282318	0.301290272409076	0.453222973880319	-6.42866646476694
1:751984-753430	0.28936205817429	6.79441722017249	3.05103436997545	0.00940157359535101	0.0309607424000276	-3.28871342692698
12:156377-157023	0.288657732076149	5.77400170335852	2.37389388274353	0.0339163883442255	0.0860954473353416	-4.52808038368131
10:338222-343142	0.288654495416949	9.05919237074168	3.7857885878726	0.00231716392085251	0.0103245784827859	-1.89542576890115
8:315836-316320	0.28759808412437	5.1520401951768	1.10394940600861	0.289884390139523	0.443649153604835	-6.39996904117731
7:300852-301425	0.287458001056289	5.54118896848533	1.08443454375544	0.298124433732986	0.449742002888618	-6.42084246983633
9:119234-119819	0.287296225279777	5.47218746264512	3.79585756710466	0.00227354827031725	0.0101731651417585	-1.87633376686543
18:179622-179870	0.28709827422341	4.55841707842357	1.81713727896845	0.0926108064534434	0.191009788310227	-5.45252307543528
8:74018-74287	0.286666699016322	4.14580002536822	1.75005079255625	0.103962569925561	0.208715729736487	-5.55487261990919
2:757748-758128	0.286606885524555	4.99005240749952	1.79197758128254	0.0967311026819633	0.197578422499329	-5.49117718103392
11:467838-469801	0.286569775644566	8.53301159398847	1.97700284499048	0.0699302804557556	0.153846617002662	-5.19982384007811
2:1810-5629	0.286528883800903	9.56966054967786	2.00380591377335	0.0666678101539285	0.14852575426698	-5.15632992480337
8:709456-709670	0.286522823178997	4.11218799823599	1.09164649924319	0.295059011217056	0.448710128440237	-6.41316435859168
20:147156-147949	0.286084688097756	5.67719832710663	2.01879440590794	0.0649050977049704	0.145366744812075	-5.13187530749791
18:26144-26794	0.286019866982015	5.78517603679089	1.54521976362249	0.146587615005104	0.271097235456024	-5.85215488490498
6:681510-681921	0.285457879196524	4.864763079522	1.28352461136161	0.222000356773334	0.366873829033867	-6.19389425691295
9:60372-60588	0.284486081448874	4.2100537791389	0.378444511120429	0.711286642294473	0.803428999783002	-6.94618055056394
18:335613-335956	0.283348313890091	4.84288712587138	1.99702065685363	0.0674802014997976	0.150019142702708	-5.1673694286367
1:791666-794521	0.282818738237086	9.79480535231464	2.75086798751085	0.0166742782858656	0.0472065358441665	-3.8480399124428
2:534788-535082	-0.282637830595024	5.60705442196045	-1.29318301209483	0.21874179584196	0.363765884108833	-6.18212178779625
3:120895-125399	0.282558466631727	8.69305417896986	3.24605348967595	0.00647275940695207	0.0230920065329101	-2.92048420801862
5:383715-394700	-0.281882029183738	11.3251243494046	-1.8081968413773	0.0940565499881076	0.1928834017093	-5.46629517955449
16:487265-487483	0.28153789969581	4.21346989147549	0.840734548710103	0.415886433993251	0.565948549351641	-6.65447515601558
6:620306-622693	0.281199326976899	7.64953910774462	2.96812896130071	0.0110172610940071	0.0346256777240222	-3.44429559754637
17:43604-43839	0.280995747890949	4.22977755212894	1.01581041301588	0.328488503472931	0.485831736228873	-6.49176446138201
10:185577-186111	0.280074820520205	5.39042156120419	1.90656779151884	0.0792136412976431	0.170365794725685	-5.3126202476849
6:199487-201569	0.279941965078334	7.26998432977746	3.4511274733152	0.00437414178842657	0.0168580063086805	-2.53122793655184
2:845174-849116	0.279756786225848	8.1413529721025	3.38829707403646	0.00493148983692549	0.0185325739067378	-2.65061431241419
14:261742-262663	0.279058977134612	5.98126877648579	3.59752263784055	0.003310032404119	0.013815787425888	-2.25293212853301
5:7856-8090	0.278322924791943	4.31689781148426	1.47630465530349	0.16397393397989	0.292988958177266	-5.94655704074749
4:93880-94056	0.277980652050006	3.93617661875438	1.07741721998644	0.301129939427481	0.453222973880319	-6.42827276682829
12:270974-275569	0.277751772583205	9.33153408409412	2.91705312176745	0.0121468936752174	0.0371800571624045	-3.53977585506756
19:112356-113195	0.277147728530045	6.88454544950486	1.87769110260084	0.0833340637382888	0.176354251117501	-5.35821140705819
1:119255-119640	0.277077470827376	4.87152973504081	1.73523632794257	0.106630527135298	0.212456295575235	-5.57715915612431
14:346021-346978	0.277034899554755	6.20116597147064	2.97957814820869	0.0107786997391764	0.034186677673019	-3.42285197198079
16:476783-477257	0.276912706673419	5.05444013052105	1.94890505220104	0.0735071988298612	0.161044817353389	-5.24508528462592
2:1064641-1065753	0.276262171332705	6.45715423873931	2.97873706280325	0.0107960491612628	0.034186677673019	-3.42442775878688
10:588473-591496	-0.276190892232162	11.155870088619	-1.57744701371349	0.139013762288781	0.261207354051516	-5.80699735654989
14:526835-528703	0.276063891443837	7.08790595383286	1.98545676525989	0.068885757422183	0.151865051853497	-5.18613863262852
7:478643-479040	0.275978322160798	4.99431049150102	1.25178289199123	0.232984070741566	0.381590687072009	-6.23210228619664
1:622098-626313	-0.275935663033781	10.5319127498294	-2.36154685457794	0.0347040090460254	0.0876732860110117	-4.54976741196373
10:424163-424394	0.275247970389105	4.04992884607877	0.537624618236875	0.600035192761351	0.716784121669668	-6.8695026570185
8:205001-205322	-0.275153020934221	5.4857889767804	-2.10728042219359	0.0553476140712529	0.127613712793107	-4.98564762103177
10:7853-8057	0.274521368150542	3.74914465316993	0.56775988772089	0.579995547221855	0.703186335093317	-6.85210690916226
7:174845-180974	0.273908740679239	10.7411522909712	3.15155403805736	0.00775605120901779	0.026678795038185	-3.09924643766351
11:309310-312352	0.273645112227145	9.04123082853721	3.48329154160787	0.00411392396489784	0.0161498279068109	-2.47008981522827
8:559874-560317	0.272386431211293	5.1378610148322	2.24321404510113	0.0431895271148406	0.10606544333319	-4.75529276265183
13:467080-467992	0.27189580617102	5.95435562008305	2.07878974883055	0.0582720043372522	0.132905478574813	-5.03306829212506
4:376210-376526	0.271007303420275	4.78092111214565	1.72676037996916	0.108184139832648	0.21514586000617	-5.58985766576147
1:1030651-1031468	0.270503416814041	5.79231548102369	2.40264801943066	0.0321478671628945	0.0823984168058655	-4.47740847940053
8:155471-155848	0.269084126827211	5.02324520346787	0.923841308014785	0.372613195406166	0.526746364590243	-6.58058197875713
19:52930-53259	0.268914950200231	5.18335665678492	2.13483312234204	0.0526501271421934	0.123328763381383	-4.93949406276328
11:303062-303545	0.268751197389562	4.74040470276172	0.640322924408168	0.53322892062015	0.667167938595828	-6.80653916205313
2:520632-521994	-0.268022857368761	8.02951010538374	-1.182576986908	0.258423405724264	0.409138105614427	-6.31279193955312
1:688550-692327	0.26711284259164	9.3851724893489	3.17956737851594	0.00735109411020261	0.0255966293420416	-3.04631086326699
3:573633-576549	-0.267045522202835	8.97384961119832	-2.68766730881643	0.0188007189727263	0.0521090793574776	-3.96413161244379
6:467358-468362	0.266302107141676	6.1429032538321	2.20631117412129	0.0462148746683333	0.111677134209977	-4.81847042244385
11:393125-394225	0.266034228859956	6.37331524585213	2.17666325563506	0.0487888931481416	0.117216293919621	-4.86888974652788
13:17852-20511	0.265783361785927	7.89523377496936	2.93504037817701	0.0117365531061363	0.0361335279302622	-3.50618573208583
12:80755-81646	0.265709872152974	6.07754967234794	1.53585928364343	0.148852687300871	0.27384745259533	-5.8651518736174
3:312657-314555	-0.264892552571078	9.31900473219908	-1.64759918664844	0.123686929278458	0.237047908018243	-5.70655928143199
5:210005-211469	0.264802904456184	6.58986908345887	1.6781836755504	0.117480139668149	0.229531402334421	-5.66188296020826
2:702506-702708	0.264169047269958	5.00731669165144	1.58050971909626	0.138311833084931	0.260351685806929	-5.8026731050003
4:283164-286273	0.264147460413806	7.99714192537963	2.72734206897661	0.0174367740244345	0.0491019556528076	-3.89133567220369
10:361900-362297	0.263608389877652	4.77335583380757	0.915213729408425	0.376955425719508	0.529055656537978	-6.58853823660765
8:471982-472212	0.262084847300422	4.06030002545326	1.11954266380127	0.283424558664948	0.436928954671802	-6.38306965046663
11:556479-557415	0.262059130145185	6.14330981326984	2.02310411192201	0.0644062749530177	0.14501711375349	-5.12482643210528
9:518041-521614	0.261862852217156	9.52698746919721	2.27522355597808	0.0407178404560842	0.100697984828161	-4.70012810292137
2:443226-444110	0.261599927219474	6.22162845251019	1.45019635323349	0.171001240372396	0.303491277030672	-5.98152804398346
8:716277-717457	-0.26122583622313	7.31209559186195	-1.09005265366276	0.295734428066348	0.448710128440237	-6.4148648582246
4:754513-754957	0.261195800088489	4.7864128206388	1.60304166205066	0.13324125461586	0.252155492606359	-5.77068795855565
1:0-1529	0.261093536853002	7.66165548690923	1.55105532588734	0.145190496771599	0.268984499282121	-5.84402492408037
9:192049-195229	0.259311718066408	8.17580672871654	2.58798916656487	0.0227034288247236	0.061473899586944	-4.14569975687982
8:624229-627058	0.259202878755243	9.53963774346618	2.83203144616194	0.0142867092917764	0.04237855340482	-3.69798514446919
5:404796-406719	0.258690494264964	7.31559771331511	2.27953701093134	0.0403951958807259	0.100134570070532	-4.69266917579358
1:95273-96499	0.258383826628551	6.63857566147623	1.80813150679508	0.0940671892805773	0.1928834017093	-5.46639567552292
2:658879-659084	0.258104404216916	3.98565983321277	0.728119800560308	0.479615442838075	0.62296913608488	-6.74457795607974
13:84303-84389	0.256157620507861	3.16033668330636	0.995382989075951	0.337948066752971	0.495657164571024	-6.51211695329324
10:576094-576645	0.255908768123204	5.47005886042017	1.30179780551716	0.215867890044248	0.359552826319758	-6.17156424744068
16:347225-348003	0.255650369321209	5.75396504680713	1.20678008447493	0.249290773665043	0.400195201834221	-6.28498626149528
7:625145-626828	0.255563870155441	6.99293152355251	2.32153798883995	0.0373778469913733	0.0936254579457	-4.61973644430735
3:315674-318253	0.255535186314336	7.92368446018096	2.90363050221217	0.0124623248811082	0.0379256918572054	-3.56481593064696
8:647816-647878	0.255384671737358	3.05883495252834	0.494901932469024	0.629033784812031	0.742189582973749	-6.89260767115546
3:499308-500763	0.25392356993744	6.65643570838584	2.87724601583578	0.0131061562426416	0.0393184687279248	-3.6139695822231
13:527392-527733	0.253884875233713	4.65127024152326	1.38896126911561	0.188476785083265	0.325747111371405	-6.06177930215158
6:166329-166610	0.253879409742816	4.22318455754954	0.738217798142174	0.473666128260006	0.617520285731563	-6.73698054672327
1:980681-986077	-0.253763825106414	11.4746304961934	-2.17556862528781	0.0488864596045019	0.117216293919621	-4.87074537442369
5:254347-254584	0.253616551039447	4.13142379031449	1.82177049564876	0.0918694572617476	0.189851559429365	-5.44537025523866
14:3785-4725	0.253122492958918	6.26680462998109	3.47679520251633	0.00416518788533968	0.0162304000255303	-2.48243897712381
12:45362-45711	-0.252683300029259	4.64167825293062	-1.14352028973394	0.273705327347675	0.429266071054916	-6.35670514694036
4:340041-341459	0.252484050946199	7.18861630395458	2.81362220971995	0.014796869690072	0.0433486047215631	-3.73210886065353
9:261526-265955	0.252347721179925	8.42356282044569	2.97792473218268	0.0108128317640041	0.034186677673019	-3.42594960050703
4:242216-242434	0.252173790939794	4.46219654363428	1.32535602115465	0.208164205506082	0.350592346115506	-6.14242067600626
12:268141-268551	0.252148415902833	4.81258577179412	0.509846906207127	0.618813097710541	0.735117944982075	-6.8847338571269
18:205284-207133	0.252002957838511	7.17357016719192	2.57462936021779	0.0232830059329106	0.0627423207392886	-4.16988002771869
13:217830-218035	0.251711355471525	4.3378833109645	1.47807125471424	0.163507356047268	0.292650454213416	-5.94417477114634
1:201999-213750	-0.251411543276481	12.605738728986	-2.78388323176382	0.0156591270743533	0.0451804322145276	-3.78712569917442
11:334768-340748	-0.2510402463608	11.2261798711599	-2.12538022649696	0.0535614444421594	0.124858466514173	-4.95536069248313
13:479419-483060	0.250116444264339	8.83521308194785	3.0715814867362	0.00903905389964348	0.0301111700884023	-3.25005222477166
1:746000-746217	0.249551913387488	4.10428799102764	1.2108228777367	0.247790193702818	0.399490755038437	-6.280298015968
18:103069-103732	0.249360729735222	5.7148409497576	2.36949736873459	0.0341948648846761	0.0865941902115538	-4.53580766326761
1:2910-6526	0.249033842446232	8.04194183274877	3.48743904673474	0.00408152973971225	0.0161363885873404	-2.46220548526797
5:396269-397146	0.248778468082628	5.88152409472447	2.53471704006839	0.025101237362369	0.0667680268379388	-4.24188339846521
13:226175-233946	-0.248453338647234	12.1045817435766	-2.83234716705043	0.0142781128690946	0.04237855340482	-3.69739948532575
1:142576-142851	0.247478200113573	4.39954131727512	1.13678279143911	0.276410253979433	0.431788799115801	-6.36415940365347
2:724278-724895	0.245200690754609	5.68484523229329	1.76413933010711	0.101480577677432	0.205294042198023	-5.53357092306558
18:135726-136000	0.245014985981048	7.13804150806389	1.36221823191426	0.196559531697182	0.335326115464013	-6.09602874375456
10:167058-168552	0.244876007604596	6.78420390485205	2.49986617433176	0.0268006428115368	0.0705772538877377	-4.30445577181664
2:811079-843894	-0.24445332350574	14.4685751736869	-2.52204126115977	0.0257069217521745	0.0682073099756188	-4.26467503615931
14:247570-250739	0.24358331095732	8.11650756105719	3.01457431578445	0.010080850565216	0.0328561055458891	-3.35722017824035
4:753972-754217	0.243375917019718	4.35081158257492	1.34214288596718	0.202812115183671	0.34322050261852	-6.12141259869388
1:750352-751265	0.242260927485098	6.15934676408141	2.32100556401237	0.0374147189896642	0.0936254579457	-4.62066436184674
14:239100-241026	0.242229790601927	7.37039430970874	2.38883295574213	0.0329862541917364	0.0841388512716753	-4.50178279431398
7:49218-49813	0.241996694121363	5.42060951053023	1.40685546898737	0.183223231068203	0.320558889217177	-6.03858884915909
7:17873-18830	0.241995586285361	5.99099570089436	1.08727274404143	0.296915231221174	0.448710128440237	-6.41782585752586
1:1066246-1066683	0.241288967396051	5.25009581703895	2.02119066840886	0.0646273061754739	0.145205181534682	-5.12795697520212
6:792837-793602	0.241056044325425	5.76194591038486	1.56762553352056	0.141285451906226	0.264066260553937	-5.82082625803255
4:138384-138751	0.239769775230519	4.76138133118427	1.18507990651781	0.257467077632893	0.408681199401118	-6.30993734500254
11:374445-374453	0.239616100144571	2.36889146774833	1.44518175460254	0.172379506880211	0.305424092727354	-5.9881938672178
10:571813-572081	0.239312303714639	4.33509336958983	1.40535740547602	0.183658341297604	0.320567286628545	-6.04053863973875
16:177762-181055	0.237866264109856	9.66855867698091	1.87246458424363	0.0841002879817177	0.177619808217388	-5.36642130749259
2:361694-362574	-0.237627757976862	7.28576339238067	-0.972857265099395	0.348604751051379	0.505697725489809	-6.53414926869189
4:297610-299695	0.237205526125263	7.46843707054223	2.75575218787526	0.0165201259070155	0.0468958412844311	-3.83903961868651
3:888476-889009	0.236513683465859	5.30284277268236	1.78661435353421	0.0976303637006267	0.198646751575842	-5.49937556601225
2:757139-757388	0.235880425774466	4.32397418038439	1.18434444210513	0.257747801895023	0.408681199401118	-6.310776648256
15:58334-60716	0.235735540099282	7.312366866471	1.65568102279536	0.122019525311783	0.235482954599382	-5.6948051170933
19:95708-96198	0.23563197609775	6.20552604692508	1.64856758670814	0.123486089322998	0.237047908018243	-5.70515280848559
9:210175-210397	0.234378201964081	4.27334939719879	1.76147083700229	0.101946597707453	0.205842461145449	-5.53761362000547
13:457450-457661	0.233643279197318	4.03292235522264	1.1005059578973	0.291325771524174	0.445209862126669	-6.40367458171749
3:838762-847181	0.233501196141574	9.46027018973339	2.94207039010154	0.0115799369605553	0.036072016018721	-3.49304709709115
5:831226-835544	-0.233401746479121	11.3523142750635	-1.72360785468178	0.108767083797166	0.215493509361739	-5.59457090096024
2:747175-747588	0.232725715489243	5.0108404437099	1.62602398924522	0.128236018834101	0.244435443842618	-5.73775488875137
1:313796-316438	0.231024935802907	8.3559933234024	1.48296481758801	0.162220760669343	0.291093026157023	-5.9375652735125
2:947129-949143	0.230935854364205	9.98057828667131	2.41902098749653	0.0311806764279053	0.0801138547636692	-4.44845357675174
3:63951-67118	0.230730324509343	9.44920837372454	2.39475832233875	0.0326241322787323	0.0834166675214075	-4.4913349573118
1:237304-237730	0.230645458999952	4.79158773456661	0.794061374128242	0.441595860195366	0.588720827557834	-6.69324157276505
1:125389-126114	0.230319934840898	5.50070728235143	1.6626967217241	0.120588060502982	0.233662352648819	-5.68457148888537
7:528580-528729	0.229996229122661	3.96465273780142	0.978140679421593	0.346083963835061	0.504089194220448	-6.52902048283263
4:382011-384121	-0.22935559878871	7.17723560417028	-1.76663517530138	0.101046427635213	0.204808114362352	-5.5297864282506
12:340698-341088	0.229201603441997	4.96961994050177	1.44111747783893	0.173503391430491	0.30638725978361	-5.99358428431691
3:958172-964933	0.228112180215371	10.9499367569375	2.11232849968626	0.0548439389999104	0.12728615293166	-4.9772129719726
1:590073-590345	0.227892790959451	4.25661123776008	0.967125683235584	0.351354112147606	0.506871506049006	-6.53968603226661
8:323599-323862	0.227809425349353	4.54426989533775	2.1089566505018	0.055179891043919	0.127613712793107	-4.98284794571489
9:339934-341348	0.227476157230613	6.63861156224625	1.24751807236499	0.234492234860571	0.38331857587115	-6.23717915822947
5:642293-642622	0.227352305898251	4.74202882253247	1.22799570368253	0.24149492065091	0.392336363395941	-6.26024523441435
13:276004-277746	0.226200884652856	6.927183268252	2.72564564365448	0.0174930588793104	0.0491294419589142	-3.89445401215344
10:284878-285594	0.226035872686906	5.46530282886358	0.930259453057519	0.369405564018473	0.524317574735897	-6.57462091416608
9:149937-150826	0.225576935187536	5.99411439103282	1.06502201839363	0.306493893114884	0.459088725006124	-6.44129915535373
5:583540-586653	-0.225390191341235	8.26739980023574	-2.73171409764042	0.0172925332327305	0.0488259761865333	-3.88329678805584
6:351150-351463	0.224764083925982	4.78302566581506	1.14232869669285	0.274182240359263	0.429266071054916	-6.35802611627888
12:514686-516298	-0.224718918709593	7.1949177043073	-1.53736439484652	0.148486469983791	0.273650457771175	-5.86306568527016
4:0-3269	-0.224687948722517	11.229882125755	-1.62249728797332	0.128993308228181	0.245435916196323	-5.74282859107802
2:32787-34212	0.223757682026548	8.09106104762299	2.20856764794749	0.0460242943324326	0.111607983653314	-4.8146205760929
17:3186-6291	0.223735785143156	7.79134382366345	2.88042767132419	0.0130268078170191	0.0391917636888096	-3.60804705633948
8:304954-305295	-0.223546133662611	7.27488030138145	-0.980004422649485	0.345197857415581	0.503493007501178	-6.52720558419829
3:71007-71234	0.223069002259353	4.20660245221946	1.40362189919697	0.184163487459666	0.320918552404962	-6.04279557311004
18:336123-336132	0.222904009245856	2.6261103050972	0.577848649483594	0.573365877905904	0.699162086684336	-6.84608156655905
4:113929-114890	0.222613548172992	6.01606578583714	1.87812844945222	0.0832702349931217	0.176354251117501	-5.35752382910661
5:699142-699334	-0.222312106125825	3.567218179707	-0.644978753406577	0.530302489327362	0.667167938595828	-6.80343963291162
5:686321-686702	0.222309416575484	4.83119991358056	0.920357401097882	0.374362440145653	0.527806057134593	-6.58380266425049
11:363873-364743	0.22184394749901	5.84455650853115	1.92104834557316	0.07721794607906	0.167437681846997	-5.28961273821454
10:287765-288004	0.221497448739838	4.27076808202568	1.19215742977241	0.254777744954751	0.407027683316516	-6.30183925227171
4:852968-854241	0.221461699711534	6.62311618799699	2.57396635109659	0.0233121395966717	0.0627423207392886	-4.1710790168564
16:421478-421823	0.220305648236001	4.71361053629797	1.12487028522563	0.281242677332897	0.435472532644486	-6.37725117341019
13:235158-235200	0.219781598859368	2.97373541682688	0.579807573085412	0.572083282327885	0.698404562009534	-6.84489995465008
3:331045-332523	0.217817274047507	6.67680531220474	2.01074923065853	0.0658458297580185	0.147004643180692	-5.14501317759626
6:759311-759817	0.217786406281818	5.1287667946514	1.22853218331911	0.24130030404135	0.392336363395941	-6.25961519495353
19:53797-54020	0.21755616953499	4.55778886558123	0.829012838825555	0.422248629089043	0.572293929721817	-6.66439823801253
1:926889-927320	0.216971510941513	4.79876822085436	0.796591533622915	0.440176438279326	0.587643892317279	-6.69119125873226
3:215003-215407	0.216960452238016	5.06403616289328	1.47495315575462	0.164331637399241	0.293132109955403	-5.94837818571184
5:373676-376834	0.216437971755195	10.2824345881433	2.44119283856963	0.0299153412795527	0.0776181827793799	-4.40912921053936
5:466733-468400	-0.214869010510601	7.36325320974391	-1.12560197942418	0.280944017935669	0.435472532644486	-6.37645029774194
14:155257-155705	0.214174144021292	4.72032144335586	1.38267574183053	0.190351441764461	0.327913739809576	-6.06987336197931
14:77595-77801	0.214072283509715	4.2627657450667	1.1039556047903	0.289881800268863	0.443649153604835	-6.39996236197032
1:238622-240712	0.213248956936982	7.26198453282997	2.09624092385366	0.0564641463473886	0.129382956916843	-5.00405923747246
6:304574-304833	0.213074800454448	4.25681727901592	1.06785067340755	0.305263600739089	0.457895401108634	-6.43833754254002
14:274755-275768	0.2126919027281	6.22372868261886	1.51561580273603	0.153853674568288	0.280603592995013	-5.89307377872036
13:39603-41323	0.211687965040927	7.01334854461544	1.82899271378989	0.0907244864548267	0.187853054306465	-5.43419927582877
14:154658-154930	0.210233878634571	4.12864929138721	0.970811477041604	0.349584325766869	0.506357585431508	-6.53612875684182
1:198536-199789	0.209644094833665	6.30832848047635	1.41625759892566	0.180511891308473	0.316645443889946	-6.02631701608785
6:785669-789423	0.209573637980631	8.72348858647249	1.91931048794415	0.0774550127024294	0.167607568470831	-5.29237900439417
13:218333-218550	0.20948533670516	4.48745693753616	1.44252105789568	0.173114571658501	0.306212709667299	-5.99172396022681
11:324291-324514	-0.20942114977835	4.2983909106816	-0.762918614954204	0.45930641830008	0.606284472156106	-6.71799254114905
13:68292-69007	0.208460144505504	5.4363373942197	1.0132419856127	0.329667227924701	0.486893136627251	-6.49434282050548
7:642831-646245	0.208362232276688	8.35686990633037	2.23231101553274	0.044063341594079	0.107466584400913	-4.77400630537676
18:209283-212370	-0.208227728893483	10.6205781605636	-2.13304741418065	0.0528211624866515	0.123405193774124	-4.94249390742663
4:230716-230928	0.208054994044153	4.10581008907971	0.922060745733865	0.373506493219758	0.527303284545541	-6.58222934311444
12:392878-398770	-0.207894959650295	11.0867287265262	-1.58691805056292	0.136853019028139	0.258527349004857	-5.79360695407832
13:3155-4864	0.207875994294302	6.86310445625877	2.30555321981097	0.0385000377440609	0.0958868864569064	-4.6475574168449
13:69309-69798	0.207788809590575	4.96013569766386	0.9698635893551	0.350038861141099	0.506357585431508	-6.53704470766681
11:414792-416706	0.207652349295284	7.38428963957474	2.22698735388748	0.0444960417199748	0.108266866489155	-4.78312924668812
4:808603-808960	0.206813578344283	4.70682700400046	1.31559274470792	0.211329386261028	0.352898060419443	-6.15454693806346
17:6981-7551	0.2066837851224	5.21935551885863	1.39543330304462	0.186562462276646	0.323497471533889	-6.05341684450888
7:447025-447388	0.206443658687336	4.54644191218738	1.48878116628459	0.160702685012144	0.28930072727434	-5.92968940295539
2:871736-872033	-0.203244827356349	4.53333681745443	-1.63612651074543	0.126088082232818	0.240775795366828	-5.72318098868226
11:540652-540857	0.203132292018833	4.01473260417807	0.873345994102608	0.398521665173578	0.550958131026243	-6.62621417724791
1:670831-671047	0.201622209614587	4.04290703179022	0.734439228965894	0.475886965337253	0.619650598515585	-6.73983467808107
17:387844-388706	0.200807042772639	5.84082817217722	1.1847817796196	0.257580843011307	0.408681199401118	-6.31027761418549
16:297413-301850	0.200229080602055	8.37304107052759	1.75656837126674	0.102807724108355	0.206790393635092	-5.54503103938925
11:183715-183900	0.199481342315685	3.98956974398204	0.856292059687532	0.407540735308842	0.555963303547536	-6.64111257271958
6:251707-252153	0.199443400316442	5.0290958597035	1.02556223746867	0.324041005700443	0.479926089789155	-6.4819244749453
4:389551-389611	0.199340543477718	3.13946488542552	0.757912272026867	0.462194598048092	0.607426927812196	-6.72188718648663
6:8527-8723	-0.199210230784532	4.27734561259352	-0.943847530916146	0.362678197194367	0.516442026439711	-6.56188188287194
9:481112-481325	0.198954747529142	4.0797570149548	0.423547077309522	0.678908301532211	0.780116611989135	-6.92707925775353
17:159428-160947	0.197312820834111	6.82681857773552	2.11280303027854	0.0547968128498775	0.12728615293166	-4.97641959892367
19:124203-127614	0.19722778659961	10.1884902895731	1.60348213315642	0.133143756140263	0.252155492606359	-5.77005968759504
13:332498-333213	0.19635620855884	5.87350824420402	1.06064288635212	0.30840580044137	0.459995092183738	-6.44587116097233
15:80914-81114	0.195953700011107	4.23221407120309	0.810039679033624	0.432681336502824	0.583539580264346	-6.68019463765755
9:410579-410617	0.195743627038337	2.65354827342054	0.914746335958698	0.377191657935718	0.529055656537978	-6.58896739451231
14:309290-309524	0.195389170743975	4.05108891276443	0.307199390067522	0.763619638363039	0.847271138238865	-6.9720614832359
16:134546-134766	0.194302860714274	4.03870131088001	0.87317797876941	0.398609859947017	0.550958131026243	-6.62636222862762
11:362947-363358	0.194275656964952	4.89591071909077	0.703299649235636	0.494431088959961	0.635170390338999	-6.76284182117172
4:623121-624532	0.193681207046826	7.40808338809247	1.08703704154185	0.297015511155043	0.448710128440237	-6.41807662572569
15:422963-423196	0.192891627077058	4.07813689990364	0.431451459143555	0.673299371073421	0.775563671617603	-6.92351636893386
3:657870-658242	0.19244485372584	4.77164739408895	1.37396216391445	0.192975664700963	0.330846712905607	-6.08104920878569
12:384119-384333	0.192289165138706	4.16422607186613	0.890828398306238	0.389416792735142	0.540373368105533	-6.61067132348177
11:333071-333780	-0.192182741298837	7.41412601896025	-1.91038639388573	0.0786828560640428	0.169569583680876	-5.30656237011404
2:402714-403565	-0.192014347665712	6.60486492831438	-1.48242774776451	0.162361545839476	0.291093026157023	-5.93829142033844
3:658585-660942	0.190177730928579	7.2886019610163	1.92373480318621	0.0768527793830349	0.166988755202644	-5.28533381834064
4:35344-36364	0.189034951685263	6.11501346657993	1.51304834198785	0.154498055262955	0.281255696287903	-5.89659676331711
2:269998-270580	0.188929905680562	5.64867212986975	1.94547812658212	0.0739547329454273	0.161689850911742	-5.25058178491767
16:424455-424917	0.188305036240256	4.94854003491733	1.05741970973419	0.309818658415271	0.460800708854262	-6.4492262181538
5:2047-3517	0.188229132847368	6.73266067877139	1.53155991047378	0.149903046776342	0.274822252423294	-5.87110336821994
6:212604-212774	0.187711341055092	4.1375629758996	0.830952834176428	0.421191262864384	0.572293929721817	-6.66276454963166
4:154121-154332	0.187257274319326	3.93599082144429	0.674300275444898	0.512084211527497	0.652305099364338	-6.78343734782761
3:448465-455245	0.186305056962711	9.15057411319582	1.72115269333888	0.109223000353084	0.215991551260032	-5.598237828629
19:115673-116063	0.185984151013421	5.77851867760725	0.914625486080726	0.37725275508816	0.529055656537978	-6.58907832689039
5:811813-812255	0.185785463741865	5.04980378638255	0.964521097500671	0.352608569839657	0.50740375794865	-6.54219275744308
16:525870-528281	0.185268351077026	9.9266424405691	1.5340892937644	0.149284341169474	0.274163937869503	-5.86760340663245
6:694468-694738	0.184897815039199	4.30889113633727	0.859401263749902	0.405886318947043	0.555922117779607	-6.63841583893214
16:524207-525616	0.18434942030865	6.32916924344307	0.803546217984619	0.436289984222766	0.586160589490128	-6.68552514089992
5:603436-604994	0.183448743982665	6.78433092333619	1.86103830431428	0.0857976787710967	0.179766565044203	-5.38432462663764
3:302553-304424	0.182530373856432	9.17139964520479	1.42383057080185	0.178352367545077	0.313900166879335	-6.01638943330834
11:230673-230858	0.182377477717451	3.94723223581732	0.911821126547703	0.378672453117826	0.53034232160799	-6.59164893803423
11:453073-455233	0.182143150840757	9.53409489974658	1.11437875764867	0.285551624051805	0.439566348394616	-6.38868768841169
15:510588-511330	-0.181506986162331	7.38242589962331	-0.743097101954305	0.470807803623721	0.615560658689649	-6.73327509712246
15:87250-87464	0.181503961697178	4.14966521779549	0.680267166759583	0.508422021861598	0.64920635439643	-6.77926544588485
4:594765-595724	0.18143235509324	6.13387380474283	1.08753164271824	0.296805111672098	0.448710128440237	-6.41755035849224
4:800150-800298	0.180220568132006	3.87869937207261	0.868292194619658	0.401180267398433	0.552342063067465	-6.63065641688915
9:80622-85037	0.180145698618212	10.5380782516972	1.85165550369662	0.0872146048712337	0.182203675729175	-5.3989793082436
16:261488-261636	0.180038598993462	3.58579003757266	0.391443015384813	0.701891715291454	0.798704365676482	-6.94089058333603
2:304717-306265	0.179336543728787	9.43810969606445	1.12561704591272	0.280937870704162	0.435472532644486	-6.37643380224075
8:711083-714111	-0.178875142197485	10.4827348737855	-1.96033822234718	0.072031970627675	0.158140875224168	-5.22670985780648
2:168655-168890	0.177491463248299	4.45637062953576	1.43157336175773	0.176166714845776	0.310571036522771	-6.00619959297915
4:337939-339731	-0.175863742657729	7.56007169156845	-1.2579463363462	0.230818123661093	0.37907299935632	-6.2247414022073
4:396190-396408	0.17572932857065	4.15910515558609	0.648969932614569	0.527801116297472	0.665695264012755	-6.80076584026696
11:451871-452182	0.175616150328198	4.79202838509582	0.798493099894211	0.439111589744576	0.586964352873763	-6.6896464399803
12:190751-194743	0.175533163866882	10.3344755876469	1.6183265080907	0.129893916994057	0.246704993427562	-5.7488195621113
17:161311-161660	0.174922540562306	4.57891177764906	0.247526437219972	0.808416790179641	0.876383213721364	-6.98965564986613
8:40743-41522	0.1737068857493	5.89041949154327	1.66802218833013	0.119511308375117	0.232419782033376	-5.67678481468281
11:370634-370821	0.173580548044685	4.02240368240867	0.858360760317866	0.406439472954118	0.555958657305115	-6.6393192771773
13:544690-546039	0.173400701008396	6.67101712688718	1.7152202313191	0.110331628005893	0.217776073222847	-5.60708488829713
11:520224-522095	0.173362371609854	6.93903972678456	1.46413623160486	0.167218335934274	0.297778352017864	-5.96291137118867
13:204833-205436	0.172744461263392	5.24552322431623	0.804467065498325	0.435777056536671	0.586160589490128	-6.68477157141198
1:281965-282302	0.171735979484376	4.47075651209281	0.704879237636373	0.493480089107872	0.635170390338999	-6.76169691616099
6:577045-577260	0.171450006758313	4.11382715345767	0.462732545531306	0.651304131395529	0.760825298670538	-6.90879004653938
5:651701-652054	0.170735702445022	4.7810867757371	0.826724493756111	0.423498096583487	0.572617144676264	-6.66632086871796
16:144935-144996	0.170401619444761	3.14389930709352	0.547449642560053	0.593463122017463	0.71377796907795	-6.86393047861387
12:341248-341846	0.170287375774083	5.52565989586011	0.953327093028883	0.35803609716521	0.512311813829894	-6.55289961008989
7:558642-559708	0.169532212847245	6.38730562386363	1.37225931533999	0.193491964626233	0.331162908663374	-6.08322713228687
1:38421-41511	0.168319369603285	9.52035388099462	1.51891288867913	0.153029528302561	0.279583359666962	-5.88854355319969
5:488105-488600	0.168280388572506	5.28912299540573	1.31940412048208	0.210089157960058	0.352709301758063	-6.14982119847976
4:403439-403554	0.168280275392075	3.43458548421606	0.893385443812232	0.388097044467156	0.539961105345608	-6.60837515279598
14:498268-498871	0.1681987558954	5.29967982124966	1.15423623701011	0.269444976468509	0.424044553130768	-6.34477547313883
13:235501-235556	-0.167870137743065	3.01414429542428	-0.551213519931643	0.590955234660533	0.711730376453822	-6.8617703216745
2:850122-850396	0.167653742285126	4.44916910631526	1.58459489489229	0.137380327838263	0.259060046780725	-5.79689646496121
5:5130-7684	0.16760976563699	7.48034061573102	1.81488885679525	0.0929725043255214	0.191381997208091	-5.45599036795774
16:267991-269401	0.167271776338487	6.69826227692862	1.37390190449924	0.192993915861604	0.330846712905607	-6.08112631405346
4:811305-811592	0.167094906531181	4.60876380365905	0.75513719826068	0.463800431305125	0.607729585528615	-6.72403594149085
10:53727-53960	0.166589827467251	3.99500613001843	0.540200976212631	0.598308270030095	0.71553061512093	-6.8680508193508
6:424148-424588	0.165794398826018	4.90516926229534	0.672943105395653	0.51291932492909	0.652581695331469	-6.78438147150541
3:753407-754397	0.165633682273621	6.1753286688365	1.35103847559073	0.200021768636146	0.339586796912814	-6.11019956150026
4:596950-597994	0.16500898640338	6.21784889354864	1.21362195645537	0.246755402544669	0.398430741723502	-6.2770447649117
15:150619-150879	0.164792878078845	5.28113220121031	1.235207332139	0.238889117813467	0.389300784584909	-6.25175782152087
4:497838-498823	0.163851052075294	6.19851314550302	0.991932531284656	0.339565090515961	0.497338052128786	-6.51551987740306
13:287283-287365	0.163229892227895	3.17557127457605	0.510922642111198	0.618080556828714	0.735117944982075	-6.88415842199743
2:50115-50335	0.163213751478687	5.50768511250216	1.48835330749739	0.160813945937536	0.28930072727434	-5.93026950195975
17:222570-224219	0.162692251392949	7.5181355448072	1.16410813808394	0.265565463987082	0.419188535082749	-6.33370571385822
8:155037-155206	0.162676595660135	4.05514308996879	0.857084684234474	0.407118550312137	0.555963303547536	-6.6404259253983
4:863742-864086	0.162643008045563	4.48574243395238	0.703826169966778	0.494113972310698	0.635170390338999	-6.76246045649795
5:741141-741548	0.162394973235385	5.01266990384747	1.25958135206722	0.230246246011242	0.37872279717737	-6.22278400874269
3:563201-563565	0.162367986670329	4.60532170914969	0.580037973715886	0.571932529102475	0.698404562009534	-6.84476072894106
8:447155-448449	0.161889606416538	6.69025450314731	1.70873845884522	0.111554269368695	0.219778560547279	-5.61672934411165
11:20388-23627	0.161881749037754	10.529736273562	1.65370988811119	0.122424376965019	0.235482954599382	-5.69767534581569
5:637590-640429	-0.161097076256445	10.5763983291223	-1.65442210013432	0.122277960259695	0.235482954599382	-5.69663852687053
11:419281-421241	0.160483493328607	7.14912304689206	1.34457542916987	0.202045943560536	0.342472739004697	-6.11835186046091
14:531952-535203	0.160228629867644	10.6391821107084	1.27648690704009	0.22439917943857	0.369681019480701	-6.20242956113393
14:300544-301177	0.159664695841937	5.43645233747314	0.648221702823053	0.528269537161637	0.665695264012755	-6.80126827459774
13:523879-524771	0.1592015505646	5.80437503777861	0.959033517748045	0.355261956624561	0.509032057253102	-6.54745503460325
12:291089-292256	0.158068616498072	8.83321434082633	1.19746677126726	0.252774690660267	0.405053222059548	-6.29573903003559
7:412485-412845	0.157983832111627	4.64912621066068	0.740971717971814	0.472051553277316	0.616176069543691	-6.73489191261632
6:783487-785239	-0.157386078756986	9.49166847093014	-0.828154321734839	0.422717107180887	0.572293929721817	-6.66512010945783
3:622363-623125	0.15650251453067	5.79764012528653	0.927310211909363	0.370877128026629	0.524994969431797	-6.57736459553399
1:648533-651858	0.155963557102528	8.24862486766888	2.0301950096182	0.0635932437865055	0.14379971185985	-5.11321198440821
18:339198-341009	0.154733495505566	7.19138930743234	1.99182319591215	0.0681086405035736	0.150773594676641	-5.17581241431741
2:373561-373961	-0.154150682593163	5.9482024056722	-0.786336696509662	0.445947548267383	0.592352969774033	-6.69946468909033
17:372640-372996	0.154082520159288	4.52437377737369	0.430163961391629	0.674211600894848	0.775563671617603	-6.9241010700834
16:251591-252549	0.153220899267795	6.10482352020597	1.05956017869434	0.308879864917179	0.460052379904853	-6.4469991232871
4:234898-234962	0.153085289433463	3.04417384295508	0.661103106858058	0.520238501215543	0.658719253337666	-6.7925428133003
16:131369-131866	0.152773005342207	4.96078498716714	0.87856243666735	0.395789996500685	0.548496373103311	-6.6216050045597
1:552030-553723	0.151830381793012	6.85735686744503	0.943606557682368	0.362796748773069	0.516442026439711	-6.56210919880425
4:893061-894976	0.151550116416694	7.07504789284391	1.14181302896565	0.274388823827716	0.429266071054916	-6.35859742476877
5:676954-685454	-0.149586749203182	11.3727422678577	-1.56977795371061	0.140784885630166	0.263959710843629	-5.81780057741045
15:62788-63203	0.149540166941674	4.76726313542618	0.676976855690837	0.510439551037652	0.650995369439324	-6.78157017910059
9:582337-583013	0.149092292955274	5.56833963628781	0.587315262781148	0.567181848250646	0.697580616538656	-6.84033625193404
13:409968-410071	-0.149009955981965	3.26400947094619	-0.505335498678695	0.621889835439026	0.737054619779587	-6.88713442543153
13:214384-215846	0.14707709368283	8.95008813929382	1.21985533406778	0.244463171433488	0.395334010771459	-6.2697786067483
13:421521-421889	0.147043930218839	4.80708542734678	0.869275080573982	0.400662277600849	0.552342063067465	-6.6297942624552
10:288220-288757	0.146782237750974	5.19194692288926	0.605877877889044	0.555160664433729	0.686475013632339	-6.82881416408841
11:34792-35206	0.145489579537326	5.86986209663846	0.667499686540209	0.516276824070365	0.655256080778812	-6.78815040925315
4:148253-148526	0.145339952150291	4.33476400817041	0.582415529907916	0.570378109223377	0.698404562009534	-6.84332096389562
10:87992-88712	0.145243228013328	5.65912064291087	0.972815045453991	0.348624947117975	0.505697725489809	-6.53419015636642
6:83339-86227	0.143338372903383	10.4726562831892	1.25152837934312	0.23307385716046	0.381590687072009	-6.2324056394977
7:501324-501808	0.143016807225862	5.06107319859454	0.709947938980244	0.490435870628868	0.633633129193272	-6.75800702529219
6:586711-587027	0.142267007359532	4.4431744686294	0.4203416586109	0.68118857452999	0.780189950871659	-6.9285058441657
2:192236-212094	-0.141884989894292	13.8658019577579	-0.869209331691182	0.400696913803473	0.552342063067465	-6.62985196218938
18:134944-135393	0.141712911935131	7.25552013530077	0.659359606593005	0.521321364818385	0.659299833830197	-6.79373319320963
9:402284-404739	0.141621011249052	9.80575454035302	1.28376478278457	0.221918857824312	0.366873829033867	-6.19360233935131
6:432189-432422	0.141431100023708	4.20356948117654	0.855388602508117	0.408022310842178	0.555963303547536	-6.64189454351489
6:145029-146136	0.141407830411741	6.26279892925788	0.928039229568114	0.370512995933839	0.524994969431797	-6.5766870975591
17:134828-137062	0.141130130989355	8.11551162281052	1.3654837153014	0.195557571786439	0.334156627518576	-6.09187317498314
11:487968-491652	-0.140949171201328	10.3777056821272	-1.3511441446596	0.199988812144738	0.339586796912814	-6.11006603024064
14:7733-8417	0.140690306260038	5.98151883131274	0.96436458743204	0.352684051452944	0.50740375794865	-6.54234320112372
6:405239-405646	0.140666589830888	4.83143660356913	0.986691965692726	0.342031648528667	0.499564897436061	-6.52066888197889
18:259206-259427	0.140113920251336	4.1268901123143	0.666519310381184	0.516882874326468	0.655256080778812	-6.78882617394099
3:593694-593994	0.140091071624854	4.59277118339276	0.620290233314642	0.545924202265149	0.679020522464174	-6.81963494204347
17:10991-11353	0.13955762707076	4.56746792518264	0.640561071026668	0.533079011275694	0.667167938595828	-6.80638113126954
5:788242-791290	0.139507466190524	9.34090340248559	1.49990717538951	0.157832256326389	0.285884841647798	-5.91456351084414
1:1092931-1096037	-0.139256181389175	10.2899558798267	-1.06093215905811	0.308279233423856	0.459995092183738	-6.44556963402112
7:716245-719554	0.138962121784257	8.7979196487423	1.09673083713821	0.292912180748835	0.446987374090708	-6.40772604714621
7:5277-9157	0.138341572752385	8.64439231988731	1.88312762056169	0.0825437713303598	0.175384753571147	-5.34965793328236
1:351372-351553	0.137959525304307	3.87171250842989	0.618694642465212	0.546942555986281	0.679020522464174	-6.82066118071072
3:926234-927254	0.137638293898645	5.95156416179744	0.70231593624288	0.495023893228216	0.635170390338999	-6.7635536275973
3:2634-5033	0.137190629042382	7.46637335840425	1.08941867757648	0.296003407365637	0.448710128440237	-6.41554068494435
16:333584-334138	0.137114412555111	5.03910207383428	0.667482106307296	0.516287688206564	0.655256080778812	-6.78816253530812
10:175298-176479	0.136961252034197	6.54184403741783	1.56894471561011	0.140978481927848	0.263959710843629	-5.81897220185191
2:703022-703253	0.136931760987813	5.23302984787858	0.389122886938432	0.703564950637104	0.799489193382154	-6.94184759171795
1:1001880-1004955	0.136634331317621	9.50510288333548	0.999308567972129	0.336115128278119	0.49369677062491	-6.50823316500363
16:345708-346053	0.136079090461918	4.49453695859311	0.778103391585249	0.450615789309013	0.59555728849852	-6.70603676402048
16:276635-277774	0.135619818222018	6.37438072611798	1.32100980451247	0.209568434531062	0.352395329402551	-6.14782719780792
3:422419-423390	0.135549541880005	6.25069226505687	0.866420176940155	0.402168083099318	0.552981114261562	-6.63229609114642
16:494171-494795	0.135175381596682	5.30291333710778	0.757506062595251	0.462429439151414	0.607426927812196	-6.7222021666972
16:425254-425454	0.134616711598146	3.88416865087163	0.523576082129391	0.609496059600625	0.727263094845492	-6.87730252138568
1:849994-850155	0.13449826509637	3.67883405374365	0.406144919109618	0.691326893338017	0.790087878100591	-6.9346973388135
10:24670-25814	0.134159664826357	6.52424027958234	1.12081196992454	0.28290356316277	0.436763395760066	-6.38168545324687
4:349106-351492	0.133974936091398	8.43789859705276	0.828203069217587	0.422690497382722	0.572293929721817	-6.66507913883428
5:644334-648890	-0.133750303364685	10.3334802669585	-1.2787403888026	0.223628824701016	0.368987560756677	-6.19970048789627
16:129356-129631	0.133395412536919	4.27204152771947	0.585712666288214	0.568226217357146	0.697728936661798	-6.84131509406863
5:395066-395861	0.132933000581613	5.66823416399838	0.473623438445968	0.643723975525922	0.755502203499155	-6.90342900170246
14:309940-310308	0.132413827756595	4.73667967346167	0.7550443657915	0.463854210166727	0.607729585528615	-6.72410769764666
7:372789-377396	-0.132386087480452	10.5976631188082	-1.23727951167622	0.238144492070743	0.388687146254567	-6.24931183592096
3:791626-791973	0.132135030137981	4.72513451120943	0.862325191534256	0.404334594073301	0.55523710187439	-6.63587186460985
8:356353-358311	0.131482194468324	7.0525055047518	1.35288577442407	0.199446265110779	0.339586796912814	-6.10786405180885
7:239151-240274	0.129849858100246	6.2645087864877	0.721173310085752	0.483734424703634	0.627547361777687	-6.74974837069371
7:507255-507749	0.129497590258008	5.1235640893591	0.617479091142699	0.547719063735653	0.679020522464174	-6.82144131842032
5:570265-581357	-0.128672259632118	11.6724361231634	-0.943439865185419	0.362878772365782	0.516442026439711	-6.56226641438524
9:185261-185473	0.126610873927518	4.09374649618484	0.403427747696785	0.693274475441521	0.790602425557501	-6.93585872988331
4:599231-599823	0.126390923037026	5.32840473031233	0.474805428474116	0.642903772781589	0.755502203499155	-6.90283992239809
11:545006-548999	0.124624831484114	8.18738169452259	1.18916894243533	0.255910637466732	0.408219989675029	-6.30526338008185
5:697634-698076	0.124395374074172	5.01294642713699	1.01165679855492	0.330396245204933	0.487288316950293	-6.49593136624747
13:520298-520947	0.124019331987856	5.41832720766645	0.742773277983752	0.470997170664049	0.615560658689649	-6.73352170969709
7:474844-476919	0.123679504977773	8.42498380311134	1.12216347261231	0.282349628874815	0.436546424731778	-6.38021020556087
9:200185-201585	0.123327846253513	6.59048801796712	0.890864736506406	0.389398016376233	0.540373368105533	-6.61063873325541
1:375738-376162	0.123307360533877	4.92879295801959	0.556948705319473	0.587144387396347	0.709410152277509	-6.85845167277507
17:108071-108358	0.123175270021887	4.537896163004	0.686523677829633	0.504598653505266	0.645104331842083	-6.7748543574088
11:83981-84395	0.120378410486633	4.88872994902462	0.499962403258872	0.625563916541733	0.739748595596943	-6.88996675749206
6:752142-752648	0.120016141363463	5.26372943016504	0.591330991356986	0.564569439349617	0.696478186861209	-6.83787238006079
3:164202-169198	-0.119392004905571	11.0750873224772	-1.22577284860423	0.242302615665927	0.393004835397358	-6.2628534350692
2:355396-356772	0.119272226970704	8.31263671306931	0.967939476138855	0.350962811759062	0.506871506049006	-6.5389016192691
5:589451-589740	0.118552327957455	4.74442850117742	0.432331443981203	0.672676185664533	0.775563671617603	-6.92311575839286
3:117437-118050	0.11769662063374	5.45155211469582	0.779939919459218	0.449571807923453	0.595262308160042	-6.70457623715516
16:346204-346782	0.117358257570333	5.137448057897	0.628850242410844	0.540478984176575	0.674640434149484	-6.81408694021695
8:212709-212928	0.117038198120017	4.46379720783971	0.783198919462652	0.447723003161218	0.5939641850983	-6.70197676688122
4:690092-690347	0.116798705273509	4.4093765056977	0.596065403839501	0.561497847574342	0.693499095951468	-6.83494714890505
3:720905-721588	0.116279277428798	5.85311845184805	1.10977410322232	0.287458502285366	0.441857610499776	-6.39367927868792
13:493866-494168	0.115213938247052	4.40711474823811	0.56237345621456	0.583551582756388	0.705876828626284	-6.8552825544558
2:1005782-1006457	0.115152485518716	5.47790794048729	0.58691155195492	0.567444838642714	0.697580616538656	-6.84058307125494
4:704678-705534	-0.114548670994162	7.16961213699042	-1.12738944286219	0.280215434042462	0.435472532644486	-6.37449203747883
8:3084-8778	0.113992685805208	11.4068764218834	0.642862298998117	0.531631657637023	0.667167938595828	-6.80485123068192
5:246424-246685	0.113728378727084	4.23862737763126	0.291921935314297	0.775011748029681	0.853401883127573	-6.97692188978645
15:439159-439361	0.11282500185875	3.98481111575715	0.438555263508196	0.668275829370643	0.774642454243029	-6.920259763929
8:523382-523564	0.112075034723362	3.83490014328864	0.542096785599877	0.597039132551672	0.714822362782955	-6.86697825275635
8:54876-55333	-0.111358521336175	6.94694569346609	-0.931836941000458	0.368620126180452	0.52390693572888	-6.57315025523329
5:118195-123696	-0.111060703611759	11.6744902200368	-1.14868320811468	0.27164630047623	0.426872757891219	-6.35096873586529
17:278863-279610	0.111041231336395	5.5261206747217	0.507456604978344	0.620442333519273	0.736165285613879	-6.88600831412344
15:221444-225239	0.110750318794723	9.76366354214284	0.814791953458934	0.430052628696384	0.580736030566984	-6.67626896233888
4:529197-533051	0.108164282213242	9.29170031331225	1.37604798994728	0.192344791770102	0.330807980633922	-6.07837873414865
10:583042-583597	0.108078357028091	5.31026595557818	0.51761158193921	0.613535174100906	0.731256370034488	-6.88055424828514
2:944397-944608	0.108034134521613	4.32765082066423	0.716695456183574	0.486400972480883	0.630093320923892	-6.75305711663157
8:666713-669152	-0.107708217629979	7.73853695850059	-1.22481665130648	0.242650712764278	0.393004835397358	-6.26397424884498
6:426778-428031	0.107515521823298	6.35977309526563	0.757431118510565	0.462472774584286	0.607426927812196	-6.72226026248133
14:6161-6262	-0.107433645494836	3.55430320529688	-0.486531340816494	0.634793511529781	0.748149495731528	-6.89691926764329
3:305320-307187	0.106969682031748	8.90303946753248	0.695675705795528	0.499036534939375	0.638766764722399	-6.76833431001654
7:620104-623247	0.106458235977241	9.39576746951007	0.566598122890148	0.58076156231207	0.703307580047645	-6.85279427849743
12:313892-334251	-0.105358314142071	12.6680144930996	-1.13300779100405	0.277934714684378	0.433528890261009	-6.36832029970815
3:112197-115595	0.104191715411426	10.1546673331811	1.2065831400027	0.249364055688369	0.400195201834221	-6.28521433108116
18:92765-93150	0.104103946917335	4.72417906367238	0.371606702898558	0.716248719496239	0.807213071278578	-6.94889321070443
6:734798-735031	0.104101117653515	4.26214510897912	0.33638421262745	0.742017798336193	0.826551471564367	-6.96209834689095
2:29639-32387	-0.103834064738674	9.31526185279077	-0.903914798586905	0.382694816482491	0.535265862523855	-6.59885894018345
10:285739-287681	0.103780762039526	7.05415781993449	1.18738669960496	0.256588123678811	0.408681199401118	-6.30730215360736
3:756043-759368	-0.102970979106134	10.3047598616646	-1.10561972691414	0.289187155697584	0.443649153604835	-6.39816814619203
8:308431-309823	-0.102929697365879	6.96885157038325	-1.03886702643809	0.318044214192707	0.471706025544239	-6.46837110169688
8:661421-665194	0.102266161584504	8.98687099994428	0.959248245298699	0.355157865581559	0.509032057253102	-6.54724961118138
6:12713-21833	0.102100463790736	12.2457079042842	1.09320983759422	0.294397647358415	0.448605938831871	-6.41149440779304
2:548084-548550	-0.101683137346387	6.5846934495745	-0.461137342687119	0.652417832983794	0.760825298670538	-6.90956516381503
8:715239-715433	-0.101306890575469	4.1436343999026	-0.497793612403906	0.627049883798342	0.74067637280878	-6.89110175109881
3:482212-485954	-0.10110722995003	10.5720226459033	-1.00302208708486	0.334387811121937	0.492487487510133	-6.50454716035738
3:410244-412842	0.100689764831591	9.96893660316367	1.07392425656543	0.302634370268876	0.454597290190517	-6.43195632080446
16:496819-497753	0.100567789666408	6.01680322060263	0.542619878206938	0.596689193228412	0.714822362782955	-6.86668167808501
12:164013-166092	0.100545709432668	7.83493189520056	0.805782379925525	0.435045080096357	0.585979087476726	-6.68369384071075
6:576484-576701	0.100276096948265	4.17410650322752	0.393757361666249	0.700224261818967	0.797666473010603	-6.9399304272654
16:389678-391486	0.0994353877113001	6.78959759920717	0.61728031325589	0.547846103351777	0.679020522464174	-6.82156875609104
3:923961-925148	0.0993073011841652	6.33283163129131	0.641168471510048	0.532696770907739	0.667167938595828	-6.80597781931583
17:114528-115312	0.0992615023279635	5.70497212238279	0.895560944050755	0.386976626205729	0.539112555769459	-6.60641703199828
7:244890-245686	0.099216601350645	5.94037844800889	0.7876492482018	0.445206198811236	0.59211303015701	-6.69841116780773
9:251596-252026	0.0984921637981158	5.02785007509586	0.715875371558666	0.486890293441189	0.630093320923892	-6.75366102892414
13:256808-257738	0.0984813222608221	6.18025761294837	0.709297871021502	0.490825662575849	0.633633129193272	-6.75848162473457
16:130735-131333	0.0982907180815289	5.31836016886315	0.363703950257558	0.722000368019806	0.811098285775442	-6.95196804258456
16:477751-477802	0.0981055043186911	2.73264196687032	0.382471205831782	0.708370922727519	0.801757443087096	-6.94456047739411
8:562618-563002	0.0979907096863055	4.73416745631758	0.462937374389126	0.651161191823048	0.760825298670538	-6.90869033163422
18:151517-151767	-0.0972505761671059	4.26652999133719	-0.470824027766637	0.645668472929758	0.756743515442646	-6.90481851503372
1:180226-180886	-0.0964828369245092	7.33994427849581	-0.430822839991211	0.673744698964854	0.775563671617603	-6.92380206056527
8:412791-413914	0.0957860314013494	6.52880215879416	0.641184109265545	0.53268693203694	0.667167938595828	-6.80596743116523
15:33425-33633	0.0950547079261872	5.93474583131313	0.698879678946304	0.497097983440451	0.637057609846015	-6.76603283687302
10:147236-147796	0.0942307308136829	5.45647366354638	0.901635780018444	0.383859701761771	0.535944922753267	-6.60092699272218
6:731101-732536	0.0929010871071316	6.46627486421317	0.45506953094592	0.65666203712699	0.763369984245383	-6.91248988409853
9:583552-586385	0.0927938686960168	9.51742612739216	0.859760454523311	0.405695482408753	0.555922117779607	-6.63810373799903
2:536058-539654	-0.0922527644182534	11.1991065716833	-0.779487397010176	0.449828903325486	0.595262308160042	-6.70493640310608
11:590760-595839	-0.0913747640266447	11.7445583485306	-0.758037160252354	0.462122411640226	0.607426927812196	-6.72179031548363
10:343502-343569	0.09096032487433	3.15320485983945	0.627781985530369	0.541156862205864	0.674689074957961	-6.81478321426968
11:42527-42909	0.0903646818026003	5.26780253060557	0.373332830400305	0.714994820547713	0.806660823182036	-6.94821299560396
3:0-1071	-0.0893174692008687	7.99965618296373	-0.294886695252667	0.772796638500532	0.851850991917079	-6.97599779104322
14:301623-302289	0.0889554499154537	5.54723632246247	0.58773029704832	0.566911549627444	0.697580616538656	-6.84008234214117
3:597722-598339	0.0885811444067697	5.32376199431109	0.421943990173923	0.680048296917041	0.780189950871659	-6.92779403641345
7:682142-689693	0.0883058789299902	10.9986633262998	1.06192949686612	0.307843158018046	0.459995092183738	-6.44452951888649
9:385141-389522	-0.0882301537339387	10.6829994709864	-0.990022686574562	0.340462506976568	0.497961783057141	-6.51739906115563
16:422768-422984	0.0880688263329485	4.20959986298635	0.436747747305719	0.66955247074069	0.775151876024636	-6.9210932816292
16:379644-379975	0.0879861440666874	4.78922075715218	0.554110007100784	0.589029018146567	0.710873877900314	-6.86009836869453
6:429254-429439	0.0875416832222218	4.08689950240543	0.404664752760969	0.692387546847424	0.790444594022573	-6.93533094326972
10:417948-418274	0.0863195044225389	4.58100235661438	0.583365612295337	0.569757587239482	0.698404562009534	-6.84274406566567
11:0-1784	-0.0851081348177978	9.77184444546882	-0.57455180913028	0.575527912008121	0.700222432501508	-6.84806163383618
3:525683-526096	0.0845305919388535	4.70037951465382	0.167218109852026	0.869804510135962	0.914978495683405	-7.00740494608939
2:939420-939897	0.0843985467304273	5.0587957713027	0.254255710822439	0.803326316486805	0.871852610698937	-6.98785884846858
20:114433-114653	0.0843273158381042	4.2733848454479	0.384972734656707	0.706561977429914	0.800568077431319	-6.94354559081855
1:531359-531705	0.0842857464983577	4.46778042988175	0.413477796700432	0.686082363432555	0.784943635736488	-6.93152517348477
6:756255-756444	0.0841814227084812	3.83173314205682	0.28191952480386	0.782500056277876	0.855403788229231	-6.97997157963043
3:660972-662266	0.0835399730337762	6.546030142548	0.900979956333343	0.384195366026726	0.535944922753267	-6.60152125652716
8:675953-681471	0.0833044003083021	10.467746912855	0.976572636212503	0.346830737638826	0.504481072929202	-6.53054512923826
7:240867-241330	0.0830730150817249	5.01142668667625	0.164662141697116	0.871775141549659	0.916014477090985	-7.00785759062419
16:387085-387354	0.0830590024515985	4.16164874235147	0.222875912399296	0.827140115165467	0.891285675117075	-6.99582964819398
15:265922-276081	0.0830181542746473	10.8703413115751	0.799235351222632	0.438696390285296	0.586964352873763	-6.68904253623995
6:216831-217460	-0.0830143059500168	5.69354851877583	-0.501333759684887	0.62462519726621	0.73946660124789	-6.88924663709405
17:30-2537	0.0827501724451878	10.1213943873461	0.802464847982489	0.436892823121205	0.58622467752985	-6.68640907738681
6:613115-614224	-0.0824484622035788	6.99437957872429	-0.798687056123445	0.439003070394758	0.586964352873763	-6.6894886840687
1:747605-747992	0.0820309511245316	4.82873533511821	0.351350701410491	0.731026368802164	0.816915066940547	-6.95664474530322
15:262381-265651	0.0811713386727391	8.08796775640897	0.999246788993807	0.336143918635711	0.49369677062491	-6.50829438748964
13:474407-474640	0.080678032855162	4.10629462444423	0.352729607740027	0.73001675822618	0.816915066940547	-6.95613057254634
13:525080-527010	0.0803012055333587	6.95284000657316	0.509772917447382	0.618863497243432	0.735117944982075	-6.88477339257228
18:107481-107710	0.0797052702433145	4.3423659805224	0.306067866611616	0.764461468099657	0.847271138238865	-6.97242984700353
13:471528-471893	0.0790587587160392	4.42089732036106	0.34251922887148	0.737504927025082	0.823261313888464	-6.95989100464028
11:85319-85837	0.0785852511062943	4.93325380720597	0.289414090831799	0.776887079029721	0.853686530130474	-6.97769637719451
2:336940-337257	0.078552614598741	5.33131506230243	0.360279939672431	0.72449787762179	0.81232515030512	-6.95328017010113
2:515738-516151	-0.0782995849493222	6.47240225529212	-0.338738230785485	0.740285014038923	0.825492053669592	-6.96125601772728
16:15374-18039	-0.0781688685104562	8.92440543305179	-0.61566352493075	0.548880004129531	0.679504436530815	-6.82260385287343
5:0-710	0.0778507880255868	6.84216528839094	0.331168203925332	0.74586249635491	0.829958689305358	-6.96394420745924
3:821500-822035	0.0777564740750778	5.34155510843951	0.454436678413781	0.657105412574861	0.763369984245383	-6.91279276356557
16:387830-388604	0.0773067893074417	5.73544957023673	0.46045808495878	0.652892325268465	0.760825298670538	-6.90989443279149
14:480189-480399	0.0751854566400043	4.04784799864236	0.288288477916313	0.777729271428767	0.853723607722222	-6.97804185138259
2:369097-369816	-0.074177622367313	6.94089887876597	-0.360097617351003	0.724630957942635	0.81232515030512	-6.95334969752256
7:767599-770246	0.0730886613971951	9.62095332682879	0.474647899892707	0.643013056376626	0.755502203499155	-6.90291851323068
2:307880-308617	0.0722872354563426	7.9491512461945	0.551016032173786	0.591086685748108	0.711730376453822	-6.86188401428221
17:252947-253183	-0.0720720430701229	4.17296985143865	-0.231401775016552	0.820651176208154	0.886101883513099	-6.99376682641631
16:269523-269742	0.071910730741255	4.39436036615244	0.574418973625326	0.575615114556128	0.700222432501508	-6.84814118883368
4:809848-810090	0.0712304496503542	4.37902037711966	0.43585502408125	0.670183392812967	0.775151876024636	-6.9215037193831
9:102359-102562	-0.0700984772003546	4.24578926559061	-0.385739052775356	0.706008196081827	0.800568077431319	-6.94323339713922
6:0-4254	-0.0669501499080347	9.62856337548659	-0.655703472809679	0.523596353399675	0.661384867452221	-6.79621989326302
20:76558-83105	-0.0664238989202666	11.9048642111007	-0.630780117536248	0.539255560753098	0.673909907876061	-6.81282625629352
7:492961-493238	0.0660300838619703	4.3668157230772	0.572481504598708	0.576887799504083	0.700222432501508	-6.84929955083193
5:436564-436656	0.0656180263473831	3.01726596640981	0.147872114572061	0.884741684615734	0.924166957060267	-7.01065833322902
13:445702-445944	-0.0648954749790125	3.96757004061817	-0.282371985509495	0.782160826720344	0.855403788229231	-6.97983589320754
1:755226-759794	-0.0646959631654127	10.9956826874236	-0.703802328161656	0.494128329287004	0.635170390338999	-6.7624777310829
16:5873-7716	0.0646769589147231	6.96146694523643	0.572531059598286	0.576855229295323	0.700222432501508	-6.8492699695128
3:497287-498980	-0.0636532623855199	6.91096388924748	-0.544424955608781	0.595482433726811	0.714822362782955	-6.8656561671957
4:134831-136661	0.0618241928858936	6.64050967618151	0.271757682456565	0.79013091909582	0.861961002649985	-6.98296233441653
3:327162-327387	-0.0613638571885726	4.39128444075253	-0.388387553463167	0.704095596444511	0.799489193382154	-6.94214974329281
12:474500-474760	-0.0605589292381925	4.15966165727605	-0.149297346637569	0.883639610324393	0.924166957060267	-7.0104322355839
12:539849-542657	0.0601484517208117	9.88084586253882	0.544053903597032	0.595730393529092	0.714822362782955	-6.86586723685081
13:82690-82992	0.0596897248050086	4.41189158280149	0.220221278996448	0.829163255080399	0.891646025829838	-6.99645624948907
7:248978-249622	-0.0579862334653907	5.48323301916158	-0.351323686780726	0.731046153654183	0.816915066940547	-6.95665479891153
4:232036-233569	0.0574145759871305	6.63545744260667	0.30518913627048	0.765115440369451	0.847271138238865	-6.97271499076765
6:741973-743312	0.0561559874697872	6.67581769207279	0.730483314693438	0.47821887704414	0.621920115958881	-6.742808345897
1:17915-18081	0.0560922384596925	3.85175727119456	0.212110478206979	0.835352439957351	0.895565661517728	-6.99832455617575
17:39709-40245	-0.0560191700733119	6.89598457642769	-0.449502299024862	0.660567059554406	0.766548148230168	-6.91514032965464
6:203361-212351	0.0556803815545273	9.69612089553747	0.618262932487971	0.547218267204325	0.679020522464174	-6.8209384165078
2:181882-184609	0.0548915937482413	8.77553173218529	0.432188162068555	0.672777637528454	0.775563671617603	-6.92318104109189
10:392265-392374	0.0548650332924692	3.37675320203431	0.167064733843139	0.869922736426268	0.914978495683405	-7.0074323037143
13:547216-548447	-0.0546288569584732	8.43213140535306	-0.421021983351129	0.680704330687049	0.780189950871659	-6.92820394354633
19:66330-67035	0.0534081308047023	7.80705346814631	0.295770750428128	0.772136520203501	0.851850991917079	-6.97572045322604
4:110013-110145	-0.0531973576149642	3.64181494153305	-0.144422300148816	0.887410316722642	0.924166957060267	-7.01119666114776
2:13362-15282	-0.0531568946089838	9.11693726976589	-0.285174820645064	0.780060455929315	0.855393397156133	-6.97899057551153
4:137371-137852	0.050068151058678	4.99632047242675	0.263836112297815	0.796095215191407	0.865427277993777	-6.98521847336551
10:7533-7751	-0.0494926779566116	4.11073224381637	-0.209898938617955	0.837042023904179	0.895742253923309	-6.99882190328164
6:321212-321506	0.0492301899099417	4.50135752586909	0.185735806095346	0.855555390321088	0.908006524803084	-7.00391836498512
4:386702-387373	0.0489879417357937	5.38677928654355	0.17412215934459	0.864486107250163	0.913811140396568	-7.00614759279205
16:423801-424103	0.0489783475385641	4.46587822731353	0.195389705733905	0.848147379986364	0.903777631953179	-7.00195639721485
19:64204-64694	0.0471427131427662	7.13027443635662	0.263184440096444	0.796586471789727	0.865427277993777	-6.98540113761469
5:352961-353221	-0.0452514161724311	4.40190886739647	-0.145969760957636	0.886213086780699	0.924166957060267	-7.0109567532376
1:1033595-1034109	0.0450936997378992	5.20693024836797	0.238418321193013	0.815321237695653	0.882150847342838	-6.9920115917263
3:592865-593269	0.0444248386858632	4.81273081056946	0.227708310095523	0.823460573582919	0.888227135550114	-6.99466988474009
16:449451-449666	-0.0442769135522925	4.24035569054794	-0.233822401159428	0.818811346110563	0.885020247177844	-6.99316716367903
2:179860-180146	0.0433301700872253	5.14216109376667	0.198874702818727	0.845476783268979	0.902753774653228	-7.00122386768142
7:105329-108833	-0.0428627464204467	10.1016794313323	-0.3783302789167	0.7113694268912	0.803428999783002	-6.94622626545716
12:534156-534511	0.0427474728969868	4.57262300528739	0.168343235078403	0.868937333707362	0.914978495683405	-7.00720349372804
11:232580-232770	-0.042433720565926	3.9831048964472	-0.174632940743547	0.864092906293455	0.913811140396568	-7.0060525589214
8:124210-124503	0.0411198124923722	4.3284474449427	0.145867185077225	0.88629243808377	0.924166957060267	-7.01097273477496
4:334394-334818	0.0402436396764605	4.79142089215699	0.161445874622534	0.874256124495028	0.917389836705462	-7.00841730478373
5:711130-711507	0.0397396345621708	4.69471210483291	0.246544133313486	0.809160637668873	0.876383213721364	-6.98991394550795
4:186367-187641	0.0392790586457652	6.30305416230394	0.209674366834011	0.83721364074082	0.895742253923309	-6.99887211709851
7:713221-714373	0.0385331123394899	6.80904525912015	0.26357939825163	0.796288725720688	0.865427277993777	-6.9852904838627
10:28036-30732	0.037568483900067	8.93131481658102	0.369983578950715	0.717428577102179	0.807680786161942	-6.94953002102466
14:516869-517211	0.0367214509484333	4.54146586957795	0.22130800158977	0.828334891450173	0.891646025829838	-6.99620063952878
6:341135-341706	-0.0350418012288403	5.13821356439461	-0.101754214122654	0.920524393296477	0.949290780586992	-7.01680683712683
14:298503-298785	-0.0346664761363611	4.36584760065478	-0.160713116888975	0.874821558297728	0.917389836705462	-7.00854328584072
3:338398-342715	-0.0345647697582727	10.4332322822725	-0.290564091187812	0.776026943149139	0.853629637464053	-6.97734204586599
19:50057-50621	-0.0342439361537119	5.6153673753162	-0.141046653327754	0.890022961532662	0.925063235608751	-7.01171115490655
19:80038-80434	-0.0333756434174406	4.75840491471419	-0.202005676466569	0.843079173740829	0.901104865860643	-7.00055477749049
9:377290-381809	-0.0330264206839388	10.3903746077655	-0.36423371711097	0.721614246036123	0.811098285775442	-6.95176394274597
7:560044-564707	-0.0323605581630684	8.98386188943498	-0.311863529554565	0.760152932357366	0.844969996388819	-6.97052895223959
4:228696-229374	0.0321231476082282	5.60058543481907	0.216292590165119	0.832159700885679	0.893957928927037	-6.99736990511453
3:137996-138205	-0.0316176934984949	3.92048387408808	-0.150235764771488	0.882914107160114	0.924166957060267	-7.01028218575241
5:504658-508223	0.0309219317803962	10.4248695721237	0.302869001872366	0.766843041083495	0.847271138238865	-6.9734639801065
5:698367-698848	0.0303156887949436	4.98290981928509	0.138922034709501	0.891668038381133	0.92586179796507	-7.01202875542656
4:938886-944948	0.0300906132695911	10.9141778274326	0.283848170498586	0.781054389519335	0.855403788229231	-6.979391712567
16:170969-173026	-0.0283418743459656	9.85996264378453	-0.197506868001474	0.846524736933357	0.902959719395581	-7.00151291444607
14:491983-496559	0.0266620463703156	10.6959207544394	0.302608454872732	0.767037128935942	0.847271138238865	-6.9735477384345
3:562199-562976	0.0263360442251228	5.73907100045876	0.13468249506088	0.894952237662654	0.928359099186407	-7.01264814319217
9:209646-209856	-0.0262470742045817	4.27188363535572	-0.170757598352117	0.867077090591057	0.914718688975181	-7.00676666550142
4:372038-374695	0.0252468841838009	7.70818528750742	0.267466526707163	0.793360126413479	0.864590602159581	-6.98419268812422
14:55516-55528	0.0248702251133079	1.87466663482448	0.039328523801775	0.969233685637679	0.989855678949119	-7.02151436552199
9:61494-64676	-0.0245645481878025	10.0285218454734	-0.30321734520457	0.766583577198071	0.847271138238865	-6.97335188679435
11:524078-524575	0.0241213176756103	5.27848245081909	0.175300450610319	0.863579112186788	0.913811140396568	-7.00592794721341
4:357321-360873	-0.0238634399832787	10.4296910596194	-0.272646049348691	0.789462901721798	0.861961002649985	-6.98270520465597
9:634224-634616	0.0237589403489107	4.90065494614488	0.102412401816108	0.920012239952694	0.949290780586992	-7.0167350349169
16:380780-381328	0.0235242396499213	5.21051879434736	0.108853721689852	0.915002076559097	0.946057714014297	-7.01600795428077
8:469213-469550	-0.0234979307123391	4.61747573370334	-0.095026475956178	0.925761502461941	0.952143966782455	-7.01751426103111
2:1235-1504	-0.0232934972713794	4.42100935915759	-0.0731309293368734	0.942829430256518	0.966629008107653	-7.01948208055639
1:852226-852472	0.0230051439795904	4.40873250026102	0.141428079696552	0.889727681791904	0.925063235608751	-7.01165362825206
4:416439-418019	-0.0224734572865879	7.06203446025224	-0.188431408285252	0.853485425888727	0.906720935350599	-7.00338048174375
11:486774-486784	0.0217431463485385	2.30909036464968	0.0226373109003256	0.982287765846041	0.994531045765503	-7.02206741459803
10:146214-146603	0.0215436238815299	4.96101286836415	0.14463329560878	0.887247058032326	0.924166957060267	-7.01116409988243
12:206834-211784	0.0201902631595559	9.27931376952762	0.212548113492733	0.835018193603161	0.895565661517728	-6.99822552408146
6:760117-760965	0.0201717154063425	6.03261911864831	0.191481291592712	0.851144770700236	0.905144892104179	-7.00276261238074
11:524857-525290	0.0186957550162612	4.8345480981475	0.0835019177170435	0.934740869425913	0.959267597778196	-7.01861381708706
12:537126-537692	0.0185945620760881	7.0428977582506	0.193828503099117	0.84934438511217	0.90414079705489	-7.00228037949842
9:695887-698334	0.0174676560775424	10.3461927978806	0.174192224449242	0.864432168707669	0.913811140396568	-7.00613457316401
5:399026-399236	0.0169161170212604	3.87719258365211	0.0312132436471085	0.975579678079802	0.991917194167082	-7.02182046701631
13:88094-88370	-0.0146519226640383	4.25516784874235	-0.0501667749870481	0.960761864700728	0.984058709140609	-7.02099574615373
7:582050-589184	0.0145925241340326	11.1033857428234	0.170975364586199	0.866909344228828	0.914718688975181	-7.00672696084546
20:30484-33496	0.0135518108091794	8.8399669681098	0.0947252498716308	0.925996073755285	0.952143966782455	-7.01754480531967
3:530208-531566	-0.0130742522347482	6.86862649945783	-0.100426484037266	0.92155764756683	0.949429147151778	-7.01695027362522
8:343192-343454	0.0130518337080501	4.37207549246091	0.0471752429143683	0.963099773448023	0.985497442597977	-7.02115144010239
1:25485-25705	-0.0125319936079942	3.96617033789697	-0.0404777138648385	0.96833520721154	0.989855678949119	-7.021465327497
5:535162-539010	0.0121070468148972	8.94979466860981	0.111009525200646	0.91332609123586	0.945561129750067	-7.01575472821894
3:559810-560094	0.010747945967565	4.27948929901828	0.0340298924671519	0.973376893835418	0.991917194167082	-7.02172220407623
8:439646-441482	0.0103148866707627	8.8239507643966	0.133533946626636	0.895842321716314	0.928370453123089	-7.01281264866315
20:12423-17254	-0.0102827380893622	10.9201854442931	-0.108087937155408	0.915597522464594	0.946057714014297	-7.01609671218556
8:213359-216281	-0.0100758538970052	8.05018970925028	-0.0902448888577966	0.929485866911381	0.95480260258601	-7.01798768059029
3:564211-564615	-0.00764532909130367	4.53905253232043	-0.0234645243874233	0.981640650475743	0.994531045765503	-7.02204702182541
14:502800-502858	-0.00741113406824123	2.49877908520496	-0.00719405018848899	0.994370654357257	0.999062666330813	-7.02231376940074
11:543276-543638	-0.00645393536427186	4.56238012527998	-0.0295402644326318	0.976888145770611	0.991917194167082	-7.02187481569564
1:214320-214801	0.00625591936062975	5.32188768543547	0.0330707753876807	0.974126954924633	0.991917194167082	-7.02175661676881
3:601911-602099	-0.00566000672914413	3.94415740455463	-0.017757171751549	0.986105667610585	0.995159488547143	-7.02217282870224
17:404024-404395	0.00553087958167087	4.7265778342946	0.0303701068380013	0.976239101865762	0.991917194167082	-7.02184823137236
9:250696-250912	-0.00460176720731287	4.26364227063712	-0.0146777816765565	0.988514970769688	0.995159488547143	-7.0222262393095
8:360135-360250	0.00455793146550709	3.57115914698751	0.0237536024649566	0.981414512665401	0.994531045765503	-7.02203972282338
6:406265-406690	0.00412947337143343	4.93803366636607	0.0167255888531718	0.986912759575481	0.995159488547143	-7.02219185063296
4:807353-807677	-0.00330139011813113	4.48542489226007	-0.0146166676889397	0.988562787392001	0.995159488547143	-7.02222719667379
8:708663-709051	-0.00320193129232393	4.65809515778836	-0.0158668080573295	0.987584665762167	0.995159488547143	-7.02220681809424
3:273513-275724	0.00252211580935935	8.99600571904789	0.032371057478992	0.974674173554139	0.991917194167082	-7.0217811017914
3:785666-791314	-0.00209797178305315	10.5102776893961	-0.0184364465370336	0.985574223840805	0.995159488547143	-7.02215968175546
16:260556-261008	0.00189946216119985	4.79427127996567	0.00876507681228729	0.99314135661803	0.998816450084419	-7.02230036186186
14:303414-303482	0.00148553324246059	3.454349445213	0.00576844303681141	0.99548617723973	0.999062666330813	-7.02232365141644
7:442950-443247	0.00114862973043017	4.34568043083296	0.0048249963551351	0.996224420119646	0.999062666330813	-7.02232899597654
6:424007-424143	-0.000844570948733914	3.71461511499473	-0.00295742945240023	0.997685793009587	0.999578934931806	-7.02233676827006
4:801789-802425	-7.81300085828107e-05	7.14608921414927	-0.000358021361176421	0.999719845618332	0.99973946500558	-7.02234137693872
6:9154-10412	5.62252347480197e-05	6.43765730626157	0.000332948899426406	0.99973946500558	0.99973946500558	-7.02234138620307
