k4_temp10_1	k4_temp10_2	k4_temp10_3	k4_temp14_1	k4_temp14_2	k4_temp14_3	k4_temp20_1	k4_temp20_2	k4_temp20_3	k4_temp24_1	k4_temp24_2	k4_temp24_3	k4_temp26_1	k4_temp26_2	k4_temp26_3
5.03183638067525	4.50603243552737	4.77209154168787	4.7430839798781	4.74608252162965	4.57842818446433	4.87038592941763	4.39743191127781	4.62472886801229	4.52151274535637	4.69869057735042	4.94062771156943	4.66843271077416	4.55299469702999	4.62100109321147
8.81038167076036	8.70450937831856	8.88725350195676	8.72493021369275	8.68621016844416	8.70953387182145	8.64580471190019	8.66347196811727	8.67848600751281	8.65995733855219	8.73174494019101	8.58113033871408	8.8358100466659	8.55193438901725	8.80888906695862
8.52241040264913	8.54456744386068	8.41149456319362	8.58758102229324	8.53282263228619	8.47824283293195	8.55900274539849	8.48443628463187	8.58611672756466	8.52761113271518	8.49502117167122	8.34752005832431	8.088377567189	8.68936908926187	8.39389234896802
9.25394435661698	9.23218374554194	9.26770453385284	9.20730423740404	9.24638636432844	9.26020470433684	9.24636840266702	9.28317981054284	9.28554545656715	9.27352765286968	9.3791244935431	9.35923045951047	9.41884449495997	9.35565067218173	9.30383903554999
4.98676948154511	4.85283107326645	4.49980205681738	4.47534079400555	4.76956820660283	4.65601288892201	4.5800147683687	4.62216729268949	4.73935441059055	4.71936854848218	4.65952722762439	4.84545383961119	4.5354228808472	4.63640067557098	4.60929631602172
9.65658099789447	9.63236909718654	9.63327268101978	9.70419010155662	9.66599021759829	9.64537751182184	9.59765704821324	9.62348135785666	9.61354487407738	9.54931121069934	9.51906151515198	9.41818641761386	9.57415832381989	9.64146866902665	9.60814135384548
8.79411847517316	8.84404289841769	8.84842164670192	8.88903433863974	8.84456658010958	8.86704902206213	8.80415789917324	8.77763140604713	8.82673883698392	8.75337819683305	8.77143082718176	8.60129577142071	8.91429344266557	8.74153526441766	8.78438564013148
4.79519709461979	5.03775717189376	4.89038090625677	4.63471080857417	4.69979294503204	4.67206041934999	4.62648964976328	4.58563586415	4.48684694485225	4.59217379755067	4.58472201085818	4.96728081128046	4.82627718242892	4.86654167056391	4.63335355264387
8.70888141496604	8.66167052914449	8.7423771611207	8.70222341157928	8.69822292441939	8.60690106641209	8.52152754489498	8.58836706070359	8.52017101768069	8.44310809206637	8.57788707402477	8.44358900504025	8.50221604742534	8.3721315312654	8.52693913918551
4.43731976836873	4.6689173153779	4.32779211052706	4.78830431402385	4.74164857177506	4.38826521833577	4.78909433535068	4.77691718330009	4.56615250614817	4.47330221032583	4.57922235839482	4.48031941264458	4.72193284036662	4.90520939547261	4.57264672375135
5.20032661857992	4.98128098608436	4.93965547068062	4.99962661517633	4.93024779398773	5.05906623270279	4.94580581161382	4.83605568127135	4.74165730536024	4.81146425000522	5.03685207217649	5.00880807865434	4.68335002662558	4.55778527122151	5.01786265339606
4.52513525223903	4.44099907180508	4.52904888309288	4.7755450632265	4.46991152841682	4.5362123469812	4.39485786297694	4.56926373840535	4.50072050656186	4.42531035768046	4.44140346671168	4.1927952303541	4.61807222984098	4.27241822275195	4.49672294662469
8.84507488300327	8.84661936666833	8.7337026291525	8.78299104087182	8.74838782462654	8.70242095351265	8.57150046944246	8.56229385955549	8.57113293898038	8.51976474652014	8.53971715895553	8.26494558557058	8.45392605094774	8.5511488941719	8.67672025983418
6.60712782821088	6.70116785264821	6.61120686794275	6.81281332878921	6.48600439218783	6.5866195733392	7.07396157650718	6.89341289101536	6.99860487847307	6.94867884230634	7.05648472108263	7.10441637373468	6.75169054968134	7.17405483134665	6.71801603211596
9.40303694335551	9.44288844145431	9.46398746279136	9.49427979818904	9.43650867121493	9.45614885904282	9.45884417843507	9.4254563662419	9.47679135888032	9.52152345092077	9.52868874350661	9.49233879461512	9.64729352012641	9.51819580472744	9.40225597510891
5.04714592460722	5.11993202959137	5.07715509189894	4.929852794863	5.11502902971795	5.13007695487503	4.88824628091401	4.9871010638418	4.89190951187309	5.09351828714297	4.91442461252856	4.87668570123243	4.92785412751633	4.83794673328156	4.9748981116156
5.22863026515558	5.06562563137933	5.3648214254794	4.92980051884165	5.27464993218654	5.12937815980703	4.95369347956845	4.9097932095737	4.87215310398557	5.17740039213282	5.03945655680643	5.3484812514541	5.01225728236154	5.24504927946483	5.2199026240358
7.20863649406142	7.16628920554688	7.09990996233185	6.92817744135	7.02480203439029	7.08536366302914	6.77220088445754	6.84780717700824	6.88457363434745	6.72685005923339	6.77183479009362	6.59033914121108	6.45745464103154	6.84677037402151	6.8777816858771
9.2206790652326	9.18207155886872	9.2152672807426	9.15007123779545	9.29676584502346	9.24058207847122	9.24618693031091	9.32159827494107	9.23194342621389	9.23139705439906	9.25244477592076	9.33681974668748	9.01463671489334	9.30413332684544	9.28491805730116
5.16395088669742	5.24702004535062	5.22219552647994	5.11224382285396	5.18020668846371	5.08380171308009	4.94209254680515	4.81905435573605	4.78282978730542	4.86919143801441	4.81088730332485	4.90209986941915	4.91424462417902	4.91245590706744	5.01100538092201
7.72859803551472	7.55530190171507	7.6470307576318	7.53430429345829	7.42958797322351	7.42070118535872	7.2312234821009	7.41661547921019	7.25295098767289	7.13773161518206	7.27044703678802	7.15956664569218	7.24827319978702	7.53890194242731	7.39022479397359
4.93192132720392	4.85280918975255	4.95919518588379	4.78926706721992	4.68776976059631	4.608468381847	4.83424408788086	4.92364537382126	4.79192729176137	4.76712298855693	4.54198285945574	4.32557881583898	4.72816875969625	4.67200480017056	4.5987522625455
4.92370732962129	4.90103266248132	5.15312826055686	4.7896879066255	4.92334608356255	4.87639459985999	4.68392602885071	4.7381071460052	4.84873620533369	4.63659029604947	4.75656756741736	4.88169669748296	4.57612167319033	4.55921670262997	4.79728062693428
4.40628305706478	4.37262381305857	4.63266529855808	5.11223674811176	5.05763526963874	5.00491063001972	5.45124195220521	5.19195778437122	5.16799877108291	5.28268746671855	5.3622270254359	5.14437863628271	5.37992950875062	4.58755794852807	4.73896303620036
7.33239423138267	7.16104348706289	7.41793950925696	7.59486310330892	7.75945282645466	7.74312184926846	7.86060552604706	7.94565744946232	7.85096475409073	8.16874648284907	8.09985086361913	8.18202371119865	8.29928146907102	7.4143050541745	7.82832265710237
5.36342093755636	5.11209497506634	5.53477480319643	5.63790075858249	5.52793424475609	5.55381231750586	5.70744672584565	5.7860712709187	5.63661368825876	5.65046544247823	5.70155140291634	5.67011102556501	5.58907483834599	5.73566671988675	5.76168850159608
5.64789596535407	5.67373825994259	5.46168616413689	5.21560439025643	5.39178992791834	5.39661349742563	5.1339593615691	5.10581612893816	5.19254246413442	5.291078785968	5.1707666379036	5.38932632375476	5.23049443634468	5.2994760946338	5.06294147501602
4.66429500424741	4.62605601184172	4.74923476483188	4.68270178914717	4.43204799496075	4.69800529310886	4.52999722852099	4.42146516627545	4.37610398863122	4.37841800083299	4.78458452924737	4.56782943671088	4.89882078143599	4.48257444359127	4.31121280010845
4.66893959427994	4.80122173212807	4.34991968442351	4.21246853346524	4.42242162241565	4.3587486333764	4.42283422498967	4.46160498391277	4.37954924023078	4.3824782513588	4.35676678311226	4.46383376701585	4.50115091351161	4.31069313607338	4.27961171784204
8.42513496840857	8.43121058264727	8.36645893874153	8.41408732627311	8.43529660803601	8.45809822765112	8.47112889101357	8.39425110353895	8.44032401382315	8.44122517755076	8.43328865258305	8.53227258699571	8.63032702890287	8.54156252897048	8.53664464781255
7.79923911266573	7.87311073651577	7.93202530428873	7.82498465260364	7.79505266667512	7.80290492257718	7.74013843568933	7.79987105444809	7.76210958835772	7.67352697983944	7.66663403204953	7.71801433935862	7.84410095418947	7.84973361391003	7.79725830373659
8.4549856664189	8.51460418046262	8.44016359553151	8.66859062026736	8.57046270691712	8.59511563109171	8.54653514069078	8.55489534506377	8.54817060467302	8.63321751338779	8.63830209064686	8.70498351233734	8.84882459744681	8.64418361209717	8.58722891973271
9.00149632548247	9.02884582611099	9.0719792818242	9.01812351406576	8.99494842946773	9.01888653487902	8.95488792773771	8.95192139362412	9.00042736985737	8.95375702367975	9.06261149337966	9.08860850218667	9.29612792334046	9.07170611695387	8.93826448682705
5.36393148781143	5.25549134813308	5.2389340293537	5.4651600271196	5.37676839411049	5.29246760066658	5.7410660132444	5.84314788288736	5.7989048439942	5.89654224657791	5.71298925501366	5.7041506636448	6.0662762553427	5.86883594185406	5.82526373102173
4.89448399620603	5.03623913141209	4.96191766602571	5.06636993569837	4.92123563143581	4.86421578212204	4.97573133611652	5.01476757422865	5.02390921979849	4.88876510802134	4.94806247477396	4.943672919645	4.81860548426602	5.06266923786966	4.75902152188607
9.37533589817476	9.40051039101012	9.28803559993436	9.34336462080738	9.35221308674465	9.31437611451037	9.25429626338227	9.35430400307913	9.28662105466716	9.17220395728122	9.19283504631043	9.22256019382339	8.86602424694265	9.31395969730552	9.19798512340766
4.9333433796503	4.87715537080325	4.44199810167917	4.9693396651346	4.84393125555614	4.90582487145887	4.55114522782141	4.8074657893756	4.76483428999134	4.84680780327268	4.46142840714312	4.82864175070301	4.42243004767592	4.90324834128515	4.85648959831292
4.23707034150299	4.42490728973298	4.02892529273133	4.71816414983837	4.35284385129345	4.45590333393589	4.89854814382436	4.58549812064395	4.79545168992677	4.61221035820059	4.59842596998499	4.30671412036565	4.61152975037177	4.86297373976058	4.44656629533078
8.08311014821615	7.99073002903671	8.00468618546004	7.97438952537475	7.8736104508948	7.9342890662515	7.85543677371946	7.93623670503438	7.87536442485	7.85873356897571	7.75563901765019	7.64800084659265	7.46870967869276	7.91654179359678	7.79543099270288
8.23483030665169	8.191723498095	8.16335124361128	8.13075170507708	8.23169501143361	8.13394414523691	7.96850633529318	8.00434738075676	8.06971640304347	7.88975129909878	7.89356166380936	7.60339271507478	7.71743759847835	7.94749333579546	8.01607164621047
4.44470713037	4.5206222984371	4.55272187527001	4.38664311404406	4.39520819769328	4.33103507221555	4.26606106360326	4.45679546357221	4.58982233254203	4.44300194823264	4.46938936472682	4.49854589146945	4.62739796893034	4.54821122627479	4.49652919631738
4.40749256457878	5.12201791744957	4.58806080629092	4.75462697996514	4.6332652326591	4.68112527453548	4.64137618389173	4.63247787992029	4.71379094805498	4.76138533717925	4.72952928604828	4.5174271528011	4.6464162025133	4.59911568423388	4.76363044632982
6.19775315957725	6.18107596166631	6.20583560641784	6.12738520915159	6.28351893992846	6.06704674638259	6.23614921826798	6.09641221325686	6.12937443187988	6.14023300862999	6.20376258696847	6.09263272365501	6.14817851563605	6.04435607658064	6.16803731228967
4.59069883812122	4.78945729791438	4.92971647417327	4.80101775257915	4.77830406128735	4.87758710607359	4.75406530499274	4.94785582378279	4.94458907927487	4.76556867213362	4.63199230261363	4.83443972509401	4.62077308531433	5.04220747205167	4.98900974871995
8.61939957635739	8.57927741363728	8.69556724837708	8.7886484834567	8.73476815863016	8.70704495733486	8.7208779847695	8.75101729730678	8.73388764133132	8.73885474679167	8.78451903059038	8.79920763115246	8.92022617307054	8.6074381490711	8.84028784718471
4.57990768220559	4.4742800282445	4.84924591323083	4.82181033734698	4.77789548626116	4.65202075096226	4.45606813180562	4.4279377859443	4.76973670259748	4.65514401075112	4.46489126644668	4.3499972157183	4.69121018379746	4.76389923509206	4.63126388095404
4.46368930639694	4.59657089824714	4.6411486934571	4.69411838924248	4.31989300864171	4.65609417882515	4.5385814382984	4.36700330991793	4.50782124312149	4.58949553687425	4.33427339469204	4.47100143772582	4.63764742274775	4.38159493572879	4.44619591557369
5.03333400675712	4.87601523613617	5.27806851178519	4.87767213498302	5.07317449162717	5.08848074920881	4.91013733729329	4.79041636748581	4.97728814172054	4.75713647437434	4.96136481572734	4.82031116377729	4.59195928755074	4.8386868724376	5.0180807433391
5.33067007703695	5.27591339531351	5.32608034534007	5.45437680662042	5.31269999578376	5.49674146080636	5.18610288046184	5.40296850267415	5.28083450953894	5.21798564277788	5.32800445555154	5.46266258062323	5.37299978083537	5.34907667600914	5.41316112025319
9.23716975679698	9.27206764487925	9.17173305336499	9.27617802428213	9.17130280284729	9.17925517975189	9.17122859738641	9.15117629346073	9.22972819373629	9.05385940472758	9.11087687717095	9.1060580292845	8.8901665055344	9.26418473369464	9.08642835860929
3.53082731580864	3.90182492333874	3.99556318949368	4.3328895591404	3.97888849147443	3.76499962224092	4.00924992398658	3.89060951023673	3.93301092549683	3.97338414352704	3.73907829638583	4.22578304898256	3.85625044651375	4.16285421655333	3.66497936200647
8.90943347670056	8.82866783151272	8.86850996033475	8.88036638039611	8.91403131282622	8.89645542463449	8.84134941846777	8.82410304859573	8.86502486863787	8.73941473417752	8.76337402584378	8.54976198816934	8.48401640684879	8.87067430767835	8.77123539812776
8.11106659070206	8.07095898915514	8.04259398248067	8.15940582087919	8.09898742453559	8.22853236929749	8.10533435389349	8.01733984691259	8.11521884687629	8.23453172685868	8.16032007235379	8.03116295726965	8.05773334950629	8.18314474431348	8.1871648636377
4.60814731388059	4.6255451908855	4.49363785533492	4.94986848770508	4.64504481362756	4.87011806714976	5.05680901546864	5.03783288326647	4.89559609235677	5.03926056374375	4.96896308572985	4.95892795105226	4.89902541198324	5.07990158390507	4.92603168229497
7.9775627128236	8.11716705389088	8.057966753046	8.07972105425883	8.0506577497454	7.94723920194757	7.88979849086285	7.86111865763007	7.9340213918967	7.95299735095251	8.03916600211195	7.79201751525132	8.35260226329169	7.75728965030229	7.83796532700551
5.2061002034786	5.12156542370297	5.07039844169967	4.95978185260311	5.00826690329788	5.12876422965663	4.82863891621474	4.88790016234536	4.93602131844736	4.66581382868806	4.54827441519386	4.50139195325127	4.63432063899241	4.46261059697643	4.54103928932355
5.21779786915395	5.23757012946894	5.23450202376862	5.25628503713154	5.60133012403984	5.49906920800777	5.3388027263736	5.22151369550905	5.43969105229348	5.595184273071	5.55719470307531	5.34532811164901	5.81154643170018	5.01888589744317	5.43443925528188
4.72259419229148	4.64063500635105	4.73241278445923	4.46077351840561	4.62949857786653	4.70142863507759	4.54242896522502	4.54300318327871	4.64917877623976	4.5065459031765	4.66902872189318	4.79012619285801	4.58376304027764	4.53819618820676	4.58462480405382
4.92629972716335	4.86447563412458	4.93323583599722	4.6101141428716	4.73228551134482	4.99543936620552	4.92648200564889	4.78869294742942	4.80454222040848	4.90255818375482	4.96287917766566	4.83794259693782	4.97476195499641	4.6341193185258	4.91625802405376
8.77680476301639	8.68498691318521	8.86721237521167	8.66269496035003	8.70130503855085	8.69512977816798	8.51671394755099	8.599986390172	8.5784905807549	8.57962562667864	8.58137081594349	8.73388450965421	8.7304541654521	8.68145257672654	8.64041977596402
8.7760224423364	8.86443932922905	8.87715960198488	9.10332795191078	8.8623803216683	8.87137563546193	8.87366285468683	8.83764926134444	8.93897115872936	8.94354963897453	8.86938210861123	8.92956681833549	9.28800219861697	8.91952283589535	8.85837046566729
4.60902356331684	4.24732955930692	4.45421157298956	4.7398622041552	4.24605719657119	4.44484756846226	4.31126095310629	4.36834306496897	4.22049578823283	4.39272780631728	4.41618031539278	4.32920535240663	4.41753257971787	4.04828352966912	4.50751969132514
9.01151179627501	8.99817852634618	8.97537150405951	9.10286220531247	8.96555436389988	8.97766832337338	8.92399342514538	8.94731450164703	8.93520423563075	8.84212618213064	8.83718574639032	8.86775910573394	8.8123852595982	8.79370178189247	8.94994983239213
4.53759992355969	4.56743332841793	4.37847969865788	4.73140617573019	4.74611299571075	4.46743213604118	4.68289787269687	4.75049000105894	4.74716613451664	4.80208945775954	4.79614376235402	4.77074803403989	4.83829512284937	4.67981817006499	4.78450968394239
4.39170650600759	4.51848710690501	4.65094587072901	4.90927089175073	4.99093395885117	4.61738795440319	4.96822336798873	5.08669828503179	5.2685433406091	5.43652928642153	5.33656135412503	5.08902252342912	5.75450291700524	5.43902040306531	5.37795521084416
8.30804194833592	8.36788970381218	8.29383843543085	8.3964965267379	8.21888728336235	8.23132146688915	8.18839353030567	8.2241395432821	8.1877551446049	8.1368645325992	8.2099592772459	8.16142437795706	8.10880711541789	8.32753477650953	8.10876932930318
4.68005597408397	4.77621351842476	4.71287371195071	5.1208671354623	4.68277247967613	4.97539358019728	4.88373719268501	4.83323450240028	4.77192301078482	4.95161919882864	4.79206558259293	4.73525939709293	4.78247281776667	5.19926897620988	4.97184436130018
9.10356968430269	9.18677120561166	9.11080555534157	9.08056288904912	9.14132731569747	9.16803340375695	9.22594588335127	9.12223877382598	9.19812443468583	9.23681525377167	9.1705075610332	9.00341266660147	8.85870083026791	9.29043993340257	9.07969305437754
9.54677923332217	9.58384441358437	9.47083976821425	9.57908735137554	9.62668222097207	9.60844907631948	9.8129476206536	9.74530644482653	9.82243690138738	9.89664145738262	9.83122756612002	9.90469411582129	9.42085785506808	9.81830280564335	9.83240291572422
9.02698411075626	9.08004240037334	9.17894423457155	8.83617681307901	9.13713250969996	9.09519867792374	9.05487366519628	9.01905256150371	9.09077278526877	9.222514979337	9.12489360164508	9.4116519266348	9.12019689630311	9.22897109489866	9.19972487478912
8.84926198591394	8.9465806787416	8.9381564963151	8.93020168854421	8.91167528164272	8.93517434542445	8.95046382950228	8.82629900014139	8.90626526939851	8.97634048986268	8.9085250095442	8.763019865545	8.60647735709215	9.0901619636618	8.89781953478137
4.32214255574717	4.69526655555369	4.55988620716249	4.2124413378939	4.6425408480024	4.44784482388443	4.44345930459021	4.46185341576316	4.45486926599939	4.29901959269927	4.22229354615054	4.64052117161035	4.3938679598943	4.40036349231015	4.14206769475227
8.90361760811854	8.87116482213602	8.97823240828814	8.95833876948049	9.03205664275196	8.9661986859222	9.15647752666347	9.07895282027843	9.08376798347924	9.35922283075692	9.22835110040995	9.17865414635587	9.3100428034029	9.30801206874037	9.15340129967164
2.29227297126957	2.56216641585387	2.51778452528289	2.74950640124027	2.65573825288644	2.61347539786466	3.04386803467353	3.28465097086216	2.26172098340507	2.7586737919019	2.66703255685656	3.08812414268178	2.44454492707146	2.81449579439134	2.75825736165663
5.24012639100726	5.25324445828874	5.33961480557033	5.26584010301756	5.3915328137305	4.94373994959143	4.92764055017827	5.03146395070398	5.13944293152958	5.13540204521473	5.08079300836821	5.42357103664789	5.04593701939989	5.27778347173266	4.98850804397607
7.55565394088381	7.52110232466839	7.60392597698976	7.51604490881538	7.54802770947544	7.4293516252778	7.44062527703607	7.34125383841005	7.32573169908901	7.32199262345968	7.3530385872847	7.24131991827173	7.420273694783	7.41749693013201	7.21596414962069
4.89776756379564	4.75049609993257	4.73712472651173	4.81183791356379	5.08273522964886	4.9484097882086	4.59496221851571	4.65377785115445	4.91291459899644	4.9711378041377	4.6573410341424	4.61515365920699	4.91208011767276	4.11855329567896	4.84678189629747
5.05486814771023	4.89565682517294	4.72172556833545	4.96996055391433	4.70163196381284	5.16091362810832	5.29299524959713	5.16699018293099	5.19880005927698	5.3698380368658	5.3147889685476	5.40811727953544	5.84849703030044	5.21029173757382	5.37431000032318
9.36371147943871	9.28025041339725	9.31308702456572	9.15791538225925	9.25306821110298	9.23757532022181	9.17025270464897	9.2328983708226	9.16041791784831	9.14996661726973	9.13920099397428	9.08226549688169	9.14655888597165	9.0638250754442	9.22743559091336
5.33825493431504	5.44133526182905	5.29038177483054	5.32081929437028	5.28465262042356	5.3237561137478	5.33492556471444	5.41913929609887	5.49680654640087	5.29580633803196	5.21463853825932	5.02992128044014	5.13235738233656	5.35408831316585	5.16204963863229
7.64567701962919	7.61536029564934	7.69393970590092	7.57854800144738	7.46916311405426	7.61440588309194	7.55770038498169	7.54378108953548	7.57648717894275	7.82585174086355	7.70657821109063	7.65865158103371	8.09581805474907	7.54293909956865	7.57051781457994
9.56669647634368	9.54839560971134	9.47047998862751	9.59385980938324	9.59594904291779	9.56232044188673	9.67248711364749	9.62038934127844	9.65518140267717	9.6926874507609	9.632526612269	9.71309013190944	9.48085115084463	9.6288976717942	9.62075087822685
9.01469076279834	8.89462214281473	8.92283460711391	8.72429531658956	8.93645534097869	8.94327477092079	8.85526524472613	8.81857091593113	8.82950108618727	8.83719265053529	8.77496872058928	8.72575265839762	8.70115615779091	8.69215536206212	8.90552359558741
4.85084650564597	4.84011191794899	4.96743997403172	4.78974681816056	4.74194329816042	5.07109000400057	4.82390198453256	4.78379234568842	4.68369061429788	4.87163182092737	4.82176332765113	4.40201986090869	4.65205905367883	5.20975713268062	4.68030587878993
4.43061293109202	4.77662255804815	3.8468031202687	4.69652148170939	4.40054339039691	4.18888968193832	4.98213697140707	4.89203474751338	4.96152556608097	5.14982919978119	5.12841829733366	4.90462489734136	5.0061559546601	5.3995575537217	5.14134296259546
9.47796214947403	9.44939018364403	9.4843460011681	9.41181758291589	9.42583146646963	9.45872418950926	9.45081934935363	9.4655495773095	9.3698963061428	9.38604957433304	9.39664244119794	9.41551624193795	9.29560080885886	9.47872191205916	9.45756122186682
4.71845220264838	4.48987865564525	4.89123176729546	4.44587117793263	4.35429716536296	4.67171669379431	4.54226957485194	4.37492753185124	4.62844540769145	4.4999886187054	4.61436450659195	4.3434952895436	4.64766807773096	4.45807875069687	4.59509833650401
9.20015651422415	9.15163342978559	9.09980705679728	9.01339604418943	9.07111759094048	9.09918568559216	8.9941797846458	9.0190043537477	8.95455047379507	8.84711257437555	8.84413037540866	8.86440202404605	8.66575408249992	9.02641344792247	9.06539241333499
5.48433860414702	5.41985554276934	5.54492072499218	5.7043962674004	5.81226964811983	5.66489766911855	5.80495148219686	5.6740468397375	5.80569122513442	5.76889375041785	5.77629990181205	5.77656528292949	5.50906894023489	5.39015528831686	5.44909830635671
9.5979811099307	9.60929630575897	9.60365292781475	9.53828113689161	9.60013835275164	9.53362075640336	9.53550023369928	9.58658783263328	9.52483884276363	9.51387908106344	9.5438811935406	9.64043997226472	9.58046723744384	9.40641621071261	9.56743635201739
9.30064136783302	9.18655393675985	9.43387695833437	9.28422796979714	9.32587464935381	9.38754033794765	9.50512313200333	9.49547602863437	9.48554416741137	9.68502529828583	9.65507125449949	9.55440479566672	9.94727138994052	9.49418439647884	9.40825854559738
5.71974601699479	5.87284634574025	5.74001313269579	5.63086952743855	5.64207361651351	5.46898264916305	5.77535867847566	5.55072632821515	5.74690055187906	5.60213672681592	5.51763911886167	5.45255685056198	5.68314263185483	5.74201439133939	5.58210326124397
4.53828436681855	4.40874417643928	4.54022783752088	4.62188042460739	4.49818596677304	4.46830243173174	4.85400899974838	4.81417049315622	4.85112932177877	4.68299194423873	4.84570810480653	4.82249267688174	4.82332993519517	4.95808299557275	4.73228556523973
7.33257118159004	7.25440757266962	7.48084510140765	7.23016444789905	7.34562757615073	7.35775485980824	7.36715211014917	7.21278052561932	7.28095721906837	7.46957426781004	7.39566399355119	6.9740715912781	7.635871625802	7.31911768570393	7.31118349016419
9.20602108050759	9.26933350614	9.20692651053986	9.32608605644226	9.26632965025492	9.21519714864412	9.4349687636944	9.33745177232691	9.40728241894597	9.42252225315749	9.421912125337	9.12909013756069	9.42294503973783	9.4517357324554	9.3092586566553
4.36020613480688	4.37020932869999	4.12952430033459	4.24267874741477	4.37848172787302	4.31150769865048	4.20657339037913	4.22666362469845	4.18653681194933	4.2572088687922	4.23995103321336	4.01127084493206	4.09942036233525	4.05093432213885	4.17034829237091
5.74188317871663	6.02523936655507	5.94479129817813	6.1627567234964	6.23393203372436	6.33219645889433	6.80303731279279	6.89402210888208	6.86964052725206	7.07014484392297	7.1219425986607	7.03603660477916	7.58759143970124	7.06281905665327	7.13784858975065
5.8221874952158	5.81285716615257	5.83888431803376	5.67851621494872	5.91560481118133	5.76548749033559	5.65567731135685	5.72506423943773	5.76542522258446	5.71514037534053	5.66284787603713	5.7217129442968	5.59861495617792	5.93765133753433	5.59156001200799
8.70566833291581	8.65960674271047	8.64866943698044	8.57270591364798	8.69103826030335	8.68094927796185	8.78840161825157	8.76148186822975	8.68315922372469	8.79023243397977	8.80075283173604	8.83889327176821	8.1499725877221	8.84776403329689	8.73291909423408
4.08261386812526	4.22734295713686	4.20282217576872	4.30811388556426	4.20673144219031	4.11664086446384	4.46988207140924	4.24495974565419	4.20349823672937	4.47378906298513	4.35080870544435	4.48496854012118	4.22115997072296	4.64922170437914	4.2920220147546
4.55446053002504	4.92500329557852	4.57910167065918	4.63458809951011	4.64814926489044	4.80267488882749	4.57586123397764	4.81278064987527	4.61311114097365	4.68270711432374	4.78822455655693	4.77308597476317	5.22483731988025	4.43065979642774	4.60993150512917
8.68151449165703	8.79844068839125	8.65476371380536	8.97612186081166	8.68234488279197	8.71413219696599	8.72035929964554	8.68641930586253	8.78775167652093	8.65248467049524	8.74618864337453	8.51264332204451	9.02782563165458	8.8747807748325	8.72270221889906
7.95219094223921	8.04195182482816	7.92618522077726	8.14580701522324	8.05627569345589	8.00681234385877	8.04204608966258	8.06454283659066	8.10743509182375	7.96871974653309	8.04860446548875	8.07211640514508	7.54985078294425	8.08958090595486	8.04286706593623
4.73371475388445	4.84007901533214	5.00577986012378	4.88782924459073	4.62899375317252	4.77578495950674	4.76174114181899	4.58634225223082	5.05605252898942	4.81948768919964	4.68761461676832	4.80945610196843	4.64347386138562	5.44189024840139	4.63539641399159
7.40753961553451	7.28128303158464	7.31923489205937	7.38772374349212	7.26279801951207	7.29146271497328	7.31713971705803	7.25944926520891	7.42321053803514	7.27824195507681	7.31638107739292	7.35369441496136	7.20457022713051	7.11587729855535	7.32160671400886
3.98082023765478	3.97524152267422	3.96112225134069	4.19057669223962	4.35464310199604	4.11775843956394	3.89894329567773	4.07636635096622	4.18590811695103	4.20134757870397	4.06103737908066	3.86881539550281	4.29148576541131	3.98489778813253	4.19945056909293
8.93432586296497	8.93645701271093	8.90410542488791	9.02250024266057	9.05250375118545	9.02883724453258	9.08120081181634	9.02497075803023	9.09467222958037	9.06955933655268	9.01925902073899	8.8811606724387	8.76413433169986	9.09285138788963	8.99315907828819
4.91585619904128	5.0690202872748	4.99377114017674	5.00922245034978	4.88495579236733	5.00765268699839	4.68140520974998	4.80364370776032	4.80950687635623	4.70857363591086	4.75478105653636	5.04928236525374	4.90343249983551	4.85822269310588	4.82951369139156
5.460984739585	5.69280010061062	5.57870590137046	6.00651303215468	5.81482483720394	5.75006746527162	6.05169042227621	6.0090151848973	5.97489570456068	5.81639519151625	5.66703940782879	5.59420719580379	5.84034381490673	6.00657097870021	5.9061400350849
8.94648316968783	9.00589833262754	8.91947196351413	9.05414823252894	9.09821281283914	8.98043192860268	9.1897608293497	9.13796371506891	9.14726506536826	9.18899759576541	9.16191966822481	9.10140456705111	9.35658440175799	8.93664826389039	9.21574521216879
7.78578855226853	7.79683326973723	7.82416175329776	7.73814940596626	7.72358345529131	7.80538871458921	7.56469768066626	7.50836356657911	7.53661716311428	7.61335560647518	7.54588582051258	7.05165619728783	7.69183300951011	7.60630186271304	7.51527757231347
9.15774964684336	9.15235070054791	9.15060607214866	9.30020783567729	9.16737692452459	9.19177751675982	9.23774839732607	9.22151184210457	9.2594086910329	9.25520027937735	9.28648163287576	9.26644721090828	9.0508409471035	9.29436585159529	9.1476679499458
4.21715171020213	4.26362225897063	4.24087967327487	4.06893037101487	4.31766733718298	4.0561897416719	4.29789918226394	4.43478824858694	4.15897539478083	4.20629250874392	3.84564919066243	4.75811340411197	4.18713554343482	4.14720678184655	4.31950878768459
7.98374714334441	7.93723346320662	7.87085744132738	7.88380662602868	7.92676307031753	7.91532299050299	7.77042933016497	7.80494654379001	7.7457041476596	7.68876851416244	7.76444842365105	7.59600119412354	7.79557045679978	7.78137685724692	7.87830546676257
8.64189073558771	8.66576529212598	8.66280822842579	8.64571569539003	8.64874403134911	8.56394429272946	8.47262018325713	8.53319861100894	8.55643883648393	8.5124701201409	8.63368027336901	8.63041625779131	8.72311789868596	8.41835582920944	8.62212878403348
9.40085813784038	9.47445510107307	9.41683526342971	9.30011838496388	9.49970566782588	9.45139626569838	9.45888171653299	9.5291816180416	9.43925576769692	9.48891934498097	9.43731065133837	9.31985096698457	9.44643569731226	9.29758536060803	9.53326065478707
5.04771091026248	4.85057247093952	4.77199080245577	4.8015454831689	4.92447932197611	4.92233895311438	5.20714087478888	5.12834956888481	5.11097717024541	5.02627285440437	5.25592905861356	5.24334093107744	4.70185844910894	4.98915901463507	5.0198750902487
9.49603170286889	9.57572982010549	9.35702838646991	9.59611858513687	9.53852103436589	9.5679642056489	9.67139503439135	9.57662655227805	9.6297162608434	9.75971827156069	9.62522350382392	9.33460881234976	9.2844648723026	9.64449392809175	9.54485794209404
4.21602069340731	4.77616510181824	4.34387142343954	4.63257791282367	4.52772380059191	4.6041393735538	4.37139681372101	4.55621453866558	4.58694838519977	4.50139046284574	4.42209068325659	4.30401202322649	4.41157454877257	4.74531265726788	4.47175062683908
5.06867168112099	4.8508475258329	5.13743877452521	5.32167298968475	5.03710795450286	5.04384589047042	4.82443592275874	5.0267360804981	4.80049911492748	5.03788636234307	4.66871031301213	4.77459279860335	4.99450206564545	5.14714074137508	4.96561404314174
5.27240893669764	5.36686036584546	5.23995158088861	5.20747556093728	5.33313084435186	5.10101751629538	5.24495814846439	5.29620965468667	5.21998929104186	5.34245057644851	5.3728349238805	5.3662762597837	5.10955621419308	5.2577224343267	5.28410005825618
8.84885671318117	8.69061041510953	8.85333289169145	8.732520972954	8.69543208050884	8.75197382603257	8.5694220359934	8.66314103386602	8.64256424845227	8.47518296308655	8.53642792834022	8.54736242806014	8.37291496698157	8.65473561923315	8.5740414253676
9.02105949539688	8.99582126664825	8.96904510607536	8.91065771010688	9.00300892658935	9.01082278671591	9.00710418485312	8.94402333684841	8.97029037113826	8.98696737210155	8.98512854077216	8.42267311277736	9.14484846636681	9.00887837735533	8.83926622520953
5.22363945112408	4.96892360328625	5.12204452406686	5.14786720727529	4.95628723769392	5.0351949743623	4.94890077830756	4.89663048720957	5.03248118424089	4.91320272742119	5.0353261346333	4.8778094239139	5.03261354155185	4.95428084943633	4.82213892656491
4.3362301080427	4.50600690523169	4.24134837092021	4.85468353310956	4.52345823927458	4.87623773244051	4.79995482819157	4.28776135169965	4.83216951488421	4.66939323518557	4.70735178912791	4.41945647411565	4.99494955881863	4.92898398819042	4.76301849105013
4.7393301945559	4.32118996170793	4.74701855698236	4.3101376422663	4.51101813488695	4.26593189401343	4.2677952923767	4.54983808066968	4.44116930532352	4.4433696997495	4.66584606927685	4.19080251912604	4.47970818110598	4.35575454475618	4.54562670146819
4.9798258254326	4.91307946439765	4.90378336909077	4.70828689746618	4.83254609664401	4.72374665900397	4.41832042927551	4.61364222820642	4.86062635502953	4.66712231480083	4.7575871829438	4.97054936318521	4.5167898207861	4.73486551915402	4.79634409834369
8.25254885910842	8.25495465614137	8.07130636609277	8.42546013142055	8.26112215829867	8.32830335410767	8.45304729525774	8.38884194255224	8.42551584542268	8.47101463183817	8.44243647666456	8.36116407545876	8.24370780535932	8.57662771095674	8.58248647287066
10.0645671893546	10.1099345183167	10.0928123187439	10.0717882388823	10.1032695323276	10.0784243918682	10.0399343784372	10.0685657079696	10.0771409652754	10.004734746728	10.062040300947	10.0793346591398	10.1441004125901	10.1345100957652	10.0912280116333
4.45397391355771	4.4559906287208	4.25546107753737	4.61827157688334	4.27784668675169	4.47180893137134	4.40025197365798	4.25202086394308	4.49170092578997	4.25229611386796	4.43571606449072	4.14467051352086	4.36407933453193	4.17598359781033	4.39065317826613
9.51908189077434	9.49271760067303	9.49376931228674	9.48550374652866	9.49959568049955	9.47109682425709	9.41470329890243	9.44941157697983	9.46997470839443	9.44800455230171	9.45367140484457	9.40615435985771	9.56715688324603	9.31217869599978	9.56177061606863
9.56350950209431	9.52218029246601	9.45524408744874	9.45079856196949	9.49586900451543	9.50352079012509	9.53945759968298	9.51010081381271	9.53744297719663	9.45810978239872	9.52362668601103	9.68872756512258	9.23144391413446	9.47198882176954	9.50451557006675
8.93520870245175	8.99162341915374	9.09857985943671	8.88383056731282	8.95529040564663	9.00228510586221	8.81511502757207	8.8236520192963	8.86165376383373	8.99630149817897	8.87608053846306	8.81585623956895	9.17686440351635	8.81160159349567	8.86446076125375
8.74833161323916	8.76420161443379	8.89132206989346	8.75369657161048	9.00970269243914	9.10134601245274	9.30179326202373	9.25350715934403	9.30287887683249	9.55288807973755	9.37242801029384	9.50091166509341	9.38713975096463	9.25154198979255	9.5152332409269
9.40395026259846	9.46278124317216	9.30872135013533	9.42477697438744	9.44774026482621	9.44415785334009	9.58655796125454	9.43063053330936	9.53597910909848	9.57307092213245	9.50963303381646	9.4342311756228	9.07508807733999	9.60175749656887	9.51669571495874
4.00705752015064	4.28515734563137	4.15708628063666	4.55480586118461	4.26770875962715	3.99661337943196	4.42834335178588	4.6563344425076	4.69149687901988	4.71060802312777	4.45128626244451	4.5281584383875	4.84759497382444	4.86398557624306	4.44529308411157
4.49581094089593	4.57887608538532	4.34723364138288	4.45658999421735	4.4420527357841	4.05949079232842	4.01770451155096	4.28887148445357	4.55031100424636	4.09870745590826	4.41970634610543	3.83531974553748	3.97000844381509	4.31298663512167	4.27711299970857
9.1077050747195	9.13433740437114	9.00865483479055	9.19874052010766	9.10454894109658	9.2057160923692	9.15929783703784	9.20977017499645	9.1900599373254	9.16379218698134	9.16648680247887	9.22613741989131	8.8180253258101	9.1322051752766	9.14744885695748
8.84634934226767	8.75058748078641	8.7841565288031	8.59485052911967	8.73835135692601	8.7022227666324	8.62234895481366	8.69199686443131	8.62261976507741	8.51170369053144	8.56035343884002	8.73933198613017	8.54983136796851	8.62090574649153	8.65438878031924
8.38384897462854	8.46537650906922	8.40248527872262	8.41681027811547	8.46433071640945	8.53434539864731	8.55413855588864	8.57314328152275	8.58474917252128	8.61518984138777	8.54832300425032	8.65897552606427	8.12936849903194	8.51940066393013	8.69400337198519
9.08991927365592	9.02061375455665	9.02946695843437	9.01870847318798	8.94057352375289	9.00386528910388	8.87837487529994	8.95609625271681	8.91201160876744	8.75454964103927	8.81401588225819	8.57112360306575	8.60823662321168	9.01802395492107	8.9232698466259
7.69383522638276	7.68327493491611	7.87554803609172	7.88628206474146	7.91000785635066	7.91303366976992	8.25502819984194	8.24061625996002	8.27699824958855	8.47670883471859	8.47095523609893	8.53682443024068	8.04533242413258	8.29263673283501	8.27917426018565
8.7985034307846	8.75816776800489	8.81214595608089	8.71645594913206	8.64250916615038	8.65666381363013	8.56765309399882	8.625800174997	8.48689509955236	8.44436262238873	8.56937762018686	8.53812024795963	8.50365114849281	8.65577471087559	8.63902680718955
8.75659517239202	8.75648313773974	8.69999607981282	8.71640575922497	8.77580212253313	8.76707921546712	8.90453715823965	8.82034861694994	8.85592016813097	8.9516338860894	8.91954586086732	8.79023443835026	8.64941262646819	8.98420719955644	8.85667284751272
5.23361767456127	5.71837977447518	5.15123245405181	5.7730337357025	5.72351611865605	5.71368551382749	5.89884600803715	6.02084063296248	5.92265688067841	5.9260279263375	5.88514153593375	5.77323054266875	5.63825387148633	5.65402622240724	5.62000770078236
9.46500946727901	9.45205294372153	9.36059091969127	9.42550275928676	9.38447750517053	9.40037708421372	9.34713478321819	9.3498274472938	9.37507817892137	9.24959374496741	9.29932801391593	9.33260005048559	9.12611929186145	9.29635251776679	9.29010321672233
4.50025377257137	4.30187498540156	4.15979678386945	4.47157340010192	4.53116521188759	4.41234790430199	4.41374578855381	4.51757651719412	4.39873512356736	4.59457023843979	4.34957331067772	3.93340322964334	4.34784256713451	4.14552579246908	4.02384291969785
9.16934705719477	9.19121265070931	9.15328822789348	9.22213923460575	9.2106085889872	9.15306858900881	9.15017088457969	9.11572445726906	9.1176362122828	9.11502278527811	9.07054798073844	9.15243173435742	9.07463561330442	9.1593306762537	9.1415229440182
7.85409634550917	7.84200645065643	7.93750464959434	7.70117744733039	7.89912686556411	7.79780103316096	7.68850284211918	7.72238463527684	7.71331087387006	7.63726335683748	7.75004815832392	7.73489842067745	7.8359460607725	7.7687812066999	7.82161818824627
4.50779345128406	4.65373397482889	4.38100700731085	4.65690120395262	4.71912362549747	4.45010975952615	4.44947539534589	4.49361266155385	4.28596679248884	4.26921203211942	4.34600857051982	4.43445370572269	4.48013620457609	4.1746325621629	4.4836405733844
4.32318190421397	4.52033401107717	4.29373486552624	4.71710684177379	4.50990445978437	4.47762806961474	4.48109601610798	4.38733473764584	4.25168490057784	4.52776145401073	4.45192466032251	4.11135682039687	4.759493345208	4.34701703939165	4.41868621901754
4.50937027305595	4.55139812437034	4.68327059939259	4.45925451168437	4.52632649613641	4.2675271203085	4.50508557553367	4.62318677594211	4.374522979582	4.35368313160194	4.20975222751209	4.94464928292765	4.28054332044185	4.36437874443323	4.4966764738953
5.45404318139663	5.23544008584207	5.31292843982522	5.39757183038017	5.41249567605477	5.15741865277246	4.78385028163752	4.99716570997613	4.89385069365674	5.17736296228479	5.18954003732072	4.89194502852212	5.15266769721959	4.63821363839684	5.16531180465457
4.51248817813768	4.408445493589	4.52555745956956	4.86648619289777	4.54679535349591	4.85416707407129	4.90551343149617	4.69014818227343	4.98932965500241	4.92819614596016	4.94462407961425	4.80741725717344	5.15615144294612	5.08079064702203	4.78695093951135
8.96457964383445	8.8787668942619	8.94880984710027	8.91685239015077	8.85134461555251	8.90466874603858	8.82687260520233	8.84202148090011	8.79639146219461	8.76417863243807	8.79809593759098	8.78143528035281	8.97999962079729	8.7939664267209	8.91235836124834
9.40412109732647	9.42396608903806	9.23917234077638	9.3291089593326	9.3484199834888	9.32492265342695	9.29614478227107	9.27934199058975	9.30455974824626	9.23546624295551	9.20958214992776	9.02448523713242	8.95583754843797	9.28573347737978	9.21393072774744
8.63840935710869	8.33511577145483	8.62685388968043	8.32664334895952	8.37520493058449	8.42591618692714	8.32914881078798	8.36640646005952	8.35619515576971	8.5996648187541	8.65264422413503	8.86601774299712	8.61217165055996	8.38613248275266	8.52689328973264
7.02583984613292	6.96525446869103	6.87421372429262	7.22043074882497	6.95702401090931	6.93922829603301	6.9066632119986	7.02312736804673	7.06874575782607	6.75344058618188	6.79456739013696	6.50574653213443	6.79104817389437	6.84084536330986	6.75862659286632
8.14132096326358	8.23365149688138	8.22619614966846	8.37442839892917	8.09970853935922	8.20904175828476	8.20282169666244	8.21432836478595	8.1583064899064	8.17366901468969	8.19289511150628	7.98504244668964	8.16485433250869	8.23125818365072	8.02326438406899
8.09285764550478	7.95133623492786	8.17755407759024	7.87814280612246	7.9700570723533	7.92080888093493	7.77990670299025	7.92660755815256	7.77831697109797	7.66617594307343	7.79997766250764	7.69666494940174	7.60235449905503	7.81437145353928	7.8847357993458
9.5940343997574	9.56543577107366	9.57852682411916	9.58882981520921	9.53563741676799	9.59488811462952	9.54186660731048	9.55405247918586	9.57750600941551	9.60926441817955	9.57577341236216	9.68906349229788	9.66187903082456	9.46713780276986	9.56529970837845
6.96561911076636	7.02300052433512	7.03980856884092	7.44476502835688	7.53101737216926	7.50989934538653	7.95166297408458	7.9140126531462	7.89162292369054	8.19886073150556	8.10876493415338	8.18057230670618	8.26357817850759	7.73161369252811	7.99481117322018
6.98153737890194	6.99724687805298	7.20787665600144	7.55561517626708	7.31923879768752	7.43317635036065	7.96668192311812	7.92562975829877	7.93124955992118	8.24785971176532	8.26454589232579	8.30506458969712	8.2880280287347	8.27185217317963	8.12046572288853
6.37226178289447	6.41656342833463	6.36253943530129	6.67075154254146	6.2095188434645	6.29752887702651	6.10973024321547	6.23816319965422	6.10702108420379	6.10415664734685	6.17428481135601	5.72609299734371	6.15485448196928	5.97392369934283	6.19836055986181
8.16111399534737	8.22622933599961	8.06376044215742	8.44779129076301	8.31479941317959	8.31343219037999	8.37222241107426	8.50331936190704	8.49623396286103	8.32076539074282	8.27934677852027	8.24972765408298	8.11451157098373	8.23513180372311	8.36868685379004
8.38731029013886	8.41311803397879	8.38590387338025	8.457694021147	8.37487079363892	8.36025985134972	8.31559566762359	8.2850806294317	8.40480930245696	8.33553728041157	8.30435904206931	8.19628630977616	8.20756269510185	8.54237216162905	8.27662457621635
4.43973923416106	4.47230981495589	4.42325035837475	5.15661627564488	4.72767656997437	4.79849787899681	5.42380000539075	5.24014099615303	5.47243276456923	5.21408880382689	5.19736957493005	5.05952906950991	5.18032519209022	5.12112255530025	4.80143110163378
6.24271691006226	6.43187606912387	6.22801386514296	6.32629171348834	6.06467124744826	6.18101384981275	6.07984855009851	5.9304942109446	6.07406459261163	6.00969534082685	6.06638686616027	5.737483313214	6.09207950774614	6.12459986352058	5.95104753456362
8.17728452868681	8.24339971108211	8.09320210685313	8.10018960733892	7.98129970599916	7.96716840018619	7.9723315329685	7.88523797728804	7.92708822849256	7.6789991294632	7.78727238384258	7.52190031959537	7.808345275519	7.81327356069019	7.75142537252122
5.0778983274786	4.98723646658819	4.89858958257429	5.35977442715557	5.27147403901408	5.27704150216576	5.36028874459034	5.25699908833327	5.51886556894913	5.4228790674341	5.24222201572284	5.06408566025124	5.17792601618395	5.25833947770182	5.00769205471641
5.16987742095133	5.23506235077633	5.05624390384072	5.01901912582556	5.11458877988367	5.14022591955662	5.37394082359381	5.30171683395687	5.25469232100634	5.14602098429118	5.18926954441305	5.05582329176862	4.98632360714746	5.17076784662808	4.92333783778384
7.56945803697577	7.7135522763496	7.37529623971637	7.54827293892056	7.22563358435839	7.23189159248337	7.37244845424519	7.28172674098564	7.2632234960313	7.68512357084589	7.67842287743956	7.28179766586477	7.38777607795096	7.85737441710795	7.65212657807705
4.80978459634769	4.9823508609688	4.9616566579109	4.60958925872713	4.90981561565477	4.98864489153364	4.88255561731745	4.61387089766169	4.71482143927446	4.69630834427698	4.80158209610589	4.99270189783639	4.5659785514417	4.25905316870817	4.57560861964611
9.86175705437944	9.83465066872289	9.84904723927641	9.81581889068064	9.86216826820947	9.86622799081295	9.89128267394411	9.91636437134124	9.87618046195884	9.92013245588781	9.91614142871086	9.94511029477966	9.93011346156712	9.77459026470128	9.94327885273912
8.9478646375658	8.98950727392044	8.83521834481101	8.9522701831447	8.99476696693544	9.03533957646704	9.03883138471377	8.99147455809187	8.9830532013673	9.02567809830216	9.00497240576403	8.97164345940985	8.50230810245565	8.99893413749527	8.97250162756345
6.38585124626738	6.27523182740749	6.52443486501732	6.58057249588637	6.38522639614713	6.5259034103007	6.71184535350238	6.63733290674657	6.76794178015931	6.81180511276217	6.62461876809174	6.89892900809205	6.50486475749369	6.77155719772733	6.84082598887534
8.39280425460471	8.41994141982825	8.44765956694192	8.50360906858378	8.41973154184248	8.34952964904121	8.37213429507869	8.34836866171176	8.37047213245929	8.38667915507558	8.39676774221679	8.30895087728893	8.72507538193514	8.30192820824564	8.37660192715742
9.22538733109824	9.21487107401598	9.30167948111421	9.32214132947121	9.32533990697835	9.35640954887911	9.43541174833923	9.41083193355462	9.49418642528558	9.40753377872095	9.35770726653313	9.50796594335633	9.34717958485517	9.39900359894908	9.40479651283858
4.41716373761222	4.42239108512283	4.35037219458584	4.32373827099759	4.24080089475054	4.62774556327502	4.37652372571946	4.32567469265355	4.20332206466733	4.37721807575883	4.38029048013474	4.25244644128053	4.09923820413697	4.17688753663444	3.98804493410999
8.55303319366825	8.53299213554392	8.57361450773298	8.48336641219994	8.65960541617431	8.62038157944274	8.67525317351234	8.73986545530734	8.67055993755316	8.57591148707976	8.60209430569582	8.612731399112	8.22239292136966	8.62933193774533	8.65001177618534
8.79546983281832	8.85557297605181	8.84820330330581	8.74545731961176	8.8663929454973	8.81403463342891	8.72589999935787	8.82185997617662	8.68829033196847	8.77712899350028	8.769615503261	8.73081911022877	8.8243837757319	8.68854298170164	8.77486389852617
4.16321914167987	3.58160388706716	3.27648358517741	3.58294407029815	3.96917806205365	3.92348060776016	4.02846028601331	3.97791312533671	3.96171893321118	4.13994475283103	3.84828514149239	4.44960684744131	3.77271332036847	3.42851686478843	2.77005008258402
8.60928076973573	8.58702462991212	8.77233945034061	8.63166944241889	8.66777702910669	8.63195633585948	8.62922838513631	8.64553776908578	8.61470774334981	8.5456118517869	8.65009629607276	8.62359480690749	8.99814437135334	8.69714730339263	8.58723232446457
7.39279520668797	7.25627268828724	7.46371799468255	7.59518453037136	7.6408246196494	7.73853138982828	8.33035612090076	8.28758444315812	8.36655952690301	8.68666961417765	8.56619407708933	8.58098415857201	8.36391529292015	8.38430399711225	8.66925413096317
8.57680482951029	8.65585846816813	8.54109636292611	8.88445506392823	8.65363437203238	8.57168166972486	8.62668558699897	8.62116564490016	8.62834351069518	8.61919561374883	8.65409924262518	8.73002903176709	8.71206436400167	8.52146672573619	8.49469306061895
8.18250452774279	8.28350427218431	8.16663095774963	8.43552634833158	8.16555453889775	8.07592276028984	8.13556616192897	8.08083812748593	8.13424637934179	8.03094139175015	8.041300873046	7.98859735818762	8.27355139907143	8.17833492893439	8.10082242382398
5.47565837240642	5.51225427946616	5.54366511008805	5.99300408557849	6.09780220705202	6.02162391768064	6.2862024266061	6.38467923631847	6.35537859876116	6.60193881204766	6.56080390792567	6.38396910421978	6.67525007257899	6.14516056018584	6.52442600451553
6.35680884325282	6.36602222101853	6.14170156061436	6.08830402188767	5.98984448772354	6.1120730282657	5.86688258091401	5.90805598126698	5.92354647772195	5.84282579206678	5.82773496765717	5.69217662299843	5.34833528042139	5.67400063195554	5.86646694212351
8.51146807810123	8.50836952702798	8.45101898468554	8.36460813679839	8.52612898591413	8.50385833027283	8.53495340862706	8.55362246118979	8.49259714690803	8.46773632389085	8.42360398945354	8.61798051161084	8.01828942981217	8.36476055191986	8.48453054502822
9.92809456113135	9.89956264327283	10.0266479450814	9.92829111591591	9.89243448280831	9.90396959493523	9.87867448631809	9.86898772326182	9.92495985610615	9.93856148721095	9.8812990732296	9.99044980361163	10.0673436331275	9.86581485606797	9.92811851503889
4.83873739331251	5.09739106563812	4.99654670564867	4.82369204231257	5.14977212167979	5.15603647482618	5.19971271721401	5.14657700061303	5.08203842956341	5.10349705402092	5.0638423367518	5.31066942815861	5.1185901634361	5.2111661090031	5.24234732474528
5.11310655030539	5.12971412792158	5.19153682805917	5.11226969067372	5.16321354111757	4.94473686621552	4.90531788250592	4.80822957852567	4.88904258198739	5.01459451092918	5.05318489288004	5.20677512839838	4.93628721311197	4.90614666723161	4.89157046744363
5.63479290547349	5.58494028717886	5.52871747542393	5.74148369278172	5.76237379298616	5.73999884623547	5.9737081885349	5.96378225888429	6.03865599412316	6.14893734415956	6.17284924424173	6.28055351265204	5.66391924979171	5.77061048218283	5.93679453534693
5.67208482512565	5.36278324925009	5.71255133446053	5.24802597960248	5.50279133318413	5.60497049452283	5.3574256122313	5.47716363826942	5.35198782504672	5.34755181157337	5.40040051515235	5.17204332194384	5.19145104589352	5.2610887619316	5.28787908007411
7.92179695694146	7.87455535496604	7.85077420829637	8.08991565647994	8.01028770884567	7.96607757071602	8.14751823593979	8.0938009319288	8.11761536557648	8.0142699177857	8.12934372884535	8.06713299968945	7.90694040553739	8.30019365227203	8.07795468534385
4.45992238510261	4.55235217199518	4.61678845952065	4.88721944322885	4.64882953489369	4.55410261402866	4.89455700320856	4.78414670429096	4.8012627963272	4.70416585052679	4.80963781366557	4.49030477014069	4.77226885808062	4.87287170452876	4.96883821922123
4.80650163408007	5.05769736033988	5.05557423164853	5.11218089874832	4.73811402469307	5.24309513137125	4.80593285933123	4.76046363549726	5.09636934490319	4.93214750141902	4.71578844558944	4.74495809480017	5.11583258541937	5.12149692752424	4.95574362045059
3.61334647638483	3.48164882128967	3.74438530172577	3.16265263515258	3.51673444489004	3.48767536374704	3.65239597854338	3.86042625418839	3.67841365848111	3.3819037691064	3.70841024115253	3.68794782692575	3.36638786831891	3.59574803726815	3.22271713016446
5.35122967661023	5.11710359103803	5.27650786689704	5.01899844897614	4.83273434455265	5.36293884900166	4.99578267194502	4.80447162830186	5.23113334870016	5.28638268130176	5.14463896355182	5.20186037097878	5.35663157376772	5.2007674997626	5.03241112794301
4.87932497691217	4.75063306370891	4.97887994185018	4.44684936730167	4.8372893623263	4.70398212497658	4.32917439212185	4.58265501421393	4.68141820641599	4.66927801545885	4.57817245209687	4.63294345879777	4.63427226135117	4.52981675765752	4.58533866158706
8.88202629429642	8.85656866755831	8.80065169917273	8.66012808080188	8.81489749468649	8.71029033347651	8.63105539916952	8.754762100951	8.53881287025976	8.5045336777823	8.56523591914596	8.64245043688265	8.20801079520441	8.63639511058937	8.65888457024872
9.3943849116287	9.29520286444456	9.482235306731	9.18355797655637	9.31799928739867	9.27130535554206	9.16101212669907	9.24571614234454	9.19343144529541	9.14717944030866	9.1207337802949	9.38649021383839	9.29591522858079	9.14838897156603	9.33000456641033
6.56515950667514	6.54062821130142	6.6572861778897	6.79858814248764	6.76661380330356	6.98246892080785	7.00978691513093	7.07838019180909	7.12112270004905	7.20406464434536	7.17623463664988	7.04872977039603	7.42129302019554	7.38590815982576	7.38780607895773
4.76497872980369	4.91209224609401	5.14719429317882	4.9600663461821	4.80712062633829	5.10610401088671	4.85560312788827	4.6985310346892	4.97899565640223	4.79150009804259	4.92917234321911	4.93976833847022	4.89425312655266	4.97873332777143	4.85978994950437
4.63945041742266	4.66785497333874	4.7846295950297	5.06626594957458	4.79544199802229	4.93735318249332	4.9738591719906	4.93056825413845	5.04770339165727	5.05003236046808	5.02474890071221	4.65800280077138	5.06066728292841	5.2619047228174	4.72620800259239
5.14840742064726	4.48937179527126	5.0843072255793	4.99949878912352	4.95992183744219	5.21261241398181	4.86612123433194	4.76734681321246	4.7857417736324	4.90214321380768	5.03143215520087	4.59767153123393	4.67293382336312	4.71948660085748	5.00826537516357
8.35971470115338	8.05781343800627	8.36011404479264	8.21243015214393	8.2864369192604	8.36000151928881	8.85474014528807	8.91121415014769	8.86293551347038	9.09906373548654	9.01033283890231	9.21363427726101	9.17588101739267	8.85475232497807	9.0116370901912
6.0614758643543	5.65894667326067	5.84421289144482	5.8455978018064	5.97212713522807	6.1142835216126	5.81459280967117	5.84346520713066	5.8060750095515	5.40509013049025	5.56062486241552	5.27161204507164	5.44561812996284	5.26783971199531	5.24446767260567
7.89319421294304	7.75663923989581	7.95156225104694	7.76669073074105	7.82211756759882	7.920114709847	7.69030640582649	7.75718341538318	7.7064711457139	7.85953992464844	7.86274663693789	7.84575856423918	7.96183493473611	7.82263487761992	7.87925702226228
8.88055061676137	8.7615547471899	8.85200401832451	8.7182122492178	8.7197952964265	8.65004385623483	8.57835253435606	8.68538245065765	8.63005568093313	8.55593978296492	8.6257697311718	8.65488868673409	8.76952963050582	8.59859467705077	8.66473559643693
5.23783171544054	4.88529193846315	4.93869655093851	5.19114511049018	5.18644860362238	5.21874699954905	4.99465844311416	5.187743791636	5.46080327694493	5.07056595923606	5.13390597303325	4.88982690776978	5.18055875896504	5.07166142542874	4.93177199422024
4.55390311118065	4.69672730881524	4.46257918250481	4.82244063501428	4.51260717859057	4.63204110807904	4.72197348307595	4.94387952488663	4.72882076763995	4.80845078925721	4.7515787153768	4.28674817088077	5.11486007800329	4.92226730229716	4.55035481062569
5.2502909213495	5.48457008189194	5.53079998974747	5.4047582393301	5.30341303758575	5.29180867469234	4.97879201251462	4.99956739649437	5.10046549413897	4.99042282082231	5.06873562817285	5.20571444800953	4.86734851116005	5.09767537885784	5.12640310401356
8.94073261177767	8.88339423435361	8.88827840080432	8.81467992007653	8.82478184605468	8.84840829996909	8.74834687624695	8.78790556445805	8.79328270512584	8.71147315949766	8.74984020401487	8.85692596223706	8.56861107626634	8.7891827676036	8.84235115439453
8.70829410957721	8.72796641328103	8.58800327725037	8.83872085670707	8.66139762276035	8.67212622866214	8.55343128988155	8.57203742044383	8.53783025438838	8.52312700427387	8.54733296068583	8.63157017358893	8.36502330061873	8.57474609563498	8.51761601606738
9.05345388711424	9.05870824904275	9.0295881718717	9.02267391336755	9.01063504377806	8.98783514207874	9.02810113821088	9.02194001587239	9.02228288636924	8.99798404291723	8.9707497250579	9.01845685859982	9.14235515234597	9.08325203733281	8.99285408799285
7.64643493325256	7.49447674230241	7.72079464892195	7.63086966375321	7.68738631506956	7.71922345081595	7.6474015128939	7.67819633852431	7.62146474089629	7.75208048259245	7.67859927856752	7.85196537129611	8.08622393663771	7.8303349447161	7.73996645594722
8.23428958646644	8.20217513779917	8.28408734039494	8.22585884927724	8.31100326479869	8.27334532271126	8.07182624306463	8.1073510427588	8.05284183795488	8.06317807094544	8.0944220478906	8.19129999475313	8.3637436450954	7.84715379378912	8.18041404823682
4.1659035345608	4.51898290630143	4.1904946183686	4.19434165379189	4.53057345992978	4.56513164110751	4.40454688712934	4.36147326852255	4.34389288779583	4.33025913932588	4.47373570436194	4.18061293620266	4.19595018528101	4.13524698323205	4.37657249881391
8.35829767488315	8.2324212623291	8.15493322060364	8.06685969921027	8.13871782110086	8.16212383572222	8.01749223117837	8.05444288411743	7.9798714352894	7.98868204733977	7.98759333705767	8.06953956211101	7.52400055578414	8.00633321772892	7.96529574780104
6.34018721308306	6.22476539135076	6.35832783484998	6.26335165455909	6.26594829481762	6.19714852594589	6.17602516319918	6.18722423290829	6.2652248949064	6.42309635455436	6.2188211775837	6.39058358329771	5.95923816599415	6.23462155141494	6.38047914512476
8.47257341552418	8.63043669863049	8.62003703050481	8.69704024173396	8.62580729342819	8.68136989058282	8.85345023597653	8.72481105200136	8.76381990047042	8.88711207045577	8.83821042384264	8.48543814791778	9.10533314325182	8.94268946037986	8.71410305755446
7.2390668643374	7.26212601703123	7.10665477481758	7.05861339647338	7.03112460975198	7.20938843751879	7.2562085278002	7.25508544861586	7.28419345390927	7.23966816286373	7.29779240760263	7.24375372253997	6.8303490151148	7.09944523912822	7.06666957361579
8.98665721048926	9.04170081317791	8.97133085027925	9.08641894038986	9.06426853684214	9.05338313185025	9.0943260410456	9.04767019718653	9.07625632621068	9.08520021539166	9.07052445721266	9.04946509116174	8.54310773189057	9.12451087018082	8.97030288400706
8.80972501917966	8.73421383187562	8.62869430481687	8.73578048278641	8.64451696408294	8.64820969244547	8.59768605950505	8.63758581988058	8.67043118839093	8.48273205877247	8.60006204746358	8.73995681068207	8.21955558468869	8.80594909197146	8.61605050049965
8.4685359360765	8.48823019764848	8.44414821271649	8.60006319607226	8.54512333825337	8.58741255781185	8.58706207134124	8.58032705341747	8.65522894913544	8.58902136700265	8.60281081249936	8.61050365559965	8.1945218022892	8.56811313406938	8.62169899010381
5.73483805600309	5.78687785609096	5.63328559031909	5.77208531234533	5.77610469319738	5.86130052400721	5.75491374285397	5.79415638610291	5.79460033979563	5.7506993505388	5.90209745643851	5.64945616365213	5.58965952627121	5.77462287736899	5.87507239312458
9.49061723357415	9.47140651968069	9.52127383191938	9.30877173095943	9.44861545629752	9.44445267211897	9.31993882683217	9.43023206118255	9.32035272971344	9.30101151954551	9.2877305299776	9.45808918243066	9.20510082684479	9.19820410859111	9.31414911959432
9.67056289679665	9.69163021391084	9.635787764396	9.84291075067308	9.64261322732385	9.64462922687855	9.70493412598044	9.74174581035594	9.74359604844913	9.62382033978272	9.6816972326456	9.63205626379586	9.57268909995985	9.67903777823196	9.63325425050843
6.62834518912503	6.62794515943891	6.65069060036378	6.75765804758181	6.61825406471604	6.75443725516913	6.83866245175332	6.82507687627012	6.83264189347485	6.78421860369882	6.79155011733595	6.30295201556188	6.60464464079607	6.8410992858852	6.93932680791435
4.79004527795214	4.56739802400015	4.40122157885489	4.71922338267565	4.46548945071542	4.67798175659839	4.49321006267073	4.28915970948072	4.46519139981064	4.47282248080493	4.54450334358022	5.1486225732596	4.8176736053052	4.71575762578037	4.97615527776696
6.0998594523503	6.40052950076304	6.13452895883581	5.98678296054045	6.00974984166073	5.83243721617629	6.16991891582842	6.12293750048049	6.02115021322949	5.94745620716033	6.18028634204775	5.18403057327525	6.14620937542753	6.44515296402418	5.76697209385049
10.664400258307	10.687111957894	10.6335422375293	10.7223036091613	10.6652483906784	10.6820323813279	10.7279907193788	10.6746606606325	10.7306795965947	10.658036613502	10.6885798998722	10.7003474102171	10.6426719658179	10.7576833709564	10.6481881561726
4.85656783330633	5.06993549871572	4.695012308059	4.68373045657499	4.77011986485539	4.60512095560733	4.56985900673185	4.69211559524506	4.47040290214582	4.66855082195803	4.64326858352802	4.51822011984191	4.73413043371216	4.59900110233187	4.74274130982894
4.52873048080079	4.5671075458753	4.67333742150501	4.68454297324105	4.70488827153755	4.75129732920155	4.86126738096213	4.78416208424737	4.84037236953051	4.98815496278404	5.09314872650365	4.92960333023934	5.19683089904239	4.65660315977059	4.87703000345772
8.88265942369003	8.88610369849993	8.8715630628946	8.93762366790662	8.87221270470625	8.9059748547987	8.95943512901978	8.93224342183676	8.96055975269199	8.89346585315489	8.89243330076533	8.89336473291506	9.05847350841891	8.91340463584066	8.88610750619474
8.94084335324697	8.98652665202772	8.98762329272748	8.89694688308507	9.03760062410325	8.88504853121723	8.90576244487067	8.89053813632196	8.88329633608098	8.81370668917491	8.8564944800451	8.99756908972246	8.70222667015492	9.10538318600569	8.8947287993811
4.96020478302165	5.03736436126915	5.06065085046934	4.7898217873244	4.68077279081216	4.62797256811987	4.65609357414957	4.83661695304386	4.57425905320834	4.78593985906231	4.98268662337642	4.97696278244844	4.76597039678951	4.82067299791072	4.8180751043861
5.46298053523609	5.63564782858123	5.53120921830163	5.42517774884084	5.67540172107332	5.42511530038989	5.35687324974713	5.13972099541215	5.16042979384909	5.3104647849434	5.28212813422126	5.23317237846083	5.41402792049778	5.50496585932347	5.4612080070356
5.74345201840344	5.64155690024827	5.66192024531238	5.19761552356365	5.5338231632931	5.53065325450633	5.21927271044286	5.29359473717634	5.32731967280084	5.51212913320418	5.35205882908586	5.70591163711413	5.23558395513348	5.16758307291109	5.3954144250102
4.64203904855874	4.48904335994495	4.4347622929481	4.40117135221048	4.21621830679253	4.36037057958525	4.65543095127738	4.36140330016331	4.2982511810812	4.34533925015498	4.41421690894664	4.49666465888465	4.53248513018093	4.77986431981087	4.26534874950858
9.62708251686376	9.6996366357539	9.62541113746779	9.74067793006808	9.70662842575424	9.72239982789415	9.72245406019521	9.68902056354777	9.73470981249474	9.66836945939747	9.70630611179187	9.60355995045366	9.51536320955531	9.79839529024301	9.60498913251524
9.44831508671185	9.45521158829074	9.42257645522939	9.44987726275841	9.51100172599693	9.53393549316834	9.52291804077912	9.45086799964188	9.50172272556846	9.63016457866197	9.5675532114777	9.38728493132691	9.93715787550356	9.48300301492162	9.56330983360527
4.57517407544404	4.56233221977062	4.73094647453878	4.76742881629586	4.76219892405406	4.72598737178458	5.24817169913831	5.2559219071506	5.29303572626855	5.73795955365229	5.47661794163165	5.42233231894223	5.85453135288478	5.34223568947061	5.57318688218693
5.24218833788242	5.40469723846192	5.27824803112821	5.80277288015772	5.39184278885748	5.34970266651517	5.86015323144956	5.76298785423471	5.84555926832838	5.64320188600018	5.75427180297206	5.51502584733156	5.68371721213734	5.99401919239094	5.63997865343126
6.15544329773728	6.04690566819721	6.00071375266907	6.27006249068645	5.89510748134084	6.09862119202491	6.25675323833032	6.40199006552665	6.55317017116849	6.57556166920533	6.57344608744973	6.31909968556081	6.46444701912262	6.50415029256529	6.45787021333868
8.9630957491703	8.87560264223241	8.90798230390803	8.62783492343284	8.81993188243578	8.73928993962592	8.68814574602744	8.76222451645142	8.67577957805174	8.5510732207988	8.60268657431113	8.63963123052529	8.29654177262855	8.8187174310847	8.68053936027669
8.66654768671585	8.63666167473246	8.58657852334301	8.64027469036852	8.65400550831116	8.74113168684355	8.7812779520694	8.76137623064585	8.74888393188627	8.79764887904494	8.71448609626522	8.91973013327228	8.27468641565759	8.86714999761719	8.73903272718323
9.02573793801644	9.06595853922181	8.90673557467323	9.11113302442058	9.02122134889647	9.01154976454026	9.16925481170883	9.02150300886909	9.09571305292516	9.17761647425347	9.11862886387537	9.04141403517547	8.66253275125653	9.24479401266071	9.0061104117254
4.9168799429007	4.90132873601331	4.62412174710594	4.51675089861966	4.78127055626718	4.83426355223515	4.65013559684393	4.58016865037982	4.60701886782522	4.74055915129286	4.63544576624588	4.79558952789778	4.4062935295128	4.75641653088065	4.42326012654923
8.89235705415756	8.81928299376232	9.00432704438218	8.68343031645824	8.74449452656243	8.76353736416866	8.59455773433444	8.73205659362576	8.63309732054363	8.52313930714456	8.57792117120266	8.52109060856054	8.78190163064286	8.80614234595553	8.71000724913958
5.32244224571388	5.34601195805278	5.07834992063388	5.71946743963402	5.10874723076996	5.01913370245464	5.58163645323692	5.40565510630106	5.59517703926336	5.49534094348364	5.43786345275293	5.25027952755629	5.30218282249313	5.63537268591065	5.42760831880579
8.76410038836493	8.79958369991371	8.75113015293987	8.8010711409541	8.8165074593474	8.76042908198024	8.78850249877389	8.74428628292606	8.784654905645	8.83481023073788	8.77093299277744	8.95004362394574	8.5151399938047	9.02890220828884	8.82287678137996
9.12527181400174	9.10690728569825	9.01898897100981	9.12029805839764	9.0801516809899	9.11480322922315	9.07897597035251	9.11370159427054	9.1686285601199	9.0408973545306	9.05008091978904	9.15552536969861	8.98534681755158	9.09117623600618	9.10635438371586
8.84860335528336	8.78175776208899	8.91851442955545	8.94823188856582	8.79563675793392	8.83831321099017	8.74240583223979	8.79940965025411	8.7888281036998	8.67955671389383	8.69591726049045	8.68666820493094	8.87940593425673	8.75988899011406	8.74149029298042
5.54356285150788	5.34408342180931	5.41033232376058	5.60399628819907	5.19737336533089	5.61614766551352	5.09640828190196	5.16392862241511	5.24929302172815	4.82935638597337	4.97057562824566	4.84388902721929	5.06567106463032	4.373542571844	4.77437594671191
8.59141483137262	8.63761215962766	8.43671665246961	8.73567853156523	8.45185448376791	8.55145838172477	8.51009055383383	8.64816641402581	8.52277211334844	8.41739372457215	8.44990755194616	8.08263486789959	7.88478053814652	8.66344910288833	8.47434966771116
8.76722085683002	8.78340425249884	8.68156307417557	8.74392164288326	8.57516815637351	8.66308919178569	8.66450453022714	8.69396822063303	8.67171561564719	8.52435835661299	8.58117142500588	8.35302637256969	8.36577240997221	8.8168342133021	8.51358891105312
4.71685231744851	4.69619105091451	4.77616081241827	4.21365619403907	4.51556167633637	4.25473416289917	4.68750675399601	4.62830740365059	4.50627853727222	4.42403126856003	4.27242007006119	4.50344479193893	4.5553960475773	4.51567156648948	4.61786888352618
8.94807187498848	9.04681509263258	8.9177677821378	8.97116610670281	8.95724079043864	8.89758530424976	8.99524294179363	8.98436961341298	9.02679909768331	9.10665521595616	9.09224002373217	8.62813370115837	9.24457047661766	9.00568588058468	8.86836096462327
4.17488585661156	4.32128171677352	3.40991036081837	4.19608144617775	4.01496237805951	4.01667625210811	4.77766833434821	4.61388419190461	4.65509733969724	4.82757657190732	4.90717631968407	4.46724067995875	4.95133605629407	4.81260028808008	4.83088902253618
4.73230842390427	4.9899073587359	4.79181759104616	5.19116440061632	4.90805166976305	4.75834669006367	5.26710962629019	5.16171350371999	5.12149803674618	5.31507907176605	5.29069639758558	4.98277243613401	5.18236759252359	5.34746928177734	5.3156534881857
9.50705353185035	9.4637188024355	9.47619355125326	9.48051315377461	9.46755807380125	9.47726139976194	9.42210344989615	9.42578044270401	9.43381986166051	9.3911916703888	9.40790509134523	9.38789844914896	9.5782720041487	9.43376895644651	9.45887103994105
9.04184995819024	8.98445648228934	9.1101168549685	8.81790945498024	9.00441291900692	8.99476240480987	8.97834963384683	9.05141650725889	8.9081286021153	8.9445768145706	8.91771290870971	9.26960883898917	8.65245937259361	8.81986936887748	9.17297548019471
8.87576430843505	8.83561953957167	8.73060002635645	8.84577969842164	8.76388199879144	8.80901352569886	8.92085348885272	8.93992771883127	8.92191444871798	8.84417426276131	8.8942560648171	8.85188397276703	8.71832479256634	8.97910287582529	8.87520365780487
6.26474228281232	6.03523016100056	6.12334324051874	6.20015668432299	6.40410904518421	6.25440424341454	6.34262443408142	6.32469429041005	6.36449428644098	6.48607287780321	6.31869208291139	6.54202115357642	6.28196752524322	6.34372925250353	6.56190554588377
4.79657268336429	4.84035236044426	4.98931438394822	4.82280192466044	4.70139052883607	4.62282474102591	4.69880736535966	4.56155584229235	4.56236276790705	4.64500235392921	4.66564160243251	5.01422281431013	4.7752204622823	4.73496068468468	4.85630653596869
7.94216770397371	7.87863965134343	7.80748657896216	7.84622907391928	7.81155632028733	7.96308225392796	8.01512788488871	8.14948732830367	8.09202115513889	8.04728885249402	8.10312243571557	8.26145835059216	7.77320605710647	8.14588034944868	8.14963596465583
9.2363337289628	9.21458868646031	9.36399594831809	9.22649865324083	9.35718627132904	9.28545585149945	9.3102192091037	9.34265541322672	9.31528153826027	9.39024649347225	9.36709605848086	9.37792315804421	9.62881652439491	9.28302765625377	9.37175549639459
9.07545789555716	9.0186968446462	9.04512435324229	8.96020286749749	8.96497813111732	8.98275248014907	9.0103708734305	8.94403263430746	8.94799569802537	8.92587387174969	8.98724320105416	9.15173439145532	8.80468424524859	8.87400493397682	9.00108756562615
9.35649373062489	9.36550992115372	9.38796939701207	9.35497859738402	9.36371648340014	9.36563533392843	9.33457177152643	9.31852625597216	9.3494812090371	9.30817981993144	9.31170022906534	8.92926115589296	9.28817821378248	9.40998107397122	9.2846949685638
5.4439227501786	5.37118555745332	5.25424104627233	4.82372097757604	4.96110754496097	5.02072768809086	4.97828096962392	4.96209803885484	4.99748414527684	4.996723427763	5.02166669127246	4.91124225041939	5.27224531881073	5.12519383262924	5.06522244673721
4.31958987082631	4.4068223852851	4.27288500811975	4.19507136571382	4.5341083747789	4.32463552948225	4.42829959111451	4.32975019483872	4.47931089392053	4.44548144756619	4.47199895419068	4.58082953449249	4.38015843318638	4.42677875467893	4.17311867327349
9.08777995936408	8.96301202711506	9.07125813021958	8.88370586119981	8.924648830474	8.96580610098628	8.89235882769421	9.01683978634718	8.86612726110526	8.84816147913676	8.91047697801061	8.80335628691009	8.85109223229644	8.98346148738836	9.02849230982917
4.40338486385759	4.24681924848725	4.52663125220631	4.22810173873301	4.53157876626423	4.32168275253405	4.17659674786479	4.26751978257093	4.26062554683626	4.35761117462678	4.24627663300759	4.25583297420782	4.41324674972793	4.45275316624523	4.50689032236865
9.48159751519382	9.43094374553362	9.56763553843589	9.35805455833598	9.45799701868058	9.37980676757183	9.29498594260152	9.33875031102537	9.32180483155618	9.33589185172036	9.38340005779856	9.60062435735003	9.54994271642505	9.28063462802073	9.32977664899537
9.61485261427429	9.6069446836226	9.60286804700326	9.50564945386755	9.62497701338686	9.60650132738641	9.60664180878996	9.59786548675773	9.58014664652155	9.63034416762342	9.61239582850107	9.78889902073403	9.65326109368367	9.55096705187565	9.64471604892235
8.59380786309868	8.57473124953273	8.46593467048477	8.45120990931642	8.44263894974798	8.42831962752902	8.284598145685	8.2943215812681	8.29208604329058	8.12640076254856	8.18107806097373	8.09189464277868	7.7516760545215	8.28221394537925	8.28740049405667
9.42351618353595	9.47241902712618	9.33174875596466	9.41601431855403	9.38656840751253	9.39917228267069	9.4189628713676	9.38328625094207	9.42361781424718	9.30647071150158	9.3655672731017	9.32529796497187	9.20400343342018	9.35293983091505	9.33859944318775
6.20837036510057	6.02133430277565	5.97920889737903	6.00982273232744	6.07863657198895	6.00698781447629	6.0225558816224	6.10249465970263	6.02668066959579	6.21561558988214	6.11307677856357	6.26668015192517	5.77036321222572	6.1681954751405	6.14440169848939
8.99398372922042	8.9817910633353	8.83953733260237	8.94454318145068	8.96391066791742	9.01237723956086	9.00379217859644	8.9217120440106	8.99394056658422	9.0079873561966	8.92790765088214	9.12209480284179	8.58726917701533	9.0362690644205	9.00524201163533
8.96306110112603	8.9415455246449	8.99325072634599	8.83446159017093	8.94866833210049	8.98976442614999	8.81524529895988	8.82464925725932	8.80339084743242	8.896595815068	8.83196299922635	8.80461700509041	8.67845049366474	8.77357404689372	8.8328709273028
5.26101408543458	5.0466646363875	5.09343488392703	4.98010709585194	5.16968059587327	4.87714192516853	4.90408374400584	4.76744466567721	4.90067682743193	4.91963670126271	4.83261493065436	5.14224585912883	4.88617654678316	5.07863525159727	4.73848392839632
8.74525040347874	8.76622866545668	8.71904101201745	8.74935854284939	8.77542558519306	8.69258583182419	8.73546644258073	8.6922636895317	8.72466445973075	8.75919544425123	8.72643896925126	8.85602168153638	8.96664688771016	8.83347798041326	8.76800276056214
8.09602701695878	8.08197573262223	8.0041872258632	8.1090480196079	7.95598185124175	7.83247001999774	7.87781293966048	7.81076844899711	7.81965626452401	7.50577020364197	7.67184533800008	7.61048647101298	7.59644305074238	7.75955613454797	7.76628225846007
13.0338611172412	13.0575399727661	13.037464333375	13.1186074543025	13.054201747559	13.0516165768682	13.1293830644223	13.0671751872053	13.1406529067225	13.0794734344218	13.071041956599	13.0727095421018	13.1873973150083	13.2309041180952	13.0683317597643
12.1441960573651	12.2036461606908	12.1456006002314	12.1260349683679	12.1695803162336	12.1323413117904	12.1081046853304	12.1157201046977	12.1129100466348	12.0536664884177	12.0271123128766	11.9398187395321	11.8038876254967	12.1082680234591	12.0539410626851
5.37908887548318	5.41967563000173	5.40723561203616	5.35989667985599	5.34462053085414	5.30850508208153	5.02335405156175	4.96029638995217	4.96723559327576	5.33330665256876	5.19424347734553	5.03847257246222	4.92853406518569	4.98704949650298	5.0764116261468
5.80660639875568	5.51869841628311	5.6908403581889	5.44491807634167	5.44386050802655	5.87363464842144	5.38637293243394	5.44662331786425	5.44874529963456	5.61222495476695	5.6308407832005	5.88479006677201	5.61167234299477	5.22584931621912	5.35066820217612
9.68938415352137	9.59659593609132	9.6595342997292	9.85408761251335	9.67658130599301	9.74530097685352	9.66994428089932	9.69130260072352	9.74751345495588	9.79022043482448	9.7874319843321	9.87144243801251	9.67596734089111	9.68195493495032	9.54504361288674
8.22427446209088	8.18041949225209	8.47504005937668	8.33089162077107	8.33620324579777	8.33257895747813	8.25778837819879	8.26207158049	8.30674346150271	8.44790559960839	8.44722918330461	8.42536479009056	8.77638618519326	8.13335862552152	8.52885560095075
9.61903607560195	9.631928854853	9.66154820936346	9.59776648362083	9.56178900222034	9.61143627876202	9.54022588296151	9.52900047170714	9.57592009248143	9.56662775050753	9.58208942016014	9.61709081210802	9.83229802651758	9.56701467713438	9.65226185285133
8.7438473195168	8.70958352859793	8.76425797512281	8.69563445660658	8.75341942914651	8.69674974508499	8.57099166688652	8.63688293141272	8.54676161962751	8.52572716487239	8.59774333171658	8.58589121623892	8.81199125789906	8.67879185899997	8.68874354531322
9.40941140834734	9.39009851312373	9.45655381275223	9.19375571160302	9.37743364503521	9.30843893629602	9.25437002387466	9.28827424411885	9.23978397683599	9.21385618637799	9.24324271584613	9.13767499138084	9.11494611629456	9.22100387602083	9.30920651137358
5.0136742441789	5.32024557928365	5.15504880925312	4.96022499769479	4.97651773105342	5.0637701397817	5.00980611696134	4.90613828467655	4.95031141133176	5.03212904978495	4.90108622987198	5.01629236038368	4.85912703248769	4.64713751391762	4.98391672017907
6.56916835035891	6.60650131322584	6.60643983513618	6.87888634590871	6.43335538907334	6.54361644694452	6.6609437735677	6.46663023909153	6.51563438926305	6.45719959934012	6.56246825465316	6.55883577513142	6.58156742315972	6.66358518379882	6.58764874446848
9.2938287206422	9.23988255771007	9.31707947865067	9.25431130664955	9.25810621443967	9.18058798814407	9.21542031838777	9.23943590702421	9.20146137902038	9.16058940855843	9.2294784055334	9.30303511631093	9.37880909020663	9.27433471039429	9.22958321634713
9.0476362535704	9.04514036038792	9.19244543593602	9.04162141161498	9.01149059372345	9.03691136422599	8.93963716358461	8.97565048759642	8.91858259110643	8.97499618216063	8.9999038682411	8.75139322612211	9.13521579354757	8.8012133618558	8.96763775736084
4.09754587715707	4.14790883713812	4.08065132723135	4.08710660820704	3.9987999184213	4.12820406568948	4.10545957231576	4.37383084877736	4.26067179684199	4.26687646943182	4.2180772222788	4.41605763333657	4.3539818868171	4.30460664253454	4.47975958837692
8.9668946991048	8.90658864521172	8.95835450484434	8.69492979165211	8.91681442026778	8.95066378426355	8.79638079355181	8.81891978844149	8.79252510304485	8.86604897565507	8.79982058828642	9.12250371627404	8.41854192636744	8.85195599350714	8.8721057947901
8.69610072299411	8.73421778213439	8.61255867881043	8.64870914016018	8.68798912695793	8.73433246747454	8.73595879462256	8.66335379342323	8.72193648115367	8.71132603296816	8.61180115836785	8.34991522269411	8.28470535429975	8.68302130024369	8.58306902557914
9.21043147267306	9.3041283959553	9.26932042809529	9.30974706239502	9.29679813148508	9.24495510498135	9.29948483861333	9.2956540429342	9.29516506386714	9.32025950115021	9.36330475159231	9.36653079914019	9.62467492533477	9.29721813391504	9.22571954505383
6.75734393230759	6.85163912897978	6.63354454068587	6.80136424560309	6.64580896113801	6.69897092383027	6.71721820831571	6.84029117098931	6.76220562246754	6.53846509127685	6.67624267760409	6.39266518739544	6.48040448179664	6.81130838348952	6.77327528196224
5.07355113513159	5.168409096415	5.11424227349361	5.13900650544684	4.88632120626716	5.06124155056376	5.18935320184583	5.16121625514882	5.24759855854041	4.99077467901311	5.04588305156976	5.32800044145961	5.0376249106413	4.9937728767708	4.99565020178702
9.71848647551246	9.73209705475125	9.68897994382348	9.74769729426556	9.68137235773511	9.70446216089359	9.78157409898009	9.74503490212163	9.72507005835167	9.64785048076232	9.666566423336	9.57442961777526	9.67002656532742	9.76145238194398	9.6816846305528
8.84945277140495	8.85504460193486	8.91147291744061	8.76192332267	8.78883656334348	8.74836991571263	8.69278413366361	8.79521110144525	8.75907928195586	8.69147703381195	8.76383351051765	8.80759874670967	8.8052262101014	8.66032514733016	8.82730186347899
4.43806887465261	4.58234203670448	4.4002764175307	4.70727656894632	4.40543459471855	4.66484991550162	4.77167676429662	4.3031547516566	4.63937246855914	4.66987222293253	4.56190792725349	4.79086429941156	4.91106962935858	4.8037494087588	4.76257246953849
9.04180224613945	9.05912915952251	9.10694426853088	9.05990565758783	9.15270608904321	9.12315795093601	9.05530022790951	9.0038936549917	9.07150176734157	9.17978473434585	9.10029697334323	9.20779865743219	9.45469965549078	9.07672334126989	9.25258108961709
9.34474329721985	9.38200470881234	9.37766115435857	9.41034897902261	9.34042148169905	9.41717959041065	9.4339879362675	9.37496152429341	9.43157124233762	9.46768873445009	9.4485885213212	9.41160565282014	9.48428850029371	9.43202978351225	9.42865780564082
8.59787319398158	8.65493637917931	8.55485963074449	8.63641132450814	8.54722414027382	8.51799851733579	8.61404377262145	8.50259810778747	8.58312712571881	8.63344164429673	8.62842927823211	8.19223357249953	8.58651359338015	8.74190373811915	8.63858901849324
9.66901494801665	9.66263700385303	9.70828096415099	9.60439249295879	9.67711221662771	9.63064609087131	9.57549229352307	9.58550522893479	9.56868484536432	9.55582957867376	9.55104988118638	9.67194978165728	9.82857295932458	9.58434653661502	9.652001119087
7.48418810720152	7.56517055027716	7.53105959932508	7.52048166842942	7.48769574891061	7.30738301900571	7.3792881298486	7.36978593473195	7.39615490802583	7.26268013984628	7.36475926573035	7.62402517619624	7.12041316607746	7.68270042421028	7.35459201204309
4.95190116453038	4.82697173493627	5.06771633865586	4.94995796543584	4.91814250106812	4.84954962255337	4.80581573811453	4.80276349771479	5.06907486178663	5.05586361968928	4.96204248929214	4.71200347329496	4.71507172250032	4.81332722441052	4.90771405147263
7.23842740218517	7.13938282365502	7.30561298870391	7.2475539561639	7.33797449104928	7.32080097533175	7.24722649692382	7.35162228477672	7.37758602956845	7.33452735895547	7.31868920487125	7.17873339784398	7.53075217979529	6.91878878359198	7.20252826793169
7.14006413661869	7.11707235730569	6.95079070811065	7.47019667927194	7.15287737070681	7.12452594445693	7.27175247539024	7.25137007573745	7.25865998775122	7.12771236560412	7.13041741136405	7.00376478146734	7.49499380027296	7.46851589161591	7.16936000241687
9.51081414563857	9.54028529975326	9.45136706717875	9.50087643824377	9.49300638900609	9.5295812397032	9.48459345908476	9.45905397674173	9.5231473124475	9.42098812176908	9.42072518103585	9.54987482234231	9.27033813776684	9.41547626898938	9.46369422812162
6.07227267815829	6.03973859462066	5.96035688232474	6.68429827649639	6.35853370674719	6.42348872947509	6.88053526429963	6.96129303322334	6.96051123322884	6.64755356309991	6.76158191336927	6.54817164747921	6.49231170371032	6.57603588114626	6.61900995553962
7.86669999197386	7.98165018689325	8.07749353813079	7.95055561955674	7.93122713217908	8.04360299921259	7.89379757816822	7.75882019951937	7.91405730361036	8.00556664230835	7.97528408397415	7.80448346633383	8.35084063743168	8.02450511960385	7.91128515485879
3.88174473239697	4.12932579292381	3.7941950191556	3.99415994074123	4.52939076978765	4.04349429196831	4.56524272549459	4.3761783730507	4.55661374692602	4.58760180579461	4.33040736418971	4.73860571817157	4.50727269018841	4.1969229518019	4.46852832673042
8.1245018684956	8.21865659371511	8.06459147622314	8.22097058783275	8.13791262544981	8.15744189569946	8.22851933314618	8.21992428703918	8.24784839268403	8.22374127347542	8.2787195558775	8.0215265115102	8.47226615582359	8.084817143559	8.18785808183678
9.48011665149171	9.48788517003184	9.53579427677576	9.53272409385313	9.44574764304218	9.47010498653112	9.50041069540545	9.43557201885717	9.47356485361848	9.42973988283896	9.47328639186303	9.37358264385807	9.49626123273271	9.45396689993935	9.52533020095762
4.57988307957565	4.53701547467569	4.63018999648514	4.54327128871611	4.61671366044178	4.68946417319924	4.60518112896067	4.43985771489163	4.47658179001205	4.53097399150518	4.73855054562433	4.93491950893093	4.76377820752841	4.68777397576801	4.58471254944299
9.0712086782735	9.05865793609113	9.03482140466633	9.1106309695423	9.06700224682817	9.0239843610589	8.95720544799946	9.0017605579308	8.95117611448176	8.97755789095757	8.92830915757985	8.98395915223382	9.06952740974529	9.00790528277446	8.8854808560682
8.96626862700481	8.97196329084239	8.94108750694197	8.83238513401094	8.96643568281818	8.86230996367284	8.91812068991313	8.85997735551706	8.90009622761935	8.90687448381476	8.92661959274909	8.48011556969949	9.10209645564419	8.8990123392569	8.80974350711432
5.17468620829681	5.35782930781549	5.28125501190087	5.3286866747551	5.40588364934843	5.45594948334415	5.18851713245913	5.45993209730836	5.38339474681205	5.20772634440077	5.44789536804806	5.05059019754973	5.05422848323391	5.20421362538556	5.23204701848471
9.06841931671398	9.02451202238896	9.05241310993856	8.98992259610861	9.00385864430548	9.03983629298619	8.91097983879986	8.98710195019995	8.9399793903954	8.90942432855792	8.88983727976435	8.80341917515704	9.0423990162105	9.00202996169977	8.97506491797562
9.11883687787596	9.17700414073146	9.18165597281154	9.28473960429917	9.18326032399837	9.24179496176766	9.17984660683842	9.13898329894545	9.18372948382516	9.25712551609651	9.25564575670918	9.19037143482015	9.54392482698429	9.12931735179955	9.14666948371101
4.90330344298932	4.8018227627957	5.11829701002811	5.02842139881331	4.89533361630568	4.95599093401	4.57197873621526	4.73064639892034	4.87250442575992	4.75786157614561	4.92986117741861	4.81506893554817	4.90466601312007	5.0470474847141	4.79891453304013
9.03722946380504	9.11897971760347	9.00898326381575	9.090868334292	9.11311258757453	9.14277442261968	9.22498926651871	9.18990983086151	9.2340028315789	9.27214604827126	9.23648431140144	9.41491098541216	8.90980102550103	9.29686540237839	9.25370418391079
6.08499771169041	5.99904013474671	5.981811320672	6.38396645993699	6.40976565098892	6.53925503421501	6.43393556613706	6.32805923804462	6.48439305985477	6.93427301195637	6.79456380535961	6.73579801763703	6.98792947837848	6.19396796344636	6.62804372136267
8.58266798086224	8.54926327316701	8.6872353269323	8.55391467218477	8.54760305234756	8.55843976952209	8.41256783636916	8.3932775686961	8.40512591816827	8.44556396815011	8.49029290676891	8.48707475601528	8.73957548633274	8.5618908113535	8.46825366226062
9.41797469099129	9.39009367840293	9.50395693386334	9.43638328688764	9.49351049826672	9.43875881933428	9.63071050604471	9.62920774350327	9.65373644090077	9.75114277925936	9.74195167811575	10.0527524708373	9.78246117747247	9.74487033045683	9.73606849817599
4.64145699597031	4.96956197892396	5.1087182165449	4.98007779673799	5.09389507922147	4.96117870956984	5.00784966479702	4.78791171242867	5.03690544418416	4.87604954611249	4.85397973760373	5.05619522535113	4.83106266711162	5.07890111269692	4.98305892820724
5.78933274477174	5.9636099926619	5.80526598186374	6.00293332169113	5.81013294924858	5.9436860703079	6.16015980414761	6.13390293713423	5.97750299019599	6.0454246449692	6.04965139075074	5.80150050309497	6.38850931491452	5.7330885695548	5.96455623227731
5.5003250881419	5.37118438921464	5.57571681010148	5.65016324452568	5.48440800146302	5.48937996441883	5.60807093006856	5.7850222458533	5.75425091713097	5.61678603703219	5.63879599333567	5.79987686839491	5.56172261369191	5.66208581419362	5.65722741836343
4.37611467402119	4.04369485735635	4.54675380934622	4.03092949904674	4.40745154346349	4.17899179079565	4.23283555205521	3.89591413064495	4.25056961588799	4.2278166843869	4.01990843064328	4.1320266952134	4.21347889598173	4.13735336065804	4.30473864368143
4.45893466727325	4.44191578026989	4.19989879368646	4.6594095884059	4.55463480065732	4.6193421049496	5.23448590662228	5.10049720342276	5.17086069933056	4.93000816401492	4.52535795399227	4.21305612314616	4.84256224398328	4.95209324947245	4.65560415678283
7.27789751114519	7.29729187758096	7.09024791045813	7.51923404507338	7.21255161754468	7.20839099046789	7.21189144144244	7.16243316021431	7.19789955967946	7.09035768310445	7.09165089215744	7.1943795937356	6.94333913893015	7.25951316764156	7.13355963554891
9.33226487581676	9.4295316121701	9.2874034046725	9.33369676068081	9.36641302603388	9.46200737707831	9.46365331794079	9.31590353615616	9.42080129325595	9.48789656778966	9.44837682189626	9.25506387037127	9.17893424302646	9.41075775355604	9.36156248760424
7.28430544707258	7.34224379414664	7.3104687416186	7.07438770898139	7.12485822726161	7.24347504067755	7.0041558103793	6.98966456783542	7.17841624672301	6.95949301389017	6.90064751738672	6.53413143348835	7.59081933246419	6.80714296112306	6.86031248501351
7.34811106424179	7.32646469794877	7.49988161073499	8.08671813708448	7.9306109144599	7.8842771047193	8.49391120938913	8.5433527549003	8.46986827856543	8.64667000385284	8.60272016015577	8.78576256373383	8.52971031527375	8.51967115354001	8.68848287869534
7.8793464568564	7.6645759890616	7.84662376461292	7.62403442978832	7.78820872143753	7.80237987349253	7.59933923890623	7.77740640303439	7.59189367258813	7.60389462370508	7.77623912669962	8.02233803507452	7.85564036536104	7.45625862595166	7.79884259703864
8.58108868653714	8.42745658415014	8.77768661679844	8.4334520756902	8.58651065386457	8.54922500669949	8.403251983091	8.61372524278105	8.42789945613728	8.4717568228927	8.45890895870855	8.5768517693043	8.71844442892006	8.27532164785969	8.4929493816773
8.60668543124298	8.40746216627357	8.56785873386979	8.45617164888753	8.56307133390462	8.43837787417775	8.363822140083	8.45324322931997	8.31587486186897	8.39224296652062	8.41601094991296	8.8050120020802	8.35885501339055	8.69292088770213	8.49664556621936
5.9823436907662	5.87513412320257	5.94886727672428	6.07709116544343	5.97690888432953	6.03009700513095	5.83893610457118	5.90658508218636	5.81428841110096	6.08336859551664	6.05020236379659	6.06660740357614	5.92590474964524	6.3616398921817	6.19450102393558
8.9916057676048	8.92258600160103	8.97446917547209	8.88484366615714	8.87733856606004	8.858179104443	8.74073577328792	8.816830087382	8.70604295412347	8.66984547012357	8.70995618552287	8.70992855755357	8.82103374215243	8.73070538869307	8.86988289971698
8.8638989122891	8.90742839680528	8.8796297217359	8.77398999396381	8.82209601739726	8.796841094238	8.82035235577093	8.79681426613899	8.78654392448359	8.77705448209746	8.78254946004214	8.30241309173779	9.01532877367489	8.74219524534572	8.64720793725897
9.61335443044419	9.55856534706454	9.64325562836886	9.54407220311507	9.5462526364522	9.56641901025304	9.54380307772372	9.5553636008578	9.56816152175973	9.54011827982546	9.59558721348901	9.5110775798544	9.71238093487163	9.67181306478745	9.5644520282636
9.58006791714819	9.56038736694216	9.61098756254338	9.51407881872173	9.53547298398384	9.53808124869519	9.5507477080255	9.56966734345857	9.54666896885986	9.51103487951679	9.51132129933447	9.53046486939008	9.33683242602787	9.77644475061585	9.56445816935111
9.61330868933127	9.58531437604865	9.52908778821524	9.61324074027302	9.60442678763782	9.59504520798311	9.51571968299076	9.53168148398549	9.57727834477779	9.44195271999638	9.45805445387179	9.36515491081509	9.4312130525108	9.57955283836046	9.55267665716208
9.35269948258268	9.35492750480925	9.40127590657806	9.41655950356679	9.34110578836195	9.32657106346715	9.32566102602372	9.34593144804535	9.35656175935242	9.29846951532577	9.32777667769759	9.30363915004346	9.48676783588805	9.29868356809439	9.34741971423101
9.09423604747881	9.03838411495436	9.09080868890579	8.90601265644036	9.04365794729057	8.99883702534677	8.86156337334459	8.97173161092918	8.88453887772638	8.92495387610008	9.00420799252943	9.0342135415674	9.23996942136581	8.70149617072503	8.9961216215956
9.02541256970652	8.99294443640332	9.05498160140724	8.95046296778942	8.9752160779946	8.88732387265091	8.83755525623077	8.8983010895255	8.75692206230806	8.78784516085831	8.86502095303129	8.86466409377231	8.94162563256582	8.77509176715942	8.81450120898454
9.26192703846973	9.24148550919622	9.23801577597142	9.07460680426546	9.205239914446	9.1654199063661	9.15568899976044	9.19956345203927	9.16836245891058	9.20298503215508	9.18536150100978	9.11609967914553	9.31211388547188	9.14844206803316	9.23119345085141
8.68668586943472	8.69135395220346	8.57812135879553	8.68082714638767	8.63238853754443	8.67320927844458	8.53348333497695	8.556549928575	8.51965297372038	8.46778261078152	8.55964670095493	8.63577437875883	8.14872511942696	8.52237195623617	8.48867953602798
5.22089676026441	5.36064576564333	5.42069330698073	5.29787111281136	5.21712080730832	5.14214744324561	5.08610893817091	5.00791808060116	5.00248295864758	5.05354774654481	5.24271783487614	5.31884687235563	4.89919963306644	5.25877851068533	5.0676622820412
8.75312023164754	8.80950209127676	8.71442338733253	8.85619003391785	8.76043096923926	8.79220986733009	8.78771804902772	8.7632210299481	8.80076852450645	8.74047227999994	8.7341406069284	8.79082853570228	8.35479106894212	8.89594041164399	8.73153218650767
5.11527811928832	4.86459849763864	4.8098153972495	4.89840660954207	4.8711661465317	4.87899775190415	4.9073392679798	4.97015541577146	4.68106831662986	4.80589624802483	4.66361185177119	4.83649953437438	4.72896355774443	4.78113511606211	4.78783234748524
5.00261271896944	4.84031810087664	4.76937327613154	4.77811602960118	4.83262369673791	4.88430063371696	4.43791806768326	4.61351077053374	4.76482222001127	4.73889018440575	4.64146047396373	4.67111284072574	4.70304247844706	5.01495709569646	4.72290916481023
8.20908186289875	8.24857365272803	8.22654634128515	8.57352241643423	8.45871205111154	8.38250038735645	8.67337915430348	8.64537014024947	8.73504782203811	8.695974907088	8.67435331828661	8.50525680702724	8.75443995348708	8.80560840058983	8.62532569578529
9.48809234927	9.52932261459045	9.52231849348507	9.69200755178071	9.67248827163596	9.66931317674782	9.78579271690065	9.78017167312087	9.75086931483153	9.74918057771167	9.80295254633858	9.84774515253667	9.7050921833165	9.72737395933814	9.77530523524872
8.76481459415474	8.77730824133455	8.76911360596721	8.66367249914991	8.70921286547288	8.72066307118784	8.6097614257222	8.72794041165813	8.6995232873979	8.60039180270738	8.61448897091462	8.77806466300176	8.35520219582108	8.74960519856479	8.7239575743507
8.08346601514903	7.98891763515235	7.99361489525495	7.79459055513052	7.97053027327899	7.92403030403806	7.83849540459718	7.82781134164565	7.85622487425844	7.87990259947456	7.81290454823022	7.72182774143656	7.66478218676898	7.86333553519808	7.91012590466347
6.15055443644705	5.86199883538367	6.014011209059	6.33698051490784	5.96142441491597	6.11720976137839	6.26199794964119	6.37630392501837	6.4380851465418	6.63489621387987	6.43847064932756	6.26182220606939	6.29914003918272	6.54934431061687	6.48996202451685
6.59552213570264	6.53437469822478	6.62710081579541	6.6229862211517	6.39004341587917	6.39733561112575	6.55716159023821	6.4810603820918	6.42561212940799	6.4751605751796	6.41619739788844	6.56328337199478	6.18037651296018	6.64223680340557	6.2596835601449
8.99640652300804	9.07987635453846	8.92474505385585	9.20086705083655	9.07046499963467	9.15081709031145	9.29006913327811	9.20901225980253	9.26362728549871	9.36056868672761	9.32239685177951	9.09707356864245	8.92040674574896	9.32323325734832	9.24791141656867
5.00519010786103	4.91288076081508	5.03206671462764	4.62261770572937	4.97621535959564	4.96174595520886	4.92534422127018	4.61878188908322	4.77655744271289	4.92187437420167	4.89796819833298	4.22337450983137	4.57529068867759	4.7134602177532	4.97979837315343
8.07239753546355	8.00168540381736	8.14317838652149	7.81393582607817	8.02600118832719	7.92330734792002	7.6867396818842	7.70238251417728	7.7427023533484	7.79661369770817	7.6635596181886	7.73944582380892	8.01078781816779	7.5105895398438	7.86134914011449
4.63829599596299	4.53521553905991	4.36004126662329	4.17806654920364	4.27962726120073	4.56964635404491	4.26534335218628	4.30295756652867	4.29205469405455	4.53735097289492	4.56893414042568	3.89157333046948	4.22013516560729	4.77401466918469	4.43100159884658
7.11438521402522	7.09927545977709	7.1738732978061	7.30084661065213	7.24305847730469	7.18546722910074	7.58757246526185	7.59309522277961	7.65612918579487	7.6980728171606	7.80937673433259	7.80782705992645	7.56650458518102	7.73744806872364	7.70347855525874
9.14024885036095	9.12751857405839	9.00176627983459	9.24093081484632	9.17633997396241	9.17659468151324	9.40117569499642	9.30660016725553	9.38785254576477	9.4131774402949	9.39975732466065	9.3731120446392	8.86808132750683	9.41344391496943	9.42412291768225
9.34273838674989	9.35437909772359	9.28692226950449	9.29672251878016	9.32135990118484	9.27941759474461	9.38439016588259	9.3144405202536	9.37200904625394	9.44137661752496	9.35781100108353	9.17683941380868	8.85444157525292	9.45161915761489	9.29125924494919
9.38360585875173	9.37516482203063	9.46212518071094	9.36965650633641	9.39741780183379	9.40190402308188	9.25072193290924	9.33781323804308	9.31356368573718	9.27201550739616	9.28872861109275	9.36158709671996	9.41957316549885	9.39259659973723	9.30836252282616
7.69229866789447	7.68265776730677	7.67657480576419	7.4791878630329	7.43384370357459	7.51547501718573	7.26458457230268	7.17523603540564	7.27436300509751	7.06477465529841	7.13342174920189	6.79619470506253	6.94972267364549	7.42643776856762	7.26890849733471
8.83959319193062	8.84441295970034	8.82349439574554	8.85509815078809	8.85986834189842	8.827946603217	8.82492594509801	8.81822271128208	8.87801299590123	8.79955636664639	8.85568473745789	9.05504030091428	8.80921701109517	8.90114286748355	8.90377223439576
8.93682156195421	8.99871769463649	8.95478331227288	8.95398121508998	8.85732357152576	8.96254838998759	8.9231685706409	8.85025293793896	8.88391914504202	8.92604503509176	8.96291185209347	8.71300771550429	9.06213509647962	8.81765042585849	8.81736679477167
4.10453046595793	4.1722648108122	3.83077107270515	4.50278589199291	3.92400948702493	4.1955190509915	5.02871699799557	4.82902658202013	4.84856730908483	4.94356944990419	5.04327067016077	4.54437597980313	5.41083132902146	5.2267528793053	5.03806534567553
9.02789063077476	9.03248589459756	9.01273940160093	9.05305747891645	9.08506172808664	9.13331192024063	9.12520042549182	9.04413724814014	9.0414323099698	9.08539208055136	9.00725664179792	9.00401455245064	8.81702491122727	9.00415040070429	9.06037608816949
8.69191082627932	8.66424768080586	8.62132318675786	8.70851773124535	8.79610726664674	8.81337718712988	8.80629205427998	8.8104988373043	8.78222112645742	8.81473155740428	8.74170587677504	8.81255049029876	8.49186464398208	8.77541380931644	8.84518343228353
4.09985713873963	4.19160670797708	4.11925667573958	4.79902124473523	4.17142327950154	4.29044285056763	4.87171877436911	4.74434526472765	4.62717940230401	4.81826397820566	4.58063434051102	4.62476561063559	4.8472586948561	4.84344528394836	4.84265831551555
8.59560333979497	8.58323236318101	8.51665849087814	8.58646970283888	8.60453922330985	8.51199101208342	8.59397695845607	8.56819553275208	8.57602796611531	8.58743800943454	8.55379892348119	8.08975736683932	8.69297376070049	8.66805000061946	8.53727184475888
4.87254849759421	5.03765177478558	5.00786400247678	4.73189652844349	4.72608389508255	4.82844490867328	4.72312469696483	4.7808158268918	4.75733001219001	4.87908459860964	4.68921646123005	4.55484113318747	4.56656909143589	4.55209003319664	4.587382515489
4.75159812154566	4.55104295549788	4.30852204339429	4.21264946012043	4.69385076025589	4.03411708261215	4.33653557107495	4.4480781165919	4.35589938844446	4.38204783590364	4.55880135956111	4.72289793449766	4.27534251853448	4.5873128427292	4.37844498627142
5.26129711608972	5.35952826425279	5.53455666851944	5.08450824209021	5.34676555855779	5.28593931485402	5.04359963092712	5.2236990081743	5.24176143569945	5.22274871506101	5.29911347561315	4.90325365522678	5.23145422052833	5.12360271565903	5.13565806494112
4.87185450245228	5.00270240071769	5.12995905933105	4.97021500621945	4.83512072488254	5.06406943711666	5.07251913703567	4.97091045115693	5.05322847900184	4.91945390912091	4.94071407046152	5.03880211809977	4.81297852401166	5.09987621735721	5.07994974286567
8.74162590236766	8.81070572437026	8.66015735035517	8.79297625650669	8.78339370764079	8.77251124472247	8.82630409271249	8.78284882037865	8.76586039823203	8.76639694884661	8.79886061937603	8.76442083854777	8.44701170385823	8.81451280486355	8.75412951736584
8.69593966207022	8.7893689325852	8.66192041379695	8.81652170461052	8.81156332542146	8.7575585491169	8.85951773573093	8.94963270113556	8.86667755016547	8.83627927595614	8.82005670438937	8.93980825876816	8.63151946444274	8.91994281968114	8.81703647147919
5.90522373204464	5.84383316531745	5.74431964754314	5.90584208312273	5.60427925137081	5.60132390002866	6.04130237661204	5.79144948590295	5.96803105357293	5.84702675258403	5.91912040337982	5.44857586642694	6.23516678820434	6.08861495372615	5.82285851104336
8.59282089630402	8.4928034509281	8.74469254673721	8.45078840664399	8.69273403364858	8.60099569667985	8.38687118576211	8.4462837200396	8.45003342089734	8.42584479582602	8.47295557199278	8.55330050073581	8.48216074781941	8.19382126223087	8.52814716484257
9.77776273973907	9.71025936287408	9.7646266140754	9.58487258031898	9.63811623193643	9.69862049942673	9.6228245117353	9.69288020386711	9.64876387938916	9.6352205952606	9.63705420232384	9.78875059925947	9.76541324196388	9.61546127161549	9.66412780033038
5.21926305973878	5.10725364061146	5.38046675424247	5.15655808283672	5.16047463436925	5.18483840990266	5.03004402579194	5.13706231526774	4.96523144658469	5.27205398418457	5.08719086935189	5.3135779437985	5.05592276574137	4.8234659664388	5.0319004642724
4.90792881325274	5.09950902665659	4.96475627668694	5.12120014230738	5.1966800914278	4.88814980937855	4.93844682480345	4.93220081001846	4.56941899570213	4.98000363341591	4.8673702918083	5.08002096918055	5.19156323651212	4.89444966764948	4.97456462763964
4.38456660635505	4.5961662446056	4.71684527785901	5.09387828915261	4.67240598223329	4.46787744588309	4.98203058249621	5.01192311737019	4.83977512855232	5.29812550847404	5.11462921328016	4.91511731731499	5.2610702263629	5.01887546721451	5.07770507928798
4.76025233922456	4.65464233292333	4.62504442677127	4.67056033329309	4.56026315564522	4.45945957660198	4.72220725552193	4.46841922575197	4.40821193867116	4.64137009310673	4.58029320516448	4.44526055905787	4.59734383680714	4.58533963146055	4.47324217409465
8.87199976942317	8.89107861991447	9.03863962734534	8.91778033272035	8.91336495623769	8.79481897627265	8.79114941787475	8.79560788499236	8.80026921423567	8.83784168385212	8.82174361684081	9.05477029156049	9.23773465068702	8.64238590011586	8.88960717582836
9.73150653720305	9.69742793826177	9.72318660845294	9.66288596272227	9.65497478237084	9.7015253073556	9.70382176860672	9.68296048069167	9.69606922565618	9.67500739068679	9.69093965906913	9.644132535288	9.81828114326279	9.6306707285662	9.69771461900802
4.95422743232356	5.24221005313621	5.09226761647169	4.98949211680292	5.17575873787127	5.22704650898503	5.26478761881908	5.37214150903687	5.44358665828335	5.27178881246245	5.20984930538475	5.28938402503833	5.30976785742506	5.41576910562827	5.29055932331988
3.71102190435956	3.81403103225056	3.63282624467006	4.17864415120655	4.10857510158987	4.05286104386863	4.82879801396224	4.74891302024089	4.75452902963721	4.66017050756145	4.78134063668902	4.58498859635112	5.03496743810908	4.69756641812376	4.93584041188638
8.82411022288256	8.79832975769696	8.91143247614145	8.79762558994766	8.7845344503383	8.80905250123132	8.75374406514119	8.80459684369252	8.82131232400221	8.81460801190148	8.84239988536915	8.8541498544485	9.06058981944316	8.77503896521115	8.86493883707752
7.52364110196371	7.49741542790708	7.45432312357607	7.63413866194314	7.51048766067181	7.58288162909635	7.53761206705006	7.50438580666114	7.46367075422421	7.41636125424773	7.4588683392721	7.39934903110737	7.45175223512117	7.45252266455473	7.40946820804189
9.34528796740515	9.32614980625221	9.29286585424621	9.41877912313385	9.39722464507125	9.4332155868767	9.46460890934326	9.43392875941549	9.39259354072597	9.42906243850259	9.38931543486625	9.33922220560503	9.1611558606652	9.44180272915448	9.42463126759278
5.25178054627779	5.30192007299017	5.17753785486164	5.50030974217824	5.29251040631192	5.30798376611232	5.88125982766084	5.66278575958924	5.78592006372537	5.97248342569576	5.91182429414736	5.56293224770831	5.68449148988412	5.85971631019125	5.90856259802416
5.16837867559562	5.159545294306	5.37780288666336	5.2882406438729	5.38177791862953	5.48625634373724	5.32500432452091	5.41378966428738	5.4318483753713	5.60305921751351	5.64342905836198	5.48854791376651	5.5294581656347	5.52862637222244	5.45518833977901
4.70018984404053	4.66806321690748	4.43839127663119	4.32601322650911	4.67151319144766	4.33181633428267	4.61583366758757	4.54729188636403	4.48044843110619	4.36278307265904	4.41322167423659	4.30237799667862	4.6572371350131	4.19442297559792	4.47140298096184
5.73524936493121	5.66432321677866	5.76057132394625	5.85890016363862	5.92534940457285	5.81793211697571	5.81060703177942	5.78428207808135	5.86579160116275	6.03553102307351	5.81640553384438	5.95131215277047	5.65668606467937	5.71660373399471	6.09715811630138
8.79420063403229	8.77063441800675	8.79664952460443	8.72170723562338	8.73381315044705	8.74640308517182	8.69956326453123	8.64466939639366	8.66887469656311	8.54048580372239	8.61677581643872	8.55220301215294	8.66757828497523	8.61673414200474	8.68722741861935
8.65604370027913	8.65336432824426	8.54520129149103	8.71633392114968	8.52198856552756	8.52980065217173	8.45528614455069	8.50743770224087	8.52769596341916	8.3521200007834	8.38807907113662	8.20884246954079	8.12247427891899	8.55175071092303	8.28805975383354
8.80069040533706	8.75368800049629	8.76141595457961	8.61298307342639	8.69009876446755	8.67612797347014	8.48097487972032	8.57901346792813	8.59107813406419	8.49548634789553	8.57527543821072	8.76320002237631	8.50601396750938	8.62064376223678	8.64367992869625
9.72666857122877	9.73258062185797	9.6906717546317	9.79050766848639	9.80286406217046	9.81433068755045	9.9157461653219	9.8960184269632	9.9169347119221	9.91421142259199	9.87568498879605	10.1107793119972	9.72502787581019	9.79328702534416	9.84415713006702
4.29238715675014	4.35356288297921	4.01543527797774	4.1931789384792	4.33458730941245	4.26648428082152	4.28414474426971	4.53889450199937	4.43971229555456	4.27559982562261	4.2387231135665	4.01399497780355	4.21726144225902	3.9937718570163	4.31978351192578
4.84483390653794	4.96306917529967	4.94463416364815	5.14713896288896	5.04392866532427	4.99222931465192	5.21721239832656	5.37469111055141	5.50845917488114	5.53165515167681	5.47969481076659	5.11457008808501	5.70088143850907	5.67626611910187	5.55829057252831
4.47781851971812	4.47341891528316	4.64932422794401	4.50110384903723	4.54028980995938	4.3628678739463	4.60685661126242	4.46740280624449	4.56003412655859	4.3536137574769	4.61649535346823	4.23025562105567	4.3864243240628	4.45075795639169	4.50921084529288
5.05697375035598	5.22331038885543	5.10136118800271	5.35205532410489	5.09124249250099	5.14623303651496	5.27514490663224	5.18187799484849	5.44342866962454	5.3831738505471	5.3537029053338	5.34472719979933	5.35924128296674	4.92775986825606	5.33388959153315
3.86534894863537	3.99761116848219	4.20905871873774	4.13873909312908	3.90858397254081	4.23734623043685	4.25981445215791	4.12315178991895	4.06504632123497	4.06074623858526	4.0852820647639	3.86882076066249	3.95660822894033	4.20062513211659	4.37278329435663
4.77415435812669	4.65470522827422	4.75088912845219	4.52950610581488	4.75196625702661	4.67446776947774	4.57406485548317	4.7126070295556	4.41771062651989	4.45698548664616	4.52842580636241	4.62688736899838	4.34387612296874	4.26133483366304	4.77223102394888
9.10937668370789	9.08881393751992	8.95691606101648	9.06451005359806	9.06128225837921	9.0575926789015	9.22970235646708	9.20783957941339	9.27574324666086	9.21033652138771	9.19093963797405	9.21769519486169	8.76211320138837	9.31226871609342	9.28190793967863
9.14313693987513	9.1539876308703	9.15515429283439	9.10490112610735	9.19970993507983	9.20247192435336	9.21786886245762	9.16438309436268	9.19297716840422	9.27026057418829	9.2114564269539	9.26022029335723	9.28627891434251	9.24084066056236	9.14715844610261
4.63277476078932	4.5818572249233	4.45685852296377	4.38730205285045	4.67453729198017	4.44113112777764	4.73728894259645	4.60726935306166	4.6583026406663	4.77196008793304	4.46768252782296	4.47239860571741	4.24376462942506	4.1531045440149	4.59459495657374
7.24732576911792	7.47051353468059	7.18304321892944	7.41157337892806	7.03584693082933	7.0959812664588	7.12320362731096	6.9914383405712	7.17293093987745	6.86568111055014	7.11147009941989	6.53421682699285	7.11773046474946	6.96458855178273	6.88362714464811
8.05792339016756	8.06076471936872	8.04902175420506	8.07516257998327	7.94932053490587	8.01992485282683	7.9301166885817	7.85655476116902	7.9911688718329	7.98544924150769	8.0381174458961	7.80408153806039	8.33187534367737	7.86812100826214	8.00640027523056
7.37950789005622	7.50158874163296	7.41080608945624	7.38812121734184	7.37428250197116	7.28692812348693	6.99074862532136	7.0322538638068	7.08142213761441	7.02026833883004	6.93538132156709	7.20250110177572	7.53443399501741	6.72947267418206	7.10329845563031
9.56918515577284	9.57828589583913	9.47238946166929	9.57327972130501	9.59776162942484	9.58035574889001	9.72412741173599	9.69515991606636	9.65002614983521	9.68705983583767	9.5737099193822	9.87953380746303	9.48366898640628	9.5402201737037	9.63874647702696
9.62353558178411	9.72833558992547	9.51717682015875	9.63936874377941	9.62980507270524	9.66840618710737	9.76980846468541	9.74939266545336	9.75590108924749	9.81357158873044	9.74664758847831	9.52948155694639	9.5394140828015	9.69690879462734	9.77606615717777
8.64484198535958	8.66586751830464	8.46486642140997	8.61519632291271	8.51348927355963	8.58926493598525	8.54804596129375	8.62578475442185	8.60366306637591	8.43970741648884	8.48176190318351	8.42558295653335	8.18294223225012	8.5234592056506	8.47072775618042
5.21520032953647	4.92234270515582	5.11637873395038	4.84563750493307	4.96855843193017	5.0857907149563	5.15776983143418	5.11122183586571	4.94637921007241	5.07661087821062	4.97231071527325	4.69886180276443	5.10630311839316	5.0887435205984	5.10594244948168
8.79064706754357	8.85255972675998	8.7482680195647	8.93536866065459	8.83429441977636	8.81556123368657	8.86549278303949	8.86791510885561	8.8894869882067	8.87820456737107	8.96795008578891	8.73394455704188	8.92598141985997	8.74741678092621	8.90261316190633
5.9547449217111	5.95724274849801	5.91189500225337	6.34728730929939	6.16783983634406	6.01825799691159	6.61820131392618	6.67322958175162	6.62291034827147	6.85201230500561	6.86147368039085	6.60087256881179	6.90957479375544	6.5344825484074	6.67161743639049
4.14687830165174	4.40516201083392	4.43279560969979	5.28215308756291	4.49234193082862	4.57862194432989	5.30040637475705	5.31415271817257	5.39712705485425	5.3792829344603	5.41342112113481	5.36172696846631	5.98822585451102	5.25030716874071	5.43908999035125
6.61286673636221	6.59698589841678	6.86799791933993	6.60824646425057	6.78446337645976	6.72322554308092	6.79621249949246	6.71408870816081	6.78358275696911	6.90579245747837	6.94038583116584	6.58149662395062	7.13964656646776	6.79631390414548	6.88845345713551
8.56729831732092	8.71373952834983	8.48906702612035	8.79148602965006	8.53076608779001	8.59068705398762	8.44561633547196	8.43819021440331	8.49304309017129	8.25749803588788	8.3425576452671	8.2785770701321	8.24812209532842	8.55353678599322	8.30914258192119
9.0738360165529	9.12913703120927	9.23196627050325	8.95830561719178	9.1002814857424	9.04722546349497	8.9774452281426	9.05236842240041	8.93400101604499	9.01574859683812	8.97484503120556	9.03003485298605	9.02839845124161	9.01295199382193	8.9991842417
9.53997888549545	9.50438515772459	9.67185044218796	9.47295672140107	9.44966190379201	9.52416475762221	9.39529876087659	9.4052374550762	9.47915525943166	9.48805128346418	9.45968492755039	9.49101946192789	9.66552677448422	9.46446313824394	9.5121406475134
5.3389080659053	5.33945550398254	5.21993898865096	5.41865861972733	5.35214101883087	5.31679097715134	5.30189482588519	5.25373281979688	5.32736474418192	5.53173053616459	5.31826613624722	5.35441261767941	5.24422935354112	5.23801252808563	5.19434985760777
8.95040438470882	8.89316696120664	8.99140263256722	8.78513244788343	8.88694970246553	8.87946228408084	8.84549880227004	8.88876309159654	8.779187189201	8.6505094489521	8.75276740838829	8.99848623814036	8.56538287870747	8.82333499861543	8.84401205085775
8.76266567601914	8.7245317193683	8.84059344904386	8.93272885757711	9.04542934512787	8.99696282745416	9.11116628454139	9.05465525460451	9.13247832146766	9.18076431624842	9.16064345706165	9.37526768796281	9.36372636570745	9.00099432658997	9.12786141384839
5.8849522299934	5.89720094608776	5.96648425322307	6.00414432828194	6.14894181039663	6.10004262392407	6.29035043213098	6.21756415654444	6.46209517488134	6.29097049657368	6.19227550121544	5.98700411652693	5.96290779281429	6.18814225580341	6.08244079968186
9.19974775631114	9.2389104305033	9.16569606633661	9.2312334500066	9.24409740330264	9.237565113436	9.2932071794619	9.22004535141193	9.26004136621537	9.29051285991606	9.25906715876471	8.93442098036573	9.31231495629438	9.38076772521073	9.19963054998463
6.92884608382591	7.02471992033498	6.7214494862598	7.06714976822604	6.83308175205596	6.82623886286878	6.92325993499824	6.81505172059323	6.96554945342905	6.88620619067643	6.90035962754312	6.13068793696981	6.82450950091136	6.97352964195037	6.73230543322591
8.81566792941643	8.84113502699978	8.89748609657774	8.92585874717296	8.78879362854376	8.84148389688023	8.81960337575144	8.7606354984449	8.77519314653906	8.81321320107791	8.78734023901406	8.71922413260924	8.9102881652455	8.79243326955173	8.79875267980999
7.77708298234833	7.8350536013321	7.79728936206629	7.84277313709486	7.90423363142298	7.95433778944107	8.14665163364564	8.02761971907612	8.16714499568132	8.4380067716357	8.43864420236675	8.26808887268001	8.48461017133848	8.52028014110315	8.31266551804823
4.48659083658388	4.38118769547692	4.26423566536971	4.92850226006975	5.12653686982993	4.93405359238196	5.58459441680264	5.7216968129409	5.70050117162496	5.77603815497737	6.00600375860795	5.71010529687442	5.96696451592118	5.87156150688631	5.90081007816034
2.64501499785123	2.72552474867614	2.61864340373765	4.00681861514183	3.31151796940158	3.15601367400088	4.17341902604983	4.18857690578275	4.36116431996884	4.30806165257489	4.40428440355839	3.76079214128955	5.56537826442024	4.92260930916976	4.5731308652604
9.53606978154675	9.54579032498811	9.52710374109841	9.70732762931155	9.52998364397521	9.54409381790621	9.55375819570428	9.51574276021955	9.60497312061454	9.44644802604273	9.48474442474616	9.45457150754691	9.64795836718961	9.58195852983079	9.49975017188588
8.56505345639105	8.52900154461239	8.66027491827468	8.52820643829836	8.48444191238718	8.48550816088783	8.39307523033025	8.48426363772445	8.45635978747508	8.48717775990188	8.49431392762559	8.16101636889829	8.38654049285154	8.35592510582387	8.47483640857207
7.71339480852858	7.70698970377341	7.80702558853582	7.8310438091563	7.69389658245551	7.71480341697929	7.65751249396548	7.48001211864007	7.52567058301588	7.5504070113353	7.52298006346688	7.29707671741106	7.92796899140843	7.76415883238338	7.57935719794741
7.60983026210416	7.58219291529402	7.55171283305124	7.51095752355246	7.6091235993423	7.50824283231115	7.59354734669828	7.4828239798578	7.60269041121703	7.56614742804092	7.41049364752006	7.10214126206093	7.63058063511522	7.79609446125609	7.59502164968877
8.31721132373094	8.39629776271737	8.23231946023248	8.48418354685464	8.3540350972218	8.29238234206028	8.35069302744044	8.28580174916284	8.32386963240836	8.38651370886909	8.34745520394795	8.27673110198694	8.63899913785509	8.14646741822806	8.40237037835518
9.78876199005482	9.844209131481	9.73893513267671	9.74427841884767	9.74690156344382	9.74673957668678	9.90210580534271	9.84101665564839	9.88593162602552	9.96511500494999	9.8906773295389	9.97314443039005	9.66027326856498	9.85439132887525	9.84850956977987
9.0539454833891	9.01913066523397	9.10791719065025	8.88235978291637	8.81788951273379	8.71685679004309	8.66575307685841	8.72372061629957	8.69479485729889	8.71308315162915	8.67493904018902	8.99802080584826	8.90349109191266	8.67950294340176	8.84387954660754
7.04477240248145	7.11993899383489	6.9782021916398	7.1455268278556	6.81699934402433	6.83038456984363	6.47103272681647	6.58720911200631	6.52762432095556	6.25419167681262	6.52194844369481	6.13158645552307	6.72111205153397	6.17216657260513	6.29807544157465
9.48228117769513	9.48053652914327	9.55255882806435	9.41081883886002	9.42981823688831	9.4495611587291	9.36456283290421	9.43275371061392	9.37639042481058	9.44417062889263	9.45865391244512	9.45425263402705	9.65511649676385	9.37922390201202	9.40397185366834
8.84691391667526	8.89642954677379	8.91493869628207	9.09857376062802	9.01793796858142	8.95712612383516	8.9575774319426	8.90961248667079	9.01529771207852	9.02843351911029	8.99510365736933	8.84837038369838	9.01913638241619	9.05872635898904	8.92978119625316
8.3318853416064	8.19604823473286	8.56969238522925	8.15591407497858	8.29792773276936	8.26103401043643	8.08962121557363	8.25002468499187	8.03776148612202	8.13142542267295	8.10163893572051	8.27460756687619	8.45629450420405	7.86442085514093	8.25849624044774
5.10682042172839	5.03336132149972	5.15142700789774	5.2900892473896	5.20536874082386	5.2372496133354	4.87807428817507	5.01273437881805	5.0207416484403	5.15661342305911	5.00239232493264	5.09660316810684	5.39504148096919	5.05509738244854	5.19681070967779
5.1386861002549	5.55246720749502	5.28278546993779	5.37270716327242	5.29438299333452	5.30105948358932	5.49689085679552	5.39153419406338	5.52281863096333	5.54486635349424	5.80192738237534	5.46273500296141	5.69162659804378	5.58976689279113	5.70353222637958
9.60041785159035	9.53913670153549	9.61889144539009	9.56432991401572	9.63997712032433	9.65438200501784	9.81653687397377	9.89078202085662	9.77455883084903	9.83797839023481	9.81083643668902	9.96031739457328	9.79426824351035	9.78986091132707	9.91969812998643
9.53343279259509	9.52702367214436	9.60960183927014	9.52008348312538	9.59452953319469	9.60288058951174	9.63150562646947	9.5909580677071	9.63544750286814	9.63089015638338	9.64539851087162	9.60310953601923	9.85799283578491	9.65832200550976	9.56292193547586
5.2285726187813	5.35333423776701	5.04491744194754	5.12822043769413	5.42897180099319	5.28955566931543	5.71317421340026	5.83143506142275	5.33384261932201	5.63344828956847	5.7437441633566	5.31273751678415	5.49372265904776	5.3303105474868	5.45526868718489
9.22471665715477	9.08521164581193	9.24815346465475	9.30572418679555	9.38134900970469	9.37897340723307	9.52375754325465	9.58670774323509	9.40161297544114	9.53822488005967	9.52634480770987	9.60937121616355	9.51278870163326	9.36842033070801	9.63028035833461
5.82043924965039	5.45715564216807	5.6833665678471	6.08162816756077	5.99565337647923	6.17093475758804	6.51411744184411	6.53136857193449	6.45033243724011	6.59686976392147	6.60909016114246	6.33866651720091	6.30336660641855	5.8877350414803	6.4467431373079
5.41547912722167	5.23100158588487	5.19915870162486	5.01555833112071	5.29853708926035	5.49386044028969	5.49187839414374	5.53266561061709	5.09749147715437	6.0555744181148	5.96720934276334	6.09769479249984	5.88883606403148	5.76309748422863	5.79190624411131
9.08171162611076	9.09213654999133	9.18146462602724	8.99087630101433	9.10144164950983	9.10569920108515	8.97823083324594	9.03187377715846	8.99341818569959	8.95393190516457	8.96385316074701	9.13553959243865	8.91459297241878	8.95331195677779	9.09172938019419
5.64941337706431	5.50605775264032	5.83269581746209	5.71329418069733	5.83845335461435	5.59240703661037	5.83737732749151	5.99437699465815	5.75605025268401	5.99142501345743	6.11317755761832	5.89638702389003	5.82530368510624	5.65686832706999	5.93005733351269
6.90696898105386	6.79177156222136	6.98055978771273	7.07536659705922	7.16265343872465	7.30229124952896	7.54741026032242	7.66522959534751	7.49333685585231	7.93673252255741	7.79696501816225	8.10704612686661	7.83519854679317	7.30178975807855	7.72375640361475
6.54113805946927	6.3614911262016	6.61877037733299	6.51638693164851	6.62574432113092	6.58687201725195	6.83079295130783	6.80048607117982	6.85795631879555	7.2719162232021	7.01545893289641	7.18840027354317	6.74400634017712	6.66372198776601	6.96401742874904
8.11424423617874	8.05094877713394	8.30352421285489	8.42545936297138	8.40043915460445	8.45102304708945	9.11901527898958	9.21868980216789	9.15787414633614	9.40060512790672	9.29827415476638	9.49801437772378	9.22164132548944	8.87512132814873	9.15606753005897
6.03815642210408	5.73951434393157	6.10938200505036	5.97784550874586	6.17625116150441	6.28824418360241	6.43110338121818	6.54385746493326	6.28152640393562	6.22227829224467	6.46233007461456	6.44497246594678	6.1658045714655	5.85364136546735	6.16136391306075
8.44681958270122	8.35569828857178	8.57858122788075	8.6601784807509	8.83098935390664	8.84878298313501	9.17720667464785	9.29518404243122	8.87661610872984	9.18195687352676	9.2088105170468	9.23051133602919	9.01343455003536	8.76470108199529	9.02653317992797
7.89777769030851	7.56542119335963	7.84715317151117	7.37501096484401	7.57503521440189	7.53444010507743	8.01754545982156	8.12094647938463	7.64004098090566	8.03447284439729	7.98097406356163	8.35039794840289	7.50988571246691	7.6868882655521	7.88442229772652
5.96332103445713	5.88009794293834	6.21287017162751	6.14443773198919	6.27297027958961	6.11455723296369	6.70869382138178	6.8838931217689	6.51665961439543	7.11411218347682	7.09856460915789	7.06278588865849	6.88862920912092	6.50235536754753	7.10677655796682
8.58866395677007	8.48011139764156	8.58380628370561	8.54345803980447	8.60361158224615	8.60746313446838	9.02608895088231	9.16079103788313	8.86207866905482	8.95480334132967	9.04587582439632	9.02784279620871	8.73719781651994	8.95048127281045	9.08727613243448
4.2995187183195	4.55229249469807	3.89080998835789	4.417858326207	3.98599923706665	4.2464035524946	5.00274583325427	4.67752277949148	4.82530297661114	4.85582842396598	5.12653391903	4.9362553525887	4.88392401895127	5.08833422272398	4.78354878946932
6.83554691481867	6.67237976458241	6.77153974141481	6.60131437413061	6.96366780480505	6.80833874952531	6.68369531537484	6.90577242969523	6.60084029757003	7.08549676140977	6.93754177733482	7.10532535895011	6.51253725721443	6.51878818181647	6.84280886927054
4.57957780261647	4.46593257891452	4.28926279690472	4.96942658364589	4.81710417610178	4.972112741816	5.72610301121916	5.72374893649527	5.68637252431415	5.60244660263989	5.87659190858038	5.53621271080847	5.87383641027274	5.50221173558274	5.635634025175
6.0391518907385	6.06504005696375	6.05537278381831	6.60354352703581	6.33654641208372	6.44438999591515	7.08696919218795	7.22940770493058	7.02390412047172	7.22893188649057	7.3473331090462	7.17675005228866	7.36456427316362	6.87536190137421	7.09597336946877
6.1117273534787	5.79539239334719	5.95623167730565	6.3732343201436	6.47419878633232	6.43136655320111	7.0924181703324	7.12545948300742	7.02811544173518	7.26374222114741	7.10720145709394	6.97516360516095	6.96115005650826	6.58363420410079	7.16244898952882
5.12522515726239	5.23670052342084	5.1191758469039	4.95020007524832	5.18362737633853	5.14387864078428	5.08867649338464	4.99594667764866	4.84006019161977	5.05973396942935	5.09418748459098	5.11017888152122	4.87592895826608	4.89346286949942	5.13133673419619
5.26242097488694	5.19413626028074	5.35531618828133	5.14727179748414	5.42747191683718	5.2963468773303	5.33518343384269	5.32233633508209	5.1000443141216	5.33782308056647	5.35355269195428	5.32838135644428	5.20306623035057	4.94544779239323	5.18466886158384
5.08740017427759	5.21528821336928	5.03171079241238	5.03799417788888	5.16315039259258	5.00664437851912	5.15648317333383	5.34184321779784	5.16308026396187	5.27673668922221	5.25845430417313	5.44161864146378	5.13613692881121	4.99857078820216	5.31790043367642
5.0321986592483	4.9471860445312	4.86834786384081	4.68493888708658	5.09100716517745	4.86131753137307	4.72746597571857	4.86361112972084	4.91473354081765	4.77802968068152	4.88241745058829	5.19447511308247	4.84362113736731	4.8196978027944	5.03503468650893
5.62728270822399	5.41116438212955	5.5817083265147	5.65017909129798	5.6152960768199	5.73719393007664	6.11437382129832	6.16936498146395	6.02556958125811	6.30869038382351	6.44753588296705	6.25260673209672	6.10830651054285	5.9185416594423	6.12222401391995
9.04279918753587	9.00331175944272	9.07345007106899	8.90337038041685	8.9234525766204	8.92773638220888	8.90436382623839	8.96997872116451	8.79936302546415	8.82365561701674	8.88679160315326	8.85732312094905	8.68484218753206	8.79184142638068	8.9314960570853
9.01326473964043	8.84901981488033	8.96817411566809	8.87437528319554	8.87665662177605	8.80683334087073	8.8484656433081	8.90782746416076	8.8186277859511	8.72617155958375	8.74005512281038	8.90413465137376	8.66235197433687	8.7423927171242	8.80562920783875
5.19047960657631	5.08979312518046	4.93001780595863	5.04756640853155	4.94097966629123	4.96927741479867	4.74126516169932	4.92130406457399	4.69089763728862	4.87644149359973	4.98706966667805	4.91732227743164	4.83517717035402	4.81302484106786	4.82021415245665
4.86850760702494	4.32112657120638	4.52466938635825	4.81254296927498	4.95149463194506	4.83993238873928	5.05702381616155	5.20637280525685	4.82222785143997	5.00410215086999	5.04294173799251	4.98649215334762	5.15196238477027	4.79340724854067	5.3745677031706
9.16939312052905	9.08974961776539	9.30812948238135	9.11379472190153	9.17764428913435	9.15012395911793	9.05605249358906	9.17033890706722	9.06283440003123	9.10194620389743	9.12135434153802	9.28844375910456	9.30791392194773	8.96650126997072	9.17721613304567
5.09382578158385	4.76549406160152	4.66910660810792	5.13748656409499	5.37960530490678	5.2090542589108	5.75240794215876	5.92624451972	5.35890081796298	5.65926456409341	5.92922715957242	5.08481693020887	5.74022522691544	5.21792529783696	5.75477634350033
5.03089986517499	4.94348674681431	5.00498744559119	5.31874118762546	5.28761885996827	5.08609419622747	5.86188919094795	6.03758663598973	5.61001601685637	5.7039814547467	5.83014079042801	5.54966460463617	6.10297895171507	5.52770115036459	5.74812638739874
6.63761840988638	6.48004562586456	6.63668517818227	7.1321170954752	7.05190313444338	7.19433481149532	7.57098836729658	7.71095668985943	7.62225779043067	7.77432713968857	7.77925840703696	7.67534874990267	7.60013873782788	7.51840569730169	7.83317298111075
6.13918826307191	5.82532278663	5.87927487186937	6.02557058725268	6.1114918286327	5.93387457894534	6.39082022164847	6.46568629607917	6.18701655273675	6.72375178345145	6.74897551899132	6.65489455889042	6.83033443881301	6.67567386972488	7.07098594531658
5.22278286150835	5.48210772415032	5.19180347614545	4.65991122913676	5.01502727711083	4.99022822613702	4.80561865513781	4.97641485629941	4.54061913937947	4.51965322164752	4.56659125302649	4.3987930949485	4.45498467363333	4.2395271944856	4.63450806582059
10.0272691840037	9.9461916127263	10.0052374240371	10.0474522569835	10.1031346729597	10.0872834941817	10.2419795910584	10.3489907746797	10.1210348042848	10.2215484123448	10.2774131145424	10.4253148879022	10.1571788794299	10.0707706351936	10.2247505560304
4.44034552902779	4.92278565456914	4.93777721175038	4.98013663282484	5.03802464435374	5.00508357272262	5.23564273942598	5.1985216314377	5.14921858168237	4.94385880812833	4.9406289127869	4.99491086904636	5.03290508602025	4.91853810845104	5.19359165345688
9.71581465420516	9.62213362294224	9.71877874700205	9.80948955571427	9.78637367728044	9.79267487690237	9.82088664583878	9.92240543818573	9.82252375460203	9.8235189593881	9.83211812115511	9.81096913051967	9.97666809367905	9.806331795102	9.89184366349461
6.84971146370196	6.68510112956695	6.82842378633689	6.62583234324208	6.95171275110245	6.69881547628735	6.58328322551547	6.80663411037784	6.48598963158697	6.60424190842106	6.77499912860032	6.92215771517826	6.55119843598638	6.39268024379135	6.46091563506436
7.4495754931798	7.15529024793892	7.47990965204036	7.48283596493918	7.56931651482073	7.58428849725187	7.84797487788581	7.9989841524424	7.77877166072828	7.81649409439387	7.71866546346243	7.95342692489908	7.39084835275215	7.2042496264705	7.72220027472692
6.11030067648183	6.05322317027193	6.2040669274982	5.97602217380065	6.18024979646705	6.22084735521892	6.12783608726384	6.12998772502529	5.91199543001198	6.10751952280028	6.01429405518968	6.31659767439841	5.85029197027285	5.84438971120345	5.99628928348115
6.18590705590684	5.87603691865723	6.22686187162928	6.27343038054756	6.35910581861578	6.30273263377751	6.34453232232793	6.3892960758462	6.4079054497723	6.49884499958358	6.404140684888	6.81602148149261	6.21296430810809	6.28912241307863	6.31450083040744
6.13770431868426	5.94793717629381	6.03527237732542	6.4009584845051	6.26673261046789	6.36124837556404	6.53533476045171	6.65347395247611	6.61458917177344	6.86891540173537	6.80069075651709	7.02822244180438	6.61700866738727	6.44820719145152	6.74142362831476
5.62730850377591	5.35856871909462	5.52761715562062	5.64596252508426	5.53306500978716	5.53046019958498	6.10497611888603	6.11273820005159	5.809577324239	6.35270785779697	6.21370325117849	6.18509759646401	5.95616926158418	5.71305123522916	6.05465275265811
6.45407422372623	6.37220934345835	6.60811744680767	6.55738842991089	6.62203116336	6.62180555070441	6.8095894484154	6.93922884780388	6.62485589574039	7.17944304117872	7.05601045575138	7.34310587551637	6.82422286814837	6.41638413567196	6.80882506071657
6.22035798926057	6.35427247960266	6.45247322637793	6.13406891184598	6.43506705100113	6.33563975903877	6.19959860790379	6.3219667411961	6.30560778269278	6.60255998701642	6.51903355448762	6.69047810638845	6.52301967985222	6.29171529038865	6.51051604336463
9.55732148384231	9.54507851091283	9.63128134900439	9.544103590952	9.48055585429058	9.50157263945596	9.52784642445294	9.62986978789479	9.45673579708432	9.47444984591963	9.54096902857965	9.48405564596562	9.56053520651611	9.44252967624313	9.52820134811532
5.56482540963346	5.61728132725236	5.78760281344886	5.5988684609724	5.7149350966364	5.75526874653873	5.5975531647272	5.66240998707454	5.5694878154661	5.74521545505154	5.70922180336722	5.72398609996602	5.66051237775348	5.65800481531885	5.62435591827783
6.23822145412336	6.30228388839016	6.36252658092955	6.22816127088914	6.22071270386449	6.25990176519863	5.95689997797386	6.16169655904961	5.88996701897569	5.85344839685439	5.85024960691638	6.02495392532255	5.78282775007862	5.68082694163951	5.86101797090403
4.91091143073612	5.03487700859449	4.92258071090145	4.84563068082414	4.83810655118058	5.07709700818289	5.00919810708493	5.10988815137567	4.87184963224345	5.26777067975704	5.20719067541594	5.1698690779394	5.12070336754299	5.0339295726802	5.20250202827578
5.43699398105142	4.9137589042102	5.60039641118136	5.64678392966622	5.52334959879433	5.4002989387269	5.38454904206684	5.68749705854815	5.38018412199074	5.27703022337326	5.32781246092997	5.22961294811919	5.26141329148774	5.10086935140304	5.43403144779601
6.29126865789584	6.25647368405889	6.27836433802789	6.89307623553791	6.83820220642732	6.70619394666589	7.4711840734968	7.59658926288807	7.37041109316174	7.46455838194636	7.58805905374956	7.67668301294817	7.64857266047826	7.38465155683249	7.66685177213568
6.30208122503529	6.15045181621596	6.2093377032532	6.2638852299516	6.42270097365963	6.40515853468962	6.42095370956854	6.45477544254969	6.35923958626814	6.55043451721015	6.59768116284043	6.41417890945049	6.40639508655618	6.27067977531619	6.51659788514645
5.18024240428179	5.13684312626365	5.25997434037771	5.28741657701652	5.35338733430776	5.33506069820407	5.66993947491967	5.87153462234582	5.44501052117065	5.71094042160544	5.57349050892316	5.60995199080608	5.67605548445813	5.51998050866859	5.7421844545494
4.76154771386539	4.70989271777017	4.80961970115167	4.89839935224561	4.97796582419495	4.87886576588419	4.64596033917004	4.8352631500954	4.78194468746253	4.851935963243	4.78521392519918	4.78567596576294	4.89675784457304	4.90225080238171	5.05082284212059
5.02898146535809	4.64192314746757	5.10935170210926	5.29612640577523	5.13964922216097	5.00118200461278	5.61786161685732	5.54919257947355	5.48978293872921	5.81670165701238	5.84102367428045	5.29434225775752	5.94185510358206	5.80727854511934	5.79813799989881
7.80388743522225	7.62856398381419	7.92661977095795	8.24349676400322	8.36477798815067	8.32086545549059	8.9260987012598	8.98334452654161	8.80430283760233	8.96101903851729	8.95333414474513	9.29354875403805	8.6732579092508	8.58940628873679	8.83615548275211
6.95347911204536	6.74742674198078	7.02108116620463	6.82142070774905	7.03014475108174	6.9941459600449	7.03591872204778	7.20172681239999	6.91461731090869	6.99600247614082	6.930191745243	6.93687587525803	6.413921475587	6.51540363317128	6.69821248019773
9.43558543023434	9.37022114702626	9.52858468043042	9.31951328302948	9.3777454341681	9.38717176193231	9.33399660028765	9.41177143324853	9.25240795871449	9.30705563610304	9.3241469657982	9.33486249109058	9.35675983401133	9.31963929275725	9.35242268308114
6.10709286786826	5.88643887686532	6.09330617248415	6.29436696873149	6.36318938478283	6.17186918808798	6.58438611217078	6.80616986555542	6.39698555339278	6.76972399924248	6.87819366465857	6.75940962723926	6.46624270555055	6.20597057414022	6.57183077601182
4.89252655701252	4.88828287992254	5.06875679305739	5.05691175410768	5.34452062357507	4.96830711209587	5.00743377230589	5.10915336948292	4.75935254545245	4.80498133433681	4.77652622195235	4.93932935059423	4.74208375329472	4.40248874445458	4.79957135241409
4.84956130968574	4.99055359114855	5.06599355511006	4.97023877340588	5.00120836209594	4.86043769628635	5.15422207328028	5.13706160888725	5.27422460831611	5.01429562208231	5.23383341674141	4.88421462404136	5.16093508716563	4.97695634962211	5.26362523300127
4.47586421682319	4.48907058582103	4.39443499541762	4.50074109668017	4.53833043294482	4.43535276361888	4.30237710622187	4.53942930319509	4.29797735345641	4.17879705100611	4.45160531268429	4.6702347437821	4.55720410939951	4.3824872993987	4.52105436300691
6.86878272930496	6.71019184364062	6.94625669165205	7.29919416024655	7.37878714557181	7.29371957315795	7.76860745298882	7.83180245291439	7.68429009034031	7.90953051626055	8.00175055449422	8.09723675641179	8.02475058198539	7.55344987672355	8.0575686800912
6.33026164866856	6.22483692723181	6.06411969159573	6.76414063148549	6.73069021937109	6.6441926684571	7.39931338354531	7.53147938041902	7.28423211287691	7.47227535632146	7.62424515982137	7.48691200956502	7.57850973071033	7.23805202749594	7.4888755107467
4.97425745513127	5.02604017056518	5.01135561046856	4.53148267443645	4.96986510546615	4.69501318892502	4.58960608099604	5.10479685523275	4.55060074286265	4.8384086601385	5.03772253405302	4.81504249903379	5.10360223305691	4.84569317056445	5.03439673408834
9.06863229897433	8.88486906146527	8.97950996571925	8.82117892488342	8.89888816223289	8.84190005544159	8.75302702904144	8.91666764400877	8.66003109318379	8.66272669209996	8.73587414284782	8.82664391769329	8.49914981492754	8.56116263348539	8.76310159016209
5.16288389844781	5.19972859948989	5.02139730795126	4.98995637341752	4.94432703613132	4.89907677100488	4.89695288224994	4.88210260515196	4.83239882453418	4.95012712741041	4.94101676252299	4.69306026965624	5.22175944777104	4.85081579916442	5.12930124529418
4.57041136690348	4.26789389857837	3.75442040763067	4.78919483307496	4.3961389451676	4.58115652508803	4.9507033510684	5.00641125837118	4.93203937518962	4.88598198313854	4.9914473022427	4.77421811538211	5.10653181329853	4.96362127215764	4.8654351143019
4.79212676968632	4.35750109035575	4.74907918932972	4.37374882872632	4.43833286966588	4.70529050690678	4.7498128719796	4.94686618376174	4.81398512565483	4.3940253660341	4.73728036702659	4.60605593790527	4.85984263792449	4.60674162634878	4.9587478454505
9.37309277880347	9.30752384327619	9.38021380778173	9.22226148853926	9.26492068856816	9.2845361015741	9.23692850270548	9.37050798440428	9.11080365605476	9.2260971243124	9.26032031658288	9.11694573098871	9.1880015918294	9.17358313820559	9.23966840787052
3.01763227580276	3.37315721755286	2.89971091057915	2.93407059207915	3.06459966356451	3.29474772184667	3.83385019017488	3.68528669228649	3.52145473251467	3.4324772362627	3.67219431280291	2.95393333369958	3.71770262706853	2.77476435036468	2.95670483292003
5.40000778818033	5.60904140954068	5.48012647098769	5.6855983151293	5.5468735877875	5.55131606895993	5.75277241186789	5.73443249952826	5.87878666695032	5.92558480318856	5.96079425513275	5.78375034416307	5.63717196908072	5.65782344211799	5.70494576623986
5.9657159896869	6.01112773627628	6.00846306782048	5.98981575096787	6.01027175015012	5.94690522697988	5.93320723684209	6.02625168223168	5.87968066699941	5.96154358306803	5.84504601474185	6.11953931736119	5.71205800776148	5.60118414153481	5.75159942914914
8.85695650609328	8.68475822067683	8.90469477871173	8.52451622661457	8.73506052370631	8.77929359410408	8.81477141371053	8.92461991899559	8.59648342182796	8.81558496220195	8.86842886177837	8.95247458505687	8.85573413225118	8.38856169156775	8.78316786990047
5.41331202358076	5.50763736314375	5.52897196586999	5.24746511109365	5.43057540970893	5.38120417737911	5.5086784749596	5.56233202556043	5.30422797873138	5.52854090455075	5.50054708805802	5.55778663662743	5.30790072606348	5.43885549622473	5.55749058693403
9.47673513023707	9.4910800149408	9.57279897263385	9.43948396103295	9.60859336081181	9.61626117773263	9.5696489755016	9.60945931762746	9.54183693770698	9.56865651180016	9.55897415396594	9.61094182631389	9.7343564396202	9.42070029566429	9.64047585913364
7.40922838881176	7.09350150055688	7.50143621330277	7.6193464804398	7.92118830999994	7.64711030145405	8.53681766222926	8.70955395568911	8.32685115212304	8.83041560519462	8.79873914715236	8.99463534506181	8.40911781926021	8.52206342676911	8.61676724397254
4.94498200156787	4.92273549265863	4.94792451697348	4.98998928781524	5.13445721162932	4.8341430883786	5.17880883177377	5.2967832557207	4.79868457982236	4.95589357155055	5.1242025716685	4.66773383945186	4.97450402302467	5.06202123805765	5.1541526126604
9.46063176728894	9.36897119281985	9.46009554246242	9.37074676430659	9.32424035235213	9.40895037562032	9.38385076987012	9.44075593559248	9.32559459992664	9.32999746480051	9.3879791454856	9.38837619356931	9.27727826833196	9.27215475610175	9.36881909707368
9.7274398152111	9.60598110128704	9.76466057860856	9.5905810862744	9.643941316096	9.63634908093817	9.6199066754153	9.71556540947594	9.5360355557674	9.55283732452788	9.61389272294917	9.66077928775064	9.70685679906371	9.41736598762344	9.60027180860129
6.39182557889021	6.23199051331889	6.19609754182363	6.92651420680137	6.8910179898443	6.89527470975595	7.7992472207643	7.75895009795474	7.84991968154668	8.09996778211718	8.17141396455866	7.94680392414099	8.3253578913926	8.13106254580287	8.13048226608512
7.57313110000773	7.37718590996695	7.59822111234642	7.72246705614263	7.67862888465724	7.73021817736888	8.11792935312927	8.31796829187611	7.99016386171673	8.13615786988544	8.15521173927073	8.11058138298824	7.96941694686546	8.11753307096745	8.2041639450543
9.97433957181229	9.91073767492012	10.0704044459227	9.86971964713326	9.92694976361387	9.90032800300529	9.91802750493602	9.9826362602407	9.85704379087762	9.90043272862632	9.92984733756264	9.89083938985072	10.0394918324776	9.90310162856435	9.93487312006654
6.95385626194488	6.77150431219488	7.05513199509436	7.49854483284903	7.39067625212502	7.55726038432953	8.42224136185142	8.5239449370036	8.14332522339242	8.50570774380859	8.56314666396539	8.5206383495166	8.14156753882436	8.14329061291622	8.44929588276427
5.07954249344006	5.05727879718664	4.67921700826866	4.75607771692461	4.75210154217985	4.7750070986702	4.86059349460357	4.97184990274551	4.816130550689	4.88839058419556	5.46586711141852	4.80074342283325	5.22586658704875	5.16249869852526	5.43005253237795
6.07061625424027	5.82691098955995	6.04813633108838	6.20992273480485	6.04114170645996	6.21610054172209	6.27255142513131	6.40723980137077	6.38363767090431	6.4925266512749	6.41973475950074	6.32317292155363	6.39523732464428	6.42186192655785	6.55366246794238
4.61548594257588	4.42453362525096	4.1916155728363	4.21315350857722	4.09299515764091	4.64136049180502	4.59752653126769	4.39497511057183	4.4903682202483	4.50186413081994	4.52275918601223	4.87580368440899	4.44981775497601	4.68979204239938	4.52163987460051
8.84375770896919	8.78295863333278	8.82583027521435	8.76387322327206	8.72324243905924	8.75542710425753	8.60929258354561	8.70826352055973	8.66806467577776	8.62852726375755	8.73636590264992	8.75216711013945	8.75066630513425	8.63406847648363	8.58520171497719
4.70709189395816	4.82285565429857	5.06656575628006	5.23309169264404	4.82158719217036	4.94309628203171	5.06397124744541	5.20989324079669	5.1279604789964	5.57934267384782	5.27430757742541	5.2417804933171	5.5678200066014	5.21056111855366	5.46071682904897
5.04419870478689	5.2339229886122	5.08787856556607	5.32138921958085	5.29561712955609	5.16159108886048	5.16040273923321	5.29092687908522	5.24452633879749	5.22281245959815	5.08638252972609	5.37463412091425	5.25907030468867	5.04331917085369	5.02479650631548
7.80951127601606	7.77931174370523	7.53786565987169	7.23627568628677	6.9712963205368	6.94726268854126	6.61207807823313	6.54821136648232	6.59007987667623	6.43001832450184	6.29697898187982	5.84678827547851	5.73480820030501	6.04749264413732	6.18769053884906
8.80225891979318	8.70156344456408	8.67075221355354	8.65106495395981	8.67587679558985	8.64584601463866	8.6619934845437	8.72575524643889	8.64831079754983	8.6694667231215	8.6368606543884	8.62293784294196	8.44568003157806	8.63313328898855	8.64804869782831
7.73949779425369	7.83317851958172	7.78225382644361	7.96896444854585	7.8961579003849	7.87758319724201	7.94381129400695	7.84512194130413	7.93120992149197	7.9162456286662	7.81270505045297	7.68045311415463	7.82036544473612	7.77992158711854	7.84038360801406
7.86313393210088	7.75874629820036	7.83071418221105	7.73769316413811	7.82105452807583	7.75657879930572	7.71787595959336	7.55950092596627	7.68546463780064	7.88323172446594	7.80358575955258	7.83549459743602	8.02740975215563	7.77166933674407	7.7000045458103
8.51004811082187	8.53472567640164	8.61522594601121	8.51318734145765	8.53146171559457	8.62184039297944	8.46197926256987	8.49509355592639	8.4782606815999	8.52594489641701	8.52489591589051	8.43573889974344	8.76805131123756	8.55543960369059	8.44614460817145
8.94993681522589	8.86725737360325	8.9979993305259	8.85963473042295	8.97870572659684	8.90111934076235	8.84661559932909	8.92206242808571	8.88073224276128	8.84907520871455	8.90849234614412	8.9429785919148	9.10084797639155	8.89835866411494	8.91097174197528
8.85556956541872	8.83171080980628	8.81821602096657	8.95337520870868	8.8568576787692	8.89575413340468	9.05285723378677	8.9807223759255	8.98735547911947	9.01563844315994	9.01857863358573	8.93527489773025	9.05147986056863	8.90215200205905	8.92156361643758
8.66914595477491	8.6383024190972	8.7110407662061	8.71453156068693	8.68362028019432	8.64163880140891	8.71144065159842	8.75298136425972	8.69186559143766	8.69444650468851	8.70288178587632	8.65337871297523	8.85979502821861	8.68088631750471	8.67012676732375
8.82797757238333	8.77223158473964	8.73258461645784	8.85071132818005	8.8088571427718	8.77980670647506	8.81677106962669	8.96151032795962	8.82601312223535	8.77679246127812	8.80255609350812	8.88528096458812	8.67596541180773	8.80537212856098	8.78530073679008
4.44367436349834	4.54776034504851	4.16166865287891	4.19264905357114	4.13060295845518	4.34259158422341	4.28893618652123	4.54284112515264	4.16070339742091	4.10078216267591	4.33370823250857	4.17179086196168	4.07586431308999	4.15783776408869	3.60099426435702
9.23948659706365	9.28632686772892	9.20770979277555	9.24350941025127	9.2839620715519	9.22105753547406	9.34260787275707	9.35443451620295	9.31395995687572	9.2870233202723	9.31336168853125	9.2901575177299	9.16408991056059	9.24450119536154	9.23077979890078
5.32686053585156	5.42245941786342	5.18433835656148	5.76935945021453	5.60476857423162	5.62204122791651	5.80447763205217	5.71587845311621	5.72494739753129	5.61257500219184	5.56483917094262	5.62263066366344	5.63780739643785	5.59626100006386	5.53078806999845
9.48377203104675	9.4643658238098	9.52927000823874	9.50405822563902	9.52665045623673	9.47258316001684	9.47103320214059	9.47254719256611	9.50313746618704	9.5126392434688	9.47588969354667	9.63456137022106	9.48523304695175	9.51521583614026	9.50846301008507
7.1925156507262	7.24492855678297	7.35449012745135	7.33375809627501	7.30602067239805	7.3273731748082	7.26261062689647	7.30937188254425	7.41635145940539	7.1930432370611	7.28005770064603	7.08016662020317	7.56573347902243	6.8827405428593	7.23298882187705
9.09500034208498	9.1561251200305	8.99410320487809	9.19341936005244	9.14565656283417	9.21076918035183	9.35556804195009	9.24866249596882	9.31222304195937	9.38809380919551	9.31824401117999	9.23961625707094	9.24819836910864	9.39027738370077	9.28886878419469
9.08848434840785	9.13875078731115	9.08875094050849	9.12184311882701	9.15951771471703	9.15092370945247	9.15773105582484	9.04039815625429	9.15191230027243	9.19761555776734	9.13219075837382	9.16132022791456	9.02933906157152	9.20016235092968	9.09753098682268
8.79008151012946	8.77341825874325	8.75242444543326	8.69644412624351	8.71372108189669	8.66766393153401	8.54385291519196	8.68118503819339	8.50666608114626	8.4244081506859	8.55653898941883	8.54178926835668	8.10162096285541	8.68237578661077	8.48609254028289
8.64930231915411	8.56140127535297	8.59245149942463	8.56041791956326	8.55542190650895	8.54633100324437	8.62222718897635	8.58742495988528	8.53713840771126	8.52342858702741	8.59905070579176	8.71098938922184	8.21663205287471	8.68700748364076	8.54257244409495
4.93955484061072	5.0150070957812	4.87642158076549	4.81241024158804	4.99090105778617	4.9036077052134	4.93661317729295	4.71084390475526	5.07678831676759	4.81195667818298	4.83441185391247	4.93707649521231	4.62056552481307	5.07433916862233	4.69294210123364
9.25360968154178	9.34422699738912	9.17343184265402	9.35045571250639	9.28066896196348	9.22350531227602	9.3692547978903	9.3442333448007	9.30484955068134	9.33664791441823	9.27379254384274	9.41208491127771	8.82900621489699	9.42550297621154	9.20595727532574
9.03349209481622	8.93787956245316	8.87589678326168	8.99356359738767	8.99231411764693	8.96934569601345	8.97106950111202	9.08540751110928	9.05172583902737	8.86352260009403	8.95539657578308	9.08516287538969	8.79635696625855	9.0313171766938	8.82899240226747
6.53307852882568	6.23984792328094	6.33527724586206	6.78193788356274	6.49302177266095	6.50807091283468	6.88638928580844	6.97266381050358	6.89717487872455	6.75071149698409	6.86516433014193	6.6834877185417	6.51866991764942	6.6851700565121	6.73842685472735
6.27860036580692	6.46325686866669	6.28591443066877	6.40120819661014	6.39417652476351	6.21622428667863	6.44110800209404	6.41533333520856	6.3987420198355	6.47959631433902	6.46297273892746	5.80338960095558	6.66676337464844	6.60101488200416	6.33835896690118
7.99337161639219	8.01634832520704	8.06132737088086	8.17877422992066	7.99956260181147	8.01870981293171	8.01733565378543	7.94265606071747	7.94880642751635	8.07587469936641	8.03234581408313	8.1096744196026	8.02206072668017	8.00535692822571	7.91189091953258
5.16732044213153	5.18836082045192	5.24608797423601	5.2901465840623	5.12974027937109	5.06983456984093	5.06755238639403	5.20392372906391	4.95586145323886	5.11983187205373	4.97151374976487	4.55870193618586	5.13738353026783	4.97669576853976	5.09055364904842
8.75906149951297	8.869066993237	8.76996533221583	8.8791267789618	8.8808118380419	8.90696561461359	9.02957583624409	8.89182040712934	8.98636837199734	9.13329453720424	9.03766685654058	8.81556222441321	8.95479164572626	9.12353270610338	9.10082465075385
7.1668113610568	7.12382556233329	7.21627157878968	7.34036814260428	7.25394806288933	7.19714688168183	7.30344281228362	7.34119832821432	7.39291559079095	7.38495441362931	7.45662992862746	7.46239935140736	7.17891420006044	7.42390433850627	7.26055552087879
9.15031734208769	9.17662938494457	9.18003329470682	9.18922683707062	9.2107974097267	9.18916496220958	9.19833096789122	9.14730333328101	9.16510384814294	9.22602979175741	9.20486964839851	9.21207240371834	9.28565510895634	9.0785537617163	9.22649843800922
9.26244626927373	9.24351191970812	9.26438310147353	9.22281465746665	9.21390051102179	9.1803342889537	9.24892050029501	9.24117721586034	9.3039508812925	9.26267122902493	9.19908026270414	9.096159170266	9.178535108453	9.26096829541006	9.20861553994278
7.61689424231761	7.57065573738859	7.56659216567363	7.64994025618304	7.67107689778975	7.72292710854685	7.71426546178413	7.71868961771994	7.75564940565674	7.67987949900241	7.68006952507178	7.48049066924292	7.43128298334484	7.76832893946507	7.71301675013157
9.09789620955532	9.20969484834224	9.04039161883216	9.26508238438223	9.16071713382964	9.22136288220105	9.22391372970016	9.08791745882726	9.18735468750374	9.37087508522064	9.35199695053554	9.35205635414296	9.53758359990134	9.16474737935847	9.10585586469588
4.2566714220731	4.39098827248207	3.95533903708652	4.63552676423491	4.2435761488844	4.32926766940144	4.96403046755194	5.01356052268066	5.15389391963411	5.30309239124695	5.45874407707055	5.28650540123377	5.79660451461963	5.24789422125834	5.17518435701546
8.54792499625922	8.62639148356471	8.49511921141222	8.60318754252477	8.50689053455882	8.46805708159901	8.49361620527024	8.43531868560478	8.48529807071518	8.4382576132979	8.47385305753132	8.27389956305603	8.21838400909161	8.5451418199075	8.38798958945213
8.36843020284017	8.43310316484953	8.36224860013663	8.52864290925905	8.4635955885217	8.37482670836979	8.3866950135346	8.45606479836242	8.38392160822613	8.26982802456977	8.36565536398106	8.23073523710568	8.56026283551967	8.4791871176096	8.26345711200802
9.19273259161326	9.20757034096909	9.22144783939385	9.26283149873365	9.2600837541871	9.17989784800962	9.20652804326314	9.17007115183384	9.26893232725633	9.19980709850102	9.25527706708904	9.20323876713652	9.49481772214654	9.24786865944829	9.21715931738092
5.29079213363975	5.184430823996	5.26267394676461	5.49708113833159	5.2907169078313	5.31290930558022	5.14689720478861	5.09690216591089	5.1919979479807	5.19246189092505	5.31389186715983	5.1743059603745	5.33520906043913	5.41131894235764	5.08681190213366
4.81520942572392	4.88931859834322	4.55763970916502	4.68321740215593	4.66836470495642	4.66472922683193	4.5229840937136	4.58573128662067	4.70168890935672	4.60978746417971	4.58733645198554	4.76517408910818	4.55871042513722	4.42329154573665	4.35445399099272
7.13930288144959	7.07212512942862	7.1828125472078	7.07450167140877	7.15019016860945	7.01173176135036	7.0492709697213	7.15113592286073	7.12050284340472	6.79368137111488	6.99399726820882	6.93218443454986	6.71769314157707	7.02985513322686	7.13599111759012
8.583936570297	8.60362904925672	8.4350458873566	8.41038316838909	8.5225697987618	8.50388723779382	8.44936082251778	8.45760538023259	8.43284685982678	8.4448175029535	8.38255598365753	8.36361575987459	7.91329786198127	8.27591765581524	8.44671669836539
7.69882700211553	7.69170896829639	7.69994924245806	7.79116777729033	7.72755046055598	7.81549279529952	8.15817556739513	8.23985822069325	8.11726053966675	8.20319110042864	8.20444699394313	7.98122658486027	7.98066684621163	8.16845633611322	8.22772325778654
4.45668257745594	4.21127457432652	4.27367819123613	4.34330882656316	4.63233049492132	4.53630813822663	4.73485188350632	4.64433080402027	5.03715270917905	4.26380431111752	4.87430642717504	5.1902667619499	5.02273153378512	4.85477775533231	4.89320833867854
8.8293281250791	8.77544448578596	8.98034952977656	8.59054704716631	8.97266283566357	8.88316600500368	8.76360525449533	8.70246840726832	8.73172483993433	8.90044505044766	8.77333152788333	8.94540877792963	9.05680370050722	8.64275113736758	8.87177874277379
9.35073732409387	9.37396758571211	9.3349732931368	9.39603911500859	9.32264314782403	9.3682295257263	9.3427745350304	9.35013654933837	9.39976903584844	9.26202786669765	9.26868163592101	9.41894083168734	9.18621090947401	9.39860612569162	9.33914593858154
9.43196880439287	9.44493874011281	9.3719040860157	9.6191819146229	9.44899280244442	9.44586479450117	9.50366188705067	9.50347709115255	9.51262567458899	9.48784460536729	9.50049773287673	9.27849771529626	9.42562343101731	9.48553070475003	9.35907482393387
8.47902340421556	8.50084320062865	8.71597988385201	8.66026278323531	8.64856286655384	8.69781276671287	8.71090562917226	8.66232436673314	8.72789657298518	8.7574502072896	8.69625394976856	8.89218414114493	8.9923147685622	8.64040605919489	8.67414120085404
9.51372692139384	9.53598729852982	9.58705394336958	9.5556631123757	9.56598644075915	9.54020802539069	9.51175078821908	9.50517141489793	9.5065053795845	9.50701760024569	9.50362031469946	9.52287423410203	9.78605857382374	9.52275785054426	9.56850667532005
8.60030403064285	8.65703760283149	8.52372743225046	8.69782397544756	8.61317153225585	8.61401043423515	8.56869909694588	8.60740331623654	8.58916458220017	8.55408010205448	8.58481283793161	8.3251618600679	8.28810350594203	8.45680712135188	8.48233372791871
9.2169565188574	9.29399249405343	9.2059305623078	9.20765473680564	9.21360208528878	9.21090534388568	9.27740129678576	9.18701826508467	9.21390663131185	9.31357942464376	9.34320636801336	8.97867192623554	9.48458050683947	9.25505084410942	9.11972367585616
8.20552040116033	8.39076548001342	8.35660428927264	8.31941703089553	8.3160012187945	8.29916282725091	8.31527838594782	8.28962099277471	8.27239007401924	8.42833675575373	8.33895566520197	8.22572814589985	8.63900985279463	8.08635742566615	8.25098178527649
4.33943976424783	4.81182609936443	4.36080315950821	5.08492342708277	4.61775260982553	4.89496067835719	5.27953069113093	5.26350561237397	5.16009685259701	5.34299995228226	5.33126777159604	4.91082996872664	5.94717083617845	5.504551680929	5.30087411105654
9.18022710425611	9.12158967428918	9.10470524567102	9.14682996937443	9.16850102490931	9.11755249696394	9.15219399354877	9.14861613189807	9.09381940872396	9.15839637633875	9.15131463577096	8.98149562246037	9.27663401682879	9.05347262705378	9.04274459487204
4.78592135692616	5.07449571011402	4.84162397041683	5.03521737354489	4.9745194175154	4.9855003607127	5.61922927313192	5.59228031334173	5.49581464872288	5.98898528067624	6.04193762539349	5.81350986531718	6.56645178083836	5.97483619573558	5.94363892863829
9.13358772424781	9.11063124413456	9.12573165445206	8.97553923934389	9.10325439786244	9.04490456985372	9.09855783389909	9.12949316051856	9.11274364600396	9.02467208131265	9.07784154501704	8.97257692758866	8.86340140003406	9.19294624722647	9.07131246604686
8.54182452402617	8.47052513576389	8.57449909575571	8.46432803888163	8.50573430973578	8.57266221551106	8.40172795719771	8.47637536994237	8.4490629709661	8.5068637744301	8.53084271833504	8.60137220352152	8.76669554859933	8.34675542524047	8.48519019167885
8.65322214690931	8.7462974401559	8.62826323497387	8.69077878524718	8.64721930992671	8.66135889937642	8.5736315970396	8.52925588747241	8.60165545627511	8.55706284858863	8.48260826868116	8.2254868741791	8.68133303637342	8.6688565785575	8.55030538967864
5.58603158810195	5.32255416119093	5.56301922972651	5.40169608649623	5.60245514755612	5.7110659394152	5.60847240885779	5.6444632404559	5.54034933736861	5.54155923947952	5.67063244104437	5.27119315094874	5.54316909930917	5.39543106115399	5.66626088108846
8.61858840331603	8.58561255501444	8.83852520802153	8.68611689305011	8.68835647774229	8.78565990636678	8.60777653441977	8.61645707091064	8.6752358939771	8.70072423978765	8.74110628043863	8.78141679290584	9.01286006642838	8.73046840059355	8.68822698663012
7.44167437344834	7.36592749394396	7.27308273249925	7.25593034111106	7.01841305275652	7.17024832079936	6.95356778245135	6.93778642437199	7.06125253898724	6.77565808737464	6.91365732947602	6.68019122918673	6.56727198042632	7.15698939615043	6.74756293656915
6.2251116864278	6.40486912801407	6.30274050651746	6.83787492256068	6.6863233137396	6.7944166981861	6.67618681304596	6.7426724759226	6.76500624261482	6.77650592519354	6.844807208022	6.91270451576216	6.58133580563133	6.81720296822815	6.71667961199901
9.04453062965039	9.03139903477045	9.00646103322035	8.99877171644182	9.09547867680071	9.08107764836346	9.02569997381211	8.96715962474018	9.01621376536124	8.98374571085372	8.91897792321764	9.06035313101024	8.69568851850833	8.97567320185133	8.9931425603757
4.45223161565825	4.6965258672613	4.46380059071857	4.63353006780853	4.61446833384805	4.63667224387227	4.76101604768334	4.83485329039114	4.61564154376896	4.77034934684616	4.68566306508016	4.50905864671399	4.57975297421899	4.18280020014863	4.39475860780912
8.61539272330223	8.66175204647058	8.54948308510432	8.52641784611428	8.54361435204277	8.49027310782803	8.37341736413407	8.45059378865122	8.39682342481198	8.41204799028209	8.42835038330211	8.53773670695495	8.28294805806374	8.15917133831034	8.43593902029066
5.54547062612038	5.67555101057011	5.61430511301777	5.52265808901728	5.3678826814213	5.70036578721836	5.45859304789231	5.18882233011959	5.43315815951335	5.37526392280626	5.42349260807263	4.93362180410408	5.72776640533919	5.50837138724493	5.40978638360431
7.41481114243692	7.36894753547652	7.35024628000698	7.38481559762827	7.42756296392479	7.40681661991282	7.34048618090483	7.29738065065971	7.29943892830451	7.16906784853082	7.32926132356837	7.57514794655377	7.3347586901047	7.35698685678374	7.39203963508929
8.73025358656456	8.73396495207765	8.80287669447144	8.7727191384326	8.75857051589899	8.73866983206169	8.69535250699797	8.64811737165835	8.70875301851507	8.77953644905271	8.79787734558766	8.739278584808	9.19456834440678	8.61214071513737	8.71143137174335
8.86324535384167	8.73837470658225	8.96229917747134	8.86636933078367	9.05380592973223	9.06339478126797	8.89734181229469	9.00575166868363	8.92512312765812	8.93768035696352	8.98207648735891	9.17991379491446	8.97141618175916	8.63582761503693	9.04139945542798
9.36393449677138	9.46033140248316	9.48275788473799	9.3808384394856	9.44574954646874	9.4030773948715	9.54279543376903	9.45224159846092	9.49418855107339	9.61952163008329	9.55574591523394	9.11304641007102	9.84555171389119	9.56614709717586	9.38694443789435
9.17891879529289	9.26619806302044	9.17499100341552	9.2451974073703	9.26000324793146	9.2623212422062	9.44525109954641	9.44259372380977	9.42330220518252	9.35558676489974	9.39025995271649	9.55108226104633	9.25925173562488	9.46161228301215	9.40889105442699
8.01380335844518	7.98601502592112	8.00899465675004	7.90279547085155	7.97982891059377	7.98790125249094	7.96941641253493	7.91611191464565	7.87866606053495	8.12830378525432	7.9962269173213	7.68030897876657	8.16012147398111	7.83299940656347	7.94642923504623
6.86905417677067	7.08429801698718	6.82933801638522	6.82869614857633	6.73939253206383	6.64899117422412	6.76674505966449	6.42332627891785	6.70853107972169	6.74344661275385	6.86975552213574	6.08799331695567	7.25901834620063	6.53419419226413	6.40801475979978
8.558701606668	8.58365288963413	8.51726675015155	8.63600454741211	8.46187529908366	8.49138856668683	8.37251086334089	8.47772692739133	8.46434775554983	8.25821805259076	8.42869100172038	8.24282321284027	8.15148921691208	8.53925318964361	8.31320576571411
5.5662789885547	5.49462959323124	5.48763539325957	5.79809175401094	5.67303613692566	5.68937601224593	6.03298486894813	6.22921534480726	6.0377964429403	6.00188648946652	5.97749775015389	5.8264525546353	5.98141125407384	6.03966754729282	6.25147020238738
4.75209288060413	4.66895583869525	4.92290563113106	4.8439958348104	4.7082292632588	4.59018898814956	4.66053299201758	4.75279187011815	4.52265635471363	4.52197389573415	4.53512108941788	4.54633608121869	4.57804955826416	4.68723442212354	4.66601465217683
5.0796984776271	4.6946609755349	4.91696020903395	5.10318102171494	5.13361495664877	4.98405540495669	4.9164522123753	4.86397270431932	4.83913217691853	4.95001737151691	4.97946855579616	5.05985613939615	5.08444465818167	5.1052612463541	5.06283265861054
8.32476482052356	8.41368811407123	8.32744513926087	8.22502961218482	8.13523488419398	8.11998617138764	8.09799461576084	8.12895401369608	8.09908453960616	8.13134194625551	8.19072561987292	7.77998387513632	8.16257314840553	8.35507604586859	8.15846603237583
4.59790020370239	4.75064945506366	4.73862648534914	4.59618113283544	4.49693528961334	4.89981458170737	4.6156465839373	4.81629066948714	4.74793085842383	4.49701332197822	4.60266918880822	4.89338889489495	4.66939416000821	4.78989816502069	4.44948123707931
8.67894397255342	8.69739556268833	8.54606553649788	8.70214737979743	8.56150904458369	8.55840165762276	8.62675617283359	8.58755882163555	8.591405186961	8.55260784433721	8.52319366074365	8.40550205359492	8.73550899483997	8.47688128664628	8.53562351965254
9.42482477672709	9.32748134592727	9.48471180870793	9.19665322814264	9.42688558032428	9.44665890742115	9.44723054923663	9.43120985838828	9.41956705707883	9.53932734662376	9.42821603017149	9.51839964226367	9.49814579890104	9.23832788715136	9.52604425834607
8.81326986495159	8.81091345474369	8.80745434131209	8.82361485527865	8.74207877910562	8.77139673943036	8.7625529372955	8.83596324789009	8.74969891283178	8.72596789985577	8.73732149029976	8.90474563616755	8.7665086831514	8.70512581645093	8.73842583842529
8.62498048186209	8.70421136929855	8.7042138010447	8.73833316151712	8.6940406787797	8.6840267390756	8.59942350985562	8.58510822041322	8.61775622185275	8.56557029518527	8.58118972334625	8.27581178538553	8.65797492404432	8.64603608705839	8.58320747379848
9.3445146889801	9.3631129986734	9.36645763509892	9.39304913177073	9.33708565232764	9.41126479828204	9.29313416508336	9.30193115768115	9.3461916811928	9.33424982189671	9.33872804918251	9.12646572410159	9.52753082453247	9.26155717056403	9.33485707385596
12.3613235881668	12.4122952405886	12.3332625467702	12.3425990817433	12.370083224675	12.3671123598361	12.4179275616456	12.4178176197044	12.4332071790913	12.4352012314521	12.4217470317397	12.4998147211812	12.2714323590945	12.5193310568091	12.3940160351287
5.94187796017227	5.74160753226124	5.90014722925736	6.18656041571351	5.71557756640083	6.07604192091668	6.89448392782898	6.92424341496938	6.85613704518201	7.20481940342533	7.13759845628178	7.04008514064161	7.34530363701841	7.22027536376287	7.28424635528627
7.43599914269648	7.43818648645393	7.74659241522389	7.40874475507457	7.61392183684597	7.52258593661859	7.39093894912172	7.34756902108105	7.40788517386189	7.50840370495701	7.32462415589007	7.5370565438898	7.78527092215085	7.46514129615656	7.5589087192643
9.25342879756507	9.2131926799678	9.28242070272432	9.31121946823675	9.18504663371173	9.25186239683888	9.15960530244674	9.16430175665506	9.20622149325243	9.10586473061379	9.17455222618476	9.07642437397264	9.27574972567404	9.28970571349166	9.2016597391062
9.14606782767576	9.14657912432284	9.10169498560623	9.28811099112681	9.1282284574487	9.13390802522516	9.21218675951106	9.11489949716016	9.19501546160337	9.23584706294076	9.2197237964905	9.07987982752132	9.60845176988408	9.0077108157469	9.11270375607076
7.0372098376833	6.95239671658357	7.08245180682395	7.22652956806174	7.15531712509276	7.33877534517215	7.7478827884857	7.77075965952621	7.76477915036283	7.9567624821025	7.79546568799317	8.00377098731432	7.73033648806517	7.80018322654891	7.9299539355249
9.5483325121197	9.52346127369798	9.59727819842078	9.51694001137961	9.52432914481526	9.48663614180176	9.47508329209035	9.46367606206676	9.51718980416134	9.46635370091774	9.50939806485382	9.58565284756499	9.63195795781053	9.51124512293849	9.58228585485244
4.98354538356084	4.90090652952245	4.87107732678284	4.73235874478834	4.56244032295099	4.88919655129008	5.18335449786021	4.81827709570549	4.97940696457844	4.87769994407989	4.76335698063077	4.62134297970986	4.78598162068891	4.6046710820365	4.8774884516528
4.79399347345259	4.81360405282516	4.74609812464487	4.94001620378476	4.85619739331208	4.89832122611938	4.93299858960174	5.07374911169979	5.24267426166305	5.08829615177019	5.1756886864424	4.87404317830894	5.26739484847927	4.75952837646809	4.98334963394702
5.86481541561719	5.77761786934176	5.81285783687227	5.61951065810534	5.58307429246731	5.52346358148695	5.55557829289936	5.5214887814464	5.56965773171797	5.36748344738616	5.48686533466799	5.63533214409206	5.42509242528305	5.53110800053539	5.19414354017841
7.2724451733807	7.18013014888587	7.32892576804739	7.1341665324922	7.29635250915346	7.20681527230551	7.37731502571926	7.39577425358206	7.37529483775064	7.58447947974953	7.52951692084428	7.395965574216	7.67242300912995	7.71285233607947	7.67681633960279
4.9739373297154	4.97627660585003	4.79936735387389	5.48744074634216	4.98618556051731	5.2704349084256	5.81342022909482	5.67321922185707	5.62925638652437	5.9774694918513	5.76545839185162	5.55344106691645	6.2337110464915	5.97752144672459	5.9349287885038
8.05091878751639	7.99740228164821	7.90427671054648	8.00946760759014	8.01594935821811	8.01187464534016	8.00981294407717	8.12452034395585	8.07391293223148	8.22577329485646	8.16342193843955	8.06782476694547	8.12639589701919	8.10115631773678	8.22217710849106
8.90944801354145	8.84797943215336	8.89167466211378	8.79990633438231	8.88062128404059	8.77549222926971	8.75828791865925	8.78256683242232	8.68680594656367	8.68632625156987	8.72648928633211	8.75917617810277	8.88688269467896	8.8597804459318	8.82928048928767
7.95445301382206	7.78466625654953	7.85022052334818	7.66403198046255	7.71439932870725	7.59626198957478	7.55947785847279	7.57986890544454	7.54230447453778	7.64059958596259	7.58077547336222	7.47163978707548	7.37542930682036	7.90413930397752	7.65882099220621
4.73588380355693	4.55227590597136	5.04723616019428	4.85440030267906	4.70516512014339	4.65134891558027	4.44744850611748	4.46425507207433	4.81149945674024	4.51486448858303	4.6532041303767	4.62924164132129	4.22177278687799	4.49016257159901	4.4482120044795
9.29847103533175	9.44242755745787	9.21239895526584	9.46306080039296	9.4205289221248	9.478190823501	9.58715195374099	9.54932498008515	9.61663570206182	9.66421650748123	9.56579116180936	9.29362951217559	9.22397255024345	9.72034347960617	9.51639093036742
6.04616232432848	5.97439326089392	5.81679659949002	5.79208448361683	6.02995978524351	6.11993200809993	5.7828863732756	5.78813256435797	5.88182567353572	5.95485225078996	5.79177163978122	5.93577907506199	5.77279970900247	5.85749687641763	5.85491015832705
5.33539098085868	5.3309273853435	5.36643548709319	5.80367015463929	5.41224392839892	5.69244869899103	5.39245534178058	5.48038173484091	5.55773140800905	5.60824978132233	5.58584211049281	5.70687301095628	5.61655080440463	5.68406468354867	5.63206900823908
9.86224616243955	9.88692097062268	9.86978115918509	9.80635892904961	9.81202088656971	9.85294684673029	9.81038647985953	9.8157206661325	9.8220407967586	9.8290421416505	9.86422303736735	9.82859712469965	9.95391911711705	9.7631993378688	9.82201481647049
4.78317110439325	4.52155613409009	4.57048841197065	4.69622980155812	4.65036328410932	4.58283470678193	4.82519443984897	4.89702568899985	4.97327117339321	4.84707912249204	4.91288771621625	4.85183194143677	4.88939150445381	4.41311707691281	4.77543450029711
4.82749182924989	4.82316013330801	4.98129932018397	5.10308264218545	4.87789897516156	4.86606255737393	5.1432387074803	5.30795833035974	5.38591964796847	5.1977356241456	5.35002054615876	5.38649056196134	5.21612426345784	5.3778914270934	5.29531164353143
9.77673419504741	9.82784816221454	9.88129807255761	9.77503962914057	9.84941505656652	9.78105307957939	9.68744647457427	9.70605664249487	9.74833458434265	9.78537815250937	9.73634753284933	9.82223035156117	10.0056009917324	9.61349104773207	9.85830815534117
5.01687510495043	5.08775614803309	5.24440314748556	5.21658788872882	5.3376834314081	4.8153236144678	4.89287146389439	5.01873266377517	4.95040049118211	4.91884401154967	5.00958638249128	5.13142883564079	5.2011065686613	5.0503185418345	5.0213946541076
8.67980511445936	8.76518380784578	8.71243571003795	8.80059336220909	8.62954378797803	8.71979355031411	8.62900933412341	8.62568230182109	8.70090901239465	8.71512474918229	8.67690253273809	8.46150598398355	8.98977869517784	8.79350281263142	8.67292928130551
4.70692336107858	4.47385713017085	4.3067496065363	4.88789326627399	4.70644552360409	4.60240659295153	4.88678912479288	4.85322632416948	5.04126545437085	4.92145239733818	5.07479629634647	4.50150984575327	5.28832332652279	5.22422399683473	5.04212674467839
9.36737708368262	9.33739841632822	9.36748968251791	9.40125734255094	9.44703977732642	9.45383416490083	9.42286874581764	9.48520494177751	9.47922978221928	9.40065817752792	9.43973378310509	9.49589067048334	9.45631718444125	9.34549290131307	9.48818031226142
5.42730527778901	5.37099739398208	5.26197093620832	5.83554033148334	5.60766553312688	5.74904355388637	6.02731672539062	6.25341185637067	6.13753973020806	6.19479114488277	6.29786003467506	5.80687163379409	6.33878255734298	6.26136153222335	6.26852242260503
8.82315609889412	8.74460576658422	8.75296627830752	8.78770136344933	8.63249971014113	8.75201793921528	8.61954413678026	8.63124529449921	8.60781939599458	8.60537803981374	8.66390911529584	8.59734504486008	8.7902986057982	8.71120921869102	8.66981347135703
8.32959135251893	8.35432407119032	8.29876193496722	8.46881178115212	8.39630451537034	8.46565584141833	8.54285486233588	8.55945087314916	8.54163147307336	8.44668504972091	8.52362793372393	8.52466749650633	8.15235118786035	8.64925021657495	8.63104883652757
5.25562232317515	5.18145844920796	5.09064563429864	4.86677083836834	4.76882504078228	5.20225508383407	4.60905923729408	5.06180101396185	4.84335102783952	4.78544325072632	4.8696589453533	4.78786244763459	4.47906119285579	4.63405333792753	4.4534074285114
4.39306676243865	4.695471730545	4.59847788517873	4.37139584334443	4.23313968667154	4.42031432063996	4.45063249748503	4.39913529748582	4.34428123630388	4.46939497167829	4.55867816145853	4.46544061688031	4.29484922870779	4.66886733321032	4.29445315146308
9.1464481026891	9.20310495288298	9.08485043200522	9.35302171817651	9.19588162068065	9.2062528717208	9.38837207827699	9.31170369057121	9.4030135705274	9.39282243264797	9.35587435858683	9.33896851722381	8.97911890530027	9.5112548821004	9.34320517339731
4.66216331884219	4.7893702305853	4.72356273609221	4.65789132161043	4.27284813258565	4.52701620327542	4.62543817310289	4.58444299110809	4.63886009062024	4.44107882001516	4.67131628119172	4.44187895642503	4.29229067688149	4.67468476847246	4.07860089545155
4.5803615723192	4.73558716792968	4.25910410171511	4.47232225160072	4.52098704431337	4.30966718486749	4.40628080251611	4.45304352940037	4.29153931104421	4.44515315715637	4.7070407284677	4.36406837399099	4.38818420918341	3.7261796379473	4.26444173405308
4.4321018437755	4.33661874832067	4.30525998524077	4.3541089013287	3.96283643225806	4.31672592107526	4.48256655693159	4.39223434592545	4.42600840708494	4.28425011051345	4.04194231534256	4.28642759749057	4.20242454645404	4.19741453898555	4.21770570258606
5.18391293391318	5.0026673784761	5.17252559810513	5.11223741057337	4.8121887936437	4.70305378070023	4.85186001282981	5.00996755468091	4.80713436332851	4.96792584773166	4.9536643982999	5.3345356194227	5.05010197273819	4.85058634316395	5.0884243468406
9.7735121433037	9.7585871038208	9.82492769263546	9.6805000528597	9.76792348349854	9.73635312351422	9.71293549811102	9.74507691397323	9.7419392843949	9.73351966932104	9.75707789051019	9.74740786778333	9.82905521984628	9.78119642094912	9.72541258722235
6.06222999753266	5.92352555642854	5.92094422735565	5.96353581631321	5.92089519262352	5.91091285147304	6.08187157125109	6.03965118616525	6.01568570420456	6.00539330152567	6.08850629546429	5.89901685487463	5.81692806477205	5.97144960466424	6.09437660387811
7.39740449779827	7.33102995351868	7.54875706123067	7.48600149780528	7.4761011998337	7.53695780350867	7.55814971115704	7.45406206766993	7.56811286716624	7.75664527361976	7.66422102200824	7.50780760232206	8.0894608685725	7.53939790673545	7.72724110345931
8.73875892393124	8.62334866788801	8.69461544793152	8.48460103710891	8.63727656350788	8.646684217818	8.57969133262196	8.61341646681746	8.52944975084199	8.55573520528899	8.58411111328213	8.834173133969	8.74143089271956	8.64309605871614	8.63530924477045
9.28807328831653	9.28014930479978	9.32969840920408	9.25064322565239	9.19097427059444	9.21107567542634	9.10608290085752	9.19675432539672	9.07640633966058	9.0994223144209	9.10192541601582	9.21519699440161	8.82096888906171	9.14459791642409	9.14522956843147
8.15251120452274	8.11379607609511	8.21119537224495	8.18708968219272	8.00779592395896	7.99229291864843	7.94531887259078	7.97408499128823	8.02439533074046	7.93743726904412	7.93543468403555	7.7281002963836	8.05696145679674	8.11835259187303	7.82115377432708
8.98844383560799	8.93427118073829	8.99065443886032	8.89382146794759	8.85197616255832	8.79778853333467	8.75330762629163	8.85660545060997	8.78070886006994	8.81059212225649	8.82311552781826	9.03883444862804	9.01764057554168	8.66359247287087	8.78520399220613
8.73196182333399	8.77767323705161	8.81124728520813	8.69991594102335	8.72480408852486	8.754792477017	8.5575839274213	8.60897353774669	8.5781482867812	8.57218698523427	8.64852343502047	8.69050677341665	8.86212302062776	8.56395419990809	8.61662639274146
6.50403752696955	6.58606711999009	6.54331705998645	6.21569788511487	6.37919386890734	6.240694470854	6.15212648033757	6.34747123945726	6.26116375547269	5.93856312203057	6.05588110464679	6.23868740333623	5.70224255885108	5.99397645002347	6.04703756341863
7.74087501179799	7.82380677460545	7.44354810220536	7.92239459036485	7.57883057285585	7.53186632631377	7.42611605889818	7.43670685620956	7.48658846835823	7.15866660881939	7.30551887787892	7.25390042934473	7.10883199783427	7.43313847807675	7.41319393401263
8.85677300122553	8.85064649671941	8.75639351823306	8.86103736262121	8.73541820696125	8.73887020036185	8.7451773401983	8.81938647668749	8.74226214879167	8.63567056722994	8.66605422733272	8.74139328734979	8.71947846875698	8.7692673818421	8.71197367048859
4.18383404727695	4.42242730275003	4.36457064463811	4.32377101418315	4.11846883753964	4.50927865644048	4.42867995694228	4.11391475800763	4.50735848150437	4.28342763818188	4.35066972750426	3.97509036796091	4.30307524667357	4.34903250893354	4.36247788261739
6.07826406165006	5.97129524112549	6.02006486068001	6.19970967313932	6.00392983274812	5.96185575691368	5.85466988114232	6.04774851240203	6.04121603917778	6.16461080555024	6.08019808537982	6.33708634797462	5.66880572925491	5.84136452840587	5.9896307877744
5.13299807041079	5.10956144351907	5.16431648213535	5.15663358180533	5.1060115494912	4.93263936419565	4.84442976217666	4.9218654461792	4.72591624979803	4.94386433105058	5.00448516367597	5.22367187276455	4.87717623689044	4.91854451821399	4.86186957899906
4.91145460381229	4.99341772805372	5.09298601818938	4.60983466490498	5.06537372233318	4.96090915849164	4.48133666255506	4.6096717505181	4.7024011326784	4.68834804551327	4.57463150229175	4.97428732631949	4.72005136911101	4.79491345636405	4.78689815524264
8.65409244938028	8.75069370124026	8.66156160921544	8.72940983341764	8.64847045330962	8.63358690567147	8.60601856820296	8.60736263502612	8.62860565837936	8.58530736474998	8.6505585810558	8.44550864923751	8.62858563677996	8.5084705103933	8.57558157986565
8.07479230241382	7.98009479105122	8.02275949349705	8.0258711430878	8.09773494235063	8.05312409364147	8.03732936731607	8.16156418887134	8.04128190808958	8.0956163355974	8.07648088575168	8.05875011764616	7.91686524292618	8.05910114208707	8.13111742436664
8.72035168557733	8.72337822581891	8.73935660103042	8.59443075118353	8.71168612083581	8.71395689299699	8.68483683789875	8.61741459434999	8.60628364120845	8.68869264223625	8.58331499153033	8.617592820479	8.41206859774683	8.82041707076309	8.69328737744024
4.68987456140174	4.76334878353932	4.72302057090441	4.38738861721584	4.54383296670883	4.48482749835411	4.57233178743847	4.53011847666351	4.65748658897434	4.27666884449139	4.34357136071093	4.19751343324614	4.75416415875011	4.75841241322937	4.32466689212809
4.88023585723054	4.91213184765483	4.93833425167666	4.79012425277066	4.829932158634	4.91582222132518	4.89904422677672	4.85486204003647	4.921996886593	4.99846467974701	4.87557889835169	5.09363135466966	4.74211554701956	4.94952494911577	4.95463493641915
5.31385283171594	5.01156016579625	5.4155806580199	5.01906608363749	5.32476994465393	4.99289415667024	5.23636274032422	5.08780538110097	5.07398322830029	5.19276694141518	5.05758251677495	5.13806974742017	4.75701787991656	5.12995681345347	5.04038847245236
7.92847308546748	7.9451678800097	7.95752283871823	7.68857493066726	7.8013442110815	7.80849630691096	7.54293203347241	7.58648242625717	7.363123058501	7.40068193010179	7.44420871548394	7.34538730184046	7.10717597800616	7.54720957337597	7.52321273679892
4.85790276618683	4.72395640561702	4.70883088483176	4.63459532605065	4.85207664142083	4.72027642342788	4.61115013174409	4.82173247905509	4.64932284702247	4.6155737957337	4.73627396189964	4.94309284156473	4.42879418055832	4.68659294812028	4.67812081438411
8.64860098440097	8.64121206510778	8.62053069187069	8.70133890812901	8.69509813940772	8.73548217691967	8.81054873176445	8.71813744174581	8.80937011893481	8.96010502226841	8.90570109434877	8.88182305827204	9.04030345451721	8.94090586407922	8.93891876432553
8.80569904408541	8.81755480808589	8.71373827147647	8.79157055248644	8.9320197304768	8.92436212720338	9.13784360694244	9.12737253397245	9.14959354834325	9.19760179748369	9.1644339477389	9.14774367244208	9.04913936657633	9.20506654655085	9.23071154612737
9.2541857340057	9.22814223907586	9.25411924450646	9.24094966457959	9.33792707068593	9.3653462830639	9.47718339675797	9.44216832474575	9.49164839287934	9.65416354143757	9.59539877143781	9.69805642920396	9.46611541387542	9.48876860603716	9.48218606084683
9.32305179064454	9.36541289612354	9.33142028363117	9.39672354103999	9.31991771029305	9.25847175923895	9.28466313013234	9.3094196367241	9.3818889526576	9.34571433208617	9.32982823734969	9.19505119601623	9.59057251878381	9.2583801526069	9.29293657687187
4.74651301596797	4.48997332936378	4.71588347417894	4.76512301249303	4.44658952904188	4.50156595182345	4.62129818959266	4.57028985297625	4.4510368580991	4.41414322898987	4.6220775937538	4.37903001262011	4.48214575387339	4.60816147578012	4.72974072968929
9.19851710547244	9.21838391117499	9.25276645624238	9.20856409735948	9.24136538046147	9.19314538402148	9.24708423649727	9.27757026097488	9.18086421038187	9.19410692083428	9.16439851231105	9.19786063645084	9.37808335641611	9.34877975382482	9.20779723289547
5.51612135391178	5.20932359194652	5.51219691621377	5.79498311289256	5.94788028296911	5.97608635070141	6.4542756084501	6.66843988157302	6.69891030871733	6.85629508076007	6.95297941685537	6.63297825703147	6.459407820583	6.14769272547547	6.45448493189597
8.65046758849572	8.5871746232141	8.66709045282609	8.59367690596695	8.65785149148792	8.67257733172264	8.58705205884268	8.4841378051734	8.60273209990653	8.69869310099292	8.52836857196116	8.71344532503017	8.61416445738183	8.42404003427574	8.65456849189016
8.73390430900786	8.72147939881739	8.73292570474	8.80157556074754	8.82992304622601	8.75139194979947	8.8705794015848	8.82890360192325	8.88726428731353	8.83113918749576	8.80771428703134	8.9539327754903	8.95274103850204	8.7309745410424	8.82176626264883
4.53213492154246	4.78898301679867	4.91598693204183	4.86683903506746	4.78178473942927	4.82585782688413	4.7928739384737	4.97438951228775	4.96781439453594	4.81202816119668	4.76974651338018	5.19181675365814	4.86630653984826	5.09058155597694	4.98133228987986
4.18881460355028	4.51964057534488	4.38659304424419	4.14315696329253	4.35865606749128	4.37050242109338	4.22023791399594	4.43076850612571	4.56973217561966	3.91993350250431	4.57778876659959	4.84342045937607	4.4544207980112	4.31138667805562	4.39093013726302
4.96033395159363	4.97075097791269	4.65179987833858	5.06595871843873	5.15181754056086	4.85610140280418	4.79174071469933	4.63737454027994	4.77483661386597	4.96407815691844	4.78543812555815	4.75857637573919	4.53281650561493	4.69216657104775	4.81813120771726
8.45724820819626	8.56649365009652	8.53229234457203	8.43575800528346	8.58060503943003	8.56824240649026	8.42361335599368	8.42949049887758	8.45431491036756	8.4792435065688	8.46142933837636	8.09483355824021	8.39616663402483	8.36085141899382	8.38454319466924
6.13000731324419	6.18287699455345	6.03390665034941	5.56136732377771	5.5479471258079	5.48709094724464	5.40417422619601	5.4678069383547	5.40338887873828	5.36752493280677	5.26075295284588	5.3512853405282	5.47355041975486	5.53892129458998	5.30058987822264
7.28237082791542	7.3076516953685	7.40559054292645	7.43653548106299	7.57735613049253	7.57650822185251	7.68624557698452	7.55134507012871	7.68516281242063	7.83631106804147	7.67084273381242	7.48612081354674	8.09162561976207	7.59858871344393	7.76038228489062
9.61358401531908	9.58830882332193	9.6259485673767	9.5717901824669	9.58613693953774	9.51161626412981	9.53174479101667	9.54943379843576	9.5794205879165	9.40863539332825	9.46141479785438	9.72491614690014	9.10827249580934	9.4134713975065	9.5888106326975
9.68777857145571	9.61902876071504	9.74910882286052	9.68987871125045	9.66637655620737	9.65892192878308	9.66909620299954	9.6844176005077	9.72520303651367	9.69537798455109	9.69850214970805	9.71431976591789	9.7242437774486	9.76486179339733	9.62492343424892
9.40606879955199	9.46245257929403	9.36103547992622	9.46003628478099	9.36514381843709	9.44638033203533	9.32005476969157	9.39506569726708	9.38302707351905	9.31862879200577	9.34190916689601	9.22930578146117	9.4279432671796	9.25239471285817	9.28538770583928
5.54965924972967	5.18803368216804	5.10549399738752	5.14783006374241	5.37176110036804	5.25268228915133	4.96315549072334	4.71814241698288	5.06315278764313	5.02553866799648	5.05795236112756	5.1146224137387	4.96271030961987	4.69597042694241	5.21932798468398
8.95501889406733	8.81837618159944	8.94016484964751	8.96527829310225	8.96325028750717	8.90774876604621	8.85087954342137	8.87746142755294	8.83041109582263	8.92389716059807	8.92983438864968	9.19237616220473	9.05665281967795	8.77684207900276	8.8446142848008
8.70935462560927	8.72589394680758	8.70981530851425	9.03675886480462	8.87468968561536	8.83114647283457	9.16151435234463	9.20257382789475	9.14507266556018	9.12903227701236	9.09695747161343	9.27919919544639	8.86805372046146	9.0505964040661	9.13845697200656
9.72816837231091	9.74521624933738	9.80660225864719	9.8403267912603	9.78171919249849	9.78056614683819	9.76757951056754	9.76775759729847	9.7874085021512	9.77843875348322	9.76686856447074	10.0176262718724	9.9198206481012	9.85083077312434	9.78856436877348
5.21249864015321	5.37684966175992	5.45267911445834	5.21617698070063	5.24572611604729	5.48134300094286	5.09306564995	5.21104129536822	5.00549610716165	4.99620337327513	4.99493419139336	5.35973497121348	5.17773248042232	5.1598053774124	5.22247519779199
7.39143124814083	7.43202257469629	7.41721798061391	7.33767545666432	7.31433320900666	7.49683985134397	7.22755154723192	7.28809915317268	7.30469634276417	7.18123689899225	7.1742158848101	7.40689369794037	7.07975899686397	7.4424811035437	7.31390563898809
5.87411960940662	5.69531990942726	6.05438789893795	5.90001683767023	6.15799803430158	5.93435189764383	5.84256658948034	6.00707704024584	5.85420381755536	5.84462011282084	5.94874334746314	5.82810596488139	5.857074107053	5.62732428333334	5.81372696035836
5.00066693938106	4.91165078384908	5.05534288103917	5.08487047739939	4.79784826111603	4.74895080886104	4.94848322650695	4.92650395740587	5.00993454154087	4.96241783314811	4.9084760537318	4.74470694685929	5.05565451642605	5.01823702496573	5.05338387637665
7.91647004622043	7.86478090447426	7.99230116937166	7.99018830214057	7.85073680340624	7.87321565385574	7.82516950774265	7.8095668161538	7.88613937973603	7.93785106081517	7.91448405045378	7.93562364512786	8.19806951628259	8.03809634667197	7.93751279885063
4.65368529499791	4.45659564199738	4.4303674062974	4.59333834449165	4.45068725361272	4.35737574016881	4.38375991314724	4.31421932480283	4.45640134630084	4.27052653430145	4.48038002343233	4.72011350020831	4.27969783138022	4.08083993933469	4.17349431390528
8.5368658361836	8.68817816078185	8.63915232701908	8.78521804500076	8.70220756745241	8.64865437647588	8.75741519946872	8.66009072040107	8.70911059861695	8.86635063090333	8.80346393237738	8.10180316161135	8.9091264581014	8.77917232447225	8.68241220167046
9.23581372359627	9.22465637261019	9.12867034535312	9.29584695067673	9.24022880928582	9.28953827550818	9.46132374539443	9.35152188397854	9.37079533110913	9.46857066377102	9.39071396210443	9.15803416203002	9.05495680216141	9.4859543892208	9.39237044937931
8.68604847268328	8.75227835356704	8.61667587662338	8.77751615656748	8.72808011335748	8.76606321321103	8.80777375386086	8.81405903223547	8.78047434840116	8.74537728887147	8.77383256263746	8.50217761203374	8.34376311063454	8.8391500179997	8.74502277417489
4.78950001378528	4.91316601436888	4.50711430446469	4.52987436989904	4.7181767296573	4.63948639971563	4.50400028000802	4.62775676194657	4.48643033886486	4.58655957927592	4.70794171971627	4.98027471480398	4.28080827800191	4.46534292783851	4.66526061153964
8.72240151527699	8.74110423411911	8.70801245447124	8.73763630466929	8.72300575098897	8.72364902501487	8.61612177345661	8.61945387005663	8.6491011158867	8.62077959325229	8.58780288700205	8.68509663049617	8.49898394283939	8.73725572936944	8.645364143612
5.13968083808433	4.81418975625721	5.31494631895511	5.09394590266194	5.06275670022026	5.17066736816431	4.85478733767465	4.96253736289108	4.86877284158067	4.5417965848184	4.97443270708633	4.30814806652813	4.89975137431842	4.85154309911087	4.85993401340536
9.43116858534114	9.40950757103256	9.46762251366911	9.3919945126314	9.46141225582483	9.51071482823044	9.43039711678892	9.45674052148325	9.42919671900716	9.37545980593469	9.36686617211502	9.55639588196953	9.31591922349794	9.17632635278079	9.44447485090571
8.18008065171207	8.22138663290454	8.20304472012913	8.3137717054018	8.37456067815513	8.36787344342028	8.35620035562187	8.30770495683374	8.37548787185049	8.40256587289749	8.4617659780088	8.22996915309273	8.36964575898721	8.34362999376748	8.52079478825498
8.72209035592507	8.63138319960723	8.6960476578797	8.61559305698243	8.60516462592049	8.59686798703587	8.54272425903553	8.5772660465627	8.52139316246091	8.50736181080713	8.49658037990431	8.29583463906796	8.63648890091603	8.61370403827584	8.57651873262052
8.52526913785541	8.54769083617215	8.39826036828433	8.54550087143485	8.50609516045962	8.53760015104887	8.62327766303162	8.62765840148918	8.6636062444215	8.75398637241707	8.71854814566299	8.64699701206928	8.15812325744967	8.63529670665977	8.62476693299511
7.19456623819065	7.03488650535885	7.27602084059955	7.2805416662735	7.37441565208315	7.44983524627905	7.41695926736446	7.39769374243651	7.34096946663339	7.38424456069285	7.38139261776071	7.3893026802499	7.05665088902168	7.473292120373	7.6119140159607
8.53022034758184	8.5546355888396	8.51108757455669	8.65275063686358	8.52940570485834	8.49282938600691	8.43960645604995	8.43781171261264	8.47559503770477	8.38595300945745	8.38691414904034	8.36556054824402	8.31191656792244	8.42664359742253	8.41112095465526
8.47976736229625	8.63544701651746	8.3595056706129	8.60533778064947	8.35325260223632	8.48448321882269	8.45308385220706	8.46445098934262	8.3746936210151	8.28369049662937	8.395343610694	8.3613897034928	7.74270047883127	8.47555359934646	8.34323791554506
7.60677037571348	7.66793206615056	7.5528299913929	7.49880738677864	7.51288155639848	7.42927939869213	7.23117035200371	7.20767819599336	7.25759821057076	7.15861969358023	7.25555055211413	7.00911814116871	7.1766361747712	7.08174279133608	7.16103766969875
4.83703005341176	4.56718483325698	4.85666017686841	4.63509700539126	4.90099524751991	4.76179683476293	4.90688536405699	4.86660423730783	4.83441208609684	4.65919849521573	4.77167692965619	5.2402885861037	4.74244321597383	4.67844157726504	4.58817970555959
8.56806489072584	8.51877675789055	8.50848101647156	8.61114356082393	8.54218486937031	8.51915526487655	8.561228543924	8.59830186008995	8.54015456852195	8.26199419591742	8.4015445258817	8.42981460934434	7.88617573726857	8.64899490276488	8.45562339758927
6.51864743575193	6.58088875883841	6.76677095526009	7.12086128759209	6.91969576036326	6.87873047535673	7.34226506526377	7.38208871770406	7.37996709933271	7.39519576785745	7.41843286122364	7.22030015814024	7.16843272662751	7.59868799979276	7.5636676943815
5.4322128842179	5.17554350245274	5.07246626085045	5.14744747736105	5.45588317805673	5.21710287529355	5.38423074157641	5.0265272936684	5.07130123078665	5.19248550479147	5.1550160008677	5.24919518388918	5.36609749754077	5.25350521957608	5.06887834011086
7.1429002355718	7.18270750768666	7.2761220583605	7.16591202037314	7.0459186639835	7.19012405565012	6.91965036055733	6.8921702129561	7.03896308275861	7.06807048476183	7.14077142622012	6.93412857166586	7.51457882121053	7.03205292880131	6.94787795215953
8.51724698353781	8.50684673197784	8.53537632679976	8.65447811067609	8.62253987903784	8.62961557760608	8.69564476914001	8.70000044159764	8.70482627213794	8.7854997735921	8.81927818700658	8.97033208109365	8.87467966346468	8.73663481031628	8.68138708256633
9.56959907014553	9.50800206511574	9.44519560854841	9.49894142082872	9.5303728919875	9.53213513187203	9.57372790794358	9.5896277501641	9.55872914122117	9.49354000200627	9.51353386387073	9.70385749531196	9.39439732043387	9.53399847780231	9.48600916449555
9.31255958232033	9.38676863683537	9.37323138747584	9.55723653648268	9.41505824739814	9.37746265302845	9.51705433743302	9.47494482002981	9.52105769214188	9.53805833519699	9.54619055485309	9.67944566480401	9.78899969685491	9.67498023044272	9.41307074319463
4.63468336235437	4.72357657307831	4.68077248639307	4.44592071232864	4.94998540319289	4.69673790503685	4.32077964290464	4.61445486645842	4.38864012815979	4.49155075318753	4.44841856033074	4.53656911947618	4.2700687072978	4.53908241860309	4.60687232657221
8.36455583911822	8.40506857515101	8.46828933286238	8.35011540608829	8.37288420561415	8.2975120734765	8.22254116462521	8.28584795587206	8.2320785310719	8.35232347538669	8.31212719630265	8.38275368680624	8.74108946607221	8.27584614233655	8.18811695867042
4.77777673711515	5.10038573483334	5.26745601621859	4.70896584451603	4.91839685831372	4.89389539978602	4.79773459327372	4.69957379976474	4.87791783346145	4.93282197427107	4.91615052464271	4.84249884508193	4.83769112085026	4.97305511454515	4.92666975918551
8.87874203561262	8.84522771745064	8.97464338548008	8.99888423166176	8.96997981227718	9.00638340713591	8.96843551965875	8.9845608875159	9.04321055823491	8.98440262157198	8.954978340456	9.19869211277926	9.26865571013695	8.8888973066666	9.0460685911667
9.76563111218373	9.82924291176491	9.8862773410285	9.81351931854143	9.84109771555985	9.82425851432659	9.79265662870369	9.76430885917855	9.83192983225685	9.90351892721907	9.90188498319031	9.82375686675229	10.2291105726794	9.84597854708358	9.87043091031804
8.47219537830249	8.40666476910692	8.62696463487032	8.53429707297962	8.6939995650713	8.66735283532529	8.78220475232428	8.67652657962973	8.83073476789969	8.94323802878429	8.84887342283977	8.89889909400286	8.95436898582104	8.71869900230755	8.93254892538444
4.51575501883231	4.16975229219809	4.70120895987005	4.59240873763482	4.2762589941267	4.27326372877716	4.27227461396251	4.18430843575488	4.43129189191546	4.41196121078769	4.14698950157034	3.97768536454521	4.47758737569985	4.35752309697044	4.29263605145721
9.72752167295134	9.7364705676116	9.69900988731601	9.7385030872834	9.71893261279744	9.72240710278604	9.74897539981397	9.758206946627	9.79318823614305	9.71421115807472	9.76135996089522	9.89308851451946	9.73348367017646	9.62973665397841	9.73644969552316
4.58574814661522	4.65397186094001	4.51620688092529	4.44504566179744	4.72073159880214	4.40803986866861	4.3847351443024	4.41992669597825	4.65394267337279	4.71726194851023	4.42273326219994	3.80266534126457	4.37735016552723	4.66837882635567	4.3791143373563
8.4985711160245	8.56946434513695	8.39510317652444	8.67812856428314	8.6116451675263	8.62027436272711	8.33061485158099	8.37686981269879	8.32680353827913	8.25139548057028	8.19840204553403	8.42672323625776	7.95383802423887	7.97457334358703	8.10126597008951
9.01634192542089	8.90384292305271	8.89060097734398	8.81929110518882	8.89110519869086	8.80978938941942	8.79811948201047	8.78139907924027	8.82966291941996	8.72927395297518	8.80358494404842	8.82570578838699	8.53214056449587	9.05757237799795	8.8196629681589
5.38251982815597	5.16937086158777	5.07383932595576	5.12126178314378	5.04088514825547	4.99819317647952	5.09633389596466	5.05074330148999	4.92326931625045	4.99695304712053	5.09438245993835	4.80759187335179	4.94513170272107	5.07778718821908	4.88257817190182
5.55341327811205	5.27183103772276	5.5499135373725	5.54945770778712	5.7790752914948	5.66192125458987	5.28937446314315	5.49842002556051	5.21373977855503	5.39759903757196	5.45113311656097	5.5906249288068	5.30215508041353	5.40049690861751	5.4300774808705
8.92615576595915	8.87646662501735	8.84975048560237	8.87253732333939	8.85908030727823	8.82219740615657	8.84121862907887	8.86123078861449	8.85531025613113	8.65457502075973	8.68529290652781	8.77144113496169	8.39212422527048	8.80578651488526	8.79203520605784
9.05677869405637	9.06220752589515	9.08504956787446	9.07892711878629	9.09078975251057	9.09921912533853	9.04013860052754	9.05792063026012	9.03083450261088	9.14078097491345	9.0991963902781	9.10520258212633	9.2495685719572	8.94430136250772	8.9627073919321
4.05097998536438	4.15972153321709	3.9905918897394	3.88602995162778	3.80850261765219	4.0283402976276	3.86465375270824	3.98399837335705	3.84083514281033	3.70971175417279	3.33589274827554	3.94548944362173	4.1084380807455	3.80253507994945	3.81196014358291
7.73968678554706	7.6951066646241	7.59173842470118	7.59770177772058	7.61579344095989	7.61354704967814	7.48320901692458	7.50377216430518	7.55136466262293	7.37391192162775	7.3361850716677	7.27654985901297	7.14980349070208	7.37167032165293	7.55865788172786
6.04598899293509	5.86195935096441	5.76896963855959	5.94956453455101	5.89121084892993	5.85826629330143	5.88523787662542	6.03138035509089	5.77848128083932	6.0186272398069	6.02185671080156	6.31431220123654	5.71908788776425	5.9944717785315	6.0495906843614
4.27527749674411	4.59673703708676	4.64458161265844	4.86436522060379	4.59823262816677	4.52718312450683	4.50598976195574	4.4007534313084	4.55403083647529	4.56511218961383	4.40186268365175	4.34254254895697	4.83009381568602	4.6010303283706	4.40726648667427
5.30981672986294	5.1141553979159	5.23975610349131	4.98930930687797	5.17736257796146	5.15710491525617	5.14530059671108	5.30884220315074	5.04734850534054	5.31928917405031	5.33372992366851	5.67001984672572	5.15132253334806	5.46165497959551	5.55807287926035
9.22879330060318	9.28095543678095	9.21437596782092	9.189562787406	9.37580051812447	9.29417850367193	9.33182566578725	9.35218964859258	9.27501762946702	9.35567576941033	9.33173124991318	9.44486317919218	9.09234826240958	9.21667700040123	9.26706580868938
7.6553968306767	7.70371102850545	7.62368015568924	7.33774271416032	7.39084721514383	7.3214068039366	6.95904232365176	6.77790346457084	7.02487648426837	6.90313126944691	6.8887997904732	6.7016203819439	6.74853932211857	6.15902001604208	6.32687518995188
9.52602261515574	9.56468870292801	9.54511613417044	9.63251863109797	9.54578644208377	9.56351605340127	9.64197106497554	9.64573650917735	9.64200916226839	9.56586354587316	9.58749008297706	9.68306416036862	9.72496296080128	9.71616036406231	9.52054937952135
5.05812721038955	4.77673553384221	5.04546626108438	4.75524230933115	5.00407985227708	5.02900069117139	4.80752614450493	4.67402223463878	4.6882310457703	4.54416352227529	4.47042469801774	4.25650515848996	4.98601789335881	4.62045974291457	4.76543899553285
8.57387711806461	8.6487625728718	8.75588111213972	8.89944219011024	8.77353741799042	8.76332546830433	8.92327730423354	8.83630238081661	8.88166815553741	8.96383058757441	8.92727329978872	8.62646536744935	9.1529547908855	8.85017350112112	8.92815522390534
7.58579638509274	7.55246848494188	7.71951395646165	7.5555301569826	7.49159713762033	7.59153222866226	7.45200996480761	7.48302256383329	7.46261452943276	7.42765461285978	7.46149702986975	7.21951059972023	7.64941483017614	7.2155461167767	7.460139109477
4.22685873465713	4.15032060294865	4.2715509549724	4.14307124967521	4.35824084837599	4.24310562909455	4.65667723372608	4.4791653206452	4.48045516471401	4.22202299479842	4.38777035353808	4.52098869545052	4.33379014049896	4.54964311113579	4.56822012319813
8.37953315664879	8.42933592367666	8.2486195012067	8.39205432783725	8.22441891691034	8.20174590548506	8.15832127698274	8.19583409754014	8.15049222426774	8.02401676306238	8.12803887650427	8.0562940144	7.95221376313076	8.2088220088805	8.05878545846178
8.46832684562225	8.50507736602489	8.3812846981449	8.49606977328817	8.39401711340466	8.37750336841324	8.3268314358443	8.32579581080131	8.33167195184796	8.28873888202947	8.33441221323109	8.29849808138822	8.17486584752741	8.41020098906223	8.28147057162653
7.55915723641345	7.61071669760174	7.51477341023448	7.58539601935315	7.54763415191853	7.46588050977291	7.36911296484513	7.34697719531819	7.29635715998259	7.22729037926507	7.24803275996213	7.27869284868263	7.16763806622547	7.34405050286641	7.32361468393441
5.19438736763514	5.3582646379309	5.33401808497148	5.12054388753391	5.14045233125645	5.4550331850701	5.35347928363705	5.15876179505576	5.29375474556466	5.36071173435056	5.18775831420959	5.15563448360702	5.287718897933	5.42818301659629	5.17716759967067
8.64075617520992	8.61647738193327	8.60092365543074	8.63347323622945	8.48793178982771	8.61881828924146	8.53477850328267	8.51574492040096	8.59673901238298	8.45766656142504	8.52756656857454	8.42730776665579	8.24983205551507	8.55206871942711	8.46654696364295
8.66746010669216	8.72300393873786	8.71513482479976	8.71921927047919	8.75542249029652	8.76533801519983	8.8505964231567	8.75266293666813	8.84170685012247	8.97625668310295	8.89781153543514	8.65628767838236	8.70173981579625	8.74662197238736	8.71402331125197
6.46059207984996	6.68874430342217	6.21091188952186	6.26248368567927	6.11911028644917	6.28769208849315	6.16719361198947	6.01802940826324	6.05679514357287	5.85110229800989	5.84589070038489	4.03767494242975	5.84120175847485	6.0253624659992	5.83814433462532
8.52332818719765	8.56645741523159	8.52897289366944	8.70242315164662	8.50654237963327	8.52947196678644	8.47836114122985	8.47028512041499	8.45791891737794	8.41584066995793	8.50447398452459	8.33458052658969	8.28015846632492	8.75526988713263	8.36678775605061
4.04347415640908	4.06194968896674	4.07845072519835	3.86809995755933	4.33704493433546	3.92511285610194	4.26417851693639	4.49104716970194	4.12306759089469	3.96812171626885	4.03755320553274	4.19781211753136	3.93466361636882	3.87674620589976	3.66676737409888
5.35284256853126	5.22439914612093	5.2885939166417	5.36742584644672	5.20041926762232	5.41256568129227	5.1369878548788	5.08809665520289	5.0209287076287	5.14591316718758	4.82919091101043	5.14668025410922	5.27773811071037	5.18530826524163	5.21421112328586
5.78157831219494	5.96669248854331	5.81878310273191	5.92573501166764	6.17621500614476	6.06899579910159	6.10419757664826	6.26604552383437	6.19583113073679	6.27552006767526	6.13042716439589	6.38770712362197	6.27049807716677	5.8569247701842	6.04196211559548
8.51504788550843	8.52909910994823	8.52196349013398	8.63415636167865	8.49604337355462	8.5182957106506	8.51393561794528	8.46616200898619	8.43918093193144	8.53017350349832	8.54687205612847	8.09041401070206	8.79711386685216	8.57215300116014	8.45410966402768
8.94708829265351	8.92694859788478	8.88199251739669	8.99116706017826	9.03207895113512	8.93891120677153	9.02710202407487	9.03924573200874	9.03716568401714	8.96568719266149	8.95792370015184	8.8686481134321	8.807026154807	8.95660489386972	8.89346572277234
7.86735157073974	7.95896366756021	7.97113836553291	7.87865332338879	8.02402222654128	8.07011563260213	8.42456544516021	8.3356962665814	8.44016278418767	8.60519300946292	8.49391586131691	8.53697875812795	8.68753699761832	8.51724671625238	8.48325029652906
6.23021376378566	6.26012481235457	6.48548257359438	6.54256047525862	6.24916031496399	6.28406528320086	6.4199267795753	6.49548363852264	6.33104726433049	6.44573439732891	6.44950445353586	6.53739668116024	6.27313372469219	6.41376444164743	6.46446847642988
7.69172437563404	7.75625862681001	7.53367350317008	7.59068203248763	7.4890339416614	7.6788181042363	7.48992815732771	7.40161044006152	7.57492682124666	7.43237221633991	7.51184475523628	7.49596620881309	7.10708014003077	7.68483710889393	7.45735589009629
5.14046294388231	5.01458201660327	4.97002637167389	5.19961682817798	5.053942538401	5.05030846925473	4.74746313464479	4.98488124668951	5.01163645503955	4.8112660964269	4.88862781514382	4.66029818757877	4.7526908515861	4.85134333200088	4.8205005056778
9.81863261887118	9.79279119392858	9.90789559375506	9.73647003318648	9.66971044733432	9.69176614090056	9.75213578043394	9.76043258738803	9.71130119395523	9.80427742183256	9.77796972797443	9.9346967149876	9.92959119993435	9.77213220350344	9.74652254797801
7.15704536799146	7.11870011802807	7.20835057784732	7.25951067545118	7.14545007693739	7.22752494245081	7.39767138128451	7.45582620390922	7.41784710954407	7.42354885656819	7.44949488083222	7.65305302418147	7.40389944586491	7.62189522566053	7.58824790096149
5.22516494079231	5.02416612742196	5.08159962008855	4.97026961377573	5.36012322959356	4.93512457352563	4.77290099066809	4.9983366530852	4.90248813470369	4.99117674193335	4.93341603644521	5.12815052795948	4.87890946240362	5.13097383133549	5.14691479163715
9.72764757590657	9.70508274673743	9.79238787499053	9.67067996109804	9.71782653622739	9.68456254631704	9.62971957045268	9.64302390412598	9.67096490793991	9.66972489925003	9.72272799921947	9.83184388205174	10.0093204375485	9.51815312454969	9.69930539977807
8.84857178961858	8.84916566181192	8.93040260504126	8.91603782458738	8.75019081873184	8.72645168304564	8.69722653436201	8.78480222891685	8.69506898886131	8.63235706824841	8.70356604215469	8.57407032545702	8.65790361685636	8.75672206520275	8.66940182952055
9.12642153227324	9.05016022744212	9.15288480490342	9.10821846190151	9.08778688397001	9.12161723595735	9.07381621109703	9.11465136894449	9.10827795920312	9.06742193286163	9.09714692055687	9.07380462709547	9.2307014102477	9.13515786856191	9.08055005731836
4.61879974547781	4.40825454159858	4.62034971982591	4.59483208576833	4.30532954612868	4.54033267980537	4.48770139429732	4.57415897347605	4.56436409332643	4.5413126643146	4.64747420571213	4.30714994435474	4.6576836598542	4.83105581030666	4.31045561728793
8.33243097862677	8.23362541062099	8.32251437105348	8.09449739418577	8.23521447970461	8.19606030299127	8.07221189579848	8.1170535254551	8.05562037122232	7.98844813213998	8.0004050405784	7.89179109339769	8.02051102795739	7.9355507351846	8.10827669384735
8.89872604683244	9.00153901081065	8.90754611844002	8.83882646531619	8.93249564866759	8.86431296789037	8.85542112866849	8.81914667270557	8.84222023785338	8.89848791918557	8.89244157579178	8.43717702985251	9.03410989694288	8.87184552980188	8.74071789271258
9.22865658849855	9.23223256430375	9.14875467321079	9.25651239676292	9.20078512740781	9.23709635433926	9.26534254203754	9.20700458983546	9.23568071084108	9.19834784067847	9.17715544325314	8.98394483408534	9.05476124074683	9.35005587883705	9.18025940934378
8.94548224117835	8.83255363946367	8.91676295504433	8.78428988459559	8.83580012278082	8.81925919258901	8.77057205332087	8.79815729676319	8.77543791930965	8.70791256609477	8.69716350537174	8.73566372423065	8.4163260708625	8.64848892222232	8.69038651009935
6.59947625889447	6.57344771978417	6.54026147681638	6.69969018238684	6.6744333308908	6.80603841941966	7.26326264977894	7.24181878150722	7.28291112241745	7.35906769864086	7.36038924574181	7.4077363308735	7.15653708948318	7.61429787941035	7.32884708549749
9.36534339233216	9.34082418635454	9.24644491397842	9.48575506974838	9.28547259171513	9.36362245655554	9.30632767668882	9.31823607049902	9.36059140223978	9.27269300810503	9.27118393859025	9.01198373499107	9.2001347360758	9.41039817985289	9.2934437672164
4.31858954707669	4.08888165183368	4.41278888281545	4.42933722857016	4.44825357625228	4.30774073084798	4.40967695437805	4.30514719263089	4.61822991990509	4.30064516738926	4.12288907623988	4.57965787745751	4.29463301574961	4.44397677149763	4.46948848146554
9.60830609747462	9.63218445551469	9.52685757908227	9.63878961257644	9.64947970582576	9.69157880362368	9.71532783742043	9.66833462514771	9.73626032121919	9.74099263537668	9.67891959271676	9.68507724804713	9.31243008358181	9.714237188114	9.71268009248189
4.42215303697365	4.4561847996164	4.37253698514145	4.65593944110446	4.35850959083478	4.15802783721016	4.33419611727265	4.61301330411857	3.98013493289608	4.39293963977228	4.35829435525032	4.39578380330969	4.63159236596156	4.21584312943645	4.3076371465802
4.69423815436014	4.73666590224264	4.65515042197641	4.8667741635284	4.57793519008004	4.97554469555924	5.01314357468264	5.05413828510113	5.0320291121516	4.87726960143194	5.07425829483429	4.86324106377158	5.04409220208323	4.71281951478959	4.72510087192436
5.36456128309837	5.25973526280327	5.38694147329554	5.3969055555941	5.40548396470737	5.40994903998568	5.22244686586958	5.09484091104793	5.15993809350132	5.25241361818826	5.24679205612853	5.58191719186702	4.82445665731104	5.21903954624926	5.29895495160593
10.1343817014112	10.0961990221889	10.122521809779	10.0395016769443	10.075657152553	10.1063836770148	10.0972636144398	10.1341009926376	10.0463350951742	10.1110523999758	10.0588120757827	10.0569294511757	10.0838176472797	9.99990633074948	10.1444905689981
9.25267340490922	9.25707949211203	9.37757594573492	9.35995580304578	9.34324668453671	9.27344879841271	9.26428861532006	9.21583928738543	9.30291952869941	9.37092682200808	9.35300253973704	9.30506209697393	9.72452979699752	9.29281945020017	9.26329221011918
5.62629437700308	5.79651507363099	5.80735644019857	5.76750162550507	5.54754299866844	5.62812305775416	5.71058393282219	5.6876799108402	5.72638568118893	5.65602593629566	5.76541972375273	5.67027095084681	5.59993992586414	5.78174056371588	5.73832301347654
9.18391842591359	9.26760170598001	9.16734382011281	9.27118749678194	9.20660102068637	9.24427654089644	9.30971130793512	9.23341288819008	9.27623966949768	9.36620850024262	9.32094846604295	9.30288419256889	9.07777299023527	9.27559121780094	9.25642426715895
4.76249717722195	4.82729147389492	5.28638756306232	4.82337163138124	4.90513899337225	5.08374014237395	4.69318702297143	4.77917090743296	4.72221087371837	4.6432155542643	4.71003880500958	4.83830860018081	4.93179221304207	5.00804992586198	4.84877611747585
4.69695663534166	4.95856917780555	4.7961950680126	5.19104911727873	4.90865782598004	4.98957993170664	5.01242349219614	4.90486449228696	4.89871632709604	4.92029116965994	4.94864460392513	4.65876849527985	4.88700152663207	4.97283450753984	4.99120593492037
8.83774334663225	8.72664279890741	8.84135630522737	8.8288883341918	8.85212535364489	8.83709026851451	8.66152557274801	8.65197030439653	8.73043603305078	8.58090952061047	8.64983948525947	8.57597901128856	8.41502888035581	8.84053938185328	8.77165901401053
5.08592731860692	5.34417794481944	5.25950179226958	5.23317141387781	5.14233396512657	5.28058553926925	5.13257629351554	4.91641602179697	5.07256974041927	4.94888021657866	4.93181675683143	5.51828893593412	5.02162468249554	5.22549293631362	4.90414111609722
8.60423329340287	8.73148212269368	8.65240047683753	8.77281534323723	8.65200320771689	8.6896166559296	8.53021170559735	8.56826650342486	8.62519303593873	8.59967988209774	8.62405000877099	8.36583506111481	8.83000541348727	8.68430360066487	8.56751768443638
7.0249094844235	7.20056528805325	7.03811475255324	7.31422541401293	7.06122666855944	7.09032946398095	7.03833946504644	6.94519446486938	7.05136436565679	6.79329963128305	7.00329342255237	5.62040191790132	6.74488198241996	7.1008895160655	6.9431723814139
5.05826799851822	5.13008159338592	5.33755530977034	5.03823344069503	5.15246204317848	5.11168801585329	4.9632194248788	4.64098873420375	4.85391888203251	4.82387616276751	5.10700766868489	5.24233641432951	4.92131011640793	4.69015241773465	4.79138044758282
8.5046943184254	8.63456960050025	8.5421951241411	8.63807421281502	8.47796300807182	8.44778626799678	8.60544270027565	8.53157226647275	8.52273302184131	8.59351163706503	8.59406779737318	8.59981911113193	8.65955900515667	8.66923952437738	8.53298909824075
9.56982662215133	9.49283463587669	9.61926900212466	9.42371225975664	9.5447997314408	9.49307956453005	9.42916150626187	9.47134641766292	9.46698112688808	9.4594321721916	9.46904935312826	9.6618016415582	9.75174560025576	9.37800394136735	9.50268360559341
8.71877480497428	8.81062223501094	8.75103447463278	8.66141207444171	8.68308000179945	8.76157110933686	8.72246586807976	8.699593452067	8.78126451529819	8.77084122873505	8.68731995427945	8.82132057440169	8.68622986575086	8.65800960671523	8.74837393557882
4.72223559451433	4.62558916570321	4.78022417682532	4.87744101271734	4.73296986954885	4.80213417719847	4.83189960582475	4.94318655357701	4.9256678162139	4.83200703179099	4.88320720270349	4.78848645442694	5.09387277580685	5.13301024211276	5.00785845818819
5.24796952327137	4.98940215035948	5.0987768354982	5.22487823172801	5.17810447849964	5.16609464568771	5.01240322475114	4.99780389267321	5.14394300721545	5.22304715622743	5.13371698498668	5.2753443447927	5.13263006230387	4.94105062283871	4.99621399069171
8.76643542388011	8.78538336740799	8.87168006213567	8.77417234480386	8.81423192993909	8.81755178301458	8.85595943348906	8.91102358341189	8.8368576554501	8.88958547456533	8.91576810882888	9.03748597307406	8.98858815176258	8.93130158135651	8.88890758708017
9.19902052040157	9.30448493627056	9.2020373357552	9.29788028168863	9.30531602644211	9.36221733963877	9.35404816407953	9.27995769747964	9.2776390891926	9.35209978303984	9.28135387465515	9.12191663951696	9.113013826297	9.22575593610871	9.35212807275328
8.55460207220964	8.67662635058587	8.66313317594082	8.80729350155931	8.59158102010356	8.60830524739689	8.5456604992158	8.59303322672458	8.57380320589779	8.5403884891282	8.60577761618203	8.40451284197914	8.88328909843153	8.44166453249534	8.49741979118727
6.71603466578853	6.77263477741259	6.64975168866122	6.64780209908986	6.57430062302154	6.56165136779051	6.46648651225079	6.41037262875175	6.4766087602987	6.3568160061181	6.30102521162899	6.66548577057866	6.15995517180302	6.08334326308157	6.2595166376778
5.14868157965409	5.40432460948325	5.32050207168404	5.32162350386912	5.19649453096484	5.16649440950705	4.94633231857184	5.00494096365506	5.00027826732283	4.94290028585268	5.03327044987706	5.09671863774449	4.82949567601343	5.05508554334297	5.38655463043075
5.28186116576475	5.31440034281724	5.3033532971659	5.30532456896039	5.28307595027894	5.21132536201553	5.32327453232585	5.17240472780358	5.08599564733886	5.28623412122221	5.16564411964055	5.2358478330238	5.17142537505422	5.45334312436152	5.41757572965322
8.59837677705404	8.58852387893678	8.47741501751013	8.81346421693706	8.66016680191837	8.57349763028201	8.650729851555	8.62543022134608	8.67430953840477	8.6517050239001	8.65402090568347	8.65992209895792	8.76078735112934	8.67830744309109	8.68214989706165
9.60332483437002	9.57209138141252	9.57363226917291	9.38053404395897	9.47519999744598	9.46304637347198	9.44276246454137	9.48496000918528	9.46785702306072	9.46253840578517	9.44235422802333	9.30463524908244	9.46276903837811	9.44890059071412	9.46807586032793
7.58336446139734	7.66832606489592	7.62456787408501	7.65928310696006	7.61694203664333	7.54576696019905	7.37638258937023	7.39648912217075	7.37996858924576	7.41614255197023	7.47831279207114	7.55910632039345	7.92816220245546	7.2780193448701	7.44891760509067
5.61692050041588	5.40669630232645	5.28250185832108	5.45193014450512	5.52630897932033	5.58014736130695	5.50382681063894	5.58796727486332	5.49595932176033	5.50130908539969	5.76172220254814	5.92372352119001	5.52469836555016	5.62616362790149	5.70641142714813
9.45252599033837	9.42984925563944	9.48712357982118	9.4291167924086	9.40682162319206	9.44482933563151	9.46625643036075	9.43782125676054	9.43911379791936	9.40875035123134	9.41156405817334	9.3635350969164	9.55873461531063	9.39979446757188	9.492484198073
5.43815801665382	5.22718355255189	5.31684995621376	5.25602039194824	5.67622790135621	5.41831159407074	5.20519693690851	5.22541053133286	5.43205128037391	5.5680938823662	5.5051422417963	5.47158298510556	5.66686083966722	5.40526757475745	5.43531350786291
4.56209063194443	4.73711894902527	4.86453079245338	4.5158657412441	4.53295717138017	4.72269702082117	4.39169234831243	4.44466416512555	4.6620492347669	4.39618828864813	4.54606750388322	4.50823869617709	4.69705469051248	4.60048762593297	4.51109632077754
5.80801911222498	5.90837741187918	5.79176429338128	5.7337641942886	5.56625209070136	5.72945528876519	5.46787485868157	5.48272582282769	5.40622243121387	5.51080190331553	5.54355553321747	5.97217668247197	5.53506651134873	5.6972051754026	5.55771667775636
7.54098126563676	7.53086908765053	7.54825404082773	7.54551547850941	7.52040371026971	7.55369240714786	7.32090185285406	7.41367889766527	7.34051134319755	7.17737790105885	7.36206386329035	7.35650175101368	7.35592968558888	7.36401605651969	7.33022688746061
4.90839859809113	5.09094457842297	5.04282479971145	4.63479437323133	4.74954660789457	4.81622640577426	4.57190081252506	4.47402307085822	4.62849108930968	4.67481866204995	4.70502927528024	4.87551754770119	4.66130142594106	4.87262290073096	4.39783678109568
7.7475064560425	7.85769139635885	7.87325653295135	8.03916341824644	7.78790618195249	7.83032599409957	7.60860243026366	7.61636670905349	7.66280775534876	7.66878903593578	7.55749438366137	7.21552555816037	7.97081754749334	7.73116680130028	7.66252447659028
5.11524268317566	5.0694246656706	4.88214968572571	4.70874263810537	5.17068262137166	4.99442492083802	4.90743355710857	4.97826681343981	4.57288458029528	4.82580616411706	4.73326124289517	4.47029674618396	4.57941855771905	4.68492885196933	4.89693741894275
5.63461441729132	5.60826595474895	5.58014981780627	5.41096108992622	5.39455795251388	5.24327201323321	5.36654301317434	5.24323786105341	5.2055042768095	5.12495970037397	5.36715768884201	5.37812323646675	5.33157323371358	5.37547532430926	5.16398203205032
5.5834061683401	5.44458767183968	5.27875885345748	5.31364530270697	5.17207739161049	5.27449118605863	5.30439521709438	5.31147090054596	5.27472053767814	5.02520676429799	5.04480007602386	4.74278490082849	4.93577381359073	4.86737271139144	4.9976535402574
5.26202721179186	5.09965464586366	5.21510966630969	5.43647927589552	5.24246030579837	5.27618650061076	5.60397649405168	5.61109075990504	5.74321758007005	5.90620424484781	5.75797386814908	6.03127766279176	6.33990189771599	5.91761150889337	6.23955613642725
8.60012739352068	8.68109305987152	8.51056384750912	8.73066359971551	8.53987562998776	8.63120625680532	8.53739317450127	8.50671505418004	8.53246506355318	8.50997116209367	8.55758522343116	8.37125203628297	8.79692217019976	8.4555667378886	8.49266235706164
4.10128284058886	4.10818504019483	4.03537584146557	4.08789296993208	4.49896406911272	4.43628852360621	4.07211741721686	4.45468559995033	4.3495066446494	4.30380918676485	4.44802226839741	4.60059042348747	4.49513361779521	4.01632522324218	4.0906444438196
7.80927080497084	7.84378865882831	7.82286391638225	7.81283973898412	7.76139965634538	7.83393146585498	7.79955673006148	7.72396408776498	7.708910236931	7.7769930582856	7.80997766248545	7.74226076954899	7.53413257865733	7.81029780747638	7.78359500900774
7.29913354010456	7.32386372152265	7.2837091833982	7.46741425554072	7.34271430713331	7.26436575169006	7.8099858322863	7.80955389302076	7.81975193563575	7.79037161502365	7.86348754371395	7.51293214915246	7.47960045955858	8.17223654276889	7.86366695329281
9.35617592023628	9.31859639702253	9.42242016173744	9.26981957238898	9.3413992643033	9.36147925939992	9.30049449421957	9.39277745031108	9.34364118316674	9.40344591077075	9.40848393797101	9.51657914835171	9.50148529168487	9.31426922636668	9.39602052148647
4.60150591050317	4.6110456447316	4.51785401548046	4.60719147546751	4.55479754652369	4.56413682296683	4.49337855675909	4.36896990045549	4.28214095484508	4.74512674526752	4.30444505163822	4.56064245282403	4.47493870750909	4.42518473386943	4.26616929991101
4.72787333817259	4.68292952801391	4.76417166252653	5.00827828396798	4.8408835732707	4.82549822091325	4.7683175537641	4.510973684549	4.58514007442524	4.71153097714855	4.5766834860617	4.74722347810984	4.66495831132043	4.60621218445176	4.65576406103141
9.41538320845981	9.35753641884877	9.36574471375568	9.4155906366855	9.37954270666697	9.35412313483884	9.40354062131659	9.37474394828716	9.38239466557807	9.39374551821018	9.39733104003968	9.53431937371257	9.38958642130199	9.41779829376499	9.41883781509578
4.7335057629873	4.68265417833427	4.44914229842205	4.4461238643143	4.79809639233726	4.55703482782492	4.65515718782015	4.63321582341217	4.68017071101503	4.60331418560378	4.55477167708204	4.3796297842823	4.44628844570319	4.40680822393744	4.61883837288392
8.44876468344574	8.45525719912219	8.41104763715013	8.64193470425296	8.41270722640412	8.39813691195341	8.42145822509667	8.44883906854881	8.4846990182669	8.42041318643923	8.43594043136783	8.18529794660573	8.26376923283107	8.49859597923311	8.30069049671025
8.13216954834385	8.18074348012041	8.22602933653384	8.25225845572549	8.28545003794856	8.22774526457576	8.19199283364434	8.20940997118461	8.18323456367752	8.20084630952264	8.2634114243937	8.3970785601879	8.4978151516681	8.0953487115953	8.21862708205725
8.96419038332246	8.86645989343728	8.94064365492182	8.7453397305745	8.86658448082487	8.81710503397789	8.80277949995306	8.84302483629616	8.79241716740741	8.73487688349503	8.81956712214575	8.73950339071918	8.92936266966731	8.86864939977663	8.97817471749886
4.61865689324242	4.59694667923866	5.03865557101029	5.05637130509582	4.79968498718279	4.87519568078607	4.72679147443141	4.95955005010449	4.86578785517228	4.66664391855098	4.9252370323453	4.43257620519299	4.56233445186399	4.78182853003934	4.88618241367543
5.1307077943044	5.06376185541615	5.13293343534689	5.28981371417017	5.26222752736023	4.997980671455	5.46266197405398	5.3334327543474	5.20870269072629	5.217790613387	5.29936612466785	5.04062149671177	5.40319763433521	5.05422096133053	5.10214101462987
8.11088871522391	7.93324917134421	7.9240171177315	8.00273451462034	8.02282450548999	7.99070483595529	7.96475062665136	7.93221464927041	7.96863570242261	7.94482537625176	7.86798652589856	7.90971509090772	7.79977493106962	7.90935175521534	8.05800967995618
7.26997006212257	7.23680643637556	7.14004551941203	7.30259536575797	7.30020120094579	7.31911962737246	7.53631079854328	7.47432930248995	7.4296526414534	7.48964811537712	7.47320972985878	7.24835117393373	7.2287910493736	7.71265675762841	7.53215512308287
7.82621626257847	7.82100557461235	7.79507755986632	7.69565863700795	7.72018978790951	7.67991077701498	7.55825928950645	7.50921836923926	7.45465923279519	7.56157933820633	7.60236068653122	6.83155865776223	7.73462276367177	7.46889779599496	7.41070512555117
5.04479795143839	5.15817559754795	5.31552453437053	5.80726846368017	5.34652630318214	5.45532412814011	5.89607586807556	5.94410638653434	6.0327706802403	5.93764109122868	5.92507417838985	5.88915331096447	5.76349158064244	5.73496510071968	5.90622944726245
8.92350809516864	8.94207499410919	8.87197901793863	9.24094599991312	8.96469317152752	9.03798002613623	9.24781753961646	9.22687746026355	9.2714160209208	9.09834479782227	9.09601175264574	9.12527216615863	9.01908878024497	9.14988079570264	9.19621123333289
4.54949398155741	4.77572688139994	4.63674321652285	5.02856502841988	4.6734048466386	4.73447976813878	5.27361185486139	5.21356217607592	4.93566411792952	5.28836654181058	5.30909873298129	4.79344249000732	4.95528915788902	4.6910944292888	4.8401413199206
8.38969972089986	8.38497727357997	8.57322844216647	8.46272537786014	8.62496286261529	8.62137389424248	8.81861968097651	8.79685894774581	8.84756022288969	8.87431387174561	8.88080371367226	9.12323519024776	9.04100272953732	8.76882797944245	8.84330424498078
8.61883267345733	8.75976508292263	8.66054394776635	8.772365006276	8.62685766994771	8.70525847987367	8.69734612101084	8.66335816479846	8.65182773229705	8.65216742019674	8.61585022448735	8.19015694052172	8.63952116179025	8.63688053058156	8.57001131443592
8.70503862273361	8.74651093451259	8.84460278711129	8.95900021482439	8.96641424544229	8.88091510884529	9.06244260718729	9.0568503914255	9.03947037555713	9.08443868560796	9.06409274176413	9.34105247449783	8.98537763734204	9.078586554653	9.08033559500709
8.30082810991442	8.32408121484723	8.25334467916625	8.42792709275979	8.19747991372842	8.29182303550662	8.12545172803759	8.04799932892772	8.11801981922832	8.11402934975444	8.13170110306667	8.40588642547696	8.3599875256542	7.97515181848025	8.13926489775891
6.60809226342555	6.52071000964315	6.8124830976231	6.78655442727482	6.84450049536249	6.95579479959596	7.30632511271028	7.22792952343841	7.31329876773464	7.54063821053587	7.38622950845731	7.38721434554682	7.55283899065288	7.1694974040699	7.49765293117842
4.72687483651611	4.7239442588379	4.82595791138182	4.82238871788683	4.71015111346163	4.70687163736194	4.6817047997089	4.61013084933305	4.72091578326274	4.68305728926971	4.6268910474052	4.79712195060983	4.60581121487539	4.59891430715559	4.57427235779112
5.42599066815454	5.20817825868726	5.02001717994308	5.14788398768406	5.20140413488654	5.13449717711357	5.02042988938572	4.96465506941573	4.94391831284484	5.1306716308785	5.19610622977174	4.85935093578963	4.82493197506763	4.73807427980334	4.99458353126449
5.08556885583377	5.2634244114068	5.12588159862919	5.29803407733791	5.00524559617821	4.89813644961779	5.05537578340814	5.13733063884086	5.20972725930848	5.22299545307519	5.25388377692038	4.70992402575611	5.26197106841629	5.19106880729897	5.16535316314037
9.31416059682162	9.32290536479312	9.33266115299742	9.24225534361956	9.27260342886671	9.30917564868621	9.30193667237977	9.33738992716703	9.28320670059818	9.40449180232336	9.40038983760906	9.49668531382894	9.49118748377797	9.39200924562104	9.39775730020069
10.0435040321697	9.98490365107452	10.0049609182227	10.0438625833816	10.0463878582637	9.9474984081214	9.96578448494177	9.95212287262232	9.98129003764365	9.95307984752519	9.96094895900356	9.95686103172973	10.0575869512449	9.9184828077039	10.0498025207708
4.42259042841991	4.77686013207003	4.27194309841205	4.76586641369183	4.70726262100327	4.65377609945316	4.80008135174483	4.56178546608513	4.68201861470365	4.88125265738839	4.78983872695808	4.76729082149331	4.66561063373825	4.50592202378842	4.47465364777239
4.48859853542569	4.61180615647841	4.73629763484054	4.74284335732271	4.57882613685315	4.49384517493727	4.66160210133901	4.59318395199747	4.77497027517922	4.82272825079243	4.73014663456523	4.6330472542465	4.71659108679892	4.79019144403365	4.46197882273009
4.37880386524777	4.13139021897434	4.46579289422371	4.43081123128223	4.51306719132235	4.5770719647679	4.51325952374832	4.44286808999474	4.469371364667	4.36254368818937	4.51376742896729	4.70041783438185	4.53550874835808	4.58661776345628	4.68479687135327
5.22892468592913	5.17769841264461	5.00820987297832	5.34482855698375	5.16030299602307	5.07289738420441	5.26267825786846	5.08722732321612	5.13075842649724	5.18762243508993	4.8853088229371	5.07554998537335	5.01137011233846	5.18105246223179	5.06638137883479
8.52152270648388	8.49350773059013	8.42439644720332	8.75933095189909	8.63241330025849	8.66670018932545	8.68744366911282	8.81223961508848	8.75218445798895	8.58849131043943	8.77019960012415	8.65397872722991	8.31628254507733	8.84764492123939	8.60141098789377
5.81250497827154	5.66465299400621	5.75993000142201	6.18762362227915	6.04316967810159	6.06419290543873	6.68768247444859	6.69672111581222	6.74983912989024	6.80536919185317	6.73306264801151	6.21520529667562	6.22032774462983	6.6449549385827	6.52712635378806
7.96144343023257	7.9112955158169	8.05341107897386	7.85901481077565	7.97756893732621	7.9554228519455	7.83659503719721	7.89607222588111	7.82762463890026	7.88512918474901	7.8431281328287	8.20489718627772	7.84356822451883	7.9613455980566	7.95839177756584
6.28748755659272	6.20562800735138	6.25897365111762	5.91423099247497	6.04750384887981	6.09276220916811	5.92129229694374	5.93487303786402	5.94006936489731	5.84956779949528	5.81011066309412	5.35220697643239	6.22374748313192	5.58229472385798	5.67477986128043
4.95457373693885	4.63910136798606	5.08231498419858	4.98007657437332	5.17736389394728	5.0709945277725	4.78340776746199	5.02970959518602	4.7301539617302	4.7977034655535	5.00530596541312	5.13975333029622	4.86359804906066	5.00690095955777	4.99202528691342
8.36671741993764	8.36965365400612	8.2767309472664	8.30660128432467	8.23975294776553	8.21496637022276	8.24085113580871	8.16143173090582	8.25179310914227	8.25922957420969	8.16031143777051	8.03947438562448	7.99555956626251	8.32498578875873	8.2485803000177
7.13794144312134	7.06399519858	7.07023222170758	7.17542437207076	7.06024967992138	7.09443650728406	7.07259577424361	7.05611441512806	7.1207266223978	6.99489164245412	6.97556896953655	6.80271414843066	6.93965247425895	6.99365484397134	6.84843404708163
5.35621645373211	5.33855608878386	5.42020667492386	5.57159282511499	5.64028552300953	5.50370234013034	5.76751880923664	5.67456307407888	5.79978228817574	6.13818066516814	6.09259342562425	5.86060985764092	6.20149659450652	5.8925129833552	5.9561484037451
4.890243985352	4.92035113253666	4.87074749149021	5.26596002704853	5.12365654083797	5.20311532291108	5.25602154514383	5.21843623677377	5.11094794239593	5.24276379485186	5.26418326613256	5.47004182182548	4.99869084072967	5.11405976965043	5.08361518353194
8.31922172552782	8.34953315780199	8.29333921739786	8.60227565641591	8.43419730988805	8.5182412059887	8.58258752249837	8.55019979599386	8.55450858631649	8.61994773528861	8.6406993573298	8.60066059991533	8.3108808845655	8.76849172292771	8.49785933499076
4.98253035506778	4.93633520050626	4.89921204896228	4.78973462759757	5.01692740295136	4.99241489907595	4.89704365927008	4.8816976123999	4.77644839391789	4.81304029062917	4.78583106878603	4.43499034739295	4.57514581636969	4.61241554306271	4.76641931737467
8.81448038495005	8.66818054267183	8.80572973657229	8.65223834721865	8.71543050451264	8.71452863876602	8.69297173763655	8.75878791689354	8.66775303260685	8.64809886770607	8.7004353237081	8.78503739076877	8.81726572373039	8.64976641424024	8.72279198197955
5.68880368473039	5.40137596023979	5.51253937751165	5.77051372850022	5.55134710386519	5.59697063315151	5.34553129777715	5.42969874900693	5.4148692681845	5.42424561734192	5.47812357674456	5.54780274209606	5.28935445804367	5.49595743526606	5.4900127019003
9.14618029131771	9.18399242550214	9.1280705198851	9.15454610730321	9.14366098077261	9.13281380812493	9.11246508261769	9.1397207611193	9.10215820634187	9.10730028016665	9.12412032625001	9.0621528035493	8.84647757448717	9.10472550502007	8.97925064203682
4.21979492662352	4.42506598510652	4.65813868971312	4.82115722488751	4.62561617135189	4.30612917332838	4.52255810516611	4.44689584874901	4.81693785090308	4.70791235730464	4.47583014321202	4.19975046934756	4.78632639576526	4.83712948938875	4.53536557972082
9.6130086923258	9.56587074506237	9.49236973693824	9.46927537516863	9.56493469076378	9.54893045658641	9.52949294942474	9.5662066196001	9.57278651960589	9.66712967790425	9.56831734497511	9.70557916703027	9.63075264720108	9.51690380778001	9.6356727564395
4.95187332503487	4.97700071816596	4.92504847483335	5.15640870571381	5.24329215112281	5.00633704342097	5.17990457605116	5.06827325776722	5.15130978337028	5.16167067369569	5.2427493440484	5.24359087070088	5.40235516216428	5.50347246146206	5.34619563300676
7.57853242197488	7.62106519007235	7.49697958455982	7.82850302385334	7.46484703957927	7.61751600365533	7.52792503834527	7.39920102034608	7.49934585887848	7.38497189775626	7.42770013411295	7.33854045087189	7.17146016311635	7.51667890005433	7.47084440564052
8.68449677819844	8.73155983837239	8.72746653438694	8.72056221704893	8.73822108151722	8.69043631393365	8.54097577594069	8.58195427617658	8.57494080241393	8.51797179139595	8.50325103853962	8.68758843896999	8.6502984836542	8.48901352454978	8.64510124980265
5.02517462082115	5.21871672118536	4.9569752257509	5.08492885936167	4.96646316435836	4.91110104345418	5.05361057418755	4.79282753433674	4.97100067645069	5.02635195702116	5.08941910476089	4.99458719288037	4.9149544494081	5.13144943121679	4.74960032346404
7.52645555673235	7.6224113936198	7.68869559066097	7.66989031124287	7.76588717667804	7.78453130916856	7.8345151317161	7.77259141037407	7.8004550322888	8.07147940607129	7.9467779542829	7.78398276764784	8.42901508515881	7.85681094995999	8.06104671052619
6.54818048360406	6.43704950558495	6.36193245457972	6.18674519853528	6.27228172960115	6.35208477832875	6.10793146462029	6.14980806730514	6.17729930425403	6.09282277637011	6.00355152196296	5.70913986826201	6.19560528507688	6.15025329575326	6.24520863895525
4.11175711671889	4.50585247523328	4.17474746220914	4.73201712911604	4.83334368493144	4.88512919920749	4.85141894688218	4.89422944520396	5.11339032405256	4.85307788956291	5.16299420278293	4.69974184001651	4.86661288585164	4.81486789501984	5.09170083225017
8.67783229719511	8.63404240461671	8.71924486577957	8.63120504444129	8.63198465062722	8.63902432524703	8.51063625516485	8.55234510937898	8.56868073295291	8.56584227968166	8.61848454287578	8.8022928093988	8.92829374519113	8.63399031693966	8.56994352821321
7.50161872025686	7.46518856120508	7.64411538895143	7.20403831067599	7.49311999210003	7.55204576313583	7.36004729487252	7.41958449540572	7.35042663071787	7.47857654164414	7.46095188713169	7.7409473050282	7.73475131267821	7.35206211467779	7.65742065151824
8.61186248369707	8.64079858638654	8.56177068099811	8.60978247379474	8.67669669789855	8.67625930950796	8.59998155626614	8.51960865074428	8.56461965897699	8.54096597109425	8.54780835216152	8.5519710010344	8.17992672378538	8.60790154092561	8.52438240959663
6.12223363609272	6.05943820877079	6.20772418376484	5.99182424769539	6.09213093007888	6.02173747372461	5.79130279942853	5.91308227378858	5.53340889560544	5.80656369994491	5.80564515728096	4.85842427501803	5.83649702645507	5.29935350954135	5.94463164378002
8.50388988620862	8.49762585509267	8.66237691335057	8.39566125622986	8.51003005885882	8.50456603837014	8.5348401359887	8.47803291431872	8.49188187576349	8.57474404127403	8.55177933033304	8.49993598103624	8.871061705178	8.52554598877957	8.46895907011976
8.21321159521524	8.19905982634405	8.22799453973533	8.32705948312231	8.27367549848538	8.19001700587994	8.25787274404669	8.14398539668738	8.17624965550216	8.09664459833133	8.05499584359458	7.92344722833647	7.9460332510484	8.48498328610097	8.14127230798846
5.91723939742519	5.67345274479967	5.74570481449554	5.91213619749805	5.80792365116556	5.81005427869318	5.69624981110456	5.81732224359409	5.64458267402481	5.77209289238511	5.67871035172876	5.78597680552124	5.79903705987446	6.04844878509201	5.78434103786397
8.64166768795444	8.72251337695127	8.64440641522992	8.95602992310456	8.83799686119475	8.87888909991884	8.94896953160947	8.90573344477918	9.03305196943923	9.26304788747245	9.11298836398377	8.95653448648456	9.42605943313316	8.77205664675976	8.9706137847868
9.37987946130062	9.27263859806125	9.40510298190782	9.36693770863407	9.36539434397573	9.37068433258907	9.29454142622334	9.33892483492635	9.30911771145399	9.30402196677691	9.36358601508294	9.35944855209603	9.5345393255768	9.30854832128625	9.35586240173627
4.93340310942664	4.8989938698827	4.91904001535193	5.00949423384393	5.0286491354603	5.00577314708098	4.9137751781559	5.19067395976255	5.0317307230399	5.18848575634111	5.14122241533527	5.08348757146557	4.85030435040642	4.78573186055891	5.10540390695093
9.46890241446268	9.39548662578716	9.44139807053558	9.3571193907532	9.36476065172365	9.41389049945763	9.33108762477722	9.39788476280071	9.34982314273917	9.22526074468542	9.27670011024261	9.2872785155711	8.97379284548696	9.5107245966539	9.36786772776025
8.70481227208135	8.70685521861041	8.78377634999578	8.75422151556574	8.74440910766326	8.77440094017194	8.75223460664306	8.68105344469809	8.76178223527813	8.79373185288981	8.82365224063132	8.88274975385453	9.06228900841955	8.70886265129389	8.73520560122076
7.56346270678482	7.58591839138273	7.45194885213986	7.73037654159198	7.47006897951757	7.54384890215619	7.68531480809404	7.5684433901655	7.58920129077953	7.630562908305	7.66161163416635	7.48039697856787	7.32244471066647	7.8899794252192	7.53638669493657
5.6267245009484	5.66924610469997	5.949938283405	5.67855799837639	5.63339378204928	5.75922321237701	5.76423919713817	5.72073301547743	5.52180529787894	5.71152271830396	5.7801353155995	6.03451756743436	5.76918364434928	5.85224128512426	5.70139624221174
4.03735261232556	3.97249320499789	4.08582442378414	4.27109262068788	3.83691613949111	3.79143557568528	3.95887648220551	4.1509559444503	4.15726742347567	3.79070012006504	3.88297389509537	4.03639595144509	3.82089323290881	4.36356774532072	3.55018264244165
8.35319467512222	8.33388832058994	8.28877829038877	8.37533346807837	8.32614557606103	8.30638306055789	8.13138181805789	8.09866092158513	8.07662400930459	8.15146853763583	8.16367231078418	8.32358988336197	8.32618413078228	8.01657231134975	8.23802501823568
6.27174607735234	6.16163964872293	6.12059161935392	6.32657436016387	6.11898227651397	6.05412573468326	6.04410960004891	6.01704163997397	6.09330581626582	5.72206754880315	5.90525467524955	6.00844819172569	6.39092763992486	6.14783656010065	5.98332752278144
5.86125072563327	5.80322862747198	5.83821876876233	5.64054141750193	5.76599211071918	5.95265387408204	5.85094596782599	5.86580827884467	5.8643670973977	5.71299408094206	5.69042431559213	5.7743663657158	5.90607626426984	5.67829633300634	5.92528115167195
8.8030781720256	8.77368125884547	8.70394789063423	8.66230321269441	8.6519949405417	8.61999974627721	8.59740827085754	8.61755961453357	8.56232933480684	8.56833494503993	8.61428120698605	8.42230918908828	8.68333489937467	8.55592219074478	8.6641396723068
9.3042914503439	9.32518089431969	9.24472574465828	9.37430323244409	9.23418911671471	9.3050131927678	9.27982475310589	9.22920194650726	9.28482262249845	9.18289356583706	9.17731511092227	9.08883994217604	8.8180669568307	9.36742261876364	9.18554238983863
4.7657141358464	4.83920357948204	4.9692865373954	4.70906169291345	5.04365800238588	5.12575834584552	4.81693456618714	4.88721609628882	4.86793600490377	4.82460519796933	4.98061825692503	5.32697621136908	5.20797728657994	4.72590268882408	4.75849524441176
4.17814782474895	4.78924777661841	4.28752231605637	4.75307367936098	4.75916167351575	4.61840569824681	4.60190596878023	4.60832475976015	4.35968333476547	4.34336383298773	4.28311902625124	4.59182886819798	4.40926335071529	4.75866805762021	4.39336167708389
4.73700249557369	5.00390430803305	5.15349318706282	4.81243078534211	5.00142385341382	4.90398132758736	4.79909259967516	4.87378962483604	4.77721843674769	4.87050707863987	5.160442807897	4.98343924974063	4.98245568141784	4.3765411688957	4.87881192276414
5.26330328445487	5.03950477123231	5.01188932680276	5.35644849039037	5.31852666666597	5.5856647129053	6.10294367280488	6.21248412794826	6.1542640070389	6.57909992258227	6.73370083285103	6.62035786893222	6.79197374034418	6.20087438487659	6.55094308532434
9.47598372099961	9.37909602687624	9.51973790551478	9.1935021283519	9.33748795747925	9.30796836601533	9.30327770713108	9.38958423110325	9.01050425301609	9.21038165212366	9.26962412307316	9.40871601825615	9.34194016968688	9.18027564648041	9.31735759689081
8.60895618642004	8.58235799742586	8.5978769772545	8.82671514693131	8.75164515112038	8.73245050001696	8.81181629574216	8.7773791252853	8.81533497959177	8.86655307134726	8.84292919976064	8.85860898913056	8.89633156251722	8.7543282188265	8.77101177579967
9.03058981464013	8.9626995255989	9.02013105675571	9.09246663244808	9.03932035005685	9.0556624557501	9.03023237791776	9.04003850363923	9.07291031046992	8.98234866000437	9.01938331305967	8.8516206689833	9.07642375471263	9.04190333358531	8.99840470896296
6.14574122034778	6.07212615226726	6.21180264667184	6.65827516654372	6.45023418027568	6.5192271667708	6.78254199090661	6.79570836116834	6.76594731358529	6.94830658071325	6.90424254211826	7.01931969305626	6.98573535055806	6.70610915417774	6.85063665116127
4.01466236933686	4.24526310904868	3.74504231187206	4.59110277223671	4.30270034072935	4.36039821890469	4.28450781701331	4.35786379364842	4.48209471241917	4.48409086761429	4.07961567427066	4.13578327409652	4.36961924953318	3.99381483482885	4.29117190922169
5.07792017257102	5.09493564810486	5.11664802110576	5.38982918597071	5.09944786211341	5.36702199264277	5.23015186696572	5.0789429337568	5.24816107800041	5.32860909437136	5.08609502983304	5.12828861309206	5.28476856401239	5.43722336792756	5.22244753221549
4.63958029876581	4.30281211886676	4.37609921740128	4.4584304636565	4.34499770642066	4.47533493188159	4.48518386430499	4.34003730305327	4.19321289453714	4.44472704418921	4.27596987964437	4.74623621754561	4.24889866606335	4.27346053775621	4.52032397945305
6.80276200794903	6.61580705921346	6.8261580827639	6.69269899435595	6.82996990490601	6.87316245366307	6.759034311393	6.83558557649165	6.75594490216896	6.84143072936499	6.74270563283729	6.91434309955222	6.39795121148974	6.21384553239677	6.52200878719935
6.59056834568927	6.54860673670205	6.45179323341555	6.26408119238683	6.44020081567778	6.5105212450724	6.04839802234696	6.33740717633124	6.18283646844903	6.17222072742627	6.08008090518897	6.07100467454028	5.60617889047044	5.95067497577327	6.23877084019743
9.34790422232551	9.33425466065352	9.46427796458611	9.35476975231973	9.35262543312085	9.34884162485526	9.27859213363587	9.31347620840774	9.2774578169793	9.2747374155479	9.31363222170383	9.47051368549216	9.46063344225903	9.30012673805334	9.26489472281131
7.57752470289756	7.59722269195006	7.77336022631675	7.53442555090661	7.75823165651493	7.72232170921246	7.43414741721934	7.36486162682201	7.4260411519763	7.43445549270281	7.19940444316389	7.16979526895608	7.6926875327403	7.14948171312067	7.45988165211301
9.73973108768026	9.6951800598632	9.68689074956375	9.63228244806073	9.59306750748774	9.65954599032687	9.61384222293153	9.63103054039119	9.61968927251086	9.48233310606981	9.530718000405	9.54541048035016	9.62263284376191	9.72520466218383	9.60905162193547
8.98525983663695	9.00609624294866	8.92712126225158	8.97816306728996	8.98094989982289	9.01266743886651	8.99342508699568	8.95870688712476	8.9640258854299	9.05007475912965	8.9872951805391	9.21002303042691	9.26176681610071	8.89673495193291	9.01320920664966
4.5472844891219	4.50583327253933	4.47678932867067	4.73053702403146	4.50542476432935	4.61078227453143	4.71261016698754	4.5017948996525	4.53985764770659	4.44846455981982	4.70130833461174	4.50890718880497	4.58801281155774	4.73031199642543	4.69765317613518
8.47743717914149	8.53335728505891	8.53044231748645	8.61820719137021	8.54412171574248	8.5610178728156	8.45385351023615	8.37838091171976	8.47764165568494	8.53560914599213	8.49466124002263	8.4011063784891	8.88956138205541	8.46211208987567	8.52328269972562
9.18021444896658	9.18800070602344	9.15136741889018	9.23751538806724	9.12043779358053	9.16938170158442	9.07698359965712	9.05440951498422	9.11611463797039	9.07793387295612	9.12665062266565	9.18889556153189	9.24398340974831	9.10436161998528	9.07318752052406
9.02346446025515	9.04312133966643	9.17850446102319	9.05323216572313	9.13358355918097	9.11022371950612	9.26234375036657	9.12642921865191	9.23855461536242	9.48774432089969	9.35816449622019	9.26928177812261	9.73325885514698	9.30751391854959	9.33655750257294
9.18732115156821	9.23944370222587	9.01887086374747	9.27991519298299	9.25764385191072	9.32217300940459	9.48405716740533	9.43406518310868	9.45982827530891	9.5389746332882	9.43219162383929	9.35867713850914	9.04126280025378	9.53988014431733	9.41259481869632
8.35541839042088	8.38464938279879	8.30559148611433	8.44346935218607	8.32152601182544	8.30378464421181	8.27124412747619	8.23727883009018	8.26283628751963	8.10356984529059	8.21242234476697	7.97296939907078	7.90562025593787	8.41052508057161	8.17675622440761
8.91929644454408	8.97979328320326	8.96864769084646	9.0473262183234	8.93781747919568	8.94265252940867	8.85034449241393	8.85880592972682	8.89020294564957	8.69302640927044	8.69773708131346	8.71309000083146	8.51880285443208	8.9873485730569	8.81175598028354
4.22625746251901	4.4743113383898	4.43209522442468	5.08336781833215	4.28106449841668	4.43701127632353	4.82045515081751	4.79905035062594	4.86174947380298	4.58566070891861	5.02416156005158	4.51634386190354	4.72229435290352	4.97021062081014	4.78415337884717
4.75064601240104	4.88840963976539	5.01283374827836	5.0379980175147	5.02172163064889	5.04748248030845	4.68901126209151	4.91589768419002	4.78511151480361	4.95116657363525	4.77682846832955	4.93784052467903	4.79886089071405	4.81338025851749	4.91707681685427
8.52010912393385	8.48826064039948	8.4551301674159	8.51884970342873	8.54411199259127	8.55929345691885	8.64284386338486	8.49211144703122	8.58790881114532	8.63028817576844	8.58305624329209	8.41948320588594	8.11951778840649	8.66516073349582	8.65809655795863
9.20048891013907	9.23569051387323	9.10984831938363	9.43103357372619	9.35130984997838	9.36741172203326	9.59722124163533	9.49160118555612	9.55786019769406	9.5478970586363	9.55863692393644	9.63096673423489	9.22292788507567	9.57320328920331	9.51311847130931
9.16547241805629	9.10951408109325	9.03890122590138	9.06638464385878	9.12574276871615	9.14161451902502	9.23479815059523	9.2047042370936	9.23584849086179	9.29523992496133	9.19340609515684	9.25203978126187	8.85950906318787	9.333589880697	9.30389488812629
5.20706788416462	4.99416509979991	5.38709101393237	5.43280723874074	5.28799944836902	5.26884292814275	5.32743847012717	5.40783954497315	5.41237721223015	5.39241351873222	5.33784743636473	5.41271737296988	5.55960272228989	5.49739645517185	5.43354215334222
8.61953419325347	8.6937587229735	8.80798462997654	8.57319290722319	8.69664068712328	8.6501478627599	8.57746513862145	8.53846884862814	8.54835934319524	8.61191886965672	8.51670041646741	8.93583509003882	8.98306437827131	8.3485904098353	8.63685761593658
8.62346706319912	8.56682929003499	8.59106618681795	8.56775350406034	8.56304138134431	8.4987133317444	8.45569832530648	8.54591179733538	8.47144322334783	8.55991537490736	8.5029832532941	8.45613356824225	8.55645283423416	8.53486968584023	8.44107801364975
4.74533475354172	4.52140160401814	4.24013277102777	4.55775997331777	4.75228719574393	4.70106031879657	4.99002239299511	4.95970603166183	5.11869724574196	4.87850963112042	5.18499387839713	4.58770758352637	4.87157165761958	4.69977678852868	4.96111216339524
7.32428598023383	7.34436889803877	7.20602384299086	7.31767157088787	7.20427436733969	7.17660174854998	7.06239289418255	7.08927265267204	7.16210699335142	6.91416883882504	6.9134747761843	6.90230303720044	6.59700811145087	6.84383346051402	6.96498399862866
9.12070343445091	9.18650571972978	9.24019169708269	9.2155362201209	9.20280251121955	9.2348193312071	9.2947381848869	9.2433982909393	9.31089670697757	9.31292794074206	9.34040028759422	9.21875876600492	9.56278598609295	9.23706060319844	9.29811690619556
4.49625352177276	4.31892199005642	4.36187749118619	4.25999121461912	4.36769808430128	4.18550467747074	4.25681317091225	4.39220089918529	4.21787147521432	4.19435432962785	4.41949491428138	3.97329232960698	4.26557870141868	4.22715707570132	4.30606632471088
8.84874889836618	8.75593652442314	8.77936330596311	8.65393491606204	8.64646802120683	8.66377404316879	8.51589806115668	8.60085778137289	8.53847564511162	8.44999912637938	8.53763118819529	8.461535555127	8.52253740083331	8.59481908360895	8.59233420475835
5.70675233536684	5.81255768172122	5.89865481056135	5.88162995682045	5.93248999321038	5.67714282346115	5.81632690162736	5.71103164534053	5.79175825358941	5.78140559645919	5.66286693874495	5.72256328909344	5.65127447899543	5.75129807773731	5.49222042707396
7.92748100430875	7.98308347016709	7.82616216227551	8.18127869429918	8.1540021861746	8.16674467994182	8.17989026098807	8.24305673695378	8.17986538946646	8.13375554780926	8.11198252349434	7.98565951233044	7.80947254538311	8.06887055761531	8.03883127946536
4.82273634952915	4.59458290087833	4.72969644202039	4.90929178805489	4.56027941715842	5.01709084510808	4.97217945021636	4.88554581923096	5.06326566782023	5.23856348335573	5.16900025501544	5.44101000395539	5.41999802546731	5.3748726719075	5.17071371699887
8.80297757698277	8.85822936153795	8.87667400487665	8.88652215641418	8.7964491935461	8.87839678729642	8.76494443722651	8.78986961895938	8.83345742804685	8.82545244079555	8.85589016383828	8.78404462280852	8.97575329968564	8.72789517246346	8.76575170226167
5.43187877551991	5.41724304765564	5.66884996074855	5.77599254451415	5.45683048654809	5.57732930766648	5.47459739931284	5.54661095621971	5.47210819142543	5.40694245016611	5.50467865305033	5.39826349099662	5.59825115628107	5.43402070142851	5.54716858546298
5.27252584448191	5.57075262398514	5.31946138883128	5.6544549609684	5.63920993069156	5.70809884026236	5.71143476291242	5.70407188300471	5.76733691307495	6.05288367301981	5.79453220751478	5.81696435363519	6.30715281215681	5.79467293415767	5.77136841589074
9.17701116650145	9.11431553720096	9.32894857805531	9.00659257175303	9.19320238444567	9.16639971140133	9.0075950317617	9.02303373823726	9.05174604526329	9.05590891637505	9.03821619863987	9.069861010236	9.42607728245156	8.95896495451613	9.11111270569116
4.79312437587135	4.71039463976432	4.62541901642656	4.60910920839313	4.43942906509122	4.70655900119387	4.72338152298275	4.5573468280285	4.80426650251167	4.61603695442055	4.88731787503359	4.51841896450003	4.56661992829505	4.92843413731179	4.86477508510119
8.38478123463547	8.31720701468809	8.54487304267627	8.25334913792694	8.49839768286026	8.52957399771972	8.36802684891259	8.34876087556956	8.34255552841547	8.57807595730041	8.47553848666121	8.54297682319789	8.62709009045946	8.23100805732791	8.47965113874408
9.28962347874958	9.36112844696849	9.30596025573168	9.33456845991265	9.29018461553646	9.31430298565448	9.281157942389	9.189637103646	9.2595761566864	9.49606974615057	9.36400188529798	9.28556655995502	9.66178272336911	9.27294076188042	9.26498820655917
8.61071409872831	8.42136255618377	8.85446824322342	8.49422430373889	8.75672007105849	8.68689794994364	8.50985818958409	8.62744719152075	8.51035020655535	8.51523575821177	8.53416695591297	8.77806491949756	8.83754328624922	8.49253211969928	8.72380582759257
8.76506487980022	8.70529013627024	8.80659061274712	8.64117139058092	8.69349193009092	8.6731874931115	8.64292980285333	8.69281000520684	8.68299249478898	8.58083673091375	8.69074993534048	8.64816197256539	8.69186744312639	8.70038560053075	8.69950840414476
5.51064028157669	5.75478017047745	5.62295896290779	5.88970207483756	5.84173477001648	5.90642832935844	6.06455853232385	6.04381011130734	6.17945592597153	6.09550173641615	5.86890907816454	5.99569269319213	5.91911566995188	5.58261619082496	5.88909269236718
7.88556856622749	7.85689444263179	8.06427204616637	7.6279057689824	7.95594896345211	7.8697526374665	7.72427860211528	7.71101252555124	7.65827705270634	7.8114958039357	7.62370727144921	7.91207296873972	8.00246133779315	7.26704812578584	7.64915955140991
4.96393492114403	4.91215569368081	4.93805672603809	4.7673938843646	4.82976832553991	4.81609937232786	4.79734558554933	4.84642186819017	4.80799833634205	4.88302620247562	4.94243912753939	5.17465137925912	5.38687252222489	4.93171079808019	4.51793291016461
8.74416305182012	8.66872698865058	8.71945892090239	8.69625846592264	8.67666324552353	8.67769598314005	8.61819746864266	8.63754081106324	8.65640132462728	8.58020976356485	8.58297798941273	8.51585423771971	8.74954613302935	8.36267667724939	8.6667868291098
8.63611890483445	8.60074299647878	8.60256667890999	8.67255103362179	8.59841335842434	8.64736526403764	8.68667133167155	8.61191462503926	8.6126848258741	8.71025194822749	8.6746596769465	8.71442349502621	9.05425261404168	8.65942948760047	8.67468797509907
4.77029958069427	4.73726199066309	4.75750197333308	4.8554633348768	4.83204595217703	4.88363576280686	4.80172118658349	4.78095063913989	4.81435627266456	4.94130275584072	4.58413015593878	4.8523947643001	4.6822108702587	4.45535356000389	4.52698197427947
6.06621418471163	5.97779022496206	5.88548195885937	5.81846368702635	5.99963761555395	5.94089442985604	6.16589094113216	6.08562438009856	6.0032541755946	6.41284495048082	6.33119516969499	6.4850410113611	6.53834052399029	6.17810201066683	6.53358454482711
9.64462914591482	9.53289300202455	9.49246915860416	9.44575464760062	9.50566799168043	9.56083635388454	9.55761104578302	9.54696938299977	9.46670023577998	9.50961999834927	9.46918915609314	9.71014577606718	9.07928181159443	9.55827285945385	9.56650725470615
5.30073683344283	5.27873445090687	5.34943425820917	5.57224430088526	5.31484203722784	5.52378375090351	5.89879543479841	5.92179485549894	5.99713973928853	5.85025380620666	6.05993930443526	5.84168285020091	5.832614751252	5.88053102677338	6.0365317159653
13.36682210307	13.4036402753241	13.3676676513288	13.4507714877793	13.3884743125703	13.3826625345615	13.4463615896876	13.3900046733401	13.4656515097328	13.409777791307	13.3954967340418	13.5033646295408	13.5229065271381	13.5545368531062	13.3891655371276
12.8731619085787	12.9470579288532	12.839964070955	12.9128408643392	12.9090047836646	12.8956323441886	12.9555810017555	12.9554264751689	12.9723327945592	12.9032027808163	12.9175547439507	12.9608727962041	12.7364155579947	13.0223359473043	12.9364873517284
5.03541200868414	4.52154278679727	4.78967398353973	4.54424713047138	5.01313964381607	5.02785693773113	4.86184350902482	4.69546915041175	4.5626661223393	4.84050517168261	4.71251026446409	4.75087758881968	4.64503936157202	4.46369970715949	4.77550688016676
5.06851572820947	5.184324881425	5.12948920269201	5.18201530076992	4.98159239682502	5.14732340429281	5.20832367180796	5.15287073382855	5.21521316849831	5.39210593902862	5.37776664606022	5.5641729612733	5.36158077227828	5.56542054343043	5.31292062029411
8.81463799523457	8.79670323248195	8.71989689618674	8.75598597336077	8.75638482340834	8.78750162431487	8.74155134689958	8.80317452460035	8.74278097850987	8.77421122722908	8.77154162056459	8.93393723145606	8.62411647217411	8.87606880386864	8.78688479207255
4.12292412756047	4.37150868516504	3.74967351537811	4.60453889672656	4.06148987103137	4.43757322364883	4.59631392018854	4.46481325962967	4.42532598938687	4.30324226874898	4.02931648816094	3.51437519713725	4.57002148870102	4.61233789222309	4.48085285397562
3.23821034745972	3.2651064221727	2.74176893766916	3.37688097686134	3.02221446087747	3.40313011336406	3.70072926603887	3.16432851741045	3.48521077078764	3.0923286297275	3.19387335829576	2.44740003970847	3.01425403344325	3.37055103735024	3.38880127617605
8.39649343611225	8.44736059592419	8.60995595165212	8.53601003931899	8.41638418206675	8.4300757900426	8.51846740033067	8.55997281399672	8.56713333919115	8.4913972968156	8.49741452648647	8.68960207349954	8.80272699773994	8.59879546055924	8.67734887163997
6.54524589721725	6.36899331288868	6.32878561684075	5.98095063546043	6.32280035577512	6.15604656511308	6.19978881332385	6.28843029151125	5.99208731027717	5.89280663939694	6.05698378092	5.02910020638565	5.86223993727614	6.08515802864213	5.91620184704478
7.04144672002394	7.16807121505293	6.80430917596475	7.07567189239422	6.77181271446293	6.7001753819878	6.87324286307656	6.67727974119805	6.79296719080274	6.52296108073195	6.67826078184002	6.67771422581251	6.49129046412115	6.79603923719811	6.54188293067058
8.16501076796279	8.19357299399867	8.00609754831544	8.35553077445357	8.0533061997722	8.186725190426	8.28328808969382	8.22457961784067	8.29380968737931	8.12080996502326	8.20722376599778	8.23722120209489	8.10315910253587	8.12437744142481	8.08102801151845
4.1592559282852	4.50554203131758	4.11567646587884	4.64543934628966	4.09626525547704	4.45613201164407	4.60862896470914	4.37705644807521	4.70204496501944	4.61213229966271	4.52126248420441	4.75679002711134	4.75438573210814	4.86921674300299	4.80195624331448
9.19359356710693	9.23891404008833	9.24839421270404	9.22857012359097	9.2093279497801	9.19692666933449	9.17207646220594	9.13179512944591	9.21329355678605	9.19945377975705	9.20540507786069	9.16979777932779	9.37216510905142	9.10829346812272	9.12808223230352
8.86839667958806	8.90889274563528	8.8033789027344	8.75898209424922	8.82612562538433	8.8970397665309	8.70043213402871	8.68655170727408	8.7238012519955	8.68925768767269	8.63680648859811	9.02166486086051	8.34731569242971	8.86529124529787	8.80593331606003
4.75772956444353	4.61135524574049	4.47115473076999	4.65785900499089	4.41466546444219	4.65802641976918	4.48747742443492	4.58478469172621	4.46466701167709	4.53318794192934	4.33353605705273	4.59360232878607	4.59473017373916	4.49128295374147	4.3801964530988
5.12842937881072	4.85182811389443	4.9760067088069	4.96001952389623	5.01205030585315	4.96774894590733	4.82049561545358	4.73801075437789	4.7353203985958	4.90195839857665	4.82706929926096	4.9842978355874	4.67865080354443	5.05780438448845	4.79938565285077
8.92699079474253	9.00412995152756	9.03370252478105	8.98850929333956	9.0553110213542	9.01518360163218	9.12308946299932	9.0128517970553	9.09760781718749	9.30565507548489	9.19667258792887	9.22569860804817	9.32406481685506	9.14832437158306	9.0402937144738
7.71364451759555	7.68265540420901	7.88315835745087	7.67963359651843	7.83759576234783	7.75862571138086	7.83601266018914	7.79754814556148	7.85178102708208	8.14922016342129	7.9609726900809	8.01267539566512	8.31834554837624	7.88888612740066	7.92442362055044
5.70806552487186	5.74480884658276	5.64127753067723	5.6588401257755	5.5396616814448	5.46348408425886	5.48258920849727	5.50305580969377	5.37169510070644	5.25787259020719	5.14199254054572	5.47072001826633	4.97819108750775	5.16276848907521	5.02229035603242
9.04065422231889	9.06966775310655	9.04246316830566	8.9791305085551	9.12370742920102	9.14635482509451	9.40773596119595	9.33470251303958	9.3598134279603	9.40522231785829	9.33529059659839	9.68780566357467	8.96473879294855	9.3838201326297	9.45800202255762
9.02686866547554	8.96193255903516	8.98088598530539	8.8387206048434	8.95560920019959	8.94472810609153	8.84147837066374	8.84111193871015	8.78182116546374	8.87975913804618	8.78853640331982	8.8571636560667	8.5184637117594	8.91674185479209	8.88657225032237
7.5335405921697	7.40653393371946	7.45212312324207	7.48452306909712	7.65881832269773	7.63203440445825	7.78336363690154	7.84832054561183	7.81782157350249	8.05282249283903	7.98646838009549	8.20263954190825	7.4483204980183	7.66942918917962	7.93236803276946
5.38503125834903	5.18783341719127	5.28814143891038	4.79026420085802	5.2044364230412	5.11928531310573	5.28637142656231	4.87756506894685	4.98814638446382	5.103473372739	4.9517945290531	5.21676640640917	4.9673114225555	5.01071918171373	5.21960360829403
9.54057253021739	9.56222168025701	9.54263610295313	9.59993467720273	9.60431906589264	9.54768962253385	9.49510688745105	9.55791327345411	9.59138610015923	9.5348044632698	9.52519001717838	9.54235427679087	9.65644143133991	9.46124869469308	9.5614581140714
5.96252254532849	5.77856327563943	5.9304819092989	6.08422808938672	5.9497871563352	5.98344797451475	6.35139823763873	6.38302572064578	6.34219382149203	6.63049615959609	6.61838862125809	6.73675866242287	6.28551404949889	6.46765125860586	6.46296123437914
5.34403316686099	5.21475618987651	5.24954006629338	5.29777133474436	4.92506868833209	5.17117482146462	5.43483013314307	5.1234223184807	5.27226861392393	5.06467859965187	5.17755288977762	5.20781807950466	5.18466057729517	5.23932834026303	5.05977063323887
8.36993276752826	8.51041830769359	8.27858123664288	8.63328649039499	8.50213925101427	8.46595914205086	8.61078240916978	8.60996229139303	8.61059671581401	8.49259226395828	8.42867840962156	8.44458147890468	8.3393859149692	8.38001893025006	8.40986695211262
5.69280893272581	5.83498751078656	5.96389794953939	6.03077764750965	5.72122006099887	5.60544453957522	5.7478931131754	5.67091957201459	5.78435729263656	5.57405653215576	5.93196439864436	5.77192726883254	5.67804351441662	6.15673348816347	5.73070897931207
5.89136026528835	5.78251287976714	5.93087069255461	6.24215206717078	6.27543905423084	6.51337369154055	7.15051342853569	7.15816152256287	7.08821267442445	7.15176601119224	7.24037693119507	7.14113203615805	7.2400561752923	7.0408497612804	7.4852586442416
8.86094907971226	8.77486179968228	8.98162571415574	8.61042609147264	8.82575759249188	8.82060327591981	8.62053568125249	8.74074075739956	8.69534226517426	8.69358435242084	8.67528551765886	8.61333274870181	8.85589774781365	8.64666570230644	8.72394352261545
8.5006496533455	8.52289961248032	8.43791959301456	8.57620901374469	8.60320356836652	8.51241564918168	8.59949215476436	8.57519002149411	8.61351911079606	8.58526492192124	8.6920639074097	8.67246756521871	8.85926134482577	8.65889673031144	8.62250612261067
9.03792643508403	9.01061263507381	8.87983255905007	8.9558844265369	9.0777981777276	9.08230302787094	9.1286945429872	9.1481716899826	9.10633993639942	9.15472317614897	8.99810878030486	9.16820287350623	8.51664659913755	8.94694257977002	9.1396754810243
9.53557594662628	9.62777986425728	9.3984008834117	9.60460241981443	9.54770388307337	9.49525196293243	9.65197529005827	9.55573202011618	9.60651379773893	9.63204780792996	9.58991425708579	9.35921636907334	9.26676216190354	9.66215371232674	9.51779755875882
8.94231596469815	8.84584068055024	9.05676260259537	8.85850032895421	8.89916352637908	8.95416774352223	8.86077035583089	8.84773580502502	8.87850702002869	8.9789900129639	8.94167079565323	9.03700677584222	9.21352035790644	8.91769263668414	8.89584813400593
5.99287298536757	6.04236408841955	5.94345388872472	6.19637926428025	6.19318954454074	6.19244416182396	6.1376689028296	6.31171180158329	6.12670487336484	6.20553483706077	6.07299419880211	6.37079980098159	6.14126047605398	6.15284316627853	6.19616831407239
8.68256373057202	8.73017767774014	8.65242512643862	8.75056339541898	8.69788906112038	8.68630768797943	8.60050496127005	8.68676972289931	8.63323335426697	8.52926619758668	8.57656149299044	8.60618617990022	8.29360303279758	8.60567893617705	8.55441730511542
8.32980236742543	8.33569232395632	8.4108397089378	8.30809041873563	8.4027555790796	8.39397587576505	8.32584303797069	8.31282939250311	8.35616887662709	8.42425469697831	8.39762793193228	8.7128256809198	8.75018575205461	8.13882487811564	8.41916211825914
7.74873371074371	7.81265310360791	7.92891867891501	7.97625633103894	7.97498722285387	8.03699210998514	8.25641476857317	8.3344337341721	8.29699658041046	8.48296035386493	8.49773945100068	8.82051902566436	8.23452198297328	8.35162102986979	8.43370021524374
8.7922787103317	8.67293783978674	8.91481623336029	8.74007982212846	9.00667359611903	8.99639888599623	8.97469413664231	9.00375835608986	8.96135936460028	9.16410811959391	9.05803038191311	9.26576179481923	9.12136928927843	8.84745386485542	8.99328049160352
4.37664440754033	4.66782332359199	4.28064383903739	4.52802119527653	4.33219623985019	4.6767298334705	4.53673939311324	4.28255396549176	4.47259285242026	4.51914811941491	4.51478273853907	4.15217803906376	4.57305208477016	4.37359199570169	4.52114167393887
7.48639443056996	7.59624835364046	7.64877459435713	7.64597915232718	7.60375057989315	7.55708895329949	7.6050181189099	7.68854583879102	7.6744027034278	7.61952358197179	7.60114865916941	7.60927295899039	7.28124846735177	7.73591419789484	7.58141273904502
6.47038018307916	6.42652474503589	6.73336120577685	6.6166885284425	6.66390265282982	6.7378268612171	6.49484550383461	6.58532517956344	6.49378851918141	6.32777134231064	6.58460097133837	6.24922094026974	6.6352554077783	6.50202730191075	6.64345292716016
5.58576290493927	5.3260684122394	5.68601808317577	5.89397751252692	5.87829763959437	5.73448695370414	6.56298418222708	6.56146343188048	6.70795100277586	6.94721949985723	6.73301380152509	6.78471577528012	7.02377717360188	6.51015660209913	6.83095464627781
6.35309403504698	6.0903555004086	6.36240456915059	6.94657244147364	6.94510762053537	6.9268918755225	7.69311807211772	7.82707176920359	7.7590677181014	8.13612098464143	8.15788294973325	8.12833427605092	8.22242394794876	7.88466351657292	8.16985704563796
5.98423768980062	5.72813076165769	5.76896124504716	6.35130302215267	6.2283669811939	6.14390462213113	6.65805096894883	6.72248081285679	6.80770071753269	6.8368011910821	6.74065997937035	6.78555366615051	6.6755307270383	6.4435242910544	6.71696464778185
9.09105357837205	9.05327313502134	8.99828503951783	9.04325049665786	9.05517870669455	8.95509239125405	8.92797789139376	8.95201604621987	8.93022577887707	8.98879753620294	8.89376780625206	8.86875615041878	9.08653470265174	9.02547270165024	8.92657340052215
9.36613370150255	9.27451585611311	9.49051562594524	9.23109380413389	9.39609976282278	9.3982688668702	9.32364812115382	9.29756214323194	9.29821452680604	9.40261822324381	9.39341703279298	9.3229926031633	9.72944483348587	9.27116275541618	9.33223325330906
6.01992807242453	6.00987759735355	5.92319934279779	6.29358706872692	5.99531182475792	6.04847084930821	6.46961657613205	6.37103146412385	6.4586009701493	6.37578352176055	6.56934029445075	6.12185153774904	6.82635006503331	6.61933289528174	6.57387437128086
8.75537568894686	8.69541222417934	8.83821906775966	8.73964433812529	8.82281773330971	8.80550898182993	8.66722391783182	8.67229258898682	8.65897008958171	8.72331679289791	8.67150971495039	8.7689888996033	8.97208073493016	8.67222968051307	8.70737238316043
5.45074887625904	5.42894405646468	5.12613502128155	5.31721526817041	5.48493428969877	5.33380455851788	5.8488141621683	5.92126864167658	5.76897129914039	5.90262825604333	5.6626266068843	6.09576704350785	5.52264118623316	5.70790420726577	5.73556476653089
8.87200297747622	8.92481528280272	8.87971526277797	8.92816461575467	8.82763367175748	8.86276093485245	9.00137028913122	8.92427487193865	8.94149393425768	8.98859881106895	8.94475038331844	8.87619514243551	8.84546867107606	8.99345209962006	8.88950449166604
5.21595981013072	4.87432234107346	5.16940401747186	4.97025110769269	5.28736998078355	5.1339932697504	5.08997667734367	5.02015254891404	5.00753432278971	5.03725637475561	5.04665089526271	4.88313316175795	4.77943734680776	5.05598428920812	5.12289869589047
8.65374971052895	8.64526994932351	8.68694131192348	8.65472406675019	8.66845133883715	8.65210024902855	8.56292538919908	8.50808051104056	8.47334800623266	8.45177488770596	8.48672306261402	8.64012177767927	8.12390550842575	8.50746912708255	8.51192707640298
4.77907881728857	5.05802597132935	5.02564465068724	5.01902241598363	4.83119725580653	5.04012431279619	4.84619778392908	4.82641145663174	4.82932942916099	4.88268831609741	4.90892815807245	5.19672298449554	4.74647172239091	5.11128336501811	4.76901950412263
5.68533819999891	6.35574440628711	5.92959894837364	5.94356602670863	5.80569723488621	5.86626055508198	5.91739478828487	5.74741546402077	5.85899966806299	5.66439167012578	5.47806562883222	4.82030858253423	5.59497285446879	6.05699570609739	5.485576650232
7.81512197398431	7.82061128961981	7.85566486011108	7.79643103158337	7.88822574404337	7.85820127589537	7.93577523296866	7.74561441706157	7.82971413456306	7.91869992625861	7.9062685557075	7.88972604420966	7.62678268979217	7.89476447879819	7.77396595192216
5.46571063086236	5.33345988591429	5.4736838275089	5.41195350249989	5.30546216573617	5.37515444421226	5.20221895307312	5.10029531885855	5.34735970225377	5.00783248567431	4.71165340721094	4.92708488451237	5.12083945825151	5.12885994069453	5.33329309675123
9.31271272780069	9.34034782495274	9.36331958920641	9.28939027551563	9.27079327604436	9.26940503639977	9.27196442449741	9.33423103245553	9.25205696973895	9.2725359224804	9.32858642773148	9.3701893943292	9.35575344719994	9.3627685323088	9.27580166069839
8.83065354400606	8.82065099394229	8.86016664144435	8.80014391210912	8.72423905692708	8.81823182085084	8.60119519657316	8.67880068716648	8.58706076243651	8.60964239594175	8.69392969655778	8.80711629735856	8.8575871434478	8.54428446303465	8.73120953598564
4.67189765900978	4.97116846253115	4.43590852408772	4.6345304863248	5.01028051576078	4.51138768938497	4.73772575046327	4.54503572601516	4.53833197152034	4.78142340370161	4.64286550628611	4.6375037277355	4.71043698760153	4.86685322009681	4.85526557736181
9.04604543644509	9.11565586570338	8.94630825876222	9.15994145720533	9.01694599411372	9.06571571858389	8.98537145893487	9.04086311129155	9.0127994715871	8.95498299982092	8.98482873596423	8.81834301559227	8.54391654099789	8.87917984356962	8.82132916012136
7.7201956876567	7.77417103665626	7.62692621701255	8.15463300679854	7.86036851576731	7.92835440280431	7.87710848477765	7.90442721346433	7.94450888431676	7.88144840030875	7.93061057190446	7.80412171154839	8.10338057242711	7.89907583263138	7.96530359444652
4.99376807613764	4.91014872068388	5.01041006992771	4.94008268814566	5.06106607343862	5.21523711594079	4.87302733710476	5.08713060561936	5.16248401478494	4.97335263702848	5.09426985926035	5.22987425026311	5.19218374380398	5.02263187377302	5.00344534342564
9.23899545083671	9.26261221583887	9.2421985799779	9.30287890335741	9.20334286947686	9.20608473344778	9.2003129321273	9.18452747405538	9.20443668233498	9.26720826494156	9.28948567865898	9.07996118804978	9.44550025897148	9.16842777206036	9.22209099768027
9.73252516903736	9.75689326853199	9.73193513147521	9.63664037673721	9.66839101629027	9.65187700387552	9.64714545086215	9.64569773050746	9.63294651685161	9.62640216914406	9.61792745643493	9.55646039932287	9.76447897699261	9.59397668350354	9.70448724234403
4.6270234126712	4.59717094925851	4.74899647294706	4.94865130122143	4.73318932076195	4.72948196466042	4.59879767266543	4.67392985684228	4.57959421355251	4.53800797954851	4.59449984620043	4.84477070832369	4.62431393987103	4.66564573212037	4.57381465436328
4.615800650532	4.86509452195099	5.014864290629	4.60943531540771	4.73698925165431	4.84935193980978	4.6428974560035	4.57437954740387	4.70006660310162	4.56070392680823	4.55063733144461	4.74921392954482	4.83222835780301	4.8789568956245	4.80594690389844
4.46304808601705	4.77210760048614	4.67125837949481	4.6970939440167	4.77351117509597	4.9528106285511	5.32870668042238	5.21784610691815	5.32732791840992	5.37890732346476	5.25364752512752	5.58119931370495	5.747506378687	5.4125626310751	5.548573472767
8.47818326830149	8.52834471206448	8.41416854693719	8.42340045330784	8.50238602909447	8.54319489961042	8.43838583087337	8.34525770853796	8.37152059123867	8.41072290109437	8.49416284745149	8.22074704877045	7.91638730582793	8.37169426546312	8.34217718401568
7.38110540774176	7.35230996479075	7.33997755854871	7.30602483524385	7.516190498781	7.64150676520528	7.82787099866194	7.85616485093226	7.7907203714623	7.96030894380516	7.87155661241692	8.28929983772742	7.41939767232984	7.67663914535635	7.79984860645326
7.45170937333501	7.33940997435999	7.44179370915895	7.64154774961606	7.53516448030682	7.62915159549101	7.93934023130936	7.96195329748503	7.93381644873911	8.07275127211824	8.10194799667322	7.76020158043657	8.16030195362318	8.06084381280353	8.15341617768519
7.37373789509338	7.28250712743489	7.56815500158194	7.27478453935003	7.46139475492643	7.53705583493684	7.37237613088006	7.39651219332404	7.45245782101556	7.43789439329741	7.45278404418799	7.50388138430159	7.55580676664781	7.25581712014319	7.40027897261419
4.39241730539896	4.73737915779256	4.5671458744125	4.96904006008498	4.47040171965759	4.67117518670261	4.79900275647558	4.77559701133473	4.90306829136408	4.75370309613863	4.70565851590764	4.74746371518993	4.52260755471081	4.81563083637869	4.88463500572662
8.02111649644443	7.895260690877	8.03776651110613	7.79972859686948	7.87148403265009	7.8488051053106	7.60929577391816	7.63624630314853	7.66959140458881	7.54936390861296	7.42753140437076	7.26187149943573	7.50266924542196	7.56867957289681	7.64494166996752
5.50752215728914	5.51440950257787	5.42728985650916	5.10266718995899	5.25604372358809	5.2789755979037	5.316073270957	5.33546770012592	5.10726484532695	5.20765852262939	5.16588861479664	5.06777868655951	5.19429479294128	5.22913748439569	4.93547501419416
4.89856628283466	4.82774180492965	4.9160075266025	4.54444943958772	4.6781481222855	4.51703674919396	4.81285929261783	4.72115378310436	4.6153386389955	4.80019470834992	4.88506124180587	4.85541991676501	4.96577590388946	4.98611014022947	4.71256525648664
4.42390430210011	4.39019320693267	4.48234131316184	4.42977998440423	4.69140650048121	4.47487505678618	4.45624723616586	4.30153095068347	4.27903753296899	4.60037052154324	4.61058248109662	3.8452939983054	4.3102304399914	4.28301261428983	4.45721335530474
4.60841601966186	4.85272350580278	4.76332618875733	4.7070551948437	4.69203780683452	4.26053844752728	4.43909170584891	4.43018188377906	4.66865696623254	4.47358029181582	4.57953322969117	4.04324778060825	4.933208807026	5.01707389417576	4.58431172525324
9.03833191361712	9.01615332540505	9.04605598092281	9.09008885042274	9.04910226948599	9.0853213814718	9.05027332725819	9.02452430541966	9.01584310929004	9.11801611975698	9.0901953875823	9.04023382947831	9.15126529234484	9.13741790478744	9.10178926468795
5.10211165866008	5.22063161550228	4.85654070093937	4.85568919279281	4.70362358587955	5.07890619970971	4.58333804461927	4.72050245410019	4.8187540718272	4.8000816752352	4.70388837069575	4.75474976755094	4.61705754203657	4.64229670263221	4.37166324634637
5.25296486162158	5.19401760665684	5.42857466183871	5.13842092391461	5.41226984507175	5.31317950788377	5.30408778456312	5.21362418212682	5.2383176121385	5.26213050329276	5.17684612188242	5.45137530054575	5.01838647977061	5.18959088661095	5.26154370699394
5.78986980813197	5.67962671122126	5.71965973531622	5.70513340327917	5.71443489532431	5.95243354122031	6.02470556002486	6.00785321498327	5.93839452719845	6.00608387670636	6.10809408907799	5.79229490665807	6.01449970370055	6.18114230312208	6.15858452226538
8.62627033442017	8.6468108377897	8.66525803330022	8.69856168681462	8.62725116263774	8.62374219478476	8.67545935556423	8.64202710190377	8.71702378362726	8.64988619116464	8.69515201035606	8.51003286361834	8.90303857633548	8.58581027973038	8.64915284485985
9.01389050163034	9.0919007944496	9.10257164022907	9.10407595193252	9.10739949597818	9.10754796193592	9.11839492675685	8.96889358075425	9.12115003306084	9.22927807709101	9.15447238554913	9.00106676033631	9.40369061840986	9.15214885546855	9.07402253489443
9.49967479621779	9.46279614927885	9.4970721443008	9.56483111276927	9.44067149580565	9.50786557780377	9.38370990510296	9.39140261491822	9.44532811728166	9.38502078926186	9.40983886870411	9.28583197467214	9.49498889481228	9.38427988414429	9.46860803574946
9.04814325313587	9.12130024956226	8.94801470953624	9.24797820205062	9.09586927517219	9.1105585283774	9.21821071978302	9.20854910661629	9.23965849520212	9.24542354504599	9.24644416017175	9.22612029388227	8.74489563532227	9.29714664671501	9.19097032857251
