k4_temp10_1	k4_temp10_2	k4_temp10_3	k4_temp14_1	k4_temp14_2	k4_temp14_3	k4_temp20_1	k4_temp20_2	k4_temp20_3	k4_temp24_1	k4_temp24_2	k4_temp24_3	k4_temp26_1	k4_temp26_2	k4_temp26_3
5.03465583669869	4.52500435906583	4.82355013823919	4.74357785608412	4.76356872733938	4.59422150824719	4.80041100413553	4.33646115940725	4.56188235733219	4.43972644183112	4.63492117234826	4.98061380003924	4.60944382244274	4.49681440861845	4.586496978519
8.85704222492764	8.77096314492743	8.92321280879507	8.77304920293273	8.72139981265643	8.74531310833443	8.68688307474036	8.69437695149846	8.71892364350336	8.65791524203913	8.74353266346014	8.52979075216007	8.87277197176298	8.58336974109858	8.83001946853905
8.56018278492122	8.60534286027417	8.42920109063703	8.62784303475835	8.55734907016441	8.50223522068621	8.61461501685998	8.52455047722384	8.64194010335085	8.53667904861631	8.5068566341046	8.28850275188995	8.1461046924511	8.75726165832969	8.39858868453194
9.33150347009034	9.29233031857133	9.35394050218747	9.26061209521524	9.30622468007772	9.32155929569405	9.24862993142697	9.29535324465489	9.28922974301192	9.28176755820846	9.40052729872102	9.40367141715856	9.4356077572636	9.36665111039622	9.33237842253798
4.99274560406825	4.84391811929062	4.55497889420173	4.48820100679262	4.78756061341071	4.67282553641802	4.51286156464561	4.56016426136184	4.67604862968656	4.65779858154888	4.59308329538897	4.85968850623902	4.47902116416896	4.58547137674925	4.57406696707802
9.73174061015424	9.67220558019304	9.73858092301677	9.74209512122996	9.73655933897937	9.71734864687513	9.58251017895378	9.6298382848053	9.6012880446988	9.56599307604245	9.53757394463518	9.43266121717742	9.58166813483575	9.63540075357587	9.64836364217935
8.85215434726632	8.90603382487303	8.89408045819238	8.93482448510952	8.88442314969432	8.90783028510078	8.83795969780388	8.80502621683544	8.86110844505039	8.75153719705935	8.7800302972747	8.53405306561261	8.94853521476665	8.77371689977245	8.79859240773925
4.81075726813193	5.0139652190192	4.93607039439865	4.63987408569798	4.71436143668395	4.68552273834869	4.56499887025799	4.5287450482378	4.42791571441228	4.5186408390691	4.51477626431843	5.00964510470731	4.76861178463905	4.83100924222088	4.59882794499182
8.74586285572584	8.72066791614544	8.76585203577604	8.74302391723596	8.72771745510053	8.63596386769888	8.57219732052677	8.62464761306441	8.56975831707394	8.43344308127475	8.5888219221191	8.38791694035133	8.54873564863239	8.40879032972955	8.53569902346344
4.48150282732061	4.67483982137626	4.39180436370133	4.78727373279663	4.76356872733938	4.40776274144395	4.71085730518272	4.7077325347439	4.49645218606908	4.38485499744	4.50582373119828	4.40086115060765	4.65273308550427	4.87053805646641	4.53616642530948
5.18117064590371	4.96312845751015	4.96527732107024	4.98708838787892	4.93452798387333	5.06208282841768	4.90497580334592	4.79832782303815	4.70116039790835	4.76391217441634	5.00046638817707	5.03822629345397	4.65273308550427	4.50508909599113	5.00673239893022
4.57163599988833	4.46603122158836	4.60546989231402	4.77647913227552	4.49893335242392	4.5670465043291	4.3034963687515	4.48575707563666	4.41785372053511	4.32802344907659	4.35499284393434	4.04866042274063	4.53419647296657	4.19523448510593	4.45746159529476
8.87942151358854	8.89484266791019	8.7624938478736	8.82320822350698	8.78033535532892	8.73442884074755	8.61858971227961	8.5966616074711	8.61736032971089	8.51253421203191	8.54483323740617	8.14701801769914	8.5011661657865	8.59318145468639	8.69333508787387
6.50212178795958	6.65152827514617	6.4797977671412	6.76596650637543	6.41743031137494	6.51222296678908	7.21035532528734	7.00078817189315	7.11819869619765	7.05704205700615	7.13054605248814	7.30251738957991	6.85291830252323	7.28801146893803	6.75334159982135
9.48590820300651	9.49394572743743	9.56264591393928	9.53959721642115	9.5028167052828	9.52406822401484	9.45017681854985	9.43382844872176	9.47039918636125	9.54251689873934	9.55207284856896	9.54426584142908	9.65537597676883	9.51780608770308	9.43120820206821
5.03465583669869	5.09145744222012	5.09418503477783	4.92040315405038	5.1161992894703	5.12882728781167	4.85713202038619	4.95617914627056	4.85825978947914	5.0758528968113	4.8715972017038	4.85968850623902	4.89971586217749	4.80407959025631	4.95881748463295
5.19955863976136	5.04355775772525	5.36590641094791	4.92040315405038	5.269127555621	5.11947792838817	4.93819239797659	4.89181132934885	4.85079780760958	5.16947485183152	5.0069583855027	5.44389931926294	4.99756891911965	5.23885052645758	5.21808687772667
7.07084603039808	7.08583668650435	6.96395974244904	6.88103136967679	6.9600788154443	7.01520750115199	6.91356119544684	6.95635839235443	7.00495779893988	6.80568614752019	6.82406913614579	6.62832213742714	6.56697694491498	6.93705864518459	6.9209616848348
9.29539180104265	9.24345039970443	9.29730999868083	9.20402909972361	9.35511455788207	9.30003637666915	9.25117842731581	9.33500599491206	9.23889525934431	9.23963651008958	9.2683139428257	9.38498313512474	9.04223700489601	9.31863585518848	9.31440056577643
5.1436266566796	5.20846069767236	5.23650694750501	5.09438720909746	5.18113236840553	5.08146738733261	4.91168135635134	4.7895205164358	4.75011051878712	4.8285713095248	4.76162024527299	4.8906715842466	4.88774310868185	4.88349130456392	4.99726736572778
7.63474430364419	7.53282444985971	7.53669492976845	7.51373499093081	7.38229569265527	7.36835768255728	7.36912437273959	7.52047088943827	7.37677570965343	7.17730938214698	7.31120430018638	7.16462511224975	7.34588373901614	7.64125980473991	7.42395321162862
4.93846133121578	4.84391811929062	5.00331215491268	4.78727373279663	4.701794465886	4.62089785999782	4.77118069948419	4.86691174399536	4.73397749867862	4.71173982176368	4.4694822693741	4.18873662373217	4.67388822166934	4.62413716909741	4.56153630667571
4.92733783879167	4.88851650854494	5.18788104196934	4.78727373279663	4.93452798387333	4.88596065497189	4.63167430254639	4.68890886617071	4.79745542518356	4.56915664373425	4.69957725530619	4.8906715842466	4.53419647296657	4.50508909599113	4.77289078547216
4.43407702438951	4.40431418003982	4.65423436014877	5.09438720909746	5.05813250400467	5.00232837465529	5.4138836752433	5.16119339467217	5.1350930535361	5.28454528329966	5.34826676528395	5.20098927775577	5.34119544290007	4.53774885555409	4.70559635262193
7.34142799744022	7.24905364465123	7.36294125334252	7.62070007716907	7.74042051293287	7.72124449865647	7.96936023590234	8.02343236638666	7.95526850592058	8.23779695684365	8.14775613334329	8.30303725357153	8.36431729699197	7.47775280834643	7.84873109866154
5.31334397322982	5.10083329145804	5.49121618696728	5.59982663886315	5.49774430663336	5.51883493873378	5.74028690305423	5.80956370368226	5.65988996464461	5.68852134180497	5.71556928367382	5.77620293279199	5.61356338330538	5.76624381476251	5.7839820926916
5.58607514744808	5.60724058064255	5.44378401417872	5.1939224618766	5.37608351101083	5.37670339775156	5.13991019735798	5.10553467337657	5.18935836479079	5.29508250193235	5.14916526050612	5.46651861834659	5.23257894229723	5.29905239110976	5.04402403724632
4.69647823723324	4.63562483399568	4.81286677934766	4.68693181524235	4.45472254195211	4.72296224201736	4.44952103089054	4.34851135642629	4.30228083308835	4.27906222606738	4.7231381536614	4.51732828081555	4.82000709104318	4.42026360368277	4.25657447818551
4.70966367547862	4.7977681741013	4.43438130884528	4.23994087040263	4.45472254195211	4.39237825523619	4.32385282044035	4.37231338826587	4.29130062596679	4.27906222606738	4.26315021343536	4.40086115060765	4.41319441720611	4.23510557848998	4.22562288434998
8.46661352414287	8.49937390026123	8.38257709986678	8.46102645818645	8.45834642815374	8.48102465179675	8.52900651252976	8.43535216849622	8.49737355948976	8.44363789820129	8.44254979921372	8.52979075216007	8.67477568575007	8.60235906522838	8.55296858016329
7.78165120693131	7.90661887220924	7.87325249107631	7.84204091435115	7.77728537856523	7.78259623405635	7.84942434211064	7.87689968466415	7.86538944683359	7.68882476318348	7.68497742070279	7.7038796907826	7.92012360947594	7.93972011436519	7.81374862979316
8.51066620543893	8.58724695813256	8.46940260345145	8.71232896722841	8.60013251453446	8.62506749790163	8.5955823118977	8.59036793425078	8.59627316376517	8.64069315233127	8.65162386787095	8.7163204807197	8.88650373183028	8.69554943268174	8.5990265664563
9.07042023750933	9.09099126643367	9.13704549766297	9.06954860630896	9.04433731279595	9.06956883370162	8.97415641366866	8.97161061080781	9.02001521961351	8.95086197155131	9.07678989495157	9.10751025950075	9.31896708846893	9.09677453947516	8.95192300477341
5.31334397322982	5.23405654906823	5.19610136295793	5.43548523949773	5.3440053864208	5.25377214375971	5.77720418512956	5.86921679522563	5.82520140961778	5.95936263019408	5.72777084521438	5.81382566203642	6.08228748525347	5.90824575509099	5.85103350919328
4.89340726922717	5.0139652190192	4.98442152452778	5.05069133238495	4.92373629059179	4.8637644928376	4.93819239797659	4.9795941360058	4.98637345300524	4.84955333927056	4.9065726339252	4.95111797483275	4.78810572304541	5.04263259182715	4.72835452901511
9.44271577402458	9.44572284171464	9.37159745000055	9.38943662915856	9.41178673990696	9.37526853098729	9.25784662334324	9.36699056192145	9.29199449307284	9.17220632671187	9.20358405943386	9.23407120454336	8.89697616265622	9.3257918158898	9.21999883721823
4.93846133121578	4.86640471093088	4.48924275494311	4.95890369280971	4.85724484572088	4.91863215080564	4.49504974041817	4.75374252343957	4.7094348634079	4.80015780093225	4.38442547201316	4.82817577738827	4.37908874575329	4.87053805646641	4.83738045433866
4.29881456040369	4.45086903203693	4.1056034546039	4.72119842785515	4.37790694320136	4.48233397818013	4.80762584174697	4.50741147077609	4.71766218070003	4.53565826543744	4.52367689840432	4.18873662373217	4.53419647296657	4.82432099290106	4.40267611823313
8.06033094904693	8.02618140378491	7.95491243163664	7.99241296530692	7.86126022512514	7.92006742857724	7.95836294681926	8.00839316816661	7.97345267180119	7.8808902192433	7.77191791497038	7.58668642130232	7.55207643262214	8.00354186839034	7.80449120574955
8.22670413456279	8.23186624153118	8.13077250521372	8.15614663860167	8.23080072902601	8.13084053137196	8.06029554413569	8.06762990658563	8.15741035351522	7.8922222556065	7.90408403301111	7.47670651097494	7.79111697735612	8.02118034789793	8.02749053790432
4.49694867201399	4.53934695438261	4.6300605315435	4.40559794925801	4.42448236357986	4.36111209579023	4.17484416851174	4.37231338826587	4.5059828495711	4.34719373155533	4.38442547201316	4.44050675918047	4.54190493085278	4.48849487177271	4.45746159529476
4.45007125484825	5.09145744222012	4.64219866219777	4.75463257022515	4.65040941629236	4.69811000641565	4.57350592468422	4.57048681553354	4.65049238238534	4.70414499016799	4.66758953414311	4.44050675918047	4.58728919064458	4.54580635852028	4.73960932847348
6.0946142810195	6.11505769620527	6.11325190445001	6.07815089488325	6.23188323295428	6.01003987206891	6.32426492304485	6.16272676289341	6.20197376499902	6.21153685792267	6.24553221515615	6.19892451636053	6.21473132662748	6.09783322243366	6.19744769933786
4.61454426089659	4.78597541071579	4.96527732107024	4.79798432779319	4.78756061341071	4.88596065497189	4.70313410262242	4.90001642357445	4.89500198263867	4.71173982176368	4.56742216747175	4.82817577738827	4.57982609598291	5.01919777341356	4.97816183782032
8.68075057372011	8.65755529035728	8.73602501872049	8.83518360245112	8.77118736668606	8.74376319307039	8.75971216124062	8.78091622964865	8.77284589620962	8.74253935480553	8.79823303164	8.80295408106187	8.95489095280209	8.63964715288663	8.86238415351616
4.61454426089659	4.49584544584017	4.90625282593046	4.81915866099517	4.79940946337412	4.67282553641802	4.38323338670741	4.36046155065765	4.70116039790835	4.58564502132023	4.38442547201316	4.23315924909313	4.6240220880764	4.72033423426117	4.59882794499182
4.51221998365357	4.60882236392142	4.71293489804849	4.69844907501405	4.34600508627322	4.68552273834869	4.44952103089054	4.28722593127846	4.42791571441228	4.51006338326539	4.24197256622964	4.40086115060765	4.55719627754136	4.3118691130761	4.40267611823313
5.02429948946889	4.86640471093088	5.29886537124812	4.87071167328746	5.07774734385726	5.0910635962991	4.87096637550204	4.75374252343957	4.93789296630792	4.70414499016799	4.92034272694393	4.79611497368675	4.56478006973168	4.80407959025631	5.00673239893022
5.28792322315602	5.24247992432073	5.30647190524235	5.42199194993774	5.29451845487057	5.47543409250442	5.19579686555082	5.40541973199471	5.28106475384556	5.21429793415115	5.31682494815506	5.55431853320438	5.37561404149624	5.35223710889668	5.41854446397196
9.30374389700224	9.32213572912739	9.24746004962874	9.32135625632448	9.22630673162548	9.23569993566729	9.18105113113068	9.16685613752198	9.24140046060409	9.0500831082326	9.12141365911229	9.10438841328986	8.92179642990308	9.28564827744155	9.10483766846895
3.67775813360687	3.97985320076659	4.14039107539858	4.36235969665981	4.04213824045207	3.83351269306322	3.84844094070081	3.74653227606385	3.79662694984474	3.80801235513405	3.58711519397726	4.14321703330049	3.71961738395499	4.06900305122134	3.57452739198858
8.95976667744525	8.8916277782624	8.91356799271069	8.92634837203053	8.95416264243753	8.93731220854445	8.8749074395046	8.85154191603404	8.89967569286368	8.73651239987853	8.77168444371156	8.46905985663518	8.52899719919932	8.91157401076456	8.78469113710308
8.1268465907945	8.13395594881661	8.02427237448516	8.19285026736448	8.10329472107438	8.23240399329559	8.18867836544534	8.07486605317229	8.19553755152762	8.25750140926863	8.17843937860942	7.98804872250501	8.12097208787712	8.26041647753607	8.20215191952708
4.62854953338016	4.63562483399568	4.52904687538292	4.93978804508755	4.65040941629236	4.87490493340419	5.00865259970646	4.99499524688404	4.85079780760958	5.01441228278424	4.92718173638087	4.98061380003924	4.85735769322923	5.05997685309462	4.90937148595132
7.97990817629363	8.15842019223275	8.02201390727809	8.1040256095819	8.04646371825363	7.94041988947174	7.9849248623559	7.92675243225842	8.02418002975184	7.96740699160177	8.06250847428898	7.73040460519785	8.41126459432914	7.82264510458442	7.83968120091474
5.19039591517214	5.09145744222012	5.10296181166492	4.94937905610379	5.0180892455722	5.13811690651153	4.77854468168274	4.84157402035809	4.88772796081548	4.60196428436088	4.47864859558518	4.40086115060765	4.59471290203768	4.40272111799579	4.49731430677199
5.18117064590371	5.20846069767236	5.21240121743836	5.23336081964687	5.58273303252234	5.47543409250442	5.35139792698718	5.2278715161137	5.44370691720627	5.63004862341646	5.56104573510062	5.39781067503851	5.8076803527878	5.00138383122391	5.44008812658054
4.74846528884154	4.64882571052819	4.79125694557808	4.47477353920405	4.65040941629236	4.72296224201736	4.4679074457883	4.47480652749926	4.58004473867167	4.42164540409681	4.6015425734273	4.79611497368675	4.51865167342723	4.48012999662772	4.54890335403657
4.92733783879167	4.855209056765	4.96527732107024	4.61572777318097	4.73917359746491	5.00232837465529	4.87783350871605	4.74465738200634	4.75810993137068	4.86338920209069	4.92034272694393	4.82817577738827	4.92920939618132	4.58547137674925	4.89928983397974
8.82057154387614	8.74964108899822	8.89897736169229	8.71108681505825	8.73479208840796	8.72895599607008	8.56190899146994	8.63263222376617	8.62176076063118	8.57389583395768	8.58630597713991	8.73550327345113	8.77042151236416	8.72645195016344	8.65182970649924
8.8478629048302	8.93282568148767	8.93398583164011	9.14547299299387	8.9068835755823	8.91680664462633	8.89996807404056	8.86098106947182	8.96565057584824	8.94980615585346	8.87731542116149	8.92743866615614	9.31199317696885	8.94852917015919	8.87173009900968
4.65613205604483	4.288878174794	4.54207182201056	4.74357785608412	4.28001753866828	4.48233397818013	4.2081124668157	4.27464951823292	4.12810725424736	4.28897574223869	4.32498494906749	4.23315924909313	4.32632793560175	3.95525096079377	4.47086019071948
9.06937821995562	9.05638440159313	9.031907888061	9.14547299299387	9.01101277834694	9.02425128267259	8.94919809837824	8.97015778727055	8.9613158674646	8.83712350757116	8.84255117946036	8.84658806480781	8.84814404022627	8.81360110796637	8.96951707135981
4.57163599988833	4.58146722683419	4.43438130884528	4.73243362911349	4.76356872733938	4.48233397818013	4.61529564654036	4.68890886617071	4.684467838836	4.74917953028556	4.73864692269767	4.76348669276143	4.77513982440129	4.63175480652039	4.7618763040676
4.41789124170873	4.53934695438261	4.66616933978165	4.90074132664502	4.98731474874738	4.60762086927384	4.94474379978872	5.06233172874539	5.24165789492597	5.45482674974801	5.32211016879572	5.12140354845482	5.71396738697022	5.44445407272534	5.38934495422328
8.32693026258836	8.41912484284859	8.28543123692942	8.42784271456647	8.22969061343841	8.24119507302255	8.26381227032049	8.27580801211223	8.26045863892101	8.13543921468606	8.22214774631217	8.12056921756153	8.16904679058552	8.40163740058366	8.10967948519805
4.69647823723324	4.77407688122462	4.74702947167309	5.10296234282601	4.68911773849532	4.98185169276872	4.83612533943593	4.7895205164358	4.72584288404635	4.91756002374999	4.73864692269767	4.69644476831683	4.74219241580863	5.18681331291937	4.95881748463295
9.17607141758552	9.24221532391737	9.184844924582	9.13363961411451	9.19523678356431	9.22348755062175	9.23646193825136	9.13868708595463	9.21141242084727	9.25409530944682	9.18622087389536	8.97831907387925	8.89140056935078	9.31684164015036	9.09881484878469
9.63411121676761	9.6298354645136	9.58359493415724	9.62375567233432	9.69871165447426	9.68158892949674	9.79207433618114	9.75058100318856	9.80644145042571	9.94452808212126	9.86711391554393	10.0435684911158	9.43038069822244	9.81421315605888	9.88664750677169
9.10334755662625	9.14348602339362	9.25128370270511	8.90006072000615	9.19066159912988	9.14973758192659	9.06802657255197	9.03597842772952	9.10460520832592	9.23919630696096	9.13820332082204	9.50194305653547	9.14649136233125	9.25268510445157	9.22803796233282
8.91377341050733	9.00666137397717	8.99182539897715	8.97899889564403	8.95551034546846	8.98011405992377	8.97724568834	8.85048929161544	8.93458856603069	8.98841213192831	8.92045197975922	8.72017304167668	8.64763419993731	9.13322032803511	8.91536846011468
4.38492627329799	4.70035362972176	4.64219866219777	4.23994087040263	4.6763293204378	4.48233397818013	4.34392255199462	4.37231338826587	4.36646430091109	4.18694629501032	4.1199668470643	4.62687237024638	4.30829191875761	4.33047480500517	4.07812770246625
8.98607537521127	8.9503909781697	9.05125990468271	9.0158371092041	9.08432885147607	9.01912768131684	9.16930116269216	9.09626061738957	9.09869649617289	9.39148594249435	9.24922077740291	9.20767290503574	9.33179115215356	9.33894303197511	9.17916459200348
2.62337641743456	2.79645978823895	2.82493963022198	2.87931054984868	2.79898929284734	2.7796442910025	2.72776530515218	2.99874503499907	2.01087741612297	2.39621164339139	2.38632217462188	2.77087842812622	2.17410055362035	2.60671932399063	2.61654681924723
5.20865966203359	5.21704763474052	5.33649873520944	5.24111466838733	5.38399348186762	4.92936150120126	4.91835550149923	5.0177924007062	5.12275203586009	5.12335237033941	5.05164963038335	5.53275747166241	5.03596323318029	5.27425458537233	4.96851988697528
7.47669046142604	7.50565605035396	7.49642625418477	7.49882363693313	7.502605146536	7.37830857958556	7.57525677487631	7.44423432767338	7.44908044722845	7.37664749664205	7.39687504416223	7.2605235521157	7.51355695850943	7.51071314083644	7.23473883066084
4.9048123723556	4.74995481404577	4.78032798985274	4.80861221466731	5.09710064471008	4.96108247697502	4.53916866355142	4.60101778550788	4.85825978947914	4.93740785947145	4.59308329538897	4.55457095650808	4.85735769322923	4.03575371961721	4.82681708155248
5.03465583669869	4.88851650854494	4.72439055596849	4.95890369280971	4.68911773849532	5.1473475431078	5.28089243842979	5.15435257353822	5.18342862225486	5.38193854655213	5.30085924019821	5.51094124370754	5.82012990345607	5.20261054453506	5.38195817120335
9.42600585806564	9.33179557335876	9.39077089998982	9.21009594303466	9.30992271025653	9.29579937438431	9.17803895233284	9.24740154408102	9.16955759816841	9.15280225454043	9.14958610237981	9.06650797604556	9.1713194116058	9.06748868101013	9.2543352592209
5.29645004450181	5.3931303489674	5.27579928774183	5.29420186417975	5.269127555621	5.30419871485298	5.33658052430973	5.41689381772759	5.49249163453619	5.30032505757568	5.19569473280441	5.00964510470731	5.13518434716275	5.35698193737458	5.15079244487644
7.60888482715842	7.64177058218598	7.6169796847528	7.58877226742916	7.43891727101502	7.58158357127821	7.67871633185936	7.63144135098432	7.68905041885676	7.88502030384201	7.74493382708725	7.69047272443765	8.16904679058552	7.62621114704315	7.58719945167193
9.64742992753957	9.59493729444799	9.57753234588602	9.63681943170971	9.66605614753325	9.63362008320677	9.65648197999402	9.62677055859066	9.64303935042569	9.724212613665	9.65838170015757	9.80970513538353	9.49071921579806	9.62221506868073	9.6619364843733
9.06258545208821	8.95500194798177	8.97106321155774	8.77956777254447	8.97823188958079	8.98603326439997	8.8864654306699	8.84468606282475	8.86157369083439	8.8405209057266	8.78169403781675	8.68520666623131	8.74042321237452	8.71692792297705	8.92665061048202
4.85860285572247	4.83253026271289	5.00331215491268	4.78727373279663	4.75142241327819	5.08146738733261	4.77118069948419	4.73551455674909	4.6332000765637	4.8285713095248	4.76920226107625	4.27653653858997	4.60944382244274	5.19736284441401	4.64719213439877
4.46587841399379	4.77407688122462	3.89744081091121	4.69844907501405	4.40912268522187	4.19382195904015	4.92499853163835	4.84157402035809	4.90944100574618	5.13500893674705	5.09507670946127	4.92114252174611	4.95236695685881	5.39903801445902	5.14217109609146
9.5524131654905	9.49802781418246	9.5790504106842	9.45972813571035	9.49075579294591	9.5254275699577	9.44435228974616	9.47467706192983	9.36602185545074	9.39627966200775	9.41343726734846	9.45346199919076	9.3132872530829	9.48147042296029	9.49219458687444
4.74846528884154	4.51050501096981	4.9556079840794	4.46121377916466	4.37790694320136	4.69811000641565	4.45874389405305	4.29969345626464	4.55271476921321	4.41252724620164	4.54132485224687	4.23315924909313	4.57232319796153	4.39387411488555	4.56153630667571
9.25283909413925	9.20164866992807	9.16114544982144	9.06330902852712	9.11964334990721	9.14915100924163	9.01493128566232	9.03967663879087	8.97643075342977	8.83655656860266	8.84627583405427	8.82853258504461	8.70459704397465	9.0530599524613	9.09007362834293
5.42603394256952	5.38561374446673	5.49786525142601	5.66385234623878	5.78170077961815	5.62860935741144	5.84133674124064	5.70117474179335	5.83280084967697	5.81840000657221	5.79513916489015	5.9046543648608	5.53989262263525	5.39903801445902	5.4472032108587
9.67401319197003	9.64967570875943	9.70633692251294	9.58314418962307	9.66935495818055	9.60388856892087	9.5227538803293	9.59353017743462	9.5145711610459	9.52936410027395	9.56543837436425	9.72242494134874	9.58870476511314	9.3901069946346	9.60594990154954
9.38989889103087	9.25818231457209	9.53279051515735	9.33918685061212	9.39147911690191	9.45490299100561	9.49593529948555	9.50373462979753	9.47922104421942	9.72291374485959	9.68661677135763	9.62374757281281	9.94791196593228	9.49239767322789	9.43768548297649
5.64644980276834	5.80260553642926	5.68996806092914	5.59385567717196	5.60999160001919	5.43069762800936	5.81318911222791	5.57886100488872	5.77480549251792	5.63429726198436	5.51985639245604	5.48886373735284	5.71062186804659	5.77348416210396	5.58952703252687
4.57163599988833	4.43553155317487	4.59301372804417	4.62785388255832	4.51337601944676	4.48233397818013	4.78587080262307	4.75374252343957	4.78967163124867	4.61811786674346	4.79172621142983	4.82817577738827	4.76205331101502	4.92798574719742	4.70559635262193
7.25045544605743	7.24163165524934	7.36473411560655	7.21512295263357	7.29405160274519	7.30091611436069	7.50547635843236	7.32020919549007	7.40638840731773	7.55630724700878	7.45188272579527	6.95642513983648	7.72389088511562	7.4121154585592	7.34686510205407
9.28920442797171	9.32794007182095	9.29638538163501	9.37493702972744	9.32723048894911	9.27711591060326	9.43347173409379	9.34885396003543	9.40931919158318	9.44382606136822	9.44470534702661	9.10438841328986	9.43916055832116	9.46525828671527	9.33698416434366
4.43407702438951	4.40431418003982	4.23993530865643	4.27158144804373	4.42448236357986	4.36111209579023	4.08213327264886	4.1144857003	4.07787991941697	4.13336836435258	4.13146768795614	3.8436215538404	3.99437579230062	3.95525096079377	4.1121406783178
5.67886134890678	6.01103996509848	5.82273564639247	6.13180674106227	6.16436054394759	6.25720139837191	6.93474403951216	6.99507013602551	6.98291324435828	7.209164584246	7.20970559746985	7.26899919806671	7.66168409976025	7.17632944057787	7.21447999161074
5.74144181981998	5.75211278559125	5.77983852575201	5.64091340671633	5.88024197636662	5.72450039520825	5.70622327176077	5.76089581030657	5.80216011836214	5.75675106725025	5.67418254387289	5.81382566203642	5.6384629721586	5.98250601561304	5.59598853713095
8.75641632428719	8.72797074456034	8.6851204771894	8.62652220499179	8.72535156042831	8.71557839344712	8.82899920261847	8.7930216823282	8.72507222743545	8.80390249389441	8.81838877185813	8.86446841591674	8.20419676278473	8.90078262650911	8.74980174718059
4.16822371081775	4.2715357429352	4.30263647117998	4.33276060939715	4.24586358499657	4.15792333562168	4.35385239973328	4.1424475524822	4.1032119775588	4.3755229226047	4.25259790330678	4.44050675918047	4.12432565942749	4.59328284801182	4.24117606154204
4.58609064783745	4.9102658013011	4.6300605315435	4.63987408569798	4.66342722606272	4.81832890816558	4.51286156464561	4.75374252343957	4.55271476921321	4.61811786674346	4.73091212004187	4.76348669276143	5.15521016638159	4.36702297903601	4.57406696707802
8.74055505626646	8.86014214566926	8.69713827797983	9.01484086991983	8.71902358938076	8.75149629843085	8.75836343668747	8.71592624554008	8.82578070957766	8.6458154559851	8.75654662265104	8.43343653078301	9.05969352015117	8.92229005616398	8.73545314273694
7.96110444061463	8.09345829852742	7.89565434027273	8.17002545716373	8.05400387058703	8.00240620140438	8.13327464163401	8.12800825129997	8.19553755152762	7.98008525946485	8.06957571383263	8.0774456196287	7.6278043155881	8.17293331443983	8.056690047653
4.74846528884154	4.83253026271289	5.04035895841202	4.88079453531482	4.63727379668791	4.78329539657267	4.71085730518272	4.53929447373951	5.00666264321084	4.77122765488138	4.62664430551129	4.79611497368675	4.60209764363773	5.44445407272534	4.59882794499182
7.31496427946688	7.26010935151002	7.20166817102445	7.36178830572045	7.20909477380696	7.23238759336333	7.4569822701214	7.36816335050334	7.54944075289775	7.35089148859294	7.37069967128056	7.45390065623187	7.30334716387069	7.19789819065023	7.36135710994191
4.08751336217918	4.04354593463178	4.08788618647624	4.22384355811432	4.40912268522187	4.17598344836611	3.76117322199874	3.95016366365165	4.0650452546582	4.06659853134677	3.93623934332879	3.67333598021834	4.16510503771196	3.88272010784677	4.14542213531649
9.00369905379513	9.00370663523811	8.96757327080354	9.07194093180461	9.1008753062057	9.07821887423025	9.10094124698415	9.04566604810614	9.11674045628577	9.08198990712656	9.03271412841302	8.85017803623832	8.80053858539051	9.12388435632724	9.01264651690206
4.91612203417187	5.04355775772525	5.02195584187333	4.99635646674812	4.89087127764953	5.01245956812827	4.63979356886735	4.76277070436409	4.7660652698321	4.64994121151545	4.69957725530619	5.0940926823129	4.86348750704262	4.82432099290106	4.80547152789949
5.4026645412835	5.64496853949594	5.51762845555685	5.95494879791495	5.77569051819382	5.70582150382926	6.10461139809392	6.04945048703715	6.01752979359707	5.86678849490108	5.67837178270649	5.63812613519272	5.88077679622424	6.05634554039009	5.93095805695447
9.02541031106928	9.07380067242556	8.99239783396104	9.10686960126508	9.15059030124913	9.03317436430973	9.20261872880245	9.15539895794334	9.16277698956678	9.20447971085846	9.17896351675442	9.11062682786262	9.37726051463703	8.94487343567655	9.2464319360688
7.73490098346952	7.80352413870646	7.74195268395644	7.73770711213385	7.69298243260902	7.77204487342344	7.68732619119051	7.59790837059585	7.65082756187162	7.65582269300956	7.57710660655801	6.92612117391872	7.77576723375172	7.69589763412064	7.53098545492631
9.23405209397358	9.21474863032583	9.23109418011703	9.34625490643166	9.22406938850805	9.25000172708303	9.24415906640185	9.23576438611813	9.26797261792677	9.26799159164832	9.30580239676674	9.29986460218984	9.0778538451139	9.31144637698455	9.16830470108948
4.29881456040369	4.30599682708822	4.34791715503551	4.10556060428307	4.36204365896541	4.10235655747667	4.17484416851174	4.32430927175998	4.05209547926215	4.07792323536959	3.71251997381798	4.79611497368675	4.0823288080732	4.05799977263063	4.27182118382407
7.9599204749671	7.97043488438463	7.81696378958645	7.90149187983625	7.91189824636466	7.89803942564502	7.87724102177646	7.88000199855463	7.84672221490608	7.70044727065696	7.78576442993381	7.53617778926807	7.87195086503601	7.86390466553518	7.89758109190372
8.68560584037464	8.72614880266889	8.68937362669291	8.69042777405456	8.67883619231261	8.59360013662879	8.522652310767	8.56876132200763	8.60463387200183	8.50766096412352	8.64679000294151	8.62135786867226	8.7639377186569	8.45543342227319	8.63653869120252
9.4805359773629	9.52125914577353	9.51266642726194	9.35328684940426	9.56520678178997	9.51816299329318	9.45211304939968	9.53810830107879	9.43518813845859	9.50942876600874	9.4565365130169	9.33051980174627	9.46029097961228	9.28821110583235	9.57323551623391
5.03465583669869	4.84391811929062	4.79125694557808	4.79798432779319	4.92373629059179	4.91863215080564	5.17370452558879	5.09842359650297	5.07870839475578	5.00183423943054	5.23528250806231	5.32644241735505	4.68086982430822	4.96512346496409	5.00673239893022
9.57769577584869	9.61840784074757	9.46169562006683	9.63808733093445	9.6070791871874	9.63823738871335	9.65743959251932	9.58375466757117	9.62011564394914	9.80119403474619	9.65242036713056	9.33328152473017	9.30029261012069	9.64470880281024	9.58209261700283
4.28091368015744	4.77407688122462	4.4203297494375	4.63987408569798	4.55586127862356	4.63405469531201	4.28284488576929	4.47480652749926	4.5059828495711	4.41252724620164	4.33505288730752	4.18873662373217	4.3352599658896	4.6986639808246	4.43031128303747
5.05513345118633	4.84391811929062	5.1545176084831	5.29420186417975	5.03824895936861	5.04243630808397	4.79315944963516	4.99499524688404	4.7660652698321	5.01441228278424	4.60995549902461	4.73027048335178	4.9638043372923	5.13294986384112	4.94905386799089
5.23560068769341	5.32389670291818	5.22851688883036	5.18589733994888	5.31947281266952	5.08146738733261	5.24428678618272	5.29159829274859	5.21283677279524	5.35182192127815	5.36374946872004	5.44389931926294	5.10974441259734	5.25412379466476	5.28257654659316
8.88480954743676	8.75262305731468	8.88238248062346	8.77601601699625	8.72771745510053	8.78504162343014	8.6156097306065	8.69672221283207	8.68778174019124	8.46168202669739	8.54029938658579	8.50400781793072	8.42202964893776	8.7014582619186	8.58226617045008
9.08027953917359	9.05543643646138	9.02744745676871	8.96305200079334	9.04939692945753	9.05837118876823	9.03025122417145	8.96627640987875	8.99521055474421	8.99509857609125	8.99892686362154	8.27385274302372	9.17217764653494	9.04021510101582	8.84983443969625
5.19955863976136	4.95272309322494	5.13753857767755	5.1283717631969	4.95587360474488	5.03251258095169	4.91835550149923	4.86691174399536	4.99993120781074	4.87710578874755	5.00046638817707	4.85968850623902	5.00311839394675	4.92798574719742	4.79468731628248
4.38492627329799	4.52500435906583	4.30263647117998	4.85032160388876	4.54183724624095	4.8969329363364	4.72617925263936	4.22321583144728	4.7660652698321	4.60196428436088	4.64315365898896	4.31891656014419	4.92335994889974	4.89633615600941	4.73960932847348
4.77372764492743	4.35606605768465	4.82355013823919	4.33276060939715	4.54183724624095	4.29648721743937	4.17484416851174	4.46377206629751	4.35596323442049	4.34719373155533	4.59308329538897	4.04866042274063	4.3962449345302	4.28353075512901	4.51037369317091
4.98206178004978	4.89943572364496	4.94587264427745	4.7098707547648	4.84586066140156	4.73523084123857	4.36371352825205	4.56016426136184	4.80519748275741	4.60196428436088	4.69957725530619	5.00964510470731	4.47095930804076	4.69137203936571	4.77289078547216
8.29310680104815	8.32879671399536	8.0806871031053	8.46549015240544	8.27882386619129	8.34580118079756	8.51680262864817	8.43394661431871	8.48896835326213	8.48731126590065	8.45905175919771	8.33651196903441	8.29882503306819	8.65077003337268	8.60826005509268
10.1326994553712	10.116764620242	10.2148263107251	10.09264005737	10.1814890006963	10.1571558225808	10.0074910822297	10.0724690036636	10.0497307171519	10.0516259595675	10.1056241368634	10.2376075734799	10.1290115305399	10.1189242553871	10.1586872477475
4.51221998365357	4.48102208329745	4.34791715503551	4.62785388255832	4.31338627400326	4.51112344132017	4.29320803969467	4.15622746759573	4.39751690154957	4.13336836435258	4.34505523590788	3.99949884940496	4.27151099899926	4.09077576791288	4.34587972156177
9.59405619884824	9.53948984938637	9.59151317170912	9.53106249658012	9.56609155844647	9.53895157799261	9.40690020950321	9.45785495695177	9.46397712857715	9.4619180350087	9.47252438827163	9.4352741867814	9.57738631736376	9.299509619271	9.60256415344767
9.63753880343922	9.56750322372127	9.55533687215145	9.49848982220308	9.56299247768388	9.57222123074899	9.52905307224498	9.51804644899206	9.53017139123001	9.47145826144568	9.54602019258325	9.79257655922011	9.24951772740234	9.46656157763656	9.54031875641205
8.99766680044437	9.05021048571112	9.15349812992723	8.93640796123179	9.00060322366316	9.04897348067315	8.84178272780804	8.84679903479673	8.88784791808213	9.00736944049589	8.88407109834625	8.78074357447285	9.20356978133471	8.8329151491517	8.87792951883539
8.8478629048302	8.85629112077232	8.9722246299796	8.82378084864988	9.06447081025855	9.15792484625121	9.30887567692637	9.2684294635343	9.31324367725032	9.59863974011624	9.39867412398791	9.60479162432545	9.4061313061923	9.26944034312418	9.5638310305552
9.48475880815321	9.51120851326924	9.40712485897295	9.47265127771206	9.51340306880589	9.51131932595627	9.57745634360093	9.4394356211141	9.53104940297987	9.6010965177937	9.53282367098518	9.4740306895327	9.09789479335004	9.60980538930722	9.55486848752447
4.08751336217918	4.32289740144236	4.23993530865643	4.56612584601871	4.2967977956178	4.02480108353808	4.33392302054397	4.57048681553354	4.60686700120363	4.64204484693013	4.36486654407176	4.47931766103901	4.7554641184329	4.82432099290106	4.40267611823313
4.55702508244719	4.59521529955736	4.44829577768312	4.47477353920405	4.48434553053721	4.10235655747667	3.90378488278386	4.18339789896079	4.44783175814257	3.96087679027253	4.32498494906749	3.61288958963219	3.87608850010817	4.23510557848998	4.22562288434998
9.17991909762273	9.19398245642345	9.0838358562833	9.2463671116176	9.15822503007191	9.26145133735107	9.17064893047675	9.22606200146953	9.20335824526776	9.17358331874786	9.18195599593085	9.26296599277141	8.85174013125495	9.14852164310654	9.17150670534464
8.88540689405431	8.80975594525996	8.81659385045572	8.64620277643638	8.77195190505509	8.73598873400876	8.66640073059448	8.72457139942669	8.66610844239774	8.49927194188725	8.56411379734656	8.74312084522841	8.59431788056697	8.66236295544491	8.66697110946326
8.43281404091698	8.53424165141663	8.42238927234733	8.46623269599568	8.48931993451615	8.5596775717091	8.60863210792754	8.61227648765774	8.63922958954914	8.63104415855035	8.56219660032743	8.68128025421026	8.18586699149301	8.57407753994504	8.71925743777795
9.13995126275393	9.07520283265344	9.0827618940765	9.06379000162694	8.98484756220081	9.04960188802245	8.90565803692818	8.97981570503342	8.93988563199542	8.74314079658108	8.81947076984511	8.47346475657326	8.64929412938581	9.05561607426823	8.94230870127735
7.73629932472227	7.77769094413494	7.85938721247587	7.93247110279168	7.91327994666894	7.91459163912838	8.3363922692042	8.29761466136686	8.35729965505831	8.52430747200287	8.50884414904879	8.63349918422034	8.10884451238777	8.37666761620314	8.30068005154151
8.83614554313621	8.81374424116381	8.84034871178085	8.75991870470794	8.67393806822668	8.68844813692065	8.61461501685998	8.65993430823269	8.53285176398046	8.42905379794424	8.57620076530994	8.49533274428854	8.54962630396089	8.70413659236667	8.65272449004797
8.81806296459402	8.8262013950876	8.74830246965847	8.77067113839098	8.81561993474659	8.80747756838744	8.93655306911438	8.847326793696	8.88967389401711	8.96922623046078	8.93707235450447	8.77328020497902	8.69016830164925	9.03072675459353	8.87560764577504
5.19039591517214	5.66343766114257	5.10296181166492	5.73046072374949	5.68882415233923	5.67414660428971	5.94219916744348	6.05312862477264	5.95622335627736	5.99019250276211	5.91085857322843	5.88684311763533	5.6732862859602	5.68042835093299	5.62789746357012
9.53369051601892	9.49700846941818	9.45011706740218	9.47050582987134	9.44677547001207	9.46438034125642	9.34568507942531	9.36072411599254	9.37582870961963	9.25147619083357	9.3132699006771	9.36067355541792	9.14940096015103	9.29732929107722	9.31556675129086
4.55702508244719	4.33958538431373	4.25587091291313	4.48820100679262	4.56975110768122	4.45296287055144	4.3034963687515	4.41876871178511	4.30228083308835	4.51006338326539	4.25259790330678	3.7318631100929	4.25275352051563	4.05799977263063	3.95282580260754
9.23911819760628	9.24714874322041	9.22818648952124	9.26933737567863	9.26545622749574	9.20892121301354	9.16084860863867	9.13177442874072	9.12993384812239	9.11850258395228	9.07907499000053	9.16584242879695	9.10180881847026	9.17552794227249	9.16445353003246
7.83075368942159	7.87583082706481	7.87701065331208	7.72249917274313	7.8811632449497	7.77657626528926	7.79917853564131	7.80036559222868	7.81730246652738	7.65105173231864	7.77512436600696	7.73040460519785	7.91244193713146	7.85462440274186	7.84119319722888
4.55702508244719	4.66189652704928	4.4620758051066	4.66360406167363	4.75142241327819	4.48233397818013	4.35385239973328	4.40729462605222	4.20031681432139	4.15501651051535	4.25259790330678	4.3603441405783	4.3962449345302	4.09077576791288	4.44394598008817
4.38492627329799	4.53934695438261	4.37732483077398	4.72119842785515	4.54183724624095	4.51112344132017	4.38323338670741	4.29969345626464	4.16466339105999	4.43972644183112	4.36486654407176	3.94899021737071	4.66687179792567	4.27396716786504	4.37453846844852
4.55702508244719	4.56757519261715	4.75821558190403	4.47477353920405	4.55586127862356	4.29648721743937	4.41202077759545	4.53929447373951	4.29130062596679	4.2489456007934	4.10837920655234	5.00964510470731	4.20473554697023	4.29303512475479	4.45746159529476
5.41049932670462	5.19981781925168	5.31403808608132	5.36665567205787	5.40746799988499	5.1473475431078	4.77118069948419	4.9795941360058	4.8730690503584	5.16947485183152	5.16677946991015	4.85968850623902	5.13518434716275	4.59328284801182	5.15936602971122
4.54225447968652	4.43553155317487	4.56777020633901	4.86055439832121	4.55586127862356	4.8637644928376	4.85016414643305	4.64074417089236	4.93789296630792	4.89070513818747	4.89964099650838	4.79611497368675	5.09943821233106	5.05997685309462	4.7618763040676
9.01839233759927	8.94215391859786	8.99924919258061	8.96460334926996	8.89358965515645	8.94813138688534	8.85697309548119	8.86723963842789	8.82673408714822	8.75750761381432	8.80479906479744	8.75070706888502	9.01211865922007	8.82204994374999	8.93263429354614
9.4693393973105	9.46710153861203	9.32295886514627	9.37570398684459	9.40784652422623	9.38577631308559	9.29936897021056	9.29225732270873	9.31017845319472	9.24227517437306	9.2215857021748	8.98166168539701	8.98461297477624	9.29623796448284	9.23726227796767
8.67028732119836	8.41375211926721	8.64333927671854	8.37968267702035	8.39929190800553	8.45004119142692	8.38689529452103	8.40626046914698	8.41103501695232	8.61483132010391	8.67378463408616	8.94795965446737	8.65673966890594	8.43324708612386	8.54051548581522
6.9004682802941	6.90209069702496	6.74093906798174	7.16062732759582	6.89192187864074	6.86796101967846	7.04668245574652	7.13162121453715	7.18953516128636	6.83388384597396	6.84769044944111	6.51731169521028	6.89250750303418	6.93027432125456	6.79252161921914
8.16299883005968	8.28968831567579	8.21217672281381	8.40241907036963	8.10692492570126	8.21577605320814	8.28152131616661	8.26872801354766	8.23483941087406	8.18317188114039	8.20852143063349	7.91207966319587	8.2245362502565	8.30548249001058	8.02212183137696
8.06909981484701	7.9896315124159	8.12552710855734	7.90037247797615	7.95815350639014	7.90633908879498	7.88390346469849	7.99891327783563	7.87647503125343	7.66886954671636	7.81932544005612	7.64965667154173	7.68245197093329	7.89504435334623	7.90049271666557
9.67167871220353	9.61000619828454	9.68290123719045	9.63173612210418	9.60492789576046	9.66604864807162	9.52826719445099	9.56079088299648	9.56631028535284	9.63338160503515	9.5986774526272	9.78178981254513	9.66769594535091	9.45249286911117	9.60304828550368
6.98590729598665	7.11071261178539	6.98047531526054	7.4700391142183	7.50626586993933	7.48164983439181	8.06322900350218	7.99605709810811	7.99988423280711	8.28259709111793	8.16441777357769	8.32700962971103	8.33091249355732	7.82074305875201	8.03417533492699
7.01481741866005	7.10040426819463	7.15677622702774	7.5845526284229	7.29827715466706	7.40970133249042	8.0734488133847	8.00271272632097	8.03493993831071	8.32304124423848	8.32178582069934	8.45578164978927	8.35309962937101	8.38920328227336	8.16091440465332
6.25849852787742	6.33501049159689	6.26438086791575	6.59778336128843	6.15511544224556	6.23994516752795	6.20523630340985	6.30830417443405	6.18425709759368	6.16966301499846	6.2133923053544	5.71828875379488	6.22638665464286	6.02294272138116	6.22774991709723
8.19820914641142	8.29558654070893	8.06542158702646	8.48173427833847	8.32946188743081	8.32733320709381	8.44129937138398	8.5513691473561	8.56462498656203	8.33007294131246	8.29081327800947	8.21405994214375	8.17370696890714	8.29573673796721	8.38375941742213
8.41685956094574	8.47242427504895	8.38958127229004	8.49488378452192	8.3923588805488	8.37706734024352	8.38221764605607	8.33122868961325	8.46957071102244	8.34017528762006	8.31353725097936	8.13119431756322	8.26380834762247	8.61659012201872	8.28146989046182
4.46587841399379	4.49584544584017	4.44829577768312	5.13673838173513	4.72682053515752	4.79506728582972	5.38538417755434	5.2081902511001	5.43873654989487	5.20876361831662	5.17260625140061	5.0940926823129	5.14523289020331	5.10529234457911	4.77289078547216
6.13634476705108	6.34236052228286	6.13887334336325	6.26665761908969	6.01398994552485	6.12718942580179	6.1641692713212	5.99312035282652	6.14205270699684	6.06959929329154	6.100064433723	5.75709965565343	6.15496065277737	6.1831302093826	5.96688901342371
8.1568695828187	8.26582963794369	8.04888230144723	8.11748120778766	7.97280827673561	7.95649917278641	8.07053633943458	7.95448349829691	8.0216855454951	7.67476475241647	7.80053771994116	7.40742467161689	7.88200453754495	7.88868467835186	7.75256114014501
5.05513345118633	4.97345284537727	4.89617347837384	5.33090549294256	5.2605642501925	5.26229897395054	5.35139792698718	5.24728740766071	5.50681132490992	5.44051378188268	5.22407548691684	5.06637111109031	5.17004464525733	5.25412379466476	4.98774408580066
5.1436266566796	5.19981781925168	5.05852763396337	5.00556255131488	5.10668137956147	5.12882728781167	5.35630301749011	5.28535103722095	5.23593951011247	5.13500893674705	5.16677946991015	5.06637111109031	4.97514947978294	5.16011784369846	4.89928983397974
7.50185872507619	7.69570797569514	7.27793397175011	7.53726213667823	7.18192126141874	7.18332764936958	7.50547635843236	7.38136763178111	7.38455950358832	7.76512177758704	7.73619778599332	7.28583447258062	7.4815830811673	7.97454749136565	7.69551046306873
4.82287839601894	4.96312845751015	5.00331215491268	4.61572777318097	4.92373629059179	5.00232837465529	4.82194684052321	4.56016426136184	4.6590614893058	4.63410909881742	4.74634295425007	5.03822629345397	4.51865167342723	4.18510275993524	4.53616642530948
9.93692392289718	9.86302685802135	9.96631006853696	9.84997401259375	9.93782949362645	9.94298611574369	9.86466265299747	9.9205004886215	9.85400471923811	9.96363067129552	9.95347466556267	10.0788953868095	9.92364776767022	9.75167241732122	10.0023100864913
9.01188170260667	9.04973437691525	8.89530626122721	9.0028294088571	9.04116607260057	9.08313874484754	9.06149685315383	9.01358745934486	9.00787634015486	9.0376388542915	9.01995290760112	8.97497039040262	8.545613906882	9.02942833286912	8.99266892875854
6.2791956659098	6.23555874170106	6.39749290978535	6.52673251429745	6.31728881009829	6.45347475640849	6.84116301707938	6.73634343748538	6.87840470437155	6.92881716675599	6.68288304777694	7.11013494573692	6.60295819131141	6.86782703314275	6.89889317389043
8.4294708191745	8.48414540834612	8.45696092748906	8.54275385890313	8.44020870766565	8.36906280313342	8.43454080985643	8.39185324400804	8.43122961576753	8.3897467174242	8.4075902952506	8.25908537636098	8.76775533306045	8.35397662608313	8.38482337628454
9.3111733236026	9.2799779267352	9.39379759574531	9.37263359067743	9.3879833875603	9.42075047029312	9.43179040365209	9.42113190674311	9.49370533148021	9.42395878791758	9.37437706667593	9.58081924818594	9.36459671148527	9.40373897402344	9.43768548297649
4.48150282732061	4.45086903203693	4.44829577768312	4.34763972200071	4.28001753866828	4.67282553641802	4.2618896936403	4.22321583144728	4.1032119775588	4.26908655578375	4.28403972043567	4.14321703330049	4.0056753714791	4.09077576791288	3.91507934339047
8.60133310935047	8.6033443505132	8.6002970605835	8.53500794455991	8.6893924283692	8.65009084165159	8.72330194306943	8.77537992855559	8.71943702671878	8.57857067441942	8.61375718524603	8.60094293415355	8.27575798741615	8.680948769012	8.66697110946326
8.85092961070746	8.91502469503105	8.89162568694398	8.79660655188146	8.9054899354752	8.85349531817635	8.76195720248653	8.84996269071707	8.72404927997633	8.77999305292783	8.7794753162168	8.70471425299906	8.86104717312853	8.72010916927711	8.789611739355
4.28091368015744	3.68923984104305	3.44579972867135	3.64951228327754	4.04213824045207	4.00474807071467	3.84844094070081	3.81765735675205	3.81206977382244	3.98498504237034	3.69739320042471	4.44050675918047	3.61960034913411	3.28491085629776	2.61654681924723
8.66256245542723	8.65883463196601	8.80423990354271	8.6809337986439	8.70067547510285	8.66490068496645	8.67357922126281	8.67844573643419	8.6586326624232	8.53736354602341	8.66004668332065	8.59683267660468	9.03153174699023	8.74428212225185	8.59531768965546
7.44931744065299	7.38103885174989	7.44824411768617	7.6519039802874	7.64061233949327	7.73682685983402	8.41292473042097	8.34625219720086	8.44929015663615	8.76048444199467	8.61313871390636	8.70082921521346	8.42007848351488	8.47792394610742	8.7218259497442
8.6290496093833	8.72005752867415	8.57291276184713	8.92049061522026	8.68534141803645	8.60302665016094	8.67262417606351	8.65511828320664	8.67407548640089	8.62133629318026	8.66603481524813	8.73931599403874	8.75280768889533	8.56062067152573	8.4976071059449
8.19820914641142	8.33289013638955	8.1505309058845	8.45878917049066	8.17191843119131	8.08033052486417	8.21657993295726	8.13667769434663	8.21240819120677	8.02886985881864	8.04916907604517	7.92397292862306	8.33091249355732	8.25181729095397	8.10713629957323
5.41828895461032	5.50104974971255	5.45749779044701	5.95033805822209	6.04433549803487	5.96355497635894	6.37546542695388	6.4516905858522	6.4295726650899	6.72011053210047	6.6252727799489	6.56747668855456	6.73024115708151	6.20509767971143	6.57906072086168
6.24170953309103	6.27083436288378	6.06504934682409	6.03540508295654	5.94598042905761	6.06490753003695	5.93569263840297	5.95823328641195	5.97694940991979	5.89224686519468	5.84848192727702	5.73779634056264	5.41335433878806	5.70328163844728	5.88350032456902
8.54643863223089	8.56958484075276	8.46526742588591	8.41326226835587	8.54935193665574	8.52674604182281	8.59255377221561	8.59477639209313	8.55026922823656	8.47383618212218	8.43284110782084	8.64154919590758	8.07806013205786	8.41526419335545	8.4976071059449
10.0006805351221	9.92304263258469	10.1438677558628	9.95706231129884	9.96865186787974	9.98122027391696	9.85114824806016	9.87314989654911	9.9014099965121	9.98250663682768	9.91554335799024	10.1333319134699	10.0566315065892	9.8448077781691	9.98538882333123
4.83489177912173	5.0725045892391	5.00331215491268	4.81915866099517	5.14438417622367	5.1473475431078	5.17925980507751	5.1266596019731	5.05941336003306	5.08786136285508	5.03265530466837	5.39781067503851	5.09943821233106	5.20261054453506	5.2425865150835
5.09518072787276	5.10083329145804	5.20427457583127	5.09438720909746	5.16287456716783	4.94001224759156	4.87783350871605	4.78065901068255	4.85825978947914	4.98915597156746	5.0198606049581	5.27728084401937	4.91158757857435	4.87702834431953	4.86864471169772
5.56533566066987	5.54855733219616	5.46430554439055	5.70309790376903	5.72044797535022	5.6932342357623	6.0333501803308	6.00835848592851	6.0859116719646	6.23206764856321	6.21634207586784	6.50455420659954	5.71396738697022	5.80564961644263	5.96180681475287
5.6065011790766	5.32389670291818	5.68415859569404	5.2255630395177	5.4830828076288	5.58159952203879	5.37091778544253	5.48388218157914	5.35679170975931	5.35688111218059	5.39425421545897	5.17484061596902	5.20406195142639	5.25918129772571	5.28257654659316
7.93722578588007	7.94330352686198	7.8247715923521	8.11939274213816	8.00945704934416	7.96314673983238	8.23553132174849	8.15556871249963	8.20363071567665	8.02604121061004	8.15277363807011	8.06101059474932	7.97543284088248	8.3937960001825	8.09178878762227
4.49694867201399	4.56757519261715	4.66616933978165	4.88079453531482	4.66342722606272	4.5670465043291	4.82905372500122	4.72631331048688	4.74206654100107	4.64204484693013	4.75400060144567	4.40086115060765	4.71526738254417	4.83766847518345	4.95881748463295
4.81075726813193	5.03376673804256	5.07646776665016	5.09438720909746	4.73917359746491	5.24519500749507	4.77118069948419	4.72631331048688	5.05941336003306	4.89746147189897	4.65948737771597	4.69644476831683	5.07859649714185	5.10529234457911	4.93922825971685
3.78593558890389	3.60542183618746	3.937618728167	3.25357414919413	3.60455392252242	3.58651001083358	3.44320986516397	3.67171076429912	3.50515437423229	3.13590238182958	3.53731552857902	3.48570469814701	3.18999248480838	3.45755902585398	3.10533813533362
5.31334397322982	5.09145744222012	5.27579928774183	5.00556255131488	4.82282087510857	5.35293468773006	4.98343198761198	4.7895205164358	5.21283677279524	5.28982261549506	5.11935160374188	5.25219950817982	5.33683329973247	5.19209714185592	5.01613989358144
4.89340726922717	4.74995481404577	5.03118708279462	4.46121377916466	4.85724484572088	4.72296224201736	4.2618896936403	4.51811776649317	4.61569816193307	4.60196428436088	4.50582373119828	4.59107610478652	4.57232319796153	4.47171928632169	4.54890335403657
8.91786089554203	8.90656438962533	8.83204742008355	8.70797652105404	8.84861778057909	8.74376319307039	8.67548739347166	8.78753181620286	8.58279451019823	8.49224714372907	8.56985106610262	8.62135786867226	8.2610783059266	8.67986169333602	8.67227995893871
9.46078313062989	9.34900800206747	9.56379655679575	9.23707057665617	9.37744539926322	9.33194377113135	9.16558821466591	9.25854888311568	9.1985777560885	9.14441323230416	9.12673551913727	9.44309094653721	9.31613003727581	9.14932276566666	9.36150787949649
6.48105907541679	6.52682310352091	6.52892622062065	6.76851758126915	6.70129081582784	6.91235593116363	7.15185367005633	7.18950095000564	7.24474091019177	7.31588848143224	7.24629970500972	7.1735522471143	7.50983282650163	7.50370955093545	7.4591702887726
4.77372764492743	4.89943572364496	5.17129688134958	4.94937905610379	4.81116237017987	5.11006805489028	4.8148043324153	4.66020379325433	4.93789296630792	4.74176173504035	4.88568312692489	4.95111797483275	4.85735769322923	4.95284379314954	4.83738045433866
4.65613205604483	4.67483982137626	4.81286677934766	5.05069133238495	4.79940946337412	4.94001224759156	4.93161073554066	4.89181132934885	5.00666264321084	5.02689167380209	4.9873994575613	4.59107610478652	5.01963666643862	5.25412379466476	4.6940905144568
5.13407540349773	4.51050501096981	5.11168490762373	4.98708838787892	4.96642984080147	5.21915573742859	4.82194684052321	4.72631331048688	4.74206654100107	4.86338920209069	4.99394682390115	4.51732828081555	4.63845083040181	4.67668340296539	4.99726736572778
8.43448255557361	8.17601686609535	8.40175640988899	8.28393672435967	8.31905699656596	8.39294539983234	8.89343731550331	8.94177785810631	8.90374745257388	9.14254298325159	9.04022658415942	9.33879258936374	9.20440857101139	8.90595318987141	9.04769167631323
5.9662737102706	5.60724058064255	5.79068437074377	5.7991581257779	5.9406145225396	6.07951891312627	5.85520475711867	5.87338464224676	5.83658562321533	5.41636894529828	5.56555485751924	5.25219950817982	5.48199185600541	5.26924658487659	5.22629659514749
7.87687558805453	7.80595840938106	7.89812185255472	7.79086243338161	7.80730663615491	7.90357779569523	7.79741391946035	7.83168269761067	7.80671741874914	7.88708133288444	7.88928769221999	7.85143439998996	8.03379791782374	7.90678572290937	7.89758109190372
8.92019106284376	8.82168504299678	8.88608695476649	8.76530542199969	8.75426482559869	8.68441534548601	8.62156347485602	8.71708193592357	8.67195523597857	8.54555462819721	8.63219641904296	8.62946095752999	8.80833862938148	8.63573502423246	8.67669013036009
5.20865966203359	4.87750667651613	4.94587264427745	5.1697053354103	5.18113236840553	5.21037129753035	4.97705646295348	5.16800187137737	5.43873654989487	5.0515606051322	5.10726213120062	4.85968850623902	5.16017239390541	5.05421718108201	4.90937148595132
4.58609064783745	4.70035362972176	4.51590188147241	4.81915866099517	4.5276763918702	4.64709353051414	4.65589461457591	4.88355921426932	4.66758004072904	4.75656290408331	4.69164258607022	4.14321703330049	5.04674328627013	4.88992716636295	4.51037369317091
5.21769980744716	5.43008753384818	5.52415579758287	5.37369560818038	5.29451845487057	5.27920405256686	4.97065228415532	4.98731528126348	5.08508319662579	4.96349228296938	5.03901289172331	5.25219950817982	4.86348750704262	5.08280182074488	5.11601506885899
8.9893973679536	8.94215391859786	8.93338946042371	8.86384008984844	8.86448106481505	8.88900808488484	8.78288947046743	8.81531383820804	8.82768683563422	8.70541471556723	8.75710995235098	8.86090619307501	8.61146361436908	8.82452607074339	8.86082099368183
8.7485089587742	8.783826576333	8.61603173901404	8.87491704711496	8.69181761867449	8.70287425685589	8.60212214897049	8.60729812439135	8.58561295785901	8.51877796444547	8.55450378216282	8.62135786867226	8.41469878271657	8.62111633477969	8.52407798183631
9.11901286482656	9.11840292641657	9.09506390175534	9.07385180265808	9.06009040925329	9.0382487861455	9.0465109454376	9.04152218872697	9.04193977342832	8.99971124731485	8.97907181377078	9.01803586498888	9.16902822210198	9.10915657050932	9.01051835506621
7.624156138798	7.54472297935088	7.65402648825213	7.64787380314371	7.66375709508219	7.69276832511574	7.76255977163138	7.76051705020128	7.72934764669401	7.78939722236292	7.70634118283448	7.90610413204155	8.15791660100795	7.92556484825703	7.76054222077671
8.24888402879939	8.25979731834764	8.26841844979569	8.2600003904091	8.31905699656596	8.28011006082944	8.15267113303951	8.16237718920482	8.12987771314869	8.06242711384577	8.1044320367175	8.17826367668388	8.41861333145286	7.89776188274949	8.19134259894801
4.24438451861399	4.53934695438261	4.28721770756789	4.22384355811432	4.56975110768122	4.60762086927384	4.29320803969467	4.26196229835875	4.24652524661103	4.21824791167379	4.38442547201316	4.04866042274063	4.10348394423828	4.0469170472973	4.33134883447727
8.34753684283784	8.27354539107081	8.12657773235678	8.09821840893619	8.13919455750042	8.16125139875236	8.10652126653293	8.11578267030404	8.0651325842168	7.99651355079119	8.00108608056344	8.06101059474932	7.60184804338412	8.0801611668278	7.97016812895583
6.2289794857523	6.16206244719909	6.25660852310424	6.21047412387859	6.20972286265913	6.13653878522528	6.27630003972521	6.26139481019198	6.34704218703182	6.51924526578303	6.2599217776527	6.55506283863379	6.04052441703962	6.30023695351232	6.42093898902932
8.54336530128692	8.70470585141266	8.66149869881097	8.74787219881892	8.66161995135296	8.71794810934255	8.89057066941846	8.75470852209423	8.80270873620333	8.90590318074098	8.85528398288377	8.40169122421507	9.1353796808483	8.99616319861613	8.72695021967266
7.13340580616235	7.21532274772863	6.98047531526054	7.03213248635722	6.9706929472772	7.1442502826389	7.39745857658493	7.36668870609333	7.41020654161351	7.33202716860091	7.36373659775886	7.36777906304407	6.93662896596876	7.1893070257393	7.10171183424682
9.05523177914456	9.10202398818971	9.03635441307572	9.13409663039336	9.11361561674254	9.10386441783192	9.11256474578924	9.06756746102482	9.09672153993808	9.09698455834882	9.08590994006247	9.06011819582838	8.58479788700007	9.15451989532873	8.98691335502258
8.8478629048302	8.79252612977112	8.66005442350453	8.77897644943715	8.67638919640846	8.68037133625824	8.64367104889905	8.67130822422253	8.71583950503317	8.47027105807119	8.60818195389499	8.75070706888502	8.27250904822526	8.86264524134202	8.62747288844787
8.51695590475017	8.55859780366807	8.46774997088735	8.6435949035365	8.57233559444617	8.61493630442865	8.63878781113828	8.61785665019066	8.7070651671365	8.59779286685987	8.61746279061678	8.60913605762672	8.24900278075802	8.62111633477969	8.63924810789301
5.65950784348331	5.72903955801596	5.57532619156045	5.73046072374949	5.73909674657278	5.8202598000311	5.80606446046477	5.83115316566539	5.83280084967697	5.79556065463272	5.92873252456745	5.71828875379488	5.63139366057702	5.80918230106374	5.89948182396266
9.55968515882336	9.51590828539983	9.61093309223811	9.35989530065165	9.5120266096605	9.50948889401165	9.31771199181151	9.44048453955834	9.31969341532518	9.30643648953857	9.29988123601504	9.51699170946765	9.22604338688765	9.1900253516996	9.34042949735358
9.74887248786855	9.72848227117705	9.74534829867108	9.87527246130217	9.71436871857095	9.71774548606961	9.68610731703031	9.74719544487231	9.7284549052414	9.64468193630573	9.70859439627335	9.69768027791392	9.57888643637417	9.66830618633797	9.67354241925995
6.51253131336327	6.57073604861354	6.51923498235841	6.70327766604141	6.55048304101125	6.68185810170332	6.97304226560269	6.92862732631594	6.94832739251567	6.88882296279612	6.85548414678534	6.31600828806839	6.70568922424004	6.93875005118531	6.99842101932602
4.81075726813193	4.58146722683419	4.4620758051066	4.72119842785515	4.48434553053721	4.69811000641565	4.42148876846957	4.22321583144728	4.39751690154957	4.38485499744	4.4694822693741	5.25219950817982	4.74884391777152	4.66928603544167	4.96851988697528
6.00204319660039	6.30895989297684	6.05161544772247	5.94106997935289	5.96196014341114	5.77913890661108	6.24515284584017	6.17964811084576	6.08272778913503	6.00370523109732	6.22222466957745	5.06637111109031	6.20061625793492	6.5239842759476	5.77251886913233
10.7021089606697	10.6413387318803	10.7643223598186	10.7019395735873	10.7453960022795	10.7613168956509	10.6795267797164	10.6806169687525	10.6927141568127	10.7638531467055	10.7675085258592	11.0124558165566	10.6078927025125	10.7419318750324	10.7535895399131
4.87030419895004	5.04355775772525	4.74702947167309	4.68693181524235	4.78756061341071	4.62089785999782	4.50398348368844	4.63091484849138	4.40772111559707	4.60196428436088	4.57602361898776	4.44050675918047	4.67388822166934	4.54580635852028	4.71701727607858
4.55702508244719	4.58146722683419	4.71293489804849	4.68693181524235	4.71436143668395	4.75946174181552	4.80762584174697	4.73551455674909	4.78967163124867	4.95701115711091	5.05792921001634	4.95111797483275	5.14021759061553	4.60878753327957	4.85829331454429
8.94727376184836	8.95244227683187	8.92801086796532	8.98715781993729	8.91660176819447	8.95149593451052	8.9849396993878	8.95554836056603	8.98755740814426	8.89500882665397	8.90211308127902	8.88217700307329	9.08821361935381	8.94258417232851	8.90172040209023
9.00205656216067	9.04496386783599	9.04299831519866	8.94848779598457	9.08309565169072	8.93050910591051	8.93178210243401	8.91383538472358	8.91005856592917	8.80679385249176	8.86371423099548	9.01475862013113	8.74081188209501	9.14651700550891	8.91083246828555
4.96043737151777	5.0139652190192	5.09418503477783	4.78727373279663	4.68911773849532	4.63405469531201	4.60703517480359	4.7895205164358	4.52485750106142	4.73430919589676	4.94076903815227	5.00964510470731	4.72204710672329	4.78356769316458	4.79468731628248
5.41049932670462	5.57495973879689	5.50448346164634	5.39460190147438	5.65649595495862	5.4000897526498	5.37091778544253	5.14747909919639	5.1654918663988	5.31594987248197	5.26842095446567	5.25219950817982	5.42160533044281	5.51870514415379	5.46835426591226
5.67244092495451	5.58147904992765	5.63078024237169	5.1778251495883	5.5122591881919	5.50451146937547	5.23897978792897	5.30401207773586	5.33555764651426	5.53810172905041	5.34307097325269	5.85069588601601	5.25127410173928	5.16011784369846	5.3966966455051
4.68316289110098	4.51050501096981	4.51590188147241	4.4197140167064	4.24586358499657	4.39237825523619	4.55644072210552	4.27464951823292	4.21200829745642	4.23877870231432	4.32498494906749	4.44050675918047	4.44649277753924	4.73461294923021	4.20991180418298
9.70823012591746	9.73588435170564	9.73518515535726	9.77776244012385	9.77880257959582	9.79614066500936	9.70335959362015	9.69455436990963	9.71949535876714	9.69373621690584	9.73473768217579	9.66108454019853	9.52295698196584	9.79513870723022	9.64318402098958
9.53147070161315	9.50682948101093	9.52493252424203	9.49813912669574	9.57886057929007	9.60345939684987	9.51166284024839	9.45854543413619	9.49310471155551	9.65962527447396	9.59182536247852	9.40367141715856	9.93716106381978	9.47532996524683	9.60256415344767
4.58609064783745	4.58146722683419	4.73575493277591	4.76559919805867	4.75142241327819	4.71058922793059	5.23365295038329	5.24084448800606	5.27550062257402	5.7878740976631	5.47275591737863	5.53275747166241	5.82322515232715	5.34270322240554	5.59598853713095
5.19955863976136	5.37045155491529	5.23650694750501	5.75729012130778	5.36013306412299	5.31243567954988	5.89266020208105	5.78764562237828	5.87020942591896	5.6802985111096	5.77169817399565	5.57563032833438	5.7072683741001	6.04125249065839	5.65295919517341
6.05640688283832	6.00159738327609	5.89984749296423	6.21809909912196	5.83470173707873	6.0352366965274	6.36102347173395	6.47927744757511	6.63919955766691	6.6854254703731	6.63652085282042	6.45262261058344	6.53751429645172	6.58690979803454	6.50201852696121
8.99986346358577	8.92813685103895	8.94349401181057	8.68029853229931	8.85584986360302	8.77521081096944	8.72882314100334	8.7930216823282	8.7163539858076	8.53804774908632	8.6063190354703	8.60504404762914	8.34694298915353	8.86746455704462	8.69246348655294
8.72113762822665	8.7077904311455	8.62494565392596	8.69168870360783	8.68858313029413	8.7767275772833	8.82127367378095	8.79247363659731	8.79005575761532	8.81083294782053	8.72581573227915	8.96488768661471	8.32570215410356	8.91996683672496	8.75567154383101
9.09467918361451	9.12606769250191	8.97512404497132	9.1590016521648	9.0713276993947	9.06273608274392	9.18505749005116	9.04059970942538	9.11439964473042	9.19635946199782	9.13556449734809	9.04404616946496	8.70100370857428	9.27903843128813	9.02394754826074
4.92733783879167	4.88851650854494	4.67800527279875	4.52771485503331	4.79940946337412	4.85253802485125	4.58196249184331	4.51811776649317	4.54348860185904	4.68114052874801	4.56742216747175	4.79611497368675	4.35295567146867	4.71314475605725	4.37453846844852
8.93466428640744	8.87706358120298	9.03968023287251	8.73388709781262	8.78033535532892	8.80003732502484	8.63584981549121	8.76256507391681	8.67301575036936	8.50626586171211	8.57936579442495	8.45133424172871	8.82014186627285	8.85296097710246	8.72353592572417
5.27934226289941	5.30800816396702	5.05852763396337	5.67518001932912	5.08745625002403	4.99212608450627	5.59057131039347	5.41116820326363	5.59880996986654	5.51996917727464	5.43400672936853	5.27728084401937	5.31037251879318	5.65722966063161	5.43294017805516
8.82307547548671	8.8645296722658	8.79703840135853	8.85042897753419	8.85584986360302	8.80003732502484	8.82299408133557	8.77204790206188	8.8195683638646	8.84221688833338	8.7800302972747	8.98166168539701	8.55938647586903	9.08052711383998	8.84035491171226
9.19234893911375	9.16636033393647	9.09026270190082	9.16972964031395	9.13222069176189	9.16838403078704	9.09349480100586	9.13134128386137	9.18451257679136	9.04163161472622	9.06023604100783	9.18089108172913	9.015319548074	9.10997849866301	9.12935479006319
8.9020262987389	8.84800108872307	8.96232229506674	8.9907121962267	8.83477674965421	8.87844504219439	8.77757422382924	8.82713471917587	8.82387206385605	8.67118250102694	8.7003128342938	8.64556105765849	8.91460230952953	8.79454561004222	8.75315864243271
5.4938112097369	5.29999196347271	5.40891132961142	5.56360600870545	5.19017586220946	5.60864812328064	5.08174181949581	5.14747909919639	5.23019838812262	4.78575847914444	4.93399041751669	4.79611497368675	5.05210249292049	4.3118691130761	4.73960932847348
8.62326160610328	8.68979920980489	8.45278946577521	8.76828895776836	8.47532294986728	8.57543255240917	8.56706244151406	8.68849703258739	8.57940509484334	8.41655133409197	8.45973550673962	7.95337466426734	7.94770861181067	8.73119189461043	8.48569534908732
8.80671637714285	8.83686651102279	8.71114842741001	8.78605561383742	8.60614277595879	8.69487742492215	8.71033533856134	8.72801498051902	8.71789632913903	8.51739257977085	8.5888219221191	8.25908537636098	8.41518869741572	8.87562282650346	8.5182345711008
4.74846528884154	4.70035362972176	4.84467973571379	4.23994087040263	4.54183724624095	4.27987194653456	4.59872653677871	4.54976717546784	4.42791571441228	4.32802344907659	4.17662844602964	4.44050675918047	4.47902116416896	4.454758331534	4.586496978519
9.01514094060154	9.10431096883784	8.9797508835571	9.02229514619123	9.00451556042548	8.94543413123232	9.01680841330043	9.00557308855462	9.04971915288335	9.1241919137266	9.11116157664808	8.52979075216007	9.26914079769129	9.03288835302193	8.87947550108625
4.24438451861399	4.35606605768465	3.50066117476919	4.22384355811432	4.04213824045207	4.04458125777949	4.67971011129767	4.5287450482378	4.57099210539356	4.77122765488138	4.8502230038891	4.40086115060765	4.85735769322923	4.76973921413636	4.81618110769644
4.73565479766479	4.97345284537727	4.80210279056984	5.1697053354103	4.90190917160337	4.7473967731542	5.24428678618272	5.14057265842468	5.09774898203644	5.32112423215854	5.27387515231508	4.98061380003924	5.16017239390541	5.34747756774879	5.32155916461248
9.58162610610111	9.51221700981758	9.57296843241314	9.52591614441231	9.53344259221404	9.54477313665379	9.41486707665313	9.43453054046679	9.42860718385592	9.40026342522626	9.42441720744481	9.41426598509538	9.58849205020469	9.43064502298041	9.49271450225121
9.10283918848024	9.0468741304345	9.16976313007798	8.87601985527582	9.05192013923687	9.04330555778271	9.00020419869907	9.07253996370437	8.93104636179319	8.94557587300725	8.92550748343779	9.34976553692273	8.69177882276891	8.83537382465791	9.20629829771408
8.93408832360298	8.9017816508949	8.78252538142256	8.89626401549877	8.80519903621992	8.85133671290975	8.95037783686209	8.96530442864675	8.95304389691779	8.84673069050464	8.90773990945918	8.84299108855056	8.7570397966921	9.02030849656388	8.89332027825829
6.15898343206613	5.99208711211746	6.01976866296855	6.15189913456252	6.34603184954457	6.19140644319333	6.44783601477842	6.40354483793719	6.45195900929983	6.58594844269874	6.36508628504649	6.73302565581332	6.36131197199078	6.41618392151646	6.61285088653296
4.81075726813193	4.83253026271289	5.03118708279462	4.81915866099517	4.71436143668395	4.63405469531201	4.63979356886735	4.50741147077609	4.5059828495711	4.57742219062486	4.6015425734273	5.06637111109031	4.72204710672329	4.69137203936571	4.83738045433866
7.95041122412545	7.9422066461501	7.77727045560211	7.88347126872309	7.80730663615491	7.95783112008981	8.10723177633774	8.21325963226053	8.18070547166356	8.06795182147376	8.12836901500943	8.3222400287399	7.84576373784139	8.23374608163107	8.17193760356837
9.3189955128353	9.27837565945657	9.45302052985691	9.28047492238633	9.41914593799412	9.34840617355831	9.3094868403001	9.35368801798435	9.31630240794659	9.40701301522822	9.38563889037101	9.41954052301986	9.63966888495065	9.2838150623779	9.40337323076894
9.13449867376896	9.0784687882392	9.10567571963483	9.01184781797304	9.01230873920092	9.03126688048486	9.03173707142185	8.96530442864675	8.97083510665427	8.92479063228228	8.99940793994695	9.19878879267483	8.84020013283	8.89275733883332	9.02183488157848
9.42960398777618	9.41606920296753	9.4748141649241	9.40228172744244	9.42500654915959	9.42851714187957	9.33462169089086	9.33010870521419	9.35184818109387	9.3182101155513	9.32770847142748	8.85017803623832	9.30784411576592	9.42161685811454	9.31089672706206
5.4026645412835	5.32389670291818	5.26021200971551	4.81915866099517	4.95587360474488	5.01245956812827	4.95775692570212	4.94035491954862	4.97268718676019	4.96994711615576	4.9873994575613	4.8906715842466	5.24662355190283	5.11086385991708	5.05320820725549
4.38492627329799	4.43553155317487	4.36269678722609	4.22384355811432	4.56975110768122	4.36111209579023	4.32385282044035	4.23624750536939	4.38724005903305	4.34719373155533	4.38442547201316	4.55457095650808	4.29002166138605	4.35796719589412	4.1121406783178
9.14192858088311	9.02473827098905	9.12770679882673	8.93693538201277	8.97025307300713	9.01269768242315	8.91737260159979	9.03921488148676	8.89149756369832	8.84278181438166	8.91994551263275	8.76202818786638	8.88580279008963	9.01419836308624	9.05322598030513
4.46587841399379	4.288878174794	4.61781820965252	4.25585208242547	4.56975110768122	4.36111209579023	4.07010849762523	4.16987676543489	4.16466339105999	4.2489456007934	4.14288301994651	4.14321703330049	4.31733883125078	4.38497582451432	4.47086019071948
9.55423483539861	9.48024733887646	9.65979106850284	9.40791079259453	9.52254625532321	9.44536345297238	9.29134640419733	9.34848143639074	9.31901585065852	9.34232466740738	9.40015684267387	9.69314534390005	9.56164614653269	9.27313902151705	9.35583927204317
9.6932024515769	9.64906964335581	9.7091096509551	9.55280658961352	9.69547896703546	9.67833106733798	9.59106077486521	9.60417594559537	9.56745192627268	9.65488578186833	9.63662114272066	9.90522051667336	9.65861789678487	9.53814514818376	9.68735561514585
8.60427754777048	8.61661123252574	8.4636099919478	8.48539953885654	8.45834642815374	8.44338318655521	8.35442195787808	8.3425109892234	8.35993569463695	8.11504571925644	8.18581106293325	8.01080765042774	7.81982797478399	8.34521123425326	8.29618142016303
9.49696891221093	9.5169132170061	9.42371643996613	9.46225049054067	9.44965348032718	9.46390793820435	9.41543443775321	9.39359369239828	9.42294239345845	9.31233419255156	9.38264380513937	9.34702841727071	9.22494196577491	9.35443704625273	9.36659193332623
6.10399971248906	5.96314028060361	5.89483440610439	5.96412419530546	6.02924202344838	5.95301999996989	6.10461139809392	6.16272676289341	6.09225845263705	6.29771934083552	6.15010079920341	6.43940786046795	5.83860005994619	6.22944102185107	6.1754341260866
9.0557583705014	9.04305085071225	8.90019896497317	8.99577400594531	9.01036436374601	9.06024346253628	9.02652981337506	8.94375315353338	9.01834694643179	9.01752336262841	8.93757320431481	9.16584242879695	8.62840289241381	9.06833322066848	9.02746226270459
9.01676761686638	8.99975671897327	9.04299831519866	8.88590556465752	8.99143321805417	9.03380963649811	8.84559552819688	8.84996269071707	8.83386442399983	8.9037302692414	8.84095212872045	8.78074357447285	8.71808963301967	8.80058873119572	8.84746999599043
5.23560068769341	5.0239029220063	5.11168490762373	4.96836286757784	5.17203217521059	4.87490493340419	4.87096637550204	4.73551455674909	4.86568340623388	4.88391999273123	4.78425488242874	5.20098927775577	4.85735769322923	5.05997685309462	4.70559635262193
8.80227796034518	8.83182529984441	8.7624938478736	8.79952307026703	8.81339317482117	8.73052176938241	8.77223907606517	8.72111956363747	8.76142383272593	8.76167361559133	8.73441397248417	8.86802376850764	8.99988842394535	8.87610137702654	8.78304745335386
8.06691292650542	8.10515574811069	7.95016626504956	8.11748120778766	7.94199590659059	7.81526772989009	7.98260097918137	7.88515771527076	7.91998537516638	7.4968918591034	7.68610927116317	7.5507505904302	7.67749557105221	7.83965828012806	7.77638195071552
12.9024976979837	12.7590395694683	13.1649410674956	12.9079770117258	13.1216370967835	13.1087183081913	13.0441212913636	13.0985212866576	13.086907609196	13.4397780726012	13.3051349203223	14.0802234955845	13.0633742788688	13.2481570610081	13.3620345830371
12.0850331409614	12.0048700279446	12.2790821303583	11.999862970181	12.2459629378023	12.2030522636475	12.0343334417317	12.1331701511831	12.0608558347281	12.3001306364859	12.190043458267	12.6000708615036	11.7279232965807	12.0984973569967	12.265252701373
5.33829539023687	5.37045155491529	5.4018332915446	5.33090549294256	5.33587384660969	5.29591481563105	5.01488861571644	4.94828876959412	4.95191142863822	5.34165502279907	5.17260625140061	5.03822629345397	4.92335994889974	4.96512346496409	5.06233819305553
5.72915540156399	5.47311867289609	5.64879591446388	5.41519537063863	5.41520922388813	5.84324558129224	5.41857866263422	5.46742497227401	5.46830530221264	5.64697552984745	5.64025066383604	6.05765501524297	5.63139366057702	5.22342375549611	5.34448592623425
9.76827828570631	9.64177518019318	9.77077539778162	9.88616289445533	9.74908901859896	9.81963500314961	9.65048227688168	9.69660376153007	9.73100459737164	9.82665731383318	9.82021013103493	9.9998783017206	9.67891187071884	9.66802058752974	9.57816238478389
8.2659918104018	8.25979731834764	8.47927838493035	8.37493133336781	8.35413346260848	8.34987350945458	8.32424447709674	8.30762800571548	8.37043199004213	8.46239955284181	8.4645132325598	8.4198982832995	8.81830412591434	8.17972681316783	8.55105923000817
9.69681125665899	9.67190768479594	9.76679060801397	9.64061963065734	9.63180389999355	9.68321512695932	9.52564446706961	9.5354931082773	9.56345222765373	9.58488209898121	9.60452643143407	9.68632195641706	9.83330257339854	9.55576181091092	9.69558473523979
8.78951585701328	8.77213771529671	8.79703840135853	8.7424166794096	8.7871587079524	8.73052176938241	8.6156097306065	8.66951830461291	8.5901110620518	8.51461818639437	8.60383162288901	8.54678119268113	8.84994323479864	8.72381230928877	8.70375619193051
9.47591415456204	9.43686056997909	9.53943593478203	9.247209145606	9.43762393973187	9.36973399439161	9.25721289979088	9.30075514326399	9.24425823546702	9.2170294090315	9.25656113439621	9.12304067778339	9.1394836763868	9.22510926554169	9.33870778966135
5.00334563252602	5.27564858056301	5.17129688134958	4.94937905610379	4.97690985788253	5.06208282841768	4.97705646295348	4.87525953630428	4.9166067290298	5.00813569003635	4.85738084939405	5.03822629345397	4.83256779988423	4.60105476735174	4.96851988697528
6.44883643570773	6.53635615396794	6.4797977671412	6.80870450959298	6.36621960278925	6.47208986835033	6.78838189472319	6.56416331781374	6.62394321656418	6.54099203982113	6.61848416868295	6.68722330600582	6.67564986131839	6.75393875081675	6.62947326014335
9.36541984721155	9.29747632021681	9.39940161766362	9.30409955146682	9.31676558377568	9.24011549070919	9.21996616973888	9.25258782807117	9.20739094893266	9.16022221178568	9.24307689133342	9.33879258936374	9.39714220184133	9.28491525412755	9.2543352592209
9.10943310552107	9.10339664961113	9.25223801638624	9.08998797141688	9.05946355713383	9.08620523065004	8.96134188291813	8.99656274706346	8.94076659009362	8.97807011177829	9.01234034745065	8.68520666623131	9.16242018972922	8.81409938772739	8.98547111064567
4.18767004200452	4.19980599615822	4.19103148650595	4.1230933829278	4.04213824045207	4.17598344836611	3.9829678854202	4.26196229835875	4.15258055671558	4.14422925429304	4.10837920655234	4.3603441405783	4.24328015108436	4.22523447829493	4.44394598008817
9.01893347742641	8.96671324043756	9.00720106678611	8.75210048021256	8.95887413853839	8.99388823378306	8.82771451969086	8.84468606282475	8.82387206385605	8.87133027562113	8.80752664604417	9.18986165781028	8.46475749019906	8.88564118890478	8.89025434738045
8.74055505626646	8.79194793096247	8.64333927671854	8.69546457569116	8.71981609612174	8.76684019157211	8.78067719338276	8.69730793183161	8.76789088009717	8.72317218744918	8.62115947397559	8.2541365150077	8.33610360662251	8.73276862899698	8.59253018706255
9.29274353755606	9.35960633519917	9.35748942281986	9.3591194807263	9.35766952432252	9.30689527704853	9.29998422384016	9.30728746464333	9.2975081619328	9.33155986726335	9.38264380513937	9.40897631217763	9.6359716685141	9.30168685479965	9.24765046219822
6.63156634928813	6.77348003390346	6.50293512787799	6.7427915142821	6.57846416892944	6.62637449643972	6.85148862301642	6.94255961327667	6.87656652426568	6.62056433005929	6.73420888820753	6.43940786046795	6.58328248534302	6.90801586063798	6.82199923627459
5.05513345118633	5.13768780426931	5.12035497531597	5.11995397236177	4.87974880130821	5.0522927551931	5.16812750326782	5.14057265842468	5.22443434742136	4.96349228296938	5.01342304802181	5.42099902791491	5.01963666643862	4.97122665706191	4.97816183782032
9.79504756447886	9.76619688925771	9.79933689816888	9.78461542280278	9.75375990295173	9.77836249163941	9.76103661241179	9.75029917714978	9.70892868931401	9.67006989432894	9.6918343748516	9.62138871165031	9.67331508566664	9.75356458195852	9.72494190535448
8.90143625432865	8.91449750362914	8.95411548886054	8.81228283264402	8.82743863463095	8.7873008630145	8.72928227662324	8.82338404506149	8.79493541848858	8.68558749080077	8.77335724766855	8.80295408106187	8.84237110555156	8.69015795966294	8.84589169080067
4.48150282732061	4.59521529955736	4.4620758051066	4.7098707547648	4.42448236357986	4.68552273834869	4.69536881155704	4.23624750536939	4.57099210539356	4.60196428436088	4.48776052191388	4.79611497368675	4.83880634689015	4.76277797413094	4.73960932847348
9.11800766083808	9.12471830047633	9.18083868109598	9.11384295435808	9.20661204601772	9.17819353276224	9.06802657255197	9.02062211007441	9.08481473570141	9.19137660919061	9.111608745744	9.23988650825221	9.47258756525889	9.08971346263783	9.28436196963673
9.42640612363949	9.43543709651051	9.47236361149779	9.45792361924479	9.40439003937447	9.48315168505837	9.42842177942595	9.38453825983647	9.42860718385592	9.48735817875028	9.46934010421288	9.45087470087556	9.49754388981193	9.43364264943231	9.46173665425106
8.64198269085449	8.71455136706551	8.58057240293892	8.68029853229931	8.57583946110857	8.54641672835507	8.66351917777422	8.5390030543335	8.63270352068502	8.64325636544827	8.64254785082107	8.06650523293637	8.63092628330453	8.8020958013122	8.65540574068304
9.74508412743369	9.70078807008335	9.81453196923257	9.64724483422061	9.74830907443186	9.70298981035153	9.55962541430859	9.59164331522029	9.55513172413873	9.57171908923357	9.57075217618143	9.75344526038918	9.82918522350765	9.57165867498677	9.6946725465282
7.4125278317808	7.5491575588964	7.42610530580261	7.50480757901669	7.44274197957865	7.25631038323021	7.51411885579239	7.47192729923849	7.51911560978573	7.30849824892541	7.4077641329256	7.74352529935541	7.22109430579866	7.7919258646103	7.38182735688476
4.94949401860744	4.82104380874778	5.09418503477783	4.93978804508755	4.92373629059179	4.85253802485125	4.76377846266104	4.76277070436409	5.02667068084249	5.03309485592142	4.92034272694393	4.66198676044529	4.68086982430822	4.77666902631465	4.88914207234268
7.15076073742108	7.12297781913341	7.18550684519677	7.22430447108173	7.28343358860561	7.2606180023223	7.38807630476892	7.46091393663881	7.50371080743456	7.41866879978563	7.37624748248385	7.24345445102639	7.6209293352865	6.99028003859443	7.23697352867286
7.04778238707079	7.09001520065291	6.82968648178804	7.42964804698709	7.09478299210282	7.06032968647921	7.41257422709591	7.36225569035874	7.38455950358832	7.20126037425873	7.18167602444669	7.04445803412548	7.58515786270197	7.57904567567822	7.2076676778759
9.58625635364045	9.58320372821028	9.54954000029122	9.54570960771632	9.55944254975101	9.59786860015379	9.47596061619054	9.4674916382167	9.5172321656904	9.43216949496058	9.43749031927558	9.61902682824334	9.28796722004983	9.40949610453113	9.49738589702417
5.98171955496398	6.01103996509848	5.84370987355882	6.62067460850678	6.2921906160008	6.35263613523909	7.0011051998766	7.05492249738892	7.06591829605354	6.7540555891005	6.83198335511264	6.68722330600582	6.58508260080858	6.66159781233913	6.66542589963435
7.87435413825559	8.0323472265585	8.03998229288914	7.9797862298515	7.92565641629392	8.03685550980179	7.98956128960487	7.825258939119	8.00494460111108	8.02698465220203	7.99554660944322	7.75005079199928	8.40979022908217	8.10803393148578	7.91928590919254
3.97933590688216	4.18125076857967	3.89744081091121	4.03310679640494	4.56975110768122	4.08335209888549	4.44952103089054	4.27464951823292	4.45768770274672	4.5014394369593	4.23127318439446	4.76348669276143	4.40474520235188	4.11224396108583	4.43031128303747
8.14968348392742	8.27781260975601	8.05441673502473	8.25741091737595	8.14626919080786	8.16471975915673	8.30582637426026	8.27345187827782	8.32326137706753	8.2361438510344	8.29842536638309	7.95337466426734	8.52401900822732	8.14776337103912	8.19735709584799
9.55787082548574	9.53520332822451	9.63338214979001	9.57620232436369	9.5120266096605	9.53805388090946	9.49137123236576	9.44397542645716	9.46734462571677	9.44150156979588	9.49323716375175	9.39301560860461	9.50816975504897	9.44986114829446	9.56333447091532
4.61454426089659	4.55353615001772	4.6897437896249	4.55344092202038	4.63727379668791	4.71058922793059	4.5304534841874	4.37231338826587	4.40772111559707	4.44869048919315	4.67564915936954	4.98061380003924	4.69472993685855	4.6393348258275	4.54890335403657
9.1335049261505	9.11704571182716	9.09825574585493	9.15675609038239	9.11602971469619	9.07390028728224	8.97763137717278	9.02202492571437	8.97212833582997	8.97910734401729	8.93506731983496	8.97831907387925	9.09819625912734	9.03159175928834	8.89638014698512
9.02271540150194	9.02958193151887	8.99411376167142	8.88535821745957	9.01036436374601	8.90644437424276	8.94565301114367	8.88431175311878	8.92882806318795	8.91240416710158	8.94007500555271	8.36005570855464	9.13096921623341	8.93062465106888	8.82121985364347
5.1436266566796	5.3159762188227	5.26802694293031	5.30162131347469	5.39186058004316	5.43824995865548	5.19030580910626	5.45634807041912	5.37771802210466	5.20320998545922	5.44378609415033	5.03822629345397	5.05744136097677	5.19736284441401	5.22629659514749
9.1275270467389	9.08358481512249	9.11253130046737	9.04002239034013	9.0512897478871	9.08865377081614	8.9337719468909	9.00840678603948	8.96305131271938	8.90698852471094	8.89595111282078	8.75448850558936	9.07203115717105	9.02942833286912	8.99410448368933
9.1980474578875	9.23767685001537	9.26221994568686	9.33168653498671	9.24021252930711	9.30056513476917	9.18672348741622	9.15326721789373	9.19193237872111	9.26972012435311	9.27274847548177	9.20175492323747	9.55860725310884	9.13524239497269	9.16702204199871
4.9048123723556	4.7977681741013	5.14605335964442	5.01470746543291	4.90190917160337	4.96108247697502	4.5304534841874	4.68890886617071	4.82817765394595	4.70414499016799	4.88568312692489	4.79611497368675	4.86348750704262	5.02509010614016	4.77289078547216
9.11750477833917	9.18196848037988	9.08758836820286	9.14501973940469	9.16814869350966	9.19931754628235	9.2335647619554	9.20522478239335	9.24497179628123	9.28989095883567	9.25452566401989	9.49689941523066	8.94080280886841	9.31899444666081	9.28376710970075
5.99191957847604	5.96800882605058	5.86950120465932	6.3311837098597	6.34603184954457	6.47208986835033	6.553109279161	6.41787321626077	6.58395600718138	7.07429943006656	6.86902863986649	6.94637906730665	7.06253431409099	6.2560439544757	6.67829523038617
8.6218107238381	8.61330692908546	8.70626051457062	8.59848787517127	8.57408858506992	8.58497721467151	8.46746599339472	8.43183570730909	8.45792884218862	8.44145878688381	8.49888074562276	8.45578164978927	8.78065827258511	8.61659012201872	8.47569836274304
9.50944610003631	9.44995579551713	9.61204544514246	9.48686942596978	9.56343560883067	9.50948889401165	9.61443707122146	9.63534377633102	9.6406005748617	9.78752832030416	9.774153176394	10.2409838560115	9.78437688478893	9.74326467927505	9.78505189985011
4.65613205604483	4.95272309322494	5.1289726555725	4.96836286757784	5.09710064471008	4.96108247697502	4.97065228415532	4.75374252343957	4.99993120781074	4.83559610768298	4.8065606754305	5.0940926823129	4.80095321000271	5.05997685309462	4.96851988697528
5.71051377221714	5.90328003032449	5.72998492327615	5.95494879791495	5.76359481436156	5.89367215238551	6.22932015646198	6.18636136375315	6.03410736120852	6.11415340186389	6.08408764980638	5.86885809940093	6.43125453590514	5.76624381476251	5.98705253130944
5.44139202488745	5.33959720740719	5.53065340218449	5.61169140640368	5.45330789565439	5.45323793037013	5.64357901331104	5.80956370368226	5.77874516829948	5.65117926861575	5.64880419615353	5.93976875505971	5.58821512914956	5.6880839817172	5.671492687402
4.45007125484825	4.10432039912793	4.65423436014877	4.06981042516775	4.45472254195211	4.22885547063306	4.10588261214591	3.78253390474006	4.14039575631922	4.10033366497447	3.89670011761572	3.99949884940496	4.10348394423828	4.0469170472973	4.25657447818551
4.49694867201399	4.46603122158836	4.25587091291313	4.66360406167363	4.56975110768122	4.63405469531201	5.16252856724686	5.04023425971306	5.11030462878855	4.89070513818747	4.45098379162795	4.04866042274063	4.78163771144747	4.92170782110313	4.62319896999832
7.17426562030715	7.25274912655447	6.96633085146271	7.47462425286592	7.15422930428406	7.1442502826389	7.35353813741315	7.27375387197084	7.32378296286322	7.16276379808041	7.14187713771837	7.29419480322271	7.04707492726194	7.35776405459804	7.1708200298381
9.41151677313138	9.47749060615375	9.37990853413017	9.38373133767591	9.42938653053533	9.52723805634357	9.45955681971252	9.32633019309989	9.42010164218616	9.51239795595045	9.47075615695793	9.25722315402425	9.20048993325651	9.4159050941776	9.39120967465122
7.16363223185678	7.27470842202505	7.17735698448748	7.03843137383294	7.06288113517469	7.17650752561902	7.14768111250958	7.10178488526154	7.30339829095116	7.03608305979262	6.94787837784809	6.49170781491209	7.67666780401192	6.88367864517816	6.88773976990359
7.42666125940973	7.46067963655072	7.49968992092526	8.13175341841269	7.93928539962169	7.89108666069581	8.56603324148086	8.59477639209313	8.54332743468212	8.69862693867176	8.64072619142607	8.92054725720726	8.57957788084613	8.60692737452407	8.73205757778843
7.84630319978162	7.70492562073411	7.78128987134809	7.64383178992681	7.7666295022633	7.77808359604116	7.71378448898306	7.85814412101775	7.6984500994333	7.62212158626777	7.8078713985449	8.1152336139902	7.93260383957686	7.52577884145414	7.82142107041945
8.61963147579772	8.50081515748657	8.79506802792531	8.48320155407565	8.61298130950404	8.57543255240917	8.45861204718207	8.65210006759626	8.48111946351198	8.47098472222233	8.46587557078582	8.57197679783713	8.76010971617415	8.31240605064564	8.50254340392436
8.63983575362745	8.47976210982531	8.58438685223921	8.50285818113825	8.58803681070219	8.46232573961806	8.42149660738792	8.49317981056619	8.37108548191938	8.38674035999077	8.42237035744137	8.87157227729722	8.40979022908217	8.76036048331961	8.50844625191184
5.8917628986507	5.82444433648172	5.86950120465932	6.02669426583348	5.92982282925806	5.9792156704862	5.91599286771317	5.96215162934812	5.87389752569722	6.15443692561695	6.08408764980638	6.19892451636053	5.98375861621913	6.43507586203192	6.2320307721214
9.0388048379556	8.97932673291789	9.02016937123485	8.93165205686404	8.91798478503092	8.89949493280762	8.77446448239603	8.84362841302287	8.73931791303762	8.65791524203913	8.71369672303932	8.66945058957063	8.85747482472747	8.76036048331961	8.88948691463256
8.91494252537281	8.96265146261362	8.92261191485602	8.82378084864988	8.86089096637324	8.83613606261789	8.85529325162732	8.82499267320182	8.8224389220231	8.77999305292783	8.79329001334086	8.15749219216699	9.04724672323496	8.7772930889529	8.65272449004797
9.68991333654339	9.60374827561792	9.7470351371211	9.58906661836504	9.61565260880631	9.63739896863247	9.53010023553592	9.56207630164067	9.55685714590727	9.55700472201684	9.6196945398244	9.55408450510426	9.71689563976231	9.67001866415449	9.60207986988734
9.65657428291277	9.60437539789169	9.71291337224851	9.55986716323535	9.60406648561053	9.60817333588911	9.53818976351785	9.57677672812542	9.53688920984097	9.52679393717029	9.53112357660266	9.58323056278347	9.35131436958981	9.7848502643417	9.60304828550368
9.68661619731302	9.62675661155264	9.63082390382475	9.65415148631613	9.67305718054776	9.66522611883895	9.50422056129855	9.53908777519469	9.56830756498107	9.45154993186738	9.47499649589251	9.3742184344808	9.44364793068862	9.57712329986973	9.59089931351099
9.42920466831687	9.40809679514666	9.49104445948825	9.46225049054067	9.40340095854571	9.39025650270194	9.32407666793932	9.35665477698489	9.35680830372557	9.30474740849006	9.34316649356992	9.32220972119609	9.50094385129377	9.29878318726959	9.37671020616113
9.15275242009986	9.09697871033737	9.15145190038939	8.96046252776019	9.09170612814537	9.04771585050825	8.88440836753798	8.99275198694193	8.90690645741174	8.92318046429368	9.01710261888652	9.04727180414092	9.26459543010412	8.7084122240737	9.01618696251954
9.07872758106979	9.04925809719538	9.10726070413939	8.99829794670605	9.01941591416677	8.93187227561185	8.86575993144848	8.92237538267902	8.78515954987802	8.78058050510296	8.87418736219158	8.85017803623832	8.97444612987878	8.79807365478451	8.82602584540806
9.33021489853217	9.29589506002312	9.31613373610649	9.13043624389768	9.26164300240134	9.22292999725731	9.16389730740208	9.2142503911697	9.17780199796654	9.21166308287123	9.19894488384555	9.11062682786262	9.33281204482854	9.1581076276758	9.25857423535245
8.72315931401907	8.74665240301825	8.60180310269096	8.72160954528717	8.6607950146669	8.7020765501802	8.58495414148687	8.59351820927781	8.57032756221364	8.46239955284181	8.57048721903486	8.63752858417863	8.20419676278473	8.5705784104882	8.49562816948033
5.19039591517214	5.3159762188227	5.41595441426142	5.27170047179534	5.2080955473467	5.12882728781167	5.07579221843457	4.99499524688404	4.98637345300524	5.03309485592142	5.22407548691684	5.39781067503851	4.89374222243991	5.25412379466476	5.05320820725549
8.80798182358382	8.87053892635304	8.75642911126555	8.90060225238029	8.79770946304894	8.83030327493453	8.82471241423482	8.79247363659731	8.83859849472643	8.74253935480553	8.74353266346014	8.78817684965313	8.40338339699718	8.94441585606656	8.74475271136598
5.10500983810746	4.855209056765	4.84467973571379	4.89080406678772	4.87974880130821	4.88596065497189	4.85713202038619	4.92435486448731	4.6332000765637	4.75656290408331	4.6015425734273	4.82817577738827	4.68781694975655	4.74170280382285	4.7618763040676
5.00334563252602	4.83253026271289	4.81286677934766	4.77647913227552	4.84586066140156	4.8969329363364	4.38323338670741	4.56016426136184	4.7094348634079	4.68114052874801	4.57602361898776	4.62687237024638	4.65273308550427	4.98939196718038	4.6940905144568
8.2744651717013	8.33859979169372	8.2531237000738	8.6185704957597	8.48560058319196	8.4086519172723	8.72376286087517	8.6825930057003	8.78663015629761	8.71523643933648	8.69328334434963	8.47346475657326	8.79494052768756	8.87322783336608	8.64285330021523
9.57912630966863	9.57969526394654	9.63447713774647	9.73147862067718	9.74479413001526	9.74292049400493	9.76525862256436	9.78538187866432	9.7348207134459	9.78190379450041	9.83702689367971	9.97081648469668	9.70754427973247	9.71748501769012	9.82540417094235
8.8111402655453	8.83574789616272	8.80358672205969	8.71294962316277	8.74339229491021	8.75534748049739	8.65290334728168	8.75976408073541	8.74184706113243	8.59515529609711	8.62054397784388	8.78817684965313	8.40437096463646	8.79706646919042	8.74053256120658
8.06252850514122	8.02618140378491	7.94540425146618	7.82203442552227	7.95949188920515	7.91047121961074	7.94090816149637	7.89949628464342	7.95352467687027	7.90245453651859	7.8317240679725	7.67696753768365	7.7429770801161	7.94587222997703	7.926453722398
6.05155410670808	5.82984832417946	5.91478188851486	6.28126045646533	5.90248725561263	6.05508438198942	6.36344065193025	6.4516905858522	6.52181886946044	6.75195510800564	6.49332063376832	6.38558068613884	6.3739101759855	6.63504444187692	6.53751384690452
6.47040333007074	6.46145632887152	6.50621003573077	6.55975339945683	6.32555935133578	6.3283377359793	6.67656554101243	6.57187068754571	6.52651445173904	6.56717401604334	6.46601367973229	6.72168131387736	6.27655304140889	6.73281964506032	6.28249811734943
9.07872758106979	9.14570269416069	9.00379854809105	9.24973216099839	9.12504698987746	9.2072310515599	9.29813766541671	9.22443856258221	9.27497670771316	9.38788115107592	9.34623950951696	9.09184789045905	8.95121481566134	9.34776562661939	9.27780590007824
5.00334563252602	4.89943572364496	5.06752590824852	4.62785388255832	4.98731474874738	4.97150417307259	4.87096637550204	4.57048681553354	4.72584288404635	4.88391999273123	4.8502230038891	4.04866042274063	4.53419647296657	4.66928603544167	4.96851988697528
8.04707004101863	8.03337208342326	8.08933745103808	7.83735960197692	8.01332937550051	7.90771777109836	7.79299279464763	7.7761450035674	7.84201745258724	7.81546383999689	7.67589245289356	7.71054678574224	8.08116906159804	7.57346605924595	7.87704487256362
4.68316289110098	4.55353615001772	4.44829577768312	4.2075557406681	4.31338627400326	4.60762086927384	4.16357986175647	4.21006514515762	4.20031681432139	4.44869048919315	4.48776052191388	3.67333598021834	4.13463185969377	4.72749019496249	4.38867124342576
7.07768906628453	7.13311291155247	7.08012497201278	7.30256508442232	7.20009334303516	7.13724390580141	7.71752445801727	7.69154983275601	7.77744837036131	7.77730579548164	7.87434736920529	7.95337466426734	7.65581373040095	7.84622392138362	7.74935714706591
9.22200163203733	9.19440952133796	9.08812363626815	9.29152306311697	9.23466618683035	9.23625261401646	9.40318611096088	9.31950378512745	9.39363675355921	9.43839695574107	9.42405247170727	9.42742414051036	8.89906132614724	9.43231109368597	9.46279696817017
9.41555712502011	9.40518581834421	9.37378927730028	9.34625490643166	9.38197105147991	9.34122679906722	9.38446900240484	9.32633019309989	9.37517698752409	9.46612278368539	9.37738830584658	9.1688620031772	8.88510149892636	9.46753832013871	9.3184783760527
9.45844017130248	9.4268640318121	9.55147491002122	9.41761363031095	9.46015762923692	9.46626841993733	9.24990474912239	9.34848143639074	9.31358385637268	9.27532492206781	9.30146244632986	9.39568534078298	9.43537058453365	9.39830070158422	9.33468300688707
7.58564935455934	7.63348745135291	7.55719377093975	7.45154426240703	7.38229569265527	7.45931156577385	7.40445496077495	7.28316560574051	7.40000232756602	7.11161938438689	7.17379835154653	6.73302565581332	7.05482585620479	7.52693163969859	7.30255656726029
8.9008459522008	8.91027241360763	8.87494454072402	8.90546647915966	8.90199996971583	8.87064973997922	8.85529325162732	8.84362841302287	8.90870850479467	8.79694172071499	8.86633921894893	9.10126127132374	8.84562129577907	8.93661605944889	8.9236500703187
8.99711707633664	9.05543643646138	9.0094649112983	9.00232664921275	8.90130096846946	9.00817970202361	8.94959145307612	8.87398919894709	8.91140736591342	8.93174925887496	8.97760887408889	8.65355868298767	9.09185187149645	8.84174801055482	8.82842325580917
4.16822371081775	4.21810528139095	3.89744081091121	4.51466921696894	3.93915349427009	4.21144424001498	4.95126521796361	4.76277070436409	4.78184564852277	4.90418923751791	5.00046638817707	4.47931766103901	5.32806822437225	5.21305242691458	5.03478503604668
9.09570188264191	9.09467904405616	9.0789966449718	9.10313598212595	9.13519930159036	9.1850782514532	9.14207459023385	9.06348623918888	9.06070245348652	9.0955396233033	9.01757803461411	8.99828442874981	8.85174013125495	9.02422363461197	9.08263844952908
8.7498300700233	8.73644021246571	8.66366237317269	8.75931887706231	8.83331209154805	8.85133671290975	8.84347856541852	8.83992050919606	8.82052585082154	8.82517515957089	8.75203252875623	8.81761379845244	8.5371055216136	8.81708567425365	8.86706418159233
4.16822371081775	4.23615558902222	4.19103148650595	4.79798432779319	4.19307682012253	4.31291474115208	4.78587080262307	4.6698358702416	4.55271476921321	4.76391217441634	4.50582373119828	4.59107610478652	4.76861178463905	4.80407959025631	4.82681708155248
8.63696785504419	8.64663078616137	8.54028535137208	8.63113957408556	8.63246450216955	8.53929450771775	8.64513276287646	8.60542679191157	8.62724250707175	8.59515529609711	8.56475233138778	7.94167018210968	8.73497053095752	8.72645195016344	8.54819078042988
4.88190510022444	5.0139652190192	5.04947222739534	4.73243362911349	4.73917359746491	4.84122419047683	4.66387742191948	4.72631331048688	4.70116039790835	4.83559610768298	4.62664430551129	4.47931766103901	4.51865167342723	4.49681440861845	4.54890335403657
4.78618392388875	4.56757519261715	4.39180436370133	4.23994087040263	4.72682053515752	4.06409591829904	4.24062172592228	4.36046155065765	4.26908649122431	4.27906222606738	4.47864859558518	4.73027048335178	4.19493209235376	4.52964883258651	4.33134883447727
5.22667988500588	5.3159762188227	5.52415579758287	5.06833650370552	5.33587384660969	5.27077608473233	5.03956329953176	5.21478060649606	5.23019838812262	5.21981306687672	5.28472576341214	4.85968850623902	5.22313736293533	5.11086385991708	5.12478295692767
4.87030419895004	4.98369750744613	5.14605335964442	4.95890369280971	4.83438648259668	5.06208282841768	5.03956329953176	4.94035491954862	5.02003209315662	4.88391999273123	4.89964099650838	5.06637111109031	4.78810572304541	5.08280182074488	5.07141463024385
8.79718757127569	8.87162859963438	8.70275886355253	8.84028418090577	8.82080246125231	8.81044303678936	8.86283700245635	8.81207304882696	8.80367746504084	8.77115514352687	8.81242411456668	8.75448850558936	8.49331085526143	8.85781074666727	8.76900520180045
8.76100767881293	8.85629112077232	8.71045117892718	8.86606262486695	8.85151493934543	8.79779780666676	8.89220945899992	8.97644279702194	8.90058152117328	8.84221688833338	8.83132269247291	8.96488768661471	8.6727377453033	8.96261347039714	8.83320696318689
5.81869122751416	5.78598723380925	5.67832536979882	5.85966477086525	5.56194781728983	5.55403812067525	6.09880720520505	5.8354324857257	6.01419131747822	5.89944648923573	5.94640078720532	5.44389931926294	6.26981660374325	6.14391400506075	5.84005808656143
8.62832746311968	8.55928716567134	8.76047513310878	8.49851423904358	8.71902358938076	8.62674918736614	8.443545120287	8.48573798449148	8.50453928277337	8.42244708589854	8.48213003310769	8.54678119268113	8.5299004352139	8.22791806973035	8.54147698202783
9.8496820374739	9.74578391796597	9.87312617322069	9.62918740931818	9.70996969697524	9.77226040343664	9.60478489919061	9.69835806445632	9.63325943532871	9.65691872192122	9.66088482698872	9.89710851349769	9.76668352198766	9.59998405166394	9.70648926494663
5.19039591517214	5.08201486039773	5.38038594387525	5.13673838173513	5.15365881519252	5.17469293324115	5.01488861571644	5.11965233685346	4.94491921023689	5.27393781602412	5.05792921001634	5.39781067503851	5.04136358547182	4.79043549339295	5.01613989358144
4.9048123723556	5.0725045892391	4.98442152452778	5.10296234282601	5.19916335878879	4.88596065497189	4.90497580334592	4.90001642357445	4.53420310183127	4.95050352350647	4.82125318066079	5.12140354845482	5.15521016638159	4.86402020892193	4.95881748463295
4.41789124170873	4.60882236392142	4.74702947167309	5.07707497440178	4.6763293204378	4.46772259509081	4.93819239797659	4.97183136712249	4.79745542518356	5.30032505757568	5.0827938033123	4.92114252174611	5.21363198863449	4.99539961003666	5.07141463024385
4.78618392388875	4.66189652704928	4.6897437896249	4.67531736225631	4.58350927761048	4.48233397818013	4.63979356886735	4.39572837800112	4.33472917117545	4.56915664373425	4.50582373119828	4.3603441405783	4.52644554402373	4.52964883258651	4.43031128303747
8.93408832360298	8.95500194798177	9.09026270190082	8.96666909751686	8.95685679831088	8.83831733891601	8.82041269044115	8.82016138767645	8.82911478064411	8.83655656860266	8.82863709605618	9.09499102804398	9.26325575754846	8.65795692216386	8.90704229224347
9.8068775965405	9.73417984122007	9.8327454214965	9.70366750174947	9.72709058416003	9.7753146490557	9.68446447872132	9.68838863657254	9.68019100638063	9.70033973000866	9.71796095242698	9.71121852539743	9.8180258785599	9.61513611321145	9.74229255313436
4.93846133121578	5.20846069767236	5.0853539121768	4.97775747409697	5.16287456716783	5.21037129753035	5.2600902093608	5.36452476868723	5.43374901375039	5.27393781602412	5.18995508096128	5.35054014281272	5.30144048850532	5.4219140085139	5.29045202468128
3.81167916155182	3.88987451225923	3.72435331787457	4.2075557406681	4.13829763755741	4.08335209888549	4.72617925263936	4.66020379325433	4.66758004072904	4.58564502132023	4.71532462494072	4.55457095650808	4.93503462207974	4.64687759673221	4.92933986757749
8.88361406155588	8.86617126102396	8.95939671097785	8.84930546358517	8.82522994631224	8.85061646499809	8.78642198515923	8.83087564946084	8.85364405219049	8.81601104958266	8.85369814516662	8.85017803623832	9.09094319020032	8.80560655452783	8.88333371326776
7.4613614120229	7.49954231997023	7.35754910422311	7.62070007716907	7.46923641120102	7.53781685915704	7.66812202741291	7.60292576292122	7.58478448252019	7.46633089741427	7.50116355513318	7.43080912573776	7.54391058550895	7.54298056190428	7.43381639418437
9.42440360927073	9.38277706023142	9.38600164819022	9.46512753263589	9.46063328910027	9.49845763997301	9.46010666628852	9.44397542645716	9.39138243572711	9.44692011037097	9.40754903355437	9.36339050468934	9.18300354477353	9.44788439233505	9.45855134656507
5.20865966203359	5.27564858056301	5.13753857767755	5.46865080844291	5.2605642501925	5.27077608473233	5.91268293037348	5.6870339721132	5.80988147514849	6.04356821455501	5.9393578616446	5.63812613519272	5.7072683741001	5.89828928262248	5.9413094541079
5.13407540349773	5.13768780426931	5.35127836740001	5.26411750764799	5.36013306412299	5.46067436796505	5.34153679846841	5.42259675643131	5.43873654989487	5.63853458592218	5.65306315888442	5.57563032833438	5.53610583691838	5.5440768092475	5.46133598583594
4.73565479766479	4.67483982137626	4.51590188147241	4.34763972200071	4.701794465886	4.36111209579023	4.5216846726129	4.46377206629751	4.39751690154957	4.25904794710101	4.32498494906749	4.18873662373217	4.57232319796153	4.11224396108583	4.43031128303747
5.65950784348331	5.61993615260013	5.69575395828918	5.81453598979518	5.88583533997448	5.77316838331224	5.86893910329399	5.82686109053389	5.91026948108499	6.10786440475023	5.83720631909618	6.08999706842966	5.70390686701829	5.74799210399161	6.13500293546572
8.83862081250984	8.8295785979604	8.8307659988444	8.76828895776836	8.76812517976961	8.78126840464985	8.74162334474104	8.67666467233511	8.71120091010913	8.52913007772472	8.62300448330634	8.49967538409883	8.70897647031837	8.65574915365619	8.70115748753409
8.68352714727034	8.70408807391817	8.55979621300974	8.7496859102755	8.5457834626763	8.55350422748639	8.51306756128279	8.54812519432723	8.58448623889575	8.34481636295228	8.39409414241348	8.1152336139902	8.17951056643012	8.61261870766784	8.28601142887733
8.83923892214797	8.81032643640848	8.79111909579504	8.66174708673679	8.72219102339285	8.70844598152928	8.52847807663125	8.61289757463762	8.63651397791895	8.4844838743112	8.58189312846062	8.78074357447285	8.55185047840741	8.6656592003559	8.65719066372338
9.80868844544949	9.76869194679159	9.80776268166702	9.82586135184673	9.87772127030307	9.89039097089268	9.88989052581295	9.90032516537972	9.89619370616159	9.95859638065362	9.91129984496248	10.2941799654512	9.72444811322996	9.77529164005079	9.8966899047931
4.36813727851159	4.38842564108866	4.1231033274498	4.22384355811432	4.37790694320136	4.31291474115208	4.16357986175647	4.43015209233448	4.33472917117545	4.15501651051535	4.13146768795614	3.8436215538404	4.11394339795472	3.89504909614159	4.27182118382407
4.83489177912173	4.95272309322494	4.93607039439865	5.1283717631969	5.02820410225484	4.97150417307259	5.21755190467472	5.37043849420836	5.50205385675693	5.56048063802376	5.47753152023346	5.12140354845482	5.68697778132435	5.69949630782275	5.57652251814656
4.52732066254244	4.49584544584017	4.72439055596849	4.51466921696894	4.56975110768122	4.39237825523619	4.51286156464561	4.38406847510035	4.47720003047323	4.2489456007934	4.54132485224687	4.09654492657808	4.30829191875761	4.38497582451432	4.47086019071948
5.03465583669869	5.19111826581356	5.09418503477783	5.32364265544924	5.07774734385726	5.12882728781167	5.27052928450442	5.17477830807365	5.43374901375039	5.396785754113	5.34307097325269	5.42099902791491	5.34987935963729	4.90271849697333	5.336881350222
3.97933590688216	4.06411498456777	4.33298275948489	4.17439017172293	3.9603433021352	4.29648721743937	4.11761047574967	3.99687014094156	3.94409073489808	3.9115359622995	3.96204423781571	3.67333598021834	3.83857187561185	4.11224396108583	4.33134883447727
4.79852644528927	4.66189652704928	4.81286677934766	4.54063799703503	4.77561424095189	4.69811000641565	4.49504974041817	4.64074417089236	4.3453852363542	4.36613579096224	4.45098379162795	4.59107610478652	4.28079677558068	4.18510275993524	4.75078286513327
9.1818388375765	9.15233057045427	9.03302081963774	9.1184723045388	9.11482316761089	9.11231337698705	9.23999495059309	9.22403241672123	9.28888377672821	9.224600855473	9.20778936219977	9.25146236887683	8.7971824246471	9.33965070870057	9.31556675129086
9.21920543097047	9.21558936365273	9.23447901038949	9.15945032519603	9.25617810114125	9.26036477498362	9.22516189977639	9.17906130019262	9.20225645942402	9.28562065514983	9.22657197474676	9.29423574362725	9.30758439268858	9.25605081590194	9.16830470108948
4.66971505178688	4.59521529955736	4.52904687538292	4.40559794925801	4.701794465886	4.46772259509081	4.6478668334326	4.5287450482378	4.58004473867167	4.71173982176368	4.38442547201316	4.40086115060765	4.1751178205104	4.06900305122134	4.56153630667571
7.12903202661617	7.39271301886791	7.05140071271522	7.36013110562725	6.97333439670508	7.0278825629555	7.26526757891986	7.10355718104284	7.29791342100085	6.93257422682109	7.17221795503026	6.49170781491209	7.21535932009676	7.05117333669035	6.91272282897162
8.05923082957209	8.1099994086405	8.0163520429816	8.10209259731033	7.94605220003636	8.0152605767471	8.02310848105478	7.92073993859428	8.07959571294095	7.99939513479331	8.05896261802477	7.73697662551672	8.39048152838198	7.93795782853403	8.01808304325311
7.27033075572748	7.44161328953696	7.28363506559021	7.35014578121455	7.31714136898827	7.2235898637624	7.13508962512094	7.14372931108136	7.2071976479274	7.08456471856505	6.97508561807671	7.30251738957991	7.62351139176734	6.79346756506227	7.13784253619609
9.65048492577672	9.62274339083303	9.58018789983919	9.61733782665915	9.66811878261112	9.65200196507873	9.7070625091593	9.7012771616257	9.63734245325776	9.71738169278494	9.59541836611375	10.0209028398428	9.4932254421453	9.52660059142758	9.68092479750286
9.70497742470788	9.76230633765592	9.62826106082924	9.68112959297208	9.70153436196763	9.74175010318903	9.75009018532233	9.75480178825402	9.74065257252821	9.85381524184678	9.77763405091723	9.56628474650436	9.54638560588931	9.68703917627603	9.82666147211191
8.67936014489355	8.72005752867415	8.48582445146846	8.65658513221459	8.5395174446685	8.61578327234073	8.60162014883002	8.66413515763151	8.65702566139126	8.435633190634	8.49019318553861	8.37867657139505	8.23793435195041	8.57640586923537	8.47870424540596
5.19039591517214	4.9102658013011	5.1289726555725	4.84001215859661	4.96642984080147	5.08146738733261	5.1284649359534	5.0840952181794	4.9166067290298	5.05766853661855	4.93399041751669	4.62687237024638	5.07859649714185	5.07143176290106	5.09832884087516
8.85398937361777	8.91713136819376	8.79966133863708	8.98155375903059	8.8759100692199	8.85780293726843	8.89588985893841	8.89353920460461	8.92081385050518	8.88458963733954	8.98636567584918	8.69303449008227	8.95955582221658	8.77422829434334	8.92289902536127
5.86969715624799	5.92855083525409	5.80144835952159	6.29570998038098	6.10318718337634	5.94772374500517	6.73357023781031	6.76126914487207	6.72136865660204	6.98426229573898	6.94054094414628	6.77771753550134	6.98483500550704	6.61847261245851	6.72562393758359
4.18767004200452	4.43553155317487	4.44829577768312	5.25649253240462	4.48434553053721	4.5670465043291	5.27572028253689	5.29159829274859	5.37251480826438	5.39185206272344	5.4042892517054	5.46651861834659	5.94460089810776	5.24395852049041	5.45428573170816
6.50212178795958	6.54896125730088	6.73259042906029	6.56567299787766	6.71711950115648	6.64947769013924	6.93474403951216	6.82068129000999	6.90209050189625	7.01662505611714	7.0106278320536	6.65210891580691	7.23022192934825	6.88892634529921	6.94001680110285
8.60059599632417	8.75975255308668	8.50447874077109	8.82148891721078	8.55468825171067	8.61493630442865	8.50341790329408	8.47893915155685	8.54969201844348	8.24027339967552	8.34553272354446	8.20390316853313	8.30201382939624	8.61432200074849	8.30852132545216
9.13896151778094	9.18369143795379	9.29592284822955	9.01284622535169	9.15059030124913	9.09840690009053	8.99602273612145	9.07163714853967	8.95304389691779	9.0185351999905	8.98296618511674	9.0310868911603	9.05783350659984	9.03332030765833	9.01689408069698
9.61579844134871	9.5512884393128	9.76978024360014	9.51971501221951	9.51660973964471	9.59312107502659	9.3864965445069	9.41331743687677	9.47161920356789	9.50421931355907	9.4778168963733	9.53933682847391	9.67271410735446	9.45807033884435	9.54836310515322
5.29645004450181	5.29999196347271	5.20427457583127	5.38766836282486	5.33587384660969	5.29591481563105	5.30647530485038	5.25370162824628	5.32482235335786	5.56048063802376	5.30619961107792	5.42099902791491	5.24662355190283	5.23372547732123	5.18480542072799
9.00205656216067	8.95346673799894	9.03857248777354	8.83745286019707	8.92831561910553	8.92161721042407	8.87697825426235	8.91484272309312	8.81140398663898	8.63491078061915	8.75823599206407	9.03433526159902	8.60805114442563	8.85684201783087	8.86082099368183
8.84909042235348	8.8126059509649	8.91054056269847	8.98919001596708	9.09599228710063	9.04834480158012	9.12722246752658	9.07344221319538	9.15064338641458	9.19907081885662	9.17981910612177	9.46890999249849	9.38465690414812	9.01856522461008	9.15413663779222
5.8012523184569	5.85124680655599	5.87968854613893	5.95954414278886	6.09837299634264	6.04519440929185	6.37306857628946	6.28034232225185	6.53119481330284	6.37947264038261	6.23392266963317	6.07389696830116	6.02988701252358	6.25076012553916	6.10744977845687
9.27540216744002	9.29549945031527	9.24793856724545	9.28129635154298	9.30198679076048	9.29685978316944	9.29782967289762	9.23374843991105	9.26727033664923	9.30516984688316	9.27556379665302	8.87157227729722	9.33255689110618	9.4006823169423	9.22309575260921
6.80369956123487	6.94930839047749	6.58882057535268	7.00878674599449	6.76664161147696	6.75370487680776	7.0615565718491	6.9226148326518	7.08514908347504	6.98789083596212	6.96426050803982	6.05765501524297	6.9239614362554	7.07456054570611	6.76852845481868
8.87401191316978	8.90444085632609	8.94408617363898	8.9707913155326	8.82890922853592	8.88267947347907	8.85234875118821	8.78753181620286	8.80851138411266	8.81601104958266	8.79603809905748	8.68128025421026	8.94450621904553	8.82600983189356	8.81317655017062
7.81502319136688	7.91784294207957	7.78262716328219	7.8913843349385	7.90774523620653	7.95649917278641	8.22902479270799	8.08475675177963	8.24699404304937	8.48094255480285	8.47402431214291	8.28850275188995	8.5371055216136	8.61828901626004	8.33620592967967
4.49694867201399	4.42001468452883	4.25587091291313	4.92040315405038	5.10668137956147	4.90782302755588	5.59057131039347	5.72443841642936	5.70198887324716	5.82969790633634	6.03844740792773	5.86885809940093	5.95590047728624	5.90824575509099	5.9413094541079
2.84914946161417	2.89856224260389	2.78105242155617	4.05158095984091	3.37182040453509	3.22114397321944	4.00841369346679	4.04210915377058	4.22360587208254	4.17637406874958	4.29437885095406	3.55039378277385	5.38408870594649	4.87702834431953	4.54890335403657
9.61510251100366	9.59082650510471	9.62972610640565	9.74414996464843	9.59845482396469	9.6141508730383	9.54130890533397	9.5230056668676	9.59542367229323	9.45578213268957	9.50297003361864	9.48677054498485	9.65476728416062	9.57833502346953	9.53375179197705
8.59764351737777	8.58926984616684	8.6730005493997	8.56987061177006	8.50777505993653	8.50862966559108	8.45193529595469	8.52521056897985	8.51344671557627	8.49435784162641	8.50751942499768	8.05549953011576	8.43706011808475	8.40489286477393	8.4866915049662
7.67336112221633	7.727048263283	7.72952064815566	7.83030764199976	7.66539625512093	7.6831509556666	7.77696219250324	7.56743125115313	7.63785840032378	7.58021530439519	7.54891166905808	7.22622582331629	8.00524584829667	7.86112647330102	7.59607800789272
7.55403395500561	7.58984745153778	7.46169913958373	7.51076561650797	7.57237528279435	7.46679585710324	7.72032300697056	7.57766213000151	7.7211727329776	7.61968682802943	7.44262958925631	7.0252552589571	7.71747083954377	7.90408413677869	7.62588966948169
8.35108874159767	8.45688143615468	8.23766315037722	8.52009812903484	8.37135886059696	8.3086276117743	8.41693135755891	8.33198359927171	8.38861888266537	8.39649032430931	8.35946060445499	8.2342071344509	8.68451691366989	8.19546235082655	8.41640667871316
9.86654688811661	9.87125593434797	9.85511180892112	9.78176415907093	9.82133558391038	9.82222220166124	9.87661439165221	9.84545189963848	9.86542261519741	10.0150101428064	9.9274157392718	10.1189719596734	9.6614484612094	9.84098473561908	9.90148720578107
9.09876534455097	9.06911607311794	9.15349812992723	8.93006309631296	8.85873263726173	8.75765330236056	8.69959521567436	8.75019974301951	8.72711595074643	8.70418272619226	8.67556751225823	9.03433526159902	8.9377654776179	8.70413659236667	8.86082099368183
6.89787174404832	7.01492045996818	6.84524541874621	7.06745091752417	6.75134667479743	6.75978781614222	6.60500603407426	6.68752553732374	6.63919955766691	6.31163993880136	6.57244308526271	6.12178147213861	6.81524090202167	6.22944102185107	6.31525125749369
9.55823388705951	9.5275853883453	9.64827470621149	9.4593674216443	9.49540647318241	9.51679683465235	9.35814029923278	9.44153269450492	9.37126046538094	9.45885304162504	9.47852118770675	9.49942296079514	9.66346681169103	9.3728949866277	9.43391036462732
8.91902648138419	8.96519153067931	8.97570322132171	9.14320523088726	9.06509550407497	9.00494395535076	8.98032827988081	8.93136286765494	9.03906308770459	9.03913731385754	9.00851986627565	8.81395978388249	9.04943287759004	9.09096189767236	8.94601358239671
8.34753684283784	8.25979731834764	8.55669235597789	8.19737015487873	8.3085769794849	8.27047853247011	8.16704717381916	8.30224485873408	8.11122655678741	8.13102802750168	8.10787453833903	8.26894341989062	8.50806108259983	7.91038045708241	8.27120243448604
5.08527960886268	5.0139652190192	5.1545176084831	5.26411750764799	5.19916335878879	5.22788741760989	4.86406598727597	4.99499524688404	4.99993120781074	5.1465807273762	4.96758814939741	5.12140354845482	5.37135748743377	5.03680734464459	5.1931931274646
5.10500983810746	5.50104974971255	5.25235401880018	5.3453171901872	5.269127555621	5.27077608473233	5.51813788292253	5.40541973199471	5.53503157717008	5.57375844134928	5.82204219503866	5.53275747166241	5.70053730841482	5.60975317114007	5.72579749103084
9.68661619731302	9.58955907998281	9.73246270787209	9.60992011596649	9.7127706164992	9.72841940220452	9.79425013044115	9.89549169866158	9.75675747594986	9.87786725345906	9.84425734212298	10.1099398507329	9.79360056092318	9.77954726791025	9.97932750599341
9.61684166540685	9.57553689938693	9.71567335713157	9.56655801020532	9.66481715807685	9.67465722474845	9.61566981408235	9.59729650078624	9.62286381812888	9.65556371719954	9.671788277053	9.66800180815338	9.85828369657313	9.6525188020093	9.59965617619785
5.19039591517214	5.3159762188227	5.02195584187333	5.11148437941094	5.40746799988499	5.26229897395054	5.7252479520148	5.83969912630058	5.34089550944437	5.67203296421899	5.75984209129751	5.35054014281272	5.5015580969273	5.3331097487371	5.46133598583594
9.31465544263088	9.16286677788096	9.34502937202185	9.35834322322624	9.44581486371623	9.44488482897465	9.51669091126489	9.59572839637283	9.39813485775199	9.56455834718213	9.55173721514758	9.70220408324418	9.52518397316129	9.36491218329244	9.67769933951493
5.74144181981998	5.45177756158253	5.59405147248796	6.03540508295654	5.9406145225396	6.11305167698281	6.60296605178736	6.59978326465337	6.52651445173904	6.71366441579574	6.67634497510088	6.50455420659954	6.3697232977629	5.93122940489593	6.49482070884834
5.36279449069723	5.20846069767236	5.16293192045992	5.00556255131488	5.269127555621	5.46067436796505	5.52250213559609	5.55310020802923	5.11654174552002	6.13597117640616	5.99821746236497	6.33013440889225	5.90140026569955	5.79500251624784	5.81787092365483
9.14636699768077	9.14968339203269	9.24602353272714	9.04393096097873	9.1517674919544	9.15734156825744	8.99678391529768	9.05117270927388	9.01249276410178	8.95033415127834	8.97125331142663	9.16584242879695	8.94685786862256	8.96983253503996	9.11615054524117
5.57919728680157	5.47311867289609	5.76890957002666	5.67518001932912	5.79958366775548	5.54706534769276	5.89266020208105	6.03464326000472	5.79828390052237	6.05988747759566	6.15317458417397	6.02473539496549	5.86585841628871	5.68426093916719	5.95670787075137
6.87427566397606	6.8406025310304	6.88341598627832	7.08173441351949	7.11646519535032	7.25198996287389	7.67967555598445	7.76611795240254	7.61598085635808	8.04946103582059	7.8663193504966	8.35537095445278	7.91803276433844	7.3858121085869	7.77638195071552
6.43426490155743	6.33132014945258	6.48644683159994	6.4772420761902	6.55752905513928	6.51222296678908	6.96831090303535	6.90645769102096	6.97606203208204	7.42143115151812	7.09104921004321	7.43080912573776	6.84396732824706	6.74820775178697	7.02169255717834
8.21988084065974	8.17969187438838	8.3595730246535	8.49488378452192	8.43924778339352	8.49028468552332	9.14653446049132	9.24380006623737	9.18971043889589	9.46115233999956	9.33815968716641	9.67030180813604	9.24789263283073	8.91063863548251	9.1949978394351
5.94540075947282	5.71146741840048	6.01516051116247	5.93641243003111	6.12228582813657	6.23123963025815	6.52103904211417	6.61229411781179	6.35762018509812	6.30051322074262	6.52015039651303	6.64025389265476	6.23564188568587	5.89495605484066	6.18867981126917
8.53719759314864	8.46356496235768	8.63674486697954	8.72160954528717	8.87448635546177	8.89321190578008	9.20097122326105	9.31836289759343	8.90465073085054	9.2147956389071	9.2397900716035	9.31664878259913	9.04443095216271	8.78645092660035	9.05322598030513
7.87561545117982	7.62515227956597	7.79062468934052	7.41379182885117	7.55656957967751	7.51271945991563	8.12277402385606	8.19677416153269	7.7425339509264	8.08532123830108	8.01849703796917	8.50833009364347	7.59396684605216	7.76551956103761	7.90629958315785
5.88077506007686	5.86707216890077	6.09154339183885	6.1073021558604	6.20524989745506	6.0402240783653	6.83423747545595	6.97971009555615	6.62394321656418	7.26646637315541	7.1895134844464	7.33543700985739	6.97396121189572	6.58265195677357	7.18704893771761
8.66115317823987	8.5723174414005	8.63380420254964	8.60588557176137	8.64252676818714	8.64677917648393	9.05639741433292	9.18700205828362	8.89559241834243	8.97235321646221	9.07129175092031	9.0760513092502	8.77573875968289	8.99439227163534	9.12276675072052
4.35113709586631	4.56757519261715	3.95729106410353	4.43368677135088	4.00181686819232	4.26306458731871	4.92499853163835	4.61105260061566	4.75810993137068	4.80730888801805	5.08894753932569	4.98061380003924	4.81368442851543	5.06571499357283	4.7618763040676
6.71145076795587	6.61920453093026	6.63737749463781	6.55975339945683	6.89749377055043	6.73530184145767	6.82378563849243	7.01215657415451	6.71931913137766	7.21388833100584	7.00711040765153	7.31905068199026	6.61885429314859	6.59327449598733	6.89053566606502
4.58609064783745	4.49584544584017	4.28721770756789	4.95890369280971	4.79940946337412	4.95058553332276	5.72146328210323	5.71981565117342	5.6810928460586	5.63853458592218	5.90003346319154	5.65849595291491	5.85683085561297	5.51443545909102	5.65916172092918
5.9662737102706	6.06180597992598	5.92956152070543	6.5627163812495	6.26665078885877	6.36861234414361	7.22230168911909	7.33536712640648	7.14288118233565	7.37095986163744	7.44262958925631	7.40742467161689	7.44983877941953	6.97219256771077	7.1614693784018
6.02702536263651	5.80260553642926	5.83326131588772	6.33468130897488	6.40577180644624	6.35664667676166	7.22230168911909	7.22737594439048	7.14288118233565	7.42005057512064	7.19263730053922	7.18243635947522	7.05224695530955	6.66564248079366	7.23920500433624
5.10500983810746	5.19981781925168	5.1289726555725	4.93978804508755	5.18113236840553	5.13811690651153	5.06381796827165	4.97183136712249	4.81289824916125	5.03927394795243	5.06418321084266	5.14831570155376	4.85735769322923	4.86402020892193	5.12478295692767
5.22667988500588	5.16467199849226	5.34390769599167	5.1283717631969	5.41520922388813	5.27920405256686	5.33160695072974	5.31631976069935	5.09142997729824	5.34674659257837	5.34307097325269	5.39781067503851	5.19925240812853	4.92170782110313	5.17637200419224
5.06525706931067	5.18236128916487	5.03118708279462	5.02379201664173	5.15365881519252	4.99212608450627	5.14559853778253	5.32852314001102	5.14732948505933	5.27925038923432	5.24085549087792	5.55431853320438	5.12506351182425	4.97730567803861	5.32155916461248
5.02429948946889	4.93166428367763	4.89617347837384	4.68693181524235	5.09710064471008	4.8637644928376	4.68756097073924	4.82443107812503	4.8730690503584	4.72682158585159	4.83580641834325	5.27728084401937	4.80733322113911	4.78356769316458	5.02549054501773
5.55835116605392	5.3931303489674	5.51107110265739	5.61758565314761	5.56890934651011	5.68689949641518	6.18073838108285	6.21946604333225	6.07953687009459	6.40581619245052	6.50801313899861	6.45262261058344	6.15496065277737	5.96347745633858	6.15759498786062
9.09570188264191	9.05922423959245	9.12614438668228	8.95370700781799	8.96758369099492	8.97284659458347	8.93138379987823	8.99370562283144	8.8272105399749	8.81945377908652	8.89697982648069	8.83938708007718	8.72400135222939	8.81509546225316	8.95118555986815
9.06101302992106	8.91291467129331	9.01567201869237	8.92262359435484	8.91798478503092	8.84845357784493	8.87987234830471	8.9338494684119	8.85083492624966	8.71829333595068	8.744668701307	8.91362998925242	8.70260187977074	8.77064494920006	8.81961453388913
5.17188197222533	5.06292565126822	4.9556079840794	5.03281699659462	4.94524003293635	4.97150417307259	4.70313410262242	4.88355921426932	4.65049238238534	4.83559610768298	4.94751786255703	4.92114252174611	4.80095321000271	4.77666902631465	4.79468731628248
4.87030419895004	4.35606605768465	4.55497889420173	4.80861221466731	4.95587360474488	4.84122419047683	5.01488861571644	5.16800187137737	4.78184564852277	4.97637586913694	5.0069583855027	5.00964510470731	5.10974441259734	4.7557850199386	5.38934495422328
9.23957781220014	9.15409242615205	9.38165208171068	9.1661629275666	9.23244170201175	9.20610318464533	9.06766459429929	9.18616824810367	9.07481684034645	9.10371029263152	9.13292113070379	9.33879258936374	9.329235674531	8.96983253503996	9.20254063960458
5.06525706931067	4.77407688122462	4.65423436014877	5.11995397236177	5.36013306412299	5.18369494577972	5.75886509821931	5.93050222037346	5.36205178944972	5.70077645398136	5.95690496783497	5.06637111109031	5.73716586391858	5.21305242691458	5.7839820926916
5.00334563252602	4.94223547224221	4.9748815441869	5.29420186417975	5.2605642501925	5.0522927551931	5.8825423319915	6.05312862477264	5.62530411280201	5.74887424820176	5.85222213638606	5.63812613519272	6.10524558388733	5.5440768092475	5.77251886913233
6.6027759817608	6.5331860756485	6.53214205454959	7.12371645526822	6.9994878260799	7.13724390580141	7.70627497287233	7.81664910694895	7.74757371268575	7.88913969565311	7.85824913438671	7.84525868316898	7.68903345682928	7.62296714980117	7.90484990801258
6.04179596539718	5.80260553642926	5.77438451626334	5.98679858806859	6.04933197821848	5.86587359264402	6.50144462112072	6.54862370506075	6.27911384376764	6.84581725839912	6.82208419071097	6.86397653379103	6.90115582972407	6.76911762150903	7.15677277963937
5.20865966203359	5.4227779994045	5.22851688883036	4.66360406167363	5.02820410225484	5.00232837465529	4.74885762073386	4.92435486448731	4.48685819543483	4.43972644183112	4.49681869025234	4.27653653858997	4.41319441720611	4.16463644618918	4.59882794499182
10.0993037394419	9.96597934546621	10.1305312928079	10.0685199418104	10.1814890006963	10.1659278949302	10.2058601517413	10.3525553869023	10.0920057232496	10.2892544231566	10.3339533651387	10.6761332067904	10.1406969788075	10.045885054146	10.3013193726549
4.46587841399379	4.9102658013011	4.9556079840794	4.96836286757784	5.03824895936861	5.00232837465529	5.20126684303202	5.16800187137737	5.11654174552002	4.9108886756188	4.89964099650838	5.00964510470731	5.00311839394675	4.88992716636295	5.1931931274646
9.79748269432724	9.66683320195881	9.83433205170044	9.84398533636386	9.86085388433716	9.86837910630835	9.79685670565096	9.92674774414914	9.80256783233275	9.85948979873282	9.86547299439025	9.91329697974307	9.97030600600441	9.7914533494206	9.94827238818523
6.71740450754124	6.61920453093026	6.69583738905185	6.5745049287916	6.88632851503288	6.62637449643972	6.7185905741372	6.90848727576925	6.59963844520536	6.69416787807211	6.83985698816284	7.11932922787343	6.65183422529475	6.46298482707881	6.48758925594926
7.4178452027065	7.21152137794889	7.40012604936706	7.49281356401526	7.53701479932931	7.54844165952708	7.96779438147661	8.08833659238164	7.89385497836664	7.88192374587806	7.7622581866931	8.08289156080351	7.48253393625208	7.26904449233123	7.75416065254003
6.01209154549243	5.99208711211746	6.11755423574643	5.93173906557094	6.13174173167762	6.1687960282054	6.20793247712631	6.18970629009001	5.97694940991979	6.17872921729605	6.04505109587138	6.50455420659954	5.91594837926342	5.88491272049033	6.01681360437896
6.08516321662897	5.84592945616942	6.12184362768107	6.22189580362934	6.30060499353683	6.23994516752795	6.45011044045527	6.46830604104918	6.49571660881213	6.59988529850502	6.45596221941406	7.08227371394023	6.29436074810617	6.35807158861369	6.34732552696463
6.04179596539718	5.92353503666912	5.91972546969748	6.34858349294835	6.2007631054432	6.29111128270497	6.65704568255708	6.74545732955784	6.71726669282573	7.00052595555066	6.87479704394664	7.31080257092838	6.70403709246545	6.52619761561061	6.79846223344103
5.55835116605392	5.33959720740719	5.46430554439055	5.61169140640368	5.49043206920347	5.48275814013524	6.16138892432392	6.15590215229683	5.85536209429026	6.45722984802215	6.2599217776527	6.38558068613884	5.99748350600352	5.74431557339478	6.08880463599162
6.35118588007881	6.33869059699534	6.47646157440773	6.51452574238463	6.55401032357347	6.54777046826889	6.94602108162557	7.04388803618716	6.74170547558758	7.32177605225093	7.13541247519926	7.63584799463799	6.92113087183088	6.48586082113368	6.85664683510179
6.11795677319343	6.29003407779365	6.33985994757394	6.0907199732091	6.37421673629793	6.27001047136415	6.31430035527636	6.40642194207219	6.3991738522272	6.71150989387103	6.57710982162147	6.90563818822037	6.60295819131141	6.36053737354611	6.55496079725286
9.63376797950857	9.58955907998281	9.73144044878408	9.5880813150099	9.54829273259397	9.57090496050972	9.51642671781201	9.63717427251887	9.4479508606408	9.48773481840129	9.56344094769921	9.52695632695707	9.56986163348753	9.43197802418475	9.56482367209303
5.50113641303665	5.56840823340655	5.73561105184702	5.56360600870545	5.68241585910406	5.7183007253442	5.63957077611386	5.69176300802367	5.59880996986654	5.79172201779311	5.72371442256425	5.8323529511225	5.69037993544774	5.68426093916719	5.6342010490859
6.13177116979217	6.21957448635107	6.27596053972595	6.17170241882715	6.17354713195581	6.20924495386737	6.03639164868728	6.21946604333225	5.95273990397704	5.89944648923573	5.87078772027878	6.13747050085344	5.84774498951268	5.710824409352	5.87275355843274
4.9048123723556	5.0139652190192	4.93607039439865	4.84001215859661	4.83438648259668	5.07180741571266	4.98343198761198	5.0840952181794	4.84329706202395	5.26860744521549	5.18419389191257	5.22677221198513	5.0942566593484	5.01328273414636	5.2015356172337
5.38685738213797	4.9102658013011	5.57532619156045	5.60577180798286	5.50501989109018	5.37670339775156	5.39494748448481	5.69176300802367	5.38290255291069	5.27925038923432	5.31682494815506	5.25219950817982	5.26972407168703	5.08845542120763	5.44008812658054
6.24170953309103	6.2862162992009	6.15987846152351	6.87160458959652	6.7757418046719	6.63632085482504	7.6099133694873	7.70794014138885	7.49654508415094	7.58395763665339	7.67475304276335	7.92989091042133	7.7342613718727	7.49432144344116	7.74775265951481
6.19443455842862	6.10194381204323	6.10026648779766	6.2142918919608	6.36220445206832	6.34053769887257	6.53180951957577	6.53817001021773	6.45195900929983	6.65444313016264	6.66098032141726	6.55506283863379	6.4882810874891	6.33820139799212	6.56188487191102
5.1436266566796	5.11938851903658	5.22851688883036	5.26411750764799	5.32769649506502	5.30419871485298	5.69081850135755	5.88581628901688	5.45851617808554	5.75675106725025	5.57900330916672	5.71828875379488	5.68697778132435	5.53566609894147	5.76675525686699
4.77372764492743	4.71292886269378	4.84467973571379	4.89080406678772	4.98731474874738	4.88596065497189	4.59872653677871	4.7895205164358	4.73397749867862	4.80730888801805	4.73091212004187	4.76348669276143	4.85120105301175	4.87053805646641	5.04402403724632
5.00334563252602	4.66189652704928	5.0853539121768	5.27170047179534	5.1161992894703	4.97150417307259	5.63152031750222	5.55828936730432	5.4972806614079	5.87410397536612	5.86338840436746	5.32644241735505	5.93891689019587	5.84061583893444	5.82900426738937
7.89563799073183	7.76896687322557	7.95727960519787	8.30412737268852	8.39136573917578	8.34682033287572	8.97299620675097	9.01968613984937	8.8555137711674	9.00686003943558	8.98975765625985	9.47913720179241	8.71571797180432	8.64243543846777	8.86862105104398
6.83128208389954	6.69998373940148	6.88592473229587	6.77867485623541	6.96539558351384	6.9232460223831	7.17390327651255	7.30950289977299	7.03493583654733	7.10321411286845	6.99295956941574	7.07289227004437	6.52442778306544	6.58478235377112	6.7287283079414
9.50756300554158	9.4225566346989	9.61759423340164	9.36994136358511	9.44052013502608	9.45157126826418	9.33191755798523	9.42219423813805	9.25208807622649	9.3135951469419	9.33893102859433	9.36067355541792	9.37404329613978	9.32006971871202	9.38174464144878
6.01209154549243	5.86181799512058	5.9824796960009	6.24445867797803	6.30060499353683	6.10354954916954	6.69773298120676	6.89216993243873	6.493320109875	6.89459833827785	6.95881919668605	6.98623899312053	6.55048019509583	6.26917449468629	6.61952127662083
4.89340726922717	4.87750667651613	5.09418503477783	5.04178318147259	5.35209162493949	4.97150417307259	4.96421919248806	5.06962283364134	4.71766218070003	4.75656290408331	4.7231381536614	4.95111797483275	4.70845482664295	4.33969375638317	4.77289078547216
4.84679931606397	4.97345284537727	5.07646776665016	4.95890369280971	4.99764558282198	4.85253802485125	5.1284649359534	5.11261080624249	5.24735372194984	4.98915597156746	5.21278606046427	4.85968850623902	5.13518434716275	4.95284379314954	5.26670432433154
4.52732066254244	4.51050501096981	4.47572396421663	4.51466921696894	4.56975110768122	4.46772259509081	4.2081124668157	4.45265239605756	4.21200829745642	4.05519264595715	4.36486654407176	4.66198676044529	4.47095930804076	4.3118691130761	4.48414377532298
6.86365481010089	6.79188813898167	6.86573010472746	7.31118317464243	7.34191823337285	7.25198996287389	7.89218794956958	7.92475105578541	7.80188026086451	7.99458959142947	8.06957571383263	8.28850275188995	8.10151746434334	7.64446541145392	8.11981063826853
6.26681545689476	6.24347922579655	5.94418956425332	6.74019226041959	6.6658479079606	6.57214647083712	7.53761894048775	7.64244769863504	7.40893495167826	7.60499951575613	7.71968251294884	7.71718985508237	7.66419249277737	7.34354546139576	7.56387394879233
4.97129282506217	5.00395251379076	5.04035895841202	4.54063799703503	4.97690985788253	4.69811000641565	4.54783086277437	5.06233172874539	4.5059828495711	4.79297442891948	5.00046638817707	4.79611497368675	5.05744136097677	4.81085642594575	5.02549054501773
9.10791428531978	8.94267023584331	9.02241274054243	8.86938971233197	8.93857344314214	8.88197459085679	8.78818496389821	8.94424655430591	8.69510849164783	8.65283180577173	8.7429643291653	8.82490017057481	8.54382693929414	8.58336974109858	8.77645520438866
5.1436266566796	5.16467199849226	5.04035895841202	4.97775747409697	4.94524003293635	4.8969329363364	4.86406598727597	4.85006956205311	4.79745542518356	4.91756002374999	4.89964099650838	4.62687237024638	5.18472432674688	4.8176034732503	5.12478295692767
4.60039233367898	4.30599682708822	3.81352121039591	4.78727373279663	4.40912268522187	4.59422150824719	4.88466770591278	4.94828876959412	4.8730690503584	4.84259002750784	4.94751786255703	4.76348669276143	5.04136358547182	4.93423810122047	4.84787221048764
4.81075726813193	4.38842564108866	4.80210279056984	4.39133559871322	4.45472254195211	4.72296224201736	4.67971011129767	4.88355921426932	4.75011051878712	4.29882787401547	4.67564915936954	4.55457095650808	4.79454413265603	4.55382178556125	4.94905386799089
9.43954882072959	9.35960633519917	9.46169562006683	9.2734729091722	9.32357634840367	9.34482091802991	9.24127751358159	9.38344777122659	9.11674045628577	9.23257860354232	9.27596556430676	9.10126127132374	9.21110094459692	9.17788819510608	9.26521211222824
3.2508839147148	3.51594903029651	3.13452174727587	3.04141587315583	3.16895929107301	3.41527463318214	3.5858215259491	3.46564696035502	3.32316540268023	3.17618590558264	3.4858462930628	2.56583955922598	3.49584675513719	2.57802781965057	2.8231904021549
5.34651120094955	5.5618242142087	5.42993709236986	5.64668408398018	5.5122591881919	5.51169084386656	5.79531024048209	5.76538876290796	5.91026948108499	5.99019250276211	5.99140878122915	5.9046543648608	5.66984248976213	5.68426093916719	5.71985687680895
5.8752474585055	5.94348544488466	5.93445422445139	5.94106997935289	5.96724785803882	5.89916864430116	5.99945841783661	6.07500231331698	5.93166083942014	6.02376155798057	5.86709251974666	6.28742709932173	5.7664411640582	5.62574238645219	5.76097009833748
8.90673740311791	8.75678658461358	8.9458611853718	8.58493479163568	8.77271604092956	8.81783035136288	8.85066344361858	8.95309898059031	8.63324848777138	8.82403252814062	8.88562588843353	8.99165330740191	8.89174969208352	8.40294041491517	8.79940625372404
5.36279449069723	5.45892947726097	5.49786525142601	5.2255630395177	5.40746799988499	5.35293468773006	5.52685306228655	5.57374558160323	5.3140066452713	5.5560299660357	5.5011892314445	5.65849595291491	5.3236651220473	5.44892263713411	5.56997904918218
9.56077259085216	9.54113483055862	9.67618460236477	9.48898953603388	9.67797883339002	9.68727268019312	9.55628924781528	9.61629113203734	9.53134195495699	9.58948120937123	9.5813249234826	9.68404186985926	9.73866793970749	9.40475650855877	9.68414354676335
7.48007343365602	7.24349104889001	7.49805902109833	7.68372746769169	7.92839246999765	7.6506256532444	8.6101301918756	8.76200531097856	8.40211028041713	8.90481709592182	8.85158114368681	9.19581788188359	8.46239114810304	8.61261870766784	8.65719066372338
4.93846133121578	4.9102658013011	4.96527732107024	4.97775747409697	5.13504989286452	4.82982161924031	5.14559853778253	5.26644498699262	4.7660652698321	4.92420351648429	5.09507670946127	4.59107610478652	4.94661320632529	5.04263259182715	5.15079244487644
9.53184092396862	9.42183737355607	9.55070126110438	9.41910032179887	9.38698305942971	9.47379630927456	9.38069589581237	9.45093191409509	9.32476504076476	9.33819297410084	9.40644247128666	9.42742414051036	9.29637069499517	9.26832899943595	9.39896117331305
9.79930616665272	9.64846330095702	9.86972709476736	9.63396238060874	9.71476796931203	9.70859066629349	9.60379122593973	9.72154681258113	9.52283378890498	9.5688586584438	9.63789108082448	9.74021470302071	9.71066831164921	9.3948919709132	9.63940610491272
6.39336366812078	6.32761951345354	6.1089365554899	6.94078017954257	6.84367678627049	6.84237994244121	7.92807811525379	7.85919253034002	7.97259193241465	8.22785246073293	8.26386977995929	8.14701801769914	8.39595445853427	8.26754584841303	8.21169722722654
7.59188464451313	7.47011103038566	7.56032145145469	7.75772643980386	7.66866903229115	7.71810788389078	8.21394605534223	8.38604974944018	8.08438473981266	8.17803372533525	8.19152022518751	8.15749219216699	8.03892751345932	8.21177599104694	8.23764723947038
10.04419375967	9.93335746427638	10.1873603939567	9.90116148608566	10.0034214068389	9.97757453527336	9.88989052581295	9.98657789869253	9.83326964611532	9.94028322180468	9.96710863623593	10.0056360880161	10.0293741449035	9.88401297478143	9.99255593766147
7.01004180697645	6.91166963499582	7.02208603223275	7.5430816147403	7.37830811855377	7.54313896533233	8.51520308417635	8.59225892617129	8.23842493612891	8.58721624828335	8.62668786391337	8.68520666623131	8.20703933809899	8.24027625319765	8.50155740318734
5.06525706931067	5.03376673804256	4.70138648075521	4.75463257022515	4.75142241327819	4.77142740919747	4.82905372500122	4.94035491954862	4.78184564852277	4.84955333927056	5.45833933183279	4.76348669276143	5.18958370997027	5.14930828641682	5.4472032108587
5.9765905290729	5.79708919939449	5.94903242711782	6.15985467411903	5.98299639654879	6.15505904052141	6.37306857628946	6.48200728752162	6.46669271141103	6.59525323060976	6.47350932560444	6.465743304741	6.46692154605738	6.49942453935223	6.60615162020752
4.65613205604483	4.45086903203693	4.27163042954158	4.23994087040263	4.11956865434509	4.67282553641802	4.50398348368844	4.31205396254908	4.40772111559707	4.41252724620164	4.44165029735313	4.92114252174611	4.37043154892879	4.6393348258275	4.48414377532298
8.88898543992324	8.84355846541561	8.86308789264372	8.81054981519222	8.75889966527948	8.79180883679688	8.65047958860234	8.73886564168375	8.70810021397519	8.62263410254934	8.74807178008473	8.74691785943789	8.78969549880981	8.67004321130563	8.58973765438705
4.70966367547862	4.82104380874778	5.06752590824852	5.20983367389945	4.81116237017987	4.92936150120126	5.05174224020287	5.19491835862035	5.11030462878855	5.61293970375013	5.2574540858378	5.3020255074542	5.5436692424722	5.20261054453506	5.47534086064332
5.02429948946889	5.19981781925168	5.0853539121768	5.29420186417975	5.28610407733454	5.1473475431078	5.1512642604916	5.27907656045037	5.23019838812262	5.21981306687672	5.05792921001634	5.46651861834659	5.24662355190283	5.02509010614016	5.00673239893022
7.61806830553025	7.62793649285531	7.39662611695243	7.15870913284473	6.9058117076984	6.876388987513	6.74839406340492	6.65161369758851	6.70489041466808	6.49966207459774	6.32991361732678	5.73779634056264	5.85683085561297	6.0949067186104	6.19306996486428
8.84294165514958	8.76389380060456	8.70345988187248	8.6992301170582	8.70868143064577	8.67875057758429	8.70614231724043	8.75864215614377	8.69249606054227	8.67432513329148	8.64618469834861	8.59683267660468	8.49284740935232	8.67659583935859	8.66075434544655
7.73490098346952	7.87813608767167	7.73229270295104	7.98506145482683	7.88257450034531	7.86151641322983	8.04701972713517	7.91873018231476	8.03081099561103	7.94770253917679	7.83480814349222	7.63584799463799	7.89553489284116	7.86019929067523	7.85473509495861
7.83984596485003	7.79986433736363	7.77189355293485	7.75772643980386	7.80284284157567	7.73527611794835	7.82798356166012	7.6375663714505	7.78922728227651	7.9217164281863	7.8317240679725	7.85758949668304	8.09906660998759	7.85741437768206	7.71038271094368
8.55485443281997	8.60067497909866	8.63601026910431	8.56019774908521	8.55823492680469	8.64926363230924	8.51573646519849	8.53310815810255	8.53051347961818	8.52913007772472	8.53510139573863	8.38791694035133	8.80833862938148	8.60863699132267	8.45143877090342
9.01079354095351	8.93542344449792	9.05345493665617	8.9129990480622	9.02392060961148	8.94678338458203	8.87324861814843	8.94523284896127	8.90735718014933	8.84560343987423	8.9189320768996	8.94455531417028	9.12949598325305	8.92599990882268	8.92814870169718
8.92425921336828	8.90390944148004	8.87742816650312	9.00333198491203	8.90199996971583	8.94205550926095	9.07596691793401	9.00320740683227	9.01291170804151	9.02761289674318	9.03506572188848	8.93087473378091	9.0812138924149	8.92785147815496	8.93859492914607
8.72315931401907	8.70902225773859	8.7476231546929	8.7623154045058	8.71823064969426	8.6763160466554	8.7525041666912	8.78422782207911	8.73322982132717	8.69738968029039	8.71369672303932	8.62541386535133	8.89628042078033	8.72222634311668	8.68196579946184
8.88421193668184	8.84021670761484	8.77987071012429	8.89843484325343	8.84861778057909	8.82003924575585	8.85024180509382	8.98845279275005	8.86017750351063	8.77705253426005	8.8129673146714	8.8962224024235	8.71611352643771	8.84125862722839	8.79940625372404
4.51221998365357	4.56757519261715	4.27163042954158	4.22384355811432	4.17504582973927	4.39237825523619	4.16357986175647	4.43015209233448	4.05209547926215	3.96087679027253	4.23127318439446	4.04866042274063	3.97150065342172	4.06900305122134	3.50140222466784
9.31595892773454	9.34100331751794	9.29268090749198	9.29437297733684	9.34330343685142	9.2814076343988	9.34479124099515	9.36699056192145	9.31901585065852	9.29839733674528	9.33158759193458	9.31943134878325	9.1875370110755	9.25118686051579	9.25494153860354
5.27934226289941	5.38561374446673	5.14605335964442	5.7250315075922	5.57583764634748	5.58840899762589	5.83435178909676	5.7382183315429	5.74692260689599	5.64697552984745	5.57005077604657	5.71828875379488	5.65946022828936	5.61776859818103	5.536840136107
9.56330653478489	9.5145671913807	9.62899377173322	9.54943163816481	9.59412334936845	9.5411933986064	9.4612057233303	9.48046768650162	9.4955056936563	9.53119739255913	9.49497970744122	9.72242494134874	9.49686291034995	9.5118095621334	9.54434615778576
7.10694825584422	7.21911325643705	7.23345158645202	7.30601879893513	7.251105391225	7.2670555938594	7.40329127971067	7.41884696831629	7.54249895934331	7.26342117758804	7.33556415449135	7.11932922787343	7.65497310292187	6.95221461814063	7.27011244174804
9.17799662688574	9.2197850570468	9.0789966449718	9.24552456215075	9.20320881805759	9.2701147246559	9.35902580566253	9.26211370717937	9.31901585065852	9.41215521599421	9.33815968716641	9.26009680970665	9.26994139908502	9.40983408775178	9.3184783760527
9.16154426194795	9.19782110057685	9.16267000554463	9.17284294963242	9.21339465677121	9.20610318464533	9.16930116269216	9.05711459100321	9.16541767794413	9.21121507098645	9.14565545147185	9.18089108172913	9.05783350659984	9.2212928767275	9.11813837866081
8.82432570379068	8.82507374763727	8.7778764589349	8.7387676153777	8.74417161093432	8.69808143807565	8.59305897604435	8.71650420667188	8.55487861851391	8.41063365475263	8.56475233138778	8.50833009364347	8.15791660100795	8.73644138943407	8.49066972850514
8.68906323980487	8.62778470034204	8.61677669684933	8.60722634586752	8.58369237148143	8.5745617405353	8.67214641331502	8.62403157449222	8.58730138948172	8.52292689560539	8.61190102332746	8.7316826508463	8.27033891274765	8.74480341646312	8.55296858016329
4.93846133121578	4.99386366558613	4.90625282593046	4.80861221466731	4.99764558282198	4.90782302755588	4.89146928151899	4.6698358702416	5.0332788858697	4.76391217441634	4.78425488242874	4.95111797483275	4.58728919064458	5.05421718108201	4.65905064533306
9.32978510151783	9.3945796592457	9.25937508754302	9.39662954491483	9.34020640283139	9.28408354235096	9.37078027433149	9.35665477698489	9.30949640770346	9.35260720415178	9.28916525942432	9.4740306895327	8.86069034622887	9.44293133611616	9.22803796233282
9.09365571010841	9.00321353835622	8.93696395287931	9.04295485844766	9.03925999739555	9.01720166595902	8.99373675587071	9.10687484338722	9.07561922451722	8.85739992750593	8.96634645176921	9.11684420221137	8.83221111265638	9.06198781770735	8.83797592876195
6.41953454646871	6.20745862912653	6.20906339567711	6.72185872276398	6.42515094691916	6.4346181965997	7.01646016941013	7.07312741925946	7.00999756069922	6.85766183566505	6.93685903571516	6.82135151924728	6.61885429314859	6.77477122197178	6.78655811240034
6.17238681498312	6.38916809875839	6.17646262214327	6.34512108983643	6.33378303373128	6.15045104813764	6.55099357367355	6.49827853567966	6.49091962673166	6.57658892042645	6.51773060865205	5.77620293279199	6.74155371696177	6.68968919907197	6.37095236917034
8.00190304058703	8.07174137223675	8.03102639694101	8.20277449890841	7.99777769751224	8.0152605767471	8.10794193203847	8.00555574825243	8.03576431188614	8.09619449837187	8.05095437285096	8.12056921756153	8.08798461797605	8.0817676042223	7.91496923106751
5.1436266566796	5.15573811190058	5.25235401880018	5.26411750764799	5.12565519301136	5.06208282841768	5.04566578159567	5.18152300490328	4.93083236408133	5.10570582127168	4.93399041751669	4.44050675918047	5.11486933645971	4.95284379314954	5.08043814329939
8.83428611147365	8.93853406056644	8.83012485622033	8.93271034565983	8.92625532626841	8.95351093189472	9.05274375237211	8.9143391419932	9.01165451137684	9.15698023733036	9.0551421120765	8.77701566673736	8.98689858055014	9.16287826334303	9.13066903906312
7.08901768835923	7.11481362631974	7.09967744227347	7.31632824422728	7.20009334303516	7.13724390580141	7.44346507104204	7.44981569179469	7.51911560978573	7.46901179812986	7.52018926426234	7.5937902826828	7.27829333017939	7.52577884145414	7.29612192969681
9.22525657147458	9.23602263889651	9.25842553907703	9.23961222929192	9.26708740510893	9.24671377910044	9.20623654983978	9.16219939627542	9.17480947818416	9.23743427555355	9.2199200062371	9.23407120454336	9.30706480263858	9.08429181312821	9.2537287422214
9.33364836293891	9.29945024878427	9.34502937202185	9.27305991456711	9.27142827132762	9.23901285858962	9.25435765082123	9.25497521210604	9.31154157841105	9.27489448402967	9.21198317819157	9.07922147296693	9.20217068619763	9.27387768889913	9.23296443877164
7.58252088857856	7.6012475401205	7.49151670805192	7.65725925751538	7.6422778314259	7.69116984185413	7.83315884840488	7.80581391556723	7.86816883225033	7.72344065054403	7.71635803294916	7.46153399942432	7.52097577620061	7.86575400406049	7.73970517333799
9.17943873625274	9.26831740699114	9.12353655684026	9.31335678881089	9.21789885296924	9.28033589061273	9.22969267429004	9.10201969961664	9.19488965631024	9.39428403375381	9.37475379470628	9.40632577290437	9.55229144231675	9.17158610448639	9.12276675072052
4.29881456040369	4.42001468452883	3.99583994435385	4.63987408569798	4.24586358499657	4.32915871327312	4.91835550149923	4.97183136712249	5.11030462878855	5.30555039625651	5.44865251686144	5.39781067503851	5.73387512547215	5.23885052645758	5.17637200419224
8.58203628828059	8.67913807397796	8.51010804168094	8.64163575087669	8.53051880419069	8.4912074531709	8.55102569613195	8.47621060476125	8.54216721744159	8.44000438623567	8.4854948275291	8.19880371923161	8.27305105942225	8.60578657120858	8.39330881552624
8.40498192404222	8.49504071030522	8.37112144194678	8.56573342074554	8.48373732740331	8.39393204417286	8.4497027418215	8.49991189454603	8.4455719821914	8.26238962877629	8.37543134503465	8.16270704641397	8.60719673198249	8.54407754675603	8.26431942193348
9.26957190882047	9.26710527612067	9.30376558823647	9.31175130071852	9.31834013760216	9.23901285858962	9.2118097228315	9.18366391679328	9.27567525164461	9.20447971085846	9.27113739969913	9.21357194925989	9.51042025951929	9.25829053048756	9.24154821413189
5.25326756279662	5.15573811190058	5.25235401880018	5.4620813233628	5.27764063609543	5.29591481563105	5.14559853778253	5.09127722878078	5.18342862225486	5.1864318243843	5.30085924019821	5.20098927775577	5.32806822437225	5.41736600284486	5.07141463024385
4.83489177912173	4.87750667651613	4.61781820965252	4.68693181524235	4.68911773849532	4.68552273834869	4.44952103089054	4.51811776649317	4.6332000765637	4.53565826543744	4.51477626431843	4.76348669276143	4.49500758670498	4.35796719589412	4.30187121742181
7.02194934391869	7.01932802928946	7.04916700553469	7.03423532024395	7.08748301329536	6.94210957277162	7.19157069978533	7.26269519887759	7.24474091019177	6.859627387735	7.05050942705785	7.01557833517706	6.82437593440865	7.12329323527622	7.18704893771761
8.60941492941215	8.65370984666366	8.44524995001515	8.45430365480566	8.54399593035673	8.52494452934946	8.5103936491001	8.50058337515532	8.49317707243901	8.45304637891421	8.39195228424704	8.32700962971103	7.97610226275778	8.32547539467785	8.45956763058922
7.71942297598179	7.76771588101082	7.66857989762627	7.82912879438069	7.72163091643427	7.80790659831575	8.24974195741026	8.30455438631901	8.20729448388995	8.24274599410983	8.23802539639481	7.97079321666839	8.0484953810662	8.25970171580471	8.25740565866431
4.49694867201399	4.25396360331971	4.33298275948489	4.36235969665981	4.65040941629236	4.55326611319151	4.66387742191948	4.58073589894624	4.97268718676019	4.15501651051535	4.82125318066079	5.3020255074542	4.95236695685881	4.8176034732503	4.87892732829582
8.88779364381407	8.84467051673424	9.02688892073524	8.65140374440601	9.01425051348389	8.92504360932324	8.79652945385583	8.72916101332168	8.76441222346806	8.91132251226844	8.78058507779745	8.96825471905206	9.08730258421497	8.6656592003559	8.89102139974035
9.42640612363949	9.42507098228191	9.42456210956886	9.44230632699198	9.38447921878804	9.43190205698253	9.3415090280008	9.36109348630123	9.40069892551242	9.26539526657136	9.28077859357731	9.47147211903597	9.20803755815664	9.40645090192029	9.36828291302945
9.51132657439036	9.49496742725338	9.46990884024939	9.65821645772385	9.51477822386852	9.51314745619398	9.4953991085539	9.51207275466118	9.50745107949743	9.50682617181053	9.52293681605483	9.27439827590406	9.43963358793032	9.48565767983761	9.38564902150901
8.54490284036084	8.58251485629098	8.75237157867611	8.71046531831654	8.68290537372751	8.73286727198306	8.75205245409144	8.69379003885919	8.76937917118735	8.76701392557731	8.70672838242428	8.93087473378091	9.02551372343854	8.67931786665527	8.68634849314281
9.59440966993701	9.58192899628858	9.68923531900002	9.59953286280417	9.63475963408266	9.61031099305995	9.49968299718907	9.51240527749848	9.49670468918142	9.52237826126054	9.52293681605483	9.57356632179259	9.78936517962063	9.51496854820484	9.60739867192005
8.64055177838603	8.71393815829775	8.54655791450408	8.73693944883333	8.64085456055974	8.64179749126694	8.62057291007228	8.64483043428271	8.64085650834453	8.5591134166657	8.59822016660413	8.2441987564558	8.34024274912858	8.5025329027182	8.48967613097218
9.29185962862971	9.34634513665215	9.28803674271356	9.25894384711872	9.27142827132762	9.2701147246559	9.28203312016708	9.20069067487004	9.22087342930226	9.33031307535031	9.36492869790478	8.92743866615614	9.50049099758171	9.26647496999163	9.13722359398856
8.24217207679789	8.44866669074149	8.35689467317486	8.36057808555139	8.33153394497048	8.31384779828045	8.38397356418834	8.33725691459922	8.33937938940364	8.44653874530976	8.35287893411431	8.17826367668388	8.68492133800627	8.13540957565925	8.25625035580781
4.36813727851159	4.8094570351376	4.37732483077398	5.06833650370552	4.61064046118868	4.88596065497189	5.25484185210506	5.24084448800606	5.1350930535361	5.35182192127815	5.31682494815506	4.8906715842466	5.90432194908489	5.51443545909102	5.30608375460576
9.24736744010584	9.18196848037988	9.17832905218302	9.19662608339681	9.22238911505005	9.17243125657034	9.16389730740208	9.16516451895384	9.10735435425287	9.16806818602229	9.16607213052414	8.95135771947925	9.29898651955766	9.06537529668847	9.05942850606091
4.77372764492743	5.06292565126822	4.81286677934766	5.02379201664173	4.94524003293635	4.95058553332276	5.64357901331104	5.60917770655815	5.51155316916564	6.06313134048943	6.07765009287009	5.97422676293124	6.55783597679268	6.01986974579956	5.98203622836151
9.1980474578875	9.16853914399335	9.19381803750055	9.03069480489249	9.15470629850611	9.09719133114015	9.11396723348515	9.14770987929746	9.12993384812239	9.02560010179003	9.09090296911323	8.95135771947925	8.89662833472903	9.22091071544323	9.09276849729458
8.58203628828059	8.53984832492947	8.59350012122254	8.5122232833	8.5314211828707	8.59874944678169	8.45750142562622	8.51527727959852	8.50275118312918	8.51044750458754	8.54289179763644	8.60504404762914	8.80722698171843	8.38920328227336	8.4946377514597
8.69595161710337	8.80001987243745	8.65498791109569	8.73327581443099	8.67720532016346	8.69166633498068	8.62255335150855	8.56491450723407	8.65004124828744	8.55708694957164	8.4861669024271	8.10451585271291	8.72321455688204	8.72222634311668	8.55963281484294
5.52287677512717	5.29192703197706	5.52415579758287	5.37369560818038	5.57583764634748	5.68053703383163	5.63555123216773	5.66315299128154	5.55813431448732	5.56934480690119	5.68254962223666	5.27728084401937	5.56240174354815	5.40364056900295	5.68372617485968
8.6779682841112	8.66202759895958	8.87556585275442	8.73632951994628	8.72377215215491	8.82224478910674	8.64902335200752	8.64725772544409	8.71532484087583	8.70233295167863	8.75316229707798	8.784463958676	9.0453701688735	8.77269359920766	8.70029028207323
7.30346211046415	7.28735213926023	7.13799615218285	7.20587977141013	6.95474250038937	7.1016964043216	7.0966334786689	7.04941583622118	7.18508557293249	6.8418493905117	6.96607000156686	6.69878102252932	6.67733564947025	7.25947238511249	6.77154802280971
6.13177116979217	6.36055939675714	6.17646262214327	6.77614255651252	6.61944974545129	6.72290244535825	6.80972952072521	6.84420058276748	6.87840470437155	6.88496103323444	6.91458021559883	7.11013494573692	6.68070117749738	6.91489905957312	6.76247158562139
9.1069007894341	9.09099126643367	9.06872629051999	9.04928718554277	9.14409863087926	9.13084886630073	9.0461434593275	8.98797431122362	9.03824012371642	8.98738094965095	8.92601211945876	9.07922147296693	8.73379934450632	8.99925741292019	9.01264651690206
4.49694867201399	4.70035362972176	4.52904687538292	4.63987408569798	4.63727379668791	4.66001646342577	4.67971011129767	4.76277070436409	4.54348860185904	4.71173982176368	4.61832257738839	4.44050675918047	4.51081438271485	4.1015473966115	4.34587972156177
8.64412622294573	8.71086785573451	8.5628933298473	8.56780357081413	8.56706388383262	8.51317996783457	8.43284614874408	8.4918296087415	8.45423287529475	8.4121151392156	8.43770312751829	8.53830554673012	8.33610360662251	8.19620765348278	8.44531398149262
5.48644608687606	5.61360355277014	5.5815953082181	5.48817318557091	5.3440053864208	5.67414660428971	5.47824617517861	5.20156959511305	5.44370691720627	5.38690302545726	5.41921988878262	4.85968850623902	5.73387512547215	5.52296298541476	5.41129607552415
7.33391966312743	7.35396286819245	7.23933292156258	7.36674796698354	7.37830811855377	7.35229320551395	7.47812566491597	7.40310921450477	7.42412061604986	7.2185980952684	7.37763130869738	7.71054678574224	7.43024528658527	7.45013855699581	7.42987866151418
8.78759110468196	8.80174320302675	8.84479870522945	8.82148891721078	8.79620689970561	8.7767275772833	8.73295004540254	8.67725860517113	8.74588450599493	8.7846866085386	8.81079336021265	8.72017304167668	9.22218463434655	8.64132073196248	8.72268117391872
8.93178201468116	8.81828766048602	9.02016937123485	8.92049061522026	9.10026582643188	9.11110938488513	8.92219197727856	9.02808805105309	8.9504218194209	8.94133431315245	8.99603723589283	9.24278729523466	9.00311722968769	8.64410598184726	9.06697576515601
9.44902750388622	9.50986265756626	9.58094572224981	9.43130463362868	9.5120266096605	9.47050765294905	9.53323711601911	9.46061488140092	9.48798932958149	9.65081209276889	9.58099562480466	9.06011819582838	9.84876879777655	9.56922369404332	9.41489538652939
9.26552079161502	9.3260081111687	9.26647662126881	9.29843407355908	9.32148413029721	9.32520230553291	9.44268375631896	9.45335876695884	9.42420315780675	9.36851643904989	9.4101279149189	9.64017562326297	9.27924823797263	9.47338575879268	9.44306258395414
8.01105800667102	8.0354194251034	7.97140072791469	7.93356470992996	7.97413322074367	7.98028949169004	8.06469347165166	7.98265283777727	7.97000663131545	8.16338485859685	8.01849703796917	7.5937902826828	8.22397521733007	7.9049851939166	7.95760355570403
6.73803844574661	6.99041355220367	6.69583738905185	6.77106393631765	6.67235678012363	6.5755956311263	6.90202325885222	6.5276398708579	6.82412375890003	6.84383456132228	6.93870109362057	6.04126868737585	7.3437871811849	6.61221175759067	6.42848792158097
8.5880031708216	8.63691624083572	8.52844941835498	8.67073418170927	8.48373732740331	8.51317996783457	8.4334112597505	8.51992134304958	8.52347582013807	8.24521475208886	8.43978214622457	8.16790719019219	8.20817476192526	8.60350241782526	8.31521093862601
5.50113641303665	5.46604304468182	5.4229628890192	5.75729012130778	5.63010475409338	5.64176619272562	6.09297927321992	6.27405414570685	6.0859116719646	6.06959929329154	6.00837420335119	5.92229516691514	6.02453799450359	6.09197462451855	6.29896133755768
4.77372764492743	4.67483982137626	4.9748815441869	4.84001215859661	4.72682053515752	4.60762086927384	4.59036916746045	4.68890886617071	4.45768770274672	4.43972644183112	4.46026088982276	4.47931766103901	4.51865167342723	4.6393348258275	4.63524205104487
5.06525706931067	4.70035362972176	4.93607039439865	5.08575831242388	5.13504989286452	4.98185169276872	4.88466770591278	4.83302805972291	4.80519748275741	4.91756002374999	4.94076903815227	5.0940926823129	5.05210249292049	5.08845542120763	5.05320820725549
8.33503116616456	8.45539162449285	8.31242090404705	8.2600003904091	8.1427361844549	8.12610495591459	8.17790381593078	8.18344853592935	8.17547803800087	8.13631998647621	8.20610418256665	7.64965667154173	8.22229077484858	8.43707330528085	8.16704809522144
4.62854953338016	4.74995481404577	4.79125694557808	4.60349387475152	4.51337601944676	4.91863215080564	4.54783086277437	4.75374252343957	4.684467838836	4.41252724620164	4.53252623172071	4.92114252174611	4.60944382244274	4.74876006126777	4.40267611823313
8.71911291369034	8.75440902636893	8.57291276184713	8.74363088726172	8.59063724626196	8.58756946566434	8.67548739347166	8.62341527226131	8.64031440573702	8.55302625609171	8.5298857471392	8.33651196903441	8.77611779512756	8.51892367398512	8.54435789152458
9.50227633945341	9.38573756833961	9.5790504106842	9.25434571083802	9.49168712185822	9.51314745619398	9.4410132668146	9.44048453955834	9.41598844260039	9.56563451509484	9.44722261789378	9.58563872739369	9.51086992870783	9.22625233432258	9.56581567732214
8.8673706383795	8.87380526484036	8.85113184948682	8.8710502448211	8.78033535532892	8.81044303678936	8.79827997911778	8.86411375411676	8.78564991846081	8.72378099334843	8.74523640517	8.92743866615614	8.80462971596402	8.73801274339181	8.75064165390645
8.67238646223679	8.76330298467609	8.73259577507936	8.78015884170156	8.72535156042831	8.71557839344712	8.64659297894005	8.61971190937862	8.66450974474985	8.56383182698137	8.58945026470204	8.16270704641397	8.70020394161449	8.69501113676518	8.59345991259632
9.42038965710658	9.41498487340538	9.45550451610437	9.43938113033052	9.39894173519187	9.47520345929243	9.29258358889325	9.31302677132636	9.3472033094655	9.34521048226452	9.35542182492953	9.09812881560491	9.54089504375464	9.26089940704916	9.36376952126463
12.2848249694034	12.1878047886502	12.467040432771	12.1951148759112	12.443692577182	12.4338116292398	12.3399295429857	12.4390914687631	12.3796980691409	12.7225109949931	12.6107944742474	13.3229709032001	12.1801914344507	12.5201289791822	12.632206167163
5.86412396608138	5.74638198987476	5.77983852575201	6.15189913456252	5.64336033535417	5.99983758191988	7.02255612473534	7.0234359279644	6.96745204665194	7.36095731465178	7.22811167300847	7.28583447258062	7.4233225799543	7.34484351710977	7.37367172217508
7.38199438175747	7.44799923277161	7.64816328680561	7.40739783588237	7.57412089462235	7.4779505438972	7.52270925036497	7.44563169812804	7.52851444055238	7.56515732893409	7.35674180169707	7.60086687389492	7.86906514085617	7.55547375606182	7.59253269567907
9.32375354741921	9.27073835135901	9.36147143120435	9.35678939352564	9.24187230771557	9.31057517149555	9.16693949725558	9.17864215009782	9.21469440546612	9.10323082473629	9.1866467108361	9.05691498086608	9.29715595320388	9.30639363057744	9.22618648282454
9.22060425465948	9.20800351432585	9.18033710847142	9.33366426849433	9.1837716681861	9.19079071609152	9.22029145849363	9.13004106694185	9.20519268875953	9.24885275380349	9.23608396930249	9.06650797604556	9.62191605305627	9.00981904259681	9.13198217287497
7.01957621477476	7.01271117195481	6.99911900222119	7.24067841252355	7.11646519535032	7.29672642736894	7.87222366664883	7.86442315774228	7.88290253436152	8.04853083164428	7.85115272983542	8.17309270626115	7.81458294590624	7.90768519600299	7.98401015419749
9.62550402489257	9.56975756095944	9.6979862468297	9.56221266144826	9.59238713377861	9.55590334244827	9.46422376647728	9.47125990289735	9.50834301215926	9.47867076807412	9.52976214438756	9.65645856600947	9.63946373875353	9.50483682303416	9.62276841320033
4.98206178004978	4.88851650854494	4.90625282593046	4.73243362911349	4.56975110768122	4.8969329363364	5.1284649359534	4.77174263457509	4.93083236408133	4.83559610768298	4.70747112914737	4.55457095650808	4.74219241580863	4.55382178556125	4.85829331454429
4.79852644528927	4.8094570351376	4.76931463981137	4.93012972818035	4.85724484572088	4.8969329363364	4.89823854548031	5.04023425971306	5.207002864745	5.06981450550977	5.14916526050612	4.85968850623902	5.2278660734192	4.72033423426117	4.96851988697528
5.78358544335369	5.71146741840048	5.76890957002666	5.58183547403229	5.55495273840157	5.49004547559374	5.58641093551383	5.54266545120508	5.58986944422297	5.37695852934653	5.48703839320871	5.73779634056264	5.4501085639849	5.54826494497088	5.17637200419224
7.20980586455341	7.19041688576214	7.22359514263988	7.13352622246565	7.24892435992049	7.15353990133875	7.51304140592328	7.49909773060356	7.49893761208552	7.6676878799719	7.58558590665784	7.46153399942432	7.75946769089806	7.82549376136925	7.72999262197265
4.94949401860744	4.97345284537727	4.76931463981137	5.45548032984045	4.95587360474488	5.23656696804666	5.83784854516817	5.69176300802367	5.64701715773271	6.0501160188503	5.78346340459282	5.63812613519272	6.23564188568587	6.02294272138116	5.97195457638993
8.06362594466577	8.06074812771547	7.88200618116271	8.04582850097414	8.01719139833784	8.01141618390323	8.09725225411826	8.18428501003973	8.15741035351522	8.25423423317553	8.18581106293325	8.04997194052602	8.18874680835207	8.17821974305134	8.24348477224828
8.96033180256334	8.90974332999326	8.93696395287931	8.84986733520396	8.92074687161141	8.81561809572936	8.79258289141418	8.80990846346555	8.72097608205528	8.67746157073184	8.73212581247797	8.73550327345113	8.92179642990308	8.89936944477019	8.84668104460734
7.90059761721594	7.79986433736363	7.77323968021103	7.67187972298357	7.68653857714173	7.5642346735167	7.67967555598445	7.66660917386973	7.65405173204976	7.67829141998132	7.60955758923788	7.44623557347544	7.46628133906871	8.00944391110965	7.68049390002253
4.76115549194021	4.56757519261715	5.10296181166492	4.85032160388876	4.72682053515752	4.67282553641802	4.37350688215624	4.39572837800112	4.74206654100107	4.4307116063944	4.58457715130525	4.59107610478652	4.16510503771196	4.428960231991	4.40267611823313
9.38742965154945	9.49326415683655	9.31339451296632	9.50966515494429	9.48655740192929	9.54611326922369	9.57720318070002	9.55757230735941	9.61073253190353	9.70033973000866	9.59182536247852	9.29141485593531	9.24273408013491	9.73371638977008	9.55386943771288
5.95064929694378	5.90837284711769	5.74679716207796	5.75196591926717	5.98820816538009	6.07466475041977	5.84828762031178	5.8354324857257	5.93166083942014	6.0171041666854	5.81056999909835	6.05765501524297	5.82322515232715	5.89828928262248	5.87275355843274
5.28792322315602	5.29999196347271	5.32905108516159	5.75729012130778	5.38399348186762	5.66128085324518	5.42325823131957	5.50015342973718	5.57635399192323	5.6427606553343	5.59233498551999	5.8323529511225	5.63493275689483	5.710824409352	5.64673170948821
9.93582626054225	9.91065758049009	9.9849800387588	9.84098119793086	9.88696863742148	9.92932870783768	9.78574567976576	9.82016725346904	9.80111254215934	9.86454993607608	9.89903400451256	9.93333467427781	9.94758239112829	9.74299269366428	9.87288441434187
4.79852644528927	4.53934695438261	4.61781820965252	4.69844907501405	4.66342722606272	4.59422150824719	4.76377846266104	4.84157402035809	4.9166067290298	4.80015780093225	4.86450547971917	4.85968850623902	4.83256779988423	4.34885766891754	4.75078286513327
4.82287839601894	4.82104380874778	4.98442152452778	5.08575831242388	4.86854043626839	4.85253802485125	5.1284649359534	5.29159829274859	5.3672927762499	5.1920442259646	5.33785753843026	5.48886373735284	5.19925240812853	5.38048853444984	5.29828762676016
9.85377217328115	9.85578430541296	9.99408240228035	9.81113246032409	9.92407132369719	9.85652577998188	9.66555341967752	9.71086841206831	9.72896520398436	9.81811275982122	9.76395531599777	9.9293445217525	9.99887940130947	9.58799452934781	9.91262341084684
5.00334563252602	5.06292565126822	5.25235401880018	5.1939224618766	5.33587384660969	4.80674462073858	4.87096637550204	4.99499524688404	4.92373706588141	4.88391999273123	4.97422036307945	5.17484061596902	5.17495491217746	5.03095990599061	5.00673239893022
8.73389085785112	8.8262013950876	8.74966012967839	8.84480221372341	8.66409195205272	8.75534748049739	8.67071216318485	8.65692618067014	8.74184706113243	8.7195144520492	8.68563156848154	8.37867657139505	9.02297209665075	8.84125862722839	8.68459690483537
4.7227217161936	4.49584544584017	4.34791715503551	4.88079453531482	4.71436143668395	4.60762086927384	4.83612533943593	4.80708158945197	4.9931682433242	4.88391999273123	5.03901289172331	4.40086115060765	5.23257894229723	5.21305242691458	5.03478503604668
9.44863388317564	9.39494680388495	9.46334205227648	9.44959223342558	9.5120266096605	9.52043707537732	9.41685185295416	9.49433824969932	9.47557715514818	9.41255008240604	9.4593909969067	9.556531021385	9.47004426758398	9.34000442475015	9.52512195896037
5.37086315167922	5.35511407605323	5.19610136295793	5.79399375007059	5.56194781728983	5.69954149242281	6.09297927321992	6.30213718367834	6.1901868401296	6.28085224791699	6.34895280826041	5.88684311763533	6.37808463021887	6.32816900417108	6.31525125749369
8.86676526470746	8.80632783703354	8.78848038691426	8.83177268494043	8.66655974985892	8.7873008630145	8.6620762132114	8.66293616493899	8.64950258374915	8.59976817958816	8.67259489742843	8.55521804835477	8.82856468748268	8.75519229395784	8.68196579946184
8.37656457184461	8.42828490555922	8.31518400806254	8.51294104316561	8.41892001049333	8.48843739127227	8.60011308641135	8.60042465004952	8.59906544906422	8.45015738275369	8.53900153775112	8.52123644564081	8.2087421303719	8.71745858876984	8.65451250654314
5.23560068769341	5.14674365612382	5.12035497531597	4.86055439832121	4.77561424095189	5.21037129753035	4.56499887025799	5.0177924007062	4.79745542518356	4.73430919589676	4.82125318066079	4.76348669276143	4.44649277753924	4.58547137674925	4.40267611823313
4.45007125484825	4.70035362972176	4.67800527279875	4.39133559871322	4.26304101695474	4.45296287055144	4.35385239973328	4.31205396254908	4.25784993429682	4.3755229226047	4.47864859558518	4.40086115060765	4.2144711570667	4.61648153831321	4.24117606154204
9.22989292833786	9.26508259369586	9.17228786386392	9.39927011899544	9.25508264745903	9.26687200127441	9.38938803775563	9.32405831757127	9.40740801952632	9.41412856884331	9.376259783135	9.37960864225966	9.00698203993269	9.53347538251831	9.37502841490225
4.69647823723324	4.78597541071579	4.79125694557808	4.66360406167363	4.2967977956178	4.55326611319151	4.53916866355142	4.50741147077609	4.56188235733219	4.34719373155533	4.6015425734273	4.3603441405783	4.22413985522496	4.62413716909741	4.0077734008892
4.62854953338016	4.73772728836062	4.34791715503551	4.48820100679262	4.55586127862356	4.34522319031645	4.3034963687515	4.36046155065765	4.20031681432139	4.34719373155533	4.63492117234826	4.27653653858997	4.29918644978899	3.61273659034561	4.20991180418298
4.49694867201399	4.3723445090987	4.40613837122236	4.37692390146858	4.00181686819232	4.36111209579023	4.36371352825205	4.28722593127846	4.32399387801904	4.16573112473074	3.92317241271301	4.18873662373217	4.10348394423828	4.11224396108583	4.16179824690945
5.16252901655686	4.98369750744613	5.18788104196934	5.09438720909746	4.81116237017987	4.69811000641565	4.82194684052321	4.9795941360058	4.77397701717911	4.93740785947145	4.91347311781031	5.44389931926294	5.01963666643862	4.8176034732503	5.08043814329939
9.84909672057423	9.79148340104535	9.93651082436538	9.7207795898168	9.84159506351118	9.81110164478795	9.69172556929252	9.75001729594294	9.72385408261849	9.76237681143281	9.78687798524891	9.83720403509211	9.82739130583994	9.7696881628852	9.77078488234625
5.9662737102706	5.86707216890077	5.84370987355882	5.91762299812255	5.87462697493465	5.86024952226485	6.15301518396281	6.09297995181951	6.07313379850078	6.06959929329154	6.12528643959812	5.9912172034523	5.87482841508106	6.01986974579956	6.12587294966567
7.36186338843176	7.36587666219845	7.46337212715765	7.49130693604749	7.44083088508263	7.49818113496246	7.68350600824815	7.54674881100324	7.6848530604412	7.82298685258521	7.70857280398315	7.52884795954372	8.16437112348323	7.62837000927011	7.76372316352959
8.78115539394828	8.69042367540618	8.72502228917993	8.53923839208472	8.66902335903884	8.67875057758429	8.62601251453497	8.64725772544409	8.57487346216117	8.55099201648164	8.59133375103104	8.87157227729722	8.78141359611701	8.68961776933875	8.64824538965794
9.35195526062269	9.32986922316486	9.40412634391662	9.29721700243088	9.2462891268257	9.26795371291655	9.1164182702581	9.21220407827663	9.08760178522166	9.09987049783095	9.111608745744	9.24278729523466	8.85425193661825	9.15770940461212	9.1676635044346
8.14968348392742	8.16028350313658	8.17814595796014	8.20994743767796	8.00557436474616	7.9881338652896	8.03735412472463	8.0373903768737	8.1120085174229	7.94472571099645	7.94859019500564	7.63584799463799	8.12217911501627	8.20289914245893	7.81835665733016
9.04093569641865	8.99331291669525	9.0407871182546	8.94272371003327	8.89429237899494	8.84049534738324	8.78421518994655	8.88173804351402	8.81092228845998	8.80852614901375	8.83132269247291	9.07922147296693	9.04880860864508	8.68312061343566	8.79614829861671
8.77986456605626	8.83574789616272	8.84479870522945	8.74726709680385	8.75889966527948	8.78955659718305	8.60162014883002	8.6411818086638	8.62066190952932	8.56450474481685	8.65704383651956	8.67734546136744	8.89871401345707	8.60006980188035	8.62565333726304
6.38199055724461	6.49127055312332	6.44266326900396	6.16381526537342	6.32555935133578	6.18240443065476	6.24777460809593	6.41787321626077	6.33905751998447	5.98679631321597	6.08729633452695	6.37187467692731	5.78562496193669	6.04428299665827	6.06517779378591
7.66159611473078	7.7961944120761	7.34488757248933	7.89363687964937	7.53701479932931	7.48533973581414	7.55865146085162	7.53629511616021	7.6082447246125	7.18533317221348	7.33982311722224	7.25200875754565	7.20960085915261	7.52347064434199	7.43970426978821
8.90556116570666	8.90868452934213	8.79835047297198	8.90546647915966	8.77271604092956	8.7767275772833	8.7824472897396	8.84838173157507	8.7797544753138	8.6265211912862	8.67080856205533	8.72401756808985	8.75895928129114	8.80910929623771	8.72353592572417
4.26277251247165	4.45086903203693	4.4620758051066	4.34763972200071	4.15678802850157	4.55326611319151	4.31371094571162	4.01210827404353	4.40772111559707	4.16573112473074	4.25259790330678	3.78858911647589	4.20473554697023	4.27396716786504	4.31668021181309
5.98171955496398	5.91344618846449	5.93933020097241	6.14389734160924	5.95665309523178	5.91009967609822	5.93242819852384	6.10365977931905	6.1017266195356	6.24368167237922	6.11587667523163	6.54256482637607	5.73387512547215	5.88155028587008	6.01189300212704
5.11476797941836	5.08201486039773	5.17961306667988	5.13673838173513	5.10668137956147	4.92936150120126	4.8148043324153	4.89181132934885	4.69283824070169	4.9108886756188	4.96758814939741	5.3020255074542	4.85120105301175	4.88992716636295	4.83738045433866
4.91612203417187	4.97345284537727	5.1289726555725	4.61572777318097	5.07774734385726	4.97150417307259	4.43089426389909	4.56016426136184	4.65049238238534	4.62613357235252	4.50582373119828	5.00964510470731	4.67388822166934	4.7557850199386	4.7618763040676
8.70006785389	8.80632783703354	8.690788529332	8.77186068428277	8.67965094173622	8.66490068496645	8.65290334728168	8.64179055529748	8.67513444521489	8.5852252813521	8.66304366861733	8.37867657139505	8.67151356244632	8.54823007316587	8.58507220585971
8.0832289802066	8.04256034201177	7.99693182331641	8.05986231751047	8.098440281566	8.05190814173617	8.12558176345224	8.22224683394115	8.12601187341462	8.11325995678136	8.09492516374226	8.04442772658167	7.98477588310918	8.13540957565925	8.14733409480804
8.7668880218107	8.78440832470691	8.77187691950171	8.64555127133019	8.74495050875824	8.74763488744908	8.72836385739453	8.6502860969925	8.65004124828744	8.69491227348661	8.5888219221191	8.5885845655428	8.4600208189081	8.8751441267365	8.70894054553771
4.7227217161936	4.76207067127031	4.79125694557808	4.40559794925801	4.56975110768122	4.51112344132017	4.48605963246428	4.45265239605756	4.58004473867167	4.16573112473074	4.25259790330678	4.04866042274063	4.67388822166934	4.71314475605725	4.27182118382407
4.88190510022444	4.89943572364496	4.96527732107024	4.78727373279663	4.83438648259668	4.91863215080564	4.85713202038619	4.81578246269453	4.88041710834508	4.96994711615576	4.82854704273918	5.14831570155376	4.70845482664295	4.92170782110313	4.93922825971685
5.27934226289941	4.99386366558613	5.41595441426142	5.00556255131488	5.31947281266952	4.98185169276872	5.21755190467472	5.06962283364134	5.05292395460096	5.1864318243843	5.026271282664	5.17484061596902	4.74884391777152	5.11641522506516	5.02549054501773
7.86422103211537	7.93560624872755	7.87074153665444	7.68765415940271	7.76968202927698	7.77355690723624	7.66715499148572	7.67735096530117	7.47847363075496	7.42556570784621	7.47152506294924	7.31080257092838	7.2061344342914	7.63482843727094	7.54202613032547
4.87030419895004	4.72538601661757	4.75821558190403	4.63987408569798	4.86854043626839	4.73523084123857	4.54783086277437	4.76277070436409	4.58904096888415	4.54409920936271	4.67564915936954	4.98061380003924	4.37908874575329	4.6393348258275	4.64719213439877
8.71573163421779	8.71944686024199	8.66869821810328	8.75571441098345	8.7340077187266	8.77521081096944	8.84432572797856	8.74567680207128	8.84378810758634	8.97962570668624	8.92298181239616	8.89272107231686	9.07141683836462	8.98595235310144	8.96440609868821
8.88660079581059	8.89644719599786	8.78252538142256	8.8532337563959	8.98088177814891	8.97417065695183	9.15507209768053	9.14685299730816	9.16955759816841	9.22015142808164	9.18536884552722	9.18388612665597	9.07815963579968	9.23914796907324	9.26581414612201
9.34304565977768	9.29470787681598	9.35171793395954	9.29681107276827	9.40241120326696	9.43141897992875	9.47024074325828	9.45127885787235	9.48768785964029	9.69174980691216	9.6248241502087	9.81396252699168	9.4795005523609	9.49175704267171	9.51849004989602
9.39973098071296	9.41679159729273	9.42032873827064	9.44267153981385	9.38146889750153	9.3210381197143	9.2845226204885	9.32064376946502	9.38330244666104	9.35833653101509	9.34623950951696	9.18687631343806	9.60246269510408	9.25829053048756	9.3190600442063
4.77372764492743	4.51050501096981	4.78032798985274	4.76559919805867	4.46960960640456	4.52530716728625	4.53916866355142	4.49662497734016	4.37688954676585	4.31835099255248	4.55007333791108	4.27653653858997	4.41319441720611	4.55382178556125	4.70559635262193
9.27450684001396	9.27677145473216	9.33426199724497	9.25977822393185	9.29933181277486	9.2521895685493	9.25213293938724	9.29109463379572	9.18785620687254	9.19861924678085	9.17467840350682	9.20767290503574	9.39665466413263	9.36630348254051	9.2317342891803
5.45657754083107	5.22557934996658	5.4229628890192	5.76259380614128	5.89140723188417	5.91553452496949	6.54675271523361	6.73862732399195	6.77760514942999	6.99872706988897	7.04192720750688	6.87448054937302	6.52442778306544	6.20782163923792	6.50201852696121
8.69526435713422	8.65499290009582	8.69502483465424	8.64163575087669	8.68858313029413	8.70367152607245	8.63486913590397	8.51925882169419	8.65004124828744	8.71156039411654	8.53379914368432	8.72401756808985	8.65756452383686	8.45983246542022	8.67051236525207
8.79718757127569	8.79425921577257	8.78119866342621	8.85211253066292	8.87020681606662	8.79180883679688	8.90281589559893	8.855744735918	8.92081385050518	8.83598942755289	8.81784748678995	8.98166168539701	8.98591948988699	8.76087634647027	8.83797592876195
4.55702508244719	4.78597541071579	4.94587264427745	4.86055439832121	4.78756061341071	4.82982161924031	4.74885762073386	4.93237711443097	4.92373706588141	4.76391217441634	4.71532462494072	5.27728084401937	4.82630146415853	5.07143176290106	4.96851988697528
4.26277251247165	4.53934695438261	4.47572396421663	4.17439017172293	4.39359872911371	4.40776274144395	4.11761047574967	4.33646115940725	4.47720003047323	3.76738595578474	4.49681869025234	4.8906715842466	4.3617207468289	4.23510557848998	4.34587972156177
4.96043737151777	4.95272309322494	4.6897437896249	5.05069133238495	5.16287456716783	4.8637644928376	4.74133819756384	4.59091255006897	4.72584288404635	4.93081938546841	4.73091212004187	4.73027048335178	4.49500758670498	4.64687759673221	4.79468731628248
8.49401511144344	8.62188105929771	8.54420893498343	8.48026543667171	8.60356999644907	8.59101862595352	8.48337487631245	8.47142317172003	8.51285459324763	8.48801732945707	8.47402431214291	7.97656301714374	8.44667266005871	8.41267792350967	8.39119181368527
6.03196685516247	6.08425452137063	5.98719448291684	5.5264063249684	5.51946255811302	5.45323793037013	5.43720542962566	5.48932638519268	5.42372195763327	5.37695852934653	5.2464083181963	5.3743269211925	5.49766655905326	5.55660708936484	5.29045202468128
7.25844067874221	7.34882402195278	7.32476095346464	7.44688145327923	7.54415614736388	7.53959306020873	7.80884505512071	7.64244769863504	7.80091088165513	7.90652909495085	7.71302633888234	7.49175516390712	8.16612632027284	7.68969162516655	7.79673415640308
9.68628604055061	9.62922026526981	9.72597599097584	9.61444000348074	9.65445090875843	9.58096604135555	9.52038448551894	9.55692772805566	9.5708714430353	9.41531140685958	9.47887321225947	9.83510323743231	9.12890625780137	9.40136210029722	9.62992076657794
9.76578991363356	9.66203942205305	9.85823401188262	9.72940475706707	9.73852424527652	9.73235290130313	9.65024176251129	9.68985906470045	9.70944593462785	9.72291374485959	9.72607262126281	9.80116074119007	9.72637813142866	9.75815015138877	9.66426464504171
9.48015142857663	9.50750411979762	9.45219157212173	9.50408883124148	9.42792800481216	9.51131932595627	9.3180157171423	9.40546032832298	9.38265408999179	9.32615003216357	9.35770884880819	9.22531370709009	9.44341210971005	9.24818597824944	9.30972701566517
5.50113641303665	5.15573811190058	5.11168490762373	5.1283717631969	5.36813019763167	5.24519500749507	4.94474379978872	4.69835145830468	5.03985698507488	5.00183423943054	5.026271282664	5.14831570155376	4.94661320632529	4.65438348352427	5.21808687772667
9.01568338359506	8.89055441481756	8.99639845858487	9.01384390898445	9.00841738014081	8.95351093189472	8.87739205632247	8.9006754535346	8.85691447324473	8.92800608813903	8.9415741318687	9.26296599277141	9.0863909587088	8.79656262845379	8.85690617220523
8.79335715765765	8.81032643640848	8.77587941532754	9.08573500988667	8.92212594635653	8.87915163777571	9.18004777886482	9.2228132913707	9.16692447722322	9.14721449041905	9.11518141769924	9.35795259588781	8.90183674513748	9.07843161755502	9.16830470108948
9.80899001784842	9.77999931447459	9.92107601594121	9.87340447622088	9.85615362147265	9.85616507525854	9.74424754790072	9.77239521545236	9.76747793993681	9.80982968252937	9.7960665974056	10.177499089548	9.91490364648611	9.83894187949943	9.83751550385139
5.18117064590371	5.33177018089658	5.44378401417872	5.1939224618766	5.23456696906807	5.46807296093008	5.08766668201967	5.20156959511305	4.9931682433242	4.96994711615576	4.960927162464	5.44389931926294	5.17004464525733	5.14930828641682	5.21808687772667
7.30346211046415	7.4026383305885	7.30060287403524	7.31632824422728	7.26196165769187	7.44043051623837	7.36793146569292	7.39589843258419	7.43040114042871	7.24039452102666	7.21740162902225	7.51410028291337	7.18162731023202	7.54412051798366	7.35101954241331
5.78950009918422	5.65115352573518	5.9824796960009	5.854722918119	6.11753467476163	5.88815480086801	5.90603990023436	6.05312862477264	5.90306801838533	5.89585074940422	5.97770016265859	5.92229516691514	5.90432194908489	5.65332889413498	5.82900426738937
4.99274560406825	4.89943572364496	5.07646776665016	5.06833650370552	4.79940946337412	4.7473967731542	4.91168135635134	4.89181132934885	4.97268718676019	4.93081938546841	4.86450547971917	4.69644476831683	5.01963666643862	4.99539961003666	5.04402403724632
7.91536821997661	7.9200764058149	7.95135428822798	8.01423478502668	7.84253124191283	7.86293824256561	7.92404491872015	7.87793453209678	7.97946352315043	7.95758526783253	7.93421859166386	7.92989091042133	8.26162473826766	8.12607853907982	7.95057890403974
4.69647823723324	4.48102208329745	4.51590188147241	4.60349387475152	4.48434553053721	4.39237825523619	4.28284488576929	4.22321583144728	4.36646430091109	4.15501651051535	4.39411228698451	4.73027048335178	4.19493209235376	3.99027036846223	4.1121406783178
8.59764351737777	8.7538139704516	8.67514685792099	8.82892378201651	8.73635955730764	8.68279909142297	8.79871727462038	8.69202786428823	8.75141762304636	8.8884362285371	8.82163248098008	7.92397292862306	8.94450621904553	8.82847958430143	8.69594695027347
9.31552457237158	9.28596925324521	9.21747395081623	9.34547135701617	9.30039438680477	9.35147222822013	9.46038151003207	9.36330772067989	9.37387266017419	9.49599841402088	9.41233494224668	9.14456577343396	9.08060357134486	9.5038835361034	9.42687490387972
8.74055505626646	8.81488155554589	8.65571280145093	8.82320822350698	8.76351975212996	8.80227339885191	8.84686419786135	8.84468606282475	8.82100435630335	8.75213524788326	8.7883310297656	8.4289348197621	8.39297186368337	8.88896616483973	8.76151916036023
4.81075726813193	4.89943572364496	4.56777020633901	4.54063799703503	4.73917359746491	4.66001646342577	4.43089426389909	4.56016426136184	4.41785372053511	4.51006338326539	4.64315365898896	5.03822629345397	4.22413985522496	4.40272111799579	4.63524205104487
8.76949331746127	8.8011690081918	8.74149471571492	8.78252058318392	8.7565840954291	8.75765330236056	8.66014998461929	8.65210006759626	8.69249606054227	8.6193875921427	8.59321492963679	8.67340225184903	8.54472070682381	8.78594358870436	8.65719066372338
5.12445616929423	4.8094570351376	5.33649873520944	5.07707497440178	5.06797305735851	5.17469293324115	4.8148043324153	4.92435486448731	4.82817765394595	4.46646848641644	4.93399041751669	4.14321703330049	4.86348750704262	4.8176034732503	4.83738045433866
9.50756300554158	9.46082882174693	9.56149434202106	9.44047880778691	9.52618746403125	9.57747442663618	9.42476342726492	9.46611891157268	9.42609224260934	9.38547341160268	9.38226900834025	9.63549681428692	9.33332221348124	9.16128969834708	9.47861511036664
8.22085770857377	8.29474554090553	8.2072228389057	8.35656436293093	8.39136573917578	8.38403533897082	8.42320481224866	8.35444879969188	8.44122197591131	8.4158128266764	8.48213003310769	8.17826367668388	8.42202964893776	8.40684283428073	8.54435789152458
8.75838595791277	8.69291860260211	8.72018177437466	8.66045841200676	8.63414639813994	8.62590858579316	8.59305897604435	8.61351839384989	8.57089658302028	8.50417091183965	8.50220906923264	8.19880371923161	8.67965473125705	8.6656592003559	8.58880568922524
8.57303627699522	8.61529049857351	8.42494751831259	8.59308264677603	8.5341249577476	8.56582481291847	8.673101778677	8.66413515763151	8.71377974679778	8.77705253426005	8.73898008761163	8.64956420743349	8.21327285906871	8.68961776933875	8.64105175390652
7.12244470228238	7.04114886899231	7.16298169762915	7.2639909681317	7.32337534876455	7.39408968846116	7.55446971937929	7.50447083437696	7.46629910434243	7.46095550649662	7.43598589615523	7.48424619325197	7.15908021364002	7.57570034026685	7.66871277000735
8.56473328316031	8.61264507966019	8.52527650994238	8.6885342110256	8.55291165900412	8.51590332869331	8.49802861024335	8.47893915155685	8.53285176398046	8.38297440746753	8.39338052163373	8.31745805524915	8.36431729699197	8.48040267218558	8.41848948939689
8.50830000109907	8.68039678104149	8.36757803206639	8.63836428627212	8.37236578124784	8.50406507666091	8.51573646519849	8.50861681379009	8.4368588247617	8.27857607760999	8.4075902952506	8.33176692202082	7.81007158967967	8.54110456347075	8.35040854638668
7.50517935745976	7.61956626227985	7.43466095079486	7.4700391142183	7.46171579302853	7.37234621833737	7.37150719500726	7.31563052663874	7.38326511508554	7.21545980194669	7.30396546037448	7.00585034559978	7.27609350167111	7.16031748059279	7.18704893771761
4.84679931606397	4.58146722683419	4.89617347837384	4.63987408569798	4.91286375990331	4.77142740919747	4.85016414643305	4.81578246269453	4.78184564852277	4.59382557506436	4.71532462494072	5.35054014281272	4.69472993685855	4.63175480652039	4.54890335403657
8.60133310935047	8.58048163421417	8.52368740477159	8.64945568390934	8.566183400906	8.54285997947411	8.61759707734987	8.6387442454232	8.59683205298373	8.24521475208886	8.40829734342335	8.39711122248784	7.94907376479929	8.71586604068611	8.46563637603104
6.45606370801216	6.5860735274756	6.6433325001295	7.08983034575314	6.85803373873409	6.81049028065694	7.48253720832832	7.49370450279902	7.50609150093045	7.50607769854518	7.49348676373993	7.34357587405784	7.26615148117968	7.72148927044585	7.63627580312753
5.38685738213797	5.14674365612382	5.06752590824852	5.1283717631969	5.44576774332099	5.20153345645376	5.37575625319513	5.0177924007062	5.05941336003306	5.1864318243843	5.13134662631433	5.3020255074542	5.35420129865686	5.24904957255503	5.05320820725549
7.03375288357719	7.1310920777338	7.14428369393067	7.12764875654645	6.98385238519423	7.12312903395835	7.06451285378921	7.00458762037848	7.16413757452902	7.15299233933504	7.20197079481405	6.99607074840929	7.60272101272295	7.12179352749661	6.98007584813257
8.58054044230584	8.58792159691926	8.57368057976244	8.70485918221029	8.65666328383814	8.664081861864	8.73706503188378	8.73145034630074	8.74638839372581	8.79810396634612	8.83774902238488	9.0310868911603	8.91081922682235	8.78187883746349	8.69420619856641
9.64538941879733	9.55552338530075	9.54760246196412	9.54503179213447	9.59845482396469	9.60174144051411	9.5616745642343	9.59698301648315	9.54994305315146	9.50868560196054	9.53418239238358	9.80757274677449	9.40782550516019	9.52910407951011	9.51951219531259
9.40299251279411	9.4432473671811	9.4748141649241	9.60018436791036	9.48187823585234	9.44536345297238	9.50661696407886	9.48284530963494	9.51338691633883	9.55916656229272	9.56975723819652	9.77962486837738	9.79304884248573	9.68166973970123	9.44198865739861
4.66971505178688	4.72538601661757	4.74702947167309	4.46121377916466	4.97690985788253	4.72296224201736	4.24062172592228	4.53929447373951	4.31317816993249	4.40335653379214	4.36486654407176	4.47931766103901	4.20473554697023	4.48012999662772	4.57406696707802
8.3955757084695	8.46504562896835	8.47105332324595	8.39227331495768	8.39037191780177	8.31384779828045	8.29029398388313	8.33198359927171	8.29667968659398	8.358658913079	8.32178582069934	8.36938965126525	8.78405403939403	8.33299130495101	8.18651411420583
4.78618392388875	5.0725045892391	5.2912180513539	4.7098707547648	4.92373629059179	4.8969329363364	4.75633757168448	4.66020379325433	4.83575714787652	4.89746147189897	4.8715972017038	4.82817577738827	4.80095321000271	4.94666692046655	4.90937148595132
8.95239846581975	8.92028511883606	9.03801829241268	9.04977308299217	9.01812628630758	9.05587106712033	8.98915376381804	9.00510026302401	9.0647492338209	8.98738094965095	8.96388712867413	9.25434501175815	9.29243781559727	8.90595318987141	9.06902773642383
9.84616632762171	9.85785764382352	10.0022815388578	9.84779932596927	9.91644837150865	9.90057354869074	9.7676972386748	9.76878238487308	9.81030470431073	9.94594052269185	9.93867532217007	9.92534571379194	10.2155327211671	9.82920101013013	9.92446679598169
8.54259587530529	8.49865268407307	8.66797989940604	8.59240549817141	8.73007949965767	8.70367152607245	8.82041269044115	8.70664717909941	8.8699225817497	8.96818253465538	8.86686367841773	8.93087473378091	8.98820297567779	8.7582952952646	8.96147794624522
4.57163599988833	4.21810528139095	4.79125694557808	4.60349387475152	4.31338627400326	4.31291474115208	4.16357986175647	4.08597011223691	4.33472917117545	4.30861937690515	4.03695446422644	3.78858911647589	4.37908874575329	4.28353075512901	4.24117606154204
9.80536670012801	9.77090584325101	9.81131250569115	9.77604384946002	9.79211024638355	9.796892381872	9.72771399214151	9.76320642382832	9.77565162660326	9.74164434953424	9.79176628160774	10.0246998540523	9.73445541703127	9.60980538930722	9.7828986671326
4.62854953338016	4.66189652704928	4.59301372804417	4.46121377916466	4.75142241327819	4.43805176158126	4.29320803969467	4.33646115940725	4.57099210539356	4.64994121151545	4.33505288730752	3.55039378277385	4.29918644978899	4.61648153831321	4.33134883447727
8.52165404401276	8.61661123252574	8.39915618721209	8.70548321509838	8.63078065504331	8.63930023262835	8.39678460366972	8.42265251610441	8.39119841042272	8.2468584652498	8.20044909300591	8.42442208862976	8.01634612902801	8.01196642735582	8.09307357649176
9.06363271808422	8.96315986543472	8.93874784522349	8.86994344579794	8.93242745205376	8.85133671290975	8.83028272834767	8.80774061941211	8.86203878675664	8.72195387636495	8.81242411456668	8.81395978388249	8.57565012572774	9.10627635105214	8.83479825186634
5.34651120094955	5.13768780426931	5.0853539121768	5.10296234282601	5.03824895936861	4.99212608450627	5.06981767138398	5.02531194855346	4.89500198263867	4.96994711615576	5.06418321084266	4.76348669276143	4.92335994889974	5.05997685309462	4.85829331454429
5.4938112097369	5.24247992432073	5.51762845555685	5.51377958951298	5.75750895194446	5.63520265841719	5.31153721917547	5.51089967468899	5.22443434742136	5.4114956973899	5.44865251686144	5.69857252577887	5.31924819520259	5.408229364021	5.43294017805516
8.97438367275754	8.93490429867034	8.89408045819238	8.91835432529019	8.8985015923654	8.86209783073165	8.87532184328359	8.88893287003342	8.89058601677527	8.64389652405609	8.6891678965247	8.75448850558936	8.43946941828724	8.8437039850665	8.80752125975743
9.12652815777975	9.12426819796296	9.15400922892687	9.12951962414277	9.14232312477403	9.15208150888328	9.0560324694253	9.07614557470375	9.04767600795752	9.15326701697933	9.11339612089345	9.11994504355977	9.2731392562174	8.95581462217679	8.97606361599445
4.16822371081775	4.21810528139095	4.14039107539858	3.93682247531374	3.87366226264195	4.10235655747667	3.69987657200411	3.83490295378043	3.70033192256953	3.51524154625872	3.15627167371558	3.78858911647589	3.95992206917617	3.68481324864798	3.7328067854893
7.66602000313324	7.68376182763484	7.4947916159047	7.58736715805635	7.57586440961882	7.56946111550246	7.61393575009489	7.60167305284611	7.67218727503055	7.41728582342887	7.36930958057448	7.26899919806671	7.24942369735292	7.45618405827407	7.59253269567907
5.95064929694378	5.80809903142331	5.69575395828918	5.90336064757776	5.84622144881626	5.80862917496111	5.9551237674728	6.08222032412188	5.83280084967697	6.08565507229958	6.05490367564949	6.52998150279424	5.77606576290628	6.04428299665827	6.07939714134041
4.33392034456416	4.60882236392142	4.71293489804849	4.86055439832121	4.62401821542711	4.55326611319151	4.42148876846957	4.32430927175998	4.47720003047323	4.48405003766156	4.3148505553086	4.23315924909313	4.74884391777152	4.54580635852028	4.36027543564498
5.27070647185388	5.09145744222012	5.22851688883036	4.97775747409697	5.16287456716783	5.13811690651153	5.14559853778253	5.30401207773586	5.03985698507488	5.32628181916491	5.32211016879572	5.8323529511225	5.15023037341398	5.47107238353819	5.57652251814656
9.30724518574863	9.33679103266886	9.30054144599385	9.24341592911821	9.43617367210743	9.35555026842553	9.33342048754553	9.3644135623883	9.27916291101702	9.37297504754149	9.35045488864808	9.51449211620744	9.11735692196624	9.21976366037154	9.29325753793851
7.50517935745976	7.59982787476786	7.48494424599099	7.28516530133368	7.32958266853162	7.25415177796361	7.10239659020146	6.89011720202621	7.14898643573696	6.98062546170239	6.93870109362057	6.72168131387736	6.85440461015687	6.19689667646091	6.31929708490769
9.60952212960351	9.61000619828454	9.65152309321339	9.67374002079801	9.61565260880631	9.63488080337246	9.62622760814179	9.65203686193942	9.62971145629824	9.58417336213283	9.61035321292453	9.77093957670727	9.72869066352922	9.71471684599246	9.55436904323922
5.05513345118633	4.77407688122462	5.0853539121768	4.75463257022515	5.0180892455722	5.04243630808397	4.74885762073386	4.62101797007995	4.6332000765637	4.46646848641644	4.39411228698451	4.09654492657808	4.92920939618132	4.56972815371155	4.73960932847348
8.64911461611313	8.72857750292694	8.80554536976038	8.94639455678089	8.81413580776653	8.80450603872755	8.95391120317353	8.86254826368477	8.9141011918406	8.98066192567323	8.944069427526	8.55942204047769	9.18101555003255	8.88564118890478	8.95118555986815
7.52002205734777	7.5506324641572	7.61997910067055	7.54598215219134	7.45036129397801	7.54667624294103	7.58348742524934	7.58148004688375	7.58365776355693	7.47835953746952	7.50371397944054	7.20007716152955	7.73664374338936	7.29070200563101	7.4879177675251
4.29881456040369	4.19980599615822	4.36269678722609	4.17439017172293	4.39359872911371	4.27987194653456	4.54783086277437	4.38406847510035	4.38724005903305	4.10033366497447	4.29437885095406	4.47931766103901	4.24328015108436	4.48849487177271	4.53616642530948
8.38783072051031	8.47095182523582	8.23571874415481	8.42018805350478	8.23301841633297	8.20907125863434	8.23682906991108	8.24967604689385	8.22619764775225	8.0165758989468	8.13851457007611	7.99946330849177	8.01699636710032	8.28029585906697	8.05931743046479
8.49401511144344	8.55790808327539	8.38608348575887	8.53218040476493	8.41208032606305	8.39491801937509	8.39272084386175	8.37143785196323	8.39570152476419	8.28740893207843	8.3447961655644	8.25908537636098	8.23180939056781	8.47481989896196	8.28601142887733
7.47499579449526	7.58267232779935	7.40535989650026	7.56182675379354	7.50077131677843	7.41357818913438	7.50547635843236	7.4512076591728	7.42033914655156	7.27707889404978	7.28791884791528	7.31905068199026	7.26725962621089	7.43430790475576	7.35309258773927
5.16252901655686	5.3159762188227	5.32156433965881	5.10296234282601	5.12565519301136	5.43824995865548	5.35139792698718	5.15435257353822	5.28660752563548	5.37196287626849	5.16677946991015	5.17484061596902	5.28340447166119	5.43547772673245	5.16789237692433
8.67657498842056	8.67535477156963	8.6212382909254	8.67456790148928	8.51417931389403	8.64595008015124	8.58799885927783	8.55395905837895	8.64950258374915	8.45448891228435	8.53835220169578	8.37867657139505	8.30307515728089	8.60578657120858	8.47369119241703
8.72920628920864	8.79194793096247	8.75845355694717	8.77067113839098	8.79319709860631	8.80376220633478	8.88605425554542	8.78146869086415	8.87868323940449	9.00124583756235	8.91690319641938	8.6132190044718	8.74158889953779	8.78391255858291	8.72524401431304
6.33945066857322	6.57073604861354	6.13038390315925	6.20280666944538	6.07405959602477	6.23994516752795	6.23725849111055	6.07137969470066	6.11425503026933	5.89944648923573	5.86709251974666	3.61288958963219	5.89847250180331	6.07722954676615	5.85103350919328
8.56245994923453	8.626475048562	8.54655791450408	8.73815849630995	8.5314211828707	8.55438774035464	8.53428012100671	8.50995137379343	8.51285459324763	8.4121151392156	8.51610977064355	8.26894341989062	8.33299123799818	8.82600983189356	8.368786672107
4.14849348157296	4.12397523484689	4.207519782784	3.91673008181349	4.39359872911371	3.98441458709266	4.11761047574967	4.36046155065765	3.99910273247193	3.80801235513405	3.90999331823117	4.09654492657808	3.81299317014184	3.76706242960109	3.57452739198858
5.31334397322982	5.19111826581356	5.28352950581638	5.33813020512913	5.19017586220946	5.4000897526498	5.1284649359534	5.0768772073745	5.00666264321084	5.13500893674705	4.78425488242874	5.17484061596902	5.26513421428962	5.17619077370562	5.20983337493925
5.70424231455879	5.91344618846449	5.73561105184702	5.88411131965433	6.1270214801679	6.01511429390467	6.18621887777743	6.3266482459535	6.26232423275251	6.36345457692952	6.16845187519689	6.59205638266206	6.3271545417821	5.89828928262248	6.06517779378591
8.55637896394633	8.59330639231971	8.54107093208224	8.67392968932337	8.52146402710239	8.54374998279542	8.56860484908016	8.50527499251644	8.49317707243901	8.53667904861631	8.56027700631204	7.95337466426734	8.83693737904185	8.62956717714116	8.4615931912245
9.01133773129716	8.99231877866038	8.94171604971466	9.04002239034013	9.07877118268199	8.98603326439997	9.04981406255257	9.06121388564722	9.06191767892912	8.97131157046869	8.96978289942599	8.84299108855056	8.84273260884133	8.98416959936987	8.90780107044176
7.92147530989943	8.04865068390317	7.97257120130269	7.93793046937538	8.03634886157099	8.0815537646334	8.49370245167468	8.38459521382103	8.50929675092636	8.64517606911763	8.52005839282848	8.58444662946874	8.73262718220183	8.59720341301686	8.50746400617628
6.12718204246185	6.20339529625505	6.37256455431205	6.48038791644237	6.18721890707179	6.21808279494396	6.53180951957577	6.57953702405903	6.42455043297208	6.53859035755641	6.50313124273933	6.7102667278906	6.35920125885006	6.49039539102047	6.50560492046535
7.62718980269851	7.74626652033299	7.4414687047384	7.5845526284229	7.45036129397801	7.63740901331143	7.61894781078129	7.49775131616182	7.69428001630902	7.47569435393467	7.55261876561956	7.53617778926807	7.2072908585607	7.78706995802853	7.4803038377531
5.12445616929423	4.99386366558613	4.99389811582697	5.1778251495883	5.05813250400467	5.0522927551931	4.71085730518272	4.94828876959412	4.97268718676019	4.76391217441634	4.84303163205339	4.59107610478652	4.72204710672329	4.8176034732503	4.79468731628248
9.8928737202511	9.8234919643584	10.0202110995909	9.77432311010965	9.74322919610622	9.76651634072939	9.72953527679146	9.76516046716077	9.69201654568551	9.83908677251186	9.8083278323038	10.0733622668567	9.92482072114306	9.75707242567109	9.79277882460769
7.09352268153123	7.12501104121021	7.09967744227347	7.2478936558434	7.09478299210282	7.17194293668884	7.53443711396874	7.560999841889	7.54249895934331	7.49820737319097	7.50498760463176	7.80776349740866	7.49766085667224	7.73160763793876	7.63972241502974
5.19955863976136	5.00395251379076	5.09418503477783	4.95890369280971	5.36013306412299	4.92936150120126	4.74885762073386	4.97183136712249	4.8730690503584	4.96349228296938	4.89267792298669	5.17484061596902	4.85735769322923	5.11641522506516	5.14217109609146
9.80415676566921	9.74155028876282	9.90214957288462	9.71119901070019	9.79059553081688	9.75843633369849	9.61073243081939	9.64841120293498	9.65436615331579	9.69373621690584	9.7513330733298	9.94920947418358	10.0039552080811	9.49367813277271	9.74361919539684
8.89670660225682	8.90656438962533	8.96931930865871	8.95734871532085	8.7871587079524	8.76378434098833	8.73569468968742	8.81423438527854	8.73322982132717	8.62393085420895	8.71137745510589	8.51264225876054	8.69900343801919	8.79706646919042	8.67845068584509
9.19520120193861	9.11523392985156	9.22430032432874	9.1590016521648	9.14054544413536	9.17589136224164	9.08743809341757	9.13177442874072	9.12296413091366	9.06930386348786	9.1093715967543	9.07287568443911	9.25438177773377	9.15451989532873	9.10082506093713
4.65613205604483	4.43553155317487	4.6897437896249	4.60349387475152	4.32978730794343	4.5670465043291	4.40248945520801	4.49662497734016	4.48685819543483	4.45760431753901	4.57602361898776	4.18873662373217	4.57982609598291	4.79043549339295	4.25657447818551
8.33233625659722	8.2820661470497	8.29945516253963	8.12985898657729	8.23965122022877	8.19895573006323	8.15679339449895	8.17505696124577	8.13681024847395	7.98783735371918	8.00935799265221	7.81406589584463	8.08489073055269	7.99846484901966	8.11854786536744
8.95580417119245	9.05448779348535	8.95763847560839	8.88973091219773	8.97491271123057	8.90713749481845	8.88564296173855	8.84468606282475	8.873156379917	8.90644594526893	8.90569617527391	8.31266364488226	9.06495024255619	8.90595318987141	8.74896138435548
9.29935449171413	9.28756238120062	9.22818648952124	9.30409955146682	9.25727272868939	9.29526887980445	9.27203139533772	9.22159313300887	9.24497179628123	9.20627859652014	9.19004916115925	8.94114467536767	9.08182394881838	9.3722024755443	9.20379420638387
8.98884426923493	8.89216413450396	8.9570519151464	8.83234175855248	8.87377397455911	8.85780293726843	8.80743512000878	8.82713471917587	8.81284811772601	8.70603035271876	8.70381554702209	8.7163204807197	8.46333816264193	8.68040532740946	8.70029028207323
6.51942671964868	6.5645510623743	6.41503583383319	6.67901309906618	6.60931133827078	6.73530184145767	7.40329127971067	7.35334850645024	7.40766224090555	7.47969045699361	7.43864682416959	7.61493907770244	7.25278520443474	7.74366228725449	7.39196182731788
9.43677163586815	9.3927424104471	9.33381158772182	9.52660343756573	9.34587926017168	9.42609451112405	9.30734662067489	9.33010870521419	9.36372397342725	9.28005207103605	9.28517732190959	8.95813511588872	9.22218463434655	9.42362771096589	9.32080373802955
4.38492627329799	4.14334312838986	4.50263460679334	4.44751909392431	4.48434553053721	4.34522319031645	4.3034963687515	4.21006514515762	4.52485750106142	4.18694629501032	4.01238825885873	4.55457095650808	4.20473554697023	4.37602564877489	4.43031128303747
9.68892503909517	9.67309886525346	9.63593581518707	9.68020806330182	9.720743589362	9.76459659876291	9.69732175668784	9.67419560036921	9.72231721150143	9.77531661936239	9.70647143582451	9.76876184491594	9.32565018913454	9.70860923847906	9.75945082303065
4.48150282732061	4.48102208329745	4.4620758051066	4.66360406167363	4.39359872911371	4.19382195904015	4.2298675059396	4.51811776649317	3.88689948547667	4.28897574223869	4.26315021343536	4.31891656014419	4.53419647296657	4.13341603179423	4.25657447818551
4.70966367547862	4.73772728836062	4.6897437896249	4.86055439832121	4.58350927761048	4.98185169276872	4.96421919248806	5.01023337998602	4.98637345300524	4.83559610768298	5.03901289172331	4.85968850623902	4.99756891911965	4.66928603544167	4.6940905144568
5.32171240058771	5.22557934996658	5.37316455253228	5.36665567205787	5.39186058004316	5.39233602557741	5.22293916018069	5.09127722878078	5.1534090320544	5.25250834464901	5.22968922289653	5.71828875379488	4.83256779988423	5.21305242691458	5.29828762676016
10.1982436219399	10.1041346012421	10.244392596533	10.0617830170882	10.1537296793901	10.1853298292267	10.0640111922574	10.1378893032799	10.0187580521252	10.1687473580493	10.1021099328115	10.2086567283953	10.0701401947282	9.9752870329962	10.2157637929143
9.33364836293891	9.31708467517389	9.46580814236048	9.4075362370034	9.40488432715722	9.33607688089438	9.26448375967807	9.22727838065535	9.3043707712305	9.38627639632741	9.37098234825087	9.32775393514044	9.73311241927354	9.29514586141981	9.28733284423779
5.55835116605392	5.73484559417742	5.75235748780781	5.7250315075922	5.5122591881919	5.58840899762589	5.75516878646043	5.71981565117342	5.75893840670949	5.69261687610811	5.78346340459282	5.75709965565343	5.63493275689483	5.81622337208155	5.75516323184519
9.26236150585461	9.32291111029817	9.25128370270511	9.32015929624516	9.26491209400857	9.30426106654352	9.3131483259568	9.24660199373259	9.28229461787272	9.38707897601568	9.34047254988846	9.33879258936374	9.10361162526681	9.28638095086373	9.28317202101646
4.77372764492743	4.82104380874778	5.31403808608132	4.81915866099517	4.91286375990331	5.0910635962991	4.6478668334326	4.73551455674909	4.67604862968656	4.57742219062486	4.65134223882554	4.82817577738827	4.88774310868185	4.98336071859411	4.82681708155248
4.70966367547862	4.94223547224221	4.82355013823919	5.1697053354103	4.91286375990331	4.99212608450627	4.97065228415532	4.86691174399536	4.85825978947914	4.88391999273123	4.9065726339252	4.59107610478652	4.85120105301175	4.94666692046655	4.97816183782032
8.88361406155588	8.79194793096247	8.87866835940146	8.87270877626637	8.88866103901157	8.87419824156998	8.70193692102311	8.6825930057003	8.77037051367611	8.56987786667534	8.65584105143652	8.52123644564081	8.46239114810304	8.88944057398903	8.789611739355
5.06525706931067	5.29999196347271	5.26021200971551	5.20983367389945	5.13504989286452	5.27077608473233	5.11692699935879	4.90001642357445	5.05292395460096	4.91756002374999	4.89267792298669	5.65849595291491	5.00864606331556	5.21824685079006	4.87892732829582
8.65479318203124	8.78963261249446	8.68298913670324	8.81401367065598	8.68371784285594	8.72188907239546	8.57731376187316	8.60230249009899	8.67089394208429	8.59976817958816	8.63402822090667	8.27385274302372	8.86780974423916	8.73381888616443	8.57569889976917
6.90305983756032	7.12297781913341	6.90336346868879	7.25328037313515	6.99689358756974	7.02029079437265	7.1779998602178	7.05492249738892	7.17315252750654	6.87331868227861	7.06753127634983	5.3743269211925	6.84844993441168	7.20502094491794	6.98796470856932
5.04493342767426	5.10083329145804	5.35127836740001	5.02379201664173	5.15365881519252	5.11006805489028	4.93161073554066	4.61105260061566	4.82055816250079	4.77850965476948	5.076615303707	5.32644241735505	4.89374222243991	4.64687759673221	4.7618763040676
8.55409152187664	8.69540884668465	8.56752643108429	8.68156877190136	8.50594007099424	8.47544018764476	8.65532299022006	8.56812089943068	8.5726023012082	8.59976817958816	8.6063190354703	8.5885845655428	8.70220250715077	8.72539663847502	8.54243788122319
9.64470856402212	9.54113483055862	9.71877196925906	9.47300852742494	9.61265766819464	9.56209923776825	9.41939965267062	9.47910728003243	9.45875731752744	9.47183868325222	9.48729767827898	9.75564115075838	9.75652614902059	9.36456416134552	9.53779629765567
8.77339186833829	8.86999375390015	8.79045987611923	8.71356999933335	8.71902358938076	8.79854469616686	8.76150847712177	8.72973368787308	8.82052585082154	8.7782293939278	8.69504373637888	8.83215785611852	8.72675167577282	8.69393397827161	8.76401853334671
4.73565479766479	4.63562483399568	4.81286677934766	4.87071167328746	4.73917359746491	4.80674462073858	4.78587080262307	4.90001642357445	4.88041710834508	4.78575847914444	4.83580641834325	4.76348669276143	5.04674328627013	5.11641522506516	4.99726736572778
5.21769980744716	4.97345284537727	5.10296181166492	5.20190106109703	5.17203217521059	5.15651994186162	4.99609809220191	4.9795941360058	5.12275203586009	5.21981306687672	5.10726213120062	5.35054014281272	5.11486933645971	4.91540411289917	4.97816183782032
8.83366573198137	8.85684195206337	8.92381344967286	8.82892378201651	8.85657109395825	8.86066760889474	8.88523154918075	8.93583566202408	8.86668152477011	8.89500882665397	8.92953993507942	9.0760513092502	9.02042586963097	8.96712936300525	8.90704229224347
9.2780845964388	9.3577199746575	9.28710609227712	9.34625490643166	9.36479959649902	9.42366783658305	9.35607197503591	9.29264467715371	9.28264216638279	9.37013919716942	9.29750636302804	9.10438841328986	9.13772628697102	9.23119581940178	9.38509185566881
8.60427754777048	8.73644021246571	8.69008125347162	8.84480221372341	8.6214844156033	8.63846685892828	8.59457351370759	8.62833832027194	8.62176076063118	8.53804774908632	8.61684581046783	8.33176692202082	8.92008687805291	8.47978336582643	8.50254340392436
6.58323593005805	6.68024535188949	6.52892622062065	6.58328054520426	6.51110642975645	6.49411787128254	6.58654019399969	6.50097262466107	6.57718246726205	6.43686330821001	6.34353708807732	6.85341232294879	6.2562461765424	6.13822899563494	6.28249811734943
5.12445616929423	5.35511407605323	5.32156433965881	5.29420186417975	5.19017586220946	5.15651994186162	4.93161073554066	4.98731528126348	4.97954653589869	4.9108886756188	5.00046638817707	5.12140354845482	4.82000709104318	5.03680734464459	5.3966966455051
5.24446299289353	5.27564858056301	5.2912180513539	5.27924188524571	5.269127555621	5.19264156096732	5.32160741927909	5.16800187137737	5.07870839475578	5.28982261549506	5.14324866328075	5.27728084401937	5.17004464525733	5.46225080299083	5.42575906027634
8.65124687535144	8.65947384043197	8.51171234077387	8.85379402691498	8.69262511580799	8.60558694500515	8.69537042376173	8.65873181117698	8.71892364350336	8.6553755540326	8.6648390557796	8.64556105765849	8.80016607379178	8.72539663847502	8.69768574607934
9.67301319436598	9.61250112548048	9.67050385104268	9.43093639161682	9.54156149749711	9.530852279162	9.43459151991489	9.49332784843658	9.46183007944079	9.47791309463205	9.46046006164525	9.30547632569225	9.47558736473511	9.44491447694801	9.50204323307232
7.52656684834717	7.66631412761046	7.531922292599	7.65056189874652	7.57934516922466	7.50365005820144	7.50655954159665	7.49235303377393	7.49893761208552	7.45691201207583	7.51640293662214	7.61493907770244	8.00786556980676	7.35389930025166	7.47073344173206
5.5513303881863	5.37045155491529	5.24445249308706	5.42199194993774	5.49774430663336	5.54706534769276	5.53551526150949	5.60917770655815	5.51627949180846	5.52452172458156	5.779551669789	6.10595777200268	5.5474357508651	5.64941818936904	5.72579749103084
9.5296180670527	9.48059152804571	9.58283851847086	9.47657593354646	9.47200261140809	9.51177657407452	9.45900676088152	9.44676205556197	9.43456267157501	9.42042690145453	9.42878729126796	9.38498313512474	9.56964605000011	9.3959153851907	9.52918905224591
5.38685738213797	5.19981781925168	5.2912180513539	5.23336081964687	5.65649595495862	5.39233602557741	5.22293916018069	5.23437261131187	5.43873654989487	5.59998619232829	5.50587734220141	5.55431853320438	5.66984248976213	5.41280448153733	5.44008812658054
4.60039233367898	4.73772728836062	4.92620030834093	4.52771485503331	4.55586127862356	4.7473967731542	4.31371094571162	4.37231338826587	4.58904096888415	4.29882787401547	4.4694822693741	4.44050675918047	4.6240220880764	4.54580635852028	4.47086019071948
5.72915540156399	5.83523038894596	5.74121507376534	5.69199861368555	5.53376293053646	5.6932342357623	5.50936907134802	5.51089967468899	5.43374901375039	5.53358792687914	5.54743836319699	6.15302713112335	5.56611849615763	5.72579965779504	5.56340779470363
7.46307325101074	7.51477414222844	7.4414687047384	7.52701846198119	7.47485141263298	7.50365005820144	7.4569822701214	7.5164875116823	7.46385183209868	7.21702972234863	7.40640721274892	7.40742467161689	7.45081132701746	7.45376871428184	7.35723036588466
4.91612203417187	5.06292565126822	5.0853539121768	4.63987408569798	4.76356872733938	4.82982161924031	4.51286156464561	4.41876871178511	4.57099210539356	4.61006157511023	4.64315365898896	4.8906715842466	4.60944382244274	4.83766847518345	4.34587972156177
7.71942297598179	7.8792872175881	7.8051713515372	8.03774445710879	7.7651008280198	7.80495167782701	7.72404587619216	7.69859710688958	7.77053270065962	7.69696942403014	7.57710660655801	7.09160765665084	8.0453133167274	7.81979115125463	7.67713700477041
5.10500983810746	5.04355775772525	4.91626144064093	4.7098707547648	5.18113236840553	5.00232837465529	4.85713202038619	4.93237711443097	4.52485750106142	4.77850965476948	4.67564915936954	4.3603441405783	4.54190493085278	4.6393348258275	4.87892732829582
5.57228424512917	5.54855733219616	5.55635178651294	5.38069971750091	5.37608351101083	5.21915573742859	5.37575625319513	5.24728740766071	5.207002864745	5.11160977683335	5.35860589580234	5.44389931926294	5.33683329973247	5.38048853444984	5.15079244487644
5.53004653571006	5.3931303489674	5.27579928774183	5.28674220087113	5.16287456716783	5.26229897395054	5.29118076748662	5.29781856220712	5.25867840963563	5.00183423943054	5.01342304802181	4.66198676044529	4.92920939618132	4.83766847518345	4.97816183782032
5.21769980744716	5.09145744222012	5.17129688134958	5.40836506127933	5.2080955473467	5.23656696804666	5.64357901331104	5.63886927683484	5.77085503785623	5.96970577083088	5.77562994331455	6.22889996944717	6.3507265943998	5.9602829686292	6.29486192296335
8.64269757936638	8.73764573471626	8.53556275850329	8.76948056348013	8.56794383297145	8.65998081434916	8.58850568033387	8.54357134775646	8.58279451019823	8.5083580568831	8.56794102428882	8.29820514137632	8.83621129384154	8.49886661724027	8.49958351503144
4.18767004200452	4.16243233751936	4.14039107539858	4.1230933829278	4.54183724624095	4.48233397818013	3.95705940105359	4.34851135642629	4.24652524661103	4.18694629501032	4.35499284393434	4.59107610478652	4.3876929930306	3.91941390597433	4.02566409846498
7.78704641050428	7.87583082706481	7.76243491835917	7.82794893617631	7.74197538834674	7.81232774834225	7.90943015076773	7.8025473958893	7.81346233054535	7.80682232955911	7.83993454251178	7.74352529935541	7.618342530921	7.89957089980075	7.80139305035158
7.27623679586293	7.36587666219845	7.20568004917822	7.4776725476029	7.30878752687784	7.22579429235757	7.93049256494305	7.89949628464342	7.93508618012672	7.8537801471847	7.91679318933625	7.52148886894451	7.5691613411344	8.29922447132494	7.90629958315785
9.43438664107236	9.37571926232787	9.51385809011631	9.32295058550493	9.40439003937447	9.42609451112405	9.29813766541671	9.40295132184287	9.34254344744629	9.41885465409509	9.42805980720792	9.59044563949667	9.51491049647659	9.31252694780731	9.42795936650603
4.64241115951186	4.62229128311479	4.59301372804417	4.61572777318097	4.58350927761048	4.59422150824719	4.40248945520801	4.28722593127846	4.20031681432139	4.68114052874801	4.2096481074668	4.51732828081555	4.3962449345302	4.35796719589412	4.20991180418298
4.74846528884154	4.68765805776419	4.81286677934766	4.99635646674812	4.85724484572088	4.84122419047683	4.70313410262242	4.45265239605756	4.52485750106142	4.64994121151545	4.50582373119828	4.73027048335178	4.60944382244274	4.55382178556125	4.62319896999832
9.49164056010968	9.4124513192271	9.45963490341987	9.46261044987608	9.44341056291795	9.41928958886391	9.39888854848737	9.38453825983647	9.38005774804132	9.40661677211865	9.41527271894779	9.60954891663523	9.40540459586479	9.4199391327422	9.45162727190691
4.76115549194021	4.68765805776419	4.51590188147241	4.46121377916466	4.82282087510857	4.58069750021228	4.57350592468422	4.56016426136184	4.60686700120363	4.52717230293172	4.47864859558518	4.27653653858997	4.37908874575329	4.33969375638317	4.586496978519
8.48279930682365	8.51727804710073	8.42153550294546	8.67520581784421	8.43346883988692	8.41838301371044	8.48282924070019	8.4918296087415	8.54506601439627	8.42612086771603	8.44875883743077	8.0991335138617	8.31785028230957	8.56238262020629	8.30292447268099
8.16299883005968	8.24764976452061	8.21908337913548	8.29069990509996	8.29696088499493	8.23790464450373	8.26699078465211	8.26082030482007	8.25551259447262	8.2052474589238	8.27855488889997	8.4198982832995	8.54829010942221	8.15390318238689	8.2270838666842
9.01622560895849	8.92970163653049	8.98953335871972	8.80010563303176	8.90827587886415	8.85923597866584	8.83412638314526	8.868800039672	8.82387206385605	8.72682153354043	8.82863709605618	8.70082921521346	8.96287842660566	8.90360509274785	9.00411625311091
4.64241115951186	4.60882236392142	5.07646776665016	5.04178318147259	4.81116237017987	4.88596065497189	4.67181575656805	4.90817502976466	4.81289824916125	4.60196428436088	4.87865631795496	4.31891656014419	4.51865167342723	4.74170280382285	4.86864471169772
5.10500983810746	5.04355775772525	5.1289726555725	5.26411750764799	5.25195012366283	4.98185169276872	5.45101743486764	5.32243437770246	5.19526385473325	5.21429793415115	5.28472576341214	5.03822629345397	5.38830697010968	5.03680734464459	5.08940934584046
8.10148547069045	7.98645130199466	7.88698427258049	8.02859278644737	8.01719139833784	7.98290898857884	8.06029554413569	7.99891327783563	8.06027916694738	7.96152123569808	7.88233362950043	7.88806043418253	7.87267137211674	7.98655275427648	8.07758525933886
7.20152714525039	7.23603778689671	7.03343232710416	7.29040837247877	7.251105391225	7.26491289578551	7.67101920370887	7.57893589403019	7.5540501431751	7.56893520375587	7.52898788478851	7.28583447258062	7.32690127649266	7.82738993306231	7.57826966287553
7.76396654885979	7.81685768958735	7.707148083624	7.69156967985622	7.68653857714173	7.64237934423798	7.68350600824815	7.60167305284611	7.57120547700231	7.6074568354697	7.64250133757599	6.66388818749526	7.81833138948925	7.55320981643261	7.42395321162862
5.01386316965406	5.14674365612382	5.26802694293031	5.76259380614128	5.31120227143203	5.41547423885755	5.93569263840297	5.9738430884893	6.06347563353917	6.00370523109732	5.95341155317657	6.04126868737585	5.79196186474346	5.76624381476251	5.93614241056166
9.00369905379513	9.0149975727125	8.94526976021581	9.28498672783421	9.01618969354525	9.09109819405694	9.2600624388932	9.2442006755432	9.28715270077677	9.10466879518959	9.10892377552319	9.14150610510175	9.04818406255519	9.17198074410557	9.22556883040987
4.57163599988833	4.77407688122462	4.66616933978165	5.01470746543291	4.6763293204378	4.73523084123857	5.2283061246574	5.17477830807365	4.89500198263867	5.28982261549506	5.29012244763265	4.76348669276143	4.91748607796788	4.64687759673221	4.81618110769644
8.46579912417837	8.47903015000236	8.61528639186186	8.52437458357166	8.6607950146669	8.65751462142534	8.85613342109978	8.82659950633175	8.88647691913929	8.89172592136634	8.90057490608276	9.21651440758129	9.07264520783308	8.81110727997616	8.86550574429606
8.66818491470716	8.81544984732817	8.690788529332	8.8134369664736	8.65831738778928	8.73754695535832	8.74253326008742	8.69730793183161	8.69771620461626	8.65791524203913	8.62546105195838	8.04997194052602	8.68208792306176	8.68366309472434	8.57851685764235
8.7888745774282	8.82901632749407	8.9087210152564	9.01134834255071	9.01425051348389	8.92914465683808	9.08243081332099	9.07749535465622	9.06151271741247	9.09842818239911	9.08044441635561	9.43788345791338	9.01627839626132	9.10874544132772	9.10617289556163
8.31787193980274	8.37710340282865	8.2434805142953	8.45654823999104	8.20730811810494	8.30128771687616	8.20269744084212	8.10079641175558	8.19184379080723	8.11236632339742	8.14019899710187	8.43792727538376	8.41420869734517	8.02867808715494	8.14360959697073
6.53651287263211	6.52682310352091	6.68721970879531	6.76851758126915	6.78177705686009	6.88755081109285	7.44685641112131	7.33988356546865	7.4391482307427	7.67005033652809	7.46108043028942	7.56520909393615	7.64060504125488	7.26631569020748	7.56748545125853
4.74846528884154	4.72538601661757	4.87579853552462	4.81915866099517	4.72682053515752	4.72296224201736	4.61529564654036	4.54976717546784	4.6590614893058	4.61811786674346	4.55877225681833	4.79611497368675	4.54957138058562	4.54580635852028	4.53616642530948
5.38685738213797	5.17354612619808	5.03118708279462	5.1283717631969	5.19916335878879	5.12882728781167	4.99609809220191	4.94035491954862	4.9166067290298	5.1174919062618	5.17260625140061	4.82817577738827	4.80733322113911	4.6986639808246	4.97816183782032
5.06525706931067	5.22557934996658	5.1289726555725	5.27170047179534	4.99764558282198	4.88596065497189	5.03956329953176	5.11965233685346	5.18935836479079	5.21981306687672	5.23528250806231	4.62687237024638	5.24195757732891	5.18151123237859	5.15936602971122
9.39318420823714	9.37869554432868	9.42329341705238	9.29599885408956	9.33451128703184	9.37275544413858	9.30059921193085	9.3481088163497	9.28333701253584	9.42160506826014	9.42040034087016	9.56871513544831	9.50523870653663	9.39796016896157	9.43066720290018
10.1106884012438	10.0017740133721	10.1248511842228	10.0668968042997	10.1239241955435	10.0252343431773	9.93589863504014	9.95611868723621	9.95605380533229	9.99679159781851	9.99929436468323	10.0862471403099	10.0460684760527	9.89587738778625	10.1151499718328
4.46587841399379	4.77407688122462	4.33298275948489	4.76559919805867	4.72682053515752	4.67282553641802	4.72617925263936	4.49662497734016	4.61569816193307	4.83559610768298	4.73091212004187	4.76348669276143	4.60209764363773	4.44620705153234	4.43031128303747
4.52732066254244	4.62229128311479	4.79125694557808	4.74357785608412	4.59713826093825	4.51112344132017	4.59036916746045	4.5287450482378	4.7094348634079	4.77122765488138	4.66758953414311	4.59107610478652	4.65273308550427	4.74876006126777	4.41655538709065
4.43407702438951	4.18125076857967	4.54207182201056	4.44751909392431	4.54183724624095	4.60762086927384	4.42148876846957	4.36046155065765	4.38724005903305	4.25904794710101	4.43225971713158	4.69644476831683	4.45469565818205	4.52964883258651	4.65905064533306
5.19955863976136	5.14674365612382	5.01266446215069	5.31634128813379	5.15365881519252	5.06208282841768	5.24428678618272	5.06962283364134	5.11030462878855	5.18079955585434	4.84303163205339	5.0940926823129	4.99756891911965	5.17085180905218	5.05320820725549
8.57754377433706	8.57095184462996	8.45779375772775	8.80127001932043	8.66409195205272	8.69888133926774	8.73249209026955	8.84574293636983	8.7978553189339	8.58721624828335	8.78943441111383	8.64154919590758	8.36685434014014	8.9073603259122	8.61193807965092
5.73531257257899	5.65115352573518	5.66068116443817	6.13987893142286	5.98299639654879	5.99983758191988	6.78838189472319	6.77468529912852	6.83741409855414	6.93819323512679	6.80611156207969	6.31600828806839	6.30098094876754	6.73668115851914	6.57564076785785
7.95754942751648	7.96289386528417	8.01180631246176	7.88912809752974	7.97015475486305	7.94579943448111	7.93530922547542	7.96425943632254	7.92087804306383	7.89939175559544	7.85824913438671	8.27385274302372	7.91593880705125	8.04438738937785	7.97294645664
6.17682523178079	6.12372881952744	6.18057870506722	5.86949555917095	6.00373212148824	6.04519440929185	5.99007357128415	5.98544038720597	5.99399671866302	5.89944648923573	5.82964297828432	5.3020255074542	6.26756393705792	5.60572970673848	5.67762151958866
4.94949401860744	4.64882571052819	5.10296181166492	4.96836286757784	5.18113236840553	5.07180741571266	4.74885762073386	4.99499524688404	4.69283824070169	4.74917953028556	4.96758814939741	5.20098927775577	4.83256779988423	4.98336071859411	4.97816183782032
8.38177600516662	8.42065591877784	8.26841844979569	8.34201726261559	8.25063897943793	8.22466794869459	8.31567897969595	8.21325963226053	8.32461143820203	8.27050343625346	8.16938121027095	7.96500530062024	8.05862988716942	8.39902804884548	8.2597136801278
7.01957621477476	7.01049819872201	6.93761400729175	7.12961070201215	6.99689358756974	7.02535637573436	7.21434858539922	7.1676442877534	7.24474091019177	7.08285842971705	7.03156481667595	6.85341232294879	7.040583037364	7.08535381522318	6.87932164522308
5.30492340580131	5.3159762188227	5.36590641094791	5.53891827033129	5.60322479960452	5.46067436796505	5.81673812373634	5.71052535997778	5.83658562321533	6.22330115697475	6.13152772900561	5.9912172034523	6.22638665464286	5.93448486908619	5.98705253130944
4.88190510022444	4.9102658013011	4.87579853552462	5.24111466838733	5.1161992894703	5.19264156096732	5.23897978792897	5.20156959511305	5.09142997729824	5.24168439679648	5.2464083181963	5.59669855475861	4.98640386016162	5.09970053223699	5.07141463024385
8.37307908519265	8.42828490555922	8.31518400806254	8.6435949035365	8.45929479542697	8.54374998279542	8.63633990230052	8.58910589197848	8.60851902981281	8.63555430507616	8.66004668332065	8.60504404762914	8.36279287201594	8.8383190461378	8.50844625191184
4.98206178004978	4.92100818505858	4.93607039439865	4.78727373279663	5.02820410225484	5.00232837465529	4.84316203217559	4.83302805972291	4.72584288404635	4.76391217441634	4.73091212004187	4.31891656014419	4.53419647296657	4.56179557383241	4.73960932847348
8.86191248857722	8.73824808530343	8.84352869468851	8.70423486624988	8.75116668982257	8.75072483628489	8.73295004540254	8.78918097478037	8.70758278330198	8.64389652405609	8.70963570213409	8.78817684965313	8.85461040013004	8.6863726290384	8.73714813535373
5.6199490183907	5.36280497959448	5.47782433511704	5.7250315075922	5.52663035569206	5.56788413371269	5.37091778544253	5.44518530025128	5.42874418975109	5.44051378188268	5.47753152023346	5.63812613519272	5.31037251879318	5.51015386415213	5.4961133618534
9.21265837532864	9.23767685001537	9.19877881378277	9.20272557522732	9.19637832987564	9.1867943488942	9.12618047304942	9.15710208072086	9.11751988425512	9.11422219644047	9.13864268413309	9.06011819582838	8.87983064208827	9.12347715356843	8.99266892875854
4.28091368015744	4.45086903203693	4.72439055596849	4.81915866099517	4.65040941629236	4.32915871327312	4.44023808350529	4.37231338826587	4.74206654100107	4.64204484693013	4.39411228698451	4.04866042274063	4.70845482664295	4.79727270198217	4.49731430677199
9.68925455188486	9.61031832089401	9.5975167448707	9.51764174367111	9.63433775468424	9.6196795223629	9.51616247536637	9.57295627890534	9.56173467359138	9.69737154015742	9.59084399134892	9.80330055541404	9.63741062974289	9.50578951828994	9.67862158513485
4.93846133121578	4.96312845751015	4.92620030834093	5.13673838173513	5.23456696906807	4.99212608450627	5.16812750326782	5.05500351883016	5.1350930535361	5.15233521537838	5.22407548691684	5.3020255074542	5.38408870594649	5.51443545909102	5.35205331590717
7.51344541809159	7.61395662540009	7.40012604936706	7.80653667957371	7.42351685004121	7.57293500097845	7.65842200776242	7.49775131616182	7.62038296427446	7.43106178998901	7.46761664739789	7.35167896291559	7.270578833518	7.61101349031306	7.49926888030825
8.72987650826538	8.78963261249446	8.75710424583117	8.7641101943856	8.77042242539824	8.72267598466364	8.58799885927783	8.61599899763392	8.62066190952932	8.50975132684803	8.50553019334825	8.68520666623131	8.69258339244734	8.52615265496217	8.65897353040031
5.01386316965406	5.18236128916487	4.9748815441869	5.06833650370552	4.96642984080147	4.90782302755588	5.02109745945719	4.76277070436409	4.93789296630792	5.00183423943054	5.05792921001634	5.00964510470731	4.88774310868185	5.11641522506516	4.71701727607858
7.53470351771766	7.68376182763484	7.63932304108566	7.69936745998539	7.75126982390531	7.76749931355583	7.93931070910483	7.84656095688227	7.90020574697571	8.11950137660187	7.97787192378707	7.76948980952651	8.48913433548608	7.94235975523986	8.09178878762227
6.42323221416578	6.35330977682962	6.26438086791575	6.13584875427917	6.21862765169349	6.29529494136178	6.20253501846054	6.21946604333225	6.25385564379499	6.15749382223115	6.03181519424569	5.69857252577887	6.26530765743332	6.21054077332427	6.27835480000312
4.16822371081775	4.52500435906583	4.22381963726442	4.73243362911349	4.84586066140156	4.8969329363364	4.79315944963516	4.84157402035809	5.05941336003306	4.80730888801805	5.13134662631433	4.66198676044529	4.81368442851543	4.77666902631465	5.08940934584046
8.72517798011538	8.70099486397077	8.75033847534789	8.6796629725969	8.66409195205272	8.67143472014476	8.55725489680216	8.5859459386794	8.61349892074397	8.56113730610324	8.6273009024841	8.82853258504461	8.96354200682758	8.67877384723071	8.57757810838432
7.44238667315512	7.47167643132887	7.5461925569417	7.2114331259969	7.45225988948749	7.50728461104436	7.49241352546074	7.51781652898063	7.4711812401118	7.53332124888086	7.50243929686007	7.86372411048733	7.81982797478399	7.43553146065183	7.69882778074719
8.65337577581824	8.70037535560301	8.58590978003286	8.65399687661188	8.70548434552049	8.70526475404557	8.65047958860234	8.55654431964882	8.61515507494368	8.5428289501032	8.55771380858821	8.52979075216007	8.23459677020843	8.6612626322506	8.53376823331353
6.0220657361524	5.98250817414659	6.13887334336325	5.94106997935289	6.05431131778459	5.9792156704862	5.84828762031178	5.95430425221304	5.57635399192323	5.85575182037244	5.82584729012127	4.69644476831683	5.87780574961966	5.30396423783028	5.97195457638993
8.54950499021156	8.5668466000584	8.68298913670324	8.44830013596847	8.53682370546038	8.531240080579	8.58749185789052	8.51594163492312	8.54390719388611	8.58256677747836	8.56347499763692	8.46905985663518	8.90875143118639	8.57640586923537	8.47569836274304
8.23058774844268	8.25806874853249	8.21415346844312	8.35736804442012	8.28204102907479	8.19669824454757	8.3357873329251	8.19843122746989	8.25267865778632	8.09799950616418	8.06162277765065	7.8328448332482	8.01113337625727	8.57524214606337	8.14857360476971
5.83019339651689	5.62623866870705	5.68415859569404	5.86458894252632	5.76965526600564	5.76717323922913	5.75146286139617	5.85664038218008	5.68529631417481	5.81840000657221	5.69087135035956	5.88684311763533	5.83860005994619	6.10075415726437	5.80101927142529
8.723832537794	8.8034642979433	8.70556087180789	9.00584211603116	8.88300776580836	8.92504360932324	8.97338304736256	8.92837326767343	9.05867480215182	9.3005168444495	9.13556449734809	8.95813511588872	9.44647470332972	8.7894914375787	8.99123204090748
9.4549180988583	9.33256533093501	9.49507333714827	9.41500804966042	9.42792800481216	9.43479715328601	9.29320177865741	9.34959871833521	9.30915526410396	9.31065136405172	9.38114406867826	9.39301560860461	9.54748115149749	9.30892208285699	9.38564902150901
4.92733783879167	4.88851650854494	4.93607039439865	4.99635646674812	5.02820410225484	5.00232837465529	4.88466770591278	5.16119339467217	4.99993120781074	5.18079955585434	5.11331876658913	5.12140354845482	4.82630146415853	4.74876006126777	5.09832884087516
9.53738212361388	9.44501603448138	9.53004514040544	9.40528676031992	9.42695483946559	9.47801367997408	9.32981078989881	9.40867978346227	9.35052259892305	9.224600855473	9.28916525942432	9.30267259930089	9.00085784402119	9.52534731453384	9.39896117331305
8.76558348821499	8.77799501905146	8.82755739964357	8.80475727923795	8.78261337210838	8.8134024686102	8.78818496389821	8.70955331558637	8.7978553189339	8.79868477095132	8.83721452104616	8.89971709493355	9.09306253425997	8.74219517320114	8.7472792884242
7.5183808953972	7.6012475401205	7.36831309300093	7.72504552779163	7.43508245752931	7.50546847042096	7.80884505512071	7.6606067052345	7.70571889000689	7.68298151681361	7.70522415471684	7.49175516390712	7.41636563867588	8.00100545780438	7.55844084278658
5.55835116605392	5.61993615260013	5.88980363636188	5.64091340671633	5.5964263044587	5.7183007253442	5.81318911222791	5.7563887952328	5.55813431448732	5.7528175320002	5.79901143700573	6.21397316929271	5.80455067397891	5.89161557302096	5.71389336999016
4.14849348157296	4.04354593463178	4.22381963726442	4.30251094093064	3.8958226329371	3.85605299542399	3.80547505090003	4.01210827404353	4.02584220550368	3.60886350127893	3.74233363058222	3.89705862135461	3.6917592450221	4.28353075512901	3.45065905231058
8.36958458628333	8.38812630305761	8.2807257831619	8.40785134783521	8.33773242866831	8.31697093671023	8.2073399823881	8.15044114575044	8.14905316467026	8.15121898896207	8.17268127619481	8.32700962971103	8.38097784393832	8.07048707520209	8.24813899561937
6.16346601229559	6.09312864907644	6.03350445205883	6.26665761908969	6.06914765881582	5.99983758191988	6.1275945960931	6.07861584128733	6.16029156355035	5.7528175320002	5.92873252456745	6.10595777200268	6.44523269251212	6.20782163923792	6.00200460998767
5.77764478895245	5.74638198987476	5.77438451626334	5.60577180798286	5.72669089275945	5.91009967609822	5.90603990023436	5.90630013570715	5.90667323942978	5.7528175320002	5.70326997827594	5.86885809940093	5.94460089810776	5.70705765705597	5.95159207070601
8.84109155670842	8.82845381862601	8.73396846213743	8.70859914242233	8.68371784285594	8.65174384965226	8.64367104889905	8.65149566459031	8.60796464690019	8.56517737818061	8.62361899405298	8.3459655781984	8.72478770778054	8.59720341301686	8.6793302130665
9.37293514016474	9.37460143290172	9.32567979775513	9.41761363031095	9.29187193407784	9.36468424850197	9.28483350243235	9.24299851311869	9.29233971489831	9.18683316179074	9.18877412572543	9.06969457968602	8.85066226882625	9.38702304290782	9.20817371071405
4.77372764492743	4.83253026271289	4.99389811582697	4.7098707547648	5.04822477911833	5.12882728781167	4.77854468168274	4.85006956205311	4.82817765394595	4.77850965476948	4.94076903815227	5.44389931926294	5.16511717946875	4.68404529137182	4.72835452901511
4.24438451861399	4.78597541071579	4.36269678722609	4.75463257022515	4.78756061341071	4.64709353051414	4.51286156464561	4.5287450482378	4.28023627850675	4.23877870231432	4.18771409043447	4.55457095650808	4.3352599658896	4.71314475605725	4.34587972156177
4.74846528884154	4.98369750744613	5.17961306667988	4.80861221466731	5.00790340685859	4.90782302755588	4.75633757168448	4.83302805972291	4.73397749867862	4.8285713095248	5.13134662631433	5.00964510470731	4.94083582635985	4.3118691130761	4.85829331454429
5.21769980744716	5.05327704768201	4.94587264427745	5.33813020512913	5.269127555621	5.53301866469986	6.17247790934608	6.2645700929351	6.21075124052914	6.70286251281304	6.81212078728494	6.91590812980715	6.82437593440865	6.26393574970231	6.61618967553986
9.5410636750602	9.42829672865268	9.60461331918797	9.24805066474633	9.39844541921506	9.37023800562216	9.30397691014519	9.40115649406404	9.01291170804151	9.21076693291891	9.28317946205712	9.46377503166582	9.36034998345263	9.17788819510608	9.34615472809534
8.67448234795052	8.66266527123596	8.64260806842606	8.87326117623811	8.78942604930391	8.7706509942258	8.84770935054569	8.80611259194584	8.85224017237338	8.88018211596638	8.85845075282042	8.87157227729722	8.93133171725417	8.79202060406019	8.78633307689045
9.09672380836184	9.02958193151887	9.08490901039205	9.14002407326237	9.0886368183528	9.10628342068613	9.04908069795377	9.05984875031932	9.09315979700459	8.9832495245494	9.03130144153527	8.80662995415814	9.10481221424036	9.06622099962465	9.01689408069698
6.05640688283832	6.05271911463812	6.08716175477279	6.60354196597044	6.38217004967709	6.44596145606909	6.91356119544684	6.89626663545942	6.87840470437155	7.07601491723897	6.97867709358566	7.25200875754565	7.07401837822737	6.79717966068124	6.90720578888798
4.10814730038455	4.288878174794	3.85609815553987	4.60349387475152	4.34600508627322	4.40776274144395	4.16357986175647	4.24916230171822	4.37688954676585	4.38485499744	3.96204423781571	3.99949884940496	4.26216352245316	3.89504909614159	4.24117606154204
5.05513345118633	5.0725045892391	5.11168490762373	5.35957954073198	5.08745625002403	5.35293468773006	5.22293916018069	5.06962283364134	5.23593951011247	5.3365471076634	5.05792921001634	5.14831570155376	5.27429900269256	5.44445407272534	5.21808687772667
4.68316289110098	4.33958538431373	4.4620758051066	4.47477353920405	4.37790694320136	4.51112344132017	4.38323338670741	4.24916230171822	4.1032119775588	4.34719373155533	4.17662844602964	4.76348669276143	4.16510503771196	4.19523448510593	4.48414377532298
6.67516679812213	6.5583371065388	6.6929706107133	6.64039681206143	6.76359549061072	6.80167031196729	6.89372429896948	6.93859269578022	6.87103790125777	6.95308096197318	6.8041032490661	7.10089457678063	6.5036141007963	6.27178717751341	6.55148710756894
6.46325253719705	6.45810189688104	6.35084502172551	6.21047412387859	6.38613042337568	6.45347475640849	6.14740522638581	6.40929330920611	6.26232423275251	6.24368167237922	6.11272722780938	6.15302713112335	5.69377388171245	5.99818491384025	6.27003473638997
9.42400275009525	9.3886914847182	9.55263459709682	9.40303360099904	9.41473489811763	9.41245266483623	9.27797838261826	9.32443721249268	9.27811749747202	9.27919363335767	9.32848507998222	9.5368673709754	9.47558736473511	9.30132419660768	9.28851959897725
7.51179624558651	7.59127783134798	7.67291711863704	7.52554883609556	7.71847553245238	7.67831830729436	7.56594010786372	7.46367518415898	7.54713052795985	7.4863284065389	7.22505927621785	7.13758135467122	7.77885061042582	7.22057562311589	7.4879177675251
9.8107980404595	9.73047920522103	9.79282148371663	9.67374002079801	9.66357711010733	9.73196002996445	9.59781459061073	9.63717427251887	9.60657345957566	9.49112056924369	9.54938572457528	9.59284440333152	9.62854795712099	9.72245518109472	9.64883365831187
9.05365077288096	9.06911607311794	8.99239783396104	9.03069480489249	9.02969189379569	9.06273608274392	9.01305168192847	8.9788528229243	8.9845701950359	9.05848994717492	8.99748272956306	9.26583071711943	9.28559466998885	8.91250881639049	9.03306925472396
4.58609064783745	4.52500435906583	4.54207182201056	4.73243362911349	4.5276763918702	4.63405469531201	4.63167430254639	4.43015209233448	4.46747682687382	4.35669294901364	4.63492117234826	4.44050675918047	4.51865167342723	4.68404529137182	4.67081897660448
8.52321646811766	8.59866941991786	8.55124429903794	8.65981362187498	8.57058048412344	8.58756946566434	8.50825090075042	8.41697207425877	8.53051347961818	8.54078162295183	8.50353838107324	8.3459655781984	8.92691265585147	8.51044660665429	8.53473392950986
9.24873743180978	9.24386183625461	9.22575887745729	9.28375770154823	9.1745339214277	9.22515892890122	9.08886551891537	9.07073376699152	9.12877456240925	9.07809727106079	9.13908192175016	9.21357194925989	9.26700363048287	9.11776494307794	9.09142164942505
9.11145554764965	9.11614013012275	9.2617461965567	9.11198684549804	9.19123428647605	9.16896289616597	9.26668928619647	9.13997952296632	9.24497179628123	9.52164112240173	9.38039365073567	9.29705232132868	9.74286788596401	9.3211442380351	9.36940920718718
9.2727144038093	9.30102727975207	9.11147873824747	9.33129064701875	9.31886460953562	9.38527766091814	9.4813868504098	9.44502104441949	9.46121604997027	9.57136181648068	9.45510727848969	9.39568534078298	9.06680087651443	9.55760448915182	9.44735085300758
8.37307908519265	8.43587027296687	8.29852451210319	8.4736361808256	8.33360304875642	8.3148895900699	8.34483452131179	8.28830936151887	8.33469685949619	8.0970972582249	8.22374292056473	7.87593243157655	7.97073794722311	8.48843099878568	8.18167051681071
8.97494272000448	9.03440797229157	9.01792246766933	9.08857177731718	8.98021975940993	8.98603326439997	8.88069815382421	8.88431175311878	8.92126025343907	8.67996627679536	8.69855847674625	8.6654904382153	8.5624778380644	9.02899528143718	8.8252258825552
4.28091368015744	4.49584544584017	4.48924275494311	5.06833650370552	4.2967977956178	4.45296287055144	4.74885762073386	4.73551455674909	4.79745542518356	4.51006338326539	4.9808240510231	4.44050675918047	4.65982020399126	4.94046509065444	4.7618763040676
4.76115549194021	4.87750667651613	5.04035895841202	5.02379201664173	5.02820410225484	5.0522927551931	4.6478668334326	4.87525953630428	4.74206654100107	4.91756002374999	4.7231381536614	4.95111797483275	4.76205331101502	4.77666902631465	4.89928983397974
8.56321815217179	8.55721800412046	8.47681584317918	8.56504267819095	8.57058048412344	8.5858418120089	8.69490022828344	8.53048043813883	8.64085650834453	8.64517606911763	8.59759540359247	8.36938965126525	8.17603128177687	8.72645195016344	8.6793302130665
9.2923016553549	9.30142124475733	9.20864889984049	9.47800031091667	9.41571628832408	9.43335032578564	9.58905348115906	9.50072104626193	9.55426823944551	9.57493093910395	9.58592770447146	9.72911623634313	9.24246205266729	9.58226653192848	9.55186940111215
9.23773841525039	9.17331996770912	9.11725824115564	9.1217036095877	9.18089118289853	9.19818352096747	9.24319919611697	9.21996464525766	9.24675415705335	9.31527486649435	9.20862904233007	9.28858964504215	8.89174969208352	9.35793670757345	9.3375589194494
5.17188197222533	4.98369750744613	5.36590641094791	5.40150068539829	5.269127555621	5.24519500749507	5.33658052430973	5.41116820326363	5.41362478167309	5.40660747788224	5.32737725828363	5.48886373735284	5.55867514522489	5.51015386415213	5.44008812658054
8.6709873972048	8.75619259438855	8.83843731313439	8.62453858056321	8.72929257848901	8.68279909142297	8.62304803208426	8.57195916951447	8.59291527788399	8.61156883342001	8.51874331345045	8.99828442874981	9.01691726550227	8.37467890835811	8.64914224746596
8.66044798818984	8.62974675711392	8.61155380207572	8.61190879586542	8.58977095195988	8.52494452934946	8.5098582640162	8.58404663287686	8.52406360369113	8.5671935738442	8.51215096721268	8.41536334928563	8.60205933110189	8.58741745696177	8.44633646458526
4.76115549194021	4.53934695438261	4.28721770756789	4.56612584601871	4.76356872733938	4.71058922793059	4.93161073554066	4.90817502976466	5.06587372999702	4.83559610768298	5.15505914521024	4.51732828081555	4.82000709104318	4.65438348352427	4.94905386799089
7.19944951732361	7.27470842202505	7.07354745807995	7.26931517017231	7.14253322117358	7.1088757788127	7.20501351065635	7.2011339399696	7.28688077685105	6.98789083596212	6.96244887941667	6.96641676184138	6.70733941802972	6.92345987814066	7.00102409496823
9.20466550322211	9.24919893238664	9.32477339687097	9.26767967657895	9.26164300240134	9.29526887980445	9.29752161379275	9.2561674214805	9.31596286878496	9.32698351264271	9.36037274476953	9.22823749794402	9.57631382356753	9.24329699695728	9.32718052515643
4.55702508244719	4.35606605768465	4.4620758051066	4.28713307691336	4.40912268522187	4.22885547063306	4.14078053721828	4.28722593127846	4.11571327018122	4.06659853134677	4.32498494906749	3.78858911647589	4.16510503771196	4.14389355227384	4.25657447818551
8.88121991265659	8.81032643640848	8.80619765504192	8.6992301170582	8.67720532016346	8.69487742492215	8.56448804626273	8.63569147739299	8.58561295785901	8.4370915905512	8.5435392170346	8.40169122421507	8.56820097866845	8.64132073196248	8.60365019733649
5.63326436452296	5.75211278559125	5.83849516302092	5.8347761267888	5.89695781631579	5.63520265841719	5.86551790745118	5.74733222361536	5.82900612928477	5.82969790633634	5.67418254387289	5.81382566203642	5.69037993544774	5.78428104688096	5.48922012950083
7.94682793426616	8.04662367488326	7.8038550415746	8.20905286207863	8.15564871333421	8.16702741103802	8.26572022961115	8.30301511290624	8.26398118343013	8.15383380335217	8.13175832119812	7.94753171247567	7.8798562194216	8.14468423100889	8.04745891953049
4.82287839601894	4.60882236392142	4.74702947167309	4.90074132664502	4.55586127862356	5.01245956812827	4.94474379978872	4.8585152762376	5.0332788858697	5.23624468483732	5.14324866328075	5.57563032833438	5.38408870594649	5.37581592569588	5.16789237692433
8.86312731715359	8.92081001583419	8.92441383770245	8.93376782132547	8.83697096936162	8.92024438654494	8.79784254937252	8.8163924825585	8.8662179221724	8.82859813872887	8.86843598278451	8.76202818786638	9.00826795413958	8.75622732487389	8.77728077288218
5.37888392715089	5.37805431007968	5.63078024237169	5.73046072374949	5.43056890224612	5.54706534769276	5.50054596338074	5.56345989401049	5.48768667077365	5.42122731303723	5.50587734220141	5.44389931926294	5.61356338330538	5.44445407272534	5.55680851773317
5.22667988500588	5.52840488679978	5.26802694293031	5.61758565314761	5.60322479960452	5.66772796083938	5.75886509821931	5.7382183315429	5.80216011836214	6.12976799428684	5.81440359679536	5.93976875505971	6.3271545417821	5.830209353038	5.78968201848876
9.24324911279449	9.17462084424295	9.39897131995536	9.06234657778082	9.24684028538939	9.22125605305399	9.02167740371075	9.04013824807212	9.06596105955561	9.05602195505876	9.04630350365904	9.06650797604556	9.44482644298371	8.9662272467346	9.13329419338969
4.81075726813193	4.71292886269378	4.67800527279875	4.61572777318097	4.45472254195211	4.72296224201736	4.65589461457591	4.49662497734016	4.74206654100107	4.54409920936271	4.83580641834325	4.44050675918047	4.51081438271485	4.89633615600941	4.84787221048764
8.42528012837425	8.3920409625679	8.55591533512335	8.30579663245788	8.52055543485986	8.55173558933642	8.42888408395181	8.39112908500835	8.40147068338423	8.59779286685987	8.4895228711512	8.55100444709864	8.6719217417744	8.27535009850164	8.49364669916556
9.36834742901592	9.41281355189705	9.39509278736745	9.38335014268356	9.3515300323629	9.37727587736069	9.28109843506698	9.20110345691114	9.26093438669531	9.52421961570546	9.38264380513937	9.30267259930089	9.67191240336103	9.27387768889913	9.28911263523835
8.65974242999046	8.50369298322552	8.88176413171144	8.54766047554777	8.78867066231832	8.71873715705797	8.55777276974408	8.66173617308577	8.55660335327381	8.50766096412352	8.53900153775112	8.80295408106187	8.8752465371229	8.53095313046315	8.74390960150889
8.81177106915078	8.76978753373358	8.8409852758366	8.69168870360783	8.72771745510053	8.70765132702468	8.68546358860204	8.72457139942669	8.72507222743545	8.57322687695885	8.70148129331517	8.62135786867226	8.73262718220183	8.74428212225185	8.71410758908395
5.44900611094328	5.70555793359415	5.55635178651294	5.84478565826169	5.79958366775548	5.86024952226485	6.12474188766478	6.08940233472326	6.22814771938053	6.17269082599451	5.89277408758747	6.13747050085344	5.964315996167	5.60572970673848	5.91004519674884
7.85912584530683	7.88846047553879	8.00152513402818	7.6519039802874	7.93792824565649	7.84865698450414	7.83487977540636	7.78940671026038	7.76258830494735	7.84428722689167	7.64133686646976	7.95919915488515	8.07494431673235	7.32130888721971	7.65684126331723
4.96043737151777	4.89943572364496	4.96527732107024	4.76559919805867	4.83438648259668	4.81832890816558	4.75633757168448	4.80708158945197	4.7660652698321	4.84259002750784	4.89964099650838	5.25219950817982	5.33683329973247	4.90271849697333	4.47086019071948
8.78630641190441	8.73221223710582	8.74966012967839	8.74120139940912	8.70868143064577	8.710033988656	8.66399984142662	8.67130822422253	8.70187877406683	8.57790368040492	8.59007835024157	8.46464440602849	8.78932010453289	8.39117327286291	8.68196579946184
8.68975365959011	8.67282656280939	8.63821292860502	8.72099278322841	8.63162282278381	8.68118103852366	8.72928227662324	8.64422297165378	8.65541686982856	8.71707128197488	8.68504138777853	8.70859112035218	9.08608695221504	8.70199430201148	8.68809810113518
4.78618392388875	4.73772728836062	4.80210279056984	4.85032160388876	4.84586066140156	4.8969329363364	4.74133819756384	4.72631331048688	4.75810993137068	4.90418923751791	4.51477626431843	4.85968850623902	4.63125495770779	4.39387411488555	4.48414377532298
5.9714419639884	5.92855083525409	5.79607651986317	5.78360649690827	5.94598042905761	5.8826164308178	6.25561107542191	6.1524776794807	6.07633888367509	6.51192978531798	6.38105199300334	6.69878102252932	6.59583518852724	6.24013758632541	6.58927546490854
9.71438877365444	9.57777763825188	9.59301643587278	9.49392379564824	9.57315042249889	9.6302528080941	9.54649235006053	9.5546694255913	9.45875731752744	9.52752869322041	9.4876476965365	9.81821010893306	9.10090654796725	9.55699050882751	9.60643297572371
5.25326756279662	5.2591679071921	5.29886537124812	5.53891827033129	5.27764063609543	5.48275814013524	5.94219916744348	5.95430425221304	6.03080703913587	5.90661368242793	6.09688234951665	5.97422676293124	5.86285566158542	5.92142137925413	6.07467186101438
13.2061463845706	13.0652915637999	13.4903212527084	13.2103830714429	13.452091740668	13.4339990339165	13.3591349889341	13.4269651576755	13.4132894745205	13.8088565607891	13.6528215611119	14.6472229650639	13.3848842577488	13.5813559468409	13.7101597426214
12.7557250207981	12.663450251993	12.9697519809573	12.7190304375758	12.9784245241	12.9556328989894	12.8717513350314	12.9838804517327	12.9182558841578	13.2432346957067	13.1407199929157	13.9296541499784	12.6264166291784	13.032920865682	13.2187140831123
5.03465583669869	4.53934695438261	4.83415406621854	4.55344092202038	5.02820410225484	5.04243630808397	4.80041100413553	4.64074417089236	4.5059828495711	4.79297442891948	4.65134223882554	4.73027048335178	4.59471290203768	4.40272111799579	4.75078286513327
5.04493342767426	5.15573811190058	5.12035497531597	5.16153733214208	4.96642984080147	5.12882728781167	5.20671590276623	5.14747909919639	5.207002864745	5.40660747788224	5.36887586773961	5.69857252577887	5.35420129865686	5.58136489690575	5.31384080395223
8.8685805728383	8.86069138067832	8.76450970933038	8.80649760129634	8.79470277930154	8.82664586324467	8.77757422382924	8.83140927560759	8.77876955694126	8.77705253426005	8.78169403781675	8.96488768661471	8.66578658139911	8.91996683672496	8.80265736438283
4.20684052938989	4.40431418003982	3.85609815553987	4.61572777318097	4.10059484089521	4.48233397818013	4.47701244407759	4.36046155065765	4.32399387801904	4.18694629501032	3.90999331823117	3.2015356664246	4.46285098562648	4.55382178556125	4.44394598008817
3.46472313565744	3.42000286143537	2.98811416072239	3.46573242523243	3.13221109889115	3.53164235286553	3.44320986516397	2.936126902546	3.27940780316794	2.79608159846105	2.97272741937816	1.92375367181018	2.79861881196438	3.21002035524526	3.2876106932348
8.4502315453813	8.5215393263921	8.63233159349446	8.58289026858906	8.44308766938975	8.45666884384281	8.57065879881816	8.59728946452946	8.6184616953464	8.48942851730858	8.50486654298996	8.70859112035218	8.8420095093423	8.65298496996241	8.69855441189188
6.41953454646871	6.28238750247285	6.24093559897411	5.93641243003111	6.27521409428727	6.10354954916954	6.27886516622175	6.34775842712557	6.05700077839228	5.94197323089634	6.09049832751228	4.85968850623902	5.92747950976238	6.14107413229815	5.93095805695447
6.90305983756032	7.07322159482496	6.66982654514427	7.01092552577396	6.70447039225822	6.62637449643972	7.0103380230042	6.78356045906022	6.91109795642381	6.59525323060976	6.73210422018778	6.77771753550134	6.59761932325513	6.88892634529921	6.56877810426359
8.1852378714231	8.25286948461306	7.99462960854172	8.38441767427481	8.06025754704272	8.19330542998563	8.36097609915285	8.27894353897012	8.37043199004213	8.12483174741051	8.22374292056473	8.2342071344509	8.16437112348323	8.19173039958302	8.08405757368518
4.22574288926715	4.52500435906583	4.19103148650595	4.65179021650888	4.11956865434509	4.48233397818013	4.5216846726129	4.29969345626464	4.6244756374632	4.53565826543744	4.44165029735313	4.76348669276143	4.67388822166934	4.83100924222088	4.78382742536848
9.26687251371491	9.29391583073548	9.3270383199184	9.27759605339168	9.26600015707304	9.25491974846897	9.17971317104738	9.14642436502622	9.22232348242754	9.20717727725472	9.2199200062371	9.17789116284582	9.39128056817603	9.11449125313463	9.14765347747479
8.91786089554203	8.96315986543472	8.84606758586762	8.80881461280505	8.86448106481505	8.93663332906446	8.73752151991716	8.71534805234198	8.76042632644919	8.68434004722588	8.63890236811125	9.07922147296693	8.39595445853427	8.90970268984965	8.82362471520655
4.78618392388875	4.62229128311479	4.54207182201056	4.66360406167363	4.43968120465472	4.68552273834869	4.40248945520801	4.50741147077609	4.38724005903305	4.44869048919315	4.24197256622964	4.55457095650808	4.51865167342723	4.428960231991	4.33134883447727
5.11476797941836	4.84391811929062	5.00331215491268	4.94937905610379	5.0180892455722	4.97150417307259	4.77854468168274	4.69835145830468	4.69283824070169	4.86338920209069	4.77674701866626	5.00964510470731	4.64561008272009	5.03680734464459	4.77289078547216
9.00752378927744	9.07239702869162	9.10567571963483	9.0444187527652	9.10756274700324	9.06832890153268	9.13656628713277	9.03041324151556	9.11283699276171	9.33280568295921	9.21574784312633	9.26869099658692	9.34551108434092	9.169611383012	9.05805231379199
7.71800705474152	7.74626652033299	7.83769035589166	7.71354964601309	7.82649266922065	7.74455585400799	7.93771146383704	7.86859402275968	7.94828051755295	8.19764052396476	7.98812942071871	8.04442772658167	8.3799737111017	7.97196267325777	7.94069051190037
5.63987316351216	5.67560909647171	5.61253408635077	5.61758565314761	5.51946255811302	5.43824995865548	5.4961138373066	5.51089967468899	5.37771802210466	5.25789283100009	5.11935160374188	5.55431853320438	4.99756891911965	5.15472258053266	4.99726736572778
9.12802621450089	9.14082112029715	9.12770679882673	9.0414894054136	9.18146773744834	9.20553892289558	9.41003536452819	9.34773609986243	9.36602185545074	9.43021840434421	9.35580323222996	9.83089444622745	8.99340849519504	9.40170187911219	9.49945755476918
9.0771738387639	9.01890243835848	9.03135109643057	8.8902765235076	8.99864309364206	8.98865630594142	8.87117237213922	8.86619843076103	8.81188552417159	8.88458963733954	8.79438983794375	8.84658806480781	8.56203663058254	8.95217621859982	8.90476372284373
7.52002205734777	7.46540371446378	7.38960037987181	7.50927852342853	7.6356043665205	7.60552938947017	7.89631219958051	7.92974929107273	7.92533312305042	8.11950137660187	8.0330072943916	8.3506742646588	7.53569706208026	7.75363601169176	7.96599126244064
5.34651120094955	5.15573811190058	5.2912180513539	4.78727373279663	5.19916335878879	5.11006805489028	5.26531930654661	4.8585152762376	4.96579509597432	5.08786136285508	4.91347311781031	5.27728084401937	4.95236695685881	4.98939196718038	5.21808687772667
9.61996651466073	9.60625498802253	9.64574305797412	9.64188403544183	9.67346795628562	9.6179806377057	9.48301069945622	9.56496430511896	9.58136425957287	9.5526722096101	9.54568323327542	9.59763258718443	9.66286161054408	9.44887308853048	9.59965617619785
5.8752474585055	5.75211278559125	5.83326131588772	6.03973990389786	5.89140723188417	5.92094913227109	6.45011044045527	6.45725040025145	6.42455043297208	6.74774580872984	6.68505623296635	6.99607074840929	6.35920125885006	6.54815722892234	6.50918302172277
5.30492340580131	5.18236128916487	5.24445249308706	5.27170047179534	4.91286375990331	5.15651994186162	5.42325823131957	5.11261080624249	5.25867840963563	5.04542913627949	5.15505914521024	5.25219950817982	5.17495491217746	5.23372547732123	5.04402403724632
8.41601461143387	8.57299971302544	8.29666138741861	8.67073418170927	8.52599847646358	8.48936133180541	8.66640073059448	8.6502860969925	8.66717325828535	8.49927194188725	8.43700949521376	8.41536334928563	8.39097994824349	8.42941130539301	8.41640667871316
5.6199490183907	5.77479157964337	5.89984749296423	5.9777736081157	5.68241585910406	5.56097761060512	5.80248873115043	5.71052535997778	5.82520140961778	5.59998619232829	5.96039045191979	5.86885809940093	5.72063465084504	6.21596463335067	5.74348371901467
5.82445454840245	5.79708919939449	5.80680004213577	6.2142918919608	6.20524989745506	6.43840912542297	7.28311126770784	7.26269519887759	7.20573399825502	7.29062037321752	7.33129334483914	7.37577668837326	7.32690127649266	7.1500403924331	7.58184776413295
8.90791261771389	8.83798418349449	9.01960797711494	8.66560588695934	8.86304609083752	8.85851963453705	8.66014998461929	8.77037899307785	8.73373814390878	8.691810080657	8.68149553151432	8.56361646719503	8.89209872819607	8.68040532740946	8.73714813535373
8.55409152187664	8.59532006912237	8.46774997088735	8.62453858056321	8.63330569376658	8.54196943097461	8.64756562565632	8.61041161780004	8.66130702932622	8.58721624828335	8.70847343479624	8.67340225184903	8.89662833472903	8.71054558201314	8.63653869120252
9.10385573362047	9.07380067242556	8.94645236537746	9.0098488277725	9.12744216543754	9.13322342032795	9.14619188869402	9.1677012021827	9.12645319490256	9.17312445379925	9.00851986627565	9.21062478676651	8.55894429763362	8.96487307744489	9.16830470108948
9.61405794310402	9.665935686661	9.5018964174571	9.64598534704864	9.61607995344654	9.56474655937374	9.6386490690048	9.56303961317656	9.59738111075455	9.66097682622079	9.61519202903173	9.36610345550566	9.28321811186392	9.66458925050392	9.5533696708413
9.00588594213672	8.91713136819376	9.11358308646137	8.9129990480622	8.9446935199255	9.00105152898283	8.88605425554542	8.87035875186517	8.90374745257388	8.98686510779256	8.95301906149335	9.06011819582838	9.23919361353346	8.9439581400082	8.91083246828555
5.90266212465872	5.98730628840168	5.85408244104724	6.14389734160924	6.14113643153078	6.13653878522528	6.2266641866641	6.37738889932047	6.19903604215825	6.28367587633909	6.10640888523008	6.55506283863379	6.20769149520081	6.2132550990366	6.22774991709723
8.72652208435368	8.78731324626483	8.68156647150474	8.79192722901909	8.72929257848901	8.71794810934255	8.64756562565632	8.72111956363747	8.67989017229678	8.52361733354127	8.58441630911062	8.58444662946874	8.34488477365196	8.65187790118717	8.56248015346481
8.36958458628333	8.40603885832245	8.41982642935182	8.35576021186446	8.42281397945534	8.41352560732086	8.38922837303492	8.35667616307569	8.41737622292026	8.43198133179364	8.40900406614238	8.77701566673736	8.79232045767101	8.18123240503973	8.43092782645424
7.8004409373906	7.90661887220924	7.92256498284946	8.02552865640002	7.98337411818732	8.04440130726057	8.33215231211701	8.38677646666001	8.37108548191938	8.51947020469928	8.5298857471392	8.96825471905206	8.2918910775793	8.42941130539301	8.45956763058922
8.86797574100891	8.75975255308668	8.97570322132171	8.80127001932043	9.05380967223538	9.0445670072154	8.99716435246027	9.02529285740828	8.98499731832792	9.18865209791142	9.07541720368447	9.34702841727071	9.14911027102005	8.86602035045509	9.01406366727986
4.43407702438951	4.67483982137626	4.36269678722609	4.54063799703503	4.36204365896541	4.71058922793059	4.44023808350529	4.19679325267786	4.38724005903305	4.4307116063944	4.43225971713158	3.99949884940496	4.48703708354571	4.30248100558181	4.48414377532298
7.44931744065299	7.61395662540009	7.56500014917671	7.64652778395464	7.57062756908525	7.51993446420269	7.72868582618597	7.77947189794027	7.79020453461713	7.6676878799719	7.63900527136718	7.64965667154173	7.37593785535581	7.83589383730847	7.60490591605582
6.35507508190003	6.36776961638186	6.60722369189136	6.55678402503399	6.59910161697192	6.66899235065879	6.62122159892937	6.68041446045014	6.59963844520536	6.40058225944717	6.643230354015	6.3017730841505	6.72536493020844	6.58265195677357	6.6910584211194
5.52287677512717	5.33959720740719	5.58783698882885	5.85966477086525	5.81724890884613	5.66772796083938	6.66488574296276	6.63944126550802	6.79522572404426	7.09476420348001	6.80611156207969	7.04445803412548	7.08414832330732	6.59327449598733	6.90166900979956
6.35507508190003	6.19523110344138	6.2721110859903	6.9586545153329	6.89749377055043	6.87358509005763	7.82365641778203	7.92775207835239	7.88198606953979	8.2696939148937	8.25061034456118	8.38330254558411	8.29562899221367	8.0060740946292	8.25509418981872
5.89722349880748	5.71735069697967	5.66068116443817	6.29929878166117	6.16436054394759	6.07466475041977	6.77215863730873	6.80986238006087	6.9057002294717	6.96783067777836	6.81212078728494	7.01557833517706	6.75596603470566	6.52176774012512	6.77456171043091
9.14980905044236	9.11069362033647	9.06001983544289	9.09140270977456	9.10331066929388	9.00364763749406	8.94998469921743	8.97306197005098	8.95260721453788	8.99355804261772	8.8995485991729	8.83577601183736	9.11497606242714	9.0530599524613	8.94156665949646
9.44311112189934	9.33487192753826	9.58056686137808	9.28580546938787	9.45920584162246	9.46296267134402	9.32135242994413	9.30805402848392	9.2975081619328	9.41846134938458	9.41233494224668	9.34428722755079	9.73732895934797	9.26758765636898	9.35980947643111
5.92953173135797	5.96800882605058	5.82273564639247	6.2407237923451	5.93522870537665	5.98439863633207	6.57201058276659	6.44890260794252	6.54514555253666	6.4648005880705	6.63203150728277	6.19892451636053	6.89106093216699	6.70944430818325	6.62616303833699
8.80924608625806	8.76507464371362	8.87804839775587	8.78899455262473	8.86017187987845	8.84339429227193	8.70614231724043	8.70198512681828	8.69719503865566	8.72438956639019	8.67734832252551	8.76202818786638	9.00537299246873	8.70734443217649	8.71925743777795
5.39478407172425	5.3931303489674	5.0853539121768	5.29420186417975	5.45330789565439	5.29591481563105	5.8825423319915	5.94641387553661	5.79439724870544	5.96626552257544	5.67418254387289	6.31600828806839	5.55119220181373	5.73693598807312	5.75516323184519
8.93696568619764	8.98783591563438	8.93577345052035	8.97797562086743	8.87163473163681	8.90783028510078	9.02652981337506	8.94769563413577	8.96867714738522	9.00022294186767	8.9579686308346	8.86090619307501	8.88053456506737	9.02812881187404	8.9055236188101
5.19039591517214	4.86640471093088	5.17961306667988	4.95890369280971	5.28610407733454	5.12882728781167	5.06381796827165	4.99499524688404	4.97954653589869	5.01441228278424	5.01342304802181	4.85968850623902	4.76205331101502	5.03680734464459	5.11601506885899
8.69113344194601	8.70347000861678	8.70835738592588	8.69609288180164	8.69665587668782	8.68037133625824	8.61461501685998	8.54552475995816	8.52465114806471	8.4458140291969	8.49354037474305	8.64556105765849	8.18008961152757	8.55591222982657	8.52115903453064
4.78618392388875	5.03376673804256	5.04947222739534	5.00556255131488	4.83438648259668	5.04243630808397	4.80762584174697	4.7895205164358	4.78967163124867	4.84259002750784	4.86450547971917	5.27728084401937	4.71526738254417	5.09408827446606	4.73960932847348
5.61324182497095	6.25135270377494	5.86950120465932	5.89376963656153	5.76965526600564	5.82604040557919	5.9647408616886	5.7832216860553	5.89583045797748	5.70077645398136	5.47753152023346	4.66198676044529	5.63493275689483	6.10948375874833	5.48229605484268
7.80443354502172	7.8654072952174	7.8038550415746	7.81966148612217	7.87408631206114	7.84146340040641	8.03959047472699	7.8198838297031	7.92977449929347	7.95166299971139	7.93518089509867	7.90610413204155	7.70697537015818	7.98313224970706	7.78424142979505
5.41828895461032	5.29192703197706	5.46430554439055	5.38069971750091	5.29451845487057	5.36090084673	5.19579686555082	5.09127722878078	5.33555764651426	4.98277875181483	4.65948737771597	4.8906715842466	5.11486933645971	5.11641522506516	5.336881350222
9.38825323274508	9.3927424104471	9.45011706740218	9.33958047409861	9.33139541593895	9.33142630524941	9.27297204498175	9.34587106898324	9.25457051130858	9.27919363335767	9.34585571871881	9.41426598509538	9.37379551277597	9.3718561028044	9.30151418613064
8.87822125001035	8.87923135479876	8.89836616744971	8.84592940830822	8.76044132879142	8.85565072313745	8.64171976152255	8.70897255730443	8.62614782144073	8.60042607258834	8.70206518953061	8.81395978388249	8.89384261095859	8.57291204953951	8.74559536213791
4.69647823723324	4.95272309322494	4.48924275494311	4.63987408569798	5.02820410225484	4.52530716728625	4.67181575656805	4.48575707563666	4.47720003047323	4.72682158585159	4.57602361898776	4.59107610478652	4.65273308550427	4.83100924222088	4.83738045433866
9.1048715147282	9.16636033393647	9.00606779557572	9.20142081496738	9.06384584746739	9.11411749764872	9.0081530770796	9.06257772802907	9.03700479757963	8.95875833613663	8.99796425852419	8.77701566673736	8.58609986769864	8.90078262650911	8.83001946853905
7.72507187323482	7.83125215787419	7.58509899958851	8.16726086732666	7.84976332493675	7.91596252124784	7.97794181192181	7.97493686410849	8.04070069371359	7.90143426447448	7.95525118193905	7.77592419562954	8.17021328322648	7.9822759312523	7.98401015419749
4.98206178004978	4.89943572364496	5.02195584187333	4.93012972818035	5.05813250400467	5.21037129753035	4.85016414643305	5.06233172874539	5.1350930535361	4.94396916443238	5.06418321084266	5.3020255074542	5.16511717946875	5.00138383122391	4.98774408580066
9.31248016982873	9.31747390127187	9.3238664195792	9.34977536894518	9.26109743725301	9.26524792322806	9.20590803632039	9.19821149467568	9.21141242084727	9.27919363335767	9.307771053377	9.05691498086608	9.46238666987809	9.17434645347239	9.24704131906719
9.80627344065194	9.78821236471693	9.83971342966076	9.67836315081226	9.74009425739286	9.72487013055975	9.62940416025767	9.6514332190295	9.6181888050497	9.64809049416086	9.64106133815565	9.60240836640207	9.76612114338958	9.57894052674773	9.75023540087619
4.65613205604483	4.60882236392142	4.80210279056984	4.93978804508755	4.75142241327819	4.7473967731542	4.5304534841874	4.61105260061566	4.51545101646965	4.45760431753901	4.52367689840432	4.85968850623902	4.56478006973168	4.61648153831321	4.53616642530948
4.64241115951186	4.855209056765	5.05852763396337	4.61572777318097	4.75142241327819	4.8637644928376	4.58196249184331	4.51811776649317	4.64187211631458	4.48405003766156	4.47864859558518	4.73027048335178	4.77513982440129	4.84429894247121	4.78382742536848
4.48150282732061	4.77407688122462	4.67800527279875	4.69844907501405	4.76356872733938	4.94001224759156	5.31153721917547	5.20156959511305	5.30856825738009	5.39185206272344	5.23528250806231	5.73779634056264	5.7173049687122	5.41736600284486	5.56997904918218
8.50672022686868	8.58183746176748	8.42153550294546	8.46474720798194	8.52237205094185	8.56319346309611	8.50126463143132	8.38967967357191	8.4337341962362	8.41876480191698	8.51281147704433	8.15226254398744	7.97944460228291	8.43069096431693	8.34932065312261
7.36554594302686	7.4042853539477	7.27029688928088	7.33164904634398	7.48786922240336	7.610609722118	7.94409770369889	7.94167474341802	7.90201513352596	8.02886985881864	7.91776647309625	8.48661665359725	7.50890025103203	7.76650571641386	7.8305780681692
7.45964740202751	7.41901726881535	7.39136006145622	7.66923298272342	7.51719296842271	7.6089182496992	8.04479501570118	8.0373903768737	8.03576431188614	8.12571840900954	8.14607998134278	7.75005079199928	8.22789775733831	8.1623055217028	8.1937512034878
7.30730705388313	7.28735213926023	7.46169913958373	7.26931517017231	7.41575492747964	7.48718118049348	7.50764190198597	7.49909773060356	7.57574601620993	7.50345857993192	7.50243929686007	7.5937902826828	7.64569289506246	7.33834223339516	7.43184878030911
4.43407702438951	4.73772728836062	4.61781820965252	4.95890369280971	4.48434553053721	4.68552273834869	4.7337788833681	4.71705289181643	4.84329706202395	4.69651373238216	4.64315365898896	4.73027048335178	4.47095930804076	4.77666902631465	4.86864471169772
7.96936328508574	7.90774556199708	7.9631804069261	7.80533728558833	7.84687481441126	7.8211299167844	7.72683165886642	7.72068862831433	7.77941820733552	7.57144881280673	7.44262958925631	7.16462511224975	7.5895692493346	7.64979325710274	7.66194020731873
5.45657754083107	5.45892947726097	5.41595441426142	5.08575831242388	5.24328456920749	5.26229897395054	5.31153721917547	5.32852314001102	5.09774898203644	5.20320998545922	5.14324866328075	5.06637111109031	5.18958370997027	5.22342375549611	4.90937148595132
4.9048123723556	4.82104380874778	4.9556079840794	4.55344092202038	4.68911773849532	4.52530716728625	4.75633757168448	4.6698358702416	4.56188235733219	4.74917953028556	4.83580641834325	4.85968850623902	4.91158757857435	4.95899590876138	4.68249848943501
4.48150282732061	4.42001468452883	4.56777020633901	4.44751909392431	4.72682053515752	4.51112344132017	4.35385239973328	4.21006514515762	4.18852988945197	4.5186408390691	4.53252623172071	3.61288958963219	4.22413985522496	4.2052997722568	4.41655538709065
4.64241115951186	4.84391811929062	4.82355013823919	4.7098707547648	4.71436143668395	4.27987194653456	4.36371352825205	4.36046155065765	4.59798149452773	4.38485499744	4.50582373119828	3.8436215538404	4.85735769322923	4.98939196718038	4.54890335403657
9.10892702174799	9.08172672357865	9.1151593125307	9.14002407326237	9.10026582643188	9.13796092474003	9.06621576104379	9.04290480058598	9.03287939397851	9.12844560043783	9.10398910191667	9.03757791810261	9.17731608990992	9.16168699375252	9.12540533295294
5.09518072787276	5.18236128916487	4.89617347837384	4.85032160388876	4.71436143668395	5.0910635962991	4.5304534841874	4.6698358702416	4.7660652698321	4.74917953028556	4.64315365898896	4.73027048335178	4.57232319796153	4.59328284801182	4.31668021181309
5.21769980744716	5.16467199849226	5.41595441426142	5.11995397236177	5.39968526777998	5.29591481563105	5.30139534444675	5.2081902511001	5.23019838812262	5.26325915716037	5.15505914521024	5.55431853320438	5.01963666643862	5.18151123237859	5.25870674526859
5.71051377221714	5.63875458366043	5.64879591446388	5.6695278368015	5.66951376472899	5.90464443375002	6.09005634422779	6.05679739144643	5.99060332044271	6.0728234366405	6.14702084816058	5.86885809940093	6.06156092183942	6.24280012088777	6.19744769933786
8.67866439368116	8.71393815829775	8.6985455023103	8.74484402485558	8.65996960886699	8.65669162656613	8.7191469599031	8.67488140258333	8.760925165728	8.65219523276933	8.70789197102107	8.45133424172871	8.93877865018196	8.62562924002345	8.66164398508267
9.09058063096557	9.15409242615205	9.17531165667834	9.15540699256701	9.16056612099885	9.16200125295148	9.13103660807477	8.98605879362752	9.1353315750745	9.24710138962196	9.16995092436811	8.97831907387925	9.42298217554992	9.17158610448639	9.09344148191245
9.57375398233391	9.51087217731981	9.59264076834967	9.60603407711807	9.5060468234241	9.57528790136319	9.37749544500818	9.40043793609478	9.44080518142033	9.39428403375381	9.42696793440146	9.28576009767623	9.50749390106317	9.37945830595961	9.50359256886442
9.12552852999734	9.18283023886776	9.02521199903325	9.29396620786111	9.15000134767641	9.16606626165529	9.22807619381717	9.22443856258221	9.25208807622649	9.26236085633743	9.2662940042631	9.26009680970665	8.78028045868613	9.32221800568318	9.21751683491487
