k4_temp10_1	k4_temp10_2	k4_temp10_3	k4_temp14_1	k4_temp14_2	k4_temp14_3	k4_temp20_1	k4_temp20_2	k4_temp20_3	k4_temp24_1	k4_temp24_2	k4_temp24_3	k4_temp26_1	k4_temp26_2	k4_temp26_3
28.1076553237616	20.1201435003626	29.8374593269782	26.9011463142501	23.8350897808244	20.8709122482495	28.8313075802923	19.8548891246263	23.5770855797471	20.9598622191023	23.9440635779254	36.3115321968016	31.6838898311546	35.1489775162441	29.4018095990558
475.469955705768	493.818304606726	528.612898822734	502.660935565463	364.279622150267	362.728724907076	440.95801898183	409.444520267504	419.612434495246	296.990590087619	347.83257950298	248.993363635211	656.120551920159	503.675348084124	456.316084977345
381.70625054177	435.863543437203	373.858912014899	452.329758590415	325.348975508253	306.87970972426	419.151598527701	363.895068746302	397.826013643075	275.201806763807	298.142211002555	218.445566707743	391.428055622389	564.093590517452	345.294851931311
675.441976787797	731.542174007749	714.985685812889	716.351492981079	545.029052988185	539.165233079778	654.046261808762	621.508083943134	622.852881075091	439.565020097784	533.592169518821	400.003227691751	978.900179575046	839.015593036399	631.315655710925
27.2494063062421	25.5875737993742	24.71610436787	22.3453070190948	24.2323412771715	22.0304073731522	23.5626422356703	23.1918452800257	25.5169723679541	24.0387120365976	23.3004059548629	34.0060380890682	28.8785454190211	37.2389167199126	29.1665951222633
908.242022789944	974.077382071902	936.317287089131	1016.3860522763	733.127636508525	707.871773753127	826.741403660259	784.017848711084	773.119496130821	525.535980386306	583.411269543859	406.343336488018	1085.99832801473	999.560922772757	774.326057600732
473.753457670729	546.743029901158	517.924853690682	565.357962055933	407.580035252098	405.630044528478	490.278580680097	442.146690590418	463.036054138957	314.990019789899	356.200128602793	249.569737162144	692.425009018357	570.173413655397	447.14272038244
23.8164102361644	29.0867291907416	32.2868030030735	24.9486437591835	23.0405867881303	22.223656560636	24.4407531264407	22.6913018567158	21.4879767309088	22.0256179251584	22.1418222333503	36.8879057237349	35.4793558005116	43.6987288039791	29.6370240758482
437.921561189293	475.447738802047	473.391332307133	491.813699148427	365.868628135655	336.44683540928	406.858046056916	390.090174566187	378.427145761004	257.912880865564	314.491114628342	230.549410773343	521.133979618678	449.526923261802	377.284020775083
18.6669161310478	22.5258128319277	22.0440930848571	27.768925227613	23.8350897808244	18.3586728109602	27.0750857987516	25.6945623965752	22.5325311553279	20.249358415065	22.0130907087378	26.5131822389345	32.6740113883782	44.8386956423438	28.460951691886
31.3260891394595	27.9932431309393	32.9548058238267	32.1078197944275	26.8144760034275	28.7941289350849	31.0265848072181	27.3630404742749	25.9646385498481	25.6965542460181	30.3806398085505	37.4642792506683	32.6740113883782	35.3389719893048	38.5751741939611
19.9542896573269	19.2453546525207	25.606774795541	27.5519804992723	19.8625748173537	20.4844138732819	20.3429023028458	22.0239106256359	21.3387546702774	19.5388546110276	19.9533863149378	21.9021940234676	30.0336872357819	28.8791599052384	27.0496648311313
483.408759117823	542.150388449988	472.277994272544	521.318182202766	379.375179011456	360.023236282303	420.322413048728	382.582023216539	391.111020914666	271.057201240255	305.60863943008	202.307107953609	503.806852367265	506.905254126158	417.740910783384
83.2501546993854	99.9446258659316	95.3017357607962	116.933208575652	74.4846555650764	78.0726717434517	156.450090372246	126.303790481866	138.478072265856	108.588664717044	121.651290758814	127.954922979206	156.109165522251	216.593699289288	119.25373973377
757.190195706523	851.606943374043	827.65549491327	877.324481409898	624.082100761253	619.750144260518	753.419144280937	684.242859664643	706.118790907363	517.838855842567	588.946725102197	431.703771673086	1144.41549989092	925.843067225174	672.948618103188
28.1076553237616	30.8363068864253	36.0721523206752	30.5892066960424	30.3897394705511	30.1468732474714	30.0021221013194	30.5331488219043	28.9490797624743	31.2621673776441	27.9347408409129	34.0060380890682	38.9447812507942	42.938750911736	37.3991018099989
31.7552136482192	29.742820826623	43.6428509558786	30.5892066960424	33.7663771895013	29.9536240599876	31.75834388286	29.1983663597446	28.799857701843	33.1568441884104	30.509371333163	46.686255681602	41.7501256629276	56.9983419182336	44.2203216369799
126.806292338497	138.654032382934	133.823231757567	127.129610807666	108.251032754578	110.345286053245	127.03337553144	122.466290903157	128.032528021665	92.7207464268764	99.6382000500766	88.7615231477372	127.395640362767	172.324987066126	132.896179387732
657.633309674269	705.079811360533	687.152234948171	687.497844111762	563.699873316498	531.242016392942	655.217076329789	638.860255951211	601.514126404814	428.078541932513	489.565988101345	395.968613003217	740.115864024626	813.176344700133	624.024006930359
30.46784012194	33.6793706419113	39.8575016382769	34.7111565345162	31.7801197077659	29.1806273100525	31.1729366223465	27.1961926665049	26.8599709136359	26.7623099520741	26.0037679717254	34.5824116160015	38.6147407317196	45.2186845884653	38.3399597171687
192.462342178734	194.203124220891	199.955511012138	201.324707900194	144.798170418508	140.6854084882	174.890419078423	181.196719238186	165.636487300755	117.114710365493	136.84161066309	118.732946548272	221.622208558545	272.642068842217	183.937720851693
26.1765950343428	25.5875737993742	33.8454762514977	27.768925227613	22.8419610399567	21.257410623217	28.2459003197787	28.6978229364347	26.5615267923733	24.8676331413078	21.4981646102878	23.6313146042677	33.1690721669899	38.1888890852165	28.9313806454709
25.962032779963	26.462362647216	38.5214959967704	27.768925227613	26.8144760034275	25.5088927478604	25.6115676474677	25.3608667810353	27.7553032774238	22.7361217291957	24.9739157748254	34.5824116160015	30.0336872357819	35.3389719893048	33.1652412277349
18.0232293679082	18.3705658046789	26.497445223212	34.7111565345162	29.1979849815099	27.6346338101821	44.3445999839013	35.2048874394634	35.067184248358	35.6436075025412	38.1045312853006	40.9225204122685	53.3015438305361	36.0989498815479	31.7539543669802
154.913947662258	156.805900975652	177.02074749961	217.595562525749	185.31782304591	179.335245984958	266.506655348793	256.945623965752	247.260954466082	228.071721095995	235.964884614716	220.174687288543	457.10611891822	245.092870248404	242.035696619427
34.5445229551573	31.0550040983858	47.6508678803981	50.1142322467078	39.5265238865338	39.4228342466934	55.7600415639155	55.2266243718597	50.437056493383	45.945912661083	48.4030532543008	55.9082321125358	64.6879417386073	80.3676621047094	63.7431232107529
42.2687641128323	45.4890200877763	46.0921946319739	37.3144932746049	36.3485119157573	35.7510996845014	36.5879537820968	33.8701049773037	36.4101827940398	35.880442103887	33.4701963992505	47.2626292085354	49.3410576016418	59.2782755949629	39.5160321011309
21.8853499467456	21.8697211960463	29.6147917200605	25.8164226725464	19.2666975728331	22.8034041230874	22.5381795297716	20.0217369323963	19.697312003333	18.9467681076631	25.3601103486629	28.2423028197346	36.7995178768097	33.439027258697	23.756662156037
22.0999122011255	24.7127849515323	22.7120959056103	18.6572466373025	19.2666975728331	18.1654236234764	20.6356059331026	20.3554325479362	19.5480899427017	18.9467681076631	18.7948025934253	26.5131822389345	27.558383342723	29.6391377974815	23.2862332024522
356.173342270566	402.402870007252	361.834861241341	400.696913245322	303.897394705511	302.434978412133	394.71084540126	342.038005928436	359.923610242722	259.570723074985	285.912716164367	248.993363635211	569.979976441708	509.94516569513	381.517881357347
214.562254379859	257.406618477465	253.17306906548	255.560889985376	190.084841002075	187.06521348431	244.99293852492	232.085300608027	232.338748402951	161.521198117828	174.559947374553	159.079093433607	333.340924265272	331.160366544937	236.625763653201
367.974266261459	429.95871871427	384.546957146951	480.966462731391	335.081637168757	333.934595971991	413.590229552822	380.913545138839	385.440582610676	293.793322969451	327.621730138818	275.506545874145	662.556342042113	541.864237169341	393.043390720177
556.789050115735	628.535787174371	614.117259879149	623.499149251248	455.051589065573	453.362593836974	539.452790563235	496.372228115658	516.905218026861	357.028161528777	432.151728124169	340.636754417615	901.010617073458	703.739528217124	493.715186787344
34.5445229551573	34.3354622777927	38.7441636036882	44.4736693098489	35.5540089230631	32.8523618722445	57.2235597151994	57.5624936806393	56.5551609792668	54.4719583095315	48.7892478281383	57.0609791664025	90.2660819668831	88.1574355002013	66.5656969322622
25.3183460168234	29.0867291907416	33.4001410376622	33.6264328928126	26.6158502552539	25.1223943728929	31.75834388286	31.0336922452142	31.6350768538379	27.1175618540928	28.5783984639754	35.7351586698682	35.9744165791234	50.1585408880456	32.2243833205651
733.373785470359	821.208030911539	723.892390089599	786.641584963474	586.144582860107	559.456397765576	658.290464447485	653.209167419428	624.046657560142	410.315946831579	469.355138737182	364.844442548816	667.50694982823	816.976234161348	587.095334073945
26.1765950343428	26.0249682232951	23.6027663332813	31.4569856094053	25.4240957662127	26.0886403103118	23.2699386054136	26.5288014354251	26.1138606104794	26.2886407493826	20.3395808887753	33.4296645621348	26.8983023045739	44.8386956423438	34.5765280884896
16.3067313328693	19.0266574405603	18.0360761603376	26.4672568575686	18.2735688319654	19.3249187483791	28.9776593954207	22.3576062411758	26.2630826711107	22.2624525265042	22.2705537579628	23.6313146042677	30.0336872357819	43.5087343309183	26.1088069239615
263.697010632847	281.682009005076	268.091798728969	285.065373039715	201.406508647966	205.617135482754	264.457729936996	254.276059041433	250.39461773934	182.244225735585	184.72973781894	149.28074347574	256.606503580445	345.219957551435	235.214476792446
298.241533588004	328.920606788536	303.273280621973	321.078197944275	259.802478610986	237.696500605063	284.068873164199	264.954318738711	284.417247563278	183.546816042986	201.336104493953	140.635140571739	304.132338327176	349.209841485711	271.672720695275
18.8814783854276	20.3388407123231	26.0521100093765	21.0436386490505	18.869446076486	17.7789252485088	18.5866805213052	20.3554325479362	22.6817532159592	19.7756892123734	20.3395808887753	27.0895557658679	30.1987074953192	34.9589830431833	27.0496648311313
18.237791622288	30.8363068864253	26.2747776162943	27.1180910425908	22.0474580472626	22.4169057481198	24.587104941569	23.3586930877957	25.0693061860602	24.7492158406349	24.4589896763754	27.0895557658679	31.1888290525428	36.2889443546087	32.4595977973576
61.5793670070196	66.7026496479412	73.7029778897746	70.9409261674176	65.5464968972672	55.2692676203643	84.0059418836942	70.5766226866969	73.4172538306049	63.8269250626901	68.3564395692386	70.3175702858697	99.1771759818953	99.7470983569088	83.2659247845259
20.5979764204665	24.4940877395719	32.9548058238267	27.9858699559537	24.2323412771715	25.5088927478604	26.9287339836232	29.3652141675145	29.6951900656308	24.8676331413078	22.9142113810254	33.4296645621348	31.0238087930055	49.3985629958025	37.8695307635838
417.323584768826	453.35932039404	463.593957602752	525.874021497921	376.991670033373	362.342226532109	464.081605772116	434.805387048539	435.579194982796	313.213760279806	360.448268915006	288.763136993613	695.560393949565	522.484800917141	465.959878525836
20.5979764204665	19.6827490764417	31.6188001823202	28.4197594126352	24.430967025345	22.0304073731522	21.5137168238729	20.1885847401662	25.9646385498481	22.9729563305415	20.3395808887753	24.2076881312011	32.0139303502291	40.6588172350066	29.6370240758482
19.0960406398075	21.4323267721254	27.6107832578008	26.0333674008872	17.8763173356183	22.223656560636	22.5381795297716	19.1874978935464	21.4879767309088	21.9072006244855	18.5373395442003	26.5131822389345	30.5287480143937	31.1590935819677	26.1088069239615
27.8930930693817	26.0249682232951	41.6388424936189	29.5044830543388	29.595236477857	29.3738764975363	30.2948257315761	26.5288014354251	30.5905224294187	24.7492158406349	28.8358615132005	32.8532910352014	30.693768273931	42.938750911736	38.5751741939611
33.9008361920178	34.5541594897532	41.8615101005366	44.0397798531675	34.3622544340219	38.2633391217907	38.0514719333807	41.7119519424922	38.7977357641408	34.1041825937936	37.3321421376256	49.5681233162688	54.6217059068342	61.3682147986315	50.3358980335834
661.709992507486	748.163162116744	663.549468614889	748.676257503847	515.831068006675	508.245363082371	623.751436077186	568.450481072284	602.558680829233	380.001117859318	444.896149060807	340.060380890682	679.388408514913	795.886847651602	544.991942728097
10.2989882102332	13.3405299295882	18.4814113741731	20.3928044640283	14.4996796166682	12.3679479989626	14.7815333279671	13.1809768138275	13.8776516387119	14.0916587800744	12.1007633135752	23.0549410773343	16.8320664728009	26.599226228509	15.288940991509
513.018350222244	540.838205178225	525.05021711205	561.886846402482	427.641235817625	413.939759590281	503.157540411395	456.662449866405	475.570707231987	312.029587273077	354.269155733606	240.924134258144	513.873088199038	623.751855058536	443.144074276968
276.999870404398	305.520005108767	281.451855144034	329.755987077904	237.953646311897	254.895678291121	310.851255332694	266.28910120087	292.027572655475	230.913736312144	240.727951025379	185.592275672541	384.497204721824	408.108128134553	304.132318492633
20.8125386748464	21.8697211960463	24.2707691540345	31.0230961527239	22.0474580472626	25.3156435603766	33.3682138492723	31.3673878607542	28.799857701843	30.0779943709152	28.964593037813	36.3115321968016	37.7896394340333	50.7285243072279	36.2230294260367
248.463090571877	311.206132619739	281.006519930198	309.146237885535	228.816861895915	208.515873295011	269.433691651361	240.260843188755	259.347941377218	192.428113593454	223.220463678078	161.38458754134	472.618023314722	306.841073993158	240.624409758672
31.5406513938393	30.8363068864253	36.2948199275929	31.2400408810646	28.4034819888158	30.3401224349552	28.3922521349071	28.1972795131247	29.5459680049995	23.2097909318873	21.6268961349003	26.5131822389345	31.35384931208	33.0590383125755	27.7553082615086
31.3260891394595	33.6793706419113	39.1894988175237	38.3992169163086	41.9100328646163	38.2633391217907	42.4420263872323	36.8733655171631	43.4236196437114	44.2880704516625	43.7687183682507	45.5335086277353	74.2591167917685	48.8285795766201	51.0415414639608
22.7435989642651	22.0884184080068	29.169456506225	22.1283622907541	22.0474580472626	22.8034041230874	22.8308831600284	21.8570628178659	23.8755297010097	20.7230276177565	23.4291374794754	32.8532910352014	29.7036467167074	34.7689885701225	28.6961661686784
25.962032779963	25.8062710113346	32.9548058238267	24.5147543025021	23.4378382844774	27.6346338101821	30.4411775467045	26.3619536276551	27.0091929742673	27.3543964554386	28.8358615132005	33.4296645621348	39.7698825484805	37.2389167199126	35.9878149492442
462.810782697357	485.945204976149	519.706194546024	480.532573274709	367.656259869217	358.670491969916	403.931009754349	392.259196067197	392.304797399716	281.714758300816	313.976188529892	278.388413508812	610.079899509263	552.883916606866	406.685830374139
472.25152189007	557.896587711141	532.620915747254	658.861139970786	413.936059193651	408.142283965767	512.085001134227	459.665710406264	497.804794266053	356.791326927431	379.500534557656	308.93621043628	896.555070065952	638.951412903399	468.782452247345
21.2416631836061	16.8396853209557	24.4934367609523	26.9011463142501	17.0818143429242	19.3249187483791	19.0257359666903	19.0206500857765	17.4589810938634	19.065185408336	19.5671917411003	24.2076881312011	25.9081807473504	24.6992814979012	27.2848793079237
556.359925606975	612.352193489296	570.474408923271	658.861139970786	444.723050160549	439.448652338141	530.086274395018	495.871684692348	496.31257365974	332.397362988815	371.004253933231	295.679619316813	644.734154012088	585.182977027198	499.360334230363
19.9542896573269	20.9949323482045	22.7120959056103	26.6842015859094	23.8350897808244	19.3249187483791	25.318864017211	25.3608667810353	25.6661944285855	25.4597196446723	25.6175733978879	32.2769175082681	35.6443760600489	38.3788835582773	32.9300267509424
17.8086671135283	20.3388407123231	26.7201128301298	30.155317239361	27.8076047442952	21.0641614357332	31.9046956979884	32.8690181306839	37.7531813397216	39.6697957254196	37.4608736622381	39.1933998314684	69.4735292651879	65.1681042598471	49.3950401264137
321.199694806649	378.783571115522	338.009427301142	391.15134519833	259.603852862813	256.441671790991	327.681714072459	306.165727257893	305.457558112293	213.861645015247	247.679453354454	199.425240318942	397.863845744342	447.436984058134	286.491232733199
21.8853499467456	24.2753905276114	28.278786078554	34.928101262857	22.6433352917832	27.2481354352146	29.5630666559342	27.1961926665049	26.412304731742	28.3017348608218	25.6175733978879	31.1241704544014	34.8192747623626	55.0983971876258	37.3991018099989
602.061685789885	704.423719724652	635.048014929418	653.220577033927	504.906651857131	503.993880957727	648.484892833883	557.438525759466	590.173249796834	431.986312854719	464.07714622807	317.581813340281	664.866625675634	812.226372334829	542.875012436965
844.946157747886	943.459772397438	839.902213293746	932.645387136783	714.258190432039	690.67259606707	957.726278200165	852.592297704541	891.154146090188	666.689402788396	723.084973748424	565.998803448558	975.269733865227	1123.05733026226	903.223590882993
570.521034396046	653.904663761784	665.330809470231	551.256554713786	503.317645871743	479.064735772318	576.18709616046	519.063529972373	548.092628698805	427.960124631841	449.787946996082	421.905421715218	797.047853564982	778.977339549192	590.153122272247
495.853369871855	589.826380657369	554.665008832111	583.798263964895	428.038487313972	426.307707589243	540.623605084262	456.328754250865	487.21002796123	365.554207177225	390.313982625106	276.082919401079	559.088639312248	720.649036319533	482.189677424514
17.3795426047686	22.9632072558486	26.2747776162943	18.6572466373025	22.4447095436097	19.3249187483791	20.9283095633594	20.3554325479362	20.5926443671209	17.8810124016071	17.1212927734628	29.9714234005346	25.5781402282758	31.5390825280893	21.1693029113201
523.102776178097	565.332292917797	578.267775165392	599.635229133768	467.763636948679	437.902658838271	618.629122547692	541.254288405779	545.854297789335	470.945604776101	483.515606444558	359.657080806416	909.261630050321	824.006029664597	571.806393082436
4.72036959635691	5.46743029901158	7.34803102828569	6.94223130690325	6.15739819337964	5.99072481199753	6.73218349590581	7.84184696518854	4.02899563704539	5.80244773297183	5.53545555833759	10.9510970117338	5.61068882426696	10.259701545282	8.23250668773561
31.969775902599	33.8980678538718	42.7521805282076	38.6161616446493	36.5471376639308	26.2818894977956	31.3192884374748	31.8679312840641	34.7687401270954	32.2095057830273	31.4104920054505	48.9917497893355	42.9052674796885	58.328303229659	37.6343162867914
171.220678995128	190.266574405603	194.388820839194	199.155260616787	157.311592553441	141.651654425619	202.111856692303	171.853242003068	174.14214475674	132.745794054315	144.694233664452	125.073055344539	249.67565267988	250.412715494106	162.768417940373
25.5329082712033	23.8379961036905	28.9467888993073	28.2028146842944	29.9924879742041	26.861637060247	24.0016976810555	23.8592365111056	28.9490797624743	28.6569867628405	23.3004059548629	28.8186763466679	37.7896394340333	26.0292428093267	34.3413136116971
28.1076553237616	26.462362647216	27.8334508647185	31.4569856094053	22.6433352917832	30.533371622439	40.3931009754348	35.0380396316935	36.2609607334085	37.8935362153262	36.9459475637881	48.4153762624021	74.9191978299176	55.6683806068081	49.1598256496212
724.362170786405	753.630592415756	733.68976479398	690.535070308532	546.4194332254	529.696022893072	622.43426974103	601.152651395198	573.311156945496	405.342420203318	453.134966636007	333.143898567481	811.239595885187	690.43991510287	600.267344774322
34.1153984463976	38.709406517002	40.9708396728657	40.1347747430344	33.7663771895013	34.0118569971473	42.0029709418471	42.0456475580322	44.9158402500245	35.9988594045599	34.5000485961505	36.8879057237349	46.0406524108965	61.5582092716923	42.3386058226403
188.814783854276	210.824112329886	211.534226571861	212.605833773912	150.558317115541	162.909065048836	217.332445465655	195.712478514174	205.627999549946	182.717894938276	181.511449703628	157.92634637974	397.863845744342	269.982146219366	204.401380332636
853.3140856687	918.965684657866	836.339531583062	941.540120998753	698.368130578156	668.25569031895	870.793300013903	782.349370633384	795.80124934678	580.481607898529	631.170665175097	498.563100797355	1018.00998108538	991.011171485022	781.147277427713
553.570616300037	567.300567825441	546.648974983072	505.047327577211	434.791762751872	428.046950276598	507.25539123499	454.493428365395	463.185276199589	333.107866792852	356.586323176631	270.895557658679	597.208319265356	549.464016091772	485.717894576401
24.6746592536838	25.3688765874137	33.8454762514977	27.768925227613	23.6364640326509	29.1806273100525	28.2459003197787	26.1951058198851	24.7708620647976	26.7623099520741	26.1324994963379	24.7840616581344	31.6838898311546	55.4783861337474	30.577881983018
18.4523538766679	24.2753905276114	15.5867324842424	26.0333674008872	18.6708203283125	15.8464333736709	31.4656402526032	28.1972795131247	29.9936341868935	32.4463403843731	32.311612677738	35.1587851429349	40.4299635866295	63.2681595292393	42.1033913458478
795.382276986138	854.231309917569	837.230202010733	827.861083348212	618.917831308741	620.32989182297	750.345756163241	703.930900981499	656.87551089903	472.366612384176	538.097772880258	410.954324703485	897.380171363638	904.183697296246	699.998282934319
22.7435989642651	19.9014462884021	32.732138216909	21.9114175624134	18.2735688319654	22.4169057481198	22.6845313449	19.3543457013164	23.4278635191158	20.6046103170836	22.5280168071879	24.2076881312011	30.8587885334683	32.8690438395147	28.9313806454709
637.249895508182	683.210090164487	624.582637404283	620.678867782818	479.283930342745	478.871486584835	555.112434781972	520.398312434533	501.535345781836	332.278945688142	371.905374605518	292.797751682146	582.191475647465	683.980103018803	539.817224238664
37.5483945164754	38.4907093050415	47.8735354873158	52.5006242584558	48.0674310579959	42.5148212464341	59.8578923875103	51.2222769853805	56.8536051005294	49.8536835832886	50.9776837465508	59.9428468010693	61.387536547862	63.2681595292393	51.2767559407532
870.264503764709	957.675091174868	915.386532038863	905.527296094192	699.957136563544	654.728247195085	792.787782550473	764.496655201998	728.054433820165	513.575833018343	594.095986086697	475.508159720021	1091.44399657946	851.935217204532	753.391969166205
705.266130146598	712.95291099111	810.510089180603	758.43877027918	578.000927184992	590.956015325434	778.006249222506	718.279812449716	710.446230665671	580.007938695837	642.885233914835	450.724098061886	1408.94297592915	910.643509380312	675.771191824697
44.199824402251	52.7060280824716	54.776231301766	49.8972875183671	42.7045358573104	37.1038439968879	58.6870778664832	47.0510817911312	54.6152741910597	44.4064877523354	42.6101346467382	47.8390027354688	69.3085090056506	80.7476510508309	56.2162599533946
19.9542896573269	18.8079602285998	25.3841071886233	24.7316990308428	20.0612005655272	19.3249187483791	28.5386039500355	26.5288014354251	27.6060812167925	23.4466255332331	26.5186940701754	33.4296645621348	35.3143355409744	46.5486458998908	31.7539543669802
144.829521706405	155.93111212781	177.243415106527	162.057712070523	136.257263247046	134.308185301235	192.452636893829	157.671178342621	169.068594695275	148.613712344483	149.972226173565	106.052728955738	289.940596006972	234.833168703122	174.99957073358
654.629438112951	751.443620296151	686.706899734335	778.397685286527	552.974082915127	522.932301331139	744.638035373234	645.0336248387	676.871267023626	486.695105765596	549.168683996934	340.060380890682	981.375483468105	894.683973643207	633.197371525265
18.0232293679082	18.3705658046789	19.8174170156796	19.0911360939839	18.869446076486	17.7789252485088	17.4158660002781	17.0184763925368	16.8620928513381	17.2889258982426	17.2500242980753	19.5966999157342	20.4625121826207	24.6992814979012	21.639731864905
45.2726356741503	61.6726137728506	60.120253867792	73.761207635847	62.5671106746641	65.5114745570052	128.935949128109	125.803247058557	126.092641233458	119.483056378951	128.08786698944	125.649428871472	277.39905628214	201.394141444425	160.651487649241
47.4182582179489	50.7377531748274	58.33891301245	51.6328453450929	51.4440687769461	45.4135590586909	54.44287522776	53.3912984863901	55.6598286154789	47.9590067725223	47.1157380081757	57.0609791664025	65.8430835553681	92.5273083805992	56.451474430187
441.354557259371	478.072105345572	447.339222297756	451.895869133733	365.272750891134	355.385255782692	487.205192562401	438.476038819478	421.403099222822	325.529159549787	365.211335325668	298.56148695148	407.930081576115	619.381982178138	433.265066251686
14.8047955522103	16.6209881089952	20.7080874433506	19.9589150073468	16.6845628465771	15.4599349987033	21.0746613784877	17.3521720080768	17.1605369726007	20.1309411143921	18.6660710688128	27.0895557658679	22.4427552970678	37.4289111929734	23.5214476792446
20.1688519117068	26.899757071137	26.0521100093765	24.9486437591835	22.2460837954361	24.3493976229577	23.5626422356703	26.5288014354251	23.4278635191158	23.4466255332331	25.4888418732754	32.2769175082681	46.7007334490455	32.2990604203324	29.1665951222633
436.205063154254	528.153766884518	451.124571615358	599.201339677086	363.683744905746	364.274718406946	463.64255032673	415.617889154993	451.844399591609	294.740661374834	350.793404569068	236.313146042677	749.356998558713	628.121727938934	429.266420146214
245.030094501799	296.334722206427	257.181085989999	324.332368869386	230.008616384956	217.598585106749	298.996758307295	276.299969667069	292.027572655475	193.967538502201	224.250315874978	194.814252103475	270.798245900649	385.49878584032	276.847439184709
22.7435989642651	25.3688765874137	34.7361466791687	29.7214277826795	21.8488322990891	23.7696500605063	27.0750857987516	22.8581496644857	32.0827430357318	25.814971546691	23.8153320533129	32.8532910352014	31.5188695716173	65.1681042598471	29.6370240758482
151.91007610094	158.118084247415	158.094000911601	180.281069251144	128.510859068278	128.124211301754	186.01315702818	163.01030819126	186.67679784977	130.614282642203	142.248334696815	138.906019990939	215.021398177054	204.244058540337	176.646072071127
13.9465465346909	13.9966215654696	17.8134085534199	18.4403019089618	18.6708203283125	15.6531841861871	13.9034224371968	15.1831505070672	16.7128707907068	16.5784220942052	15.1903199042752	17.8675793349341	23.1028363352169	23.5593146595366	22.1101608184899
529.968768318253	588.514197385606	545.312969341565	624.583872892951	473.126532149365	456.068082461747	589.651463152272	522.567333935543	552.718512578375	387.698242403056	419.922233285982	296.255992843746	623.281520272244	716.279163439136	513.47320283791
25.7474705255831	29.742820826623	34.2908114653332	32.3247645227682	26.0199730107333	27.8278829976659	25.7579194625961	26.695649243195	27.1584150348986	23.9202947359247	24.9739157748254	38.617026304535	37.9546596935706	43.5087343309183	33.8708846581122
36.9047077533358	46.8012033595391	48.5415383080691	64.8664737738772	47.8688053098224	44.8338114962396	72.0050930431665	65.2374928380578	64.6131522533576	51.3931084920362	47.2444695327882	51.8736174240023	78.2196030206628	97.0871757340579	70.0939140841489
538.551258493447	620.443990331834	554.887676439028	640.637782790165	489.612469247769	442.154140962914	633.264304060531	563.945590262495	570.625159854132	418.723575179355	461.888710309657	341.213127944548	939.130297026566	637.431457118912	597.20955657602
207.267137730944	238.161263824944	230.906308373705	236.903643348073	179.359050600704	185.712469171923	218.64961180181	191.207587704384	200.256005367219	158.205513698987	162.716647110203	104.323608374938	300.831933136431	282.521781441378	197.10973155207
628.452843078608	689.989703735261	655.978769979686	762.343775389313	515.036565013981	513.269841956949	651.997336396965	596.314064969869	613.750335376581	435.775666476252	501.66675141492	378.101033668283	759.093193871412	809.376455238917	567.807746976965
16.3067313328693	17.0583825329161	21.3760902641038	16.9216888105767	18.0749430837919	14.8801874362519	18.5866805213052	19.6880413168563	16.5636487300755	16.6968393948781	13.1306155104752	32.8532910352014	21.7826742589188	26.4092317554482	23.9918766328295
244.815532247419	270.091056771172	243.375694361099	266.842015859094	208.557035582214	202.525148483013	249.822548424157	232.585844031337	229.354307190325	162.705371124557	186.403247638903	145.246128787206	322.119546616738	315.200830807832	249.797774353578
418.825520549485	477.416013709691	448.675227939262	473.373397239465	353.752457497069	326.784376035091	392.954623619719	375.24071967466	387.678913520145	270.228280135545	326.591877941918	261.673581227745	607.274555097129	463.396519795239	402.687184268668
754.186324145206	869.321417542841	799.154041227798	766.248780499446	651.492454009201	617.237904823229	754.443606986836	735.631984457793	689.107475995393	507.181298782007	553.416824309146	384.44114246455	996.227306826459	797.216808963027	737.632599221111
28.1076553237616	25.5875737993742	29.169456506225	27.9858699559537	26.6158502552539	26.0886403103118	37.4660646728671	33.7032571695337	33.7241857026762	29.8411597695694	35.4011692684381	43.8043880469353	33.3340924265272	47.6886127382554	38.5751741939611
810.401634792729	935.3679755549	771.097922756162	942.407899912116	670.560525833861	670.381431381272	871.378707274417	759.324373161129	783.26659625375	609.257011962042	628.72476620746	385.017515991484	889.129158386775	1005.6407459107	741.866459803375
16.0921690784894	24.2753905276114	22.4894282986926	24.9486437591835	20.6570778100478	21.4506598107008	20.050198672589	21.8570628178659	22.6817532159592	20.6046103170836	19.6959232657128	23.6313146042677	26.0732010068876	40.0888338158243	26.5792358775464
28.5367798325213	25.5875737993742	37.6308255690994	40.1347747430344	28.8007334851629	28.4076305601173	28.6849557651639	31.3673878607542	27.1584150348986	30.0779943709152	23.5578690040879	31.7005439813347	40.7600041057041	53.198452457018	37.1638873332065
32.6134626657386	36.7411316093578	39.6348340313592	37.0975485462642	34.9581316785425	29.1806273100525	39.3686382695361	38.5418435948628	37.0070710365651	37.1830324112889	38.4907258591381	46.686255681602	45.2155511132102	57.5683253374159	46.1020374513194
485.339819407242	487.038691035951	513.694169159245	503.745659207167	365.868628135655	372.777682656233	419.444302157958	410.111911498584	410.659110857367	262.531155591807	304.707518757792	245.535122473611	476.248469024542	543.954176373009	388.809530137913
560.865732948952	611.914799065376	568.693068067929	577.072977386332	456.640595050961	449.884108462266	561.112859202236	494.536902230188	508.101116449613	367.093632085973	410.782295038494	216.716446126943	811.734656663799	678.28026882698	462.196446897156
31.7552136482192	27.7745459189788	37.1854903552639	35.5789354478791	27.2117274997746	28.2143813726335	31.3192884374748	28.6978229364347	31.9335209751005	27.5912310567844	30.3806398085505	34.0060380890682	41.9151459224649	46.5486458998908	33.6356701813198
17.3795426047686	20.1201435003626	20.7080874433506	29.0705935976573	20.4584520618743	25.7021419353442	27.3677894290084	18.3532588546966	27.1584150348986	23.2097909318873	24.0727951025379	25.3604351850678	39.6048622889432	45.5986735345869	32.4595977973576
23.1727234730248	17.7144741687975	29.8374593269782	19.9589150073468	20.4584520618743	17.0059284985736	18.5866805213052	21.690215010096	20.4434223064896	19.7756892123734	23.3004059548629	21.9021940234676	27.2283428236485	30.5891101627854	27.9905227383011
27.0348440518623	26.6810598591765	32.5094706099912	26.2503121292279	25.2254700180392	22.9966533105712	21.2210131936161	23.1918452800257	27.9045253380551	23.2097909318873	24.9739157748254	36.8879057237349	28.7135251594838	39.8988393427635	33.1652412277349
313.260891394595	353.852088952029	292.807903096839	401.998581615366	268.542011530622	275.573341351886	391.344753653307	341.704310312896	357.834501393883	266.794178416031	289.002272755067	224.209301977076	436.313566216524	526.284690378357	395.395535488102
1221.9320386933	1361.8275388778	1307.50418782102	1311.21393809135	996.108127090288	957.936222357153	1114.03001675728	1066.1574916501	1054.7015245421	713.10898465217	844.607532982626	628.823517884294	1602.51174036636	1369.67015629515	1076.81187475582
19.0960406398075	19.4640518644812	21.3760902641038	24.7316990308428	17.4790658392713	19.7114171233467	20.1965504877174	17.5190198158467	21.0403105490148	17.2889258982426	19.8246547903253	21.3258204965343	24.9180591901268	26.9792151746306	25.1679490167917
820.271498494202	881.349764200666	844.578233039019	871.90086320138	651.889705505548	626.127367447483	730.880964751165	695.75535840077	702.985127634105	492.260718897222	559.209742916709	406.919710014951	1082.69792282399	803.106637627911	751.745467828658
847.091780291685	900.157724429266	823.424810381833	851.508058737351	650.499325268333	640.621056508768	796.300226113554	725.454268183825	735.963203033625	495.221151414045	586.629557659172	493.952112581888	857.610288815158	895.44395153545	722.108443752809
527.608583520074	609.50912973381	621.242623300517	566.008796240955	441.545038189773	446.985370650009	491.595747016252	455.160819596475	471.690933655573	369.935647302122	381.174044377618	285.304895832013	830.051905472435	592.592761476569	470.664168061685
472.25152189007	526.622886400795	547.094310196907	521.535126931106	461.407613007126	481.770224397092	682.292162128541	609.995585207006	633.298425319283	536.430372048212	532.948511895758	446.11310984642	958.602687651963	787.527090836928	733.163524162054
756.546508943384	862.760501184027	742.151133856854	835.671093568478	628.650492969244	614.339167010972	823.814367357691	686.912424588962	736.410869215519	537.259293152922	581.609028199284	415.565312918952	769.984531000871	983.031403616469	728.92966357979
13.9465465346909	17.2770797448766	19.8174170156796	23.6469753891392	17.2804400910977	14.1071906863168	20.781957748231	23.3586930877957	24.3231958829037	23.8018774352518	20.0821178395503	27.6659292928012	35.1493152814371	43.5087343309183	26.1088069239615
19.7397274029471	21.2136295601649	22.9347635125281	22.1283622907541	19.6639490691802	14.8801874362519	15.3669405884806	17.8527154313867	21.7864208521714	15.5126663881492	19.5671917411003	17.2912058080008	18.812309587248	29.6391377974815	23.2862332024522
603.778183824924	679.273540349198	591.627831580457	708.975372217494	492.194603974025	517.328074894109	619.214529808206	592.30971758339	586.890364462945	410.671198733598	462.789830981945	370.60817781815	646.384356607461	727.868826295843	568.983819360927
485.554381661622	508.471017808077	490.536738039799	458.404210983955	377.190295781547	360.409734657271	434.66489093131	418.120606271542	404.541006371484	268.80727252747	309.470585168455	279.541160562679	538.296086610553	530.274574312633	410.684476479611
347.376289840992	413.119033393315	372.077571159557	402.215526343707	310.452044395238	319.247657723223	417.39537674616	386.753218410788	397.079903339918	292.017063459358	309.084390594617	270.319184131745	402.649433270923	500.635436515152	424.797345087158
586.184078965776	621.100081967715	591.182496366621	620.895812511159	436.778020233608	447.178619837493	514.133926546024	499.208640847747	489.000692688805	313.332177580479	365.468798374893	241.500507785077	559.748720350397	685.120069857168	490.657398589042
207.481699985324	233.568622373775	250.723725389384	272.916468252634	208.755661330387	204.844138732819	344.80487644248	310.837465875452	326.647090721939	273.070295351695	298.528405576392	263.402701808545	381.196799531078	440.217194081824	324.125549019991
468.174839056853	510.0018982918	498.775439495756	497.888151541967	352.560703008028	348.814783408243	419.151598527701	399.767347416846	368.8769338806	257.202377061527	311.916484136092	244.382375419744	521.464020137752	544.904148738313	406.921044850932
461.952533679837	514.81323695493	467.601974527271	501.7931566521	388.710589175612	378.575158280747	525.40301631091	455.327667404245	472.287821898099	361.172767052328	394.562122937319	284.152148778146	576.250746304124	674.100390419643	469.958524631307
31.5406513938393	47.4572949954205	36.2948199275929	55.1039609985445	45.0880448353929	43.8675655588206	64.248446841362	65.4043406458278	61.927155161994	55.5377140155875	54.9683610095384	59.3664732741359	67.4932861507407	75.9977892243115	57.6275468141493
784.439602012766	853.575218281687	764.863229762465	834.369425198434	600.445636728602	594.820999075109	700.147083574204	650.372754687339	661.352172717969	431.275809050682	504.112650382558	390.781251260817	798.698056160355	801.966670789547	624.494435883944
19.7397274029471	17.495776956837	20.0400846225973	22.3453070190948	20.8557035582214	18.9384203734115	20.3429023028458	21.0228237790161	19.697312003333	21.9072006244855	18.6660710688128	18.4439528618675	24.5880186710522	26.4092317554482	19.522801573773
630.813027876786	707.048086268177	654.64276433818	720.907332276234	529.933496126996	498.969402083149	614.970327169483	554.768960835147	557.79206263984	396.697957254196	432.795385747232	351.587851429349	772.129794374855	740.788450463976	566.39646011621
222.501057791914	251.501793754533	253.841071886233	234.300306607985	204.187269122396	186.292216734375	236.504533247474	220.072258448589	224.728423310754	157.731844496295	185.115932392778	161.38458754134	331.525701410362	313.300886077224	240.859624235465
19.7397274029471	22.3071156199672	23.1574311194458	25.382533215865	23.6364640326509	19.3249187483791	21.0746613784877	20.8559759712461	18.3543134576512	17.5257604995884	18.6660710688128	25.9368087120011	27.2283428236485	26.9792151746306	26.8144503543388
17.3795426047686	20.3388407123231	21.8214254779393	26.4672568575686	20.4584520618743	19.7114171233467	21.5137168238729	19.3543457013164	17.9066472757573	20.9598622191023	20.0821178395503	20.7494469696009	33.0040519074527	30.3991156897246	25.6383779703766
19.7397274029471	20.776235136244	28.5014536854718	22.1283622907541	20.6570778100478	17.0059284985736	21.9527722692581	22.8581496644857	19.5480899427017	18.5915162056444	16.9925612488503	36.8879057237349	23.7629173733659	30.7791046358461	27.0496648311313
37.1192700077157	33.4606734299508	42.0841777074544	42.3042220264417	37.1430149084514	30.533371622439	28.2459003197787	31.0336922452142	29.2475238837369	33.1568441884104	33.856390973088	34.0060380890682	46.0406524108965	37.4289111929734	42.5738202994327
19.5251651485672	18.8079602285998	24.9387719747878	29.2875383259981	20.6570778100478	25.1223943728929	29.855770286191	24.5266277421854	30.5905224294187	27.8280656581302	28.4496669393629	32.8532910352014	44.8855105941356	50.7285243072279	32.9300267509424
535.761949186509	561.83313752643	557.559687722041	577.723811571355	410.162169978354	417.031746590021	496.864412360874	461.667884099504	452.142843712872	316.174192796628	361.993047210356	280.693907616546	724.438939368586	588.412883069231	487.599610390741
747.96401876819	834.548560841127	699.621620935565	778.831574743208	584.555576874719	563.514630702735	677.755255859561	620.173301480974	631.955426773601	428.789045736551	474.89059429552	318.158186867214	710.412217307919	801.396687370364	593.681339424134
414.105150953128	377.252690631799	434.424501096527	377.700772041205	291.781224066926	296.057755225168	357.244780728393	335.197245809868	339.032521754338	289.056630942535	332.38479654948	312.39445159788	562.719085022068	456.746713238112	378.460093159046
111.786934531907	120.720861002176	114.451149955723	155.766314948642	103.285389050239	99.7165807416363	139.473279817353	138.316832641304	145.491509115528	94.3785886362969	101.182978345427	83.574161405337	160.564712529757	171.565009173883	122.311527932072
284.509549307693	343.573319989887	321.086689175393	383.992169163086	238.549523556418	251.996940478864	331.779564896054	304.664096987963	300.085563929566	220.374596552257	245.491017436041	178.099419822408	413.870810919457	420.267774410442	270.731862788105
265.413508667886	274.02760658646	302.159942587384	266.625071130753	215.310311020114	203.684643607916	250.993362945184	252.607580963733	234.129413130527	159.508104006389	190.522656426503	154.46810521814	281.524562770571	321.660642891898	250.268203307163
868.76256798405	929.463150831968	900.467802375373	938.069005345301	669.567397092993	683.329126942686	795.861170668169	747.311331001691	754.615960612539	548.272102115501	607.09787007256	491.070244947222	1154.48173572269	887.274189193836	751.98068230545
119.082051180822	141.278398926459	135.381905005991	195.033310778313	157.708844049788	152.087110549744	284.654280424713	252.107037540423	255.02050161891	234.584672633004	238.539515106966	223.05655492321	446.379802048298	306.461085047036	272.848793079237
121.65679823338	140.184912866657	153.195313559411	211.95499958889	136.654514743393	144.74364142536	286.70320583651	253.274972194813	261.287828165425	240.623954967322	264.285820029467	239.195013677344	453.4756732084	443.827089069979	296.13502628169
69.5181704190744	78.7309963057667	81.9416793457313	103.482635418527	62.1698591783171	64.7384778070701	77.2737583877884	78.0847740363455	72.521921466817	62.1690828532696	66.9403927985011	54.1791115317357	100.002277279582	94.9972365303893	84.912426122073
292.019228210989	345.104200473611	289.69055659999	406.771365638862	278.076047442952	272.094855977178	371.14820316559	370.735828864871	377.084147215322	241.689710673378	259.007827520354	209.799963803743	399.18400782064	417.607851787592	342.001849256217
343.299607007775	394.311073164715	363.616202096683	410.676370748995	290.390843829711	281.564066163884	356.073966207366	318.178769417331	353.059395453681	243.229135582125	262.869773258729	200.577987372809	425.587249346602	514.695027521649	320.126902914519
18.4523538766679	19.6827490764417	22.9347635125281	35.7958801762199	23.2392125363038	23.9628992479901	43.466489093131	36.3728220938532	43.2743975830801	33.9857652931207	33.9851224977005	38.617026304535	46.370692929971	52.2484800917141	33.1652412277349
63.5104272964384	79.1683907296876	75.0389835312811	81.3542731277724	56.4097124812845	59.9072481199753	75.0784811608626	62.7347757215083	70.4328126179787	58.379729231737	62.1773263878385	55.3318585856024	95.0516694934637	105.446932548732	71.740415421696
283.222175781414	337.449798054995	286.350542496224	312.183464082305	217.495194250023	210.834863544816	286.117798575997	244.932581806314	258.900275195324	160.100190509753	188.205488983478	135.447778829339	324.42983025026	320.330681580473	227.452399058295
28.5367798325213	28.2119403428997	31.3961325754025	41.219498384738	33.5677514413277	33.0456110597283	42.4420263872323	37.373908940473	45.3635064319185	39.314543823401	35.1437062192131	38.0406527776017	47.1957942276573	57.5683253374159	38.1047452403763
30.46784012194	33.4606734299508	35.1814818930042	32.541709251109	30.1911137223776	30.1468732474714	42.5883782023607	38.3749957870929	37.6039592790903	32.4463403843731	33.856390973088	38.0406527776017	41.0900446247786	54.1484248223219	35.9878149492442
174.439112810826	219.572000808305	166.778037581393	204.795823553646	126.127350090196	123.87272917711	192.452636893829	164.511938461189	166.531819664543	169.455157262912	180.481597506728	126.802175925339	244.064963855613	338.760145467368	219.21989237056
24.0309724905442	27.9932431309393	33.8454762514977	24.5147543025021	26.6158502552539	27.6346338101821	29.2703630256774	23.1918452800257	25.2185282466915	23.6834601345789	25.7463049225004	37.4642792506683	29.7036467167074	28.6891654321776	28.460951691886
1057.14822732957	1124.75976111266	1098.41930492525	1099.25893850246	842.173172255797	826.720024055659	1007.77859897407	959.374894677321	920.99855821645	674.741779234153	764.922719247487	576.949900460292	1384.85001803671	1078.21863461992	973.317504967142
533.18720213395	609.29043252185	518.370188904518	593.994666196909	454.058460324705	457.614075961618	573.552763488149	511.054835199415	512.577778268553	377.040685342496	416.446482121444	317.005439813347	519.978837801917	673.53040700046	506.887197487721
70.5909816909737	73.0448687947947	89.9577131947702	98.2759619383491	69.5190118607379	74.980684743711	120.740247480919	105.11411889508	117.28853965621	100.181036369269	90.8844563764264	115.274705386672	130.696045553513	164.725208143695	131.014463573392
346.518040823473	397.810228556082	381.206943043185	425.211667547824	300.123505490214	280.018072664013	369.391981384049	331.860289654468	343.80762769454	250.926260125863	279.476139933742	214.987325546143	608.924757692502	433.757381997758	342.237063733009
665.357550831944	724.762560436975	735.248438042404	777.096016916482	576.610546947778	577.235323014084	743.759924482463	678.236338584924	717.608889575974	480.655823431279	524.580962795946	440.349374577086	930.714263790166	859.534996126963	675.771191824697
18.6669161310478	19.0266574405603	22.9347635125281	20.1758597356876	17.0818143429242	22.0304073731522	19.7574950423323	18.3532588546966	17.1605369726007	18.8283508069902	19.0522656426503	23.0549410773343	20.6275324421579	26.9792151746306	19.0523726201881
393.507174532662	435.207451801321	421.509779895297	422.825275536076	356.334592223325	339.732071596505	452.373460561845	433.136908970839	419.761656555877	282.543679405526	319.640375612842	258.791713593078	429.217695056422	536.7343863967	410.684476479611
473.32433316197	550.460882504486	517.034183263011	511.338724699092	413.538807697304	390.749857092226	464.813364847758	456.161906443095	421.104655101559	320.674050222198	356.071397078181	273.777425293345	650.67488335543	550.603982930137	444.555361137723
16.0921690784894	10.7161633860627	11.3560479528052	12.1489047870807	14.4996796166682	13.913941498833	14.7815333279671	13.8483680449074	14.0268736993432	15.749500989495	13.0018839858627	27.0895557658679	15.67692465604	15.9595357371054	8.23250668773561
411.74496615495	453.796714817961	486.306053508362	470.119226314354	359.115352697755	343.210556971213	436.860168158236	404.939629457715	402.451897522645	275.32022406448	329.423971483393	258.215340066145	734.505175200359	559.343728690932	392.102532813007
167.78768292505	173.208191872687	187.931460238579	222.585291277585	173.003026659151	181.267737859796	363.83061240917	321.51572557273	348.135067452848	316.766279299993	319.51164408823	273.201051766412	475.588387986393	470.236320825427	425.502988517535
401.660540199097	475.229041590086	413.493746046258	559.500454390734	355.341463482458	328.910117097413	436.567464527979	398.432564954686	406.779337280953	290.240803949264	330.711286729518	278.964787035746	602.488967570549	496.265563634754	368.110656180178
292.019228210989	354.945575011832	307.50396515341	400.0460790603	249.473939705962	229.580034730744	316.998031568087	277.968447744768	295.459680049995	200.006820836519	221.289490808891	179.252166876275	446.379802048298	405.828194457823	286.020803779614
37.3338322620955	41.9898646964089	46.5375298458094	64.6495290455365	57.6014669703257	53.5300249330102	87.0793300013903	86.2603166170739	85.951906923635	87.8656370992877	87.5374367365014	85.8796555130704	143.072565018807	106.966888333218	106.552157986978
68.659921401555	75.0131437024388	71.2536342136794	68.7714788840103	53.8275777550285	57.395008682686	63.9557432111052	61.2331454515786	62.8224875257818	52.2220295967465	52.7799250911258	54.7554850586691	56.1068882426696	77.1377560626761	67.9769837930169
377.844129962932	424.272591203298	383.433619112362	387.029395359856	323.561343774692	312.097437786323	412.712118662052	382.081479793229	373.35359569954	264.544249703246	284.110474819792	264.555448862412	372.945786554215	451.42686799241	368.110656180178
1108.21404387197	1176.80969755925	1244.04391984946	1188.20627712216	860.248115339588	848.750431428811	998.265730990729	928.341202432107	951.7383027065	682.794155679909	746.256648178674	594.241106268293	1522.14687397172	1145.6666725565	962.732853511481
24.2455347449241	30.3989124625044	33.8454762514977	28.4197594126352	30.9856167150718	30.533371622439	37.6124164879955	34.3706484006136	33.2765195207823	31.4990019789899	31.024297431613	45.5335086277353	44.8855105941356	55.6683806068081	44.9259650673572
29.3950288500407	31.0550040983858	38.9668312106059	34.7111565345162	31.3828682114188	26.4751386852794	30.4411775467045	27.029344858735	28.9490797624743	29.6043251682236	30.766834382388	42.6516409930685	39.2748217698687	45.0286901154045	35.2821715188669
41.6250773496927	43.5207451801321	46.7601974527271	54.0192373568409	46.0811735762606	44.447313121272	68.4926494800852	63.4021669525882	67.7468155266151	64.6558461674004	67.0691243231136	82.9977878784036	69.4735292651879	82.4576013083779	71.5052009449036
42.9124508759719	36.7411316093578	54.5535636948483	38.1822721879679	39.1292723901868	41.1620769340475	43.0274336477458	44.0478212512718	40.8868446129792	37.3014497119618	39.2631150068131	40.3461468853351	48.3509360444182	57.7583198104767	46.1020374513194
240.738849414202	264.62362647216	244.711700002605	312.617353538987	223.056715198882	211.801109482235	321.24223420681	281.639099515708	293.66901532242	199.6515689345	236.737273762391	193.085131522675	346.70756528779	445.157050381404	283.198230058105
18.8814783854276	20.776235136244	26.7201128301298	29.7214277826795	22.2460837954361	20.4844138732819	29.4167148408058	26.0282580121152	26.7107488530046	23.8018774352518	25.8750364471129	26.5131822389345	34.1591937242135	43.8887232770399	37.3991018099989
23.8164102361644	29.5241236146625	35.6268171068397	34.7111565345162	23.4378382844774	32.6591126847607	28.2459003197787	26.0282580121152	33.2765195207823	27.9464829588031	24.3302581517629	31.1241704544014	44.2254295559866	52.2484800917141	36.928672856414
11.1572372277527	10.0600717501813	16.0320676980779	9.11167859031051	10.725790401371	10.4354561241247	11.1227379497574	12.5135855827477	11.3408766079796	9.23654945248577	11.7145687397377	16.138458754134	11.5514181676084	17.8594804677132	11.2902948860374
34.5445229551573	30.8363068864253	40.9708396728657	32.541709251109	24.8282185216921	35.17135212205	32.7828065887587	27.1961926665049	37.0070710365651	35.7620248032141	32.826538776188	42.0752674661352	53.1365235709988	55.2883916606866	38.8103886707536
25.3183460168234	23.8379961036905	34.513479072251	21.9114175624134	25.4240957662127	22.8034041230874	19.7574950423323	22.5244540489458	24.472417943535	23.2097909318873	22.0130907087378	29.3950498736013	30.8587885334683	34.5789940970617	28.6961661686784
497.355305652514	546.961727113118	495.880760605825	479.447849633005	397.648747843421	362.342226532109	437.445575418749	436.807560741779	381.859253155524	267.623099520741	310.629168889967	261.673581227745	424.762148048916	536.354397450578	412.095763340365
743.243649171833	763.471966953977	828.323497734023	704.202588193998	572.439406236133	543.030216829453	617.01925258128	605.824390012757	584.950477674738	403.210908791206	446.440927356157	408.648830595751	899.195394218548	728.248815241965	643.31159402734
81.9627811731063	90.9780401755526	98.6417498645624	117.150153303992	90.5733411671328	102.808567741377	150.156962321725	143.989658105483	151.161947419518	127.772267426053	131.17742358014	119.309320075205	249.01557164173	249.272748655742	188.171581433957
23.1727234730248	26.6810598591765	38.0761607829349	31.2400408810646	24.6295927735186	29.7603748725038	29.124011210549	24.8603233577254	30.5905224294187	25.3413023439994	28.1922038901379	35.7351586698682	37.7896394340333	47.3086237921339	34.5765280884896
21.2416631836061	22.5258128319277	29.6147917200605	33.6264328928126	24.430967025345	26.4751386852794	31.6119920677316	29.1983663597446	32.0827430357318	30.314828972261	30.1231767593255	29.3950498736013	42.4102067010767	57.5683253374159	31.5187398901878
30.2532778675602	19.9014462884021	36.5174875345107	32.1078197944275	27.4103532479481	32.0793651223093	29.2703630256774	26.0282580121152	26.7107488530046	27.3543964554386	30.251908283938	28.2423028197346	32.3439708693036	39.518850396642	38.3399597171687
347.805414349752	315.361379646988	366.733548593531	352.31823882534	276.089789961216	284.656053163624	509.743372092172	486.194511841689	476.913705777669	402.737239588514	421.981937679782	386.17026304535	830.546966251047	621.471921381807	525.233926677532
56.0007483931433	45.4890200877763	58.7842482262855	57.924242466974	53.628952006855	57.9747562451374	60.4432996480239	57.7293414884093	57.0028271611607	38.7224573200365	43.8974498928632	42.0752674661352	58.912232654803	58.1383087565983	44.4555361137723
230.225298949589	238.598658248865	257.626421203835	246.232266666725	194.057355965546	203.298145232948	236.211829617217	224.910844873918	223.08698064381	182.954729539622	199.405131624766	172.335684553074	361.394368386607	324.130571041688	249.797774353578
498.213554670033	513.063659259246	515.030174800751	499.840654097034	372.621903573555	347.848537470824	421.200523939498	415.951584770533	406.182449038428	276.741231672554	323.502321351218	262.826328281611	626.746945722526	521.154839605716	413.271835724328
31.969775902599	26.2436654352556	32.5094706099912	36.6636590895828	31.7801197077659	31.8861159348256	32.6364547736303	35.3717352472334	43.2743975830801	30.7884981749526	32.569075726963	34.0060380890682	46.8657537085828	50.5385298341671	36.2230294260367
20.1688519117068	22.9632072558486	24.0481015471168	28.4197594126352	20.2598263137008	21.6439089981846	26.0506230928529	29.0315185519746	25.3677503073228	25.5781369453452	24.8451842502129	23.0549410773343	43.235307998763	45.4086790615261	27.9905227383011
32.1843381569789	39.8028925768043	48.7642059149868	42.5211667547824	34.3622544340219	33.4321094346959	32.4901029585019	31.2005400529842	33.8734077633075	29.130655965532	31.1530289562255	42.0752674661352	37.9546596935706	51.488502199471	41.3977479154705
524.390149704376	561.83313752643	532.398248140336	536.938202643298	402.018514303239	400.412316466415	471.691900158792	445.316798938047	452.441287834134	305.990304938759	350.92213609368	297.985113424546	544.896896992044	589.362855434535	465.489449572251
438.779810206812	498.629643269856	426.18579964057	541.277097210113	356.930469467846	352.293268782951	415.492803149491	385.418435948628	382.605363458681	272.122956946311	307.539612299267	261.673581227745	473.773165131483	516.214983306136	374.461447053574
577.172464281822	641.657619891999	596.30385132573	625.451651806314	460.017232769912	443.700134462785	567.552339067885	521.065703665613	524.81398724032	368.159387792029	405.504302529381	324.498295663481	809.919433808889	709.439362408948	512.767559407532
190.960406398075	195.952701916575	217.100916744804	221.934457092563	175.78378713358	175.85676061025	230.50410882721	214.06573736887	211.447659914567	172.060337877716	177.00584634219	177.523046295474	394.728460813134	328.120454975965	228.628471442258
303.176465438741	335.918917571271	334.001410376622	346.243786431799	276.089789961216	263.398642540407	303.09460913089	282.973881977867	279.045253380551	204.269843660743	229.399576859479	205.765349115209	475.093327207781	322.230626311081	302.015388201501
15.6630445697297	20.3388407123231	20.4854198364328	18.4403019089618	20.8557035582214	21.0641614357332	20.1965504877174	18.8538022780065	18.9512017001765	18.2362643036257	20.3395808887753	21.9021940234676	22.1127147779933	26.2192372823875	24.9327345399993
326.134626657386	339.418072962639	302.382610194302	307.844569515491	243.912418757103	242.720979479642	293.435389332416	273.964100358289	266.809044408784	195.98063261364	214.466720004428	193.085131522675	265.847638114531	362.889443546087	261.793712669992
68.0162346384154	69.1083189795063	81.4963441318958	78.1001022026615	64.5533681563995	60.2937464949429	81.2252573962549	75.5820569197959	81.1768009834331	77.444914640073	69.0000971923011	85.3032819861371	87.6257578142869	113.806689363406	96.2027210081104
376.985880945413	469.761611291075	439.99119126947	493.549256975153	349.581316785425	355.965003345143	508.718909386274	426.96354008335	444.681740681306	347.081108272254	374.093810523931	232.278531354143	790.777083702566	659.090827047841	426.91427537829
132.814035461133	152.869351160364	135.381905005991	141.881852334835	109.045535747272	120.587492989886	178.402862641504	162.84346038349	169.516260877169	129.074857733455	141.604677073752	132.565911194672	165.680340575412	203.104091701972	149.361192763203
550.566744738719	633.784520261422	572.255749778613	653.437521762268	477.297672861009	464.184548336066	594.481073051509	530.576028708501	545.108187486178	391.369178723916	434.726358616419	331.991151513615	534.665640900733	730.718743391755	505.005481673382
472.25152189007	501.910101449263	439.545856055635	504.83038284887	353.156580252549	346.882291533405	427.786355620276	402.937455764475	418.717102131458	263.952163199882	318.48179189133	280.693907616546	428.227573499199	604.182424333276	400.335039500743
369.690764296498	420.773435811931	384.101621933115	457.536432070592	328.725613227204	331.615605722186	426.322837468992	388.254848680718	416.180327100726	285.97778112504	320.412764760518	259.944460646945	421.131702339096	516.214983306136	403.392827699045
44.6289489110107	49.8629643269856	50.5455467703288	55.1039609985445	46.6770508207812	48.5055460584316	58.3943742362265	56.0608634107096	56.8536051005294	49.1431797792512	55.6120186326009	54.1791115317357	65.5130430362936	82.6475957814387	68.6826272233942
799.673522073736	865.822262151473	856.156948598742	769.936840881238	628.054615724724	613.566170261037	686.536364767264	687.412968012272	636.133644471278	446.433223536812	499.735778545733	425.363662876819	843.418546494953	747.818245967225	634.608658386019
919.828384526457	1016.28594398027	940.770639227486	1119.65174296649	722.004594610807	708.065022940611	889.087276904952	850.590124011302	844.298419051956	552.179873037707	652.153903686935	469.168050923754	1083.85306464075	1021.22029270169	787.027639347524
83.893841462525	94.0398011429991	97.9737470438092	111.726535095474	81.6351824993237	87.7351311176412	132.44839269119	120.130421594378	123.108200020831	97.6942730551379	101.697904443877	74.9285585013366	140.597261125748	172.514981539187	139.717399214713
23.8164102361644	20.9949323482045	23.1574311194458	26.4672568575686	19.6639490691802	22.4169057481198	22.0991240843865	18.3532588546966	21.0403105490148	20.249358415065	21.4981646102878	42.0752674661352	34.9842950218998	39.3288559235812	37.6343162867914
57.5026841738023	77.2001158220435	70.5856313929262	64.215639588855	54.4234549995491	47.1528017460451	79.4690356147142	71.4108617255467	67.5975934659838	56.0113832182791	67.3265873723386	38.0406527776017	98.1870544246717	131.66616983112	63.272694257168
1862.1858057628	2022.2931189984	1922.066782914	2041.44989368624	1469.03603349148	1451.49464719076	1785.34579275119	1626.43243014166	1646.36699494525	1115.72780694001	1299.80220401243	957.356428236309	2252.36152242411	2055.3602095715	1581.58214195241
24.8892215080637	29.742820826623	28.278786078554	25.8164226725464	24.2323412771715	21.257410623217	23.4162904205419	24.3597799344155	21.1895326096461	23.2097909318873	23.0429429056379	27.0895557658679	33.1690721669899	36.2889443546087	31.9891688437727
19.7397274029471	20.9949323482045	27.6107832578008	25.8164226725464	23.0405867881303	23.3831516855387	28.9776593954207	26.1951058198851	27.6060812167925	29.0122386648591	31.539223530063	35.7351586698682	46.2056726704337	37.808900139095	35.0469570420745
508.297980625887	566.207081765639	530.394239678076	587.269379618347	416.71681966808	417.99799252744	543.55064138683	490.866250459249	505.41511935825	344.712762258796	385.679647739056	301.443354586147	764.703882695679	636.481484753609	477.95581684225
529.325081555113	607.103460402245	574.927761061626	570.998524992792	467.366385452332	412.007267715443	523.646794529369	476.851034606571	479.002814626508	326.121246053151	376.153514917731	323.921922136547	597.373339524893	726.918853930539	480.77839056376
26.6057195431026	29.0867291907416	36.0721523206752	27.768925227613	22.6433352917832	21.4506598107008	25.1725122020826	27.1961926665049	22.9801973372219	25.2228850433265	29.222056087038	36.8879057237349	34.3242139837508	42.3687674925536	33.6356701813198
37.1192700077157	44.395534027974	48.0962030942336	43.1720009398046	44.0949160945252	36.3308472469528	43.0274336477458	34.8711918239235	35.8132945515146	36.3541113065786	36.1735584161131	42.0752674661352	56.4369287617441	68.3980103018803	51.9823993711306
45.0580734197705	44.6142312399345	52.5495552325886	36.8806038179235	39.9237753828809	39.0363358717258	39.2222864544078	38.8755392104028	40.2899563704539	41.8013071375317	37.9757997606881	58.2137262202692	50.0011386397908	54.1484248223219	49.6302546032061
21.6707876923658	19.9014462884021	24.0481015471168	21.2605833773912	16.6845628465771	18.1654236234764	24.2944013113123	19.0206500857765	18.5035355182825	18.4730989049715	19.5671917411003	27.0895557658679	28.218464380872	41.0388061811282	23.0510187256597
892.578978220215	1021.97207149124	934.090611019953	1043.07025386221	754.77784305944	747.294607999821	899.917311224453	820.056975189397	839.075646929861	569.468798935949	663.353546328223	459.94607449282	1041.60787819921	1109.18773372883	771.738698356015
783.152228486486	859.917437428541	806.056737042248	851.291114009011	657.649852202581	654.534998007601	786.641006315081	696.08905401631	717.310445454711	557.390234267314	604.394508055697	400.003227691751	1398.21665905923	900.573802308091	751.745467828658
20.1688519117068	20.9949323482045	28.0561184716363	27.3350357709315	23.6364640326509	22.6101549356036	39.0759346392794	37.2070611327031	38.6485137035095	48.9063451779054	41.3228194006131	48.9917497893355	75.0842180894549	60.9882258525099	56.451474430187
31.7552136482192	38.0533148811206	39.8575016382769	56.1886846402482	35.9512604194102	34.205106184631	62.0531696144361	54.3923853330099	58.3458257068425	45.7090780597373	50.2052945988758	50.1444968432022	69.1434887461134	96.137203368754	58.5684047213191
59.8628689719807	61.2352193489297	63.4602679715582	78.533991659343	49.8550627915578	56.2355135577832	86.20121911062	87.9287946947736	99.381892380453	85.9709602885214	88.1810943595639	80.6922937706702	124.755316210171	137.176009549882	101.377439497544
528.466832537594	555.928312803497	536.183597457937	469.902281586013	399.635005325156	370.265443218944	454.129682343385	438.476038819478	418.866324192089	275.438641365153	318.095597317492	259.368087120011	451.495430093953	606.082369063884	417.505696306592
429.982757777238	470.855097350877	428.857810923583	473.807286696147	356.135966475152	370.651941593912	484.57085989009	438.309191011708	440.801967104892	326.950167157862	343.841902239993	315.276319232547	444.729599452925	627.17175557363	434.911567589233
566.873476071588	645.375472495326	548.207648231496	665.369481821008	463.592496237035	451.236852774653	625.507657858727	520.732008050073	551.823180214587	416.592063767243	449.015557848407	329.109283878948	580.70629331163	792.466947136508	517.236634466589
25.962032779963	26.462362647216	26.9427804370475	22.996141204117	24.430967025345	24.9291451854091	24.7334567566974	22.5244540489458	23.2786414584845	24.3939639386163	22.9142113810254	32.8532910352014	26.4032415259621	40.4688227619459	25.6383779703766
503.57761102953	534.933380455293	573.591755420119	488.559528223316	379.375179011456	376.642666405909	425.444726578221	429.29940939213	406.480893159691	269.991445534199	312.560141759155	238.61864015041	632.027594027719	600.382534872061	425.97341747112
33.6862739376379	36.3037371854369	35.1814818930042	52.9345137151373	29.7938622260305	27.4413846226984	50.1986725890368	41.8787997502622	48.3479476445447	41.3276379348402	40.2929672037131	42.6516409930685	52.1464020137752	74.8578223859468	50.8063269871683
463.669031714876	529.903344580202	483.856709832267	531.731529163121	399.635005325156	376.642666405909	485.156267150603	432.13582212422	449.904512803402	333.463118694871	356.200128602793	318.158186867214	525.094465847572	696.329743767754	459.373873175647
609.3568024388	665.276918783729	594.29984286347	670.576155301186	483.455071054389	485.2487097718	586.578075034576	554.602113027377	579.280039370748	377.988023747879	427.517393238119	354.469719064016	726.089141963959	709.819351355069	553.694878369418
491.562124784258	523.342428221388	543.308960879305	588.787992716732	393.874858628124	397.513578654159	469.935678377251	448.987450708986	451.247511349084	299.47735340175	338.177715157043	265.131822389345	675.922983064631	577.963187050889	434.205924158855
39.4794548058941	36.0850399734764	44.9788565973851	48.8125638766635	31.9787454559394	41.9350736839827	35.1244356308129	34.8711918239235	37.454737218459	26.0518061480368	29.0933245624255	32.8532910352014	43.4003282583003	31.1590935819677	32.4595977973576
399.944042164058	464.512878204024	380.093605008596	500.925377738737	307.472658172635	322.726143097931	405.394527905632	407.776042189804	380.963920791736	255.189282950088	289.13100427968	182.134034510941	339.941734646763	554.593866864413	365.288082458669
458.090413101	518.968483982179	455.577923753713	507.433719588959	336.472017405972	350.360776908113	448.27560973825	419.121693118162	419.313990373983	271.886122344966	314.491114628342	214.987325546143	473.93818539102	609.312275105917	373.050160192819
22.7435989642651	22.9632072558486	30.2827945408137	18.6572466373025	20.4584520618743	16.8126793110898	25.0261603869542	23.0249974722557	21.4879767309088	19.5388546110276	17.7649503965253	27.0895557658679	28.8785454190211	34.1990051509402	29.4018095990558
534.47457566023	634.878006321224	549.988989086838	602.455510602197	442.736792678814	416.258749840086	555.844193857614	508.218422467325	527.649206392315	398.118964862271	441.935323994719	248.993363635211	869.656767761378	675.050362784947	471.134597015269
15.6630445697297	17.7144741687975	11.8013831666407	18.4403019089618	14.4996796166682	14.3004398738005	26.4896785382381	22.6913018567158	23.7263076403784	25.814971546691	27.5485462670754	26.5131822389345	37.7896394340333	41.9887785464321	34.1060991349047
22.5290367098852	28.2119403428997	29.3921241131428	36.6636590895828	26.2185987589069	23.1899024980549	39.3686382695361	34.7043440161535	34.1718518845702	36.4725286072515	36.3022899407256	36.3115321968016	46.8657537085828	61.1782203255707	47.2781098352816
812.761819590907	863.416592819908	833.667520300049	868.646692276269	637.39002588888	628.639606884773	734.97881557476	684.576555280183	685.973812722136	473.550785390905	541.959718618633	402.308721799484	1091.27897631992	874.734553971825	700.233497411112
570.306472141666	607.978249250087	628.367986721885	541.710986666794	457.435098043656	445.246127962655	549.404713991965	532.411354593971	486.016251476179	355.843988522048	391.601297871231	388.475757153084	576.910827342273	593.542733841873	581.920615584511
503.36304877515	544.993452205474	478.958022480076	549.737941615401	385.929828701182	390.170109529774	530.525329840403	494.203206614648	493.477354507745	334.410457100254	387.095694509794	295.10324578988	604.304190425459	669.540523066184	475.368457597533
64.5832385683376	60.7978249250087	69.0269581445019	74.8459312775506	70.9093920979527	62.6127367447484	91.6162362703704	83.4239038849845	87.2949054693168	80.760599058914	73.8918951275762	93.9488848901374	110.068513111355	122.736429597263	108.904302754903
23.8164102361644	25.3688765874137	34.513479072251	28.4197594126352	23.0405867881303	21.4506598107008	25.7579194625961	22.3576062411758	22.6817532159592	22.8545390298686	23.4291374794754	38.0406527776017	34.3242139837508	39.8988393427635	34.5765280884896
243.099034212381	264.4049292602	236.695666153566	263.370900205642	194.057355965546	211.0281127323	293.581741147545	293.151598251835	289.043131442849	204.98034746478	233.004059548629	222.480181396276	316.178817273397	401.078332631304	298.251956572822
669.219671410781	723.887771589133	766.421903010889	726.764839941434	589.12396908271	549.214190828935	682.584865758798	647.20264633971	634.641423864965	475.563879502344	528.442908534321	403.461468853351	1131.70893990655	794.936875286298	660.952679786773
583.823894167597	622.630962451438	600.757203464084	597.899671307042	445.120301656896	441.574393400463	561.69826646275	494.203206614648	499.595458993629	351.225713795805	410.911026563106	357.927960225616	641.103708302268	616.152076136105	516.530991036212
726.293231075824	803.05616231882	778.22328617753	794.017705727059	591.507478060793	580.327310013825	694.732066414454	636.691234450201	650.458962291884	449.748907955653	508.87571679322	296.255992843746	893.914745913356	869.604703199184	622.612720069605
36.9047077533358	36.7411316093578	40.5255044590302	28.4197594126352	27.2117274997746	27.8278829976659	32.1973993282452	30.1994532063644	31.3366327325753	29.2490732662049	30.1231767593255	34.5824116160015	49.8361183802535	52.4384745647749	39.7512465779234
17.3795426047686	18.8079602285998	21.5987578710216	18.4403019089618	20.8557035582214	17.7789252485088	20.6356059331026	18.5201066624666	20.8910884883835	19.7756892123734	20.3395808887753	28.8186763466679	25.2480997092013	32.1090659472716	21.639731864905
587.042327983295	597.918177499906	610.10924295463	566.225740969296	432.40825377379	435.970166963433	518.378129184747	520.231464626763	472.884710140624	333.581535995544	390.185251100494	282.423028197346	662.226301523038	666.880600443333	527.115642491872
18.4523538766679	16.8396853209557	25.8294424024588	18.8741913656432	20.8557035582214	17.7789252485088	17.2695141851497	17.6858676236167	17.9066472757573	18.5915162056444	17.3787558226878	23.0549410773343	25.7431604878131	32.6790493664539	27.2848793079237
796.455088258038	842.859054895625	885.99440792572	797.27187665217	632.623007932715	587.091031575758	673.950108666223	644.86677703093	635.835200350015	456.617111394681	533.463437994208	468.015303869887	1070.65144387776	789.427035567535	640.959449259415
882.709114518741	957.237696750947	917.167872894204	885.785325815186	712.66918444665	689.126602567199	831.717365374624	770.169480666177	755.212848855064	555.732392057894	622.288189976835	525.07628303629	1147.05582404352	938.192707974125	794.084073651298
394.365423550181	439.581396040531	382.988283898527	407.856089280566	303.897394705511	294.705010912782	349.195430896332	320.68148653388	327.243978964465	211.138047099771	241.886534746891	187.897769780275	310.403108189592	431.287453847968	323.184691112821
763.412501083539	866.478353787355	750.835170526647	829.379696446597	601.637391217643	594.627749887626	735.271519205017	665.389057386636	683.287815630772	448.091065746233	527.413056337421	387.89938362615	842.758465456804	832.365786479271	645.428524318472
62.0084915157793	59.4856416532459	63.2376003646405	65.3003632305587	57.0055897258051	53.1435265580426	72.0050930431665	70.5766226866969	68.0452596478777	67.3794440828769	64.2370307816385	80.1159202437368	75.9093193871412	108.676838590765	82.0898524005637
550.781306993099	606.228671554404	520.15152975986	590.957440000139	444.524424412376	450.463856024717	559.649341050952	486.861903072769	516.308329784335	372.30399331558	394.690854461931	351.587851429349	551.497707373534	690.819904048991	518.412706850551
535.118262423369	586.764619689922	574.927761061626	545.615991776927	438.764277715343	442.347390150398	492.912913352408	456.161906443095	454.381174622341	346.607439069562	370.618059359393	285.304895832013	587.802164471732	580.243120727618	461.490803466779
32.6134626657386	29.3054264027021	36.5174875345107	31.6739303377461	31.5814939595924	25.3156435603766	30.2948257315761	26.1951058198851	29.0983018231056	27.7096483574573	26.3899625455629	40.9225204122685	37.7896394340333	50.7285243072279	31.7539543669802
456.588477320341	517.000209074535	472.277994272544	512.423448340796	388.114711931091	359.056990344884	468.17945659571	417.119519424922	432.147087588276	317.003113901338	345.77287510918	299.137860478413	718.16816950617	609.502269578978	442.673645323383
264.984384159126	298.959088749953	267.201128301298	312.183464082305	212.926802042032	191.316695608953	268.994636205976	233.420083070187	241.29207204083	143.166516513529	174.688678899165	146.398875841073	280.534441213348	310.260974508252	230.980616210182
9486.44095289672	9978.93508454397	10346.0276878262	10140.4304921022	7551.35369406153	7295.3500767006	9384.51744147757	8718.96589063527	8642.79252970489	5997.24419257874	6786.98344062033	5055.94857825942	12902.6040526995	10519.4239899561	8533.34600355315
5181.03475651046	5652.01074590621	5559.34214191542	5242.03547089697	4130.62105901687	3912.9095481718	4620.03409997293	4459.84190169127	4246.56140144584	2930.1176878501	3282.91134066803	2265.1479608481	4993.51305359759	4974.05530473119	4200.69534103629
35.1882097182969	38.0533148811206	44.7561889904674	41.219498384738	35.3553831748896	33.8186078096635	33.5145656644007	30.3663010141343	30.8889665506813	36.9461978099431	33.9851224977005	37.4642792506683	39.6048622889432	47.6886127382554	39.9864610547158
46.9891337091892	41.1150758485671	53.2175580533418	43.8228351248267	37.3416406566249	49.2785428083668	44.4909517990297	43.5472778279619	44.169729946868	44.7617396543541	46.0858858112757	65.1302085434695	65.5130430362936	56.4283584990513	47.983753265659
933.131244298008	951.988963663896	957.693377353235	1128.54647682846	739.483660450078	759.469306811299	867.134504635694	821.224909843787	845.79063965827	619.085647917892	701.329346088911	552.742212329091	1163.72287025678	1021.03029822862	739.984743989035
307.038586017579	335.918917571271	387.218968429964	376.39910367116	282.843065399117	276.346338101821	341.877840139912	313.006487376462	329.631531934566	262.64957289248	290.032124951967	234.584025461877	631.202492730033	387.208736097867	381.047452403763
885.06929931692	973.858684859942	955.021366070222	944.143457738842	682.080819227926	691.445592817005	794.397652516885	734.297201995633	753.123740006225	531.812097321969	609.415037515585	466.286183289087	1298.70944255826	949.022392938589	798.317934233562
452.297232232743	494.255699030646	483.856709832267	491.596754420086	381.162810745017	359.056990344884	419.444302157958	402.436912341165	383.799139943731	271.412453142274	317.580671219042	251.298857742944	645.559255309774	551.933944241562	420.563484504893
751.611577092647	815.740600612527	814.295438498205	709.409261674175	596.671747513305	557.330656703254	657.997760817229	623.843953251914	603.752457314283	422.039259598196	485.832773887583	343.518622052282	793.087367336088	765.107743015756	633.903014955642
27.463968560622	35.428948337595	38.0761607829349	31.2400408810646	27.6089789961216	28.7941289350849	32.6364547736303	28.8646707442046	30.1428562475248	29.9595770702423	27.6772777916879	37.4642792506683	37.1295583958843	37.6189056660342	37.6343162867914
80.0317208836875	91.634131811434	95.3017357607962	120.621268957444	71.9025208388204	75.9469306811299	116.349693027068	93.2679245434126	98.3373379560338	78.510670346129	87.1512421626639	91.643390782404	137.626896454078	152.945550813927	110.080375138865
692.606957138186	734.385237763235	738.143116932335	739.347634185196	549.001567951656	509.791356582241	641.020950262336	603.321672896208	588.53180712989	407.237097014084	481.58463357537	386.17026304535	952.496938049084	795.50685870548	600.267344774322
573.095781448604	634.440611897303	665.776144684067	632.827772569899	459.818607021738	458.580321899037	534.623180663998	505.048314119696	489.299136810068	363.185861163767	414.386777727644	270.895557658679	806.123967839532	585.372971500259	504.535052719797
15.0193578065902	15.7461992611533	19.1494141949263	17.1386335389174	14.4996796166682	15.6531841861871	16.245051479251	18.8538022780065	17.757425215126	17.4073431989155	16.9925612488503	25.9368087120011	24.422998411515	29.4491433244207	26.8144503543388
535.976511440889	572.330603700532	560.67703421889	495.067870073538	429.03161605484	430.365940526403	486.766137117016	454.493428365395	451.247511349084	339.620818329861	362.636704833418	356.198839644816	490.935272123359	613.302159040193	474.427599690364
436.205063154254	501.691404237302	434.424501096527	475.108955066191	363.88237065392	368.139702156622	470.96014108315	410.278759306354	434.086974376483	309.424406658273	321.185153908193	214.410952019209	448.03000464367	555.163850283595	391.39688938263
656.34593614799	769.595488888869	716.767026668231	769.502951424557	564.693002057365	533.754255830231	678.047959489818	626.680365984003	626.434210530243	453.538261577186	527.413056337421	401.155974745618	1128.73857523488	804.246604466276	597.679985529605
91.6180826201999	109.567303192192	96.8604090092204	114.980706020585	83.224188484712	84.4498949304168	121.61835837169	121.298356248767	117.139317595579	82.5368585690074	93.9740129671265	80.1159202437368	128.880822698603	169.095081024093	124.663672699996
28.5367798325213	31.9297929462276	36.7401551414284	35.3619907195384	25.8213472625598	28.6008797476011	37.3197128577387	34.7043440161535	37.3055151578277	29.130655965532	30.6381028577755	46.1098821546687	42.4102067010767	47.8786072113162	37.8695307635838
951.798160429056	1045.59137038297	977.065459155079	1048.27692734239	741.86716942816	738.211896188082	937.090672267063	852.425449896771	832.957542443977	561.061170588174	645.073669833248	450.147724534953	1159.10230298974	1079.54859593134	813.606875225071
491.347562529878	550.242185292525	540.191614382457	517.196232364292	391.888601146388	373.357430218685	454.276034158514	447.819516054597	442.294187711205	302.200951317227	354.655350307443	288.763136993613	642.093829859492	539.964292438733	461.020374513194
18.6669161310478	21.2136295601649	23.1574311194458	26.2503121292279	18.869446076486	22.223656560636	26.7823821684948	18.5201066624666	23.7263076403784	23.2097909318873	21.7556276595128	32.8532910352014	37.2945786554215	41.7987840733713	32.4595977973576
576.743339773062	644.719380859445	633.266674074076	643.891953715276	508.879166820602	488.533945959024	576.18709616046	513.557552315964	540.631525667239	415.289473459841	442.064055519332	365.997189602683	1004.97338058193	700.509622175091	612.028068613945
724.576733040785	814.865811764685	776.887280536023	826.776359706509	583.165196637504	602.550966574461	742.003702700923	661.217862192387	685.973812722136	500.194678042306	558.051159195196	410.377951176551	1022.9605888715	876.444504229372	686.355843280357
405.522660777934	473.260766682442	415.720422115436	469.902281586013	329.520116219898	316.348919910966	433.786780040539	367.565720517242	395.289238612342	294.266992172143	325.69075726963	193.661505049608	552.487828930758	580.8131041468	407.626688281309
917.253637473898	995.291011632067	987.530836680213	948.699297033997	739.086408953731	700.914803003711	813.569740298704	763.495568355378	748.796300247918	527.430657197072	596.155690480497	483.577389097088	1294.91397658891	958.90210553775	797.847505279977
163.281875583073	196.608793552456	185.036781348649	200.02303953015	150.955568611888	130.249952364075	193.623451414856	175.190198158467	182.797024273356	127.180180922689	145.724085861352	162.537334595207	202.809898971297	300.761250855213	178.998216839051
26.3911572887227	25.1501793754533	36.0721523206752	31.0230961527239	26.6158502552539	24.9291451854091	28.0995485046503	26.695649243195	32.5304092176258	30.4332462729339	28.8358615132005	30.547796927468	33.3340924265272	42.1787730194929	35.7526004724518
134.530533496172	142.590582198222	156.312660056259	163.142435712226	135.264134506179	130.636450739043	177.232048120477	173.855415696308	180.857137485149	136.298313074502	142.763260795265	123.920308290672	269.478083824351	178.404810204071	163.003632417165
124.660669794698	139.091426806855	121.799180984008	189.392747841454	118.778197407775	113.823771427953	180.305436238173	162.34291696018	166.531819664543	118.890969875586	125.770699546414	111.240090698138	262.712253183323	261.812383877753	159.945844218863
815.551128897845	910.873887815329	820.084796278066	881.229486520031	648.910319282945	652.022758570312	767.176214903005	700.42709701833	729.397432365847	483.142586745409	546.594053504684	449.57135100802	881.373206188524	862.764902168996	702.350427702244
56.6444351562829	61.6726137728506	61.010924295463	105.218193245252	68.3272573716967	69.9562058691324	135.082725363501	131.142376907196	133.553744265023	89.760313910054	100.153126148527	91.643390782404	129.04584295814	144.01581058007	112.667734383582
229.796174440829	282.994192276839	284.569201640882	282.462036299626	210.543293063949	222.816313168811	270.311802542131	223.909758027298	255.915833982698	199.769986235173	213.694330856753	163.11370812214	472.122962536111	369.539250103214	253.325991505464
12.8737352627916	15.5275020491929	15.5867324842424	16.0539098972138	20.8557035582214	14.6869382487681	22.5381795297716	19.0206500857765	21.9356429128027	21.7887833238126	18.4086080195878	32.2769175082681	27.3933630831857	27.3592041207521	26.5792358775464
281.720240000755	340.511559022441	287.463880530813	345.592952246777	245.104173246145	243.300727042093	337.487285686061	305.665183834583	319.036765629742	227.834886494649	260.295142766479	182.134034510941	512.057865344128	379.228968229314	303.191460585463
798.600710801836	878.50670044518	869.739672620724	900.971456799037	628.054615724724	625.740869072516	775.518268365323	689.081446089972	704.62657030105	485.984601961559	566.804902868846	397.697733584017	1030.71654106975	885.75423340935	732.928309685262
20.5979764204665	20.5575379242835	27.1654480439653	23.4300306607985	21.8488322990891	22.6101549356036	23.8553458659271	20.3554325479362	21.1895326096461	21.0782795197752	24.5877212009879	36.3115321968016	33.6641329456017	38.5688780313381	28.6961661686784
583.394769658838	641.001528256117	597.639856967236	664.284758179304	478.092175853703	454.715338149361	540.76995689939	514.058095739274	500.043125175522	363.422695765113	394.047196838869	317.581813340281	770.149551260408	674.480379365764	476.309315504703
537.478447221548	600.105149619511	555.555679259782	545.399047048586	444.524424412376	405.24354615351	528.769108058863	467.173861755913	485.270141173023	348.502115880328	395.334512084994	227.091169611743	788.301779809507	631.541628454028	453.728725732628
30.46784012194	36.5224343973973	40.7481720659479	40.3517194713751	36.7457634121043	37.2970931843717	37.9051201182523	43.213582212422	41.4837328555044	33.8673479924478	40.5504302529381	37.4642792506683	43.5653485178375	55.4783861337474	44.4555361137723
580.820022606279	625.036631783003	603.651882354015	610.265520822463	457.236472295482	459.353318648972	524.378553605011	509.219509313945	496.909461902265	347.317942873599	384.134869443706	281.270281143479	755.957808940204	673.53040700046	507.357626441306
611.931549491359	702.018050393086	670.45216442934	754.316820440706	520.796711711014	531.435265580426	626.239416934369	563.111351223645	582.264480583375	436.249335678943	490.982034872083	358.504333752549	1068.34116024424	721.599008684837	567.33731802338
25.5329082712033	24.7127849515323	37.4081579621817	32.7586539794497	26.2185987589069	26.861637060247	23.8553458659271	25.3608667810353	28.352191519949	24.7492158406349	28.1922038901379	32.8532910352014	37.9546596935706	49.5885574688632	33.1652412277349
576.528777518682	673.150018414305	593.186504828881	658.644195242446	495.571241692975	495.684165895924	647.167726497728	583.800479387121	604.050901435546	441.814948810569	485.18911626452	420.752674661352	688.629543049	813.366339173194	611.792854137152
57.0735596650426	59.7043388652064	62.1242623300517	85.2592782379055	70.9093920979527	75.9469306811299	98.6411233965329	84.2581429238343	95.6513408646702	109.772837723773	102.599025116164	105.476355428805	181.192244971915	110.576783321373	113.608592290751
399.514917655298	438.487909980728	454.019250505288	442.784190543423	329.122864723551	324.851884160253	378.026738476624	341.203766889586	350.224176301686	259.215471172966	296.597432707205	239.195013677344	614.535446516769	514.695027521649	362.935937690744
770.493055478075	823.832397455064	856.824951419495	844.348882702107	650.697951016507	613.566170261037	845.474435996692	787.021109250943	794.458250801099	604.046650732435	680.603570626298	629.976264938161	1254.31899274274	1072.32880595503	845.831258545636
21.2416631836061	27.7745459189788	36.9628227483462	31.6739303377461	29.9924879742041	26.861637060247	32.4901029585019	26.5288014354251	31.9335209751005	26.880727252747	26.7761571194004	38.617026304535	36.3044570981979	50.7285243072279	37.6343162867914
46.3454469460496	56.8612751097204	56.3349045501903	64.8664737738772	47.4715538134753	51.0177854957209	78.5909247239439	71.7445573410866	65.3592625565141	60.0375714411575	61.533668764776	58.7900997472026	115.679201935622	80.3676621047094	72.6812733288658
37.9775190252351	37.1785260332787	48.9868735219046	50.5481217033893	38.3347693974926	37.6835915593393	52.1012461857058	55.2266243718597	54.7644962516911	44.880156955027	46.3433488605007	61.095593854936	63.5327999218464	76.377778170433	59.2740481516964
18.237791622288	14.652713201351	26.497445223212	16.4877993538952	19.2666975728331	16.2329317486385	17.7085696305348	13.5146724293675	17.6082031544947	16.9336739962239	14.8041253304377	21.3258204965343	22.1127147779933	26.2192372823875	23.756662156037
18.8814783854276	19.2453546525207	20.0400846225973	25.382533215865	20.8557035582214	21.4506598107008	37.1733610426103	32.368474707374	34.4702960058328	27.8280656581302	21.2407015610628	21.9021940234676	35.8093963195862	46.35865142683	30.1074530294331
136.89071829435	157.243295399573	134.045899364484	195.684144963335	123.743841112114	120.587492989886	172.987845481754	152.665744109522	159.667604875503	116.048954659437	122.552411431102	127.378549452272	179.212001857468	226.663406361509	156.182412590184
716.63792962873	841.109477199941	728.123074621036	783.387414038363	593.295109794355	621.102888572905	758.395105995302	635.022756372502	681.94481708509	508.12863718739	558.566085293646	369.455430764283	828.236682617525	866.374797157151	655.77796129734
135.817907022451	159.867661943098	155.421989628588	142.532686519857	116.196062681519	123.292981614659	149.71790687634	135.480419909215	157.429273966033	107.167657108969	108.005749149889	82.4214143514703	280.369420953811	166.435158401242	130.073605666223
164.998373618112	183.924355258749	194.83415605303	315.437635007416	212.529550545685	201.558902545594	405.101824275376	382.081479793229	371.562930971964	304.687714631357	325.304562695793	307.783463382413	532.685397786286	511.465121479616	428.325562239044
225.075804844472	221.102881292028	237.363668974319	221.283622907541	188.69446076486	186.485465921859	222.747462625405	229.082040068167	206.970998095628	154.889829280146	189.106609655765	198.848866792009	336.311288936943	252.882643643896	237.801836037163
398.871230892158	402.840264431173	483.188707011513	407.205255095544	338.06102339136	322.726143097931	375.68510943457	397.598325915836	355.894614605676	264.070580500555	290.289588001192	254.757098904544	605.624352501757	422.16771914105	369.28672856414
404.878974014794	396.49804528432	416.833760150024	413.062762760743	332.300876694327	298.569994662457	366.025889636096	356.053221781114	329.780753995197	250.452590923172	282.179501950604	299.714234005346	472.122962536111	565.233557355817	370.698015424895
52.9968768318252	53.5808169303134	62.1242623300517	68.3375894273288	53.2317005105079	54.1097724954615	63.0776323203349	61.3999932593486	58.4950477674738	61.5769963499051	61.533668764776	70.3175702858697	84.1603323640043	124.256385381749	85.1476405988655
543.915314852943	577.798033999543	565.798389177998	564.056293685889	417.114071164428	403.311054278672	468.911215671352	454.159732749855	425.581316920498	296.990590087619	341.13854022313	268.590063550945	649.024680760057	565.233557355817	474.192385213571
496.282494380615	570.581026004848	528.390231215816	521.535126931106	401.025385562371	386.111876592615	496.279005100361	448.320059477907	450.79984516719	320.674050222198	359.289685193493	203.459855007476	742.756188177222	571.503374966822	406.921044850932
880.563491974943	925.089206592759	941.883977262075	909.432301204325	674.533040797331	669.994933006304	796.885633374068	747.978722232771	749.691632611705	522.575547869483	615.465419172372	434.009265780819	1195.57178034747	1022.36025954005	751.510253351865
859.107266536957	925.52660101668	919.6172165703	890.341165110341	669.170145596646	656.660739069923	801.422539643048	755.653721390189	739.395310428145	512.746911913633	580.965370576222	440.925748104019	921.968190034691	1101.77794927946	751.98068230545
878.417869431144	941.272800277833	868.1809993723	953.472081057493	701.744768297106	682.942628567718	782.543155491486	736.132527881103	755.660515036958	489.063451779054	560.110863588996	393.663118895484	984.510868399313	962.322006052844	746.100320385639
726.078668821444	798.24482365569	787.12999045424	829.379696446597	582.767945141157	565.253873390089	689.60975288496	648.537428801869	652.697293201353	445.959554334121	514.024977777721	382.71202188375	1025.43589276455	802.72664868179	649.662384900736
591.762697579652	631.378850929857	620.351952872846	575.988253744629	470.147145926762	446.598872275042	506.523632159348	503.713531657536	477.958260202088	350.870461893786	415.674092973769	329.685657405881	866.851423349245	546.424104522799	514.649275221872
560.222046185813	609.07173530989	601.425206284838	592.042163641843	447.305184886805	412.39376609041	499.93780047857	479.687447338661	439.309746498579	320.792467522871	378.728145409981	296.255992843746	705.296589262264	579.293148362314	455.140012593383
674.798290024657	733.510448915393	696.281606831798	651.701963935542	528.543115889782	503.800631770244	616.287493505638	587.471131158061	576.594042279385	420.618251990121	467.939091966445	341.213127944548	909.92171108847	732.428693649302	601.913846111869
430.626444540378	484.851718916347	421.955115109133	484.220633656501	349.382691037251	352.100019595468	410.516841435126	381.747784177689	378.576367821635	262.64957289248	310.75790041458	263.979075335478	407.930081576115	499.495469676787	367.640227226593
31.5406513938393	36.5224343973973	45.2015242043029	39.4839405580122	32.3759969522865	30.1468732474714	34.9780838156845	31.3673878607542	31.6350768538379	30.4332462729339	35.1437062192131	45.5335086277353	38.7797609912569	57.5683253374159	39.7512465779234
458.519537609759	532.309013911767	470.273985810284	551.473499442127	383.943571219447	384.565883092745	485.741674411117	438.309191011708	455.873395228654	313.213760279806	347.83257950298	286.457642885879	469.977699162126	637.241462645852	431.853779390931
29.6095911044206	25.8062710113346	30.2827945408137	29.9383725110203	25.8213472625598	25.5088927478604	30.0021221013194	29.8657575908244	24.7708620647976	25.5781369453452	23.4291374794754	33.4296645621348	33.4991126860645	41.228800654189	32.9300267509424
27.463968560622	25.3688765874137	29.6147917200605	27.5519804992723	25.2254700180392	25.7021419353442	21.5137168238729	23.1918452800257	26.1138606104794	24.3939639386163	23.0429429056379	29.9714234005346	32.6740113883782	48.4485906304986	31.5187398901878
308.969646306997	356.476455495555	330.438728665938	449.292532393644	309.657541402544	287.748040163365	452.519812376973	406.107564112104	439.757412680473	307.884981749526	336.632936861693	241.500507785077	620.806216379185	608.362302740613	404.333685606215
811.259883810248	908.468218483764	870.407675441477	1008.57604205604	737.298777220169	720.432970939574	939.871356754502	873.448273675787	848.028970567739	601.915139320323	709.053237565661	544.09660942509	1187.65080788968	1054.46932548732	868.176633840918
459.592348881659	518.531089558258	486.083385901444	481.183407459731	369.841143099126	365.240964344365	430.567040107715	428.46517035328	426.327427223655	285.504111922349	321.05642238358	286.457642885879	470.307739681201	578.913159416193	430.677707006969
264.126135141607	281.682009005076	266.310457873627	251.872829603583	215.508936768288	204.264391170367	261.237990004171	235.755952378966	246.962510344819	184.730989049715	192.067434721853	156.773599325874	293.901082235866	332.490327856363	254.502063889427
59.6483067176009	53.7995141422739	64.1282707923115	82.2220520411353	52.2385717696402	57.0085103077184	86.3475709257484	86.2603166170739	91.6223452276248	89.6418966093811	80.3284713582013	77.8104261360034	111.058634668578	141.54588243028	103.729584265469
81.3190944099667	86.6040959363434	97.0830766161382	100.662353950097	69.916263357085	68.7967107442297	107.568584119365	93.7684679667225	91.9207893488874	79.8132606535309	78.9124245874637	93.3725113632041	103.632722989401	150.855611610258	87.9702143203748
560.222046185813	654.998149821587	559.341028577383	710.71093004422	481.071562076306	498.389654520698	677.169848599047	591.64232635231	616.734776589208	469.879849070045	515.054829974621	337.754886782948	693.745171094655	828.755891491117	609.440709369228
27.463968560622	26.6810598591765	35.4041494999219	24.7316990308428	27.8076047442952	27.0548862477308	30.2948257315761	23.3586930877957	26.412304731742	27.7096483574573	27.5485462670754	21.9021940234676	30.0336872357819	39.3288559235812	37.6343162867914
261.122263580289	283.2128894888	294.589243952181	254.693111072013	223.652592443403	203.8778927954	235.480070541575	216.40160667765	228.608196887168	174.902353093865	173.530095177653	159.65546696054	373.770887851902	260.862411512449	246.504771678483
21.6707876923658	20.5575379242835	22.9347635125281	18.223357180621	17.4790658392713	21.0641614357332	18.4403287061768	18.1864110469266	18.3543134576512	21.0782795197752	21.7556276595128	17.8675793349341	22.6077755566051	40.8488117080674	25.8735924471691
127.449979101636	143.684068258024	145.179279710372	172.688003759218	127.716356075584	120.007745427434	223.332869885919	204.054868902672	218.61031882487	170.757747570314	197.474158755578	182.134034510941	276.243914465379	311.590935819677	226.98197010471
622.874224464732	679.492237561159	593.409172435799	732.622347606633	518.810454229278	508.438612269855	728.978391154496	632.019495832642	669.559386052691	485.037263556176	541.830987094021	405.190589434151	668.497071385454	875.684526337129	686.826272233942
718.783552172529	796.495245960006	725.005728124188	762.343775389313	574.227037969695	546.508702204162	719.465523171151	635.022756372502	661.053728596707	493.563309204624	525.610814992846	352.164224956282	661.896261003963	896.013934954632	625.670508267906
741.956275645553	809.617078677634	821.198134312655	802.912439589029	606.007157677461	595.593995825045	654.631669069276	644.86677703093	633.447647379914	437.788760587691	500.250704644183	398.274107110951	978.735159315509	856.49508455799	632.256513618095
185.596350038578	209.511929058124	202.850189902069	192.429974038224	144.798170418508	149.768120299938	179.280973532274	153.666830956141	168.322484392119	112.378018338577	125.127041923352	93.9488848901374	180.202123414692	253.072638116957	170.060066720938
491.133000275498	548.492607596841	511.022157876232	553.426001997193	412.545678956436	395.387837591837	496.279005100361	454.159732749855	478.555148444614	324.108151941712	376.797172540793	339.484007363748	643.579012195327	634.011556603818	484.777036669231
527.394021265694	611.914799065376	561.567704646561	593.777721468568	412.347053208263	434.617422651046	530.232626210147	463.836905600514	479.450480808402	352.765138704553	405.118107955544	266.284569443212	766.684125810126	596.012661991663	455.84565602376
14.8047955522103	15.9648964731138	15.5867324842424	22.7791964757763	13.5065508758005	16.0396825611547	32.0510475131168	26.695649243195	27.4568591561612	28.064900259476	30.3806398085505	27.6659292928012	52.8064830519243	56.0483695529297	39.2808176243385
567.302600580348	630.285364870055	589.623823118197	638.902224963439	484.448199795257	490.85293620883	606.920977337422	529.074398438572	531.67820202936	391.013926821897	415.802824498381	321.040054501881	646.384356607461	671.250473323731	537.229864993947
439.208934715572	481.133866313019	440.659194090224	497.671206813626	393.477607131777	390.170109529774	492.181154276766	452.991798095466	450.202956924665	329.910599674684	349.763552372168	291.068631101346	516.843452870709	586.512938338624	467.37116538659
14.8047955522103	16.1835936850743	19.1494141949263	27.9858699559537	16.0886856020565	17.1991776860574	28.5386039500355	25.0271711654953	23.4278635191158	25.6965542460181	22.0130907087378	29.3950498736013	35.4793558005116	42.938750911736	34.3413136116971
404.020724997275	449.641467790712	404.141706555713	453.414482232118	342.629415599351	314.802926411096	428.225411065661	384.917892525318	393.797018006029	285.504111922349	309.599316693067	180.981287457075	594.898035631835	552.883916606866	380.341808973385
25.1037837624435	29.0867291907416	34.9588142860865	26.6842015859094	23.4378382844774	24.7358959979253	26.1969749079813	26.0282580121152	25.9646385498481	26.880727252747	23.8153320533129	27.6659292928012	29.7036467167074	35.1489775162441	28.6961661686784
23.3872857274047	20.776235136244	22.0440930848571	18.6572466373025	23.2392125363038	14.4936890612843	19.4647914120755	20.1885847401662	19.2496458214391	18.9467681076631	21.6268961349003	31.7005439813347	23.5978971138287	35.9089554084872	24.9327345399993
32.3989004113588	36.5224343973973	48.7642059149868	34.0603223494941	35.3553831748896	33.2388602472121	34.0999729249142	36.5396699016232	37.454737218459	34.2225998944665	36.5597529899506	34.0060380890682	49.0110170825672	52.4384745647749	41.6329623922629
24.8892215080637	28.4306375548602	37.4081579621817	31.4569856094053	25.0268442698657	28.7941289350849	34.0999729249142	30.1994532063644	32.3811871569944	27.7096483574573	28.4496669393629	38.0406527776017	35.9744165791234	51.488502199471	40.2216755315083
454.871979285302	532.746408335688	452.9059124707	527.826524052987	390.100969412827	379.348155030682	498.913337772672	444.315712091427	444.980184802569	318.897790712105	363.795288554931	281.270281143479	501.001507955132	602.282479602668	438.674999217912
442.85649304003	526.622886400795	455.355256146795	537.805981556661	398.443250836115	376.062918843458	509.304316646787	498.040706193357	475.86915135325	333.463118694871	368.300891916368	315.276319232547	569.154875144021	644.841241568283	457.256942884515
50.2075675248871	52.0499364465902	54.3308960879305	60.5275792070627	41.3141556200957	40.3890801841124	71.7123894129097	56.2277112184795	64.4639301927263	52.4588641980922	56.2556762556634	46.686255681602	103.13766221079	102.787009925881	66.0952679786773
401.445977944717	420.992133023891	471.609991451791	411.761094390699	363.683744905746	334.321094346959	371.733610426103	354.217895895644	361.714274970297	256.136621355471	293.379144591892	251.298857742944	514.203128718113	399.558376846818	378.695307635838
991.06305298057	1029.62647390986	1028.94701156691	936.333447518575	719.819711380898	735.119909188342	839.766715206685	822.225996690407	790.429255164053	556.442895861931	632.200517371997	522.770788928556	1238.6420680867	976.761586005463	803.96308167658
31.5406513938393	30.6176096744648	44.0881861697141	35.7958801762199	31.1842424632453	31.1131191848904	33.5145656644007	34.2038005928436	30.73974449005	35.4067729011954	31.539223530063	45.5335086277353	43.0702877392257	42.5587619656144	38.8103886707536
25.5329082712033	30.3989124625044	33.4001410376622	34.928101262857	32.177371204113	25.5088927478604	31.0265848072181	29.3652141675145	23.1294193978532	28.8938213641862	27.0336201686254	39.1933998314684	46.7007334490455	44.648701169283	37.3991018099989
17.8086671135283	21.4323267721254	28.278786078554	34.2772670778348	22.4447095436097	19.1316695608953	31.75834388286	30.8668444374443	27.7553032774238	35.9988594045599	32.054149628513	35.1587851429349	48.6809765634927	48.6385851035593	40.2216755315083
23.3872857274047	22.3071156199672	27.1654480439653	25.5994779442057	21.0543293063949	19.3249187483791	25.7579194625961	20.6891281634761	20.144978185227	22.7361217291957	22.0130907087378	25.9368087120011	29.8686669762447	35.9089554084872	26.5792358775464
503.36304877515	567.300567825441	594.29984286347	578.591590484717	428.435738810319	386.691624155066	484.278156259833	446.818429207977	452.888954016028	332.278945688142	367.657234293306	338.331260309881	866.026322051558	528.754618528147	479.602318179797
960.16608834987	1020.65988821948	1000.22289027452	988.40018232035	728.36061855236	736.665902688212	888.062814199053	816.553171226228	816.543115774533	571.837144949407	656.144580949923	472.626292085354	1284.6827204976	986.451304131563	822.780239819976
26.1765950343428	33.6793706419113	35.8494847137574	31.8908750660868	31.3828682114188	31.8861159348256	39.8076937149213	40.5440172881025	43.1251755224488	35.4067729011954	34.371317071538	44.3807615738686	51.8163614947007	64.2181318945432	46.3372519281119
11.3717994821325	12.4657410817464	13.8053916289004	18.223357180621	15.4928083575359	14.6869382487681	27.3677894290084	24.8603233577254	25.3677503073228	22.9729563305415	25.2313788240504	28.8186763466679	39.9349028080177	38.7588725043988	36.6934583796216
484.910694898482	530.559436216083	542.195622844717	531.297639706439	391.292723901868	389.976860342291	472.862714679819	450.155385363376	460.648501168856	328.015922863918	373.707615950093	296.255992843746	766.189065031514	582.143065458226	472.310669399232
169.289618705709	189.391785557761	176.352744678857	217.595562525749	153.736329086318	158.077835361741	215.722575499243	191.874978935464	191.30268172934	140.442918598053	154.86402410884	137.176899410139	255.121321244609	255.732560739808	185.113793235655
723.503921768886	783.154716030418	731.240421117885	831.115254273323	606.205783425635	608.928189761426	758.687809625559	689.081446089972	668.514831628272	487.642444170979	536.038068486458	391.35762478775	818.005426526215	884.614266570985	684.944556419603
31.969775902599	35.428948337595	37.1854903552639	45.5583929515526	33.5677514413277	33.2388602472121	62.9312805052065	50.7217335620706	55.9582727367415	57.4323908263538	55.9982132064384	51.8736174240023	69.1434887461134	87.587452081019	70.5643430377338
30.2532778675602	31.9297929462276	43.1975157420431	39.2669958296715	35.9512604194102	37.8768407468231	42.1493227569755	42.2124953658021	43.2743975830801	44.5249050530083	46.4720803851132	50.1444968432022	61.2225162883247	69.537977140245	51.7471848943381
22.5290367098852	22.5258128319277	24.0481015471168	20.1758597356876	22.8419610399567	17.7789252485088	23.7089940507987	21.690215010096	21.0403105490148	18.7099335063173	19.5671917411003	23.6313146042677	30.8587885334683	27.3592041207521	26.5792358775464
44.6289489110107	45.9264145116972	54.9988989086838	58.5750766519961	51.6426945251196	46.9595525585613	61.0287069085374	55.8940156029396	59.9872683737869	59.8007368398117	52.3937305172883	66.2829555973362	68.9784684865761	79.4176897394055	79.9729221094317
469.033088074372	516.125420226693	495.43542539199	500.925377738737	376.197167040679	371.811436718814	458.22753316698	404.439086034405	417.374103585776	273.899216456405	321.57134848203	244.958748946677	584.006698502375	527.994640635904	419.857841074516
418.181833786346	469.542914079114	409.708396728657	494.200091160175	322.766840781997	317.894913410837	390.320290947409	369.901589826021	382.306919337418	243.939639386163	277.030240966104	198.848866792009	400.834210416013	513.365066210224	321.067760821689
469.247650328752	508.689715020037	481.852701370007	463.610884464132	364.47824789844	353.646013095338	394.564493586132	386.920066218558	396.333793036761	266.32050921334	313.075067857605	285.304895832013	522.289121435439	531.414541150998	408.097117234894
961.45346187615	1047.55964529062	982.85481693494	1080.16780240848	808.009543569948	797.346147558123	1025.77987223487	946.027070055724	948.30619531198	672.610267822041	744.196943784874	648.420217800028	1202.00757046943	1094.93814824927	909.103952802804
17.1649803503887	18.1518685927184	18.2587437672553	18.4403019089618	18.2735688319654	17.1991776860574	18.4403287061768	21.1896715867861	20.144978185227	17.5257604995884	17.2500242980753	19.5966999157342	22.2777350375306	23.7493091325973	23.9918766328295
24.2455347449241	27.7745459189788	32.2868030030735	35.5789354478791	28.6021077369893	27.0548862477308	38.6368791938942	40.7108650958724	45.2142843712872	42.3933936408962	41.4515509252256	39.1933998314684	68.1533671888898	76.9477615896154	55.7458309998097
19.3106028941873	19.6827490764417	27.8334508647185	22.7791964757763	20.8557035582214	18.1654236234764	23.5626422356703	20.5222803557062	22.2340870340653	18.5915162056444	22.5280168071879	22.478567550401	25.5781402282758	32.6790493664539	27.2848793079237
28.1076553237616	33.2419762179904	36.0721523206752	41.0025536563973	29.595236477857	30.1468732474714	40.1003973451781	35.5385830550034	43.1251755224488	38.2487881173449	37.9757997606881	46.1098821546687	53.6315843496106	45.7886680076477	47.7485387888665
12.8737352627916	14.2153187774301	21.1534226571861	17.7894677239396	13.705176623974	17.0059284985736	17.8549214456632	15.6836939303771	15.369872245025	15.0389971854576	15.4477829535002	17.8675793349341	18.3172488086362	27.3592041207521	24.9327345399993
23.6018479817845	22.3071156199672	29.6147917200605	23.2130859324577	24.033715528998	22.4169057481198	23.2699386054136	24.5266277421854	20.2942002458583	20.0125238137192	21.2407015610628	29.3950498736013	25.083079449664	28.6891654321776	32.69481227415
604.636432842444	658.278608000994	570.919744137106	646.061400998683	477.694924357356	466.89003696084	650.094762800296	591.47547854454	622.70365901446	424.052353709635	470.642453983307	368.302683710416	621.796337936408	824.386018610719	624.494435883944
621.586850938452	690.427098159182	657.53744322811	665.586426549349	526.556858408046	516.941576519141	643.36257930439	573.289067497613	586.442698281051	440.63077580384	476.43537259087	376.948286614417	893.749725653819	780.687289806739	567.807746976965
21.4562254379859	21.2136295601649	24.2707691540345	21.0436386490505	22.8419610399567	19.1316695608953	25.9042712777245	22.6913018567158	23.8755297010097	24.8676331413078	20.3395808887753	26.5131822389345	23.2678565947541	26.599226228509	28.9313806454709
132.384910952373	174.73907235641	142.284600820441	180.064124522803	109.244161495445	111.311531990664	162.596866607638	135.647267716985	156.832385723508	100.417870970615	124.998310398739	82.4214143514703	201.98479767361	185.624600180381	132.190535957355
263.482448378467	300.052574809755	279.893181895609	308.712348428854	213.522679286552	219.531076981587	276.75128240778	239.259756342135	269.495041500147	196.335884515659	222.705537579628	161.960961068274	465.687172414157	330.780377598816	270.026219357728
146.975144250204	181.299988715224	167.446040402147	178.762456152759	138.442146476955	127.351214551818	148.400740540185	139.484767295694	147.282173843104	110.483341527811	109.936722019077	127.954922979206	269.973144602963	156.935434748203	152.88940991509
855.245145958119	938.429736522347	837.898204831486	928.306492569969	699.361259319023	676.758654568237	902.258940266507	823.894474768107	792.667586073523	577.994844584398	605.810554826434	559.082321125358	1019.82520394029	931.162912470876	790.791070976204
890.433355676416	1042.52960941553	866.622326123876	972.346272423136	715.648570669254	719.853223377122	929.919433325772	855.095014821091	851.461077962259	629.743204978453	682.148348921648	436.891133415486	1059.10002571016	1033.7599279237	868.882277271296
416.894460260067	475.229041590086	389.000309285306	461.875326637407	321.376460544783	331.808854909669	415.346451334363	400.935282071235	402.004231340751	258.268132767583	294.923922887242	229.396663719477	417.831297148351	501.395414407395	363.641581121122
31.5406513938393	26.899757071137	36.9628227483462	28.8536488693166	27.4103532479481	29.1806273100525	36.29525015184	33.3695615539938	30.1428562475248	30.9069154756255	29.0933245624255	29.9714234005346	44.2254295559866	51.1085132533495	40.9273189618856
474.397144433869	551.335671352327	484.747380259938	584.882987606598	405.196526274015	391.909352217129	510.621482982943	470.177122295772	482.584144081659	342.462833546011	407.435275398569	272.048304712545	697.870677583087	570.363408128458	484.541822192439
52.1386278143058	57.9547611695227	59.229583440121	83.0898309544982	59.9849759484081	52.9502773705588	111.959138573216	106.94944478055	105.201552745074	103.733555389456	107.490823051439	96.2543789978709	171.456049659217	140.025926645794	117.136809442638
15.0193578065902	18.8079602285998	22.9347635125281	39.0500511013308	19.6639490691802	20.4844138732819	40.2467491603065	38.5418435948628	41.3345107948731	38.130370816672	39.5205780560381	47.2626292085354	81.8500487304826	57.1883363912944	51.5119704175457
83.2501546993854	92.5089206592759	113.783147134969	101.096243406779	91.5664699080005	85.8026392428033	128.935949128109	111.454335590339	119.228426444417	105.865066801568	112.511352511327	89.9142702016039	204.130061047595	167.005141820424	134.542680725279
393.292612278282	489.663057579477	394.121664244414	520.667348017744	324.753098263733	331.615605722186	387.685958275098	352.549417817944	373.204373638908	228.426972998013	268.405228817067	208.647216749876	437.303687773748	513.935049629406	325.772050357538
585.754954457016	674.024807262147	686.484232127417	598.333560763724	489.612469247769	462.445305648712	547.794844025553	532.077658978431	493.477354507745	372.540827916926	406.534154726281	326.803789771214	748.366877001489	675.240357258007	514.884489698664
833.574358265753	889.222863831243	957.025374532481	864.741687166136	630.040873206459	649.89701750799	720.48998587705	674.565686813984	706.715679149888	505.523456572586	561.140715785896	430.551024619219	1158.60724221113	890.50409523587	725.871875381488
34.1153984463976	36.0850399734764	38.9668312106059	42.9550562114638	35.3553831748896	33.8186078096635	41.1248600510768	37.540756748243	39.9915122491913	42.3933936408962	37.0746790884006	46.1098821546687	49.8361183802535	56.8083474451728	43.2794637298101
529.325081555113	566.64447618956	573.146420206284	526.741800411284	420.093457387031	409.495028278154	503.889299487037	477.184730222111	447.36773777267	292.727567263395	351.179599142905	327.380163298148	543.576734915746	601.902490656547	465.489449572251
472.68064639883	509.564503867879	523.936879077461	588.137158531709	471.537526163977	446.792121462525	600.627849286901	532.745050209511	565.850053913931	417.30256757128	462.146173358882	414.412565865085	944.080904812684	668.780545173941	562.633028487531
49.5638807617475	54.6743029901158	62.5695975438872	65.0834185022179	59.7863502002346	56.6220119327508	86.932978186262	76.5831437664157	92.2192334701501	70.9319631030638	67.8415134707886	65.7065820704029	86.9656767761378	110.196794375252	78.561635248677
647.978008227175	733.291751703433	663.772136221807	727.198729398115	543.440047002797	530.082521268039	677.023496783919	595.479825931019	613.451891255319	446.077971634793	491.88315554437	299.714234005346	909.756690828933	857.825045869416	588.271406457907
104.062693374232	125.094805241385	102.872434396	139.495460323087	94.7444818787771	92.1798624297684	140.936797968637	119.629878171068	135.344408992599	103.970389990801	109.164332871402	65.1302085434695	164.195158239577	188.474517276292	120.429812117732
481.477698828404	546.086938265276	536.406265064855	580.327148311443	392.285852642735	398.673073779061	495.254542394462	436.807560741779	446.472405408882	328.015922863918	359.933342816556	270.319184131745	690.44476590391	589.932838853718	451.376580964704
219.926310739356	259.59359059707	237.586336581237	264.889513304027	207.961158337693	210.834863544816	319.778716055526	268.12442708634	302.622338960298	265.728422709975	291.834366296542	218.445566707743	516.843452870709	515.265010940832	331.652412277349
18.8814783854276	18.5892630166394	20.0400846225973	30.5892066960424	30.1911137223776	25.895391122828	50.1986725890368	52.0565160242303	51.9292770996962	50.2089354853073	59.7314274202009	58.7900997472026	82.5101297686317	88.1574355002013	70.5643430377338
5.57861861387634	5.9048247229325	7.12536342136794	16.2708546255545	9.1367844159827	8.11646587431923	16.5377551095077	16.184237353687	18.6527575789138	17.7625951009342	19.1809971672628	16.7148322810674	54.9517464259087	45.0286901154045	28.6961661686784
833.145233756994	916.12262090238	867.512996551547	1017.90466537469	666.58801087039	659.366227694696	803.178761424589	727.956985300374	769.985832857564	490.366042086456	570.409385557996	418.447180553618	1143.92043911231	963.081983945087	719.050655554507
392.434363260763	430.614810350152	443.553872980154	433.672511953112	314.424559358709	308.232454036647	373.928887653029	364.061916554072	363.952605879767	267.97835142276	298.270942527167	192.508757995742	481.364097070197	448.386956423438	365.523296935461
198.04096079261	224.820733895356	228.902299911445	253.391442701969	175.982412881754	174.697265485347	232.845737869264	187.203240317905	198.465340639643	150.863641057268	159.755822044115	122.767561236805	354.133476966967	314.630847388649	205.577452716598
181.305104950981	202.732315487349	189.712801093921	200.890818443513	165.057996732209	150.541117049873	223.771925331304	188.538022780065	210.253883429517	154.6529946788	149.071105501277	110.087343644271	288.620433930674	323.560587622506	209.576098822069
326.992875674906	389.718431713545	326.876046955254	418.269436240921	286.219703118067	268.61637060247	364.855075115069	318.345617225101	333.809749632242	251.992015831919	270.851127784704	212.105457911476	573.940462670602	391.198620032143	349.293498036782
1003.5076637346	1131.7580718954	1016.03229036568	1046.10748005898	777.22255260305	760.822051123686	1016.26700425152	910.65533480849	928.310439187384	696.885814459984	752.049566786237	589.630118052826	1149.36610767704	1142.81675546058	911.926526524313
568.589974106627	618.257018212229	621.242623300517	563.405459500867	400.42950831785	365.820711906817	444.909517990297	425.628757621191	421.999987465347	305.753470337413	332.770991123318	327.380163298148	687.144360713165	544.904148738313	465.489449572251
111.572372277527	131.437024388238	123.135186625515	145.569912716627	93.7513531379094	92.566360804736	102.299918774743	101.610314931911	99.381892380453	67.9715305862414	84.5766116704138	67.435702651203	151.98365903382	108.676838590765	89.8519301347144
798.815273056216	873.476664570089	878.869044504352	827.644138619871	620.904088790476	616.658157260778	706.293859809596	687.913511435582	659.263063869131	491.313380491839	561.398178835121	421.329048188285	1151.01631027241	842.435493551493	674.12469048715
497.784430161274	571.67451206465	548.430315838414	657.776416329083	461.6062387553	433.651176713627	541.794419605289	482.69070787852	523.769432815901	377.395937244515	413.356925530744	290.492257574413	743.911329993983	701.079605594273	491.833470973005
326.134626657386	335.918917571271	408.817726300986	330.840710719608	274.103532479481	261.659399853053	306.167997248586	311.838552722072	275.4639239254	213.269558511883	229.914502957929	216.140072600009	506.282156260324	324.890548933932	318.009972623387
29.1804665956609	29.0867291907416	37.6308255690994	39.2669958296715	32.177371204113	32.2726143097931	30.1484739164477	31.3673878607542	31.9335209751005	32.6831749857189	29.736982185488	39.1933998314684	54.4566856472969	49.9685464149848	43.5146782066025
29.6095911044206	41.9898646964089	40.3028368521124	41.6533878414195	33.7663771895013	33.2388602472121	47.7106917318542	41.7119519424922	46.2588387957063	42.7486455429149	51.8788044188383	48.9917497893355	68.8134482270388	72.5778887092174	61.3909784428284
878.417869431144	915.247832054538	932.309270164611	923.316763818132	721.210091618113	713.282751002673	959.189796351449	942.856961708094	861.011289842663	639.335006332957	712.400257205586	586.748250418159	1262.5700057196	1097.97805981824	958.969421882802
834.218045028893	905.625154728277	921.398557425642	894.680059677156	697.772253333635	687.387359879845	846.206195072334	766.498828895237	784.758816860063	555.969226659239	636.706120733435	461.67519507362	1321.97729915302	1010.77059668334	750.334180967903
31.5406513938393	36.5224343973973	34.2908114653332	35.1450459911977	37.1430149084514	33.0456110597283	55.174634303402	56.3945590262495	40.4391784310852	45.4722434583915	49.8191000250383	44.3807615738686	59.7373339524894	60.6082369063884	51.7471848943381
667.074048866983	663.527341088045	710.532333674534	769.069061967875	600.048385232255	586.897782388274	789.42169080252	765.664589856387	671.64849490153	525.062311183614	588.817993577584	470.320797977621	1043.25808079458	838.065620671095	789.144569638656
47.4182582179489	40.4589842126857	51.2135495910821	68.7714788840103	53.628952006855	59.3275005575239	102.153566959614	95.6037938521922	91.9207893488874	87.510385197269	90.4982618025889	82.9977878784036	110.728594149504	89.4873968116268	100.907010543959
35.8318964814365	33.6793706419113	37.8534931760172	32.541709251109	33.7663771895013	37.8768407468231	47.8570435469826	46.2168427522814	34.6195180664641	60.8664925458678	58.1866491248509	75.50493202827	79.3747448374237	81.8876178891956	65.1544100715075
588.973388272714	656.966424729231	662.881465794136	612.001078649189	490.009720744116	481.576975209608	548.08754765581	524.569507628782	514.219220935497	356.909744228104	403.444598135581	351.587851429349	691.599907720671	647.881153137255	548.990588833569
42.0542018584524	41.1150758485671	57.8935777986145	52.9345137151373	48.6633083025165	40.1958309966286	62.0531696144361	64.570101606978	55.5106065548476	58.0244773297183	64.365762306251	63.9774614896028	77.3945017229765	76.1877836973722	71.2699864681111
109.641311988108	115.253430703164	126.475200729281	147.088525815013	120.565829141337	129.863453989108	217.478797280783	214.89997640772	195.480899427017	202.612001451322	196.444306558678	226.51479608481	332.84586348666	230.843284768846	230.980616210182
79.1734718661681	78.5122990938062	95.7470709746317	94.8048462848975	82.0324339956707	78.0726717434517	132.009337245805	118.295095708908	125.495752990932	136.535147675847	118.561734168114	137.176899410139	155.119043965028	152.375567394744	141.834329505845
296.739597807345	316.23616849483	356.045503461479	410.676370748995	299.924879742041	304.367470286971	608.82355093409	599.651021125268	581.369148219587	492.023884295876	512.351467957758	462.251568600554	856.620167257934	623.371866112415	577.686755002247
55.1424993756238	49.2068726911042	68.8042905375842	63.9986948605143	60.7794789411023	64.3519794321025	96.4458461696071	96.438032891042	81.7736892259583	67.4978613835498	81.7445181289388	89.3378966746706	100.662358317731	87.3974576079582	82.795495830941
375.269382910374	391.686706621189	432.420492634267	484.220633656501	404.799274777668	401.571811591318	632.532544984889	631.518952409332	477.212149898932	421.447173094831	480.55478137847	381.559274829883	741.271005841387	574.923275481916	527.115642491872
230.010736695209	208.199745786361	238.922342222744	187.223300558047	163.270364998647	155.372346736968	296.801481080369	289.814642096436	213.387546702774	207.230276177565	216.912618972066	246.111496000544	264.362455778696	295.631400082572	251.209061214332
52.5677523230655	55.3303946259972	72.5896398551859	72.4595392658026	64.354742408226	56.428762745267	120.154840220406	124.468464596397	98.3373379560338	123.864496503848	126.414357169477	130.260417086939	170.135887582919	136.796020603761	157.828913927731
411.31584164619	425.14738005114	431.529822206596	445.170582555171	345.012924577434	338.95907484657	571.503838076352	576.459175845243	474.227708686306	361.883270856365	430.606949828819	334.873019148281	612.390183142785	658.330849155598	551.342733601493
16.9504180960089	20.776235136244	16.2547353049956	21.4775281057319	14.1024281203211	16.619430123606	31.4656402526032	24.0260843188755	27.0091929742673	26.4070580500555	32.1828811531255	36.3115321968016	36.6344976172725	50.9185187802887	32.9300267509424
97.1967012340763	97.5389565343665	106.435116106684	100.662353950097	103.682640546586	91.0203673048657	119.276729329636	127.304877328486	105.052330684443	119.838308280969	112.253889462102	129.107670033072	132.181227889348	137.745992969065	130.308820143015
20.1688519117068	19.6827490764417	20.4854198364328	31.4569856094053	24.430967025345	26.6683878727632	55.0282824882736	51.8896682164603	51.1831667965396	44.5249050530083	54.5821664357009	52.4499909509356	76.8994409443647	68.2080158288195	58.8036191981115
56.0007483931433	64.0782831044157	64.7962736130647	100.879298678438	67.1355028826555	70.7292026190676	157.767256708401	159.33965642032	140.865625235957	132.272124851623	149.071105501277	135.447778829339	238.619295290883	176.314871000403	155.241554683014
58.5754954457016	52.7060280824716	60.5655890816275	85.4762229662462	73.8887783205557	70.1494550566162	157.767256708401	147.827157684192	140.865625235957	136.416730375174	126.671820218702	119.885693602139	179.872082895617	144.395799526192	163.238846893958
29.6095911044206	33.4606734299508	36.9628227483462	31.0230961527239	31.7801197077659	30.3401224349552	34.6853801854278	30.8668444374443	28.0537473986864	30.5516635736068	31.6679550546755	39.7697733584017	37.7896394340333	44.648701169283	41.6329623922629
32.3989004113588	32.585884582109	42.9748481351254	35.5789354478791	37.3416406566249	33.4321094346959	41.8566191267187	39.2092348259427	34.0226298239389	37.064615110616	37.9757997606881	45.5335086277353	48.1859157848809	46.35865142683	43.0442492530176
28.7513420869011	33.0232790060299	34.513479072251	32.9755987077904	31.1842424632453	27.4413846226984	36.7343055972252	39.5429304414826	35.3656283696207	35.5251902018683	35.5299007930506	49.5681233162688	45.710611891822	48.068601684377	47.2781098352816
27.8930930693817	27.3371514950579	31.3961325754025	25.8164226725464	29.9924879742041	25.1223943728929	26.6360303533665	27.8635838975848	29.2475238837369	25.1044677426536	27.2910832178504	42.6516409930685	36.4694773577352	42.3687674925536	39.045603147546
41.4105150953128	38.709406517002	48.3188707011513	50.76506643173	41.5127813682692	44.2540639337882	75.9565920516329	73.4130354187863	67.4483714053525	72.1161361097927	81.1008605058763	80.6922937706702	95.0516694934637	91.3873415422345	81.1489944933939
567.302600580348	613.664376761059	609.441240133877	573.167972276199	431.613750781096	424.181966526922	523.500442714241	504.047227273076	452.292065773503	328.726426667955	384.392332492931	294.526872262946	590.277468364791	585.752960446381	493.479972310552
552.926929536897	549.586093656644	564.017048322656	560.368233304096	417.114071164428	389.397112779839	504.913762192936	483.52494691737	459.753168805069	308.47706825289	348.090042552205	306.630716328547	581.366374349779	569.033446817032	453.258296779043
31.1115268850796	30.1802152505439	32.732138216909	33.1925434361311	27.013101751601	27.0548862477308	26.9287339836232	29.0315185519746	25.0693061860602	26.880727252747	29.3507876116505	35.1587851429349	36.3044570981979	42.1787730194929	33.6356701813198
24.8892215080637	17.7144741687975	24.71610436787	28.2028146842944	27.2117274997746	24.7358959979253	33.5145656644007	35.3717352472334	27.4568591561612	29.3674905668778	30.509371333163	36.8879057237349	45.2155511132102	41.6087896003105	49.3950401264137
631.027590131166	659.153396848836	729.013745048707	668.84059747446	518.015951236584	498.00315614573	576.040744345332	576.125480229703	536.900974151456	393.027020933337	448.243168700732	386.17026304535	907.611427454949	647.881153137255	580.509328723757
28.7513420869011	24.2753905276114	26.497445223212	35.3619907195384	35.9512604194102	31.3063683723742	56.4918006395574	60.0652107971888	41.0360666736105	46.3011645631017	56.6418708295009	38.0406527776017	70.6286710819487	56.0483695529297	63.7431232107529
27.463968560622	27.5558487070183	33.1774734307445	40.1347747430344	33.5677514413277	28.6008797476011	61.614114169051	65.4043406458278	49.2432800083326	47.7221721711765	52.9086566157383	51.8736174240023	91.7512643027185	69.537977140245	63.272694257168
89.6870223307812	91.4154345994736	98.8644174714802	151.644365110168	111.230418977181	120.007745427434	221.576648104378	222.574975565139	214.133657005931	183.191564140968	195.414454361778	171.759311026141	282.844724846869	269.412162800184	250.97384673754
59.2191822088412	52.7060280824716	58.1162454055323	66.3850868722623	57.8000927184992	50.0515395583019	95.1286798334516	92.2668376967928	77.4462494676503	95.0890924403343	99.5094685254641	100.865367213338	161.554834086981	154.465506598413	154.771125729429
31.969775902599	39.5841953648438	39.6348340313592	25.382533215865	28.6021077369893	27.6346338101821	27.8068448743936	29.8657575908244	22.3833090946966	20.9598622191023	21.8843591841253	24.7840616581344	27.558383342723	28.309176486056	29.6370240758482
1192.1078853345	1215.51910407625	1232.46520428974	1288.43474161557	996.108127090288	963.733697981667	1280.43203055826	1295.0726839105	1086.03815727468	827.973766304878	980.033096874978	797.700961275768	1615.87838138888	1306.02200781979	1180.77667349808
18.4523538766679	26.899757071137	32.732138216909	31.6739303377461	28.8007334851629	27.6346338101821	38.197823748509	35.3717352472334	34.6195180664641	28.1833175601489	28.4496669393629	36.8879057237349	41.9151459224649	45.4086790615261	43.5146782066025
953.514658464095	970.140832256614	1001.33622830911	1094.48615447896	798.674133405792	785.364697934128	960.94601813299	963.546089871571	888.766593120087	631.993133691238	722.312584600749	527.381777144023	1431.55075148576	1106.52781110597	939.917049262614
97.625825742836	97.5389565343665	110.888468245039	101.747077591801	102.888137553892	84.4498949304168	110.788324052189	118.461943516678	96.6958952890894	86.444629491213	100.668052246977	115.851078913605	135.316612820556	126.536319058479	100.436581590374
163.925562346213	152.431956736443	181.696767244882	198.287481703424	161.085481768738	159.237330486644	266.213951718536	268.79181831742	236.964632282522	182.362643036257	183.571154097428	195.390625630409	244.22998411515	213.933776666437	227.687613535088
57.931808682562	60.7978249250087	73.9256454966924	63.7817501321736	61.1767304374494	61.6464908073294	77.4201102029168	71.9114051488566	62.8224875257818	62.5243347552883	59.9888904694259	82.9977878784036	80.19984613511	86.8274741887759	74.0925601896205
61.1502424982599	54.4556057781553	74.1483131036101	78.7509363876837	68.7245088680438	64.7384778070701	91.7625880854987	87.2614034636938	89.9809025606804	81.4711028629514	78.3974984890137	113.545584805872	104.9528850657	118.176562243804	91.733645949054
59.2191822088412	57.7360639575622	64.3509383992292	86.3440018796091	64.1561166600524	67.0574680568755	106.105065968081	105.78151012616	104.903108623811	104.799311095512	102.985219690002	128.531296506139	140.432240866211	131.85616430418	122.781956885657
41.4105150953128	37.1785260332787	46.7601974527271	50.5481217033893	39.3278981383603	38.4565883092745	74.9321293457342	70.2429270711569	57.7489374643173	74.4844821232506	69.0000971923011	77.8104261360034	84.9854336616906	79.2276952663447	77.6207773415072
74.4531022698112	78.9496935177272	95.0790681538785	97.4081830249862	81.8338082474972	80.0051636182896	129.960411834008	130.141290060576	106.693773351387	128.245936628745	122.037485332652	153.315358164273	163.865117720503	128.436263789086	127.486246421506
62.6521782789189	76.1066297622411	86.3950314840863	71.5917603524397	72.2997723351674	66.0912221194566	83.4205346231807	83.5907516927544	84.1612421960593	87.3919678965961	84.8340747196388	103.170861321071	130.696045553513	118.366556716865	104.905656649431
844.731595493506	915.247832054538	931.641267343858	908.781467019303	643.944675578607	640.041308946316	789.275338987392	788.022196097563	695.225580481277	500.313095342979	593.323596939022	427.669156984552	1076.92221374018	875.494531864068	733.633953115639
39.694017060274	44.1768368160135	56.557572157108	48.8125638766635	44.8894190872193	45.2203098712071	51.9548943705774	50.8885813698405	48.3479476445447	49.0247624785783	48.6605163035258	57.6373526933359	68.318387448427	76.1877836973722	57.8627612909417
63.2958650420585	72.1700799469528	82.6096821664846	75.9306549192543	62.9643621710112	63.3857334946835	68.6390012952136	73.4130354187863	61.7779331013627	52.4588641980922	53.5523142388008	68.0120761781363	76.404380165753	77.5177450087977	67.506554839432
25.5329082712033	29.0867291907416	32.2868030030735	28.8536488693166	25.0268442698657	28.9873781225687	32.7828065887587	33.3695615539938	28.6506356412117	35.2883556005226	34.2425855469255	41.4988939392018	44.7204903345984	49.2085685227417	43.749892683395
36.4755832445761	26.899757071137	50.5455467703288	50.3311769750485	39.7251496347074	35.7510996845014	43.7591927233878	50.8885813698405	41.6329549161357	35.5251902018683	37.3321421376256	42.0752674661352	50.6612196779399	51.6784966725318	51.0415414639608
68.659921401555	75.8879325502807	76.1523215658699	126.261831894303	95.3403591232977	85.0296424928681	207.087818406668	206.390738211452	179.961805121361	151.218892959286	173.40136365304	179.828540403208	292.085859380956	247.752792871255	226.746755627918
66.2997366033765	66.0465580120598	73.0349750690214	78.3170469310023	71.7038950906468	69.376458306681	97.1776052452491	91.5994464657129	87.2949054693168	84.3131180791009	89.5971411303014	85.3032819861371	120.464789462202	116.656606459318	105.376085603016
30.46784012194	31.4923985223067	39.6348340313592	39.2669958296715	35.156757426716	34.0118569971473	53.8574679672465	58.2298849117192	43.8712858256054	47.9590067725223	44.2836444667007	54.1791115317357	68.1533671888898	69.1579881941234	63.0374797803755
23.1727234730248	23.1819044678091	30.2827945408137	29.9383725110203	27.8076047442952	25.5088927478604	25.0261603869542	27.1961926665049	26.5615267923733	26.4070580500555	25.4888418732754	32.2769175082681	37.6246191744961	44.8386956423438	39.5160321011309
27.463968560622	22.3071156199672	35.8494847137574	39.4839405580122	30.3897394705511	27.0548862477308	51.6621907403207	46.3836905600514	45.0650623106559	51.629943093382	53.2948511895758	43.8043880469353	81.5200082114081	84.3575460389857	65.6248390250924
233.443732765287	232.037741890051	268.537133942804	357.524912305517	290.192218081537	275.76659053937	539.01373511785	513.223856700424	461.245389411382	369.817230001449	408.336396070856	416.718059972818	586.812042914509	523.434773282445	467.841594340175
106.20831591803	103.662478469259	126.697868336199	118.017932217355	108.648284250925	103.581564491312	152.498591363779	156.503243688231	130.718525113028	111.785931835212	111.224037265202	112.969211278938	123.60017439341	136.986015076821	117.372023919431
769.420244206175	806.992712134109	860.164965523261	775.577403818097	597.863502002346	589.603271013047	693.414900078298	678.736882008234	607.035342648172	448.446317648251	512.608931006983	390.781251260817	936.985033652582	813.936322592376	651.779315191868
57.931808682562	55.1116974140367	67.2456172891599	80.0526047577281	68.7245088680438	58.9410021825563	109.178454085777	117.127161054518	89.8316805000491	98.0495249571566	108.778138297564	107.781849536538	125.910458026932	111.526755686677	109.374731708487
25.3183460168234	26.2436654352556	36.0721523206752	33.4094881644719	35.7526346712366	27.0548862477308	32.3437511433736	33.0358659384538	26.2630826711107	25.5781369453452	25.3601103486629	35.7351586698682	33.9941734646763	31.72907700115	33.1652412277349
24.460096999304	28.2119403428997	35.6268171068397	31.4569856094053	28.0062304924687	24.9291451854091	36.29525015184	34.0369527850737	37.9024034003529	29.6043251682236	34.886243169988	34.0060380890682	46.0406524108965	47.3086237921339	45.6316084977345
19.3106028941873	19.9014462884021	23.3800987263636	22.7791964757763	20.8557035582214	19.1316695608953	19.0257359666903	21.523367202326	18.5035355182825	16.4600047935323	20.0821178395503	30.547796927468	28.7135251594838	31.1590935819677	27.5200937847162
108.783062970589	111.098183675915	124.916527480857	173.772727400922	140.825655455038	129.863453989108	252.456881096468	239.927147573215	222.340870340653	195.743798012295	224.250315874978	218.445566707743	379.216556416631	273.2120522614	288.372948547539
69.9472949278341	73.4822632187156	65.4642764338179	114.763761292244	88.3884579372239	81.3579079306761	196.843191347681	197.214108784103	169.367038816538	153.231987070725	178.55062463754	160.231840487474	277.894117060752	224.57346715784	201.343592134334
26.8202817974824	28.8680319787811	34.7361466791687	23.2130859324577	27.6089789961216	22.4169057481198	24.1480494961839	32.8690181306839	22.6817532159592	26.1702234487097	30.3806398085505	32.8532910352014	43.5653485178375	43.1287453847968	39.045603147546
572.452094685465	562.05183473839	566.689059605669	539.107649926705	423.072843609634	398.479824591577	473.448121940332	487.028750880539	412.748219706206	296.043251682236	347.703847978368	292.221378155213	519.318756763768	503.675348084124	440.791929509044
30.46784012194	32.585884582109	34.7361466791687	31.8908750660868	27.013101751601	25.7021419353442	30.1484739164477	28.3641273208947	27.7553032774238	28.3017348608218	28.4496669393629	29.9714234005346	47.6908550062691	43.3187398578575	41.6329623922629
20.3834141660866	17.0583825329161	14.6960620565714	27.768925227613	18.6708203283125	20.8709122482495	30.5875293618329	30.3663010141343	29.2475238837369	26.9991445534199	29.3507876116505	32.2769175082681	43.0702877392257	46.7386403729516	34.811742565282
23.8164102361644	18.1518685927184	29.3921241131428	20.8266939207097	19.2666975728331	22.8034041230874	26.4896785382381	29.0315185519746	26.8599709136359	19.1836027090089	24.5877212009879	28.8186763466679	36.1394368386607	36.4789388276695	37.1638873332065
731.65728743532	769.595488888869	771.097922756162	723.076779559641	551.583702677912	547.861446516548	650.680170060809	660.717318769077	552.718512578375	426.183865121747	492.011887068983	339.484007363748	834.507452479941	741.928417302341	604.501205356586
7.50967890329508	9.40398011429991	9.12937188362767	7.81001022026615	7.94502992694148	9.27596099922198	12.2935524707845	10.845107505048	9.99787806229782	9.47338405383156	11.3283741659002	9.7983499578671	14.3567625797419	10.0697070722213	9.40857907169784
35.4027719726768	43.9581396040531	45.6468594181384	51.8497900734336	39.9237753828809	39.2295850592096	57.9553187908413	53.55814629416	59.9872683737869	55.5377140155875	57.9291860756259	59.9428468010693	67.3282658912035	76.1877836973722	61.155763966036
52.3531900686857	58.6108528054041	65.0189412199825	64.215639588855	54.6220807477227	51.2110346832047	66.8827795136729	66.4054274924476	60.8826007375748	56.7218870223164	53.4235827141883	73.7758114474699	72.1138534177841	73.3378666014606	62.8022653035831
493.278622819297	488.569571519674	537.074267885608	438.445295976608	377.38892152972	381.28064690552	494.669135133949	490.032011420399	395.438460672974	329.673765073338	381.560238951456	319.887307448014	665.031645935171	447.816973004255	447.377934859232
35.8318964814365	40.6776814246461	47.8735354873158	38.1822721879679	37.1430149084514	35.17135212205	48.003395362111	46.8842339833613	39.6930681279287	42.2749763402233	42.0952085482882	52.4499909509356	52.641462792387	65.3580987329079	55.5106165230173
800.317208836875	882.443250260468	896.237117843936	845.650551072152	704.128277275188	693.378084691843	811.667166702035	776.676545169205	736.56009127615	533.351522230717	600.275099268097	465.709809762154	1214.21906967518	860.104979546145	792.437572313751
171.649803503887	156.149809339771	194.611488446112	227.791964757763	210.940544560296	170.832281735671	417.834432191545	429.13256158436	336.9434129055	346.844273670908	373.192689851643	357.351586698682	490.110170825672	513.365066210224	408.097117234894
26.1765950343428	26.899757071137	32.9548058238267	31.8908750660868	30.7869909668982	24.5426468104415	36.7343055972252	37.874452363783	27.1584150348986	28.4201521614947	32.311612677738	29.3950498736013	40.2649433270923	50.1585408880456	42.3386058226403
783.366790740866	806.555317710188	820.75279909882	803.780218502392	576.213295451431	598.685982824785	717.562949574482	692.418402245371	638.371975380748	455.432938387952	535.651873912621	405.190589434151	886.653854493716	786.957107417745	659.070963972434
954.802031990374	956.800302327026	1026.49766789082	939.587618443686	722.20322035898	703.620291628484	839.181307946172	835.573821312004	732.232651517842	526.483318791689	622.803116075285	480.119147935488	1190.29113204228	854.595139827382	769.856982541676
76.8132870679896	78.2936018818458	73.4803102828569	132.770173744525	99.9087513312891	97.9773380542821	258.896360962117	229.248887875937	250.245395678708	226.65071348792	254.502224158916	202.307107953609	467.502395269067	410.00807286516	306.014034306972
186.454599056098	185.236538530512	203.295525115904	240.374759001525	176.379664378101	178.948747609991	316.412624307573	330.525507192308	270.390373863935	219.664092748219	242.787655419179	203.459855007476	362.714530462905	395.37849843948	311.188752796406
1144.47506486217	1185.99498046159	1282.56541584623	1140.91232634388	881.10381889781	846.624690366489	1025.77987223487	1004.42380277521	907.867016880895	664.913143278302	771.74549005195	554.471332909891	1492.93828803362	1175.30581035398	967.201928570538
121.227673724621	121.595649850017	139.38992193051	205.663602467009	144.400918922161	158.657582924193	390.905698207922	381.414088562149	300.831674232723	284.083104314274	322.343737629705	270.895557658679	408.755182873801	402.788282888851	369.051514087348
28.7513420869011	29.5241236146625	27.388115650883	27.1180910425908	23.6364640326509	23.5764008730225	29.4167148408058	30.1994532063644	27.4568591561612	27.1175618540928	40.9366248267756	32.2769175082681	47.8558752658064	53.7684358762004	51.2767559407532
56.429872901903	52.4873308705111	65.6869440407357	75.2798207342321	55.2179579922433	61.066743244878	86.932978186262	88.0956425025436	88.1902378331047	81.2342682616056	79.2986191613012	81.2686672976036	118.649566607292	129.576230627451	108.433873801318
21.2416631836061	19.0266574405603	20.2627522295151	18.6572466373025	15.2941826093623	22.0304073731522	23.4162904205419	19.5211935090864	21.1895326096461	20.6046103170836	21.1119700364503	35.1587851429349	26.7332820450367	38.5688780313381	27.5200937847162
486.841755187901	521.592850525704	506.791473344795	516.54539817927	373.813658062597	374.516925343587	429.835281032073	422.291801465791	416.478771221988	290.47763855061	348.86243169988	280.117534089612	618.495932745663	532.934496935484	390.691245952253
22.0999122011255	25.1501793754533	35.4041494999219	37.7483827312864	24.6295927735186	26.2818894977956	34.392676555171	36.0391264783133	34.4702960058328	43.814401248971	35.9160953668881	43.2280145200019	61.5525568073992	55.6683806068081	52.217613847923
27.8930930693817	33.4606734299508	35.8494847137574	40.1347747430344	34.1636286858484	30.533371622439	36.8806574123536	38.2081479793229	37.454737218459	34.2225998944665	31.539223530063	47.2626292085354	49.8361183802535	49.5885574688632	38.5751741939611
190.102157380555	208.637140210282	181.251432031047	155.549370220301	104.278517791107	100.296328304088	113.129953094243	99.1075978153615	104.007776260024	76.4975762346898	72.2183853076136	54.7554850586691	76.8994409443647	99.557103883848	83.0307103077334
470.535023855031	491.1939380632	453.128580077617	476.410623436235	361.10161017949	346.495793158438	446.958443402094	428.13147473774	412.002109403049	300.069439905115	326.463146417305	258.215340066145	500.836487695594	535.214430612214	409.037975142064
207.267137730944	251.939188178453	229.347635125281	283.546759941329	204.38589487057	197.500669608435	281.434540491888	238.926060726596	260.541717862269	190.059767579996	192.453629295691	153.315358164273	327.565215181468	314.440852915589	242.976554526597
224.002993572573	237.505172189063	235.804995725895	240.374759001525	193.461478721025	181.074488672312	241.33414314671	196.546717553023	220.400983552446	186.9809177625	192.067434721853	172.912058080008	378.556475378482	313.870869496406	221.336822661692
380.204314761111	434.33266295348	432.197825027349	430.635285756342	325.547601256427	339.538822409021	391.05205002305	366.064090247312	368.280045638075	273.899216456405	303.677666560892	230.549410773343	626.746945722526	512.035104898799	357.290790247726
532.758077625191	558.990073770944	579.158445593063	556.463228193963	448.69556512402	416.645248215054	502.572133150881	487.362446496079	478.10748226272	334.173622498908	389.927788051269	311.818078070947	787.476678511821	629.641683723421	486.188323529986
499.715490450692	545.868241053316	511.912828303903	594.21161092525	412.545678956436	415.292503902667	579.406836093285	507.384183428476	514.368442996128	374.672339329038	420.565890909044	309.512583963214	760.908416726322	630.401661615664	489.48132620508
430.626444540378	471.292491774798	467.379306920353	498.75593045533	363.485119157573	345.916045595986	461.739976730061	435.806473895159	423.790652192923	304.450880030012	341.13854022313	262.249954754678	667.176909309156	551.36396082238	414.683122585082
485.125257152862	520.280667253942	478.067352052405	550.605720528764	397.648747843421	381.860394467971	494.52278331882	502.211901387606	462.737610017695	320.081963718834	363.924020079543	303.74884869388	586.977063174046	595.822667518602	447.377934859232
19.0960406398075	20.776235136244	20.2627522295151	18.4403019089618	15.890059853883	18.1654236234764	18.4403287061768	21.1896715867861	16.5636487300755	15.5126663881492	18.4086080195878	21.9021940234676	20.1324716635461	26.599226228509	14.5832975611317
667.717735630122	758.879325502807	684.925558878993	734.140960705018	559.131481108506	524.478294831009	699.708028128819	653.209167419428	635.835200350015	444.183294824027	510.163032039345	382.135648356817	820.645750678811	778.217361656949	600.502559251115
33.6862739376379	38.4907093050415	37.4081579621817	54.8870162702038	41.7114071164428	41.3553261215313	59.5651887572536	52.5570594475402	53.5707197666406	44.7617396543541	44.0261814174757	54.1791115317357	66.8332051125917	72.957877655339	54.334544139055
801.819144617534	864.947473303631	867.067661337711	883.615878531779	664.601753388655	627.093613384902	759.273216886072	706.767313713588	718.504221939761	514.167919521708	567.448560491909	475.508159720021	1022.46552809288	922.23317223702	723.990159567149
130.239288408575	153.306745584285	161.656682622285	173.1218932159	132.284748283576	131.216198301494	179.134621717146	168.849981463209	185.781465485982	123.627661902502	139.030046581502	115.851078913605	276.078894205842	174.034937323673	166.531849569052
602.919934807405	692.614070278786	589.623823118197	708.541482760813	507.68741233156	520.42006189385	706.732915254981	607.326020282687	635.835200350015	477.103304411092	512.351467957758	370.031804291216	870.15182853999	862.954896642057	625.670508267906
595.624818158489	681.241815256842	625.250640225037	672.094768399571	511.262675798684	498.00315614573	618.629122547692	526.738529129792	571.669714278552	420.499834689448	451.976382914495	354.469719064016	748.366877001489	763.207798285148	549.696232263946
464.098156223636	514.375842531009	477.399349231652	490.295086050042	370.039768847299	351.133773658049	412.85847047718	415.784736962763	374.54737218459	254.241944544704	309.599316693067	246.111496000544	394.728460813134	556.493811595021	366.464154842631
419.898331821385	443.299248643859	426.408467247488	445.604472011852	331.30774795346	322.532893910448	436.42111271285	389.923326758417	383.053029640575	272.833460750349	319.254181039005	277.812039981879	427.567492461049	559.533723163993	381.517881357347
26.1765950343428	28.6493347668207	31.6188001823202	28.2028146842944	28.0062304924687	25.895391122828	30.7338811769613	25.0271711654953	32.6796312782571	25.6965542460181	26.3899625455629	35.7351586698682	31.1888290525428	50.5385298341671	30.8130964598104
674.583727770278	790.153026813153	669.116158787833	790.763534801948	557.939726619465	525.444540768428	712.586987860117	648.537428801869	631.656982652339	459.577543911503	496.260027381195	415.565312918952	650.509863095892	881.764349475074	590.153122272247
566.444351562829	588.295500173646	533.734253781842	611.567189192508	453.462583080185	437.32291127582	546.916733134783	545.258635792258	537.199418272719	336.660385813039	402.157282889456	342.365874998415	637.473262592448	687.96998695308	458.66822974527
78.3152228486486	71.5139883110714	78.8243328488828	113.245148193859	74.8819070614234	74.014438806292	136.546243514785	132.810854984895	128.480194203559	95.7995962443716	107.233360002214	98.5598731056043	132.181227889348	155.035490017595	121.841098978487
65.2269253314772	82.0114544851736	77.0429919935409	86.1270571512684	70.3135148534321	60.8734940573942	98.4947715814045	89.0967293491634	89.6824584394178	80.2869298562224	81.6157866043263	55.9082321125358	144.227706835568	146.675733202921	93.1449328098086
252.539773405094	291.523383543297	282.78786078554	332.142379089652	221.26908346532	219.531076981587	293.728092962673	253.775515618123	261.437050226056	208.65128378564	221.546953858116	199.425240318942	375.586110706811	363.269432492209	252.620348075087
30.46784012194	32.3671873701485	40.3028368521124	39.2669958296715	30.5883652187247	28.7941289350849	34.2463247400426	35.7054308627734	30.4413003687874	31.8542538810086	29.0933245624255	27.0895557658679	45.3805713727474	47.3086237921339	40.4568900083007
467.531152293713	560.302257042706	495.212757785072	564.49018314257	419.49758014251	418.577740089892	570.040319925068	477.017882414341	513.920776814234	406.408175909374	426.101346467382	284.728522305079	711.56735912468	734.708627326031	554.165307323003
128.522790373536	141.71579335038	147.183288172632	174.423561585944	127.716356075584	120.007745427434	184.256935246639	172.520633234148	182.797024273356	140.679753199399	156.794996978027	149.857117002673	211.225932207697	252.882643643896	169.354423290561
624.376160245391	701.143261545245	668.670823573998	705.504256564042	530.529373371517	512.110346832047	634.874174026943	566.615155186814	575.400265794334	427.486455429149	474.37566819707	364.844442548816	893.419685134744	698.039694025301	600.03213029753
676.514788059696	735.478723823037	710.532333674534	722.859834831301	532.118379356905	509.404858207274	656.680594481073	604.322759742827	632.552315016126	437.670343287018	471.929769229432	335.449392675215	829.226804174749	789.807024513657	592.034838086587
185.167225529819	204.481893183033	193.720818018441	223.453070190948	173.201652407324	175.663511422766	242.212254037481	220.906497487439	232.786414584845	165.073717138015	178.164430063703	139.482393517873	250.995814756178	315.580819753953	225.570683243956
603.563621570544	718.420341290121	608.327902099288	744.337362937032	512.851681784072	524.091796456042	645.411504716187	543.423309906789	583.458257068425	471.774525880811	524.709694320558	400.579601218684	1063.55557271766	738.888505733368	551.342733601493
16.3067313328693	18.5892630166394	16.7000705188311	24.9486437591835	16.6845628465771	17.3924268735412	31.3192884374748	30.8668444374443	34.4702960058328	36.1172767052328	40.6791617775506	45.5335086277353	70.4636508224115	56.9983419182336	43.0442492530176
387.928555918786	460.795025600696	395.680337492838	456.88559788557	319.390203063047	304.560719474455	400.857621636652	351.882026586864	371.264486850701	258.97863657162	294.022802214955	208.070843222942	428.392593758736	511.085132533495	344.118779547349
340.295735446457	401.090686735489	358.94018235141	432.370843583068	309.260289906197	284.849302351108	373.343480392516	357.721699858813	347.23973508906	231.624240116182	273.683221326179	204.036228534409	543.246694396671	490.945718389052	316.598685762632
645.188698920237	717.76424965424	690.269581445019	743.46958402367	549.597445196177	509.404858207274	637.362154884126	575.124393383083	617.03322071047	418.723575179355	490.467108773633	360.809827860282	1032.36674366512	781.827256645104	595.327840761681
33.0425871744983	32.3671873701485	40.3028368521124	45.3414482232118	33.9650029376748	33.8186078096635	36.7343055972252	33.5364093617638	36.2609607334085	33.5120960904291	36.9459475637881	40.9225204122685	52.8064830519243	64.0281374214824	40.2216755315083
24.2455347449241	26.2436654352556	25.8294424024588	25.8164226725464	22.6433352917832	22.223656560636	22.5381795297716	22.5244540489458	24.7708620647976	22.2624525265042	22.1418222333503	32.2769175082681	29.2085859380956	32.1090659472716	24.4623055864144
122.30048499652	131.874418812159	142.061933213523	142.098797063176	118.182320163254	104.934308803699	154.401164960448	151.497809455132	151.161947419518	95.9180135450445	115.472177577414	109.510970117338	152.973780591043	194.554340414237	157.828913927731
395.86735933084	452.047137122277	378.089596546336	398.744410690255	322.36958928565	311.710939411355	389.588531871767	357.888547666583	358.879055818302	261.110147983732	276.644046392267	223.05655492321	346.872585547328	425.777614129205	359.172506062065
204.906952932766	231.819044678091	219.327592813982	253.174497973628	182.934314067828	190.350449671534	324.461974139634	312.339096145382	294.415125625576	228.782224900032	250.254083846704	183.863155091741	365.189834355964	407.918133661492	315.187398901878
18.8814783854276	16.4022908970347	21.1534226571861	20.3928044640283	22.0474580472626	20.2911646857981	26.1969749079813	23.5255408955656	31.3366327325753	17.5257604995884	27.0336201686254	43.2280145200019	40.4299635866295	43.3187398578575	35.5173859956593
486.412630679141	522.030244949625	568.470400461011	460.139768810681	445.716178901417	410.461274215573	476.228806427772	419.455388733702	433.042419952064	348.265281278983	356.328860127406	315.85269275948	764.208821917067	531.414541150998	474.662814167156
724.576733040785	808.523592617832	751.280505740482	817.447736387857	575.220166710563	581.680054326212	698.098158162407	650.539602495109	672.84227138658	435.065162672214	493.556665364333	414.988939392018	832.692229625031	861.054951911449	646.134167748849
771.565866749974	852.263035009924	775.551274894517	956.292362525922	629.246370213765	615.112163760907	777.713545592249	722.451007643965	724.473104365014	506.352377677297	577.875813985522	372.913671925883	981.70552398718	906.653625446036	653.425816529415
377.415005454173	428.427838230547	468.937980168778	480.315628546368	354.745586237937	359.636737907335	461.593624914933	409.277672459734	434.534640558377	318.068869607395	339.59376192778	309.512583963214	731.369790269151	536.164402977517	415.859194969045
820.486060748582	909.999098967487	904.475819299893	916.374532511229	683.471199465141	657.626985007342	780.055174634303	722.617855451735	719.101110182287	511.325904305558	577.875813985522	438.620253996286	1258.77453975025	924.133116967627	754.097612596582
405.093536269174	473.042069470482	405.923047411055	489.64425186502	344.615673081087	337.799579721667	420.907820309241	395.596152222596	397.527569521812	279.109577686012	316.42208749753	213.258204965343	449.350166719968	477.836099747858	366.228940365838
655.91681163923	761.941086470253	682.698882809816	715.483714067716	532.118379356905	520.42006189385	669.559554212371	581.965153501652	594.053023373248	453.183009675167	521.362674680633	308.93621043628	1025.10585224548	786.007135052441	556.517452090927
301.674529658082	387.31276238198	355.377500640726	372.494098561027	278.473298939299	269.582616539889	356.513021652751	319.513551879491	322.618095084894	260.044392277676	269.692544063192	205.765349115209	574.105482930139	376.189056660342	314.952184425085
17.1649803503887	24.9314821634928	21.8214254779393	34.0603223494941	21.451580802742	25.5088927478604	39.6613418997929	37.2070611327031	35.067184248358	37.1830324112889	37.3321421376256	34.5824116160015	79.5397650969609	68.2080158288195	46.8076808816968
634.675148455624	673.150018414305	632.153336039487	683.80978372997	514.440687769461	486.601454084186	616.287493505638	567.783089841204	549.137183123224	409.250191125523	458.026764571282	312.970825124814	888.304057089089	689.489942737566	529.232572783004
23.1727234730248	30.1802152505439	29.6147917200605	32.9755987077904	27.013101751601	26.6683878727632	52.1012461857058	48.0521686377511	45.5127284925498	58.1428946303912	61.276205715551	62.2483409088027	126.570539065081	94.8072420573286	72.4460588520734
611.931549491359	666.370404843531	639.056031853937	606.14357098399	491.002849484983	462.058807273745	595.066480312022	560.942329722636	557.79206263984	374.198670126346	436.142405387157	312.970825124814	667.341929568693	763.017803812087	540.758082145833
387.928555918786	414.868611088998	419.505771433037	415.883044229173	319.588828811221	327.943871159994	375.392405804313	361.559199437523	361.266608788403	270.701949338237	305.222444856242	259.368087120011	626.251884943915	443.827089069979	367.405012749801
422.043954365183	504.753165204749	437.987182807211	488.342583494975	353.355206000722	349.587780158178	421.493227569755	374.23963282804	400.064344552544	278.754325783994	294.151533739567	197.696119738142	589.947427845717	551.36396082238	383.164382694895
40.3377038234135	35.8663427615159	48.7642059149868	42.5211667547824	41.7114071164428	44.0608147463044	51.808542555449	49.8874945232207	47.0049490988629	42.630228242242	47.3732010574007	42.6516409930685	62.3776581050856	63.4581540023001	59.7444771052813
416.465335751307	454.890200877763	511.24482548315	489.427307136679	364.875499394787	382.440142030423	429.396225586688	396.263543453676	418.567880070827	305.398218435395	350.021015421393	285.881269358946	741.766066619999	569.793424709275	419.622626597724
150.622702574661	161.398542426822	151.191305097151	160.972988428819	107.853781258231	117.109007615177	144.449241531718	130.641833483886	145.043842933634	94.8522578389885	109.293064396014	92.2197643093374	137.791916713615	212.603815355011	120.665026594525
63.2958650420585	80.2618767894899	77.0429919935409	117.800987489014	85.6076974627944	90.2473705549305	118.105914808608	113.289661475809	117.28853965621	97.4574384537921	105.688581706864	115.274705386672	138.121957232689	169.855058916336	119.959383164147
572.022970176705	628.535787174371	585.39313858676	614.387470660937	487.42758601786	472.880761772837	567.405987252757	502.045053579837	523.470988694638	365.317372575879	391.730029395844	335.449392675215	594.402974853223	660.420788359267	513.47320283791
18.8814783854276	22.9632072558486	24.2707691540345	24.9486437591835	21.8488322990891	21.8371581856684	26.4896785382381	26.695649243195	23.2786414584845	24.8676331413078	23.6866005287004	27.0895557658679	29.5386264571701	27.1692096476913	25.1679490167917
406.166347541074	471.948583410679	410.599067156328	433.02167776809	327.533858738162	309.198699974066	368.952925938664	355.719526165574	349.328843937899	254.47877914605	285.011595492079	250.146110689078	448.03000464367	391.388614505204	355.879503386971
39.2648925515143	45.7077172997368	50.7682143772466	46.2092271365747	35.5540089230631	43.8675655588206	46.3935253956987	36.2059742860833	43.4236196437114	38.0119535159991	39.9067726298756	34.0060380890682	70.4636508224115	68.5880047749411	50.100683556791
154.055698644739	169.709036481319	162.324685443038	180.931903436166	144.400918922161	139.13941498833	188.793841515619	167.014655577739	171.157703544113	120.193560182988	142.891992319877	159.65546696054	235.318890100138	240.722997368007	184.64336428207
451.653545469604	505.40925684063	500.33411274418	520.667348017744	383.5463197231	370.651941593912	455.446848679541	404.605933842175	427.521203708705	321.621388627581	363.409093981093	276.082919401079	841.108262861432	523.054784336324	425.738202994327
502.504799757631	511.751475987484	565.798389177998	559.500454390734	472.927906401191	466.503538585872	520.134350966288	516.227117240284	492.582022143957	354.896650116665	410.009905890819	366.573563129616	719.818372101543	524.004756701628	531.81993202772
736.806781540437	861.885712336185	838.343540045322	810.939394537636	628.054615724724	597.333238512399	798.641855155609	697.09014086293	714.773670423979	554.311384449819	600.146367743484	331.991151513615	1313.066205138	957.382149753264	665.892183799415
643.257638630818	750.350134236349	672.456172891599	736.310407988426	550.789199685218	540.517977392164	749.467645272471	693.586336899761	683.884703873297	464.195818637746	536.939189158746	454.75871275042	875.927537623794	899.433835469726	678.123336592622
254.256271440133	283.650283912721	271.209145225817	273.133412980975	217.693819998196	214.313348919524	284.94698405497	249.771168231643	249.797729496814	217.65099863678	216.912618972066	149.857117002673	413.705790659919	323.750582095567	259.67678237886
99.127761523495	129.031355056673	110.888468245039	117.367098032333	88.785709433571	81.5511571181599	126.008912825541	90.9320552346331	112.961099897902	94.9706751396614	107.362091526827	64.5538350165362	221.29216803947	139.455943226612	96.6731499616953
389.645053953825	446.361009611305	400.801692451947	466.648110660903	309.260289906197	309.198699974066	369.099277753792	362.727134091912	366.489380910499	229.137476802051	285.397790065917	204.612602061342	409.085223392876	510.325154641252	327.183337218292
39.694017060274	40.8963786366066	45.4241918112206	56.1886846402482	43.300413101831	42.9013196214016	71.4196857826529	76.2494481508758	67.7468155266151	58.379729231737	58.5728436986884	60.5192203280026	86.6356362570633	99.3671094107872	88.9110722275446
23.1727234730248	22.5258128319277	33.1774734307445	28.8536488693166	23.2392125363038	21.0641614357332	24.8798085718258	25.3608667810353	21.9356429128027	20.9598622191023	21.3694330856753	27.6659292928012	29.7036467167074	38.5688780313381	30.3426675062255
28.7513420869011	22.9632072558486	32.2868030030735	34.4942118061755	30.7869909668982	27.2481354352146	30.5875293618329	28.0304317053548	27.9045253380551	28.3017348608218	29.222056087038	38.617026304535	43.4003282583003	51.6784966725318	39.7512465779234
323.130755096068	389.281037289624	344.466787901756	346.243786431799	244.508296001624	236.923503855128	308.50962629064	287.145077172117	287.99857701843	213.98006231592	245.104822862204	154.46810521814	413.210729881308	457.886680076477	297.311098665652
20.8125386748464	23.8379961036905	29.169456506225	24.2978095741614	20.0612005655272	26.0886403103118	24.1480494961839	26.5288014354251	25.6661944285855	20.6046103170836	22.3992852825754	35.1587851429349	31.6838898311546	41.4187951272498	26.1088069239615
429.339071014098	487.694782671833	413.493746046258	492.030643876768	332.896753938848	325.431631722704	437.445575418749	389.756478950647	397.378347461181	278.043821979956	302.647814363992	224.209301977076	612.555203402322	482.965950520499	379.400951066215
766.416372644857	784.904293726102	837.230202010733	713.097322055968	619.315082805088	615.112163760907	748.5895343817	687.412968012272	680.004930296883	525.417563085633	550.069804669221	441.502121630953	1032.69678418419	765.677726434938	734.104382069224
479.117514030226	533.62119718353	502.560788813358	539.758484111727	379.375179011456	379.348155030682	476.814213688285	460.666797252884	439.45896855921	309.542823958946	348.218774076818	308.93621043628	625.096743127154	557.063795014203	433.500280728478
414.748837716268	490.97524085124	462.480619568163	505.264272305552	365.272750891134	355.385255782692	428.664466511046	388.755392104028	404.09334018959	279.938498790723	314.619846152955	204.036228534409	580.376252792555	541.67424269628	391.632103859423
721.358299225087	802.400070682939	767.757908652395	815.712178561132	580.980313407596	599.265730387237	674.535515926736	629.183083100553	648.369853443045	457.446032499391	518.144386565321	338.907633836815	1054.97451922172	783.15721795653	644.25245193451
6006.45574910978	6487.65279280714	6342.46411544514	6041.04290537587	4733.45020472356	4585.99646817785	5725.13665600738	5515.48798145186	5295.89093180522	3820.97104081229	4317.91279855254	3352.76480617135	6886.95551152815	6546.44956378219	5324.78532562739
51.9240655599259	50.519055962867	58.33891301245	74.8459312775506	43.6976645981781	54.8827692453967	137.131650775299	128.305964175106	124.749642687776	131.443203746913	129.63264528479	126.802175925339	234.163748283377	224.763461630901	178.057358931882
159.634317258615	182.174777563066	216.210246317133	186.355521644684	165.256622480383	151.700612174776	194.794265935883	172.020089810838	183.990800758406	149.442633449193	140.96101945069	150.433490529607	321.459465578589	257.822499943477	205.107023763013
671.57985620896	719.732524561884	718.771035130491	768.201283054512	521.392588955534	535.107000142618	617.604659841794	573.122219689843	591.516248342516	392.908603632664	464.205877752682	331.414777986681	887.148915272328	806.716532616066	589.44747884187
622.230537701592	686.490548343893	633.044006467158	755.401544082409	500.93413689366	492.785428083668	641.167302077464	554.101569604067	587.636474766102	430.565305246644	479.396197656957	333.143898567481	1117.51719758635	664.980655712725	554.635736276588
122.08592274214	131.218327176278	137.163245861333	165.094938267293	120.565829141337	133.921686926267	248.944437533387	230.083126914787	235.173967554946	202.49358415065	194.513333689491	205.188975588276	309.247966372832	324.320565514749	264.145857437917
839.582101388389	901.688604912989	910.042509472837	891.859778208726	663.80725039596	633.470836571868	760.883086852485	702.262422903799	724.920770546908	497.47108012683	580.450444477772	458.793327438953	1131.54391964702	918.053293829683	761.62447585394
27.0348440518623	26.462362647216	31.6188001823202	26.6842015859094	20.8557035582214	25.7021419353442	36.29525015184	26.862497050965	30.4413003687874	26.880727252747	25.1026472994379	28.8186763466679	34.8192747623626	36.4789388276695	35.0469570420745
23.6018479817845	24.9314821634928	28.7241212923895	30.8061514243832	25.4240957662127	25.7021419353442	30.8802329920897	32.368474707374	36.8578489759338	31.1437500769712	33.4701963992505	34.0060380890682	49.1760373421045	40.6588172350066	37.6343162867914
48.9201939986079	49.2068726911042	57.8935777986145	49.4633980616856	41.1155298719221	38.6498374967582	50.0523207739084	45.8831471367415	48.0495035232821	37.7751189146533	41.7090139744507	54.7554850586691	57.5920705785049	69.7279716133058	43.0442492530176
140.538276618808	150.026287404878	160.543344587696	152.729088751871	132.086122535402	121.360489739821	193.477099599728	178.527154313867	180.260249242623	159.389686705716	163.61776778249	139.482393517873	297.366507686149	307.41105741234	224.159396383201
26.3911572887227	28.2119403428997	28.7241212923895	45.1245034948711	27.2117274997746	32.4658634972769	59.7115405723819	50.8885813698405	49.9893903114891	57.6692254276996	50.5914891727133	51.8736174240023	100.662358317731	94.9972365303893	71.9756298984885
264.340697395987	289.117714211732	254.731742313904	296.346498913432	224.248469687923	218.951329419135	291.532815735747	287.311924979886	284.417247563278	230.440067109453	241.886534746891	191.932384468808	403.474534568609	386.828747151745	312.364825180368
513.232912476623	548.273910384881	533.734253781842	531.51458443478	417.908574157122	380.700899343069	474.911640091616	443.648320860347	420.209322737771	300.661526408479	345.25794901073	278.388413508812	679.388408514913	618.811998758956	461.255588989987
234.301981782806	237.505172189063	236.027663332813	225.839462202696	178.56454760801	160.976573173998	217.478797280783	200.551064939503	200.703671549113	160.455442411772	166.19239827474	138.329646464006	241.424639703016	346.54991886286	217.102962079428
22.9581612186449	20.776235136244	36.2948199275929	29.0705935976573	23.2392125363038	22.0304073731522	21.3673650087445	20.6891281634761	26.7107488530046	20.8414449184294	23.1716744302504	29.3950498736013	23.1028363352169	33.6290217317578	26.1088069239615
703.978756620318	851.169548950122	694.945601190292	858.450290044255	617.130199575179	629.219354447224	823.668015542563	745.642852923991	778.193046192286	571.837144949407	604.394508055697	376.371913087483	853.484782326726	1065.67899939791	728.459234626205
55.3570616300037	57.0799723216809	57.0029073709435	55.9717399119074	55.4165837404168	57.7815070576536	60.1505960177671	56.2277112184795	60.8826007375748	56.4850524209707	51.4926098450008	65.1302085434695	75.0842180894549	87.587452081019	67.506554839432
33.9008361920178	36.0850399734764	42.5295129212899	56.1886846402482	36.5471376639308	43.481067183853	44.6373036141581	44.5483646745817	47.6018373413881	44.6433223536812	44.6698390405382	57.6373526933359	65.6780632958308	77.5177450087977	58.3331902445266
1056.28997831205	1165.87483696123	1112.89269937491	1092.09976246722	813.17381302246	818.990056556307	953.482075561442	894.804793070343	887.871260756299	634.006227802677	738.275293652699	533.145512413357	1408.61293541008	1072.13881148197	895.22629867205
23.6018479817845	20.3388407123231	25.8294424024588	26.0333674008872	22.2460837954361	20.8709122482495	28.0995485046503	28.1972795131247	30.1428562475248	26.2886407493826	27.8060093163004	34.0060380890682	37.1295583958843	31.9190714742108	32.69481227415
24.0309724905442	25.1501793754533	33.4001410376622	34.4942118061755	25.6227215143863	24.9291451854091	36.29525015184	38.5418435948628	41.1852887342418	33.630513391102	37.8470682360756	47.8390027354688	48.1859157848809	62.5081816369962	46.5724664049043
994.066924541888	1118.63623917777	1120.01806279627	1068.66973180642	834.228142328855	778.987474747162	876.354668988782	829.400452424516	844.596863173219	615.769963499051	676.097967264861	531.99276535949	1460.92435768339	969.161807083032	918.512531874502
27.463968560622	30.1802152505439	40.3028368521124	37.3144932746049	35.3553831748896	24.1561484354739	30.2948257315761	31.3673878607542	30.2920783081561	27.7096483574573	29.8657137101005	40.3461468853351	47.3608144871946	49.778551941924	38.5751741939611
434.059440610455	514.81323695493	468.047309741107	529.562081879713	350.177194029946	365.240964344365	435.982057267465	398.933108377996	426.327427223655	308.713902854236	334.95942704173	229.396663719477	730.049628192853	595.822667518602	415.38876601546
22.3144744555054	19.6827490764417	21.3760902641038	29.7214277826795	23.0405867881303	21.0641614357332	29.5630666559342	27.5298882820449	31.7842989144692	27.7096483574573	31.1530289562255	26.5131822389345	49.3410576016418	56.0483695529297	39.2808176243385
736.592219286057	790.371724025114	771.988593183833	821.786630954672	628.054615724724	618.204150760648	736.003278280659	713.608073832157	708.655565938095	477.221721711765	554.446676506046	434.585639307752	1003.15815772702	824.576013083779	715.052009449036
36.0464587358164	37.6159204571996	38.7441636036882	57.7072977386332	41.3141556200957	44.6405623087558	71.4196857826529	77.7510784208055	72.8203655880797	66.6689402788396	73.1195059799011	59.3664732741359	111.388675187653	115.896628567075	89.8519301347144
478.902951775846	507.158834536314	480.962030942336	524.572353127877	350.773071274466	373.357430218685	433.347724595154	400.601586455695	399.915122491913	286.333033027059	332.127333500255	252.451604796811	635.823059997076	563.333612625209	414.683122585082
333.215181051921	381.407937659048	345.13479072251	416.099988957513	295.753739030397	303.980971912004	414.907395888978	383.583110063159	386.186692913832	260.636478781041	304.450055708567	247.840616581344	409.250243652413	549.654010564833	407.391473804517
32.6134626657386	32.1484901581881	36.7401551414284	29.2875383259981	24.033715528998	31.8861159348256	24.4407531264407	31.8679312840641	27.7553032774238	25.2228850433265	27.0336201686254	32.2769175082681	28.218464380872	37.2389167199126	26.1088069239615
18.237791622288	22.9632072558486	26.9427804370475	20.8266939207097	16.8831885947506	18.9384203734115	21.0746613784877	19.5211935090864	19.1004237608078	20.1309411143921	21.6268961349003	26.5131822389345	23.9279376329032	37.9988946121557	23.5214476792446
626.521782789189	716.670763594437	629.481324756474	792.282147900333	526.159606911699	519.260566768947	721.953504028334	634.021669525882	675.975934659838	477.695390914456	525.224620419008	394.815865949351	721.79861521599	935.342790878213	648.956741470359
21.8853499467456	24.4940877395719	29.169456506225	25.382533215865	17.2804400910977	20.2911646857981	24.0016976810555	22.3576062411758	23.5770855797471	19.7756892123734	23.4291374794754	25.9368087120011	24.0929578924405	38.1888890852165	20.2284450041504
20.8125386748464	23.61929889173	21.3760902641038	22.3453070190948	20.6570778100478	17.585676061025	20.3429023028458	20.1885847401662	18.3543134576512	19.7756892123734	23.9440635779254	24.7840616581344	25.4131199687386	19.759425198321	23.0510187256597
18.8814783854276	17.933171380758	22.2667606917748	20.609749192369	14.1024281203211	17.7789252485088	21.2210131936161	19.1874978935464	19.9957561245956	17.6441778002613	15.0615883796627	23.6313146042677	22.1127147779933	27.3592041207521	22.3453752952824
30.8969646306997	28.4306375548602	38.5214959967704	34.7111565345162	24.6295927735186	22.4169057481198	29.2703630256774	31.0336922452142	27.3076370955299	28.6569867628405	28.7071299885879	46.686255681602	42.4102067010767	43.3187398578575	40.4568900083007
990.63392847181	1065.71151388334	1075.70720901964	1000.76603183577	788.146968752594	755.024575499172	892.599720468033	852.258602089001	841.612421960593	594.573266678603	686.267757709248	506.055956647489	1293.26377399353	1090.94826431499	838.069180811485
56.0007483931433	55.3303946259972	61.010924295463	63.1309159471514	51.2454430287725	49.8582903708181	74.493073900349	67.2396665312975	67.1499272840899	58.379729231737	63.2071785847385	62.8247144357361	77.8895625015883	94.8072420573286	79.5024931558468
157.274132460437	171.239916965043	189.935468700839	198.070536975083	150.756942863715	153.826353237098	218.064204541297	184.533675393586	205.031111307421	175.731274198575	177.263309391415	144.669755260273	396.543683668044	270.362135165488	229.098900395842
449.507922925805	464.731575415984	460.031275892068	424.12694390612	351.368948518987	346.495793158438	422.517690275654	396.263543453676	379.770144306686	277.688570077938	315.006040726792	299.714234005346	614.865487035843	539.774297965672	405.744972466969
685.74096499803	752.537106355953	740.59246060843	735.659573803403	522.981594940923	519.647065143915	596.090943017921	586.636892119211	541.676080091658	392.079682527954	442.064055519332	366.573563129616	647.539498424222	732.238699176241	567.572532500172
281.720240000755	311.64352704366	313.515990540189	333.877936916378	222.460837954361	215.472844044427	279.531966895219	259.448341082302	275.613145986031	189.704515677977	207.257754626128	153.315358164273	384.827245240898	393.098564762751	237.331407083578
544.773563870463	583.921555934436	574.037090633955	568.612132981044	410.360795726527	387.271371717518	472.130955604177	466.339622717063	447.218515712038	326.47649795517	368.300891916368	335.449392675215	743.581289474909	537.494364288943	446.437076952063
449.078798417046	518.531089558258	500.33411274418	493.332312246812	373.813658062597	373.937177781136	415.346451334363	394.595065375977	392.006353278453	280.056916091395	328.78031386033	269.742810604812	668.332051125917	509.185187802887	399.864610547158
76.1696003048501	88.5723708439875	92.852392084701	75.4967654625728	69.916263357085	62.2262383697808	79.6153874298426	84.2581429238343	80.7291348015391	55.4192967149146	61.6624002893885	77.23405260907	73.1039749750077	96.3271978418148	76.444704957545
196.324462757571	236.849080553181	174.794071430432	265.323402760708	161.085481768738	152.473608924711	199.770227650248	183.198892931426	194.436345002598	117.706796868857	139.41624115534	124.496681817605	201.159696375924	252.502654697775	185.819436666032
492.849498310537	547.83651596096	484.302045046102	553.426001997193	377.38892152972	370.651941593912	471.545548343663	455.661363019785	437.668303831635	291.188142354647	331.741138926418	276.659292928012	605.129291723145	583.473026769651	425.97341747112
15.8776068241096	19.0266574405603	23.1574311194458	20.1758597356876	15.6914341057094	20.2911646857981	20.4892541179742	15.850541738147	21.1895326096461	17.6441778002613	18.6660710688128	19.0203263888008	23.7629173733659	30.3991156897246	24.6975200632068
56.6444351562829	57.2986695336413	65.2416088269002	74.4120418208692	54.2248292513756	51.5975330581723	63.8093913959768	67.7402099546074	68.4929258297717	65.129515370092	62.820984010901	84.7269084592037	70.4636508224115	86.6374797157151	73.857345712828
29.8241533588004	30.6176096744648	38.2988283898527	35.7958801762199	30.1911137223776	26.2818894977956	29.124011210549	29.1983663597446	25.8154164892168	28.1833175601489	29.736982185488	43.2280145200019	37.6246191744961	45.4086790615261	34.5765280884896
25.7474705255831	28.2119403428997	36.9628227483462	24.5147543025021	29.595236477857	27.0548862477308	22.2454758995148	23.1918452800257	25.0693061860602	23.565042833906	22.0130907087378	36.8879057237349	33.1690721669899	41.6087896003105	32.9300267509424
423.331327891462	507.158834536314	449.120563153098	502.227046108782	353.951083245243	343.210556971213	430.567040107715	394.761913183747	407.077781402216	283.727852412255	330.067629106455	229.396663719477	568.65981436541	492.275679700478	389.515173568291
268.202817974824	285.181164396444	276.107832578008	299.383725110203	237.159143319203	225.135303418617	297.386888340883	294.986924137305	278.299143077395	210.901212498425	227.983530088741	191.356010941875	349.017848921312	376.189056660342	293.547667036973
444.787553329448	498.848340481816	475.395340769392	458.187266255614	370.238394595473	363.308472469527	453.983330528257	397.097782492526	400.064344552544	303.97721082732	314.491114628342	257.062593012278	489.285069527986	609.122280632856	421.974771365648
22.3144744555054	24.0566933156509	29.169456506225	21.0436386490505	20.8557035582214	19.7114171233467	23.1235867902852	21.523367202326	23.8755297010097	17.6441778002613	18.6660710688128	21.9021940234676	33.1690721669899	40.4688227619459	23.9918766328295
25.1037837624435	26.6810598591765	32.9548058238267	27.768925227613	25.0268442698657	26.0886403103118	30.0021221013194	27.6967360898148	29.3967459443682	29.2490732662049	27.1623516932379	39.7697733584017	33.9941734646763	46.35865142683	36.928672856414
33.6862739376379	28.6493347668207	45.2015242043029	32.541709251109	34.9581316785425	27.2481354352146	38.6368791938942	33.0358659384538	33.127297460151	33.5120960904291	30.8955659070005	40.3461468853351	34.9842950218998	52.6284690378357	39.045603147546
228.07967640579	263.092745988437	252.727733851644	228.442798942785	189.091712261207	185.905718359407	215.576223684114	202.052695209432	177.723474211891	136.890399577866	151.903199042752	128.531296506139	200.664635597312	271.502102003853	198.521018412824
24.8892215080637	23.4006016797695	28.5014536854718	24.9486437591835	25.6227215143863	22.9966533105712	24.1480494961839	26.695649243195	24.024751761641	22.3808698271771	24.5877212009879	36.3115321968016	26.8983023045739	38.5688780313381	30.577881983018
428.266259742199	475.010344378126	442.217867338648	496.369538443582	367.457634121043	370.265443218944	492.473857907023	424.293975159031	457.514837895599	363.541113065786	390.957640248169	303.172475166947	755.627768421129	654.720954167443	497.713832892816
485.983506170381	542.806480085869	478.958022480076	532.816252804824	435.586265744566	424.568464901889	612.4823463123	560.608634107096	573.311156945496	422.868180702906	463.819683178845	355.046092590949	759.258214130949	772.137538519004	604.736419833379
681.235157656053	732.854357279512	713.872347778301	735.442629075063	582.37069364481	581.486805138728	764.102826785309	692.585250053141	714.624448363347	568.758295131912	617.525123566172	499.715847851222	1009.92398836805	910.263520434191	711.994221250734
710.415624251714	803.493556742741	749.053829671305	817.664681116198	574.028412221522	538.971983892294	670.730368733398	632.520039255952	664.78428011249	461.235386120924	515.054829974621	355.622466117882	1102.17031344938	781.827256645104	625.905722744699
23.1727234730248	19.9014462884021	28.9467888993073	27.3350357709315	19.4653233210066	19.9046663108305	24.0016976810555	22.1907584334059	20.7418664277522	19.4204373103547	22.6567483318004	24.7840616581344	27.558383342723	36.4789388276695	31.7539543669802
647.548883718415	723.012982741291	705.188311108508	715.917603524397	542.446918261929	514.042838706885	655.656131775174	619.672758057665	580.62303791643	417.184150270607	460.601395063532	359.657080806416	952.16689753001	838.825598563338	591.564409133002
38.4066435339948	34.1167650658322	45.4241918112206	56.4056293685889	51.8413202732931	51.790782245656	98.2020679511478	105.28096670285	109.379770442751	104.680893794839	114.828519954352	101.441740740271	123.60017439341	107.156882806279	101.377439497544
421.829392110803	452.484531546198	450.456568794604	456.88559788557	356.135966475152	352.486517970435	425.152022947965	362.560286284142	400.064344552544	307.174477945488	303.420203511667	276.659292928012	563.049125541143	464.726481106665	411.625334386781
454.871979285302	502.566193085144	478.512687266241	532.382363348143	403.607520288627	374.516925343587	513.109463840125	457.997232328565	482.584144081659	332.160528387469	365.082603801056	318.158186867214	711.072298346068	565.423551828877	458.66822974527
19.7397274029471	24.4940877395719	32.5094706099912	29.2875383259981	24.2323412771715	24.5426468104415	27.8068448743936	30.0326053985944	30.2920783081561	25.6965542460181	25.2313788240504	42.6516409930685	36.964538136347	51.1085132533495	37.6343162867914
15.8776068241096	20.3388407123231	23.3800987263636	17.7894677239396	18.4721945801389	18.3586728109602	17.8549214456632	19.8548891246263	22.2340870340653	13.7364068780558	21.8843591841253	34.5824116160015	26.5682617854994	29.6391377974815	25.1679490167917
26.6057195431026	27.7745459189788	27.1654480439653	33.6264328928126	31.3828682114188	25.1223943728929	27.6604930592652	23.6923887033356	26.412304731742	28.5385694621676	25.4888418732754	31.7005439813347	29.2085859380956	38.7588725043988	33.6356701813198
363.468458919482	441.330973736214	405.255044590302	406.337476182181	335.876140161451	326.20462847264	382.270941115347	350.714091932475	363.803383819136	266.912595716704	291.834366296542	184.439528618675	484.664502260943	450.666890100167	343.648350593764
58.7900577000814	65.171769164218	67.4682848960777	47.5108955066191	40.1224011310545	37.6835915593393	45.0763590595432	44.2146690590418	42.8267314011862	37.7751189146533	35.6586323176631	44.957135100802	59.5723136929521	70.1079605594273	46.3372519281119
145.687770723924	169.052944845438	172.344727754337	191.779139853202	161.879984761433	158.271084549225	238.114403213886	197.214108784103	222.191648280022	185.204658252407	177.778235489865	141.787887625606	397.038744446656	281.381814603013	234.038404408484
878.203307176764	943.022377973517	928.078585633174	926.353990014902	692.806609629297	644.486040258444	791.470616214318	745.309157308451	757.00351358264	478.050642816475	561.526910359734	505.479583120555	787.146637992746	858.205034815537	765.152693005827
931.414746262969	966.641676865247	1018.25896643486	1007.05742895765	734.120765249392	715.215242877511	866.988152820565	817.387410265078	833.255986565239	580.007938695837	659.62033211446	496.257606689622	1203.6577730648	1082.77850197338	782.323349811675
753.971761890826	860.354831852462	765.976567797054	854.979174390803	592.699232549834	614.339167010972	686.682716582392	670.895035043045	664.485835991227	451.998836668438	518.916775712996	363.115321968016	984.345848139776	776.697405872463	622.14229111602
39.694017060274	32.3671873701485	36.5174875345107	35.5789354478791	36.1498861675837	32.6591126847607	31.9046956979884	25.5277145888052	32.8288533388884	29.8411597695694	30.8955659070005	39.7697733584017	40.2649433270923	38.9488669774596	44.2203216369799
534.689137914609	540.400810754304	556.446349687453	598.767450220405	443.928547167855	418.577740089892	504.035651302165	472.512991604552	461.693055593276	351.936217599842	395.720706658831	370.60817781815	763.713761138455	578.723164943132	464.313377188288
453.584605759023	508.689715020037	476.731346410899	630.875270014832	418.305825653469	397.706827841642	623.312380631801	590.97493512123	572.266602521077	403.921412595243	443.093907716232	390.204877733884	669.817233461752	695.37977140245	567.807746976965
961.668024130529	1056.526230981	1064.12849345992	1118.1331298681	796.091998679536	778.794225559679	926.114286132434	865.606426710599	867.42783844981	612.572696380883	690.387166496848	608.650444441627	1376.26896454078	1141.2967996761	874.997853667899
31.3260891394595	36.9598288213183	46.0921946319739	37.3144932746049	32.9718741968071	38.0700899343069	35.2707874459413	36.2059742860833	31.7842989144692	29.2490732662049	29.6082506608755	46.686255681602	47.1957942276573	53.7684358762004	44.2203216369799
150.622702574661	176.051255628173	169.450048864406	174.423561585944	133.277877024443	147.8356284251	174.744067263294	166.180416538889	171.90381384727	121.851402392408	128.731524612502	143.517008206406	197.19921014703	255.922555212869	175.469999687165
49.1347562529878	47.0199005714996	67.2456172891599	60.310634478722	60.5808531929288	50.8245363082371	62.6385768749497	65.4043406458278	59.6888242525243	52.3404468974193	57.4142599771759	60.5192203280026	79.5397650969609	74.667827912886	65.6248390250924
27.2494063062421	26.6810598591765	35.6268171068397	34.0603223494941	24.430967025345	23.1899024980549	31.1729366223465	29.1983663597446	31.3366327325753	28.5385694621676	27.8060093163004	31.1241704544014	42.4102067010767	48.6385851035593	39.5160321011309
236.876728835365	260.030985020991	267.423795908215	289.62121233487	198.82437392171	197.693918795918	258.164601886475	232.252148415797	251.439172163759	191.243940586725	205.326781756941	179.828540403208	424.927168308453	373.909122983612	258.500709994898
21.8853499467456	19.4640518644812	24.0481015471168	24.2978095741614	19.6639490691802	18.1654236234764	20.050198672589	18.3532588546966	20.5926443671209	17.5257604995884	20.4683124133878	31.7005439813347	23.5978971138287	25.2692649170836	21.639731864905
392.434363260763	487.476085459872	444.221875800908	523.487629486173	368.053511365564	347.462039095857	476.960565503414	408.777129036424	429.16264637565	343.291754650721	365.983724473343	179.252166876275	690.44476590391	590.882811219022	418.446554213761
667.503173375742	728.043018616381	649.744076985989	761.909885932631	542.844169758276	550.373685953837	758.834161440687	651.540689341729	660.456840354182	502.918275957783	537.711578306421	347.553236740815	760.578376207247	917.4833104105	671.066902288848
436.205063154254	510.439292715721	438.209850414128	521.318182202766	375.005412551638	377.22241396836	493.351968797793	454.493428365395	450.352178985296	315.108437090572	358.131101471981	235.736772515744	466.512273711844	614.632120351619	436.55806892678
23.8164102361644	26.6810598591765	24.9387719747878	23.2130859324577	23.4378382844774	21.8371581856684	22.2454758995148	23.1918452800257	21.3387546702774	21.9072006244855	24.0727951025379	37.4642792506683	24.0929578924405	33.0590383125755	30.3426675062255
445.645802346968	505.19055962867	465.375298458094	506.132051218915	373.217780818076	365.820711906817	432.762317334641	397.598325915836	412.002109403049	289.885552047246	315.39223530063	269.166437077878	519.648797282842	574.733281008855	408.097117234894
30.0387156131803	24.9314821634928	42.7521805282076	34.2772670778348	29.3966107296835	31.1131191848904	29.124011210549	29.8657575908244	28.352191519949	21.315114121121	29.0933245624255	23.0549410773343	37.9546596935706	43.3187398578575	34.5765280884896
769.420244206175	830.612011025839	826.987492092517	816.363012746154	634.212013918103	642.940046758573	740.101129104254	699.75970578725	684.780036237085	469.169345266008	527.284324812808	453.605965696553	910.251751607545	733.948649433788	693.882706537716
296.954160061725	344.88550326165	319.973351140804	371.409374919324	290.192218081537	282.91681047627	366.464945081481	323.3510514582	346.195180664641	255.070865649415	293.379144591892	205.765349115209	476.248469024542	448.95693984262	379.400951066215
441.99824402251	465.606364263826	458.472602643643	463.176995007451	343.026667095698	334.127845159475	412.85847047718	387.086914026328	378.725589882267	269.636193632181	297.241090330267	208.070843222942	571.960219556155	531.414541150998	390.45603147546
385.353808866227	439.14400161661	372.74557398031	441.048632716697	320.184706055742	320.60040203561	436.713816343107	400.935282071235	418.120213888933	320.081963718834	346.80272730608	265.708195916278	410.570405728711	539.774297965672	403.86325665263
131.741224189234	134.061390931764	153.863316380164	167.915219735722	139.038023721476	143.197647925489	199.184820389735	179.194545544947	176.231253605578	139.969249395361	148.427447878215	141.211514098673	194.063825215822	261.242400458571	215.456460741881
382.993624068049	438.269212768768	399.911022024276	472.722563054443	324.355846767386	309.778447536517	386.222440123814	352.549417817944	368.8769338806	249.860504419807	276.901509441492	221.903807869343	457.10611891822	470.99629871767	349.763926990367
367.330579498319	461.232420024617	358.049511923739	455.800874243866	286.41832886624	307.266208099228	391.05205002305	359.890721359823	345.150626240222	233.992586129639	279.476139933742	223.632928450143	308.257844815608	489.995746023748	334.710200475651
174.868237319585	207.324956938519	186.150119383237	195.033310778313	152.941826093623	141.071906863168	175.183122708679	157.170634919311	166.382597603912	119.956725581642	136.197953040027	108.934596590405	210.895891688623	199.304202240757	157.828913927731
24.460096999304	20.9949323482045	31.3961325754025	24.9486437591835	26.4172245070804	23.5764008730225	29.855770286191	27.6967360898148	27.4568591561612	23.0913736312144	25.2313788240504	44.3807615738686	33.6641329456017	38.3788835582773	28.6961661686784
393.507174532662	427.771746594666	399.46568681044	459.488934625659	327.335232989989	315.575923161031	420.029709418471	393.927674144897	385.589804671307	229.137476802051	279.604871458354	231.70215782721	340.271775165837	549.08402714565	360.58379292282
80.4608453924472	95.1332872028014	106.880451320519	147.956304728375	100.901880072157	95.8515969919604	189.379248776133	177.859763082787	181.155581606411	143.99543761824	154.091634961165	130.836790613872	209.410709352787	287.271643267897	210.987385682824
36.4755832445761	32.1484901581881	35.4041494999219	35.5789354478791	38.1361436493191	31.6928667473418	43.1737854628742	31.8679312840641	33.2765195207823	33.5120960904291	33.084001825413	43.2280145200019	53.7966046091479	57.3783308643552	39.7512465779234
123.373296268419	143.465371046064	151.859307917904	152.078254566849	110.038664488139	118.848250302532	141.229501598894	126.637486097406	142.954734084796	115.338450855399	127.444209366377	108.358223063471	266.012658374069	194.364345941177	138.070897877166
387.499431410026	430.177415926231	413.716413653176	478.363125991302	348.389562296384	343.017307783729	456.764015015696	420.122779964782	427.670425769337	324.344986543058	369.845670211718	326.803789771214	674.107760209721	573.213325224369	417.976125260177
852.026712142421	892.065927586729	818.971458243478	880.795597063349	666.58801087039	653.762001257666	814.740554819731	766.331981087467	746.110303156554	506.944464180661	582.123954297734	497.986727270422	959.757829468724	932.682868255362	712.464650204319
712.132122286753	819.677150427815	778.22328617753	916.80842196791	615.143942093444	587.091031575758	783.860321827642	707.935248367978	727.45754557764	523.286051673521	595.769495906659	490.493871420288	1262.07494494099	1030.15003293554	677.652907639037
21.4562254379859	23.4006016797695	28.278786078554	21.9114175624134	27.6089789961216	22.8034041230874	19.4647914120755	22.8581496644857	19.8465340639643	20.4861930164107	20.0821178395503	27.6659292928012	23.7629173733659	34.7689885701225	29.1665951222633
337.935550648278	392.12410104511	384.992292360787	381.171887694656	289.993592333364	269.582616539889	333.828490307851	318.345617225101	313.217105265121	246.071150798275	264.285820029467	228.24391666561	616.020628852604	427.867553332874	301.074530294331
23.3872857274047	30.3989124625044	41.4161748867011	26.2503121292279	26.6158502552539	25.7021419353442	27.9531966895219	24.8603233577254	28.5014135805804	27.9464829588031	27.9347408409129	33.4296645621348	36.3044570981979	47.1186293190731	36.2230294260367
510.229040915305	552.64785462409	572.923752599366	614.604415389278	446.907933390458	449.111111712331	545.160511353242	508.051574659555	533.170422635673	365.317372575879	401.513625266394	368.879057237349	884.178550600657	621.471921381807	532.525575458098
988.488305928012	1120.38581687345	1126.47542339689	1097.52338067574	829.858375869037	802.950373995153	941.481226720914	863.437405209589	893.541699060289	667.28148929176	757.585022344574	530.840018305623	1704.16422024132	1134.07700969979	925.568966178275
376.771318691033	402.184172795292	441.99519973173	440.831687988356	366.464505380176	352.486517970435	484.278156259833	412.948324230673	465.871273290952	360.935932450982	376.925904065406	309.512583963214	712.227440162829	564.473579463573	496.772974985646
19.9542896573269	15.9648964731138	29.169456506225	24.2978095741614	17.4790658392713	17.1991776860574	18.4403287061768	16.6847807769969	20.144978185227	19.3020200096818	16.2201721011753	19.0203263888008	26.8983023045739	30.5891101627854	23.5214476792446
959.093277077971	1049.3092229863	985.304160611035	1041.76858549217	761.729744245514	747.681106374788	915.430603628062	860.10044905419	872.352166450643	586.876142134865	688.456193627661	560.235068179225	1210.58862396536	983.031403616469	844.655186161674
20.8125386748464	22.3071156199672	25.3841071886233	21.9114175624134	23.6364640326509	18.7451711859277	20.1965504877174	19.8548891246263	23.7263076403784	23.9202947359247	19.6959232657128	16.7148322810674	25.4131199687386	37.9988946121557	24.9327345399993
370.978137822777	439.581396040531	366.065545772778	478.580070719643	342.232164103004	337.219832159216	359.732761585576	339.034745388577	334.406637874767	229.374311403397	244.203702189916	235.16039898881	356.938821379101	347.119902282043	283.433444534897
553.999740808797	570.799723216809	534.402256602595	539.324594655046	421.285211876072	390.170109529774	487.644248007786	442.980929629268	463.33449826022	309.187572056927	363.795288554931	290.492257574413	531.200215450451	708.109401097522	457.7273718381
35.4027719726768	31.9297929462276	35.8494847137574	34.928101262857	28.8007334851629	27.4413846226984	34.8317320005561	32.034779091834	29.6951900656308	29.2490732662049	31.6679550546755	32.2769175082681	39.6048622889432	50.7285243072279	35.0469570420745
39.4794548058941	34.5541594897532	48.5415383080691	47.0770060499376	47.2729280653018	42.7080704339179	41.2712118662052	44.8820602901216	37.3055151578277	38.6040400193636	40.6791617775506	53.6027380048023	52.4764425328498	63.6481484753609	50.8063269871683
518.59696883612	558.771376558983	517.924853690682	558.632675477371	411.552550215568	393.068847342031	503.303892226523	468.675492025843	472.586266019361	294.385409472816	335.731816189405	281.270281143479	482.189198367884	596.772639883906	449.730079627157
580.390898097519	644.500683647485	621.465290907435	651.268074478861	486.831708773339	479.837732522254	571.357486261223	533.746137056131	526.903096089158	405.460837503991	442.578981617782	342.942248525348	872.132071654437	641.991324472371	501.477264521495
14.8047955522103	15.9648964731138	18.4814113741731	14.9691862555101	12.9106736312799	14.8801874362519	13.3180151766832	14.0152158526774	12.982319274924	11.7233127666166	9.13993824748764	19.0203263888008	19.9674514040089	20.7093975636249	16.9354423290561
196.968149520711	217.603725900661	194.166153232276	212.388889045571	165.455248228556	161.556320736449	207.673225667181	191.708131127694	203.240446579845	136.179895773829	142.119603172202	125.649428871472	206.935405459728	241.67296973331	205.107023763013
55.3570616300037	52.9247252944321	54.9988989086838	62.4800817621292	50.2523142879048	48.119047683464	64.8338541018755	66.7391231079876	56.8536051005294	58.9718157351014	60.3750850432634	84.1505349322703	72.6089141963959	96.3271978418148	77.1503483879223
16.735855841629	21.4323267721254	27.6107832578008	29.2875383259981	21.6502065509155	20.2911646857981	22.0991240843865	19.6880413168563	22.2340870340653	21.5519487224668	19.4384602164878	24.2076881312011	34.9842950218998	36.2889443546087	25.4031634935842
33.4717116832581	30.8363068864253	39.6348340313592	31.8908750660868	31.3828682114188	30.3401224349552	36.7343055972252	38.8755392104028	32.8288533388884	36.5909459079244	37.4608736622381	57.6373526933359	46.5357131895083	66.3080710982118	55.7458309998097
663.426490542525	756.473656171242	688.710908196595	707.456759119109	596.075870268784	551.919679453708	694.14665915394	652.041232765039	618.525441316783	465.498408945148	516.470876745358	424.787289349885	780.710847870793	762.447820392905	615.556285765831
174.868237319585	204.263195971072	192.83014759077	170.518556475811	139.633900965996	130.056703176591	145.034648792232	116.960313246748	141.462513478483	103.49672078811	107.362091526827	93.3725113632041	156.274185781788	106.396904914036	90.0871446115068
829.712237686916	929.463150831968	880.873052966612	967.139598942959	674.533040797331	668.835437881401	852.499323122855	796.197738678292	788.489368375846	531.575262720623	611.73220495861	488.188377312555	1205.63801617925	1052.56938075671	728.694449102998
28.5367798325213	24.2753905276114	35.8494847137574	27.1180910425908	28.4034819888158	28.4076305601173	27.8068448743936	24.1929321266455	24.7708620647976	21.315114121121	20.4683124133878	22.478567550401	39.7698825484805	36.8589277737911	32.4595977973576
407.668283321733	478.290802557533	486.751388722197	570.130746079429	388.313337679265	377.802161530812	531.842496176559	460.166253829574	480.345813172189	363.777947667132	396.364364281894	253.027978323744	816.850284709454	613.302159040193	493.479972310552
176.799297609004	196.827490764417	211.979561785696	206.09749192369	151.750071604582	159.04408129916	203.28267121333	189.038566203375	191.153459668709	141.508674304109	155.121487158065	121.038440656005	292.580920159568	216.973688235409	191.699798585843
16.3067313328693	15.7461992611533	21.5987578710216	17.7894677239396	18.4721945801389	16.8126793110898	24.1480494961839	20.5222803557062	20.8910884883835	16.9336739962239	19.1809971672628	27.6659292928012	24.422998411515	34.9589830431833	28.460951691886
336.00449035886	393.873678740794	326.430711741419	388.981897914923	260.199730107333	250.837445353961	321.534937837067	300.659749601484	298.29489920199	198.467395927771	234.548837843979	186.745022726408	357.103841638638	413.427973380254	277.317868138294
363.468458919482	420.55473859997	362.725531669012	421.957496622713	294.363358793182	285.042551538592	358.708298879677	327.188551036909	335.451192299187	235.295176437041	268.276497292454	214.987325546143	416.016074293441	469.286348460123	321.067760821689
171.006116740748	201.638829427547	182.364770065636	208.483883935438	157.112966805268	145.130139800327	192.452636893829	172.687481041918	170.71003736222	124.693417608558	134.78190626929	129.107670033072	209.575729612325	238.253069218216	175.705214163957
30.8969646306997	36.5224343973973	42.3068453143721	34.928101262857	30.5883652187247	37.2970931843717	42.4420263872323	35.0380396316935	38.9469578247721	37.6567016139804	33.856390973088	40.3461468853351	51.1562804565516	64.7881153137255	42.8090347762252
416.036211242547	459.482842328933	427.744472888994	467.949779030947	315.814939595924	338.765825659086	411.394952325896	371.403220095951	399.915122491913	261.346982585078	304.321324183955	229.396663719477	437.633728292823	511.085132533495	362.465508737159
432.557504829796	501.691404237302	470.941988631037	501.7931566521	382.751816730406	377.608912343328	507.109039419861	434.972234856309	468.706492442947	368.514639694048	389.412861952819	260.520834173878	597.703380043968	573.973303116612	426.443846424705
73.8094155066716	94.0398011429991	74.5936483174456	77.6662127459801	58.7932214593669	64.7384778070701	79.0299801693291	66.2385796846777	69.0898140722969	52.4588641980922	53.4235827141883	17.2912058080008	79.2097245778864	98.4171370454833	66.5656969322622
382.349937304909	442.861854219938	405.923047411055	490.078141321701	319.588828811221	318.08816259832	396.174363552544	360.224416975363	363.803383819136	254.47877914605	299.94445234713	216.140072600009	447.039883086447	589.932838853718	338.708846581122
14.5902332978304	14.8714104133115	19.3720818018441	14.7522415271694	18.4721945801389	13.7206923113492	17.8549214456632	20.1885847401662	15.9667604875503	14.0916587800744	14.9328568550502	22.478567550401	17.9872082895617	21.8493644019895	15.288940991509
34.5445229551573	33.2419762179904	41.1935072797834	41.4364431130788	31.9787454559394	36.3308472469528	36.29525015184	33.2027137462238	32.0827430357318	32.4463403843731	26.3899625455629	40.3461468853351	50.4961994184026	54.7184082415043	43.9851071601874
46.1308846916697	57.2986695336413	56.557572157108	61.6123028487663	60.9781046892758	55.4625168078481	76.2492956818897	79.0858608829653	76.5509171038624	70.2214592990264	65.0094199293135	87.0324025669371	107.428188958758	87.587452081019	76.444704957545
380.63343926987	431.926993621915	404.364374162631	467.732834302606	317.403945581312	315.769172348515	405.833583351018	359.056482320973	358.879055818302	275.201806763807	308.69819602078	182.134034510941	639.618525966433	519.064900402047	359.64293501565
532.97263987957	583.484161510515	535.515594637184	610.265520822463	465.976005215118	428.046950276598	568.869505404041	528.240159399722	532.125868211254	361.64643625502	403.058403561744	295.10324578988	642.258850119029	653.9609762752	479.83753265659
237.949540107264	286.493347668207	271.431812832735	274.001191894338	227.227855910526	229.773283918228	385.051625602787	330.191811576769	362.908051455348	294.622244074161	300.716841494805	256.486219485345	593.907914074611	508.235215437583	370.462800948102
63.0813027876786	71.295291099111	88.399039946346	95.0217910132382	63.5602394155318	63.7722318696511	97.1776052452491	94.2690113900324	85.6534628023724	78.3922530454561	80.8433974566513	92.7961378362707	109.903492851817	128.816252735208	101.612653974337
191.389530906834	228.101192074763	187.040789810908	211.95499958889	151.750071604582	169.286288235801	208.404984742823	178.360306506097	206.374109853103	141.271839702763	160.142016617953	145.246128787206	200.82965585685	299.811278489909	190.758940678674
30.0387156131803	28.6493347668207	33.62280864458	36.8806038179235	29.1979849815099	28.6008797476011	27.0750857987516	30.3663010141343	31.3366327325753	25.6965542460181	27.4198147424629	29.3950498736013	34.3242139837508	43.3187398578575	33.6356701813198
1023.24739113755	1091.73648210663	1140.72615023962	1040.46691712212	736.504274227475	732.221171376085	916.601418149089	861.26838370858	823.258108502942	623.940757245481	695.922622055186	575.220779879492	1386.00515985348	1082.01852408113	850.0651191279
128.951914882295	142.809279410182	147.183288172632	165.962717180656	118.778197407775	122.906483239691	196.404135902296	186.369001279055	185.781465485982	143.284933814202	155.250218682677	168.301069864541	246.870308267746	289.171587998505	211.457814636409
31.7552136482192	28.8680319787811	36.0721523206752	31.4569856094053	35.9512604194102	26.2818894977956	27.8068448743936	30.8668444374443	29.2475238837369	29.130655965532	28.3209354147504	40.3461468853351	37.7896394340333	52.6284690378357	42.1033913458478
958.235028060452	1026.34601573045	1050.1004342241	993.823800528868	760.93524125282	728.162938438925	843.279158769767	794.195564985052	802.068575893295	569.468798935949	670.562511706523	537.756500628824	1466.20500598859	911.403487272555	823.485883250353
489.631064494839	546.961727113118	545.980972162318	574.686585374584	381.162810745017	367.366705406687	456.324959570311	444.983103322507	423.790652192923	290.714473151956	340.62361412468	246.687869527477	579.881192013944	578.913159416193	413.742264677913
610.64417596508	640.126739408275	652.861423482837	665.369481821008	486.235831528818	487.760949209089	584.090094177393	554.768960835147	555.106065548476	384.619392585561	441.420397896269	334.296645621348	860.580653486829	730.718743391755	543.580655867343
21.2416631836061	18.8079602285998	27.1654480439653	24.2978095741614	17.6776915874448	20.4844138732819	21.8064204541297	22.1907584334059	22.3833090946966	21.1966968204481	23.0429429056379	23.6313146042677	31.0238087930055	42.5587619656144	23.756662156037
322.487068332929	341.605045082243	341.349441404908	315.003745550735	261.391484596375	249.098202666607	303.97272002166	285.476599094417	280.388251926233	194.914876907584	215.625303725941	168.877443391474	374.761009409125	344.07999071307	288.137734070746
511.516414441585	611.477404641455	541.527620023963	547.134604875312	433.798634011005	405.436795340994	506.962687604733	454.493428365395	466.915827715371	347.199525572927	386.580768411344	221.32743434241	752.162342970847	621.471921381807	433.029851774893
659.564369963688	728.917807464223	654.64276433818	739.347634185196	526.954109904393	529.502773705588	664.876296128263	590.47439169792	604.050901435546	419.197244382046	465.235729949582	311.241704544014	761.238457245396	842.055504605371	580.979757677342
524.175587449996	541.056902390186	541.304952417046	524.789297856217	404.600649029495	391.909352217129	479.887601805981	448.987450708986	447.815403954564	306.108722239432	338.950104304718	275.506545874145	490.440211344747	536.544391923639	419.622626597724
84.3229659712847	93.6024067190782	91.071051229359	109.774032540408	85.0118202182738	91.0203673048657	179.134621717146	161.34183011356	169.217816755906	141.627091604782	148.68491092744	151.586237583473	207.43046623834	291.451521675234	180.174289223014
730.155351654661	789.059540753351	704.965643501591	869.08058173295	560.124609849374	579.361064076406	681.560403052899	636.691234450201	655.830956474611	439.091350895093	494.97271213507	314.12357217868	841.108262861432	870.744670037549	626.611366175076
17.3795426047686	15.090107625272	23.825433940199	21.6944728340726	19.6639490691802	17.585676061025	20.3429023028458	18.1864110469266	22.9801973372219	17.8810124016071	15.9627090519503	28.8186763466679	23.7629173733659	32.4890548933932	26.5792358775464
879.919805211803	974.733473707784	871.298345869148	971.695438238114	725.182606581583	731.254925438666	896.112164031114	808.544476453269	840.717089596805	599.428376006192	651.252783014648	487.612003785621	905.301143821427	1048.38950234938	831.953604414882
18.6669161310478	19.4640518644812	23.1574311194458	25.382533215865	18.4721945801389	15.8464333736709	19.3184395969471	22.5244540489458	14.7729840024998	19.065185408336	18.7948025934253	25.3604351850678	30.0336872357819	27.7391930668737	23.756662156037
22.0999122011255	23.61929889173	27.1654480439653	29.2875383259981	21.0543293063949	27.2481354352146	32.3437511433736	31.7010834762941	31.6350768538379	26.880727252747	31.1530289562255	34.0060380890682	41.7501256629276	39.3288559235812	31.5187398901878
34.7590852095372	34.1167650658322	43.8655185627964	42.3042220264417	36.7457634121043	36.137598059469	38.7832310090226	33.5364093617638	35.514850430252	34.9331036985039	35.2724377438255	54.1791115317357	37.1295583958843	56.0483695529297	46.5724664049043
1282.6531566828	1348.92440337214	1334.8923034719	1282.14334449369	977.238681013802	976.681393543081	1159.10637581683	1115.71129055778	1032.31821544741	767.580942961702	842.676560113438	619.025167926427	1536.83367707053	1247.31371564401	1117.26876476412
676.514788059696	745.320098361258	773.324598825339	797.054931923829	583.363822385678	544.576210329324	661.363852565181	592.8102610067	629.418651742869	469.406179867354	523.422379074433	383.864768937617	1209.4334821486	800.826703951182	613.204140997907
41.4105150953128	50.081661538946	57.2255749778613	54.8870162702038	39.9237753828809	41.3553261215313	56.345448824429	51.8896682164603	54.0183859485345	46.0643299617559	50.5914891727133	55.3318585856024	65.6780632958308	83.0275847275603	62.5670508267906
641.755702850159	748.600556540665	665.330809470231	748.025423318825	529.734870378823	532.788009892812	684.341087540338	600.818955779658	619.868439862465	469.643014468699	513.123857105433	386.17026304535	773.119915932079	796.266836597723	611.55763966036
23.1727234730248	25.1501793754533	42.0841777074544	28.4197594126352	26.4172245070804	29.3738764975363	25.9042712777245	26.1951058198851	25.5169723679541	22.8545390298686	24.2015266271504	33.4296645621348	38.6147407317196	48.2585961574378	34.3413136116971
22.0999122011255	27.5558487070183	29.8374593269782	36.6636590895828	26.4172245070804	27.4413846226984	32.4901029585019	28.6978229364347	28.9490797624743	27.7096483574573	28.5783984639754	29.3950498736013	37.6246191744961	47.1186293190731	37.8695307635838
484.910694898482	501.691404237302	512.358163517738	540.40931829675	408.771789741139	396.354083529256	445.641277065939	406.107564112104	434.83308467964	281.004254496779	328.522850811105	247.840616581344	490.110170825672	614.82211482468	444.555361137723
28.7513420869011	36.0850399734764	40.5255044590302	37.7483827312864	30.7869909668982	33.2388602472121	36.0025465215832	29.3652141675145	33.127297460151	28.3017348608218	28.3209354147504	52.4499909509356	42.0801661820022	56.2383640259905	35.5173859956593
409.384781356772	500.81661538946	446.671219477003	517.847066549314	354.94421198611	356.931249282562	408.3215642082	384.083653486469	405.884004917165	286.333033027059	323.888515925055	216.716446126943	653.810268286638	555.543839229717	387.163028800366
112.001496786287	142.590582198222	128.256541584623	166.613551365678	111.031793229007	110.731784428212	152.937646809165	131.142376907196	143.850066448584	96.7469346497548	116.759492823539	44.957135100802	155.614104743639	205.194030905641	138.776541307543
28.3222175781414	31.0550040983858	43.1975157420431	32.9755987077904	31.1842424632453	29.7603748725038	31.6119920677316	24.0260843188755	28.2029694593177	25.9333888473639	31.9254181039005	43.8043880469353	38.7797609912569	38.7588725043988	32.9300267509424
379.989752506731	466.481153111668	411.935072797834	470.336171042695	314.027307862362	301.27548328723	431.298799183357	375.07387186689	379.173256064161	286.333033027059	318.095597317492	257.062593012278	581.201354090242	552.503927660744	378.930522112631
851.597587633662	882.443250260468	923.402565887901	835.888038296819	673.142660560117	636.176325196641	737.320444616814	706.099922482509	700.448352603373	495.339568714718	564.616466950434	484.153762624021	1229.73097407169	837.875626198034	720.932371368847
446.933175873247	532.090316699807	481.630033763089	481.400352188072	363.683744905746	376.256168030942	464.667013032629	419.622236541472	450.202956924665	320.318798320179	337.01913143553	293.37412520908	591.432610181552	541.294253750158	437.263712357157
22.5290367098852	21.8697211960463	29.6147917200605	29.5044830543388	23.4378382844774	24.1561484354739	28.5386039500355	29.3652141675145	29.3967459443682	26.0518061480368	27.2910832178504	32.2769175082681	43.235307998763	52.6284690378357	38.3399597171687
32.1843381569789	28.2119403428997	36.2948199275929	37.5314380029457	31.5814939595924	30.7266208099228	33.0755102190155	31.0336922452142	34.7687401270954	34.2225998944665	32.569075726963	44.3807615738686	45.3805713727474	46.1686569537692	37.8695307635838
467.316590039334	526.841583612755	528.835566429652	523.487629486173	399.83363107333	392.682348967064	506.816335789605	484.19233814845	464.826718866533	344.712762258796	392.631150068131	334.873019148281	728.729466116555	646.741186298891	479.602318179797
649.265381753454	768.502002829067	682.25354759598	762.343775389313	567.473762531795	578.394818138987	705.269397103698	620.340149288744	620.017661923096	464.669487840438	498.963389398058	340.060380890682	792.097245778864	768.147654584728	653.190602052623
394.365423550181	481.133866313019	448.89789554618	529.562081879713	340.047280873095	337.026582971732	413.297525922565	391.091261412807	392.304797399716	275.438641365153	320.284033235905	223.632928450143	678.563307217227	470.80630424461	369.28672856414
88.399648804502	102.131597985536	98.6417498645624	102.397911776823	79.4502992694148	77.1064258060327	100.982752438587	89.2635771569334	95.2036746827763	73.5371437178675	72.8620429306761	100.288993686404	102.147540653566	102.40702097976	87.9702143203748
30.0387156131803	37.6159204571996	42.3068453143721	40.1347747430344	31.9787454559394	30.7266208099228	31.6119920677316	31.2005400529842	31.4858547932066	28.1833175601489	30.3806398085505	39.1933998314684	36.7995178768097	49.9685464149848	49.6302546032061
32.8280249201185	35.428948337595	41.4161748867011	39.7008852863529	33.7663771895013	31.499617559858	41.5639154964619	35.3717352472334	33.7241857026762	35.7620248032141	33.341464874638	42.6516409930685	47.1957942276573	65.9280821520902	50.5711125103759
408.311970084872	454.015412029921	396.125672706674	533.033197533165	357.129095216019	329.489864659864	443.592351654141	399.433651801306	419.612434495246	296.516920884928	330.453823680293	265.131822389345	623.116500012707	552.503927660744	418.916983167346
869.62081700157	931.212728527652	892.674436133252	810.722449809295	640.965289356004	622.648882072775	745.223442633747	713.107530408847	701.940573209686	497.234245525484	554.832871079884	379.25378072215	1007.11864395592	882.904316313438	704.467357993376
177.657546626523	214.760662145175	199.287508191385	222.368346549245	165.852499724903	154.406100799549	192.598988708957	177.692915275017	180.260249242623	139.613997493343	156.40880240419	151.586237583473	354.793558005116	226.093422942327	189.582868294711
41.195952840933	38.0533148811206	40.0801692451947	44.0397798531675	39.5265238865338	40.1958309966286	48.2960989923678	48.0521686377511	45.6619505531811	41.4460552355131	50.4627576481008	66.8593291242696	61.7175770669365	74.4778334398252	61.3909784428284
782.079417214587	843.077752107585	839.45687807991	838.057485580226	610.9728013818	614.532416198456	758.102402365045	690.416228552131	688.809031874131	479.590067725223	543.504496913984	395.968613003217	1076.75719348064	855.165123246565	716.933725263375
36.4755832445761	33.4606734299508	41.4161748867011	38.3992169163086	44.0949160945252	36.137598059469	38.7832310090226	37.0402133249331	43.2743975830801	43.4591493469523	42.2239400729007	49.5681233162688	67.3282658912035	63.8381429484216	51.0415414639608
20.3834141660866	23.61929889173	32.0641353961557	22.996141204117	20.6570778100478	23.1899024980549	20.4892541179742	20.3554325479362	24.024751761641	19.1836027090089	21.4981646102878	27.0895557658679	32.0139303502291	36.2889443546087	27.2848793079237
46.9891337091892	54.0182113542344	56.7802397640258	53.5853479001594	40.5196526274015	44.447313121272	47.4179881015974	44.8820602901216	43.1251755224488	41.6828898368588	43.3825237944132	68.5884497050697	62.5426783646228	78.2777229010408	55.2754020462248
169.504180960089	191.578757677366	187.040789810908	203.277210455261	154.332206330838	154.406100799549	186.01315702818	180.696175814876	175.932809484315	120.075142882315	145.59535433674	135.447778829339	238.78431555042	241.292980787189	176.175643117542
25.7474705255831	30.1802152505439	35.8494847137574	24.9486437591835	23.8350897808244	24.5426468104415	23.5626422356703	21.0228237790161	23.7263076403784	23.3282082325602	24.0727951025379	34.5824116160015	31.6838898311546	43.8887232770399	25.1679490167917
204.906952932766	252.157885390414	241.371685898839	294.610941086707	188.495835016687	189.963951296567	224.357332591817	205.055955749292	217.565764400451	162.350119222538	162.716647110203	114.121958332805	364.364733058278	306.271090573975	216.632533125843
29.6095911044206	29.742820826623	31.841467789238	26.2503121292279	31.7801197077659	27.6346338101821	30.0021221013194	30.0326053985944	22.9801973372219	25.9333888473639	24.5877212009879	25.9368087120011	30.1987074953192	38.5688780313381	35.5173859956593
41.8396396040726	43.5207451801321	49.8775439495756	42.7381114831231	36.3485119157573	32.0793651223093	43.1737854628742	37.373908940473	36.8578489759338	31.9726711816815	38.3619943345256	46.686255681602	53.1365235709988	62.5081816369962	42.3386058226403
40.5522660777934	38.709406517002	40.9708396728657	39.9178300146937	31.3828682114188	33.0456110597283	40.6858046056916	38.7086914026328	38.2008475216156	29.8411597695694	30.6381028577755	30.547796927468	39.7698825484805	43.8887232770399	37.8695307635838
32.1843381569789	30.8363068864253	38.0761607829349	43.605890396486	32.3759969522865	32.4658634972769	52.1012461857058	49.0532554843709	54.4660521304284	54.8272102115501	50.3340261234883	71.4703173397365	109.243411813668	91.1973470691738	88.6758577507521
405.737223032314	481.57126073694	402.805700914206	501.359267195419	327.732484486336	342.05106184631	411.541304141025	368.733655171631	381.859253155524	270.346697436218	310.24297431613	219.59831376161	639.288485447358	476.696132909494	368.581085133763
15.0193578065902	15.3088048372324	18.4814113741731	17.1386335389174	20.4584520618743	19.3249187483791	15.9523478489942	20.0217369323963	18.9512017001765	17.8810124016071	19.9533863149378	29.3950498736013	27.0633225641112	24.1292980787189	20.4636594809428
215.420503397379	251.501793754533	234.246322477471	252.957553245287	185.516448794083	190.930197233986	255.530269214164	220.405954064129	224.131535068229	173.955014688482	193.097286918753	162.537334595207	268.983023045739	322.610615257202	234.744047838861
147.618831013343	171.239916965043	158.539336125437	196.118034420017	137.647643484261	127.544463739302	259.335416407502	235.755952378966	243.828847071562	179.165375918089	203.009614313916	144.09338173334	259.741888511653	418.557824152895	251.209061214332
728.867978128382	778.999469003169	799.822044048551	749.54403641721	583.165196637504	579.361064076406	677.169848599047	669.727100388655	646.280744594207	479.116398522531	543.247033864758	442.654868684819	1035.66714885586	809.9464386581	671.537331242433
21.0271009292262	21.6510239840858	25.3841071886233	24.5147543025021	21.0543293063949	20.8709122482495	21.8064204541297	19.1874978935464	18.3543134576512	24.3939639386163	18.1511449703628	28.2423028197346	27.2283428236485	32.1090659472716	23.0510187256597
22.7435989642651	22.7445100438882	29.6147917200605	32.3247645227682	25.4240957662127	24.7358959979253	26.9287339836232	21.523367202326	22.9801973372219	23.9202947359247	22.0130907087378	31.7005439813347	31.6838898311546	36.4789388276695	30.1074530294331
760.408629522221	800.869190199216	769.984584721573	829.596641174938	599.055256491387	576.655575451633	726.783113927571	661.217862192387	663.292059506176	475.445462201671	538.741430503321	447.265856900286	958.107626873351	868.65473083388	681.886768221301
22.9581612186449	22.7445100438882	24.0481015471168	21.9114175624134	24.8282185216921	20.6776630607657	24.587104941569	23.1918452800257	24.3231958829037	22.1440352258313	21.6268961349003	24.7840616581344	26.8983023045739	31.72907700115	29.4018095990558
360.464587358164	407.870300306264	371.854903552639	468.166723759288	298.733125253	289.680532038203	382.124589300219	355.719526165574	372.010597153858	256.728707858835	287.07129988588	197.119746211209	442.254295559866	496.835547053936	324.595977973575
284.509549307693	332.857156603825	322.645362423817	354.053796652066	271.918649249572	255.86192422854	328.413473148101	302.995618910264	304.413003687874	223.453446369752	256.948123126554	234.584025461877	520.968959359141	380.7489240138	309.071822505274
534.903700168989	556.584404439378	553.77433840444	512.640393069137	414.333310689998	392.295850592096	488.961414343941	462.168427522814	451.247511349084	310.134910462311	367.657234293306	273.201051766412	699.520880178459	620.521949016503	510.6506291164
21.0271009292262	21.4323267721254	35.6268171068397	33.4094881644719	24.6295927735186	25.5088927478604	26.3433267231097	29.5320619752845	28.0537473986864	23.2097909318873	28.0634723655254	25.3604351850678	29.7036467167074	41.228800654189	35.2821715188669
29.6095911044206	29.742820826623	36.9628227483462	39.2669958296715	33.3691256931542	27.2481354352146	45.5154145049284	39.3760826337127	36.5594048546711	34.1041825937936	36.5597529899506	37.4642792506683	55.116766685446	49.9685464149848	40.6921044850932
271.850376299282	273.371514950579	255.622412741575	292.65843853164	224.248469687923	214.699847294492	284.068873164199	252.607580963733	265.913712044996	191.717609789416	198.504010952478	175.793925714674	322.284566876275	341.420068090219	280.610870813388
139.680027601288	155.275020491929	140.503259965099	171.169390660833	132.284748283576	131.02294911401	216.161630944628	188.704870587835	187.273686092295	149.797885351211	157.696117650315	126.802175925339	218.651843886874	307.791046358461	203.225307948673
211.772945072921	240.566933156509	225.339618200761	229.093633127807	178.56454760801	169.866035798252	218.064204541297	191.708131127694	189.512017001765	153.468821672071	169.79688096389	90.4906437285373	310.073067670518	257.442510997355	183.937720851693
27.6785308150018	32.1484901581881	40.7481720659479	56.4056293685889	34.759505930369	36.7173456219203	63.9557432111052	61.9005366826585	66.7022611021959	56.0113832182791	56.5131393048884	64.5538350165362	73.4340154940822	80.3676621047094	70.3291285609414
529.968768318253	593.544233260697	536.851600278691	729.151231953182	446.312056145937	460.126315398907	659.314927153384	599.817868933038	621.957548711303	393.263855534682	441.291666371657	346.976863213882	743.251248955834	739.078500206429	589.212264365077
19.9542896573269	24.2753905276114	26.7201128301298	32.7586539794497	22.4447095436097	22.9966533105712	38.929582824151	35.5385830550034	29.6951900656308	35.7620248032141	36.6884845145631	32.2769175082681	39.439842029406	38.7588725043988	34.1060991349047
355.958780016187	396.279348072359	425.963132033652	419.571104610965	349.382691037251	341.471314283859	496.571708730618	448.820602901216	471.243267473679	344.002258454758	385.293453165219	361.386201387216	756.287849459278	584.233004661894	466.900736433005
413.461464189989	510.657989927681	449.120563153098	517.630121820973	348.786813792731	360.796233032238	458.520236797237	410.278759306354	413.494330009362	296.990590087619	322.08627458048	191.932384468808	572.950341113378	537.684358762004	387.868672230743
452.082669978364	515.906723014732	523.268876256708	597.682726578701	445.716178901417	411.620769340475	582.041168765596	534.246680479441	531.976646150623	391.724430625935	433.181580321069	407.496083541885	726.584202742571	709.249367935887	545.462371681682
319.054072262851	366.973921669657	328.212052596761	399.395244875277	255.631337899342	267.263626290083	313.92464345039	271.1276876262	291.281462352319	210.782795197752	234.806300893204	236.88951956961	473.608144871946	350.919791743258	292.842023606595
85.395777243184	90.9780401755526	110.220465424285	117.150153303992	95.7376106196448	101.069325054023	184.695990692025	159.84019984363	172.948368271689	159.626521307062	150.873346845852	147.55162289494	273.273549793708	213.553787720315	201.814021087919
22.7435989642651	23.4006016797695	30.950797361567	28.4197594126352	23.2392125363038	22.8034041230874	25.318864017211	23.0249974722557	25.2185282466915	23.4466255332331	22.7854798564129	32.8532910352014	30.3637277548565	36.2889443546087	28.460951691886
36.4755832445761	32.8045817940695	34.513479072251	35.5789354478791	32.177371204113	30.1468732474714	33.0755102190155	30.1994532063644	30.1428562475248	32.0910884823544	33.9851224977005	33.4296645621348	36.4694773577352	40.0888338158243	37.8695307635838
28.7513420869011	34.1167650658322	36.9628227483462	39.4839405580122	28.0062304924687	25.5088927478604	34.0999729249142	34.2038005928436	36.4101827940398	34.2225998944665	35.4011692684381	29.9714234005346	49.6710981207163	54.908402714565	42.5738202994327
706.982628181636	780.749046698853	750.612502919729	735.008739618381	555.754843389556	558.490151828157	678.340663120074	644.69992922316	620.316106044359	479.945319627241	540.543671847896	437.467506942419	1028.57127769576	856.305090084929	672.713403626396
1202.19231129035	1248.76108029424	1227.56651693755	1286.91612851719	957.376106196448	874.839071739123	1059.44078971439	983.400978996197	988.446929621803	688.9518553149	788.094393677737	579.255394568025	1510.76047606365	1184.42554506089	1046.93963620318
18.4523538766679	24.2753905276114	21.1534226571861	27.3350357709315	23.2392125363038	22.0304073731522	27.3677894290084	22.1907584334059	24.472417943535	26.880727252747	25.4888418732754	32.2769175082681	31.5188695716173	34.0090106778794	26.5792358775464
19.3106028941873	21.6510239840858	29.169456506225	26.9011463142501	21.2529550545684	19.7114171233467	24.8798085718258	22.6913018567158	26.1138606104794	25.814971546691	24.4589896763754	29.3950498736013	32.6740113883782	41.4187951272498	26.344021400754
18.0232293679082	15.5275020491929	24.4934367609523	21.6944728340726	20.4584520618743	21.0641614357332	22.0991240843865	20.1885847401662	20.8910884883835	18.7099335063173	20.9832385118378	31.1241704544014	28.3834846404093	35.9089554084872	30.8130964598104
31.7552136482192	32.1484901581881	34.0681438584155	40.7856089280566	31.1842424632453	28.7941289350849	39.3686382695361	33.0358659384538	34.4702960058328	33.3936787897562	27.4198147424629	38.617026304535	41.7501256629276	54.5284137684435	39.7512465779234
386.641182392506	424.709985627219	381.429610650103	513.074282525818	350.177194029946	351.327022845532	455.300496864412	454.827123980935	443.189520074993	284.083104314274	358.388564521206	264.555448862412	457.931220215906	622.041904800989	396.336393395272
47.203695963569	47.0199005714996	53.6628932671773	74.1950970925284	55.2179579922433	54.8827692453967	116.349693027068	107.95053162717	114.005654322321	100.773122872633	98.479616328564	74.9285585013366	105.447945844311	151.23560055638	106.316943510186
244.38640773866	268.560176287449	279.002511467938	264.455623847346	217.097942753676	209.288870044946	260.213527298272	246.601059884014	241.441294101461	184.375737147697	195.414454361778	216.716446126943	332.350802708048	354.529686731413	262.264141623577
65.4414875858571	67.1400440718622	77.2656596004586	60.9614686637441	56.0124609849374	56.6220119327508	66.4437240682878	62.4010801059684	63.5685978289384	52.4588641980922	52.1362674680633	43.2280145200019	102.972641951252	72.3878942361567	59.5092626284888
26.3911572887227	22.0884184080068	36.2948199275929	31.6739303377461	31.7801197077659	28.9873781225687	27.8068448743936	31.3673878607542	25.8154164892168	25.4597196446723	29.736982185488	40.9225204122685	37.1295583958843	48.2585961574378	37.8695307635838
334.502554578201	379.220965539443	334.001410376622	367.504369809191	263.37774207811	253.542933978734	339.828914728115	293.151598251835	319.335209751005	232.808413122911	239.311904254641	183.286781564808	367.83015850856	446.677006165891	315.657827855463
122.08592274214	130.999629964317	131.373888081471	152.29519929519	111.031793229007	111.11828280318	156.889145817631	141.820636604474	151.161947419518	110.364924227138	114.056130806677	100.288993686404	178.386900559782	189.804478587718	129.367962235845
34.3299607007775	36.5224343973973	43.6428509558786	47.9447849633005	42.5059101091369	37.8768407468231	58.8334296816116	51.5559726009204	57.0028271611607	64.3005942653817	63.4646416339635	62.8247144357361	100.002277279582	89.6773912846875	72.6812733288658
25.1037837624435	26.899757071137	30.950797361567	38.6161616446493	30.3897394705511	31.499617559858	39.2222864544078	36.2059742860833	34.0226298239389	34.6962690971581	35.6586323176631	50.7208703701356	41.4200851438531	52.0584856186534	40.2216755315083
332.356932034402	381.407937659048	345.13479072251	457.536432070592	304.096020453685	315.769172348515	425.59107839335	380.579849523299	388.723467944565	292.845984564068	329.423971483393	259.368087120011	456.611058139608	594.682700680237	370.698015424895
27.0348440518623	27.1184542830974	32.2868030030735	27.768925227613	28.6021077369893	27.6346338101821	29.7094184710626	28.0304317053548	26.412304731742	25.6965542460181	25.4888418732754	25.3604351850678	30.0336872357819	36.6689333007303	32.4595977973576
477.186453740807	481.7899579489	499.888777530345	478.146181262961	371.827400580861	364.081469219463	455.446848679541	437.308104165089	416.329549161357	294.385409472816	340.237419550843	286.457642885879	647.704518683759	538.634331127308	429.736849099799
43.3415753847316	37.8346176691601	47.2055326665626	54.8870162702038	40.321026879228	40.7755785590799	43.0274336477458	42.879886596882	42.9759534618175	39.314543823401	41.4515509252256	51.8736174240023	52.1464020137752	68.0180213557588	52.9232572783004
618.582979377134	702.018050393086	641.282707923115	686.84700992674	505.303903353478	491.432683771281	600.188793841516	564.612981493575	553.016956699638	395.63220154814	449.916678520695	331.991151513615	659.420957110905	716.089168966075	506.887197487721
16.0921690784894	19.0266574405603	27.8334508647185	28.4197594126352	22.0474580472626	17.3924268735412	22.3918277146432	20.3554325479362	26.7107488530046	23.8018774352518	20.4683124133878	21.9021940234676	33.9941734646763	42.7487564386752	27.7553082615086
880.134367466183	929.681848043928	848.140914749703	863.440018796091	683.272573716967	661.878467131985	789.128987172263	753.65154769695	752.228407642438	570.771389243351	604.008313481859	496.833980216555	1129.89371705164	918.623277248865	789.614998592241
26.1765950343428	27.9932431309393	32.0641353961557	35.7958801762199	32.9718741968071	27.4413846226984	37.3197128577387	32.7021703229139	35.067184248358	32.8015922863918	35.1437062192131	43.2280145200019	54.9517464259087	68.2080158288195	48.2189677424514
175.941048591485	206.450168090677	181.696767244882	249.052548135154	148.969311130153	161.942819111417	214.259057347959	178.360306506097	196.077787669542	137.364068780558	151.517004468915	131.413164140806	210.070790390936	267.322223596516	193.111085446598
432.772067084176	500.81661538946	470.496653417202	499.406764640352	376.7930442852	357.124498470046	411.394952325896	387.754305257408	392.006353278453	270.583532037564	297.88474795333	270.895557658679	577.240867861347	485.245884197229	408.567546188479
27.6785308150018	33.0232790060299	33.1774734307445	34.0603223494941	27.4103532479481	25.895391122828	33.660917479529	26.695649243195	30.5905224294187	29.8411597695694	31.539223530063	36.8879057237349	38.6147407317196	52.6284690378357	31.9891688437727
178.730357898423	217.603725900661	214.874240675627	230.395301497852	186.708203283125	185.132721609472	260.945286373914	227.246714182698	238.009186706941	211.730133603135	211.248431889116	164.842828702941	499.516325619296	331.73034996412	283.198230058105
78.5297851030285	79.824482365569	81.9416793457313	73.9781523641877	64.9506196527466	67.2507172443594	77.12740657266	73.4130354187863	76.1032509219685	61.695413650578	59.4739643709759	53.6027380048023	102.807621691715	107.34687727934	87.7349998435824
14.8047955522103	20.1201435003626	19.5947494087618	26.6842015859094	25.2254700180392	25.7021419353442	28.6849557651639	28.1972795131247	33.2765195207823	26.4070580500555	33.084001825413	30.547796927468	36.6344976172725	42.1787730194929	40.6921044850932
431.270131303517	468.449428019312	468.269977348024	469.685336857673	350.177194029946	344.756550471084	402.613843418193	379.745610484449	390.066466490246	279.464829588031	322.472469154318	292.797751682146	699.850920697534	535.974408504457	387.633457753951
166.929433907531	185.455235742473	201.291516653644	161.623822613841	151.948697352756	154.792599174517	190.696415112288	180.863023622646	176.828141848103	146.48220093237	154.992755633452	173.488431606941	310.403108189592	238.443063691277	219.690321324145
408.955656848012	468.230730807351	417.27909536386	461.007547724044	360.307107186796	352.873016345403	429.835281032073	372.070611327031	390.51413267214	276.267562469863	308.18326992233	248.993363635211	416.841175591127	529.894585366512	376.813591821499
58.3609331913217	60.3604305010878	75.0389835312811	64.215639588855	57.9987184666728	54.1097724954615	60.1505960177671	61.0662976438086	47.6018373413881	51.0378565900175	52.0075359434508	31.1241704544014	78.0545827611256	59.4682700680237	71.9756298984885
378.702378980452	423.397802355456	446.671219477003	397.008852863529	320.780583300262	313.063683723742	411.248600510768	361.726047245293	371.712153032595	283.254183209564	309.341853643842	240.924134258144	673.117638652497	501.395414407395	362.935937690744
299.099782605524	335.48152314735	321.532024389228	371.626319647664	269.137888775143	248.711704291639	344.658524627352	290.148337711976	303.816115445349	208.888118386986	223.091732153466	170.606563972274	355.618659302803	501.015425461273	293.782881513765
50.6366920336468	46.1451117236577	54.5535636948483	60.7445239354034	47.6701795616489	46.7663033710775	56.1990970093007	57.0619502573294	51.3323888571709	49.8536835832886	47.6306641066257	59.3664732741359	75.9093193871412	99.9370928299696	64.4487666411302
430.841006794758	506.065348476511	453.796582898371	595.296334566953	407.182783755751	410.461274215573	539.160086932978	481.6896210319	530.932091726204	444.775381327392	449.015557848407	314.12357217868	986.491111513761	576.063242320281	506.416768534136
740.025215356135	754.067986839677	789.356666523417	801.393826490644	592.699232549834	582.839549451114	674.828219556993	645.36732045424	631.507760591707	447.617396543541	526.898130238971	397.697733584017	1059.92512700784	808.046493927492	653.425816529415
25.962032779963	26.462362647216	32.2868030030735	32.3247645227682	28.6021077369893	27.6346338101821	30.5875293618329	35.2048874394634	31.9335209751005	33.3936787897562	32.6978072515755	39.1933998314684	36.964538136347	41.4187951272498	40.9273189618856
786.585224556564	820.770636487618	808.951415932179	795.753263553785	592.301981053487	600.425225512139	692.3904373724	672.396665312975	649.862074049359	424.052353709635	496.260027381195	378.677407195217	718.663230284782	930.402934578633	659.070963972434
444.358428820689	496.442671150251	494.322087357401	514.375950895862	379.971056255976	380.121151780617	473.448121940332	413.782563269523	443.189520074993	324.463403843731	369.716938687106	304.325222220813	767.344206848275	558.583750798689	432.559422821308
176.584735354624	204.481893183033	177.688750320363	234.734196064666	150.161065619194	154.599349987033	238.114403213886	199.716825900653	208.015552520047	160.929111614464	176.877114817578	141.787887625606	233.008606466616	344.649974132253	200.637948703956
41.4105150953128	45.9264145116972	63.0149327577227	51.6328453450929	42.3072843609634	45.2203098712071	58.6870778664832	53.2244506786201	47.0049490988629	47.8405894718494	51.1064152711633	70.8939438128031	74.0940965322313	87.2074631348974	60.9205494892435
14.5902332978304	13.9966215654696	19.5947494087618	19.5250255506654	13.1092993794534	12.5611971864464	14.3424778825819	15.850541738147	16.2652046088129	12.4338165706539	13.3880785597002	20.1730734426676	16.5020259537263	30.5891101627854	14.1128686075468
331.498683016883	370.035682637103	336.896089266553	385.510782261471	279.66505342834	270.16236410234	314.949106156289	280.638012669088	282.775804896334	215.993156427359	239.826830353091	223.05655492321	462.551787482949	360.609509869358	313.305683087538
64.7978008227175	65.6091635881389	69.6949609652552	81.3542731277724	58.5945957111934	54.8827692453967	73.1759075641936	66.5722753002176	71.3281449817666	47.8405894718494	55.6120186326009	66.8593291242696	116.834343752382	107.156882806279	73.3869167592432
48.7056317442281	50.519055962867	58.1162454055323	50.3311769750485	46.2797993244341	51.5975330581723	62.6385768749497	59.064123950569	59.8380463131556	47.8405894718494	48.0168586804633	58.7900997472026	81.8500487304826	77.3277505357369	71.0347719913187
469.891337091892	515.688025802772	462.925954781998	479.664794361346	354.94421198611	340.118569971473	427.786355620276	397.431478108066	388.574245883933	280.175333392068	321.700080006643	225.362049030943	590.607508883866	508.235215437583	413.977479154705
696.469077717023	778.343377367288	700.957626577071	802.912439589029	539.6661577875	555.398164828416	670.876720548527	599.317325509728	624.195879620773	414.105300453112	464.849535375745	333.720272094415	645.889295828849	850.225266946985	582.626259014889
23.1727234730248	25.3688765874137	33.62280864458	26.2503121292279	28.9993592333364	30.1468732474714	28.3922521349071	28.3641273208947	28.352191519949	25.9333888473639	29.222056087038	46.686255681602	47.0307739681201	39.7088448697027	32.2243833205651
15.6630445697297	24.4940877395719	21.5987578710216	27.1180910425908	24.2323412771715	21.6439089981846	23.5626422356703	22.6913018567158	19.3988678820704	18.4730989049715	17.8936819211378	28.8186763466679	26.0732010068876	40.4688227619459	25.1679490167917
22.7435989642651	28.4306375548602	38.2988283898527	28.2028146842944	28.2048562406422	25.895391122828	27.9531966895219	28.0304317053548	26.5615267923733	26.7623099520741	33.084001825413	36.8879057237349	40.099923067555	31.1590935819677	35.0469570420745
32.1843381569789	29.9615180385834	32.5094706099912	41.4364431130788	33.7663771895013	39.809332621661	75.5175366062478	75.7489047275659	73.8649200124988	86.9182986939045	98.8658109024015	103.747234848005	152.973780591043	111.146766740556	109.139517231695
788.730847100363	810.491867525476	852.37159928114	709.843151130857	580.781687659422	557.523905890738	679.950533086487	668.892861349805	514.368442996128	420.381417388775	494.329054512008	413.259818811218	927.908919378032	741.928417302341	636.960803153944
415.392524479408	455.108898089724	434.201833489609	540.62626302509	381.758687989538	369.105948094041	493.64467242805	442.480386205958	460.200834986962	341.515495140628	374.866199671606	299.714234005346	684.008975781957	577.013214685585	443.614503230553
567.731725089108	600.105149619511	592.073166794292	656.257803230698	469.154017185894	464.957545086002	568.576801773784	527.739615976412	543.765188940497	364.370034170496	419.536038712144	289.339510520546	773.779996970228	689.869931683687	514.884489698664
59.8628689719807	63.6408886804947	72.3669722482681	103.916524875208	72.6970238315145	74.5941863687434	127.03337553144	117.460856670058	117.28853965621	109.891255024446	110.194185068302	124.496681817605	182.677427307751	157.315423694325	131.72010700377
14.1611087890707	16.8396853209557	15.1413972704069	24.2978095741614	17.8763173356183	18.3586728109602	18.4403287061768	18.6869544702365	20.7418664277522	20.249358415065	15.4477829535002	21.3258204965343	24.7530389305895	23.7493091325973	23.5214476792446
28.5367798325213	30.3989124625044	36.5174875345107	42.0872772981009	29.7938622260305	35.17135212205	38.7832310090226	33.0358659384538	37.6039592790903	36.8277805092702	31.539223530063	39.7697733584017	50.8262399374771	65.1681042598471	44.2203216369799
21.6707876923658	17.495776956837	23.1574311194458	22.1283622907541	18.2735688319654	19.7114171233467	21.5137168238729	18.6869544702365	17.1605369726007	19.7756892123734	17.7649503965253	32.2769175082681	23.1028363352169	28.8791599052384	27.5200937847162
94.6219541815179	93.1650122951573	110.665800638121	106.736806343637	94.5458561306036	95.2718494295091	125.277153749899	120.964660633227	116.691651413685	101.720461278016	98.3508848039515	114.698331859738	121.7849515385	111.716750159738	104.670442172638
80.889969901207	86.3853987243829	87.0630343048395	78.1001022026615	72.8956495796881	74.980684743711	74.2003702700923	83.7575995005244	76.5509171038624	65.129515370092	62.6922524862885	68.5884497050697	68.4834077079643	93.4772807459031	87.2645708899975
723.289359514506	786.653871421786	821.866137133408	794.45159518374	587.336337349149	573.95008682686	667.656980615702	634.188517333652	618.077775134889	438.854516293747	509.133179842445	429.974651092286	1007.11864395592	804.056609993215	613.674569951492
175.726486337105	202.95101269931	219.995595634735	203.06026572692	182.53706257148	174.117517922896	200.794690356147	174.189111311848	186.378353728507	142.219178108146	129.375182235565	117.003825967472	301.49201417458	207.28397010931	191.699798585843
962.955397656809	1017.816824464	972.612107016724	967.139598942959	697.176376089115	715.021993690028	835.668864383091	788.022196097563	775.954715282816	501.378851049035	587.916872905297	443.231242211753	1122.79784589154	1057.88922600242	774.561272077525
549.923057975579	618.257018212229	554.887676439028	606.14357098399	450.483196857582	451.236852774653	554.380675706331	498.874945232207	504.37056493383	382.014211970758	410.396100464656	371.184551345083	879.888023852688	624.131844004658	520.294422664891
20.1688519117068	20.1201435003626	24.4934367609523	26.6842015859094	20.2598263137008	21.4506598107008	25.6115676474677	21.1896715867861	22.084864973434	19.8941065130463	23.9440635779254	27.0895557658679	29.7036467167074	39.7088448697027	31.0483109366029
371.407262331536	433.676571317598	407.259053052561	462.96005027911	328.328361730857	325.431631722704	389.003124611253	337.699962926417	368.280045638075	275.912310567844	297.498553379492	225.362049030943	681.863712407972	480.306027897648	377.048806298291
635.318835218763	705.298508572493	653.529426303591	728.500397768159	497.756124922884	504.573628520179	584.675501437907	531.743963362891	557.344396457946	386.750903997673	450.045410045307	360.809827860282	868.33660568508	713.429246343224	540.287653192249
573.954030466124	640.564133832196	670.229496822422	643.024174801913	503.516271619916	485.441958959284	662.38831527108	557.939069182776	604.050901435546	511.089069704212	526.640667189746	377.52466014135	1217.849515385	814.506306011558	646.604596702434
646.690634700896	736.353512670879	603.20654714018	754.099875712365	549.79607094435	563.321381515251	770.103251205573	689.581989513282	701.642129088423	527.312239896399	552.901898210696	398.274107110951	753.15246452807	950.162359776954	680.005052406961
332.356932034402	383.594909778652	341.12677379799	404.384973627114	278.870550435646	269.775865727373	346.853801854277	308.835292182212	321.573540660475	208.769701086313	247.936916403679	174.641178660808	345.55242347103	473.46622686746	300.133672387161
518.8115310905	602.292121739115	564.907718750327	632.176938384877	435.387639996393	428.046950276598	505.206465823192	467.173861755913	482.73336614229	301.135195611171	337.791520583205	268.013690024012	526.249607664333	673.3404125274	454.904798116591
16.0921690784894	19.6827490764417	23.6027663332813	34.0603223494941	17.2804400910977	18.9384203734115	27.8068448743936	26.1951058198851	27.7553032774238	21.9072006244855	29.994445234713	27.0895557658679	32.8390316479154	46.9286348460123	32.9300267509424
22.9581612186449	26.2436654352556	34.7361466791687	32.9755987077904	28.6021077369893	28.6008797476011	25.9042712777245	28.8646707442046	26.7107488530046	28.3017348608218	25.3601103486629	35.7351586698682	35.3143355409744	42.1787730194929	35.9878149492442
382.564499559289	420.33604138801	386.550965609211	432.153898854727	328.328361730857	325.045133347737	443.445999839013	365.396699016232	397.527569521812	294.622244074161	316.293355972917	228.24391666561	399.844088858789	552.883916606866	413.977479154705
656.13137389361	736.57220988284	645.73606006147	838.925264493589	587.733588845496	582.259801888663	830.546550853597	716.778182179787	748.348634066024	528.496412903128	602.077340612672	477.237280300821	853.319762067189	965.551912094877	727.518376719036
630.169341113647	668.776074175096	605.655890816275	647.580014097068	499.941008152792	495.297667520957	651.558280951579	589.80700046684	604.797011738703	448.919986850943	470.899917032532	375.79553956055	665.031645935171	834.265731209879	633.432586002057
31.1115268850796	28.4306375548602	43.6428509558786	43.3889456681453	33.7663771895013	32.6591126847607	42.0029709418471	41.8787997502622	42.5282872799236	38.4856227186907	37.5896051868506	47.8390027354688	62.2126378455483	68.0180213557588	51.0415414639608
414.319713207508	488.350874307714	498.107436675003	451.245034948711	366.265879632002	347.462039095857	421.639579384883	376.07495871351	384.545250246888	288.464544439171	300.45937844558	321.040054501881	726.914243261645	439.647210662642	405.980186943762
411.10127939181	443.95534027974	424.849793999063	447.123085110237	332.698128190674	311.710939411355	389.442180056638	379.245067061139	366.638602971131	280.530585294087	299.172063199455	234.007651934944	541.266451282224	505.00530939555	356.114717863763
22.9581612186449	20.3388407123231	20.4854198364328	23.6469753891392	23.8350897808244	22.6101549356036	31.6119920677316	29.5320619752845	33.4257415814136	26.880727252747	33.598927923863	28.2423028197346	36.7995178768097	38.9488669774596	37.1638873332065
139.465465346909	159.867661943098	144.511276889619	168.566053920744	122.750712371246	117.688755177629	155.864683111732	145.157592759873	155.638609238457	103.970389990801	109.035601346789	106.629102482671	140.762281385286	170.80503128164	139.952613691505
614.935421052677	708.141572327979	700.512291363236	720.039553362871	528.543115889782	529.502773705588	676.877144968791	604.823303166137	634.492201804333	452.235671269784	519.817896385283	363.691695494949	1081.8728215263	774.227477722673	629.198725419793
19.7397274029471	17.7144741687975	23.1574311194458	19.3080808223247	18.6708203283125	16.2329317486385	18.14762507592	19.1874978935464	17.3097590332321	16.5784220942052	19.5671917411003	19.0203263888008	23.1028363352169	27.9291875399345	23.756662156037
484.052445880963	508.689715020037	486.974056329115	476.410623436235	353.355206000722	350.360776908113	404.66276882999	393.093435106047	382.605363458681	258.504967368929	305.351176380855	232.278531354143	528.394871038317	523.054784336324	394.21946310414
43.7706998934913	50.7377531748274	60.7882566885452	59.442855565359	52.0399460214667	42.7080704339179	60.882355093409	52.8907550630801	56.7043830398981	50.2089354853073	47.1157380081757	57.0609791664025	68.318387448427	81.3176344700133	52.6880428015079
242.455347449241	286.055953244286	241.149018291921	333.660992188037	246.693179231533	243.687225417061	328.120769517844	312.005400529842	306.20366841545	216.348408329378	233.518985647079	181.557660984008	323.934769471648	378.468990337071	275.200937847162
24.0309724905442	21.4323267721254	28.278786078554	30.155317239361	20.6570778100478	27.8278829976659	31.9046956979884	28.5309751286647	32.6796312782571	34.5778517964852	33.341464874638	50.1444968432022	54.9517464259087	62.3181871639354	42.8090347762252
477.615578249567	552.866551836051	529.05823403657	564.924072599252	394.470735872644	409.108529903186	476.667861873157	445.650494553587	464.677496805902	330.621103478721	377.312098639243	282.423028197346	722.458696254139	563.71360157133	441.027143985836
36.2610209901962	38.272012093081	52.5495552325886	55.1039609985445	37.738892152972	40.1958309966286	47.1252844713407	46.5505383678213	44.7666181893932	38.8408746207094	42.2239400729007	46.686255681602	64.6879417386073	65.1681042598471	55.0401875694324
32.3989004113588	42.8646535442508	40.7481720659479	50.76506643173	42.5059101091369	43.6743163713368	56.4918006395574	52.5570594475402	55.6598286154789	60.629657944522	51.6213413696133	61.095593854936	107.428188958758	83.7875626198034	63.9783376875453
632.744088166205	669.432165810977	737.920449325417	620.244978326137	523.180220689096	503.220884207792	557.746767454283	520.565160242303	533.618088817567	381.422125467393	423.655447499744	333.143898567481	985.335969697	646.361197352769	555.106165230173
23.8164102361644	23.1819044678091	26.9427804370475	24.5147543025021	19.2666975728331	22.8034041230874	26.0506230928529	22.1907584334059	26.7107488530046	22.3808698271771	27.2910832178504	27.0895557658679	29.5386264571701	45.5986735345869	34.811742565282
345.445229551574	371.129168696906	408.595058694068	357.958801762199	317.205319833138	317.508415035869	367.928463232765	331.693441846698	336.794190844868	285.97778112504	294.79519136263	251.875231269878	568.824834624947	412.098012068829	367.169798273008
694.108892918845	801.087887411176	735.916440863158	783.170469310023	562.309493079283	560.229394515511	669.120498766986	582.132001309422	610.765894163955	511.917990808923	527.413056337421	378.677407195217	1157.94716117298	789.807024513657	613.909784428284
410.886717137431	403.715053279015	513.471501552327	426.730280646209	381.560062241364	356.158252532627	402.760195233321	400.267890840155	374.995038366484	270.228280135545	304.450055708567	288.763136993613	657.27569373692	486.765839981715	431.618564914138
459.806911136038	493.380910182805	498.998107102674	473.807286696147	365.868628135655	353.452763907854	440.518963536445	418.120606271542	421.403099222822	281.596341000143	338.435178206268	261.673581227745	593.907914074611	559.343728690932	423.386058226403
38.192081279615	48.9881754791437	49.8775439495756	59.8767450220405	48.6633083025165	49.8582903708181	73.0295557490652	67.0728187235275	74.7602523762867	62.2875001539425	54.3247033864759	68.0120761781363	83.0051905472435	72.3878942361567	69.1530561769791
227.221427388271	253.907463086098	276.998503005679	222.585291277585	212.330924797511	195.76142692108	242.504957667738	218.403780370889	216.371987915401	178.099620212033	169.668149439278	182.710408037875	372.120685256529	221.343561115807	213.809959404333
26.6057195431026	26.6810598591765	32.9548058238267	27.3350357709315	25.0268442698657	24.3493976229577	27.9531966895219	27.5298882820449	27.1584150348986	26.9991445534199	28.4496669393629	42.0752674661352	53.1365235709988	45.7886680076477	27.2848793079237
451.224420960844	479.602985829295	468.047309741107	491.162864963405	361.10161017949	354.032511470306	433.933131855668	402.937455764475	414.688106494413	282.425262104853	314.748577677567	240.347760731211	618.330912486126	444.397072489161	414.683122585082
420.112894075765	458.608053481091	432.865827848102	484.003688928161	342.430789851178	347.075540720889	454.276034158514	395.429304414826	401.556565158857	308.240233651544	334.830695517118	274.353798820279	763.548740878918	544.14417084607	416.329623922629
23.3872857274047	23.61929889173	29.3921241131428	29.0705935976573	25.2254700180392	25.7021419353442	27.6604930592652	26.0282580121152	27.0091929742673	28.064900259476	22.1418222333503	34.0060380890682	32.1789506097664	32.8690438395147	27.5200937847162
56.2153106475231	57.9547611695227	59.0069158332033	57.2734082819518	53.8275777550285	50.6312871207533	80.0544428752278	70.076079263387	67.2991493447212	77.0896627380543	74.6642842752512	92.2197643093374	130.035964515364	109.436816483009	107.257801417355
896.655661053432	907.156035212001	845.46890346669	848.687777268922	655.067717476325	666.70969681908	806.105797727156	744.141222654061	700.448352603373	512.983746514979	564.745198475046	500.868594905089	771.634733596244	949.782370830833	753.627183642997
33.0425871744983	34.9915539136741	41.6388424936189	47.9447849633005	33.9650029376748	38.4565883092745	64.248446841362	61.0662976438086	65.2100404958828	52.695698799438	62.048594863226	62.2483409088027	77.2294814634393	88.9174133924444	76.9151339111298
11876.2353421796	12570.0596518515	12997.3308833959	12632.2576418238	9481.99596630831	9124.64688542217	11706.3889884894	10952.7243410596	10834.8646003788	7562.95774207575	8511.85713890325	6876.7125498419	16215.5507831697	13069.719801851	10686.0288951576
8510.18269546836	9285.22752820538	9022.71409991407	8839.62990097124	6841.86252158565	6566.22089232426	8315.27108014957	8051.74150736316	7690.00967257397	5300.35837811876	6097.754857845	4659.40359172927	9457.64111459964	9143.10402710385	7778.54274752619
28.1076553237616	20.3388407123231	30.060126933896	23.4300306607985	28.6021077369893	28.4076305601173	28.8313075802923	24.5266277421854	22.6817532159592	26.1702234487097	24.2015266271504	31.7005439813347	31.35384931208	33.0590383125755	32.69481227415
28.3222175781414	32.3671873701485	36.7401551414284	36.446714361242	27.4103532479481	30.1468732474714	38.3441755636374	34.8711918239235	36.8578489759338	38.4856227186907	38.6194573837506	53.6027380048023	53.7966046091479	71.247927397792	47.0428953584892
479.546638538986	528.372464096479	472.945997093297	515.026785080885	383.149068226753	383.599637155326	469.935678377251	450.322233171146	437.369859710372	320.081963718834	356.586323176631	315.276319232547	566.349530731888	627.17175557363	448.318792766402
15.23392006097	18.3705658046789	15.1413972704069	24.5147543025021	15.0955568611888	19.3249187483791	22.9772349751568	20.1885847401662	19.9957561245956	17.8810124016071	14.9328568550502	13.8329646464006	28.5485048999466	36.4789388276695	26.8144503543388
8.79705242957423	8.74788847841852	8.23870145595668	10.6302916886956	7.74640417876794	10.0489577491571	11.1227379497574	7.5081513496486	9.6994339410352	7.46028994239235	8.11008605058763	6.9164823232003	8.74607375547496	15.1995578448623	12.7015817467921
351.882097182969	409.182483578026	431.08448699276	437.794461791586	300.719382734735	297.410499537555	406.418990611531	382.748871024309	391.409465035928	267.14943031805	297.756016428717	274.353798820279	641.928809599955	527.0446682706	419.152197644139
78.3152228486486	75.6692353383202	80.6056737042248	63.9986948605143	67.5327543790026	58.9410021825563	81.3716092113832	80.2537955373551	66.4038169809333	53.879871806167	61.791131814001	34.0060380890682	80.8599271732591	102.59701545282	70.0939140841489
112.001496786287	137.341849111171	108.884459782779	139.712405051428	90.7719669153064	84.4498949304168	135.960836254272	108.61792285825	119.974536747574	81.2342682616056	93.845281442514	96.2543789978709	130.200984774901	167.005141820424	105.846514556601
289.22991890405	334.169339875588	275.662497364172	379.002440411249	231.001745125823	248.131956729188	350.805300862744	306.833118488973	329.631531934566	212.440637407173	247.936916403679	212.105457911476	396.543683668044	390.248647666839	281.78694319735
15.4484823153499	20.1201435003626	19.1494141949263	25.1655884875243	15.2941826093623	19.3249187483791	23.7089940507987	19.3543457013164	24.6216400041663	22.2624525265042	21.1119700364503	32.2769175082681	33.1690721669899	43.6987288039791	33.4004557045273
643.901325393958	732.416962855591	701.625629397824	725.246226843049	530.13212187517	515.009084644304	623.166028816672	560.441786299326	594.649911615773	419.434078983392	474.37566819707	353.893345537082	948.53645182019	711.909290558738	560.280883719606
497.355305652514	570.799723216809	500.779447958016	515.894563994248	402.018514303239	413.746510402797	456.910366830825	415.451041347223	431.848643467013	301.964116715881	324.918368121955	335.449392675215	467.502395269067	622.991877166293	454.434369163006
23.3872857274047	21.6510239840858	24.4934367609523	25.382533215865	19.0680718246595	22.223656560636	21.8064204541297	22.3576062411758	20.8910884883835	21.0782795197752	18.5373395442003	28.8186763466679	29.7036467167074	33.6290217317578	24.9327345399993
29.8241533588004	25.5875737993742	33.8454762514977	31.2400408810646	28.4034819888158	27.0548862477308	28.3922521349071	25.5277145888052	25.8154164892168	27.3543964554386	26.2612310209504	36.8879057237349	32.5089911288409	49.9685464149848	33.1652412277349
531.470704098911	619.787898695952	600.757203464084	612.21802337753	475.311415379274	452.976095462007	604.579348295367	517.061356279134	551.226291972062	453.893513479204	473.088352950945	371.760924872016	918.172724065334	737.938533368064	528.762143829419
204.692390678386	228.101192074763	246.938376071783	232.781693509599	196.639490691802	182.233983797215	260.652582743657	230.750518145867	246.067177981031	222.387690663696	212.664478659853	191.356010941875	462.221746963875	338.190162048186	256.854208657351
43.9852621478712	47.8946894193414	51.8815524118353	50.76506643173	40.1224011310545	37.2970931843717	46.9789326562123	44.8820602901216	41.4837328555044	35.0515209991768	32.826538776188	49.5681233162688	41.7501256629276	53.9584303492611	38.3399597171687
581.034584860659	652.592480490022	610.10924295463	610.916355007486	500.139633900966	497.809906958246	732.490834717578	644.53308141539	656.87551089903	482.550500242045	518.273118089933	504.326836066689	714.867764315425	858.395029288598	703.291285609414
559.578359422673	595.29381095638	570.251741316353	547.351549603653	440.949160945252	428.819947026533	501.840374075239	461.334188483964	447.516959833301	342.462833546011	359.547148242718	295.679619316813	526.084587404796	640.471368687885	478.89667474942
176.799297609004	184.580446894631	180.360761603376	200.673873715172	172.40714941463	165.614553673609	253.18864017211	240.761386612065	242.187404404617	211.730133603135	218.972323365866	225.938422557877	253.636138908774	293.351466405842	261.088069239615
35.4027719726768	32.3671873701485	41.4161748867011	27.768925227613	32.177371204113	29.7603748725038	39.9540455300497	28.5309751286647	31.187410671944	31.4990019789899	28.7071299885879	42.6516409930685	40.4299635866295	48.4485906304986	44.2203216369799
836.149105318312	926.838784288442	877.310371255928	945.011236652205	701.943394045279	661.10547038205	770.981362096343	749.4803525027	762.524729825998	521.154540261409	586.500826134559	444.383989265619	1150.5212494938	885.184249990168	750.334180967903
52.3531900686857	50.7377531748274	60.5655890816275	68.988423612351	51.8413202732931	51.9840314331398	91.7625880854987	86.5940122326139	85.6534628023724	89.4050620080353	91.0131879010389	108.358223063471	109.903492851817	133.756109034788	101.847868451129
34.3299607007775	33.0232790060299	40.0801692451947	39.4839405580122	26.4172245070804	30.7266208099228	44.6373036141581	34.0369527850737	38.2008475216156	30.6700808742797	33.598927923863	42.0752674661352	47.3608144871946	56.8083474451728	39.5160321011309
343.085044753395	425.366077263101	340.681438584155	466.648110660903	318.39707432218	304.174221099487	434.66489093131	397.097782492526	404.839450492746	268.80727252747	284.882863967467	234.007651934944	465.852192673695	455.606746399747	349.293498036782
43.3415753847316	51.6125420226693	63.4602679715582	65.9511974155808	44.8894190872193	40.5823293715962	58.2480224210981	51.5559726009204	56.5551609792668	43.4591493469523	56.7706023541134	58.7900997472026	69.8035697842624	107.726866225462	62.0966218732057
50.4221297792669	52.4873308705111	59.4522510470388	78.3170469310023	64.354742408226	74.2076879937758	164.645792019436	151.497809455132	147.132951782472	125.759173314614	138.643852007665	133.142284721606	218.651843886874	197.974240929331	203.695736902258
493.707747328056	519.4058784061	565.57572157108	464.912552834177	401.621262806892	392.102601404612	432.762317334641	431.63527870091	423.939874253554	303.385124323956	334.058306369443	253.604351850678	665.196666194709	536.544391923639	429.736849099799
379.989752506731	432.583085257796	384.101621933115	451.245034948711	342.828041347525	315.382673973547	428.957170141303	386.252674987478	403.198007825802	284.083104314274	339.979956501618	269.166437077878	667.341929568693	547.184082415043	402.687184268668
570.735596650426	620.443990331834	537.296935492526	597.031892393679	481.866065069001	473.653758522772	608.677199118962	568.784176687824	556.449064094158	410.552781432925	413.356925530744	360.233454333349	524.929445588035	645.791213933587	567.807746976965
832.501546993854	969.484740620733	793.142015841019	947.831518120634	674.731666545505	637.335820321543	859.963265694403	748.479265656081	771.030387281983	557.863903470006	613.663177827797	391.933998314684	878.402841516853	1018.7503645519	728.224020149413
530.827017335772	551.335671352327	604.097217567851	556.463228193963	424.860475343196	432.491681588725	507.109039419861	462.668970946124	476.913705777669	365.198955275207	398.681531724919	331.991151513615	851.339518952742	637.051468172791	480.77839056376
53.426001340585	60.5791277130483	61.4562595092985	74.4120418208692	61.5739819337964	60.2937464949429	78.4445729088155	81.9222736150547	73.2680317699736	66.7873575795125	62.4347894370635	85.3032819861371	98.6821152032835	107.536871752401	84.912426122073
431.699255812277	499.941826541619	446.225884263167	509.603166872366	366.265879632002	355.965003345143	428.957170141303	417.119519424922	408.420779947898	272.951878051022	313.589993956055	256.486219485345	450.835349055804	526.664679324478	383.870026125272
331.498683016883	375.065718512194	371.409568338804	371.192430190983	296.548242023091	288.714286100784	357.830187988907	323.85159488151	340.524742360651	257.676046264218	279.733602982967	284.728522305079	619.651074562424	387.588725043988	352.586500711877
217.566125941177	257.406618477465	262.07977334219	292.007604346618	219.084200235411	223.975808293714	343.780413736581	330.692355000078	329.780753995197	272.241374246984	302.647814363992	315.85269275948	434.16830284254	455.606746399747	359.172506062065
479.332076284606	489.663057579477	548.430315838414	513.074282525818	458.030975288176	445.632626337623	548.233899470938	515.226030393664	504.519786994462	414.578969655804	431.765533550332	387.89938362615	798.533035900818	605.512385644702	513.943631791495
18.0232293679082	22.5258128319277	21.5987578710216	23.2130859324577	18.0749430837919	22.6101549356036	22.3918277146432	18.0195632391566	20.8910884883835	20.8414449184294	20.9832385118378	21.3258204965343	29.0435656785584	30.9690991089069	27.5200937847162
167.78768292505	206.450168090677	203.963527936657	221.717512364222	164.859370984036	156.145343486903	225.089091667459	216.90215010096	220.550205613077	159.389686705716	169.410686390053	154.46810521814	226.407796085125	309.500996616008	206.75352510056
74.667664524191	80.6992712134109	104.208440037506	100.445409221756	84.4159429737532	86.962134367706	103.47073329577	101.109771508601	96.6958952890894	71.8793015084469	88.5672889334014	74.3521849744033	142.577504240196	136.796020603761	114.549450197921
40.3377038234135	37.1785260332787	50.9908819841643	60.5275792070627	49.2591855470372	43.6743163713368	106.690473228594	98.2733587765117	110.722768988433	111.193845331848	98.479616328564	111.240090698138	183.997589384049	137.745992969065	131.249678050185
74.667664524191	70.85789667519	82.3870145595668	134.50573157125	103.682640546586	100.103079116604	240.602384071068	240.427690996525	235.024745494314	232.689995822238	252.313788240504	229.97303724641	435.323444659301	345.789940970617	314.716969948293
53.2114390862051	49.4255699030646	53.6628932671773	83.306775682839	62.5671106746641	57.7815070576536	115.032526690912	110.620096551489	119.52687056568	102.667799683399	98.8658109024015	109.510970117338	145.712889171404	131.476175358059	120.900241071317
590.475324053373	637.939767288671	581.830456876076	633.478606754921	473.921035142059	433.26467833866	530.378978025275	496.872771538967	493.328132447113	366.738380183954	385.035990115994	293.950498736013	779.390685794495	683.980103018803	490.42218411225
733.588347724739	755.380170111439	838.120872438404	729.585121409863	605.609906181114	594.241251512658	688.292586548805	627.014061599543	626.434210530243	478.997981221858	537.711578306421	387.323010099217	1213.06392785842	786.577118471624	642.605950596963
54.4988126124843	59.7043388652064	60.120253867792	79.8356600293873	53.4303262586814	54.3030216829453	99.9582897326884	86.093468809304	93.1145658339379	74.8397340252693	87.9236313103389	70.3175702858697	160.39969227022	148.575677933529	109.845160662072
458.948662118519	491.631332487121	512.135495910821	508.518443230663	400.826759814197	388.044368467453	446.958443402094	411.613541768513	413.345107948731	309.661241259619	333.157185697155	282.423028197346	720.973513918304	546.044115576678	424.797345087158
36.6901454989559	38.709406517002	35.8494847137574	40.1347747430344	38.3347693974926	33.8186078096635	61.614114169051	60.7326020282687	55.3613844942163	54.7087929108772	47.1157380081757	74.9285585013366	61.8825973264738	78.8477063202232	62.5670508267906
504.435860047049	581.515886602871	533.288918568007	583.364374508213	404.004771784974	405.630044528478	559.649341050952	488.196685534929	498.849348690472	368.277805092702	399.968846971044	297.985113424546	659.750997629979	672.960423581278	479.131889226213
31.5406513938393	26.0249682232951	38.2988283898527	31.4569856094053	34.1636286858484	30.1468732474714	34.6853801854278	31.3673878607542	31.4858547932066	30.0779943709152	30.6381028577755	34.0060380890682	35.3143355409744	49.9685464149848	41.3977479154705
420.542018584524	469.324216867154	454.687253326042	475.325899794532	358.122223956887	346.882291533405	419.151598527701	369.234198594941	366.787825031762	259.925974977003	295.567580510305	265.131822389345	400.99923067555	494.745607850268	373.755803623197
23.3872857274047	29.5241236146625	34.9588142860865	32.541709251109	25.0268442698657	28.4076305601173	28.9776593954207	27.1961926665049	27.6060812167925	26.9991445534199	27.8060093163004	42.6516409930685	34.1591937242135	51.8684911455926	32.4595977973576
43.1270131303517	73.9196576426365	62.1242623300517	62.0461923054478	47.6701795616489	48.6987952459154	65.2729095472607	54.2255375252399	59.3903801312617	46.3011645631017	41.4515509252256	30.547796927468	65.6780632958308	100.507076249152	52.4528283247155
218.209812704317	249.533518846888	241.149018291921	251.438940146902	203.194140381528	194.795180983662	279.971022340605	223.075518988448	242.933514707774	190.533436782687	205.455513281553	177.523046295474	286.475170556689	340.660090197976	232.156688594144
37.3338322620955	35.8663427615159	46.7601974527271	42.7381114831231	34.3622544340219	35.3646013095338	38.0514719333807	33.5364093617638	40.2899563704539	29.4859078675507	24.3302581517629	34.5824116160015	45.3805713727474	52.6284690378357	47.7485387888665
704.407881129078	789.059540753351	764.863229762465	758.65571500752	554.563088900515	542.83696764197	665.315351573648	643.69884237654	608.079897072592	438.854516293747	514.926098450008	402.308721799484	936.820013393044	841.86551013231	618.849288440925
482.979634609063	535.808169303134	519.483526939106	529.995971336395	374.210909558944	391.329604654677	427.200948359762	413.615715461753	393.498573884767	286.451450327732	338.56390973088	290.492257574413	666.021767492395	500.25544756903	432.088993867723
21.8853499467456	27.7745459189788	23.6027663332813	24.9486437591835	28.6021077369893	19.9046663108305	26.3433267231097	22.0239106256359	22.2340870340653	25.1044677426536	23.0429429056379	29.3950498736013	32.6740113883782	43.6987288039791	34.5765280884896
571.164721159185	665.276918783729	560.231699005054	686.196175741718	461.208987258953	467.469784523291	552.478102109661	528.740702823032	523.023322512744	358.80442103887	410.524831989269	284.728522305079	535.160701679345	619.381982178138	456.316084977345
205.765201950285	243.191299700035	206.858206826588	323.681534684364	199.817502662578	205.037387920302	268.116525315205	248.436385769484	262.332382589844	184.612571749042	208.158875298416	165.419202229874	398.193886263417	340.470095724915	264.145857437917
27.0348440518623	26.6810598591765	34.2908114653332	30.8061514243832	29.1979849815099	31.8861159348256	29.855770286191	32.8690181306839	35.067184248358	28.7754040635134	31.6679550546755	43.2280145200019	47.0307739681201	48.8285795766201	38.1047452403763
666.001237595083	745.538795573219	700.0669561494	764.296277944379	528.344490141608	518.680819206496	634.727822211815	580.964066655032	590.173249796834	438.854516293747	502.310409037983	331.414777986681	997.712489162294	740.218467044794	597.444771052813
959.736963841111	1063.08714733981	1005.12157762672	970.393769868069	734.915268242087	711.543508315319	854.401896719524	795.864043062752	782.222041829331	553.364046044436	624.09043132141	445.536736319486	1238.14700730809	963.461972891209	827.01410040224
21.2416631836061	21.4323267721254	29.3921241131428	31.0230961527239	23.6364640326509	23.1899024980549	23.8553458659271	24.0260843188755	22.8309752765906	21.1966968204481	22.2705537579628	34.0060380890682	30.693768273931	37.9988946121557	28.460951691886
21.0271009292262	25.8062710113346	35.1814818930042	24.5147543025021	23.6364640326509	25.1223943728929	24.7334567566974	22.5244540489458	24.9200841254289	21.5519487224668	21.6268961349003	31.7005439813347	35.6443760600489	44.0787177501007	33.4004557045273
18.6669161310478	24.2753905276114	26.9427804370475	26.0333674008872	23.8350897808244	26.4751386852794	41.2712118662052	36.2059742860833	39.5438460672974	38.130370816672	35.4011692684381	54.7554850586691	69.6385495247251	64.0281374214824	55.5106165230173
366.901454989559	428.209141018587	371.854903552639	401.781636887025	317.602571329486	320.020654473158	387.100551014584	331.359746231158	344.404515937065	255.544534852106	299.300794724067	202.883481480542	347.697686845014	455.986735345869	334.474985998858
157.703256969197	176.269952840133	165.887367153722	176.376064141011	155.722586568053	166.19430123606	261.823397264685	242.763560305305	238.307630828203	200.006820836519	203.138345838528	243.229628365877	248.850551382193	295.821394555632	239.213122897918
169.075056451329	178.238227747777	180.583429210294	225.405572746015	158.90059853883	166.001052048577	280.995485046503	259.448341082302	261.437050226056	212.559054707846	235.707421565491	163.11370812214	414.86093247668	382.838863217469	302.485817155086
151.051827083421	161.398542426822	189.712801093921	168.566053920744	148.174808137459	152.666858112195	192.745340524086	178.527154313867	190.10890524429	143.758603016894	154.992755633452	149.857117002673	274.263671350932	223.813489265597	184.878578758863
18.0232293679082	23.61929889173	25.8294424024588	31.4569856094053	19.6639490691802	22.223656560636	27.5141412441368	25.8614102043452	28.6506356412117	24.630798539962	24.0727951025379	31.7005439813347	28.7135251594838	42.1787730194929	35.2821715188669
246.532030282458	257.625315689425	269.650471977393	248.835603406813	199.420251166231	192.089692358888	224.796388037203	208.226064096921	218.908762946133	150.034719952557	149.071105501277	118.732946548272	263.53735448101	274.162024626704	214.515602834711
38.4066435339948	40.6776814246461	45.2015242043029	34.4942118061755	33.1704999449807	33.0456110597283	41.2712118662052	39.5429304414826	34.1718518845702	33.8673479924478	33.341464874638	38.0406527776017	47.8558752658064	56.4283584990513	36.2230294260367
25.5329082712033	25.1501793754533	32.732138216909	23.4300306607985	22.6433352917832	19.9046663108305	27.9531966895219	25.0271711654953	23.5770855797471	25.4597196446723	27.2910832178504	34.0060380890682	39.2748217698687	47.4986182651947	31.2835254133953
18.6669161310478	18.5892630166394	24.9387719747878	21.6944728340726	23.2392125363038	19.7114171233467	21.0746613784877	18.1864110469266	18.2050913970199	22.0256179251584	22.3992852825754	17.2912058080008	24.0929578924405	29.0691543782991	26.344021400754
21.0271009292262	25.5875737993742	29.8374593269782	26.2503121292279	23.0405867881303	16.8126793110898	21.2210131936161	20.1885847401662	24.1739738222723	20.249358415065	22.0130907087378	19.5966999157342	37.7896394340333	48.4485906304986	28.6961661686784
572.881219194224	624.161842935162	604.765220388604	656.257803230698	472.927906401191	475.199752022643	575.455337084818	521.566247088923	521.531101906431	399.184720568327	439.875619600919	327.956536825081	814.705021335469	734.138643906849	552.283591508663
29.3950288500407	33.0232790060299	31.3961325754025	29.0705935976573	23.0405867881303	29.3738764975363	23.8553458659271	25.0271711654953	27.1584150348986	25.4597196446723	24.0727951025379	31.7005439813347	30.8587885334683	37.4289111929734	24.6975200632068
32.1843381569789	32.585884582109	45.2015242043029	35.3619907195384	36.9443891602779	33.8186078096635	40.9785082359484	36.3728220938532	37.454737218459	35.1699382998497	33.598927923863	49.5681233162688	42.4102067010767	54.908402714565	45.3963940209421
46.3454469460496	46.5825061475786	53.2175580533418	52.7175689867965	44.4921675908723	51.4042838706885	71.2733339675245	65.5711884535978	63.4193757683071	58.4981465324099	64.108299257026	58.7900997472026	88.945919890585	109.626810956069	83.2659247845259
416.679898005687	473.042069470482	451.569906829193	492.464533333449	349.184065289078	341.278065096375	451.056294225689	403.938542611095	431.997865527645	295.924834381563	339.851224977005	238.61864015041	687.639421491777	517.734939090622	409.273189618856
565.156978036549	659.153396848836	630.81733039798	663.633923994282	492.989106966719	483.122968709478	602.237719253313	501.377662348757	559.881171488678	430.091636043953	459.185348292795	317.581813340281	970.154105819571	738.888505733368	540.993296622626
808.04144999455	862.541803972066	845.246235859772	920.713427078043	625.472480998468	641.973800821154	715.95307960807	668.559165734266	691.793473086757	471.774525880811	542.860839290921	375.219166033616	1030.22148029114	846.045388539647	705.173001423753
579.96177358876	673.587412838226	567.802397640258	733.924015976678	489.413843499595	484.475713021865	644.679745640545	591.64232635231	607.035342648172	434.236241567504	488.922330478283	370.031804291216	614.370426257232	815.076289430741	586.154476166775
